C0_hist_0_0,C0_hist_0_1,C0_hist_0_2,C0_hist_0_3,C0_hist_0_4,C0_hist_1_0,C0_hist_1_1,C0_hist_1_2,C0_hist_1_3,C0_hist_1_4,C0_hist_2_0,C0_hist_2_1,C0_hist_2_2,C0_hist_2_3,C0_hist_2_4,C0_hist_3_0,C0_hist_3_1,C0_hist_3_2,C0_hist_3_3,C0_hist_3_4,C0_hist_4_0,C0_hist_4_1,C0_hist_4_2,C0_hist_4_3,C0_hist_4_4,GS_hist_0_0,GS_hist_0_1,GS_hist_0_2,GS_hist_0_3,GS_hist_0_4,GS_hist_1_0,GS_hist_1_1,GS_hist_1_2,GS_hist_1_3,GS_hist_1_4,GS_hist_2_0,GS_hist_2_1,GS_hist_2_2,GS_hist_2_3,GS_hist_2_4,GS_hist_3_0,GS_hist_3_1,GS_hist_3_2,GS_hist_3_3,GS_hist_3_4,GS_hist_4_0,GS_hist_4_1,GS_hist_4_2,GS_hist_4_3,GS_hist_4_4,RCS_hist_0_0,RCS_hist_0_1,RCS_hist_0_2,RCS_hist_0_3,RCS_hist_0_4,RCS_hist_1_0,RCS_hist_1_1,RCS_hist_1_2,RCS_hist_1_3,RCS_hist_1_4,RCS_hist_2_0,RCS_hist_2_1,RCS_hist_2_2,RCS_hist_2_3,RCS_hist_2_4,RCS_hist_3_0,RCS_hist_3_1,RCS_hist_3_2,RCS_hist_3_3,RCS_hist_3_4,RCS_hist_4_0,RCS_hist_4_1,RCS_hist_4_2,RCS_hist_4_3,RCS_hist_4_4,frozen_Corrected_by_CH_pixels,frozen_Harmed_by_CH_pixels,frozen_Stable_Correct_pixels,frozen_Still_Wrong_pixels,frozen_top20_pixels,image_id
0,0,0,0,0,0,39372,0,0,0,0,98,0,0,0,0,0,0,0,0,0,0,0,0,10706,0,0,0,0,0,0,39372,0,0,0,0,98,0,0,0,0,0,0,0,0,0,0,0,0,10706,0,0,0,0,0,0,39372,0,0,0,0,98,0,0,0,0,0,0,0,0,0,0,0,0,10706,1777,0,37595,98,2172,TCGA-EW-A1PB-DX1_xmin57214_ymin25940_MPP-0.2500+0
0,0,0,0,0,0,11551,0,0,0,0,485,0,0,0,0,0,0,0,0,0,0,0,0,38140,0,0,0,0,0,0,11551,0,0,0,0,485,0,0,0,0,0,0,0,0,0,0,0,0,38140,0,0,0,0,0,0,11551,0,0,0,0,485,0,0,0,0,0,0,0,0,0,0,0,0,38140,810,900,9132,1194,2529,TCGA-EW-A1PB-DX1_xmin57214_ymin25940_MPP-0.2500+1
0,0,0,0,0,0,22181,7657,0,0,0,2286,16380,0,0,0,0,0,0,0,0,0,0,0,1672,0,0,0,0,0,0,22350,7488,0,0,0,2375,16291,0,0,0,0,0,0,0,0,0,0,0,1672,0,0,0,0,0,0,22591,7247,0,0,0,2589,16077,0,0,0,0,0,0,0,0,0,0,0,1672,5034,3783,33725,5962,8439,TCGA-EW-A1PB-DX1_xmin57214_ymin25940_MPP-0.2500+10
0,0,0,0,0,0,11013,0,0,0,0,7687,10994,0,0,0,0,0,0,0,0,0,0,0,20482,0,0,0,0,0,0,11013,0,0,0,0,8863,9818,0,0,0,0,0,0,0,0,0,0,0,20482,0,0,0,0,0,0,11013,0,0,0,0,8698,9983,0,0,0,0,0,0,0,0,0,0,0,20482,10146,896,15358,3294,10605,TCGA-EW-A1PB-DX1_xmin57214_ymin25940_MPP-0.2500+100
0,0,0,0,0,0,18225,192,0,0,0,11880,17610,0,0,0,0,0,0,0,0,0,0,0,2269,0,0,0,0,0,0,18176,241,0,0,0,11610,17880,0,0,0,0,0,0,0,0,0,0,0,2269,0,0,0,0,0,0,18240,177,0,0,0,11589,17901,0,0,0,0,0,0,0,0,0,0,0,2269,10354,1458,26301,9794,13486,TCGA-EW-A1PB-DX1_xmin57214_ymin25940_MPP-0.2500+101
0,0,0,0,0,0,17356,1053,0,0,0,20145,11622,0,0,0,0,0,0,0,0,0,0,0,0,0,0,0,0,0,0,17865,544,0,0,0,20311,11456,0,0,0,0,0,0,0,0,0,0,0,0,0,0,0,0,0,0,17908,501,0,0,0,20413,11354,0,0,0,0,0,0,0,0,0,0,0,0,7870,3152,22263,16891,14125,TCGA-EW-A1PB-DX1_xmin57214_ymin25940_MPP-0.2500+102
0,0,0,0,0,0,28854,0,0,0,0,21322,0,0,0,0,0,0,0,0,0,0,0,0,0,0,0,0,0,0,0,28854,0,0,0,0,21322,0,0,0,0,0,0,0,0,0,0,0,0,0,0,0,0,0,0,0,28854,0,0,0,0,21322,0,0,0,0,0,0,0,0,0,0,0,0,0,3492,2803,25523,18358,12952,TCGA-EW-A1PB-DX1_xmin57214_ymin25940_MPP-0.2500+103
0,0,0,0,0,0,24870,0,0,0,192,25114,0,0,0,0,0,0,0,0,0,0,0,0,0,0,0,0,0,0,0,24870,0,0,0,672,24634,0,0,0,0,0,0,0,0,0,0,0,0,0,0,0,0,0,0,0,24870,0,0,0,480,24826,0,0,0,0,0,0,0,0,0,0,0,0,0,5755,2483,13878,28060,18536,TCGA-EW-A1PB-DX1_xmin57214_ymin25940_MPP-0.2500+104
0,846,0,0,0,64,45991,0,0,0,0,3275,0,0,0,0,0,0,0,0,0,0,0,0,0,0,846,0,0,0,128,45927,0,0,0,0,3275,0,0,0,0,0,0,0,0,0,0,0,0,0,0,846,0,0,0,64,45991,0,0,0,0,3275,0,0,0,0,0,0,0,0,0,0,0,0,0,10446,2346,27623,9761,23068,TCGA-EW-A1PB-DX1_xmin57214_ymin25940_MPP-0.2500+105
0,10090,0,0,0,0,38273,0,0,0,0,1813,0,0,0,0,0,0,0,0,0,0,0,0,0,0,10090,0,0,0,0,38273,0,0,0,0,1813,0,0,0,0,0,0,0,0,0,0,0,0,0,0,10090,0,0,0,0,38273,0,0,0,0,1813,0,0,0,0,0,0,0,0,0,0,0,0,0,5245,4323,30863,9745,8292,TCGA-EW-A1PB-DX1_xmin57214_ymin25940_MPP-0.2500+106
26555,2368,0,0,0,8574,12679,0,0,0,0,0,0,0,0,0,0,0,0,0,0,0,0,0,0,26707,2216,0,0,0,8612,12641,0,0,0,0,0,0,0,0,0,0,0,0,0,0,0,0,0,0,26627,2296,0,0,0,8561,12692,0,0,0,0,0,0,0,0,0,0,0,0,0,0,0,0,0,0,4669,2830,33034,9643,10014,TCGA-EW-A1PB-DX1_xmin57214_ymin25940_MPP-0.2500+107
46283,0,0,0,0,3893,0,0,0,0,0,0,0,0,0,0,0,0,0,0,0,0,0,0,0,46283,0,0,0,0,3893,0,0,0,0,0,0,0,0,0,0,0,0,0,0,0,0,0,0,0,46283,0,0,0,0,3893,0,0,0,0,0,0,0,0,0,0,0,0,0,0,0,0,0,0,0,4179,1172,40596,4229,7148,TCGA-EW-A1PB-DX1_xmin57214_ymin25940_MPP-0.2500+108
26831,8086,0,0,0,4307,8562,0,0,0,0,0,0,0,0,0,0,0,0,0,0,0,0,0,2390,26747,8170,0,0,0,4361,8508,0,0,0,0,0,0,0,0,0,0,0,0,0,0,0,0,0,2390,26662,8255,0,0,0,4298,8571,0,0,0,0,0,0,0,0,0,0,0,0,0,0,0,0,0,2390,3294,2400,32906,9186,8991,TCGA-EW-A1PB-DX1_xmin57214_ymin25940_MPP-0.2500+109
0,0,0,0,0,0,29433,192,0,0,0,3939,15741,0,0,0,0,0,0,0,0,0,0,0,871,0,0,0,0,0,0,29424,201,0,0,0,4035,15645,0,0,0,0,0,0,0,0,0,0,0,871,0,0,0,0,0,0,29412,213,0,0,0,4131,15549,0,0,0,0,0,0,0,0,0,0,0,871,4723,892,39964,3726,6601,TCGA-EW-A1PB-DX1_xmin57214_ymin25940_MPP-0.2500+11
16861,26092,0,0,0,2559,4664,0,0,0,0,0,0,0,0,0,0,0,0,0,0,0,0,0,0,17134,25819,0,0,0,2558,4665,0,0,0,0,0,0,0,0,0,0,0,0,0,0,0,0,0,0,16527,26426,0,0,0,2471,4752,0,0,0,0,0,0,0,0,0,0,0,0,0,0,0,0,0,0,3488,5233,22925,18530,15310,TCGA-EW-A1PB-DX1_xmin57214_ymin25940_MPP-0.2500+110
0,0,0,0,0,0,4665,1766,0,0,0,16450,27295,0,0,0,0,0,0,0,0,0,0,0,0,0,0,0,0,0,0,4703,1728,0,0,0,16177,27568,0,0,0,0,0,0,0,0,0,0,0,0,0,0,0,0,0,0,4752,1679,0,0,0,16446,27299,0,0,0,0,0,0,0,0,0,0,0,0,9736,1250,23029,16161,14049,TCGA-EW-A1PB-DX1_xmin57214_ymin25940_MPP-0.2500+111
0,0,0,0,0,0,4396,857,0,0,0,8770,36153,0,0,0,0,0,0,0,0,0,0,0,0,0,0,0,0,0,0,4358,895,0,0,0,8770,36153,0,0,0,0,0,0,0,0,0,0,0,0,0,0,0,0,0,0,4325,928,0,0,0,9281,35642,0,0,0,0,0,0,0,0,0,0,0,0,13170,701,31359,4946,12320,TCGA-EW-A1PB-DX1_xmin57214_ymin25940_MPP-0.2500+112
0,0,0,0,0,0,0,1458,0,0,0,0,48718,0,0,0,0,0,0,0,0,0,0,0,0,0,0,0,0,0,0,0,1458,0,0,0,0,48718,0,0,0,0,0,0,0,0,0,0,0,0,0,0,0,0,0,0,0,1458,0,0,0,0,48718,0,0,0,0,0,0,0,0,0,0,0,0,20327,87,25682,4080,21325,TCGA-EW-A1PB-DX1_xmin57214_ymin25940_MPP-0.2500+113
0,0,0,0,0,0,0,235,0,0,0,0,49941,0,0,0,0,0,0,0,0,0,0,0,0,0,0,0,0,0,0,0,235,0,0,0,0,49941,0,0,0,0,0,0,0,0,0,0,0,0,0,0,0,0,0,0,0,235,0,0,0,0,49941,0,0,0,0,0,0,0,0,0,0,0,0,18086,0,30820,1270,15007,TCGA-EW-A1PB-DX1_xmin57214_ymin25940_MPP-0.2500+114
0,0,0,0,0,0,0,0,0,0,16,0,50160,0,0,0,0,0,0,0,0,0,0,0,0,0,0,0,0,0,0,0,0,0,0,0,0,50176,0,0,0,0,0,0,0,0,0,0,0,0,0,0,0,0,0,0,0,0,0,0,0,0,50176,0,0,0,0,0,0,0,0,0,0,0,0,17365,0,31686,1125,20196,TCGA-EW-A1PB-DX1_xmin57214_ymin25940_MPP-0.2500+115
0,0,0,0,0,0,0,137,0,0,0,0,50039,0,0,0,0,0,0,0,0,0,0,0,0,0,0,0,0,0,0,0,137,0,0,0,0,50039,0,0,0,0,0,0,0,0,0,0,0,0,0,0,0,0,0,0,0,137,0,0,0,0,50039,0,0,0,0,0,0,0,0,0,0,0,0,20355,10,28965,846,19626,TCGA-EW-A1PB-DX1_xmin57214_ymin25940_MPP-0.2500+116
0,0,292,0,0,0,7980,5081,0,0,0,16624,20199,0,0,0,0,0,0,0,0,0,0,0,0,0,0,292,0,0,0,8319,4742,0,0,0,16998,19825,0,0,0,0,0,0,0,0,0,0,0,0,0,0,292,0,0,0,8512,4549,0,0,0,17163,19660,0,0,0,0,0,0,0,0,0,0,0,0,16348,3697,21283,8848,14645,TCGA-EW-A1PB-DX1_xmin57214_ymin25940_MPP-0.2500+117
0,0,0,0,0,0,35333,160,0,0,0,8682,6001,0,0,0,0,0,0,0,0,0,0,0,0,0,0,0,0,0,0,35366,127,0,0,0,9589,5094,0,0,0,0,0,0,0,0,0,0,0,0,0,0,0,0,0,0,35367,126,0,0,0,9584,5099,0,0,0,0,0,0,0,0,0,0,0,0,7335,860,29178,12803,13537,TCGA-EW-A1PB-DX1_xmin57214_ymin25940_MPP-0.2500+118
0,0,0,0,0,0,21440,89,0,0,0,22377,6270,0,0,0,0,0,0,0,0,0,0,0,0,0,0,0,0,0,0,21411,118,0,0,0,22238,6409,0,0,0,0,0,0,0,0,0,0,0,0,0,0,0,0,0,0,21401,128,0,0,0,22141,6506,0,0,0,0,0,0,0,0,0,0,0,0,9818,763,16791,22804,15349,TCGA-EW-A1PB-DX1_xmin57214_ymin25940_MPP-0.2500+119
0,0,0,0,0,0,15891,8160,0,0,0,3874,22251,0,0,0,0,0,0,0,0,0,0,0,0,0,0,0,0,0,0,16411,7640,0,0,0,4024,22101,0,0,0,0,0,0,0,0,0,0,0,0,0,0,0,0,0,0,16483,7568,0,0,0,4023,22102,0,0,0,0,0,0,0,0,0,0,0,0,7039,4267,29045,9825,11608,TCGA-EW-A1PB-DX1_xmin57214_ymin25940_MPP-0.2500+12
0,400,0,0,0,0,19221,0,0,0,800,29755,0,0,0,0,0,0,0,0,0,0,0,0,0,0,400,0,0,0,98,19123,0,0,0,1150,29405,0,0,0,0,0,0,0,0,0,0,0,0,0,0,400,0,0,0,0,19221,0,0,0,896,29659,0,0,0,0,0,0,0,0,0,0,0,0,0,1836,2114,19124,27102,17865,TCGA-EW-A1PB-DX1_xmin57214_ymin25940_MPP-0.2500+120
2783,0,0,0,0,11294,18425,0,0,0,6841,10833,0,0,0,0,0,0,0,0,0,0,0,0,0,2783,0,0,0,0,11019,18700,0,0,0,6384,11290,0,0,0,0,0,0,0,0,0,0,0,0,0,2783,0,0,0,0,10860,18859,0,0,0,6116,11558,0,0,0,0,0,0,0,0,0,0,0,0,0,2220,4528,20288,23140,13176,TCGA-EW-A1PB-DX1_xmin57214_ymin25940_MPP-0.2500+121
12772,0,0,0,0,19840,0,0,0,0,17564,0,0,0,0,0,0,0,0,0,0,0,0,0,0,12772,0,0,0,0,19840,0,0,0,0,17564,0,0,0,0,0,0,0,0,0,0,0,0,0,0,12772,0,0,0,0,19840,0,0,0,0,17564,0,0,0,0,0,0,0,0,0,0,0,0,0,0,5212,4039,18431,22494,13310,TCGA-EW-A1PB-DX1_xmin57214_ymin25940_MPP-0.2500+122
19471,847,0,0,0,9019,11495,0,0,0,3193,6151,0,0,0,0,0,0,0,0,0,0,0,0,0,19352,966,0,0,0,8935,11579,0,0,0,3136,6208,0,0,0,0,0,0,0,0,0,0,0,0,0,19253,1065,0,0,0,8804,11710,0,0,0,3214,6130,0,0,0,0,0,0,0,0,0,0,0,0,0,5033,4457,23923,16763,10282,TCGA-EW-A1PB-DX1_xmin57214_ymin25940_MPP-0.2500+123
18117,3410,0,0,0,5604,18845,0,0,0,0,0,0,0,0,0,0,0,0,0,0,0,0,0,4200,18055,3472,0,0,0,5490,18959,0,0,0,0,0,0,0,0,0,0,0,0,0,0,0,0,0,4200,17977,3550,0,0,0,5294,19155,0,0,0,0,0,0,0,0,0,0,0,0,0,0,0,0,0,4200,3403,2861,32174,7538,11318,TCGA-EW-A1PB-DX1_xmin57214_ymin25940_MPP-0.2500+124
35299,0,0,0,0,9589,0,0,0,0,0,0,0,0,0,0,0,0,0,0,0,0,0,0,5288,35299,0,0,0,0,9589,0,0,0,0,0,0,0,0,0,0,0,0,0,0,0,0,0,0,5288,35299,0,0,0,0,9589,0,0,0,0,0,0,0,0,0,0,0,0,0,0,0,0,0,0,5288,3683,1533,30427,9245,7296,TCGA-EW-A1PB-DX1_xmin57214_ymin25940_MPP-0.2500+125
0,6747,3881,0,0,0,6446,1924,0,0,0,7454,23724,0,0,0,0,0,0,0,0,0,0,0,0,0,6803,3825,0,0,0,6435,1935,0,0,0,7772,23406,0,0,0,0,0,0,0,0,0,0,0,0,0,6780,3848,0,0,0,6430,1940,0,0,0,7965,23213,0,0,0,0,0,0,0,0,0,0,0,0,12755,1124,25008,11289,14917,TCGA-EW-A1PB-DX1_xmin57214_ymin25940_MPP-0.2500+126
10034,0,10291,0,0,1982,0,5294,0,0,0,0,22575,0,0,0,0,0,0,0,0,0,0,0,0,10260,0,10065,0,0,1980,0,5296,0,0,0,0,22575,0,0,0,0,0,0,0,0,0,0,0,0,9972,0,10353,0,0,1980,0,5296,0,0,0,0,22575,0,0,0,0,0,0,0,0,0,0,0,0,9383,4874,27521,8398,11454,TCGA-EW-A1PB-DX1_xmin57214_ymin25940_MPP-0.2500+127
256,0,12305,0,0,0,0,7831,0,0,0,0,29784,0,0,0,0,0,0,0,0,0,0,0,0,446,0,12115,0,0,2,0,7829,0,0,192,0,29592,0,0,0,0,0,0,0,0,0,0,0,0,256,0,12305,0,0,0,0,7831,0,0,96,0,29688,0,0,0,0,0,0,0,0,0,0,0,0,12799,6900,17575,12902,16921,TCGA-EW-A1PB-DX1_xmin57214_ymin25940_MPP-0.2500+128
0,0,3191,0,0,0,0,2041,0,0,912,0,44032,0,0,0,0,0,0,0,0,0,0,0,0,0,0,3191,0,0,0,0,2041,0,0,1040,0,43904,0,0,0,0,0,0,0,0,0,0,0,0,0,0,3191,0,0,0,0,2041,0,0,1040,0,43904,0,0,0,0,0,0,0,0,0,0,0,0,17197,982,22981,9016,18790,TCGA-EW-A1PB-DX1_xmin57214_ymin25940_MPP-0.2500+129
0,0,0,0,0,0,12694,982,0,0,0,7127,29373,0,0,0,0,0,0,0,0,0,0,0,0,0,0,0,0,0,0,12701,975,0,0,0,6895,29605,0,0,0,0,0,0,0,0,0,0,0,0,0,0,0,0,0,0,12770,906,0,0,0,6321,30179,0,0,0,0,0,0,0,0,0,0,0,0,11837,1580,29335,7424,13419,TCGA-EW-A1PB-DX1_xmin57214_ymin25940_MPP-0.2500+13
256,0,6204,0,0,0,0,3793,0,0,0,0,39923,0,0,0,0,0,0,0,0,0,0,0,0,256,0,6204,0,0,0,0,3793,0,0,0,0,39923,0,0,0,0,0,0,0,0,0,0,0,0,256,0,6204,0,0,0,0,3793,0,0,0,0,39923,0,0,0,0,0,0,0,0,0,0,0,0,12566,2600,29785,5225,15399,TCGA-EW-A1PB-DX1_xmin57214_ymin25940_MPP-0.2500+130
0,5708,64,0,0,0,2413,880,0,0,0,13416,27695,0,0,0,0,0,0,0,0,0,0,0,0,0,5701,71,0,0,0,2399,894,0,0,0,13151,27960,0,0,0,0,0,0,0,0,0,0,0,0,0,5700,72,0,0,0,2394,899,0,0,0,12948,28163,0,0,0,0,0,0,0,0,0,0,0,0,15905,3710,22924,7637,17964,TCGA-EW-A1PB-DX1_xmin57214_ymin25940_MPP-0.2500+131
0,5123,6030,0,0,0,3052,2930,0,0,0,5708,27333,0,0,0,0,0,0,0,0,0,0,0,0,0,6592,4561,0,0,0,3450,2532,0,0,0,6312,26729,0,0,0,0,0,0,0,0,0,0,0,0,0,7277,3876,0,0,0,3568,2414,0,0,0,6993,26048,0,0,0,0,0,0,0,0,0,0,0,0,13965,8442,18329,9440,18504,TCGA-EW-A1PB-DX1_xmin57214_ymin25940_MPP-0.2500+132
0,0,0,0,0,0,13128,258,0,0,0,28601,8189,0,0,0,0,0,0,0,0,0,0,0,0,0,0,0,0,0,0,13123,263,0,0,0,28825,7965,0,0,0,0,0,0,0,0,0,0,0,0,0,0,0,0,0,0,13138,248,0,0,0,28853,7937,0,0,0,0,0,0,0,0,0,0,0,0,3383,1828,18724,26241,13436,TCGA-EW-A1PB-DX1_xmin57214_ymin25940_MPP-0.2500+133
0,0,0,0,0,0,26487,0,0,0,0,23689,0,0,0,0,0,0,0,0,0,0,0,0,0,0,0,0,0,0,0,26487,0,0,0,0,23689,0,0,0,0,0,0,0,0,0,0,0,0,0,0,0,0,0,0,0,26487,0,0,0,0,23689,0,0,0,0,0,0,0,0,0,0,0,0,0,3083,804,20673,25616,16787,TCGA-EW-A1PB-DX1_xmin57214_ymin25940_MPP-0.2500+134
0,0,0,0,0,0,22195,0,0,0,768,27213,0,0,0,0,0,0,0,0,0,0,0,0,0,0,0,0,0,0,0,22195,0,0,0,704,27277,0,0,0,0,0,0,0,0,0,0,0,0,0,0,0,0,0,0,0,22195,0,0,0,800,27181,0,0,0,0,0,0,0,0,0,0,0,0,0,5830,985,19750,23611,11542,TCGA-EW-A1PB-DX1_xmin57214_ymin25940_MPP-0.2500+135
0,0,0,0,0,0,34313,0,0,0,0,15863,0,0,0,0,0,0,0,0,0,0,0,0,0,0,0,0,0,0,0,34313,0,0,0,0,15863,0,0,0,0,0,0,0,0,0,0,0,0,0,0,0,0,0,0,0,34313,0,0,0,0,15863,0,0,0,0,0,0,0,0,0,0,0,0,0,8277,645,30970,10284,20400,TCGA-EW-A1PB-DX1_xmin57214_ymin25940_MPP-0.2500+136
0,0,0,0,0,0,38728,0,0,0,0,11448,0,0,0,0,0,0,0,0,0,0,0,0,0,0,0,0,0,0,0,38728,0,0,0,0,11448,0,0,0,0,0,0,0,0,0,0,0,0,0,0,0,0,0,0,0,38728,0,0,0,0,11448,0,0,0,0,0,0,0,0,0,0,0,0,0,3181,4128,26369,16498,18243,TCGA-EW-A1PB-DX1_xmin57214_ymin25940_MPP-0.2500+137
0,0,0,0,0,0,15684,0,0,0,160,29707,0,0,0,0,0,0,0,0,0,0,0,0,4625,0,0,0,0,0,33,15651,0,0,0,191,29676,0,0,0,0,0,0,0,0,0,0,0,0,4625,0,0,0,0,0,0,15684,0,0,0,96,29771,0,0,0,0,0,0,0,0,0,0,0,0,4625,3075,1804,14712,25960,8840,TCGA-EW-A1PB-DX1_xmin57214_ymin25940_MPP-0.2500+138
0,9125,0,0,0,0,30190,0,0,0,0,97,0,0,0,0,0,0,0,0,0,0,0,0,10764,0,9125,0,0,0,0,30190,0,0,0,0,97,0,0,0,0,0,0,0,0,0,0,0,0,10764,0,9125,0,0,0,0,30190,0,0,0,0,97,0,0,0,0,0,0,0,0,0,0,0,0,10764,2065,4905,16634,15808,14806,TCGA-EW-A1PB-DX1_xmin57214_ymin25940_MPP-0.2500+139
0,0,0,0,0,0,8444,3170,0,0,0,11072,27490,0,0,0,0,0,0,0,0,0,0,0,0,0,0,0,0,0,0,8505,3109,0,0,0,11067,27495,0,0,0,0,0,0,0,0,0,0,0,0,0,0,0,0,0,0,8660,2954,0,0,0,11172,27390,0,0,0,0,0,0,0,0,0,0,0,0,9992,2382,24881,12921,16350,TCGA-EW-A1PB-DX1_xmin57214_ymin25940_MPP-0.2500+14
12557,14916,0,0,0,4399,14307,0,0,0,0,0,0,0,0,0,0,0,0,0,0,0,0,0,3997,12701,14772,0,0,0,4462,14244,0,0,0,0,0,0,0,0,0,0,0,0,0,0,0,0,0,3997,12636,14837,0,0,0,4295,14411,0,0,0,0,0,0,0,0,0,0,0,0,0,0,0,0,0,3997,1945,4526,22373,17335,10328,TCGA-EW-A1PB-DX1_xmin57214_ymin25940_MPP-0.2500+140
11820,932,3746,0,0,170,23260,8114,0,0,0,1601,533,0,0,0,0,0,0,0,0,0,0,0,0,11608,930,3960,0,0,136,23702,7706,0,0,0,1604,530,0,0,0,0,0,0,0,0,0,0,0,0,11377,1059,4062,0,0,132,23782,7630,0,0,0,1536,598,0,0,0,0,0,0,0,0,0,0,0,0,7966,3057,26638,12515,16140,TCGA-EW-A1PB-DX1_xmin57214_ymin25940_MPP-0.2500+141
31773,0,0,0,0,18163,0,0,0,0,240,0,0,0,0,0,0,0,0,0,0,0,0,0,0,31773,0,0,0,0,18163,0,0,0,0,240,0,0,0,0,0,0,0,0,0,0,0,0,0,0,31773,0,0,0,0,18163,0,0,0,0,240,0,0,0,0,0,0,0,0,0,0,0,0,0,0,4638,6351,25972,13215,7891,TCGA-EW-A1PB-DX1_xmin57214_ymin25940_MPP-0.2500+142
12039,1175,1066,0,0,2539,5440,7079,0,0,55,826,19957,0,0,0,0,0,0,0,0,0,0,0,0,12049,1143,1088,0,0,2460,5905,6693,0,0,58,966,19814,0,0,0,0,0,0,0,0,0,0,0,0,12116,1166,998,0,0,2427,6592,6039,0,0,55,1355,19428,0,0,0,0,0,0,0,0,0,0,0,0,9137,6753,26218,8068,11152,TCGA-EW-A1PB-DX1_xmin57214_ymin25940_MPP-0.2500+143
0,0,6813,0,0,0,0,13078,0,0,0,0,30285,0,0,0,0,0,0,0,0,0,0,0,0,0,0,6813,0,0,0,0,13078,0,0,0,0,30285,0,0,0,0,0,0,0,0,0,0,0,0,0,0,6813,0,0,0,0,13078,0,0,0,0,30285,0,0,0,0,0,0,0,0,0,0,0,0,10239,6344,18831,14762,19920,TCGA-EW-A1PB-DX1_xmin57214_ymin25940_MPP-0.2500+144
752,0,5320,0,0,701,0,9015,0,0,595,0,33793,0,0,0,0,0,0,0,0,0,0,0,0,625,0,5447,0,0,764,0,8952,0,0,595,0,33793,0,0,0,0,0,0,0,0,0,0,0,0,625,0,5447,0,0,764,0,8952,0,0,531,0,33857,0,0,0,0,0,0,0,0,0,0,0,0,15733,4312,16886,13245,17807,TCGA-EW-A1PB-DX1_xmin57214_ymin25940_MPP-0.2500+145
0,0,1535,0,0,0,0,346,0,0,0,0,48295,0,0,0,0,0,0,0,0,0,0,0,0,0,0,1535,0,0,0,0,346,0,0,0,0,48295,0,0,0,0,0,0,0,0,0,0,0,0,0,0,1535,0,0,0,0,346,0,0,0,0,48295,0,0,0,0,0,0,0,0,0,0,0,0,18682,374,26792,4328,16662,TCGA-EW-A1PB-DX1_xmin57214_ymin25940_MPP-0.2500+146
400,0,7683,0,0,0,0,9273,0,0,0,0,32820,0,0,0,0,0,0,0,0,0,0,0,0,400,0,7683,0,0,0,0,9273,0,0,0,0,32820,0,0,0,0,0,0,0,0,0,0,0,0,400,0,7683,0,0,0,0,9273,0,0,0,0,32820,0,0,0,0,0,0,0,0,0,0,0,0,9829,4948,24396,11003,15450,TCGA-EW-A1PB-DX1_xmin57214_ymin25940_MPP-0.2500+147
0,0,0,0,0,0,8302,1750,0,0,0,12876,27248,0,0,0,0,0,0,0,0,0,0,0,0,0,0,0,0,0,0,8608,1444,0,0,0,13419,26705,0,0,0,0,0,0,0,0,0,0,0,0,0,0,0,0,0,0,8718,1334,0,0,0,13754,26370,0,0,0,0,0,0,0,0,0,0,0,0,13809,3749,24312,8306,15505,TCGA-EW-A1PB-DX1_xmin57214_ymin25940_MPP-0.2500+148
0,0,0,0,0,0,18548,1732,0,0,0,13403,16493,0,0,0,0,0,0,0,0,0,0,0,0,0,0,0,0,0,0,19189,1091,0,0,0,16526,13370,0,0,0,0,0,0,0,0,0,0,0,0,0,0,0,0,0,0,19408,872,0,0,0,17426,12470,0,0,0,0,0,0,0,0,0,0,0,0,6969,1880,22620,18707,14110,TCGA-EW-A1PB-DX1_xmin57214_ymin25940_MPP-0.2500+149
0,0,0,0,0,0,15478,0,0,0,0,34506,0,0,0,0,0,0,0,0,0,0,0,0,192,0,0,0,0,0,0,15478,0,0,0,0,34506,0,0,0,0,0,0,0,0,0,0,0,0,192,0,0,0,0,0,0,15478,0,0,0,0,34506,0,0,0,0,0,0,0,0,0,0,0,0,192,378,2209,15994,31403,14801,TCGA-EW-A1PB-DX1_xmin57214_ymin25940_MPP-0.2500+15
0,0,0,0,0,0,28849,1453,0,0,0,16405,3469,0,0,0,0,0,0,0,0,0,0,0,0,0,0,0,0,0,0,28890,1412,0,0,0,16483,3391,0,0,0,0,0,0,0,0,0,0,0,0,0,0,0,0,0,0,28735,1567,0,0,0,16186,3688,0,0,0,0,0,0,0,0,0,0,0,0,1710,1373,29938,17155,9615,TCGA-EW-A1PB-DX1_xmin57214_ymin25940_MPP-0.2500+150
0,0,0,0,0,0,23135,1283,0,0,0,10635,15123,0,0,0,0,0,0,0,0,0,0,0,0,0,0,0,0,0,0,23206,1212,0,0,0,10639,15119,0,0,0,0,0,0,0,0,0,0,0,0,0,0,0,0,0,0,23215,1203,0,0,0,10733,15025,0,0,0,0,0,0,0,0,0,0,0,0,9812,1863,31126,7375,13767,TCGA-EW-A1PB-DX1_xmin57214_ymin25940_MPP-0.2500+151
0,0,0,0,0,0,23384,0,0,0,0,16545,0,0,0,0,0,0,0,0,0,0,0,0,10247,0,0,0,0,0,0,23384,0,0,0,0,16545,0,0,0,0,0,0,0,0,0,0,0,0,10247,0,0,0,0,0,0,23384,0,0,0,0,16545,0,0,0,0,0,0,0,0,0,0,0,0,10247,1793,3053,21598,13485,11319,TCGA-EW-A1PB-DX1_xmin57214_ymin25940_MPP-0.2500+152
0,0,0,0,0,0,28395,0,0,0,0,14650,0,0,0,0,0,0,0,0,0,0,0,0,7131,0,0,0,0,0,0,28395,0,0,0,0,14650,0,0,0,0,0,0,0,0,0,0,0,0,7131,0,0,0,0,0,0,28395,0,0,0,0,14650,0,0,0,0,0,0,0,0,0,0,0,0,7131,6703,910,22235,13197,12084,TCGA-EW-A1PB-DX1_xmin57214_ymin25940_MPP-0.2500+153
17205,2021,0,0,0,15007,12352,0,0,0,0,0,0,0,0,0,0,0,0,0,0,0,0,0,3591,17321,1905,0,0,0,15300,12059,0,0,0,0,0,0,0,0,0,0,0,0,0,0,0,0,0,3591,17299,1927,0,0,0,15244,12115,0,0,0,0,0,0,0,0,0,0,0,0,0,0,0,0,0,3591,4342,3747,25105,13391,7575,TCGA-EW-A1PB-DX1_xmin57214_ymin25940_MPP-0.2500+154
36651,2673,0,0,0,2792,7791,0,0,0,0,0,0,0,0,0,0,0,0,0,0,0,0,0,269,36761,2563,0,0,0,2783,7800,0,0,0,0,0,0,0,0,0,0,0,0,0,0,0,0,0,269,36653,2671,0,0,0,2717,7866,0,0,0,0,0,0,0,0,0,0,0,0,0,0,0,0,0,269,1143,1940,42711,4113,4281,TCGA-EW-A1PB-DX1_xmin57214_ymin25940_MPP-0.2500+155
0,9592,172,0,0,0,25045,1800,0,0,0,5548,8019,0,0,0,0,0,0,0,0,0,0,0,0,0,9547,217,0,0,0,24848,1997,0,0,0,5988,7579,0,0,0,0,0,0,0,0,0,0,0,0,0,9505,259,0,0,0,24640,2205,0,0,0,5438,8129,0,0,0,0,0,0,0,0,0,0,0,0,7917,3262,24270,14727,13694,TCGA-EW-A1PB-DX1_xmin57214_ymin25940_MPP-0.2500+156
8803,0,91,0,0,4599,0,9939,0,0,29,0,26715,0,0,0,0,0,0,0,0,0,0,0,0,8779,0,115,0,0,4464,0,10074,0,0,0,0,26744,0,0,0,0,0,0,0,0,0,0,0,0,8780,0,114,0,0,4596,0,9942,0,0,266,0,26478,0,0,0,0,0,0,0,0,0,0,0,0,10808,2959,23438,12971,12713,TCGA-EW-A1PB-DX1_xmin57214_ymin25940_MPP-0.2500+157
0,0,0,0,0,0,11456,304,0,0,0,31068,7348,0,0,0,0,0,0,0,0,0,0,0,0,0,0,0,0,0,0,11419,341,0,0,0,30351,8065,0,0,0,0,0,0,0,0,0,0,0,0,0,0,0,0,0,0,11333,427,0,0,0,29318,9098,0,0,0,0,0,0,0,0,0,0,0,0,3089,1441,17197,28449,16922,TCGA-EW-A1PB-DX1_xmin57214_ymin25940_MPP-0.2500+158
0,0,0,0,0,0,15959,1948,0,0,0,10492,21777,0,0,0,0,0,0,0,0,0,0,0,0,0,0,0,0,0,0,16075,1832,0,0,0,11181,21088,0,0,0,0,0,0,0,0,0,0,0,0,0,0,0,0,0,0,16117,1790,0,0,0,11516,20753,0,0,0,0,0,0,0,0,0,0,0,0,10153,2987,25470,11566,13957,TCGA-EW-A1PB-DX1_xmin57214_ymin25940_MPP-0.2500+159
0,0,0,0,0,0,25492,0,0,0,0,22039,0,0,0,0,0,0,0,0,0,0,0,0,2645,0,0,0,0,0,0,25492,0,0,0,0,22039,0,0,0,0,0,0,0,0,0,0,0,0,2645,0,0,0,0,0,0,25492,0,0,0,0,22039,0,0,0,0,0,0,0,0,0,0,0,0,2645,1565,1521,23621,20824,12168,TCGA-EW-A1PB-DX1_xmin57214_ymin25940_MPP-0.2500+16
0,0,0,0,0,0,15125,68,0,0,0,11574,23409,0,0,0,0,0,0,0,0,0,0,0,0,0,0,0,0,0,0,15115,78,0,0,0,12242,22741,0,0,0,0,0,0,0,0,0,0,0,0,0,0,0,0,0,0,15120,73,0,0,0,12218,22765,0,0,0,0,0,0,0,0,0,0,0,0,10728,1805,31820,5823,11114,TCGA-EW-A1PB-DX1_xmin57214_ymin25940_MPP-0.2500+160
0,1289,0,0,0,0,23384,462,0,0,0,7816,17225,0,0,0,0,0,0,0,0,0,0,0,0,0,1289,0,0,0,0,23358,488,0,0,0,7850,17191,0,0,0,0,0,0,0,0,0,0,0,0,0,1289,0,0,0,0,23358,488,0,0,0,7891,17150,0,0,0,0,0,0,0,0,0,0,0,0,5841,993,35237,8105,8838,TCGA-EW-A1PB-DX1_xmin57214_ymin25940_MPP-0.2500+161
0,9782,0,0,0,0,27187,0,0,0,0,13207,0,0,0,0,0,0,0,0,0,0,0,0,0,0,9782,0,0,0,0,27187,0,0,0,0,13207,0,0,0,0,0,0,0,0,0,0,0,0,0,0,9782,0,0,0,0,27187,0,0,0,0,13207,0,0,0,0,0,0,0,0,0,0,0,0,0,4558,5563,27470,12585,14342,TCGA-EW-A1PB-DX1_xmin57214_ymin25940_MPP-0.2500+162
17297,1357,0,0,0,2824,19712,0,0,0,0,8986,0,0,0,0,0,0,0,0,0,0,0,0,0,17167,1487,0,0,0,2791,19745,0,0,0,0,8986,0,0,0,0,0,0,0,0,0,0,0,0,0,17108,1546,0,0,0,2804,19732,0,0,0,0,8986,0,0,0,0,0,0,0,0,0,0,0,0,0,2648,1810,37689,8029,7665,TCGA-EW-A1PB-DX1_xmin57214_ymin25940_MPP-0.2500+163
0,8041,9713,0,0,0,14268,11510,0,0,0,6055,589,0,0,0,0,0,0,0,0,0,0,0,0,0,8526,9228,0,0,0,14790,10988,0,0,0,6031,613,0,0,0,0,0,0,0,0,0,0,0,0,0,8653,9101,0,0,0,14788,10990,0,0,0,6006,638,0,0,0,0,0,0,0,0,0,0,0,0,1559,8203,20831,19583,15376,TCGA-EW-A1PB-DX1_xmin57214_ymin25940_MPP-0.2500+164
0,2875,0,0,0,0,43200,0,0,0,0,4101,0,0,0,0,0,0,0,0,0,0,0,0,0,0,2875,0,0,0,0,43200,0,0,0,0,4101,0,0,0,0,0,0,0,0,0,0,0,0,0,0,2875,0,0,0,0,43200,0,0,0,0,4101,0,0,0,0,0,0,0,0,0,0,0,0,0,12569,1601,29561,6445,12612,TCGA-EW-A1PB-DX1_xmin57214_ymin25940_MPP-0.2500+165
0,0,0,0,0,0,35826,0,0,0,0,14350,0,0,0,0,0,0,0,0,0,0,0,0,0,0,0,0,0,0,0,35826,0,0,0,0,14350,0,0,0,0,0,0,0,0,0,0,0,0,0,0,0,0,0,0,0,35826,0,0,0,0,14350,0,0,0,0,0,0,0,0,0,0,0,0,0,5810,531,30927,12908,11907,TCGA-EW-A1PB-DX1_xmin57214_ymin25940_MPP-0.2500+166
0,0,0,0,0,0,43760,0,0,0,0,6416,0,0,0,0,0,0,0,0,0,0,0,0,0,0,0,0,0,0,0,43760,0,0,0,0,6416,0,0,0,0,0,0,0,0,0,0,0,0,0,0,0,0,0,0,0,43760,0,0,0,0,6416,0,0,0,0,0,0,0,0,0,0,0,0,0,5808,1157,38618,4593,13507,TCGA-EW-A1PB-DX1_xmin57214_ymin25940_MPP-0.2500+167
0,0,0,0,0,0,26756,0,0,0,0,22012,0,0,0,0,0,0,0,0,0,0,0,0,1408,0,0,0,0,0,0,26756,0,0,0,0,22012,0,0,0,0,0,0,0,0,0,0,0,0,1408,0,0,0,0,0,0,26756,0,0,0,0,22012,0,0,0,0,0,0,0,0,0,0,0,0,1408,3436,2984,24188,18160,8960,TCGA-EW-A1PB-DX1_xmin57214_ymin25940_MPP-0.2500+168
0,0,0,0,0,1,40326,0,0,0,0,2497,0,0,0,0,0,0,0,0,0,0,0,0,7352,0,0,0,0,0,1,40326,0,0,0,0,2497,0,0,0,0,0,0,0,0,0,0,0,0,7352,0,0,0,0,0,1,40326,0,0,0,0,2497,0,0,0,0,0,0,0,0,0,0,0,0,7352,5218,1079,32038,4489,10410,TCGA-EW-A1PB-DX1_xmin57214_ymin25940_MPP-0.2500+169
0,1,0,0,0,0,31967,0,0,0,0,15804,0,0,0,0,0,0,0,0,0,0,0,0,2404,0,1,0,0,0,0,31967,0,0,0,0,15804,0,0,0,0,0,0,0,0,0,0,0,0,2404,0,1,0,0,0,0,31967,0,0,0,0,15804,0,0,0,0,0,0,0,0,0,0,0,0,2404,3129,831,28782,15030,8696,TCGA-EW-A1PB-DX1_xmin57214_ymin25940_MPP-0.2500+17
5725,4007,0,0,0,5651,17453,0,0,0,0,0,0,0,0,0,0,0,0,0,0,0,0,0,17340,5723,4009,0,0,0,5628,17476,0,0,0,0,0,0,0,0,0,0,0,0,0,0,0,0,0,17340,5690,4042,0,0,0,5677,17427,0,0,0,0,0,0,0,0,0,0,0,0,0,0,0,0,0,17340,3355,1469,20347,7665,4766,TCGA-EW-A1PB-DX1_xmin57214_ymin25940_MPP-0.2500+170
0,8206,0,0,0,0,38187,0,0,0,0,3783,0,0,0,0,0,0,0,0,0,0,0,0,0,0,8206,0,0,0,0,38187,0,0,0,0,3783,0,0,0,0,0,0,0,0,0,0,0,0,0,0,8206,0,0,0,0,38187,0,0,0,0,3783,0,0,0,0,0,0,0,0,0,0,0,0,0,4986,2830,35297,7063,10842,TCGA-EW-A1PB-DX1_xmin57214_ymin25940_MPP-0.2500+171
0,200,0,0,0,0,39485,0,0,0,0,10491,0,0,0,0,0,0,0,0,0,0,0,0,0,0,200,0,0,0,0,39485,0,0,0,0,10491,0,0,0,0,0,0,0,0,0,0,0,0,0,0,200,0,0,0,0,39485,0,0,0,0,10491,0,0,0,0,0,0,0,0,0,0,0,0,0,3856,711,36024,9585,9953,TCGA-EW-A1PB-DX1_xmin57214_ymin25940_MPP-0.2500+172
0,0,0,0,0,0,50067,0,0,0,0,109,0,0,0,0,0,0,0,0,0,0,0,0,0,0,0,0,0,0,0,50067,0,0,0,0,109,0,0,0,0,0,0,0,0,0,0,0,0,0,0,0,0,0,0,0,50067,0,0,0,0,109,0,0,0,0,0,0,0,0,0,0,0,0,0,8364,0,40982,830,11179,TCGA-EW-A1PB-DX1_xmin57214_ymin25940_MPP-0.2500+173
0,0,0,0,0,0,45856,0,0,0,0,4320,0,0,0,0,0,0,0,0,0,0,0,0,0,0,0,0,0,0,0,45856,0,0,0,0,4320,0,0,0,0,0,0,0,0,0,0,0,0,0,0,0,0,0,0,0,45856,0,0,0,0,4320,0,0,0,0,0,0,0,0,0,0,0,0,0,3169,789,42775,3443,7346,TCGA-EW-A1PB-DX1_xmin57214_ymin25940_MPP-0.2500+174
0,12241,0,0,0,0,37935,0,0,0,0,0,0,0,0,0,0,0,0,0,0,0,0,0,0,0,12241,0,0,0,0,37935,0,0,0,0,0,0,0,0,0,0,0,0,0,0,0,0,0,0,0,12241,0,0,0,0,37935,0,0,0,0,0,0,0,0,0,0,0,0,0,0,0,0,0,0,8639,2287,36902,2348,9176,TCGA-EW-A1PB-DX1_xmin57214_ymin25940_MPP-0.2500+175
18041,4500,0,0,0,3638,23997,0,0,0,0,0,0,0,0,0,0,0,0,0,0,0,0,0,0,18135,4406,0,0,0,3547,24088,0,0,0,0,0,0,0,0,0,0,0,0,0,0,0,0,0,0,18284,4257,0,0,0,3450,24185,0,0,0,0,0,0,0,0,0,0,0,0,0,0,0,0,0,0,5059,2275,35725,7117,9897,TCGA-EW-A1PB-DX1_xmin57214_ymin25940_MPP-0.2500+176
12839,11610,0,0,0,1317,24410,0,0,0,0,0,0,0,0,0,0,0,0,0,0,0,0,0,0,13023,11426,0,0,0,1326,24401,0,0,0,0,0,0,0,0,0,0,0,0,0,0,0,0,0,0,13363,11086,0,0,0,1359,24368,0,0,0,0,0,0,0,0,0,0,0,0,0,0,0,0,0,0,2731,6760,29898,10787,8892,TCGA-EW-A1PB-DX1_xmin57214_ymin25940_MPP-0.2500+177
15262,14351,0,0,0,2330,18233,0,0,0,0,0,0,0,0,0,0,0,0,0,0,0,0,0,0,14755,14858,0,0,0,2458,18105,0,0,0,0,0,0,0,0,0,0,0,0,0,0,0,0,0,0,14597,15016,0,0,0,2499,18064,0,0,0,0,0,0,0,0,0,0,0,0,0,0,0,0,0,0,6441,5402,22810,15523,15488,TCGA-EW-A1PB-DX1_xmin57214_ymin25940_MPP-0.2500+178
17963,5103,0,0,0,6428,20682,0,0,0,0,0,0,0,0,0,0,0,0,0,0,0,0,0,0,18058,5008,0,0,0,6188,20922,0,0,0,0,0,0,0,0,0,0,0,0,0,0,0,0,0,0,18081,4985,0,0,0,6312,20798,0,0,0,0,0,0,0,0,0,0,0,0,0,0,0,0,0,0,3670,2629,35558,8319,7691,TCGA-EW-A1PB-DX1_xmin57214_ymin25940_MPP-0.2500+179
21335,20996,0,0,0,2024,5821,0,0,0,0,0,0,0,0,0,0,0,0,0,0,0,0,0,0,21489,20842,0,0,0,2075,5770,0,0,0,0,0,0,0,0,0,0,0,0,0,0,0,0,0,0,21359,20972,0,0,0,2030,5815,0,0,0,0,0,0,0,0,0,0,0,0,0,0,0,0,0,0,1622,4555,27160,16839,9826,TCGA-EW-A1PB-DX1_xmin57214_ymin25940_MPP-0.2500+18
12943,5852,0,0,0,13262,15525,0,0,0,792,1802,0,0,0,0,0,0,0,0,0,0,0,0,0,13204,5591,0,0,0,13302,15485,0,0,0,815,1779,0,0,0,0,0,0,0,0,0,0,0,0,0,13200,5595,0,0,0,13217,15570,0,0,0,821,1773,0,0,0,0,0,0,0,0,0,0,0,0,0,3932,5075,27242,13927,13282,TCGA-EW-A1PB-DX1_xmin57214_ymin25940_MPP-0.2500+180
0,5479,0,0,0,0,42672,0,0,0,0,2025,0,0,0,0,0,0,0,0,0,0,0,0,0,0,5479,0,0,0,0,42672,0,0,0,0,2025,0,0,0,0,0,0,0,0,0,0,0,0,0,0,5479,0,0,0,0,42672,0,0,0,0,2025,0,0,0,0,0,0,0,0,0,0,0,0,0,7201,1384,36263,5328,12343,TCGA-EW-A1PB-DX1_xmin57214_ymin25940_MPP-0.2500+181
0,0,0,0,0,0,47687,0,0,0,0,2489,0,0,0,0,0,0,0,0,0,0,0,0,0,0,0,0,0,0,0,47687,0,0,0,0,2489,0,0,0,0,0,0,0,0,0,0,0,0,0,0,0,0,0,0,0,47687,0,0,0,0,2489,0,0,0,0,0,0,0,0,0,0,0,0,0,8187,132,36842,5015,11587,TCGA-EW-A1PB-DX1_xmin57214_ymin25940_MPP-0.2500+182
0,0,0,0,0,0,31182,0,0,0,0,18994,0,0,0,0,0,0,0,0,0,0,0,0,0,0,0,0,0,0,0,31182,0,0,0,0,18994,0,0,0,0,0,0,0,0,0,0,0,0,0,0,0,0,0,0,0,31182,0,0,0,0,18994,0,0,0,0,0,0,0,0,0,0,0,0,0,7077,2282,23359,17458,19723,TCGA-EW-A1PB-DX1_xmin57214_ymin25940_MPP-0.2500+183
0,0,0,0,0,0,33818,0,0,0,0,16022,0,0,0,0,0,0,0,0,0,0,0,0,336,0,0,0,0,0,0,33818,0,0,0,0,16022,0,0,0,0,0,0,0,0,0,0,0,0,336,0,0,0,0,0,0,33818,0,0,0,0,16022,0,0,0,0,0,0,0,0,0,0,0,0,336,6198,2196,27594,13852,11425,TCGA-EW-A1PB-DX1_xmin57214_ymin25940_MPP-0.2500+184
42747,0,0,0,0,7429,0,0,0,0,0,0,0,0,0,0,0,0,0,0,0,0,0,0,0,42747,0,0,0,0,7429,0,0,0,0,0,0,0,0,0,0,0,0,0,0,0,0,0,0,0,42747,0,0,0,0,7429,0,0,0,0,0,0,0,0,0,0,0,0,0,0,0,0,0,0,0,6970,1322,31217,10667,12692,TCGA-EW-A1PB-DX1_xmin57214_ymin25940_MPP-0.2500+19
0,0,0,0,0,0,42692,1256,0,0,0,1263,2657,0,0,0,0,0,0,0,0,0,0,0,2308,0,0,0,0,0,0,42570,1378,0,0,0,1359,2561,0,0,0,0,0,0,0,0,0,0,0,2308,0,0,0,0,0,0,42180,1768,0,0,0,1299,2621,0,0,0,0,0,0,0,0,0,0,0,2308,4923,417,39720,2808,6180,TCGA-EW-A1PB-DX1_xmin57214_ymin25940_MPP-0.2500+2
47168,0,0,0,0,3008,0,0,0,0,0,0,0,0,0,0,0,0,0,0,0,0,0,0,0,47168,0,0,0,0,3008,0,0,0,0,0,0,0,0,0,0,0,0,0,0,0,0,0,0,0,47168,0,0,0,0,3008,0,0,0,0,0,0,0,0,0,0,0,0,0,0,0,0,0,0,0,4610,799,42279,2488,6191,TCGA-EW-A1PB-DX1_xmin57214_ymin25940_MPP-0.2500+20
47614,0,0,0,0,2562,0,0,0,0,0,0,0,0,0,0,0,0,0,0,0,0,0,0,0,47614,0,0,0,0,2562,0,0,0,0,0,0,0,0,0,0,0,0,0,0,0,0,0,0,0,47614,0,0,0,0,2562,0,0,0,0,0,0,0,0,0,0,0,0,0,0,0,0,0,0,0,2170,0,45444,2562,3163,TCGA-EW-A1PB-DX1_xmin57214_ymin25940_MPP-0.2500+21
47615,0,0,0,0,2561,0,0,0,0,0,0,0,0,0,0,0,0,0,0,0,0,0,0,0,47615,0,0,0,0,2561,0,0,0,0,0,0,0,0,0,0,0,0,0,0,0,0,0,0,0,47615,0,0,0,0,2561,0,0,0,0,0,0,0,0,0,0,0,0,0,0,0,0,0,0,0,3340,3799,27066,15971,14780,TCGA-EW-A1PB-DX1_xmin57214_ymin25940_MPP-0.2500+22
0,0,0,0,0,0,35058,0,0,0,0,5423,0,0,0,0,0,0,0,0,0,0,0,0,9695,0,0,0,0,0,0,35058,0,0,0,0,5423,0,0,0,0,0,0,0,0,0,0,0,0,9695,0,0,0,0,0,0,35058,0,0,0,0,5423,0,0,0,0,0,0,0,0,0,0,0,0,9695,5760,1210,25226,8285,7784,TCGA-EW-A1PB-DX1_xmin57214_ymin25940_MPP-0.2500+23
0,0,0,0,0,0,14263,0,0,0,0,27848,0,0,0,0,0,0,0,0,0,0,0,0,8065,0,0,0,0,0,0,14263,0,0,0,16,27832,0,0,0,0,0,0,0,0,0,0,0,0,8065,0,0,0,0,0,0,14263,0,0,0,0,27848,0,0,0,0,0,0,0,0,0,0,0,0,8065,885,1714,14105,25407,5446,TCGA-EW-A1PB-DX1_xmin57214_ymin25940_MPP-0.2500+24
0,0,0,0,0,0,15972,1587,0,0,0,14451,14866,0,0,0,0,0,0,0,0,0,0,0,3300,0,0,0,0,0,0,16115,1444,0,0,0,14785,14532,0,0,0,0,0,0,0,0,0,0,0,3300,0,0,0,0,0,0,16122,1437,0,0,0,14666,14651,0,0,0,0,0,0,0,0,0,0,0,3300,6061,3173,24780,12862,10636,TCGA-EW-A1PB-DX1_xmin57214_ymin25940_MPP-0.2500+25
0,0,0,0,0,0,7019,838,0,0,0,16378,25941,0,0,0,0,0,0,0,0,0,0,0,0,0,0,0,0,0,0,7004,853,0,0,0,16318,26001,0,0,0,0,0,0,0,0,0,0,0,0,0,0,0,0,0,0,6970,887,0,0,0,16205,26114,0,0,0,0,0,0,0,0,0,0,0,0,7797,591,29132,12656,8227,TCGA-EW-A1PB-DX1_xmin57214_ymin25940_MPP-0.2500+26
0,0,0,0,0,0,3848,0,0,0,0,4823,41505,0,0,0,0,0,0,0,0,0,0,0,0,0,0,0,0,0,0,3848,0,0,0,0,4880,41448,0,0,0,0,0,0,0,0,0,0,0,0,0,0,0,0,0,0,3848,0,0,0,0,5384,40944,0,0,0,0,0,0,0,0,0,0,0,0,12737,42,33565,3832,14660,TCGA-EW-A1PB-DX1_xmin57214_ymin25940_MPP-0.2500+27
0,0,0,0,0,0,6634,544,0,0,0,6750,36248,0,0,0,0,0,0,0,0,0,0,0,0,0,0,0,0,0,0,6665,513,0,0,0,7310,35688,0,0,0,0,0,0,0,0,0,0,0,0,0,0,0,0,0,0,6674,504,0,0,0,7868,35130,0,0,0,0,0,0,0,0,0,0,0,0,15227,788,27936,6225,16518,TCGA-EW-A1PB-DX1_xmin57214_ymin25940_MPP-0.2500+28
0,0,0,0,0,0,24282,0,0,0,0,25894,0,0,0,0,0,0,0,0,0,0,0,0,0,0,0,0,0,0,0,24282,0,0,0,0,25894,0,0,0,0,0,0,0,0,0,0,0,0,0,0,0,0,0,0,0,24282,0,0,0,0,25894,0,0,0,0,0,0,0,0,0,0,0,0,0,1877,1952,22728,23619,8352,TCGA-EW-A1PB-DX1_xmin57214_ymin25940_MPP-0.2500+29
0,0,0,0,0,0,46021,0,0,0,0,4155,0,0,0,0,0,0,0,0,0,0,0,0,0,0,0,0,0,0,0,46021,0,0,0,0,4155,0,0,0,0,0,0,0,0,0,0,0,0,0,0,0,0,0,0,0,46021,0,0,0,0,4155,0,0,0,0,0,0,0,0,0,0,0,0,0,4362,335,42240,3239,7279,TCGA-EW-A1PB-DX1_xmin57214_ymin25940_MPP-0.2500+3
0,0,0,0,0,0,16620,0,0,0,0,31930,0,0,0,0,0,0,0,0,0,0,0,0,1626,0,0,0,0,0,0,16620,0,0,0,0,31930,0,0,0,0,0,0,0,0,0,0,0,0,1626,0,0,0,0,0,0,16620,0,0,0,0,31930,0,0,0,0,0,0,0,0,0,0,0,0,1626,3093,1325,13070,31062,14896,TCGA-EW-A1PB-DX1_xmin57214_ymin25940_MPP-0.2500+30
0,3125,0,0,0,0,20794,0,0,0,0,24346,0,0,0,0,0,0,0,0,0,0,0,0,1911,0,3125,0,0,0,0,20794,0,0,0,0,24346,0,0,0,0,0,0,0,0,0,0,0,0,1911,0,3125,0,0,0,0,20794,0,0,0,0,24346,0,0,0,0,0,0,0,0,0,0,0,0,1911,3703,1937,18421,24204,15808,TCGA-EW-A1PB-DX1_xmin57214_ymin25940_MPP-0.2500+31
19178,25388,0,0,0,1746,3864,0,0,0,0,0,0,0,0,0,0,0,0,0,0,0,0,0,0,19635,24931,0,0,0,1750,3860,0,0,0,0,0,0,0,0,0,0,0,0,0,0,0,0,0,0,19886,24680,0,0,0,1745,3865,0,0,0,0,0,0,0,0,0,0,0,0,0,0,0,0,0,0,1668,8765,18216,21527,11000,TCGA-EW-A1PB-DX1_xmin57214_ymin25940_MPP-0.2500+32
45087,0,0,0,0,5089,0,0,0,0,0,0,0,0,0,0,0,0,0,0,0,0,0,0,0,45087,0,0,0,0,5089,0,0,0,0,0,0,0,0,0,0,0,0,0,0,0,0,0,0,0,45087,0,0,0,0,5089,0,0,0,0,0,0,0,0,0,0,0,0,0,0,0,0,0,0,0,5335,708,36940,7193,8112,TCGA-EW-A1PB-DX1_xmin57214_ymin25940_MPP-0.2500+33
42451,0,0,0,0,7725,0,0,0,0,0,0,0,0,0,0,0,0,0,0,0,0,0,0,0,42451,0,0,0,0,7725,0,0,0,0,0,0,0,0,0,0,0,0,0,0,0,0,0,0,0,42451,0,0,0,0,7725,0,0,0,0,0,0,0,0,0,0,0,0,0,0,0,0,0,0,0,5684,964,29644,13884,9408,TCGA-EW-A1PB-DX1_xmin57214_ymin25940_MPP-0.2500+34
44045,0,0,0,0,6131,0,0,0,0,0,0,0,0,0,0,0,0,0,0,0,0,0,0,0,44045,0,0,0,0,6131,0,0,0,0,0,0,0,0,0,0,0,0,0,0,0,0,0,0,0,44045,0,0,0,0,6131,0,0,0,0,0,0,0,0,0,0,0,0,0,0,0,0,0,0,0,7441,1495,28778,12462,8413,TCGA-EW-A1PB-DX1_xmin57214_ymin25940_MPP-0.2500+35
31585,17283,0,0,0,520,788,0,0,0,0,0,0,0,0,0,0,0,0,0,0,0,0,0,0,31845,17023,0,0,0,490,818,0,0,0,0,0,0,0,0,0,0,0,0,0,0,0,0,0,0,31500,17368,0,0,0,478,830,0,0,0,0,0,0,0,0,0,0,0,0,0,0,0,0,0,0,5296,2515,28410,13955,10560,TCGA-EW-A1PB-DX1_xmin57214_ymin25940_MPP-0.2500+36
0,0,0,0,0,0,29428,0,0,0,0,9685,0,0,0,0,0,0,0,0,0,0,0,0,11063,0,0,0,0,0,0,29428,0,0,0,0,9685,0,0,0,0,0,0,0,0,0,0,0,0,11063,0,0,0,0,0,0,29428,0,0,0,0,9685,0,0,0,0,0,0,0,0,0,0,0,0,11063,934,2520,29114,6545,5828,TCGA-EW-A1PB-DX1_xmin57214_ymin25940_MPP-0.2500+37
0,0,0,0,0,0,4239,0,0,0,0,13360,31082,0,0,0,0,0,0,0,0,0,0,0,1495,0,0,0,0,0,0,4239,0,0,0,0,13631,30811,0,0,0,0,0,0,0,0,0,0,0,1495,0,0,0,0,0,0,4239,0,0,0,0,13622,30820,0,0,0,0,0,0,0,0,0,0,0,1495,12843,1322,22831,11685,11922,TCGA-EW-A1PB-DX1_xmin57214_ymin25940_MPP-0.2500+38
0,0,0,0,0,0,0,0,0,0,0,0,50176,0,0,0,0,0,0,0,0,0,0,0,0,0,0,0,0,0,0,0,0,0,0,0,0,50176,0,0,0,0,0,0,0,0,0,0,0,0,0,0,0,0,0,0,0,0,0,0,0,0,50176,0,0,0,0,0,0,0,0,0,0,0,0,17460,10,24386,8320,14869,TCGA-EW-A1PB-DX1_xmin57214_ymin25940_MPP-0.2500+39
0,0,0,0,0,0,46022,0,0,0,0,4154,0,0,0,0,0,0,0,0,0,0,0,0,0,0,0,0,0,0,0,46022,0,0,0,0,4154,0,0,0,0,0,0,0,0,0,0,0,0,0,0,0,0,0,0,0,46022,0,0,0,0,4154,0,0,0,0,0,0,0,0,0,0,0,0,0,4289,335,43148,2404,4179,TCGA-EW-A1PB-DX1_xmin57214_ymin25940_MPP-0.2500+4
0,0,0,0,0,0,0,0,0,0,0,0,50176,0,0,0,0,0,0,0,0,0,0,0,0,0,0,0,0,0,0,0,0,0,0,0,0,50176,0,0,0,0,0,0,0,0,0,0,0,0,0,0,0,0,0,0,0,0,0,0,0,0,50176,0,0,0,0,0,0,0,0,0,0,0,0,7193,0,42408,575,7938,TCGA-EW-A1PB-DX1_xmin57214_ymin25940_MPP-0.2500+40
0,0,0,0,0,0,0,0,0,0,0,0,50176,0,0,0,0,0,0,0,0,0,0,0,0,0,0,0,0,0,0,0,0,0,0,0,0,50176,0,0,0,0,0,0,0,0,0,0,0,0,0,0,0,0,0,0,0,0,0,0,0,0,50176,0,0,0,0,0,0,0,0,0,0,0,0,11424,0,38752,0,11025,TCGA-EW-A1PB-DX1_xmin57214_ymin25940_MPP-0.2500+41
0,0,0,0,0,0,10955,1765,0,0,0,10397,27059,0,0,0,0,0,0,0,0,0,0,0,0,0,0,0,0,0,0,11042,1678,0,0,0,10510,26946,0,0,0,0,0,0,0,0,0,0,0,0,0,0,0,0,0,0,11101,1619,0,0,0,10710,26746,0,0,0,0,0,0,0,0,0,0,0,0,10703,2771,27763,8939,10329,TCGA-EW-A1PB-DX1_xmin57214_ymin25940_MPP-0.2500+42
0,0,0,0,0,0,12261,0,0,0,0,37878,0,0,0,0,0,0,0,0,0,0,0,0,37,0,0,0,0,0,0,12261,0,0,0,0,37878,0,0,0,0,0,0,0,0,0,0,0,0,37,0,0,0,0,0,0,12261,0,0,0,0,37878,0,0,0,0,0,0,0,0,0,0,0,0,37,6848,1921,17731,23639,14806,TCGA-EW-A1PB-DX1_xmin57214_ymin25940_MPP-0.2500+43
0,0,0,0,0,0,37697,0,0,0,0,6626,0,0,0,0,0,0,0,0,0,0,0,0,5853,0,0,0,0,0,0,37697,0,0,0,0,6626,0,0,0,0,0,0,0,0,0,0,0,0,5853,0,0,0,0,0,0,37697,0,0,0,0,6626,0,0,0,0,0,0,0,0,0,0,0,0,5853,3636,1987,24341,14359,13205,TCGA-EW-A1PB-DX1_xmin57214_ymin25940_MPP-0.2500+44
0,6759,0,0,0,0,34494,0,0,0,0,6831,0,0,0,0,0,0,0,0,0,0,0,0,2092,0,6759,0,0,0,0,34494,0,0,0,0,6831,0,0,0,0,0,0,0,0,0,0,0,0,2092,0,6759,0,0,0,0,34494,0,0,0,0,6831,0,0,0,0,0,0,0,0,0,0,0,0,2092,5196,3563,24261,15064,16488,TCGA-EW-A1PB-DX1_xmin57214_ymin25940_MPP-0.2500+45
42619,0,0,0,0,7557,0,0,0,0,0,0,0,0,0,0,0,0,0,0,0,0,0,0,0,42619,0,0,0,0,7557,0,0,0,0,0,0,0,0,0,0,0,0,0,0,0,0,0,0,0,42619,0,0,0,0,7557,0,0,0,0,0,0,0,0,0,0,0,0,0,0,0,0,0,0,0,4592,2237,29776,13571,9098,TCGA-EW-A1PB-DX1_xmin57214_ymin25940_MPP-0.2500+46
46161,0,0,0,0,4015,0,0,0,0,0,0,0,0,0,0,0,0,0,0,0,0,0,0,0,46161,0,0,0,0,4015,0,0,0,0,0,0,0,0,0,0,0,0,0,0,0,0,0,0,0,46161,0,0,0,0,4015,0,0,0,0,0,0,0,0,0,0,0,0,0,0,0,0,0,0,0,6509,465,39423,3779,5616,TCGA-EW-A1PB-DX1_xmin57214_ymin25940_MPP-0.2500+47
47410,0,0,0,0,2766,0,0,0,0,0,0,0,0,0,0,0,0,0,0,0,0,0,0,0,47410,0,0,0,0,2766,0,0,0,0,0,0,0,0,0,0,0,0,0,0,0,0,0,0,0,47410,0,0,0,0,2766,0,0,0,0,0,0,0,0,0,0,0,0,0,0,0,0,0,0,0,4804,479,38317,6576,7059,TCGA-EW-A1PB-DX1_xmin57214_ymin25940_MPP-0.2500+48
46553,0,0,0,0,3623,0,0,0,0,0,0,0,0,0,0,0,0,0,0,0,0,0,0,0,46553,0,0,0,0,3623,0,0,0,0,0,0,0,0,0,0,0,0,0,0,0,0,0,0,0,46553,0,0,0,0,3623,0,0,0,0,0,0,0,0,0,0,0,0,0,0,0,0,0,0,0,3021,828,41443,4884,6103,TCGA-EW-A1PB-DX1_xmin57214_ymin25940_MPP-0.2500+49
0,0,0,0,0,0,40193,0,0,0,0,9983,0,0,0,0,0,0,0,0,0,0,0,0,0,0,0,0,0,0,0,40193,0,0,0,0,9983,0,0,0,0,0,0,0,0,0,0,0,0,0,0,0,0,0,0,0,40193,0,0,0,0,9983,0,0,0,0,0,0,0,0,0,0,0,0,0,4905,910,41518,2843,8427,TCGA-EW-A1PB-DX1_xmin57214_ymin25940_MPP-0.2500+5
48009,0,0,0,0,2167,0,0,0,0,0,0,0,0,0,0,0,0,0,0,0,0,0,0,0,48009,0,0,0,0,2167,0,0,0,0,0,0,0,0,0,0,0,0,0,0,0,0,0,0,0,48009,0,0,0,0,2167,0,0,0,0,0,0,0,0,0,0,0,0,0,0,0,0,0,0,0,5943,1119,37202,5912,5855,TCGA-EW-A1PB-DX1_xmin57214_ymin25940_MPP-0.2500+50
0,0,0,0,0,0,17644,629,0,0,0,1048,6007,0,0,0,0,0,0,0,0,0,0,0,24848,0,0,0,0,0,0,17616,657,0,0,0,992,6063,0,0,0,0,0,0,0,0,0,0,0,24848,0,0,0,0,0,0,17570,703,0,0,0,881,6174,0,0,0,0,0,0,0,0,0,0,0,24848,922,3606,18364,2436,5473,TCGA-EW-A1PB-DX1_xmin57214_ymin25940_MPP-0.2500+51
0,0,0,0,0,0,14107,1854,0,0,0,11225,13073,0,0,0,0,0,0,0,0,0,0,0,9917,0,0,0,0,0,0,14217,1744,0,0,0,11751,12547,0,0,0,0,0,0,0,0,0,0,0,9917,0,0,0,0,0,0,14265,1696,0,0,0,11583,12715,0,0,0,0,0,0,0,0,0,0,0,9917,3326,4134,22014,10785,8153,TCGA-EW-A1PB-DX1_xmin57214_ymin25940_MPP-0.2500+52
0,0,0,0,0,0,5583,1017,0,0,0,1389,42187,0,0,0,0,0,0,0,0,0,0,0,0,0,0,0,0,0,0,5631,969,0,0,0,1396,42180,0,0,0,0,0,0,0,0,0,0,0,0,0,0,0,0,0,0,5733,867,0,0,0,1589,41987,0,0,0,0,0,0,0,0,0,0,0,0,14536,1062,32819,1759,15474,TCGA-EW-A1PB-DX1_xmin57214_ymin25940_MPP-0.2500+53
0,0,0,0,0,0,0,1123,0,0,0,0,49053,0,0,0,0,0,0,0,0,0,0,0,0,0,0,0,0,0,0,0,1123,0,0,0,0,49053,0,0,0,0,0,0,0,0,0,0,0,0,0,0,0,0,0,0,0,1123,0,0,0,0,49053,0,0,0,0,0,0,0,0,0,0,0,0,12284,373,33977,3542,13793,TCGA-EW-A1PB-DX1_xmin57214_ymin25940_MPP-0.2500+54
0,0,0,0,0,0,0,0,0,0,0,0,50176,0,0,0,0,0,0,0,0,0,0,0,0,0,0,0,0,0,0,0,0,0,0,0,0,50176,0,0,0,0,0,0,0,0,0,0,0,0,0,0,0,0,0,0,0,0,0,0,0,0,50176,0,0,0,0,0,0,0,0,0,0,0,0,10142,0,40034,0,12656,TCGA-EW-A1PB-DX1_xmin57214_ymin25940_MPP-0.2500+55
0,0,0,0,0,0,0,0,0,0,0,0,50176,0,0,0,0,0,0,0,0,0,0,0,0,0,0,0,0,0,0,0,0,0,0,0,0,50176,0,0,0,0,0,0,0,0,0,0,0,0,0,0,0,0,0,0,0,0,0,0,0,0,50176,0,0,0,0,0,0,0,0,0,0,0,0,7759,0,41979,438,9680,TCGA-EW-A1PB-DX1_xmin57214_ymin25940_MPP-0.2500+56
0,0,0,0,0,0,7646,334,0,0,0,9639,32557,0,0,0,0,0,0,0,0,0,0,0,0,0,0,0,0,0,0,7606,374,0,0,0,9451,32745,0,0,0,0,0,0,0,0,0,0,0,0,0,0,0,0,0,0,7616,364,0,0,0,9091,33105,0,0,0,0,0,0,0,0,0,0,0,0,9832,909,26304,13131,17080,TCGA-EW-A1PB-DX1_xmin57214_ymin25940_MPP-0.2500+57
0,0,0,0,0,0,11352,81,0,0,0,14403,20480,0,0,0,0,0,0,0,0,0,0,0,3860,0,0,0,0,0,0,11332,101,0,0,0,15487,19396,0,0,0,0,0,0,0,0,0,0,0,3860,0,0,0,0,0,0,11335,98,0,0,0,15043,19840,0,0,0,0,0,0,0,0,0,0,0,3860,9795,905,19411,16205,12273,TCGA-EW-A1PB-DX1_xmin57214_ymin25940_MPP-0.2500+58
0,0,0,0,0,0,35389,4898,0,0,0,1331,1944,0,0,0,0,0,0,0,0,0,0,0,6614,0,0,0,0,0,0,35997,4290,0,0,0,1362,1913,0,0,0,0,0,0,0,0,0,0,0,6614,0,0,0,0,0,0,35937,4350,0,0,0,1321,1954,0,0,0,0,0,0,0,0,0,0,0,6614,7107,840,31840,3775,11241,TCGA-EW-A1PB-DX1_xmin57214_ymin25940_MPP-0.2500+59
0,0,0,0,0,0,38581,0,0,0,0,11595,0,0,0,0,0,0,0,0,0,0,0,0,0,0,0,0,0,0,0,38581,0,0,0,0,11595,0,0,0,0,0,0,0,0,0,0,0,0,0,0,0,0,0,0,0,38581,0,0,0,0,11595,0,0,0,0,0,0,0,0,0,0,0,0,0,3917,336,33095,12828,12767,TCGA-EW-A1PB-DX1_xmin57214_ymin25940_MPP-0.2500+6
10006,4953,0,0,0,5048,30169,0,0,0,0,0,0,0,0,0,0,0,0,0,0,0,0,0,0,10054,4905,0,0,0,5107,30110,0,0,0,0,0,0,0,0,0,0,0,0,0,0,0,0,0,0,9940,5019,0,0,0,5218,29999,0,0,0,0,0,0,0,0,0,0,0,0,0,0,0,0,0,0,8217,1214,30525,10220,9328,TCGA-EW-A1PB-DX1_xmin57214_ymin25940_MPP-0.2500+60
37526,7272,0,0,0,4839,539,0,0,0,0,0,0,0,0,0,0,0,0,0,0,0,0,0,0,37370,7428,0,0,0,4658,720,0,0,0,0,0,0,0,0,0,0,0,0,0,0,0,0,0,0,36956,7842,0,0,0,4476,902,0,0,0,0,0,0,0,0,0,0,0,0,0,0,0,0,0,0,5392,1981,33471,9332,10310,TCGA-EW-A1PB-DX1_xmin57214_ymin25940_MPP-0.2500+61
45629,0,0,0,0,4547,0,0,0,0,0,0,0,0,0,0,0,0,0,0,0,0,0,0,0,45629,0,0,0,0,4547,0,0,0,0,0,0,0,0,0,0,0,0,0,0,0,0,0,0,0,45629,0,0,0,0,4547,0,0,0,0,0,0,0,0,0,0,0,0,0,0,0,0,0,0,0,10899,1829,34304,3144,8201,TCGA-EW-A1PB-DX1_xmin57214_ymin25940_MPP-0.2500+62
47375,0,0,0,0,2801,0,0,0,0,0,0,0,0,0,0,0,0,0,0,0,0,0,0,0,47375,0,0,0,0,2801,0,0,0,0,0,0,0,0,0,0,0,0,0,0,0,0,0,0,0,47375,0,0,0,0,2801,0,0,0,0,0,0,0,0,0,0,0,0,0,0,0,0,0,0,0,3667,1058,40480,4971,10279,TCGA-EW-A1PB-DX1_xmin57214_ymin25940_MPP-0.2500+63
41272,0,0,0,0,8904,0,0,0,0,0,0,0,0,0,0,0,0,0,0,0,0,0,0,0,41272,0,0,0,0,8904,0,0,0,0,0,0,0,0,0,0,0,0,0,0,0,0,0,0,0,41272,0,0,0,0,8904,0,0,0,0,0,0,0,0,0,0,0,0,0,0,0,0,0,0,0,2878,313,38394,8591,4483,TCGA-EW-A1PB-DX1_xmin57214_ymin25940_MPP-0.2500+64
30552,0,0,0,0,19624,0,0,0,0,0,0,0,0,0,0,0,0,0,0,0,0,0,0,0,30552,0,0,0,0,19624,0,0,0,0,0,0,0,0,0,0,0,0,0,0,0,0,0,0,0,30552,0,0,0,0,19624,0,0,0,0,0,0,0,0,0,0,0,0,0,0,0,0,0,0,0,2504,2836,28979,15857,5706,TCGA-EW-A1PB-DX1_xmin57214_ymin25940_MPP-0.2500+65
0,0,0,0,0,0,26811,370,0,0,0,6418,9115,0,0,0,0,0,0,0,0,0,0,0,7462,0,0,0,0,0,0,26858,323,0,0,0,6815,8718,0,0,0,0,0,0,0,0,0,0,0,7462,0,0,0,0,0,0,26893,288,0,0,0,6886,8647,0,0,0,0,0,0,0,0,0,0,0,7462,104,4291,27762,10557,4808,TCGA-EW-A1PB-DX1_xmin57214_ymin25940_MPP-0.2500+66
0,0,0,0,0,0,1316,9,0,0,0,10126,38040,0,0,0,0,0,0,0,0,0,0,0,685,0,0,0,0,0,0,1318,7,0,0,0,11151,37015,0,0,0,0,0,0,0,0,0,0,0,685,0,0,0,0,0,0,1321,4,0,0,0,11152,37014,0,0,0,0,0,0,0,0,0,0,0,685,18549,573,24254,6115,12342,TCGA-EW-A1PB-DX1_xmin57214_ymin25940_MPP-0.2500+67
0,0,0,0,0,0,0,104,0,0,0,0,50072,0,0,0,0,0,0,0,0,0,0,0,0,0,0,0,0,0,0,0,104,0,0,0,0,50072,0,0,0,0,0,0,0,0,0,0,0,0,0,0,0,0,0,0,0,104,0,0,0,0,50072,0,0,0,0,0,0,0,0,0,0,0,0,8017,104,42055,0,9641,TCGA-EW-A1PB-DX1_xmin57214_ymin25940_MPP-0.2500+68
0,0,0,0,0,0,0,7411,0,0,16,0,42749,0,0,0,0,0,0,0,0,0,0,0,0,0,0,0,0,0,0,0,7411,0,0,16,0,42749,0,0,0,0,0,0,0,0,0,0,0,0,0,0,0,0,0,0,0,7411,0,0,0,0,42765,0,0,0,0,0,0,0,0,0,0,0,0,11284,3134,33468,2290,15835,TCGA-EW-A1PB-DX1_xmin57214_ymin25940_MPP-0.2500+69
0,0,0,0,0,0,21942,0,0,0,0,27990,0,0,0,0,0,0,0,0,0,0,0,0,244,0,0,0,0,0,0,21942,0,0,0,0,27990,0,0,0,0,0,0,0,0,0,0,0,0,244,0,0,0,0,0,0,21942,0,0,0,0,27990,0,0,0,0,0,0,0,0,0,0,0,0,244,3114,637,18878,27303,12254,TCGA-EW-A1PB-DX1_xmin57214_ymin25940_MPP-0.2500+7
0,0,0,0,0,0,0,0,0,0,0,0,50176,0,0,0,0,0,0,0,0,0,0,0,0,0,0,0,0,0,0,0,0,0,0,0,0,50176,0,0,0,0,0,0,0,0,0,0,0,0,0,0,0,0,0,0,0,0,0,0,0,0,50176,0,0,0,0,0,0,0,0,0,0,0,0,5430,0,44746,0,8103,TCGA-EW-A1PB-DX1_xmin57214_ymin25940_MPP-0.2500+70
0,0,0,0,0,0,0,3098,0,0,0,0,47078,0,0,0,0,0,0,0,0,0,0,0,0,0,0,0,0,0,0,0,3098,0,0,0,0,47078,0,0,0,0,0,0,0,0,0,0,0,0,0,0,0,0,0,0,0,3098,0,0,0,0,47078,0,0,0,0,0,0,0,0,0,0,0,0,11687,1351,35318,1820,12644,TCGA-EW-A1PB-DX1_xmin57214_ymin25940_MPP-0.2500+71
0,0,0,0,0,0,11918,37,0,0,0,6550,31671,0,0,0,0,0,0,0,0,0,0,0,0,0,0,0,0,0,0,11924,31,0,0,0,6981,31240,0,0,0,0,0,0,0,0,0,0,0,0,0,0,0,0,0,0,11923,32,0,0,0,7413,30808,0,0,0,0,0,0,0,0,0,0,0,0,15649,366,26712,7449,17485,TCGA-EW-A1PB-DX1_xmin57214_ymin25940_MPP-0.2500+72
0,0,0,0,0,0,25432,0,0,0,0,3160,0,0,0,0,0,0,0,0,0,0,0,0,21584,0,0,0,0,0,0,25432,0,0,0,0,3160,0,0,0,0,0,0,0,0,0,0,0,0,21584,0,0,0,0,0,0,25432,0,0,0,0,3160,0,0,0,0,0,0,0,0,0,0,0,0,21584,3763,1139,20601,3089,7873,TCGA-EW-A1PB-DX1_xmin57214_ymin25940_MPP-0.2500+73
0,0,0,0,0,0,30238,625,0,0,0,7107,8208,0,0,0,0,0,0,0,0,0,0,0,3998,0,0,0,0,0,0,30044,819,0,0,0,7303,8012,0,0,0,0,0,0,0,0,0,0,0,3998,0,0,0,0,0,0,29990,873,0,0,0,6658,8657,0,0,0,0,0,0,0,0,0,0,0,3998,9951,704,26433,9090,16732,TCGA-EW-A1PB-DX1_xmin57214_ymin25940_MPP-0.2500+74
15911,0,0,0,0,34265,0,0,0,0,0,0,0,0,0,0,0,0,0,0,0,0,0,0,0,15911,0,0,0,0,34265,0,0,0,0,0,0,0,0,0,0,0,0,0,0,0,0,0,0,0,15911,0,0,0,0,34265,0,0,0,0,0,0,0,0,0,0,0,0,0,0,0,0,0,0,0,3659,4159,20675,21683,12873,TCGA-EW-A1PB-DX1_xmin57214_ymin25940_MPP-0.2500+75
46835,0,0,0,0,3341,0,0,0,0,0,0,0,0,0,0,0,0,0,0,0,0,0,0,0,46835,0,0,0,0,3341,0,0,0,0,0,0,0,0,0,0,0,0,0,0,0,0,0,0,0,46835,0,0,0,0,3341,0,0,0,0,0,0,0,0,0,0,0,0,0,0,0,0,0,0,0,5364,1055,34482,9275,13961,TCGA-EW-A1PB-DX1_xmin57214_ymin25940_MPP-0.2500+76
39169,0,0,0,0,11007,0,0,0,0,0,0,0,0,0,0,0,0,0,0,0,0,0,0,0,39169,0,0,0,0,11007,0,0,0,0,0,0,0,0,0,0,0,0,0,0,0,0,0,0,0,39169,0,0,0,0,11007,0,0,0,0,0,0,0,0,0,0,0,0,0,0,0,0,0,0,0,4609,3443,33580,8544,8571,TCGA-EW-A1PB-DX1_xmin57214_ymin25940_MPP-0.2500+77
44585,0,0,0,0,5591,0,0,0,0,0,0,0,0,0,0,0,0,0,0,0,0,0,0,0,44585,0,0,0,0,5591,0,0,0,0,0,0,0,0,0,0,0,0,0,0,0,0,0,0,0,44585,0,0,0,0,5591,0,0,0,0,0,0,0,0,0,0,0,0,0,0,0,0,0,0,0,7183,1218,36178,5597,8862,TCGA-EW-A1PB-DX1_xmin57214_ymin25940_MPP-0.2500+78
45892,0,0,0,0,4284,0,0,0,0,0,0,0,0,0,0,0,0,0,0,0,0,0,0,0,45892,0,0,0,0,4284,0,0,0,0,0,0,0,0,0,0,0,0,0,0,0,0,0,0,0,45892,0,0,0,0,4284,0,0,0,0,0,0,0,0,0,0,0,0,0,0,0,0,0,0,0,5678,1141,38709,4648,7488,TCGA-EW-A1PB-DX1_xmin57214_ymin25940_MPP-0.2500+79
0,0,0,0,0,64,40187,0,0,0,0,8310,0,0,0,0,0,0,0,0,0,0,0,0,1615,0,0,0,0,0,160,40091,0,0,0,0,8310,0,0,0,0,0,0,0,0,0,0,0,0,1615,0,0,0,0,0,64,40187,0,0,0,0,8310,0,0,0,0,0,0,0,0,0,0,0,0,1615,5901,2005,28675,11980,11466,TCGA-EW-A1PB-DX1_xmin57214_ymin25940_MPP-0.2500+8
38658,0,0,0,0,11518,0,0,0,0,0,0,0,0,0,0,0,0,0,0,0,0,0,0,0,38658,0,0,0,0,11518,0,0,0,0,0,0,0,0,0,0,0,0,0,0,0,0,0,0,0,38658,0,0,0,0,11518,0,0,0,0,0,0,0,0,0,0,0,0,0,0,0,0,0,0,0,4483,2325,35664,7704,6645,TCGA-EW-A1PB-DX1_xmin57214_ymin25940_MPP-0.2500+80
0,0,0,0,0,0,31994,606,0,0,0,6995,10581,0,0,0,0,0,0,0,0,0,0,0,0,0,0,0,0,0,0,32009,591,0,0,0,7263,10313,0,0,0,0,0,0,0,0,0,0,0,0,0,0,0,0,0,0,32180,420,0,0,0,7383,10193,0,0,0,0,0,0,0,0,0,0,0,0,9510,795,32230,7641,10380,TCGA-EW-A1PB-DX1_xmin57214_ymin25940_MPP-0.2500+81
0,0,0,0,0,0,0,0,0,0,0,0,50176,0,0,0,0,0,0,0,0,0,0,0,0,0,0,0,0,0,0,0,0,0,0,0,0,50176,0,0,0,0,0,0,0,0,0,0,0,0,0,0,0,0,0,0,0,0,0,0,0,0,50176,0,0,0,0,0,0,0,0,0,0,0,0,18107,0,29793,2276,13167,TCGA-EW-A1PB-DX1_xmin57214_ymin25940_MPP-0.2500+82
0,0,0,0,0,336,0,10313,0,0,0,0,39527,0,0,0,0,0,0,0,0,0,0,0,0,0,0,0,0,0,336,0,10313,0,0,0,0,39527,0,0,0,0,0,0,0,0,0,0,0,0,0,0,0,0,0,336,0,10313,0,0,0,0,39527,0,0,0,0,0,0,0,0,0,0,0,0,8010,1416,31761,8989,10951,TCGA-EW-A1PB-DX1_xmin57214_ymin25940_MPP-0.2500+83
0,0,0,0,0,0,0,13050,0,0,0,0,37126,0,0,0,0,0,0,0,0,0,0,0,0,0,0,0,0,0,0,0,13050,0,0,0,0,37126,0,0,0,0,0,0,0,0,0,0,0,0,0,0,0,0,0,0,0,13050,0,0,0,0,37126,0,0,0,0,0,0,0,0,0,0,0,0,7637,3270,29587,9682,12274,TCGA-EW-A1PB-DX1_xmin57214_ymin25940_MPP-0.2500+84
0,0,0,0,0,0,0,4438,0,0,0,0,45738,0,0,0,0,0,0,0,0,0,0,0,0,0,0,0,0,0,0,0,4438,0,0,0,0,45738,0,0,0,0,0,0,0,0,0,0,0,0,0,0,0,0,0,0,0,4438,0,0,0,0,45738,0,0,0,0,0,0,0,0,0,0,0,0,17003,1728,29079,2366,17287,TCGA-EW-A1PB-DX1_xmin57214_ymin25940_MPP-0.2500+85
0,0,0,0,0,0,0,3003,0,0,0,0,47173,0,0,0,0,0,0,0,0,0,0,0,0,0,0,0,0,0,0,0,3003,0,0,0,0,47173,0,0,0,0,0,0,0,0,0,0,0,0,0,0,0,0,0,0,0,3003,0,0,0,0,47173,0,0,0,0,0,0,0,0,0,0,0,0,16310,318,31756,1792,16945,TCGA-EW-A1PB-DX1_xmin57214_ymin25940_MPP-0.2500+86
0,0,0,0,0,0,12361,126,0,0,0,21380,16309,0,0,0,0,0,0,0,0,0,0,0,0,0,0,0,0,0,96,12265,126,0,0,0,21299,16390,0,0,0,0,0,0,0,0,0,0,0,0,0,0,0,0,0,96,12265,126,0,0,0,21422,16267,0,0,0,0,0,0,0,0,0,0,0,0,13284,473,22527,13892,15419,TCGA-EW-A1PB-DX1_xmin57214_ymin25940_MPP-0.2500+87
0,0,0,0,0,0,21730,280,0,0,0,20452,7714,0,0,0,0,0,0,0,0,0,0,0,0,0,0,0,0,0,0,21732,278,0,0,0,20958,7208,0,0,0,0,0,0,0,0,0,0,0,0,0,0,0,0,0,0,21718,292,0,0,0,20979,7187,0,0,0,0,0,0,0,0,0,0,0,0,2594,3290,22924,21368,14198,TCGA-EW-A1PB-DX1_xmin57214_ymin25940_MPP-0.2500+88
0,0,0,0,0,5643,20018,0,0,0,648,21513,0,0,0,0,0,0,0,0,0,0,0,0,2354,0,0,0,0,0,5619,20042,0,0,0,716,21445,0,0,0,0,0,0,0,0,0,0,0,0,2354,0,0,0,0,0,5667,19994,0,0,0,1164,20997,0,0,0,0,0,0,0,0,0,0,0,0,2354,5875,1734,20038,20175,14223,TCGA-EW-A1PB-DX1_xmin57214_ymin25940_MPP-0.2500+89
0,0,0,0,0,0,31920,350,0,0,0,4185,10244,0,0,0,0,0,0,0,0,0,0,0,3477,0,0,0,0,0,0,31891,379,0,0,0,4051,10378,0,0,0,0,0,0,0,0,0,0,0,3477,0,0,0,0,0,0,31878,392,0,0,0,3999,10430,0,0,0,0,0,0,0,0,0,0,0,3477,3628,1654,35921,5496,7600,TCGA-EW-A1PB-DX1_xmin57214_ymin25940_MPP-0.2500+9
224,4982,0,0,0,0,44970,0,0,0,0,0,0,0,0,0,0,0,0,0,0,0,0,0,0,224,4982,0,0,0,0,44970,0,0,0,0,0,0,0,0,0,0,0,0,0,0,0,0,0,0,224,4982,0,0,0,0,44970,0,0,0,0,0,0,0,0,0,0,0,0,0,0,0,0,0,0,11977,423,26550,11226,13436,TCGA-EW-A1PB-DX1_xmin57214_ymin25940_MPP-0.2500+90
24438,5063,0,0,0,3008,17667,0,0,0,0,0,0,0,0,0,0,0,0,0,0,0,0,0,0,24532,4969,0,0,0,2924,17751,0,0,0,0,0,0,0,0,0,0,0,0,0,0,0,0,0,0,24238,5263,0,0,0,2611,18064,0,0,0,0,0,0,0,0,0,0,0,0,0,0,0,0,0,0,7543,2881,34185,5567,16524,TCGA-EW-A1PB-DX1_xmin57214_ymin25940_MPP-0.2500+91
41528,0,0,0,0,8648,0,0,0,0,0,0,0,0,0,0,0,0,0,0,0,0,0,0,0,41528,0,0,0,0,8648,0,0,0,0,0,0,0,0,0,0,0,0,0,0,0,0,0,0,0,41528,0,0,0,0,8648,0,0,0,0,0,0,0,0,0,0,0,0,0,0,0,0,0,0,0,4541,1454,36492,7689,7306,TCGA-EW-A1PB-DX1_xmin57214_ymin25940_MPP-0.2500+92
44736,0,0,0,0,5440,0,0,0,0,0,0,0,0,0,0,0,0,0,0,0,0,0,0,0,44736,0,0,0,0,5440,0,0,0,0,0,0,0,0,0,0,0,0,0,0,0,0,0,0,0,44736,0,0,0,0,5440,0,0,0,0,0,0,0,0,0,0,0,0,0,0,0,0,0,0,0,4547,1242,39157,5230,6461,TCGA-EW-A1PB-DX1_xmin57214_ymin25940_MPP-0.2500+93
46311,0,0,0,0,3865,0,0,0,0,0,0,0,0,0,0,0,0,0,0,0,0,0,0,0,46311,0,0,0,0,3865,0,0,0,0,0,0,0,0,0,0,0,0,0,0,0,0,0,0,0,46311,0,0,0,0,3865,0,0,0,0,0,0,0,0,0,0,0,0,0,0,0,0,0,0,0,4089,878,41852,3357,5623,TCGA-EW-A1PB-DX1_xmin57214_ymin25940_MPP-0.2500+94
48679,0,0,0,0,1497,0,0,0,0,0,0,0,0,0,0,0,0,0,0,0,0,0,0,0,48679,0,0,0,0,1497,0,0,0,0,0,0,0,0,0,0,0,0,0,0,0,0,0,0,0,48679,0,0,0,0,1497,0,0,0,0,0,0,0,0,0,0,0,0,0,0,0,0,0,0,0,4879,2066,34195,9036,12467,TCGA-EW-A1PB-DX1_xmin57214_ymin25940_MPP-0.2500+95
0,0,0,0,0,0,9729,563,0,0,0,6513,33371,0,0,0,0,0,0,0,0,0,0,0,0,0,0,0,0,0,0,9842,450,0,0,0,7155,32729,0,0,0,0,0,0,0,0,0,0,0,0,0,0,0,0,0,0,9905,387,0,0,0,7952,31932,0,0,0,0,0,0,0,0,0,0,0,0,16873,842,21376,11085,13211,TCGA-EW-A1PB-DX1_xmin57214_ymin25940_MPP-0.2500+96
0,0,0,0,0,0,0,2353,0,0,0,0,47823,0,0,0,0,0,0,0,0,0,0,0,0,0,0,0,0,0,0,0,2353,0,0,0,0,47823,0,0,0,0,0,0,0,0,0,0,0,0,0,0,0,0,0,0,0,2353,0,0,0,0,47823,0,0,0,0,0,0,0,0,0,0,0,0,18840,22,24012,7302,15375,TCGA-EW-A1PB-DX1_xmin57214_ymin25940_MPP-0.2500+97
0,0,0,0,0,0,30688,9215,0,0,0,565,6729,0,0,0,0,0,0,0,0,0,0,0,2979,0,0,0,0,0,0,30619,9284,0,0,0,565,6729,0,0,0,0,0,0,0,0,0,0,0,2979,0,0,0,0,0,0,30310,9593,0,0,0,555,6739,0,0,0,0,0,0,0,0,0,0,0,2979,6178,4115,27027,9877,13323,TCGA-EW-A1PB-DX1_xmin57214_ymin25940_MPP-0.2500+98
0,0,0,0,0,0,20551,2236,0,0,0,831,3562,0,0,0,0,0,0,0,0,0,0,0,22996,0,0,0,0,0,0,20530,2257,0,0,0,886,3507,0,0,0,0,0,0,0,0,0,0,0,22996,0,0,0,0,0,0,20402,2385,0,0,0,909,3484,0,0,0,0,0,0,0,0,0,0,0,22996,4060,673,18329,4118,8008,TCGA-EW-A1PB-DX1_xmin57214_ymin25940_MPP-0.2500+99
0,0,0,0,0,0,50176,0,0,0,0,0,0,0,0,0,0,0,0,0,0,0,0,0,0,0,0,0,0,0,0,50176,0,0,0,0,0,0,0,0,0,0,0,0,0,0,0,0,0,0,0,0,0,0,0,0,50176,0,0,0,0,0,0,0,0,0,0,0,0,0,0,0,0,0,0,2931,0,47245,0,6920,TCGA-EW-A1PH-DX1_xmin3455_ymin52049_MPP-0.2500+0
0,0,0,0,0,0,50176,0,0,0,0,0,0,0,0,0,0,0,0,0,0,0,0,0,0,0,0,0,0,0,0,50176,0,0,0,0,0,0,0,0,0,0,0,0,0,0,0,0,0,0,0,0,0,0,0,0,50176,0,0,0,0,0,0,0,0,0,0,0,0,0,0,0,0,0,0,6169,0,43872,135,7817,TCGA-EW-A1PH-DX1_xmin3455_ymin52049_MPP-0.2500+1
0,0,0,0,0,0,50176,0,0,0,0,0,0,0,0,0,0,0,0,0,0,0,0,0,0,0,0,0,0,0,0,50176,0,0,0,0,0,0,0,0,0,0,0,0,0,0,0,0,0,0,0,0,0,0,0,0,50176,0,0,0,0,0,0,0,0,0,0,0,0,0,0,0,0,0,0,2271,0,47328,577,4641,TCGA-EW-A1PH-DX1_xmin3455_ymin52049_MPP-0.2500+10
27282,10437,0,0,0,2010,10447,0,0,0,0,0,0,0,0,0,0,0,0,0,0,0,0,0,0,27237,10482,0,0,0,1869,10588,0,0,0,0,0,0,0,0,0,0,0,0,0,0,0,0,0,0,27250,10469,0,0,0,1782,10675,0,0,0,0,0,0,0,0,0,0,0,0,0,0,0,0,0,0,2607,2946,36372,8251,6235,TCGA-EW-A1PH-DX1_xmin3455_ymin52049_MPP-0.2500+100
0,10127,0,0,0,0,36858,0,0,0,0,3191,0,0,0,0,0,0,0,0,0,0,0,0,0,0,10127,0,0,0,0,36858,0,0,0,0,3191,0,0,0,0,0,0,0,0,0,0,0,0,0,0,10127,0,0,0,0,36858,0,0,0,0,3191,0,0,0,0,0,0,0,0,0,0,0,0,0,3793,1241,40607,4535,7191,TCGA-EW-A1PH-DX1_xmin3455_ymin52049_MPP-0.2500+101
50176,0,0,0,0,0,0,0,0,0,0,0,0,0,0,0,0,0,0,0,0,0,0,0,0,50176,0,0,0,0,0,0,0,0,0,0,0,0,0,0,0,0,0,0,0,0,0,0,0,0,50176,0,0,0,0,0,0,0,0,0,0,0,0,0,0,0,0,0,0,0,0,0,0,0,0,5241,0,44935,0,1964,TCGA-EW-A1PH-DX1_xmin3455_ymin52049_MPP-0.2500+102
50176,0,0,0,0,0,0,0,0,0,0,0,0,0,0,0,0,0,0,0,0,0,0,0,0,50176,0,0,0,0,0,0,0,0,0,0,0,0,0,0,0,0,0,0,0,0,0,0,0,0,50176,0,0,0,0,0,0,0,0,0,0,0,0,0,0,0,0,0,0,0,0,0,0,0,0,1672,0,48504,0,3704,TCGA-EW-A1PH-DX1_xmin3455_ymin52049_MPP-0.2500+103
50176,0,0,0,0,0,0,0,0,0,0,0,0,0,0,0,0,0,0,0,0,0,0,0,0,50176,0,0,0,0,0,0,0,0,0,0,0,0,0,0,0,0,0,0,0,0,0,0,0,0,50176,0,0,0,0,0,0,0,0,0,0,0,0,0,0,0,0,0,0,0,0,0,0,0,0,3301,0,46779,96,4935,TCGA-EW-A1PH-DX1_xmin3455_ymin52049_MPP-0.2500+104
50176,0,0,0,0,0,0,0,0,0,0,0,0,0,0,0,0,0,0,0,0,0,0,0,0,50176,0,0,0,0,0,0,0,0,0,0,0,0,0,0,0,0,0,0,0,0,0,0,0,0,50176,0,0,0,0,0,0,0,0,0,0,0,0,0,0,0,0,0,0,0,0,0,0,0,0,4672,0,45467,37,4955,TCGA-EW-A1PH-DX1_xmin3455_ymin52049_MPP-0.2500+105
50176,0,0,0,0,0,0,0,0,0,0,0,0,0,0,0,0,0,0,0,0,0,0,0,0,50176,0,0,0,0,0,0,0,0,0,0,0,0,0,0,0,0,0,0,0,0,0,0,0,0,50176,0,0,0,0,0,0,0,0,0,0,0,0,0,0,0,0,0,0,0,0,0,0,0,0,3034,0,47142,0,3222,TCGA-EW-A1PH-DX1_xmin3455_ymin52049_MPP-0.2500+106
50176,0,0,0,0,0,0,0,0,0,0,0,0,0,0,0,0,0,0,0,0,0,0,0,0,50176,0,0,0,0,0,0,0,0,0,0,0,0,0,0,0,0,0,0,0,0,0,0,0,0,50176,0,0,0,0,0,0,0,0,0,0,0,0,0,0,0,0,0,0,0,0,0,0,0,0,3673,0,46503,0,1226,TCGA-EW-A1PH-DX1_xmin3455_ymin52049_MPP-0.2500+107
42261,7776,0,0,0,0,139,0,0,0,0,0,0,0,0,0,0,0,0,0,0,0,0,0,0,42339,7698,0,0,0,0,139,0,0,0,0,0,0,0,0,0,0,0,0,0,0,0,0,0,0,42128,7909,0,0,0,0,139,0,0,0,0,0,0,0,0,0,0,0,0,0,0,0,0,0,0,2374,2044,40462,5296,4938,TCGA-EW-A1PH-DX1_xmin3455_ymin52049_MPP-0.2500+108
32908,8666,0,0,0,1263,7339,0,0,0,0,0,0,0,0,0,0,0,0,0,0,0,0,0,0,32752,8822,0,0,0,1320,7282,0,0,0,0,0,0,0,0,0,0,0,0,0,0,0,0,0,0,32363,9211,0,0,0,1437,7165,0,0,0,0,0,0,0,0,0,0,0,0,0,0,0,0,0,0,4803,1661,36129,7583,7276,TCGA-EW-A1PH-DX1_xmin3455_ymin52049_MPP-0.2500+109
0,0,0,0,0,0,50176,0,0,0,0,0,0,0,0,0,0,0,0,0,0,0,0,0,0,0,0,0,0,0,1,50175,0,0,0,0,0,0,0,0,0,0,0,0,0,0,0,0,0,0,0,0,0,0,0,1,50175,0,0,0,0,0,0,0,0,0,0,0,0,0,0,0,0,0,0,6696,0,42731,749,6265,TCGA-EW-A1PH-DX1_xmin3455_ymin52049_MPP-0.2500+11
24627,14244,0,0,0,1326,9979,0,0,0,0,0,0,0,0,0,0,0,0,0,0,0,0,0,0,25150,13721,0,0,0,1421,9884,0,0,0,0,0,0,0,0,0,0,0,0,0,0,0,0,0,0,25231,13640,0,0,0,1277,10028,0,0,0,0,0,0,0,0,0,0,0,0,0,0,0,0,0,0,5201,3247,31303,10425,5807,TCGA-EW-A1PH-DX1_xmin3455_ymin52049_MPP-0.2500+110
14344,6427,0,0,0,0,29405,0,0,0,0,0,0,0,0,0,0,0,0,0,0,0,0,0,0,14316,6455,0,0,0,0,29405,0,0,0,0,0,0,0,0,0,0,0,0,0,0,0,0,0,0,14296,6475,0,0,0,375,29030,0,0,0,0,0,0,0,0,0,0,0,0,0,0,0,0,0,0,7683,818,36183,5492,9973,TCGA-EW-A1PH-DX1_xmin3455_ymin52049_MPP-0.2500+111
43981,0,0,0,0,6195,0,0,0,0,0,0,0,0,0,0,0,0,0,0,0,0,0,0,0,43981,0,0,0,0,6195,0,0,0,0,0,0,0,0,0,0,0,0,0,0,0,0,0,0,0,43981,0,0,0,0,6195,0,0,0,0,0,0,0,0,0,0,0,0,0,0,0,0,0,0,0,3992,1045,42208,2931,2742,TCGA-EW-A1PH-DX1_xmin3455_ymin52049_MPP-0.2500+112
50176,0,0,0,0,0,0,0,0,0,0,0,0,0,0,0,0,0,0,0,0,0,0,0,0,50176,0,0,0,0,0,0,0,0,0,0,0,0,0,0,0,0,0,0,0,0,0,0,0,0,50176,0,0,0,0,0,0,0,0,0,0,0,0,0,0,0,0,0,0,0,0,0,0,0,0,1148,0,49024,4,2171,TCGA-EW-A1PH-DX1_xmin3455_ymin52049_MPP-0.2500+113
7622,1824,0,0,0,19286,21444,0,0,0,0,0,0,0,0,0,0,0,0,0,0,0,0,0,0,7624,1822,0,0,0,18779,21951,0,0,0,0,0,0,0,0,0,0,0,0,0,0,0,0,0,0,7648,1798,0,0,0,18386,22344,0,0,0,0,0,0,0,0,0,0,0,0,0,0,0,0,0,0,3600,3595,23748,19233,9752,TCGA-EW-A1PH-DX1_xmin3455_ymin52049_MPP-0.2500+114
35036,9306,0,0,0,0,5834,0,0,0,0,0,0,0,0,0,0,0,0,0,0,0,0,0,0,34857,9485,0,0,0,0,5834,0,0,0,0,0,0,0,0,0,0,0,0,0,0,0,0,0,0,34746,9596,0,0,0,32,5802,0,0,0,0,0,0,0,0,0,0,0,0,0,0,0,0,0,0,4362,421,40196,5197,9759,TCGA-EW-A1PH-DX1_xmin3455_ymin52049_MPP-0.2500+115
50176,0,0,0,0,0,0,0,0,0,0,0,0,0,0,0,0,0,0,0,0,0,0,0,0,50176,0,0,0,0,0,0,0,0,0,0,0,0,0,0,0,0,0,0,0,0,0,0,0,0,50176,0,0,0,0,0,0,0,0,0,0,0,0,0,0,0,0,0,0,0,0,0,0,0,0,3045,0,47020,111,3052,TCGA-EW-A1PH-DX1_xmin3455_ymin52049_MPP-0.2500+116
48466,0,0,0,0,0,0,0,0,0,0,0,0,0,0,0,0,0,0,0,0,0,0,0,1710,48466,0,0,0,0,0,0,0,0,0,0,0,0,0,0,0,0,0,0,0,0,0,0,0,1710,48466,0,0,0,0,0,0,0,0,0,0,0,0,0,0,0,0,0,0,0,0,0,0,0,1710,3975,8,41399,3084,4478,TCGA-EW-A1PH-DX1_xmin3455_ymin52049_MPP-0.2500+117
50176,0,0,0,0,0,0,0,0,0,0,0,0,0,0,0,0,0,0,0,0,0,0,0,0,50176,0,0,0,0,0,0,0,0,0,0,0,0,0,0,0,0,0,0,0,0,0,0,0,0,50176,0,0,0,0,0,0,0,0,0,0,0,0,0,0,0,0,0,0,0,0,0,0,0,0,4713,0,44895,568,8104,TCGA-EW-A1PH-DX1_xmin3455_ymin52049_MPP-0.2500+118
46128,0,0,0,0,4048,0,0,0,0,0,0,0,0,0,0,0,0,0,0,0,0,0,0,0,46128,0,0,0,0,4048,0,0,0,0,0,0,0,0,0,0,0,0,0,0,0,0,0,0,0,46128,0,0,0,0,4048,0,0,0,0,0,0,0,0,0,0,0,0,0,0,0,0,0,0,0,5219,1006,40400,3551,13676,TCGA-EW-A1PH-DX1_xmin3455_ymin52049_MPP-0.2500+119
0,0,0,0,0,0,50176,0,0,0,0,0,0,0,0,0,0,0,0,0,0,0,0,0,0,0,0,0,0,0,0,50176,0,0,0,0,0,0,0,0,0,0,0,0,0,0,0,0,0,0,0,0,0,0,0,0,50176,0,0,0,0,0,0,0,0,0,0,0,0,0,0,0,0,0,0,3095,13,46122,946,8098,TCGA-EW-A1PH-DX1_xmin3455_ymin52049_MPP-0.2500+12
49096,0,0,0,0,1080,0,0,0,0,0,0,0,0,0,0,0,0,0,0,0,0,0,0,0,49096,0,0,0,0,1080,0,0,0,0,0,0,0,0,0,0,0,0,0,0,0,0,0,0,0,49096,0,0,0,0,1080,0,0,0,0,0,0,0,0,0,0,0,0,0,0,0,0,0,0,0,5542,92,43287,1255,7270,TCGA-EW-A1PH-DX1_xmin3455_ymin52049_MPP-0.2500+120
50176,0,0,0,0,0,0,0,0,0,0,0,0,0,0,0,0,0,0,0,0,0,0,0,0,50176,0,0,0,0,0,0,0,0,0,0,0,0,0,0,0,0,0,0,0,0,0,0,0,0,50176,0,0,0,0,0,0,0,0,0,0,0,0,0,0,0,0,0,0,0,0,0,0,0,0,2431,0,47631,114,2239,TCGA-EW-A1PH-DX1_xmin3455_ymin52049_MPP-0.2500+121
50176,0,0,0,0,0,0,0,0,0,0,0,0,0,0,0,0,0,0,0,0,0,0,0,0,50176,0,0,0,0,0,0,0,0,0,0,0,0,0,0,0,0,0,0,0,0,0,0,0,0,50176,0,0,0,0,0,0,0,0,0,0,0,0,0,0,0,0,0,0,0,0,0,0,0,0,2414,0,47758,4,2468,TCGA-EW-A1PH-DX1_xmin3455_ymin52049_MPP-0.2500+122
31337,17433,0,0,0,730,676,0,0,0,0,0,0,0,0,0,0,0,0,0,0,0,0,0,0,31341,17429,0,0,0,739,667,0,0,0,0,0,0,0,0,0,0,0,0,0,0,0,0,0,0,31136,17634,0,0,0,730,676,0,0,0,0,0,0,0,0,0,0,0,0,0,0,0,0,0,0,2286,1302,32614,13974,4616,TCGA-EW-A1PH-DX1_xmin3455_ymin52049_MPP-0.2500+123
23568,15067,0,0,0,646,10895,0,0,0,0,0,0,0,0,0,0,0,0,0,0,0,0,0,0,23762,14873,0,0,0,750,10791,0,0,0,0,0,0,0,0,0,0,0,0,0,0,0,0,0,0,23221,15414,0,0,0,843,10698,0,0,0,0,0,0,0,0,0,0,0,0,0,0,0,0,0,0,2841,2451,32022,12862,8513,TCGA-EW-A1PH-DX1_xmin3455_ymin52049_MPP-0.2500+124
49827,0,0,0,0,349,0,0,0,0,0,0,0,0,0,0,0,0,0,0,0,0,0,0,0,49827,0,0,0,0,349,0,0,0,0,0,0,0,0,0,0,0,0,0,0,0,0,0,0,0,49827,0,0,0,0,349,0,0,0,0,0,0,0,0,0,0,0,0,0,0,0,0,0,0,0,4690,36,43623,1827,5553,TCGA-EW-A1PH-DX1_xmin3455_ymin52049_MPP-0.2500+125
50176,0,0,0,0,0,0,0,0,0,0,0,0,0,0,0,0,0,0,0,0,0,0,0,0,50176,0,0,0,0,0,0,0,0,0,0,0,0,0,0,0,0,0,0,0,0,0,0,0,0,50176,0,0,0,0,0,0,0,0,0,0,0,0,0,0,0,0,0,0,0,0,0,0,0,0,5347,11,43872,946,7371,TCGA-EW-A1PH-DX1_xmin3455_ymin52049_MPP-0.2500+126
25631,5500,0,0,0,676,18369,0,0,0,0,0,0,0,0,0,0,0,0,0,0,0,0,0,0,25427,5704,0,0,0,655,18390,0,0,0,0,0,0,0,0,0,0,0,0,0,0,0,0,0,0,25207,5924,0,0,0,660,18385,0,0,0,0,0,0,0,0,0,0,0,0,0,0,0,0,0,0,4677,295,40030,5174,7069,TCGA-EW-A1PH-DX1_xmin3455_ymin52049_MPP-0.2500+127
10856,6259,0,0,0,2646,30415,0,0,0,0,0,0,0,0,0,0,0,0,0,0,0,0,0,0,10761,6354,0,0,0,2536,30525,0,0,0,0,0,0,0,0,0,0,0,0,0,0,0,0,0,0,10930,6185,0,0,0,3010,30051,0,0,0,0,0,0,0,0,0,0,0,0,0,0,0,0,0,0,4435,691,37030,8020,6508,TCGA-EW-A1PH-DX1_xmin3455_ymin52049_MPP-0.2500+128
29450,5563,0,0,0,2121,13042,0,0,0,0,0,0,0,0,0,0,0,0,0,0,0,0,0,0,29464,5549,0,0,0,1973,13190,0,0,0,0,0,0,0,0,0,0,0,0,0,0,0,0,0,0,29321,5692,0,0,0,1742,13421,0,0,0,0,0,0,0,0,0,0,0,0,0,0,0,0,0,0,4475,2792,37415,5494,8157,TCGA-EW-A1PH-DX1_xmin3455_ymin52049_MPP-0.2500+129
0,0,0,0,0,0,50176,0,0,0,0,0,0,0,0,0,0,0,0,0,0,0,0,0,0,0,0,0,0,0,0,50176,0,0,0,0,0,0,0,0,0,0,0,0,0,0,0,0,0,0,0,0,0,0,0,0,50176,0,0,0,0,0,0,0,0,0,0,0,0,0,0,0,0,0,0,2932,0,47244,0,6884,TCGA-EW-A1PH-DX1_xmin3455_ymin52049_MPP-0.2500+13
26054,20109,0,0,0,277,3736,0,0,0,0,0,0,0,0,0,0,0,0,0,0,0,0,0,0,25995,20168,0,0,0,340,3673,0,0,0,0,0,0,0,0,0,0,0,0,0,0,0,0,0,0,25435,20728,0,0,0,354,3659,0,0,0,0,0,0,0,0,0,0,0,0,0,0,0,0,0,0,3575,3893,33052,9656,12233,TCGA-EW-A1PH-DX1_xmin3455_ymin52049_MPP-0.2500+130
49693,0,0,0,0,483,0,0,0,0,0,0,0,0,0,0,0,0,0,0,0,0,0,0,0,49693,0,0,0,0,483,0,0,0,0,0,0,0,0,0,0,0,0,0,0,0,0,0,0,0,49693,0,0,0,0,483,0,0,0,0,0,0,0,0,0,0,0,0,0,0,0,0,0,0,0,7385,176,40161,2454,10942,TCGA-EW-A1PH-DX1_xmin3455_ymin52049_MPP-0.2500+131
33121,0,0,0,0,7866,0,0,0,0,0,0,0,0,0,9189,0,0,0,0,0,0,0,0,0,33121,0,0,0,0,7866,0,0,0,0,0,0,0,0,0,9189,0,0,0,0,0,0,0,0,0,33121,0,0,0,0,7866,0,0,0,0,0,0,0,0,0,9189,0,0,0,0,0,0,0,0,0,4164,6869,12299,26844,16340,TCGA-EW-A1PH-DX1_xmin3455_ymin52049_MPP-0.2500+132
160,0,0,5186,0,0,0,0,4570,0,0,0,0,0,0,2560,0,0,37083,0,0,0,0,0,617,96,0,0,5250,0,0,0,0,4570,0,0,0,0,0,0,2464,0,0,37179,0,0,0,0,0,617,128,0,0,5218,0,0,0,0,4570,0,0,0,0,0,0,2656,0,0,36987,0,0,0,0,0,617,24846,1569,7693,15451,33691,TCGA-EW-A1PH-DX1_xmin3455_ymin52049_MPP-0.2500+133
0,7783,0,2353,0,0,3462,0,2606,0,0,0,0,0,0,0,17424,0,16548,0,0,0,0,0,0,0,7801,0,2335,0,0,3582,0,2486,0,0,0,0,0,0,0,18542,0,15430,0,0,0,0,0,0,0,7790,0,2346,0,0,3619,0,2449,0,0,0,0,0,0,0,18334,0,15638,0,0,0,0,0,0,7549,2874,6865,32888,21424,TCGA-EW-A1PH-DX1_xmin3455_ymin52049_MPP-0.2500+134
48327,0,0,0,0,1584,0,0,0,0,0,0,0,0,0,265,0,0,0,0,0,0,0,0,0,48327,0,0,0,0,1584,0,0,0,0,0,0,0,0,0,265,0,0,0,0,0,0,0,0,0,48327,0,0,0,0,1584,0,0,0,0,0,0,0,0,0,265,0,0,0,0,0,0,0,0,0,3653,153,44522,1848,6758,TCGA-EW-A1PH-DX1_xmin3455_ymin52049_MPP-0.2500+135
41028,9148,0,0,0,0,0,0,0,0,0,0,0,0,0,0,0,0,0,0,0,0,0,0,0,41464,8712,0,0,0,0,0,0,0,0,0,0,0,0,0,0,0,0,0,0,0,0,0,0,0,42762,7414,0,0,0,0,0,0,0,0,0,0,0,0,0,0,0,0,0,0,0,0,0,0,0,7531,0,40374,2271,7242,TCGA-EW-A1PH-DX1_xmin3455_ymin52049_MPP-0.2500+136
50176,0,0,0,0,0,0,0,0,0,0,0,0,0,0,0,0,0,0,0,0,0,0,0,0,50176,0,0,0,0,0,0,0,0,0,0,0,0,0,0,0,0,0,0,0,0,0,0,0,0,50176,0,0,0,0,0,0,0,0,0,0,0,0,0,0,0,0,0,0,0,0,0,0,0,0,6861,151,40550,2614,7280,TCGA-EW-A1PH-DX1_xmin3455_ymin52049_MPP-0.2500+137
15150,21465,0,0,0,1554,12007,0,0,0,0,0,0,0,0,0,0,0,0,0,0,0,0,0,0,15428,21187,0,0,0,1634,11927,0,0,0,0,0,0,0,0,0,0,0,0,0,0,0,0,0,0,15511,21104,0,0,0,1764,11797,0,0,0,0,0,0,0,0,0,0,0,0,0,0,0,0,0,0,3915,3752,25002,17507,8121,TCGA-EW-A1PH-DX1_xmin3455_ymin52049_MPP-0.2500+138
37973,11938,0,0,0,209,56,0,0,0,0,0,0,0,0,0,0,0,0,0,0,0,0,0,0,38718,11193,0,0,0,209,56,0,0,0,0,0,0,0,0,0,0,0,0,0,0,0,0,0,0,37798,12113,0,0,0,209,56,0,0,0,0,0,0,0,0,0,0,0,0,0,0,0,0,0,0,4805,418,39147,5806,7706,TCGA-EW-A1PH-DX1_xmin3455_ymin52049_MPP-0.2500+139
0,0,0,0,0,0,47497,0,0,0,0,2679,0,0,0,0,0,0,0,0,0,0,0,0,0,0,0,0,0,0,0,47497,0,0,0,0,2679,0,0,0,0,0,0,0,0,0,0,0,0,0,0,0,0,0,0,0,47497,0,0,0,0,2679,0,0,0,0,0,0,0,0,0,0,0,0,0,4862,258,43233,1823,6187,TCGA-EW-A1PH-DX1_xmin3455_ymin52049_MPP-0.2500+14
40181,9177,0,0,0,0,818,0,0,0,0,0,0,0,0,0,0,0,0,0,0,0,0,0,0,40238,9120,0,0,0,0,818,0,0,0,0,0,0,0,0,0,0,0,0,0,0,0,0,0,0,39880,9478,0,0,0,0,818,0,0,0,0,0,0,0,0,0,0,0,0,0,0,0,0,0,0,4009,109,42009,4049,10193,TCGA-EW-A1PH-DX1_xmin3455_ymin52049_MPP-0.2500+140
12022,5889,0,0,0,2491,29774,0,0,0,0,0,0,0,0,0,0,0,0,0,0,0,0,0,0,12238,5673,0,0,0,2296,29969,0,0,0,0,0,0,0,0,0,0,0,0,0,0,0,0,0,0,12490,5421,0,0,0,2574,29691,0,0,0,0,0,0,0,0,0,0,0,0,0,0,0,0,0,0,4449,3539,36406,5782,11736,TCGA-EW-A1PH-DX1_xmin3455_ymin52049_MPP-0.2500+141
26594,11173,0,0,0,686,11723,0,0,0,0,0,0,0,0,0,0,0,0,0,0,0,0,0,0,25954,11813,0,0,0,582,11827,0,0,0,0,0,0,0,0,0,0,0,0,0,0,0,0,0,0,25001,12766,0,0,0,561,11848,0,0,0,0,0,0,0,0,0,0,0,0,0,0,0,0,0,0,3275,2220,38669,6012,9107,TCGA-EW-A1PH-DX1_xmin3455_ymin52049_MPP-0.2500+142
20280,16289,0,0,0,921,12686,0,0,0,0,0,0,0,0,0,0,0,0,0,0,0,0,0,0,20139,16430,0,0,0,912,12695,0,0,0,0,0,0,0,0,0,0,0,0,0,0,0,0,0,0,20599,15970,0,0,0,923,12684,0,0,0,0,0,0,0,0,0,0,0,0,0,0,0,0,0,0,4845,3415,28538,13378,8577,TCGA-EW-A1PH-DX1_xmin3455_ymin52049_MPP-0.2500+143
19048,6945,0,0,0,8423,9542,0,0,0,0,0,0,0,0,2199,4019,0,0,0,0,0,0,0,0,18621,7372,0,0,0,7705,10260,0,0,0,0,0,0,0,0,2182,4036,0,0,0,0,0,0,0,0,18204,7789,0,0,0,7419,10546,0,0,0,0,0,0,0,0,2096,4122,0,0,0,0,0,0,0,0,4986,2480,24248,18462,15038,TCGA-EW-A1PH-DX1_xmin3455_ymin52049_MPP-0.2500+144
178,0,0,4151,0,1454,0,0,2772,0,0,0,0,0,0,2736,0,0,38885,0,0,0,0,0,0,172,0,0,4157,0,1519,0,0,2707,0,0,0,0,0,0,2421,0,0,39200,0,0,0,0,0,0,140,0,0,4189,0,1519,0,0,2707,0,0,0,0,0,0,2293,0,0,39328,0,0,0,0,0,0,19710,851,9140,20475,27657,TCGA-EW-A1PH-DX1_xmin3455_ymin52049_MPP-0.2500+145
0,0,0,0,0,0,9,0,0,0,0,0,0,0,0,0,22689,0,20581,0,0,0,0,0,6897,0,0,0,0,0,0,9,0,0,0,0,0,0,0,0,0,22958,0,20312,0,0,0,0,0,6897,0,0,0,0,0,0,9,0,0,0,0,0,0,0,0,0,22382,0,20888,0,0,0,0,0,6897,16088,32,2626,24533,26652,TCGA-EW-A1PH-DX1_xmin3455_ymin52049_MPP-0.2500+146
4648,0,0,0,0,8293,0,0,0,0,0,0,0,0,0,9630,0,0,27605,0,0,0,0,0,0,4648,0,0,0,0,8293,0,0,0,0,0,0,0,0,0,9813,0,0,27422,0,0,0,0,0,0,4648,0,0,0,0,8293,0,0,0,0,0,0,0,0,0,9848,0,0,27387,0,0,0,0,0,0,23607,3003,7974,15592,25462,TCGA-EW-A1PH-DX1_xmin3455_ymin52049_MPP-0.2500+147
18730,8081,0,0,0,7574,3257,0,0,0,0,0,0,0,0,8248,4286,0,0,0,0,0,0,0,0,18808,8003,0,0,0,7435,3396,0,0,0,0,0,0,0,0,7732,4802,0,0,0,0,0,0,0,0,18965,7846,0,0,0,7388,3443,0,0,0,0,0,0,0,0,7426,5108,0,0,0,0,0,0,0,0,5413,3689,18672,22402,8348,TCGA-EW-A1PH-DX1_xmin3455_ymin52049_MPP-0.2500+148
46050,0,0,0,0,4126,0,0,0,0,0,0,0,0,0,0,0,0,0,0,0,0,0,0,0,46050,0,0,0,0,4126,0,0,0,0,0,0,0,0,0,0,0,0,0,0,0,0,0,0,0,46050,0,0,0,0,4126,0,0,0,0,0,0,0,0,0,0,0,0,0,0,0,0,0,0,0,4380,111,41670,4015,2777,TCGA-EW-A1PH-DX1_xmin3455_ymin52049_MPP-0.2500+149
0,0,0,0,0,0,12584,10,0,0,0,9272,16677,0,0,0,0,0,0,0,0,0,0,0,11633,0,0,0,0,0,0,12493,101,0,0,0,9406,16543,0,0,0,0,0,0,0,0,0,0,0,11633,0,0,0,0,0,0,12479,115,0,0,0,9495,16454,0,0,0,0,0,0,0,0,0,0,0,11633,8275,959,20776,8533,7841,TCGA-EW-A1PH-DX1_xmin3455_ymin52049_MPP-0.2500+15
50176,0,0,0,0,0,0,0,0,0,0,0,0,0,0,0,0,0,0,0,0,0,0,0,0,50176,0,0,0,0,0,0,0,0,0,0,0,0,0,0,0,0,0,0,0,0,0,0,0,0,50176,0,0,0,0,0,0,0,0,0,0,0,0,0,0,0,0,0,0,0,0,0,0,0,0,3645,0,45165,1366,3639,TCGA-EW-A1PH-DX1_xmin3455_ymin52049_MPP-0.2500+150
32689,14026,0,0,0,0,3461,0,0,0,0,0,0,0,0,0,0,0,0,0,0,0,0,0,0,32503,14212,0,0,0,0,3461,0,0,0,0,0,0,0,0,0,0,0,0,0,0,0,0,0,0,32191,14524,0,0,0,0,3461,0,0,0,0,0,0,0,0,0,0,0,0,0,0,0,0,0,0,5949,1319,36638,6270,7161,TCGA-EW-A1PH-DX1_xmin3455_ymin52049_MPP-0.2500+151
24965,16794,0,0,0,3,8414,0,0,0,0,0,0,0,0,0,0,0,0,0,0,0,0,0,0,25047,16712,0,0,0,7,8410,0,0,0,0,0,0,0,0,0,0,0,0,0,0,0,0,0,0,24768,16991,0,0,0,9,8408,0,0,0,0,0,0,0,0,0,0,0,0,0,0,0,0,0,0,3434,2794,32898,11050,8610,TCGA-EW-A1PH-DX1_xmin3455_ymin52049_MPP-0.2500+152
30814,14716,0,0,0,385,4261,0,0,0,0,0,0,0,0,0,0,0,0,0,0,0,0,0,0,30265,15265,0,0,0,330,4316,0,0,0,0,0,0,0,0,0,0,0,0,0,0,0,0,0,0,29728,15802,0,0,0,297,4349,0,0,0,0,0,0,0,0,0,0,0,0,0,0,0,0,0,0,4604,2827,31908,10837,7448,TCGA-EW-A1PH-DX1_xmin3455_ymin52049_MPP-0.2500+153
40715,4464,0,0,0,351,4646,0,0,0,0,0,0,0,0,0,0,0,0,0,0,0,0,0,0,41110,4069,0,0,0,396,4601,0,0,0,0,0,0,0,0,0,0,0,0,0,0,0,0,0,0,40265,4914,0,0,0,321,4676,0,0,0,0,0,0,0,0,0,0,0,0,0,0,0,0,0,0,3947,1199,41594,3436,10493,TCGA-EW-A1PH-DX1_xmin3455_ymin52049_MPP-0.2500+154
8661,11919,0,0,0,595,29001,0,0,0,0,0,0,0,0,0,0,0,0,0,0,0,0,0,0,8858,11722,0,0,0,715,28881,0,0,0,0,0,0,0,0,0,0,0,0,0,0,0,0,0,0,9018,11562,0,0,0,769,28827,0,0,0,0,0,0,0,0,0,0,0,0,0,0,0,0,0,0,2897,4879,34467,7933,6607,TCGA-EW-A1PH-DX1_xmin3455_ymin52049_MPP-0.2500+155
39609,8754,0,0,0,177,1636,0,0,0,0,0,0,0,0,0,0,0,0,0,0,0,0,0,0,39821,8542,0,0,0,172,1641,0,0,0,0,0,0,0,0,0,0,0,0,0,0,0,0,0,0,39467,8896,0,0,0,166,1647,0,0,0,0,0,0,0,0,0,0,0,0,0,0,0,0,0,0,3393,2047,37567,7169,6698,TCGA-EW-A1PH-DX1_xmin3455_ymin52049_MPP-0.2500+156
6140,1386,0,0,0,3089,7217,0,0,0,0,0,0,0,0,11375,20969,0,0,0,0,0,0,0,0,6076,1450,0,0,0,3132,7174,0,0,0,0,0,0,0,0,11801,20543,0,0,0,0,0,0,0,0,6055,1471,0,0,0,3080,7226,0,0,0,0,0,0,0,0,11666,20678,0,0,0,0,0,0,0,0,7793,308,11796,30279,14688,TCGA-EW-A1PH-DX1_xmin3455_ymin52049_MPP-0.2500+157
100,0,0,0,0,422,0,0,2270,0,0,0,0,0,0,16392,0,0,30992,0,0,0,0,0,0,80,0,0,20,0,168,0,0,2524,0,0,0,0,0,0,17467,0,0,29917,0,0,0,0,0,0,100,0,0,0,0,264,0,0,2428,0,0,0,0,0,0,17575,0,0,29809,0,0,0,0,0,0,14577,18,4419,31162,22339,TCGA-EW-A1PH-DX1_xmin3455_ymin52049_MPP-0.2500+158
16485,6095,0,5055,0,0,2479,0,3688,0,0,0,0,0,0,0,6392,0,7857,0,0,0,0,0,2125,16538,6033,0,5064,0,0,2356,0,3811,0,0,0,0,0,0,0,6444,0,7805,0,0,0,0,0,2125,16481,5737,0,5417,0,0,2253,0,3914,0,0,0,0,0,0,161,6279,0,7809,0,0,0,0,0,2125,9779,4030,18224,16018,21352,TCGA-EW-A1PH-DX1_xmin3455_ymin52049_MPP-0.2500+159
0,0,0,0,0,0,46602,0,0,0,0,3325,0,0,0,0,0,0,0,0,0,0,0,0,249,0,0,0,0,0,0,46602,0,0,0,0,3325,0,0,0,0,0,0,0,0,0,0,0,0,249,0,0,0,0,0,0,46602,0,0,0,0,3325,0,0,0,0,0,0,0,0,0,0,0,0,249,2972,170,42543,4242,6320,TCGA-EW-A1PH-DX1_xmin3455_ymin52049_MPP-0.2500+16
45464,4267,0,0,0,421,24,0,0,0,0,0,0,0,0,0,0,0,0,0,0,0,0,0,0,45299,4432,0,0,0,420,25,0,0,0,0,0,0,0,0,0,0,0,0,0,0,0,0,0,0,44977,4754,0,0,0,407,38,0,0,0,0,0,0,0,0,0,0,0,0,0,0,0,0,0,0,4278,359,42259,3280,5403,TCGA-EW-A1PH-DX1_xmin3455_ymin52049_MPP-0.2500+160
50176,0,0,0,0,0,0,0,0,0,0,0,0,0,0,0,0,0,0,0,0,0,0,0,0,50176,0,0,0,0,0,0,0,0,0,0,0,0,0,0,0,0,0,0,0,0,0,0,0,0,50176,0,0,0,0,0,0,0,0,0,0,0,0,0,0,0,0,0,0,0,0,0,0,0,0,3185,0,46607,384,2008,TCGA-EW-A1PH-DX1_xmin3455_ymin52049_MPP-0.2500+161
40873,9303,0,0,0,0,0,0,0,0,0,0,0,0,0,0,0,0,0,0,0,0,0,0,0,41158,9018,0,0,0,0,0,0,0,0,0,0,0,0,0,0,0,0,0,0,0,0,0,0,0,40496,9680,0,0,0,0,0,0,0,0,0,0,0,0,0,0,0,0,0,0,0,0,0,0,0,6050,1029,36257,6840,10570,TCGA-EW-A1PH-DX1_xmin3455_ymin52049_MPP-0.2500+162
49555,0,0,0,0,621,0,0,0,0,0,0,0,0,0,0,0,0,0,0,0,0,0,0,0,49555,0,0,0,0,621,0,0,0,0,0,0,0,0,0,0,0,0,0,0,0,0,0,0,0,49555,0,0,0,0,621,0,0,0,0,0,0,0,0,0,0,0,0,0,0,0,0,0,0,0,6140,876,35856,7304,11230,TCGA-EW-A1PH-DX1_xmin3455_ymin52049_MPP-0.2500+163
49042,0,0,0,0,1134,0,0,0,0,0,0,0,0,0,0,0,0,0,0,0,0,0,0,0,49042,0,0,0,0,1134,0,0,0,0,0,0,0,0,0,0,0,0,0,0,0,0,0,0,0,49042,0,0,0,0,1134,0,0,0,0,0,0,0,0,0,0,0,0,0,0,0,0,0,0,0,5407,258,42596,1915,5893,TCGA-EW-A1PH-DX1_xmin3455_ymin52049_MPP-0.2500+164
20573,19514,0,0,0,1359,8730,0,0,0,0,0,0,0,0,0,0,0,0,0,0,0,0,0,0,20772,19315,0,0,0,1344,8745,0,0,0,0,0,0,0,0,0,0,0,0,0,0,0,0,0,0,20843,19244,0,0,0,1320,8769,0,0,0,0,0,0,0,0,0,0,0,0,0,0,0,0,0,0,3501,3600,30912,12163,7439,TCGA-EW-A1PH-DX1_xmin3455_ymin52049_MPP-0.2500+165
29132,18666,0,0,0,0,2378,0,0,0,0,0,0,0,0,0,0,0,0,0,0,0,0,0,0,28338,19460,0,0,0,0,2378,0,0,0,0,0,0,0,0,0,0,0,0,0,0,0,0,0,0,26853,20945,0,0,0,0,2378,0,0,0,0,0,0,0,0,0,0,0,0,0,0,0,0,0,0,6119,1226,31690,11141,10620,TCGA-EW-A1PH-DX1_xmin3455_ymin52049_MPP-0.2500+166
10678,21804,0,0,0,168,17526,0,0,0,0,0,0,0,0,0,0,0,0,0,0,0,0,0,0,10473,22009,0,0,0,120,17574,0,0,0,0,0,0,0,0,0,0,0,0,0,0,0,0,0,0,10298,22184,0,0,0,94,17600,0,0,0,0,0,0,0,0,0,0,0,0,0,0,0,0,0,0,783,8457,26392,14544,8637,TCGA-EW-A1PH-DX1_xmin3455_ymin52049_MPP-0.2500+167
21446,26957,0,0,0,55,1718,0,0,0,0,0,0,0,0,0,0,0,0,0,0,0,0,0,0,20802,27601,0,0,0,55,1718,0,0,0,0,0,0,0,0,0,0,0,0,0,0,0,0,0,0,20636,27767,0,0,0,55,1718,0,0,0,0,0,0,0,0,0,0,0,0,0,0,0,0,0,0,4305,4756,20256,20859,15159,TCGA-EW-A1PH-DX1_xmin3455_ymin52049_MPP-0.2500+168
11479,16790,0,0,0,1720,20187,0,0,0,0,0,0,0,0,0,0,0,0,0,0,0,0,0,0,11447,16822,0,0,0,1813,20094,0,0,0,0,0,0,0,0,0,0,0,0,0,0,0,0,0,0,11399,16870,0,0,0,1927,19980,0,0,0,0,0,0,0,0,0,0,0,0,0,0,0,0,0,0,4039,5040,27695,13402,10339,TCGA-EW-A1PH-DX1_xmin3455_ymin52049_MPP-0.2500+169
0,0,0,0,0,0,50176,0,0,0,0,0,0,0,0,0,0,0,0,0,0,0,0,0,0,0,0,0,0,0,0,50176,0,0,0,0,0,0,0,0,0,0,0,0,0,0,0,0,0,0,0,0,0,0,0,0,50176,0,0,0,0,0,0,0,0,0,0,0,0,0,0,0,0,0,0,1584,0,48592,0,2200,TCGA-EW-A1PH-DX1_xmin3455_ymin52049_MPP-0.2500+17
15142,18861,0,0,0,940,15233,0,0,0,0,0,0,0,0,0,0,0,0,0,0,0,0,0,0,14658,19345,0,0,0,824,15349,0,0,0,0,0,0,0,0,0,0,0,0,0,0,0,0,0,0,14081,19922,0,0,0,750,15423,0,0,0,0,0,0,0,0,0,0,0,0,0,0,0,0,0,0,961,6265,26129,16821,11289,TCGA-EW-A1PH-DX1_xmin3455_ymin52049_MPP-0.2500+170
15301,6669,0,0,0,96,12509,0,0,0,0,0,0,0,0,0,15601,0,0,0,0,0,0,0,0,15375,6595,0,0,0,125,12480,0,0,0,0,0,0,0,0,0,15601,0,0,0,0,0,0,0,0,15108,6862,0,0,0,115,12490,0,0,0,0,0,0,0,0,0,15601,0,0,0,0,0,0,0,0,6562,1963,22269,19382,13961,TCGA-EW-A1PH-DX1_xmin3455_ymin52049_MPP-0.2500+171
8239,0,0,8810,0,736,0,0,8042,0,0,0,0,0,0,2675,0,0,21674,0,0,0,0,0,0,8750,0,0,8299,0,736,0,0,8042,0,0,0,0,0,0,3049,0,0,21300,0,0,0,0,0,0,8812,0,0,8237,0,741,0,0,8037,0,0,0,0,0,0,3277,0,0,21072,0,0,0,0,0,0,17362,6053,9098,17663,31206,TCGA-EW-A1PH-DX1_xmin3455_ymin52049_MPP-0.2500+172
50176,0,0,0,0,0,0,0,0,0,0,0,0,0,0,0,0,0,0,0,0,0,0,0,0,50176,0,0,0,0,0,0,0,0,0,0,0,0,0,0,0,0,0,0,0,0,0,0,0,0,50176,0,0,0,0,0,0,0,0,0,0,0,0,0,0,0,0,0,0,0,0,0,0,0,0,5385,529,41969,2293,7797,TCGA-EW-A1PH-DX1_xmin3455_ymin52049_MPP-0.2500+173
40440,9736,0,0,0,0,0,0,0,0,0,0,0,0,0,0,0,0,0,0,0,0,0,0,0,39987,10189,0,0,0,0,0,0,0,0,0,0,0,0,0,0,0,0,0,0,0,0,0,0,0,39582,10594,0,0,0,0,0,0,0,0,0,0,0,0,0,0,0,0,0,0,0,0,0,0,0,6917,109,38515,4635,6851,TCGA-EW-A1PH-DX1_xmin3455_ymin52049_MPP-0.2500+174
24929,25247,0,0,0,0,0,0,0,0,0,0,0,0,0,0,0,0,0,0,0,0,0,0,0,24845,25331,0,0,0,0,0,0,0,0,0,0,0,0,0,0,0,0,0,0,0,0,0,0,0,24649,25527,0,0,0,0,0,0,0,0,0,0,0,0,0,0,0,0,0,0,0,0,0,0,0,4090,3883,31261,10942,10682,TCGA-EW-A1PH-DX1_xmin3455_ymin52049_MPP-0.2500+175
31818,18358,0,0,0,0,0,0,0,0,0,0,0,0,0,0,0,0,0,0,0,0,0,0,0,32255,17921,0,0,0,0,0,0,0,0,0,0,0,0,0,0,0,0,0,0,0,0,0,0,0,31869,18307,0,0,0,0,0,0,0,0,0,0,0,0,0,0,0,0,0,0,0,0,0,0,0,3648,2061,34360,10107,7090,TCGA-EW-A1PH-DX1_xmin3455_ymin52049_MPP-0.2500+176
1,50175,0,0,0,0,0,0,0,0,0,0,0,0,0,0,0,0,0,0,0,0,0,0,0,1,50175,0,0,0,0,0,0,0,0,0,0,0,0,0,0,0,0,0,0,0,0,0,0,0,1,50175,0,0,0,0,0,0,0,0,0,0,0,0,0,0,0,0,0,0,0,0,0,0,0,3261,6397,21394,19124,10428,TCGA-EW-A1PH-DX1_xmin3455_ymin52049_MPP-0.2500+177
28320,21856,0,0,0,0,0,0,0,0,0,0,0,0,0,0,0,0,0,0,0,0,0,0,0,27641,22535,0,0,0,0,0,0,0,0,0,0,0,0,0,0,0,0,0,0,0,0,0,0,0,26532,23644,0,0,0,0,0,0,0,0,0,0,0,0,0,0,0,0,0,0,0,0,0,0,0,8356,883,33142,7795,12946,TCGA-EW-A1PH-DX1_xmin3455_ymin52049_MPP-0.2500+178
35857,10274,0,0,0,1046,2999,0,0,0,0,0,0,0,0,0,0,0,0,0,0,0,0,0,0,35729,10402,0,0,0,966,3079,0,0,0,0,0,0,0,0,0,0,0,0,0,0,0,0,0,0,35417,10714,0,0,0,905,3140,0,0,0,0,0,0,0,0,0,0,0,0,0,0,0,0,0,0,6452,2073,34356,7295,8819,TCGA-EW-A1PH-DX1_xmin3455_ymin52049_MPP-0.2500+179
0,0,0,0,0,0,50176,0,0,0,0,0,0,0,0,0,0,0,0,0,0,0,0,0,0,0,0,0,0,0,0,50176,0,0,0,0,0,0,0,0,0,0,0,0,0,0,0,0,0,0,0,0,0,0,0,0,50176,0,0,0,0,0,0,0,0,0,0,0,0,0,0,0,0,0,0,1347,0,48829,0,3028,TCGA-EW-A1PH-DX1_xmin3455_ymin52049_MPP-0.2500+18
22743,16457,0,0,0,2707,8269,0,0,0,0,0,0,0,0,0,0,0,0,0,0,0,0,0,0,22745,16455,0,0,0,2236,8740,0,0,0,0,0,0,0,0,0,0,0,0,0,0,0,0,0,0,22562,16638,0,0,0,2064,8912,0,0,0,0,0,0,0,0,0,0,0,0,0,0,0,0,0,0,3371,4555,29758,12492,9179,TCGA-EW-A1PH-DX1_xmin3455_ymin52049_MPP-0.2500+180
5386,20689,0,0,0,1200,22901,0,0,0,0,0,0,0,0,0,0,0,0,0,0,0,0,0,0,5301,20774,0,0,0,716,23385,0,0,0,0,0,0,0,0,0,0,0,0,0,0,0,0,0,0,5031,21044,0,0,0,481,23620,0,0,0,0,0,0,0,0,0,0,0,0,0,0,0,0,0,0,2966,3054,24654,19502,7249,TCGA-EW-A1PH-DX1_xmin3455_ymin52049_MPP-0.2500+181
33821,16355,0,0,0,0,0,0,0,0,0,0,0,0,0,0,0,0,0,0,0,0,0,0,0,33488,16688,0,0,0,0,0,0,0,0,0,0,0,0,0,0,0,0,0,0,0,0,0,0,0,32745,17431,0,0,0,0,0,0,0,0,0,0,0,0,0,0,0,0,0,0,0,0,0,0,0,7223,4137,25868,12948,11631,TCGA-EW-A1PH-DX1_xmin3455_ymin52049_MPP-0.2500+182
0,20652,0,0,0,0,29524,0,0,0,0,0,0,0,0,0,0,0,0,0,0,0,0,0,0,0,20652,0,0,0,0,29524,0,0,0,0,0,0,0,0,0,0,0,0,0,0,0,0,0,0,0,20652,0,0,0,0,29524,0,0,0,0,0,0,0,0,0,0,0,0,0,0,0,0,0,0,4264,6467,27445,12000,20555,TCGA-EW-A1PH-DX1_xmin3455_ymin52049_MPP-0.2500+183
0,25930,0,0,0,0,17137,0,0,0,0,0,0,0,0,0,7109,0,0,0,0,0,0,0,0,0,25930,0,0,0,0,17137,0,0,0,0,0,0,0,0,0,7109,0,0,0,0,0,0,0,0,0,25930,0,0,0,0,17137,0,0,0,0,0,0,0,0,0,7109,0,0,0,0,0,0,0,0,542,9160,20285,20189,8866,TCGA-EW-A1PH-DX1_xmin3455_ymin52049_MPP-0.2500+184
2227,859,0,0,0,186,46904,0,0,0,0,0,0,0,0,0,0,0,0,0,0,0,0,0,0,2192,894,0,0,0,174,46916,0,0,0,0,0,0,0,0,0,0,0,0,0,0,0,0,0,0,2232,854,0,0,0,247,46843,0,0,0,0,0,0,0,0,0,0,0,0,0,0,0,0,0,0,6416,290,42488,982,7480,TCGA-EW-A1PH-DX1_xmin3455_ymin52049_MPP-0.2500+185
17525,25942,0,0,0,419,6290,0,0,0,0,0,0,0,0,0,0,0,0,0,0,0,0,0,0,17953,25514,0,0,0,419,6290,0,0,0,0,0,0,0,0,0,0,0,0,0,0,0,0,0,0,17880,25587,0,0,0,417,6292,0,0,0,0,0,0,0,0,0,0,0,0,0,0,0,0,0,0,2548,5719,22807,19102,8962,TCGA-EW-A1PH-DX1_xmin3455_ymin52049_MPP-0.2500+186
50176,0,0,0,0,0,0,0,0,0,0,0,0,0,0,0,0,0,0,0,0,0,0,0,0,50176,0,0,0,0,0,0,0,0,0,0,0,0,0,0,0,0,0,0,0,0,0,0,0,0,50176,0,0,0,0,0,0,0,0,0,0,0,0,0,0,0,0,0,0,0,0,0,0,0,0,5216,0,44767,193,3520,TCGA-EW-A1PH-DX1_xmin3455_ymin52049_MPP-0.2500+187
32408,17768,0,0,0,0,0,0,0,0,0,0,0,0,0,0,0,0,0,0,0,0,0,0,0,31449,18727,0,0,0,0,0,0,0,0,0,0,0,0,0,0,0,0,0,0,0,0,0,0,0,31376,18800,0,0,0,0,0,0,0,0,0,0,0,0,0,0,0,0,0,0,0,0,0,0,0,6831,1970,29617,11758,6986,TCGA-EW-A1PH-DX1_xmin3455_ymin52049_MPP-0.2500+188
0,50176,0,0,0,0,0,0,0,0,0,0,0,0,0,0,0,0,0,0,0,0,0,0,0,0,50176,0,0,0,0,0,0,0,0,0,0,0,0,0,0,0,0,0,0,0,0,0,0,0,0,50176,0,0,0,0,0,0,0,0,0,0,0,0,0,0,0,0,0,0,0,0,0,0,0,0,11684,1221,37271,8648,TCGA-EW-A1PH-DX1_xmin3455_ymin52049_MPP-0.2500+189
0,0,0,0,0,0,50176,0,0,0,0,0,0,0,0,0,0,0,0,0,0,0,0,0,0,0,0,0,0,0,0,50176,0,0,0,0,0,0,0,0,0,0,0,0,0,0,0,0,0,0,0,0,0,0,0,0,50176,0,0,0,0,0,0,0,0,0,0,0,0,0,0,0,0,0,0,9126,116,37114,3820,8763,TCGA-EW-A1PH-DX1_xmin3455_ymin52049_MPP-0.2500+19
28505,21671,0,0,0,0,0,0,0,0,0,0,0,0,0,0,0,0,0,0,0,0,0,0,0,28614,21562,0,0,0,0,0,0,0,0,0,0,0,0,0,0,0,0,0,0,0,0,0,0,0,28150,22026,0,0,0,0,0,0,0,0,0,0,0,0,0,0,0,0,0,0,0,0,0,0,0,3839,3775,29643,12919,7893,TCGA-EW-A1PH-DX1_xmin3455_ymin52049_MPP-0.2500+190
22940,23965,0,0,0,374,2897,0,0,0,0,0,0,0,0,0,0,0,0,0,0,0,0,0,0,22910,23995,0,0,0,340,2931,0,0,0,0,0,0,0,0,0,0,0,0,0,0,0,0,0,0,23063,23842,0,0,0,324,2947,0,0,0,0,0,0,0,0,0,0,0,0,0,0,0,0,0,0,3018,4713,24260,18185,11151,TCGA-EW-A1PH-DX1_xmin3455_ymin52049_MPP-0.2500+191
26042,15987,0,0,0,652,7495,0,0,0,0,0,0,0,0,0,0,0,0,0,0,0,0,0,0,27073,14956,0,0,0,835,7312,0,0,0,0,0,0,0,0,0,0,0,0,0,0,0,0,0,0,26599,15430,0,0,0,798,7349,0,0,0,0,0,0,0,0,0,0,0,0,0,0,0,0,0,0,6179,1514,32754,9729,10355,TCGA-EW-A1PH-DX1_xmin3455_ymin52049_MPP-0.2500+192
19066,10904,0,0,0,2431,17775,0,0,0,0,0,0,0,0,0,0,0,0,0,0,0,0,0,0,18859,11111,0,0,0,2162,18044,0,0,0,0,0,0,0,0,0,0,0,0,0,0,0,0,0,0,18345,11625,0,0,0,1944,18262,0,0,0,0,0,0,0,0,0,0,0,0,0,0,0,0,0,0,4027,4559,31214,10376,9325,TCGA-EW-A1PH-DX1_xmin3455_ymin52049_MPP-0.2500+193
12712,30034,0,0,0,0,7430,0,0,0,0,0,0,0,0,0,0,0,0,0,0,0,0,0,0,12376,30370,0,0,0,0,7430,0,0,0,0,0,0,0,0,0,0,0,0,0,0,0,0,0,0,12279,30467,0,0,0,24,7406,0,0,0,0,0,0,0,0,0,0,0,0,0,0,0,0,0,0,1033,7520,17380,24243,12046,TCGA-EW-A1PH-DX1_xmin3455_ymin52049_MPP-0.2500+194
0,435,0,1708,0,0,42424,0,5609,0,0,0,0,0,0,0,0,0,0,0,0,0,0,0,0,0,837,0,1306,0,0,42975,0,5058,0,0,0,0,0,0,0,0,0,0,0,0,0,0,0,0,0,820,0,1323,0,0,42423,0,5610,0,0,0,0,0,0,0,0,0,0,0,0,0,0,0,0,8197,2214,35587,4178,19549,TCGA-EW-A1PH-DX1_xmin3455_ymin52049_MPP-0.2500+195
10698,9592,0,42,0,226,10906,0,442,0,0,0,0,0,0,252,8149,0,9869,0,0,0,0,0,0,10454,9874,0,4,0,370,11087,0,117,0,0,0,0,0,0,194,8897,0,9179,0,0,0,0,0,0,10616,9662,0,54,0,491,10843,0,240,0,0,0,0,0,0,245,8417,0,9608,0,0,0,0,0,0,4440,1693,22993,21050,15702,TCGA-EW-A1PH-DX1_xmin3455_ymin52049_MPP-0.2500+196
12472,3446,0,0,0,2194,32064,0,0,0,0,0,0,0,0,0,0,0,0,0,0,0,0,0,0,12451,3467,0,0,0,2236,32022,0,0,0,0,0,0,0,0,0,0,0,0,0,0,0,0,0,0,12459,3459,0,0,0,2141,32117,0,0,0,0,0,0,0,0,0,0,0,0,0,0,0,0,0,0,2340,678,41960,5198,5244,TCGA-EW-A1PH-DX1_xmin3455_ymin52049_MPP-0.2500+197
13458,22206,0,0,0,2926,11586,0,0,0,0,0,0,0,0,0,0,0,0,0,0,0,0,0,0,13442,22222,0,0,0,3234,11278,0,0,0,0,0,0,0,0,0,0,0,0,0,0,0,0,0,0,13430,22234,0,0,0,3439,11073,0,0,0,0,0,0,0,0,0,0,0,0,0,0,0,0,0,0,5104,3804,22631,18637,11985,TCGA-EW-A1PH-DX1_xmin3455_ymin52049_MPP-0.2500+198
50176,0,0,0,0,0,0,0,0,0,0,0,0,0,0,0,0,0,0,0,0,0,0,0,0,50176,0,0,0,0,0,0,0,0,0,0,0,0,0,0,0,0,0,0,0,0,0,0,0,0,50176,0,0,0,0,0,0,0,0,0,0,0,0,0,0,0,0,0,0,0,0,0,0,0,0,5012,419,42696,2049,6333,TCGA-EW-A1PH-DX1_xmin3455_ymin52049_MPP-0.2500+199
0,0,0,0,0,0,50176,0,0,0,0,0,0,0,0,0,0,0,0,0,0,0,0,0,0,0,0,0,0,0,0,50176,0,0,0,0,0,0,0,0,0,0,0,0,0,0,0,0,0,0,0,0,0,0,0,0,50176,0,0,0,0,0,0,0,0,0,0,0,0,0,0,0,0,0,0,4065,0,46111,0,5227,TCGA-EW-A1PH-DX1_xmin3455_ymin52049_MPP-0.2500+2
0,0,0,0,0,0,50176,0,0,0,0,0,0,0,0,0,0,0,0,0,0,0,0,0,0,0,0,0,0,0,0,50176,0,0,0,0,0,0,0,0,0,0,0,0,0,0,0,0,0,0,0,0,0,0,0,0,50176,0,0,0,0,0,0,0,0,0,0,0,0,0,0,0,0,0,0,6495,770,39431,3480,9208,TCGA-EW-A1PH-DX1_xmin3455_ymin52049_MPP-0.2500+20
32419,17757,0,0,0,0,0,0,0,0,0,0,0,0,0,0,0,0,0,0,0,0,0,0,0,50176,0,0,0,0,0,0,0,0,0,0,0,0,0,0,0,0,0,0,0,0,0,0,0,0,50176,0,0,0,0,0,0,0,0,0,0,0,0,0,0,0,0,0,0,0,0,0,0,0,0,7311,1103,37325,4437,8893,TCGA-EW-A1PH-DX1_xmin3455_ymin52049_MPP-0.2500+200
29612,20564,0,0,0,0,0,0,0,0,0,0,0,0,0,0,0,0,0,0,0,0,0,0,0,28920,21256,0,0,0,0,0,0,0,0,0,0,0,0,0,0,0,0,0,0,0,0,0,0,0,28304,21872,0,0,0,0,0,0,0,0,0,0,0,0,0,0,0,0,0,0,0,0,0,0,0,7990,1327,32729,8130,7742,TCGA-EW-A1PH-DX1_xmin3455_ymin52049_MPP-0.2500+201
49260,0,0,0,0,916,0,0,0,0,0,0,0,0,0,0,0,0,0,0,0,0,0,0,0,49260,0,0,0,0,916,0,0,0,0,0,0,0,0,0,0,0,0,0,0,0,0,0,0,0,49260,0,0,0,0,916,0,0,0,0,0,0,0,0,0,0,0,0,0,0,0,0,0,0,0,7144,154,38189,4689,8000,TCGA-EW-A1PH-DX1_xmin3455_ymin52049_MPP-0.2500+202
27776,13859,0,0,0,455,8086,0,0,0,0,0,0,0,0,0,0,0,0,0,0,0,0,0,0,27744,13891,0,0,0,465,8076,0,0,0,0,0,0,0,0,0,0,0,0,0,0,0,0,0,0,27621,14014,0,0,0,462,8079,0,0,0,0,0,0,0,0,0,0,0,0,0,0,0,0,0,0,3098,2412,36170,8496,4265,TCGA-EW-A1PH-DX1_xmin3455_ymin52049_MPP-0.2500+203
9684,33957,0,0,0,0,6535,0,0,0,0,0,0,0,0,0,0,0,0,0,0,0,0,0,0,9596,34045,0,0,0,0,6535,0,0,0,0,0,0,0,0,0,0,0,0,0,0,0,0,0,0,10002,33639,0,0,0,0,6535,0,0,0,0,0,0,0,0,0,0,0,0,0,0,0,0,0,0,819,7546,13762,28049,11179,TCGA-EW-A1PH-DX1_xmin3455_ymin52049_MPP-0.2500+204
0,14745,0,1229,0,0,27264,0,6938,0,0,0,0,0,0,0,0,0,0,0,0,0,0,0,0,0,14748,0,1226,0,0,28570,0,5632,0,0,0,0,0,0,0,0,0,0,0,0,0,0,0,0,0,14738,0,1236,0,0,27284,0,6918,0,0,0,0,0,0,0,0,0,0,0,0,0,0,0,0,2976,5931,30527,10742,21523,TCGA-EW-A1PH-DX1_xmin3455_ymin52049_MPP-0.2500+205
0,32762,0,0,0,0,16654,0,0,0,0,0,0,0,0,0,760,0,0,0,0,0,0,0,0,0,32762,0,0,0,0,16654,0,0,0,0,0,0,0,0,0,760,0,0,0,0,0,0,0,0,0,32762,0,0,0,0,16654,0,0,0,0,0,0,0,0,0,760,0,0,0,0,0,0,0,0,2552,4573,28784,14267,20141,TCGA-EW-A1PH-DX1_xmin3455_ymin52049_MPP-0.2500+206
33883,4134,0,0,0,1674,10485,0,0,0,0,0,0,0,0,0,0,0,0,0,0,0,0,0,0,33899,4118,0,0,0,1673,10486,0,0,0,0,0,0,0,0,0,0,0,0,0,0,0,0,0,0,33408,4609,0,0,0,1576,10583,0,0,0,0,0,0,0,0,0,0,0,0,0,0,0,0,0,0,3751,1672,39721,5032,9681,TCGA-EW-A1PH-DX1_xmin3455_ymin52049_MPP-0.2500+207
13858,21799,0,0,0,425,14094,0,0,0,0,0,0,0,0,0,0,0,0,0,0,0,0,0,0,13901,21756,0,0,0,516,14003,0,0,0,0,0,0,0,0,0,0,0,0,0,0,0,0,0,0,14185,21472,0,0,0,622,13897,0,0,0,0,0,0,0,0,0,0,0,0,0,0,0,0,0,0,4886,3309,22978,19003,10532,TCGA-EW-A1PH-DX1_xmin3455_ymin52049_MPP-0.2500+208
45610,4566,0,0,0,0,0,0,0,0,0,0,0,0,0,0,0,0,0,0,0,0,0,0,0,45619,4557,0,0,0,0,0,0,0,0,0,0,0,0,0,0,0,0,0,0,0,0,0,0,0,45405,4771,0,0,0,0,0,0,0,0,0,0,0,0,0,0,0,0,0,0,0,0,0,0,0,4209,0,42193,3774,5126,TCGA-EW-A1PH-DX1_xmin3455_ymin52049_MPP-0.2500+209
0,0,0,0,0,0,50176,0,0,0,0,0,0,0,0,0,0,0,0,0,0,0,0,0,0,0,0,0,0,0,0,50176,0,0,0,0,0,0,0,0,0,0,0,0,0,0,0,0,0,0,0,0,0,0,0,0,50176,0,0,0,0,0,0,0,0,0,0,0,0,0,0,0,0,0,0,2758,0,47418,0,4648,TCGA-EW-A1PH-DX1_xmin3455_ymin52049_MPP-0.2500+21
41290,8886,0,0,0,0,0,0,0,0,0,0,0,0,0,0,0,0,0,0,0,0,0,0,0,41024,9152,0,0,0,0,0,0,0,0,0,0,0,0,0,0,0,0,0,0,0,0,0,0,0,40130,10046,0,0,0,0,0,0,0,0,0,0,0,0,0,0,0,0,0,0,0,0,0,0,0,8250,0,37658,4268,6976,TCGA-EW-A1PH-DX1_xmin3455_ymin52049_MPP-0.2500+210
50176,0,0,0,0,0,0,0,0,0,0,0,0,0,0,0,0,0,0,0,0,0,0,0,0,50176,0,0,0,0,0,0,0,0,0,0,0,0,0,0,0,0,0,0,0,0,0,0,0,0,50176,0,0,0,0,0,0,0,0,0,0,0,0,0,0,0,0,0,0,0,0,0,0,0,0,5221,0,44439,516,3993,TCGA-EW-A1PH-DX1_xmin3455_ymin52049_MPP-0.2500+211
35353,13485,0,0,0,0,1338,0,0,0,0,0,0,0,0,0,0,0,0,0,0,0,0,0,0,35319,13519,0,0,0,0,1338,0,0,0,0,0,0,0,0,0,0,0,0,0,0,0,0,0,0,35204,13634,0,0,0,0,1338,0,0,0,0,0,0,0,0,0,0,0,0,0,0,0,0,0,0,1882,2697,36697,8900,8204,TCGA-EW-A1PH-DX1_xmin3455_ymin52049_MPP-0.2500+212
9664,29334,0,0,0,95,11083,0,0,0,0,0,0,0,0,0,0,0,0,0,0,0,0,0,0,9451,29547,0,0,0,91,11087,0,0,0,0,0,0,0,0,0,0,0,0,0,0,0,0,0,0,9647,29351,0,0,0,184,10994,0,0,0,0,0,0,0,0,0,0,0,0,0,0,0,0,0,0,129,8230,16883,24934,12139,TCGA-EW-A1PH-DX1_xmin3455_ymin52049_MPP-0.2500+213
14301,857,0,0,0,6143,28875,0,0,0,0,0,0,0,0,0,0,0,0,0,0,0,0,0,0,14287,871,0,0,0,6588,28430,0,0,0,0,0,0,0,0,0,0,0,0,0,0,0,0,0,0,14247,911,0,0,0,5472,29546,0,0,0,0,0,0,0,0,0,0,0,0,0,0,0,0,0,0,3982,5331,36098,4765,15233,TCGA-EW-A1PH-DX1_xmin3455_ymin52049_MPP-0.2500+214
20023,13770,0,0,0,1012,15371,0,0,0,0,0,0,0,0,0,0,0,0,0,0,0,0,0,0,19808,13985,0,0,0,1043,15340,0,0,0,0,0,0,0,0,0,0,0,0,0,0,0,0,0,0,20082,13711,0,0,0,1039,15344,0,0,0,0,0,0,0,0,0,0,0,0,0,0,0,0,0,0,2211,4800,28196,14969,8101,TCGA-EW-A1PH-DX1_xmin3455_ymin52049_MPP-0.2500+215
19573,5433,0,0,0,533,24637,0,0,0,0,0,0,0,0,0,0,0,0,0,0,0,0,0,0,19549,5457,0,0,0,860,24310,0,0,0,0,0,0,0,0,0,0,0,0,0,0,0,0,0,0,19418,5588,0,0,0,1223,23947,0,0,0,0,0,0,0,0,0,0,0,0,0,0,0,0,0,0,3346,2747,38944,5139,7864,TCGA-EW-A1PH-DX1_xmin3455_ymin52049_MPP-0.2500+216
25810,11728,0,0,0,1298,11340,0,0,0,0,0,0,0,0,0,0,0,0,0,0,0,0,0,0,25661,11877,0,0,0,1214,11424,0,0,0,0,0,0,0,0,0,0,0,0,0,0,0,0,0,0,24688,12850,0,0,0,947,11691,0,0,0,0,0,0,0,0,0,0,0,0,0,0,0,0,0,0,951,3929,31771,13525,5432,TCGA-EW-A1PH-DX1_xmin3455_ymin52049_MPP-0.2500+217
34106,16070,0,0,0,0,0,0,0,0,0,0,0,0,0,0,0,0,0,0,0,0,0,0,0,34675,15501,0,0,0,0,0,0,0,0,0,0,0,0,0,0,0,0,0,0,0,0,0,0,0,33797,16379,0,0,0,0,0,0,0,0,0,0,0,0,0,0,0,0,0,0,0,0,0,0,0,7856,307,35037,6976,8552,TCGA-EW-A1PH-DX1_xmin3455_ymin52049_MPP-0.2500+218
31140,19036,0,0,0,0,0,0,0,0,0,0,0,0,0,0,0,0,0,0,0,0,0,0,0,31400,18776,0,0,0,0,0,0,0,0,0,0,0,0,0,0,0,0,0,0,0,0,0,0,0,31600,18576,0,0,0,0,0,0,0,0,0,0,0,0,0,0,0,0,0,0,0,0,0,0,0,7794,815,33748,7819,6902,TCGA-EW-A1PH-DX1_xmin3455_ymin52049_MPP-0.2500+219
0,0,0,0,0,0,42061,2621,0,0,0,561,4514,0,0,0,0,0,0,0,0,0,0,0,419,0,0,0,0,0,0,42286,2396,0,0,0,602,4473,0,0,0,0,0,0,0,0,0,0,0,419,0,0,0,0,0,0,42261,2421,0,0,0,669,4406,0,0,0,0,0,0,0,0,0,0,0,419,7891,818,37683,3365,12334,TCGA-EW-A1PH-DX1_xmin3455_ymin52049_MPP-0.2500+22
11774,15803,0,0,0,3838,18761,0,0,0,0,0,0,0,0,0,0,0,0,0,0,0,0,0,0,11945,15632,0,0,0,3887,18712,0,0,0,0,0,0,0,0,0,0,0,0,0,0,0,0,0,0,12141,15436,0,0,0,3955,18644,0,0,0,0,0,0,0,0,0,0,0,0,0,0,0,0,0,0,3185,4124,26733,16134,6333,TCGA-EW-A1PH-DX1_xmin3455_ymin52049_MPP-0.2500+220
29174,10806,0,0,0,557,9639,0,0,0,0,0,0,0,0,0,0,0,0,0,0,0,0,0,0,29348,10632,0,0,0,595,9601,0,0,0,0,0,0,0,0,0,0,0,0,0,0,0,0,0,0,29176,10804,0,0,0,587,9609,0,0,0,0,0,0,0,0,0,0,0,0,0,0,0,0,0,0,3178,3039,32808,11151,11669,TCGA-EW-A1PH-DX1_xmin3455_ymin52049_MPP-0.2500+221
31551,13710,0,0,0,672,4243,0,0,0,0,0,0,0,0,0,0,0,0,0,0,0,0,0,0,31322,13939,0,0,0,576,4339,0,0,0,0,0,0,0,0,0,0,0,0,0,0,0,0,0,0,30891,14370,0,0,0,540,4375,0,0,0,0,0,0,0,0,0,0,0,0,0,0,0,0,0,0,3312,2269,33661,10934,9573,TCGA-EW-A1PH-DX1_xmin3455_ymin52049_MPP-0.2500+222
27494,14122,0,0,0,11,8549,0,0,0,0,0,0,0,0,0,0,0,0,0,0,0,0,0,0,27752,13864,0,0,0,11,8549,0,0,0,0,0,0,0,0,0,0,0,0,0,0,0,0,0,0,28558,13058,0,0,0,7,8553,0,0,0,0,0,0,0,0,0,0,0,0,0,0,0,0,0,0,2528,5049,31000,11599,7304,TCGA-EW-A1PH-DX1_xmin3455_ymin52049_MPP-0.2500+223
24015,18280,0,0,0,0,7881,0,0,0,0,0,0,0,0,0,0,0,0,0,0,0,0,0,0,24170,18125,0,0,0,0,7881,0,0,0,0,0,0,0,0,0,0,0,0,0,0,0,0,0,0,24425,17870,0,0,0,5,7876,0,0,0,0,0,0,0,0,0,0,0,0,0,0,0,0,0,0,2883,5471,27073,14749,8386,TCGA-EW-A1PH-DX1_xmin3455_ymin52049_MPP-0.2500+224
17600,10045,0,0,0,4792,17739,0,0,0,0,0,0,0,0,0,0,0,0,0,0,0,0,0,0,17613,10032,0,0,0,4486,18045,0,0,0,0,0,0,0,0,0,0,0,0,0,0,0,0,0,0,17772,9873,0,0,0,4528,18003,0,0,0,0,0,0,0,0,0,0,0,0,0,0,0,0,0,0,2453,2391,33573,11759,6183,TCGA-EW-A1PH-DX1_xmin3455_ymin52049_MPP-0.2500+225
23374,19309,0,0,0,0,7493,0,0,0,0,0,0,0,0,0,0,0,0,0,0,0,0,0,0,23390,19293,0,0,0,0,7493,0,0,0,0,0,0,0,0,0,0,0,0,0,0,0,0,0,0,23541,19142,0,0,0,0,7493,0,0,0,0,0,0,0,0,0,0,0,0,0,0,0,0,0,0,1637,3863,27406,17270,7481,TCGA-EW-A1PH-DX1_xmin3455_ymin52049_MPP-0.2500+226
18958,7394,0,0,0,2555,21269,0,0,0,0,0,0,0,0,0,0,0,0,0,0,0,0,0,0,18966,7386,0,0,0,2606,21218,0,0,0,0,0,0,0,0,0,0,0,0,0,0,0,0,0,0,19039,7313,0,0,0,2684,21140,0,0,0,0,0,0,0,0,0,0,0,0,0,0,0,0,0,0,1886,2677,38382,7231,6672,TCGA-EW-A1PH-DX1_xmin3455_ymin52049_MPP-0.2500+227
23271,22674,0,0,0,59,4172,0,0,0,0,0,0,0,0,0,0,0,0,0,0,0,0,0,0,22034,23911,0,0,0,15,4216,0,0,0,0,0,0,0,0,0,0,0,0,0,0,0,0,0,0,22447,23498,0,0,0,23,4208,0,0,0,0,0,0,0,0,0,0,0,0,0,0,0,0,0,0,3797,4056,27805,14518,11635,TCGA-EW-A1PH-DX1_xmin3455_ymin52049_MPP-0.2500+228
34463,13453,0,0,0,0,2260,0,0,0,0,0,0,0,0,0,0,0,0,0,0,0,0,0,0,34423,13493,0,0,0,0,2260,0,0,0,0,0,0,0,0,0,0,0,0,0,0,0,0,0,0,34269,13647,0,0,0,0,2260,0,0,0,0,0,0,0,0,0,0,0,0,0,0,0,0,0,0,6608,2358,34846,6364,7465,TCGA-EW-A1PH-DX1_xmin3455_ymin52049_MPP-0.2500+229
0,0,0,0,0,0,17891,1481,0,0,0,14542,16262,0,0,0,0,0,0,0,0,0,0,0,0,0,0,0,0,0,0,17680,1692,0,0,0,14664,16140,0,0,0,0,0,0,0,0,0,0,0,0,0,0,0,0,0,0,17377,1995,0,0,0,14779,16025,0,0,0,0,0,0,0,0,0,0,0,0,7485,997,26407,15287,11870,TCGA-EW-A1PH-DX1_xmin3455_ymin52049_MPP-0.2500+23
0,0,0,0,0,0,6525,543,0,0,0,31383,11725,0,0,0,0,0,0,0,0,0,0,0,0,0,0,0,0,0,0,6528,540,0,0,0,32219,10889,0,0,0,0,0,0,0,0,0,0,0,0,0,0,0,0,0,0,6525,543,0,0,0,32306,10802,0,0,0,0,0,0,0,0,0,0,0,0,1649,1638,15618,31271,6721,TCGA-EW-A1PH-DX1_xmin3455_ymin52049_MPP-0.2500+24
0,0,0,0,0,0,14921,0,0,0,0,7919,27336,0,0,0,0,0,0,0,0,0,0,0,0,0,0,0,0,0,0,14921,0,0,0,0,8521,26734,0,0,0,0,0,0,0,0,0,0,0,0,0,0,0,0,0,0,14921,0,0,0,0,9216,26039,0,0,0,0,0,0,0,0,0,0,0,0,10200,113,33424,6439,11890,TCGA-EW-A1PH-DX1_xmin3455_ymin52049_MPP-0.2500+25
0,0,0,0,0,0,50176,0,0,0,0,0,0,0,0,0,0,0,0,0,0,0,0,0,0,0,0,0,0,0,0,50176,0,0,0,0,0,0,0,0,0,0,0,0,0,0,0,0,0,0,0,0,0,0,0,0,50176,0,0,0,0,0,0,0,0,0,0,0,0,0,0,0,0,0,0,8541,0,41142,493,9808,TCGA-EW-A1PH-DX1_xmin3455_ymin52049_MPP-0.2500+26
0,0,0,0,0,0,50176,0,0,0,0,0,0,0,0,0,0,0,0,0,0,0,0,0,0,0,0,0,0,0,0,50176,0,0,0,0,0,0,0,0,0,0,0,0,0,0,0,0,0,0,0,0,0,0,0,0,50176,0,0,0,0,0,0,0,0,0,0,0,0,0,0,0,0,0,0,7414,275,37687,4800,14804,TCGA-EW-A1PH-DX1_xmin3455_ymin52049_MPP-0.2500+27
0,0,0,0,0,4,50172,0,0,0,0,0,0,0,0,0,0,0,0,0,0,0,0,0,0,0,0,0,0,0,4,50172,0,0,0,0,0,0,0,0,0,0,0,0,0,0,0,0,0,0,0,0,0,0,0,0,50176,0,0,0,0,0,0,0,0,0,0,0,0,0,0,0,0,0,0,5347,4,42685,2140,6496,TCGA-EW-A1PH-DX1_xmin3455_ymin52049_MPP-0.2500+28
0,0,0,0,0,0,38812,2450,0,0,0,1137,7777,0,0,0,0,0,0,0,0,0,0,0,0,0,0,0,0,0,0,38783,2479,0,0,0,1233,7681,0,0,0,0,0,0,0,0,0,0,0,0,0,0,0,0,0,0,38712,2550,0,0,0,1050,7864,0,0,0,0,0,0,0,0,0,0,0,0,9140,934,35070,5032,11569,TCGA-EW-A1PH-DX1_xmin3455_ymin52049_MPP-0.2500+29
0,0,0,0,0,0,50176,0,0,0,0,0,0,0,0,0,0,0,0,0,0,0,0,0,0,0,0,0,0,0,0,50176,0,0,0,0,0,0,0,0,0,0,0,0,0,0,0,0,0,0,0,0,0,0,0,0,50176,0,0,0,0,0,0,0,0,0,0,0,0,0,0,0,0,0,0,1847,5,48128,196,6129,TCGA-EW-A1PH-DX1_xmin3455_ymin52049_MPP-0.2500+3
0,0,0,0,0,0,36210,0,0,0,0,13966,0,0,0,0,0,0,0,0,0,0,0,0,0,0,0,0,0,0,0,36210,0,0,0,0,13966,0,0,0,0,0,0,0,0,0,0,0,0,0,0,0,0,0,0,0,36210,0,0,0,0,13966,0,0,0,0,0,0,0,0,0,0,0,0,0,5775,798,37580,6023,8073,TCGA-EW-A1PH-DX1_xmin3455_ymin52049_MPP-0.2500+30
0,0,0,0,0,0,50176,0,0,0,0,0,0,0,0,0,0,0,0,0,0,0,0,0,0,0,0,0,0,0,0,50176,0,0,0,0,0,0,0,0,0,0,0,0,0,0,0,0,0,0,0,0,0,0,0,0,50176,0,0,0,0,0,0,0,0,0,0,0,0,0,0,0,0,0,0,6296,16,41443,2421,10196,TCGA-EW-A1PH-DX1_xmin3455_ymin52049_MPP-0.2500+31
0,0,0,0,0,0,26784,8030,0,0,0,6040,9322,0,0,0,0,0,0,0,0,0,0,0,0,0,0,0,0,0,0,26745,8069,0,0,0,5989,9373,0,0,0,0,0,0,0,0,0,0,0,0,0,0,0,0,0,0,26565,8249,0,0,0,5945,9417,0,0,0,0,0,0,0,0,0,0,0,0,5528,2018,29989,12641,10406,TCGA-EW-A1PH-DX1_xmin3455_ymin52049_MPP-0.2500+32
0,0,0,0,0,0,16072,13375,0,0,0,9377,11351,0,0,0,1,0,0,0,0,0,0,0,0,0,0,0,0,0,0,16612,12835,0,0,0,9529,11199,0,0,0,1,0,0,0,0,0,0,0,0,0,0,0,0,0,0,17263,12184,0,0,0,9917,10811,0,0,0,1,0,0,0,0,0,0,0,0,7156,5918,20418,16684,9988,TCGA-EW-A1PH-DX1_xmin3455_ymin52049_MPP-0.2500+33
0,0,0,0,0,0,2626,20,0,0,0,20287,27243,0,0,0,0,0,0,0,0,0,0,0,0,0,0,0,0,0,0,2632,14,0,0,0,20785,26745,0,0,0,0,0,0,0,0,0,0,0,0,0,0,0,0,0,0,2639,7,0,0,0,21771,25759,0,0,0,0,0,0,0,0,0,0,0,0,6309,2379,12856,28632,10064,TCGA-EW-A1PH-DX1_xmin3455_ymin52049_MPP-0.2500+34
0,0,0,0,0,0,0,0,0,0,0,38273,11903,0,0,0,0,0,0,0,0,0,0,0,0,0,0,0,0,0,0,0,0,0,0,0,40097,10079,0,0,0,0,0,0,0,0,0,0,0,0,0,0,0,0,0,0,0,0,0,0,0,39734,10442,0,0,0,0,0,0,0,0,0,0,0,0,1893,3455,8228,36600,11585,TCGA-EW-A1PH-DX1_xmin3455_ymin52049_MPP-0.2500+35
0,0,0,0,0,0,1999,0,0,0,0,23706,23388,0,0,0,0,0,0,0,0,0,0,0,1083,0,0,0,0,0,0,1999,0,0,0,0,24814,22280,0,0,0,0,0,0,0,0,0,0,0,1083,0,0,0,0,0,0,1999,0,0,0,0,24860,22234,0,0,0,0,0,0,0,0,0,0,0,1083,4853,1512,14861,27867,12374,TCGA-EW-A1PH-DX1_xmin3455_ymin52049_MPP-0.2500+36
0,0,0,0,0,0,10684,0,0,0,0,8816,0,0,0,0,0,0,0,0,0,0,0,0,30676,0,0,0,0,0,0,10684,0,0,0,0,8816,0,0,0,0,0,0,0,0,0,0,0,0,30676,0,0,0,0,0,0,10684,0,0,0,0,8816,0,0,0,0,0,0,0,0,0,0,0,0,30676,824,982,9860,7834,5904,TCGA-EW-A1PH-DX1_xmin3455_ymin52049_MPP-0.2500+37
0,0,0,0,0,0,50176,0,0,0,0,0,0,0,0,0,0,0,0,0,0,0,0,0,0,0,0,0,0,0,0,50176,0,0,0,0,0,0,0,0,0,0,0,0,0,0,0,0,0,0,0,0,0,0,0,0,50176,0,0,0,0,0,0,0,0,0,0,0,0,0,0,0,0,0,0,11236,582,28941,9417,14940,TCGA-EW-A1PH-DX1_xmin3455_ymin52049_MPP-0.2500+38
0,0,0,0,0,0,50176,0,0,0,0,0,0,0,0,0,0,0,0,0,0,0,0,0,0,0,0,0,0,0,0,50176,0,0,0,0,0,0,0,0,0,0,0,0,0,0,0,0,0,0,0,0,0,0,0,0,50176,0,0,0,0,0,0,0,0,0,0,0,0,0,0,0,0,0,0,3973,5828,30303,10072,22416,TCGA-EW-A1PH-DX1_xmin3455_ymin52049_MPP-0.2500+39
0,0,0,0,0,0,50176,0,0,0,0,0,0,0,0,0,0,0,0,0,0,0,0,0,0,0,0,0,0,0,0,50176,0,0,0,0,0,0,0,0,0,0,0,0,0,0,0,0,0,0,0,0,0,0,0,0,50176,0,0,0,0,0,0,0,0,0,0,0,0,0,0,0,0,0,0,595,0,49581,0,5446,TCGA-EW-A1PH-DX1_xmin3455_ymin52049_MPP-0.2500+4
0,0,0,0,0,0,50176,0,0,0,0,0,0,0,0,0,0,0,0,0,0,0,0,0,0,0,0,0,0,0,0,50176,0,0,0,0,0,0,0,0,0,0,0,0,0,0,0,0,0,0,0,0,0,0,0,0,50176,0,0,0,0,0,0,0,0,0,0,0,0,0,0,0,0,0,0,6915,546,37865,4850,8695,TCGA-EW-A1PH-DX1_xmin3455_ymin52049_MPP-0.2500+40
0,0,0,0,0,0,50176,0,0,0,0,0,0,0,0,0,0,0,0,0,0,0,0,0,0,0,0,0,0,0,0,50176,0,0,0,0,0,0,0,0,0,0,0,0,0,0,0,0,0,0,0,0,0,0,0,0,50176,0,0,0,0,0,0,0,0,0,0,0,0,0,0,0,0,0,0,4970,0,44328,878,10225,TCGA-EW-A1PH-DX1_xmin3455_ymin52049_MPP-0.2500+41
0,0,0,0,0,0,50176,0,0,0,0,0,0,0,0,0,0,0,0,0,0,0,0,0,0,0,0,0,0,0,0,50176,0,0,0,0,0,0,0,0,0,0,0,0,0,0,0,0,0,0,0,0,0,0,0,0,50176,0,0,0,0,0,0,0,0,0,0,0,0,0,0,0,0,0,0,3403,0,46183,590,15536,TCGA-EW-A1PH-DX1_xmin3455_ymin52049_MPP-0.2500+42
0,0,0,0,0,0,50176,0,0,0,0,0,0,0,0,0,0,0,0,0,0,0,0,0,0,0,0,0,0,0,0,50176,0,0,0,0,0,0,0,0,0,0,0,0,0,0,0,0,0,0,0,0,0,0,0,0,50176,0,0,0,0,0,0,0,0,0,0,0,0,0,0,0,0,0,0,4084,0,45272,820,6425,TCGA-EW-A1PH-DX1_xmin3455_ymin52049_MPP-0.2500+43
0,0,0,0,0,0,44780,0,0,0,0,5396,0,0,0,0,0,0,0,0,0,0,0,0,0,0,0,0,0,0,0,44780,0,0,0,0,5396,0,0,0,0,0,0,0,0,0,0,0,0,0,0,0,0,0,0,0,44780,0,0,0,0,5396,0,0,0,0,0,0,0,0,0,0,0,0,0,3569,497,40525,5585,11010,TCGA-EW-A1PH-DX1_xmin3455_ymin52049_MPP-0.2500+44
0,0,0,0,0,0,3674,0,0,0,0,27703,11628,0,0,0,0,0,0,0,0,0,0,0,7171,0,0,0,0,0,0,3674,0,0,0,0,29668,9663,0,0,0,0,0,0,0,0,0,0,0,7171,0,0,0,0,0,0,3674,0,0,0,0,29830,9501,0,0,0,0,0,0,0,0,0,0,0,7171,6978,1161,9923,24943,11708,TCGA-EW-A1PH-DX1_xmin3455_ymin52049_MPP-0.2500+45
0,0,0,0,0,0,0,997,0,0,0,0,49179,0,0,0,0,0,0,0,0,0,0,0,0,0,0,0,0,0,0,0,997,0,0,0,0,49179,0,0,0,0,0,0,0,0,0,0,0,0,0,0,0,0,0,0,0,997,0,0,0,0,49179,0,0,0,0,0,0,0,0,0,0,0,0,18242,229,25174,6531,12782,TCGA-EW-A1PH-DX1_xmin3455_ymin52049_MPP-0.2500+46
0,0,0,0,0,0,649,298,0,0,0,28427,20802,0,0,0,0,0,0,0,0,0,0,0,0,0,0,0,0,0,0,728,219,0,0,0,29452,19777,0,0,0,0,0,0,0,0,0,0,0,0,0,0,0,0,0,0,746,201,0,0,0,29132,20097,0,0,0,0,0,0,0,0,0,0,0,0,3662,1559,14507,30448,6501,TCGA-EW-A1PH-DX1_xmin3455_ymin52049_MPP-0.2500+47
0,0,0,0,0,0,0,0,0,0,0,33916,16260,0,0,0,0,0,0,0,0,0,0,0,0,0,0,0,0,0,0,0,0,0,0,0,35834,14342,0,0,0,0,0,0,0,0,0,0,0,0,0,0,0,0,0,0,0,0,0,0,0,36020,14156,0,0,0,0,0,0,0,0,0,0,0,0,4942,1724,13086,30424,11715,TCGA-EW-A1PH-DX1_xmin3455_ymin52049_MPP-0.2500+48
0,0,0,0,0,0,0,0,0,0,0,21813,28363,0,0,0,0,0,0,0,0,0,0,0,0,0,0,0,0,0,0,0,0,0,0,0,21856,28320,0,0,0,0,0,0,0,0,0,0,0,0,0,0,0,0,0,0,0,0,0,0,0,22214,27962,0,0,0,0,0,0,0,0,0,0,0,0,16677,11,19342,14146,16381,TCGA-EW-A1PH-DX1_xmin3455_ymin52049_MPP-0.2500+49
0,0,0,0,0,0,50176,0,0,0,0,0,0,0,0,0,0,0,0,0,0,0,0,0,0,0,0,0,0,0,0,50176,0,0,0,0,0,0,0,0,0,0,0,0,0,0,0,0,0,0,0,0,0,0,0,0,50176,0,0,0,0,0,0,0,0,0,0,0,0,0,0,0,0,0,0,1767,0,48409,0,9882,TCGA-EW-A1PH-DX1_xmin3455_ymin52049_MPP-0.2500+5
0,0,0,0,0,0,24961,0,0,0,0,24354,0,0,0,0,0,0,0,0,0,0,0,0,861,0,0,0,0,0,0,24961,0,0,0,0,24354,0,0,0,0,0,0,0,0,0,0,0,0,861,0,0,0,0,0,0,24961,0,0,0,0,24354,0,0,0,0,0,0,0,0,0,0,0,0,861,2930,1870,23091,21424,7959,TCGA-EW-A1PH-DX1_xmin3455_ymin52049_MPP-0.2500+50
0,0,0,0,0,0,50176,0,0,0,0,0,0,0,0,0,0,0,0,0,0,0,0,0,0,0,0,0,0,0,0,50176,0,0,0,0,0,0,0,0,0,0,0,0,0,0,0,0,0,0,0,0,0,0,0,0,50176,0,0,0,0,0,0,0,0,0,0,0,0,0,0,0,0,0,0,8029,0,39946,2201,9649,TCGA-EW-A1PH-DX1_xmin3455_ymin52049_MPP-0.2500+51
0,0,0,0,0,0,50176,0,0,0,0,0,0,0,0,0,0,0,0,0,0,0,0,0,0,0,0,0,0,0,0,50176,0,0,0,0,0,0,0,0,0,0,0,0,0,0,0,0,0,0,0,0,0,0,0,0,50176,0,0,0,0,0,0,0,0,0,0,0,0,0,0,0,0,0,0,3907,0,45708,561,8802,TCGA-EW-A1PH-DX1_xmin3455_ymin52049_MPP-0.2500+52
0,0,0,0,0,0,48126,0,0,0,0,2050,0,0,0,0,0,0,0,0,0,0,0,0,0,0,0,0,0,0,0,48126,0,0,0,0,2050,0,0,0,0,0,0,0,0,0,0,0,0,0,0,0,0,0,0,0,48126,0,0,0,0,2050,0,0,0,0,0,0,0,0,0,0,0,0,0,5011,2246,39532,3387,18139,TCGA-EW-A1PH-DX1_xmin3455_ymin52049_MPP-0.2500+53
0,0,0,0,0,0,48904,0,0,0,0,1272,0,0,0,0,0,0,0,0,0,0,0,0,0,0,0,0,0,0,0,48904,0,0,0,0,1272,0,0,0,0,0,0,0,0,0,0,0,0,0,0,0,0,0,0,0,48904,0,0,0,0,1272,0,0,0,0,0,0,0,0,0,0,0,0,0,4569,0,44334,1273,4393,TCGA-EW-A1PH-DX1_xmin3455_ymin52049_MPP-0.2500+54
0,0,0,0,0,0,50176,0,0,0,0,0,0,0,0,0,0,0,0,0,0,0,0,0,0,0,0,0,0,0,0,50176,0,0,0,0,0,0,0,0,0,0,0,0,0,0,0,0,0,0,0,0,0,0,0,0,50176,0,0,0,0,0,0,0,0,0,0,0,0,0,0,0,0,0,0,6640,0,43397,139,7594,TCGA-EW-A1PH-DX1_xmin3455_ymin52049_MPP-0.2500+55
0,0,0,0,0,0,50176,0,0,0,0,0,0,0,0,0,0,0,0,0,0,0,0,0,0,0,0,0,0,0,0,50176,0,0,0,0,0,0,0,0,0,0,0,0,0,0,0,0,0,0,0,0,0,0,0,0,50176,0,0,0,0,0,0,0,0,0,0,0,0,0,0,0,0,0,0,1906,0,48270,0,2576,TCGA-EW-A1PH-DX1_xmin3455_ymin52049_MPP-0.2500+56
0,0,0,0,0,0,18662,0,0,0,0,31514,0,0,0,0,0,0,0,0,0,0,0,0,0,0,0,0,0,0,0,18662,0,0,0,0,31514,0,0,0,0,0,0,0,0,0,0,0,0,0,0,0,0,0,0,0,18662,0,0,0,0,31514,0,0,0,0,0,0,0,0,0,0,0,0,0,280,2601,20567,26728,4579,TCGA-EW-A1PH-DX1_xmin3455_ymin52049_MPP-0.2500+57
0,0,0,0,0,0,0,0,0,0,0,25211,23571,0,0,0,0,0,0,0,0,0,0,0,1394,0,0,0,0,0,0,0,0,0,0,0,25271,23511,0,0,0,0,0,0,0,0,0,0,0,1394,0,0,0,0,0,0,0,0,0,0,0,25736,23046,0,0,0,0,0,0,0,0,0,0,0,1394,10663,346,17376,20397,10479,TCGA-EW-A1PH-DX1_xmin3455_ymin52049_MPP-0.2500+58
0,0,0,0,0,0,0,0,0,0,0,14749,31977,0,0,0,0,0,0,0,0,0,0,0,3450,0,0,0,0,0,0,0,0,0,0,0,14944,31782,0,0,0,0,0,0,0,0,0,0,0,3450,0,0,0,0,0,0,0,0,0,0,0,15153,31573,0,0,0,0,0,0,0,0,0,0,0,3450,17148,105,18895,10578,15004,TCGA-EW-A1PH-DX1_xmin3455_ymin52049_MPP-0.2500+59
0,0,0,0,0,0,50176,0,0,0,0,0,0,0,0,0,0,0,0,0,0,0,0,0,0,0,0,0,0,0,0,50176,0,0,0,0,0,0,0,0,0,0,0,0,0,0,0,0,0,0,0,0,0,0,0,0,50176,0,0,0,0,0,0,0,0,0,0,0,0,0,0,0,0,0,0,2031,0,48145,0,4858,TCGA-EW-A1PH-DX1_xmin3455_ymin52049_MPP-0.2500+6
0,0,0,0,0,0,0,0,0,0,0,0,50176,0,0,0,0,0,0,0,0,0,0,0,0,0,0,0,0,0,0,0,0,0,0,0,0,50176,0,0,0,0,0,0,0,0,0,0,0,0,0,0,0,0,0,0,0,0,0,0,0,0,50176,0,0,0,0,0,0,0,0,0,0,0,0,22170,0,24973,3033,13926,TCGA-EW-A1PH-DX1_xmin3455_ymin52049_MPP-0.2500+60
0,0,0,0,0,0,0,0,0,0,0,31304,18872,0,0,0,0,0,0,0,0,0,0,0,0,0,0,0,0,0,0,0,0,0,0,0,32605,17571,0,0,0,0,0,0,0,0,0,0,0,0,0,0,0,0,0,0,0,0,0,0,0,36721,13455,0,0,0,0,0,0,0,0,0,0,0,0,2765,2576,8872,35963,7897,TCGA-EW-A1PH-DX1_xmin3455_ymin52049_MPP-0.2500+61
0,0,0,0,0,0,0,0,0,0,0,17301,32875,0,0,0,0,0,0,0,0,0,0,0,0,0,0,0,0,0,0,0,0,0,0,0,18414,31762,0,0,0,0,0,0,0,0,0,0,0,0,0,0,0,0,0,0,0,0,0,0,0,18753,31423,0,0,0,0,0,0,0,0,0,0,0,0,13473,84,17924,18695,11550,TCGA-EW-A1PH-DX1_xmin3455_ymin52049_MPP-0.2500+62
36777,12648,0,0,0,0,751,0,0,0,0,0,0,0,0,0,0,0,0,0,0,0,0,0,0,36346,13079,0,0,0,0,751,0,0,0,0,0,0,0,0,0,0,0,0,0,0,0,0,0,0,36259,13166,0,0,0,0,751,0,0,0,0,0,0,0,0,0,0,0,0,0,0,0,0,0,0,4521,448,36028,9179,7130,TCGA-EW-A1PH-DX1_xmin3455_ymin52049_MPP-0.2500+63
29820,4554,0,0,0,695,15107,0,0,0,0,0,0,0,0,0,0,0,0,0,0,0,0,0,0,29851,4523,0,0,0,821,14981,0,0,0,0,0,0,0,0,0,0,0,0,0,0,0,0,0,0,29677,4697,0,0,0,835,14967,0,0,0,0,0,0,0,0,0,0,0,0,0,0,0,0,0,0,4188,203,41296,4489,5050,TCGA-EW-A1PH-DX1_xmin3455_ymin52049_MPP-0.2500+64
6334,0,0,0,0,8184,35658,0,0,0,0,0,0,0,0,0,0,0,0,0,0,0,0,0,0,6334,0,0,0,0,7697,36145,0,0,0,0,0,0,0,0,0,0,0,0,0,0,0,0,0,0,6334,0,0,0,0,7140,36702,0,0,0,0,0,0,0,0,0,0,0,0,0,0,0,0,0,0,5272,2978,34483,7443,6558,TCGA-EW-A1PH-DX1_xmin3455_ymin52049_MPP-0.2500+65
0,0,0,0,0,0,48510,0,0,0,0,1666,0,0,0,0,0,0,0,0,0,0,0,0,0,0,0,0,0,0,0,48510,0,0,0,0,1666,0,0,0,0,0,0,0,0,0,0,0,0,0,0,0,0,0,0,0,48510,0,0,0,0,1666,0,0,0,0,0,0,0,0,0,0,0,0,0,6701,168,40986,2321,16560,TCGA-EW-A1PH-DX1_xmin3455_ymin52049_MPP-0.2500+66
0,0,0,0,0,0,15820,3115,0,0,0,14019,17222,0,0,0,0,0,0,0,0,0,0,0,0,0,0,0,0,0,0,15908,3027,0,0,0,14007,17234,0,0,0,0,0,0,0,0,0,0,0,0,0,0,0,0,0,0,16012,2923,0,0,0,13975,17266,0,0,0,0,0,0,0,0,0,0,0,0,7760,2787,26153,13476,12106,TCGA-EW-A1PH-DX1_xmin3455_ymin52049_MPP-0.2500+67
0,0,0,0,0,0,48048,0,0,0,0,2128,0,0,0,0,0,0,0,0,0,0,0,0,0,0,0,0,0,0,0,48048,0,0,0,0,2128,0,0,0,0,0,0,0,0,0,0,0,0,0,0,0,0,0,0,0,48048,0,0,0,0,2128,0,0,0,0,0,0,0,0,0,0,0,0,0,5941,1005,35642,7588,13210,TCGA-EW-A1PH-DX1_xmin3455_ymin52049_MPP-0.2500+68
0,0,0,0,0,0,41617,0,0,0,0,8559,0,0,0,0,0,0,0,0,0,0,0,0,0,0,0,0,0,0,0,41617,0,0,0,0,8559,0,0,0,0,0,0,0,0,0,0,0,0,0,0,0,0,0,0,0,41617,0,0,0,0,8559,0,0,0,0,0,0,0,0,0,0,0,0,0,3224,4951,24995,17006,8449,TCGA-EW-A1PH-DX1_xmin3455_ymin52049_MPP-0.2500+69
0,0,0,0,0,0,50176,0,0,0,0,0,0,0,0,0,0,0,0,0,0,0,0,0,0,0,0,0,0,0,0,50176,0,0,0,0,0,0,0,0,0,0,0,0,0,0,0,0,0,0,0,0,0,0,0,0,50176,0,0,0,0,0,0,0,0,0,0,0,0,0,0,0,0,0,0,2980,0,47196,0,5164,TCGA-EW-A1PH-DX1_xmin3455_ymin52049_MPP-0.2500+7
0,0,0,0,0,0,14464,0,0,0,0,35660,0,0,0,0,52,0,0,0,0,0,0,0,0,0,0,0,0,0,0,14464,0,0,0,0,35660,0,0,0,0,52,0,0,0,0,0,0,0,0,0,0,0,0,0,0,14464,0,0,0,0,35660,0,0,0,0,52,0,0,0,0,0,0,0,0,758,3139,17060,29219,7708,TCGA-EW-A1PH-DX1_xmin3455_ymin52049_MPP-0.2500+70
0,0,0,0,0,0,2314,0,0,0,0,31848,16014,0,0,0,0,0,0,0,0,0,0,0,0,0,0,0,0,0,0,2314,0,0,0,0,31837,16025,0,0,0,0,0,0,0,0,0,0,0,0,0,0,0,0,0,0,2314,0,0,0,0,31754,16108,0,0,0,0,0,0,0,0,0,0,0,0,9093,392,17341,23350,12900,TCGA-EW-A1PH-DX1_xmin3455_ymin52049_MPP-0.2500+71
0,0,0,0,0,0,0,0,0,0,0,16337,29275,0,0,0,0,0,0,0,0,0,0,0,4564,0,0,0,0,0,0,0,0,0,0,0,16432,29180,0,0,0,0,0,0,0,0,0,0,0,4564,0,0,0,0,0,0,0,0,0,0,0,16563,29049,0,0,0,0,0,0,0,0,0,0,0,4564,8834,115,23686,12977,12119,TCGA-EW-A1PH-DX1_xmin3455_ymin52049_MPP-0.2500+72
0,0,0,0,0,0,0,0,0,0,0,0,50176,0,0,0,0,0,0,0,0,0,0,0,0,0,0,0,0,0,0,0,0,0,0,0,0,50176,0,0,0,0,0,0,0,0,0,0,0,0,0,0,0,0,0,0,0,0,0,0,0,0,50176,0,0,0,0,0,0,0,0,0,0,0,0,14595,0,33075,2506,11572,TCGA-EW-A1PH-DX1_xmin3455_ymin52049_MPP-0.2500+73
0,0,0,0,0,0,0,0,0,0,0,28217,21959,0,0,0,0,0,0,0,0,0,0,0,0,0,0,0,0,0,0,0,0,0,0,0,29042,21134,0,0,0,0,0,0,0,0,0,0,0,0,0,0,0,0,0,0,0,0,0,0,0,29036,21140,0,0,0,0,0,0,0,0,0,0,0,0,12595,414,18531,18636,9454,TCGA-EW-A1PH-DX1_xmin3455_ymin52049_MPP-0.2500+74
0,0,0,0,0,0,1,3,0,0,0,24474,25698,0,0,0,0,0,0,0,0,0,0,0,0,0,0,0,0,0,0,4,0,0,0,0,25595,24577,0,0,0,0,0,0,0,0,0,0,0,0,0,0,0,0,0,0,4,0,0,0,0,24769,25403,0,0,0,0,0,0,0,0,0,0,0,0,14988,1821,13588,19779,13964,TCGA-EW-A1PH-DX1_xmin3455_ymin52049_MPP-0.2500+75
50176,0,0,0,0,0,0,0,0,0,0,0,0,0,0,0,0,0,0,0,0,0,0,0,0,50176,0,0,0,0,0,0,0,0,0,0,0,0,0,0,0,0,0,0,0,0,0,0,0,0,50176,0,0,0,0,0,0,0,0,0,0,0,0,0,0,0,0,0,0,0,0,0,0,0,0,1542,0,47598,1036,1668,TCGA-EW-A1PH-DX1_xmin3455_ymin52049_MPP-0.2500+76
50176,0,0,0,0,0,0,0,0,0,0,0,0,0,0,0,0,0,0,0,0,0,0,0,0,50176,0,0,0,0,0,0,0,0,0,0,0,0,0,0,0,0,0,0,0,0,0,0,0,0,50176,0,0,0,0,0,0,0,0,0,0,0,0,0,0,0,0,0,0,0,0,0,0,0,0,4180,0,45432,564,3600,TCGA-EW-A1PH-DX1_xmin3455_ymin52049_MPP-0.2500+77
50176,0,0,0,0,0,0,0,0,0,0,0,0,0,0,0,0,0,0,0,0,0,0,0,0,50176,0,0,0,0,0,0,0,0,0,0,0,0,0,0,0,0,0,0,0,0,0,0,0,0,50176,0,0,0,0,0,0,0,0,0,0,0,0,0,0,0,0,0,0,0,0,0,0,0,0,4992,0,44964,220,6855,TCGA-EW-A1PH-DX1_xmin3455_ymin52049_MPP-0.2500+78
37125,3961,0,0,0,1657,7433,0,0,0,0,0,0,0,0,0,0,0,0,0,0,0,0,0,0,37306,3780,0,0,0,1675,7415,0,0,0,0,0,0,0,0,0,0,0,0,0,0,0,0,0,0,37294,3792,0,0,0,1666,7424,0,0,0,0,0,0,0,0,0,0,0,0,0,0,0,0,0,0,5804,1120,40056,3196,5430,TCGA-EW-A1PH-DX1_xmin3455_ymin52049_MPP-0.2500+79
0,0,0,0,0,0,50176,0,0,0,0,0,0,0,0,0,0,0,0,0,0,0,0,0,0,0,0,0,0,0,0,50176,0,0,0,0,0,0,0,0,0,0,0,0,0,0,0,0,0,0,0,0,0,0,0,0,50176,0,0,0,0,0,0,0,0,0,0,0,0,0,0,0,0,0,0,1590,0,48270,316,2010,TCGA-EW-A1PH-DX1_xmin3455_ymin52049_MPP-0.2500+8
0,3931,0,0,0,0,46245,0,0,0,0,0,0,0,0,0,0,0,0,0,0,0,0,0,0,0,3931,0,0,0,0,46245,0,0,0,0,0,0,0,0,0,0,0,0,0,0,0,0,0,0,0,3931,0,0,0,0,46245,0,0,0,0,0,0,0,0,0,0,0,0,0,0,0,0,0,0,8580,2502,26833,12261,10876,TCGA-EW-A1PH-DX1_xmin3455_ymin52049_MPP-0.2500+80
0,0,0,0,0,0,50176,0,0,0,0,0,0,0,0,0,0,0,0,0,0,0,0,0,0,0,0,0,0,0,0,50176,0,0,0,0,0,0,0,0,0,0,0,0,0,0,0,0,0,0,0,0,0,0,0,0,50176,0,0,0,0,0,0,0,0,0,0,0,0,0,0,0,0,0,0,5888,550,31991,11747,11778,TCGA-EW-A1PH-DX1_xmin3455_ymin52049_MPP-0.2500+81
0,1623,0,0,0,0,48553,0,0,0,0,0,0,0,0,0,0,0,0,0,0,0,0,0,0,0,1623,0,0,0,0,48553,0,0,0,0,0,0,0,0,0,0,0,0,0,0,0,0,0,0,0,1623,0,0,0,0,48553,0,0,0,0,0,0,0,0,0,0,0,0,0,0,0,0,0,0,9669,2579,26869,11059,15952,TCGA-EW-A1PH-DX1_xmin3455_ymin52049_MPP-0.2500+82
0,1640,0,0,0,0,7127,725,0,0,0,23002,17682,0,0,0,0,0,0,0,0,0,0,0,0,0,1640,0,0,0,0,7126,726,0,0,0,22884,17800,0,0,0,0,0,0,0,0,0,0,0,0,0,1640,0,0,0,0,7115,737,0,0,0,22720,17964,0,0,0,0,0,0,0,0,0,0,0,0,5837,1898,18542,23899,11198,TCGA-EW-A1PH-DX1_xmin3455_ymin52049_MPP-0.2500+83
0,0,0,0,0,0,35387,119,0,0,0,9111,5559,0,0,0,0,0,0,0,0,0,0,0,0,0,0,0,0,0,0,35402,104,0,0,0,9507,5163,0,0,0,0,0,0,0,0,0,0,0,0,0,0,0,0,0,0,35477,29,0,0,0,9639,5031,0,0,0,0,0,0,0,0,0,0,0,0,4178,530,35432,10036,7402,TCGA-EW-A1PH-DX1_xmin3455_ymin52049_MPP-0.2500+84
4433,236,0,0,0,4657,24401,0,0,0,8,16441,0,0,0,0,0,0,0,0,0,0,0,0,0,4299,370,0,0,0,4291,24767,0,0,0,24,16425,0,0,0,0,0,0,0,0,0,0,0,0,0,4147,522,0,0,0,3991,25067,0,0,0,166,16283,0,0,0,0,0,0,0,0,0,0,0,0,0,4870,1869,25640,17797,12927,TCGA-EW-A1PH-DX1_xmin3455_ymin52049_MPP-0.2500+85
19835,6037,0,0,0,1526,7149,7,0,0,0,7771,7851,0,0,0,0,0,0,0,0,0,0,0,0,19812,6060,0,0,0,1533,7149,0,0,0,0,8155,7467,0,0,0,0,0,0,0,0,0,0,0,0,19678,6194,0,0,0,1490,7192,0,0,0,0,8176,7446,0,0,0,0,0,0,0,0,0,0,0,0,4518,1420,29947,14291,10310,TCGA-EW-A1PH-DX1_xmin3455_ymin52049_MPP-0.2500+86
0,0,0,0,0,0,11212,82,0,0,0,24724,14158,0,0,0,0,0,0,0,0,0,0,0,0,0,0,0,0,0,0,11214,80,0,0,0,26323,12559,0,0,0,0,0,0,0,0,0,0,0,0,0,0,0,0,0,0,11214,80,0,0,0,26591,12291,0,0,0,0,0,0,0,0,0,0,0,0,6040,1395,15810,26931,13549,TCGA-EW-A1PH-DX1_xmin3455_ymin52049_MPP-0.2500+87
0,0,0,0,0,0,14062,0,0,0,0,20411,15703,0,0,0,0,0,0,0,0,0,0,0,0,0,0,0,0,0,0,14062,0,0,0,0,20680,15434,0,0,0,0,0,0,0,0,0,0,0,0,0,0,0,0,0,0,14058,4,0,0,0,20766,15348,0,0,0,0,0,0,0,0,0,0,0,0,6567,933,25449,17227,12323,TCGA-EW-A1PH-DX1_xmin3455_ymin52049_MPP-0.2500+88
37986,12190,0,0,0,0,0,0,0,0,0,0,0,0,0,0,0,0,0,0,0,0,0,0,0,38182,11994,0,0,0,0,0,0,0,0,0,0,0,0,0,0,0,0,0,0,0,0,0,0,0,37989,12187,0,0,0,0,0,0,0,0,0,0,0,0,0,0,0,0,0,0,0,0,0,0,0,3330,1727,37954,7165,9169,TCGA-EW-A1PH-DX1_xmin3455_ymin52049_MPP-0.2500+89
0,0,0,0,0,4,40512,0,0,0,0,0,0,0,0,0,0,0,0,0,0,0,0,0,9660,0,0,0,0,0,4,40512,0,0,0,0,0,0,0,0,0,0,0,0,0,0,0,0,0,9660,0,0,0,0,0,0,40516,0,0,0,0,0,0,0,0,0,0,0,0,0,0,0,0,0,9660,4895,0,34898,723,5017,TCGA-EW-A1PH-DX1_xmin3455_ymin52049_MPP-0.2500+9
43551,6625,0,0,0,0,0,0,0,0,0,0,0,0,0,0,0,0,0,0,0,0,0,0,0,43402,6774,0,0,0,0,0,0,0,0,0,0,0,0,0,0,0,0,0,0,0,0,0,0,0,43215,6961,0,0,0,0,0,0,0,0,0,0,0,0,0,0,0,0,0,0,0,0,0,0,0,4678,299,41578,3621,2966,TCGA-EW-A1PH-DX1_xmin3455_ymin52049_MPP-0.2500+90
50176,0,0,0,0,0,0,0,0,0,0,0,0,0,0,0,0,0,0,0,0,0,0,0,0,50176,0,0,0,0,0,0,0,0,0,0,0,0,0,0,0,0,0,0,0,0,0,0,0,0,50176,0,0,0,0,0,0,0,0,0,0,0,0,0,0,0,0,0,0,0,0,0,0,0,0,3864,0,44726,1586,7524,TCGA-EW-A1PH-DX1_xmin3455_ymin52049_MPP-0.2500+91
50176,0,0,0,0,0,0,0,0,0,0,0,0,0,0,0,0,0,0,0,0,0,0,0,0,50176,0,0,0,0,0,0,0,0,0,0,0,0,0,0,0,0,0,0,0,0,0,0,0,0,50176,0,0,0,0,0,0,0,0,0,0,0,0,0,0,0,0,0,0,0,0,0,0,0,0,6259,17,42542,1358,3390,TCGA-EW-A1PH-DX1_xmin3455_ymin52049_MPP-0.2500+92
40933,9243,0,0,0,0,0,0,0,0,0,0,0,0,0,0,0,0,0,0,0,0,0,0,0,40859,9317,0,0,0,0,0,0,0,0,0,0,0,0,0,0,0,0,0,0,0,0,0,0,0,40836,9340,0,0,0,0,0,0,0,0,0,0,0,0,0,0,0,0,0,0,0,0,0,0,0,4944,950,38694,5588,6072,TCGA-EW-A1PH-DX1_xmin3455_ymin52049_MPP-0.2500+93
43797,0,0,0,0,6379,0,0,0,0,0,0,0,0,0,0,0,0,0,0,0,0,0,0,0,36529,7268,0,0,0,544,5835,0,0,0,0,0,0,0,0,0,0,0,0,0,0,0,0,0,0,36313,7484,0,0,0,536,5843,0,0,0,0,0,0,0,0,0,0,0,0,0,0,0,0,0,0,4541,1606,38028,6001,6014,TCGA-EW-A1PH-DX1_xmin3455_ymin52049_MPP-0.2500+94
6090,2282,0,0,0,4592,37212,0,0,0,0,0,0,0,0,0,0,0,0,0,0,0,0,0,0,6182,2190,0,0,0,4687,37117,0,0,0,0,0,0,0,0,0,0,0,0,0,0,0,0,0,0,6306,2066,0,0,0,4846,36958,0,0,0,0,0,0,0,0,0,0,0,0,0,0,0,0,0,0,7270,1193,34875,6838,7087,TCGA-EW-A1PH-DX1_xmin3455_ymin52049_MPP-0.2500+95
2278,2644,0,0,0,3463,41791,0,0,0,0,0,0,0,0,0,0,0,0,0,0,0,0,0,0,2245,2677,0,0,0,3449,41805,0,0,0,0,0,0,0,0,0,0,0,0,0,0,0,0,0,0,2295,2627,0,0,0,3496,41758,0,0,0,0,0,0,0,0,0,0,0,0,0,0,0,0,0,0,9268,899,28996,11013,11274,TCGA-EW-A1PH-DX1_xmin3455_ymin52049_MPP-0.2500+96
9414,4862,0,0,0,835,14618,0,0,0,466,19981,0,0,0,0,0,0,0,0,0,0,0,0,0,9551,4725,0,0,0,1007,14446,0,0,0,576,19871,0,0,0,0,0,0,0,0,0,0,0,0,0,9493,4783,0,0,0,1074,14379,0,0,0,950,19497,0,0,0,0,0,0,0,0,0,0,0,0,0,7507,1115,26836,14718,9482,TCGA-EW-A1PH-DX1_xmin3455_ymin52049_MPP-0.2500+97
0,5679,0,0,0,0,24790,0,0,0,0,19707,0,0,0,0,0,0,0,0,0,0,0,0,0,0,5679,0,0,0,0,24790,0,0,0,0,19707,0,0,0,0,0,0,0,0,0,0,0,0,0,0,5679,0,0,0,0,24790,0,0,0,0,19707,0,0,0,0,0,0,0,0,0,0,0,0,0,5902,1533,22162,20579,12492,TCGA-EW-A1PH-DX1_xmin3455_ymin52049_MPP-0.2500+98
15686,4546,0,0,0,5841,24103,0,0,0,0,0,0,0,0,0,0,0,0,0,0,0,0,0,0,15726,4506,0,0,0,5627,24317,0,0,0,0,0,0,0,0,0,0,0,0,0,0,0,0,0,0,15790,4442,0,0,0,5533,24411,0,0,0,0,0,0,0,0,0,0,0,0,0,0,0,0,0,0,3601,3093,35535,7947,8074,TCGA-EW-A1PH-DX1_xmin3455_ymin52049_MPP-0.2500+99
0,0,0,0,0,0,0,0,0,0,0,0,0,0,0,176,0,0,50000,0,0,0,0,0,0,0,0,0,0,0,0,0,0,0,0,0,0,0,0,0,112,0,0,50064,0,0,0,0,0,0,0,0,0,0,0,0,0,0,0,0,0,0,0,0,0,112,0,0,50064,0,0,0,0,0,0,34677,0,4690,10809,40529,TCGA-GM-A2DB-DX1_xmin50586_ymin43110_MPP-0.2500+0
0,0,0,0,0,0,0,0,0,0,0,0,0,0,0,0,0,0,50176,0,0,0,0,0,0,0,0,0,0,0,0,0,0,0,0,0,0,0,0,0,16,0,0,50160,0,0,0,0,0,0,0,0,0,0,0,0,0,0,0,0,0,0,0,0,0,16,0,0,50160,0,0,0,0,0,0,34432,0,10948,4796,43053,TCGA-GM-A2DB-DX1_xmin50586_ymin43110_MPP-0.2500+1
0,196,0,0,0,0,49980,0,0,0,0,0,0,0,0,0,0,0,0,0,0,0,0,0,0,0,196,0,0,0,0,49980,0,0,0,0,0,0,0,0,0,0,0,0,0,0,0,0,0,0,0,196,0,0,0,0,49980,0,0,0,0,0,0,0,0,0,0,0,0,0,0,0,0,0,0,2981,0,46999,196,4290,TCGA-GM-A2DB-DX1_xmin50586_ymin43110_MPP-0.2500+10
48598,0,0,0,0,1578,0,0,0,0,0,0,0,0,0,0,0,0,0,0,0,0,0,0,0,48598,0,0,0,0,1578,0,0,0,0,0,0,0,0,0,0,0,0,0,0,0,0,0,0,0,48598,0,0,0,0,1578,0,0,0,0,0,0,0,0,0,0,0,0,0,0,0,0,0,0,0,4421,795,44177,783,2903,TCGA-GM-A2DB-DX1_xmin50586_ymin43110_MPP-0.2500+100
38514,0,0,0,0,11662,0,0,0,0,0,0,0,0,0,0,0,0,0,0,0,0,0,0,0,38514,0,0,0,0,11662,0,0,0,0,0,0,0,0,0,0,0,0,0,0,0,0,0,0,0,38514,0,0,0,0,11662,0,0,0,0,0,0,0,0,0,0,0,0,0,0,0,0,0,0,0,3934,2920,33766,9556,5966,TCGA-GM-A2DB-DX1_xmin50586_ymin43110_MPP-0.2500+101
50176,0,0,0,0,0,0,0,0,0,0,0,0,0,0,0,0,0,0,0,0,0,0,0,0,50176,0,0,0,0,0,0,0,0,0,0,0,0,0,0,0,0,0,0,0,0,0,0,0,0,50176,0,0,0,0,0,0,0,0,0,0,0,0,0,0,0,0,0,0,0,0,0,0,0,0,4252,0,45924,0,4398,TCGA-GM-A2DB-DX1_xmin50586_ymin43110_MPP-0.2500+102
50176,0,0,0,0,0,0,0,0,0,0,0,0,0,0,0,0,0,0,0,0,0,0,0,0,50176,0,0,0,0,0,0,0,0,0,0,0,0,0,0,0,0,0,0,0,0,0,0,0,0,50176,0,0,0,0,0,0,0,0,0,0,0,0,0,0,0,0,0,0,0,0,0,0,0,0,3260,0,46916,0,4881,TCGA-GM-A2DB-DX1_xmin50586_ymin43110_MPP-0.2500+103
33873,0,0,0,0,16303,0,0,0,0,0,0,0,0,0,0,0,0,0,0,0,0,0,0,0,33873,0,0,0,0,16303,0,0,0,0,0,0,0,0,0,0,0,0,0,0,0,0,0,0,0,33873,0,0,0,0,16303,0,0,0,0,0,0,0,0,0,0,0,0,0,0,0,0,0,0,0,3336,55,45534,1251,5798,TCGA-GM-A2DB-DX1_xmin50586_ymin43110_MPP-0.2500+104
23802,0,0,0,0,26374,0,0,0,0,0,0,0,0,0,0,0,0,0,0,0,0,0,0,0,23802,0,0,0,0,26374,0,0,0,0,0,0,0,0,0,0,0,0,0,0,0,0,0,0,0,23802,0,0,0,0,26374,0,0,0,0,0,0,0,0,0,0,0,0,0,0,0,0,0,0,0,2076,714,45465,1921,6751,TCGA-GM-A2DB-DX1_xmin50586_ymin43110_MPP-0.2500+105
50094,0,0,0,0,82,0,0,0,0,0,0,0,0,0,0,0,0,0,0,0,0,0,0,0,50094,0,0,0,0,82,0,0,0,0,0,0,0,0,0,0,0,0,0,0,0,0,0,0,0,50094,0,0,0,0,82,0,0,0,0,0,0,0,0,0,0,0,0,0,0,0,0,0,0,0,2174,50,47840,112,2923,TCGA-GM-A2DB-DX1_xmin50586_ymin43110_MPP-0.2500+106
50176,0,0,0,0,0,0,0,0,0,0,0,0,0,0,0,0,0,0,0,0,0,0,0,0,50176,0,0,0,0,0,0,0,0,0,0,0,0,0,0,0,0,0,0,0,0,0,0,0,0,50176,0,0,0,0,0,0,0,0,0,0,0,0,0,0,0,0,0,0,0,0,0,0,0,0,2470,0,47706,0,3081,TCGA-GM-A2DB-DX1_xmin50586_ymin43110_MPP-0.2500+107
50176,0,0,0,0,0,0,0,0,0,0,0,0,0,0,0,0,0,0,0,0,0,0,0,0,50176,0,0,0,0,0,0,0,0,0,0,0,0,0,0,0,0,0,0,0,0,0,0,0,0,50176,0,0,0,0,0,0,0,0,0,0,0,0,0,0,0,0,0,0,0,0,0,0,0,0,1145,0,49031,0,1275,TCGA-GM-A2DB-DX1_xmin50586_ymin43110_MPP-0.2500+108
20246,6990,0,0,0,0,22940,0,0,0,0,0,0,0,0,0,0,0,0,0,0,0,0,0,0,20120,7116,0,0,0,0,22940,0,0,0,0,0,0,0,0,0,0,0,0,0,0,0,0,0,0,19974,7262,0,0,0,0,22940,0,0,0,0,0,0,0,0,0,0,0,0,0,0,0,0,0,0,7735,1452,34808,6181,13292,TCGA-GM-A2DB-DX1_xmin50586_ymin43110_MPP-0.2500+109
8519,12722,0,0,0,2306,26629,0,0,0,0,0,0,0,0,0,0,0,0,0,0,0,0,0,0,8476,12765,0,0,0,2303,26632,0,0,0,0,0,0,0,0,0,0,0,0,0,0,0,0,0,0,8510,12731,0,0,0,2332,26603,0,0,0,0,0,0,0,0,0,0,0,0,0,0,0,0,0,0,4841,3401,30317,11617,7510,TCGA-GM-A2DB-DX1_xmin50586_ymin43110_MPP-0.2500+11
0,0,0,0,0,0,50176,0,0,0,0,0,0,0,0,0,0,0,0,0,0,0,0,0,0,0,0,0,0,0,0,50176,0,0,0,0,0,0,0,0,0,0,0,0,0,0,0,0,0,0,0,0,0,0,0,0,50176,0,0,0,0,0,0,0,0,0,0,0,0,0,0,0,0,0,0,8644,528,34727,6277,10332,TCGA-GM-A2DB-DX1_xmin50586_ymin43110_MPP-0.2500+110
0,6392,0,0,0,0,43784,0,0,0,0,0,0,0,0,0,0,0,0,0,0,0,0,0,0,0,6392,0,0,0,0,43784,0,0,0,0,0,0,0,0,0,0,0,0,0,0,0,0,0,0,0,6392,0,0,0,0,43784,0,0,0,0,0,0,0,0,0,0,0,0,0,0,0,0,0,0,12676,1243,31835,4422,13193,TCGA-GM-A2DB-DX1_xmin50586_ymin43110_MPP-0.2500+111
50176,0,0,0,0,0,0,0,0,0,0,0,0,0,0,0,0,0,0,0,0,0,0,0,0,50176,0,0,0,0,0,0,0,0,0,0,0,0,0,0,0,0,0,0,0,0,0,0,0,0,50176,0,0,0,0,0,0,0,0,0,0,0,0,0,0,0,0,0,0,0,0,0,0,0,0,1299,0,48877,0,1090,TCGA-GM-A2DB-DX1_xmin50586_ymin43110_MPP-0.2500+112
50176,0,0,0,0,0,0,0,0,0,0,0,0,0,0,0,0,0,0,0,0,0,0,0,0,50176,0,0,0,0,0,0,0,0,0,0,0,0,0,0,0,0,0,0,0,0,0,0,0,0,50176,0,0,0,0,0,0,0,0,0,0,0,0,0,0,0,0,0,0,0,0,0,0,0,0,3215,0,46961,0,1821,TCGA-GM-A2DB-DX1_xmin50586_ymin43110_MPP-0.2500+113
50176,0,0,0,0,0,0,0,0,0,0,0,0,0,0,0,0,0,0,0,0,0,0,0,0,50176,0,0,0,0,0,0,0,0,0,0,0,0,0,0,0,0,0,0,0,0,0,0,0,0,50176,0,0,0,0,0,0,0,0,0,0,0,0,0,0,0,0,0,0,0,0,0,0,0,0,171,0,50005,0,829,TCGA-GM-A2DB-DX1_xmin50586_ymin43110_MPP-0.2500+114
6959,43217,0,0,0,0,0,0,0,0,0,0,0,0,0,0,0,0,0,0,0,0,0,0,0,544,49632,0,0,0,0,0,0,0,0,0,0,0,0,0,0,0,0,0,0,0,0,0,0,0,544,49632,0,0,0,0,0,0,0,0,0,0,0,0,0,0,0,0,0,0,0,0,0,0,0,244,3786,5922,40224,9444,TCGA-GM-A2DB-DX1_xmin50586_ymin43110_MPP-0.2500+115
2120,0,0,3281,0,0,0,0,0,0,0,0,0,0,0,1736,0,0,43039,0,0,0,0,0,0,1658,0,0,3743,0,0,0,0,0,0,0,0,0,0,0,1782,0,0,42993,0,0,0,0,0,0,1659,0,0,3742,0,0,0,0,0,0,0,0,0,0,0,1717,0,0,43058,0,0,0,0,0,0,30099,414,4723,14940,36455,TCGA-GM-A2DB-DX1_xmin50586_ymin43110_MPP-0.2500+116
0,0,0,0,0,0,0,0,0,0,0,0,0,0,0,0,0,0,50176,0,0,0,0,0,0,0,0,0,0,0,0,0,0,0,0,0,0,0,0,0,0,0,0,50176,0,0,0,0,0,0,0,0,0,0,0,0,0,0,0,0,0,0,0,0,0,0,0,0,50176,0,0,0,0,0,0,39603,0,8378,2195,46634,TCGA-GM-A2DB-DX1_xmin50586_ymin43110_MPP-0.2500+117
0,0,0,43,0,0,0,0,0,0,0,0,0,0,0,0,0,0,50133,0,0,0,0,0,0,0,0,0,43,0,0,0,0,0,0,0,0,0,0,0,0,0,0,50133,0,0,0,0,0,0,0,0,0,43,0,0,0,0,0,0,0,0,0,0,0,0,0,0,50133,0,0,0,0,0,0,42226,0,5738,2212,46746,TCGA-GM-A2DB-DX1_xmin50586_ymin43110_MPP-0.2500+118
15483,0,0,11201,0,54,0,0,866,0,0,0,0,0,0,0,0,0,22572,0,0,0,0,0,0,15730,0,0,10954,0,55,0,0,865,0,0,0,0,0,0,45,0,0,22527,0,0,0,0,0,0,15616,0,0,11068,0,54,0,0,866,0,0,0,0,0,0,26,0,0,22546,0,0,0,0,0,0,17893,3478,20654,8151,31018,TCGA-GM-A2DB-DX1_xmin50586_ymin43110_MPP-0.2500+119
49003,0,0,0,0,937,0,0,0,0,0,0,0,0,0,236,0,0,0,0,0,0,0,0,0,49003,0,0,0,0,937,0,0,0,0,0,0,0,0,0,236,0,0,0,0,0,0,0,0,0,49003,0,0,0,0,937,0,0,0,0,0,0,0,0,0,236,0,0,0,0,0,0,0,0,0,2675,77,45971,1453,3980,TCGA-GM-A2DB-DX1_xmin50586_ymin43110_MPP-0.2500+12
50096,0,0,0,0,80,0,0,0,0,0,0,0,0,0,0,0,0,0,0,0,0,0,0,0,50096,0,0,0,0,80,0,0,0,0,0,0,0,0,0,0,0,0,0,0,0,0,0,0,0,50096,0,0,0,0,80,0,0,0,0,0,0,0,0,0,0,0,0,0,0,0,0,0,0,0,1400,0,47234,1542,2545,TCGA-GM-A2DB-DX1_xmin50586_ymin43110_MPP-0.2500+120
44223,0,0,0,0,5953,0,0,0,0,0,0,0,0,0,0,0,0,0,0,0,0,0,0,0,44223,0,0,0,0,5953,0,0,0,0,0,0,0,0,0,0,0,0,0,0,0,0,0,0,0,44223,0,0,0,0,5953,0,0,0,0,0,0,0,0,0,0,0,0,0,0,0,0,0,0,0,6182,1086,35443,7465,8297,TCGA-GM-A2DB-DX1_xmin50586_ymin43110_MPP-0.2500+121
35313,0,0,0,0,14863,0,0,0,0,0,0,0,0,0,0,0,0,0,0,0,0,0,0,0,35313,0,0,0,0,14863,0,0,0,0,0,0,0,0,0,0,0,0,0,0,0,0,0,0,0,35313,0,0,0,0,14863,0,0,0,0,0,0,0,0,0,0,0,0,0,0,0,0,0,0,0,1009,1538,37689,9940,5009,TCGA-GM-A2DB-DX1_xmin50586_ymin43110_MPP-0.2500+122
39167,0,0,0,0,1708,0,0,0,0,0,0,0,0,0,0,0,0,0,0,0,0,0,0,9301,39167,0,0,0,0,1708,0,0,0,0,0,0,0,0,0,0,0,0,0,0,0,0,0,0,9301,39167,0,0,0,0,1708,0,0,0,0,0,0,0,0,0,0,0,0,0,0,0,0,0,0,9301,2483,244,35418,2730,3739,TCGA-GM-A2DB-DX1_xmin50586_ymin43110_MPP-0.2500+123
27151,0,0,0,0,5049,0,0,0,0,0,0,0,0,0,0,0,0,0,0,0,0,0,0,17976,27151,0,0,0,0,5049,0,0,0,0,0,0,0,0,0,0,0,0,0,0,0,0,0,0,17976,27151,0,0,0,0,5049,0,0,0,0,0,0,0,0,0,0,0,0,0,0,0,0,0,0,17976,2105,952,23427,5716,5217,TCGA-GM-A2DB-DX1_xmin50586_ymin43110_MPP-0.2500+124
49144,0,0,0,0,1032,0,0,0,0,0,0,0,0,0,0,0,0,0,0,0,0,0,0,0,49144,0,0,0,0,1032,0,0,0,0,0,0,0,0,0,0,0,0,0,0,0,0,0,0,0,49144,0,0,0,0,1032,0,0,0,0,0,0,0,0,0,0,0,0,0,0,0,0,0,0,0,2725,68,46779,604,3343,TCGA-GM-A2DB-DX1_xmin50586_ymin43110_MPP-0.2500+125
0,0,0,1733,0,0,0,0,8910,0,0,0,0,0,0,0,0,0,39533,0,0,0,0,0,0,0,0,0,1733,0,0,0,0,8910,0,0,0,0,0,0,0,0,0,39533,0,0,0,0,0,0,0,0,0,1733,0,0,0,0,8910,0,0,0,0,0,0,0,0,0,39533,0,0,0,0,0,0,23999,3619,15690,6868,35206,TCGA-GM-A2DB-DX1_xmin50586_ymin43110_MPP-0.2500+126
17766,0,0,3,0,4445,0,0,5710,0,0,0,0,0,0,163,0,0,22089,0,0,0,0,0,0,17768,0,0,1,0,4643,0,0,5512,0,0,0,0,0,0,135,0,0,22117,0,0,0,0,0,0,17769,0,0,0,0,4686,0,0,5469,0,0,0,0,0,0,136,0,0,22116,0,0,0,0,0,0,16813,2253,23489,7621,23027,TCGA-GM-A2DB-DX1_xmin50586_ymin43110_MPP-0.2500+127
49396,0,0,0,0,780,0,0,0,0,0,0,0,0,0,0,0,0,0,0,0,0,0,0,0,49396,0,0,0,0,780,0,0,0,0,0,0,0,0,0,0,0,0,0,0,0,0,0,0,0,49396,0,0,0,0,780,0,0,0,0,0,0,0,0,0,0,0,0,0,0,0,0,0,0,0,981,512,48611,72,1039,TCGA-GM-A2DB-DX1_xmin50586_ymin43110_MPP-0.2500+128
49624,0,0,0,0,552,0,0,0,0,0,0,0,0,0,0,0,0,0,0,0,0,0,0,0,49624,0,0,0,0,552,0,0,0,0,0,0,0,0,0,0,0,0,0,0,0,0,0,0,0,49624,0,0,0,0,552,0,0,0,0,0,0,0,0,0,0,0,0,0,0,0,0,0,0,0,3876,0,45124,1176,2986,TCGA-GM-A2DB-DX1_xmin50586_ymin43110_MPP-0.2500+129
8061,0,0,0,0,3427,7149,0,1018,0,0,0,0,0,0,274,13550,0,16697,0,0,0,0,0,0,8053,8,0,0,0,2807,7761,0,1026,0,0,0,0,0,0,842,15345,0,14334,0,0,0,0,0,0,8045,16,0,0,0,2715,7784,0,1095,0,0,0,0,0,0,1038,15197,0,14286,0,0,0,0,0,0,12610,1993,17411,18162,22683,TCGA-GM-A2DB-DX1_xmin50586_ymin43110_MPP-0.2500+13
256,13887,0,0,0,0,36033,0,0,0,0,0,0,0,0,0,0,0,0,0,0,0,0,0,0,256,13887,0,0,0,0,36033,0,0,0,0,0,0,0,0,0,0,0,0,0,0,0,0,0,0,256,13887,0,0,0,0,36033,0,0,0,0,0,0,0,0,0,0,0,0,0,0,0,0,0,0,7595,2264,30608,9709,16791,TCGA-GM-A2DB-DX1_xmin50586_ymin43110_MPP-0.2500+130
0,449,0,0,0,0,49727,0,0,0,0,0,0,0,0,0,0,0,0,0,0,0,0,0,0,0,449,0,0,0,0,49727,0,0,0,0,0,0,0,0,0,0,0,0,0,0,0,0,0,0,0,449,0,0,0,0,49727,0,0,0,0,0,0,0,0,0,0,0,0,0,0,0,0,0,0,8340,399,30815,10622,15330,TCGA-GM-A2DB-DX1_xmin50586_ymin43110_MPP-0.2500+131
44644,0,0,0,0,5532,0,0,0,0,0,0,0,0,0,0,0,0,0,0,0,0,0,0,0,44644,0,0,0,0,5532,0,0,0,0,0,0,0,0,0,0,0,0,0,0,0,0,0,0,0,44644,0,0,0,0,5532,0,0,0,0,0,0,0,0,0,0,0,0,0,0,0,0,0,0,0,6687,1407,34722,7360,10079,TCGA-GM-A2DB-DX1_xmin50586_ymin43110_MPP-0.2500+132
50176,0,0,0,0,0,0,0,0,0,0,0,0,0,0,0,0,0,0,0,0,0,0,0,0,50176,0,0,0,0,0,0,0,0,0,0,0,0,0,0,0,0,0,0,0,0,0,0,0,0,50176,0,0,0,0,0,0,0,0,0,0,0,0,0,0,0,0,0,0,0,0,0,0,0,0,475,0,49701,0,624,TCGA-GM-A2DB-DX1_xmin50586_ymin43110_MPP-0.2500+133
50176,0,0,0,0,0,0,0,0,0,0,0,0,0,0,0,0,0,0,0,0,0,0,0,0,50176,0,0,0,0,0,0,0,0,0,0,0,0,0,0,0,0,0,0,0,0,0,0,0,0,50176,0,0,0,0,0,0,0,0,0,0,0,0,0,0,0,0,0,0,0,0,0,0,0,0,350,0,49826,0,383,TCGA-GM-A2DB-DX1_xmin50586_ymin43110_MPP-0.2500+134
50078,0,0,0,0,0,0,0,0,0,0,0,0,0,0,98,0,0,0,0,0,0,0,0,0,50078,0,0,0,0,0,0,0,0,0,0,0,0,0,0,98,0,0,0,0,0,0,0,0,0,50078,0,0,0,0,0,0,0,0,0,0,0,0,0,0,98,0,0,0,0,0,0,0,0,0,3078,566,31059,15473,3542,TCGA-GM-A2DB-DX1_xmin50586_ymin43110_MPP-0.2500+135
0,0,0,8670,0,0,0,0,0,0,0,0,0,0,0,80,0,0,41426,0,0,0,0,0,0,0,0,0,8670,0,0,0,0,0,0,0,0,0,0,0,0,0,0,41506,0,0,0,0,0,0,0,0,0,8670,0,0,0,0,0,0,0,0,0,0,0,0,0,0,41506,0,0,0,0,0,0,24149,551,2123,23353,42106,TCGA-GM-A2DB-DX1_xmin50586_ymin43110_MPP-0.2500+136
0,0,0,0,0,0,0,0,0,0,0,0,0,0,0,192,0,0,49984,0,0,0,0,0,0,0,0,0,0,0,0,0,0,0,0,0,0,0,0,0,32,0,0,50144,0,0,0,0,0,0,0,0,0,0,0,0,0,0,0,0,0,0,0,0,0,32,0,0,50144,0,0,0,0,0,0,30659,0,4611,14906,38216,TCGA-GM-A2DB-DX1_xmin50586_ymin43110_MPP-0.2500+137
0,0,0,0,0,0,0,0,0,0,0,0,0,0,0,32,0,0,50144,0,0,0,0,0,0,0,0,0,0,0,0,0,0,0,0,0,0,0,0,0,0,0,0,50176,0,0,0,0,0,0,0,0,0,0,0,0,0,0,0,0,0,0,0,0,0,0,0,0,50176,0,0,0,0,0,0,35070,0,6575,8531,42064,TCGA-GM-A2DB-DX1_xmin50586_ymin43110_MPP-0.2500+138
0,0,0,2291,0,0,0,0,0,0,0,0,0,0,0,0,0,0,47885,0,0,0,0,0,0,0,0,0,2291,0,0,0,0,0,0,0,0,0,0,0,0,0,0,47885,0,0,0,0,0,0,0,0,0,2291,0,0,0,0,0,0,0,0,0,0,0,0,0,0,47885,0,0,0,0,0,0,39848,113,6137,4078,47728,TCGA-GM-A2DB-DX1_xmin50586_ymin43110_MPP-0.2500+139
0,0,0,0,0,0,0,0,0,0,0,0,0,0,0,0,30060,0,20116,0,0,0,0,0,0,0,0,0,0,0,0,0,0,0,0,0,0,0,0,0,0,31851,0,18325,0,0,0,0,0,0,0,0,0,0,0,0,0,0,0,0,0,0,0,0,0,0,31507,0,18669,0,0,0,0,0,0,8764,362,1853,39197,25870,TCGA-GM-A2DB-DX1_xmin50586_ymin43110_MPP-0.2500+14
36553,0,0,7320,0,191,0,0,1,0,0,0,0,0,0,0,0,0,6111,0,0,0,0,0,0,36468,0,0,7405,0,192,0,0,0,0,0,0,0,0,0,0,0,0,6111,0,0,0,0,0,0,36367,0,0,7506,0,192,0,0,0,0,0,0,0,0,0,0,0,0,6111,0,0,0,0,0,0,6163,1574,36631,5808,12679,TCGA-GM-A2DB-DX1_xmin50586_ymin43110_MPP-0.2500+140
50176,0,0,0,0,0,0,0,0,0,0,0,0,0,0,0,0,0,0,0,0,0,0,0,0,50176,0,0,0,0,0,0,0,0,0,0,0,0,0,0,0,0,0,0,0,0,0,0,0,0,50176,0,0,0,0,0,0,0,0,0,0,0,0,0,0,0,0,0,0,0,0,0,0,0,0,6477,0,42231,1468,7130,TCGA-GM-A2DB-DX1_xmin50586_ymin43110_MPP-0.2500+141
31522,0,0,0,0,18654,0,0,0,0,0,0,0,0,0,0,0,0,0,0,0,0,0,0,0,31522,0,0,0,0,18654,0,0,0,0,0,0,0,0,0,0,0,0,0,0,0,0,0,0,0,31522,0,0,0,0,18654,0,0,0,0,0,0,0,0,0,0,0,0,0,0,0,0,0,0,0,1072,3098,30514,15492,6250,TCGA-GM-A2DB-DX1_xmin50586_ymin43110_MPP-0.2500+142
41157,0,0,0,0,1478,0,0,0,0,0,0,0,0,0,0,0,0,0,0,0,0,0,0,7541,41157,0,0,0,0,1478,0,0,0,0,0,0,0,0,0,0,0,0,0,0,0,0,0,0,7541,41157,0,0,0,0,1478,0,0,0,0,0,0,0,0,0,0,0,0,0,0,0,0,0,0,7541,1217,153,38616,2649,3149,TCGA-GM-A2DB-DX1_xmin50586_ymin43110_MPP-0.2500+143
5375,8,0,0,0,12560,25751,0,0,0,0,0,0,0,0,0,0,0,0,0,0,0,0,0,6482,5375,8,0,0,0,12744,25567,0,0,0,0,0,0,0,0,0,0,0,0,0,0,0,0,0,6482,5375,8,0,0,0,12602,25709,0,0,0,0,0,0,0,0,0,0,0,0,0,0,0,0,0,6482,8003,2027,21745,11919,6811,TCGA-GM-A2DB-DX1_xmin50586_ymin43110_MPP-0.2500+144
6088,425,0,0,0,8366,35297,0,0,0,0,0,0,0,0,0,0,0,0,0,0,0,0,0,0,5966,547,0,0,0,8242,35421,0,0,0,0,0,0,0,0,0,0,0,0,0,0,0,0,0,0,5993,520,0,0,0,8317,35346,0,0,0,0,0,0,0,0,0,0,0,0,0,0,0,0,0,0,8192,1474,31609,8901,15634,TCGA-GM-A2DB-DX1_xmin50586_ymin43110_MPP-0.2500+145
0,0,0,0,0,0,0,0,0,0,0,0,0,0,0,496,0,0,49680,0,0,0,0,0,0,0,0,0,0,0,0,0,0,0,0,0,0,0,0,0,464,0,0,49712,0,0,0,0,0,0,0,0,0,0,0,0,0,0,0,0,0,0,0,0,0,464,0,0,49712,0,0,0,0,0,0,36693,0,9105,4378,37049,TCGA-GM-A2DB-DX1_xmin50586_ymin43110_MPP-0.2500+146
0,0,0,0,0,0,0,0,1020,0,0,0,0,0,0,0,0,0,49156,0,0,0,0,0,0,0,0,0,0,0,0,0,0,1020,0,0,0,0,0,0,0,0,0,49156,0,0,0,0,0,0,0,0,0,0,0,0,0,0,1020,0,0,0,0,0,0,0,0,0,49156,0,0,0,0,0,0,36661,502,8491,4522,44453,TCGA-GM-A2DB-DX1_xmin50586_ymin43110_MPP-0.2500+147
16592,0,0,4229,0,1659,0,0,11437,0,0,0,0,0,0,0,0,0,16259,0,0,0,0,0,0,16829,0,0,3992,0,2077,0,0,11019,0,0,0,0,0,0,0,0,0,16259,0,0,0,0,0,0,16927,0,0,3894,0,2053,0,0,11043,0,0,0,0,0,0,0,0,0,16259,0,0,0,0,0,0,12921,5740,21434,10081,28801,TCGA-GM-A2DB-DX1_xmin50586_ymin43110_MPP-0.2500+148
50176,0,0,0,0,0,0,0,0,0,0,0,0,0,0,0,0,0,0,0,0,0,0,0,0,50176,0,0,0,0,0,0,0,0,0,0,0,0,0,0,0,0,0,0,0,0,0,0,0,0,50176,0,0,0,0,0,0,0,0,0,0,0,0,0,0,0,0,0,0,0,0,0,0,0,0,1906,0,45917,2353,2458,TCGA-GM-A2DB-DX1_xmin50586_ymin43110_MPP-0.2500+149
0,0,0,0,0,0,0,0,0,0,0,0,0,0,0,0,27731,0,22445,0,0,0,0,0,0,0,0,0,0,0,0,0,0,0,0,0,0,0,0,0,0,25852,0,24324,0,0,0,0,0,0,0,0,0,0,0,0,0,0,0,0,0,0,0,0,0,0,25657,0,24519,0,0,0,0,0,0,9691,8,1220,39257,29525,TCGA-GM-A2DB-DX1_xmin50586_ymin43110_MPP-0.2500+15
38055,0,0,0,0,12121,0,0,0,0,0,0,0,0,0,0,0,0,0,0,0,0,0,0,0,38055,0,0,0,0,12121,0,0,0,0,0,0,0,0,0,0,0,0,0,0,0,0,0,0,0,38055,0,0,0,0,12121,0,0,0,0,0,0,0,0,0,0,0,0,0,0,0,0,0,0,0,4581,422,40194,4979,10891,TCGA-GM-A2DB-DX1_xmin50586_ymin43110_MPP-0.2500+150
0,0,0,0,0,0,32766,0,0,0,0,17410,0,0,0,0,0,0,0,0,0,0,0,0,0,0,0,0,0,0,0,32766,0,0,0,0,17410,0,0,0,0,0,0,0,0,0,0,0,0,0,0,0,0,0,0,0,32766,0,0,0,0,17410,0,0,0,0,0,0,0,0,0,0,0,0,0,2815,913,28559,17889,8433,TCGA-GM-A2DB-DX1_xmin50586_ymin43110_MPP-0.2500+151
13032,16673,0,0,0,3361,17110,0,0,0,0,0,0,0,0,0,0,0,0,0,0,0,0,0,0,12997,16708,0,0,0,4416,16055,0,0,0,0,0,0,0,0,0,0,0,0,0,0,0,0,0,0,12805,16900,0,0,0,4217,16254,0,0,0,0,0,0,0,0,0,0,0,0,0,0,0,0,0,0,5564,2275,29101,13236,12819,TCGA-GM-A2DB-DX1_xmin50586_ymin43110_MPP-0.2500+152
50176,0,0,0,0,0,0,0,0,0,0,0,0,0,0,0,0,0,0,0,0,0,0,0,0,50176,0,0,0,0,0,0,0,0,0,0,0,0,0,0,0,0,0,0,0,0,0,0,0,0,50176,0,0,0,0,0,0,0,0,0,0,0,0,0,0,0,0,0,0,0,0,0,0,0,0,3178,603,42325,4070,5490,TCGA-GM-A2DB-DX1_xmin50586_ymin43110_MPP-0.2500+153
50176,0,0,0,0,0,0,0,0,0,0,0,0,0,0,0,0,0,0,0,0,0,0,0,0,50176,0,0,0,0,0,0,0,0,0,0,0,0,0,0,0,0,0,0,0,0,0,0,0,0,50176,0,0,0,0,0,0,0,0,0,0,0,0,0,0,0,0,0,0,0,0,0,0,0,0,808,0,48714,654,611,TCGA-GM-A2DB-DX1_xmin50586_ymin43110_MPP-0.2500+154
50176,0,0,0,0,0,0,0,0,0,0,0,0,0,0,0,0,0,0,0,0,0,0,0,0,50176,0,0,0,0,0,0,0,0,0,0,0,0,0,0,0,0,0,0,0,0,0,0,0,0,50176,0,0,0,0,0,0,0,0,0,0,0,0,0,0,0,0,0,0,0,0,0,0,0,0,4608,0,45568,0,3305,TCGA-GM-A2DB-DX1_xmin50586_ymin43110_MPP-0.2500+155
27371,0,0,17089,0,0,0,0,0,0,0,0,0,0,0,0,0,0,5716,0,0,0,0,0,0,26439,0,0,18021,0,0,0,0,0,0,0,0,0,0,0,0,0,0,5716,0,0,0,0,0,0,25837,0,0,18623,0,0,0,0,0,0,0,0,0,0,0,0,0,0,5716,0,0,0,0,0,0,8427,1908,24561,15280,12818,TCGA-GM-A2DB-DX1_xmin50586_ymin43110_MPP-0.2500+156
0,0,0,5886,0,0,0,0,0,0,0,0,0,0,0,0,0,0,44290,0,0,0,0,0,0,0,0,0,5886,0,0,0,0,0,0,0,0,0,0,0,0,0,0,44290,0,0,0,0,0,0,0,0,0,5886,0,0,0,0,0,0,0,0,0,0,0,0,0,0,44290,0,0,0,0,0,0,25663,50,5259,19204,40306,TCGA-GM-A2DB-DX1_xmin50586_ymin43110_MPP-0.2500+157
0,0,0,0,0,0,0,0,0,0,0,0,0,0,0,16,0,0,50160,0,0,0,0,0,0,0,0,0,0,0,0,0,0,0,0,0,0,0,0,0,16,0,0,50160,0,0,0,0,0,0,0,0,0,0,0,0,0,0,0,0,0,0,0,0,0,16,0,0,50160,0,0,0,0,0,0,39217,0,4422,6537,44990,TCGA-GM-A2DB-DX1_xmin50586_ymin43110_MPP-0.2500+158
0,0,0,0,0,0,0,0,0,0,0,0,0,0,0,208,0,0,49968,0,0,0,0,0,0,0,0,0,0,0,0,0,0,0,0,0,0,0,0,0,128,0,0,50048,0,0,0,0,0,0,0,0,0,0,0,0,0,0,0,0,0,0,0,0,0,128,0,0,50048,0,0,0,0,0,0,35625,0,4441,10110,34830,TCGA-GM-A2DB-DX1_xmin50586_ymin43110_MPP-0.2500+159
0,0,0,0,0,0,0,0,3292,0,0,0,0,0,0,176,0,0,46708,0,0,0,0,0,0,0,0,0,0,0,0,0,0,3292,0,0,0,0,0,0,176,0,0,46708,0,0,0,0,0,0,0,0,0,0,0,0,0,0,3292,0,0,0,0,0,0,176,0,0,46708,0,0,0,0,0,0,24733,520,6955,17968,37063,TCGA-GM-A2DB-DX1_xmin50586_ymin43110_MPP-0.2500+16
22191,0,0,3376,0,588,0,0,0,0,0,0,0,0,0,537,0,0,23484,0,0,0,0,0,0,22114,0,0,3453,0,588,0,0,0,0,0,0,0,0,0,425,0,0,23596,0,0,0,0,0,0,22096,0,0,3471,0,588,0,0,0,0,0,0,0,0,0,470,0,0,23551,0,0,0,0,0,0,15556,501,25606,8513,23864,TCGA-GM-A2DB-DX1_xmin50586_ymin43110_MPP-0.2500+160
50176,0,0,0,0,0,0,0,0,0,0,0,0,0,0,0,0,0,0,0,0,0,0,0,0,50176,0,0,0,0,0,0,0,0,0,0,0,0,0,0,0,0,0,0,0,0,0,0,0,0,50176,0,0,0,0,0,0,0,0,0,0,0,0,0,0,0,0,0,0,0,0,0,0,0,0,726,0,49450,0,828,TCGA-GM-A2DB-DX1_xmin50586_ymin43110_MPP-0.2500+161
35421,0,0,0,0,14755,0,0,0,0,0,0,0,0,0,0,0,0,0,0,0,0,0,0,0,35421,0,0,0,0,14755,0,0,0,0,0,0,0,0,0,0,0,0,0,0,0,0,0,0,0,35421,0,0,0,0,14755,0,0,0,0,0,0,0,0,0,0,0,0,0,0,0,0,0,0,0,7093,1178,31893,10012,8745,TCGA-GM-A2DB-DX1_xmin50586_ymin43110_MPP-0.2500+162
10032,0,0,0,0,29329,0,0,0,0,0,0,0,0,0,0,0,0,0,0,0,0,0,0,10815,10032,0,0,0,0,29329,0,0,0,0,0,0,0,0,0,0,0,0,0,0,0,0,0,0,10815,10032,0,0,0,0,29329,0,0,0,0,0,0,0,0,0,0,0,0,0,0,0,0,0,0,10815,4571,822,25176,8792,14859,TCGA-GM-A2DB-DX1_xmin50586_ymin43110_MPP-0.2500+163
3,710,0,0,0,61,49402,0,0,0,0,0,0,0,0,0,0,0,0,0,0,0,0,0,0,50,663,0,0,0,110,49353,0,0,0,0,0,0,0,0,0,0,0,0,0,0,0,0,0,0,47,666,0,0,0,49,49414,0,0,0,0,0,0,0,0,0,0,0,0,0,0,0,0,0,0,6849,162,37572,5593,8982,TCGA-GM-A2DB-DX1_xmin50586_ymin43110_MPP-0.2500+164
0,0,0,0,0,0,41440,8736,0,0,0,0,0,0,0,0,0,0,0,0,0,0,0,0,0,0,0,0,0,0,0,42154,8022,0,0,0,0,0,0,0,0,0,0,0,0,0,0,0,0,0,0,0,0,0,0,0,42541,7635,0,0,0,0,0,0,0,0,0,0,0,0,0,0,0,0,0,10761,1647,32962,4806,16164,TCGA-GM-A2DB-DX1_xmin50586_ymin43110_MPP-0.2500+165
0,0,0,0,0,0,50176,0,0,0,0,0,0,0,0,0,0,0,0,0,0,0,0,0,0,0,0,0,0,0,0,50176,0,0,0,0,0,0,0,0,0,0,0,0,0,0,0,0,0,0,0,0,0,0,0,0,50176,0,0,0,0,0,0,0,0,0,0,0,0,0,0,0,0,0,0,10542,2,36268,3364,11865,TCGA-GM-A2DB-DX1_xmin50586_ymin43110_MPP-0.2500+166
0,0,0,0,0,0,0,0,0,0,0,0,0,0,0,0,0,0,50176,0,0,0,0,0,0,0,0,0,0,0,0,0,0,0,0,0,0,0,0,0,0,0,0,50176,0,0,0,0,0,0,0,0,0,0,0,0,0,0,0,0,0,0,0,0,0,0,0,0,50176,0,0,0,0,0,0,35611,0,9761,4804,36912,TCGA-GM-A2DB-DX1_xmin50586_ymin43110_MPP-0.2500+167
1068,0,0,1383,0,196,0,0,4170,0,0,0,0,0,0,0,0,0,43359,0,0,0,0,0,0,1068,0,0,1383,0,132,0,0,4234,0,0,0,0,0,0,0,0,0,43359,0,0,0,0,0,0,1068,0,0,1383,0,132,0,0,4234,0,0,0,0,0,0,0,0,0,43359,0,0,0,0,0,0,29307,2880,11149,6840,41871,TCGA-GM-A2DB-DX1_xmin50586_ymin43110_MPP-0.2500+168
48527,0,0,0,0,1649,0,0,0,0,0,0,0,0,0,0,0,0,0,0,0,0,0,0,0,48527,0,0,0,0,1649,0,0,0,0,0,0,0,0,0,0,0,0,0,0,0,0,0,0,0,48527,0,0,0,0,1649,0,0,0,0,0,0,0,0,0,0,0,0,0,0,0,0,0,0,0,1992,39,46643,1502,4530,TCGA-GM-A2DB-DX1_xmin50586_ymin43110_MPP-0.2500+169
5899,0,0,0,0,6267,0,0,2707,0,0,0,0,0,0,1050,0,0,34253,0,0,0,0,0,0,5899,0,0,0,0,6117,0,0,2857,0,0,0,0,0,0,1103,0,0,34200,0,0,0,0,0,0,5899,0,0,0,0,6103,0,0,2871,0,0,0,0,0,0,1111,0,0,34192,0,0,0,0,0,0,23609,1974,15559,9034,34251,TCGA-GM-A2DB-DX1_xmin50586_ymin43110_MPP-0.2500+17
49231,0,0,0,0,945,0,0,0,0,0,0,0,0,0,0,0,0,0,0,0,0,0,0,0,49231,0,0,0,0,945,0,0,0,0,0,0,0,0,0,0,0,0,0,0,0,0,0,0,0,49231,0,0,0,0,945,0,0,0,0,0,0,0,0,0,0,0,0,0,0,0,0,0,0,0,2795,2369,39397,5615,6055,TCGA-GM-A2DB-DX1_xmin50586_ymin43110_MPP-0.2500+170
0,2599,0,0,0,0,39110,0,0,0,0,8467,0,0,0,0,0,0,0,0,0,0,0,0,0,0,2599,0,0,0,0,39110,0,0,0,0,8467,0,0,0,0,0,0,0,0,0,0,0,0,0,0,2599,0,0,0,0,39110,0,0,0,0,8467,0,0,0,0,0,0,0,0,0,0,0,0,0,6577,1046,31848,10705,7295,TCGA-GM-A2DB-DX1_xmin50586_ymin43110_MPP-0.2500+171
16884,7981,0,0,0,3306,22005,0,0,0,0,0,0,0,0,0,0,0,0,0,0,0,0,0,0,16702,8163,0,0,0,3418,21893,0,0,0,0,0,0,0,0,0,0,0,0,0,0,0,0,0,0,16661,8204,0,0,0,3764,21547,0,0,0,0,0,0,0,0,0,0,0,0,0,0,0,0,0,0,7075,1397,32228,9476,11517,TCGA-GM-A2DB-DX1_xmin50586_ymin43110_MPP-0.2500+172
50176,0,0,0,0,0,0,0,0,0,0,0,0,0,0,0,0,0,0,0,0,0,0,0,0,50176,0,0,0,0,0,0,0,0,0,0,0,0,0,0,0,0,0,0,0,0,0,0,0,0,50176,0,0,0,0,0,0,0,0,0,0,0,0,0,0,0,0,0,0,0,0,0,0,0,0,7423,1380,33841,7532,10532,TCGA-GM-A2DB-DX1_xmin50586_ymin43110_MPP-0.2500+173
50176,0,0,0,0,0,0,0,0,0,0,0,0,0,0,0,0,0,0,0,0,0,0,0,0,50176,0,0,0,0,0,0,0,0,0,0,0,0,0,0,0,0,0,0,0,0,0,0,0,0,50176,0,0,0,0,0,0,0,0,0,0,0,0,0,0,0,0,0,0,0,0,0,0,0,0,5227,741,38753,5455,8013,TCGA-GM-A2DB-DX1_xmin50586_ymin43110_MPP-0.2500+174
50176,0,0,0,0,0,0,0,0,0,0,0,0,0,0,0,0,0,0,0,0,0,0,0,0,50176,0,0,0,0,0,0,0,0,0,0,0,0,0,0,0,0,0,0,0,0,0,0,0,0,50176,0,0,0,0,0,0,0,0,0,0,0,0,0,0,0,0,0,0,0,0,0,0,0,0,580,0,49596,0,1088,TCGA-GM-A2DB-DX1_xmin50586_ymin43110_MPP-0.2500+175
50176,0,0,0,0,0,0,0,0,0,0,0,0,0,0,0,0,0,0,0,0,0,0,0,0,50176,0,0,0,0,0,0,0,0,0,0,0,0,0,0,0,0,0,0,0,0,0,0,0,0,50176,0,0,0,0,0,0,0,0,0,0,0,0,0,0,0,0,0,0,0,0,0,0,0,0,1498,28,46972,1678,1528,TCGA-GM-A2DB-DX1_xmin50586_ymin43110_MPP-0.2500+176
24433,0,0,15472,0,0,0,0,0,0,0,0,0,0,0,0,0,0,10271,0,0,0,0,0,0,24525,0,0,15380,0,0,0,0,0,0,0,0,0,0,0,0,0,0,10271,0,0,0,0,0,0,24516,0,0,15389,0,0,0,0,0,0,0,0,0,0,0,0,0,0,10271,0,0,0,0,0,0,8052,1036,25091,15997,22119,TCGA-GM-A2DB-DX1_xmin50586_ymin43110_MPP-0.2500+177
0,0,0,1586,0,0,0,0,0,0,0,0,0,0,0,0,0,0,48590,0,0,0,0,0,0,0,0,0,1586,0,0,0,0,0,0,0,0,0,0,0,0,0,0,48590,0,0,0,0,0,0,0,0,0,1586,0,0,0,0,0,0,0,0,0,0,0,0,0,0,48590,0,0,0,0,0,0,34204,377,11264,4331,41313,TCGA-GM-A2DB-DX1_xmin50586_ymin43110_MPP-0.2500+178
0,0,0,0,0,0,0,0,0,0,0,0,0,0,0,0,0,0,50176,0,0,0,0,0,0,0,0,0,0,0,0,0,0,0,0,0,0,0,0,0,0,0,0,50176,0,0,0,0,0,0,0,0,0,0,0,0,0,0,0,0,0,0,0,0,0,0,0,0,50176,0,0,0,0,0,0,36274,0,9691,4211,43459,TCGA-GM-A2DB-DX1_xmin50586_ymin43110_MPP-0.2500+179
0,0,0,0,0,0,46841,0,0,0,0,3335,0,0,0,0,0,0,0,0,0,0,0,0,0,0,0,0,0,0,0,46841,0,0,0,0,3335,0,0,0,0,0,0,0,0,0,0,0,0,0,0,0,0,0,0,0,46841,0,0,0,0,3335,0,0,0,0,0,0,0,0,0,0,0,0,0,4509,184,43617,1866,4925,TCGA-GM-A2DB-DX1_xmin50586_ymin43110_MPP-0.2500+18
14215,0,0,6637,0,437,0,0,51,0,0,0,0,0,0,1019,0,0,27817,0,0,0,0,0,0,14162,0,0,6690,0,438,0,0,50,0,0,0,0,0,0,925,0,0,27911,0,0,0,0,0,0,14106,0,0,6746,0,436,0,0,52,0,0,0,0,0,0,869,0,0,27967,0,0,0,0,0,0,19034,515,22247,8380,27408,TCGA-GM-A2DB-DX1_xmin50586_ymin43110_MPP-0.2500+180
50176,0,0,0,0,0,0,0,0,0,0,0,0,0,0,0,0,0,0,0,0,0,0,0,0,50176,0,0,0,0,0,0,0,0,0,0,0,0,0,0,0,0,0,0,0,0,0,0,0,0,50176,0,0,0,0,0,0,0,0,0,0,0,0,0,0,0,0,0,0,0,0,0,0,0,0,3491,0,46209,476,5408,TCGA-GM-A2DB-DX1_xmin50586_ymin43110_MPP-0.2500+181
42011,0,0,0,0,8165,0,0,0,0,0,0,0,0,0,0,0,0,0,0,0,0,0,0,0,42011,0,0,0,0,8165,0,0,0,0,0,0,0,0,0,0,0,0,0,0,0,0,0,0,0,42011,0,0,0,0,8165,0,0,0,0,0,0,0,0,0,0,0,0,0,0,0,0,0,0,0,4961,344,35821,9050,6676,TCGA-GM-A2DB-DX1_xmin50586_ymin43110_MPP-0.2500+182
11935,0,0,0,0,38241,0,0,0,0,0,0,0,0,0,0,0,0,0,0,0,0,0,0,0,11935,0,0,0,0,38241,0,0,0,0,0,0,0,0,0,0,0,0,0,0,0,0,0,0,0,11935,0,0,0,0,38241,0,0,0,0,0,0,0,0,0,0,0,0,0,0,0,0,0,0,0,4993,3723,19313,22147,11877,TCGA-GM-A2DB-DX1_xmin50586_ymin43110_MPP-0.2500+183
17439,5098,0,0,0,10122,17517,0,0,0,0,0,0,0,0,0,0,0,0,0,0,0,0,0,0,17478,5059,0,0,0,10282,17357,0,0,0,0,0,0,0,0,0,0,0,0,0,0,0,0,0,0,17400,5137,0,0,0,10164,17475,0,0,0,0,0,0,0,0,0,0,0,0,0,0,0,0,0,0,3117,1763,31451,13845,9616,TCGA-GM-A2DB-DX1_xmin50586_ymin43110_MPP-0.2500+184
2159,0,0,0,0,48017,0,0,0,0,0,0,0,0,0,0,0,0,0,0,0,0,0,0,0,2159,0,0,0,0,48017,0,0,0,0,0,0,0,0,0,0,0,0,0,0,0,0,0,0,0,2159,0,0,0,0,48017,0,0,0,0,0,0,0,0,0,0,0,0,0,0,0,0,0,0,0,3368,4132,17175,25501,7836,TCGA-GM-A2DB-DX1_xmin50586_ymin43110_MPP-0.2500+185
0,0,0,0,0,0,50176,0,0,0,0,0,0,0,0,0,0,0,0,0,0,0,0,0,0,0,0,0,0,0,0,50176,0,0,0,0,0,0,0,0,0,0,0,0,0,0,0,0,0,0,0,0,0,0,0,0,50176,0,0,0,0,0,0,0,0,0,0,0,0,0,0,0,0,0,0,11205,288,34868,3815,12864,TCGA-GM-A2DB-DX1_xmin50586_ymin43110_MPP-0.2500+186
0,0,0,0,0,0,0,0,0,0,0,0,0,0,0,720,0,0,49456,0,0,0,0,0,0,0,0,0,0,0,0,0,0,0,0,0,0,0,0,0,288,0,0,49888,0,0,0,0,0,0,0,0,0,0,0,0,0,0,0,0,0,0,0,0,0,224,0,0,49952,0,0,0,0,0,0,29304,0,4398,16474,37751,TCGA-GM-A2DB-DX1_xmin50586_ymin43110_MPP-0.2500+187
0,0,0,0,0,0,0,0,19,0,0,0,0,0,0,0,0,0,50157,0,0,0,0,0,0,0,0,0,0,0,0,0,0,19,0,0,0,0,0,0,0,0,0,50157,0,0,0,0,0,0,0,0,0,0,0,0,0,0,19,0,0,0,0,0,0,0,0,0,50157,0,0,0,0,0,0,39908,10,7605,2653,42849,TCGA-GM-A2DB-DX1_xmin50586_ymin43110_MPP-0.2500+188
32100,0,0,5258,0,9,0,0,8586,0,0,0,0,0,0,0,0,0,4223,0,0,0,0,0,0,32363,0,0,4995,0,4,0,0,8591,0,0,0,0,0,0,0,0,0,4223,0,0,0,0,0,0,32212,0,0,5146,0,4,0,0,8591,0,0,0,0,0,0,0,0,0,4223,0,0,0,0,0,0,2391,1436,37525,8824,16615,TCGA-GM-A2DB-DX1_xmin50586_ymin43110_MPP-0.2500+189
0,0,0,0,0,0,50176,0,0,0,0,0,0,0,0,0,0,0,0,0,0,0,0,0,0,0,0,0,0,0,0,50176,0,0,0,0,0,0,0,0,0,0,0,0,0,0,0,0,0,0,0,0,0,0,0,0,50176,0,0,0,0,0,0,0,0,0,0,0,0,0,0,0,0,0,0,9081,882,35404,4809,11745,TCGA-GM-A2DB-DX1_xmin50586_ymin43110_MPP-0.2500+19
50176,0,0,0,0,0,0,0,0,0,0,0,0,0,0,0,0,0,0,0,0,0,0,0,0,50176,0,0,0,0,0,0,0,0,0,0,0,0,0,0,0,0,0,0,0,0,0,0,0,0,50176,0,0,0,0,0,0,0,0,0,0,0,0,0,0,0,0,0,0,0,0,0,0,0,0,4150,0,45975,51,5676,TCGA-GM-A2DB-DX1_xmin50586_ymin43110_MPP-0.2500+190
23948,68,0,0,0,3434,22726,0,0,0,0,0,0,0,0,0,0,0,0,0,0,0,0,0,0,23927,89,0,0,0,3586,22574,0,0,0,0,0,0,0,0,0,0,0,0,0,0,0,0,0,0,23859,157,0,0,0,3203,22957,0,0,0,0,0,0,0,0,0,0,0,0,0,0,0,0,0,0,5247,590,37212,7127,11235,TCGA-GM-A2DB-DX1_xmin50586_ymin43110_MPP-0.2500+191
7690,0,0,0,0,12312,30174,0,0,0,0,0,0,0,0,0,0,0,0,0,0,0,0,0,0,7690,0,0,0,0,12276,30210,0,0,0,0,0,0,0,0,0,0,0,0,0,0,0,0,0,0,7690,0,0,0,0,12157,30329,0,0,0,0,0,0,0,0,0,0,0,0,0,0,0,0,0,0,4017,1155,32923,12081,4820,TCGA-GM-A2DB-DX1_xmin50586_ymin43110_MPP-0.2500+192
49865,0,0,0,0,311,0,0,0,0,0,0,0,0,0,0,0,0,0,0,0,0,0,0,0,49865,0,0,0,0,311,0,0,0,0,0,0,0,0,0,0,0,0,0,0,0,0,0,0,0,49865,0,0,0,0,311,0,0,0,0,0,0,0,0,0,0,0,0,0,0,0,0,0,0,0,2275,0,47590,311,1599,TCGA-GM-A2DB-DX1_xmin50586_ymin43110_MPP-0.2500+193
50176,0,0,0,0,0,0,0,0,0,0,0,0,0,0,0,0,0,0,0,0,0,0,0,0,50176,0,0,0,0,0,0,0,0,0,0,0,0,0,0,0,0,0,0,0,0,0,0,0,0,50176,0,0,0,0,0,0,0,0,0,0,0,0,0,0,0,0,0,0,0,0,0,0,0,0,1812,0,48336,28,2461,TCGA-GM-A2DB-DX1_xmin50586_ymin43110_MPP-0.2500+194
50176,0,0,0,0,0,0,0,0,0,0,0,0,0,0,0,0,0,0,0,0,0,0,0,0,50176,0,0,0,0,0,0,0,0,0,0,0,0,0,0,0,0,0,0,0,0,0,0,0,0,50176,0,0,0,0,0,0,0,0,0,0,0,0,0,0,0,0,0,0,0,0,0,0,0,0,2191,0,47590,395,2312,TCGA-GM-A2DB-DX1_xmin50586_ymin43110_MPP-0.2500+195
50176,0,0,0,0,0,0,0,0,0,0,0,0,0,0,0,0,0,0,0,0,0,0,0,0,50176,0,0,0,0,0,0,0,0,0,0,0,0,0,0,0,0,0,0,0,0,0,0,0,0,50176,0,0,0,0,0,0,0,0,0,0,0,0,0,0,0,0,0,0,0,0,0,0,0,0,1964,0,48077,135,1793,TCGA-GM-A2DB-DX1_xmin50586_ymin43110_MPP-0.2500+196
50176,0,0,0,0,0,0,0,0,0,0,0,0,0,0,0,0,0,0,0,0,0,0,0,0,50176,0,0,0,0,0,0,0,0,0,0,0,0,0,0,0,0,0,0,0,0,0,0,0,0,50176,0,0,0,0,0,0,0,0,0,0,0,0,0,0,0,0,0,0,0,0,0,0,0,0,843,0,49333,0,1247,TCGA-GM-A2DB-DX1_xmin50586_ymin43110_MPP-0.2500+197
23789,0,0,2245,0,0,0,0,0,0,0,0,0,0,0,457,0,0,23685,0,0,0,0,0,0,23996,0,0,2038,0,0,0,0,0,0,0,0,0,0,0,597,0,0,23545,0,0,0,0,0,0,23937,0,0,2097,0,0,0,0,0,0,0,0,0,0,0,609,0,0,23533,0,0,0,0,0,0,16544,93,29352,4187,23495,TCGA-GM-A2DB-DX1_xmin50586_ymin43110_MPP-0.2500+198
0,0,0,0,0,0,0,0,0,0,0,0,0,0,0,0,0,0,50176,0,0,0,0,0,0,0,0,0,0,0,0,0,0,0,0,0,0,0,0,0,0,0,0,50176,0,0,0,0,0,0,0,0,0,0,0,0,0,0,0,0,0,0,0,0,0,0,0,0,50176,0,0,0,0,0,0,39988,0,6842,3346,42531,TCGA-GM-A2DB-DX1_xmin50586_ymin43110_MPP-0.2500+199
3586,0,0,27,0,2956,0,0,3171,0,0,0,0,0,0,690,0,0,39746,0,0,0,0,0,0,3572,0,0,41,0,2714,0,0,3413,0,0,0,0,0,0,754,0,0,39682,0,0,0,0,0,0,3517,0,0,96,0,2577,0,0,3550,0,0,0,0,0,0,818,0,0,39618,0,0,0,0,0,0,27517,1059,7964,13636,38500,TCGA-GM-A2DB-DX1_xmin50586_ymin43110_MPP-0.2500+2
0,0,0,0,0,0,50176,0,0,0,0,0,0,0,0,0,0,0,0,0,0,0,0,0,0,0,0,0,0,0,0,50176,0,0,0,0,0,0,0,0,0,0,0,0,0,0,0,0,0,0,0,0,0,0,0,0,50176,0,0,0,0,0,0,0,0,0,0,0,0,0,0,0,0,0,0,12444,672,31774,5286,15074,TCGA-GM-A2DB-DX1_xmin50586_ymin43110_MPP-0.2500+20
1168,0,0,7063,0,0,0,0,178,0,0,0,0,0,0,0,0,0,41767,0,0,0,0,0,0,368,0,0,7863,0,0,0,0,178,0,0,0,0,0,0,0,0,0,41767,0,0,0,0,0,0,240,0,0,7991,0,0,0,0,178,0,0,0,0,0,0,0,0,0,41767,0,0,0,0,0,0,30378,641,13754,5403,39217,TCGA-GM-A2DB-DX1_xmin50586_ymin43110_MPP-0.2500+200
49788,0,0,0,0,388,0,0,0,0,0,0,0,0,0,0,0,0,0,0,0,0,0,0,0,49788,0,0,0,0,388,0,0,0,0,0,0,0,0,0,0,0,0,0,0,0,0,0,0,0,49788,0,0,0,0,388,0,0,0,0,0,0,0,0,0,0,0,0,0,0,0,0,0,0,0,2134,0,47654,388,1791,TCGA-GM-A2DB-DX1_xmin50586_ymin43110_MPP-0.2500+201
36855,0,0,0,0,13321,0,0,0,0,0,0,0,0,0,0,0,0,0,0,0,0,0,0,0,36855,0,0,0,0,13321,0,0,0,0,0,0,0,0,0,0,0,0,0,0,0,0,0,0,0,36855,0,0,0,0,13321,0,0,0,0,0,0,0,0,0,0,0,0,0,0,0,0,0,0,0,1957,1735,35574,10910,4714,TCGA-GM-A2DB-DX1_xmin50586_ymin43110_MPP-0.2500+202
30967,0,0,0,0,19209,0,0,0,0,0,0,0,0,0,0,0,0,0,0,0,0,0,0,0,30967,0,0,0,0,19209,0,0,0,0,0,0,0,0,0,0,0,0,0,0,0,0,0,0,0,30967,0,0,0,0,19209,0,0,0,0,0,0,0,0,0,0,0,0,0,0,0,0,0,0,0,4302,3001,26683,16190,5871,TCGA-GM-A2DB-DX1_xmin50586_ymin43110_MPP-0.2500+203
50176,0,0,0,0,0,0,0,0,0,0,0,0,0,0,0,0,0,0,0,0,0,0,0,0,50176,0,0,0,0,0,0,0,0,0,0,0,0,0,0,0,0,0,0,0,0,0,0,0,0,50176,0,0,0,0,0,0,0,0,0,0,0,0,0,0,0,0,0,0,0,0,0,0,0,0,4058,0,44301,1817,5619,TCGA-GM-A2DB-DX1_xmin50586_ymin43110_MPP-0.2500+204
15860,0,0,0,0,34316,0,0,0,0,0,0,0,0,0,0,0,0,0,0,0,0,0,0,0,15860,0,0,0,0,34316,0,0,0,0,0,0,0,0,0,0,0,0,0,0,0,0,0,0,0,15860,0,0,0,0,34316,0,0,0,0,0,0,0,0,0,0,0,0,0,0,0,0,0,0,0,2197,2170,24006,21803,11905,TCGA-GM-A2DB-DX1_xmin50586_ymin43110_MPP-0.2500+205
0,0,0,0,0,1,50175,0,0,0,0,0,0,0,0,0,0,0,0,0,0,0,0,0,0,0,0,0,0,0,1,50175,0,0,0,0,0,0,0,0,0,0,0,0,0,0,0,0,0,0,0,0,0,0,0,1,50175,0,0,0,0,0,0,0,0,0,0,0,0,0,0,0,0,0,0,8607,875,30012,10682,7365,TCGA-GM-A2DB-DX1_xmin50586_ymin43110_MPP-0.2500+206
0,0,0,0,0,0,0,0,0,0,0,0,0,0,0,0,0,0,50176,0,0,0,0,0,0,0,0,0,0,0,0,0,0,0,0,0,0,0,0,0,0,0,0,50176,0,0,0,0,0,0,0,0,0,0,0,0,0,0,0,0,0,0,0,0,0,0,0,0,50176,0,0,0,0,0,0,32093,0,6680,11403,34883,TCGA-GM-A2DB-DX1_xmin50586_ymin43110_MPP-0.2500+207
0,0,0,0,0,0,0,0,0,0,0,0,0,0,0,560,0,0,49616,0,0,0,0,0,0,0,0,0,0,0,0,0,0,0,0,0,0,0,0,0,784,0,0,49392,0,0,0,0,0,0,0,0,0,0,0,0,0,0,0,0,0,0,0,0,0,656,0,0,49520,0,0,0,0,0,0,25500,0,2237,22439,37833,TCGA-GM-A2DB-DX1_xmin50586_ymin43110_MPP-0.2500+208
20630,0,0,398,0,1398,0,0,8181,0,0,0,0,0,0,0,0,0,19569,0,0,0,0,0,0,20748,0,0,280,0,1358,0,0,8221,0,0,0,0,0,0,0,0,0,19569,0,0,0,0,0,0,20710,0,0,318,0,1312,0,0,8267,0,0,0,0,0,0,0,0,0,19569,0,0,0,0,0,0,2533,1569,26320,19754,21448,TCGA-GM-A2DB-DX1_xmin50586_ymin43110_MPP-0.2500+209
0,0,0,0,0,0,50176,0,0,0,0,0,0,0,0,0,0,0,0,0,0,0,0,0,0,0,0,0,0,0,0,50176,0,0,0,0,0,0,0,0,0,0,0,0,0,0,0,0,0,0,0,0,0,0,0,0,50176,0,0,0,0,0,0,0,0,0,0,0,0,0,0,0,0,0,0,10890,0,34792,4494,13583,TCGA-GM-A2DB-DX1_xmin50586_ymin43110_MPP-0.2500+21
50176,0,0,0,0,0,0,0,0,0,0,0,0,0,0,0,0,0,0,0,0,0,0,0,0,50176,0,0,0,0,0,0,0,0,0,0,0,0,0,0,0,0,0,0,0,0,0,0,0,0,50176,0,0,0,0,0,0,0,0,0,0,0,0,0,0,0,0,0,0,0,0,0,0,0,0,1118,0,49058,0,1713,TCGA-GM-A2DB-DX1_xmin50586_ymin43110_MPP-0.2500+210
50116,0,0,0,0,60,0,0,0,0,0,0,0,0,0,0,0,0,0,0,0,0,0,0,0,50116,0,0,0,0,60,0,0,0,0,0,0,0,0,0,0,0,0,0,0,0,0,0,0,0,50116,0,0,0,0,60,0,0,0,0,0,0,0,0,0,0,0,0,0,0,0,0,0,0,0,2726,17,47433,0,3326,TCGA-GM-A2DB-DX1_xmin50586_ymin43110_MPP-0.2500+211
14686,464,0,0,0,7235,27791,0,0,0,0,0,0,0,0,0,0,0,0,0,0,0,0,0,0,14682,468,0,0,0,7571,27455,0,0,0,0,0,0,0,0,0,0,0,0,0,0,0,0,0,0,14517,633,0,0,0,7914,27112,0,0,0,0,0,0,0,0,0,0,0,0,0,0,0,0,0,0,5492,1540,30005,13139,14067,TCGA-GM-A2DB-DX1_xmin50586_ymin43110_MPP-0.2500+212
33073,0,0,0,0,17103,0,0,0,0,0,0,0,0,0,0,0,0,0,0,0,0,0,0,0,33073,0,0,0,0,17103,0,0,0,0,0,0,0,0,0,0,0,0,0,0,0,0,0,0,0,33073,0,0,0,0,17103,0,0,0,0,0,0,0,0,0,0,0,0,0,0,0,0,0,0,0,800,388,37359,11629,3171,TCGA-GM-A2DB-DX1_xmin50586_ymin43110_MPP-0.2500+213
50176,0,0,0,0,0,0,0,0,0,0,0,0,0,0,0,0,0,0,0,0,0,0,0,0,50176,0,0,0,0,0,0,0,0,0,0,0,0,0,0,0,0,0,0,0,0,0,0,0,0,50176,0,0,0,0,0,0,0,0,0,0,0,0,0,0,0,0,0,0,0,0,0,0,0,0,0,0,50176,0,0,TCGA-GM-A2DB-DX1_xmin50586_ymin43110_MPP-0.2500+214
50176,0,0,0,0,0,0,0,0,0,0,0,0,0,0,0,0,0,0,0,0,0,0,0,0,50176,0,0,0,0,0,0,0,0,0,0,0,0,0,0,0,0,0,0,0,0,0,0,0,0,50176,0,0,0,0,0,0,0,0,0,0,0,0,0,0,0,0,0,0,0,0,0,0,0,0,4973,0,45203,0,8737,TCGA-GM-A2DB-DX1_xmin50586_ymin43110_MPP-0.2500+215
50176,0,0,0,0,0,0,0,0,0,0,0,0,0,0,0,0,0,0,0,0,0,0,0,0,50176,0,0,0,0,0,0,0,0,0,0,0,0,0,0,0,0,0,0,0,0,0,0,0,0,50176,0,0,0,0,0,0,0,0,0,0,0,0,0,0,0,0,0,0,0,0,0,0,0,0,2871,0,47305,0,3239,TCGA-GM-A2DB-DX1_xmin50586_ymin43110_MPP-0.2500+216
50176,0,0,0,0,0,0,0,0,0,0,0,0,0,0,0,0,0,0,0,0,0,0,0,0,50176,0,0,0,0,0,0,0,0,0,0,0,0,0,0,0,0,0,0,0,0,0,0,0,0,50176,0,0,0,0,0,0,0,0,0,0,0,0,0,0,0,0,0,0,0,0,0,0,0,0,2177,0,47999,0,1749,TCGA-GM-A2DB-DX1_xmin50586_ymin43110_MPP-0.2500+217
48746,0,0,0,0,0,0,0,0,0,0,0,0,0,0,1430,0,0,0,0,0,0,0,0,0,48746,0,0,0,0,0,0,0,0,0,0,0,0,0,0,1430,0,0,0,0,0,0,0,0,0,48746,0,0,0,0,0,0,0,0,0,0,0,0,0,0,1430,0,0,0,0,0,0,0,0,0,322,0,48424,1430,1215,TCGA-GM-A2DB-DX1_xmin50586_ymin43110_MPP-0.2500+218
30274,0,0,0,0,3778,0,0,0,0,0,0,0,0,0,16124,0,0,0,0,0,0,0,0,0,30274,0,0,0,0,3778,0,0,0,0,0,0,0,0,0,16124,0,0,0,0,0,0,0,0,0,30274,0,0,0,0,3778,0,0,0,0,0,0,0,0,0,16124,0,0,0,0,0,0,0,0,0,6271,24,30605,13276,12727,TCGA-GM-A2DB-DX1_xmin50586_ymin43110_MPP-0.2500+219
0,0,0,0,0,0,50176,0,0,0,0,0,0,0,0,0,0,0,0,0,0,0,0,0,0,0,0,0,0,0,0,50176,0,0,0,0,0,0,0,0,0,0,0,0,0,0,0,0,0,0,0,0,0,0,0,0,50176,0,0,0,0,0,0,0,0,0,0,0,0,0,0,0,0,0,0,6797,0,42288,1091,7564,TCGA-GM-A2DB-DX1_xmin50586_ymin43110_MPP-0.2500+22
37075,0,0,0,0,6052,0,0,0,0,0,0,0,0,0,7049,0,0,0,0,0,0,0,0,0,37075,0,0,0,0,6052,0,0,0,0,0,0,0,0,0,7049,0,0,0,0,0,0,0,0,0,37075,0,0,0,0,6052,0,0,0,0,0,0,0,0,0,7049,0,0,0,0,0,0,0,0,0,4579,920,33463,11214,11491,TCGA-GM-A2DB-DX1_xmin50586_ymin43110_MPP-0.2500+220
43028,0,0,0,0,7148,0,0,0,0,0,0,0,0,0,0,0,0,0,0,0,0,0,0,0,43028,0,0,0,0,7148,0,0,0,0,0,0,0,0,0,0,0,0,0,0,0,0,0,0,0,43028,0,0,0,0,7148,0,0,0,0,0,0,0,0,0,0,0,0,0,0,0,0,0,0,0,1922,775,42583,4896,4230,TCGA-GM-A2DB-DX1_xmin50586_ymin43110_MPP-0.2500+221
11129,0,0,0,0,34189,0,0,0,0,4858,0,0,0,0,0,0,0,0,0,0,0,0,0,0,11129,0,0,0,0,34189,0,0,0,0,4858,0,0,0,0,0,0,0,0,0,0,0,0,0,0,11129,0,0,0,0,34189,0,0,0,0,4858,0,0,0,0,0,0,0,0,0,0,0,0,0,0,4040,3641,20244,22251,10259,TCGA-GM-A2DB-DX1_xmin50586_ymin43110_MPP-0.2500+222
16067,0,0,0,0,31080,0,0,0,0,3029,0,0,0,0,0,0,0,0,0,0,0,0,0,0,16067,0,0,0,0,31080,0,0,0,0,3029,0,0,0,0,0,0,0,0,0,0,0,0,0,0,16067,0,0,0,0,31080,0,0,0,0,3029,0,0,0,0,0,0,0,0,0,0,0,0,0,0,5183,3529,25080,16384,7116,TCGA-GM-A2DB-DX1_xmin50586_ymin43110_MPP-0.2500+223
35228,0,0,0,0,14948,0,0,0,0,0,0,0,0,0,0,0,0,0,0,0,0,0,0,0,35228,0,0,0,0,14948,0,0,0,0,0,0,0,0,0,0,0,0,0,0,0,0,0,0,0,35228,0,0,0,0,14948,0,0,0,0,0,0,0,0,0,0,0,0,0,0,0,0,0,0,0,5341,1249,34518,9068,9268,TCGA-GM-A2DB-DX1_xmin50586_ymin43110_MPP-0.2500+224
48,0,0,0,0,49537,0,0,0,0,591,0,0,0,0,0,0,0,0,0,0,0,0,0,0,48,0,0,0,0,49537,0,0,0,0,591,0,0,0,0,0,0,0,0,0,0,0,0,0,0,48,0,0,0,0,49537,0,0,0,0,591,0,0,0,0,0,0,0,0,0,0,0,0,0,0,8549,780,26329,14518,16271,TCGA-GM-A2DB-DX1_xmin50586_ymin43110_MPP-0.2500+225
0,0,0,0,0,0,36993,1094,0,0,0,5337,6752,0,0,0,0,0,0,0,0,0,0,0,0,0,0,0,0,0,0,37072,1015,0,0,0,5564,6525,0,0,0,0,0,0,0,0,0,0,0,0,0,0,0,0,0,0,36984,1103,0,0,0,5430,6659,0,0,0,0,0,0,0,0,0,0,0,0,8307,515,34464,6890,8787,TCGA-GM-A2DB-DX1_xmin50586_ymin43110_MPP-0.2500+226
0,0,0,0,0,0,33015,14471,0,0,0,1284,1406,0,0,0,0,0,0,0,0,0,0,0,0,0,0,0,0,0,0,34249,13237,0,0,0,1295,1395,0,0,0,0,0,0,0,0,0,0,0,0,0,0,0,0,0,0,36409,11077,0,0,0,1315,1375,0,0,0,0,0,0,0,0,0,0,0,0,8574,1308,34561,5733,10025,TCGA-GM-A2DB-DX1_xmin50586_ymin43110_MPP-0.2500+227
0,0,0,0,0,0,0,0,0,0,0,0,0,0,0,0,0,0,50176,0,0,0,0,0,0,0,0,0,0,0,0,0,0,0,0,0,0,0,0,0,0,0,0,50176,0,0,0,0,0,0,0,0,0,0,0,0,0,0,0,0,0,0,0,0,0,0,0,0,50176,0,0,0,0,0,0,39348,0,7322,3506,43291,TCGA-GM-A2DB-DX1_xmin50586_ymin43110_MPP-0.2500+228
892,0,0,284,0,180,0,0,3344,0,0,0,0,0,0,0,0,0,45476,0,0,0,0,0,0,669,0,0,507,0,115,0,0,3409,0,0,0,0,0,0,0,0,0,45476,0,0,0,0,0,0,791,0,0,385,0,121,0,0,3403,0,0,0,0,0,0,0,0,0,45476,0,0,0,0,0,0,25647,96,7388,17045,42433,TCGA-GM-A2DB-DX1_xmin50586_ymin43110_MPP-0.2500+229
0,0,0,0,0,5246,44930,0,0,0,0,0,0,0,0,0,0,0,0,0,0,0,0,0,0,0,0,0,0,0,5460,44716,0,0,0,0,0,0,0,0,0,0,0,0,0,0,0,0,0,0,0,0,0,0,0,5548,44628,0,0,0,0,0,0,0,0,0,0,0,0,0,0,0,0,0,0,6653,186,38204,5133,6693,TCGA-GM-A2DB-DX1_xmin50586_ymin43110_MPP-0.2500+23
35846,0,0,189,0,2474,0,0,2436,0,0,0,0,0,0,792,0,0,8439,0,0,0,0,0,0,35990,0,0,45,0,2545,0,0,2365,0,0,0,0,0,0,807,0,0,8424,0,0,0,0,0,0,35969,0,0,66,0,2429,0,0,2481,0,0,0,0,0,0,781,0,0,8450,0,0,0,0,0,0,6125,1675,37026,5350,9854,TCGA-GM-A2DB-DX1_xmin50586_ymin43110_MPP-0.2500+230
50176,0,0,0,0,0,0,0,0,0,0,0,0,0,0,0,0,0,0,0,0,0,0,0,0,50176,0,0,0,0,0,0,0,0,0,0,0,0,0,0,0,0,0,0,0,0,0,0,0,0,50176,0,0,0,0,0,0,0,0,0,0,0,0,0,0,0,0,0,0,0,0,0,0,0,0,1945,0,48231,0,2067,TCGA-GM-A2DB-DX1_xmin50586_ymin43110_MPP-0.2500+231
42024,0,0,0,0,8152,0,0,0,0,0,0,0,0,0,0,0,0,0,0,0,0,0,0,0,42024,0,0,0,0,8152,0,0,0,0,0,0,0,0,0,0,0,0,0,0,0,0,0,0,0,42024,0,0,0,0,8152,0,0,0,0,0,0,0,0,0,0,0,0,0,0,0,0,0,0,0,1097,1675,41566,5838,9889,TCGA-GM-A2DB-DX1_xmin50586_ymin43110_MPP-0.2500+232
9550,1210,0,0,0,15092,24324,0,0,0,0,0,0,0,0,0,0,0,0,0,0,0,0,0,0,9488,1272,0,0,0,14637,24779,0,0,0,0,0,0,0,0,0,0,0,0,0,0,0,0,0,0,9474,1286,0,0,0,13479,25937,0,0,0,0,0,0,0,0,0,0,0,0,0,0,0,0,0,0,6320,3954,19957,19945,19837,TCGA-GM-A2DB-DX1_xmin50586_ymin43110_MPP-0.2500+233
44503,0,0,0,0,5673,0,0,0,0,0,0,0,0,0,0,0,0,0,0,0,0,0,0,0,44503,0,0,0,0,5673,0,0,0,0,0,0,0,0,0,0,0,0,0,0,0,0,0,0,0,44503,0,0,0,0,5673,0,0,0,0,0,0,0,0,0,0,0,0,0,0,0,0,0,0,0,819,319,43967,5071,812,TCGA-GM-A2DB-DX1_xmin50586_ymin43110_MPP-0.2500+234
50176,0,0,0,0,0,0,0,0,0,0,0,0,0,0,0,0,0,0,0,0,0,0,0,0,50176,0,0,0,0,0,0,0,0,0,0,0,0,0,0,0,0,0,0,0,0,0,0,0,0,50176,0,0,0,0,0,0,0,0,0,0,0,0,0,0,0,0,0,0,0,0,0,0,0,0,1052,0,48707,417,844,TCGA-GM-A2DB-DX1_xmin50586_ymin43110_MPP-0.2500+235
30468,0,0,322,0,3120,0,0,10173,0,0,0,0,0,0,186,0,0,5907,0,0,0,0,0,0,30458,0,0,332,0,3039,0,0,10254,0,0,0,0,0,0,275,0,0,5818,0,0,0,0,0,0,30419,0,0,371,0,3002,0,0,10291,0,0,0,0,0,0,309,0,0,5784,0,0,0,0,0,0,6341,3484,30746,9605,14405,TCGA-GM-A2DB-DX1_xmin50586_ymin43110_MPP-0.2500+236
29537,0,0,4356,0,1736,0,0,7805,0,0,0,0,0,0,0,0,0,6742,0,0,0,0,0,0,29536,0,0,4357,0,1874,0,0,7667,0,0,0,0,0,0,0,0,0,6742,0,0,0,0,0,0,29395,0,0,4498,0,1861,0,0,7680,0,0,0,0,0,0,0,0,0,6742,0,0,0,0,0,0,4201,1098,34941,9936,17700,TCGA-GM-A2DB-DX1_xmin50586_ymin43110_MPP-0.2500+237
50042,0,0,0,0,134,0,0,0,0,0,0,0,0,0,0,0,0,0,0,0,0,0,0,0,50042,0,0,0,0,134,0,0,0,0,0,0,0,0,0,0,0,0,0,0,0,0,0,0,0,50042,0,0,0,0,134,0,0,0,0,0,0,0,0,0,0,0,0,0,0,0,0,0,0,0,646,67,49396,67,1955,TCGA-GM-A2DB-DX1_xmin50586_ymin43110_MPP-0.2500+238
50176,0,0,0,0,0,0,0,0,0,0,0,0,0,0,0,0,0,0,0,0,0,0,0,0,50176,0,0,0,0,0,0,0,0,0,0,0,0,0,0,0,0,0,0,0,0,0,0,0,0,50176,0,0,0,0,0,0,0,0,0,0,0,0,0,0,0,0,0,0,0,0,0,0,0,0,2200,0,47976,0,1563,TCGA-GM-A2DB-DX1_xmin50586_ymin43110_MPP-0.2500+239
16573,3186,0,0,0,312,30105,0,0,0,0,0,0,0,0,0,0,0,0,0,0,0,0,0,0,16437,3322,0,0,0,316,30101,0,0,0,0,0,0,0,0,0,0,0,0,0,0,0,0,0,0,16235,3524,0,0,0,536,29881,0,0,0,0,0,0,0,0,0,0,0,0,0,0,0,0,0,0,7877,544,35847,5908,13968,TCGA-GM-A2DB-DX1_xmin50586_ymin43110_MPP-0.2500+24
50176,0,0,0,0,0,0,0,0,0,0,0,0,0,0,0,0,0,0,0,0,0,0,0,0,50176,0,0,0,0,0,0,0,0,0,0,0,0,0,0,0,0,0,0,0,0,0,0,0,0,50176,0,0,0,0,0,0,0,0,0,0,0,0,0,0,0,0,0,0,0,0,0,0,0,0,1692,0,48484,0,2226,TCGA-GM-A2DB-DX1_xmin50586_ymin43110_MPP-0.2500+240
28280,0,0,0,0,21896,0,0,0,0,0,0,0,0,0,0,0,0,0,0,0,0,0,0,0,28280,0,0,0,0,21896,0,0,0,0,0,0,0,0,0,0,0,0,0,0,0,0,0,0,0,28280,0,0,0,0,21896,0,0,0,0,0,0,0,0,0,0,0,0,0,0,0,0,0,0,0,3920,1189,35450,9617,7976,TCGA-GM-A2DB-DX1_xmin50586_ymin43110_MPP-0.2500+241
0,0,0,0,0,13582,0,0,0,0,36594,0,0,0,0,0,0,0,0,0,0,0,0,0,0,0,0,0,0,0,13582,0,0,0,0,36594,0,0,0,0,0,0,0,0,0,0,0,0,0,0,0,0,0,0,0,13582,0,0,0,0,36594,0,0,0,0,0,0,0,0,0,0,0,0,0,0,5080,2815,5844,36437,15254,TCGA-GM-A2DB-DX1_xmin50586_ymin43110_MPP-0.2500+242
0,0,0,0,0,693,0,4945,0,0,267,0,44271,0,0,0,0,0,0,0,0,0,0,0,0,0,0,0,0,0,997,0,4641,0,0,299,0,44239,0,0,0,0,0,0,0,0,0,0,0,0,0,0,0,0,0,1092,0,4546,0,0,460,0,44078,0,0,0,0,0,0,0,0,0,0,0,0,17716,207,25220,7033,18733,TCGA-GM-A2DB-DX1_xmin50586_ymin43110_MPP-0.2500+243
0,0,0,0,0,5520,0,16803,0,0,0,0,27853,0,0,0,0,0,0,0,0,0,0,0,0,0,0,0,0,0,5392,0,16931,0,0,0,0,27853,0,0,0,0,0,0,0,0,0,0,0,0,0,0,0,0,0,5264,0,17059,0,0,0,0,27853,0,0,0,0,0,0,0,0,0,0,0,0,15669,3653,24486,6368,15233,TCGA-GM-A2DB-DX1_xmin50586_ymin43110_MPP-0.2500+244
0,0,0,0,0,0,19918,26830,0,0,0,515,2913,0,0,0,0,0,0,0,0,0,0,0,0,0,0,0,0,0,0,20601,26147,0,0,0,536,2892,0,0,0,0,0,0,0,0,0,0,0,0,0,0,0,0,0,0,21374,25374,0,0,0,559,2869,0,0,0,0,0,0,0,0,0,0,0,0,3694,13220,13689,19573,10703,TCGA-GM-A2DB-DX1_xmin50586_ymin43110_MPP-0.2500+245
0,0,0,0,0,0,34632,7372,0,0,0,998,7174,0,0,0,0,0,0,0,0,0,0,0,0,0,0,0,0,0,0,35257,6747,0,0,0,1079,7093,0,0,0,0,0,0,0,0,0,0,0,0,0,0,0,0,0,0,36184,5820,0,0,0,1183,6989,0,0,0,0,0,0,0,0,0,0,0,0,8604,510,36024,5038,9947,TCGA-GM-A2DB-DX1_xmin50586_ymin43110_MPP-0.2500+246
0,0,0,0,0,0,30557,18979,0,0,0,582,58,0,0,0,0,0,0,0,0,0,0,0,0,0,0,0,0,0,0,31451,18085,0,0,0,582,58,0,0,0,0,0,0,0,0,0,0,0,0,0,0,0,0,0,0,34162,15374,0,0,0,556,84,0,0,0,0,0,0,0,0,0,0,0,0,4643,1045,38451,6037,6563,TCGA-GM-A2DB-DX1_xmin50586_ymin43110_MPP-0.2500+247
0,0,0,0,0,0,0,0,0,0,0,0,0,0,0,0,0,0,50176,0,0,0,0,0,0,0,0,0,0,0,0,0,0,0,0,0,0,0,0,0,0,0,0,50176,0,0,0,0,0,0,0,0,0,0,0,0,0,0,0,0,0,0,0,0,0,0,0,0,50176,0,0,0,0,0,0,33836,0,8078,8262,35401,TCGA-GM-A2DB-DX1_xmin50586_ymin43110_MPP-0.2500+248
0,0,0,0,0,0,0,0,0,0,0,0,0,0,0,4,0,0,50172,0,0,0,0,0,0,0,0,0,0,0,0,0,0,0,0,0,0,0,0,0,4,0,0,50172,0,0,0,0,0,0,0,0,0,0,0,0,0,0,0,0,0,0,0,0,0,4,0,0,50172,0,0,0,0,0,0,38248,0,3870,8058,46168,TCGA-GM-A2DB-DX1_xmin50586_ymin43110_MPP-0.2500+249
38303,2892,0,0,0,893,8085,0,0,0,0,0,0,0,0,0,3,0,0,0,0,0,0,0,0,38235,2960,0,0,0,901,8077,0,0,0,0,0,0,0,0,0,3,0,0,0,0,0,0,0,0,38020,3175,0,0,0,886,8092,0,0,0,0,0,0,0,0,0,3,0,0,0,0,0,0,0,0,3052,559,44180,2385,3651,TCGA-GM-A2DB-DX1_xmin50586_ymin43110_MPP-0.2500+25
16,0,0,600,0,0,0,0,1375,0,0,0,0,0,0,0,0,0,48185,0,0,0,0,0,0,16,0,0,600,0,0,0,0,1375,0,0,0,0,0,0,0,0,0,48185,0,0,0,0,0,0,16,0,0,600,0,0,0,0,1375,0,0,0,0,0,0,0,0,0,48185,0,0,0,0,0,0,31358,176,7042,11600,36495,TCGA-GM-A2DB-DX1_xmin50586_ymin43110_MPP-0.2500+250
23156,0,0,15,0,3916,0,0,4152,0,0,0,0,0,0,397,0,0,18540,0,0,0,0,0,0,23146,0,0,25,0,3989,0,0,4079,0,0,0,0,0,0,361,0,0,18576,0,0,0,0,0,0,23142,0,0,29,0,4031,0,0,4037,0,0,0,0,0,0,417,0,0,18520,0,0,0,0,0,0,10269,2362,30658,6887,18846,TCGA-GM-A2DB-DX1_xmin50586_ymin43110_MPP-0.2500+251
49847,0,0,0,0,329,0,0,0,0,0,0,0,0,0,0,0,0,0,0,0,0,0,0,0,49847,0,0,0,0,329,0,0,0,0,0,0,0,0,0,0,0,0,0,0,0,0,0,0,0,49847,0,0,0,0,329,0,0,0,0,0,0,0,0,0,0,0,0,0,0,0,0,0,0,0,2574,17,47204,381,3609,TCGA-GM-A2DB-DX1_xmin50586_ymin43110_MPP-0.2500+252
42468,0,0,0,0,7708,0,0,0,0,0,0,0,0,0,0,0,0,0,0,0,0,0,0,0,42468,0,0,0,0,7708,0,0,0,0,0,0,0,0,0,0,0,0,0,0,0,0,0,0,0,42468,0,0,0,0,7708,0,0,0,0,0,0,0,0,0,0,0,0,0,0,0,0,0,0,0,1618,1189,41175,6194,2876,TCGA-GM-A2DB-DX1_xmin50586_ymin43110_MPP-0.2500+253
19565,1485,0,0,0,16178,12948,0,0,0,0,0,0,0,0,0,0,0,0,0,0,0,0,0,0,19647,1403,0,0,0,15865,13261,0,0,0,0,0,0,0,0,0,0,0,0,0,0,0,0,0,0,19752,1298,0,0,0,15179,13947,0,0,0,0,0,0,0,0,0,0,0,0,0,0,0,0,0,0,1977,3232,26814,18153,10131,TCGA-GM-A2DB-DX1_xmin50586_ymin43110_MPP-0.2500+254
50176,0,0,0,0,0,0,0,0,0,0,0,0,0,0,0,0,0,0,0,0,0,0,0,0,50176,0,0,0,0,0,0,0,0,0,0,0,0,0,0,0,0,0,0,0,0,0,0,0,0,50176,0,0,0,0,0,0,0,0,0,0,0,0,0,0,0,0,0,0,0,0,0,0,0,0,677,0,49499,0,1054,TCGA-GM-A2DB-DX1_xmin50586_ymin43110_MPP-0.2500+255
13184,0,0,433,0,4843,0,0,5787,0,0,0,0,0,0,0,0,0,25929,0,0,0,0,0,0,12963,0,0,654,0,4824,0,0,5806,0,0,0,0,0,0,0,0,0,25929,0,0,0,0,0,0,12922,0,0,695,0,4840,0,0,5790,0,0,0,0,0,0,0,0,0,25929,0,0,0,0,0,0,19611,2557,20725,7283,31594,TCGA-GM-A2DB-DX1_xmin50586_ymin43110_MPP-0.2500+256
0,0,0,0,0,0,0,0,1300,0,0,0,0,0,0,16,0,0,48860,0,0,0,0,0,0,0,0,0,0,0,0,0,0,1300,0,0,0,0,0,0,0,0,0,48876,0,0,0,0,0,0,0,0,0,0,0,0,0,0,1300,0,0,0,0,0,0,0,0,0,48876,0,0,0,0,0,0,33417,765,5759,10235,40965,TCGA-GM-A2DB-DX1_xmin50586_ymin43110_MPP-0.2500+257
11985,0,0,0,0,11065,0,0,2698,0,0,0,0,0,0,932,0,0,23496,0,0,0,0,0,0,11984,0,0,1,0,10545,0,0,3218,0,0,0,0,0,0,895,0,0,23533,0,0,0,0,0,0,11984,0,0,1,0,10608,0,0,3155,0,0,0,0,0,0,846,0,0,23582,0,0,0,0,0,0,18097,1534,17023,13522,24623,TCGA-GM-A2DB-DX1_xmin50586_ymin43110_MPP-0.2500+258
47905,0,0,0,0,2271,0,0,0,0,0,0,0,0,0,0,0,0,0,0,0,0,0,0,0,47905,0,0,0,0,2271,0,0,0,0,0,0,0,0,0,0,0,0,0,0,0,0,0,0,0,47905,0,0,0,0,2271,0,0,0,0,0,0,0,0,0,0,0,0,0,0,0,0,0,0,0,2118,56,45787,2215,2671,TCGA-GM-A2DB-DX1_xmin50586_ymin43110_MPP-0.2500+259
8569,351,0,0,0,6353,10739,0,0,0,0,0,0,0,0,2431,21733,0,0,0,0,0,0,0,0,8583,337,0,0,0,6190,10902,0,0,0,0,0,0,0,0,2541,21623,0,0,0,0,0,0,0,0,8593,327,0,0,0,5999,11093,0,0,0,0,0,0,0,0,2433,21731,0,0,0,0,0,0,0,0,7429,4212,16875,21660,15804,TCGA-GM-A2DB-DX1_xmin50586_ymin43110_MPP-0.2500+26
50176,0,0,0,0,0,0,0,0,0,0,0,0,0,0,0,0,0,0,0,0,0,0,0,0,50176,0,0,0,0,0,0,0,0,0,0,0,0,0,0,0,0,0,0,0,0,0,0,0,0,50176,0,0,0,0,0,0,0,0,0,0,0,0,0,0,0,0,0,0,0,0,0,0,0,0,5317,0,44453,406,9860,TCGA-GM-A2DB-DX1_xmin50586_ymin43110_MPP-0.2500+260
50036,0,0,0,0,140,0,0,0,0,0,0,0,0,0,0,0,0,0,0,0,0,0,0,0,50036,0,0,0,0,140,0,0,0,0,0,0,0,0,0,0,0,0,0,0,0,0,0,0,0,50036,0,0,0,0,140,0,0,0,0,0,0,0,0,0,0,0,0,0,0,0,0,0,0,0,6854,25,43007,290,7657,TCGA-GM-A2DB-DX1_xmin50586_ymin43110_MPP-0.2500+261
23871,0,0,0,0,26305,0,0,0,0,0,0,0,0,0,0,0,0,0,0,0,0,0,0,0,23871,0,0,0,0,26305,0,0,0,0,0,0,0,0,0,0,0,0,0,0,0,0,0,0,0,23871,0,0,0,0,26305,0,0,0,0,0,0,0,0,0,0,0,0,0,0,0,0,0,0,0,2064,3393,27084,17635,8403,TCGA-GM-A2DB-DX1_xmin50586_ymin43110_MPP-0.2500+262
0,0,0,0,0,0,23854,4902,0,0,0,2427,18993,0,0,0,0,0,0,0,0,0,0,0,0,0,0,0,0,0,0,24001,4755,0,0,0,2612,18808,0,0,0,0,0,0,0,0,0,0,0,0,0,0,0,0,0,0,24089,4667,0,0,0,2738,18682,0,0,0,0,0,0,0,0,0,0,0,0,17779,3539,21701,7157,12294,TCGA-GM-A2DB-DX1_xmin50586_ymin43110_MPP-0.2500+263
0,0,0,0,0,0,12807,2555,0,0,0,14547,20267,0,0,0,0,0,0,0,0,0,0,0,0,0,0,0,0,0,0,12862,2500,0,0,0,15209,19605,0,0,0,0,0,0,0,0,0,0,0,0,0,0,0,0,0,0,12867,2495,0,0,0,15885,18929,0,0,0,0,0,0,0,0,0,0,0,0,15158,1732,21359,11927,9177,TCGA-GM-A2DB-DX1_xmin50586_ymin43110_MPP-0.2500+264
0,0,0,0,0,0,32789,10457,0,0,0,1169,5761,0,0,0,0,0,0,0,0,0,0,0,0,0,0,0,0,0,0,33041,10205,0,0,0,1442,5488,0,0,0,0,0,0,0,0,0,0,0,0,0,0,0,0,0,0,32828,10418,0,0,0,1500,5430,0,0,0,0,0,0,0,0,0,0,0,0,5671,1480,34309,8716,8772,TCGA-GM-A2DB-DX1_xmin50586_ymin43110_MPP-0.2500+265
0,0,0,0,0,0,23800,15841,0,0,0,3713,6822,0,0,0,0,0,0,0,0,0,0,0,0,0,0,0,0,0,0,24579,15062,0,0,0,3812,6723,0,0,0,0,0,0,0,0,0,0,0,0,0,0,0,0,0,0,24174,15467,0,0,0,3668,6867,0,0,0,0,0,0,0,0,0,0,0,0,3958,4792,31628,9798,9878,TCGA-GM-A2DB-DX1_xmin50586_ymin43110_MPP-0.2500+266
0,0,0,0,0,0,21522,2122,0,0,0,8884,3450,0,0,0,0,0,0,0,0,0,0,0,14198,0,0,0,0,0,0,21830,1814,0,0,0,9405,2929,0,0,0,0,0,0,0,0,0,0,0,14198,0,0,0,0,0,0,21845,1799,0,0,0,8728,3606,0,0,0,0,0,0,0,0,0,0,0,14198,1049,3542,21625,9762,6739,TCGA-GM-A2DB-DX1_xmin50586_ymin43110_MPP-0.2500+267
0,0,0,0,0,0,0,0,0,0,0,0,0,0,0,0,0,0,50176,0,0,0,0,0,0,0,0,0,0,0,0,0,0,0,0,0,0,0,0,0,0,0,0,50176,0,0,0,0,0,0,0,0,0,0,0,0,0,0,0,0,0,0,0,0,0,0,0,0,50176,0,0,0,0,0,0,32801,0,6011,11364,42897,TCGA-GM-A2DB-DX1_xmin50586_ymin43110_MPP-0.2500+268
0,0,0,0,0,0,0,0,0,0,0,0,0,0,0,1888,0,0,48288,0,0,0,0,0,0,0,0,0,0,0,0,0,0,0,0,0,0,0,0,0,1344,0,0,48832,0,0,0,0,0,0,0,0,0,0,0,0,0,0,0,0,0,0,0,0,0,1280,0,0,48896,0,0,0,0,0,0,33220,0,2344,14612,41780,TCGA-GM-A2DB-DX1_xmin50586_ymin43110_MPP-0.2500+269
527,0,0,17,0,4261,0,0,14878,0,0,0,0,0,0,7145,0,0,23348,0,0,0,0,0,0,500,0,0,44,0,3726,0,0,15413,0,0,0,0,0,0,7093,0,0,23400,0,0,0,0,0,0,500,0,0,44,0,3727,0,0,15412,0,0,0,0,0,0,6852,0,0,23641,0,0,0,0,0,0,15333,8412,8970,17461,31257,TCGA-GM-A2DB-DX1_xmin50586_ymin43110_MPP-0.2500+27
0,0,0,0,0,0,0,0,0,0,0,0,0,0,0,15242,24550,0,10384,0,0,0,0,0,0,0,0,0,0,0,0,0,0,0,0,0,0,0,0,0,13590,26923,0,9663,0,0,0,0,0,0,0,0,0,0,0,0,0,0,0,0,0,0,0,0,0,14068,26347,0,9761,0,0,0,0,0,0,5267,8,1554,43347,21911,TCGA-GM-A2DB-DX1_xmin50586_ymin43110_MPP-0.2500+270
0,0,0,0,0,0,0,0,105,0,0,0,0,0,0,0,0,0,50071,0,0,0,0,0,0,0,0,0,0,0,0,0,0,105,0,0,0,0,0,0,0,0,0,50071,0,0,0,0,0,0,0,0,0,0,0,0,0,0,105,0,0,0,0,0,0,16,0,0,50055,0,0,0,0,0,0,38143,0,8491,3542,40126,TCGA-GM-A2DB-DX1_xmin50586_ymin43110_MPP-0.2500+271
23399,0,0,0,0,6893,0,0,985,0,0,0,0,0,0,840,0,0,18059,0,0,0,0,0,0,23399,0,0,0,0,7021,0,0,857,0,0,0,0,0,0,917,0,0,17982,0,0,0,0,0,0,23399,0,0,0,0,6998,0,0,880,0,0,0,0,0,0,924,0,0,17975,0,0,0,0,0,0,12695,2263,27880,7338,18021,TCGA-GM-A2DB-DX1_xmin50586_ymin43110_MPP-0.2500+272
50176,0,0,0,0,0,0,0,0,0,0,0,0,0,0,0,0,0,0,0,0,0,0,0,0,50176,0,0,0,0,0,0,0,0,0,0,0,0,0,0,0,0,0,0,0,0,0,0,0,0,50176,0,0,0,0,0,0,0,0,0,0,0,0,0,0,0,0,0,0,0,0,0,0,0,0,1265,0,48911,0,1239,TCGA-GM-A2DB-DX1_xmin50586_ymin43110_MPP-0.2500+273
31707,0,0,0,0,18469,0,0,0,0,0,0,0,0,0,0,0,0,0,0,0,0,0,0,0,31707,0,0,0,0,18469,0,0,0,0,0,0,0,0,0,0,0,0,0,0,0,0,0,0,0,31707,0,0,0,0,18469,0,0,0,0,0,0,0,0,0,0,0,0,0,0,0,0,0,0,0,1266,5915,31029,11966,10351,TCGA-GM-A2DB-DX1_xmin50586_ymin43110_MPP-0.2500+274
42740,0,0,0,0,7436,0,0,0,0,0,0,0,0,0,0,0,0,0,0,0,0,0,0,0,42740,0,0,0,0,7436,0,0,0,0,0,0,0,0,0,0,0,0,0,0,0,0,0,0,0,42740,0,0,0,0,7436,0,0,0,0,0,0,0,0,0,0,0,0,0,0,0,0,0,0,0,16,1648,43398,5114,2087,TCGA-GM-A2DB-DX1_xmin50586_ymin43110_MPP-0.2500+275
28664,0,0,0,0,13075,0,0,0,0,0,0,0,0,0,8437,0,0,0,0,0,0,0,0,0,28664,0,0,0,0,13075,0,0,0,0,0,0,0,0,0,8437,0,0,0,0,0,0,0,0,0,28664,0,0,0,0,13075,0,0,0,0,0,0,0,0,0,8437,0,0,0,0,0,0,0,0,0,4491,1460,29915,14310,11176,TCGA-GM-A2DB-DX1_xmin50586_ymin43110_MPP-0.2500+276
0,0,0,0,0,0,0,0,117,0,0,0,0,0,0,16,0,0,50043,0,0,0,0,0,0,0,0,0,0,0,0,0,0,117,0,0,0,0,0,0,16,0,0,50043,0,0,0,0,0,0,0,0,0,0,0,0,0,0,117,0,0,0,0,0,0,16,0,0,50043,0,0,0,0,0,0,32386,0,13854,3936,42063,TCGA-GM-A2DB-DX1_xmin50586_ymin43110_MPP-0.2500+277
942,0,0,844,0,194,0,0,5784,0,0,0,0,0,0,0,0,0,42412,0,0,0,0,0,0,819,0,0,967,0,221,0,0,5757,0,0,0,0,0,0,0,0,0,42412,0,0,0,0,0,0,819,0,0,967,0,157,0,0,5821,0,0,0,0,0,0,0,0,0,42412,0,0,0,0,0,0,30123,849,13031,6173,36312,TCGA-GM-A2DB-DX1_xmin50586_ymin43110_MPP-0.2500+278
49229,0,0,0,0,947,0,0,0,0,0,0,0,0,0,0,0,0,0,0,0,0,0,0,0,49229,0,0,0,0,947,0,0,0,0,0,0,0,0,0,0,0,0,0,0,0,0,0,0,0,49229,0,0,0,0,947,0,0,0,0,0,0,0,0,0,0,0,0,0,0,0,0,0,0,0,5425,442,42828,1481,5160,TCGA-GM-A2DB-DX1_xmin50586_ymin43110_MPP-0.2500+279
6119,0,0,0,0,13145,0,0,15904,0,0,0,0,0,0,2292,0,0,12716,0,0,0,0,0,0,6119,0,0,0,0,12551,0,0,16498,0,0,0,0,0,0,2264,0,0,12744,0,0,0,0,0,0,6119,0,0,0,0,12742,0,0,16307,0,0,0,0,0,0,2375,0,0,12633,0,0,0,0,0,0,6978,1425,32887,8886,20070,TCGA-GM-A2DB-DX1_xmin50586_ymin43110_MPP-0.2500+28
31341,0,0,0,0,18835,0,0,0,0,0,0,0,0,0,0,0,0,0,0,0,0,0,0,0,31341,0,0,0,0,18835,0,0,0,0,0,0,0,0,0,0,0,0,0,0,0,0,0,0,0,31341,0,0,0,0,18835,0,0,0,0,0,0,0,0,0,0,0,0,0,0,0,0,0,0,0,2484,2507,33846,11339,11178,TCGA-GM-A2DB-DX1_xmin50586_ymin43110_MPP-0.2500+280
22065,0,0,0,0,28111,0,0,0,0,0,0,0,0,0,0,0,0,0,0,0,0,0,0,0,22065,0,0,0,0,28111,0,0,0,0,0,0,0,0,0,0,0,0,0,0,0,0,0,0,0,22065,0,0,0,0,28111,0,0,0,0,0,0,0,0,0,0,0,0,0,0,0,0,0,0,0,1682,3301,24371,20822,8411,TCGA-GM-A2DB-DX1_xmin50586_ymin43110_MPP-0.2500+281
6303,0,0,0,0,43873,0,0,0,0,0,0,0,0,0,0,0,0,0,0,0,0,0,0,0,6303,0,0,0,0,43873,0,0,0,0,0,0,0,0,0,0,0,0,0,0,0,0,0,0,0,6303,0,0,0,0,43873,0,0,0,0,0,0,0,0,0,0,0,0,0,0,0,0,0,0,0,2263,3560,28818,15535,11606,TCGA-GM-A2DB-DX1_xmin50586_ymin43110_MPP-0.2500+282
0,0,0,0,0,0,50176,0,0,0,0,0,0,0,0,0,0,0,0,0,0,0,0,0,0,0,0,0,0,0,0,50176,0,0,0,0,0,0,0,0,0,0,0,0,0,0,0,0,0,0,0,0,0,0,0,0,50176,0,0,0,0,0,0,0,0,0,0,0,0,0,0,0,0,0,0,8495,6,38265,3410,11877,TCGA-GM-A2DB-DX1_xmin50586_ymin43110_MPP-0.2500+283
0,0,0,0,0,0,21755,18317,0,0,0,400,9704,0,0,0,0,0,0,0,0,0,0,0,0,0,0,0,0,0,0,22851,17221,0,0,0,429,9675,0,0,0,0,0,0,0,0,0,0,0,0,0,0,0,0,0,0,22240,17832,0,0,0,302,9802,0,0,0,0,0,0,0,0,0,0,0,0,6137,4995,30806,8238,11166,TCGA-GM-A2DB-DX1_xmin50586_ymin43110_MPP-0.2500+284
0,0,0,0,0,0,25297,6210,0,0,0,6978,11691,0,0,0,0,0,0,0,0,0,0,0,0,0,0,0,0,0,0,26142,5365,0,0,0,7506,11163,0,0,0,0,0,0,0,0,0,0,0,0,0,0,0,0,0,0,25253,6254,0,0,0,6911,11758,0,0,0,0,0,0,0,0,0,0,0,0,7478,2924,29219,10555,10026,TCGA-GM-A2DB-DX1_xmin50586_ymin43110_MPP-0.2500+285
0,0,0,0,0,0,8922,13701,0,0,0,5647,14222,0,0,0,0,0,0,0,0,0,0,0,7684,0,0,0,0,0,0,9697,12926,0,0,0,6463,13406,0,0,0,0,0,0,0,0,0,0,0,7684,0,0,0,0,0,0,10316,12307,0,0,0,7127,12742,0,0,0,0,0,0,0,0,0,0,0,7684,3599,2204,21881,14808,7609,TCGA-GM-A2DB-DX1_xmin50586_ymin43110_MPP-0.2500+286
0,0,0,0,0,0,13261,2035,0,0,0,0,0,0,0,0,0,0,0,0,0,0,0,0,34880,0,0,0,0,0,0,13636,1660,0,0,0,0,0,0,0,0,0,0,0,0,0,0,0,0,34880,0,0,0,0,0,0,13695,1601,0,0,0,0,0,0,0,0,0,0,0,0,0,0,0,0,34880,1028,453,13457,358,1200,TCGA-GM-A2DB-DX1_xmin50586_ymin43110_MPP-0.2500+287
0,0,0,0,0,0,12278,6873,0,0,0,1407,8351,0,0,0,0,0,0,0,0,0,0,0,21267,0,0,0,0,0,0,12485,6666,0,0,0,1574,8184,0,0,0,0,0,0,0,0,0,0,0,21267,0,0,0,0,0,0,12629,6522,0,0,0,1661,8097,0,0,0,0,0,0,0,0,0,0,0,21267,3430,4090,17421,3968,5460,TCGA-GM-A2DB-DX1_xmin50586_ymin43110_MPP-0.2500+288
0,0,0,0,0,0,0,0,0,0,0,0,0,0,0,0,0,0,50176,0,0,0,0,0,0,0,0,0,0,0,0,0,0,0,0,0,0,0,0,0,0,0,0,50176,0,0,0,0,0,0,0,0,0,0,0,0,0,0,0,0,0,0,0,0,0,0,0,0,50176,0,0,0,0,0,0,39856,0,5112,5208,44469,TCGA-GM-A2DB-DX1_xmin50586_ymin43110_MPP-0.2500+289
13811,0,0,961,0,6787,0,0,16127,0,0,0,0,0,0,0,0,0,12490,0,0,0,0,0,0,13837,0,0,935,0,7065,0,0,15849,0,0,0,0,0,0,0,0,0,12490,0,0,0,0,0,0,13868,0,0,904,0,7151,0,0,15763,0,0,0,0,0,0,0,0,0,12490,0,0,0,0,0,0,6792,7335,21539,14510,26258,TCGA-GM-A2DB-DX1_xmin50586_ymin43110_MPP-0.2500+29
0,0,0,0,0,0,0,0,0,0,0,0,0,0,0,3664,0,0,46512,0,0,0,0,0,0,0,0,0,0,0,0,0,0,0,0,0,0,0,0,0,3984,0,0,46192,0,0,0,0,0,0,0,0,0,0,0,0,0,0,0,0,0,0,0,0,0,3920,0,0,46256,0,0,0,0,0,0,14097,0,931,35148,28939,TCGA-GM-A2DB-DX1_xmin50586_ymin43110_MPP-0.2500+290
0,0,0,0,0,0,0,0,0,0,0,0,0,0,0,624,0,0,49552,0,0,0,0,0,0,0,0,0,0,0,0,0,0,0,0,0,0,0,0,0,528,0,0,49648,0,0,0,0,0,0,0,0,0,0,0,0,0,0,0,0,0,0,0,0,0,592,0,0,49584,0,0,0,0,0,0,35730,0,5267,9179,40905,TCGA-GM-A2DB-DX1_xmin50586_ymin43110_MPP-0.2500+291
16,0,0,0,0,288,0,0,1031,0,0,0,0,0,0,0,0,0,48841,0,0,0,0,0,0,16,0,0,0,0,288,0,0,1031,0,0,0,0,0,0,0,0,0,48841,0,0,0,0,0,0,16,0,0,0,0,288,0,0,1031,0,0,0,0,0,0,0,0,0,48841,0,0,0,0,0,0,36386,12,9756,4022,41863,TCGA-GM-A2DB-DX1_xmin50586_ymin43110_MPP-0.2500+292
34228,0,0,0,0,6357,0,0,0,0,0,0,0,0,0,9591,0,0,0,0,0,0,0,0,0,34228,0,0,0,0,6357,0,0,0,0,0,0,0,0,0,9591,0,0,0,0,0,0,0,0,0,34228,0,0,0,0,6357,0,0,0,0,0,0,0,0,0,9591,0,0,0,0,0,0,0,0,0,4966,312,34892,10006,8666,TCGA-GM-A2DB-DX1_xmin50586_ymin43110_MPP-0.2500+293
49516,0,0,0,0,660,0,0,0,0,0,0,0,0,0,0,0,0,0,0,0,0,0,0,0,49516,0,0,0,0,660,0,0,0,0,0,0,0,0,0,0,0,0,0,0,0,0,0,0,0,49516,0,0,0,0,660,0,0,0,0,0,0,0,0,0,0,0,0,0,0,0,0,0,0,0,1287,0,48229,660,1686,TCGA-GM-A2DB-DX1_xmin50586_ymin43110_MPP-0.2500+294
24537,0,0,0,0,25639,0,0,0,0,0,0,0,0,0,0,0,0,0,0,0,0,0,0,0,24537,0,0,0,0,25639,0,0,0,0,0,0,0,0,0,0,0,0,0,0,0,0,0,0,0,24537,0,0,0,0,25639,0,0,0,0,0,0,0,0,0,0,0,0,0,0,0,0,0,0,0,1364,8350,26972,13490,7460,TCGA-GM-A2DB-DX1_xmin50586_ymin43110_MPP-0.2500+295
49029,0,0,0,0,1147,0,0,0,0,0,0,0,0,0,0,0,0,0,0,0,0,0,0,0,49029,0,0,0,0,1147,0,0,0,0,0,0,0,0,0,0,0,0,0,0,0,0,0,0,0,49029,0,0,0,0,1147,0,0,0,0,0,0,0,0,0,0,0,0,0,0,0,0,0,0,0,662,0,48367,1147,2922,TCGA-GM-A2DB-DX1_xmin50586_ymin43110_MPP-0.2500+296
5115,0,0,0,0,7973,0,0,481,0,0,0,0,0,0,4409,0,0,32198,0,0,0,0,0,0,5115,0,0,0,0,7697,0,0,757,0,0,0,0,0,0,4294,0,0,32313,0,0,0,0,0,0,5115,0,0,0,0,7567,0,0,887,0,0,0,0,0,0,4112,0,0,32495,0,0,0,0,0,0,22509,154,9664,17849,31387,TCGA-GM-A2DB-DX1_xmin50586_ymin43110_MPP-0.2500+297
5888,0,0,0,0,6946,0,0,0,0,0,0,0,0,0,9146,0,0,28196,0,0,0,0,0,0,5888,0,0,0,0,6732,0,0,214,0,0,0,0,0,0,8221,0,0,29121,0,0,0,0,0,0,5888,0,0,0,0,6676,0,0,270,0,0,0,0,0,0,8132,0,0,29210,0,0,0,0,0,0,11332,838,7102,30904,25226,TCGA-GM-A2DB-DX1_xmin50586_ymin43110_MPP-0.2500+298
49572,0,0,0,0,604,0,0,0,0,0,0,0,0,0,0,0,0,0,0,0,0,0,0,0,49572,0,0,0,0,604,0,0,0,0,0,0,0,0,0,0,0,0,0,0,0,0,0,0,0,49572,0,0,0,0,604,0,0,0,0,0,0,0,0,0,0,0,0,0,0,0,0,0,0,0,2871,8,46073,1224,2346,TCGA-GM-A2DB-DX1_xmin50586_ymin43110_MPP-0.2500+299
33752,0,0,304,0,1789,0,0,3411,0,0,0,0,0,0,5018,0,0,5902,0,0,0,0,0,0,33699,0,0,357,0,1607,0,0,3593,0,0,0,0,0,0,5010,0,0,5910,0,0,0,0,0,0,33657,0,0,399,0,1527,0,0,3673,0,0,0,0,0,0,5039,0,0,5881,0,0,0,0,0,0,5332,618,36484,7742,10831,TCGA-GM-A2DB-DX1_xmin50586_ymin43110_MPP-0.2500+3
0,0,0,0,0,0,47363,0,0,0,0,2813,0,0,0,0,0,0,0,0,0,0,0,0,0,0,0,0,0,0,0,47363,0,0,0,0,2813,0,0,0,0,0,0,0,0,0,0,0,0,0,0,0,0,0,0,0,47363,0,0,0,0,2813,0,0,0,0,0,0,0,0,0,0,0,0,0,5778,796,26176,17426,13531,TCGA-GM-A2DB-DX1_xmin50586_ymin43110_MPP-0.2500+30
2245,0,0,0,0,46826,0,0,0,0,1105,0,0,0,0,0,0,0,0,0,0,0,0,0,0,2245,0,0,0,0,46826,0,0,0,0,1105,0,0,0,0,0,0,0,0,0,0,0,0,0,0,2245,0,0,0,0,46826,0,0,0,0,1105,0,0,0,0,0,0,0,0,0,0,0,0,0,0,1784,7122,10606,30664,9884,TCGA-GM-A2DB-DX1_xmin50586_ymin43110_MPP-0.2500+300
0,0,0,0,0,27536,0,0,0,0,22640,0,0,0,0,0,0,0,0,0,0,0,0,0,0,0,0,0,0,0,27536,0,0,0,0,22640,0,0,0,0,0,0,0,0,0,0,0,0,0,0,0,0,0,0,0,27536,0,0,0,0,22640,0,0,0,0,0,0,0,0,0,0,0,0,0,0,9651,2042,13528,24955,15472,TCGA-GM-A2DB-DX1_xmin50586_ymin43110_MPP-0.2500+301
0,0,0,0,0,0,49842,0,0,0,48,286,0,0,0,0,0,0,0,0,0,0,0,0,0,0,0,0,0,0,0,49842,0,0,0,48,286,0,0,0,0,0,0,0,0,0,0,0,0,0,0,0,0,0,0,0,49842,0,0,0,48,286,0,0,0,0,0,0,0,0,0,0,0,0,0,6327,1902,29048,12899,8995,TCGA-GM-A2DB-DX1_xmin50586_ymin43110_MPP-0.2500+302
0,0,0,0,0,0,28073,18406,0,0,0,129,3568,0,0,0,0,0,0,0,0,0,0,0,0,0,0,0,0,0,0,29484,16995,0,0,0,311,3386,0,0,0,0,0,0,0,0,0,0,0,0,0,0,0,0,0,0,29814,16665,0,0,0,369,3328,0,0,0,0,0,0,0,0,0,0,0,0,8584,5827,23971,11794,10030,TCGA-GM-A2DB-DX1_xmin50586_ymin43110_MPP-0.2500+303
0,0,0,0,0,0,13325,10043,0,0,0,6877,19931,0,0,0,0,0,0,0,0,0,0,0,0,0,0,0,0,0,0,13276,10092,0,0,0,7255,19553,0,0,0,0,0,0,0,0,0,0,0,0,0,0,0,0,0,0,13235,10133,0,0,0,7801,19007,0,0,0,0,0,0,0,0,0,0,0,0,11934,4555,19112,14575,13282,TCGA-GM-A2DB-DX1_xmin50586_ymin43110_MPP-0.2500+304
0,0,0,0,0,0,25620,22450,0,0,0,905,1201,0,0,0,0,0,0,0,0,0,0,0,0,0,0,0,0,0,0,27075,20995,0,0,0,1092,1014,0,0,0,0,0,0,0,0,0,0,0,0,0,0,0,0,0,0,30545,17525,0,0,0,1271,835,0,0,0,0,0,0,0,0,0,0,0,0,4342,760,37950,7124,6842,TCGA-GM-A2DB-DX1_xmin50586_ymin43110_MPP-0.2500+305
0,0,0,0,0,0,40451,6142,0,0,0,1486,2097,0,0,0,0,0,0,0,0,0,0,0,0,0,0,0,0,0,0,41348,5245,0,0,0,1524,2059,0,0,0,0,0,0,0,0,0,0,0,0,0,0,0,0,0,0,41398,5195,0,0,0,1522,2061,0,0,0,0,0,0,0,0,0,0,0,0,4990,154,40401,4631,8957,TCGA-GM-A2DB-DX1_xmin50586_ymin43110_MPP-0.2500+306
0,0,0,0,0,0,45429,0,0,0,0,0,0,0,0,0,0,0,0,0,0,0,0,0,4747,0,0,0,0,0,0,45429,0,0,0,0,0,0,0,0,0,0,0,0,0,0,0,0,0,4747,0,0,0,0,0,0,45429,0,0,0,0,0,0,0,0,0,0,0,0,0,0,0,0,0,4747,4467,0,40531,431,4122,TCGA-GM-A2DB-DX1_xmin50586_ymin43110_MPP-0.2500+307
0,0,0,0,0,0,25341,2012,0,0,0,5452,2023,0,0,0,0,0,0,0,0,0,0,0,15348,0,0,0,0,0,0,25545,1808,0,0,0,5555,1920,0,0,0,0,0,0,0,0,0,0,0,15348,0,0,0,0,0,0,25405,1948,0,0,0,5502,1973,0,0,0,0,0,0,0,0,0,0,0,15348,3086,1000,24481,6261,5284,TCGA-GM-A2DB-DX1_xmin50586_ymin43110_MPP-0.2500+308
10324,0,0,298,0,1476,0,0,3882,0,0,0,0,0,0,557,0,0,33639,0,0,0,0,0,0,10291,0,0,331,0,1388,0,0,3970,0,0,0,0,0,0,475,0,0,33721,0,0,0,0,0,0,10317,0,0,305,0,1402,0,0,3956,0,0,0,0,0,0,513,0,0,33683,0,0,0,0,0,0,25336,1435,14579,8826,31436,TCGA-GM-A2DB-DX1_xmin50586_ymin43110_MPP-0.2500+309
0,0,0,0,0,0,50176,0,0,0,0,0,0,0,0,0,0,0,0,0,0,0,0,0,0,0,0,0,0,0,0,50176,0,0,0,0,0,0,0,0,0,0,0,0,0,0,0,0,0,0,0,0,0,0,0,0,50176,0,0,0,0,0,0,0,0,0,0,0,0,0,0,0,0,0,0,11371,90,29022,9693,15088,TCGA-GM-A2DB-DX1_xmin50586_ymin43110_MPP-0.2500+31
0,0,0,0,0,0,0,0,25,0,0,0,0,0,0,0,0,0,50151,0,0,0,0,0,0,0,0,0,0,0,0,0,0,25,0,0,0,0,0,0,0,0,0,50151,0,0,0,0,0,0,0,0,0,0,0,0,0,0,25,0,0,0,0,0,0,0,0,0,50151,0,0,0,0,0,0,41195,0,7658,1323,46951,TCGA-GM-A2DB-DX1_xmin50586_ymin43110_MPP-0.2500+310
0,0,0,0,0,0,0,0,0,0,0,0,0,0,0,0,0,0,50176,0,0,0,0,0,0,0,0,0,0,0,0,0,0,0,0,0,0,0,0,0,0,0,0,50176,0,0,0,0,0,0,0,0,0,0,0,0,0,0,0,0,0,0,0,0,0,0,0,0,50176,0,0,0,0,0,0,38551,0,6850,4775,40914,TCGA-GM-A2DB-DX1_xmin50586_ymin43110_MPP-0.2500+311
0,0,0,0,0,0,0,0,0,0,0,0,0,0,0,16,0,0,50160,0,0,0,0,0,0,0,0,0,0,0,0,0,0,0,0,0,0,0,0,0,16,0,0,50160,0,0,0,0,0,0,0,0,0,0,0,0,0,0,0,0,0,0,0,0,0,16,0,0,50160,0,0,0,0,0,0,33004,4,5447,11721,42836,TCGA-GM-A2DB-DX1_xmin50586_ymin43110_MPP-0.2500+312
13864,0,0,0,0,3141,0,0,2934,0,0,0,0,0,0,1948,0,0,28289,0,0,0,0,0,0,13864,0,0,0,0,3137,0,0,2938,0,0,0,0,0,0,1979,0,0,28258,0,0,0,0,0,0,13864,0,0,0,0,3074,0,0,3001,0,0,0,0,0,0,1990,0,0,28247,0,0,0,0,0,0,19278,1257,16306,13335,28425,TCGA-GM-A2DB-DX1_xmin50586_ymin43110_MPP-0.2500+313
50176,0,0,0,0,0,0,0,0,0,0,0,0,0,0,0,0,0,0,0,0,0,0,0,0,50176,0,0,0,0,0,0,0,0,0,0,0,0,0,0,0,0,0,0,0,0,0,0,0,0,50176,0,0,0,0,0,0,0,0,0,0,0,0,0,0,0,0,0,0,0,0,0,0,0,0,2318,0,47858,0,3214,TCGA-GM-A2DB-DX1_xmin50586_ymin43110_MPP-0.2500+314
32044,0,0,0,0,18132,0,0,0,0,0,0,0,0,0,0,0,0,0,0,0,0,0,0,0,32044,0,0,0,0,18132,0,0,0,0,0,0,0,0,0,0,0,0,0,0,0,0,0,0,0,32044,0,0,0,0,18132,0,0,0,0,0,0,0,0,0,0,0,0,0,0,0,0,0,0,0,3024,1380,37089,8683,5952,TCGA-GM-A2DB-DX1_xmin50586_ymin43110_MPP-0.2500+315
43269,0,0,0,0,6907,0,0,0,0,0,0,0,0,0,0,0,0,0,0,0,0,0,0,0,43269,0,0,0,0,6907,0,0,0,0,0,0,0,0,0,0,0,0,0,0,0,0,0,0,0,43269,0,0,0,0,6907,0,0,0,0,0,0,0,0,0,0,0,0,0,0,0,0,0,0,0,2719,982,42692,3783,2832,TCGA-GM-A2DB-DX1_xmin50586_ymin43110_MPP-0.2500+316
16843,0,0,0,0,7878,0,0,4102,0,0,0,0,0,0,1777,0,0,19576,0,0,0,0,0,0,16770,0,0,73,0,7973,0,0,4007,0,0,0,0,0,0,1806,0,0,19547,0,0,0,0,0,0,16739,0,0,104,0,7972,0,0,4008,0,0,0,0,0,0,1791,0,0,19562,0,0,0,0,0,0,16925,2252,17267,13732,24169,TCGA-GM-A2DB-DX1_xmin50586_ymin43110_MPP-0.2500+317
19,0,0,0,0,11105,0,0,13627,0,0,0,0,0,0,2563,0,0,22862,0,0,0,0,0,0,19,0,0,0,0,11052,0,0,13680,0,0,0,0,0,0,2719,0,0,22706,0,0,0,0,0,0,19,0,0,0,0,11012,0,0,13720,0,0,0,0,0,0,2638,0,0,22787,0,0,0,0,0,0,15843,4136,9731,20466,33748,TCGA-GM-A2DB-DX1_xmin50586_ymin43110_MPP-0.2500+318
17441,0,0,0,0,32735,0,0,0,0,0,0,0,0,0,0,0,0,0,0,0,0,0,0,0,17441,0,0,0,0,32735,0,0,0,0,0,0,0,0,0,0,0,0,0,0,0,0,0,0,0,17441,0,0,0,0,32735,0,0,0,0,0,0,0,0,0,0,0,0,0,0,0,0,0,0,0,5064,964,33686,10462,10645,TCGA-GM-A2DB-DX1_xmin50586_ymin43110_MPP-0.2500+319
0,0,0,0,0,0,34298,12150,0,0,0,188,3540,0,0,0,0,0,0,0,0,0,0,0,0,0,0,0,0,0,0,34711,11737,0,0,0,219,3509,0,0,0,0,0,0,0,0,0,0,0,0,0,0,0,0,0,0,34580,11868,0,0,0,226,3502,0,0,0,0,0,0,0,0,0,0,0,0,11391,2286,16762,19737,21025,TCGA-GM-A2DB-DX1_xmin50586_ymin43110_MPP-0.2500+32
0,2009,0,0,0,0,34839,0,0,0,0,13328,0,0,0,0,0,0,0,0,0,0,0,0,0,0,2009,0,0,0,0,34839,0,0,0,0,13328,0,0,0,0,0,0,0,0,0,0,0,0,0,0,2009,0,0,0,0,34839,0,0,0,0,13328,0,0,0,0,0,0,0,0,0,0,0,0,0,7783,2407,23742,16244,13497,TCGA-GM-A2DB-DX1_xmin50586_ymin43110_MPP-0.2500+320
0,0,0,0,0,4,0,5917,0,0,0,0,44255,0,0,0,0,0,0,0,0,0,0,0,0,0,0,0,0,0,0,0,5921,0,0,0,0,44255,0,0,0,0,0,0,0,0,0,0,0,0,0,0,0,0,0,0,0,5921,0,0,0,0,44255,0,0,0,0,0,0,0,0,0,0,0,0,21891,1928,17172,9185,20646,TCGA-GM-A2DB-DX1_xmin50586_ymin43110_MPP-0.2500+321
0,0,0,0,0,0,17690,10835,0,0,0,466,21185,0,0,0,0,0,0,0,0,0,0,0,0,0,0,0,0,0,0,18690,9835,0,0,0,659,20992,0,0,0,0,0,0,0,0,0,0,0,0,0,0,0,0,0,0,18523,10002,0,0,0,890,20761,0,0,0,0,0,0,0,0,0,0,0,0,10913,5094,20943,13226,15750,TCGA-GM-A2DB-DX1_xmin50586_ymin43110_MPP-0.2500+322
0,0,0,0,0,0,13666,13509,0,0,0,1723,21278,0,0,0,0,0,0,0,0,0,0,0,0,0,0,0,0,0,0,15411,11764,0,0,0,2727,20274,0,0,0,0,0,0,0,0,0,0,0,0,0,0,0,0,0,0,16169,11006,0,0,0,3745,19256,0,0,0,0,0,0,0,0,0,0,0,0,11828,4939,21925,11484,15768,TCGA-GM-A2DB-DX1_xmin50586_ymin43110_MPP-0.2500+323
0,0,0,0,0,0,13052,3129,0,0,0,12854,21141,0,0,0,0,0,0,0,0,0,0,0,0,0,0,0,0,0,0,13528,2653,0,0,0,13383,20612,0,0,0,0,0,0,0,0,0,0,0,0,0,0,0,0,0,0,13631,2550,0,0,0,13351,20644,0,0,0,0,0,0,0,0,0,0,0,0,13084,2675,19394,15023,11126,TCGA-GM-A2DB-DX1_xmin50586_ymin43110_MPP-0.2500+324
0,0,0,0,0,0,26141,16649,0,0,0,1076,0,0,0,0,0,0,0,0,0,0,0,0,6310,0,0,0,0,0,0,27355,15435,0,0,0,1076,0,0,0,0,0,0,0,0,0,0,0,0,6310,0,0,0,0,0,0,28206,14584,0,0,0,1076,0,0,0,0,0,0,0,0,0,0,0,0,6310,4951,2378,29556,6981,8527,TCGA-GM-A2DB-DX1_xmin50586_ymin43110_MPP-0.2500+325
0,0,0,0,0,0,35108,15068,0,0,0,0,0,0,0,0,0,0,0,0,0,0,0,0,0,0,0,0,0,0,0,36496,13680,0,0,0,0,0,0,0,0,0,0,0,0,0,0,0,0,0,0,0,0,0,0,0,36936,13240,0,0,0,0,0,0,0,0,0,0,0,0,0,0,0,0,0,5907,2209,34821,7239,8556,TCGA-GM-A2DB-DX1_xmin50586_ymin43110_MPP-0.2500+326
0,0,0,0,0,0,46786,3390,0,0,0,0,0,0,0,0,0,0,0,0,0,0,0,0,0,0,0,0,0,0,0,46862,3314,0,0,0,0,0,0,0,0,0,0,0,0,0,0,0,0,0,0,0,0,0,0,0,46966,3210,0,0,0,0,0,0,0,0,0,0,0,0,0,0,0,0,0,5207,0,43046,1923,5542,TCGA-GM-A2DB-DX1_xmin50586_ymin43110_MPP-0.2500+327
0,0,0,0,0,0,39132,0,0,0,0,3745,0,0,0,0,0,0,0,0,0,0,0,0,7299,0,0,0,0,0,0,39132,0,0,0,0,3745,0,0,0,0,0,0,0,0,0,0,0,0,7299,0,0,0,0,0,0,39132,0,0,0,0,3745,0,0,0,0,0,0,0,0,0,0,0,0,7299,2628,1637,34948,3664,11391,TCGA-GM-A2DB-DX1_xmin50586_ymin43110_MPP-0.2500+328
49592,0,0,0,0,584,0,0,0,0,0,0,0,0,0,0,0,0,0,0,0,0,0,0,0,49592,0,0,0,0,584,0,0,0,0,0,0,0,0,0,0,0,0,0,0,0,0,0,0,0,49592,0,0,0,0,584,0,0,0,0,0,0,0,0,0,0,0,0,0,0,0,0,0,0,0,1764,748,46339,1325,6543,TCGA-GM-A2DB-DX1_xmin50586_ymin43110_MPP-0.2500+329
0,0,0,0,0,0,49139,0,0,0,0,1037,0,0,0,0,0,0,0,0,0,0,0,0,0,0,0,0,0,0,0,49139,0,0,0,0,1037,0,0,0,0,0,0,0,0,0,0,0,0,0,0,0,0,0,0,0,49139,0,0,0,0,1037,0,0,0,0,0,0,0,0,0,0,0,0,0,12154,524,30940,6558,8746,TCGA-GM-A2DB-DX1_xmin50586_ymin43110_MPP-0.2500+33
23803,0,0,6238,0,338,0,0,10296,0,0,0,0,0,0,0,0,0,9501,0,0,0,0,0,0,23541,0,0,6500,0,300,0,0,10334,0,0,0,0,0,0,0,0,0,9501,0,0,0,0,0,0,23368,0,0,6673,0,287,0,0,10347,0,0,0,0,0,0,0,0,0,9501,0,0,0,0,0,0,7625,9789,26248,6514,21665,TCGA-GM-A2DB-DX1_xmin50586_ymin43110_MPP-0.2500+330
1008,0,0,3597,0,0,0,0,4394,0,0,0,0,0,0,0,0,0,31885,0,0,0,0,0,9292,976,0,0,3629,0,0,0,0,4394,0,0,0,0,0,0,0,0,0,31885,0,0,0,0,0,9292,912,0,0,3693,0,0,0,0,4394,0,0,0,0,0,0,0,0,0,31885,0,0,0,0,0,9292,22505,2909,11550,3920,31757,TCGA-GM-A2DB-DX1_xmin50586_ymin43110_MPP-0.2500+331
0,0,0,282,0,0,0,0,4624,0,0,0,0,0,0,1728,0,0,38206,0,0,0,0,0,5336,0,0,0,282,0,0,0,0,4624,0,0,0,0,0,0,1728,0,0,38206,0,0,0,0,0,5336,0,0,0,282,0,0,0,0,4624,0,0,0,0,0,0,1600,0,0,38334,0,0,0,0,0,5336,18940,2175,10332,13393,33266,TCGA-GM-A2DB-DX1_xmin50586_ymin43110_MPP-0.2500+332
7065,0,0,9108,0,348,0,0,6711,0,0,0,0,0,0,2530,0,0,18213,0,0,0,0,0,6201,7552,0,0,8621,0,346,0,0,6713,0,0,0,0,0,0,2786,0,0,17957,0,0,0,0,0,6201,7555,0,0,8618,0,433,0,0,6626,0,0,0,0,0,0,2983,0,0,17760,0,0,0,0,0,6201,14743,5533,12859,10840,21403,TCGA-GM-A2DB-DX1_xmin50586_ymin43110_MPP-0.2500+333
50176,0,0,0,0,0,0,0,0,0,0,0,0,0,0,0,0,0,0,0,0,0,0,0,0,50176,0,0,0,0,0,0,0,0,0,0,0,0,0,0,0,0,0,0,0,0,0,0,0,0,50176,0,0,0,0,0,0,0,0,0,0,0,0,0,0,0,0,0,0,0,0,0,0,0,0,2522,0,47016,638,3436,TCGA-GM-A2DB-DX1_xmin50586_ymin43110_MPP-0.2500+334
41715,0,0,0,0,8461,0,0,0,0,0,0,0,0,0,0,0,0,0,0,0,0,0,0,0,41715,0,0,0,0,8461,0,0,0,0,0,0,0,0,0,0,0,0,0,0,0,0,0,0,0,41715,0,0,0,0,8461,0,0,0,0,0,0,0,0,0,0,0,0,0,0,0,0,0,0,0,1006,2896,44618,1656,4071,TCGA-GM-A2DB-DX1_xmin50586_ymin43110_MPP-0.2500+335
15599,3770,0,0,0,8502,22305,0,0,0,0,0,0,0,0,0,0,0,0,0,0,0,0,0,0,15860,3509,0,0,0,8882,21925,0,0,0,0,0,0,0,0,0,0,0,0,0,0,0,0,0,0,15439,3930,0,0,0,8913,21894,0,0,0,0,0,0,0,0,0,0,0,0,0,0,0,0,0,0,7031,742,30304,12099,8910,TCGA-GM-A2DB-DX1_xmin50586_ymin43110_MPP-0.2500+336
9063,0,0,0,0,41113,0,0,0,0,0,0,0,0,0,0,0,0,0,0,0,0,0,0,0,9063,0,0,0,0,41113,0,0,0,0,0,0,0,0,0,0,0,0,0,0,0,0,0,0,0,9063,0,0,0,0,41113,0,0,0,0,0,0,0,0,0,0,0,0,0,0,0,0,0,0,0,8091,2509,33198,6378,15615,TCGA-GM-A2DB-DX1_xmin50586_ymin43110_MPP-0.2500+337
0,0,0,0,0,1,50175,0,0,0,0,0,0,0,0,0,0,0,0,0,0,0,0,0,0,0,0,0,0,0,128,50048,0,0,0,0,0,0,0,0,0,0,0,0,0,0,0,0,0,0,0,0,0,0,0,1,50175,0,0,0,0,0,0,0,0,0,0,0,0,0,0,0,0,0,0,10616,525,33339,5696,10665,TCGA-GM-A2DB-DX1_xmin50586_ymin43110_MPP-0.2500+338
0,0,0,0,0,0,37848,3435,0,0,0,5819,3074,0,0,0,0,0,0,0,0,0,0,0,0,0,0,0,0,0,0,38079,3204,0,0,0,6151,2742,0,0,0,0,0,0,0,0,0,0,0,0,0,0,0,0,0,0,38065,3218,0,0,0,5830,3063,0,0,0,0,0,0,0,0,0,0,0,0,10506,1002,28456,10212,11751,TCGA-GM-A2DB-DX1_xmin50586_ymin43110_MPP-0.2500+339
3935,35,0,0,0,27863,18343,0,0,0,0,0,0,0,0,0,0,0,0,0,0,0,0,0,0,3933,37,0,0,0,27695,18511,0,0,0,0,0,0,0,0,0,0,0,0,0,0,0,0,0,0,3927,43,0,0,0,26924,19282,0,0,0,0,0,0,0,0,0,0,0,0,0,0,0,0,0,0,1640,4685,14850,29001,9442,TCGA-GM-A2DB-DX1_xmin50586_ymin43110_MPP-0.2500+34
0,0,0,0,0,0,5217,0,0,0,0,23777,21182,0,0,0,0,0,0,0,0,0,0,0,0,0,0,0,0,0,0,5217,0,0,0,0,24603,20356,0,0,0,0,0,0,0,0,0,0,0,0,0,0,0,0,0,0,5190,27,0,0,0,24382,20577,0,0,0,0,0,0,0,0,0,0,0,0,11806,102,19312,18956,13200,TCGA-GM-A2DB-DX1_xmin50586_ymin43110_MPP-0.2500+340
0,0,0,0,0,0,0,0,0,0,0,0,50176,0,0,0,0,0,0,0,0,0,0,0,0,0,0,0,0,0,0,0,0,0,0,0,0,50176,0,0,0,0,0,0,0,0,0,0,0,0,0,0,0,0,0,0,0,0,0,0,0,0,50176,0,0,0,0,0,0,0,0,0,0,0,0,17707,0,30366,2103,14812,TCGA-GM-A2DB-DX1_xmin50586_ymin43110_MPP-0.2500+341
0,0,0,0,0,0,0,0,0,0,0,0,50176,0,0,0,0,0,0,0,0,0,0,0,0,0,0,0,0,0,0,0,0,0,0,0,0,50176,0,0,0,0,0,0,0,0,0,0,0,0,0,0,0,0,0,0,0,0,0,0,0,0,50176,0,0,0,0,0,0,0,0,0,0,0,0,21412,70,21894,6800,16582,TCGA-GM-A2DB-DX1_xmin50586_ymin43110_MPP-0.2500+342
0,0,0,0,0,0,0,0,0,0,0,27610,22566,0,0,0,0,0,0,0,0,0,0,0,0,0,0,0,0,0,0,0,0,0,0,0,27709,22467,0,0,0,0,0,0,0,0,0,0,0,0,0,0,0,0,0,0,0,0,0,0,0,27662,22514,0,0,0,0,0,0,0,0,0,0,0,0,8853,931,9883,30509,14299,TCGA-GM-A2DB-DX1_xmin50586_ymin43110_MPP-0.2500+343
0,0,0,0,0,0,0,0,0,0,48,0,50128,0,0,0,0,0,0,0,0,0,0,0,0,0,0,0,0,0,0,0,0,0,0,16,0,50160,0,0,0,0,0,0,0,0,0,0,0,0,0,0,0,0,0,0,0,0,0,0,48,0,50128,0,0,0,0,0,0,0,0,0,0,0,0,20100,54,20964,9058,15057,TCGA-GM-A2DB-DX1_xmin50586_ymin43110_MPP-0.2500+344
0,0,0,0,0,0,28225,12644,0,0,0,6520,2787,0,0,0,0,0,0,0,0,0,0,0,0,0,0,0,0,0,0,29664,11205,0,0,0,6577,2730,0,0,0,0,0,0,0,0,0,0,0,0,0,0,0,0,0,0,29433,11436,0,0,0,6541,2766,0,0,0,0,0,0,0,0,0,0,0,0,4248,3781,28133,14014,8193,TCGA-GM-A2DB-DX1_xmin50586_ymin43110_MPP-0.2500+345
0,0,0,0,0,0,34669,4401,0,0,0,4412,4917,0,0,0,0,0,0,0,0,0,0,0,1777,0,0,0,0,0,0,35142,3928,0,0,0,4915,4414,0,0,0,0,0,0,0,0,0,0,0,1777,0,0,0,0,0,0,34934,4136,0,0,0,5030,4299,0,0,0,0,0,0,0,0,0,0,0,1777,4692,1076,34396,8235,7447,TCGA-GM-A2DB-DX1_xmin50586_ymin43110_MPP-0.2500+346
0,0,0,0,0,0,34118,4331,0,0,0,173,2232,0,0,0,0,0,0,0,0,0,0,0,9322,0,0,0,0,0,0,34520,3929,0,0,0,319,2086,0,0,0,0,0,0,0,0,0,0,0,9322,0,0,0,0,0,0,34019,4430,0,0,0,356,2049,0,0,0,0,0,0,0,0,0,0,0,9322,4258,211,33901,2484,5348,TCGA-GM-A2DB-DX1_xmin50586_ymin43110_MPP-0.2500+347
0,0,0,0,0,0,43874,0,0,0,0,0,0,0,0,0,0,0,0,0,0,0,0,0,6302,0,0,0,0,0,0,43874,0,0,0,0,0,0,0,0,0,0,0,0,0,0,0,0,0,6302,0,0,0,0,0,0,43874,0,0,0,0,0,0,0,0,0,0,0,0,0,0,0,0,0,6302,6693,203,33137,3841,9957,TCGA-GM-A2DB-DX1_xmin50586_ymin43110_MPP-0.2500+348
0,0,0,0,0,0,25954,0,0,0,0,0,0,0,0,0,0,0,0,0,0,0,0,0,24222,0,0,0,0,0,0,25954,0,0,0,0,0,0,0,0,0,0,0,0,0,0,0,0,0,24222,0,0,0,0,0,0,25954,0,0,0,0,0,0,0,0,0,0,0,0,0,0,0,0,0,24222,3082,0,22113,759,4746,TCGA-GM-A2DB-DX1_xmin50586_ymin43110_MPP-0.2500+349
14468,0,0,0,0,6150,29558,0,0,0,0,0,0,0,0,0,0,0,0,0,0,0,0,0,0,14468,0,0,0,0,5919,29789,0,0,0,0,0,0,0,0,0,0,0,0,0,0,0,0,0,0,14468,0,0,0,0,5921,29787,0,0,0,0,0,0,0,0,0,0,0,0,0,0,0,0,0,0,5739,2689,34934,6814,6461,TCGA-GM-A2DB-DX1_xmin50586_ymin43110_MPP-0.2500+35
50176,0,0,0,0,0,0,0,0,0,0,0,0,0,0,0,0,0,0,0,0,0,0,0,0,50176,0,0,0,0,0,0,0,0,0,0,0,0,0,0,0,0,0,0,0,0,0,0,0,0,50176,0,0,0,0,0,0,0,0,0,0,0,0,0,0,0,0,0,0,0,0,0,0,0,0,941,0,49235,0,1198,TCGA-GM-A2DB-DX1_xmin50586_ymin43110_MPP-0.2500+350
50176,0,0,0,0,0,0,0,0,0,0,0,0,0,0,0,0,0,0,0,0,0,0,0,0,50176,0,0,0,0,0,0,0,0,0,0,0,0,0,0,0,0,0,0,0,0,0,0,0,0,50176,0,0,0,0,0,0,0,0,0,0,0,0,0,0,0,0,0,0,0,0,0,0,0,0,1515,0,48661,0,2114,TCGA-GM-A2DB-DX1_xmin50586_ymin43110_MPP-0.2500+351
47928,0,0,0,0,2187,0,0,0,0,0,0,0,0,0,0,0,0,0,0,0,0,0,0,61,47928,0,0,0,0,2187,0,0,0,0,0,0,0,0,0,0,0,0,0,0,0,0,0,0,61,47928,0,0,0,0,2187,0,0,0,0,0,0,0,0,0,0,0,0,0,0,0,0,0,0,61,4250,998,38966,5901,7306,TCGA-GM-A2DB-DX1_xmin50586_ymin43110_MPP-0.2500+352
50176,0,0,0,0,0,0,0,0,0,0,0,0,0,0,0,0,0,0,0,0,0,0,0,0,50176,0,0,0,0,0,0,0,0,0,0,0,0,0,0,0,0,0,0,0,0,0,0,0,0,50176,0,0,0,0,0,0,0,0,0,0,0,0,0,0,0,0,0,0,0,0,0,0,0,0,1624,0,48340,212,1590,TCGA-GM-A2DB-DX1_xmin50586_ymin43110_MPP-0.2500+353
50176,0,0,0,0,0,0,0,0,0,0,0,0,0,0,0,0,0,0,0,0,0,0,0,0,50176,0,0,0,0,0,0,0,0,0,0,0,0,0,0,0,0,0,0,0,0,0,0,0,0,50176,0,0,0,0,0,0,0,0,0,0,0,0,0,0,0,0,0,0,0,0,0,0,0,0,3213,0,46851,112,2344,TCGA-GM-A2DB-DX1_xmin50586_ymin43110_MPP-0.2500+354
24786,1202,0,0,0,57,24131,0,0,0,0,0,0,0,0,0,0,0,0,0,0,0,0,0,0,24836,1152,0,0,0,52,24136,0,0,0,0,0,0,0,0,0,0,0,0,0,0,0,0,0,0,24648,1340,0,0,0,49,24139,0,0,0,0,0,0,0,0,0,0,0,0,0,0,0,0,0,0,6289,272,42472,1143,7297,TCGA-GM-A2DB-DX1_xmin50586_ymin43110_MPP-0.2500+355
0,0,0,0,0,1,50175,0,0,0,0,0,0,0,0,0,0,0,0,0,0,0,0,0,0,0,0,0,0,0,1,50175,0,0,0,0,0,0,0,0,0,0,0,0,0,0,0,0,0,0,0,0,0,0,0,1,50175,0,0,0,0,0,0,0,0,0,0,0,0,0,0,0,0,0,0,11639,381,31622,6534,8606,TCGA-GM-A2DB-DX1_xmin50586_ymin43110_MPP-0.2500+356
0,0,0,0,0,0,41673,8503,0,0,0,0,0,0,0,0,0,0,0,0,0,0,0,0,0,0,0,0,0,0,0,42347,7829,0,0,0,0,0,0,0,0,0,0,0,0,0,0,0,0,0,0,0,0,0,0,0,42487,7689,0,0,0,0,0,0,0,0,0,0,0,0,0,0,0,0,0,10799,0,35890,3487,10179,TCGA-GM-A2DB-DX1_xmin50586_ymin43110_MPP-0.2500+357
0,0,0,0,0,0,29170,8249,0,0,0,694,11852,0,0,0,0,0,0,0,0,0,0,0,211,0,0,0,0,0,0,29234,8185,0,0,0,755,11791,0,0,0,0,0,0,0,0,0,0,0,211,0,0,0,0,0,0,29082,8337,0,0,0,767,11779,0,0,0,0,0,0,0,0,0,0,0,211,11839,2610,28293,7223,11986,TCGA-GM-A2DB-DX1_xmin50586_ymin43110_MPP-0.2500+358
0,0,0,0,0,0,0,5140,0,0,1,0,45035,0,0,0,0,0,0,0,0,0,0,0,0,0,0,0,0,0,0,1603,3537,0,0,0,21138,23898,0,0,0,0,0,0,0,0,0,0,0,0,0,0,0,0,0,0,0,5140,0,0,1,0,45035,0,0,0,0,0,0,0,0,0,0,0,0,17343,1321,18932,12580,17128,TCGA-GM-A2DB-DX1_xmin50586_ymin43110_MPP-0.2500+359
17850,0,0,0,0,9875,22451,0,0,0,0,0,0,0,0,0,0,0,0,0,0,0,0,0,0,17850,0,0,0,0,9820,22506,0,0,0,0,0,0,0,0,0,0,0,0,0,0,0,0,0,0,17850,0,0,0,0,9822,22504,0,0,0,0,0,0,0,0,0,0,0,0,0,0,0,0,0,0,2992,535,35975,10674,3936,TCGA-GM-A2DB-DX1_xmin50586_ymin43110_MPP-0.2500+36
0,0,0,0,0,0,0,0,0,0,0,0,50176,0,0,0,0,0,0,0,0,0,0,0,0,0,0,0,0,0,0,0,0,0,0,0,0,50176,0,0,0,0,0,0,0,0,0,0,0,0,0,0,0,0,0,0,0,0,0,0,0,0,50176,0,0,0,0,0,0,0,0,0,0,0,0,23855,0,21335,4986,15581,TCGA-GM-A2DB-DX1_xmin50586_ymin43110_MPP-0.2500+360
0,0,0,0,0,0,0,0,0,0,352,0,49824,0,0,0,0,0,0,0,0,0,0,0,0,0,0,0,0,0,0,0,0,0,0,352,0,49824,0,0,0,0,0,0,0,0,0,0,0,0,0,0,0,0,0,0,0,0,0,0,352,0,49824,0,0,0,0,0,0,0,0,0,0,0,0,20218,0,25997,3961,14291,TCGA-GM-A2DB-DX1_xmin50586_ymin43110_MPP-0.2500+361
0,0,0,0,0,0,0,0,0,0,0,0,50176,0,0,0,0,0,0,0,0,0,0,0,0,0,0,0,0,0,0,0,0,0,0,0,0,50176,0,0,0,0,0,0,0,0,0,0,0,0,0,0,0,0,0,0,0,0,0,0,0,0,50176,0,0,0,0,0,0,0,0,0,0,0,0,17400,0,30518,2258,15759,TCGA-GM-A2DB-DX1_xmin50586_ymin43110_MPP-0.2500+362
0,0,0,0,0,0,0,0,0,0,0,0,50176,0,0,0,0,0,0,0,0,0,0,0,0,0,0,0,0,0,0,0,0,0,0,0,0,50176,0,0,0,0,0,0,0,0,0,0,0,0,0,0,0,0,0,0,0,0,0,0,0,0,50176,0,0,0,0,0,0,0,0,0,0,0,0,16785,0,30801,2590,16278,TCGA-GM-A2DB-DX1_xmin50586_ymin43110_MPP-0.2500+363
0,0,0,0,0,0,0,4363,0,0,0,0,42252,0,0,0,0,0,0,0,0,0,0,0,3561,0,0,0,0,0,0,0,4363,0,0,0,0,42252,0,0,0,0,0,0,0,0,0,0,0,3561,0,0,0,0,0,0,0,4363,0,0,0,0,42252,0,0,0,0,0,0,0,0,0,0,0,3561,16297,1729,21575,7014,10067,TCGA-GM-A2DB-DX1_xmin50586_ymin43110_MPP-0.2500+364
0,0,0,0,0,0,20107,9882,0,0,0,6939,9799,0,0,0,0,0,0,0,0,0,0,0,3449,0,0,0,0,0,0,20282,9707,0,0,0,6756,9982,0,0,0,0,0,0,0,0,0,0,0,3449,0,0,0,0,0,0,20078,9911,0,0,0,6481,10257,0,0,0,0,0,0,0,0,0,0,0,3449,10167,4273,20692,11595,17441,TCGA-GM-A2DB-DX1_xmin50586_ymin43110_MPP-0.2500+365
0,0,0,0,0,0,18512,4061,0,0,0,3166,20242,0,0,0,0,0,0,0,0,0,0,0,4195,0,0,0,0,0,0,18648,3925,0,0,0,3364,20044,0,0,0,0,0,0,0,0,0,0,0,4195,0,0,0,0,0,0,18572,4001,0,0,0,2998,20410,0,0,0,0,0,0,0,0,0,0,0,4195,10117,4186,26843,4835,13937,TCGA-GM-A2DB-DX1_xmin50586_ymin43110_MPP-0.2500+366
0,0,0,0,0,0,10148,1492,0,0,0,9116,18120,0,0,0,0,0,0,0,0,0,0,0,11300,0,0,0,0,0,0,10125,1515,0,0,0,9062,18174,0,0,0,0,0,0,0,0,0,0,0,11300,0,0,0,0,0,0,10113,1527,0,0,0,9167,18069,0,0,0,0,0,0,0,0,0,0,0,11300,6291,1776,24224,6585,7295,TCGA-GM-A2DB-DX1_xmin50586_ymin43110_MPP-0.2500+367
0,0,0,0,0,0,24963,13995,0,0,0,534,5516,0,0,0,0,0,0,0,0,0,0,0,5168,0,0,0,0,0,0,26188,12770,0,0,0,565,5485,0,0,0,0,0,0,0,0,0,0,0,5168,0,0,0,0,0,0,26418,12540,0,0,0,569,5481,0,0,0,0,0,0,0,0,0,0,0,5168,3792,7660,18704,14852,10570,TCGA-GM-A2DB-DX1_xmin50586_ymin43110_MPP-0.2500+368
0,0,0,0,0,0,21031,2635,0,0,0,0,0,0,0,0,0,0,0,0,0,0,0,0,26510,0,0,0,0,0,0,21161,2505,0,0,0,0,0,0,0,0,0,0,0,0,0,0,0,0,26510,0,0,0,0,0,0,20528,3138,0,0,0,0,0,0,0,0,0,0,0,0,0,0,0,0,26510,2841,149,19503,1173,2933,TCGA-GM-A2DB-DX1_xmin50586_ymin43110_MPP-0.2500+369
12405,204,0,0,0,15506,22061,0,0,0,0,0,0,0,0,0,0,0,0,0,0,0,0,0,0,12395,214,0,0,0,15467,22100,0,0,0,0,0,0,0,0,0,0,0,0,0,0,0,0,0,0,12377,232,0,0,0,15173,22394,0,0,0,0,0,0,0,0,0,0,0,0,0,0,0,0,0,0,3317,3768,23767,19324,9752,TCGA-GM-A2DB-DX1_xmin50586_ymin43110_MPP-0.2500+37
50103,0,0,0,0,73,0,0,0,0,0,0,0,0,0,0,0,0,0,0,0,0,0,0,0,50103,0,0,0,0,73,0,0,0,0,0,0,0,0,0,0,0,0,0,0,0,0,0,0,0,50103,0,0,0,0,73,0,0,0,0,0,0,0,0,0,0,0,0,0,0,0,0,0,0,0,1475,58,48628,15,1535,TCGA-GM-A2DB-DX1_xmin50586_ymin43110_MPP-0.2500+370
50176,0,0,0,0,0,0,0,0,0,0,0,0,0,0,0,0,0,0,0,0,0,0,0,0,50176,0,0,0,0,0,0,0,0,0,0,0,0,0,0,0,0,0,0,0,0,0,0,0,0,50176,0,0,0,0,0,0,0,0,0,0,0,0,0,0,0,0,0,0,0,0,0,0,0,0,1566,0,48399,211,1822,TCGA-GM-A2DB-DX1_xmin50586_ymin43110_MPP-0.2500+371
50176,0,0,0,0,0,0,0,0,0,0,0,0,0,0,0,0,0,0,0,0,0,0,0,0,50176,0,0,0,0,0,0,0,0,0,0,0,0,0,0,0,0,0,0,0,0,0,0,0,0,50176,0,0,0,0,0,0,0,0,0,0,0,0,0,0,0,0,0,0,0,0,0,0,0,0,385,0,49542,249,894,TCGA-GM-A2DB-DX1_xmin50586_ymin43110_MPP-0.2500+372
42032,5335,0,0,0,0,2809,0,0,0,0,0,0,0,0,0,0,0,0,0,0,0,0,0,0,41986,5381,0,0,0,0,2809,0,0,0,0,0,0,0,0,0,0,0,0,0,0,0,0,0,0,41788,5579,0,0,0,0,2809,0,0,0,0,0,0,0,0,0,0,0,0,0,0,0,0,0,0,1555,558,45025,3038,3902,TCGA-GM-A2DB-DX1_xmin50586_ymin43110_MPP-0.2500+373
14496,6552,0,0,0,0,29128,0,0,0,0,0,0,0,0,0,0,0,0,0,0,0,0,0,0,14509,6539,0,0,0,0,29128,0,0,0,0,0,0,0,0,0,0,0,0,0,0,0,0,0,0,14488,6560,0,0,0,0,29128,0,0,0,0,0,0,0,0,0,0,0,0,0,0,0,0,0,0,3860,1120,40415,4781,6229,TCGA-GM-A2DB-DX1_xmin50586_ymin43110_MPP-0.2500+374
0,97,0,0,0,0,49032,0,0,0,0,0,0,0,0,0,0,0,0,0,0,0,0,0,1047,0,97,0,0,0,0,49032,0,0,0,0,0,0,0,0,0,0,0,0,0,0,0,0,0,1047,0,97,0,0,0,0,49032,0,0,0,0,0,0,0,0,0,0,0,0,0,0,0,0,0,1047,5695,0,42930,504,7687,TCGA-GM-A2DB-DX1_xmin50586_ymin43110_MPP-0.2500+375
0,0,0,0,0,0,25111,2294,0,0,0,0,0,0,0,0,0,0,0,0,0,0,0,0,22771,0,0,0,0,0,0,25511,1894,0,0,0,0,0,0,0,0,0,0,0,0,0,0,0,0,22771,0,0,0,0,0,0,25769,1636,0,0,0,0,0,0,0,0,0,0,0,0,0,0,0,0,22771,1818,0,25503,84,2408,TCGA-GM-A2DB-DX1_xmin50586_ymin43110_MPP-0.2500+376
0,0,0,0,0,0,12033,6315,0,0,0,0,0,0,0,0,0,0,0,0,0,0,0,0,31828,0,0,0,0,0,0,12390,5958,0,0,0,0,0,0,0,0,0,0,0,0,0,0,0,0,31828,0,0,0,0,0,0,12485,5863,0,0,0,0,0,0,0,0,0,0,0,0,0,0,0,0,31828,1630,2344,13272,1102,3235,TCGA-GM-A2DB-DX1_xmin50586_ymin43110_MPP-0.2500+377
0,0,0,0,0,0,1023,116,0,0,0,19593,18423,0,0,0,0,0,0,0,0,0,0,0,11021,0,0,0,0,0,0,1012,127,0,0,0,19412,18604,0,0,0,0,0,0,0,0,0,0,0,11021,0,0,0,0,0,0,1023,116,0,0,0,20034,17982,0,0,0,0,0,0,0,0,0,0,0,11021,13517,486,15983,9169,8171,TCGA-GM-A2DB-DX1_xmin50586_ymin43110_MPP-0.2500+378
0,0,0,0,0,0,0,0,0,0,0,18005,32171,0,0,0,0,0,0,0,0,0,0,0,0,0,0,0,0,0,0,0,0,0,0,0,18701,31475,0,0,0,0,0,0,0,0,0,0,0,0,0,0,0,0,0,0,0,0,0,0,0,18784,31392,0,0,0,0,0,0,0,0,0,0,0,0,18033,282,18681,13180,16763,TCGA-GM-A2DB-DX1_xmin50586_ymin43110_MPP-0.2500+379
5063,0,0,0,0,45113,0,0,0,0,0,0,0,0,0,0,0,0,0,0,0,0,0,0,0,5063,0,0,0,0,45113,0,0,0,0,0,0,0,0,0,0,0,0,0,0,0,0,0,0,0,5063,0,0,0,0,45113,0,0,0,0,0,0,0,0,0,0,0,0,0,0,0,0,0,0,0,7264,2014,30456,10442,11891,TCGA-GM-A2DB-DX1_xmin50586_ymin43110_MPP-0.2500+38
0,0,0,0,0,0,0,0,0,0,0,0,50176,0,0,0,0,0,0,0,0,0,0,0,0,0,0,0,0,0,0,0,0,0,0,0,0,50176,0,0,0,0,0,0,0,0,0,0,0,0,0,0,0,0,0,0,0,0,0,0,0,0,50176,0,0,0,0,0,0,0,0,0,0,0,0,18993,0,28462,2721,16032,TCGA-GM-A2DB-DX1_xmin50586_ymin43110_MPP-0.2500+380
0,0,0,0,0,0,0,0,0,0,0,9106,41070,0,0,0,0,0,0,0,0,0,0,0,0,0,0,0,0,0,0,0,0,0,0,0,9627,40549,0,0,0,0,0,0,0,0,0,0,0,0,0,0,0,0,0,0,0,0,0,0,0,10186,39990,0,0,0,0,0,0,0,0,0,0,0,0,19831,10,23044,7291,19697,TCGA-GM-A2DB-DX1_xmin50586_ymin43110_MPP-0.2500+381
0,0,0,0,0,0,0,0,0,0,496,0,49680,0,0,0,0,0,0,0,0,0,0,0,0,0,0,0,0,0,0,0,0,0,0,496,0,49680,0,0,0,0,0,0,0,0,0,0,0,0,0,0,0,0,0,0,0,0,0,0,560,0,49616,0,0,0,0,0,0,0,0,0,0,0,0,17008,0,28670,4498,13478,TCGA-GM-A2DB-DX1_xmin50586_ymin43110_MPP-0.2500+382
0,0,0,0,0,0,0,695,0,0,0,0,49481,0,0,0,0,0,0,0,0,0,0,0,0,0,0,0,0,0,0,0,695,0,0,0,0,49481,0,0,0,0,0,0,0,0,0,0,0,0,0,0,0,0,0,0,0,695,0,0,0,0,49481,0,0,0,0,0,0,0,0,0,0,0,0,18054,252,29260,2610,11875,TCGA-GM-A2DB-DX1_xmin50586_ymin43110_MPP-0.2500+383
0,0,0,0,0,0,17197,4721,0,0,0,1211,16257,0,0,0,0,0,0,0,0,0,0,0,10790,0,0,0,0,0,0,18077,3841,0,0,0,1496,15972,0,0,0,0,0,0,0,0,0,0,0,10790,0,0,0,0,0,0,18036,3882,0,0,0,1444,16024,0,0,0,0,0,0,0,0,0,0,0,10790,10817,670,25568,2331,9682,TCGA-GM-A2DB-DX1_xmin50586_ymin43110_MPP-0.2500+384
0,0,0,0,0,0,11829,4995,0,0,0,2423,11201,0,0,0,0,0,0,0,0,0,0,0,19728,0,0,0,0,0,0,11885,4939,0,0,0,2412,11212,0,0,0,0,0,0,0,0,0,0,0,19728,0,0,0,0,0,0,12107,4717,0,0,0,2437,11187,0,0,0,0,0,0,0,0,0,0,0,19728,6010,3819,17083,3536,6824,TCGA-GM-A2DB-DX1_xmin50586_ymin43110_MPP-0.2500+385
0,0,0,0,0,0,8764,6531,0,0,0,782,15966,0,0,0,0,0,0,0,0,0,0,0,18133,0,0,0,0,0,0,9352,5943,0,0,0,1413,15335,0,0,0,0,0,0,0,0,0,0,0,18133,0,0,0,0,0,0,9357,5938,0,0,0,1577,15171,0,0,0,0,0,0,0,0,0,0,0,18133,5790,3284,17628,5341,9716,TCGA-GM-A2DB-DX1_xmin50586_ymin43110_MPP-0.2500+386
0,0,0,0,0,0,11262,5870,0,0,0,11,0,0,0,0,0,0,0,0,0,0,0,0,33033,0,0,0,0,0,0,11653,5479,0,0,0,11,0,0,0,0,0,0,0,0,0,0,0,0,33033,0,0,0,0,0,0,11486,5646,0,0,0,11,0,0,0,0,0,0,0,0,0,0,0,0,33033,1534,1412,10765,3432,3086,TCGA-GM-A2DB-DX1_xmin50586_ymin43110_MPP-0.2500+387
0,0,0,0,0,0,16618,4734,0,0,0,651,8201,0,0,0,0,0,0,0,0,0,0,0,19972,0,0,0,0,0,0,17605,3747,0,0,0,710,8142,0,0,0,0,0,0,0,0,0,0,0,19972,0,0,0,0,0,0,17849,3503,0,0,0,767,8085,0,0,0,0,0,0,0,0,0,0,0,19972,3960,5091,17447,3706,6290,TCGA-GM-A2DB-DX1_xmin50586_ymin43110_MPP-0.2500+388
0,0,0,0,0,0,13644,5955,0,0,0,0,0,0,0,0,0,0,0,0,0,0,0,0,30577,0,0,0,0,0,0,14147,5452,0,0,0,0,0,0,0,0,0,0,0,0,0,0,0,0,30577,0,0,0,0,0,0,14620,4979,0,0,0,0,0,0,0,0,0,0,0,0,0,0,0,0,30577,856,2835,14346,1562,3269,TCGA-GM-A2DB-DX1_xmin50586_ymin43110_MPP-0.2500+389
0,1,0,0,0,0,50175,0,0,0,0,0,0,0,0,0,0,0,0,0,0,0,0,0,0,0,1,0,0,0,0,50175,0,0,0,0,0,0,0,0,0,0,0,0,0,0,0,0,0,0,0,1,0,0,0,0,50175,0,0,0,0,0,0,0,0,0,0,0,0,0,0,0,0,0,0,10235,553,33477,5911,11020,TCGA-GM-A2DB-DX1_xmin50586_ymin43110_MPP-0.2500+39
8834,8200,0,0,0,14181,18961,0,0,0,0,0,0,0,0,0,0,0,0,0,0,0,0,0,0,8914,8120,0,0,0,14438,18704,0,0,0,0,0,0,0,0,0,0,0,0,0,0,0,0,0,0,8977,8057,0,0,0,14270,18872,0,0,0,0,0,0,0,0,0,0,0,0,0,0,0,0,0,0,4011,1686,23755,20724,7697,TCGA-GM-A2DB-DX1_xmin50586_ymin43110_MPP-0.2500+390
22785,1325,0,0,0,4048,22018,0,0,0,0,0,0,0,0,0,0,0,0,0,0,0,0,0,0,22775,1335,0,0,0,4848,21218,0,0,0,0,0,0,0,0,0,0,0,0,0,0,0,0,0,0,22697,1413,0,0,0,4986,21080,0,0,0,0,0,0,0,0,0,0,0,0,0,0,0,0,0,0,4802,947,37016,7411,11895,TCGA-GM-A2DB-DX1_xmin50586_ymin43110_MPP-0.2500+391
11769,1444,0,0,0,1781,35182,0,0,0,0,0,0,0,0,0,0,0,0,0,0,0,0,0,0,11669,1544,0,0,0,1852,35111,0,0,0,0,0,0,0,0,0,0,0,0,0,0,0,0,0,0,11704,1509,0,0,0,1972,34991,0,0,0,0,0,0,0,0,0,0,0,0,0,0,0,0,0,0,10055,460,36255,3406,7653,TCGA-GM-A2DB-DX1_xmin50586_ymin43110_MPP-0.2500+392
0,2336,0,0,0,0,47840,0,0,0,0,0,0,0,0,0,0,0,0,0,0,0,0,0,0,0,2336,0,0,0,0,47840,0,0,0,0,0,0,0,0,0,0,0,0,0,0,0,0,0,0,0,2336,0,0,0,0,47840,0,0,0,0,0,0,0,0,0,0,0,0,0,0,0,0,0,0,8012,831,39055,2278,9257,TCGA-GM-A2DB-DX1_xmin50586_ymin43110_MPP-0.2500+393
0,0,0,0,0,0,43080,7091,0,0,0,0,0,0,0,0,0,0,0,0,0,0,0,0,5,0,0,0,0,0,0,43386,6785,0,0,0,0,0,0,0,0,0,0,0,0,0,0,0,0,5,0,0,0,0,0,0,43215,6956,0,0,0,0,0,0,0,0,0,0,0,0,0,0,0,0,5,8721,973,35419,5058,10887,TCGA-GM-A2DB-DX1_xmin50586_ymin43110_MPP-0.2500+394
0,0,0,0,0,0,24015,3540,0,0,0,0,0,0,0,0,0,0,0,0,0,0,0,0,22621,0,0,0,0,0,0,24911,2644,0,0,0,0,0,0,0,0,0,0,0,0,0,0,0,0,22621,0,0,0,0,0,0,24418,3137,0,0,0,0,0,0,0,0,0,0,0,0,0,0,0,0,22621,2087,29,24490,949,6240,TCGA-GM-A2DB-DX1_xmin50586_ymin43110_MPP-0.2500+395
0,0,0,0,0,0,10780,1282,0,0,0,0,0,0,0,0,0,0,0,0,0,0,0,0,38114,0,0,0,0,0,0,11284,778,0,0,0,0,0,0,0,0,0,0,0,0,0,0,0,0,38114,0,0,0,0,0,0,11065,997,0,0,0,0,0,0,0,0,0,0,0,0,0,0,0,0,38114,304,0,11524,234,1821,TCGA-GM-A2DB-DX1_xmin50586_ymin43110_MPP-0.2500+396
0,0,0,0,0,0,6019,2210,0,0,0,104,8331,0,0,0,0,0,0,0,0,0,0,0,33512,0,0,0,0,0,0,6410,1819,0,0,0,123,8312,0,0,0,0,0,0,0,0,0,0,0,33512,0,0,0,0,0,0,6420,1809,0,0,0,85,8350,0,0,0,0,0,0,0,0,0,0,0,33512,5434,1157,7432,2641,7687,TCGA-GM-A2DB-DX1_xmin50586_ymin43110_MPP-0.2500+397
0,0,0,0,0,222,0,3793,0,0,1614,0,34486,0,0,0,0,0,0,0,0,0,0,0,10061,0,0,0,0,0,211,0,3804,0,0,1913,0,34187,0,0,0,0,0,0,0,0,0,0,0,10061,0,0,0,0,0,158,0,3857,0,0,1966,0,34134,0,0,0,0,0,0,0,0,0,0,0,10061,15883,1313,17613,5306,13026,TCGA-GM-A2DB-DX1_xmin50586_ymin43110_MPP-0.2500+398
0,0,0,0,0,0,0,0,0,0,0,0,50176,0,0,0,0,0,0,0,0,0,0,0,0,0,0,0,0,0,0,0,0,0,0,0,0,50176,0,0,0,0,0,0,0,0,0,0,0,0,0,0,0,0,0,0,0,0,0,0,0,0,50176,0,0,0,0,0,0,0,0,0,0,0,0,17077,0,29381,3718,13086,TCGA-GM-A2DB-DX1_xmin50586_ymin43110_MPP-0.2500+399
0,0,0,0,0,0,0,0,0,0,0,0,0,0,0,112,0,0,50064,0,0,0,0,0,0,0,0,0,0,0,0,0,0,0,0,0,0,0,0,0,176,0,0,50000,0,0,0,0,0,0,0,0,0,0,0,0,0,0,0,0,0,0,0,0,0,176,0,0,50000,0,0,0,0,0,0,29148,0,2677,18351,39089,TCGA-GM-A2DB-DX1_xmin50586_ymin43110_MPP-0.2500+4
7885,952,0,0,0,8486,32853,0,0,0,0,0,0,0,0,0,0,0,0,0,0,0,0,0,0,7890,947,0,0,0,9148,32191,0,0,0,0,0,0,0,0,0,0,0,0,0,0,0,0,0,0,7886,951,0,0,0,9106,32233,0,0,0,0,0,0,0,0,0,0,0,0,0,0,0,0,0,0,12992,1325,29486,6373,20227,TCGA-GM-A2DB-DX1_xmin50586_ymin43110_MPP-0.2500+40
0,0,0,0,0,0,0,0,0,0,0,0,50176,0,0,0,0,0,0,0,0,0,0,0,0,0,0,0,0,0,0,0,0,0,0,0,0,50176,0,0,0,0,0,0,0,0,0,0,0,0,0,0,0,0,0,0,0,0,0,0,0,0,50176,0,0,0,0,0,0,0,0,0,0,0,0,16023,16,32568,1569,12336,TCGA-GM-A2DB-DX1_xmin50586_ymin43110_MPP-0.2500+400
0,0,0,0,0,0,0,0,0,0,0,0,50176,0,0,0,0,0,0,0,0,0,0,0,0,0,0,0,0,0,0,0,0,0,0,0,0,50176,0,0,0,0,0,0,0,0,0,0,0,0,0,0,0,0,0,0,0,0,0,0,0,0,50176,0,0,0,0,0,0,0,0,0,0,0,0,21566,0,27523,1087,11450,TCGA-GM-A2DB-DX1_xmin50586_ymin43110_MPP-0.2500+401
0,0,0,0,0,0,0,0,0,0,0,0,50176,0,0,0,0,0,0,0,0,0,0,0,0,0,0,0,0,0,0,0,0,0,0,0,0,50176,0,0,0,0,0,0,0,0,0,0,0,0,0,0,0,0,0,0,0,0,0,0,0,0,50176,0,0,0,0,0,0,0,0,0,0,0,0,16980,18,28136,5042,13282,TCGA-GM-A2DB-DX1_xmin50586_ymin43110_MPP-0.2500+402
0,0,0,0,0,0,0,20533,0,0,0,0,26744,0,0,0,0,0,0,0,0,0,0,0,2899,0,0,0,0,0,0,0,20533,0,0,0,0,26744,0,0,0,0,0,0,0,0,0,0,0,2899,0,0,0,0,0,0,0,20533,0,0,0,0,26744,0,0,0,0,0,0,0,0,0,0,0,2899,10253,5167,25671,6186,11898,TCGA-GM-A2DB-DX1_xmin50586_ymin43110_MPP-0.2500+403
0,0,0,0,0,0,22182,9122,0,0,0,0,0,0,0,0,0,0,0,0,0,0,0,0,18872,0,0,0,0,0,0,23155,8149,0,0,0,0,0,0,0,0,0,0,0,0,0,0,0,0,18872,0,0,0,0,0,0,23960,7344,0,0,0,0,0,0,0,0,0,0,0,0,0,0,0,0,18872,3324,2245,22377,3358,5793,TCGA-GM-A2DB-DX1_xmin50586_ymin43110_MPP-0.2500+404
0,0,0,0,0,0,22101,7353,0,0,0,1133,12863,0,0,0,0,0,0,0,0,0,0,0,6726,0,0,0,0,0,0,23359,6095,0,0,0,1275,12721,0,0,0,0,0,0,0,0,0,0,0,6726,0,0,0,0,0,0,23804,5650,0,0,0,1365,12631,0,0,0,0,0,0,0,0,0,0,0,6726,9253,3828,26067,4302,10052,TCGA-GM-A2DB-DX1_xmin50586_ymin43110_MPP-0.2500+405
0,0,0,0,0,0,22505,6838,0,0,0,313,6830,0,0,0,0,0,0,0,0,0,0,0,13690,0,0,0,0,0,0,22596,6747,0,0,0,370,6773,0,0,0,0,0,0,0,0,0,0,0,13690,0,0,0,0,0,0,22700,6643,0,0,0,434,6709,0,0,0,0,0,0,0,0,0,0,0,13690,4375,1289,24345,6477,5941,TCGA-GM-A2DB-DX1_xmin50586_ymin43110_MPP-0.2500+406
0,0,0,0,0,0,25886,0,0,0,0,0,0,0,0,0,0,0,0,0,0,0,0,0,24290,0,0,0,0,0,0,19818,6068,0,0,0,0,0,0,0,0,0,0,0,0,0,0,0,0,24290,0,0,0,0,0,0,20647,5239,0,0,0,0,0,0,0,0,0,0,0,0,0,0,0,0,24290,1577,547,22979,783,3370,TCGA-GM-A2DB-DX1_xmin50586_ymin43110_MPP-0.2500+407
0,0,0,0,0,0,19168,0,0,0,0,0,0,0,0,0,0,0,0,0,0,0,0,0,31008,0,0,0,0,0,0,19168,0,0,0,0,0,0,0,0,0,0,0,0,0,0,0,0,0,31008,0,0,0,0,0,0,19168,0,0,0,0,0,0,0,0,0,0,0,0,0,0,0,0,0,31008,2925,0,16243,0,2652,TCGA-GM-A2DB-DX1_xmin50586_ymin43110_MPP-0.2500+408
0,0,0,0,0,0,5159,0,0,0,0,0,0,0,0,0,0,0,0,0,0,0,0,0,45017,0,0,0,0,0,0,5159,0,0,0,0,0,0,0,0,0,0,0,0,0,0,0,0,0,45017,0,0,0,0,0,0,5159,0,0,0,0,0,0,0,0,0,0,0,0,0,0,0,0,0,45017,537,0,4622,0,534,TCGA-GM-A2DB-DX1_xmin50586_ymin43110_MPP-0.2500+409
48852,0,0,0,0,1324,0,0,0,0,0,0,0,0,0,0,0,0,0,0,0,0,0,0,0,48852,0,0,0,0,1324,0,0,0,0,0,0,0,0,0,0,0,0,0,0,0,0,0,0,0,48852,0,0,0,0,1324,0,0,0,0,0,0,0,0,0,0,0,0,0,0,0,0,0,0,0,1455,116,48368,237,1203,TCGA-GM-A2DB-DX1_xmin50586_ymin43110_MPP-0.2500+41
0,0,0,0,0,0,7110,0,0,0,0,0,0,0,0,0,0,0,0,0,0,0,0,0,43066,0,0,0,0,0,0,7110,0,0,0,0,0,0,0,0,0,0,0,0,0,0,0,0,0,43066,0,0,0,0,0,0,7110,0,0,0,0,0,0,0,0,0,0,0,0,0,0,0,0,0,43066,359,0,6293,458,257,TCGA-GM-A2DB-DX1_xmin50586_ymin43110_MPP-0.2500+410
0,0,0,0,0,0,50176,0,0,0,0,0,0,0,0,0,0,0,0,0,0,0,0,0,0,0,0,0,0,0,0,50176,0,0,0,0,0,0,0,0,0,0,0,0,0,0,0,0,0,0,0,0,0,0,0,0,50176,0,0,0,0,0,0,0,0,0,0,0,0,0,0,0,0,0,0,6841,0,41375,1960,7239,TCGA-GM-A2DB-DX1_xmin50586_ymin43110_MPP-0.2500+411
0,0,0,0,0,0,50176,0,0,0,0,0,0,0,0,0,0,0,0,0,0,0,0,0,0,0,0,0,0,0,0,50176,0,0,0,0,0,0,0,0,0,0,0,0,0,0,0,0,0,0,0,0,0,0,0,0,50176,0,0,0,0,0,0,0,0,0,0,0,0,0,0,0,0,0,0,8208,68,39167,2733,8977,TCGA-GM-A2DB-DX1_xmin50586_ymin43110_MPP-0.2500+412
0,0,0,0,0,0,46751,0,0,0,0,752,0,0,0,0,0,0,0,0,0,0,0,0,2673,0,0,0,0,0,0,46751,0,0,0,0,752,0,0,0,0,0,0,0,0,0,0,0,0,2673,0,0,0,0,0,0,46751,0,0,0,0,752,0,0,0,0,0,0,0,0,0,0,0,0,2673,6237,246,37394,3626,7753,TCGA-GM-A2DB-DX1_xmin50586_ymin43110_MPP-0.2500+413
0,0,0,0,0,0,20851,8723,0,0,0,5820,14782,0,0,0,0,0,0,0,0,0,0,0,0,0,0,0,0,0,0,21301,8273,0,0,0,6513,14089,0,0,0,0,0,0,0,0,0,0,0,0,0,0,0,0,0,0,21358,8216,0,0,0,6619,13983,0,0,0,0,0,0,0,0,0,0,0,0,9365,4561,26978,9272,8680,TCGA-GM-A2DB-DX1_xmin50586_ymin43110_MPP-0.2500+414
0,0,0,0,0,0,29327,5325,0,0,0,5426,9704,0,0,0,0,0,0,0,0,0,0,0,394,0,0,0,0,0,0,29701,4951,0,0,0,6224,8906,0,0,0,0,0,0,0,0,0,0,0,394,0,0,0,0,0,0,29682,4970,0,0,0,6584,8546,0,0,0,0,0,0,0,0,0,0,0,394,5496,612,29729,13945,13022,TCGA-GM-A2DB-DX1_xmin50586_ymin43110_MPP-0.2500+415
0,0,0,0,0,0,36833,0,0,0,0,0,0,0,0,0,0,0,0,0,0,0,0,0,13343,0,0,0,0,0,0,36833,0,0,0,0,0,0,0,0,0,0,0,0,0,0,0,0,0,13343,0,0,0,0,0,0,36833,0,0,0,0,0,0,0,0,0,0,0,0,0,0,0,0,0,13343,4609,451,29537,2236,6652,TCGA-GM-A2DB-DX1_xmin50586_ymin43110_MPP-0.2500+416
0,0,0,0,0,0,12123,1578,0,0,0,114,0,0,0,0,0,0,0,0,0,0,0,0,36361,0,0,0,0,0,0,12468,1233,0,0,0,114,0,0,0,0,0,0,0,0,0,0,0,0,36361,0,0,0,0,0,0,12257,1444,0,0,0,114,0,0,0,0,0,0,0,0,0,0,0,0,36361,1398,249,11984,184,767,TCGA-GM-A2DB-DX1_xmin50586_ymin43110_MPP-0.2500+417
0,0,0,0,0,0,16068,4766,0,0,0,1534,440,0,0,0,0,0,0,0,0,0,0,0,27368,0,0,0,0,0,0,16364,4470,0,0,0,1534,440,0,0,0,0,0,0,0,0,0,0,0,27368,0,0,0,0,0,0,17061,3773,0,0,0,1545,429,0,0,0,0,0,0,0,0,0,0,0,27368,984,3741,13118,4965,4548,TCGA-GM-A2DB-DX1_xmin50586_ymin43110_MPP-0.2500+418
0,0,0,0,0,0,3976,0,0,0,0,23271,19836,0,0,0,0,0,0,0,0,0,0,0,3093,0,0,0,0,0,0,3970,6,0,0,0,23278,19829,0,0,0,0,0,0,0,0,0,0,0,3093,0,0,0,0,0,0,3976,0,0,0,0,24635,18472,0,0,0,0,0,0,0,0,0,0,0,3093,20538,1061,17875,7609,15387,TCGA-GM-A2DB-DX1_xmin50586_ymin43110_MPP-0.2500+419
49121,0,0,0,0,1055,0,0,0,0,0,0,0,0,0,0,0,0,0,0,0,0,0,0,0,49121,0,0,0,0,1055,0,0,0,0,0,0,0,0,0,0,0,0,0,0,0,0,0,0,0,49121,0,0,0,0,1055,0,0,0,0,0,0,0,0,0,0,0,0,0,0,0,0,0,0,0,688,85,49125,278,1068,TCGA-GM-A2DB-DX1_xmin50586_ymin43110_MPP-0.2500+42
0,0,0,0,0,0,0,0,0,0,0,0,50176,0,0,0,0,0,0,0,0,0,0,0,0,0,0,0,0,0,0,0,0,0,0,0,0,50176,0,0,0,0,0,0,0,0,0,0,0,0,0,0,0,0,0,0,0,0,0,0,0,0,50176,0,0,0,0,0,0,0,0,0,0,0,0,16793,0,32457,926,10311,TCGA-GM-A2DB-DX1_xmin50586_ymin43110_MPP-0.2500+420
0,0,0,0,0,0,0,4854,0,0,0,0,43045,0,0,0,0,0,0,0,0,0,0,0,2277,0,0,0,0,0,0,0,4854,0,0,0,0,43045,0,0,0,0,0,0,0,0,0,0,0,2277,0,0,0,0,0,0,0,4854,0,0,0,0,43045,0,0,0,0,0,0,0,0,0,0,0,2277,11048,2086,32499,2266,11159,TCGA-GM-A2DB-DX1_xmin50586_ymin43110_MPP-0.2500+421
0,0,0,0,0,0,0,4680,0,0,0,0,25713,0,0,0,0,0,0,0,0,0,0,0,19783,0,0,0,0,0,0,0,4680,0,0,0,0,25713,0,0,0,0,0,0,0,0,0,0,0,19783,0,0,0,0,0,0,0,4680,0,0,0,0,25713,0,0,0,0,0,0,0,0,0,0,0,19783,7847,2912,16299,3335,12224,TCGA-GM-A2DB-DX1_xmin50586_ymin43110_MPP-0.2500+422
0,0,0,0,0,0,9738,1468,0,0,0,199,1900,0,0,0,0,0,0,0,0,0,0,0,36871,0,0,0,0,0,0,10003,1203,0,0,0,241,1858,0,0,0,0,0,0,0,0,0,0,0,36871,0,0,0,0,0,0,9963,1243,0,0,0,227,1872,0,0,0,0,0,0,0,0,0,0,0,36871,1106,293,10372,1534,2335,TCGA-GM-A2DB-DX1_xmin50586_ymin43110_MPP-0.2500+423
0,0,0,0,0,0,29134,0,0,0,0,0,0,0,0,0,0,0,0,0,0,0,0,0,21042,0,0,0,0,0,0,29134,0,0,0,0,0,0,0,0,0,0,0,0,0,0,0,0,0,21042,0,0,0,0,0,0,29134,0,0,0,0,0,0,0,0,0,0,0,0,0,0,0,0,0,21042,6467,471,21699,497,4664,TCGA-GM-A2DB-DX1_xmin50586_ymin43110_MPP-0.2500+424
0,0,0,0,0,0,21935,4306,0,0,0,3285,11796,0,0,0,0,0,0,0,0,0,0,0,8854,0,0,0,0,0,0,22268,3973,0,0,0,3682,11399,0,0,0,0,0,0,0,0,0,0,0,8854,0,0,0,0,0,0,22162,4079,0,0,0,3164,11917,0,0,0,0,0,0,0,0,0,0,0,8854,4475,2377,28093,6377,6838,TCGA-GM-A2DB-DX1_xmin50586_ymin43110_MPP-0.2500+425
0,0,0,0,0,1,45027,0,0,0,0,0,0,0,0,0,0,0,0,0,0,0,0,0,5148,0,0,0,0,0,1,45027,0,0,0,0,0,0,0,0,0,0,0,0,0,0,0,0,0,5148,0,0,0,0,0,0,45028,0,0,0,0,0,0,0,0,0,0,0,0,0,0,0,0,0,5148,2707,0,42321,0,16394,TCGA-GM-A2DB-DX1_xmin50586_ymin43110_MPP-0.2500+426
0,0,0,0,0,0,25878,0,0,0,0,0,0,0,0,0,0,0,0,0,0,0,0,0,24298,0,0,0,0,0,0,25878,0,0,0,0,0,0,0,0,0,0,0,0,0,0,0,0,0,24298,0,0,0,0,0,0,25878,0,0,0,0,0,0,0,0,0,0,0,0,0,0,0,0,0,24298,1772,0,24106,0,4490,TCGA-GM-A2DB-DX1_xmin50586_ymin43110_MPP-0.2500+427
0,0,0,0,0,0,35,0,0,0,0,0,0,0,0,0,0,0,0,0,0,0,0,0,50141,0,0,0,0,0,0,35,0,0,0,0,0,0,0,0,0,0,0,0,0,0,0,0,0,50141,0,0,0,0,0,0,35,0,0,0,0,0,0,0,0,0,0,0,0,0,0,0,0,0,50141,0,0,35,0,0,TCGA-GM-A2DB-DX1_xmin50586_ymin43110_MPP-0.2500+428
0,0,0,0,0,0,38597,0,0,0,0,0,0,0,0,0,0,0,0,0,0,0,0,0,11579,0,0,0,0,0,0,38597,0,0,0,0,0,0,0,0,0,0,0,0,0,0,0,0,0,11579,0,0,0,0,0,0,38597,0,0,0,0,0,0,0,0,0,0,0,0,0,0,0,0,0,11579,360,0,38237,0,5931,TCGA-GM-A2DB-DX1_xmin50586_ymin43110_MPP-0.2500+429
47121,0,0,0,0,3055,0,0,0,0,0,0,0,0,0,0,0,0,0,0,0,0,0,0,0,47121,0,0,0,0,3055,0,0,0,0,0,0,0,0,0,0,0,0,0,0,0,0,0,0,0,47121,0,0,0,0,3055,0,0,0,0,0,0,0,0,0,0,0,0,0,0,0,0,0,0,0,846,795,47294,1241,4531,TCGA-GM-A2DB-DX1_xmin50586_ymin43110_MPP-0.2500+43
0,0,0,0,0,0,29711,5225,0,0,0,5804,9436,0,0,0,0,0,0,0,0,0,0,0,0,0,0,0,0,0,0,30798,4138,0,0,0,6484,8756,0,0,0,0,0,0,0,0,0,0,0,0,0,0,0,0,0,0,30544,4392,0,0,0,6198,9042,0,0,0,0,0,0,0,0,0,0,0,0,4410,2462,32565,10739,8987,TCGA-GM-A2DB-DX1_xmin50586_ymin43110_MPP-0.2500+430
0,0,0,0,0,0,19545,2351,0,0,0,12223,16057,0,0,0,0,0,0,0,0,0,0,0,0,0,0,0,0,0,0,19671,2225,0,0,0,13619,14661,0,0,0,0,0,0,0,0,0,0,0,0,0,0,0,0,0,0,20012,1884,0,0,0,14124,14156,0,0,0,0,0,0,0,0,0,0,0,0,8779,1084,19955,20358,15694,TCGA-GM-A2DB-DX1_xmin50586_ymin43110_MPP-0.2500+431
0,0,0,0,0,0,21280,3661,0,0,0,6467,4690,0,0,0,0,0,0,0,0,0,0,0,14078,0,0,0,0,0,0,22209,2732,0,0,0,6974,4183,0,0,0,0,0,0,0,0,0,0,0,14078,0,0,0,0,0,0,21686,3255,0,0,0,6757,4400,0,0,0,0,0,0,0,0,0,0,0,14078,4596,1230,21186,9086,12039,TCGA-GM-A2DB-DX1_xmin50586_ymin43110_MPP-0.2500+432
0,0,0,0,0,0,17576,6206,0,0,0,5448,18354,0,0,0,0,0,0,0,0,0,0,0,2592,0,0,0,0,0,0,18505,5277,0,0,0,7319,16483,0,0,0,0,0,0,0,0,0,0,0,2592,0,0,0,0,0,0,18060,5722,0,0,0,6862,16940,0,0,0,0,0,0,0,0,0,0,0,2592,11187,975,24215,11207,11698,TCGA-GM-A2DB-DX1_xmin50586_ymin43110_MPP-0.2500+433
0,0,0,0,0,0,16599,3727,0,0,0,7153,7141,0,0,0,0,0,0,0,0,0,0,0,15556,0,0,0,0,0,0,16885,3441,0,0,0,7677,6617,0,0,0,0,0,0,0,0,0,0,0,15556,0,0,0,0,0,0,16931,3395,0,0,0,7603,6691,0,0,0,0,0,0,0,0,0,0,0,15556,5329,2760,19127,7404,7972,TCGA-GM-A2DB-DX1_xmin50586_ymin43110_MPP-0.2500+434
0,0,0,0,0,0,16216,1294,0,0,0,0,0,0,0,0,0,0,0,0,0,0,0,0,32666,0,0,0,0,0,0,16185,1325,0,0,0,0,0,0,0,0,0,0,0,0,0,0,0,0,32666,0,0,0,0,0,0,16177,1333,0,0,0,0,0,0,0,0,0,0,0,0,0,0,0,0,32666,2022,220,14535,733,2211,TCGA-GM-A2DB-DX1_xmin50586_ymin43110_MPP-0.2500+435
0,0,0,0,0,0,27821,0,0,0,0,0,0,0,0,0,0,0,0,0,0,0,0,0,22355,0,0,0,0,0,0,27821,0,0,0,0,0,0,0,0,0,0,0,0,0,0,0,0,0,22355,0,0,0,0,0,0,27821,0,0,0,0,0,0,0,0,0,0,0,0,0,0,0,0,0,22355,3787,0,23444,590,4571,TCGA-GM-A2DB-DX1_xmin50586_ymin43110_MPP-0.2500+436
0,0,0,0,0,0,22577,828,0,0,0,0,0,0,0,0,0,0,0,0,0,0,0,0,26771,0,0,0,0,0,0,22251,1154,0,0,0,0,0,0,0,0,0,0,0,0,0,0,0,0,26771,0,0,0,0,0,0,22308,1097,0,0,0,0,0,0,0,0,0,0,0,0,0,0,0,0,26771,6285,419,11712,4989,7814,TCGA-GM-A2DB-DX1_xmin50586_ymin43110_MPP-0.2500+437
0,0,0,0,0,0,7468,1642,0,0,0,168,9585,0,0,0,0,0,0,0,0,0,0,0,31313,0,0,0,0,0,0,7593,1517,0,0,0,230,9523,0,0,0,0,0,0,0,0,0,0,0,31313,0,0,0,0,0,0,7659,1451,0,0,0,269,9484,0,0,0,0,0,0,0,0,0,0,0,31313,2558,3322,10464,2519,4637,TCGA-GM-A2DB-DX1_xmin50586_ymin43110_MPP-0.2500+438
0,0,0,0,0,0,13444,10557,0,0,0,2321,14638,0,0,0,0,0,0,0,0,0,0,0,9216,0,0,0,0,0,0,14334,9667,0,0,0,2762,14197,0,0,0,0,0,0,0,0,0,0,0,9216,0,0,0,0,0,0,14276,9725,0,0,0,2773,14186,0,0,0,0,0,0,0,0,0,0,0,9216,6548,7252,19103,8057,7593,TCGA-GM-A2DB-DX1_xmin50586_ymin43110_MPP-0.2500+439
31170,0,0,0,0,19006,0,0,0,0,0,0,0,0,0,0,0,0,0,0,0,0,0,0,0,31170,0,0,0,0,19006,0,0,0,0,0,0,0,0,0,0,0,0,0,0,0,0,0,0,0,31170,0,0,0,0,19006,0,0,0,0,0,0,0,0,0,0,0,0,0,0,0,0,0,0,0,1845,257,46260,1814,2194,TCGA-GM-A2DB-DX1_xmin50586_ymin43110_MPP-0.2500+44
0,0,0,0,0,0,24398,6447,0,0,0,5238,13603,0,0,0,0,0,0,0,0,0,0,0,490,0,0,0,0,0,0,24087,6758,0,0,0,5257,13584,0,0,0,0,0,0,0,0,0,0,0,490,0,0,0,0,0,0,24254,6591,0,0,0,5353,13488,0,0,0,0,0,0,0,0,0,0,0,490,8262,6710,20858,13856,7276,TCGA-GM-A2DB-DX1_xmin50586_ymin43110_MPP-0.2500+440
0,0,0,0,0,0,14561,7362,0,0,0,283,8121,0,0,0,0,0,0,0,0,0,0,0,19849,0,0,0,0,0,0,14529,7394,0,0,0,351,8053,0,0,0,0,0,0,0,0,0,0,0,19849,0,0,0,0,0,0,14811,7112,0,0,0,484,7920,0,0,0,0,0,0,0,0,0,0,0,19849,3728,11097,8457,7045,8694,TCGA-GM-A2DB-DX1_xmin50586_ymin43110_MPP-0.2500+441
0,0,0,0,0,0,12171,1451,0,0,0,783,1442,0,0,0,0,0,0,0,0,0,0,0,34329,0,0,0,0,0,0,12541,1081,0,0,0,916,1309,0,0,0,0,0,0,0,0,0,0,0,34329,0,0,0,0,0,0,12621,1001,0,0,0,970,1255,0,0,0,0,0,0,0,0,0,0,0,34329,926,280,13018,1623,2341,TCGA-GM-A2DB-DX1_xmin50586_ymin43110_MPP-0.2500+442
0,0,0,0,0,0,20390,4473,0,0,0,0,135,0,0,0,0,0,0,0,0,0,0,0,25178,0,0,0,0,0,0,20352,4511,0,0,0,0,135,0,0,0,0,0,0,0,0,0,0,0,25178,0,0,0,0,0,0,19977,4886,0,0,0,0,135,0,0,0,0,0,0,0,0,0,0,0,25178,2906,860,18916,2316,5289,TCGA-GM-A2DB-DX1_xmin50586_ymin43110_MPP-0.2500+443
0,0,0,0,0,0,34276,1515,0,0,0,3456,10929,0,0,0,0,0,0,0,0,0,0,0,0,0,0,0,0,0,0,34485,1306,0,0,0,3722,10663,0,0,0,0,0,0,0,0,0,0,0,0,0,0,0,0,0,0,34582,1209,0,0,0,3912,10473,0,0,0,0,0,0,0,0,0,0,0,0,6629,828,36912,5807,12481,TCGA-GM-A2DB-DX1_xmin50586_ymin43110_MPP-0.2500+444
0,0,0,0,0,0,25353,31,0,0,0,4586,14092,0,0,0,0,0,0,0,0,0,0,0,6114,0,0,0,0,0,0,25376,8,0,0,0,4721,13957,0,0,0,0,0,0,0,0,0,0,0,6114,0,0,0,0,0,0,25377,7,0,0,0,4918,13760,0,0,0,0,0,0,0,0,0,0,0,6114,6127,1384,33528,3023,10613,TCGA-GM-A2DB-DX1_xmin50586_ymin43110_MPP-0.2500+445
0,0,0,0,0,0,4865,0,0,0,0,0,0,0,0,0,0,0,0,0,0,0,0,0,45311,0,0,0,0,0,0,4865,0,0,0,0,0,0,0,0,0,0,0,0,0,0,0,0,0,45311,0,0,0,0,0,0,4865,0,0,0,0,0,0,0,0,0,0,0,0,0,0,0,0,0,45311,422,0,4443,0,775,TCGA-GM-A2DB-DX1_xmin50586_ymin43110_MPP-0.2500+446
0,0,0,0,0,0,5438,0,0,0,0,0,0,0,0,0,0,0,0,0,0,0,0,0,44738,0,0,0,0,0,0,5438,0,0,0,0,0,0,0,0,0,0,0,0,0,0,0,0,0,44738,0,0,0,0,0,0,5438,0,0,0,0,0,0,0,0,0,0,0,0,0,0,0,0,0,44738,0,0,5438,0,0,TCGA-GM-A2DB-DX1_xmin50586_ymin43110_MPP-0.2500+447
0,0,0,0,0,0,20160,0,0,0,0,0,0,0,0,0,0,0,0,0,0,0,0,0,30016,0,0,0,0,0,0,20160,0,0,0,0,0,0,0,0,0,0,0,0,0,0,0,0,0,30016,0,0,0,0,0,0,20160,0,0,0,0,0,0,0,0,0,0,0,0,0,0,0,0,0,30016,4,0,20156,0,262,TCGA-GM-A2DB-DX1_xmin50586_ymin43110_MPP-0.2500+448
0,0,0,0,0,0,50176,0,0,0,0,0,0,0,0,0,0,0,0,0,0,0,0,0,0,0,0,0,0,0,0,50176,0,0,0,0,0,0,0,0,0,0,0,0,0,0,0,0,0,0,0,0,0,0,0,0,50176,0,0,0,0,0,0,0,0,0,0,0,0,0,0,0,0,0,0,560,0,49616,0,1303,TCGA-GM-A2DB-DX1_xmin50586_ymin43110_MPP-0.2500+449
47043,0,0,0,0,3133,0,0,0,0,0,0,0,0,0,0,0,0,0,0,0,0,0,0,0,47043,0,0,0,0,3133,0,0,0,0,0,0,0,0,0,0,0,0,0,0,0,0,0,0,0,47043,0,0,0,0,3133,0,0,0,0,0,0,0,0,0,0,0,0,0,0,0,0,0,0,0,937,95,48867,277,1402,TCGA-GM-A2DB-DX1_xmin50586_ymin43110_MPP-0.2500+45
0,0,0,0,0,0,14886,956,0,0,0,15794,18540,0,0,0,0,0,0,0,0,0,0,0,0,0,0,0,0,0,0,15011,831,0,0,0,16521,17813,0,0,0,0,0,0,0,0,0,0,0,0,0,0,0,0,0,0,15032,810,0,0,0,16420,17914,0,0,0,0,0,0,0,0,0,0,0,0,11841,2905,23413,12017,12458,TCGA-GM-A2DB-DX1_xmin50586_ymin43110_MPP-0.2500+450
0,0,0,0,0,0,8568,6571,0,0,0,6479,26497,0,0,0,0,0,0,0,0,0,0,0,2061,0,0,0,0,0,0,8725,6414,0,0,0,7318,25658,0,0,0,0,0,0,0,0,0,0,0,2061,0,0,0,0,0,0,8714,6425,0,0,0,7789,25187,0,0,0,0,0,0,0,0,0,0,0,2061,11623,3569,22216,10707,13492,TCGA-GM-A2DB-DX1_xmin50586_ymin43110_MPP-0.2500+451
0,0,0,0,0,0,18971,384,0,0,0,4182,12075,0,0,0,0,0,0,0,0,0,0,0,14564,0,0,0,0,0,0,19031,324,0,0,0,4164,12093,0,0,0,0,0,0,0,0,0,0,0,14564,0,0,0,0,0,0,19234,121,0,0,0,4328,11929,0,0,0,0,0,0,0,0,0,0,0,14564,7109,625,23711,4167,8770,TCGA-GM-A2DB-DX1_xmin50586_ymin43110_MPP-0.2500+452
0,0,0,0,0,0,12946,2965,0,0,0,15816,5736,0,0,0,0,0,0,0,0,0,0,0,12713,0,0,0,0,0,0,13041,2870,0,0,0,15580,5972,0,0,0,0,0,0,0,0,0,0,0,12713,0,0,0,0,0,0,13011,2900,0,0,0,15233,6319,0,0,0,0,0,0,0,0,0,0,0,12713,2233,2727,14466,18037,10270,TCGA-GM-A2DB-DX1_xmin50586_ymin43110_MPP-0.2500+453
0,0,0,0,0,0,33748,0,0,0,0,2968,0,0,0,0,0,0,0,0,0,0,0,0,13460,0,0,0,0,0,0,33748,0,0,0,0,2968,0,0,0,0,0,0,0,0,0,0,0,0,13460,0,0,0,0,0,0,33748,0,0,0,0,2968,0,0,0,0,0,0,0,0,0,0,0,0,13460,5236,296,27524,3660,6809,TCGA-GM-A2DB-DX1_xmin50586_ymin43110_MPP-0.2500+454
0,0,0,0,0,0,29494,0,0,0,0,0,0,0,0,0,0,0,0,0,0,0,0,0,20682,0,0,0,0,0,0,29494,0,0,0,0,0,0,0,0,0,0,0,0,0,0,0,0,0,20682,0,0,0,0,0,0,29494,0,0,0,0,0,0,0,0,0,0,0,0,0,0,0,0,0,20682,4874,0,23836,784,6863,TCGA-GM-A2DB-DX1_xmin50586_ymin43110_MPP-0.2500+455
0,0,0,0,0,0,23141,0,0,0,0,0,0,0,0,0,0,0,0,0,0,0,0,0,27035,0,0,0,0,0,0,23141,0,0,0,0,0,0,0,0,0,0,0,0,0,0,0,0,0,27035,0,0,0,0,0,0,23141,0,0,0,0,0,0,0,0,0,0,0,0,0,0,0,0,0,27035,2136,77,19689,1239,3921,TCGA-GM-A2DB-DX1_xmin50586_ymin43110_MPP-0.2500+456
0,0,0,0,0,0,20501,1816,0,0,0,0,0,0,0,0,0,0,0,0,0,0,0,0,27859,0,0,0,0,0,0,20562,1755,0,0,0,0,0,0,0,0,0,0,0,0,0,0,0,0,27859,0,0,0,0,0,0,20258,2059,0,0,0,0,0,0,0,0,0,0,0,0,0,0,0,0,27859,1668,0,19949,700,2646,TCGA-GM-A2DB-DX1_xmin50586_ymin43110_MPP-0.2500+457
0,0,0,0,0,0,11152,418,0,0,0,0,0,0,0,0,0,0,0,0,0,0,0,0,38606,0,0,0,0,0,0,11064,506,0,0,0,0,0,0,0,0,0,0,0,0,0,0,0,0,38606,0,0,0,0,0,0,10931,639,0,0,0,0,0,0,0,0,0,0,0,0,0,0,0,0,38606,1172,69,9531,798,1679,TCGA-GM-A2DB-DX1_xmin50586_ymin43110_MPP-0.2500+458
0,0,0,0,0,0,7804,6699,0,0,0,129,15416,0,0,0,0,0,0,0,0,0,0,0,20128,0,0,0,0,0,0,8026,6477,0,0,0,188,15357,0,0,0,0,0,0,0,0,0,0,0,20128,0,0,0,0,0,0,8076,6427,0,0,0,177,15368,0,0,0,0,0,0,0,0,0,0,0,20128,5910,3399,16986,3753,6001,TCGA-GM-A2DB-DX1_xmin50586_ymin43110_MPP-0.2500+459
0,0,0,0,0,0,50176,0,0,0,0,0,0,0,0,0,0,0,0,0,0,0,0,0,0,0,0,0,0,0,0,50176,0,0,0,0,0,0,0,0,0,0,0,0,0,0,0,0,0,0,0,0,0,0,0,0,50176,0,0,0,0,0,0,0,0,0,0,0,0,0,0,0,0,0,0,10470,700,31403,7603,13262,TCGA-GM-A2DB-DX1_xmin50586_ymin43110_MPP-0.2500+46
0,0,0,0,0,0,6796,13482,0,0,0,4423,25475,0,0,0,0,0,0,0,0,0,0,0,0,0,0,0,0,0,0,7255,13023,0,0,0,4939,24959,0,0,0,0,0,0,0,0,0,0,0,0,0,0,0,0,0,0,7135,13143,0,0,0,4824,25074,0,0,0,0,0,0,0,0,0,0,0,0,9765,7016,19180,14215,14512,TCGA-GM-A2DB-DX1_xmin50586_ymin43110_MPP-0.2500+460
0,0,0,0,0,0,10298,5370,0,0,0,8638,25870,0,0,0,0,0,0,0,0,0,0,0,0,0,0,0,0,0,0,10612,5056,0,0,0,8809,25699,0,0,0,0,0,0,0,0,0,0,0,0,0,0,0,0,0,0,10675,4993,0,0,0,8881,25627,0,0,0,0,0,0,0,0,0,0,0,0,13353,6200,23126,7497,12498,TCGA-GM-A2DB-DX1_xmin50586_ymin43110_MPP-0.2500+461
0,0,0,0,0,0,29611,2076,0,0,0,3142,11425,0,0,0,0,0,0,0,0,0,0,0,3922,0,0,0,0,0,0,29718,1969,0,0,0,3404,11163,0,0,0,0,0,0,0,0,0,0,0,3922,0,0,0,0,0,0,29706,1981,0,0,0,3189,11378,0,0,0,0,0,0,0,0,0,0,0,3922,9391,1341,30603,4919,11071,TCGA-GM-A2DB-DX1_xmin50586_ymin43110_MPP-0.2500+462
0,0,0,0,0,0,28745,1854,0,0,0,3240,15139,0,0,0,0,0,0,0,0,0,0,0,1198,0,0,0,0,0,0,28878,1721,0,0,0,3670,14709,0,0,0,0,0,0,0,0,0,0,0,1198,0,0,0,0,0,0,28928,1671,0,0,0,3871,14508,0,0,0,0,0,0,0,0,0,0,0,1198,4208,1399,38464,4907,8353,TCGA-GM-A2DB-DX1_xmin50586_ymin43110_MPP-0.2500+463
0,0,0,0,0,0,16596,831,0,0,0,4635,14717,0,0,0,0,0,0,0,0,0,0,0,13397,0,0,0,0,0,0,16689,738,0,0,0,4812,14540,0,0,0,0,0,0,0,0,0,0,0,13397,0,0,0,0,0,0,16754,673,0,0,0,4865,14487,0,0,0,0,0,0,0,0,0,0,0,13397,6822,182,23753,6022,9246,TCGA-GM-A2DB-DX1_xmin50586_ymin43110_MPP-0.2500+464
0,0,0,0,0,0,28273,0,0,0,0,8346,8171,0,0,0,0,0,0,0,0,0,0,0,5386,0,0,0,0,0,0,28273,0,0,0,0,8436,8081,0,0,0,0,0,0,0,0,0,0,0,5386,0,0,0,0,0,0,28273,0,0,0,0,8569,7948,0,0,0,0,0,0,0,0,0,0,0,5386,4813,476,34418,5083,6890,TCGA-GM-A2DB-DX1_xmin50586_ymin43110_MPP-0.2500+465
0,0,0,0,0,0,29773,0,0,0,0,0,0,0,0,0,0,0,0,0,0,0,0,0,20403,0,0,0,0,0,0,29773,0,0,0,0,0,0,0,0,0,0,0,0,0,0,0,0,0,20403,0,0,0,0,0,0,29773,0,0,0,0,0,0,0,0,0,0,0,0,0,0,0,0,0,20403,2048,0,27725,0,5235,TCGA-GM-A2DB-DX1_xmin50586_ymin43110_MPP-0.2500+466
0,0,0,0,0,0,49416,0,0,0,0,0,0,0,0,0,0,0,0,0,0,0,0,0,760,0,0,0,0,0,0,49416,0,0,0,0,0,0,0,0,0,0,0,0,0,0,0,0,0,760,0,0,0,0,0,0,49416,0,0,0,0,0,0,0,0,0,0,0,0,0,0,0,0,0,760,4942,0,44474,0,6556,TCGA-GM-A2DB-DX1_xmin50586_ymin43110_MPP-0.2500+467
0,0,0,0,0,1,50175,0,0,0,0,0,0,0,0,0,0,0,0,0,0,0,0,0,0,0,0,0,0,0,1,50175,0,0,0,0,0,0,0,0,0,0,0,0,0,0,0,0,0,0,0,0,0,0,0,0,50176,0,0,0,0,0,0,0,0,0,0,0,0,0,0,0,0,0,0,2517,0,47659,0,4180,TCGA-GM-A2DB-DX1_xmin50586_ymin43110_MPP-0.2500+468
0,0,0,0,0,0,50176,0,0,0,0,0,0,0,0,0,0,0,0,0,0,0,0,0,0,0,0,0,0,0,0,50176,0,0,0,0,0,0,0,0,0,0,0,0,0,0,0,0,0,0,0,0,0,0,0,1,50175,0,0,0,0,0,0,0,0,0,0,0,0,0,0,0,0,0,0,72,0,50104,0,13292,TCGA-GM-A2DB-DX1_xmin50586_ymin43110_MPP-0.2500+469
0,0,0,0,0,320,49856,0,0,0,0,0,0,0,0,0,0,0,0,0,0,0,0,0,0,0,0,0,0,0,768,49408,0,0,0,0,0,0,0,0,0,0,0,0,0,0,0,0,0,0,0,0,0,0,0,576,49600,0,0,0,0,0,0,0,0,0,0,0,0,0,0,0,0,0,0,5750,1802,24927,17697,10033,TCGA-GM-A2DB-DX1_xmin50586_ymin43110_MPP-0.2500+47
0,0,0,0,0,0,14986,2785,0,0,0,19069,13138,0,0,0,0,0,0,0,0,0,0,0,198,0,0,0,0,0,0,15313,2458,0,0,0,19780,12427,0,0,0,0,0,0,0,0,0,0,0,198,0,0,0,0,0,0,15195,2576,0,0,0,20017,12190,0,0,0,0,0,0,0,0,0,0,0,198,10582,3113,21241,15042,11983,TCGA-GM-A2DB-DX1_xmin50586_ymin43110_MPP-0.2500+470
0,0,0,0,0,0,13077,4646,0,0,0,5220,19764,0,0,0,0,0,0,0,0,0,0,0,7469,0,0,0,0,0,0,13895,3828,0,0,0,6339,18645,0,0,0,0,0,0,0,0,0,0,0,7469,0,0,0,0,0,0,13956,3767,0,0,0,6606,18378,0,0,0,0,0,0,0,0,0,0,0,7469,11565,4544,18714,7884,10950,TCGA-GM-A2DB-DX1_xmin50586_ymin43110_MPP-0.2500+471
0,0,0,0,0,0,10116,9293,0,0,0,5402,16870,0,0,0,0,0,0,0,0,0,0,0,8495,0,0,0,0,0,0,10881,8528,0,0,0,5742,16530,0,0,0,0,0,0,0,0,0,0,0,8495,0,0,0,0,0,0,11287,8122,0,0,0,5775,16497,0,0,0,0,0,0,0,0,0,0,0,8495,9299,2340,18240,11802,13251,TCGA-GM-A2DB-DX1_xmin50586_ymin43110_MPP-0.2500+472
0,0,0,0,0,0,43259,0,0,0,0,575,0,0,0,0,0,0,0,0,0,0,0,0,6342,0,0,0,0,0,0,43259,0,0,0,0,575,0,0,0,0,0,0,0,0,0,0,0,0,6342,0,0,0,0,0,0,43259,0,0,0,0,575,0,0,0,0,0,0,0,0,0,0,0,0,6342,7571,126,28217,7920,13108,TCGA-GM-A2DB-DX1_xmin50586_ymin43110_MPP-0.2500+473
0,0,0,0,0,0,37623,0,0,0,0,0,0,0,0,0,0,0,0,0,0,0,0,0,12553,0,0,0,0,0,0,37623,0,0,0,0,0,0,0,0,0,0,0,0,0,0,0,0,0,12553,0,0,0,0,0,0,37623,0,0,0,0,0,0,0,0,0,0,0,0,0,0,0,0,0,12553,7366,1412,24048,4797,10082,TCGA-GM-A2DB-DX1_xmin50586_ymin43110_MPP-0.2500+474
0,0,0,0,0,0,14639,4034,0,0,0,0,0,0,0,0,0,0,0,0,0,0,0,0,31503,0,0,0,0,0,0,14831,3842,0,0,0,0,0,0,0,0,0,0,0,0,0,0,0,0,31503,0,0,0,0,0,0,14784,3889,0,0,0,0,0,0,0,0,0,0,0,0,0,0,0,0,31503,2502,305,14270,1596,4398,TCGA-GM-A2DB-DX1_xmin50586_ymin43110_MPP-0.2500+475
0,0,0,0,0,0,11910,0,0,0,0,0,0,0,0,0,0,0,0,0,0,0,0,0,38266,0,0,0,0,0,0,11910,0,0,0,0,0,0,0,0,0,0,0,0,0,0,0,0,0,38266,0,0,0,0,0,0,11910,0,0,0,0,0,0,0,0,0,0,0,0,0,0,0,0,0,38266,1088,224,9895,703,3855,TCGA-GM-A2DB-DX1_xmin50586_ymin43110_MPP-0.2500+476
0,0,0,0,0,0,23578,1628,0,0,0,65,3624,0,0,0,0,0,0,0,0,0,0,0,21281,0,0,0,0,0,0,24058,1148,0,0,0,112,3577,0,0,0,0,0,0,0,0,0,0,0,21281,0,0,0,0,0,0,24183,1023,0,0,0,218,3471,0,0,0,0,0,0,0,0,0,0,0,21281,3931,1166,22688,1110,5489,TCGA-GM-A2DB-DX1_xmin50586_ymin43110_MPP-0.2500+477
0,0,0,0,0,0,3947,3485,0,0,0,4642,31435,0,0,0,0,0,0,0,0,0,0,0,6667,0,0,0,0,0,0,4009,3423,0,0,0,5001,31076,0,0,0,0,0,0,0,0,0,0,0,6667,0,0,0,0,0,0,4085,3347,0,0,0,5392,30685,0,0,0,0,0,0,0,0,0,0,0,6667,12968,2298,24571,3672,12617,TCGA-GM-A2DB-DX1_xmin50586_ymin43110_MPP-0.2500+478
0,0,0,0,0,0,14037,6841,0,0,0,5866,19865,0,0,0,0,0,0,0,0,0,0,0,3567,0,0,0,0,0,0,14441,6437,0,0,0,6175,19556,0,0,0,0,0,0,0,0,0,0,0,3567,0,0,0,0,0,0,14599,6279,0,0,0,6349,19382,0,0,0,0,0,0,0,0,0,0,0,3567,9106,4464,23930,9109,9667,TCGA-GM-A2DB-DX1_xmin50586_ymin43110_MPP-0.2500+479
0,0,0,0,0,0,49909,0,0,0,0,267,0,0,0,0,0,0,0,0,0,0,0,0,0,0,0,0,0,0,0,49909,0,0,0,0,267,0,0,0,0,0,0,0,0,0,0,0,0,0,0,0,0,0,0,0,49909,0,0,0,0,267,0,0,0,0,0,0,0,0,0,0,0,0,0,12680,40,30934,6522,10277,TCGA-GM-A2DB-DX1_xmin50586_ymin43110_MPP-0.2500+48
0,0,0,0,0,0,25387,2373,0,0,0,2390,7638,0,0,0,0,0,0,0,0,0,0,0,12388,0,0,0,0,0,0,25904,1856,0,0,0,2470,7558,0,0,0,0,0,0,0,0,0,0,0,12388,0,0,0,0,0,0,26042,1718,0,0,0,2324,7704,0,0,0,0,0,0,0,0,0,0,0,12388,1435,2901,29879,3573,4161,TCGA-GM-A2DB-DX1_xmin50586_ymin43110_MPP-0.2500+480
0,0,0,0,0,0,50176,0,0,0,0,0,0,0,0,0,0,0,0,0,0,0,0,0,0,0,0,0,0,0,0,50176,0,0,0,0,0,0,0,0,0,0,0,0,0,0,0,0,0,0,0,0,0,0,0,0,50176,0,0,0,0,0,0,0,0,0,0,0,0,0,0,0,0,0,0,3132,0,47007,37,6248,TCGA-GM-A2DB-DX1_xmin50586_ymin43110_MPP-0.2500+481
0,0,0,0,0,0,35568,987,0,0,0,5923,6176,0,0,0,0,0,0,0,0,0,0,0,1522,0,0,0,0,0,0,35724,831,0,0,0,5969,6130,0,0,0,0,0,0,0,0,0,0,0,1522,0,0,0,0,0,0,35729,826,0,0,0,6094,6005,0,0,0,0,0,0,0,0,0,0,0,1522,3945,2242,36770,5697,11388,TCGA-GM-A2DB-DX1_xmin50586_ymin43110_MPP-0.2500+482
0,0,0,0,0,0,12136,2352,0,0,0,0,0,0,0,0,0,0,0,0,0,0,0,0,35688,0,0,0,0,0,0,12084,2404,0,0,0,0,0,0,0,0,0,0,0,0,0,0,0,0,35688,0,0,0,0,0,0,11975,2513,0,0,0,0,0,0,0,0,0,0,0,0,0,0,0,0,35688,1410,135,11238,1705,2461,TCGA-GM-A2DB-DX1_xmin50586_ymin43110_MPP-0.2500+483
0,0,0,0,0,0,29317,0,0,0,0,0,0,0,0,0,0,0,0,0,0,0,0,0,20859,0,0,0,0,0,0,29317,0,0,0,0,0,0,0,0,0,0,0,0,0,0,0,0,0,20859,0,0,0,0,0,0,29317,0,0,0,0,0,0,0,0,0,0,0,0,0,0,0,0,0,20859,5549,0,23233,535,2706,TCGA-GM-A2DB-DX1_xmin50586_ymin43110_MPP-0.2500+484
0,0,0,0,0,0,32764,0,0,0,0,0,0,0,0,0,0,0,0,0,0,0,0,0,17412,0,0,0,0,0,0,32764,0,0,0,0,0,0,0,0,0,0,0,0,0,0,0,0,0,17412,0,0,0,0,0,0,32764,0,0,0,0,0,0,0,0,0,0,0,0,0,0,0,0,0,17412,2428,0,29353,983,3713,TCGA-GM-A2DB-DX1_xmin50586_ymin43110_MPP-0.2500+485
0,0,0,0,0,0,50176,0,0,0,0,0,0,0,0,0,0,0,0,0,0,0,0,0,0,0,0,0,0,0,0,50176,0,0,0,0,0,0,0,0,0,0,0,0,0,0,0,0,0,0,0,0,0,0,0,0,50176,0,0,0,0,0,0,0,0,0,0,0,0,0,0,0,0,0,0,2433,0,47743,0,1857,TCGA-GM-A2DB-DX1_xmin50586_ymin43110_MPP-0.2500+486
0,0,0,0,0,0,50176,0,0,0,0,0,0,0,0,0,0,0,0,0,0,0,0,0,0,0,0,0,0,0,0,50176,0,0,0,0,0,0,0,0,0,0,0,0,0,0,0,0,0,0,0,0,0,0,0,0,50176,0,0,0,0,0,0,0,0,0,0,0,0,0,0,0,0,0,0,56,0,50120,0,7862,TCGA-GM-A2DB-DX1_xmin50586_ymin43110_MPP-0.2500+487
0,0,0,0,0,0,50176,0,0,0,0,0,0,0,0,0,0,0,0,0,0,0,0,0,0,0,0,0,0,0,0,50176,0,0,0,0,0,0,0,0,0,0,0,0,0,0,0,0,0,0,0,0,0,0,0,0,50176,0,0,0,0,0,0,0,0,0,0,0,0,0,0,0,0,0,0,294,0,49882,0,3198,TCGA-GM-A2DB-DX1_xmin50586_ymin43110_MPP-0.2500+488
0,0,0,0,0,0,34453,7760,0,0,0,3050,1492,0,0,0,0,0,0,0,0,0,0,0,3421,0,0,0,0,0,0,35303,6910,0,0,0,3135,1407,0,0,0,0,0,0,0,0,0,0,0,3421,0,0,0,0,0,0,34828,7385,0,0,0,3101,1441,0,0,0,0,0,0,0,0,0,0,0,3421,7819,1938,26272,10726,12682,TCGA-GM-A2DB-DX1_xmin50586_ymin43110_MPP-0.2500+489
0,0,0,0,0,0,48924,0,0,0,0,1252,0,0,0,0,0,0,0,0,0,0,0,0,0,0,0,0,0,0,0,48924,0,0,0,4,1248,0,0,0,0,0,0,0,0,0,0,0,0,0,0,0,0,0,0,0,48924,0,0,0,0,1252,0,0,0,0,0,0,0,0,0,0,0,0,0,9698,722,32908,6848,14715,TCGA-GM-A2DB-DX1_xmin50586_ymin43110_MPP-0.2500+49
0,0,0,0,0,0,21508,6,0,0,0,5390,3407,0,0,0,0,0,0,0,0,0,0,0,19865,0,0,0,0,0,0,21506,8,0,0,0,5504,3293,0,0,0,0,0,0,0,0,0,0,0,19865,0,0,0,0,0,0,21489,25,0,0,0,4932,3865,0,0,0,0,0,0,0,0,0,0,0,19865,3575,302,20989,5445,6148,TCGA-GM-A2DB-DX1_xmin50586_ymin43110_MPP-0.2500+490
0,0,0,0,0,0,16649,1415,0,0,0,8551,22930,0,0,0,0,0,0,0,0,0,0,0,631,0,0,0,0,0,0,17168,896,0,0,0,9517,21964,0,0,0,0,0,0,0,0,0,0,0,631,0,0,0,0,0,0,17280,784,0,0,0,9769,21712,0,0,0,0,0,0,0,0,0,0,0,631,12146,2655,28482,6262,10091,TCGA-GM-A2DB-DX1_xmin50586_ymin43110_MPP-0.2500+491
0,0,0,0,0,0,14704,53,0,0,0,12064,20422,0,0,0,0,0,0,0,0,0,0,0,2933,0,0,0,0,0,0,14698,59,0,0,0,12418,20068,0,0,0,0,0,0,0,0,0,0,0,2933,0,0,0,0,0,0,14681,76,0,0,0,12210,20276,0,0,0,0,0,0,0,0,0,0,0,2933,7980,387,31294,7582,8099,TCGA-GM-A2DB-DX1_xmin50586_ymin43110_MPP-0.2500+492
0,0,0,0,0,0,24772,69,0,0,0,417,20,0,0,0,0,0,0,0,0,0,0,0,24898,0,0,0,0,0,0,24757,84,0,0,0,390,47,0,0,0,0,0,0,0,0,0,0,0,24898,0,0,0,0,0,0,24759,82,0,0,0,396,41,0,0,0,0,0,0,0,0,0,0,0,24898,1143,253,22601,1281,1252,TCGA-GM-A2DB-DX1_xmin50586_ymin43110_MPP-0.2500+493
0,0,0,0,0,0,16133,4706,0,0,0,79,0,0,0,0,0,0,0,0,0,0,0,0,29258,0,0,0,0,0,0,16451,4388,0,0,0,79,0,0,0,0,0,0,0,0,0,0,0,0,29258,0,0,0,0,0,0,16461,4378,0,0,0,79,0,0,0,0,0,0,0,0,0,0,0,0,29258,1011,1482,16417,2008,3635,TCGA-GM-A2DB-DX1_xmin50586_ymin43110_MPP-0.2500+494
0,0,0,0,0,0,18198,0,0,0,0,0,0,0,0,0,0,0,0,0,0,0,0,0,31978,0,0,0,0,0,0,18198,0,0,0,0,0,0,0,0,0,0,0,0,0,0,0,0,0,31978,0,0,0,0,0,0,18198,0,0,0,0,0,0,0,0,0,0,0,0,0,0,0,0,0,31978,907,24,16554,713,2107,TCGA-GM-A2DB-DX1_xmin50586_ymin43110_MPP-0.2500+495
0,0,0,0,0,0,5910,6642,0,0,0,0,5768,0,0,0,0,0,0,0,0,0,0,0,31856,0,0,0,0,0,0,6804,5748,0,0,0,0,5768,0,0,0,0,0,0,0,0,0,0,0,31856,0,0,0,0,0,0,7072,5480,0,0,0,0,5768,0,0,0,0,0,0,0,0,0,0,0,31856,1749,4208,9732,2631,3806,TCGA-GM-A2DB-DX1_xmin50586_ymin43110_MPP-0.2500+496
0,0,0,0,0,0,12668,4910,0,0,0,6144,3701,0,0,0,0,0,0,0,0,0,0,0,22753,0,0,0,0,0,0,12731,4847,0,0,0,6219,3626,0,0,0,0,0,0,0,0,0,0,0,22753,0,0,0,0,0,0,12706,4872,0,0,0,5891,3954,0,0,0,0,0,0,0,0,0,0,0,22753,2516,2336,15800,6771,7130,TCGA-GM-A2DB-DX1_xmin50586_ymin43110_MPP-0.2500+497
0,0,0,0,0,0,20056,3236,0,0,0,2194,2557,0,0,0,0,0,0,0,0,0,0,0,22133,0,0,0,0,0,0,20139,3153,0,0,0,2207,2544,0,0,0,0,0,0,0,0,0,0,0,22133,0,0,0,0,0,0,20081,3211,0,0,0,2125,2626,0,0,0,0,0,0,0,0,0,0,0,22133,1682,1491,20442,4428,3564,TCGA-GM-A2DB-DX1_xmin50586_ymin43110_MPP-0.2500+498
0,0,0,0,0,0,40351,0,0,0,0,0,0,0,0,0,0,0,0,0,0,0,0,0,9825,0,0,0,0,0,0,40351,0,0,0,0,0,0,0,0,0,0,0,0,0,0,0,0,0,9825,0,0,0,0,0,0,40351,0,0,0,0,0,0,0,0,0,0,0,0,0,0,0,0,0,9825,1065,117,39106,63,6422,TCGA-GM-A2DB-DX1_xmin50586_ymin43110_MPP-0.2500+499
0,0,0,0,0,0,0,0,0,0,0,0,0,0,0,0,18214,0,31962,0,0,0,0,0,0,0,0,0,0,0,0,0,0,0,0,0,0,0,0,0,0,19755,0,30421,0,0,0,0,0,0,0,0,0,0,0,0,0,0,0,0,0,0,0,0,0,0,19887,0,30289,0,0,0,0,0,0,24749,0,2326,23101,30312,TCGA-GM-A2DB-DX1_xmin50586_ymin43110_MPP-0.2500+5
0,0,0,0,0,2432,47744,0,0,0,0,0,0,0,0,0,0,0,0,0,0,0,0,0,0,0,0,0,0,0,2080,48096,0,0,0,0,0,0,0,0,0,0,0,0,0,0,0,0,0,0,0,0,0,0,0,2336,47840,0,0,0,0,0,0,0,0,0,0,0,0,0,0,0,0,0,0,6805,1538,34168,7665,14899,TCGA-GM-A2DB-DX1_xmin50586_ymin43110_MPP-0.2500+50
0,0,0,0,0,0,41198,0,0,0,0,0,0,0,0,0,0,0,0,0,0,0,0,0,8978,0,0,0,0,0,0,41198,0,0,0,0,0,0,0,0,0,0,0,0,0,0,0,0,0,8978,0,0,0,0,0,0,41198,0,0,0,0,0,0,0,0,0,0,0,0,0,0,0,0,0,8978,1393,1485,37837,483,5635,TCGA-GM-A2DB-DX1_xmin50586_ymin43110_MPP-0.2500+500
0,0,0,0,0,0,50176,0,0,0,0,0,0,0,0,0,0,0,0,0,0,0,0,0,0,0,0,0,0,0,0,50176,0,0,0,0,0,0,0,0,0,0,0,0,0,0,0,0,0,0,0,0,0,0,0,0,50176,0,0,0,0,0,0,0,0,0,0,0,0,0,0,0,0,0,0,6079,0,44036,61,6329,TCGA-GM-A2DB-DX1_xmin50586_ymin43110_MPP-0.2500+501
0,0,0,0,0,0,49728,0,0,0,0,0,0,0,0,0,0,0,0,0,0,0,0,0,448,0,0,0,0,0,0,49728,0,0,0,0,0,0,0,0,0,0,0,0,0,0,0,0,0,448,0,0,0,0,0,0,49728,0,0,0,0,0,0,0,0,0,0,0,0,0,0,0,0,0,448,4756,0,44960,12,5020,TCGA-GM-A2DB-DX1_xmin50586_ymin43110_MPP-0.2500+502
0,0,0,0,0,0,49597,0,0,0,0,0,0,0,0,0,0,0,0,0,0,0,0,0,579,0,0,0,0,0,0,49597,0,0,0,0,0,0,0,0,0,0,0,0,0,0,0,0,0,579,0,0,0,0,0,0,49597,0,0,0,0,0,0,0,0,0,0,0,0,0,0,0,0,0,579,1934,0,47395,268,3222,TCGA-GM-A2DB-DX1_xmin50586_ymin43110_MPP-0.2500+503
0,0,0,0,0,0,50176,0,0,0,0,0,0,0,0,0,0,0,0,0,0,0,0,0,0,0,0,0,0,0,0,50176,0,0,0,0,0,0,0,0,0,0,0,0,0,0,0,0,0,0,0,0,0,0,0,0,50176,0,0,0,0,0,0,0,0,0,0,0,0,0,0,0,0,0,0,2135,0,47986,55,4425,TCGA-GM-A2DB-DX1_xmin50586_ymin43110_MPP-0.2500+504
0,0,0,0,0,0,50176,0,0,0,0,0,0,0,0,0,0,0,0,0,0,0,0,0,0,0,0,0,0,0,0,50176,0,0,0,0,0,0,0,0,0,0,0,0,0,0,0,0,0,0,0,0,0,0,0,0,50176,0,0,0,0,0,0,0,0,0,0,0,0,0,0,0,0,0,0,3636,0,46348,192,4679,TCGA-GM-A2DB-DX1_xmin50586_ymin43110_MPP-0.2500+505
0,0,0,0,0,0,50176,0,0,0,0,0,0,0,0,0,0,0,0,0,0,0,0,0,0,0,0,0,0,0,0,50176,0,0,0,0,0,0,0,0,0,0,0,0,0,0,0,0,0,0,0,0,0,0,0,0,50176,0,0,0,0,0,0,0,0,0,0,0,0,0,0,0,0,0,0,1112,16,48921,127,12319,TCGA-GM-A2DB-DX1_xmin50586_ymin43110_MPP-0.2500+506
0,0,0,0,0,0,23507,2147,0,0,0,763,7791,0,0,0,0,0,0,0,0,0,0,0,15968,0,0,0,0,0,0,25654,0,0,0,0,8554,0,0,0,0,0,0,0,0,0,0,0,0,15968,0,0,0,0,0,0,25654,0,0,0,0,8554,0,0,0,0,0,0,0,0,0,0,0,0,15968,6101,1011,24313,2783,5851,TCGA-GM-A2DB-DX1_xmin50586_ymin43110_MPP-0.2500+507
0,0,0,0,0,0,10528,22,0,0,0,7063,4790,0,0,0,0,0,0,0,0,0,0,0,27773,0,0,0,0,0,0,10550,0,0,0,144,6891,4818,0,0,0,0,0,0,0,0,0,0,0,27773,0,0,0,0,0,0,10550,0,0,0,144,6929,4780,0,0,0,0,0,0,0,0,0,0,0,27773,3129,79,12096,7099,6598,TCGA-GM-A2DB-DX1_xmin50586_ymin43110_MPP-0.2500+508
0,0,0,0,0,0,13671,1653,0,0,0,7187,6697,0,0,0,0,0,0,0,0,0,0,0,20968,0,0,0,0,0,0,13919,1405,0,0,0,7393,6491,0,0,0,0,0,0,0,0,0,0,0,20968,0,0,0,0,0,0,13886,1438,0,0,0,7409,6475,0,0,0,0,0,0,0,0,0,0,0,20968,3024,1854,18132,6198,5400,TCGA-GM-A2DB-DX1_xmin50586_ymin43110_MPP-0.2500+509
0,0,0,0,0,0,50176,0,0,0,0,0,0,0,0,0,0,0,0,0,0,0,0,0,0,0,0,0,0,0,0,50176,0,0,0,0,0,0,0,0,0,0,0,0,0,0,0,0,0,0,0,0,0,0,0,0,50176,0,0,0,0,0,0,0,0,0,0,0,0,0,0,0,0,0,0,10692,1061,24551,13872,11632,TCGA-GM-A2DB-DX1_xmin50586_ymin43110_MPP-0.2500+51
0,0,0,0,0,0,11056,12830,0,0,0,3100,17952,0,0,0,0,0,0,0,0,0,0,0,5238,0,0,0,0,0,0,11516,12370,0,0,0,3554,17498,0,0,0,0,0,0,0,0,0,0,0,5238,0,0,0,0,0,0,11632,12254,0,0,0,3626,17426,0,0,0,0,0,0,0,0,0,0,0,5238,6012,1758,19828,17340,11812,TCGA-GM-A2DB-DX1_xmin50586_ymin43110_MPP-0.2500+510
0,0,0,0,0,0,13793,339,0,0,0,8370,5139,0,0,0,0,0,0,0,0,0,0,0,22535,0,0,0,0,0,0,13828,304,0,0,0,8745,4764,0,0,0,0,0,0,0,0,0,0,0,22535,0,0,0,0,0,0,13806,326,0,0,0,8407,5102,0,0,0,0,0,0,0,0,0,0,0,22535,1366,828,16263,9184,4689,TCGA-GM-A2DB-DX1_xmin50586_ymin43110_MPP-0.2500+511
0,0,0,0,0,0,12904,7147,0,0,0,9948,13731,0,0,0,0,0,0,0,0,0,0,0,6446,0,0,0,0,0,0,13427,6624,0,0,0,10045,13634,0,0,0,0,0,0,0,0,0,0,0,6446,0,0,0,0,0,0,14321,5730,0,0,0,10523,13156,0,0,0,0,0,0,0,0,0,0,0,6446,5284,6895,20520,11031,9357,TCGA-GM-A2DB-DX1_xmin50586_ymin43110_MPP-0.2500+512
0,0,0,0,0,0,18940,2273,0,0,0,3226,2837,0,0,0,0,0,0,0,0,0,0,0,22900,0,0,0,0,0,0,19315,1898,0,0,0,3331,2732,0,0,0,0,0,0,0,0,0,0,0,22900,0,0,0,0,0,0,19438,1775,0,0,0,3421,2642,0,0,0,0,0,0,0,0,0,0,0,22900,2060,780,19848,4588,4951,TCGA-GM-A2DB-DX1_xmin50586_ymin43110_MPP-0.2500+513
0,0,0,0,0,0,11529,2833,0,0,0,0,0,0,0,0,0,0,0,0,0,0,0,0,35814,0,0,0,0,0,0,12054,2308,0,0,0,0,0,0,0,0,0,0,0,0,0,0,0,0,35814,0,0,0,0,0,0,12072,2290,0,0,0,0,0,0,0,0,0,0,0,0,0,0,0,0,35814,946,495,12315,606,1411,TCGA-GM-A2DB-DX1_xmin50586_ymin43110_MPP-0.2500+514
0,0,0,0,0,0,33185,0,0,0,0,0,0,0,0,0,0,0,0,0,0,0,0,0,16991,0,0,0,0,0,0,33185,0,0,0,0,0,0,0,0,0,0,0,0,0,0,0,0,0,16991,0,0,0,0,0,0,33185,0,0,0,0,0,0,0,0,0,0,0,0,0,0,0,0,0,16991,3106,5380,13747,10952,6374,TCGA-GM-A2DB-DX1_xmin50586_ymin43110_MPP-0.2500+515
0,0,0,0,0,0,18075,4953,0,0,0,775,8245,0,0,0,0,0,0,0,0,0,0,0,18128,0,0,0,0,0,0,18225,4803,0,0,0,952,8068,0,0,0,0,0,0,0,0,0,0,0,18128,0,0,0,0,0,0,18158,4870,0,0,0,1141,7879,0,0,0,0,0,0,0,0,0,0,0,18128,6140,781,21061,4066,6419,TCGA-GM-A2DB-DX1_xmin50586_ymin43110_MPP-0.2500+516
0,0,0,0,0,0,24587,995,0,0,0,0,0,0,0,0,0,0,0,0,0,0,0,0,24594,0,0,0,0,0,0,24689,893,0,0,0,0,0,0,0,0,0,0,0,0,0,0,0,0,24594,0,0,0,0,0,0,24892,690,0,0,0,0,0,0,0,0,0,0,0,0,0,0,0,0,24594,724,306,24530,22,2675,TCGA-GM-A2DB-DX1_xmin50586_ymin43110_MPP-0.2500+517
0,0,0,0,0,0,43026,0,0,0,0,0,0,0,0,0,0,0,0,0,0,0,0,0,7150,0,0,0,0,0,0,43026,0,0,0,0,0,0,0,0,0,0,0,0,0,0,0,0,0,7150,0,0,0,0,0,0,43026,0,0,0,0,0,0,0,0,0,0,0,0,0,0,0,0,0,7150,2366,1175,38605,880,3396,TCGA-GM-A2DB-DX1_xmin50586_ymin43110_MPP-0.2500+518
0,0,0,0,0,0,49452,0,0,0,0,0,0,0,0,0,0,0,0,0,0,0,0,0,724,0,0,0,0,0,0,49452,0,0,0,0,0,0,0,0,0,0,0,0,0,0,0,0,0,724,0,0,0,0,0,0,49452,0,0,0,0,0,0,0,0,0,0,0,0,0,0,0,0,0,724,4435,370,41747,2900,5568,TCGA-GM-A2DB-DX1_xmin50586_ymin43110_MPP-0.2500+519
12766,0,0,0,0,17789,19621,0,0,0,0,0,0,0,0,0,0,0,0,0,0,0,0,0,0,12766,0,0,0,0,17846,19564,0,0,0,0,0,0,0,0,0,0,0,0,0,0,0,0,0,0,12766,0,0,0,0,17442,19968,0,0,0,0,0,0,0,0,0,0,0,0,0,0,0,0,0,0,6559,4091,26757,12769,7648,TCGA-GM-A2DB-DX1_xmin50586_ymin43110_MPP-0.2500+52
0,0,0,0,0,0,45988,0,0,0,0,0,0,0,0,0,0,0,0,0,0,0,0,0,4188,0,0,0,0,0,0,45988,0,0,0,0,0,0,0,0,0,0,0,0,0,0,0,0,0,4188,0,0,0,0,0,0,45988,0,0,0,0,0,0,0,0,0,0,0,0,0,0,0,0,0,4188,1778,0,44075,135,3793,TCGA-GM-A2DB-DX1_xmin50586_ymin43110_MPP-0.2500+520
0,0,0,0,0,0,50176,0,0,0,0,0,0,0,0,0,0,0,0,0,0,0,0,0,0,0,0,0,0,0,0,50176,0,0,0,0,0,0,0,0,0,0,0,0,0,0,0,0,0,0,0,0,0,0,0,0,50176,0,0,0,0,0,0,0,0,0,0,0,0,0,0,0,0,0,0,2068,0,48108,0,2899,TCGA-GM-A2DB-DX1_xmin50586_ymin43110_MPP-0.2500+521
0,0,0,0,0,0,15783,1228,0,0,0,2826,14895,0,0,0,0,0,0,0,0,0,0,0,15444,0,0,0,0,0,0,15826,1185,0,0,0,2766,14955,0,0,0,0,0,0,0,0,0,0,0,15444,0,0,0,0,0,0,15861,1150,0,0,0,2788,14933,0,0,0,0,0,0,0,0,0,0,0,15444,8748,1112,22147,2725,8584,TCGA-GM-A2DB-DX1_xmin50586_ymin43110_MPP-0.2500+522
0,0,0,0,0,0,9266,432,0,0,0,0,1200,0,0,0,0,0,0,0,0,0,0,0,39278,0,0,0,0,0,0,9319,379,0,0,0,0,1200,0,0,0,0,0,0,0,0,0,0,0,39278,0,0,0,0,0,0,9322,376,0,0,0,0,1200,0,0,0,0,0,0,0,0,0,0,0,39278,123,32,9371,1372,1027,TCGA-GM-A2DB-DX1_xmin50586_ymin43110_MPP-0.2500+523
0,0,0,0,0,0,15749,0,0,0,0,43,0,0,0,0,0,0,0,0,0,0,0,0,34384,0,0,0,0,0,0,15749,0,0,0,0,43,0,0,0,0,0,0,0,0,0,0,0,0,34384,0,0,0,0,0,0,15749,0,0,0,0,43,0,0,0,0,0,0,0,0,0,0,0,0,34384,176,26,14843,747,766,TCGA-GM-A2DB-DX1_xmin50586_ymin43110_MPP-0.2500+524
0,0,0,0,0,0,21819,5323,0,0,0,0,0,0,0,0,0,0,0,0,0,0,0,0,23034,0,0,0,0,0,0,22877,4265,0,0,0,0,0,0,0,0,0,0,0,0,0,0,0,0,23034,0,0,0,0,0,0,22752,4390,0,0,0,0,0,0,0,0,0,0,0,0,0,0,0,0,23034,2136,1128,19696,4182,4923,TCGA-GM-A2DB-DX1_xmin50586_ymin43110_MPP-0.2500+525
0,0,0,0,0,0,24567,5780,0,0,0,682,5747,0,0,0,0,0,0,0,0,0,0,0,13400,0,0,0,0,0,0,24681,5666,0,0,0,781,5648,0,0,0,0,0,0,0,0,0,0,0,13400,0,0,0,0,0,0,24609,5738,0,0,0,870,5559,0,0,0,0,0,0,0,0,0,0,0,13400,3027,1166,28354,4229,6199,TCGA-GM-A2DB-DX1_xmin50586_ymin43110_MPP-0.2500+526
0,0,0,0,0,0,14841,3871,0,0,0,5352,12908,0,0,0,0,0,0,0,0,0,0,0,13204,0,0,0,0,0,0,14934,3778,0,0,0,5407,12853,0,0,0,0,0,0,0,0,0,0,0,13204,0,0,0,0,0,0,14824,3888,0,0,0,5677,12583,0,0,0,0,0,0,0,0,0,0,0,13204,7683,1336,18305,9648,13343,TCGA-GM-A2DB-DX1_xmin50586_ymin43110_MPP-0.2500+527
0,0,0,0,0,0,17175,0,0,0,0,0,0,0,0,0,0,0,0,0,0,0,0,0,33001,0,0,0,0,0,0,17175,0,0,0,0,0,0,0,0,0,0,0,0,0,0,0,0,0,33001,0,0,0,0,0,0,17175,0,0,0,0,0,0,0,0,0,0,0,0,0,0,0,0,0,33001,2303,1211,13057,604,3048,TCGA-GM-A2DB-DX1_xmin50586_ymin43110_MPP-0.2500+528
0,0,0,0,0,0,12716,0,0,0,0,0,0,0,0,0,0,0,0,0,0,0,0,0,37460,0,0,0,0,0,0,12716,0,0,0,0,0,0,0,0,0,0,0,0,0,0,0,0,0,37460,0,0,0,0,0,0,12716,0,0,0,0,0,0,0,0,0,0,0,0,0,0,0,0,0,37460,38,0,12678,0,40,TCGA-GM-A2DB-DX1_xmin50586_ymin43110_MPP-0.2500+529
47649,0,0,0,0,2527,0,0,0,0,0,0,0,0,0,0,0,0,0,0,0,0,0,0,0,47649,0,0,0,0,2527,0,0,0,0,0,0,0,0,0,0,0,0,0,0,0,0,0,0,0,47649,0,0,0,0,2527,0,0,0,0,0,0,0,0,0,0,0,0,0,0,0,0,0,0,0,394,208,47255,2319,3109,TCGA-GM-A2DB-DX1_xmin50586_ymin43110_MPP-0.2500+53
0,0,0,0,0,0,16101,0,0,0,0,0,0,0,0,0,0,0,0,0,0,0,0,0,34075,0,0,0,0,0,0,16101,0,0,0,0,0,0,0,0,0,0,0,0,0,0,0,0,0,34075,0,0,0,0,0,0,16101,0,0,0,0,0,0,0,0,0,0,0,0,0,0,0,0,0,34075,1394,0,14674,33,3416,TCGA-GM-A2DB-DX1_xmin50586_ymin43110_MPP-0.2500+530
0,0,0,0,0,0,29232,0,0,0,0,1886,0,0,0,0,0,0,0,0,0,0,0,0,19058,0,0,0,0,0,0,29232,0,0,0,0,1886,0,0,0,0,0,0,0,0,0,0,0,0,19058,0,0,0,0,0,0,29232,0,0,0,0,1886,0,0,0,0,0,0,0,0,0,0,0,0,19058,4806,201,24926,1185,4776,TCGA-GM-A2DB-DX1_xmin50586_ymin43110_MPP-0.2500+531
0,0,0,0,0,0,18523,0,0,0,0,0,0,0,0,0,0,0,0,0,0,0,0,0,31653,0,0,0,0,0,0,18523,0,0,0,0,0,0,0,0,0,0,0,0,0,0,0,0,0,31653,0,0,0,0,0,0,18523,0,0,0,0,0,0,0,0,0,0,0,0,0,0,0,0,0,31653,2457,6,14519,1541,5055,TCGA-GM-A2DB-DX1_xmin50586_ymin43110_MPP-0.2500+532
0,0,0,0,0,0,25598,0,0,0,0,0,0,0,0,0,0,0,0,0,0,0,0,0,24578,0,0,0,0,0,0,25598,0,0,0,0,0,0,0,0,0,0,0,0,0,0,0,0,0,24578,0,0,0,0,0,0,25598,0,0,0,0,0,0,0,0,0,0,0,0,0,0,0,0,0,24578,3192,0,22406,0,5154,TCGA-GM-A2DB-DX1_xmin50586_ymin43110_MPP-0.2500+533
0,0,0,0,0,0,11906,4396,0,0,0,283,12104,0,0,0,0,0,0,0,0,0,0,0,21487,0,0,0,0,0,0,12081,4221,0,0,0,291,12096,0,0,0,0,0,0,0,0,0,0,0,21487,0,0,0,0,0,0,12079,4223,0,0,0,289,12098,0,0,0,0,0,0,0,0,0,0,0,21487,6973,1332,17074,3310,9498,TCGA-GM-A2DB-DX1_xmin50586_ymin43110_MPP-0.2500+534
0,0,0,0,0,0,20176,3163,0,0,0,0,0,0,0,0,0,0,0,0,0,0,0,0,26837,0,0,0,0,0,0,20790,2549,0,0,0,0,0,0,0,0,0,0,0,0,0,0,0,0,26837,0,0,0,0,0,0,20877,2462,0,0,0,0,0,0,0,0,0,0,0,0,0,0,0,0,26837,989,2154,19526,670,2594,TCGA-GM-A2DB-DX1_xmin50586_ymin43110_MPP-0.2500+535
0,0,0,0,0,0,20643,3099,0,0,0,0,0,0,0,0,0,0,0,0,0,0,0,0,26434,0,0,0,0,0,0,20719,3023,0,0,0,0,0,0,0,0,0,0,0,0,0,0,0,0,26434,0,0,0,0,0,0,20718,3024,0,0,0,0,0,0,0,0,0,0,0,0,0,0,0,0,26434,1419,480,19158,2685,2737,TCGA-GM-A2DB-DX1_xmin50586_ymin43110_MPP-0.2500+536
0,0,0,0,0,0,14579,973,0,0,0,0,0,0,0,0,0,0,0,0,0,0,0,0,34624,0,0,0,0,0,0,14599,953,0,0,0,0,0,0,0,0,0,0,0,0,0,0,0,0,34624,0,0,0,0,0,0,14630,922,0,0,0,0,0,0,0,0,0,0,0,0,0,0,0,0,34624,1559,0,13314,679,2184,TCGA-GM-A2DB-DX1_xmin50586_ymin43110_MPP-0.2500+537
0,0,0,0,0,0,15144,1432,0,0,0,0,0,0,0,0,0,0,0,0,0,0,0,0,33600,0,0,0,0,0,0,15326,1250,0,0,0,0,0,0,0,0,0,0,0,0,0,0,0,0,33600,0,0,0,0,0,0,15447,1129,0,0,0,0,0,0,0,0,0,0,0,0,0,0,0,0,33600,1597,242,14229,508,1493,TCGA-GM-A2DB-DX1_xmin50586_ymin43110_MPP-0.2500+538
0,0,0,0,0,0,8031,3497,0,0,0,0,0,0,0,0,0,0,0,0,0,0,0,0,38648,0,0,0,0,0,0,9086,2442,0,0,0,0,0,0,0,0,0,0,0,0,0,0,0,0,38648,0,0,0,0,0,0,9876,1652,0,0,0,0,0,0,0,0,0,0,0,0,0,0,0,0,38648,105,1825,9043,555,1111,TCGA-GM-A2DB-DX1_xmin50586_ymin43110_MPP-0.2500+539
50176,0,0,0,0,0,0,0,0,0,0,0,0,0,0,0,0,0,0,0,0,0,0,0,0,50176,0,0,0,0,0,0,0,0,0,0,0,0,0,0,0,0,0,0,0,0,0,0,0,0,50176,0,0,0,0,0,0,0,0,0,0,0,0,0,0,0,0,0,0,0,0,0,0,0,0,1254,0,48922,0,1972,TCGA-GM-A2DB-DX1_xmin50586_ymin43110_MPP-0.2500+54
0,0,0,0,0,0,17825,552,0,0,0,0,0,0,0,0,0,0,0,0,0,0,0,0,31799,0,0,0,0,0,0,17934,443,0,0,0,0,0,0,0,0,0,0,0,0,0,0,0,0,31799,0,0,0,0,0,0,17936,441,0,0,0,0,0,0,0,0,0,0,0,0,0,0,0,0,31799,2232,3,16017,125,3722,TCGA-GM-A2DB-DX1_xmin50586_ymin43110_MPP-0.2500+540
0,0,0,0,0,0,20521,0,0,0,0,0,0,0,0,0,0,0,0,0,0,0,0,0,29655,0,0,0,0,0,0,20521,0,0,0,0,0,0,0,0,0,0,0,0,0,0,0,0,0,29655,0,0,0,0,0,0,20521,0,0,0,0,0,0,0,0,0,0,0,0,0,0,0,0,0,29655,892,0,19613,16,497,TCGA-GM-A2DB-DX1_xmin50586_ymin43110_MPP-0.2500+541
0,0,0,0,0,0,10186,4263,0,0,0,7635,9099,0,0,0,0,0,0,0,0,0,0,0,18993,0,0,0,0,0,0,11328,3121,0,0,0,8014,8720,0,0,0,0,0,0,0,0,0,0,0,18993,0,0,0,0,0,0,11115,3334,0,0,0,7454,9280,0,0,0,0,0,0,0,0,0,0,0,18993,3737,1684,14223,11539,6835,TCGA-GM-A2DB-DX1_xmin50586_ymin43110_MPP-0.2500+542
0,0,0,0,0,0,17297,917,0,0,0,0,0,0,0,0,0,0,0,0,0,0,0,0,31962,0,0,0,0,0,0,17421,793,0,0,0,0,0,0,0,0,0,0,0,0,0,0,0,0,31962,0,0,0,0,0,0,17408,806,0,0,0,0,0,0,0,0,0,0,0,0,0,0,0,0,31962,1163,990,15585,476,2074,TCGA-GM-A2DB-DX1_xmin50586_ymin43110_MPP-0.2500+543
0,0,0,0,0,0,13216,3406,0,0,0,0,0,0,0,0,0,0,0,0,0,0,0,0,33554,0,0,0,0,0,0,13741,2881,0,0,0,0,0,0,0,0,0,0,0,0,0,0,0,0,33554,0,0,0,0,0,0,13777,2845,0,0,0,0,0,0,0,0,0,0,0,0,0,0,0,0,33554,2173,2830,10613,1006,2863,TCGA-GM-A2DB-DX1_xmin50586_ymin43110_MPP-0.2500+544
0,0,0,0,0,0,11394,0,0,0,0,0,0,0,0,0,0,0,0,0,0,0,0,0,38782,0,0,0,0,0,0,11394,0,0,0,0,0,0,0,0,0,0,0,0,0,0,0,0,0,38782,0,0,0,0,0,0,11394,0,0,0,0,0,0,0,0,0,0,0,0,0,0,0,0,0,38782,745,0,10649,0,1172,TCGA-GM-A2DB-DX1_xmin50586_ymin43110_MPP-0.2500+545
0,0,0,0,0,0,11787,1345,0,0,0,0,0,0,0,0,0,0,0,0,0,0,0,0,37044,0,0,0,0,0,0,11906,1226,0,0,0,0,0,0,0,0,0,0,0,0,0,0,0,0,37044,0,0,0,0,0,0,11819,1313,0,0,0,0,0,0,0,0,0,0,0,0,0,0,0,0,37044,1925,140,10450,617,2013,TCGA-GM-A2DB-DX1_xmin50586_ymin43110_MPP-0.2500+546
50176,0,0,0,0,0,0,0,0,0,0,0,0,0,0,0,0,0,0,0,0,0,0,0,0,50176,0,0,0,0,0,0,0,0,0,0,0,0,0,0,0,0,0,0,0,0,0,0,0,0,50176,0,0,0,0,0,0,0,0,0,0,0,0,0,0,0,0,0,0,0,0,0,0,0,0,2177,0,47999,0,3244,TCGA-GM-A2DB-DX1_xmin50586_ymin43110_MPP-0.2500+55
50176,0,0,0,0,0,0,0,0,0,0,0,0,0,0,0,0,0,0,0,0,0,0,0,0,50176,0,0,0,0,0,0,0,0,0,0,0,0,0,0,0,0,0,0,0,0,0,0,0,0,50176,0,0,0,0,0,0,0,0,0,0,0,0,0,0,0,0,0,0,0,0,0,0,0,0,2828,0,47236,112,3039,TCGA-GM-A2DB-DX1_xmin50586_ymin43110_MPP-0.2500+56
50176,0,0,0,0,0,0,0,0,0,0,0,0,0,0,0,0,0,0,0,0,0,0,0,0,50176,0,0,0,0,0,0,0,0,0,0,0,0,0,0,0,0,0,0,0,0,0,0,0,0,50176,0,0,0,0,0,0,0,0,0,0,0,0,0,0,0,0,0,0,0,0,0,0,0,0,525,0,49651,0,1035,TCGA-GM-A2DB-DX1_xmin50586_ymin43110_MPP-0.2500+57
35072,0,0,0,0,15104,0,0,0,0,0,0,0,0,0,0,0,0,0,0,0,0,0,0,0,35072,0,0,0,0,15104,0,0,0,0,0,0,0,0,0,0,0,0,0,0,0,0,0,0,0,35072,0,0,0,0,15104,0,0,0,0,0,0,0,0,0,0,0,0,0,0,0,0,0,0,0,2987,1127,34621,11441,9363,TCGA-GM-A2DB-DX1_xmin50586_ymin43110_MPP-0.2500+58
6770,1514,0,0,0,11457,30435,0,0,0,0,0,0,0,0,0,0,0,0,0,0,0,0,0,0,6754,1530,0,0,0,12046,29846,0,0,0,0,0,0,0,0,0,0,0,0,0,0,0,0,0,0,6731,1553,0,0,0,11495,30397,0,0,0,0,0,0,0,0,0,0,0,0,0,0,0,0,0,0,8996,1815,24941,14424,15443,TCGA-GM-A2DB-DX1_xmin50586_ymin43110_MPP-0.2500+59
0,0,0,0,0,0,0,0,0,0,0,0,0,0,0,144,0,0,50032,0,0,0,0,0,0,0,0,0,0,0,0,0,0,0,0,0,0,0,0,0,48,0,0,50128,0,0,0,0,0,0,0,0,0,0,0,0,0,0,0,0,0,0,0,0,0,48,0,0,50128,0,0,0,0,0,0,35678,0,3484,11014,42820,TCGA-GM-A2DB-DX1_xmin50586_ymin43110_MPP-0.2500+6
29144,3476,0,0,0,154,17402,0,0,0,0,0,0,0,0,0,0,0,0,0,0,0,0,0,0,29013,3607,0,0,0,216,17340,0,0,0,0,0,0,0,0,0,0,0,0,0,0,0,0,0,0,28757,3863,0,0,0,282,17274,0,0,0,0,0,0,0,0,0,0,0,0,0,0,0,0,0,0,4115,120,43055,2886,7396,TCGA-GM-A2DB-DX1_xmin50586_ymin43110_MPP-0.2500+60
50176,0,0,0,0,0,0,0,0,0,0,0,0,0,0,0,0,0,0,0,0,0,0,0,0,50176,0,0,0,0,0,0,0,0,0,0,0,0,0,0,0,0,0,0,0,0,0,0,0,0,50176,0,0,0,0,0,0,0,0,0,0,0,0,0,0,0,0,0,0,0,0,0,0,0,0,844,0,49332,0,1301,TCGA-GM-A2DB-DX1_xmin50586_ymin43110_MPP-0.2500+61
50176,0,0,0,0,0,0,0,0,0,0,0,0,0,0,0,0,0,0,0,0,0,0,0,0,50176,0,0,0,0,0,0,0,0,0,0,0,0,0,0,0,0,0,0,0,0,0,0,0,0,50176,0,0,0,0,0,0,0,0,0,0,0,0,0,0,0,0,0,0,0,0,0,0,0,0,645,0,49531,0,603,TCGA-GM-A2DB-DX1_xmin50586_ymin43110_MPP-0.2500+62
21957,0,0,0,0,28219,0,0,0,0,0,0,0,0,0,0,0,0,0,0,0,0,0,0,0,21957,0,0,0,0,28219,0,0,0,0,0,0,0,0,0,0,0,0,0,0,0,0,0,0,0,21957,0,0,0,0,28219,0,0,0,0,0,0,0,0,0,0,0,0,0,0,0,0,0,0,0,1645,2021,42946,3564,4727,TCGA-GM-A2DB-DX1_xmin50586_ymin43110_MPP-0.2500+63
32977,0,0,0,0,17199,0,0,0,0,0,0,0,0,0,0,0,0,0,0,0,0,0,0,0,32977,0,0,0,0,17199,0,0,0,0,0,0,0,0,0,0,0,0,0,0,0,0,0,0,0,32977,0,0,0,0,17199,0,0,0,0,0,0,0,0,0,0,0,0,0,0,0,0,0,0,0,1470,1823,42844,4039,3620,TCGA-GM-A2DB-DX1_xmin50586_ymin43110_MPP-0.2500+64
0,0,0,0,0,0,28848,0,0,0,0,21328,0,0,0,0,0,0,0,0,0,0,0,0,0,0,0,0,0,0,0,28848,0,0,0,0,21328,0,0,0,0,0,0,0,0,0,0,0,0,0,0,0,0,0,0,0,28848,0,0,0,0,21328,0,0,0,0,0,0,0,0,0,0,0,0,0,4317,1553,26807,17499,13270,TCGA-GM-A2DB-DX1_xmin50586_ymin43110_MPP-0.2500+65
0,0,0,0,0,1,38477,0,0,0,0,11698,0,0,0,0,0,0,0,0,0,0,0,0,0,0,0,0,0,0,1,38477,0,0,0,0,11698,0,0,0,0,0,0,0,0,0,0,0,0,0,0,0,0,0,0,1,38477,0,0,0,0,11698,0,0,0,0,0,0,0,0,0,0,0,0,0,6935,1035,26428,15778,14276,TCGA-GM-A2DB-DX1_xmin50586_ymin43110_MPP-0.2500+66
0,0,0,0,0,0,50176,0,0,0,0,0,0,0,0,0,0,0,0,0,0,0,0,0,0,0,0,0,0,0,0,50176,0,0,0,0,0,0,0,0,0,0,0,0,0,0,0,0,0,0,0,0,0,0,0,0,50176,0,0,0,0,0,0,0,0,0,0,0,0,0,0,0,0,0,0,7901,0,41252,1023,9772,TCGA-GM-A2DB-DX1_xmin50586_ymin43110_MPP-0.2500+67
0,0,0,0,0,0,50176,0,0,0,0,0,0,0,0,0,0,0,0,0,0,0,0,0,0,0,0,0,0,0,0,50176,0,0,0,0,0,0,0,0,0,0,0,0,0,0,0,0,0,0,0,0,0,0,0,0,50176,0,0,0,0,0,0,0,0,0,0,0,0,0,0,0,0,0,0,9308,0,40868,0,10235,TCGA-GM-A2DB-DX1_xmin50586_ymin43110_MPP-0.2500+68
0,0,0,0,0,0,50176,0,0,0,0,0,0,0,0,0,0,0,0,0,0,0,0,0,0,0,0,0,0,0,0,50176,0,0,0,0,0,0,0,0,0,0,0,0,0,0,0,0,0,0,0,0,0,0,0,0,50176,0,0,0,0,0,0,0,0,0,0,0,0,0,0,0,0,0,0,9123,0,40823,230,8939,TCGA-GM-A2DB-DX1_xmin50586_ymin43110_MPP-0.2500+69
0,0,0,0,0,0,0,0,0,0,0,0,0,0,0,0,0,0,50176,0,0,0,0,0,0,0,0,0,0,0,0,0,0,0,0,0,0,0,0,0,0,0,0,50176,0,0,0,0,0,0,0,0,0,0,0,0,0,0,0,0,0,0,0,0,0,0,0,0,50176,0,0,0,0,0,0,26845,28,4050,19253,33031,TCGA-GM-A2DB-DX1_xmin50586_ymin43110_MPP-0.2500+7
0,0,0,0,0,4363,41926,0,0,0,0,3887,0,0,0,0,0,0,0,0,0,0,0,0,0,0,0,0,0,0,4301,41988,0,0,0,0,3887,0,0,0,0,0,0,0,0,0,0,0,0,0,0,0,0,0,0,4705,41584,0,0,0,0,3887,0,0,0,0,0,0,0,0,0,0,0,0,0,3481,599,37973,8123,7940,TCGA-GM-A2DB-DX1_xmin50586_ymin43110_MPP-0.2500+70
0,0,0,0,0,0,45077,5099,0,0,0,0,0,0,0,0,0,0,0,0,0,0,0,0,0,0,0,0,0,0,0,45334,4842,0,0,0,0,0,0,0,0,0,0,0,0,0,0,0,0,0,0,0,0,0,0,0,44932,5244,0,0,0,0,0,0,0,0,0,0,0,0,0,0,0,0,0,10582,673,24343,14578,15843,TCGA-GM-A2DB-DX1_xmin50586_ymin43110_MPP-0.2500+71
37947,0,0,0,0,12229,0,0,0,0,0,0,0,0,0,0,0,0,0,0,0,0,0,0,0,37947,0,0,0,0,12229,0,0,0,0,0,0,0,0,0,0,0,0,0,0,0,0,0,0,0,37947,0,0,0,0,12229,0,0,0,0,0,0,0,0,0,0,0,0,0,0,0,0,0,0,0,306,2651,41351,5868,3310,TCGA-GM-A2DB-DX1_xmin50586_ymin43110_MPP-0.2500+72
50176,0,0,0,0,0,0,0,0,0,0,0,0,0,0,0,0,0,0,0,0,0,0,0,0,50176,0,0,0,0,0,0,0,0,0,0,0,0,0,0,0,0,0,0,0,0,0,0,0,0,50176,0,0,0,0,0,0,0,0,0,0,0,0,0,0,0,0,0,0,0,0,0,0,0,0,1101,0,48652,423,1829,TCGA-GM-A2DB-DX1_xmin50586_ymin43110_MPP-0.2500+73
50176,0,0,0,0,0,0,0,0,0,0,0,0,0,0,0,0,0,0,0,0,0,0,0,0,50176,0,0,0,0,0,0,0,0,0,0,0,0,0,0,0,0,0,0,0,0,0,0,0,0,50176,0,0,0,0,0,0,0,0,0,0,0,0,0,0,0,0,0,0,0,0,0,0,0,0,2047,0,47607,522,1760,TCGA-GM-A2DB-DX1_xmin50586_ymin43110_MPP-0.2500+74
50176,0,0,0,0,0,0,0,0,0,0,0,0,0,0,0,0,0,0,0,0,0,0,0,0,50176,0,0,0,0,0,0,0,0,0,0,0,0,0,0,0,0,0,0,0,0,0,0,0,0,50176,0,0,0,0,0,0,0,0,0,0,0,0,0,0,0,0,0,0,0,0,0,0,0,0,2842,0,47334,0,3044,TCGA-GM-A2DB-DX1_xmin50586_ymin43110_MPP-0.2500+75
50176,0,0,0,0,0,0,0,0,0,0,0,0,0,0,0,0,0,0,0,0,0,0,0,0,50176,0,0,0,0,0,0,0,0,0,0,0,0,0,0,0,0,0,0,0,0,0,0,0,0,50176,0,0,0,0,0,0,0,0,0,0,0,0,0,0,0,0,0,0,0,0,0,0,0,0,1089,0,49087,0,603,TCGA-GM-A2DB-DX1_xmin50586_ymin43110_MPP-0.2500+76
50176,0,0,0,0,0,0,0,0,0,0,0,0,0,0,0,0,0,0,0,0,0,0,0,0,50176,0,0,0,0,0,0,0,0,0,0,0,0,0,0,0,0,0,0,0,0,0,0,0,0,50176,0,0,0,0,0,0,0,0,0,0,0,0,0,0,0,0,0,0,0,0,0,0,0,0,2396,0,46585,1195,3507,TCGA-GM-A2DB-DX1_xmin50586_ymin43110_MPP-0.2500+77
50176,0,0,0,0,0,0,0,0,0,0,0,0,0,0,0,0,0,0,0,0,0,0,0,0,50176,0,0,0,0,0,0,0,0,0,0,0,0,0,0,0,0,0,0,0,0,0,0,0,0,50176,0,0,0,0,0,0,0,0,0,0,0,0,0,0,0,0,0,0,0,0,0,0,0,0,2540,0,47394,242,5320,TCGA-GM-A2DB-DX1_xmin50586_ymin43110_MPP-0.2500+78
49397,0,0,0,0,779,0,0,0,0,0,0,0,0,0,0,0,0,0,0,0,0,0,0,0,49397,0,0,0,0,779,0,0,0,0,0,0,0,0,0,0,0,0,0,0,0,0,0,0,0,49397,0,0,0,0,779,0,0,0,0,0,0,0,0,0,0,0,0,0,0,0,0,0,0,0,2017,33,46848,1278,2325,TCGA-GM-A2DB-DX1_xmin50586_ymin43110_MPP-0.2500+79
2432,0,0,6,0,4326,0,0,2105,0,0,0,0,0,0,1348,0,0,39959,0,0,0,0,0,0,2332,0,0,106,0,4283,0,0,2148,0,0,0,0,0,0,681,0,0,40626,0,0,0,0,0,0,2336,0,0,102,0,4324,0,0,2107,0,0,0,0,0,0,964,0,0,40343,0,0,0,0,0,0,23727,600,12973,12876,39663,TCGA-GM-A2DB-DX1_xmin50586_ymin43110_MPP-0.2500+8
24177,3524,0,0,0,6123,16352,0,0,0,0,0,0,0,0,0,0,0,0,0,0,0,0,0,0,23912,3789,0,0,0,6241,16234,0,0,0,0,0,0,0,0,0,0,0,0,0,0,0,0,0,0,23781,3920,0,0,0,5949,16526,0,0,0,0,0,0,0,0,0,0,0,0,0,0,0,0,0,0,2528,4238,28901,14509,12558,TCGA-GM-A2DB-DX1_xmin50586_ymin43110_MPP-0.2500+80
49899,0,0,0,0,277,0,0,0,0,0,0,0,0,0,0,0,0,0,0,0,0,0,0,0,49899,0,0,0,0,277,0,0,0,0,0,0,0,0,0,0,0,0,0,0,0,0,0,0,0,49899,0,0,0,0,277,0,0,0,0,0,0,0,0,0,0,0,0,0,0,0,0,0,0,0,2972,415,42292,4497,3597,TCGA-GM-A2DB-DX1_xmin50586_ymin43110_MPP-0.2500+81
50176,0,0,0,0,0,0,0,0,0,0,0,0,0,0,0,0,0,0,0,0,0,0,0,0,50176,0,0,0,0,0,0,0,0,0,0,0,0,0,0,0,0,0,0,0,0,0,0,0,0,50176,0,0,0,0,0,0,0,0,0,0,0,0,0,0,0,0,0,0,0,0,0,0,0,0,320,0,49856,0,915,TCGA-GM-A2DB-DX1_xmin50586_ymin43110_MPP-0.2500+82
49878,0,0,0,0,298,0,0,0,0,0,0,0,0,0,0,0,0,0,0,0,0,0,0,0,49878,0,0,0,0,298,0,0,0,0,0,0,0,0,0,0,0,0,0,0,0,0,0,0,0,49878,0,0,0,0,298,0,0,0,0,0,0,0,0,0,0,0,0,0,0,0,0,0,0,0,390,0,49488,298,908,TCGA-GM-A2DB-DX1_xmin50586_ymin43110_MPP-0.2500+83
45119,0,0,0,0,5057,0,0,0,0,0,0,0,0,0,0,0,0,0,0,0,0,0,0,0,45119,0,0,0,0,5057,0,0,0,0,0,0,0,0,0,0,0,0,0,0,0,0,0,0,0,45119,0,0,0,0,5057,0,0,0,0,0,0,0,0,0,0,0,0,0,0,0,0,0,0,0,585,755,47366,1470,1449,TCGA-GM-A2DB-DX1_xmin50586_ymin43110_MPP-0.2500+84
35721,3466,0,0,0,1660,9262,0,0,0,66,1,0,0,0,0,0,0,0,0,0,0,0,0,0,35574,3613,0,0,0,2017,8905,0,0,0,67,0,0,0,0,0,0,0,0,0,0,0,0,0,0,35146,4041,0,0,0,2433,8489,0,0,0,67,0,0,0,0,0,0,0,0,0,0,0,0,0,0,3346,373,40507,5950,6651,TCGA-GM-A2DB-DX1_xmin50586_ymin43110_MPP-0.2500+85
40716,0,0,0,0,9460,0,0,0,0,0,0,0,0,0,0,0,0,0,0,0,0,0,0,0,40716,0,0,0,0,9460,0,0,0,0,0,0,0,0,0,0,0,0,0,0,0,0,0,0,0,40716,0,0,0,0,9460,0,0,0,0,0,0,0,0,0,0,0,0,0,0,0,0,0,0,0,5499,504,38852,5321,5259,TCGA-GM-A2DB-DX1_xmin50586_ymin43110_MPP-0.2500+86
25875,7613,0,0,0,2845,13843,0,0,0,0,0,0,0,0,0,0,0,0,0,0,0,0,0,0,25694,7794,0,0,0,2805,13883,0,0,0,0,0,0,0,0,0,0,0,0,0,0,0,0,0,0,25447,8041,0,0,0,2799,13889,0,0,0,0,0,0,0,0,0,0,0,0,0,0,0,0,0,0,5531,1419,35852,7374,7356,TCGA-GM-A2DB-DX1_xmin50586_ymin43110_MPP-0.2500+87
8312,7003,0,0,0,2734,32127,0,0,0,0,0,0,0,0,0,0,0,0,0,0,0,0,0,0,8004,7311,0,0,0,2710,32151,0,0,0,0,0,0,0,0,0,0,0,0,0,0,0,0,0,0,8051,7264,0,0,0,3051,31810,0,0,0,0,0,0,0,0,0,0,0,0,0,0,0,0,0,0,10124,1911,30164,7977,10878,TCGA-GM-A2DB-DX1_xmin50586_ymin43110_MPP-0.2500+88
0,37,0,0,0,0,50139,0,0,0,0,0,0,0,0,0,0,0,0,0,0,0,0,0,0,0,37,0,0,0,0,50139,0,0,0,0,0,0,0,0,0,0,0,0,0,0,0,0,0,0,0,37,0,0,0,0,50139,0,0,0,0,0,0,0,0,0,0,0,0,0,0,0,0,0,0,10541,263,35248,4124,14126,TCGA-GM-A2DB-DX1_xmin50586_ymin43110_MPP-0.2500+89
0,0,0,0,0,0,50176,0,0,0,0,0,0,0,0,0,0,0,0,0,0,0,0,0,0,0,0,0,0,0,0,50176,0,0,0,0,0,0,0,0,0,0,0,0,0,0,0,0,0,0,0,0,0,0,0,0,50176,0,0,0,0,0,0,0,0,0,0,0,0,0,0,0,0,0,0,7624,8,41556,988,7192,TCGA-GM-A2DB-DX1_xmin50586_ymin43110_MPP-0.2500+9
0,0,0,0,0,0,43253,0,0,0,0,6923,0,0,0,0,0,0,0,0,0,0,0,0,0,0,0,0,0,0,0,43253,0,0,0,0,6923,0,0,0,0,0,0,0,0,0,0,0,0,0,0,0,0,0,0,0,43253,0,0,0,0,6923,0,0,0,0,0,0,0,0,0,0,0,0,0,6380,538,35894,7364,8272,TCGA-GM-A2DB-DX1_xmin50586_ymin43110_MPP-0.2500+90
0,544,0,0,0,0,49632,0,0,0,0,0,0,0,0,0,0,0,0,0,0,0,0,0,0,0,544,0,0,0,0,49632,0,0,0,0,0,0,0,0,0,0,0,0,0,0,0,0,0,0,0,544,0,0,0,0,49632,0,0,0,0,0,0,0,0,0,0,0,0,0,0,0,0,0,0,8214,1001,25451,15510,11884,TCGA-GM-A2DB-DX1_xmin50586_ymin43110_MPP-0.2500+91
47287,0,0,0,0,2889,0,0,0,0,0,0,0,0,0,0,0,0,0,0,0,0,0,0,0,47287,0,0,0,0,2889,0,0,0,0,0,0,0,0,0,0,0,0,0,0,0,0,0,0,0,47287,0,0,0,0,2889,0,0,0,0,0,0,0,0,0,0,0,0,0,0,0,0,0,0,0,3686,662,43215,2613,5184,TCGA-GM-A2DB-DX1_xmin50586_ymin43110_MPP-0.2500+92
50176,0,0,0,0,0,0,0,0,0,0,0,0,0,0,0,0,0,0,0,0,0,0,0,0,50176,0,0,0,0,0,0,0,0,0,0,0,0,0,0,0,0,0,0,0,0,0,0,0,0,50176,0,0,0,0,0,0,0,0,0,0,0,0,0,0,0,0,0,0,0,0,0,0,0,0,1700,0,48476,0,1529,TCGA-GM-A2DB-DX1_xmin50586_ymin43110_MPP-0.2500+93
50176,0,0,0,0,0,0,0,0,0,0,0,0,0,0,0,0,0,0,0,0,0,0,0,0,50176,0,0,0,0,0,0,0,0,0,0,0,0,0,0,0,0,0,0,0,0,0,0,0,0,50176,0,0,0,0,0,0,0,0,0,0,0,0,0,0,0,0,0,0,0,0,0,0,0,0,1169,0,49007,0,1351,TCGA-GM-A2DB-DX1_xmin50586_ymin43110_MPP-0.2500+94
49535,0,0,0,0,641,0,0,0,0,0,0,0,0,0,0,0,0,0,0,0,0,0,0,0,49535,0,0,0,0,641,0,0,0,0,0,0,0,0,0,0,0,0,0,0,0,0,0,0,0,49535,0,0,0,0,641,0,0,0,0,0,0,0,0,0,0,0,0,0,0,0,0,0,0,0,672,339,34097,15068,9262,TCGA-GM-A2DB-DX1_xmin50586_ymin43110_MPP-0.2500+95
11345,16822,0,12689,0,291,383,0,92,0,0,0,0,0,0,0,3708,0,4846,0,0,0,0,0,0,11443,16274,0,13139,0,294,383,0,89,0,0,0,0,0,0,0,4128,0,4426,0,0,0,0,0,0,11353,16418,0,13085,0,284,385,0,97,0,0,0,0,0,0,0,4228,0,4326,0,0,0,0,0,0,4066,1424,13143,31543,11582,TCGA-GM-A2DB-DX1_xmin50586_ymin43110_MPP-0.2500+96
11899,0,0,12673,0,178,0,0,587,0,0,0,0,0,0,921,0,0,23918,0,0,0,0,0,0,11867,0,0,12705,0,313,0,0,452,0,0,0,0,0,0,957,0,0,23882,0,0,0,0,0,0,11819,0,0,12753,0,340,0,0,425,0,0,0,0,0,0,1049,0,0,23790,0,0,0,0,0,0,19026,2194,15792,13164,25611,TCGA-GM-A2DB-DX1_xmin50586_ymin43110_MPP-0.2500+97
25246,0,0,13633,0,638,0,0,956,0,0,0,0,0,0,0,0,0,9703,0,0,0,0,0,0,24327,0,0,14552,0,586,0,0,1008,0,0,0,0,0,0,0,0,0,9703,0,0,0,0,0,0,24353,0,0,14526,0,606,0,0,988,0,0,0,0,0,0,0,0,0,9703,0,0,0,0,0,0,8041,3669,25486,12980,19554,TCGA-GM-A2DB-DX1_xmin50586_ymin43110_MPP-0.2500+98
49954,0,0,0,0,222,0,0,0,0,0,0,0,0,0,0,0,0,0,0,0,0,0,0,0,49954,0,0,0,0,222,0,0,0,0,0,0,0,0,0,0,0,0,0,0,0,0,0,0,0,49954,0,0,0,0,222,0,0,0,0,0,0,0,0,0,0,0,0,0,0,0,0,0,0,0,1715,155,44432,3874,5406,TCGA-GM-A2DB-DX1_xmin50586_ymin43110_MPP-0.2500+99
0,7972,0,0,0,0,42065,0,0,0,0,91,0,0,0,0,0,0,0,0,0,0,0,0,48,0,7972,0,0,0,0,42065,0,0,0,0,91,0,0,0,0,0,0,0,0,0,0,0,0,48,0,7972,0,0,0,0,42065,0,0,0,0,91,0,0,0,0,0,0,0,0,0,0,0,0,48,9984,1582,33647,4915,11578,TCGA-GM-A2DD-DX1_xmin47260_ymin22408_MPP-0.2500+0
0,2225,0,0,0,0,12899,3218,0,0,0,1439,2479,0,0,0,0,0,0,0,0,0,0,0,27916,0,2225,0,0,0,0,12965,3152,0,0,0,1460,2458,0,0,0,0,0,0,0,0,0,0,0,27916,0,2225,0,0,0,0,12855,3262,0,0,0,1448,2470,0,0,0,0,0,0,0,0,0,0,0,27916,2671,1768,10696,7125,5421,TCGA-GM-A2DD-DX1_xmin47260_ymin22408_MPP-0.2500+1
0,0,0,0,0,0,42419,0,0,0,0,0,0,0,0,0,0,0,0,0,0,0,0,0,7757,0,0,0,0,0,0,42419,0,0,0,0,0,0,0,0,0,0,0,0,0,0,0,0,0,7757,0,0,0,0,0,0,42419,0,0,0,0,0,0,0,0,0,0,0,0,0,0,0,0,0,7757,1879,0,40540,0,4133,TCGA-GM-A2DD-DX1_xmin47260_ymin22408_MPP-0.2500+10
0,0,0,0,0,0,50176,0,0,0,0,0,0,0,0,0,0,0,0,0,0,0,0,0,0,0,0,0,0,0,0,50176,0,0,0,0,0,0,0,0,0,0,0,0,0,0,0,0,0,0,0,0,0,0,0,0,50176,0,0,0,0,0,0,0,0,0,0,0,0,0,0,0,0,0,0,1314,0,48862,0,1600,TCGA-GM-A2DD-DX1_xmin47260_ymin22408_MPP-0.2500+100
0,0,0,0,0,0,50176,0,0,0,0,0,0,0,0,0,0,0,0,0,0,0,0,0,0,0,0,0,0,0,0,50176,0,0,0,0,0,0,0,0,0,0,0,0,0,0,0,0,0,0,0,0,0,0,0,0,50176,0,0,0,0,0,0,0,0,0,0,0,0,0,0,0,0,0,0,962,0,49214,0,1069,TCGA-GM-A2DD-DX1_xmin47260_ymin22408_MPP-0.2500+101
0,0,0,0,0,0,50176,0,0,0,0,0,0,0,0,0,0,0,0,0,0,0,0,0,0,0,0,0,0,0,0,50176,0,0,0,0,0,0,0,0,0,0,0,0,0,0,0,0,0,0,0,0,0,0,0,0,50176,0,0,0,0,0,0,0,0,0,0,0,0,0,0,0,0,0,0,2911,0,47265,0,5241,TCGA-GM-A2DD-DX1_xmin47260_ymin22408_MPP-0.2500+102
0,0,0,0,0,0,50176,0,0,0,0,0,0,0,0,0,0,0,0,0,0,0,0,0,0,0,0,0,0,0,0,50176,0,0,0,0,0,0,0,0,0,0,0,0,0,0,0,0,0,0,0,0,0,0,0,0,50176,0,0,0,0,0,0,0,0,0,0,0,0,0,0,0,0,0,0,2138,0,48038,0,1930,TCGA-GM-A2DD-DX1_xmin47260_ymin22408_MPP-0.2500+103
0,0,0,0,0,0,50176,0,0,0,0,0,0,0,0,0,0,0,0,0,0,0,0,0,0,0,0,0,0,0,0,50176,0,0,0,0,0,0,0,0,0,0,0,0,0,0,0,0,0,0,0,0,0,0,0,0,50176,0,0,0,0,0,0,0,0,0,0,0,0,0,0,0,0,0,0,2790,0,47386,0,3306,TCGA-GM-A2DD-DX1_xmin47260_ymin22408_MPP-0.2500+104
0,0,0,0,0,0,50176,0,0,0,0,0,0,0,0,0,0,0,0,0,0,0,0,0,0,0,0,0,0,0,0,50176,0,0,0,0,0,0,0,0,0,0,0,0,0,0,0,0,0,0,0,0,0,0,0,0,50176,0,0,0,0,0,0,0,0,0,0,0,0,0,0,0,0,0,0,8741,0,39105,2330,11123,TCGA-GM-A2DD-DX1_xmin47260_ymin22408_MPP-0.2500+105
0,0,0,0,0,0,50176,0,0,0,0,0,0,0,0,0,0,0,0,0,0,0,0,0,0,0,0,0,0,0,0,50176,0,0,0,0,0,0,0,0,0,0,0,0,0,0,0,0,0,0,0,0,0,0,0,0,50176,0,0,0,0,0,0,0,0,0,0,0,0,0,0,0,0,0,0,6784,0,43213,179,7455,TCGA-GM-A2DD-DX1_xmin47260_ymin22408_MPP-0.2500+106
0,0,0,0,0,0,42220,0,0,0,0,0,0,0,0,0,0,0,0,0,0,0,0,0,7956,0,0,0,0,0,0,42220,0,0,0,0,0,0,0,0,0,0,0,0,0,0,0,0,0,7956,0,0,0,0,0,0,42220,0,0,0,0,0,0,0,0,0,0,0,0,0,0,0,0,0,7956,8387,1,30754,3078,7488,TCGA-GM-A2DD-DX1_xmin47260_ymin22408_MPP-0.2500+107
0,0,0,0,0,0,50176,0,0,0,0,0,0,0,0,0,0,0,0,0,0,0,0,0,0,0,0,0,0,0,0,50176,0,0,0,0,0,0,0,0,0,0,0,0,0,0,0,0,0,0,0,0,0,0,0,0,50176,0,0,0,0,0,0,0,0,0,0,0,0,0,0,0,0,0,0,10058,0,37162,2956,9009,TCGA-GM-A2DD-DX1_xmin47260_ymin22408_MPP-0.2500+108
3904,3925,0,0,0,987,41360,0,0,0,0,0,0,0,0,0,0,0,0,0,0,0,0,0,0,3937,3892,0,0,0,877,41470,0,0,0,0,0,0,0,0,0,0,0,0,0,0,0,0,0,0,3910,3919,0,0,0,829,41518,0,0,0,0,0,0,0,0,0,0,0,0,0,0,0,0,0,0,2993,2476,41913,2794,7595,TCGA-GM-A2DD-DX1_xmin47260_ymin22408_MPP-0.2500+109
0,0,0,0,0,0,50176,0,0,0,0,0,0,0,0,0,0,0,0,0,0,0,0,0,0,0,0,0,0,0,0,50176,0,0,0,0,0,0,0,0,0,0,0,0,0,0,0,0,0,0,0,0,0,0,0,0,50176,0,0,0,0,0,0,0,0,0,0,0,0,0,0,0,0,0,0,439,0,49737,0,650,TCGA-GM-A2DD-DX1_xmin47260_ymin22408_MPP-0.2500+11
1502,249,0,0,0,2036,46389,0,0,0,0,0,0,0,0,0,0,0,0,0,0,0,0,0,0,1502,249,0,0,0,1874,46551,0,0,0,0,0,0,0,0,0,0,0,0,0,0,0,0,0,0,1502,249,0,0,0,1524,46901,0,0,0,0,0,0,0,0,0,0,0,0,0,0,0,0,0,0,4055,24,44961,1136,4615,TCGA-GM-A2DD-DX1_xmin47260_ymin22408_MPP-0.2500+110
17144,3406,0,0,0,41,29585,0,0,0,0,0,0,0,0,0,0,0,0,0,0,0,0,0,0,17254,3296,0,0,0,33,29593,0,0,0,0,0,0,0,0,0,0,0,0,0,0,0,0,0,0,17419,3131,0,0,0,35,29591,0,0,0,0,0,0,0,0,0,0,0,0,0,0,0,0,0,0,2669,4375,39152,3980,5831,TCGA-GM-A2DD-DX1_xmin47260_ymin22408_MPP-0.2500+111
14680,5802,0,0,0,4014,25680,0,0,0,0,0,0,0,0,0,0,0,0,0,0,0,0,0,0,14326,6156,0,0,0,3355,26339,0,0,0,0,0,0,0,0,0,0,0,0,0,0,0,0,0,0,14001,6481,0,0,0,3188,26506,0,0,0,0,0,0,0,0,0,0,0,0,0,0,0,0,0,0,4110,7657,31784,6625,9432,TCGA-GM-A2DD-DX1_xmin47260_ymin22408_MPP-0.2500+112
0,383,0,0,0,0,45822,0,0,0,0,3971,0,0,0,0,0,0,0,0,0,0,0,0,0,0,383,0,0,0,0,45822,0,0,0,0,3971,0,0,0,0,0,0,0,0,0,0,0,0,0,0,383,0,0,0,0,45822,0,0,0,0,3971,0,0,0,0,0,0,0,0,0,0,0,0,0,2325,802,42392,4657,1892,TCGA-GM-A2DD-DX1_xmin47260_ymin22408_MPP-0.2500+113
0,0,0,0,0,0,48607,0,0,0,0,1569,0,0,0,0,0,0,0,0,0,0,0,0,0,0,0,0,0,0,0,48607,0,0,0,0,1569,0,0,0,0,0,0,0,0,0,0,0,0,0,0,0,0,0,0,0,48607,0,0,0,0,1569,0,0,0,0,0,0,0,0,0,0,0,0,0,2824,280,46356,716,2851,TCGA-GM-A2DD-DX1_xmin47260_ymin22408_MPP-0.2500+114
0,5231,0,0,0,0,44945,0,0,0,0,0,0,0,0,0,0,0,0,0,0,0,0,0,0,0,5231,0,0,0,0,44945,0,0,0,0,0,0,0,0,0,0,0,0,0,0,0,0,0,0,0,5231,0,0,0,0,44945,0,0,0,0,0,0,0,0,0,0,0,0,0,0,0,0,0,0,4384,2551,41686,1555,5943,TCGA-GM-A2DD-DX1_xmin47260_ymin22408_MPP-0.2500+115
0,6686,0,0,0,0,43490,0,0,0,0,0,0,0,0,0,0,0,0,0,0,0,0,0,0,0,6686,0,0,0,0,43490,0,0,0,0,0,0,0,0,0,0,0,0,0,0,0,0,0,0,0,6686,0,0,0,0,43490,0,0,0,0,0,0,0,0,0,0,0,0,0,0,0,0,0,0,3870,702,45023,581,7497,TCGA-GM-A2DD-DX1_xmin47260_ymin22408_MPP-0.2500+116
0,0,0,0,0,0,50176,0,0,0,0,0,0,0,0,0,0,0,0,0,0,0,0,0,0,0,0,0,0,0,0,50176,0,0,0,0,0,0,0,0,0,0,0,0,0,0,0,0,0,0,0,0,0,0,0,0,50176,0,0,0,0,0,0,0,0,0,0,0,0,0,0,0,0,0,0,2969,0,47165,42,3069,TCGA-GM-A2DD-DX1_xmin47260_ymin22408_MPP-0.2500+117
0,0,0,0,0,0,50176,0,0,0,0,0,0,0,0,0,0,0,0,0,0,0,0,0,0,0,0,0,0,0,0,50176,0,0,0,0,0,0,0,0,0,0,0,0,0,0,0,0,0,0,0,0,0,0,0,0,50176,0,0,0,0,0,0,0,0,0,0,0,0,0,0,0,0,0,0,2052,0,48124,0,1999,TCGA-GM-A2DD-DX1_xmin47260_ymin22408_MPP-0.2500+118
0,0,0,0,0,0,50176,0,0,0,0,0,0,0,0,0,0,0,0,0,0,0,0,0,0,0,0,0,0,0,0,50176,0,0,0,0,0,0,0,0,0,0,0,0,0,0,0,0,0,0,0,0,0,0,0,0,50176,0,0,0,0,0,0,0,0,0,0,0,0,0,0,0,0,0,0,4352,0,45492,332,3138,TCGA-GM-A2DD-DX1_xmin47260_ymin22408_MPP-0.2500+119
0,0,0,0,0,0,50176,0,0,0,0,0,0,0,0,0,0,0,0,0,0,0,0,0,0,0,0,0,0,0,0,50176,0,0,0,0,0,0,0,0,0,0,0,0,0,0,0,0,0,0,0,0,0,0,0,0,50176,0,0,0,0,0,0,0,0,0,0,0,0,0,0,0,0,0,0,40,0,50136,0,20,TCGA-GM-A2DD-DX1_xmin47260_ymin22408_MPP-0.2500+12
0,0,0,0,0,0,50176,0,0,0,0,0,0,0,0,0,0,0,0,0,0,0,0,0,0,0,0,0,0,0,0,50176,0,0,0,0,0,0,0,0,0,0,0,0,0,0,0,0,0,0,0,0,0,0,0,0,50176,0,0,0,0,0,0,0,0,0,0,0,0,0,0,0,0,0,0,9118,0,40634,424,6826,TCGA-GM-A2DD-DX1_xmin47260_ymin22408_MPP-0.2500+120
0,0,0,0,0,0,50176,0,0,0,0,0,0,0,0,0,0,0,0,0,0,0,0,0,0,0,0,0,0,0,0,50176,0,0,0,0,0,0,0,0,0,0,0,0,0,0,0,0,0,0,0,0,0,0,0,0,50176,0,0,0,0,0,0,0,0,0,0,0,0,0,0,0,0,0,0,13125,0,35898,1153,12515,TCGA-GM-A2DD-DX1_xmin47260_ymin22408_MPP-0.2500+121
0,0,0,0,0,4,50172,0,0,0,0,0,0,0,0,0,0,0,0,0,0,0,0,0,0,0,0,0,0,0,4,50172,0,0,0,0,0,0,0,0,0,0,0,0,0,0,0,0,0,0,0,0,0,0,0,4,50172,0,0,0,0,0,0,0,0,0,0,0,0,0,0,0,0,0,0,9637,323,34678,5538,11296,TCGA-GM-A2DD-DX1_xmin47260_ymin22408_MPP-0.2500+122
0,0,0,0,0,0,50176,0,0,0,0,0,0,0,0,0,0,0,0,0,0,0,0,0,0,0,0,0,0,0,0,50176,0,0,0,0,0,0,0,0,0,0,0,0,0,0,0,0,0,0,0,0,0,0,0,0,50176,0,0,0,0,0,0,0,0,0,0,0,0,0,0,0,0,0,0,8014,0,41598,564,6694,TCGA-GM-A2DD-DX1_xmin47260_ymin22408_MPP-0.2500+123
0,4187,0,0,0,0,45989,0,0,0,0,0,0,0,0,0,0,0,0,0,0,0,0,0,0,0,4187,0,0,0,0,45989,0,0,0,0,0,0,0,0,0,0,0,0,0,0,0,0,0,0,0,4187,0,0,0,0,45989,0,0,0,0,0,0,0,0,0,0,0,0,0,0,0,0,0,0,1375,1609,47034,158,2670,TCGA-GM-A2DD-DX1_xmin47260_ymin22408_MPP-0.2500+124
23570,5851,0,0,0,2280,18475,0,0,0,0,0,0,0,0,0,0,0,0,0,0,0,0,0,0,22366,7055,0,0,0,2106,18649,0,0,0,0,0,0,0,0,0,0,0,0,0,0,0,0,0,0,22256,7165,0,0,0,2035,18720,0,0,0,0,0,0,0,0,0,0,0,0,0,0,0,0,0,0,1027,11293,27497,10359,12901,TCGA-GM-A2DD-DX1_xmin47260_ymin22408_MPP-0.2500+125
16464,4894,0,0,0,1147,27671,0,0,0,0,0,0,0,0,0,0,0,0,0,0,0,0,0,0,16466,4892,0,0,0,1170,27648,0,0,0,0,0,0,0,0,0,0,0,0,0,0,0,0,0,0,16444,4914,0,0,0,1255,27563,0,0,0,0,0,0,0,0,0,0,0,0,0,0,0,0,0,0,2759,2669,41012,3736,4404,TCGA-GM-A2DD-DX1_xmin47260_ymin22408_MPP-0.2500+126
0,125,0,0,0,0,50051,0,0,0,0,0,0,0,0,0,0,0,0,0,0,0,0,0,0,0,125,0,0,0,0,50051,0,0,0,0,0,0,0,0,0,0,0,0,0,0,0,0,0,0,0,125,0,0,0,0,50051,0,0,0,0,0,0,0,0,0,0,0,0,0,0,0,0,0,0,1400,124,48617,35,1769,TCGA-GM-A2DD-DX1_xmin47260_ymin22408_MPP-0.2500+127
0,0,0,0,0,0,50176,0,0,0,0,0,0,0,0,0,0,0,0,0,0,0,0,0,0,0,0,0,0,0,0,50176,0,0,0,0,0,0,0,0,0,0,0,0,0,0,0,0,0,0,0,0,0,0,0,0,50176,0,0,0,0,0,0,0,0,0,0,0,0,0,0,0,0,0,0,2481,0,47695,0,7481,TCGA-GM-A2DD-DX1_xmin47260_ymin22408_MPP-0.2500+128
0,0,0,0,0,0,42431,0,0,0,0,7745,0,0,0,0,0,0,0,0,0,0,0,0,0,0,0,0,0,0,0,42431,0,0,0,0,7745,0,0,0,0,0,0,0,0,0,0,0,0,0,0,0,0,0,0,0,42431,0,0,0,0,7745,0,0,0,0,0,0,0,0,0,0,0,0,0,1452,440,40979,7305,2946,TCGA-GM-A2DD-DX1_xmin47260_ymin22408_MPP-0.2500+129
0,0,0,0,0,0,50176,0,0,0,0,0,0,0,0,0,0,0,0,0,0,0,0,0,0,0,0,0,0,0,0,50176,0,0,0,0,0,0,0,0,0,0,0,0,0,0,0,0,0,0,0,0,0,0,0,0,50176,0,0,0,0,0,0,0,0,0,0,0,0,0,0,0,0,0,0,0,0,50176,0,1863,TCGA-GM-A2DD-DX1_xmin47260_ymin22408_MPP-0.2500+13
9214,3684,0,0,0,2377,34901,0,0,0,0,0,0,0,0,0,0,0,0,0,0,0,0,0,0,9123,3775,0,0,0,2271,35007,0,0,0,0,0,0,0,0,0,0,0,0,0,0,0,0,0,0,9155,3743,0,0,0,2344,34934,0,0,0,0,0,0,0,0,0,0,0,0,0,0,0,0,0,0,3712,2726,40325,3413,7689,TCGA-GM-A2DD-DX1_xmin47260_ymin22408_MPP-0.2500+130
22846,5773,0,0,0,6766,14791,0,0,0,0,0,0,0,0,0,0,0,0,0,0,0,0,0,0,23071,5548,0,0,0,6345,15212,0,0,0,0,0,0,0,0,0,0,0,0,0,0,0,0,0,0,23030,5589,0,0,0,5986,15571,0,0,0,0,0,0,0,0,0,0,0,0,0,0,0,0,0,0,3473,5173,34426,7104,13522,TCGA-GM-A2DD-DX1_xmin47260_ymin22408_MPP-0.2500+131
6378,553,0,0,0,1075,42170,0,0,0,0,0,0,0,0,0,0,0,0,0,0,0,0,0,0,6375,556,0,0,0,1072,42173,0,0,0,0,0,0,0,0,0,0,0,0,0,0,0,0,0,0,6410,521,0,0,0,1210,42035,0,0,0,0,0,0,0,0,0,0,0,0,0,0,0,0,0,0,5376,3570,40489,741,5660,TCGA-GM-A2DD-DX1_xmin47260_ymin22408_MPP-0.2500+132
0,0,0,0,0,0,50176,0,0,0,0,0,0,0,0,0,0,0,0,0,0,0,0,0,0,0,0,0,0,0,0,50176,0,0,0,0,0,0,0,0,0,0,0,0,0,0,0,0,0,0,0,0,0,0,0,0,50176,0,0,0,0,0,0,0,0,0,0,0,0,0,0,0,0,0,0,3076,0,46608,492,3512,TCGA-GM-A2DD-DX1_xmin47260_ymin22408_MPP-0.2500+133
0,0,0,0,0,0,41797,0,0,0,0,0,0,0,0,0,0,0,0,0,0,0,0,0,8379,0,0,0,0,0,0,41797,0,0,0,0,0,0,0,0,0,0,0,0,0,0,0,0,0,8379,0,0,0,0,0,0,41797,0,0,0,0,0,0,0,0,0,0,0,0,0,0,0,0,0,8379,1689,0,40108,0,2589,TCGA-GM-A2DD-DX1_xmin47260_ymin22408_MPP-0.2500+134
0,0,0,0,0,4,50172,0,0,0,0,0,0,0,0,0,0,0,0,0,0,0,0,0,0,0,0,0,0,0,4,50172,0,0,0,0,0,0,0,0,0,0,0,0,0,0,0,0,0,0,0,0,0,0,0,4,50172,0,0,0,0,0,0,0,0,0,0,0,0,0,0,0,0,0,0,10405,72,36580,3119,13171,TCGA-GM-A2DD-DX1_xmin47260_ymin22408_MPP-0.2500+135
0,0,0,0,0,0,50176,0,0,0,0,0,0,0,0,0,0,0,0,0,0,0,0,0,0,0,0,0,0,0,0,50176,0,0,0,0,0,0,0,0,0,0,0,0,0,0,0,0,0,0,0,0,0,0,0,0,50176,0,0,0,0,0,0,0,0,0,0,0,0,0,0,0,0,0,0,7315,0,41224,1637,7706,TCGA-GM-A2DD-DX1_xmin47260_ymin22408_MPP-0.2500+136
0,0,0,0,0,0,49260,0,0,0,0,916,0,0,0,0,0,0,0,0,0,0,0,0,0,0,0,0,0,0,0,49260,0,0,0,0,916,0,0,0,0,0,0,0,0,0,0,0,0,0,0,0,0,0,0,0,49260,0,0,0,0,916,0,0,0,0,0,0,0,0,0,0,0,0,0,5658,250,43486,782,6729,TCGA-GM-A2DD-DX1_xmin47260_ymin22408_MPP-0.2500+137
0,0,0,0,0,0,50176,0,0,0,0,0,0,0,0,0,0,0,0,0,0,0,0,0,0,0,0,0,0,0,0,50176,0,0,0,0,0,0,0,0,0,0,0,0,0,0,0,0,0,0,0,0,0,0,0,0,50176,0,0,0,0,0,0,0,0,0,0,0,0,0,0,0,0,0,0,3053,0,46970,153,2160,TCGA-GM-A2DD-DX1_xmin47260_ymin22408_MPP-0.2500+138
18999,261,0,0,0,3825,27091,0,0,0,0,0,0,0,0,0,0,0,0,0,0,0,0,0,0,18999,261,0,0,0,3790,27126,0,0,0,0,0,0,0,0,0,0,0,0,0,0,0,0,0,0,19025,235,0,0,0,3735,27181,0,0,0,0,0,0,0,0,0,0,0,0,0,0,0,0,0,0,3987,1142,42362,2685,3839,TCGA-GM-A2DD-DX1_xmin47260_ymin22408_MPP-0.2500+139
0,0,0,0,0,0,50176,0,0,0,0,0,0,0,0,0,0,0,0,0,0,0,0,0,0,0,0,0,0,0,0,50176,0,0,0,0,0,0,0,0,0,0,0,0,0,0,0,0,0,0,0,0,0,0,0,0,50176,0,0,0,0,0,0,0,0,0,0,0,0,0,0,0,0,0,0,942,0,49234,0,3189,TCGA-GM-A2DD-DX1_xmin47260_ymin22408_MPP-0.2500+14
9476,13888,0,0,0,486,26326,0,0,0,0,0,0,0,0,0,0,0,0,0,0,0,0,0,0,9811,13553,0,0,0,552,26260,0,0,0,0,0,0,0,0,0,0,0,0,0,0,0,0,0,0,9734,13630,0,0,0,601,26211,0,0,0,0,0,0,0,0,0,0,0,0,0,0,0,0,0,0,2147,8242,31489,8298,6409,TCGA-GM-A2DD-DX1_xmin47260_ymin22408_MPP-0.2500+140
0,1690,0,0,0,0,48486,0,0,0,0,0,0,0,0,0,0,0,0,0,0,0,0,0,0,0,1690,0,0,0,0,48486,0,0,0,0,0,0,0,0,0,0,0,0,0,0,0,0,0,0,0,1690,0,0,0,0,48486,0,0,0,0,0,0,0,0,0,0,0,0,0,0,0,0,0,0,1373,402,48097,304,2816,TCGA-GM-A2DD-DX1_xmin47260_ymin22408_MPP-0.2500+141
0,0,0,0,0,0,50176,0,0,0,0,0,0,0,0,0,0,0,0,0,0,0,0,0,0,0,0,0,0,0,0,50176,0,0,0,0,0,0,0,0,0,0,0,0,0,0,0,0,0,0,0,0,0,0,0,0,50176,0,0,0,0,0,0,0,0,0,0,0,0,0,0,0,0,0,0,1745,0,48431,0,1926,TCGA-GM-A2DD-DX1_xmin47260_ymin22408_MPP-0.2500+142
0,0,0,0,0,0,50176,0,0,0,0,0,0,0,0,0,0,0,0,0,0,0,0,0,0,0,0,0,0,0,0,50176,0,0,0,0,0,0,0,0,0,0,0,0,0,0,0,0,0,0,0,0,0,0,0,0,50176,0,0,0,0,0,0,0,0,0,0,0,0,0,0,0,0,0,0,1767,0,48409,0,1767,TCGA-GM-A2DD-DX1_xmin47260_ymin22408_MPP-0.2500+143
0,0,0,0,0,0,50176,0,0,0,0,0,0,0,0,0,0,0,0,0,0,0,0,0,0,0,0,0,0,0,0,50176,0,0,0,0,0,0,0,0,0,0,0,0,0,0,0,0,0,0,0,0,0,0,0,0,50176,0,0,0,0,0,0,0,0,0,0,0,0,0,0,0,0,0,0,7681,44,40474,1977,7887,TCGA-GM-A2DD-DX1_xmin47260_ymin22408_MPP-0.2500+144
0,954,0,0,0,0,45968,0,0,0,0,0,0,0,0,0,0,0,0,0,0,0,0,0,3254,0,954,0,0,0,0,45968,0,0,0,0,0,0,0,0,0,0,0,0,0,0,0,0,0,3254,0,954,0,0,0,0,45968,0,0,0,0,0,0,0,0,0,0,0,0,0,0,0,0,0,3254,1863,825,44105,129,3718,TCGA-GM-A2DD-DX1_xmin47260_ymin22408_MPP-0.2500+145
0,0,0,0,0,0,45620,0,0,0,0,0,0,0,0,0,0,0,0,0,0,0,0,0,4556,0,0,0,0,0,0,45620,0,0,0,0,0,0,0,0,0,0,0,0,0,0,0,0,0,4556,0,0,0,0,0,0,45620,0,0,0,0,0,0,0,0,0,0,0,0,0,0,0,0,0,4556,4202,0,41147,271,9215,TCGA-GM-A2DD-DX1_xmin47260_ymin22408_MPP-0.2500+146
0,0,0,0,0,0,50176,0,0,0,0,0,0,0,0,0,0,0,0,0,0,0,0,0,0,0,0,0,0,0,0,50176,0,0,0,0,0,0,0,0,0,0,0,0,0,0,0,0,0,0,0,0,0,0,0,0,50176,0,0,0,0,0,0,0,0,0,0,0,0,0,0,0,0,0,0,1728,0,48448,0,1506,TCGA-GM-A2DD-DX1_xmin47260_ymin22408_MPP-0.2500+147
0,0,0,0,0,0,50176,0,0,0,0,0,0,0,0,0,0,0,0,0,0,0,0,0,0,0,0,0,0,0,0,50176,0,0,0,0,0,0,0,0,0,0,0,0,0,0,0,0,0,0,0,0,0,0,0,0,50176,0,0,0,0,0,0,0,0,0,0,0,0,0,0,0,0,0,0,3109,0,46981,86,2807,TCGA-GM-A2DD-DX1_xmin47260_ymin22408_MPP-0.2500+148
0,0,0,0,0,0,45734,0,0,0,0,0,0,0,0,0,0,0,0,0,0,0,0,0,4442,0,0,0,0,0,0,45734,0,0,0,0,0,0,0,0,0,0,0,0,0,0,0,0,0,4442,0,0,0,0,0,0,45734,0,0,0,0,0,0,0,0,0,0,0,0,0,0,0,0,0,4442,356,0,45378,0,1373,TCGA-GM-A2DD-DX1_xmin47260_ymin22408_MPP-0.2500+149
0,0,0,0,0,0,13469,1879,0,0,0,13561,20622,0,0,0,0,0,0,0,0,0,0,0,645,0,0,0,0,0,0,13454,1894,0,0,0,14082,20101,0,0,0,0,0,0,0,0,0,0,0,645,0,0,0,0,0,0,13457,1891,0,0,0,13486,20697,0,0,0,0,0,0,0,0,0,0,0,645,9151,1333,22207,16840,11816,TCGA-GM-A2DD-DX1_xmin47260_ymin22408_MPP-0.2500+15
0,0,0,0,0,0,49518,0,0,0,0,658,0,0,0,0,0,0,0,0,0,0,0,0,0,0,0,0,0,0,0,49518,0,0,0,0,658,0,0,0,0,0,0,0,0,0,0,0,0,0,0,0,0,0,0,0,49518,0,0,0,0,658,0,0,0,0,0,0,0,0,0,0,0,0,0,6270,0,42905,1001,6366,TCGA-GM-A2DD-DX1_xmin47260_ymin22408_MPP-0.2500+150
0,0,0,0,0,0,43409,0,0,0,0,6767,0,0,0,0,0,0,0,0,0,0,0,0,0,0,0,0,0,0,0,43409,0,0,0,0,6767,0,0,0,0,0,0,0,0,0,0,0,0,0,0,0,0,0,0,0,43409,0,0,0,0,6767,0,0,0,0,0,0,0,0,0,0,0,0,0,6232,1754,37714,4476,7092,TCGA-GM-A2DD-DX1_xmin47260_ymin22408_MPP-0.2500+151
0,0,0,0,0,0,45577,0,0,0,0,4599,0,0,0,0,0,0,0,0,0,0,0,0,0,0,0,0,0,0,0,45577,0,0,0,0,4599,0,0,0,0,0,0,0,0,0,0,0,0,0,0,0,0,0,0,0,45577,0,0,0,0,4599,0,0,0,0,0,0,0,0,0,0,0,0,0,6946,378,42123,729,5400,TCGA-GM-A2DD-DX1_xmin47260_ymin22408_MPP-0.2500+152
0,0,0,0,0,0,50176,0,0,0,0,0,0,0,0,0,0,0,0,0,0,0,0,0,0,0,0,0,0,0,0,50176,0,0,0,0,0,0,0,0,0,0,0,0,0,0,0,0,0,0,0,0,0,0,0,0,50176,0,0,0,0,0,0,0,0,0,0,0,0,0,0,0,0,0,0,826,0,49350,0,3349,TCGA-GM-A2DD-DX1_xmin47260_ymin22408_MPP-0.2500+153
0,1228,0,0,0,0,48948,0,0,0,0,0,0,0,0,0,0,0,0,0,0,0,0,0,0,0,1228,0,0,0,0,48948,0,0,0,0,0,0,0,0,0,0,0,0,0,0,0,0,0,0,0,1228,0,0,0,0,48948,0,0,0,0,0,0,0,0,0,0,0,0,0,0,0,0,0,0,3442,669,45506,559,4720,TCGA-GM-A2DD-DX1_xmin47260_ymin22408_MPP-0.2500+154
0,1624,0,0,0,0,48552,0,0,0,0,0,0,0,0,0,0,0,0,0,0,0,0,0,0,0,1624,0,0,0,0,48552,0,0,0,0,0,0,0,0,0,0,0,0,0,0,0,0,0,0,0,1624,0,0,0,0,48552,0,0,0,0,0,0,0,0,0,0,0,0,0,0,0,0,0,0,4505,791,44047,833,6278,TCGA-GM-A2DD-DX1_xmin47260_ymin22408_MPP-0.2500+155
8369,2706,0,0,0,0,39101,0,0,0,0,0,0,0,0,0,0,0,0,0,0,0,0,0,0,8328,2747,0,0,0,0,39101,0,0,0,0,0,0,0,0,0,0,0,0,0,0,0,0,0,0,8435,2640,0,0,0,0,39101,0,0,0,0,0,0,0,0,0,0,0,0,0,0,0,0,0,0,1373,2387,44218,2198,3055,TCGA-GM-A2DD-DX1_xmin47260_ymin22408_MPP-0.2500+156
20536,3004,0,0,0,3347,23289,0,0,0,0,0,0,0,0,0,0,0,0,0,0,0,0,0,0,20708,2832,0,0,0,3904,22732,0,0,0,0,0,0,0,0,0,0,0,0,0,0,0,0,0,0,20881,2659,0,0,0,3787,22849,0,0,0,0,0,0,0,0,0,0,0,0,0,0,0,0,0,0,6284,2155,34772,6965,12593,TCGA-GM-A2DD-DX1_xmin47260_ymin22408_MPP-0.2500+157
0,0,0,0,0,0,50059,0,0,0,0,0,0,0,0,0,0,0,0,0,0,0,0,0,117,0,0,0,0,0,0,50059,0,0,0,0,0,0,0,0,0,0,0,0,0,0,0,0,0,117,0,0,0,0,0,0,50059,0,0,0,0,0,0,0,0,0,0,0,0,0,0,0,0,0,117,3626,17,44813,1603,5455,TCGA-GM-A2DD-DX1_xmin47260_ymin22408_MPP-0.2500+158
0,0,0,0,0,0,50176,0,0,0,0,0,0,0,0,0,0,0,0,0,0,0,0,0,0,0,0,0,0,0,0,50176,0,0,0,0,0,0,0,0,0,0,0,0,0,0,0,0,0,0,0,0,0,0,0,0,50176,0,0,0,0,0,0,0,0,0,0,0,0,0,0,0,0,0,0,6214,0,43628,334,5701,TCGA-GM-A2DD-DX1_xmin47260_ymin22408_MPP-0.2500+159
0,0,0,0,0,0,0,37,0,0,0,0,25040,0,0,0,0,0,0,0,0,0,0,0,25099,0,0,0,0,0,0,0,37,0,0,0,0,25040,0,0,0,0,0,0,0,0,0,0,0,25099,0,0,0,0,0,0,0,37,0,0,0,0,25040,0,0,0,0,0,0,0,0,0,0,0,25099,8286,22,12247,4522,8714,TCGA-GM-A2DD-DX1_xmin47260_ymin22408_MPP-0.2500+16
0,0,0,0,0,0,49745,0,0,0,0,0,0,0,0,0,0,0,0,0,0,0,0,0,431,0,0,0,0,0,0,49745,0,0,0,0,0,0,0,0,0,0,0,0,0,0,0,0,0,431,0,0,0,0,0,0,49745,0,0,0,0,0,0,0,0,0,0,0,0,0,0,0,0,0,431,582,0,49163,0,649,TCGA-GM-A2DD-DX1_xmin47260_ymin22408_MPP-0.2500+160
0,0,0,0,0,0,48983,0,0,0,0,0,0,0,0,0,0,0,0,0,0,0,0,0,1193,0,0,0,0,0,0,48983,0,0,0,0,0,0,0,0,0,0,0,0,0,0,0,0,0,1193,0,0,0,0,0,0,48983,0,0,0,0,0,0,0,0,0,0,0,0,0,0,0,0,0,1193,1183,0,47800,0,1981,TCGA-GM-A2DD-DX1_xmin47260_ymin22408_MPP-0.2500+161
0,0,0,0,0,1,50175,0,0,0,0,0,0,0,0,0,0,0,0,0,0,0,0,0,0,0,0,0,0,0,0,50176,0,0,0,0,0,0,0,0,0,0,0,0,0,0,0,0,0,0,0,0,0,0,0,1,50175,0,0,0,0,0,0,0,0,0,0,0,0,0,0,0,0,0,0,1203,0,48973,0,10994,TCGA-GM-A2DD-DX1_xmin47260_ymin22408_MPP-0.2500+162
0,0,0,0,0,0,50176,0,0,0,0,0,0,0,0,0,0,0,0,0,0,0,0,0,0,0,0,0,0,0,0,50176,0,0,0,0,0,0,0,0,0,0,0,0,0,0,0,0,0,0,0,0,0,0,0,0,50176,0,0,0,0,0,0,0,0,0,0,0,0,0,0,0,0,0,0,1666,0,48510,0,1463,TCGA-GM-A2DD-DX1_xmin47260_ymin22408_MPP-0.2500+163
0,0,0,0,0,0,50176,0,0,0,0,0,0,0,0,0,0,0,0,0,0,0,0,0,0,0,0,0,0,0,0,50176,0,0,0,0,0,0,0,0,0,0,0,0,0,0,0,0,0,0,0,0,0,0,0,0,50176,0,0,0,0,0,0,0,0,0,0,0,0,0,0,0,0,0,0,2210,0,47966,0,2703,TCGA-GM-A2DD-DX1_xmin47260_ymin22408_MPP-0.2500+164
0,0,0,0,0,0,34105,0,0,0,0,16071,0,0,0,0,0,0,0,0,0,0,0,0,0,0,0,0,0,0,0,34105,0,0,0,0,16071,0,0,0,0,0,0,0,0,0,0,0,0,0,0,0,0,0,0,0,34105,0,0,0,0,16071,0,0,0,0,0,0,0,0,0,0,0,0,0,734,3995,33654,11793,4525,TCGA-GM-A2DD-DX1_xmin47260_ymin22408_MPP-0.2500+165
0,0,0,0,0,0,41843,0,0,0,0,8333,0,0,0,0,0,0,0,0,0,0,0,0,0,0,0,0,0,0,0,41843,0,0,0,0,8333,0,0,0,0,0,0,0,0,0,0,0,0,0,0,0,0,0,0,0,41843,0,0,0,0,8333,0,0,0,0,0,0,0,0,0,0,0,0,0,3104,2524,38485,6063,5980,TCGA-GM-A2DD-DX1_xmin47260_ymin22408_MPP-0.2500+166
0,0,0,0,0,0,50176,0,0,0,0,0,0,0,0,0,0,0,0,0,0,0,0,0,0,0,0,0,0,0,0,50176,0,0,0,0,0,0,0,0,0,0,0,0,0,0,0,0,0,0,0,0,0,0,0,0,50176,0,0,0,0,0,0,0,0,0,0,0,0,0,0,0,0,0,0,4287,0,45812,77,4671,TCGA-GM-A2DD-DX1_xmin47260_ymin22408_MPP-0.2500+167
0,0,0,0,0,0,50176,0,0,0,0,0,0,0,0,0,0,0,0,0,0,0,0,0,0,0,0,0,0,0,0,50176,0,0,0,0,0,0,0,0,0,0,0,0,0,0,0,0,0,0,0,0,0,0,0,0,50176,0,0,0,0,0,0,0,0,0,0,0,0,0,0,0,0,0,0,535,0,49641,0,914,TCGA-GM-A2DD-DX1_xmin47260_ymin22408_MPP-0.2500+168
0,866,0,0,0,0,49310,0,0,0,0,0,0,0,0,0,0,0,0,0,0,0,0,0,0,0,866,0,0,0,0,49310,0,0,0,0,0,0,0,0,0,0,0,0,0,0,0,0,0,0,0,866,0,0,0,0,49310,0,0,0,0,0,0,0,0,0,0,0,0,0,0,0,0,0,0,6167,59,43067,883,5271,TCGA-GM-A2DD-DX1_xmin47260_ymin22408_MPP-0.2500+169
0,0,0,0,0,2672,0,13230,0,0,0,0,34274,0,0,0,0,0,0,0,0,0,0,0,0,0,0,0,0,0,2384,0,13518,0,0,0,0,34274,0,0,0,0,0,0,0,0,0,0,0,0,0,0,0,0,0,2160,0,13742,0,0,0,0,34274,0,0,0,0,0,0,0,0,0,0,0,0,8488,5154,23990,12544,15657,TCGA-GM-A2DD-DX1_xmin47260_ymin22408_MPP-0.2500+17
19512,2951,0,0,0,102,27611,0,0,0,0,0,0,0,0,0,0,0,0,0,0,0,0,0,0,19492,2971,0,0,0,102,27611,0,0,0,0,0,0,0,0,0,0,0,0,0,0,0,0,0,0,19481,2982,0,0,0,102,27611,0,0,0,0,0,0,0,0,0,0,0,0,0,0,0,0,0,0,3789,1747,40494,4146,3154,TCGA-GM-A2DD-DX1_xmin47260_ymin22408_MPP-0.2500+170
39147,3024,0,0,0,1135,6870,0,0,0,0,0,0,0,0,0,0,0,0,0,0,0,0,0,0,39037,3134,0,0,0,1115,6890,0,0,0,0,0,0,0,0,0,0,0,0,0,0,0,0,0,0,38829,3342,0,0,0,881,7124,0,0,0,0,0,0,0,0,0,0,0,0,0,0,0,0,0,0,2015,2343,41968,3850,5700,TCGA-GM-A2DD-DX1_xmin47260_ymin22408_MPP-0.2500+171
9024,2057,0,0,0,13074,26021,0,0,0,0,0,0,0,0,0,0,0,0,0,0,0,0,0,0,8968,2113,0,0,0,13013,26082,0,0,0,0,0,0,0,0,0,0,0,0,0,0,0,0,0,0,8945,2136,0,0,0,13361,25734,0,0,0,0,0,0,0,0,0,0,0,0,0,0,0,0,0,0,5292,2108,29459,13317,7247,TCGA-GM-A2DD-DX1_xmin47260_ymin22408_MPP-0.2500+172
0,0,0,0,0,5732,32242,0,0,0,0,0,0,0,0,0,0,0,0,0,0,0,0,0,12202,0,0,0,0,0,5337,32637,0,0,0,0,0,0,0,0,0,0,0,0,0,0,0,0,0,12202,0,0,0,0,0,5642,32332,0,0,0,0,0,0,0,0,0,0,0,0,0,0,0,0,0,12202,6121,407,26716,4730,6619,TCGA-GM-A2DD-DX1_xmin47260_ymin22408_MPP-0.2500+173
0,0,0,0,0,0,50176,0,0,0,0,0,0,0,0,0,0,0,0,0,0,0,0,0,0,0,0,0,0,0,0,50176,0,0,0,0,0,0,0,0,0,0,0,0,0,0,0,0,0,0,0,0,0,0,0,0,50176,0,0,0,0,0,0,0,0,0,0,0,0,0,0,0,0,0,0,8128,0,41345,703,8101,TCGA-GM-A2DD-DX1_xmin47260_ymin22408_MPP-0.2500+174
0,0,0,0,0,0,50176,0,0,0,0,0,0,0,0,0,0,0,0,0,0,0,0,0,0,0,0,0,0,0,0,50176,0,0,0,0,0,0,0,0,0,0,0,0,0,0,0,0,0,0,0,0,0,0,0,0,50176,0,0,0,0,0,0,0,0,0,0,0,0,0,0,0,0,0,0,1775,0,48401,0,2843,TCGA-GM-A2DD-DX1_xmin47260_ymin22408_MPP-0.2500+175
0,0,0,0,0,0,50176,0,0,0,0,0,0,0,0,0,0,0,0,0,0,0,0,0,0,0,0,0,0,0,0,50176,0,0,0,0,0,0,0,0,0,0,0,0,0,0,0,0,0,0,0,0,0,0,0,0,50176,0,0,0,0,0,0,0,0,0,0,0,0,0,0,0,0,0,0,995,0,49181,0,1009,TCGA-GM-A2DD-DX1_xmin47260_ymin22408_MPP-0.2500+176
0,0,0,0,0,0,50176,0,0,0,0,0,0,0,0,0,0,0,0,0,0,0,0,0,0,0,0,0,0,0,0,50176,0,0,0,0,0,0,0,0,0,0,0,0,0,0,0,0,0,0,0,0,0,0,0,0,50176,0,0,0,0,0,0,0,0,0,0,0,0,0,0,0,0,0,0,329,0,49847,0,777,TCGA-GM-A2DD-DX1_xmin47260_ymin22408_MPP-0.2500+177
0,0,0,0,0,0,50176,0,0,0,0,0,0,0,0,0,0,0,0,0,0,0,0,0,0,0,0,0,0,0,0,50176,0,0,0,0,0,0,0,0,0,0,0,0,0,0,0,0,0,0,0,0,0,0,0,0,50176,0,0,0,0,0,0,0,0,0,0,0,0,0,0,0,0,0,0,3806,0,46185,185,6153,TCGA-GM-A2DD-DX1_xmin47260_ymin22408_MPP-0.2500+178
0,0,0,0,0,0,50176,0,0,0,0,0,0,0,0,0,0,0,0,0,0,0,0,0,0,0,0,0,0,0,0,50176,0,0,0,0,0,0,0,0,0,0,0,0,0,0,0,0,0,0,0,0,0,0,0,0,50176,0,0,0,0,0,0,0,0,0,0,0,0,0,0,0,0,0,0,2104,0,48072,0,1945,TCGA-GM-A2DD-DX1_xmin47260_ymin22408_MPP-0.2500+179
0,0,0,0,0,0,41933,0,0,0,0,8243,0,0,0,0,0,0,0,0,0,0,0,0,0,0,0,0,0,0,0,41933,0,0,0,0,8243,0,0,0,0,0,0,0,0,0,0,0,0,0,0,0,0,0,0,0,41933,0,0,0,0,8243,0,0,0,0,0,0,0,0,0,0,0,0,0,11417,535,28116,10108,12837,TCGA-GM-A2DD-DX1_xmin47260_ymin22408_MPP-0.2500+18
0,0,0,0,0,0,49192,0,0,0,0,984,0,0,0,0,0,0,0,0,0,0,0,0,0,0,0,0,0,0,0,49192,0,0,0,0,984,0,0,0,0,0,0,0,0,0,0,0,0,0,0,0,0,0,0,0,49192,0,0,0,0,984,0,0,0,0,0,0,0,0,0,0,0,0,0,5034,0,43409,1733,5898,TCGA-GM-A2DD-DX1_xmin47260_ymin22408_MPP-0.2500+180
0,0,0,0,0,0,50176,0,0,0,0,0,0,0,0,0,0,0,0,0,0,0,0,0,0,0,0,0,0,0,0,50176,0,0,0,0,0,0,0,0,0,0,0,0,0,0,0,0,0,0,0,0,0,0,0,0,50176,0,0,0,0,0,0,0,0,0,0,0,0,0,0,0,0,0,0,1805,0,48371,0,2773,TCGA-GM-A2DD-DX1_xmin47260_ymin22408_MPP-0.2500+181
0,0,0,0,0,0,50176,0,0,0,0,0,0,0,0,0,0,0,0,0,0,0,0,0,0,0,0,0,0,0,0,50176,0,0,0,0,0,0,0,0,0,0,0,0,0,0,0,0,0,0,0,0,0,0,0,0,50176,0,0,0,0,0,0,0,0,0,0,0,0,0,0,0,0,0,0,1165,0,48964,47,1204,TCGA-GM-A2DD-DX1_xmin47260_ymin22408_MPP-0.2500+182
0,0,0,0,0,0,50176,0,0,0,0,0,0,0,0,0,0,0,0,0,0,0,0,0,0,0,0,0,0,0,0,50176,0,0,0,0,0,0,0,0,0,0,0,0,0,0,0,0,0,0,0,0,0,0,0,0,50176,0,0,0,0,0,0,0,0,0,0,0,0,0,0,0,0,0,0,739,0,49437,0,2250,TCGA-GM-A2DD-DX1_xmin47260_ymin22408_MPP-0.2500+183
0,2937,0,0,0,0,47239,0,0,0,0,0,0,0,0,0,0,0,0,0,0,0,0,0,0,0,2937,0,0,0,0,47239,0,0,0,0,0,0,0,0,0,0,0,0,0,0,0,0,0,0,0,2937,0,0,0,0,47239,0,0,0,0,0,0,0,0,0,0,0,0,0,0,0,0,0,0,3411,755,45440,570,5705,TCGA-GM-A2DD-DX1_xmin47260_ymin22408_MPP-0.2500+184
11166,1474,0,0,0,2680,34856,0,0,0,0,0,0,0,0,0,0,0,0,0,0,0,0,0,0,10978,1662,0,0,0,2619,34917,0,0,0,0,0,0,0,0,0,0,0,0,0,0,0,0,0,0,11255,1385,0,0,0,2714,34822,0,0,0,0,0,0,0,0,0,0,0,0,0,0,0,0,0,0,3339,2772,41335,2730,8436,TCGA-GM-A2DD-DX1_xmin47260_ymin22408_MPP-0.2500+185
9826,4427,0,0,0,4086,31837,0,0,0,0,0,0,0,0,0,0,0,0,0,0,0,0,0,0,9990,4263,0,0,0,4109,31814,0,0,0,0,0,0,0,0,0,0,0,0,0,0,0,0,0,0,10168,4085,0,0,0,4330,31593,0,0,0,0,0,0,0,0,0,0,0,0,0,0,0,0,0,0,5184,1965,36777,6250,9426,TCGA-GM-A2DD-DX1_xmin47260_ymin22408_MPP-0.2500+186
0,5386,0,0,0,0,44790,0,0,0,0,0,0,0,0,0,0,0,0,0,0,0,0,0,0,0,5386,0,0,0,0,44790,0,0,0,0,0,0,0,0,0,0,0,0,0,0,0,0,0,0,0,5386,0,0,0,0,44790,0,0,0,0,0,0,0,0,0,0,0,0,0,0,0,0,0,0,10284,1959,35648,2285,9288,TCGA-GM-A2DD-DX1_xmin47260_ymin22408_MPP-0.2500+187
7641,1429,0,0,0,3863,20372,0,0,0,0,0,0,0,0,0,0,0,0,0,0,0,0,0,16871,7690,1380,0,0,0,3861,20374,0,0,0,0,0,0,0,0,0,0,0,0,0,0,0,0,0,16871,7655,1415,0,0,0,3987,20248,0,0,0,0,0,0,0,0,0,0,0,0,0,0,0,0,0,16871,3089,570,26526,3120,5402,TCGA-GM-A2DD-DX1_xmin47260_ymin22408_MPP-0.2500+188
0,6058,0,0,0,0,44118,0,0,0,0,0,0,0,0,0,0,0,0,0,0,0,0,0,0,0,6058,0,0,0,0,44118,0,0,0,0,0,0,0,0,0,0,0,0,0,0,0,0,0,0,0,6058,0,0,0,0,44118,0,0,0,0,0,0,0,0,0,0,0,0,0,0,0,0,0,0,4001,1178,42900,2097,4215,TCGA-GM-A2DD-DX1_xmin47260_ymin22408_MPP-0.2500+189
0,0,0,0,0,0,50176,0,0,0,0,0,0,0,0,0,0,0,0,0,0,0,0,0,0,0,0,0,0,0,0,50176,0,0,0,0,0,0,0,0,0,0,0,0,0,0,0,0,0,0,0,0,0,0,0,0,50176,0,0,0,0,0,0,0,0,0,0,0,0,0,0,0,0,0,0,6816,0,43230,130,6500,TCGA-GM-A2DD-DX1_xmin47260_ymin22408_MPP-0.2500+19
0,0,0,0,0,0,50176,0,0,0,0,0,0,0,0,0,0,0,0,0,0,0,0,0,0,0,0,0,0,0,0,50176,0,0,0,0,0,0,0,0,0,0,0,0,0,0,0,0,0,0,0,0,0,0,0,0,50176,0,0,0,0,0,0,0,0,0,0,0,0,0,0,0,0,0,0,5089,0,43946,1141,4923,TCGA-GM-A2DD-DX1_xmin47260_ymin22408_MPP-0.2500+190
0,0,0,0,0,0,50176,0,0,0,0,0,0,0,0,0,0,0,0,0,0,0,0,0,0,0,0,0,0,0,0,50176,0,0,0,0,0,0,0,0,0,0,0,0,0,0,0,0,0,0,0,0,0,0,0,0,50176,0,0,0,0,0,0,0,0,0,0,0,0,0,0,0,0,0,0,3326,0,46158,692,3673,TCGA-GM-A2DD-DX1_xmin47260_ymin22408_MPP-0.2500+191
0,0,0,0,0,0,50176,0,0,0,0,0,0,0,0,0,0,0,0,0,0,0,0,0,0,0,0,0,0,0,0,50176,0,0,0,0,0,0,0,0,0,0,0,0,0,0,0,0,0,0,0,0,0,0,0,0,50176,0,0,0,0,0,0,0,0,0,0,0,0,0,0,0,0,0,0,3714,229,41023,5210,4325,TCGA-GM-A2DD-DX1_xmin47260_ymin22408_MPP-0.2500+192
2732,54,0,0,0,5856,41534,0,0,0,0,0,0,0,0,0,0,0,0,0,0,0,0,0,0,2732,54,0,0,0,6238,41152,0,0,0,0,0,0,0,0,0,0,0,0,0,0,0,0,0,0,2720,66,0,0,0,5590,41800,0,0,0,0,0,0,0,0,0,0,0,0,0,0,0,0,0,0,9668,197,38870,1441,7823,TCGA-GM-A2DD-DX1_xmin47260_ymin22408_MPP-0.2500+193
0,5959,0,0,0,0,44217,0,0,0,0,0,0,0,0,0,0,0,0,0,0,0,0,0,0,0,5959,0,0,0,0,44217,0,0,0,0,0,0,0,0,0,0,0,0,0,0,0,0,0,0,0,5959,0,0,0,0,44217,0,0,0,0,0,0,0,0,0,0,0,0,0,0,0,0,0,0,6341,1351,35545,6939,9173,TCGA-GM-A2DD-DX1_xmin47260_ymin22408_MPP-0.2500+194
0,0,0,0,0,0,50176,0,0,0,0,0,0,0,0,0,0,0,0,0,0,0,0,0,0,0,0,0,0,0,0,50176,0,0,0,0,0,0,0,0,0,0,0,0,0,0,0,0,0,0,0,0,0,0,0,0,50176,0,0,0,0,0,0,0,0,0,0,0,0,0,0,0,0,0,0,3605,0,46496,75,4288,TCGA-GM-A2DD-DX1_xmin47260_ymin22408_MPP-0.2500+195
0,0,0,0,0,0,50176,0,0,0,0,0,0,0,0,0,0,0,0,0,0,0,0,0,0,0,0,0,0,0,0,50176,0,0,0,0,0,0,0,0,0,0,0,0,0,0,0,0,0,0,0,0,0,0,0,0,50176,0,0,0,0,0,0,0,0,0,0,0,0,0,0,0,0,0,0,4788,36,43842,1510,4734,TCGA-GM-A2DD-DX1_xmin47260_ymin22408_MPP-0.2500+196
0,0,0,0,0,0,50176,0,0,0,0,0,0,0,0,0,0,0,0,0,0,0,0,0,0,0,0,0,0,0,0,50176,0,0,0,0,0,0,0,0,0,0,0,0,0,0,0,0,0,0,0,0,0,0,0,0,50176,0,0,0,0,0,0,0,0,0,0,0,0,0,0,0,0,0,0,1436,0,48740,0,1271,TCGA-GM-A2DD-DX1_xmin47260_ymin22408_MPP-0.2500+197
0,0,0,0,0,0,50176,0,0,0,0,0,0,0,0,0,0,0,0,0,0,0,0,0,0,0,0,0,0,0,0,50176,0,0,0,0,0,0,0,0,0,0,0,0,0,0,0,0,0,0,0,0,0,0,0,0,50176,0,0,0,0,0,0,0,0,0,0,0,0,0,0,0,0,0,0,1553,0,48623,0,4123,TCGA-GM-A2DD-DX1_xmin47260_ymin22408_MPP-0.2500+198
0,11757,0,0,0,0,38419,0,0,0,0,0,0,0,0,0,0,0,0,0,0,0,0,0,0,0,11757,0,0,0,0,38419,0,0,0,0,0,0,0,0,0,0,0,0,0,0,0,0,0,0,0,11757,0,0,0,0,38419,0,0,0,0,0,0,0,0,0,0,0,0,0,0,0,0,0,0,2163,3135,41811,3067,7450,TCGA-GM-A2DD-DX1_xmin47260_ymin22408_MPP-0.2500+199
0,0,0,0,0,10545,0,10918,0,0,879,0,23103,0,0,0,0,0,0,0,0,0,0,0,4731,0,0,0,0,0,10437,0,11026,0,0,843,0,23139,0,0,0,0,0,0,0,0,0,0,0,4731,0,0,0,0,0,10369,0,11094,0,0,783,0,23199,0,0,0,0,0,0,0,0,0,0,0,4731,11240,3122,15278,15805,18874,TCGA-GM-A2DD-DX1_xmin47260_ymin22408_MPP-0.2500+2
0,0,0,0,0,0,50176,0,0,0,0,0,0,0,0,0,0,0,0,0,0,0,0,0,0,0,0,0,0,0,0,50176,0,0,0,0,0,0,0,0,0,0,0,0,0,0,0,0,0,0,0,0,0,0,0,0,50176,0,0,0,0,0,0,0,0,0,0,0,0,0,0,0,0,0,0,8364,0,39157,2655,6194,TCGA-GM-A2DD-DX1_xmin47260_ymin22408_MPP-0.2500+20
16308,2692,0,0,0,241,30935,0,0,0,0,0,0,0,0,0,0,0,0,0,0,0,0,0,0,16254,2746,0,0,0,215,30961,0,0,0,0,0,0,0,0,0,0,0,0,0,0,0,0,0,0,16353,2647,0,0,0,251,30925,0,0,0,0,0,0,0,0,0,0,0,0,0,0,0,0,0,0,6613,1449,39594,2520,5140,TCGA-GM-A2DD-DX1_xmin47260_ymin22408_MPP-0.2500+200
12841,5452,0,0,0,889,30994,0,0,0,0,0,0,0,0,0,0,0,0,0,0,0,0,0,0,0,18293,0,0,0,0,31883,0,0,0,0,0,0,0,0,0,0,0,0,0,0,0,0,0,0,0,18293,0,0,0,0,31883,0,0,0,0,0,0,0,0,0,0,0,0,0,0,0,0,0,0,3424,1745,38266,6741,5320,TCGA-GM-A2DD-DX1_xmin47260_ymin22408_MPP-0.2500+201
0,5223,0,0,0,0,44953,0,0,0,0,0,0,0,0,0,0,0,0,0,0,0,0,0,0,0,5223,0,0,0,0,44953,0,0,0,0,0,0,0,0,0,0,0,0,0,0,0,0,0,0,0,5223,0,0,0,0,44953,0,0,0,0,0,0,0,0,0,0,0,0,0,0,0,0,0,0,8104,3019,36509,2544,12372,TCGA-GM-A2DD-DX1_xmin47260_ymin22408_MPP-0.2500+202
0,0,0,0,0,0,50176,0,0,0,0,0,0,0,0,0,0,0,0,0,0,0,0,0,0,0,0,0,0,0,0,50176,0,0,0,0,0,0,0,0,0,0,0,0,0,0,0,0,0,0,0,0,0,0,0,0,50176,0,0,0,0,0,0,0,0,0,0,0,0,0,0,0,0,0,0,6030,0,42794,1352,6217,TCGA-GM-A2DD-DX1_xmin47260_ymin22408_MPP-0.2500+203
0,904,0,0,0,0,49272,0,0,0,0,0,0,0,0,0,0,0,0,0,0,0,0,0,0,0,904,0,0,0,0,49272,0,0,0,0,0,0,0,0,0,0,0,0,0,0,0,0,0,0,0,904,0,0,0,0,49272,0,0,0,0,0,0,0,0,0,0,0,0,0,0,0,0,0,0,2479,54,47447,196,3892,TCGA-GM-A2DD-DX1_xmin47260_ymin22408_MPP-0.2500+204
0,0,0,0,0,0,50176,0,0,0,0,0,0,0,0,0,0,0,0,0,0,0,0,0,0,0,0,0,0,0,0,50176,0,0,0,0,0,0,0,0,0,0,0,0,0,0,0,0,0,0,0,0,0,0,0,0,50176,0,0,0,0,0,0,0,0,0,0,0,0,0,0,0,0,0,0,3983,0,46070,123,4607,TCGA-GM-A2DD-DX1_xmin47260_ymin22408_MPP-0.2500+205
0,5627,0,0,0,0,44549,0,0,0,0,0,0,0,0,0,0,0,0,0,0,0,0,0,0,0,5627,0,0,0,0,44549,0,0,0,0,0,0,0,0,0,0,0,0,0,0,0,0,0,0,0,5627,0,0,0,0,44549,0,0,0,0,0,0,0,0,0,0,0,0,0,0,0,0,0,0,7588,1020,35853,5715,9584,TCGA-GM-A2DD-DX1_xmin47260_ymin22408_MPP-0.2500+206
11082,2234,0,0,0,799,36061,0,0,0,0,0,0,0,0,0,0,0,0,0,0,0,0,0,0,10965,2351,0,0,0,823,36037,0,0,0,0,0,0,0,0,0,0,0,0,0,0,0,0,0,0,11004,2312,0,0,0,904,35956,0,0,0,0,0,0,0,0,0,0,0,0,0,0,0,0,0,0,2825,1987,44376,988,5103,TCGA-GM-A2DD-DX1_xmin47260_ymin22408_MPP-0.2500+207
27521,9922,0,0,0,1843,10890,0,0,0,0,0,0,0,0,0,0,0,0,0,0,0,0,0,0,27194,10249,0,0,0,1823,10910,0,0,0,0,0,0,0,0,0,0,0,0,0,0,0,0,0,0,27009,10434,0,0,0,1796,10937,0,0,0,0,0,0,0,0,0,0,0,0,0,0,0,0,0,0,3946,4967,34038,7225,13027,TCGA-GM-A2DD-DX1_xmin47260_ymin22408_MPP-0.2500+208
6482,999,0,0,0,21589,21106,0,0,0,0,0,0,0,0,0,0,0,0,0,0,0,0,0,0,6470,1011,0,0,0,21046,21649,0,0,0,0,0,0,0,0,0,0,0,0,0,0,0,0,0,0,6436,1045,0,0,0,20735,21960,0,0,0,0,0,0,0,0,0,0,0,0,0,0,0,0,0,0,4834,3668,24279,17395,11151,TCGA-GM-A2DD-DX1_xmin47260_ymin22408_MPP-0.2500+209
0,0,0,0,0,0,50176,0,0,0,0,0,0,0,0,0,0,0,0,0,0,0,0,0,0,0,0,0,0,0,1,50175,0,0,0,0,0,0,0,0,0,0,0,0,0,0,0,0,0,0,0,0,0,0,0,0,50176,0,0,0,0,0,0,0,0,0,0,0,0,0,0,0,0,0,0,10555,0,37610,2011,7889,TCGA-GM-A2DD-DX1_xmin47260_ymin22408_MPP-0.2500+21
0,0,0,0,0,1,50175,0,0,0,0,0,0,0,0,0,0,0,0,0,0,0,0,0,0,0,0,0,0,0,0,50176,0,0,0,0,0,0,0,0,0,0,0,0,0,0,0,0,0,0,0,0,0,0,0,0,50176,0,0,0,0,0,0,0,0,0,0,0,0,0,0,0,0,0,0,5331,1388,39807,3650,10428,TCGA-GM-A2DD-DX1_xmin47260_ymin22408_MPP-0.2500+210
0,0,0,0,0,0,50176,0,0,0,0,0,0,0,0,0,0,0,0,0,0,0,0,0,0,0,0,0,0,0,0,50176,0,0,0,0,0,0,0,0,0,0,0,0,0,0,0,0,0,0,0,0,0,0,0,0,50176,0,0,0,0,0,0,0,0,0,0,0,0,0,0,0,0,0,0,6215,0,43106,855,6834,TCGA-GM-A2DD-DX1_xmin47260_ymin22408_MPP-0.2500+211
0,0,0,0,0,0,50176,0,0,0,0,0,0,0,0,0,0,0,0,0,0,0,0,0,0,0,0,0,0,0,0,50176,0,0,0,0,0,0,0,0,0,0,0,0,0,0,0,0,0,0,0,0,0,0,0,0,50176,0,0,0,0,0,0,0,0,0,0,0,0,0,0,0,0,0,0,1820,0,48356,0,3273,TCGA-GM-A2DD-DX1_xmin47260_ymin22408_MPP-0.2500+212
0,0,0,0,0,0,50176,0,0,0,0,0,0,0,0,0,0,0,0,0,0,0,0,0,0,0,0,0,0,0,0,50176,0,0,0,0,0,0,0,0,0,0,0,0,0,0,0,0,0,0,0,0,0,0,0,0,50176,0,0,0,0,0,0,0,0,0,0,0,0,0,0,0,0,0,0,2075,0,48101,0,2460,TCGA-GM-A2DD-DX1_xmin47260_ymin22408_MPP-0.2500+213
0,220,0,0,0,0,49956,0,0,0,0,0,0,0,0,0,0,0,0,0,0,0,0,0,0,0,220,0,0,0,0,49956,0,0,0,0,0,0,0,0,0,0,0,0,0,0,0,0,0,0,0,220,0,0,0,0,49956,0,0,0,0,0,0,0,0,0,0,0,0,0,0,0,0,0,0,3462,0,46494,220,4097,TCGA-GM-A2DD-DX1_xmin47260_ymin22408_MPP-0.2500+214
0,4844,0,0,0,0,45332,0,0,0,0,0,0,0,0,0,0,0,0,0,0,0,0,0,0,0,4844,0,0,0,0,45332,0,0,0,0,0,0,0,0,0,0,0,0,0,0,0,0,0,0,0,4844,0,0,0,0,45332,0,0,0,0,0,0,0,0,0,0,0,0,0,0,0,0,0,0,4768,433,44377,598,4363,TCGA-GM-A2DD-DX1_xmin47260_ymin22408_MPP-0.2500+215
0,0,0,0,0,0,50176,0,0,0,0,0,0,0,0,0,0,0,0,0,0,0,0,0,0,0,0,0,0,0,0,50176,0,0,0,0,0,0,0,0,0,0,0,0,0,0,0,0,0,0,0,0,0,0,0,0,50176,0,0,0,0,0,0,0,0,0,0,0,0,0,0,0,0,0,0,2328,0,47848,0,1886,TCGA-GM-A2DD-DX1_xmin47260_ymin22408_MPP-0.2500+216
0,0,0,0,0,0,50176,0,0,0,0,0,0,0,0,0,0,0,0,0,0,0,0,0,0,0,0,0,0,0,0,50176,0,0,0,0,0,0,0,0,0,0,0,0,0,0,0,0,0,0,0,0,0,0,0,0,50176,0,0,0,0,0,0,0,0,0,0,0,0,0,0,0,0,0,0,2087,0,48089,0,2947,TCGA-GM-A2DD-DX1_xmin47260_ymin22408_MPP-0.2500+217
0,0,0,0,0,0,50176,0,0,0,0,0,0,0,0,0,0,0,0,0,0,0,0,0,0,0,0,0,0,0,0,50176,0,0,0,0,0,0,0,0,0,0,0,0,0,0,0,0,0,0,0,0,0,0,0,0,50176,0,0,0,0,0,0,0,0,0,0,0,0,0,0,0,0,0,0,2706,0,46415,1055,3016,TCGA-GM-A2DD-DX1_xmin47260_ymin22408_MPP-0.2500+218
0,0,0,0,0,0,50176,0,0,0,0,0,0,0,0,0,0,0,0,0,0,0,0,0,0,0,0,0,0,0,0,50176,0,0,0,0,0,0,0,0,0,0,0,0,0,0,0,0,0,0,0,0,0,0,0,0,50176,0,0,0,0,0,0,0,0,0,0,0,0,0,0,0,0,0,0,5610,0,43586,980,3404,TCGA-GM-A2DD-DX1_xmin47260_ymin22408_MPP-0.2500+219
0,0,0,0,0,0,50176,0,0,0,0,0,0,0,0,0,0,0,0,0,0,0,0,0,0,0,0,0,0,0,0,50176,0,0,0,0,0,0,0,0,0,0,0,0,0,0,0,0,0,0,0,0,0,0,0,0,50176,0,0,0,0,0,0,0,0,0,0,0,0,0,0,0,0,0,0,7439,0,42604,133,7652,TCGA-GM-A2DD-DX1_xmin47260_ymin22408_MPP-0.2500+22
8873,351,0,0,0,1846,39106,0,0,0,0,0,0,0,0,0,0,0,0,0,0,0,0,0,0,8860,364,0,0,0,1763,39189,0,0,0,0,0,0,0,0,0,0,0,0,0,0,0,0,0,0,8832,392,0,0,0,1882,39070,0,0,0,0,0,0,0,0,0,0,0,0,0,0,0,0,0,0,5006,932,41998,2240,8899,TCGA-GM-A2DD-DX1_xmin47260_ymin22408_MPP-0.2500+220
4918,5741,0,0,0,402,39115,0,0,0,0,0,0,0,0,0,0,0,0,0,0,0,0,0,0,4757,5902,0,0,0,343,39174,0,0,0,0,0,0,0,0,0,0,0,0,0,0,0,0,0,0,4603,6056,0,0,0,651,38866,0,0,0,0,0,0,0,0,0,0,0,0,0,0,0,0,0,0,2808,2010,40434,4924,5678,TCGA-GM-A2DD-DX1_xmin47260_ymin22408_MPP-0.2500+221
9393,1161,0,0,0,3336,36286,0,0,0,0,0,0,0,0,0,0,0,0,0,0,0,0,0,0,9217,1337,0,0,0,2637,36985,0,0,0,0,0,0,0,0,0,0,0,0,0,0,0,0,0,0,9421,1133,0,0,0,2978,36644,0,0,0,0,0,0,0,0,0,0,0,0,0,0,0,0,0,0,3588,1904,41125,3559,4847,TCGA-GM-A2DD-DX1_xmin47260_ymin22408_MPP-0.2500+222
11869,5010,0,0,0,1998,31299,0,0,0,0,0,0,0,0,0,0,0,0,0,0,0,0,0,0,11884,4995,0,0,0,1976,31321,0,0,0,0,0,0,0,0,0,0,0,0,0,0,0,0,0,0,11870,5009,0,0,0,1979,31318,0,0,0,0,0,0,0,0,0,0,0,0,0,0,0,0,0,0,4623,3209,37145,5199,8914,TCGA-GM-A2DD-DX1_xmin47260_ymin22408_MPP-0.2500+223
0,13,0,0,0,0,50163,0,0,0,0,0,0,0,0,0,0,0,0,0,0,0,0,0,0,0,13,0,0,0,0,50163,0,0,0,0,0,0,0,0,0,0,0,0,0,0,0,0,0,0,0,13,0,0,0,0,50163,0,0,0,0,0,0,0,0,0,0,0,0,0,0,0,0,0,0,7559,187,39491,2939,5533,TCGA-GM-A2DD-DX1_xmin47260_ymin22408_MPP-0.2500+224
0,0,0,0,0,0,50176,0,0,0,0,0,0,0,0,0,0,0,0,0,0,0,0,0,0,0,0,0,0,0,0,50176,0,0,0,0,0,0,0,0,0,0,0,0,0,0,0,0,0,0,0,0,0,0,0,0,50176,0,0,0,0,0,0,0,0,0,0,0,0,0,0,0,0,0,0,6440,37,42135,1564,10849,TCGA-GM-A2DD-DX1_xmin47260_ymin22408_MPP-0.2500+225
0,0,0,0,0,0,50176,0,0,0,0,0,0,0,0,0,0,0,0,0,0,0,0,0,0,0,0,0,0,0,0,50176,0,0,0,0,0,0,0,0,0,0,0,0,0,0,0,0,0,0,0,0,0,0,0,0,50176,0,0,0,0,0,0,0,0,0,0,0,0,0,0,0,0,0,0,2589,0,47587,0,2739,TCGA-GM-A2DD-DX1_xmin47260_ymin22408_MPP-0.2500+226
0,0,0,0,0,0,50176,0,0,0,0,0,0,0,0,0,0,0,0,0,0,0,0,0,0,0,0,0,0,0,0,50176,0,0,0,0,0,0,0,0,0,0,0,0,0,0,0,0,0,0,0,0,0,0,0,0,50176,0,0,0,0,0,0,0,0,0,0,0,0,0,0,0,0,0,0,855,0,49321,0,3702,TCGA-GM-A2DD-DX1_xmin47260_ymin22408_MPP-0.2500+227
0,0,0,0,0,0,50176,0,0,0,0,0,0,0,0,0,0,0,0,0,0,0,0,0,0,0,0,0,0,0,0,50176,0,0,0,0,0,0,0,0,0,0,0,0,0,0,0,0,0,0,0,0,0,0,0,0,50176,0,0,0,0,0,0,0,0,0,0,0,0,0,0,0,0,0,0,3449,0,46727,0,3146,TCGA-GM-A2DD-DX1_xmin47260_ymin22408_MPP-0.2500+228
0,0,0,0,0,0,50176,0,0,0,0,0,0,0,0,0,0,0,0,0,0,0,0,0,0,0,0,0,0,0,0,50176,0,0,0,0,0,0,0,0,0,0,0,0,0,0,0,0,0,0,0,0,0,0,0,0,50176,0,0,0,0,0,0,0,0,0,0,0,0,0,0,0,0,0,0,2706,0,47470,0,3663,TCGA-GM-A2DD-DX1_xmin47260_ymin22408_MPP-0.2500+229
0,0,0,0,0,0,50176,0,0,0,0,0,0,0,0,0,0,0,0,0,0,0,0,0,0,0,0,0,0,0,0,50176,0,0,0,0,0,0,0,0,0,0,0,0,0,0,0,0,0,0,0,0,0,0,0,0,50176,0,0,0,0,0,0,0,0,0,0,0,0,0,0,0,0,0,0,2301,0,47875,0,2627,TCGA-GM-A2DD-DX1_xmin47260_ymin22408_MPP-0.2500+23
0,0,0,0,0,0,50176,0,0,0,0,0,0,0,0,0,0,0,0,0,0,0,0,0,0,0,0,0,0,0,48,50128,0,0,0,0,0,0,0,0,0,0,0,0,0,0,0,0,0,0,0,0,0,0,0,16,50160,0,0,0,0,0,0,0,0,0,0,0,0,0,0,0,0,0,0,6914,754,39316,3192,9661,TCGA-GM-A2DD-DX1_xmin47260_ymin22408_MPP-0.2500+230
0,7410,0,0,0,0,42766,0,0,0,0,0,0,0,0,0,0,0,0,0,0,0,0,0,0,0,7410,0,0,0,0,42766,0,0,0,0,0,0,0,0,0,0,0,0,0,0,0,0,0,0,0,7410,0,0,0,0,42766,0,0,0,0,0,0,0,0,0,0,0,0,0,0,0,0,0,0,5207,1080,42178,1711,7532,TCGA-GM-A2DD-DX1_xmin47260_ymin22408_MPP-0.2500+231
8041,695,0,0,0,2667,38773,0,0,0,0,0,0,0,0,0,0,0,0,0,0,0,0,0,0,7910,826,0,0,0,2439,39001,0,0,0,0,0,0,0,0,0,0,0,0,0,0,0,0,0,0,8015,721,0,0,0,3078,38362,0,0,0,0,0,0,0,0,0,0,0,0,0,0,0,0,0,0,5567,1297,41650,1662,4285,TCGA-GM-A2DD-DX1_xmin47260_ymin22408_MPP-0.2500+232
0,1783,0,0,0,0,48393,0,0,0,0,0,0,0,0,0,0,0,0,0,0,0,0,0,0,0,1783,0,0,0,0,48393,0,0,0,0,0,0,0,0,0,0,0,0,0,0,0,0,0,0,0,1783,0,0,0,0,48393,0,0,0,0,0,0,0,0,0,0,0,0,0,0,0,0,0,0,2459,1037,46254,426,3500,TCGA-GM-A2DD-DX1_xmin47260_ymin22408_MPP-0.2500+233
12836,1928,0,0,0,2636,32776,0,0,0,0,0,0,0,0,0,0,0,0,0,0,0,0,0,0,12746,2018,0,0,0,2612,32800,0,0,0,0,0,0,0,0,0,0,0,0,0,0,0,0,0,0,12603,2161,0,0,0,2602,32810,0,0,0,0,0,0,0,0,0,0,0,0,0,0,0,0,0,0,1846,479,43452,4399,5102,TCGA-GM-A2DD-DX1_xmin47260_ymin22408_MPP-0.2500+234
0,2184,0,0,0,0,47992,0,0,0,0,0,0,0,0,0,0,0,0,0,0,0,0,0,0,0,2184,0,0,0,0,47992,0,0,0,0,0,0,0,0,0,0,0,0,0,0,0,0,0,0,0,2184,0,0,0,0,47992,0,0,0,0,0,0,0,0,0,0,0,0,0,0,0,0,0,0,6601,799,40696,2080,8475,TCGA-GM-A2DD-DX1_xmin47260_ymin22408_MPP-0.2500+235
0,828,0,0,0,0,49348,0,0,0,0,0,0,0,0,0,0,0,0,0,0,0,0,0,0,0,828,0,0,0,0,49348,0,0,0,0,0,0,0,0,0,0,0,0,0,0,0,0,0,0,0,828,0,0,0,0,49348,0,0,0,0,0,0,0,0,0,0,0,0,0,0,0,0,0,0,6173,214,43586,203,6488,TCGA-GM-A2DD-DX1_xmin47260_ymin22408_MPP-0.2500+236
0,44,0,0,0,0,50132,0,0,0,0,0,0,0,0,0,0,0,0,0,0,0,0,0,0,0,44,0,0,0,0,50132,0,0,0,0,0,0,0,0,0,0,0,0,0,0,0,0,0,0,0,44,0,0,0,0,50132,0,0,0,0,0,0,0,0,0,0,0,0,0,0,0,0,0,0,11390,0,37021,1765,12076,TCGA-GM-A2DD-DX1_xmin47260_ymin22408_MPP-0.2500+237
2152,41,0,0,0,4052,43931,0,0,0,0,0,0,0,0,0,0,0,0,0,0,0,0,0,0,2149,44,0,0,0,3809,44174,0,0,0,0,0,0,0,0,0,0,0,0,0,0,0,0,0,0,2129,64,0,0,0,3626,44357,0,0,0,0,0,0,0,0,0,0,0,0,0,0,0,0,0,0,7096,29,39248,3803,8218,TCGA-GM-A2DD-DX1_xmin47260_ymin22408_MPP-0.2500+238
0,0,0,0,0,0,50176,0,0,0,0,0,0,0,0,0,0,0,0,0,0,0,0,0,0,0,0,0,0,0,0,50176,0,0,0,0,0,0,0,0,0,0,0,0,0,0,0,0,0,0,0,0,0,0,0,1,50175,0,0,0,0,0,0,0,0,0,0,0,0,0,0,0,0,0,0,770,0,49406,0,4472,TCGA-GM-A2DD-DX1_xmin47260_ymin22408_MPP-0.2500+239
0,0,0,0,0,0,50176,0,0,0,0,0,0,0,0,0,0,0,0,0,0,0,0,0,0,0,0,0,0,0,0,50176,0,0,0,0,0,0,0,0,0,0,0,0,0,0,0,0,0,0,0,0,0,0,0,0,50176,0,0,0,0,0,0,0,0,0,0,0,0,0,0,0,0,0,0,703,0,49473,0,2457,TCGA-GM-A2DD-DX1_xmin47260_ymin22408_MPP-0.2500+24
0,0,0,0,0,0,50176,0,0,0,0,0,0,0,0,0,0,0,0,0,0,0,0,0,0,0,0,0,0,0,0,50176,0,0,0,0,0,0,0,0,0,0,0,0,0,0,0,0,0,0,0,0,0,0,0,0,50176,0,0,0,0,0,0,0,0,0,0,0,0,0,0,0,0,0,0,7946,0,41564,666,6831,TCGA-GM-A2DD-DX1_xmin47260_ymin22408_MPP-0.2500+240
0,0,0,0,0,0,50176,0,0,0,0,0,0,0,0,0,0,0,0,0,0,0,0,0,0,0,0,0,0,0,0,50176,0,0,0,0,0,0,0,0,0,0,0,0,0,0,0,0,0,0,0,0,0,0,0,0,50176,0,0,0,0,0,0,0,0,0,0,0,0,0,0,0,0,0,0,1197,0,48810,169,2453,TCGA-GM-A2DD-DX1_xmin47260_ymin22408_MPP-0.2500+241
0,0,0,0,0,0,50176,0,0,0,0,0,0,0,0,0,0,0,0,0,0,0,0,0,0,0,0,0,0,0,0,50176,0,0,0,0,0,0,0,0,0,0,0,0,0,0,0,0,0,0,0,0,0,0,0,32,50144,0,0,0,0,0,0,0,0,0,0,0,0,0,0,0,0,0,0,6057,839,35595,7685,6876,TCGA-GM-A2DD-DX1_xmin47260_ymin22408_MPP-0.2500+242
0,0,0,0,0,0,50176,0,0,0,0,0,0,0,0,0,0,0,0,0,0,0,0,0,0,0,0,0,0,0,0,50176,0,0,0,0,0,0,0,0,0,0,0,0,0,0,0,0,0,0,0,0,0,0,0,0,50176,0,0,0,0,0,0,0,0,0,0,0,0,0,0,0,0,0,0,3740,0,46143,293,3863,TCGA-GM-A2DD-DX1_xmin47260_ymin22408_MPP-0.2500+243
0,0,0,0,0,0,50176,0,0,0,0,0,0,0,0,0,0,0,0,0,0,0,0,0,0,0,0,0,0,0,0,50176,0,0,0,0,0,0,0,0,0,0,0,0,0,0,0,0,0,0,0,0,0,0,0,0,50176,0,0,0,0,0,0,0,0,0,0,0,0,0,0,0,0,0,0,2204,0,47972,0,2707,TCGA-GM-A2DD-DX1_xmin47260_ymin22408_MPP-0.2500+244
0,0,0,0,0,0,50176,0,0,0,0,0,0,0,0,0,0,0,0,0,0,0,0,0,0,0,0,0,0,0,0,50176,0,0,0,0,0,0,0,0,0,0,0,0,0,0,0,0,0,0,0,0,0,0,0,0,50176,0,0,0,0,0,0,0,0,0,0,0,0,0,0,0,0,0,0,7404,0,42772,0,12684,TCGA-GM-A2DD-DX1_xmin47260_ymin22408_MPP-0.2500+245
0,1,0,0,0,0,50175,0,0,0,0,0,0,0,0,0,0,0,0,0,0,0,0,0,0,0,1,0,0,0,0,50175,0,0,0,0,0,0,0,0,0,0,0,0,0,0,0,0,0,0,0,1,0,0,0,0,50175,0,0,0,0,0,0,0,0,0,0,0,0,0,0,0,0,0,0,3512,0,45668,996,6449,TCGA-GM-A2DD-DX1_xmin47260_ymin22408_MPP-0.2500+246
2643,3180,0,0,0,4272,40081,0,0,0,0,0,0,0,0,0,0,0,0,0,0,0,0,0,0,2736,3087,0,0,0,4519,39834,0,0,0,0,0,0,0,0,0,0,0,0,0,0,0,0,0,0,2498,3325,0,0,0,4599,39754,0,0,0,0,0,0,0,0,0,0,0,0,0,0,0,0,0,0,6391,2228,38769,2788,9413,TCGA-GM-A2DD-DX1_xmin47260_ymin22408_MPP-0.2500+247
32834,2547,0,0,0,0,14795,0,0,0,0,0,0,0,0,0,0,0,0,0,0,0,0,0,0,32990,2391,0,0,0,0,14795,0,0,0,0,0,0,0,0,0,0,0,0,0,0,0,0,0,0,33002,2379,0,0,0,212,14583,0,0,0,0,0,0,0,0,0,0,0,0,0,0,0,0,0,0,4338,1345,42420,2073,6340,TCGA-GM-A2DD-DX1_xmin47260_ymin22408_MPP-0.2500+248
48638,0,0,0,0,1538,0,0,0,0,0,0,0,0,0,0,0,0,0,0,0,0,0,0,0,48638,0,0,0,0,1538,0,0,0,0,0,0,0,0,0,0,0,0,0,0,0,0,0,0,0,48638,0,0,0,0,1538,0,0,0,0,0,0,0,0,0,0,0,0,0,0,0,0,0,0,0,2496,312,44015,3353,7370,TCGA-GM-A2DD-DX1_xmin47260_ymin22408_MPP-0.2500+249
0,0,0,0,0,0,50176,0,0,0,0,0,0,0,0,0,0,0,0,0,0,0,0,0,0,0,0,0,0,0,0,50176,0,0,0,0,0,0,0,0,0,0,0,0,0,0,0,0,0,0,0,0,0,0,0,0,50176,0,0,0,0,0,0,0,0,0,0,0,0,0,0,0,0,0,0,512,0,49664,0,797,TCGA-GM-A2DD-DX1_xmin47260_ymin22408_MPP-0.2500+25
0,2745,0,0,0,0,47431,0,0,0,0,0,0,0,0,0,0,0,0,0,0,0,0,0,0,0,2745,0,0,0,0,47431,0,0,0,0,0,0,0,0,0,0,0,0,0,0,0,0,0,0,0,2745,0,0,0,0,47431,0,0,0,0,0,0,0,0,0,0,0,0,0,0,0,0,0,0,9151,532,36908,3585,11618,TCGA-GM-A2DD-DX1_xmin47260_ymin22408_MPP-0.2500+250
0,0,0,0,0,0,50176,0,0,0,0,0,0,0,0,0,0,0,0,0,0,0,0,0,0,0,0,0,0,0,0,50176,0,0,0,0,0,0,0,0,0,0,0,0,0,0,0,0,0,0,0,0,0,0,0,0,50176,0,0,0,0,0,0,0,0,0,0,0,0,0,0,0,0,0,0,8075,23,39562,2516,8795,TCGA-GM-A2DD-DX1_xmin47260_ymin22408_MPP-0.2500+251
0,0,0,0,0,0,50176,0,0,0,0,0,0,0,0,0,0,0,0,0,0,0,0,0,0,0,0,0,0,0,0,50176,0,0,0,0,0,0,0,0,0,0,0,0,0,0,0,0,0,0,0,0,0,0,0,0,50176,0,0,0,0,0,0,0,0,0,0,0,0,0,0,0,0,0,0,1843,0,48333,0,2219,TCGA-GM-A2DD-DX1_xmin47260_ymin22408_MPP-0.2500+252
0,0,0,0,0,0,50176,0,0,0,0,0,0,0,0,0,0,0,0,0,0,0,0,0,0,0,0,0,0,0,0,50176,0,0,0,0,0,0,0,0,0,0,0,0,0,0,0,0,0,0,0,0,0,0,0,0,50176,0,0,0,0,0,0,0,0,0,0,0,0,0,0,0,0,0,0,1743,0,48433,0,2049,TCGA-GM-A2DD-DX1_xmin47260_ymin22408_MPP-0.2500+253
0,368,0,0,0,0,49808,0,0,0,0,0,0,0,0,0,0,0,0,0,0,0,0,0,0,0,368,0,0,0,0,49808,0,0,0,0,0,0,0,0,0,0,0,0,0,0,0,0,0,0,0,368,0,0,0,0,49808,0,0,0,0,0,0,0,0,0,0,0,0,0,0,0,0,0,0,414,281,49437,44,671,TCGA-GM-A2DD-DX1_xmin47260_ymin22408_MPP-0.2500+254
16,5589,0,0,0,0,44571,0,0,0,0,0,0,0,0,0,0,0,0,0,0,0,0,0,0,16,5589,0,0,0,0,44571,0,0,0,0,0,0,0,0,0,0,0,0,0,0,0,0,0,0,16,5589,0,0,0,0,44571,0,0,0,0,0,0,0,0,0,0,0,0,0,0,0,0,0,0,1196,1511,45111,2358,4948,TCGA-GM-A2DD-DX1_xmin47260_ymin22408_MPP-0.2500+255
0,17187,0,0,0,0,32989,0,0,0,0,0,0,0,0,0,0,0,0,0,0,0,0,0,0,0,17187,0,0,0,0,32989,0,0,0,0,0,0,0,0,0,0,0,0,0,0,0,0,0,0,0,17187,0,0,0,0,32989,0,0,0,0,0,0,0,0,0,0,0,0,0,0,0,0,0,0,3760,2548,39474,4394,9607,TCGA-GM-A2DD-DX1_xmin47260_ymin22408_MPP-0.2500+256
0,5929,0,0,0,0,44247,0,0,0,0,0,0,0,0,0,0,0,0,0,0,0,0,0,0,0,5929,0,0,0,0,44247,0,0,0,0,0,0,0,0,0,0,0,0,0,0,0,0,0,0,0,5929,0,0,0,0,44247,0,0,0,0,0,0,0,0,0,0,0,0,0,0,0,0,0,0,7237,3038,35137,4764,9080,TCGA-GM-A2DD-DX1_xmin47260_ymin22408_MPP-0.2500+257
0,0,0,0,0,0,50176,0,0,0,0,0,0,0,0,0,0,0,0,0,0,0,0,0,0,0,0,0,0,0,0,50176,0,0,0,0,0,0,0,0,0,0,0,0,0,0,0,0,0,0,0,0,0,0,0,0,50176,0,0,0,0,0,0,0,0,0,0,0,0,0,0,0,0,0,0,2076,0,48100,0,4027,TCGA-GM-A2DD-DX1_xmin47260_ymin22408_MPP-0.2500+258
0,0,0,0,0,0,50176,0,0,0,0,0,0,0,0,0,0,0,0,0,0,0,0,0,0,0,0,0,0,0,0,50176,0,0,0,0,0,0,0,0,0,0,0,0,0,0,0,0,0,0,0,0,0,0,0,0,50176,0,0,0,0,0,0,0,0,0,0,0,0,0,0,0,0,0,0,3305,0,46871,0,4468,TCGA-GM-A2DD-DX1_xmin47260_ymin22408_MPP-0.2500+259
0,0,0,0,0,0,50176,0,0,0,0,0,0,0,0,0,0,0,0,0,0,0,0,0,0,0,0,0,0,0,0,50176,0,0,0,0,0,0,0,0,0,0,0,0,0,0,0,0,0,0,0,0,0,0,0,0,50176,0,0,0,0,0,0,0,0,0,0,0,0,0,0,0,0,0,0,518,0,49658,0,5674,TCGA-GM-A2DD-DX1_xmin47260_ymin22408_MPP-0.2500+26
0,0,0,0,0,0,44530,0,0,0,0,0,0,0,0,0,0,0,0,0,0,0,0,0,5646,0,0,0,0,0,0,44530,0,0,0,0,0,0,0,0,0,0,0,0,0,0,0,0,0,5646,0,0,0,0,0,0,44530,0,0,0,0,0,0,0,0,0,0,0,0,0,0,0,0,0,5646,3659,0,40871,0,4141,TCGA-GM-A2DD-DX1_xmin47260_ymin22408_MPP-0.2500+260
0,0,0,0,0,0,33174,0,0,0,0,0,0,0,0,0,0,0,0,0,0,0,0,0,17002,0,0,0,0,0,0,33174,0,0,0,0,0,0,0,0,0,0,0,0,0,0,0,0,0,17002,0,0,0,0,0,0,33174,0,0,0,0,0,0,0,0,0,0,0,0,0,0,0,0,0,17002,5987,86,22226,4875,10181,TCGA-GM-A2DD-DX1_xmin47260_ymin22408_MPP-0.2500+261
0,8,0,0,0,0,50168,0,0,0,0,0,0,0,0,0,0,0,0,0,0,0,0,0,0,0,8,0,0,0,0,50168,0,0,0,0,0,0,0,0,0,0,0,0,0,0,0,0,0,0,0,8,0,0,0,0,50168,0,0,0,0,0,0,0,0,0,0,0,0,0,0,0,0,0,0,5084,0,45084,8,6498,TCGA-GM-A2DD-DX1_xmin47260_ymin22408_MPP-0.2500+262
17726,1433,0,0,0,1284,29733,0,0,0,0,0,0,0,0,0,0,0,0,0,0,0,0,0,0,17603,1556,0,0,0,1153,29864,0,0,0,0,0,0,0,0,0,0,0,0,0,0,0,0,0,0,17651,1508,0,0,0,1274,29743,0,0,0,0,0,0,0,0,0,0,0,0,0,0,0,0,0,0,3932,1287,43068,1889,8727,TCGA-GM-A2DD-DX1_xmin47260_ymin22408_MPP-0.2500+263
14819,10245,0,0,0,27,25085,0,0,0,0,0,0,0,0,0,0,0,0,0,0,0,0,0,0,14922,10142,0,0,0,32,25080,0,0,0,0,0,0,0,0,0,0,0,0,0,0,0,0,0,0,15103,9961,0,0,0,27,25085,0,0,0,0,0,0,0,0,0,0,0,0,0,0,0,0,0,0,2542,3940,37329,6365,10439,TCGA-GM-A2DD-DX1_xmin47260_ymin22408_MPP-0.2500+264
0,0,0,0,0,0,50176,0,0,0,0,0,0,0,0,0,0,0,0,0,0,0,0,0,0,0,0,0,0,0,0,50176,0,0,0,0,0,0,0,0,0,0,0,0,0,0,0,0,0,0,0,0,0,0,0,0,50176,0,0,0,0,0,0,0,0,0,0,0,0,0,0,0,0,0,0,7416,0,42553,207,8401,TCGA-GM-A2DD-DX1_xmin47260_ymin22408_MPP-0.2500+265
0,0,0,0,0,0,50176,0,0,0,0,0,0,0,0,0,0,0,0,0,0,0,0,0,0,0,0,0,0,0,0,50176,0,0,0,0,0,0,0,0,0,0,0,0,0,0,0,0,0,0,0,0,0,0,0,0,50176,0,0,0,0,0,0,0,0,0,0,0,0,0,0,0,0,0,0,3295,0,45311,1570,4258,TCGA-GM-A2DD-DX1_xmin47260_ymin22408_MPP-0.2500+266
0,0,0,0,0,0,50176,0,0,0,0,0,0,0,0,0,0,0,0,0,0,0,0,0,0,0,0,0,0,0,0,50176,0,0,0,0,0,0,0,0,0,0,0,0,0,0,0,0,0,0,0,0,0,0,0,0,50176,0,0,0,0,0,0,0,0,0,0,0,0,0,0,0,0,0,0,3779,0,45389,1008,5645,TCGA-GM-A2DD-DX1_xmin47260_ymin22408_MPP-0.2500+267
0,0,0,0,0,0,50176,0,0,0,0,0,0,0,0,0,0,0,0,0,0,0,0,0,0,0,0,0,0,0,0,50176,0,0,0,0,0,0,0,0,0,0,0,0,0,0,0,0,0,0,0,0,0,0,0,0,50176,0,0,0,0,0,0,0,0,0,0,0,0,0,0,0,0,0,0,3094,0,47003,79,4680,TCGA-GM-A2DD-DX1_xmin47260_ymin22408_MPP-0.2500+268
25496,8561,0,0,0,1827,14292,0,0,0,0,0,0,0,0,0,0,0,0,0,0,0,0,0,0,25449,8608,0,0,0,1743,14376,0,0,0,0,0,0,0,0,0,0,0,0,0,0,0,0,0,0,25456,8601,0,0,0,1730,14389,0,0,0,0,0,0,0,0,0,0,0,0,0,0,0,0,0,0,1730,4960,38192,5294,6543,TCGA-GM-A2DD-DX1_xmin47260_ymin22408_MPP-0.2500+269
0,0,0,0,0,0,29767,0,0,0,0,0,0,0,0,0,0,0,0,0,0,0,0,0,20409,0,0,0,0,0,0,29767,0,0,0,0,0,0,0,0,0,0,0,0,0,0,0,0,0,20409,0,0,0,0,0,0,29767,0,0,0,0,0,0,0,0,0,0,0,0,0,0,0,0,0,20409,4,0,29763,0,0,TCGA-GM-A2DD-DX1_xmin47260_ymin22408_MPP-0.2500+27
28385,7848,0,0,0,0,13943,0,0,0,0,0,0,0,0,0,0,0,0,0,0,0,0,0,0,28628,7605,0,0,0,0,13943,0,0,0,0,0,0,0,0,0,0,0,0,0,0,0,0,0,0,29038,7195,0,0,0,0,13943,0,0,0,0,0,0,0,0,0,0,0,0,0,0,0,0,0,0,3033,3779,37670,5694,5597,TCGA-GM-A2DD-DX1_xmin47260_ymin22408_MPP-0.2500+270
50176,0,0,0,0,0,0,0,0,0,0,0,0,0,0,0,0,0,0,0,0,0,0,0,0,50176,0,0,0,0,0,0,0,0,0,0,0,0,0,0,0,0,0,0,0,0,0,0,0,0,50176,0,0,0,0,0,0,0,0,0,0,0,0,0,0,0,0,0,0,0,0,0,0,0,0,3924,997,42503,2752,7088,TCGA-GM-A2DD-DX1_xmin47260_ymin22408_MPP-0.2500+271
27090,11529,0,0,0,563,10994,0,0,0,0,0,0,0,0,0,0,0,0,0,0,0,0,0,0,27049,11570,0,0,0,575,10982,0,0,0,0,0,0,0,0,0,0,0,0,0,0,0,0,0,0,26867,11752,0,0,0,534,11023,0,0,0,0,0,0,0,0,0,0,0,0,0,0,0,0,0,0,2512,1882,37344,8438,12394,TCGA-GM-A2DD-DX1_xmin47260_ymin22408_MPP-0.2500+272
7440,4715,0,0,0,2826,35195,0,0,0,0,0,0,0,0,0,0,0,0,0,0,0,0,0,0,0,12155,0,0,0,0,38021,0,0,0,0,0,0,0,0,0,0,0,0,0,0,0,0,0,0,0,12155,0,0,0,0,38021,0,0,0,0,0,0,0,0,0,0,0,0,0,0,0,0,0,0,3592,5959,37365,3260,8303,TCGA-GM-A2DD-DX1_xmin47260_ymin22408_MPP-0.2500+273
0,0,0,0,0,0,50176,0,0,0,0,0,0,0,0,0,0,0,0,0,0,0,0,0,0,0,0,0,0,0,0,50176,0,0,0,0,0,0,0,0,0,0,0,0,0,0,0,0,0,0,0,0,0,0,0,0,50176,0,0,0,0,0,0,0,0,0,0,0,0,0,0,0,0,0,0,3647,0,46529,0,6555,TCGA-GM-A2DD-DX1_xmin47260_ymin22408_MPP-0.2500+274
0,0,0,0,0,0,38485,0,0,0,0,0,0,0,0,0,0,0,0,0,0,0,0,0,11691,0,0,0,0,0,0,38485,0,0,0,0,0,0,0,0,0,0,0,0,0,0,0,0,0,11691,0,0,0,0,0,0,38485,0,0,0,0,0,0,0,0,0,0,0,0,0,0,0,0,0,11691,2755,0,35730,0,6322,TCGA-GM-A2DD-DX1_xmin47260_ymin22408_MPP-0.2500+275
0,0,0,0,0,0,42206,0,0,0,0,0,0,0,0,0,0,0,0,0,0,0,0,0,7970,0,0,0,0,0,0,42206,0,0,0,0,0,0,0,0,0,0,0,0,0,0,0,0,0,7970,0,0,0,0,0,0,42206,0,0,0,0,0,0,0,0,0,0,0,0,0,0,0,0,0,7970,9577,118,29233,3278,10460,TCGA-GM-A2DD-DX1_xmin47260_ymin22408_MPP-0.2500+276
0,0,0,0,0,0,50176,0,0,0,0,0,0,0,0,0,0,0,0,0,0,0,0,0,0,0,0,0,0,0,0,50176,0,0,0,0,0,0,0,0,0,0,0,0,0,0,0,0,0,0,0,0,0,0,0,0,50176,0,0,0,0,0,0,0,0,0,0,0,0,0,0,0,0,0,0,1582,0,48594,0,5141,TCGA-GM-A2DD-DX1_xmin47260_ymin22408_MPP-0.2500+277
0,5,0,0,0,0,50171,0,0,0,0,0,0,0,0,0,0,0,0,0,0,0,0,0,0,0,5,0,0,0,0,50171,0,0,0,0,0,0,0,0,0,0,0,0,0,0,0,0,0,0,0,5,0,0,0,0,50171,0,0,0,0,0,0,0,0,0,0,0,0,0,0,0,0,0,0,4077,0,45765,334,3970,TCGA-GM-A2DD-DX1_xmin47260_ymin22408_MPP-0.2500+278
0,2563,0,0,0,0,47613,0,0,0,0,0,0,0,0,0,0,0,0,0,0,0,0,0,0,0,2563,0,0,0,0,47613,0,0,0,0,0,0,0,0,0,0,0,0,0,0,0,0,0,0,0,2563,0,0,0,0,47613,0,0,0,0,0,0,0,0,0,0,0,0,0,0,0,0,0,0,7663,113,41296,1104,7464,TCGA-GM-A2DD-DX1_xmin47260_ymin22408_MPP-0.2500+279
0,0,0,0,0,0,49781,0,0,0,0,0,0,0,0,0,0,0,0,0,0,0,0,0,395,0,0,0,0,0,0,49781,0,0,0,0,0,0,0,0,0,0,0,0,0,0,0,0,0,395,0,0,0,0,0,0,49781,0,0,0,0,0,0,0,0,0,0,0,0,0,0,0,0,0,395,0,0,49781,0,83,TCGA-GM-A2DD-DX1_xmin47260_ymin22408_MPP-0.2500+28
0,0,0,0,0,0,50176,0,0,0,0,0,0,0,0,0,0,0,0,0,0,0,0,0,0,0,0,0,0,0,0,50176,0,0,0,0,0,0,0,0,0,0,0,0,0,0,0,0,0,0,0,0,0,0,0,0,50176,0,0,0,0,0,0,0,0,0,0,0,0,0,0,0,0,0,0,4604,0,45228,344,9831,TCGA-GM-A2DD-DX1_xmin47260_ymin22408_MPP-0.2500+280
0,0,0,0,0,0,50176,0,0,0,0,0,0,0,0,0,0,0,0,0,0,0,0,0,0,0,0,0,0,0,0,50176,0,0,0,0,0,0,0,0,0,0,0,0,0,0,0,0,0,0,0,0,0,0,0,0,50176,0,0,0,0,0,0,0,0,0,0,0,0,0,0,0,0,0,0,58,0,50118,0,3825,TCGA-GM-A2DD-DX1_xmin47260_ymin22408_MPP-0.2500+281
0,0,0,0,0,0,50176,0,0,0,0,0,0,0,0,0,0,0,0,0,0,0,0,0,0,0,0,0,0,0,0,50176,0,0,0,0,0,0,0,0,0,0,0,0,0,0,0,0,0,0,0,0,0,0,0,0,50176,0,0,0,0,0,0,0,0,0,0,0,0,0,0,0,0,0,0,5245,0,44860,71,7908,TCGA-GM-A2DD-DX1_xmin47260_ymin22408_MPP-0.2500+282
19514,6988,0,0,0,4156,19518,0,0,0,0,0,0,0,0,0,0,0,0,0,0,0,0,0,0,19389,7113,0,0,0,4224,19450,0,0,0,0,0,0,0,0,0,0,0,0,0,0,0,0,0,0,19294,7208,0,0,0,4405,19269,0,0,0,0,0,0,0,0,0,0,0,0,0,0,0,0,0,0,2919,1669,38237,7351,4421,TCGA-GM-A2DD-DX1_xmin47260_ymin22408_MPP-0.2500+283
50107,0,0,0,0,69,0,0,0,0,0,0,0,0,0,0,0,0,0,0,0,0,0,0,0,50107,0,0,0,0,69,0,0,0,0,0,0,0,0,0,0,0,0,0,0,0,0,0,0,0,50107,0,0,0,0,69,0,0,0,0,0,0,0,0,0,0,0,0,0,0,0,0,0,0,0,6459,24,42333,1360,10405,TCGA-GM-A2DD-DX1_xmin47260_ymin22408_MPP-0.2500+284
30140,2201,0,0,0,353,11715,0,0,0,0,0,0,0,0,0,0,0,0,0,0,0,0,0,5767,30134,2207,0,0,0,377,11691,0,0,0,0,0,0,0,0,0,0,0,0,0,0,0,0,0,5767,30055,2286,0,0,0,411,11657,0,0,0,0,0,0,0,0,0,0,0,0,0,0,0,0,0,5767,2680,882,39708,1139,5787,TCGA-GM-A2DD-DX1_xmin47260_ymin22408_MPP-0.2500+285
49674,0,0,0,0,0,0,0,0,0,0,0,0,0,0,0,0,0,0,0,0,0,0,0,502,49674,0,0,0,0,0,0,0,0,0,0,0,0,0,0,0,0,0,0,0,0,0,0,0,502,49674,0,0,0,0,0,0,0,0,0,0,0,0,0,0,0,0,0,0,0,0,0,0,0,502,5862,0,43719,93,8246,TCGA-GM-A2DD-DX1_xmin47260_ymin22408_MPP-0.2500+286
37083,0,0,0,0,1957,0,0,0,0,0,0,0,0,0,0,0,0,0,0,0,0,0,0,11136,37083,0,0,0,0,1957,0,0,0,0,0,0,0,0,0,0,0,0,0,0,0,0,0,0,11136,37083,0,0,0,0,1957,0,0,0,0,0,0,0,0,0,0,0,0,0,0,0,0,0,0,11136,2513,412,35258,857,3336,TCGA-GM-A2DD-DX1_xmin47260_ymin22408_MPP-0.2500+287
35007,1639,0,0,0,3716,9814,0,0,0,0,0,0,0,0,0,0,0,0,0,0,0,0,0,0,35023,1623,0,0,0,3751,9779,0,0,0,0,0,0,0,0,0,0,0,0,0,0,0,0,0,0,34950,1696,0,0,0,3753,9777,0,0,0,0,0,0,0,0,0,0,0,0,0,0,0,0,0,0,3429,1162,41038,4547,7792,TCGA-GM-A2DD-DX1_xmin47260_ymin22408_MPP-0.2500+288
0,418,0,0,0,0,49758,0,0,0,0,0,0,0,0,0,0,0,0,0,0,0,0,0,0,0,418,0,0,0,0,49758,0,0,0,0,0,0,0,0,0,0,0,0,0,0,0,0,0,0,0,418,0,0,0,0,49758,0,0,0,0,0,0,0,0,0,0,0,0,0,0,0,0,0,0,5688,39,43682,767,7422,TCGA-GM-A2DD-DX1_xmin47260_ymin22408_MPP-0.2500+289
0,0,0,0,0,0,50176,0,0,0,0,0,0,0,0,0,0,0,0,0,0,0,0,0,0,0,0,0,0,0,0,50176,0,0,0,0,0,0,0,0,0,0,0,0,0,0,0,0,0,0,0,0,0,0,0,0,50176,0,0,0,0,0,0,0,0,0,0,0,0,0,0,0,0,0,0,315,0,49861,0,344,TCGA-GM-A2DD-DX1_xmin47260_ymin22408_MPP-0.2500+29
0,3588,0,0,0,0,46588,0,0,0,0,0,0,0,0,0,0,0,0,0,0,0,0,0,0,0,3588,0,0,0,0,46588,0,0,0,0,0,0,0,0,0,0,0,0,0,0,0,0,0,0,0,3588,0,0,0,0,46588,0,0,0,0,0,0,0,0,0,0,0,0,0,0,0,0,0,0,5712,314,43541,609,7089,TCGA-GM-A2DD-DX1_xmin47260_ymin22408_MPP-0.2500+290
0,0,0,0,0,0,48404,0,0,0,0,0,0,0,0,0,0,0,0,0,0,0,0,0,1772,0,0,0,0,0,0,48404,0,0,0,0,0,0,0,0,0,0,0,0,0,0,0,0,0,1772,0,0,0,0,0,0,48404,0,0,0,0,0,0,0,0,0,0,0,0,0,0,0,0,0,1772,5260,0,43144,0,12683,TCGA-GM-A2DD-DX1_xmin47260_ymin22408_MPP-0.2500+291
0,0,0,0,0,0,50176,0,0,0,0,0,0,0,0,0,0,0,0,0,0,0,0,0,0,0,0,0,0,0,0,50176,0,0,0,0,0,0,0,0,0,0,0,0,0,0,0,0,0,0,0,0,0,0,0,0,50176,0,0,0,0,0,0,0,0,0,0,0,0,0,0,0,0,0,0,3586,0,46590,0,4358,TCGA-GM-A2DD-DX1_xmin47260_ymin22408_MPP-0.2500+292
0,0,0,0,0,0,50176,0,0,0,0,0,0,0,0,0,0,0,0,0,0,0,0,0,0,0,0,0,0,0,0,50176,0,0,0,0,0,0,0,0,0,0,0,0,0,0,0,0,0,0,0,0,0,0,0,0,50176,0,0,0,0,0,0,0,0,0,0,0,0,0,0,0,0,0,0,3153,0,46850,173,7048,TCGA-GM-A2DD-DX1_xmin47260_ymin22408_MPP-0.2500+293
0,0,0,0,0,0,50176,0,0,0,0,0,0,0,0,0,0,0,0,0,0,0,0,0,0,0,0,0,0,0,0,50176,0,0,0,0,0,0,0,0,0,0,0,0,0,0,0,0,0,0,0,0,0,0,0,0,50176,0,0,0,0,0,0,0,0,0,0,0,0,0,0,0,0,0,0,10239,0,39449,488,9642,TCGA-GM-A2DD-DX1_xmin47260_ymin22408_MPP-0.2500+294
0,0,0,0,0,0,50176,0,0,0,0,0,0,0,0,0,0,0,0,0,0,0,0,0,0,0,0,0,0,0,0,50176,0,0,0,0,0,0,0,0,0,0,0,0,0,0,0,0,0,0,0,0,0,0,0,0,50176,0,0,0,0,0,0,0,0,0,0,0,0,0,0,0,0,0,0,3387,0,46399,390,4268,TCGA-GM-A2DD-DX1_xmin47260_ymin22408_MPP-0.2500+295
0,1017,0,0,0,0,49159,0,0,0,0,0,0,0,0,0,0,0,0,0,0,0,0,0,0,0,1017,0,0,0,0,49159,0,0,0,0,0,0,0,0,0,0,0,0,0,0,0,0,0,0,0,1017,0,0,0,0,49159,0,0,0,0,0,0,0,0,0,0,0,0,0,0,0,0,0,0,2241,236,47619,80,2685,TCGA-GM-A2DD-DX1_xmin47260_ymin22408_MPP-0.2500+296
23869,4586,0,0,0,632,21089,0,0,0,0,0,0,0,0,0,0,0,0,0,0,0,0,0,0,23992,4463,0,0,0,632,21089,0,0,0,0,0,0,0,0,0,0,0,0,0,0,0,0,0,0,24137,4318,0,0,0,632,21089,0,0,0,0,0,0,0,0,0,0,0,0,0,0,0,0,0,0,3334,3407,38015,5420,6790,TCGA-GM-A2DD-DX1_xmin47260_ymin22408_MPP-0.2500+297
38677,4323,0,0,0,57,7119,0,0,0,0,0,0,0,0,0,0,0,0,0,0,0,0,0,0,38544,4456,0,0,0,38,7138,0,0,0,0,0,0,0,0,0,0,0,0,0,0,0,0,0,0,38360,4640,0,0,0,42,7134,0,0,0,0,0,0,0,0,0,0,0,0,0,0,0,0,0,0,3431,430,44781,1534,3403,TCGA-GM-A2DD-DX1_xmin47260_ymin22408_MPP-0.2500+298
49460,0,0,0,0,716,0,0,0,0,0,0,0,0,0,0,0,0,0,0,0,0,0,0,0,49460,0,0,0,0,716,0,0,0,0,0,0,0,0,0,0,0,0,0,0,0,0,0,0,0,49460,0,0,0,0,716,0,0,0,0,0,0,0,0,0,0,0,0,0,0,0,0,0,0,0,4359,217,43125,2475,9228,TCGA-GM-A2DD-DX1_xmin47260_ymin22408_MPP-0.2500+299
0,0,0,0,0,0,50176,0,0,0,0,0,0,0,0,0,0,0,0,0,0,0,0,0,0,0,0,0,0,0,0,50176,0,0,0,0,0,0,0,0,0,0,0,0,0,0,0,0,0,0,0,0,0,0,0,0,50176,0,0,0,0,0,0,0,0,0,0,0,0,0,0,0,0,0,0,12894,1,31900,5381,11286,TCGA-GM-A2DD-DX1_xmin47260_ymin22408_MPP-0.2500+3
1311,895,0,0,0,221,19166,139,0,0,0,15831,12613,0,0,0,0,0,0,0,0,0,0,0,0,1327,879,0,0,0,203,19203,120,0,0,0,16717,11727,0,0,0,0,0,0,0,0,0,0,0,0,1407,799,0,0,0,278,19012,236,0,0,0,16749,11695,0,0,0,0,0,0,0,0,0,0,0,0,5388,2576,24534,17678,9800,TCGA-GM-A2DD-DX1_xmin47260_ymin22408_MPP-0.2500+30
9110,2295,0,0,0,4628,22213,0,0,0,0,0,0,0,0,0,0,0,0,0,0,0,0,0,11930,9166,2239,0,0,0,4778,22063,0,0,0,0,0,0,0,0,0,0,0,0,0,0,0,0,0,11930,8797,2608,0,0,0,4767,22074,0,0,0,0,0,0,0,0,0,0,0,0,0,0,0,0,0,11930,5132,226,27457,5431,14495,TCGA-GM-A2DD-DX1_xmin47260_ymin22408_MPP-0.2500+300
28185,1543,0,0,0,2681,9775,0,0,0,0,0,0,0,0,0,0,0,0,0,0,0,0,0,7992,28328,1400,0,0,0,3038,9418,0,0,0,0,0,0,0,0,0,0,0,0,0,0,0,0,0,7992,28311,1417,0,0,0,3000,9456,0,0,0,0,0,0,0,0,0,0,0,0,0,0,0,0,0,7992,2255,1669,35696,2564,5761,TCGA-GM-A2DD-DX1_xmin47260_ymin22408_MPP-0.2500+301
16547,282,0,0,0,5344,10528,0,0,0,0,0,0,0,0,0,0,0,0,0,0,0,0,0,17475,16547,282,0,0,0,5791,10081,0,0,0,0,0,0,0,0,0,0,0,0,0,0,0,0,0,17475,16547,282,0,0,0,5959,9913,0,0,0,0,0,0,0,0,0,0,0,0,0,0,0,0,0,17475,2581,494,23020,6606,7528,TCGA-GM-A2DD-DX1_xmin47260_ymin22408_MPP-0.2500+302
14295,3128,0,0,0,3679,29074,0,0,0,0,0,0,0,0,0,0,0,0,0,0,0,0,0,0,14365,3058,0,0,0,3770,28983,0,0,0,0,0,0,0,0,0,0,0,0,0,0,0,0,0,0,14465,2958,0,0,0,4550,28203,0,0,0,0,0,0,0,0,0,0,0,0,0,0,0,0,0,0,7952,2405,35192,4627,11513,TCGA-GM-A2DD-DX1_xmin47260_ymin22408_MPP-0.2500+303
0,11328,0,0,0,0,38848,0,0,0,0,0,0,0,0,0,0,0,0,0,0,0,0,0,0,0,11328,0,0,0,0,38848,0,0,0,0,0,0,0,0,0,0,0,0,0,0,0,0,0,0,0,11328,0,0,0,0,38848,0,0,0,0,0,0,0,0,0,0,0,0,0,0,0,0,0,0,6051,2279,36483,5363,12044,TCGA-GM-A2DD-DX1_xmin47260_ymin22408_MPP-0.2500+304
10253,4018,0,0,0,2609,33296,0,0,0,0,0,0,0,0,0,0,0,0,0,0,0,0,0,0,10268,4003,0,0,0,2765,33140,0,0,0,0,0,0,0,0,0,0,0,0,0,0,0,0,0,0,10409,3862,0,0,0,3441,32464,0,0,0,0,0,0,0,0,0,0,0,0,0,0,0,0,0,0,5227,3851,36969,4129,13456,TCGA-GM-A2DD-DX1_xmin47260_ymin22408_MPP-0.2500+305
0,12925,0,0,0,0,23454,0,0,0,0,0,0,0,0,0,0,0,0,0,0,0,0,0,13797,0,12925,0,0,0,0,23454,0,0,0,0,0,0,0,0,0,0,0,0,0,0,0,0,0,13797,0,12925,0,0,0,0,23454,0,0,0,0,0,0,0,0,0,0,0,0,0,0,0,0,0,13797,4315,4670,21190,6204,10180,TCGA-GM-A2DD-DX1_xmin47260_ymin22408_MPP-0.2500+306
0,0,0,0,0,0,41681,0,0,0,0,0,0,0,0,0,0,0,0,0,0,0,0,0,8495,0,0,0,0,0,0,41681,0,0,0,0,0,0,0,0,0,0,0,0,0,0,0,0,0,8495,0,0,0,0,0,0,41681,0,0,0,0,0,0,0,0,0,0,0,0,0,0,0,0,0,8495,6244,0,34013,1424,6144,TCGA-GM-A2DD-DX1_xmin47260_ymin22408_MPP-0.2500+307
0,0,0,0,0,0,38848,0,0,0,0,0,0,0,0,0,0,0,0,0,0,0,0,0,11328,0,0,0,0,0,0,38848,0,0,0,0,0,0,0,0,0,0,0,0,0,0,0,0,0,11328,0,0,0,0,0,0,38848,0,0,0,0,0,0,0,0,0,0,0,0,0,0,0,0,0,11328,1740,0,37108,0,8637,TCGA-GM-A2DD-DX1_xmin47260_ymin22408_MPP-0.2500+308
0,0,0,0,0,0,50176,0,0,0,0,0,0,0,0,0,0,0,0,0,0,0,0,0,0,0,0,0,0,0,0,50176,0,0,0,0,0,0,0,0,0,0,0,0,0,0,0,0,0,0,0,0,0,0,0,0,50176,0,0,0,0,0,0,0,0,0,0,0,0,0,0,0,0,0,0,675,0,49501,0,6386,TCGA-GM-A2DD-DX1_xmin47260_ymin22408_MPP-0.2500+309
0,0,0,0,0,0,7783,0,0,0,0,13473,28920,0,0,0,0,0,0,0,0,0,0,0,0,0,0,0,0,0,0,7783,0,0,0,0,13709,28684,0,0,0,0,0,0,0,0,0,0,0,0,0,0,0,0,0,0,7783,0,0,0,0,14068,28325,0,0,0,0,0,0,0,0,0,0,0,0,13286,8,30810,6072,15755,TCGA-GM-A2DD-DX1_xmin47260_ymin22408_MPP-0.2500+31
0,0,0,0,0,0,50176,0,0,0,0,0,0,0,0,0,0,0,0,0,0,0,0,0,0,0,0,0,0,0,0,50176,0,0,0,0,0,0,0,0,0,0,0,0,0,0,0,0,0,0,0,0,0,0,0,0,50176,0,0,0,0,0,0,0,0,0,0,0,0,0,0,0,0,0,0,4085,0,45954,137,4290,TCGA-GM-A2DD-DX1_xmin47260_ymin22408_MPP-0.2500+310
0,16221,0,0,0,0,33955,0,0,0,0,0,0,0,0,0,0,0,0,0,0,0,0,0,0,0,16221,0,0,0,0,33955,0,0,0,0,0,0,0,0,0,0,0,0,0,0,0,0,0,0,0,16221,0,0,0,0,33955,0,0,0,0,0,0,0,0,0,0,0,0,0,0,0,0,0,0,2636,3950,38962,4628,7241,TCGA-GM-A2DD-DX1_xmin47260_ymin22408_MPP-0.2500+311
31397,6136,0,0,0,1026,11617,0,0,0,0,0,0,0,0,0,0,0,0,0,0,0,0,0,0,31280,6253,0,0,0,995,11648,0,0,0,0,0,0,0,0,0,0,0,0,0,0,0,0,0,0,31211,6322,0,0,0,861,11782,0,0,0,0,0,0,0,0,0,0,0,0,0,0,0,0,0,0,2100,2459,41996,3621,8622,TCGA-GM-A2DD-DX1_xmin47260_ymin22408_MPP-0.2500+312
26652,4355,0,0,0,0,19169,0,0,0,0,0,0,0,0,0,0,0,0,0,0,0,0,0,0,26510,4497,0,0,0,0,19169,0,0,0,0,0,0,0,0,0,0,0,0,0,0,0,0,0,0,26119,4888,0,0,0,0,19169,0,0,0,0,0,0,0,0,0,0,0,0,0,0,0,0,0,0,4586,1054,43946,590,11706,TCGA-GM-A2DD-DX1_xmin47260_ymin22408_MPP-0.2500+313
31310,12518,0,0,0,101,6247,0,0,0,0,0,0,0,0,0,0,0,0,0,0,0,0,0,0,30521,13307,0,0,0,126,6222,0,0,0,0,0,0,0,0,0,0,0,0,0,0,0,0,0,0,30790,13038,0,0,0,91,6257,0,0,0,0,0,0,0,0,0,0,0,0,0,0,0,0,0,0,6970,2917,33084,7205,10477,TCGA-GM-A2DD-DX1_xmin47260_ymin22408_MPP-0.2500+314
6292,0,0,0,0,9037,6693,0,0,0,0,0,0,0,0,15623,3504,0,0,0,0,0,0,0,9027,6292,0,0,0,0,9168,6562,0,0,0,0,0,0,0,0,16088,3039,0,0,0,0,0,0,0,9027,6292,0,0,0,0,9100,6630,0,0,0,0,0,0,0,0,15914,3213,0,0,0,0,0,0,0,9027,1444,794,10798,28113,12950,TCGA-GM-A2DD-DX1_xmin47260_ymin22408_MPP-0.2500+315
0,6831,0,0,0,0,35308,0,0,0,0,0,0,0,0,0,0,0,0,0,0,0,0,0,8037,0,6831,0,0,0,1,35307,0,0,0,0,0,0,0,0,0,0,0,0,0,0,0,0,0,8037,0,6831,0,0,0,0,35308,0,0,0,0,0,0,0,0,0,0,0,0,0,0,0,0,0,8037,4612,333,35830,1364,6363,TCGA-GM-A2DD-DX1_xmin47260_ymin22408_MPP-0.2500+316
32921,2681,0,0,0,2999,11575,0,0,0,0,0,0,0,0,0,0,0,0,0,0,0,0,0,0,33256,2346,0,0,0,3032,11542,0,0,0,0,0,0,0,0,0,0,0,0,0,0,0,0,0,0,33230,2372,0,0,0,2983,11591,0,0,0,0,0,0,0,0,0,0,0,0,0,0,0,0,0,0,4281,1961,39972,3962,7592,TCGA-GM-A2DD-DX1_xmin47260_ymin22408_MPP-0.2500+317
32619,1519,0,0,0,2713,13325,0,0,0,0,0,0,0,0,0,0,0,0,0,0,0,0,0,0,32492,1646,0,0,0,2572,13466,0,0,0,0,0,0,0,0,0,0,0,0,0,0,0,0,0,0,32290,1848,0,0,0,2433,13605,0,0,0,0,0,0,0,0,0,0,0,0,0,0,0,0,0,0,4212,1814,41308,2842,8798,TCGA-GM-A2DD-DX1_xmin47260_ymin22408_MPP-0.2500+318
27056,10491,0,0,0,292,12337,0,0,0,0,0,0,0,0,0,0,0,0,0,0,0,0,0,0,26719,10828,0,0,0,226,12403,0,0,0,0,0,0,0,0,0,0,0,0,0,0,0,0,0,0,26404,11143,0,0,0,195,12434,0,0,0,0,0,0,0,0,0,0,0,0,0,0,0,0,0,0,5141,3315,35004,6716,12021,TCGA-GM-A2DD-DX1_xmin47260_ymin22408_MPP-0.2500+319
0,0,0,0,0,0,33437,80,0,0,0,4930,11729,0,0,0,0,0,0,0,0,0,0,0,0,0,0,0,0,0,0,33453,64,0,0,0,5823,10836,0,0,0,0,0,0,0,0,0,0,0,0,0,0,0,0,0,0,33466,51,0,0,0,5731,10928,0,0,0,0,0,0,0,0,0,0,0,0,10079,471,32218,7408,13728,TCGA-GM-A2DD-DX1_xmin47260_ymin22408_MPP-0.2500+32
50176,0,0,0,0,0,0,0,0,0,0,0,0,0,0,0,0,0,0,0,0,0,0,0,0,50176,0,0,0,0,0,0,0,0,0,0,0,0,0,0,0,0,0,0,0,0,0,0,0,0,50176,0,0,0,0,0,0,0,0,0,0,0,0,0,0,0,0,0,0,0,0,0,0,0,0,4858,0,45013,305,5136,TCGA-GM-A2DD-DX1_xmin47260_ymin22408_MPP-0.2500+320
26775,0,0,0,0,6048,0,0,0,0,0,0,0,0,0,0,0,0,0,0,0,0,0,0,17353,26775,0,0,0,0,6048,0,0,0,0,0,0,0,0,0,0,0,0,0,0,0,0,0,0,17353,26775,0,0,0,0,6048,0,0,0,0,0,0,0,0,0,0,0,0,0,0,0,0,0,0,17353,2333,2309,24488,3693,5643,TCGA-GM-A2DD-DX1_xmin47260_ymin22408_MPP-0.2500+321
0,12025,0,0,0,0,35434,0,0,0,0,0,0,0,0,0,0,0,0,0,0,0,0,0,2717,0,12025,0,0,0,0,35434,0,0,0,0,0,0,0,0,0,0,0,0,0,0,0,0,0,2717,0,12025,0,0,0,0,35434,0,0,0,0,0,0,0,0,0,0,0,0,0,0,0,0,0,2717,5528,4561,33174,4196,10221,TCGA-GM-A2DD-DX1_xmin47260_ymin22408_MPP-0.2500+322
0,0,0,0,0,0,49040,0,0,0,0,0,0,0,0,0,0,0,0,0,0,0,0,0,1136,0,0,0,0,0,0,49040,0,0,0,0,0,0,0,0,0,0,0,0,0,0,0,0,0,1136,0,0,0,0,0,0,49040,0,0,0,0,0,0,0,0,0,0,0,0,0,0,0,0,0,1136,7240,0,41800,0,8078,TCGA-GM-A2DD-DX1_xmin47260_ymin22408_MPP-0.2500+323
0,0,0,0,0,0,50176,0,0,0,0,0,0,0,0,0,0,0,0,0,0,0,0,0,0,0,0,0,0,0,0,50176,0,0,0,0,0,0,0,0,0,0,0,0,0,0,0,0,0,0,0,0,0,0,0,0,50176,0,0,0,0,0,0,0,0,0,0,0,0,0,0,0,0,0,0,0,0,50176,0,1228,TCGA-GM-A2DD-DX1_xmin47260_ymin22408_MPP-0.2500+324
0,0,0,0,0,0,50176,0,0,0,0,0,0,0,0,0,0,0,0,0,0,0,0,0,0,0,0,0,0,0,0,50176,0,0,0,0,0,0,0,0,0,0,0,0,0,0,0,0,0,0,0,0,0,0,0,0,50176,0,0,0,0,0,0,0,0,0,0,0,0,0,0,0,0,0,0,3702,0,46474,0,3264,TCGA-GM-A2DD-DX1_xmin47260_ymin22408_MPP-0.2500+325
0,3199,0,0,0,0,46977,0,0,0,0,0,0,0,0,0,0,0,0,0,0,0,0,0,0,0,3199,0,0,0,0,46977,0,0,0,0,0,0,0,0,0,0,0,0,0,0,0,0,0,0,0,3199,0,0,0,0,46977,0,0,0,0,0,0,0,0,0,0,0,0,0,0,0,0,0,0,5169,1015,42019,1973,9623,TCGA-GM-A2DD-DX1_xmin47260_ymin22408_MPP-0.2500+326
15513,5377,0,0,0,2416,26870,0,0,0,0,0,0,0,0,0,0,0,0,0,0,0,0,0,0,15502,5388,0,0,0,2251,27035,0,0,0,0,0,0,0,0,0,0,0,0,0,0,0,0,0,0,15640,5250,0,0,0,2242,27044,0,0,0,0,0,0,0,0,0,0,0,0,0,0,0,0,0,0,3863,2675,38703,4935,8855,TCGA-GM-A2DD-DX1_xmin47260_ymin22408_MPP-0.2500+327
15047,8791,0,0,0,1026,25312,0,0,0,0,0,0,0,0,0,0,0,0,0,0,0,0,0,0,15145,8693,0,0,0,1013,25325,0,0,0,0,0,0,0,0,0,0,0,0,0,0,0,0,0,0,15567,8271,0,0,0,1051,25287,0,0,0,0,0,0,0,0,0,0,0,0,0,0,0,0,0,0,4064,4463,37158,4491,9490,TCGA-GM-A2DD-DX1_xmin47260_ymin22408_MPP-0.2500+328
28426,13670,0,0,0,1217,6863,0,0,0,0,0,0,0,0,0,0,0,0,0,0,0,0,0,0,28597,13499,0,0,0,1275,6805,0,0,0,0,0,0,0,0,0,0,0,0,0,0,0,0,0,0,28051,14045,0,0,0,1148,6932,0,0,0,0,0,0,0,0,0,0,0,0,0,0,0,0,0,0,4764,2276,36200,6936,14775,TCGA-GM-A2DD-DX1_xmin47260_ymin22408_MPP-0.2500+329
0,0,0,0,0,0,31458,2025,0,0,0,6756,9937,0,0,0,0,0,0,0,0,0,0,0,0,0,0,0,0,0,0,32059,1424,0,0,0,7411,9282,0,0,0,0,0,0,0,0,0,0,0,0,0,0,0,0,0,0,32322,1161,0,0,0,7911,8782,0,0,0,0,0,0,0,0,0,0,0,0,11695,2231,28040,8210,11298,TCGA-GM-A2DD-DX1_xmin47260_ymin22408_MPP-0.2500+33
30539,0,0,0,0,1900,0,0,0,0,0,0,0,0,0,5637,0,0,0,0,0,0,0,0,12100,30539,0,0,0,0,1900,0,0,0,0,0,0,0,0,0,5637,0,0,0,0,0,0,0,0,12100,30539,0,0,0,0,1900,0,0,0,0,0,0,0,0,0,5637,0,0,0,0,0,0,0,0,12100,2890,237,26970,7979,7082,TCGA-GM-A2DD-DX1_xmin47260_ymin22408_MPP-0.2500+330
49135,0,0,0,0,116,0,0,0,0,0,0,0,0,0,0,0,0,0,0,0,0,0,0,925,49135,0,0,0,0,116,0,0,0,0,0,0,0,0,0,0,0,0,0,0,0,0,0,0,925,49135,0,0,0,0,116,0,0,0,0,0,0,0,0,0,0,0,0,0,0,0,0,0,0,925,6381,12,41678,1180,9899,TCGA-GM-A2DD-DX1_xmin47260_ymin22408_MPP-0.2500+331
20195,0,0,0,0,181,0,0,0,0,0,0,0,0,0,1057,0,0,12604,0,0,0,0,0,16139,20195,0,0,0,0,181,0,0,0,0,0,0,0,0,0,943,0,0,12718,0,0,0,0,0,16139,20195,0,0,0,0,181,0,0,0,0,0,0,0,0,0,1068,0,0,12593,0,0,0,0,0,16139,13315,120,18476,2126,13546,TCGA-GM-A2DD-DX1_xmin47260_ymin22408_MPP-0.2500+332
3585,0,0,0,0,18,0,0,0,0,0,0,0,0,0,15832,0,0,15145,0,0,0,0,0,15596,3585,0,0,0,0,18,0,0,0,0,0,0,0,0,0,15925,0,0,15052,0,0,0,0,0,15596,3585,0,0,0,0,18,0,0,0,0,0,0,0,0,0,15380,0,0,15597,0,0,0,0,0,15596,4538,428,4210,25404,19753,TCGA-GM-A2DD-DX1_xmin47260_ymin22408_MPP-0.2500+333
27440,3641,0,0,0,257,889,0,0,0,0,0,0,0,0,6421,3921,0,0,0,0,0,0,0,7607,27395,3686,0,0,0,352,794,0,0,0,0,0,0,0,0,6787,3555,0,0,0,0,0,0,0,7607,26692,4389,0,0,0,347,799,0,0,0,0,0,0,0,0,6589,3753,0,0,0,0,0,0,0,7607,1279,281,29180,11829,9374,TCGA-GM-A2DD-DX1_xmin47260_ymin22408_MPP-0.2500+334
50176,0,0,0,0,0,0,0,0,0,0,0,0,0,0,0,0,0,0,0,0,0,0,0,0,50176,0,0,0,0,0,0,0,0,0,0,0,0,0,0,0,0,0,0,0,0,0,0,0,0,50176,0,0,0,0,0,0,0,0,0,0,0,0,0,0,0,0,0,0,0,0,0,0,0,0,2881,0,47166,129,3267,TCGA-GM-A2DD-DX1_xmin47260_ymin22408_MPP-0.2500+335
41107,0,0,0,0,5876,0,0,0,0,0,0,0,0,0,0,0,0,0,0,0,0,0,0,3193,41107,0,0,0,0,5876,0,0,0,0,0,0,0,0,0,0,0,0,0,0,0,0,0,0,3193,41107,0,0,0,0,5876,0,0,0,0,0,0,0,0,0,0,0,0,0,0,0,0,0,0,3193,1625,2163,41091,2104,8385,TCGA-GM-A2DD-DX1_xmin47260_ymin22408_MPP-0.2500+336
0,9177,0,0,0,0,38629,0,0,0,0,0,0,0,0,0,0,0,0,0,0,0,0,0,2370,0,9177,0,0,0,0,38629,0,0,0,0,0,0,0,0,0,0,0,0,0,0,0,0,0,2370,0,9177,0,0,0,0,38629,0,0,0,0,0,0,0,0,0,0,0,0,0,0,0,0,0,2370,5099,1671,37306,3730,11850,TCGA-GM-A2DD-DX1_xmin47260_ymin22408_MPP-0.2500+337
0,0,0,0,0,0,50176,0,0,0,0,0,0,0,0,0,0,0,0,0,0,0,0,0,0,0,0,0,0,0,0,50176,0,0,0,0,0,0,0,0,0,0,0,0,0,0,0,0,0,0,0,0,0,0,0,0,50176,0,0,0,0,0,0,0,0,0,0,0,0,0,0,0,0,0,0,9337,0,40408,431,10400,TCGA-GM-A2DD-DX1_xmin47260_ymin22408_MPP-0.2500+338
0,0,0,0,0,0,50176,0,0,0,0,0,0,0,0,0,0,0,0,0,0,0,0,0,0,0,0,0,0,0,0,50176,0,0,0,0,0,0,0,0,0,0,0,0,0,0,0,0,0,0,0,0,0,0,0,0,50176,0,0,0,0,0,0,0,0,0,0,0,0,0,0,0,0,0,0,634,0,49542,0,1784,TCGA-GM-A2DD-DX1_xmin47260_ymin22408_MPP-0.2500+339
0,0,0,0,0,0,45247,0,0,0,0,0,0,0,0,0,0,0,0,0,0,0,0,0,4929,0,0,0,0,0,0,45247,0,0,0,0,0,0,0,0,0,0,0,0,0,0,0,0,0,4929,0,0,0,0,0,0,45247,0,0,0,0,0,0,0,0,0,0,0,0,0,0,0,0,0,4929,7678,0,36775,794,8222,TCGA-GM-A2DD-DX1_xmin47260_ymin22408_MPP-0.2500+34
0,0,0,0,0,0,50176,0,0,0,0,0,0,0,0,0,0,0,0,0,0,0,0,0,0,0,0,0,0,0,0,50176,0,0,0,0,0,0,0,0,0,0,0,0,0,0,0,0,0,0,0,0,0,0,0,0,50176,0,0,0,0,0,0,0,0,0,0,0,0,0,0,0,0,0,0,2927,0,47249,0,5179,TCGA-GM-A2DD-DX1_xmin47260_ymin22408_MPP-0.2500+340
2220,1042,0,0,0,11322,35592,0,0,0,0,0,0,0,0,0,0,0,0,0,0,0,0,0,0,2242,1020,0,0,0,11505,35409,0,0,0,0,0,0,0,0,0,0,0,0,0,0,0,0,0,0,2310,952,0,0,0,12164,34750,0,0,0,0,0,0,0,0,0,0,0,0,0,0,0,0,0,0,8238,932,28086,12920,11487,TCGA-GM-A2DD-DX1_xmin47260_ymin22408_MPP-0.2500+341
10445,6392,0,0,0,7164,26175,0,0,0,0,0,0,0,0,0,0,0,0,0,0,0,0,0,0,10595,6242,0,0,0,7212,26127,0,0,0,0,0,0,0,0,0,0,0,0,0,0,0,0,0,0,11058,5779,0,0,0,7230,26109,0,0,0,0,0,0,0,0,0,0,0,0,0,0,0,0,0,0,4056,5767,31385,8968,10513,TCGA-GM-A2DD-DX1_xmin47260_ymin22408_MPP-0.2500+342
22994,14027,0,0,0,647,12508,0,0,0,0,0,0,0,0,0,0,0,0,0,0,0,0,0,0,23689,13332,0,0,0,738,12417,0,0,0,0,0,0,0,0,0,0,0,0,0,0,0,0,0,0,23351,13670,0,0,0,738,12417,0,0,0,0,0,0,0,0,0,0,0,0,0,0,0,0,0,0,1766,5411,33344,9655,11820,TCGA-GM-A2DD-DX1_xmin47260_ymin22408_MPP-0.2500+343
21834,9919,0,0,0,0,18423,0,0,0,0,0,0,0,0,0,0,0,0,0,0,0,0,0,0,22062,9691,0,0,0,0,18423,0,0,0,0,0,0,0,0,0,0,0,0,0,0,0,0,0,0,21925,9828,0,0,0,0,18423,0,0,0,0,0,0,0,0,0,0,0,0,0,0,0,0,0,0,3414,3325,37044,6393,4932,TCGA-GM-A2DD-DX1_xmin47260_ymin22408_MPP-0.2500+344
48765,0,0,0,0,1411,0,0,0,0,0,0,0,0,0,0,0,0,0,0,0,0,0,0,0,48765,0,0,0,0,1411,0,0,0,0,0,0,0,0,0,0,0,0,0,0,0,0,0,0,0,48765,0,0,0,0,1411,0,0,0,0,0,0,0,0,0,0,0,0,0,0,0,0,0,0,0,5826,569,42144,1637,11737,TCGA-GM-A2DD-DX1_xmin47260_ymin22408_MPP-0.2500+345
43351,0,0,0,0,1532,0,0,0,0,0,0,0,0,0,550,0,0,0,0,0,0,0,0,4743,43351,0,0,0,0,1532,0,0,0,0,0,0,0,0,0,550,0,0,0,0,0,0,0,0,4743,43351,0,0,0,0,1532,0,0,0,0,0,0,0,0,0,550,0,0,0,0,0,0,0,0,4743,5044,728,37907,1754,4437,TCGA-GM-A2DD-DX1_xmin47260_ymin22408_MPP-0.2500+346
0,0,0,0,0,0,0,0,23,0,0,0,0,0,0,0,0,0,45223,0,0,0,0,0,4930,0,0,0,0,0,0,0,0,23,0,0,0,0,0,0,0,0,0,45223,0,0,0,0,0,4930,0,0,0,0,0,0,0,0,23,0,0,0,0,0,0,0,0,0,45223,0,0,0,0,0,4930,21789,7,15365,8085,27698,TCGA-GM-A2DD-DX1_xmin47260_ymin22408_MPP-0.2500+347
0,0,0,657,0,0,0,0,1135,0,0,0,0,0,0,624,0,0,46473,0,0,0,0,0,1287,0,0,0,657,0,0,0,0,1135,0,0,0,0,0,0,432,0,0,46665,0,0,0,0,0,1287,0,0,0,657,0,0,0,0,1135,0,0,0,0,0,0,432,0,0,46665,0,0,0,0,0,1287,29346,701,8179,10663,38048,TCGA-GM-A2DD-DX1_xmin47260_ymin22408_MPP-0.2500+348
35810,0,0,418,0,2353,0,0,4601,0,0,0,0,0,0,674,0,0,3648,0,0,0,0,0,2672,36228,0,0,0,0,6954,0,0,0,0,0,0,0,0,0,4322,0,0,0,0,0,0,0,0,2672,36228,0,0,0,0,6954,0,0,0,0,0,0,0,0,0,4322,0,0,0,0,0,0,0,0,2672,4169,2340,28442,12553,11588,TCGA-GM-A2DD-DX1_xmin47260_ymin22408_MPP-0.2500+349
0,0,0,0,0,0,44602,0,0,0,0,0,0,0,0,0,0,0,0,0,0,0,0,0,5574,0,0,0,0,0,0,44602,0,0,0,0,0,0,0,0,0,0,0,0,0,0,0,0,0,5574,0,0,0,0,0,0,44602,0,0,0,0,0,0,0,0,0,0,0,0,0,0,0,0,0,5574,4771,0,39831,0,5470,TCGA-GM-A2DD-DX1_xmin47260_ymin22408_MPP-0.2500+35
50026,0,0,0,0,0,0,0,0,0,0,0,0,0,0,0,0,0,0,0,0,0,0,0,150,50026,0,0,0,0,0,0,0,0,0,0,0,0,0,0,0,0,0,0,0,0,0,0,0,150,50026,0,0,0,0,0,0,0,0,0,0,0,0,0,0,0,0,0,0,0,0,0,0,0,150,3784,0,46224,18,4579,TCGA-GM-A2DD-DX1_xmin47260_ymin22408_MPP-0.2500+350
33974,0,0,381,0,184,0,0,484,0,0,0,0,0,0,0,0,0,0,0,0,0,0,0,15153,33818,0,0,537,0,100,0,0,568,0,0,0,0,0,0,0,0,0,0,0,0,0,0,0,15153,33627,0,0,728,0,61,0,0,607,0,0,0,0,0,0,0,0,0,0,0,0,0,0,0,15153,4481,156,29754,632,8882,TCGA-GM-A2DD-DX1_xmin47260_ymin22408_MPP-0.2500+351
12120,6678,0,0,0,1441,22999,0,0,0,0,0,0,0,0,0,0,0,0,0,0,0,0,0,6938,12074,6724,0,0,0,1377,23063,0,0,0,0,0,0,0,0,0,0,0,0,0,0,0,0,0,6938,12085,6713,0,0,0,1334,23106,0,0,0,0,0,0,0,0,0,0,0,0,0,0,0,0,0,6938,3127,2492,33582,4037,14069,TCGA-GM-A2DD-DX1_xmin47260_ymin22408_MPP-0.2500+352
0,270,0,0,0,0,49906,0,0,0,0,0,0,0,0,0,0,0,0,0,0,0,0,0,0,0,270,0,0,0,0,49906,0,0,0,0,0,0,0,0,0,0,0,0,0,0,0,0,0,0,0,270,0,0,0,0,49906,0,0,0,0,0,0,0,0,0,0,0,0,0,0,0,0,0,0,7250,69,42295,562,13899,TCGA-GM-A2DD-DX1_xmin47260_ymin22408_MPP-0.2500+353
0,0,0,0,0,0,50176,0,0,0,0,0,0,0,0,0,0,0,0,0,0,0,0,0,0,0,0,0,0,0,0,50176,0,0,0,0,0,0,0,0,0,0,0,0,0,0,0,0,0,0,0,0,0,0,0,0,50176,0,0,0,0,0,0,0,0,0,0,0,0,0,0,0,0,0,0,2419,0,47757,0,2900,TCGA-GM-A2DD-DX1_xmin47260_ymin22408_MPP-0.2500+354
0,0,0,0,0,0,50176,0,0,0,0,0,0,0,0,0,0,0,0,0,0,0,0,0,0,0,0,0,0,0,0,50176,0,0,0,0,0,0,0,0,0,0,0,0,0,0,0,0,0,0,0,0,0,0,0,0,50176,0,0,0,0,0,0,0,0,0,0,0,0,0,0,0,0,0,0,1951,0,48225,0,4645,TCGA-GM-A2DD-DX1_xmin47260_ymin22408_MPP-0.2500+355
21024,666,0,0,0,552,27934,0,0,0,0,0,0,0,0,0,0,0,0,0,0,0,0,0,0,20853,837,0,0,0,525,27961,0,0,0,0,0,0,0,0,0,0,0,0,0,0,0,0,0,0,20866,824,0,0,0,554,27932,0,0,0,0,0,0,0,0,0,0,0,0,0,0,0,0,0,0,5339,325,43673,839,5578,TCGA-GM-A2DD-DX1_xmin47260_ymin22408_MPP-0.2500+356
0,23816,0,0,0,0,26360,0,0,0,0,0,0,0,0,0,0,0,0,0,0,0,0,0,0,0,23816,0,0,0,0,26360,0,0,0,0,0,0,0,0,0,0,0,0,0,0,0,0,0,0,0,23816,0,0,0,0,26360,0,0,0,0,0,0,0,0,0,0,0,0,0,0,0,0,0,0,2799,2199,32497,12681,14473,TCGA-GM-A2DD-DX1_xmin47260_ymin22408_MPP-0.2500+357
16835,675,0,0,0,3550,29116,0,0,0,0,0,0,0,0,0,0,0,0,0,0,0,0,0,0,16852,658,0,0,0,3521,29145,0,0,0,0,0,0,0,0,0,0,0,0,0,0,0,0,0,0,16849,661,0,0,0,3307,29359,0,0,0,0,0,0,0,0,0,0,0,0,0,0,0,0,0,0,4064,1756,41069,3287,7963,TCGA-GM-A2DD-DX1_xmin47260_ymin22408_MPP-0.2500+358
17926,16149,0,0,0,861,15240,0,0,0,0,0,0,0,0,0,0,0,0,0,0,0,0,0,0,17564,16511,0,0,0,806,15295,0,0,0,0,0,0,0,0,0,0,0,0,0,0,0,0,0,0,17271,16804,0,0,0,808,15293,0,0,0,0,0,0,0,0,0,0,0,0,0,0,0,0,0,0,5648,3546,29436,11546,16232,TCGA-GM-A2DD-DX1_xmin47260_ymin22408_MPP-0.2500+359
0,0,0,0,0,0,42688,0,0,0,0,7488,0,0,0,0,0,0,0,0,0,0,0,0,0,0,0,0,0,0,0,42688,0,0,0,0,7488,0,0,0,0,0,0,0,0,0,0,0,0,0,0,0,0,0,0,0,42688,0,0,0,0,7488,0,0,0,0,0,0,0,0,0,0,0,0,0,2737,1403,39903,6133,3701,TCGA-GM-A2DD-DX1_xmin47260_ymin22408_MPP-0.2500+36
47259,0,0,0,0,428,0,0,0,0,0,0,0,0,0,0,0,0,0,0,0,0,0,0,2489,47259,0,0,0,0,428,0,0,0,0,0,0,0,0,0,0,0,0,0,0,0,0,0,0,2489,47259,0,0,0,0,428,0,0,0,0,0,0,0,0,0,0,0,0,0,0,0,0,0,0,2489,4718,85,41121,1763,11774,TCGA-GM-A2DD-DX1_xmin47260_ymin22408_MPP-0.2500+360
8131,0,0,21,0,244,0,0,464,0,0,0,0,0,0,1804,0,0,22597,0,0,0,0,0,16915,8122,0,0,30,0,219,0,0,489,0,0,0,0,0,0,1774,0,0,22627,0,0,0,0,0,16915,8129,0,0,23,0,231,0,0,477,0,0,0,0,0,0,1825,0,0,22576,0,0,0,0,0,16915,15318,396,12264,5283,21197,TCGA-GM-A2DD-DX1_xmin47260_ymin22408_MPP-0.2500+361
0,0,0,0,0,0,10225,0,3540,0,0,0,0,0,0,0,4128,0,32283,0,0,0,0,0,0,0,0,0,0,0,0,10159,0,3606,0,0,0,0,0,0,0,2986,0,33425,0,0,0,0,0,0,0,0,0,0,0,0,9985,0,3780,0,0,0,0,0,0,0,2868,0,33543,0,0,0,0,0,0,12420,943,9597,27216,30011,TCGA-GM-A2DD-DX1_xmin47260_ymin22408_MPP-0.2500+362
1,34488,0,0,0,0,9077,0,0,0,0,0,0,0,0,0,6610,0,0,0,0,0,0,0,0,1,34488,0,0,0,0,9077,0,0,0,0,0,0,0,0,0,6610,0,0,0,0,0,0,0,0,1,34488,0,0,0,0,9077,0,0,0,0,0,0,0,0,0,6610,0,0,0,0,0,0,0,0,6766,6243,21695,15472,23022,TCGA-GM-A2DD-DX1_xmin47260_ymin22408_MPP-0.2500+363
38106,0,0,0,0,4603,0,0,0,0,0,0,0,0,0,2372,0,0,0,0,0,0,0,0,5095,38106,0,0,0,0,4603,0,0,0,0,0,0,0,0,0,2372,0,0,0,0,0,0,0,0,5095,38106,0,0,0,0,4603,0,0,0,0,0,0,0,0,0,2372,0,0,0,0,0,0,0,0,5095,2450,16,34766,7849,7923,TCGA-GM-A2DD-DX1_xmin47260_ymin22408_MPP-0.2500+364
14152,0,0,0,0,780,0,0,0,0,0,0,0,0,0,20024,0,0,0,0,0,0,0,0,15220,14152,0,0,0,0,780,0,0,0,0,0,0,0,0,0,20024,0,0,0,0,0,0,0,0,15220,14152,0,0,0,0,780,0,0,0,0,0,0,0,0,0,20024,0,0,0,0,0,0,0,0,15220,2150,556,13779,18471,6551,TCGA-GM-A2DD-DX1_xmin47260_ymin22408_MPP-0.2500+365
2585,0,0,149,0,184,0,0,1248,0,0,0,0,0,0,0,0,0,17893,0,0,0,0,0,28117,0,2734,0,0,0,241,1191,0,0,0,0,0,0,0,0,2758,15135,0,0,0,0,0,0,0,28117,0,2734,0,0,0,241,1191,0,0,0,0,0,0,0,0,2630,15263,0,0,0,0,0,0,0,28117,6714,807,1631,12907,8940,TCGA-GM-A2DD-DX1_xmin47260_ymin22408_MPP-0.2500+366
14068,4668,0,0,0,129,14005,0,0,0,0,0,0,0,0,0,0,0,0,0,0,0,0,0,17306,14378,4358,0,0,0,130,14004,0,0,0,0,0,0,0,0,0,0,0,0,0,0,0,0,0,17306,14738,3998,0,0,0,143,13991,0,0,0,0,0,0,0,0,0,0,0,0,0,0,0,0,0,17306,453,4180,23799,4438,5980,TCGA-GM-A2DD-DX1_xmin47260_ymin22408_MPP-0.2500+367
9427,3318,0,0,0,581,36850,0,0,0,0,0,0,0,0,0,0,0,0,0,0,0,0,0,0,9543,3202,0,0,0,581,36850,0,0,0,0,0,0,0,0,0,0,0,0,0,0,0,0,0,0,9761,2984,0,0,0,624,36807,0,0,0,0,0,0,0,0,0,0,0,0,0,0,0,0,0,0,2664,2838,40992,3682,7144,TCGA-GM-A2DD-DX1_xmin47260_ymin22408_MPP-0.2500+368
0,0,0,0,0,0,50176,0,0,0,0,0,0,0,0,0,0,0,0,0,0,0,0,0,0,0,0,0,0,0,0,50176,0,0,0,0,0,0,0,0,0,0,0,0,0,0,0,0,0,0,0,0,0,0,0,0,50176,0,0,0,0,0,0,0,0,0,0,0,0,0,0,0,0,0,0,2078,0,48098,0,3193,TCGA-GM-A2DD-DX1_xmin47260_ymin22408_MPP-0.2500+369
0,0,0,0,0,0,50176,0,0,0,0,0,0,0,0,0,0,0,0,0,0,0,0,0,0,0,0,0,0,0,0,50176,0,0,0,0,0,0,0,0,0,0,0,0,0,0,0,0,0,0,0,0,0,0,0,0,50176,0,0,0,0,0,0,0,0,0,0,0,0,0,0,0,0,0,0,3870,0,46306,0,5014,TCGA-GM-A2DD-DX1_xmin47260_ymin22408_MPP-0.2500+37
0,0,0,0,0,0,50176,0,0,0,0,0,0,0,0,0,0,0,0,0,0,0,0,0,0,0,0,0,0,0,0,50176,0,0,0,0,0,0,0,0,0,0,0,0,0,0,0,0,0,0,0,0,0,0,0,0,50176,0,0,0,0,0,0,0,0,0,0,0,0,0,0,0,0,0,0,2765,0,47367,44,6712,TCGA-GM-A2DD-DX1_xmin47260_ymin22408_MPP-0.2500+370
14953,6168,0,0,0,2308,26747,0,0,0,0,0,0,0,0,0,0,0,0,0,0,0,0,0,0,15261,5860,0,0,0,2355,26700,0,0,0,0,0,0,0,0,0,0,0,0,0,0,0,0,0,0,15590,5531,0,0,0,2743,26312,0,0,0,0,0,0,0,0,0,0,0,0,0,0,0,0,0,0,3088,2351,38065,6672,10236,TCGA-GM-A2DD-DX1_xmin47260_ymin22408_MPP-0.2500+371
10771,7362,0,0,0,10686,21357,0,0,0,0,0,0,0,0,0,0,0,0,0,0,0,0,0,0,10864,7269,0,0,0,11483,20560,0,0,0,0,0,0,0,0,0,0,0,0,0,0,0,0,0,0,10686,7447,0,0,0,10850,21193,0,0,0,0,0,0,0,0,0,0,0,0,0,0,0,0,0,0,2792,4708,25319,17357,14765,TCGA-GM-A2DD-DX1_xmin47260_ymin22408_MPP-0.2500+372
8155,1882,0,0,0,14710,25429,0,0,0,0,0,0,0,0,0,0,0,0,0,0,0,0,0,0,6961,3076,0,0,0,13891,26248,0,0,0,0,0,0,0,0,0,0,0,0,0,0,0,0,0,0,5618,4419,0,0,0,13110,27029,0,0,0,0,0,0,0,0,0,0,0,0,0,0,0,0,0,0,5924,2166,28115,13971,16824,TCGA-GM-A2DD-DX1_xmin47260_ymin22408_MPP-0.2500+373
16168,4327,0,0,0,1757,27924,0,0,0,0,0,0,0,0,0,0,0,0,0,0,0,0,0,0,16169,4326,0,0,0,1878,27803,0,0,0,0,0,0,0,0,0,0,0,0,0,0,0,0,0,0,16130,4365,0,0,0,1957,27724,0,0,0,0,0,0,0,0,0,0,0,0,0,0,0,0,0,0,4880,1213,38987,5096,8923,TCGA-GM-A2DD-DX1_xmin47260_ymin22408_MPP-0.2500+374
47989,0,0,0,0,437,0,0,0,0,0,0,0,0,0,0,0,0,0,0,0,0,0,0,1750,47989,0,0,0,0,437,0,0,0,0,0,0,0,0,0,0,0,0,0,0,0,0,0,0,1750,47989,0,0,0,0,437,0,0,0,0,0,0,0,0,0,0,0,0,0,0,0,0,0,0,1750,6397,179,41428,422,7937,TCGA-GM-A2DD-DX1_xmin47260_ymin22408_MPP-0.2500+375
2640,0,0,654,0,44,0,0,30,0,0,0,0,0,0,0,0,0,32766,0,0,0,0,0,14042,2619,0,0,675,0,44,0,0,30,0,0,0,0,0,0,0,0,0,32766,0,0,0,0,0,14042,2640,0,0,654,0,44,0,0,30,0,0,0,0,0,0,0,0,0,32766,0,0,0,0,0,14042,21129,10,7582,7413,26109,TCGA-GM-A2DD-DX1_xmin47260_ymin22408_MPP-0.2500+376
0,0,0,0,0,1467,9128,0,0,0,0,0,0,0,0,34558,427,0,0,0,0,0,0,0,4596,0,0,0,0,0,1513,9082,0,0,0,0,0,0,0,0,34687,298,0,0,0,0,0,0,0,4596,0,0,0,0,0,1508,9087,0,0,0,0,0,0,0,0,34681,304,0,0,0,0,0,0,0,4596,2570,169,7940,34901,14341,TCGA-GM-A2DD-DX1_xmin47260_ymin22408_MPP-0.2500+377
0,3684,0,0,0,240,26408,0,0,0,0,0,0,0,0,5250,11406,0,0,0,0,0,0,0,3188,0,3684,0,0,0,240,26408,0,0,0,0,0,0,0,0,5410,11246,0,0,0,0,0,0,0,3188,0,3684,0,0,0,240,26408,0,0,0,0,0,0,0,0,5410,11246,0,0,0,0,0,0,0,3188,8283,1776,16237,20692,20158,TCGA-GM-A2DD-DX1_xmin47260_ymin22408_MPP-0.2500+378
1972,0,0,0,0,4813,0,0,1912,0,0,0,0,0,0,25695,0,0,9490,0,0,0,0,0,6294,1835,0,0,137,0,4961,0,0,1764,0,0,0,0,0,0,26567,0,0,8618,0,0,0,0,0,6294,1820,0,0,152,0,4984,0,0,1741,0,0,0,0,0,0,26323,0,0,8862,0,0,0,0,0,6294,2758,1883,4942,34299,11181,TCGA-GM-A2DD-DX1_xmin47260_ymin22408_MPP-0.2500+379
0,0,0,0,0,0,50176,0,0,0,0,0,0,0,0,0,0,0,0,0,0,0,0,0,0,0,0,0,0,0,0,50176,0,0,0,0,0,0,0,0,0,0,0,0,0,0,0,0,0,0,0,0,0,0,0,0,50176,0,0,0,0,0,0,0,0,0,0,0,0,0,0,0,0,0,0,3663,0,46513,0,3846,TCGA-GM-A2DD-DX1_xmin47260_ymin22408_MPP-0.2500+38
7473,0,0,0,0,400,0,0,0,0,0,0,0,0,0,14848,0,0,0,0,0,0,0,0,27455,7473,0,0,0,0,400,0,0,0,0,0,0,0,0,0,14848,0,0,0,0,0,0,0,0,27455,7473,0,0,0,0,400,0,0,0,0,0,0,0,0,0,14848,0,0,0,0,0,0,0,0,27455,722,99,7042,14858,4631,TCGA-GM-A2DD-DX1_xmin47260_ymin22408_MPP-0.2500+380
40350,0,0,0,0,73,0,0,0,0,0,0,0,0,0,0,0,0,0,0,0,0,0,0,9753,40350,0,0,0,0,73,0,0,0,0,0,0,0,0,0,0,0,0,0,0,0,0,0,0,9753,40350,0,0,0,0,73,0,0,0,0,0,0,0,0,0,0,0,0,0,0,0,0,0,0,9753,2526,113,36818,966,4482,TCGA-GM-A2DD-DX1_xmin47260_ymin22408_MPP-0.2500+381
50176,0,0,0,0,0,0,0,0,0,0,0,0,0,0,0,0,0,0,0,0,0,0,0,0,50176,0,0,0,0,0,0,0,0,0,0,0,0,0,0,0,0,0,0,0,0,0,0,0,0,50176,0,0,0,0,0,0,0,0,0,0,0,0,0,0,0,0,0,0,0,0,0,0,0,0,1124,0,49052,0,3527,TCGA-GM-A2DD-DX1_xmin47260_ymin22408_MPP-0.2500+382
9591,1412,0,0,0,1307,37866,0,0,0,0,0,0,0,0,0,0,0,0,0,0,0,0,0,0,9493,1510,0,0,0,1450,37723,0,0,0,0,0,0,0,0,0,0,0,0,0,0,0,0,0,0,9400,1603,0,0,0,1732,37441,0,0,0,0,0,0,0,0,0,0,0,0,0,0,0,0,0,0,4662,102,42435,2977,4954,TCGA-GM-A2DD-DX1_xmin47260_ymin22408_MPP-0.2500+383
0,0,0,0,0,0,50176,0,0,0,0,0,0,0,0,0,0,0,0,0,0,0,0,0,0,0,0,0,0,0,0,50176,0,0,0,0,0,0,0,0,0,0,0,0,0,0,0,0,0,0,0,0,0,0,0,0,50176,0,0,0,0,0,0,0,0,0,0,0,0,0,0,0,0,0,0,2381,0,47795,0,4932,TCGA-GM-A2DD-DX1_xmin47260_ymin22408_MPP-0.2500+384
0,10034,0,0,0,0,40142,0,0,0,0,0,0,0,0,0,0,0,0,0,0,0,0,0,0,0,10034,0,0,0,0,40142,0,0,0,0,0,0,0,0,0,0,0,0,0,0,0,0,0,0,0,10034,0,0,0,0,40142,0,0,0,0,0,0,0,0,0,0,0,0,0,0,0,0,0,0,2018,2825,43231,2102,13080,TCGA-GM-A2DD-DX1_xmin47260_ymin22408_MPP-0.2500+385
33337,9391,0,0,0,5,7443,0,0,0,0,0,0,0,0,0,0,0,0,0,0,0,0,0,0,33715,9013,0,0,0,144,7304,0,0,0,0,0,0,0,0,0,0,0,0,0,0,0,0,0,0,33802,8926,0,0,0,284,7164,0,0,0,0,0,0,0,0,0,0,0,0,0,0,0,0,0,0,4372,2621,37628,5555,9498,TCGA-GM-A2DD-DX1_xmin47260_ymin22408_MPP-0.2500+386
23536,12860,0,0,0,10548,3232,0,0,0,0,0,0,0,0,0,0,0,0,0,0,0,0,0,0,23958,12438,0,0,0,10556,3224,0,0,0,0,0,0,0,0,0,0,0,0,0,0,0,0,0,0,24056,12340,0,0,0,10440,3340,0,0,0,0,0,0,0,0,0,0,0,0,0,0,0,0,0,0,3220,3804,28955,14197,11772,TCGA-GM-A2DD-DX1_xmin47260_ymin22408_MPP-0.2500+387
27548,12657,0,0,0,2948,7023,0,0,0,0,0,0,0,0,0,0,0,0,0,0,0,0,0,0,28809,11396,0,0,0,3327,6644,0,0,0,0,0,0,0,0,0,0,0,0,0,0,0,0,0,0,28148,12057,0,0,0,3430,6541,0,0,0,0,0,0,0,0,0,0,0,0,0,0,0,0,0,0,5177,1665,36597,6737,10483,TCGA-GM-A2DD-DX1_xmin47260_ymin22408_MPP-0.2500+388
18021,2203,0,0,0,3958,12778,0,0,0,0,0,0,0,0,0,0,0,0,0,0,0,0,0,13216,17901,2323,0,0,0,3963,12773,0,0,0,0,0,0,0,0,0,0,0,0,0,0,0,0,0,13216,17761,2463,0,0,0,3987,12749,0,0,0,0,0,0,0,0,0,0,0,0,0,0,0,0,0,13216,2231,683,28564,5482,5326,TCGA-GM-A2DD-DX1_xmin47260_ymin22408_MPP-0.2500+389
0,0,0,0,0,0,50176,0,0,0,0,0,0,0,0,0,0,0,0,0,0,0,0,0,0,0,0,0,0,0,0,50176,0,0,0,0,0,0,0,0,0,0,0,0,0,0,0,0,0,0,0,0,0,0,0,0,50176,0,0,0,0,0,0,0,0,0,0,0,0,0,0,0,0,0,0,2443,0,47733,0,2333,TCGA-GM-A2DD-DX1_xmin47260_ymin22408_MPP-0.2500+39
25870,0,0,0,0,199,0,0,0,0,0,0,0,0,0,0,0,0,0,0,0,0,0,0,24107,25870,0,0,0,0,199,0,0,0,0,0,0,0,0,0,0,0,0,0,0,0,0,0,0,24107,25870,0,0,0,0,199,0,0,0,0,0,0,0,0,0,0,0,0,0,0,0,0,0,0,24107,2430,823,21089,1727,6182,TCGA-GM-A2DD-DX1_xmin47260_ymin22408_MPP-0.2500+390
1682,0,0,1498,0,224,0,0,606,0,0,0,0,0,0,12526,0,0,18984,0,0,0,0,0,14656,1536,0,0,1644,0,171,0,0,659,0,0,0,0,0,0,12573,0,0,18937,0,0,0,0,0,14656,1570,0,0,1610,0,214,0,0,616,0,0,0,0,0,0,12575,0,0,18935,0,0,0,0,0,14656,13126,371,4283,17740,22147,TCGA-GM-A2DD-DX1_xmin47260_ymin22408_MPP-0.2500+391
0,0,0,0,0,0,0,0,162,0,0,0,0,0,0,2512,0,0,46872,0,0,0,0,0,630,0,0,0,0,0,0,0,0,162,0,0,0,0,0,0,2384,0,0,47000,0,0,0,0,0,630,0,0,0,0,0,0,0,0,162,0,0,0,0,0,0,2608,0,0,46776,0,0,0,0,0,630,19269,57,7824,22396,30174,TCGA-GM-A2DD-DX1_xmin47260_ymin22408_MPP-0.2500+392
0,0,0,0,0,0,0,0,16,0,0,0,0,0,0,880,0,0,49251,0,0,0,0,0,29,0,0,0,0,0,0,0,0,16,0,0,0,0,0,0,1040,0,0,49091,0,0,0,0,0,29,0,0,0,0,0,0,0,0,16,0,0,0,0,0,0,880,0,0,49251,0,0,0,0,0,29,18055,68,3896,28128,37529,TCGA-GM-A2DD-DX1_xmin47260_ymin22408_MPP-0.2500+393
20185,0,0,3631,0,391,0,0,2071,0,0,0,0,0,0,3492,0,0,10868,0,0,0,0,0,9538,20444,0,0,3372,0,585,0,0,1877,0,0,0,0,0,0,5073,0,0,9287,0,0,0,0,0,9538,20255,0,0,3561,0,566,0,0,1896,0,0,0,0,0,0,5099,0,0,9261,0,0,0,0,0,9538,6338,1639,16827,15834,14252,TCGA-GM-A2DD-DX1_xmin47260_ymin22408_MPP-0.2500+394
33280,0,0,16896,0,0,0,0,0,0,0,0,0,0,0,0,0,0,0,0,0,0,0,0,0,33628,0,0,16548,0,0,0,0,0,0,0,0,0,0,0,0,0,0,0,0,0,0,0,0,0,33057,0,0,17119,0,0,0,0,0,0,0,0,0,0,0,0,0,0,0,0,0,0,0,0,0,3292,3736,30800,12348,18302,TCGA-GM-A2DD-DX1_xmin47260_ymin22408_MPP-0.2500+395
50176,0,0,0,0,0,0,0,0,0,0,0,0,0,0,0,0,0,0,0,0,0,0,0,0,50176,0,0,0,0,0,0,0,0,0,0,0,0,0,0,0,0,0,0,0,0,0,0,0,0,50176,0,0,0,0,0,0,0,0,0,0,0,0,0,0,0,0,0,0,0,0,0,0,0,0,2054,3846,32678,11598,14133,TCGA-GM-A2DD-DX1_xmin47260_ymin22408_MPP-0.2500+396
50176,0,0,0,0,0,0,0,0,0,0,0,0,0,0,0,0,0,0,0,0,0,0,0,0,50176,0,0,0,0,0,0,0,0,0,0,0,0,0,0,0,0,0,0,0,0,0,0,0,0,50176,0,0,0,0,0,0,0,0,0,0,0,0,0,0,0,0,0,0,0,0,0,0,0,0,3649,0,45699,828,4428,TCGA-GM-A2DD-DX1_xmin47260_ymin22408_MPP-0.2500+397
0,14109,0,0,0,0,36067,0,0,0,0,0,0,0,0,0,0,0,0,0,0,0,0,0,0,0,14109,0,0,0,0,36067,0,0,0,0,0,0,0,0,0,0,0,0,0,0,0,0,0,0,0,14109,0,0,0,0,36067,0,0,0,0,0,0,0,0,0,0,0,0,0,0,0,0,0,0,1959,1336,43619,3262,6316,TCGA-GM-A2DD-DX1_xmin47260_ymin22408_MPP-0.2500+398
0,6789,0,0,0,0,43387,0,0,0,0,0,0,0,0,0,0,0,0,0,0,0,0,0,0,32,6757,0,0,0,0,43387,0,0,0,0,0,0,0,0,0,0,0,0,0,0,0,0,0,0,32,6757,0,0,0,0,43387,0,0,0,0,0,0,0,0,0,0,0,0,0,0,0,0,0,0,2176,1393,45058,1549,5046,TCGA-GM-A2DD-DX1_xmin47260_ymin22408_MPP-0.2500+399
0,0,0,0,0,0,50176,0,0,0,0,0,0,0,0,0,0,0,0,0,0,0,0,0,0,0,0,0,0,0,0,50176,0,0,0,0,0,0,0,0,0,0,0,0,0,0,0,0,0,0,0,0,0,0,0,0,50176,0,0,0,0,0,0,0,0,0,0,0,0,0,0,0,0,0,0,8160,0,38107,3909,6648,TCGA-GM-A2DD-DX1_xmin47260_ymin22408_MPP-0.2500+4
0,0,0,0,0,0,50176,0,0,0,0,0,0,0,0,0,0,0,0,0,0,0,0,0,0,0,0,0,0,0,0,50176,0,0,0,0,0,0,0,0,0,0,0,0,0,0,0,0,0,0,0,0,0,0,0,0,50176,0,0,0,0,0,0,0,0,0,0,0,0,0,0,0,0,0,0,1310,0,48866,0,1176,TCGA-GM-A2DD-DX1_xmin47260_ymin22408_MPP-0.2500+40
0,13681,0,0,0,0,36495,0,0,0,0,0,0,0,0,0,0,0,0,0,0,0,0,0,0,0,13681,0,0,0,0,36495,0,0,0,0,0,0,0,0,0,0,0,0,0,0,0,0,0,0,0,13681,0,0,0,0,36495,0,0,0,0,0,0,0,0,0,0,0,0,0,0,0,0,0,0,9652,939,33591,5994,17632,TCGA-GM-A2DD-DX1_xmin47260_ymin22408_MPP-0.2500+400
25914,2264,0,0,0,2193,19805,0,0,0,0,0,0,0,0,0,0,0,0,0,0,0,0,0,0,25819,2359,0,0,0,1962,20036,0,0,0,0,0,0,0,0,0,0,0,0,0,0,0,0,0,0,25731,2447,0,0,0,1866,20132,0,0,0,0,0,0,0,0,0,0,0,0,0,0,0,0,0,0,5238,2153,40354,2431,6398,TCGA-GM-A2DD-DX1_xmin47260_ymin22408_MPP-0.2500+401
7570,1136,0,0,0,5006,36464,0,0,0,0,0,0,0,0,0,0,0,0,0,0,0,0,0,0,7527,1179,0,0,0,4878,36592,0,0,0,0,0,0,0,0,0,0,0,0,0,0,0,0,0,0,7665,1041,0,0,0,5138,36332,0,0,0,0,0,0,0,0,0,0,0,0,0,0,0,0,0,0,8924,1266,36229,3757,10182,TCGA-GM-A2DD-DX1_xmin47260_ymin22408_MPP-0.2500+402
39909,6332,0,0,0,34,3901,0,0,0,0,0,0,0,0,0,0,0,0,0,0,0,0,0,0,40054,6187,0,0,0,34,3901,0,0,0,0,0,0,0,0,0,0,0,0,0,0,0,0,0,0,39799,6442,0,0,0,34,3901,0,0,0,0,0,0,0,0,0,0,0,0,0,0,0,0,0,0,3878,1590,41865,2843,5840,TCGA-GM-A2DD-DX1_xmin47260_ymin22408_MPP-0.2500+403
50131,0,0,0,0,45,0,0,0,0,0,0,0,0,0,0,0,0,0,0,0,0,0,0,0,50131,0,0,0,0,45,0,0,0,0,0,0,0,0,0,0,0,0,0,0,0,0,0,0,0,50131,0,0,0,0,45,0,0,0,0,0,0,0,0,0,0,0,0,0,0,0,0,0,0,0,4799,0,45258,119,10559,TCGA-GM-A2DD-DX1_xmin47260_ymin22408_MPP-0.2500+404
47163,0,0,0,0,566,0,0,0,0,0,0,0,0,0,0,0,0,0,0,0,0,0,0,2447,47163,0,0,0,0,566,0,0,0,0,0,0,0,0,0,0,0,0,0,0,0,0,0,0,2447,47163,0,0,0,0,566,0,0,0,0,0,0,0,0,0,0,0,0,0,0,0,0,0,0,2447,4140,120,42585,884,11859,TCGA-GM-A2DD-DX1_xmin47260_ymin22408_MPP-0.2500+405
19217,21239,0,0,0,834,1232,0,0,0,0,0,0,0,0,1059,817,0,0,0,0,0,0,0,5778,18637,21819,0,0,0,579,1487,0,0,0,0,0,0,0,0,1152,724,0,0,0,0,0,0,0,5778,18330,22126,0,0,0,368,1698,0,0,0,0,0,0,0,0,1119,757,0,0,0,0,0,0,0,5778,5237,3831,23943,11387,15404,TCGA-GM-A2DD-DX1_xmin47260_ymin22408_MPP-0.2500+406
30571,0,0,0,0,1591,0,0,0,0,0,0,0,0,0,9283,0,0,0,0,0,0,0,0,8731,30571,0,0,0,0,1591,0,0,0,0,0,0,0,0,0,9283,0,0,0,0,0,0,0,0,8731,30571,0,0,0,0,1591,0,0,0,0,0,0,0,0,0,9283,0,0,0,0,0,0,0,0,8731,6137,852,27644,6812,8377,TCGA-GM-A2DD-DX1_xmin47260_ymin22408_MPP-0.2500+407
26755,0,0,3664,0,413,0,0,405,0,0,0,0,0,0,2264,0,0,12789,0,0,0,0,0,3886,27211,0,0,3208,0,411,0,0,407,0,0,0,0,0,0,2819,0,0,12234,0,0,0,0,0,3886,26745,0,0,3674,0,392,0,0,426,0,0,0,0,0,0,2772,0,0,12281,0,0,0,0,0,3886,12128,365,25457,8340,20701,TCGA-GM-A2DD-DX1_xmin47260_ymin22408_MPP-0.2500+408
44295,0,0,0,0,467,0,0,0,0,0,0,0,0,0,2894,0,0,0,0,0,0,0,0,2520,44295,0,0,0,0,467,0,0,0,0,0,0,0,0,0,2894,0,0,0,0,0,0,0,0,2520,44295,0,0,0,0,467,0,0,0,0,0,0,0,0,0,2894,0,0,0,0,0,0,0,0,2520,8907,57,34814,3878,11078,TCGA-GM-A2DD-DX1_xmin47260_ymin22408_MPP-0.2500+409
0,0,0,0,0,0,50176,0,0,0,0,0,0,0,0,0,0,0,0,0,0,0,0,0,0,0,0,0,0,0,0,50176,0,0,0,0,0,0,0,0,0,0,0,0,0,0,0,0,0,0,0,0,0,0,0,0,50176,0,0,0,0,0,0,0,0,0,0,0,0,0,0,0,0,0,0,582,0,49594,0,2010,TCGA-GM-A2DD-DX1_xmin47260_ymin22408_MPP-0.2500+41
50176,0,0,0,0,0,0,0,0,0,0,0,0,0,0,0,0,0,0,0,0,0,0,0,0,50176,0,0,0,0,0,0,0,0,0,0,0,0,0,0,0,0,0,0,0,0,0,0,0,0,50176,0,0,0,0,0,0,0,0,0,0,0,0,0,0,0,0,0,0,0,0,0,0,0,0,8894,60,37354,3868,13598,TCGA-GM-A2DD-DX1_xmin47260_ymin22408_MPP-0.2500+410
50176,0,0,0,0,0,0,0,0,0,0,0,0,0,0,0,0,0,0,0,0,0,0,0,0,50176,0,0,0,0,0,0,0,0,0,0,0,0,0,0,0,0,0,0,0,0,0,0,0,0,50176,0,0,0,0,0,0,0,0,0,0,0,0,0,0,0,0,0,0,0,0,0,0,0,0,8717,0,39412,2047,12834,TCGA-GM-A2DD-DX1_xmin47260_ymin22408_MPP-0.2500+411
40958,4839,0,0,0,2,4377,0,0,0,0,0,0,0,0,0,0,0,0,0,0,0,0,0,0,40882,4915,0,0,0,2,4377,0,0,0,0,0,0,0,0,0,0,0,0,0,0,0,0,0,0,40848,4949,0,0,0,2,4377,0,0,0,0,0,0,0,0,0,0,0,0,0,0,0,0,0,0,5733,1262,35222,7959,10323,TCGA-GM-A2DD-DX1_xmin47260_ymin22408_MPP-0.2500+412
0,3212,0,0,0,0,46964,0,0,0,0,0,0,0,0,0,0,0,0,0,0,0,0,0,0,0,3212,0,0,0,0,46964,0,0,0,0,0,0,0,0,0,0,0,0,0,0,0,0,0,0,0,3212,0,0,0,0,46964,0,0,0,0,0,0,0,0,0,0,0,0,0,0,0,0,0,0,3460,668,43504,2544,5257,TCGA-GM-A2DD-DX1_xmin47260_ymin22408_MPP-0.2500+413
0,4966,0,0,0,0,43133,0,0,0,0,0,0,0,0,0,0,0,0,0,0,0,0,0,2077,0,4966,0,0,0,0,43133,0,0,0,0,0,0,0,0,0,0,0,0,0,0,0,0,0,2077,0,4966,0,0,0,0,43133,0,0,0,0,0,0,0,0,0,0,0,0,0,0,0,0,0,2077,3148,843,39883,4225,5509,TCGA-GM-A2DD-DX1_xmin47260_ymin22408_MPP-0.2500+414
31888,1432,0,0,0,3151,4549,0,0,0,0,0,0,0,0,0,0,0,0,0,0,0,0,0,9156,31653,1667,0,0,0,3097,4603,0,0,0,0,0,0,0,0,0,0,0,0,0,0,0,0,0,9156,31630,1690,0,0,0,3131,4569,0,0,0,0,0,0,0,0,0,0,0,0,0,0,0,0,0,9156,3736,633,32470,4181,8470,TCGA-GM-A2DD-DX1_xmin47260_ymin22408_MPP-0.2500+415
0,742,0,0,0,0,47367,0,0,0,0,0,0,0,0,0,0,0,0,0,0,0,0,0,2067,0,742,0,0,0,0,47367,0,0,0,0,0,0,0,0,0,0,0,0,0,0,0,0,0,2067,0,742,0,0,0,0,47367,0,0,0,0,0,0,0,0,0,0,0,0,0,0,0,0,0,2067,6259,419,40702,729,11303,TCGA-GM-A2DD-DX1_xmin47260_ymin22408_MPP-0.2500+416
10229,1586,0,0,0,744,37617,0,0,0,0,0,0,0,0,0,0,0,0,0,0,0,0,0,0,10041,1774,0,0,0,483,37878,0,0,0,0,0,0,0,0,0,0,0,0,0,0,0,0,0,0,10088,1727,0,0,0,568,37793,0,0,0,0,0,0,0,0,0,0,0,0,0,0,0,0,0,0,3786,776,43758,1856,9366,TCGA-GM-A2DD-DX1_xmin47260_ymin22408_MPP-0.2500+417
22080,7654,0,0,0,448,19994,0,0,0,0,0,0,0,0,0,0,0,0,0,0,0,0,0,0,22222,7512,0,0,0,431,20011,0,0,0,0,0,0,0,0,0,0,0,0,0,0,0,0,0,0,22578,7156,0,0,0,392,20050,0,0,0,0,0,0,0,0,0,0,0,0,0,0,0,0,0,0,1433,4433,40526,3784,6363,TCGA-GM-A2DD-DX1_xmin47260_ymin22408_MPP-0.2500+418
16183,3253,0,0,0,3784,26423,0,0,0,0,0,0,0,0,0,0,0,0,0,0,0,0,0,533,16164,3272,0,0,0,3757,26450,0,0,0,0,0,0,0,0,0,0,0,0,0,0,0,0,0,533,16283,3153,0,0,0,3758,26449,0,0,0,0,0,0,0,0,0,0,0,0,0,0,0,0,0,533,4263,2171,37839,5370,10375,TCGA-GM-A2DD-DX1_xmin47260_ymin22408_MPP-0.2500+419
0,0,0,0,0,0,50176,0,0,0,0,0,0,0,0,0,0,0,0,0,0,0,0,0,0,0,0,0,0,0,0,50176,0,0,0,0,0,0,0,0,0,0,0,0,0,0,0,0,0,0,0,0,0,0,0,0,50176,0,0,0,0,0,0,0,0,0,0,0,0,0,0,0,0,0,0,0,0,50176,0,661,TCGA-GM-A2DD-DX1_xmin47260_ymin22408_MPP-0.2500+42
50176,0,0,0,0,0,0,0,0,0,0,0,0,0,0,0,0,0,0,0,0,0,0,0,0,50176,0,0,0,0,0,0,0,0,0,0,0,0,0,0,0,0,0,0,0,0,0,0,0,0,50176,0,0,0,0,0,0,0,0,0,0,0,0,0,0,0,0,0,0,0,0,0,0,0,0,6307,0,41043,2826,9806,TCGA-GM-A2DD-DX1_xmin47260_ymin22408_MPP-0.2500+420
47331,0,0,0,0,0,0,0,0,0,0,0,0,0,0,0,0,0,0,0,0,0,0,0,2845,47331,0,0,0,0,0,0,0,0,0,0,0,0,0,0,0,0,0,0,0,0,0,0,0,2845,47331,0,0,0,0,0,0,0,0,0,0,0,0,0,0,0,0,0,0,0,0,0,0,0,2845,4741,3287,24334,14969,12578,TCGA-GM-A2DD-DX1_xmin47260_ymin22408_MPP-0.2500+421
49261,0,0,0,0,2,0,0,0,0,0,0,0,0,0,0,0,0,0,0,0,0,0,0,913,49261,0,0,0,0,2,0,0,0,0,0,0,0,0,0,0,0,0,0,0,0,0,0,0,913,49261,0,0,0,0,2,0,0,0,0,0,0,0,0,0,0,0,0,0,0,0,0,0,0,913,6891,17,39405,2950,11163,TCGA-GM-A2DD-DX1_xmin47260_ymin22408_MPP-0.2500+422
50176,0,0,0,0,0,0,0,0,0,0,0,0,0,0,0,0,0,0,0,0,0,0,0,0,50176,0,0,0,0,0,0,0,0,0,0,0,0,0,0,0,0,0,0,0,0,0,0,0,0,50176,0,0,0,0,0,0,0,0,0,0,0,0,0,0,0,0,0,0,0,0,0,0,0,0,2662,0,47514,0,2628,TCGA-GM-A2DD-DX1_xmin47260_ymin22408_MPP-0.2500+423
50176,0,0,0,0,0,0,0,0,0,0,0,0,0,0,0,0,0,0,0,0,0,0,0,0,50176,0,0,0,0,0,0,0,0,0,0,0,0,0,0,0,0,0,0,0,0,0,0,0,0,50176,0,0,0,0,0,0,0,0,0,0,0,0,0,0,0,0,0,0,0,0,0,0,0,0,4958,0,45218,0,4412,TCGA-GM-A2DD-DX1_xmin47260_ymin22408_MPP-0.2500+424
50176,0,0,0,0,0,0,0,0,0,0,0,0,0,0,0,0,0,0,0,0,0,0,0,0,50176,0,0,0,0,0,0,0,0,0,0,0,0,0,0,0,0,0,0,0,0,0,0,0,0,50176,0,0,0,0,0,0,0,0,0,0,0,0,0,0,0,0,0,0,0,0,0,0,0,0,5612,0,44058,506,6579,TCGA-GM-A2DD-DX1_xmin47260_ymin22408_MPP-0.2500+425
50176,0,0,0,0,0,0,0,0,0,0,0,0,0,0,0,0,0,0,0,0,0,0,0,0,50176,0,0,0,0,0,0,0,0,0,0,0,0,0,0,0,0,0,0,0,0,0,0,0,0,50176,0,0,0,0,0,0,0,0,0,0,0,0,0,0,0,0,0,0,0,0,0,0,0,0,5264,0,43920,992,7259,TCGA-GM-A2DD-DX1_xmin47260_ymin22408_MPP-0.2500+426
0,20949,0,0,0,0,29227,0,0,0,0,0,0,0,0,0,0,0,0,0,0,0,0,0,0,0,20949,0,0,0,0,29227,0,0,0,0,0,0,0,0,0,0,0,0,0,0,0,0,0,0,0,20949,0,0,0,0,29227,0,0,0,0,0,0,0,0,0,0,0,0,0,0,0,0,0,0,2659,4229,34510,8778,6650,TCGA-GM-A2DD-DX1_xmin47260_ymin22408_MPP-0.2500+427
0,0,0,0,0,0,50176,0,0,0,0,0,0,0,0,0,0,0,0,0,0,0,0,0,0,0,0,0,0,0,0,50176,0,0,0,0,0,0,0,0,0,0,0,0,0,0,0,0,0,0,0,0,0,0,0,0,50176,0,0,0,0,0,0,0,0,0,0,0,0,0,0,0,0,0,0,1047,0,48959,170,596,TCGA-GM-A2DD-DX1_xmin47260_ymin22408_MPP-0.2500+428
3123,0,0,0,0,1436,31299,0,0,0,0,0,0,0,0,0,0,0,0,0,0,0,0,0,14318,3123,0,0,0,0,1554,31181,0,0,0,0,0,0,0,0,0,0,0,0,0,0,0,0,0,14318,3123,0,0,0,0,1702,31033,0,0,0,0,0,0,0,0,0,0,0,0,0,0,0,0,0,14318,2290,17,32425,1126,1950,TCGA-GM-A2DD-DX1_xmin47260_ymin22408_MPP-0.2500+429
0,0,0,0,0,0,50176,0,0,0,0,0,0,0,0,0,0,0,0,0,0,0,0,0,0,0,0,0,0,0,0,50176,0,0,0,0,0,0,0,0,0,0,0,0,0,0,0,0,0,0,0,0,0,0,0,0,50176,0,0,0,0,0,0,0,0,0,0,0,0,0,0,0,0,0,0,104,0,50072,0,261,TCGA-GM-A2DD-DX1_xmin47260_ymin22408_MPP-0.2500+43
47160,0,0,0,0,347,0,0,0,0,0,0,0,0,0,0,0,0,0,0,0,0,0,0,2669,47160,0,0,0,0,347,0,0,0,0,0,0,0,0,0,0,0,0,0,0,0,0,0,0,2669,47160,0,0,0,0,347,0,0,0,0,0,0,0,0,0,0,0,0,0,0,0,0,0,0,2669,7925,812,32390,6380,13862,TCGA-GM-A2DD-DX1_xmin47260_ymin22408_MPP-0.2500+430
17349,1888,0,0,0,366,29352,0,0,0,0,0,0,0,0,0,0,0,0,0,0,0,0,0,1221,17345,1892,0,0,0,474,29244,0,0,0,0,0,0,0,0,0,0,0,0,0,0,0,0,0,1221,17347,1890,0,0,0,513,29205,0,0,0,0,0,0,0,0,0,0,0,0,0,0,0,0,0,1221,3583,1903,41140,2329,8499,TCGA-GM-A2DD-DX1_xmin47260_ymin22408_MPP-0.2500+431
26285,7389,0,0,0,246,16256,0,0,0,0,0,0,0,0,0,0,0,0,0,0,0,0,0,0,26036,7638,0,0,0,208,16294,0,0,0,0,0,0,0,0,0,0,0,0,0,0,0,0,0,0,26288,7386,0,0,0,177,16325,0,0,0,0,0,0,0,0,0,0,0,0,0,0,0,0,0,0,1223,3495,38515,6943,5992,TCGA-GM-A2DD-DX1_xmin47260_ymin22408_MPP-0.2500+432
31437,4083,0,0,0,3860,10796,0,0,0,0,0,0,0,0,0,0,0,0,0,0,0,0,0,0,31323,4197,0,0,0,3513,11143,0,0,0,0,0,0,0,0,0,0,0,0,0,0,0,0,0,0,31145,4375,0,0,0,3297,11359,0,0,0,0,0,0,0,0,0,0,0,0,0,0,0,0,0,0,4307,3368,37207,5294,9756,TCGA-GM-A2DD-DX1_xmin47260_ymin22408_MPP-0.2500+433
29109,942,0,0,0,2043,9067,0,0,0,0,0,0,0,0,0,0,0,0,0,0,0,0,0,9015,29155,896,0,0,0,1959,9151,0,0,0,0,0,0,0,0,0,0,0,0,0,0,0,0,0,9015,29151,900,0,0,0,1787,9323,0,0,0,0,0,0,0,0,0,0,0,0,0,0,0,0,0,9015,1640,1816,35893,1812,2559,TCGA-GM-A2DD-DX1_xmin47260_ymin22408_MPP-0.2500+434
0,0,0,0,0,0,50176,0,0,0,0,0,0,0,0,0,0,0,0,0,0,0,0,0,0,0,0,0,0,0,0,50176,0,0,0,0,0,0,0,0,0,0,0,0,0,0,0,0,0,0,0,0,0,0,0,0,50176,0,0,0,0,0,0,0,0,0,0,0,0,0,0,0,0,0,0,3550,0,46626,0,2876,TCGA-GM-A2DD-DX1_xmin47260_ymin22408_MPP-0.2500+44
6499,760,0,0,0,1620,25197,0,0,0,180,15920,0,0,0,0,0,0,0,0,0,0,0,0,0,6534,725,0,0,0,1606,25211,0,0,0,248,15852,0,0,0,0,0,0,0,0,0,0,0,0,0,6553,706,0,0,0,1813,25004,0,0,0,208,15892,0,0,0,0,0,0,0,0,0,0,0,0,0,3831,2730,29992,13623,9961,TCGA-GM-A2DD-DX1_xmin47260_ymin22408_MPP-0.2500+45
0,0,0,0,0,0,18547,5454,0,0,0,1549,24626,0,0,0,0,0,0,0,0,0,0,0,0,0,0,0,0,0,0,18812,5189,0,0,0,1949,24226,0,0,0,0,0,0,0,0,0,0,0,0,0,0,0,0,0,0,18880,5121,0,0,0,1939,24236,0,0,0,0,0,0,0,0,0,0,0,0,13172,2163,26008,8833,14905,TCGA-GM-A2DD-DX1_xmin47260_ymin22408_MPP-0.2500+46
0,6568,0,0,0,0,43608,0,0,0,0,0,0,0,0,0,0,0,0,0,0,0,0,0,0,0,6568,0,0,0,0,43608,0,0,0,0,0,0,0,0,0,0,0,0,0,0,0,0,0,0,0,6568,0,0,0,0,43608,0,0,0,0,0,0,0,0,0,0,0,0,0,0,0,0,0,0,3877,2646,39684,3969,9138,TCGA-GM-A2DD-DX1_xmin47260_ymin22408_MPP-0.2500+47
0,0,0,0,0,0,15481,3832,0,0,0,7947,22916,0,0,0,0,0,0,0,0,0,0,0,0,0,0,0,0,0,0,16073,3240,0,0,0,9215,21648,0,0,0,0,0,0,0,0,0,0,0,0,0,0,0,0,0,0,15765,3548,0,0,0,8633,22230,0,0,0,0,0,0,0,0,0,0,0,0,11286,2313,20651,15926,11139,TCGA-GM-A2DD-DX1_xmin47260_ymin22408_MPP-0.2500+48
0,0,0,0,0,0,20048,12339,0,0,0,6704,857,0,0,0,0,0,0,0,0,0,0,0,10228,0,0,0,0,0,0,21275,11112,0,0,0,6802,759,0,0,0,0,0,0,0,0,0,0,0,10228,0,0,0,0,0,0,24420,7967,0,0,0,6921,640,0,0,0,0,0,0,0,0,0,0,0,10228,7468,1368,20890,10222,7607,TCGA-GM-A2DD-DX1_xmin47260_ymin22408_MPP-0.2500+49
0,0,0,0,0,0,50176,0,0,0,0,0,0,0,0,0,0,0,0,0,0,0,0,0,0,0,0,0,0,0,0,50176,0,0,0,0,0,0,0,0,0,0,0,0,0,0,0,0,0,0,0,0,0,0,0,0,50176,0,0,0,0,0,0,0,0,0,0,0,0,0,0,0,0,0,0,4784,0,45242,150,4396,TCGA-GM-A2DD-DX1_xmin47260_ymin22408_MPP-0.2500+5
0,0,0,0,0,0,49374,0,0,0,0,0,0,0,0,0,0,0,0,0,0,0,0,0,802,0,0,0,0,0,0,49374,0,0,0,0,0,0,0,0,0,0,0,0,0,0,0,0,0,802,0,0,0,0,0,0,49374,0,0,0,0,0,0,0,0,0,0,0,0,0,0,0,0,0,802,7093,0,42126,155,7320,TCGA-GM-A2DD-DX1_xmin47260_ymin22408_MPP-0.2500+50
0,1089,0,0,0,0,48009,0,0,0,0,1078,0,0,0,0,0,0,0,0,0,0,0,0,0,0,1089,0,0,0,0,48009,0,0,0,0,1078,0,0,0,0,0,0,0,0,0,0,0,0,0,0,1089,0,0,0,0,48009,0,0,0,0,1078,0,0,0,0,0,0,0,0,0,0,0,0,0,3327,442,44751,1656,4229,TCGA-GM-A2DD-DX1_xmin47260_ymin22408_MPP-0.2500+51
0,11245,0,0,0,0,38931,0,0,0,0,0,0,0,0,0,0,0,0,0,0,0,0,0,0,0,11245,0,0,0,0,38931,0,0,0,0,0,0,0,0,0,0,0,0,0,0,0,0,0,0,0,11245,0,0,0,0,38931,0,0,0,0,0,0,0,0,0,0,0,0,0,0,0,0,0,0,5240,2275,38351,4310,6935,TCGA-GM-A2DD-DX1_xmin47260_ymin22408_MPP-0.2500+52
10857,3575,0,0,0,4381,31363,0,0,0,0,0,0,0,0,0,0,0,0,0,0,0,0,0,0,10833,3599,0,0,0,4052,31692,0,0,0,0,0,0,0,0,0,0,0,0,0,0,0,0,0,0,10774,3658,0,0,0,3708,32036,0,0,0,0,0,0,0,0,0,0,0,0,0,0,0,0,0,0,6128,933,38038,5077,8143,TCGA-GM-A2DD-DX1_xmin47260_ymin22408_MPP-0.2500+53
0,0,0,0,0,0,50176,0,0,0,0,0,0,0,0,0,0,0,0,0,0,0,0,0,0,0,0,0,0,0,0,50176,0,0,0,0,0,0,0,0,0,0,0,0,0,0,0,0,0,0,0,0,0,0,0,0,50176,0,0,0,0,0,0,0,0,0,0,0,0,0,0,0,0,0,0,4162,0,45928,86,5207,TCGA-GM-A2DD-DX1_xmin47260_ymin22408_MPP-0.2500+54
0,0,0,0,0,0,50176,0,0,0,0,0,0,0,0,0,0,0,0,0,0,0,0,0,0,0,0,0,0,0,0,50176,0,0,0,0,0,0,0,0,0,0,0,0,0,0,0,0,0,0,0,0,0,0,0,0,50176,0,0,0,0,0,0,0,0,0,0,0,0,0,0,0,0,0,0,1463,0,48713,0,1626,TCGA-GM-A2DD-DX1_xmin47260_ymin22408_MPP-0.2500+55
0,0,0,0,0,0,50176,0,0,0,0,0,0,0,0,0,0,0,0,0,0,0,0,0,0,0,0,0,0,0,0,50176,0,0,0,0,0,0,0,0,0,0,0,0,0,0,0,0,0,0,0,0,0,0,0,0,50176,0,0,0,0,0,0,0,0,0,0,0,0,0,0,0,0,0,0,2604,0,47572,0,2924,TCGA-GM-A2DD-DX1_xmin47260_ymin22408_MPP-0.2500+56
0,0,0,0,0,0,50176,0,0,0,0,0,0,0,0,0,0,0,0,0,0,0,0,0,0,0,0,0,0,0,0,50176,0,0,0,0,0,0,0,0,0,0,0,0,0,0,0,0,0,0,0,0,0,0,0,0,50176,0,0,0,0,0,0,0,0,0,0,0,0,0,0,0,0,0,0,884,0,49292,0,3224,TCGA-GM-A2DD-DX1_xmin47260_ymin22408_MPP-0.2500+57
0,0,0,0,0,0,50176,0,0,0,0,0,0,0,0,0,0,0,0,0,0,0,0,0,0,0,0,0,0,0,0,50176,0,0,0,0,0,0,0,0,0,0,0,0,0,0,0,0,0,0,0,0,0,0,0,0,50176,0,0,0,0,0,0,0,0,0,0,0,0,0,0,0,0,0,0,542,0,49634,0,1420,TCGA-GM-A2DD-DX1_xmin47260_ymin22408_MPP-0.2500+58
0,0,0,0,0,0,50176,0,0,0,0,0,0,0,0,0,0,0,0,0,0,0,0,0,0,0,0,0,0,0,0,50176,0,0,0,0,0,0,0,0,0,0,0,0,0,0,0,0,0,0,0,0,0,0,0,0,50176,0,0,0,0,0,0,0,0,0,0,0,0,0,0,0,0,0,0,564,0,49612,0,2170,TCGA-GM-A2DD-DX1_xmin47260_ymin22408_MPP-0.2500+59
0,0,0,0,0,0,50176,0,0,0,0,0,0,0,0,0,0,0,0,0,0,0,0,0,0,0,0,0,0,0,0,50176,0,0,0,0,0,0,0,0,0,0,0,0,0,0,0,0,0,0,0,0,0,0,0,0,50176,0,0,0,0,0,0,0,0,0,0,0,0,0,0,0,0,0,0,5618,0,44558,0,5927,TCGA-GM-A2DD-DX1_xmin47260_ymin22408_MPP-0.2500+6
0,0,0,0,0,0,38201,4355,0,0,0,2840,4780,0,0,0,0,0,0,0,0,0,0,0,0,0,0,0,0,0,0,38467,4089,0,0,0,2776,4844,0,0,0,0,0,0,0,0,0,0,0,0,0,0,0,0,0,0,38333,4223,0,0,0,2071,5549,0,0,0,0,0,0,0,0,0,0,0,0,10323,1625,31047,7181,15961,TCGA-GM-A2DD-DX1_xmin47260_ymin22408_MPP-0.2500+60
0,0,0,0,0,0,22145,2825,0,0,0,6386,18820,0,0,0,0,0,0,0,0,0,0,0,0,0,0,0,0,0,0,22572,2398,0,0,0,6703,18503,0,0,0,0,0,0,0,0,0,0,0,0,0,0,0,0,0,0,22698,2272,0,0,0,6965,18241,0,0,0,0,0,0,0,0,0,0,0,0,10367,3473,30351,5985,12549,TCGA-GM-A2DD-DX1_xmin47260_ymin22408_MPP-0.2500+61
0,0,0,0,0,0,28765,0,0,0,0,21411,0,0,0,0,0,0,0,0,0,0,0,0,0,0,0,0,0,0,0,28765,0,0,0,0,21411,0,0,0,0,0,0,0,0,0,0,0,0,0,0,0,0,0,0,0,28765,0,0,0,0,21411,0,0,0,0,0,0,0,0,0,0,0,0,0,6212,3271,26507,14186,12255,TCGA-GM-A2DD-DX1_xmin47260_ymin22408_MPP-0.2500+62
2056,28,0,0,0,8109,35655,0,0,0,673,3655,0,0,0,0,0,0,0,0,0,0,0,0,0,2051,33,0,0,0,8099,35665,0,0,0,695,3633,0,0,0,0,0,0,0,0,0,0,0,0,0,2049,35,0,0,0,7958,35806,0,0,0,651,3677,0,0,0,0,0,0,0,0,0,0,0,0,0,12310,679,29842,7345,13401,TCGA-GM-A2DD-DX1_xmin47260_ymin22408_MPP-0.2500+63
0,0,0,0,0,0,44466,0,0,0,0,5710,0,0,0,0,0,0,0,0,0,0,0,0,0,0,0,0,0,0,0,44466,0,0,0,0,5710,0,0,0,0,0,0,0,0,0,0,0,0,0,0,0,0,0,0,0,44466,0,0,0,0,5710,0,0,0,0,0,0,0,0,0,0,0,0,0,10639,371,31971,7195,7859,TCGA-GM-A2DD-DX1_xmin47260_ymin22408_MPP-0.2500+64
0,0,0,0,0,0,50176,0,0,0,0,0,0,0,0,0,0,0,0,0,0,0,0,0,0,0,0,0,0,0,0,50176,0,0,0,0,0,0,0,0,0,0,0,0,0,0,0,0,0,0,0,0,0,0,0,0,50176,0,0,0,0,0,0,0,0,0,0,0,0,0,0,0,0,0,0,3551,0,46304,321,3512,TCGA-GM-A2DD-DX1_xmin47260_ymin22408_MPP-0.2500+65
22444,1701,0,0,0,242,25789,0,0,0,0,0,0,0,0,0,0,0,0,0,0,0,0,0,0,21970,2175,0,0,0,175,25856,0,0,0,0,0,0,0,0,0,0,0,0,0,0,0,0,0,0,21015,3130,0,0,0,154,25877,0,0,0,0,0,0,0,0,0,0,0,0,0,0,0,0,0,0,2909,3969,37772,5526,8550,TCGA-GM-A2DD-DX1_xmin47260_ymin22408_MPP-0.2500+66
50176,0,0,0,0,0,0,0,0,0,0,0,0,0,0,0,0,0,0,0,0,0,0,0,0,50176,0,0,0,0,0,0,0,0,0,0,0,0,0,0,0,0,0,0,0,0,0,0,0,0,50176,0,0,0,0,0,0,0,0,0,0,0,0,0,0,0,0,0,0,0,0,0,0,0,0,6831,0,42767,578,8570,TCGA-GM-A2DD-DX1_xmin47260_ymin22408_MPP-0.2500+67
34547,14822,0,0,0,0,807,0,0,0,0,0,0,0,0,0,0,0,0,0,0,0,0,0,0,35663,13706,0,0,0,1,806,0,0,0,0,0,0,0,0,0,0,0,0,0,0,0,0,0,0,34744,14625,0,0,0,0,807,0,0,0,0,0,0,0,0,0,0,0,0,0,0,0,0,0,0,3191,847,39872,6266,12405,TCGA-GM-A2DD-DX1_xmin47260_ymin22408_MPP-0.2500+68
0,625,0,0,0,0,49551,0,0,0,0,0,0,0,0,0,0,0,0,0,0,0,0,0,0,0,625,0,0,0,0,49551,0,0,0,0,0,0,0,0,0,0,0,0,0,0,0,0,0,0,0,625,0,0,0,0,49551,0,0,0,0,0,0,0,0,0,0,0,0,0,0,0,0,0,0,4018,392,45533,233,4357,TCGA-GM-A2DD-DX1_xmin47260_ymin22408_MPP-0.2500+69
0,0,0,0,0,0,50176,0,0,0,0,0,0,0,0,0,0,0,0,0,0,0,0,0,0,0,0,0,0,0,0,50176,0,0,0,0,0,0,0,0,0,0,0,0,0,0,0,0,0,0,0,0,0,0,0,0,50176,0,0,0,0,0,0,0,0,0,0,0,0,0,0,0,0,0,0,2783,0,47393,0,2686,TCGA-GM-A2DD-DX1_xmin47260_ymin22408_MPP-0.2500+7
0,0,0,0,0,0,50176,0,0,0,0,0,0,0,0,0,0,0,0,0,0,0,0,0,0,0,0,0,0,0,0,50176,0,0,0,0,0,0,0,0,0,0,0,0,0,0,0,0,0,0,0,0,0,0,0,0,50176,0,0,0,0,0,0,0,0,0,0,0,0,0,0,0,0,0,0,1149,0,47915,1112,3343,TCGA-GM-A2DD-DX1_xmin47260_ymin22408_MPP-0.2500+70
0,0,0,0,0,0,50176,0,0,0,0,0,0,0,0,0,0,0,0,0,0,0,0,0,0,0,0,0,0,0,0,50176,0,0,0,0,0,0,0,0,0,0,0,0,0,0,0,0,0,0,0,0,0,0,0,0,50176,0,0,0,0,0,0,0,0,0,0,0,0,0,0,0,0,0,0,801,0,49375,0,2306,TCGA-GM-A2DD-DX1_xmin47260_ymin22408_MPP-0.2500+71
0,0,0,0,0,0,50176,0,0,0,0,0,0,0,0,0,0,0,0,0,0,0,0,0,0,0,0,0,0,0,0,50176,0,0,0,0,0,0,0,0,0,0,0,0,0,0,0,0,0,0,0,0,0,0,0,0,50176,0,0,0,0,0,0,0,0,0,0,0,0,0,0,0,0,0,0,889,0,49287,0,1167,TCGA-GM-A2DD-DX1_xmin47260_ymin22408_MPP-0.2500+72
0,0,0,0,0,0,50176,0,0,0,0,0,0,0,0,0,0,0,0,0,0,0,0,0,0,0,0,0,0,0,0,50176,0,0,0,0,0,0,0,0,0,0,0,0,0,0,0,0,0,0,0,0,0,0,0,0,50176,0,0,0,0,0,0,0,0,0,0,0,0,0,0,0,0,0,0,785,0,49391,0,647,TCGA-GM-A2DD-DX1_xmin47260_ymin22408_MPP-0.2500+73
0,0,0,0,0,0,50176,0,0,0,0,0,0,0,0,0,0,0,0,0,0,0,0,0,0,0,0,0,0,0,0,50176,0,0,0,0,0,0,0,0,0,0,0,0,0,0,0,0,0,0,0,0,0,0,0,0,50176,0,0,0,0,0,0,0,0,0,0,0,0,0,0,0,0,0,0,811,0,49365,0,6812,TCGA-GM-A2DD-DX1_xmin47260_ymin22408_MPP-0.2500+74
0,0,0,0,0,0,41859,6094,0,0,0,1121,1102,0,0,0,0,0,0,0,0,0,0,0,0,0,0,0,0,0,0,42436,5517,0,0,0,1192,1031,0,0,0,0,0,0,0,0,0,0,0,0,0,0,0,0,0,0,42520,5433,0,0,0,1125,1098,0,0,0,0,0,0,0,0,0,0,0,0,7767,1282,35942,5185,9996,TCGA-GM-A2DD-DX1_xmin47260_ymin22408_MPP-0.2500+75
0,0,0,0,0,0,44742,2095,0,0,0,134,3205,0,0,0,0,0,0,0,0,0,0,0,0,0,0,0,0,0,0,44926,1911,0,0,0,249,3090,0,0,0,0,0,0,0,0,0,0,0,0,0,0,0,0,0,0,44730,2107,0,0,0,260,3079,0,0,0,0,0,0,0,0,0,0,0,0,6279,13,41777,2107,7131,TCGA-GM-A2DD-DX1_xmin47260_ymin22408_MPP-0.2500+76
0,645,0,0,0,0,48649,0,0,0,0,882,0,0,0,0,0,0,0,0,0,0,0,0,0,0,645,0,0,0,0,48649,0,0,0,0,882,0,0,0,0,0,0,0,0,0,0,0,0,0,0,645,0,0,0,0,48649,0,0,0,0,882,0,0,0,0,0,0,0,0,0,0,0,0,0,8661,436,38991,2088,8026,TCGA-GM-A2DD-DX1_xmin47260_ymin22408_MPP-0.2500+77
17854,3640,0,0,0,2370,26312,0,0,0,0,0,0,0,0,0,0,0,0,0,0,0,0,0,0,18213,3281,0,0,0,2384,26298,0,0,0,0,0,0,0,0,0,0,0,0,0,0,0,0,0,0,18505,2989,0,0,0,2573,26109,0,0,0,0,0,0,0,0,0,0,0,0,0,0,0,0,0,0,8096,2698,36989,2393,7459,TCGA-GM-A2DD-DX1_xmin47260_ymin22408_MPP-0.2500+78
0,0,0,0,0,0,50176,0,0,0,0,0,0,0,0,0,0,0,0,0,0,0,0,0,0,0,0,0,0,0,0,50176,0,0,0,0,0,0,0,0,0,0,0,0,0,0,0,0,0,0,0,0,0,0,0,0,50176,0,0,0,0,0,0,0,0,0,0,0,0,0,0,0,0,0,0,16060,0,32305,1811,11657,TCGA-GM-A2DD-DX1_xmin47260_ymin22408_MPP-0.2500+79
0,0,0,0,0,0,50176,0,0,0,0,0,0,0,0,0,0,0,0,0,0,0,0,0,0,0,0,0,0,0,0,50176,0,0,0,0,0,0,0,0,0,0,0,0,0,0,0,0,0,0,0,0,0,0,0,0,50176,0,0,0,0,0,0,0,0,0,0,0,0,0,0,0,0,0,0,2112,0,48064,0,1832,TCGA-GM-A2DD-DX1_xmin47260_ymin22408_MPP-0.2500+8
0,4420,0,0,0,0,45756,0,0,0,0,0,0,0,0,0,0,0,0,0,0,0,0,0,0,0,4420,0,0,0,0,45756,0,0,0,0,0,0,0,0,0,0,0,0,0,0,0,0,0,0,0,4420,0,0,0,0,45756,0,0,0,0,0,0,0,0,0,0,0,0,0,0,0,0,0,0,7168,3641,38402,965,6825,TCGA-GM-A2DD-DX1_xmin47260_ymin22408_MPP-0.2500+80
30021,2165,0,0,0,266,17724,0,0,0,0,0,0,0,0,0,0,0,0,0,0,0,0,0,0,29912,2274,0,0,0,257,17733,0,0,0,0,0,0,0,0,0,0,0,0,0,0,0,0,0,0,29738,2448,0,0,0,238,17752,0,0,0,0,0,0,0,0,0,0,0,0,0,0,0,0,0,0,3403,800,43374,2599,6910,TCGA-GM-A2DD-DX1_xmin47260_ymin22408_MPP-0.2500+81
43195,3100,0,0,0,482,3399,0,0,0,0,0,0,0,0,0,0,0,0,0,0,0,0,0,0,43129,3166,0,0,0,480,3401,0,0,0,0,0,0,0,0,0,0,0,0,0,0,0,0,0,0,43014,3281,0,0,0,462,3419,0,0,0,0,0,0,0,0,0,0,0,0,0,0,0,0,0,0,2661,946,44093,2476,6786,TCGA-GM-A2DD-DX1_xmin47260_ymin22408_MPP-0.2500+82
18139,636,0,0,0,6747,24654,0,0,0,0,0,0,0,0,0,0,0,0,0,0,0,0,0,0,18094,681,0,0,0,6815,24586,0,0,0,0,0,0,0,0,0,0,0,0,0,0,0,0,0,0,17981,794,0,0,0,6834,24567,0,0,0,0,0,0,0,0,0,0,0,0,0,0,0,0,0,0,6567,770,36287,6552,11923,TCGA-GM-A2DD-DX1_xmin47260_ymin22408_MPP-0.2500+83
0,0,0,0,0,0,50176,0,0,0,0,0,0,0,0,0,0,0,0,0,0,0,0,0,0,0,0,0,0,0,0,50176,0,0,0,0,0,0,0,0,0,0,0,0,0,0,0,0,0,0,0,0,0,0,0,0,50176,0,0,0,0,0,0,0,0,0,0,0,0,0,0,0,0,0,0,6865,45,42399,867,9580,TCGA-GM-A2DD-DX1_xmin47260_ymin22408_MPP-0.2500+84
0,0,0,0,0,0,50176,0,0,0,0,0,0,0,0,0,0,0,0,0,0,0,0,0,0,0,0,0,0,0,0,50176,0,0,0,0,0,0,0,0,0,0,0,0,0,0,0,0,0,0,0,0,0,0,0,0,50176,0,0,0,0,0,0,0,0,0,0,0,0,0,0,0,0,0,0,587,0,49589,0,812,TCGA-GM-A2DD-DX1_xmin47260_ymin22408_MPP-0.2500+85
0,0,0,0,0,0,50176,0,0,0,0,0,0,0,0,0,0,0,0,0,0,0,0,0,0,0,0,0,0,0,0,50176,0,0,0,0,0,0,0,0,0,0,0,0,0,0,0,0,0,0,0,0,0,0,0,0,50176,0,0,0,0,0,0,0,0,0,0,0,0,0,0,0,0,0,0,2610,0,47566,0,2847,TCGA-GM-A2DD-DX1_xmin47260_ymin22408_MPP-0.2500+86
0,0,0,0,0,0,50176,0,0,0,0,0,0,0,0,0,0,0,0,0,0,0,0,0,0,0,0,0,0,0,0,50176,0,0,0,0,0,0,0,0,0,0,0,0,0,0,0,0,0,0,0,0,0,0,0,0,50176,0,0,0,0,0,0,0,0,0,0,0,0,0,0,0,0,0,0,702,0,49474,0,772,TCGA-GM-A2DD-DX1_xmin47260_ymin22408_MPP-0.2500+87
0,0,0,0,0,0,50176,0,0,0,0,0,0,0,0,0,0,0,0,0,0,0,0,0,0,0,0,0,0,0,0,50176,0,0,0,0,0,0,0,0,0,0,0,0,0,0,0,0,0,0,0,0,0,0,0,0,50176,0,0,0,0,0,0,0,0,0,0,0,0,0,0,0,0,0,0,2169,0,48007,0,2225,TCGA-GM-A2DD-DX1_xmin47260_ymin22408_MPP-0.2500+88
0,0,0,0,0,0,50176,0,0,0,0,0,0,0,0,0,0,0,0,0,0,0,0,0,0,0,0,0,0,0,0,50176,0,0,0,0,0,0,0,0,0,0,0,0,0,0,0,0,0,0,0,0,0,0,0,0,50176,0,0,0,0,0,0,0,0,0,0,0,0,0,0,0,0,0,0,25,0,50151,0,634,TCGA-GM-A2DD-DX1_xmin47260_ymin22408_MPP-0.2500+89
0,0,0,0,0,0,38364,0,0,0,0,0,0,0,0,0,0,0,0,0,0,0,0,0,11812,0,0,0,0,0,0,38364,0,0,0,0,0,0,0,0,0,0,0,0,0,0,0,0,0,11812,0,0,0,0,0,0,38364,0,0,0,0,0,0,0,0,0,0,0,0,0,0,0,0,0,11812,1601,0,36683,80,1047,TCGA-GM-A2DD-DX1_xmin47260_ymin22408_MPP-0.2500+9
0,0,0,0,0,0,50176,0,0,0,0,0,0,0,0,0,0,0,0,0,0,0,0,0,0,0,0,0,0,0,0,50176,0,0,0,0,0,0,0,0,0,0,0,0,0,0,0,0,0,0,0,0,0,0,0,0,50176,0,0,0,0,0,0,0,0,0,0,0,0,0,0,0,0,0,0,6628,0,43548,0,7026,TCGA-GM-A2DD-DX1_xmin47260_ymin22408_MPP-0.2500+90
0,0,0,0,0,0,50176,0,0,0,0,0,0,0,0,0,0,0,0,0,0,0,0,0,0,0,0,0,0,0,0,50176,0,0,0,0,0,0,0,0,0,0,0,0,0,0,0,0,0,0,0,0,0,0,0,0,50176,0,0,0,0,0,0,0,0,0,0,0,0,0,0,0,0,0,0,10893,0,37411,1872,4522,TCGA-GM-A2DD-DX1_xmin47260_ymin22408_MPP-0.2500+91
0,0,0,0,0,0,50176,0,0,0,0,0,0,0,0,0,0,0,0,0,0,0,0,0,0,0,0,0,0,0,0,50176,0,0,0,0,0,0,0,0,0,0,0,0,0,0,0,0,0,0,0,0,0,0,0,0,50176,0,0,0,0,0,0,0,0,0,0,0,0,0,0,0,0,0,0,11094,1,36733,2348,11663,TCGA-GM-A2DD-DX1_xmin47260_ymin22408_MPP-0.2500+92
0,0,0,0,0,7620,42556,0,0,0,0,0,0,0,0,0,0,0,0,0,0,0,0,0,0,0,0,0,0,0,96,50080,0,0,0,0,0,0,0,0,0,0,0,0,0,0,0,0,0,0,0,0,0,0,0,32,50144,0,0,0,0,0,0,0,0,0,0,0,0,0,0,0,0,0,0,9102,629,30525,9920,9834,TCGA-GM-A2DD-DX1_xmin47260_ymin22408_MPP-0.2500+93
0,0,0,0,0,0,50176,0,0,0,0,0,0,0,0,0,0,0,0,0,0,0,0,0,0,0,0,0,0,0,0,50176,0,0,0,0,0,0,0,0,0,0,0,0,0,0,0,0,0,0,0,0,0,0,0,0,50176,0,0,0,0,0,0,0,0,0,0,0,0,0,0,0,0,0,0,7870,23,39903,2380,5661,TCGA-GM-A2DD-DX1_xmin47260_ymin22408_MPP-0.2500+94
0,11207,0,0,0,0,38969,0,0,0,0,0,0,0,0,0,0,0,0,0,0,0,0,0,0,0,11207,0,0,0,0,38969,0,0,0,0,0,0,0,0,0,0,0,0,0,0,0,0,0,0,0,11207,0,0,0,0,38969,0,0,0,0,0,0,0,0,0,0,0,0,0,0,0,0,0,0,2692,2551,42228,2705,5732,TCGA-GM-A2DD-DX1_xmin47260_ymin22408_MPP-0.2500+95
0,2419,0,0,0,0,47757,0,0,0,0,0,0,0,0,0,0,0,0,0,0,0,0,0,0,0,2419,0,0,0,0,47757,0,0,0,0,0,0,0,0,0,0,0,0,0,0,0,0,0,0,0,2419,0,0,0,0,47757,0,0,0,0,0,0,0,0,0,0,0,0,0,0,0,0,0,0,2770,97,46868,441,4213,TCGA-GM-A2DD-DX1_xmin47260_ymin22408_MPP-0.2500+96
0,1023,0,0,0,0,49153,0,0,0,0,0,0,0,0,0,0,0,0,0,0,0,0,0,0,0,1023,0,0,0,0,49153,0,0,0,0,0,0,0,0,0,0,0,0,0,0,0,0,0,0,0,1023,0,0,0,0,49153,0,0,0,0,0,0,0,0,0,0,0,0,0,0,0,0,0,0,2989,0,45864,1323,3952,TCGA-GM-A2DD-DX1_xmin47260_ymin22408_MPP-0.2500+97
0,0,0,0,0,0,39670,0,0,0,0,10506,0,0,0,0,0,0,0,0,0,0,0,0,0,0,0,0,0,0,0,39670,0,0,0,0,10506,0,0,0,0,0,0,0,0,0,0,0,0,0,0,0,0,0,0,0,39670,0,0,0,0,10506,0,0,0,0,0,0,0,0,0,0,0,0,0,3807,2128,38780,5461,5473,TCGA-GM-A2DD-DX1_xmin47260_ymin22408_MPP-0.2500+98
0,0,0,0,0,0,40544,0,0,0,0,9632,0,0,0,0,0,0,0,0,0,0,0,0,0,0,0,0,0,0,0,40544,0,0,0,0,9632,0,0,0,0,0,0,0,0,0,0,0,0,0,0,0,0,0,0,0,40544,0,0,0,0,9632,0,0,0,0,0,0,0,0,0,0,0,0,0,1848,1782,38696,7850,3473,TCGA-GM-A2DD-DX1_xmin47260_ymin22408_MPP-0.2500+99
0,0,0,0,0,0,0,0,0,0,0,0,50176,0,0,0,0,0,0,0,0,0,0,0,0,0,0,0,0,0,0,0,0,0,0,0,0,50176,0,0,0,0,0,0,0,0,0,0,0,0,0,0,0,0,0,0,0,0,0,0,0,0,50176,0,0,0,0,0,0,0,0,0,0,0,0,13814,0,36229,133,16218,TCGA-GM-A2DF-DX1_xmin50637_ymin43774_MPP-0.2500+0
0,0,0,0,0,0,0,413,0,0,0,0,48569,0,0,0,0,0,0,0,0,0,0,0,1194,0,0,0,0,0,0,0,413,0,0,0,0,48569,0,0,0,0,0,0,0,0,0,0,0,1194,0,0,0,0,0,0,0,413,0,0,0,0,48569,0,0,0,0,0,0,0,0,0,0,0,1194,11888,38,35992,1064,12944,TCGA-GM-A2DF-DX1_xmin50637_ymin43774_MPP-0.2500+1
0,0,0,0,0,6697,0,11513,0,0,995,0,23266,0,0,0,0,0,0,0,0,0,0,0,7705,0,0,0,0,0,6112,0,12098,0,0,995,0,23266,0,0,0,0,0,0,0,0,0,0,0,7705,0,0,0,0,0,6112,0,12098,0,0,995,0,23266,0,0,0,0,0,0,0,0,0,0,0,7705,10860,727,15485,15399,17122,TCGA-GM-A2DF-DX1_xmin50637_ymin43774_MPP-0.2500+10
0,0,0,0,0,0,19895,4319,0,0,0,1750,15756,0,0,0,0,0,0,0,0,0,0,0,8456,0,0,0,0,0,0,20323,3891,0,0,0,2648,14858,0,0,0,0,0,0,0,0,0,0,0,8456,0,0,0,0,0,0,20184,4030,0,0,0,2820,14686,0,0,0,0,0,0,0,0,0,0,0,8456,7619,1925,28552,3624,9638,TCGA-GM-A2DF-DX1_xmin50637_ymin43774_MPP-0.2500+100
0,0,0,0,0,0,6174,2581,0,0,0,3597,14335,0,0,0,0,0,0,0,0,0,0,0,23489,0,0,0,0,0,0,6241,2514,0,0,0,3682,14250,0,0,0,0,0,0,0,0,0,0,0,23489,0,0,0,0,0,0,6277,2478,0,0,0,3733,14199,0,0,0,0,0,0,0,0,0,0,0,23489,2303,2132,18198,4054,6406,TCGA-GM-A2DF-DX1_xmin50637_ymin43774_MPP-0.2500+101
0,3559,0,0,0,0,11421,1633,0,0,0,1740,20898,0,0,0,0,0,0,0,0,0,0,0,10925,0,3559,0,0,0,0,11561,1493,0,0,0,1894,20744,0,0,0,0,0,0,0,0,0,0,0,10925,0,3559,0,0,0,0,11630,1424,0,0,0,2075,20563,0,0,0,0,0,0,0,0,0,0,0,10925,7891,2226,25201,3933,11332,TCGA-GM-A2DF-DX1_xmin50637_ymin43774_MPP-0.2500+102
5015,533,0,0,0,196,12480,1069,0,0,0,4431,5604,0,0,0,0,0,0,0,0,0,0,0,20848,4951,597,0,0,0,160,12622,963,0,0,0,4459,5576,0,0,0,0,0,0,0,0,0,0,0,20848,4945,603,0,0,0,144,12645,956,0,0,0,4325,5710,0,0,0,0,0,0,0,0,0,0,0,20848,2424,2442,17265,7197,6959,TCGA-GM-A2DF-DX1_xmin50637_ymin43774_MPP-0.2500+103
0,0,0,0,0,0,13289,0,0,0,0,2733,0,0,0,0,0,0,0,0,0,0,0,0,34154,0,0,0,0,0,0,13289,0,0,0,0,2733,0,0,0,0,0,0,0,0,0,0,0,0,34154,0,0,0,0,0,0,13289,0,0,0,0,2733,0,0,0,0,0,0,0,0,0,0,0,0,34154,541,225,14254,1002,1371,TCGA-GM-A2DF-DX1_xmin50637_ymin43774_MPP-0.2500+104
0,0,0,0,0,0,24354,0,0,0,0,0,0,0,0,0,0,0,0,0,0,0,0,0,25822,0,0,0,0,0,0,24354,0,0,0,0,0,0,0,0,0,0,0,0,0,0,0,0,0,25822,0,0,0,0,0,0,24354,0,0,0,0,0,0,0,0,0,0,0,0,0,0,0,0,0,25822,74,0,24280,0,2520,TCGA-GM-A2DF-DX1_xmin50637_ymin43774_MPP-0.2500+105
0,0,0,0,0,0,49571,0,0,0,0,0,0,0,0,0,0,0,0,0,0,0,0,0,605,0,0,0,0,0,0,49571,0,0,0,0,0,0,0,0,0,0,0,0,0,0,0,0,0,605,0,0,0,0,0,0,49571,0,0,0,0,0,0,0,0,0,0,0,0,0,0,0,0,0,605,2376,0,47195,0,1620,TCGA-GM-A2DF-DX1_xmin50637_ymin43774_MPP-0.2500+106
0,0,0,0,0,0,49885,0,0,0,0,0,0,0,0,0,0,0,0,0,0,0,0,0,291,0,0,0,0,0,0,49885,0,0,0,0,0,0,0,0,0,0,0,0,0,0,0,0,0,291,0,0,0,0,0,0,49885,0,0,0,0,0,0,0,0,0,0,0,0,0,0,0,0,0,291,670,0,49215,0,1643,TCGA-GM-A2DF-DX1_xmin50637_ymin43774_MPP-0.2500+107
0,0,0,0,0,0,49205,0,0,0,0,0,0,0,0,0,0,0,0,0,0,0,0,0,971,0,0,0,0,0,0,49205,0,0,0,0,0,0,0,0,0,0,0,0,0,0,0,0,0,971,0,0,0,0,0,0,49205,0,0,0,0,0,0,0,0,0,0,0,0,0,0,0,0,0,971,986,0,48219,0,2397,TCGA-GM-A2DF-DX1_xmin50637_ymin43774_MPP-0.2500+108
0,0,0,0,0,0,0,0,0,0,224,0,30624,0,0,0,0,0,0,0,0,0,0,0,19328,0,0,0,0,0,0,0,0,0,0,280,0,30568,0,0,0,0,0,0,0,0,0,0,0,19328,0,0,0,0,0,0,0,0,0,0,224,0,30624,0,0,0,0,0,0,0,0,0,0,0,19328,13567,0,9337,7944,13134,TCGA-GM-A2DF-DX1_xmin50637_ymin43774_MPP-0.2500+109
0,0,0,0,0,0,0,0,0,0,0,0,50176,0,0,0,0,0,0,0,0,0,0,0,0,0,0,0,0,0,0,0,0,0,0,0,0,50176,0,0,0,0,0,0,0,0,0,0,0,0,0,0,0,0,0,0,0,0,0,0,0,0,50176,0,0,0,0,0,0,0,0,0,0,0,0,7967,0,42209,0,9963,TCGA-GM-A2DF-DX1_xmin50637_ymin43774_MPP-0.2500+11
0,0,0,0,0,0,3289,245,0,0,128,7921,16986,0,0,0,0,0,0,0,0,0,0,0,21607,0,0,0,0,0,0,3295,239,0,0,224,8285,16526,0,0,0,0,0,0,0,0,0,0,0,21607,0,0,0,0,0,0,3337,197,0,0,224,8479,16332,0,0,0,0,0,0,0,0,0,0,0,21607,7181,562,10203,10623,5569,TCGA-GM-A2DF-DX1_xmin50637_ymin43774_MPP-0.2500+110
0,0,0,0,0,0,22989,7076,0,0,0,5388,10097,0,0,0,0,0,0,0,0,0,0,0,4626,0,0,0,0,0,0,23328,6737,0,0,0,5685,9800,0,0,0,0,0,0,0,0,0,0,0,4626,0,0,0,0,0,0,23560,6505,0,0,0,5755,9730,0,0,0,0,0,0,0,0,0,0,0,4626,6632,2755,24805,11358,11289,TCGA-GM-A2DF-DX1_xmin50637_ymin43774_MPP-0.2500+111
0,0,0,0,0,0,13520,5505,0,0,0,1756,17440,0,0,0,0,0,0,0,0,0,0,0,11955,0,0,0,0,0,0,13799,5226,0,0,0,1906,17290,0,0,0,0,0,0,0,0,0,0,0,11955,0,0,0,0,0,0,13980,5045,0,0,0,2047,17149,0,0,0,0,0,0,0,0,0,0,0,11955,7757,1799,22417,6248,8270,TCGA-GM-A2DF-DX1_xmin50637_ymin43774_MPP-0.2500+112
0,0,0,0,0,0,20704,0,0,0,0,5071,0,0,0,0,0,0,0,0,0,0,0,0,24401,0,0,0,0,0,0,20704,0,0,0,0,5071,0,0,0,0,0,0,0,0,0,0,0,0,24401,0,0,0,0,0,0,20704,0,0,0,0,5071,0,0,0,0,0,0,0,0,0,0,0,0,24401,4344,1622,17020,2789,6088,TCGA-GM-A2DF-DX1_xmin50637_ymin43774_MPP-0.2500+113
0,0,0,0,0,0,34087,0,0,0,0,7501,0,0,0,0,0,0,0,0,0,0,0,0,8588,0,0,0,0,0,0,34087,0,0,0,0,7501,0,0,0,0,0,0,0,0,0,0,0,0,8588,0,0,0,0,0,0,34087,0,0,0,0,7501,0,0,0,0,0,0,0,0,0,0,0,0,8588,1227,2007,34998,3356,4443,TCGA-GM-A2DF-DX1_xmin50637_ymin43774_MPP-0.2500+114
0,0,0,0,0,0,38602,0,0,0,0,0,0,0,0,0,0,0,0,0,0,0,0,0,11574,0,0,0,0,0,0,38602,0,0,0,0,0,0,0,0,0,0,0,0,0,0,0,0,0,11574,0,0,0,0,0,0,38602,0,0,0,0,0,0,0,0,0,0,0,0,0,0,0,0,0,11574,2106,0,36496,0,4429,TCGA-GM-A2DF-DX1_xmin50637_ymin43774_MPP-0.2500+115
0,0,0,0,0,0,23398,0,0,0,0,1645,0,0,0,0,0,0,0,0,0,0,0,0,25133,0,0,0,0,0,0,23398,0,0,0,0,1645,0,0,0,0,0,0,0,0,0,0,0,0,25133,0,0,0,0,0,0,23398,0,0,0,0,1645,0,0,0,0,0,0,0,0,0,0,0,0,25133,1503,231,21895,1414,1630,TCGA-GM-A2DF-DX1_xmin50637_ymin43774_MPP-0.2500+116
0,0,0,0,0,0,18320,0,0,0,0,6999,0,0,0,0,0,0,0,0,0,0,0,0,24857,0,0,0,0,0,0,18320,0,0,0,0,6999,0,0,0,0,0,0,0,0,0,0,0,0,24857,0,0,0,0,0,0,18320,0,0,0,0,6999,0,0,0,0,0,0,0,0,0,0,0,0,24857,6265,135,15356,3563,4474,TCGA-GM-A2DF-DX1_xmin50637_ymin43774_MPP-0.2500+117
0,0,0,0,0,0,29446,0,0,0,0,0,0,0,0,0,0,0,0,0,0,0,0,0,20730,0,0,0,0,0,0,29446,0,0,0,0,0,0,0,0,0,0,0,0,0,0,0,0,0,20730,0,0,0,0,0,0,29446,0,0,0,0,0,0,0,0,0,0,0,0,0,0,0,0,0,20730,1052,0,28394,0,2196,TCGA-GM-A2DF-DX1_xmin50637_ymin43774_MPP-0.2500+118
0,0,0,0,0,0,49427,0,0,0,0,0,0,0,0,0,0,0,0,0,0,0,0,0,749,0,0,0,0,0,0,49427,0,0,0,0,0,0,0,0,0,0,0,0,0,0,0,0,0,749,0,0,0,0,0,0,49427,0,0,0,0,0,0,0,0,0,0,0,0,0,0,0,0,0,749,2901,0,46526,0,10001,TCGA-GM-A2DF-DX1_xmin50637_ymin43774_MPP-0.2500+119
5710,203,0,0,0,40,1726,1834,0,0,0,6652,23346,0,0,0,0,0,0,0,0,0,0,0,10665,5740,173,0,0,0,39,1829,1732,0,0,0,7059,22939,0,0,0,0,0,0,0,0,0,0,0,10665,5727,186,0,0,0,41,1888,1671,0,0,0,7415,22583,0,0,0,0,0,0,0,0,0,0,0,10665,9791,1474,22012,6234,12759,TCGA-GM-A2DF-DX1_xmin50637_ymin43774_MPP-0.2500+12
0,0,0,0,0,0,49917,0,0,0,0,0,0,0,0,0,0,0,0,0,0,0,0,0,259,0,0,0,0,0,0,49917,0,0,0,0,0,0,0,0,0,0,0,0,0,0,0,0,0,259,0,0,0,0,0,0,49917,0,0,0,0,0,0,0,0,0,0,0,0,0,0,0,0,0,259,887,0,48938,92,1694,TCGA-GM-A2DF-DX1_xmin50637_ymin43774_MPP-0.2500+120
0,0,0,0,0,4,43319,0,0,0,0,0,0,0,0,0,0,0,0,0,0,0,0,0,6853,0,0,0,0,0,0,43323,0,0,0,0,0,0,0,0,0,0,0,0,0,0,0,0,0,6853,0,0,0,0,0,4,43319,0,0,0,0,0,0,0,0,0,0,0,0,0,0,0,0,0,6853,1165,0,42158,0,5035,TCGA-GM-A2DF-DX1_xmin50637_ymin43774_MPP-0.2500+121
0,0,0,0,0,0,24109,0,0,0,0,0,0,0,0,0,0,0,0,0,0,0,0,0,26067,0,0,0,0,0,0,24109,0,0,0,0,0,0,0,0,0,0,0,0,0,0,0,0,0,26067,0,0,0,0,0,0,24109,0,0,0,0,0,0,0,0,0,0,0,0,0,0,0,0,0,26067,46,0,24063,0,1433,TCGA-GM-A2DF-DX1_xmin50637_ymin43774_MPP-0.2500+122
0,0,0,0,0,0,0,1076,0,0,0,0,19876,0,0,0,0,0,0,0,0,0,0,0,29224,0,0,0,0,0,0,0,1076,0,0,1,0,19875,0,0,0,0,0,0,0,0,0,0,0,29224,0,0,0,0,0,0,0,1076,0,0,1,0,19875,0,0,0,0,0,0,0,0,0,0,0,29224,9246,364,6922,4420,6948,TCGA-GM-A2DF-DX1_xmin50637_ymin43774_MPP-0.2500+123
0,0,0,0,0,0,0,0,0,0,2800,0,35677,0,0,0,0,0,0,0,0,0,0,0,11699,0,0,0,0,0,0,0,0,0,0,2998,0,35479,0,0,0,0,0,0,0,0,0,0,0,11699,0,0,0,0,0,0,0,0,0,0,2939,0,35538,0,0,0,0,0,0,0,0,0,0,0,11699,13088,244,11167,13978,12276,TCGA-GM-A2DF-DX1_xmin50637_ymin43774_MPP-0.2500+124
0,0,0,0,0,0,0,11221,0,0,407,0,14440,0,0,0,0,0,0,0,0,0,0,0,24108,0,0,0,0,0,0,0,11221,0,0,407,0,14440,0,0,0,0,0,0,0,0,0,0,0,24108,0,0,0,0,0,0,0,11221,0,0,567,0,14280,0,0,0,0,0,0,0,0,0,0,0,24108,8079,1807,6062,10120,9023,TCGA-GM-A2DF-DX1_xmin50637_ymin43774_MPP-0.2500+125
0,0,0,0,0,0,15028,1841,0,0,0,2210,8372,0,0,0,0,0,0,0,0,0,0,0,22725,0,0,0,0,0,0,15575,1294,0,0,0,2261,8321,0,0,0,0,0,0,0,0,0,0,0,22725,0,0,0,0,0,0,15619,1250,0,0,0,2274,8308,0,0,0,0,0,0,0,0,0,0,0,22725,5141,2653,17138,2519,6074,TCGA-GM-A2DF-DX1_xmin50637_ymin43774_MPP-0.2500+126
0,1989,13917,0,0,0,12844,6228,0,0,0,6017,8385,0,0,0,0,0,0,0,0,0,0,0,796,0,2646,13260,0,0,0,13173,5899,0,0,0,6429,7973,0,0,0,0,0,0,0,0,0,0,0,796,0,3239,12667,0,0,0,13313,5759,0,0,0,6661,7741,0,0,0,0,0,0,0,0,0,0,0,796,3081,5683,18329,22287,10225,TCGA-GM-A2DF-DX1_xmin50637_ymin43774_MPP-0.2500+127
0,20466,0,0,0,0,21783,0,0,0,0,7927,0,0,0,0,0,0,0,0,0,0,0,0,0,0,20466,0,0,0,0,21783,0,0,0,0,7927,0,0,0,0,0,0,0,0,0,0,0,0,0,0,20466,0,0,0,0,21783,0,0,0,0,7927,0,0,0,0,0,0,0,0,0,0,0,0,0,1691,5497,26592,16396,10403,TCGA-GM-A2DF-DX1_xmin50637_ymin43774_MPP-0.2500+128
0,580,0,0,0,0,37504,0,0,0,0,0,0,0,0,0,0,0,0,0,0,0,0,0,12092,0,580,0,0,0,0,37504,0,0,0,0,0,0,0,0,0,0,0,0,0,0,0,0,0,12092,0,580,0,0,0,0,37504,0,0,0,0,0,0,0,0,0,0,0,0,0,0,0,0,0,12092,3933,45,29515,4591,4870,TCGA-GM-A2DF-DX1_xmin50637_ymin43774_MPP-0.2500+129
44830,1020,0,0,0,27,1767,0,0,0,0,0,0,0,0,0,0,0,0,0,0,0,0,0,2532,44779,1071,0,0,0,29,1765,0,0,0,0,0,0,0,0,0,0,0,0,0,0,0,0,0,2532,44676,1174,0,0,0,21,1773,0,0,0,0,0,0,0,0,0,0,0,0,0,0,0,0,0,2532,1814,517,44123,1190,8110,TCGA-GM-A2DF-DX1_xmin50637_ymin43774_MPP-0.2500+13
0,0,0,0,0,0,17880,0,0,0,0,0,0,0,0,0,0,0,0,0,0,0,0,0,32296,0,0,0,0,0,0,17880,0,0,0,0,0,0,0,0,0,0,0,0,0,0,0,0,0,32296,0,0,0,0,0,0,17880,0,0,0,0,0,0,0,0,0,0,0,0,0,0,0,0,0,32296,1567,0,15987,326,2141,TCGA-GM-A2DF-DX1_xmin50637_ymin43774_MPP-0.2500+130
0,0,0,0,0,0,12015,0,0,0,0,0,0,0,0,0,0,0,0,0,0,0,0,0,38161,0,0,0,0,0,0,12015,0,0,0,0,0,0,0,0,0,0,0,0,0,0,0,0,0,38161,0,0,0,0,0,0,12015,0,0,0,0,0,0,0,0,0,0,0,0,0,0,0,0,0,38161,3,0,12012,0,100,TCGA-GM-A2DF-DX1_xmin50637_ymin43774_MPP-0.2500+131
0,0,0,0,0,0,50176,0,0,0,0,0,0,0,0,0,0,0,0,0,0,0,0,0,0,0,0,0,0,0,0,50176,0,0,0,0,0,0,0,0,0,0,0,0,0,0,0,0,0,0,0,0,0,0,0,0,50176,0,0,0,0,0,0,0,0,0,0,0,0,0,0,0,0,0,0,4433,0,45743,0,13593,TCGA-GM-A2DF-DX1_xmin50637_ymin43774_MPP-0.2500+132
0,0,0,0,0,0,40106,0,0,0,0,0,0,0,0,0,0,0,0,0,0,0,0,0,10070,0,0,0,0,0,0,40106,0,0,0,0,0,0,0,0,0,0,0,0,0,0,0,0,0,10070,0,0,0,0,0,0,40106,0,0,0,0,0,0,0,0,0,0,0,0,0,0,0,0,0,10070,3627,0,36479,0,5367,TCGA-GM-A2DF-DX1_xmin50637_ymin43774_MPP-0.2500+133
0,0,0,0,0,0,43358,0,0,0,0,0,0,0,0,0,0,0,0,0,0,0,0,0,6818,0,0,0,0,0,0,43358,0,0,0,0,0,0,0,0,0,0,0,0,0,0,0,0,0,6818,0,0,0,0,0,0,43358,0,0,0,0,0,0,0,0,0,0,0,0,0,0,0,0,0,6818,1588,0,41770,0,3992,TCGA-GM-A2DF-DX1_xmin50637_ymin43774_MPP-0.2500+134
0,0,0,0,0,0,37542,0,0,0,0,0,0,0,0,0,0,0,0,0,0,0,0,0,12634,0,0,0,0,0,0,37542,0,0,0,0,0,0,0,0,0,0,0,0,0,0,0,0,0,12634,0,0,0,0,0,0,37542,0,0,0,0,0,0,0,0,0,0,0,0,0,0,0,0,0,12634,177,0,37365,0,2166,TCGA-GM-A2DF-DX1_xmin50637_ymin43774_MPP-0.2500+135
0,0,0,0,0,0,50176,0,0,0,0,0,0,0,0,0,0,0,0,0,0,0,0,0,0,0,0,0,0,0,0,50176,0,0,0,0,0,0,0,0,0,0,0,0,0,0,0,0,0,0,0,0,0,0,0,0,50176,0,0,0,0,0,0,0,0,0,0,0,0,0,0,0,0,0,0,527,0,49649,0,2387,TCGA-GM-A2DF-DX1_xmin50637_ymin43774_MPP-0.2500+136
0,0,0,0,0,0,1679,3894,0,0,0,2242,22013,0,0,0,0,0,0,0,0,0,0,0,20348,0,0,0,0,0,0,1705,3868,0,0,0,2477,21778,0,0,0,0,0,0,0,0,0,0,0,20348,0,0,0,0,0,0,1783,3790,0,0,0,2685,21570,0,0,0,0,0,0,0,0,0,0,0,20348,10159,820,12285,6564,10681,TCGA-GM-A2DF-DX1_xmin50637_ymin43774_MPP-0.2500+137
0,0,0,0,0,0,351,73,0,0,11308,8453,18820,0,0,0,0,0,0,0,0,0,0,0,11171,0,0,0,0,0,0,342,82,0,0,11413,8735,18433,0,0,0,0,0,0,0,0,0,0,0,11171,0,0,0,0,0,0,343,81,0,0,11470,9528,17583,0,0,0,0,0,0,0,0,0,0,0,11171,13288,525,14257,10935,12175,TCGA-GM-A2DF-DX1_xmin50637_ymin43774_MPP-0.2500+138
0,0,0,0,0,0,3684,0,0,0,0,3504,11773,0,0,0,0,0,0,0,0,0,0,0,31215,0,0,0,0,0,0,3684,0,0,0,0,4049,11228,0,0,0,0,0,0,0,0,0,0,0,31215,0,0,0,0,0,0,3684,0,0,0,0,3991,11286,0,0,0,0,0,0,0,0,0,0,0,31215,7250,420,7875,3416,4948,TCGA-GM-A2DF-DX1_xmin50637_ymin43774_MPP-0.2500+139
30725,3988,0,0,0,0,3294,0,0,0,0,4826,0,0,0,0,0,0,0,0,0,0,0,0,7343,30784,3929,0,0,0,0,3294,0,0,0,0,4826,0,0,0,0,0,0,0,0,0,0,0,0,7343,30653,4060,0,0,0,0,3294,0,0,0,0,4826,0,0,0,0,0,0,0,0,0,0,0,0,7343,1621,1659,34173,5380,1967,TCGA-GM-A2DF-DX1_xmin50637_ymin43774_MPP-0.2500+14
0,2984,0,0,0,0,26556,1510,0,0,0,4886,9015,0,0,0,0,0,0,0,0,0,0,0,5225,0,2984,0,0,0,0,26648,1418,0,0,0,5124,8777,0,0,0,0,0,0,0,0,0,0,0,5225,0,2984,0,0,0,0,26613,1453,0,0,0,5025,8876,0,0,0,0,0,0,0,0,0,0,0,5225,6088,2405,30305,6153,8729,TCGA-GM-A2DF-DX1_xmin50637_ymin43774_MPP-0.2500+140
0,0,0,0,0,0,40395,1678,0,0,0,844,5813,0,0,0,0,0,0,0,0,0,0,0,1446,0,0,0,0,0,0,41346,727,0,0,0,1269,5388,0,0,0,0,0,0,0,0,0,0,0,1446,0,0,0,0,0,0,40848,1225,0,0,0,1400,5257,0,0,0,0,0,0,0,0,0,0,0,1446,5320,699,39738,2973,7855,TCGA-GM-A2DF-DX1_xmin50637_ymin43774_MPP-0.2500+141
0,2,0,0,0,0,46057,0,0,0,0,114,0,0,0,0,0,0,0,0,0,0,0,0,4003,0,2,0,0,0,0,46057,0,0,0,0,114,0,0,0,0,0,0,0,0,0,0,0,0,4003,0,2,0,0,0,0,46057,0,0,0,0,114,0,0,0,0,0,0,0,0,0,0,0,0,4003,4960,2,41077,134,3735,TCGA-GM-A2DF-DX1_xmin50637_ymin43774_MPP-0.2500+142
0,0,0,0,0,0,39893,0,0,0,0,0,0,0,0,0,0,0,0,0,0,0,0,0,10283,0,0,0,0,0,0,39893,0,0,0,0,0,0,0,0,0,0,0,0,0,0,0,0,0,10283,0,0,0,0,0,0,39893,0,0,0,0,0,0,0,0,0,0,0,0,0,0,0,0,0,10283,1895,0,37998,0,2744,TCGA-GM-A2DF-DX1_xmin50637_ymin43774_MPP-0.2500+143
0,0,0,0,0,0,50078,0,0,0,0,0,0,0,0,0,0,0,0,0,0,0,0,0,98,0,0,0,0,0,0,50078,0,0,0,0,0,0,0,0,0,0,0,0,0,0,0,0,0,98,0,0,0,0,0,0,50078,0,0,0,0,0,0,0,0,0,0,0,0,0,0,0,0,0,98,3638,0,46440,0,8558,TCGA-GM-A2DF-DX1_xmin50637_ymin43774_MPP-0.2500+144
0,0,0,0,0,0,44992,0,0,0,0,0,0,0,0,0,0,0,0,0,0,0,0,0,5184,0,0,0,0,0,0,44992,0,0,0,0,0,0,0,0,0,0,0,0,0,0,0,0,0,5184,0,0,0,0,0,0,44992,0,0,0,0,0,0,0,0,0,0,0,0,0,0,0,0,0,5184,3270,0,41722,0,6860,TCGA-GM-A2DF-DX1_xmin50637_ymin43774_MPP-0.2500+145
0,0,0,0,0,0,50176,0,0,0,0,0,0,0,0,0,0,0,0,0,0,0,0,0,0,0,0,0,0,0,0,50176,0,0,0,0,0,0,0,0,0,0,0,0,0,0,0,0,0,0,0,0,0,0,0,0,50176,0,0,0,0,0,0,0,0,0,0,0,0,0,0,0,0,0,0,7416,0,41335,1425,9849,TCGA-GM-A2DF-DX1_xmin50637_ymin43774_MPP-0.2500+146
0,0,0,0,0,0,45026,0,0,0,0,0,0,0,0,0,0,0,0,0,0,0,0,0,5150,0,0,0,0,0,0,45026,0,0,0,0,0,0,0,0,0,0,0,0,0,0,0,0,0,5150,0,0,0,0,0,0,45026,0,0,0,0,0,0,0,0,0,0,0,0,0,0,0,0,0,5150,1880,0,41988,1158,4160,TCGA-GM-A2DF-DX1_xmin50637_ymin43774_MPP-0.2500+147
0,0,0,0,0,0,47906,0,0,0,0,0,0,0,0,0,0,0,0,0,0,0,0,0,2270,0,0,0,0,0,0,47906,0,0,0,0,0,0,0,0,0,0,0,0,0,0,0,0,0,2270,0,0,0,0,0,0,47906,0,0,0,0,0,0,0,0,0,0,0,0,0,0,0,0,0,2270,1646,0,46260,0,4044,TCGA-GM-A2DF-DX1_xmin50637_ymin43774_MPP-0.2500+148
0,0,0,0,0,0,49073,0,0,0,0,0,0,0,0,0,0,0,0,0,0,0,0,0,1103,0,0,0,0,0,0,49073,0,0,0,0,0,0,0,0,0,0,0,0,0,0,0,0,0,1103,0,0,0,0,0,0,49073,0,0,0,0,0,0,0,0,0,0,0,0,0,0,0,0,0,1103,2564,0,46157,352,2635,TCGA-GM-A2DF-DX1_xmin50637_ymin43774_MPP-0.2500+149
14522,0,0,0,0,11121,0,0,0,0,24533,0,0,0,0,0,0,0,0,0,0,0,0,0,0,14522,0,0,0,0,11121,0,0,0,0,24533,0,0,0,0,0,0,0,0,0,0,0,0,0,0,14522,0,0,0,0,11121,0,0,0,0,24533,0,0,0,0,0,0,0,0,0,0,0,0,0,0,14842,2424,24178,8732,12396,TCGA-GM-A2DF-DX1_xmin50637_ymin43774_MPP-0.2500+15
0,0,0,0,0,0,20731,3878,0,0,0,4901,8167,0,0,0,0,0,0,0,0,0,0,0,12499,0,0,0,0,0,0,21157,3452,0,0,0,4993,8075,0,0,0,0,0,0,0,0,0,0,0,12499,0,0,0,0,0,0,21020,3589,0,0,0,4999,8069,0,0,0,0,0,0,0,0,0,0,0,12499,7525,2203,20738,7211,11276,TCGA-GM-A2DF-DX1_xmin50637_ymin43774_MPP-0.2500+150
0,0,0,0,0,0,4065,97,0,0,0,9834,10639,0,0,0,0,0,0,0,0,0,0,0,25541,0,0,0,0,0,0,4077,85,0,0,0,10194,10279,0,0,0,0,0,0,0,0,0,0,0,25541,0,0,0,0,0,0,4064,98,0,0,0,10479,9994,0,0,0,0,0,0,0,0,0,0,0,25541,7510,197,7433,9495,7283,TCGA-GM-A2DF-DX1_xmin50637_ymin43774_MPP-0.2500+151
0,0,0,0,0,0,3106,125,0,0,0,8320,10379,0,0,0,0,0,0,0,0,0,0,0,28246,0,0,0,0,0,0,3114,117,0,0,0,8973,9726,0,0,0,0,0,0,0,0,0,0,0,28246,0,0,0,0,0,0,3123,108,0,0,0,9597,9102,0,0,0,0,0,0,0,0,0,0,0,28246,8916,304,6286,6424,9428,TCGA-GM-A2DF-DX1_xmin50637_ymin43774_MPP-0.2500+152
0,70,0,0,0,0,16960,1564,0,0,0,9173,12685,0,0,0,0,0,0,0,0,0,0,0,9724,0,70,0,0,0,0,17015,1509,0,0,0,9356,12502,0,0,0,0,0,0,0,0,0,0,0,9724,0,70,0,0,0,0,16971,1553,0,0,0,9065,12793,0,0,0,0,0,0,0,0,0,0,0,9724,4877,1212,21764,12599,11209,TCGA-GM-A2DF-DX1_xmin50637_ymin43774_MPP-0.2500+153
0,486,0,0,0,0,29451,4017,0,0,0,3078,11405,0,0,0,0,0,0,0,0,0,0,0,1739,0,486,0,0,0,0,30422,3046,0,0,0,3661,10822,0,0,0,0,0,0,0,0,0,0,0,1739,0,486,0,0,0,0,30308,3160,0,0,0,3743,10740,0,0,0,0,0,0,0,0,0,0,0,1739,4760,438,36568,6671,6829,TCGA-GM-A2DF-DX1_xmin50637_ymin43774_MPP-0.2500+154
0,275,0,0,0,16,43481,0,0,0,0,0,0,0,0,0,0,0,0,0,0,0,0,0,6404,0,275,0,0,0,16,43481,0,0,0,0,0,0,0,0,0,0,0,0,0,0,0,0,0,6404,0,275,0,0,0,0,43497,0,0,0,0,0,0,0,0,0,0,0,0,0,0,0,0,0,6404,3455,264,36469,3584,5759,TCGA-GM-A2DF-DX1_xmin50637_ymin43774_MPP-0.2500+155
0,0,0,0,0,0,29327,0,0,0,0,0,0,0,0,0,0,0,0,0,0,0,0,0,20849,0,0,0,0,0,0,29327,0,0,0,0,0,0,0,0,0,0,0,0,0,0,0,0,0,20849,0,0,0,0,0,0,29327,0,0,0,0,0,0,0,0,0,0,0,0,0,0,0,0,0,20849,1037,0,28290,0,1641,TCGA-GM-A2DF-DX1_xmin50637_ymin43774_MPP-0.2500+156
0,0,0,0,0,0,41721,0,0,0,0,0,0,0,0,0,0,0,0,0,0,0,0,0,8455,0,0,0,0,0,0,41721,0,0,0,0,0,0,0,0,0,0,0,0,0,0,0,0,0,8455,0,0,0,0,0,0,41721,0,0,0,0,0,0,0,0,0,0,0,0,0,0,0,0,0,8455,1492,0,40229,0,2811,TCGA-GM-A2DF-DX1_xmin50637_ymin43774_MPP-0.2500+157
0,0,0,0,0,0,50176,0,0,0,0,0,0,0,0,0,0,0,0,0,0,0,0,0,0,0,0,0,0,0,0,50176,0,0,0,0,0,0,0,0,0,0,0,0,0,0,0,0,0,0,0,0,0,0,0,0,50176,0,0,0,0,0,0,0,0,0,0,0,0,0,0,0,0,0,0,4296,0,45258,622,8955,TCGA-GM-A2DF-DX1_xmin50637_ymin43774_MPP-0.2500+158
0,0,0,0,0,0,50176,0,0,0,0,0,0,0,0,0,0,0,0,0,0,0,0,0,0,0,0,0,0,0,0,50176,0,0,0,0,0,0,0,0,0,0,0,0,0,0,0,0,0,0,0,0,0,0,0,0,50176,0,0,0,0,0,0,0,0,0,0,0,0,0,0,0,0,0,0,3689,17,44537,1933,12331,TCGA-GM-A2DF-DX1_xmin50637_ymin43774_MPP-0.2500+159
192,12331,0,0,0,0,29066,0,0,0,0,8587,0,0,0,0,0,0,0,0,0,0,0,0,0,384,12139,0,0,0,0,29066,0,0,0,0,8587,0,0,0,0,0,0,0,0,0,0,0,0,0,352,12171,0,0,0,0,29066,0,0,0,0,8587,0,0,0,0,0,0,0,0,0,0,0,0,0,10317,2411,29751,7697,15426,TCGA-GM-A2DF-DX1_xmin50637_ymin43774_MPP-0.2500+16
0,0,0,0,0,0,50176,0,0,0,0,0,0,0,0,0,0,0,0,0,0,0,0,0,0,0,0,0,0,0,0,50176,0,0,0,0,0,0,0,0,0,0,0,0,0,0,0,0,0,0,0,0,0,0,0,0,50176,0,0,0,0,0,0,0,0,0,0,0,0,0,0,0,0,0,0,2794,0,47382,0,5345,TCGA-GM-A2DF-DX1_xmin50637_ymin43774_MPP-0.2500+160
0,0,0,0,0,1,50175,0,0,0,0,0,0,0,0,0,0,0,0,0,0,0,0,0,0,0,0,0,0,0,1,50175,0,0,0,0,0,0,0,0,0,0,0,0,0,0,0,0,0,0,0,0,0,0,0,0,50176,0,0,0,0,0,0,0,0,0,0,0,0,0,0,0,0,0,0,3653,0,46523,0,10568,TCGA-GM-A2DF-DX1_xmin50637_ymin43774_MPP-0.2500+161
0,0,0,0,0,0,47863,0,0,0,0,0,0,0,0,0,0,0,0,0,0,0,0,0,2313,0,0,0,0,0,0,47863,0,0,0,0,0,0,0,0,0,0,0,0,0,0,0,0,0,2313,0,0,0,0,0,0,47863,0,0,0,0,0,0,0,0,0,0,0,0,0,0,0,0,0,2313,2586,0,44889,388,6184,TCGA-GM-A2DF-DX1_xmin50637_ymin43774_MPP-0.2500+162
0,0,0,0,0,0,0,5468,0,0,0,0,27010,0,0,0,0,0,0,0,0,0,0,0,17698,0,0,0,0,0,0,0,5468,0,0,0,0,27010,0,0,0,0,0,0,0,0,0,0,0,17698,0,0,0,0,0,0,0,5468,0,0,0,0,27010,0,0,0,0,0,0,0,0,0,0,0,17698,11330,314,19936,898,10783,TCGA-GM-A2DF-DX1_xmin50637_ymin43774_MPP-0.2500+163
0,0,0,0,0,0,22377,438,0,0,0,9081,10248,0,0,0,0,0,0,0,0,0,0,0,8032,0,0,0,0,0,0,22470,345,0,0,0,9733,9596,0,0,0,0,0,0,0,0,0,0,0,8032,0,0,0,0,0,0,22507,308,0,0,0,9474,9855,0,0,0,0,0,0,0,0,0,0,0,8032,9634,761,21473,10276,12900,TCGA-GM-A2DF-DX1_xmin50637_ymin43774_MPP-0.2500+164
0,0,0,0,0,0,10170,772,0,0,0,4863,11002,0,0,0,0,0,0,0,0,0,0,0,23369,0,0,0,0,0,0,10557,385,0,0,0,5500,10365,0,0,0,0,0,0,0,0,0,0,0,23369,0,0,0,0,0,0,10554,388,0,0,0,5517,10348,0,0,0,0,0,0,0,0,0,0,0,23369,8407,2256,10893,5251,9862,TCGA-GM-A2DF-DX1_xmin50637_ymin43774_MPP-0.2500+165
0,0,0,0,0,0,1813,1007,0,0,0,19621,13633,0,0,0,0,0,0,0,0,0,0,0,14102,0,0,0,0,0,0,1885,935,0,0,0,19432,13822,0,0,0,0,0,0,0,0,0,0,0,14102,0,0,0,0,0,0,2009,811,0,0,0,19884,13370,0,0,0,0,0,0,0,0,0,0,0,14102,7192,1005,10006,17871,12465,TCGA-GM-A2DF-DX1_xmin50637_ymin43774_MPP-0.2500+166
0,0,0,0,0,0,11912,950,0,0,0,16011,19286,0,0,0,0,0,0,0,0,0,0,0,2017,0,0,0,0,0,0,12149,713,0,0,0,18260,17037,0,0,0,0,0,0,0,0,0,0,0,2017,0,0,0,0,0,0,12136,726,0,0,0,18488,16809,0,0,0,0,0,0,0,0,0,0,0,2017,3164,1952,21796,21247,9583,TCGA-GM-A2DF-DX1_xmin50637_ymin43774_MPP-0.2500+167
0,147,0,0,0,1,40172,0,0,0,0,5615,0,0,0,0,0,0,0,0,0,0,0,0,4241,0,147,0,0,0,0,40173,0,0,0,0,5615,0,0,0,0,0,0,0,0,0,0,0,0,4241,0,147,0,0,0,0,40173,0,0,0,0,5615,0,0,0,0,0,0,0,0,0,0,0,0,4241,8653,177,28103,9002,8718,TCGA-GM-A2DF-DX1_xmin50637_ymin43774_MPP-0.2500+168
0,0,0,0,0,0,26471,0,0,0,0,237,0,0,0,0,0,0,0,0,0,0,0,0,23468,0,0,0,0,0,0,26471,0,0,0,0,237,0,0,0,0,0,0,0,0,0,0,0,0,23468,0,0,0,0,0,0,26471,0,0,0,0,237,0,0,0,0,0,0,0,0,0,0,0,0,23468,379,7,26126,196,985,TCGA-GM-A2DF-DX1_xmin50637_ymin43774_MPP-0.2500+169
0,0,0,0,0,1,41312,0,0,0,0,8863,0,0,0,0,0,0,0,0,0,0,0,0,0,0,0,0,0,0,1,41312,0,0,0,0,8863,0,0,0,0,0,0,0,0,0,0,0,0,0,0,0,0,0,0,2,41311,0,0,0,0,8863,0,0,0,0,0,0,0,0,0,0,0,0,0,8357,77,28031,13711,11379,TCGA-GM-A2DF-DX1_xmin50637_ymin43774_MPP-0.2500+17
0,0,0,0,0,0,35636,0,0,0,0,0,0,0,0,0,0,0,0,0,0,0,0,0,14540,0,0,0,0,0,0,35636,0,0,0,0,0,0,0,0,0,0,0,0,0,0,0,0,0,14540,0,0,0,0,0,0,35636,0,0,0,0,0,0,0,0,0,0,0,0,0,0,0,0,0,14540,2289,0,33310,37,3185,TCGA-GM-A2DF-DX1_xmin50637_ymin43774_MPP-0.2500+170
0,0,0,0,0,0,50176,0,0,0,0,0,0,0,0,0,0,0,0,0,0,0,0,0,0,0,0,0,0,0,0,50176,0,0,0,0,0,0,0,0,0,0,0,0,0,0,0,0,0,0,0,0,0,0,0,0,50176,0,0,0,0,0,0,0,0,0,0,0,0,0,0,0,0,0,0,8803,158,39384,1831,12586,TCGA-GM-A2DF-DX1_xmin50637_ymin43774_MPP-0.2500+171
0,0,0,0,0,0,50176,0,0,0,0,0,0,0,0,0,0,0,0,0,0,0,0,0,0,0,0,0,0,0,0,50176,0,0,0,0,0,0,0,0,0,0,0,0,0,0,0,0,0,0,0,0,0,0,0,0,50176,0,0,0,0,0,0,0,0,0,0,0,0,0,0,0,0,0,0,5307,0,44869,0,8948,TCGA-GM-A2DF-DX1_xmin50637_ymin43774_MPP-0.2500+172
0,0,0,0,0,0,49429,0,0,0,0,0,0,0,0,0,0,0,0,0,0,0,0,0,747,0,0,0,0,0,0,49429,0,0,0,0,0,0,0,0,0,0,0,0,0,0,0,0,0,747,0,0,0,0,0,0,49429,0,0,0,0,0,0,0,0,0,0,0,0,0,0,0,0,0,747,3668,0,45761,0,5477,TCGA-GM-A2DF-DX1_xmin50637_ymin43774_MPP-0.2500+173
0,0,0,0,0,0,49524,0,0,0,0,0,0,0,0,0,0,0,0,0,0,0,0,0,652,0,0,0,0,0,0,49524,0,0,0,0,0,0,0,0,0,0,0,0,0,0,0,0,0,652,0,0,0,0,0,0,49524,0,0,0,0,0,0,0,0,0,0,0,0,0,0,0,0,0,652,2637,0,46426,461,5672,TCGA-GM-A2DF-DX1_xmin50637_ymin43774_MPP-0.2500+174
0,0,0,0,0,0,50176,0,0,0,0,0,0,0,0,0,0,0,0,0,0,0,0,0,0,0,0,0,0,0,0,50176,0,0,0,0,0,0,0,0,0,0,0,0,0,0,0,0,0,0,0,0,0,0,0,0,50176,0,0,0,0,0,0,0,0,0,0,0,0,0,0,0,0,0,0,2368,0,47548,260,2700,TCGA-GM-A2DF-DX1_xmin50637_ymin43774_MPP-0.2500+175
0,0,0,0,0,0,1978,746,0,0,0,997,26508,0,0,0,0,0,0,0,0,0,0,0,19947,0,0,0,0,0,0,1978,746,0,0,0,1215,26290,0,0,0,0,0,0,0,0,0,0,0,19947,0,0,0,0,0,0,1982,742,0,0,0,1479,26026,0,0,0,0,0,0,0,0,0,0,0,19947,9959,224,18176,1870,8239,TCGA-GM-A2DF-DX1_xmin50637_ymin43774_MPP-0.2500+176
0,0,0,0,0,0,16932,1355,0,0,0,8747,11679,0,0,0,0,0,0,0,0,0,0,0,11463,0,0,0,0,0,0,16940,1347,0,0,0,8883,11543,0,0,0,0,0,0,0,0,0,0,0,11463,0,0,0,0,0,0,16937,1350,0,0,0,9044,11382,0,0,0,0,0,0,0,0,0,0,0,11463,8087,414,20719,9493,6673,TCGA-GM-A2DF-DX1_xmin50637_ymin43774_MPP-0.2500+177
0,0,0,0,0,0,7076,0,0,0,0,22723,0,0,0,0,0,0,0,0,0,0,0,0,20377,0,0,0,0,0,0,7076,0,0,0,0,22723,0,0,0,0,0,0,0,0,0,0,0,0,20377,0,0,0,0,0,0,7076,0,0,0,0,22723,0,0,0,0,0,0,0,0,0,0,0,0,20377,8305,328,11713,9453,7759,TCGA-GM-A2DF-DX1_xmin50637_ymin43774_MPP-0.2500+178
0,0,0,0,0,0,33217,0,0,0,0,3730,0,0,0,0,0,0,0,0,0,0,0,0,13229,0,0,0,0,0,0,33217,0,0,0,0,3730,0,0,0,0,0,0,0,0,0,0,0,0,13229,0,0,0,0,0,0,33217,0,0,0,0,3730,0,0,0,0,0,0,0,0,0,0,0,0,13229,4662,259,28495,3531,5139,TCGA-GM-A2DF-DX1_xmin50637_ymin43774_MPP-0.2500+179
0,75,0,0,0,0,32166,0,0,0,0,17667,0,0,0,0,0,0,0,0,0,0,0,0,268,0,75,0,0,0,0,31522,644,0,0,0,6921,10746,0,0,0,0,0,0,0,0,0,0,0,268,0,75,0,0,0,0,31566,600,0,0,0,7005,10662,0,0,0,0,0,0,0,0,0,0,0,268,9084,2326,18190,20308,11212,TCGA-GM-A2DF-DX1_xmin50637_ymin43774_MPP-0.2500+18
0,0,0,0,0,0,12129,1705,0,0,0,12797,19976,0,0,0,0,0,0,0,0,0,0,0,3569,0,0,0,0,0,0,12300,1534,0,0,0,13028,19745,0,0,0,0,0,0,0,0,0,0,0,3569,0,0,0,0,0,0,12302,1532,0,0,0,13336,19437,0,0,0,0,0,0,0,0,0,0,0,3569,10265,1770,23289,11283,9855,TCGA-GM-A2DF-DX1_xmin50637_ymin43774_MPP-0.2500+180
0,0,0,0,0,0,10835,1569,0,0,0,2556,16592,0,0,0,0,0,0,0,0,0,0,0,18624,0,0,0,0,0,0,10861,1543,0,0,0,2638,16510,0,0,0,0,0,0,0,0,0,0,0,18624,0,0,0,0,0,0,10852,1552,0,0,0,2796,16352,0,0,0,0,0,0,0,0,0,0,0,18624,4832,286,23047,3387,6591,TCGA-GM-A2DF-DX1_xmin50637_ymin43774_MPP-0.2500+181
0,0,0,0,0,0,34407,624,0,0,0,7008,2453,0,0,0,0,0,0,0,0,0,0,0,5684,0,0,0,0,0,0,34592,439,0,0,0,7058,2403,0,0,0,0,0,0,0,0,0,0,0,5684,0,0,0,0,0,0,34626,405,0,0,0,6879,2582,0,0,0,0,0,0,0,0,0,0,0,5684,2091,1591,34842,5968,5247,TCGA-GM-A2DF-DX1_xmin50637_ymin43774_MPP-0.2500+182
0,0,0,0,0,0,28159,0,0,0,0,0,0,0,0,0,0,0,0,0,0,0,0,0,22017,0,0,0,0,0,0,28159,0,0,0,0,0,0,0,0,0,0,0,0,0,0,0,0,0,22017,0,0,0,0,0,0,28159,0,0,0,0,0,0,0,0,0,0,0,0,0,0,0,0,0,22017,1828,0,26169,162,2945,TCGA-GM-A2DF-DX1_xmin50637_ymin43774_MPP-0.2500+183
0,0,0,0,0,0,50176,0,0,0,0,0,0,0,0,0,0,0,0,0,0,0,0,0,0,0,0,0,0,0,0,50176,0,0,0,0,0,0,0,0,0,0,0,0,0,0,0,0,0,0,0,0,0,0,0,0,50176,0,0,0,0,0,0,0,0,0,0,0,0,0,0,0,0,0,0,4049,0,45615,512,3761,TCGA-GM-A2DF-DX1_xmin50637_ymin43774_MPP-0.2500+184
0,0,0,0,0,0,18962,1519,0,0,0,801,9448,0,0,0,0,0,0,0,0,0,0,0,19446,0,0,0,0,0,0,19419,1062,0,0,0,1288,8961,0,0,0,0,0,0,0,0,0,0,0,19446,0,0,0,0,0,0,19187,1294,0,0,0,1144,9105,0,0,0,0,0,0,0,0,0,0,0,19446,5388,120,22286,2936,8141,TCGA-GM-A2DF-DX1_xmin50637_ymin43774_MPP-0.2500+185
0,0,0,0,0,0,24252,5167,0,0,0,306,1735,0,0,0,0,0,0,0,0,0,0,0,18716,0,0,0,0,0,0,25260,4159,0,0,0,320,1721,0,0,0,0,0,0,0,0,0,0,0,18716,0,0,0,0,0,0,24672,4747,0,0,0,321,1720,0,0,0,0,0,0,0,0,0,0,0,18716,4238,707,23991,2524,10481,TCGA-GM-A2DF-DX1_xmin50637_ymin43774_MPP-0.2500+186
0,0,0,0,0,0,31020,0,0,0,0,4255,0,0,0,0,0,0,0,0,0,0,0,0,14901,0,0,0,0,0,0,31020,0,0,0,0,4255,0,0,0,0,0,0,0,0,0,0,0,0,14901,0,0,0,0,0,0,31020,0,0,0,0,4255,0,0,0,0,0,0,0,0,0,0,0,0,14901,4919,110,23799,6447,5421,TCGA-GM-A2DF-DX1_xmin50637_ymin43774_MPP-0.2500+187
0,0,0,0,0,0,20910,0,0,0,0,1717,0,0,0,0,0,0,0,0,0,0,0,0,27549,0,0,0,0,0,0,20910,0,0,0,0,1717,0,0,0,0,0,0,0,0,0,0,0,0,27549,0,0,0,0,0,0,20910,0,0,0,0,1717,0,0,0,0,0,0,0,0,0,0,0,0,27549,2805,4,18152,1666,2932,TCGA-GM-A2DF-DX1_xmin50637_ymin43774_MPP-0.2500+188
0,0,0,0,0,0,27030,0,0,0,0,8851,0,0,0,0,0,0,0,0,0,0,0,0,14295,0,0,0,0,0,0,27030,0,0,0,0,8851,0,0,0,0,0,0,0,0,0,0,0,0,14295,0,0,0,0,0,0,27030,0,0,0,0,8851,0,0,0,0,0,0,0,0,0,0,0,0,14295,2965,1583,24130,7203,5487,TCGA-GM-A2DF-DX1_xmin50637_ymin43774_MPP-0.2500+189
12738,1280,123,0,0,516,17496,5353,0,0,0,432,5834,0,0,0,0,0,0,0,0,0,0,0,6404,12662,1237,242,0,0,455,18409,4501,0,0,0,836,5430,0,0,0,0,0,0,0,0,0,0,0,6404,12521,1405,215,0,0,266,19399,3700,0,0,0,963,5303,0,0,0,0,0,0,0,0,0,0,0,6404,6563,3951,22106,11152,14099,TCGA-GM-A2DF-DX1_xmin50637_ymin43774_MPP-0.2500+19
0,0,0,0,0,0,0,1175,0,0,0,0,38545,0,0,0,0,0,0,0,0,0,0,0,10456,0,0,0,0,0,0,0,1175,0,0,0,0,38545,0,0,0,0,0,0,0,0,0,0,0,10456,0,0,0,0,0,0,0,1175,0,0,0,0,38545,0,0,0,0,0,0,0,0,0,0,0,10456,5170,70,32510,1970,6950,TCGA-GM-A2DF-DX1_xmin50637_ymin43774_MPP-0.2500+2
25330,69,0,0,0,3718,1974,0,0,0,0,515,0,0,0,0,0,0,0,0,0,0,0,0,18570,25354,45,0,0,0,3788,1904,0,0,0,0,515,0,0,0,0,0,0,0,0,0,0,0,0,18570,25344,55,0,0,0,3716,1976,0,0,0,0,515,0,0,0,0,0,0,0,0,0,0,0,0,18570,361,617,26554,4074,2502,TCGA-GM-A2DF-DX1_xmin50637_ymin43774_MPP-0.2500+20
1120,2531,0,0,0,0,14687,4575,0,0,0,6260,11287,0,0,0,0,0,0,0,0,0,0,0,9716,1264,2387,0,0,0,0,14876,4386,0,0,0,6733,10814,0,0,0,0,0,0,0,0,0,0,0,9716,1264,2387,0,0,0,0,14792,4470,0,0,0,6725,10822,0,0,0,0,0,0,0,0,0,0,0,9716,4915,2094,19380,14071,11045,TCGA-GM-A2DF-DX1_xmin50637_ymin43774_MPP-0.2500+21
0,0,0,0,0,0,18355,9861,0,0,0,7888,7223,0,0,0,0,0,0,0,0,0,0,0,6849,0,0,0,0,0,0,18755,9461,0,0,0,8112,6999,0,0,0,0,0,0,0,0,0,0,0,6849,0,0,0,0,0,0,19166,9050,0,0,0,8322,6789,0,0,0,0,0,0,0,0,0,0,0,6849,4156,4039,23117,12015,11382,TCGA-GM-A2DF-DX1_xmin50637_ymin43774_MPP-0.2500+22
0,0,0,0,0,1444,0,20284,0,0,0,0,16590,0,0,0,0,0,0,0,0,0,0,0,11858,0,0,0,0,0,1508,0,20220,0,0,0,0,16590,0,0,0,0,0,0,0,0,0,0,0,11858,0,0,0,0,0,1572,0,20156,0,0,0,0,16590,0,0,0,0,0,0,0,0,0,0,0,11858,4213,3890,17143,13072,12086,TCGA-GM-A2DF-DX1_xmin50637_ymin43774_MPP-0.2500+23
0,0,274,0,0,0,0,5954,0,0,0,0,28159,0,0,0,0,0,0,0,0,0,0,0,15789,0,0,274,0,0,0,0,5954,0,0,0,0,28159,0,0,0,0,0,0,0,0,0,0,0,15789,0,0,274,0,0,0,0,5954,0,0,0,0,28159,0,0,0,0,0,0,0,0,0,0,0,15789,11213,1857,15212,6105,15951,TCGA-GM-A2DF-DX1_xmin50637_ymin43774_MPP-0.2500+24
0,0,0,0,0,0,0,1888,0,0,0,0,40713,0,0,0,0,0,0,0,0,0,0,0,7575,0,0,0,0,0,0,0,1888,0,0,0,0,40713,0,0,0,0,0,0,0,0,0,0,0,7575,0,0,0,0,0,0,0,1888,0,0,0,0,40713,0,0,0,0,0,0,0,0,0,0,0,7575,10803,361,28387,3050,12516,TCGA-GM-A2DF-DX1_xmin50637_ymin43774_MPP-0.2500+25
0,221,3692,0,0,0,3898,6478,0,0,0,7223,23775,0,0,0,0,0,0,0,0,0,0,0,4889,0,221,3692,0,0,0,3944,6432,0,0,0,7683,23315,0,0,0,0,0,0,0,0,0,0,0,4889,0,221,3692,0,0,0,3958,6418,0,0,0,7787,23211,0,0,0,0,0,0,0,0,0,0,0,4889,13069,5149,15756,11313,19064,TCGA-GM-A2DF-DX1_xmin50637_ymin43774_MPP-0.2500+26
32624,932,0,0,0,923,42,0,0,0,0,225,0,0,0,0,0,0,0,0,0,0,0,0,15430,32686,870,0,0,0,919,46,0,0,0,0,225,0,0,0,0,0,0,0,0,0,0,0,0,15430,32660,896,0,0,0,919,46,0,0,0,0,225,0,0,0,0,0,0,0,0,0,0,0,0,15430,1326,37,32106,1277,1551,TCGA-GM-A2DF-DX1_xmin50637_ymin43774_MPP-0.2500+27
40050,0,0,0,0,5827,0,0,0,0,0,0,0,0,0,0,0,0,0,0,0,0,0,0,4299,40050,0,0,0,0,5827,0,0,0,0,0,0,0,0,0,0,0,0,0,0,0,0,0,0,4299,40050,0,0,0,0,5827,0,0,0,0,0,0,0,0,0,0,0,0,0,0,0,0,0,0,4299,1252,1373,38855,4397,6018,TCGA-GM-A2DF-DX1_xmin50637_ymin43774_MPP-0.2500+28
32180,0,0,0,0,17498,0,0,0,0,0,0,0,0,0,0,0,0,0,0,0,0,0,0,498,32180,0,0,0,0,17498,0,0,0,0,0,0,0,0,0,0,0,0,0,0,0,0,0,0,498,32180,0,0,0,0,17498,0,0,0,0,0,0,0,0,0,0,0,0,0,0,0,0,0,0,498,277,9306,32233,7862,3719,TCGA-GM-A2DF-DX1_xmin50637_ymin43774_MPP-0.2500+29
0,0,0,0,0,112,0,3735,0,0,0,0,33416,0,0,0,0,0,0,0,0,0,0,0,12913,0,0,0,0,0,105,0,3742,0,0,0,0,33416,0,0,0,0,0,0,0,0,0,0,0,12913,0,0,0,0,0,112,0,3735,0,0,0,0,33416,0,0,0,0,0,0,0,0,0,0,0,12913,4027,203,32109,924,4622,TCGA-GM-A2DF-DX1_xmin50637_ymin43774_MPP-0.2500+3
46302,0,0,0,0,3874,0,0,0,0,0,0,0,0,0,0,0,0,0,0,0,0,0,0,0,46302,0,0,0,0,3874,0,0,0,0,0,0,0,0,0,0,0,0,0,0,0,0,0,0,0,46302,0,0,0,0,3874,0,0,0,0,0,0,0,0,0,0,0,0,0,0,0,0,0,0,0,2389,964,43692,3131,3224,TCGA-GM-A2DF-DX1_xmin50637_ymin43774_MPP-0.2500+30
33213,0,0,0,0,6619,0,0,0,0,0,0,0,0,0,0,0,0,0,0,0,0,0,0,10344,33213,0,0,0,0,6619,0,0,0,0,0,0,0,0,0,0,0,0,0,0,0,0,0,0,10344,33213,0,0,0,0,6619,0,0,0,0,0,0,0,0,0,0,0,0,0,0,0,0,0,0,10344,2184,1730,31029,4889,3858,TCGA-GM-A2DF-DX1_xmin50637_ymin43774_MPP-0.2500+31
32598,0,0,0,0,8231,0,0,0,0,0,0,0,0,0,0,0,0,0,0,0,0,0,0,9347,32598,0,0,0,0,8231,0,0,0,0,0,0,0,0,0,0,0,0,0,0,0,0,0,0,9347,32598,0,0,0,0,8231,0,0,0,0,0,0,0,0,0,0,0,0,0,0,0,0,0,0,9347,969,571,31629,7660,2286,TCGA-GM-A2DF-DX1_xmin50637_ymin43774_MPP-0.2500+32
41211,0,0,0,0,1010,0,0,0,0,0,0,0,0,0,0,0,0,0,0,0,0,0,0,7955,41211,0,0,0,0,1010,0,0,0,0,0,0,0,0,0,0,0,0,0,0,0,0,0,0,7955,41211,0,0,0,0,1010,0,0,0,0,0,0,0,0,0,0,0,0,0,0,0,0,0,0,7955,727,509,40547,438,1331,TCGA-GM-A2DF-DX1_xmin50637_ymin43774_MPP-0.2500+33
7033,0,0,0,0,1793,0,0,0,0,0,0,0,0,0,0,0,0,0,0,0,0,0,0,41350,7033,0,0,0,0,1793,0,0,0,0,0,0,0,0,0,0,0,0,0,0,0,0,0,0,41350,7033,0,0,0,0,1793,0,0,0,0,0,0,0,0,0,0,0,0,0,0,0,0,0,0,41350,38,84,7243,1461,361,TCGA-GM-A2DF-DX1_xmin50637_ymin43774_MPP-0.2500+34
20654,191,0,0,0,5411,3347,0,0,0,494,2767,0,0,0,0,0,0,0,0,0,0,0,0,17312,20651,194,0,0,0,5220,3538,0,0,0,557,2704,0,0,0,0,0,0,0,0,0,0,0,0,17312,20647,198,0,0,0,5016,3742,0,0,0,565,2696,0,0,0,0,0,0,0,0,0,0,0,0,17312,375,1011,21559,9919,3410,TCGA-GM-A2DF-DX1_xmin50637_ymin43774_MPP-0.2500+35
11253,1595,0,0,0,10214,15889,0,0,0,0,1381,0,0,0,0,0,0,0,0,0,0,0,0,9844,11147,1701,0,0,0,10195,15908,0,0,0,0,1381,0,0,0,0,0,0,0,0,0,0,0,0,9844,11069,1779,0,0,0,9959,16144,0,0,0,0,1381,0,0,0,0,0,0,0,0,0,0,0,0,9844,5818,3412,18017,13085,9704,TCGA-GM-A2DF-DX1_xmin50637_ymin43774_MPP-0.2500+36
12076,499,0,0,0,1018,6135,2628,0,0,0,516,12537,0,0,0,0,0,0,0,0,0,0,0,14767,11997,578,0,0,0,955,6204,2622,0,0,0,593,12460,0,0,0,0,0,0,0,0,0,0,0,14767,11913,662,0,0,0,899,6415,2467,0,0,0,700,12353,0,0,0,0,0,0,0,0,0,0,0,14767,4742,2072,24704,3891,7605,TCGA-GM-A2DF-DX1_xmin50637_ymin43774_MPP-0.2500+37
0,0,0,0,0,0,0,887,0,0,0,0,38939,0,0,0,0,0,0,0,0,0,0,0,10350,0,0,0,0,0,0,0,887,0,0,6,0,38933,0,0,0,0,0,0,0,0,0,0,0,10350,0,0,0,0,0,0,0,887,0,0,102,0,38837,0,0,0,0,0,0,0,0,0,0,0,10350,8936,90,26517,4283,10298,TCGA-GM-A2DF-DX1_xmin50637_ymin43774_MPP-0.2500+38
0,0,0,0,0,0,0,471,0,0,0,0,40590,0,0,0,0,0,0,0,0,0,0,0,9115,0,0,0,0,0,0,0,471,0,0,0,0,40590,0,0,0,0,0,0,0,0,0,0,0,9115,0,0,0,0,0,0,0,471,0,0,0,0,40590,0,0,0,0,0,0,0,0,0,0,0,9115,5927,208,34663,263,8304,TCGA-GM-A2DF-DX1_xmin50637_ymin43774_MPP-0.2500+39
0,0,0,0,0,0,9494,1203,0,0,0,15814,21341,0,0,0,0,0,0,0,0,0,0,0,2324,0,0,0,0,0,0,9790,907,0,0,0,16615,20540,0,0,0,0,0,0,0,0,0,0,0,2324,0,0,0,0,0,0,9854,843,0,0,0,17274,19881,0,0,0,0,0,0,0,0,0,0,0,2324,16648,1887,18783,10534,18149,TCGA-GM-A2DF-DX1_xmin50637_ymin43774_MPP-0.2500+4
0,1625,4361,0,0,0,6424,7947,0,0,0,1793,26916,0,0,0,0,0,0,0,0,0,0,0,1110,0,2003,3983,0,0,0,6693,7678,0,0,0,1850,26859,0,0,0,0,0,0,0,0,0,0,0,1110,0,2390,3596,0,0,0,6830,7541,0,0,0,1944,26765,0,0,0,0,0,0,0,0,0,0,0,1110,6730,6489,26238,9609,14539,TCGA-GM-A2DF-DX1_xmin50637_ymin43774_MPP-0.2500+40
1709,0,0,0,0,1340,0,143,0,0,592,0,37134,0,0,0,0,0,0,0,0,0,0,0,9258,1709,0,0,0,0,1340,0,143,0,0,645,0,37081,0,0,0,0,0,0,0,0,0,0,0,9258,1709,0,0,0,0,1340,0,143,0,0,667,0,37059,0,0,0,0,0,0,0,0,0,0,0,9258,13505,55,24854,2504,14001,TCGA-GM-A2DF-DX1_xmin50637_ymin43774_MPP-0.2500+41
0,0,0,0,0,5724,0,7939,0,0,20,0,18470,0,0,0,0,0,0,0,0,0,0,0,18023,0,0,0,0,0,5635,0,8028,0,0,20,0,18470,0,0,0,0,0,0,0,0,0,0,0,18023,0,0,0,0,0,5490,0,8173,0,0,20,0,18470,0,0,0,0,0,0,0,0,0,0,0,18023,7969,1737,13297,9150,7703,TCGA-GM-A2DF-DX1_xmin50637_ymin43774_MPP-0.2500+42
3227,1328,0,0,0,1990,24552,0,0,0,0,798,0,0,0,0,0,0,0,0,0,0,0,0,18281,3194,1361,0,0,0,2001,24541,0,0,0,0,798,0,0,0,0,0,0,0,0,0,0,0,0,18281,3155,1400,0,0,0,982,25560,0,0,0,0,798,0,0,0,0,0,0,0,0,0,0,0,0,18281,10962,312,14448,6173,13706,TCGA-GM-A2DF-DX1_xmin50637_ymin43774_MPP-0.2500+43
34771,0,0,0,0,1845,0,0,0,0,0,0,0,0,0,0,0,0,0,0,0,0,0,0,13560,34771,0,0,0,0,1845,0,0,0,0,0,0,0,0,0,0,0,0,0,0,0,0,0,0,13560,34771,0,0,0,0,1845,0,0,0,0,0,0,0,0,0,0,0,0,0,0,0,0,0,0,13560,340,78,34431,1767,1541,TCGA-GM-A2DF-DX1_xmin50637_ymin43774_MPP-0.2500+44
14049,0,0,0,0,715,0,0,0,0,0,0,0,0,0,0,0,0,0,0,0,0,0,0,35412,14049,0,0,0,0,715,0,0,0,0,0,0,0,0,0,0,0,0,0,0,0,0,0,0,35412,14049,0,0,0,0,715,0,0,0,0,0,0,0,0,0,0,0,0,0,0,0,0,0,0,35412,185,0,13862,717,255,TCGA-GM-A2DF-DX1_xmin50637_ymin43774_MPP-0.2500+45
24900,375,0,0,0,8519,11417,0,0,0,0,0,0,0,0,0,0,0,0,0,0,0,0,0,4965,24867,408,0,0,0,8418,11518,0,0,0,0,0,0,0,0,0,0,0,0,0,0,0,0,0,4965,24814,461,0,0,0,8256,11680,0,0,0,0,0,0,0,0,0,0,0,0,0,0,0,0,0,4965,766,1405,31223,11817,5118,TCGA-GM-A2DF-DX1_xmin50637_ymin43774_MPP-0.2500+46
23091,251,0,0,0,7272,12331,0,0,0,834,1046,0,0,0,0,0,0,0,0,0,0,0,0,5351,23342,0,0,0,0,19603,0,0,0,0,1880,0,0,0,0,0,0,0,0,0,0,0,0,0,5351,23342,0,0,0,0,19603,0,0,0,0,1880,0,0,0,0,0,0,0,0,0,0,0,0,0,5351,985,2785,26284,14771,7395,TCGA-GM-A2DF-DX1_xmin50637_ymin43774_MPP-0.2500+47
20318,272,0,0,0,5927,4764,0,0,0,349,5767,0,0,0,0,0,0,0,0,0,0,0,0,12779,20328,262,0,0,0,5635,5056,0,0,0,424,5692,0,0,0,0,0,0,0,0,0,0,0,0,12779,20230,360,0,0,0,5434,5257,0,0,0,273,5843,0,0,0,0,0,0,0,0,0,0,0,0,12779,2255,2490,24357,8295,5901,TCGA-GM-A2DF-DX1_xmin50637_ymin43774_MPP-0.2500+48
20250,0,256,0,0,10929,7607,259,0,0,1153,3497,5111,0,0,0,0,0,0,0,0,0,0,0,1114,20171,0,335,0,0,10582,7937,276,0,0,1186,3781,4794,0,0,0,0,0,0,0,0,0,0,0,1114,20073,0,433,0,0,9749,8732,314,0,0,1200,4024,4537,0,0,0,0,0,0,0,0,0,0,0,1114,4486,2224,25772,16580,9260,TCGA-GM-A2DF-DX1_xmin50637_ymin43774_MPP-0.2500+49
0,0,0,0,0,0,0,0,0,0,16,0,29307,0,0,0,0,0,0,0,0,0,0,0,20853,0,0,0,0,0,0,0,0,0,0,16,0,29307,0,0,0,0,0,0,0,0,0,0,0,20853,0,0,0,0,0,0,0,0,0,0,16,0,29307,0,0,0,0,0,0,0,0,0,0,0,20853,9029,0,18501,1793,11233,TCGA-GM-A2DF-DX1_xmin50637_ymin43774_MPP-0.2500+5
7925,1482,0,0,0,12215,17075,0,0,0,1197,9617,0,0,0,0,0,0,0,0,0,0,0,0,665,7829,1578,0,0,0,12076,17214,0,0,0,1338,9476,0,0,0,0,0,0,0,0,0,0,0,0,665,7767,1640,0,0,0,10713,18577,0,0,0,1242,9572,0,0,0,0,0,0,0,0,0,0,0,0,665,1206,2901,17911,27493,12014,TCGA-GM-A2DF-DX1_xmin50637_ymin43774_MPP-0.2500+50
8075,0,0,0,0,5605,19683,4145,0,0,6,4431,7975,0,0,0,0,0,0,0,0,0,0,0,256,8075,0,0,0,0,5653,19933,3847,0,0,6,4690,7716,0,0,0,0,0,0,0,0,0,0,0,256,8075,0,0,0,0,5459,20122,3852,0,0,6,4893,7513,0,0,0,0,0,0,0,0,0,0,0,256,5136,5441,24002,15341,12763,TCGA-GM-A2DF-DX1_xmin50637_ymin43774_MPP-0.2500+51
0,0,0,0,0,0,0,3423,0,0,0,0,33238,0,0,0,0,0,0,0,0,0,0,0,13515,0,0,0,0,0,0,0,3423,0,0,0,0,33238,0,0,0,0,0,0,0,0,0,0,0,13515,0,0,0,0,0,0,0,3423,0,0,0,0,33238,0,0,0,0,0,0,0,0,0,0,0,13515,8077,768,25681,2135,12874,TCGA-GM-A2DF-DX1_xmin50637_ymin43774_MPP-0.2500+52
0,0,0,0,0,4,0,1743,0,0,0,0,43080,0,0,0,0,0,0,0,0,0,0,0,5349,0,0,0,0,0,4,0,1743,0,0,0,0,43080,0,0,0,0,0,0,0,0,0,0,0,5349,0,0,0,0,0,4,0,1743,0,0,0,0,43080,0,0,0,0,0,0,0,0,0,0,0,5349,14919,274,27159,2475,15779,TCGA-GM-A2DF-DX1_xmin50637_ymin43774_MPP-0.2500+53
0,0,0,0,0,0,12701,124,0,0,0,5759,10907,0,0,0,0,0,0,0,0,0,0,0,20685,0,0,0,0,0,0,12701,124,0,0,0,5801,10865,0,0,0,0,0,0,0,0,0,0,0,20685,0,0,0,0,0,0,12686,139,0,0,0,5893,10773,0,0,0,0,0,0,0,0,0,0,0,20685,4480,493,19251,5267,6009,TCGA-GM-A2DF-DX1_xmin50637_ymin43774_MPP-0.2500+54
0,0,0,0,0,0,0,804,0,0,0,0,49371,0,0,0,0,0,0,0,0,0,0,0,1,0,0,0,0,0,0,0,804,0,0,0,0,49371,0,0,0,0,0,0,0,0,0,0,0,1,0,0,0,0,0,0,0,804,0,0,0,0,49371,0,0,0,0,0,0,0,0,0,0,0,1,21377,227,27524,1047,18314,TCGA-GM-A2DF-DX1_xmin50637_ymin43774_MPP-0.2500+55
0,0,0,0,0,0,22908,4457,0,0,0,7867,10961,0,0,0,0,0,0,0,0,0,0,0,3983,0,0,0,0,0,0,23632,3733,0,0,0,9547,9281,0,0,0,0,0,0,0,0,0,0,0,3983,0,0,0,0,0,0,23385,3980,0,0,0,9506,9322,0,0,0,0,0,0,0,0,0,0,0,3983,11021,2366,22009,10797,9377,TCGA-GM-A2DF-DX1_xmin50637_ymin43774_MPP-0.2500+56
28330,0,0,0,0,17297,0,0,0,0,4549,0,0,0,0,0,0,0,0,0,0,0,0,0,0,28330,0,0,0,0,17297,0,0,0,0,4549,0,0,0,0,0,0,0,0,0,0,0,0,0,0,28330,0,0,0,0,17297,0,0,0,0,4549,0,0,0,0,0,0,0,0,0,0,0,0,0,0,3950,1610,27008,17608,8463,TCGA-GM-A2DF-DX1_xmin50637_ymin43774_MPP-0.2500+57
21924,0,0,0,0,0,0,0,0,0,0,0,0,0,0,0,0,0,0,0,0,0,0,0,28252,21924,0,0,0,0,0,0,0,0,0,0,0,0,0,0,0,0,0,0,0,0,0,0,0,28252,21924,0,0,0,0,0,0,0,0,0,0,0,0,0,0,0,0,0,0,0,0,0,0,0,28252,103,0,21790,31,137,TCGA-GM-A2DF-DX1_xmin50637_ymin43774_MPP-0.2500+58
26849,112,0,0,0,7850,13100,0,0,0,0,0,0,0,0,0,0,0,0,0,0,0,0,0,2265,26854,107,0,0,0,8101,12849,0,0,0,0,0,0,0,0,0,0,0,0,0,0,0,0,0,2265,26750,211,0,0,0,7585,13365,0,0,0,0,0,0,0,0,0,0,0,0,0,0,0,0,0,2265,2132,1202,30065,14512,10441,TCGA-GM-A2DF-DX1_xmin50637_ymin43774_MPP-0.2500+59
0,1090,3504,0,0,0,13579,12485,0,0,0,3472,14687,0,0,0,0,0,0,0,0,0,0,0,1359,0,1211,3383,0,0,0,13078,12986,0,0,0,3528,14631,0,0,0,0,0,0,0,0,0,0,0,1359,0,1257,3337,0,0,0,13045,13019,0,0,0,3509,14650,0,0,0,0,0,0,0,0,0,0,0,1359,8346,7177,17009,16285,19175,TCGA-GM-A2DF-DX1_xmin50637_ymin43774_MPP-0.2500+6
0,0,0,0,0,11296,28434,0,0,0,20,132,0,0,0,0,0,0,0,0,0,0,0,0,10294,0,0,0,0,0,11587,28143,0,0,0,20,132,0,0,0,0,0,0,0,0,0,0,0,0,10294,0,0,0,0,0,11578,28152,0,0,0,20,132,0,0,0,0,0,0,0,0,0,0,0,0,10294,4734,315,24346,10487,5403,TCGA-GM-A2DF-DX1_xmin50637_ymin43774_MPP-0.2500+60
0,0,0,0,0,0,12753,4278,0,0,0,6983,18978,0,0,0,0,0,0,0,0,0,0,0,7184,0,0,0,0,0,0,13100,3931,0,0,0,7793,18168,0,0,0,0,0,0,0,0,0,0,0,7184,0,0,0,0,0,0,12643,4388,0,0,0,7036,18925,0,0,0,0,0,0,0,0,0,0,0,7184,9788,2615,18675,11914,20300,TCGA-GM-A2DF-DX1_xmin50637_ymin43774_MPP-0.2500+61
1483,0,0,0,0,7293,14361,0,0,0,6539,17245,0,0,0,0,0,0,0,0,0,0,0,0,3255,1483,0,0,0,0,7647,14007,0,0,0,7409,16375,0,0,0,0,0,0,0,0,0,0,0,0,3255,1483,0,0,0,0,7348,14306,0,0,0,7827,15957,0,0,0,0,0,0,0,0,0,0,0,0,3255,4054,5031,12696,25140,14941,TCGA-GM-A2DF-DX1_xmin50637_ymin43774_MPP-0.2500+62
8520,644,0,0,0,4861,15494,4580,0,0,993,5751,9252,0,0,0,0,0,0,0,0,0,0,0,81,8585,579,0,0,0,5490,14998,4447,0,0,1014,5845,9137,0,0,0,0,0,0,0,0,0,0,0,81,8592,572,0,0,0,5425,15021,4489,0,0,1021,5945,9030,0,0,0,0,0,0,0,0,0,0,0,81,5997,2062,24431,17605,18306,TCGA-GM-A2DF-DX1_xmin50637_ymin43774_MPP-0.2500+63
0,0,0,0,0,0,5657,118,0,0,0,8989,35412,0,0,0,0,0,0,0,0,0,0,0,0,0,0,0,0,0,0,5657,118,0,0,0,9139,35262,0,0,0,0,0,0,0,0,0,0,0,0,0,0,0,0,0,0,5657,118,0,0,0,9193,35208,0,0,0,0,0,0,0,0,0,0,0,0,16605,41,23678,9852,19166,TCGA-GM-A2DF-DX1_xmin50637_ymin43774_MPP-0.2500+64
0,0,0,0,0,3520,18820,2498,0,0,1541,6557,9462,0,0,0,0,0,0,0,0,0,0,0,7778,0,0,0,0,0,3677,18692,2469,0,0,1550,6432,9578,0,0,0,0,0,0,0,0,0,0,0,7778,0,0,0,0,0,3674,18728,2436,0,0,1554,6373,9633,0,0,0,0,0,0,0,0,0,0,0,7778,5536,2114,14506,20242,13913,TCGA-GM-A2DF-DX1_xmin50637_ymin43774_MPP-0.2500+65
0,0,0,0,0,0,1469,1694,0,0,0,146,16224,0,0,0,0,0,0,0,0,0,0,0,30643,0,0,0,0,0,0,1677,1486,0,0,0,208,16162,0,0,0,0,0,0,0,0,0,0,0,30643,0,0,0,0,0,0,1912,1251,0,0,0,265,16105,0,0,0,0,0,0,0,0,0,0,0,30643,3656,1695,12833,1349,5190,TCGA-GM-A2DF-DX1_xmin50637_ymin43774_MPP-0.2500+66
0,0,0,0,0,0,12181,905,0,0,0,3511,18595,0,0,0,0,0,0,0,0,0,0,0,14984,0,0,0,0,0,0,12342,744,0,0,0,3727,18379,0,0,0,0,0,0,0,0,0,0,0,14984,0,0,0,0,0,0,12441,645,0,0,0,4377,17729,0,0,0,0,0,0,0,0,0,0,0,14984,7345,2371,23539,1937,7357,TCGA-GM-A2DF-DX1_xmin50637_ymin43774_MPP-0.2500+67
0,0,0,0,0,0,0,6523,0,0,0,0,43653,0,0,0,0,0,0,0,0,0,0,0,0,0,0,0,0,0,0,0,6523,0,0,0,0,43653,0,0,0,0,0,0,0,0,0,0,0,0,0,0,0,0,0,0,0,6523,0,0,0,0,43653,0,0,0,0,0,0,0,0,0,0,0,0,19386,2656,21653,6481,18319,TCGA-GM-A2DF-DX1_xmin50637_ymin43774_MPP-0.2500+68
0,0,0,0,0,1648,0,18790,0,0,0,0,27348,0,0,0,0,0,0,0,0,0,0,0,2390,0,0,0,0,0,1648,0,18790,0,0,0,0,27348,0,0,0,0,0,0,0,0,0,0,0,2390,0,0,0,0,0,1520,0,18918,0,0,0,0,27348,0,0,0,0,0,0,0,0,0,0,0,2390,10112,3938,26221,7515,15892,TCGA-GM-A2DF-DX1_xmin50637_ymin43774_MPP-0.2500+69
0,0,0,0,0,16,0,5694,0,0,0,0,42031,0,0,0,0,0,0,0,0,0,0,0,2435,0,0,0,0,0,16,0,5694,0,0,0,0,42031,0,0,0,0,0,0,0,0,0,0,0,2435,0,0,0,0,0,16,0,5694,0,0,0,0,42031,0,0,0,0,0,0,0,0,0,0,0,2435,18150,83,26049,3459,18566,TCGA-GM-A2DF-DX1_xmin50637_ymin43774_MPP-0.2500+7
0,426,0,0,0,0,38584,0,0,0,0,5285,0,0,0,0,0,0,0,0,0,0,0,0,5881,4,422,0,0,0,0,38584,0,0,0,0,5285,0,0,0,0,0,0,0,0,0,0,0,0,5881,0,426,0,0,0,0,38584,0,0,0,0,5285,0,0,0,0,0,0,0,0,0,0,0,0,5881,9147,570,28206,6372,11311,TCGA-GM-A2DF-DX1_xmin50637_ymin43774_MPP-0.2500+70
3777,0,0,0,0,28267,0,0,0,0,7090,0,0,0,0,0,0,0,0,0,0,0,0,0,11042,3777,0,0,0,0,28267,0,0,0,0,7090,0,0,0,0,0,0,0,0,0,0,0,0,0,11042,3777,0,0,0,0,28267,0,0,0,0,7090,0,0,0,0,0,0,0,0,0,0,0,0,0,11042,3832,2223,12867,20212,9696,TCGA-GM-A2DF-DX1_xmin50637_ymin43774_MPP-0.2500+71
48,0,361,0,0,4922,0,14250,0,0,22,0,28550,0,0,0,0,0,0,0,0,0,0,0,2023,48,0,361,0,0,4972,0,14200,0,0,36,0,28536,0,0,0,0,0,0,0,0,0,0,0,2023,63,0,346,0,0,4737,0,14435,0,0,0,0,28572,0,0,0,0,0,0,0,0,0,0,0,2023,9055,1837,20333,16928,15317,TCGA-GM-A2DF-DX1_xmin50637_ymin43774_MPP-0.2500+72
0,0,0,0,0,1232,0,15746,0,0,0,0,27698,0,0,0,0,0,0,0,0,0,0,0,5500,0,0,0,0,0,1264,0,15714,0,0,0,0,27698,0,0,0,0,0,0,0,0,0,0,0,5500,0,0,0,0,0,1232,0,15746,0,0,0,0,27698,0,0,0,0,0,0,0,0,0,0,0,5500,6270,2642,25391,10373,14837,TCGA-GM-A2DF-DX1_xmin50637_ymin43774_MPP-0.2500+73
0,0,0,0,0,4,0,8693,0,0,0,0,39767,0,0,0,0,0,0,0,0,0,0,0,1712,0,0,0,0,0,32,0,8665,0,0,0,0,39767,0,0,0,0,0,0,0,0,0,0,0,1712,0,0,0,0,0,0,0,8697,0,0,0,0,39767,0,0,0,0,0,0,0,0,0,0,0,1712,9897,246,34794,3527,12799,TCGA-GM-A2DF-DX1_xmin50637_ymin43774_MPP-0.2500+74
27375,670,0,0,0,5698,12386,0,0,0,0,1446,0,0,0,0,0,0,0,0,0,0,0,0,2601,27359,686,0,0,0,5718,12366,0,0,0,0,1446,0,0,0,0,0,0,0,0,0,0,0,0,2601,27342,703,0,0,0,5640,12444,0,0,0,0,1446,0,0,0,0,0,0,0,0,0,0,0,0,2601,2497,1390,36114,7574,6137,TCGA-GM-A2DF-DX1_xmin50637_ymin43774_MPP-0.2500+75
37872,1248,0,0,0,3074,6800,0,0,0,0,0,0,0,0,0,0,0,0,0,0,0,0,0,1182,38063,1057,0,0,0,2889,6985,0,0,0,0,0,0,0,0,0,0,0,0,0,0,0,0,0,1182,38027,1093,0,0,0,2926,6948,0,0,0,0,0,0,0,0,0,0,0,0,0,0,0,0,0,1182,1749,3834,39415,3996,5944,TCGA-GM-A2DF-DX1_xmin50637_ymin43774_MPP-0.2500+76
0,3122,0,0,0,0,3776,926,0,0,0,5180,34213,0,0,0,0,0,0,0,0,0,0,0,2959,0,3122,0,0,0,0,3751,951,0,0,0,5290,34103,0,0,0,0,0,0,0,0,0,0,0,2959,0,3122,0,0,0,0,3772,930,0,0,0,5575,33818,0,0,0,0,0,0,0,0,0,0,0,2959,17164,445,23558,6050,17301,TCGA-GM-A2DF-DX1_xmin50637_ymin43774_MPP-0.2500+77
0,0,0,0,0,0,5623,2007,0,0,0,24,12861,0,0,0,0,0,0,0,0,0,0,0,29661,0,0,0,0,0,0,5789,1841,0,0,0,24,12861,0,0,0,0,0,0,0,0,0,0,0,29661,0,0,0,0,0,0,6057,1573,0,0,0,25,12860,0,0,0,0,0,0,0,0,0,0,0,29661,3048,1290,13515,2662,4720,TCGA-GM-A2DF-DX1_xmin50637_ymin43774_MPP-0.2500+78
0,0,0,0,0,0,9845,0,0,0,0,0,0,0,0,0,0,0,0,0,0,0,0,0,40331,0,0,0,0,0,0,9845,0,0,0,0,0,0,0,0,0,0,0,0,0,0,0,0,0,40331,0,0,0,0,0,0,9845,0,0,0,0,0,0,0,0,0,0,0,0,0,0,0,0,0,40331,91,0,9754,0,683,TCGA-GM-A2DF-DX1_xmin50637_ymin43774_MPP-0.2500+79
0,0,0,0,0,0,0,568,0,0,0,0,49608,0,0,0,0,0,0,0,0,0,0,0,0,0,0,0,0,0,0,0,568,0,0,0,0,49608,0,0,0,0,0,0,0,0,0,0,0,0,0,0,0,0,0,0,0,568,0,0,0,0,49608,0,0,0,0,0,0,0,0,0,0,0,0,12840,99,37049,188,13955,TCGA-GM-A2DF-DX1_xmin50637_ymin43774_MPP-0.2500+8
0,0,0,0,0,0,32780,0,0,0,0,0,0,0,0,0,0,0,0,0,0,0,0,0,17396,0,0,0,0,0,0,32780,0,0,0,0,0,0,0,0,0,0,0,0,0,0,0,0,0,17396,0,0,0,0,0,0,32780,0,0,0,0,0,0,0,0,0,0,0,0,0,0,0,0,0,17396,855,0,31925,0,4232,TCGA-GM-A2DF-DX1_xmin50637_ymin43774_MPP-0.2500+80
0,0,0,0,0,0,8734,2,0,0,0,9856,25287,0,0,0,0,0,0,0,0,0,0,0,6297,0,0,0,0,0,0,8736,0,0,0,0,10094,25049,0,0,0,0,0,0,0,0,0,0,0,6297,0,0,0,0,0,0,8736,0,0,0,0,10019,25124,0,0,0,0,0,0,0,0,0,0,0,6297,11121,1469,24906,6383,10395,TCGA-GM-A2DF-DX1_xmin50637_ymin43774_MPP-0.2500+81
0,0,0,0,0,0,0,852,0,0,0,0,34922,0,0,0,0,0,0,0,0,0,0,0,14402,0,0,0,0,0,0,0,852,0,0,0,0,34922,0,0,0,0,0,0,0,0,0,0,0,14402,0,0,0,0,0,0,0,852,0,0,0,0,34922,0,0,0,0,0,0,0,0,0,0,0,14402,8556,363,26366,489,9073,TCGA-GM-A2DF-DX1_xmin50637_ymin43774_MPP-0.2500+82
0,0,0,0,0,172,0,13360,0,0,353,0,34432,0,0,0,0,0,0,0,0,0,0,0,1859,0,0,0,0,0,172,0,13360,0,0,353,0,34432,0,0,0,0,0,0,0,0,0,0,0,1859,0,0,0,0,0,172,0,13360,0,0,353,0,34432,0,0,0,0,0,0,0,0,0,0,0,1859,7239,3293,29985,7800,13170,TCGA-GM-A2DF-DX1_xmin50637_ymin43774_MPP-0.2500+83
0,0,0,0,0,0,0,629,0,0,0,0,34795,0,0,0,0,0,0,0,0,0,0,0,14752,0,0,0,0,0,0,0,629,0,0,0,0,34795,0,0,0,0,0,0,0,0,0,0,0,14752,0,0,0,0,0,0,0,629,0,0,0,0,34795,0,0,0,0,0,0,0,0,0,0,0,14752,13016,6,19792,2610,11662,TCGA-GM-A2DF-DX1_xmin50637_ymin43774_MPP-0.2500+84
0,0,0,0,0,0,0,0,0,0,80,0,36824,0,0,0,0,0,0,0,0,0,0,0,13272,0,0,0,0,0,0,0,0,0,0,80,0,36824,0,0,0,0,0,0,0,0,0,0,0,13272,0,0,0,0,0,0,0,0,0,0,80,0,36824,0,0,0,0,0,0,0,0,0,0,0,13272,6256,0,28804,1844,6750,TCGA-GM-A2DF-DX1_xmin50637_ymin43774_MPP-0.2500+85
0,0,0,0,0,0,0,0,0,0,0,0,46894,0,0,0,0,0,0,0,0,0,0,0,3282,0,0,0,0,0,0,0,0,0,0,0,0,46894,0,0,0,0,0,0,0,0,0,0,0,3282,0,0,0,0,0,0,0,0,0,0,0,0,46894,0,0,0,0,0,0,0,0,0,0,0,3282,10877,0,35895,122,13155,TCGA-GM-A2DF-DX1_xmin50637_ymin43774_MPP-0.2500+86
0,0,0,0,0,0,0,5658,0,0,0,0,37109,0,0,0,0,0,0,0,0,0,0,0,7409,0,0,0,0,0,0,0,5658,0,0,0,0,37109,0,0,0,0,0,0,0,0,0,0,0,7409,0,0,0,0,0,0,0,5658,0,0,0,0,37109,0,0,0,0,0,0,0,0,0,0,0,7409,8188,1166,28841,4572,10682,TCGA-GM-A2DF-DX1_xmin50637_ymin43774_MPP-0.2500+87
21796,522,0,0,0,4932,18251,0,0,0,0,1022,0,0,0,0,0,0,0,0,0,0,0,0,3653,21809,509,0,0,0,4442,18741,0,0,0,0,1022,0,0,0,0,0,0,0,0,0,0,0,0,3653,21733,585,0,0,0,4465,18718,0,0,0,0,1022,0,0,0,0,0,0,0,0,0,0,0,0,3653,4815,3737,25789,12182,10158,TCGA-GM-A2DF-DX1_xmin50637_ymin43774_MPP-0.2500+88
31791,715,0,0,0,4978,5126,300,0,0,0,549,5346,0,0,0,0,0,0,0,0,0,0,0,1371,31739,767,0,0,0,4815,5365,224,0,0,0,616,5279,0,0,0,0,0,0,0,0,0,0,0,1371,31685,821,0,0,0,4668,5520,216,0,0,0,690,5205,0,0,0,0,0,0,0,0,0,0,0,1371,2454,3535,36815,6001,8639,TCGA-GM-A2DF-DX1_xmin50637_ymin43774_MPP-0.2500+89
0,0,0,0,0,544,0,22263,0,0,336,0,22870,0,0,0,0,0,0,0,0,0,0,0,4163,0,0,0,0,0,608,0,22199,0,0,464,0,22742,0,0,0,0,0,0,0,0,0,0,0,4163,0,0,0,0,0,480,0,22327,0,0,336,0,22870,0,0,0,0,0,0,0,0,0,0,0,4163,6360,4469,13270,21914,15388,TCGA-GM-A2DF-DX1_xmin50637_ymin43774_MPP-0.2500+9
0,7432,0,0,0,0,10055,3323,0,0,0,2836,17764,0,0,0,0,0,0,0,0,0,0,0,8766,96,7336,0,0,0,0,10243,3135,0,0,0,3467,17133,0,0,0,0,0,0,0,0,0,0,0,8766,96,7336,0,0,0,0,10344,3034,0,0,0,4098,16502,0,0,0,0,0,0,0,0,0,0,0,8766,7892,2406,24612,6500,12691,TCGA-GM-A2DF-DX1_xmin50637_ymin43774_MPP-0.2500+90
0,0,0,0,0,0,18452,0,0,0,0,0,0,0,0,0,0,0,0,0,0,0,0,0,31724,0,0,0,0,0,0,18452,0,0,0,0,0,0,0,0,0,0,0,0,0,0,0,0,0,31724,0,0,0,0,0,0,18452,0,0,0,0,0,0,0,0,0,0,0,0,0,0,0,0,0,31724,44,0,18408,0,285,TCGA-GM-A2DF-DX1_xmin50637_ymin43774_MPP-0.2500+91
0,0,0,0,0,0,31481,0,0,0,0,0,0,0,0,0,0,0,0,0,0,0,0,0,18695,0,0,0,0,0,0,31481,0,0,0,0,0,0,0,0,0,0,0,0,0,0,0,0,0,18695,0,0,0,0,0,1,31480,0,0,0,0,0,0,0,0,0,0,0,0,0,0,0,0,0,18695,123,0,31358,0,5822,TCGA-GM-A2DF-DX1_xmin50637_ymin43774_MPP-0.2500+92
0,0,0,0,0,0,49973,0,0,0,0,0,0,0,0,0,0,0,0,0,0,0,0,0,203,0,0,0,0,0,0,49973,0,0,0,0,0,0,0,0,0,0,0,0,0,0,0,0,0,203,0,0,0,0,0,0,49973,0,0,0,0,0,0,0,0,0,0,0,0,0,0,0,0,0,203,2439,0,47534,0,1871,TCGA-GM-A2DF-DX1_xmin50637_ymin43774_MPP-0.2500+93
0,0,0,0,0,0,50176,0,0,0,0,0,0,0,0,0,0,0,0,0,0,0,0,0,0,0,0,0,0,0,0,50176,0,0,0,0,0,0,0,0,0,0,0,0,0,0,0,0,0,0,0,0,0,0,0,0,50176,0,0,0,0,0,0,0,0,0,0,0,0,0,0,0,0,0,0,1952,0,47972,252,2660,TCGA-GM-A2DF-DX1_xmin50637_ymin43774_MPP-0.2500+94
0,0,0,0,0,0,0,2994,0,0,0,0,37407,0,0,0,0,0,0,0,0,0,0,0,9775,0,0,0,0,0,0,0,2994,0,0,0,0,37407,0,0,0,0,0,0,0,0,0,0,0,9775,0,0,0,0,0,0,0,2994,0,0,0,0,37407,0,0,0,0,0,0,0,0,0,0,0,9775,8615,930,28524,2332,10630,TCGA-GM-A2DF-DX1_xmin50637_ymin43774_MPP-0.2500+95
0,0,0,0,0,0,10227,4169,0,0,0,5753,18598,0,0,0,0,0,0,0,0,0,0,0,11429,0,0,0,0,0,0,10365,4031,0,0,0,5986,18365,0,0,0,0,0,0,0,0,0,0,0,11429,0,0,0,0,0,0,10480,3916,0,0,0,6535,17816,0,0,0,0,0,0,0,0,0,0,0,11429,6645,3377,23055,5670,7675,TCGA-GM-A2DF-DX1_xmin50637_ymin43774_MPP-0.2500+96
0,0,0,0,0,0,4679,1994,0,0,0,2692,23659,0,0,0,0,0,0,0,0,0,0,0,17152,0,0,0,0,0,0,4703,1970,0,0,0,2524,23827,0,0,0,0,0,0,0,0,0,0,0,17152,0,0,0,0,0,0,4715,1958,0,0,0,2660,23691,0,0,0,0,0,0,0,0,0,0,0,17152,6457,1054,22043,3470,8551,TCGA-GM-A2DF-DX1_xmin50637_ymin43774_MPP-0.2500+97
0,0,0,0,0,0,0,2730,0,0,0,0,31727,0,0,0,0,0,0,0,0,0,0,0,15719,0,0,0,0,0,0,0,2730,0,0,0,0,31727,0,0,0,0,0,0,0,0,0,0,0,15719,0,0,0,0,0,0,0,2730,0,0,0,0,31727,0,0,0,0,0,0,0,0,0,0,0,15719,10434,891,19616,3516,11231,TCGA-GM-A2DF-DX1_xmin50637_ymin43774_MPP-0.2500+98
0,0,0,0,0,0,8033,2983,0,0,0,3317,25764,0,0,0,0,0,0,0,0,0,0,0,10079,0,0,0,0,0,0,8209,2807,0,0,0,3516,25565,0,0,0,0,0,0,0,0,0,0,0,10079,0,0,0,0,0,0,8372,2644,0,0,0,4029,25052,0,0,0,0,0,0,0,0,0,0,0,10079,7988,4129,23460,4520,10309,TCGA-GM-A2DF-DX1_xmin50637_ymin43774_MPP-0.2500+99
39381,0,0,0,0,0,0,0,0,0,0,0,0,0,0,10795,0,0,0,0,0,0,0,0,0,39381,0,0,0,0,0,0,0,0,0,0,0,0,0,0,10795,0,0,0,0,0,0,0,0,0,39381,0,0,0,0,0,0,0,0,0,0,0,0,0,0,10795,0,0,0,0,0,0,0,0,0,2909,971,31053,15243,9164,TCGA-GM-A2DH-DX1_xmin50963_ymin56303_MPP-0.2500+0
50176,0,0,0,0,0,0,0,0,0,0,0,0,0,0,0,0,0,0,0,0,0,0,0,0,50176,0,0,0,0,0,0,0,0,0,0,0,0,0,0,0,0,0,0,0,0,0,0,0,0,50176,0,0,0,0,0,0,0,0,0,0,0,0,0,0,0,0,0,0,0,0,0,0,0,0,4782,102,43723,1569,6875,TCGA-GM-A2DH-DX1_xmin50963_ymin56303_MPP-0.2500+1
38714,0,0,0,0,1696,0,0,0,0,0,0,0,0,0,9766,0,0,0,0,0,0,0,0,0,38714,0,0,0,0,1696,0,0,0,0,0,0,0,0,0,9766,0,0,0,0,0,0,0,0,0,38714,0,0,0,0,1696,0,0,0,0,0,0,0,0,0,9766,0,0,0,0,0,0,0,0,0,374,186,38340,11276,6096,TCGA-GM-A2DH-DX1_xmin50963_ymin56303_MPP-0.2500+10
34559,0,0,0,0,0,0,0,0,0,0,0,0,0,0,14945,0,0,0,0,0,0,0,0,672,34559,0,0,0,0,0,0,0,0,0,0,0,0,0,0,14945,0,0,0,0,0,0,0,0,672,34559,0,0,0,0,0,0,0,0,0,0,0,0,0,0,14945,0,0,0,0,0,0,0,0,672,2518,0,32384,14602,6904,TCGA-GM-A2DH-DX1_xmin50963_ymin56303_MPP-0.2500+100
15885,1769,0,0,0,167,19982,0,0,0,0,0,0,0,0,0,0,0,0,0,0,0,0,0,12373,16120,1534,0,0,0,233,19916,0,0,0,0,0,0,0,0,0,0,0,0,0,0,0,0,0,12373,16112,1542,0,0,0,316,19833,0,0,0,0,0,0,0,0,0,0,0,0,0,0,0,0,0,12373,3095,1619,32326,763,3020,TCGA-GM-A2DH-DX1_xmin50963_ymin56303_MPP-0.2500+101
0,0,0,0,0,0,44816,0,0,0,0,0,0,0,0,0,0,0,0,0,0,0,0,0,5360,0,0,0,0,0,0,44816,0,0,0,0,0,0,0,0,0,0,0,0,0,0,0,0,0,5360,0,0,0,0,0,0,44816,0,0,0,0,0,0,0,0,0,0,0,0,0,0,0,0,0,5360,2102,0,42714,0,2450,TCGA-GM-A2DH-DX1_xmin50963_ymin56303_MPP-0.2500+102
0,0,0,0,0,0,27809,4561,0,0,0,6661,7447,0,0,0,1825,0,0,0,0,0,0,0,1873,0,0,0,0,0,0,28272,4098,0,0,0,7298,6810,0,0,0,1825,0,0,0,0,0,0,0,1873,0,0,0,0,0,0,28168,4202,0,0,0,7237,6871,0,0,0,1825,0,0,0,0,0,0,0,1873,6331,1643,27958,12371,10628,TCGA-GM-A2DH-DX1_xmin50963_ymin56303_MPP-0.2500+103
0,0,0,0,0,4,27491,5964,0,0,0,4760,8348,0,0,0,3609,0,0,0,0,0,0,0,0,0,0,0,0,0,1,27866,5592,0,0,0,5394,7714,0,0,0,3609,0,0,0,0,0,0,0,0,0,0,0,0,0,1,27418,6040,0,0,0,5255,7853,0,0,0,3609,0,0,0,0,0,0,0,0,5606,2095,27181,15294,11100,TCGA-GM-A2DH-DX1_xmin50963_ymin56303_MPP-0.2500+104
3753,0,0,0,0,6036,39440,0,0,0,0,0,0,0,0,0,947,0,0,0,0,0,0,0,0,3753,0,0,0,0,5700,39776,0,0,0,0,0,0,0,0,0,947,0,0,0,0,0,0,0,0,3753,0,0,0,0,6055,39421,0,0,0,0,0,0,0,0,0,947,0,0,0,0,0,0,0,0,6832,497,34768,8079,12089,TCGA-GM-A2DH-DX1_xmin50963_ymin56303_MPP-0.2500+105
47711,0,0,0,0,0,0,0,0,0,0,0,0,0,0,2465,0,0,0,0,0,0,0,0,0,47711,0,0,0,0,0,0,0,0,0,0,0,0,0,0,2465,0,0,0,0,0,0,0,0,0,47711,0,0,0,0,0,0,0,0,0,0,0,0,0,0,2465,0,0,0,0,0,0,0,0,0,3911,0,43648,2617,5891,TCGA-GM-A2DH-DX1_xmin50963_ymin56303_MPP-0.2500+106
39547,0,0,0,0,0,0,0,0,0,0,0,0,0,0,10629,0,0,0,0,0,0,0,0,0,39547,0,0,0,0,0,0,0,0,0,0,0,0,0,0,10629,0,0,0,0,0,0,0,0,0,39547,0,0,0,0,0,0,0,0,0,0,0,0,0,0,10629,0,0,0,0,0,0,0,0,0,3170,188,36465,10353,10435,TCGA-GM-A2DH-DX1_xmin50963_ymin56303_MPP-0.2500+107
31547,0,0,0,0,0,0,0,0,0,0,0,0,0,0,18629,0,0,0,0,0,0,0,0,0,31547,0,0,0,0,0,0,0,0,0,0,0,0,0,0,18629,0,0,0,0,0,0,0,0,0,31547,0,0,0,0,0,0,0,0,0,0,0,0,0,0,18629,0,0,0,0,0,0,0,0,0,1534,397,32475,15770,5784,TCGA-GM-A2DH-DX1_xmin50963_ymin56303_MPP-0.2500+108
44175,0,0,0,0,0,0,0,0,0,0,0,0,0,0,6001,0,0,0,0,0,0,0,0,0,44175,0,0,0,0,0,0,0,0,0,0,0,0,0,0,6001,0,0,0,0,0,0,0,0,0,44175,0,0,0,0,0,0,0,0,0,0,0,0,0,0,6001,0,0,0,0,0,0,0,0,0,2978,6,40269,6923,4493,TCGA-GM-A2DH-DX1_xmin50963_ymin56303_MPP-0.2500+109
10075,279,0,0,0,6546,30550,0,0,0,0,0,0,0,0,2363,363,0,0,0,0,0,0,0,0,10061,293,0,0,0,6342,30754,0,0,0,0,0,0,0,0,2284,442,0,0,0,0,0,0,0,0,10042,312,0,0,0,6438,30658,0,0,0,0,0,0,0,0,2272,454,0,0,0,0,0,0,0,0,6293,3911,24354,15618,10301,TCGA-GM-A2DH-DX1_xmin50963_ymin56303_MPP-0.2500+11
37242,953,0,0,0,478,11059,0,0,0,0,0,0,0,0,0,0,0,0,0,0,0,0,0,444,37274,921,0,0,0,475,11062,0,0,0,0,0,0,0,0,0,0,0,0,0,0,0,0,0,444,37322,873,0,0,0,479,11058,0,0,0,0,0,0,0,0,0,0,0,0,0,0,0,0,0,444,1803,509,46158,1262,4142,TCGA-GM-A2DH-DX1_xmin50963_ymin56303_MPP-0.2500+110
0,0,0,0,0,0,50103,0,0,0,0,73,0,0,0,0,0,0,0,0,0,0,0,0,0,0,0,0,0,0,0,50103,0,0,0,0,73,0,0,0,0,0,0,0,0,0,0,0,0,0,0,0,0,0,0,0,50103,0,0,0,0,73,0,0,0,0,0,0,0,0,0,0,0,0,0,4130,0,45973,73,4037,TCGA-GM-A2DH-DX1_xmin50963_ymin56303_MPP-0.2500+111
0,0,0,0,0,0,26017,8498,0,0,0,2210,11530,0,0,0,1063,858,0,0,0,0,0,0,0,0,0,0,0,0,0,26515,8000,0,0,0,2518,11222,0,0,0,1090,831,0,0,0,0,0,0,0,0,0,0,0,0,0,26634,7881,0,0,0,3195,10545,0,0,0,1095,826,0,0,0,0,0,0,0,5593,3150,31780,9653,11193,TCGA-GM-A2DH-DX1_xmin50963_ymin56303_MPP-0.2500+112
0,0,0,0,0,0,30583,9747,0,0,0,1985,5102,0,0,0,2398,361,0,0,0,0,0,0,0,0,0,0,0,0,0,31098,9232,0,0,0,2133,4954,0,0,0,2465,294,0,0,0,0,0,0,0,0,0,0,0,0,0,31562,8768,0,0,0,2204,4883,0,0,0,2473,286,0,0,0,0,0,0,0,7490,2314,30696,9676,9893,TCGA-GM-A2DH-DX1_xmin50963_ymin56303_MPP-0.2500+113
0,0,0,0,0,0,22823,7167,0,0,0,6952,13234,0,0,0,0,0,0,0,0,0,0,0,0,0,0,0,0,0,0,23825,6165,0,0,0,8008,12178,0,0,0,0,0,0,0,0,0,0,0,0,0,0,0,0,0,0,23465,6525,0,0,0,7635,12551,0,0,0,0,0,0,0,0,0,0,0,0,8241,2571,28930,10434,13566,TCGA-GM-A2DH-DX1_xmin50963_ymin56303_MPP-0.2500+114
50176,0,0,0,0,0,0,0,0,0,0,0,0,0,0,0,0,0,0,0,0,0,0,0,0,50176,0,0,0,0,0,0,0,0,0,0,0,0,0,0,0,0,0,0,0,0,0,0,0,0,50176,0,0,0,0,0,0,0,0,0,0,0,0,0,0,0,0,0,0,0,0,0,0,0,0,761,0,49415,0,1017,TCGA-GM-A2DH-DX1_xmin50963_ymin56303_MPP-0.2500+115
31422,0,0,3397,0,0,0,0,0,0,0,0,0,0,0,4008,0,0,11349,0,0,0,0,0,0,30788,0,0,4031,0,0,0,0,0,0,0,0,0,0,0,3904,0,0,11453,0,0,0,0,0,0,30265,0,0,4554,0,0,0,0,0,0,0,0,0,0,0,3468,0,0,11889,0,0,0,0,0,0,4947,533,29420,15276,13396,TCGA-GM-A2DH-DX1_xmin50963_ymin56303_MPP-0.2500+116
24107,0,0,53,0,0,0,0,0,0,0,0,0,0,0,6148,0,0,19466,0,0,0,0,0,402,24120,0,0,40,0,0,0,0,0,0,0,0,0,0,0,6504,0,0,19110,0,0,0,0,0,402,24123,0,0,37,0,0,0,0,0,0,0,0,0,0,0,6412,0,0,19202,0,0,0,0,0,402,11742,20,29725,8287,15373,TCGA-GM-A2DH-DX1_xmin50963_ymin56303_MPP-0.2500+117
49956,0,0,0,0,0,0,0,0,0,0,0,0,0,0,220,0,0,0,0,0,0,0,0,0,49956,0,0,0,0,0,0,0,0,0,0,0,0,0,0,220,0,0,0,0,0,0,0,0,0,49956,0,0,0,0,0,0,0,0,0,0,0,0,0,0,220,0,0,0,0,0,0,0,0,0,972,0,48984,220,512,TCGA-GM-A2DH-DX1_xmin50963_ymin56303_MPP-0.2500+118
47142,0,0,0,0,1000,0,0,0,0,0,0,0,0,0,0,0,0,0,0,0,0,0,0,2034,47142,0,0,0,0,1000,0,0,0,0,0,0,0,0,0,0,0,0,0,0,0,0,0,0,2034,47142,0,0,0,0,1000,0,0,0,0,0,0,0,0,0,0,0,0,0,0,0,0,0,0,2034,2553,84,44711,794,3645,TCGA-GM-A2DH-DX1_xmin50963_ymin56303_MPP-0.2500+119
3205,706,0,0,0,4167,42098,0,0,0,0,0,0,0,0,0,0,0,0,0,0,0,0,0,0,3200,711,0,0,0,4463,41802,0,0,0,0,0,0,0,0,0,0,0,0,0,0,0,0,0,0,3222,689,0,0,0,4517,41748,0,0,0,0,0,0,0,0,0,0,0,0,0,0,0,0,0,0,10436,1190,29831,8719,13368,TCGA-GM-A2DH-DX1_xmin50963_ymin56303_MPP-0.2500+12
4974,0,0,0,0,2363,32224,0,0,0,196,9915,0,0,0,0,0,0,0,0,0,0,0,0,504,4974,0,0,0,0,2358,32229,0,0,0,218,9893,0,0,0,0,0,0,0,0,0,0,0,0,504,4974,0,0,0,0,2432,32155,0,0,0,380,9731,0,0,0,0,0,0,0,0,0,0,0,0,504,3509,2136,35672,8355,6844,TCGA-GM-A2DH-DX1_xmin50963_ymin56303_MPP-0.2500+120
0,0,0,0,0,0,31926,0,0,0,0,18250,0,0,0,0,0,0,0,0,0,0,0,0,0,0,0,0,0,0,0,31926,0,0,0,0,18250,0,0,0,0,0,0,0,0,0,0,0,0,0,0,0,0,0,0,0,31926,0,0,0,0,18250,0,0,0,0,0,0,0,0,0,0,0,0,0,2239,1952,31803,14182,4520,TCGA-GM-A2DH-DX1_xmin50963_ymin56303_MPP-0.2500+121
0,0,0,0,0,0,35010,3115,0,0,0,2007,10044,0,0,0,0,0,0,0,0,0,0,0,0,0,0,0,0,0,0,35109,3016,0,0,0,2085,9966,0,0,0,0,0,0,0,0,0,0,0,0,0,0,0,0,0,0,34835,3290,0,0,0,2038,10013,0,0,0,0,0,0,0,0,0,0,0,0,6741,794,38658,3983,8886,TCGA-GM-A2DH-DX1_xmin50963_ymin56303_MPP-0.2500+122
47442,0,0,0,0,8,0,0,0,0,0,0,0,0,0,0,0,0,0,0,0,0,0,0,2726,47442,0,0,0,0,8,0,0,0,0,0,0,0,0,0,0,0,0,0,0,0,0,0,0,2726,47442,0,0,0,0,8,0,0,0,0,0,0,0,0,0,0,0,0,0,0,0,0,0,0,2726,1375,140,43458,2477,1361,TCGA-GM-A2DH-DX1_xmin50963_ymin56303_MPP-0.2500+123
47618,0,0,0,0,0,0,0,0,0,0,0,0,0,0,2558,0,0,0,0,0,0,0,0,0,47618,0,0,0,0,0,0,0,0,0,0,0,0,0,0,2558,0,0,0,0,0,0,0,0,0,47618,0,0,0,0,0,0,0,0,0,0,0,0,0,0,2558,0,0,0,0,0,0,0,0,0,655,0,46963,2558,1542,TCGA-GM-A2DH-DX1_xmin50963_ymin56303_MPP-0.2500+124
31086,0,0,0,0,0,0,0,0,0,0,0,0,0,0,19090,0,0,0,0,0,0,0,0,0,31086,0,0,0,0,0,0,0,0,0,0,0,0,0,0,19090,0,0,0,0,0,0,0,0,0,31086,0,0,0,0,0,0,0,0,0,0,0,0,0,0,19090,0,0,0,0,0,0,0,0,0,2512,3,29883,17778,9164,TCGA-GM-A2DH-DX1_xmin50963_ymin56303_MPP-0.2500+125
8766,281,0,0,0,6667,23082,0,0,0,0,2101,0,0,0,1557,7722,0,0,0,0,0,0,0,0,8754,293,0,0,0,6820,22929,0,0,0,0,2101,0,0,0,1456,7823,0,0,0,0,0,0,0,0,8762,285,0,0,0,7078,22671,0,0,0,0,2101,0,0,0,1432,7847,0,0,0,0,0,0,0,0,7123,1723,24818,16512,13499,TCGA-GM-A2DH-DX1_xmin50963_ymin56303_MPP-0.2500+126
0,0,0,0,0,8435,13776,4130,0,0,1543,5145,16208,0,0,443,496,0,0,0,0,0,0,0,0,0,0,0,0,0,8279,14748,3314,0,0,1571,5810,15515,0,0,308,631,0,0,0,0,0,0,0,0,0,0,0,0,0,8309,14575,3457,0,0,1668,5640,15588,0,0,294,645,0,0,0,0,0,0,0,0,5368,4083,22481,18244,13110,TCGA-GM-A2DH-DX1_xmin50963_ymin56303_MPP-0.2500+127
0,0,0,0,0,0,7114,370,0,0,0,12430,30262,0,0,0,0,0,0,0,0,0,0,0,0,0,0,0,0,0,0,7119,365,0,0,0,13379,29313,0,0,0,0,0,0,0,0,0,0,0,0,0,0,0,0,0,0,7119,365,0,0,0,13667,29025,0,0,0,0,0,0,0,0,0,0,0,0,13354,690,26747,9385,14593,TCGA-GM-A2DH-DX1_xmin50963_ymin56303_MPP-0.2500+128
37073,5608,0,0,0,784,3991,0,0,0,0,0,0,0,0,542,2178,0,0,0,0,0,0,0,0,37042,5639,0,0,0,792,3983,0,0,0,0,0,0,0,0,525,2195,0,0,0,0,0,0,0,0,36914,5767,0,0,0,793,3982,0,0,0,0,0,0,0,0,467,2253,0,0,0,0,0,0,0,0,2759,1473,39624,6320,4938,TCGA-GM-A2DH-DX1_xmin50963_ymin56303_MPP-0.2500+129
10576,115,0,0,0,9602,12568,0,0,0,0,0,0,0,0,0,0,0,0,0,0,0,0,0,17315,10577,114,0,0,0,9859,12311,0,0,0,0,0,0,0,0,0,0,0,0,0,0,0,0,0,17315,10558,133,0,0,0,9762,12408,0,0,0,0,0,0,0,0,0,0,0,0,0,0,0,0,0,17315,1530,2060,16337,12934,3836,TCGA-GM-A2DH-DX1_xmin50963_ymin56303_MPP-0.2500+13
12361,411,0,0,0,4845,30854,0,0,0,0,1705,0,0,0,0,0,0,0,0,0,0,0,0,0,12314,458,0,0,0,4016,31683,0,0,0,0,1705,0,0,0,0,0,0,0,0,0,0,0,0,0,12284,488,0,0,0,3846,31853,0,0,0,0,1705,0,0,0,0,0,0,0,0,0,0,0,0,0,7399,2969,33951,5857,9755,TCGA-GM-A2DH-DX1_xmin50963_ymin56303_MPP-0.2500+130
11652,236,0,0,0,3261,10990,0,0,0,634,10641,0,0,0,5939,6823,0,0,0,0,0,0,0,0,11434,454,0,0,0,3294,10957,0,0,0,765,10510,0,0,0,5697,7065,0,0,0,0,0,0,0,0,11302,586,0,0,0,3064,11187,0,0,0,722,10553,0,0,0,4473,8289,0,0,0,0,0,0,0,0,5777,3031,18386,22982,15732,TCGA-GM-A2DH-DX1_xmin50963_ymin56303_MPP-0.2500+131
0,0,0,0,0,0,10911,5317,0,0,0,14252,19484,0,0,0,212,0,0,0,0,0,0,0,0,0,0,0,0,0,0,11293,4935,0,0,0,15622,18114,0,0,0,212,0,0,0,0,0,0,0,0,0,0,0,0,0,0,11082,5146,0,0,0,15751,17985,0,0,0,212,0,0,0,0,0,0,0,0,8152,2871,19949,19204,14756,TCGA-GM-A2DH-DX1_xmin50963_ymin56303_MPP-0.2500+132
17426,0,0,0,0,6187,0,0,0,0,0,0,0,0,0,0,0,0,0,0,0,0,0,0,26563,17426,0,0,0,0,6187,0,0,0,0,0,0,0,0,0,0,0,0,0,0,0,0,0,0,26563,17426,0,0,0,0,6187,0,0,0,0,0,0,0,0,0,0,0,0,0,0,0,0,0,0,26563,2528,364,16934,3787,3431,TCGA-GM-A2DH-DX1_xmin50963_ymin56303_MPP-0.2500+14
44231,0,0,0,0,1808,0,0,0,0,0,0,0,0,0,4137,0,0,0,0,0,0,0,0,0,44231,0,0,0,0,1808,0,0,0,0,0,0,0,0,0,4137,0,0,0,0,0,0,0,0,0,44231,0,0,0,0,1808,0,0,0,0,0,0,0,0,0,4137,0,0,0,0,0,0,0,0,0,1634,902,41945,5695,3679,TCGA-GM-A2DH-DX1_xmin50963_ymin56303_MPP-0.2500+15
29405,0,0,0,0,0,0,0,0,0,0,0,0,0,0,20771,0,0,0,0,0,0,0,0,0,29405,0,0,0,0,0,0,0,0,0,0,0,0,0,0,20771,0,0,0,0,0,0,0,0,0,29405,0,0,0,0,0,0,0,0,0,0,0,0,0,0,20771,0,0,0,0,0,0,0,0,0,2941,654,28081,18500,8775,TCGA-GM-A2DH-DX1_xmin50963_ymin56303_MPP-0.2500+16
37934,0,0,0,0,0,0,0,0,0,0,0,0,0,0,12242,0,0,0,0,0,0,0,0,0,37934,0,0,0,0,0,0,0,0,0,0,0,0,0,0,12242,0,0,0,0,0,0,0,0,0,37934,0,0,0,0,0,0,0,0,0,0,0,0,0,0,12242,0,0,0,0,0,0,0,0,0,2866,67,34396,12847,6932,TCGA-GM-A2DH-DX1_xmin50963_ymin56303_MPP-0.2500+17
49715,0,0,0,0,0,0,0,0,0,0,0,0,0,0,461,0,0,0,0,0,0,0,0,0,49715,0,0,0,0,0,0,0,0,0,0,0,0,0,0,461,0,0,0,0,0,0,0,0,0,49715,0,0,0,0,0,0,0,0,0,0,0,0,0,0,461,0,0,0,0,0,0,0,0,0,1522,0,48193,461,2906,TCGA-GM-A2DH-DX1_xmin50963_ymin56303_MPP-0.2500+18
31293,0,0,0,0,11332,0,0,0,0,0,0,0,0,0,7551,0,0,0,0,0,0,0,0,0,31293,0,0,0,0,11332,0,0,0,0,0,0,0,0,0,7551,0,0,0,0,0,0,0,0,0,31293,0,0,0,0,11332,0,0,0,0,0,0,0,0,0,7551,0,0,0,0,0,0,0,0,0,1654,2560,32943,13019,6220,TCGA-GM-A2DH-DX1_xmin50963_ymin56303_MPP-0.2500+19
48328,0,0,0,0,0,0,0,0,0,0,0,0,0,0,1848,0,0,0,0,0,0,0,0,0,48328,0,0,0,0,0,0,0,0,0,0,0,0,0,0,1848,0,0,0,0,0,0,0,0,0,48328,0,0,0,0,0,0,0,0,0,0,0,0,0,0,1848,0,0,0,0,0,0,0,0,0,2260,0,45720,2196,2713,TCGA-GM-A2DH-DX1_xmin50963_ymin56303_MPP-0.2500+2
13289,829,0,0,0,12718,23340,0,0,0,0,0,0,0,0,0,0,0,0,0,0,0,0,0,0,13396,722,0,0,0,12412,23646,0,0,0,0,0,0,0,0,0,0,0,0,0,0,0,0,0,0,13539,579,0,0,0,12508,23550,0,0,0,0,0,0,0,0,0,0,0,0,0,0,0,0,0,0,4861,2488,29422,13405,6368,TCGA-GM-A2DH-DX1_xmin50963_ymin56303_MPP-0.2500+20
36895,0,0,0,0,10132,0,0,0,0,0,0,0,0,0,0,0,0,0,0,0,0,0,0,3149,36895,0,0,0,0,10132,0,0,0,0,0,0,0,0,0,0,0,0,0,0,0,0,0,0,3149,36895,0,0,0,0,10132,0,0,0,0,0,0,0,0,0,0,0,0,0,0,0,0,0,0,3149,0,2987,37045,6995,3645,TCGA-GM-A2DH-DX1_xmin50963_ymin56303_MPP-0.2500+21
4099,0,0,0,0,26291,14555,0,0,0,0,0,0,0,0,0,0,0,0,0,0,0,0,0,5231,4099,0,0,0,0,25764,15082,0,0,0,0,0,0,0,0,0,0,0,0,0,0,0,0,0,5231,4099,0,0,0,0,25606,15240,0,0,0,0,0,0,0,0,0,0,0,0,0,0,0,0,0,5231,4398,5804,14975,19768,9543,TCGA-GM-A2DH-DX1_xmin50963_ymin56303_MPP-0.2500+22
42343,0,0,0,0,1881,0,0,0,0,0,0,0,0,0,4784,0,0,0,0,0,0,0,0,1168,42343,0,0,0,0,1881,0,0,0,0,0,0,0,0,0,4784,0,0,0,0,0,0,0,0,1168,42343,0,0,0,0,1881,0,0,0,0,0,0,0,0,0,4784,0,0,0,0,0,0,0,0,1168,1336,893,41132,5647,4232,TCGA-GM-A2DH-DX1_xmin50963_ymin56303_MPP-0.2500+23
46761,0,0,0,0,0,0,0,0,0,0,0,0,0,0,3415,0,0,0,0,0,0,0,0,0,46761,0,0,0,0,0,0,0,0,0,0,0,0,0,0,3415,0,0,0,0,0,0,0,0,0,46761,0,0,0,0,0,0,0,0,0,0,0,0,0,0,3415,0,0,0,0,0,0,0,0,0,878,0,45883,3415,2117,TCGA-GM-A2DH-DX1_xmin50963_ymin56303_MPP-0.2500+24
43215,0,0,0,0,0,0,0,0,0,0,0,0,0,0,6961,0,0,0,0,0,0,0,0,0,43215,0,0,0,0,0,0,0,0,0,0,0,0,0,0,6961,0,0,0,0,0,0,0,0,0,43215,0,0,0,0,0,0,0,0,0,0,0,0,0,0,6961,0,0,0,0,0,0,0,0,0,2270,2,40945,6959,5468,TCGA-GM-A2DH-DX1_xmin50963_ymin56303_MPP-0.2500+25
46701,0,0,0,0,0,0,0,0,0,0,0,0,0,0,3475,0,0,0,0,0,0,0,0,0,46701,0,0,0,0,0,0,0,0,0,0,0,0,0,0,3475,0,0,0,0,0,0,0,0,0,46701,0,0,0,0,0,0,0,0,0,0,0,0,0,0,3475,0,0,0,0,0,0,0,0,0,3114,329,44110,2623,5527,TCGA-GM-A2DH-DX1_xmin50963_ymin56303_MPP-0.2500+26
34220,3033,0,0,0,625,12298,0,0,0,0,0,0,0,0,0,0,0,0,0,0,0,0,0,0,34026,3227,0,0,0,581,12342,0,0,0,0,0,0,0,0,0,0,0,0,0,0,0,0,0,0,33936,3317,0,0,0,504,12419,0,0,0,0,0,0,0,0,0,0,0,0,0,0,0,0,0,0,7443,878,37825,4030,7303,TCGA-GM-A2DH-DX1_xmin50963_ymin56303_MPP-0.2500+27
28415,4082,0,0,0,3224,14455,0,0,0,0,0,0,0,0,0,0,0,0,0,0,0,0,0,0,28257,4240,0,0,0,2926,14753,0,0,0,0,0,0,0,0,0,0,0,0,0,0,0,0,0,0,28090,4407,0,0,0,2975,14704,0,0,0,0,0,0,0,0,0,0,0,0,0,0,0,0,0,0,3931,1365,38881,5999,7947,TCGA-GM-A2DH-DX1_xmin50963_ymin56303_MPP-0.2500+28
50176,0,0,0,0,0,0,0,0,0,0,0,0,0,0,0,0,0,0,0,0,0,0,0,0,50176,0,0,0,0,0,0,0,0,0,0,0,0,0,0,0,0,0,0,0,0,0,0,0,0,50176,0,0,0,0,0,0,0,0,0,0,0,0,0,0,0,0,0,0,0,0,0,0,0,0,6296,0,43880,0,6531,TCGA-GM-A2DH-DX1_xmin50963_ymin56303_MPP-0.2500+29
41650,0,0,0,0,0,0,0,0,0,0,0,0,0,0,8526,0,0,0,0,0,0,0,0,0,41650,0,0,0,0,0,0,0,0,0,0,0,0,0,0,8526,0,0,0,0,0,0,0,0,0,41650,0,0,0,0,0,0,0,0,0,0,0,0,0,0,8526,0,0,0,0,0,0,0,0,0,2475,52,38227,9422,6237,TCGA-GM-A2DH-DX1_xmin50963_ymin56303_MPP-0.2500+3
50176,0,0,0,0,0,0,0,0,0,0,0,0,0,0,0,0,0,0,0,0,0,0,0,0,50176,0,0,0,0,0,0,0,0,0,0,0,0,0,0,0,0,0,0,0,0,0,0,0,0,50176,0,0,0,0,0,0,0,0,0,0,0,0,0,0,0,0,0,0,0,0,0,0,0,0,3566,0,46610,0,4799,TCGA-GM-A2DH-DX1_xmin50963_ymin56303_MPP-0.2500+30
21389,11998,0,0,0,6799,5311,0,0,0,0,0,0,0,0,23,4608,0,0,0,0,0,0,0,48,21523,11864,0,0,0,6647,5463,0,0,0,0,0,0,0,0,23,4608,0,0,0,0,0,0,0,48,21125,12262,0,0,0,6657,5453,0,0,0,0,0,0,0,0,17,4614,0,0,0,0,0,0,0,48,2389,2146,27532,18061,6159,TCGA-GM-A2DH-DX1_xmin50963_ymin56303_MPP-0.2500+31
19809,0,0,780,0,1385,0,0,10,0,0,0,0,0,0,6283,0,0,15219,0,0,0,0,0,6690,19651,0,0,938,0,1361,0,0,34,0,0,0,0,0,0,5494,0,0,16008,0,0,0,0,0,6690,19531,0,0,1058,0,1338,0,0,57,0,0,0,0,0,0,4776,0,0,16726,0,0,0,0,0,6690,5649,331,19962,17544,12992,TCGA-GM-A2DH-DX1_xmin50963_ymin56303_MPP-0.2500+32
41747,0,0,0,0,1225,0,0,0,0,0,0,0,0,0,6716,0,0,0,0,0,0,0,0,488,41747,0,0,0,0,1225,0,0,0,0,0,0,0,0,0,6716,0,0,0,0,0,0,0,0,488,41747,0,0,0,0,1225,0,0,0,0,0,0,0,0,0,6716,0,0,0,0,0,0,0,0,488,2007,677,37147,9857,8311,TCGA-GM-A2DH-DX1_xmin50963_ymin56303_MPP-0.2500+33
21136,0,0,0,0,0,0,0,0,0,0,0,0,0,0,29040,0,0,0,0,0,0,0,0,0,21136,0,0,0,0,0,0,0,0,0,0,0,0,0,0,29040,0,0,0,0,0,0,0,0,0,21136,0,0,0,0,0,0,0,0,0,0,0,0,0,0,29040,0,0,0,0,0,0,0,0,0,1627,339,16995,31215,8208,TCGA-GM-A2DH-DX1_xmin50963_ymin56303_MPP-0.2500+34
36758,0,0,0,0,0,0,0,0,0,0,0,0,0,0,13418,0,0,0,0,0,0,0,0,0,36758,0,0,0,0,0,0,0,0,0,0,0,0,0,0,13418,0,0,0,0,0,0,0,0,0,36758,0,0,0,0,0,0,0,0,0,0,0,0,0,0,13418,0,0,0,0,0,0,0,0,0,2867,0,33601,13708,6284,TCGA-GM-A2DH-DX1_xmin50963_ymin56303_MPP-0.2500+35
46561,0,0,0,0,2843,0,0,0,0,0,0,0,0,0,772,0,0,0,0,0,0,0,0,0,46561,0,0,0,0,2843,0,0,0,0,0,0,0,0,0,772,0,0,0,0,0,0,0,0,0,46561,0,0,0,0,2843,0,0,0,0,0,0,0,0,0,772,0,0,0,0,0,0,0,0,0,1890,1335,44671,2280,4005,TCGA-GM-A2DH-DX1_xmin50963_ymin56303_MPP-0.2500+36
21289,2300,0,0,0,11725,14550,0,0,0,37,275,0,0,0,0,0,0,0,0,0,0,0,0,0,21224,2365,0,0,0,11381,14894,0,0,0,35,277,0,0,0,0,0,0,0,0,0,0,0,0,0,21201,2388,0,0,0,11233,15042,0,0,0,33,279,0,0,0,0,0,0,0,0,0,0,0,0,0,4847,2278,33106,9945,9070,TCGA-GM-A2DH-DX1_xmin50963_ymin56303_MPP-0.2500+37
36065,0,0,0,0,0,0,0,0,0,0,0,0,0,0,14111,0,0,0,0,0,0,0,0,0,36065,0,0,0,0,0,0,0,0,0,0,0,0,0,0,14111,0,0,0,0,0,0,0,0,0,36065,0,0,0,0,0,0,0,0,0,0,0,0,0,0,14111,0,0,0,0,0,0,0,0,0,5179,462,35568,8967,10502,TCGA-GM-A2DH-DX1_xmin50963_ymin56303_MPP-0.2500+38
48690,0,0,0,0,9,0,0,0,0,0,0,0,0,0,1477,0,0,0,0,0,0,0,0,0,48690,0,0,0,0,9,0,0,0,0,0,0,0,0,0,1477,0,0,0,0,0,0,0,0,0,48690,0,0,0,0,9,0,0,0,0,0,0,0,0,0,1477,0,0,0,0,0,0,0,0,0,3226,0,44628,2322,4245,TCGA-GM-A2DH-DX1_xmin50963_ymin56303_MPP-0.2500+39
16426,0,0,0,0,0,0,0,0,0,0,0,0,0,0,33750,0,0,0,0,0,0,0,0,0,16426,0,0,0,0,0,0,0,0,0,0,0,0,0,0,33750,0,0,0,0,0,0,0,0,0,16426,0,0,0,0,0,0,0,0,0,0,0,0,0,0,33750,0,0,0,0,0,0,0,0,0,344,0,15972,33860,2613,TCGA-GM-A2DH-DX1_xmin50963_ymin56303_MPP-0.2500+4
48271,0,0,0,0,0,0,0,0,0,0,0,0,0,0,1905,0,0,0,0,0,0,0,0,0,48271,0,0,0,0,0,0,0,0,0,0,0,0,0,0,1905,0,0,0,0,0,0,0,0,0,48271,0,0,0,0,0,0,0,0,0,0,0,0,0,0,1905,0,0,0,0,0,0,0,0,0,1625,0,46479,2072,1850,TCGA-GM-A2DH-DX1_xmin50963_ymin56303_MPP-0.2500+40
39707,0,0,0,0,0,0,0,0,0,0,0,0,0,0,10469,0,0,0,0,0,0,0,0,0,39707,0,0,0,0,0,0,0,0,0,0,0,0,0,0,10469,0,0,0,0,0,0,0,0,0,39707,0,0,0,0,0,0,0,0,0,0,0,0,0,0,10469,0,0,0,0,0,0,0,0,0,3771,96,38488,7821,7108,TCGA-GM-A2DH-DX1_xmin50963_ymin56303_MPP-0.2500+41
47468,0,0,0,0,332,0,0,0,0,0,0,0,0,0,2376,0,0,0,0,0,0,0,0,0,47468,0,0,0,0,332,0,0,0,0,0,0,0,0,0,2376,0,0,0,0,0,0,0,0,0,47468,0,0,0,0,332,0,0,0,0,0,0,0,0,0,2376,0,0,0,0,0,0,0,0,0,2121,19,44993,3043,4102,TCGA-GM-A2DH-DX1_xmin50963_ymin56303_MPP-0.2500+42
22688,6236,0,0,0,3048,9233,0,0,0,0,0,0,0,0,130,8841,0,0,0,0,0,0,0,0,22439,6485,0,0,0,3226,9055,0,0,0,0,0,0,0,0,88,8883,0,0,0,0,0,0,0,0,20962,7962,0,0,0,3035,9246,0,0,0,0,0,0,0,0,23,8948,0,0,0,0,0,0,0,0,3743,2768,25145,18520,9663,TCGA-GM-A2DH-DX1_xmin50963_ymin56303_MPP-0.2500+43
47387,0,0,0,0,318,0,0,0,0,0,0,0,0,0,2471,0,0,0,0,0,0,0,0,0,47387,0,0,0,0,318,0,0,0,0,0,0,0,0,0,2471,0,0,0,0,0,0,0,0,0,47387,0,0,0,0,318,0,0,0,0,0,0,0,0,0,2471,0,0,0,0,0,0,0,0,0,2982,0,44337,2857,6505,TCGA-GM-A2DH-DX1_xmin50963_ymin56303_MPP-0.2500+44
23104,2446,0,0,0,2619,14838,0,0,0,0,5022,0,0,0,1699,448,0,0,0,0,0,0,0,0,23227,2323,0,0,0,2497,14960,0,0,0,0,5022,0,0,0,1669,478,0,0,0,0,0,0,0,0,23058,2492,0,0,0,1952,15505,0,0,0,0,5022,0,0,0,1367,780,0,0,0,0,0,0,0,0,2178,4320,33873,9805,8136,TCGA-GM-A2DH-DX1_xmin50963_ymin56303_MPP-0.2500+45
43622,0,0,0,0,0,0,0,0,0,0,0,0,0,0,6554,0,0,0,0,0,0,0,0,0,43622,0,0,0,0,0,0,0,0,0,0,0,0,0,0,6554,0,0,0,0,0,0,0,0,0,43622,0,0,0,0,0,0,0,0,0,0,0,0,0,0,6554,0,0,0,0,0,0,0,0,0,7446,346,35455,6929,11193,TCGA-GM-A2DH-DX1_xmin50963_ymin56303_MPP-0.2500+46
27726,0,0,0,0,2342,0,0,0,0,0,0,0,0,0,20108,0,0,0,0,0,0,0,0,0,27726,0,0,0,0,2342,0,0,0,0,0,0,0,0,0,20108,0,0,0,0,0,0,0,0,0,27726,0,0,0,0,2342,0,0,0,0,0,0,0,0,0,20108,0,0,0,0,0,0,0,0,0,2007,138,25644,22387,9465,TCGA-GM-A2DH-DX1_xmin50963_ymin56303_MPP-0.2500+47
28799,0,0,0,0,1851,0,0,0,0,0,0,0,0,0,19526,0,0,0,0,0,0,0,0,0,28799,0,0,0,0,1851,0,0,0,0,0,0,0,0,0,19526,0,0,0,0,0,0,0,0,0,28799,0,0,0,0,1851,0,0,0,0,0,0,0,0,0,19526,0,0,0,0,0,0,0,0,0,482,575,28286,20833,6070,TCGA-GM-A2DH-DX1_xmin50963_ymin56303_MPP-0.2500+48
48257,0,0,0,0,0,0,0,0,0,0,0,0,0,0,1919,0,0,0,0,0,0,0,0,0,48257,0,0,0,0,0,0,0,0,0,0,0,0,0,0,1919,0,0,0,0,0,0,0,0,0,48257,0,0,0,0,0,0,0,0,0,0,0,0,0,0,1919,0,0,0,0,0,0,0,0,0,4164,0,43331,2681,6584,TCGA-GM-A2DH-DX1_xmin50963_ymin56303_MPP-0.2500+49
32453,2941,0,0,0,21,9390,0,0,0,0,0,0,0,0,5371,0,0,0,0,0,0,0,0,0,32664,2730,0,0,0,20,9391,0,0,0,0,0,0,0,0,5371,0,0,0,0,0,0,0,0,0,32835,2559,0,0,0,19,9392,0,0,0,0,0,0,0,0,5371,0,0,0,0,0,0,0,0,0,1332,1448,40822,6574,2612,TCGA-GM-A2DH-DX1_xmin50963_ymin56303_MPP-0.2500+5
33203,0,0,332,0,0,0,0,0,0,0,0,0,0,0,4394,0,0,12247,0,0,0,0,0,0,33214,0,0,321,0,0,0,0,0,0,0,0,0,0,0,4527,0,0,12114,0,0,0,0,0,0,33181,0,0,354,0,0,0,0,0,0,0,0,0,0,0,4380,0,0,12261,0,0,0,0,0,0,7663,62,33998,8453,11415,TCGA-GM-A2DH-DX1_xmin50963_ymin56303_MPP-0.2500+50
44536,0,0,0,0,288,0,0,0,0,0,0,0,0,0,5352,0,0,0,0,0,0,0,0,0,44536,0,0,0,0,288,0,0,0,0,0,0,0,0,0,5352,0,0,0,0,0,0,0,0,0,44536,0,0,0,0,288,0,0,0,0,0,0,0,0,0,5352,0,0,0,0,0,0,0,0,0,842,0,43694,5640,8890,TCGA-GM-A2DH-DX1_xmin50963_ymin56303_MPP-0.2500+51
4803,1044,0,0,0,1015,33916,0,0,0,66,1317,0,0,0,0,4334,0,0,0,0,0,0,0,3681,4637,1210,0,0,0,946,33985,0,0,0,96,1287,0,0,0,0,4334,0,0,0,0,0,0,0,3681,4615,1232,0,0,0,1250,33681,0,0,0,137,1246,0,0,0,0,4334,0,0,0,0,0,0,0,3681,5991,3029,23062,14413,13045,TCGA-GM-A2DH-DX1_xmin50963_ymin56303_MPP-0.2500+52
15789,765,0,0,0,1573,20202,0,0,0,0,88,0,0,0,3713,8046,0,0,0,0,0,0,0,0,15756,798,0,0,0,1645,20130,0,0,0,0,88,0,0,0,3698,8061,0,0,0,0,0,0,0,0,15708,846,0,0,0,1885,19890,0,0,0,0,88,0,0,0,3546,8213,0,0,0,0,0,0,0,0,5725,324,29869,14258,8415,TCGA-GM-A2DH-DX1_xmin50963_ymin56303_MPP-0.2500+53
4426,2007,0,0,0,257,4670,286,0,0,0,18324,20206,0,0,0,0,0,0,0,0,0,0,0,0,4404,2029,0,0,0,242,4683,288,0,0,0,19062,19468,0,0,0,0,0,0,0,0,0,0,0,0,4467,1966,0,0,0,267,4663,283,0,0,0,19174,19356,0,0,0,0,0,0,0,0,0,0,0,0,9099,758,20592,19727,8831,TCGA-GM-A2DH-DX1_xmin50963_ymin56303_MPP-0.2500+54
39038,0,0,0,0,4724,0,0,0,0,0,0,0,0,0,6414,0,0,0,0,0,0,0,0,0,39038,0,0,0,0,4724,0,0,0,0,0,0,0,0,0,6414,0,0,0,0,0,0,0,0,0,39038,0,0,0,0,4724,0,0,0,0,0,0,0,0,0,6414,0,0,0,0,0,0,0,0,0,2301,470,40084,7321,6772,TCGA-GM-A2DH-DX1_xmin50963_ymin56303_MPP-0.2500+55
18508,0,0,0,0,9308,0,0,0,0,0,0,0,0,0,22360,0,0,0,0,0,0,0,0,0,18508,0,0,0,0,9308,0,0,0,0,0,0,0,0,0,22360,0,0,0,0,0,0,0,0,0,18508,0,0,0,0,9308,0,0,0,0,0,0,0,0,0,22360,0,0,0,0,0,0,0,0,0,3900,303,21144,24829,14330,TCGA-GM-A2DH-DX1_xmin50963_ymin56303_MPP-0.2500+56
39907,0,0,0,0,0,0,0,0,0,0,0,0,0,0,10269,0,0,0,0,0,0,0,0,0,39907,0,0,0,0,0,0,0,0,0,0,0,0,0,0,10269,0,0,0,0,0,0,0,0,0,39907,0,0,0,0,0,0,0,0,0,0,0,0,0,0,10269,0,0,0,0,0,0,0,0,0,621,0,39941,9614,4142,TCGA-GM-A2DH-DX1_xmin50963_ymin56303_MPP-0.2500+57
44323,0,0,0,0,0,0,0,0,0,0,0,0,0,0,5853,0,0,0,0,0,0,0,0,0,44323,0,0,0,0,0,0,0,0,0,0,0,0,0,0,5853,0,0,0,0,0,0,0,0,0,44323,0,0,0,0,0,0,0,0,0,0,0,0,0,0,5853,0,0,0,0,0,0,0,0,0,2978,139,41215,5844,7186,TCGA-GM-A2DH-DX1_xmin50963_ymin56303_MPP-0.2500+58
39361,0,0,0,0,0,0,0,0,0,0,0,0,0,0,10815,0,0,0,0,0,0,0,0,0,39361,0,0,0,0,0,0,0,0,0,0,0,0,0,0,10815,0,0,0,0,0,0,0,0,0,39361,0,0,0,0,0,0,0,0,0,0,0,0,0,0,10815,0,0,0,0,0,0,0,0,0,2461,73,35776,11866,5707,TCGA-GM-A2DH-DX1_xmin50963_ymin56303_MPP-0.2500+59
50176,0,0,0,0,0,0,0,0,0,0,0,0,0,0,0,0,0,0,0,0,0,0,0,0,50176,0,0,0,0,0,0,0,0,0,0,0,0,0,0,0,0,0,0,0,0,0,0,0,0,50176,0,0,0,0,0,0,0,0,0,0,0,0,0,0,0,0,0,0,0,0,0,0,0,0,2333,0,47843,0,3417,TCGA-GM-A2DH-DX1_xmin50963_ymin56303_MPP-0.2500+6
49679,0,0,0,0,0,0,0,0,0,0,0,0,0,0,497,0,0,0,0,0,0,0,0,0,49679,0,0,0,0,0,0,0,0,0,0,0,0,0,0,497,0,0,0,0,0,0,0,0,0,49679,0,0,0,0,0,0,0,0,0,0,0,0,0,0,497,0,0,0,0,0,0,0,0,0,1504,0,47784,888,3704,TCGA-GM-A2DH-DX1_xmin50963_ymin56303_MPP-0.2500+60
17446,263,461,0,0,2717,12245,2112,0,0,216,2200,7502,0,0,118,1115,1635,0,0,0,0,0,0,2146,17189,478,503,0,0,2576,12378,2120,0,0,260,2264,7394,0,0,107,1154,1607,0,0,0,0,0,0,2146,16931,717,522,0,0,2567,12376,2131,0,0,306,2295,7317,0,0,38,1266,1564,0,0,0,0,0,0,2146,7233,1918,26969,11910,11637,TCGA-GM-A2DH-DX1_xmin50963_ymin56303_MPP-0.2500+61
0,0,0,0,0,0,11214,12832,0,0,0,5965,8166,0,0,0,0,0,0,0,0,0,0,0,11999,0,0,0,0,0,0,12491,11555,0,0,0,6434,7697,0,0,0,0,0,0,0,0,0,0,0,11999,0,0,0,0,0,0,12136,11910,0,0,0,6355,7776,0,0,0,0,0,0,0,0,0,0,0,11999,4517,2774,15884,15002,11907,TCGA-GM-A2DH-DX1_xmin50963_ymin56303_MPP-0.2500+62
0,0,0,0,0,0,5217,28,0,0,0,9283,35648,0,0,0,0,0,0,0,0,0,0,0,0,0,0,0,0,0,0,5213,32,0,0,0,9848,35083,0,0,0,0,0,0,0,0,0,0,0,0,0,0,0,0,0,0,5213,32,0,0,0,10158,34773,0,0,0,0,0,0,0,0,0,0,0,0,14692,786,27346,7352,11234,TCGA-GM-A2DH-DX1_xmin50963_ymin56303_MPP-0.2500+63
16207,2037,0,0,0,5075,26857,0,0,0,0,0,0,0,0,0,0,0,0,0,0,0,0,0,0,16246,1998,0,0,0,5138,26794,0,0,0,0,0,0,0,0,0,0,0,0,0,0,0,0,0,0,16434,1810,0,0,0,5242,26690,0,0,0,0,0,0,0,0,0,0,0,0,0,0,0,0,0,0,5339,1310,35307,8220,9053,TCGA-GM-A2DH-DX1_xmin50963_ymin56303_MPP-0.2500+64
50176,0,0,0,0,0,0,0,0,0,0,0,0,0,0,0,0,0,0,0,0,0,0,0,0,50176,0,0,0,0,0,0,0,0,0,0,0,0,0,0,0,0,0,0,0,0,0,0,0,0,50176,0,0,0,0,0,0,0,0,0,0,0,0,0,0,0,0,0,0,0,0,0,0,0,0,1854,0,48322,0,1717,TCGA-GM-A2DH-DX1_xmin50963_ymin56303_MPP-0.2500+65
41485,0,0,0,0,0,0,0,0,0,0,0,0,0,0,8691,0,0,0,0,0,0,0,0,0,41485,0,0,0,0,0,0,0,0,0,0,0,0,0,0,8691,0,0,0,0,0,0,0,0,0,41485,0,0,0,0,0,0,0,0,0,0,0,0,0,0,8691,0,0,0,0,0,0,0,0,0,2829,0,38656,8691,7119,TCGA-GM-A2DH-DX1_xmin50963_ymin56303_MPP-0.2500+66
30619,0,0,0,0,0,0,0,0,0,0,0,0,0,0,19557,0,0,0,0,0,0,0,0,0,30619,0,0,0,0,0,0,0,0,0,0,0,0,0,0,19557,0,0,0,0,0,0,0,0,0,30619,0,0,0,0,0,0,0,0,0,0,0,0,0,0,19557,0,0,0,0,0,0,0,0,0,4908,228,28896,16144,10349,TCGA-GM-A2DH-DX1_xmin50963_ymin56303_MPP-0.2500+67
34186,0,0,0,0,0,0,0,0,0,0,0,0,0,0,15990,0,0,0,0,0,0,0,0,0,34186,0,0,0,0,0,0,0,0,0,0,0,0,0,0,15990,0,0,0,0,0,0,0,0,0,34186,0,0,0,0,0,0,0,0,0,0,0,0,0,0,15990,0,0,0,0,0,0,0,0,0,1312,290,32874,15700,12083,TCGA-GM-A2DH-DX1_xmin50963_ymin56303_MPP-0.2500+68
44788,0,0,0,0,0,0,0,0,0,0,0,0,0,0,5388,0,0,0,0,0,0,0,0,0,44788,0,0,0,0,0,0,0,0,0,0,0,0,0,0,5388,0,0,0,0,0,0,0,0,0,44788,0,0,0,0,0,0,0,0,0,0,0,0,0,0,5388,0,0,0,0,0,0,0,0,0,3289,0,40573,6314,8103,TCGA-GM-A2DH-DX1_xmin50963_ymin56303_MPP-0.2500+69
50017,0,0,0,0,0,0,0,0,0,0,0,0,0,0,159,0,0,0,0,0,0,0,0,0,50017,0,0,0,0,0,0,0,0,0,0,0,0,0,0,159,0,0,0,0,0,0,0,0,0,50017,0,0,0,0,0,0,0,0,0,0,0,0,0,0,159,0,0,0,0,0,0,0,0,0,2994,0,46714,468,4594,TCGA-GM-A2DH-DX1_xmin50963_ymin56303_MPP-0.2500+7
32325,4075,0,0,0,0,932,0,0,0,0,108,0,0,0,1869,9537,0,0,0,0,0,0,0,1330,32419,3981,0,0,0,0,932,0,0,0,0,108,0,0,0,1854,9552,0,0,0,0,0,0,0,1330,32254,4146,0,0,0,0,932,0,0,0,0,108,0,0,0,1732,9674,0,0,0,0,0,0,0,1330,1395,1041,33449,12961,6593,TCGA-GM-A2DH-DX1_xmin50963_ymin56303_MPP-0.2500+70
2700,0,36,0,0,1276,0,1559,0,0,261,0,40383,0,0,458,0,1514,0,0,0,0,0,0,1989,2694,0,42,0,0,1234,0,1601,0,0,231,0,40413,0,0,571,0,1401,0,0,0,0,0,0,1989,2694,0,42,0,0,1271,0,1564,0,0,260,0,40384,0,0,579,0,1393,0,0,0,0,0,0,1989,13972,395,24027,9793,9535,TCGA-GM-A2DH-DX1_xmin50963_ymin56303_MPP-0.2500+71
0,0,0,0,0,0,50176,0,0,0,0,0,0,0,0,0,0,0,0,0,0,0,0,0,0,0,0,0,0,0,0,50176,0,0,0,0,0,0,0,0,0,0,0,0,0,0,0,0,0,0,0,0,0,0,0,0,50176,0,0,0,0,0,0,0,0,0,0,0,0,0,0,0,0,0,0,3362,0,46372,442,3148,TCGA-GM-A2DH-DX1_xmin50963_ymin56303_MPP-0.2500+72
2106,323,0,0,0,446,45495,0,0,0,0,0,0,0,0,0,0,0,0,0,0,0,0,0,1806,2048,381,0,0,0,362,45579,0,0,0,0,0,0,0,0,0,0,0,0,0,0,0,0,0,1806,2084,345,0,0,0,487,45454,0,0,0,0,0,0,0,0,0,0,0,0,0,0,0,0,0,1806,4256,193,43067,854,6126,TCGA-GM-A2DH-DX1_xmin50963_ymin56303_MPP-0.2500+73
36105,1402,0,0,0,1803,10866,0,0,0,0,0,0,0,0,0,0,0,0,0,0,0,0,0,0,36151,1356,0,0,0,1862,10807,0,0,0,0,0,0,0,0,0,0,0,0,0,0,0,0,0,0,36169,1338,0,0,0,1780,10889,0,0,0,0,0,0,0,0,0,0,0,0,0,0,0,0,0,0,3994,1033,41921,3228,4588,TCGA-GM-A2DH-DX1_xmin50963_ymin56303_MPP-0.2500+74
49827,0,0,0,0,266,0,0,0,0,0,0,0,0,0,83,0,0,0,0,0,0,0,0,0,49827,0,0,0,0,266,0,0,0,0,0,0,0,0,0,83,0,0,0,0,0,0,0,0,0,49827,0,0,0,0,266,0,0,0,0,0,0,0,0,0,83,0,0,0,0,0,0,0,0,0,4447,0,45084,645,3847,TCGA-GM-A2DH-DX1_xmin50963_ymin56303_MPP-0.2500+75
33465,3721,0,0,0,0,0,0,0,0,0,0,0,0,0,6434,6556,0,0,0,0,0,0,0,0,33296,3890,0,0,0,0,0,0,0,0,0,0,0,0,0,6095,6895,0,0,0,0,0,0,0,0,32901,4285,0,0,0,0,0,0,0,0,0,0,0,0,0,4897,8093,0,0,0,0,0,0,0,0,2303,308,33916,13649,10205,TCGA-GM-A2DH-DX1_xmin50963_ymin56303_MPP-0.2500+76
40152,0,0,0,0,0,0,0,0,0,0,0,0,0,0,10024,0,0,0,0,0,0,0,0,0,40152,0,0,0,0,0,0,0,0,0,0,0,0,0,0,10024,0,0,0,0,0,0,0,0,0,40152,0,0,0,0,0,0,0,0,0,0,0,0,0,0,10024,0,0,0,0,0,0,0,0,0,1842,6,38310,10018,6658,TCGA-GM-A2DH-DX1_xmin50963_ymin56303_MPP-0.2500+77
43142,0,0,0,0,0,0,0,0,0,0,0,0,0,0,7034,0,0,0,0,0,0,0,0,0,43142,0,0,0,0,0,0,0,0,0,0,0,0,0,0,7034,0,0,0,0,0,0,0,0,0,43142,0,0,0,0,0,0,0,0,0,0,0,0,0,0,7034,0,0,0,0,0,0,0,0,0,2813,292,37834,9237,8776,TCGA-GM-A2DH-DX1_xmin50963_ymin56303_MPP-0.2500+78
19826,8220,9549,0,0,0,0,0,0,0,0,0,0,0,0,2257,9782,542,0,0,0,0,0,0,0,19766,8406,9423,0,0,0,0,0,0,0,0,0,0,0,0,2277,9731,573,0,0,0,0,0,0,0,19624,8905,9066,0,0,0,0,0,0,0,0,0,0,0,0,1914,10231,436,0,0,0,0,0,0,0,1193,4120,22276,22587,12369,TCGA-GM-A2DH-DX1_xmin50963_ymin56303_MPP-0.2500+79
36105,0,0,0,0,0,0,0,0,0,0,0,0,0,0,14071,0,0,0,0,0,0,0,0,0,36105,0,0,0,0,0,0,0,0,0,0,0,0,0,0,14071,0,0,0,0,0,0,0,0,0,36105,0,0,0,0,0,0,0,0,0,0,0,0,0,0,14071,0,0,0,0,0,0,0,0,0,524,20,35005,14627,5826,TCGA-GM-A2DH-DX1_xmin50963_ymin56303_MPP-0.2500+8
0,13700,3067,0,0,0,704,738,0,0,0,1852,16702,0,0,0,2912,753,0,0,0,0,0,0,9748,5168,0,11599,0,0,55,0,1387,0,0,0,0,18554,0,0,655,0,3010,0,0,0,0,0,0,9748,0,13823,2944,0,0,0,1086,356,0,0,0,2607,15947,0,0,0,3004,661,0,0,0,0,0,0,9748,6422,2396,22550,9060,11813,TCGA-GM-A2DH-DX1_xmin50963_ymin56303_MPP-0.2500+80
2121,13745,0,0,0,0,18666,0,0,0,0,0,0,0,0,0,0,0,0,0,0,0,0,0,15644,2351,13515,0,0,0,0,18666,0,0,0,0,0,0,0,0,0,0,0,0,0,0,0,0,0,15644,2389,13477,0,0,0,0,18666,0,0,0,0,0,0,0,0,0,0,0,0,0,0,0,0,0,15644,236,5933,20379,7984,3340,TCGA-GM-A2DH-DX1_xmin50963_ymin56303_MPP-0.2500+81
0,471,0,0,0,0,47015,0,0,0,0,0,0,0,0,0,0,0,0,0,0,0,0,0,2690,0,471,0,0,0,0,47015,0,0,0,0,0,0,0,0,0,0,0,0,0,0,0,0,0,2690,0,471,0,0,0,0,47015,0,0,0,0,0,0,0,0,0,0,0,0,0,0,0,0,0,2690,2430,0,44508,548,2967,TCGA-GM-A2DH-DX1_xmin50963_ymin56303_MPP-0.2500+82
0,0,0,0,0,0,50176,0,0,0,0,0,0,0,0,0,0,0,0,0,0,0,0,0,0,0,0,0,0,0,0,50176,0,0,0,0,0,0,0,0,0,0,0,0,0,0,0,0,0,0,0,0,0,0,0,0,50176,0,0,0,0,0,0,0,0,0,0,0,0,0,0,0,0,0,0,3940,0,45492,744,2263,TCGA-GM-A2DH-DX1_xmin50963_ymin56303_MPP-0.2500+83
25174,155,0,0,0,4442,20405,0,0,0,0,0,0,0,0,0,0,0,0,0,0,0,0,0,0,25056,273,0,0,0,4463,20384,0,0,0,0,0,0,0,0,0,0,0,0,0,0,0,0,0,0,24923,406,0,0,0,4283,20564,0,0,0,0,0,0,0,0,0,0,0,0,0,0,0,0,0,0,3000,430,41558,5188,4809,TCGA-GM-A2DH-DX1_xmin50963_ymin56303_MPP-0.2500+84
39926,0,0,0,0,456,0,0,0,0,0,0,0,0,0,9794,0,0,0,0,0,0,0,0,0,39926,0,0,0,0,456,0,0,0,0,0,0,0,0,0,9794,0,0,0,0,0,0,0,0,0,39926,0,0,0,0,456,0,0,0,0,0,0,0,0,0,9794,0,0,0,0,0,0,0,0,0,3065,153,36362,10596,7670,TCGA-GM-A2DH-DX1_xmin50963_ymin56303_MPP-0.2500+85
32120,2090,0,1401,0,0,0,0,0,0,0,0,0,0,0,3349,5004,0,6212,0,0,0,0,0,0,32113,2211,0,1287,0,0,0,0,0,0,0,0,0,0,0,3215,5291,0,6059,0,0,0,0,0,0,34219,0,0,1392,0,0,0,0,0,0,0,0,0,0,0,6388,0,0,8177,0,0,0,0,0,0,6038,706,31906,11526,17014,TCGA-GM-A2DH-DX1_xmin50963_ymin56303_MPP-0.2500+86
45729,0,0,0,0,0,0,0,0,0,0,0,0,0,0,4447,0,0,0,0,0,0,0,0,0,45729,0,0,0,0,0,0,0,0,0,0,0,0,0,0,4447,0,0,0,0,0,0,0,0,0,45729,0,0,0,0,0,0,0,0,0,0,0,0,0,0,4447,0,0,0,0,0,0,0,0,0,2038,70,44151,3917,5780,TCGA-GM-A2DH-DX1_xmin50963_ymin56303_MPP-0.2500+87
42669,0,0,0,0,0,0,0,0,0,0,0,0,0,0,7507,0,0,0,0,0,0,0,0,0,42669,0,0,0,0,0,0,0,0,0,0,0,0,0,0,7507,0,0,0,0,0,0,0,0,0,42669,0,0,0,0,0,0,0,0,0,0,0,0,0,0,7507,0,0,0,0,0,0,0,0,0,4185,202,37916,7873,11826,TCGA-GM-A2DH-DX1_xmin50963_ymin56303_MPP-0.2500+88
37381,0,0,0,0,0,0,0,0,0,0,0,0,0,0,12795,0,0,0,0,0,0,0,0,0,37381,0,0,0,0,0,0,0,0,0,0,0,0,0,0,12795,0,0,0,0,0,0,0,0,0,37381,0,0,0,0,0,0,0,0,0,0,0,0,0,0,12795,0,0,0,0,0,0,0,0,0,1799,16,35582,12779,7256,TCGA-GM-A2DH-DX1_xmin50963_ymin56303_MPP-0.2500+89
22791,0,0,0,0,0,0,0,0,0,0,0,0,0,0,27385,0,0,0,0,0,0,0,0,0,22791,0,0,0,0,0,0,0,0,0,0,0,0,0,0,27385,0,0,0,0,0,0,0,0,0,22791,0,0,0,0,0,0,0,0,0,0,0,0,0,0,27385,0,0,0,0,0,0,0,0,0,184,10,22607,27375,2841,TCGA-GM-A2DH-DX1_xmin50963_ymin56303_MPP-0.2500+9
43205,0,0,0,0,0,0,0,0,0,0,0,0,0,0,108,0,0,0,0,0,0,0,0,6863,43205,0,0,0,0,0,0,0,0,0,0,0,0,0,0,108,0,0,0,0,0,0,0,0,6863,43205,0,0,0,0,0,0,0,0,0,0,0,0,0,0,108,0,0,0,0,0,0,0,0,6863,3203,83,36971,3056,5081,TCGA-GM-A2DH-DX1_xmin50963_ymin56303_MPP-0.2500+90
12340,3434,0,0,0,1975,11761,0,0,0,0,0,0,0,0,0,0,0,0,0,0,0,0,0,20666,12233,3541,0,0,0,1942,11794,0,0,0,0,0,0,0,0,0,0,0,0,0,0,0,0,0,20666,12229,3545,0,0,0,1985,11751,0,0,0,0,0,0,0,0,0,0,0,0,0,0,0,0,0,20666,2539,970,20929,5072,5677,TCGA-GM-A2DH-DX1_xmin50963_ymin56303_MPP-0.2500+91
0,1257,0,0,0,0,48762,0,0,0,0,0,0,0,0,0,0,0,0,0,0,0,0,0,157,0,1257,0,0,0,0,48762,0,0,0,0,0,0,0,0,0,0,0,0,0,0,0,0,0,157,0,1257,0,0,0,0,48762,0,0,0,0,0,0,0,0,0,0,0,0,0,0,0,0,0,157,6055,1,41756,2207,7136,TCGA-GM-A2DH-DX1_xmin50963_ymin56303_MPP-0.2500+92
0,0,0,0,0,0,50176,0,0,0,0,0,0,0,0,0,0,0,0,0,0,0,0,0,0,0,0,0,0,0,0,50176,0,0,0,0,0,0,0,0,0,0,0,0,0,0,0,0,0,0,0,0,0,0,0,0,50176,0,0,0,0,0,0,0,0,0,0,0,0,0,0,0,0,0,0,2275,0,47901,0,1160,TCGA-GM-A2DH-DX1_xmin50963_ymin56303_MPP-0.2500+93
7769,123,0,0,0,386,30160,0,0,0,0,8279,0,0,0,1799,1660,0,0,0,0,0,0,0,0,7769,123,0,0,0,554,29992,0,0,0,0,8279,0,0,0,1684,1775,0,0,0,0,0,0,0,0,7769,123,0,0,0,541,30005,0,0,0,0,8279,0,0,0,1736,1723,0,0,0,0,0,0,0,0,5711,1369,33489,9607,10429,TCGA-GM-A2DH-DX1_xmin50963_ymin56303_MPP-0.2500+94
14812,1390,0,0,0,3285,18189,0,0,0,0,774,0,0,0,4413,7313,0,0,0,0,0,0,0,0,14835,1367,0,0,0,3244,18230,0,0,0,0,774,0,0,0,3973,7753,0,0,0,0,0,0,0,0,14791,1411,0,0,0,3127,18347,0,0,0,0,774,0,0,0,3773,7953,0,0,0,0,0,0,0,0,3948,522,30005,15701,11425,TCGA-GM-A2DH-DX1_xmin50963_ymin56303_MPP-0.2500+95
33359,0,0,0,0,977,0,0,0,0,0,0,0,0,0,15840,0,0,0,0,0,0,0,0,0,33359,0,0,0,0,977,0,0,0,0,0,0,0,0,0,15840,0,0,0,0,0,0,0,0,0,33359,0,0,0,0,977,0,0,0,0,0,0,0,0,0,15840,0,0,0,0,0,0,0,0,0,1970,596,30001,17609,9865,TCGA-GM-A2DH-DX1_xmin50963_ymin56303_MPP-0.2500+96
31154,3723,0,0,0,60,6555,0,0,0,0,0,0,0,0,8339,345,0,0,0,0,0,0,0,0,31170,3707,0,0,0,50,6565,0,0,0,0,0,0,0,0,8030,654,0,0,0,0,0,0,0,0,31395,3482,0,0,0,74,6541,0,0,0,0,0,0,0,0,7742,942,0,0,0,0,0,0,0,0,1467,1355,35872,11482,8404,TCGA-GM-A2DH-DX1_xmin50963_ymin56303_MPP-0.2500+97
46216,0,0,0,0,0,0,0,0,0,0,0,0,0,0,3960,0,0,0,0,0,0,0,0,0,46216,0,0,0,0,0,0,0,0,0,0,0,0,0,0,3960,0,0,0,0,0,0,0,0,0,46216,0,0,0,0,0,0,0,0,0,0,0,0,0,0,3960,0,0,0,0,0,0,0,0,0,2839,0,40994,6343,7752,TCGA-GM-A2DH-DX1_xmin50963_ymin56303_MPP-0.2500+98
30778,0,0,0,0,0,0,0,0,0,0,0,0,0,0,19398,0,0,0,0,0,0,0,0,0,30778,0,0,0,0,0,0,0,0,0,0,0,0,0,0,19398,0,0,0,0,0,0,0,0,0,30778,0,0,0,0,0,0,0,0,0,0,0,0,0,0,19398,0,0,0,0,0,0,0,0,0,7912,667,27441,14156,13610,TCGA-GM-A2DH-DX1_xmin50963_ymin56303_MPP-0.2500+99
5186,396,0,0,0,11595,32999,0,0,0,0,0,0,0,0,0,0,0,0,0,0,0,0,0,0,5104,478,0,0,0,10045,34549,0,0,0,0,0,0,0,0,0,0,0,0,0,0,0,0,0,0,5142,440,0,0,0,10021,34573,0,0,0,0,0,0,0,0,0,0,0,0,0,0,0,0,0,0,5802,1897,24217,18260,13521,TCGA-GM-A2DI-DX1_xmin22802_ymin51060_MPP-0.2500+0
27177,5493,0,0,0,0,2447,0,0,0,0,0,0,0,0,0,0,0,0,0,0,0,0,0,15059,26899,5771,0,0,0,0,2447,0,0,0,0,0,0,0,0,0,0,0,0,0,0,0,0,0,15059,26700,5970,0,0,0,0,2447,0,0,0,0,0,0,0,0,0,0,0,0,0,0,0,0,0,15059,4603,652,28051,1811,6175,TCGA-GM-A2DI-DX1_xmin22802_ymin51060_MPP-0.2500+1
18010,0,0,0,0,32166,0,0,0,0,0,0,0,0,0,0,0,0,0,0,0,0,0,0,0,18010,0,0,0,0,32166,0,0,0,0,0,0,0,0,0,0,0,0,0,0,0,0,0,0,0,18010,0,0,0,0,32166,0,0,0,0,0,0,0,0,0,0,0,0,0,0,0,0,0,0,0,2398,7886,20674,19218,15449,TCGA-GM-A2DI-DX1_xmin22802_ymin51060_MPP-0.2500+10
30097,0,0,0,0,12016,0,0,0,0,0,0,0,0,0,0,0,0,0,0,0,0,0,0,8063,30097,0,0,0,0,12016,0,0,0,0,0,0,0,0,0,0,0,0,0,0,0,0,0,0,8063,30097,0,0,0,0,12016,0,0,0,0,0,0,0,0,0,0,0,0,0,0,0,0,0,0,8063,3186,2873,27650,8404,9782,TCGA-GM-A2DI-DX1_xmin22802_ymin51060_MPP-0.2500+11
19106,5287,0,0,0,14879,10904,0,0,0,0,0,0,0,0,0,0,0,0,0,0,0,0,0,0,18869,5524,0,0,0,14535,11248,0,0,0,0,0,0,0,0,0,0,0,0,0,0,0,0,0,0,18739,5654,0,0,0,14250,11533,0,0,0,0,0,0,0,0,0,0,0,0,0,0,0,0,0,0,3830,6079,25577,14690,8347,TCGA-GM-A2DI-DX1_xmin22802_ymin51060_MPP-0.2500+12
14621,2457,0,0,0,17537,15561,0,0,0,0,0,0,0,0,0,0,0,0,0,0,0,0,0,0,14685,2393,0,0,0,17343,15755,0,0,0,0,0,0,0,0,0,0,0,0,0,0,0,0,0,0,14776,2302,0,0,0,16818,16280,0,0,0,0,0,0,0,0,0,0,0,0,0,0,0,0,0,0,824,6839,21437,21076,8507,TCGA-GM-A2DI-DX1_xmin22802_ymin51060_MPP-0.2500+13
18441,5528,0,0,0,4287,13309,0,0,0,0,0,0,0,0,0,0,0,0,0,0,0,0,0,8611,17845,6124,0,0,0,3742,13854,0,0,0,0,0,0,0,0,0,0,0,0,0,0,0,0,0,8611,17849,6120,0,0,0,3667,13929,0,0,0,0,0,0,0,0,0,0,0,0,0,0,0,0,0,8611,3303,6071,28223,3968,7403,TCGA-GM-A2DI-DX1_xmin22802_ymin51060_MPP-0.2500+14
5766,189,0,0,0,17662,26559,0,0,0,0,0,0,0,0,0,0,0,0,0,0,0,0,0,0,5727,228,0,0,0,17532,26689,0,0,0,0,0,0,0,0,0,0,0,0,0,0,0,0,0,0,5706,249,0,0,0,17498,26723,0,0,0,0,0,0,0,0,0,0,0,0,0,0,0,0,0,0,7946,1844,28999,11387,10039,TCGA-GM-A2DI-DX1_xmin22802_ymin51060_MPP-0.2500+15
13809,2222,0,0,0,8445,25700,0,0,0,0,0,0,0,0,0,0,0,0,0,0,0,0,0,0,13727,2304,0,0,0,7206,26939,0,0,0,0,0,0,0,0,0,0,0,0,0,0,0,0,0,0,13868,2163,0,0,0,6952,27193,0,0,0,0,0,0,0,0,0,0,0,0,0,0,0,0,0,0,5932,5936,28970,9338,8760,TCGA-GM-A2DI-DX1_xmin22802_ymin51060_MPP-0.2500+16
19551,6021,0,0,0,2958,18758,0,0,0,0,0,0,0,0,0,0,0,0,0,0,0,0,0,2888,19496,6076,0,0,0,2865,18851,0,0,0,0,0,0,0,0,0,0,0,0,0,0,0,0,0,2888,19426,6146,0,0,0,2807,18909,0,0,0,0,0,0,0,0,0,0,0,0,0,0,0,0,0,2888,4435,3441,34484,4928,6590,TCGA-GM-A2DI-DX1_xmin22802_ymin51060_MPP-0.2500+17
19991,742,0,0,0,15535,13781,0,0,0,0,0,0,0,0,0,0,0,0,0,0,0,0,0,127,19953,780,0,0,0,14924,14392,0,0,0,0,0,0,0,0,0,0,0,0,0,0,0,0,0,127,19883,850,0,0,0,14854,14462,0,0,0,0,0,0,0,0,0,0,0,0,0,0,0,0,0,127,3845,6910,31972,7322,11894,TCGA-GM-A2DI-DX1_xmin22802_ymin51060_MPP-0.2500+18
10082,5851,0,0,0,9760,24443,0,0,0,0,0,0,0,0,0,0,0,0,0,0,0,0,0,40,9457,6476,0,0,0,8329,25874,0,0,0,0,0,0,0,0,0,0,0,0,0,0,0,0,0,40,9345,6588,0,0,0,7558,26645,0,0,0,0,0,0,0,0,0,0,0,0,0,0,0,0,0,40,9543,1747,27820,11026,9935,TCGA-GM-A2DI-DX1_xmin22802_ymin51060_MPP-0.2500+19
34308,5335,0,0,0,0,5171,0,0,0,0,0,0,0,0,0,0,0,0,0,0,0,0,0,5362,34461,5182,0,0,0,0,5171,0,0,0,0,0,0,0,0,0,0,0,0,0,0,0,0,0,5362,34367,5276,0,0,0,0,5171,0,0,0,0,0,0,0,0,0,0,0,0,0,0,0,0,0,5362,2436,528,39034,2816,4440,TCGA-GM-A2DI-DX1_xmin22802_ymin51060_MPP-0.2500+2
14640,4978,0,0,0,14717,15841,0,0,0,0,0,0,0,0,0,0,0,0,0,0,0,0,0,0,15188,4430,0,0,0,15206,15352,0,0,0,0,0,0,0,0,0,0,0,0,0,0,0,0,0,0,14900,4718,0,0,0,13656,16902,0,0,0,0,0,0,0,0,0,0,0,0,0,0,0,0,0,0,2298,5489,22961,19428,8481,TCGA-GM-A2DI-DX1_xmin22802_ymin51060_MPP-0.2500+20
11963,336,0,0,0,3802,34075,0,0,0,0,0,0,0,0,0,0,0,0,0,0,0,0,0,0,11958,341,0,0,0,3644,34233,0,0,0,0,0,0,0,0,0,0,0,0,0,0,0,0,0,0,11959,340,0,0,0,3625,34252,0,0,0,0,0,0,0,0,0,0,0,0,0,0,0,0,0,0,5380,1522,38548,4726,7757,TCGA-GM-A2DI-DX1_xmin22802_ymin51060_MPP-0.2500+21
9346,2954,0,0,0,10535,27341,0,0,0,0,0,0,0,0,0,0,0,0,0,0,0,0,0,0,9519,2781,0,0,0,10043,27833,0,0,0,0,0,0,0,0,0,0,0,0,0,0,0,0,0,0,9677,2623,0,0,0,10288,27588,0,0,0,0,0,0,0,0,0,0,0,0,0,0,0,0,0,0,4255,5126,27306,13489,9351,TCGA-GM-A2DI-DX1_xmin22802_ymin51060_MPP-0.2500+22
19089,5200,0,0,0,13649,12238,0,0,0,0,0,0,0,0,0,0,0,0,0,0,0,0,0,0,18957,5332,0,0,0,12622,13265,0,0,0,0,0,0,0,0,0,0,0,0,0,0,0,0,0,0,18933,5356,0,0,0,11947,13940,0,0,0,0,0,0,0,0,0,0,0,0,0,0,0,0,0,0,2086,6102,30741,11247,11214,TCGA-GM-A2DI-DX1_xmin22802_ymin51060_MPP-0.2500+23
2594,919,0,0,0,9428,37235,0,0,0,0,0,0,0,0,0,0,0,0,0,0,0,0,0,0,2648,865,0,0,0,9062,37601,0,0,0,0,0,0,0,0,0,0,0,0,0,0,0,0,0,0,2867,646,0,0,0,9191,37472,0,0,0,0,0,0,0,0,0,0,0,0,0,0,0,0,0,0,6445,2492,32896,8343,6187,TCGA-GM-A2DI-DX1_xmin22802_ymin51060_MPP-0.2500+24
0,1664,0,0,0,0,48512,0,0,0,0,0,0,0,0,0,0,0,0,0,0,0,0,0,0,0,1664,0,0,0,0,48512,0,0,0,0,0,0,0,0,0,0,0,0,0,0,0,0,0,0,0,1664,0,0,0,0,48512,0,0,0,0,0,0,0,0,0,0,0,0,0,0,0,0,0,0,10795,816,34773,3792,10428,TCGA-GM-A2DI-DX1_xmin22802_ymin51060_MPP-0.2500+25
4508,934,0,0,0,13553,31037,0,0,0,0,0,0,0,0,0,0,0,0,0,0,0,0,0,144,4458,984,0,0,0,13246,31344,0,0,0,0,0,0,0,0,0,0,0,0,0,0,0,0,0,144,4649,793,0,0,0,13894,30696,0,0,0,0,0,0,0,0,0,0,0,0,0,0,0,0,0,144,8360,2983,27011,11678,14213,TCGA-GM-A2DI-DX1_xmin22802_ymin51060_MPP-0.2500+26
6214,2368,0,0,0,7770,33824,0,0,0,0,0,0,0,0,0,0,0,0,0,0,0,0,0,0,6261,2321,0,0,0,7667,33927,0,0,0,0,0,0,0,0,0,0,0,0,0,0,0,0,0,0,6436,2146,0,0,0,7633,33961,0,0,0,0,0,0,0,0,0,0,0,0,0,0,0,0,0,0,8177,2798,30597,8604,10405,TCGA-GM-A2DI-DX1_xmin22802_ymin51060_MPP-0.2500+3
17066,2246,0,0,0,9,3314,0,0,0,0,0,0,0,0,0,0,0,0,0,0,0,0,0,27541,17026,2286,0,0,0,5,3318,0,0,0,0,0,0,0,0,0,0,0,0,0,0,0,0,0,27541,16939,2373,0,0,0,5,3318,0,0,0,0,0,0,0,0,0,0,0,0,0,0,0,0,0,27541,1704,296,18389,2246,2571,TCGA-GM-A2DI-DX1_xmin22802_ymin51060_MPP-0.2500+4
25276,328,0,0,0,0,0,0,0,0,0,0,0,0,0,0,0,0,0,0,0,0,0,0,24572,25254,350,0,0,0,0,0,0,0,0,0,0,0,0,0,0,0,0,0,0,0,0,0,0,24572,25235,369,0,0,0,0,0,0,0,0,0,0,0,0,0,0,0,0,0,0,0,0,0,0,24572,806,0,24641,157,862,TCGA-GM-A2DI-DX1_xmin22802_ymin51060_MPP-0.2500+5
16660,4746,0,0,0,11544,17226,0,0,0,0,0,0,0,0,0,0,0,0,0,0,0,0,0,0,16581,4825,0,0,0,10467,18303,0,0,0,0,0,0,0,0,0,0,0,0,0,0,0,0,0,0,16692,4714,0,0,0,10366,18404,0,0,0,0,0,0,0,0,0,0,0,0,0,0,0,0,0,0,2682,6236,29182,12076,12632,TCGA-GM-A2DI-DX1_xmin22802_ymin51060_MPP-0.2500+6
9645,8626,0,0,0,5792,26073,0,0,0,0,0,0,0,0,0,0,0,0,0,0,0,0,0,40,9489,8782,0,0,0,5180,26685,0,0,0,0,0,0,0,0,0,0,0,0,0,0,0,0,0,40,9451,8820,0,0,0,5119,26746,0,0,0,0,0,0,0,0,0,0,0,0,0,0,0,0,0,40,3964,2348,29704,14120,14277,TCGA-GM-A2DI-DX1_xmin22802_ymin51060_MPP-0.2500+7
24220,8575,0,0,0,2356,3641,0,0,0,0,0,0,0,0,0,0,0,0,0,0,0,0,0,11384,22945,9850,0,0,0,2231,3766,0,0,0,0,0,0,0,0,0,0,0,0,0,0,0,0,0,11384,22853,9942,0,0,0,2421,3576,0,0,0,0,0,0,0,0,0,0,0,0,0,0,0,0,0,11384,3030,3964,21564,10234,8308,TCGA-GM-A2DI-DX1_xmin22802_ymin51060_MPP-0.2500+8
22137,1967,0,0,0,10835,14937,0,0,0,0,0,0,0,0,0,0,0,0,0,0,0,0,0,300,22271,1833,0,0,0,10697,15075,0,0,0,0,0,0,0,0,0,0,0,0,0,0,0,0,0,300,21039,3065,0,0,0,8865,16907,0,0,0,0,0,0,0,0,0,0,0,0,0,0,0,0,0,300,2312,6185,28461,12918,11208,TCGA-GM-A2DI-DX1_xmin22802_ymin51060_MPP-0.2500+9
0,0,0,0,0,0,0,0,0,0,0,0,0,0,0,0,0,0,50176,0,0,0,0,0,0,0,0,0,0,0,0,0,0,0,0,0,0,0,0,0,0,0,0,50176,0,0,0,0,0,0,0,0,0,0,0,0,0,0,0,0,0,0,0,0,0,0,0,0,50176,0,0,0,0,0,0,24128,0,24509,1539,33999,TCGA-GM-A3XL-DX1_xmin29910_ymin15820_MPP-0.2500+0
0,0,0,0,0,0,0,0,0,0,0,0,0,0,0,16,0,0,50160,0,0,0,0,0,0,0,0,0,0,0,0,0,0,0,0,0,0,0,0,0,16,0,0,50160,0,0,0,0,0,0,0,0,0,0,0,0,0,0,0,0,0,0,0,0,0,16,0,0,50160,0,0,0,0,0,0,20471,0,28950,755,29225,TCGA-GM-A3XL-DX1_xmin29910_ymin15820_MPP-0.2500+1
0,0,0,0,0,0,0,0,0,0,0,0,0,0,0,0,0,0,50176,0,0,0,0,0,0,0,0,0,0,0,0,0,0,0,0,0,0,0,0,0,0,0,0,50176,0,0,0,0,0,0,0,0,0,0,0,0,0,0,0,0,0,0,0,0,0,0,0,0,50176,0,0,0,0,0,0,24359,0,20817,5000,32826,TCGA-GM-A3XL-DX1_xmin29910_ymin15820_MPP-0.2500+10
33955,3949,0,0,0,1544,10728,0,0,0,0,0,0,0,0,0,0,0,0,0,0,0,0,0,0,34200,3704,0,0,0,1584,10688,0,0,0,0,0,0,0,0,0,0,0,0,0,0,0,0,0,0,34032,3872,0,0,0,1608,10664,0,0,0,0,0,0,0,0,0,0,0,0,0,0,0,0,0,0,3809,767,42191,3409,6069,TCGA-GM-A3XL-DX1_xmin29910_ymin15820_MPP-0.2500+100
50176,0,0,0,0,0,0,0,0,0,0,0,0,0,0,0,0,0,0,0,0,0,0,0,0,50176,0,0,0,0,0,0,0,0,0,0,0,0,0,0,0,0,0,0,0,0,0,0,0,0,50176,0,0,0,0,0,0,0,0,0,0,0,0,0,0,0,0,0,0,0,0,0,0,0,0,6634,0,43542,0,2628,TCGA-GM-A3XL-DX1_xmin29910_ymin15820_MPP-0.2500+101
50176,0,0,0,0,0,0,0,0,0,0,0,0,0,0,0,0,0,0,0,0,0,0,0,0,50176,0,0,0,0,0,0,0,0,0,0,0,0,0,0,0,0,0,0,0,0,0,0,0,0,50176,0,0,0,0,0,0,0,0,0,0,0,0,0,0,0,0,0,0,0,0,0,0,0,0,981,0,48443,752,3614,TCGA-GM-A3XL-DX1_xmin29910_ymin15820_MPP-0.2500+102
50176,0,0,0,0,0,0,0,0,0,0,0,0,0,0,0,0,0,0,0,0,0,0,0,0,50176,0,0,0,0,0,0,0,0,0,0,0,0,0,0,0,0,0,0,0,0,0,0,0,0,50176,0,0,0,0,0,0,0,0,0,0,0,0,0,0,0,0,0,0,0,0,0,0,0,0,1980,0,48196,0,1348,TCGA-GM-A3XL-DX1_xmin29910_ymin15820_MPP-0.2500+103
50176,0,0,0,0,0,0,0,0,0,0,0,0,0,0,0,0,0,0,0,0,0,0,0,0,50176,0,0,0,0,0,0,0,0,0,0,0,0,0,0,0,0,0,0,0,0,0,0,0,0,50176,0,0,0,0,0,0,0,0,0,0,0,0,0,0,0,0,0,0,0,0,0,0,0,0,3518,0,45761,897,4076,TCGA-GM-A3XL-DX1_xmin29910_ymin15820_MPP-0.2500+104
50176,0,0,0,0,0,0,0,0,0,0,0,0,0,0,0,0,0,0,0,0,0,0,0,0,50176,0,0,0,0,0,0,0,0,0,0,0,0,0,0,0,0,0,0,0,0,0,0,0,0,50176,0,0,0,0,0,0,0,0,0,0,0,0,0,0,0,0,0,0,0,0,0,0,0,0,0,0,50176,0,170,TCGA-GM-A3XL-DX1_xmin29910_ymin15820_MPP-0.2500+105
50176,0,0,0,0,0,0,0,0,0,0,0,0,0,0,0,0,0,0,0,0,0,0,0,0,50176,0,0,0,0,0,0,0,0,0,0,0,0,0,0,0,0,0,0,0,0,0,0,0,0,50176,0,0,0,0,0,0,0,0,0,0,0,0,0,0,0,0,0,0,0,0,0,0,0,0,1828,0,48348,0,1362,TCGA-GM-A3XL-DX1_xmin29910_ymin15820_MPP-0.2500+106
50176,0,0,0,0,0,0,0,0,0,0,0,0,0,0,0,0,0,0,0,0,0,0,0,0,50176,0,0,0,0,0,0,0,0,0,0,0,0,0,0,0,0,0,0,0,0,0,0,0,0,50176,0,0,0,0,0,0,0,0,0,0,0,0,0,0,0,0,0,0,0,0,0,0,0,0,1572,0,48571,33,1748,TCGA-GM-A3XL-DX1_xmin29910_ymin15820_MPP-0.2500+107
50176,0,0,0,0,0,0,0,0,0,0,0,0,0,0,0,0,0,0,0,0,0,0,0,0,50176,0,0,0,0,0,0,0,0,0,0,0,0,0,0,0,0,0,0,0,0,0,0,0,0,50176,0,0,0,0,0,0,0,0,0,0,0,0,0,0,0,0,0,0,0,0,0,0,0,0,2272,0,47904,0,2243,TCGA-GM-A3XL-DX1_xmin29910_ymin15820_MPP-0.2500+108
18409,720,0,0,0,12222,18825,0,0,0,0,0,0,0,0,0,0,0,0,0,0,0,0,0,0,18313,816,0,0,0,12424,18623,0,0,0,0,0,0,0,0,0,0,0,0,0,0,0,0,0,0,18230,899,0,0,0,12389,18658,0,0,0,0,0,0,0,0,0,0,0,0,0,0,0,0,0,0,3960,3242,30389,12585,6987,TCGA-GM-A3XL-DX1_xmin29910_ymin15820_MPP-0.2500+109
263,0,0,856,0,0,0,0,36,0,0,0,0,0,0,9,0,0,49012,0,0,0,0,0,0,167,0,0,952,0,0,0,0,36,0,0,0,0,0,0,9,0,0,49012,0,0,0,0,0,0,167,0,0,952,0,0,0,0,36,0,0,0,0,0,0,9,0,0,49012,0,0,0,0,0,0,23827,104,18808,7437,31514,TCGA-GM-A3XL-DX1_xmin29910_ymin15820_MPP-0.2500+11
50176,0,0,0,0,0,0,0,0,0,0,0,0,0,0,0,0,0,0,0,0,0,0,0,0,50176,0,0,0,0,0,0,0,0,0,0,0,0,0,0,0,0,0,0,0,0,0,0,0,0,50176,0,0,0,0,0,0,0,0,0,0,0,0,0,0,0,0,0,0,0,0,0,0,0,0,1836,0,47921,419,2767,TCGA-GM-A3XL-DX1_xmin29910_ymin15820_MPP-0.2500+110
48730,0,0,0,0,1446,0,0,0,0,0,0,0,0,0,0,0,0,0,0,0,0,0,0,0,48730,0,0,0,0,1446,0,0,0,0,0,0,0,0,0,0,0,0,0,0,0,0,0,0,0,48730,0,0,0,0,1446,0,0,0,0,0,0,0,0,0,0,0,0,0,0,0,0,0,0,0,1490,510,46915,1261,2713,TCGA-GM-A3XL-DX1_xmin29910_ymin15820_MPP-0.2500+111
48178,0,0,0,0,1998,0,0,0,0,0,0,0,0,0,0,0,0,0,0,0,0,0,0,0,48178,0,0,0,0,1998,0,0,0,0,0,0,0,0,0,0,0,0,0,0,0,0,0,0,0,48178,0,0,0,0,1998,0,0,0,0,0,0,0,0,0,0,0,0,0,0,0,0,0,0,0,1309,71,46869,1927,2337,TCGA-GM-A3XL-DX1_xmin29910_ymin15820_MPP-0.2500+112
25426,0,0,0,0,22227,0,0,0,0,0,0,0,0,0,0,0,0,0,0,0,0,0,0,2523,25426,0,0,0,0,22227,0,0,0,0,0,0,0,0,0,0,0,0,0,0,0,0,0,0,2523,25426,0,0,0,0,22227,0,0,0,0,0,0,0,0,0,0,0,0,0,0,0,0,0,0,2523,1654,2545,29605,13849,2917,TCGA-GM-A3XL-DX1_xmin29910_ymin15820_MPP-0.2500+113
9559,790,0,0,0,0,7961,0,0,0,0,0,0,0,0,0,0,0,0,0,0,0,0,0,31866,9602,747,0,0,0,0,7961,0,0,0,0,0,0,0,0,0,0,0,0,0,0,0,0,0,31866,9615,734,0,0,0,0,7961,0,0,0,0,0,0,0,0,0,0,0,0,0,0,0,0,0,31866,2293,413,15166,438,2739,TCGA-GM-A3XL-DX1_xmin29910_ymin15820_MPP-0.2500+114
46569,0,0,0,0,0,0,0,0,0,0,0,0,0,0,0,0,0,0,0,0,0,0,0,3607,46569,0,0,0,0,0,0,0,0,0,0,0,0,0,0,0,0,0,0,0,0,0,0,0,3607,46569,0,0,0,0,0,0,0,0,0,0,0,0,0,0,0,0,0,0,0,0,0,0,0,3607,4851,1266,35873,4579,7628,TCGA-GM-A3XL-DX1_xmin29910_ymin15820_MPP-0.2500+115
50176,0,0,0,0,0,0,0,0,0,0,0,0,0,0,0,0,0,0,0,0,0,0,0,0,50176,0,0,0,0,0,0,0,0,0,0,0,0,0,0,0,0,0,0,0,0,0,0,0,0,50176,0,0,0,0,0,0,0,0,0,0,0,0,0,0,0,0,0,0,0,0,0,0,0,0,1364,0,48400,412,1167,TCGA-GM-A3XL-DX1_xmin29910_ymin15820_MPP-0.2500+116
50176,0,0,0,0,0,0,0,0,0,0,0,0,0,0,0,0,0,0,0,0,0,0,0,0,50176,0,0,0,0,0,0,0,0,0,0,0,0,0,0,0,0,0,0,0,0,0,0,0,0,50176,0,0,0,0,0,0,0,0,0,0,0,0,0,0,0,0,0,0,0,0,0,0,0,0,3273,0,45550,1353,4933,TCGA-GM-A3XL-DX1_xmin29910_ymin15820_MPP-0.2500+117
50176,0,0,0,0,0,0,0,0,0,0,0,0,0,0,0,0,0,0,0,0,0,0,0,0,50176,0,0,0,0,0,0,0,0,0,0,0,0,0,0,0,0,0,0,0,0,0,0,0,0,50176,0,0,0,0,0,0,0,0,0,0,0,0,0,0,0,0,0,0,0,0,0,0,0,0,6587,0,43587,2,3820,TCGA-GM-A3XL-DX1_xmin29910_ymin15820_MPP-0.2500+118
50176,0,0,0,0,0,0,0,0,0,0,0,0,0,0,0,0,0,0,0,0,0,0,0,0,50176,0,0,0,0,0,0,0,0,0,0,0,0,0,0,0,0,0,0,0,0,0,0,0,0,50176,0,0,0,0,0,0,0,0,0,0,0,0,0,0,0,0,0,0,0,0,0,0,0,0,5262,15,41791,3108,3511,TCGA-GM-A3XL-DX1_xmin29910_ymin15820_MPP-0.2500+119
49131,0,0,0,0,0,0,0,0,0,0,0,0,0,0,1045,0,0,0,0,0,0,0,0,0,49131,0,0,0,0,0,0,0,0,0,0,0,0,0,0,1045,0,0,0,0,0,0,0,0,0,49131,0,0,0,0,0,0,0,0,0,0,0,0,0,0,1045,0,0,0,0,0,0,0,0,0,6450,52,41740,1934,6684,TCGA-GM-A3XL-DX1_xmin29910_ymin15820_MPP-0.2500+12
49337,0,0,0,0,839,0,0,0,0,0,0,0,0,0,0,0,0,0,0,0,0,0,0,0,49337,0,0,0,0,839,0,0,0,0,0,0,0,0,0,0,0,0,0,0,0,0,0,0,0,49337,0,0,0,0,839,0,0,0,0,0,0,0,0,0,0,0,0,0,0,0,0,0,0,0,4498,773,38785,6120,5467,TCGA-GM-A3XL-DX1_xmin29910_ymin15820_MPP-0.2500+120
35576,0,0,0,0,14600,0,0,0,0,0,0,0,0,0,0,0,0,0,0,0,0,0,0,0,35576,0,0,0,0,14600,0,0,0,0,0,0,0,0,0,0,0,0,0,0,0,0,0,0,0,35576,0,0,0,0,14600,0,0,0,0,0,0,0,0,0,0,0,0,0,0,0,0,0,0,0,5934,949,39815,3478,7352,TCGA-GM-A3XL-DX1_xmin29910_ymin15820_MPP-0.2500+121
50176,0,0,0,0,0,0,0,0,0,0,0,0,0,0,0,0,0,0,0,0,0,0,0,0,50176,0,0,0,0,0,0,0,0,0,0,0,0,0,0,0,0,0,0,0,0,0,0,0,0,50176,0,0,0,0,0,0,0,0,0,0,0,0,0,0,0,0,0,0,0,0,0,0,0,0,4626,0,45550,0,6501,TCGA-GM-A3XL-DX1_xmin29910_ymin15820_MPP-0.2500+122
50176,0,0,0,0,0,0,0,0,0,0,0,0,0,0,0,0,0,0,0,0,0,0,0,0,50176,0,0,0,0,0,0,0,0,0,0,0,0,0,0,0,0,0,0,0,0,0,0,0,0,50176,0,0,0,0,0,0,0,0,0,0,0,0,0,0,0,0,0,0,0,0,0,0,0,0,2202,0,47974,0,2521,TCGA-GM-A3XL-DX1_xmin29910_ymin15820_MPP-0.2500+123
50176,0,0,0,0,0,0,0,0,0,0,0,0,0,0,0,0,0,0,0,0,0,0,0,0,50176,0,0,0,0,0,0,0,0,0,0,0,0,0,0,0,0,0,0,0,0,0,0,0,0,50176,0,0,0,0,0,0,0,0,0,0,0,0,0,0,0,0,0,0,0,0,0,0,0,0,1949,0,48227,0,2686,TCGA-GM-A3XL-DX1_xmin29910_ymin15820_MPP-0.2500+124
25126,1,0,0,0,4138,20911,0,0,0,0,0,0,0,0,0,0,0,0,0,0,0,0,0,0,25125,2,0,0,0,4299,20750,0,0,0,0,0,0,0,0,0,0,0,0,0,0,0,0,0,0,25053,74,0,0,0,3908,21141,0,0,0,0,0,0,0,0,0,0,0,0,0,0,0,0,0,0,2816,2168,36519,8673,11384,TCGA-GM-A3XL-DX1_xmin29910_ymin15820_MPP-0.2500+125
0,0,0,0,0,0,47017,0,0,0,0,0,0,0,0,0,0,0,0,0,0,0,0,0,3159,0,0,0,0,0,0,47017,0,0,0,0,0,0,0,0,0,0,0,0,0,0,0,0,0,3159,0,0,0,0,0,0,47017,0,0,0,0,0,0,0,0,0,0,0,0,0,0,0,0,0,3159,7955,0,37781,1281,12037,TCGA-GM-A3XL-DX1_xmin29910_ymin15820_MPP-0.2500+126
9584,1401,0,0,0,0,17108,0,0,0,0,0,0,0,0,0,0,0,0,0,0,0,0,0,22083,9548,1437,0,0,0,0,17108,0,0,0,0,0,0,0,0,0,0,0,0,0,0,0,0,0,22083,9593,1392,0,0,0,0,17108,0,0,0,0,0,0,0,0,0,0,0,0,0,0,0,0,0,22083,4691,382,21837,1183,4924,TCGA-GM-A3XL-DX1_xmin29910_ymin15820_MPP-0.2500+127
49783,0,0,0,0,347,0,0,0,0,0,0,0,0,0,0,0,0,0,0,0,0,0,0,46,49783,0,0,0,0,347,0,0,0,0,0,0,0,0,0,0,0,0,0,0,0,0,0,0,46,49783,0,0,0,0,347,0,0,0,0,0,0,0,0,0,0,0,0,0,0,0,0,0,0,46,2670,73,46028,1359,3219,TCGA-GM-A3XL-DX1_xmin29910_ymin15820_MPP-0.2500+128
50176,0,0,0,0,0,0,0,0,0,0,0,0,0,0,0,0,0,0,0,0,0,0,0,0,50176,0,0,0,0,0,0,0,0,0,0,0,0,0,0,0,0,0,0,0,0,0,0,0,0,50176,0,0,0,0,0,0,0,0,0,0,0,0,0,0,0,0,0,0,0,0,0,0,0,0,2341,0,47618,217,2767,TCGA-GM-A3XL-DX1_xmin29910_ymin15820_MPP-0.2500+129
50176,0,0,0,0,0,0,0,0,0,0,0,0,0,0,0,0,0,0,0,0,0,0,0,0,50176,0,0,0,0,0,0,0,0,0,0,0,0,0,0,0,0,0,0,0,0,0,0,0,0,50176,0,0,0,0,0,0,0,0,0,0,0,0,0,0,0,0,0,0,0,0,0,0,0,0,7348,0,42527,301,9764,TCGA-GM-A3XL-DX1_xmin29910_ymin15820_MPP-0.2500+13
50176,0,0,0,0,0,0,0,0,0,0,0,0,0,0,0,0,0,0,0,0,0,0,0,0,50176,0,0,0,0,0,0,0,0,0,0,0,0,0,0,0,0,0,0,0,0,0,0,0,0,50176,0,0,0,0,0,0,0,0,0,0,0,0,0,0,0,0,0,0,0,0,0,0,0,0,1613,0,48055,508,2476,TCGA-GM-A3XL-DX1_xmin29910_ymin15820_MPP-0.2500+130
50176,0,0,0,0,0,0,0,0,0,0,0,0,0,0,0,0,0,0,0,0,0,0,0,0,50176,0,0,0,0,0,0,0,0,0,0,0,0,0,0,0,0,0,0,0,0,0,0,0,0,50176,0,0,0,0,0,0,0,0,0,0,0,0,0,0,0,0,0,0,0,0,0,0,0,0,7913,0,40965,1298,3971,TCGA-GM-A3XL-DX1_xmin29910_ymin15820_MPP-0.2500+131
50176,0,0,0,0,0,0,0,0,0,0,0,0,0,0,0,0,0,0,0,0,0,0,0,0,50176,0,0,0,0,0,0,0,0,0,0,0,0,0,0,0,0,0,0,0,0,0,0,0,0,50176,0,0,0,0,0,0,0,0,0,0,0,0,0,0,0,0,0,0,0,0,0,0,0,0,3463,0,46709,4,2890,TCGA-GM-A3XL-DX1_xmin29910_ymin15820_MPP-0.2500+132
50176,0,0,0,0,0,0,0,0,0,0,0,0,0,0,0,0,0,0,0,0,0,0,0,0,50176,0,0,0,0,0,0,0,0,0,0,0,0,0,0,0,0,0,0,0,0,0,0,0,0,50176,0,0,0,0,0,0,0,0,0,0,0,0,0,0,0,0,0,0,0,0,0,0,0,0,7060,0,42512,604,6339,TCGA-GM-A3XL-DX1_xmin29910_ymin15820_MPP-0.2500+133
50176,0,0,0,0,0,0,0,0,0,0,0,0,0,0,0,0,0,0,0,0,0,0,0,0,50176,0,0,0,0,0,0,0,0,0,0,0,0,0,0,0,0,0,0,0,0,0,0,0,0,50176,0,0,0,0,0,0,0,0,0,0,0,0,0,0,0,0,0,0,0,0,0,0,0,0,2617,0,47316,243,1831,TCGA-GM-A3XL-DX1_xmin29910_ymin15820_MPP-0.2500+134
50176,0,0,0,0,0,0,0,0,0,0,0,0,0,0,0,0,0,0,0,0,0,0,0,0,50176,0,0,0,0,0,0,0,0,0,0,0,0,0,0,0,0,0,0,0,0,0,0,0,0,50176,0,0,0,0,0,0,0,0,0,0,0,0,0,0,0,0,0,0,0,0,0,0,0,0,2771,0,47391,14,4276,TCGA-GM-A3XL-DX1_xmin29910_ymin15820_MPP-0.2500+135
50176,0,0,0,0,0,0,0,0,0,0,0,0,0,0,0,0,0,0,0,0,0,0,0,0,50176,0,0,0,0,0,0,0,0,0,0,0,0,0,0,0,0,0,0,0,0,0,0,0,0,50176,0,0,0,0,0,0,0,0,0,0,0,0,0,0,0,0,0,0,0,0,0,0,0,0,111,0,50065,0,344,TCGA-GM-A3XL-DX1_xmin29910_ymin15820_MPP-0.2500+136
40177,0,0,0,0,9999,0,0,0,0,0,0,0,0,0,0,0,0,0,0,0,0,0,0,0,40177,0,0,0,0,9999,0,0,0,0,0,0,0,0,0,0,0,0,0,0,0,0,0,0,0,40177,0,0,0,0,9999,0,0,0,0,0,0,0,0,0,0,0,0,0,0,0,0,0,0,0,594,1944,45808,1830,2668,TCGA-GM-A3XL-DX1_xmin29910_ymin15820_MPP-0.2500+137
33194,1971,0,0,0,1781,13230,0,0,0,0,0,0,0,0,0,0,0,0,0,0,0,0,0,0,33217,1948,0,0,0,1916,13095,0,0,0,0,0,0,0,0,0,0,0,0,0,0,0,0,0,0,32753,2412,0,0,0,1864,13147,0,0,0,0,0,0,0,0,0,0,0,0,0,0,0,0,0,0,2464,705,41485,5522,6220,TCGA-GM-A3XL-DX1_xmin29910_ymin15820_MPP-0.2500+138
31899,1374,0,0,0,902,16001,0,0,0,0,0,0,0,0,0,0,0,0,0,0,0,0,0,0,31894,1379,0,0,0,848,16055,0,0,0,0,0,0,0,0,0,0,0,0,0,0,0,0,0,0,31807,1466,0,0,0,803,16100,0,0,0,0,0,0,0,0,0,0,0,0,0,0,0,0,0,0,2032,469,46584,1091,3154,TCGA-GM-A3XL-DX1_xmin29910_ymin15820_MPP-0.2500+139
50176,0,0,0,0,0,0,0,0,0,0,0,0,0,0,0,0,0,0,0,0,0,0,0,0,50176,0,0,0,0,0,0,0,0,0,0,0,0,0,0,0,0,0,0,0,0,0,0,0,0,50176,0,0,0,0,0,0,0,0,0,0,0,0,0,0,0,0,0,0,0,0,0,0,0,0,7460,0,42716,0,5698,TCGA-GM-A3XL-DX1_xmin29910_ymin15820_MPP-0.2500+14
18446,10474,0,0,0,3776,17480,0,0,0,0,0,0,0,0,0,0,0,0,0,0,0,0,0,0,18607,10313,0,0,0,3858,17398,0,0,0,0,0,0,0,0,0,0,0,0,0,0,0,0,0,0,18489,10431,0,0,0,3851,17405,0,0,0,0,0,0,0,0,0,0,0,0,0,0,0,0,0,0,1392,2161,33403,13220,9392,TCGA-GM-A3XL-DX1_xmin29910_ymin15820_MPP-0.2500+140
48574,0,0,0,0,1602,0,0,0,0,0,0,0,0,0,0,0,0,0,0,0,0,0,0,0,48574,0,0,0,0,1602,0,0,0,0,0,0,0,0,0,0,0,0,0,0,0,0,0,0,0,48574,0,0,0,0,1602,0,0,0,0,0,0,0,0,0,0,0,0,0,0,0,0,0,0,0,2406,271,46672,827,2134,TCGA-GM-A3XL-DX1_xmin29910_ymin15820_MPP-0.2500+141
50176,0,0,0,0,0,0,0,0,0,0,0,0,0,0,0,0,0,0,0,0,0,0,0,0,50176,0,0,0,0,0,0,0,0,0,0,0,0,0,0,0,0,0,0,0,0,0,0,0,0,50176,0,0,0,0,0,0,0,0,0,0,0,0,0,0,0,0,0,0,0,0,0,0,0,0,3134,0,46381,661,4503,TCGA-GM-A3XL-DX1_xmin29910_ymin15820_MPP-0.2500+142
50176,0,0,0,0,0,0,0,0,0,0,0,0,0,0,0,0,0,0,0,0,0,0,0,0,50176,0,0,0,0,0,0,0,0,0,0,0,0,0,0,0,0,0,0,0,0,0,0,0,0,50176,0,0,0,0,0,0,0,0,0,0,0,0,0,0,0,0,0,0,0,0,0,0,0,0,3588,1584,36953,8051,6279,TCGA-GM-A3XL-DX1_xmin29910_ymin15820_MPP-0.2500+143
46013,0,0,0,0,4163,0,0,0,0,0,0,0,0,0,0,0,0,0,0,0,0,0,0,0,46013,0,0,0,0,4163,0,0,0,0,0,0,0,0,0,0,0,0,0,0,0,0,0,0,0,46013,0,0,0,0,4163,0,0,0,0,0,0,0,0,0,0,0,0,0,0,0,0,0,0,0,4230,962,36332,8652,6103,TCGA-GM-A3XL-DX1_xmin29910_ymin15820_MPP-0.2500+144
50176,0,0,0,0,0,0,0,0,0,0,0,0,0,0,0,0,0,0,0,0,0,0,0,0,50176,0,0,0,0,0,0,0,0,0,0,0,0,0,0,0,0,0,0,0,0,0,0,0,0,50176,0,0,0,0,0,0,0,0,0,0,0,0,0,0,0,0,0,0,0,0,0,0,0,0,1385,0,48791,0,1071,TCGA-GM-A3XL-DX1_xmin29910_ymin15820_MPP-0.2500+145
50176,0,0,0,0,0,0,0,0,0,0,0,0,0,0,0,0,0,0,0,0,0,0,0,0,50176,0,0,0,0,0,0,0,0,0,0,0,0,0,0,0,0,0,0,0,0,0,0,0,0,50176,0,0,0,0,0,0,0,0,0,0,0,0,0,0,0,0,0,0,0,0,0,0,0,0,2926,0,45513,1737,3854,TCGA-GM-A3XL-DX1_xmin29910_ymin15820_MPP-0.2500+146
50176,0,0,0,0,0,0,0,0,0,0,0,0,0,0,0,0,0,0,0,0,0,0,0,0,50176,0,0,0,0,0,0,0,0,0,0,0,0,0,0,0,0,0,0,0,0,0,0,0,0,50176,0,0,0,0,0,0,0,0,0,0,0,0,0,0,0,0,0,0,0,0,0,0,0,0,1147,0,49029,0,1160,TCGA-GM-A3XL-DX1_xmin29910_ymin15820_MPP-0.2500+147
50176,0,0,0,0,0,0,0,0,0,0,0,0,0,0,0,0,0,0,0,0,0,0,0,0,50176,0,0,0,0,0,0,0,0,0,0,0,0,0,0,0,0,0,0,0,0,0,0,0,0,50176,0,0,0,0,0,0,0,0,0,0,0,0,0,0,0,0,0,0,0,0,0,0,0,0,1227,0,48949,0,1549,TCGA-GM-A3XL-DX1_xmin29910_ymin15820_MPP-0.2500+148
50176,0,0,0,0,0,0,0,0,0,0,0,0,0,0,0,0,0,0,0,0,0,0,0,0,50176,0,0,0,0,0,0,0,0,0,0,0,0,0,0,0,0,0,0,0,0,0,0,0,0,50176,0,0,0,0,0,0,0,0,0,0,0,0,0,0,0,0,0,0,0,0,0,0,0,0,4034,0,45849,293,4004,TCGA-GM-A3XL-DX1_xmin29910_ymin15820_MPP-0.2500+149
50176,0,0,0,0,0,0,0,0,0,0,0,0,0,0,0,0,0,0,0,0,0,0,0,0,50176,0,0,0,0,0,0,0,0,0,0,0,0,0,0,0,0,0,0,0,0,0,0,0,0,50176,0,0,0,0,0,0,0,0,0,0,0,0,0,0,0,0,0,0,0,0,0,0,0,0,4942,0,45080,154,4434,TCGA-GM-A3XL-DX1_xmin29910_ymin15820_MPP-0.2500+15
50176,0,0,0,0,0,0,0,0,0,0,0,0,0,0,0,0,0,0,0,0,0,0,0,0,50176,0,0,0,0,0,0,0,0,0,0,0,0,0,0,0,0,0,0,0,0,0,0,0,0,50176,0,0,0,0,0,0,0,0,0,0,0,0,0,0,0,0,0,0,0,0,0,0,0,0,4172,0,46004,0,4288,TCGA-GM-A3XL-DX1_xmin29910_ymin15820_MPP-0.2500+150
50176,0,0,0,0,0,0,0,0,0,0,0,0,0,0,0,0,0,0,0,0,0,0,0,0,50176,0,0,0,0,0,0,0,0,0,0,0,0,0,0,0,0,0,0,0,0,0,0,0,0,50176,0,0,0,0,0,0,0,0,0,0,0,0,0,0,0,0,0,0,0,0,0,0,0,0,3098,0,47077,1,4428,TCGA-GM-A3XL-DX1_xmin29910_ymin15820_MPP-0.2500+151
32546,17630,0,0,0,0,0,0,0,0,0,0,0,0,0,0,0,0,0,0,0,0,0,0,0,32486,17690,0,0,0,0,0,0,0,0,0,0,0,0,0,0,0,0,0,0,0,0,0,0,0,32266,17910,0,0,0,0,0,0,0,0,0,0,0,0,0,0,0,0,0,0,0,0,0,0,0,2639,1688,32647,13202,7150,TCGA-GM-A3XL-DX1_xmin29910_ymin15820_MPP-0.2500+152
17674,23029,0,0,0,1593,7880,0,0,0,0,0,0,0,0,0,0,0,0,0,0,0,0,0,0,18035,22668,0,0,0,1679,7794,0,0,0,0,0,0,0,0,0,0,0,0,0,0,0,0,0,0,18064,22639,0,0,0,1608,7865,0,0,0,0,0,0,0,0,0,0,0,0,0,0,0,0,0,0,2834,4722,21940,20680,12055,TCGA-GM-A3XL-DX1_xmin29910_ymin15820_MPP-0.2500+153
50176,0,0,0,0,0,0,0,0,0,0,0,0,0,0,0,0,0,0,0,0,0,0,0,0,50176,0,0,0,0,0,0,0,0,0,0,0,0,0,0,0,0,0,0,0,0,0,0,0,0,50176,0,0,0,0,0,0,0,0,0,0,0,0,0,0,0,0,0,0,0,0,0,0,0,0,3483,46,43089,3558,5502,TCGA-GM-A3XL-DX1_xmin29910_ymin15820_MPP-0.2500+154
49351,0,0,0,0,825,0,0,0,0,0,0,0,0,0,0,0,0,0,0,0,0,0,0,0,49351,0,0,0,0,825,0,0,0,0,0,0,0,0,0,0,0,0,0,0,0,0,0,0,0,49351,0,0,0,0,825,0,0,0,0,0,0,0,0,0,0,0,0,0,0,0,0,0,0,0,5302,143,41085,3646,6200,TCGA-GM-A3XL-DX1_xmin29910_ymin15820_MPP-0.2500+155
5693,5026,0,0,0,1466,37991,0,0,0,0,0,0,0,0,0,0,0,0,0,0,0,0,0,0,5701,5018,0,0,0,2073,37384,0,0,0,0,0,0,0,0,0,0,0,0,0,0,0,0,0,0,5707,5012,0,0,0,2251,37206,0,0,0,0,0,0,0,0,0,0,0,0,0,0,0,0,0,0,7219,5005,23285,14667,13227,TCGA-GM-A3XL-DX1_xmin29910_ymin15820_MPP-0.2500+156
18738,19230,0,0,0,0,12208,0,0,0,0,0,0,0,0,0,0,0,0,0,0,0,0,0,0,18897,19071,0,0,0,0,12208,0,0,0,0,0,0,0,0,0,0,0,0,0,0,0,0,0,0,18959,19009,0,0,0,0,12208,0,0,0,0,0,0,0,0,0,0,0,0,0,0,0,0,0,0,3394,2819,30009,13954,8794,TCGA-GM-A3XL-DX1_xmin29910_ymin15820_MPP-0.2500+157
50176,0,0,0,0,0,0,0,0,0,0,0,0,0,0,0,0,0,0,0,0,0,0,0,0,50176,0,0,0,0,0,0,0,0,0,0,0,0,0,0,0,0,0,0,0,0,0,0,0,0,50176,0,0,0,0,0,0,0,0,0,0,0,0,0,0,0,0,0,0,0,0,0,0,0,0,4843,0,45333,0,5259,TCGA-GM-A3XL-DX1_xmin29910_ymin15820_MPP-0.2500+158
50176,0,0,0,0,0,0,0,0,0,0,0,0,0,0,0,0,0,0,0,0,0,0,0,0,50176,0,0,0,0,0,0,0,0,0,0,0,0,0,0,0,0,0,0,0,0,0,0,0,0,50176,0,0,0,0,0,0,0,0,0,0,0,0,0,0,0,0,0,0,0,0,0,0,0,0,3987,0,44879,1310,4913,TCGA-GM-A3XL-DX1_xmin29910_ymin15820_MPP-0.2500+159
36078,0,0,0,0,235,0,0,0,0,0,0,0,0,0,0,0,0,0,0,0,0,0,0,13863,36078,0,0,0,0,235,0,0,0,0,0,0,0,0,0,0,0,0,0,0,0,0,0,0,13863,36078,0,0,0,0,235,0,0,0,0,0,0,0,0,0,0,0,0,0,0,0,0,0,0,13863,852,106,34921,434,1074,TCGA-GM-A3XL-DX1_xmin29910_ymin15820_MPP-0.2500+16
50176,0,0,0,0,0,0,0,0,0,0,0,0,0,0,0,0,0,0,0,0,0,0,0,0,50176,0,0,0,0,0,0,0,0,0,0,0,0,0,0,0,0,0,0,0,0,0,0,0,0,50176,0,0,0,0,0,0,0,0,0,0,0,0,0,0,0,0,0,0,0,0,0,0,0,0,3117,0,47059,0,1494,TCGA-GM-A3XL-DX1_xmin29910_ymin15820_MPP-0.2500+160
50176,0,0,0,0,0,0,0,0,0,0,0,0,0,0,0,0,0,0,0,0,0,0,0,0,50176,0,0,0,0,0,0,0,0,0,0,0,0,0,0,0,0,0,0,0,0,0,0,0,0,50176,0,0,0,0,0,0,0,0,0,0,0,0,0,0,0,0,0,0,0,0,0,0,0,0,1063,0,49113,0,1191,TCGA-GM-A3XL-DX1_xmin29910_ymin15820_MPP-0.2500+161
50176,0,0,0,0,0,0,0,0,0,0,0,0,0,0,0,0,0,0,0,0,0,0,0,0,50176,0,0,0,0,0,0,0,0,0,0,0,0,0,0,0,0,0,0,0,0,0,0,0,0,50176,0,0,0,0,0,0,0,0,0,0,0,0,0,0,0,0,0,0,0,0,0,0,0,0,916,0,49260,0,1473,TCGA-GM-A3XL-DX1_xmin29910_ymin15820_MPP-0.2500+162
50176,0,0,0,0,0,0,0,0,0,0,0,0,0,0,0,0,0,0,0,0,0,0,0,0,50176,0,0,0,0,0,0,0,0,0,0,0,0,0,0,0,0,0,0,0,0,0,0,0,0,50176,0,0,0,0,0,0,0,0,0,0,0,0,0,0,0,0,0,0,0,0,0,0,0,0,5470,0,44706,0,2765,TCGA-GM-A3XL-DX1_xmin29910_ymin15820_MPP-0.2500+163
50176,0,0,0,0,0,0,0,0,0,0,0,0,0,0,0,0,0,0,0,0,0,0,0,0,50176,0,0,0,0,0,0,0,0,0,0,0,0,0,0,0,0,0,0,0,0,0,0,0,0,50176,0,0,0,0,0,0,0,0,0,0,0,0,0,0,0,0,0,0,0,0,0,0,0,0,3024,0,46504,648,4581,TCGA-GM-A3XL-DX1_xmin29910_ymin15820_MPP-0.2500+164
6433,16305,0,0,0,3121,24317,0,0,0,0,0,0,0,0,0,0,0,0,0,0,0,0,0,0,6481,16257,0,0,0,3016,24422,0,0,0,0,0,0,0,0,0,0,0,0,0,0,0,0,0,0,6491,16247,0,0,0,3061,24377,0,0,0,0,0,0,0,0,0,0,0,0,0,0,0,0,0,0,4010,1629,28902,15635,10468,TCGA-GM-A3XL-DX1_xmin29910_ymin15820_MPP-0.2500+165
50165,0,0,0,0,11,0,0,0,0,0,0,0,0,0,0,0,0,0,0,0,0,0,0,0,50165,0,0,0,0,11,0,0,0,0,0,0,0,0,0,0,0,0,0,0,0,0,0,0,0,50165,0,0,0,0,11,0,0,0,0,0,0,0,0,0,0,0,0,0,0,0,0,0,0,0,3370,567,43367,2872,3458,TCGA-GM-A3XL-DX1_xmin29910_ymin15820_MPP-0.2500+166
50176,0,0,0,0,0,0,0,0,0,0,0,0,0,0,0,0,0,0,0,0,0,0,0,0,50176,0,0,0,0,0,0,0,0,0,0,0,0,0,0,0,0,0,0,0,0,0,0,0,0,50176,0,0,0,0,0,0,0,0,0,0,0,0,0,0,0,0,0,0,0,0,0,0,0,0,1292,0,48884,0,2197,TCGA-GM-A3XL-DX1_xmin29910_ymin15820_MPP-0.2500+167
47359,0,0,0,0,2817,0,0,0,0,0,0,0,0,0,0,0,0,0,0,0,0,0,0,0,47359,0,0,0,0,2817,0,0,0,0,0,0,0,0,0,0,0,0,0,0,0,0,0,0,0,47359,0,0,0,0,2817,0,0,0,0,0,0,0,0,0,0,0,0,0,0,0,0,0,0,0,3472,258,43754,2692,2178,TCGA-GM-A3XL-DX1_xmin29910_ymin15820_MPP-0.2500+168
14494,488,0,0,0,1177,34017,0,0,0,0,0,0,0,0,0,0,0,0,0,0,0,0,0,0,14443,539,0,0,0,1687,33507,0,0,0,0,0,0,0,0,0,0,0,0,0,0,0,0,0,0,14402,580,0,0,0,2228,32966,0,0,0,0,0,0,0,0,0,0,0,0,0,0,0,0,0,0,9701,987,35804,3684,11755,TCGA-GM-A3XL-DX1_xmin29910_ymin15820_MPP-0.2500+169
48644,0,0,0,0,373,0,0,0,0,0,0,0,0,0,0,0,0,0,0,0,0,0,0,1159,48644,0,0,0,0,373,0,0,0,0,0,0,0,0,0,0,0,0,0,0,0,0,0,0,1159,48644,0,0,0,0,373,0,0,0,0,0,0,0,0,0,0,0,0,0,0,0,0,0,0,1159,3860,86,44686,385,3660,TCGA-GM-A3XL-DX1_xmin29910_ymin15820_MPP-0.2500+17
24004,3905,0,0,0,3490,18777,0,0,0,0,0,0,0,0,0,0,0,0,0,0,0,0,0,0,24085,3824,0,0,0,3455,18812,0,0,0,0,0,0,0,0,0,0,0,0,0,0,0,0,0,0,23413,4496,0,0,0,3337,18930,0,0,0,0,0,0,0,0,0,0,0,0,0,0,0,0,0,0,5835,1314,37225,5802,9762,TCGA-GM-A3XL-DX1_xmin29910_ymin15820_MPP-0.2500+170
47336,0,0,0,0,0,0,0,0,0,0,0,0,0,0,0,0,0,0,0,0,0,0,0,2840,47336,0,0,0,0,0,0,0,0,0,0,0,0,0,0,0,0,0,0,0,0,0,0,0,2840,47336,0,0,0,0,0,0,0,0,0,0,0,0,0,0,0,0,0,0,0,0,0,0,0,2840,4181,0,41405,1750,3442,TCGA-GM-A3XL-DX1_xmin29910_ymin15820_MPP-0.2500+171
34910,9019,0,0,0,0,0,0,0,0,0,0,0,0,0,0,0,0,0,0,0,0,0,0,6247,34759,9170,0,0,0,0,0,0,0,0,0,0,0,0,0,0,0,0,0,0,0,0,0,0,6247,33968,9961,0,0,0,0,0,0,0,0,0,0,0,0,0,0,0,0,0,0,0,0,0,0,6247,6208,132,35519,2070,4371,TCGA-GM-A3XL-DX1_xmin29910_ymin15820_MPP-0.2500+172
50176,0,0,0,0,0,0,0,0,0,0,0,0,0,0,0,0,0,0,0,0,0,0,0,0,50176,0,0,0,0,0,0,0,0,0,0,0,0,0,0,0,0,0,0,0,0,0,0,0,0,50176,0,0,0,0,0,0,0,0,0,0,0,0,0,0,0,0,0,0,0,0,0,0,0,0,4099,0,46077,0,3077,TCGA-GM-A3XL-DX1_xmin29910_ymin15820_MPP-0.2500+173
50176,0,0,0,0,0,0,0,0,0,0,0,0,0,0,0,0,0,0,0,0,0,0,0,0,50176,0,0,0,0,0,0,0,0,0,0,0,0,0,0,0,0,0,0,0,0,0,0,0,0,50176,0,0,0,0,0,0,0,0,0,0,0,0,0,0,0,0,0,0,0,0,0,0,0,0,4288,0,45678,210,7237,TCGA-GM-A3XL-DX1_xmin29910_ymin15820_MPP-0.2500+174
50176,0,0,0,0,0,0,0,0,0,0,0,0,0,0,0,0,0,0,0,0,0,0,0,0,50176,0,0,0,0,0,0,0,0,0,0,0,0,0,0,0,0,0,0,0,0,0,0,0,0,50176,0,0,0,0,0,0,0,0,0,0,0,0,0,0,0,0,0,0,0,0,0,0,0,0,2436,0,47189,551,2308,TCGA-GM-A3XL-DX1_xmin29910_ymin15820_MPP-0.2500+175
50176,0,0,0,0,0,0,0,0,0,0,0,0,0,0,0,0,0,0,0,0,0,0,0,0,50176,0,0,0,0,0,0,0,0,0,0,0,0,0,0,0,0,0,0,0,0,0,0,0,0,50176,0,0,0,0,0,0,0,0,0,0,0,0,0,0,0,0,0,0,0,0,0,0,0,0,5115,1571,35217,8273,10047,TCGA-GM-A3XL-DX1_xmin29910_ymin15820_MPP-0.2500+176
36399,0,0,0,0,13777,0,0,0,0,0,0,0,0,0,0,0,0,0,0,0,0,0,0,0,36399,0,0,0,0,13777,0,0,0,0,0,0,0,0,0,0,0,0,0,0,0,0,0,0,0,36399,0,0,0,0,13777,0,0,0,0,0,0,0,0,0,0,0,0,0,0,0,0,0,0,0,3389,4017,21649,21121,15856,TCGA-GM-A3XL-DX1_xmin29910_ymin15820_MPP-0.2500+177
30792,0,0,0,0,19384,0,0,0,0,0,0,0,0,0,0,0,0,0,0,0,0,0,0,0,30792,0,0,0,0,19384,0,0,0,0,0,0,0,0,0,0,0,0,0,0,0,0,0,0,0,30792,0,0,0,0,19384,0,0,0,0,0,0,0,0,0,0,0,0,0,0,0,0,0,0,0,2755,4787,26009,16625,10322,TCGA-GM-A3XL-DX1_xmin29910_ymin15820_MPP-0.2500+178
50176,0,0,0,0,0,0,0,0,0,0,0,0,0,0,0,0,0,0,0,0,0,0,0,0,50176,0,0,0,0,0,0,0,0,0,0,0,0,0,0,0,0,0,0,0,0,0,0,0,0,50176,0,0,0,0,0,0,0,0,0,0,0,0,0,0,0,0,0,0,0,0,0,0,0,0,2690,0,47484,2,3430,TCGA-GM-A3XL-DX1_xmin29910_ymin15820_MPP-0.2500+179
0,0,0,0,0,0,0,0,3943,0,0,0,0,0,0,16,0,0,34249,0,0,0,0,0,11968,0,0,0,0,0,0,0,0,3943,0,0,0,0,0,0,16,0,0,34249,0,0,0,0,0,11968,0,0,0,0,0,0,0,0,3943,0,0,0,0,0,0,16,0,0,34249,0,0,0,0,0,11968,20794,1200,12569,3645,28988,TCGA-GM-A3XL-DX1_xmin29910_ymin15820_MPP-0.2500+18
50176,0,0,0,0,0,0,0,0,0,0,0,0,0,0,0,0,0,0,0,0,0,0,0,0,50176,0,0,0,0,0,0,0,0,0,0,0,0,0,0,0,0,0,0,0,0,0,0,0,0,50176,0,0,0,0,0,0,0,0,0,0,0,0,0,0,0,0,0,0,0,0,0,0,0,0,385,0,49791,0,895,TCGA-GM-A3XL-DX1_xmin29910_ymin15820_MPP-0.2500+180
48271,0,0,0,0,1905,0,0,0,0,0,0,0,0,0,0,0,0,0,0,0,0,0,0,0,48271,0,0,0,0,1905,0,0,0,0,0,0,0,0,0,0,0,0,0,0,0,0,0,0,0,48271,0,0,0,0,1905,0,0,0,0,0,0,0,0,0,0,0,0,0,0,0,0,0,0,0,4545,37,45231,363,4434,TCGA-GM-A3XL-DX1_xmin29910_ymin15820_MPP-0.2500+181
17534,4194,0,0,0,2325,26123,0,0,0,0,0,0,0,0,0,0,0,0,0,0,0,0,0,0,17862,3866,0,0,0,2285,26163,0,0,0,0,0,0,0,0,0,0,0,0,0,0,0,0,0,0,18035,3693,0,0,0,2445,26003,0,0,0,0,0,0,0,0,0,0,0,0,0,0,0,0,0,0,6645,1074,36801,5656,10948,TCGA-GM-A3XL-DX1_xmin29910_ymin15820_MPP-0.2500+182
50157,0,0,0,0,0,0,0,0,0,0,0,0,0,0,0,0,0,0,0,0,0,0,0,19,50157,0,0,0,0,0,0,0,0,0,0,0,0,0,0,0,0,0,0,0,0,0,0,0,19,50157,0,0,0,0,0,0,0,0,0,0,0,0,0,0,0,0,0,0,0,0,0,0,0,19,1925,815,41576,5841,3903,TCGA-GM-A3XL-DX1_xmin29910_ymin15820_MPP-0.2500+183
25639,14437,0,0,0,0,0,0,0,0,0,0,0,0,0,0,0,0,0,0,0,0,0,0,10100,24575,15501,0,0,0,0,0,0,0,0,0,0,0,0,0,0,0,0,0,0,0,0,0,0,10100,24152,15924,0,0,0,0,0,0,0,0,0,0,0,0,0,0,0,0,0,0,0,0,0,0,10100,3458,1416,22154,13048,7033,TCGA-GM-A3XL-DX1_xmin29910_ymin15820_MPP-0.2500+184
50176,0,0,0,0,0,0,0,0,0,0,0,0,0,0,0,0,0,0,0,0,0,0,0,0,50176,0,0,0,0,0,0,0,0,0,0,0,0,0,0,0,0,0,0,0,0,0,0,0,0,50176,0,0,0,0,0,0,0,0,0,0,0,0,0,0,0,0,0,0,0,0,0,0,0,0,8254,0,40981,941,3978,TCGA-GM-A3XL-DX1_xmin29910_ymin15820_MPP-0.2500+185
50176,0,0,0,0,0,0,0,0,0,0,0,0,0,0,0,0,0,0,0,0,0,0,0,0,50176,0,0,0,0,0,0,0,0,0,0,0,0,0,0,0,0,0,0,0,0,0,0,0,0,50176,0,0,0,0,0,0,0,0,0,0,0,0,0,0,0,0,0,0,0,0,0,0,0,0,4432,0,45675,69,4711,TCGA-GM-A3XL-DX1_xmin29910_ymin15820_MPP-0.2500+186
50176,0,0,0,0,0,0,0,0,0,0,0,0,0,0,0,0,0,0,0,0,0,0,0,0,50176,0,0,0,0,0,0,0,0,0,0,0,0,0,0,0,0,0,0,0,0,0,0,0,0,50176,0,0,0,0,0,0,0,0,0,0,0,0,0,0,0,0,0,0,0,0,0,0,0,0,962,0,49214,0,1015,TCGA-GM-A3XL-DX1_xmin29910_ymin15820_MPP-0.2500+187
50176,0,0,0,0,0,0,0,0,0,0,0,0,0,0,0,0,0,0,0,0,0,0,0,0,50176,0,0,0,0,0,0,0,0,0,0,0,0,0,0,0,0,0,0,0,0,0,0,0,0,50176,0,0,0,0,0,0,0,0,0,0,0,0,0,0,0,0,0,0,0,0,0,0,0,0,5006,0,45125,45,3017,TCGA-GM-A3XL-DX1_xmin29910_ymin15820_MPP-0.2500+188
50176,0,0,0,0,0,0,0,0,0,0,0,0,0,0,0,0,0,0,0,0,0,0,0,0,50176,0,0,0,0,0,0,0,0,0,0,0,0,0,0,0,0,0,0,0,0,0,0,0,0,50176,0,0,0,0,0,0,0,0,0,0,0,0,0,0,0,0,0,0,0,0,0,0,0,0,5188,42,42136,2810,6066,TCGA-GM-A3XL-DX1_xmin29910_ymin15820_MPP-0.2500+189
0,0,0,0,0,0,0,0,5253,0,0,0,0,0,0,0,0,0,13057,0,0,0,0,0,31866,0,0,0,0,0,0,0,0,5253,0,0,0,0,0,0,0,0,0,13057,0,0,0,0,0,31866,0,0,0,0,0,0,0,0,5253,0,0,0,0,0,0,0,0,0,13057,0,0,0,0,0,31866,5307,1083,6429,5491,10023,TCGA-GM-A3XL-DX1_xmin29910_ymin15820_MPP-0.2500+19
50176,0,0,0,0,0,0,0,0,0,0,0,0,0,0,0,0,0,0,0,0,0,0,0,0,50176,0,0,0,0,0,0,0,0,0,0,0,0,0,0,0,0,0,0,0,0,0,0,0,0,50176,0,0,0,0,0,0,0,0,0,0,0,0,0,0,0,0,0,0,0,0,0,0,0,0,3593,0,46583,0,3071,TCGA-GM-A3XL-DX1_xmin29910_ymin15820_MPP-0.2500+190
50176,0,0,0,0,0,0,0,0,0,0,0,0,0,0,0,0,0,0,0,0,0,0,0,0,50176,0,0,0,0,0,0,0,0,0,0,0,0,0,0,0,0,0,0,0,0,0,0,0,0,50176,0,0,0,0,0,0,0,0,0,0,0,0,0,0,0,0,0,0,0,0,0,0,0,0,3290,0,46886,0,2621,TCGA-GM-A3XL-DX1_xmin29910_ymin15820_MPP-0.2500+191
50176,0,0,0,0,0,0,0,0,0,0,0,0,0,0,0,0,0,0,0,0,0,0,0,0,50176,0,0,0,0,0,0,0,0,0,0,0,0,0,0,0,0,0,0,0,0,0,0,0,0,50176,0,0,0,0,0,0,0,0,0,0,0,0,0,0,0,0,0,0,0,0,0,0,0,0,811,0,49365,0,884,TCGA-GM-A3XL-DX1_xmin29910_ymin15820_MPP-0.2500+192
50176,0,0,0,0,0,0,0,0,0,0,0,0,0,0,0,0,0,0,0,0,0,0,0,0,50176,0,0,0,0,0,0,0,0,0,0,0,0,0,0,0,0,0,0,0,0,0,0,0,0,50176,0,0,0,0,0,0,0,0,0,0,0,0,0,0,0,0,0,0,0,0,0,0,0,0,1623,0,48553,0,2592,TCGA-GM-A3XL-DX1_xmin29910_ymin15820_MPP-0.2500+193
50172,0,0,0,0,4,0,0,0,0,0,0,0,0,0,0,0,0,0,0,0,0,0,0,0,50172,0,0,0,0,4,0,0,0,0,0,0,0,0,0,0,0,0,0,0,0,0,0,0,0,50172,0,0,0,0,4,0,0,0,0,0,0,0,0,0,0,0,0,0,0,0,0,0,0,0,1898,0,46928,1350,3191,TCGA-GM-A3XL-DX1_xmin29910_ymin15820_MPP-0.2500+194
50176,0,0,0,0,0,0,0,0,0,0,0,0,0,0,0,0,0,0,0,0,0,0,0,0,50176,0,0,0,0,0,0,0,0,0,0,0,0,0,0,0,0,0,0,0,0,0,0,0,0,50176,0,0,0,0,0,0,0,0,0,0,0,0,0,0,0,0,0,0,0,0,0,0,0,0,4913,0,44474,789,3095,TCGA-GM-A3XL-DX1_xmin29910_ymin15820_MPP-0.2500+195
50176,0,0,0,0,0,0,0,0,0,0,0,0,0,0,0,0,0,0,0,0,0,0,0,0,50176,0,0,0,0,0,0,0,0,0,0,0,0,0,0,0,0,0,0,0,0,0,0,0,0,50176,0,0,0,0,0,0,0,0,0,0,0,0,0,0,0,0,0,0,0,0,0,0,0,0,5918,254,35951,8053,9697,TCGA-GM-A3XL-DX1_xmin29910_ymin15820_MPP-0.2500+196
50176,0,0,0,0,0,0,0,0,0,0,0,0,0,0,0,0,0,0,0,0,0,0,0,0,50176,0,0,0,0,0,0,0,0,0,0,0,0,0,0,0,0,0,0,0,0,0,0,0,0,50176,0,0,0,0,0,0,0,0,0,0,0,0,0,0,0,0,0,0,0,0,0,0,0,0,6425,3051,28896,11804,9024,TCGA-GM-A3XL-DX1_xmin29910_ymin15820_MPP-0.2500+197
50176,0,0,0,0,0,0,0,0,0,0,0,0,0,0,0,0,0,0,0,0,0,0,0,0,50176,0,0,0,0,0,0,0,0,0,0,0,0,0,0,0,0,0,0,0,0,0,0,0,0,50176,0,0,0,0,0,0,0,0,0,0,0,0,0,0,0,0,0,0,0,0,0,0,0,0,1601,0,48531,44,1557,TCGA-GM-A3XL-DX1_xmin29910_ymin15820_MPP-0.2500+198
50176,0,0,0,0,0,0,0,0,0,0,0,0,0,0,0,0,0,0,0,0,0,0,0,0,50176,0,0,0,0,0,0,0,0,0,0,0,0,0,0,0,0,0,0,0,0,0,0,0,0,50176,0,0,0,0,0,0,0,0,0,0,0,0,0,0,0,0,0,0,0,0,0,0,0,0,1346,0,48830,0,486,TCGA-GM-A3XL-DX1_xmin29910_ymin15820_MPP-0.2500+199
0,0,0,9441,0,0,0,0,1208,0,0,0,0,0,0,0,0,0,37948,0,0,0,0,0,1579,0,0,0,9441,0,0,0,0,1208,0,0,0,0,0,0,0,0,0,37948,0,0,0,0,0,1579,0,0,0,9441,0,0,0,0,1208,0,0,0,0,0,0,0,0,0,37948,0,0,0,0,0,1579,16175,5049,21464,5909,33105,TCGA-GM-A3XL-DX1_xmin29910_ymin15820_MPP-0.2500+2
0,0,0,0,0,0,0,0,0,0,0,0,0,0,0,0,0,0,50176,0,0,0,0,0,0,0,0,0,0,0,0,0,0,0,0,0,0,0,0,0,0,0,0,50176,0,0,0,0,0,0,0,0,0,0,0,0,0,0,0,0,0,0,0,0,0,0,0,0,50176,0,0,0,0,0,0,20513,0,28614,1049,27663,TCGA-GM-A3XL-DX1_xmin29910_ymin15820_MPP-0.2500+20
50176,0,0,0,0,0,0,0,0,0,0,0,0,0,0,0,0,0,0,0,0,0,0,0,0,50176,0,0,0,0,0,0,0,0,0,0,0,0,0,0,0,0,0,0,0,0,0,0,0,0,50176,0,0,0,0,0,0,0,0,0,0,0,0,0,0,0,0,0,0,0,0,0,0,0,0,1013,0,49163,0,725,TCGA-GM-A3XL-DX1_xmin29910_ymin15820_MPP-0.2500+200
50176,0,0,0,0,0,0,0,0,0,0,0,0,0,0,0,0,0,0,0,0,0,0,0,0,50176,0,0,0,0,0,0,0,0,0,0,0,0,0,0,0,0,0,0,0,0,0,0,0,0,50176,0,0,0,0,0,0,0,0,0,0,0,0,0,0,0,0,0,0,0,0,0,0,0,0,5992,1020,35572,7592,9217,TCGA-GM-A3XL-DX1_xmin29910_ymin15820_MPP-0.2500+201
17831,4726,0,0,0,2730,24889,0,0,0,0,0,0,0,0,0,0,0,0,0,0,0,0,0,0,17807,4750,0,0,0,2909,24710,0,0,0,0,0,0,0,0,0,0,0,0,0,0,0,0,0,0,17955,4602,0,0,0,3912,23707,0,0,0,0,0,0,0,0,0,0,0,0,0,0,0,0,0,0,8067,1612,33556,6941,10637,TCGA-GM-A3XL-DX1_xmin29910_ymin15820_MPP-0.2500+202
24475,4636,0,0,0,0,21065,0,0,0,0,0,0,0,0,0,0,0,0,0,0,0,0,0,0,24777,4334,0,0,0,0,21065,0,0,0,0,0,0,0,0,0,0,0,0,0,0,0,0,0,0,24890,4221,0,0,0,0,21065,0,0,0,0,0,0,0,0,0,0,0,0,0,0,0,0,0,0,2217,1777,44104,2078,4592,TCGA-GM-A3XL-DX1_xmin29910_ymin15820_MPP-0.2500+203
23215,897,0,0,0,1906,24158,0,0,0,0,0,0,0,0,0,0,0,0,0,0,0,0,0,0,23261,851,0,0,0,1824,24240,0,0,0,0,0,0,0,0,0,0,0,0,0,0,0,0,0,0,23308,804,0,0,0,1762,24302,0,0,0,0,0,0,0,0,0,0,0,0,0,0,0,0,0,0,2842,1457,43864,2013,12391,TCGA-GM-A3XL-DX1_xmin29910_ymin15820_MPP-0.2500+204
25609,707,0,0,0,2335,21525,0,0,0,0,0,0,0,0,0,0,0,0,0,0,0,0,0,0,25606,710,0,0,0,2319,21541,0,0,0,0,0,0,0,0,0,0,0,0,0,0,0,0,0,0,25520,796,0,0,0,2159,21701,0,0,0,0,0,0,0,0,0,0,0,0,0,0,0,0,0,0,2723,832,44302,2319,4751,TCGA-GM-A3XL-DX1_xmin29910_ymin15820_MPP-0.2500+205
26832,7254,0,0,0,0,16090,0,0,0,0,0,0,0,0,0,0,0,0,0,0,0,0,0,0,26830,7256,0,0,0,0,16090,0,0,0,0,0,0,0,0,0,0,0,0,0,0,0,0,0,0,26837,7249,0,0,0,3,16087,0,0,0,0,0,0,0,0,0,0,0,0,0,0,0,0,0,0,3665,1820,40209,4482,4124,TCGA-GM-A3XL-DX1_xmin29910_ymin15820_MPP-0.2500+206
16020,13341,0,0,0,0,20815,0,0,0,0,0,0,0,0,0,0,0,0,0,0,0,0,0,0,16059,13302,0,0,0,1,20814,0,0,0,0,0,0,0,0,0,0,0,0,0,0,0,0,0,0,15883,13478,0,0,0,1,20814,0,0,0,0,0,0,0,0,0,0,0,0,0,0,0,0,0,0,3985,1525,33590,11076,9691,TCGA-GM-A3XL-DX1_xmin29910_ymin15820_MPP-0.2500+207
28456,5867,0,0,0,0,15853,0,0,0,0,0,0,0,0,0,0,0,0,0,0,0,0,0,0,28537,5786,0,0,0,0,15853,0,0,0,0,0,0,0,0,0,0,0,0,0,0,0,0,0,0,28562,5761,0,0,0,0,15853,0,0,0,0,0,0,0,0,0,0,0,0,0,0,0,0,0,0,3988,1592,40940,3656,5475,TCGA-GM-A3XL-DX1_xmin29910_ymin15820_MPP-0.2500+208
25354,11808,0,0,0,0,10734,0,0,0,0,0,0,0,0,0,0,0,0,0,0,0,0,0,2280,25433,11729,0,0,0,0,10734,0,0,0,0,0,0,0,0,0,0,0,0,0,0,0,0,0,2280,25141,12021,0,0,0,0,10734,0,0,0,0,0,0,0,0,0,0,0,0,0,0,0,0,0,2280,3337,1806,32258,10495,6566,TCGA-GM-A3XL-DX1_xmin29910_ymin15820_MPP-0.2500+209
0,0,0,439,0,0,0,0,0,0,0,0,0,0,0,304,0,0,49433,0,0,0,0,0,0,0,0,0,439,0,0,0,0,0,0,0,0,0,0,0,176,0,0,49561,0,0,0,0,0,0,0,0,0,439,0,0,0,0,0,0,0,0,0,0,0,176,0,0,49561,0,0,0,0,0,0,28600,315,14843,6418,37759,TCGA-GM-A3XL-DX1_xmin29910_ymin15820_MPP-0.2500+21
35644,1307,0,0,0,828,10359,0,0,0,0,0,0,0,0,0,0,0,0,0,0,0,0,0,2038,35625,1326,0,0,0,827,10360,0,0,0,0,0,0,0,0,0,0,0,0,0,0,0,0,0,2038,35518,1433,0,0,0,768,10419,0,0,0,0,0,0,0,0,0,0,0,0,0,0,0,0,0,2038,4277,733,41813,1315,6411,TCGA-GM-A3XL-DX1_xmin29910_ymin15820_MPP-0.2500+210
44396,0,0,0,0,3441,0,0,0,0,0,0,0,0,0,0,0,0,0,0,0,0,0,0,2339,44396,0,0,0,0,3441,0,0,0,0,0,0,0,0,0,0,0,0,0,0,0,0,0,0,2339,44396,0,0,0,0,3441,0,0,0,0,0,0,0,0,0,0,0,0,0,0,0,0,0,0,2339,3869,473,40020,3475,6235,TCGA-GM-A3XL-DX1_xmin29910_ymin15820_MPP-0.2500+211
47944,0,0,0,0,2232,0,0,0,0,0,0,0,0,0,0,0,0,0,0,0,0,0,0,0,47944,0,0,0,0,2232,0,0,0,0,0,0,0,0,0,0,0,0,0,0,0,0,0,0,0,47944,0,0,0,0,2232,0,0,0,0,0,0,0,0,0,0,0,0,0,0,0,0,0,0,0,2424,282,45777,1693,3027,TCGA-GM-A3XL-DX1_xmin29910_ymin15820_MPP-0.2500+212
47977,0,0,0,0,2199,0,0,0,0,0,0,0,0,0,0,0,0,0,0,0,0,0,0,0,47977,0,0,0,0,2199,0,0,0,0,0,0,0,0,0,0,0,0,0,0,0,0,0,0,0,47977,0,0,0,0,2199,0,0,0,0,0,0,0,0,0,0,0,0,0,0,0,0,0,0,0,1720,757,45961,1738,1865,TCGA-GM-A3XL-DX1_xmin29910_ymin15820_MPP-0.2500+213
0,0,0,0,0,6161,0,2369,0,0,5791,0,35855,0,0,0,0,0,0,0,0,0,0,0,0,0,0,0,0,0,5907,0,2623,0,0,5245,0,36401,0,0,0,0,0,0,0,0,0,0,0,0,0,0,0,0,0,5875,0,2655,0,0,5117,0,36529,0,0,0,0,0,0,0,0,0,0,0,0,12395,1170,14823,21788,26539,TCGA-GM-A3XL-DX1_xmin29910_ymin15820_MPP-0.2500+214
0,0,0,0,0,0,29499,0,0,0,0,20677,0,0,0,0,0,0,0,0,0,0,0,0,0,0,0,0,0,0,0,29499,0,0,0,0,20677,0,0,0,0,0,0,0,0,0,0,0,0,0,0,0,0,0,0,0,29499,0,0,0,0,20677,0,0,0,0,0,0,0,0,0,0,0,0,0,8798,244,21765,19369,11107,TCGA-GM-A3XL-DX1_xmin29910_ymin15820_MPP-0.2500+215
0,0,0,0,0,0,33265,1181,0,0,0,1318,14412,0,0,0,0,0,0,0,0,0,0,0,0,0,0,0,0,0,0,33334,1112,0,0,0,1628,14102,0,0,0,0,0,0,0,0,0,0,0,0,0,0,0,0,0,0,33311,1135,0,0,0,1750,13980,0,0,0,0,0,0,0,0,0,0,0,0,11784,818,35977,1597,13452,TCGA-GM-A3XL-DX1_xmin29910_ymin15820_MPP-0.2500+216
0,0,0,0,0,0,38242,0,0,0,0,11934,0,0,0,0,0,0,0,0,0,0,0,0,0,0,0,0,0,0,0,38242,0,0,0,0,11934,0,0,0,0,0,0,0,0,0,0,0,0,0,0,0,0,0,0,0,38242,0,0,0,0,11934,0,0,0,0,0,0,0,0,0,0,0,0,0,9182,66,35525,5403,16762,TCGA-GM-A3XL-DX1_xmin29910_ymin15820_MPP-0.2500+217
0,0,0,0,0,0,43022,0,0,0,0,7154,0,0,0,0,0,0,0,0,0,0,0,0,0,0,0,0,0,0,0,43022,0,0,0,0,7154,0,0,0,0,0,0,0,0,0,0,0,0,0,0,0,0,0,0,0,43022,0,0,0,0,7154,0,0,0,0,0,0,0,0,0,0,0,0,0,10805,223,30794,8354,15560,TCGA-GM-A3XL-DX1_xmin29910_ymin15820_MPP-0.2500+218
0,0,0,0,0,0,39320,0,0,0,0,10856,0,0,0,0,0,0,0,0,0,0,0,0,0,0,0,0,0,0,0,39320,0,0,0,0,10856,0,0,0,0,0,0,0,0,0,0,0,0,0,0,0,0,0,0,0,39320,0,0,0,0,10856,0,0,0,0,0,0,0,0,0,0,0,0,0,9512,165,33038,7461,13069,TCGA-GM-A3XL-DX1_xmin29910_ymin15820_MPP-0.2500+219
36996,0,0,3312,0,0,0,0,3,0,0,0,0,0,0,2346,0,0,7519,0,0,0,0,0,0,36418,0,0,3890,0,0,0,0,3,0,0,0,0,0,0,2341,0,0,7524,0,0,0,0,0,0,35191,0,0,5117,0,0,0,0,3,0,0,0,0,0,0,2250,0,0,7615,0,0,0,0,0,0,10845,380,34368,4583,16582,TCGA-GM-A3XL-DX1_xmin29910_ymin15820_MPP-0.2500+22
0,0,0,0,0,0,46317,0,0,0,0,3859,0,0,0,0,0,0,0,0,0,0,0,0,0,0,0,0,0,0,0,46317,0,0,0,0,3859,0,0,0,0,0,0,0,0,0,0,0,0,0,0,0,0,0,0,0,46317,0,0,0,0,3859,0,0,0,0,0,0,0,0,0,0,0,0,0,5660,1912,36389,6215,13622,TCGA-GM-A3XL-DX1_xmin29910_ymin15820_MPP-0.2500+220
0,0,0,0,0,0,44487,0,0,0,0,5689,0,0,0,0,0,0,0,0,0,0,0,0,0,0,0,0,0,0,0,44487,0,0,0,0,5689,0,0,0,0,0,0,0,0,0,0,0,0,0,0,0,0,0,0,0,44487,0,0,0,0,5689,0,0,0,0,0,0,0,0,0,0,0,0,0,7461,1353,37642,3720,12633,TCGA-GM-A3XL-DX1_xmin29910_ymin15820_MPP-0.2500+221
0,445,0,0,0,0,47504,0,0,0,0,2227,0,0,0,0,0,0,0,0,0,0,0,0,0,0,445,0,0,0,0,47504,0,0,0,0,2227,0,0,0,0,0,0,0,0,0,0,0,0,0,0,445,0,0,0,0,47504,0,0,0,0,2227,0,0,0,0,0,0,0,0,0,0,0,0,0,4905,661,42715,1895,8598,TCGA-GM-A3XL-DX1_xmin29910_ymin15820_MPP-0.2500+222
0,9916,0,0,0,0,40260,0,0,0,0,0,0,0,0,0,0,0,0,0,0,0,0,0,0,0,9916,0,0,0,0,40260,0,0,0,0,0,0,0,0,0,0,0,0,0,0,0,0,0,0,0,9916,0,0,0,0,40260,0,0,0,0,0,0,0,0,0,0,0,0,0,0,0,0,0,0,5602,1240,38705,4629,9755,TCGA-GM-A3XL-DX1_xmin29910_ymin15820_MPP-0.2500+223
0,1290,0,0,0,0,46328,0,0,0,0,1338,0,0,0,0,0,0,0,0,0,0,0,0,1220,0,1290,0,0,0,0,46328,0,0,0,0,1338,0,0,0,0,0,0,0,0,0,0,0,0,1220,0,1290,0,0,0,0,46328,0,0,0,0,1338,0,0,0,0,0,0,0,0,0,0,0,0,1220,6525,264,39339,2828,6795,TCGA-GM-A3XL-DX1_xmin29910_ymin15820_MPP-0.2500+224
3563,2212,0,0,0,1429,42920,0,0,0,1,51,0,0,0,0,0,0,0,0,0,0,0,0,0,3412,2363,0,0,0,1492,42857,0,0,0,0,52,0,0,0,0,0,0,0,0,0,0,0,0,0,3614,2161,0,0,0,1587,42762,0,0,0,1,51,0,0,0,0,0,0,0,0,0,0,0,0,0,5428,129,40482,4137,9356,TCGA-GM-A3XL-DX1_xmin29910_ymin15820_MPP-0.2500+225
0,0,0,0,0,0,0,0,0,0,0,0,49937,0,0,0,0,0,0,0,0,0,0,0,239,0,0,0,0,0,0,0,0,0,0,4,0,49933,0,0,0,0,0,0,0,0,0,0,0,239,0,0,0,0,0,0,0,0,0,0,4,0,49933,0,0,0,0,0,0,0,0,0,0,0,239,24651,0,22937,2349,15962,TCGA-GM-A3XL-DX1_xmin29910_ymin15820_MPP-0.2500+226
0,0,0,0,0,0,0,0,0,0,32,0,50144,0,0,0,0,0,0,0,0,0,0,0,0,0,0,0,0,0,0,0,0,0,0,32,0,50144,0,0,0,0,0,0,0,0,0,0,0,0,0,0,0,0,0,0,0,0,0,0,32,0,50144,0,0,0,0,0,0,0,0,0,0,0,0,21412,0,24154,4610,17308,TCGA-GM-A3XL-DX1_xmin29910_ymin15820_MPP-0.2500+227
0,0,0,0,0,0,1450,0,0,0,0,14530,34196,0,0,0,0,0,0,0,0,0,0,0,0,0,0,0,0,0,0,1450,0,0,0,0,14619,34107,0,0,0,0,0,0,0,0,0,0,0,0,0,0,0,0,0,0,1450,0,0,0,0,14872,33854,0,0,0,0,0,0,0,0,0,0,0,0,16296,346,19440,14094,21611,TCGA-GM-A3XL-DX1_xmin29910_ymin15820_MPP-0.2500+228
0,0,0,0,0,0,2435,268,0,0,0,20098,27375,0,0,0,0,0,0,0,0,0,0,0,0,0,0,0,0,0,0,2435,268,0,0,0,22185,25288,0,0,0,0,0,0,0,0,0,0,0,0,0,0,0,0,0,0,2435,268,0,0,0,22469,25004,0,0,0,0,0,0,0,0,0,0,0,0,17036,594,12563,19983,20791,TCGA-GM-A3XL-DX1_xmin29910_ymin15820_MPP-0.2500+229
50176,0,0,0,0,0,0,0,0,0,0,0,0,0,0,0,0,0,0,0,0,0,0,0,0,50176,0,0,0,0,0,0,0,0,0,0,0,0,0,0,0,0,0,0,0,0,0,0,0,0,50176,0,0,0,0,0,0,0,0,0,0,0,0,0,0,0,0,0,0,0,0,0,0,0,0,3922,6,44737,1511,3109,TCGA-GM-A3XL-DX1_xmin29910_ymin15820_MPP-0.2500+23
0,0,0,0,0,0,7432,3079,0,0,0,21322,18343,0,0,0,0,0,0,0,0,0,0,0,0,0,0,0,0,0,0,7629,2882,0,0,0,21647,18018,0,0,0,0,0,0,0,0,0,0,0,0,0,0,0,0,0,0,7620,2891,0,0,0,21419,18246,0,0,0,0,0,0,0,0,0,0,0,0,7211,1663,17748,23554,16075,TCGA-GM-A3XL-DX1_xmin29910_ymin15820_MPP-0.2500+230
0,4707,279,0,0,0,7909,1601,0,0,0,13284,22396,0,0,0,0,0,0,0,0,0,0,0,0,0,4697,289,0,0,0,8006,1504,0,0,0,14038,21642,0,0,0,0,0,0,0,0,0,0,0,0,0,4678,308,0,0,0,7974,1536,0,0,0,13707,21973,0,0,0,0,0,0,0,0,0,0,0,0,9518,2732,22477,15449,14673,TCGA-GM-A3XL-DX1_xmin29910_ymin15820_MPP-0.2500+231
4592,0,8519,0,0,0,0,1458,0,0,0,0,35607,0,0,0,0,0,0,0,0,0,0,0,0,4464,0,8647,0,0,0,0,1458,0,0,0,0,35607,0,0,0,0,0,0,0,0,0,0,0,0,4336,0,8775,0,0,0,0,1458,0,0,0,0,35607,0,0,0,0,0,0,0,0,0,0,0,0,12860,2342,25702,9272,17011,TCGA-GM-A3XL-DX1_xmin29910_ymin15820_MPP-0.2500+232
262,0,594,0,0,138,0,801,0,0,1424,0,46957,0,0,0,0,0,0,0,0,0,0,0,0,137,0,719,0,0,135,0,804,0,0,1552,0,46829,0,0,0,0,0,0,0,0,0,0,0,0,137,0,719,0,0,135,0,804,0,0,1232,0,47149,0,0,0,0,0,0,0,0,0,0,0,0,18805,134,13241,17996,25159,TCGA-GM-A3XL-DX1_xmin29910_ymin15820_MPP-0.2500+233
0,0,0,0,0,0,0,0,0,0,1024,0,47680,0,0,0,0,0,0,0,0,0,0,0,1472,0,0,0,0,0,0,0,0,0,0,832,0,47872,0,0,0,0,0,0,0,0,0,0,0,1472,0,0,0,0,0,0,0,0,0,0,832,0,47872,0,0,0,0,0,0,0,0,0,0,0,1472,21517,104,12270,14813,20311,TCGA-GM-A3XL-DX1_xmin29910_ymin15820_MPP-0.2500+234
0,0,0,0,0,0,0,0,0,0,0,0,50176,0,0,0,0,0,0,0,0,0,0,0,0,0,0,0,0,0,0,0,0,0,0,16,0,50160,0,0,0,0,0,0,0,0,0,0,0,0,0,0,0,0,0,0,0,0,0,0,0,0,50176,0,0,0,0,0,0,0,0,0,0,0,0,17330,0,29775,3071,23151,TCGA-GM-A3XL-DX1_xmin29910_ymin15820_MPP-0.2500+235
0,0,0,0,0,0,3132,181,0,0,0,18366,23402,0,0,0,0,0,0,0,0,0,0,0,5095,0,0,0,0,0,0,3136,177,0,0,0,18204,23564,0,0,0,0,0,0,0,0,0,0,0,5095,0,0,0,0,0,0,3147,166,0,0,0,18192,23576,0,0,0,0,0,0,0,0,0,0,0,5095,12983,252,19194,12652,18430,TCGA-GM-A3XL-DX1_xmin29910_ymin15820_MPP-0.2500+236
0,0,0,0,0,0,0,306,0,0,0,0,49629,0,0,0,0,0,0,0,0,0,0,0,241,0,0,0,0,0,0,0,306,0,0,0,0,49629,0,0,0,0,0,0,0,0,0,0,0,241,0,0,0,0,0,0,0,306,0,0,0,0,49629,0,0,0,0,0,0,0,0,0,0,0,241,23165,0,20947,5823,26158,TCGA-GM-A3XL-DX1_xmin29910_ymin15820_MPP-0.2500+237
0,0,0,0,0,0,0,0,0,0,1424,0,48752,0,0,0,0,0,0,0,0,0,0,0,0,0,0,0,0,0,0,0,0,0,0,1424,0,48752,0,0,0,0,0,0,0,0,0,0,0,0,0,0,0,0,0,0,0,0,0,0,1424,0,48752,0,0,0,0,0,0,0,0,0,0,0,0,22385,2,15345,12444,23262,TCGA-GM-A3XL-DX1_xmin29910_ymin15820_MPP-0.2500+238
50176,0,0,0,0,0,0,0,0,0,0,0,0,0,0,0,0,0,0,0,0,0,0,0,0,50176,0,0,0,0,0,0,0,0,0,0,0,0,0,0,0,0,0,0,0,0,0,0,0,0,50176,0,0,0,0,0,0,0,0,0,0,0,0,0,0,0,0,0,0,0,0,0,0,0,0,1111,185,43030,5850,1475,TCGA-GM-A3XL-DX1_xmin29910_ymin15820_MPP-0.2500+24
50162,0,0,0,0,0,0,0,0,0,0,0,0,0,0,0,0,0,0,0,0,0,0,0,14,50162,0,0,0,0,0,0,0,0,0,0,0,0,0,0,0,0,0,0,0,0,0,0,0,14,50162,0,0,0,0,0,0,0,0,0,0,0,0,0,0,0,0,0,0,0,0,0,0,0,14,5335,36,40370,4421,8731,TCGA-GM-A3XL-DX1_xmin29910_ymin15820_MPP-0.2500+25
0,34195,0,0,0,0,156,0,0,0,0,0,0,0,0,0,0,0,0,0,0,0,0,0,15825,0,34195,0,0,0,0,156,0,0,0,0,0,0,0,0,0,0,0,0,0,0,0,0,0,15825,0,34195,0,0,0,0,156,0,0,0,0,0,0,0,0,0,0,0,0,0,0,0,0,0,15825,1401,1654,12199,19097,8573,TCGA-GM-A3XL-DX1_xmin29910_ymin15820_MPP-0.2500+26
21964,5920,0,0,0,363,235,0,0,0,0,0,0,0,0,0,0,0,0,0,0,0,0,0,21694,22026,5858,0,0,0,363,235,0,0,0,0,0,0,0,0,0,0,0,0,0,0,0,0,0,21694,22015,5869,0,0,0,363,235,0,0,0,0,0,0,0,0,0,0,0,0,0,0,0,0,0,21694,1330,656,22857,3639,2211,TCGA-GM-A3XL-DX1_xmin29910_ymin15820_MPP-0.2500+27
29799,8079,0,0,0,0,2957,0,0,0,0,0,0,0,0,0,0,0,0,0,0,0,0,0,9341,37878,0,0,0,0,2957,0,0,0,0,0,0,0,0,0,0,0,0,0,0,0,0,0,0,9341,37878,0,0,0,0,2957,0,0,0,0,0,0,0,0,0,0,0,0,0,0,0,0,0,0,9341,1645,1778,32892,4520,2754,TCGA-GM-A3XL-DX1_xmin29910_ymin15820_MPP-0.2500+28
0,0,0,0,0,0,0,0,320,0,0,0,0,0,0,4528,0,0,45208,0,0,0,0,0,120,0,0,0,0,0,0,0,0,320,0,0,0,0,0,0,3888,0,0,45848,0,0,0,0,0,120,0,0,0,0,0,0,0,0,320,0,0,0,0,0,0,3728,0,0,46008,0,0,0,0,0,120,25238,31,9169,15618,33978,TCGA-GM-A3XL-DX1_xmin29910_ymin15820_MPP-0.2500+29
0,0,0,0,0,12,0,0,410,0,0,0,0,0,0,3892,0,0,44999,0,0,0,0,0,863,0,0,0,0,0,12,0,0,410,0,0,0,0,0,0,4532,0,0,44359,0,0,0,0,0,863,0,0,0,0,0,12,0,0,410,0,0,0,0,0,0,4532,0,0,44359,0,0,0,0,0,863,18341,0,18912,12060,26508,TCGA-GM-A3XL-DX1_xmin29910_ymin15820_MPP-0.2500+3
0,0,0,0,0,0,0,0,1444,0,0,0,0,0,0,4,0,0,48223,0,0,0,0,0,505,0,0,0,0,0,0,0,0,1444,0,0,0,0,0,0,4,0,0,48223,0,0,0,0,0,505,0,0,0,0,0,0,0,0,1444,0,0,0,0,0,0,1,0,0,48226,0,0,0,0,0,505,25400,481,19346,4444,36073,TCGA-GM-A3XL-DX1_xmin29910_ymin15820_MPP-0.2500+30
0,0,0,0,0,0,0,0,0,0,0,0,0,0,0,0,0,0,50176,0,0,0,0,0,0,0,0,0,0,0,0,0,0,0,0,0,0,0,0,0,0,0,0,50176,0,0,0,0,0,0,0,0,0,0,0,0,0,0,0,0,0,0,0,0,0,0,0,0,50176,0,0,0,0,0,0,28669,0,18937,2570,37767,TCGA-GM-A3XL-DX1_xmin29910_ymin15820_MPP-0.2500+31
0,0,0,0,0,0,0,0,0,0,0,0,0,0,0,0,0,0,50176,0,0,0,0,0,0,0,0,0,0,0,0,0,0,0,0,0,0,0,0,0,0,0,0,50176,0,0,0,0,0,0,0,0,0,0,0,0,0,0,0,0,0,0,0,0,0,0,0,0,50176,0,0,0,0,0,0,35966,0,10600,3610,43231,TCGA-GM-A3XL-DX1_xmin29910_ymin15820_MPP-0.2500+32
33920,0,0,2178,0,0,0,0,0,0,0,0,0,0,0,1226,0,0,12852,0,0,0,0,0,0,33995,0,0,2103,0,0,0,0,0,0,0,0,0,0,0,1308,0,0,12770,0,0,0,0,0,0,33906,0,0,2192,0,0,0,0,0,0,0,0,0,0,0,1292,0,0,12786,0,0,0,0,0,0,10401,465,28150,11160,17862,TCGA-GM-A3XL-DX1_xmin29910_ymin15820_MPP-0.2500+33
50176,0,0,0,0,0,0,0,0,0,0,0,0,0,0,0,0,0,0,0,0,0,0,0,0,50176,0,0,0,0,0,0,0,0,0,0,0,0,0,0,0,0,0,0,0,0,0,0,0,0,50176,0,0,0,0,0,0,0,0,0,0,0,0,0,0,0,0,0,0,0,0,0,0,0,0,2859,0,47317,0,3582,TCGA-GM-A3XL-DX1_xmin29910_ymin15820_MPP-0.2500+34
50176,0,0,0,0,0,0,0,0,0,0,0,0,0,0,0,0,0,0,0,0,0,0,0,0,50176,0,0,0,0,0,0,0,0,0,0,0,0,0,0,0,0,0,0,0,0,0,0,0,0,50176,0,0,0,0,0,0,0,0,0,0,0,0,0,0,0,0,0,0,0,0,0,0,0,0,4448,0,45091,637,3633,TCGA-GM-A3XL-DX1_xmin29910_ymin15820_MPP-0.2500+35
18953,8731,0,0,0,2,46,0,0,0,0,0,0,0,0,0,0,0,0,0,0,0,0,0,22444,18943,8741,0,0,0,1,47,0,0,0,0,0,0,0,0,0,0,0,0,0,0,0,0,0,22444,18932,8752,0,0,0,4,44,0,0,0,0,0,0,0,0,0,0,0,0,0,0,0,0,0,22444,1913,1158,18970,5691,3193,TCGA-GM-A3XL-DX1_xmin29910_ymin15820_MPP-0.2500+36
25685,8301,0,0,0,0,137,0,0,0,0,0,0,0,0,0,0,0,0,0,0,0,0,0,16053,25614,8372,0,0,0,1,136,0,0,0,0,0,0,0,0,0,0,0,0,0,0,0,0,0,16053,25554,8432,0,0,0,1,136,0,0,0,0,0,0,0,0,0,0,0,0,0,0,0,0,0,16053,1141,864,25776,6342,3662,TCGA-GM-A3XL-DX1_xmin29910_ymin15820_MPP-0.2500+37
3541,0,0,0,0,0,0,0,0,0,0,0,0,0,0,0,0,0,0,0,0,0,0,0,46635,3541,0,0,0,0,0,0,0,0,0,0,0,0,0,0,0,0,0,0,0,0,0,0,0,46635,3541,0,0,0,0,0,0,0,0,0,0,0,0,0,0,0,0,0,0,0,0,0,0,0,46635,39,0,3280,222,157,TCGA-GM-A3XL-DX1_xmin29910_ymin15820_MPP-0.2500+38
0,0,0,0,0,0,0,0,0,0,0,0,0,0,0,320,0,0,49856,0,0,0,0,0,0,0,0,0,0,0,0,0,0,0,0,0,0,0,0,0,320,0,0,49856,0,0,0,0,0,0,0,0,0,0,0,0,0,0,0,0,0,0,0,0,0,288,0,0,49888,0,0,0,0,0,0,30936,0,3538,15702,41470,TCGA-GM-A3XL-DX1_xmin29910_ymin15820_MPP-0.2500+39
0,0,0,0,0,0,0,0,0,0,0,0,0,0,0,0,0,0,50176,0,0,0,0,0,0,0,0,0,0,0,0,0,0,0,0,0,0,0,0,0,0,0,0,50176,0,0,0,0,0,0,0,0,0,0,0,0,0,0,0,0,0,0,0,0,0,0,0,0,50176,0,0,0,0,0,0,28475,0,17896,3805,35347,TCGA-GM-A3XL-DX1_xmin29910_ymin15820_MPP-0.2500+4
0,0,0,0,0,0,0,0,0,0,0,0,0,0,0,128,0,0,50048,0,0,0,0,0,0,0,0,0,0,0,0,0,0,0,0,0,0,0,0,0,64,0,0,50112,0,0,0,0,0,0,0,0,0,0,0,0,0,0,0,0,0,0,0,0,0,64,0,0,50112,0,0,0,0,0,0,30078,0,7710,12388,41258,TCGA-GM-A3XL-DX1_xmin29910_ymin15820_MPP-0.2500+40
0,0,0,0,0,0,0,0,0,0,0,0,0,0,0,512,0,0,49664,0,0,0,0,0,0,0,0,0,0,0,0,0,0,0,0,0,0,0,0,0,512,0,0,49664,0,0,0,0,0,0,0,0,0,0,0,0,0,0,0,0,0,0,0,0,0,512,0,0,49664,0,0,0,0,0,0,31004,0,13570,5602,37591,TCGA-GM-A3XL-DX1_xmin29910_ymin15820_MPP-0.2500+41
0,0,0,0,0,0,0,0,0,0,0,0,0,0,0,0,0,0,50176,0,0,0,0,0,0,0,0,0,0,0,0,0,0,0,0,0,0,0,0,0,16,0,0,50160,0,0,0,0,0,0,0,0,0,0,0,0,0,0,0,0,0,0,0,0,0,16,0,0,50160,0,0,0,0,0,0,27227,1,9213,13735,36802,TCGA-GM-A3XL-DX1_xmin29910_ymin15820_MPP-0.2500+42
28410,0,0,2877,0,0,0,0,1401,0,0,0,0,0,0,0,0,0,16355,0,0,0,0,0,1133,28762,0,0,2525,0,0,0,0,1401,0,0,0,0,0,0,0,0,0,16355,0,0,0,0,0,1133,28649,0,0,2638,0,0,0,0,1401,0,0,0,0,0,0,0,0,0,16355,0,0,0,0,0,1133,16760,695,26100,5488,19066,TCGA-GM-A3XL-DX1_xmin29910_ymin15820_MPP-0.2500+43
50176,0,0,0,0,0,0,0,0,0,0,0,0,0,0,0,0,0,0,0,0,0,0,0,0,50176,0,0,0,0,0,0,0,0,0,0,0,0,0,0,0,0,0,0,0,0,0,0,0,0,50176,0,0,0,0,0,0,0,0,0,0,0,0,0,0,0,0,0,0,0,0,0,0,0,0,3707,0,46287,182,3640,TCGA-GM-A3XL-DX1_xmin29910_ymin15820_MPP-0.2500+44
37379,8376,0,0,0,0,676,0,0,0,0,0,0,0,0,0,0,0,0,0,0,0,0,0,3745,37353,8402,0,0,0,0,676,0,0,0,0,0,0,0,0,0,0,0,0,0,0,0,0,0,3745,36979,8776,0,0,0,0,676,0,0,0,0,0,0,0,0,0,0,0,0,0,0,0,0,0,3745,3641,151,39534,3105,4070,TCGA-GM-A3XL-DX1_xmin29910_ymin15820_MPP-0.2500+45
42263,1886,0,0,0,0,20,0,0,0,0,0,0,0,0,0,0,0,0,0,0,0,0,0,6007,42430,1719,0,0,0,0,20,0,0,0,0,0,0,0,0,0,0,0,0,0,0,0,0,0,6007,42327,1822,0,0,0,0,20,0,0,0,0,0,0,0,0,0,0,0,0,0,0,0,0,0,6007,1509,0,42616,44,534,TCGA-GM-A3XL-DX1_xmin29910_ymin15820_MPP-0.2500+46
50176,0,0,0,0,0,0,0,0,0,0,0,0,0,0,0,0,0,0,0,0,0,0,0,0,50176,0,0,0,0,0,0,0,0,0,0,0,0,0,0,0,0,0,0,0,0,0,0,0,0,50176,0,0,0,0,0,0,0,0,0,0,0,0,0,0,0,0,0,0,0,0,0,0,0,0,1115,0,49061,0,862,TCGA-GM-A3XL-DX1_xmin29910_ymin15820_MPP-0.2500+47
34515,0,0,0,0,0,0,0,0,0,0,0,0,0,0,0,0,0,0,0,0,0,0,0,15661,34515,0,0,0,0,0,0,0,0,0,0,0,0,0,0,0,0,0,0,0,0,0,0,0,15661,34515,0,0,0,0,0,0,0,0,0,0,0,0,0,0,0,0,0,0,0,0,0,0,0,15661,1297,0,33218,0,1648,TCGA-GM-A3XL-DX1_xmin29910_ymin15820_MPP-0.2500+48
20356,0,0,0,0,183,0,0,0,0,0,0,0,0,0,0,0,0,0,0,0,0,0,0,29637,20356,0,0,0,0,183,0,0,0,0,0,0,0,0,0,0,0,0,0,0,0,0,0,0,29637,20356,0,0,0,0,183,0,0,0,0,0,0,0,0,0,0,0,0,0,0,0,0,0,0,29637,806,0,19550,183,958,TCGA-GM-A3XL-DX1_xmin29910_ymin15820_MPP-0.2500+49
0,0,0,0,0,0,0,0,0,0,0,0,0,0,0,16,0,0,50160,0,0,0,0,0,0,0,0,0,0,0,0,0,0,0,0,0,0,0,0,0,16,0,0,50160,0,0,0,0,0,0,0,0,0,0,0,0,0,0,0,0,0,0,0,0,0,0,0,0,50176,0,0,0,0,0,0,21119,0,27160,1897,26885,TCGA-GM-A3XL-DX1_xmin29910_ymin15820_MPP-0.2500+5
45742,0,0,0,0,1516,0,0,0,0,0,0,0,0,0,1155,0,0,0,0,0,0,0,0,1763,45742,0,0,0,0,1516,0,0,0,0,0,0,0,0,0,1155,0,0,0,0,0,0,0,0,1763,45742,0,0,0,0,1516,0,0,0,0,0,0,0,0,0,1155,0,0,0,0,0,0,0,0,1763,4489,585,40498,2841,7811,TCGA-GM-A3XL-DX1_xmin29910_ymin15820_MPP-0.2500+50
30821,0,0,787,0,1256,0,0,2759,0,0,0,0,0,0,0,0,0,8122,0,0,0,0,0,6431,31045,0,0,563,0,1327,0,0,2688,0,0,0,0,0,0,209,0,0,7913,0,0,0,0,0,6431,31029,0,0,579,0,1334,0,0,2681,0,0,0,0,0,0,585,0,0,7537,0,0,0,0,0,6431,5518,1340,31848,5039,8254,TCGA-GM-A3XL-DX1_xmin29910_ymin15820_MPP-0.2500+51
10494,0,0,0,0,1634,0,0,81,0,0,0,0,0,0,2993,0,0,23109,0,0,0,0,0,11865,10494,0,0,0,0,1681,0,0,34,0,0,0,0,0,0,3327,0,0,22775,0,0,0,0,0,11865,10445,0,0,49,0,1656,0,0,59,0,0,0,0,0,0,3238,0,0,22864,0,0,0,0,0,11865,15865,129,13475,8842,19345,TCGA-GM-A3XL-DX1_xmin29910_ymin15820_MPP-0.2500+52
0,0,0,0,0,0,0,0,0,0,0,0,0,0,0,1008,0,0,48168,0,0,0,0,0,1000,0,0,0,0,0,0,0,0,0,0,0,0,0,0,0,816,0,0,48360,0,0,0,0,0,1000,0,0,0,0,0,0,0,0,0,0,0,0,0,0,0,816,0,0,48360,0,0,0,0,0,1000,28914,3,7544,12715,41667,TCGA-GM-A3XL-DX1_xmin29910_ymin15820_MPP-0.2500+53
0,0,0,0,0,0,0,0,0,0,0,0,0,0,0,976,0,0,49200,0,0,0,0,0,0,0,0,0,0,0,0,0,0,0,0,0,0,0,0,0,976,0,0,49200,0,0,0,0,0,0,0,0,0,0,0,0,0,0,0,0,0,0,0,0,0,592,0,0,49584,0,0,0,0,0,0,29452,27,3060,17637,36004,TCGA-GM-A3XL-DX1_xmin29910_ymin15820_MPP-0.2500+54
13803,0,0,1231,0,779,0,0,667,0,0,0,0,0,0,1560,0,0,31651,0,0,0,0,0,485,13942,0,0,1092,0,833,0,0,613,0,0,0,0,0,0,1595,0,0,31616,0,0,0,0,0,485,13920,0,0,1114,0,827,0,0,619,0,0,0,0,0,0,1533,0,0,31678,0,0,0,0,0,485,24718,1469,15304,8200,29904,TCGA-GM-A3XL-DX1_xmin29910_ymin15820_MPP-0.2500+55
50176,0,0,0,0,0,0,0,0,0,0,0,0,0,0,0,0,0,0,0,0,0,0,0,0,50176,0,0,0,0,0,0,0,0,0,0,0,0,0,0,0,0,0,0,0,0,0,0,0,0,50176,0,0,0,0,0,0,0,0,0,0,0,0,0,0,0,0,0,0,0,0,0,0,0,0,6184,0,43864,128,4098,TCGA-GM-A3XL-DX1_xmin29910_ymin15820_MPP-0.2500+56
50176,0,0,0,0,0,0,0,0,0,0,0,0,0,0,0,0,0,0,0,0,0,0,0,0,50176,0,0,0,0,0,0,0,0,0,0,0,0,0,0,0,0,0,0,0,0,0,0,0,0,50176,0,0,0,0,0,0,0,0,0,0,0,0,0,0,0,0,0,0,0,0,0,0,0,0,5162,0,43150,1864,3437,TCGA-GM-A3XL-DX1_xmin29910_ymin15820_MPP-0.2500+57
48420,0,0,0,0,1664,0,0,0,0,0,0,0,0,0,0,0,0,0,0,0,0,0,0,92,48420,0,0,0,0,1664,0,0,0,0,0,0,0,0,0,0,0,0,0,0,0,0,0,0,92,48420,0,0,0,0,1664,0,0,0,0,0,0,0,0,0,0,0,0,0,0,0,0,0,0,92,7806,542,37557,4179,7907,TCGA-GM-A3XL-DX1_xmin29910_ymin15820_MPP-0.2500+58
30974,0,0,0,0,6761,0,0,0,0,0,0,0,0,0,0,0,0,0,0,0,0,0,0,12441,30974,0,0,0,0,6761,0,0,0,0,0,0,0,0,0,0,0,0,0,0,0,0,0,0,12441,30974,0,0,0,0,6761,0,0,0,0,0,0,0,0,0,0,0,0,0,0,0,0,0,0,12441,2261,3554,19675,12245,7783,TCGA-GM-A3XL-DX1_xmin29910_ymin15820_MPP-0.2500+59
27979,0,0,3979,0,1910,0,0,271,0,0,0,0,0,0,4543,0,0,11187,0,0,0,0,0,307,31958,0,0,0,0,2181,0,0,0,0,0,0,0,0,0,15730,0,0,0,0,0,0,0,0,307,31958,0,0,0,0,2181,0,0,0,0,0,0,0,0,0,15730,0,0,0,0,0,0,0,0,307,9542,1639,24589,14099,17671,TCGA-GM-A3XL-DX1_xmin29910_ymin15820_MPP-0.2500+6
22531,7772,0,0,0,1023,14112,0,0,0,0,0,0,0,0,0,0,0,0,0,0,0,0,0,4738,22656,7647,0,0,0,987,14148,0,0,0,0,0,0,0,0,0,0,0,0,0,0,0,0,0,4738,22645,7658,0,0,0,912,14223,0,0,0,0,0,0,0,0,0,0,0,0,0,0,0,0,0,4738,1368,3000,33475,7595,5446,TCGA-GM-A3XL-DX1_xmin29910_ymin15820_MPP-0.2500+60
33390,8824,0,0,0,3,7959,0,0,0,0,0,0,0,0,0,0,0,0,0,0,0,0,0,0,33315,8899,0,0,0,1,7961,0,0,0,0,0,0,0,0,0,0,0,0,0,0,0,0,0,0,33152,9062,0,0,0,0,7962,0,0,0,0,0,0,0,0,0,0,0,0,0,0,0,0,0,0,5948,1465,35759,7004,7156,TCGA-GM-A3XL-DX1_xmin29910_ymin15820_MPP-0.2500+61
50176,0,0,0,0,0,0,0,0,0,0,0,0,0,0,0,0,0,0,0,0,0,0,0,0,50176,0,0,0,0,0,0,0,0,0,0,0,0,0,0,0,0,0,0,0,0,0,0,0,0,50176,0,0,0,0,0,0,0,0,0,0,0,0,0,0,0,0,0,0,0,0,0,0,0,0,1874,0,47757,545,1816,TCGA-GM-A3XL-DX1_xmin29910_ymin15820_MPP-0.2500+62
50176,0,0,0,0,0,0,0,0,0,0,0,0,0,0,0,0,0,0,0,0,0,0,0,0,50176,0,0,0,0,0,0,0,0,0,0,0,0,0,0,0,0,0,0,0,0,0,0,0,0,50176,0,0,0,0,0,0,0,0,0,0,0,0,0,0,0,0,0,0,0,0,0,0,0,0,4042,0,45150,984,5195,TCGA-GM-A3XL-DX1_xmin29910_ymin15820_MPP-0.2500+63
49557,0,0,0,0,409,0,0,0,0,0,0,0,0,0,0,0,0,0,0,0,0,0,0,210,49557,0,0,0,0,409,0,0,0,0,0,0,0,0,0,0,0,0,0,0,0,0,0,0,210,49557,0,0,0,0,409,0,0,0,0,0,0,0,0,0,0,0,0,0,0,0,0,0,0,210,4020,47,45232,667,2922,TCGA-GM-A3XL-DX1_xmin29910_ymin15820_MPP-0.2500+64
14987,0,0,0,0,3809,0,0,0,0,0,0,0,0,0,810,0,0,15261,0,0,0,0,0,15309,14987,0,0,0,0,3809,0,0,0,0,0,0,0,0,0,749,0,0,15322,0,0,0,0,0,15309,14987,0,0,0,0,3809,0,0,0,0,0,0,0,0,0,649,0,0,15422,0,0,0,0,0,15309,7561,393,15841,11072,13443,TCGA-GM-A3XL-DX1_xmin29910_ymin15820_MPP-0.2500+65
0,0,0,0,0,0,0,0,0,0,0,0,0,0,0,1008,0,0,48777,0,0,0,0,0,391,0,0,0,0,0,0,0,0,0,0,0,0,0,0,0,1040,0,0,48745,0,0,0,0,0,391,0,0,0,0,0,0,0,0,0,0,0,0,0,0,0,1040,0,0,48745,0,0,0,0,0,391,26108,0,2747,20930,36778,TCGA-GM-A3XL-DX1_xmin29910_ymin15820_MPP-0.2500+66
5089,0,0,3677,0,2,0,0,1137,0,0,0,0,0,0,125,0,0,40144,0,0,0,0,0,2,5238,0,0,3528,0,2,0,0,1137,0,0,0,0,0,0,200,0,0,40069,0,0,0,0,0,2,4982,0,0,3784,0,2,0,0,1137,0,0,0,0,0,0,200,0,0,40069,0,0,0,0,0,2,27171,962,10374,11667,33002,TCGA-GM-A3XL-DX1_xmin29910_ymin15820_MPP-0.2500+67
50176,0,0,0,0,0,0,0,0,0,0,0,0,0,0,0,0,0,0,0,0,0,0,0,0,50176,0,0,0,0,0,0,0,0,0,0,0,0,0,0,0,0,0,0,0,0,0,0,0,0,50176,0,0,0,0,0,0,0,0,0,0,0,0,0,0,0,0,0,0,0,0,0,0,0,0,2896,0,47151,129,2397,TCGA-GM-A3XL-DX1_xmin29910_ymin15820_MPP-0.2500+68
50176,0,0,0,0,0,0,0,0,0,0,0,0,0,0,0,0,0,0,0,0,0,0,0,0,50176,0,0,0,0,0,0,0,0,0,0,0,0,0,0,0,0,0,0,0,0,0,0,0,0,50176,0,0,0,0,0,0,0,0,0,0,0,0,0,0,0,0,0,0,0,0,0,0,0,0,4323,0,44490,1363,3658,TCGA-GM-A3XL-DX1_xmin29910_ymin15820_MPP-0.2500+69
38378,6577,0,0,0,545,1489,0,0,0,0,0,0,0,0,0,0,0,0,0,0,0,0,0,3187,38200,6755,0,0,0,543,1491,0,0,0,0,0,0,0,0,0,0,0,0,0,0,0,0,0,3187,37595,7360,0,0,0,540,1494,0,0,0,0,0,0,0,0,0,0,0,0,0,0,0,0,0,3187,6836,2532,31216,6405,9897,TCGA-GM-A3XL-DX1_xmin29910_ymin15820_MPP-0.2500+7
45422,0,0,0,0,603,0,0,0,0,0,0,0,0,0,0,0,0,0,0,0,0,0,0,4151,45422,0,0,0,0,603,0,0,0,0,0,0,0,0,0,0,0,0,0,0,0,0,0,0,4151,45422,0,0,0,0,603,0,0,0,0,0,0,0,0,0,0,0,0,0,0,0,0,0,0,4151,6537,359,36972,2157,4243,TCGA-GM-A3XL-DX1_xmin29910_ymin15820_MPP-0.2500+70
0,0,0,136,0,0,0,0,383,0,0,0,0,0,0,0,0,0,0,0,0,0,0,0,49657,0,0,0,136,0,0,0,0,383,0,0,0,0,0,0,0,0,0,0,0,0,0,0,0,49657,0,0,0,136,0,0,0,0,383,0,0,0,0,0,0,0,0,0,0,0,0,0,0,0,49657,71,28,312,108,447,TCGA-GM-A3XL-DX1_xmin29910_ymin15820_MPP-0.2500+71
2415,0,0,305,0,1,0,0,26,0,0,0,0,0,0,0,0,0,0,0,0,0,0,0,47429,2351,0,0,369,0,1,0,0,26,0,0,0,0,0,0,0,0,0,0,0,0,0,0,0,47429,2351,0,0,369,0,1,0,0,26,0,0,0,0,0,0,0,0,0,0,0,0,0,0,0,47429,90,0,2630,27,92,TCGA-GM-A3XL-DX1_xmin29910_ymin15820_MPP-0.2500+72
28026,1908,0,0,0,3163,13122,0,0,0,0,0,0,0,0,0,0,0,0,0,0,0,0,0,3957,28042,1892,0,0,0,3323,12962,0,0,0,0,0,0,0,0,0,0,0,0,0,0,0,0,0,3957,28024,1910,0,0,0,3355,12930,0,0,0,0,0,0,0,0,0,0,0,0,0,0,0,0,0,3957,2147,779,37652,5641,3829,TCGA-GM-A3XL-DX1_xmin29910_ymin15820_MPP-0.2500+73
50176,0,0,0,0,0,0,0,0,0,0,0,0,0,0,0,0,0,0,0,0,0,0,0,0,50176,0,0,0,0,0,0,0,0,0,0,0,0,0,0,0,0,0,0,0,0,0,0,0,0,50176,0,0,0,0,0,0,0,0,0,0,0,0,0,0,0,0,0,0,0,0,0,0,0,0,4501,0,45260,415,4040,TCGA-GM-A3XL-DX1_xmin29910_ymin15820_MPP-0.2500+74
45784,0,0,0,0,1057,0,0,0,0,0,0,0,0,0,0,0,0,0,0,0,0,0,0,3335,45784,0,0,0,0,1057,0,0,0,0,0,0,0,0,0,0,0,0,0,0,0,0,0,0,3335,45784,0,0,0,0,1057,0,0,0,0,0,0,0,0,0,0,0,0,0,0,0,0,0,0,3335,4151,283,40945,1462,3103,TCGA-GM-A3XL-DX1_xmin29910_ymin15820_MPP-0.2500+75
50176,0,0,0,0,0,0,0,0,0,0,0,0,0,0,0,0,0,0,0,0,0,0,0,0,50176,0,0,0,0,0,0,0,0,0,0,0,0,0,0,0,0,0,0,0,0,0,0,0,0,50176,0,0,0,0,0,0,0,0,0,0,0,0,0,0,0,0,0,0,0,0,0,0,0,0,4566,0,44760,850,5133,TCGA-GM-A3XL-DX1_xmin29910_ymin15820_MPP-0.2500+76
49921,0,0,0,0,1,0,0,0,0,0,0,0,0,0,0,0,0,0,0,0,0,0,0,254,49921,0,0,0,0,1,0,0,0,0,0,0,0,0,0,0,0,0,0,0,0,0,0,0,254,49921,0,0,0,0,1,0,0,0,0,0,0,0,0,0,0,0,0,0,0,0,0,0,0,254,2505,0,47416,1,2254,TCGA-GM-A3XL-DX1_xmin29910_ymin15820_MPP-0.2500+77
35352,0,0,0,0,1761,0,0,0,0,0,0,0,0,0,8335,0,0,0,0,0,0,0,0,4728,35352,0,0,0,0,1761,0,0,0,0,0,0,0,0,0,8335,0,0,0,0,0,0,0,0,4728,35352,0,0,0,0,1761,0,0,0,0,0,0,0,0,0,8335,0,0,0,0,0,0,0,0,4728,4837,538,34356,5717,9045,TCGA-GM-A3XL-DX1_xmin29910_ymin15820_MPP-0.2500+78
13117,0,0,1185,0,1290,0,0,1395,0,0,0,0,0,0,10058,0,0,21924,0,0,0,0,0,1207,13065,0,0,1237,0,1393,0,0,1292,0,0,0,0,0,0,10594,0,0,21388,0,0,0,0,0,1207,13033,0,0,1269,0,1378,0,0,1307,0,0,0,0,0,0,10581,0,0,21401,0,0,0,0,0,1207,13979,909,16924,17157,19252,TCGA-GM-A3XL-DX1_xmin29910_ymin15820_MPP-0.2500+79
50154,0,0,0,0,22,0,0,0,0,0,0,0,0,0,0,0,0,0,0,0,0,0,0,0,50154,0,0,0,0,22,0,0,0,0,0,0,0,0,0,0,0,0,0,0,0,0,0,0,0,50154,0,0,0,0,22,0,0,0,0,0,0,0,0,0,0,0,0,0,0,0,0,0,0,0,4744,0,45301,131,2620,TCGA-GM-A3XL-DX1_xmin29910_ymin15820_MPP-0.2500+8
45790,0,0,0,0,700,0,0,0,0,0,0,0,0,0,3686,0,0,0,0,0,0,0,0,0,45790,0,0,0,0,700,0,0,0,0,0,0,0,0,0,3686,0,0,0,0,0,0,0,0,0,45790,0,0,0,0,700,0,0,0,0,0,0,0,0,0,3686,0,0,0,0,0,0,0,0,0,1553,5325,21166,22132,17276,TCGA-GM-A3XL-DX1_xmin29910_ymin15820_MPP-0.2500+80
50176,0,0,0,0,0,0,0,0,0,0,0,0,0,0,0,0,0,0,0,0,0,0,0,0,50176,0,0,0,0,0,0,0,0,0,0,0,0,0,0,0,0,0,0,0,0,0,0,0,0,50176,0,0,0,0,0,0,0,0,0,0,0,0,0,0,0,0,0,0,0,0,0,0,0,0,4436,0,45128,612,3256,TCGA-GM-A3XL-DX1_xmin29910_ymin15820_MPP-0.2500+81
50176,0,0,0,0,0,0,0,0,0,0,0,0,0,0,0,0,0,0,0,0,0,0,0,0,50176,0,0,0,0,0,0,0,0,0,0,0,0,0,0,0,0,0,0,0,0,0,0,0,0,50176,0,0,0,0,0,0,0,0,0,0,0,0,0,0,0,0,0,0,0,0,0,0,0,0,4565,0,45611,0,3475,TCGA-GM-A3XL-DX1_xmin29910_ymin15820_MPP-0.2500+82
19439,0,0,0,0,3336,0,0,0,0,0,0,0,0,0,0,0,0,0,0,0,0,0,0,27401,19439,0,0,0,0,3336,0,0,0,0,0,0,0,0,0,0,0,0,0,0,0,0,0,0,27401,19439,0,0,0,0,3336,0,0,0,0,0,0,0,0,0,0,0,0,0,0,0,0,0,0,27401,1542,628,17736,2869,3333,TCGA-GM-A3XL-DX1_xmin29910_ymin15820_MPP-0.2500+83
8087,0,0,0,0,944,0,0,0,0,0,0,0,0,0,0,0,0,0,0,0,0,0,0,41145,8087,0,0,0,0,944,0,0,0,0,0,0,0,0,0,0,0,0,0,0,0,0,0,0,41145,8087,0,0,0,0,944,0,0,0,0,0,0,0,0,0,0,0,0,0,0,0,0,0,0,41145,734,71,7289,937,1744,TCGA-GM-A3XL-DX1_xmin29910_ymin15820_MPP-0.2500+84
35780,0,0,0,0,12473,0,0,0,0,0,0,0,0,0,0,0,0,0,0,0,0,0,0,1923,35780,0,0,0,0,12473,0,0,0,0,0,0,0,0,0,0,0,0,0,0,0,0,0,0,1923,35780,0,0,0,0,12473,0,0,0,0,0,0,0,0,0,0,0,0,0,0,0,0,0,0,1923,1692,2530,34485,9546,3975,TCGA-GM-A3XL-DX1_xmin29910_ymin15820_MPP-0.2500+85
32238,0,0,0,0,16062,0,0,0,0,0,0,0,0,0,0,0,0,0,0,0,0,0,0,1876,32238,0,0,0,0,16062,0,0,0,0,0,0,0,0,0,0,0,0,0,0,0,0,0,0,1876,32238,0,0,0,0,16062,0,0,0,0,0,0,0,0,0,0,0,0,0,0,0,0,0,0,1876,2395,2484,38808,4613,4513,TCGA-GM-A3XL-DX1_xmin29910_ymin15820_MPP-0.2500+86
5415,2571,0,0,0,797,9986,0,0,0,0,0,0,0,0,0,0,0,0,0,0,0,0,0,31407,5275,2711,0,0,0,898,9885,0,0,0,0,0,0,0,0,0,0,0,0,0,0,0,0,0,31407,5160,2826,0,0,0,915,9868,0,0,0,0,0,0,0,0,0,0,0,0,0,0,0,0,0,31407,1951,251,13471,3096,3764,TCGA-GM-A3XL-DX1_xmin29910_ymin15820_MPP-0.2500+87
47111,0,0,0,0,3065,0,0,0,0,0,0,0,0,0,0,0,0,0,0,0,0,0,0,0,47111,0,0,0,0,3065,0,0,0,0,0,0,0,0,0,0,0,0,0,0,0,0,0,0,0,47111,0,0,0,0,3065,0,0,0,0,0,0,0,0,0,0,0,0,0,0,0,0,0,0,0,1947,197,46062,1970,2264,TCGA-GM-A3XL-DX1_xmin29910_ymin15820_MPP-0.2500+88
50176,0,0,0,0,0,0,0,0,0,0,0,0,0,0,0,0,0,0,0,0,0,0,0,0,50176,0,0,0,0,0,0,0,0,0,0,0,0,0,0,0,0,0,0,0,0,0,0,0,0,50176,0,0,0,0,0,0,0,0,0,0,0,0,0,0,0,0,0,0,0,0,0,0,0,0,3110,0,47066,0,2865,TCGA-GM-A3XL-DX1_xmin29910_ymin15820_MPP-0.2500+89
0,0,0,91,0,0,0,0,1438,0,0,0,0,0,0,336,0,0,46650,0,0,0,0,0,1661,0,0,0,91,0,0,0,0,1438,0,0,0,0,0,0,400,0,0,46586,0,0,0,0,0,1661,0,0,0,91,0,0,0,0,1438,0,0,0,0,0,0,336,0,0,46650,0,0,0,0,0,1661,31829,791,11355,4540,30595,TCGA-GM-A3XL-DX1_xmin29910_ymin15820_MPP-0.2500+9
50176,0,0,0,0,0,0,0,0,0,0,0,0,0,0,0,0,0,0,0,0,0,0,0,0,50176,0,0,0,0,0,0,0,0,0,0,0,0,0,0,0,0,0,0,0,0,0,0,0,0,50176,0,0,0,0,0,0,0,0,0,0,0,0,0,0,0,0,0,0,0,0,0,0,0,0,1064,0,49112,0,1714,TCGA-GM-A3XL-DX1_xmin29910_ymin15820_MPP-0.2500+90
49935,0,0,0,0,0,0,0,0,0,0,0,0,0,0,241,0,0,0,0,0,0,0,0,0,49935,0,0,0,0,0,0,0,0,0,0,0,0,0,0,241,0,0,0,0,0,0,0,0,0,49935,0,0,0,0,0,0,0,0,0,0,0,0,0,0,241,0,0,0,0,0,0,0,0,0,3867,101,43864,2344,4287,TCGA-GM-A3XL-DX1_xmin29910_ymin15820_MPP-0.2500+91
47043,0,0,0,0,5,0,0,0,0,0,0,0,0,0,3128,0,0,0,0,0,0,0,0,0,47043,0,0,0,0,5,0,0,0,0,0,0,0,0,0,3128,0,0,0,0,0,0,0,0,0,47043,0,0,0,0,5,0,0,0,0,0,0,0,0,0,3128,0,0,0,0,0,0,0,0,0,4390,0,42608,3178,5699,TCGA-GM-A3XL-DX1_xmin29910_ymin15820_MPP-0.2500+92
50176,0,0,0,0,0,0,0,0,0,0,0,0,0,0,0,0,0,0,0,0,0,0,0,0,50176,0,0,0,0,0,0,0,0,0,0,0,0,0,0,0,0,0,0,0,0,0,0,0,0,50176,0,0,0,0,0,0,0,0,0,0,0,0,0,0,0,0,0,0,0,0,0,0,0,0,3092,0,45403,1681,4306,TCGA-GM-A3XL-DX1_xmin29910_ymin15820_MPP-0.2500+93
50176,0,0,0,0,0,0,0,0,0,0,0,0,0,0,0,0,0,0,0,0,0,0,0,0,50176,0,0,0,0,0,0,0,0,0,0,0,0,0,0,0,0,0,0,0,0,0,0,0,0,50176,0,0,0,0,0,0,0,0,0,0,0,0,0,0,0,0,0,0,0,0,0,0,0,0,3035,0,47141,0,3374,TCGA-GM-A3XL-DX1_xmin29910_ymin15820_MPP-0.2500+94
50176,0,0,0,0,0,0,0,0,0,0,0,0,0,0,0,0,0,0,0,0,0,0,0,0,50176,0,0,0,0,0,0,0,0,0,0,0,0,0,0,0,0,0,0,0,0,0,0,0,0,50176,0,0,0,0,0,0,0,0,0,0,0,0,0,0,0,0,0,0,0,0,0,0,0,0,1528,0,48289,359,1754,TCGA-GM-A3XL-DX1_xmin29910_ymin15820_MPP-0.2500+95
50176,0,0,0,0,0,0,0,0,0,0,0,0,0,0,0,0,0,0,0,0,0,0,0,0,50176,0,0,0,0,0,0,0,0,0,0,0,0,0,0,0,0,0,0,0,0,0,0,0,0,50176,0,0,0,0,0,0,0,0,0,0,0,0,0,0,0,0,0,0,0,0,0,0,0,0,8354,0,41633,189,7926,TCGA-GM-A3XL-DX1_xmin29910_ymin15820_MPP-0.2500+96
38462,0,0,0,0,11714,0,0,0,0,0,0,0,0,0,0,0,0,0,0,0,0,0,0,0,38462,0,0,0,0,11714,0,0,0,0,0,0,0,0,0,0,0,0,0,0,0,0,0,0,0,38462,0,0,0,0,11714,0,0,0,0,0,0,0,0,0,0,0,0,0,0,0,0,0,0,0,274,2651,39107,8144,4209,TCGA-GM-A3XL-DX1_xmin29910_ymin15820_MPP-0.2500+97
40310,525,0,0,0,3661,5680,0,0,0,0,0,0,0,0,0,0,0,0,0,0,0,0,0,0,40359,476,0,0,0,3698,5643,0,0,0,0,0,0,0,0,0,0,0,0,0,0,0,0,0,0,40450,385,0,0,0,3747,5594,0,0,0,0,0,0,0,0,0,0,0,0,0,0,0,0,0,0,1419,942,44430,3385,3366,TCGA-GM-A3XL-DX1_xmin29910_ymin15820_MPP-0.2500+98
128,4015,0,0,0,0,46033,0,0,0,0,0,0,0,0,0,0,0,0,0,0,0,0,0,0,389,3754,0,0,0,123,45910,0,0,0,0,0,0,0,0,0,0,0,0,0,0,0,0,0,0,320,3823,0,0,0,64,45969,0,0,0,0,0,0,0,0,0,0,0,0,0,0,0,0,0,0,8680,1411,32702,7383,16338,TCGA-GM-A3XL-DX1_xmin29910_ymin15820_MPP-0.2500+99
0,0,0,0,0,0,10607,0,0,0,0,0,0,0,0,0,16944,22625,0,0,0,0,0,0,0,0,0,0,0,0,0,10607,0,0,0,0,0,0,0,0,0,17345,22224,0,0,0,0,0,0,0,0,0,0,0,0,0,10607,0,0,0,0,0,0,0,0,0,17171,22398,0,0,0,0,0,0,0,238,119,10369,39450,13884,TCGA-HN-A2NL-DX1_xmin11931_ymin5764_MPP-0.2500+0
0,0,0,0,0,0,3581,495,0,0,0,0,0,0,0,0,15116,30984,0,0,0,0,0,0,0,0,0,0,0,0,0,3604,472,0,0,0,0,0,0,0,0,15794,30306,0,0,0,0,0,0,0,0,0,0,0,0,0,3565,511,0,0,0,0,0,0,0,0,15388,30712,0,0,0,0,0,0,0,2581,394,4222,42979,17419,TCGA-HN-A2NL-DX1_xmin11931_ymin5764_MPP-0.2500+1
18050,2933,0,0,0,5182,18395,0,0,0,0,0,0,0,0,2962,2654,0,0,0,0,0,0,0,0,17881,3102,0,0,0,4268,19309,0,0,0,0,0,0,0,0,3047,2569,0,0,0,0,0,0,0,0,17839,3144,0,0,0,4380,19197,0,0,0,0,0,0,0,0,3061,2555,0,0,0,0,0,0,0,0,3621,2858,31562,12135,15283,TCGA-HN-A2NL-DX1_xmin11931_ymin5764_MPP-0.2500+10
7303,929,0,0,0,4230,18769,0,0,0,0,0,0,0,0,8732,10213,0,0,0,0,0,0,0,0,7233,999,0,0,0,4591,18408,0,0,0,0,0,0,0,0,7589,11356,0,0,0,0,0,0,0,0,7348,884,0,0,0,4983,18016,0,0,0,0,0,0,0,0,7471,11474,0,0,0,0,0,0,0,0,3147,1962,19883,25184,17128,TCGA-HN-A2NL-DX1_xmin11931_ymin5764_MPP-0.2500+11
0,1310,0,0,0,0,732,308,0,0,0,0,0,0,0,0,35909,11917,0,0,0,0,0,0,0,0,1310,0,0,0,0,757,283,0,0,0,0,0,0,0,0,35618,12208,0,0,0,0,0,0,0,0,1310,0,0,0,0,755,285,0,0,0,0,0,0,0,0,35166,12660,0,0,0,0,0,0,0,4184,231,1929,43832,16963,TCGA-HN-A2NL-DX1_xmin11931_ymin5764_MPP-0.2500+12
0,0,0,0,0,0,0,0,0,0,0,0,0,0,0,0,26412,23764,0,0,0,0,0,0,0,0,0,0,0,0,0,0,0,0,0,0,0,0,0,0,0,26777,23399,0,0,0,0,0,0,0,0,0,0,0,0,0,0,0,0,0,0,0,0,0,0,0,27242,22934,0,0,0,0,0,0,0,2693,1111,605,45767,16789,TCGA-HN-A2NL-DX1_xmin11931_ymin5764_MPP-0.2500+13
0,0,0,0,0,0,0,0,0,0,0,0,0,0,0,1760,0,0,48416,0,0,0,0,0,0,0,0,0,0,0,0,0,0,0,0,0,0,0,0,0,1888,0,0,48288,0,0,0,0,0,0,0,0,0,0,0,0,0,0,0,0,0,0,0,0,0,1888,0,0,48288,0,0,0,0,0,0,23330,138,4214,22494,34805,TCGA-HN-A2NL-DX1_xmin11931_ymin5764_MPP-0.2500+14
0,0,0,0,0,0,0,0,0,0,0,0,0,0,0,13344,0,0,36832,0,0,0,0,0,0,0,0,0,0,0,0,0,0,0,0,0,0,0,0,0,13056,0,0,37120,0,0,0,0,0,0,0,0,0,0,0,0,0,0,0,0,0,0,0,0,0,12544,0,0,37632,0,0,0,0,0,0,21022,0,3299,25855,29304,TCGA-HN-A2NL-DX1_xmin11931_ymin5764_MPP-0.2500+15
0,0,0,0,0,0,44636,0,0,0,0,0,0,0,0,0,5540,0,0,0,0,0,0,0,0,0,0,0,0,0,0,44636,0,0,0,0,0,0,0,0,0,5540,0,0,0,0,0,0,0,0,0,0,0,0,0,0,44636,0,0,0,0,0,0,0,0,0,5540,0,0,0,0,0,0,0,0,6429,2214,34903,6630,18021,TCGA-HN-A2NL-DX1_xmin11931_ymin5764_MPP-0.2500+16
0,2773,0,0,0,0,39978,0,7387,0,0,0,0,0,0,0,38,0,0,0,0,0,0,0,0,0,2773,0,0,0,0,40498,0,6867,0,0,0,0,0,0,0,38,0,0,0,0,0,0,0,0,0,2773,0,0,0,0,39411,0,7954,0,0,0,0,0,0,0,38,0,0,0,0,0,0,0,0,3149,2091,41342,3594,15773,TCGA-HN-A2NL-DX1_xmin11931_ymin5764_MPP-0.2500+17
0,21521,0,0,0,0,28655,0,0,0,0,0,0,0,0,0,0,0,0,0,0,0,0,0,0,0,21521,0,0,0,0,28655,0,0,0,0,0,0,0,0,0,0,0,0,0,0,0,0,0,0,0,21521,0,0,0,0,28655,0,0,0,0,0,0,0,0,0,0,0,0,0,0,0,0,0,0,4372,726,41731,3347,10588,TCGA-HN-A2NL-DX1_xmin11931_ymin5764_MPP-0.2500+18
14600,1542,0,0,0,3065,18781,0,0,0,0,0,0,0,0,4946,7242,0,0,0,0,0,0,0,0,14601,1541,0,0,0,2955,18891,0,0,0,0,0,0,0,0,5281,6907,0,0,0,0,0,0,0,0,14753,1389,0,0,0,3049,18797,0,0,0,0,0,0,0,0,5721,6467,0,0,0,0,0,0,0,0,2944,1677,29091,16464,10234,TCGA-HN-A2NL-DX1_xmin11931_ymin5764_MPP-0.2500+19
0,0,0,0,0,0,8343,0,0,0,0,0,0,0,0,0,22367,19466,0,0,0,0,0,0,0,0,0,0,0,0,0,8343,0,0,0,0,0,0,0,0,0,22756,19077,0,0,0,0,0,0,0,0,0,0,0,0,0,8343,0,0,0,0,0,0,0,0,0,22515,19318,0,0,0,0,0,0,0,2854,325,7237,39760,19118,TCGA-HN-A2NL-DX1_xmin11931_ymin5764_MPP-0.2500+2
0,1513,0,0,0,0,13142,0,0,0,0,0,0,0,0,928,34593,0,0,0,0,0,0,0,0,96,1417,0,0,0,0,13142,0,0,0,0,0,0,0,0,928,34593,0,0,0,0,0,0,0,0,0,1513,0,0,0,0,13142,0,0,0,0,0,0,0,0,1216,34305,0,0,0,0,0,0,0,0,8593,115,15634,25834,17781,TCGA-HN-A2NL-DX1_xmin11931_ymin5764_MPP-0.2500+20
0,0,0,0,0,0,14478,959,0,0,0,0,0,0,0,0,10780,23959,0,0,0,0,0,0,0,0,0,0,0,0,0,14542,895,0,0,0,0,0,0,0,0,10933,23806,0,0,0,0,0,0,0,0,0,0,0,0,0,14517,920,0,0,0,0,0,0,0,0,11090,23649,0,0,0,0,0,0,0,4480,655,14737,30304,12311,TCGA-HN-A2NL-DX1_xmin11931_ymin5764_MPP-0.2500+21
0,0,0,0,0,676,0,0,1142,0,0,0,0,0,0,4844,0,0,43514,0,0,0,0,0,0,0,0,0,0,0,831,0,0,987,0,0,0,0,0,0,4593,0,0,43765,0,0,0,0,0,0,0,0,0,0,0,767,0,0,1051,0,0,0,0,0,0,3793,0,0,44565,0,0,0,0,0,0,15752,274,8376,25774,26731,TCGA-HN-A2NL-DX1_xmin11931_ymin5764_MPP-0.2500+22
0,0,0,0,0,0,0,0,0,0,0,0,0,0,0,3440,0,0,46736,0,0,0,0,0,0,0,0,0,0,0,0,0,0,0,0,0,0,0,0,0,4272,0,0,45904,0,0,0,0,0,0,0,0,0,0,0,0,0,0,0,0,0,0,0,0,0,3696,0,0,46480,0,0,0,0,0,0,21262,0,5953,22961,28240,TCGA-HN-A2NL-DX1_xmin11931_ymin5764_MPP-0.2500+23
0,8,0,0,0,0,50168,0,0,0,0,0,0,0,0,0,0,0,0,0,0,0,0,0,0,0,8,0,0,0,0,50168,0,0,0,0,0,0,0,0,0,0,0,0,0,0,0,0,0,0,0,8,0,0,0,0,50168,0,0,0,0,0,0,0,0,0,0,0,0,0,0,0,0,0,0,7259,7,40701,2209,10341,TCGA-HN-A2NL-DX1_xmin11931_ymin5764_MPP-0.2500+24
0,23195,0,0,0,0,26981,0,0,0,0,0,0,0,0,0,0,0,0,0,0,0,0,0,0,0,23195,0,0,0,0,26981,0,0,0,0,0,0,0,0,0,0,0,0,0,0,0,0,0,0,0,23195,0,0,0,0,26981,0,0,0,0,0,0,0,0,0,0,0,0,0,0,0,0,0,0,4266,1353,39774,4783,8578,TCGA-HN-A2NL-DX1_xmin11931_ymin5764_MPP-0.2500+25
12178,4446,0,0,0,1561,31991,0,0,0,0,0,0,0,0,0,0,0,0,0,0,0,0,0,0,12072,4552,0,0,0,1462,32090,0,0,0,0,0,0,0,0,0,0,0,0,0,0,0,0,0,0,12142,4482,0,0,0,1583,31969,0,0,0,0,0,0,0,0,0,0,0,0,0,0,0,0,0,0,3491,1328,40354,5003,7022,TCGA-HN-A2NL-DX1_xmin11931_ymin5764_MPP-0.2500+26
11663,7209,0,199,0,1642,25584,0,2994,0,0,0,0,0,0,0,0,0,885,0,0,0,0,0,0,11888,6867,0,316,0,1738,25558,0,2924,0,0,0,0,0,0,2,0,0,883,0,0,0,0,0,0,11960,6710,0,401,0,2008,25108,0,3104,0,0,0,0,0,0,26,0,0,859,0,0,0,0,0,0,4163,4672,32671,8670,11128,TCGA-HN-A2NL-DX1_xmin11931_ymin5764_MPP-0.2500+27
33489,0,0,0,0,8731,0,0,0,0,0,0,0,0,0,7956,0,0,0,0,0,0,0,0,0,33489,0,0,0,0,8731,0,0,0,0,0,0,0,0,0,7956,0,0,0,0,0,0,0,0,0,33489,0,0,0,0,8731,0,0,0,0,0,0,0,0,0,7956,0,0,0,0,0,0,0,0,0,2284,3073,28161,16658,8383,TCGA-HN-A2NL-DX1_xmin11931_ymin5764_MPP-0.2500+28
0,0,2469,0,0,0,0,0,0,0,0,0,0,0,0,1,0,47706,0,0,0,0,0,0,0,0,0,2469,0,0,0,0,0,0,0,0,0,0,0,0,1,0,47706,0,0,0,0,0,0,0,0,0,2469,0,0,0,0,0,0,0,0,0,0,0,0,1,0,47706,0,0,0,0,0,0,0,45,2504,1053,46574,17401,TCGA-HN-A2NL-DX1_xmin11931_ymin5764_MPP-0.2500+29
0,0,0,0,0,0,0,1432,0,0,0,0,0,0,0,1136,0,47608,0,0,0,0,0,0,0,0,0,0,0,0,0,0,1432,0,0,0,0,0,0,0,784,0,47960,0,0,0,0,0,0,0,0,0,0,0,0,0,0,1432,0,0,0,0,0,0,0,848,0,47896,0,0,0,0,0,0,0,1384,623,978,47191,20880,TCGA-HN-A2NL-DX1_xmin11931_ymin5764_MPP-0.2500+3
0,0,0,0,0,0,0,0,0,0,0,0,0,0,0,4960,0,45216,0,0,0,0,0,0,0,0,0,0,0,0,0,0,0,0,0,0,0,0,0,0,4608,0,45568,0,0,0,0,0,0,0,0,0,0,0,0,0,0,0,0,0,0,0,0,0,0,4736,0,45440,0,0,0,0,0,0,0,5953,1387,3247,39589,14943,TCGA-HN-A2NL-DX1_xmin11931_ymin5764_MPP-0.2500+30
0,0,0,0,0,0,0,0,0,0,0,0,0,0,0,624,0,0,49552,0,0,0,0,0,0,0,0,0,0,0,0,0,0,0,0,0,0,0,0,0,624,0,0,49552,0,0,0,0,0,0,0,0,0,0,0,0,0,0,0,0,0,0,0,0,0,624,0,0,49552,0,0,0,0,0,0,23510,61,11174,15431,29319,TCGA-HN-A2NL-DX1_xmin11931_ymin5764_MPP-0.2500+31
17585,6865,0,0,0,3685,22041,0,0,0,0,0,0,0,0,0,0,0,0,0,0,0,0,0,0,17239,7211,0,0,0,3384,22342,0,0,0,0,0,0,0,0,0,0,0,0,0,0,0,0,0,0,17219,7231,0,0,0,3614,22112,0,0,0,0,0,0,0,0,0,0,0,0,0,0,0,0,0,0,7181,2731,31809,8455,13655,TCGA-HN-A2NL-DX1_xmin11931_ymin5764_MPP-0.2500+32
50176,0,0,0,0,0,0,0,0,0,0,0,0,0,0,0,0,0,0,0,0,0,0,0,0,50176,0,0,0,0,0,0,0,0,0,0,0,0,0,0,0,0,0,0,0,0,0,0,0,0,50176,0,0,0,0,0,0,0,0,0,0,0,0,0,0,0,0,0,0,0,0,0,0,0,0,7257,104,37827,4988,8912,TCGA-HN-A2NL-DX1_xmin11931_ymin5764_MPP-0.2500+33
31491,11342,0,0,0,692,6651,0,0,0,0,0,0,0,0,0,0,0,0,0,0,0,0,0,0,30517,12316,0,0,0,692,6651,0,0,0,0,0,0,0,0,0,0,0,0,0,0,0,0,0,0,30659,12174,0,0,0,692,6651,0,0,0,0,0,0,0,0,0,0,0,0,0,0,0,0,0,0,3622,5964,26410,14180,13862,TCGA-HN-A2NL-DX1_xmin11931_ymin5764_MPP-0.2500+34
41188,0,0,0,0,8988,0,0,0,0,0,0,0,0,0,0,0,0,0,0,0,0,0,0,0,41188,0,0,0,0,8988,0,0,0,0,0,0,0,0,0,0,0,0,0,0,0,0,0,0,0,41188,0,0,0,0,8988,0,0,0,0,0,0,0,0,0,0,0,0,0,0,0,0,0,0,0,2076,1201,41510,5389,4743,TCGA-HN-A2NL-DX1_xmin11931_ymin5764_MPP-0.2500+35
30812,0,0,0,0,19364,0,0,0,0,0,0,0,0,0,0,0,0,0,0,0,0,0,0,0,30812,0,0,0,0,19364,0,0,0,0,0,0,0,0,0,0,0,0,0,0,0,0,0,0,0,30812,0,0,0,0,19364,0,0,0,0,0,0,0,0,0,0,0,0,0,0,0,0,0,0,0,2085,5756,31988,10347,9849,TCGA-HN-A2NL-DX1_xmin11931_ymin5764_MPP-0.2500+36
46944,0,0,0,0,0,0,0,0,0,0,0,0,0,0,3232,0,0,0,0,0,0,0,0,0,46944,0,0,0,0,0,0,0,0,0,0,0,0,0,0,3232,0,0,0,0,0,0,0,0,0,46944,0,0,0,0,0,0,0,0,0,0,0,0,0,0,3232,0,0,0,0,0,0,0,0,0,4612,527,35779,9258,12389,TCGA-HN-A2NL-DX1_xmin11931_ymin5764_MPP-0.2500+37
262,0,321,2430,0,0,0,0,0,0,0,0,0,0,0,250,0,33127,13786,0,0,0,0,0,0,2485,0,528,0,0,0,0,0,0,0,0,0,0,0,0,2267,0,44896,0,0,0,0,0,0,0,2280,0,733,0,0,0,0,0,0,0,0,0,0,0,0,2152,0,45011,0,0,0,0,0,0,0,7297,196,4339,38344,23291,TCGA-HN-A2NL-DX1_xmin11931_ymin5764_MPP-0.2500+38
0,0,0,0,0,0,0,0,0,0,0,0,0,0,0,9328,0,0,40848,0,0,0,0,0,0,0,0,0,0,0,0,0,0,0,0,0,0,0,0,0,9392,0,0,40784,0,0,0,0,0,0,0,0,0,0,0,0,0,0,0,0,0,0,0,0,0,9008,0,0,41168,0,0,0,0,0,0,16610,761,9843,22962,24667,TCGA-HN-A2NL-DX1_xmin11931_ymin5764_MPP-0.2500+39
0,0,0,0,0,0,0,0,0,0,0,0,0,0,0,2368,0,47808,0,0,0,0,0,0,0,0,0,0,0,0,0,0,0,0,0,0,0,0,0,0,2112,0,48064,0,0,0,0,0,0,0,0,0,0,0,0,0,0,0,0,0,0,0,0,0,0,2208,0,47968,0,0,0,0,0,0,0,3123,23,1286,45744,13859,TCGA-HN-A2NL-DX1_xmin11931_ymin5764_MPP-0.2500+4
29091,4310,0,0,0,3444,13331,0,0,0,0,0,0,0,0,0,0,0,0,0,0,0,0,0,0,28803,4598,0,0,0,3434,13341,0,0,0,0,0,0,0,0,0,0,0,0,0,0,0,0,0,0,28769,4632,0,0,0,3443,13332,0,0,0,0,0,0,0,0,0,0,0,0,0,0,0,0,0,0,3436,1041,38829,6870,11729,TCGA-HN-A2NL-DX1_xmin11931_ymin5764_MPP-0.2500+40
44393,0,0,0,0,5783,0,0,0,0,0,0,0,0,0,0,0,0,0,0,0,0,0,0,0,44393,0,0,0,0,5783,0,0,0,0,0,0,0,0,0,0,0,0,0,0,0,0,0,0,0,44393,0,0,0,0,5783,0,0,0,0,0,0,0,0,0,0,0,0,0,0,0,0,0,0,0,3022,1869,42413,2872,3440,TCGA-HN-A2NL-DX1_xmin11931_ymin5764_MPP-0.2500+41
25001,0,0,0,0,25175,0,0,0,0,0,0,0,0,0,0,0,0,0,0,0,0,0,0,0,25001,0,0,0,0,25175,0,0,0,0,0,0,0,0,0,0,0,0,0,0,0,0,0,0,0,25001,0,0,0,0,25175,0,0,0,0,0,0,0,0,0,0,0,0,0,0,0,0,0,0,0,2814,3690,28213,15459,4758,TCGA-HN-A2NL-DX1_xmin11931_ymin5764_MPP-0.2500+42
31251,2131,0,0,0,7715,9079,0,0,0,0,0,0,0,0,0,0,0,0,0,0,0,0,0,0,31282,2100,0,0,0,7726,9068,0,0,0,0,0,0,0,0,0,0,0,0,0,0,0,0,0,0,31189,2193,0,0,0,7603,9191,0,0,0,0,0,0,0,0,0,0,0,0,0,0,0,0,0,0,4362,2543,35552,7719,10169,TCGA-HN-A2NL-DX1_xmin11931_ymin5764_MPP-0.2500+43
49912,0,0,0,0,264,0,0,0,0,0,0,0,0,0,0,0,0,0,0,0,0,0,0,0,49912,0,0,0,0,264,0,0,0,0,0,0,0,0,0,0,0,0,0,0,0,0,0,0,0,49912,0,0,0,0,264,0,0,0,0,0,0,0,0,0,0,0,0,0,0,0,0,0,0,0,3250,556,45009,1361,6178,TCGA-HN-A2NL-DX1_xmin11931_ymin5764_MPP-0.2500+44
49010,0,0,0,0,1166,0,0,0,0,0,0,0,0,0,0,0,0,0,0,0,0,0,0,0,49010,0,0,0,0,1166,0,0,0,0,0,0,0,0,0,0,0,0,0,0,0,0,0,0,0,49010,0,0,0,0,1166,0,0,0,0,0,0,0,0,0,0,0,0,0,0,0,0,0,0,0,3856,531,43646,2143,4517,TCGA-HN-A2NL-DX1_xmin11931_ymin5764_MPP-0.2500+45
44115,0,0,0,0,0,0,0,0,0,0,0,0,0,0,6061,0,0,0,0,0,0,0,0,0,44115,0,0,0,0,0,0,0,0,0,0,0,0,0,0,6061,0,0,0,0,0,0,0,0,0,44115,0,0,0,0,0,0,0,0,0,0,0,0,0,0,6061,0,0,0,0,0,0,0,0,0,5820,138,38770,5448,9591,TCGA-HN-A2NL-DX1_xmin11931_ymin5764_MPP-0.2500+46
24223,0,0,0,0,0,0,0,0,0,0,0,0,0,0,25953,0,0,0,0,0,0,0,0,0,24223,0,0,0,0,0,0,0,0,0,0,0,0,0,0,25953,0,0,0,0,0,0,0,0,0,24223,0,0,0,0,0,0,0,0,0,0,0,0,0,0,25953,0,0,0,0,0,0,0,0,0,2191,447,21852,25686,12602,TCGA-HN-A2NL-DX1_xmin11931_ymin5764_MPP-0.2500+47
0,0,0,0,0,0,0,0,0,0,0,0,0,0,0,23552,0,0,26624,0,0,0,0,0,0,0,0,0,0,0,0,0,0,0,0,0,0,0,0,0,23776,0,0,26400,0,0,0,0,0,0,0,0,0,0,0,0,0,0,0,0,0,0,0,0,0,22976,0,0,27200,0,0,0,0,0,0,9563,29,1857,38727,17244,TCGA-HN-A2NL-DX1_xmin11931_ymin5764_MPP-0.2500+5
0,0,0,0,0,0,0,0,0,0,0,0,0,0,0,1536,17363,0,31277,0,0,0,0,0,0,0,0,0,0,0,0,0,0,0,0,0,0,0,0,0,1632,17875,0,30669,0,0,0,0,0,0,0,0,0,0,0,0,0,0,0,0,0,0,0,0,0,1632,17750,0,30794,0,0,0,0,0,0,18551,1,4314,27310,31198,TCGA-HN-A2NL-DX1_xmin11931_ymin5764_MPP-0.2500+6
0,0,0,0,0,0,0,0,0,0,0,0,0,0,0,7312,0,42864,0,0,0,0,0,0,0,0,0,0,0,0,0,0,0,0,0,0,0,0,0,0,6384,0,43792,0,0,0,0,0,0,0,0,0,0,0,0,0,0,0,0,0,0,0,0,0,0,5808,0,44368,0,0,0,0,0,0,0,3832,176,1040,45128,19462,TCGA-HN-A2NL-DX1_xmin11931_ymin5764_MPP-0.2500+7
0,0,0,0,0,0,10272,0,0,0,0,0,0,0,0,0,39904,0,0,0,0,0,0,0,0,0,0,0,0,0,0,10272,0,0,0,0,0,0,0,0,128,39776,0,0,0,0,0,0,0,0,0,0,0,0,0,0,10272,0,0,0,0,0,0,0,0,64,39840,0,0,0,0,0,0,0,0,1252,1354,10518,37052,14962,TCGA-HN-A2NL-DX1_xmin11931_ymin5764_MPP-0.2500+8
0,10609,0,0,0,0,31977,0,0,0,0,0,0,0,0,0,7590,0,0,0,0,0,0,0,0,0,10609,0,0,0,0,31977,0,0,0,0,0,0,0,0,0,7590,0,0,0,0,0,0,0,0,0,10609,0,0,0,0,31977,0,0,0,0,0,0,0,0,0,7590,0,0,0,0,0,0,0,0,7098,1001,31198,10879,12808,TCGA-HN-A2NL-DX1_xmin11931_ymin5764_MPP-0.2500+9
26992,6420,0,0,0,258,16506,0,0,0,0,0,0,0,0,0,0,0,0,0,0,0,0,0,0,26882,6530,0,0,0,261,16503,0,0,0,0,0,0,0,0,0,0,0,0,0,0,0,0,0,0,26610,6802,0,0,0,255,16509,0,0,0,0,0,0,0,0,0,0,0,0,0,0,0,0,0,0,5381,757,37248,6790,7321,TCGA-LL-A441-DX1_xmin82006_ymin43121_MPP-0.2500+0
25761,0,0,6183,0,12059,0,0,4015,0,0,0,0,0,0,0,0,0,0,0,0,0,0,0,2158,25459,0,0,6485,0,11655,0,0,4419,0,0,0,0,0,0,0,0,0,0,0,0,0,0,0,2158,24473,0,0,7471,0,11260,0,0,4814,0,0,0,0,0,0,0,0,0,0,0,0,0,0,0,2158,5511,3854,26048,12605,15542,TCGA-LL-A441-DX1_xmin82006_ymin43121_MPP-0.2500+1
50141,0,0,0,0,35,0,0,0,0,0,0,0,0,0,0,0,0,0,0,0,0,0,0,0,50141,0,0,0,0,35,0,0,0,0,0,0,0,0,0,0,0,0,0,0,0,0,0,0,0,50141,0,0,0,0,35,0,0,0,0,0,0,0,0,0,0,0,0,0,0,0,0,0,0,0,2663,108,44022,3383,6622,TCGA-LL-A441-DX1_xmin82006_ymin43121_MPP-0.2500+10
50176,0,0,0,0,0,0,0,0,0,0,0,0,0,0,0,0,0,0,0,0,0,0,0,0,50176,0,0,0,0,0,0,0,0,0,0,0,0,0,0,0,0,0,0,0,0,0,0,0,0,50176,0,0,0,0,0,0,0,0,0,0,0,0,0,0,0,0,0,0,0,0,0,0,0,0,5464,1478,38418,4816,7333,TCGA-LL-A441-DX1_xmin82006_ymin43121_MPP-0.2500+11
36541,12391,0,0,0,325,919,0,0,0,0,0,0,0,0,0,0,0,0,0,0,0,0,0,0,36528,12404,0,0,0,301,943,0,0,0,0,0,0,0,0,0,0,0,0,0,0,0,0,0,0,35900,13032,0,0,0,273,971,0,0,0,0,0,0,0,0,0,0,0,0,0,0,0,0,0,0,5593,1398,35083,8102,11236,TCGA-LL-A441-DX1_xmin82006_ymin43121_MPP-0.2500+12
10890,16732,0,0,0,5985,16569,0,0,0,0,0,0,0,0,0,0,0,0,0,0,0,0,0,0,10850,16772,0,0,0,5669,16885,0,0,0,0,0,0,0,0,0,0,0,0,0,0,0,0,0,0,10858,16764,0,0,0,5529,17025,0,0,0,0,0,0,0,0,0,0,0,0,0,0,0,0,0,0,5424,4844,19327,20581,11640,TCGA-LL-A441-DX1_xmin82006_ymin43121_MPP-0.2500+13
21565,7523,0,0,0,3886,17202,0,0,0,0,0,0,0,0,0,0,0,0,0,0,0,0,0,0,21614,7474,0,0,0,3853,17235,0,0,0,0,0,0,0,0,0,0,0,0,0,0,0,0,0,0,21412,7676,0,0,0,3519,17569,0,0,0,0,0,0,0,0,0,0,0,0,0,0,0,0,0,0,3947,3074,34535,8620,9694,TCGA-LL-A441-DX1_xmin82006_ymin43121_MPP-0.2500+14
304,12795,0,0,0,0,37077,0,0,0,0,0,0,0,0,0,0,0,0,0,0,0,0,0,0,592,12507,0,0,0,0,37077,0,0,0,0,0,0,0,0,0,0,0,0,0,0,0,0,0,0,592,12507,0,0,0,0,37077,0,0,0,0,0,0,0,0,0,0,0,0,0,0,0,0,0,0,7242,690,32421,9823,9275,TCGA-LL-A441-DX1_xmin82006_ymin43121_MPP-0.2500+15
9524,12692,0,0,0,2956,25004,0,0,0,0,0,0,0,0,0,0,0,0,0,0,0,0,0,0,9105,13111,0,0,0,2677,25283,0,0,0,0,0,0,0,0,0,0,0,0,0,0,0,0,0,0,9237,12979,0,0,0,2717,25243,0,0,0,0,0,0,0,0,0,0,0,0,0,0,0,0,0,0,3764,5311,29347,11754,9738,TCGA-LL-A441-DX1_xmin82006_ymin43121_MPP-0.2500+16
48961,0,0,0,0,1215,0,0,0,0,0,0,0,0,0,0,0,0,0,0,0,0,0,0,0,48961,0,0,0,0,1215,0,0,0,0,0,0,0,0,0,0,0,0,0,0,0,0,0,0,0,48961,0,0,0,0,1215,0,0,0,0,0,0,0,0,0,0,0,0,0,0,0,0,0,0,0,4355,333,44424,1064,4292,TCGA-LL-A441-DX1_xmin82006_ymin43121_MPP-0.2500+17
50176,0,0,0,0,0,0,0,0,0,0,0,0,0,0,0,0,0,0,0,0,0,0,0,0,50176,0,0,0,0,0,0,0,0,0,0,0,0,0,0,0,0,0,0,0,0,0,0,0,0,50176,0,0,0,0,0,0,0,0,0,0,0,0,0,0,0,0,0,0,0,0,0,0,0,0,2325,0,47832,19,2779,TCGA-LL-A441-DX1_xmin82006_ymin43121_MPP-0.2500+18
50176,0,0,0,0,0,0,0,0,0,0,0,0,0,0,0,0,0,0,0,0,0,0,0,0,50176,0,0,0,0,0,0,0,0,0,0,0,0,0,0,0,0,0,0,0,0,0,0,0,0,50176,0,0,0,0,0,0,0,0,0,0,0,0,0,0,0,0,0,0,0,0,0,0,0,0,5723,0,43257,1196,8464,TCGA-LL-A441-DX1_xmin82006_ymin43121_MPP-0.2500+19
8432,6670,0,0,0,6589,28485,0,0,0,0,0,0,0,0,0,0,0,0,0,0,0,0,0,0,476,14626,0,0,0,20,35054,0,0,0,0,0,0,0,0,0,0,0,0,0,0,0,0,0,0,240,14862,0,0,0,0,35074,0,0,0,0,0,0,0,0,0,0,0,0,0,0,0,0,0,0,6498,2949,31727,9002,13859,TCGA-LL-A441-DX1_xmin82006_ymin43121_MPP-0.2500+2
49924,0,0,0,0,252,0,0,0,0,0,0,0,0,0,0,0,0,0,0,0,0,0,0,0,49924,0,0,0,0,252,0,0,0,0,0,0,0,0,0,0,0,0,0,0,0,0,0,0,0,49924,0,0,0,0,252,0,0,0,0,0,0,0,0,0,0,0,0,0,0,0,0,0,0,0,2450,79,45830,1817,5823,TCGA-LL-A441-DX1_xmin82006_ymin43121_MPP-0.2500+20
0,11313,0,0,0,0,38760,0,0,0,0,0,0,0,0,0,0,0,0,0,0,0,0,0,103,0,11313,0,0,0,0,38760,0,0,0,0,0,0,0,0,0,0,0,0,0,0,0,0,0,103,0,11313,0,0,0,0,38760,0,0,0,0,0,0,0,0,0,0,0,0,0,0,0,0,0,103,11233,1078,31230,6532,11373,TCGA-LL-A441-DX1_xmin82006_ymin43121_MPP-0.2500+21
40726,3925,0,0,0,241,5227,0,0,0,0,0,0,0,0,0,0,0,0,0,0,0,0,0,57,40707,3944,0,0,0,280,5188,0,0,0,0,0,0,0,0,0,0,0,0,0,0,0,0,0,57,40475,4176,0,0,0,316,5152,0,0,0,0,0,0,0,0,0,0,0,0,0,0,0,0,0,57,3309,182,43265,3363,5925,TCGA-LL-A441-DX1_xmin82006_ymin43121_MPP-0.2500+22
14691,11848,0,0,0,486,21578,0,0,0,0,0,0,0,0,0,0,0,0,0,0,0,0,0,1573,15024,11515,0,0,0,646,21418,0,0,0,0,0,0,0,0,0,0,0,0,0,0,0,0,0,1573,15192,11347,0,0,0,688,21376,0,0,0,0,0,0,0,0,0,0,0,0,0,0,0,0,0,1573,4233,3718,31437,9215,15753,TCGA-LL-A441-DX1_xmin82006_ymin43121_MPP-0.2500+23
15506,22036,0,0,0,62,12572,0,0,0,0,0,0,0,0,0,0,0,0,0,0,0,0,0,0,16202,21340,0,0,0,128,12506,0,0,0,0,0,0,0,0,0,0,0,0,0,0,0,0,0,0,16503,21039,0,0,0,222,12412,0,0,0,0,0,0,0,0,0,0,0,0,0,0,0,0,0,0,2975,8912,21997,16292,11681,TCGA-LL-A441-DX1_xmin82006_ymin43121_MPP-0.2500+24
14232,20510,0,0,0,0,15434,0,0,0,0,0,0,0,0,0,0,0,0,0,0,0,0,0,0,14533,20209,0,0,0,0,15434,0,0,0,0,0,0,0,0,0,0,0,0,0,0,0,0,0,0,15039,19703,0,0,0,0,15434,0,0,0,0,0,0,0,0,0,0,0,0,0,0,0,0,0,0,645,9102,18763,21666,18691,TCGA-LL-A441-DX1_xmin82006_ymin43121_MPP-0.2500+25
50176,0,0,0,0,0,0,0,0,0,0,0,0,0,0,0,0,0,0,0,0,0,0,0,0,50176,0,0,0,0,0,0,0,0,0,0,0,0,0,0,0,0,0,0,0,0,0,0,0,0,50176,0,0,0,0,0,0,0,0,0,0,0,0,0,0,0,0,0,0,0,0,0,0,0,0,7570,27,40257,2322,11293,TCGA-LL-A441-DX1_xmin82006_ymin43121_MPP-0.2500+26
50176,0,0,0,0,0,0,0,0,0,0,0,0,0,0,0,0,0,0,0,0,0,0,0,0,50176,0,0,0,0,0,0,0,0,0,0,0,0,0,0,0,0,0,0,0,0,0,0,0,0,50176,0,0,0,0,0,0,0,0,0,0,0,0,0,0,0,0,0,0,0,0,0,0,0,0,4299,0,44930,947,5983,TCGA-LL-A441-DX1_xmin82006_ymin43121_MPP-0.2500+27
50176,0,0,0,0,0,0,0,0,0,0,0,0,0,0,0,0,0,0,0,0,0,0,0,0,50176,0,0,0,0,0,0,0,0,0,0,0,0,0,0,0,0,0,0,0,0,0,0,0,0,50176,0,0,0,0,0,0,0,0,0,0,0,0,0,0,0,0,0,0,0,0,0,0,0,0,7065,398,37150,5563,11316,TCGA-LL-A441-DX1_xmin82006_ymin43121_MPP-0.2500+28
50176,0,0,0,0,0,0,0,0,0,0,0,0,0,0,0,0,0,0,0,0,0,0,0,0,50176,0,0,0,0,0,0,0,0,0,0,0,0,0,0,0,0,0,0,0,0,0,0,0,0,50176,0,0,0,0,0,0,0,0,0,0,0,0,0,0,0,0,0,0,0,0,0,0,0,0,1811,0,48277,88,1874,TCGA-LL-A441-DX1_xmin82006_ymin43121_MPP-0.2500+29
15122,1922,0,0,0,162,32970,0,0,0,0,0,0,0,0,0,0,0,0,0,0,0,0,0,0,14909,2135,0,0,0,98,33034,0,0,0,0,0,0,0,0,0,0,0,0,0,0,0,0,0,0,14724,2320,0,0,0,45,33087,0,0,0,0,0,0,0,0,0,0,0,0,0,0,0,0,0,0,6568,940,39404,3264,12750,TCGA-LL-A441-DX1_xmin82006_ymin43121_MPP-0.2500+3
50176,0,0,0,0,0,0,0,0,0,0,0,0,0,0,0,0,0,0,0,0,0,0,0,0,50176,0,0,0,0,0,0,0,0,0,0,0,0,0,0,0,0,0,0,0,0,0,0,0,0,50176,0,0,0,0,0,0,0,0,0,0,0,0,0,0,0,0,0,0,0,0,0,0,0,0,2359,333,39910,7574,3239,TCGA-LL-A441-DX1_xmin82006_ymin43121_MPP-0.2500+30
3726,10086,0,0,0,9374,14222,0,0,0,0,0,0,0,0,0,0,0,0,0,0,0,0,0,12768,3774,10038,0,0,0,9287,14309,0,0,0,0,0,0,0,0,0,0,0,0,0,0,0,0,0,12768,3897,9915,0,0,0,9334,14262,0,0,0,0,0,0,0,0,0,0,0,0,0,0,0,0,0,12768,1884,2181,15719,17624,9020,TCGA-LL-A441-DX1_xmin82006_ymin43121_MPP-0.2500+31
6998,1788,0,0,0,9413,25476,0,0,0,0,0,0,0,0,0,0,0,0,0,0,0,0,0,6501,7167,1619,0,0,0,9957,24932,0,0,0,0,0,0,0,0,0,0,0,0,0,0,0,0,0,6501,7208,1578,0,0,0,10076,24813,0,0,0,0,0,0,0,0,0,0,0,0,0,0,0,0,0,6501,8163,2189,25057,8266,9159,TCGA-LL-A441-DX1_xmin82006_ymin43121_MPP-0.2500+32
18638,3417,0,0,0,4405,20466,0,0,0,0,0,0,0,0,0,0,0,0,0,0,0,0,0,3250,18318,3737,0,0,0,4122,20749,0,0,0,0,0,0,0,0,0,0,0,0,0,0,0,0,0,3250,18282,3773,0,0,0,4106,20765,0,0,0,0,0,0,0,0,0,0,0,0,0,0,0,0,0,3250,4504,2186,33656,6580,13081,TCGA-LL-A441-DX1_xmin82006_ymin43121_MPP-0.2500+33
23844,17893,0,0,0,266,8173,0,0,0,0,0,0,0,0,0,0,0,0,0,0,0,0,0,0,23670,18067,0,0,0,386,8053,0,0,0,0,0,0,0,0,0,0,0,0,0,0,0,0,0,0,23467,18270,0,0,0,457,7982,0,0,0,0,0,0,0,0,0,0,0,0,0,0,0,0,0,0,5855,2385,29629,12307,12024,TCGA-LL-A441-DX1_xmin82006_ymin43121_MPP-0.2500+34
20664,8620,0,0,0,4728,15039,0,0,0,0,0,0,0,0,0,0,0,0,0,0,0,0,0,1125,20534,8750,0,0,0,4658,15109,0,0,0,0,0,0,0,0,0,0,0,0,0,0,0,0,0,1125,20951,8333,0,0,0,4707,15060,0,0,0,0,0,0,0,0,0,0,0,0,0,0,0,0,0,1125,4049,3168,30185,11649,7115,TCGA-LL-A441-DX1_xmin82006_ymin43121_MPP-0.2500+35
23031,9566,0,0,0,1174,16405,0,0,0,0,0,0,0,0,0,0,0,0,0,0,0,0,0,0,23330,9267,0,0,0,1538,16041,0,0,0,0,0,0,0,0,0,0,0,0,0,0,0,0,0,0,23151,9446,0,0,0,1624,15955,0,0,0,0,0,0,0,0,0,0,0,0,0,0,0,0,0,0,5415,1795,34273,8693,11863,TCGA-LL-A441-DX1_xmin82006_ymin43121_MPP-0.2500+36
49601,0,0,0,0,575,0,0,0,0,0,0,0,0,0,0,0,0,0,0,0,0,0,0,0,49601,0,0,0,0,575,0,0,0,0,0,0,0,0,0,0,0,0,0,0,0,0,0,0,0,49601,0,0,0,0,575,0,0,0,0,0,0,0,0,0,0,0,0,0,0,0,0,0,0,0,4763,1874,29727,13812,12815,TCGA-LL-A441-DX1_xmin82006_ymin43121_MPP-0.2500+37
50176,0,0,0,0,0,0,0,0,0,0,0,0,0,0,0,0,0,0,0,0,0,0,0,0,50176,0,0,0,0,0,0,0,0,0,0,0,0,0,0,0,0,0,0,0,0,0,0,0,0,50176,0,0,0,0,0,0,0,0,0,0,0,0,0,0,0,0,0,0,0,0,0,0,0,0,5334,2895,29404,12543,16201,TCGA-LL-A441-DX1_xmin82006_ymin43121_MPP-0.2500+38
50107,0,0,0,0,69,0,0,0,0,0,0,0,0,0,0,0,0,0,0,0,0,0,0,0,50107,0,0,0,0,69,0,0,0,0,0,0,0,0,0,0,0,0,0,0,0,0,0,0,0,50107,0,0,0,0,69,0,0,0,0,0,0,0,0,0,0,0,0,0,0,0,0,0,0,0,4910,0,44942,324,4478,TCGA-LL-A441-DX1_xmin82006_ymin43121_MPP-0.2500+39
15816,9206,0,0,0,1063,24091,0,0,0,0,0,0,0,0,0,0,0,0,0,0,0,0,0,0,15941,9081,0,0,0,1178,23976,0,0,0,0,0,0,0,0,0,0,0,0,0,0,0,0,0,0,16339,8683,0,0,0,1255,23899,0,0,0,0,0,0,0,0,0,0,0,0,0,0,0,0,0,0,6842,2256,32613,8465,10198,TCGA-LL-A441-DX1_xmin82006_ymin43121_MPP-0.2500+4
41134,6139,0,0,0,497,0,0,0,0,0,0,0,0,0,0,0,0,0,0,0,0,0,0,2406,41014,6259,0,0,0,497,0,0,0,0,0,0,0,0,0,0,0,0,0,0,0,0,0,0,2406,40503,6770,0,0,0,497,0,0,0,0,0,0,0,0,0,0,0,0,0,0,0,0,0,0,2406,6128,46,36419,5177,7587,TCGA-LL-A441-DX1_xmin82006_ymin43121_MPP-0.2500+40
25491,6254,0,0,0,3141,15290,0,0,0,0,0,0,0,0,0,0,0,0,0,0,0,0,0,0,25394,6351,0,0,0,3126,15305,0,0,0,0,0,0,0,0,0,0,0,0,0,0,0,0,0,0,25161,6584,0,0,0,3227,15204,0,0,0,0,0,0,0,0,0,0,0,0,0,0,0,0,0,0,5667,1192,36051,7266,6486,TCGA-LL-A441-DX1_xmin82006_ymin43121_MPP-0.2500+41
18834,408,0,0,0,16897,11149,0,0,0,0,0,0,0,0,0,0,0,0,0,0,0,0,0,2888,18883,359,0,0,0,16576,11470,0,0,0,0,0,0,0,0,0,0,0,0,0,0,0,0,0,2888,18862,380,0,0,0,15986,12060,0,0,0,0,0,0,0,0,0,0,0,0,0,0,0,0,0,2888,1703,5510,25099,14976,11826,TCGA-LL-A441-DX1_xmin82006_ymin43121_MPP-0.2500+42
8911,0,0,0,0,17281,12174,0,0,0,0,0,0,0,0,0,0,0,0,0,0,0,0,0,11810,8911,0,0,0,0,17290,12165,0,0,0,0,0,0,0,0,0,0,0,0,0,0,0,0,0,11810,8911,0,0,0,0,17134,12321,0,0,0,0,0,0,0,0,0,0,0,0,0,0,0,0,0,11810,809,4281,15085,18191,8102,TCGA-LL-A441-DX1_xmin82006_ymin43121_MPP-0.2500+43
34057,6064,0,0,0,0,10055,0,0,0,0,0,0,0,0,0,0,0,0,0,0,0,0,0,0,33977,6144,0,0,0,0,10055,0,0,0,0,0,0,0,0,0,0,0,0,0,0,0,0,0,0,34034,6087,0,0,0,0,10055,0,0,0,0,0,0,0,0,0,0,0,0,0,0,0,0,0,0,8551,1881,35627,4117,11871,TCGA-LL-A441-DX1_xmin82006_ymin43121_MPP-0.2500+44
0,0,3480,0,0,0,0,2742,0,0,0,0,43954,0,0,0,0,0,0,0,0,0,0,0,0,0,0,3480,0,0,0,0,2742,0,0,0,0,43954,0,0,0,0,0,0,0,0,0,0,0,0,0,0,3480,0,0,0,0,2742,0,0,0,0,43954,0,0,0,0,0,0,0,0,0,0,0,0,6880,1292,37386,4618,10179,TCGA-LL-A441-DX1_xmin82006_ymin43121_MPP-0.2500+45
217,0,6984,0,0,167,0,7473,0,0,0,0,35335,0,0,0,0,0,0,0,0,0,0,0,0,276,0,6925,0,0,300,0,7340,0,0,0,0,35335,0,0,0,0,0,0,0,0,0,0,0,0,276,0,6925,0,0,364,0,7276,0,0,0,0,35335,0,0,0,0,0,0,0,0,0,0,0,0,11888,3499,27056,7733,16771,TCGA-LL-A441-DX1_xmin82006_ymin43121_MPP-0.2500+46
1920,20173,693,0,0,0,4998,4040,0,0,0,7256,11096,0,0,0,0,0,0,0,0,0,0,0,0,2135,20336,315,0,0,9,5640,3389,0,0,0,8819,9533,0,0,0,0,0,0,0,0,0,0,0,0,2016,20389,381,0,0,0,5598,3440,0,0,0,9086,9266,0,0,0,0,0,0,0,0,0,0,0,0,10142,1850,22520,15664,15238,TCGA-LL-A441-DX1_xmin82006_ymin43121_MPP-0.2500+47
42801,0,0,0,0,4202,0,0,0,0,3173,0,0,0,0,0,0,0,0,0,0,0,0,0,0,42801,0,0,0,0,4202,0,0,0,0,3173,0,0,0,0,0,0,0,0,0,0,0,0,0,0,42801,0,0,0,0,4202,0,0,0,0,3173,0,0,0,0,0,0,0,0,0,0,0,0,0,0,4924,1777,39418,4057,7369,TCGA-LL-A441-DX1_xmin82006_ymin43121_MPP-0.2500+48
50176,0,0,0,0,0,0,0,0,0,0,0,0,0,0,0,0,0,0,0,0,0,0,0,0,50176,0,0,0,0,0,0,0,0,0,0,0,0,0,0,0,0,0,0,0,0,0,0,0,0,50176,0,0,0,0,0,0,0,0,0,0,0,0,0,0,0,0,0,0,0,0,0,0,0,0,3848,0,46132,196,2773,TCGA-LL-A441-DX1_xmin82006_ymin43121_MPP-0.2500+49
27856,20649,0,0,0,56,1615,0,0,0,0,0,0,0,0,0,0,0,0,0,0,0,0,0,0,28261,20244,0,0,0,180,1491,0,0,0,0,0,0,0,0,0,0,0,0,0,0,0,0,0,0,27958,20547,0,0,0,163,1508,0,0,0,0,0,0,0,0,0,0,0,0,0,0,0,0,0,0,4252,3516,29589,12819,13472,TCGA-LL-A441-DX1_xmin82006_ymin43121_MPP-0.2500+5
50176,0,0,0,0,0,0,0,0,0,0,0,0,0,0,0,0,0,0,0,0,0,0,0,0,50176,0,0,0,0,0,0,0,0,0,0,0,0,0,0,0,0,0,0,0,0,0,0,0,0,50176,0,0,0,0,0,0,0,0,0,0,0,0,0,0,0,0,0,0,0,0,0,0,0,0,1616,0,48508,52,1227,TCGA-LL-A441-DX1_xmin82006_ymin43121_MPP-0.2500+50
21466,17123,0,0,0,0,11587,0,0,0,0,0,0,0,0,0,0,0,0,0,0,0,0,0,0,21645,16944,0,0,0,13,11574,0,0,0,0,0,0,0,0,0,0,0,0,0,0,0,0,0,0,21591,16998,0,0,0,5,11582,0,0,0,0,0,0,0,0,0,0,0,0,0,0,0,0,0,0,3895,2845,29974,13462,9077,TCGA-LL-A441-DX1_xmin82006_ymin43121_MPP-0.2500+51
13860,11830,0,0,0,1641,22735,0,0,0,0,0,0,0,0,0,0,0,0,0,0,0,0,0,110,13757,11933,0,0,0,1633,22743,0,0,0,0,0,0,0,0,0,0,0,0,0,0,0,0,0,110,13874,11816,0,0,0,1647,22729,0,0,0,0,0,0,0,0,0,0,0,0,0,0,0,0,0,110,4480,3375,33290,8921,10868,TCGA-LL-A441-DX1_xmin82006_ymin43121_MPP-0.2500+52
0,0,0,0,0,8401,20816,0,0,0,0,0,0,0,0,0,0,0,0,0,0,0,0,0,20959,0,0,0,0,0,9041,20176,0,0,0,0,0,0,0,0,0,0,0,0,0,0,0,0,0,20959,0,0,0,0,0,9065,20152,0,0,0,0,0,0,0,0,0,0,0,0,0,0,0,0,0,20959,1811,2196,15464,9746,8000,TCGA-LL-A441-DX1_xmin82006_ymin43121_MPP-0.2500+53
30311,0,0,0,0,19865,0,0,0,0,0,0,0,0,0,0,0,0,0,0,0,0,0,0,0,30311,0,0,0,0,19865,0,0,0,0,0,0,0,0,0,0,0,0,0,0,0,0,0,0,0,30311,0,0,0,0,19865,0,0,0,0,0,0,0,0,0,0,0,0,0,0,0,0,0,0,0,5841,4348,27083,12904,19868,TCGA-LL-A441-DX1_xmin82006_ymin43121_MPP-0.2500+54
0,0,0,0,0,0,0,0,0,0,0,0,50176,0,0,0,0,0,0,0,0,0,0,0,0,0,0,0,0,0,0,0,0,0,0,0,0,50176,0,0,0,0,0,0,0,0,0,0,0,0,0,0,0,0,0,0,0,0,0,0,0,0,50176,0,0,0,0,0,0,0,0,0,0,0,0,9548,0,40580,48,10547,TCGA-LL-A441-DX1_xmin82006_ymin43121_MPP-0.2500+55
0,0,0,0,0,0,0,0,0,0,0,0,50176,0,0,0,0,0,0,0,0,0,0,0,0,0,0,0,0,0,0,0,0,0,0,0,0,50176,0,0,0,0,0,0,0,0,0,0,0,0,0,0,0,0,0,0,0,0,0,0,0,0,50176,0,0,0,0,0,0,0,0,0,0,0,0,14256,0,34272,1648,13525,TCGA-LL-A441-DX1_xmin82006_ymin43121_MPP-0.2500+56
0,0,0,0,0,0,0,0,0,0,0,0,50176,0,0,0,0,0,0,0,0,0,0,0,0,0,0,0,0,0,0,0,0,0,0,0,0,50176,0,0,0,0,0,0,0,0,0,0,0,0,0,0,0,0,0,0,0,0,0,0,0,0,50176,0,0,0,0,0,0,0,0,0,0,0,0,12630,0,37074,472,12591,TCGA-LL-A441-DX1_xmin82006_ymin43121_MPP-0.2500+57
0,0,0,0,0,0,0,0,0,0,0,0,50176,0,0,0,0,0,0,0,0,0,0,0,0,0,0,0,0,0,0,0,0,0,0,0,0,50176,0,0,0,0,0,0,0,0,0,0,0,0,0,0,0,0,0,0,0,0,0,0,0,0,50176,0,0,0,0,0,0,0,0,0,0,0,0,10772,0,38582,822,9732,TCGA-LL-A441-DX1_xmin82006_ymin43121_MPP-0.2500+58
0,0,4181,0,0,0,0,33,0,0,0,0,45962,0,0,0,0,0,0,0,0,0,0,0,0,0,0,4181,0,0,0,0,33,0,0,0,0,45962,0,0,0,0,0,0,0,0,0,0,0,0,0,0,4181,0,0,0,0,33,0,0,0,0,45962,0,0,0,0,0,0,0,0,0,0,0,0,10154,679,36646,2697,11678,TCGA-LL-A441-DX1_xmin82006_ymin43121_MPP-0.2500+59
28137,12126,0,0,0,6158,3755,0,0,0,0,0,0,0,0,0,0,0,0,0,0,0,0,0,0,28222,12041,0,0,0,6262,3651,0,0,0,0,0,0,0,0,0,0,0,0,0,0,0,0,0,0,27761,12502,0,0,0,6179,3734,0,0,0,0,0,0,0,0,0,0,0,0,0,0,0,0,0,0,2562,2634,30909,14071,12412,TCGA-LL-A441-DX1_xmin82006_ymin43121_MPP-0.2500+6
41107,0,0,0,0,802,0,0,0,0,8267,0,0,0,0,0,0,0,0,0,0,0,0,0,0,41107,0,0,0,0,802,0,0,0,0,8267,0,0,0,0,0,0,0,0,0,0,0,0,0,0,41107,0,0,0,0,802,0,0,0,0,8267,0,0,0,0,0,0,0,0,0,0,0,0,0,0,5296,579,40585,3716,9908,TCGA-LL-A441-DX1_xmin82006_ymin43121_MPP-0.2500+60
50176,0,0,0,0,0,0,0,0,0,0,0,0,0,0,0,0,0,0,0,0,0,0,0,0,50176,0,0,0,0,0,0,0,0,0,0,0,0,0,0,0,0,0,0,0,0,0,0,0,0,50176,0,0,0,0,0,0,0,0,0,0,0,0,0,0,0,0,0,0,0,0,0,0,0,0,5462,81,40583,4050,7057,TCGA-LL-A441-DX1_xmin82006_ymin43121_MPP-0.2500+61
0,20067,9238,0,0,0,17682,3189,0,0,0,0,0,0,0,0,0,0,0,0,0,0,0,0,0,0,20365,8940,0,0,0,18007,2864,0,0,0,0,0,0,0,0,0,0,0,0,0,0,0,0,0,0,20099,9206,0,0,0,17494,3377,0,0,0,0,0,0,0,0,0,0,0,0,0,0,0,0,0,4599,7387,18630,19560,19732,TCGA-LL-A441-DX1_xmin82006_ymin43121_MPP-0.2500+62
0,8738,12492,0,0,0,28136,810,0,0,0,0,0,0,0,0,0,0,0,0,0,0,0,0,0,0,9721,11509,0,0,0,28122,824,0,0,0,0,0,0,0,0,0,0,0,0,0,0,0,0,0,0,9671,11559,0,0,0,28005,941,0,0,0,0,0,0,0,0,0,0,0,0,0,0,0,0,0,3005,3641,25063,18467,11975,TCGA-LL-A441-DX1_xmin82006_ymin43121_MPP-0.2500+63
0,1351,0,0,0,0,46791,0,0,0,0,0,0,0,0,0,0,0,0,0,0,0,0,0,2034,0,1351,0,0,0,0,46791,0,0,0,0,0,0,0,0,0,0,0,0,0,0,0,0,0,2034,0,1351,0,0,0,0,46791,0,0,0,0,0,0,0,0,0,0,0,0,0,0,0,0,0,2034,8724,83,36984,2351,8228,TCGA-LL-A441-DX1_xmin82006_ymin43121_MPP-0.2500+64
0,0,0,0,0,426,0,935,0,0,0,0,38943,0,0,0,0,0,0,0,0,0,0,0,9872,0,0,0,0,0,286,0,1075,0,0,0,0,38943,0,0,0,0,0,0,0,0,0,0,0,9872,0,0,0,0,0,286,0,1075,0,0,0,0,38943,0,0,0,0,0,0,0,0,0,0,0,9872,12166,67,26904,1167,9856,TCGA-LL-A441-DX1_xmin82006_ymin43121_MPP-0.2500+65
0,0,0,0,0,0,0,0,0,0,0,0,50176,0,0,0,0,0,0,0,0,0,0,0,0,0,0,0,0,0,0,0,0,0,0,0,0,50176,0,0,0,0,0,0,0,0,0,0,0,0,0,0,0,0,0,0,0,0,0,0,0,0,50176,0,0,0,0,0,0,0,0,0,0,0,0,12158,0,38018,0,11172,TCGA-LL-A441-DX1_xmin82006_ymin43121_MPP-0.2500+66
0,0,0,0,0,0,0,0,0,0,0,0,50176,0,0,0,0,0,0,0,0,0,0,0,0,0,0,0,0,0,0,0,0,0,0,0,0,50176,0,0,0,0,0,0,0,0,0,0,0,0,0,0,0,0,0,0,0,0,0,0,0,0,50176,0,0,0,0,0,0,0,0,0,0,0,0,10378,0,39798,0,10906,TCGA-LL-A441-DX1_xmin82006_ymin43121_MPP-0.2500+67
0,0,0,0,0,0,0,0,0,0,0,0,50176,0,0,0,0,0,0,0,0,0,0,0,0,0,0,0,0,0,0,0,0,0,0,0,0,50176,0,0,0,0,0,0,0,0,0,0,0,0,0,0,0,0,0,0,0,0,0,0,0,0,50176,0,0,0,0,0,0,0,0,0,0,0,0,9142,0,41034,0,10216,TCGA-LL-A441-DX1_xmin82006_ymin43121_MPP-0.2500+68
0,0,10128,0,0,0,0,2631,0,0,0,0,37417,0,0,0,0,0,0,0,0,0,0,0,0,0,0,10128,0,0,0,0,2631,0,0,0,0,37417,0,0,0,0,0,0,0,0,0,0,0,0,0,0,10128,0,0,0,0,2631,0,0,0,0,37417,0,0,0,0,0,0,0,0,0,0,0,0,11107,2185,28584,8300,12011,TCGA-LL-A441-DX1_xmin82006_ymin43121_MPP-0.2500+69
43190,0,0,0,0,6986,0,0,0,0,0,0,0,0,0,0,0,0,0,0,0,0,0,0,0,43190,0,0,0,0,6986,0,0,0,0,0,0,0,0,0,0,0,0,0,0,0,0,0,0,0,43190,0,0,0,0,6986,0,0,0,0,0,0,0,0,0,0,0,0,0,0,0,0,0,0,0,8324,1783,34033,6036,7672,TCGA-LL-A441-DX1_xmin82006_ymin43121_MPP-0.2500+7
49504,0,0,0,0,507,0,0,0,0,165,0,0,0,0,0,0,0,0,0,0,0,0,0,0,49504,0,0,0,0,507,0,0,0,0,165,0,0,0,0,0,0,0,0,0,0,0,0,0,0,49504,0,0,0,0,507,0,0,0,0,165,0,0,0,0,0,0,0,0,0,0,0,0,0,0,5585,520,36976,7095,11916,TCGA-LL-A441-DX1_xmin82006_ymin43121_MPP-0.2500+70
49980,0,0,0,0,196,0,0,0,0,0,0,0,0,0,0,0,0,0,0,0,0,0,0,0,49980,0,0,0,0,196,0,0,0,0,0,0,0,0,0,0,0,0,0,0,0,0,0,0,0,49980,0,0,0,0,196,0,0,0,0,0,0,0,0,0,0,0,0,0,0,0,0,0,0,0,4666,1935,33839,9736,8737,TCGA-LL-A441-DX1_xmin82006_ymin43121_MPP-0.2500+71
1840,18554,8073,0,0,0,21396,313,0,0,0,0,0,0,0,0,0,0,0,0,0,0,0,0,0,1936,19163,7368,0,0,0,21466,243,0,0,0,0,0,0,0,0,0,0,0,0,0,0,0,0,0,1840,19494,7133,0,0,0,21476,233,0,0,0,0,0,0,0,0,0,0,0,0,0,0,0,0,0,3512,3425,26797,16442,11145,TCGA-LL-A441-DX1_xmin82006_ymin43121_MPP-0.2500+72
0,0,0,0,0,0,0,0,0,0,0,0,50176,0,0,0,0,0,0,0,0,0,0,0,0,0,0,0,0,0,0,0,0,0,0,0,0,50176,0,0,0,0,0,0,0,0,0,0,0,0,0,0,0,0,0,0,0,0,0,0,0,0,50176,0,0,0,0,0,0,0,0,0,0,0,0,16885,0,32200,1091,9497,TCGA-LL-A441-DX1_xmin82006_ymin43121_MPP-0.2500+73
0,0,0,0,0,0,0,0,0,0,0,0,50176,0,0,0,0,0,0,0,0,0,0,0,0,0,0,0,0,0,0,0,0,0,0,0,0,50176,0,0,0,0,0,0,0,0,0,0,0,0,0,0,0,0,0,0,0,0,0,0,0,0,50176,0,0,0,0,0,0,0,0,0,0,0,0,14291,0,35885,0,7965,TCGA-LL-A441-DX1_xmin82006_ymin43121_MPP-0.2500+74
0,0,0,0,0,0,0,0,0,0,0,0,50176,0,0,0,0,0,0,0,0,0,0,0,0,0,0,0,0,0,0,0,0,0,0,0,0,50176,0,0,0,0,0,0,0,0,0,0,0,0,0,0,0,0,0,0,0,0,0,0,0,0,50176,0,0,0,0,0,0,0,0,0,0,0,0,6721,0,42884,571,6922,TCGA-LL-A441-DX1_xmin82006_ymin43121_MPP-0.2500+75
31032,0,0,0,0,1317,0,0,0,0,17827,0,0,0,0,0,0,0,0,0,0,0,0,0,0,31032,0,0,0,0,1317,0,0,0,0,17827,0,0,0,0,0,0,0,0,0,0,0,0,0,0,31032,0,0,0,0,1317,0,0,0,0,17827,0,0,0,0,0,0,0,0,0,0,0,0,0,0,10864,1837,29997,7478,8451,TCGA-LL-A441-DX1_xmin82006_ymin43121_MPP-0.2500+76
50176,0,0,0,0,0,0,0,0,0,0,0,0,0,0,0,0,0,0,0,0,0,0,0,0,50176,0,0,0,0,0,0,0,0,0,0,0,0,0,0,0,0,0,0,0,0,0,0,0,0,50176,0,0,0,0,0,0,0,0,0,0,0,0,0,0,0,0,0,0,0,0,0,0,0,0,6451,0,43525,200,7257,TCGA-LL-A441-DX1_xmin82006_ymin43121_MPP-0.2500+77
35280,5733,0,0,0,338,8825,0,0,0,0,0,0,0,0,0,0,0,0,0,0,0,0,0,0,35346,5667,0,0,0,337,8826,0,0,0,0,0,0,0,0,0,0,0,0,0,0,0,0,0,0,35227,5786,0,0,0,342,8821,0,0,0,0,0,0,0,0,0,0,0,0,0,0,0,0,0,0,7972,1259,36250,4695,10024,TCGA-LL-A441-DX1_xmin82006_ymin43121_MPP-0.2500+78
0,0,0,0,0,0,0,7918,0,0,0,0,39258,0,0,0,0,0,0,0,0,0,0,0,3000,0,0,0,0,0,0,0,7918,0,0,0,0,39258,0,0,0,0,0,0,0,0,0,0,0,3000,0,0,0,0,0,0,0,7918,0,0,0,0,39258,0,0,0,0,0,0,0,0,0,0,0,3000,9723,943,29378,7132,8947,TCGA-LL-A441-DX1_xmin82006_ymin43121_MPP-0.2500+79
13652,4513,0,0,0,460,31551,0,0,0,0,0,0,0,0,0,0,0,0,0,0,0,0,0,0,13682,4483,0,0,0,686,31325,0,0,0,0,0,0,0,0,0,0,0,0,0,0,0,0,0,0,13669,4496,0,0,0,724,31287,0,0,0,0,0,0,0,0,0,0,0,0,0,0,0,0,0,0,8887,659,35317,5313,10622,TCGA-LL-A441-DX1_xmin82006_ymin43121_MPP-0.2500+8
0,0,0,0,0,0,0,9259,0,0,0,0,27189,0,0,0,0,0,0,0,0,0,0,0,13728,0,0,0,0,0,0,0,9259,0,0,0,0,27189,0,0,0,0,0,0,0,0,0,0,0,13728,0,0,0,0,0,0,0,9259,0,0,0,0,27189,0,0,0,0,0,0,0,0,0,0,0,13728,5088,1733,22619,7008,4294,TCGA-LL-A441-DX1_xmin82006_ymin43121_MPP-0.2500+80
960,0,9078,0,0,1071,0,14274,0,0,240,0,17500,0,0,0,0,0,0,0,0,0,0,0,7053,1024,0,9014,0,0,1084,0,14261,0,0,240,0,17500,0,0,0,0,0,0,0,0,0,0,0,7053,1088,0,8950,0,0,1084,0,14261,0,0,272,0,17468,0,0,0,0,0,0,0,0,0,0,0,7053,7904,6027,8561,20631,11915,TCGA-LL-A441-DX1_xmin82006_ymin43121_MPP-0.2500+81
50176,0,0,0,0,0,0,0,0,0,0,0,0,0,0,0,0,0,0,0,0,0,0,0,0,50176,0,0,0,0,0,0,0,0,0,0,0,0,0,0,0,0,0,0,0,0,0,0,0,0,50176,0,0,0,0,0,0,0,0,0,0,0,0,0,0,0,0,0,0,0,0,0,0,0,0,5045,0,45131,0,5901,TCGA-LL-A441-DX1_xmin82006_ymin43121_MPP-0.2500+82
0,0,0,0,0,1869,0,11099,0,0,0,0,152,0,0,0,0,0,0,0,0,0,0,0,37056,0,0,0,0,0,1878,0,11090,0,0,0,0,152,0,0,0,0,0,0,0,0,0,0,0,37056,0,0,0,0,0,1897,0,11071,0,0,0,0,152,0,0,0,0,0,0,0,0,0,0,0,37056,152,2864,438,9666,4424,TCGA-LL-A441-DX1_xmin82006_ymin43121_MPP-0.2500+83
144,0,241,0,0,1558,0,10150,0,0,133,0,24031,0,0,0,0,0,0,0,0,0,0,0,13919,135,0,250,0,0,1531,0,10177,0,0,158,0,24006,0,0,0,0,0,0,0,0,0,0,0,13919,143,0,242,0,0,1677,0,10031,0,0,287,0,23877,0,0,0,0,0,0,0,0,0,0,0,13919,2245,2738,21944,9330,7749,TCGA-LL-A441-DX1_xmin82006_ymin43121_MPP-0.2500+84
34637,3397,0,0,0,1262,10880,0,0,0,0,0,0,0,0,0,0,0,0,0,0,0,0,0,0,34632,3402,0,0,0,1015,11127,0,0,0,0,0,0,0,0,0,0,0,0,0,0,0,0,0,0,33985,4049,0,0,0,827,11315,0,0,0,0,0,0,0,0,0,0,0,0,0,0,0,0,0,0,4011,2009,40377,3779,9697,TCGA-LL-A441-DX1_xmin82006_ymin43121_MPP-0.2500+9
0,0,0,0,0,0,21305,8224,0,0,0,1239,19408,0,0,0,0,0,0,0,0,0,0,0,0,0,0,0,0,0,0,21262,8267,0,0,0,1544,19103,0,0,0,0,0,0,0,0,0,0,0,0,0,0,0,0,0,0,20577,8952,0,0,0,1757,18890,0,0,0,0,0,0,0,0,0,0,0,0,10001,5788,25207,9180,14696,TCGA-LL-A5YO-DX1_xmin36631_ymin44396_MPP-0.2500+0
0,0,0,0,0,0,40129,6828,0,0,0,0,3219,0,0,0,0,0,0,0,0,0,0,0,0,0,0,0,0,0,0,40606,6351,0,0,0,2,3217,0,0,0,0,0,0,0,0,0,0,0,0,0,0,0,0,0,0,40568,6389,0,0,0,11,3208,0,0,0,0,0,0,0,0,0,0,0,0,2707,3146,35972,8351,10506,TCGA-LL-A5YO-DX1_xmin36631_ymin44396_MPP-0.2500+1
23625,1358,1470,0,0,2545,3787,10254,0,0,522,0,6615,0,0,0,0,0,0,0,0,0,0,0,0,23574,1606,1273,0,0,2429,4031,10126,0,0,518,26,6593,0,0,0,0,0,0,0,0,0,0,0,0,23360,1922,1171,0,0,2130,4402,10054,0,0,580,55,6502,0,0,0,0,0,0,0,0,0,0,0,0,4142,4450,27914,13670,10069,TCGA-LL-A5YO-DX1_xmin36631_ymin44396_MPP-0.2500+10
0,0,1122,0,0,303,0,2580,0,0,1,0,46170,0,0,0,0,0,0,0,0,0,0,0,0,0,0,1122,0,0,303,0,2580,0,0,1,0,46170,0,0,0,0,0,0,0,0,0,0,0,0,0,0,1122,0,0,303,0,2580,0,0,1,0,46170,0,0,0,0,0,0,0,0,0,0,0,0,15682,698,22661,11135,17830,TCGA-LL-A5YO-DX1_xmin36631_ymin44396_MPP-0.2500+11
0,0,0,0,0,0,33111,3396,0,0,0,806,4570,0,0,0,0,0,0,0,0,0,0,0,8293,0,0,0,0,0,0,32937,3570,0,0,0,1009,4367,0,0,0,0,0,0,0,0,0,0,0,8293,0,0,0,0,0,0,32842,3665,0,0,0,1080,4296,0,0,0,0,0,0,0,0,0,0,0,8293,6970,117,30550,4246,8400,TCGA-LL-A5YO-DX1_xmin36631_ymin44396_MPP-0.2500+12
0,0,0,0,0,0,29812,16706,0,0,0,0,0,0,0,0,0,0,0,0,0,0,0,0,3658,0,0,0,0,0,0,31939,14579,0,0,0,0,0,0,0,0,0,0,0,0,0,0,0,0,3658,0,0,0,0,0,0,31857,14661,0,0,0,0,0,0,0,0,0,0,0,0,0,0,0,0,3658,7934,1460,29801,7323,13792,TCGA-LL-A5YO-DX1_xmin36631_ymin44396_MPP-0.2500+13
0,0,0,0,0,0,30058,1526,0,0,0,5832,12696,0,0,0,0,0,0,0,0,0,0,0,64,0,0,0,0,0,0,29912,1672,0,0,0,6297,12231,0,0,0,0,0,0,0,0,0,0,0,64,0,0,0,0,0,0,29718,1866,0,0,0,6511,12017,0,0,0,0,0,0,0,0,0,0,0,64,10150,391,30084,9487,11649,TCGA-LL-A5YO-DX1_xmin36631_ymin44396_MPP-0.2500+14
0,0,0,0,0,0,16122,137,0,0,0,10122,23485,0,0,0,0,0,0,0,0,0,0,0,310,0,0,0,0,0,0,16104,155,0,0,0,10276,23331,0,0,0,0,0,0,0,0,0,0,0,310,0,0,0,0,0,0,16095,164,0,0,0,10197,23410,0,0,0,0,0,0,0,0,0,0,0,310,13577,805,25910,9574,17453,TCGA-LL-A5YO-DX1_xmin36631_ymin44396_MPP-0.2500+15
0,12309,2358,0,0,0,18109,5816,0,0,0,5895,5689,0,0,0,0,0,0,0,0,0,0,0,0,0,12888,1779,0,0,0,18143,5782,0,0,0,6254,5330,0,0,0,0,0,0,0,0,0,0,0,0,0,12639,2028,0,0,0,18056,5869,0,0,0,6075,5509,0,0,0,0,0,0,0,0,0,0,0,0,3849,2435,27168,16724,23158,TCGA-LL-A5YO-DX1_xmin36631_ymin44396_MPP-0.2500+16
0,0,0,0,0,0,22601,5450,0,0,0,5168,16957,0,0,0,0,0,0,0,0,0,0,0,0,0,0,0,0,0,0,22836,5215,0,0,0,6135,15990,0,0,0,0,0,0,0,0,0,0,0,0,0,0,0,0,0,0,22524,5527,0,0,0,5795,16330,0,0,0,0,0,0,0,0,0,0,0,0,12632,1270,25233,11041,17406,TCGA-LL-A5YO-DX1_xmin36631_ymin44396_MPP-0.2500+17
0,0,0,0,0,0,12409,6013,0,0,0,6689,21315,0,0,0,0,0,0,0,0,0,0,0,3750,0,0,0,0,0,0,12764,5658,0,0,0,7837,20167,0,0,0,0,0,0,0,0,0,0,0,3750,0,0,0,0,0,0,12779,5643,0,0,0,7425,20579,0,0,0,0,0,0,0,0,0,0,0,3750,11842,2514,21019,11051,13962,TCGA-LL-A5YO-DX1_xmin36631_ymin44396_MPP-0.2500+18
0,0,0,0,0,0,20871,4446,0,0,0,10208,10342,0,0,0,0,0,0,0,0,0,0,0,4309,0,0,0,0,0,0,22290,3027,0,0,0,10826,9724,0,0,0,0,0,0,0,0,0,0,0,4309,0,0,0,0,0,0,0,25317,0,0,0,0,20550,0,0,0,0,0,0,0,0,0,0,0,4309,10360,5720,17711,12076,21304,TCGA-LL-A5YO-DX1_xmin36631_ymin44396_MPP-0.2500+19
0,0,0,0,0,0,15961,29267,0,0,0,1,4947,0,0,0,0,0,0,0,0,0,0,0,0,0,0,0,0,0,0,16887,28341,0,0,0,0,4948,0,0,0,0,0,0,0,0,0,0,0,0,0,0,0,0,0,0,17286,27942,0,0,0,0,4948,0,0,0,0,0,0,0,0,0,0,0,0,4485,12736,14615,18340,15560,TCGA-LL-A5YO-DX1_xmin36631_ymin44396_MPP-0.2500+2
0,0,0,0,0,0,32184,6032,0,0,0,1104,6531,0,0,0,0,0,0,0,0,0,0,0,4325,0,0,0,0,0,0,32742,5474,0,0,0,1361,6274,0,0,0,0,0,0,0,0,0,0,0,4325,0,0,0,0,0,0,32694,5522,0,0,0,1168,6467,0,0,0,0,0,0,0,0,0,0,0,4325,9308,877,28760,6906,17324,TCGA-LL-A5YO-DX1_xmin36631_ymin44396_MPP-0.2500+20
0,0,0,0,0,0,28828,17962,0,0,0,58,2,0,0,0,0,0,0,0,0,0,0,0,3326,0,0,0,0,0,0,30549,16241,0,0,0,58,2,0,0,0,0,0,0,0,0,0,0,0,3326,0,0,0,0,0,0,31290,15500,0,0,0,0,60,0,0,0,0,0,0,0,0,0,0,0,3326,8217,1727,28943,7963,14123,TCGA-LL-A5YO-DX1_xmin36631_ymin44396_MPP-0.2500+21
0,0,0,0,0,0,32455,11290,0,0,0,440,5122,0,0,0,0,0,0,0,0,0,0,0,869,0,0,0,0,0,0,33582,10163,0,0,0,595,4967,0,0,0,0,0,0,0,0,0,0,0,869,0,0,0,0,0,0,33349,10396,0,0,0,595,4967,0,0,0,0,0,0,0,0,0,0,0,869,6271,2344,31733,8959,11748,TCGA-LL-A5YO-DX1_xmin36631_ymin44396_MPP-0.2500+22
0,0,0,0,0,0,28115,9250,0,0,0,3798,8126,0,0,0,0,0,0,0,0,0,0,0,887,0,0,0,0,0,0,28908,8457,0,0,0,3866,8058,0,0,0,0,0,0,0,0,0,0,0,887,0,0,0,0,0,0,29195,8170,0,0,0,3727,8197,0,0,0,0,0,0,0,0,0,0,0,887,6936,5971,24661,11721,12428,TCGA-LL-A5YO-DX1_xmin36631_ymin44396_MPP-0.2500+23
1264,0,4527,0,0,0,0,4410,0,0,0,0,39975,0,0,0,0,0,0,0,0,0,0,0,0,1232,0,4559,0,0,0,0,4410,0,0,0,0,39975,0,0,0,0,0,0,0,0,0,0,0,0,1296,0,4495,0,0,0,0,4410,0,0,0,0,39975,0,0,0,0,0,0,0,0,0,0,0,0,19343,3463,23717,3653,14550,TCGA-LL-A5YO-DX1_xmin36631_ymin44396_MPP-0.2500+24
0,0,0,0,0,0,1068,2650,0,0,0,15156,31302,0,0,0,0,0,0,0,0,0,0,0,0,0,0,0,0,0,0,1058,2660,0,0,0,14798,31660,0,0,0,0,0,0,0,0,0,0,0,0,0,0,0,0,0,0,1082,2636,0,0,0,15020,31438,0,0,0,0,0,0,0,0,0,0,0,0,15874,1744,19472,13086,13136,TCGA-LL-A5YO-DX1_xmin36631_ymin44396_MPP-0.2500+25
0,0,0,0,0,0,0,0,0,0,0,0,50176,0,0,0,0,0,0,0,0,0,0,0,0,0,0,0,0,0,0,0,0,0,0,0,0,50176,0,0,0,0,0,0,0,0,0,0,0,0,0,0,0,0,0,0,0,0,0,0,0,0,50176,0,0,0,0,0,0,0,0,0,0,0,0,21645,0,16385,12146,14655,TCGA-LL-A5YO-DX1_xmin36631_ymin44396_MPP-0.2500+26
0,0,0,0,0,0,9881,7504,0,0,0,7210,24186,0,0,0,0,0,0,0,0,0,0,0,1395,0,0,0,0,0,0,10016,7369,0,0,0,8102,23294,0,0,0,0,0,0,0,0,0,0,0,1395,0,0,0,0,0,0,10352,7033,0,0,0,9042,22354,0,0,0,0,0,0,0,0,0,0,0,1395,14412,1929,19549,12891,21192,TCGA-LL-A5YO-DX1_xmin36631_ymin44396_MPP-0.2500+27
0,0,0,0,0,0,28035,17622,0,0,0,0,0,0,0,0,0,0,0,0,0,0,0,0,4519,0,0,0,0,0,0,28190,17467,0,0,0,0,0,0,0,0,0,0,0,0,0,0,0,0,4519,0,0,0,0,0,0,29010,16647,0,0,0,0,0,0,0,0,0,0,0,0,0,0,0,0,4519,6183,5034,24628,9812,14740,TCGA-LL-A5YO-DX1_xmin36631_ymin44396_MPP-0.2500+28
0,0,0,0,0,0,26273,13173,0,0,0,3702,7028,0,0,0,0,0,0,0,0,0,0,0,0,0,0,0,0,0,0,28767,10679,0,0,0,5169,5561,0,0,0,0,0,0,0,0,0,0,0,0,0,0,0,0,0,0,27851,11595,0,0,0,4732,5998,0,0,0,0,0,0,0,0,0,0,0,0,9060,2631,28469,10016,16354,TCGA-LL-A5YO-DX1_xmin36631_ymin44396_MPP-0.2500+29
0,0,0,0,0,0,25967,11907,0,0,0,0,9149,0,0,0,0,0,0,0,0,0,0,0,3153,0,0,0,0,0,0,26494,11380,0,0,0,0,9149,0,0,0,0,0,0,0,0,0,0,0,3153,0,0,0,0,0,0,26421,11453,0,0,0,0,9149,0,0,0,0,0,0,0,0,0,0,0,3153,6284,6281,25332,9126,10824,TCGA-LL-A5YO-DX1_xmin36631_ymin44396_MPP-0.2500+3
7283,45,0,0,0,1731,9005,5016,0,0,0,9769,17066,0,0,0,0,0,0,0,0,0,0,0,261,7282,46,0,0,0,1526,9608,4618,0,0,12,10541,16282,0,0,0,0,0,0,0,0,0,0,0,261,7273,55,0,0,0,1408,10089,4255,0,0,198,11189,15448,0,0,0,0,0,0,0,0,0,0,0,261,8467,2286,23459,15703,15459,TCGA-LL-A5YO-DX1_xmin36631_ymin44396_MPP-0.2500+30
0,0,0,0,0,0,8263,15555,0,0,0,14714,10237,0,0,0,0,0,0,0,0,0,0,0,1407,0,0,0,0,0,0,9821,13997,0,0,0,15993,8958,0,0,0,0,0,0,0,0,0,0,0,1407,0,0,0,0,0,0,9479,14339,0,0,0,16453,8498,0,0,0,0,0,0,0,0,0,0,0,1407,5049,3709,15206,24805,16109,TCGA-LL-A5YO-DX1_xmin36631_ymin44396_MPP-0.2500+31
0,0,1404,0,0,0,0,850,0,0,0,0,47922,0,0,0,0,0,0,0,0,0,0,0,0,16,0,1388,0,0,0,0,850,0,0,0,0,47922,0,0,0,0,0,0,0,0,0,0,0,0,16,0,1388,0,0,0,0,850,0,0,0,0,47922,0,0,0,0,0,0,0,0,0,0,0,0,20984,54,18460,10678,14605,TCGA-LL-A5YO-DX1_xmin36631_ymin44396_MPP-0.2500+32
0,0,0,0,0,0,0,0,0,0,0,0,50176,0,0,0,0,0,0,0,0,0,0,0,0,0,0,0,0,0,0,0,0,0,0,0,0,50176,0,0,0,0,0,0,0,0,0,0,0,0,0,0,0,0,0,0,0,0,0,0,0,0,50176,0,0,0,0,0,0,0,0,0,0,0,0,23052,0,24586,2538,21033,TCGA-LL-A5YO-DX1_xmin36631_ymin44396_MPP-0.2500+33
0,0,0,0,0,0,0,0,0,0,0,12758,37418,0,0,0,0,0,0,0,0,0,0,0,0,0,0,0,0,0,0,0,0,0,0,0,13825,36351,0,0,0,0,0,0,0,0,0,0,0,0,0,0,0,0,0,0,0,0,0,0,0,13971,36205,0,0,0,0,0,0,0,0,0,0,0,0,19752,61,12233,18130,20070,TCGA-LL-A5YO-DX1_xmin36631_ymin44396_MPP-0.2500+34
0,0,0,0,0,0,2618,1086,0,0,0,18404,28068,0,0,0,0,0,0,0,0,0,0,0,0,0,0,0,0,0,0,2578,1126,0,0,0,19685,26787,0,0,0,0,0,0,0,0,0,0,0,0,0,0,0,0,0,0,2606,1098,0,0,0,19842,26630,0,0,0,0,0,0,0,0,0,0,0,0,15179,548,14842,19607,15546,TCGA-LL-A5YO-DX1_xmin36631_ymin44396_MPP-0.2500+35
0,0,0,0,0,0,27543,2584,0,0,0,4749,15300,0,0,0,0,0,0,0,0,0,0,0,0,0,0,0,0,0,0,27975,2152,0,0,0,5210,14839,0,0,0,0,0,0,0,0,0,0,0,0,0,0,0,0,0,0,27670,2457,0,0,0,5270,14779,0,0,0,0,0,0,0,0,0,0,0,0,12677,973,28617,7909,16296,TCGA-LL-A5YO-DX1_xmin36631_ymin44396_MPP-0.2500+36
128,7589,11,0,0,0,26420,8005,0,0,0,1905,4900,0,0,0,0,0,0,0,0,0,0,0,1218,256,7444,28,0,0,0,27155,7270,0,0,0,1966,4839,0,0,0,0,0,0,0,0,0,0,0,1218,192,7500,36,0,0,0,26021,8404,0,0,0,1985,4820,0,0,0,0,0,0,0,0,0,0,0,1218,6535,1762,33270,7391,14862,TCGA-LL-A5YO-DX1_xmin36631_ymin44396_MPP-0.2500+37
22650,1593,280,0,0,4255,3306,1347,0,0,2072,2248,10506,0,0,0,0,0,0,0,0,0,0,0,1919,22549,1647,327,0,0,4006,3510,1392,0,0,2466,2522,9838,0,0,0,0,0,0,0,0,0,0,0,1919,22291,1856,376,0,0,3737,3572,1599,0,0,2377,2559,9890,0,0,0,0,0,0,0,0,0,0,0,1919,3970,2223,27960,14104,15446,TCGA-LL-A5YO-DX1_xmin36631_ymin44396_MPP-0.2500+38
4737,0,0,0,0,5133,0,0,0,0,36636,0,0,0,0,0,0,0,0,0,0,0,0,0,3670,4737,0,0,0,0,5133,0,0,0,0,36636,0,0,0,0,0,0,0,0,0,0,0,0,0,3670,4737,0,0,0,0,5133,0,0,0,0,36636,0,0,0,0,0,0,0,0,0,0,0,0,0,3670,6869,1308,12558,25771,9850,TCGA-LL-A5YO-DX1_xmin36631_ymin44396_MPP-0.2500+39
0,0,0,0,0,0,24820,16375,0,0,0,0,4,0,0,0,0,0,0,0,0,0,0,0,8977,0,0,0,0,0,0,25982,15213,0,0,0,0,4,0,0,0,0,0,0,0,0,0,0,0,8977,0,0,0,0,0,0,28130,13065,0,0,0,0,4,0,0,0,0,0,0,0,0,0,0,0,8977,6965,0,33303,931,10769,TCGA-LL-A5YO-DX1_xmin36631_ymin44396_MPP-0.2500+4
6379,0,527,0,0,732,0,3513,0,0,4493,0,34532,0,0,0,0,0,0,0,0,0,0,0,0,6350,0,556,0,0,554,0,3691,0,0,4570,0,34455,0,0,0,0,0,0,0,0,0,0,0,0,6363,0,543,0,0,539,0,3706,0,0,4814,0,34211,0,0,0,0,0,0,0,0,0,0,0,0,16848,1861,24503,6964,15262,TCGA-LL-A5YO-DX1_xmin36631_ymin44396_MPP-0.2500+40
1392,0,5903,0,0,0,0,4334,0,0,0,0,38547,0,0,0,0,0,0,0,0,0,0,0,0,1296,0,5999,0,0,0,0,4334,0,0,0,0,38547,0,0,0,0,0,0,0,0,0,0,0,0,1168,0,6127,0,0,0,0,4334,0,0,0,0,38547,0,0,0,0,0,0,0,0,0,0,0,0,19192,1917,21798,7269,16099,TCGA-LL-A5YO-DX1_xmin36631_ymin44396_MPP-0.2500+41
0,896,249,0,0,0,1296,562,0,0,0,23877,23296,0,0,0,0,0,0,0,0,0,0,0,0,0,803,342,0,0,0,1366,492,0,0,0,24615,22558,0,0,0,0,0,0,0,0,0,0,0,0,0,839,306,0,0,0,1403,455,0,0,0,25162,22011,0,0,0,0,0,0,0,0,0,0,0,0,20238,978,18991,9969,15135,TCGA-LL-A5YO-DX1_xmin36631_ymin44396_MPP-0.2500+42
0,594,0,0,0,0,19595,5620,0,0,0,2859,21508,0,0,0,0,0,0,0,0,0,0,0,0,0,594,0,0,0,0,19800,5415,0,0,0,3221,21146,0,0,0,0,0,0,0,0,0,0,0,0,0,594,0,0,0,0,19602,5613,0,0,0,3218,21149,0,0,0,0,0,0,0,0,0,0,0,0,11110,956,26575,11535,13621,TCGA-LL-A5YO-DX1_xmin36631_ymin44396_MPP-0.2500+43
26997,2889,0,0,0,3604,12375,0,0,0,939,24,0,0,0,0,0,0,0,0,0,0,0,0,3348,26955,2931,0,0,0,3351,12628,0,0,0,921,42,0,0,0,0,0,0,0,0,0,0,0,0,3348,26739,3147,0,0,0,3118,12861,0,0,0,885,78,0,0,0,0,0,0,0,0,0,0,0,0,3348,5162,1940,32958,6768,7903,TCGA-LL-A5YO-DX1_xmin36631_ymin44396_MPP-0.2500+44
0,6558,1609,0,0,0,18344,14139,0,0,0,861,8340,0,0,0,0,0,0,0,0,0,0,0,325,0,6578,1589,0,0,0,20545,11938,0,0,0,1026,8175,0,0,0,0,0,0,0,0,0,0,0,325,0,6574,1593,0,0,0,20384,12099,0,0,0,1014,8187,0,0,0,0,0,0,0,0,0,0,0,325,8293,2750,26332,12476,22212,TCGA-LL-A5YO-DX1_xmin36631_ymin44396_MPP-0.2500+45
0,4053,0,0,0,0,4199,1496,0,0,0,13864,26564,0,0,0,0,0,0,0,0,0,0,0,0,0,4000,53,0,0,0,4217,1478,0,0,0,16672,23756,0,0,0,0,0,0,0,0,0,0,0,0,0,4002,51,0,0,0,4111,1584,0,0,0,16266,24162,0,0,0,0,0,0,0,0,0,0,0,0,14061,736,14910,20469,17851,TCGA-LL-A5YO-DX1_xmin36631_ymin44396_MPP-0.2500+46
15817,0,0,0,0,8807,0,0,0,0,24643,0,0,0,0,0,0,0,0,0,0,0,0,0,909,15817,0,0,0,0,8807,0,0,0,0,24643,0,0,0,0,0,0,0,0,0,0,0,0,0,909,15817,0,0,0,0,8807,0,0,0,0,24643,0,0,0,0,0,0,0,0,0,0,0,0,0,909,10379,2441,21479,14968,10648,TCGA-LL-A5YO-DX1_xmin36631_ymin44396_MPP-0.2500+47
16097,6650,98,0,0,1999,6377,2370,0,0,86,7920,2415,0,0,0,0,0,0,0,0,0,0,0,6164,16219,6493,133,0,0,2041,6273,2432,0,0,184,7655,2582,0,0,0,0,0,0,0,0,0,0,0,6164,16053,6698,94,0,0,1757,6442,2547,0,0,250,7541,2630,0,0,0,0,0,0,0,0,0,0,0,6164,3120,2151,23714,15027,15743,TCGA-LL-A5YO-DX1_xmin36631_ymin44396_MPP-0.2500+48
37912,0,0,0,0,3749,0,0,0,0,5172,0,0,0,0,0,0,0,0,0,0,0,0,0,3343,32350,0,5562,0,0,2530,0,1219,0,0,458,0,4714,0,0,0,0,0,0,0,0,0,0,0,3343,31949,0,5963,0,0,2489,0,1260,0,0,325,0,4847,0,0,0,0,0,0,0,0,0,0,0,3343,4127,1189,30420,11097,12485,TCGA-LL-A5YO-DX1_xmin36631_ymin44396_MPP-0.2500+49
0,0,0,0,0,0,30640,12698,0,0,0,74,0,0,0,0,0,0,0,0,0,0,0,0,6764,0,0,0,0,0,0,31676,11662,0,0,0,74,0,0,0,0,0,0,0,0,0,0,0,0,6764,0,0,0,0,0,0,31687,11651,0,0,0,74,0,0,0,0,0,0,0,0,0,0,0,0,6764,2714,4140,30005,6553,6661,TCGA-LL-A5YO-DX1_xmin36631_ymin44396_MPP-0.2500+5
22846,0,10320,0,0,2818,0,6692,0,0,597,0,6903,0,0,0,0,0,0,0,0,0,0,0,0,22867,0,10299,0,0,2767,0,6743,0,0,597,0,6903,0,0,0,0,0,0,0,0,0,0,0,0,22799,0,10367,0,0,2773,0,6737,0,0,597,0,6903,0,0,0,0,0,0,0,0,0,0,0,0,4373,6124,26364,13315,8692,TCGA-LL-A5YO-DX1_xmin36631_ymin44396_MPP-0.2500+50
4609,367,0,0,0,1464,12551,8202,0,0,602,1545,20836,0,0,0,0,0,0,0,0,0,0,0,0,4600,376,0,0,0,1299,13079,7839,0,0,587,1778,20618,0,0,0,0,0,0,0,0,0,0,0,0,4600,376,0,0,0,1317,12403,8497,0,0,645,1781,20557,0,0,0,0,0,0,0,0,0,0,0,0,12659,2614,25612,9291,14433,TCGA-LL-A5YO-DX1_xmin36631_ymin44396_MPP-0.2500+51
0,1022,44,0,0,0,23592,10553,0,0,0,2785,4838,0,0,0,0,0,0,0,0,0,0,0,7342,0,946,120,0,0,0,24119,10026,0,0,0,3176,4447,0,0,0,0,0,0,0,0,0,0,0,7342,0,952,114,0,0,0,23868,10277,0,0,0,2932,4691,0,0,0,0,0,0,0,0,0,0,0,7342,5354,5278,21143,11059,16323,TCGA-LL-A5YO-DX1_xmin36631_ymin44396_MPP-0.2500+52
0,0,0,0,0,0,12350,13033,0,0,0,8491,16302,0,0,0,0,0,0,0,0,0,0,0,0,0,0,0,0,0,0,13386,11997,0,0,0,9353,15440,0,0,0,0,0,0,0,0,0,0,0,0,0,0,0,0,0,0,14160,11223,0,0,0,9833,14960,0,0,0,0,0,0,0,0,0,0,0,0,6915,1516,21961,19784,15765,TCGA-LL-A5YO-DX1_xmin36631_ymin44396_MPP-0.2500+53
0,0,0,0,0,0,13413,2091,0,0,0,6297,28375,0,0,0,0,0,0,0,0,0,0,0,0,0,0,0,0,0,0,13631,1873,0,0,0,8216,26456,0,0,0,0,0,0,0,0,0,0,0,0,0,0,0,0,0,0,13671,1833,0,0,0,8314,26358,0,0,0,0,0,0,0,0,0,0,0,0,17961,473,20350,11392,19680,TCGA-LL-A5YO-DX1_xmin36631_ymin44396_MPP-0.2500+54
0,6030,0,0,0,0,8721,0,0,0,0,29543,0,0,0,0,0,0,0,0,0,0,0,0,5882,0,6030,0,0,0,0,8721,0,0,0,0,29543,0,0,0,0,0,0,0,0,0,0,0,0,5882,0,6030,0,0,0,0,8721,0,0,0,0,29543,0,0,0,0,0,0,0,0,0,0,0,0,5882,5182,1205,9853,28054,13399,TCGA-LL-A5YO-DX1_xmin36631_ymin44396_MPP-0.2500+55
0,0,0,0,0,0,0,0,0,0,0,0,50176,0,0,0,0,0,0,0,0,0,0,0,0,0,0,0,0,0,0,0,0,0,0,48,0,50128,0,0,0,0,0,0,0,0,0,0,0,0,0,0,0,0,0,0,0,0,0,0,0,0,50176,0,0,0,0,0,0,0,0,0,0,0,0,19557,0,28451,2168,16279,TCGA-LL-A5YO-DX1_xmin36631_ymin44396_MPP-0.2500+56
0,0,0,0,0,0,0,344,0,0,0,0,49832,0,0,0,0,0,0,0,0,0,0,0,0,0,0,0,0,0,0,0,344,0,0,0,0,49832,0,0,0,0,0,0,0,0,0,0,0,0,0,0,0,0,0,0,0,344,0,0,0,0,49832,0,0,0,0,0,0,0,0,0,0,0,0,22994,170,23817,3195,16334,TCGA-LL-A5YO-DX1_xmin36631_ymin44396_MPP-0.2500+57
374,0,250,0,0,26,0,2421,0,0,0,0,47105,0,0,0,0,0,0,0,0,0,0,0,0,374,0,250,0,0,26,0,2421,0,0,0,0,47105,0,0,0,0,0,0,0,0,0,0,0,0,374,0,250,0,0,26,0,2421,0,0,0,0,47105,0,0,0,0,0,0,0,0,0,0,0,0,15570,620,31680,2306,18111,TCGA-LL-A5YO-DX1_xmin36631_ymin44396_MPP-0.2500+58
0,0,134,0,0,0,22544,10531,0,0,0,1405,15107,0,0,0,0,0,0,0,0,0,0,0,455,0,0,134,0,0,0,23834,9241,0,0,0,2631,13881,0,0,0,0,0,0,0,0,0,0,0,455,0,0,134,0,0,0,23621,9454,0,0,0,3000,13512,0,0,0,0,0,0,0,0,0,0,0,455,12398,3247,22764,11312,17943,TCGA-LL-A5YO-DX1_xmin36631_ymin44396_MPP-0.2500+59
0,14687,0,0,0,0,11053,911,0,0,0,7825,15700,0,0,0,0,0,0,0,0,0,0,0,0,0,14687,0,0,0,0,11058,906,0,0,0,8163,15362,0,0,0,0,0,0,0,0,0,0,0,0,0,14687,0,0,0,0,11062,902,0,0,0,7880,15645,0,0,0,0,0,0,0,0,0,0,0,0,5802,1640,27986,14748,15527,TCGA-LL-A5YO-DX1_xmin36631_ymin44396_MPP-0.2500+6
5564,0,1358,0,0,1185,0,8811,0,0,0,0,32151,0,0,0,0,0,0,0,0,0,0,0,1107,5564,0,1358,0,0,1185,0,8811,0,0,0,0,32151,0,0,0,0,0,0,0,0,0,0,0,1107,5500,0,1422,0,0,1121,0,8875,0,0,0,0,32151,0,0,0,0,0,0,0,0,0,0,0,1107,11263,2122,16408,19276,15846,TCGA-LL-A5YO-DX1_xmin36631_ymin44396_MPP-0.2500+60
5381,446,0,0,0,1465,15515,9168,0,0,377,6615,8711,0,0,0,0,0,0,0,0,0,0,0,2498,5376,451,0,0,0,1451,15838,8859,0,0,413,6946,8344,0,0,0,0,0,0,0,0,0,0,0,2498,5384,443,0,0,0,1459,15781,8908,0,0,428,6773,8502,0,0,0,0,0,0,0,0,0,0,0,2498,6963,3004,25295,12416,17560,TCGA-LL-A5YO-DX1_xmin36631_ymin44396_MPP-0.2500+61
0,190,0,0,0,0,26424,11547,0,0,0,3535,8480,0,0,0,0,0,0,0,0,0,0,0,0,0,190,0,0,0,0,26374,11597,0,0,0,3542,8473,0,0,0,0,0,0,0,0,0,0,0,0,0,190,0,0,0,0,26672,11299,0,0,0,3547,8468,0,0,0,0,0,0,0,0,0,0,0,0,9396,4985,25454,10341,18286,TCGA-LL-A5YO-DX1_xmin36631_ymin44396_MPP-0.2500+62
14528,2662,396,0,0,3510,10072,3535,0,0,459,5317,8632,0,0,0,0,0,0,0,0,0,0,0,1065,14560,2714,312,0,0,3663,10369,3085,0,0,448,5799,8161,0,0,0,0,0,0,0,0,0,0,0,1065,14273,2983,330,0,0,3581,10797,2739,0,0,425,6047,7936,0,0,0,0,0,0,0,0,0,0,0,1065,4522,1821,25997,16771,15544,TCGA-LL-A5YO-DX1_xmin36631_ymin44396_MPP-0.2500+63
0,0,0,0,0,0,0,0,0,0,0,0,50176,0,0,0,0,0,0,0,0,0,0,0,0,0,0,0,0,0,0,0,0,0,0,0,0,50176,0,0,0,0,0,0,0,0,0,0,0,0,0,0,0,0,0,0,0,0,0,0,0,0,50176,0,0,0,0,0,0,0,0,0,0,0,0,20124,0,27491,2561,18350,TCGA-LL-A5YO-DX1_xmin36631_ymin44396_MPP-0.2500+64
0,0,0,0,0,0,0,0,0,0,16,0,50160,0,0,0,0,0,0,0,0,0,0,0,0,0,0,0,0,0,0,0,0,0,0,0,0,50176,0,0,0,0,0,0,0,0,0,0,0,0,0,0,0,0,0,0,0,0,0,0,0,0,50176,0,0,0,0,0,0,0,0,0,0,0,0,15576,0,33620,980,14670,TCGA-LL-A5YO-DX1_xmin36631_ymin44396_MPP-0.2500+65
0,0,0,0,0,0,0,0,0,0,0,18523,31653,0,0,0,0,0,0,0,0,0,0,0,0,0,0,0,0,0,0,0,0,0,0,0,18325,31851,0,0,0,0,0,0,0,0,0,0,0,0,0,0,0,0,0,0,0,0,0,0,0,18263,31913,0,0,0,0,0,0,0,0,0,0,0,0,17861,26,24070,8219,12679,TCGA-LL-A5YO-DX1_xmin36631_ymin44396_MPP-0.2500+66
0,0,0,0,0,0,23410,10085,0,0,0,2709,11999,0,0,0,0,0,0,0,0,0,0,0,1973,0,0,0,0,0,0,24292,9203,0,0,0,3005,11703,0,0,0,0,0,0,0,0,0,0,0,1973,0,0,0,0,0,0,24257,9238,0,0,0,3313,11395,0,0,0,0,0,0,0,0,0,0,0,1973,6863,4894,25587,10859,9265,TCGA-LL-A5YO-DX1_xmin36631_ymin44396_MPP-0.2500+67
3475,0,3986,0,0,29,0,6394,0,0,0,0,36292,0,0,0,0,0,0,0,0,0,0,0,0,3475,0,3986,0,0,29,0,6394,0,0,0,0,36292,0,0,0,0,0,0,0,0,0,0,0,0,3475,0,3986,0,0,29,0,6394,0,0,0,0,36292,0,0,0,0,0,0,0,0,0,0,0,0,17691,2440,25234,4811,17787,TCGA-LL-A5YO-DX1_xmin36631_ymin44396_MPP-0.2500+68
10678,294,972,0,0,216,6849,6210,0,0,0,3339,19800,0,0,0,0,0,0,0,0,0,0,0,1818,10571,348,1025,0,0,187,7136,5952,0,0,0,3541,19598,0,0,0,0,0,0,0,0,0,0,0,1818,10532,392,1020,0,0,230,7173,5872,0,0,196,3331,19612,0,0,0,0,0,0,0,0,0,0,0,1818,10929,5193,25041,7195,13925,TCGA-LL-A5YO-DX1_xmin36631_ymin44396_MPP-0.2500+69
0,0,0,0,0,0,2043,0,0,0,0,2750,45383,0,0,0,0,0,0,0,0,0,0,0,0,0,0,0,0,0,0,2043,0,0,0,0,3600,44533,0,0,0,0,0,0,0,0,0,0,0,0,0,0,0,0,0,0,2043,0,0,0,0,3373,44760,0,0,0,0,0,0,0,0,0,0,0,0,20834,62,21028,8252,14771,TCGA-LL-A5YO-DX1_xmin36631_ymin44396_MPP-0.2500+7
7707,0,0,0,0,3941,0,5227,0,0,4002,0,26205,0,0,0,0,0,0,0,0,0,0,0,3094,7698,0,9,0,0,4010,0,5158,0,0,4077,0,26130,0,0,0,0,0,0,0,0,0,0,0,3094,7690,0,17,0,0,4070,0,5098,0,0,4288,0,25919,0,0,0,0,0,0,0,0,0,0,0,3094,13407,1190,19572,12913,13951,TCGA-LL-A5YO-DX1_xmin36631_ymin44396_MPP-0.2500+70
0,0,1032,0,0,16,0,22039,0,0,0,0,27089,0,0,0,0,0,0,0,0,0,0,0,0,0,0,1032,0,0,16,0,22039,0,0,0,0,27089,0,0,0,0,0,0,0,0,0,0,0,0,0,0,1032,0,0,16,0,22039,0,0,0,0,27089,0,0,0,0,0,0,0,0,0,0,0,0,14042,7129,19801,9204,23552,TCGA-LL-A5YO-DX1_xmin36631_ymin44396_MPP-0.2500+71
0,0,0,0,0,0,0,0,0,0,0,0,50176,0,0,0,0,0,0,0,0,0,0,0,0,0,0,0,0,0,0,0,0,0,0,0,0,50176,0,0,0,0,0,0,0,0,0,0,0,0,0,0,0,0,0,0,0,0,0,0,0,0,50176,0,0,0,0,0,0,0,0,0,0,0,0,18697,0,29608,1871,13342,TCGA-LL-A5YO-DX1_xmin36631_ymin44396_MPP-0.2500+72
16,0,3685,0,0,0,0,2068,0,0,0,0,44407,0,0,0,0,0,0,0,0,0,0,0,0,16,0,3685,0,0,0,0,2068,0,0,0,0,44407,0,0,0,0,0,0,0,0,0,0,0,0,16,0,3685,0,0,0,0,2068,0,0,0,0,44407,0,0,0,0,0,0,0,0,0,0,0,0,16831,1405,26826,5114,17001,TCGA-LL-A5YO-DX1_xmin36631_ymin44396_MPP-0.2500+73
0,0,1332,0,0,0,0,1283,0,0,752,0,46809,0,0,0,0,0,0,0,0,0,0,0,0,0,0,1332,0,0,0,0,1283,0,0,752,0,46809,0,0,0,0,0,0,0,0,0,0,0,0,16,0,1316,0,0,0,0,1283,0,0,752,0,46809,0,0,0,0,0,0,0,0,0,0,0,0,15446,877,29017,4836,16286,TCGA-LL-A5YO-DX1_xmin36631_ymin44396_MPP-0.2500+74
0,0,0,0,0,0,17337,12401,0,0,0,2667,16375,0,0,0,0,0,0,0,0,0,0,0,1396,0,0,0,0,0,0,17407,12331,0,0,0,2575,16467,0,0,0,0,0,0,0,0,0,0,0,1396,0,0,0,0,0,0,17944,11794,0,0,0,2544,16498,0,0,0,0,0,0,0,0,0,0,0,1396,6142,13089,15393,14156,16299,TCGA-LL-A5YO-DX1_xmin36631_ymin44396_MPP-0.2500+75
0,0,0,0,0,0,0,3343,0,0,0,0,44004,0,0,0,0,0,0,0,0,0,0,0,2829,0,0,0,0,0,0,0,3343,0,0,0,0,44004,0,0,0,0,0,0,0,0,0,0,0,2829,0,0,0,0,0,0,0,3343,0,0,0,0,44004,0,0,0,0,0,0,0,0,0,0,0,2829,15312,551,28628,2856,14943,TCGA-LL-A5YO-DX1_xmin36631_ymin44396_MPP-0.2500+76
634,0,1582,0,0,169,0,4675,0,0,205,0,42737,0,0,0,0,0,0,0,0,0,0,0,174,570,0,1646,0,0,232,0,4612,0,0,206,0,42736,0,0,0,0,0,0,0,0,0,0,0,174,570,0,1646,0,0,169,0,4675,0,0,205,0,42737,0,0,0,0,0,0,0,0,0,0,0,174,16755,1100,25204,6943,12666,TCGA-LL-A5YO-DX1_xmin36631_ymin44396_MPP-0.2500+77
21244,3525,50,0,0,1128,1647,4676,0,0,1382,1171,11252,0,0,0,0,0,0,0,0,0,0,0,4101,21040,3741,38,0,0,1091,1887,4473,0,0,1393,1180,11232,0,0,0,0,0,0,0,0,0,0,0,4101,20312,4477,30,0,0,1063,2254,4134,0,0,1437,1263,11105,0,0,0,0,0,0,0,0,0,0,0,4101,5767,2560,30314,7434,11296,TCGA-LL-A5YO-DX1_xmin36631_ymin44396_MPP-0.2500+78
512,5997,0,0,0,0,13586,2774,0,0,0,5071,21092,0,0,0,0,0,0,0,0,0,0,0,1144,416,6093,0,0,0,0,13967,2393,0,0,0,5474,20689,0,0,0,0,0,0,0,0,0,0,0,1144,448,6061,0,0,0,0,14150,2210,0,0,0,5733,20430,0,0,0,0,0,0,0,0,0,0,0,1144,13472,3687,17651,14222,19338,TCGA-LL-A5YO-DX1_xmin36631_ymin44396_MPP-0.2500+79
0,0,0,0,0,0,11664,11170,0,0,0,217,27125,0,0,0,0,0,0,0,0,0,0,0,0,0,0,0,0,0,0,11664,11170,0,0,0,395,26947,0,0,0,0,0,0,0,0,0,0,0,0,0,0,0,0,0,0,11704,11130,0,0,0,739,26603,0,0,0,0,0,0,0,0,0,0,0,0,14888,5508,19089,10691,21056,TCGA-LL-A5YO-DX1_xmin36631_ymin44396_MPP-0.2500+8
1216,0,5058,0,0,0,0,4370,0,0,0,0,39532,0,0,0,0,0,0,0,0,0,0,0,0,1152,0,5122,0,0,0,0,4370,0,0,0,0,39532,0,0,0,0,0,0,0,0,0,0,0,0,1088,0,5186,0,0,0,0,4370,0,0,0,0,39532,0,0,0,0,0,0,0,0,0,0,0,0,12666,1818,28426,7266,16059,TCGA-LL-A5YO-DX1_xmin36631_ymin44396_MPP-0.2500+80
1712,0,9641,0,0,0,0,2481,0,0,0,0,36342,0,0,0,0,0,0,0,0,0,0,0,0,1648,0,9705,0,0,0,0,2481,0,0,0,0,36342,0,0,0,0,0,0,0,0,0,0,0,0,1456,0,9897,0,0,0,0,2481,0,0,0,0,36342,0,0,0,0,0,0,0,0,0,0,0,0,7952,3199,33134,5891,8193,TCGA-LL-A5YO-DX1_xmin36631_ymin44396_MPP-0.2500+81
16159,3632,680,0,0,626,3780,3091,0,0,956,6199,8398,0,0,0,0,0,0,0,0,0,0,0,6655,15694,3800,977,0,0,621,3796,3080,0,0,1054,6211,8288,0,0,0,0,0,0,0,0,0,0,0,6655,15597,3889,985,0,0,599,3863,3035,0,0,1201,6287,8065,0,0,0,0,0,0,0,0,0,0,0,6655,7583,2270,22792,10876,11310,TCGA-LL-A5YO-DX1_xmin36631_ymin44396_MPP-0.2500+82
1794,0,7362,0,0,492,0,10473,0,0,0,0,28747,0,0,0,0,0,0,0,0,0,0,0,1308,1730,0,7426,0,0,492,0,10473,0,0,0,0,28747,0,0,0,0,0,0,0,0,0,0,0,1308,1730,0,7426,0,0,492,0,10473,0,0,0,0,28747,0,0,0,0,0,0,0,0,0,0,0,1308,9385,4874,26253,8356,13992,TCGA-LL-A5YO-DX1_xmin36631_ymin44396_MPP-0.2500+83
15793,0,7978,0,0,1285,0,3799,0,0,0,0,17964,0,0,0,0,0,0,0,0,0,0,0,3357,15601,0,8170,0,0,1253,0,3831,0,0,0,0,17964,0,0,0,0,0,0,0,0,0,0,0,3357,15665,0,8106,0,0,1253,0,3831,0,0,0,0,17964,0,0,0,0,0,0,0,0,0,0,0,3357,8624,860,31821,5514,15941,TCGA-LL-A5YO-DX1_xmin36631_ymin44396_MPP-0.2500+84
13675,0,2340,0,0,1256,0,3182,0,0,319,0,26881,0,0,0,0,0,0,0,0,0,0,0,2523,13581,0,2434,0,0,1176,0,3262,0,0,488,0,26712,0,0,0,0,0,0,0,0,0,0,0,2523,13670,0,2345,0,0,1142,0,3296,0,0,721,0,26479,0,0,0,0,0,0,0,0,0,0,0,2523,9207,1960,30354,6132,12723,TCGA-LL-A5YO-DX1_xmin36631_ymin44396_MPP-0.2500+85
10247,7983,366,0,0,1075,4990,964,0,0,1202,7456,15056,0,0,0,0,0,0,0,0,0,0,0,837,10290,7953,353,0,0,1065,4993,971,0,0,1163,7541,15010,0,0,0,0,0,0,0,0,0,0,0,837,10125,8205,266,0,0,1007,5076,946,0,0,1246,7514,14954,0,0,0,0,0,0,0,0,0,0,0,837,7840,2816,24792,13891,13731,TCGA-LL-A5YO-DX1_xmin36631_ymin44396_MPP-0.2500+86
19646,0,0,0,0,18758,0,0,0,0,4198,0,0,0,0,0,0,0,0,0,0,0,0,0,7574,19646,0,0,0,0,18758,0,0,0,0,4198,0,0,0,0,0,0,0,0,0,0,0,0,0,7574,19646,0,0,0,0,18758,0,0,0,0,4198,0,0,0,0,0,0,0,0,0,0,0,0,0,7574,4402,2088,24989,11123,12145,TCGA-LL-A5YO-DX1_xmin36631_ymin44396_MPP-0.2500+87
541,0,14554,0,0,136,0,3245,0,0,651,0,29703,0,0,0,0,0,0,0,0,0,0,0,1346,541,0,14554,0,0,136,0,3245,0,0,651,0,29703,0,0,0,0,0,0,0,0,0,0,0,1346,413,0,14682,0,0,136,0,3245,0,0,651,0,29703,0,0,0,0,0,0,0,0,0,0,0,1346,9846,3157,25304,10523,12032,TCGA-LL-A5YO-DX1_xmin36631_ymin44396_MPP-0.2500+88
12392,3569,367,0,0,1259,7600,14547,0,0,0,5607,4107,0,0,0,0,0,0,0,0,0,0,0,728,12298,3639,391,0,0,1174,8358,13874,0,0,0,5606,4108,0,0,0,0,0,0,0,0,0,0,0,728,12168,3884,276,0,0,968,8887,13551,0,0,4,5695,4015,0,0,0,0,0,0,0,0,0,0,0,728,4496,7517,16942,20493,13341,TCGA-LL-A5YO-DX1_xmin36631_ymin44396_MPP-0.2500+89
96,8418,43,0,0,0,25091,16528,0,0,0,0,0,0,0,0,0,0,0,0,0,0,0,0,0,32,8444,81,0,0,0,24275,17344,0,0,0,0,0,0,0,0,0,0,0,0,0,0,0,0,0,32,8395,130,0,0,0,23917,17702,0,0,0,0,0,0,0,0,0,0,0,0,0,0,0,0,0,5118,1352,34481,9225,14658,TCGA-LL-A5YO-DX1_xmin36631_ymin44396_MPP-0.2500+9
96,9437,840,0,0,0,4551,1277,0,0,0,7049,25662,0,0,0,0,0,0,0,0,0,0,0,1264,96,9385,892,0,0,0,4535,1293,0,0,0,7503,25208,0,0,0,0,0,0,0,0,0,0,0,1264,96,9305,972,0,0,0,4533,1295,0,0,0,7543,25168,0,0,0,0,0,0,0,0,0,0,0,1264,15795,1728,19885,11504,17682,TCGA-LL-A5YO-DX1_xmin36631_ymin44396_MPP-0.2500+90
496,0,3668,0,0,0,0,793,0,0,0,0,45219,0,0,0,0,0,0,0,0,0,0,0,0,496,0,3668,0,0,0,0,793,0,0,0,0,45219,0,0,0,0,0,0,0,0,0,0,0,0,496,0,3668,0,0,0,0,793,0,0,0,0,45219,0,0,0,0,0,0,0,0,0,0,0,0,10792,1183,34268,3933,10003,TCGA-LL-A5YO-DX1_xmin36631_ymin44396_MPP-0.2500+91
3040,0,5728,0,0,0,0,4424,0,0,0,0,35672,0,0,0,0,0,0,0,0,0,0,0,1312,2976,0,5792,0,0,0,0,4424,0,0,0,0,35672,0,0,0,0,0,0,0,0,0,0,0,1312,2720,0,6048,0,0,0,0,4424,0,0,0,0,35672,0,0,0,0,0,0,0,0,0,0,0,1312,15225,2558,25827,5254,15424,TCGA-LL-A5YO-DX1_xmin36631_ymin44396_MPP-0.2500+92
18663,0,0,0,0,6978,0,0,0,0,19249,0,0,0,0,0,0,0,0,0,0,0,0,0,5286,18663,0,0,0,0,6978,0,0,0,0,19249,0,0,0,0,0,0,0,0,0,0,0,0,0,5286,18663,0,0,0,0,6978,0,0,0,0,19249,0,0,0,0,0,0,0,0,0,0,0,0,0,5286,8580,1884,24020,10406,9010,TCGA-LL-A5YO-DX1_xmin36631_ymin44396_MPP-0.2500+93
10625,1106,1318,0,0,396,4497,5485,0,0,386,5056,18386,0,0,0,0,0,0,0,0,0,0,0,2921,10481,1366,1202,0,0,358,4643,5377,0,0,413,5210,18205,0,0,0,0,0,0,0,0,0,0,0,2921,10398,1748,903,0,0,351,4858,5169,0,0,446,5581,17801,0,0,0,0,0,0,0,0,0,0,0,2921,10537,4345,23219,9154,16370,TCGA-LL-A5YO-DX1_xmin36631_ymin44396_MPP-0.2500+94
22203,186,155,0,0,1101,3712,12568,0,0,0,894,4410,0,0,0,0,0,0,0,0,0,0,0,4947,22185,269,90,0,0,1107,3984,12290,0,0,0,990,4314,0,0,0,0,0,0,0,0,0,0,0,4947,22096,365,83,0,0,1217,4576,11588,0,0,0,1127,4177,0,0,0,0,0,0,0,0,0,0,0,4947,2873,4588,26358,11410,10548,TCGA-LL-A5YO-DX1_xmin36631_ymin44396_MPP-0.2500+95
96,7713,0,0,0,0,19665,0,0,0,0,0,0,0,0,0,0,0,0,0,0,0,0,0,22702,96,7713,0,0,0,0,19665,0,0,0,0,0,0,0,0,0,0,0,0,0,0,0,0,0,22702,192,7617,0,0,0,0,19665,0,0,0,0,0,0,0,0,0,0,0,0,0,0,0,0,0,22702,2130,590,21201,3553,5268,TCGA-LL-A73Y-DX1_xmin68117_ymin49445_MPP-0.2500+0
0,4715,43,0,0,0,20744,7412,0,0,0,7717,9545,0,0,0,0,0,0,0,0,0,0,0,0,160,4572,26,0,0,0,21324,6832,0,0,0,8028,9234,0,0,0,0,0,0,0,0,0,0,0,0,64,4645,49,0,0,0,18369,9787,0,0,0,5388,11874,0,0,0,0,0,0,0,0,0,0,0,0,4614,2799,26431,16332,12861,TCGA-LL-A73Y-DX1_xmin68117_ymin49445_MPP-0.2500+1
5113,246,391,0,0,1503,28811,6654,0,0,0,0,2988,0,0,0,0,0,0,0,0,0,0,0,4470,5020,301,429,0,0,1499,28966,6503,0,0,0,0,2988,0,0,0,0,0,0,0,0,0,0,0,4470,5225,102,423,0,0,1622,28902,6444,0,0,0,20,2968,0,0,0,0,0,0,0,0,0,0,0,4470,7112,2914,29452,6228,15269,TCGA-LL-A73Y-DX1_xmin68117_ymin49445_MPP-0.2500+10
20530,783,2431,0,0,4450,6853,3143,0,0,753,2685,8548,0,0,0,0,0,0,0,0,0,0,0,0,20414,938,2392,0,0,4082,7605,2759,0,0,680,3348,7958,0,0,0,0,0,0,0,0,0,0,0,0,20031,1611,2102,0,0,3355,8706,2385,0,0,544,4255,7187,0,0,0,0,0,0,0,0,0,0,0,0,4215,4984,27771,13206,19617,TCGA-LL-A73Y-DX1_xmin68117_ymin49445_MPP-0.2500+11
28535,0,0,0,0,21623,0,0,0,0,18,0,0,0,0,0,0,0,0,0,0,0,0,0,0,28535,0,0,0,0,21623,0,0,0,0,18,0,0,0,0,0,0,0,0,0,0,0,0,0,0,28535,0,0,0,0,21623,0,0,0,0,18,0,0,0,0,0,0,0,0,0,0,0,0,0,0,276,4873,28950,16077,10002,TCGA-LL-A73Y-DX1_xmin68117_ymin49445_MPP-0.2500+12
28297,5,0,0,0,3733,16344,0,0,0,463,424,0,0,0,0,0,0,0,0,0,0,0,0,910,28298,4,0,0,0,3817,16260,0,0,0,454,433,0,0,0,0,0,0,0,0,0,0,0,0,910,28262,40,0,0,0,3283,16794,0,0,0,451,436,0,0,0,0,0,0,0,0,0,0,0,0,910,1103,1748,38936,7479,6565,TCGA-LL-A73Y-DX1_xmin68117_ymin49445_MPP-0.2500+13
0,0,0,0,0,0,42714,7462,0,0,0,0,0,0,0,0,0,0,0,0,0,0,0,0,0,0,0,0,0,0,0,44763,5413,0,0,0,0,0,0,0,0,0,0,0,0,0,0,0,0,0,0,0,0,0,0,0,44652,5524,0,0,0,0,0,0,0,0,0,0,0,0,0,0,0,0,0,5595,106,42145,2330,5819,TCGA-LL-A73Y-DX1_xmin68117_ymin49445_MPP-0.2500+14
0,0,0,0,0,0,35603,2737,0,0,0,236,3632,0,0,0,0,0,0,0,0,0,0,0,7968,0,0,0,0,0,0,35492,2848,0,0,0,433,3435,0,0,0,0,0,0,0,0,0,0,0,7968,0,0,0,0,0,0,35461,2879,0,0,0,565,3303,0,0,0,0,0,0,0,0,0,0,0,7968,8051,67,31778,2312,10626,TCGA-LL-A73Y-DX1_xmin68117_ymin49445_MPP-0.2500+15
0,543,164,0,0,0,5461,2973,0,0,0,5459,35576,0,0,0,0,0,0,0,0,0,0,0,0,107,430,170,0,0,5,5401,3028,0,0,0,6042,34993,0,0,0,0,0,0,0,0,0,0,0,0,59,484,164,0,0,5,5389,3040,0,0,0,6486,34549,0,0,0,0,0,0,0,0,0,0,0,0,15093,708,25210,9165,13707,TCGA-LL-A73Y-DX1_xmin68117_ymin49445_MPP-0.2500+16
0,1149,5403,0,0,0,4,3533,0,0,0,5343,34744,0,0,0,0,0,0,0,0,0,0,0,0,48,1673,4831,0,0,0,38,3499,0,0,0,5559,34528,0,0,0,0,0,0,0,0,0,0,0,0,48,2081,4423,0,0,0,70,3467,0,0,0,6198,33889,0,0,0,0,0,0,0,0,0,0,0,0,17571,1926,22366,8313,18156,TCGA-LL-A73Y-DX1_xmin68117_ymin49445_MPP-0.2500+17
38983,0,0,0,0,5754,0,0,0,0,0,0,0,0,0,0,0,0,0,0,0,0,0,0,5439,38983,0,0,0,0,5754,0,0,0,0,0,0,0,0,0,0,0,0,0,0,0,0,0,0,5439,38983,0,0,0,0,5754,0,0,0,0,0,0,0,0,0,0,0,0,0,0,0,0,0,0,5439,220,968,38763,4786,3374,TCGA-LL-A73Y-DX1_xmin68117_ymin49445_MPP-0.2500+18
6553,378,0,0,0,1070,8502,20065,0,0,0,0,0,0,0,0,0,0,0,0,0,0,0,0,13608,6547,384,0,0,0,1062,9200,19375,0,0,0,0,0,0,0,0,0,0,0,0,0,0,0,0,13608,6530,401,0,0,0,1021,9794,18822,0,0,0,0,0,0,0,0,0,0,0,0,0,0,0,0,13608,1414,6014,19409,9731,8287,TCGA-LL-A73Y-DX1_xmin68117_ymin49445_MPP-0.2500+19
0,632,0,0,0,0,10038,105,0,0,0,10050,29351,0,0,0,0,0,0,0,0,0,0,0,0,0,632,0,0,0,0,10011,132,0,0,0,9567,29834,0,0,0,0,0,0,0,0,0,0,0,0,0,632,0,0,0,0,10060,83,0,0,0,9227,30174,0,0,0,0,0,0,0,0,0,0,0,0,13321,397,23133,13325,15825,TCGA-LL-A73Y-DX1_xmin68117_ymin49445_MPP-0.2500+2
0,0,0,0,0,0,36034,11827,0,0,0,0,0,0,0,0,0,0,0,0,0,0,0,0,2315,0,0,0,0,0,0,37047,10814,0,0,0,0,0,0,0,0,0,0,0,0,0,0,0,0,2315,0,0,0,0,0,0,37533,10328,0,0,0,0,0,0,0,0,0,0,0,0,0,0,0,0,2315,6127,119,39568,2047,7932,TCGA-LL-A73Y-DX1_xmin68117_ymin49445_MPP-0.2500+20
0,0,0,0,0,0,16117,4655,0,0,0,70,29334,0,0,0,0,0,0,0,0,0,0,0,0,0,0,0,0,0,0,16230,4542,0,0,0,174,29230,0,0,0,0,0,0,0,0,0,0,0,0,0,0,0,0,0,0,16217,4555,0,0,0,639,28765,0,0,0,0,0,0,0,0,0,0,0,0,9885,2734,32539,5018,13987,TCGA-LL-A73Y-DX1_xmin68117_ymin49445_MPP-0.2500+21
0,0,0,0,0,0,0,0,0,0,0,0,50176,0,0,0,0,0,0,0,0,0,0,0,0,0,0,0,0,0,0,0,0,0,0,0,0,50176,0,0,0,0,0,0,0,0,0,0,0,0,0,0,0,0,0,0,0,0,0,0,0,0,50176,0,0,0,0,0,0,0,0,0,0,0,0,12156,0,38020,0,11117,TCGA-LL-A73Y-DX1_xmin68117_ymin49445_MPP-0.2500+22
0,0,0,0,0,0,0,0,0,0,0,0,50176,0,0,0,0,0,0,0,0,0,0,0,0,0,0,0,0,0,0,0,0,0,0,0,0,50176,0,0,0,0,0,0,0,0,0,0,0,0,0,0,0,0,0,0,0,0,0,0,0,0,50176,0,0,0,0,0,0,0,0,0,0,0,0,16213,0,33963,0,11548,TCGA-LL-A73Y-DX1_xmin68117_ymin49445_MPP-0.2500+23
0,1588,0,0,0,0,25943,11722,0,0,0,51,6478,0,0,0,0,0,0,0,0,0,0,0,4394,0,1588,0,0,0,0,26332,11333,0,0,0,51,6478,0,0,0,0,0,0,0,0,0,0,0,4394,0,1588,0,0,0,0,27284,10381,0,0,0,59,6470,0,0,0,0,0,0,0,0,0,0,0,4394,5231,7614,23717,9220,10081,TCGA-LL-A73Y-DX1_xmin68117_ymin49445_MPP-0.2500+24
0,0,0,0,0,0,36267,3238,0,0,0,25,126,0,0,0,0,0,0,0,0,0,0,0,10520,0,0,0,0,0,0,36421,3084,0,0,0,26,125,0,0,0,0,0,0,0,0,0,0,0,10520,0,0,0,0,0,0,36237,3268,0,0,0,12,139,0,0,0,0,0,0,0,0,0,0,0,10520,6326,124,31005,2201,6278,TCGA-LL-A73Y-DX1_xmin68117_ymin49445_MPP-0.2500+25
0,0,0,0,0,0,45899,3920,0,0,0,0,357,0,0,0,0,0,0,0,0,0,0,0,0,0,0,0,0,0,0,46004,3815,0,0,0,0,357,0,0,0,0,0,0,0,0,0,0,0,0,0,0,0,0,0,0,45944,3875,0,0,0,0,357,0,0,0,0,0,0,0,0,0,0,0,0,7365,674,39272,2865,8748,TCGA-LL-A73Y-DX1_xmin68117_ymin49445_MPP-0.2500+26
0,0,0,0,0,0,5209,3186,0,0,0,148,41633,0,0,0,0,0,0,0,0,0,0,0,0,0,0,0,0,0,0,5389,3006,0,0,0,250,41531,0,0,0,0,0,0,0,0,0,0,0,0,0,0,0,0,0,0,5483,2912,0,0,0,457,41324,0,0,0,0,0,0,0,0,0,0,0,0,9868,2747,33190,4371,14533,TCGA-LL-A73Y-DX1_xmin68117_ymin49445_MPP-0.2500+27
0,0,0,0,0,0,0,0,0,0,0,0,50176,0,0,0,0,0,0,0,0,0,0,0,0,0,0,0,0,0,0,0,0,0,0,0,0,50176,0,0,0,0,0,0,0,0,0,0,0,0,0,0,0,0,0,0,0,0,0,0,0,0,50176,0,0,0,0,0,0,0,0,0,0,0,0,12136,0,38040,0,13594,TCGA-LL-A73Y-DX1_xmin68117_ymin49445_MPP-0.2500+28
0,0,0,0,0,0,0,0,0,0,16,0,50160,0,0,0,0,0,0,0,0,0,0,0,0,0,0,0,0,0,0,0,0,0,0,0,0,50176,0,0,0,0,0,0,0,0,0,0,0,0,0,0,0,0,0,0,0,0,0,0,0,0,50176,0,0,0,0,0,0,0,0,0,0,0,0,9182,0,40619,375,11114,TCGA-LL-A73Y-DX1_xmin68117_ymin49445_MPP-0.2500+29
0,0,0,0,0,0,37997,7553,0,0,0,2044,35,0,0,0,0,0,0,0,0,0,0,0,2547,0,0,0,0,0,0,39209,6341,0,0,0,2048,31,0,0,0,0,0,0,0,0,0,0,0,2547,0,0,0,0,0,0,38415,7135,0,0,0,2057,22,0,0,0,0,0,0,0,0,0,0,0,2547,8823,58,34319,4429,11379,TCGA-LL-A73Y-DX1_xmin68117_ymin49445_MPP-0.2500+3
0,0,0,0,0,0,26567,9869,0,0,0,57,3228,0,0,0,0,0,0,0,0,0,0,0,10455,0,0,0,0,0,0,27700,8736,0,0,0,71,3214,0,0,0,0,0,0,0,0,0,0,0,10455,0,0,0,0,0,0,29865,6571,0,0,0,175,3110,0,0,0,0,0,0,0,0,0,0,0,10455,3361,1576,29775,5009,5466,TCGA-LL-A73Y-DX1_xmin68117_ymin49445_MPP-0.2500+30
0,0,0,0,0,0,15003,11582,0,0,0,144,5394,0,0,0,0,0,0,0,0,0,0,0,18053,0,0,0,0,0,0,15231,11354,0,0,0,159,5379,0,0,0,0,0,0,0,0,0,0,0,18053,0,0,0,0,0,0,14737,11848,0,0,0,166,5372,0,0,0,0,0,0,0,0,0,0,0,18053,3055,3894,16074,9100,8568,TCGA-LL-A73Y-DX1_xmin68117_ymin49445_MPP-0.2500+31
0,0,0,0,0,2096,0,20407,0,0,0,0,27673,0,0,0,0,0,0,0,0,0,0,0,0,0,0,0,0,0,2096,0,20407,0,0,0,0,27673,0,0,0,0,0,0,0,0,0,0,0,0,0,0,0,0,0,2160,0,20343,0,0,0,0,27673,0,0,0,0,0,0,0,0,0,0,0,0,6771,5127,32053,6225,13101,TCGA-LL-A73Y-DX1_xmin68117_ymin49445_MPP-0.2500+32
0,0,0,0,0,0,0,0,0,0,16,0,50160,0,0,0,0,0,0,0,0,0,0,0,0,0,0,0,0,0,0,0,0,0,0,16,0,50160,0,0,0,0,0,0,0,0,0,0,0,0,0,0,0,0,0,0,0,0,0,0,0,0,50176,0,0,0,0,0,0,0,0,0,0,0,0,8679,0,40596,901,9701,TCGA-LL-A73Y-DX1_xmin68117_ymin49445_MPP-0.2500+33
3572,0,3734,0,0,152,0,1395,0,0,4,0,39514,0,0,0,0,0,0,0,0,0,0,0,1805,3552,0,3754,0,0,48,0,1499,0,0,0,0,39518,0,0,0,0,0,0,0,0,0,0,0,1805,3561,0,3745,0,0,102,0,1445,0,0,1,0,39517,0,0,0,0,0,0,0,0,0,0,0,1805,13064,375,29000,5932,12037,TCGA-LL-A73Y-DX1_xmin68117_ymin49445_MPP-0.2500+34
1360,0,5202,0,0,0,0,1341,0,0,0,0,42273,0,0,0,0,0,0,0,0,0,0,0,0,1296,0,5266,0,0,0,0,1341,0,0,0,0,42273,0,0,0,0,0,0,0,0,0,0,0,0,1232,0,5330,0,0,0,0,1341,0,0,0,0,42273,0,0,0,0,0,0,0,0,0,0,0,0,11225,1058,33472,4421,11229,TCGA-LL-A73Y-DX1_xmin68117_ymin49445_MPP-0.2500+35
0,0,0,0,0,0,29289,12085,0,0,0,2649,3442,0,0,0,0,0,0,0,0,0,0,0,2711,0,0,0,0,0,0,31823,9551,0,0,0,2916,3175,0,0,0,0,0,0,0,0,0,0,0,2711,0,0,0,0,0,0,28973,12401,0,0,0,2473,3618,0,0,0,0,0,0,0,0,0,0,0,2711,3509,1964,33345,8647,9128,TCGA-LL-A73Y-DX1_xmin68117_ymin49445_MPP-0.2500+36
0,0,0,0,0,0,9334,3905,0,0,0,947,35990,0,0,0,0,0,0,0,0,0,0,0,0,0,0,0,0,0,0,9298,3941,0,0,0,906,36031,0,0,0,0,0,0,0,0,0,0,0,0,0,0,0,0,0,0,9313,3926,0,0,0,1045,35892,0,0,0,0,0,0,0,0,0,0,0,0,7363,2350,35615,4848,9029,TCGA-LL-A73Y-DX1_xmin68117_ymin49445_MPP-0.2500+37
0,0,0,0,0,0,0,0,0,0,0,0,50176,0,0,0,0,0,0,0,0,0,0,0,0,0,0,0,0,0,0,0,0,0,0,0,0,50176,0,0,0,0,0,0,0,0,0,0,0,0,0,0,0,0,0,0,0,0,0,0,0,0,50176,0,0,0,0,0,0,0,0,0,0,0,0,14550,0,35058,568,11110,TCGA-LL-A73Y-DX1_xmin68117_ymin49445_MPP-0.2500+38
0,0,0,0,0,0,0,870,0,0,0,0,47379,0,0,0,0,0,0,0,0,0,0,0,1927,0,0,0,0,0,0,0,870,0,0,0,0,47379,0,0,0,0,0,0,0,0,0,0,0,1927,0,0,0,0,0,0,0,870,0,0,0,0,47379,0,0,0,0,0,0,0,0,0,0,0,1927,10530,515,36124,1080,9419,TCGA-LL-A73Y-DX1_xmin68117_ymin49445_MPP-0.2500+39
0,0,0,0,0,0,50176,0,0,0,0,0,0,0,0,0,0,0,0,0,0,0,0,0,0,0,0,0,0,0,0,50176,0,0,0,0,0,0,0,0,0,0,0,0,0,0,0,0,0,0,0,0,0,0,0,0,50176,0,0,0,0,0,0,0,0,0,0,0,0,0,0,0,0,0,0,6243,0,43933,0,5086,TCGA-LL-A73Y-DX1_xmin68117_ymin49445_MPP-0.2500+4
12624,0,12170,0,0,0,0,2504,0,0,0,0,22878,0,0,0,0,0,0,0,0,0,0,0,0,12432,0,12362,0,0,0,0,2504,0,0,0,0,22878,0,0,0,0,0,0,0,0,0,0,0,0,12240,0,12554,0,0,0,0,2504,0,0,0,0,22878,0,0,0,0,0,0,0,0,0,0,0,0,7607,905,36755,4909,10750,TCGA-LL-A73Y-DX1_xmin68117_ymin49445_MPP-0.2500+40
34261,0,4571,0,0,557,0,2186,0,0,750,0,7851,0,0,0,0,0,0,0,0,0,0,0,0,34381,0,4451,0,0,555,0,2188,0,0,809,0,7792,0,0,0,0,0,0,0,0,0,0,0,0,34478,0,4354,0,0,551,0,2192,0,0,1014,0,7587,0,0,0,0,0,0,0,0,0,0,0,0,5867,1983,35859,6467,11857,TCGA-LL-A73Y-DX1_xmin68117_ymin49445_MPP-0.2500+41
0,0,0,0,0,0,9319,9089,0,0,0,2325,14172,0,0,0,0,0,0,0,0,0,0,0,15271,0,0,0,0,0,0,9581,8827,0,0,0,2236,14261,0,0,0,0,0,0,0,0,0,0,0,15271,0,0,0,0,0,0,10141,8267,0,0,0,2194,14303,0,0,0,0,0,0,0,0,0,0,0,15271,3554,3017,17764,10570,8798,TCGA-LL-A73Y-DX1_xmin68117_ymin49445_MPP-0.2500+42
0,0,0,0,0,16,0,377,0,0,0,0,49783,0,0,0,0,0,0,0,0,0,0,0,0,0,0,0,0,0,16,0,377,0,0,0,0,49783,0,0,0,0,0,0,0,0,0,0,0,0,0,0,0,0,0,16,0,377,0,0,0,0,49783,0,0,0,0,0,0,0,0,0,0,0,0,5066,0,44182,928,5225,TCGA-LL-A73Y-DX1_xmin68117_ymin49445_MPP-0.2500+43
0,0,0,0,0,0,0,0,0,0,0,0,50176,0,0,0,0,0,0,0,0,0,0,0,0,0,0,0,0,0,0,0,0,0,0,0,0,50176,0,0,0,0,0,0,0,0,0,0,0,0,0,0,0,0,0,0,0,0,0,0,0,0,50176,0,0,0,0,0,0,0,0,0,0,0,0,6474,0,43702,0,6510,TCGA-LL-A73Y-DX1_xmin68117_ymin49445_MPP-0.2500+44
336,0,1028,0,0,0,0,4418,0,0,0,0,44394,0,0,0,0,0,0,0,0,0,0,0,0,336,0,1028,0,0,0,0,4418,0,0,0,0,44394,0,0,0,0,0,0,0,0,0,0,0,0,336,0,1028,0,0,0,0,4418,0,0,0,0,44394,0,0,0,0,0,0,0,0,0,0,0,0,11957,696,31527,5996,12400,TCGA-LL-A73Y-DX1_xmin68117_ymin49445_MPP-0.2500+45
3172,0,3894,0,0,236,0,3451,0,0,0,0,38033,0,0,0,0,0,0,0,0,0,0,0,1390,3012,0,4054,0,0,140,0,3547,0,0,0,0,38033,0,0,0,0,0,0,0,0,0,0,0,1390,3108,0,3958,0,0,140,0,3547,0,0,0,0,38033,0,0,0,0,0,0,0,0,0,0,0,1390,12306,774,32615,3091,12423,TCGA-LL-A73Y-DX1_xmin68117_ymin49445_MPP-0.2500+46
0,0,5761,0,0,0,0,2742,0,0,0,0,40831,0,0,0,0,0,0,0,0,0,0,0,842,0,0,5761,0,0,0,0,2742,0,0,0,0,40831,0,0,0,0,0,0,0,0,0,0,0,842,0,0,5761,0,0,0,0,2742,0,0,0,0,40831,0,0,0,0,0,0,0,0,0,0,0,842,13760,906,30752,3916,14717,TCGA-LL-A73Y-DX1_xmin68117_ymin49445_MPP-0.2500+47
1,2106,0,0,0,0,36995,7943,0,0,0,82,173,0,0,0,0,0,0,0,0,0,0,0,2876,240,1867,0,0,0,0,37291,7647,0,0,0,85,170,0,0,0,0,0,0,0,0,0,0,0,2876,240,1867,0,0,0,0,35343,9595,0,0,0,68,187,0,0,0,0,0,0,0,0,0,0,0,2876,6932,769,34249,5350,12461,TCGA-LL-A73Y-DX1_xmin68117_ymin49445_MPP-0.2500+5
13352,1010,5,0,0,5471,10879,2323,0,0,106,5836,5882,0,0,0,0,0,0,0,0,0,0,0,5312,13353,1012,2,0,0,5240,11761,1672,0,0,134,6452,5238,0,0,0,0,0,0,0,0,0,0,0,5312,13339,1028,0,0,0,4900,12179,1594,0,0,123,6468,5233,0,0,0,0,0,0,0,0,0,0,0,5312,4742,3622,22746,13754,10245,TCGA-LL-A73Y-DX1_xmin68117_ymin49445_MPP-0.2500+6
29154,3478,0,0,0,6585,5902,0,0,0,2316,2741,0,0,0,0,0,0,0,0,0,0,0,0,0,29145,3487,0,0,0,6520,5967,0,0,0,2059,2998,0,0,0,0,0,0,0,0,0,0,0,0,0,29135,3497,0,0,0,6166,6321,0,0,0,1758,3299,0,0,0,0,0,0,0,0,0,0,0,0,0,1282,3942,33700,11252,10849,TCGA-LL-A73Y-DX1_xmin68117_ymin49445_MPP-0.2500+7
0,4889,0,0,0,0,45287,0,0,0,0,0,0,0,0,0,0,0,0,0,0,0,0,0,0,0,4889,0,0,0,0,45287,0,0,0,0,0,0,0,0,0,0,0,0,0,0,0,0,0,0,0,4889,0,0,0,0,45287,0,0,0,0,0,0,0,0,0,0,0,0,0,0,0,0,0,0,6381,812,38225,4758,10252,TCGA-LL-A73Y-DX1_xmin68117_ymin49445_MPP-0.2500+8
0,0,0,0,0,0,35745,14431,0,0,0,0,0,0,0,0,0,0,0,0,0,0,0,0,0,0,0,0,0,0,0,38087,12089,0,0,0,0,0,0,0,0,0,0,0,0,0,0,0,0,0,0,0,0,0,0,0,39466,10710,0,0,0,0,0,0,0,0,0,0,0,0,0,0,0,0,0,9603,0,39351,1222,8804,TCGA-LL-A73Y-DX1_xmin68117_ymin49445_MPP-0.2500+9
0,0,0,0,0,0,26036,2841,0,0,0,5701,15598,0,0,0,0,0,0,0,0,0,0,0,0,0,0,0,0,0,0,26446,2431,0,0,0,6103,15196,0,0,0,0,0,0,0,0,0,0,0,0,0,0,0,0,0,0,27122,1755,0,0,0,6948,14351,0,0,0,0,0,0,0,0,0,0,0,0,6891,1474,32835,8976,12376,TCGA-LL-A740-DX1_xmin39436_ymin24080_MPP-0.2500+0
0,0,0,0,0,7136,0,10330,0,0,0,0,32710,0,0,0,0,0,0,0,0,0,0,0,0,0,0,0,0,0,7120,0,10346,0,0,0,0,32710,0,0,0,0,0,0,0,0,0,0,0,0,0,0,0,0,0,7120,0,10346,0,0,0,0,32710,0,0,0,0,0,0,0,0,0,0,0,0,10778,3425,26331,9642,14803,TCGA-LL-A740-DX1_xmin39436_ymin24080_MPP-0.2500+1
50176,0,0,0,0,0,0,0,0,0,0,0,0,0,0,0,0,0,0,0,0,0,0,0,0,50176,0,0,0,0,0,0,0,0,0,0,0,0,0,0,0,0,0,0,0,0,0,0,0,0,50176,0,0,0,0,0,0,0,0,0,0,0,0,0,0,0,0,0,0,0,0,0,0,0,0,165,0,50011,0,30,TCGA-LL-A740-DX1_xmin39436_ymin24080_MPP-0.2500+10
0,0,0,0,0,0,40139,0,0,0,0,0,0,0,0,0,0,0,0,0,0,0,0,0,10037,0,0,0,0,0,0,40139,0,0,0,0,0,0,0,0,0,0,0,0,0,0,0,0,0,10037,0,0,0,0,0,0,40139,0,0,0,0,0,0,0,0,0,0,0,0,0,0,0,0,0,10037,2553,77,37174,335,4092,TCGA-LL-A740-DX1_xmin39436_ymin24080_MPP-0.2500+100
0,0,0,0,0,0,22919,0,0,0,0,0,0,0,0,0,0,0,0,0,0,0,0,0,27257,0,0,0,0,0,0,22919,0,0,0,0,0,0,0,0,0,0,0,0,0,0,0,0,0,27257,0,0,0,0,0,0,22919,0,0,0,0,0,0,0,0,0,0,0,0,0,0,0,0,0,27257,1969,0,20304,646,3482,TCGA-LL-A740-DX1_xmin39436_ymin24080_MPP-0.2500+101
0,0,0,0,0,0,34932,0,0,0,0,0,0,0,0,0,0,0,0,0,0,0,0,0,15244,0,0,0,0,0,0,34932,0,0,0,0,0,0,0,0,0,0,0,0,0,0,0,0,0,15244,0,0,0,0,0,0,34932,0,0,0,0,0,0,0,0,0,0,0,0,0,0,0,0,0,15244,2202,0,32730,0,2579,TCGA-LL-A740-DX1_xmin39436_ymin24080_MPP-0.2500+102
0,0,0,0,0,0,50176,0,0,0,0,0,0,0,0,0,0,0,0,0,0,0,0,0,0,0,0,0,0,0,0,50176,0,0,0,0,0,0,0,0,0,0,0,0,0,0,0,0,0,0,0,0,0,0,0,0,50176,0,0,0,0,0,0,0,0,0,0,0,0,0,0,0,0,0,0,854,0,49322,0,5428,TCGA-LL-A740-DX1_xmin39436_ymin24080_MPP-0.2500+103
0,0,0,0,0,0,46248,0,0,0,0,0,0,0,0,0,0,0,0,0,0,0,0,0,3928,0,0,0,0,0,0,46248,0,0,0,0,0,0,0,0,0,0,0,0,0,0,0,0,0,3928,0,0,0,0,0,0,46248,0,0,0,0,0,0,0,0,0,0,0,0,0,0,0,0,0,3928,2261,0,43987,0,2501,TCGA-LL-A740-DX1_xmin39436_ymin24080_MPP-0.2500+104
0,0,0,0,0,2144,47645,0,0,0,0,0,0,0,0,0,0,0,0,0,0,0,0,0,387,0,0,0,0,0,896,28380,0,20513,0,0,0,0,0,0,0,0,0,0,0,0,0,0,0,387,0,0,0,0,0,7424,42365,0,0,0,0,0,0,0,0,0,0,0,0,0,0,0,0,0,387,2327,679,9094,37689,24454,TCGA-LL-A740-DX1_xmin39436_ymin24080_MPP-0.2500+105
0,0,0,0,0,39650,10526,0,0,0,0,0,0,0,0,0,0,0,0,0,0,0,0,0,0,0,0,0,0,0,39793,10383,0,0,0,0,0,0,0,0,0,0,0,0,0,0,0,0,0,0,0,0,0,0,0,39397,10779,0,0,0,0,0,0,0,0,0,0,0,0,0,0,0,0,0,0,1624,2799,6497,39256,11265,TCGA-LL-A740-DX1_xmin39436_ymin24080_MPP-0.2500+106
11128,0,0,0,0,39048,0,0,0,0,0,0,0,0,0,0,0,0,0,0,0,0,0,0,0,11128,0,0,0,0,39048,0,0,0,0,0,0,0,0,0,0,0,0,0,0,0,0,0,0,0,11128,0,0,0,0,39048,0,0,0,0,0,0,0,0,0,0,0,0,0,0,0,0,0,0,0,346,3373,11360,35097,10860,TCGA-LL-A740-DX1_xmin39436_ymin24080_MPP-0.2500+107
8513,0,0,0,0,41663,0,0,0,0,0,0,0,0,0,0,0,0,0,0,0,0,0,0,0,8513,0,0,0,0,41663,0,0,0,0,0,0,0,0,0,0,0,0,0,0,0,0,0,0,0,8513,0,0,0,0,41663,0,0,0,0,0,0,0,0,0,0,0,0,0,0,0,0,0,0,0,556,2806,12294,34520,12712,TCGA-LL-A740-DX1_xmin39436_ymin24080_MPP-0.2500+108
27970,0,0,0,0,22206,0,0,0,0,0,0,0,0,0,0,0,0,0,0,0,0,0,0,0,27970,0,0,0,0,22206,0,0,0,0,0,0,0,0,0,0,0,0,0,0,0,0,0,0,0,27970,0,0,0,0,22206,0,0,0,0,0,0,0,0,0,0,0,0,0,0,0,0,0,0,0,1697,2312,27422,18745,5887,TCGA-LL-A740-DX1_xmin39436_ymin24080_MPP-0.2500+109
0,0,0,0,0,0,11131,1197,0,0,0,712,37136,0,0,0,0,0,0,0,0,0,0,0,0,0,0,0,0,0,0,11325,1003,0,0,0,741,37107,0,0,0,0,0,0,0,0,0,0,0,0,0,0,0,0,0,0,11398,930,0,0,0,812,37036,0,0,0,0,0,0,0,0,0,0,0,0,9561,1863,37847,905,12276,TCGA-LL-A740-DX1_xmin39436_ymin24080_MPP-0.2500+11
0,0,0,0,0,0,50176,0,0,0,0,0,0,0,0,0,0,0,0,0,0,0,0,0,0,0,0,0,0,0,0,50176,0,0,0,0,0,0,0,0,0,0,0,0,0,0,0,0,0,0,0,0,0,0,0,0,50176,0,0,0,0,0,0,0,0,0,0,0,0,0,0,0,0,0,0,1386,0,48790,0,2834,TCGA-LL-A740-DX1_xmin39436_ymin24080_MPP-0.2500+110
0,0,0,0,0,0,50087,0,0,0,0,0,0,0,0,0,0,0,0,0,0,0,0,0,89,0,0,0,0,0,0,50087,0,0,0,0,0,0,0,0,0,0,0,0,0,0,0,0,0,89,0,0,0,0,0,0,50087,0,0,0,0,0,0,0,0,0,0,0,0,0,0,0,0,0,89,7903,0,42184,0,6621,TCGA-LL-A740-DX1_xmin39436_ymin24080_MPP-0.2500+111
0,0,0,0,0,0,50176,0,0,0,0,0,0,0,0,0,0,0,0,0,0,0,0,0,0,0,0,0,0,0,0,50176,0,0,0,0,0,0,0,0,0,0,0,0,0,0,0,0,0,0,0,0,0,0,0,0,50176,0,0,0,0,0,0,0,0,0,0,0,0,0,0,0,0,0,0,1592,0,48584,0,4258,TCGA-LL-A740-DX1_xmin39436_ymin24080_MPP-0.2500+112
0,0,0,0,0,0,50176,0,0,0,0,0,0,0,0,0,0,0,0,0,0,0,0,0,0,0,0,0,0,0,0,50176,0,0,0,0,0,0,0,0,0,0,0,0,0,0,0,0,0,0,0,0,0,0,0,0,50176,0,0,0,0,0,0,0,0,0,0,0,0,0,0,0,0,0,0,2202,0,47974,0,5211,TCGA-LL-A740-DX1_xmin39436_ymin24080_MPP-0.2500+113
0,0,0,0,0,0,50176,0,0,0,0,0,0,0,0,0,0,0,0,0,0,0,0,0,0,0,0,0,0,0,0,50176,0,0,0,0,0,0,0,0,0,0,0,0,0,0,0,0,0,0,0,0,0,0,0,0,50176,0,0,0,0,0,0,0,0,0,0,0,0,0,0,0,0,0,0,2939,0,47237,0,3222,TCGA-LL-A740-DX1_xmin39436_ymin24080_MPP-0.2500+114
0,0,0,0,0,0,46381,0,0,0,0,0,0,0,0,0,0,0,0,0,0,0,0,0,3795,0,0,0,0,0,0,46381,0,0,0,0,0,0,0,0,0,0,0,0,0,0,0,0,0,3795,0,0,0,0,0,0,46381,0,0,0,0,0,0,0,0,0,0,0,0,0,0,0,0,0,3795,1365,0,45013,3,2072,TCGA-LL-A740-DX1_xmin39436_ymin24080_MPP-0.2500+115
0,0,0,0,0,30287,19889,0,0,0,0,0,0,0,0,0,0,0,0,0,0,0,0,0,0,0,0,0,0,0,31069,19107,0,0,0,0,0,0,0,0,0,0,0,0,0,0,0,0,0,0,0,0,0,0,0,29853,20323,0,0,0,0,0,0,0,0,0,0,0,0,0,0,0,0,0,0,574,630,16419,32553,19953,TCGA-LL-A740-DX1_xmin39436_ymin24080_MPP-0.2500+116
0,0,0,0,0,50176,0,0,0,0,0,0,0,0,0,0,0,0,0,0,0,0,0,0,0,0,0,0,0,0,50176,0,0,0,0,0,0,0,0,0,0,0,0,0,0,0,0,0,0,0,0,0,0,0,0,50176,0,0,0,0,0,0,0,0,0,0,0,0,0,0,0,0,0,0,0,0,6909,1140,42127,16718,TCGA-LL-A740-DX1_xmin39436_ymin24080_MPP-0.2500+117
25934,0,0,0,0,24242,0,0,0,0,0,0,0,0,0,0,0,0,0,0,0,0,0,0,0,25934,0,0,0,0,24242,0,0,0,0,0,0,0,0,0,0,0,0,0,0,0,0,0,0,0,25934,0,0,0,0,24242,0,0,0,0,0,0,0,0,0,0,0,0,0,0,0,0,0,0,0,509,1186,26264,22217,7747,TCGA-LL-A740-DX1_xmin39436_ymin24080_MPP-0.2500+118
19470,0,0,0,0,30706,0,0,0,0,0,0,0,0,0,0,0,0,0,0,0,0,0,0,0,19470,0,0,0,0,30706,0,0,0,0,0,0,0,0,0,0,0,0,0,0,0,0,0,0,0,19470,0,0,0,0,30706,0,0,0,0,0,0,0,0,0,0,0,0,0,0,0,0,0,0,0,2530,2485,21406,23755,7824,TCGA-LL-A740-DX1_xmin39436_ymin24080_MPP-0.2500+119
0,0,0,0,0,0,0,4558,0,0,0,0,37266,0,0,0,0,0,0,0,0,0,0,0,8352,0,0,0,0,0,0,0,4558,0,0,0,0,37266,0,0,0,0,0,0,0,0,0,0,0,8352,0,0,0,0,0,0,0,4558,0,0,0,0,37266,0,0,0,0,0,0,0,0,0,0,0,8352,6540,318,30294,4672,10202,TCGA-LL-A740-DX1_xmin39436_ymin24080_MPP-0.2500+12
7298,0,0,0,0,42878,0,0,0,0,0,0,0,0,0,0,0,0,0,0,0,0,0,0,0,7298,0,0,0,0,42878,0,0,0,0,0,0,0,0,0,0,0,0,0,0,0,0,0,0,0,7298,0,0,0,0,42878,0,0,0,0,0,0,0,0,0,0,0,0,0,0,0,0,0,0,0,33,3832,7897,38414,12287,TCGA-LL-A740-DX1_xmin39436_ymin24080_MPP-0.2500+120
0,0,0,0,0,0,3628,3228,0,0,0,5150,37713,0,0,0,0,0,0,0,0,0,0,0,457,0,0,0,0,0,0,3909,2947,0,0,0,5327,37536,0,0,0,0,0,0,0,0,0,0,0,457,0,0,0,0,0,0,4009,2847,0,0,0,5961,36902,0,0,0,0,0,0,0,0,0,0,0,457,10193,3953,31131,4442,11822,TCGA-LL-A740-DX1_xmin39436_ymin24080_MPP-0.2500+13
0,0,0,0,0,0,31556,1501,0,0,0,4120,12999,0,0,0,0,0,0,0,0,0,0,0,0,0,0,0,0,0,0,31796,1261,0,0,0,4160,12959,0,0,0,0,0,0,0,0,0,0,0,0,0,0,0,0,0,0,31927,1130,0,0,0,4212,12907,0,0,0,0,0,0,0,0,0,0,0,0,3763,2342,41022,3049,5926,TCGA-LL-A740-DX1_xmin39436_ymin24080_MPP-0.2500+14
0,0,0,0,0,0,50176,0,0,0,0,0,0,0,0,0,0,0,0,0,0,0,0,0,0,0,0,0,0,0,0,50176,0,0,0,0,0,0,0,0,0,0,0,0,0,0,0,0,0,0,0,0,0,0,0,0,50176,0,0,0,0,0,0,0,0,0,0,0,0,0,0,0,0,0,0,2706,0,44973,2497,3156,TCGA-LL-A740-DX1_xmin39436_ymin24080_MPP-0.2500+15
0,0,0,0,0,0,50176,0,0,0,0,0,0,0,0,0,0,0,0,0,0,0,0,0,0,0,0,0,0,0,0,50176,0,0,0,0,0,0,0,0,0,0,0,0,0,0,0,0,0,0,0,0,0,0,0,0,50176,0,0,0,0,0,0,0,0,0,0,0,0,0,0,0,0,0,0,1058,0,48981,137,5844,TCGA-LL-A740-DX1_xmin39436_ymin24080_MPP-0.2500+16
0,0,0,0,0,0,29727,0,0,0,0,0,0,0,0,0,0,0,0,0,0,0,0,0,20449,0,0,0,0,0,0,29727,0,0,0,0,0,0,0,0,0,0,0,0,0,0,0,0,0,20449,0,0,0,0,0,0,29727,0,0,0,0,0,0,0,0,0,0,0,0,0,0,0,0,0,20449,562,0,29165,0,6226,TCGA-LL-A740-DX1_xmin39436_ymin24080_MPP-0.2500+17
0,0,0,0,0,7467,32074,0,0,0,0,0,0,0,0,0,0,0,0,0,0,0,0,0,10635,0,0,0,0,0,7446,32095,0,0,0,0,0,0,0,0,0,0,0,0,0,0,0,0,0,10635,0,0,0,0,0,7702,31839,0,0,0,0,0,0,0,0,0,0,0,0,0,0,0,0,0,10635,1903,381,32330,4927,3920,TCGA-LL-A740-DX1_xmin39436_ymin24080_MPP-0.2500+18
28480,3830,0,0,0,14793,3073,0,0,0,0,0,0,0,0,0,0,0,0,0,0,0,0,0,0,28496,3814,0,0,0,15242,2624,0,0,0,0,0,0,0,0,0,0,0,0,0,0,0,0,0,0,28089,4221,0,0,0,15065,2801,0,0,0,0,0,0,0,0,0,0,0,0,0,0,0,0,0,0,1419,1729,30343,16685,13514,TCGA-LL-A740-DX1_xmin39436_ymin24080_MPP-0.2500+19
0,0,0,0,0,0,0,2823,0,0,0,0,47353,0,0,0,0,0,0,0,0,0,0,0,0,0,0,0,0,0,0,0,2823,0,0,0,0,47353,0,0,0,0,0,0,0,0,0,0,0,0,0,0,0,0,0,0,0,2823,0,0,0,0,47353,0,0,0,0,0,0,0,0,0,0,0,0,11263,233,33651,5029,12507,TCGA-LL-A740-DX1_xmin39436_ymin24080_MPP-0.2500+2
50176,0,0,0,0,0,0,0,0,0,0,0,0,0,0,0,0,0,0,0,0,0,0,0,0,50176,0,0,0,0,0,0,0,0,0,0,0,0,0,0,0,0,0,0,0,0,0,0,0,0,50176,0,0,0,0,0,0,0,0,0,0,0,0,0,0,0,0,0,0,0,0,0,0,0,0,3073,0,47103,0,3470,TCGA-LL-A740-DX1_xmin39436_ymin24080_MPP-0.2500+20
50176,0,0,0,0,0,0,0,0,0,0,0,0,0,0,0,0,0,0,0,0,0,0,0,0,50176,0,0,0,0,0,0,0,0,0,0,0,0,0,0,0,0,0,0,0,0,0,0,0,0,50176,0,0,0,0,0,0,0,0,0,0,0,0,0,0,0,0,0,0,0,0,0,0,0,0,924,0,49252,0,1240,TCGA-LL-A740-DX1_xmin39436_ymin24080_MPP-0.2500+21
0,0,0,0,0,0,0,959,0,0,0,0,49217,0,0,0,0,0,0,0,0,0,0,0,0,0,0,0,0,0,0,0,959,0,0,0,0,49217,0,0,0,0,0,0,0,0,0,0,0,0,0,0,0,0,0,0,0,959,0,0,0,0,49217,0,0,0,0,0,0,0,0,0,0,0,0,10634,111,35893,3538,14274,TCGA-LL-A740-DX1_xmin39436_ymin24080_MPP-0.2500+22
0,0,0,0,0,0,985,100,0,0,0,11202,35155,0,0,0,0,0,0,0,0,0,0,0,2734,0,0,0,0,0,0,958,127,0,0,0,13042,33315,0,0,0,0,0,0,0,0,0,0,0,2734,0,0,0,0,0,0,961,124,0,0,0,14202,32155,0,0,0,0,0,0,0,0,0,0,0,2734,18969,0,18981,9492,19641,TCGA-LL-A740-DX1_xmin39436_ymin24080_MPP-0.2500+23
0,0,0,0,0,0,8803,7290,0,0,0,9614,20656,0,0,0,0,0,0,0,0,0,0,0,3813,0,0,0,0,0,0,9321,6772,0,0,0,10320,19950,0,0,0,0,0,0,0,0,0,0,0,3813,0,0,0,0,0,0,9848,6245,0,0,0,10975,19295,0,0,0,0,0,0,0,0,0,0,0,3813,11906,3121,20453,10883,13590,TCGA-LL-A740-DX1_xmin39436_ymin24080_MPP-0.2500+24
0,0,0,0,0,0,45141,0,0,0,0,5035,0,0,0,0,0,0,0,0,0,0,0,0,0,0,0,0,0,0,0,45141,0,0,0,0,5035,0,0,0,0,0,0,0,0,0,0,0,0,0,0,0,0,0,0,0,45141,0,0,0,0,5035,0,0,0,0,0,0,0,0,0,0,0,0,0,6561,859,38661,4095,5922,TCGA-LL-A740-DX1_xmin39436_ymin24080_MPP-0.2500+25
0,0,0,0,0,0,50176,0,0,0,0,0,0,0,0,0,0,0,0,0,0,0,0,0,0,0,0,0,0,0,0,50176,0,0,0,0,0,0,0,0,0,0,0,0,0,0,0,0,0,0,0,0,0,0,0,0,50176,0,0,0,0,0,0,0,0,0,0,0,0,0,0,0,0,0,0,4321,0,45855,0,1921,TCGA-LL-A740-DX1_xmin39436_ymin24080_MPP-0.2500+26
0,0,0,0,0,0,48866,0,0,0,0,0,0,0,0,0,0,0,0,0,0,0,0,0,1310,0,0,0,0,0,0,48866,0,0,0,0,0,0,0,0,0,0,0,0,0,0,0,0,0,1310,0,0,0,0,0,0,48866,0,0,0,0,0,0,0,0,0,0,0,0,0,0,0,0,0,1310,3266,0,45600,0,3307,TCGA-LL-A740-DX1_xmin39436_ymin24080_MPP-0.2500+27
0,0,0,0,0,0,46182,0,0,0,0,0,0,0,0,0,0,0,0,0,0,0,0,0,3994,0,0,0,0,0,0,46182,0,0,0,0,0,0,0,0,0,0,0,0,0,0,0,0,0,3994,0,0,0,0,0,0,46182,0,0,0,0,0,0,0,0,0,0,0,0,0,0,0,0,0,3994,3446,0,42736,0,5198,TCGA-LL-A740-DX1_xmin39436_ymin24080_MPP-0.2500+28
0,0,0,0,0,19196,30980,0,0,0,0,0,0,0,0,0,0,0,0,0,0,0,0,0,0,0,0,0,0,0,19758,30418,0,0,0,0,0,0,0,0,0,0,0,0,0,0,0,0,0,0,0,0,0,0,0,20357,29819,0,0,0,0,0,0,0,0,0,0,0,0,0,0,0,0,0,0,8934,765,28424,12053,8906,TCGA-LL-A740-DX1_xmin39436_ymin24080_MPP-0.2500+29
0,0,0,0,0,0,39434,60,0,0,0,1765,8917,0,0,0,0,0,0,0,0,0,0,0,0,0,0,0,0,0,0,39490,4,0,0,0,1911,8771,0,0,0,0,0,0,0,0,0,0,0,0,0,0,0,0,0,0,39384,110,0,0,0,1991,8691,0,0,0,0,0,0,0,0,0,0,0,0,3692,234,41407,4843,5811,TCGA-LL-A740-DX1_xmin39436_ymin24080_MPP-0.2500+3
31527,713,0,0,0,3388,14548,0,0,0,0,0,0,0,0,0,0,0,0,0,0,0,0,0,0,31227,1013,0,0,0,3434,14502,0,0,0,0,0,0,0,0,0,0,0,0,0,0,0,0,0,0,30968,1272,0,0,0,3380,14556,0,0,0,0,0,0,0,0,0,0,0,0,0,0,0,0,0,0,3706,650,41860,3960,7057,TCGA-LL-A740-DX1_xmin39436_ymin24080_MPP-0.2500+30
50176,0,0,0,0,0,0,0,0,0,0,0,0,0,0,0,0,0,0,0,0,0,0,0,0,50176,0,0,0,0,0,0,0,0,0,0,0,0,0,0,0,0,0,0,0,0,0,0,0,0,50176,0,0,0,0,0,0,0,0,0,0,0,0,0,0,0,0,0,0,0,0,0,0,0,0,1275,0,48371,530,876,TCGA-LL-A740-DX1_xmin39436_ymin24080_MPP-0.2500+31
50176,0,0,0,0,0,0,0,0,0,0,0,0,0,0,0,0,0,0,0,0,0,0,0,0,50176,0,0,0,0,0,0,0,0,0,0,0,0,0,0,0,0,0,0,0,0,0,0,0,0,50176,0,0,0,0,0,0,0,0,0,0,0,0,0,0,0,0,0,0,0,0,0,0,0,0,2457,0,47719,0,2771,TCGA-LL-A740-DX1_xmin39436_ymin24080_MPP-0.2500+32
0,0,0,0,0,0,20583,0,0,0,0,4714,24879,0,0,0,0,0,0,0,0,0,0,0,0,0,0,0,0,0,0,20583,0,0,0,0,4995,24598,0,0,0,0,0,0,0,0,0,0,0,0,0,0,0,0,0,0,20583,0,0,0,0,5278,24315,0,0,0,0,0,0,0,0,0,0,0,0,10387,1434,23086,15269,16347,TCGA-LL-A740-DX1_xmin39436_ymin24080_MPP-0.2500+33
0,0,0,0,0,0,2077,70,0,0,0,14633,33396,0,0,0,0,0,0,0,0,0,0,0,0,0,0,0,0,0,0,2067,80,0,0,0,15584,32445,0,0,0,0,0,0,0,0,0,0,0,0,0,0,0,0,0,0,2075,72,0,0,0,16015,32014,0,0,0,0,0,0,0,0,0,0,0,0,13734,253,18803,17386,14764,TCGA-LL-A740-DX1_xmin39436_ymin24080_MPP-0.2500+34
0,0,0,0,0,0,37032,0,0,0,0,13144,0,0,0,0,0,0,0,0,0,0,0,0,0,0,0,0,0,0,0,37032,0,0,0,0,13144,0,0,0,0,0,0,0,0,0,0,0,0,0,0,0,0,0,0,0,37032,0,0,0,0,13144,0,0,0,0,0,0,0,0,0,0,0,0,0,9304,378,31387,9107,10076,TCGA-LL-A740-DX1_xmin39436_ymin24080_MPP-0.2500+35
0,0,0,0,0,0,50176,0,0,0,0,0,0,0,0,0,0,0,0,0,0,0,0,0,0,0,0,0,0,0,0,50176,0,0,0,0,0,0,0,0,0,0,0,0,0,0,0,0,0,0,0,0,0,0,0,0,50176,0,0,0,0,0,0,0,0,0,0,0,0,0,0,0,0,0,0,6655,0,43521,0,2786,TCGA-LL-A740-DX1_xmin39436_ymin24080_MPP-0.2500+36
0,0,0,0,0,0,48857,0,0,0,0,0,0,0,0,0,0,0,0,0,0,0,0,0,1319,0,0,0,0,0,0,48857,0,0,0,0,0,0,0,0,0,0,0,0,0,0,0,0,0,1319,0,0,0,0,0,0,48857,0,0,0,0,0,0,0,0,0,0,0,0,0,0,0,0,0,1319,53,0,48804,0,1335,TCGA-LL-A740-DX1_xmin39436_ymin24080_MPP-0.2500+37
0,0,0,0,0,0,49967,0,0,0,0,0,0,0,0,0,0,0,0,0,0,0,0,0,209,0,0,0,0,0,0,49967,0,0,0,0,0,0,0,0,0,0,0,0,0,0,0,0,0,209,0,0,0,0,0,0,49967,0,0,0,0,0,0,0,0,0,0,0,0,0,0,0,0,0,209,1511,0,48456,0,2789,TCGA-LL-A740-DX1_xmin39436_ymin24080_MPP-0.2500+38
0,0,0,0,0,5275,44901,0,0,0,0,0,0,0,0,0,0,0,0,0,0,0,0,0,0,0,0,0,0,0,0,50176,0,0,0,0,0,0,0,0,0,0,0,0,0,0,0,0,0,0,0,0,0,0,0,0,50176,0,0,0,0,0,0,0,0,0,0,0,0,0,0,0,0,0,0,3990,0,46186,0,5284,TCGA-LL-A740-DX1_xmin39436_ymin24080_MPP-0.2500+39
0,0,0,0,0,0,50176,0,0,0,0,0,0,0,0,0,0,0,0,0,0,0,0,0,0,0,0,0,0,0,0,50176,0,0,0,0,0,0,0,0,0,0,0,0,0,0,0,0,0,0,0,0,0,0,0,0,50176,0,0,0,0,0,0,0,0,0,0,0,0,0,0,0,0,0,0,4867,0,45082,227,4445,TCGA-LL-A740-DX1_xmin39436_ymin24080_MPP-0.2500+4
0,0,0,0,0,896,49280,0,0,0,0,0,0,0,0,0,0,0,0,0,0,0,0,0,0,0,0,0,0,0,1632,48544,0,0,0,0,0,0,0,0,0,0,0,0,0,0,0,0,0,0,0,0,0,0,0,1536,48640,0,0,0,0,0,0,0,0,0,0,0,0,0,0,0,0,0,0,1540,3899,7510,37227,21741,TCGA-LL-A740-DX1_xmin39436_ymin24080_MPP-0.2500+40
34137,3776,0,0,0,2974,9289,0,0,0,0,0,0,0,0,0,0,0,0,0,0,0,0,0,0,34118,3795,0,0,0,3358,8905,0,0,0,0,0,0,0,0,0,0,0,0,0,0,0,0,0,0,34037,3876,0,0,0,3120,9143,0,0,0,0,0,0,0,0,0,0,0,0,0,0,0,0,0,0,3304,1428,37763,7681,6723,TCGA-LL-A740-DX1_xmin39436_ymin24080_MPP-0.2500+41
50176,0,0,0,0,0,0,0,0,0,0,0,0,0,0,0,0,0,0,0,0,0,0,0,0,50176,0,0,0,0,0,0,0,0,0,0,0,0,0,0,0,0,0,0,0,0,0,0,0,0,50176,0,0,0,0,0,0,0,0,0,0,0,0,0,0,0,0,0,0,0,0,0,0,0,0,2035,0,48141,0,1205,TCGA-LL-A740-DX1_xmin39436_ymin24080_MPP-0.2500+42
50176,0,0,0,0,0,0,0,0,0,0,0,0,0,0,0,0,0,0,0,0,0,0,0,0,50176,0,0,0,0,0,0,0,0,0,0,0,0,0,0,0,0,0,0,0,0,0,0,0,0,50176,0,0,0,0,0,0,0,0,0,0,0,0,0,0,0,0,0,0,0,0,0,0,0,0,212,0,49964,0,304,TCGA-LL-A740-DX1_xmin39436_ymin24080_MPP-0.2500+43
0,0,0,0,0,0,48280,0,0,0,0,1896,0,0,0,0,0,0,0,0,0,0,0,0,0,0,0,0,0,0,0,48280,0,0,0,0,1896,0,0,0,0,0,0,0,0,0,0,0,0,0,0,0,0,0,0,0,48280,0,0,0,0,1896,0,0,0,0,0,0,0,0,0,0,0,0,0,7809,336,34286,7745,9745,TCGA-LL-A740-DX1_xmin39436_ymin24080_MPP-0.2500+44
0,0,0,0,0,0,44917,0,0,0,0,5259,0,0,0,0,0,0,0,0,0,0,0,0,0,0,0,0,0,0,0,44917,0,0,0,0,5259,0,0,0,0,0,0,0,0,0,0,0,0,0,0,0,0,0,0,0,44917,0,0,0,0,5259,0,0,0,0,0,0,0,0,0,0,0,0,0,8012,755,35461,5948,7135,TCGA-LL-A740-DX1_xmin39436_ymin24080_MPP-0.2500+45
0,0,0,0,0,0,50176,0,0,0,0,0,0,0,0,0,0,0,0,0,0,0,0,0,0,0,0,0,0,0,0,50176,0,0,0,0,0,0,0,0,0,0,0,0,0,0,0,0,0,0,0,0,0,0,0,0,50176,0,0,0,0,0,0,0,0,0,0,0,0,0,0,0,0,0,0,4365,0,44880,931,6116,TCGA-LL-A740-DX1_xmin39436_ymin24080_MPP-0.2500+46
0,0,0,0,0,0,50176,0,0,0,0,0,0,0,0,0,0,0,0,0,0,0,0,0,0,0,0,0,0,0,0,50176,0,0,0,0,0,0,0,0,0,0,0,0,0,0,0,0,0,0,0,0,0,0,0,0,50176,0,0,0,0,0,0,0,0,0,0,0,0,0,0,0,0,0,0,3697,139,45819,521,5674,TCGA-LL-A740-DX1_xmin39436_ymin24080_MPP-0.2500+47
0,0,0,0,0,0,48783,0,0,0,0,0,0,0,0,0,0,0,0,0,0,0,0,0,1393,0,0,0,0,0,0,48783,0,0,0,0,0,0,0,0,0,0,0,0,0,0,0,0,0,1393,0,0,0,0,0,0,48783,0,0,0,0,0,0,0,0,0,0,0,0,0,0,0,0,0,1393,2564,0,46219,0,3223,TCGA-LL-A740-DX1_xmin39436_ymin24080_MPP-0.2500+48
0,0,0,0,0,0,36803,0,0,0,0,0,0,0,0,0,0,0,0,0,0,0,0,0,13373,0,0,0,0,0,0,36803,0,0,0,0,0,0,0,0,0,0,0,0,0,0,0,0,0,13373,0,0,0,0,0,0,36803,0,0,0,0,0,0,0,0,0,0,0,0,0,0,0,0,0,13373,1924,0,34879,0,2479,TCGA-LL-A740-DX1_xmin39436_ymin24080_MPP-0.2500+49
0,0,0,0,0,0,48779,0,0,0,0,0,0,0,0,0,0,0,0,0,0,0,0,0,1397,0,0,0,0,0,0,48779,0,0,0,0,0,0,0,0,0,0,0,0,0,0,0,0,0,1397,0,0,0,0,0,0,48779,0,0,0,0,0,0,0,0,0,0,0,0,0,0,0,0,0,1397,2213,0,46566,0,9178,TCGA-LL-A740-DX1_xmin39436_ymin24080_MPP-0.2500+5
0,0,0,0,0,0,50176,0,0,0,0,0,0,0,0,0,0,0,0,0,0,0,0,0,0,0,0,0,0,0,0,50176,0,0,0,0,0,0,0,0,0,0,0,0,0,0,0,0,0,0,0,0,0,0,0,0,50176,0,0,0,0,0,0,0,0,0,0,0,0,0,0,0,0,0,0,1583,1780,29402,17411,6323,TCGA-LL-A740-DX1_xmin39436_ymin24080_MPP-0.2500+50
0,0,0,0,0,4432,0,0,45744,0,0,0,0,0,0,0,0,0,0,0,0,0,0,0,0,0,0,0,0,0,4864,0,0,45312,0,0,0,0,0,0,0,0,0,0,0,0,0,0,0,0,0,0,0,0,0,4464,0,0,45712,0,0,0,0,0,0,0,0,0,0,0,0,0,0,0,0,0,2358,526,47292,35605,TCGA-LL-A740-DX1_xmin39436_ymin24080_MPP-0.2500+51
21363,0,0,0,0,18031,0,0,10782,0,0,0,0,0,0,0,0,0,0,0,0,0,0,0,0,21363,0,0,0,0,20328,0,0,8485,0,0,0,0,0,0,0,0,0,0,0,0,0,0,0,0,21362,0,0,1,0,18789,0,0,10024,0,0,0,0,0,0,0,0,0,0,0,0,0,0,0,0,750,769,20815,27842,16174,TCGA-LL-A740-DX1_xmin39436_ymin24080_MPP-0.2500+52
50176,0,0,0,0,0,0,0,0,0,0,0,0,0,0,0,0,0,0,0,0,0,0,0,0,50176,0,0,0,0,0,0,0,0,0,0,0,0,0,0,0,0,0,0,0,0,0,0,0,0,50176,0,0,0,0,0,0,0,0,0,0,0,0,0,0,0,0,0,0,0,0,0,0,0,0,1252,0,48514,410,2997,TCGA-LL-A740-DX1_xmin39436_ymin24080_MPP-0.2500+53
49883,0,0,0,0,293,0,0,0,0,0,0,0,0,0,0,0,0,0,0,0,0,0,0,0,49883,0,0,0,0,293,0,0,0,0,0,0,0,0,0,0,0,0,0,0,0,0,0,0,0,49883,0,0,0,0,293,0,0,0,0,0,0,0,0,0,0,0,0,0,0,0,0,0,0,0,1278,86,48605,207,2172,TCGA-LL-A740-DX1_xmin39436_ymin24080_MPP-0.2500+54
0,0,0,0,0,0,43116,0,0,0,0,0,0,0,0,0,0,0,0,0,0,0,0,0,7060,0,0,0,0,0,0,43116,0,0,0,0,0,0,0,0,0,0,0,0,0,0,0,0,0,7060,0,0,0,0,0,0,43116,0,0,0,0,0,0,0,0,0,0,0,0,0,0,0,0,0,7060,5901,10,33562,3643,5878,TCGA-LL-A740-DX1_xmin39436_ymin24080_MPP-0.2500+55
0,0,0,0,0,0,50176,0,0,0,0,0,0,0,0,0,0,0,0,0,0,0,0,0,0,0,0,0,0,0,64,50112,0,0,0,0,0,0,0,0,0,0,0,0,0,0,0,0,0,0,0,0,0,0,0,64,50112,0,0,0,0,0,0,0,0,0,0,0,0,0,0,0,0,0,0,4767,695,41021,3693,6907,TCGA-LL-A740-DX1_xmin39436_ymin24080_MPP-0.2500+56
0,0,0,0,0,0,50176,0,0,0,0,0,0,0,0,0,0,0,0,0,0,0,0,0,0,0,0,0,0,0,0,50176,0,0,0,0,0,0,0,0,0,0,0,0,0,0,0,0,0,0,0,0,0,0,0,0,50176,0,0,0,0,0,0,0,0,0,0,0,0,0,0,0,0,0,0,7857,0,42319,0,5713,TCGA-LL-A740-DX1_xmin39436_ymin24080_MPP-0.2500+57
0,0,0,0,0,0,50176,0,0,0,0,0,0,0,0,0,0,0,0,0,0,0,0,0,0,0,0,0,0,0,4,50172,0,0,0,0,0,0,0,0,0,0,0,0,0,0,0,0,0,0,0,0,0,0,0,0,50176,0,0,0,0,0,0,0,0,0,0,0,0,0,0,0,0,0,0,2141,0,47904,131,5132,TCGA-LL-A740-DX1_xmin39436_ymin24080_MPP-0.2500+58
0,0,0,0,0,0,50176,0,0,0,0,0,0,0,0,0,0,0,0,0,0,0,0,0,0,0,0,0,0,0,0,50176,0,0,0,0,0,0,0,0,0,0,0,0,0,0,0,0,0,0,0,0,0,0,0,0,50176,0,0,0,0,0,0,0,0,0,0,0,0,0,0,0,0,0,0,769,0,49407,0,1946,TCGA-LL-A740-DX1_xmin39436_ymin24080_MPP-0.2500+59
0,0,0,0,0,0,18599,0,0,0,0,0,0,0,0,0,0,0,0,0,0,0,0,0,31577,0,0,0,0,0,0,18599,0,0,0,0,0,0,0,0,0,0,0,0,0,0,0,0,0,31577,0,0,0,0,0,0,18599,0,0,0,0,0,0,0,0,0,0,0,0,0,0,0,0,0,31577,141,0,18458,0,787,TCGA-LL-A740-DX1_xmin39436_ymin24080_MPP-0.2500+6
0,0,0,0,0,0,41753,0,0,0,0,0,0,0,0,0,0,0,0,0,0,0,0,0,8423,0,0,0,0,0,0,41753,0,0,0,0,0,0,0,0,0,0,0,0,0,0,0,0,0,8423,0,0,0,0,0,0,41753,0,0,0,0,0,0,0,0,0,0,0,0,0,0,0,0,0,8423,748,0,41005,0,4066,TCGA-LL-A740-DX1_xmin39436_ymin24080_MPP-0.2500+60
0,0,0,0,0,0,25057,0,25119,0,0,0,0,0,0,0,0,0,0,0,0,0,0,0,0,0,0,0,0,0,0,24731,0,25445,0,0,0,0,0,0,0,0,0,0,0,0,0,0,0,0,0,0,0,0,0,0,24500,0,25676,0,0,0,0,0,0,0,0,0,0,0,0,0,0,0,0,4561,3367,19608,22640,25860,TCGA-LL-A740-DX1_xmin39436_ymin24080_MPP-0.2500+61
0,0,0,0,0,3056,0,0,47120,0,0,0,0,0,0,0,0,0,0,0,0,0,0,0,0,0,0,0,0,0,2000,0,0,48176,0,0,0,0,0,0,0,0,0,0,0,0,0,0,0,0,0,0,0,0,0,1968,0,0,48208,0,0,0,0,0,0,0,0,0,0,0,0,0,0,0,0,0,2562,432,47182,34094,TCGA-LL-A740-DX1_xmin39436_ymin24080_MPP-0.2500+62
8751,0,0,0,0,41425,0,0,0,0,0,0,0,0,0,0,0,0,0,0,0,0,0,0,0,8751,0,0,0,0,41425,0,0,0,0,0,0,0,0,0,0,0,0,0,0,0,0,0,0,0,8751,0,0,0,0,41425,0,0,0,0,0,0,0,0,0,0,0,0,0,0,0,0,0,0,0,866,4215,9012,36083,24168,TCGA-LL-A740-DX1_xmin39436_ymin24080_MPP-0.2500+63
20238,3226,0,0,0,5306,21406,0,0,0,0,0,0,0,0,0,0,0,0,0,0,0,0,0,0,20240,3224,0,0,0,5945,20767,0,0,0,0,0,0,0,0,0,0,0,0,0,0,0,0,0,0,20170,3294,0,0,0,6226,20486,0,0,0,0,0,0,0,0,0,0,0,0,0,0,0,0,0,0,4499,913,36956,7808,8971,TCGA-LL-A740-DX1_xmin39436_ymin24080_MPP-0.2500+64
12125,0,0,0,0,25685,12366,0,0,0,0,0,0,0,0,0,0,0,0,0,0,0,0,0,0,12125,0,0,0,0,25438,12613,0,0,0,0,0,0,0,0,0,0,0,0,0,0,0,0,0,0,12125,0,0,0,0,25091,12960,0,0,0,0,0,0,0,0,0,0,0,0,0,0,0,0,0,0,3246,5394,18473,23063,9014,TCGA-LL-A740-DX1_xmin39436_ymin24080_MPP-0.2500+65
0,0,0,0,0,0,41895,0,0,0,0,0,0,0,0,0,0,0,0,0,0,0,0,0,8281,0,0,0,0,0,0,41895,0,0,0,0,0,0,0,0,0,0,0,0,0,0,0,0,0,8281,0,0,0,0,0,0,41895,0,0,0,0,0,0,0,0,0,0,0,0,0,0,0,0,0,8281,5870,427,33274,2324,8042,TCGA-LL-A740-DX1_xmin39436_ymin24080_MPP-0.2500+66
0,0,0,0,0,1,50175,0,0,0,0,0,0,0,0,0,0,0,0,0,0,0,0,0,0,0,0,0,0,0,1,50175,0,0,0,0,0,0,0,0,0,0,0,0,0,0,0,0,0,0,0,0,0,0,0,0,50176,0,0,0,0,0,0,0,0,0,0,0,0,0,0,0,0,0,0,10681,0,39495,0,14048,TCGA-LL-A740-DX1_xmin39436_ymin24080_MPP-0.2500+67
0,0,0,0,0,0,50176,0,0,0,0,0,0,0,0,0,0,0,0,0,0,0,0,0,0,0,0,0,0,0,0,50176,0,0,0,0,0,0,0,0,0,0,0,0,0,0,0,0,0,0,0,0,0,0,0,0,50176,0,0,0,0,0,0,0,0,0,0,0,0,0,0,0,0,0,0,1643,0,48533,0,4375,TCGA-LL-A740-DX1_xmin39436_ymin24080_MPP-0.2500+68
0,0,0,0,0,0,50116,0,0,0,0,0,0,0,0,0,0,0,0,0,0,0,0,0,60,0,0,0,0,0,0,50116,0,0,0,0,0,0,0,0,0,0,0,0,0,0,0,0,0,60,0,0,0,0,0,0,50116,0,0,0,0,0,0,0,0,0,0,0,0,0,0,0,0,0,60,1484,0,48632,0,3294,TCGA-LL-A740-DX1_xmin39436_ymin24080_MPP-0.2500+69
0,0,0,0,0,0,41440,0,0,0,0,0,0,0,0,0,0,0,0,0,0,0,0,0,8736,0,0,0,0,0,0,41440,0,0,0,0,0,0,0,0,0,0,0,0,0,0,0,0,0,8736,0,0,0,0,0,0,41440,0,0,0,0,0,0,0,0,0,0,0,0,0,0,0,0,0,8736,1386,0,40054,0,2025,TCGA-LL-A740-DX1_xmin39436_ymin24080_MPP-0.2500+7
0,0,0,0,0,0,46516,0,0,0,0,0,0,0,0,0,0,0,0,0,0,0,0,0,3660,0,0,0,0,0,0,46516,0,0,0,0,0,0,0,0,0,0,0,0,0,0,0,0,0,3660,0,0,0,0,0,0,46516,0,0,0,0,0,0,0,0,0,0,0,0,0,0,0,0,0,3660,2703,0,43813,0,5370,TCGA-LL-A740-DX1_xmin39436_ymin24080_MPP-0.2500+70
0,0,0,0,0,0,50029,0,0,0,0,0,0,0,0,0,0,0,0,0,0,0,0,0,147,0,0,0,0,0,0,50029,0,0,0,0,0,0,0,0,0,0,0,0,0,0,0,0,0,147,0,0,0,0,0,0,50029,0,0,0,0,0,0,0,0,0,0,0,0,0,0,0,0,0,147,3519,0,46510,0,6855,TCGA-LL-A740-DX1_xmin39436_ymin24080_MPP-0.2500+71
0,0,0,0,0,36201,13975,0,0,0,0,0,0,0,0,0,0,0,0,0,0,0,0,0,0,0,0,0,0,0,37523,12653,0,0,0,0,0,0,0,0,0,0,0,0,0,0,0,0,0,0,0,0,0,0,0,37583,12593,0,0,0,0,0,0,0,0,0,0,0,0,0,0,0,0,0,0,5440,2403,11078,31255,17592,TCGA-LL-A740-DX1_xmin39436_ymin24080_MPP-0.2500+72
0,0,0,0,0,14832,0,0,35344,0,0,0,0,0,0,0,0,0,0,0,0,0,0,0,0,0,0,0,0,0,14000,0,0,36176,0,0,0,0,0,0,0,0,0,0,0,0,0,0,0,0,0,0,0,0,0,14320,0,0,35856,0,0,0,0,0,0,0,0,0,0,0,0,0,0,0,0,43,3603,1538,44992,25269,TCGA-LL-A740-DX1_xmin39436_ymin24080_MPP-0.2500+73
16621,0,0,0,0,33555,0,0,0,0,0,0,0,0,0,0,0,0,0,0,0,0,0,0,0,16621,0,0,0,0,33555,0,0,0,0,0,0,0,0,0,0,0,0,0,0,0,0,0,0,0,16621,0,0,0,0,33555,0,0,0,0,0,0,0,0,0,0,0,0,0,0,0,0,0,0,0,1024,2773,16556,29823,14472,TCGA-LL-A740-DX1_xmin39436_ymin24080_MPP-0.2500+74
3901,1797,0,0,0,5831,38647,0,0,0,0,0,0,0,0,0,0,0,0,0,0,0,0,0,0,3866,1832,0,0,0,5713,38765,0,0,0,0,0,0,0,0,0,0,0,0,0,0,0,0,0,0,3965,1733,0,0,0,5975,38503,0,0,0,0,0,0,0,0,0,0,0,0,0,0,0,0,0,0,3377,1360,40718,4721,4535,TCGA-LL-A740-DX1_xmin39436_ymin24080_MPP-0.2500+75
475,0,0,0,0,16888,32813,0,0,0,0,0,0,0,0,0,0,0,0,0,0,0,0,0,0,475,0,0,0,0,17579,32122,0,0,0,0,0,0,0,0,0,0,0,0,0,0,0,0,0,0,475,0,0,0,0,17405,32296,0,0,0,0,0,0,0,0,0,0,0,0,0,0,0,0,0,0,8924,2730,19466,19056,12656,TCGA-LL-A740-DX1_xmin39436_ymin24080_MPP-0.2500+76
0,0,0,0,0,0,50176,0,0,0,0,0,0,0,0,0,0,0,0,0,0,0,0,0,0,0,0,0,0,0,0,50176,0,0,0,0,0,0,0,0,0,0,0,0,0,0,0,0,0,0,0,0,0,0,0,0,50176,0,0,0,0,0,0,0,0,0,0,0,0,0,0,0,0,0,0,1348,0,48828,0,2040,TCGA-LL-A740-DX1_xmin39436_ymin24080_MPP-0.2500+77
0,0,0,0,0,5605,43360,0,0,0,0,0,0,0,0,0,0,0,0,0,0,0,0,0,1211,0,0,0,0,0,5801,43164,0,0,0,0,0,0,0,0,0,0,0,0,0,0,0,0,0,1211,0,0,0,0,0,5812,43153,0,0,0,0,0,0,0,0,0,0,0,0,0,0,0,0,0,1211,7307,0,41571,87,4942,TCGA-LL-A740-DX1_xmin39436_ymin24080_MPP-0.2500+78
0,0,0,0,0,0,50176,0,0,0,0,0,0,0,0,0,0,0,0,0,0,0,0,0,0,0,0,0,0,0,0,50176,0,0,0,0,0,0,0,0,0,0,0,0,0,0,0,0,0,0,0,0,0,0,0,0,50176,0,0,0,0,0,0,0,0,0,0,0,0,0,0,0,0,0,0,3116,0,46409,651,6008,TCGA-LL-A740-DX1_xmin39436_ymin24080_MPP-0.2500+79
2621,112,0,0,0,10183,37260,0,0,0,0,0,0,0,0,0,0,0,0,0,0,0,0,0,0,2622,111,0,0,0,10728,36715,0,0,0,0,0,0,0,0,0,0,0,0,0,0,0,0,0,0,2611,122,0,0,0,11038,36405,0,0,0,0,0,0,0,0,0,0,0,0,0,0,0,0,0,0,7891,750,33590,7945,6731,TCGA-LL-A740-DX1_xmin39436_ymin24080_MPP-0.2500+8
0,0,0,0,0,0,50176,0,0,0,0,0,0,0,0,0,0,0,0,0,0,0,0,0,0,0,0,0,0,0,0,50176,0,0,0,0,0,0,0,0,0,0,0,0,0,0,0,0,0,0,0,0,0,0,0,0,50176,0,0,0,0,0,0,0,0,0,0,0,0,0,0,0,0,0,0,2052,0,48124,0,1411,TCGA-LL-A740-DX1_xmin39436_ymin24080_MPP-0.2500+80
0,0,0,0,0,0,35265,0,0,0,0,0,0,0,0,0,0,0,0,0,0,0,0,0,14911,0,0,0,0,0,0,35265,0,0,0,0,0,0,0,0,0,0,0,0,0,0,0,0,0,14911,0,0,0,0,0,0,35265,0,0,0,0,0,0,0,0,0,0,0,0,0,0,0,0,0,14911,2111,0,33154,0,6090,TCGA-LL-A740-DX1_xmin39436_ymin24080_MPP-0.2500+81
0,0,0,0,0,0,40526,0,0,0,0,0,0,0,0,0,0,0,0,0,0,0,0,0,9650,0,0,0,0,0,0,40526,0,0,0,0,0,0,0,0,0,0,0,0,0,0,0,0,0,9650,0,0,0,0,0,0,40526,0,0,0,0,0,0,0,0,0,0,0,0,0,0,0,0,0,9650,1634,0,38892,0,2368,TCGA-LL-A740-DX1_xmin39436_ymin24080_MPP-0.2500+82
0,0,0,0,0,35596,14580,0,0,0,0,0,0,0,0,0,0,0,0,0,0,0,0,0,0,0,0,0,0,0,36282,13894,0,0,0,0,0,0,0,0,0,0,0,0,0,0,0,0,0,0,0,0,0,0,0,35596,14580,0,0,0,0,0,0,0,0,0,0,0,0,0,0,0,0,0,0,3230,241,11520,35185,23660,TCGA-LL-A740-DX1_xmin39436_ymin24080_MPP-0.2500+83
0,0,0,0,0,50176,0,0,0,0,0,0,0,0,0,0,0,0,0,0,0,0,0,0,0,0,0,0,0,0,50176,0,0,0,0,0,0,0,0,0,0,0,0,0,0,0,0,0,0,0,0,0,0,0,0,50176,0,0,0,0,0,0,0,0,0,0,0,0,0,0,0,0,0,0,0,589,1981,3442,44164,22744,TCGA-LL-A740-DX1_xmin39436_ymin24080_MPP-0.2500+84
27583,0,0,0,0,22593,0,0,0,0,0,0,0,0,0,0,0,0,0,0,0,0,0,0,0,27583,0,0,0,0,22593,0,0,0,0,0,0,0,0,0,0,0,0,0,0,0,0,0,0,0,27583,0,0,0,0,22593,0,0,0,0,0,0,0,0,0,0,0,0,0,0,0,0,0,0,0,1752,2173,25509,20742,16779,TCGA-LL-A740-DX1_xmin39436_ymin24080_MPP-0.2500+85
2883,0,0,0,0,47293,0,0,0,0,0,0,0,0,0,0,0,0,0,0,0,0,0,0,0,2883,0,0,0,0,47293,0,0,0,0,0,0,0,0,0,0,0,0,0,0,0,0,0,0,0,2883,0,0,0,0,47293,0,0,0,0,0,0,0,0,0,0,0,0,0,0,0,0,0,0,0,3016,3750,9799,33611,18966,TCGA-LL-A740-DX1_xmin39436_ymin24080_MPP-0.2500+86
10366,1452,0,0,0,16180,22178,0,0,0,0,0,0,0,0,0,0,0,0,0,0,0,0,0,0,10366,1452,0,0,0,16115,22243,0,0,0,0,0,0,0,0,0,0,0,0,0,0,0,0,0,0,10366,1452,0,0,0,15978,22380,0,0,0,0,0,0,0,0,0,0,0,0,0,0,0,0,0,0,1622,1978,30315,16261,8030,TCGA-LL-A740-DX1_xmin39436_ymin24080_MPP-0.2500+87
0,0,0,0,0,0,50176,0,0,0,0,0,0,0,0,0,0,0,0,0,0,0,0,0,0,0,0,0,0,0,0,50176,0,0,0,0,0,0,0,0,0,0,0,0,0,0,0,0,0,0,0,0,0,0,0,0,50176,0,0,0,0,0,0,0,0,0,0,0,0,0,0,0,0,0,0,5590,0,43914,672,5056,TCGA-LL-A740-DX1_xmin39436_ymin24080_MPP-0.2500+88
0,0,0,0,0,1561,22480,0,0,0,0,0,0,0,0,0,0,0,0,0,0,0,0,0,26135,0,0,0,0,0,1602,22439,0,0,0,0,0,0,0,0,0,0,0,0,0,0,0,0,0,26135,0,0,0,0,0,2003,22038,0,0,0,0,0,0,0,0,0,0,0,0,0,0,0,0,0,26135,2775,0,21234,32,2594,TCGA-LL-A740-DX1_xmin39436_ymin24080_MPP-0.2500+89
43356,2891,0,0,0,0,3929,0,0,0,0,0,0,0,0,0,0,0,0,0,0,0,0,0,0,43424,2823,0,0,0,0,3929,0,0,0,0,0,0,0,0,0,0,0,0,0,0,0,0,0,0,43320,2927,0,0,0,0,3929,0,0,0,0,0,0,0,0,0,0,0,0,0,0,0,0,0,0,1864,163,45943,2206,3189,TCGA-LL-A740-DX1_xmin39436_ymin24080_MPP-0.2500+9
0,0,0,0,0,0,46329,0,0,0,0,0,0,0,0,0,0,0,0,0,0,0,0,0,3847,0,0,0,0,0,1,46328,0,0,0,0,0,0,0,0,0,0,0,0,0,0,0,0,0,3847,0,0,0,0,0,1,46328,0,0,0,0,0,0,0,0,0,0,0,0,0,0,0,0,0,3847,4979,605,34691,6054,10761,TCGA-LL-A740-DX1_xmin39436_ymin24080_MPP-0.2500+90
0,0,0,0,0,0,41267,0,0,0,0,0,0,0,0,0,0,0,0,0,0,0,0,0,8909,0,0,0,0,0,0,41267,0,0,0,0,0,0,0,0,0,0,0,0,0,0,0,0,0,8909,0,0,0,0,0,0,41267,0,0,0,0,0,0,0,0,0,0,0,0,0,0,0,0,0,8909,680,0,40587,0,1443,TCGA-LL-A740-DX1_xmin39436_ymin24080_MPP-0.2500+91
0,0,0,0,0,0,40116,0,0,0,0,0,0,0,0,0,0,0,0,0,0,0,0,0,10060,0,0,0,0,0,0,40116,0,0,0,0,0,0,0,0,0,0,0,0,0,0,0,0,0,10060,0,0,0,0,0,0,40116,0,0,0,0,0,0,0,0,0,0,0,0,0,0,0,0,0,10060,274,0,39842,0,2364,TCGA-LL-A740-DX1_xmin39436_ymin24080_MPP-0.2500+92
0,0,0,0,0,0,50167,0,0,0,0,0,0,0,0,0,0,0,0,0,0,0,0,0,9,0,0,0,0,0,0,50167,0,0,0,0,0,0,0,0,0,0,0,0,0,0,0,0,0,9,0,0,0,0,0,0,50167,0,0,0,0,0,0,0,0,0,0,0,0,0,0,0,0,0,9,3426,0,46649,92,3963,TCGA-LL-A740-DX1_xmin39436_ymin24080_MPP-0.2500+93
0,0,0,0,0,0,50176,0,0,0,0,0,0,0,0,0,0,0,0,0,0,0,0,0,0,0,0,0,0,0,0,50176,0,0,0,0,0,0,0,0,0,0,0,0,0,0,0,0,0,0,0,0,0,0,0,0,50176,0,0,0,0,0,0,0,0,0,0,0,0,0,0,0,0,0,0,3553,1604,6620,38399,25231,TCGA-LL-A740-DX1_xmin39436_ymin24080_MPP-0.2500+94
0,0,0,0,0,37599,0,0,12577,0,0,0,0,0,0,0,0,0,0,0,0,0,0,0,0,0,0,0,0,0,38894,0,0,11282,0,0,0,0,0,0,0,0,0,0,0,0,0,0,0,0,0,0,0,0,0,36821,0,0,13355,0,0,0,0,0,0,0,0,0,0,0,0,0,0,0,0,0,3360,604,46212,24645,TCGA-LL-A740-DX1_xmin39436_ymin24080_MPP-0.2500+95
20243,0,0,0,0,29933,0,0,0,0,0,0,0,0,0,0,0,0,0,0,0,0,0,0,0,20243,0,0,0,0,29933,0,0,0,0,0,0,0,0,0,0,0,0,0,0,0,0,0,0,0,20243,0,0,0,0,29933,0,0,0,0,0,0,0,0,0,0,0,0,0,0,0,0,0,0,0,884,1604,19666,28022,8186,TCGA-LL-A740-DX1_xmin39436_ymin24080_MPP-0.2500+96
0,1426,0,33,0,0,26805,0,21912,0,0,0,0,0,0,0,0,0,0,0,0,0,0,0,0,0,1431,0,28,0,0,27310,0,21407,0,0,0,0,0,0,0,0,0,0,0,0,0,0,0,0,0,1429,0,30,0,0,27362,0,21355,0,0,0,0,0,0,0,0,0,0,0,0,0,0,0,0,3199,2950,14932,29095,23031,TCGA-LL-A740-DX1_xmin39436_ymin24080_MPP-0.2500+97
4740,1072,0,0,0,1237,43127,0,0,0,0,0,0,0,0,0,0,0,0,0,0,0,0,0,0,4626,1186,0,0,0,962,43402,0,0,0,0,0,0,0,0,0,0,0,0,0,0,0,0,0,0,4725,1087,0,0,0,1280,43084,0,0,0,0,0,0,0,0,0,0,0,0,0,0,0,0,0,0,6618,294,38554,4710,8786,TCGA-LL-A740-DX1_xmin39436_ymin24080_MPP-0.2500+98
0,0,0,0,0,0,49962,0,0,0,0,0,0,0,0,0,0,0,0,0,0,0,0,0,214,0,0,0,0,0,0,49962,0,0,0,0,0,0,0,0,0,0,0,0,0,0,0,0,0,214,0,0,0,0,0,0,49962,0,0,0,0,0,0,0,0,0,0,0,0,0,0,0,0,0,214,2884,284,45649,1145,4340,TCGA-LL-A740-DX1_xmin39436_ymin24080_MPP-0.2500+99
0,0,0,0,0,0,0,0,1231,0,0,0,0,0,0,0,0,0,35570,0,0,0,0,0,13375,0,0,0,0,0,0,0,0,1231,0,0,0,0,0,0,0,0,0,35570,0,0,0,0,0,13375,0,0,0,0,0,0,0,0,1231,0,0,0,0,0,0,0,0,0,35570,0,0,0,0,0,13375,23738,937,9942,2184,27362,TCGA-OL-A5D6-DX1_xmin115108_ymin40554_MPP-0.2500+0
0,0,0,0,0,0,0,0,1,0,0,0,0,0,0,0,0,0,0,0,0,0,0,0,50175,0,0,0,0,0,0,0,0,1,0,0,0,0,0,0,0,0,0,0,0,0,0,0,0,50175,0,0,0,0,0,0,0,0,1,0,0,0,0,0,0,0,0,0,0,0,0,0,0,0,50175,0,0,1,0,0,TCGA-OL-A5D6-DX1_xmin115108_ymin40554_MPP-0.2500+1
0,0,0,0,0,0,0,0,3614,0,0,0,0,0,0,0,0,0,29713,0,0,0,0,0,16849,0,0,0,0,0,0,0,0,3614,0,0,0,0,0,0,0,0,0,29713,0,0,0,0,0,16849,0,0,0,0,0,0,0,0,3614,0,0,0,0,0,0,0,0,0,29713,0,0,0,0,0,16849,8203,705,21510,2909,14858,TCGA-OL-A5D6-DX1_xmin115108_ymin40554_MPP-0.2500+10
0,0,0,751,0,0,0,0,3764,0,0,0,0,0,0,0,0,0,11470,0,0,0,0,0,34191,0,0,0,751,0,0,0,0,3764,0,0,0,0,0,0,0,0,0,11470,0,0,0,0,0,34191,0,0,0,751,0,0,0,0,3764,0,0,0,0,0,0,0,0,0,11470,0,0,0,0,0,34191,6822,1423,6823,917,11506,TCGA-OL-A5D6-DX1_xmin115108_ymin40554_MPP-0.2500+11
20172,4748,0,0,0,178,2341,0,0,0,0,0,0,0,0,0,8352,0,0,0,0,0,0,0,14385,20148,4772,0,0,0,184,2335,0,0,0,0,0,0,0,0,0,8352,0,0,0,0,0,0,0,14385,19931,4989,0,0,0,212,2307,0,0,0,0,0,0,0,0,0,8352,0,0,0,0,0,0,0,14385,1947,998,22041,10805,8295,TCGA-OL-A5D6-DX1_xmin115108_ymin40554_MPP-0.2500+12
44292,0,0,0,0,0,0,0,0,0,0,0,0,0,0,0,0,0,0,0,0,0,0,0,5884,44292,0,0,0,0,0,0,0,0,0,0,0,0,0,0,0,0,0,0,0,0,0,0,0,5884,44292,0,0,0,0,0,0,0,0,0,0,0,0,0,0,0,0,0,0,0,0,0,0,0,5884,1462,1376,39281,2173,7328,TCGA-OL-A5D6-DX1_xmin115108_ymin40554_MPP-0.2500+13
44674,1447,0,0,0,92,3963,0,0,0,0,0,0,0,0,0,0,0,0,0,0,0,0,0,0,44822,1299,0,0,0,99,3956,0,0,0,0,0,0,0,0,0,0,0,0,0,0,0,0,0,0,44884,1237,0,0,0,89,3966,0,0,0,0,0,0,0,0,0,0,0,0,0,0,0,0,0,0,600,1027,48062,487,3019,TCGA-OL-A5D6-DX1_xmin115108_ymin40554_MPP-0.2500+14
5279,9331,0,0,0,763,34803,0,0,0,0,0,0,0,0,0,0,0,0,0,0,0,0,0,0,6014,8596,0,0,0,742,34824,0,0,0,0,0,0,0,0,0,0,0,0,0,0,0,0,0,0,6225,8385,0,0,0,807,34759,0,0,0,0,0,0,0,0,0,0,0,0,0,0,0,0,0,0,2958,3783,36117,7318,7782,TCGA-OL-A5D6-DX1_xmin115108_ymin40554_MPP-0.2500+15
13958,8337,0,0,0,424,27457,0,0,0,0,0,0,0,0,0,0,0,0,0,0,0,0,0,0,14369,7926,0,0,0,426,27455,0,0,0,0,0,0,0,0,0,0,0,0,0,0,0,0,0,0,14690,7605,0,0,0,461,27420,0,0,0,0,0,0,0,0,0,0,0,0,0,0,0,0,0,0,2811,5953,32654,8758,9565,TCGA-OL-A5D6-DX1_xmin115108_ymin40554_MPP-0.2500+16
13403,21507,0,0,0,0,15266,0,0,0,0,0,0,0,0,0,0,0,0,0,0,0,0,0,0,13361,21549,0,0,0,0,15266,0,0,0,0,0,0,0,0,0,0,0,0,0,0,0,0,0,0,13244,21666,0,0,0,45,15221,0,0,0,0,0,0,0,0,0,0,0,0,0,0,0,0,0,0,2502,4614,27649,15411,13349,TCGA-OL-A5D6-DX1_xmin115108_ymin40554_MPP-0.2500+17
31012,8589,0,0,0,567,10008,0,0,0,0,0,0,0,0,0,0,0,0,0,0,0,0,0,0,31257,8344,0,0,0,620,9955,0,0,0,0,0,0,0,0,0,0,0,0,0,0,0,0,0,0,31327,8274,0,0,0,658,9917,0,0,0,0,0,0,0,0,0,0,0,0,0,0,0,0,0,0,4962,3174,35517,6523,6698,TCGA-OL-A5D6-DX1_xmin115108_ymin40554_MPP-0.2500+18
19971,20381,0,0,0,597,9227,0,0,0,0,0,0,0,0,0,0,0,0,0,0,0,0,0,0,20211,20141,0,0,0,698,9126,0,0,0,0,0,0,0,0,0,0,0,0,0,0,0,0,0,0,20003,20349,0,0,0,728,9096,0,0,0,0,0,0,0,0,0,0,0,0,0,0,0,0,0,0,1485,8248,21882,18561,7968,TCGA-OL-A5D6-DX1_xmin115108_ymin40554_MPP-0.2500+19
1904,0,0,3244,0,0,0,0,2246,0,0,0,0,0,0,349,0,0,11069,0,0,0,0,0,31364,0,4104,0,1044,0,0,1136,0,1110,0,0,0,0,0,0,0,8041,0,3377,0,0,0,0,0,31364,0,4076,0,1072,0,0,1107,0,1139,0,0,0,0,0,0,0,8053,0,3365,0,0,0,0,0,31364,3534,646,4403,10229,7997,TCGA-OL-A5D6-DX1_xmin115108_ymin40554_MPP-0.2500+2
3174,0,0,2940,0,0,0,0,1029,0,0,0,0,0,0,309,0,0,36487,0,0,0,0,0,6237,2971,0,0,3143,0,0,0,0,1029,0,0,0,0,0,0,437,0,0,36359,0,0,0,0,0,6237,2907,0,0,3207,0,0,0,0,1029,0,0,0,0,0,0,437,0,0,36359,0,0,0,0,0,6237,17720,340,20119,5760,17954,TCGA-OL-A5D6-DX1_xmin115108_ymin40554_MPP-0.2500+20
28137,0,0,17573,0,0,0,0,1004,0,0,0,0,0,0,1,0,0,1580,0,0,0,0,0,1881,30326,0,0,15384,0,0,0,0,1004,0,0,0,0,0,0,1,0,0,1580,0,0,0,0,0,1881,29829,0,0,15881,0,0,0,0,1004,0,0,0,0,0,0,1,0,0,1580,0,0,0,0,0,1881,2571,5370,29003,11351,15885,TCGA-OL-A5D6-DX1_xmin115108_ymin40554_MPP-0.2500+21
36426,0,0,0,0,0,0,0,0,0,0,0,0,0,0,0,0,0,0,0,0,0,0,0,13750,36426,0,0,0,0,0,0,0,0,0,0,0,0,0,0,0,0,0,0,0,0,0,0,0,13750,36426,0,0,0,0,0,0,0,0,0,0,0,0,0,0,0,0,0,0,0,0,0,0,0,13750,55,0,36371,0,505,TCGA-OL-A5D6-DX1_xmin115108_ymin40554_MPP-0.2500+22
46751,0,0,0,0,1100,0,0,0,0,0,0,0,0,0,0,0,0,0,0,0,0,0,0,2325,46751,0,0,0,0,1100,0,0,0,0,0,0,0,0,0,0,0,0,0,0,0,0,0,0,2325,46751,0,0,0,0,1100,0,0,0,0,0,0,0,0,0,0,0,0,0,0,0,0,0,0,2325,468,56,46054,1273,6322,TCGA-OL-A5D6-DX1_xmin115108_ymin40554_MPP-0.2500+23
15663,995,0,0,0,745,32610,0,0,0,0,0,0,0,0,0,0,0,0,0,0,0,0,0,163,15794,864,0,0,0,798,32557,0,0,0,0,0,0,0,0,0,0,0,0,0,0,0,0,0,163,15831,827,0,0,0,757,32598,0,0,0,0,0,0,0,0,0,0,0,0,0,0,0,0,0,163,2887,1613,44905,608,4142,TCGA-OL-A5D6-DX1_xmin115108_ymin40554_MPP-0.2500+24
22808,4150,0,0,0,186,23032,0,0,0,0,0,0,0,0,0,0,0,0,0,0,0,0,0,0,22786,4172,0,0,0,246,22972,0,0,0,0,0,0,0,0,0,0,0,0,0,0,0,0,0,0,22434,4524,0,0,0,275,22943,0,0,0,0,0,0,0,0,0,0,0,0,0,0,0,0,0,0,4255,1338,40520,4063,8767,TCGA-OL-A5D6-DX1_xmin115108_ymin40554_MPP-0.2500+25
14802,10197,0,0,0,1352,23825,0,0,0,0,0,0,0,0,0,0,0,0,0,0,0,0,0,0,14622,10377,0,0,0,1262,23915,0,0,0,0,0,0,0,0,0,0,0,0,0,0,0,0,0,0,13775,11224,0,0,0,1036,24141,0,0,0,0,0,0,0,0,0,0,0,0,0,0,0,0,0,0,3391,5760,32134,8891,9331,TCGA-OL-A5D6-DX1_xmin115108_ymin40554_MPP-0.2500+26
10079,19776,0,0,0,0,20321,0,0,0,0,0,0,0,0,0,0,0,0,0,0,0,0,0,0,9918,19937,0,0,0,10,20311,0,0,0,0,0,0,0,0,0,0,0,0,0,0,0,0,0,0,10132,19723,0,0,0,199,20122,0,0,0,0,0,0,0,0,0,0,0,0,0,0,0,0,0,0,2923,4875,24521,17857,9690,TCGA-OL-A5D6-DX1_xmin115108_ymin40554_MPP-0.2500+27
50176,0,0,0,0,0,0,0,0,0,0,0,0,0,0,0,0,0,0,0,0,0,0,0,0,50176,0,0,0,0,0,0,0,0,0,0,0,0,0,0,0,0,0,0,0,0,0,0,0,0,50176,0,0,0,0,0,0,0,0,0,0,0,0,0,0,0,0,0,0,0,0,0,0,0,0,4773,801,37593,7009,14872,TCGA-OL-A5D6-DX1_xmin115108_ymin40554_MPP-0.2500+28
15700,24940,0,0,0,2709,6827,0,0,0,0,0,0,0,0,0,0,0,0,0,0,0,0,0,0,15707,24933,0,0,0,2581,6955,0,0,0,0,0,0,0,0,0,0,0,0,0,0,0,0,0,0,15458,25182,0,0,0,2502,7034,0,0,0,0,0,0,0,0,0,0,0,0,0,0,0,0,0,0,2147,6863,24159,17007,15422,TCGA-OL-A5D6-DX1_xmin115108_ymin40554_MPP-0.2500+29
45860,0,0,0,0,100,0,0,0,0,0,0,0,0,0,0,0,0,0,0,0,0,0,0,4216,45860,0,0,0,0,100,0,0,0,0,0,0,0,0,0,0,0,0,0,0,0,0,0,0,4216,45860,0,0,0,0,100,0,0,0,0,0,0,0,0,0,0,0,0,0,0,0,0,0,0,4216,3065,100,42549,246,5948,TCGA-OL-A5D6-DX1_xmin115108_ymin40554_MPP-0.2500+3
10109,6228,0,0,0,302,249,0,118,0,0,0,0,0,0,4226,3856,0,21448,0,0,0,0,0,3640,9999,6338,0,0,0,299,258,0,112,0,0,0,0,0,0,4745,4181,0,20604,0,0,0,0,0,3640,9906,6431,0,0,0,298,259,0,112,0,0,0,0,0,0,4810,4255,0,20465,0,0,0,0,0,3640,13937,1363,16999,14237,20035,TCGA-OL-A5D6-DX1_xmin115108_ymin40554_MPP-0.2500+30
23882,19346,0,0,0,435,2521,0,0,0,0,0,0,0,0,0,1948,0,0,0,0,0,0,0,2044,24765,18463,0,0,0,629,2327,0,0,0,0,0,0,0,0,0,1948,0,0,0,0,0,0,0,2044,24574,18654,0,0,0,513,2443,0,0,0,0,0,0,0,0,0,1948,0,0,0,0,0,0,0,2044,3030,1261,31874,11967,11344,TCGA-OL-A5D6-DX1_xmin115108_ymin40554_MPP-0.2500+31
32694,7709,0,0,0,136,7020,0,0,0,0,0,0,0,0,0,0,0,0,0,0,0,0,0,2617,32817,7586,0,0,0,143,7013,0,0,0,0,0,0,0,0,0,0,0,0,0,0,0,0,0,2617,32326,8077,0,0,0,119,7037,0,0,0,0,0,0,0,0,0,0,0,0,0,0,0,0,0,2617,2995,477,40964,3123,9675,TCGA-OL-A5D6-DX1_xmin115108_ymin40554_MPP-0.2500+32
9403,2573,0,0,0,1836,36364,0,0,0,0,0,0,0,0,0,0,0,0,0,0,0,0,0,0,9383,2593,0,0,0,1852,36348,0,0,0,0,0,0,0,0,0,0,0,0,0,0,0,0,0,0,9362,2614,0,0,0,2039,36161,0,0,0,0,0,0,0,0,0,0,0,0,0,0,0,0,0,0,4572,864,40809,3931,7980,TCGA-OL-A5D6-DX1_xmin115108_ymin40554_MPP-0.2500+33
0,0,0,0,0,0,50176,0,0,0,0,0,0,0,0,0,0,0,0,0,0,0,0,0,0,0,0,0,0,0,0,50176,0,0,0,0,0,0,0,0,0,0,0,0,0,0,0,0,0,0,0,0,0,0,0,0,50176,0,0,0,0,0,0,0,0,0,0,0,0,0,0,0,0,0,0,5466,0,41106,3604,8347,TCGA-OL-A5D6-DX1_xmin115108_ymin40554_MPP-0.2500+34
0,7166,0,0,0,0,43010,0,0,0,0,0,0,0,0,0,0,0,0,0,0,0,0,0,0,0,7166,0,0,0,0,43010,0,0,0,0,0,0,0,0,0,0,0,0,0,0,0,0,0,0,0,7166,0,0,0,0,43010,0,0,0,0,0,0,0,0,0,0,0,0,0,0,0,0,0,0,5906,2029,35952,6289,10525,TCGA-OL-A5D6-DX1_xmin115108_ymin40554_MPP-0.2500+35
11636,4402,0,0,0,30,34108,0,0,0,0,0,0,0,0,0,0,0,0,0,0,0,0,0,0,12313,3725,0,0,0,74,34064,0,0,0,0,0,0,0,0,0,0,0,0,0,0,0,0,0,0,12433,3605,0,0,0,170,33968,0,0,0,0,0,0,0,0,0,0,0,0,0,0,0,0,0,0,5080,1411,40330,3355,9664,TCGA-OL-A5D6-DX1_xmin115108_ymin40554_MPP-0.2500+36
17538,3895,0,0,0,3758,24985,0,0,0,0,0,0,0,0,0,0,0,0,0,0,0,0,0,0,17461,3972,0,0,0,3915,24828,0,0,0,0,0,0,0,0,0,0,0,0,0,0,0,0,0,0,17428,4005,0,0,0,4119,24624,0,0,0,0,0,0,0,0,0,0,0,0,0,0,0,0,0,0,3938,909,39669,5660,7149,TCGA-OL-A5D6-DX1_xmin115108_ymin40554_MPP-0.2500+37
46125,1486,0,0,0,324,2241,0,0,0,0,0,0,0,0,0,0,0,0,0,0,0,0,0,0,46411,1200,0,0,0,448,2117,0,0,0,0,0,0,0,0,0,0,0,0,0,0,0,0,0,0,45710,1901,0,0,0,351,2214,0,0,0,0,0,0,0,0,0,0,0,0,0,0,0,0,0,0,1661,221,47105,1189,10919,TCGA-OL-A5D6-DX1_xmin115108_ymin40554_MPP-0.2500+38
21877,20716,0,0,0,3078,4505,0,0,0,0,0,0,0,0,0,0,0,0,0,0,0,0,0,0,22691,19902,0,0,0,3097,4486,0,0,0,0,0,0,0,0,0,0,0,0,0,0,0,0,0,0,21782,20811,0,0,0,3085,4498,0,0,0,0,0,0,0,0,0,0,0,0,0,0,0,0,0,0,3791,6649,24945,14791,23906,TCGA-OL-A5D6-DX1_xmin115108_ymin40554_MPP-0.2500+39
50176,0,0,0,0,0,0,0,0,0,0,0,0,0,0,0,0,0,0,0,0,0,0,0,0,50176,0,0,0,0,0,0,0,0,0,0,0,0,0,0,0,0,0,0,0,0,0,0,0,0,50176,0,0,0,0,0,0,0,0,0,0,0,0,0,0,0,0,0,0,0,0,0,0,0,0,3008,0,46949,219,2169,TCGA-OL-A5D6-DX1_xmin115108_ymin40554_MPP-0.2500+4
0,0,0,0,0,0,0,0,203,0,0,0,0,0,0,0,0,0,42900,0,0,0,0,0,7073,0,0,0,0,0,0,0,0,203,0,0,0,0,0,0,0,0,0,42900,0,0,0,0,0,7073,0,0,0,0,0,0,0,0,203,0,0,0,0,0,0,0,0,0,42900,0,0,0,0,0,7073,22958,163,17192,2790,31980,TCGA-OL-A5D6-DX1_xmin115108_ymin40554_MPP-0.2500+40
19112,0,0,109,0,2192,0,0,357,0,0,0,0,0,0,0,0,0,14853,0,0,0,0,0,13553,19088,0,0,133,0,2193,0,0,356,0,0,0,0,0,0,0,0,0,14853,0,0,0,0,0,13553,19087,0,0,134,0,2189,0,0,360,0,0,0,0,0,0,0,0,0,14853,0,0,0,0,0,13553,9642,330,21617,5034,13115,TCGA-OL-A5D6-DX1_xmin115108_ymin40554_MPP-0.2500+41
50176,0,0,0,0,0,0,0,0,0,0,0,0,0,0,0,0,0,0,0,0,0,0,0,0,50176,0,0,0,0,0,0,0,0,0,0,0,0,0,0,0,0,0,0,0,0,0,0,0,0,50176,0,0,0,0,0,0,0,0,0,0,0,0,0,0,0,0,0,0,0,0,0,0,0,0,3021,0,47155,0,7051,TCGA-OL-A5D6-DX1_xmin115108_ymin40554_MPP-0.2500+42
47764,0,0,0,0,2412,0,0,0,0,0,0,0,0,0,0,0,0,0,0,0,0,0,0,0,47764,0,0,0,0,2412,0,0,0,0,0,0,0,0,0,0,0,0,0,0,0,0,0,0,0,47764,0,0,0,0,2412,0,0,0,0,0,0,0,0,0,0,0,0,0,0,0,0,0,0,0,412,435,47746,1583,3483,TCGA-OL-A5D6-DX1_xmin115108_ymin40554_MPP-0.2500+43
14768,6259,0,0,0,489,28660,0,0,0,0,0,0,0,0,0,0,0,0,0,0,0,0,0,0,14911,6116,0,0,0,716,28433,0,0,0,0,0,0,0,0,0,0,0,0,0,0,0,0,0,0,14374,6653,0,0,0,1054,28095,0,0,0,0,0,0,0,0,0,0,0,0,0,0,0,0,0,0,5202,1071,39337,4566,9601,TCGA-OL-A5D6-DX1_xmin115108_ymin40554_MPP-0.2500+44
0,0,0,0,0,0,50176,0,0,0,0,0,0,0,0,0,0,0,0,0,0,0,0,0,0,0,0,0,0,0,0,50176,0,0,0,0,0,0,0,0,0,0,0,0,0,0,0,0,0,0,0,0,0,0,0,0,50176,0,0,0,0,0,0,0,0,0,0,0,0,0,0,0,0,0,0,5455,0,40765,3956,6248,TCGA-OL-A5D6-DX1_xmin115108_ymin40554_MPP-0.2500+45
0,522,0,0,0,0,49654,0,0,0,0,0,0,0,0,0,0,0,0,0,0,0,0,0,0,0,522,0,0,0,0,49654,0,0,0,0,0,0,0,0,0,0,0,0,0,0,0,0,0,0,0,522,0,0,0,0,49654,0,0,0,0,0,0,0,0,0,0,0,0,0,0,0,0,0,0,7348,328,41900,600,10941,TCGA-OL-A5D6-DX1_xmin115108_ymin40554_MPP-0.2500+46
0,3188,0,0,0,0,46988,0,0,0,0,0,0,0,0,0,0,0,0,0,0,0,0,0,0,0,3188,0,0,0,0,46988,0,0,0,0,0,0,0,0,0,0,0,0,0,0,0,0,0,0,0,3188,0,0,0,0,46988,0,0,0,0,0,0,0,0,0,0,0,0,0,0,0,0,0,0,3154,1183,43834,2005,4348,TCGA-OL-A5D6-DX1_xmin115108_ymin40554_MPP-0.2500+47
28545,11356,0,0,0,317,9958,0,0,0,0,0,0,0,0,0,0,0,0,0,0,0,0,0,0,28432,11469,0,0,0,352,9923,0,0,0,0,0,0,0,0,0,0,0,0,0,0,0,0,0,0,28325,11576,0,0,0,378,9897,0,0,0,0,0,0,0,0,0,0,0,0,0,0,0,0,0,0,4079,1174,35724,9199,6725,TCGA-OL-A5D6-DX1_xmin115108_ymin40554_MPP-0.2500+48
29085,13319,0,0,0,1550,6222,0,0,0,0,0,0,0,0,0,0,0,0,0,0,0,0,0,0,29298,13106,0,0,0,1139,6633,0,0,0,0,0,0,0,0,0,0,0,0,0,0,0,0,0,0,29301,13103,0,0,0,1032,6740,0,0,0,0,0,0,0,0,0,0,0,0,0,0,0,0,0,0,3007,3216,32926,11027,14018,TCGA-OL-A5D6-DX1_xmin115108_ymin40554_MPP-0.2500+49
6472,198,0,0,0,4448,39058,0,0,0,0,0,0,0,0,0,0,0,0,0,0,0,0,0,0,6441,229,0,0,0,4359,39147,0,0,0,0,0,0,0,0,0,0,0,0,0,0,0,0,0,0,6448,222,0,0,0,4355,39151,0,0,0,0,0,0,0,0,0,0,0,0,0,0,0,0,0,0,5112,481,42462,2121,6239,TCGA-OL-A5D6-DX1_xmin115108_ymin40554_MPP-0.2500+5
0,0,0,0,0,4,0,0,2107,0,0,0,0,0,0,508,0,0,26843,0,0,0,0,0,20714,0,0,0,0,0,4,0,0,2107,0,0,0,0,0,0,348,0,0,27003,0,0,0,0,0,20714,0,0,0,0,0,4,0,0,2107,0,0,0,0,0,0,508,0,0,26843,0,0,0,0,0,20714,12265,360,8100,8737,18756,TCGA-OL-A5D6-DX1_xmin115108_ymin40554_MPP-0.2500+50
16466,0,0,0,0,3015,0,0,0,0,0,0,0,0,0,5896,0,0,0,0,0,0,0,0,24799,16466,0,0,0,0,3015,0,0,0,0,0,0,0,0,0,5896,0,0,0,0,0,0,0,0,24799,16466,0,0,0,0,3015,0,0,0,0,0,0,0,0,0,5896,0,0,0,0,0,0,0,0,24799,3930,859,16345,4243,7589,TCGA-OL-A5D6-DX1_xmin115108_ymin40554_MPP-0.2500+51
50176,0,0,0,0,0,0,0,0,0,0,0,0,0,0,0,0,0,0,0,0,0,0,0,0,50176,0,0,0,0,0,0,0,0,0,0,0,0,0,0,0,0,0,0,0,0,0,0,0,0,50176,0,0,0,0,0,0,0,0,0,0,0,0,0,0,0,0,0,0,0,0,0,0,0,0,0,0,50176,0,93,TCGA-OL-A5D6-DX1_xmin115108_ymin40554_MPP-0.2500+52
50176,0,0,0,0,0,0,0,0,0,0,0,0,0,0,0,0,0,0,0,0,0,0,0,0,50176,0,0,0,0,0,0,0,0,0,0,0,0,0,0,0,0,0,0,0,0,0,0,0,0,50176,0,0,0,0,0,0,0,0,0,0,0,0,0,0,0,0,0,0,0,0,0,0,0,0,1370,0,48806,0,2509,TCGA-OL-A5D6-DX1_xmin115108_ymin40554_MPP-0.2500+53
48720,0,0,0,0,1456,0,0,0,0,0,0,0,0,0,0,0,0,0,0,0,0,0,0,0,48720,0,0,0,0,1456,0,0,0,0,0,0,0,0,0,0,0,0,0,0,0,0,0,0,0,48720,0,0,0,0,1456,0,0,0,0,0,0,0,0,0,0,0,0,0,0,0,0,0,0,0,316,154,49491,215,2299,TCGA-OL-A5D6-DX1_xmin115108_ymin40554_MPP-0.2500+54
5187,290,0,0,0,3142,41557,0,0,0,0,0,0,0,0,0,0,0,0,0,0,0,0,0,0,5128,349,0,0,0,2734,41965,0,0,0,0,0,0,0,0,0,0,0,0,0,0,0,0,0,0,5104,373,0,0,0,3196,41503,0,0,0,0,0,0,0,0,0,0,0,0,0,0,0,0,0,0,6371,1885,37271,4649,8172,TCGA-OL-A5D6-DX1_xmin115108_ymin40554_MPP-0.2500+55
0,0,0,0,0,0,50176,0,0,0,0,0,0,0,0,0,0,0,0,0,0,0,0,0,0,0,0,0,0,0,0,50176,0,0,0,0,0,0,0,0,0,0,0,0,0,0,0,0,0,0,0,0,0,0,0,0,50176,0,0,0,0,0,0,0,0,0,0,0,0,0,0,0,0,0,0,8445,26,41414,291,14185,TCGA-OL-A5D6-DX1_xmin115108_ymin40554_MPP-0.2500+56
0,2312,0,0,0,0,47864,0,0,0,0,0,0,0,0,0,0,0,0,0,0,0,0,0,0,0,2312,0,0,0,0,47864,0,0,0,0,0,0,0,0,0,0,0,0,0,0,0,0,0,0,0,2312,0,0,0,0,47864,0,0,0,0,0,0,0,0,0,0,0,0,0,0,0,0,0,0,6113,120,42838,1105,9211,TCGA-OL-A5D6-DX1_xmin115108_ymin40554_MPP-0.2500+57
0,11506,0,0,0,0,38670,0,0,0,0,0,0,0,0,0,0,0,0,0,0,0,0,0,0,0,11506,0,0,0,0,38670,0,0,0,0,0,0,0,0,0,0,0,0,0,0,0,0,0,0,0,11506,0,0,0,0,38670,0,0,0,0,0,0,0,0,0,0,0,0,0,0,0,0,0,0,3656,1331,40773,4416,5590,TCGA-OL-A5D6-DX1_xmin115108_ymin40554_MPP-0.2500+58
0,4441,0,0,0,0,45735,0,0,0,0,0,0,0,0,0,0,0,0,0,0,0,0,0,0,0,4441,0,0,0,0,45735,0,0,0,0,0,0,0,0,0,0,0,0,0,0,0,0,0,0,0,4441,0,0,0,0,45735,0,0,0,0,0,0,0,0,0,0,0,0,0,0,0,0,0,0,4680,620,41431,3445,5437,TCGA-OL-A5D6-DX1_xmin115108_ymin40554_MPP-0.2500+59
13411,17519,0,0,0,648,18598,0,0,0,0,0,0,0,0,0,0,0,0,0,0,0,0,0,0,13228,17702,0,0,0,674,18572,0,0,0,0,0,0,0,0,0,0,0,0,0,0,0,0,0,0,13155,17775,0,0,0,739,18507,0,0,0,0,0,0,0,0,0,0,0,0,0,0,0,0,0,0,4015,2576,31627,11958,11157,TCGA-OL-A5D6-DX1_xmin115108_ymin40554_MPP-0.2500+6
0,0,0,0,0,0,0,0,1613,0,0,0,0,0,0,0,0,0,30963,0,0,0,0,0,17600,0,0,0,0,0,0,0,0,1613,0,0,0,0,0,0,64,0,0,30899,0,0,0,0,0,17600,0,0,0,0,0,0,0,0,1613,0,0,0,0,0,0,0,0,0,30963,0,0,0,0,0,17600,19865,377,3908,8426,22136,TCGA-OL-A5D6-DX1_xmin115108_ymin40554_MPP-0.2500+60
3580,0,0,178,0,2736,0,0,1465,0,0,0,0,0,0,205,0,0,2973,0,0,0,0,0,39039,3683,0,0,75,0,2875,0,0,1326,0,0,0,0,0,0,195,0,0,2983,0,0,0,0,0,39039,3693,0,0,65,0,2857,0,0,1344,0,0,0,0,0,0,230,0,0,2948,0,0,0,0,0,39039,807,745,5572,4013,4604,TCGA-OL-A5D6-DX1_xmin115108_ymin40554_MPP-0.2500+61
32638,0,0,0,0,1934,0,0,0,0,0,0,0,0,0,0,0,0,0,0,0,0,0,0,15604,32638,0,0,0,0,1934,0,0,0,0,0,0,0,0,0,0,0,0,0,0,0,0,0,0,15604,32638,0,0,0,0,1934,0,0,0,0,0,0,0,0,0,0,0,0,0,0,0,0,0,0,15604,736,359,31902,1575,2579,TCGA-OL-A5D6-DX1_xmin115108_ymin40554_MPP-0.2500+62
40297,0,0,0,0,0,0,0,0,0,0,0,0,0,0,0,0,0,0,0,0,0,0,0,9879,40297,0,0,0,0,0,0,0,0,0,0,0,0,0,0,0,0,0,0,0,0,0,0,0,9879,40297,0,0,0,0,0,0,0,0,0,0,0,0,0,0,0,0,0,0,0,0,0,0,0,9879,2002,0,38295,0,383,TCGA-OL-A5D6-DX1_xmin115108_ymin40554_MPP-0.2500+63
40770,0,0,0,0,0,0,0,0,0,0,0,0,0,0,0,0,0,0,0,0,0,0,0,9406,40770,0,0,0,0,0,0,0,0,0,0,0,0,0,0,0,0,0,0,0,0,0,0,0,9406,40770,0,0,0,0,0,0,0,0,0,0,0,0,0,0,0,0,0,0,0,0,0,0,0,9406,888,0,39882,0,2484,TCGA-OL-A5D6-DX1_xmin115108_ymin40554_MPP-0.2500+64
13063,520,0,0,0,1684,34909,0,0,0,0,0,0,0,0,0,0,0,0,0,0,0,0,0,0,13071,512,0,0,0,1863,34730,0,0,0,0,0,0,0,0,0,0,0,0,0,0,0,0,0,0,12928,655,0,0,0,1878,34715,0,0,0,0,0,0,0,0,0,0,0,0,0,0,0,0,0,0,4966,1169,41515,2526,9803,TCGA-OL-A5D6-DX1_xmin115108_ymin40554_MPP-0.2500+65
0,0,0,0,0,13050,37126,0,0,0,0,0,0,0,0,0,0,0,0,0,0,0,0,0,0,0,0,0,0,0,12464,37712,0,0,0,0,0,0,0,0,0,0,0,0,0,0,0,0,0,0,0,0,0,0,0,12361,37815,0,0,0,0,0,0,0,0,0,0,0,0,0,0,0,0,0,0,7335,135,35469,7237,6390,TCGA-OL-A5D6-DX1_xmin115108_ymin40554_MPP-0.2500+66
35967,7114,0,0,0,1062,6033,0,0,0,0,0,0,0,0,0,0,0,0,0,0,0,0,0,0,35659,7422,0,0,0,1119,5976,0,0,0,0,0,0,0,0,0,0,0,0,0,0,0,0,0,0,35264,7817,0,0,0,1128,5967,0,0,0,0,0,0,0,0,0,0,0,0,0,0,0,0,0,0,5968,602,37799,5807,9448,TCGA-OL-A5D6-DX1_xmin115108_ymin40554_MPP-0.2500+67
0,15304,0,0,0,0,33424,0,0,0,0,0,0,0,0,0,0,0,0,0,0,0,0,0,1448,0,15304,0,0,0,0,33424,0,0,0,0,0,0,0,0,0,0,0,0,0,0,0,0,0,1448,0,15304,0,0,0,0,33424,0,0,0,0,0,0,0,0,0,0,0,0,0,0,0,0,0,1448,3408,1893,34021,9406,7992,TCGA-OL-A5D6-DX1_xmin115108_ymin40554_MPP-0.2500+68
0,6591,0,0,0,0,31750,0,0,0,0,0,0,0,0,0,0,0,0,0,0,0,0,0,11835,0,6591,0,0,0,0,31750,0,0,0,0,0,0,0,0,0,0,0,0,0,0,0,0,0,11835,0,6591,0,0,0,0,31750,0,0,0,0,0,0,0,0,0,0,0,0,0,0,0,0,0,11835,579,66,31171,6525,1346,TCGA-OL-A5D6-DX1_xmin115108_ymin40554_MPP-0.2500+69
24479,19524,0,0,0,421,5752,0,0,0,0,0,0,0,0,0,0,0,0,0,0,0,0,0,0,25069,18934,0,0,0,422,5751,0,0,0,0,0,0,0,0,0,0,0,0,0,0,0,0,0,0,25053,18950,0,0,0,346,5827,0,0,0,0,0,0,0,0,0,0,0,0,0,0,0,0,0,0,2088,3048,32303,12737,6796,TCGA-OL-A5D6-DX1_xmin115108_ymin40554_MPP-0.2500+7
19774,0,0,0,0,112,0,0,205,0,0,0,0,0,0,3163,0,0,25386,0,0,0,0,0,1536,19774,0,0,0,0,112,0,0,205,0,0,0,0,0,0,3160,0,0,25389,0,0,0,0,0,1536,19774,0,0,0,0,112,0,0,205,0,0,0,0,0,0,3051,0,0,25498,0,0,0,0,0,1536,18471,107,25314,4748,21598,TCGA-OL-A5D6-DX1_xmin115108_ymin40554_MPP-0.2500+70
33384,0,0,0,0,164,0,0,0,0,0,0,0,0,0,514,0,0,0,0,0,0,0,0,16114,33384,0,0,0,0,164,0,0,0,0,0,0,0,0,0,514,0,0,0,0,0,0,0,0,16114,33384,0,0,0,0,164,0,0,0,0,0,0,0,0,0,514,0,0,0,0,0,0,0,0,16114,2392,249,29432,1989,2488,TCGA-OL-A5D6-DX1_xmin115108_ymin40554_MPP-0.2500+71
42562,0,0,0,0,79,0,0,0,0,0,0,0,0,0,0,0,0,0,0,0,0,0,0,7535,42562,0,0,0,0,79,0,0,0,0,0,0,0,0,0,0,0,0,0,0,0,0,0,0,7535,42562,0,0,0,0,79,0,0,0,0,0,0,0,0,0,0,0,0,0,0,0,0,0,0,7535,6046,124,34614,1857,7914,TCGA-OL-A5D6-DX1_xmin115108_ymin40554_MPP-0.2500+72
25306,11796,0,0,0,0,0,0,0,0,0,0,0,0,0,0,0,0,0,0,0,0,0,0,13074,25409,11693,0,0,0,0,0,0,0,0,0,0,0,0,0,0,0,0,0,0,0,0,0,0,13074,25122,11980,0,0,0,0,0,0,0,0,0,0,0,0,0,0,0,0,0,0,0,0,0,0,13074,2861,1215,29096,3930,4875,TCGA-OL-A5D6-DX1_xmin115108_ymin40554_MPP-0.2500+73
37227,5250,0,0,0,0,7699,0,0,0,0,0,0,0,0,0,0,0,0,0,0,0,0,0,0,37290,5187,0,0,0,0,7699,0,0,0,0,0,0,0,0,0,0,0,0,0,0,0,0,0,0,37053,5424,0,0,0,0,7699,0,0,0,0,0,0,0,0,0,0,0,0,0,0,0,0,0,0,1917,1067,43248,3944,4757,TCGA-OL-A5D6-DX1_xmin115108_ymin40554_MPP-0.2500+74
0,1367,0,0,0,0,48809,0,0,0,0,0,0,0,0,0,0,0,0,0,0,0,0,0,0,0,1367,0,0,0,0,48809,0,0,0,0,0,0,0,0,0,0,0,0,0,0,0,0,0,0,0,1367,0,0,0,0,48809,0,0,0,0,0,0,0,0,0,0,0,0,0,0,0,0,0,0,3135,355,45771,915,5178,TCGA-OL-A5D6-DX1_xmin115108_ymin40554_MPP-0.2500+75
0,0,0,0,0,0,50176,0,0,0,0,0,0,0,0,0,0,0,0,0,0,0,0,0,0,0,0,0,0,0,0,50176,0,0,0,0,0,0,0,0,0,0,0,0,0,0,0,0,0,0,0,0,0,0,0,0,50176,0,0,0,0,0,0,0,0,0,0,0,0,0,0,0,0,0,0,3902,0,46087,187,8845,TCGA-OL-A5D6-DX1_xmin115108_ymin40554_MPP-0.2500+76
10731,11027,0,0,0,1157,27218,0,0,0,0,0,0,0,0,0,0,0,0,0,0,0,0,0,43,10937,10821,0,0,0,1132,27243,0,0,0,0,0,0,0,0,0,0,0,0,0,0,0,0,0,43,10974,10784,0,0,0,1073,27302,0,0,0,0,0,0,0,0,0,0,0,0,0,0,0,0,0,43,5943,2901,31536,9753,9975,TCGA-OL-A5D6-DX1_xmin115108_ymin40554_MPP-0.2500+77
0,30808,0,0,0,0,14600,0,0,0,0,0,0,0,0,0,0,0,0,0,0,0,0,0,4768,0,30808,0,0,0,0,14600,0,0,0,0,0,0,0,0,0,0,0,0,0,0,0,0,0,4768,0,30808,0,0,0,0,14600,0,0,0,0,0,0,0,0,0,0,0,0,0,0,0,0,0,4768,802,4731,17150,22725,6193,TCGA-OL-A5D6-DX1_xmin115108_ymin40554_MPP-0.2500+78
0,30116,0,0,0,0,0,0,0,0,0,0,0,0,0,0,0,0,0,0,0,0,0,0,20060,0,30116,0,0,0,0,0,0,0,0,0,0,0,0,0,0,0,0,0,0,0,0,0,0,20060,0,30116,0,0,0,0,0,0,0,0,0,0,0,0,0,0,0,0,0,0,0,0,0,0,20060,843,1594,6897,20782,6702,TCGA-OL-A5D6-DX1_xmin115108_ymin40554_MPP-0.2500+79
13507,4739,0,0,0,310,31620,0,0,0,0,0,0,0,0,0,0,0,0,0,0,0,0,0,0,13508,4738,0,0,0,330,31600,0,0,0,0,0,0,0,0,0,0,0,0,0,0,0,0,0,0,13489,4757,0,0,0,390,31540,0,0,0,0,0,0,0,0,0,0,0,0,0,0,0,0,0,0,6961,1824,37419,3972,9295,TCGA-OL-A5D6-DX1_xmin115108_ymin40554_MPP-0.2500+8
46000,0,0,0,0,0,0,0,0,0,0,0,0,0,0,0,0,0,0,0,0,0,0,0,4176,46000,0,0,0,0,0,0,0,0,0,0,0,0,0,0,0,0,0,0,0,0,0,0,0,4176,46000,0,0,0,0,0,0,0,0,0,0,0,0,0,0,0,0,0,0,0,0,0,0,0,4176,1297,0,44703,0,1876,TCGA-OL-A5D6-DX1_xmin115108_ymin40554_MPP-0.2500+80
33793,0,0,0,0,0,0,0,0,0,0,0,0,0,0,0,0,0,0,0,0,0,0,0,16383,33793,0,0,0,0,0,0,0,0,0,0,0,0,0,0,0,0,0,0,0,0,0,0,0,16383,33793,0,0,0,0,0,0,0,0,0,0,0,0,0,0,0,0,0,0,0,0,0,0,0,16383,1960,0,31833,0,3936,TCGA-OL-A5D6-DX1_xmin115108_ymin40554_MPP-0.2500+81
25178,0,0,0,0,64,0,0,0,0,0,0,0,0,0,0,0,0,0,0,0,0,0,0,24934,25178,0,0,0,0,64,0,0,0,0,0,0,0,0,0,0,0,0,0,0,0,0,0,0,24934,25178,0,0,0,0,64,0,0,0,0,0,0,0,0,0,0,0,0,0,0,0,0,0,0,24934,170,33,25001,38,445,TCGA-OL-A5D6-DX1_xmin115108_ymin40554_MPP-0.2500+82
21981,4680,0,0,0,1075,15512,0,0,0,0,0,0,0,0,0,0,0,0,0,0,0,0,0,6928,22125,4536,0,0,0,1174,15413,0,0,0,0,0,0,0,0,0,0,0,0,0,0,0,0,0,6928,22014,4647,0,0,0,1070,15517,0,0,0,0,0,0,0,0,0,0,0,0,0,0,0,0,0,6928,1828,947,34789,5684,3588,TCGA-OL-A5D6-DX1_xmin115108_ymin40554_MPP-0.2500+83
5415,369,0,0,0,615,43777,0,0,0,0,0,0,0,0,0,0,0,0,0,0,0,0,0,0,5417,367,0,0,0,605,43787,0,0,0,0,0,0,0,0,0,0,0,0,0,0,0,0,0,0,5422,362,0,0,0,528,43864,0,0,0,0,0,0,0,0,0,0,0,0,0,0,0,0,0,0,1958,502,47218,498,3703,TCGA-OL-A5D6-DX1_xmin115108_ymin40554_MPP-0.2500+84
0,3375,0,0,0,0,46801,0,0,0,0,0,0,0,0,0,0,0,0,0,0,0,0,0,0,0,3375,0,0,0,0,46801,0,0,0,0,0,0,0,0,0,0,0,0,0,0,0,0,0,0,0,3375,0,0,0,0,46801,0,0,0,0,0,0,0,0,0,0,0,0,0,0,0,0,0,0,3613,901,44104,1558,5266,TCGA-OL-A5D6-DX1_xmin115108_ymin40554_MPP-0.2500+85
16012,4184,0,0,0,5726,24254,0,0,0,0,0,0,0,0,0,0,0,0,0,0,0,0,0,0,15527,4669,0,0,0,6202,23778,0,0,0,0,0,0,0,0,0,0,0,0,0,0,0,0,0,0,15276,4920,0,0,0,6514,23466,0,0,0,0,0,0,0,0,0,0,0,0,0,0,0,0,0,0,7864,2617,29881,9814,15626,TCGA-OL-A5D6-DX1_xmin115108_ymin40554_MPP-0.2500+86
32698,0,0,0,0,4900,0,0,0,0,0,0,0,0,0,0,0,0,0,0,0,0,0,0,12578,32698,0,0,0,0,4900,0,0,0,0,0,0,0,0,0,0,0,0,0,0,0,0,0,0,12578,32698,0,0,0,0,4900,0,0,0,0,0,0,0,0,0,0,0,0,0,0,0,0,0,0,12578,1576,1414,28383,6225,3940,TCGA-OL-A5D6-DX1_xmin115108_ymin40554_MPP-0.2500+87
50176,0,0,0,0,0,0,0,0,0,0,0,0,0,0,0,0,0,0,0,0,0,0,0,0,50176,0,0,0,0,0,0,0,0,0,0,0,0,0,0,0,0,0,0,0,0,0,0,0,0,50176,0,0,0,0,0,0,0,0,0,0,0,0,0,0,0,0,0,0,0,0,0,0,0,0,7769,1364,32765,8278,9361,TCGA-OL-A5D6-DX1_xmin115108_ymin40554_MPP-0.2500+88
8786,32172,0,0,0,0,0,0,0,0,0,0,0,0,0,0,0,0,0,0,0,0,0,0,9218,8812,32146,0,0,0,0,0,0,0,0,0,0,0,0,0,0,0,0,0,0,0,0,0,0,9218,8725,32233,0,0,0,0,0,0,0,0,0,0,0,0,0,0,0,0,0,0,0,0,0,0,9218,317,4936,9356,26349,6462,TCGA-OL-A5D6-DX1_xmin115108_ymin40554_MPP-0.2500+89
8536,5513,0,0,0,189,35938,0,0,0,0,0,0,0,0,0,0,0,0,0,0,0,0,0,0,8525,5524,0,0,0,207,35920,0,0,0,0,0,0,0,0,0,0,0,0,0,0,0,0,0,0,8596,5453,0,0,0,262,35865,0,0,0,0,0,0,0,0,0,0,0,0,0,0,0,0,0,0,5313,1632,39169,4062,7313,TCGA-OL-A5D6-DX1_xmin115108_ymin40554_MPP-0.2500+9
22579,27597,0,0,0,0,0,0,0,0,0,0,0,0,0,0,0,0,0,0,0,0,0,0,0,22643,27533,0,0,0,0,0,0,0,0,0,0,0,0,0,0,0,0,0,0,0,0,0,0,0,21908,28268,0,0,0,0,0,0,0,0,0,0,0,0,0,0,0,0,0,0,0,0,0,0,0,6667,2601,27386,13522,11549,TCGA-OL-A5D7-DX1_xmin114443_ymin22490_MPP-0.2500+0
0,1174,0,0,0,0,44581,0,0,0,0,0,0,0,0,0,0,0,0,0,0,0,0,0,4421,0,1174,0,0,0,0,44581,0,0,0,0,0,0,0,0,0,0,0,0,0,0,0,0,0,4421,0,1174,0,0,0,0,44581,0,0,0,0,0,0,0,0,0,0,0,0,0,0,0,0,0,4421,7458,1333,28300,8664,15895,TCGA-OL-A5D7-DX1_xmin114443_ymin22490_MPP-0.2500+1
8775,145,0,0,0,12329,24592,0,0,0,0,0,0,0,0,554,3781,0,0,0,0,0,0,0,0,8726,194,0,0,0,11903,25018,0,0,0,0,0,0,0,0,557,3778,0,0,0,0,0,0,0,0,8726,194,0,0,0,12060,24861,0,0,0,0,0,0,0,0,644,3691,0,0,0,0,0,0,0,0,5605,2668,21967,19936,19792,TCGA-OL-A5D7-DX1_xmin114443_ymin22490_MPP-0.2500+10
14056,3958,0,0,0,8306,23856,0,0,0,0,0,0,0,0,0,0,0,0,0,0,0,0,0,0,14117,3897,0,0,0,8307,23855,0,0,0,0,0,0,0,0,0,0,0,0,0,0,0,0,0,0,14013,4001,0,0,0,7881,24281,0,0,0,0,0,0,0,0,0,0,0,0,0,0,0,0,0,0,4189,2534,32426,11027,8180,TCGA-OL-A5D7-DX1_xmin114443_ymin22490_MPP-0.2500+100
33816,2289,0,0,0,633,13438,0,0,0,0,0,0,0,0,0,0,0,0,0,0,0,0,0,0,33740,2365,0,0,0,657,13414,0,0,0,0,0,0,0,0,0,0,0,0,0,0,0,0,0,0,33621,2484,0,0,0,651,13420,0,0,0,0,0,0,0,0,0,0,0,0,0,0,0,0,0,0,3623,286,44085,2182,3780,TCGA-OL-A5D7-DX1_xmin114443_ymin22490_MPP-0.2500+101
35207,3326,0,0,0,2512,9131,0,0,0,0,0,0,0,0,0,0,0,0,0,0,0,0,0,0,35167,3366,0,0,0,2557,9086,0,0,0,0,0,0,0,0,0,0,0,0,0,0,0,0,0,0,34989,3544,0,0,0,2152,9491,0,0,0,0,0,0,0,0,0,0,0,0,0,0,0,0,0,0,2970,3254,37315,6637,7308,TCGA-OL-A5D7-DX1_xmin114443_ymin22490_MPP-0.2500+102
50176,0,0,0,0,0,0,0,0,0,0,0,0,0,0,0,0,0,0,0,0,0,0,0,0,50176,0,0,0,0,0,0,0,0,0,0,0,0,0,0,0,0,0,0,0,0,0,0,0,0,50176,0,0,0,0,0,0,0,0,0,0,0,0,0,0,0,0,0,0,0,0,0,0,0,0,1052,0,49124,0,1734,TCGA-OL-A5D7-DX1_xmin114443_ymin22490_MPP-0.2500+103
50176,0,0,0,0,0,0,0,0,0,0,0,0,0,0,0,0,0,0,0,0,0,0,0,0,50176,0,0,0,0,0,0,0,0,0,0,0,0,0,0,0,0,0,0,0,0,0,0,0,0,50176,0,0,0,0,0,0,0,0,0,0,0,0,0,0,0,0,0,0,0,0,0,0,0,0,1429,0,48747,0,1717,TCGA-OL-A5D7-DX1_xmin114443_ymin22490_MPP-0.2500+104
50176,0,0,0,0,0,0,0,0,0,0,0,0,0,0,0,0,0,0,0,0,0,0,0,0,50176,0,0,0,0,0,0,0,0,0,0,0,0,0,0,0,0,0,0,0,0,0,0,0,0,50176,0,0,0,0,0,0,0,0,0,0,0,0,0,0,0,0,0,0,0,0,0,0,0,0,949,0,49227,0,1185,TCGA-OL-A5D7-DX1_xmin114443_ymin22490_MPP-0.2500+105
41299,0,0,0,0,8877,0,0,0,0,0,0,0,0,0,0,0,0,0,0,0,0,0,0,0,41299,0,0,0,0,8877,0,0,0,0,0,0,0,0,0,0,0,0,0,0,0,0,0,0,0,41299,0,0,0,0,8877,0,0,0,0,0,0,0,0,0,0,0,0,0,0,0,0,0,0,0,2436,2833,38832,6075,4863,TCGA-OL-A5D7-DX1_xmin114443_ymin22490_MPP-0.2500+106
32819,1747,0,0,0,883,10000,0,0,0,0,0,0,0,0,0,0,0,0,0,0,0,0,0,4727,32882,1684,0,0,0,973,9910,0,0,0,0,0,0,0,0,0,0,0,0,0,0,0,0,0,4727,32862,1704,0,0,0,962,9921,0,0,0,0,0,0,0,0,0,0,0,0,0,0,0,0,0,4727,1344,710,41465,1930,5224,TCGA-OL-A5D7-DX1_xmin114443_ymin22490_MPP-0.2500+107
27523,0,0,0,0,3717,13852,0,0,0,0,908,0,0,0,0,0,0,0,0,0,0,0,0,4176,27523,0,0,0,0,3750,13819,0,0,0,0,908,0,0,0,0,0,0,0,0,0,0,0,0,4176,27523,0,0,0,0,3636,13933,0,0,0,0,908,0,0,0,0,0,0,0,0,0,0,0,0,4176,1631,684,38793,4892,3710,TCGA-OL-A5D7-DX1_xmin114443_ymin22490_MPP-0.2500+108
15052,0,0,0,0,10721,18716,0,0,0,25,5662,0,0,0,0,0,0,0,0,0,0,0,0,0,15052,0,0,0,0,10950,18487,0,0,0,130,5557,0,0,0,0,0,0,0,0,0,0,0,0,0,15052,0,0,0,0,10786,18651,0,0,0,173,5514,0,0,0,0,0,0,0,0,0,0,0,0,0,5866,1203,24461,18646,13590,TCGA-OL-A5D7-DX1_xmin114443_ymin22490_MPP-0.2500+109
647,0,0,466,0,7333,0,0,5090,0,0,0,0,0,0,670,0,0,21842,0,0,0,0,0,14128,471,0,0,642,0,7141,0,0,5282,0,0,0,0,0,0,862,0,0,21650,0,0,0,0,0,14128,334,0,0,779,0,6717,0,0,5706,0,0,0,0,0,0,862,0,0,21650,0,0,0,0,0,14128,11094,1956,7669,15329,19076,TCGA-OL-A5D7-DX1_xmin114443_ymin22490_MPP-0.2500+11
11135,0,0,0,0,10464,14850,0,0,0,1615,12112,0,0,0,0,0,0,0,0,0,0,0,0,0,11135,0,0,0,0,10623,14691,0,0,0,1876,11851,0,0,0,0,0,0,0,0,0,0,0,0,0,11135,0,0,0,0,10582,14732,0,0,0,1573,12154,0,0,0,0,0,0,0,0,0,0,0,0,0,1175,1002,19825,28174,15425,TCGA-OL-A5D7-DX1_xmin114443_ymin22490_MPP-0.2500+110
14169,1223,0,0,0,1594,3796,0,0,0,2699,26695,0,0,0,0,0,0,0,0,0,0,0,0,0,14029,1363,0,0,0,1571,3819,0,0,0,2870,26524,0,0,0,0,0,0,0,0,0,0,0,0,0,13952,1440,0,0,0,1554,3836,0,0,0,2856,26538,0,0,0,0,0,0,0,0,0,0,0,0,0,4589,1687,19124,24776,16389,TCGA-OL-A5D7-DX1_xmin114443_ymin22490_MPP-0.2500+111
43804,0,0,0,0,664,0,0,0,0,5708,0,0,0,0,0,0,0,0,0,0,0,0,0,0,43804,0,0,0,0,664,0,0,0,0,5708,0,0,0,0,0,0,0,0,0,0,0,0,0,0,43804,0,0,0,0,664,0,0,0,0,5708,0,0,0,0,0,0,0,0,0,0,0,0,0,0,5391,389,36147,8249,6354,TCGA-OL-A5D7-DX1_xmin114443_ymin22490_MPP-0.2500+112
44318,0,0,0,0,5858,0,0,0,0,0,0,0,0,0,0,0,0,0,0,0,0,0,0,0,44318,0,0,0,0,5858,0,0,0,0,0,0,0,0,0,0,0,0,0,0,0,0,0,0,0,44318,0,0,0,0,5858,0,0,0,0,0,0,0,0,0,0,0,0,0,0,0,0,0,0,0,965,1511,43353,4347,2713,TCGA-OL-A5D7-DX1_xmin114443_ymin22490_MPP-0.2500+113
30834,11098,0,0,0,3360,4884,0,0,0,0,0,0,0,0,0,0,0,0,0,0,0,0,0,0,30627,11305,0,0,0,3372,4872,0,0,0,0,0,0,0,0,0,0,0,0,0,0,0,0,0,0,30321,11611,0,0,0,3226,5018,0,0,0,0,0,0,0,0,0,0,0,0,0,0,0,0,0,0,6766,1669,27186,14555,10619,TCGA-OL-A5D7-DX1_xmin114443_ymin22490_MPP-0.2500+114
9656,16574,0,0,0,0,23946,0,0,0,0,0,0,0,0,0,0,0,0,0,0,0,0,0,0,9562,16668,0,0,0,0,23946,0,0,0,0,0,0,0,0,0,0,0,0,0,0,0,0,0,0,9469,16761,0,0,0,0,23946,0,0,0,0,0,0,0,0,0,0,0,0,0,0,0,0,0,0,5044,5128,28343,11661,8037,TCGA-OL-A5D7-DX1_xmin114443_ymin22490_MPP-0.2500+115
27136,1655,0,0,0,3433,17952,0,0,0,0,0,0,0,0,0,0,0,0,0,0,0,0,0,0,26993,1798,0,0,0,3325,18060,0,0,0,0,0,0,0,0,0,0,0,0,0,0,0,0,0,0,26818,1973,0,0,0,3319,18066,0,0,0,0,0,0,0,0,0,0,0,0,0,0,0,0,0,0,3687,749,42173,3567,6830,TCGA-OL-A5D7-DX1_xmin114443_ymin22490_MPP-0.2500+116
36229,5404,0,0,0,0,8543,0,0,0,0,0,0,0,0,0,0,0,0,0,0,0,0,0,0,36215,5418,0,0,0,0,8543,0,0,0,0,0,0,0,0,0,0,0,0,0,0,0,0,0,0,35977,5656,0,0,0,0,8543,0,0,0,0,0,0,0,0,0,0,0,0,0,0,0,0,0,0,3101,1098,42518,3459,4508,TCGA-OL-A5D7-DX1_xmin114443_ymin22490_MPP-0.2500+117
14362,5839,0,0,0,3907,26068,0,0,0,0,0,0,0,0,0,0,0,0,0,0,0,0,0,0,14354,5847,0,0,0,4778,25197,0,0,0,0,0,0,0,0,0,0,0,0,0,0,0,0,0,0,14311,5890,0,0,0,5039,24936,0,0,0,0,0,0,0,0,0,0,0,0,0,0,0,0,0,0,5017,1387,32905,10867,8645,TCGA-OL-A5D7-DX1_xmin114443_ymin22490_MPP-0.2500+118
5091,61,0,0,0,7247,37777,0,0,0,0,0,0,0,0,0,0,0,0,0,0,0,0,0,0,5032,120,0,0,0,7358,37666,0,0,0,0,0,0,0,0,0,0,0,0,0,0,0,0,0,0,5026,126,0,0,0,7313,37711,0,0,0,0,0,0,0,0,0,0,0,0,0,0,0,0,0,0,6000,1044,36525,6607,12151,TCGA-OL-A5D7-DX1_xmin114443_ymin22490_MPP-0.2500+119
3,0,0,98,0,282,0,0,887,0,0,0,0,0,0,67,0,0,47779,0,0,0,0,0,1060,3,0,0,98,0,346,0,0,823,0,0,0,0,0,0,35,0,0,47811,0,0,0,0,0,1060,0,0,0,101,0,317,0,0,852,0,0,0,0,0,0,67,0,0,47779,0,0,0,0,0,1060,24420,0,21833,2863,28778,TCGA-OL-A5D7-DX1_xmin114443_ymin22490_MPP-0.2500+12
32544,0,0,0,0,4699,0,0,0,0,12933,0,0,0,0,0,0,0,0,0,0,0,0,0,0,32544,0,0,0,0,4699,0,0,0,0,12933,0,0,0,0,0,0,0,0,0,0,0,0,0,0,32544,0,0,0,0,4699,0,0,0,0,12933,0,0,0,0,0,0,0,0,0,0,0,0,0,0,2654,1531,24409,21582,9254,TCGA-OL-A5D7-DX1_xmin114443_ymin22490_MPP-0.2500+120
50176,0,0,0,0,0,0,0,0,0,0,0,0,0,0,0,0,0,0,0,0,0,0,0,0,50176,0,0,0,0,0,0,0,0,0,0,0,0,0,0,0,0,0,0,0,0,0,0,0,0,50176,0,0,0,0,0,0,0,0,0,0,0,0,0,0,0,0,0,0,0,0,0,0,0,0,3808,0,46007,361,3844,TCGA-OL-A5D7-DX1_xmin114443_ymin22490_MPP-0.2500+121
50176,0,0,0,0,0,0,0,0,0,0,0,0,0,0,0,0,0,0,0,0,0,0,0,0,50176,0,0,0,0,0,0,0,0,0,0,0,0,0,0,0,0,0,0,0,0,0,0,0,0,50176,0,0,0,0,0,0,0,0,0,0,0,0,0,0,0,0,0,0,0,0,0,0,0,0,1667,0,48387,122,1377,TCGA-OL-A5D7-DX1_xmin114443_ymin22490_MPP-0.2500+122
50176,0,0,0,0,0,0,0,0,0,0,0,0,0,0,0,0,0,0,0,0,0,0,0,0,50176,0,0,0,0,0,0,0,0,0,0,0,0,0,0,0,0,0,0,0,0,0,0,0,0,50176,0,0,0,0,0,0,0,0,0,0,0,0,0,0,0,0,0,0,0,0,0,0,0,0,1219,0,48789,168,2251,TCGA-OL-A5D7-DX1_xmin114443_ymin22490_MPP-0.2500+123
50176,0,0,0,0,0,0,0,0,0,0,0,0,0,0,0,0,0,0,0,0,0,0,0,0,50176,0,0,0,0,0,0,0,0,0,0,0,0,0,0,0,0,0,0,0,0,0,0,0,0,50176,0,0,0,0,0,0,0,0,0,0,0,0,0,0,0,0,0,0,0,0,0,0,0,0,849,0,49327,0,1539,TCGA-OL-A5D7-DX1_xmin114443_ymin22490_MPP-0.2500+124
50176,0,0,0,0,0,0,0,0,0,0,0,0,0,0,0,0,0,0,0,0,0,0,0,0,50176,0,0,0,0,0,0,0,0,0,0,0,0,0,0,0,0,0,0,0,0,0,0,0,0,50176,0,0,0,0,0,0,0,0,0,0,0,0,0,0,0,0,0,0,0,0,0,0,0,0,1529,0,48647,0,2037,TCGA-OL-A5D7-DX1_xmin114443_ymin22490_MPP-0.2500+125
50176,0,0,0,0,0,0,0,0,0,0,0,0,0,0,0,0,0,0,0,0,0,0,0,0,50176,0,0,0,0,0,0,0,0,0,0,0,0,0,0,0,0,0,0,0,0,0,0,0,0,50176,0,0,0,0,0,0,0,0,0,0,0,0,0,0,0,0,0,0,0,0,0,0,0,0,5040,0,45071,65,5461,TCGA-OL-A5D7-DX1_xmin114443_ymin22490_MPP-0.2500+126
50176,0,0,0,0,0,0,0,0,0,0,0,0,0,0,0,0,0,0,0,0,0,0,0,0,50176,0,0,0,0,0,0,0,0,0,0,0,0,0,0,0,0,0,0,0,0,0,0,0,0,50176,0,0,0,0,0,0,0,0,0,0,0,0,0,0,0,0,0,0,0,0,0,0,0,0,2211,0,47965,0,2454,TCGA-OL-A5D7-DX1_xmin114443_ymin22490_MPP-0.2500+127
50176,0,0,0,0,0,0,0,0,0,0,0,0,0,0,0,0,0,0,0,0,0,0,0,0,50176,0,0,0,0,0,0,0,0,0,0,0,0,0,0,0,0,0,0,0,0,0,0,0,0,50176,0,0,0,0,0,0,0,0,0,0,0,0,0,0,0,0,0,0,0,0,0,0,0,0,2626,0,47550,0,3767,TCGA-OL-A5D7-DX1_xmin114443_ymin22490_MPP-0.2500+128
50176,0,0,0,0,0,0,0,0,0,0,0,0,0,0,0,0,0,0,0,0,0,0,0,0,50176,0,0,0,0,0,0,0,0,0,0,0,0,0,0,0,0,0,0,0,0,0,0,0,0,50176,0,0,0,0,0,0,0,0,0,0,0,0,0,0,0,0,0,0,0,0,0,0,0,0,1533,0,48643,0,2023,TCGA-OL-A5D7-DX1_xmin114443_ymin22490_MPP-0.2500+129
24294,0,0,1151,0,827,0,0,5092,0,0,0,0,0,0,171,0,0,18641,0,0,0,0,0,0,24054,0,0,1391,0,864,0,0,5055,0,0,0,0,0,0,373,0,0,18439,0,0,0,0,0,0,23782,0,0,1663,0,858,0,0,5061,0,0,0,0,0,0,425,0,0,18387,0,0,0,0,0,0,12599,2016,28744,6817,17921,TCGA-OL-A5D7-DX1_xmin114443_ymin22490_MPP-0.2500+13
50176,0,0,0,0,0,0,0,0,0,0,0,0,0,0,0,0,0,0,0,0,0,0,0,0,50176,0,0,0,0,0,0,0,0,0,0,0,0,0,0,0,0,0,0,0,0,0,0,0,0,50176,0,0,0,0,0,0,0,0,0,0,0,0,0,0,0,0,0,0,0,0,0,0,0,0,1461,0,48715,0,3690,TCGA-OL-A5D7-DX1_xmin114443_ymin22490_MPP-0.2500+130
50176,0,0,0,0,0,0,0,0,0,0,0,0,0,0,0,0,0,0,0,0,0,0,0,0,50176,0,0,0,0,0,0,0,0,0,0,0,0,0,0,0,0,0,0,0,0,0,0,0,0,50176,0,0,0,0,0,0,0,0,0,0,0,0,0,0,0,0,0,0,0,0,0,0,0,0,699,0,49477,0,1814,TCGA-OL-A5D7-DX1_xmin114443_ymin22490_MPP-0.2500+131
50176,0,0,0,0,0,0,0,0,0,0,0,0,0,0,0,0,0,0,0,0,0,0,0,0,50176,0,0,0,0,0,0,0,0,0,0,0,0,0,0,0,0,0,0,0,0,0,0,0,0,50176,0,0,0,0,0,0,0,0,0,0,0,0,0,0,0,0,0,0,0,0,0,0,0,0,3273,0,46903,0,3210,TCGA-OL-A5D7-DX1_xmin114443_ymin22490_MPP-0.2500+132
50176,0,0,0,0,0,0,0,0,0,0,0,0,0,0,0,0,0,0,0,0,0,0,0,0,50176,0,0,0,0,0,0,0,0,0,0,0,0,0,0,0,0,0,0,0,0,0,0,0,0,50176,0,0,0,0,0,0,0,0,0,0,0,0,0,0,0,0,0,0,0,0,0,0,0,0,2150,0,47806,220,2970,TCGA-OL-A5D7-DX1_xmin114443_ymin22490_MPP-0.2500+133
50176,0,0,0,0,0,0,0,0,0,0,0,0,0,0,0,0,0,0,0,0,0,0,0,0,50176,0,0,0,0,0,0,0,0,0,0,0,0,0,0,0,0,0,0,0,0,0,0,0,0,50176,0,0,0,0,0,0,0,0,0,0,0,0,0,0,0,0,0,0,0,0,0,0,0,0,2740,0,47436,0,3463,TCGA-OL-A5D7-DX1_xmin114443_ymin22490_MPP-0.2500+134
50176,0,0,0,0,0,0,0,0,0,0,0,0,0,0,0,0,0,0,0,0,0,0,0,0,50176,0,0,0,0,0,0,0,0,0,0,0,0,0,0,0,0,0,0,0,0,0,0,0,0,50176,0,0,0,0,0,0,0,0,0,0,0,0,0,0,0,0,0,0,0,0,0,0,0,0,2015,0,47037,1124,3432,TCGA-OL-A5D7-DX1_xmin114443_ymin22490_MPP-0.2500+135
50176,0,0,0,0,0,0,0,0,0,0,0,0,0,0,0,0,0,0,0,0,0,0,0,0,50176,0,0,0,0,0,0,0,0,0,0,0,0,0,0,0,0,0,0,0,0,0,0,0,0,50176,0,0,0,0,0,0,0,0,0,0,0,0,0,0,0,0,0,0,0,0,0,0,0,0,2278,0,47032,866,3759,TCGA-OL-A5D7-DX1_xmin114443_ymin22490_MPP-0.2500+136
50176,0,0,0,0,0,0,0,0,0,0,0,0,0,0,0,0,0,0,0,0,0,0,0,0,50176,0,0,0,0,0,0,0,0,0,0,0,0,0,0,0,0,0,0,0,0,0,0,0,0,50176,0,0,0,0,0,0,0,0,0,0,0,0,0,0,0,0,0,0,0,0,0,0,0,0,1281,0,48895,0,1676,TCGA-OL-A5D7-DX1_xmin114443_ymin22490_MPP-0.2500+137
0,0,0,0,0,0,0,0,0,0,0,33063,17113,0,0,0,0,0,0,0,0,0,0,0,0,0,0,0,0,0,0,0,0,0,0,0,32441,17735,0,0,0,0,0,0,0,0,0,0,0,0,0,0,0,0,0,0,0,0,0,0,0,32986,17190,0,0,0,0,0,0,0,0,0,0,0,0,6454,187,10590,32945,19811,TCGA-OL-A5D7-DX1_xmin114443_ymin22490_MPP-0.2500+138
0,458,0,0,0,0,197,0,0,0,1600,47921,0,0,0,0,0,0,0,0,0,0,0,0,0,0,458,0,0,0,0,197,0,0,0,1088,48433,0,0,0,0,0,0,0,0,0,0,0,0,0,0,458,0,0,0,0,197,0,0,0,896,48625,0,0,0,0,0,0,0,0,0,0,0,0,0,5,1539,1376,47256,25537,TCGA-OL-A5D7-DX1_xmin114443_ymin22490_MPP-0.2500+139
50176,0,0,0,0,0,0,0,0,0,0,0,0,0,0,0,0,0,0,0,0,0,0,0,0,50176,0,0,0,0,0,0,0,0,0,0,0,0,0,0,0,0,0,0,0,0,0,0,0,0,50176,0,0,0,0,0,0,0,0,0,0,0,0,0,0,0,0,0,0,0,0,0,0,0,0,2712,0,47061,403,4180,TCGA-OL-A5D7-DX1_xmin114443_ymin22490_MPP-0.2500+14
30800,0,0,0,0,2215,0,0,0,0,17161,0,0,0,0,0,0,0,0,0,0,0,0,0,0,30800,0,0,0,0,2215,0,0,0,0,17161,0,0,0,0,0,0,0,0,0,0,0,0,0,0,30800,0,0,0,0,2215,0,0,0,0,17161,0,0,0,0,0,0,0,0,0,0,0,0,0,0,6202,2538,21943,19493,8799,TCGA-OL-A5D7-DX1_xmin114443_ymin22490_MPP-0.2500+140
50176,0,0,0,0,0,0,0,0,0,0,0,0,0,0,0,0,0,0,0,0,0,0,0,0,50176,0,0,0,0,0,0,0,0,0,0,0,0,0,0,0,0,0,0,0,0,0,0,0,0,50176,0,0,0,0,0,0,0,0,0,0,0,0,0,0,0,0,0,0,0,0,0,0,0,0,1983,0,48193,0,1262,TCGA-OL-A5D7-DX1_xmin114443_ymin22490_MPP-0.2500+141
50176,0,0,0,0,0,0,0,0,0,0,0,0,0,0,0,0,0,0,0,0,0,0,0,0,50176,0,0,0,0,0,0,0,0,0,0,0,0,0,0,0,0,0,0,0,0,0,0,0,0,50176,0,0,0,0,0,0,0,0,0,0,0,0,0,0,0,0,0,0,0,0,0,0,0,0,209,0,49967,0,889,TCGA-OL-A5D7-DX1_xmin114443_ymin22490_MPP-0.2500+142
50176,0,0,0,0,0,0,0,0,0,0,0,0,0,0,0,0,0,0,0,0,0,0,0,0,50176,0,0,0,0,0,0,0,0,0,0,0,0,0,0,0,0,0,0,0,0,0,0,0,0,50176,0,0,0,0,0,0,0,0,0,0,0,0,0,0,0,0,0,0,0,0,0,0,0,0,2509,0,47667,0,2729,TCGA-OL-A5D7-DX1_xmin114443_ymin22490_MPP-0.2500+143
50176,0,0,0,0,0,0,0,0,0,0,0,0,0,0,0,0,0,0,0,0,0,0,0,0,50176,0,0,0,0,0,0,0,0,0,0,0,0,0,0,0,0,0,0,0,0,0,0,0,0,50176,0,0,0,0,0,0,0,0,0,0,0,0,0,0,0,0,0,0,0,0,0,0,0,0,2884,0,47292,0,3092,TCGA-OL-A5D7-DX1_xmin114443_ymin22490_MPP-0.2500+144
49931,0,0,0,0,245,0,0,0,0,0,0,0,0,0,0,0,0,0,0,0,0,0,0,0,49931,0,0,0,0,245,0,0,0,0,0,0,0,0,0,0,0,0,0,0,0,0,0,0,0,49931,0,0,0,0,245,0,0,0,0,0,0,0,0,0,0,0,0,0,0,0,0,0,0,0,1233,73,48852,18,1270,TCGA-OL-A5D7-DX1_xmin114443_ymin22490_MPP-0.2500+145
34383,834,0,0,0,8151,6808,0,0,0,0,0,0,0,0,0,0,0,0,0,0,0,0,0,0,34302,915,0,0,0,7770,7189,0,0,0,0,0,0,0,0,0,0,0,0,0,0,0,0,0,0,34221,996,0,0,0,6657,8302,0,0,0,0,0,0,0,0,0,0,0,0,0,0,0,0,0,0,1657,1868,36122,10529,9112,TCGA-OL-A5D7-DX1_xmin114443_ymin22490_MPP-0.2500+146
15873,2784,0,0,0,9738,21781,0,0,0,0,0,0,0,0,0,0,0,0,0,0,0,0,0,0,16089,2568,0,0,0,10062,21457,0,0,0,0,0,0,0,0,0,0,0,0,0,0,0,0,0,0,16029,2628,0,0,0,9534,21985,0,0,0,0,0,0,0,0,0,0,0,0,0,0,0,0,0,0,4166,1494,29343,15173,17376,TCGA-OL-A5D7-DX1_xmin114443_ymin22490_MPP-0.2500+147
24599,4071,0,0,0,1483,20023,0,0,0,0,0,0,0,0,0,0,0,0,0,0,0,0,0,0,24591,4079,0,0,0,1384,20122,0,0,0,0,0,0,0,0,0,0,0,0,0,0,0,0,0,0,24570,4100,0,0,0,1208,20298,0,0,0,0,0,0,0,0,0,0,0,0,0,0,0,0,0,0,6977,807,36751,5641,13506,TCGA-OL-A5D7-DX1_xmin114443_ymin22490_MPP-0.2500+148
50176,0,0,0,0,0,0,0,0,0,0,0,0,0,0,0,0,0,0,0,0,0,0,0,0,50176,0,0,0,0,0,0,0,0,0,0,0,0,0,0,0,0,0,0,0,0,0,0,0,0,50176,0,0,0,0,0,0,0,0,0,0,0,0,0,0,0,0,0,0,0,0,0,0,0,0,2584,116,46541,935,4031,TCGA-OL-A5D7-DX1_xmin114443_ymin22490_MPP-0.2500+149
40922,2423,0,0,0,266,6379,0,0,0,0,0,0,0,0,0,0,0,0,0,0,0,0,0,186,41003,2342,0,0,0,319,6326,0,0,0,0,0,0,0,0,0,0,0,0,0,0,0,0,0,186,40941,2404,0,0,0,279,6366,0,0,0,0,0,0,0,0,0,0,0,0,0,0,0,0,0,186,3589,839,42687,2875,6196,TCGA-OL-A5D7-DX1_xmin114443_ymin22490_MPP-0.2500+15
50176,0,0,0,0,0,0,0,0,0,0,0,0,0,0,0,0,0,0,0,0,0,0,0,0,50176,0,0,0,0,0,0,0,0,0,0,0,0,0,0,0,0,0,0,0,0,0,0,0,0,50176,0,0,0,0,0,0,0,0,0,0,0,0,0,0,0,0,0,0,0,0,0,0,0,0,658,0,49518,0,575,TCGA-OL-A5D7-DX1_xmin114443_ymin22490_MPP-0.2500+150
50176,0,0,0,0,0,0,0,0,0,0,0,0,0,0,0,0,0,0,0,0,0,0,0,0,50176,0,0,0,0,0,0,0,0,0,0,0,0,0,0,0,0,0,0,0,0,0,0,0,0,50176,0,0,0,0,0,0,0,0,0,0,0,0,0,0,0,0,0,0,0,0,0,0,0,0,1911,0,47864,401,2374,TCGA-OL-A5D7-DX1_xmin114443_ymin22490_MPP-0.2500+151
50176,0,0,0,0,0,0,0,0,0,0,0,0,0,0,0,0,0,0,0,0,0,0,0,0,50176,0,0,0,0,0,0,0,0,0,0,0,0,0,0,0,0,0,0,0,0,0,0,0,0,50176,0,0,0,0,0,0,0,0,0,0,0,0,0,0,0,0,0,0,0,0,0,0,0,0,258,0,49918,0,303,TCGA-OL-A5D7-DX1_xmin114443_ymin22490_MPP-0.2500+152
50176,0,0,0,0,0,0,0,0,0,0,0,0,0,0,0,0,0,0,0,0,0,0,0,0,50176,0,0,0,0,0,0,0,0,0,0,0,0,0,0,0,0,0,0,0,0,0,0,0,0,50176,0,0,0,0,0,0,0,0,0,0,0,0,0,0,0,0,0,0,0,0,0,0,0,0,2410,0,47544,222,4404,TCGA-OL-A5D7-DX1_xmin114443_ymin22490_MPP-0.2500+153
50176,0,0,0,0,0,0,0,0,0,0,0,0,0,0,0,0,0,0,0,0,0,0,0,0,50176,0,0,0,0,0,0,0,0,0,0,0,0,0,0,0,0,0,0,0,0,0,0,0,0,50176,0,0,0,0,0,0,0,0,0,0,0,0,0,0,0,0,0,0,0,0,0,0,0,0,2865,0,46570,741,4978,TCGA-OL-A5D7-DX1_xmin114443_ymin22490_MPP-0.2500+154
0,0,0,0,0,0,0,0,0,0,50176,0,0,0,0,0,0,0,0,0,0,0,0,0,0,0,0,0,0,0,0,0,0,0,0,50176,0,0,0,0,0,0,0,0,0,0,0,0,0,0,0,0,0,0,0,0,0,0,0,0,50176,0,0,0,0,0,0,0,0,0,0,0,0,0,0,444,2085,3472,44175,10388,TCGA-OL-A5D7-DX1_xmin114443_ymin22490_MPP-0.2500+155
0,0,0,0,0,0,0,0,0,0,6864,43312,0,0,0,0,0,0,0,0,0,0,0,0,0,0,0,0,0,0,0,0,0,0,0,7760,42416,0,0,0,0,0,0,0,0,0,0,0,0,0,0,0,0,0,0,0,0,0,0,0,7440,42736,0,0,0,0,0,0,0,0,0,0,0,0,0,8569,108,6990,34509,15745,TCGA-OL-A5D7-DX1_xmin114443_ymin22490_MPP-0.2500+156
0,0,0,0,0,0,0,0,0,0,128,50048,0,0,0,0,0,0,0,0,0,0,0,0,0,0,0,0,0,0,0,0,0,0,0,480,49696,0,0,0,0,0,0,0,0,0,0,0,0,0,0,0,0,0,0,0,0,0,0,0,480,49696,0,0,0,0,0,0,0,0,0,0,0,0,0,11028,284,8047,30817,15085,TCGA-OL-A5D7-DX1_xmin114443_ymin22490_MPP-0.2500+157
0,0,0,0,0,0,0,0,0,0,2176,48000,0,0,0,0,0,0,0,0,0,0,0,0,0,0,0,0,0,0,0,0,0,0,0,2304,47872,0,0,0,0,0,0,0,0,0,0,0,0,0,0,0,0,0,0,0,0,0,0,0,1952,48224,0,0,0,0,0,0,0,0,0,0,0,0,0,3299,416,3653,42808,13184,TCGA-OL-A5D7-DX1_xmin114443_ymin22490_MPP-0.2500+158
0,3129,0,0,0,0,2743,0,0,0,2016,42288,0,0,0,0,0,0,0,0,0,0,0,0,0,0,3129,0,0,0,0,2743,0,0,0,2400,41904,0,0,0,0,0,0,0,0,0,0,0,0,0,0,3129,0,0,0,0,2743,0,0,0,2080,42224,0,0,0,0,0,0,0,0,0,0,0,0,0,822,1153,4298,43903,13895,TCGA-OL-A5D7-DX1_xmin114443_ymin22490_MPP-0.2500+159
15123,22340,0,0,0,0,11559,0,0,0,0,0,0,0,0,0,0,0,0,0,0,0,0,0,1154,14603,22860,0,0,0,0,11559,0,0,0,0,0,0,0,0,0,0,0,0,0,0,0,0,0,1154,14436,23027,0,0,0,0,11559,0,0,0,0,0,0,0,0,0,0,0,0,0,0,0,0,0,1154,3720,7595,22551,15156,15250,TCGA-OL-A5D7-DX1_xmin114443_ymin22490_MPP-0.2500+16
50176,0,0,0,0,0,0,0,0,0,0,0,0,0,0,0,0,0,0,0,0,0,0,0,0,50176,0,0,0,0,0,0,0,0,0,0,0,0,0,0,0,0,0,0,0,0,0,0,0,0,50176,0,0,0,0,0,0,0,0,0,0,0,0,0,0,0,0,0,0,0,0,0,0,0,0,2217,0,47959,0,3045,TCGA-OL-A5D7-DX1_xmin114443_ymin22490_MPP-0.2500+160
50176,0,0,0,0,0,0,0,0,0,0,0,0,0,0,0,0,0,0,0,0,0,0,0,0,50176,0,0,0,0,0,0,0,0,0,0,0,0,0,0,0,0,0,0,0,0,0,0,0,0,50176,0,0,0,0,0,0,0,0,0,0,0,0,0,0,0,0,0,0,0,0,0,0,0,0,1928,0,48248,0,2918,TCGA-OL-A5D7-DX1_xmin114443_ymin22490_MPP-0.2500+161
50176,0,0,0,0,0,0,0,0,0,0,0,0,0,0,0,0,0,0,0,0,0,0,0,0,50176,0,0,0,0,0,0,0,0,0,0,0,0,0,0,0,0,0,0,0,0,0,0,0,0,50176,0,0,0,0,0,0,0,0,0,0,0,0,0,0,0,0,0,0,0,0,0,0,0,0,1186,0,48499,491,1931,TCGA-OL-A5D7-DX1_xmin114443_ymin22490_MPP-0.2500+162
41114,0,0,0,0,9062,0,0,0,0,0,0,0,0,0,0,0,0,0,0,0,0,0,0,0,41114,0,0,0,0,9062,0,0,0,0,0,0,0,0,0,0,0,0,0,0,0,0,0,0,0,41114,0,0,0,0,9062,0,0,0,0,0,0,0,0,0,0,0,0,0,0,0,0,0,0,0,2245,751,40881,6299,10372,TCGA-OL-A5D7-DX1_xmin114443_ymin22490_MPP-0.2500+163
8070,1230,0,0,0,8623,32253,0,0,0,0,0,0,0,0,0,0,0,0,0,0,0,0,0,0,8078,1222,0,0,0,8609,32267,0,0,0,0,0,0,0,0,0,0,0,0,0,0,0,0,0,0,8096,1204,0,0,0,8600,32276,0,0,0,0,0,0,0,0,0,0,0,0,0,0,0,0,0,0,6555,2066,31449,10106,10199,TCGA-OL-A5D7-DX1_xmin114443_ymin22490_MPP-0.2500+164
0,0,0,0,0,0,50176,0,0,0,0,0,0,0,0,0,0,0,0,0,0,0,0,0,0,0,0,0,0,0,0,50176,0,0,0,0,0,0,0,0,0,0,0,0,0,0,0,0,0,0,0,0,0,0,0,0,50176,0,0,0,0,0,0,0,0,0,0,0,0,0,0,0,0,0,0,13530,0,34336,2310,10885,TCGA-OL-A5D7-DX1_xmin114443_ymin22490_MPP-0.2500+165
0,0,0,0,0,6454,43722,0,0,0,0,0,0,0,0,0,0,0,0,0,0,0,0,0,0,0,0,0,0,0,6327,43849,0,0,0,0,0,0,0,0,0,0,0,0,0,0,0,0,0,0,0,0,0,0,0,6321,43855,0,0,0,0,0,0,0,0,0,0,0,0,0,0,0,0,0,0,9549,156,33918,6553,13666,TCGA-OL-A5D7-DX1_xmin114443_ymin22490_MPP-0.2500+166
668,923,0,0,0,3605,44980,0,0,0,0,0,0,0,0,0,0,0,0,0,0,0,0,0,0,606,985,0,0,0,3176,45409,0,0,0,0,0,0,0,0,0,0,0,0,0,0,0,0,0,0,661,930,0,0,0,3667,44918,0,0,0,0,0,0,0,0,0,0,0,0,0,0,0,0,0,0,9352,1409,29939,9476,15704,TCGA-OL-A5D7-DX1_xmin114443_ymin22490_MPP-0.2500+167
23416,2166,0,0,0,8568,16026,0,0,0,0,0,0,0,0,0,0,0,0,0,0,0,0,0,0,23746,1836,0,0,0,8616,15978,0,0,0,0,0,0,0,0,0,0,0,0,0,0,0,0,0,0,24073,1509,0,0,0,8713,15881,0,0,0,0,0,0,0,0,0,0,0,0,0,0,0,0,0,0,2317,2892,36041,8926,7545,TCGA-OL-A5D7-DX1_xmin114443_ymin22490_MPP-0.2500+168
38144,0,0,0,0,12032,0,0,0,0,0,0,0,0,0,0,0,0,0,0,0,0,0,0,0,38144,0,0,0,0,12032,0,0,0,0,0,0,0,0,0,0,0,0,0,0,0,0,0,0,0,38144,0,0,0,0,12032,0,0,0,0,0,0,0,0,0,0,0,0,0,0,0,0,0,0,0,1544,2735,38448,7449,3986,TCGA-OL-A5D7-DX1_xmin114443_ymin22490_MPP-0.2500+169
50176,0,0,0,0,0,0,0,0,0,0,0,0,0,0,0,0,0,0,0,0,0,0,0,0,50176,0,0,0,0,0,0,0,0,0,0,0,0,0,0,0,0,0,0,0,0,0,0,0,0,50176,0,0,0,0,0,0,0,0,0,0,0,0,0,0,0,0,0,0,0,0,0,0,0,0,349,0,49827,0,580,TCGA-OL-A5D7-DX1_xmin114443_ymin22490_MPP-0.2500+17
49059,0,0,0,0,1117,0,0,0,0,0,0,0,0,0,0,0,0,0,0,0,0,0,0,0,49059,0,0,0,0,1117,0,0,0,0,0,0,0,0,0,0,0,0,0,0,0,0,0,0,0,49059,0,0,0,0,1117,0,0,0,0,0,0,0,0,0,0,0,0,0,0,0,0,0,0,0,386,0,48673,1117,1165,TCGA-OL-A5D7-DX1_xmin114443_ymin22490_MPP-0.2500+170
50176,0,0,0,0,0,0,0,0,0,0,0,0,0,0,0,0,0,0,0,0,0,0,0,0,50176,0,0,0,0,0,0,0,0,0,0,0,0,0,0,0,0,0,0,0,0,0,0,0,0,50176,0,0,0,0,0,0,0,0,0,0,0,0,0,0,0,0,0,0,0,0,0,0,0,0,0,0,50176,0,27,TCGA-OL-A5D7-DX1_xmin114443_ymin22490_MPP-0.2500+171
50176,0,0,0,0,0,0,0,0,0,0,0,0,0,0,0,0,0,0,0,0,0,0,0,0,50176,0,0,0,0,0,0,0,0,0,0,0,0,0,0,0,0,0,0,0,0,0,0,0,0,50176,0,0,0,0,0,0,0,0,0,0,0,0,0,0,0,0,0,0,0,0,0,0,0,0,2453,0,47723,0,2882,TCGA-OL-A5D7-DX1_xmin114443_ymin22490_MPP-0.2500+172
0,0,0,0,0,0,0,0,0,0,3040,47136,0,0,0,0,0,0,0,0,0,0,0,0,0,0,0,0,0,0,0,0,0,0,0,2272,47904,0,0,0,0,0,0,0,0,0,0,0,0,0,0,0,0,0,0,0,0,0,0,0,1952,48224,0,0,0,0,0,0,0,0,0,0,0,0,0,7143,464,8269,34300,13426,TCGA-OL-A5D7-DX1_xmin114443_ymin22490_MPP-0.2500+173
0,0,0,0,0,0,0,0,0,0,640,49536,0,0,0,0,0,0,0,0,0,0,0,0,0,0,0,0,0,0,0,0,0,0,0,448,49728,0,0,0,0,0,0,0,0,0,0,0,0,0,0,0,0,0,0,0,0,0,0,0,448,49728,0,0,0,0,0,0,0,0,0,0,0,0,0,3545,489,5826,40316,21672,TCGA-OL-A5D7-DX1_xmin114443_ymin22490_MPP-0.2500+174
0,0,0,0,0,0,0,0,0,0,50176,0,0,0,0,0,0,0,0,0,0,0,0,0,0,0,0,0,0,0,0,0,0,0,0,50176,0,0,0,0,0,0,0,0,0,0,0,0,0,0,0,0,0,0,0,0,0,0,0,0,50176,0,0,0,0,0,0,0,0,0,0,0,0,0,0,625,832,3580,45139,13444,TCGA-OL-A5D7-DX1_xmin114443_ymin22490_MPP-0.2500+175
0,0,0,0,0,0,0,0,0,0,2464,47712,0,0,0,0,0,0,0,0,0,0,0,0,0,0,0,0,0,0,0,0,0,0,0,2368,47808,0,0,0,0,0,0,0,0,0,0,0,0,0,0,0,0,0,0,0,0,0,0,0,2240,47936,0,0,0,0,0,0,0,0,0,0,0,0,0,538,1142,4012,44484,22844,TCGA-OL-A5D7-DX1_xmin114443_ymin22490_MPP-0.2500+176
0,0,0,0,0,0,0,0,0,0,1088,49088,0,0,0,0,0,0,0,0,0,0,0,0,0,0,0,0,0,0,0,0,0,0,0,896,49280,0,0,0,0,0,0,0,0,0,0,0,0,0,0,0,0,0,0,0,0,0,0,0,960,49216,0,0,0,0,0,0,0,0,0,0,0,0,0,592,1027,2969,45588,15643,TCGA-OL-A5D7-DX1_xmin114443_ymin22490_MPP-0.2500+177
6195,1571,0,0,0,3466,1830,0,0,0,13848,23266,0,0,0,0,0,0,0,0,0,0,0,0,0,6238,1528,0,0,0,3504,1792,0,0,0,14756,22358,0,0,0,0,0,0,0,0,0,0,0,0,0,6229,1537,0,0,0,3506,1790,0,0,0,14580,22534,0,0,0,0,0,0,0,0,0,0,0,0,0,384,1150,8934,39708,17322,TCGA-OL-A5D7-DX1_xmin114443_ymin22490_MPP-0.2500+178
49884,0,0,0,0,278,0,0,0,0,14,0,0,0,0,0,0,0,0,0,0,0,0,0,0,49884,0,0,0,0,278,0,0,0,0,14,0,0,0,0,0,0,0,0,0,0,0,0,0,0,49884,0,0,0,0,278,0,0,0,0,14,0,0,0,0,0,0,0,0,0,0,0,0,0,0,4257,0,44219,1700,6152,TCGA-OL-A5D7-DX1_xmin114443_ymin22490_MPP-0.2500+179
50134,0,0,0,0,0,0,0,0,0,0,0,0,0,0,42,0,0,0,0,0,0,0,0,0,50134,0,0,0,0,0,0,0,0,0,0,0,0,0,0,42,0,0,0,0,0,0,0,0,0,50134,0,0,0,0,0,0,0,0,0,0,0,0,0,0,42,0,0,0,0,0,0,0,0,0,310,0,49824,42,433,TCGA-OL-A5D7-DX1_xmin114443_ymin22490_MPP-0.2500+18
50176,0,0,0,0,0,0,0,0,0,0,0,0,0,0,0,0,0,0,0,0,0,0,0,0,50176,0,0,0,0,0,0,0,0,0,0,0,0,0,0,0,0,0,0,0,0,0,0,0,0,50176,0,0,0,0,0,0,0,0,0,0,0,0,0,0,0,0,0,0,0,0,0,0,0,0,2809,0,47201,166,1779,TCGA-OL-A5D7-DX1_xmin114443_ymin22490_MPP-0.2500+180
50176,0,0,0,0,0,0,0,0,0,0,0,0,0,0,0,0,0,0,0,0,0,0,0,0,50176,0,0,0,0,0,0,0,0,0,0,0,0,0,0,0,0,0,0,0,0,0,0,0,0,50176,0,0,0,0,0,0,0,0,0,0,0,0,0,0,0,0,0,0,0,0,0,0,0,0,1811,0,48365,0,2352,TCGA-OL-A5D7-DX1_xmin114443_ymin22490_MPP-0.2500+181
46095,0,0,0,0,4081,0,0,0,0,0,0,0,0,0,0,0,0,0,0,0,0,0,0,0,46095,0,0,0,0,4081,0,0,0,0,0,0,0,0,0,0,0,0,0,0,0,0,0,0,0,46095,0,0,0,0,4081,0,0,0,0,0,0,0,0,0,0,0,0,0,0,0,0,0,0,0,5731,1,40138,4306,5688,TCGA-OL-A5D7-DX1_xmin114443_ymin22490_MPP-0.2500+182
40371,0,0,0,0,9805,0,0,0,0,0,0,0,0,0,0,0,0,0,0,0,0,0,0,0,40371,0,0,0,0,9805,0,0,0,0,0,0,0,0,0,0,0,0,0,0,0,0,0,0,0,40371,0,0,0,0,9805,0,0,0,0,0,0,0,0,0,0,0,0,0,0,0,0,0,0,0,4287,654,40556,4679,6446,TCGA-OL-A5D7-DX1_xmin114443_ymin22490_MPP-0.2500+183
46563,0,0,0,0,3613,0,0,0,0,0,0,0,0,0,0,0,0,0,0,0,0,0,0,0,46563,0,0,0,0,3613,0,0,0,0,0,0,0,0,0,0,0,0,0,0,0,0,0,0,0,46563,0,0,0,0,3613,0,0,0,0,0,0,0,0,0,0,0,0,0,0,0,0,0,0,0,5214,1083,40920,2959,7150,TCGA-OL-A5D7-DX1_xmin114443_ymin22490_MPP-0.2500+184
46711,0,0,0,0,3465,0,0,0,0,0,0,0,0,0,0,0,0,0,0,0,0,0,0,0,46711,0,0,0,0,3465,0,0,0,0,0,0,0,0,0,0,0,0,0,0,0,0,0,0,0,46711,0,0,0,0,3465,0,0,0,0,0,0,0,0,0,0,0,0,0,0,0,0,0,0,0,1167,735,45528,2746,2253,TCGA-OL-A5D7-DX1_xmin114443_ymin22490_MPP-0.2500+185
49763,0,0,0,0,413,0,0,0,0,0,0,0,0,0,0,0,0,0,0,0,0,0,0,0,49763,0,0,0,0,413,0,0,0,0,0,0,0,0,0,0,0,0,0,0,0,0,0,0,0,49763,0,0,0,0,413,0,0,0,0,0,0,0,0,0,0,0,0,0,0,0,0,0,0,0,1128,0,48635,413,2197,TCGA-OL-A5D7-DX1_xmin114443_ymin22490_MPP-0.2500+186
50176,0,0,0,0,0,0,0,0,0,0,0,0,0,0,0,0,0,0,0,0,0,0,0,0,50176,0,0,0,0,0,0,0,0,0,0,0,0,0,0,0,0,0,0,0,0,0,0,0,0,50176,0,0,0,0,0,0,0,0,0,0,0,0,0,0,0,0,0,0,0,0,0,0,0,0,2147,0,48029,0,2593,TCGA-OL-A5D7-DX1_xmin114443_ymin22490_MPP-0.2500+187
50176,0,0,0,0,0,0,0,0,0,0,0,0,0,0,0,0,0,0,0,0,0,0,0,0,50176,0,0,0,0,0,0,0,0,0,0,0,0,0,0,0,0,0,0,0,0,0,0,0,0,50176,0,0,0,0,0,0,0,0,0,0,0,0,0,0,0,0,0,0,0,0,0,0,0,0,3478,0,46497,201,4574,TCGA-OL-A5D7-DX1_xmin114443_ymin22490_MPP-0.2500+188
50176,0,0,0,0,0,0,0,0,0,0,0,0,0,0,0,0,0,0,0,0,0,0,0,0,50176,0,0,0,0,0,0,0,0,0,0,0,0,0,0,0,0,0,0,0,0,0,0,0,0,50176,0,0,0,0,0,0,0,0,0,0,0,0,0,0,0,0,0,0,0,0,0,0,0,0,7758,15,41017,1386,10042,TCGA-OL-A5D7-DX1_xmin114443_ymin22490_MPP-0.2500+189
6894,0,0,1311,0,4271,0,0,161,0,0,0,0,0,0,17845,0,0,19694,0,0,0,0,0,0,6850,0,0,1355,0,3939,0,0,493,0,0,0,0,0,0,19165,0,0,18374,0,0,0,0,0,0,6821,0,0,1384,0,3748,0,0,684,0,0,0,0,0,0,18963,0,0,18576,0,0,0,0,0,0,12185,1425,10151,26415,23755,TCGA-OL-A5D7-DX1_xmin114443_ymin22490_MPP-0.2500+19
50176,0,0,0,0,0,0,0,0,0,0,0,0,0,0,0,0,0,0,0,0,0,0,0,0,50176,0,0,0,0,0,0,0,0,0,0,0,0,0,0,0,0,0,0,0,0,0,0,0,0,50176,0,0,0,0,0,0,0,0,0,0,0,0,0,0,0,0,0,0,0,0,0,0,0,0,6245,0,43676,255,7277,TCGA-OL-A5D7-DX1_xmin114443_ymin22490_MPP-0.2500+190
0,0,0,0,0,0,0,0,0,0,0,45046,5130,0,0,0,0,0,0,0,0,0,0,0,0,0,0,0,0,0,0,0,0,0,0,0,45151,5025,0,0,0,0,0,0,0,0,0,0,0,0,0,0,0,0,0,0,0,0,0,0,0,44803,5373,0,0,0,0,0,0,0,0,0,0,0,0,624,2022,2951,44579,13896,TCGA-OL-A5D7-DX1_xmin114443_ymin22490_MPP-0.2500+191
0,0,0,0,0,0,0,0,0,0,13816,36360,0,0,0,0,0,0,0,0,0,0,0,0,0,0,0,0,0,0,0,0,0,0,0,13881,36295,0,0,0,0,0,0,0,0,0,0,0,0,0,0,0,0,0,0,0,0,0,0,0,14137,36039,0,0,0,0,0,0,0,0,0,0,0,0,0,911,1381,3526,44358,16057,TCGA-OL-A5D7-DX1_xmin114443_ymin22490_MPP-0.2500+192
6933,707,0,0,0,1368,0,0,0,0,9859,31309,0,0,0,0,0,0,0,0,0,0,0,0,0,6933,707,0,0,0,1368,0,0,0,0,9512,31656,0,0,0,0,0,0,0,0,0,0,0,0,0,6930,710,0,0,0,1368,0,0,0,0,9624,31544,0,0,0,0,0,0,0,0,0,0,0,0,0,304,2569,6961,40342,18781,TCGA-OL-A5D7-DX1_xmin114443_ymin22490_MPP-0.2500+193
13265,0,0,0,0,5490,0,0,0,0,31421,0,0,0,0,0,0,0,0,0,0,0,0,0,0,13265,0,0,0,0,5490,0,0,0,0,31421,0,0,0,0,0,0,0,0,0,0,0,0,0,0,13265,0,0,0,0,5490,0,0,0,0,31421,0,0,0,0,0,0,0,0,0,0,0,0,0,0,1587,1447,13193,33949,12975,TCGA-OL-A5D7-DX1_xmin114443_ymin22490_MPP-0.2500+194
0,0,0,0,0,0,493,0,0,0,0,49683,0,0,0,0,0,0,0,0,0,0,0,0,0,0,0,0,0,0,0,493,0,0,0,0,49683,0,0,0,0,0,0,0,0,0,0,0,0,0,0,0,0,0,0,0,493,0,0,0,0,49683,0,0,0,0,0,0,0,0,0,0,0,0,0,601,1286,3750,44539,19078,TCGA-OL-A5D7-DX1_xmin114443_ymin22490_MPP-0.2500+195
36135,0,0,0,0,7271,0,0,0,0,6770,0,0,0,0,0,0,0,0,0,0,0,0,0,0,36135,0,0,0,0,7271,0,0,0,0,6770,0,0,0,0,0,0,0,0,0,0,0,0,0,0,36135,0,0,0,0,7271,0,0,0,0,6770,0,0,0,0,0,0,0,0,0,0,0,0,0,0,6089,1552,29575,12960,9252,TCGA-OL-A5D7-DX1_xmin114443_ymin22490_MPP-0.2500+196
50176,0,0,0,0,0,0,0,0,0,0,0,0,0,0,0,0,0,0,0,0,0,0,0,0,50176,0,0,0,0,0,0,0,0,0,0,0,0,0,0,0,0,0,0,0,0,0,0,0,0,50176,0,0,0,0,0,0,0,0,0,0,0,0,0,0,0,0,0,0,0,0,0,0,0,0,1679,0,48497,0,2882,TCGA-OL-A5D7-DX1_xmin114443_ymin22490_MPP-0.2500+197
50176,0,0,0,0,0,0,0,0,0,0,0,0,0,0,0,0,0,0,0,0,0,0,0,0,50176,0,0,0,0,0,0,0,0,0,0,0,0,0,0,0,0,0,0,0,0,0,0,0,0,50176,0,0,0,0,0,0,0,0,0,0,0,0,0,0,0,0,0,0,0,0,0,0,0,0,4151,0,46025,0,1448,TCGA-OL-A5D7-DX1_xmin114443_ymin22490_MPP-0.2500+198
50176,0,0,0,0,0,0,0,0,0,0,0,0,0,0,0,0,0,0,0,0,0,0,0,0,50176,0,0,0,0,0,0,0,0,0,0,0,0,0,0,0,0,0,0,0,0,0,0,0,0,50176,0,0,0,0,0,0,0,0,0,0,0,0,0,0,0,0,0,0,0,0,0,0,0,0,1188,2255,43413,3320,6888,TCGA-OL-A5D7-DX1_xmin114443_ymin22490_MPP-0.2500+199
0,25507,0,0,0,0,23194,0,0,0,0,0,0,0,0,0,0,0,0,0,0,0,0,0,1475,0,25507,0,0,0,0,23194,0,0,0,0,0,0,0,0,0,0,0,0,0,0,0,0,0,1475,0,25507,0,0,0,0,23194,0,0,0,0,0,0,0,0,0,0,0,0,0,0,0,0,0,1475,4120,5100,18089,21392,11292,TCGA-OL-A5D7-DX1_xmin114443_ymin22490_MPP-0.2500+2
0,0,0,0,0,0,0,0,0,0,0,0,0,0,0,0,0,0,50176,0,0,0,0,0,0,0,0,0,0,0,0,0,0,0,0,0,0,0,0,0,0,0,0,50176,0,0,0,0,0,0,0,0,0,0,0,0,0,0,0,0,0,0,0,0,0,0,0,0,50176,0,0,0,0,0,0,29575,0,19090,1511,34540,TCGA-OL-A5D7-DX1_xmin114443_ymin22490_MPP-0.2500+20
50176,0,0,0,0,0,0,0,0,0,0,0,0,0,0,0,0,0,0,0,0,0,0,0,0,50176,0,0,0,0,0,0,0,0,0,0,0,0,0,0,0,0,0,0,0,0,0,0,0,0,50176,0,0,0,0,0,0,0,0,0,0,0,0,0,0,0,0,0,0,0,0,0,0,0,0,984,0,49192,0,1094,TCGA-OL-A5D7-DX1_xmin114443_ymin22490_MPP-0.2500+200
50176,0,0,0,0,0,0,0,0,0,0,0,0,0,0,0,0,0,0,0,0,0,0,0,0,50176,0,0,0,0,0,0,0,0,0,0,0,0,0,0,0,0,0,0,0,0,0,0,0,0,50176,0,0,0,0,0,0,0,0,0,0,0,0,0,0,0,0,0,0,0,0,0,0,0,0,1123,0,49053,0,1076,TCGA-OL-A5D7-DX1_xmin114443_ymin22490_MPP-0.2500+201
50176,0,0,0,0,0,0,0,0,0,0,0,0,0,0,0,0,0,0,0,0,0,0,0,0,50176,0,0,0,0,0,0,0,0,0,0,0,0,0,0,0,0,0,0,0,0,0,0,0,0,50176,0,0,0,0,0,0,0,0,0,0,0,0,0,0,0,0,0,0,0,0,0,0,0,0,1255,0,48921,0,1209,TCGA-OL-A5D7-DX1_xmin114443_ymin22490_MPP-0.2500+202
50176,0,0,0,0,0,0,0,0,0,0,0,0,0,0,0,0,0,0,0,0,0,0,0,0,50176,0,0,0,0,0,0,0,0,0,0,0,0,0,0,0,0,0,0,0,0,0,0,0,0,50176,0,0,0,0,0,0,0,0,0,0,0,0,0,0,0,0,0,0,0,0,0,0,0,0,1188,0,48988,0,2473,TCGA-OL-A5D7-DX1_xmin114443_ymin22490_MPP-0.2500+203
50176,0,0,0,0,0,0,0,0,0,0,0,0,0,0,0,0,0,0,0,0,0,0,0,0,50176,0,0,0,0,0,0,0,0,0,0,0,0,0,0,0,0,0,0,0,0,0,0,0,0,50176,0,0,0,0,0,0,0,0,0,0,0,0,0,0,0,0,0,0,0,0,0,0,0,0,989,0,49187,0,1267,TCGA-OL-A5D7-DX1_xmin114443_ymin22490_MPP-0.2500+204
50176,0,0,0,0,0,0,0,0,0,0,0,0,0,0,0,0,0,0,0,0,0,0,0,0,50176,0,0,0,0,0,0,0,0,0,0,0,0,0,0,0,0,0,0,0,0,0,0,0,0,50176,0,0,0,0,0,0,0,0,0,0,0,0,0,0,0,0,0,0,0,0,0,0,0,0,4858,0,45318,0,4284,TCGA-OL-A5D7-DX1_xmin114443_ymin22490_MPP-0.2500+205
11,0,0,0,0,0,361,0,0,0,30957,18847,0,0,0,0,0,0,0,0,0,0,0,0,0,11,0,0,0,0,0,361,0,0,0,30192,19612,0,0,0,0,0,0,0,0,0,0,0,0,0,11,0,0,0,0,0,361,0,0,0,29032,20772,0,0,0,0,0,0,0,0,0,0,0,0,0,2912,609,4115,42540,16704,TCGA-OL-A5D7-DX1_xmin114443_ymin22490_MPP-0.2500+206
18511,7518,0,0,0,0,0,0,0,0,3706,20441,0,0,0,0,0,0,0,0,0,0,0,0,0,18268,7761,0,0,0,0,0,0,0,0,3870,20277,0,0,0,0,0,0,0,0,0,0,0,0,0,17794,8235,0,0,0,0,0,0,0,0,3104,21043,0,0,0,0,0,0,0,0,0,0,0,0,0,2484,2183,18945,26564,20305,TCGA-OL-A5D7-DX1_xmin114443_ymin22490_MPP-0.2500+207
50058,0,0,0,0,0,0,0,0,0,118,0,0,0,0,0,0,0,0,0,0,0,0,0,0,50058,0,0,0,0,0,0,0,0,0,118,0,0,0,0,0,0,0,0,0,0,0,0,0,0,50058,0,0,0,0,0,0,0,0,0,118,0,0,0,0,0,0,0,0,0,0,0,0,0,0,1178,0,48763,235,2744,TCGA-OL-A5D7-DX1_xmin114443_ymin22490_MPP-0.2500+208
48467,0,0,0,0,1616,0,0,0,0,93,0,0,0,0,0,0,0,0,0,0,0,0,0,0,48467,0,0,0,0,1616,0,0,0,0,93,0,0,0,0,0,0,0,0,0,0,0,0,0,0,48467,0,0,0,0,1616,0,0,0,0,93,0,0,0,0,0,0,0,0,0,0,0,0,0,0,1236,40,47231,1669,1801,TCGA-OL-A5D7-DX1_xmin114443_ymin22490_MPP-0.2500+209
0,0,0,0,0,0,0,0,0,0,0,0,0,0,0,0,0,0,50176,0,0,0,0,0,0,0,0,0,0,0,0,0,0,0,0,0,0,0,0,0,0,0,0,50176,0,0,0,0,0,0,0,0,0,0,0,0,0,0,0,0,0,0,0,0,0,0,0,0,50176,0,0,0,0,0,0,29015,0,17533,3628,29787,TCGA-OL-A5D7-DX1_xmin114443_ymin22490_MPP-0.2500+21
3338,11475,0,0,0,6579,6346,0,0,0,4235,18203,0,0,0,0,0,0,0,0,0,0,0,0,0,3288,11525,0,0,0,6518,6407,0,0,0,4268,18170,0,0,0,0,0,0,0,0,0,0,0,0,0,3407,11406,0,0,0,6458,6467,0,0,0,4343,18095,0,0,0,0,0,0,0,0,0,0,0,0,0,1444,2699,7995,38038,16133,TCGA-OL-A5D7-DX1_xmin114443_ymin22490_MPP-0.2500+210
50151,0,0,0,0,25,0,0,0,0,0,0,0,0,0,0,0,0,0,0,0,0,0,0,0,50151,0,0,0,0,25,0,0,0,0,0,0,0,0,0,0,0,0,0,0,0,0,0,0,0,50151,0,0,0,0,25,0,0,0,0,0,0,0,0,0,0,0,0,0,0,0,0,0,0,0,3389,2329,38770,5688,8225,TCGA-OL-A5D7-DX1_xmin114443_ymin22490_MPP-0.2500+211
50176,0,0,0,0,0,0,0,0,0,0,0,0,0,0,0,0,0,0,0,0,0,0,0,0,50176,0,0,0,0,0,0,0,0,0,0,0,0,0,0,0,0,0,0,0,0,0,0,0,0,50176,0,0,0,0,0,0,0,0,0,0,0,0,0,0,0,0,0,0,0,0,0,0,0,0,1903,0,48273,0,2337,TCGA-OL-A5D7-DX1_xmin114443_ymin22490_MPP-0.2500+212
50176,0,0,0,0,0,0,0,0,0,0,0,0,0,0,0,0,0,0,0,0,0,0,0,0,50176,0,0,0,0,0,0,0,0,0,0,0,0,0,0,0,0,0,0,0,0,0,0,0,0,50176,0,0,0,0,0,0,0,0,0,0,0,0,0,0,0,0,0,0,0,0,0,0,0,0,407,0,49769,0,843,TCGA-OL-A5D7-DX1_xmin114443_ymin22490_MPP-0.2500+213
50176,0,0,0,0,0,0,0,0,0,0,0,0,0,0,0,0,0,0,0,0,0,0,0,0,50176,0,0,0,0,0,0,0,0,0,0,0,0,0,0,0,0,0,0,0,0,0,0,0,0,50176,0,0,0,0,0,0,0,0,0,0,0,0,0,0,0,0,0,0,0,0,0,0,0,0,1724,0,48452,0,1888,TCGA-OL-A5D7-DX1_xmin114443_ymin22490_MPP-0.2500+214
50176,0,0,0,0,0,0,0,0,0,0,0,0,0,0,0,0,0,0,0,0,0,0,0,0,50176,0,0,0,0,0,0,0,0,0,0,0,0,0,0,0,0,0,0,0,0,0,0,0,0,50176,0,0,0,0,0,0,0,0,0,0,0,0,0,0,0,0,0,0,0,0,0,0,0,0,365,0,49811,0,628,TCGA-OL-A5D7-DX1_xmin114443_ymin22490_MPP-0.2500+215
50176,0,0,0,0,0,0,0,0,0,0,0,0,0,0,0,0,0,0,0,0,0,0,0,0,50176,0,0,0,0,0,0,0,0,0,0,0,0,0,0,0,0,0,0,0,0,0,0,0,0,50176,0,0,0,0,0,0,0,0,0,0,0,0,0,0,0,0,0,0,0,0,0,0,0,0,461,0,49715,0,785,TCGA-OL-A5D7-DX1_xmin114443_ymin22490_MPP-0.2500+216
50176,0,0,0,0,0,0,0,0,0,0,0,0,0,0,0,0,0,0,0,0,0,0,0,0,50176,0,0,0,0,0,0,0,0,0,0,0,0,0,0,0,0,0,0,0,0,0,0,0,0,50176,0,0,0,0,0,0,0,0,0,0,0,0,0,0,0,0,0,0,0,0,0,0,0,0,2479,0,47199,498,2828,TCGA-OL-A5D7-DX1_xmin114443_ymin22490_MPP-0.2500+217
50176,0,0,0,0,0,0,0,0,0,0,0,0,0,0,0,0,0,0,0,0,0,0,0,0,50176,0,0,0,0,0,0,0,0,0,0,0,0,0,0,0,0,0,0,0,0,0,0,0,0,50176,0,0,0,0,0,0,0,0,0,0,0,0,0,0,0,0,0,0,0,0,0,0,0,0,1021,0,49155,0,3130,TCGA-OL-A5D7-DX1_xmin114443_ymin22490_MPP-0.2500+218
50176,0,0,0,0,0,0,0,0,0,0,0,0,0,0,0,0,0,0,0,0,0,0,0,0,50176,0,0,0,0,0,0,0,0,0,0,0,0,0,0,0,0,0,0,0,0,0,0,0,0,50176,0,0,0,0,0,0,0,0,0,0,0,0,0,0,0,0,0,0,0,0,0,0,0,0,245,0,49931,0,511,TCGA-OL-A5D7-DX1_xmin114443_ymin22490_MPP-0.2500+219
0,0,0,648,0,0,0,0,1748,0,0,0,0,0,0,0,0,0,47780,0,0,0,0,0,0,0,0,0,648,0,0,0,0,1748,0,0,0,0,0,0,0,0,0,47780,0,0,0,0,0,0,0,0,0,648,0,0,0,0,1748,0,0,0,0,0,0,0,0,0,47780,0,0,0,0,0,0,24684,188,8170,17134,31727,TCGA-OL-A5D7-DX1_xmin114443_ymin22490_MPP-0.2500+22
50176,0,0,0,0,0,0,0,0,0,0,0,0,0,0,0,0,0,0,0,0,0,0,0,0,50176,0,0,0,0,0,0,0,0,0,0,0,0,0,0,0,0,0,0,0,0,0,0,0,0,50176,0,0,0,0,0,0,0,0,0,0,0,0,0,0,0,0,0,0,0,0,0,0,0,0,4543,0,45515,118,4974,TCGA-OL-A5D7-DX1_xmin114443_ymin22490_MPP-0.2500+220
50176,0,0,0,0,0,0,0,0,0,0,0,0,0,0,0,0,0,0,0,0,0,0,0,0,50176,0,0,0,0,0,0,0,0,0,0,0,0,0,0,0,0,0,0,0,0,0,0,0,0,50176,0,0,0,0,0,0,0,0,0,0,0,0,0,0,0,0,0,0,0,0,0,0,0,0,2117,0,48051,8,3827,TCGA-OL-A5D7-DX1_xmin114443_ymin22490_MPP-0.2500+221
50176,0,0,0,0,0,0,0,0,0,0,0,0,0,0,0,0,0,0,0,0,0,0,0,0,50176,0,0,0,0,0,0,0,0,0,0,0,0,0,0,0,0,0,0,0,0,0,0,0,0,50176,0,0,0,0,0,0,0,0,0,0,0,0,0,0,0,0,0,0,0,0,0,0,0,0,2398,0,47248,530,2169,TCGA-OL-A5D7-DX1_xmin114443_ymin22490_MPP-0.2500+222
45111,0,0,0,0,5018,0,0,0,0,47,0,0,0,0,0,0,0,0,0,0,0,0,0,0,45111,0,0,0,0,5018,0,0,0,0,47,0,0,0,0,0,0,0,0,0,0,0,0,0,0,45111,0,0,0,0,5018,0,0,0,0,47,0,0,0,0,0,0,0,0,0,0,0,0,0,0,6643,1327,36672,5534,11413,TCGA-OL-A5D7-DX1_xmin114443_ymin22490_MPP-0.2500+223
50176,0,0,0,0,0,0,0,0,0,0,0,0,0,0,0,0,0,0,0,0,0,0,0,0,50176,0,0,0,0,0,0,0,0,0,0,0,0,0,0,0,0,0,0,0,0,0,0,0,0,50176,0,0,0,0,0,0,0,0,0,0,0,0,0,0,0,0,0,0,0,0,0,0,0,0,1311,0,48865,0,1800,TCGA-OL-A5D7-DX1_xmin114443_ymin22490_MPP-0.2500+224
50176,0,0,0,0,0,0,0,0,0,0,0,0,0,0,0,0,0,0,0,0,0,0,0,0,50176,0,0,0,0,0,0,0,0,0,0,0,0,0,0,0,0,0,0,0,0,0,0,0,0,50176,0,0,0,0,0,0,0,0,0,0,0,0,0,0,0,0,0,0,0,0,0,0,0,0,341,0,49835,0,398,TCGA-OL-A5D7-DX1_xmin114443_ymin22490_MPP-0.2500+225
50176,0,0,0,0,0,0,0,0,0,0,0,0,0,0,0,0,0,0,0,0,0,0,0,0,50176,0,0,0,0,0,0,0,0,0,0,0,0,0,0,0,0,0,0,0,0,0,0,0,0,50176,0,0,0,0,0,0,0,0,0,0,0,0,0,0,0,0,0,0,0,0,0,0,0,0,1365,0,48811,0,1979,TCGA-OL-A5D7-DX1_xmin114443_ymin22490_MPP-0.2500+226
50176,0,0,0,0,0,0,0,0,0,0,0,0,0,0,0,0,0,0,0,0,0,0,0,0,50176,0,0,0,0,0,0,0,0,0,0,0,0,0,0,0,0,0,0,0,0,0,0,0,0,50176,0,0,0,0,0,0,0,0,0,0,0,0,0,0,0,0,0,0,0,0,0,0,0,0,1228,0,48948,0,1665,TCGA-OL-A5D7-DX1_xmin114443_ymin22490_MPP-0.2500+227
50176,0,0,0,0,0,0,0,0,0,0,0,0,0,0,0,0,0,0,0,0,0,0,0,0,50176,0,0,0,0,0,0,0,0,0,0,0,0,0,0,0,0,0,0,0,0,0,0,0,0,50176,0,0,0,0,0,0,0,0,0,0,0,0,0,0,0,0,0,0,0,0,0,0,0,0,1444,0,48732,0,2059,TCGA-OL-A5D7-DX1_xmin114443_ymin22490_MPP-0.2500+228
50176,0,0,0,0,0,0,0,0,0,0,0,0,0,0,0,0,0,0,0,0,0,0,0,0,50176,0,0,0,0,0,0,0,0,0,0,0,0,0,0,0,0,0,0,0,0,0,0,0,0,50176,0,0,0,0,0,0,0,0,0,0,0,0,0,0,0,0,0,0,0,0,0,0,0,0,955,0,49221,0,1926,TCGA-OL-A5D7-DX1_xmin114443_ymin22490_MPP-0.2500+229
36001,0,0,0,0,5849,0,0,0,0,0,0,0,0,0,8326,0,0,0,0,0,0,0,0,0,36001,0,0,0,0,5849,0,0,0,0,0,0,0,0,0,8326,0,0,0,0,0,0,0,0,0,36001,0,0,0,0,5849,0,0,0,0,0,0,0,0,0,8326,0,0,0,0,0,0,0,0,0,4442,1228,33374,11132,10234,TCGA-OL-A5D7-DX1_xmin114443_ymin22490_MPP-0.2500+23
50176,0,0,0,0,0,0,0,0,0,0,0,0,0,0,0,0,0,0,0,0,0,0,0,0,50176,0,0,0,0,0,0,0,0,0,0,0,0,0,0,0,0,0,0,0,0,0,0,0,0,50176,0,0,0,0,0,0,0,0,0,0,0,0,0,0,0,0,0,0,0,0,0,0,0,0,2640,0,47536,0,3742,TCGA-OL-A5D7-DX1_xmin114443_ymin22490_MPP-0.2500+230
50176,0,0,0,0,0,0,0,0,0,0,0,0,0,0,0,0,0,0,0,0,0,0,0,0,50176,0,0,0,0,0,0,0,0,0,0,0,0,0,0,0,0,0,0,0,0,0,0,0,0,50176,0,0,0,0,0,0,0,0,0,0,0,0,0,0,0,0,0,0,0,0,0,0,0,0,2125,0,48051,0,3521,TCGA-OL-A5D7-DX1_xmin114443_ymin22490_MPP-0.2500+231
50176,0,0,0,0,0,0,0,0,0,0,0,0,0,0,0,0,0,0,0,0,0,0,0,0,50176,0,0,0,0,0,0,0,0,0,0,0,0,0,0,0,0,0,0,0,0,0,0,0,0,50176,0,0,0,0,0,0,0,0,0,0,0,0,0,0,0,0,0,0,0,0,0,0,0,0,4746,0,45430,0,4077,TCGA-OL-A5D7-DX1_xmin114443_ymin22490_MPP-0.2500+232
50176,0,0,0,0,0,0,0,0,0,0,0,0,0,0,0,0,0,0,0,0,0,0,0,0,50176,0,0,0,0,0,0,0,0,0,0,0,0,0,0,0,0,0,0,0,0,0,0,0,0,50176,0,0,0,0,0,0,0,0,0,0,0,0,0,0,0,0,0,0,0,0,0,0,0,0,4823,46,44019,1288,4658,TCGA-OL-A5D7-DX1_xmin114443_ymin22490_MPP-0.2500+233
50176,0,0,0,0,0,0,0,0,0,0,0,0,0,0,0,0,0,0,0,0,0,0,0,0,50176,0,0,0,0,0,0,0,0,0,0,0,0,0,0,0,0,0,0,0,0,0,0,0,0,50176,0,0,0,0,0,0,0,0,0,0,0,0,0,0,0,0,0,0,0,0,0,0,0,0,868,0,49308,0,1179,TCGA-OL-A5D7-DX1_xmin114443_ymin22490_MPP-0.2500+234
50176,0,0,0,0,0,0,0,0,0,0,0,0,0,0,0,0,0,0,0,0,0,0,0,0,50176,0,0,0,0,0,0,0,0,0,0,0,0,0,0,0,0,0,0,0,0,0,0,0,0,50176,0,0,0,0,0,0,0,0,0,0,0,0,0,0,0,0,0,0,0,0,0,0,0,0,1383,0,48793,0,1762,TCGA-OL-A5D7-DX1_xmin114443_ymin22490_MPP-0.2500+235
50176,0,0,0,0,0,0,0,0,0,0,0,0,0,0,0,0,0,0,0,0,0,0,0,0,50176,0,0,0,0,0,0,0,0,0,0,0,0,0,0,0,0,0,0,0,0,0,0,0,0,50176,0,0,0,0,0,0,0,0,0,0,0,0,0,0,0,0,0,0,0,0,0,0,0,0,3606,0,46496,74,4818,TCGA-OL-A5D7-DX1_xmin114443_ymin22490_MPP-0.2500+236
50176,0,0,0,0,0,0,0,0,0,0,0,0,0,0,0,0,0,0,0,0,0,0,0,0,50176,0,0,0,0,0,0,0,0,0,0,0,0,0,0,0,0,0,0,0,0,0,0,0,0,50176,0,0,0,0,0,0,0,0,0,0,0,0,0,0,0,0,0,0,0,0,0,0,0,0,3380,0,46794,2,1916,TCGA-OL-A5D7-DX1_xmin114443_ymin22490_MPP-0.2500+237
50176,0,0,0,0,0,0,0,0,0,0,0,0,0,0,0,0,0,0,0,0,0,0,0,0,50176,0,0,0,0,0,0,0,0,0,0,0,0,0,0,0,0,0,0,0,0,0,0,0,0,50176,0,0,0,0,0,0,0,0,0,0,0,0,0,0,0,0,0,0,0,0,0,0,0,0,298,0,49878,0,821,TCGA-OL-A5D7-DX1_xmin114443_ymin22490_MPP-0.2500+238
50176,0,0,0,0,0,0,0,0,0,0,0,0,0,0,0,0,0,0,0,0,0,0,0,0,50176,0,0,0,0,0,0,0,0,0,0,0,0,0,0,0,0,0,0,0,0,0,0,0,0,50176,0,0,0,0,0,0,0,0,0,0,0,0,0,0,0,0,0,0,0,0,0,0,0,0,6488,10,40989,2689,10244,TCGA-OL-A5D7-DX1_xmin114443_ymin22490_MPP-0.2500+239
48415,0,0,0,0,843,0,0,0,0,0,0,0,0,0,0,0,0,0,0,0,0,0,0,918,48415,0,0,0,0,843,0,0,0,0,0,0,0,0,0,0,0,0,0,0,0,0,0,0,918,48415,0,0,0,0,843,0,0,0,0,0,0,0,0,0,0,0,0,0,0,0,0,0,0,918,321,319,47968,650,532,TCGA-OL-A5D7-DX1_xmin114443_ymin22490_MPP-0.2500+24
50176,0,0,0,0,0,0,0,0,0,0,0,0,0,0,0,0,0,0,0,0,0,0,0,0,50176,0,0,0,0,0,0,0,0,0,0,0,0,0,0,0,0,0,0,0,0,0,0,0,0,50176,0,0,0,0,0,0,0,0,0,0,0,0,0,0,0,0,0,0,0,0,0,0,0,0,5251,12,42137,2776,5023,TCGA-OL-A5D7-DX1_xmin114443_ymin22490_MPP-0.2500+240
50176,0,0,0,0,0,0,0,0,0,0,0,0,0,0,0,0,0,0,0,0,0,0,0,0,50176,0,0,0,0,0,0,0,0,0,0,0,0,0,0,0,0,0,0,0,0,0,0,0,0,50176,0,0,0,0,0,0,0,0,0,0,0,0,0,0,0,0,0,0,0,0,0,0,0,0,1664,0,48512,0,1785,TCGA-OL-A5D7-DX1_xmin114443_ymin22490_MPP-0.2500+241
50176,0,0,0,0,0,0,0,0,0,0,0,0,0,0,0,0,0,0,0,0,0,0,0,0,50176,0,0,0,0,0,0,0,0,0,0,0,0,0,0,0,0,0,0,0,0,0,0,0,0,50176,0,0,0,0,0,0,0,0,0,0,0,0,0,0,0,0,0,0,0,0,0,0,0,0,4016,0,46160,0,3261,TCGA-OL-A5D7-DX1_xmin114443_ymin22490_MPP-0.2500+242
50176,0,0,0,0,0,0,0,0,0,0,0,0,0,0,0,0,0,0,0,0,0,0,0,0,50176,0,0,0,0,0,0,0,0,0,0,0,0,0,0,0,0,0,0,0,0,0,0,0,0,50176,0,0,0,0,0,0,0,0,0,0,0,0,0,0,0,0,0,0,0,0,0,0,0,0,342,0,49834,0,418,TCGA-OL-A5D7-DX1_xmin114443_ymin22490_MPP-0.2500+243
50176,0,0,0,0,0,0,0,0,0,0,0,0,0,0,0,0,0,0,0,0,0,0,0,0,50176,0,0,0,0,0,0,0,0,0,0,0,0,0,0,0,0,0,0,0,0,0,0,0,0,50176,0,0,0,0,0,0,0,0,0,0,0,0,0,0,0,0,0,0,0,0,0,0,0,0,12,0,50164,0,157,TCGA-OL-A5D7-DX1_xmin114443_ymin22490_MPP-0.2500+244
50176,0,0,0,0,0,0,0,0,0,0,0,0,0,0,0,0,0,0,0,0,0,0,0,0,50176,0,0,0,0,0,0,0,0,0,0,0,0,0,0,0,0,0,0,0,0,0,0,0,0,50176,0,0,0,0,0,0,0,0,0,0,0,0,0,0,0,0,0,0,0,0,0,0,0,0,701,0,49475,0,1467,TCGA-OL-A5D7-DX1_xmin114443_ymin22490_MPP-0.2500+245
50176,0,0,0,0,0,0,0,0,0,0,0,0,0,0,0,0,0,0,0,0,0,0,0,0,50176,0,0,0,0,0,0,0,0,0,0,0,0,0,0,0,0,0,0,0,0,0,0,0,0,50176,0,0,0,0,0,0,0,0,0,0,0,0,0,0,0,0,0,0,0,0,0,0,0,0,2912,27,45016,2221,3873,TCGA-OL-A5D7-DX1_xmin114443_ymin22490_MPP-0.2500+246
41661,0,0,0,0,8515,0,0,0,0,0,0,0,0,0,0,0,0,0,0,0,0,0,0,0,41661,0,0,0,0,8515,0,0,0,0,0,0,0,0,0,0,0,0,0,0,0,0,0,0,0,41661,0,0,0,0,8515,0,0,0,0,0,0,0,0,0,0,0,0,0,0,0,0,0,0,0,2709,1057,39334,7076,6330,TCGA-OL-A5D7-DX1_xmin114443_ymin22490_MPP-0.2500+247
50176,0,0,0,0,0,0,0,0,0,0,0,0,0,0,0,0,0,0,0,0,0,0,0,0,50176,0,0,0,0,0,0,0,0,0,0,0,0,0,0,0,0,0,0,0,0,0,0,0,0,50176,0,0,0,0,0,0,0,0,0,0,0,0,0,0,0,0,0,0,0,0,0,0,0,0,2640,0,47331,205,2693,TCGA-OL-A5D7-DX1_xmin114443_ymin22490_MPP-0.2500+248
50176,0,0,0,0,0,0,0,0,0,0,0,0,0,0,0,0,0,0,0,0,0,0,0,0,50176,0,0,0,0,0,0,0,0,0,0,0,0,0,0,0,0,0,0,0,0,0,0,0,0,50176,0,0,0,0,0,0,0,0,0,0,0,0,0,0,0,0,0,0,0,0,0,0,0,0,2479,0,47697,0,3532,TCGA-OL-A5D7-DX1_xmin114443_ymin22490_MPP-0.2500+249
16719,10817,0,0,0,232,19326,0,0,0,0,0,0,0,0,0,0,0,0,0,0,0,0,0,3082,16475,11061,0,0,0,250,19308,0,0,0,0,0,0,0,0,0,0,0,0,0,0,0,0,0,3082,16347,11189,0,0,0,273,19285,0,0,0,0,0,0,0,0,0,0,0,0,0,0,0,0,0,3082,4180,2444,32254,8216,8814,TCGA-OL-A5D7-DX1_xmin114443_ymin22490_MPP-0.2500+25
50176,0,0,0,0,0,0,0,0,0,0,0,0,0,0,0,0,0,0,0,0,0,0,0,0,50176,0,0,0,0,0,0,0,0,0,0,0,0,0,0,0,0,0,0,0,0,0,0,0,0,50176,0,0,0,0,0,0,0,0,0,0,0,0,0,0,0,0,0,0,0,0,0,0,0,0,763,0,49413,0,1314,TCGA-OL-A5D7-DX1_xmin114443_ymin22490_MPP-0.2500+250
50176,0,0,0,0,0,0,0,0,0,0,0,0,0,0,0,0,0,0,0,0,0,0,0,0,50176,0,0,0,0,0,0,0,0,0,0,0,0,0,0,0,0,0,0,0,0,0,0,0,0,50176,0,0,0,0,0,0,0,0,0,0,0,0,0,0,0,0,0,0,0,0,0,0,0,0,1454,0,48722,0,2185,TCGA-OL-A5D7-DX1_xmin114443_ymin22490_MPP-0.2500+251
23406,3071,0,0,0,7146,16553,0,0,0,0,0,0,0,0,0,0,0,0,0,0,0,0,0,0,23358,3119,0,0,0,7113,16586,0,0,0,0,0,0,0,0,0,0,0,0,0,0,0,0,0,0,23159,3318,0,0,0,6950,16749,0,0,0,0,0,0,0,0,0,0,0,0,0,0,0,0,0,0,3272,1999,30664,14241,11638,TCGA-OL-A5D7-DX1_xmin114443_ymin22490_MPP-0.2500+252
46914,0,0,0,0,3262,0,0,0,0,0,0,0,0,0,0,0,0,0,0,0,0,0,0,0,46914,0,0,0,0,3262,0,0,0,0,0,0,0,0,0,0,0,0,0,0,0,0,0,0,0,46914,0,0,0,0,3262,0,0,0,0,0,0,0,0,0,0,0,0,0,0,0,0,0,0,0,512,0,46402,3262,1037,TCGA-OL-A5D7-DX1_xmin114443_ymin22490_MPP-0.2500+253
50176,0,0,0,0,0,0,0,0,0,0,0,0,0,0,0,0,0,0,0,0,0,0,0,0,50176,0,0,0,0,0,0,0,0,0,0,0,0,0,0,0,0,0,0,0,0,0,0,0,0,50176,0,0,0,0,0,0,0,0,0,0,0,0,0,0,0,0,0,0,0,0,0,0,0,0,3562,0,46614,0,2449,TCGA-OL-A5D7-DX1_xmin114443_ymin22490_MPP-0.2500+254
50176,0,0,0,0,0,0,0,0,0,0,0,0,0,0,0,0,0,0,0,0,0,0,0,0,50176,0,0,0,0,0,0,0,0,0,0,0,0,0,0,0,0,0,0,0,0,0,0,0,0,50176,0,0,0,0,0,0,0,0,0,0,0,0,0,0,0,0,0,0,0,0,0,0,0,0,176,0,50000,0,2095,TCGA-OL-A5D7-DX1_xmin114443_ymin22490_MPP-0.2500+26
50176,0,0,0,0,0,0,0,0,0,0,0,0,0,0,0,0,0,0,0,0,0,0,0,0,50176,0,0,0,0,0,0,0,0,0,0,0,0,0,0,0,0,0,0,0,0,0,0,0,0,50176,0,0,0,0,0,0,0,0,0,0,0,0,0,0,0,0,0,0,0,0,0,0,0,0,1803,0,48373,0,3492,TCGA-OL-A5D7-DX1_xmin114443_ymin22490_MPP-0.2500+27
50176,0,0,0,0,0,0,0,0,0,0,0,0,0,0,0,0,0,0,0,0,0,0,0,0,50176,0,0,0,0,0,0,0,0,0,0,0,0,0,0,0,0,0,0,0,0,0,0,0,0,50176,0,0,0,0,0,0,0,0,0,0,0,0,0,0,0,0,0,0,0,0,0,0,0,0,452,0,49724,0,1051,TCGA-OL-A5D7-DX1_xmin114443_ymin22490_MPP-0.2500+28
24504,0,0,0,0,0,0,0,0,0,0,0,0,0,0,8875,0,0,16797,0,0,0,0,0,0,24498,0,0,6,0,0,0,0,0,0,0,0,0,0,0,8918,0,0,16754,0,0,0,0,0,0,24498,0,0,6,0,0,0,0,0,0,0,0,0,0,0,9087,0,0,16585,0,0,0,0,0,0,8795,0,30388,10993,10995,TCGA-OL-A5D7-DX1_xmin114443_ymin22490_MPP-0.2500+29
45034,3583,0,0,0,0,1559,0,0,0,0,0,0,0,0,0,0,0,0,0,0,0,0,0,0,45133,3484,0,0,0,0,1559,0,0,0,0,0,0,0,0,0,0,0,0,0,0,0,0,0,0,45095,3522,0,0,0,0,1559,0,0,0,0,0,0,0,0,0,0,0,0,0,0,0,0,0,0,3145,716,42281,4034,4939,TCGA-OL-A5D7-DX1_xmin114443_ymin22490_MPP-0.2500+3
0,0,0,0,0,0,0,0,0,0,0,0,0,0,0,592,0,0,49584,0,0,0,0,0,0,0,0,0,0,0,0,0,0,0,0,0,0,0,0,0,768,0,0,49408,0,0,0,0,0,0,0,0,0,0,0,0,0,0,0,0,0,0,0,0,0,896,0,0,49280,0,0,0,0,0,0,24688,0,16089,9399,28405,TCGA-OL-A5D7-DX1_xmin114443_ymin22490_MPP-0.2500+30
0,0,0,0,0,0,0,0,0,0,0,0,0,0,0,0,0,0,50176,0,0,0,0,0,0,0,0,0,0,0,0,0,0,0,0,0,0,0,0,0,0,0,0,50176,0,0,0,0,0,0,0,0,0,0,0,0,0,0,0,0,0,0,0,0,0,0,0,0,50176,0,0,0,0,0,0,27723,0,21995,458,35246,TCGA-OL-A5D7-DX1_xmin114443_ymin22490_MPP-0.2500+31
0,0,0,0,0,0,0,0,0,0,0,0,0,0,0,4624,0,0,45552,0,0,0,0,0,0,0,0,0,0,0,0,0,0,0,0,0,0,0,0,0,4288,0,0,45888,0,0,0,0,0,0,0,0,0,0,0,0,0,0,0,0,0,0,0,0,0,4256,0,0,45920,0,0,0,0,0,0,20202,17,10918,19039,24956,TCGA-OL-A5D7-DX1_xmin114443_ymin22490_MPP-0.2500+32
4160,0,0,0,0,7384,0,0,0,0,0,0,0,0,0,38632,0,0,0,0,0,0,0,0,0,4160,0,0,0,0,7384,0,0,0,0,0,0,0,0,0,38632,0,0,0,0,0,0,0,0,0,4160,0,0,0,0,7384,0,0,0,0,0,0,0,0,0,38632,0,0,0,0,0,0,0,0,0,1684,1414,5043,42035,20549,TCGA-OL-A5D7-DX1_xmin114443_ymin22490_MPP-0.2500+33
44274,0,0,0,0,4280,0,0,0,0,0,0,0,0,0,1622,0,0,0,0,0,0,0,0,0,44274,0,0,0,0,4280,0,0,0,0,0,0,0,0,0,1622,0,0,0,0,0,0,0,0,0,44274,0,0,0,0,4280,0,0,0,0,0,0,0,0,0,1622,0,0,0,0,0,0,0,0,0,2067,318,42232,5559,4545,TCGA-OL-A5D7-DX1_xmin114443_ymin22490_MPP-0.2500+34
50176,0,0,0,0,0,0,0,0,0,0,0,0,0,0,0,0,0,0,0,0,0,0,0,0,50176,0,0,0,0,0,0,0,0,0,0,0,0,0,0,0,0,0,0,0,0,0,0,0,0,50176,0,0,0,0,0,0,0,0,0,0,0,0,0,0,0,0,0,0,0,0,0,0,0,0,370,0,49806,0,404,TCGA-OL-A5D7-DX1_xmin114443_ymin22490_MPP-0.2500+35
50174,0,0,0,0,2,0,0,0,0,0,0,0,0,0,0,0,0,0,0,0,0,0,0,0,50174,0,0,0,0,2,0,0,0,0,0,0,0,0,0,0,0,0,0,0,0,0,0,0,0,50174,0,0,0,0,2,0,0,0,0,0,0,0,0,0,0,0,0,0,0,0,0,0,0,0,1801,0,48373,2,2078,TCGA-OL-A5D7-DX1_xmin114443_ymin22490_MPP-0.2500+36
17470,28964,0,0,0,2537,1205,0,0,0,0,0,0,0,0,0,0,0,0,0,0,0,0,0,0,17703,28731,0,0,0,2585,1157,0,0,0,0,0,0,0,0,0,0,0,0,0,0,0,0,0,0,17678,28756,0,0,0,2562,1180,0,0,0,0,0,0,0,0,0,0,0,0,0,0,0,0,0,0,3018,6049,20546,20563,16109,TCGA-OL-A5D7-DX1_xmin114443_ymin22490_MPP-0.2500+37
9133,0,0,0,0,7608,19527,0,0,0,31,13877,0,0,0,0,0,0,0,0,0,0,0,0,0,9133,0,0,0,0,7680,19455,0,0,0,335,13573,0,0,0,0,0,0,0,0,0,0,0,0,0,9133,0,0,0,0,7510,19625,0,0,0,331,13577,0,0,0,0,0,0,0,0,0,0,0,0,0,4964,2467,25129,17616,8578,TCGA-OL-A5D7-DX1_xmin114443_ymin22490_MPP-0.2500+38
45821,0,0,0,0,4355,0,0,0,0,0,0,0,0,0,0,0,0,0,0,0,0,0,0,0,45821,0,0,0,0,4355,0,0,0,0,0,0,0,0,0,0,0,0,0,0,0,0,0,0,0,45821,0,0,0,0,4355,0,0,0,0,0,0,0,0,0,0,0,0,0,0,0,0,0,0,0,25,224,45796,4131,472,TCGA-OL-A5D7-DX1_xmin114443_ymin22490_MPP-0.2500+39
0,310,0,0,0,0,47824,0,0,0,0,27,0,0,0,0,230,0,0,0,0,0,0,0,1785,0,310,0,0,0,0,47824,0,0,0,0,27,0,0,0,0,230,0,0,0,0,0,0,0,1785,0,310,0,0,0,0,47824,0,0,0,0,27,0,0,0,0,230,0,0,0,0,0,0,0,1785,11118,66,32340,4867,17171,TCGA-OL-A5D7-DX1_xmin114443_ymin22490_MPP-0.2500+4
50176,0,0,0,0,0,0,0,0,0,0,0,0,0,0,0,0,0,0,0,0,0,0,0,0,50176,0,0,0,0,0,0,0,0,0,0,0,0,0,0,0,0,0,0,0,0,0,0,0,0,50176,0,0,0,0,0,0,0,0,0,0,0,0,0,0,0,0,0,0,0,0,0,0,0,0,0,0,50176,0,0,TCGA-OL-A5D7-DX1_xmin114443_ymin22490_MPP-0.2500+40
38627,0,0,0,0,31,0,0,0,0,0,0,0,0,0,11518,0,0,0,0,0,0,0,0,0,38627,0,0,0,0,31,0,0,0,0,0,0,0,0,0,11518,0,0,0,0,0,0,0,0,0,38627,0,0,0,0,31,0,0,0,0,0,0,0,0,0,11518,0,0,0,0,0,0,0,0,0,410,241,39635,9890,5608,TCGA-OL-A5D7-DX1_xmin114443_ymin22490_MPP-0.2500+41
0,0,0,699,0,0,0,0,0,0,0,0,0,0,0,1616,0,0,47861,0,0,0,0,0,0,0,0,0,699,0,0,0,0,0,0,0,0,0,0,0,2160,0,0,47317,0,0,0,0,0,0,0,0,0,699,0,0,0,0,0,0,0,0,0,0,0,1808,0,0,47669,0,0,0,0,0,0,26108,206,9390,14472,23080,TCGA-OL-A5D7-DX1_xmin114443_ymin22490_MPP-0.2500+42
0,0,0,0,0,0,0,0,0,0,0,0,0,0,0,0,0,0,50176,0,0,0,0,0,0,0,0,0,0,0,0,0,0,0,0,0,0,0,0,0,0,0,0,50176,0,0,0,0,0,0,0,0,0,0,0,0,0,0,0,0,0,0,0,0,0,0,0,0,50176,0,0,0,0,0,0,27700,0,22198,278,29534,TCGA-OL-A5D7-DX1_xmin114443_ymin22490_MPP-0.2500+43
0,0,0,141,0,0,0,0,2806,0,0,0,0,0,0,736,0,0,46493,0,0,0,0,0,0,0,0,0,141,0,0,0,0,2806,0,0,0,0,0,0,800,0,0,46429,0,0,0,0,0,0,0,0,0,141,0,0,0,0,2806,0,0,0,0,0,0,800,0,0,46429,0,0,0,0,0,0,26274,1598,14961,7343,23153,TCGA-OL-A5D7-DX1_xmin114443_ymin22490_MPP-0.2500+44
0,0,0,9170,0,0,0,0,7089,0,0,0,0,0,0,0,0,0,33917,0,0,0,0,0,0,0,0,0,9170,0,0,0,0,7089,0,0,0,0,0,0,0,0,0,33917,0,0,0,0,0,0,0,0,0,9170,0,0,0,0,7089,0,0,0,0,0,0,0,0,0,33917,0,0,0,0,0,0,13066,5819,6982,24309,29734,TCGA-OL-A5D7-DX1_xmin114443_ymin22490_MPP-0.2500+45
37876,0,0,0,0,5281,0,0,0,0,0,0,0,0,0,7019,0,0,0,0,0,0,0,0,0,37876,0,0,0,0,5281,0,0,0,0,0,0,0,0,0,7019,0,0,0,0,0,0,0,0,0,37876,0,0,0,0,5281,0,0,0,0,0,0,0,0,0,7019,0,0,0,0,0,0,0,0,0,2750,691,37971,8764,5055,TCGA-OL-A5D7-DX1_xmin114443_ymin22490_MPP-0.2500+46
50176,0,0,0,0,0,0,0,0,0,0,0,0,0,0,0,0,0,0,0,0,0,0,0,0,50176,0,0,0,0,0,0,0,0,0,0,0,0,0,0,0,0,0,0,0,0,0,0,0,0,50176,0,0,0,0,0,0,0,0,0,0,0,0,0,0,0,0,0,0,0,0,0,0,0,0,1875,0,48301,0,2975,TCGA-OL-A5D7-DX1_xmin114443_ymin22490_MPP-0.2500+47
50176,0,0,0,0,0,0,0,0,0,0,0,0,0,0,0,0,0,0,0,0,0,0,0,0,50176,0,0,0,0,0,0,0,0,0,0,0,0,0,0,0,0,0,0,0,0,0,0,0,0,50176,0,0,0,0,0,0,0,0,0,0,0,0,0,0,0,0,0,0,0,0,0,0,0,0,1017,0,49159,0,2203,TCGA-OL-A5D7-DX1_xmin114443_ymin22490_MPP-0.2500+48
50176,0,0,0,0,0,0,0,0,0,0,0,0,0,0,0,0,0,0,0,0,0,0,0,0,50176,0,0,0,0,0,0,0,0,0,0,0,0,0,0,0,0,0,0,0,0,0,0,0,0,50176,0,0,0,0,0,0,0,0,0,0,0,0,0,0,0,0,0,0,0,0,0,0,0,0,2179,0,47329,668,4383,TCGA-OL-A5D7-DX1_xmin114443_ymin22490_MPP-0.2500+49
0,0,0,0,0,10426,21393,0,0,0,0,0,0,0,0,12376,5968,0,0,0,0,0,0,0,13,0,0,0,0,0,10196,21623,0,0,0,0,0,0,0,0,12430,5914,0,0,0,0,0,0,0,13,0,0,0,0,0,9916,21903,0,0,0,0,0,0,0,0,12304,6040,0,0,0,0,0,0,0,13,6197,1700,19487,22779,18183,TCGA-OL-A5D7-DX1_xmin114443_ymin22490_MPP-0.2500+5
50176,0,0,0,0,0,0,0,0,0,0,0,0,0,0,0,0,0,0,0,0,0,0,0,0,50176,0,0,0,0,0,0,0,0,0,0,0,0,0,0,0,0,0,0,0,0,0,0,0,0,50176,0,0,0,0,0,0,0,0,0,0,0,0,0,0,0,0,0,0,0,0,0,0,0,0,4413,1465,33677,10621,12423,TCGA-OL-A5D7-DX1_xmin114443_ymin22490_MPP-0.2500+50
0,41827,8349,0,0,0,0,0,0,0,0,0,0,0,0,0,0,0,0,0,0,0,0,0,0,0,41542,8634,0,0,0,0,0,0,0,0,0,0,0,0,0,0,0,0,0,0,0,0,0,0,0,40189,9987,0,0,0,0,0,0,0,0,0,0,0,0,0,0,0,0,0,0,0,0,0,0,189,11551,5811,32625,17164,TCGA-OL-A5D7-DX1_xmin114443_ymin22490_MPP-0.2500+51
0,0,0,0,0,0,21360,2900,0,0,0,19557,6359,0,0,0,0,0,0,0,0,0,0,0,0,0,0,0,0,0,0,21235,3025,0,0,0,19768,6148,0,0,0,0,0,0,0,0,0,0,0,0,0,0,0,0,0,0,21250,3010,0,0,0,19773,6143,0,0,0,0,0,0,0,0,0,0,0,0,3270,1486,18506,26914,16521,TCGA-OL-A5D7-DX1_xmin114443_ymin22490_MPP-0.2500+52
0,0,0,0,0,0,4376,0,0,0,864,44936,0,0,0,0,0,0,0,0,0,0,0,0,0,0,0,0,0,0,0,4376,0,0,0,976,44824,0,0,0,0,0,0,0,0,0,0,0,0,0,0,0,0,0,0,0,4376,0,0,0,912,44888,0,0,0,0,0,0,0,0,0,0,0,0,0,2780,2179,4664,40553,22286,TCGA-OL-A5D7-DX1_xmin114443_ymin22490_MPP-0.2500+53
27195,0,0,0,0,6969,0,0,0,0,16012,0,0,0,0,0,0,0,0,0,0,0,0,0,0,27195,0,0,0,0,6969,0,0,0,0,16012,0,0,0,0,0,0,0,0,0,0,0,0,0,0,27195,0,0,0,0,6969,0,0,0,0,16012,0,0,0,0,0,0,0,0,0,0,0,0,0,0,972,2176,27824,19204,11228,TCGA-OL-A5D7-DX1_xmin114443_ymin22490_MPP-0.2500+54
45797,0,0,0,0,4112,0,0,0,0,267,0,0,0,0,0,0,0,0,0,0,0,0,0,0,45797,0,0,0,0,4112,0,0,0,0,267,0,0,0,0,0,0,0,0,0,0,0,0,0,0,45797,0,0,0,0,4112,0,0,0,0,267,0,0,0,0,0,0,0,0,0,0,0,0,0,0,1452,772,45579,2373,4148,TCGA-OL-A5D7-DX1_xmin114443_ymin22490_MPP-0.2500+55
10020,0,0,579,0,4165,0,0,712,0,0,0,0,0,0,23010,0,0,11690,0,0,0,0,0,0,10040,0,0,559,0,4172,0,0,705,0,0,0,0,0,0,22633,0,0,12067,0,0,0,0,0,0,10029,0,0,570,0,4131,0,0,746,0,0,0,0,0,0,21784,0,0,12916,0,0,0,0,0,0,7522,1394,12270,28990,20864,TCGA-OL-A5D7-DX1_xmin114443_ymin22490_MPP-0.2500+56
0,0,0,10,0,0,0,0,26,0,0,0,0,0,0,128,0,0,50012,0,0,0,0,0,0,0,0,0,10,0,0,0,0,26,0,0,0,0,0,0,288,0,0,49852,0,0,0,0,0,0,0,0,0,10,0,0,0,0,26,0,0,0,0,0,0,288,0,0,49852,0,0,0,0,0,0,25515,0,10158,14503,30433,TCGA-OL-A5D7-DX1_xmin114443_ymin22490_MPP-0.2500+57
11748,0,0,1110,0,443,0,0,668,0,0,0,0,0,0,834,0,0,35373,0,0,0,0,0,0,11607,0,0,1251,0,526,0,0,585,0,0,0,0,0,0,1531,0,0,34676,0,0,0,0,0,0,11475,0,0,1383,0,537,0,0,574,0,0,0,0,0,0,1644,0,0,34563,0,0,0,0,0,0,24521,289,22138,3228,22841,TCGA-OL-A5D7-DX1_xmin114443_ymin22490_MPP-0.2500+58
29871,0,0,8952,0,475,0,0,3853,0,0,0,0,0,0,0,0,0,7025,0,0,0,0,0,0,29840,0,0,8983,0,481,0,0,3847,0,0,0,0,0,0,0,0,0,7025,0,0,0,0,0,0,29676,0,0,9147,0,503,0,0,3825,0,0,0,0,0,0,0,0,0,7025,0,0,0,0,0,0,5930,4609,33347,6290,15932,TCGA-OL-A5D7-DX1_xmin114443_ymin22490_MPP-0.2500+59
44238,0,0,0,0,5816,0,0,0,0,0,0,0,0,0,122,0,0,0,0,0,0,0,0,0,44238,0,0,0,0,5816,0,0,0,0,0,0,0,0,0,122,0,0,0,0,0,0,0,0,0,44238,0,0,0,0,5816,0,0,0,0,0,0,0,0,0,122,0,0,0,0,0,0,0,0,0,2057,986,42544,4589,2814,TCGA-OL-A5D7-DX1_xmin114443_ymin22490_MPP-0.2500+6
50176,0,0,0,0,0,0,0,0,0,0,0,0,0,0,0,0,0,0,0,0,0,0,0,0,50176,0,0,0,0,0,0,0,0,0,0,0,0,0,0,0,0,0,0,0,0,0,0,0,0,50176,0,0,0,0,0,0,0,0,0,0,0,0,0,0,0,0,0,0,0,0,0,0,0,0,2591,14,46502,1069,3569,TCGA-OL-A5D7-DX1_xmin114443_ymin22490_MPP-0.2500+60
50176,0,0,0,0,0,0,0,0,0,0,0,0,0,0,0,0,0,0,0,0,0,0,0,0,50176,0,0,0,0,0,0,0,0,0,0,0,0,0,0,0,0,0,0,0,0,0,0,0,0,50176,0,0,0,0,0,0,0,0,0,0,0,0,0,0,0,0,0,0,0,0,0,0,0,0,454,0,49722,0,793,TCGA-OL-A5D7-DX1_xmin114443_ymin22490_MPP-0.2500+61
50176,0,0,0,0,0,0,0,0,0,0,0,0,0,0,0,0,0,0,0,0,0,0,0,0,50176,0,0,0,0,0,0,0,0,0,0,0,0,0,0,0,0,0,0,0,0,0,0,0,0,50176,0,0,0,0,0,0,0,0,0,0,0,0,0,0,0,0,0,0,0,0,0,0,0,0,1279,0,48897,0,1746,TCGA-OL-A5D7-DX1_xmin114443_ymin22490_MPP-0.2500+62
50176,0,0,0,0,0,0,0,0,0,0,0,0,0,0,0,0,0,0,0,0,0,0,0,0,50176,0,0,0,0,0,0,0,0,0,0,0,0,0,0,0,0,0,0,0,0,0,0,0,0,50176,0,0,0,0,0,0,0,0,0,0,0,0,0,0,0,0,0,0,0,0,0,0,0,0,117,0,50059,0,491,TCGA-OL-A5D7-DX1_xmin114443_ymin22490_MPP-0.2500+63
50176,0,0,0,0,0,0,0,0,0,0,0,0,0,0,0,0,0,0,0,0,0,0,0,0,50176,0,0,0,0,0,0,0,0,0,0,0,0,0,0,0,0,0,0,0,0,0,0,0,0,50176,0,0,0,0,0,0,0,0,0,0,0,0,0,0,0,0,0,0,0,0,0,0,0,0,4330,0,45541,305,4420,TCGA-OL-A5D7-DX1_xmin114443_ymin22490_MPP-0.2500+64
50176,0,0,0,0,0,0,0,0,0,0,0,0,0,0,0,0,0,0,0,0,0,0,0,0,50176,0,0,0,0,0,0,0,0,0,0,0,0,0,0,0,0,0,0,0,0,0,0,0,0,50176,0,0,0,0,0,0,0,0,0,0,0,0,0,0,0,0,0,0,0,0,0,0,0,0,1635,0,48541,0,2207,TCGA-OL-A5D7-DX1_xmin114443_ymin22490_MPP-0.2500+65
50176,0,0,0,0,0,0,0,0,0,0,0,0,0,0,0,0,0,0,0,0,0,0,0,0,50176,0,0,0,0,0,0,0,0,0,0,0,0,0,0,0,0,0,0,0,0,0,0,0,0,50176,0,0,0,0,0,0,0,0,0,0,0,0,0,0,0,0,0,0,0,0,0,0,0,0,3332,2038,35561,9245,8687,TCGA-OL-A5D7-DX1_xmin114443_ymin22490_MPP-0.2500+66
45425,4751,0,0,0,0,0,0,0,0,0,0,0,0,0,0,0,0,0,0,0,0,0,0,0,45475,4701,0,0,0,0,0,0,0,0,0,0,0,0,0,0,0,0,0,0,0,0,0,0,0,44771,5405,0,0,0,0,0,0,0,0,0,0,0,0,0,0,0,0,0,0,0,0,0,0,0,6478,0,42935,763,4968,TCGA-OL-A5D7-DX1_xmin114443_ymin22490_MPP-0.2500+67
0,17695,0,0,0,0,5893,0,0,0,0,26588,0,0,0,0,0,0,0,0,0,0,0,0,0,0,17695,0,0,0,0,5893,0,0,0,0,26588,0,0,0,0,0,0,0,0,0,0,0,0,0,0,17695,0,0,0,0,5893,0,0,0,0,26588,0,0,0,0,0,0,0,0,0,0,0,0,0,870,4961,11803,32542,16755,TCGA-OL-A5D7-DX1_xmin114443_ymin22490_MPP-0.2500+68
0,0,0,0,0,0,12659,0,0,0,0,37517,0,0,0,0,0,0,0,0,0,0,0,0,0,0,0,0,0,0,0,12659,0,0,0,128,37389,0,0,0,0,0,0,0,0,0,0,0,0,0,0,0,0,0,0,0,12659,0,0,0,128,37389,0,0,0,0,0,0,0,0,0,0,0,0,0,8912,2117,14977,24170,21489,TCGA-OL-A5D7-DX1_xmin114443_ymin22490_MPP-0.2500+69
42412,6895,0,0,0,0,869,0,0,0,0,0,0,0,0,0,0,0,0,0,0,0,0,0,0,42558,6749,0,0,0,0,869,0,0,0,0,0,0,0,0,0,0,0,0,0,0,0,0,0,0,42944,6363,0,0,0,0,869,0,0,0,0,0,0,0,0,0,0,0,0,0,0,0,0,0,0,2815,321,42510,4530,4369,TCGA-OL-A5D7-DX1_xmin114443_ymin22490_MPP-0.2500+7
0,0,0,0,0,142,0,2487,0,0,770,0,46777,0,0,0,0,0,0,0,0,0,0,0,0,0,0,0,0,0,142,0,2487,0,0,1186,0,46361,0,0,0,0,0,0,0,0,0,0,0,0,0,0,0,0,0,142,0,2487,0,0,962,0,46585,0,0,0,0,0,0,0,0,0,0,0,0,18941,1339,11287,18609,23491,TCGA-OL-A5D7-DX1_xmin114443_ymin22490_MPP-0.2500+70
5467,0,0,0,0,0,0,0,0,0,44709,0,0,0,0,0,0,0,0,0,0,0,0,0,0,5467,0,0,0,0,0,0,0,0,0,44709,0,0,0,0,0,0,0,0,0,0,0,0,0,0,5467,0,0,0,0,0,0,0,0,0,44709,0,0,0,0,0,0,0,0,0,0,0,0,0,0,3047,382,9433,37314,13593,TCGA-OL-A5D7-DX1_xmin114443_ymin22490_MPP-0.2500+71
0,0,0,0,0,0,0,0,0,0,1696,0,48480,0,0,0,0,0,0,0,0,0,0,0,0,0,0,0,0,0,0,0,0,0,0,1664,0,48512,0,0,0,0,0,0,0,0,0,0,0,0,0,0,0,0,0,0,0,0,0,0,1664,0,48512,0,0,0,0,0,0,0,0,0,0,0,0,17727,141,12101,20207,23197,TCGA-OL-A5D7-DX1_xmin114443_ymin22490_MPP-0.2500+72
8967,0,0,0,0,7290,0,0,0,0,33919,0,0,0,0,0,0,0,0,0,0,0,0,0,0,8967,0,0,0,0,7290,0,0,0,0,33919,0,0,0,0,0,0,0,0,0,0,0,0,0,0,8967,0,0,0,0,7290,0,0,0,0,33919,0,0,0,0,0,0,0,0,0,0,0,0,0,0,867,2353,9098,37858,16166,TCGA-OL-A5D7-DX1_xmin114443_ymin22490_MPP-0.2500+73
6264,0,0,0,0,4629,0,0,0,0,19383,0,0,0,0,19900,0,0,0,0,0,0,0,0,0,6264,0,0,0,0,4629,0,0,0,0,19383,0,0,0,0,19900,0,0,0,0,0,0,0,0,0,6264,0,0,0,0,4629,0,0,0,0,19383,0,0,0,0,19900,0,0,0,0,0,0,0,0,0,2441,660,11205,35870,12746,TCGA-OL-A5D7-DX1_xmin114443_ymin22490_MPP-0.2500+74
15825,0,0,0,0,5906,0,0,0,0,11351,0,0,0,0,17094,0,0,0,0,0,0,0,0,0,15825,0,0,0,0,5906,0,0,0,0,11351,0,0,0,0,17094,0,0,0,0,0,0,0,0,0,15825,0,0,0,0,5906,0,0,0,0,11351,0,0,0,0,17094,0,0,0,0,0,0,0,0,0,1615,1603,14093,32865,14491,TCGA-OL-A5D7-DX1_xmin114443_ymin22490_MPP-0.2500+75
50176,0,0,0,0,0,0,0,0,0,0,0,0,0,0,0,0,0,0,0,0,0,0,0,0,50176,0,0,0,0,0,0,0,0,0,0,0,0,0,0,0,0,0,0,0,0,0,0,0,0,50176,0,0,0,0,0,0,0,0,0,0,0,0,0,0,0,0,0,0,0,0,0,0,0,0,1502,0,48271,403,2407,TCGA-OL-A5D7-DX1_xmin114443_ymin22490_MPP-0.2500+76
50176,0,0,0,0,0,0,0,0,0,0,0,0,0,0,0,0,0,0,0,0,0,0,0,0,50176,0,0,0,0,0,0,0,0,0,0,0,0,0,0,0,0,0,0,0,0,0,0,0,0,50176,0,0,0,0,0,0,0,0,0,0,0,0,0,0,0,0,0,0,0,0,0,0,0,0,396,0,49780,0,974,TCGA-OL-A5D7-DX1_xmin114443_ymin22490_MPP-0.2500+77
50176,0,0,0,0,0,0,0,0,0,0,0,0,0,0,0,0,0,0,0,0,0,0,0,0,50176,0,0,0,0,0,0,0,0,0,0,0,0,0,0,0,0,0,0,0,0,0,0,0,0,50176,0,0,0,0,0,0,0,0,0,0,0,0,0,0,0,0,0,0,0,0,0,0,0,0,2189,0,47793,194,4714,TCGA-OL-A5D7-DX1_xmin114443_ymin22490_MPP-0.2500+78
50176,0,0,0,0,0,0,0,0,0,0,0,0,0,0,0,0,0,0,0,0,0,0,0,0,50176,0,0,0,0,0,0,0,0,0,0,0,0,0,0,0,0,0,0,0,0,0,0,0,0,50176,0,0,0,0,0,0,0,0,0,0,0,0,0,0,0,0,0,0,0,0,0,0,0,0,1653,0,48523,0,2195,TCGA-OL-A5D7-DX1_xmin114443_ymin22490_MPP-0.2500+79
0,43839,0,0,0,0,6337,0,0,0,0,0,0,0,0,0,0,0,0,0,0,0,0,0,0,0,43839,0,0,0,0,6337,0,0,0,0,0,0,0,0,0,0,0,0,0,0,0,0,0,0,0,43839,0,0,0,0,6337,0,0,0,0,0,0,0,0,0,0,0,0,0,0,0,0,0,0,2139,4767,14571,28699,16028,TCGA-OL-A5D7-DX1_xmin114443_ymin22490_MPP-0.2500+8
50107,0,0,0,0,69,0,0,0,0,0,0,0,0,0,0,0,0,0,0,0,0,0,0,0,50107,0,0,0,0,69,0,0,0,0,0,0,0,0,0,0,0,0,0,0,0,0,0,0,0,50107,0,0,0,0,69,0,0,0,0,0,0,0,0,0,0,0,0,0,0,0,0,0,0,0,6298,0,43477,401,6299,TCGA-OL-A5D7-DX1_xmin114443_ymin22490_MPP-0.2500+80
49933,0,0,0,0,243,0,0,0,0,0,0,0,0,0,0,0,0,0,0,0,0,0,0,0,49933,0,0,0,0,243,0,0,0,0,0,0,0,0,0,0,0,0,0,0,0,0,0,0,0,49933,0,0,0,0,243,0,0,0,0,0,0,0,0,0,0,0,0,0,0,0,0,0,0,0,3047,0,46291,838,3072,TCGA-OL-A5D7-DX1_xmin114443_ymin22490_MPP-0.2500+81
50176,0,0,0,0,0,0,0,0,0,0,0,0,0,0,0,0,0,0,0,0,0,0,0,0,50176,0,0,0,0,0,0,0,0,0,0,0,0,0,0,0,0,0,0,0,0,0,0,0,0,50176,0,0,0,0,0,0,0,0,0,0,0,0,0,0,0,0,0,0,0,0,0,0,0,0,1490,0,48686,0,1642,TCGA-OL-A5D7-DX1_xmin114443_ymin22490_MPP-0.2500+82
50176,0,0,0,0,0,0,0,0,0,0,0,0,0,0,0,0,0,0,0,0,0,0,0,0,50176,0,0,0,0,0,0,0,0,0,0,0,0,0,0,0,0,0,0,0,0,0,0,0,0,50176,0,0,0,0,0,0,0,0,0,0,0,0,0,0,0,0,0,0,0,0,0,0,0,0,2294,0,47882,0,3614,TCGA-OL-A5D7-DX1_xmin114443_ymin22490_MPP-0.2500+83
50176,0,0,0,0,0,0,0,0,0,0,0,0,0,0,0,0,0,0,0,0,0,0,0,0,50176,0,0,0,0,0,0,0,0,0,0,0,0,0,0,0,0,0,0,0,0,0,0,0,0,50176,0,0,0,0,0,0,0,0,0,0,0,0,0,0,0,0,0,0,0,0,0,0,0,0,2312,0,47859,5,4221,TCGA-OL-A5D7-DX1_xmin114443_ymin22490_MPP-0.2500+84
50176,0,0,0,0,0,0,0,0,0,0,0,0,0,0,0,0,0,0,0,0,0,0,0,0,50176,0,0,0,0,0,0,0,0,0,0,0,0,0,0,0,0,0,0,0,0,0,0,0,0,50176,0,0,0,0,0,0,0,0,0,0,0,0,0,0,0,0,0,0,0,0,0,0,0,0,5164,0,44743,269,6908,TCGA-OL-A5D7-DX1_xmin114443_ymin22490_MPP-0.2500+85
50176,0,0,0,0,0,0,0,0,0,0,0,0,0,0,0,0,0,0,0,0,0,0,0,0,50176,0,0,0,0,0,0,0,0,0,0,0,0,0,0,0,0,0,0,0,0,0,0,0,0,50176,0,0,0,0,0,0,0,0,0,0,0,0,0,0,0,0,0,0,0,0,0,0,0,0,1573,0,48603,0,2581,TCGA-OL-A5D7-DX1_xmin114443_ymin22490_MPP-0.2500+86
36282,0,0,0,0,8396,0,0,0,0,5498,0,0,0,0,0,0,0,0,0,0,0,0,0,0,36282,0,0,0,0,8396,0,0,0,0,5498,0,0,0,0,0,0,0,0,0,0,0,0,0,0,36282,0,0,0,0,8396,0,0,0,0,5498,0,0,0,0,0,0,0,0,0,0,0,0,0,0,4905,977,34479,9815,13734,TCGA-OL-A5D7-DX1_xmin114443_ymin22490_MPP-0.2500+87
0,350,0,0,0,0,47543,0,0,0,0,2283,0,0,0,0,0,0,0,0,0,0,0,0,0,0,350,0,0,0,0,47543,0,0,0,0,2283,0,0,0,0,0,0,0,0,0,0,0,0,0,0,350,0,0,0,0,47543,0,0,0,0,2283,0,0,0,0,0,0,0,0,0,0,0,0,0,12291,751,27125,10009,19705,TCGA-OL-A5D7-DX1_xmin114443_ymin22490_MPP-0.2500+88
0,0,0,0,0,1,45693,0,0,0,0,4482,0,0,0,0,0,0,0,0,0,0,0,0,0,0,0,0,0,0,1,45693,0,0,0,0,4482,0,0,0,0,0,0,0,0,0,0,0,0,0,0,0,0,0,0,1,45693,0,0,0,0,4482,0,0,0,0,0,0,0,0,0,0,0,0,0,10749,1674,27363,10390,17125,TCGA-OL-A5D7-DX1_xmin114443_ymin22490_MPP-0.2500+89
50176,0,0,0,0,0,0,0,0,0,0,0,0,0,0,0,0,0,0,0,0,0,0,0,0,50176,0,0,0,0,0,0,0,0,0,0,0,0,0,0,0,0,0,0,0,0,0,0,0,0,50176,0,0,0,0,0,0,0,0,0,0,0,0,0,0,0,0,0,0,0,0,0,0,0,0,3132,0,47044,0,3690,TCGA-OL-A5D7-DX1_xmin114443_ymin22490_MPP-0.2500+9
1464,0,0,0,0,654,20223,0,0,0,16606,11229,0,0,0,0,0,0,0,0,0,0,0,0,0,1464,0,0,0,0,625,20252,0,0,0,16528,11307,0,0,0,0,0,0,0,0,0,0,0,0,0,1464,0,0,0,0,703,20174,0,0,0,16322,11513,0,0,0,0,0,0,0,0,0,0,0,0,0,5469,1306,19872,23529,16702,TCGA-OL-A5D7-DX1_xmin114443_ymin22490_MPP-0.2500+90
0,0,0,0,0,0,3139,0,0,0,3536,43501,0,0,0,0,0,0,0,0,0,0,0,0,0,0,0,0,0,0,0,3139,0,0,0,3088,43949,0,0,0,0,0,0,0,0,0,0,0,0,0,0,0,0,0,0,0,3139,0,0,0,2608,44429,0,0,0,0,0,0,0,0,0,0,0,0,0,600,1028,5288,43260,14873,TCGA-OL-A5D7-DX1_xmin114443_ymin22490_MPP-0.2500+91
0,0,0,0,0,0,6509,0,0,0,1600,42067,0,0,0,0,0,0,0,0,0,0,0,0,0,0,0,0,0,0,0,6509,0,0,0,1664,42003,0,0,0,0,0,0,0,0,0,0,0,0,0,0,0,0,0,0,0,6509,0,0,0,1344,42323,0,0,0,0,0,0,0,0,0,0,0,0,0,5559,1040,12070,31507,22230,TCGA-OL-A5D7-DX1_xmin114443_ymin22490_MPP-0.2500+92
0,0,0,0,0,0,2020,0,0,0,0,32103,16053,0,0,0,0,0,0,0,0,0,0,0,0,0,0,0,0,0,0,2020,0,0,0,192,31983,15981,0,0,0,0,0,0,0,0,0,0,0,0,0,0,0,0,0,0,2020,0,0,0,192,31692,16272,0,0,0,0,0,0,0,0,0,0,0,0,4441,901,8724,36110,16318,TCGA-OL-A5D7-DX1_xmin114443_ymin22490_MPP-0.2500+93
29824,0,0,0,0,2173,0,0,0,0,18179,0,0,0,0,0,0,0,0,0,0,0,0,0,0,29824,0,0,0,0,2173,0,0,0,0,18179,0,0,0,0,0,0,0,0,0,0,0,0,0,0,29824,0,0,0,0,2173,0,0,0,0,18179,0,0,0,0,0,0,0,0,0,0,0,0,0,0,5866,1438,30180,12692,7758,TCGA-OL-A5D7-DX1_xmin114443_ymin22490_MPP-0.2500+94
50176,0,0,0,0,0,0,0,0,0,0,0,0,0,0,0,0,0,0,0,0,0,0,0,0,50176,0,0,0,0,0,0,0,0,0,0,0,0,0,0,0,0,0,0,0,0,0,0,0,0,50176,0,0,0,0,0,0,0,0,0,0,0,0,0,0,0,0,0,0,0,0,0,0,0,0,480,0,49696,0,658,TCGA-OL-A5D7-DX1_xmin114443_ymin22490_MPP-0.2500+95
50054,0,0,0,0,122,0,0,0,0,0,0,0,0,0,0,0,0,0,0,0,0,0,0,0,50054,0,0,0,0,122,0,0,0,0,0,0,0,0,0,0,0,0,0,0,0,0,0,0,0,50054,0,0,0,0,122,0,0,0,0,0,0,0,0,0,0,0,0,0,0,0,0,0,0,0,850,0,49057,269,1595,TCGA-OL-A5D7-DX1_xmin114443_ymin22490_MPP-0.2500+96
34939,4770,0,0,0,0,10467,0,0,0,0,0,0,0,0,0,0,0,0,0,0,0,0,0,0,35161,4548,0,0,0,0,10467,0,0,0,0,0,0,0,0,0,0,0,0,0,0,0,0,0,0,35219,4490,0,0,0,0,10467,0,0,0,0,0,0,0,0,0,0,0,0,0,0,0,0,0,0,1749,1964,43905,2558,3943,TCGA-OL-A5D7-DX1_xmin114443_ymin22490_MPP-0.2500+97
40875,2006,0,0,0,1393,5902,0,0,0,0,0,0,0,0,0,0,0,0,0,0,0,0,0,0,40890,1991,0,0,0,1507,5788,0,0,0,0,0,0,0,0,0,0,0,0,0,0,0,0,0,0,40823,2058,0,0,0,1498,5797,0,0,0,0,0,0,0,0,0,0,0,0,0,0,0,0,0,0,3017,308,44028,2823,4794,TCGA-OL-A5D7-DX1_xmin114443_ymin22490_MPP-0.2500+98
36904,9093,0,0,0,244,3935,0,0,0,0,0,0,0,0,0,0,0,0,0,0,0,0,0,0,36651,9346,0,0,0,240,3939,0,0,0,0,0,0,0,0,0,0,0,0,0,0,0,0,0,0,36073,9924,0,0,0,239,3940,0,0,0,0,0,0,0,0,0,0,0,0,0,0,0,0,0,0,4118,2330,36888,6840,16241,TCGA-OL-A5D7-DX1_xmin114443_ymin22490_MPP-0.2500+99
0,0,0,0,0,5424,0,0,6952,0,0,0,0,0,0,0,0,0,37800,0,0,0,0,0,0,0,0,0,0,0,5680,0,0,6696,0,0,0,0,0,0,0,0,0,37800,0,0,0,0,0,0,0,0,0,0,0,5680,0,0,6696,0,0,0,0,0,0,0,0,0,37800,0,0,0,0,0,0,14104,1191,33182,1699,23631,TCGA-OL-A5RW-DX1_xmin5772_ymin6839_MPP-0.2500+0
0,0,0,0,0,0,28281,0,309,0,0,0,0,0,0,0,4229,0,17357,0,0,0,0,0,0,0,0,0,0,0,0,28351,0,239,0,0,0,0,0,0,0,4185,0,17401,0,0,0,0,0,0,0,0,0,0,0,0,28322,0,268,0,0,0,0,0,0,0,4078,0,17508,0,0,0,0,0,0,4873,789,39649,4865,9527,TCGA-OL-A5RW-DX1_xmin5772_ymin6839_MPP-0.2500+1
17279,5567,0,0,0,3983,23347,0,0,0,0,0,0,0,0,0,0,0,0,0,0,0,0,0,0,17131,5715,0,0,0,3399,23931,0,0,0,0,0,0,0,0,0,0,0,0,0,0,0,0,0,0,17133,5713,0,0,0,3163,24167,0,0,0,0,0,0,0,0,0,0,0,0,0,0,0,0,0,0,2381,4850,36270,6675,6537,TCGA-OL-A5RW-DX1_xmin5772_ymin6839_MPP-0.2500+10
11129,13192,0,0,0,2438,23417,0,0,0,0,0,0,0,0,0,0,0,0,0,0,0,0,0,0,10972,13349,0,0,0,2425,23430,0,0,0,0,0,0,0,0,0,0,0,0,0,0,0,0,0,0,9808,14513,0,0,0,2272,23583,0,0,0,0,0,0,0,0,0,0,0,0,0,0,0,0,0,0,3155,4988,31649,10384,12531,TCGA-OL-A5RW-DX1_xmin5772_ymin6839_MPP-0.2500+11
0,0,0,0,0,720,0,0,2624,0,0,0,0,0,0,0,0,0,46832,0,0,0,0,0,0,0,0,0,0,0,720,0,0,2624,0,0,0,0,0,0,0,0,0,46832,0,0,0,0,0,0,0,0,0,0,0,720,0,0,2624,0,0,0,0,0,0,0,0,0,46832,0,0,0,0,0,0,6354,876,42720,226,15898,TCGA-OL-A5RW-DX1_xmin5772_ymin6839_MPP-0.2500+2
0,0,0,167,0,2981,0,0,9612,0,0,0,0,0,0,731,0,0,36685,0,0,0,0,0,0,0,0,0,167,0,2718,0,0,9875,0,0,0,0,0,0,450,0,0,36966,0,0,0,0,0,0,0,0,0,167,0,2702,0,0,9891,0,0,0,0,0,0,402,0,0,37014,0,0,0,0,0,0,15288,2614,28799,3475,24202,TCGA-OL-A5RW-DX1_xmin5772_ymin6839_MPP-0.2500+3
3637,371,0,838,0,531,31768,0,1893,0,0,0,0,0,0,63,3727,0,7348,0,0,0,0,0,0,3649,380,0,817,0,492,31995,0,1705,0,0,0,0,0,0,42,3759,0,7337,0,0,0,0,0,0,3679,301,0,866,0,490,31989,0,1713,0,0,0,0,0,0,63,3662,0,7413,0,0,0,0,0,0,4212,2783,37388,5793,12080,TCGA-OL-A5RW-DX1_xmin5772_ymin6839_MPP-0.2500+4
0,0,0,0,0,0,0,0,3369,0,0,0,0,0,0,0,0,0,46807,0,0,0,0,0,0,0,0,0,0,0,0,0,0,3369,0,0,0,0,0,0,0,0,0,46807,0,0,0,0,0,0,0,0,0,0,0,0,0,0,3369,0,0,0,0,0,0,0,0,0,46807,0,0,0,0,0,0,19702,452,29239,783,29864,TCGA-OL-A5RW-DX1_xmin5772_ymin6839_MPP-0.2500+5
12589,6632,0,0,0,3491,26137,0,0,0,0,0,0,0,0,1301,26,0,0,0,0,0,0,0,0,12596,6625,0,0,0,3391,26237,0,0,0,0,0,0,0,0,1295,32,0,0,0,0,0,0,0,0,12874,6347,0,0,0,3497,26131,0,0,0,0,0,0,0,0,1293,34,0,0,0,0,0,0,0,0,2713,7134,33130,7199,9807,TCGA-OL-A5RW-DX1_xmin5772_ymin6839_MPP-0.2500+6
18930,4522,0,0,0,1146,25516,0,0,0,0,0,0,0,0,32,30,0,0,0,0,0,0,0,0,19070,4382,0,0,0,1231,25431,0,0,0,0,0,0,0,0,32,30,0,0,0,0,0,0,0,0,19332,4120,0,0,0,1343,25319,0,0,0,0,0,0,0,0,32,30,0,0,0,0,0,0,0,0,1638,3071,41888,3579,6657,TCGA-OL-A5RW-DX1_xmin5772_ymin6839_MPP-0.2500+7
17962,4392,0,0,0,11263,14067,0,0,0,0,0,0,0,0,1889,603,0,0,0,0,0,0,0,0,17809,4545,0,0,0,10457,14873,0,0,0,0,0,0,0,0,1764,728,0,0,0,0,0,0,0,0,18192,4162,0,0,0,10403,14927,0,0,0,0,0,0,0,0,1785,707,0,0,0,0,0,0,0,0,3744,8877,25377,12178,14921,TCGA-OL-A5RW-DX1_xmin5772_ymin6839_MPP-0.2500+8
16866,3117,0,0,0,1578,28615,0,0,0,0,0,0,0,0,0,0,0,0,0,0,0,0,0,0,16742,3241,0,0,0,1230,28963,0,0,0,0,0,0,0,0,0,0,0,0,0,0,0,0,0,0,16992,2991,0,0,0,1392,28801,0,0,0,0,0,0,0,0,0,0,0,0,0,0,0,0,0,0,1652,4341,39006,5177,8594,TCGA-OL-A5RW-DX1_xmin5772_ymin6839_MPP-0.2500+9
0,0,0,0,0,0,48294,0,0,0,0,1882,0,0,0,0,0,0,0,0,0,0,0,0,0,0,0,0,0,0,0,48294,0,0,0,0,1882,0,0,0,0,0,0,0,0,0,0,0,0,0,0,0,0,0,0,0,48294,0,0,0,0,1882,0,0,0,0,0,0,0,0,0,0,0,0,0,8689,997,35000,5490,9359,TCGA-OL-A66I-DX1_xmin38433_ymin22957_MPP-0.2500+0
0,0,0,0,0,0,47120,0,0,0,0,3056,0,0,0,0,0,0,0,0,0,0,0,0,0,0,0,0,0,0,0,47120,0,0,0,0,3056,0,0,0,0,0,0,0,0,0,0,0,0,0,0,0,0,0,0,0,47120,0,0,0,0,3056,0,0,0,0,0,0,0,0,0,0,0,0,0,3743,1810,43377,1246,5310,TCGA-OL-A66I-DX1_xmin38433_ymin22957_MPP-0.2500+1
0,0,0,0,0,0,50176,0,0,0,0,0,0,0,0,0,0,0,0,0,0,0,0,0,0,0,0,0,0,0,0,50176,0,0,0,0,0,0,0,0,0,0,0,0,0,0,0,0,0,0,0,0,0,0,0,0,50176,0,0,0,0,0,0,0,0,0,0,0,0,0,0,0,0,0,0,2915,0,47052,209,3672,TCGA-OL-A66I-DX1_xmin38433_ymin22957_MPP-0.2500+10
0,0,0,0,0,0,50176,0,0,0,0,0,0,0,0,0,0,0,0,0,0,0,0,0,0,0,0,0,0,0,0,50176,0,0,0,0,0,0,0,0,0,0,0,0,0,0,0,0,0,0,0,0,0,0,0,0,50176,0,0,0,0,0,0,0,0,0,0,0,0,0,0,0,0,0,0,2458,0,47639,79,2238,TCGA-OL-A66I-DX1_xmin38433_ymin22957_MPP-0.2500+11
0,0,0,0,0,0,42842,3214,0,0,0,3208,912,0,0,0,0,0,0,0,0,0,0,0,0,0,0,0,0,0,0,43136,2920,0,0,0,3074,1046,0,0,0,0,0,0,0,0,0,0,0,0,0,0,0,0,0,0,43029,3027,0,0,0,3036,1084,0,0,0,0,0,0,0,0,0,0,0,0,4182,1327,40902,3765,8472,TCGA-OL-A66I-DX1_xmin38433_ymin22957_MPP-0.2500+12
0,0,0,0,0,0,18742,81,0,0,0,20411,10942,0,0,0,0,0,0,0,0,0,0,0,0,0,0,0,0,0,0,18749,74,0,0,0,20998,10355,0,0,0,0,0,0,0,0,0,0,0,0,0,0,0,0,0,0,18740,83,0,0,0,20689,10664,0,0,0,0,0,0,0,0,0,0,0,0,4691,1202,23236,21047,9128,TCGA-OL-A66I-DX1_xmin38433_ymin22957_MPP-0.2500+13
0,0,0,0,0,0,8898,1267,0,0,0,14470,25541,0,0,0,0,0,0,0,0,0,0,0,0,0,0,0,0,0,0,8916,1249,0,0,0,16018,23993,0,0,0,0,0,0,0,0,0,0,0,0,0,0,0,0,0,0,9094,1071,0,0,0,20466,19545,0,0,0,0,0,0,0,0,0,0,0,0,5759,986,16149,27282,10669,TCGA-OL-A66I-DX1_xmin38433_ymin22957_MPP-0.2500+14
0,0,0,0,0,0,34793,0,0,0,0,15383,0,0,0,0,0,0,0,0,0,0,0,0,0,0,0,0,0,0,0,34793,0,0,0,0,15383,0,0,0,0,0,0,0,0,0,0,0,0,0,0,0,0,0,0,0,34793,0,0,0,0,15383,0,0,0,0,0,0,0,0,0,0,0,0,0,3723,1513,31707,13233,8373,TCGA-OL-A66I-DX1_xmin38433_ymin22957_MPP-0.2500+15
0,0,0,0,0,0,45831,0,0,0,0,4345,0,0,0,0,0,0,0,0,0,0,0,0,0,0,0,0,0,0,0,45831,0,0,0,0,4345,0,0,0,0,0,0,0,0,0,0,0,0,0,0,0,0,0,0,0,45831,0,0,0,0,4345,0,0,0,0,0,0,0,0,0,0,0,0,0,2867,1021,43277,3011,5476,TCGA-OL-A66I-DX1_xmin38433_ymin22957_MPP-0.2500+16
0,0,0,0,0,0,43593,0,0,0,0,6583,0,0,0,0,0,0,0,0,0,0,0,0,0,0,0,0,0,0,0,43593,0,0,0,0,6583,0,0,0,0,0,0,0,0,0,0,0,0,0,0,0,0,0,0,0,43593,0,0,0,0,6583,0,0,0,0,0,0,0,0,0,0,0,0,0,2395,854,41198,5729,3080,TCGA-OL-A66I-DX1_xmin38433_ymin22957_MPP-0.2500+17
0,0,0,0,0,0,11287,447,0,0,0,23920,14522,0,0,0,0,0,0,0,0,0,0,0,0,0,0,0,0,0,0,11270,464,0,0,0,23831,14611,0,0,0,0,0,0,0,0,0,0,0,0,0,0,0,0,0,0,11236,498,0,0,0,23720,14722,0,0,0,0,0,0,0,0,0,0,0,0,7450,796,18527,23403,11990,TCGA-OL-A66I-DX1_xmin38433_ymin22957_MPP-0.2500+18
0,1674,0,0,0,0,14074,2630,0,0,0,3635,28163,0,0,0,0,0,0,0,0,0,0,0,0,0,1674,0,0,0,0,14023,2681,0,0,0,3493,28305,0,0,0,0,0,0,0,0,0,0,0,0,0,1674,0,0,0,0,14150,2554,0,0,0,4028,27770,0,0,0,0,0,0,0,0,0,0,0,0,10835,5018,28259,6064,11176,TCGA-OL-A66I-DX1_xmin38433_ymin22957_MPP-0.2500+19
0,0,0,0,0,0,42627,0,0,0,0,7549,0,0,0,0,0,0,0,0,0,0,0,0,0,0,0,0,0,0,0,42627,0,0,0,0,7549,0,0,0,0,0,0,0,0,0,0,0,0,0,0,0,0,0,0,0,42627,0,0,0,0,7549,0,0,0,0,0,0,0,0,0,0,0,0,0,8445,1292,33742,6697,6718,TCGA-OL-A66I-DX1_xmin38433_ymin22957_MPP-0.2500+2
0,2564,474,0,0,0,2676,2290,0,0,0,19990,22182,0,0,0,0,0,0,0,0,0,0,0,0,0,2817,221,0,0,0,2783,2183,0,0,0,20743,21429,0,0,0,0,0,0,0,0,0,0,0,0,0,2694,344,0,0,0,2738,2228,0,0,0,20232,21940,0,0,0,0,0,0,0,0,0,0,0,0,12724,1304,17589,18559,14654,TCGA-OL-A66I-DX1_xmin38433_ymin22957_MPP-0.2500+20
4257,9015,0,0,0,3602,18013,0,0,0,2245,13044,0,0,0,0,0,0,0,0,0,0,0,0,0,4092,9180,0,0,0,3342,18273,0,0,0,2252,13037,0,0,0,0,0,0,0,0,0,0,0,0,0,3827,9445,0,0,0,3306,18309,0,0,0,2590,12699,0,0,0,0,0,0,0,0,0,0,0,0,0,4942,3069,21223,20942,13408,TCGA-OL-A66I-DX1_xmin38433_ymin22957_MPP-0.2500+21
0,0,0,0,0,0,28468,3170,0,0,0,2346,16192,0,0,0,0,0,0,0,0,0,0,0,0,0,0,0,0,0,0,28888,2750,0,0,0,2536,16002,0,0,0,0,0,0,0,0,0,0,0,0,0,0,0,0,0,0,28923,2715,0,0,0,2627,15911,0,0,0,0,0,0,0,0,0,0,0,0,9923,2681,27504,10068,9010,TCGA-OL-A66I-DX1_xmin38433_ymin22957_MPP-0.2500+22
0,718,0,0,0,0,45764,0,0,0,0,3694,0,0,0,0,0,0,0,0,0,0,0,0,0,0,718,0,0,0,0,45764,0,0,0,0,3694,0,0,0,0,0,0,0,0,0,0,0,0,0,0,718,0,0,0,0,45764,0,0,0,0,3694,0,0,0,0,0,0,0,0,0,0,0,0,0,5353,922,39310,4591,7790,TCGA-OL-A66I-DX1_xmin38433_ymin22957_MPP-0.2500+23
5682,827,0,0,0,9661,30344,0,0,0,1427,2235,0,0,0,0,0,0,0,0,0,0,0,0,0,5665,844,0,0,0,9449,30556,0,0,0,1201,2461,0,0,0,0,0,0,0,0,0,0,0,0,0,5681,828,0,0,0,9485,30520,0,0,0,1203,2459,0,0,0,0,0,0,0,0,0,0,0,0,0,8551,3316,28666,9643,10407,TCGA-OL-A66I-DX1_xmin38433_ymin22957_MPP-0.2500+24
25069,5793,0,0,0,620,11559,0,0,0,65,7070,0,0,0,0,0,0,0,0,0,0,0,0,0,25008,5854,0,0,0,617,11562,0,0,0,195,6940,0,0,0,0,0,0,0,0,0,0,0,0,0,24911,5951,0,0,0,728,11451,0,0,0,396,6739,0,0,0,0,0,0,0,0,0,0,0,0,0,4473,1077,33402,11224,8293,TCGA-OL-A66I-DX1_xmin38433_ymin22957_MPP-0.2500+25
22059,26382,0,0,0,81,1654,0,0,0,0,0,0,0,0,0,0,0,0,0,0,0,0,0,0,21849,26592,0,0,0,89,1646,0,0,0,0,0,0,0,0,0,0,0,0,0,0,0,0,0,0,21927,26514,0,0,0,134,1601,0,0,0,0,0,0,0,0,0,0,0,0,0,0,0,0,0,0,3119,2959,25580,18518,10474,TCGA-OL-A66I-DX1_xmin38433_ymin22957_MPP-0.2500+26
10956,33645,0,0,0,0,4506,0,0,0,0,1069,0,0,0,0,0,0,0,0,0,0,0,0,0,10372,34229,0,0,0,8,4498,0,0,0,0,1069,0,0,0,0,0,0,0,0,0,0,0,0,0,10174,34427,0,0,0,3,4503,0,0,0,0,1069,0,0,0,0,0,0,0,0,0,0,0,0,0,3343,5477,19441,21915,8124,TCGA-OL-A66I-DX1_xmin38433_ymin22957_MPP-0.2500+27
44485,0,0,0,0,4304,0,0,0,0,1387,0,0,0,0,0,0,0,0,0,0,0,0,0,0,25828,18657,0,0,0,1237,3067,0,0,0,559,828,0,0,0,0,0,0,0,0,0,0,0,0,0,25788,18697,0,0,0,1264,3040,0,0,0,555,832,0,0,0,0,0,0,0,0,0,0,0,0,0,6764,899,29369,13144,9307,TCGA-OL-A66I-DX1_xmin38433_ymin22957_MPP-0.2500+28
0,619,209,0,0,0,14879,3302,0,0,0,11765,17320,0,0,0,0,0,0,0,0,0,0,0,2082,0,619,209,0,0,0,15119,3062,0,0,0,12371,16714,0,0,0,0,0,0,0,0,0,0,0,2082,0,619,209,0,0,0,15101,3080,0,0,0,12999,16086,0,0,0,0,0,0,0,0,0,0,0,2082,7519,3569,25276,11730,10350,TCGA-OL-A66I-DX1_xmin38433_ymin22957_MPP-0.2500+29
0,0,0,0,0,0,50176,0,0,0,0,0,0,0,0,0,0,0,0,0,0,0,0,0,0,0,0,0,0,0,0,50176,0,0,0,0,0,0,0,0,0,0,0,0,0,0,0,0,0,0,0,0,0,0,0,0,50176,0,0,0,0,0,0,0,0,0,0,0,0,0,0,0,0,0,0,2953,0,47223,0,3995,TCGA-OL-A66I-DX1_xmin38433_ymin22957_MPP-0.2500+3
0,0,0,0,0,0,21890,1358,0,0,0,19307,6736,0,0,0,0,0,0,0,0,0,0,0,885,0,0,0,0,0,0,22247,1001,0,0,0,19519,6524,0,0,0,0,0,0,0,0,0,0,0,885,0,0,0,0,0,0,22331,917,0,0,0,19540,6503,0,0,0,0,0,0,0,0,0,0,0,885,4920,3532,22057,18782,8164,TCGA-OL-A66I-DX1_xmin38433_ymin22957_MPP-0.2500+30
22700,27476,0,0,0,0,0,0,0,0,0,0,0,0,0,0,0,0,0,0,0,0,0,0,0,22634,27542,0,0,0,0,0,0,0,0,0,0,0,0,0,0,0,0,0,0,0,0,0,0,0,22633,27543,0,0,0,0,0,0,0,0,0,0,0,0,0,0,0,0,0,0,0,0,0,0,0,1920,3508,23342,21406,8089,TCGA-OL-A66I-DX1_xmin38433_ymin22957_MPP-0.2500+31
50176,0,0,0,0,0,0,0,0,0,0,0,0,0,0,0,0,0,0,0,0,0,0,0,0,50176,0,0,0,0,0,0,0,0,0,0,0,0,0,0,0,0,0,0,0,0,0,0,0,0,50176,0,0,0,0,0,0,0,0,0,0,0,0,0,0,0,0,0,0,0,0,0,0,0,0,4766,29,41705,3676,3234,TCGA-OL-A66I-DX1_xmin38433_ymin22957_MPP-0.2500+32
50176,0,0,0,0,0,0,0,0,0,0,0,0,0,0,0,0,0,0,0,0,0,0,0,0,50176,0,0,0,0,0,0,0,0,0,0,0,0,0,0,0,0,0,0,0,0,0,0,0,0,50176,0,0,0,0,0,0,0,0,0,0,0,0,0,0,0,0,0,0,0,0,0,0,0,0,7994,350,33604,8228,8214,TCGA-OL-A66I-DX1_xmin38433_ymin22957_MPP-0.2500+33
13081,15977,3768,0,0,420,4436,4853,0,0,0,483,7158,0,0,0,0,0,0,0,0,0,0,0,0,13117,15877,3832,0,0,368,4737,4604,0,0,0,472,7169,0,0,0,0,0,0,0,0,0,0,0,0,12974,16138,3714,0,0,344,5103,4262,0,0,0,523,7118,0,0,0,0,0,0,0,0,0,0,0,0,3118,9119,23232,14707,11024,TCGA-OL-A66I-DX1_xmin38433_ymin22957_MPP-0.2500+34
28660,21186,0,0,0,0,0,0,0,0,330,0,0,0,0,0,0,0,0,0,0,0,0,0,0,28212,21634,0,0,0,0,0,0,0,0,306,24,0,0,0,0,0,0,0,0,0,0,0,0,0,28193,21653,0,0,0,0,0,0,0,0,267,63,0,0,0,0,0,0,0,0,0,0,0,0,0,5361,1688,28764,14363,8767,TCGA-OL-A66I-DX1_xmin38433_ymin22957_MPP-0.2500+35
0,12750,0,0,0,0,26900,0,0,0,0,8329,0,0,0,0,0,0,0,0,0,0,0,0,2197,0,12750,0,0,0,0,26900,0,0,0,0,8329,0,0,0,0,0,0,0,0,0,0,0,0,2197,0,12750,0,0,0,0,26900,0,0,0,0,8329,0,0,0,0,0,0,0,0,0,0,0,0,2197,3752,2026,30946,11255,8766,TCGA-OL-A66I-DX1_xmin38433_ymin22957_MPP-0.2500+36
0,0,0,0,0,0,34511,0,0,0,0,12776,0,0,0,0,0,0,0,0,0,0,0,0,2889,0,0,0,0,0,0,34511,0,0,0,0,12776,0,0,0,0,0,0,0,0,0,0,0,0,2889,0,0,0,0,0,0,34511,0,0,0,0,12776,0,0,0,0,0,0,0,0,0,0,0,0,2889,5092,2500,28862,10833,8292,TCGA-OL-A66I-DX1_xmin38433_ymin22957_MPP-0.2500+37
37555,5069,0,0,0,371,2223,0,0,0,0,4958,0,0,0,0,0,0,0,0,0,0,0,0,0,37448,5176,0,0,0,252,2342,0,0,0,0,4958,0,0,0,0,0,0,0,0,0,0,0,0,0,37018,5606,0,0,0,155,2439,0,0,0,0,4958,0,0,0,0,0,0,0,0,0,0,0,0,0,4529,1296,38726,5625,8252,TCGA-OL-A66I-DX1_xmin38433_ymin22957_MPP-0.2500+38
45283,0,0,0,0,4842,0,0,0,0,51,0,0,0,0,0,0,0,0,0,0,0,0,0,0,45283,0,0,0,0,4842,0,0,0,0,51,0,0,0,0,0,0,0,0,0,0,0,0,0,0,45283,0,0,0,0,4842,0,0,0,0,51,0,0,0,0,0,0,0,0,0,0,0,0,0,0,5224,1260,41372,2320,8655,TCGA-OL-A66I-DX1_xmin38433_ymin22957_MPP-0.2500+39
0,0,0,0,0,0,48379,0,0,0,0,1797,0,0,0,0,0,0,0,0,0,0,0,0,0,0,0,0,0,0,0,48379,0,0,0,0,1797,0,0,0,0,0,0,0,0,0,0,0,0,0,0,0,0,0,0,0,48379,0,0,0,0,1797,0,0,0,0,0,0,0,0,0,0,0,0,0,2750,865,45629,932,3977,TCGA-OL-A66I-DX1_xmin38433_ymin22957_MPP-0.2500+4
4181,2412,0,0,0,3222,8281,2665,0,0,0,5898,21560,0,0,0,0,0,0,0,0,0,0,0,1957,4180,2413,0,0,0,3131,8657,2380,0,0,0,5898,21560,0,0,0,0,0,0,0,0,0,0,0,1957,4318,2265,10,0,0,3157,8829,2182,0,0,0,5944,21514,0,0,0,0,0,0,0,0,0,0,0,1957,8005,4202,24668,11344,10151,TCGA-OL-A66I-DX1_xmin38433_ymin22957_MPP-0.2500+40
20502,11145,0,0,0,1425,12982,0,0,0,939,3183,0,0,0,0,0,0,0,0,0,0,0,0,0,20277,11370,0,0,0,1423,12984,0,0,0,988,3134,0,0,0,0,0,0,0,0,0,0,0,0,0,20225,11422,0,0,0,1588,12819,0,0,0,1052,3070,0,0,0,0,0,0,0,0,0,0,0,0,0,6267,2634,29063,12212,11341,TCGA-OL-A66I-DX1_xmin38433_ymin22957_MPP-0.2500+41
36136,14040,0,0,0,0,0,0,0,0,0,0,0,0,0,0,0,0,0,0,0,0,0,0,0,36144,14032,0,0,0,0,0,0,0,0,0,0,0,0,0,0,0,0,0,0,0,0,0,0,0,35971,14205,0,0,0,0,0,0,0,0,0,0,0,0,0,0,0,0,0,0,0,0,0,0,0,5947,126,36344,7759,4921,TCGA-OL-A66I-DX1_xmin38433_ymin22957_MPP-0.2500+42
20529,11547,0,0,0,1850,8104,0,0,0,275,7871,0,0,0,0,0,0,0,0,0,0,0,0,0,19919,12157,0,0,0,1816,8138,0,0,0,266,7880,0,0,0,0,0,0,0,0,0,0,0,0,0,19379,12697,0,0,0,1721,8233,0,0,0,238,7908,0,0,0,0,0,0,0,0,0,0,0,0,0,7437,1471,31852,9416,12774,TCGA-OL-A66I-DX1_xmin38433_ymin22957_MPP-0.2500+43
0,1884,1817,0,0,0,4373,2691,0,0,0,9593,29818,0,0,0,0,0,0,0,0,0,0,0,0,0,2031,1670,0,0,0,4373,2691,0,0,0,9690,29721,0,0,0,0,0,0,0,0,0,0,0,0,0,2239,1462,0,0,0,4448,2616,0,0,0,9837,29574,0,0,0,0,0,0,0,0,0,0,0,0,17291,4684,23560,4641,15586,TCGA-OL-A66I-DX1_xmin38433_ymin22957_MPP-0.2500+44
0,10417,798,0,0,0,9643,10086,0,0,0,878,18354,0,0,0,0,0,0,0,0,0,0,0,0,0,10380,835,0,0,0,10190,9539,0,0,0,880,18352,0,0,0,0,0,0,0,0,0,0,0,0,0,10350,865,0,0,0,10396,9333,0,0,0,755,18477,0,0,0,0,0,0,0,0,0,0,0,0,9068,6114,20964,14030,15565,TCGA-OL-A66I-DX1_xmin38433_ymin22957_MPP-0.2500+45
0,5724,664,0,0,0,3296,476,0,0,0,3309,30996,0,0,0,0,0,0,0,0,0,0,0,5711,0,5833,555,0,0,0,3306,466,0,0,0,3673,30632,0,0,0,0,0,0,0,0,0,0,0,5711,0,5819,569,0,0,0,3324,448,0,0,0,4044,30261,0,0,0,0,0,0,0,0,0,0,0,5711,10519,711,27803,5432,9102,TCGA-OL-A66I-DX1_xmin38433_ymin22957_MPP-0.2500+46
0,0,9,0,0,0,0,124,0,0,0,4834,44522,0,0,0,0,0,0,0,0,0,0,0,687,0,0,9,0,0,0,0,124,0,0,0,4898,44458,0,0,0,0,0,0,0,0,0,0,0,687,0,0,9,0,0,0,0,124,0,0,0,4889,44467,0,0,0,0,0,0,0,0,0,0,0,687,6403,177,39143,3766,6132,TCGA-OL-A66I-DX1_xmin38433_ymin22957_MPP-0.2500+47
0,36043,1931,0,0,0,532,3172,0,0,0,0,8498,0,0,0,0,0,0,0,0,0,0,0,0,0,36272,1702,0,0,0,665,3039,0,0,0,0,8498,0,0,0,0,0,0,0,0,0,0,0,0,0,36267,1707,0,0,0,677,3027,0,0,0,0,8498,0,0,0,0,0,0,0,0,0,0,0,0,3145,9273,18110,19648,13273,TCGA-OL-A66I-DX1_xmin38433_ymin22957_MPP-0.2500+48
18723,31233,0,0,0,220,0,0,0,0,0,0,0,0,0,0,0,0,0,0,0,0,0,0,0,18937,31019,0,0,0,220,0,0,0,0,0,0,0,0,0,0,0,0,0,0,0,0,0,0,0,19169,30787,0,0,0,220,0,0,0,0,0,0,0,0,0,0,0,0,0,0,0,0,0,0,0,2529,2176,22589,22882,5001,TCGA-OL-A66I-DX1_xmin38433_ymin22957_MPP-0.2500+49
0,0,0,0,0,0,50176,0,0,0,0,0,0,0,0,0,0,0,0,0,0,0,0,0,0,0,0,0,0,0,0,50176,0,0,0,0,0,0,0,0,0,0,0,0,0,0,0,0,0,0,0,0,0,0,0,0,50176,0,0,0,0,0,0,0,0,0,0,0,0,0,0,0,0,0,0,2030,0,48146,0,2618,TCGA-OL-A66I-DX1_xmin38433_ymin22957_MPP-0.2500+5
0,0,0,0,0,0,0,6915,0,0,0,0,43261,0,0,0,0,0,0,0,0,0,0,0,0,0,0,0,0,0,0,0,6915,0,0,0,0,43261,0,0,0,0,0,0,0,0,0,0,0,0,0,0,0,0,0,0,0,6915,0,0,0,0,43261,0,0,0,0,0,0,0,0,0,0,0,0,12583,1297,32638,3658,11656,TCGA-OL-A66I-DX1_xmin38433_ymin22957_MPP-0.2500+50
0,0,0,0,0,0,0,71,0,0,0,0,50105,0,0,0,0,0,0,0,0,0,0,0,0,0,0,0,0,0,0,0,71,0,0,0,0,50105,0,0,0,0,0,0,0,0,0,0,0,0,0,0,0,0,0,0,0,71,0,0,0,0,50105,0,0,0,0,0,0,0,0,0,0,0,0,10767,22,39130,257,8210,TCGA-OL-A66I-DX1_xmin38433_ymin22957_MPP-0.2500+51
3731,378,0,0,0,912,27368,3873,0,0,0,5601,8313,0,0,0,0,0,0,0,0,0,0,0,0,3700,409,0,0,0,924,27817,3412,0,0,0,6133,7781,0,0,0,0,0,0,0,0,0,0,0,0,3740,369,0,0,0,1081,27803,3269,0,0,0,6014,7900,0,0,0,0,0,0,0,0,0,0,0,0,8472,3873,28157,9674,15059,TCGA-OL-A66I-DX1_xmin38433_ymin22957_MPP-0.2500+52
10010,2598,9,0,0,2335,4399,917,0,0,213,3158,26537,0,0,0,0,0,0,0,0,0,0,0,0,10060,2543,14,0,0,2363,4352,936,0,0,199,3194,26515,0,0,0,0,0,0,0,0,0,0,0,0,10014,2600,3,0,0,2390,4372,889,0,0,188,3415,26305,0,0,0,0,0,0,0,0,0,0,0,0,8408,1182,34188,6398,9822,TCGA-OL-A66I-DX1_xmin38433_ymin22957_MPP-0.2500+53
0,0,0,0,0,0,0,0,0,0,112,0,47083,0,0,0,0,0,0,0,0,0,0,0,2981,0,0,0,0,0,0,0,0,0,0,112,0,47083,0,0,0,0,0,0,0,0,0,0,0,2981,0,0,0,0,0,0,0,0,0,0,240,0,46955,0,0,0,0,0,0,0,0,0,0,0,2981,10563,0,34689,1943,11431,TCGA-OL-A66I-DX1_xmin38433_ymin22957_MPP-0.2500+54
21804,0,3306,0,0,242,0,2642,0,0,2826,0,19356,0,0,0,0,0,0,0,0,0,0,0,0,21789,0,3321,0,0,246,0,2638,0,0,3084,0,19098,0,0,0,0,0,0,0,0,0,0,0,0,21817,0,3293,0,0,251,0,2633,0,0,3143,0,19039,0,0,0,0,0,0,0,0,0,0,0,0,9286,1523,30349,9018,12584,TCGA-OL-A66I-DX1_xmin38433_ymin22957_MPP-0.2500+55
0,0,0,0,0,0,26693,1279,0,0,0,8399,7360,0,0,0,0,0,0,0,0,0,0,0,6445,0,0,0,0,0,0,26830,1142,0,0,0,8537,7222,0,0,0,0,0,0,0,0,0,0,0,6445,0,0,0,0,0,0,26528,1444,0,0,0,8352,7407,0,0,0,0,0,0,0,0,0,0,0,6445,3830,2153,28766,8982,9595,TCGA-OL-A66I-DX1_xmin38433_ymin22957_MPP-0.2500+56
0,5060,195,0,0,0,15132,3195,0,0,0,5005,21589,0,0,0,0,0,0,0,0,0,0,0,0,0,5132,123,0,0,0,15263,3064,0,0,0,5236,21358,0,0,0,0,0,0,0,0,0,0,0,0,0,5139,116,0,0,0,15313,3014,0,0,0,5956,20638,0,0,0,0,0,0,0,0,0,0,0,0,11658,6759,23084,8675,16169,TCGA-OL-A66I-DX1_xmin38433_ymin22957_MPP-0.2500+57
0,0,0,0,0,0,28872,1769,0,0,0,3947,15588,0,0,0,0,0,0,0,0,0,0,0,0,0,0,0,0,0,0,29407,1234,0,0,0,4232,15303,0,0,0,0,0,0,0,0,0,0,0,0,0,0,0,0,0,0,29578,1063,0,0,0,4559,14976,0,0,0,0,0,0,0,0,0,0,0,0,7312,5134,16124,21606,14240,TCGA-OL-A66I-DX1_xmin38433_ymin22957_MPP-0.2500+58
0,0,0,0,0,0,0,1020,0,0,16,0,49140,0,0,0,0,0,0,0,0,0,0,0,0,0,0,0,0,0,0,0,1020,0,0,16,0,49140,0,0,0,0,0,0,0,0,0,0,0,0,0,0,0,0,0,0,0,1020,0,0,16,0,49140,0,0,0,0,0,0,0,0,0,0,0,0,16646,517,30989,2024,14955,TCGA-OL-A66I-DX1_xmin38433_ymin22957_MPP-0.2500+59
0,0,0,0,0,0,39075,0,0,0,0,10848,0,0,0,0,0,0,0,0,0,0,0,0,253,0,0,0,0,0,0,39075,0,0,0,0,10848,0,0,0,0,0,0,0,0,0,0,0,0,253,0,0,0,0,0,0,39075,0,0,0,0,10848,0,0,0,0,0,0,0,0,0,0,0,0,253,4739,1533,34446,9205,5780,TCGA-OL-A66I-DX1_xmin38433_ymin22957_MPP-0.2500+6
0,4890,867,0,0,0,12266,2293,0,0,0,3077,26783,0,0,0,0,0,0,0,0,0,0,0,0,0,4987,770,0,0,0,12365,2194,0,0,0,3368,26492,0,0,0,0,0,0,0,0,0,0,0,0,0,4912,845,0,0,0,12169,2390,0,0,0,3613,26247,0,0,0,0,0,0,0,0,0,0,0,0,12357,3104,27474,7241,15242,TCGA-OL-A66I-DX1_xmin38433_ymin22957_MPP-0.2500+60
0,0,0,0,0,0,26362,5139,0,0,0,9403,9272,0,0,0,0,0,0,0,0,0,0,0,0,0,0,0,0,0,0,26806,4695,0,0,0,9436,9239,0,0,0,0,0,0,0,0,0,0,0,0,0,0,0,0,0,0,26981,4520,0,0,0,9307,9368,0,0,0,0,0,0,0,0,0,0,0,0,3450,3259,29835,13632,8820,TCGA-OL-A66I-DX1_xmin38433_ymin22957_MPP-0.2500+61
0,0,0,0,0,0,26621,4761,0,0,0,7915,10879,0,0,0,0,0,0,0,0,0,0,0,0,0,0,0,0,0,0,27137,4245,0,0,0,7903,10891,0,0,0,0,0,0,0,0,0,0,0,0,0,0,0,0,0,0,27173,4209,0,0,0,8044,10750,0,0,0,0,0,0,0,0,0,0,0,0,9116,3320,24516,13224,16297,TCGA-OL-A66I-DX1_xmin38433_ymin22957_MPP-0.2500+62
0,0,0,0,0,0,28779,0,0,0,0,21397,0,0,0,0,0,0,0,0,0,0,0,0,0,0,0,0,0,0,0,28779,0,0,0,0,21397,0,0,0,0,0,0,0,0,0,0,0,0,0,0,0,0,0,0,0,28779,0,0,0,0,21397,0,0,0,0,0,0,0,0,0,0,0,0,0,1170,1486,27940,19580,4794,TCGA-OL-A66I-DX1_xmin38433_ymin22957_MPP-0.2500+7
0,0,0,0,0,0,43390,0,0,0,0,6786,0,0,0,0,0,0,0,0,0,0,0,0,0,0,0,0,0,0,0,43390,0,0,0,0,6786,0,0,0,0,0,0,0,0,0,0,0,0,0,0,0,0,0,0,0,43390,0,0,0,0,6786,0,0,0,0,0,0,0,0,0,0,0,0,0,4681,250,43558,1687,6272,TCGA-OL-A66I-DX1_xmin38433_ymin22957_MPP-0.2500+8
0,0,0,0,0,0,50176,0,0,0,0,0,0,0,0,0,0,0,0,0,0,0,0,0,0,0,0,0,0,0,0,50176,0,0,0,0,0,0,0,0,0,0,0,0,0,0,0,0,0,0,0,0,0,0,0,0,50176,0,0,0,0,0,0,0,0,0,0,0,0,0,0,0,0,0,0,4359,0,45769,48,4663,TCGA-OL-A66I-DX1_xmin38433_ymin22957_MPP-0.2500+9
39295,10056,0,0,0,0,825,0,0,0,0,0,0,0,0,0,0,0,0,0,0,0,0,0,0,39182,10169,0,0,0,0,825,0,0,0,0,0,0,0,0,0,0,0,0,0,0,0,0,0,0,38821,10530,0,0,0,0,825,0,0,0,0,0,0,0,0,0,0,0,0,0,0,0,0,0,0,6151,1036,35513,7476,7205,TCGA-OL-A66P-DX1_xmin30143_ymin20310_MPP-0.2500+0
0,13631,0,0,0,0,19866,0,0,0,0,4237,0,0,0,0,0,0,0,0,0,0,0,0,12442,0,13631,0,0,0,0,19866,0,0,0,0,4237,0,0,0,0,0,0,0,0,0,0,0,0,12442,0,13631,0,0,0,0,19866,0,0,0,0,4237,0,0,0,0,0,0,0,0,0,0,0,0,12442,787,4748,19464,12735,6330,TCGA-OL-A66P-DX1_xmin30143_ymin20310_MPP-0.2500+1
19825,2835,0,0,0,2781,12967,0,0,0,0,653,0,0,0,0,0,0,0,0,0,0,0,0,11115,19419,3241,0,0,0,2750,12998,0,0,0,0,653,0,0,0,0,0,0,0,0,0,0,0,0,11115,19353,3307,0,0,0,2754,12994,0,0,0,0,653,0,0,0,0,0,0,0,0,0,0,0,0,11115,4750,1739,28441,4131,8919,TCGA-OL-A66P-DX1_xmin30143_ymin20310_MPP-0.2500+10
46856,0,0,0,0,2854,0,0,0,0,0,0,0,0,0,0,0,0,0,0,0,0,0,0,466,46856,0,0,0,0,2854,0,0,0,0,0,0,0,0,0,0,0,0,0,0,0,0,0,0,466,46856,0,0,0,0,2854,0,0,0,0,0,0,0,0,0,0,0,0,0,0,0,0,0,0,466,6017,802,38341,4550,6800,TCGA-OL-A66P-DX1_xmin30143_ymin20310_MPP-0.2500+100
6451,1923,0,0,0,78,6248,0,0,0,0,0,0,0,0,0,0,0,0,0,0,0,0,0,35476,6325,2049,0,0,0,76,6250,0,0,0,0,0,0,0,0,0,0,0,0,0,0,0,0,0,35476,6468,1906,0,0,0,99,6227,0,0,0,0,0,0,0,0,0,0,0,0,0,0,0,0,0,35476,1202,309,11352,1837,2985,TCGA-OL-A66P-DX1_xmin30143_ymin20310_MPP-0.2500+101
0,0,0,0,0,0,7930,0,0,0,0,0,0,0,0,0,0,0,0,0,0,0,0,0,42246,0,0,0,0,0,0,7930,0,0,0,0,0,0,0,0,0,0,0,0,0,0,0,0,0,42246,0,0,0,0,0,0,7930,0,0,0,0,0,0,0,0,0,0,0,0,0,0,0,0,0,42246,1324,17,5218,1371,946,TCGA-OL-A66P-DX1_xmin30143_ymin20310_MPP-0.2500+102
47321,0,0,0,0,2855,0,0,0,0,0,0,0,0,0,0,0,0,0,0,0,0,0,0,0,47321,0,0,0,0,2855,0,0,0,0,0,0,0,0,0,0,0,0,0,0,0,0,0,0,0,47321,0,0,0,0,2855,0,0,0,0,0,0,0,0,0,0,0,0,0,0,0,0,0,0,0,8159,1374,26010,14633,10172,TCGA-OL-A66P-DX1_xmin30143_ymin20310_MPP-0.2500+103
12344,35659,0,0,0,193,1980,0,0,0,0,0,0,0,0,0,0,0,0,0,0,0,0,0,0,12201,35802,0,0,0,199,1974,0,0,0,0,0,0,0,0,0,0,0,0,0,0,0,0,0,0,12939,35064,0,0,0,215,1958,0,0,0,0,0,0,0,0,0,0,0,0,0,0,0,0,0,0,1509,5792,15662,27213,14340,TCGA-OL-A66P-DX1_xmin30143_ymin20310_MPP-0.2500+104
50176,0,0,0,0,0,0,0,0,0,0,0,0,0,0,0,0,0,0,0,0,0,0,0,0,50176,0,0,0,0,0,0,0,0,0,0,0,0,0,0,0,0,0,0,0,0,0,0,0,0,50176,0,0,0,0,0,0,0,0,0,0,0,0,0,0,0,0,0,0,0,0,0,0,0,0,6585,54,41317,2220,5678,TCGA-OL-A66P-DX1_xmin30143_ymin20310_MPP-0.2500+105
0,17101,0,0,0,0,16478,0,0,0,0,0,0,0,0,0,0,0,0,0,0,0,0,0,16597,0,17101,0,0,0,0,16478,0,0,0,0,0,0,0,0,0,0,0,0,0,0,0,0,0,16597,0,17101,0,0,0,0,16478,0,0,0,0,0,0,0,0,0,0,0,0,0,0,0,0,0,16597,4557,2316,18808,7898,13813,TCGA-OL-A66P-DX1_xmin30143_ymin20310_MPP-0.2500+106
0,0,0,0,0,0,13826,0,0,0,0,0,0,0,0,0,0,0,0,0,0,0,0,0,36350,0,0,0,0,0,0,13826,0,0,0,0,0,0,0,0,0,0,0,0,0,0,0,0,0,36350,0,0,0,0,0,0,13826,0,0,0,0,0,0,0,0,0,0,0,0,0,0,0,0,0,36350,2819,61,10342,604,3291,TCGA-OL-A66P-DX1_xmin30143_ymin20310_MPP-0.2500+107
4986,2900,0,0,0,423,7735,0,0,0,0,0,0,0,0,0,0,0,0,0,0,0,0,0,34132,4890,2996,0,0,0,416,7742,0,0,0,0,0,0,0,0,0,0,0,0,0,0,0,0,0,34132,4915,2971,0,0,0,418,7740,0,0,0,0,0,0,0,0,0,0,0,0,0,0,0,0,0,34132,1583,783,9517,4161,4953,TCGA-OL-A66P-DX1_xmin30143_ymin20310_MPP-0.2500+108
0,2020,0,0,0,0,25892,0,0,0,0,0,0,0,0,0,0,0,0,0,0,0,0,0,22264,0,2020,0,0,0,0,25892,0,0,0,0,0,0,0,0,0,0,0,0,0,0,0,0,0,22264,0,2020,0,0,0,0,25892,0,0,0,0,0,0,0,0,0,0,0,0,0,0,0,0,0,22264,2140,374,23414,1984,4847,TCGA-OL-A66P-DX1_xmin30143_ymin20310_MPP-0.2500+109
50176,0,0,0,0,0,0,0,0,0,0,0,0,0,0,0,0,0,0,0,0,0,0,0,0,50176,0,0,0,0,0,0,0,0,0,0,0,0,0,0,0,0,0,0,0,0,0,0,0,0,50176,0,0,0,0,0,0,0,0,0,0,0,0,0,0,0,0,0,0,0,0,0,0,0,0,4448,0,45539,189,5266,TCGA-OL-A66P-DX1_xmin30143_ymin20310_MPP-0.2500+11
0,0,0,0,0,0,7520,0,0,0,0,0,0,0,0,0,0,0,0,0,0,0,0,0,42656,0,0,0,0,0,0,7520,0,0,0,0,0,0,0,0,0,0,0,0,0,0,0,0,0,42656,0,0,0,0,0,0,7520,0,0,0,0,0,0,0,0,0,0,0,0,0,0,0,0,0,42656,358,0,6973,189,427,TCGA-OL-A66P-DX1_xmin30143_ymin20310_MPP-0.2500+110
15240,1187,0,0,0,3522,29465,0,0,0,0,0,0,0,0,0,0,0,0,0,0,0,0,0,762,14423,2004,0,0,0,3393,29594,0,0,0,0,0,0,0,0,0,0,0,0,0,0,0,0,0,762,14285,2142,0,0,0,3511,29476,0,0,0,0,0,0,0,0,0,0,0,0,0,0,0,0,0,762,5292,240,39357,4525,6634,TCGA-OL-A66P-DX1_xmin30143_ymin20310_MPP-0.2500+111
40217,0,0,0,0,0,0,0,0,0,0,0,0,0,0,0,0,0,0,0,0,0,0,0,9959,40217,0,0,0,0,0,0,0,0,0,0,0,0,0,0,0,0,0,0,0,0,0,0,0,9959,40217,0,0,0,0,0,0,0,0,0,0,0,0,0,0,0,0,0,0,0,0,0,0,0,9959,3356,3245,22348,11268,8142,TCGA-OL-A66P-DX1_xmin30143_ymin20310_MPP-0.2500+112
26307,18403,0,0,0,0,3659,0,0,0,0,0,0,0,0,0,0,0,0,0,0,0,0,0,1807,25836,18874,0,0,0,0,3659,0,0,0,0,0,0,0,0,0,0,0,0,0,0,0,0,0,1807,25486,19224,0,0,0,0,3659,0,0,0,0,0,0,0,0,0,0,0,0,0,0,0,0,0,1807,3432,1492,31122,12323,8090,TCGA-OL-A66P-DX1_xmin30143_ymin20310_MPP-0.2500+113
0,5808,0,0,0,0,19791,0,0,0,0,0,0,0,0,0,0,0,0,0,0,0,0,0,24577,0,5808,0,0,0,0,19791,0,0,0,0,0,0,0,0,0,0,0,0,0,0,0,0,0,24577,0,5808,0,0,0,0,19791,0,0,0,0,0,0,0,0,0,0,0,0,0,0,0,0,0,24577,3331,1660,15528,5080,7366,TCGA-OL-A66P-DX1_xmin30143_ymin20310_MPP-0.2500+114
0,20999,0,0,0,0,29177,0,0,0,0,0,0,0,0,0,0,0,0,0,0,0,0,0,0,0,20999,0,0,0,32,29145,0,0,0,0,0,0,0,0,0,0,0,0,0,0,0,0,0,0,0,20999,0,0,0,1,29176,0,0,0,0,0,0,0,0,0,0,0,0,0,0,0,0,0,0,5777,4700,20196,19503,11813,TCGA-OL-A66P-DX1_xmin30143_ymin20310_MPP-0.2500+115
10997,9134,0,0,0,550,29495,0,0,0,0,0,0,0,0,0,0,0,0,0,0,0,0,0,0,11146,8985,0,0,0,636,29409,0,0,0,0,0,0,0,0,0,0,0,0,0,0,0,0,0,0,11295,8836,0,0,0,666,29379,0,0,0,0,0,0,0,0,0,0,0,0,0,0,0,0,0,0,6662,1939,30291,11284,12724,TCGA-OL-A66P-DX1_xmin30143_ymin20310_MPP-0.2500+116
50176,0,0,0,0,0,0,0,0,0,0,0,0,0,0,0,0,0,0,0,0,0,0,0,0,50176,0,0,0,0,0,0,0,0,0,0,0,0,0,0,0,0,0,0,0,0,0,0,0,0,50176,0,0,0,0,0,0,0,0,0,0,0,0,0,0,0,0,0,0,0,0,0,0,0,0,4774,490,38620,6292,4217,TCGA-OL-A66P-DX1_xmin30143_ymin20310_MPP-0.2500+117
15969,14447,0,0,0,0,17635,0,0,0,0,0,0,0,0,0,0,0,0,0,0,0,0,0,2125,15866,14550,0,0,0,0,17635,0,0,0,0,0,0,0,0,0,0,0,0,0,0,0,0,0,2125,15817,14599,0,0,0,0,17635,0,0,0,0,0,0,0,0,0,0,0,0,0,0,0,0,0,2125,5681,1974,29537,10859,9578,TCGA-OL-A66P-DX1_xmin30143_ymin20310_MPP-0.2500+118
0,96,0,0,0,0,38564,0,0,0,0,0,0,0,0,0,0,0,0,0,0,0,0,0,11516,0,96,0,0,0,0,38564,0,0,0,0,0,0,0,0,0,0,0,0,0,0,0,0,0,11516,0,96,0,0,0,0,38564,0,0,0,0,0,0,0,0,0,0,0,0,0,0,0,0,0,11516,8193,6,29093,1368,5403,TCGA-OL-A66P-DX1_xmin30143_ymin20310_MPP-0.2500+119
6053,5325,0,0,0,9723,10576,0,0,0,0,0,0,0,0,0,0,0,0,0,0,0,0,0,18499,6091,5287,0,0,0,9081,11218,0,0,0,0,0,0,0,0,0,0,0,0,0,0,0,0,0,18499,6128,5250,0,0,0,8838,11461,0,0,0,0,0,0,0,0,0,0,0,0,0,0,0,0,0,18499,1200,3342,13707,13428,10852,TCGA-OL-A66P-DX1_xmin30143_ymin20310_MPP-0.2500+12
5453,0,0,0,0,3831,0,0,0,0,0,0,0,0,0,0,0,0,0,0,0,0,0,0,40892,5453,0,0,0,0,3831,0,0,0,0,0,0,0,0,0,0,0,0,0,0,0,0,0,0,40892,5453,0,0,0,0,3831,0,0,0,0,0,0,0,0,0,0,0,0,0,0,0,0,0,0,40892,1051,1010,6517,706,2357,TCGA-OL-A66P-DX1_xmin30143_ymin20310_MPP-0.2500+120
11516,15524,0,0,0,809,10910,0,0,0,0,0,0,0,0,0,0,0,0,0,0,0,0,0,11417,11227,15813,0,0,0,789,10930,0,0,0,0,0,0,0,0,0,0,0,0,0,0,0,0,0,11417,11441,15599,0,0,0,794,10925,0,0,0,0,0,0,0,0,0,0,0,0,0,0,0,0,0,11417,5396,2020,22553,8790,11902,TCGA-OL-A66P-DX1_xmin30143_ymin20310_MPP-0.2500+121
0,23,0,0,0,0,18342,0,0,0,0,0,0,0,0,0,0,0,0,0,0,0,0,0,31811,0,23,0,0,0,0,18342,0,0,0,0,0,0,0,0,0,0,0,0,0,0,0,0,0,31811,0,23,0,0,0,0,18342,0,0,0,0,0,0,0,0,0,0,0,0,0,0,0,0,0,31811,2199,63,15911,192,4479,TCGA-OL-A66P-DX1_xmin30143_ymin20310_MPP-0.2500+122
0,10679,0,0,0,0,30780,0,0,0,0,0,0,0,0,0,0,0,0,0,0,0,0,0,8717,0,10679,0,0,0,0,30780,0,0,0,0,0,0,0,0,0,0,0,0,0,0,0,0,0,8717,0,10679,0,0,0,0,30780,0,0,0,0,0,0,0,0,0,0,0,0,0,0,0,0,0,8717,6056,1288,23350,10765,8191,TCGA-OL-A66P-DX1_xmin30143_ymin20310_MPP-0.2500+123
9209,38464,0,0,0,962,1409,0,0,0,0,0,0,0,0,0,0,0,0,0,0,0,0,0,132,8892,38781,0,0,0,799,1572,0,0,0,0,0,0,0,0,0,0,0,0,0,0,0,0,0,132,8642,39031,0,0,0,798,1573,0,0,0,0,0,0,0,0,0,0,0,0,0,0,0,0,0,132,667,7967,10455,30955,16510,TCGA-OL-A66P-DX1_xmin30143_ymin20310_MPP-0.2500+124
27490,19071,0,0,0,0,0,0,0,0,0,0,0,0,0,0,0,0,0,0,0,0,0,0,3615,27335,19226,0,0,0,0,0,0,0,0,0,0,0,0,0,0,0,0,0,0,0,0,0,0,3615,27368,19193,0,0,0,0,0,0,0,0,0,0,0,0,0,0,0,0,0,0,0,0,0,0,3615,4050,3121,24553,14837,9169,TCGA-OL-A66P-DX1_xmin30143_ymin20310_MPP-0.2500+125
49504,0,0,0,0,672,0,0,0,0,0,0,0,0,0,0,0,0,0,0,0,0,0,0,0,49504,0,0,0,0,672,0,0,0,0,0,0,0,0,0,0,0,0,0,0,0,0,0,0,0,49504,0,0,0,0,672,0,0,0,0,0,0,0,0,0,0,0,0,0,0,0,0,0,0,0,4047,15,43907,2207,5712,TCGA-OL-A66P-DX1_xmin30143_ymin20310_MPP-0.2500+126
0,8669,147,0,0,0,3969,1255,0,0,0,0,0,0,0,0,0,0,0,0,0,0,0,0,36136,0,8689,127,0,0,0,3970,1254,0,0,0,0,0,0,0,0,0,0,0,0,0,0,0,0,36136,0,8693,123,0,0,0,3974,1250,0,0,0,0,0,0,0,0,0,0,0,0,0,0,0,0,36136,296,1611,6240,5893,2565,TCGA-OL-A66P-DX1_xmin30143_ymin20310_MPP-0.2500+127
30750,15228,0,0,0,442,3756,0,0,0,0,0,0,0,0,0,0,0,0,0,0,0,0,0,0,30384,15594,0,0,0,442,3756,0,0,0,0,0,0,0,0,0,0,0,0,0,0,0,0,0,0,30326,15652,0,0,0,442,3756,0,0,0,0,0,0,0,0,0,0,0,0,0,0,0,0,0,0,5636,2650,28315,13575,9766,TCGA-OL-A66P-DX1_xmin30143_ymin20310_MPP-0.2500+128
33718,10974,0,0,0,740,4744,0,0,0,0,0,0,0,0,0,0,0,0,0,0,0,0,0,0,33685,11007,0,0,0,748,4736,0,0,0,0,0,0,0,0,0,0,0,0,0,0,0,0,0,0,33906,10786,0,0,0,720,4764,0,0,0,0,0,0,0,0,0,0,0,0,0,0,0,0,0,0,4643,2116,34118,9299,10161,TCGA-OL-A66P-DX1_xmin30143_ymin20310_MPP-0.2500+129
7585,0,0,0,0,20039,18532,0,0,0,0,0,0,0,0,0,0,0,0,0,0,0,0,0,4020,7585,0,0,0,0,20013,18558,0,0,0,0,0,0,0,0,0,0,0,0,0,0,0,0,0,4020,7585,0,0,0,0,19949,18622,0,0,0,0,0,0,0,0,0,0,0,0,0,0,0,0,0,4020,3833,4299,20382,17642,16996,TCGA-OL-A66P-DX1_xmin30143_ymin20310_MPP-0.2500+13
50176,0,0,0,0,0,0,0,0,0,0,0,0,0,0,0,0,0,0,0,0,0,0,0,0,50176,0,0,0,0,0,0,0,0,0,0,0,0,0,0,0,0,0,0,0,0,0,0,0,0,50176,0,0,0,0,0,0,0,0,0,0,0,0,0,0,0,0,0,0,0,0,0,0,0,0,5237,20,42453,2466,5053,TCGA-OL-A66P-DX1_xmin30143_ymin20310_MPP-0.2500+130
47605,0,0,0,0,0,0,0,0,0,0,0,0,0,0,0,0,0,0,0,0,0,0,0,2571,47605,0,0,0,0,0,0,0,0,0,0,0,0,0,0,0,0,0,0,0,0,0,0,0,2571,47605,0,0,0,0,0,0,0,0,0,0,0,0,0,0,0,0,0,0,0,0,0,0,0,2571,4024,642,39489,3450,7815,TCGA-OL-A66P-DX1_xmin30143_ymin20310_MPP-0.2500+131
0,15970,0,0,0,0,30251,0,0,0,0,0,0,0,0,0,0,0,0,0,0,0,0,0,3955,0,15970,0,0,0,0,30251,0,0,0,0,0,0,0,0,0,0,0,0,0,0,0,0,0,3955,0,15970,0,0,0,0,30251,0,0,0,0,0,0,0,0,0,0,0,0,0,0,0,0,0,3955,4624,1357,26659,13581,5419,TCGA-OL-A66P-DX1_xmin30143_ymin20310_MPP-0.2500+132
12840,12835,952,0,0,674,5090,1491,0,0,0,0,0,0,0,0,0,0,0,0,0,0,0,0,16294,12619,12953,1055,0,0,657,5134,1464,0,0,0,0,0,0,0,0,0,0,0,0,0,0,0,0,16294,12710,12606,1311,0,0,671,5108,1476,0,0,0,0,0,0,0,0,0,0,0,0,0,0,0,0,16294,1659,2581,16839,12803,6925,TCGA-OL-A66P-DX1_xmin30143_ymin20310_MPP-0.2500+133
21675,7510,0,0,0,265,16193,0,0,0,0,0,0,0,0,0,0,0,0,0,0,0,0,0,4533,21494,7691,0,0,0,317,16141,0,0,0,0,0,0,0,0,0,0,0,0,0,0,0,0,0,4533,21454,7731,0,0,0,344,16114,0,0,0,0,0,0,0,0,0,0,0,0,0,0,0,0,0,4533,7522,1562,31477,5082,5649,TCGA-OL-A66P-DX1_xmin30143_ymin20310_MPP-0.2500+134
25876,1717,0,0,0,7698,13317,0,0,0,0,0,0,0,0,0,0,0,0,0,0,0,0,0,1568,25571,2022,0,0,0,7775,13240,0,0,0,0,0,0,0,0,0,0,0,0,0,0,0,0,0,1568,25321,2272,0,0,0,7557,13458,0,0,0,0,0,0,0,0,0,0,0,0,0,0,0,0,0,1568,4381,1659,31834,10734,8730,TCGA-OL-A66P-DX1_xmin30143_ymin20310_MPP-0.2500+135
46940,0,0,0,0,3236,0,0,0,0,0,0,0,0,0,0,0,0,0,0,0,0,0,0,0,46940,0,0,0,0,3236,0,0,0,0,0,0,0,0,0,0,0,0,0,0,0,0,0,0,0,46940,0,0,0,0,3236,0,0,0,0,0,0,0,0,0,0,0,0,0,0,0,0,0,0,0,2618,717,44065,2776,4234,TCGA-OL-A66P-DX1_xmin30143_ymin20310_MPP-0.2500+136
49026,0,0,0,0,0,0,0,0,0,0,0,0,0,0,0,0,0,0,0,0,0,0,0,1150,49026,0,0,0,0,0,0,0,0,0,0,0,0,0,0,0,0,0,0,0,0,0,0,0,1150,49026,0,0,0,0,0,0,0,0,0,0,0,0,0,0,0,0,0,0,0,0,0,0,0,1150,4509,203,41915,2399,5666,TCGA-OL-A66P-DX1_xmin30143_ymin20310_MPP-0.2500+137
43915,0,0,0,0,2948,0,0,0,0,0,0,0,0,0,0,0,0,0,0,0,0,0,0,3313,43915,0,0,0,0,2948,0,0,0,0,0,0,0,0,0,0,0,0,0,0,0,0,0,0,3313,43915,0,0,0,0,2948,0,0,0,0,0,0,0,0,0,0,0,0,0,0,0,0,0,0,3313,6731,684,34912,4536,13501,TCGA-OL-A66P-DX1_xmin30143_ymin20310_MPP-0.2500+138
21,0,3129,0,0,56,0,2859,0,0,0,0,0,0,0,0,0,0,0,0,0,0,0,0,44111,21,0,3129,0,0,56,0,2859,0,0,0,0,0,0,0,0,0,0,0,0,0,0,0,0,44111,21,0,3129,0,0,56,0,2859,0,0,0,0,0,0,0,0,0,0,0,0,0,0,0,0,44111,540,1306,1591,2628,1256,TCGA-OL-A66P-DX1_xmin30143_ymin20310_MPP-0.2500+139
0,1910,0,0,0,0,35851,0,0,0,0,0,0,0,0,0,0,0,0,0,0,0,0,0,12415,0,1910,0,0,0,0,35851,0,0,0,0,0,0,0,0,0,0,0,0,0,0,0,0,0,12415,0,1910,0,0,0,0,35851,0,0,0,0,0,0,0,0,0,0,0,0,0,0,0,0,0,12415,5766,632,29519,1844,6450,TCGA-OL-A66P-DX1_xmin30143_ymin20310_MPP-0.2500+14
29138,13459,0,0,0,0,0,0,0,0,0,0,0,0,0,0,0,0,0,0,0,0,0,0,7579,28774,13823,0,0,0,0,0,0,0,0,0,0,0,0,0,0,0,0,0,0,0,0,0,0,7579,28985,13612,0,0,0,0,0,0,0,0,0,0,0,0,0,0,0,0,0,0,0,0,0,0,7579,6392,1148,30048,5009,9939,TCGA-OL-A66P-DX1_xmin30143_ymin20310_MPP-0.2500+140
0,50148,0,0,0,0,0,0,0,0,0,0,0,0,0,0,0,0,0,0,0,0,0,0,28,0,50148,0,0,0,0,0,0,0,0,0,0,0,0,0,0,0,0,0,0,0,0,0,0,28,0,50148,0,0,0,0,0,0,0,0,0,0,0,0,0,0,0,0,0,0,0,0,0,0,28,49,10274,7686,32139,14612,TCGA-OL-A66P-DX1_xmin30143_ymin20310_MPP-0.2500+141
14787,33340,0,0,0,660,1389,0,0,0,0,0,0,0,0,0,0,0,0,0,0,0,0,0,0,14911,33216,0,0,0,631,1418,0,0,0,0,0,0,0,0,0,0,0,0,0,0,0,0,0,0,14928,33199,0,0,0,605,1444,0,0,0,0,0,0,0,0,0,0,0,0,0,0,0,0,0,0,525,7358,10345,31948,13756,TCGA-OL-A66P-DX1_xmin30143_ymin20310_MPP-0.2500+142
50176,0,0,0,0,0,0,0,0,0,0,0,0,0,0,0,0,0,0,0,0,0,0,0,0,50176,0,0,0,0,0,0,0,0,0,0,0,0,0,0,0,0,0,0,0,0,0,0,0,0,50176,0,0,0,0,0,0,0,0,0,0,0,0,0,0,0,0,0,0,0,0,0,0,0,0,4856,0,45312,8,4873,TCGA-OL-A66P-DX1_xmin30143_ymin20310_MPP-0.2500+143
50176,0,0,0,0,0,0,0,0,0,0,0,0,0,0,0,0,0,0,0,0,0,0,0,0,50176,0,0,0,0,0,0,0,0,0,0,0,0,0,0,0,0,0,0,0,0,0,0,0,0,50176,0,0,0,0,0,0,0,0,0,0,0,0,0,0,0,0,0,0,0,0,0,0,0,0,8277,0,41035,864,6486,TCGA-OL-A66P-DX1_xmin30143_ymin20310_MPP-0.2500+144
21105,20093,0,0,0,0,3696,0,0,0,0,0,0,0,0,0,0,0,0,0,0,0,0,0,5282,21293,19905,0,0,0,0,3696,0,0,0,0,0,0,0,0,0,0,0,0,0,0,0,0,0,5282,21473,19725,0,0,0,0,3696,0,0,0,0,0,0,0,0,0,0,0,0,0,0,0,0,0,5282,1975,3711,24108,15100,9984,TCGA-OL-A66P-DX1_xmin30143_ymin20310_MPP-0.2500+145
14105,6326,840,0,0,417,3716,394,0,0,1243,3414,2676,0,0,0,0,0,0,0,0,0,0,0,17045,14107,7164,0,0,0,450,4077,0,0,0,1242,6091,0,0,0,0,0,0,0,0,0,0,0,0,17045,14135,7136,0,0,0,460,4067,0,0,0,1260,6073,0,0,0,0,0,0,0,0,0,0,0,0,17045,3135,1853,18687,9456,7991,TCGA-OL-A66P-DX1_xmin30143_ymin20310_MPP-0.2500+146
0,22188,0,0,0,0,23214,0,0,0,0,129,0,0,0,0,0,0,0,0,0,0,0,0,4645,0,22188,0,0,0,0,23214,0,0,0,0,129,0,0,0,0,0,0,0,0,0,0,0,0,4645,0,22188,0,0,0,0,23214,0,0,0,0,129,0,0,0,0,0,0,0,0,0,0,0,0,4645,5147,2389,26690,11305,12803,TCGA-OL-A66P-DX1_xmin30143_ymin20310_MPP-0.2500+147
0,1071,0,0,0,0,19408,981,0,0,0,0,0,0,0,0,0,0,0,0,0,0,0,0,28716,0,1071,0,0,0,0,19614,775,0,0,0,0,0,0,0,0,0,0,0,0,0,0,0,0,28716,0,1071,0,0,0,0,19692,697,0,0,0,0,0,0,0,0,0,0,0,0,0,0,0,0,28716,4367,674,10175,6244,3604,TCGA-OL-A66P-DX1_xmin30143_ymin20310_MPP-0.2500+148
24716,2067,0,0,0,5692,14829,0,0,0,0,0,0,0,0,0,0,0,0,0,0,0,0,0,2872,24699,2084,0,0,0,5819,14702,0,0,0,0,0,0,0,0,0,0,0,0,0,0,0,0,0,2872,24512,2271,0,0,0,5742,14779,0,0,0,0,0,0,0,0,0,0,0,0,0,0,0,0,0,2872,4724,537,35040,7003,11633,TCGA-OL-A66P-DX1_xmin30143_ymin20310_MPP-0.2500+149
0,0,0,0,0,0,26223,4779,0,0,0,0,0,0,0,0,0,0,0,0,0,0,0,0,19174,0,0,0,0,0,0,27084,3918,0,0,0,0,0,0,0,0,0,0,0,0,0,0,0,0,19174,0,0,0,0,0,0,27328,3674,0,0,0,0,0,0,0,0,0,0,0,0,0,0,0,0,19174,6122,878,21613,2389,5279,TCGA-OL-A66P-DX1_xmin30143_ymin20310_MPP-0.2500+15
8640,12718,0,0,0,0,5307,0,0,0,0,0,0,0,0,0,0,0,0,0,0,0,0,0,23511,9282,12076,0,0,0,0,5307,0,0,0,0,0,0,0,0,0,0,0,0,0,0,0,0,0,23511,9645,11713,0,0,0,0,5307,0,0,0,0,0,0,0,0,0,0,0,0,0,0,0,0,0,23511,2800,1994,15235,6636,6304,TCGA-OL-A66P-DX1_xmin30143_ymin20310_MPP-0.2500+150
0,0,1076,0,0,0,0,2554,0,0,0,0,0,0,0,0,0,0,0,0,0,0,0,0,46546,0,0,1076,0,0,0,0,2554,0,0,0,0,0,0,0,0,0,0,0,0,0,0,0,0,46546,0,0,1076,0,0,0,0,2554,0,0,0,0,0,0,0,0,0,0,0,0,0,0,0,0,46546,0,763,569,2298,603,TCGA-OL-A66P-DX1_xmin30143_ymin20310_MPP-0.2500+151
0,41237,0,0,0,0,0,0,0,0,0,0,0,0,0,0,0,0,0,0,0,0,0,0,8939,0,41237,0,0,0,0,0,0,0,0,0,0,0,0,0,0,0,0,0,0,0,0,0,0,8939,0,41237,0,0,0,0,0,0,0,0,0,0,0,0,0,0,0,0,0,0,0,0,0,0,8939,2961,3792,18593,15891,17612,TCGA-OL-A66P-DX1_xmin30143_ymin20310_MPP-0.2500+152
13475,31129,0,0,0,60,11,0,0,0,0,0,0,0,0,0,0,0,0,0,0,0,0,0,5501,13555,31049,0,0,0,55,16,0,0,0,0,0,0,0,0,0,0,0,0,0,0,0,0,0,5501,13753,30851,0,0,0,55,16,0,0,0,0,0,0,0,0,0,0,0,0,0,0,0,0,0,5501,859,5226,8562,30028,6991,TCGA-OL-A66P-DX1_xmin30143_ymin20310_MPP-0.2500+153
22920,24529,0,0,0,20,2707,0,0,0,0,0,0,0,0,0,0,0,0,0,0,0,0,0,0,23124,24325,0,0,0,27,2700,0,0,0,0,0,0,0,0,0,0,0,0,0,0,0,0,0,0,22948,24501,0,0,0,27,2700,0,0,0,0,0,0,0,0,0,0,0,0,0,0,0,0,0,0,2629,2273,24311,20963,5033,TCGA-OL-A66P-DX1_xmin30143_ymin20310_MPP-0.2500+154
50176,0,0,0,0,0,0,0,0,0,0,0,0,0,0,0,0,0,0,0,0,0,0,0,0,50176,0,0,0,0,0,0,0,0,0,0,0,0,0,0,0,0,0,0,0,0,0,0,0,0,50176,0,0,0,0,0,0,0,0,0,0,0,0,0,0,0,0,0,0,0,0,0,0,0,0,9819,0,38196,2161,8810,TCGA-OL-A66P-DX1_xmin30143_ymin20310_MPP-0.2500+155
50176,0,0,0,0,0,0,0,0,0,0,0,0,0,0,0,0,0,0,0,0,0,0,0,0,50176,0,0,0,0,0,0,0,0,0,0,0,0,0,0,0,0,0,0,0,0,0,0,0,0,50176,0,0,0,0,0,0,0,0,0,0,0,0,0,0,0,0,0,0,0,0,0,0,0,0,7286,0,41815,1075,7645,TCGA-OL-A66P-DX1_xmin30143_ymin20310_MPP-0.2500+156
22935,22031,0,0,0,0,1021,0,0,0,0,933,0,0,0,0,0,0,0,0,0,0,0,0,3256,23224,21742,0,0,0,0,1021,0,0,0,0,933,0,0,0,0,0,0,0,0,0,0,0,0,3256,23419,21547,0,0,0,0,1021,0,0,0,0,933,0,0,0,0,0,0,0,0,0,0,0,0,3256,4092,4325,22175,16328,12699,TCGA-OL-A66P-DX1_xmin30143_ymin20310_MPP-0.2500+157
5409,4414,0,0,0,350,2908,9,0,0,267,12060,24759,0,0,0,0,0,0,0,0,0,0,0,0,5348,4475,0,0,0,376,2879,12,0,0,520,12499,24067,0,0,0,0,0,0,0,0,0,0,0,0,5257,4566,0,0,0,342,2916,9,0,0,677,13146,23263,0,0,0,0,0,0,0,0,0,0,0,0,14309,2105,22288,11474,11458,TCGA-OL-A66P-DX1_xmin30143_ymin20310_MPP-0.2500+158
0,0,0,0,0,0,5398,3706,0,0,0,3740,18757,0,0,0,0,0,0,0,0,0,0,0,18575,0,0,0,0,0,0,5445,3659,0,0,0,4533,17964,0,0,0,0,0,0,0,0,0,0,0,18575,0,0,0,0,0,0,5588,3516,0,0,0,4948,17549,0,0,0,0,0,0,0,0,0,0,0,18575,10233,1862,14594,4912,9776,TCGA-OL-A66P-DX1_xmin30143_ymin20310_MPP-0.2500+159
0,0,0,0,0,0,28679,0,0,0,0,0,0,0,0,0,0,0,0,0,0,0,0,0,21497,0,0,0,0,0,0,28679,0,0,0,0,0,0,0,0,0,0,0,0,0,0,0,0,0,21497,0,0,0,0,0,0,28679,0,0,0,0,0,0,0,0,0,0,0,0,0,0,0,0,0,21497,3133,0,25190,356,3429,TCGA-OL-A66P-DX1_xmin30143_ymin20310_MPP-0.2500+16
0,20,0,0,0,0,5815,0,0,0,0,0,0,0,0,0,0,0,0,0,0,0,0,0,44341,0,20,0,0,0,0,5815,0,0,0,0,0,0,0,0,0,0,0,0,0,0,0,0,0,44341,0,20,0,0,0,0,5815,0,0,0,0,0,0,0,0,0,0,0,0,0,0,0,0,0,44341,1066,5,4552,212,1350,TCGA-OL-A66P-DX1_xmin30143_ymin20310_MPP-0.2500+160
555,1001,0,0,0,3556,5050,0,0,0,0,0,0,0,0,0,0,0,0,0,0,0,0,0,40014,611,945,0,0,0,3540,4981,85,0,0,0,0,0,0,0,0,0,0,0,0,0,0,0,0,40014,578,978,0,0,0,3301,5305,0,0,0,0,0,0,0,0,0,0,0,0,0,0,0,0,0,40014,759,551,3077,5775,4405,TCGA-OL-A66P-DX1_xmin30143_ymin20310_MPP-0.2500+161
0,130,0,0,0,1433,3758,130,0,0,0,0,0,0,0,0,0,0,0,0,0,0,0,0,44725,0,130,0,0,0,1601,3602,118,0,0,0,0,0,0,0,0,0,0,0,0,0,0,0,0,44725,0,130,0,0,0,1689,3528,104,0,0,0,0,0,0,0,0,0,0,0,0,0,0,0,0,44725,996,368,1321,2766,754,TCGA-OL-A66P-DX1_xmin30143_ymin20310_MPP-0.2500+162
143,0,0,10592,0,0,0,0,0,0,0,0,0,0,0,0,0,0,0,0,0,0,0,0,39441,118,0,0,10617,0,0,0,0,0,0,0,0,0,0,0,0,0,0,0,0,0,0,0,0,39441,118,0,0,10617,0,0,0,0,0,0,0,0,0,0,0,0,0,0,0,0,0,0,0,0,39441,74,2936,3583,4142,4891,TCGA-OL-A66P-DX1_xmin30143_ymin20310_MPP-0.2500+163
6435,2125,0,0,0,4604,14009,0,0,0,0,0,0,0,0,0,0,0,0,0,0,0,0,0,23003,6665,1895,0,0,0,4834,13779,0,0,0,0,0,0,0,0,0,0,0,0,0,0,0,0,0,23003,6732,1828,0,0,0,4782,13831,0,0,0,0,0,0,0,0,0,0,0,0,0,0,0,0,0,23003,4957,1284,12900,8032,6486,TCGA-OL-A66P-DX1_xmin30143_ymin20310_MPP-0.2500+164
12228,3139,0,0,0,4107,24951,0,0,0,0,0,0,0,0,0,0,0,0,0,0,0,0,0,5751,12417,2950,0,0,0,4491,24567,0,0,0,0,0,0,0,0,0,0,0,0,0,0,0,0,0,5751,12483,2884,0,0,0,4638,24420,0,0,0,0,0,0,0,0,0,0,0,0,0,0,0,0,0,5751,7213,1523,25426,10263,13607,TCGA-OL-A66P-DX1_xmin30143_ymin20310_MPP-0.2500+165
48732,0,0,0,0,10,0,0,0,0,0,0,0,0,0,0,0,0,0,0,0,0,0,0,1434,48732,0,0,0,0,10,0,0,0,0,0,0,0,0,0,0,0,0,0,0,0,0,0,0,1434,48732,0,0,0,0,10,0,0,0,0,0,0,0,0,0,0,0,0,0,0,0,0,0,0,1434,6000,0,42732,10,8925,TCGA-OL-A66P-DX1_xmin30143_ymin20310_MPP-0.2500+166
47609,0,0,0,0,2566,0,0,0,0,1,0,0,0,0,0,0,0,0,0,0,0,0,0,0,47609,0,0,0,0,2566,0,0,0,0,1,0,0,0,0,0,0,0,0,0,0,0,0,0,0,47609,0,0,0,0,2566,0,0,0,0,1,0,0,0,0,0,0,0,0,0,0,0,0,0,0,4757,40,43072,2307,7665,TCGA-OL-A66P-DX1_xmin30143_ymin20310_MPP-0.2500+167
7779,8226,0,0,0,0,5124,0,0,0,0,29047,0,0,0,0,0,0,0,0,0,0,0,0,0,8219,7786,0,0,0,0,5124,0,0,0,0,29047,0,0,0,0,0,0,0,0,0,0,0,0,0,8390,7615,0,0,0,0,5124,0,0,0,0,29047,0,0,0,0,0,0,0,0,0,0,0,0,0,3895,2264,14373,29644,21263,TCGA-OL-A66P-DX1_xmin30143_ymin20310_MPP-0.2500+168
0,0,0,0,0,0,0,3815,0,0,4,0,46357,0,0,0,0,0,0,0,0,0,0,0,0,0,0,0,0,0,0,0,3815,0,0,4,0,46357,0,0,0,0,0,0,0,0,0,0,0,0,0,0,0,0,0,0,0,3815,0,0,4,0,46357,0,0,0,0,0,0,0,0,0,0,0,0,17261,998,19224,12693,12527,TCGA-OL-A66P-DX1_xmin30143_ymin20310_MPP-0.2500+169
17993,1495,0,0,0,2021,21469,0,0,0,0,0,0,0,0,0,0,0,0,0,0,0,0,0,7198,17943,1545,0,0,0,2045,21445,0,0,0,0,0,0,0,0,0,0,0,0,0,0,0,0,0,7198,17927,1561,0,0,0,2043,21447,0,0,0,0,0,0,0,0,0,0,0,0,0,0,0,0,0,7198,5140,292,34455,3091,6142,TCGA-OL-A66P-DX1_xmin30143_ymin20310_MPP-0.2500+17
0,0,0,0,0,0,11053,362,0,0,4,3595,1055,0,0,0,0,0,0,0,0,0,0,0,34107,0,0,0,0,0,0,11021,394,0,0,1,3590,1063,0,0,0,0,0,0,0,0,0,0,0,34107,0,0,0,0,0,0,10997,418,0,0,1,3571,1082,0,0,0,0,0,0,0,0,0,0,0,34107,857,21,11136,4055,1329,TCGA-OL-A66P-DX1_xmin30143_ymin20310_MPP-0.2500+170
0,0,0,0,0,0,3225,0,0,0,0,0,0,0,0,0,0,0,0,0,0,0,0,0,46951,0,0,0,0,0,0,3225,0,0,0,0,0,0,0,0,0,0,0,0,0,0,0,0,0,46951,0,0,0,0,0,0,3225,0,0,0,0,0,0,0,0,0,0,0,0,0,0,0,0,0,46951,335,0,1653,1237,1814,TCGA-OL-A66P-DX1_xmin30143_ymin20310_MPP-0.2500+171
551,12208,0,0,0,386,8006,0,0,0,0,0,0,0,0,0,0,0,0,0,0,0,0,0,29025,1019,11740,0,0,0,558,7834,0,0,0,0,0,0,0,0,0,0,0,0,0,0,0,0,0,29025,1019,11740,0,0,0,558,7834,0,0,0,0,0,0,0,0,0,0,0,0,0,0,0,0,0,29025,1158,3657,8915,7421,6860,TCGA-OL-A66P-DX1_xmin30143_ymin20310_MPP-0.2500+172
0,1671,0,0,0,0,0,0,0,0,0,0,0,0,0,0,0,0,0,0,0,0,0,0,48505,0,1671,0,0,0,0,0,0,0,0,0,0,0,0,0,0,0,0,0,0,0,0,0,0,48505,0,1671,0,0,0,0,0,0,0,0,0,0,0,0,0,0,0,0,0,0,0,0,0,0,48505,0,1017,0,654,1555,TCGA-OL-A66P-DX1_xmin30143_ymin20310_MPP-0.2500+173
0,1423,0,0,0,0,0,0,0,0,0,0,0,0,0,0,0,0,0,0,0,0,0,0,48753,0,1423,0,0,0,0,0,0,0,0,0,0,0,0,0,0,0,0,0,0,0,0,0,0,48753,0,1423,0,0,0,0,0,0,0,0,0,0,0,0,0,0,0,0,0,0,0,0,0,0,48753,0,696,0,727,948,TCGA-OL-A66P-DX1_xmin30143_ymin20310_MPP-0.2500+174
0,847,0,0,0,0,0,0,0,0,0,0,0,0,0,0,0,0,0,0,0,0,0,0,49329,0,847,0,0,0,0,0,0,0,0,0,0,0,0,0,0,0,0,0,0,0,0,0,0,49329,0,847,0,0,0,0,0,0,0,0,0,0,0,0,0,0,0,0,0,0,0,0,0,0,49329,0,157,566,124,50,TCGA-OL-A66P-DX1_xmin30143_ymin20310_MPP-0.2500+175
0,0,0,0,0,0,27667,0,0,0,0,0,0,0,0,0,0,0,0,0,0,0,0,0,22509,0,0,0,0,0,0,27667,0,0,0,0,0,0,0,0,0,0,0,0,0,0,0,0,0,22509,0,0,0,0,0,0,27667,0,0,0,0,0,0,0,0,0,0,0,0,0,0,0,0,0,22509,5224,28,19425,2990,5046,TCGA-OL-A66P-DX1_xmin30143_ymin20310_MPP-0.2500+176
11351,0,0,0,0,37066,0,0,0,0,541,0,0,0,0,0,0,0,0,0,0,0,0,0,1218,9837,1514,0,0,0,5327,31739,0,0,0,513,28,0,0,0,0,0,0,0,0,0,0,0,0,1218,11351,0,0,0,0,37066,0,0,0,0,541,0,0,0,0,0,0,0,0,0,0,0,0,0,1218,6218,530,27733,14477,12114,TCGA-OL-A66P-DX1_xmin30143_ymin20310_MPP-0.2500+177
1989,1345,0,0,0,1491,28770,3820,0,0,1182,6666,4913,0,0,0,0,0,0,0,0,0,0,0,0,1921,1413,0,0,0,1326,29674,3081,0,0,1079,7142,4540,0,0,0,0,0,0,0,0,0,0,0,0,1973,1361,0,0,0,1534,29187,3360,0,0,1115,6860,4786,0,0,0,0,0,0,0,0,0,0,0,0,10111,3040,22890,14135,20001,TCGA-OL-A66P-DX1_xmin30143_ymin20310_MPP-0.2500+178
0,0,0,0,0,0,3291,0,0,0,0,28913,17972,0,0,0,0,0,0,0,0,0,0,0,0,0,0,0,0,0,0,3291,0,0,0,0,28682,18203,0,0,0,0,0,0,0,0,0,0,0,0,0,0,0,0,0,0,3291,0,0,0,0,28628,18257,0,0,0,0,0,0,0,0,0,0,0,0,14373,681,15948,19174,16797,TCGA-OL-A66P-DX1_xmin30143_ymin20310_MPP-0.2500+179
0,9899,0,0,0,0,27675,0,0,0,0,2922,0,0,0,0,0,0,0,0,0,0,0,0,9680,0,9899,0,0,0,0,27675,0,0,0,0,2922,0,0,0,0,0,0,0,0,0,0,0,0,9680,0,9899,0,0,0,0,27675,0,0,0,0,2922,0,0,0,0,0,0,0,0,0,0,0,0,9680,3968,2810,26602,7116,8955,TCGA-OL-A66P-DX1_xmin30143_ymin20310_MPP-0.2500+18
0,0,0,0,0,0,0,0,0,0,0,0,50176,0,0,0,0,0,0,0,0,0,0,0,0,0,0,0,0,0,0,0,0,0,0,0,0,50176,0,0,0,0,0,0,0,0,0,0,0,0,0,0,0,0,0,0,0,0,0,0,0,0,50176,0,0,0,0,0,0,0,0,0,0,0,0,21432,0,22221,6523,20188,TCGA-OL-A66P-DX1_xmin30143_ymin20310_MPP-0.2500+180
0,0,0,0,0,0,3898,171,0,0,0,7527,12184,0,0,0,0,0,0,0,0,0,0,0,26396,0,0,0,0,0,0,3916,153,0,0,0,8156,11555,0,0,0,0,0,0,0,0,0,0,0,26396,0,0,0,0,0,0,3920,149,0,0,0,8326,11385,0,0,0,0,0,0,0,0,0,0,0,26396,6841,101,7200,9638,7751,TCGA-OL-A66P-DX1_xmin30143_ymin20310_MPP-0.2500+181
0,0,0,0,0,0,3242,3,0,0,0,0,0,0,0,0,0,0,0,0,0,0,0,0,46931,0,0,0,0,0,0,3244,1,0,0,0,0,0,0,0,0,0,0,0,0,0,0,0,0,46931,0,0,0,0,0,0,3243,2,0,0,0,0,0,0,0,0,0,0,0,0,0,0,0,0,46931,321,28,2884,12,562,TCGA-OL-A66P-DX1_xmin30143_ymin20310_MPP-0.2500+182
0,0,0,0,0,0,6816,0,0,0,0,0,0,0,0,0,0,0,0,0,0,0,0,0,43360,0,0,0,0,0,0,6816,0,0,0,0,0,0,0,0,0,0,0,0,0,0,0,0,0,43360,0,0,0,0,0,0,6816,0,0,0,0,0,0,0,0,0,0,0,0,0,0,0,0,0,43360,1233,0,5143,440,2227,TCGA-OL-A66P-DX1_xmin30143_ymin20310_MPP-0.2500+183
0,0,0,0,0,0,3060,0,0,0,0,0,0,0,0,0,0,0,0,0,0,0,0,0,47116,0,0,0,0,0,0,3060,0,0,0,0,0,0,0,0,0,0,0,0,0,0,0,0,0,47116,0,0,0,0,0,0,3060,0,0,0,0,0,0,0,0,0,0,0,0,0,0,0,0,0,47116,1284,0,1776,0,1634,TCGA-OL-A66P-DX1_xmin30143_ymin20310_MPP-0.2500+184
0,0,0,0,0,0,27800,0,0,0,0,0,0,0,0,0,0,0,0,0,0,0,0,0,22376,0,0,0,0,0,0,27800,0,0,0,0,0,0,0,0,0,0,0,0,0,0,0,0,0,22376,0,0,0,0,0,0,27800,0,0,0,0,0,0,0,0,0,0,0,0,0,0,0,0,0,22376,1559,0,26241,0,698,TCGA-OL-A66P-DX1_xmin30143_ymin20310_MPP-0.2500+185
0,0,0,0,0,0,23767,0,0,0,0,0,0,0,0,0,0,0,0,0,0,0,0,0,26409,0,0,0,0,0,0,23767,0,0,0,0,0,0,0,0,0,0,0,0,0,0,0,0,0,26409,0,0,0,0,0,0,23767,0,0,0,0,0,0,0,0,0,0,0,0,0,0,0,0,0,26409,678,87,23002,0,759,TCGA-OL-A66P-DX1_xmin30143_ymin20310_MPP-0.2500+186
0,0,0,0,0,0,43523,0,0,0,0,553,0,0,0,0,0,0,0,0,0,0,0,0,6100,0,0,0,0,0,0,43523,0,0,0,0,553,0,0,0,0,0,0,0,0,0,0,0,0,6100,0,0,0,0,0,0,43523,0,0,0,0,553,0,0,0,0,0,0,0,0,0,0,0,0,6100,6860,0,34952,2264,11067,TCGA-OL-A66P-DX1_xmin30143_ymin20310_MPP-0.2500+187
0,0,0,0,0,0,38141,0,0,0,0,12035,0,0,0,0,0,0,0,0,0,0,0,0,0,0,0,0,0,0,0,38141,0,0,0,0,12035,0,0,0,0,0,0,0,0,0,0,0,0,0,0,0,0,0,0,0,38141,0,0,0,0,12035,0,0,0,0,0,0,0,0,0,0,0,0,0,6217,1758,21863,20338,18544,TCGA-OL-A66P-DX1_xmin30143_ymin20310_MPP-0.2500+188
0,0,0,0,0,0,40417,0,0,0,0,9759,0,0,0,0,0,0,0,0,0,0,0,0,0,0,0,0,0,0,0,40417,0,0,0,0,9759,0,0,0,0,0,0,0,0,0,0,0,0,0,0,0,0,0,0,0,40417,0,0,0,0,9759,0,0,0,0,0,0,0,0,0,0,0,0,0,10105,521,27335,12215,9662,TCGA-OL-A66P-DX1_xmin30143_ymin20310_MPP-0.2500+189
47246,0,0,0,0,2511,0,0,0,0,419,0,0,0,0,0,0,0,0,0,0,0,0,0,0,47246,0,0,0,0,2511,0,0,0,0,419,0,0,0,0,0,0,0,0,0,0,0,0,0,0,47246,0,0,0,0,2511,0,0,0,0,419,0,0,0,0,0,0,0,0,0,0,0,0,0,0,4426,183,44607,960,7520,TCGA-OL-A66P-DX1_xmin30143_ymin20310_MPP-0.2500+19
0,0,0,0,0,0,26126,2206,0,0,0,9830,12014,0,0,0,0,0,0,0,0,0,0,0,0,0,0,0,0,0,0,26299,2033,0,0,0,9901,11943,0,0,0,0,0,0,0,0,0,0,0,0,0,0,0,0,0,0,26197,2135,0,0,0,9927,11917,0,0,0,0,0,0,0,0,0,0,0,0,10564,1690,25226,12696,12791,TCGA-OL-A66P-DX1_xmin30143_ymin20310_MPP-0.2500+190
0,0,0,0,0,0,26016,0,0,0,0,4671,0,0,0,0,0,0,0,0,0,0,0,0,19489,0,0,0,0,0,0,26016,0,0,0,0,4671,0,0,0,0,0,0,0,0,0,0,0,0,19489,0,0,0,0,0,0,26016,0,0,0,0,4671,0,0,0,0,0,0,0,0,0,0,0,0,19489,5395,335,20739,4218,6539,TCGA-OL-A66P-DX1_xmin30143_ymin20310_MPP-0.2500+191
0,0,0,0,0,0,13887,0,0,0,0,0,0,0,0,0,0,0,0,0,0,0,0,0,36289,0,0,0,0,0,0,13887,0,0,0,0,0,0,0,0,0,0,0,0,0,0,0,0,0,36289,0,0,0,0,0,0,13887,0,0,0,0,0,0,0,0,0,0,0,0,0,0,0,0,0,36289,795,0,13092,0,1146,TCGA-OL-A66P-DX1_xmin30143_ymin20310_MPP-0.2500+192
0,0,0,0,0,0,21055,0,0,0,0,0,0,0,0,0,0,0,0,0,0,0,0,0,29121,0,0,0,0,0,0,21055,0,0,0,0,0,0,0,0,0,0,0,0,0,0,0,0,0,29121,0,0,0,0,0,0,21055,0,0,0,0,0,0,0,0,0,0,0,0,0,0,0,0,0,29121,1902,0,18323,830,2095,TCGA-OL-A66P-DX1_xmin30143_ymin20310_MPP-0.2500+193
0,0,0,0,0,0,15615,3255,0,0,0,123,1481,0,0,0,0,0,0,0,0,0,0,0,29702,0,0,0,0,0,0,16386,2484,0,0,0,123,1481,0,0,0,0,0,0,0,0,0,0,0,29702,0,0,0,0,0,0,16429,2441,0,0,0,123,1481,0,0,0,0,0,0,0,0,0,0,0,29702,5395,1151,12815,1113,7408,TCGA-OL-A66P-DX1_xmin30143_ymin20310_MPP-0.2500+194
0,0,0,0,0,0,1507,0,0,0,0,0,0,0,0,0,0,0,0,0,0,0,0,0,48669,0,0,0,0,0,0,1507,0,0,0,0,0,0,0,0,0,0,0,0,0,0,0,0,0,48669,0,0,0,0,0,0,1507,0,0,0,0,0,0,0,0,0,0,0,0,0,0,0,0,0,48669,212,213,979,103,182,TCGA-OL-A66P-DX1_xmin30143_ymin20310_MPP-0.2500+195
0,0,0,0,0,0,1046,0,0,0,0,0,0,0,0,0,0,0,0,0,0,0,0,0,49130,0,0,0,0,0,0,1046,0,0,0,0,0,0,0,0,0,0,0,0,0,0,0,0,0,49130,0,0,0,0,0,0,1046,0,0,0,0,0,0,0,0,0,0,0,0,0,0,0,0,0,49130,62,152,765,67,1046,TCGA-OL-A66P-DX1_xmin30143_ymin20310_MPP-0.2500+196
0,0,0,0,0,0,30814,0,0,0,0,0,0,0,0,0,0,0,0,0,0,0,0,0,19362,0,0,0,0,0,0,30814,0,0,0,0,0,0,0,0,0,0,0,0,0,0,0,0,0,19362,0,0,0,0,0,0,30814,0,0,0,0,0,0,0,0,0,0,0,0,0,0,0,0,0,19362,1893,0,28921,0,2508,TCGA-OL-A66P-DX1_xmin30143_ymin20310_MPP-0.2500+197
0,0,0,0,0,0,50176,0,0,0,0,0,0,0,0,0,0,0,0,0,0,0,0,0,0,0,0,0,0,0,0,50176,0,0,0,0,0,0,0,0,0,0,0,0,0,0,0,0,0,0,0,0,0,0,0,0,50176,0,0,0,0,0,0,0,0,0,0,0,0,0,0,0,0,0,0,363,0,49813,0,1351,TCGA-OL-A66P-DX1_xmin30143_ymin20310_MPP-0.2500+198
0,0,0,0,0,0,50176,0,0,0,0,0,0,0,0,0,0,0,0,0,0,0,0,0,0,0,0,0,0,0,0,50176,0,0,0,0,0,0,0,0,0,0,0,0,0,0,0,0,0,0,0,0,0,0,0,0,50176,0,0,0,0,0,0,0,0,0,0,0,0,0,0,0,0,0,0,1570,0,48461,145,1539,TCGA-OL-A66P-DX1_xmin30143_ymin20310_MPP-0.2500+199
50118,0,0,0,0,58,0,0,0,0,0,0,0,0,0,0,0,0,0,0,0,0,0,0,0,50118,0,0,0,0,58,0,0,0,0,0,0,0,0,0,0,0,0,0,0,0,0,0,0,0,50118,0,0,0,0,58,0,0,0,0,0,0,0,0,0,0,0,0,0,0,0,0,0,0,0,4084,3280,21731,21081,14006,TCGA-OL-A66P-DX1_xmin30143_ymin20310_MPP-0.2500+2
50176,0,0,0,0,0,0,0,0,0,0,0,0,0,0,0,0,0,0,0,0,0,0,0,0,50176,0,0,0,0,0,0,0,0,0,0,0,0,0,0,0,0,0,0,0,0,0,0,0,0,50176,0,0,0,0,0,0,0,0,0,0,0,0,0,0,0,0,0,0,0,0,0,0,0,0,3757,0,46298,121,7624,TCGA-OL-A66P-DX1_xmin30143_ymin20310_MPP-0.2500+20
0,0,0,0,0,0,50176,0,0,0,0,0,0,0,0,0,0,0,0,0,0,0,0,0,0,0,0,0,0,0,0,50176,0,0,0,0,0,0,0,0,0,0,0,0,0,0,0,0,0,0,0,0,0,0,0,0,50176,0,0,0,0,0,0,0,0,0,0,0,0,0,0,0,0,0,0,3092,0,47083,1,2452,TCGA-OL-A66P-DX1_xmin30143_ymin20310_MPP-0.2500+200
0,0,0,0,0,0,50176,0,0,0,0,0,0,0,0,0,0,0,0,0,0,0,0,0,0,0,0,0,0,0,0,50176,0,0,0,0,0,0,0,0,0,0,0,0,0,0,0,0,0,0,0,0,0,0,0,0,50176,0,0,0,0,0,0,0,0,0,0,0,0,0,0,0,0,0,0,5811,0,42759,1606,5255,TCGA-OL-A66P-DX1_xmin30143_ymin20310_MPP-0.2500+201
0,0,0,0,0,0,49444,0,0,0,0,0,0,0,0,0,0,0,0,0,0,0,0,0,732,0,0,0,0,0,0,49444,0,0,0,0,0,0,0,0,0,0,0,0,0,0,0,0,0,732,0,0,0,0,0,0,49444,0,0,0,0,0,0,0,0,0,0,0,0,0,0,0,0,0,732,3431,0,45767,246,3555,TCGA-OL-A66P-DX1_xmin30143_ymin20310_MPP-0.2500+202
0,0,0,0,0,0,41115,0,0,0,0,2432,0,0,0,0,0,0,0,0,0,0,0,0,6629,0,0,0,0,0,0,41115,0,0,0,0,2432,0,0,0,0,0,0,0,0,0,0,0,0,6629,0,0,0,0,0,0,41115,0,0,0,0,2432,0,0,0,0,0,0,0,0,0,0,0,0,6629,2220,659,37499,3169,4369,TCGA-OL-A66P-DX1_xmin30143_ymin20310_MPP-0.2500+203
0,0,0,0,0,0,49812,0,0,0,0,0,0,0,0,0,0,0,0,0,0,0,0,0,364,0,0,0,0,0,0,49812,0,0,0,0,0,0,0,0,0,0,0,0,0,0,0,0,0,364,0,0,0,0,0,0,49812,0,0,0,0,0,0,0,0,0,0,0,0,0,0,0,0,0,364,3378,0,46344,90,4627,TCGA-OL-A66P-DX1_xmin30143_ymin20310_MPP-0.2500+204
0,0,0,0,0,0,34549,0,0,0,0,0,0,0,0,0,0,0,0,0,0,0,0,0,15627,0,0,0,0,0,0,34549,0,0,0,0,0,0,0,0,0,0,0,0,0,0,0,0,0,15627,0,0,0,0,0,0,34549,0,0,0,0,0,0,0,0,0,0,0,0,0,0,0,0,0,15627,4119,0,30430,0,4651,TCGA-OL-A66P-DX1_xmin30143_ymin20310_MPP-0.2500+205
0,0,0,0,0,0,35143,0,0,0,0,0,0,0,0,0,0,0,0,0,0,0,0,0,15033,0,0,0,0,0,0,35143,0,0,0,0,0,0,0,0,0,0,0,0,0,0,0,0,0,15033,0,0,0,0,0,0,35143,0,0,0,0,0,0,0,0,0,0,0,0,0,0,0,0,0,15033,1722,0,33409,12,1863,TCGA-OL-A66P-DX1_xmin30143_ymin20310_MPP-0.2500+206
0,0,0,0,0,0,27824,0,0,0,0,3622,0,0,0,0,0,0,0,0,0,0,0,0,18730,0,0,0,0,0,0,27824,0,0,0,0,3622,0,0,0,0,0,0,0,0,0,0,0,0,18730,0,0,0,0,0,0,27824,0,0,0,0,3622,0,0,0,0,0,0,0,0,0,0,0,0,18730,3046,131,26183,2086,6553,TCGA-OL-A66P-DX1_xmin30143_ymin20310_MPP-0.2500+207
0,0,0,0,0,0,18215,4485,0,0,0,2119,5020,0,0,0,0,0,0,0,0,0,0,0,20337,0,0,0,0,0,0,19780,2920,0,0,0,2361,4778,0,0,0,0,0,0,0,0,0,0,0,20337,0,0,0,0,0,0,20852,1848,0,0,0,2601,4538,0,0,0,0,0,0,0,0,0,0,0,20337,2873,1412,21813,3741,6253,TCGA-OL-A66P-DX1_xmin30143_ymin20310_MPP-0.2500+208
0,0,0,0,0,0,50176,0,0,0,0,0,0,0,0,0,0,0,0,0,0,0,0,0,0,0,0,0,0,0,0,50176,0,0,0,0,0,0,0,0,0,0,0,0,0,0,0,0,0,0,0,0,0,0,0,0,50176,0,0,0,0,0,0,0,0,0,0,0,0,0,0,0,0,0,0,304,0,49872,0,446,TCGA-OL-A66P-DX1_xmin30143_ymin20310_MPP-0.2500+209
28929,4521,0,0,0,3405,13321,0,0,0,0,0,0,0,0,0,0,0,0,0,0,0,0,0,0,28586,4864,0,0,0,3585,13141,0,0,0,0,0,0,0,0,0,0,0,0,0,0,0,0,0,0,28163,5287,0,0,0,3586,13140,0,0,0,0,0,0,0,0,0,0,0,0,0,0,0,0,0,0,6375,2523,33616,7662,15304,TCGA-OL-A66P-DX1_xmin30143_ymin20310_MPP-0.2500+21
0,0,0,0,0,0,50176,0,0,0,0,0,0,0,0,0,0,0,0,0,0,0,0,0,0,0,0,0,0,0,0,50176,0,0,0,0,0,0,0,0,0,0,0,0,0,0,0,0,0,0,0,0,0,0,0,0,50176,0,0,0,0,0,0,0,0,0,0,0,0,0,0,0,0,0,0,845,0,49155,176,989,TCGA-OL-A66P-DX1_xmin30143_ymin20310_MPP-0.2500+210
0,0,0,0,0,0,50176,0,0,0,0,0,0,0,0,0,0,0,0,0,0,0,0,0,0,0,0,0,0,0,0,50176,0,0,0,0,0,0,0,0,0,0,0,0,0,0,0,0,0,0,0,0,0,0,0,0,50176,0,0,0,0,0,0,0,0,0,0,0,0,0,0,0,0,0,0,868,0,49308,0,1228,TCGA-OL-A66P-DX1_xmin30143_ymin20310_MPP-0.2500+211
0,0,0,0,0,0,50176,0,0,0,0,0,0,0,0,0,0,0,0,0,0,0,0,0,0,0,0,0,0,0,0,50176,0,0,0,0,0,0,0,0,0,0,0,0,0,0,0,0,0,0,0,0,0,0,0,0,50176,0,0,0,0,0,0,0,0,0,0,0,0,0,0,0,0,0,0,863,0,49313,0,1445,TCGA-OL-A66P-DX1_xmin30143_ymin20310_MPP-0.2500+212
0,0,0,0,0,0,42540,0,0,0,0,7636,0,0,0,0,0,0,0,0,0,0,0,0,0,0,0,0,0,0,0,42540,0,0,0,0,7636,0,0,0,0,0,0,0,0,0,0,0,0,0,0,0,0,0,0,0,42540,0,0,0,0,7636,0,0,0,0,0,0,0,0,0,0,0,0,0,2258,2093,40282,5543,4658,TCGA-OL-A66P-DX1_xmin30143_ymin20310_MPP-0.2500+213
0,0,0,0,0,0,50176,0,0,0,0,0,0,0,0,0,0,0,0,0,0,0,0,0,0,0,0,0,0,0,0,50176,0,0,0,0,0,0,0,0,0,0,0,0,0,0,0,0,0,0,0,0,0,0,0,0,50176,0,0,0,0,0,0,0,0,0,0,0,0,0,0,0,0,0,0,2265,0,47247,664,3054,TCGA-OL-A66P-DX1_xmin30143_ymin20310_MPP-0.2500+214
0,0,0,0,0,0,50176,0,0,0,0,0,0,0,0,0,0,0,0,0,0,0,0,0,0,0,0,0,0,0,0,50176,0,0,0,0,0,0,0,0,0,0,0,0,0,0,0,0,0,0,0,0,0,0,0,0,50176,0,0,0,0,0,0,0,0,0,0,0,0,0,0,0,0,0,0,1827,0,48349,0,2465,TCGA-OL-A66P-DX1_xmin30143_ymin20310_MPP-0.2500+215
0,0,0,0,0,0,50176,0,0,0,0,0,0,0,0,0,0,0,0,0,0,0,0,0,0,0,0,0,0,0,0,50176,0,0,0,0,0,0,0,0,0,0,0,0,0,0,0,0,0,0,0,0,0,0,0,0,50176,0,0,0,0,0,0,0,0,0,0,0,0,0,0,0,0,0,0,4273,0,45903,0,4657,TCGA-OL-A66P-DX1_xmin30143_ymin20310_MPP-0.2500+216
0,0,0,0,0,0,45445,0,0,0,0,1258,0,0,0,0,0,0,0,0,0,0,0,0,3473,0,0,0,0,0,0,45445,0,0,0,0,1258,0,0,0,0,0,0,0,0,0,0,0,0,3473,0,0,0,0,0,0,45445,0,0,0,0,1258,0,0,0,0,0,0,0,0,0,0,0,0,3473,2914,371,42138,1280,4578,TCGA-OL-A66P-DX1_xmin30143_ymin20310_MPP-0.2500+217
0,0,0,0,0,0,50176,0,0,0,0,0,0,0,0,0,0,0,0,0,0,0,0,0,0,0,0,0,0,0,0,50176,0,0,0,0,0,0,0,0,0,0,0,0,0,0,0,0,0,0,0,0,0,0,0,0,50176,0,0,0,0,0,0,0,0,0,0,0,0,0,0,0,0,0,0,835,0,49341,0,1152,TCGA-OL-A66P-DX1_xmin30143_ymin20310_MPP-0.2500+218
0,0,0,0,0,0,50176,0,0,0,0,0,0,0,0,0,0,0,0,0,0,0,0,0,0,0,0,0,0,0,0,50176,0,0,0,0,0,0,0,0,0,0,0,0,0,0,0,0,0,0,0,0,0,0,0,0,50176,0,0,0,0,0,0,0,0,0,0,0,0,0,0,0,0,0,0,762,0,49414,0,784,TCGA-OL-A66P-DX1_xmin30143_ymin20310_MPP-0.2500+219
0,0,0,0,0,0,40029,0,0,0,0,0,0,0,0,0,0,0,0,0,0,0,0,0,10147,0,0,0,0,0,0,40029,0,0,0,0,0,0,0,0,0,0,0,0,0,0,0,0,0,10147,0,0,0,0,0,0,40029,0,0,0,0,0,0,0,0,0,0,0,0,0,0,0,0,0,10147,4545,0,34163,1321,5674,TCGA-OL-A66P-DX1_xmin30143_ymin20310_MPP-0.2500+22
0,0,0,0,0,0,50176,0,0,0,0,0,0,0,0,0,0,0,0,0,0,0,0,0,0,0,0,0,0,0,0,50176,0,0,0,0,0,0,0,0,0,0,0,0,0,0,0,0,0,0,0,0,0,0,0,0,50176,0,0,0,0,0,0,0,0,0,0,0,0,0,0,0,0,0,0,1720,0,47810,646,2822,TCGA-OL-A66P-DX1_xmin30143_ymin20310_MPP-0.2500+220
0,0,0,0,0,0,50176,0,0,0,0,0,0,0,0,0,0,0,0,0,0,0,0,0,0,0,0,0,0,0,0,50176,0,0,0,0,0,0,0,0,0,0,0,0,0,0,0,0,0,0,0,0,0,0,0,0,50176,0,0,0,0,0,0,0,0,0,0,0,0,0,0,0,0,0,0,2836,0,47340,0,3466,TCGA-OL-A66P-DX1_xmin30143_ymin20310_MPP-0.2500+221
0,0,0,0,0,0,49780,0,0,0,0,0,0,0,0,0,0,0,0,0,0,0,0,0,396,0,0,0,0,0,0,49780,0,0,0,0,0,0,0,0,0,0,0,0,0,0,0,0,0,396,0,0,0,0,0,0,49780,0,0,0,0,0,0,0,0,0,0,0,0,0,0,0,0,0,396,513,0,49267,0,718,TCGA-OL-A66P-DX1_xmin30143_ymin20310_MPP-0.2500+222
0,0,0,0,0,0,50176,0,0,0,0,0,0,0,0,0,0,0,0,0,0,0,0,0,0,0,0,0,0,0,0,50176,0,0,0,0,0,0,0,0,0,0,0,0,0,0,0,0,0,0,0,0,0,0,0,0,50176,0,0,0,0,0,0,0,0,0,0,0,0,0,0,0,0,0,0,7307,0,42021,848,8583,TCGA-OL-A66P-DX1_xmin30143_ymin20310_MPP-0.2500+223
0,0,0,0,0,0,38587,0,0,0,0,0,0,0,0,0,0,0,0,0,0,0,0,0,11589,0,0,0,0,0,0,38587,0,0,0,0,0,0,0,0,0,0,0,0,0,0,0,0,0,11589,0,0,0,0,0,0,38587,0,0,0,0,0,0,0,0,0,0,0,0,0,0,0,0,0,11589,2444,0,36116,27,1888,TCGA-OL-A66P-DX1_xmin30143_ymin20310_MPP-0.2500+224
0,0,0,0,0,0,41055,990,0,0,0,0,0,0,0,0,0,0,0,0,0,0,0,0,8131,0,0,0,0,0,0,41161,884,0,0,0,0,0,0,0,0,0,0,0,0,0,0,0,0,8131,0,0,0,0,0,0,41027,1018,0,0,0,0,0,0,0,0,0,0,0,0,0,0,0,0,8131,2357,0,39688,0,3850,TCGA-OL-A66P-DX1_xmin30143_ymin20310_MPP-0.2500+225
0,0,0,0,0,0,50176,0,0,0,0,0,0,0,0,0,0,0,0,0,0,0,0,0,0,0,0,0,0,0,0,50176,0,0,0,0,0,0,0,0,0,0,0,0,0,0,0,0,0,0,0,0,0,0,0,0,50176,0,0,0,0,0,0,0,0,0,0,0,0,0,0,0,0,0,0,3287,0,46506,383,4192,TCGA-OL-A66P-DX1_xmin30143_ymin20310_MPP-0.2500+226
0,0,0,0,0,0,48478,0,0,0,0,0,0,0,0,0,0,0,0,0,0,0,0,0,1698,0,0,0,0,0,0,48478,0,0,0,0,0,0,0,0,0,0,0,0,0,0,0,0,0,1698,0,0,0,0,0,0,48478,0,0,0,0,0,0,0,0,0,0,0,0,0,0,0,0,0,1698,7479,0,40997,2,9205,TCGA-OL-A66P-DX1_xmin30143_ymin20310_MPP-0.2500+23
0,0,0,0,0,0,35662,0,0,0,0,0,0,0,0,0,0,0,0,0,0,0,0,0,14514,0,0,0,0,0,0,35662,0,0,0,0,0,0,0,0,0,0,0,0,0,0,0,0,0,14514,0,0,0,0,0,0,35662,0,0,0,0,0,0,0,0,0,0,0,0,0,0,0,0,0,14514,2191,0,32296,1175,3242,TCGA-OL-A66P-DX1_xmin30143_ymin20310_MPP-0.2500+24
0,0,0,0,0,0,47133,0,0,0,0,0,0,0,0,0,0,0,0,0,0,0,0,0,3043,0,0,0,0,0,0,47133,0,0,0,0,0,0,0,0,0,0,0,0,0,0,0,0,0,3043,0,0,0,0,0,0,47133,0,0,0,0,0,0,0,0,0,0,0,0,0,0,0,0,0,3043,5753,0,41179,201,6323,TCGA-OL-A66P-DX1_xmin30143_ymin20310_MPP-0.2500+25
0,8935,0,0,0,0,33069,0,0,0,0,0,0,0,0,0,0,0,0,0,0,0,0,0,8172,0,8935,0,0,0,0,33069,0,0,0,0,0,0,0,0,0,0,0,0,0,0,0,0,0,8172,0,8935,0,0,0,0,33069,0,0,0,0,0,0,0,0,0,0,0,0,0,0,0,0,0,8172,6897,317,32327,2463,8889,TCGA-OL-A66P-DX1_xmin30143_ymin20310_MPP-0.2500+26
42809,1623,0,0,0,544,5186,0,0,0,0,0,0,0,0,0,0,0,0,0,0,0,0,0,14,42763,1669,0,0,0,545,5185,0,0,0,0,0,0,0,0,0,0,0,0,0,0,0,0,0,14,42711,1721,0,0,0,535,5195,0,0,0,0,0,0,0,0,0,0,0,0,0,0,0,0,0,14,8257,328,38901,2676,7318,TCGA-OL-A66P-DX1_xmin30143_ymin20310_MPP-0.2500+27
23001,7615,0,0,0,1219,8224,0,0,0,0,0,0,0,0,0,0,0,0,0,0,0,0,0,10117,23028,7588,0,0,0,1213,8230,0,0,0,0,0,0,0,0,0,0,0,0,0,0,0,0,0,10117,23130,7486,0,0,0,1205,8238,0,0,0,0,0,0,0,0,0,0,0,0,0,0,0,0,0,10117,4388,1756,27459,6456,8526,TCGA-OL-A66P-DX1_xmin30143_ymin20310_MPP-0.2500+28
20127,29465,0,0,0,0,498,0,0,0,0,0,0,0,0,0,0,0,0,0,0,0,0,0,86,19603,29989,0,0,0,0,498,0,0,0,0,0,0,0,0,0,0,0,0,0,0,0,0,0,86,19202,30390,0,0,0,0,498,0,0,0,0,0,0,0,0,0,0,0,0,0,0,0,0,0,86,6562,2271,25427,15830,12127,TCGA-OL-A66P-DX1_xmin30143_ymin20310_MPP-0.2500+29
23130,9560,0,0,0,665,11710,0,0,0,0,0,0,0,0,0,0,0,0,0,0,0,0,0,5111,22920,9770,0,0,0,662,11713,0,0,0,0,0,0,0,0,0,0,0,0,0,0,0,0,0,5111,22615,10075,0,0,0,662,11713,0,0,0,0,0,0,0,0,0,0,0,0,0,0,0,0,0,5111,2877,4433,25360,12395,9235,TCGA-OL-A66P-DX1_xmin30143_ymin20310_MPP-0.2500+3
0,5935,0,0,0,0,17533,0,0,0,0,0,0,0,0,0,0,0,0,0,0,0,0,0,26708,0,5935,0,0,0,0,17533,0,0,0,0,0,0,0,0,0,0,0,0,0,0,0,0,0,26708,0,5935,0,0,0,0,17533,0,0,0,0,0,0,0,0,0,0,0,0,0,0,0,0,0,26708,5174,83,15227,2984,4699,TCGA-OL-A66P-DX1_xmin30143_ymin20310_MPP-0.2500+30
19997,1902,0,0,0,1469,15518,0,0,0,0,2415,0,0,0,0,0,0,0,0,0,0,0,0,8875,20273,1626,0,0,0,1521,15466,0,0,0,0,2415,0,0,0,0,0,0,0,0,0,0,0,0,8875,20442,1457,0,0,0,1560,15427,0,0,0,0,2415,0,0,0,0,0,0,0,0,0,0,0,0,8875,5988,2304,29373,3636,11596,TCGA-OL-A66P-DX1_xmin30143_ymin20310_MPP-0.2500+31
50176,0,0,0,0,0,0,0,0,0,0,0,0,0,0,0,0,0,0,0,0,0,0,0,0,50176,0,0,0,0,0,0,0,0,0,0,0,0,0,0,0,0,0,0,0,0,0,0,0,0,50176,0,0,0,0,0,0,0,0,0,0,0,0,0,0,0,0,0,0,0,0,0,0,0,0,4734,0,45377,65,7849,TCGA-OL-A66P-DX1_xmin30143_ymin20310_MPP-0.2500+32
50176,0,0,0,0,0,0,0,0,0,0,0,0,0,0,0,0,0,0,0,0,0,0,0,0,50176,0,0,0,0,0,0,0,0,0,0,0,0,0,0,0,0,0,0,0,0,0,0,0,0,50176,0,0,0,0,0,0,0,0,0,0,0,0,0,0,0,0,0,0,0,0,0,0,0,0,3081,0,46589,506,4049,TCGA-OL-A66P-DX1_xmin30143_ymin20310_MPP-0.2500+33
3584,30488,0,0,0,0,8592,0,0,0,0,0,0,0,0,0,0,0,0,0,0,0,0,0,7512,3520,30552,0,0,0,0,8592,0,0,0,0,0,0,0,0,0,0,0,0,0,0,0,0,0,7512,2848,31224,0,0,0,0,8592,0,0,0,0,0,0,0,0,0,0,0,0,0,0,0,0,0,7512,5582,2293,30940,3849,9195,TCGA-OL-A66P-DX1_xmin30143_ymin20310_MPP-0.2500+34
0,0,0,0,0,0,28519,0,0,0,0,0,0,0,0,0,0,0,0,0,0,0,0,0,21657,0,0,0,0,0,0,28519,0,0,0,0,0,0,0,0,0,0,0,0,0,0,0,0,0,21657,0,0,0,0,0,0,28519,0,0,0,0,0,0,0,0,0,0,0,0,0,0,0,0,0,21657,534,0,27985,0,1140,TCGA-OL-A66P-DX1_xmin30143_ymin20310_MPP-0.2500+35
0,0,0,0,0,0,23358,0,0,0,0,0,0,0,0,0,0,0,0,0,0,0,0,0,26818,0,0,0,0,0,0,23358,0,0,0,0,0,0,0,0,0,0,0,0,0,0,0,0,0,26818,0,0,0,0,0,0,23358,0,0,0,0,0,0,0,0,0,0,0,0,0,0,0,0,0,26818,1473,0,21547,338,1720,TCGA-OL-A66P-DX1_xmin30143_ymin20310_MPP-0.2500+36
0,0,0,0,0,0,33468,0,0,0,0,0,0,0,0,0,0,0,0,0,0,0,0,0,16708,0,0,0,0,0,0,33468,0,0,0,0,0,0,0,0,0,0,0,0,0,0,0,0,0,16708,0,0,0,0,0,0,33468,0,0,0,0,0,0,0,0,0,0,0,0,0,0,0,0,0,16708,366,0,33102,0,618,TCGA-OL-A66P-DX1_xmin30143_ymin20310_MPP-0.2500+37
0,0,0,0,0,0,36906,0,0,0,0,0,0,0,0,0,0,0,0,0,0,0,0,0,13270,0,0,0,0,0,0,36906,0,0,0,0,0,0,0,0,0,0,0,0,0,0,0,0,0,13270,0,0,0,0,0,0,36906,0,0,0,0,0,0,0,0,0,0,0,0,0,0,0,0,0,13270,3519,0,33387,0,3830,TCGA-OL-A66P-DX1_xmin30143_ymin20310_MPP-0.2500+38
0,26187,0,0,0,0,23910,0,0,0,0,0,0,0,0,0,0,0,0,0,0,0,0,0,79,0,26187,0,0,0,0,23910,0,0,0,0,0,0,0,0,0,0,0,0,0,0,0,0,0,79,0,26187,0,0,0,0,23910,0,0,0,0,0,0,0,0,0,0,0,0,0,0,0,0,0,79,3347,2725,36600,7425,4549,TCGA-OL-A66P-DX1_xmin30143_ymin20310_MPP-0.2500+39
1111,3883,0,0,0,4233,12148,0,0,0,0,0,0,0,0,0,0,0,0,0,0,0,0,0,28801,1182,3812,0,0,0,4208,12173,0,0,0,0,0,0,0,0,0,0,0,0,0,0,0,0,0,28801,1307,3687,0,0,0,4162,12219,0,0,0,0,0,0,0,0,0,0,0,0,0,0,0,0,0,28801,1058,2054,12293,5970,4678,TCGA-OL-A66P-DX1_xmin30143_ymin20310_MPP-0.2500+4
50176,0,0,0,0,0,0,0,0,0,0,0,0,0,0,0,0,0,0,0,0,0,0,0,0,50176,0,0,0,0,0,0,0,0,0,0,0,0,0,0,0,0,0,0,0,0,0,0,0,0,50176,0,0,0,0,0,0,0,0,0,0,0,0,0,0,0,0,0,0,0,0,0,0,0,0,4550,1657,32248,11721,12340,TCGA-OL-A66P-DX1_xmin30143_ymin20310_MPP-0.2500+40
32009,2573,0,0,0,359,676,0,0,0,0,0,0,0,0,0,0,0,0,0,0,0,0,0,14559,31796,2786,0,0,0,353,682,0,0,0,0,0,0,0,0,0,0,0,0,0,0,0,0,0,14559,31475,3107,0,0,0,332,703,0,0,0,0,0,0,0,0,0,0,0,0,0,0,0,0,0,14559,5562,64,28147,1844,8326,TCGA-OL-A66P-DX1_xmin30143_ymin20310_MPP-0.2500+41
13105,24462,0,0,0,1175,4499,0,0,0,0,0,0,0,0,0,0,0,0,0,0,0,0,0,6935,13073,24494,0,0,0,1223,4451,0,0,0,0,0,0,0,0,0,0,0,0,0,0,0,0,0,6935,13053,24514,0,0,0,1273,4401,0,0,0,0,0,0,0,0,0,0,0,0,0,0,0,0,0,6935,1518,4587,18856,18280,9577,TCGA-OL-A66P-DX1_xmin30143_ymin20310_MPP-0.2500+42
816,15132,0,0,0,0,15424,0,0,0,0,0,0,0,0,0,0,0,0,0,0,0,0,0,18804,816,15132,0,0,0,0,15424,0,0,0,0,0,0,0,0,0,0,0,0,0,0,0,0,0,18804,816,15132,0,0,0,0,15424,0,0,0,0,0,0,0,0,0,0,0,0,0,0,0,0,0,18804,4313,1346,21281,4432,5278,TCGA-OL-A66P-DX1_xmin30143_ymin20310_MPP-0.2500+43
49732,0,0,0,0,91,0,0,0,0,0,0,0,0,0,0,0,0,0,0,0,0,0,0,353,49732,0,0,0,0,91,0,0,0,0,0,0,0,0,0,0,0,0,0,0,0,0,0,0,353,49732,0,0,0,0,91,0,0,0,0,0,0,0,0,0,0,0,0,0,0,0,0,0,0,353,1961,62,47771,29,3065,TCGA-OL-A66P-DX1_xmin30143_ymin20310_MPP-0.2500+44
50176,0,0,0,0,0,0,0,0,0,0,0,0,0,0,0,0,0,0,0,0,0,0,0,0,50176,0,0,0,0,0,0,0,0,0,0,0,0,0,0,0,0,0,0,0,0,0,0,0,0,50176,0,0,0,0,0,0,0,0,0,0,0,0,0,0,0,0,0,0,0,0,0,0,0,0,6040,0,44049,87,11016,TCGA-OL-A66P-DX1_xmin30143_ymin20310_MPP-0.2500+45
39480,7431,0,0,0,0,2165,0,0,0,0,0,0,0,0,0,0,0,0,0,0,0,0,0,1100,38759,8152,0,0,0,0,2165,0,0,0,0,0,0,0,0,0,0,0,0,0,0,0,0,0,1100,38008,8903,0,0,0,0,2165,0,0,0,0,0,0,0,0,0,0,0,0,0,0,0,0,0,1100,6672,314,36508,5582,13850,TCGA-OL-A66P-DX1_xmin30143_ymin20310_MPP-0.2500+46
9569,5273,0,0,0,908,18533,0,0,0,0,0,0,0,0,0,0,0,0,0,0,0,0,0,15893,9359,5483,0,0,0,921,18520,0,0,0,0,0,0,0,0,0,0,0,0,0,0,0,0,0,15893,9382,5460,0,0,0,980,18461,0,0,0,0,0,0,0,0,0,0,0,0,0,0,0,0,0,15893,3657,2000,24264,4362,5393,TCGA-OL-A66P-DX1_xmin30143_ymin20310_MPP-0.2500+47
16,2355,0,0,0,0,35235,0,0,0,0,0,0,0,0,0,0,0,0,0,0,0,0,0,12570,16,2355,0,0,0,0,35235,0,0,0,0,0,0,0,0,0,0,0,0,0,0,0,0,0,12570,0,2371,0,0,0,0,35235,0,0,0,0,0,0,0,0,0,0,0,0,0,0,0,0,0,12570,3438,524,31888,1756,3981,TCGA-OL-A66P-DX1_xmin30143_ymin20310_MPP-0.2500+48
0,0,0,0,0,0,39797,0,0,0,0,0,0,0,0,0,0,0,0,0,0,0,0,0,10379,0,0,0,0,0,0,39797,0,0,0,0,0,0,0,0,0,0,0,0,0,0,0,0,0,10379,0,0,0,0,0,0,39797,0,0,0,0,0,0,0,0,0,0,0,0,0,0,0,0,0,10379,6029,0,31768,2000,3704,TCGA-OL-A66P-DX1_xmin30143_ymin20310_MPP-0.2500+49
45573,0,0,0,0,4603,0,0,0,0,0,0,0,0,0,0,0,0,0,0,0,0,0,0,0,45573,0,0,0,0,4603,0,0,0,0,0,0,0,0,0,0,0,0,0,0,0,0,0,0,0,45573,0,0,0,0,4603,0,0,0,0,0,0,0,0,0,0,0,0,0,0,0,0,0,0,0,8205,721,39081,2169,8070,TCGA-OL-A66P-DX1_xmin30143_ymin20310_MPP-0.2500+5
0,0,0,0,0,0,22518,0,0,0,0,0,0,0,0,0,0,0,0,0,0,0,0,0,27658,0,0,0,0,0,0,22518,0,0,0,0,0,0,0,0,0,0,0,0,0,0,0,0,0,27658,0,0,0,0,0,0,22518,0,0,0,0,0,0,0,0,0,0,0,0,0,0,0,0,0,27658,912,2,21602,2,977,TCGA-OL-A66P-DX1_xmin30143_ymin20310_MPP-0.2500+50
0,11913,0,0,0,0,35130,0,0,0,0,0,0,0,0,0,0,0,0,0,0,0,0,0,3133,0,11913,0,0,0,0,35130,0,0,0,0,0,0,0,0,0,0,0,0,0,0,0,0,0,3133,0,11913,0,0,0,0,35130,0,0,0,0,0,0,0,0,0,0,0,0,0,0,0,0,0,3133,6420,725,36991,2907,8782,TCGA-OL-A66P-DX1_xmin30143_ymin20310_MPP-0.2500+51
43643,0,0,0,0,6533,0,0,0,0,0,0,0,0,0,0,0,0,0,0,0,0,0,0,0,43643,0,0,0,0,6533,0,0,0,0,0,0,0,0,0,0,0,0,0,0,0,0,0,0,0,43643,0,0,0,0,6533,0,0,0,0,0,0,0,0,0,0,0,0,0,0,0,0,0,0,0,6013,1315,29365,13483,12629,TCGA-OL-A66P-DX1_xmin30143_ymin20310_MPP-0.2500+52
9001,40665,0,0,0,473,37,0,0,0,0,0,0,0,0,0,0,0,0,0,0,0,0,0,0,9297,40369,0,0,0,468,42,0,0,0,0,0,0,0,0,0,0,0,0,0,0,0,0,0,0,9801,39865,0,0,0,481,29,0,0,0,0,0,0,0,0,0,0,0,0,0,0,0,0,0,0,294,6432,13066,30384,12120,TCGA-OL-A66P-DX1_xmin30143_ymin20310_MPP-0.2500+53
18363,13113,0,0,0,148,980,0,0,0,0,0,0,0,0,0,0,0,0,0,0,0,0,0,17572,18092,13384,0,0,0,126,1002,0,0,0,0,0,0,0,0,0,0,0,0,0,0,0,0,0,17572,17721,13755,0,0,0,115,1013,0,0,0,0,0,0,0,0,0,0,0,0,0,0,0,0,0,17572,3301,2719,20046,6538,8770,TCGA-OL-A66P-DX1_xmin30143_ymin20310_MPP-0.2500+54
23791,5167,0,0,0,1186,3934,0,0,0,0,0,0,0,0,0,0,0,0,0,0,0,0,0,16098,23636,5322,0,0,0,1029,4091,0,0,0,0,0,0,0,0,0,0,0,0,0,0,0,0,0,16098,23582,5376,0,0,0,988,4132,0,0,0,0,0,0,0,0,0,0,0,0,0,0,0,0,0,16098,4467,1856,22443,5312,11187,TCGA-OL-A66P-DX1_xmin30143_ymin20310_MPP-0.2500+55
48389,0,0,0,0,1709,0,0,0,0,0,0,0,0,0,0,0,0,0,0,0,0,0,0,78,48389,0,0,0,0,1709,0,0,0,0,0,0,0,0,0,0,0,0,0,0,0,0,0,0,78,48389,0,0,0,0,1709,0,0,0,0,0,0,0,0,0,0,0,0,0,0,0,0,0,0,78,1987,5772,20364,21975,18465,TCGA-OL-A66P-DX1_xmin30143_ymin20310_MPP-0.2500+56
48191,0,0,0,0,1982,0,0,0,0,0,0,0,0,0,0,0,0,0,0,0,0,0,0,3,48191,0,0,0,0,1982,0,0,0,0,0,0,0,0,0,0,0,0,0,0,0,0,0,0,3,48191,0,0,0,0,1982,0,0,0,0,0,0,0,0,0,0,0,0,0,0,0,0,0,0,3,4439,530,39210,5994,7291,TCGA-OL-A66P-DX1_xmin30143_ymin20310_MPP-0.2500+57
8388,3205,0,0,0,490,6437,0,0,0,0,0,0,0,0,0,0,0,0,0,0,0,0,0,31656,8309,3284,0,0,0,486,6441,0,0,0,0,0,0,0,0,0,0,0,0,0,0,0,0,0,31656,8407,3186,0,0,0,496,6431,0,0,0,0,0,0,0,0,0,0,0,0,0,0,0,0,0,31656,1249,2002,10145,5124,5426,TCGA-OL-A66P-DX1_xmin30143_ymin20310_MPP-0.2500+58
0,1762,90,0,0,0,3884,241,0,0,0,0,0,0,0,0,0,0,0,0,0,0,0,0,44199,0,1732,120,0,0,0,3756,369,0,0,0,0,0,0,0,0,0,0,0,0,0,0,0,0,44199,0,1720,132,0,0,0,3804,321,0,0,0,0,0,0,0,0,0,0,0,0,0,0,0,0,44199,705,471,3123,1678,1413,TCGA-OL-A66P-DX1_xmin30143_ymin20310_MPP-0.2500+59
30934,3186,0,0,0,0,7869,0,0,0,0,0,0,0,0,0,0,0,0,0,0,0,0,0,8187,30750,3370,0,0,0,0,7869,0,0,0,0,0,0,0,0,0,0,0,0,0,0,0,0,0,8187,30623,3497,0,0,0,47,7822,0,0,0,0,0,0,0,0,0,0,0,0,0,0,0,0,0,8187,5381,300,34398,1910,7921,TCGA-OL-A66P-DX1_xmin30143_ymin20310_MPP-0.2500+6
11227,22031,0,0,0,0,4421,0,0,0,0,0,0,0,0,0,0,0,0,0,0,0,0,0,12497,11473,21785,0,0,0,0,4421,0,0,0,0,0,0,0,0,0,0,0,0,0,0,0,0,0,12497,11696,21562,0,0,0,24,4397,0,0,0,0,0,0,0,0,0,0,0,0,0,0,0,0,0,12497,2861,5123,12272,17423,8901,TCGA-OL-A66P-DX1_xmin30143_ymin20310_MPP-0.2500+60
0,35695,0,0,0,0,14419,0,0,0,0,0,0,0,0,0,0,0,0,0,0,0,0,0,62,0,35695,0,0,0,0,14419,0,0,0,0,0,0,0,0,0,0,0,0,0,0,0,0,0,62,0,35695,0,0,0,0,14419,0,0,0,0,0,0,0,0,0,0,0,0,0,0,0,0,0,62,3817,4417,27143,14737,15517,TCGA-OL-A66P-DX1_xmin30143_ymin20310_MPP-0.2500+61
0,0,0,0,0,0,44000,0,0,0,0,0,0,0,0,0,0,0,0,0,0,0,0,0,6176,0,0,0,0,0,0,44000,0,0,0,0,0,0,0,0,0,0,0,0,0,0,0,0,0,6176,0,0,0,0,0,0,44000,0,0,0,0,0,0,0,0,0,0,0,0,0,0,0,0,0,6176,3299,28,39085,1588,6317,TCGA-OL-A66P-DX1_xmin30143_ymin20310_MPP-0.2500+62
0,0,0,0,0,0,30478,1495,0,0,0,0,0,0,0,0,0,0,0,0,0,0,0,0,18203,0,0,0,0,0,0,30591,1382,0,0,0,0,0,0,0,0,0,0,0,0,0,0,0,0,18203,0,0,0,0,0,0,30589,1384,0,0,0,0,0,0,0,0,0,0,0,0,0,0,0,0,18203,3794,0,27401,778,4266,TCGA-OL-A66P-DX1_xmin30143_ymin20310_MPP-0.2500+63
29747,4253,0,0,0,0,14059,0,0,0,0,0,0,0,0,0,0,0,0,0,0,0,0,0,2117,30015,3985,0,0,0,0,14059,0,0,0,0,0,0,0,0,0,0,0,0,0,0,0,0,0,2117,29547,4453,0,0,0,0,14059,0,0,0,0,0,0,0,0,0,0,0,0,0,0,0,0,0,2117,5917,1395,37432,3315,8079,TCGA-OL-A66P-DX1_xmin30143_ymin20310_MPP-0.2500+64
43763,0,0,0,0,5396,0,0,0,0,0,0,0,0,0,0,0,0,0,0,0,0,0,0,1017,43763,0,0,0,0,5396,0,0,0,0,0,0,0,0,0,0,0,0,0,0,0,0,0,0,1017,43763,0,0,0,0,5396,0,0,0,0,0,0,0,0,0,0,0,0,0,0,0,0,0,0,1017,12424,1268,29987,5480,15176,TCGA-OL-A66P-DX1_xmin30143_ymin20310_MPP-0.2500+65
6384,6024,0,0,0,1776,6830,0,0,0,0,0,0,0,0,0,0,0,0,0,0,0,0,0,29162,6451,5957,0,0,0,1748,6858,0,0,0,0,0,0,0,0,0,0,0,0,0,0,0,0,0,29162,6619,5789,0,0,0,1781,6825,0,0,0,0,0,0,0,0,0,0,0,0,0,0,0,0,0,29162,1037,2801,9416,7760,5664,TCGA-OL-A66P-DX1_xmin30143_ymin20310_MPP-0.2500+66
25558,12842,0,0,0,2957,5327,0,0,0,0,0,0,0,0,0,0,0,0,0,0,0,0,0,3492,26041,12359,0,0,0,3001,5283,0,0,0,0,0,0,0,0,0,0,0,0,0,0,0,0,0,3492,26037,12363,0,0,0,3125,5159,0,0,0,0,0,0,0,0,0,0,0,0,0,0,0,0,0,3492,5174,3052,25706,12752,7293,TCGA-OL-A66P-DX1_xmin30143_ymin20310_MPP-0.2500+67
0,18669,0,0,0,0,7410,0,0,0,0,0,0,0,0,0,0,0,0,0,0,0,0,0,24097,0,18669,0,0,0,0,7410,0,0,0,0,0,0,0,0,0,0,0,0,0,0,0,0,0,24097,0,18669,0,0,0,0,7410,0,0,0,0,0,0,0,0,0,0,0,0,0,0,0,0,0,24097,1187,3389,13865,7638,7184,TCGA-OL-A66P-DX1_xmin30143_ymin20310_MPP-0.2500+68
50176,0,0,0,0,0,0,0,0,0,0,0,0,0,0,0,0,0,0,0,0,0,0,0,0,50176,0,0,0,0,0,0,0,0,0,0,0,0,0,0,0,0,0,0,0,0,0,0,0,0,50176,0,0,0,0,0,0,0,0,0,0,0,0,0,0,0,0,0,0,0,0,0,0,0,0,5211,861,35402,8702,7963,TCGA-OL-A66P-DX1_xmin30143_ymin20310_MPP-0.2500+69
42138,0,0,0,0,6379,0,0,0,0,0,0,0,0,0,0,0,0,0,0,0,0,0,0,1659,42138,0,0,0,0,6379,0,0,0,0,0,0,0,0,0,0,0,0,0,0,0,0,0,0,1659,42138,0,0,0,0,6379,0,0,0,0,0,0,0,0,0,0,0,0,0,0,0,0,0,0,1659,3846,974,38306,5391,10531,TCGA-OL-A66P-DX1_xmin30143_ymin20310_MPP-0.2500+7
34408,0,0,0,0,7192,0,0,0,0,0,0,0,0,0,0,0,0,0,0,0,0,0,0,8576,34408,0,0,0,0,7192,0,0,0,0,0,0,0,0,0,0,0,0,0,0,0,0,0,0,8576,34408,0,0,0,0,7192,0,0,0,0,0,0,0,0,0,0,0,0,0,0,0,0,0,0,8576,5216,1055,29699,5630,7912,TCGA-OL-A66P-DX1_xmin30143_ymin20310_MPP-0.2500+70
11412,2837,0,0,0,2011,2109,0,0,0,0,0,0,0,0,0,0,0,0,0,0,0,0,0,31807,11159,3090,0,0,0,1899,2221,0,0,0,0,0,0,0,0,0,0,0,0,0,0,0,0,0,31807,11159,3090,0,0,0,1850,2270,0,0,0,0,0,0,0,0,0,0,0,0,0,0,0,0,0,31807,1454,1113,12048,3754,4538,TCGA-OL-A66P-DX1_xmin30143_ymin20310_MPP-0.2500+71
5125,1376,870,0,0,775,2811,985,0,0,0,0,0,0,0,0,0,0,0,0,0,0,0,0,38234,4873,1651,847,0,0,673,2900,998,0,0,0,0,0,0,0,0,0,0,0,0,0,0,0,0,38234,4923,1638,810,0,0,755,2779,1037,0,0,0,0,0,0,0,0,0,0,0,0,0,0,0,0,38234,1052,777,7003,3110,2947,TCGA-OL-A66P-DX1_xmin30143_ymin20310_MPP-0.2500+72
832,31755,0,0,0,0,17415,0,0,0,0,0,0,0,0,0,0,0,0,0,0,0,0,0,174,640,31947,0,0,0,0,17415,0,0,0,0,0,0,0,0,0,0,0,0,0,0,0,0,0,174,512,32075,0,0,0,0,17415,0,0,0,0,0,0,0,0,0,0,0,0,0,0,0,0,0,174,5639,2731,29801,11831,8629,TCGA-OL-A66P-DX1_xmin30143_ymin20310_MPP-0.2500+73
11745,4652,0,0,0,4935,28844,0,0,0,0,0,0,0,0,0,0,0,0,0,0,0,0,0,0,11965,4432,0,0,0,5155,28624,0,0,0,0,0,0,0,0,0,0,0,0,0,0,0,0,0,0,12238,4159,0,0,0,5215,28564,0,0,0,0,0,0,0,0,0,0,0,0,0,0,0,0,0,0,3172,3749,35844,7411,6652,TCGA-OL-A66P-DX1_xmin30143_ymin20310_MPP-0.2500+74
0,0,0,0,0,0,29970,0,0,0,0,0,0,0,0,0,0,0,0,0,0,0,0,0,20206,0,0,0,0,0,0,29970,0,0,0,0,0,0,0,0,0,0,0,0,0,0,0,0,0,20206,0,0,0,0,0,0,29970,0,0,0,0,0,0,0,0,0,0,0,0,0,0,0,0,0,20206,925,0,29045,0,1455,TCGA-OL-A66P-DX1_xmin30143_ymin20310_MPP-0.2500+75
0,201,0,0,0,0,31066,0,0,0,0,0,0,0,0,0,0,0,0,0,0,0,0,0,18909,0,201,0,0,0,0,31066,0,0,0,0,0,0,0,0,0,0,0,0,0,0,0,0,0,18909,0,201,0,0,0,0,31066,0,0,0,0,0,0,0,0,0,0,0,0,0,0,0,0,0,18909,4021,0,27045,201,3613,TCGA-OL-A66P-DX1_xmin30143_ymin20310_MPP-0.2500+76
40112,0,0,0,0,4733,0,0,0,0,0,0,0,0,0,0,0,0,0,0,0,0,0,0,5331,40112,0,0,0,0,4733,0,0,0,0,0,0,0,0,0,0,0,0,0,0,0,0,0,0,5331,40112,0,0,0,0,4733,0,0,0,0,0,0,0,0,0,0,0,0,0,0,0,0,0,0,5331,5230,1507,35390,2718,7713,TCGA-OL-A66P-DX1_xmin30143_ymin20310_MPP-0.2500+77
32018,0,0,0,0,8564,0,0,0,0,0,0,0,0,0,0,0,0,0,0,0,0,0,0,9594,32018,0,0,0,0,8564,0,0,0,0,0,0,0,0,0,0,0,0,0,0,0,0,0,0,9594,32018,0,0,0,0,8564,0,0,0,0,0,0,0,0,0,0,0,0,0,0,0,0,0,0,9594,4974,1985,27042,6581,8600,TCGA-OL-A66P-DX1_xmin30143_ymin20310_MPP-0.2500+78
47768,0,0,0,0,960,0,0,0,0,0,0,0,0,0,0,0,0,0,0,0,0,0,0,1448,47768,0,0,0,0,960,0,0,0,0,0,0,0,0,0,0,0,0,0,0,0,0,0,0,1448,47768,0,0,0,0,960,0,0,0,0,0,0,0,0,0,0,0,0,0,0,0,0,0,0,1448,6688,131,40757,1152,8339,TCGA-OL-A66P-DX1_xmin30143_ymin20310_MPP-0.2500+79
12012,36208,0,0,0,15,1941,0,0,0,0,0,0,0,0,0,0,0,0,0,0,0,0,0,0,12337,35883,0,0,0,74,1882,0,0,0,0,0,0,0,0,0,0,0,0,0,0,0,0,0,0,12519,35701,0,0,0,125,1831,0,0,0,0,0,0,0,0,0,0,0,0,0,0,0,0,0,0,3401,7042,17930,21803,15747,TCGA-OL-A66P-DX1_xmin30143_ymin20310_MPP-0.2500+8
33760,0,0,0,0,4162,0,0,0,0,0,0,0,0,0,0,0,0,0,0,0,0,0,0,12254,33760,0,0,0,0,4162,0,0,0,0,0,0,0,0,0,0,0,0,0,0,0,0,0,0,12254,33760,0,0,0,0,4162,0,0,0,0,0,0,0,0,0,0,0,0,0,0,0,0,0,0,12254,1059,1332,33116,2415,2168,TCGA-OL-A66P-DX1_xmin30143_ymin20310_MPP-0.2500+80
47205,0,0,0,0,2948,0,0,0,0,0,0,0,0,0,0,0,0,0,0,0,0,0,0,23,47205,0,0,0,0,2948,0,0,0,0,0,0,0,0,0,0,0,0,0,0,0,0,0,0,23,47205,0,0,0,0,2948,0,0,0,0,0,0,0,0,0,0,0,0,0,0,0,0,0,0,23,3949,408,42204,3592,6432,TCGA-OL-A66P-DX1_xmin30143_ymin20310_MPP-0.2500+81
12135,6745,0,0,0,2131,6211,0,0,0,0,0,0,0,0,0,0,0,0,0,0,0,0,0,22954,12460,6420,0,0,0,2171,6171,0,0,0,0,0,0,0,0,0,0,0,0,0,0,0,0,0,22954,12418,6462,0,0,0,1922,6420,0,0,0,0,0,0,0,0,0,0,0,0,0,0,0,0,0,22954,2441,1839,15270,7672,8143,TCGA-OL-A66P-DX1_xmin30143_ymin20310_MPP-0.2500+82
0,19903,0,0,0,0,7674,0,0,0,0,0,0,0,0,0,0,0,0,0,0,0,0,0,22599,0,19903,0,0,0,0,7674,0,0,0,0,0,0,0,0,0,0,0,0,0,0,0,0,0,22599,0,19903,0,0,0,0,7674,0,0,0,0,0,0,0,0,0,0,0,0,0,0,0,0,0,22599,3460,3192,13181,7744,9631,TCGA-OL-A66P-DX1_xmin30143_ymin20310_MPP-0.2500+83
0,262,45,0,0,0,3235,1331,0,0,0,0,0,0,0,0,0,0,0,0,0,0,0,0,45303,0,256,51,0,0,0,3234,1332,0,0,0,0,0,0,0,0,0,0,0,0,0,0,0,0,45303,0,262,45,0,0,0,3354,1212,0,0,0,0,0,0,0,0,0,0,0,0,0,0,0,0,45303,75,914,2560,1324,1331,TCGA-OL-A66P-DX1_xmin30143_ymin20310_MPP-0.2500+84
20654,7128,0,0,0,7239,8327,0,0,0,0,0,0,0,0,0,0,0,0,0,0,0,0,0,6828,20596,7186,0,0,0,7159,8407,0,0,0,0,0,0,0,0,0,0,0,0,0,0,0,0,0,6828,20478,7304,0,0,0,6962,8604,0,0,0,0,0,0,0,0,0,0,0,0,0,0,0,0,0,6828,3184,1858,24248,14058,9153,TCGA-OL-A66P-DX1_xmin30143_ymin20310_MPP-0.2500+85
7015,6400,0,0,0,456,29912,0,0,0,0,0,0,0,0,0,0,0,0,0,0,0,0,0,6393,7007,6408,0,0,0,465,29903,0,0,0,0,0,0,0,0,0,0,0,0,0,0,0,0,0,6393,7100,6315,0,0,0,520,29848,0,0,0,0,0,0,0,0,0,0,0,0,0,0,0,0,0,6393,1150,2890,33061,6682,3483,TCGA-OL-A66P-DX1_xmin30143_ymin20310_MPP-0.2500+86
0,0,0,0,0,0,21237,0,0,0,0,0,0,0,0,0,0,0,0,0,0,0,0,0,28939,0,0,0,0,0,0,21237,0,0,0,0,0,0,0,0,0,0,0,0,0,0,0,0,0,28939,0,0,0,0,0,0,21237,0,0,0,0,0,0,0,0,0,0,0,0,0,0,0,0,0,28939,1900,0,19337,0,1509,TCGA-OL-A66P-DX1_xmin30143_ymin20310_MPP-0.2500+87
12327,2221,0,0,0,277,35351,0,0,0,0,0,0,0,0,0,0,0,0,0,0,0,0,0,0,11976,2572,0,0,0,337,35291,0,0,0,0,0,0,0,0,0,0,0,0,0,0,0,0,0,0,11647,2901,0,0,0,674,34954,0,0,0,0,0,0,0,0,0,0,0,0,0,0,0,0,0,0,7766,3360,29882,9168,15400,TCGA-OL-A66P-DX1_xmin30143_ymin20310_MPP-0.2500+88
50176,0,0,0,0,0,0,0,0,0,0,0,0,0,0,0,0,0,0,0,0,0,0,0,0,50176,0,0,0,0,0,0,0,0,0,0,0,0,0,0,0,0,0,0,0,0,0,0,0,0,50176,0,0,0,0,0,0,0,0,0,0,0,0,0,0,0,0,0,0,0,0,0,0,0,0,2412,0,47520,244,2729,TCGA-OL-A66P-DX1_xmin30143_ymin20310_MPP-0.2500+89
0,27397,3688,0,0,0,9375,1433,0,0,0,3939,3206,0,0,0,0,0,0,0,0,0,0,0,1138,0,27484,3601,0,0,0,9226,1582,0,0,0,4125,3020,0,0,0,0,0,0,0,0,0,0,0,1138,0,27487,3598,0,0,0,9214,1594,0,0,0,4336,2809,0,0,0,0,0,0,0,0,0,0,0,1138,3663,5614,20031,19730,14316,TCGA-OL-A66P-DX1_xmin30143_ymin20310_MPP-0.2500+9
27937,2998,0,0,0,569,3601,0,0,0,0,0,0,0,0,0,0,0,0,0,0,0,0,0,15071,28072,2863,0,0,0,581,3589,0,0,0,0,0,0,0,0,0,0,0,0,0,0,0,0,0,15071,28085,2850,0,0,0,565,3605,0,0,0,0,0,0,0,0,0,0,0,0,0,0,0,0,0,15071,3173,784,28795,2353,6497,TCGA-OL-A66P-DX1_xmin30143_ymin20310_MPP-0.2500+90
384,47627,0,0,0,0,2165,0,0,0,0,0,0,0,0,0,0,0,0,0,0,0,0,0,0,1056,46955,0,0,0,0,2165,0,0,0,0,0,0,0,0,0,0,0,0,0,0,0,0,0,0,1056,46955,0,0,0,0,2165,0,0,0,0,0,0,0,0,0,0,0,0,0,0,0,0,0,0,2277,6963,14181,26755,14024,TCGA-OL-A66P-DX1_xmin30143_ymin20310_MPP-0.2500+91
48295,0,0,0,0,1881,0,0,0,0,0,0,0,0,0,0,0,0,0,0,0,0,0,0,0,48295,0,0,0,0,1881,0,0,0,0,0,0,0,0,0,0,0,0,0,0,0,0,0,0,0,48295,0,0,0,0,1881,0,0,0,0,0,0,0,0,0,0,0,0,0,0,0,0,0,0,0,6184,801,39995,3196,14338,TCGA-OL-A66P-DX1_xmin30143_ymin20310_MPP-0.2500+92
0,8189,0,0,0,0,18809,0,0,0,0,0,0,0,0,0,0,0,0,0,0,0,0,0,23178,0,8189,0,0,0,0,18809,0,0,0,0,0,0,0,0,0,0,0,0,0,0,0,0,0,23178,0,8189,0,0,0,0,18809,0,0,0,0,0,0,0,0,0,0,0,0,0,0,0,0,0,23178,5122,2317,11736,7823,9220,TCGA-OL-A66P-DX1_xmin30143_ymin20310_MPP-0.2500+93
0,4743,0,0,0,0,3131,0,0,0,0,0,0,0,0,0,0,0,0,0,0,0,0,0,42302,0,4743,0,0,0,0,3131,0,0,0,0,0,0,0,0,0,0,0,0,0,0,0,0,0,42302,0,4743,0,0,0,0,3131,0,0,0,0,0,0,0,0,0,0,0,0,0,0,0,0,0,42302,951,757,4021,2145,1544,TCGA-OL-A66P-DX1_xmin30143_ymin20310_MPP-0.2500+94
1870,0,0,0,0,1682,155,0,0,0,0,0,0,0,0,0,0,0,0,0,0,0,0,0,46469,1870,0,0,0,0,1631,206,0,0,0,0,0,0,0,0,0,0,0,0,0,0,0,0,0,46469,1870,0,0,0,0,1609,228,0,0,0,0,0,0,0,0,0,0,0,0,0,0,0,0,0,46469,46,309,1925,1427,373,TCGA-OL-A66P-DX1_xmin30143_ymin20310_MPP-0.2500+95
0,28488,0,0,0,0,7633,0,0,0,0,0,0,0,0,0,0,0,0,0,0,0,0,0,14055,0,28488,0,0,0,0,7633,0,0,0,0,0,0,0,0,0,0,0,0,0,0,0,0,0,14055,0,28488,0,0,0,0,7633,0,0,0,0,0,0,0,0,0,0,0,0,0,0,0,0,0,14055,609,9782,10291,15439,6728,TCGA-OL-A66P-DX1_xmin30143_ymin20310_MPP-0.2500+96
0,601,0,0,0,0,11715,130,0,0,0,0,0,0,0,0,0,0,0,0,0,0,0,0,37730,0,601,0,0,0,0,11787,58,0,0,0,0,0,0,0,0,0,0,0,0,0,0,0,0,37730,0,601,0,0,0,0,11798,47,0,0,0,0,0,0,0,0,0,0,0,0,0,0,0,0,37730,1655,92,10190,509,779,TCGA-OL-A66P-DX1_xmin30143_ymin20310_MPP-0.2500+97
0,16,0,0,0,0,35766,0,0,0,0,0,0,0,0,0,0,0,0,0,0,0,0,0,14394,0,16,0,0,0,0,35766,0,0,0,0,0,0,0,0,0,0,0,0,0,0,0,0,0,14394,0,16,0,0,0,0,35766,0,0,0,0,0,0,0,0,0,0,0,0,0,0,0,0,0,14394,2207,0,33531,44,2748,TCGA-OL-A66P-DX1_xmin30143_ymin20310_MPP-0.2500+98
24477,10598,0,0,0,263,14838,0,0,0,0,0,0,0,0,0,0,0,0,0,0,0,0,0,0,24390,10685,0,0,0,259,14842,0,0,0,0,0,0,0,0,0,0,0,0,0,0,0,0,0,0,23849,11226,0,0,0,259,14842,0,0,0,0,0,0,0,0,0,0,0,0,0,0,0,0,0,0,4664,1337,34129,10046,8886,TCGA-OL-A66P-DX1_xmin30143_ymin20310_MPP-0.2500+99
28653,5040,0,0,0,9,16474,0,0,0,0,0,0,0,0,0,0,0,0,0,0,0,0,0,0,28640,5053,0,0,0,15,16468,0,0,0,0,0,0,0,0,0,0,0,0,0,0,0,0,0,0,28689,5004,0,0,0,22,16461,0,0,0,0,0,0,0,0,0,0,0,0,0,0,0,0,0,0,2368,1574,41344,4890,4796,TCGA-OL-A6VO-DX1_xmin88416_ymin188485_MPP-0.2500+0
14501,20116,0,0,0,1775,13784,0,0,0,0,0,0,0,0,0,0,0,0,0,0,0,0,0,0,14314,20303,0,0,0,1767,13792,0,0,0,0,0,0,0,0,0,0,0,0,0,0,0,0,0,0,14228,20389,0,0,0,1732,13827,0,0,0,0,0,0,0,0,0,0,0,0,0,0,0,0,0,0,2699,8370,26107,13000,8423,TCGA-OL-A6VO-DX1_xmin88416_ymin188485_MPP-0.2500+1
7334,3850,0,0,0,7176,31816,0,0,0,0,0,0,0,0,0,0,0,0,0,0,0,0,0,0,7117,4067,0,0,0,6821,32171,0,0,0,0,0,0,0,0,0,0,0,0,0,0,0,0,0,0,7198,3986,0,0,0,7657,31335,0,0,0,0,0,0,0,0,0,0,0,0,0,0,0,0,0,0,8149,1170,32459,8398,9587,TCGA-OL-A6VO-DX1_xmin88416_ymin188485_MPP-0.2500+10
0,10758,0,0,0,0,38700,0,0,0,0,718,0,0,0,0,0,0,0,0,0,0,0,0,0,0,10758,0,0,0,0,38700,0,0,0,0,718,0,0,0,0,0,0,0,0,0,0,0,0,0,0,10758,0,0,0,0,38700,0,0,0,0,718,0,0,0,0,0,0,0,0,0,0,0,0,0,2128,1711,39860,6477,6287,TCGA-OL-A6VO-DX1_xmin88416_ymin188485_MPP-0.2500+11
28164,8222,0,0,0,2243,11403,0,0,0,0,144,0,0,0,0,0,0,0,0,0,0,0,0,0,28035,8351,0,0,0,2296,11350,0,0,0,0,144,0,0,0,0,0,0,0,0,0,0,0,0,0,28129,8257,0,0,0,2353,11293,0,0,0,0,144,0,0,0,0,0,0,0,0,0,0,0,0,0,6721,1020,36319,6116,3502,TCGA-OL-A6VO-DX1_xmin88416_ymin188485_MPP-0.2500+12
27389,4753,0,0,0,3243,14791,0,0,0,0,0,0,0,0,0,0,0,0,0,0,0,0,0,0,27279,4863,0,0,0,2906,15128,0,0,0,0,0,0,0,0,0,0,0,0,0,0,0,0,0,0,27428,4714,0,0,0,2801,15233,0,0,0,0,0,0,0,0,0,0,0,0,0,0,0,0,0,0,1932,3822,39481,4941,6384,TCGA-OL-A6VO-DX1_xmin88416_ymin188485_MPP-0.2500+13
8798,6182,0,0,0,3108,25805,0,0,0,31,3671,0,0,0,0,0,0,0,0,0,0,0,0,2581,8811,6169,0,0,0,3151,25762,0,0,0,51,3651,0,0,0,0,0,0,0,0,0,0,0,0,2581,8506,6474,0,0,0,2881,26032,0,0,0,50,3652,0,0,0,0,0,0,0,0,0,0,0,0,2581,3637,3895,30774,9289,7692,TCGA-OL-A6VO-DX1_xmin88416_ymin188485_MPP-0.2500+14
0,0,0,0,0,0,23272,6520,0,0,0,9727,10657,0,0,0,0,0,0,0,0,0,0,0,0,0,0,0,0,0,0,24137,5655,0,0,0,10350,10034,0,0,0,0,0,0,0,0,0,0,0,0,0,0,0,0,0,0,24183,5609,0,0,0,10157,10227,0,0,0,0,0,0,0,0,0,0,0,0,2422,3356,30797,13601,9127,TCGA-OL-A6VO-DX1_xmin88416_ymin188485_MPP-0.2500+15
33553,3108,0,0,0,776,12739,0,0,0,0,0,0,0,0,0,0,0,0,0,0,0,0,0,0,33415,3246,0,0,0,796,12719,0,0,0,0,0,0,0,0,0,0,0,0,0,0,0,0,0,0,33376,3285,0,0,0,878,12637,0,0,0,0,0,0,0,0,0,0,0,0,0,0,0,0,0,0,6383,398,41498,1897,5084,TCGA-OL-A6VO-DX1_xmin88416_ymin188485_MPP-0.2500+16
25950,14088,0,0,0,2417,7721,0,0,0,0,0,0,0,0,0,0,0,0,0,0,0,0,0,0,26143,13895,0,0,0,2553,7585,0,0,0,0,0,0,0,0,0,0,0,0,0,0,0,0,0,0,26491,13547,0,0,0,2604,7534,0,0,0,0,0,0,0,0,0,0,0,0,0,0,0,0,0,0,7077,545,36986,5568,6570,TCGA-OL-A6VO-DX1_xmin88416_ymin188485_MPP-0.2500+17
0,6166,0,0,0,0,38361,0,0,0,0,5649,0,0,0,0,0,0,0,0,0,0,0,0,0,0,6166,0,0,0,0,38361,0,0,0,0,5649,0,0,0,0,0,0,0,0,0,0,0,0,0,0,6166,0,0,0,0,38361,0,0,0,0,5649,0,0,0,0,0,0,0,0,0,0,0,0,0,3497,1778,37233,7668,6766,TCGA-OL-A6VO-DX1_xmin88416_ymin188485_MPP-0.2500+18
0,11752,0,0,0,0,20406,0,0,0,0,18018,0,0,0,0,0,0,0,0,0,0,0,0,0,0,11752,0,0,0,0,20406,0,0,0,0,18018,0,0,0,0,0,0,0,0,0,0,0,0,0,0,11752,0,0,0,0,20406,0,0,0,0,18018,0,0,0,0,0,0,0,0,0,0,0,0,0,2603,2592,34138,10843,4607,TCGA-OL-A6VO-DX1_xmin88416_ymin188485_MPP-0.2500+19
50176,0,0,0,0,0,0,0,0,0,0,0,0,0,0,0,0,0,0,0,0,0,0,0,0,50176,0,0,0,0,0,0,0,0,0,0,0,0,0,0,0,0,0,0,0,0,0,0,0,0,50176,0,0,0,0,0,0,0,0,0,0,0,0,0,0,0,0,0,0,0,0,0,0,0,0,4224,0,45768,184,2533,TCGA-OL-A6VO-DX1_xmin88416_ymin188485_MPP-0.2500+2
4009,821,0,0,0,3993,35137,0,0,0,0,6216,0,0,0,0,0,0,0,0,0,0,0,0,0,4041,789,0,0,0,3735,35395,0,0,0,0,6216,0,0,0,0,0,0,0,0,0,0,0,0,0,3922,908,0,0,0,3157,35973,0,0,0,0,6216,0,0,0,0,0,0,0,0,0,0,0,0,0,6402,2317,34330,7127,9936,TCGA-OL-A6VO-DX1_xmin88416_ymin188485_MPP-0.2500+20
19599,9064,0,0,0,4283,17230,0,0,0,0,0,0,0,0,0,0,0,0,0,0,0,0,0,0,19570,9093,0,0,0,4135,17378,0,0,0,0,0,0,0,0,0,0,0,0,0,0,0,0,0,0,19589,9074,0,0,0,4154,17359,0,0,0,0,0,0,0,0,0,0,0,0,0,0,0,0,0,0,4669,4192,32176,9139,6366,TCGA-OL-A6VO-DX1_xmin88416_ymin188485_MPP-0.2500+21
0,2327,0,0,0,0,20676,0,0,0,0,11596,0,0,0,0,0,0,0,0,0,0,0,0,15577,0,2327,0,0,0,0,20676,0,0,0,0,11596,0,0,0,0,0,0,0,0,0,0,0,0,15577,0,2327,0,0,0,0,20676,0,0,0,0,11596,0,0,0,0,0,0,0,0,0,0,0,0,15577,2814,2137,20939,8709,6100,TCGA-OL-A6VO-DX1_xmin88416_ymin188485_MPP-0.2500+22
11970,491,0,0,0,3283,17574,0,0,0,19,8029,0,0,0,0,0,0,0,0,0,0,0,0,8810,11986,475,0,0,0,3248,17609,0,0,0,157,7891,0,0,0,0,0,0,0,0,0,0,0,0,8810,11992,469,0,0,0,3277,17580,0,0,0,264,7784,0,0,0,0,0,0,0,0,0,0,0,0,8810,2404,1601,28288,9073,7052,TCGA-OL-A6VO-DX1_xmin88416_ymin188485_MPP-0.2500+23
18743,20177,0,0,0,3517,7739,0,0,0,0,0,0,0,0,0,0,0,0,0,0,0,0,0,0,18193,20727,0,0,0,3066,8190,0,0,0,0,0,0,0,0,0,0,0,0,0,0,0,0,0,0,19410,19510,0,0,0,3180,8076,0,0,0,0,0,0,0,0,0,0,0,0,0,0,0,0,0,0,2620,6127,27152,14277,7259,TCGA-OL-A6VO-DX1_xmin88416_ymin188485_MPP-0.2500+24
38395,9189,0,0,0,0,2592,0,0,0,0,0,0,0,0,0,0,0,0,0,0,0,0,0,0,38211,9373,0,0,0,0,2592,0,0,0,0,0,0,0,0,0,0,0,0,0,0,0,0,0,0,38633,8951,0,0,0,0,2592,0,0,0,0,0,0,0,0,0,0,0,0,0,0,0,0,0,0,3648,1615,39761,5152,2785,TCGA-OL-A6VO-DX1_xmin88416_ymin188485_MPP-0.2500+25
23457,6386,0,0,0,1556,18777,0,0,0,0,0,0,0,0,0,0,0,0,0,0,0,0,0,0,23338,6505,0,0,0,1556,18777,0,0,0,0,0,0,0,0,0,0,0,0,0,0,0,0,0,0,23304,6539,0,0,0,1556,18777,0,0,0,0,0,0,0,0,0,0,0,0,0,0,0,0,0,0,8022,1180,37831,3143,6359,TCGA-OL-A6VO-DX1_xmin88416_ymin188485_MPP-0.2500+26
0,1762,0,0,0,0,45950,0,0,0,0,2464,0,0,0,0,0,0,0,0,0,0,0,0,0,0,1762,0,0,0,0,45950,0,0,0,0,2464,0,0,0,0,0,0,0,0,0,0,0,0,0,0,1762,0,0,0,0,45950,0,0,0,0,2464,0,0,0,0,0,0,0,0,0,0,0,0,0,7650,1481,33019,8026,10877,TCGA-OL-A6VO-DX1_xmin88416_ymin188485_MPP-0.2500+27
16844,4019,0,0,0,2277,27036,0,0,0,0,0,0,0,0,0,0,0,0,0,0,0,0,0,0,16707,4156,0,0,0,2158,27155,0,0,0,0,0,0,0,0,0,0,0,0,0,0,0,0,0,0,16870,3993,0,0,0,2139,27174,0,0,0,0,0,0,0,0,0,0,0,0,0,0,0,0,0,0,4713,2447,38104,4912,6548,TCGA-OL-A6VO-DX1_xmin88416_ymin188485_MPP-0.2500+28
44545,0,0,0,0,5631,0,0,0,0,0,0,0,0,0,0,0,0,0,0,0,0,0,0,0,44545,0,0,0,0,5631,0,0,0,0,0,0,0,0,0,0,0,0,0,0,0,0,0,0,0,44545,0,0,0,0,5631,0,0,0,0,0,0,0,0,0,0,0,0,0,0,0,0,0,0,0,7943,374,35960,5899,4881,TCGA-OL-A6VO-DX1_xmin88416_ymin188485_MPP-0.2500+29
32229,3782,0,0,0,3401,10764,0,0,0,0,0,0,0,0,0,0,0,0,0,0,0,0,0,0,32353,3658,0,0,0,3392,10773,0,0,0,0,0,0,0,0,0,0,0,0,0,0,0,0,0,0,32409,3602,0,0,0,3531,10634,0,0,0,0,0,0,0,0,0,0,0,0,0,0,0,0,0,0,3035,3699,39568,3874,5949,TCGA-OL-A6VO-DX1_xmin88416_ymin188485_MPP-0.2500+3
34207,0,0,0,0,15969,0,0,0,0,0,0,0,0,0,0,0,0,0,0,0,0,0,0,0,34207,0,0,0,0,15969,0,0,0,0,0,0,0,0,0,0,0,0,0,0,0,0,0,0,0,34207,0,0,0,0,15969,0,0,0,0,0,0,0,0,0,0,0,0,0,0,0,0,0,0,0,3362,4413,34866,7535,5274,TCGA-OL-A6VO-DX1_xmin88416_ymin188485_MPP-0.2500+30
24586,4700,0,0,0,1132,8943,0,0,0,0,4370,0,0,0,0,0,0,0,0,0,0,0,0,6445,24705,4581,0,0,0,1262,8813,0,0,0,0,4370,0,0,0,0,0,0,0,0,0,0,0,0,6445,24523,4763,0,0,0,1208,8867,0,0,0,0,4370,0,0,0,0,0,0,0,0,0,0,0,0,6445,3876,1273,33319,5263,5729,TCGA-OL-A6VO-DX1_xmin88416_ymin188485_MPP-0.2500+31
14247,2058,0,0,0,15036,18835,0,0,0,0,0,0,0,0,0,0,0,0,0,0,0,0,0,0,14144,2161,0,0,0,14768,19103,0,0,0,0,0,0,0,0,0,0,0,0,0,0,0,0,0,0,14203,2102,0,0,0,15337,18534,0,0,0,0,0,0,0,0,0,0,0,0,0,0,0,0,0,0,5711,4755,26224,13486,8581,TCGA-OL-A6VO-DX1_xmin88416_ymin188485_MPP-0.2500+32
42645,3021,0,0,0,85,4425,0,0,0,0,0,0,0,0,0,0,0,0,0,0,0,0,0,0,42364,3302,0,0,0,47,4463,0,0,0,0,0,0,0,0,0,0,0,0,0,0,0,0,0,0,42466,3200,0,0,0,57,4453,0,0,0,0,0,0,0,0,0,0,0,0,0,0,0,0,0,0,6634,1361,40103,2078,4321,TCGA-OL-A6VO-DX1_xmin88416_ymin188485_MPP-0.2500+33
32784,3068,0,0,0,7597,6727,0,0,0,0,0,0,0,0,0,0,0,0,0,0,0,0,0,0,32678,3174,0,0,0,7646,6678,0,0,0,0,0,0,0,0,0,0,0,0,0,0,0,0,0,0,32632,3220,0,0,0,7504,6820,0,0,0,0,0,0,0,0,0,0,0,0,0,0,0,0,0,0,3804,2888,35543,7941,3959,TCGA-OL-A6VO-DX1_xmin88416_ymin188485_MPP-0.2500+34
7812,1438,0,0,0,9722,31204,0,0,0,0,0,0,0,0,0,0,0,0,0,0,0,0,0,0,7770,1480,0,0,0,9057,31869,0,0,0,0,0,0,0,0,0,0,0,0,0,0,0,0,0,0,7799,1451,0,0,0,9006,31920,0,0,0,0,0,0,0,0,0,0,0,0,0,0,0,0,0,0,2453,3858,26041,17824,8921,TCGA-OL-A6VO-DX1_xmin88416_ymin188485_MPP-0.2500+35
7063,1238,0,0,0,38,38796,0,0,0,0,3041,0,0,0,0,0,0,0,0,0,0,0,0,0,6688,1613,0,0,0,0,38834,0,0,0,0,3041,0,0,0,0,0,0,0,0,0,0,0,0,0,6654,1647,0,0,0,0,38834,0,0,0,0,3041,0,0,0,0,0,0,0,0,0,0,0,0,0,7167,1250,36542,5217,7964,TCGA-OL-A6VO-DX1_xmin88416_ymin188485_MPP-0.2500+36
0,16242,0,0,0,0,29854,0,0,0,0,4080,0,0,0,0,0,0,0,0,0,0,0,0,0,0,16242,0,0,0,0,29854,0,0,0,0,4080,0,0,0,0,0,0,0,0,0,0,0,0,0,0,16242,0,0,0,0,29854,0,0,0,0,4080,0,0,0,0,0,0,0,0,0,0,0,0,0,4173,2462,35114,8427,9728,TCGA-OL-A6VO-DX1_xmin88416_ymin188485_MPP-0.2500+37
14854,7604,0,0,0,2621,16731,0,0,0,0,8366,0,0,0,0,0,0,0,0,0,0,0,0,0,14914,7544,0,0,0,2623,16729,0,0,0,0,8366,0,0,0,0,0,0,0,0,0,0,0,0,0,15007,7451,0,0,0,2713,16639,0,0,0,0,8366,0,0,0,0,0,0,0,0,0,0,0,0,0,3455,3408,32455,10858,6582,TCGA-OL-A6VO-DX1_xmin88416_ymin188485_MPP-0.2500+38
16237,8295,0,0,0,3856,16480,0,0,0,0,4847,0,0,0,0,0,0,0,0,0,0,0,0,461,16461,8071,0,0,0,3639,16697,0,0,0,0,4847,0,0,0,0,0,0,0,0,0,0,0,0,461,16564,7968,0,0,0,3630,16706,0,0,0,62,4785,0,0,0,0,0,0,0,0,0,0,0,0,461,2393,4313,32970,10039,5976,TCGA-OL-A6VO-DX1_xmin88416_ymin188485_MPP-0.2500+39
47590,0,0,0,0,2586,0,0,0,0,0,0,0,0,0,0,0,0,0,0,0,0,0,0,0,47590,0,0,0,0,2586,0,0,0,0,0,0,0,0,0,0,0,0,0,0,0,0,0,0,0,47590,0,0,0,0,2586,0,0,0,0,0,0,0,0,0,0,0,0,0,0,0,0,0,0,0,3261,616,45145,1154,4752,TCGA-OL-A6VO-DX1_xmin88416_ymin188485_MPP-0.2500+4
45935,0,0,0,0,4241,0,0,0,0,0,0,0,0,0,0,0,0,0,0,0,0,0,0,0,45935,0,0,0,0,4241,0,0,0,0,0,0,0,0,0,0,0,0,0,0,0,0,0,0,0,45935,0,0,0,0,4241,0,0,0,0,0,0,0,0,0,0,0,0,0,0,0,0,0,0,0,7482,882,34272,7540,4934,TCGA-OL-A6VO-DX1_xmin88416_ymin188485_MPP-0.2500+40
37208,0,0,0,0,12968,0,0,0,0,0,0,0,0,0,0,0,0,0,0,0,0,0,0,0,37208,0,0,0,0,12968,0,0,0,0,0,0,0,0,0,0,0,0,0,0,0,0,0,0,0,37208,0,0,0,0,12968,0,0,0,0,0,0,0,0,0,0,0,0,0,0,0,0,0,0,0,5864,2140,31743,10429,4827,TCGA-OL-A6VO-DX1_xmin88416_ymin188485_MPP-0.2500+41
37075,0,0,0,0,13101,0,0,0,0,0,0,0,0,0,0,0,0,0,0,0,0,0,0,0,37075,0,0,0,0,13101,0,0,0,0,0,0,0,0,0,0,0,0,0,0,0,0,0,0,0,37075,0,0,0,0,13101,0,0,0,0,0,0,0,0,0,0,0,0,0,0,0,0,0,0,0,4139,2434,38262,5341,4107,TCGA-OL-A6VO-DX1_xmin88416_ymin188485_MPP-0.2500+42
38039,0,0,0,0,12137,0,0,0,0,0,0,0,0,0,0,0,0,0,0,0,0,0,0,0,38039,0,0,0,0,12137,0,0,0,0,0,0,0,0,0,0,0,0,0,0,0,0,0,0,0,38039,0,0,0,0,12137,0,0,0,0,0,0,0,0,0,0,0,0,0,0,0,0,0,0,0,4587,5135,35196,5258,2632,TCGA-OL-A6VO-DX1_xmin88416_ymin188485_MPP-0.2500+43
8928,11890,0,0,0,3148,26210,0,0,0,0,0,0,0,0,0,0,0,0,0,0,0,0,0,0,8751,12067,0,0,0,3262,26096,0,0,0,0,0,0,0,0,0,0,0,0,0,0,0,0,0,0,8110,12708,0,0,0,3203,26155,0,0,0,0,0,0,0,0,0,0,0,0,0,0,0,0,0,0,4030,4688,31859,9599,8898,TCGA-OL-A6VO-DX1_xmin88416_ymin188485_MPP-0.2500+44
22907,906,0,0,0,2911,21314,0,0,0,53,2085,0,0,0,0,0,0,0,0,0,0,0,0,0,22895,918,0,0,0,2913,21312,0,0,0,53,2085,0,0,0,0,0,0,0,0,0,0,0,0,0,22917,896,0,0,0,3125,21100,0,0,0,80,2058,0,0,0,0,0,0,0,0,0,0,0,0,0,3330,956,38696,7194,5240,TCGA-OL-A6VO-DX1_xmin88416_ymin188485_MPP-0.2500+45
0,4139,2761,0,0,0,25668,4758,0,0,0,2823,10027,0,0,0,0,0,0,0,0,0,0,0,0,0,5088,1812,0,0,0,26317,4109,0,0,0,3074,9776,0,0,0,0,0,0,0,0,0,0,0,0,0,5229,1671,0,0,0,26421,4005,0,0,0,2959,9891,0,0,0,0,0,0,0,0,0,0,0,0,5031,3955,30711,10479,10927,TCGA-OL-A6VO-DX1_xmin88416_ymin188485_MPP-0.2500+46
45620,0,0,0,0,4556,0,0,0,0,0,0,0,0,0,0,0,0,0,0,0,0,0,0,0,45620,0,0,0,0,4556,0,0,0,0,0,0,0,0,0,0,0,0,0,0,0,0,0,0,0,45620,0,0,0,0,4556,0,0,0,0,0,0,0,0,0,0,0,0,0,0,0,0,0,0,0,4624,2431,40331,2790,3250,TCGA-OL-A6VO-DX1_xmin88416_ymin188485_MPP-0.2500+47
24290,0,0,0,0,25886,0,0,0,0,0,0,0,0,0,0,0,0,0,0,0,0,0,0,0,24290,0,0,0,0,25886,0,0,0,0,0,0,0,0,0,0,0,0,0,0,0,0,0,0,0,24290,0,0,0,0,25886,0,0,0,0,0,0,0,0,0,0,0,0,0,0,0,0,0,0,0,2341,6484,28745,12606,8278,TCGA-OL-A6VO-DX1_xmin88416_ymin188485_MPP-0.2500+48
38010,0,0,0,0,12166,0,0,0,0,0,0,0,0,0,0,0,0,0,0,0,0,0,0,0,38010,0,0,0,0,12166,0,0,0,0,0,0,0,0,0,0,0,0,0,0,0,0,0,0,0,38010,0,0,0,0,12166,0,0,0,0,0,0,0,0,0,0,0,0,0,0,0,0,0,0,0,2729,3551,37695,6201,5135,TCGA-OL-A6VO-DX1_xmin88416_ymin188485_MPP-0.2500+49
15649,13452,0,0,0,1359,17178,0,0,0,0,2538,0,0,0,0,0,0,0,0,0,0,0,0,0,15561,13540,0,0,0,1329,17208,0,0,0,0,2538,0,0,0,0,0,0,0,0,0,0,0,0,0,15850,13251,0,0,0,1398,17139,0,0,0,0,2538,0,0,0,0,0,0,0,0,0,0,0,0,0,3771,4775,32556,9074,8039,TCGA-OL-A6VO-DX1_xmin88416_ymin188485_MPP-0.2500+5
39480,1253,0,0,0,2435,7008,0,0,0,0,0,0,0,0,0,0,0,0,0,0,0,0,0,0,39486,1247,0,0,0,2403,7040,0,0,0,0,0,0,0,0,0,0,0,0,0,0,0,0,0,0,39489,1244,0,0,0,2352,7091,0,0,0,0,0,0,0,0,0,0,0,0,0,0,0,0,0,0,684,1059,45380,3053,1251,TCGA-OL-A6VO-DX1_xmin88416_ymin188485_MPP-0.2500+50
0,4854,1175,0,0,0,14028,3776,0,0,0,2941,23402,0,0,0,0,0,0,0,0,0,0,0,0,0,5020,1009,0,0,0,14270,3534,0,0,0,3405,22938,0,0,0,0,0,0,0,0,0,0,0,0,0,5065,964,0,0,0,14290,3514,0,0,0,3233,23110,0,0,0,0,0,0,0,0,0,0,0,0,10166,4538,26541,8931,10188,TCGA-OL-A6VO-DX1_xmin88416_ymin188485_MPP-0.2500+51
22107,5273,0,0,0,4933,16927,0,0,0,553,383,0,0,0,0,0,0,0,0,0,0,0,0,0,22118,5262,0,0,0,4897,16963,0,0,0,516,420,0,0,0,0,0,0,0,0,0,0,0,0,0,21725,5655,0,0,0,4563,17297,0,0,0,203,733,0,0,0,0,0,0,0,0,0,0,0,0,0,3386,5144,31252,10394,10533,TCGA-OL-A6VO-DX1_xmin88416_ymin188485_MPP-0.2500+52
21921,5379,0,0,0,4547,18329,0,0,0,0,0,0,0,0,0,0,0,0,0,0,0,0,0,0,21514,5786,0,0,0,3802,19074,0,0,0,0,0,0,0,0,0,0,0,0,0,0,0,0,0,0,21595,5705,0,0,0,3881,18995,0,0,0,0,0,0,0,0,0,0,0,0,0,0,0,0,0,0,2602,3797,35058,8719,7269,TCGA-OL-A6VO-DX1_xmin88416_ymin188485_MPP-0.2500+53
36835,0,0,0,0,10779,0,0,0,0,2562,0,0,0,0,0,0,0,0,0,0,0,0,0,0,36835,0,0,0,0,10779,0,0,0,0,2562,0,0,0,0,0,0,0,0,0,0,0,0,0,0,36835,0,0,0,0,10779,0,0,0,0,2562,0,0,0,0,0,0,0,0,0,0,0,0,0,0,2610,2532,36681,8353,3880,TCGA-OL-A6VO-DX1_xmin88416_ymin188485_MPP-0.2500+54
27943,17929,0,0,0,0,3962,0,0,0,0,342,0,0,0,0,0,0,0,0,0,0,0,0,0,27481,18391,0,0,0,0,3962,0,0,0,0,342,0,0,0,0,0,0,0,0,0,0,0,0,0,27702,18170,0,0,0,0,3962,0,0,0,0,342,0,0,0,0,0,0,0,0,0,0,0,0,0,4757,72,37680,7667,7476,TCGA-OL-A6VO-DX1_xmin88416_ymin188485_MPP-0.2500+6
38913,10150,0,0,0,125,988,0,0,0,0,0,0,0,0,0,0,0,0,0,0,0,0,0,0,38402,10661,0,0,0,69,1044,0,0,0,0,0,0,0,0,0,0,0,0,0,0,0,0,0,0,38174,10889,0,0,0,46,1067,0,0,0,0,0,0,0,0,0,0,0,0,0,0,0,0,0,0,5530,504,36666,7476,4052,TCGA-OL-A6VO-DX1_xmin88416_ymin188485_MPP-0.2500+7
13362,2824,0,0,0,5220,19186,0,0,0,0,9584,0,0,0,0,0,0,0,0,0,0,0,0,0,13368,2818,0,0,0,4895,19511,0,0,0,0,9584,0,0,0,0,0,0,0,0,0,0,0,0,0,13369,2817,0,0,0,4786,19620,0,0,0,0,9584,0,0,0,0,0,0,0,0,0,0,0,0,0,1531,4635,30105,13905,3729,TCGA-OL-A6VO-DX1_xmin88416_ymin188485_MPP-0.2500+8
37444,12726,0,0,0,0,6,0,0,0,0,0,0,0,0,0,0,0,0,0,0,0,0,0,0,36838,13332,0,0,0,0,6,0,0,0,0,0,0,0,0,0,0,0,0,0,0,0,0,0,0,36776,13394,0,0,0,0,6,0,0,0,0,0,0,0,0,0,0,0,0,0,0,0,0,0,0,6483,490,35646,7557,5639,TCGA-OL-A6VO-DX1_xmin88416_ymin188485_MPP-0.2500+9
0,0,0,0,0,0,50176,0,0,0,0,0,0,0,0,0,0,0,0,0,0,0,0,0,0,0,0,0,0,0,0,50176,0,0,0,0,0,0,0,0,0,0,0,0,0,0,0,0,0,0,0,0,0,0,0,0,50176,0,0,0,0,0,0,0,0,0,0,0,0,0,0,0,0,0,0,10615,66,35435,4060,10863,TCGA-OL-A97C-DX1_xmin68058_ymin32495_MPP-0.2500+0
0,0,0,0,0,0,50176,0,0,0,0,0,0,0,0,0,0,0,0,0,0,0,0,0,0,0,0,0,0,0,0,50176,0,0,0,0,0,0,0,0,0,0,0,0,0,0,0,0,0,0,0,0,0,0,0,0,50176,0,0,0,0,0,0,0,0,0,0,0,0,0,0,0,0,0,0,6720,11,39624,3821,9036,TCGA-OL-A97C-DX1_xmin68058_ymin32495_MPP-0.2500+1
0,0,0,0,0,0,50176,0,0,0,0,0,0,0,0,0,0,0,0,0,0,0,0,0,0,0,0,0,0,0,0,50176,0,0,0,0,0,0,0,0,0,0,0,0,0,0,0,0,0,0,0,0,0,0,0,0,50176,0,0,0,0,0,0,0,0,0,0,0,0,0,0,0,0,0,0,5826,0,43029,1321,6661,TCGA-OL-A97C-DX1_xmin68058_ymin32495_MPP-0.2500+10
0,0,0,0,0,0,50176,0,0,0,0,0,0,0,0,0,0,0,0,0,0,0,0,0,0,0,0,0,0,0,0,50176,0,0,0,0,0,0,0,0,0,0,0,0,0,0,0,0,0,0,0,0,0,0,0,0,50176,0,0,0,0,0,0,0,0,0,0,0,0,0,0,0,0,0,0,2354,0,47822,0,3259,TCGA-OL-A97C-DX1_xmin68058_ymin32495_MPP-0.2500+100
0,0,0,0,0,0,50176,0,0,0,0,0,0,0,0,0,0,0,0,0,0,0,0,0,0,0,0,0,0,0,0,50176,0,0,0,0,0,0,0,0,0,0,0,0,0,0,0,0,0,0,0,0,0,0,0,0,50176,0,0,0,0,0,0,0,0,0,0,0,0,0,0,0,0,0,0,9025,0,37566,3585,7729,TCGA-OL-A97C-DX1_xmin68058_ymin32495_MPP-0.2500+101
0,0,0,0,0,0,42641,0,0,0,0,0,0,0,0,0,0,0,0,0,0,0,0,0,7535,0,0,0,0,0,0,42641,0,0,0,0,0,0,0,0,0,0,0,0,0,0,0,0,0,7535,0,0,0,0,0,0,42641,0,0,0,0,0,0,0,0,0,0,0,0,0,0,0,0,0,7535,6770,36,32226,3609,6985,TCGA-OL-A97C-DX1_xmin68058_ymin32495_MPP-0.2500+102
0,41,0,0,0,0,48513,0,0,0,0,0,0,0,0,0,0,0,0,0,0,0,0,0,1622,0,41,0,0,0,0,48513,0,0,0,0,0,0,0,0,0,0,0,0,0,0,0,0,0,1622,0,41,0,0,0,0,48513,0,0,0,0,0,0,0,0,0,0,0,0,0,0,0,0,0,1622,9626,131,35347,3450,8542,TCGA-OL-A97C-DX1_xmin68058_ymin32495_MPP-0.2500+103
18364,12809,0,0,0,6457,12546,0,0,0,0,0,0,0,0,0,0,0,0,0,0,0,0,0,0,18440,12733,0,0,0,6694,12309,0,0,0,0,0,0,0,0,0,0,0,0,0,0,0,0,0,0,18483,12690,0,0,0,7005,11998,0,0,0,0,0,0,0,0,0,0,0,0,0,0,0,0,0,0,5326,4074,26121,14655,10567,TCGA-OL-A97C-DX1_xmin68058_ymin32495_MPP-0.2500+104
50176,0,0,0,0,0,0,0,0,0,0,0,0,0,0,0,0,0,0,0,0,0,0,0,0,50176,0,0,0,0,0,0,0,0,0,0,0,0,0,0,0,0,0,0,0,0,0,0,0,0,50176,0,0,0,0,0,0,0,0,0,0,0,0,0,0,0,0,0,0,0,0,0,0,0,0,3026,94,44464,2592,5635,TCGA-OL-A97C-DX1_xmin68058_ymin32495_MPP-0.2500+105
50176,0,0,0,0,0,0,0,0,0,0,0,0,0,0,0,0,0,0,0,0,0,0,0,0,50176,0,0,0,0,0,0,0,0,0,0,0,0,0,0,0,0,0,0,0,0,0,0,0,0,50176,0,0,0,0,0,0,0,0,0,0,0,0,0,0,0,0,0,0,0,0,0,0,0,0,5014,0,45162,0,3166,TCGA-OL-A97C-DX1_xmin68058_ymin32495_MPP-0.2500+106
50176,0,0,0,0,0,0,0,0,0,0,0,0,0,0,0,0,0,0,0,0,0,0,0,0,50176,0,0,0,0,0,0,0,0,0,0,0,0,0,0,0,0,0,0,0,0,0,0,0,0,50176,0,0,0,0,0,0,0,0,0,0,0,0,0,0,0,0,0,0,0,0,0,0,0,0,1498,0,48296,382,849,TCGA-OL-A97C-DX1_xmin68058_ymin32495_MPP-0.2500+107
50029,0,0,0,0,0,0,0,0,0,0,0,0,0,0,0,0,0,0,0,0,0,0,0,147,50029,0,0,0,0,0,0,0,0,0,0,0,0,0,0,0,0,0,0,0,0,0,0,0,147,50029,0,0,0,0,0,0,0,0,0,0,0,0,0,0,0,0,0,0,0,0,0,0,0,147,4592,0,45433,4,4259,TCGA-OL-A97C-DX1_xmin68058_ymin32495_MPP-0.2500+108
29651,0,0,0,0,0,0,0,0,0,0,0,0,0,0,0,0,0,0,0,0,0,0,0,20525,29651,0,0,0,0,0,0,0,0,0,0,0,0,0,0,0,0,0,0,0,0,0,0,0,20525,29651,0,0,0,0,0,0,0,0,0,0,0,0,0,0,0,0,0,0,0,0,0,0,0,20525,2364,0,27287,0,1855,TCGA-OL-A97C-DX1_xmin68058_ymin32495_MPP-0.2500+109
0,0,0,0,0,0,50176,0,0,0,0,0,0,0,0,0,0,0,0,0,0,0,0,0,0,0,0,0,0,0,0,50176,0,0,0,0,0,0,0,0,0,0,0,0,0,0,0,0,0,0,0,0,0,0,0,0,50176,0,0,0,0,0,0,0,0,0,0,0,0,0,0,0,0,0,0,9317,869,33670,6320,13083,TCGA-OL-A97C-DX1_xmin68058_ymin32495_MPP-0.2500+11
2388,4986,0,0,0,0,0,0,0,0,0,0,0,0,0,0,0,0,0,0,0,0,0,0,42802,2757,4617,0,0,0,0,0,0,0,0,0,0,0,0,0,0,0,0,0,0,0,0,0,0,42802,2826,4548,0,0,0,0,0,0,0,0,0,0,0,0,0,0,0,0,0,0,0,0,0,0,42802,7,941,3451,2975,1425,TCGA-OL-A97C-DX1_xmin68058_ymin32495_MPP-0.2500+110
0,0,0,0,0,0,50176,0,0,0,0,0,0,0,0,0,0,0,0,0,0,0,0,0,0,0,0,0,0,0,0,50176,0,0,0,0,0,0,0,0,0,0,0,0,0,0,0,0,0,0,0,0,0,0,0,0,50176,0,0,0,0,0,0,0,0,0,0,0,0,0,0,0,0,0,0,10867,4,35039,4266,12845,TCGA-OL-A97C-DX1_xmin68058_ymin32495_MPP-0.2500+111
0,0,0,0,0,105,44036,0,0,0,0,0,0,0,0,0,0,0,0,0,0,0,0,0,6035,0,0,0,0,0,256,43885,0,0,0,0,0,0,0,0,0,0,0,0,0,0,0,0,0,6035,0,0,0,0,0,256,43885,0,0,0,0,0,0,0,0,0,0,0,0,0,0,0,0,0,6035,6482,1143,29340,7176,6133,TCGA-OL-A97C-DX1_xmin68058_ymin32495_MPP-0.2500+112
0,0,0,0,0,142,25609,0,0,0,0,0,0,0,0,0,0,0,0,0,0,0,0,0,24425,0,0,0,0,0,309,25442,0,0,0,0,0,0,0,0,0,0,0,0,0,0,0,0,0,24425,0,0,0,0,0,213,25538,0,0,0,0,0,0,0,0,0,0,0,0,0,0,0,0,0,24425,4821,473,13518,6939,5662,TCGA-OL-A97C-DX1_xmin68058_ymin32495_MPP-0.2500+113
0,0,0,0,0,0,50176,0,0,0,0,0,0,0,0,0,0,0,0,0,0,0,0,0,0,0,0,0,0,0,0,50176,0,0,0,0,0,0,0,0,0,0,0,0,0,0,0,0,0,0,0,0,0,0,0,0,50176,0,0,0,0,0,0,0,0,0,0,0,0,0,0,0,0,0,0,5592,0,44023,561,5531,TCGA-OL-A97C-DX1_xmin68058_ymin32495_MPP-0.2500+114
0,0,0,0,0,0,50176,0,0,0,0,0,0,0,0,0,0,0,0,0,0,0,0,0,0,0,0,0,0,0,0,50176,0,0,0,0,0,0,0,0,0,0,0,0,0,0,0,0,0,0,0,0,0,0,0,0,50176,0,0,0,0,0,0,0,0,0,0,0,0,0,0,0,0,0,0,4600,0,45576,0,4388,TCGA-OL-A97C-DX1_xmin68058_ymin32495_MPP-0.2500+115
0,0,0,0,0,0,42716,0,0,0,0,0,0,0,0,0,0,0,0,0,0,0,0,0,7460,0,0,0,0,0,0,42716,0,0,0,0,0,0,0,0,0,0,0,0,0,0,0,0,0,7460,0,0,0,0,0,0,42716,0,0,0,0,0,0,0,0,0,0,0,0,0,0,0,0,0,7460,3260,0,39182,274,3487,TCGA-OL-A97C-DX1_xmin68058_ymin32495_MPP-0.2500+116
0,0,0,0,0,0,4581,0,0,0,0,0,0,0,0,0,0,0,0,0,0,0,0,0,45595,0,0,0,0,0,0,4581,0,0,0,0,0,0,0,0,0,0,0,0,0,0,0,0,0,45595,0,0,0,0,0,0,4581,0,0,0,0,0,0,0,0,0,0,0,0,0,0,0,0,0,45595,0,0,4581,0,4,TCGA-OL-A97C-DX1_xmin68058_ymin32495_MPP-0.2500+117
0,0,0,0,0,0,49838,0,0,0,0,0,0,0,0,0,0,0,0,0,0,0,0,0,338,0,0,0,0,0,0,49838,0,0,0,0,0,0,0,0,0,0,0,0,0,0,0,0,0,338,0,0,0,0,0,0,49838,0,0,0,0,0,0,0,0,0,0,0,0,0,0,0,0,0,338,4303,0,44675,860,4305,TCGA-OL-A97C-DX1_xmin68058_ymin32495_MPP-0.2500+118
0,0,0,0,0,0,50176,0,0,0,0,0,0,0,0,0,0,0,0,0,0,0,0,0,0,0,0,0,0,0,0,50176,0,0,0,0,0,0,0,0,0,0,0,0,0,0,0,0,0,0,0,0,0,0,0,0,50176,0,0,0,0,0,0,0,0,0,0,0,0,0,0,0,0,0,0,7290,0,42222,664,5038,TCGA-OL-A97C-DX1_xmin68058_ymin32495_MPP-0.2500+119
0,0,0,0,0,0,46617,0,0,0,0,0,0,0,0,0,0,0,0,0,0,0,0,0,3559,0,0,0,0,0,0,46617,0,0,0,0,0,0,0,0,0,0,0,0,0,0,0,0,0,3559,0,0,0,0,0,0,46617,0,0,0,0,0,0,0,0,0,0,0,0,0,0,0,0,0,3559,7366,12,37284,1955,6612,TCGA-OL-A97C-DX1_xmin68058_ymin32495_MPP-0.2500+12
0,0,0,0,0,0,31630,0,0,0,0,0,0,0,0,0,0,0,0,0,0,0,0,0,18546,0,0,0,0,0,0,31630,0,0,0,0,0,0,0,0,0,0,0,0,0,0,0,0,0,18546,0,0,0,0,0,0,31630,0,0,0,0,0,0,0,0,0,0,0,0,0,0,0,0,0,18546,3229,0,28285,116,3605,TCGA-OL-A97C-DX1_xmin68058_ymin32495_MPP-0.2500+120
0,12012,0,0,0,0,35178,0,0,0,0,0,0,0,0,0,0,0,0,0,0,0,0,0,2986,0,12012,0,0,0,0,35178,0,0,0,0,0,0,0,0,0,0,0,0,0,0,0,0,0,2986,0,12012,0,0,0,0,35178,0,0,0,0,0,0,0,0,0,0,0,0,0,0,0,0,0,2986,6144,1754,35663,3629,11268,TCGA-OL-A97C-DX1_xmin68058_ymin32495_MPP-0.2500+121
50176,0,0,0,0,0,0,0,0,0,0,0,0,0,0,0,0,0,0,0,0,0,0,0,0,50176,0,0,0,0,0,0,0,0,0,0,0,0,0,0,0,0,0,0,0,0,0,0,0,0,50176,0,0,0,0,0,0,0,0,0,0,0,0,0,0,0,0,0,0,0,0,0,0,0,0,3705,39,43958,2474,6826,TCGA-OL-A97C-DX1_xmin68058_ymin32495_MPP-0.2500+122
50176,0,0,0,0,0,0,0,0,0,0,0,0,0,0,0,0,0,0,0,0,0,0,0,0,50176,0,0,0,0,0,0,0,0,0,0,0,0,0,0,0,0,0,0,0,0,0,0,0,0,50176,0,0,0,0,0,0,0,0,0,0,0,0,0,0,0,0,0,0,0,0,0,0,0,0,1755,0,48263,158,529,TCGA-OL-A97C-DX1_xmin68058_ymin32495_MPP-0.2500+123
50176,0,0,0,0,0,0,0,0,0,0,0,0,0,0,0,0,0,0,0,0,0,0,0,0,50176,0,0,0,0,0,0,0,0,0,0,0,0,0,0,0,0,0,0,0,0,0,0,0,0,50176,0,0,0,0,0,0,0,0,0,0,0,0,0,0,0,0,0,0,0,0,0,0,0,0,2268,0,47908,0,2854,TCGA-OL-A97C-DX1_xmin68058_ymin32495_MPP-0.2500+124
49981,0,0,0,0,0,0,0,0,0,0,0,0,0,0,0,0,0,0,0,0,0,0,0,195,49981,0,0,0,0,0,0,0,0,0,0,0,0,0,0,0,0,0,0,0,0,0,0,0,195,49981,0,0,0,0,0,0,0,0,0,0,0,0,0,0,0,0,0,0,0,0,0,0,0,195,3933,0,46048,0,5483,TCGA-OL-A97C-DX1_xmin68058_ymin32495_MPP-0.2500+125
17383,0,0,0,0,0,0,0,0,0,0,0,0,0,0,0,0,0,0,0,0,0,0,0,32793,17383,0,0,0,0,0,0,0,0,0,0,0,0,0,0,0,0,0,0,0,0,0,0,0,32793,17383,0,0,0,0,0,0,0,0,0,0,0,0,0,0,0,0,0,0,0,0,0,0,0,32793,2177,0,14954,252,1843,TCGA-OL-A97C-DX1_xmin68058_ymin32495_MPP-0.2500+126
0,0,0,0,0,0,44388,0,0,0,0,0,0,0,0,0,0,0,0,0,0,0,0,0,5788,0,0,0,0,0,0,44388,0,0,0,0,0,0,0,0,0,0,0,0,0,0,0,0,0,5788,0,0,0,0,0,0,44388,0,0,0,0,0,0,0,0,0,0,0,0,0,0,0,0,0,5788,6059,325,33746,4258,6891,TCGA-OL-A97C-DX1_xmin68058_ymin32495_MPP-0.2500+127
0,0,0,0,0,0,50176,0,0,0,0,0,0,0,0,0,0,0,0,0,0,0,0,0,0,0,0,0,0,0,0,50176,0,0,0,0,0,0,0,0,0,0,0,0,0,0,0,0,0,0,0,0,0,0,0,0,50176,0,0,0,0,0,0,0,0,0,0,0,0,0,0,0,0,0,0,3853,0,46323,0,4004,TCGA-OL-A97C-DX1_xmin68058_ymin32495_MPP-0.2500+128
0,0,0,0,0,0,47250,0,0,0,0,0,0,0,0,0,0,0,0,0,0,0,0,0,2926,0,0,0,0,0,0,47250,0,0,0,0,0,0,0,0,0,0,0,0,0,0,0,0,0,2926,0,0,0,0,0,0,47250,0,0,0,0,0,0,0,0,0,0,0,0,0,0,0,0,0,2926,5510,0,41740,0,5240,TCGA-OL-A97C-DX1_xmin68058_ymin32495_MPP-0.2500+129
0,0,0,0,0,0,26056,0,0,0,0,0,0,0,0,0,0,0,0,0,0,0,0,0,24120,0,0,0,0,0,0,26056,0,0,0,0,0,0,0,0,0,0,0,0,0,0,0,0,0,24120,0,0,0,0,0,0,26056,0,0,0,0,0,0,0,0,0,0,0,0,0,0,0,0,0,24120,5217,0,19723,1116,5961,TCGA-OL-A97C-DX1_xmin68058_ymin32495_MPP-0.2500+13
0,0,0,0,0,0,36647,0,0,0,0,0,0,0,0,0,0,0,0,0,0,0,0,0,13529,0,0,0,0,0,0,36647,0,0,0,0,0,0,0,0,0,0,0,0,0,0,0,0,0,13529,0,0,0,0,0,0,36647,0,0,0,0,0,0,0,0,0,0,0,0,0,0,0,0,0,13529,2635,0,33612,400,3766,TCGA-OL-A97C-DX1_xmin68058_ymin32495_MPP-0.2500+130
0,0,0,0,0,0,36978,0,0,0,0,0,0,0,0,0,0,0,0,0,0,0,0,0,13198,0,0,0,0,0,0,36978,0,0,0,0,0,0,0,0,0,0,0,0,0,0,0,0,0,13198,0,0,0,0,0,0,36978,0,0,0,0,0,0,0,0,0,0,0,0,0,0,0,0,0,13198,5486,0,31104,388,3878,TCGA-OL-A97C-DX1_xmin68058_ymin32495_MPP-0.2500+131
0,0,0,0,0,0,50176,0,0,0,0,0,0,0,0,0,0,0,0,0,0,0,0,0,0,0,0,0,0,0,0,50176,0,0,0,0,0,0,0,0,0,0,0,0,0,0,0,0,0,0,0,0,0,0,0,0,50176,0,0,0,0,0,0,0,0,0,0,0,0,0,0,0,0,0,0,4978,0,43161,2037,5179,TCGA-OL-A97C-DX1_xmin68058_ymin32495_MPP-0.2500+132
0,0,0,0,0,0,50176,0,0,0,0,0,0,0,0,0,0,0,0,0,0,0,0,0,0,0,0,0,0,0,0,50176,0,0,0,0,0,0,0,0,0,0,0,0,0,0,0,0,0,0,0,0,0,0,0,0,50176,0,0,0,0,0,0,0,0,0,0,0,0,0,0,0,0,0,0,4700,0,45421,55,4635,TCGA-OL-A97C-DX1_xmin68058_ymin32495_MPP-0.2500+133
0,0,0,0,0,0,50176,0,0,0,0,0,0,0,0,0,0,0,0,0,0,0,0,0,0,0,0,0,0,0,0,50176,0,0,0,0,0,0,0,0,0,0,0,0,0,0,0,0,0,0,0,0,0,0,0,0,50176,0,0,0,0,0,0,0,0,0,0,0,0,0,0,0,0,0,0,9885,0,34932,5359,8376,TCGA-OL-A97C-DX1_xmin68058_ymin32495_MPP-0.2500+134
0,34489,0,0,0,0,15687,0,0,0,0,0,0,0,0,0,0,0,0,0,0,0,0,0,0,32,34457,0,0,0,0,15687,0,0,0,0,0,0,0,0,0,0,0,0,0,0,0,0,0,0,32,34457,0,0,0,0,15687,0,0,0,0,0,0,0,0,0,0,0,0,0,0,0,0,0,0,4116,1845,39242,4973,12581,TCGA-OL-A97C-DX1_xmin68058_ymin32495_MPP-0.2500+135
50176,0,0,0,0,0,0,0,0,0,0,0,0,0,0,0,0,0,0,0,0,0,0,0,0,50176,0,0,0,0,0,0,0,0,0,0,0,0,0,0,0,0,0,0,0,0,0,0,0,0,50176,0,0,0,0,0,0,0,0,0,0,0,0,0,0,0,0,0,0,0,0,0,0,0,0,2956,0,47220,0,1374,TCGA-OL-A97C-DX1_xmin68058_ymin32495_MPP-0.2500+136
50176,0,0,0,0,0,0,0,0,0,0,0,0,0,0,0,0,0,0,0,0,0,0,0,0,50176,0,0,0,0,0,0,0,0,0,0,0,0,0,0,0,0,0,0,0,0,0,0,0,0,50176,0,0,0,0,0,0,0,0,0,0,0,0,0,0,0,0,0,0,0,0,0,0,0,0,2598,0,47321,257,2241,TCGA-OL-A97C-DX1_xmin68058_ymin32495_MPP-0.2500+137
50176,0,0,0,0,0,0,0,0,0,0,0,0,0,0,0,0,0,0,0,0,0,0,0,0,50176,0,0,0,0,0,0,0,0,0,0,0,0,0,0,0,0,0,0,0,0,0,0,0,0,50176,0,0,0,0,0,0,0,0,0,0,0,0,0,0,0,0,0,0,0,0,0,0,0,0,1835,0,48341,0,1347,TCGA-OL-A97C-DX1_xmin68058_ymin32495_MPP-0.2500+138
23230,0,0,0,0,0,0,0,0,0,0,0,0,0,0,0,0,0,0,0,0,0,0,0,26946,23230,0,0,0,0,0,0,0,0,0,0,0,0,0,0,0,0,0,0,0,0,0,0,0,26946,23230,0,0,0,0,0,0,0,0,0,0,0,0,0,0,0,0,0,0,0,0,0,0,0,26946,529,0,22329,372,308,TCGA-OL-A97C-DX1_xmin68058_ymin32495_MPP-0.2500+139
0,0,0,0,0,0,49249,0,0,0,0,0,0,0,0,0,0,0,0,0,0,0,0,0,927,0,0,0,0,0,0,49249,0,0,0,0,0,0,0,0,0,0,0,0,0,0,0,0,0,927,0,0,0,0,0,0,49249,0,0,0,0,0,0,0,0,0,0,0,0,0,0,0,0,0,927,9456,1535,29249,9009,11085,TCGA-OL-A97C-DX1_xmin68058_ymin32495_MPP-0.2500+14
0,0,0,0,0,0,49648,0,0,0,0,0,0,0,0,0,0,0,0,0,0,0,0,0,528,0,0,0,0,0,0,49648,0,0,0,0,0,0,0,0,0,0,0,0,0,0,0,0,0,528,0,0,0,0,0,0,49648,0,0,0,0,0,0,0,0,0,0,0,0,0,0,0,0,0,528,4127,0,45521,0,4370,TCGA-OL-A97C-DX1_xmin68058_ymin32495_MPP-0.2500+140
0,0,0,0,0,0,41308,0,0,0,0,0,0,0,0,0,0,0,0,0,0,0,0,0,8868,0,0,0,0,0,0,41308,0,0,0,0,0,0,0,0,0,0,0,0,0,0,0,0,0,8868,0,0,0,0,0,0,41308,0,0,0,0,0,0,0,0,0,0,0,0,0,0,0,0,0,8868,7384,0,33924,0,5909,TCGA-OL-A97C-DX1_xmin68058_ymin32495_MPP-0.2500+141
0,0,0,0,0,0,50176,0,0,0,0,0,0,0,0,0,0,0,0,0,0,0,0,0,0,0,0,0,0,0,0,50176,0,0,0,0,0,0,0,0,0,0,0,0,0,0,0,0,0,0,0,0,0,0,0,0,50176,0,0,0,0,0,0,0,0,0,0,0,0,0,0,0,0,0,0,6455,0,43575,146,6048,TCGA-OL-A97C-DX1_xmin68058_ymin32495_MPP-0.2500+142
0,0,0,0,0,0,50176,0,0,0,0,0,0,0,0,0,0,0,0,0,0,0,0,0,0,0,0,0,0,0,0,50176,0,0,0,0,0,0,0,0,0,0,0,0,0,0,0,0,0,0,0,0,0,0,0,0,50176,0,0,0,0,0,0,0,0,0,0,0,0,0,0,0,0,0,0,3373,0,46803,0,3528,TCGA-OL-A97C-DX1_xmin68058_ymin32495_MPP-0.2500+143
0,0,0,0,0,0,50176,0,0,0,0,0,0,0,0,0,0,0,0,0,0,0,0,0,0,0,0,0,0,0,0,50176,0,0,0,0,0,0,0,0,0,0,0,0,0,0,0,0,0,0,0,0,0,0,0,0,50176,0,0,0,0,0,0,0,0,0,0,0,0,0,0,0,0,0,0,5179,0,44997,0,3583,TCGA-OL-A97C-DX1_xmin68058_ymin32495_MPP-0.2500+144
1,8925,0,0,0,0,41250,0,0,0,0,0,0,0,0,0,0,0,0,0,0,0,0,0,0,1,8925,0,0,0,0,41250,0,0,0,0,0,0,0,0,0,0,0,0,0,0,0,0,0,0,1,8925,0,0,0,0,41250,0,0,0,0,0,0,0,0,0,0,0,0,0,0,0,0,0,0,7541,764,37050,4821,6250,TCGA-OL-A97C-DX1_xmin68058_ymin32495_MPP-0.2500+145
49370,0,0,0,0,806,0,0,0,0,0,0,0,0,0,0,0,0,0,0,0,0,0,0,0,49370,0,0,0,0,806,0,0,0,0,0,0,0,0,0,0,0,0,0,0,0,0,0,0,0,49370,0,0,0,0,806,0,0,0,0,0,0,0,0,0,0,0,0,0,0,0,0,0,0,0,1556,1545,43005,4070,6666,TCGA-OL-A97C-DX1_xmin68058_ymin32495_MPP-0.2500+146
50176,0,0,0,0,0,0,0,0,0,0,0,0,0,0,0,0,0,0,0,0,0,0,0,0,50176,0,0,0,0,0,0,0,0,0,0,0,0,0,0,0,0,0,0,0,0,0,0,0,0,50176,0,0,0,0,0,0,0,0,0,0,0,0,0,0,0,0,0,0,0,0,0,0,0,0,964,0,49212,0,546,TCGA-OL-A97C-DX1_xmin68058_ymin32495_MPP-0.2500+147
50176,0,0,0,0,0,0,0,0,0,0,0,0,0,0,0,0,0,0,0,0,0,0,0,0,50176,0,0,0,0,0,0,0,0,0,0,0,0,0,0,0,0,0,0,0,0,0,0,0,0,50176,0,0,0,0,0,0,0,0,0,0,0,0,0,0,0,0,0,0,0,0,0,0,0,0,1642,0,48534,0,2209,TCGA-OL-A97C-DX1_xmin68058_ymin32495_MPP-0.2500+148
29974,0,0,0,0,0,0,0,0,0,0,0,0,0,0,0,0,0,0,0,0,0,0,0,20202,29974,0,0,0,0,0,0,0,0,0,0,0,0,0,0,0,0,0,0,0,0,0,0,0,20202,29974,0,0,0,0,0,0,0,0,0,0,0,0,0,0,0,0,0,0,0,0,0,0,0,20202,1919,0,27804,251,3008,TCGA-OL-A97C-DX1_xmin68058_ymin32495_MPP-0.2500+149
0,0,0,0,0,0,50176,0,0,0,0,0,0,0,0,0,0,0,0,0,0,0,0,0,0,0,0,0,0,0,0,50176,0,0,0,0,0,0,0,0,0,0,0,0,0,0,0,0,0,0,0,0,0,0,0,0,50176,0,0,0,0,0,0,0,0,0,0,0,0,0,0,0,0,0,0,4106,0,45193,877,3978,TCGA-OL-A97C-DX1_xmin68058_ymin32495_MPP-0.2500+15
0,0,0,0,0,0,50176,0,0,0,0,0,0,0,0,0,0,0,0,0,0,0,0,0,0,0,0,0,0,0,0,50176,0,0,0,0,0,0,0,0,0,0,0,0,0,0,0,0,0,0,0,0,0,0,0,0,50176,0,0,0,0,0,0,0,0,0,0,0,0,0,0,0,0,0,0,8812,0,41293,71,7999,TCGA-OL-A97C-DX1_xmin68058_ymin32495_MPP-0.2500+150
0,0,0,0,0,0,48559,0,0,0,0,0,0,0,0,0,0,0,0,0,0,0,0,0,1617,0,0,0,0,0,0,48559,0,0,0,0,0,0,0,0,0,0,0,0,0,0,0,0,0,1617,0,0,0,0,0,0,48559,0,0,0,0,0,0,0,0,0,0,0,0,0,0,0,0,0,1617,4727,0,43832,0,4654,TCGA-OL-A97C-DX1_xmin68058_ymin32495_MPP-0.2500+151
0,0,0,0,0,0,50176,0,0,0,0,0,0,0,0,0,0,0,0,0,0,0,0,0,0,0,0,0,0,0,0,50176,0,0,0,0,0,0,0,0,0,0,0,0,0,0,0,0,0,0,0,0,0,0,0,0,50176,0,0,0,0,0,0,0,0,0,0,0,0,0,0,0,0,0,0,2222,0,47954,0,2544,TCGA-OL-A97C-DX1_xmin68058_ymin32495_MPP-0.2500+152
0,0,0,0,0,0,50176,0,0,0,0,0,0,0,0,0,0,0,0,0,0,0,0,0,0,0,0,0,0,0,0,50176,0,0,0,0,0,0,0,0,0,0,0,0,0,0,0,0,0,0,0,0,0,0,0,0,50176,0,0,0,0,0,0,0,0,0,0,0,0,0,0,0,0,0,0,5334,0,43736,1106,6220,TCGA-OL-A97C-DX1_xmin68058_ymin32495_MPP-0.2500+153
20620,6113,0,0,0,157,23286,0,0,0,0,0,0,0,0,0,0,0,0,0,0,0,0,0,0,20370,6363,0,0,0,176,23267,0,0,0,0,0,0,0,0,0,0,0,0,0,0,0,0,0,0,19423,7310,0,0,0,242,23201,0,0,0,0,0,0,0,0,0,0,0,0,0,0,0,0,0,0,7695,641,38228,3612,9334,TCGA-OL-A97C-DX1_xmin68058_ymin32495_MPP-0.2500+154
50176,0,0,0,0,0,0,0,0,0,0,0,0,0,0,0,0,0,0,0,0,0,0,0,0,50176,0,0,0,0,0,0,0,0,0,0,0,0,0,0,0,0,0,0,0,0,0,0,0,0,50176,0,0,0,0,0,0,0,0,0,0,0,0,0,0,0,0,0,0,0,0,0,0,0,0,2680,0,45913,1583,3728,TCGA-OL-A97C-DX1_xmin68058_ymin32495_MPP-0.2500+155
50176,0,0,0,0,0,0,0,0,0,0,0,0,0,0,0,0,0,0,0,0,0,0,0,0,50176,0,0,0,0,0,0,0,0,0,0,0,0,0,0,0,0,0,0,0,0,0,0,0,0,50176,0,0,0,0,0,0,0,0,0,0,0,0,0,0,0,0,0,0,0,0,0,0,0,0,608,0,49451,117,1647,TCGA-OL-A97C-DX1_xmin68058_ymin32495_MPP-0.2500+156
50176,0,0,0,0,0,0,0,0,0,0,0,0,0,0,0,0,0,0,0,0,0,0,0,0,50176,0,0,0,0,0,0,0,0,0,0,0,0,0,0,0,0,0,0,0,0,0,0,0,0,50176,0,0,0,0,0,0,0,0,0,0,0,0,0,0,0,0,0,0,0,0,0,0,0,0,4866,0,45183,127,2746,TCGA-OL-A97C-DX1_xmin68058_ymin32495_MPP-0.2500+157
5976,1767,0,0,0,0,0,0,0,0,0,0,0,0,0,0,0,0,0,0,0,0,0,0,42433,5919,1824,0,0,0,0,0,0,0,0,0,0,0,0,0,0,0,0,0,0,0,0,0,0,42433,5954,1789,0,0,0,0,0,0,0,0,0,0,0,0,0,0,0,0,0,0,0,0,0,0,42433,652,0,7091,0,494,TCGA-OL-A97C-DX1_xmin68058_ymin32495_MPP-0.2500+158
0,0,0,0,0,0,33851,0,0,0,0,0,0,0,0,0,0,0,0,0,0,0,0,0,16325,0,0,0,0,0,0,33851,0,0,0,0,0,0,0,0,0,0,0,0,0,0,0,0,0,16325,0,0,0,0,0,0,33851,0,0,0,0,0,0,0,0,0,0,0,0,0,0,0,0,0,16325,682,0,33169,0,552,TCGA-OL-A97C-DX1_xmin68058_ymin32495_MPP-0.2500+159
0,0,0,0,0,0,50176,0,0,0,0,0,0,0,0,0,0,0,0,0,0,0,0,0,0,0,0,0,0,0,0,50176,0,0,0,0,0,0,0,0,0,0,0,0,0,0,0,0,0,0,0,0,0,0,0,0,50176,0,0,0,0,0,0,0,0,0,0,0,0,0,0,0,0,0,0,4085,0,46091,0,3513,TCGA-OL-A97C-DX1_xmin68058_ymin32495_MPP-0.2500+16
0,0,0,0,0,0,36396,0,0,0,0,0,0,0,0,0,0,0,0,0,0,0,0,0,13780,0,0,0,0,0,0,36396,0,0,0,0,0,0,0,0,0,0,0,0,0,0,0,0,0,13780,0,0,0,0,0,0,36396,0,0,0,0,0,0,0,0,0,0,0,0,0,0,0,0,0,13780,2440,0,33956,0,2116,TCGA-OL-A97C-DX1_xmin68058_ymin32495_MPP-0.2500+160
11234,7469,0,0,0,740,30733,0,0,0,0,0,0,0,0,0,0,0,0,0,0,0,0,0,0,11982,6721,0,0,0,936,30537,0,0,0,0,0,0,0,0,0,0,0,0,0,0,0,0,0,0,11915,6788,0,0,0,1057,30416,0,0,0,0,0,0,0,0,0,0,0,0,0,0,0,0,0,0,3729,3859,35495,7093,11736,TCGA-OL-A97C-DX1_xmin68058_ymin32495_MPP-0.2500+161
50176,0,0,0,0,0,0,0,0,0,0,0,0,0,0,0,0,0,0,0,0,0,0,0,0,50176,0,0,0,0,0,0,0,0,0,0,0,0,0,0,0,0,0,0,0,0,0,0,0,0,50176,0,0,0,0,0,0,0,0,0,0,0,0,0,0,0,0,0,0,0,0,0,0,0,0,2365,0,47811,0,1584,TCGA-OL-A97C-DX1_xmin68058_ymin32495_MPP-0.2500+162
50176,0,0,0,0,0,0,0,0,0,0,0,0,0,0,0,0,0,0,0,0,0,0,0,0,50176,0,0,0,0,0,0,0,0,0,0,0,0,0,0,0,0,0,0,0,0,0,0,0,0,50176,0,0,0,0,0,0,0,0,0,0,0,0,0,0,0,0,0,0,0,0,0,0,0,0,892,0,49284,0,895,TCGA-OL-A97C-DX1_xmin68058_ymin32495_MPP-0.2500+163
50176,0,0,0,0,0,0,0,0,0,0,0,0,0,0,0,0,0,0,0,0,0,0,0,0,50176,0,0,0,0,0,0,0,0,0,0,0,0,0,0,0,0,0,0,0,0,0,0,0,0,50176,0,0,0,0,0,0,0,0,0,0,0,0,0,0,0,0,0,0,0,0,0,0,0,0,951,0,49225,0,1240,TCGA-OL-A97C-DX1_xmin68058_ymin32495_MPP-0.2500+164
5449,0,0,0,0,0,0,0,0,0,0,0,0,0,0,0,0,0,0,0,0,0,0,0,44727,5449,0,0,0,0,0,0,0,0,0,0,0,0,0,0,0,0,0,0,0,0,0,0,0,44727,5449,0,0,0,0,0,0,0,0,0,0,0,0,0,0,0,0,0,0,0,0,0,0,0,44727,146,0,5281,22,306,TCGA-OL-A97C-DX1_xmin68058_ymin32495_MPP-0.2500+165
7475,1841,0,0,0,3929,36931,0,0,0,0,0,0,0,0,0,0,0,0,0,0,0,0,0,0,7185,2131,0,0,0,3923,36937,0,0,0,0,0,0,0,0,0,0,0,0,0,0,0,0,0,0,6438,2878,0,0,0,3571,37289,0,0,0,0,0,0,0,0,0,0,0,0,0,0,0,0,0,0,6083,1809,37743,4541,6599,TCGA-OL-A97C-DX1_xmin68058_ymin32495_MPP-0.2500+166
50176,0,0,0,0,0,0,0,0,0,0,0,0,0,0,0,0,0,0,0,0,0,0,0,0,50176,0,0,0,0,0,0,0,0,0,0,0,0,0,0,0,0,0,0,0,0,0,0,0,0,50176,0,0,0,0,0,0,0,0,0,0,0,0,0,0,0,0,0,0,0,0,0,0,0,0,2342,0,47834,0,2411,TCGA-OL-A97C-DX1_xmin68058_ymin32495_MPP-0.2500+167
50176,0,0,0,0,0,0,0,0,0,0,0,0,0,0,0,0,0,0,0,0,0,0,0,0,50176,0,0,0,0,0,0,0,0,0,0,0,0,0,0,0,0,0,0,0,0,0,0,0,0,50176,0,0,0,0,0,0,0,0,0,0,0,0,0,0,0,0,0,0,0,0,0,0,0,0,1157,0,48944,75,1226,TCGA-OL-A97C-DX1_xmin68058_ymin32495_MPP-0.2500+168
49378,0,0,0,0,0,0,0,0,0,0,0,0,0,0,0,0,0,0,0,0,0,0,0,798,49378,0,0,0,0,0,0,0,0,0,0,0,0,0,0,0,0,0,0,0,0,0,0,0,798,49378,0,0,0,0,0,0,0,0,0,0,0,0,0,0,0,0,0,0,0,0,0,0,0,798,368,0,49010,0,620,TCGA-OL-A97C-DX1_xmin68058_ymin32495_MPP-0.2500+169
0,0,0,0,0,0,50176,0,0,0,0,0,0,0,0,0,0,0,0,0,0,0,0,0,0,0,0,0,0,0,0,50176,0,0,0,0,0,0,0,0,0,0,0,0,0,0,0,0,0,0,0,0,0,0,0,0,50176,0,0,0,0,0,0,0,0,0,0,0,0,0,0,0,0,0,0,4990,0,45186,0,3085,TCGA-OL-A97C-DX1_xmin68058_ymin32495_MPP-0.2500+17
220,144,0,0,0,0,0,0,0,0,0,0,0,0,0,0,0,0,0,0,0,0,0,0,49812,217,147,0,0,0,0,0,0,0,0,0,0,0,0,0,0,0,0,0,0,0,0,0,0,49812,221,143,0,0,0,0,0,0,0,0,0,0,0,0,0,0,0,0,0,0,0,0,0,0,49812,48,0,260,56,84,TCGA-OL-A97C-DX1_xmin68058_ymin32495_MPP-0.2500+170
49904,0,0,0,0,272,0,0,0,0,0,0,0,0,0,0,0,0,0,0,0,0,0,0,0,49904,0,0,0,0,272,0,0,0,0,0,0,0,0,0,0,0,0,0,0,0,0,0,0,0,49904,0,0,0,0,272,0,0,0,0,0,0,0,0,0,0,0,0,0,0,0,0,0,0,0,3761,237,41017,5161,7272,TCGA-OL-A97C-DX1_xmin68058_ymin32495_MPP-0.2500+171
50176,0,0,0,0,0,0,0,0,0,0,0,0,0,0,0,0,0,0,0,0,0,0,0,0,50176,0,0,0,0,0,0,0,0,0,0,0,0,0,0,0,0,0,0,0,0,0,0,0,0,50176,0,0,0,0,0,0,0,0,0,0,0,0,0,0,0,0,0,0,0,0,0,0,0,0,729,0,49447,0,778,TCGA-OL-A97C-DX1_xmin68058_ymin32495_MPP-0.2500+172
50176,0,0,0,0,0,0,0,0,0,0,0,0,0,0,0,0,0,0,0,0,0,0,0,0,50176,0,0,0,0,0,0,0,0,0,0,0,0,0,0,0,0,0,0,0,0,0,0,0,0,50176,0,0,0,0,0,0,0,0,0,0,0,0,0,0,0,0,0,0,0,0,0,0,0,0,235,0,49941,0,1804,TCGA-OL-A97C-DX1_xmin68058_ymin32495_MPP-0.2500+173
13338,0,0,0,0,7,0,0,0,0,0,0,0,0,0,0,0,0,0,0,0,0,0,0,36831,13338,0,0,0,0,7,0,0,0,0,0,0,0,0,0,0,0,0,0,0,0,0,0,0,36831,13338,0,0,0,0,7,0,0,0,0,0,0,0,0,0,0,0,0,0,0,0,0,0,0,36831,579,0,12759,7,652,TCGA-OL-A97C-DX1_xmin68058_ymin32495_MPP-0.2500+174
50176,0,0,0,0,0,0,0,0,0,0,0,0,0,0,0,0,0,0,0,0,0,0,0,0,50176,0,0,0,0,0,0,0,0,0,0,0,0,0,0,0,0,0,0,0,0,0,0,0,0,50176,0,0,0,0,0,0,0,0,0,0,0,0,0,0,0,0,0,0,0,0,0,0,0,0,3204,0,46546,426,4808,TCGA-OL-A97C-DX1_xmin68058_ymin32495_MPP-0.2500+175
45333,0,0,0,0,0,0,0,0,0,0,0,0,0,0,0,0,0,0,0,0,0,0,0,4843,45333,0,0,0,0,0,0,0,0,0,0,0,0,0,0,0,0,0,0,0,0,0,0,0,4843,45333,0,0,0,0,0,0,0,0,0,0,0,0,0,0,0,0,0,0,0,0,0,0,0,4843,223,0,45110,0,832,TCGA-OL-A97C-DX1_xmin68058_ymin32495_MPP-0.2500+176
0,0,0,0,0,0,23038,0,0,0,0,0,0,0,0,0,0,0,0,0,0,0,0,0,27138,0,0,0,0,0,0,23038,0,0,0,0,0,0,0,0,0,0,0,0,0,0,0,0,0,27138,0,0,0,0,0,0,23038,0,0,0,0,0,0,0,0,0,0,0,0,0,0,0,0,0,27138,1276,0,21361,401,864,TCGA-OL-A97C-DX1_xmin68058_ymin32495_MPP-0.2500+18
0,0,0,0,0,128,50048,0,0,0,0,0,0,0,0,0,0,0,0,0,0,0,0,0,0,0,0,0,0,0,0,50176,0,0,0,0,0,0,0,0,0,0,0,0,0,0,0,0,0,0,0,0,0,0,0,0,50176,0,0,0,0,0,0,0,0,0,0,0,0,0,0,0,0,0,0,3762,2157,30143,14114,13867,TCGA-OL-A97C-DX1_xmin68058_ymin32495_MPP-0.2500+19
0,0,0,0,0,0,50176,0,0,0,0,0,0,0,0,0,0,0,0,0,0,0,0,0,0,0,0,0,0,0,0,50176,0,0,0,0,0,0,0,0,0,0,0,0,0,0,0,0,0,0,0,0,0,0,0,0,50176,0,0,0,0,0,0,0,0,0,0,0,0,0,0,0,0,0,0,3063,0,47113,0,2969,TCGA-OL-A97C-DX1_xmin68058_ymin32495_MPP-0.2500+2
0,0,0,0,0,0,50176,0,0,0,0,0,0,0,0,0,0,0,0,0,0,0,0,0,0,0,0,0,0,0,0,50176,0,0,0,0,0,0,0,0,0,0,0,0,0,0,0,0,0,0,0,0,0,0,0,0,50176,0,0,0,0,0,0,0,0,0,0,0,0,0,0,0,0,0,0,7876,1103,33975,7222,12980,TCGA-OL-A97C-DX1_xmin68058_ymin32495_MPP-0.2500+20
0,0,0,0,0,0,50176,0,0,0,0,0,0,0,0,0,0,0,0,0,0,0,0,0,0,0,0,0,0,0,0,50176,0,0,0,0,0,0,0,0,0,0,0,0,0,0,0,0,0,0,0,0,0,0,0,0,50176,0,0,0,0,0,0,0,0,0,0,0,0,0,0,0,0,0,0,12065,8,35442,2661,7520,TCGA-OL-A97C-DX1_xmin68058_ymin32495_MPP-0.2500+21
0,0,0,0,0,0,50176,0,0,0,0,0,0,0,0,0,0,0,0,0,0,0,0,0,0,0,0,0,0,0,0,50176,0,0,0,0,0,0,0,0,0,0,0,0,0,0,0,0,0,0,0,0,0,0,0,0,50176,0,0,0,0,0,0,0,0,0,0,0,0,0,0,0,0,0,0,9362,0,40317,497,6473,TCGA-OL-A97C-DX1_xmin68058_ymin32495_MPP-0.2500+22
0,0,0,0,0,0,50176,0,0,0,0,0,0,0,0,0,0,0,0,0,0,0,0,0,0,0,0,0,0,0,0,50176,0,0,0,0,0,0,0,0,0,0,0,0,0,0,0,0,0,0,0,0,0,0,0,0,50176,0,0,0,0,0,0,0,0,0,0,0,0,0,0,0,0,0,0,9705,59,37718,2694,10610,TCGA-OL-A97C-DX1_xmin68058_ymin32495_MPP-0.2500+23
0,0,0,0,0,0,50176,0,0,0,0,0,0,0,0,0,0,0,0,0,0,0,0,0,0,0,0,0,0,0,0,50176,0,0,0,0,0,0,0,0,0,0,0,0,0,0,0,0,0,0,0,0,0,0,0,0,50176,0,0,0,0,0,0,0,0,0,0,0,0,0,0,0,0,0,0,4108,0,46068,0,2340,TCGA-OL-A97C-DX1_xmin68058_ymin32495_MPP-0.2500+24
0,0,0,0,0,0,50176,0,0,0,0,0,0,0,0,0,0,0,0,0,0,0,0,0,0,0,0,0,0,0,0,50176,0,0,0,0,0,0,0,0,0,0,0,0,0,0,0,0,0,0,0,0,0,0,0,0,50176,0,0,0,0,0,0,0,0,0,0,0,0,0,0,0,0,0,0,1918,0,48258,0,1557,TCGA-OL-A97C-DX1_xmin68058_ymin32495_MPP-0.2500+25
0,0,0,0,0,0,50176,0,0,0,0,0,0,0,0,0,0,0,0,0,0,0,0,0,0,0,0,0,0,0,0,50176,0,0,0,0,0,0,0,0,0,0,0,0,0,0,0,0,0,0,0,0,0,0,0,0,50176,0,0,0,0,0,0,0,0,0,0,0,0,0,0,0,0,0,0,4194,0,44878,1104,4522,TCGA-OL-A97C-DX1_xmin68058_ymin32495_MPP-0.2500+26
0,0,0,0,0,2246,44874,0,0,0,0,0,0,0,0,0,0,0,0,0,0,0,0,0,3056,0,0,0,0,0,2149,44971,0,0,0,0,0,0,0,0,0,0,0,0,0,0,0,0,0,3056,0,0,0,0,0,2021,45099,0,0,0,0,0,0,0,0,0,0,0,0,0,0,0,0,0,3056,3008,0,42618,1494,4225,TCGA-OL-A97C-DX1_xmin68058_ymin32495_MPP-0.2500+27
0,0,0,0,0,0,50176,0,0,0,0,0,0,0,0,0,0,0,0,0,0,0,0,0,0,0,0,0,0,0,0,50176,0,0,0,0,0,0,0,0,0,0,0,0,0,0,0,0,0,0,0,0,0,0,0,0,50176,0,0,0,0,0,0,0,0,0,0,0,0,0,0,0,0,0,0,9993,0,37508,2675,10484,TCGA-OL-A97C-DX1_xmin68058_ymin32495_MPP-0.2500+28
0,0,0,0,0,0,50176,0,0,0,0,0,0,0,0,0,0,0,0,0,0,0,0,0,0,0,0,0,0,0,1,50175,0,0,0,0,0,0,0,0,0,0,0,0,0,0,0,0,0,0,0,0,0,0,0,0,50176,0,0,0,0,0,0,0,0,0,0,0,0,0,0,0,0,0,0,10229,0,38245,1702,14395,TCGA-OL-A97C-DX1_xmin68058_ymin32495_MPP-0.2500+29
0,0,0,0,0,0,50176,0,0,0,0,0,0,0,0,0,0,0,0,0,0,0,0,0,0,0,0,0,0,0,0,50176,0,0,0,0,0,0,0,0,0,0,0,0,0,0,0,0,0,0,0,0,0,0,0,0,50176,0,0,0,0,0,0,0,0,0,0,0,0,0,0,0,0,0,0,5811,0,44365,0,6552,TCGA-OL-A97C-DX1_xmin68058_ymin32495_MPP-0.2500+3
0,0,0,0,0,0,50176,0,0,0,0,0,0,0,0,0,0,0,0,0,0,0,0,0,0,0,0,0,0,0,0,50176,0,0,0,0,0,0,0,0,0,0,0,0,0,0,0,0,0,0,0,0,0,0,0,0,50176,0,0,0,0,0,0,0,0,0,0,0,0,0,0,0,0,0,0,7338,1284,33434,8120,9879,TCGA-OL-A97C-DX1_xmin68058_ymin32495_MPP-0.2500+30
0,0,0,0,0,0,50176,0,0,0,0,0,0,0,0,0,0,0,0,0,0,0,0,0,0,0,0,0,0,0,0,50176,0,0,0,0,0,0,0,0,0,0,0,0,0,0,0,0,0,0,0,0,0,0,0,0,50176,0,0,0,0,0,0,0,0,0,0,0,0,0,0,0,0,0,0,7541,581,33960,8094,14023,TCGA-OL-A97C-DX1_xmin68058_ymin32495_MPP-0.2500+31
0,0,0,0,0,0,50176,0,0,0,0,0,0,0,0,0,0,0,0,0,0,0,0,0,0,0,0,0,0,0,0,50176,0,0,0,0,0,0,0,0,0,0,0,0,0,0,0,0,0,0,0,0,0,0,0,0,50176,0,0,0,0,0,0,0,0,0,0,0,0,0,0,0,0,0,0,4638,0,45042,496,5232,TCGA-OL-A97C-DX1_xmin68058_ymin32495_MPP-0.2500+32
0,0,0,0,0,0,50176,0,0,0,0,0,0,0,0,0,0,0,0,0,0,0,0,0,0,0,0,0,0,0,0,50176,0,0,0,0,0,0,0,0,0,0,0,0,0,0,0,0,0,0,0,0,0,0,0,0,50176,0,0,0,0,0,0,0,0,0,0,0,0,0,0,0,0,0,0,5211,0,44770,195,4863,TCGA-OL-A97C-DX1_xmin68058_ymin32495_MPP-0.2500+33
0,0,0,0,0,0,50176,0,0,0,0,0,0,0,0,0,0,0,0,0,0,0,0,0,0,0,0,0,0,0,0,50176,0,0,0,0,0,0,0,0,0,0,0,0,0,0,0,0,0,0,0,0,0,0,0,0,50176,0,0,0,0,0,0,0,0,0,0,0,0,0,0,0,0,0,0,4532,0,44553,1091,4129,TCGA-OL-A97C-DX1_xmin68058_ymin32495_MPP-0.2500+34
0,0,0,0,0,0,50176,0,0,0,0,0,0,0,0,0,0,0,0,0,0,0,0,0,0,0,0,0,0,0,0,50176,0,0,0,0,0,0,0,0,0,0,0,0,0,0,0,0,0,0,0,0,0,0,0,0,50176,0,0,0,0,0,0,0,0,0,0,0,0,0,0,0,0,0,0,2241,0,47935,0,1950,TCGA-OL-A97C-DX1_xmin68058_ymin32495_MPP-0.2500+35
0,0,0,0,0,0,50176,0,0,0,0,0,0,0,0,0,0,0,0,0,0,0,0,0,0,0,0,0,0,0,0,50176,0,0,0,0,0,0,0,0,0,0,0,0,0,0,0,0,0,0,0,0,0,0,0,0,50176,0,0,0,0,0,0,0,0,0,0,0,0,0,0,0,0,0,0,5994,0,43805,377,3134,TCGA-OL-A97C-DX1_xmin68058_ymin32495_MPP-0.2500+36
0,0,0,0,0,0,50176,0,0,0,0,0,0,0,0,0,0,0,0,0,0,0,0,0,0,0,0,0,0,0,0,50176,0,0,0,0,0,0,0,0,0,0,0,0,0,0,0,0,0,0,0,0,0,0,0,0,50176,0,0,0,0,0,0,0,0,0,0,0,0,0,0,0,0,0,0,2737,0,47439,0,2755,TCGA-OL-A97C-DX1_xmin68058_ymin32495_MPP-0.2500+37
0,0,0,0,0,0,50176,0,0,0,0,0,0,0,0,0,0,0,0,0,0,0,0,0,0,0,0,0,0,0,0,50176,0,0,0,0,0,0,0,0,0,0,0,0,0,0,0,0,0,0,0,0,0,0,0,0,50176,0,0,0,0,0,0,0,0,0,0,0,0,0,0,0,0,0,0,8407,0,41196,573,6330,TCGA-OL-A97C-DX1_xmin68058_ymin32495_MPP-0.2500+38
0,0,0,0,0,0,50176,0,0,0,0,0,0,0,0,0,0,0,0,0,0,0,0,0,0,0,0,0,0,0,0,50176,0,0,0,0,0,0,0,0,0,0,0,0,0,0,0,0,0,0,0,0,0,0,0,0,50176,0,0,0,0,0,0,0,0,0,0,0,0,0,0,0,0,0,0,7138,0,42829,209,6180,TCGA-OL-A97C-DX1_xmin68058_ymin32495_MPP-0.2500+39
0,0,0,0,0,0,50176,0,0,0,0,0,0,0,0,0,0,0,0,0,0,0,0,0,0,0,0,0,0,0,0,50176,0,0,0,0,0,0,0,0,0,0,0,0,0,0,0,0,0,0,0,0,0,0,0,0,50176,0,0,0,0,0,0,0,0,0,0,0,0,0,0,0,0,0,0,8659,974,32648,7895,12185,TCGA-OL-A97C-DX1_xmin68058_ymin32495_MPP-0.2500+4
0,0,0,0,0,0,50176,0,0,0,0,0,0,0,0,0,0,0,0,0,0,0,0,0,0,0,0,0,0,0,0,50176,0,0,0,0,0,0,0,0,0,0,0,0,0,0,0,0,0,0,0,0,0,0,0,0,50176,0,0,0,0,0,0,0,0,0,0,0,0,0,0,0,0,0,0,9395,35,35673,5073,10546,TCGA-OL-A97C-DX1_xmin68058_ymin32495_MPP-0.2500+40
0,0,0,0,0,0,50176,0,0,0,0,0,0,0,0,0,0,0,0,0,0,0,0,0,0,0,0,0,0,0,0,50176,0,0,0,0,0,0,0,0,0,0,0,0,0,0,0,0,0,0,0,0,0,0,0,0,50176,0,0,0,0,0,0,0,0,0,0,0,0,0,0,0,0,0,0,6876,1416,29919,11965,8959,TCGA-OL-A97C-DX1_xmin68058_ymin32495_MPP-0.2500+41
11848,9925,0,0,0,37,28366,0,0,0,0,0,0,0,0,0,0,0,0,0,0,0,0,0,0,12031,9742,0,0,0,158,28245,0,0,0,0,0,0,0,0,0,0,0,0,0,0,0,0,0,0,11948,9825,0,0,0,174,28229,0,0,0,0,0,0,0,0,0,0,0,0,0,0,0,0,0,0,11294,1336,29770,7776,10966,TCGA-OL-A97C-DX1_xmin68058_ymin32495_MPP-0.2500+42
0,0,0,0,0,0,50176,0,0,0,0,0,0,0,0,0,0,0,0,0,0,0,0,0,0,0,0,0,0,0,0,50176,0,0,0,0,0,0,0,0,0,0,0,0,0,0,0,0,0,0,0,0,0,0,0,0,50176,0,0,0,0,0,0,0,0,0,0,0,0,0,0,0,0,0,0,5664,0,44402,110,5976,TCGA-OL-A97C-DX1_xmin68058_ymin32495_MPP-0.2500+43
0,0,0,0,0,0,50176,0,0,0,0,0,0,0,0,0,0,0,0,0,0,0,0,0,0,0,0,0,0,0,0,50176,0,0,0,0,0,0,0,0,0,0,0,0,0,0,0,0,0,0,0,0,0,0,0,0,50176,0,0,0,0,0,0,0,0,0,0,0,0,0,0,0,0,0,0,8341,0,36735,5100,9769,TCGA-OL-A97C-DX1_xmin68058_ymin32495_MPP-0.2500+44
0,0,0,0,0,0,50176,0,0,0,0,0,0,0,0,0,0,0,0,0,0,0,0,0,0,0,0,0,0,0,0,50176,0,0,0,0,0,0,0,0,0,0,0,0,0,0,0,0,0,0,0,0,0,0,0,0,50176,0,0,0,0,0,0,0,0,0,0,0,0,0,0,0,0,0,0,4569,0,45607,0,5201,TCGA-OL-A97C-DX1_xmin68058_ymin32495_MPP-0.2500+45
0,0,0,0,0,0,50176,0,0,0,0,0,0,0,0,0,0,0,0,0,0,0,0,0,0,0,0,0,0,0,0,50176,0,0,0,0,0,0,0,0,0,0,0,0,0,0,0,0,0,0,0,0,0,0,0,0,50176,0,0,0,0,0,0,0,0,0,0,0,0,0,0,0,0,0,0,5687,0,44489,0,5763,TCGA-OL-A97C-DX1_xmin68058_ymin32495_MPP-0.2500+46
0,0,0,0,0,0,50176,0,0,0,0,0,0,0,0,0,0,0,0,0,0,0,0,0,0,0,0,0,0,0,0,50176,0,0,0,0,0,0,0,0,0,0,0,0,0,0,0,0,0,0,0,0,0,0,0,0,50176,0,0,0,0,0,0,0,0,0,0,0,0,0,0,0,0,0,0,6520,0,43128,528,4723,TCGA-OL-A97C-DX1_xmin68058_ymin32495_MPP-0.2500+47
0,0,0,0,0,0,44773,0,0,0,0,0,0,0,0,0,0,0,0,0,0,0,0,0,5403,0,0,0,0,0,0,44773,0,0,0,0,0,0,0,0,0,0,0,0,0,0,0,0,0,5403,0,0,0,0,0,0,44773,0,0,0,0,0,0,0,0,0,0,0,0,0,0,0,0,0,5403,5558,0,39123,92,3634,TCGA-OL-A97C-DX1_xmin68058_ymin32495_MPP-0.2500+48
0,0,0,0,0,0,50176,0,0,0,0,0,0,0,0,0,0,0,0,0,0,0,0,0,0,0,0,0,0,0,0,50176,0,0,0,0,0,0,0,0,0,0,0,0,0,0,0,0,0,0,0,0,0,0,0,0,50176,0,0,0,0,0,0,0,0,0,0,0,0,0,0,0,0,0,0,4604,0,45471,101,4755,TCGA-OL-A97C-DX1_xmin68058_ymin32495_MPP-0.2500+49
0,0,0,0,0,0,50176,0,0,0,0,0,0,0,0,0,0,0,0,0,0,0,0,0,0,0,0,0,0,0,0,50176,0,0,0,0,0,0,0,0,0,0,0,0,0,0,0,0,0,0,0,0,0,0,0,0,50176,0,0,0,0,0,0,0,0,0,0,0,0,0,0,0,0,0,0,7745,0,41013,1418,6679,TCGA-OL-A97C-DX1_xmin68058_ymin32495_MPP-0.2500+5
0,0,0,0,0,0,45686,0,0,0,0,0,0,0,0,0,0,0,0,0,0,0,0,0,4490,0,0,0,0,0,0,45686,0,0,0,0,0,0,0,0,0,0,0,0,0,0,0,0,0,4490,0,0,0,0,0,0,45686,0,0,0,0,0,0,0,0,0,0,0,0,0,0,0,0,0,4490,3040,0,42646,0,2681,TCGA-OL-A97C-DX1_xmin68058_ymin32495_MPP-0.2500+50
0,0,0,0,0,0,33844,0,0,0,0,0,0,0,0,0,0,0,0,0,0,0,0,0,16332,0,0,0,0,0,0,33844,0,0,0,0,0,0,0,0,0,0,0,0,0,0,0,0,0,16332,0,0,0,0,0,0,33844,0,0,0,0,0,0,0,0,0,0,0,0,0,0,0,0,0,16332,3354,0,30490,0,2896,TCGA-OL-A97C-DX1_xmin68058_ymin32495_MPP-0.2500+51
0,0,0,0,0,0,50176,0,0,0,0,0,0,0,0,0,0,0,0,0,0,0,0,0,0,0,0,0,0,0,0,50176,0,0,0,0,0,0,0,0,0,0,0,0,0,0,0,0,0,0,0,0,0,0,0,0,50176,0,0,0,0,0,0,0,0,0,0,0,0,0,0,0,0,0,0,8423,0,41488,265,6207,TCGA-OL-A97C-DX1_xmin68058_ymin32495_MPP-0.2500+52
0,0,0,0,0,0,50176,0,0,0,0,0,0,0,0,0,0,0,0,0,0,0,0,0,0,0,0,0,0,0,0,50176,0,0,0,0,0,0,0,0,0,0,0,0,0,0,0,0,0,0,0,0,0,0,0,0,50176,0,0,0,0,0,0,0,0,0,0,0,0,0,0,0,0,0,0,8159,0,41329,688,8525,TCGA-OL-A97C-DX1_xmin68058_ymin32495_MPP-0.2500+53
1,368,0,0,0,0,49807,0,0,0,0,0,0,0,0,0,0,0,0,0,0,0,0,0,0,1,368,0,0,0,0,49807,0,0,0,0,0,0,0,0,0,0,0,0,0,0,0,0,0,0,0,369,0,0,0,0,49807,0,0,0,0,0,0,0,0,0,0,0,0,0,0,0,0,0,0,8873,0,37476,3827,8897,TCGA-OL-A97C-DX1_xmin68058_ymin32495_MPP-0.2500+54
18794,2252,0,0,0,1060,28070,0,0,0,0,0,0,0,0,0,0,0,0,0,0,0,0,0,0,18605,2441,0,0,0,990,28140,0,0,0,0,0,0,0,0,0,0,0,0,0,0,0,0,0,0,18574,2472,0,0,0,1393,27737,0,0,0,0,0,0,0,0,0,0,0,0,0,0,0,0,0,0,8071,360,38516,3229,10458,TCGA-OL-A97C-DX1_xmin68058_ymin32495_MPP-0.2500+55
47402,0,0,0,0,2774,0,0,0,0,0,0,0,0,0,0,0,0,0,0,0,0,0,0,0,47402,0,0,0,0,2774,0,0,0,0,0,0,0,0,0,0,0,0,0,0,0,0,0,0,0,47402,0,0,0,0,2774,0,0,0,0,0,0,0,0,0,0,0,0,0,0,0,0,0,0,0,3914,1517,38322,6423,9886,TCGA-OL-A97C-DX1_xmin68058_ymin32495_MPP-0.2500+56
50176,0,0,0,0,0,0,0,0,0,0,0,0,0,0,0,0,0,0,0,0,0,0,0,0,50176,0,0,0,0,0,0,0,0,0,0,0,0,0,0,0,0,0,0,0,0,0,0,0,0,50176,0,0,0,0,0,0,0,0,0,0,0,0,0,0,0,0,0,0,0,0,0,0,0,0,3943,0,45635,598,4083,TCGA-OL-A97C-DX1_xmin68058_ymin32495_MPP-0.2500+57
0,0,0,0,0,0,50176,0,0,0,0,0,0,0,0,0,0,0,0,0,0,0,0,0,0,0,0,0,0,0,0,50176,0,0,0,0,0,0,0,0,0,0,0,0,0,0,0,0,0,0,0,0,0,0,0,0,50176,0,0,0,0,0,0,0,0,0,0,0,0,0,0,0,0,0,0,4356,0,45791,29,6278,TCGA-OL-A97C-DX1_xmin68058_ymin32495_MPP-0.2500+58
0,0,0,0,0,0,50176,0,0,0,0,0,0,0,0,0,0,0,0,0,0,0,0,0,0,0,0,0,0,0,0,50176,0,0,0,0,0,0,0,0,0,0,0,0,0,0,0,0,0,0,0,0,0,0,0,0,50176,0,0,0,0,0,0,0,0,0,0,0,0,0,0,0,0,0,0,11458,7,35919,2792,13163,TCGA-OL-A97C-DX1_xmin68058_ymin32495_MPP-0.2500+59
0,0,0,0,0,0,47540,0,0,0,0,0,0,0,0,0,0,0,0,0,0,0,0,0,2636,0,0,0,0,0,0,47540,0,0,0,0,0,0,0,0,0,0,0,0,0,0,0,0,0,2636,0,0,0,0,0,0,47540,0,0,0,0,0,0,0,0,0,0,0,0,0,0,0,0,0,2636,9540,12,34551,3437,11784,TCGA-OL-A97C-DX1_xmin68058_ymin32495_MPP-0.2500+6
0,0,0,0,0,0,50176,0,0,0,0,0,0,0,0,0,0,0,0,0,0,0,0,0,0,0,0,0,0,0,0,50176,0,0,0,0,0,0,0,0,0,0,0,0,0,0,0,0,0,0,0,0,0,0,0,0,50176,0,0,0,0,0,0,0,0,0,0,0,0,0,0,0,0,0,0,6997,0,43179,0,4400,TCGA-OL-A97C-DX1_xmin68058_ymin32495_MPP-0.2500+60
0,0,0,0,0,0,50176,0,0,0,0,0,0,0,0,0,0,0,0,0,0,0,0,0,0,0,0,0,0,0,0,50176,0,0,0,0,0,0,0,0,0,0,0,0,0,0,0,0,0,0,0,0,0,0,0,0,50176,0,0,0,0,0,0,0,0,0,0,0,0,0,0,0,0,0,0,3874,0,46302,0,4760,TCGA-OL-A97C-DX1_xmin68058_ymin32495_MPP-0.2500+61
0,0,0,0,0,0,50176,0,0,0,0,0,0,0,0,0,0,0,0,0,0,0,0,0,0,0,0,0,0,0,0,50176,0,0,0,0,0,0,0,0,0,0,0,0,0,0,0,0,0,0,0,0,0,0,0,0,50176,0,0,0,0,0,0,0,0,0,0,0,0,0,0,0,0,0,0,4595,0,45581,0,4936,TCGA-OL-A97C-DX1_xmin68058_ymin32495_MPP-0.2500+62
0,0,0,0,0,0,50176,0,0,0,0,0,0,0,0,0,0,0,0,0,0,0,0,0,0,0,0,0,0,0,0,50176,0,0,0,0,0,0,0,0,0,0,0,0,0,0,0,0,0,0,0,0,0,0,0,0,50176,0,0,0,0,0,0,0,0,0,0,0,0,0,0,0,0,0,0,6223,0,43953,0,4960,TCGA-OL-A97C-DX1_xmin68058_ymin32495_MPP-0.2500+63
0,0,0,0,0,0,50176,0,0,0,0,0,0,0,0,0,0,0,0,0,0,0,0,0,0,0,0,0,0,0,0,50176,0,0,0,0,0,0,0,0,0,0,0,0,0,0,0,0,0,0,0,0,0,0,0,0,50176,0,0,0,0,0,0,0,0,0,0,0,0,0,0,0,0,0,0,4429,0,45747,0,4951,TCGA-OL-A97C-DX1_xmin68058_ymin32495_MPP-0.2500+64
0,0,0,0,0,0,40281,0,0,0,0,0,0,0,0,0,0,0,0,0,0,0,0,0,9895,0,0,0,0,0,0,40281,0,0,0,0,0,0,0,0,0,0,0,0,0,0,0,0,0,9895,0,0,0,0,0,0,40281,0,0,0,0,0,0,0,0,0,0,0,0,0,0,0,0,0,9895,3858,0,36423,0,1764,TCGA-OL-A97C-DX1_xmin68058_ymin32495_MPP-0.2500+65
0,0,0,0,0,0,43046,0,0,0,0,0,0,0,0,0,0,0,0,0,0,0,0,0,7130,0,0,0,0,0,0,43046,0,0,0,0,0,0,0,0,0,0,0,0,0,0,0,0,0,7130,0,0,0,0,0,0,43046,0,0,0,0,0,0,0,0,0,0,0,0,0,0,0,0,0,7130,5577,0,35519,1950,6173,TCGA-OL-A97C-DX1_xmin68058_ymin32495_MPP-0.2500+66
0,0,0,0,0,0,50176,0,0,0,0,0,0,0,0,0,0,0,0,0,0,0,0,0,0,0,0,0,0,0,0,50176,0,0,0,0,0,0,0,0,0,0,0,0,0,0,0,0,0,0,0,0,0,0,0,0,50176,0,0,0,0,0,0,0,0,0,0,0,0,0,0,0,0,0,0,6024,0,41931,2221,4439,TCGA-OL-A97C-DX1_xmin68058_ymin32495_MPP-0.2500+67
0,396,0,0,0,0,49780,0,0,0,0,0,0,0,0,0,0,0,0,0,0,0,0,0,0,0,396,0,0,0,0,49780,0,0,0,0,0,0,0,0,0,0,0,0,0,0,0,0,0,0,0,396,0,0,0,0,49780,0,0,0,0,0,0,0,0,0,0,0,0,0,0,0,0,0,0,7401,555,28974,13246,13432,TCGA-OL-A97C-DX1_xmin68058_ymin32495_MPP-0.2500+68
4,31667,0,0,0,0,18505,0,0,0,0,0,0,0,0,0,0,0,0,0,0,0,0,0,0,32,31639,0,0,0,0,18505,0,0,0,0,0,0,0,0,0,0,0,0,0,0,0,0,0,0,4,31667,0,0,0,0,18505,0,0,0,0,0,0,0,0,0,0,0,0,0,0,0,0,0,0,4242,3541,26982,15411,11138,TCGA-OL-A97C-DX1_xmin68058_ymin32495_MPP-0.2500+69
0,0,0,0,0,0,50176,0,0,0,0,0,0,0,0,0,0,0,0,0,0,0,0,0,0,0,0,0,0,0,0,50176,0,0,0,0,0,0,0,0,0,0,0,0,0,0,0,0,0,0,0,0,0,0,0,0,50176,0,0,0,0,0,0,0,0,0,0,0,0,0,0,0,0,0,0,7975,0,42030,171,8259,TCGA-OL-A97C-DX1_xmin68058_ymin32495_MPP-0.2500+7
50176,0,0,0,0,0,0,0,0,0,0,0,0,0,0,0,0,0,0,0,0,0,0,0,0,50176,0,0,0,0,0,0,0,0,0,0,0,0,0,0,0,0,0,0,0,0,0,0,0,0,50176,0,0,0,0,0,0,0,0,0,0,0,0,0,0,0,0,0,0,0,0,0,0,0,0,4285,0,43751,2140,4963,TCGA-OL-A97C-DX1_xmin68058_ymin32495_MPP-0.2500+70
50176,0,0,0,0,0,0,0,0,0,0,0,0,0,0,0,0,0,0,0,0,0,0,0,0,50176,0,0,0,0,0,0,0,0,0,0,0,0,0,0,0,0,0,0,0,0,0,0,0,0,50176,0,0,0,0,0,0,0,0,0,0,0,0,0,0,0,0,0,0,0,0,0,0,0,0,1239,0,48937,0,1581,TCGA-OL-A97C-DX1_xmin68058_ymin32495_MPP-0.2500+71
50176,0,0,0,0,0,0,0,0,0,0,0,0,0,0,0,0,0,0,0,0,0,0,0,0,50176,0,0,0,0,0,0,0,0,0,0,0,0,0,0,0,0,0,0,0,0,0,0,0,0,50176,0,0,0,0,0,0,0,0,0,0,0,0,0,0,0,0,0,0,0,0,0,0,0,0,2696,46,46120,1314,2627,TCGA-OL-A97C-DX1_xmin68058_ymin32495_MPP-0.2500+72
50176,0,0,0,0,0,0,0,0,0,0,0,0,0,0,0,0,0,0,0,0,0,0,0,0,50176,0,0,0,0,0,0,0,0,0,0,0,0,0,0,0,0,0,0,0,0,0,0,0,0,50176,0,0,0,0,0,0,0,0,0,0,0,0,0,0,0,0,0,0,0,0,0,0,0,0,5925,0,43731,520,5247,TCGA-OL-A97C-DX1_xmin68058_ymin32495_MPP-0.2500+73
50176,0,0,0,0,0,0,0,0,0,0,0,0,0,0,0,0,0,0,0,0,0,0,0,0,50176,0,0,0,0,0,0,0,0,0,0,0,0,0,0,0,0,0,0,0,0,0,0,0,0,50176,0,0,0,0,0,0,0,0,0,0,0,0,0,0,0,0,0,0,0,0,0,0,0,0,5577,0,44223,376,5304,TCGA-OL-A97C-DX1_xmin68058_ymin32495_MPP-0.2500+74
0,0,0,0,0,0,50176,0,0,0,0,0,0,0,0,0,0,0,0,0,0,0,0,0,0,0,0,0,0,0,0,50176,0,0,0,0,0,0,0,0,0,0,0,0,0,0,0,0,0,0,0,0,0,0,0,0,50176,0,0,0,0,0,0,0,0,0,0,0,0,0,0,0,0,0,0,14086,0,32854,3236,12744,TCGA-OL-A97C-DX1_xmin68058_ymin32495_MPP-0.2500+75
0,0,0,0,0,0,50176,0,0,0,0,0,0,0,0,0,0,0,0,0,0,0,0,0,0,0,0,0,0,0,0,50176,0,0,0,0,0,0,0,0,0,0,0,0,0,0,0,0,0,0,0,0,0,0,0,0,50176,0,0,0,0,0,0,0,0,0,0,0,0,0,0,0,0,0,0,9923,0,37798,2455,13786,TCGA-OL-A97C-DX1_xmin68058_ymin32495_MPP-0.2500+76
0,0,0,0,0,0,50176,0,0,0,0,0,0,0,0,0,0,0,0,0,0,0,0,0,0,0,0,0,0,0,0,50176,0,0,0,0,0,0,0,0,0,0,0,0,0,0,0,0,0,0,0,0,0,0,0,0,50176,0,0,0,0,0,0,0,0,0,0,0,0,0,0,0,0,0,0,8142,0,40142,1892,8997,TCGA-OL-A97C-DX1_xmin68058_ymin32495_MPP-0.2500+77
0,0,0,0,0,0,50176,0,0,0,0,0,0,0,0,0,0,0,0,0,0,0,0,0,0,0,0,0,0,0,0,50176,0,0,0,0,0,0,0,0,0,0,0,0,0,0,0,0,0,0,0,0,0,0,0,0,50176,0,0,0,0,0,0,0,0,0,0,0,0,0,0,0,0,0,0,5776,0,44400,0,2709,TCGA-OL-A97C-DX1_xmin68058_ymin32495_MPP-0.2500+78
0,0,0,0,0,0,50176,0,0,0,0,0,0,0,0,0,0,0,0,0,0,0,0,0,0,0,0,0,0,0,0,50176,0,0,0,0,0,0,0,0,0,0,0,0,0,0,0,0,0,0,0,0,0,0,0,0,50176,0,0,0,0,0,0,0,0,0,0,0,0,0,0,0,0,0,0,5846,0,44156,174,5421,TCGA-OL-A97C-DX1_xmin68058_ymin32495_MPP-0.2500+79
0,0,0,0,0,0,50176,0,0,0,0,0,0,0,0,0,0,0,0,0,0,0,0,0,0,0,0,0,0,0,0,50176,0,0,0,0,0,0,0,0,0,0,0,0,0,0,0,0,0,0,0,0,0,0,0,0,50176,0,0,0,0,0,0,0,0,0,0,0,0,0,0,0,0,0,0,7817,0,41219,1140,8674,TCGA-OL-A97C-DX1_xmin68058_ymin32495_MPP-0.2500+8
0,0,0,0,0,0,50048,0,0,0,0,0,0,0,0,0,0,0,0,0,0,0,0,0,128,0,0,0,0,0,0,50048,0,0,0,0,0,0,0,0,0,0,0,0,0,0,0,0,0,128,0,0,0,0,0,0,50048,0,0,0,0,0,0,0,0,0,0,0,0,0,0,0,0,0,128,2886,0,47162,0,2803,TCGA-OL-A97C-DX1_xmin68058_ymin32495_MPP-0.2500+80
0,0,0,0,0,0,50176,0,0,0,0,0,0,0,0,0,0,0,0,0,0,0,0,0,0,0,0,0,0,0,0,50176,0,0,0,0,0,0,0,0,0,0,0,0,0,0,0,0,0,0,0,0,0,0,0,0,50176,0,0,0,0,0,0,0,0,0,0,0,0,0,0,0,0,0,0,5816,0,43958,402,4587,TCGA-OL-A97C-DX1_xmin68058_ymin32495_MPP-0.2500+81
0,0,0,0,0,0,50176,0,0,0,0,0,0,0,0,0,0,0,0,0,0,0,0,0,0,0,0,0,0,0,0,50176,0,0,0,0,0,0,0,0,0,0,0,0,0,0,0,0,0,0,0,0,0,0,0,0,50176,0,0,0,0,0,0,0,0,0,0,0,0,0,0,0,0,0,0,6608,0,43568,0,3173,TCGA-OL-A97C-DX1_xmin68058_ymin32495_MPP-0.2500+82
0,0,0,0,0,0,40793,0,0,0,0,0,0,0,0,0,0,0,0,0,0,0,0,0,9383,0,0,0,0,0,0,40793,0,0,0,0,0,0,0,0,0,0,0,0,0,0,0,0,0,9383,0,0,0,0,0,0,40793,0,0,0,0,0,0,0,0,0,0,0,0,0,0,0,0,0,9383,3227,0,37422,144,3048,TCGA-OL-A97C-DX1_xmin68058_ymin32495_MPP-0.2500+83
0,0,0,0,0,0,50176,0,0,0,0,0,0,0,0,0,0,0,0,0,0,0,0,0,0,0,0,0,0,0,0,50176,0,0,0,0,0,0,0,0,0,0,0,0,0,0,0,0,0,0,0,0,0,0,0,0,50176,0,0,0,0,0,0,0,0,0,0,0,0,0,0,0,0,0,0,6923,0,43150,103,9665,TCGA-OL-A97C-DX1_xmin68058_ymin32495_MPP-0.2500+84
0,1539,0,0,0,0,48637,0,0,0,0,0,0,0,0,0,0,0,0,0,0,0,0,0,0,0,1539,0,0,0,0,48637,0,0,0,0,0,0,0,0,0,0,0,0,0,0,0,0,0,0,0,1539,0,0,0,0,48637,0,0,0,0,0,0,0,0,0,0,0,0,0,0,0,0,0,0,11942,197,31565,6472,10998,TCGA-OL-A97C-DX1_xmin68058_ymin32495_MPP-0.2500+85
28150,6183,0,0,0,9205,6638,0,0,0,0,0,0,0,0,0,0,0,0,0,0,0,0,0,0,27762,6571,0,0,0,8393,7450,0,0,0,0,0,0,0,0,0,0,0,0,0,0,0,0,0,0,27639,6694,0,0,0,8206,7637,0,0,0,0,0,0,0,0,0,0,0,0,0,0,0,0,0,0,3332,2453,32093,12298,8483,TCGA-OL-A97C-DX1_xmin68058_ymin32495_MPP-0.2500+86
50176,0,0,0,0,0,0,0,0,0,0,0,0,0,0,0,0,0,0,0,0,0,0,0,0,50176,0,0,0,0,0,0,0,0,0,0,0,0,0,0,0,0,0,0,0,0,0,0,0,0,50176,0,0,0,0,0,0,0,0,0,0,0,0,0,0,0,0,0,0,0,0,0,0,0,0,7801,5,39197,3173,8526,TCGA-OL-A97C-DX1_xmin68058_ymin32495_MPP-0.2500+87
50176,0,0,0,0,0,0,0,0,0,0,0,0,0,0,0,0,0,0,0,0,0,0,0,0,50176,0,0,0,0,0,0,0,0,0,0,0,0,0,0,0,0,0,0,0,0,0,0,0,0,50176,0,0,0,0,0,0,0,0,0,0,0,0,0,0,0,0,0,0,0,0,0,0,0,0,4602,0,42948,2626,5830,TCGA-OL-A97C-DX1_xmin68058_ymin32495_MPP-0.2500+88
50176,0,0,0,0,0,0,0,0,0,0,0,0,0,0,0,0,0,0,0,0,0,0,0,0,50176,0,0,0,0,0,0,0,0,0,0,0,0,0,0,0,0,0,0,0,0,0,0,0,0,50176,0,0,0,0,0,0,0,0,0,0,0,0,0,0,0,0,0,0,0,0,0,0,0,0,4061,0,44725,1390,2542,TCGA-OL-A97C-DX1_xmin68058_ymin32495_MPP-0.2500+89
0,0,0,0,0,0,50176,0,0,0,0,0,0,0,0,0,0,0,0,0,0,0,0,0,0,0,0,0,0,0,0,50176,0,0,0,0,0,0,0,0,0,0,0,0,0,0,0,0,0,0,0,0,0,0,0,0,50176,0,0,0,0,0,0,0,0,0,0,0,0,0,0,0,0,0,0,7922,170,39266,2818,10907,TCGA-OL-A97C-DX1_xmin68058_ymin32495_MPP-0.2500+9
50176,0,0,0,0,0,0,0,0,0,0,0,0,0,0,0,0,0,0,0,0,0,0,0,0,50176,0,0,0,0,0,0,0,0,0,0,0,0,0,0,0,0,0,0,0,0,0,0,0,0,50176,0,0,0,0,0,0,0,0,0,0,0,0,0,0,0,0,0,0,0,0,0,0,0,0,2160,0,47379,637,1993,TCGA-OL-A97C-DX1_xmin68058_ymin32495_MPP-0.2500+90
50105,0,0,0,0,0,0,0,0,0,0,0,0,0,0,0,0,0,0,0,0,0,0,0,71,50105,0,0,0,0,0,0,0,0,0,0,0,0,0,0,0,0,0,0,0,0,0,0,0,71,50105,0,0,0,0,0,0,0,0,0,0,0,0,0,0,0,0,0,0,0,0,0,0,0,71,3792,1023,38430,6860,8452,TCGA-OL-A97C-DX1_xmin68058_ymin32495_MPP-0.2500+91
43251,0,0,0,0,0,0,0,0,0,0,0,0,0,0,0,0,0,0,0,0,0,0,0,6925,43251,0,0,0,0,0,0,0,0,0,0,0,0,0,0,0,0,0,0,0,0,0,0,0,6925,43251,0,0,0,0,0,0,0,0,0,0,0,0,0,0,0,0,0,0,0,0,0,0,0,6925,5750,0,36137,1364,7925,TCGA-OL-A97C-DX1_xmin68058_ymin32495_MPP-0.2500+92
0,0,0,0,0,0,50176,0,0,0,0,0,0,0,0,0,0,0,0,0,0,0,0,0,0,0,0,0,0,0,0,50176,0,0,0,0,0,0,0,0,0,0,0,0,0,0,0,0,0,0,0,0,0,0,0,0,50176,0,0,0,0,0,0,0,0,0,0,0,0,0,0,0,0,0,0,9137,770,33335,6934,12168,TCGA-OL-A97C-DX1_xmin68058_ymin32495_MPP-0.2500+93
0,0,0,0,0,0,50176,0,0,0,0,0,0,0,0,0,0,0,0,0,0,0,0,0,0,0,0,0,0,0,0,50176,0,0,0,0,0,0,0,0,0,0,0,0,0,0,0,0,0,0,0,0,0,0,0,0,50176,0,0,0,0,0,0,0,0,0,0,0,0,0,0,0,0,0,0,7409,0,41905,862,9198,TCGA-OL-A97C-DX1_xmin68058_ymin32495_MPP-0.2500+94
0,0,0,0,0,0,43646,0,0,0,0,0,0,0,0,0,0,0,0,0,0,0,0,0,6530,0,0,0,0,0,0,43646,0,0,0,0,0,0,0,0,0,0,0,0,0,0,0,0,0,6530,0,0,0,0,0,0,43646,0,0,0,0,0,0,0,0,0,0,0,0,0,0,0,0,0,6530,3145,3590,16676,20235,11057,TCGA-OL-A97C-DX1_xmin68058_ymin32495_MPP-0.2500+95
0,0,0,0,0,0,50176,0,0,0,0,0,0,0,0,0,0,0,0,0,0,0,0,0,0,0,0,0,0,0,0,50176,0,0,0,0,0,0,0,0,0,0,0,0,0,0,0,0,0,0,0,0,0,0,0,0,50176,0,0,0,0,0,0,0,0,0,0,0,0,0,0,0,0,0,0,8781,0,40470,925,7685,TCGA-OL-A97C-DX1_xmin68058_ymin32495_MPP-0.2500+96
0,0,0,0,0,0,50176,0,0,0,0,0,0,0,0,0,0,0,0,0,0,0,0,0,0,0,0,0,0,0,0,50176,0,0,0,0,0,0,0,0,0,0,0,0,0,0,0,0,0,0,0,0,0,0,0,0,50176,0,0,0,0,0,0,0,0,0,0,0,0,0,0,0,0,0,0,5480,0,44696,0,3540,TCGA-OL-A97C-DX1_xmin68058_ymin32495_MPP-0.2500+97
0,0,0,0,0,0,44493,0,0,0,0,0,0,0,0,0,0,0,0,0,0,0,0,0,5683,0,0,0,0,0,0,44493,0,0,0,0,0,0,0,0,0,0,0,0,0,0,0,0,0,5683,0,0,0,0,0,0,44493,0,0,0,0,0,0,0,0,0,0,0,0,0,0,0,0,0,5683,3235,0,41258,0,1877,TCGA-OL-A97C-DX1_xmin68058_ymin32495_MPP-0.2500+98
0,0,0,0,0,0,9151,0,0,0,0,0,0,0,0,0,0,0,0,0,0,0,0,0,41025,0,0,0,0,0,0,9151,0,0,0,0,0,0,0,0,0,0,0,0,0,0,0,0,0,41025,0,0,0,0,0,0,9151,0,0,0,0,0,0,0,0,0,0,0,0,0,0,0,0,0,41025,339,0,8812,0,351,TCGA-OL-A97C-DX1_xmin68058_ymin32495_MPP-0.2500+99
0,0,0,0,0,0,7975,0,18379,0,0,549,0,0,0,0,12,0,54,0,0,0,0,0,23207,0,0,0,0,0,0,8207,0,18147,0,0,549,0,0,0,0,0,0,66,0,0,0,0,0,23207,0,0,0,0,0,0,8269,0,18085,0,0,549,0,0,0,0,0,0,66,0,0,0,0,0,23207,260,2646,5490,18573,9850,TCGA-S3-AA10-DX1_xmin43039_ymin23986_MPP-0.2500+0
0,0,279,0,0,5347,0,13237,0,0,0,0,24812,0,0,0,0,0,0,0,0,0,0,0,6501,0,0,279,0,0,5475,0,13109,0,0,0,0,24812,0,0,0,0,0,0,0,0,0,0,0,6501,0,0,279,0,0,5475,0,13109,0,0,0,0,24812,0,0,0,0,0,0,0,0,0,0,0,6501,12647,2272,16043,12713,14624,TCGA-S3-AA10-DX1_xmin43039_ymin23986_MPP-0.2500+1
0,0,0,0,0,0,38222,4854,0,0,0,0,0,0,0,0,108,6992,0,0,0,0,0,0,0,0,0,0,0,0,0,38743,4333,0,0,0,0,0,0,0,0,111,6989,0,0,0,0,0,0,0,0,0,0,0,0,0,38819,4257,0,0,0,0,0,0,0,0,105,6995,0,0,0,0,0,0,0,5662,3106,31894,9514,13956,TCGA-S3-AA10-DX1_xmin43039_ymin23986_MPP-0.2500+10
0,0,0,0,0,0,49217,0,0,0,0,0,0,0,0,0,959,0,0,0,0,0,0,0,0,0,0,0,0,0,0,49217,0,0,0,0,0,0,0,0,0,959,0,0,0,0,0,0,0,0,0,0,0,0,0,0,49217,0,0,0,0,0,0,0,0,0,959,0,0,0,0,0,0,0,0,3863,200,44128,1985,7617,TCGA-S3-AA10-DX1_xmin43039_ymin23986_MPP-0.2500+11
0,0,0,0,0,0,50176,0,0,0,0,0,0,0,0,0,0,0,0,0,0,0,0,0,0,0,0,0,0,0,0,50176,0,0,0,0,0,0,0,0,0,0,0,0,0,0,0,0,0,0,0,0,0,0,0,0,50176,0,0,0,0,0,0,0,0,0,0,0,0,0,0,0,0,0,0,9514,455,35844,4363,12910,TCGA-S3-AA10-DX1_xmin43039_ymin23986_MPP-0.2500+12
13147,0,0,1454,0,13607,0,0,14994,0,0,0,0,0,0,0,0,0,0,0,0,0,0,0,6974,13107,0,0,1494,0,13716,0,0,14885,0,0,0,0,0,0,0,0,0,0,0,0,0,0,0,6974,13089,0,0,1512,0,13600,0,0,15001,0,0,0,0,0,0,0,0,0,0,0,0,0,0,0,6974,1257,4759,17482,19704,12878,TCGA-S3-AA10-DX1_xmin43039_ymin23986_MPP-0.2500+13
0,0,0,0,0,28721,0,0,0,0,0,0,0,0,0,0,0,0,0,0,0,0,0,0,21455,0,0,0,0,0,28721,0,0,0,0,0,0,0,0,0,0,0,0,0,0,0,0,0,0,21455,0,0,0,0,0,28721,0,0,0,0,0,0,0,0,0,0,0,0,0,0,0,0,0,0,21455,5472,1429,6999,14821,14029,TCGA-S3-AA10-DX1_xmin43039_ymin23986_MPP-0.2500+14
0,4,0,0,0,4896,25841,0,0,0,0,0,0,0,0,0,0,0,0,0,0,0,0,0,19435,0,4,0,0,0,4384,26353,0,0,0,0,0,0,0,0,0,0,0,0,0,0,0,0,0,19435,0,4,0,0,0,3712,27025,0,0,0,0,0,0,0,0,0,0,0,0,0,0,0,0,0,19435,1909,3392,5411,20029,8516,TCGA-S3-AA10-DX1_xmin43039_ymin23986_MPP-0.2500+15
0,25,0,0,0,0,37437,0,0,0,0,0,0,0,0,0,0,0,0,0,0,0,0,0,12714,0,25,0,0,0,0,37437,0,0,0,0,0,0,0,0,0,0,0,0,0,0,0,0,0,12714,0,25,0,0,0,0,37437,0,0,0,0,0,0,0,0,0,0,0,0,0,0,0,0,0,12714,311,6016,5809,25326,9510,TCGA-S3-AA10-DX1_xmin43039_ymin23986_MPP-0.2500+16
0,0,0,0,0,0,42126,7763,0,0,0,31,256,0,0,0,0,0,0,0,0,0,0,0,0,0,0,0,0,0,0,42405,7484,0,0,0,34,253,0,0,0,0,0,0,0,0,0,0,0,0,0,0,0,0,0,2,41958,7929,0,0,0,31,256,0,0,0,0,0,0,0,0,0,0,0,0,10630,3594,27943,8009,15900,TCGA-S3-AA10-DX1_xmin43039_ymin23986_MPP-0.2500+17
0,0,0,0,0,352,30293,0,0,0,0,19531,0,0,0,0,0,0,0,0,0,0,0,0,0,0,0,0,0,0,1232,29413,0,0,0,0,19531,0,0,0,0,0,0,0,0,0,0,0,0,0,0,0,0,0,0,1102,29543,0,0,0,2,19529,0,0,0,0,0,0,0,0,0,0,0,0,0,2915,1643,21426,24192,16213,TCGA-S3-AA10-DX1_xmin43039_ymin23986_MPP-0.2500+18
0,0,0,0,0,0,29679,2389,0,0,0,4777,13331,0,0,0,0,0,0,0,0,0,0,0,0,0,0,0,0,0,0,30075,1993,0,0,0,5708,12400,0,0,0,0,0,0,0,0,0,0,0,0,0,0,0,0,0,0,30012,2056,0,0,0,5691,12417,0,0,0,0,0,0,0,0,0,0,0,0,9492,1072,25676,13936,14396,TCGA-S3-AA10-DX1_xmin43039_ymin23986_MPP-0.2500+19
49254,0,0,0,0,0,0,0,0,0,0,0,0,0,0,0,0,0,0,0,0,0,0,0,922,49254,0,0,0,0,0,0,0,0,0,0,0,0,0,0,0,0,0,0,0,0,0,0,0,922,49254,0,0,0,0,0,0,0,0,0,0,0,0,0,0,0,0,0,0,0,0,0,0,0,922,1476,0,47778,0,1661,TCGA-S3-AA10-DX1_xmin43039_ymin23986_MPP-0.2500+2
0,0,0,0,0,0,43260,71,0,0,0,1262,5583,0,0,0,0,0,0,0,0,0,0,0,0,0,0,0,0,0,0,43253,78,0,0,0,1378,5467,0,0,0,0,0,0,0,0,0,0,0,0,0,0,0,0,0,0,43208,123,0,0,0,1573,5272,0,0,0,0,0,0,0,0,0,0,0,0,7549,30,40573,2024,9766,TCGA-S3-AA10-DX1_xmin43039_ymin23986_MPP-0.2500+20
0,0,0,0,0,0,50176,0,0,0,0,0,0,0,0,0,0,0,0,0,0,0,0,0,0,0,0,0,0,0,0,50176,0,0,0,0,0,0,0,0,0,0,0,0,0,0,0,0,0,0,0,0,0,0,0,0,50176,0,0,0,0,0,0,0,0,0,0,0,0,0,0,0,0,0,0,8393,0,40473,1310,8927,TCGA-S3-AA10-DX1_xmin43039_ymin23986_MPP-0.2500+21
43109,0,0,0,0,4528,0,0,0,0,0,0,0,0,0,0,0,0,0,0,0,0,0,0,2539,43109,0,0,0,0,4528,0,0,0,0,0,0,0,0,0,0,0,0,0,0,0,0,0,0,2539,43109,0,0,0,0,4528,0,0,0,0,0,0,0,0,0,0,0,0,0,0,0,0,0,0,2539,2681,5669,34138,5149,10324,TCGA-S3-AA10-DX1_xmin43039_ymin23986_MPP-0.2500+22
0,0,0,4528,0,1479,0,0,29867,0,0,0,0,0,0,0,0,0,0,0,0,0,0,0,14302,0,0,0,4528,0,1763,0,0,29583,0,0,0,0,0,0,0,0,0,0,0,0,0,0,0,14302,0,0,0,4528,0,1748,0,0,29598,0,0,0,0,0,0,0,0,0,0,0,0,0,0,0,14302,932,3347,2958,28637,24695,TCGA-S3-AA10-DX1_xmin43039_ymin23986_MPP-0.2500+23
8603,0,0,0,0,37556,0,0,0,0,0,0,0,0,0,0,0,0,0,0,0,0,0,0,4017,8603,0,0,0,0,37556,0,0,0,0,0,0,0,0,0,0,0,0,0,0,0,0,0,0,4017,8603,0,0,0,0,37556,0,0,0,0,0,0,0,0,0,0,0,0,0,0,0,0,0,0,4017,504,5279,11008,29368,16203,TCGA-S3-AA10-DX1_xmin43039_ymin23986_MPP-0.2500+24
0,0,0,0,0,45604,0,0,0,0,0,0,0,0,0,0,0,0,0,0,0,0,0,0,4572,0,0,0,0,0,45604,0,0,0,0,0,0,0,0,0,0,0,0,0,0,0,0,0,0,4572,0,0,0,0,0,45604,0,0,0,0,0,0,0,0,0,0,0,0,0,0,0,0,0,0,4572,1885,4594,9018,30107,14309,TCGA-S3-AA10-DX1_xmin43039_ymin23986_MPP-0.2500+25
2,0,0,0,0,45763,0,0,0,0,0,0,0,0,0,0,0,0,0,0,0,0,0,0,4411,2,0,0,0,0,45763,0,0,0,0,0,0,0,0,0,0,0,0,0,0,0,0,0,0,4411,2,0,0,0,0,45763,0,0,0,0,0,0,0,0,0,0,0,0,0,0,0,0,0,0,4411,1484,4444,9366,30471,13213,TCGA-S3-AA10-DX1_xmin43039_ymin23986_MPP-0.2500+26
0,0,0,0,0,50176,0,0,0,0,0,0,0,0,0,0,0,0,0,0,0,0,0,0,0,0,0,0,0,0,50176,0,0,0,0,0,0,0,0,0,0,0,0,0,0,0,0,0,0,0,0,0,0,0,0,50176,0,0,0,0,0,0,0,0,0,0,0,0,0,0,0,0,0,0,0,5162,2532,18810,23672,16645,TCGA-S3-AA10-DX1_xmin43039_ymin23986_MPP-0.2500+27
32281,0,0,0,0,17895,0,0,0,0,0,0,0,0,0,0,0,0,0,0,0,0,0,0,0,32281,0,0,0,0,17895,0,0,0,0,0,0,0,0,0,0,0,0,0,0,0,0,0,0,0,32281,0,0,0,0,17895,0,0,0,0,0,0,0,0,0,0,0,0,0,0,0,0,0,0,0,4683,3072,27392,15029,8795,TCGA-S3-AA10-DX1_xmin43039_ymin23986_MPP-0.2500+28
20825,0,0,0,0,26275,0,0,0,0,3076,0,0,0,0,0,0,0,0,0,0,0,0,0,0,20825,0,0,0,0,26275,0,0,0,0,3076,0,0,0,0,0,0,0,0,0,0,0,0,0,0,20825,0,0,0,0,26275,0,0,0,0,3076,0,0,0,0,0,0,0,0,0,0,0,0,0,0,2600,5910,23497,18169,10976,TCGA-S3-AA10-DX1_xmin43039_ymin23986_MPP-0.2500+29
46399,0,0,0,0,1159,0,0,0,0,0,0,0,0,0,196,0,0,0,0,0,0,0,0,2422,46399,0,0,0,0,1159,0,0,0,0,0,0,0,0,0,196,0,0,0,0,0,0,0,0,2422,46399,0,0,0,0,1159,0,0,0,0,0,0,0,0,0,196,0,0,0,0,0,0,0,0,2422,4601,469,40930,1754,7019,TCGA-S3-AA10-DX1_xmin43039_ymin23986_MPP-0.2500+3
481,0,0,0,0,1357,0,20256,0,0,2,0,28080,0,0,0,0,0,0,0,0,0,0,0,0,481,0,0,0,0,1417,0,20196,0,0,6,0,28076,0,0,0,0,0,0,0,0,0,0,0,0,481,0,0,0,0,1417,0,20196,0,0,6,0,28076,0,0,0,0,0,0,0,0,0,0,0,0,9565,3541,18812,18258,14244,TCGA-S3-AA10-DX1_xmin43039_ymin23986_MPP-0.2500+30
0,0,0,0,0,0,47521,0,0,0,0,2655,0,0,0,0,0,0,0,0,0,0,0,0,0,0,0,0,0,0,0,47521,0,0,0,0,2655,0,0,0,0,0,0,0,0,0,0,0,0,0,0,0,0,0,0,0,47521,0,0,0,0,2655,0,0,0,0,0,0,0,0,0,0,0,0,0,7192,1715,30598,10671,11182,TCGA-S3-AA10-DX1_xmin43039_ymin23986_MPP-0.2500+31
0,0,0,0,0,0,38953,980,0,0,0,1498,8745,0,0,0,0,0,0,0,0,0,0,0,0,0,0,0,0,0,0,38654,1279,0,0,0,1719,8524,0,0,0,0,0,0,0,0,0,0,0,0,0,0,0,0,0,0,38723,1210,0,0,0,1921,8322,0,0,0,0,0,0,0,0,0,0,0,0,11086,332,33710,5048,14034,TCGA-S3-AA10-DX1_xmin43039_ymin23986_MPP-0.2500+32
33594,0,0,6638,0,1787,0,0,2586,0,0,0,0,0,0,0,0,0,0,0,0,0,0,0,5571,33996,0,0,6236,0,1782,0,0,2591,0,0,0,0,0,0,0,0,0,0,0,0,0,0,0,5571,33978,0,0,6254,0,1735,0,0,2638,0,0,0,0,0,0,0,0,0,0,0,0,0,0,0,5571,948,4837,31099,7721,10014,TCGA-S3-AA10-DX1_xmin43039_ymin23986_MPP-0.2500+33
2033,0,0,692,0,5663,0,0,9747,0,0,0,0,0,0,0,0,0,0,0,0,0,0,0,32041,2017,16,0,692,0,4433,5425,0,5552,0,0,0,0,0,0,0,0,0,0,0,0,0,0,0,32041,2013,20,0,692,0,4303,5908,0,5199,0,0,0,0,0,0,0,0,0,0,0,0,0,0,0,32041,169,5295,3786,8885,6474,TCGA-S3-AA10-DX1_xmin43039_ymin23986_MPP-0.2500+34
2705,0,0,1054,0,6687,0,0,34508,0,0,0,0,0,0,0,0,0,0,0,0,0,0,0,5222,2657,0,0,1102,0,6945,0,0,34250,0,0,0,0,0,0,0,0,0,0,0,0,0,0,0,5222,2762,0,0,997,0,7972,0,0,33223,0,0,0,0,0,0,0,0,0,0,0,0,0,0,0,5222,876,8846,4500,30732,23374,TCGA-S3-AA10-DX1_xmin43039_ymin23986_MPP-0.2500+35
0,22,0,0,0,1,28062,6738,0,0,0,0,0,0,0,0,0,0,0,0,0,0,0,0,15353,0,22,0,0,0,1,28237,6563,0,0,0,0,0,0,0,0,0,0,0,0,0,0,0,0,15353,0,22,0,0,0,1,28354,6446,0,0,0,0,0,0,0,0,0,0,0,0,0,0,0,0,15353,2479,3699,5603,23042,16799,TCGA-S3-AA10-DX1_xmin43039_ymin23986_MPP-0.2500+36
20736,5073,0,0,0,9421,13791,0,0,0,0,0,0,0,0,0,0,0,0,0,0,0,0,0,1155,20769,5040,0,0,0,9893,13319,0,0,0,0,0,0,0,0,0,0,0,0,0,0,0,0,0,1155,20740,5069,0,0,0,9757,13455,0,0,0,0,0,0,0,0,0,0,0,0,0,0,0,0,0,1155,5001,3939,28422,11659,17484,TCGA-S3-AA10-DX1_xmin43039_ymin23986_MPP-0.2500+37
30847,0,0,0,0,15246,0,0,0,0,0,0,0,0,0,0,0,0,0,0,0,0,0,0,4083,30847,0,0,0,0,15246,0,0,0,0,0,0,0,0,0,0,0,0,0,0,0,0,0,0,4083,30847,0,0,0,0,15246,0,0,0,0,0,0,0,0,0,0,0,0,0,0,0,0,0,0,4083,1395,6072,27881,10745,9510,TCGA-S3-AA10-DX1_xmin43039_ymin23986_MPP-0.2500+38
42091,0,0,0,0,7690,0,0,0,0,0,0,0,0,0,0,0,0,0,0,0,0,0,0,395,42091,0,0,0,0,7690,0,0,0,0,0,0,0,0,0,0,0,0,0,0,0,0,0,0,395,42091,0,0,0,0,7690,0,0,0,0,0,0,0,0,0,0,0,0,0,0,0,0,0,0,395,2243,1939,39848,5751,6730,TCGA-S3-AA10-DX1_xmin43039_ymin23986_MPP-0.2500+39
0,0,0,6512,0,0,0,0,9184,0,0,0,0,0,0,0,0,0,19302,0,0,0,0,0,15178,0,0,0,6512,0,0,0,0,9184,0,0,0,0,0,0,0,0,0,19302,0,0,0,0,0,15178,0,0,0,6512,0,0,0,0,9184,0,0,0,0,0,0,0,0,0,19302,0,0,0,0,0,15178,13112,1667,11523,8696,21566,TCGA-S3-AA10-DX1_xmin43039_ymin23986_MPP-0.2500+4
21809,0,0,0,0,28087,0,0,0,0,280,0,0,0,0,0,0,0,0,0,0,0,0,0,0,21809,0,0,0,0,28087,0,0,0,0,280,0,0,0,0,0,0,0,0,0,0,0,0,0,0,21809,0,0,0,0,28087,0,0,0,0,280,0,0,0,0,0,0,0,0,0,0,0,0,0,0,5382,2352,27188,15254,14085,TCGA-S3-AA10-DX1_xmin43039_ymin23986_MPP-0.2500+40
14581,487,0,0,0,13460,20037,0,0,0,24,1587,0,0,0,0,0,0,0,0,0,0,0,0,0,14357,711,0,0,0,13552,19945,0,0,0,86,1525,0,0,0,0,0,0,0,0,0,0,0,0,0,14306,762,0,0,0,13266,20231,0,0,0,9,1602,0,0,0,0,0,0,0,0,0,0,0,0,0,5094,3206,23811,18065,15448,TCGA-S3-AA10-DX1_xmin43039_ymin23986_MPP-0.2500+41
0,0,0,0,0,0,0,1581,0,0,0,0,48595,0,0,0,0,0,0,0,0,0,0,0,0,0,0,0,0,0,7,0,1574,0,0,25,0,48570,0,0,0,0,0,0,0,0,0,0,0,0,0,0,0,0,0,7,0,1574,0,0,25,0,48570,0,0,0,0,0,0,0,0,0,0,0,0,17832,57,24193,8094,18552,TCGA-S3-AA10-DX1_xmin43039_ymin23986_MPP-0.2500+42
50176,0,0,0,0,0,0,0,0,0,0,0,0,0,0,0,0,0,0,0,0,0,0,0,0,50176,0,0,0,0,0,0,0,0,0,0,0,0,0,0,0,0,0,0,0,0,0,0,0,0,50176,0,0,0,0,0,0,0,0,0,0,0,0,0,0,0,0,0,0,0,0,0,0,0,0,5846,50,41972,2308,6714,TCGA-S3-AA10-DX1_xmin43039_ymin23986_MPP-0.2500+43
23370,0,0,5996,0,6802,0,0,7043,0,0,0,0,0,0,0,0,0,0,0,0,0,0,0,6965,23135,0,0,6231,0,6903,0,0,6942,0,0,0,0,0,0,0,0,0,0,0,0,0,0,0,6965,23098,0,0,6268,0,6954,0,0,6891,0,0,0,0,0,0,0,0,0,0,0,0,0,0,0,6965,1791,5151,23058,13211,11966,TCGA-S3-AA10-DX1_xmin43039_ymin23986_MPP-0.2500+44
41543,0,0,0,0,7367,0,0,0,0,0,0,0,0,0,0,0,0,0,0,0,0,0,0,1266,41543,0,0,0,0,7367,0,0,0,0,0,0,0,0,0,0,0,0,0,0,0,0,0,0,1266,41543,0,0,0,0,7367,0,0,0,0,0,0,0,0,0,0,0,0,0,0,0,0,0,0,1266,1718,2663,38579,5950,8203,TCGA-S3-AA10-DX1_xmin43039_ymin23986_MPP-0.2500+45
33537,0,0,0,0,8527,0,0,0,0,0,0,0,0,0,0,0,0,0,0,0,0,0,0,8112,33537,0,0,0,0,8527,0,0,0,0,0,0,0,0,0,0,0,0,0,0,0,0,0,0,8112,33537,0,0,0,0,8527,0,0,0,0,0,0,0,0,0,0,0,0,0,0,0,0,0,0,8112,1041,913,32522,7588,3918,TCGA-S3-AA10-DX1_xmin43039_ymin23986_MPP-0.2500+46
32988,0,0,0,0,3892,0,0,0,0,0,0,0,0,0,489,0,0,0,0,0,0,0,0,12807,32988,0,0,0,0,3892,0,0,0,0,0,0,0,0,0,489,0,0,0,0,0,0,0,0,12807,32988,0,0,0,0,3892,0,0,0,0,0,0,0,0,0,489,0,0,0,0,0,0,0,0,12807,3225,609,29338,4197,8511,TCGA-S3-AA10-DX1_xmin43039_ymin23986_MPP-0.2500+47
43551,0,0,0,0,0,0,0,0,0,0,0,0,0,0,6625,0,0,0,0,0,0,0,0,0,43551,0,0,0,0,0,0,0,0,0,0,0,0,0,0,6625,0,0,0,0,0,0,0,0,0,43551,0,0,0,0,0,0,0,0,0,0,0,0,0,0,6625,0,0,0,0,0,0,0,0,0,2235,441,41109,6391,6356,TCGA-S3-AA10-DX1_xmin43039_ymin23986_MPP-0.2500+48
50176,0,0,0,0,0,0,0,0,0,0,0,0,0,0,0,0,0,0,0,0,0,0,0,0,50176,0,0,0,0,0,0,0,0,0,0,0,0,0,0,0,0,0,0,0,0,0,0,0,0,50176,0,0,0,0,0,0,0,0,0,0,0,0,0,0,0,0,0,0,0,0,0,0,0,0,4820,394,42014,2948,9170,TCGA-S3-AA10-DX1_xmin43039_ymin23986_MPP-0.2500+49
0,0,0,0,0,5519,0,0,16189,0,0,0,0,0,0,1825,0,0,9663,0,0,0,0,0,16980,0,0,0,0,0,5487,0,0,16221,0,0,0,0,0,0,1697,0,0,9791,0,0,0,0,0,16980,0,0,0,0,0,5231,0,0,16477,0,0,0,0,0,0,1697,0,0,9791,0,0,0,0,0,16980,5320,3569,8196,16111,17989,TCGA-S3-AA10-DX1_xmin43039_ymin23986_MPP-0.2500+5
29784,15021,0,0,0,493,0,0,0,0,0,0,0,0,0,0,0,0,0,0,0,0,0,0,4878,30006,14799,0,0,0,493,0,0,0,0,0,0,0,0,0,0,0,0,0,0,0,0,0,0,4878,29921,14884,0,0,0,493,0,0,0,0,0,0,0,0,0,0,0,0,0,0,0,0,0,0,4878,2398,1965,30662,10273,5242,TCGA-S3-AA10-DX1_xmin43039_ymin23986_MPP-0.2500+50
17189,0,0,0,0,28670,0,0,0,0,3345,0,0,0,0,0,0,0,0,0,0,0,0,0,972,17189,0,0,0,0,28670,0,0,0,0,3345,0,0,0,0,0,0,0,0,0,0,0,0,0,972,17189,0,0,0,0,28670,0,0,0,0,3345,0,0,0,0,0,0,0,0,0,0,0,0,0,972,4228,4813,24094,16069,17330,TCGA-S3-AA10-DX1_xmin43039_ymin23986_MPP-0.2500+51
0,0,0,0,0,48,0,6564,0,0,0,0,43564,0,0,0,0,0,0,0,0,0,0,0,0,0,0,0,0,0,16,0,6596,0,0,0,0,43564,0,0,0,0,0,0,0,0,0,0,0,0,0,0,0,0,0,0,0,6612,0,0,0,0,43564,0,0,0,0,0,0,0,0,0,0,0,0,17173,3263,25200,4540,19565,TCGA-S3-AA10-DX1_xmin43039_ymin23986_MPP-0.2500+52
0,0,0,0,0,0,17771,1793,0,0,0,5955,18699,0,0,0,0,0,0,0,0,0,0,0,5958,0,0,0,0,0,0,17789,1775,0,0,0,6054,18600,0,0,0,0,0,0,0,0,0,0,0,5958,0,0,0,0,0,0,17874,1690,0,0,0,5961,18693,0,0,0,0,0,0,0,0,0,0,0,5958,12001,3989,13292,14936,18775,TCGA-S3-AA10-DX1_xmin43039_ymin23986_MPP-0.2500+53
38800,0,0,0,0,3467,0,0,0,0,0,0,0,0,0,0,0,0,0,0,0,0,0,0,7909,38800,0,0,0,0,3467,0,0,0,0,0,0,0,0,0,0,0,0,0,0,0,0,0,0,7909,38800,0,0,0,0,3467,0,0,0,0,0,0,0,0,0,0,0,0,0,0,0,0,0,0,7909,1998,753,36302,3214,2526,TCGA-S3-AA10-DX1_xmin43039_ymin23986_MPP-0.2500+54
47808,0,0,0,0,552,0,0,0,0,0,0,0,0,0,0,0,0,0,0,0,0,0,0,1816,47808,0,0,0,0,552,0,0,0,0,0,0,0,0,0,0,0,0,0,0,0,0,0,0,1816,47808,0,0,0,0,552,0,0,0,0,0,0,0,0,0,0,0,0,0,0,0,0,0,0,1816,1305,34,46503,518,984,TCGA-S3-AA10-DX1_xmin43039_ymin23986_MPP-0.2500+55
48677,0,0,0,0,0,0,0,0,0,0,0,0,0,0,0,0,0,0,0,0,0,0,0,1499,48677,0,0,0,0,0,0,0,0,0,0,0,0,0,0,0,0,0,0,0,0,0,0,0,1499,48677,0,0,0,0,0,0,0,0,0,0,0,0,0,0,0,0,0,0,0,0,0,0,0,1499,2932,0,45646,99,6305,TCGA-S3-AA10-DX1_xmin43039_ymin23986_MPP-0.2500+56
23466,0,0,10290,0,1151,0,0,683,0,0,0,0,0,0,9,0,0,1877,0,0,0,0,0,12700,23830,0,0,9926,0,1192,0,0,642,0,0,0,0,0,0,4,0,0,1882,0,0,0,0,0,12700,23942,0,0,9814,0,1208,0,0,626,0,0,0,0,0,0,6,0,0,1880,0,0,0,0,0,12700,1253,2317,29175,4731,8485,TCGA-S3-AA10-DX1_xmin43039_ymin23986_MPP-0.2500+57
24618,0,0,0,0,467,0,0,0,0,0,0,0,0,0,24512,0,0,0,0,0,0,0,0,579,24618,0,0,0,0,467,0,0,0,0,0,0,0,0,0,24512,0,0,0,0,0,0,0,0,579,24618,0,0,0,0,467,0,0,0,0,0,0,0,0,0,24512,0,0,0,0,0,0,0,0,579,5317,743,21869,21668,12771,TCGA-S3-AA10-DX1_xmin43039_ymin23986_MPP-0.2500+58
46978,0,0,0,0,243,0,0,0,0,0,0,0,0,0,0,0,0,0,0,0,0,0,0,2955,46978,0,0,0,0,243,0,0,0,0,0,0,0,0,0,0,0,0,0,0,0,0,0,0,2955,46978,0,0,0,0,243,0,0,0,0,0,0,0,0,0,0,0,0,0,0,0,0,0,0,2955,3599,2,43306,314,5697,TCGA-S3-AA10-DX1_xmin43039_ymin23986_MPP-0.2500+59
0,0,0,0,0,44069,0,0,0,0,0,0,0,0,0,0,0,0,0,0,0,0,0,0,6107,0,0,0,0,0,44069,0,0,0,0,0,0,0,0,0,0,0,0,0,0,0,0,0,0,6107,0,0,0,0,0,44069,0,0,0,0,0,0,0,0,0,0,0,0,0,0,0,0,0,0,6107,190,4347,3523,36009,10266,TCGA-S3-AA10-DX1_xmin43039_ymin23986_MPP-0.2500+6
25211,18206,0,0,0,0,45,0,0,0,0,0,0,0,0,0,0,0,0,0,0,0,0,0,6714,25827,17590,0,0,0,0,45,0,0,0,0,0,0,0,0,0,0,0,0,0,0,0,0,0,6714,26204,17213,0,0,0,0,45,0,0,0,0,0,0,0,0,0,0,0,0,0,0,0,0,0,6714,2915,449,30912,9186,5871,TCGA-S3-AA10-DX1_xmin43039_ymin23986_MPP-0.2500+60
10927,0,0,0,0,35080,0,0,0,0,0,0,0,0,0,0,0,0,0,0,0,0,0,0,4169,10927,0,0,0,0,35080,0,0,0,0,0,0,0,0,0,0,0,0,0,0,0,0,0,0,4169,10927,0,0,0,0,35080,0,0,0,0,0,0,0,0,0,0,0,0,0,0,0,0,0,0,4169,947,3505,10854,30701,10885,TCGA-S3-AA10-DX1_xmin43039_ymin23986_MPP-0.2500+61
2995,0,0,0,0,33158,0,0,0,0,8047,0,0,0,0,0,0,0,0,0,0,0,0,0,5976,2995,0,0,0,0,33158,0,0,0,0,8047,0,0,0,0,0,0,0,0,0,0,0,0,0,5976,2995,0,0,0,0,33158,0,0,0,0,8047,0,0,0,0,0,0,0,0,0,0,0,0,0,5976,1789,5189,11309,25913,14054,TCGA-S3-AA10-DX1_xmin43039_ymin23986_MPP-0.2500+62
28341,0,0,2269,0,2847,0,0,7156,0,0,0,0,0,0,0,0,0,0,0,0,0,0,0,9563,28870,0,0,1740,0,3338,0,0,6665,0,0,0,0,0,0,0,0,0,0,0,0,0,0,0,9563,28861,0,0,1749,0,3415,0,0,6588,0,0,0,0,0,0,0,0,0,0,0,0,0,0,0,9563,792,3375,27431,9015,5782,TCGA-S3-AA10-DX1_xmin43039_ymin23986_MPP-0.2500+63
45718,0,0,0,0,884,0,0,0,0,0,0,0,0,0,0,0,0,0,0,0,0,0,0,3574,45718,0,0,0,0,884,0,0,0,0,0,0,0,0,0,0,0,0,0,0,0,0,0,0,3574,45718,0,0,0,0,884,0,0,0,0,0,0,0,0,0,0,0,0,0,0,0,0,0,0,3574,3819,77,41794,912,9078,TCGA-S3-AA10-DX1_xmin43039_ymin23986_MPP-0.2500+64
45410,0,0,0,0,0,0,0,0,0,0,0,0,0,0,0,0,0,0,0,0,0,0,0,4766,45410,0,0,0,0,0,0,0,0,0,0,0,0,0,0,0,0,0,0,0,0,0,0,0,4766,45410,0,0,0,0,0,0,0,0,0,0,0,0,0,0,0,0,0,0,0,0,0,0,0,4766,2112,0,43230,68,2157,TCGA-S3-AA10-DX1_xmin43039_ymin23986_MPP-0.2500+65
47310,0,0,0,0,0,0,0,0,0,0,0,0,0,0,0,0,0,0,0,0,0,0,0,2866,47310,0,0,0,0,0,0,0,0,0,0,0,0,0,0,0,0,0,0,0,0,0,0,0,2866,47310,0,0,0,0,0,0,0,0,0,0,0,0,0,0,0,0,0,0,0,0,0,0,0,2866,1711,365,44123,1111,5667,TCGA-S3-AA10-DX1_xmin43039_ymin23986_MPP-0.2500+66
25228,0,0,3429,0,1307,0,0,2682,0,0,0,0,0,0,0,0,0,0,0,0,0,0,0,17530,24703,0,0,3954,0,1353,0,0,2636,0,0,0,0,0,0,0,0,0,0,0,0,0,0,0,17530,24536,0,0,4121,0,1384,0,0,2605,0,0,0,0,0,0,0,0,0,0,0,0,0,0,0,17530,1100,2066,26609,2871,6516,TCGA-S3-AA10-DX1_xmin43039_ymin23986_MPP-0.2500+67
16838,0,0,3555,0,4499,0,0,3092,0,0,0,0,0,0,0,0,0,0,0,0,0,0,0,22192,16578,0,0,3815,0,4261,0,0,3330,0,0,0,0,0,0,0,0,0,0,0,0,0,0,0,22192,16705,0,0,3688,0,4190,0,0,3401,0,0,0,0,0,0,0,0,0,0,0,0,0,0,0,22192,1478,3744,15039,7723,6698,TCGA-S3-AA10-DX1_xmin43039_ymin23986_MPP-0.2500+68
50176,0,0,0,0,0,0,0,0,0,0,0,0,0,0,0,0,0,0,0,0,0,0,0,0,50176,0,0,0,0,0,0,0,0,0,0,0,0,0,0,0,0,0,0,0,0,0,0,0,0,50176,0,0,0,0,0,0,0,0,0,0,0,0,0,0,0,0,0,0,0,0,0,0,0,0,981,0,49166,29,3472,TCGA-S3-AA10-DX1_xmin43039_ymin23986_MPP-0.2500+69
280,0,0,0,0,32444,0,0,0,0,0,0,0,0,0,0,0,0,0,0,0,0,0,0,17452,280,0,0,0,0,32444,0,0,0,0,0,0,0,0,0,0,0,0,0,0,0,0,0,0,17452,280,0,0,0,0,32444,0,0,0,0,0,0,0,0,0,0,0,0,0,0,0,0,0,0,17452,2476,2614,7014,20620,17103,TCGA-S3-AA10-DX1_xmin43039_ymin23986_MPP-0.2500+7
22960,4014,0,0,0,2557,11008,0,0,0,0,0,0,0,0,0,0,0,0,0,0,0,0,0,9637,22850,4124,0,0,0,2915,10650,0,0,0,0,0,0,0,0,0,0,0,0,0,0,0,0,0,9637,23162,3812,0,0,0,3498,10067,0,0,0,0,0,0,0,0,0,0,0,0,0,0,0,0,0,9637,5292,1579,27846,5822,10419,TCGA-S3-AA10-DX1_xmin43039_ymin23986_MPP-0.2500+70
19324,0,0,0,0,28430,0,0,0,0,0,0,0,0,0,0,0,0,0,0,0,0,0,0,2422,19324,0,0,0,0,28430,0,0,0,0,0,0,0,0,0,0,0,0,0,0,0,0,0,0,2422,19324,0,0,0,0,28430,0,0,0,0,0,0,0,0,0,0,0,0,0,0,0,0,0,0,2422,1430,5617,19171,21536,12741,TCGA-S3-AA10-DX1_xmin43039_ymin23986_MPP-0.2500+71
31132,0,0,0,0,12387,0,0,0,0,0,0,0,0,0,0,0,0,0,0,0,0,0,0,6657,31132,0,0,0,0,12387,0,0,0,0,0,0,0,0,0,0,0,0,0,0,0,0,0,0,6657,31132,0,0,0,0,12387,0,0,0,0,0,0,0,0,0,0,0,0,0,0,0,0,0,0,6657,3175,4382,27102,8860,10439,TCGA-S3-AA10-DX1_xmin43039_ymin23986_MPP-0.2500+72
50176,0,0,0,0,0,0,0,0,0,0,0,0,0,0,0,0,0,0,0,0,0,0,0,0,50176,0,0,0,0,0,0,0,0,0,0,0,0,0,0,0,0,0,0,0,0,0,0,0,0,50176,0,0,0,0,0,0,0,0,0,0,0,0,0,0,0,0,0,0,0,0,0,0,0,0,4252,0,45620,304,11037,TCGA-S3-AA10-DX1_xmin43039_ymin23986_MPP-0.2500+73
43170,0,0,0,0,1111,0,0,0,0,0,0,0,0,0,1560,0,0,0,0,0,0,0,0,4335,43170,0,0,0,0,1111,0,0,0,0,0,0,0,0,0,1560,0,0,0,0,0,0,0,0,4335,43170,0,0,0,0,1111,0,0,0,0,0,0,0,0,0,1560,0,0,0,0,0,0,0,0,4335,3028,267,39078,3468,8331,TCGA-S3-AA10-DX1_xmin43039_ymin23986_MPP-0.2500+74
46696,0,0,0,0,198,0,0,0,0,0,0,0,0,0,0,0,0,0,0,0,0,0,0,3282,46696,0,0,0,0,198,0,0,0,0,0,0,0,0,0,0,0,0,0,0,0,0,0,0,3282,46696,0,0,0,0,198,0,0,0,0,0,0,0,0,0,0,0,0,0,0,0,0,0,0,3282,2062,31,43797,1004,4153,TCGA-S3-AA10-DX1_xmin43039_ymin23986_MPP-0.2500+75
23327,0,0,0,0,5296,0,0,3158,0,0,0,0,0,0,888,0,0,4318,0,0,0,0,0,13189,23081,0,0,246,0,5096,0,0,3358,0,0,0,0,0,0,870,0,0,4336,0,0,0,0,0,13189,23071,0,0,256,0,5047,0,0,3407,0,0,0,0,0,0,878,0,0,4328,0,0,0,0,0,13189,3217,1007,23903,8860,6150,TCGA-S3-AA10-DX1_xmin43039_ymin23986_MPP-0.2500+76
0,3313,0,1120,0,0,848,0,4742,0,0,0,0,0,0,0,0,0,7961,0,0,0,0,0,32192,0,3311,0,1122,0,0,907,0,4683,0,0,0,0,0,0,0,0,0,7961,0,0,0,0,0,32192,0,3398,0,1035,0,0,946,0,4644,0,0,0,0,0,0,0,0,0,7961,0,0,0,0,0,32192,6746,2057,5929,3252,6836,TCGA-S3-AA10-DX1_xmin43039_ymin23986_MPP-0.2500+77
29079,0,0,7914,0,1065,0,0,3019,0,0,0,0,0,0,0,0,0,781,0,0,0,0,0,8318,29673,0,0,7320,0,1208,0,0,2876,0,0,0,0,0,0,0,0,0,781,0,0,0,0,0,8318,29632,0,0,7361,0,1234,0,0,2850,0,0,0,0,0,0,0,0,0,781,0,0,0,0,0,8318,1910,2877,32210,4861,7167,TCGA-S3-AA10-DX1_xmin43039_ymin23986_MPP-0.2500+78
50176,0,0,0,0,0,0,0,0,0,0,0,0,0,0,0,0,0,0,0,0,0,0,0,0,50176,0,0,0,0,0,0,0,0,0,0,0,0,0,0,0,0,0,0,0,0,0,0,0,0,50176,0,0,0,0,0,0,0,0,0,0,0,0,0,0,0,0,0,0,0,0,0,0,0,0,3656,1859,39774,4887,10258,TCGA-S3-AA10-DX1_xmin43039_ymin23986_MPP-0.2500+79
3572,0,0,0,0,42800,0,0,0,0,0,0,0,0,0,0,0,0,0,0,0,0,0,0,3804,3572,0,0,0,0,42800,0,0,0,0,0,0,0,0,0,0,0,0,0,0,0,0,0,0,3804,3572,0,0,0,0,42800,0,0,0,0,0,0,0,0,0,0,0,0,0,0,0,0,0,0,3804,2678,5221,12048,26425,13581,TCGA-S3-AA10-DX1_xmin43039_ymin23986_MPP-0.2500+8
6241,9921,0,2745,0,11567,1010,0,7208,0,0,0,0,0,0,0,0,0,0,0,0,0,0,0,11484,6584,9937,0,2386,0,11826,1092,0,6867,0,0,0,0,0,0,0,0,0,0,0,0,0,0,0,11484,6789,9854,0,2264,0,11621,1317,0,6847,0,0,0,0,0,0,0,0,0,0,0,0,0,0,0,11484,1022,6074,7575,24021,13456,TCGA-S3-AA10-DX1_xmin43039_ymin23986_MPP-0.2500+80
11096,7284,0,0,0,7645,11713,0,0,0,0,0,0,0,0,0,0,0,0,0,0,0,0,0,12438,10937,7443,0,0,0,7116,12242,0,0,0,0,0,0,0,0,0,0,0,0,0,0,0,0,0,12438,11013,7367,0,0,0,6857,12501,0,0,0,0,0,0,0,0,0,0,0,0,0,0,0,0,0,12438,1120,6132,18965,11521,9467,TCGA-S3-AA10-DX1_xmin43039_ymin23986_MPP-0.2500+81
22545,2686,0,0,0,1035,2015,0,0,0,0,0,0,0,0,0,0,0,0,0,0,0,0,0,21895,22495,2736,0,0,0,963,2087,0,0,0,0,0,0,0,0,0,0,0,0,0,0,0,0,0,21895,22192,3039,0,0,0,805,2245,0,0,0,0,0,0,0,0,0,0,0,0,0,0,0,0,0,21895,2204,1411,23158,1508,2337,TCGA-S3-AA10-DX1_xmin43039_ymin23986_MPP-0.2500+82
13716,0,0,235,0,2669,0,0,5690,0,0,0,0,0,0,2298,0,0,10510,0,0,0,0,0,15058,13604,0,0,347,0,2662,0,0,5697,0,0,0,0,0,0,2391,0,0,10417,0,0,0,0,0,15058,13478,0,0,473,0,2678,0,0,5681,0,0,0,0,0,0,2407,0,0,10401,0,0,0,0,0,15058,8181,1444,15670,9823,13515,TCGA-S3-AA10-DX1_xmin43039_ymin23986_MPP-0.2500+83
0,0,0,0,0,0,0,0,8431,0,0,0,0,0,0,0,0,0,12129,0,0,0,0,0,29616,0,0,0,0,0,0,0,0,8431,0,0,0,0,0,0,0,0,0,12129,0,0,0,0,0,29616,0,0,0,0,0,0,0,0,8431,0,0,0,0,0,0,0,0,0,12129,0,0,0,0,0,29616,6618,2315,5298,6329,14152,TCGA-S3-AA10-DX1_xmin43039_ymin23986_MPP-0.2500+84
0,0,0,0,0,0,0,0,8551,0,0,0,0,0,0,0,0,0,16572,0,0,0,0,0,25053,0,0,0,0,0,0,0,0,8551,0,0,0,0,0,0,0,0,0,16572,0,0,0,0,0,25053,0,0,0,0,0,0,0,0,8551,0,0,0,0,0,0,0,0,0,16572,0,0,0,0,0,25053,8979,3284,7332,5528,15044,TCGA-S3-AA10-DX1_xmin43039_ymin23986_MPP-0.2500+85
8760,0,0,289,0,1420,0,0,8497,0,0,0,0,0,0,3584,0,0,2559,0,0,0,0,0,25067,8727,0,0,322,0,1604,0,0,8313,0,0,0,0,0,0,3759,0,0,2384,0,0,0,0,0,25067,8729,0,0,320,0,1493,0,0,8424,0,0,0,0,0,0,3892,0,0,2251,0,0,0,0,0,25067,1976,3464,9255,10414,5257,TCGA-S3-AA10-DX1_xmin43039_ymin23986_MPP-0.2500+86
32485,0,0,4611,0,0,0,0,4788,0,0,0,0,0,0,0,0,0,3420,0,0,0,0,0,4872,32798,0,0,4298,0,0,0,0,4788,0,0,0,0,0,0,0,0,0,3420,0,0,0,0,0,4872,32644,0,0,4452,0,0,0,0,4788,0,0,0,0,0,0,0,0,0,3420,0,0,0,0,0,4872,5853,2082,32412,4957,13398,TCGA-S3-AA10-DX1_xmin43039_ymin23986_MPP-0.2500+87
21722,0,0,5923,0,172,0,0,9133,0,0,0,0,0,0,0,0,0,0,0,0,0,0,0,13226,21782,0,0,5863,0,163,0,0,9142,0,0,0,0,0,0,0,0,0,0,0,0,0,0,0,13226,21896,0,0,5749,0,237,0,0,9068,0,0,0,0,0,0,0,0,0,0,0,0,0,0,0,13226,1596,4030,20527,10797,10884,TCGA-S3-AA10-DX1_xmin43039_ymin23986_MPP-0.2500+88
0,0,0,0,0,0,0,0,5293,0,0,0,0,0,0,112,0,0,33414,0,0,0,0,0,11357,0,0,0,0,0,0,0,0,5293,0,0,0,0,0,0,176,0,0,33350,0,0,0,0,0,11357,0,0,0,0,0,0,0,0,5293,0,0,0,0,0,0,176,0,0,33350,0,0,0,0,0,11357,15389,1353,17428,4649,22851,TCGA-S3-AA10-DX1_xmin43039_ymin23986_MPP-0.2500+89
0,2118,0,0,0,0,46758,0,0,0,0,0,0,0,0,0,668,0,0,0,0,0,0,0,632,208,1910,0,0,0,0,46758,0,0,0,0,0,0,0,0,0,668,0,0,0,0,0,0,0,632,64,2054,0,0,0,0,46758,0,0,0,0,0,0,0,0,0,668,0,0,0,0,0,0,0,632,7139,1207,35726,5472,13115,TCGA-S3-AA10-DX1_xmin43039_ymin23986_MPP-0.2500+9
0,0,0,0,0,0,0,0,5693,0,0,0,0,0,0,48,0,0,36972,0,0,0,0,0,7463,0,0,0,0,0,0,0,0,5693,0,0,0,0,0,0,80,0,0,36940,0,0,0,0,0,7463,0,0,0,0,0,0,0,0,5693,0,0,0,0,0,0,80,0,0,36940,0,0,0,0,0,7463,27308,1537,8204,5664,32042,TCGA-S3-AA10-DX1_xmin43039_ymin23986_MPP-0.2500+90
0,0,0,0,0,0,0,0,9738,0,0,0,0,0,0,0,0,0,6650,0,0,0,0,0,33788,0,0,0,0,0,0,0,0,9738,0,0,0,0,0,0,0,0,0,6650,0,0,0,0,0,33788,0,0,0,0,0,0,0,0,9738,0,0,0,0,0,0,0,0,0,6650,0,0,0,0,0,33788,2388,3076,3569,7355,9240,TCGA-S3-AA10-DX1_xmin43039_ymin23986_MPP-0.2500+91
0,0,0,0,0,0,18094,0,0,0,0,2678,0,0,0,0,0,0,0,0,0,0,0,0,29404,0,0,0,0,0,0,18094,0,0,0,0,2678,0,0,0,0,0,0,0,0,0,0,0,0,29404,0,0,0,0,0,0,18094,0,0,0,0,2678,0,0,0,0,0,0,0,0,0,0,0,0,29404,3809,941,14032,1990,7074,TCGA-S3-AA15-DX1_xmin55486_ymin28926_MPP-0.2500+0
0,0,0,0,0,0,9291,0,0,0,0,337,0,0,0,0,0,0,0,0,0,0,0,0,40548,0,0,0,0,0,0,9291,0,0,0,0,337,0,0,0,0,0,0,0,0,0,0,0,0,40548,0,0,0,0,0,0,9291,0,0,0,0,337,0,0,0,0,0,0,0,0,0,0,0,0,40548,3794,0,5044,790,3086,TCGA-S3-AA15-DX1_xmin55486_ymin28926_MPP-0.2500+1
0,0,0,0,0,0,11938,2847,0,0,0,3990,7581,0,0,0,0,0,0,0,0,0,0,0,23820,0,0,0,0,0,0,12001,2784,0,0,0,4051,7520,0,0,0,0,0,0,0,0,0,0,0,23820,0,0,0,0,0,0,11801,2984,0,0,0,3836,7735,0,0,0,0,0,0,0,0,0,0,0,23820,4047,840,14539,6930,10859,TCGA-S3-AA15-DX1_xmin55486_ymin28926_MPP-0.2500+10
0,0,0,0,0,0,9249,1228,0,0,0,362,2522,0,0,0,0,0,0,0,0,0,0,0,36815,0,0,0,0,0,0,9436,1041,0,0,0,442,2442,0,0,0,0,0,0,0,0,0,0,0,36815,0,0,0,0,0,0,9664,813,0,0,0,619,2265,0,0,0,0,0,0,0,0,0,0,0,36815,1359,755,9537,1710,3397,TCGA-S3-AA15-DX1_xmin55486_ymin28926_MPP-0.2500+11
0,0,0,0,0,0,7542,2689,0,0,0,6026,7509,0,0,0,0,0,0,0,0,0,0,0,26410,0,0,0,0,0,0,7523,2708,0,0,0,5919,7616,0,0,0,0,0,0,0,0,0,0,0,26410,0,0,0,0,0,0,7509,2722,0,0,0,5720,7815,0,0,0,0,0,0,0,0,0,0,0,26410,6392,914,9072,7388,11308,TCGA-S3-AA15-DX1_xmin55486_ymin28926_MPP-0.2500+12
0,0,0,0,0,0,0,3906,0,0,192,0,41132,0,0,0,0,0,0,0,0,0,0,0,4946,0,0,0,0,0,0,0,3906,0,0,64,0,41260,0,0,0,0,0,0,0,0,0,0,0,4946,0,0,0,0,0,0,0,3906,0,0,64,0,41260,0,0,0,0,0,0,0,0,0,0,0,4946,16233,686,21867,6444,13977,TCGA-S3-AA15-DX1_xmin55486_ymin28926_MPP-0.2500+13
0,0,0,0,0,0,5026,2360,0,0,0,1686,39857,0,0,0,0,0,0,0,0,0,0,0,1247,0,0,0,0,0,0,5031,2355,0,0,0,1969,39574,0,0,0,0,0,0,0,0,0,0,0,1247,0,0,0,0,0,0,5024,2362,0,0,0,1990,39553,0,0,0,0,0,0,0,0,0,0,0,1247,16598,1247,26790,4294,19420,TCGA-S3-AA15-DX1_xmin55486_ymin28926_MPP-0.2500+14
0,0,0,0,0,0,48890,0,0,0,0,1286,0,0,0,0,0,0,0,0,0,0,0,0,0,0,0,0,0,0,0,48890,0,0,0,0,1286,0,0,0,0,0,0,0,0,0,0,0,0,0,0,0,0,0,0,0,48890,0,0,0,0,1286,0,0,0,0,0,0,0,0,0,0,0,0,0,5975,36,41848,2317,10377,TCGA-S3-AA15-DX1_xmin55486_ymin28926_MPP-0.2500+15
0,0,0,0,0,0,50176,0,0,0,0,0,0,0,0,0,0,0,0,0,0,0,0,0,0,0,0,0,0,0,0,50176,0,0,0,0,0,0,0,0,0,0,0,0,0,0,0,0,0,0,0,0,0,0,0,0,50176,0,0,0,0,0,0,0,0,0,0,0,0,0,0,0,0,0,0,9314,332,32854,7676,8896,TCGA-S3-AA15-DX1_xmin55486_ymin28926_MPP-0.2500+16
0,0,0,0,0,0,50176,0,0,0,0,0,0,0,0,0,0,0,0,0,0,0,0,0,0,0,0,0,0,0,0,50176,0,0,0,0,0,0,0,0,0,0,0,0,0,0,0,0,0,0,0,0,0,0,0,0,50176,0,0,0,0,0,0,0,0,0,0,0,0,0,0,0,0,0,0,12860,52,35217,2047,12267,TCGA-S3-AA15-DX1_xmin55486_ymin28926_MPP-0.2500+17
31341,0,0,0,0,12277,0,0,0,0,1994,0,0,0,0,0,0,0,0,0,0,0,0,0,4564,31341,0,0,0,0,12277,0,0,0,0,1994,0,0,0,0,0,0,0,0,0,0,0,0,0,4564,31341,0,0,0,0,12277,0,0,0,0,1994,0,0,0,0,0,0,0,0,0,0,0,0,0,4564,771,5836,30272,8733,12075,TCGA-S3-AA15-DX1_xmin55486_ymin28926_MPP-0.2500+18
34230,0,0,0,0,10902,0,0,0,0,2031,0,0,0,0,0,0,0,0,0,0,0,0,0,3013,34230,0,0,0,0,10902,0,0,0,0,2031,0,0,0,0,0,0,0,0,0,0,0,0,0,3013,34230,0,0,0,0,10902,0,0,0,0,2031,0,0,0,0,0,0,0,0,0,0,0,0,0,3013,1806,2653,33784,8920,8405,TCGA-S3-AA15-DX1_xmin55486_ymin28926_MPP-0.2500+19
0,0,0,0,0,0,6665,2305,0,0,0,4790,3776,0,0,0,0,0,0,0,0,0,0,0,32640,0,0,0,0,0,0,6794,2176,0,0,0,5128,3438,0,0,0,0,0,0,0,0,0,0,0,32640,0,0,0,0,0,0,6882,2088,0,0,0,5312,3254,0,0,0,0,0,0,0,0,0,0,0,32640,1634,1675,8633,5594,5334,TCGA-S3-AA15-DX1_xmin55486_ymin28926_MPP-0.2500+2
17653,809,0,0,0,7488,6524,0,0,0,361,4,0,0,0,0,0,0,0,0,0,0,0,0,17337,17619,843,0,0,0,7322,6690,0,0,0,356,9,0,0,0,0,0,0,0,0,0,0,0,0,17337,17647,815,0,0,0,7295,6717,0,0,0,361,4,0,0,0,0,0,0,0,0,0,0,0,0,17337,4753,792,18448,8846,6799,TCGA-S3-AA15-DX1_xmin55486_ymin28926_MPP-0.2500+20
40925,0,0,0,0,4974,0,0,0,0,423,0,0,0,0,0,0,0,0,0,0,0,0,0,3854,40925,0,0,0,0,4974,0,0,0,0,423,0,0,0,0,0,0,0,0,0,0,0,0,0,3854,40925,0,0,0,0,4974,0,0,0,0,423,0,0,0,0,0,0,0,0,0,0,0,0,0,3854,849,675,40086,4712,4095,TCGA-S3-AA15-DX1_xmin55486_ymin28926_MPP-0.2500+21
7768,0,974,0,0,9280,0,9935,0,0,784,0,17010,0,0,0,0,0,0,0,0,0,0,0,4425,7709,0,1033,0,0,9248,0,9967,0,0,679,0,17115,0,0,0,0,0,0,0,0,0,0,0,4425,7658,0,1084,0,0,9344,0,9871,0,0,713,0,17081,0,0,0,0,0,0,0,0,0,0,0,4425,6798,3627,17792,17534,13567,TCGA-S3-AA15-DX1_xmin55486_ymin28926_MPP-0.2500+22
0,0,0,0,0,0,21389,6820,0,0,0,1578,16825,0,0,0,0,0,0,0,0,0,0,0,3564,0,0,0,0,0,0,21540,6669,0,0,0,1860,16543,0,0,0,0,0,0,0,0,0,0,0,3564,0,0,0,0,0,0,21660,6549,0,0,0,2124,16279,0,0,0,0,0,0,0,0,0,0,0,3564,9612,4564,26907,5529,15268,TCGA-S3-AA15-DX1_xmin55486_ymin28926_MPP-0.2500+23
0,0,0,0,0,0,49999,0,0,0,0,177,0,0,0,0,0,0,0,0,0,0,0,0,0,0,0,0,0,0,0,49999,0,0,0,0,177,0,0,0,0,0,0,0,0,0,0,0,0,0,0,0,0,0,0,0,49999,0,0,0,0,177,0,0,0,0,0,0,0,0,0,0,0,0,0,10697,212,31920,7347,17517,TCGA-S3-AA15-DX1_xmin55486_ymin28926_MPP-0.2500+24
0,0,0,0,0,0,50176,0,0,0,0,0,0,0,0,0,0,0,0,0,0,0,0,0,0,0,0,0,0,0,0,50176,0,0,0,0,0,0,0,0,0,0,0,0,0,0,0,0,0,0,0,0,0,0,0,0,50176,0,0,0,0,0,0,0,0,0,0,0,0,0,0,0,0,0,0,10285,112,35872,3907,13091,TCGA-S3-AA15-DX1_xmin55486_ymin28926_MPP-0.2500+25
0,0,0,0,0,0,50176,0,0,0,0,0,0,0,0,0,0,0,0,0,0,0,0,0,0,0,0,0,0,0,0,50176,0,0,0,0,0,0,0,0,0,0,0,0,0,0,0,0,0,0,0,0,0,0,0,0,50176,0,0,0,0,0,0,0,0,0,0,0,0,0,0,0,0,0,0,14029,0,34689,1458,16602,TCGA-S3-AA15-DX1_xmin55486_ymin28926_MPP-0.2500+26
33578,0,0,0,0,5517,0,0,0,0,0,0,0,0,0,0,0,0,0,0,0,0,0,0,11081,33578,0,0,0,0,5517,0,0,0,0,0,0,0,0,0,0,0,0,0,0,0,0,0,0,11081,33578,0,0,0,0,5517,0,0,0,0,0,0,0,0,0,0,0,0,0,0,0,0,0,0,11081,3533,1514,29096,4952,6626,TCGA-S3-AA15-DX1_xmin55486_ymin28926_MPP-0.2500+27
37671,6488,0,0,0,498,4344,0,0,0,0,0,0,0,0,0,0,0,0,0,0,0,0,0,1175,44159,0,0,0,0,4842,0,0,0,0,0,0,0,0,0,0,0,0,0,0,0,0,0,0,1175,44159,0,0,0,0,4842,0,0,0,0,0,0,0,0,0,0,0,0,0,0,0,0,0,0,1175,2760,510,41606,4125,13101,TCGA-S3-AA15-DX1_xmin55486_ymin28926_MPP-0.2500+28
41624,0,0,0,0,5348,0,0,0,0,0,0,0,0,0,0,0,0,0,0,0,0,0,0,3204,41624,0,0,0,0,5348,0,0,0,0,0,0,0,0,0,0,0,0,0,0,0,0,0,0,3204,41624,0,0,0,0,5348,0,0,0,0,0,0,0,0,0,0,0,0,0,0,0,0,0,0,3204,3101,802,37511,5558,15693,TCGA-S3-AA15-DX1_xmin55486_ymin28926_MPP-0.2500+29
0,0,0,0,0,0,6397,1431,0,0,0,3664,14505,0,0,0,0,0,0,0,0,0,0,0,24179,0,0,0,0,0,0,6363,1465,0,0,0,3772,14397,0,0,0,0,0,0,0,0,0,0,0,24179,0,0,0,0,0,0,6426,1402,0,0,0,4001,14168,0,0,0,0,0,0,0,0,0,0,0,24179,10419,724,10961,3893,8769,TCGA-S3-AA15-DX1_xmin55486_ymin28926_MPP-0.2500+3
34651,0,0,0,0,13559,0,0,0,0,0,0,0,0,0,0,0,0,0,0,0,0,0,0,1966,34651,0,0,0,0,13559,0,0,0,0,0,0,0,0,0,0,0,0,0,0,0,0,0,0,1966,34651,0,0,0,0,13559,0,0,0,0,0,0,0,0,0,0,0,0,0,0,0,0,0,0,1966,2447,1791,34732,9240,8617,TCGA-S3-AA15-DX1_xmin55486_ymin28926_MPP-0.2500+30
44789,0,0,0,0,5385,0,0,0,0,0,0,0,0,0,0,0,0,0,0,0,0,0,0,2,44789,0,0,0,0,5385,0,0,0,0,0,0,0,0,0,0,0,0,0,0,0,0,0,0,2,44789,0,0,0,0,5385,0,0,0,0,0,0,0,0,0,0,0,0,0,0,0,0,0,0,2,558,1286,44479,3851,1908,TCGA-S3-AA15-DX1_xmin55486_ymin28926_MPP-0.2500+31
5670,1805,3739,0,0,6705,16627,6378,0,0,0,1224,3578,0,0,0,0,0,0,0,0,0,0,0,4450,5993,1925,3296,0,0,6735,16993,5982,0,0,14,1229,3559,0,0,0,0,0,0,0,0,0,0,0,4450,5827,2026,3361,0,0,6546,17319,5845,0,0,0,1257,3545,0,0,0,0,0,0,0,0,0,0,0,4450,2229,6492,17781,19224,14059,TCGA-S3-AA15-DX1_xmin55486_ymin28926_MPP-0.2500+32
0,484,0,0,0,0,36944,992,0,0,0,4851,5934,0,0,0,0,0,0,0,0,0,0,0,971,0,484,0,0,0,0,37000,936,0,0,0,5212,5573,0,0,0,0,0,0,0,0,0,0,0,971,0,484,0,0,0,0,36869,1067,0,0,0,5053,5732,0,0,0,0,0,0,0,0,0,0,0,971,7960,1004,30417,9824,13489,TCGA-S3-AA15-DX1_xmin55486_ymin28926_MPP-0.2500+33
0,0,0,0,0,0,42802,0,0,0,0,7374,0,0,0,0,0,0,0,0,0,0,0,0,0,0,0,0,0,0,0,42802,0,0,0,0,7374,0,0,0,0,0,0,0,0,0,0,0,0,0,0,0,0,0,0,0,42802,0,0,0,0,7374,0,0,0,0,0,0,0,0,0,0,0,0,0,8285,819,32527,8545,19392,TCGA-S3-AA15-DX1_xmin55486_ymin28926_MPP-0.2500+34
0,0,0,0,0,0,49080,0,0,0,0,1096,0,0,0,0,0,0,0,0,0,0,0,0,0,0,0,0,0,0,0,49080,0,0,0,0,1096,0,0,0,0,0,0,0,0,0,0,0,0,0,0,0,0,0,0,0,49080,0,0,0,0,1096,0,0,0,0,0,0,0,0,0,0,0,0,0,6928,935,38610,3703,11423,TCGA-S3-AA15-DX1_xmin55486_ymin28926_MPP-0.2500+35
45885,0,0,0,0,2701,0,0,0,0,0,0,0,0,0,0,0,0,0,0,0,0,0,0,1590,45885,0,0,0,0,2701,0,0,0,0,0,0,0,0,0,0,0,0,0,0,0,0,0,0,1590,45885,0,0,0,0,2701,0,0,0,0,0,0,0,0,0,0,0,0,0,0,0,0,0,0,1590,3622,37,41913,3014,6378,TCGA-S3-AA15-DX1_xmin55486_ymin28926_MPP-0.2500+36
44971,0,0,0,0,5205,0,0,0,0,0,0,0,0,0,0,0,0,0,0,0,0,0,0,0,44971,0,0,0,0,5205,0,0,0,0,0,0,0,0,0,0,0,0,0,0,0,0,0,0,0,44971,0,0,0,0,5205,0,0,0,0,0,0,0,0,0,0,0,0,0,0,0,0,0,0,0,4448,1343,36102,8283,15541,TCGA-S3-AA15-DX1_xmin55486_ymin28926_MPP-0.2500+37
44308,0,0,0,0,5479,0,0,0,0,0,0,0,0,0,0,0,0,0,0,0,0,0,0,389,44308,0,0,0,0,5479,0,0,0,0,0,0,0,0,0,0,0,0,0,0,0,0,0,0,389,44308,0,0,0,0,5479,0,0,0,0,0,0,0,0,0,0,0,0,0,0,0,0,0,0,389,3756,1582,40846,3603,9122,TCGA-S3-AA15-DX1_xmin55486_ymin28926_MPP-0.2500+38
24065,0,0,0,0,23675,0,0,0,0,0,0,0,0,0,0,0,0,0,0,0,0,0,0,2436,24065,0,0,0,0,23675,0,0,0,0,0,0,0,0,0,0,0,0,0,0,0,0,0,0,2436,24065,0,0,0,0,23675,0,0,0,0,0,0,0,0,0,0,0,0,0,0,0,0,0,0,2436,901,5128,24150,17561,8321,TCGA-S3-AA15-DX1_xmin55486_ymin28926_MPP-0.2500+39
0,0,0,0,0,0,8590,905,0,0,0,3877,20603,0,0,0,0,0,0,0,0,0,0,0,16201,0,0,0,0,0,0,8733,762,0,0,0,4212,20268,0,0,0,0,0,0,0,0,0,0,0,16201,0,0,0,0,0,0,8826,669,0,0,0,4999,19481,0,0,0,0,0,0,0,0,0,0,0,16201,10236,1615,19479,2645,12401,TCGA-S3-AA15-DX1_xmin55486_ymin28926_MPP-0.2500+4
36749,0,0,0,0,13400,0,0,0,0,27,0,0,0,0,0,0,0,0,0,0,0,0,0,0,36749,0,0,0,0,13400,0,0,0,0,27,0,0,0,0,0,0,0,0,0,0,0,0,0,0,36749,0,0,0,0,13400,0,0,0,0,27,0,0,0,0,0,0,0,0,0,0,0,0,0,0,2126,2935,33068,12047,6788,TCGA-S3-AA15-DX1_xmin55486_ymin28926_MPP-0.2500+40
7939,34,0,0,0,11546,16510,0,0,0,3493,9630,0,0,0,0,0,0,0,0,0,0,0,0,1024,7926,47,0,0,0,11563,16493,0,0,0,3713,9410,0,0,0,0,0,0,0,0,0,0,0,0,1024,7906,67,0,0,0,11518,16538,0,0,0,3504,9619,0,0,0,0,0,0,0,0,0,0,0,0,1024,5857,6117,17024,20154,14919,TCGA-S3-AA15-DX1_xmin55486_ymin28926_MPP-0.2500+41
12740,3,0,0,0,13312,6649,0,0,0,5802,8195,0,0,0,0,0,0,0,0,0,0,0,0,3475,12736,7,0,0,0,13277,6684,0,0,0,5594,8403,0,0,0,0,0,0,0,0,0,0,0,0,3475,12740,3,0,0,0,13269,6692,0,0,0,5516,8481,0,0,0,0,0,0,0,0,0,0,0,0,3475,2737,3408,19451,21105,13546,TCGA-S3-AA15-DX1_xmin55486_ymin28926_MPP-0.2500+42
0,718,0,0,0,0,22510,6275,0,0,0,11697,8976,0,0,0,0,0,0,0,0,0,0,0,0,0,718,0,0,0,0,23500,5285,0,0,0,11821,8852,0,0,0,0,0,0,0,0,0,0,0,0,0,718,0,0,0,0,23501,5284,0,0,0,11645,9028,0,0,0,0,0,0,0,0,0,0,0,0,6677,5263,23522,14714,22336,TCGA-S3-AA15-DX1_xmin55486_ymin28926_MPP-0.2500+43
0,0,0,0,0,0,36097,13009,0,0,0,0,1070,0,0,0,0,0,0,0,0,0,0,0,0,0,0,0,0,0,0,36423,12683,0,0,0,2,1068,0,0,0,0,0,0,0,0,0,0,0,0,0,0,0,0,0,0,36509,12597,0,0,0,48,1022,0,0,0,0,0,0,0,0,0,0,0,0,7428,1667,33261,7820,16416,TCGA-S3-AA15-DX1_xmin55486_ymin28926_MPP-0.2500+44
48984,0,0,0,0,1192,0,0,0,0,0,0,0,0,0,0,0,0,0,0,0,0,0,0,0,48984,0,0,0,0,1192,0,0,0,0,0,0,0,0,0,0,0,0,0,0,0,0,0,0,0,48984,0,0,0,0,1192,0,0,0,0,0,0,0,0,0,0,0,0,0,0,0,0,0,0,0,1615,502,47369,690,5338,TCGA-S3-AA15-DX1_xmin55486_ymin28926_MPP-0.2500+45
37716,0,0,0,0,12291,0,0,0,0,0,0,0,0,0,0,0,0,0,0,0,0,0,0,169,37716,0,0,0,0,12291,0,0,0,0,0,0,0,0,0,0,0,0,0,0,0,0,0,0,169,37716,0,0,0,0,12291,0,0,0,0,0,0,0,0,0,0,0,0,0,0,0,0,0,0,169,4755,1781,31583,11888,9956,TCGA-S3-AA15-DX1_xmin55486_ymin28926_MPP-0.2500+46
17244,3626,0,0,0,21137,7681,0,0,0,0,0,0,0,0,0,0,0,0,0,0,0,0,0,488,17375,3495,0,0,0,20954,7864,0,0,0,0,0,0,0,0,0,0,0,0,0,0,0,0,0,488,17155,3715,0,0,0,20753,8065,0,0,0,0,0,0,0,0,0,0,0,0,0,0,0,0,0,488,1662,4636,22648,20742,10801,TCGA-S3-AA15-DX1_xmin55486_ymin28926_MPP-0.2500+47
27892,0,0,0,0,22284,0,0,0,0,0,0,0,0,0,0,0,0,0,0,0,0,0,0,0,27892,0,0,0,0,22284,0,0,0,0,0,0,0,0,0,0,0,0,0,0,0,0,0,0,0,27892,0,0,0,0,22284,0,0,0,0,0,0,0,0,0,0,0,0,0,0,0,0,0,0,0,137,5184,27345,17510,8518,TCGA-S3-AA15-DX1_xmin55486_ymin28926_MPP-0.2500+48
38047,0,0,0,0,11407,0,0,0,0,97,0,0,0,0,0,0,0,0,0,0,0,0,0,625,38047,0,0,0,0,11407,0,0,0,0,97,0,0,0,0,0,0,0,0,0,0,0,0,0,625,38047,0,0,0,0,11407,0,0,0,0,97,0,0,0,0,0,0,0,0,0,0,0,0,0,625,2611,2233,34401,10306,5518,TCGA-S3-AA15-DX1_xmin55486_ymin28926_MPP-0.2500+49
0,0,0,0,0,645,0,12123,0,0,0,0,33283,0,0,0,0,0,0,0,0,0,0,0,4125,0,0,0,0,0,464,0,12304,0,0,0,0,33283,0,0,0,0,0,0,0,0,0,0,0,4125,0,0,0,0,0,496,0,12272,0,0,0,0,33283,0,0,0,0,0,0,0,0,0,0,0,4125,15527,1143,22531,6850,17149,TCGA-S3-AA15-DX1_xmin55486_ymin28926_MPP-0.2500+5
40153,0,0,0,0,8228,0,0,0,0,153,0,0,0,0,0,0,0,0,0,0,0,0,0,1642,40153,0,0,0,0,8228,0,0,0,0,153,0,0,0,0,0,0,0,0,0,0,0,0,0,1642,40153,0,0,0,0,8228,0,0,0,0,153,0,0,0,0,0,0,0,0,0,0,0,0,0,1642,906,840,39648,7140,2562,TCGA-S3-AA15-DX1_xmin55486_ymin28926_MPP-0.2500+50
33413,0,0,0,0,15339,0,0,0,0,1424,0,0,0,0,0,0,0,0,0,0,0,0,0,0,33413,0,0,0,0,15339,0,0,0,0,1424,0,0,0,0,0,0,0,0,0,0,0,0,0,0,33413,0,0,0,0,15339,0,0,0,0,1424,0,0,0,0,0,0,0,0,0,0,0,0,0,0,1103,3370,34232,11471,8466,TCGA-S3-AA15-DX1_xmin55486_ymin28926_MPP-0.2500+51
11591,853,28,0,0,10139,12681,5083,0,0,43,1907,5187,0,0,0,0,0,0,0,0,0,0,0,2664,11596,855,21,0,0,9810,13144,4949,0,0,210,1739,5188,0,0,0,0,0,0,0,0,0,0,0,2664,11546,912,14,0,0,9590,13302,5011,0,0,115,1590,5432,0,0,0,0,0,0,0,0,0,0,0,2664,2279,5673,24209,15351,12044,TCGA-S3-AA15-DX1_xmin55486_ymin28926_MPP-0.2500+52
0,0,0,0,0,0,37487,3329,0,0,0,1075,5504,0,0,0,0,0,0,0,0,0,0,0,2781,0,0,0,0,0,0,37689,3127,0,0,0,1217,5362,0,0,0,0,0,0,0,0,0,0,0,2781,0,0,0,0,0,0,37667,3149,0,0,0,1195,5384,0,0,0,0,0,0,0,0,0,0,0,2781,8809,1190,32941,4455,11606,TCGA-S3-AA15-DX1_xmin55486_ymin28926_MPP-0.2500+53
32650,0,0,0,0,12268,0,0,0,0,0,0,0,0,0,0,0,0,0,0,0,0,0,0,5258,32650,0,0,0,0,12268,0,0,0,0,0,0,0,0,0,0,0,0,0,0,0,0,0,0,5258,32650,0,0,0,0,12268,0,0,0,0,0,0,0,0,0,0,0,0,0,0,0,0,0,0,5258,3257,2821,33655,5185,8965,TCGA-S3-AA15-DX1_xmin55486_ymin28926_MPP-0.2500+54
13549,0,0,0,0,16237,7975,0,0,0,0,0,0,0,0,0,0,0,0,0,0,0,0,0,12415,13549,0,0,0,0,16130,8082,0,0,0,0,0,0,0,0,0,0,0,0,0,0,0,0,0,12415,13549,0,0,0,0,24212,0,0,0,0,0,0,0,0,0,0,0,0,0,0,0,0,0,0,12415,658,5081,18293,13729,8222,TCGA-S3-AA15-DX1_xmin55486_ymin28926_MPP-0.2500+55
34262,869,0,0,0,6923,8122,0,0,0,0,0,0,0,0,0,0,0,0,0,0,0,0,0,0,34171,960,0,0,0,6911,8134,0,0,0,0,0,0,0,0,0,0,0,0,0,0,0,0,0,0,34085,1046,0,0,0,6865,8180,0,0,0,0,0,0,0,0,0,0,0,0,0,0,0,0,0,0,1981,1604,39004,7587,9944,TCGA-S3-AA15-DX1_xmin55486_ymin28926_MPP-0.2500+56
41690,0,0,0,0,8486,0,0,0,0,0,0,0,0,0,0,0,0,0,0,0,0,0,0,0,41690,0,0,0,0,8486,0,0,0,0,0,0,0,0,0,0,0,0,0,0,0,0,0,0,0,41690,0,0,0,0,8486,0,0,0,0,0,0,0,0,0,0,0,0,0,0,0,0,0,0,0,1057,1254,40802,7063,4506,TCGA-S3-AA15-DX1_xmin55486_ymin28926_MPP-0.2500+57
31214,0,0,0,0,18962,0,0,0,0,0,0,0,0,0,0,0,0,0,0,0,0,0,0,0,31214,0,0,0,0,18962,0,0,0,0,0,0,0,0,0,0,0,0,0,0,0,0,0,0,0,31214,0,0,0,0,18962,0,0,0,0,0,0,0,0,0,0,0,0,0,0,0,0,0,0,0,2597,3778,29297,14504,8509,TCGA-S3-AA15-DX1_xmin55486_ymin28926_MPP-0.2500+58
41949,0,0,0,0,8170,0,0,0,0,0,0,0,0,0,0,0,0,0,0,0,0,0,0,57,41949,0,0,0,0,8170,0,0,0,0,0,0,0,0,0,0,0,0,0,0,0,0,0,0,57,41949,0,0,0,0,8170,0,0,0,0,0,0,0,0,0,0,0,0,0,0,0,0,0,0,57,754,697,41279,7389,2712,TCGA-S3-AA15-DX1_xmin55486_ymin28926_MPP-0.2500+59
0,0,0,0,0,0,45079,0,0,0,0,5097,0,0,0,0,0,0,0,0,0,0,0,0,0,0,0,0,0,0,0,45079,0,0,0,0,5097,0,0,0,0,0,0,0,0,0,0,0,0,0,0,0,0,0,0,0,45079,0,0,0,0,5097,0,0,0,0,0,0,0,0,0,0,0,0,0,11638,122,33099,5317,15457,TCGA-S3-AA15-DX1_xmin55486_ymin28926_MPP-0.2500+6
49917,0,0,0,0,259,0,0,0,0,0,0,0,0,0,0,0,0,0,0,0,0,0,0,0,49917,0,0,0,0,259,0,0,0,0,0,0,0,0,0,0,0,0,0,0,0,0,0,0,0,49917,0,0,0,0,259,0,0,0,0,0,0,0,0,0,0,0,0,0,0,0,0,0,0,0,3037,62,46703,374,4023,TCGA-S3-AA15-DX1_xmin55486_ymin28926_MPP-0.2500+60
3541,1892,0,0,0,3207,23638,5174,0,0,0,1821,9472,0,0,0,0,0,0,0,0,0,0,0,1431,3454,1979,0,0,0,3775,23285,4959,0,0,0,1862,9431,0,0,0,0,0,0,0,0,0,0,0,1431,3443,1990,0,0,0,3869,23060,5090,0,0,0,1822,9471,0,0,0,0,0,0,0,0,0,0,0,1431,9855,2550,25448,10892,14414,TCGA-S3-AA15-DX1_xmin55486_ymin28926_MPP-0.2500+61
0,0,0,0,0,0,41022,4961,0,0,0,0,3170,0,0,0,0,0,0,0,0,0,0,0,1023,0,0,0,0,0,0,41290,4693,0,0,0,0,3170,0,0,0,0,0,0,0,0,0,0,0,1023,0,0,0,0,0,0,41378,4605,0,0,0,0,3170,0,0,0,0,0,0,0,0,0,0,0,1023,12787,2184,29548,4634,16620,TCGA-S3-AA15-DX1_xmin55486_ymin28926_MPP-0.2500+62
0,0,0,0,0,6391,43785,0,0,0,0,0,0,0,0,0,0,0,0,0,0,0,0,0,0,0,0,0,0,0,6002,44174,0,0,0,0,0,0,0,0,0,0,0,0,0,0,0,0,0,0,0,0,0,0,0,6141,44035,0,0,0,0,0,0,0,0,0,0,0,0,0,0,0,0,0,0,8013,1319,30013,10831,13585,TCGA-S3-AA15-DX1_xmin55486_ymin28926_MPP-0.2500+7
0,0,0,0,0,0,50176,0,0,0,0,0,0,0,0,0,0,0,0,0,0,0,0,0,0,0,0,0,0,0,0,50176,0,0,0,0,0,0,0,0,0,0,0,0,0,0,0,0,0,0,0,0,0,0,0,0,50176,0,0,0,0,0,0,0,0,0,0,0,0,0,0,0,0,0,0,12284,35,35725,2132,12166,TCGA-S3-AA15-DX1_xmin55486_ymin28926_MPP-0.2500+8
0,0,0,0,0,0,22204,0,0,0,0,142,0,0,0,0,0,0,0,0,0,0,0,0,27830,0,0,0,0,0,0,22204,0,0,0,0,142,0,0,0,0,0,0,0,0,0,0,0,0,27830,0,0,0,0,0,0,22204,0,0,0,0,142,0,0,0,0,0,0,0,0,0,0,0,0,27830,6598,326,13932,1490,7078,TCGA-S3-AA15-DX1_xmin55486_ymin28926_MPP-0.2500+9
