token_index,region_id,image_id,slide_id,fold
0,TCGA-EW-A1PB-DX1_xmin57214_ymin25940_MPP-0.2500+0:1:1,TCGA-EW-A1PB-DX1_xmin57214_ymin25940_MPP-0.2500+0,TCGA-EW-A1PB-DX1,3
2,TCGA-EW-A1PB-DX1_xmin57214_ymin25940_MPP-0.2500+10:1:1,TCGA-EW-A1PB-DX1_xmin57214_ymin25940_MPP-0.2500+10,TCGA-EW-A1PB-DX1,3
6,TCGA-EW-A1PB-DX1_xmin57214_ymin25940_MPP-0.2500+100:1:2,TCGA-EW-A1PB-DX1_xmin57214_ymin25940_MPP-0.2500+100,TCGA-EW-A1PB-DX1,3
8,TCGA-EW-A1PB-DX1_xmin57214_ymin25940_MPP-0.2500+100:2:1,TCGA-EW-A1PB-DX1_xmin57214_ymin25940_MPP-0.2500+100,TCGA-EW-A1PB-DX1,3
11,TCGA-EW-A1PB-DX1_xmin57214_ymin25940_MPP-0.2500+101:2:1,TCGA-EW-A1PB-DX1_xmin57214_ymin25940_MPP-0.2500+101,TCGA-EW-A1PB-DX1,3
12,TCGA-EW-A1PB-DX1_xmin57214_ymin25940_MPP-0.2500+101:2:2,TCGA-EW-A1PB-DX1_xmin57214_ymin25940_MPP-0.2500+101,TCGA-EW-A1PB-DX1,3
16,TCGA-EW-A1PB-DX1_xmin57214_ymin25940_MPP-0.2500+102:2:1,TCGA-EW-A1PB-DX1_xmin57214_ymin25940_MPP-0.2500+102,TCGA-EW-A1PB-DX1,3
17,TCGA-EW-A1PB-DX1_xmin57214_ymin25940_MPP-0.2500+102:2:2,TCGA-EW-A1PB-DX1_xmin57214_ymin25940_MPP-0.2500+102,TCGA-EW-A1PB-DX1,3
18,TCGA-EW-A1PB-DX1_xmin57214_ymin25940_MPP-0.2500+102:2:4,TCGA-EW-A1PB-DX1_xmin57214_ymin25940_MPP-0.2500+102,TCGA-EW-A1PB-DX1,3
24,TCGA-EW-A1PB-DX1_xmin57214_ymin25940_MPP-0.2500+104:0:6,TCGA-EW-A1PB-DX1_xmin57214_ymin25940_MPP-0.2500+104,TCGA-EW-A1PB-DX1,3
29,TCGA-EW-A1PB-DX1_xmin57214_ymin25940_MPP-0.2500+105:0:2,TCGA-EW-A1PB-DX1_xmin57214_ymin25940_MPP-0.2500+105,TCGA-EW-A1PB-DX1,3
30,TCGA-EW-A1PB-DX1_xmin57214_ymin25940_MPP-0.2500+105:1:1,TCGA-EW-A1PB-DX1_xmin57214_ymin25940_MPP-0.2500+105,TCGA-EW-A1PB-DX1,3
36,TCGA-EW-A1PB-DX1_xmin57214_ymin25940_MPP-0.2500+107:1:1,TCGA-EW-A1PB-DX1_xmin57214_ymin25940_MPP-0.2500+107,TCGA-EW-A1PB-DX1,3
37,TCGA-EW-A1PB-DX1_xmin57214_ymin25940_MPP-0.2500+108:0:1,TCGA-EW-A1PB-DX1_xmin57214_ymin25940_MPP-0.2500+108,TCGA-EW-A1PB-DX1,3
38,TCGA-EW-A1PB-DX1_xmin57214_ymin25940_MPP-0.2500+109:0:1,TCGA-EW-A1PB-DX1_xmin57214_ymin25940_MPP-0.2500+109,TCGA-EW-A1PB-DX1,3
40,TCGA-EW-A1PB-DX1_xmin57214_ymin25940_MPP-0.2500+11:1:1,TCGA-EW-A1PB-DX1_xmin57214_ymin25940_MPP-0.2500+11,TCGA-EW-A1PB-DX1,3
41,TCGA-EW-A1PB-DX1_xmin57214_ymin25940_MPP-0.2500+11:2:1,TCGA-EW-A1PB-DX1_xmin57214_ymin25940_MPP-0.2500+11,TCGA-EW-A1PB-DX1,3
42,TCGA-EW-A1PB-DX1_xmin57214_ymin25940_MPP-0.2500+11:2:2,TCGA-EW-A1PB-DX1_xmin57214_ymin25940_MPP-0.2500+11,TCGA-EW-A1PB-DX1,3
43,TCGA-EW-A1PB-DX1_xmin57214_ymin25940_MPP-0.2500+110:0:1,TCGA-EW-A1PB-DX1_xmin57214_ymin25940_MPP-0.2500+110,TCGA-EW-A1PB-DX1,3
44,TCGA-EW-A1PB-DX1_xmin57214_ymin25940_MPP-0.2500+110:0:2,TCGA-EW-A1PB-DX1_xmin57214_ymin25940_MPP-0.2500+110,TCGA-EW-A1PB-DX1,3
46,TCGA-EW-A1PB-DX1_xmin57214_ymin25940_MPP-0.2500+110:1:1,TCGA-EW-A1PB-DX1_xmin57214_ymin25940_MPP-0.2500+110,TCGA-EW-A1PB-DX1,3
48,TCGA-EW-A1PB-DX1_xmin57214_ymin25940_MPP-0.2500+111:1:2,TCGA-EW-A1PB-DX1_xmin57214_ymin25940_MPP-0.2500+111,TCGA-EW-A1PB-DX1,3
50,TCGA-EW-A1PB-DX1_xmin57214_ymin25940_MPP-0.2500+111:2:2,TCGA-EW-A1PB-DX1_xmin57214_ymin25940_MPP-0.2500+111,TCGA-EW-A1PB-DX1,3
51,TCGA-EW-A1PB-DX1_xmin57214_ymin25940_MPP-0.2500+111:2:3,TCGA-EW-A1PB-DX1_xmin57214_ymin25940_MPP-0.2500+111,TCGA-EW-A1PB-DX1,3
54,TCGA-EW-A1PB-DX1_xmin57214_ymin25940_MPP-0.2500+112:2:1,TCGA-EW-A1PB-DX1_xmin57214_ymin25940_MPP-0.2500+112,TCGA-EW-A1PB-DX1,3
55,TCGA-EW-A1PB-DX1_xmin57214_ymin25940_MPP-0.2500+113:2:1,TCGA-EW-A1PB-DX1_xmin57214_ymin25940_MPP-0.2500+113,TCGA-EW-A1PB-DX1,3
56,TCGA-EW-A1PB-DX1_xmin57214_ymin25940_MPP-0.2500+114:2:1,TCGA-EW-A1PB-DX1_xmin57214_ymin25940_MPP-0.2500+114,TCGA-EW-A1PB-DX1,3
57,TCGA-EW-A1PB-DX1_xmin57214_ymin25940_MPP-0.2500+115:2:1,TCGA-EW-A1PB-DX1_xmin57214_ymin25940_MPP-0.2500+115,TCGA-EW-A1PB-DX1,3
58,TCGA-EW-A1PB-DX1_xmin57214_ymin25940_MPP-0.2500+116:2:1,TCGA-EW-A1PB-DX1_xmin57214_ymin25940_MPP-0.2500+116,TCGA-EW-A1PB-DX1,3
62,TCGA-EW-A1PB-DX1_xmin57214_ymin25940_MPP-0.2500+117:1:4,TCGA-EW-A1PB-DX1_xmin57214_ymin25940_MPP-0.2500+117,TCGA-EW-A1PB-DX1,3
64,TCGA-EW-A1PB-DX1_xmin57214_ymin25940_MPP-0.2500+117:2:2,TCGA-EW-A1PB-DX1_xmin57214_ymin25940_MPP-0.2500+117,TCGA-EW-A1PB-DX1,3
67,TCGA-EW-A1PB-DX1_xmin57214_ymin25940_MPP-0.2500+118:1:2,TCGA-EW-A1PB-DX1_xmin57214_ymin25940_MPP-0.2500+118,TCGA-EW-A1PB-DX1,3
68,TCGA-EW-A1PB-DX1_xmin57214_ymin25940_MPP-0.2500+118:2:1,TCGA-EW-A1PB-DX1_xmin57214_ymin25940_MPP-0.2500+118,TCGA-EW-A1PB-DX1,3
69,TCGA-EW-A1PB-DX1_xmin57214_ymin25940_MPP-0.2500+118:2:2,TCGA-EW-A1PB-DX1_xmin57214_ymin25940_MPP-0.2500+118,TCGA-EW-A1PB-DX1,3
72,TCGA-EW-A1PB-DX1_xmin57214_ymin25940_MPP-0.2500+119:2:1,TCGA-EW-A1PB-DX1_xmin57214_ymin25940_MPP-0.2500+119,TCGA-EW-A1PB-DX1,3
73,TCGA-EW-A1PB-DX1_xmin57214_ymin25940_MPP-0.2500+119:2:3,TCGA-EW-A1PB-DX1_xmin57214_ymin25940_MPP-0.2500+119,TCGA-EW-A1PB-DX1,3
74,TCGA-EW-A1PB-DX1_xmin57214_ymin25940_MPP-0.2500+119:2:4,TCGA-EW-A1PB-DX1_xmin57214_ymin25940_MPP-0.2500+119,TCGA-EW-A1PB-DX1,3
76,TCGA-EW-A1PB-DX1_xmin57214_ymin25940_MPP-0.2500+12:1:2,TCGA-EW-A1PB-DX1_xmin57214_ymin25940_MPP-0.2500+12,TCGA-EW-A1PB-DX1,3
79,TCGA-EW-A1PB-DX1_xmin57214_ymin25940_MPP-0.2500+120:0:1,TCGA-EW-A1PB-DX1_xmin57214_ymin25940_MPP-0.2500+120,TCGA-EW-A1PB-DX1,3
90,TCGA-EW-A1PB-DX1_xmin57214_ymin25940_MPP-0.2500+121:1:3,TCGA-EW-A1PB-DX1_xmin57214_ymin25940_MPP-0.2500+121,TCGA-EW-A1PB-DX1,3
95,TCGA-EW-A1PB-DX1_xmin57214_ymin25940_MPP-0.2500+123:1:3,TCGA-EW-A1PB-DX1_xmin57214_ymin25940_MPP-0.2500+123,TCGA-EW-A1PB-DX1,3
96,TCGA-EW-A1PB-DX1_xmin57214_ymin25940_MPP-0.2500+123:1:4,TCGA-EW-A1PB-DX1_xmin57214_ymin25940_MPP-0.2500+123,TCGA-EW-A1PB-DX1,3
103,TCGA-EW-A1PB-DX1_xmin57214_ymin25940_MPP-0.2500+126:1:3,TCGA-EW-A1PB-DX1_xmin57214_ymin25940_MPP-0.2500+126,TCGA-EW-A1PB-DX1,3
104,TCGA-EW-A1PB-DX1_xmin57214_ymin25940_MPP-0.2500+126:2:1,TCGA-EW-A1PB-DX1_xmin57214_ymin25940_MPP-0.2500+126,TCGA-EW-A1PB-DX1,3
105,TCGA-EW-A1PB-DX1_xmin57214_ymin25940_MPP-0.2500+127:0:1,TCGA-EW-A1PB-DX1_xmin57214_ymin25940_MPP-0.2500+127,TCGA-EW-A1PB-DX1,3
109,TCGA-EW-A1PB-DX1_xmin57214_ymin25940_MPP-0.2500+128:0:1,TCGA-EW-A1PB-DX1_xmin57214_ymin25940_MPP-0.2500+128,TCGA-EW-A1PB-DX1,3
112,TCGA-EW-A1PB-DX1_xmin57214_ymin25940_MPP-0.2500+129:0:1,TCGA-EW-A1PB-DX1_xmin57214_ymin25940_MPP-0.2500+129,TCGA-EW-A1PB-DX1,3
113,TCGA-EW-A1PB-DX1_xmin57214_ymin25940_MPP-0.2500+129:2:1,TCGA-EW-A1PB-DX1_xmin57214_ymin25940_MPP-0.2500+129,TCGA-EW-A1PB-DX1,3
115,TCGA-EW-A1PB-DX1_xmin57214_ymin25940_MPP-0.2500+13:1:2,TCGA-EW-A1PB-DX1_xmin57214_ymin25940_MPP-0.2500+13,TCGA-EW-A1PB-DX1,3
117,TCGA-EW-A1PB-DX1_xmin57214_ymin25940_MPP-0.2500+13:2:1,TCGA-EW-A1PB-DX1_xmin57214_ymin25940_MPP-0.2500+13,TCGA-EW-A1PB-DX1,3
118,TCGA-EW-A1PB-DX1_xmin57214_ymin25940_MPP-0.2500+130:0:1,TCGA-EW-A1PB-DX1_xmin57214_ymin25940_MPP-0.2500+130,TCGA-EW-A1PB-DX1,3
119,TCGA-EW-A1PB-DX1_xmin57214_ymin25940_MPP-0.2500+130:2:1,TCGA-EW-A1PB-DX1_xmin57214_ymin25940_MPP-0.2500+130,TCGA-EW-A1PB-DX1,3
120,TCGA-EW-A1PB-DX1_xmin57214_ymin25940_MPP-0.2500+131:1:1,TCGA-EW-A1PB-DX1_xmin57214_ymin25940_MPP-0.2500+131,TCGA-EW-A1PB-DX1,3
122,TCGA-EW-A1PB-DX1_xmin57214_ymin25940_MPP-0.2500+131:1:3,TCGA-EW-A1PB-DX1_xmin57214_ymin25940_MPP-0.2500+131,TCGA-EW-A1PB-DX1,3
123,TCGA-EW-A1PB-DX1_xmin57214_ymin25940_MPP-0.2500+131:2:1,TCGA-EW-A1PB-DX1_xmin57214_ymin25940_MPP-0.2500+131,TCGA-EW-A1PB-DX1,3
124,TCGA-EW-A1PB-DX1_xmin57214_ymin25940_MPP-0.2500+131:2:2,TCGA-EW-A1PB-DX1_xmin57214_ymin25940_MPP-0.2500+131,TCGA-EW-A1PB-DX1,3
125,TCGA-EW-A1PB-DX1_xmin57214_ymin25940_MPP-0.2500+132:1:1,TCGA-EW-A1PB-DX1_xmin57214_ymin25940_MPP-0.2500+132,TCGA-EW-A1PB-DX1,3
131,TCGA-EW-A1PB-DX1_xmin57214_ymin25940_MPP-0.2500+132:1:7,TCGA-EW-A1PB-DX1_xmin57214_ymin25940_MPP-0.2500+132,TCGA-EW-A1PB-DX1,3
134,TCGA-EW-A1PB-DX1_xmin57214_ymin25940_MPP-0.2500+132:1:10,TCGA-EW-A1PB-DX1_xmin57214_ymin25940_MPP-0.2500+132,TCGA-EW-A1PB-DX1,3
138,TCGA-EW-A1PB-DX1_xmin57214_ymin25940_MPP-0.2500+133:2:1,TCGA-EW-A1PB-DX1_xmin57214_ymin25940_MPP-0.2500+133,TCGA-EW-A1PB-DX1,3
141,TCGA-EW-A1PB-DX1_xmin57214_ymin25940_MPP-0.2500+135:0:1,TCGA-EW-A1PB-DX1_xmin57214_ymin25940_MPP-0.2500+135,TCGA-EW-A1PB-DX1,3
154,TCGA-EW-A1PB-DX1_xmin57214_ymin25940_MPP-0.2500+14:1:2,TCGA-EW-A1PB-DX1_xmin57214_ymin25940_MPP-0.2500+14,TCGA-EW-A1PB-DX1,3
155,TCGA-EW-A1PB-DX1_xmin57214_ymin25940_MPP-0.2500+14:2:2,TCGA-EW-A1PB-DX1_xmin57214_ymin25940_MPP-0.2500+14,TCGA-EW-A1PB-DX1,3
160,TCGA-EW-A1PB-DX1_xmin57214_ymin25940_MPP-0.2500+141:0:2,TCGA-EW-A1PB-DX1_xmin57214_ymin25940_MPP-0.2500+141,TCGA-EW-A1PB-DX1,3
161,TCGA-EW-A1PB-DX1_xmin57214_ymin25940_MPP-0.2500+141:1:1,TCGA-EW-A1PB-DX1_xmin57214_ymin25940_MPP-0.2500+141,TCGA-EW-A1PB-DX1,3
162,TCGA-EW-A1PB-DX1_xmin57214_ymin25940_MPP-0.2500+141:1:2,TCGA-EW-A1PB-DX1_xmin57214_ymin25940_MPP-0.2500+141,TCGA-EW-A1PB-DX1,3
166,TCGA-EW-A1PB-DX1_xmin57214_ymin25940_MPP-0.2500+143:0:1,TCGA-EW-A1PB-DX1_xmin57214_ymin25940_MPP-0.2500+143,TCGA-EW-A1PB-DX1,3
180,TCGA-EW-A1PB-DX1_xmin57214_ymin25940_MPP-0.2500+146:2:1,TCGA-EW-A1PB-DX1_xmin57214_ymin25940_MPP-0.2500+146,TCGA-EW-A1PB-DX1,3
181,TCGA-EW-A1PB-DX1_xmin57214_ymin25940_MPP-0.2500+147:0:1,TCGA-EW-A1PB-DX1_xmin57214_ymin25940_MPP-0.2500+147,TCGA-EW-A1PB-DX1,3
184,TCGA-EW-A1PB-DX1_xmin57214_ymin25940_MPP-0.2500+148:2:1,TCGA-EW-A1PB-DX1_xmin57214_ymin25940_MPP-0.2500+148,TCGA-EW-A1PB-DX1,3
185,TCGA-EW-A1PB-DX1_xmin57214_ymin25940_MPP-0.2500+148:2:2,TCGA-EW-A1PB-DX1_xmin57214_ymin25940_MPP-0.2500+148,TCGA-EW-A1PB-DX1,3
187,TCGA-EW-A1PB-DX1_xmin57214_ymin25940_MPP-0.2500+149:1:1,TCGA-EW-A1PB-DX1_xmin57214_ymin25940_MPP-0.2500+149,TCGA-EW-A1PB-DX1,3
191,TCGA-EW-A1PB-DX1_xmin57214_ymin25940_MPP-0.2500+149:2:1,TCGA-EW-A1PB-DX1_xmin57214_ymin25940_MPP-0.2500+149,TCGA-EW-A1PB-DX1,3
193,TCGA-EW-A1PB-DX1_xmin57214_ymin25940_MPP-0.2500+149:2:3,TCGA-EW-A1PB-DX1_xmin57214_ymin25940_MPP-0.2500+149,TCGA-EW-A1PB-DX1,3
196,TCGA-EW-A1PB-DX1_xmin57214_ymin25940_MPP-0.2500+150:2:1,TCGA-EW-A1PB-DX1_xmin57214_ymin25940_MPP-0.2500+150,TCGA-EW-A1PB-DX1,3
197,TCGA-EW-A1PB-DX1_xmin57214_ymin25940_MPP-0.2500+150:2:2,TCGA-EW-A1PB-DX1_xmin57214_ymin25940_MPP-0.2500+150,TCGA-EW-A1PB-DX1,3
199,TCGA-EW-A1PB-DX1_xmin57214_ymin25940_MPP-0.2500+150:2:4,TCGA-EW-A1PB-DX1_xmin57214_ymin25940_MPP-0.2500+150,TCGA-EW-A1PB-DX1,3
201,TCGA-EW-A1PB-DX1_xmin57214_ymin25940_MPP-0.2500+151:2:1,TCGA-EW-A1PB-DX1_xmin57214_ymin25940_MPP-0.2500+151,TCGA-EW-A1PB-DX1,3
202,TCGA-EW-A1PB-DX1_xmin57214_ymin25940_MPP-0.2500+151:2:2,TCGA-EW-A1PB-DX1_xmin57214_ymin25940_MPP-0.2500+151,TCGA-EW-A1PB-DX1,3
204,TCGA-EW-A1PB-DX1_xmin57214_ymin25940_MPP-0.2500+151:2:4,TCGA-EW-A1PB-DX1_xmin57214_ymin25940_MPP-0.2500+151,TCGA-EW-A1PB-DX1,3
208,TCGA-EW-A1PB-DX1_xmin57214_ymin25940_MPP-0.2500+154:1:1,TCGA-EW-A1PB-DX1_xmin57214_ymin25940_MPP-0.2500+154,TCGA-EW-A1PB-DX1,3
209,TCGA-EW-A1PB-DX1_xmin57214_ymin25940_MPP-0.2500+154:1:2,TCGA-EW-A1PB-DX1_xmin57214_ymin25940_MPP-0.2500+154,TCGA-EW-A1PB-DX1,3
210,TCGA-EW-A1PB-DX1_xmin57214_ymin25940_MPP-0.2500+154:1:3,TCGA-EW-A1PB-DX1_xmin57214_ymin25940_MPP-0.2500+154,TCGA-EW-A1PB-DX1,3
211,TCGA-EW-A1PB-DX1_xmin57214_ymin25940_MPP-0.2500+155:0:1,TCGA-EW-A1PB-DX1_xmin57214_ymin25940_MPP-0.2500+155,TCGA-EW-A1PB-DX1,3
215,TCGA-EW-A1PB-DX1_xmin57214_ymin25940_MPP-0.2500+156:1:4,TCGA-EW-A1PB-DX1_xmin57214_ymin25940_MPP-0.2500+156,TCGA-EW-A1PB-DX1,3
216,TCGA-EW-A1PB-DX1_xmin57214_ymin25940_MPP-0.2500+156:2:1,TCGA-EW-A1PB-DX1_xmin57214_ymin25940_MPP-0.2500+156,TCGA-EW-A1PB-DX1,3
217,TCGA-EW-A1PB-DX1_xmin57214_ymin25940_MPP-0.2500+156:2:2,TCGA-EW-A1PB-DX1_xmin57214_ymin25940_MPP-0.2500+156,TCGA-EW-A1PB-DX1,3
221,TCGA-EW-A1PB-DX1_xmin57214_ymin25940_MPP-0.2500+156:2:6,TCGA-EW-A1PB-DX1_xmin57214_ymin25940_MPP-0.2500+156,TCGA-EW-A1PB-DX1,3
225,TCGA-EW-A1PB-DX1_xmin57214_ymin25940_MPP-0.2500+157:1:2,TCGA-EW-A1PB-DX1_xmin57214_ymin25940_MPP-0.2500+157,TCGA-EW-A1PB-DX1,3
231,TCGA-EW-A1PB-DX1_xmin57214_ymin25940_MPP-0.2500+158:1:1,TCGA-EW-A1PB-DX1_xmin57214_ymin25940_MPP-0.2500+158,TCGA-EW-A1PB-DX1,3
233,TCGA-EW-A1PB-DX1_xmin57214_ymin25940_MPP-0.2500+158:2:1,TCGA-EW-A1PB-DX1_xmin57214_ymin25940_MPP-0.2500+158,TCGA-EW-A1PB-DX1,3
234,TCGA-EW-A1PB-DX1_xmin57214_ymin25940_MPP-0.2500+158:2:2,TCGA-EW-A1PB-DX1_xmin57214_ymin25940_MPP-0.2500+158,TCGA-EW-A1PB-DX1,3
235,TCGA-EW-A1PB-DX1_xmin57214_ymin25940_MPP-0.2500+158:2:5,TCGA-EW-A1PB-DX1_xmin57214_ymin25940_MPP-0.2500+158,TCGA-EW-A1PB-DX1,3
239,TCGA-EW-A1PB-DX1_xmin57214_ymin25940_MPP-0.2500+159:2:1,TCGA-EW-A1PB-DX1_xmin57214_ymin25940_MPP-0.2500+159,TCGA-EW-A1PB-DX1,3
240,TCGA-EW-A1PB-DX1_xmin57214_ymin25940_MPP-0.2500+159:2:2,TCGA-EW-A1PB-DX1_xmin57214_ymin25940_MPP-0.2500+159,TCGA-EW-A1PB-DX1,3
243,TCGA-EW-A1PB-DX1_xmin57214_ymin25940_MPP-0.2500+160:2:1,TCGA-EW-A1PB-DX1_xmin57214_ymin25940_MPP-0.2500+160,TCGA-EW-A1PB-DX1,3
244,TCGA-EW-A1PB-DX1_xmin57214_ymin25940_MPP-0.2500+160:2:2,TCGA-EW-A1PB-DX1_xmin57214_ymin25940_MPP-0.2500+160,TCGA-EW-A1PB-DX1,3
245,TCGA-EW-A1PB-DX1_xmin57214_ymin25940_MPP-0.2500+160:2:4,TCGA-EW-A1PB-DX1_xmin57214_ymin25940_MPP-0.2500+160,TCGA-EW-A1PB-DX1,3
247,TCGA-EW-A1PB-DX1_xmin57214_ymin25940_MPP-0.2500+161:2:1,TCGA-EW-A1PB-DX1_xmin57214_ymin25940_MPP-0.2500+161,TCGA-EW-A1PB-DX1,3
248,TCGA-EW-A1PB-DX1_xmin57214_ymin25940_MPP-0.2500+162:0:1,TCGA-EW-A1PB-DX1_xmin57214_ymin25940_MPP-0.2500+162,TCGA-EW-A1PB-DX1,3
251,TCGA-EW-A1PB-DX1_xmin57214_ymin25940_MPP-0.2500+162:1:2,TCGA-EW-A1PB-DX1_xmin57214_ymin25940_MPP-0.2500+162,TCGA-EW-A1PB-DX1,3
252,TCGA-EW-A1PB-DX1_xmin57214_ymin25940_MPP-0.2500+163:0:1,TCGA-EW-A1PB-DX1_xmin57214_ymin25940_MPP-0.2500+163,TCGA-EW-A1PB-DX1,3
255,TCGA-EW-A1PB-DX1_xmin57214_ymin25940_MPP-0.2500+164:2:1,TCGA-EW-A1PB-DX1_xmin57214_ymin25940_MPP-0.2500+164,TCGA-EW-A1PB-DX1,3
257,TCGA-EW-A1PB-DX1_xmin57214_ymin25940_MPP-0.2500+165:1:1,TCGA-EW-A1PB-DX1_xmin57214_ymin25940_MPP-0.2500+165,TCGA-EW-A1PB-DX1,3
259,TCGA-EW-A1PB-DX1_xmin57214_ymin25940_MPP-0.2500+167:1:1,TCGA-EW-A1PB-DX1_xmin57214_ymin25940_MPP-0.2500+167,TCGA-EW-A1PB-DX1,3
263,TCGA-EW-A1PB-DX1_xmin57214_ymin25940_MPP-0.2500+170:0:1,TCGA-EW-A1PB-DX1_xmin57214_ymin25940_MPP-0.2500+170,TCGA-EW-A1PB-DX1,3
268,TCGA-EW-A1PB-DX1_xmin57214_ymin25940_MPP-0.2500+173:1:1,TCGA-EW-A1PB-DX1_xmin57214_ymin25940_MPP-0.2500+173,TCGA-EW-A1PB-DX1,3
269,TCGA-EW-A1PB-DX1_xmin57214_ymin25940_MPP-0.2500+174:1:1,TCGA-EW-A1PB-DX1_xmin57214_ymin25940_MPP-0.2500+174,TCGA-EW-A1PB-DX1,3
271,TCGA-EW-A1PB-DX1_xmin57214_ymin25940_MPP-0.2500+176:0:1,TCGA-EW-A1PB-DX1_xmin57214_ymin25940_MPP-0.2500+176,TCGA-EW-A1PB-DX1,3
272,TCGA-EW-A1PB-DX1_xmin57214_ymin25940_MPP-0.2500+176:0:2,TCGA-EW-A1PB-DX1_xmin57214_ymin25940_MPP-0.2500+176,TCGA-EW-A1PB-DX1,3
273,TCGA-EW-A1PB-DX1_xmin57214_ymin25940_MPP-0.2500+176:1:1,TCGA-EW-A1PB-DX1_xmin57214_ymin25940_MPP-0.2500+176,TCGA-EW-A1PB-DX1,3
274,TCGA-EW-A1PB-DX1_xmin57214_ymin25940_MPP-0.2500+177:0:1,TCGA-EW-A1PB-DX1_xmin57214_ymin25940_MPP-0.2500+177,TCGA-EW-A1PB-DX1,3
275,TCGA-EW-A1PB-DX1_xmin57214_ymin25940_MPP-0.2500+177:0:2,TCGA-EW-A1PB-DX1_xmin57214_ymin25940_MPP-0.2500+177,TCGA-EW-A1PB-DX1,3
276,TCGA-EW-A1PB-DX1_xmin57214_ymin25940_MPP-0.2500+177:0:3,TCGA-EW-A1PB-DX1_xmin57214_ymin25940_MPP-0.2500+177,TCGA-EW-A1PB-DX1,3
277,TCGA-EW-A1PB-DX1_xmin57214_ymin25940_MPP-0.2500+177:0:4,TCGA-EW-A1PB-DX1_xmin57214_ymin25940_MPP-0.2500+177,TCGA-EW-A1PB-DX1,3
280,TCGA-EW-A1PB-DX1_xmin57214_ymin25940_MPP-0.2500+178:0:2,TCGA-EW-A1PB-DX1_xmin57214_ymin25940_MPP-0.2500+178,TCGA-EW-A1PB-DX1,3
281,TCGA-EW-A1PB-DX1_xmin57214_ymin25940_MPP-0.2500+178:0:3,TCGA-EW-A1PB-DX1_xmin57214_ymin25940_MPP-0.2500+178,TCGA-EW-A1PB-DX1,3
282,TCGA-EW-A1PB-DX1_xmin57214_ymin25940_MPP-0.2500+178:0:4,TCGA-EW-A1PB-DX1_xmin57214_ymin25940_MPP-0.2500+178,TCGA-EW-A1PB-DX1,3
284,TCGA-EW-A1PB-DX1_xmin57214_ymin25940_MPP-0.2500+178:1:2,TCGA-EW-A1PB-DX1_xmin57214_ymin25940_MPP-0.2500+178,TCGA-EW-A1PB-DX1,3
286,TCGA-EW-A1PB-DX1_xmin57214_ymin25940_MPP-0.2500+179:1:1,TCGA-EW-A1PB-DX1_xmin57214_ymin25940_MPP-0.2500+179,TCGA-EW-A1PB-DX1,3
288,TCGA-EW-A1PB-DX1_xmin57214_ymin25940_MPP-0.2500+18:0:1,TCGA-EW-A1PB-DX1_xmin57214_ymin25940_MPP-0.2500+18,TCGA-EW-A1PB-DX1,3
289,TCGA-EW-A1PB-DX1_xmin57214_ymin25940_MPP-0.2500+18:0:2,TCGA-EW-A1PB-DX1_xmin57214_ymin25940_MPP-0.2500+18,TCGA-EW-A1PB-DX1,3
291,TCGA-EW-A1PB-DX1_xmin57214_ymin25940_MPP-0.2500+180:0:1,TCGA-EW-A1PB-DX1_xmin57214_ymin25940_MPP-0.2500+180,TCGA-EW-A1PB-DX1,3
295,TCGA-EW-A1PB-DX1_xmin57214_ymin25940_MPP-0.2500+180:1:3,TCGA-EW-A1PB-DX1_xmin57214_ymin25940_MPP-0.2500+180,TCGA-EW-A1PB-DX1,3
296,TCGA-EW-A1PB-DX1_xmin57214_ymin25940_MPP-0.2500+181:0:1,TCGA-EW-A1PB-DX1_xmin57214_ymin25940_MPP-0.2500+181,TCGA-EW-A1PB-DX1,3
297,TCGA-EW-A1PB-DX1_xmin57214_ymin25940_MPP-0.2500+181:1:1,TCGA-EW-A1PB-DX1_xmin57214_ymin25940_MPP-0.2500+181,TCGA-EW-A1PB-DX1,3
298,TCGA-EW-A1PB-DX1_xmin57214_ymin25940_MPP-0.2500+182:1:1,TCGA-EW-A1PB-DX1_xmin57214_ymin25940_MPP-0.2500+182,TCGA-EW-A1PB-DX1,3
304,TCGA-EW-A1PB-DX1_xmin57214_ymin25940_MPP-0.2500+19:0:1,TCGA-EW-A1PB-DX1_xmin57214_ymin25940_MPP-0.2500+19,TCGA-EW-A1PB-DX1,3
305,TCGA-EW-A1PB-DX1_xmin57214_ymin25940_MPP-0.2500+2:1:1,TCGA-EW-A1PB-DX1_xmin57214_ymin25940_MPP-0.2500+2,TCGA-EW-A1PB-DX1,3
308,TCGA-EW-A1PB-DX1_xmin57214_ymin25940_MPP-0.2500+20:0:1,TCGA-EW-A1PB-DX1_xmin57214_ymin25940_MPP-0.2500+20,TCGA-EW-A1PB-DX1,3
309,TCGA-EW-A1PB-DX1_xmin57214_ymin25940_MPP-0.2500+21:0:1,TCGA-EW-A1PB-DX1_xmin57214_ymin25940_MPP-0.2500+21,TCGA-EW-A1PB-DX1,3
310,TCGA-EW-A1PB-DX1_xmin57214_ymin25940_MPP-0.2500+22:0:1,TCGA-EW-A1PB-DX1_xmin57214_ymin25940_MPP-0.2500+22,TCGA-EW-A1PB-DX1,3
312,TCGA-EW-A1PB-DX1_xmin57214_ymin25940_MPP-0.2500+23:1:2,TCGA-EW-A1PB-DX1_xmin57214_ymin25940_MPP-0.2500+23,TCGA-EW-A1PB-DX1,3
320,TCGA-EW-A1PB-DX1_xmin57214_ymin25940_MPP-0.2500+25:2:2,TCGA-EW-A1PB-DX1_xmin57214_ymin25940_MPP-0.2500+25,TCGA-EW-A1PB-DX1,3
324,TCGA-EW-A1PB-DX1_xmin57214_ymin25940_MPP-0.2500+26:2:2,TCGA-EW-A1PB-DX1_xmin57214_ymin25940_MPP-0.2500+26,TCGA-EW-A1PB-DX1,3
325,TCGA-EW-A1PB-DX1_xmin57214_ymin25940_MPP-0.2500+26:2:3,TCGA-EW-A1PB-DX1_xmin57214_ymin25940_MPP-0.2500+26,TCGA-EW-A1PB-DX1,3
328,TCGA-EW-A1PB-DX1_xmin57214_ymin25940_MPP-0.2500+27:1:3,TCGA-EW-A1PB-DX1_xmin57214_ymin25940_MPP-0.2500+27,TCGA-EW-A1PB-DX1,3
330,TCGA-EW-A1PB-DX1_xmin57214_ymin25940_MPP-0.2500+27:2:1,TCGA-EW-A1PB-DX1_xmin57214_ymin25940_MPP-0.2500+27,TCGA-EW-A1PB-DX1,3
331,TCGA-EW-A1PB-DX1_xmin57214_ymin25940_MPP-0.2500+28:1:1,TCGA-EW-A1PB-DX1_xmin57214_ymin25940_MPP-0.2500+28,TCGA-EW-A1PB-DX1,3
332,TCGA-EW-A1PB-DX1_xmin57214_ymin25940_MPP-0.2500+28:1:2,TCGA-EW-A1PB-DX1_xmin57214_ymin25940_MPP-0.2500+28,TCGA-EW-A1PB-DX1,3
334,TCGA-EW-A1PB-DX1_xmin57214_ymin25940_MPP-0.2500+28:2:1,TCGA-EW-A1PB-DX1_xmin57214_ymin25940_MPP-0.2500+28,TCGA-EW-A1PB-DX1,3
336,TCGA-EW-A1PB-DX1_xmin57214_ymin25940_MPP-0.2500+3:1:1,TCGA-EW-A1PB-DX1_xmin57214_ymin25940_MPP-0.2500+3,TCGA-EW-A1PB-DX1,3
339,TCGA-EW-A1PB-DX1_xmin57214_ymin25940_MPP-0.2500+32:0:1,TCGA-EW-A1PB-DX1_xmin57214_ymin25940_MPP-0.2500+32,TCGA-EW-A1PB-DX1,3
340,TCGA-EW-A1PB-DX1_xmin57214_ymin25940_MPP-0.2500+32:0:2,TCGA-EW-A1PB-DX1_xmin57214_ymin25940_MPP-0.2500+32,TCGA-EW-A1PB-DX1,3
341,TCGA-EW-A1PB-DX1_xmin57214_ymin25940_MPP-0.2500+32:0:3,TCGA-EW-A1PB-DX1_xmin57214_ymin25940_MPP-0.2500+32,TCGA-EW-A1PB-DX1,3
343,TCGA-EW-A1PB-DX1_xmin57214_ymin25940_MPP-0.2500+32:0:5,TCGA-EW-A1PB-DX1_xmin57214_ymin25940_MPP-0.2500+32,TCGA-EW-A1PB-DX1,3
344,TCGA-EW-A1PB-DX1_xmin57214_ymin25940_MPP-0.2500+32:1:1,TCGA-EW-A1PB-DX1_xmin57214_ymin25940_MPP-0.2500+32,TCGA-EW-A1PB-DX1,3
346,TCGA-EW-A1PB-DX1_xmin57214_ymin25940_MPP-0.2500+33:0:1,TCGA-EW-A1PB-DX1_xmin57214_ymin25940_MPP-0.2500+33,TCGA-EW-A1PB-DX1,3
347,TCGA-EW-A1PB-DX1_xmin57214_ymin25940_MPP-0.2500+34:0:1,TCGA-EW-A1PB-DX1_xmin57214_ymin25940_MPP-0.2500+34,TCGA-EW-A1PB-DX1,3
348,TCGA-EW-A1PB-DX1_xmin57214_ymin25940_MPP-0.2500+35:0:1,TCGA-EW-A1PB-DX1_xmin57214_ymin25940_MPP-0.2500+35,TCGA-EW-A1PB-DX1,3
349,TCGA-EW-A1PB-DX1_xmin57214_ymin25940_MPP-0.2500+36:0:1,TCGA-EW-A1PB-DX1_xmin57214_ymin25940_MPP-0.2500+36,TCGA-EW-A1PB-DX1,3
351,TCGA-EW-A1PB-DX1_xmin57214_ymin25940_MPP-0.2500+36:0:3,TCGA-EW-A1PB-DX1_xmin57214_ymin25940_MPP-0.2500+36,TCGA-EW-A1PB-DX1,3
352,TCGA-EW-A1PB-DX1_xmin57214_ymin25940_MPP-0.2500+36:1:2,TCGA-EW-A1PB-DX1_xmin57214_ymin25940_MPP-0.2500+36,TCGA-EW-A1PB-DX1,3
353,TCGA-EW-A1PB-DX1_xmin57214_ymin25940_MPP-0.2500+36:1:3,TCGA-EW-A1PB-DX1_xmin57214_ymin25940_MPP-0.2500+36,TCGA-EW-A1PB-DX1,3
354,TCGA-EW-A1PB-DX1_xmin57214_ymin25940_MPP-0.2500+36:1:4,TCGA-EW-A1PB-DX1_xmin57214_ymin25940_MPP-0.2500+36,TCGA-EW-A1PB-DX1,3
357,TCGA-EW-A1PB-DX1_xmin57214_ymin25940_MPP-0.2500+38:2:1,TCGA-EW-A1PB-DX1_xmin57214_ymin25940_MPP-0.2500+38,TCGA-EW-A1PB-DX1,3
358,TCGA-EW-A1PB-DX1_xmin57214_ymin25940_MPP-0.2500+39:2:1,TCGA-EW-A1PB-DX1_xmin57214_ymin25940_MPP-0.2500+39,TCGA-EW-A1PB-DX1,3
359,TCGA-EW-A1PB-DX1_xmin57214_ymin25940_MPP-0.2500+4:1:1,TCGA-EW-A1PB-DX1_xmin57214_ymin25940_MPP-0.2500+4,TCGA-EW-A1PB-DX1,3
360,TCGA-EW-A1PB-DX1_xmin57214_ymin25940_MPP-0.2500+40:2:1,TCGA-EW-A1PB-DX1_xmin57214_ymin25940_MPP-0.2500+40,TCGA-EW-A1PB-DX1,3
361,TCGA-EW-A1PB-DX1_xmin57214_ymin25940_MPP-0.2500+41:2:1,TCGA-EW-A1PB-DX1_xmin57214_ymin25940_MPP-0.2500+41,TCGA-EW-A1PB-DX1,3
363,TCGA-EW-A1PB-DX1_xmin57214_ymin25940_MPP-0.2500+42:2:1,TCGA-EW-A1PB-DX1_xmin57214_ymin25940_MPP-0.2500+42,TCGA-EW-A1PB-DX1,3
369,TCGA-EW-A1PB-DX1_xmin57214_ymin25940_MPP-0.2500+46:0:1,TCGA-EW-A1PB-DX1_xmin57214_ymin25940_MPP-0.2500+46,TCGA-EW-A1PB-DX1,3
370,TCGA-EW-A1PB-DX1_xmin57214_ymin25940_MPP-0.2500+47:0:1,TCGA-EW-A1PB-DX1_xmin57214_ymin25940_MPP-0.2500+47,TCGA-EW-A1PB-DX1,3
371,TCGA-EW-A1PB-DX1_xmin57214_ymin25940_MPP-0.2500+48:0:1,TCGA-EW-A1PB-DX1_xmin57214_ymin25940_MPP-0.2500+48,TCGA-EW-A1PB-DX1,3
372,TCGA-EW-A1PB-DX1_xmin57214_ymin25940_MPP-0.2500+49:0:1,TCGA-EW-A1PB-DX1_xmin57214_ymin25940_MPP-0.2500+49,TCGA-EW-A1PB-DX1,3
373,TCGA-EW-A1PB-DX1_xmin57214_ymin25940_MPP-0.2500+5:1:1,TCGA-EW-A1PB-DX1_xmin57214_ymin25940_MPP-0.2500+5,TCGA-EW-A1PB-DX1,3
374,TCGA-EW-A1PB-DX1_xmin57214_ymin25940_MPP-0.2500+50:0:1,TCGA-EW-A1PB-DX1_xmin57214_ymin25940_MPP-0.2500+50,TCGA-EW-A1PB-DX1,3
380,TCGA-EW-A1PB-DX1_xmin57214_ymin25940_MPP-0.2500+52:2:2,TCGA-EW-A1PB-DX1_xmin57214_ymin25940_MPP-0.2500+52,TCGA-EW-A1PB-DX1,3
382,TCGA-EW-A1PB-DX1_xmin57214_ymin25940_MPP-0.2500+52:2:4,TCGA-EW-A1PB-DX1_xmin57214_ymin25940_MPP-0.2500+52,TCGA-EW-A1PB-DX1,3
384,TCGA-EW-A1PB-DX1_xmin57214_ymin25940_MPP-0.2500+53:1:2,TCGA-EW-A1PB-DX1_xmin57214_ymin25940_MPP-0.2500+53,TCGA-EW-A1PB-DX1,3
385,TCGA-EW-A1PB-DX1_xmin57214_ymin25940_MPP-0.2500+53:1:3,TCGA-EW-A1PB-DX1_xmin57214_ymin25940_MPP-0.2500+53,TCGA-EW-A1PB-DX1,3
386,TCGA-EW-A1PB-DX1_xmin57214_ymin25940_MPP-0.2500+53:2:1,TCGA-EW-A1PB-DX1_xmin57214_ymin25940_MPP-0.2500+53,TCGA-EW-A1PB-DX1,3
387,TCGA-EW-A1PB-DX1_xmin57214_ymin25940_MPP-0.2500+54:2:1,TCGA-EW-A1PB-DX1_xmin57214_ymin25940_MPP-0.2500+54,TCGA-EW-A1PB-DX1,3
388,TCGA-EW-A1PB-DX1_xmin57214_ymin25940_MPP-0.2500+55:2:1,TCGA-EW-A1PB-DX1_xmin57214_ymin25940_MPP-0.2500+55,TCGA-EW-A1PB-DX1,3
389,TCGA-EW-A1PB-DX1_xmin57214_ymin25940_MPP-0.2500+56:2:1,TCGA-EW-A1PB-DX1_xmin57214_ymin25940_MPP-0.2500+56,TCGA-EW-A1PB-DX1,3
392,TCGA-EW-A1PB-DX1_xmin57214_ymin25940_MPP-0.2500+57:2:1,TCGA-EW-A1PB-DX1_xmin57214_ymin25940_MPP-0.2500+57,TCGA-EW-A1PB-DX1,3
396,TCGA-EW-A1PB-DX1_xmin57214_ymin25940_MPP-0.2500+58:2:1,TCGA-EW-A1PB-DX1_xmin57214_ymin25940_MPP-0.2500+58,TCGA-EW-A1PB-DX1,3
398,TCGA-EW-A1PB-DX1_xmin57214_ymin25940_MPP-0.2500+59:1:1,TCGA-EW-A1PB-DX1_xmin57214_ymin25940_MPP-0.2500+59,TCGA-EW-A1PB-DX1,3
399,TCGA-EW-A1PB-DX1_xmin57214_ymin25940_MPP-0.2500+59:2:1,TCGA-EW-A1PB-DX1_xmin57214_ymin25940_MPP-0.2500+59,TCGA-EW-A1PB-DX1,3
400,TCGA-EW-A1PB-DX1_xmin57214_ymin25940_MPP-0.2500+59:2:2,TCGA-EW-A1PB-DX1_xmin57214_ymin25940_MPP-0.2500+59,TCGA-EW-A1PB-DX1,3
401,TCGA-EW-A1PB-DX1_xmin57214_ymin25940_MPP-0.2500+59:2:3,TCGA-EW-A1PB-DX1_xmin57214_ymin25940_MPP-0.2500+59,TCGA-EW-A1PB-DX1,3
403,TCGA-EW-A1PB-DX1_xmin57214_ymin25940_MPP-0.2500+60:0:1,TCGA-EW-A1PB-DX1_xmin57214_ymin25940_MPP-0.2500+60,TCGA-EW-A1PB-DX1,3
404,TCGA-EW-A1PB-DX1_xmin57214_ymin25940_MPP-0.2500+60:0:2,TCGA-EW-A1PB-DX1_xmin57214_ymin25940_MPP-0.2500+60,TCGA-EW-A1PB-DX1,3
405,TCGA-EW-A1PB-DX1_xmin57214_ymin25940_MPP-0.2500+60:0:3,TCGA-EW-A1PB-DX1_xmin57214_ymin25940_MPP-0.2500+60,TCGA-EW-A1PB-DX1,3
408,TCGA-EW-A1PB-DX1_xmin57214_ymin25940_MPP-0.2500+60:1:1,TCGA-EW-A1PB-DX1_xmin57214_ymin25940_MPP-0.2500+60,TCGA-EW-A1PB-DX1,3
409,TCGA-EW-A1PB-DX1_xmin57214_ymin25940_MPP-0.2500+61:0:1,TCGA-EW-A1PB-DX1_xmin57214_ymin25940_MPP-0.2500+61,TCGA-EW-A1PB-DX1,3
412,TCGA-EW-A1PB-DX1_xmin57214_ymin25940_MPP-0.2500+61:1:4,TCGA-EW-A1PB-DX1_xmin57214_ymin25940_MPP-0.2500+61,TCGA-EW-A1PB-DX1,3
413,TCGA-EW-A1PB-DX1_xmin57214_ymin25940_MPP-0.2500+61:1:5,TCGA-EW-A1PB-DX1_xmin57214_ymin25940_MPP-0.2500+61,TCGA-EW-A1PB-DX1,3
415,TCGA-EW-A1PB-DX1_xmin57214_ymin25940_MPP-0.2500+62:0:1,TCGA-EW-A1PB-DX1_xmin57214_ymin25940_MPP-0.2500+62,TCGA-EW-A1PB-DX1,3
416,TCGA-EW-A1PB-DX1_xmin57214_ymin25940_MPP-0.2500+63:0:1,TCGA-EW-A1PB-DX1_xmin57214_ymin25940_MPP-0.2500+63,TCGA-EW-A1PB-DX1,3
417,TCGA-EW-A1PB-DX1_xmin57214_ymin25940_MPP-0.2500+64:0:1,TCGA-EW-A1PB-DX1_xmin57214_ymin25940_MPP-0.2500+64,TCGA-EW-A1PB-DX1,3
420,TCGA-EW-A1PB-DX1_xmin57214_ymin25940_MPP-0.2500+66:2:1,TCGA-EW-A1PB-DX1_xmin57214_ymin25940_MPP-0.2500+66,TCGA-EW-A1PB-DX1,3
421,TCGA-EW-A1PB-DX1_xmin57214_ymin25940_MPP-0.2500+66:2:2,TCGA-EW-A1PB-DX1_xmin57214_ymin25940_MPP-0.2500+66,TCGA-EW-A1PB-DX1,3
423,TCGA-EW-A1PB-DX1_xmin57214_ymin25940_MPP-0.2500+66:2:4,TCGA-EW-A1PB-DX1_xmin57214_ymin25940_MPP-0.2500+66,TCGA-EW-A1PB-DX1,3
425,TCGA-EW-A1PB-DX1_xmin57214_ymin25940_MPP-0.2500+67:1:2,TCGA-EW-A1PB-DX1_xmin57214_ymin25940_MPP-0.2500+67,TCGA-EW-A1PB-DX1,3
426,TCGA-EW-A1PB-DX1_xmin57214_ymin25940_MPP-0.2500+67:1:3,TCGA-EW-A1PB-DX1_xmin57214_ymin25940_MPP-0.2500+67,TCGA-EW-A1PB-DX1,3
427,TCGA-EW-A1PB-DX1_xmin57214_ymin25940_MPP-0.2500+67:1:4,TCGA-EW-A1PB-DX1_xmin57214_ymin25940_MPP-0.2500+67,TCGA-EW-A1PB-DX1,3
430,TCGA-EW-A1PB-DX1_xmin57214_ymin25940_MPP-0.2500+67:2:1,TCGA-EW-A1PB-DX1_xmin57214_ymin25940_MPP-0.2500+67,TCGA-EW-A1PB-DX1,3
431,TCGA-EW-A1PB-DX1_xmin57214_ymin25940_MPP-0.2500+68:2:1,TCGA-EW-A1PB-DX1_xmin57214_ymin25940_MPP-0.2500+68,TCGA-EW-A1PB-DX1,3
432,TCGA-EW-A1PB-DX1_xmin57214_ymin25940_MPP-0.2500+69:2:1,TCGA-EW-A1PB-DX1_xmin57214_ymin25940_MPP-0.2500+69,TCGA-EW-A1PB-DX1,3
434,TCGA-EW-A1PB-DX1_xmin57214_ymin25940_MPP-0.2500+70:2:1,TCGA-EW-A1PB-DX1_xmin57214_ymin25940_MPP-0.2500+70,TCGA-EW-A1PB-DX1,3
435,TCGA-EW-A1PB-DX1_xmin57214_ymin25940_MPP-0.2500+71:2:1,TCGA-EW-A1PB-DX1_xmin57214_ymin25940_MPP-0.2500+71,TCGA-EW-A1PB-DX1,3
438,TCGA-EW-A1PB-DX1_xmin57214_ymin25940_MPP-0.2500+72:2:1,TCGA-EW-A1PB-DX1_xmin57214_ymin25940_MPP-0.2500+72,TCGA-EW-A1PB-DX1,3
439,TCGA-EW-A1PB-DX1_xmin57214_ymin25940_MPP-0.2500+73:0:1,TCGA-EW-A1PB-DX1_xmin57214_ymin25940_MPP-0.2500+73,TCGA-EW-A1PB-DX1,3
442,TCGA-EW-A1PB-DX1_xmin57214_ymin25940_MPP-0.2500+74:2:1,TCGA-EW-A1PB-DX1_xmin57214_ymin25940_MPP-0.2500+74,TCGA-EW-A1PB-DX1,3
443,TCGA-EW-A1PB-DX1_xmin57214_ymin25940_MPP-0.2500+74:2:2,TCGA-EW-A1PB-DX1_xmin57214_ymin25940_MPP-0.2500+74,TCGA-EW-A1PB-DX1,3
446,TCGA-EW-A1PB-DX1_xmin57214_ymin25940_MPP-0.2500+75:1:1,TCGA-EW-A1PB-DX1_xmin57214_ymin25940_MPP-0.2500+75,TCGA-EW-A1PB-DX1,3
449,TCGA-EW-A1PB-DX1_xmin57214_ymin25940_MPP-0.2500+75:1:4,TCGA-EW-A1PB-DX1_xmin57214_ymin25940_MPP-0.2500+75,TCGA-EW-A1PB-DX1,3
451,TCGA-EW-A1PB-DX1_xmin57214_ymin25940_MPP-0.2500+76:0:1,TCGA-EW-A1PB-DX1_xmin57214_ymin25940_MPP-0.2500+76,TCGA-EW-A1PB-DX1,3
453,TCGA-EW-A1PB-DX1_xmin57214_ymin25940_MPP-0.2500+78:0:1,TCGA-EW-A1PB-DX1_xmin57214_ymin25940_MPP-0.2500+78,TCGA-EW-A1PB-DX1,3
454,TCGA-EW-A1PB-DX1_xmin57214_ymin25940_MPP-0.2500+79:0:1,TCGA-EW-A1PB-DX1_xmin57214_ymin25940_MPP-0.2500+79,TCGA-EW-A1PB-DX1,3
460,TCGA-EW-A1PB-DX1_xmin57214_ymin25940_MPP-0.2500+81:1:1,TCGA-EW-A1PB-DX1_xmin57214_ymin25940_MPP-0.2500+81,TCGA-EW-A1PB-DX1,3
461,TCGA-EW-A1PB-DX1_xmin57214_ymin25940_MPP-0.2500+81:2:1,TCGA-EW-A1PB-DX1_xmin57214_ymin25940_MPP-0.2500+81,TCGA-EW-A1PB-DX1,3
462,TCGA-EW-A1PB-DX1_xmin57214_ymin25940_MPP-0.2500+82:2:1,TCGA-EW-A1PB-DX1_xmin57214_ymin25940_MPP-0.2500+82,TCGA-EW-A1PB-DX1,3
463,TCGA-EW-A1PB-DX1_xmin57214_ymin25940_MPP-0.2500+83:0:1,TCGA-EW-A1PB-DX1_xmin57214_ymin25940_MPP-0.2500+83,TCGA-EW-A1PB-DX1,3
464,TCGA-EW-A1PB-DX1_xmin57214_ymin25940_MPP-0.2500+83:2:1,TCGA-EW-A1PB-DX1_xmin57214_ymin25940_MPP-0.2500+83,TCGA-EW-A1PB-DX1,3
466,TCGA-EW-A1PB-DX1_xmin57214_ymin25940_MPP-0.2500+85:1:1,TCGA-EW-A1PB-DX1_xmin57214_ymin25940_MPP-0.2500+85,TCGA-EW-A1PB-DX1,3
470,TCGA-EW-A1PB-DX1_xmin57214_ymin25940_MPP-0.2500+85:2:1,TCGA-EW-A1PB-DX1_xmin57214_ymin25940_MPP-0.2500+85,TCGA-EW-A1PB-DX1,3
471,TCGA-EW-A1PB-DX1_xmin57214_ymin25940_MPP-0.2500+86:2:1,TCGA-EW-A1PB-DX1_xmin57214_ymin25940_MPP-0.2500+86,TCGA-EW-A1PB-DX1,3
474,TCGA-EW-A1PB-DX1_xmin57214_ymin25940_MPP-0.2500+87:2:1,TCGA-EW-A1PB-DX1_xmin57214_ymin25940_MPP-0.2500+87,TCGA-EW-A1PB-DX1,3
476,TCGA-EW-A1PB-DX1_xmin57214_ymin25940_MPP-0.2500+88:2:1,TCGA-EW-A1PB-DX1_xmin57214_ymin25940_MPP-0.2500+88,TCGA-EW-A1PB-DX1,3
477,TCGA-EW-A1PB-DX1_xmin57214_ymin25940_MPP-0.2500+88:2:2,TCGA-EW-A1PB-DX1_xmin57214_ymin25940_MPP-0.2500+88,TCGA-EW-A1PB-DX1,3
478,TCGA-EW-A1PB-DX1_xmin57214_ymin25940_MPP-0.2500+88:2:3,TCGA-EW-A1PB-DX1_xmin57214_ymin25940_MPP-0.2500+88,TCGA-EW-A1PB-DX1,3
483,TCGA-EW-A1PB-DX1_xmin57214_ymin25940_MPP-0.2500+9:2:1,TCGA-EW-A1PB-DX1_xmin57214_ymin25940_MPP-0.2500+9,TCGA-EW-A1PB-DX1,3
486,TCGA-EW-A1PB-DX1_xmin57214_ymin25940_MPP-0.2500+90:0:3,TCGA-EW-A1PB-DX1_xmin57214_ymin25940_MPP-0.2500+90,TCGA-EW-A1PB-DX1,3
488,TCGA-EW-A1PB-DX1_xmin57214_ymin25940_MPP-0.2500+90:1:1,TCGA-EW-A1PB-DX1_xmin57214_ymin25940_MPP-0.2500+90,TCGA-EW-A1PB-DX1,3
489,TCGA-EW-A1PB-DX1_xmin57214_ymin25940_MPP-0.2500+91:0:1,TCGA-EW-A1PB-DX1_xmin57214_ymin25940_MPP-0.2500+91,TCGA-EW-A1PB-DX1,3
491,TCGA-EW-A1PB-DX1_xmin57214_ymin25940_MPP-0.2500+91:1:1,TCGA-EW-A1PB-DX1_xmin57214_ymin25940_MPP-0.2500+91,TCGA-EW-A1PB-DX1,3
493,TCGA-EW-A1PB-DX1_xmin57214_ymin25940_MPP-0.2500+92:0:1,TCGA-EW-A1PB-DX1_xmin57214_ymin25940_MPP-0.2500+92,TCGA-EW-A1PB-DX1,3
494,TCGA-EW-A1PB-DX1_xmin57214_ymin25940_MPP-0.2500+93:0:1,TCGA-EW-A1PB-DX1_xmin57214_ymin25940_MPP-0.2500+93,TCGA-EW-A1PB-DX1,3
495,TCGA-EW-A1PB-DX1_xmin57214_ymin25940_MPP-0.2500+94:0:1,TCGA-EW-A1PB-DX1_xmin57214_ymin25940_MPP-0.2500+94,TCGA-EW-A1PB-DX1,3
496,TCGA-EW-A1PB-DX1_xmin57214_ymin25940_MPP-0.2500+95:0:1,TCGA-EW-A1PB-DX1_xmin57214_ymin25940_MPP-0.2500+95,TCGA-EW-A1PB-DX1,3
499,TCGA-EW-A1PB-DX1_xmin57214_ymin25940_MPP-0.2500+96:1:2,TCGA-EW-A1PB-DX1_xmin57214_ymin25940_MPP-0.2500+96,TCGA-EW-A1PB-DX1,3
500,TCGA-EW-A1PB-DX1_xmin57214_ymin25940_MPP-0.2500+96:2:1,TCGA-EW-A1PB-DX1_xmin57214_ymin25940_MPP-0.2500+96,TCGA-EW-A1PB-DX1,3
502,TCGA-EW-A1PB-DX1_xmin57214_ymin25940_MPP-0.2500+97:2:1,TCGA-EW-A1PB-DX1_xmin57214_ymin25940_MPP-0.2500+97,TCGA-EW-A1PB-DX1,3
503,TCGA-EW-A1PB-DX1_xmin57214_ymin25940_MPP-0.2500+98:1:1,TCGA-EW-A1PB-DX1_xmin57214_ymin25940_MPP-0.2500+98,TCGA-EW-A1PB-DX1,3
507,TCGA-EW-A1PB-DX1_xmin57214_ymin25940_MPP-0.2500+99:2:1,TCGA-EW-A1PB-DX1_xmin57214_ymin25940_MPP-0.2500+99,TCGA-EW-A1PB-DX1,3
510,TCGA-EW-A1PH-DX1_xmin3455_ymin52049_MPP-0.2500+0:1:1,TCGA-EW-A1PH-DX1_xmin3455_ymin52049_MPP-0.2500+0,TCGA-EW-A1PH-DX1,2
511,TCGA-EW-A1PH-DX1_xmin3455_ymin52049_MPP-0.2500+1:1:1,TCGA-EW-A1PH-DX1_xmin3455_ymin52049_MPP-0.2500+1,TCGA-EW-A1PH-DX1,2
512,TCGA-EW-A1PH-DX1_xmin3455_ymin52049_MPP-0.2500+10:1:1,TCGA-EW-A1PH-DX1_xmin3455_ymin52049_MPP-0.2500+10,TCGA-EW-A1PH-DX1,2
513,TCGA-EW-A1PH-DX1_xmin3455_ymin52049_MPP-0.2500+100:0:1,TCGA-EW-A1PH-DX1_xmin3455_ymin52049_MPP-0.2500+100,TCGA-EW-A1PH-DX1,2
514,TCGA-EW-A1PH-DX1_xmin3455_ymin52049_MPP-0.2500+100:0:2,TCGA-EW-A1PH-DX1_xmin3455_ymin52049_MPP-0.2500+100,TCGA-EW-A1PH-DX1,2
516,TCGA-EW-A1PH-DX1_xmin3455_ymin52049_MPP-0.2500+100:1:2,TCGA-EW-A1PH-DX1_xmin3455_ymin52049_MPP-0.2500+100,TCGA-EW-A1PH-DX1,2
517,TCGA-EW-A1PH-DX1_xmin3455_ymin52049_MPP-0.2500+100:1:3,TCGA-EW-A1PH-DX1_xmin3455_ymin52049_MPP-0.2500+100,TCGA-EW-A1PH-DX1,2
519,TCGA-EW-A1PH-DX1_xmin3455_ymin52049_MPP-0.2500+102:0:1,TCGA-EW-A1PH-DX1_xmin3455_ymin52049_MPP-0.2500+102,TCGA-EW-A1PH-DX1,2
520,TCGA-EW-A1PH-DX1_xmin3455_ymin52049_MPP-0.2500+103:0:1,TCGA-EW-A1PH-DX1_xmin3455_ymin52049_MPP-0.2500+103,TCGA-EW-A1PH-DX1,2
521,TCGA-EW-A1PH-DX1_xmin3455_ymin52049_MPP-0.2500+104:0:1,TCGA-EW-A1PH-DX1_xmin3455_ymin52049_MPP-0.2500+104,TCGA-EW-A1PH-DX1,2
522,TCGA-EW-A1PH-DX1_xmin3455_ymin52049_MPP-0.2500+105:0:1,TCGA-EW-A1PH-DX1_xmin3455_ymin52049_MPP-0.2500+105,TCGA-EW-A1PH-DX1,2
523,TCGA-EW-A1PH-DX1_xmin3455_ymin52049_MPP-0.2500+106:0:1,TCGA-EW-A1PH-DX1_xmin3455_ymin52049_MPP-0.2500+106,TCGA-EW-A1PH-DX1,2
524,TCGA-EW-A1PH-DX1_xmin3455_ymin52049_MPP-0.2500+107:0:1,TCGA-EW-A1PH-DX1_xmin3455_ymin52049_MPP-0.2500+107,TCGA-EW-A1PH-DX1,2
525,TCGA-EW-A1PH-DX1_xmin3455_ymin52049_MPP-0.2500+108:0:1,TCGA-EW-A1PH-DX1_xmin3455_ymin52049_MPP-0.2500+108,TCGA-EW-A1PH-DX1,2
526,TCGA-EW-A1PH-DX1_xmin3455_ymin52049_MPP-0.2500+108:1:1,TCGA-EW-A1PH-DX1_xmin3455_ymin52049_MPP-0.2500+108,TCGA-EW-A1PH-DX1,2
527,TCGA-EW-A1PH-DX1_xmin3455_ymin52049_MPP-0.2500+108:1:3,TCGA-EW-A1PH-DX1_xmin3455_ymin52049_MPP-0.2500+108,TCGA-EW-A1PH-DX1,2
528,TCGA-EW-A1PH-DX1_xmin3455_ymin52049_MPP-0.2500+109:0:1,TCGA-EW-A1PH-DX1_xmin3455_ymin52049_MPP-0.2500+109,TCGA-EW-A1PH-DX1,2
529,TCGA-EW-A1PH-DX1_xmin3455_ymin52049_MPP-0.2500+109:0:2,TCGA-EW-A1PH-DX1_xmin3455_ymin52049_MPP-0.2500+109,TCGA-EW-A1PH-DX1,2
531,TCGA-EW-A1PH-DX1_xmin3455_ymin52049_MPP-0.2500+109:1:3,TCGA-EW-A1PH-DX1_xmin3455_ymin52049_MPP-0.2500+109,TCGA-EW-A1PH-DX1,2
532,TCGA-EW-A1PH-DX1_xmin3455_ymin52049_MPP-0.2500+11:1:1,TCGA-EW-A1PH-DX1_xmin3455_ymin52049_MPP-0.2500+11,TCGA-EW-A1PH-DX1,2
533,TCGA-EW-A1PH-DX1_xmin3455_ymin52049_MPP-0.2500+110:0:1,TCGA-EW-A1PH-DX1_xmin3455_ymin52049_MPP-0.2500+110,TCGA-EW-A1PH-DX1,2
534,TCGA-EW-A1PH-DX1_xmin3455_ymin52049_MPP-0.2500+110:0:2,TCGA-EW-A1PH-DX1_xmin3455_ymin52049_MPP-0.2500+110,TCGA-EW-A1PH-DX1,2
535,TCGA-EW-A1PH-DX1_xmin3455_ymin52049_MPP-0.2500+110:0:3,TCGA-EW-A1PH-DX1_xmin3455_ymin52049_MPP-0.2500+110,TCGA-EW-A1PH-DX1,2
536,TCGA-EW-A1PH-DX1_xmin3455_ymin52049_MPP-0.2500+110:1:1,TCGA-EW-A1PH-DX1_xmin3455_ymin52049_MPP-0.2500+110,TCGA-EW-A1PH-DX1,2
537,TCGA-EW-A1PH-DX1_xmin3455_ymin52049_MPP-0.2500+110:1:2,TCGA-EW-A1PH-DX1_xmin3455_ymin52049_MPP-0.2500+110,TCGA-EW-A1PH-DX1,2
540,TCGA-EW-A1PH-DX1_xmin3455_ymin52049_MPP-0.2500+111:0:2,TCGA-EW-A1PH-DX1_xmin3455_ymin52049_MPP-0.2500+111,TCGA-EW-A1PH-DX1,2
541,TCGA-EW-A1PH-DX1_xmin3455_ymin52049_MPP-0.2500+111:0:3,TCGA-EW-A1PH-DX1_xmin3455_ymin52049_MPP-0.2500+111,TCGA-EW-A1PH-DX1,2
542,TCGA-EW-A1PH-DX1_xmin3455_ymin52049_MPP-0.2500+111:1:1,TCGA-EW-A1PH-DX1_xmin3455_ymin52049_MPP-0.2500+111,TCGA-EW-A1PH-DX1,2
543,TCGA-EW-A1PH-DX1_xmin3455_ymin52049_MPP-0.2500+112:0:1,TCGA-EW-A1PH-DX1_xmin3455_ymin52049_MPP-0.2500+112,TCGA-EW-A1PH-DX1,2
544,TCGA-EW-A1PH-DX1_xmin3455_ymin52049_MPP-0.2500+113:0:1,TCGA-EW-A1PH-DX1_xmin3455_ymin52049_MPP-0.2500+113,TCGA-EW-A1PH-DX1,2
546,TCGA-EW-A1PH-DX1_xmin3455_ymin52049_MPP-0.2500+114:1:1,TCGA-EW-A1PH-DX1_xmin3455_ymin52049_MPP-0.2500+114,TCGA-EW-A1PH-DX1,2
547,TCGA-EW-A1PH-DX1_xmin3455_ymin52049_MPP-0.2500+114:1:2,TCGA-EW-A1PH-DX1_xmin3455_ymin52049_MPP-0.2500+114,TCGA-EW-A1PH-DX1,2
548,TCGA-EW-A1PH-DX1_xmin3455_ymin52049_MPP-0.2500+114:1:3,TCGA-EW-A1PH-DX1_xmin3455_ymin52049_MPP-0.2500+114,TCGA-EW-A1PH-DX1,2
549,TCGA-EW-A1PH-DX1_xmin3455_ymin52049_MPP-0.2500+115:0:1,TCGA-EW-A1PH-DX1_xmin3455_ymin52049_MPP-0.2500+115,TCGA-EW-A1PH-DX1,2
553,TCGA-EW-A1PH-DX1_xmin3455_ymin52049_MPP-0.2500+115:1:3,TCGA-EW-A1PH-DX1_xmin3455_ymin52049_MPP-0.2500+115,TCGA-EW-A1PH-DX1,2
555,TCGA-EW-A1PH-DX1_xmin3455_ymin52049_MPP-0.2500+116:0:1,TCGA-EW-A1PH-DX1_xmin3455_ymin52049_MPP-0.2500+116,TCGA-EW-A1PH-DX1,2
556,TCGA-EW-A1PH-DX1_xmin3455_ymin52049_MPP-0.2500+117:0:1,TCGA-EW-A1PH-DX1_xmin3455_ymin52049_MPP-0.2500+117,TCGA-EW-A1PH-DX1,2
557,TCGA-EW-A1PH-DX1_xmin3455_ymin52049_MPP-0.2500+118:0:1,TCGA-EW-A1PH-DX1_xmin3455_ymin52049_MPP-0.2500+118,TCGA-EW-A1PH-DX1,2
558,TCGA-EW-A1PH-DX1_xmin3455_ymin52049_MPP-0.2500+119:0:1,TCGA-EW-A1PH-DX1_xmin3455_ymin52049_MPP-0.2500+119,TCGA-EW-A1PH-DX1,2
563,TCGA-EW-A1PH-DX1_xmin3455_ymin52049_MPP-0.2500+12:1:1,TCGA-EW-A1PH-DX1_xmin3455_ymin52049_MPP-0.2500+12,TCGA-EW-A1PH-DX1,2
564,TCGA-EW-A1PH-DX1_xmin3455_ymin52049_MPP-0.2500+120:0:1,TCGA-EW-A1PH-DX1_xmin3455_ymin52049_MPP-0.2500+120,TCGA-EW-A1PH-DX1,2
565,TCGA-EW-A1PH-DX1_xmin3455_ymin52049_MPP-0.2500+121:0:1,TCGA-EW-A1PH-DX1_xmin3455_ymin52049_MPP-0.2500+121,TCGA-EW-A1PH-DX1,2
566,TCGA-EW-A1PH-DX1_xmin3455_ymin52049_MPP-0.2500+122:0:1,TCGA-EW-A1PH-DX1_xmin3455_ymin52049_MPP-0.2500+122,TCGA-EW-A1PH-DX1,2
567,TCGA-EW-A1PH-DX1_xmin3455_ymin52049_MPP-0.2500+123:0:1,TCGA-EW-A1PH-DX1_xmin3455_ymin52049_MPP-0.2500+123,TCGA-EW-A1PH-DX1,2
568,TCGA-EW-A1PH-DX1_xmin3455_ymin52049_MPP-0.2500+123:1:1,TCGA-EW-A1PH-DX1_xmin3455_ymin52049_MPP-0.2500+123,TCGA-EW-A1PH-DX1,2
569,TCGA-EW-A1PH-DX1_xmin3455_ymin52049_MPP-0.2500+123:1:2,TCGA-EW-A1PH-DX1_xmin3455_ymin52049_MPP-0.2500+123,TCGA-EW-A1PH-DX1,2
570,TCGA-EW-A1PH-DX1_xmin3455_ymin52049_MPP-0.2500+124:0:1,TCGA-EW-A1PH-DX1_xmin3455_ymin52049_MPP-0.2500+124,TCGA-EW-A1PH-DX1,2
573,TCGA-EW-A1PH-DX1_xmin3455_ymin52049_MPP-0.2500+125:0:1,TCGA-EW-A1PH-DX1_xmin3455_ymin52049_MPP-0.2500+125,TCGA-EW-A1PH-DX1,2
574,TCGA-EW-A1PH-DX1_xmin3455_ymin52049_MPP-0.2500+126:0:1,TCGA-EW-A1PH-DX1_xmin3455_ymin52049_MPP-0.2500+126,TCGA-EW-A1PH-DX1,2
575,TCGA-EW-A1PH-DX1_xmin3455_ymin52049_MPP-0.2500+127:0:1,TCGA-EW-A1PH-DX1_xmin3455_ymin52049_MPP-0.2500+127,TCGA-EW-A1PH-DX1,2
579,TCGA-EW-A1PH-DX1_xmin3455_ymin52049_MPP-0.2500+128:0:1,TCGA-EW-A1PH-DX1_xmin3455_ymin52049_MPP-0.2500+128,TCGA-EW-A1PH-DX1,2
580,TCGA-EW-A1PH-DX1_xmin3455_ymin52049_MPP-0.2500+128:0:2,TCGA-EW-A1PH-DX1_xmin3455_ymin52049_MPP-0.2500+128,TCGA-EW-A1PH-DX1,2
581,TCGA-EW-A1PH-DX1_xmin3455_ymin52049_MPP-0.2500+128:1:1,TCGA-EW-A1PH-DX1_xmin3455_ymin52049_MPP-0.2500+128,TCGA-EW-A1PH-DX1,2
582,TCGA-EW-A1PH-DX1_xmin3455_ymin52049_MPP-0.2500+128:1:2,TCGA-EW-A1PH-DX1_xmin3455_ymin52049_MPP-0.2500+128,TCGA-EW-A1PH-DX1,2
583,TCGA-EW-A1PH-DX1_xmin3455_ymin52049_MPP-0.2500+129:0:1,TCGA-EW-A1PH-DX1_xmin3455_ymin52049_MPP-0.2500+129,TCGA-EW-A1PH-DX1,2
584,TCGA-EW-A1PH-DX1_xmin3455_ymin52049_MPP-0.2500+129:0:2,TCGA-EW-A1PH-DX1_xmin3455_ymin52049_MPP-0.2500+129,TCGA-EW-A1PH-DX1,2
585,TCGA-EW-A1PH-DX1_xmin3455_ymin52049_MPP-0.2500+129:1:1,TCGA-EW-A1PH-DX1_xmin3455_ymin52049_MPP-0.2500+129,TCGA-EW-A1PH-DX1,2
587,TCGA-EW-A1PH-DX1_xmin3455_ymin52049_MPP-0.2500+129:1:3,TCGA-EW-A1PH-DX1_xmin3455_ymin52049_MPP-0.2500+129,TCGA-EW-A1PH-DX1,2
588,TCGA-EW-A1PH-DX1_xmin3455_ymin52049_MPP-0.2500+129:1:4,TCGA-EW-A1PH-DX1_xmin3455_ymin52049_MPP-0.2500+129,TCGA-EW-A1PH-DX1,2
589,TCGA-EW-A1PH-DX1_xmin3455_ymin52049_MPP-0.2500+13:1:1,TCGA-EW-A1PH-DX1_xmin3455_ymin52049_MPP-0.2500+13,TCGA-EW-A1PH-DX1,2
590,TCGA-EW-A1PH-DX1_xmin3455_ymin52049_MPP-0.2500+130:0:1,TCGA-EW-A1PH-DX1_xmin3455_ymin52049_MPP-0.2500+130,TCGA-EW-A1PH-DX1,2
592,TCGA-EW-A1PH-DX1_xmin3455_ymin52049_MPP-0.2500+130:1:1,TCGA-EW-A1PH-DX1_xmin3455_ymin52049_MPP-0.2500+130,TCGA-EW-A1PH-DX1,2
593,TCGA-EW-A1PH-DX1_xmin3455_ymin52049_MPP-0.2500+131:0:1,TCGA-EW-A1PH-DX1_xmin3455_ymin52049_MPP-0.2500+131,TCGA-EW-A1PH-DX1,2
594,TCGA-EW-A1PH-DX1_xmin3455_ymin52049_MPP-0.2500+132:0:1,TCGA-EW-A1PH-DX1_xmin3455_ymin52049_MPP-0.2500+132,TCGA-EW-A1PH-DX1,2
595,TCGA-EW-A1PH-DX1_xmin3455_ymin52049_MPP-0.2500+132:0:2,TCGA-EW-A1PH-DX1_xmin3455_ymin52049_MPP-0.2500+132,TCGA-EW-A1PH-DX1,2
601,TCGA-EW-A1PH-DX1_xmin3455_ymin52049_MPP-0.2500+133:0:1,TCGA-EW-A1PH-DX1_xmin3455_ymin52049_MPP-0.2500+133,TCGA-EW-A1PH-DX1,2
602,TCGA-EW-A1PH-DX1_xmin3455_ymin52049_MPP-0.2500+133:0:3,TCGA-EW-A1PH-DX1_xmin3455_ymin52049_MPP-0.2500+133,TCGA-EW-A1PH-DX1,2
606,TCGA-EW-A1PH-DX1_xmin3455_ymin52049_MPP-0.2500+134:1:2,TCGA-EW-A1PH-DX1_xmin3455_ymin52049_MPP-0.2500+134,TCGA-EW-A1PH-DX1,2
609,TCGA-EW-A1PH-DX1_xmin3455_ymin52049_MPP-0.2500+134:3:1,TCGA-EW-A1PH-DX1_xmin3455_ymin52049_MPP-0.2500+134,TCGA-EW-A1PH-DX1,2
611,TCGA-EW-A1PH-DX1_xmin3455_ymin52049_MPP-0.2500+135:0:1,TCGA-EW-A1PH-DX1_xmin3455_ymin52049_MPP-0.2500+135,TCGA-EW-A1PH-DX1,2
612,TCGA-EW-A1PH-DX1_xmin3455_ymin52049_MPP-0.2500+136:0:1,TCGA-EW-A1PH-DX1_xmin3455_ymin52049_MPP-0.2500+136,TCGA-EW-A1PH-DX1,2
613,TCGA-EW-A1PH-DX1_xmin3455_ymin52049_MPP-0.2500+136:1:1,TCGA-EW-A1PH-DX1_xmin3455_ymin52049_MPP-0.2500+136,TCGA-EW-A1PH-DX1,2
614,TCGA-EW-A1PH-DX1_xmin3455_ymin52049_MPP-0.2500+136:1:2,TCGA-EW-A1PH-DX1_xmin3455_ymin52049_MPP-0.2500+136,TCGA-EW-A1PH-DX1,2
615,TCGA-EW-A1PH-DX1_xmin3455_ymin52049_MPP-0.2500+136:1:3,TCGA-EW-A1PH-DX1_xmin3455_ymin52049_MPP-0.2500+136,TCGA-EW-A1PH-DX1,2
617,TCGA-EW-A1PH-DX1_xmin3455_ymin52049_MPP-0.2500+137:0:1,TCGA-EW-A1PH-DX1_xmin3455_ymin52049_MPP-0.2500+137,TCGA-EW-A1PH-DX1,2
618,TCGA-EW-A1PH-DX1_xmin3455_ymin52049_MPP-0.2500+138:0:1,TCGA-EW-A1PH-DX1_xmin3455_ymin52049_MPP-0.2500+138,TCGA-EW-A1PH-DX1,2
619,TCGA-EW-A1PH-DX1_xmin3455_ymin52049_MPP-0.2500+138:0:2,TCGA-EW-A1PH-DX1_xmin3455_ymin52049_MPP-0.2500+138,TCGA-EW-A1PH-DX1,2
621,TCGA-EW-A1PH-DX1_xmin3455_ymin52049_MPP-0.2500+138:0:4,TCGA-EW-A1PH-DX1_xmin3455_ymin52049_MPP-0.2500+138,TCGA-EW-A1PH-DX1,2
623,TCGA-EW-A1PH-DX1_xmin3455_ymin52049_MPP-0.2500+139:0:1,TCGA-EW-A1PH-DX1_xmin3455_ymin52049_MPP-0.2500+139,TCGA-EW-A1PH-DX1,2
626,TCGA-EW-A1PH-DX1_xmin3455_ymin52049_MPP-0.2500+139:1:2,TCGA-EW-A1PH-DX1_xmin3455_ymin52049_MPP-0.2500+139,TCGA-EW-A1PH-DX1,2
627,TCGA-EW-A1PH-DX1_xmin3455_ymin52049_MPP-0.2500+139:1:3,TCGA-EW-A1PH-DX1_xmin3455_ymin52049_MPP-0.2500+139,TCGA-EW-A1PH-DX1,2
628,TCGA-EW-A1PH-DX1_xmin3455_ymin52049_MPP-0.2500+139:1:4,TCGA-EW-A1PH-DX1_xmin3455_ymin52049_MPP-0.2500+139,TCGA-EW-A1PH-DX1,2
629,TCGA-EW-A1PH-DX1_xmin3455_ymin52049_MPP-0.2500+14:1:1,TCGA-EW-A1PH-DX1_xmin3455_ymin52049_MPP-0.2500+14,TCGA-EW-A1PH-DX1,2
630,TCGA-EW-A1PH-DX1_xmin3455_ymin52049_MPP-0.2500+140:0:1,TCGA-EW-A1PH-DX1_xmin3455_ymin52049_MPP-0.2500+140,TCGA-EW-A1PH-DX1,2
631,TCGA-EW-A1PH-DX1_xmin3455_ymin52049_MPP-0.2500+140:0:2,TCGA-EW-A1PH-DX1_xmin3455_ymin52049_MPP-0.2500+140,TCGA-EW-A1PH-DX1,2
632,TCGA-EW-A1PH-DX1_xmin3455_ymin52049_MPP-0.2500+140:0:3,TCGA-EW-A1PH-DX1_xmin3455_ymin52049_MPP-0.2500+140,TCGA-EW-A1PH-DX1,2
634,TCGA-EW-A1PH-DX1_xmin3455_ymin52049_MPP-0.2500+140:1:2,TCGA-EW-A1PH-DX1_xmin3455_ymin52049_MPP-0.2500+140,TCGA-EW-A1PH-DX1,2
635,TCGA-EW-A1PH-DX1_xmin3455_ymin52049_MPP-0.2500+140:1:3,TCGA-EW-A1PH-DX1_xmin3455_ymin52049_MPP-0.2500+140,TCGA-EW-A1PH-DX1,2
636,TCGA-EW-A1PH-DX1_xmin3455_ymin52049_MPP-0.2500+141:0:1,TCGA-EW-A1PH-DX1_xmin3455_ymin52049_MPP-0.2500+141,TCGA-EW-A1PH-DX1,2
638,TCGA-EW-A1PH-DX1_xmin3455_ymin52049_MPP-0.2500+141:0:4,TCGA-EW-A1PH-DX1_xmin3455_ymin52049_MPP-0.2500+141,TCGA-EW-A1PH-DX1,2
639,TCGA-EW-A1PH-DX1_xmin3455_ymin52049_MPP-0.2500+141:0:5,TCGA-EW-A1PH-DX1_xmin3455_ymin52049_MPP-0.2500+141,TCGA-EW-A1PH-DX1,2
641,TCGA-EW-A1PH-DX1_xmin3455_ymin52049_MPP-0.2500+141:1:1,TCGA-EW-A1PH-DX1_xmin3455_ymin52049_MPP-0.2500+141,TCGA-EW-A1PH-DX1,2
642,TCGA-EW-A1PH-DX1_xmin3455_ymin52049_MPP-0.2500+142:0:1,TCGA-EW-A1PH-DX1_xmin3455_ymin52049_MPP-0.2500+142,TCGA-EW-A1PH-DX1,2
643,TCGA-EW-A1PH-DX1_xmin3455_ymin52049_MPP-0.2500+142:0:2,TCGA-EW-A1PH-DX1_xmin3455_ymin52049_MPP-0.2500+142,TCGA-EW-A1PH-DX1,2
644,TCGA-EW-A1PH-DX1_xmin3455_ymin52049_MPP-0.2500+142:0:3,TCGA-EW-A1PH-DX1_xmin3455_ymin52049_MPP-0.2500+142,TCGA-EW-A1PH-DX1,2
647,TCGA-EW-A1PH-DX1_xmin3455_ymin52049_MPP-0.2500+142:1:3,TCGA-EW-A1PH-DX1_xmin3455_ymin52049_MPP-0.2500+142,TCGA-EW-A1PH-DX1,2
648,TCGA-EW-A1PH-DX1_xmin3455_ymin52049_MPP-0.2500+143:0:1,TCGA-EW-A1PH-DX1_xmin3455_ymin52049_MPP-0.2500+143,TCGA-EW-A1PH-DX1,2
651,TCGA-EW-A1PH-DX1_xmin3455_ymin52049_MPP-0.2500+143:0:4,TCGA-EW-A1PH-DX1_xmin3455_ymin52049_MPP-0.2500+143,TCGA-EW-A1PH-DX1,2
655,TCGA-EW-A1PH-DX1_xmin3455_ymin52049_MPP-0.2500+143:1:3,TCGA-EW-A1PH-DX1_xmin3455_ymin52049_MPP-0.2500+143,TCGA-EW-A1PH-DX1,2
658,TCGA-EW-A1PH-DX1_xmin3455_ymin52049_MPP-0.2500+144:0:3,TCGA-EW-A1PH-DX1_xmin3455_ymin52049_MPP-0.2500+144,TCGA-EW-A1PH-DX1,2
660,TCGA-EW-A1PH-DX1_xmin3455_ymin52049_MPP-0.2500+144:0:5,TCGA-EW-A1PH-DX1_xmin3455_ymin52049_MPP-0.2500+144,TCGA-EW-A1PH-DX1,2
665,TCGA-EW-A1PH-DX1_xmin3455_ymin52049_MPP-0.2500+145:0:4,TCGA-EW-A1PH-DX1_xmin3455_ymin52049_MPP-0.2500+145,TCGA-EW-A1PH-DX1,2
666,TCGA-EW-A1PH-DX1_xmin3455_ymin52049_MPP-0.2500+145:3:1,TCGA-EW-A1PH-DX1_xmin3455_ymin52049_MPP-0.2500+145,TCGA-EW-A1PH-DX1,2
668,TCGA-EW-A1PH-DX1_xmin3455_ymin52049_MPP-0.2500+146:1:2,TCGA-EW-A1PH-DX1_xmin3455_ymin52049_MPP-0.2500+146,TCGA-EW-A1PH-DX1,2
669,TCGA-EW-A1PH-DX1_xmin3455_ymin52049_MPP-0.2500+146:1:3,TCGA-EW-A1PH-DX1_xmin3455_ymin52049_MPP-0.2500+146,TCGA-EW-A1PH-DX1,2
670,TCGA-EW-A1PH-DX1_xmin3455_ymin52049_MPP-0.2500+146:3:1,TCGA-EW-A1PH-DX1_xmin3455_ymin52049_MPP-0.2500+146,TCGA-EW-A1PH-DX1,2
673,TCGA-EW-A1PH-DX1_xmin3455_ymin52049_MPP-0.2500+147:3:1,TCGA-EW-A1PH-DX1_xmin3455_ymin52049_MPP-0.2500+147,TCGA-EW-A1PH-DX1,2
675,TCGA-EW-A1PH-DX1_xmin3455_ymin52049_MPP-0.2500+149:0:1,TCGA-EW-A1PH-DX1_xmin3455_ymin52049_MPP-0.2500+149,TCGA-EW-A1PH-DX1,2
677,TCGA-EW-A1PH-DX1_xmin3455_ymin52049_MPP-0.2500+15:2:1,TCGA-EW-A1PH-DX1_xmin3455_ymin52049_MPP-0.2500+15,TCGA-EW-A1PH-DX1,2
678,TCGA-EW-A1PH-DX1_xmin3455_ymin52049_MPP-0.2500+150:0:1,TCGA-EW-A1PH-DX1_xmin3455_ymin52049_MPP-0.2500+150,TCGA-EW-A1PH-DX1,2
679,TCGA-EW-A1PH-DX1_xmin3455_ymin52049_MPP-0.2500+151:0:1,TCGA-EW-A1PH-DX1_xmin3455_ymin52049_MPP-0.2500+151,TCGA-EW-A1PH-DX1,2
680,TCGA-EW-A1PH-DX1_xmin3455_ymin52049_MPP-0.2500+151:0:2,TCGA-EW-A1PH-DX1_xmin3455_ymin52049_MPP-0.2500+151,TCGA-EW-A1PH-DX1,2
681,TCGA-EW-A1PH-DX1_xmin3455_ymin52049_MPP-0.2500+151:1:1,TCGA-EW-A1PH-DX1_xmin3455_ymin52049_MPP-0.2500+151,TCGA-EW-A1PH-DX1,2
683,TCGA-EW-A1PH-DX1_xmin3455_ymin52049_MPP-0.2500+152:0:1,TCGA-EW-A1PH-DX1_xmin3455_ymin52049_MPP-0.2500+152,TCGA-EW-A1PH-DX1,2
684,TCGA-EW-A1PH-DX1_xmin3455_ymin52049_MPP-0.2500+152:0:2,TCGA-EW-A1PH-DX1_xmin3455_ymin52049_MPP-0.2500+152,TCGA-EW-A1PH-DX1,2
685,TCGA-EW-A1PH-DX1_xmin3455_ymin52049_MPP-0.2500+152:1:1,TCGA-EW-A1PH-DX1_xmin3455_ymin52049_MPP-0.2500+152,TCGA-EW-A1PH-DX1,2
688,TCGA-EW-A1PH-DX1_xmin3455_ymin52049_MPP-0.2500+153:0:1,TCGA-EW-A1PH-DX1_xmin3455_ymin52049_MPP-0.2500+153,TCGA-EW-A1PH-DX1,2
690,TCGA-EW-A1PH-DX1_xmin3455_ymin52049_MPP-0.2500+153:1:2,TCGA-EW-A1PH-DX1_xmin3455_ymin52049_MPP-0.2500+153,TCGA-EW-A1PH-DX1,2
692,TCGA-EW-A1PH-DX1_xmin3455_ymin52049_MPP-0.2500+154:0:1,TCGA-EW-A1PH-DX1_xmin3455_ymin52049_MPP-0.2500+154,TCGA-EW-A1PH-DX1,2
693,TCGA-EW-A1PH-DX1_xmin3455_ymin52049_MPP-0.2500+154:0:2,TCGA-EW-A1PH-DX1_xmin3455_ymin52049_MPP-0.2500+154,TCGA-EW-A1PH-DX1,2
697,TCGA-EW-A1PH-DX1_xmin3455_ymin52049_MPP-0.2500+154:1:3,TCGA-EW-A1PH-DX1_xmin3455_ymin52049_MPP-0.2500+154,TCGA-EW-A1PH-DX1,2
698,TCGA-EW-A1PH-DX1_xmin3455_ymin52049_MPP-0.2500+154:1:4,TCGA-EW-A1PH-DX1_xmin3455_ymin52049_MPP-0.2500+154,TCGA-EW-A1PH-DX1,2
699,TCGA-EW-A1PH-DX1_xmin3455_ymin52049_MPP-0.2500+154:1:5,TCGA-EW-A1PH-DX1_xmin3455_ymin52049_MPP-0.2500+154,TCGA-EW-A1PH-DX1,2
700,TCGA-EW-A1PH-DX1_xmin3455_ymin52049_MPP-0.2500+155:0:1,TCGA-EW-A1PH-DX1_xmin3455_ymin52049_MPP-0.2500+155,TCGA-EW-A1PH-DX1,2
701,TCGA-EW-A1PH-DX1_xmin3455_ymin52049_MPP-0.2500+155:0:2,TCGA-EW-A1PH-DX1_xmin3455_ymin52049_MPP-0.2500+155,TCGA-EW-A1PH-DX1,2
702,TCGA-EW-A1PH-DX1_xmin3455_ymin52049_MPP-0.2500+155:0:3,TCGA-EW-A1PH-DX1_xmin3455_ymin52049_MPP-0.2500+155,TCGA-EW-A1PH-DX1,2
704,TCGA-EW-A1PH-DX1_xmin3455_ymin52049_MPP-0.2500+156:0:1,TCGA-EW-A1PH-DX1_xmin3455_ymin52049_MPP-0.2500+156,TCGA-EW-A1PH-DX1,2
705,TCGA-EW-A1PH-DX1_xmin3455_ymin52049_MPP-0.2500+156:0:2,TCGA-EW-A1PH-DX1_xmin3455_ymin52049_MPP-0.2500+156,TCGA-EW-A1PH-DX1,2
708,TCGA-EW-A1PH-DX1_xmin3455_ymin52049_MPP-0.2500+156:1:3,TCGA-EW-A1PH-DX1_xmin3455_ymin52049_MPP-0.2500+156,TCGA-EW-A1PH-DX1,2
710,TCGA-EW-A1PH-DX1_xmin3455_ymin52049_MPP-0.2500+157:0:2,TCGA-EW-A1PH-DX1_xmin3455_ymin52049_MPP-0.2500+157,TCGA-EW-A1PH-DX1,2
712,TCGA-EW-A1PH-DX1_xmin3455_ymin52049_MPP-0.2500+157:0:4,TCGA-EW-A1PH-DX1_xmin3455_ymin52049_MPP-0.2500+157,TCGA-EW-A1PH-DX1,2
713,TCGA-EW-A1PH-DX1_xmin3455_ymin52049_MPP-0.2500+157:0:5,TCGA-EW-A1PH-DX1_xmin3455_ymin52049_MPP-0.2500+157,TCGA-EW-A1PH-DX1,2
717,TCGA-EW-A1PH-DX1_xmin3455_ymin52049_MPP-0.2500+158:0:1,TCGA-EW-A1PH-DX1_xmin3455_ymin52049_MPP-0.2500+158,TCGA-EW-A1PH-DX1,2
718,TCGA-EW-A1PH-DX1_xmin3455_ymin52049_MPP-0.2500+158:0:2,TCGA-EW-A1PH-DX1_xmin3455_ymin52049_MPP-0.2500+158,TCGA-EW-A1PH-DX1,2
719,TCGA-EW-A1PH-DX1_xmin3455_ymin52049_MPP-0.2500+158:0:3,TCGA-EW-A1PH-DX1_xmin3455_ymin52049_MPP-0.2500+158,TCGA-EW-A1PH-DX1,2
720,TCGA-EW-A1PH-DX1_xmin3455_ymin52049_MPP-0.2500+158:1:1,TCGA-EW-A1PH-DX1_xmin3455_ymin52049_MPP-0.2500+158,TCGA-EW-A1PH-DX1,2
721,TCGA-EW-A1PH-DX1_xmin3455_ymin52049_MPP-0.2500+158:1:2,TCGA-EW-A1PH-DX1_xmin3455_ymin52049_MPP-0.2500+158,TCGA-EW-A1PH-DX1,2
723,TCGA-EW-A1PH-DX1_xmin3455_ymin52049_MPP-0.2500+158:1:4,TCGA-EW-A1PH-DX1_xmin3455_ymin52049_MPP-0.2500+158,TCGA-EW-A1PH-DX1,2
725,TCGA-EW-A1PH-DX1_xmin3455_ymin52049_MPP-0.2500+158:3:1,TCGA-EW-A1PH-DX1_xmin3455_ymin52049_MPP-0.2500+158,TCGA-EW-A1PH-DX1,2
728,TCGA-EW-A1PH-DX1_xmin3455_ymin52049_MPP-0.2500+159:0:1,TCGA-EW-A1PH-DX1_xmin3455_ymin52049_MPP-0.2500+159,TCGA-EW-A1PH-DX1,2
729,TCGA-EW-A1PH-DX1_xmin3455_ymin52049_MPP-0.2500+159:0:3,TCGA-EW-A1PH-DX1_xmin3455_ymin52049_MPP-0.2500+159,TCGA-EW-A1PH-DX1,2
731,TCGA-EW-A1PH-DX1_xmin3455_ymin52049_MPP-0.2500+159:1:1,TCGA-EW-A1PH-DX1_xmin3455_ymin52049_MPP-0.2500+159,TCGA-EW-A1PH-DX1,2
736,TCGA-EW-A1PH-DX1_xmin3455_ymin52049_MPP-0.2500+16:1:1,TCGA-EW-A1PH-DX1_xmin3455_ymin52049_MPP-0.2500+16,TCGA-EW-A1PH-DX1,2
737,TCGA-EW-A1PH-DX1_xmin3455_ymin52049_MPP-0.2500+160:0:1,TCGA-EW-A1PH-DX1_xmin3455_ymin52049_MPP-0.2500+160,TCGA-EW-A1PH-DX1,2
739,TCGA-EW-A1PH-DX1_xmin3455_ymin52049_MPP-0.2500+160:1:1,TCGA-EW-A1PH-DX1_xmin3455_ymin52049_MPP-0.2500+160,TCGA-EW-A1PH-DX1,2
740,TCGA-EW-A1PH-DX1_xmin3455_ymin52049_MPP-0.2500+160:1:2,TCGA-EW-A1PH-DX1_xmin3455_ymin52049_MPP-0.2500+160,TCGA-EW-A1PH-DX1,2
741,TCGA-EW-A1PH-DX1_xmin3455_ymin52049_MPP-0.2500+160:1:3,TCGA-EW-A1PH-DX1_xmin3455_ymin52049_MPP-0.2500+160,TCGA-EW-A1PH-DX1,2
742,TCGA-EW-A1PH-DX1_xmin3455_ymin52049_MPP-0.2500+160:1:4,TCGA-EW-A1PH-DX1_xmin3455_ymin52049_MPP-0.2500+160,TCGA-EW-A1PH-DX1,2
743,TCGA-EW-A1PH-DX1_xmin3455_ymin52049_MPP-0.2500+161:0:1,TCGA-EW-A1PH-DX1_xmin3455_ymin52049_MPP-0.2500+161,TCGA-EW-A1PH-DX1,2
744,TCGA-EW-A1PH-DX1_xmin3455_ymin52049_MPP-0.2500+162:0:1,TCGA-EW-A1PH-DX1_xmin3455_ymin52049_MPP-0.2500+162,TCGA-EW-A1PH-DX1,2
745,TCGA-EW-A1PH-DX1_xmin3455_ymin52049_MPP-0.2500+162:1:1,TCGA-EW-A1PH-DX1_xmin3455_ymin52049_MPP-0.2500+162,TCGA-EW-A1PH-DX1,2
746,TCGA-EW-A1PH-DX1_xmin3455_ymin52049_MPP-0.2500+162:1:2,TCGA-EW-A1PH-DX1_xmin3455_ymin52049_MPP-0.2500+162,TCGA-EW-A1PH-DX1,2
747,TCGA-EW-A1PH-DX1_xmin3455_ymin52049_MPP-0.2500+163:0:1,TCGA-EW-A1PH-DX1_xmin3455_ymin52049_MPP-0.2500+163,TCGA-EW-A1PH-DX1,2
748,TCGA-EW-A1PH-DX1_xmin3455_ymin52049_MPP-0.2500+163:0:2,TCGA-EW-A1PH-DX1_xmin3455_ymin52049_MPP-0.2500+163,TCGA-EW-A1PH-DX1,2
749,TCGA-EW-A1PH-DX1_xmin3455_ymin52049_MPP-0.2500+163:0:3,TCGA-EW-A1PH-DX1_xmin3455_ymin52049_MPP-0.2500+163,TCGA-EW-A1PH-DX1,2
750,TCGA-EW-A1PH-DX1_xmin3455_ymin52049_MPP-0.2500+163:1:1,TCGA-EW-A1PH-DX1_xmin3455_ymin52049_MPP-0.2500+163,TCGA-EW-A1PH-DX1,2
752,TCGA-EW-A1PH-DX1_xmin3455_ymin52049_MPP-0.2500+164:0:1,TCGA-EW-A1PH-DX1_xmin3455_ymin52049_MPP-0.2500+164,TCGA-EW-A1PH-DX1,2
754,TCGA-EW-A1PH-DX1_xmin3455_ymin52049_MPP-0.2500+165:0:2,TCGA-EW-A1PH-DX1_xmin3455_ymin52049_MPP-0.2500+165,TCGA-EW-A1PH-DX1,2
755,TCGA-EW-A1PH-DX1_xmin3455_ymin52049_MPP-0.2500+165:0:4,TCGA-EW-A1PH-DX1_xmin3455_ymin52049_MPP-0.2500+165,TCGA-EW-A1PH-DX1,2
759,TCGA-EW-A1PH-DX1_xmin3455_ymin52049_MPP-0.2500+166:0:1,TCGA-EW-A1PH-DX1_xmin3455_ymin52049_MPP-0.2500+166,TCGA-EW-A1PH-DX1,2
760,TCGA-EW-A1PH-DX1_xmin3455_ymin52049_MPP-0.2500+166:1:1,TCGA-EW-A1PH-DX1_xmin3455_ymin52049_MPP-0.2500+166,TCGA-EW-A1PH-DX1,2
761,TCGA-EW-A1PH-DX1_xmin3455_ymin52049_MPP-0.2500+166:1:2,TCGA-EW-A1PH-DX1_xmin3455_ymin52049_MPP-0.2500+166,TCGA-EW-A1PH-DX1,2
763,TCGA-EW-A1PH-DX1_xmin3455_ymin52049_MPP-0.2500+166:1:4,TCGA-EW-A1PH-DX1_xmin3455_ymin52049_MPP-0.2500+166,TCGA-EW-A1PH-DX1,2
764,TCGA-EW-A1PH-DX1_xmin3455_ymin52049_MPP-0.2500+167:0:1,TCGA-EW-A1PH-DX1_xmin3455_ymin52049_MPP-0.2500+167,TCGA-EW-A1PH-DX1,2
765,TCGA-EW-A1PH-DX1_xmin3455_ymin52049_MPP-0.2500+167:0:2,TCGA-EW-A1PH-DX1_xmin3455_ymin52049_MPP-0.2500+167,TCGA-EW-A1PH-DX1,2
766,TCGA-EW-A1PH-DX1_xmin3455_ymin52049_MPP-0.2500+167:0:3,TCGA-EW-A1PH-DX1_xmin3455_ymin52049_MPP-0.2500+167,TCGA-EW-A1PH-DX1,2
768,TCGA-EW-A1PH-DX1_xmin3455_ymin52049_MPP-0.2500+167:0:5,TCGA-EW-A1PH-DX1_xmin3455_ymin52049_MPP-0.2500+167,TCGA-EW-A1PH-DX1,2
769,TCGA-EW-A1PH-DX1_xmin3455_ymin52049_MPP-0.2500+167:0:6,TCGA-EW-A1PH-DX1_xmin3455_ymin52049_MPP-0.2500+167,TCGA-EW-A1PH-DX1,2
771,TCGA-EW-A1PH-DX1_xmin3455_ymin52049_MPP-0.2500+168:0:1,TCGA-EW-A1PH-DX1_xmin3455_ymin52049_MPP-0.2500+168,TCGA-EW-A1PH-DX1,2
773,TCGA-EW-A1PH-DX1_xmin3455_ymin52049_MPP-0.2500+168:1:1,TCGA-EW-A1PH-DX1_xmin3455_ymin52049_MPP-0.2500+168,TCGA-EW-A1PH-DX1,2
774,TCGA-EW-A1PH-DX1_xmin3455_ymin52049_MPP-0.2500+168:1:2,TCGA-EW-A1PH-DX1_xmin3455_ymin52049_MPP-0.2500+168,TCGA-EW-A1PH-DX1,2
775,TCGA-EW-A1PH-DX1_xmin3455_ymin52049_MPP-0.2500+169:0:1,TCGA-EW-A1PH-DX1_xmin3455_ymin52049_MPP-0.2500+169,TCGA-EW-A1PH-DX1,2
776,TCGA-EW-A1PH-DX1_xmin3455_ymin52049_MPP-0.2500+169:0:2,TCGA-EW-A1PH-DX1_xmin3455_ymin52049_MPP-0.2500+169,TCGA-EW-A1PH-DX1,2
777,TCGA-EW-A1PH-DX1_xmin3455_ymin52049_MPP-0.2500+169:0:3,TCGA-EW-A1PH-DX1_xmin3455_ymin52049_MPP-0.2500+169,TCGA-EW-A1PH-DX1,2
779,TCGA-EW-A1PH-DX1_xmin3455_ymin52049_MPP-0.2500+17:1:1,TCGA-EW-A1PH-DX1_xmin3455_ymin52049_MPP-0.2500+17,TCGA-EW-A1PH-DX1,2
780,TCGA-EW-A1PH-DX1_xmin3455_ymin52049_MPP-0.2500+170:0:1,TCGA-EW-A1PH-DX1_xmin3455_ymin52049_MPP-0.2500+170,TCGA-EW-A1PH-DX1,2
781,TCGA-EW-A1PH-DX1_xmin3455_ymin52049_MPP-0.2500+170:0:2,TCGA-EW-A1PH-DX1_xmin3455_ymin52049_MPP-0.2500+170,TCGA-EW-A1PH-DX1,2
786,TCGA-EW-A1PH-DX1_xmin3455_ymin52049_MPP-0.2500+170:1:3,TCGA-EW-A1PH-DX1_xmin3455_ymin52049_MPP-0.2500+170,TCGA-EW-A1PH-DX1,2
787,TCGA-EW-A1PH-DX1_xmin3455_ymin52049_MPP-0.2500+171:0:1,TCGA-EW-A1PH-DX1_xmin3455_ymin52049_MPP-0.2500+171,TCGA-EW-A1PH-DX1,2
792,TCGA-EW-A1PH-DX1_xmin3455_ymin52049_MPP-0.2500+171:3:3,TCGA-EW-A1PH-DX1_xmin3455_ymin52049_MPP-0.2500+171,TCGA-EW-A1PH-DX1,2
793,TCGA-EW-A1PH-DX1_xmin3455_ymin52049_MPP-0.2500+172:0:1,TCGA-EW-A1PH-DX1_xmin3455_ymin52049_MPP-0.2500+172,TCGA-EW-A1PH-DX1,2
796,TCGA-EW-A1PH-DX1_xmin3455_ymin52049_MPP-0.2500+172:0:4,TCGA-EW-A1PH-DX1_xmin3455_ymin52049_MPP-0.2500+172,TCGA-EW-A1PH-DX1,2
798,TCGA-EW-A1PH-DX1_xmin3455_ymin52049_MPP-0.2500+173:0:1,TCGA-EW-A1PH-DX1_xmin3455_ymin52049_MPP-0.2500+173,TCGA-EW-A1PH-DX1,2
799,TCGA-EW-A1PH-DX1_xmin3455_ymin52049_MPP-0.2500+174:0:1,TCGA-EW-A1PH-DX1_xmin3455_ymin52049_MPP-0.2500+174,TCGA-EW-A1PH-DX1,2
800,TCGA-EW-A1PH-DX1_xmin3455_ymin52049_MPP-0.2500+174:1:1,TCGA-EW-A1PH-DX1_xmin3455_ymin52049_MPP-0.2500+174,TCGA-EW-A1PH-DX1,2
803,TCGA-EW-A1PH-DX1_xmin3455_ymin52049_MPP-0.2500+174:1:5,TCGA-EW-A1PH-DX1_xmin3455_ymin52049_MPP-0.2500+174,TCGA-EW-A1PH-DX1,2
805,TCGA-EW-A1PH-DX1_xmin3455_ymin52049_MPP-0.2500+174:1:7,TCGA-EW-A1PH-DX1_xmin3455_ymin52049_MPP-0.2500+174,TCGA-EW-A1PH-DX1,2
806,TCGA-EW-A1PH-DX1_xmin3455_ymin52049_MPP-0.2500+175:0:1,TCGA-EW-A1PH-DX1_xmin3455_ymin52049_MPP-0.2500+175,TCGA-EW-A1PH-DX1,2
807,TCGA-EW-A1PH-DX1_xmin3455_ymin52049_MPP-0.2500+175:0:2,TCGA-EW-A1PH-DX1_xmin3455_ymin52049_MPP-0.2500+175,TCGA-EW-A1PH-DX1,2
808,TCGA-EW-A1PH-DX1_xmin3455_ymin52049_MPP-0.2500+175:1:1,TCGA-EW-A1PH-DX1_xmin3455_ymin52049_MPP-0.2500+175,TCGA-EW-A1PH-DX1,2
809,TCGA-EW-A1PH-DX1_xmin3455_ymin52049_MPP-0.2500+175:1:2,TCGA-EW-A1PH-DX1_xmin3455_ymin52049_MPP-0.2500+175,TCGA-EW-A1PH-DX1,2
810,TCGA-EW-A1PH-DX1_xmin3455_ymin52049_MPP-0.2500+176:0:1,TCGA-EW-A1PH-DX1_xmin3455_ymin52049_MPP-0.2500+176,TCGA-EW-A1PH-DX1,2
811,TCGA-EW-A1PH-DX1_xmin3455_ymin52049_MPP-0.2500+176:0:2,TCGA-EW-A1PH-DX1_xmin3455_ymin52049_MPP-0.2500+176,TCGA-EW-A1PH-DX1,2
812,TCGA-EW-A1PH-DX1_xmin3455_ymin52049_MPP-0.2500+176:1:1,TCGA-EW-A1PH-DX1_xmin3455_ymin52049_MPP-0.2500+176,TCGA-EW-A1PH-DX1,2
813,TCGA-EW-A1PH-DX1_xmin3455_ymin52049_MPP-0.2500+176:1:2,TCGA-EW-A1PH-DX1_xmin3455_ymin52049_MPP-0.2500+176,TCGA-EW-A1PH-DX1,2
814,TCGA-EW-A1PH-DX1_xmin3455_ymin52049_MPP-0.2500+177:1:1,TCGA-EW-A1PH-DX1_xmin3455_ymin52049_MPP-0.2500+177,TCGA-EW-A1PH-DX1,2
815,TCGA-EW-A1PH-DX1_xmin3455_ymin52049_MPP-0.2500+178:0:2,TCGA-EW-A1PH-DX1_xmin3455_ymin52049_MPP-0.2500+178,TCGA-EW-A1PH-DX1,2
816,TCGA-EW-A1PH-DX1_xmin3455_ymin52049_MPP-0.2500+178:0:3,TCGA-EW-A1PH-DX1_xmin3455_ymin52049_MPP-0.2500+178,TCGA-EW-A1PH-DX1,2
817,TCGA-EW-A1PH-DX1_xmin3455_ymin52049_MPP-0.2500+178:1:1,TCGA-EW-A1PH-DX1_xmin3455_ymin52049_MPP-0.2500+178,TCGA-EW-A1PH-DX1,2
818,TCGA-EW-A1PH-DX1_xmin3455_ymin52049_MPP-0.2500+178:1:2,TCGA-EW-A1PH-DX1_xmin3455_ymin52049_MPP-0.2500+178,TCGA-EW-A1PH-DX1,2
819,TCGA-EW-A1PH-DX1_xmin3455_ymin52049_MPP-0.2500+178:1:3,TCGA-EW-A1PH-DX1_xmin3455_ymin52049_MPP-0.2500+178,TCGA-EW-A1PH-DX1,2
820,TCGA-EW-A1PH-DX1_xmin3455_ymin52049_MPP-0.2500+178:1:4,TCGA-EW-A1PH-DX1_xmin3455_ymin52049_MPP-0.2500+178,TCGA-EW-A1PH-DX1,2
821,TCGA-EW-A1PH-DX1_xmin3455_ymin52049_MPP-0.2500+179:0:1,TCGA-EW-A1PH-DX1_xmin3455_ymin52049_MPP-0.2500+179,TCGA-EW-A1PH-DX1,2
822,TCGA-EW-A1PH-DX1_xmin3455_ymin52049_MPP-0.2500+179:1:1,TCGA-EW-A1PH-DX1_xmin3455_ymin52049_MPP-0.2500+179,TCGA-EW-A1PH-DX1,2
826,TCGA-EW-A1PH-DX1_xmin3455_ymin52049_MPP-0.2500+18:1:1,TCGA-EW-A1PH-DX1_xmin3455_ymin52049_MPP-0.2500+18,TCGA-EW-A1PH-DX1,2
827,TCGA-EW-A1PH-DX1_xmin3455_ymin52049_MPP-0.2500+180:0:1,TCGA-EW-A1PH-DX1_xmin3455_ymin52049_MPP-0.2500+180,TCGA-EW-A1PH-DX1,2
828,TCGA-EW-A1PH-DX1_xmin3455_ymin52049_MPP-0.2500+180:0:2,TCGA-EW-A1PH-DX1_xmin3455_ymin52049_MPP-0.2500+180,TCGA-EW-A1PH-DX1,2
829,TCGA-EW-A1PH-DX1_xmin3455_ymin52049_MPP-0.2500+180:0:3,TCGA-EW-A1PH-DX1_xmin3455_ymin52049_MPP-0.2500+180,TCGA-EW-A1PH-DX1,2
831,TCGA-EW-A1PH-DX1_xmin3455_ymin52049_MPP-0.2500+181:0:1,TCGA-EW-A1PH-DX1_xmin3455_ymin52049_MPP-0.2500+181,TCGA-EW-A1PH-DX1,2
834,TCGA-EW-A1PH-DX1_xmin3455_ymin52049_MPP-0.2500+182:0:1,TCGA-EW-A1PH-DX1_xmin3455_ymin52049_MPP-0.2500+182,TCGA-EW-A1PH-DX1,2
835,TCGA-EW-A1PH-DX1_xmin3455_ymin52049_MPP-0.2500+182:1:1,TCGA-EW-A1PH-DX1_xmin3455_ymin52049_MPP-0.2500+182,TCGA-EW-A1PH-DX1,2
836,TCGA-EW-A1PH-DX1_xmin3455_ymin52049_MPP-0.2500+182:1:2,TCGA-EW-A1PH-DX1_xmin3455_ymin52049_MPP-0.2500+182,TCGA-EW-A1PH-DX1,2
838,TCGA-EW-A1PH-DX1_xmin3455_ymin52049_MPP-0.2500+183:0:1,TCGA-EW-A1PH-DX1_xmin3455_ymin52049_MPP-0.2500+183,TCGA-EW-A1PH-DX1,2
841,TCGA-EW-A1PH-DX1_xmin3455_ymin52049_MPP-0.2500+185:1:1,TCGA-EW-A1PH-DX1_xmin3455_ymin52049_MPP-0.2500+185,TCGA-EW-A1PH-DX1,2
842,TCGA-EW-A1PH-DX1_xmin3455_ymin52049_MPP-0.2500+186:0:1,TCGA-EW-A1PH-DX1_xmin3455_ymin52049_MPP-0.2500+186,TCGA-EW-A1PH-DX1,2
843,TCGA-EW-A1PH-DX1_xmin3455_ymin52049_MPP-0.2500+186:0:2,TCGA-EW-A1PH-DX1_xmin3455_ymin52049_MPP-0.2500+186,TCGA-EW-A1PH-DX1,2
845,TCGA-EW-A1PH-DX1_xmin3455_ymin52049_MPP-0.2500+186:1:2,TCGA-EW-A1PH-DX1_xmin3455_ymin52049_MPP-0.2500+186,TCGA-EW-A1PH-DX1,2
846,TCGA-EW-A1PH-DX1_xmin3455_ymin52049_MPP-0.2500+187:0:1,TCGA-EW-A1PH-DX1_xmin3455_ymin52049_MPP-0.2500+187,TCGA-EW-A1PH-DX1,2
847,TCGA-EW-A1PH-DX1_xmin3455_ymin52049_MPP-0.2500+188:0:1,TCGA-EW-A1PH-DX1_xmin3455_ymin52049_MPP-0.2500+188,TCGA-EW-A1PH-DX1,2
848,TCGA-EW-A1PH-DX1_xmin3455_ymin52049_MPP-0.2500+188:1:1,TCGA-EW-A1PH-DX1_xmin3455_ymin52049_MPP-0.2500+188,TCGA-EW-A1PH-DX1,2
853,TCGA-EW-A1PH-DX1_xmin3455_ymin52049_MPP-0.2500+188:1:6,TCGA-EW-A1PH-DX1_xmin3455_ymin52049_MPP-0.2500+188,TCGA-EW-A1PH-DX1,2
854,TCGA-EW-A1PH-DX1_xmin3455_ymin52049_MPP-0.2500+189:1:1,TCGA-EW-A1PH-DX1_xmin3455_ymin52049_MPP-0.2500+189,TCGA-EW-A1PH-DX1,2
855,TCGA-EW-A1PH-DX1_xmin3455_ymin52049_MPP-0.2500+19:1:1,TCGA-EW-A1PH-DX1_xmin3455_ymin52049_MPP-0.2500+19,TCGA-EW-A1PH-DX1,2
857,TCGA-EW-A1PH-DX1_xmin3455_ymin52049_MPP-0.2500+190:0:2,TCGA-EW-A1PH-DX1_xmin3455_ymin52049_MPP-0.2500+190,TCGA-EW-A1PH-DX1,2
858,TCGA-EW-A1PH-DX1_xmin3455_ymin52049_MPP-0.2500+190:1:1,TCGA-EW-A1PH-DX1_xmin3455_ymin52049_MPP-0.2500+190,TCGA-EW-A1PH-DX1,2
859,TCGA-EW-A1PH-DX1_xmin3455_ymin52049_MPP-0.2500+190:1:2,TCGA-EW-A1PH-DX1_xmin3455_ymin52049_MPP-0.2500+190,TCGA-EW-A1PH-DX1,2
860,TCGA-EW-A1PH-DX1_xmin3455_ymin52049_MPP-0.2500+191:0:1,TCGA-EW-A1PH-DX1_xmin3455_ymin52049_MPP-0.2500+191,TCGA-EW-A1PH-DX1,2
863,TCGA-EW-A1PH-DX1_xmin3455_ymin52049_MPP-0.2500+191:0:4,TCGA-EW-A1PH-DX1_xmin3455_ymin52049_MPP-0.2500+191,TCGA-EW-A1PH-DX1,2
864,TCGA-EW-A1PH-DX1_xmin3455_ymin52049_MPP-0.2500+191:1:1,TCGA-EW-A1PH-DX1_xmin3455_ymin52049_MPP-0.2500+191,TCGA-EW-A1PH-DX1,2
866,TCGA-EW-A1PH-DX1_xmin3455_ymin52049_MPP-0.2500+192:0:1,TCGA-EW-A1PH-DX1_xmin3455_ymin52049_MPP-0.2500+192,TCGA-EW-A1PH-DX1,2
867,TCGA-EW-A1PH-DX1_xmin3455_ymin52049_MPP-0.2500+192:0:2,TCGA-EW-A1PH-DX1_xmin3455_ymin52049_MPP-0.2500+192,TCGA-EW-A1PH-DX1,2
868,TCGA-EW-A1PH-DX1_xmin3455_ymin52049_MPP-0.2500+192:0:4,TCGA-EW-A1PH-DX1_xmin3455_ymin52049_MPP-0.2500+192,TCGA-EW-A1PH-DX1,2
872,TCGA-EW-A1PH-DX1_xmin3455_ymin52049_MPP-0.2500+193:0:1,TCGA-EW-A1PH-DX1_xmin3455_ymin52049_MPP-0.2500+193,TCGA-EW-A1PH-DX1,2
873,TCGA-EW-A1PH-DX1_xmin3455_ymin52049_MPP-0.2500+193:0:2,TCGA-EW-A1PH-DX1_xmin3455_ymin52049_MPP-0.2500+193,TCGA-EW-A1PH-DX1,2
875,TCGA-EW-A1PH-DX1_xmin3455_ymin52049_MPP-0.2500+193:0:4,TCGA-EW-A1PH-DX1_xmin3455_ymin52049_MPP-0.2500+193,TCGA-EW-A1PH-DX1,2
878,TCGA-EW-A1PH-DX1_xmin3455_ymin52049_MPP-0.2500+194:0:1,TCGA-EW-A1PH-DX1_xmin3455_ymin52049_MPP-0.2500+194,TCGA-EW-A1PH-DX1,2
879,TCGA-EW-A1PH-DX1_xmin3455_ymin52049_MPP-0.2500+194:0:2,TCGA-EW-A1PH-DX1_xmin3455_ymin52049_MPP-0.2500+194,TCGA-EW-A1PH-DX1,2
880,TCGA-EW-A1PH-DX1_xmin3455_ymin52049_MPP-0.2500+194:1:1,TCGA-EW-A1PH-DX1_xmin3455_ymin52049_MPP-0.2500+194,TCGA-EW-A1PH-DX1,2
881,TCGA-EW-A1PH-DX1_xmin3455_ymin52049_MPP-0.2500+195:1:1,TCGA-EW-A1PH-DX1_xmin3455_ymin52049_MPP-0.2500+195,TCGA-EW-A1PH-DX1,2
883,TCGA-EW-A1PH-DX1_xmin3455_ymin52049_MPP-0.2500+196:0:1,TCGA-EW-A1PH-DX1_xmin3455_ymin52049_MPP-0.2500+196,TCGA-EW-A1PH-DX1,2
884,TCGA-EW-A1PH-DX1_xmin3455_ymin52049_MPP-0.2500+196:0:2,TCGA-EW-A1PH-DX1_xmin3455_ymin52049_MPP-0.2500+196,TCGA-EW-A1PH-DX1,2
885,TCGA-EW-A1PH-DX1_xmin3455_ymin52049_MPP-0.2500+196:0:3,TCGA-EW-A1PH-DX1_xmin3455_ymin52049_MPP-0.2500+196,TCGA-EW-A1PH-DX1,2
887,TCGA-EW-A1PH-DX1_xmin3455_ymin52049_MPP-0.2500+196:1:3,TCGA-EW-A1PH-DX1_xmin3455_ymin52049_MPP-0.2500+196,TCGA-EW-A1PH-DX1,2
888,TCGA-EW-A1PH-DX1_xmin3455_ymin52049_MPP-0.2500+196:3:1,TCGA-EW-A1PH-DX1_xmin3455_ymin52049_MPP-0.2500+196,TCGA-EW-A1PH-DX1,2
889,TCGA-EW-A1PH-DX1_xmin3455_ymin52049_MPP-0.2500+197:0:1,TCGA-EW-A1PH-DX1_xmin3455_ymin52049_MPP-0.2500+197,TCGA-EW-A1PH-DX1,2
890,TCGA-EW-A1PH-DX1_xmin3455_ymin52049_MPP-0.2500+197:0:2,TCGA-EW-A1PH-DX1_xmin3455_ymin52049_MPP-0.2500+197,TCGA-EW-A1PH-DX1,2
891,TCGA-EW-A1PH-DX1_xmin3455_ymin52049_MPP-0.2500+197:1:1,TCGA-EW-A1PH-DX1_xmin3455_ymin52049_MPP-0.2500+197,TCGA-EW-A1PH-DX1,2
892,TCGA-EW-A1PH-DX1_xmin3455_ymin52049_MPP-0.2500+198:0:1,TCGA-EW-A1PH-DX1_xmin3455_ymin52049_MPP-0.2500+198,TCGA-EW-A1PH-DX1,2
893,TCGA-EW-A1PH-DX1_xmin3455_ymin52049_MPP-0.2500+198:0:2,TCGA-EW-A1PH-DX1_xmin3455_ymin52049_MPP-0.2500+198,TCGA-EW-A1PH-DX1,2
894,TCGA-EW-A1PH-DX1_xmin3455_ymin52049_MPP-0.2500+198:0:3,TCGA-EW-A1PH-DX1_xmin3455_ymin52049_MPP-0.2500+198,TCGA-EW-A1PH-DX1,2
895,TCGA-EW-A1PH-DX1_xmin3455_ymin52049_MPP-0.2500+198:0:4,TCGA-EW-A1PH-DX1_xmin3455_ymin52049_MPP-0.2500+198,TCGA-EW-A1PH-DX1,2
897,TCGA-EW-A1PH-DX1_xmin3455_ymin52049_MPP-0.2500+199:0:1,TCGA-EW-A1PH-DX1_xmin3455_ymin52049_MPP-0.2500+199,TCGA-EW-A1PH-DX1,2
898,TCGA-EW-A1PH-DX1_xmin3455_ymin52049_MPP-0.2500+2:1:1,TCGA-EW-A1PH-DX1_xmin3455_ymin52049_MPP-0.2500+2,TCGA-EW-A1PH-DX1,2
899,TCGA-EW-A1PH-DX1_xmin3455_ymin52049_MPP-0.2500+20:1:1,TCGA-EW-A1PH-DX1_xmin3455_ymin52049_MPP-0.2500+20,TCGA-EW-A1PH-DX1,2
900,TCGA-EW-A1PH-DX1_xmin3455_ymin52049_MPP-0.2500+200:0:1,TCGA-EW-A1PH-DX1_xmin3455_ymin52049_MPP-0.2500+200,TCGA-EW-A1PH-DX1,2
901,TCGA-EW-A1PH-DX1_xmin3455_ymin52049_MPP-0.2500+200:1:1,TCGA-EW-A1PH-DX1_xmin3455_ymin52049_MPP-0.2500+200,TCGA-EW-A1PH-DX1,2
902,TCGA-EW-A1PH-DX1_xmin3455_ymin52049_MPP-0.2500+200:1:2,TCGA-EW-A1PH-DX1_xmin3455_ymin52049_MPP-0.2500+200,TCGA-EW-A1PH-DX1,2
904,TCGA-EW-A1PH-DX1_xmin3455_ymin52049_MPP-0.2500+200:1:4,TCGA-EW-A1PH-DX1_xmin3455_ymin52049_MPP-0.2500+200,TCGA-EW-A1PH-DX1,2
905,TCGA-EW-A1PH-DX1_xmin3455_ymin52049_MPP-0.2500+201:0:1,TCGA-EW-A1PH-DX1_xmin3455_ymin52049_MPP-0.2500+201,TCGA-EW-A1PH-DX1,2
906,TCGA-EW-A1PH-DX1_xmin3455_ymin52049_MPP-0.2500+201:1:1,TCGA-EW-A1PH-DX1_xmin3455_ymin52049_MPP-0.2500+201,TCGA-EW-A1PH-DX1,2
908,TCGA-EW-A1PH-DX1_xmin3455_ymin52049_MPP-0.2500+201:1:3,TCGA-EW-A1PH-DX1_xmin3455_ymin52049_MPP-0.2500+201,TCGA-EW-A1PH-DX1,2
909,TCGA-EW-A1PH-DX1_xmin3455_ymin52049_MPP-0.2500+202:0:1,TCGA-EW-A1PH-DX1_xmin3455_ymin52049_MPP-0.2500+202,TCGA-EW-A1PH-DX1,2
910,TCGA-EW-A1PH-DX1_xmin3455_ymin52049_MPP-0.2500+203:0:1,TCGA-EW-A1PH-DX1_xmin3455_ymin52049_MPP-0.2500+203,TCGA-EW-A1PH-DX1,2
912,TCGA-EW-A1PH-DX1_xmin3455_ymin52049_MPP-0.2500+204:0:1,TCGA-EW-A1PH-DX1_xmin3455_ymin52049_MPP-0.2500+204,TCGA-EW-A1PH-DX1,2
914,TCGA-EW-A1PH-DX1_xmin3455_ymin52049_MPP-0.2500+204:0:3,TCGA-EW-A1PH-DX1_xmin3455_ymin52049_MPP-0.2500+204,TCGA-EW-A1PH-DX1,2
915,TCGA-EW-A1PH-DX1_xmin3455_ymin52049_MPP-0.2500+204:1:1,TCGA-EW-A1PH-DX1_xmin3455_ymin52049_MPP-0.2500+204,TCGA-EW-A1PH-DX1,2
919,TCGA-EW-A1PH-DX1_xmin3455_ymin52049_MPP-0.2500+207:0:1,TCGA-EW-A1PH-DX1_xmin3455_ymin52049_MPP-0.2500+207,TCGA-EW-A1PH-DX1,2
923,TCGA-EW-A1PH-DX1_xmin3455_ymin52049_MPP-0.2500+208:0:1,TCGA-EW-A1PH-DX1_xmin3455_ymin52049_MPP-0.2500+208,TCGA-EW-A1PH-DX1,2
924,TCGA-EW-A1PH-DX1_xmin3455_ymin52049_MPP-0.2500+208:0:2,TCGA-EW-A1PH-DX1_xmin3455_ymin52049_MPP-0.2500+208,TCGA-EW-A1PH-DX1,2
925,TCGA-EW-A1PH-DX1_xmin3455_ymin52049_MPP-0.2500+208:0:3,TCGA-EW-A1PH-DX1_xmin3455_ymin52049_MPP-0.2500+208,TCGA-EW-A1PH-DX1,2
926,TCGA-EW-A1PH-DX1_xmin3455_ymin52049_MPP-0.2500+208:0:4,TCGA-EW-A1PH-DX1_xmin3455_ymin52049_MPP-0.2500+208,TCGA-EW-A1PH-DX1,2
928,TCGA-EW-A1PH-DX1_xmin3455_ymin52049_MPP-0.2500+209:0:1,TCGA-EW-A1PH-DX1_xmin3455_ymin52049_MPP-0.2500+209,TCGA-EW-A1PH-DX1,2
930,TCGA-EW-A1PH-DX1_xmin3455_ymin52049_MPP-0.2500+209:1:2,TCGA-EW-A1PH-DX1_xmin3455_ymin52049_MPP-0.2500+209,TCGA-EW-A1PH-DX1,2
931,TCGA-EW-A1PH-DX1_xmin3455_ymin52049_MPP-0.2500+209:1:3,TCGA-EW-A1PH-DX1_xmin3455_ymin52049_MPP-0.2500+209,TCGA-EW-A1PH-DX1,2
932,TCGA-EW-A1PH-DX1_xmin3455_ymin52049_MPP-0.2500+209:1:4,TCGA-EW-A1PH-DX1_xmin3455_ymin52049_MPP-0.2500+209,TCGA-EW-A1PH-DX1,2
933,TCGA-EW-A1PH-DX1_xmin3455_ymin52049_MPP-0.2500+21:1:1,TCGA-EW-A1PH-DX1_xmin3455_ymin52049_MPP-0.2500+21,TCGA-EW-A1PH-DX1,2
934,TCGA-EW-A1PH-DX1_xmin3455_ymin52049_MPP-0.2500+210:0:1,TCGA-EW-A1PH-DX1_xmin3455_ymin52049_MPP-0.2500+210,TCGA-EW-A1PH-DX1,2
935,TCGA-EW-A1PH-DX1_xmin3455_ymin52049_MPP-0.2500+210:1:1,TCGA-EW-A1PH-DX1_xmin3455_ymin52049_MPP-0.2500+210,TCGA-EW-A1PH-DX1,2
936,TCGA-EW-A1PH-DX1_xmin3455_ymin52049_MPP-0.2500+210:1:2,TCGA-EW-A1PH-DX1_xmin3455_ymin52049_MPP-0.2500+210,TCGA-EW-A1PH-DX1,2
937,TCGA-EW-A1PH-DX1_xmin3455_ymin52049_MPP-0.2500+210:1:3,TCGA-EW-A1PH-DX1_xmin3455_ymin52049_MPP-0.2500+210,TCGA-EW-A1PH-DX1,2
939,TCGA-EW-A1PH-DX1_xmin3455_ymin52049_MPP-0.2500+210:1:6,TCGA-EW-A1PH-DX1_xmin3455_ymin52049_MPP-0.2500+210,TCGA-EW-A1PH-DX1,2
940,TCGA-EW-A1PH-DX1_xmin3455_ymin52049_MPP-0.2500+210:1:7,TCGA-EW-A1PH-DX1_xmin3455_ymin52049_MPP-0.2500+210,TCGA-EW-A1PH-DX1,2
942,TCGA-EW-A1PH-DX1_xmin3455_ymin52049_MPP-0.2500+211:0:1,TCGA-EW-A1PH-DX1_xmin3455_ymin52049_MPP-0.2500+211,TCGA-EW-A1PH-DX1,2
943,TCGA-EW-A1PH-DX1_xmin3455_ymin52049_MPP-0.2500+212:0:1,TCGA-EW-A1PH-DX1_xmin3455_ymin52049_MPP-0.2500+212,TCGA-EW-A1PH-DX1,2
944,TCGA-EW-A1PH-DX1_xmin3455_ymin52049_MPP-0.2500+212:1:1,TCGA-EW-A1PH-DX1_xmin3455_ymin52049_MPP-0.2500+212,TCGA-EW-A1PH-DX1,2
945,TCGA-EW-A1PH-DX1_xmin3455_ymin52049_MPP-0.2500+213:0:1,TCGA-EW-A1PH-DX1_xmin3455_ymin52049_MPP-0.2500+213,TCGA-EW-A1PH-DX1,2
947,TCGA-EW-A1PH-DX1_xmin3455_ymin52049_MPP-0.2500+213:0:3,TCGA-EW-A1PH-DX1_xmin3455_ymin52049_MPP-0.2500+213,TCGA-EW-A1PH-DX1,2
948,TCGA-EW-A1PH-DX1_xmin3455_ymin52049_MPP-0.2500+213:0:4,TCGA-EW-A1PH-DX1_xmin3455_ymin52049_MPP-0.2500+213,TCGA-EW-A1PH-DX1,2
952,TCGA-EW-A1PH-DX1_xmin3455_ymin52049_MPP-0.2500+214:1:1,TCGA-EW-A1PH-DX1_xmin3455_ymin52049_MPP-0.2500+214,TCGA-EW-A1PH-DX1,2
954,TCGA-EW-A1PH-DX1_xmin3455_ymin52049_MPP-0.2500+215:0:2,TCGA-EW-A1PH-DX1_xmin3455_ymin52049_MPP-0.2500+215,TCGA-EW-A1PH-DX1,2
955,TCGA-EW-A1PH-DX1_xmin3455_ymin52049_MPP-0.2500+215:0:3,TCGA-EW-A1PH-DX1_xmin3455_ymin52049_MPP-0.2500+215,TCGA-EW-A1PH-DX1,2
958,TCGA-EW-A1PH-DX1_xmin3455_ymin52049_MPP-0.2500+216:0:1,TCGA-EW-A1PH-DX1_xmin3455_ymin52049_MPP-0.2500+216,TCGA-EW-A1PH-DX1,2
960,TCGA-EW-A1PH-DX1_xmin3455_ymin52049_MPP-0.2500+216:0:3,TCGA-EW-A1PH-DX1_xmin3455_ymin52049_MPP-0.2500+216,TCGA-EW-A1PH-DX1,2
961,TCGA-EW-A1PH-DX1_xmin3455_ymin52049_MPP-0.2500+216:0:4,TCGA-EW-A1PH-DX1_xmin3455_ymin52049_MPP-0.2500+216,TCGA-EW-A1PH-DX1,2
964,TCGA-EW-A1PH-DX1_xmin3455_ymin52049_MPP-0.2500+216:1:1,TCGA-EW-A1PH-DX1_xmin3455_ymin52049_MPP-0.2500+216,TCGA-EW-A1PH-DX1,2
965,TCGA-EW-A1PH-DX1_xmin3455_ymin52049_MPP-0.2500+217:0:1,TCGA-EW-A1PH-DX1_xmin3455_ymin52049_MPP-0.2500+217,TCGA-EW-A1PH-DX1,2
966,TCGA-EW-A1PH-DX1_xmin3455_ymin52049_MPP-0.2500+217:0:2,TCGA-EW-A1PH-DX1_xmin3455_ymin52049_MPP-0.2500+217,TCGA-EW-A1PH-DX1,2
970,TCGA-EW-A1PH-DX1_xmin3455_ymin52049_MPP-0.2500+217:1:4,TCGA-EW-A1PH-DX1_xmin3455_ymin52049_MPP-0.2500+217,TCGA-EW-A1PH-DX1,2
972,TCGA-EW-A1PH-DX1_xmin3455_ymin52049_MPP-0.2500+218:0:1,TCGA-EW-A1PH-DX1_xmin3455_ymin52049_MPP-0.2500+218,TCGA-EW-A1PH-DX1,2
973,TCGA-EW-A1PH-DX1_xmin3455_ymin52049_MPP-0.2500+218:0:2,TCGA-EW-A1PH-DX1_xmin3455_ymin52049_MPP-0.2500+218,TCGA-EW-A1PH-DX1,2
974,TCGA-EW-A1PH-DX1_xmin3455_ymin52049_MPP-0.2500+218:1:1,TCGA-EW-A1PH-DX1_xmin3455_ymin52049_MPP-0.2500+218,TCGA-EW-A1PH-DX1,2
975,TCGA-EW-A1PH-DX1_xmin3455_ymin52049_MPP-0.2500+218:1:2,TCGA-EW-A1PH-DX1_xmin3455_ymin52049_MPP-0.2500+218,TCGA-EW-A1PH-DX1,2
976,TCGA-EW-A1PH-DX1_xmin3455_ymin52049_MPP-0.2500+219:0:1,TCGA-EW-A1PH-DX1_xmin3455_ymin52049_MPP-0.2500+219,TCGA-EW-A1PH-DX1,2
977,TCGA-EW-A1PH-DX1_xmin3455_ymin52049_MPP-0.2500+219:0:2,TCGA-EW-A1PH-DX1_xmin3455_ymin52049_MPP-0.2500+219,TCGA-EW-A1PH-DX1,2
978,TCGA-EW-A1PH-DX1_xmin3455_ymin52049_MPP-0.2500+219:1:1,TCGA-EW-A1PH-DX1_xmin3455_ymin52049_MPP-0.2500+219,TCGA-EW-A1PH-DX1,2
979,TCGA-EW-A1PH-DX1_xmin3455_ymin52049_MPP-0.2500+219:1:2,TCGA-EW-A1PH-DX1_xmin3455_ymin52049_MPP-0.2500+219,TCGA-EW-A1PH-DX1,2
981,TCGA-EW-A1PH-DX1_xmin3455_ymin52049_MPP-0.2500+219:1:5,TCGA-EW-A1PH-DX1_xmin3455_ymin52049_MPP-0.2500+219,TCGA-EW-A1PH-DX1,2
983,TCGA-EW-A1PH-DX1_xmin3455_ymin52049_MPP-0.2500+22:1:1,TCGA-EW-A1PH-DX1_xmin3455_ymin52049_MPP-0.2500+22,TCGA-EW-A1PH-DX1,2
984,TCGA-EW-A1PH-DX1_xmin3455_ymin52049_MPP-0.2500+22:1:2,TCGA-EW-A1PH-DX1_xmin3455_ymin52049_MPP-0.2500+22,TCGA-EW-A1PH-DX1,2
991,TCGA-EW-A1PH-DX1_xmin3455_ymin52049_MPP-0.2500+221:0:1,TCGA-EW-A1PH-DX1_xmin3455_ymin52049_MPP-0.2500+221,TCGA-EW-A1PH-DX1,2
992,TCGA-EW-A1PH-DX1_xmin3455_ymin52049_MPP-0.2500+221:0:2,TCGA-EW-A1PH-DX1_xmin3455_ymin52049_MPP-0.2500+221,TCGA-EW-A1PH-DX1,2
994,TCGA-EW-A1PH-DX1_xmin3455_ymin52049_MPP-0.2500+221:1:2,TCGA-EW-A1PH-DX1_xmin3455_ymin52049_MPP-0.2500+221,TCGA-EW-A1PH-DX1,2
996,TCGA-EW-A1PH-DX1_xmin3455_ymin52049_MPP-0.2500+222:0:1,TCGA-EW-A1PH-DX1_xmin3455_ymin52049_MPP-0.2500+222,TCGA-EW-A1PH-DX1,2
997,TCGA-EW-A1PH-DX1_xmin3455_ymin52049_MPP-0.2500+222:0:2,TCGA-EW-A1PH-DX1_xmin3455_ymin52049_MPP-0.2500+222,TCGA-EW-A1PH-DX1,2
998,TCGA-EW-A1PH-DX1_xmin3455_ymin52049_MPP-0.2500+222:0:3,TCGA-EW-A1PH-DX1_xmin3455_ymin52049_MPP-0.2500+222,TCGA-EW-A1PH-DX1,2
1002,TCGA-EW-A1PH-DX1_xmin3455_ymin52049_MPP-0.2500+223:0:1,TCGA-EW-A1PH-DX1_xmin3455_ymin52049_MPP-0.2500+223,TCGA-EW-A1PH-DX1,2
1003,TCGA-EW-A1PH-DX1_xmin3455_ymin52049_MPP-0.2500+223:0:2,TCGA-EW-A1PH-DX1_xmin3455_ymin52049_MPP-0.2500+223,TCGA-EW-A1PH-DX1,2
1004,TCGA-EW-A1PH-DX1_xmin3455_ymin52049_MPP-0.2500+223:0:3,TCGA-EW-A1PH-DX1_xmin3455_ymin52049_MPP-0.2500+223,TCGA-EW-A1PH-DX1,2
1005,TCGA-EW-A1PH-DX1_xmin3455_ymin52049_MPP-0.2500+223:0:4,TCGA-EW-A1PH-DX1_xmin3455_ymin52049_MPP-0.2500+223,TCGA-EW-A1PH-DX1,2
1006,TCGA-EW-A1PH-DX1_xmin3455_ymin52049_MPP-0.2500+223:0:5,TCGA-EW-A1PH-DX1_xmin3455_ymin52049_MPP-0.2500+223,TCGA-EW-A1PH-DX1,2
1008,TCGA-EW-A1PH-DX1_xmin3455_ymin52049_MPP-0.2500+224:0:1,TCGA-EW-A1PH-DX1_xmin3455_ymin52049_MPP-0.2500+224,TCGA-EW-A1PH-DX1,2
1009,TCGA-EW-A1PH-DX1_xmin3455_ymin52049_MPP-0.2500+224:0:2,TCGA-EW-A1PH-DX1_xmin3455_ymin52049_MPP-0.2500+224,TCGA-EW-A1PH-DX1,2
1014,TCGA-EW-A1PH-DX1_xmin3455_ymin52049_MPP-0.2500+225:1:2,TCGA-EW-A1PH-DX1_xmin3455_ymin52049_MPP-0.2500+225,TCGA-EW-A1PH-DX1,2
1016,TCGA-EW-A1PH-DX1_xmin3455_ymin52049_MPP-0.2500+226:0:1,TCGA-EW-A1PH-DX1_xmin3455_ymin52049_MPP-0.2500+226,TCGA-EW-A1PH-DX1,2
1019,TCGA-EW-A1PH-DX1_xmin3455_ymin52049_MPP-0.2500+226:1:2,TCGA-EW-A1PH-DX1_xmin3455_ymin52049_MPP-0.2500+226,TCGA-EW-A1PH-DX1,2
1020,TCGA-EW-A1PH-DX1_xmin3455_ymin52049_MPP-0.2500+227:0:1,TCGA-EW-A1PH-DX1_xmin3455_ymin52049_MPP-0.2500+227,TCGA-EW-A1PH-DX1,2
1021,TCGA-EW-A1PH-DX1_xmin3455_ymin52049_MPP-0.2500+227:0:2,TCGA-EW-A1PH-DX1_xmin3455_ymin52049_MPP-0.2500+227,TCGA-EW-A1PH-DX1,2
1022,TCGA-EW-A1PH-DX1_xmin3455_ymin52049_MPP-0.2500+227:0:3,TCGA-EW-A1PH-DX1_xmin3455_ymin52049_MPP-0.2500+227,TCGA-EW-A1PH-DX1,2
1024,TCGA-EW-A1PH-DX1_xmin3455_ymin52049_MPP-0.2500+228:0:1,TCGA-EW-A1PH-DX1_xmin3455_ymin52049_MPP-0.2500+228,TCGA-EW-A1PH-DX1,2
1026,TCGA-EW-A1PH-DX1_xmin3455_ymin52049_MPP-0.2500+228:0:3,TCGA-EW-A1PH-DX1_xmin3455_ymin52049_MPP-0.2500+228,TCGA-EW-A1PH-DX1,2
1027,TCGA-EW-A1PH-DX1_xmin3455_ymin52049_MPP-0.2500+228:1:1,TCGA-EW-A1PH-DX1_xmin3455_ymin52049_MPP-0.2500+228,TCGA-EW-A1PH-DX1,2
1028,TCGA-EW-A1PH-DX1_xmin3455_ymin52049_MPP-0.2500+228:1:2,TCGA-EW-A1PH-DX1_xmin3455_ymin52049_MPP-0.2500+228,TCGA-EW-A1PH-DX1,2
1029,TCGA-EW-A1PH-DX1_xmin3455_ymin52049_MPP-0.2500+229:0:1,TCGA-EW-A1PH-DX1_xmin3455_ymin52049_MPP-0.2500+229,TCGA-EW-A1PH-DX1,2
1030,TCGA-EW-A1PH-DX1_xmin3455_ymin52049_MPP-0.2500+229:0:2,TCGA-EW-A1PH-DX1_xmin3455_ymin52049_MPP-0.2500+229,TCGA-EW-A1PH-DX1,2
1032,TCGA-EW-A1PH-DX1_xmin3455_ymin52049_MPP-0.2500+229:1:2,TCGA-EW-A1PH-DX1_xmin3455_ymin52049_MPP-0.2500+229,TCGA-EW-A1PH-DX1,2
1033,TCGA-EW-A1PH-DX1_xmin3455_ymin52049_MPP-0.2500+229:1:3,TCGA-EW-A1PH-DX1_xmin3455_ymin52049_MPP-0.2500+229,TCGA-EW-A1PH-DX1,2
1034,TCGA-EW-A1PH-DX1_xmin3455_ymin52049_MPP-0.2500+23:1:1,TCGA-EW-A1PH-DX1_xmin3455_ymin52049_MPP-0.2500+23,TCGA-EW-A1PH-DX1,2
1036,TCGA-EW-A1PH-DX1_xmin3455_ymin52049_MPP-0.2500+23:2:1,TCGA-EW-A1PH-DX1_xmin3455_ymin52049_MPP-0.2500+23,TCGA-EW-A1PH-DX1,2
1039,TCGA-EW-A1PH-DX1_xmin3455_ymin52049_MPP-0.2500+23:2:4,TCGA-EW-A1PH-DX1_xmin3455_ymin52049_MPP-0.2500+23,TCGA-EW-A1PH-DX1,2
1040,TCGA-EW-A1PH-DX1_xmin3455_ymin52049_MPP-0.2500+24:1:1,TCGA-EW-A1PH-DX1_xmin3455_ymin52049_MPP-0.2500+24,TCGA-EW-A1PH-DX1,2
1041,TCGA-EW-A1PH-DX1_xmin3455_ymin52049_MPP-0.2500+24:2:1,TCGA-EW-A1PH-DX1_xmin3455_ymin52049_MPP-0.2500+24,TCGA-EW-A1PH-DX1,2
1043,TCGA-EW-A1PH-DX1_xmin3455_ymin52049_MPP-0.2500+24:2:3,TCGA-EW-A1PH-DX1_xmin3455_ymin52049_MPP-0.2500+24,TCGA-EW-A1PH-DX1,2
1049,TCGA-EW-A1PH-DX1_xmin3455_ymin52049_MPP-0.2500+25:2:1,TCGA-EW-A1PH-DX1_xmin3455_ymin52049_MPP-0.2500+25,TCGA-EW-A1PH-DX1,2
1050,TCGA-EW-A1PH-DX1_xmin3455_ymin52049_MPP-0.2500+26:1:1,TCGA-EW-A1PH-DX1_xmin3455_ymin52049_MPP-0.2500+26,TCGA-EW-A1PH-DX1,2
1051,TCGA-EW-A1PH-DX1_xmin3455_ymin52049_MPP-0.2500+27:1:1,TCGA-EW-A1PH-DX1_xmin3455_ymin52049_MPP-0.2500+27,TCGA-EW-A1PH-DX1,2
1052,TCGA-EW-A1PH-DX1_xmin3455_ymin52049_MPP-0.2500+28:1:1,TCGA-EW-A1PH-DX1_xmin3455_ymin52049_MPP-0.2500+28,TCGA-EW-A1PH-DX1,2
1053,TCGA-EW-A1PH-DX1_xmin3455_ymin52049_MPP-0.2500+29:1:1,TCGA-EW-A1PH-DX1_xmin3455_ymin52049_MPP-0.2500+29,TCGA-EW-A1PH-DX1,2
1054,TCGA-EW-A1PH-DX1_xmin3455_ymin52049_MPP-0.2500+29:1:2,TCGA-EW-A1PH-DX1_xmin3455_ymin52049_MPP-0.2500+29,TCGA-EW-A1PH-DX1,2
1057,TCGA-EW-A1PH-DX1_xmin3455_ymin52049_MPP-0.2500+29:2:3,TCGA-EW-A1PH-DX1_xmin3455_ymin52049_MPP-0.2500+29,TCGA-EW-A1PH-DX1,2
1058,TCGA-EW-A1PH-DX1_xmin3455_ymin52049_MPP-0.2500+3:1:1,TCGA-EW-A1PH-DX1_xmin3455_ymin52049_MPP-0.2500+3,TCGA-EW-A1PH-DX1,2
1060,TCGA-EW-A1PH-DX1_xmin3455_ymin52049_MPP-0.2500+31:1:1,TCGA-EW-A1PH-DX1_xmin3455_ymin52049_MPP-0.2500+31,TCGA-EW-A1PH-DX1,2
1061,TCGA-EW-A1PH-DX1_xmin3455_ymin52049_MPP-0.2500+32:1:1,TCGA-EW-A1PH-DX1_xmin3455_ymin52049_MPP-0.2500+32,TCGA-EW-A1PH-DX1,2
1062,TCGA-EW-A1PH-DX1_xmin3455_ymin52049_MPP-0.2500+32:1:2,TCGA-EW-A1PH-DX1_xmin3455_ymin52049_MPP-0.2500+32,TCGA-EW-A1PH-DX1,2
1063,TCGA-EW-A1PH-DX1_xmin3455_ymin52049_MPP-0.2500+32:1:3,TCGA-EW-A1PH-DX1_xmin3455_ymin52049_MPP-0.2500+32,TCGA-EW-A1PH-DX1,2
1065,TCGA-EW-A1PH-DX1_xmin3455_ymin52049_MPP-0.2500+32:2:2,TCGA-EW-A1PH-DX1_xmin3455_ymin52049_MPP-0.2500+32,TCGA-EW-A1PH-DX1,2
1071,TCGA-EW-A1PH-DX1_xmin3455_ymin52049_MPP-0.2500+33:1:3,TCGA-EW-A1PH-DX1_xmin3455_ymin52049_MPP-0.2500+33,TCGA-EW-A1PH-DX1,2
1075,TCGA-EW-A1PH-DX1_xmin3455_ymin52049_MPP-0.2500+34:1:1,TCGA-EW-A1PH-DX1_xmin3455_ymin52049_MPP-0.2500+34,TCGA-EW-A1PH-DX1,2
1076,TCGA-EW-A1PH-DX1_xmin3455_ymin52049_MPP-0.2500+34:1:2,TCGA-EW-A1PH-DX1_xmin3455_ymin52049_MPP-0.2500+34,TCGA-EW-A1PH-DX1,2
1077,TCGA-EW-A1PH-DX1_xmin3455_ymin52049_MPP-0.2500+34:1:3,TCGA-EW-A1PH-DX1_xmin3455_ymin52049_MPP-0.2500+34,TCGA-EW-A1PH-DX1,2
1078,TCGA-EW-A1PH-DX1_xmin3455_ymin52049_MPP-0.2500+34:2:1,TCGA-EW-A1PH-DX1_xmin3455_ymin52049_MPP-0.2500+34,TCGA-EW-A1PH-DX1,2
1079,TCGA-EW-A1PH-DX1_xmin3455_ymin52049_MPP-0.2500+34:2:2,TCGA-EW-A1PH-DX1_xmin3455_ymin52049_MPP-0.2500+34,TCGA-EW-A1PH-DX1,2
1080,TCGA-EW-A1PH-DX1_xmin3455_ymin52049_MPP-0.2500+34:2:3,TCGA-EW-A1PH-DX1_xmin3455_ymin52049_MPP-0.2500+34,TCGA-EW-A1PH-DX1,2
1081,TCGA-EW-A1PH-DX1_xmin3455_ymin52049_MPP-0.2500+35:1:1,TCGA-EW-A1PH-DX1_xmin3455_ymin52049_MPP-0.2500+35,TCGA-EW-A1PH-DX1,2
1082,TCGA-EW-A1PH-DX1_xmin3455_ymin52049_MPP-0.2500+35:2:1,TCGA-EW-A1PH-DX1_xmin3455_ymin52049_MPP-0.2500+35,TCGA-EW-A1PH-DX1,2
1083,TCGA-EW-A1PH-DX1_xmin3455_ymin52049_MPP-0.2500+35:2:2,TCGA-EW-A1PH-DX1_xmin3455_ymin52049_MPP-0.2500+35,TCGA-EW-A1PH-DX1,2
1086,TCGA-EW-A1PH-DX1_xmin3455_ymin52049_MPP-0.2500+35:2:6,TCGA-EW-A1PH-DX1_xmin3455_ymin52049_MPP-0.2500+35,TCGA-EW-A1PH-DX1,2
1090,TCGA-EW-A1PH-DX1_xmin3455_ymin52049_MPP-0.2500+35:2:10,TCGA-EW-A1PH-DX1_xmin3455_ymin52049_MPP-0.2500+35,TCGA-EW-A1PH-DX1,2
1091,TCGA-EW-A1PH-DX1_xmin3455_ymin52049_MPP-0.2500+35:2:11,TCGA-EW-A1PH-DX1_xmin3455_ymin52049_MPP-0.2500+35,TCGA-EW-A1PH-DX1,2
1092,TCGA-EW-A1PH-DX1_xmin3455_ymin52049_MPP-0.2500+35:2:12,TCGA-EW-A1PH-DX1_xmin3455_ymin52049_MPP-0.2500+35,TCGA-EW-A1PH-DX1,2
1093,TCGA-EW-A1PH-DX1_xmin3455_ymin52049_MPP-0.2500+36:1:1,TCGA-EW-A1PH-DX1_xmin3455_ymin52049_MPP-0.2500+36,TCGA-EW-A1PH-DX1,2
1096,TCGA-EW-A1PH-DX1_xmin3455_ymin52049_MPP-0.2500+36:2:1,TCGA-EW-A1PH-DX1_xmin3455_ymin52049_MPP-0.2500+36,TCGA-EW-A1PH-DX1,2
1097,TCGA-EW-A1PH-DX1_xmin3455_ymin52049_MPP-0.2500+36:2:2,TCGA-EW-A1PH-DX1_xmin3455_ymin52049_MPP-0.2500+36,TCGA-EW-A1PH-DX1,2
1099,TCGA-EW-A1PH-DX1_xmin3455_ymin52049_MPP-0.2500+38:1:1,TCGA-EW-A1PH-DX1_xmin3455_ymin52049_MPP-0.2500+38,TCGA-EW-A1PH-DX1,2
1100,TCGA-EW-A1PH-DX1_xmin3455_ymin52049_MPP-0.2500+39:1:1,TCGA-EW-A1PH-DX1_xmin3455_ymin52049_MPP-0.2500+39,TCGA-EW-A1PH-DX1,2
1101,TCGA-EW-A1PH-DX1_xmin3455_ymin52049_MPP-0.2500+4:1:1,TCGA-EW-A1PH-DX1_xmin3455_ymin52049_MPP-0.2500+4,TCGA-EW-A1PH-DX1,2
1102,TCGA-EW-A1PH-DX1_xmin3455_ymin52049_MPP-0.2500+40:1:1,TCGA-EW-A1PH-DX1_xmin3455_ymin52049_MPP-0.2500+40,TCGA-EW-A1PH-DX1,2
1103,TCGA-EW-A1PH-DX1_xmin3455_ymin52049_MPP-0.2500+41:1:1,TCGA-EW-A1PH-DX1_xmin3455_ymin52049_MPP-0.2500+41,TCGA-EW-A1PH-DX1,2
1104,TCGA-EW-A1PH-DX1_xmin3455_ymin52049_MPP-0.2500+42:1:1,TCGA-EW-A1PH-DX1_xmin3455_ymin52049_MPP-0.2500+42,TCGA-EW-A1PH-DX1,2
1105,TCGA-EW-A1PH-DX1_xmin3455_ymin52049_MPP-0.2500+43:1:1,TCGA-EW-A1PH-DX1_xmin3455_ymin52049_MPP-0.2500+43,TCGA-EW-A1PH-DX1,2
1106,TCGA-EW-A1PH-DX1_xmin3455_ymin52049_MPP-0.2500+44:1:1,TCGA-EW-A1PH-DX1_xmin3455_ymin52049_MPP-0.2500+44,TCGA-EW-A1PH-DX1,2
1109,TCGA-EW-A1PH-DX1_xmin3455_ymin52049_MPP-0.2500+45:2:1,TCGA-EW-A1PH-DX1_xmin3455_ymin52049_MPP-0.2500+45,TCGA-EW-A1PH-DX1,2
1114,TCGA-EW-A1PH-DX1_xmin3455_ymin52049_MPP-0.2500+46:2:1,TCGA-EW-A1PH-DX1_xmin3455_ymin52049_MPP-0.2500+46,TCGA-EW-A1PH-DX1,2
1115,TCGA-EW-A1PH-DX1_xmin3455_ymin52049_MPP-0.2500+47:1:1,TCGA-EW-A1PH-DX1_xmin3455_ymin52049_MPP-0.2500+47,TCGA-EW-A1PH-DX1,2
1116,TCGA-EW-A1PH-DX1_xmin3455_ymin52049_MPP-0.2500+47:1:2,TCGA-EW-A1PH-DX1_xmin3455_ymin52049_MPP-0.2500+47,TCGA-EW-A1PH-DX1,2
1117,TCGA-EW-A1PH-DX1_xmin3455_ymin52049_MPP-0.2500+47:1:3,TCGA-EW-A1PH-DX1_xmin3455_ymin52049_MPP-0.2500+47,TCGA-EW-A1PH-DX1,2
1119,TCGA-EW-A1PH-DX1_xmin3455_ymin52049_MPP-0.2500+47:2:1,TCGA-EW-A1PH-DX1_xmin3455_ymin52049_MPP-0.2500+47,TCGA-EW-A1PH-DX1,2
1120,TCGA-EW-A1PH-DX1_xmin3455_ymin52049_MPP-0.2500+47:2:2,TCGA-EW-A1PH-DX1_xmin3455_ymin52049_MPP-0.2500+47,TCGA-EW-A1PH-DX1,2
1121,TCGA-EW-A1PH-DX1_xmin3455_ymin52049_MPP-0.2500+48:1:1,TCGA-EW-A1PH-DX1_xmin3455_ymin52049_MPP-0.2500+48,TCGA-EW-A1PH-DX1,2
1122,TCGA-EW-A1PH-DX1_xmin3455_ymin52049_MPP-0.2500+48:1:2,TCGA-EW-A1PH-DX1_xmin3455_ymin52049_MPP-0.2500+48,TCGA-EW-A1PH-DX1,2
1123,TCGA-EW-A1PH-DX1_xmin3455_ymin52049_MPP-0.2500+48:2:1,TCGA-EW-A1PH-DX1_xmin3455_ymin52049_MPP-0.2500+48,TCGA-EW-A1PH-DX1,2
1124,TCGA-EW-A1PH-DX1_xmin3455_ymin52049_MPP-0.2500+48:2:2,TCGA-EW-A1PH-DX1_xmin3455_ymin52049_MPP-0.2500+48,TCGA-EW-A1PH-DX1,2
1125,TCGA-EW-A1PH-DX1_xmin3455_ymin52049_MPP-0.2500+48:2:3,TCGA-EW-A1PH-DX1_xmin3455_ymin52049_MPP-0.2500+48,TCGA-EW-A1PH-DX1,2
1126,TCGA-EW-A1PH-DX1_xmin3455_ymin52049_MPP-0.2500+48:2:4,TCGA-EW-A1PH-DX1_xmin3455_ymin52049_MPP-0.2500+48,TCGA-EW-A1PH-DX1,2
1127,TCGA-EW-A1PH-DX1_xmin3455_ymin52049_MPP-0.2500+49:1:1,TCGA-EW-A1PH-DX1_xmin3455_ymin52049_MPP-0.2500+49,TCGA-EW-A1PH-DX1,2
1129,TCGA-EW-A1PH-DX1_xmin3455_ymin52049_MPP-0.2500+49:1:3,TCGA-EW-A1PH-DX1_xmin3455_ymin52049_MPP-0.2500+49,TCGA-EW-A1PH-DX1,2
1130,TCGA-EW-A1PH-DX1_xmin3455_ymin52049_MPP-0.2500+49:2:1,TCGA-EW-A1PH-DX1_xmin3455_ymin52049_MPP-0.2500+49,TCGA-EW-A1PH-DX1,2
1132,TCGA-EW-A1PH-DX1_xmin3455_ymin52049_MPP-0.2500+49:2:3,TCGA-EW-A1PH-DX1_xmin3455_ymin52049_MPP-0.2500+49,TCGA-EW-A1PH-DX1,2
1133,TCGA-EW-A1PH-DX1_xmin3455_ymin52049_MPP-0.2500+49:2:4,TCGA-EW-A1PH-DX1_xmin3455_ymin52049_MPP-0.2500+49,TCGA-EW-A1PH-DX1,2
1134,TCGA-EW-A1PH-DX1_xmin3455_ymin52049_MPP-0.2500+5:1:1,TCGA-EW-A1PH-DX1_xmin3455_ymin52049_MPP-0.2500+5,TCGA-EW-A1PH-DX1,2
1136,TCGA-EW-A1PH-DX1_xmin3455_ymin52049_MPP-0.2500+51:1:1,TCGA-EW-A1PH-DX1_xmin3455_ymin52049_MPP-0.2500+51,TCGA-EW-A1PH-DX1,2
1137,TCGA-EW-A1PH-DX1_xmin3455_ymin52049_MPP-0.2500+52:1:1,TCGA-EW-A1PH-DX1_xmin3455_ymin52049_MPP-0.2500+52,TCGA-EW-A1PH-DX1,2
1138,TCGA-EW-A1PH-DX1_xmin3455_ymin52049_MPP-0.2500+53:1:1,TCGA-EW-A1PH-DX1_xmin3455_ymin52049_MPP-0.2500+53,TCGA-EW-A1PH-DX1,2
1139,TCGA-EW-A1PH-DX1_xmin3455_ymin52049_MPP-0.2500+54:1:1,TCGA-EW-A1PH-DX1_xmin3455_ymin52049_MPP-0.2500+54,TCGA-EW-A1PH-DX1,2
1140,TCGA-EW-A1PH-DX1_xmin3455_ymin52049_MPP-0.2500+55:1:1,TCGA-EW-A1PH-DX1_xmin3455_ymin52049_MPP-0.2500+55,TCGA-EW-A1PH-DX1,2
1141,TCGA-EW-A1PH-DX1_xmin3455_ymin52049_MPP-0.2500+56:1:1,TCGA-EW-A1PH-DX1_xmin3455_ymin52049_MPP-0.2500+56,TCGA-EW-A1PH-DX1,2
1143,TCGA-EW-A1PH-DX1_xmin3455_ymin52049_MPP-0.2500+58:1:1,TCGA-EW-A1PH-DX1_xmin3455_ymin52049_MPP-0.2500+58,TCGA-EW-A1PH-DX1,2
1144,TCGA-EW-A1PH-DX1_xmin3455_ymin52049_MPP-0.2500+58:1:2,TCGA-EW-A1PH-DX1_xmin3455_ymin52049_MPP-0.2500+58,TCGA-EW-A1PH-DX1,2
1146,TCGA-EW-A1PH-DX1_xmin3455_ymin52049_MPP-0.2500+58:2:1,TCGA-EW-A1PH-DX1_xmin3455_ymin52049_MPP-0.2500+58,TCGA-EW-A1PH-DX1,2
1148,TCGA-EW-A1PH-DX1_xmin3455_ymin52049_MPP-0.2500+59:1:2,TCGA-EW-A1PH-DX1_xmin3455_ymin52049_MPP-0.2500+59,TCGA-EW-A1PH-DX1,2
1149,TCGA-EW-A1PH-DX1_xmin3455_ymin52049_MPP-0.2500+59:1:3,TCGA-EW-A1PH-DX1_xmin3455_ymin52049_MPP-0.2500+59,TCGA-EW-A1PH-DX1,2
1151,TCGA-EW-A1PH-DX1_xmin3455_ymin52049_MPP-0.2500+59:2:2,TCGA-EW-A1PH-DX1_xmin3455_ymin52049_MPP-0.2500+59,TCGA-EW-A1PH-DX1,2
1152,TCGA-EW-A1PH-DX1_xmin3455_ymin52049_MPP-0.2500+6:1:1,TCGA-EW-A1PH-DX1_xmin3455_ymin52049_MPP-0.2500+6,TCGA-EW-A1PH-DX1,2
1153,TCGA-EW-A1PH-DX1_xmin3455_ymin52049_MPP-0.2500+60:2:1,TCGA-EW-A1PH-DX1_xmin3455_ymin52049_MPP-0.2500+60,TCGA-EW-A1PH-DX1,2
1154,TCGA-EW-A1PH-DX1_xmin3455_ymin52049_MPP-0.2500+61:1:1,TCGA-EW-A1PH-DX1_xmin3455_ymin52049_MPP-0.2500+61,TCGA-EW-A1PH-DX1,2
1155,TCGA-EW-A1PH-DX1_xmin3455_ymin52049_MPP-0.2500+61:1:2,TCGA-EW-A1PH-DX1_xmin3455_ymin52049_MPP-0.2500+61,TCGA-EW-A1PH-DX1,2
1156,TCGA-EW-A1PH-DX1_xmin3455_ymin52049_MPP-0.2500+61:2:1,TCGA-EW-A1PH-DX1_xmin3455_ymin52049_MPP-0.2500+61,TCGA-EW-A1PH-DX1,2
1160,TCGA-EW-A1PH-DX1_xmin3455_ymin52049_MPP-0.2500+61:2:5,TCGA-EW-A1PH-DX1_xmin3455_ymin52049_MPP-0.2500+61,TCGA-EW-A1PH-DX1,2
1162,TCGA-EW-A1PH-DX1_xmin3455_ymin52049_MPP-0.2500+62:1:1,TCGA-EW-A1PH-DX1_xmin3455_ymin52049_MPP-0.2500+62,TCGA-EW-A1PH-DX1,2
1164,TCGA-EW-A1PH-DX1_xmin3455_ymin52049_MPP-0.2500+62:1:3,TCGA-EW-A1PH-DX1_xmin3455_ymin52049_MPP-0.2500+62,TCGA-EW-A1PH-DX1,2
1165,TCGA-EW-A1PH-DX1_xmin3455_ymin52049_MPP-0.2500+62:1:4,TCGA-EW-A1PH-DX1_xmin3455_ymin52049_MPP-0.2500+62,TCGA-EW-A1PH-DX1,2
1167,TCGA-EW-A1PH-DX1_xmin3455_ymin52049_MPP-0.2500+62:1:6,TCGA-EW-A1PH-DX1_xmin3455_ymin52049_MPP-0.2500+62,TCGA-EW-A1PH-DX1,2
1168,TCGA-EW-A1PH-DX1_xmin3455_ymin52049_MPP-0.2500+62:2:1,TCGA-EW-A1PH-DX1_xmin3455_ymin52049_MPP-0.2500+62,TCGA-EW-A1PH-DX1,2
1169,TCGA-EW-A1PH-DX1_xmin3455_ymin52049_MPP-0.2500+63:0:1,TCGA-EW-A1PH-DX1_xmin3455_ymin52049_MPP-0.2500+63,TCGA-EW-A1PH-DX1,2
1171,TCGA-EW-A1PH-DX1_xmin3455_ymin52049_MPP-0.2500+63:1:2,TCGA-EW-A1PH-DX1_xmin3455_ymin52049_MPP-0.2500+63,TCGA-EW-A1PH-DX1,2
1172,TCGA-EW-A1PH-DX1_xmin3455_ymin52049_MPP-0.2500+63:1:3,TCGA-EW-A1PH-DX1_xmin3455_ymin52049_MPP-0.2500+63,TCGA-EW-A1PH-DX1,2
1173,TCGA-EW-A1PH-DX1_xmin3455_ymin52049_MPP-0.2500+64:0:1,TCGA-EW-A1PH-DX1_xmin3455_ymin52049_MPP-0.2500+64,TCGA-EW-A1PH-DX1,2
1174,TCGA-EW-A1PH-DX1_xmin3455_ymin52049_MPP-0.2500+64:1:1,TCGA-EW-A1PH-DX1_xmin3455_ymin52049_MPP-0.2500+64,TCGA-EW-A1PH-DX1,2
1176,TCGA-EW-A1PH-DX1_xmin3455_ymin52049_MPP-0.2500+65:1:1,TCGA-EW-A1PH-DX1_xmin3455_ymin52049_MPP-0.2500+65,TCGA-EW-A1PH-DX1,2
1177,TCGA-EW-A1PH-DX1_xmin3455_ymin52049_MPP-0.2500+66:1:1,TCGA-EW-A1PH-DX1_xmin3455_ymin52049_MPP-0.2500+66,TCGA-EW-A1PH-DX1,2
1179,TCGA-EW-A1PH-DX1_xmin3455_ymin52049_MPP-0.2500+67:2:1,TCGA-EW-A1PH-DX1_xmin3455_ymin52049_MPP-0.2500+67,TCGA-EW-A1PH-DX1,2
1181,TCGA-EW-A1PH-DX1_xmin3455_ymin52049_MPP-0.2500+67:2:3,TCGA-EW-A1PH-DX1_xmin3455_ymin52049_MPP-0.2500+67,TCGA-EW-A1PH-DX1,2
1182,TCGA-EW-A1PH-DX1_xmin3455_ymin52049_MPP-0.2500+68:1:1,TCGA-EW-A1PH-DX1_xmin3455_ymin52049_MPP-0.2500+68,TCGA-EW-A1PH-DX1,2
1183,TCGA-EW-A1PH-DX1_xmin3455_ymin52049_MPP-0.2500+69:1:1,TCGA-EW-A1PH-DX1_xmin3455_ymin52049_MPP-0.2500+69,TCGA-EW-A1PH-DX1,2
1184,TCGA-EW-A1PH-DX1_xmin3455_ymin52049_MPP-0.2500+7:1:1,TCGA-EW-A1PH-DX1_xmin3455_ymin52049_MPP-0.2500+7,TCGA-EW-A1PH-DX1,2
1186,TCGA-EW-A1PH-DX1_xmin3455_ymin52049_MPP-0.2500+71:1:1,TCGA-EW-A1PH-DX1_xmin3455_ymin52049_MPP-0.2500+71,TCGA-EW-A1PH-DX1,2
1187,TCGA-EW-A1PH-DX1_xmin3455_ymin52049_MPP-0.2500+71:2:1,TCGA-EW-A1PH-DX1_xmin3455_ymin52049_MPP-0.2500+71,TCGA-EW-A1PH-DX1,2
1188,TCGA-EW-A1PH-DX1_xmin3455_ymin52049_MPP-0.2500+71:2:2,TCGA-EW-A1PH-DX1_xmin3455_ymin52049_MPP-0.2500+71,TCGA-EW-A1PH-DX1,2
1189,TCGA-EW-A1PH-DX1_xmin3455_ymin52049_MPP-0.2500+71:2:3,TCGA-EW-A1PH-DX1_xmin3455_ymin52049_MPP-0.2500+71,TCGA-EW-A1PH-DX1,2
1190,TCGA-EW-A1PH-DX1_xmin3455_ymin52049_MPP-0.2500+72:1:1,TCGA-EW-A1PH-DX1_xmin3455_ymin52049_MPP-0.2500+72,TCGA-EW-A1PH-DX1,2
1191,TCGA-EW-A1PH-DX1_xmin3455_ymin52049_MPP-0.2500+72:2:1,TCGA-EW-A1PH-DX1_xmin3455_ymin52049_MPP-0.2500+72,TCGA-EW-A1PH-DX1,2
1192,TCGA-EW-A1PH-DX1_xmin3455_ymin52049_MPP-0.2500+72:2:2,TCGA-EW-A1PH-DX1_xmin3455_ymin52049_MPP-0.2500+72,TCGA-EW-A1PH-DX1,2
1193,TCGA-EW-A1PH-DX1_xmin3455_ymin52049_MPP-0.2500+72:2:3,TCGA-EW-A1PH-DX1_xmin3455_ymin52049_MPP-0.2500+72,TCGA-EW-A1PH-DX1,2
1194,TCGA-EW-A1PH-DX1_xmin3455_ymin52049_MPP-0.2500+73:2:1,TCGA-EW-A1PH-DX1_xmin3455_ymin52049_MPP-0.2500+73,TCGA-EW-A1PH-DX1,2
1195,TCGA-EW-A1PH-DX1_xmin3455_ymin52049_MPP-0.2500+74:1:1,TCGA-EW-A1PH-DX1_xmin3455_ymin52049_MPP-0.2500+74,TCGA-EW-A1PH-DX1,2
1196,TCGA-EW-A1PH-DX1_xmin3455_ymin52049_MPP-0.2500+74:1:2,TCGA-EW-A1PH-DX1_xmin3455_ymin52049_MPP-0.2500+74,TCGA-EW-A1PH-DX1,2
1197,TCGA-EW-A1PH-DX1_xmin3455_ymin52049_MPP-0.2500+74:2:1,TCGA-EW-A1PH-DX1_xmin3455_ymin52049_MPP-0.2500+74,TCGA-EW-A1PH-DX1,2
1201,TCGA-EW-A1PH-DX1_xmin3455_ymin52049_MPP-0.2500+75:1:1,TCGA-EW-A1PH-DX1_xmin3455_ymin52049_MPP-0.2500+75,TCGA-EW-A1PH-DX1,2
1202,TCGA-EW-A1PH-DX1_xmin3455_ymin52049_MPP-0.2500+75:1:2,TCGA-EW-A1PH-DX1_xmin3455_ymin52049_MPP-0.2500+75,TCGA-EW-A1PH-DX1,2
1203,TCGA-EW-A1PH-DX1_xmin3455_ymin52049_MPP-0.2500+75:1:3,TCGA-EW-A1PH-DX1_xmin3455_ymin52049_MPP-0.2500+75,TCGA-EW-A1PH-DX1,2
1204,TCGA-EW-A1PH-DX1_xmin3455_ymin52049_MPP-0.2500+75:1:4,TCGA-EW-A1PH-DX1_xmin3455_ymin52049_MPP-0.2500+75,TCGA-EW-A1PH-DX1,2
1205,TCGA-EW-A1PH-DX1_xmin3455_ymin52049_MPP-0.2500+75:2:1,TCGA-EW-A1PH-DX1_xmin3455_ymin52049_MPP-0.2500+75,TCGA-EW-A1PH-DX1,2
1207,TCGA-EW-A1PH-DX1_xmin3455_ymin52049_MPP-0.2500+75:2:3,TCGA-EW-A1PH-DX1_xmin3455_ymin52049_MPP-0.2500+75,TCGA-EW-A1PH-DX1,2
1209,TCGA-EW-A1PH-DX1_xmin3455_ymin52049_MPP-0.2500+76:0:1,TCGA-EW-A1PH-DX1_xmin3455_ymin52049_MPP-0.2500+76,TCGA-EW-A1PH-DX1,2
1210,TCGA-EW-A1PH-DX1_xmin3455_ymin52049_MPP-0.2500+77:0:1,TCGA-EW-A1PH-DX1_xmin3455_ymin52049_MPP-0.2500+77,TCGA-EW-A1PH-DX1,2
1211,TCGA-EW-A1PH-DX1_xmin3455_ymin52049_MPP-0.2500+78:0:1,TCGA-EW-A1PH-DX1_xmin3455_ymin52049_MPP-0.2500+78,TCGA-EW-A1PH-DX1,2
1212,TCGA-EW-A1PH-DX1_xmin3455_ymin52049_MPP-0.2500+79:0:1,TCGA-EW-A1PH-DX1_xmin3455_ymin52049_MPP-0.2500+79,TCGA-EW-A1PH-DX1,2
1213,TCGA-EW-A1PH-DX1_xmin3455_ymin52049_MPP-0.2500+79:1:1,TCGA-EW-A1PH-DX1_xmin3455_ymin52049_MPP-0.2500+79,TCGA-EW-A1PH-DX1,2
1214,TCGA-EW-A1PH-DX1_xmin3455_ymin52049_MPP-0.2500+79:1:2,TCGA-EW-A1PH-DX1_xmin3455_ymin52049_MPP-0.2500+79,TCGA-EW-A1PH-DX1,2
1216,TCGA-EW-A1PH-DX1_xmin3455_ymin52049_MPP-0.2500+8:1:1,TCGA-EW-A1PH-DX1_xmin3455_ymin52049_MPP-0.2500+8,TCGA-EW-A1PH-DX1,2
1217,TCGA-EW-A1PH-DX1_xmin3455_ymin52049_MPP-0.2500+80:1:1,TCGA-EW-A1PH-DX1_xmin3455_ymin52049_MPP-0.2500+80,TCGA-EW-A1PH-DX1,2
1218,TCGA-EW-A1PH-DX1_xmin3455_ymin52049_MPP-0.2500+81:1:1,TCGA-EW-A1PH-DX1_xmin3455_ymin52049_MPP-0.2500+81,TCGA-EW-A1PH-DX1,2
1219,TCGA-EW-A1PH-DX1_xmin3455_ymin52049_MPP-0.2500+82:1:1,TCGA-EW-A1PH-DX1_xmin3455_ymin52049_MPP-0.2500+82,TCGA-EW-A1PH-DX1,2
1221,TCGA-EW-A1PH-DX1_xmin3455_ymin52049_MPP-0.2500+83:2:1,TCGA-EW-A1PH-DX1_xmin3455_ymin52049_MPP-0.2500+83,TCGA-EW-A1PH-DX1,2
1223,TCGA-EW-A1PH-DX1_xmin3455_ymin52049_MPP-0.2500+83:2:3,TCGA-EW-A1PH-DX1_xmin3455_ymin52049_MPP-0.2500+83,TCGA-EW-A1PH-DX1,2
1225,TCGA-EW-A1PH-DX1_xmin3455_ymin52049_MPP-0.2500+84:2:1,TCGA-EW-A1PH-DX1_xmin3455_ymin52049_MPP-0.2500+84,TCGA-EW-A1PH-DX1,2
1231,TCGA-EW-A1PH-DX1_xmin3455_ymin52049_MPP-0.2500+86:0:1,TCGA-EW-A1PH-DX1_xmin3455_ymin52049_MPP-0.2500+86,TCGA-EW-A1PH-DX1,2
1233,TCGA-EW-A1PH-DX1_xmin3455_ymin52049_MPP-0.2500+86:1:2,TCGA-EW-A1PH-DX1_xmin3455_ymin52049_MPP-0.2500+86,TCGA-EW-A1PH-DX1,2
1235,TCGA-EW-A1PH-DX1_xmin3455_ymin52049_MPP-0.2500+86:2:1,TCGA-EW-A1PH-DX1_xmin3455_ymin52049_MPP-0.2500+86,TCGA-EW-A1PH-DX1,2
1236,TCGA-EW-A1PH-DX1_xmin3455_ymin52049_MPP-0.2500+86:2:2,TCGA-EW-A1PH-DX1_xmin3455_ymin52049_MPP-0.2500+86,TCGA-EW-A1PH-DX1,2
1238,TCGA-EW-A1PH-DX1_xmin3455_ymin52049_MPP-0.2500+87:2:1,TCGA-EW-A1PH-DX1_xmin3455_ymin52049_MPP-0.2500+87,TCGA-EW-A1PH-DX1,2
1240,TCGA-EW-A1PH-DX1_xmin3455_ymin52049_MPP-0.2500+87:2:3,TCGA-EW-A1PH-DX1_xmin3455_ymin52049_MPP-0.2500+87,TCGA-EW-A1PH-DX1,2
1241,TCGA-EW-A1PH-DX1_xmin3455_ymin52049_MPP-0.2500+87:2:4,TCGA-EW-A1PH-DX1_xmin3455_ymin52049_MPP-0.2500+87,TCGA-EW-A1PH-DX1,2
1244,TCGA-EW-A1PH-DX1_xmin3455_ymin52049_MPP-0.2500+88:2:1,TCGA-EW-A1PH-DX1_xmin3455_ymin52049_MPP-0.2500+88,TCGA-EW-A1PH-DX1,2
1245,TCGA-EW-A1PH-DX1_xmin3455_ymin52049_MPP-0.2500+88:2:2,TCGA-EW-A1PH-DX1_xmin3455_ymin52049_MPP-0.2500+88,TCGA-EW-A1PH-DX1,2
1246,TCGA-EW-A1PH-DX1_xmin3455_ymin52049_MPP-0.2500+88:2:4,TCGA-EW-A1PH-DX1_xmin3455_ymin52049_MPP-0.2500+88,TCGA-EW-A1PH-DX1,2
1247,TCGA-EW-A1PH-DX1_xmin3455_ymin52049_MPP-0.2500+89:0:1,TCGA-EW-A1PH-DX1_xmin3455_ymin52049_MPP-0.2500+89,TCGA-EW-A1PH-DX1,2
1249,TCGA-EW-A1PH-DX1_xmin3455_ymin52049_MPP-0.2500+89:1:2,TCGA-EW-A1PH-DX1_xmin3455_ymin52049_MPP-0.2500+89,TCGA-EW-A1PH-DX1,2
1250,TCGA-EW-A1PH-DX1_xmin3455_ymin52049_MPP-0.2500+89:1:3,TCGA-EW-A1PH-DX1_xmin3455_ymin52049_MPP-0.2500+89,TCGA-EW-A1PH-DX1,2
1251,TCGA-EW-A1PH-DX1_xmin3455_ymin52049_MPP-0.2500+89:1:4,TCGA-EW-A1PH-DX1_xmin3455_ymin52049_MPP-0.2500+89,TCGA-EW-A1PH-DX1,2
1252,TCGA-EW-A1PH-DX1_xmin3455_ymin52049_MPP-0.2500+9:1:1,TCGA-EW-A1PH-DX1_xmin3455_ymin52049_MPP-0.2500+9,TCGA-EW-A1PH-DX1,2
1253,TCGA-EW-A1PH-DX1_xmin3455_ymin52049_MPP-0.2500+90:0:1,TCGA-EW-A1PH-DX1_xmin3455_ymin52049_MPP-0.2500+90,TCGA-EW-A1PH-DX1,2
1254,TCGA-EW-A1PH-DX1_xmin3455_ymin52049_MPP-0.2500+90:1:1,TCGA-EW-A1PH-DX1_xmin3455_ymin52049_MPP-0.2500+90,TCGA-EW-A1PH-DX1,2
1255,TCGA-EW-A1PH-DX1_xmin3455_ymin52049_MPP-0.2500+90:1:2,TCGA-EW-A1PH-DX1_xmin3455_ymin52049_MPP-0.2500+90,TCGA-EW-A1PH-DX1,2
1256,TCGA-EW-A1PH-DX1_xmin3455_ymin52049_MPP-0.2500+91:0:1,TCGA-EW-A1PH-DX1_xmin3455_ymin52049_MPP-0.2500+91,TCGA-EW-A1PH-DX1,2
1257,TCGA-EW-A1PH-DX1_xmin3455_ymin52049_MPP-0.2500+92:0:1,TCGA-EW-A1PH-DX1_xmin3455_ymin52049_MPP-0.2500+92,TCGA-EW-A1PH-DX1,2
1258,TCGA-EW-A1PH-DX1_xmin3455_ymin52049_MPP-0.2500+93:0:1,TCGA-EW-A1PH-DX1_xmin3455_ymin52049_MPP-0.2500+93,TCGA-EW-A1PH-DX1,2
1259,TCGA-EW-A1PH-DX1_xmin3455_ymin52049_MPP-0.2500+93:0:2,TCGA-EW-A1PH-DX1_xmin3455_ymin52049_MPP-0.2500+93,TCGA-EW-A1PH-DX1,2
1260,TCGA-EW-A1PH-DX1_xmin3455_ymin52049_MPP-0.2500+93:1:1,TCGA-EW-A1PH-DX1_xmin3455_ymin52049_MPP-0.2500+93,TCGA-EW-A1PH-DX1,2
1261,TCGA-EW-A1PH-DX1_xmin3455_ymin52049_MPP-0.2500+93:1:3,TCGA-EW-A1PH-DX1_xmin3455_ymin52049_MPP-0.2500+93,TCGA-EW-A1PH-DX1,2
1262,TCGA-EW-A1PH-DX1_xmin3455_ymin52049_MPP-0.2500+94:0:1,TCGA-EW-A1PH-DX1_xmin3455_ymin52049_MPP-0.2500+94,TCGA-EW-A1PH-DX1,2
1263,TCGA-EW-A1PH-DX1_xmin3455_ymin52049_MPP-0.2500+94:1:1,TCGA-EW-A1PH-DX1_xmin3455_ymin52049_MPP-0.2500+94,TCGA-EW-A1PH-DX1,2
1264,TCGA-EW-A1PH-DX1_xmin3455_ymin52049_MPP-0.2500+94:1:2,TCGA-EW-A1PH-DX1_xmin3455_ymin52049_MPP-0.2500+94,TCGA-EW-A1PH-DX1,2
1265,TCGA-EW-A1PH-DX1_xmin3455_ymin52049_MPP-0.2500+95:0:1,TCGA-EW-A1PH-DX1_xmin3455_ymin52049_MPP-0.2500+95,TCGA-EW-A1PH-DX1,2
1266,TCGA-EW-A1PH-DX1_xmin3455_ymin52049_MPP-0.2500+95:0:2,TCGA-EW-A1PH-DX1_xmin3455_ymin52049_MPP-0.2500+95,TCGA-EW-A1PH-DX1,2
1268,TCGA-EW-A1PH-DX1_xmin3455_ymin52049_MPP-0.2500+95:1:1,TCGA-EW-A1PH-DX1_xmin3455_ymin52049_MPP-0.2500+95,TCGA-EW-A1PH-DX1,2
1269,TCGA-EW-A1PH-DX1_xmin3455_ymin52049_MPP-0.2500+96:0:1,TCGA-EW-A1PH-DX1_xmin3455_ymin52049_MPP-0.2500+96,TCGA-EW-A1PH-DX1,2
1270,TCGA-EW-A1PH-DX1_xmin3455_ymin52049_MPP-0.2500+96:0:2,TCGA-EW-A1PH-DX1_xmin3455_ymin52049_MPP-0.2500+96,TCGA-EW-A1PH-DX1,2
1271,TCGA-EW-A1PH-DX1_xmin3455_ymin52049_MPP-0.2500+96:1:1,TCGA-EW-A1PH-DX1_xmin3455_ymin52049_MPP-0.2500+96,TCGA-EW-A1PH-DX1,2
1272,TCGA-EW-A1PH-DX1_xmin3455_ymin52049_MPP-0.2500+97:0:1,TCGA-EW-A1PH-DX1_xmin3455_ymin52049_MPP-0.2500+97,TCGA-EW-A1PH-DX1,2
1273,TCGA-EW-A1PH-DX1_xmin3455_ymin52049_MPP-0.2500+97:0:2,TCGA-EW-A1PH-DX1_xmin3455_ymin52049_MPP-0.2500+97,TCGA-EW-A1PH-DX1,2
1274,TCGA-EW-A1PH-DX1_xmin3455_ymin52049_MPP-0.2500+97:0:3,TCGA-EW-A1PH-DX1_xmin3455_ymin52049_MPP-0.2500+97,TCGA-EW-A1PH-DX1,2
1279,TCGA-EW-A1PH-DX1_xmin3455_ymin52049_MPP-0.2500+99:0:3,TCGA-EW-A1PH-DX1_xmin3455_ymin52049_MPP-0.2500+99,TCGA-EW-A1PH-DX1,2
1281,TCGA-EW-A1PH-DX1_xmin3455_ymin52049_MPP-0.2500+99:1:1,TCGA-EW-A1PH-DX1_xmin3455_ymin52049_MPP-0.2500+99,TCGA-EW-A1PH-DX1,2
1283,TCGA-GM-A2DB-DX1_xmin50586_ymin43110_MPP-0.2500+0:0:1,TCGA-GM-A2DB-DX1_xmin50586_ymin43110_MPP-0.2500+0,TCGA-GM-A2DB-DX1,0
1285,TCGA-GM-A2DB-DX1_xmin50586_ymin43110_MPP-0.2500+0:3:1,TCGA-GM-A2DB-DX1_xmin50586_ymin43110_MPP-0.2500+0,TCGA-GM-A2DB-DX1,0
1286,TCGA-GM-A2DB-DX1_xmin50586_ymin43110_MPP-0.2500+1:3:1,TCGA-GM-A2DB-DX1_xmin50586_ymin43110_MPP-0.2500+1,TCGA-GM-A2DB-DX1,0
1287,TCGA-GM-A2DB-DX1_xmin50586_ymin43110_MPP-0.2500+10:1:1,TCGA-GM-A2DB-DX1_xmin50586_ymin43110_MPP-0.2500+10,TCGA-GM-A2DB-DX1,0
1288,TCGA-GM-A2DB-DX1_xmin50586_ymin43110_MPP-0.2500+100:0:1,TCGA-GM-A2DB-DX1_xmin50586_ymin43110_MPP-0.2500+100,TCGA-GM-A2DB-DX1,0
1290,TCGA-GM-A2DB-DX1_xmin50586_ymin43110_MPP-0.2500+102:0:1,TCGA-GM-A2DB-DX1_xmin50586_ymin43110_MPP-0.2500+102,TCGA-GM-A2DB-DX1,0
1291,TCGA-GM-A2DB-DX1_xmin50586_ymin43110_MPP-0.2500+103:0:1,TCGA-GM-A2DB-DX1_xmin50586_ymin43110_MPP-0.2500+103,TCGA-GM-A2DB-DX1,0
1294,TCGA-GM-A2DB-DX1_xmin50586_ymin43110_MPP-0.2500+106:0:1,TCGA-GM-A2DB-DX1_xmin50586_ymin43110_MPP-0.2500+106,TCGA-GM-A2DB-DX1,0
1295,TCGA-GM-A2DB-DX1_xmin50586_ymin43110_MPP-0.2500+107:0:1,TCGA-GM-A2DB-DX1_xmin50586_ymin43110_MPP-0.2500+107,TCGA-GM-A2DB-DX1,0
1296,TCGA-GM-A2DB-DX1_xmin50586_ymin43110_MPP-0.2500+108:0:1,TCGA-GM-A2DB-DX1_xmin50586_ymin43110_MPP-0.2500+108,TCGA-GM-A2DB-DX1,0
1297,TCGA-GM-A2DB-DX1_xmin50586_ymin43110_MPP-0.2500+109:0:1,TCGA-GM-A2DB-DX1_xmin50586_ymin43110_MPP-0.2500+109,TCGA-GM-A2DB-DX1,0
1299,TCGA-GM-A2DB-DX1_xmin50586_ymin43110_MPP-0.2500+11:0:1,TCGA-GM-A2DB-DX1_xmin50586_ymin43110_MPP-0.2500+11,TCGA-GM-A2DB-DX1,0
1300,TCGA-GM-A2DB-DX1_xmin50586_ymin43110_MPP-0.2500+11:0:2,TCGA-GM-A2DB-DX1_xmin50586_ymin43110_MPP-0.2500+11,TCGA-GM-A2DB-DX1,0
1302,TCGA-GM-A2DB-DX1_xmin50586_ymin43110_MPP-0.2500+110:1:1,TCGA-GM-A2DB-DX1_xmin50586_ymin43110_MPP-0.2500+110,TCGA-GM-A2DB-DX1,0
1303,TCGA-GM-A2DB-DX1_xmin50586_ymin43110_MPP-0.2500+111:1:1,TCGA-GM-A2DB-DX1_xmin50586_ymin43110_MPP-0.2500+111,TCGA-GM-A2DB-DX1,0
1304,TCGA-GM-A2DB-DX1_xmin50586_ymin43110_MPP-0.2500+112:0:1,TCGA-GM-A2DB-DX1_xmin50586_ymin43110_MPP-0.2500+112,TCGA-GM-A2DB-DX1,0
1305,TCGA-GM-A2DB-DX1_xmin50586_ymin43110_MPP-0.2500+113:0:1,TCGA-GM-A2DB-DX1_xmin50586_ymin43110_MPP-0.2500+113,TCGA-GM-A2DB-DX1,0
1306,TCGA-GM-A2DB-DX1_xmin50586_ymin43110_MPP-0.2500+114:0:1,TCGA-GM-A2DB-DX1_xmin50586_ymin43110_MPP-0.2500+114,TCGA-GM-A2DB-DX1,0
1307,TCGA-GM-A2DB-DX1_xmin50586_ymin43110_MPP-0.2500+115:0:1,TCGA-GM-A2DB-DX1_xmin50586_ymin43110_MPP-0.2500+115,TCGA-GM-A2DB-DX1,0
1309,TCGA-GM-A2DB-DX1_xmin50586_ymin43110_MPP-0.2500+115:1:2,TCGA-GM-A2DB-DX1_xmin50586_ymin43110_MPP-0.2500+115,TCGA-GM-A2DB-DX1,0
1311,TCGA-GM-A2DB-DX1_xmin50586_ymin43110_MPP-0.2500+116:3:2,TCGA-GM-A2DB-DX1_xmin50586_ymin43110_MPP-0.2500+116,TCGA-GM-A2DB-DX1,0
1312,TCGA-GM-A2DB-DX1_xmin50586_ymin43110_MPP-0.2500+117:3:1,TCGA-GM-A2DB-DX1_xmin50586_ymin43110_MPP-0.2500+117,TCGA-GM-A2DB-DX1,0
1313,TCGA-GM-A2DB-DX1_xmin50586_ymin43110_MPP-0.2500+118:3:1,TCGA-GM-A2DB-DX1_xmin50586_ymin43110_MPP-0.2500+118,TCGA-GM-A2DB-DX1,0
1314,TCGA-GM-A2DB-DX1_xmin50586_ymin43110_MPP-0.2500+119:0:1,TCGA-GM-A2DB-DX1_xmin50586_ymin43110_MPP-0.2500+119,TCGA-GM-A2DB-DX1,0
1316,TCGA-GM-A2DB-DX1_xmin50586_ymin43110_MPP-0.2500+12:0:1,TCGA-GM-A2DB-DX1_xmin50586_ymin43110_MPP-0.2500+12,TCGA-GM-A2DB-DX1,0
1317,TCGA-GM-A2DB-DX1_xmin50586_ymin43110_MPP-0.2500+120:0:1,TCGA-GM-A2DB-DX1_xmin50586_ymin43110_MPP-0.2500+120,TCGA-GM-A2DB-DX1,0
1318,TCGA-GM-A2DB-DX1_xmin50586_ymin43110_MPP-0.2500+121:0:1,TCGA-GM-A2DB-DX1_xmin50586_ymin43110_MPP-0.2500+121,TCGA-GM-A2DB-DX1,0
1322,TCGA-GM-A2DB-DX1_xmin50586_ymin43110_MPP-0.2500+125:0:1,TCGA-GM-A2DB-DX1_xmin50586_ymin43110_MPP-0.2500+125,TCGA-GM-A2DB-DX1,0
1325,TCGA-GM-A2DB-DX1_xmin50586_ymin43110_MPP-0.2500+127:0:1,TCGA-GM-A2DB-DX1_xmin50586_ymin43110_MPP-0.2500+127,TCGA-GM-A2DB-DX1,0
1327,TCGA-GM-A2DB-DX1_xmin50586_ymin43110_MPP-0.2500+128:0:1,TCGA-GM-A2DB-DX1_xmin50586_ymin43110_MPP-0.2500+128,TCGA-GM-A2DB-DX1,0
1328,TCGA-GM-A2DB-DX1_xmin50586_ymin43110_MPP-0.2500+129:0:1,TCGA-GM-A2DB-DX1_xmin50586_ymin43110_MPP-0.2500+129,TCGA-GM-A2DB-DX1,0
1331,TCGA-GM-A2DB-DX1_xmin50586_ymin43110_MPP-0.2500+13:1:2,TCGA-GM-A2DB-DX1_xmin50586_ymin43110_MPP-0.2500+13,TCGA-GM-A2DB-DX1,0
1335,TCGA-GM-A2DB-DX1_xmin50586_ymin43110_MPP-0.2500+13:3:1,TCGA-GM-A2DB-DX1_xmin50586_ymin43110_MPP-0.2500+13,TCGA-GM-A2DB-DX1,0
1337,TCGA-GM-A2DB-DX1_xmin50586_ymin43110_MPP-0.2500+130:0:1,TCGA-GM-A2DB-DX1_xmin50586_ymin43110_MPP-0.2500+130,TCGA-GM-A2DB-DX1,0
1340,TCGA-GM-A2DB-DX1_xmin50586_ymin43110_MPP-0.2500+131:1:1,TCGA-GM-A2DB-DX1_xmin50586_ymin43110_MPP-0.2500+131,TCGA-GM-A2DB-DX1,0
1341,TCGA-GM-A2DB-DX1_xmin50586_ymin43110_MPP-0.2500+132:0:1,TCGA-GM-A2DB-DX1_xmin50586_ymin43110_MPP-0.2500+132,TCGA-GM-A2DB-DX1,0
1342,TCGA-GM-A2DB-DX1_xmin50586_ymin43110_MPP-0.2500+133:0:1,TCGA-GM-A2DB-DX1_xmin50586_ymin43110_MPP-0.2500+133,TCGA-GM-A2DB-DX1,0
1343,TCGA-GM-A2DB-DX1_xmin50586_ymin43110_MPP-0.2500+134:0:1,TCGA-GM-A2DB-DX1_xmin50586_ymin43110_MPP-0.2500+134,TCGA-GM-A2DB-DX1,0
1344,TCGA-GM-A2DB-DX1_xmin50586_ymin43110_MPP-0.2500+135:0:1,TCGA-GM-A2DB-DX1_xmin50586_ymin43110_MPP-0.2500+135,TCGA-GM-A2DB-DX1,0
1345,TCGA-GM-A2DB-DX1_xmin50586_ymin43110_MPP-0.2500+136:0:1,TCGA-GM-A2DB-DX1_xmin50586_ymin43110_MPP-0.2500+136,TCGA-GM-A2DB-DX1,0
1346,TCGA-GM-A2DB-DX1_xmin50586_ymin43110_MPP-0.2500+136:3:1,TCGA-GM-A2DB-DX1_xmin50586_ymin43110_MPP-0.2500+136,TCGA-GM-A2DB-DX1,0
1349,TCGA-GM-A2DB-DX1_xmin50586_ymin43110_MPP-0.2500+137:0:2,TCGA-GM-A2DB-DX1_xmin50586_ymin43110_MPP-0.2500+137,TCGA-GM-A2DB-DX1,0
1351,TCGA-GM-A2DB-DX1_xmin50586_ymin43110_MPP-0.2500+137:3:1,TCGA-GM-A2DB-DX1_xmin50586_ymin43110_MPP-0.2500+137,TCGA-GM-A2DB-DX1,0
1354,TCGA-GM-A2DB-DX1_xmin50586_ymin43110_MPP-0.2500+138:3:1,TCGA-GM-A2DB-DX1_xmin50586_ymin43110_MPP-0.2500+138,TCGA-GM-A2DB-DX1,0
1355,TCGA-GM-A2DB-DX1_xmin50586_ymin43110_MPP-0.2500+139:3:1,TCGA-GM-A2DB-DX1_xmin50586_ymin43110_MPP-0.2500+139,TCGA-GM-A2DB-DX1,0
1357,TCGA-GM-A2DB-DX1_xmin50586_ymin43110_MPP-0.2500+14:1:2,TCGA-GM-A2DB-DX1_xmin50586_ymin43110_MPP-0.2500+14,TCGA-GM-A2DB-DX1,0
1358,TCGA-GM-A2DB-DX1_xmin50586_ymin43110_MPP-0.2500+14:3:1,TCGA-GM-A2DB-DX1_xmin50586_ymin43110_MPP-0.2500+14,TCGA-GM-A2DB-DX1,0
1359,TCGA-GM-A2DB-DX1_xmin50586_ymin43110_MPP-0.2500+14:3:2,TCGA-GM-A2DB-DX1_xmin50586_ymin43110_MPP-0.2500+14,TCGA-GM-A2DB-DX1,0
1360,TCGA-GM-A2DB-DX1_xmin50586_ymin43110_MPP-0.2500+14:3:3,TCGA-GM-A2DB-DX1_xmin50586_ymin43110_MPP-0.2500+14,TCGA-GM-A2DB-DX1,0
1361,TCGA-GM-A2DB-DX1_xmin50586_ymin43110_MPP-0.2500+140:0:1,TCGA-GM-A2DB-DX1_xmin50586_ymin43110_MPP-0.2500+140,TCGA-GM-A2DB-DX1,0
1363,TCGA-GM-A2DB-DX1_xmin50586_ymin43110_MPP-0.2500+141:0:1,TCGA-GM-A2DB-DX1_xmin50586_ymin43110_MPP-0.2500+141,TCGA-GM-A2DB-DX1,0
1365,TCGA-GM-A2DB-DX1_xmin50586_ymin43110_MPP-0.2500+143:0:1,TCGA-GM-A2DB-DX1_xmin50586_ymin43110_MPP-0.2500+143,TCGA-GM-A2DB-DX1,0
1368,TCGA-GM-A2DB-DX1_xmin50586_ymin43110_MPP-0.2500+145:0:2,TCGA-GM-A2DB-DX1_xmin50586_ymin43110_MPP-0.2500+145,TCGA-GM-A2DB-DX1,0
1369,TCGA-GM-A2DB-DX1_xmin50586_ymin43110_MPP-0.2500+145:0:3,TCGA-GM-A2DB-DX1_xmin50586_ymin43110_MPP-0.2500+145,TCGA-GM-A2DB-DX1,0
1372,TCGA-GM-A2DB-DX1_xmin50586_ymin43110_MPP-0.2500+145:1:1,TCGA-GM-A2DB-DX1_xmin50586_ymin43110_MPP-0.2500+145,TCGA-GM-A2DB-DX1,0
1373,TCGA-GM-A2DB-DX1_xmin50586_ymin43110_MPP-0.2500+146:0:1,TCGA-GM-A2DB-DX1_xmin50586_ymin43110_MPP-0.2500+146,TCGA-GM-A2DB-DX1,0
1374,TCGA-GM-A2DB-DX1_xmin50586_ymin43110_MPP-0.2500+146:3:1,TCGA-GM-A2DB-DX1_xmin50586_ymin43110_MPP-0.2500+146,TCGA-GM-A2DB-DX1,0
1375,TCGA-GM-A2DB-DX1_xmin50586_ymin43110_MPP-0.2500+147:3:1,TCGA-GM-A2DB-DX1_xmin50586_ymin43110_MPP-0.2500+147,TCGA-GM-A2DB-DX1,0
1376,TCGA-GM-A2DB-DX1_xmin50586_ymin43110_MPP-0.2500+148:0:1,TCGA-GM-A2DB-DX1_xmin50586_ymin43110_MPP-0.2500+148,TCGA-GM-A2DB-DX1,0
1379,TCGA-GM-A2DB-DX1_xmin50586_ymin43110_MPP-0.2500+149:0:1,TCGA-GM-A2DB-DX1_xmin50586_ymin43110_MPP-0.2500+149,TCGA-GM-A2DB-DX1,0
1380,TCGA-GM-A2DB-DX1_xmin50586_ymin43110_MPP-0.2500+15:0:1,TCGA-GM-A2DB-DX1_xmin50586_ymin43110_MPP-0.2500+15,TCGA-GM-A2DB-DX1,0
1382,TCGA-GM-A2DB-DX1_xmin50586_ymin43110_MPP-0.2500+15:0:3,TCGA-GM-A2DB-DX1_xmin50586_ymin43110_MPP-0.2500+15,TCGA-GM-A2DB-DX1,0
1383,TCGA-GM-A2DB-DX1_xmin50586_ymin43110_MPP-0.2500+15:3:1,TCGA-GM-A2DB-DX1_xmin50586_ymin43110_MPP-0.2500+15,TCGA-GM-A2DB-DX1,0
1384,TCGA-GM-A2DB-DX1_xmin50586_ymin43110_MPP-0.2500+15:3:2,TCGA-GM-A2DB-DX1_xmin50586_ymin43110_MPP-0.2500+15,TCGA-GM-A2DB-DX1,0
1389,TCGA-GM-A2DB-DX1_xmin50586_ymin43110_MPP-0.2500+152:0:2,TCGA-GM-A2DB-DX1_xmin50586_ymin43110_MPP-0.2500+152,TCGA-GM-A2DB-DX1,0
1391,TCGA-GM-A2DB-DX1_xmin50586_ymin43110_MPP-0.2500+152:0:4,TCGA-GM-A2DB-DX1_xmin50586_ymin43110_MPP-0.2500+152,TCGA-GM-A2DB-DX1,0
1393,TCGA-GM-A2DB-DX1_xmin50586_ymin43110_MPP-0.2500+153:0:1,TCGA-GM-A2DB-DX1_xmin50586_ymin43110_MPP-0.2500+153,TCGA-GM-A2DB-DX1,0
1394,TCGA-GM-A2DB-DX1_xmin50586_ymin43110_MPP-0.2500+154:0:1,TCGA-GM-A2DB-DX1_xmin50586_ymin43110_MPP-0.2500+154,TCGA-GM-A2DB-DX1,0
1395,TCGA-GM-A2DB-DX1_xmin50586_ymin43110_MPP-0.2500+155:0:1,TCGA-GM-A2DB-DX1_xmin50586_ymin43110_MPP-0.2500+155,TCGA-GM-A2DB-DX1,0
1396,TCGA-GM-A2DB-DX1_xmin50586_ymin43110_MPP-0.2500+156:0:1,TCGA-GM-A2DB-DX1_xmin50586_ymin43110_MPP-0.2500+156,TCGA-GM-A2DB-DX1,0
1397,TCGA-GM-A2DB-DX1_xmin50586_ymin43110_MPP-0.2500+156:0:2,TCGA-GM-A2DB-DX1_xmin50586_ymin43110_MPP-0.2500+156,TCGA-GM-A2DB-DX1,0
1399,TCGA-GM-A2DB-DX1_xmin50586_ymin43110_MPP-0.2500+156:3:2,TCGA-GM-A2DB-DX1_xmin50586_ymin43110_MPP-0.2500+156,TCGA-GM-A2DB-DX1,0
1400,TCGA-GM-A2DB-DX1_xmin50586_ymin43110_MPP-0.2500+157:3:1,TCGA-GM-A2DB-DX1_xmin50586_ymin43110_MPP-0.2500+157,TCGA-GM-A2DB-DX1,0
1402,TCGA-GM-A2DB-DX1_xmin50586_ymin43110_MPP-0.2500+158:3:1,TCGA-GM-A2DB-DX1_xmin50586_ymin43110_MPP-0.2500+158,TCGA-GM-A2DB-DX1,0
1403,TCGA-GM-A2DB-DX1_xmin50586_ymin43110_MPP-0.2500+159:0:1,TCGA-GM-A2DB-DX1_xmin50586_ymin43110_MPP-0.2500+159,TCGA-GM-A2DB-DX1,0
1404,TCGA-GM-A2DB-DX1_xmin50586_ymin43110_MPP-0.2500+159:0:2,TCGA-GM-A2DB-DX1_xmin50586_ymin43110_MPP-0.2500+159,TCGA-GM-A2DB-DX1,0
1406,TCGA-GM-A2DB-DX1_xmin50586_ymin43110_MPP-0.2500+159:3:1,TCGA-GM-A2DB-DX1_xmin50586_ymin43110_MPP-0.2500+159,TCGA-GM-A2DB-DX1,0
1408,TCGA-GM-A2DB-DX1_xmin50586_ymin43110_MPP-0.2500+16:0:2,TCGA-GM-A2DB-DX1_xmin50586_ymin43110_MPP-0.2500+16,TCGA-GM-A2DB-DX1,0
1409,TCGA-GM-A2DB-DX1_xmin50586_ymin43110_MPP-0.2500+16:3:1,TCGA-GM-A2DB-DX1_xmin50586_ymin43110_MPP-0.2500+16,TCGA-GM-A2DB-DX1,0
1410,TCGA-GM-A2DB-DX1_xmin50586_ymin43110_MPP-0.2500+160:0:1,TCGA-GM-A2DB-DX1_xmin50586_ymin43110_MPP-0.2500+160,TCGA-GM-A2DB-DX1,0
1411,TCGA-GM-A2DB-DX1_xmin50586_ymin43110_MPP-0.2500+160:0:2,TCGA-GM-A2DB-DX1_xmin50586_ymin43110_MPP-0.2500+160,TCGA-GM-A2DB-DX1,0
1412,TCGA-GM-A2DB-DX1_xmin50586_ymin43110_MPP-0.2500+160:3:1,TCGA-GM-A2DB-DX1_xmin50586_ymin43110_MPP-0.2500+160,TCGA-GM-A2DB-DX1,0
1413,TCGA-GM-A2DB-DX1_xmin50586_ymin43110_MPP-0.2500+161:0:1,TCGA-GM-A2DB-DX1_xmin50586_ymin43110_MPP-0.2500+161,TCGA-GM-A2DB-DX1,0
1417,TCGA-GM-A2DB-DX1_xmin50586_ymin43110_MPP-0.2500+164:1:1,TCGA-GM-A2DB-DX1_xmin50586_ymin43110_MPP-0.2500+164,TCGA-GM-A2DB-DX1,0
1418,TCGA-GM-A2DB-DX1_xmin50586_ymin43110_MPP-0.2500+165:1:1,TCGA-GM-A2DB-DX1_xmin50586_ymin43110_MPP-0.2500+165,TCGA-GM-A2DB-DX1,0
1419,TCGA-GM-A2DB-DX1_xmin50586_ymin43110_MPP-0.2500+166:1:1,TCGA-GM-A2DB-DX1_xmin50586_ymin43110_MPP-0.2500+166,TCGA-GM-A2DB-DX1,0
1420,TCGA-GM-A2DB-DX1_xmin50586_ymin43110_MPP-0.2500+167:3:1,TCGA-GM-A2DB-DX1_xmin50586_ymin43110_MPP-0.2500+167,TCGA-GM-A2DB-DX1,0
1422,TCGA-GM-A2DB-DX1_xmin50586_ymin43110_MPP-0.2500+168:3:1,TCGA-GM-A2DB-DX1_xmin50586_ymin43110_MPP-0.2500+168,TCGA-GM-A2DB-DX1,0
1423,TCGA-GM-A2DB-DX1_xmin50586_ymin43110_MPP-0.2500+169:0:1,TCGA-GM-A2DB-DX1_xmin50586_ymin43110_MPP-0.2500+169,TCGA-GM-A2DB-DX1,0
1424,TCGA-GM-A2DB-DX1_xmin50586_ymin43110_MPP-0.2500+17:0:1,TCGA-GM-A2DB-DX1_xmin50586_ymin43110_MPP-0.2500+17,TCGA-GM-A2DB-DX1,0
1427,TCGA-GM-A2DB-DX1_xmin50586_ymin43110_MPP-0.2500+17:3:1,TCGA-GM-A2DB-DX1_xmin50586_ymin43110_MPP-0.2500+17,TCGA-GM-A2DB-DX1,0
1428,TCGA-GM-A2DB-DX1_xmin50586_ymin43110_MPP-0.2500+170:0:1,TCGA-GM-A2DB-DX1_xmin50586_ymin43110_MPP-0.2500+170,TCGA-GM-A2DB-DX1,0
1430,TCGA-GM-A2DB-DX1_xmin50586_ymin43110_MPP-0.2500+172:0:1,TCGA-GM-A2DB-DX1_xmin50586_ymin43110_MPP-0.2500+172,TCGA-GM-A2DB-DX1,0
1431,TCGA-GM-A2DB-DX1_xmin50586_ymin43110_MPP-0.2500+172:0:2,TCGA-GM-A2DB-DX1_xmin50586_ymin43110_MPP-0.2500+172,TCGA-GM-A2DB-DX1,0
1433,TCGA-GM-A2DB-DX1_xmin50586_ymin43110_MPP-0.2500+173:0:1,TCGA-GM-A2DB-DX1_xmin50586_ymin43110_MPP-0.2500+173,TCGA-GM-A2DB-DX1,0
1434,TCGA-GM-A2DB-DX1_xmin50586_ymin43110_MPP-0.2500+174:0:1,TCGA-GM-A2DB-DX1_xmin50586_ymin43110_MPP-0.2500+174,TCGA-GM-A2DB-DX1,0
1435,TCGA-GM-A2DB-DX1_xmin50586_ymin43110_MPP-0.2500+175:0:1,TCGA-GM-A2DB-DX1_xmin50586_ymin43110_MPP-0.2500+175,TCGA-GM-A2DB-DX1,0
1436,TCGA-GM-A2DB-DX1_xmin50586_ymin43110_MPP-0.2500+176:0:1,TCGA-GM-A2DB-DX1_xmin50586_ymin43110_MPP-0.2500+176,TCGA-GM-A2DB-DX1,0
1437,TCGA-GM-A2DB-DX1_xmin50586_ymin43110_MPP-0.2500+177:0:1,TCGA-GM-A2DB-DX1_xmin50586_ymin43110_MPP-0.2500+177,TCGA-GM-A2DB-DX1,0
1439,TCGA-GM-A2DB-DX1_xmin50586_ymin43110_MPP-0.2500+178:3:1,TCGA-GM-A2DB-DX1_xmin50586_ymin43110_MPP-0.2500+178,TCGA-GM-A2DB-DX1,0
1440,TCGA-GM-A2DB-DX1_xmin50586_ymin43110_MPP-0.2500+179:3:1,TCGA-GM-A2DB-DX1_xmin50586_ymin43110_MPP-0.2500+179,TCGA-GM-A2DB-DX1,0
1441,TCGA-GM-A2DB-DX1_xmin50586_ymin43110_MPP-0.2500+18:1:1,TCGA-GM-A2DB-DX1_xmin50586_ymin43110_MPP-0.2500+18,TCGA-GM-A2DB-DX1,0
1443,TCGA-GM-A2DB-DX1_xmin50586_ymin43110_MPP-0.2500+180:0:2,TCGA-GM-A2DB-DX1_xmin50586_ymin43110_MPP-0.2500+180,TCGA-GM-A2DB-DX1,0
1444,TCGA-GM-A2DB-DX1_xmin50586_ymin43110_MPP-0.2500+180:3:1,TCGA-GM-A2DB-DX1_xmin50586_ymin43110_MPP-0.2500+180,TCGA-GM-A2DB-DX1,0
1445,TCGA-GM-A2DB-DX1_xmin50586_ymin43110_MPP-0.2500+181:0:1,TCGA-GM-A2DB-DX1_xmin50586_ymin43110_MPP-0.2500+181,TCGA-GM-A2DB-DX1,0
1446,TCGA-GM-A2DB-DX1_xmin50586_ymin43110_MPP-0.2500+182:0:1,TCGA-GM-A2DB-DX1_xmin50586_ymin43110_MPP-0.2500+182,TCGA-GM-A2DB-DX1,0
1449,TCGA-GM-A2DB-DX1_xmin50586_ymin43110_MPP-0.2500+184:0:2,TCGA-GM-A2DB-DX1_xmin50586_ymin43110_MPP-0.2500+184,TCGA-GM-A2DB-DX1,0
1453,TCGA-GM-A2DB-DX1_xmin50586_ymin43110_MPP-0.2500+185:0:1,TCGA-GM-A2DB-DX1_xmin50586_ymin43110_MPP-0.2500+185,TCGA-GM-A2DB-DX1,0
1454,TCGA-GM-A2DB-DX1_xmin50586_ymin43110_MPP-0.2500+186:1:1,TCGA-GM-A2DB-DX1_xmin50586_ymin43110_MPP-0.2500+186,TCGA-GM-A2DB-DX1,0
1455,TCGA-GM-A2DB-DX1_xmin50586_ymin43110_MPP-0.2500+187:0:2,TCGA-GM-A2DB-DX1_xmin50586_ymin43110_MPP-0.2500+187,TCGA-GM-A2DB-DX1,0
1456,TCGA-GM-A2DB-DX1_xmin50586_ymin43110_MPP-0.2500+187:0:3,TCGA-GM-A2DB-DX1_xmin50586_ymin43110_MPP-0.2500+187,TCGA-GM-A2DB-DX1,0
1457,TCGA-GM-A2DB-DX1_xmin50586_ymin43110_MPP-0.2500+187:3:1,TCGA-GM-A2DB-DX1_xmin50586_ymin43110_MPP-0.2500+187,TCGA-GM-A2DB-DX1,0
1458,TCGA-GM-A2DB-DX1_xmin50586_ymin43110_MPP-0.2500+188:3:1,TCGA-GM-A2DB-DX1_xmin50586_ymin43110_MPP-0.2500+188,TCGA-GM-A2DB-DX1,0
1459,TCGA-GM-A2DB-DX1_xmin50586_ymin43110_MPP-0.2500+189:0:1,TCGA-GM-A2DB-DX1_xmin50586_ymin43110_MPP-0.2500+189,TCGA-GM-A2DB-DX1,0
1461,TCGA-GM-A2DB-DX1_xmin50586_ymin43110_MPP-0.2500+19:1:1,TCGA-GM-A2DB-DX1_xmin50586_ymin43110_MPP-0.2500+19,TCGA-GM-A2DB-DX1,0
1462,TCGA-GM-A2DB-DX1_xmin50586_ymin43110_MPP-0.2500+190:0:1,TCGA-GM-A2DB-DX1_xmin50586_ymin43110_MPP-0.2500+190,TCGA-GM-A2DB-DX1,0
1465,TCGA-GM-A2DB-DX1_xmin50586_ymin43110_MPP-0.2500+192:1:1,TCGA-GM-A2DB-DX1_xmin50586_ymin43110_MPP-0.2500+192,TCGA-GM-A2DB-DX1,0
1466,TCGA-GM-A2DB-DX1_xmin50586_ymin43110_MPP-0.2500+193:0:1,TCGA-GM-A2DB-DX1_xmin50586_ymin43110_MPP-0.2500+193,TCGA-GM-A2DB-DX1,0
1467,TCGA-GM-A2DB-DX1_xmin50586_ymin43110_MPP-0.2500+194:0:1,TCGA-GM-A2DB-DX1_xmin50586_ymin43110_MPP-0.2500+194,TCGA-GM-A2DB-DX1,0
1468,TCGA-GM-A2DB-DX1_xmin50586_ymin43110_MPP-0.2500+195:0:1,TCGA-GM-A2DB-DX1_xmin50586_ymin43110_MPP-0.2500+195,TCGA-GM-A2DB-DX1,0
1469,TCGA-GM-A2DB-DX1_xmin50586_ymin43110_MPP-0.2500+196:0:1,TCGA-GM-A2DB-DX1_xmin50586_ymin43110_MPP-0.2500+196,TCGA-GM-A2DB-DX1,0
1470,TCGA-GM-A2DB-DX1_xmin50586_ymin43110_MPP-0.2500+197:0:1,TCGA-GM-A2DB-DX1_xmin50586_ymin43110_MPP-0.2500+197,TCGA-GM-A2DB-DX1,0
1471,TCGA-GM-A2DB-DX1_xmin50586_ymin43110_MPP-0.2500+198:0:1,TCGA-GM-A2DB-DX1_xmin50586_ymin43110_MPP-0.2500+198,TCGA-GM-A2DB-DX1,0
1472,TCGA-GM-A2DB-DX1_xmin50586_ymin43110_MPP-0.2500+198:3:1,TCGA-GM-A2DB-DX1_xmin50586_ymin43110_MPP-0.2500+198,TCGA-GM-A2DB-DX1,0
1473,TCGA-GM-A2DB-DX1_xmin50586_ymin43110_MPP-0.2500+199:3:1,TCGA-GM-A2DB-DX1_xmin50586_ymin43110_MPP-0.2500+199,TCGA-GM-A2DB-DX1,0
1475,TCGA-GM-A2DB-DX1_xmin50586_ymin43110_MPP-0.2500+2:3:1,TCGA-GM-A2DB-DX1_xmin50586_ymin43110_MPP-0.2500+2,TCGA-GM-A2DB-DX1,0
1476,TCGA-GM-A2DB-DX1_xmin50586_ymin43110_MPP-0.2500+20:1:1,TCGA-GM-A2DB-DX1_xmin50586_ymin43110_MPP-0.2500+20,TCGA-GM-A2DB-DX1,0
1477,TCGA-GM-A2DB-DX1_xmin50586_ymin43110_MPP-0.2500+200:0:1,TCGA-GM-A2DB-DX1_xmin50586_ymin43110_MPP-0.2500+200,TCGA-GM-A2DB-DX1,0
1479,TCGA-GM-A2DB-DX1_xmin50586_ymin43110_MPP-0.2500+200:3:1,TCGA-GM-A2DB-DX1_xmin50586_ymin43110_MPP-0.2500+200,TCGA-GM-A2DB-DX1,0
1480,TCGA-GM-A2DB-DX1_xmin50586_ymin43110_MPP-0.2500+201:0:1,TCGA-GM-A2DB-DX1_xmin50586_ymin43110_MPP-0.2500+201,TCGA-GM-A2DB-DX1,0
1483,TCGA-GM-A2DB-DX1_xmin50586_ymin43110_MPP-0.2500+204:0:1,TCGA-GM-A2DB-DX1_xmin50586_ymin43110_MPP-0.2500+204,TCGA-GM-A2DB-DX1,0
1486,TCGA-GM-A2DB-DX1_xmin50586_ymin43110_MPP-0.2500+206:1:1,TCGA-GM-A2DB-DX1_xmin50586_ymin43110_MPP-0.2500+206,TCGA-GM-A2DB-DX1,0
1487,TCGA-GM-A2DB-DX1_xmin50586_ymin43110_MPP-0.2500+207:3:1,TCGA-GM-A2DB-DX1_xmin50586_ymin43110_MPP-0.2500+207,TCGA-GM-A2DB-DX1,0
1489,TCGA-GM-A2DB-DX1_xmin50586_ymin43110_MPP-0.2500+208:0:2,TCGA-GM-A2DB-DX1_xmin50586_ymin43110_MPP-0.2500+208,TCGA-GM-A2DB-DX1,0
1491,TCGA-GM-A2DB-DX1_xmin50586_ymin43110_MPP-0.2500+208:3:1,TCGA-GM-A2DB-DX1_xmin50586_ymin43110_MPP-0.2500+208,TCGA-GM-A2DB-DX1,0
1492,TCGA-GM-A2DB-DX1_xmin50586_ymin43110_MPP-0.2500+209:0:1,TCGA-GM-A2DB-DX1_xmin50586_ymin43110_MPP-0.2500+209,TCGA-GM-A2DB-DX1,0
1493,TCGA-GM-A2DB-DX1_xmin50586_ymin43110_MPP-0.2500+209:0:2,TCGA-GM-A2DB-DX1_xmin50586_ymin43110_MPP-0.2500+209,TCGA-GM-A2DB-DX1,0
1495,TCGA-GM-A2DB-DX1_xmin50586_ymin43110_MPP-0.2500+21:1:1,TCGA-GM-A2DB-DX1_xmin50586_ymin43110_MPP-0.2500+21,TCGA-GM-A2DB-DX1,0
1496,TCGA-GM-A2DB-DX1_xmin50586_ymin43110_MPP-0.2500+210:0:1,TCGA-GM-A2DB-DX1_xmin50586_ymin43110_MPP-0.2500+210,TCGA-GM-A2DB-DX1,0
1497,TCGA-GM-A2DB-DX1_xmin50586_ymin43110_MPP-0.2500+211:0:1,TCGA-GM-A2DB-DX1_xmin50586_ymin43110_MPP-0.2500+211,TCGA-GM-A2DB-DX1,0
1500,TCGA-GM-A2DB-DX1_xmin50586_ymin43110_MPP-0.2500+212:0:3,TCGA-GM-A2DB-DX1_xmin50586_ymin43110_MPP-0.2500+212,TCGA-GM-A2DB-DX1,0
1501,TCGA-GM-A2DB-DX1_xmin50586_ymin43110_MPP-0.2500+212:1:1,TCGA-GM-A2DB-DX1_xmin50586_ymin43110_MPP-0.2500+212,TCGA-GM-A2DB-DX1,0
1503,TCGA-GM-A2DB-DX1_xmin50586_ymin43110_MPP-0.2500+214:0:1,TCGA-GM-A2DB-DX1_xmin50586_ymin43110_MPP-0.2500+214,TCGA-GM-A2DB-DX1,0
1504,TCGA-GM-A2DB-DX1_xmin50586_ymin43110_MPP-0.2500+215:0:1,TCGA-GM-A2DB-DX1_xmin50586_ymin43110_MPP-0.2500+215,TCGA-GM-A2DB-DX1,0
1505,TCGA-GM-A2DB-DX1_xmin50586_ymin43110_MPP-0.2500+216:0:1,TCGA-GM-A2DB-DX1_xmin50586_ymin43110_MPP-0.2500+216,TCGA-GM-A2DB-DX1,0
1506,TCGA-GM-A2DB-DX1_xmin50586_ymin43110_MPP-0.2500+217:0:1,TCGA-GM-A2DB-DX1_xmin50586_ymin43110_MPP-0.2500+217,TCGA-GM-A2DB-DX1,0
1507,TCGA-GM-A2DB-DX1_xmin50586_ymin43110_MPP-0.2500+218:0:1,TCGA-GM-A2DB-DX1_xmin50586_ymin43110_MPP-0.2500+218,TCGA-GM-A2DB-DX1,0
1509,TCGA-GM-A2DB-DX1_xmin50586_ymin43110_MPP-0.2500+22:1:1,TCGA-GM-A2DB-DX1_xmin50586_ymin43110_MPP-0.2500+22,TCGA-GM-A2DB-DX1,0
1511,TCGA-GM-A2DB-DX1_xmin50586_ymin43110_MPP-0.2500+221:0:1,TCGA-GM-A2DB-DX1_xmin50586_ymin43110_MPP-0.2500+221,TCGA-GM-A2DB-DX1,0
1515,TCGA-GM-A2DB-DX1_xmin50586_ymin43110_MPP-0.2500+225:0:1,TCGA-GM-A2DB-DX1_xmin50586_ymin43110_MPP-0.2500+225,TCGA-GM-A2DB-DX1,0
1516,TCGA-GM-A2DB-DX1_xmin50586_ymin43110_MPP-0.2500+226:1:1,TCGA-GM-A2DB-DX1_xmin50586_ymin43110_MPP-0.2500+226,TCGA-GM-A2DB-DX1,0
1517,TCGA-GM-A2DB-DX1_xmin50586_ymin43110_MPP-0.2500+226:2:1,TCGA-GM-A2DB-DX1_xmin50586_ymin43110_MPP-0.2500+226,TCGA-GM-A2DB-DX1,0
1519,TCGA-GM-A2DB-DX1_xmin50586_ymin43110_MPP-0.2500+226:2:3,TCGA-GM-A2DB-DX1_xmin50586_ymin43110_MPP-0.2500+226,TCGA-GM-A2DB-DX1,0
1520,TCGA-GM-A2DB-DX1_xmin50586_ymin43110_MPP-0.2500+226:2:4,TCGA-GM-A2DB-DX1_xmin50586_ymin43110_MPP-0.2500+226,TCGA-GM-A2DB-DX1,0
1522,TCGA-GM-A2DB-DX1_xmin50586_ymin43110_MPP-0.2500+227:1:1,TCGA-GM-A2DB-DX1_xmin50586_ymin43110_MPP-0.2500+227,TCGA-GM-A2DB-DX1,0
1525,TCGA-GM-A2DB-DX1_xmin50586_ymin43110_MPP-0.2500+227:2:2,TCGA-GM-A2DB-DX1_xmin50586_ymin43110_MPP-0.2500+227,TCGA-GM-A2DB-DX1,0
1526,TCGA-GM-A2DB-DX1_xmin50586_ymin43110_MPP-0.2500+227:2:3,TCGA-GM-A2DB-DX1_xmin50586_ymin43110_MPP-0.2500+227,TCGA-GM-A2DB-DX1,0
1527,TCGA-GM-A2DB-DX1_xmin50586_ymin43110_MPP-0.2500+228:3:1,TCGA-GM-A2DB-DX1_xmin50586_ymin43110_MPP-0.2500+228,TCGA-GM-A2DB-DX1,0
1529,TCGA-GM-A2DB-DX1_xmin50586_ymin43110_MPP-0.2500+229:3:1,TCGA-GM-A2DB-DX1_xmin50586_ymin43110_MPP-0.2500+229,TCGA-GM-A2DB-DX1,0
1530,TCGA-GM-A2DB-DX1_xmin50586_ymin43110_MPP-0.2500+23:0:1,TCGA-GM-A2DB-DX1_xmin50586_ymin43110_MPP-0.2500+23,TCGA-GM-A2DB-DX1,0
1531,TCGA-GM-A2DB-DX1_xmin50586_ymin43110_MPP-0.2500+23:0:2,TCGA-GM-A2DB-DX1_xmin50586_ymin43110_MPP-0.2500+23,TCGA-GM-A2DB-DX1,0
1532,TCGA-GM-A2DB-DX1_xmin50586_ymin43110_MPP-0.2500+23:1:1,TCGA-GM-A2DB-DX1_xmin50586_ymin43110_MPP-0.2500+23,TCGA-GM-A2DB-DX1,0
1533,TCGA-GM-A2DB-DX1_xmin50586_ymin43110_MPP-0.2500+230:0:1,TCGA-GM-A2DB-DX1_xmin50586_ymin43110_MPP-0.2500+230,TCGA-GM-A2DB-DX1,0
1535,TCGA-GM-A2DB-DX1_xmin50586_ymin43110_MPP-0.2500+231:0:1,TCGA-GM-A2DB-DX1_xmin50586_ymin43110_MPP-0.2500+231,TCGA-GM-A2DB-DX1,0
1536,TCGA-GM-A2DB-DX1_xmin50586_ymin43110_MPP-0.2500+232:0:1,TCGA-GM-A2DB-DX1_xmin50586_ymin43110_MPP-0.2500+232,TCGA-GM-A2DB-DX1,0
1538,TCGA-GM-A2DB-DX1_xmin50586_ymin43110_MPP-0.2500+233:1:1,TCGA-GM-A2DB-DX1_xmin50586_ymin43110_MPP-0.2500+233,TCGA-GM-A2DB-DX1,0
1539,TCGA-GM-A2DB-DX1_xmin50586_ymin43110_MPP-0.2500+233:1:2,TCGA-GM-A2DB-DX1_xmin50586_ymin43110_MPP-0.2500+233,TCGA-GM-A2DB-DX1,0
1540,TCGA-GM-A2DB-DX1_xmin50586_ymin43110_MPP-0.2500+234:0:1,TCGA-GM-A2DB-DX1_xmin50586_ymin43110_MPP-0.2500+234,TCGA-GM-A2DB-DX1,0
1541,TCGA-GM-A2DB-DX1_xmin50586_ymin43110_MPP-0.2500+235:0:1,TCGA-GM-A2DB-DX1_xmin50586_ymin43110_MPP-0.2500+235,TCGA-GM-A2DB-DX1,0
1542,TCGA-GM-A2DB-DX1_xmin50586_ymin43110_MPP-0.2500+236:0:1,TCGA-GM-A2DB-DX1_xmin50586_ymin43110_MPP-0.2500+236,TCGA-GM-A2DB-DX1,0
1545,TCGA-GM-A2DB-DX1_xmin50586_ymin43110_MPP-0.2500+237:0:1,TCGA-GM-A2DB-DX1_xmin50586_ymin43110_MPP-0.2500+237,TCGA-GM-A2DB-DX1,0
1547,TCGA-GM-A2DB-DX1_xmin50586_ymin43110_MPP-0.2500+237:3:2,TCGA-GM-A2DB-DX1_xmin50586_ymin43110_MPP-0.2500+237,TCGA-GM-A2DB-DX1,0
1548,TCGA-GM-A2DB-DX1_xmin50586_ymin43110_MPP-0.2500+238:0:1,TCGA-GM-A2DB-DX1_xmin50586_ymin43110_MPP-0.2500+238,TCGA-GM-A2DB-DX1,0
1549,TCGA-GM-A2DB-DX1_xmin50586_ymin43110_MPP-0.2500+239:0:1,TCGA-GM-A2DB-DX1_xmin50586_ymin43110_MPP-0.2500+239,TCGA-GM-A2DB-DX1,0
1550,TCGA-GM-A2DB-DX1_xmin50586_ymin43110_MPP-0.2500+24:0:1,TCGA-GM-A2DB-DX1_xmin50586_ymin43110_MPP-0.2500+24,TCGA-GM-A2DB-DX1,0
1552,TCGA-GM-A2DB-DX1_xmin50586_ymin43110_MPP-0.2500+24:0:3,TCGA-GM-A2DB-DX1_xmin50586_ymin43110_MPP-0.2500+24,TCGA-GM-A2DB-DX1,0
1553,TCGA-GM-A2DB-DX1_xmin50586_ymin43110_MPP-0.2500+24:1:1,TCGA-GM-A2DB-DX1_xmin50586_ymin43110_MPP-0.2500+24,TCGA-GM-A2DB-DX1,0
1554,TCGA-GM-A2DB-DX1_xmin50586_ymin43110_MPP-0.2500+240:0:1,TCGA-GM-A2DB-DX1_xmin50586_ymin43110_MPP-0.2500+240,TCGA-GM-A2DB-DX1,0
1557,TCGA-GM-A2DB-DX1_xmin50586_ymin43110_MPP-0.2500+242:0:2,TCGA-GM-A2DB-DX1_xmin50586_ymin43110_MPP-0.2500+242,TCGA-GM-A2DB-DX1,0
1559,TCGA-GM-A2DB-DX1_xmin50586_ymin43110_MPP-0.2500+242:1:2,TCGA-GM-A2DB-DX1_xmin50586_ymin43110_MPP-0.2500+242,TCGA-GM-A2DB-DX1,0
1560,TCGA-GM-A2DB-DX1_xmin50586_ymin43110_MPP-0.2500+242:1:3,TCGA-GM-A2DB-DX1_xmin50586_ymin43110_MPP-0.2500+242,TCGA-GM-A2DB-DX1,0
1563,TCGA-GM-A2DB-DX1_xmin50586_ymin43110_MPP-0.2500+243:0:3,TCGA-GM-A2DB-DX1_xmin50586_ymin43110_MPP-0.2500+243,TCGA-GM-A2DB-DX1,0
1564,TCGA-GM-A2DB-DX1_xmin50586_ymin43110_MPP-0.2500+243:2:1,TCGA-GM-A2DB-DX1_xmin50586_ymin43110_MPP-0.2500+243,TCGA-GM-A2DB-DX1,0
1565,TCGA-GM-A2DB-DX1_xmin50586_ymin43110_MPP-0.2500+244:0:1,TCGA-GM-A2DB-DX1_xmin50586_ymin43110_MPP-0.2500+244,TCGA-GM-A2DB-DX1,0
1568,TCGA-GM-A2DB-DX1_xmin50586_ymin43110_MPP-0.2500+245:1:1,TCGA-GM-A2DB-DX1_xmin50586_ymin43110_MPP-0.2500+245,TCGA-GM-A2DB-DX1,0
1574,TCGA-GM-A2DB-DX1_xmin50586_ymin43110_MPP-0.2500+245:2:2,TCGA-GM-A2DB-DX1_xmin50586_ymin43110_MPP-0.2500+245,TCGA-GM-A2DB-DX1,0
1576,TCGA-GM-A2DB-DX1_xmin50586_ymin43110_MPP-0.2500+246:1:1,TCGA-GM-A2DB-DX1_xmin50586_ymin43110_MPP-0.2500+246,TCGA-GM-A2DB-DX1,0
1579,TCGA-GM-A2DB-DX1_xmin50586_ymin43110_MPP-0.2500+246:2:3,TCGA-GM-A2DB-DX1_xmin50586_ymin43110_MPP-0.2500+246,TCGA-GM-A2DB-DX1,0
1581,TCGA-GM-A2DB-DX1_xmin50586_ymin43110_MPP-0.2500+246:2:5,TCGA-GM-A2DB-DX1_xmin50586_ymin43110_MPP-0.2500+246,TCGA-GM-A2DB-DX1,0
1582,TCGA-GM-A2DB-DX1_xmin50586_ymin43110_MPP-0.2500+246:2:6,TCGA-GM-A2DB-DX1_xmin50586_ymin43110_MPP-0.2500+246,TCGA-GM-A2DB-DX1,0
1583,TCGA-GM-A2DB-DX1_xmin50586_ymin43110_MPP-0.2500+247:1:1,TCGA-GM-A2DB-DX1_xmin50586_ymin43110_MPP-0.2500+247,TCGA-GM-A2DB-DX1,0
1584,TCGA-GM-A2DB-DX1_xmin50586_ymin43110_MPP-0.2500+247:1:2,TCGA-GM-A2DB-DX1_xmin50586_ymin43110_MPP-0.2500+247,TCGA-GM-A2DB-DX1,0
1585,TCGA-GM-A2DB-DX1_xmin50586_ymin43110_MPP-0.2500+247:2:1,TCGA-GM-A2DB-DX1_xmin50586_ymin43110_MPP-0.2500+247,TCGA-GM-A2DB-DX1,0
1587,TCGA-GM-A2DB-DX1_xmin50586_ymin43110_MPP-0.2500+247:2:5,TCGA-GM-A2DB-DX1_xmin50586_ymin43110_MPP-0.2500+247,TCGA-GM-A2DB-DX1,0
1588,TCGA-GM-A2DB-DX1_xmin50586_ymin43110_MPP-0.2500+248:3:1,TCGA-GM-A2DB-DX1_xmin50586_ymin43110_MPP-0.2500+248,TCGA-GM-A2DB-DX1,0
1589,TCGA-GM-A2DB-DX1_xmin50586_ymin43110_MPP-0.2500+249:3:1,TCGA-GM-A2DB-DX1_xmin50586_ymin43110_MPP-0.2500+249,TCGA-GM-A2DB-DX1,0
1590,TCGA-GM-A2DB-DX1_xmin50586_ymin43110_MPP-0.2500+25:0:1,TCGA-GM-A2DB-DX1_xmin50586_ymin43110_MPP-0.2500+25,TCGA-GM-A2DB-DX1,0
1592,TCGA-GM-A2DB-DX1_xmin50586_ymin43110_MPP-0.2500+25:1:2,TCGA-GM-A2DB-DX1_xmin50586_ymin43110_MPP-0.2500+25,TCGA-GM-A2DB-DX1,0
1594,TCGA-GM-A2DB-DX1_xmin50586_ymin43110_MPP-0.2500+250:0:2,TCGA-GM-A2DB-DX1_xmin50586_ymin43110_MPP-0.2500+250,TCGA-GM-A2DB-DX1,0
1595,TCGA-GM-A2DB-DX1_xmin50586_ymin43110_MPP-0.2500+250:3:1,TCGA-GM-A2DB-DX1_xmin50586_ymin43110_MPP-0.2500+250,TCGA-GM-A2DB-DX1,0
1596,TCGA-GM-A2DB-DX1_xmin50586_ymin43110_MPP-0.2500+251:0:1,TCGA-GM-A2DB-DX1_xmin50586_ymin43110_MPP-0.2500+251,TCGA-GM-A2DB-DX1,0
1598,TCGA-GM-A2DB-DX1_xmin50586_ymin43110_MPP-0.2500+251:3:1,TCGA-GM-A2DB-DX1_xmin50586_ymin43110_MPP-0.2500+251,TCGA-GM-A2DB-DX1,0
1599,TCGA-GM-A2DB-DX1_xmin50586_ymin43110_MPP-0.2500+252:0:1,TCGA-GM-A2DB-DX1_xmin50586_ymin43110_MPP-0.2500+252,TCGA-GM-A2DB-DX1,0
1600,TCGA-GM-A2DB-DX1_xmin50586_ymin43110_MPP-0.2500+253:0:1,TCGA-GM-A2DB-DX1_xmin50586_ymin43110_MPP-0.2500+253,TCGA-GM-A2DB-DX1,0
1602,TCGA-GM-A2DB-DX1_xmin50586_ymin43110_MPP-0.2500+254:0:2,TCGA-GM-A2DB-DX1_xmin50586_ymin43110_MPP-0.2500+254,TCGA-GM-A2DB-DX1,0
1603,TCGA-GM-A2DB-DX1_xmin50586_ymin43110_MPP-0.2500+254:1:1,TCGA-GM-A2DB-DX1_xmin50586_ymin43110_MPP-0.2500+254,TCGA-GM-A2DB-DX1,0
1604,TCGA-GM-A2DB-DX1_xmin50586_ymin43110_MPP-0.2500+255:0:1,TCGA-GM-A2DB-DX1_xmin50586_ymin43110_MPP-0.2500+255,TCGA-GM-A2DB-DX1,0
1606,TCGA-GM-A2DB-DX1_xmin50586_ymin43110_MPP-0.2500+256:3:1,TCGA-GM-A2DB-DX1_xmin50586_ymin43110_MPP-0.2500+256,TCGA-GM-A2DB-DX1,0
1608,TCGA-GM-A2DB-DX1_xmin50586_ymin43110_MPP-0.2500+257:3:1,TCGA-GM-A2DB-DX1_xmin50586_ymin43110_MPP-0.2500+257,TCGA-GM-A2DB-DX1,0
1610,TCGA-GM-A2DB-DX1_xmin50586_ymin43110_MPP-0.2500+258:3:1,TCGA-GM-A2DB-DX1_xmin50586_ymin43110_MPP-0.2500+258,TCGA-GM-A2DB-DX1,0
1611,TCGA-GM-A2DB-DX1_xmin50586_ymin43110_MPP-0.2500+259:0:1,TCGA-GM-A2DB-DX1_xmin50586_ymin43110_MPP-0.2500+259,TCGA-GM-A2DB-DX1,0
1613,TCGA-GM-A2DB-DX1_xmin50586_ymin43110_MPP-0.2500+260:0:1,TCGA-GM-A2DB-DX1_xmin50586_ymin43110_MPP-0.2500+260,TCGA-GM-A2DB-DX1,0
1614,TCGA-GM-A2DB-DX1_xmin50586_ymin43110_MPP-0.2500+261:0:1,TCGA-GM-A2DB-DX1_xmin50586_ymin43110_MPP-0.2500+261,TCGA-GM-A2DB-DX1,0
1616,TCGA-GM-A2DB-DX1_xmin50586_ymin43110_MPP-0.2500+263:1:1,TCGA-GM-A2DB-DX1_xmin50586_ymin43110_MPP-0.2500+263,TCGA-GM-A2DB-DX1,0
1622,TCGA-GM-A2DB-DX1_xmin50586_ymin43110_MPP-0.2500+264:1:1,TCGA-GM-A2DB-DX1_xmin50586_ymin43110_MPP-0.2500+264,TCGA-GM-A2DB-DX1,0
1624,TCGA-GM-A2DB-DX1_xmin50586_ymin43110_MPP-0.2500+264:2:1,TCGA-GM-A2DB-DX1_xmin50586_ymin43110_MPP-0.2500+264,TCGA-GM-A2DB-DX1,0
1629,TCGA-GM-A2DB-DX1_xmin50586_ymin43110_MPP-0.2500+265:1:1,TCGA-GM-A2DB-DX1_xmin50586_ymin43110_MPP-0.2500+265,TCGA-GM-A2DB-DX1,0
1630,TCGA-GM-A2DB-DX1_xmin50586_ymin43110_MPP-0.2500+265:1:2,TCGA-GM-A2DB-DX1_xmin50586_ymin43110_MPP-0.2500+265,TCGA-GM-A2DB-DX1,0
1633,TCGA-GM-A2DB-DX1_xmin50586_ymin43110_MPP-0.2500+265:2:3,TCGA-GM-A2DB-DX1_xmin50586_ymin43110_MPP-0.2500+265,TCGA-GM-A2DB-DX1,0
1635,TCGA-GM-A2DB-DX1_xmin50586_ymin43110_MPP-0.2500+266:1:1,TCGA-GM-A2DB-DX1_xmin50586_ymin43110_MPP-0.2500+266,TCGA-GM-A2DB-DX1,0
1639,TCGA-GM-A2DB-DX1_xmin50586_ymin43110_MPP-0.2500+266:2:4,TCGA-GM-A2DB-DX1_xmin50586_ymin43110_MPP-0.2500+266,TCGA-GM-A2DB-DX1,0
1643,TCGA-GM-A2DB-DX1_xmin50586_ymin43110_MPP-0.2500+267:2:1,TCGA-GM-A2DB-DX1_xmin50586_ymin43110_MPP-0.2500+267,TCGA-GM-A2DB-DX1,0
1645,TCGA-GM-A2DB-DX1_xmin50586_ymin43110_MPP-0.2500+268:3:1,TCGA-GM-A2DB-DX1_xmin50586_ymin43110_MPP-0.2500+268,TCGA-GM-A2DB-DX1,0
1647,TCGA-GM-A2DB-DX1_xmin50586_ymin43110_MPP-0.2500+269:0:3,TCGA-GM-A2DB-DX1_xmin50586_ymin43110_MPP-0.2500+269,TCGA-GM-A2DB-DX1,0
1648,TCGA-GM-A2DB-DX1_xmin50586_ymin43110_MPP-0.2500+269:0:4,TCGA-GM-A2DB-DX1_xmin50586_ymin43110_MPP-0.2500+269,TCGA-GM-A2DB-DX1,0
1649,TCGA-GM-A2DB-DX1_xmin50586_ymin43110_MPP-0.2500+269:3:1,TCGA-GM-A2DB-DX1_xmin50586_ymin43110_MPP-0.2500+269,TCGA-GM-A2DB-DX1,0
1650,TCGA-GM-A2DB-DX1_xmin50586_ymin43110_MPP-0.2500+27:0:2,TCGA-GM-A2DB-DX1_xmin50586_ymin43110_MPP-0.2500+27,TCGA-GM-A2DB-DX1,0
1651,TCGA-GM-A2DB-DX1_xmin50586_ymin43110_MPP-0.2500+27:0:3,TCGA-GM-A2DB-DX1_xmin50586_ymin43110_MPP-0.2500+27,TCGA-GM-A2DB-DX1,0
1652,TCGA-GM-A2DB-DX1_xmin50586_ymin43110_MPP-0.2500+27:0:4,TCGA-GM-A2DB-DX1_xmin50586_ymin43110_MPP-0.2500+27,TCGA-GM-A2DB-DX1,0
1653,TCGA-GM-A2DB-DX1_xmin50586_ymin43110_MPP-0.2500+27:0:5,TCGA-GM-A2DB-DX1_xmin50586_ymin43110_MPP-0.2500+27,TCGA-GM-A2DB-DX1,0
1656,TCGA-GM-A2DB-DX1_xmin50586_ymin43110_MPP-0.2500+270:0:2,TCGA-GM-A2DB-DX1_xmin50586_ymin43110_MPP-0.2500+270,TCGA-GM-A2DB-DX1,0
1658,TCGA-GM-A2DB-DX1_xmin50586_ymin43110_MPP-0.2500+270:0:4,TCGA-GM-A2DB-DX1_xmin50586_ymin43110_MPP-0.2500+270,TCGA-GM-A2DB-DX1,0
1661,TCGA-GM-A2DB-DX1_xmin50586_ymin43110_MPP-0.2500+270:1:3,TCGA-GM-A2DB-DX1_xmin50586_ymin43110_MPP-0.2500+270,TCGA-GM-A2DB-DX1,0
1662,TCGA-GM-A2DB-DX1_xmin50586_ymin43110_MPP-0.2500+270:3:1,TCGA-GM-A2DB-DX1_xmin50586_ymin43110_MPP-0.2500+270,TCGA-GM-A2DB-DX1,0
1663,TCGA-GM-A2DB-DX1_xmin50586_ymin43110_MPP-0.2500+270:3:2,TCGA-GM-A2DB-DX1_xmin50586_ymin43110_MPP-0.2500+270,TCGA-GM-A2DB-DX1,0
1664,TCGA-GM-A2DB-DX1_xmin50586_ymin43110_MPP-0.2500+271:3:1,TCGA-GM-A2DB-DX1_xmin50586_ymin43110_MPP-0.2500+271,TCGA-GM-A2DB-DX1,0
1666,TCGA-GM-A2DB-DX1_xmin50586_ymin43110_MPP-0.2500+272:3:1,TCGA-GM-A2DB-DX1_xmin50586_ymin43110_MPP-0.2500+272,TCGA-GM-A2DB-DX1,0
1667,TCGA-GM-A2DB-DX1_xmin50586_ymin43110_MPP-0.2500+273:0:1,TCGA-GM-A2DB-DX1_xmin50586_ymin43110_MPP-0.2500+273,TCGA-GM-A2DB-DX1,0
1669,TCGA-GM-A2DB-DX1_xmin50586_ymin43110_MPP-0.2500+275:0:1,TCGA-GM-A2DB-DX1_xmin50586_ymin43110_MPP-0.2500+275,TCGA-GM-A2DB-DX1,0
1671,TCGA-GM-A2DB-DX1_xmin50586_ymin43110_MPP-0.2500+277:0:1,TCGA-GM-A2DB-DX1_xmin50586_ymin43110_MPP-0.2500+277,TCGA-GM-A2DB-DX1,0
1672,TCGA-GM-A2DB-DX1_xmin50586_ymin43110_MPP-0.2500+277:3:1,TCGA-GM-A2DB-DX1_xmin50586_ymin43110_MPP-0.2500+277,TCGA-GM-A2DB-DX1,0
1674,TCGA-GM-A2DB-DX1_xmin50586_ymin43110_MPP-0.2500+278:3:1,TCGA-GM-A2DB-DX1_xmin50586_ymin43110_MPP-0.2500+278,TCGA-GM-A2DB-DX1,0
1675,TCGA-GM-A2DB-DX1_xmin50586_ymin43110_MPP-0.2500+279:0:1,TCGA-GM-A2DB-DX1_xmin50586_ymin43110_MPP-0.2500+279,TCGA-GM-A2DB-DX1,0
1676,TCGA-GM-A2DB-DX1_xmin50586_ymin43110_MPP-0.2500+28:0:1,TCGA-GM-A2DB-DX1_xmin50586_ymin43110_MPP-0.2500+28,TCGA-GM-A2DB-DX1,0
1679,TCGA-GM-A2DB-DX1_xmin50586_ymin43110_MPP-0.2500+28:1:1,TCGA-GM-A2DB-DX1_xmin50586_ymin43110_MPP-0.2500+28,TCGA-GM-A2DB-DX1,0
1680,TCGA-GM-A2DB-DX1_xmin50586_ymin43110_MPP-0.2500+28:1:2,TCGA-GM-A2DB-DX1_xmin50586_ymin43110_MPP-0.2500+28,TCGA-GM-A2DB-DX1,0
1681,TCGA-GM-A2DB-DX1_xmin50586_ymin43110_MPP-0.2500+28:1:3,TCGA-GM-A2DB-DX1_xmin50586_ymin43110_MPP-0.2500+28,TCGA-GM-A2DB-DX1,0
1686,TCGA-GM-A2DB-DX1_xmin50586_ymin43110_MPP-0.2500+282:0:1,TCGA-GM-A2DB-DX1_xmin50586_ymin43110_MPP-0.2500+282,TCGA-GM-A2DB-DX1,0
1687,TCGA-GM-A2DB-DX1_xmin50586_ymin43110_MPP-0.2500+283:1:1,TCGA-GM-A2DB-DX1_xmin50586_ymin43110_MPP-0.2500+283,TCGA-GM-A2DB-DX1,0
1688,TCGA-GM-A2DB-DX1_xmin50586_ymin43110_MPP-0.2500+284:1:1,TCGA-GM-A2DB-DX1_xmin50586_ymin43110_MPP-0.2500+284,TCGA-GM-A2DB-DX1,0
1689,TCGA-GM-A2DB-DX1_xmin50586_ymin43110_MPP-0.2500+284:1:3,TCGA-GM-A2DB-DX1_xmin50586_ymin43110_MPP-0.2500+284,TCGA-GM-A2DB-DX1,0
1690,TCGA-GM-A2DB-DX1_xmin50586_ymin43110_MPP-0.2500+284:1:4,TCGA-GM-A2DB-DX1_xmin50586_ymin43110_MPP-0.2500+284,TCGA-GM-A2DB-DX1,0
1693,TCGA-GM-A2DB-DX1_xmin50586_ymin43110_MPP-0.2500+285:1:1,TCGA-GM-A2DB-DX1_xmin50586_ymin43110_MPP-0.2500+285,TCGA-GM-A2DB-DX1,0
1698,TCGA-GM-A2DB-DX1_xmin50586_ymin43110_MPP-0.2500+285:2:4,TCGA-GM-A2DB-DX1_xmin50586_ymin43110_MPP-0.2500+285,TCGA-GM-A2DB-DX1,0
1705,TCGA-GM-A2DB-DX1_xmin50586_ymin43110_MPP-0.2500+286:2:2,TCGA-GM-A2DB-DX1_xmin50586_ymin43110_MPP-0.2500+286,TCGA-GM-A2DB-DX1,0
1707,TCGA-GM-A2DB-DX1_xmin50586_ymin43110_MPP-0.2500+287:1:2,TCGA-GM-A2DB-DX1_xmin50586_ymin43110_MPP-0.2500+287,TCGA-GM-A2DB-DX1,0
1708,TCGA-GM-A2DB-DX1_xmin50586_ymin43110_MPP-0.2500+287:2:1,TCGA-GM-A2DB-DX1_xmin50586_ymin43110_MPP-0.2500+287,TCGA-GM-A2DB-DX1,0
1710,TCGA-GM-A2DB-DX1_xmin50586_ymin43110_MPP-0.2500+287:2:3,TCGA-GM-A2DB-DX1_xmin50586_ymin43110_MPP-0.2500+287,TCGA-GM-A2DB-DX1,0
1714,TCGA-GM-A2DB-DX1_xmin50586_ymin43110_MPP-0.2500+289:3:1,TCGA-GM-A2DB-DX1_xmin50586_ymin43110_MPP-0.2500+289,TCGA-GM-A2DB-DX1,0
1717,TCGA-GM-A2DB-DX1_xmin50586_ymin43110_MPP-0.2500+29:0:3,TCGA-GM-A2DB-DX1_xmin50586_ymin43110_MPP-0.2500+29,TCGA-GM-A2DB-DX1,0
1719,TCGA-GM-A2DB-DX1_xmin50586_ymin43110_MPP-0.2500+290:0:1,TCGA-GM-A2DB-DX1_xmin50586_ymin43110_MPP-0.2500+290,TCGA-GM-A2DB-DX1,0
1721,TCGA-GM-A2DB-DX1_xmin50586_ymin43110_MPP-0.2500+290:0:3,TCGA-GM-A2DB-DX1_xmin50586_ymin43110_MPP-0.2500+290,TCGA-GM-A2DB-DX1,0
1723,TCGA-GM-A2DB-DX1_xmin50586_ymin43110_MPP-0.2500+290:3:1,TCGA-GM-A2DB-DX1_xmin50586_ymin43110_MPP-0.2500+290,TCGA-GM-A2DB-DX1,0
1725,TCGA-GM-A2DB-DX1_xmin50586_ymin43110_MPP-0.2500+291:0:1,TCGA-GM-A2DB-DX1_xmin50586_ymin43110_MPP-0.2500+291,TCGA-GM-A2DB-DX1,0
1727,TCGA-GM-A2DB-DX1_xmin50586_ymin43110_MPP-0.2500+291:3:1,TCGA-GM-A2DB-DX1_xmin50586_ymin43110_MPP-0.2500+291,TCGA-GM-A2DB-DX1,0
1728,TCGA-GM-A2DB-DX1_xmin50586_ymin43110_MPP-0.2500+292:0:1,TCGA-GM-A2DB-DX1_xmin50586_ymin43110_MPP-0.2500+292,TCGA-GM-A2DB-DX1,0
1729,TCGA-GM-A2DB-DX1_xmin50586_ymin43110_MPP-0.2500+292:3:1,TCGA-GM-A2DB-DX1_xmin50586_ymin43110_MPP-0.2500+292,TCGA-GM-A2DB-DX1,0
1731,TCGA-GM-A2DB-DX1_xmin50586_ymin43110_MPP-0.2500+294:0:1,TCGA-GM-A2DB-DX1_xmin50586_ymin43110_MPP-0.2500+294,TCGA-GM-A2DB-DX1,0
1733,TCGA-GM-A2DB-DX1_xmin50586_ymin43110_MPP-0.2500+296:0:1,TCGA-GM-A2DB-DX1_xmin50586_ymin43110_MPP-0.2500+296,TCGA-GM-A2DB-DX1,0
1735,TCGA-GM-A2DB-DX1_xmin50586_ymin43110_MPP-0.2500+297:3:1,TCGA-GM-A2DB-DX1_xmin50586_ymin43110_MPP-0.2500+297,TCGA-GM-A2DB-DX1,0
1736,TCGA-GM-A2DB-DX1_xmin50586_ymin43110_MPP-0.2500+297:3:2,TCGA-GM-A2DB-DX1_xmin50586_ymin43110_MPP-0.2500+297,TCGA-GM-A2DB-DX1,0
1739,TCGA-GM-A2DB-DX1_xmin50586_ymin43110_MPP-0.2500+298:3:1,TCGA-GM-A2DB-DX1_xmin50586_ymin43110_MPP-0.2500+298,TCGA-GM-A2DB-DX1,0
1740,TCGA-GM-A2DB-DX1_xmin50586_ymin43110_MPP-0.2500+299:0:1,TCGA-GM-A2DB-DX1_xmin50586_ymin43110_MPP-0.2500+299,TCGA-GM-A2DB-DX1,0
1741,TCGA-GM-A2DB-DX1_xmin50586_ymin43110_MPP-0.2500+3:0:1,TCGA-GM-A2DB-DX1_xmin50586_ymin43110_MPP-0.2500+3,TCGA-GM-A2DB-DX1,0
1745,TCGA-GM-A2DB-DX1_xmin50586_ymin43110_MPP-0.2500+30:0:3,TCGA-GM-A2DB-DX1_xmin50586_ymin43110_MPP-0.2500+30,TCGA-GM-A2DB-DX1,0
1746,TCGA-GM-A2DB-DX1_xmin50586_ymin43110_MPP-0.2500+30:1:1,TCGA-GM-A2DB-DX1_xmin50586_ymin43110_MPP-0.2500+30,TCGA-GM-A2DB-DX1,0
1747,TCGA-GM-A2DB-DX1_xmin50586_ymin43110_MPP-0.2500+300:0:1,TCGA-GM-A2DB-DX1_xmin50586_ymin43110_MPP-0.2500+300,TCGA-GM-A2DB-DX1,0
1749,TCGA-GM-A2DB-DX1_xmin50586_ymin43110_MPP-0.2500+302:0:1,TCGA-GM-A2DB-DX1_xmin50586_ymin43110_MPP-0.2500+302,TCGA-GM-A2DB-DX1,0
1750,TCGA-GM-A2DB-DX1_xmin50586_ymin43110_MPP-0.2500+302:0:2,TCGA-GM-A2DB-DX1_xmin50586_ymin43110_MPP-0.2500+302,TCGA-GM-A2DB-DX1,0
1751,TCGA-GM-A2DB-DX1_xmin50586_ymin43110_MPP-0.2500+302:0:3,TCGA-GM-A2DB-DX1_xmin50586_ymin43110_MPP-0.2500+302,TCGA-GM-A2DB-DX1,0
1752,TCGA-GM-A2DB-DX1_xmin50586_ymin43110_MPP-0.2500+302:1:1,TCGA-GM-A2DB-DX1_xmin50586_ymin43110_MPP-0.2500+302,TCGA-GM-A2DB-DX1,0
1753,TCGA-GM-A2DB-DX1_xmin50586_ymin43110_MPP-0.2500+303:1:1,TCGA-GM-A2DB-DX1_xmin50586_ymin43110_MPP-0.2500+303,TCGA-GM-A2DB-DX1,0
1754,TCGA-GM-A2DB-DX1_xmin50586_ymin43110_MPP-0.2500+303:1:2,TCGA-GM-A2DB-DX1_xmin50586_ymin43110_MPP-0.2500+303,TCGA-GM-A2DB-DX1,0
1755,TCGA-GM-A2DB-DX1_xmin50586_ymin43110_MPP-0.2500+303:2:1,TCGA-GM-A2DB-DX1_xmin50586_ymin43110_MPP-0.2500+303,TCGA-GM-A2DB-DX1,0
1756,TCGA-GM-A2DB-DX1_xmin50586_ymin43110_MPP-0.2500+303:2:2,TCGA-GM-A2DB-DX1_xmin50586_ymin43110_MPP-0.2500+303,TCGA-GM-A2DB-DX1,0
1757,TCGA-GM-A2DB-DX1_xmin50586_ymin43110_MPP-0.2500+304:1:1,TCGA-GM-A2DB-DX1_xmin50586_ymin43110_MPP-0.2500+304,TCGA-GM-A2DB-DX1,0
1758,TCGA-GM-A2DB-DX1_xmin50586_ymin43110_MPP-0.2500+304:1:2,TCGA-GM-A2DB-DX1_xmin50586_ymin43110_MPP-0.2500+304,TCGA-GM-A2DB-DX1,0
1761,TCGA-GM-A2DB-DX1_xmin50586_ymin43110_MPP-0.2500+304:2:2,TCGA-GM-A2DB-DX1_xmin50586_ymin43110_MPP-0.2500+304,TCGA-GM-A2DB-DX1,0
1762,TCGA-GM-A2DB-DX1_xmin50586_ymin43110_MPP-0.2500+305:1:1,TCGA-GM-A2DB-DX1_xmin50586_ymin43110_MPP-0.2500+305,TCGA-GM-A2DB-DX1,0
1763,TCGA-GM-A2DB-DX1_xmin50586_ymin43110_MPP-0.2500+305:1:2,TCGA-GM-A2DB-DX1_xmin50586_ymin43110_MPP-0.2500+305,TCGA-GM-A2DB-DX1,0
1764,TCGA-GM-A2DB-DX1_xmin50586_ymin43110_MPP-0.2500+305:1:3,TCGA-GM-A2DB-DX1_xmin50586_ymin43110_MPP-0.2500+305,TCGA-GM-A2DB-DX1,0
1766,TCGA-GM-A2DB-DX1_xmin50586_ymin43110_MPP-0.2500+305:1:5,TCGA-GM-A2DB-DX1_xmin50586_ymin43110_MPP-0.2500+305,TCGA-GM-A2DB-DX1,0
1767,TCGA-GM-A2DB-DX1_xmin50586_ymin43110_MPP-0.2500+305:2:1,TCGA-GM-A2DB-DX1_xmin50586_ymin43110_MPP-0.2500+305,TCGA-GM-A2DB-DX1,0
1770,TCGA-GM-A2DB-DX1_xmin50586_ymin43110_MPP-0.2500+306:1:1,TCGA-GM-A2DB-DX1_xmin50586_ymin43110_MPP-0.2500+306,TCGA-GM-A2DB-DX1,0
1771,TCGA-GM-A2DB-DX1_xmin50586_ymin43110_MPP-0.2500+306:2:1,TCGA-GM-A2DB-DX1_xmin50586_ymin43110_MPP-0.2500+306,TCGA-GM-A2DB-DX1,0
1772,TCGA-GM-A2DB-DX1_xmin50586_ymin43110_MPP-0.2500+306:2:2,TCGA-GM-A2DB-DX1_xmin50586_ymin43110_MPP-0.2500+306,TCGA-GM-A2DB-DX1,0
1773,TCGA-GM-A2DB-DX1_xmin50586_ymin43110_MPP-0.2500+306:2:3,TCGA-GM-A2DB-DX1_xmin50586_ymin43110_MPP-0.2500+306,TCGA-GM-A2DB-DX1,0
1774,TCGA-GM-A2DB-DX1_xmin50586_ymin43110_MPP-0.2500+307:1:1,TCGA-GM-A2DB-DX1_xmin50586_ymin43110_MPP-0.2500+307,TCGA-GM-A2DB-DX1,0
1777,TCGA-GM-A2DB-DX1_xmin50586_ymin43110_MPP-0.2500+308:2:2,TCGA-GM-A2DB-DX1_xmin50586_ymin43110_MPP-0.2500+308,TCGA-GM-A2DB-DX1,0
1778,TCGA-GM-A2DB-DX1_xmin50586_ymin43110_MPP-0.2500+309:0:1,TCGA-GM-A2DB-DX1_xmin50586_ymin43110_MPP-0.2500+309,TCGA-GM-A2DB-DX1,0
1779,TCGA-GM-A2DB-DX1_xmin50586_ymin43110_MPP-0.2500+309:0:2,TCGA-GM-A2DB-DX1_xmin50586_ymin43110_MPP-0.2500+309,TCGA-GM-A2DB-DX1,0
1780,TCGA-GM-A2DB-DX1_xmin50586_ymin43110_MPP-0.2500+309:0:3,TCGA-GM-A2DB-DX1_xmin50586_ymin43110_MPP-0.2500+309,TCGA-GM-A2DB-DX1,0
1781,TCGA-GM-A2DB-DX1_xmin50586_ymin43110_MPP-0.2500+309:3:1,TCGA-GM-A2DB-DX1_xmin50586_ymin43110_MPP-0.2500+309,TCGA-GM-A2DB-DX1,0
1782,TCGA-GM-A2DB-DX1_xmin50586_ymin43110_MPP-0.2500+31:1:1,TCGA-GM-A2DB-DX1_xmin50586_ymin43110_MPP-0.2500+31,TCGA-GM-A2DB-DX1,0
1783,TCGA-GM-A2DB-DX1_xmin50586_ymin43110_MPP-0.2500+310:3:1,TCGA-GM-A2DB-DX1_xmin50586_ymin43110_MPP-0.2500+310,TCGA-GM-A2DB-DX1,0
1784,TCGA-GM-A2DB-DX1_xmin50586_ymin43110_MPP-0.2500+311:3:1,TCGA-GM-A2DB-DX1_xmin50586_ymin43110_MPP-0.2500+311,TCGA-GM-A2DB-DX1,0
1785,TCGA-GM-A2DB-DX1_xmin50586_ymin43110_MPP-0.2500+312:0:1,TCGA-GM-A2DB-DX1_xmin50586_ymin43110_MPP-0.2500+312,TCGA-GM-A2DB-DX1,0
1786,TCGA-GM-A2DB-DX1_xmin50586_ymin43110_MPP-0.2500+312:3:1,TCGA-GM-A2DB-DX1_xmin50586_ymin43110_MPP-0.2500+312,TCGA-GM-A2DB-DX1,0
1788,TCGA-GM-A2DB-DX1_xmin50586_ymin43110_MPP-0.2500+313:0:3,TCGA-GM-A2DB-DX1_xmin50586_ymin43110_MPP-0.2500+313,TCGA-GM-A2DB-DX1,0
1790,TCGA-GM-A2DB-DX1_xmin50586_ymin43110_MPP-0.2500+313:3:1,TCGA-GM-A2DB-DX1_xmin50586_ymin43110_MPP-0.2500+313,TCGA-GM-A2DB-DX1,0
1791,TCGA-GM-A2DB-DX1_xmin50586_ymin43110_MPP-0.2500+314:0:1,TCGA-GM-A2DB-DX1_xmin50586_ymin43110_MPP-0.2500+314,TCGA-GM-A2DB-DX1,0
1793,TCGA-GM-A2DB-DX1_xmin50586_ymin43110_MPP-0.2500+316:0:1,TCGA-GM-A2DB-DX1_xmin50586_ymin43110_MPP-0.2500+316,TCGA-GM-A2DB-DX1,0
1796,TCGA-GM-A2DB-DX1_xmin50586_ymin43110_MPP-0.2500+317:3:1,TCGA-GM-A2DB-DX1_xmin50586_ymin43110_MPP-0.2500+317,TCGA-GM-A2DB-DX1,0
1798,TCGA-GM-A2DB-DX1_xmin50586_ymin43110_MPP-0.2500+318:0:2,TCGA-GM-A2DB-DX1_xmin50586_ymin43110_MPP-0.2500+318,TCGA-GM-A2DB-DX1,0
1802,TCGA-GM-A2DB-DX1_xmin50586_ymin43110_MPP-0.2500+32:1:1,TCGA-GM-A2DB-DX1_xmin50586_ymin43110_MPP-0.2500+32,TCGA-GM-A2DB-DX1,0
1804,TCGA-GM-A2DB-DX1_xmin50586_ymin43110_MPP-0.2500+32:2:1,TCGA-GM-A2DB-DX1_xmin50586_ymin43110_MPP-0.2500+32,TCGA-GM-A2DB-DX1,0
1805,TCGA-GM-A2DB-DX1_xmin50586_ymin43110_MPP-0.2500+32:2:3,TCGA-GM-A2DB-DX1_xmin50586_ymin43110_MPP-0.2500+32,TCGA-GM-A2DB-DX1,0
1807,TCGA-GM-A2DB-DX1_xmin50586_ymin43110_MPP-0.2500+32:2:5,TCGA-GM-A2DB-DX1_xmin50586_ymin43110_MPP-0.2500+32,TCGA-GM-A2DB-DX1,0
1809,TCGA-GM-A2DB-DX1_xmin50586_ymin43110_MPP-0.2500+321:2:1,TCGA-GM-A2DB-DX1_xmin50586_ymin43110_MPP-0.2500+321,TCGA-GM-A2DB-DX1,0
1811,TCGA-GM-A2DB-DX1_xmin50586_ymin43110_MPP-0.2500+322:1:2,TCGA-GM-A2DB-DX1_xmin50586_ymin43110_MPP-0.2500+322,TCGA-GM-A2DB-DX1,0
1812,TCGA-GM-A2DB-DX1_xmin50586_ymin43110_MPP-0.2500+322:1:3,TCGA-GM-A2DB-DX1_xmin50586_ymin43110_MPP-0.2500+322,TCGA-GM-A2DB-DX1,0
1816,TCGA-GM-A2DB-DX1_xmin50586_ymin43110_MPP-0.2500+323:1:1,TCGA-GM-A2DB-DX1_xmin50586_ymin43110_MPP-0.2500+323,TCGA-GM-A2DB-DX1,0
1822,TCGA-GM-A2DB-DX1_xmin50586_ymin43110_MPP-0.2500+323:2:2,TCGA-GM-A2DB-DX1_xmin50586_ymin43110_MPP-0.2500+323,TCGA-GM-A2DB-DX1,0
1823,TCGA-GM-A2DB-DX1_xmin50586_ymin43110_MPP-0.2500+323:2:3,TCGA-GM-A2DB-DX1_xmin50586_ymin43110_MPP-0.2500+323,TCGA-GM-A2DB-DX1,0
1824,TCGA-GM-A2DB-DX1_xmin50586_ymin43110_MPP-0.2500+324:1:1,TCGA-GM-A2DB-DX1_xmin50586_ymin43110_MPP-0.2500+324,TCGA-GM-A2DB-DX1,0
1826,TCGA-GM-A2DB-DX1_xmin50586_ymin43110_MPP-0.2500+324:1:3,TCGA-GM-A2DB-DX1_xmin50586_ymin43110_MPP-0.2500+324,TCGA-GM-A2DB-DX1,0
1828,TCGA-GM-A2DB-DX1_xmin50586_ymin43110_MPP-0.2500+324:2:1,TCGA-GM-A2DB-DX1_xmin50586_ymin43110_MPP-0.2500+324,TCGA-GM-A2DB-DX1,0
1829,TCGA-GM-A2DB-DX1_xmin50586_ymin43110_MPP-0.2500+324:2:2,TCGA-GM-A2DB-DX1_xmin50586_ymin43110_MPP-0.2500+324,TCGA-GM-A2DB-DX1,0
1830,TCGA-GM-A2DB-DX1_xmin50586_ymin43110_MPP-0.2500+325:1:1,TCGA-GM-A2DB-DX1_xmin50586_ymin43110_MPP-0.2500+325,TCGA-GM-A2DB-DX1,0
1833,TCGA-GM-A2DB-DX1_xmin50586_ymin43110_MPP-0.2500+325:2:1,TCGA-GM-A2DB-DX1_xmin50586_ymin43110_MPP-0.2500+325,TCGA-GM-A2DB-DX1,0
1836,TCGA-GM-A2DB-DX1_xmin50586_ymin43110_MPP-0.2500+325:2:4,TCGA-GM-A2DB-DX1_xmin50586_ymin43110_MPP-0.2500+325,TCGA-GM-A2DB-DX1,0
1837,TCGA-GM-A2DB-DX1_xmin50586_ymin43110_MPP-0.2500+325:2:5,TCGA-GM-A2DB-DX1_xmin50586_ymin43110_MPP-0.2500+325,TCGA-GM-A2DB-DX1,0
1838,TCGA-GM-A2DB-DX1_xmin50586_ymin43110_MPP-0.2500+326:1:1,TCGA-GM-A2DB-DX1_xmin50586_ymin43110_MPP-0.2500+326,TCGA-GM-A2DB-DX1,0
1839,TCGA-GM-A2DB-DX1_xmin50586_ymin43110_MPP-0.2500+326:1:2,TCGA-GM-A2DB-DX1_xmin50586_ymin43110_MPP-0.2500+326,TCGA-GM-A2DB-DX1,0
1840,TCGA-GM-A2DB-DX1_xmin50586_ymin43110_MPP-0.2500+326:2:1,TCGA-GM-A2DB-DX1_xmin50586_ymin43110_MPP-0.2500+326,TCGA-GM-A2DB-DX1,0
1841,TCGA-GM-A2DB-DX1_xmin50586_ymin43110_MPP-0.2500+326:2:2,TCGA-GM-A2DB-DX1_xmin50586_ymin43110_MPP-0.2500+326,TCGA-GM-A2DB-DX1,0
1842,TCGA-GM-A2DB-DX1_xmin50586_ymin43110_MPP-0.2500+326:2:3,TCGA-GM-A2DB-DX1_xmin50586_ymin43110_MPP-0.2500+326,TCGA-GM-A2DB-DX1,0
1843,TCGA-GM-A2DB-DX1_xmin50586_ymin43110_MPP-0.2500+327:1:1,TCGA-GM-A2DB-DX1_xmin50586_ymin43110_MPP-0.2500+327,TCGA-GM-A2DB-DX1,0
1844,TCGA-GM-A2DB-DX1_xmin50586_ymin43110_MPP-0.2500+327:2:2,TCGA-GM-A2DB-DX1_xmin50586_ymin43110_MPP-0.2500+327,TCGA-GM-A2DB-DX1,0
1845,TCGA-GM-A2DB-DX1_xmin50586_ymin43110_MPP-0.2500+327:2:3,TCGA-GM-A2DB-DX1_xmin50586_ymin43110_MPP-0.2500+327,TCGA-GM-A2DB-DX1,0
1847,TCGA-GM-A2DB-DX1_xmin50586_ymin43110_MPP-0.2500+329:0:1,TCGA-GM-A2DB-DX1_xmin50586_ymin43110_MPP-0.2500+329,TCGA-GM-A2DB-DX1,0
1848,TCGA-GM-A2DB-DX1_xmin50586_ymin43110_MPP-0.2500+33:1:1,TCGA-GM-A2DB-DX1_xmin50586_ymin43110_MPP-0.2500+33,TCGA-GM-A2DB-DX1,0
1849,TCGA-GM-A2DB-DX1_xmin50586_ymin43110_MPP-0.2500+330:0:1,TCGA-GM-A2DB-DX1_xmin50586_ymin43110_MPP-0.2500+330,TCGA-GM-A2DB-DX1,0
1851,TCGA-GM-A2DB-DX1_xmin50586_ymin43110_MPP-0.2500+331:0:1,TCGA-GM-A2DB-DX1_xmin50586_ymin43110_MPP-0.2500+331,TCGA-GM-A2DB-DX1,0
1853,TCGA-GM-A2DB-DX1_xmin50586_ymin43110_MPP-0.2500+332:0:1,TCGA-GM-A2DB-DX1_xmin50586_ymin43110_MPP-0.2500+332,TCGA-GM-A2DB-DX1,0
1854,TCGA-GM-A2DB-DX1_xmin50586_ymin43110_MPP-0.2500+332:0:2,TCGA-GM-A2DB-DX1_xmin50586_ymin43110_MPP-0.2500+332,TCGA-GM-A2DB-DX1,0
1857,TCGA-GM-A2DB-DX1_xmin50586_ymin43110_MPP-0.2500+333:0:1,TCGA-GM-A2DB-DX1_xmin50586_ymin43110_MPP-0.2500+333,TCGA-GM-A2DB-DX1,0
1859,TCGA-GM-A2DB-DX1_xmin50586_ymin43110_MPP-0.2500+333:0:3,TCGA-GM-A2DB-DX1_xmin50586_ymin43110_MPP-0.2500+333,TCGA-GM-A2DB-DX1,0
1864,TCGA-GM-A2DB-DX1_xmin50586_ymin43110_MPP-0.2500+334:0:1,TCGA-GM-A2DB-DX1_xmin50586_ymin43110_MPP-0.2500+334,TCGA-GM-A2DB-DX1,0
1865,TCGA-GM-A2DB-DX1_xmin50586_ymin43110_MPP-0.2500+335:0:1,TCGA-GM-A2DB-DX1_xmin50586_ymin43110_MPP-0.2500+335,TCGA-GM-A2DB-DX1,0
1867,TCGA-GM-A2DB-DX1_xmin50586_ymin43110_MPP-0.2500+336:1:1,TCGA-GM-A2DB-DX1_xmin50586_ymin43110_MPP-0.2500+336,TCGA-GM-A2DB-DX1,0
1868,TCGA-GM-A2DB-DX1_xmin50586_ymin43110_MPP-0.2500+336:1:2,TCGA-GM-A2DB-DX1_xmin50586_ymin43110_MPP-0.2500+336,TCGA-GM-A2DB-DX1,0
1873,TCGA-GM-A2DB-DX1_xmin50586_ymin43110_MPP-0.2500+337:1:1,TCGA-GM-A2DB-DX1_xmin50586_ymin43110_MPP-0.2500+337,TCGA-GM-A2DB-DX1,0
1875,TCGA-GM-A2DB-DX1_xmin50586_ymin43110_MPP-0.2500+338:1:1,TCGA-GM-A2DB-DX1_xmin50586_ymin43110_MPP-0.2500+338,TCGA-GM-A2DB-DX1,0
1876,TCGA-GM-A2DB-DX1_xmin50586_ymin43110_MPP-0.2500+339:1:1,TCGA-GM-A2DB-DX1_xmin50586_ymin43110_MPP-0.2500+339,TCGA-GM-A2DB-DX1,0
1877,TCGA-GM-A2DB-DX1_xmin50586_ymin43110_MPP-0.2500+339:2:1,TCGA-GM-A2DB-DX1_xmin50586_ymin43110_MPP-0.2500+339,TCGA-GM-A2DB-DX1,0
1878,TCGA-GM-A2DB-DX1_xmin50586_ymin43110_MPP-0.2500+339:2:2,TCGA-GM-A2DB-DX1_xmin50586_ymin43110_MPP-0.2500+339,TCGA-GM-A2DB-DX1,0
1879,TCGA-GM-A2DB-DX1_xmin50586_ymin43110_MPP-0.2500+34:0:1,TCGA-GM-A2DB-DX1_xmin50586_ymin43110_MPP-0.2500+34,TCGA-GM-A2DB-DX1,0
1880,TCGA-GM-A2DB-DX1_xmin50586_ymin43110_MPP-0.2500+34:0:3,TCGA-GM-A2DB-DX1_xmin50586_ymin43110_MPP-0.2500+34,TCGA-GM-A2DB-DX1,0
1881,TCGA-GM-A2DB-DX1_xmin50586_ymin43110_MPP-0.2500+34:1:1,TCGA-GM-A2DB-DX1_xmin50586_ymin43110_MPP-0.2500+34,TCGA-GM-A2DB-DX1,0
1882,TCGA-GM-A2DB-DX1_xmin50586_ymin43110_MPP-0.2500+34:1:2,TCGA-GM-A2DB-DX1_xmin50586_ymin43110_MPP-0.2500+34,TCGA-GM-A2DB-DX1,0
1883,TCGA-GM-A2DB-DX1_xmin50586_ymin43110_MPP-0.2500+34:1:3,TCGA-GM-A2DB-DX1_xmin50586_ymin43110_MPP-0.2500+34,TCGA-GM-A2DB-DX1,0
1886,TCGA-GM-A2DB-DX1_xmin50586_ymin43110_MPP-0.2500+340:2:2,TCGA-GM-A2DB-DX1_xmin50586_ymin43110_MPP-0.2500+340,TCGA-GM-A2DB-DX1,0
1888,TCGA-GM-A2DB-DX1_xmin50586_ymin43110_MPP-0.2500+340:2:4,TCGA-GM-A2DB-DX1_xmin50586_ymin43110_MPP-0.2500+340,TCGA-GM-A2DB-DX1,0
1890,TCGA-GM-A2DB-DX1_xmin50586_ymin43110_MPP-0.2500+340:2:6,TCGA-GM-A2DB-DX1_xmin50586_ymin43110_MPP-0.2500+340,TCGA-GM-A2DB-DX1,0
1891,TCGA-GM-A2DB-DX1_xmin50586_ymin43110_MPP-0.2500+341:2:1,TCGA-GM-A2DB-DX1_xmin50586_ymin43110_MPP-0.2500+341,TCGA-GM-A2DB-DX1,0
1892,TCGA-GM-A2DB-DX1_xmin50586_ymin43110_MPP-0.2500+342:2:1,TCGA-GM-A2DB-DX1_xmin50586_ymin43110_MPP-0.2500+342,TCGA-GM-A2DB-DX1,0
1893,TCGA-GM-A2DB-DX1_xmin50586_ymin43110_MPP-0.2500+343:0:1,TCGA-GM-A2DB-DX1_xmin50586_ymin43110_MPP-0.2500+343,TCGA-GM-A2DB-DX1,0
1894,TCGA-GM-A2DB-DX1_xmin50586_ymin43110_MPP-0.2500+343:0:2,TCGA-GM-A2DB-DX1_xmin50586_ymin43110_MPP-0.2500+343,TCGA-GM-A2DB-DX1,0
1895,TCGA-GM-A2DB-DX1_xmin50586_ymin43110_MPP-0.2500+343:1:1,TCGA-GM-A2DB-DX1_xmin50586_ymin43110_MPP-0.2500+343,TCGA-GM-A2DB-DX1,0
1897,TCGA-GM-A2DB-DX1_xmin50586_ymin43110_MPP-0.2500+343:2:2,TCGA-GM-A2DB-DX1_xmin50586_ymin43110_MPP-0.2500+343,TCGA-GM-A2DB-DX1,0
1898,TCGA-GM-A2DB-DX1_xmin50586_ymin43110_MPP-0.2500+343:2:3,TCGA-GM-A2DB-DX1_xmin50586_ymin43110_MPP-0.2500+343,TCGA-GM-A2DB-DX1,0
1899,TCGA-GM-A2DB-DX1_xmin50586_ymin43110_MPP-0.2500+344:0:1,TCGA-GM-A2DB-DX1_xmin50586_ymin43110_MPP-0.2500+344,TCGA-GM-A2DB-DX1,0
1900,TCGA-GM-A2DB-DX1_xmin50586_ymin43110_MPP-0.2500+344:2:1,TCGA-GM-A2DB-DX1_xmin50586_ymin43110_MPP-0.2500+344,TCGA-GM-A2DB-DX1,0
1901,TCGA-GM-A2DB-DX1_xmin50586_ymin43110_MPP-0.2500+345:1:1,TCGA-GM-A2DB-DX1_xmin50586_ymin43110_MPP-0.2500+345,TCGA-GM-A2DB-DX1,0
1902,TCGA-GM-A2DB-DX1_xmin50586_ymin43110_MPP-0.2500+345:2:1,TCGA-GM-A2DB-DX1_xmin50586_ymin43110_MPP-0.2500+345,TCGA-GM-A2DB-DX1,0
1904,TCGA-GM-A2DB-DX1_xmin50586_ymin43110_MPP-0.2500+345:2:3,TCGA-GM-A2DB-DX1_xmin50586_ymin43110_MPP-0.2500+345,TCGA-GM-A2DB-DX1,0
1906,TCGA-GM-A2DB-DX1_xmin50586_ymin43110_MPP-0.2500+345:2:5,TCGA-GM-A2DB-DX1_xmin50586_ymin43110_MPP-0.2500+345,TCGA-GM-A2DB-DX1,0
1907,TCGA-GM-A2DB-DX1_xmin50586_ymin43110_MPP-0.2500+345:2:6,TCGA-GM-A2DB-DX1_xmin50586_ymin43110_MPP-0.2500+345,TCGA-GM-A2DB-DX1,0
1908,TCGA-GM-A2DB-DX1_xmin50586_ymin43110_MPP-0.2500+346:1:1,TCGA-GM-A2DB-DX1_xmin50586_ymin43110_MPP-0.2500+346,TCGA-GM-A2DB-DX1,0
1909,TCGA-GM-A2DB-DX1_xmin50586_ymin43110_MPP-0.2500+346:2:1,TCGA-GM-A2DB-DX1_xmin50586_ymin43110_MPP-0.2500+346,TCGA-GM-A2DB-DX1,0
1910,TCGA-GM-A2DB-DX1_xmin50586_ymin43110_MPP-0.2500+346:2:2,TCGA-GM-A2DB-DX1_xmin50586_ymin43110_MPP-0.2500+346,TCGA-GM-A2DB-DX1,0
1911,TCGA-GM-A2DB-DX1_xmin50586_ymin43110_MPP-0.2500+346:2:3,TCGA-GM-A2DB-DX1_xmin50586_ymin43110_MPP-0.2500+346,TCGA-GM-A2DB-DX1,0
1913,TCGA-GM-A2DB-DX1_xmin50586_ymin43110_MPP-0.2500+346:2:5,TCGA-GM-A2DB-DX1_xmin50586_ymin43110_MPP-0.2500+346,TCGA-GM-A2DB-DX1,0
1915,TCGA-GM-A2DB-DX1_xmin50586_ymin43110_MPP-0.2500+347:1:1,TCGA-GM-A2DB-DX1_xmin50586_ymin43110_MPP-0.2500+347,TCGA-GM-A2DB-DX1,0
1916,TCGA-GM-A2DB-DX1_xmin50586_ymin43110_MPP-0.2500+347:2:1,TCGA-GM-A2DB-DX1_xmin50586_ymin43110_MPP-0.2500+347,TCGA-GM-A2DB-DX1,0
1918,TCGA-GM-A2DB-DX1_xmin50586_ymin43110_MPP-0.2500+347:2:3,TCGA-GM-A2DB-DX1_xmin50586_ymin43110_MPP-0.2500+347,TCGA-GM-A2DB-DX1,0
1919,TCGA-GM-A2DB-DX1_xmin50586_ymin43110_MPP-0.2500+347:2:4,TCGA-GM-A2DB-DX1_xmin50586_ymin43110_MPP-0.2500+347,TCGA-GM-A2DB-DX1,0
1920,TCGA-GM-A2DB-DX1_xmin50586_ymin43110_MPP-0.2500+348:1:1,TCGA-GM-A2DB-DX1_xmin50586_ymin43110_MPP-0.2500+348,TCGA-GM-A2DB-DX1,0
1921,TCGA-GM-A2DB-DX1_xmin50586_ymin43110_MPP-0.2500+348:2:1,TCGA-GM-A2DB-DX1_xmin50586_ymin43110_MPP-0.2500+348,TCGA-GM-A2DB-DX1,0
1923,TCGA-GM-A2DB-DX1_xmin50586_ymin43110_MPP-0.2500+348:2:3,TCGA-GM-A2DB-DX1_xmin50586_ymin43110_MPP-0.2500+348,TCGA-GM-A2DB-DX1,0
1927,TCGA-GM-A2DB-DX1_xmin50586_ymin43110_MPP-0.2500+348:2:8,TCGA-GM-A2DB-DX1_xmin50586_ymin43110_MPP-0.2500+348,TCGA-GM-A2DB-DX1,0
1931,TCGA-GM-A2DB-DX1_xmin50586_ymin43110_MPP-0.2500+35:1:1,TCGA-GM-A2DB-DX1_xmin50586_ymin43110_MPP-0.2500+35,TCGA-GM-A2DB-DX1,0
1932,TCGA-GM-A2DB-DX1_xmin50586_ymin43110_MPP-0.2500+350:0:1,TCGA-GM-A2DB-DX1_xmin50586_ymin43110_MPP-0.2500+350,TCGA-GM-A2DB-DX1,0
1933,TCGA-GM-A2DB-DX1_xmin50586_ymin43110_MPP-0.2500+351:0:1,TCGA-GM-A2DB-DX1_xmin50586_ymin43110_MPP-0.2500+351,TCGA-GM-A2DB-DX1,0
1934,TCGA-GM-A2DB-DX1_xmin50586_ymin43110_MPP-0.2500+352:0:1,TCGA-GM-A2DB-DX1_xmin50586_ymin43110_MPP-0.2500+352,TCGA-GM-A2DB-DX1,0
1935,TCGA-GM-A2DB-DX1_xmin50586_ymin43110_MPP-0.2500+353:0:1,TCGA-GM-A2DB-DX1_xmin50586_ymin43110_MPP-0.2500+353,TCGA-GM-A2DB-DX1,0
1936,TCGA-GM-A2DB-DX1_xmin50586_ymin43110_MPP-0.2500+354:0:1,TCGA-GM-A2DB-DX1_xmin50586_ymin43110_MPP-0.2500+354,TCGA-GM-A2DB-DX1,0
1937,TCGA-GM-A2DB-DX1_xmin50586_ymin43110_MPP-0.2500+355:0:1,TCGA-GM-A2DB-DX1_xmin50586_ymin43110_MPP-0.2500+355,TCGA-GM-A2DB-DX1,0
1939,TCGA-GM-A2DB-DX1_xmin50586_ymin43110_MPP-0.2500+355:1:2,TCGA-GM-A2DB-DX1_xmin50586_ymin43110_MPP-0.2500+355,TCGA-GM-A2DB-DX1,0
1941,TCGA-GM-A2DB-DX1_xmin50586_ymin43110_MPP-0.2500+356:1:1,TCGA-GM-A2DB-DX1_xmin50586_ymin43110_MPP-0.2500+356,TCGA-GM-A2DB-DX1,0
1942,TCGA-GM-A2DB-DX1_xmin50586_ymin43110_MPP-0.2500+357:1:1,TCGA-GM-A2DB-DX1_xmin50586_ymin43110_MPP-0.2500+357,TCGA-GM-A2DB-DX1,0
1945,TCGA-GM-A2DB-DX1_xmin50586_ymin43110_MPP-0.2500+357:2:1,TCGA-GM-A2DB-DX1_xmin50586_ymin43110_MPP-0.2500+357,TCGA-GM-A2DB-DX1,0
1946,TCGA-GM-A2DB-DX1_xmin50586_ymin43110_MPP-0.2500+357:2:2,TCGA-GM-A2DB-DX1_xmin50586_ymin43110_MPP-0.2500+357,TCGA-GM-A2DB-DX1,0
1948,TCGA-GM-A2DB-DX1_xmin50586_ymin43110_MPP-0.2500+357:2:4,TCGA-GM-A2DB-DX1_xmin50586_ymin43110_MPP-0.2500+357,TCGA-GM-A2DB-DX1,0
1949,TCGA-GM-A2DB-DX1_xmin50586_ymin43110_MPP-0.2500+358:1:1,TCGA-GM-A2DB-DX1_xmin50586_ymin43110_MPP-0.2500+358,TCGA-GM-A2DB-DX1,0
1950,TCGA-GM-A2DB-DX1_xmin50586_ymin43110_MPP-0.2500+358:1:2,TCGA-GM-A2DB-DX1_xmin50586_ymin43110_MPP-0.2500+358,TCGA-GM-A2DB-DX1,0
1954,TCGA-GM-A2DB-DX1_xmin50586_ymin43110_MPP-0.2500+358:2:3,TCGA-GM-A2DB-DX1_xmin50586_ymin43110_MPP-0.2500+358,TCGA-GM-A2DB-DX1,0
1955,TCGA-GM-A2DB-DX1_xmin50586_ymin43110_MPP-0.2500+359:1:1,TCGA-GM-A2DB-DX1_xmin50586_ymin43110_MPP-0.2500+359,TCGA-GM-A2DB-DX1,0
1956,TCGA-GM-A2DB-DX1_xmin50586_ymin43110_MPP-0.2500+359:1:2,TCGA-GM-A2DB-DX1_xmin50586_ymin43110_MPP-0.2500+359,TCGA-GM-A2DB-DX1,0
1957,TCGA-GM-A2DB-DX1_xmin50586_ymin43110_MPP-0.2500+359:1:3,TCGA-GM-A2DB-DX1_xmin50586_ymin43110_MPP-0.2500+359,TCGA-GM-A2DB-DX1,0
1959,TCGA-GM-A2DB-DX1_xmin50586_ymin43110_MPP-0.2500+359:2:2,TCGA-GM-A2DB-DX1_xmin50586_ymin43110_MPP-0.2500+359,TCGA-GM-A2DB-DX1,0
1962,TCGA-GM-A2DB-DX1_xmin50586_ymin43110_MPP-0.2500+36:1:1,TCGA-GM-A2DB-DX1_xmin50586_ymin43110_MPP-0.2500+36,TCGA-GM-A2DB-DX1,0
1963,TCGA-GM-A2DB-DX1_xmin50586_ymin43110_MPP-0.2500+360:2:1,TCGA-GM-A2DB-DX1_xmin50586_ymin43110_MPP-0.2500+360,TCGA-GM-A2DB-DX1,0
1964,TCGA-GM-A2DB-DX1_xmin50586_ymin43110_MPP-0.2500+361:0:1,TCGA-GM-A2DB-DX1_xmin50586_ymin43110_MPP-0.2500+361,TCGA-GM-A2DB-DX1,0
1965,TCGA-GM-A2DB-DX1_xmin50586_ymin43110_MPP-0.2500+361:2:1,TCGA-GM-A2DB-DX1_xmin50586_ymin43110_MPP-0.2500+361,TCGA-GM-A2DB-DX1,0
1966,TCGA-GM-A2DB-DX1_xmin50586_ymin43110_MPP-0.2500+362:2:1,TCGA-GM-A2DB-DX1_xmin50586_ymin43110_MPP-0.2500+362,TCGA-GM-A2DB-DX1,0
1967,TCGA-GM-A2DB-DX1_xmin50586_ymin43110_MPP-0.2500+363:2:1,TCGA-GM-A2DB-DX1_xmin50586_ymin43110_MPP-0.2500+363,TCGA-GM-A2DB-DX1,0
1968,TCGA-GM-A2DB-DX1_xmin50586_ymin43110_MPP-0.2500+364:2:1,TCGA-GM-A2DB-DX1_xmin50586_ymin43110_MPP-0.2500+364,TCGA-GM-A2DB-DX1,0
1972,TCGA-GM-A2DB-DX1_xmin50586_ymin43110_MPP-0.2500+365:2:1,TCGA-GM-A2DB-DX1_xmin50586_ymin43110_MPP-0.2500+365,TCGA-GM-A2DB-DX1,0
1975,TCGA-GM-A2DB-DX1_xmin50586_ymin43110_MPP-0.2500+365:2:4,TCGA-GM-A2DB-DX1_xmin50586_ymin43110_MPP-0.2500+365,TCGA-GM-A2DB-DX1,0
1978,TCGA-GM-A2DB-DX1_xmin50586_ymin43110_MPP-0.2500+366:2:2,TCGA-GM-A2DB-DX1_xmin50586_ymin43110_MPP-0.2500+366,TCGA-GM-A2DB-DX1,0
1979,TCGA-GM-A2DB-DX1_xmin50586_ymin43110_MPP-0.2500+366:2:3,TCGA-GM-A2DB-DX1_xmin50586_ymin43110_MPP-0.2500+366,TCGA-GM-A2DB-DX1,0
1984,TCGA-GM-A2DB-DX1_xmin50586_ymin43110_MPP-0.2500+367:2:2,TCGA-GM-A2DB-DX1_xmin50586_ymin43110_MPP-0.2500+367,TCGA-GM-A2DB-DX1,0
1986,TCGA-GM-A2DB-DX1_xmin50586_ymin43110_MPP-0.2500+368:1:1,TCGA-GM-A2DB-DX1_xmin50586_ymin43110_MPP-0.2500+368,TCGA-GM-A2DB-DX1,0
1987,TCGA-GM-A2DB-DX1_xmin50586_ymin43110_MPP-0.2500+368:1:2,TCGA-GM-A2DB-DX1_xmin50586_ymin43110_MPP-0.2500+368,TCGA-GM-A2DB-DX1,0
1990,TCGA-GM-A2DB-DX1_xmin50586_ymin43110_MPP-0.2500+368:2:2,TCGA-GM-A2DB-DX1_xmin50586_ymin43110_MPP-0.2500+368,TCGA-GM-A2DB-DX1,0
1991,TCGA-GM-A2DB-DX1_xmin50586_ymin43110_MPP-0.2500+368:2:3,TCGA-GM-A2DB-DX1_xmin50586_ymin43110_MPP-0.2500+368,TCGA-GM-A2DB-DX1,0
1995,TCGA-GM-A2DB-DX1_xmin50586_ymin43110_MPP-0.2500+369:2:2,TCGA-GM-A2DB-DX1_xmin50586_ymin43110_MPP-0.2500+369,TCGA-GM-A2DB-DX1,0
1997,TCGA-GM-A2DB-DX1_xmin50586_ymin43110_MPP-0.2500+37:0:2,TCGA-GM-A2DB-DX1_xmin50586_ymin43110_MPP-0.2500+37,TCGA-GM-A2DB-DX1,0
1998,TCGA-GM-A2DB-DX1_xmin50586_ymin43110_MPP-0.2500+37:1:1,TCGA-GM-A2DB-DX1_xmin50586_ymin43110_MPP-0.2500+37,TCGA-GM-A2DB-DX1,0
2001,TCGA-GM-A2DB-DX1_xmin50586_ymin43110_MPP-0.2500+370:0:1,TCGA-GM-A2DB-DX1_xmin50586_ymin43110_MPP-0.2500+370,TCGA-GM-A2DB-DX1,0
2002,TCGA-GM-A2DB-DX1_xmin50586_ymin43110_MPP-0.2500+371:0:1,TCGA-GM-A2DB-DX1_xmin50586_ymin43110_MPP-0.2500+371,TCGA-GM-A2DB-DX1,0
2003,TCGA-GM-A2DB-DX1_xmin50586_ymin43110_MPP-0.2500+372:0:1,TCGA-GM-A2DB-DX1_xmin50586_ymin43110_MPP-0.2500+372,TCGA-GM-A2DB-DX1,0
2004,TCGA-GM-A2DB-DX1_xmin50586_ymin43110_MPP-0.2500+373:0:1,TCGA-GM-A2DB-DX1_xmin50586_ymin43110_MPP-0.2500+373,TCGA-GM-A2DB-DX1,0
2005,TCGA-GM-A2DB-DX1_xmin50586_ymin43110_MPP-0.2500+373:1:1,TCGA-GM-A2DB-DX1_xmin50586_ymin43110_MPP-0.2500+373,TCGA-GM-A2DB-DX1,0
2007,TCGA-GM-A2DB-DX1_xmin50586_ymin43110_MPP-0.2500+374:0:1,TCGA-GM-A2DB-DX1_xmin50586_ymin43110_MPP-0.2500+374,TCGA-GM-A2DB-DX1,0
2009,TCGA-GM-A2DB-DX1_xmin50586_ymin43110_MPP-0.2500+375:1:1,TCGA-GM-A2DB-DX1_xmin50586_ymin43110_MPP-0.2500+375,TCGA-GM-A2DB-DX1,0
2014,TCGA-GM-A2DB-DX1_xmin50586_ymin43110_MPP-0.2500+376:2:3,TCGA-GM-A2DB-DX1_xmin50586_ymin43110_MPP-0.2500+376,TCGA-GM-A2DB-DX1,0
2015,TCGA-GM-A2DB-DX1_xmin50586_ymin43110_MPP-0.2500+376:2:4,TCGA-GM-A2DB-DX1_xmin50586_ymin43110_MPP-0.2500+376,TCGA-GM-A2DB-DX1,0
2017,TCGA-GM-A2DB-DX1_xmin50586_ymin43110_MPP-0.2500+376:2:6,TCGA-GM-A2DB-DX1_xmin50586_ymin43110_MPP-0.2500+376,TCGA-GM-A2DB-DX1,0
2025,TCGA-GM-A2DB-DX1_xmin50586_ymin43110_MPP-0.2500+378:1:2,TCGA-GM-A2DB-DX1_xmin50586_ymin43110_MPP-0.2500+378,TCGA-GM-A2DB-DX1,0
2026,TCGA-GM-A2DB-DX1_xmin50586_ymin43110_MPP-0.2500+378:2:1,TCGA-GM-A2DB-DX1_xmin50586_ymin43110_MPP-0.2500+378,TCGA-GM-A2DB-DX1,0
2027,TCGA-GM-A2DB-DX1_xmin50586_ymin43110_MPP-0.2500+378:2:2,TCGA-GM-A2DB-DX1_xmin50586_ymin43110_MPP-0.2500+378,TCGA-GM-A2DB-DX1,0
2028,TCGA-GM-A2DB-DX1_xmin50586_ymin43110_MPP-0.2500+378:2:3,TCGA-GM-A2DB-DX1_xmin50586_ymin43110_MPP-0.2500+378,TCGA-GM-A2DB-DX1,0
2029,TCGA-GM-A2DB-DX1_xmin50586_ymin43110_MPP-0.2500+379:1:1,TCGA-GM-A2DB-DX1_xmin50586_ymin43110_MPP-0.2500+379,TCGA-GM-A2DB-DX1,0
2030,TCGA-GM-A2DB-DX1_xmin50586_ymin43110_MPP-0.2500+379:1:2,TCGA-GM-A2DB-DX1_xmin50586_ymin43110_MPP-0.2500+379,TCGA-GM-A2DB-DX1,0
2031,TCGA-GM-A2DB-DX1_xmin50586_ymin43110_MPP-0.2500+379:1:3,TCGA-GM-A2DB-DX1_xmin50586_ymin43110_MPP-0.2500+379,TCGA-GM-A2DB-DX1,0
2032,TCGA-GM-A2DB-DX1_xmin50586_ymin43110_MPP-0.2500+379:1:4,TCGA-GM-A2DB-DX1_xmin50586_ymin43110_MPP-0.2500+379,TCGA-GM-A2DB-DX1,0
2033,TCGA-GM-A2DB-DX1_xmin50586_ymin43110_MPP-0.2500+379:1:5,TCGA-GM-A2DB-DX1_xmin50586_ymin43110_MPP-0.2500+379,TCGA-GM-A2DB-DX1,0
2034,TCGA-GM-A2DB-DX1_xmin50586_ymin43110_MPP-0.2500+379:2:1,TCGA-GM-A2DB-DX1_xmin50586_ymin43110_MPP-0.2500+379,TCGA-GM-A2DB-DX1,0
2035,TCGA-GM-A2DB-DX1_xmin50586_ymin43110_MPP-0.2500+379:2:2,TCGA-GM-A2DB-DX1_xmin50586_ymin43110_MPP-0.2500+379,TCGA-GM-A2DB-DX1,0
2037,TCGA-GM-A2DB-DX1_xmin50586_ymin43110_MPP-0.2500+38:0:1,TCGA-GM-A2DB-DX1_xmin50586_ymin43110_MPP-0.2500+38,TCGA-GM-A2DB-DX1,0
2038,TCGA-GM-A2DB-DX1_xmin50586_ymin43110_MPP-0.2500+380:2:1,TCGA-GM-A2DB-DX1_xmin50586_ymin43110_MPP-0.2500+380,TCGA-GM-A2DB-DX1,0
2039,TCGA-GM-A2DB-DX1_xmin50586_ymin43110_MPP-0.2500+381:0:1,TCGA-GM-A2DB-DX1_xmin50586_ymin43110_MPP-0.2500+381,TCGA-GM-A2DB-DX1,0
2040,TCGA-GM-A2DB-DX1_xmin50586_ymin43110_MPP-0.2500+381:2:1,TCGA-GM-A2DB-DX1_xmin50586_ymin43110_MPP-0.2500+381,TCGA-GM-A2DB-DX1,0
2041,TCGA-GM-A2DB-DX1_xmin50586_ymin43110_MPP-0.2500+382:0:1,TCGA-GM-A2DB-DX1_xmin50586_ymin43110_MPP-0.2500+382,TCGA-GM-A2DB-DX1,0
2042,TCGA-GM-A2DB-DX1_xmin50586_ymin43110_MPP-0.2500+382:2:1,TCGA-GM-A2DB-DX1_xmin50586_ymin43110_MPP-0.2500+382,TCGA-GM-A2DB-DX1,0
2043,TCGA-GM-A2DB-DX1_xmin50586_ymin43110_MPP-0.2500+383:2:1,TCGA-GM-A2DB-DX1_xmin50586_ymin43110_MPP-0.2500+383,TCGA-GM-A2DB-DX1,0
2045,TCGA-GM-A2DB-DX1_xmin50586_ymin43110_MPP-0.2500+384:2:1,TCGA-GM-A2DB-DX1_xmin50586_ymin43110_MPP-0.2500+384,TCGA-GM-A2DB-DX1,0
2052,TCGA-GM-A2DB-DX1_xmin50586_ymin43110_MPP-0.2500+385:2:2,TCGA-GM-A2DB-DX1_xmin50586_ymin43110_MPP-0.2500+385,TCGA-GM-A2DB-DX1,0
2053,TCGA-GM-A2DB-DX1_xmin50586_ymin43110_MPP-0.2500+386:1:1,TCGA-GM-A2DB-DX1_xmin50586_ymin43110_MPP-0.2500+386,TCGA-GM-A2DB-DX1,0
2060,TCGA-GM-A2DB-DX1_xmin50586_ymin43110_MPP-0.2500+387:2:2,TCGA-GM-A2DB-DX1_xmin50586_ymin43110_MPP-0.2500+387,TCGA-GM-A2DB-DX1,0
2064,TCGA-GM-A2DB-DX1_xmin50586_ymin43110_MPP-0.2500+388:2:2,TCGA-GM-A2DB-DX1_xmin50586_ymin43110_MPP-0.2500+388,TCGA-GM-A2DB-DX1,0
2067,TCGA-GM-A2DB-DX1_xmin50586_ymin43110_MPP-0.2500+39:0:1,TCGA-GM-A2DB-DX1_xmin50586_ymin43110_MPP-0.2500+39,TCGA-GM-A2DB-DX1,0
2069,TCGA-GM-A2DB-DX1_xmin50586_ymin43110_MPP-0.2500+39:1:1,TCGA-GM-A2DB-DX1_xmin50586_ymin43110_MPP-0.2500+39,TCGA-GM-A2DB-DX1,0
2071,TCGA-GM-A2DB-DX1_xmin50586_ymin43110_MPP-0.2500+390:0:3,TCGA-GM-A2DB-DX1_xmin50586_ymin43110_MPP-0.2500+390,TCGA-GM-A2DB-DX1,0
2073,TCGA-GM-A2DB-DX1_xmin50586_ymin43110_MPP-0.2500+391:0:1,TCGA-GM-A2DB-DX1_xmin50586_ymin43110_MPP-0.2500+391,TCGA-GM-A2DB-DX1,0
2074,TCGA-GM-A2DB-DX1_xmin50586_ymin43110_MPP-0.2500+391:0:2,TCGA-GM-A2DB-DX1_xmin50586_ymin43110_MPP-0.2500+391,TCGA-GM-A2DB-DX1,0
2075,TCGA-GM-A2DB-DX1_xmin50586_ymin43110_MPP-0.2500+391:0:3,TCGA-GM-A2DB-DX1_xmin50586_ymin43110_MPP-0.2500+391,TCGA-GM-A2DB-DX1,0
2076,TCGA-GM-A2DB-DX1_xmin50586_ymin43110_MPP-0.2500+391:1:1,TCGA-GM-A2DB-DX1_xmin50586_ymin43110_MPP-0.2500+391,TCGA-GM-A2DB-DX1,0
2077,TCGA-GM-A2DB-DX1_xmin50586_ymin43110_MPP-0.2500+391:1:2,TCGA-GM-A2DB-DX1_xmin50586_ymin43110_MPP-0.2500+391,TCGA-GM-A2DB-DX1,0
2078,TCGA-GM-A2DB-DX1_xmin50586_ymin43110_MPP-0.2500+392:0:1,TCGA-GM-A2DB-DX1_xmin50586_ymin43110_MPP-0.2500+392,TCGA-GM-A2DB-DX1,0
2079,TCGA-GM-A2DB-DX1_xmin50586_ymin43110_MPP-0.2500+392:0:2,TCGA-GM-A2DB-DX1_xmin50586_ymin43110_MPP-0.2500+392,TCGA-GM-A2DB-DX1,0
2080,TCGA-GM-A2DB-DX1_xmin50586_ymin43110_MPP-0.2500+392:1:1,TCGA-GM-A2DB-DX1_xmin50586_ymin43110_MPP-0.2500+392,TCGA-GM-A2DB-DX1,0
2081,TCGA-GM-A2DB-DX1_xmin50586_ymin43110_MPP-0.2500+393:1:1,TCGA-GM-A2DB-DX1_xmin50586_ymin43110_MPP-0.2500+393,TCGA-GM-A2DB-DX1,0
2082,TCGA-GM-A2DB-DX1_xmin50586_ymin43110_MPP-0.2500+394:1:1,TCGA-GM-A2DB-DX1_xmin50586_ymin43110_MPP-0.2500+394,TCGA-GM-A2DB-DX1,0
2083,TCGA-GM-A2DB-DX1_xmin50586_ymin43110_MPP-0.2500+395:1:1,TCGA-GM-A2DB-DX1_xmin50586_ymin43110_MPP-0.2500+395,TCGA-GM-A2DB-DX1,0
2085,TCGA-GM-A2DB-DX1_xmin50586_ymin43110_MPP-0.2500+395:2:1,TCGA-GM-A2DB-DX1_xmin50586_ymin43110_MPP-0.2500+395,TCGA-GM-A2DB-DX1,0
2086,TCGA-GM-A2DB-DX1_xmin50586_ymin43110_MPP-0.2500+395:2:2,TCGA-GM-A2DB-DX1_xmin50586_ymin43110_MPP-0.2500+395,TCGA-GM-A2DB-DX1,0
2088,TCGA-GM-A2DB-DX1_xmin50586_ymin43110_MPP-0.2500+395:2:4,TCGA-GM-A2DB-DX1_xmin50586_ymin43110_MPP-0.2500+395,TCGA-GM-A2DB-DX1,0
2091,TCGA-GM-A2DB-DX1_xmin50586_ymin43110_MPP-0.2500+396:2:1,TCGA-GM-A2DB-DX1_xmin50586_ymin43110_MPP-0.2500+396,TCGA-GM-A2DB-DX1,0
2092,TCGA-GM-A2DB-DX1_xmin50586_ymin43110_MPP-0.2500+396:2:2,TCGA-GM-A2DB-DX1_xmin50586_ymin43110_MPP-0.2500+396,TCGA-GM-A2DB-DX1,0
2093,TCGA-GM-A2DB-DX1_xmin50586_ymin43110_MPP-0.2500+396:2:3,TCGA-GM-A2DB-DX1_xmin50586_ymin43110_MPP-0.2500+396,TCGA-GM-A2DB-DX1,0
2097,TCGA-GM-A2DB-DX1_xmin50586_ymin43110_MPP-0.2500+397:1:3,TCGA-GM-A2DB-DX1_xmin50586_ymin43110_MPP-0.2500+397,TCGA-GM-A2DB-DX1,0
2102,TCGA-GM-A2DB-DX1_xmin50586_ymin43110_MPP-0.2500+398:0:1,TCGA-GM-A2DB-DX1_xmin50586_ymin43110_MPP-0.2500+398,TCGA-GM-A2DB-DX1,0
2103,TCGA-GM-A2DB-DX1_xmin50586_ymin43110_MPP-0.2500+398:1:1,TCGA-GM-A2DB-DX1_xmin50586_ymin43110_MPP-0.2500+398,TCGA-GM-A2DB-DX1,0
2104,TCGA-GM-A2DB-DX1_xmin50586_ymin43110_MPP-0.2500+398:1:2,TCGA-GM-A2DB-DX1_xmin50586_ymin43110_MPP-0.2500+398,TCGA-GM-A2DB-DX1,0
2107,TCGA-GM-A2DB-DX1_xmin50586_ymin43110_MPP-0.2500+398:2:1,TCGA-GM-A2DB-DX1_xmin50586_ymin43110_MPP-0.2500+398,TCGA-GM-A2DB-DX1,0
2108,TCGA-GM-A2DB-DX1_xmin50586_ymin43110_MPP-0.2500+399:2:1,TCGA-GM-A2DB-DX1_xmin50586_ymin43110_MPP-0.2500+399,TCGA-GM-A2DB-DX1,0
2111,TCGA-GM-A2DB-DX1_xmin50586_ymin43110_MPP-0.2500+4:3:1,TCGA-GM-A2DB-DX1_xmin50586_ymin43110_MPP-0.2500+4,TCGA-GM-A2DB-DX1,0
2112,TCGA-GM-A2DB-DX1_xmin50586_ymin43110_MPP-0.2500+40:0:1,TCGA-GM-A2DB-DX1_xmin50586_ymin43110_MPP-0.2500+40,TCGA-GM-A2DB-DX1,0
2113,TCGA-GM-A2DB-DX1_xmin50586_ymin43110_MPP-0.2500+40:0:2,TCGA-GM-A2DB-DX1_xmin50586_ymin43110_MPP-0.2500+40,TCGA-GM-A2DB-DX1,0
2114,TCGA-GM-A2DB-DX1_xmin50586_ymin43110_MPP-0.2500+40:0:3,TCGA-GM-A2DB-DX1_xmin50586_ymin43110_MPP-0.2500+40,TCGA-GM-A2DB-DX1,0
2115,TCGA-GM-A2DB-DX1_xmin50586_ymin43110_MPP-0.2500+40:0:4,TCGA-GM-A2DB-DX1_xmin50586_ymin43110_MPP-0.2500+40,TCGA-GM-A2DB-DX1,0
2116,TCGA-GM-A2DB-DX1_xmin50586_ymin43110_MPP-0.2500+40:0:7,TCGA-GM-A2DB-DX1_xmin50586_ymin43110_MPP-0.2500+40,TCGA-GM-A2DB-DX1,0
2117,TCGA-GM-A2DB-DX1_xmin50586_ymin43110_MPP-0.2500+40:1:1,TCGA-GM-A2DB-DX1_xmin50586_ymin43110_MPP-0.2500+40,TCGA-GM-A2DB-DX1,0
2118,TCGA-GM-A2DB-DX1_xmin50586_ymin43110_MPP-0.2500+400:2:1,TCGA-GM-A2DB-DX1_xmin50586_ymin43110_MPP-0.2500+400,TCGA-GM-A2DB-DX1,0
2119,TCGA-GM-A2DB-DX1_xmin50586_ymin43110_MPP-0.2500+401:1:1,TCGA-GM-A2DB-DX1_xmin50586_ymin43110_MPP-0.2500+401,TCGA-GM-A2DB-DX1,0
2121,TCGA-GM-A2DB-DX1_xmin50586_ymin43110_MPP-0.2500+401:1:3,TCGA-GM-A2DB-DX1_xmin50586_ymin43110_MPP-0.2500+401,TCGA-GM-A2DB-DX1,0
2122,TCGA-GM-A2DB-DX1_xmin50586_ymin43110_MPP-0.2500+401:1:4,TCGA-GM-A2DB-DX1_xmin50586_ymin43110_MPP-0.2500+401,TCGA-GM-A2DB-DX1,0
2125,TCGA-GM-A2DB-DX1_xmin50586_ymin43110_MPP-0.2500+401:2:1,TCGA-GM-A2DB-DX1_xmin50586_ymin43110_MPP-0.2500+401,TCGA-GM-A2DB-DX1,0
2126,TCGA-GM-A2DB-DX1_xmin50586_ymin43110_MPP-0.2500+402:2:1,TCGA-GM-A2DB-DX1_xmin50586_ymin43110_MPP-0.2500+402,TCGA-GM-A2DB-DX1,0
2131,TCGA-GM-A2DB-DX1_xmin50586_ymin43110_MPP-0.2500+405:1:2,TCGA-GM-A2DB-DX1_xmin50586_ymin43110_MPP-0.2500+405,TCGA-GM-A2DB-DX1,0
2132,TCGA-GM-A2DB-DX1_xmin50586_ymin43110_MPP-0.2500+405:1:3,TCGA-GM-A2DB-DX1_xmin50586_ymin43110_MPP-0.2500+405,TCGA-GM-A2DB-DX1,0
2139,TCGA-GM-A2DB-DX1_xmin50586_ymin43110_MPP-0.2500+409:1:1,TCGA-GM-A2DB-DX1_xmin50586_ymin43110_MPP-0.2500+409,TCGA-GM-A2DB-DX1,0
2140,TCGA-GM-A2DB-DX1_xmin50586_ymin43110_MPP-0.2500+41:0:1,TCGA-GM-A2DB-DX1_xmin50586_ymin43110_MPP-0.2500+41,TCGA-GM-A2DB-DX1,0
2141,TCGA-GM-A2DB-DX1_xmin50586_ymin43110_MPP-0.2500+410:1:1,TCGA-GM-A2DB-DX1_xmin50586_ymin43110_MPP-0.2500+410,TCGA-GM-A2DB-DX1,0
2142,TCGA-GM-A2DB-DX1_xmin50586_ymin43110_MPP-0.2500+411:1:1,TCGA-GM-A2DB-DX1_xmin50586_ymin43110_MPP-0.2500+411,TCGA-GM-A2DB-DX1,0
2143,TCGA-GM-A2DB-DX1_xmin50586_ymin43110_MPP-0.2500+412:1:1,TCGA-GM-A2DB-DX1_xmin50586_ymin43110_MPP-0.2500+412,TCGA-GM-A2DB-DX1,0
2144,TCGA-GM-A2DB-DX1_xmin50586_ymin43110_MPP-0.2500+413:1:1,TCGA-GM-A2DB-DX1_xmin50586_ymin43110_MPP-0.2500+413,TCGA-GM-A2DB-DX1,0
2146,TCGA-GM-A2DB-DX1_xmin50586_ymin43110_MPP-0.2500+413:2:2,TCGA-GM-A2DB-DX1_xmin50586_ymin43110_MPP-0.2500+413,TCGA-GM-A2DB-DX1,0
2147,TCGA-GM-A2DB-DX1_xmin50586_ymin43110_MPP-0.2500+413:2:3,TCGA-GM-A2DB-DX1_xmin50586_ymin43110_MPP-0.2500+413,TCGA-GM-A2DB-DX1,0
2148,TCGA-GM-A2DB-DX1_xmin50586_ymin43110_MPP-0.2500+413:2:4,TCGA-GM-A2DB-DX1_xmin50586_ymin43110_MPP-0.2500+413,TCGA-GM-A2DB-DX1,0
2150,TCGA-GM-A2DB-DX1_xmin50586_ymin43110_MPP-0.2500+414:1:1,TCGA-GM-A2DB-DX1_xmin50586_ymin43110_MPP-0.2500+414,TCGA-GM-A2DB-DX1,0
2153,TCGA-GM-A2DB-DX1_xmin50586_ymin43110_MPP-0.2500+414:1:4,TCGA-GM-A2DB-DX1_xmin50586_ymin43110_MPP-0.2500+414,TCGA-GM-A2DB-DX1,0
2155,TCGA-GM-A2DB-DX1_xmin50586_ymin43110_MPP-0.2500+415:1:1,TCGA-GM-A2DB-DX1_xmin50586_ymin43110_MPP-0.2500+415,TCGA-GM-A2DB-DX1,0
2156,TCGA-GM-A2DB-DX1_xmin50586_ymin43110_MPP-0.2500+415:1:2,TCGA-GM-A2DB-DX1_xmin50586_ymin43110_MPP-0.2500+415,TCGA-GM-A2DB-DX1,0
2161,TCGA-GM-A2DB-DX1_xmin50586_ymin43110_MPP-0.2500+417:2:2,TCGA-GM-A2DB-DX1_xmin50586_ymin43110_MPP-0.2500+417,TCGA-GM-A2DB-DX1,0
2162,TCGA-GM-A2DB-DX1_xmin50586_ymin43110_MPP-0.2500+417:2:4,TCGA-GM-A2DB-DX1_xmin50586_ymin43110_MPP-0.2500+417,TCGA-GM-A2DB-DX1,0
2165,TCGA-GM-A2DB-DX1_xmin50586_ymin43110_MPP-0.2500+418:1:2,TCGA-GM-A2DB-DX1_xmin50586_ymin43110_MPP-0.2500+418,TCGA-GM-A2DB-DX1,0
2166,TCGA-GM-A2DB-DX1_xmin50586_ymin43110_MPP-0.2500+418:2:1,TCGA-GM-A2DB-DX1_xmin50586_ymin43110_MPP-0.2500+418,TCGA-GM-A2DB-DX1,0
2169,TCGA-GM-A2DB-DX1_xmin50586_ymin43110_MPP-0.2500+419:1:1,TCGA-GM-A2DB-DX1_xmin50586_ymin43110_MPP-0.2500+419,TCGA-GM-A2DB-DX1,0
2170,TCGA-GM-A2DB-DX1_xmin50586_ymin43110_MPP-0.2500+419:1:2,TCGA-GM-A2DB-DX1_xmin50586_ymin43110_MPP-0.2500+419,TCGA-GM-A2DB-DX1,0
2171,TCGA-GM-A2DB-DX1_xmin50586_ymin43110_MPP-0.2500+419:2:1,TCGA-GM-A2DB-DX1_xmin50586_ymin43110_MPP-0.2500+419,TCGA-GM-A2DB-DX1,0
2173,TCGA-GM-A2DB-DX1_xmin50586_ymin43110_MPP-0.2500+419:2:3,TCGA-GM-A2DB-DX1_xmin50586_ymin43110_MPP-0.2500+419,TCGA-GM-A2DB-DX1,0
2174,TCGA-GM-A2DB-DX1_xmin50586_ymin43110_MPP-0.2500+42:0:1,TCGA-GM-A2DB-DX1_xmin50586_ymin43110_MPP-0.2500+42,TCGA-GM-A2DB-DX1,0
2175,TCGA-GM-A2DB-DX1_xmin50586_ymin43110_MPP-0.2500+420:2:1,TCGA-GM-A2DB-DX1_xmin50586_ymin43110_MPP-0.2500+420,TCGA-GM-A2DB-DX1,0
2176,TCGA-GM-A2DB-DX1_xmin50586_ymin43110_MPP-0.2500+421:2:1,TCGA-GM-A2DB-DX1_xmin50586_ymin43110_MPP-0.2500+421,TCGA-GM-A2DB-DX1,0
2180,TCGA-GM-A2DB-DX1_xmin50586_ymin43110_MPP-0.2500+423:2:2,TCGA-GM-A2DB-DX1_xmin50586_ymin43110_MPP-0.2500+423,TCGA-GM-A2DB-DX1,0
2182,TCGA-GM-A2DB-DX1_xmin50586_ymin43110_MPP-0.2500+423:2:4,TCGA-GM-A2DB-DX1_xmin50586_ymin43110_MPP-0.2500+423,TCGA-GM-A2DB-DX1,0
2185,TCGA-GM-A2DB-DX1_xmin50586_ymin43110_MPP-0.2500+425:1:2,TCGA-GM-A2DB-DX1_xmin50586_ymin43110_MPP-0.2500+425,TCGA-GM-A2DB-DX1,0
2189,TCGA-GM-A2DB-DX1_xmin50586_ymin43110_MPP-0.2500+426:1:1,TCGA-GM-A2DB-DX1_xmin50586_ymin43110_MPP-0.2500+426,TCGA-GM-A2DB-DX1,0
2191,TCGA-GM-A2DB-DX1_xmin50586_ymin43110_MPP-0.2500+428:1:1,TCGA-GM-A2DB-DX1_xmin50586_ymin43110_MPP-0.2500+428,TCGA-GM-A2DB-DX1,0
2193,TCGA-GM-A2DB-DX1_xmin50586_ymin43110_MPP-0.2500+43:0:1,TCGA-GM-A2DB-DX1_xmin50586_ymin43110_MPP-0.2500+43,TCGA-GM-A2DB-DX1,0
2194,TCGA-GM-A2DB-DX1_xmin50586_ymin43110_MPP-0.2500+430:1:1,TCGA-GM-A2DB-DX1_xmin50586_ymin43110_MPP-0.2500+430,TCGA-GM-A2DB-DX1,0
2199,TCGA-GM-A2DB-DX1_xmin50586_ymin43110_MPP-0.2500+430:2:5,TCGA-GM-A2DB-DX1_xmin50586_ymin43110_MPP-0.2500+430,TCGA-GM-A2DB-DX1,0
2203,TCGA-GM-A2DB-DX1_xmin50586_ymin43110_MPP-0.2500+431:1:2,TCGA-GM-A2DB-DX1_xmin50586_ymin43110_MPP-0.2500+431,TCGA-GM-A2DB-DX1,0
2204,TCGA-GM-A2DB-DX1_xmin50586_ymin43110_MPP-0.2500+431:1:3,TCGA-GM-A2DB-DX1_xmin50586_ymin43110_MPP-0.2500+431,TCGA-GM-A2DB-DX1,0
2206,TCGA-GM-A2DB-DX1_xmin50586_ymin43110_MPP-0.2500+431:2:1,TCGA-GM-A2DB-DX1_xmin50586_ymin43110_MPP-0.2500+431,TCGA-GM-A2DB-DX1,0
2208,TCGA-GM-A2DB-DX1_xmin50586_ymin43110_MPP-0.2500+431:2:3,TCGA-GM-A2DB-DX1_xmin50586_ymin43110_MPP-0.2500+431,TCGA-GM-A2DB-DX1,0
2216,TCGA-GM-A2DB-DX1_xmin50586_ymin43110_MPP-0.2500+433:1:3,TCGA-GM-A2DB-DX1_xmin50586_ymin43110_MPP-0.2500+433,TCGA-GM-A2DB-DX1,0
2218,TCGA-GM-A2DB-DX1_xmin50586_ymin43110_MPP-0.2500+433:1:5,TCGA-GM-A2DB-DX1_xmin50586_ymin43110_MPP-0.2500+433,TCGA-GM-A2DB-DX1,0
2222,TCGA-GM-A2DB-DX1_xmin50586_ymin43110_MPP-0.2500+433:2:4,TCGA-GM-A2DB-DX1_xmin50586_ymin43110_MPP-0.2500+433,TCGA-GM-A2DB-DX1,0
2226,TCGA-GM-A2DB-DX1_xmin50586_ymin43110_MPP-0.2500+434:2:3,TCGA-GM-A2DB-DX1_xmin50586_ymin43110_MPP-0.2500+434,TCGA-GM-A2DB-DX1,0
2229,TCGA-GM-A2DB-DX1_xmin50586_ymin43110_MPP-0.2500+434:2:6,TCGA-GM-A2DB-DX1_xmin50586_ymin43110_MPP-0.2500+434,TCGA-GM-A2DB-DX1,0
2231,TCGA-GM-A2DB-DX1_xmin50586_ymin43110_MPP-0.2500+435:1:2,TCGA-GM-A2DB-DX1_xmin50586_ymin43110_MPP-0.2500+435,TCGA-GM-A2DB-DX1,0
2235,TCGA-GM-A2DB-DX1_xmin50586_ymin43110_MPP-0.2500+435:2:4,TCGA-GM-A2DB-DX1_xmin50586_ymin43110_MPP-0.2500+435,TCGA-GM-A2DB-DX1,0
2239,TCGA-GM-A2DB-DX1_xmin50586_ymin43110_MPP-0.2500+437:2:2,TCGA-GM-A2DB-DX1_xmin50586_ymin43110_MPP-0.2500+437,TCGA-GM-A2DB-DX1,0
2240,TCGA-GM-A2DB-DX1_xmin50586_ymin43110_MPP-0.2500+437:2:3,TCGA-GM-A2DB-DX1_xmin50586_ymin43110_MPP-0.2500+437,TCGA-GM-A2DB-DX1,0
2248,TCGA-GM-A2DB-DX1_xmin50586_ymin43110_MPP-0.2500+438:2:2,TCGA-GM-A2DB-DX1_xmin50586_ymin43110_MPP-0.2500+438,TCGA-GM-A2DB-DX1,0
2252,TCGA-GM-A2DB-DX1_xmin50586_ymin43110_MPP-0.2500+439:2:2,TCGA-GM-A2DB-DX1_xmin50586_ymin43110_MPP-0.2500+439,TCGA-GM-A2DB-DX1,0
2255,TCGA-GM-A2DB-DX1_xmin50586_ymin43110_MPP-0.2500+440:1:1,TCGA-GM-A2DB-DX1_xmin50586_ymin43110_MPP-0.2500+440,TCGA-GM-A2DB-DX1,0
2256,TCGA-GM-A2DB-DX1_xmin50586_ymin43110_MPP-0.2500+440:1:2,TCGA-GM-A2DB-DX1_xmin50586_ymin43110_MPP-0.2500+440,TCGA-GM-A2DB-DX1,0
2258,TCGA-GM-A2DB-DX1_xmin50586_ymin43110_MPP-0.2500+440:2:2,TCGA-GM-A2DB-DX1_xmin50586_ymin43110_MPP-0.2500+440,TCGA-GM-A2DB-DX1,0
2259,TCGA-GM-A2DB-DX1_xmin50586_ymin43110_MPP-0.2500+441:1:1,TCGA-GM-A2DB-DX1_xmin50586_ymin43110_MPP-0.2500+441,TCGA-GM-A2DB-DX1,0
2262,TCGA-GM-A2DB-DX1_xmin50586_ymin43110_MPP-0.2500+441:1:4,TCGA-GM-A2DB-DX1_xmin50586_ymin43110_MPP-0.2500+441,TCGA-GM-A2DB-DX1,0
2264,TCGA-GM-A2DB-DX1_xmin50586_ymin43110_MPP-0.2500+441:2:2,TCGA-GM-A2DB-DX1_xmin50586_ymin43110_MPP-0.2500+441,TCGA-GM-A2DB-DX1,0
2265,TCGA-GM-A2DB-DX1_xmin50586_ymin43110_MPP-0.2500+442:1:1,TCGA-GM-A2DB-DX1_xmin50586_ymin43110_MPP-0.2500+442,TCGA-GM-A2DB-DX1,0
2269,TCGA-GM-A2DB-DX1_xmin50586_ymin43110_MPP-0.2500+443:1:1,TCGA-GM-A2DB-DX1_xmin50586_ymin43110_MPP-0.2500+443,TCGA-GM-A2DB-DX1,0
2274,TCGA-GM-A2DB-DX1_xmin50586_ymin43110_MPP-0.2500+444:1:1,TCGA-GM-A2DB-DX1_xmin50586_ymin43110_MPP-0.2500+444,TCGA-GM-A2DB-DX1,0
2275,TCGA-GM-A2DB-DX1_xmin50586_ymin43110_MPP-0.2500+444:1:2,TCGA-GM-A2DB-DX1_xmin50586_ymin43110_MPP-0.2500+444,TCGA-GM-A2DB-DX1,0
2277,TCGA-GM-A2DB-DX1_xmin50586_ymin43110_MPP-0.2500+444:2:2,TCGA-GM-A2DB-DX1_xmin50586_ymin43110_MPP-0.2500+444,TCGA-GM-A2DB-DX1,0
2280,TCGA-GM-A2DB-DX1_xmin50586_ymin43110_MPP-0.2500+445:2:1,TCGA-GM-A2DB-DX1_xmin50586_ymin43110_MPP-0.2500+445,TCGA-GM-A2DB-DX1,0
2281,TCGA-GM-A2DB-DX1_xmin50586_ymin43110_MPP-0.2500+446:1:1,TCGA-GM-A2DB-DX1_xmin50586_ymin43110_MPP-0.2500+446,TCGA-GM-A2DB-DX1,0
2282,TCGA-GM-A2DB-DX1_xmin50586_ymin43110_MPP-0.2500+447:1:1,TCGA-GM-A2DB-DX1_xmin50586_ymin43110_MPP-0.2500+447,TCGA-GM-A2DB-DX1,0
2284,TCGA-GM-A2DB-DX1_xmin50586_ymin43110_MPP-0.2500+449:1:1,TCGA-GM-A2DB-DX1_xmin50586_ymin43110_MPP-0.2500+449,TCGA-GM-A2DB-DX1,0
2285,TCGA-GM-A2DB-DX1_xmin50586_ymin43110_MPP-0.2500+45:0:1,TCGA-GM-A2DB-DX1_xmin50586_ymin43110_MPP-0.2500+45,TCGA-GM-A2DB-DX1,0
2287,TCGA-GM-A2DB-DX1_xmin50586_ymin43110_MPP-0.2500+450:2:1,TCGA-GM-A2DB-DX1_xmin50586_ymin43110_MPP-0.2500+450,TCGA-GM-A2DB-DX1,0
2288,TCGA-GM-A2DB-DX1_xmin50586_ymin43110_MPP-0.2500+450:2:2,TCGA-GM-A2DB-DX1_xmin50586_ymin43110_MPP-0.2500+450,TCGA-GM-A2DB-DX1,0
2290,TCGA-GM-A2DB-DX1_xmin50586_ymin43110_MPP-0.2500+450:2:4,TCGA-GM-A2DB-DX1_xmin50586_ymin43110_MPP-0.2500+450,TCGA-GM-A2DB-DX1,0
2291,TCGA-GM-A2DB-DX1_xmin50586_ymin43110_MPP-0.2500+451:1:1,TCGA-GM-A2DB-DX1_xmin50586_ymin43110_MPP-0.2500+451,TCGA-GM-A2DB-DX1,0
2298,TCGA-GM-A2DB-DX1_xmin50586_ymin43110_MPP-0.2500+452:2:1,TCGA-GM-A2DB-DX1_xmin50586_ymin43110_MPP-0.2500+452,TCGA-GM-A2DB-DX1,0
2306,TCGA-GM-A2DB-DX1_xmin50586_ymin43110_MPP-0.2500+453:2:5,TCGA-GM-A2DB-DX1_xmin50586_ymin43110_MPP-0.2500+453,TCGA-GM-A2DB-DX1,0
2312,TCGA-GM-A2DB-DX1_xmin50586_ymin43110_MPP-0.2500+457:2:1,TCGA-GM-A2DB-DX1_xmin50586_ymin43110_MPP-0.2500+457,TCGA-GM-A2DB-DX1,0
2313,TCGA-GM-A2DB-DX1_xmin50586_ymin43110_MPP-0.2500+457:2:2,TCGA-GM-A2DB-DX1_xmin50586_ymin43110_MPP-0.2500+457,TCGA-GM-A2DB-DX1,0
2314,TCGA-GM-A2DB-DX1_xmin50586_ymin43110_MPP-0.2500+457:2:3,TCGA-GM-A2DB-DX1_xmin50586_ymin43110_MPP-0.2500+457,TCGA-GM-A2DB-DX1,0
2317,TCGA-GM-A2DB-DX1_xmin50586_ymin43110_MPP-0.2500+458:1:3,TCGA-GM-A2DB-DX1_xmin50586_ymin43110_MPP-0.2500+458,TCGA-GM-A2DB-DX1,0
2320,TCGA-GM-A2DB-DX1_xmin50586_ymin43110_MPP-0.2500+458:2:2,TCGA-GM-A2DB-DX1_xmin50586_ymin43110_MPP-0.2500+458,TCGA-GM-A2DB-DX1,0
2322,TCGA-GM-A2DB-DX1_xmin50586_ymin43110_MPP-0.2500+458:2:5,TCGA-GM-A2DB-DX1_xmin50586_ymin43110_MPP-0.2500+458,TCGA-GM-A2DB-DX1,0
2327,TCGA-GM-A2DB-DX1_xmin50586_ymin43110_MPP-0.2500+46:1:1,TCGA-GM-A2DB-DX1_xmin50586_ymin43110_MPP-0.2500+46,TCGA-GM-A2DB-DX1,0
2331,TCGA-GM-A2DB-DX1_xmin50586_ymin43110_MPP-0.2500+460:1:5,TCGA-GM-A2DB-DX1_xmin50586_ymin43110_MPP-0.2500+460,TCGA-GM-A2DB-DX1,0
2336,TCGA-GM-A2DB-DX1_xmin50586_ymin43110_MPP-0.2500+462:2:1,TCGA-GM-A2DB-DX1_xmin50586_ymin43110_MPP-0.2500+462,TCGA-GM-A2DB-DX1,0
2337,TCGA-GM-A2DB-DX1_xmin50586_ymin43110_MPP-0.2500+462:2:2,TCGA-GM-A2DB-DX1_xmin50586_ymin43110_MPP-0.2500+462,TCGA-GM-A2DB-DX1,0
2338,TCGA-GM-A2DB-DX1_xmin50586_ymin43110_MPP-0.2500+463:1:1,TCGA-GM-A2DB-DX1_xmin50586_ymin43110_MPP-0.2500+463,TCGA-GM-A2DB-DX1,0
2341,TCGA-GM-A2DB-DX1_xmin50586_ymin43110_MPP-0.2500+463:2:2,TCGA-GM-A2DB-DX1_xmin50586_ymin43110_MPP-0.2500+463,TCGA-GM-A2DB-DX1,0
2343,TCGA-GM-A2DB-DX1_xmin50586_ymin43110_MPP-0.2500+464:2:1,TCGA-GM-A2DB-DX1_xmin50586_ymin43110_MPP-0.2500+464,TCGA-GM-A2DB-DX1,0
2344,TCGA-GM-A2DB-DX1_xmin50586_ymin43110_MPP-0.2500+464:2:2,TCGA-GM-A2DB-DX1_xmin50586_ymin43110_MPP-0.2500+464,TCGA-GM-A2DB-DX1,0
2346,TCGA-GM-A2DB-DX1_xmin50586_ymin43110_MPP-0.2500+465:2:1,TCGA-GM-A2DB-DX1_xmin50586_ymin43110_MPP-0.2500+465,TCGA-GM-A2DB-DX1,0
2347,TCGA-GM-A2DB-DX1_xmin50586_ymin43110_MPP-0.2500+465:2:2,TCGA-GM-A2DB-DX1_xmin50586_ymin43110_MPP-0.2500+465,TCGA-GM-A2DB-DX1,0
2349,TCGA-GM-A2DB-DX1_xmin50586_ymin43110_MPP-0.2500+467:1:1,TCGA-GM-A2DB-DX1_xmin50586_ymin43110_MPP-0.2500+467,TCGA-GM-A2DB-DX1,0
2350,TCGA-GM-A2DB-DX1_xmin50586_ymin43110_MPP-0.2500+468:1:1,TCGA-GM-A2DB-DX1_xmin50586_ymin43110_MPP-0.2500+468,TCGA-GM-A2DB-DX1,0
2351,TCGA-GM-A2DB-DX1_xmin50586_ymin43110_MPP-0.2500+469:1:1,TCGA-GM-A2DB-DX1_xmin50586_ymin43110_MPP-0.2500+469,TCGA-GM-A2DB-DX1,0
2352,TCGA-GM-A2DB-DX1_xmin50586_ymin43110_MPP-0.2500+47:0:2,TCGA-GM-A2DB-DX1_xmin50586_ymin43110_MPP-0.2500+47,TCGA-GM-A2DB-DX1,0
2353,TCGA-GM-A2DB-DX1_xmin50586_ymin43110_MPP-0.2500+47:1:1,TCGA-GM-A2DB-DX1_xmin50586_ymin43110_MPP-0.2500+47,TCGA-GM-A2DB-DX1,0
2359,TCGA-GM-A2DB-DX1_xmin50586_ymin43110_MPP-0.2500+470:2:5,TCGA-GM-A2DB-DX1_xmin50586_ymin43110_MPP-0.2500+470,TCGA-GM-A2DB-DX1,0
2362,TCGA-GM-A2DB-DX1_xmin50586_ymin43110_MPP-0.2500+471:2:1,TCGA-GM-A2DB-DX1_xmin50586_ymin43110_MPP-0.2500+471,TCGA-GM-A2DB-DX1,0
2364,TCGA-GM-A2DB-DX1_xmin50586_ymin43110_MPP-0.2500+471:2:3,TCGA-GM-A2DB-DX1_xmin50586_ymin43110_MPP-0.2500+471,TCGA-GM-A2DB-DX1,0
2370,TCGA-GM-A2DB-DX1_xmin50586_ymin43110_MPP-0.2500+473:0:1,TCGA-GM-A2DB-DX1_xmin50586_ymin43110_MPP-0.2500+473,TCGA-GM-A2DB-DX1,0
2371,TCGA-GM-A2DB-DX1_xmin50586_ymin43110_MPP-0.2500+473:1:1,TCGA-GM-A2DB-DX1_xmin50586_ymin43110_MPP-0.2500+473,TCGA-GM-A2DB-DX1,0
2375,TCGA-GM-A2DB-DX1_xmin50586_ymin43110_MPP-0.2500+475:2:1,TCGA-GM-A2DB-DX1_xmin50586_ymin43110_MPP-0.2500+475,TCGA-GM-A2DB-DX1,0
2382,TCGA-GM-A2DB-DX1_xmin50586_ymin43110_MPP-0.2500+477:1:2,TCGA-GM-A2DB-DX1_xmin50586_ymin43110_MPP-0.2500+477,TCGA-GM-A2DB-DX1,0
2389,TCGA-GM-A2DB-DX1_xmin50586_ymin43110_MPP-0.2500+478:1:4,TCGA-GM-A2DB-DX1_xmin50586_ymin43110_MPP-0.2500+478,TCGA-GM-A2DB-DX1,0
2391,TCGA-GM-A2DB-DX1_xmin50586_ymin43110_MPP-0.2500+478:2:1,TCGA-GM-A2DB-DX1_xmin50586_ymin43110_MPP-0.2500+478,TCGA-GM-A2DB-DX1,0
2395,TCGA-GM-A2DB-DX1_xmin50586_ymin43110_MPP-0.2500+479:2:1,TCGA-GM-A2DB-DX1_xmin50586_ymin43110_MPP-0.2500+479,TCGA-GM-A2DB-DX1,0
2397,TCGA-GM-A2DB-DX1_xmin50586_ymin43110_MPP-0.2500+48:1:1,TCGA-GM-A2DB-DX1_xmin50586_ymin43110_MPP-0.2500+48,TCGA-GM-A2DB-DX1,0
2400,TCGA-GM-A2DB-DX1_xmin50586_ymin43110_MPP-0.2500+480:2:2,TCGA-GM-A2DB-DX1_xmin50586_ymin43110_MPP-0.2500+480,TCGA-GM-A2DB-DX1,0
2401,TCGA-GM-A2DB-DX1_xmin50586_ymin43110_MPP-0.2500+481:1:1,TCGA-GM-A2DB-DX1_xmin50586_ymin43110_MPP-0.2500+481,TCGA-GM-A2DB-DX1,0
2402,TCGA-GM-A2DB-DX1_xmin50586_ymin43110_MPP-0.2500+482:1:1,TCGA-GM-A2DB-DX1_xmin50586_ymin43110_MPP-0.2500+482,TCGA-GM-A2DB-DX1,0
2403,TCGA-GM-A2DB-DX1_xmin50586_ymin43110_MPP-0.2500+482:2:1,TCGA-GM-A2DB-DX1_xmin50586_ymin43110_MPP-0.2500+482,TCGA-GM-A2DB-DX1,0
2404,TCGA-GM-A2DB-DX1_xmin50586_ymin43110_MPP-0.2500+482:2:2,TCGA-GM-A2DB-DX1_xmin50586_ymin43110_MPP-0.2500+482,TCGA-GM-A2DB-DX1,0
2407,TCGA-GM-A2DB-DX1_xmin50586_ymin43110_MPP-0.2500+482:2:6,TCGA-GM-A2DB-DX1_xmin50586_ymin43110_MPP-0.2500+482,TCGA-GM-A2DB-DX1,0
2410,TCGA-GM-A2DB-DX1_xmin50586_ymin43110_MPP-0.2500+483:2:1,TCGA-GM-A2DB-DX1_xmin50586_ymin43110_MPP-0.2500+483,TCGA-GM-A2DB-DX1,0
2412,TCGA-GM-A2DB-DX1_xmin50586_ymin43110_MPP-0.2500+483:2:3,TCGA-GM-A2DB-DX1_xmin50586_ymin43110_MPP-0.2500+483,TCGA-GM-A2DB-DX1,0
2415,TCGA-GM-A2DB-DX1_xmin50586_ymin43110_MPP-0.2500+486:1:1,TCGA-GM-A2DB-DX1_xmin50586_ymin43110_MPP-0.2500+486,TCGA-GM-A2DB-DX1,0
2416,TCGA-GM-A2DB-DX1_xmin50586_ymin43110_MPP-0.2500+487:1:1,TCGA-GM-A2DB-DX1_xmin50586_ymin43110_MPP-0.2500+487,TCGA-GM-A2DB-DX1,0
2417,TCGA-GM-A2DB-DX1_xmin50586_ymin43110_MPP-0.2500+488:1:1,TCGA-GM-A2DB-DX1_xmin50586_ymin43110_MPP-0.2500+488,TCGA-GM-A2DB-DX1,0
2418,TCGA-GM-A2DB-DX1_xmin50586_ymin43110_MPP-0.2500+489:1:1,TCGA-GM-A2DB-DX1_xmin50586_ymin43110_MPP-0.2500+489,TCGA-GM-A2DB-DX1,0
2419,TCGA-GM-A2DB-DX1_xmin50586_ymin43110_MPP-0.2500+489:2:1,TCGA-GM-A2DB-DX1_xmin50586_ymin43110_MPP-0.2500+489,TCGA-GM-A2DB-DX1,0
2423,TCGA-GM-A2DB-DX1_xmin50586_ymin43110_MPP-0.2500+489:2:5,TCGA-GM-A2DB-DX1_xmin50586_ymin43110_MPP-0.2500+489,TCGA-GM-A2DB-DX1,0
2424,TCGA-GM-A2DB-DX1_xmin50586_ymin43110_MPP-0.2500+49:1:1,TCGA-GM-A2DB-DX1_xmin50586_ymin43110_MPP-0.2500+49,TCGA-GM-A2DB-DX1,0
2429,TCGA-GM-A2DB-DX1_xmin50586_ymin43110_MPP-0.2500+490:2:4,TCGA-GM-A2DB-DX1_xmin50586_ymin43110_MPP-0.2500+490,TCGA-GM-A2DB-DX1,0
2430,TCGA-GM-A2DB-DX1_xmin50586_ymin43110_MPP-0.2500+490:2:5,TCGA-GM-A2DB-DX1_xmin50586_ymin43110_MPP-0.2500+490,TCGA-GM-A2DB-DX1,0
2431,TCGA-GM-A2DB-DX1_xmin50586_ymin43110_MPP-0.2500+490:2:6,TCGA-GM-A2DB-DX1_xmin50586_ymin43110_MPP-0.2500+490,TCGA-GM-A2DB-DX1,0
2437,TCGA-GM-A2DB-DX1_xmin50586_ymin43110_MPP-0.2500+491:2:1,TCGA-GM-A2DB-DX1_xmin50586_ymin43110_MPP-0.2500+491,TCGA-GM-A2DB-DX1,0
2438,TCGA-GM-A2DB-DX1_xmin50586_ymin43110_MPP-0.2500+491:2:2,TCGA-GM-A2DB-DX1_xmin50586_ymin43110_MPP-0.2500+491,TCGA-GM-A2DB-DX1,0
2440,TCGA-GM-A2DB-DX1_xmin50586_ymin43110_MPP-0.2500+492:2:1,TCGA-GM-A2DB-DX1_xmin50586_ymin43110_MPP-0.2500+492,TCGA-GM-A2DB-DX1,0
2441,TCGA-GM-A2DB-DX1_xmin50586_ymin43110_MPP-0.2500+492:2:2,TCGA-GM-A2DB-DX1_xmin50586_ymin43110_MPP-0.2500+492,TCGA-GM-A2DB-DX1,0
2446,TCGA-GM-A2DB-DX1_xmin50586_ymin43110_MPP-0.2500+493:2:5,TCGA-GM-A2DB-DX1_xmin50586_ymin43110_MPP-0.2500+493,TCGA-GM-A2DB-DX1,0
2450,TCGA-GM-A2DB-DX1_xmin50586_ymin43110_MPP-0.2500+494:2:2,TCGA-GM-A2DB-DX1_xmin50586_ymin43110_MPP-0.2500+494,TCGA-GM-A2DB-DX1,0
2455,TCGA-GM-A2DB-DX1_xmin50586_ymin43110_MPP-0.2500+496:1:3,TCGA-GM-A2DB-DX1_xmin50586_ymin43110_MPP-0.2500+496,TCGA-GM-A2DB-DX1,0
2456,TCGA-GM-A2DB-DX1_xmin50586_ymin43110_MPP-0.2500+496:1:4,TCGA-GM-A2DB-DX1_xmin50586_ymin43110_MPP-0.2500+496,TCGA-GM-A2DB-DX1,0
2461,TCGA-GM-A2DB-DX1_xmin50586_ymin43110_MPP-0.2500+497:1:2,TCGA-GM-A2DB-DX1_xmin50586_ymin43110_MPP-0.2500+497,TCGA-GM-A2DB-DX1,0
2467,TCGA-GM-A2DB-DX1_xmin50586_ymin43110_MPP-0.2500+498:2:1,TCGA-GM-A2DB-DX1_xmin50586_ymin43110_MPP-0.2500+498,TCGA-GM-A2DB-DX1,0
2469,TCGA-GM-A2DB-DX1_xmin50586_ymin43110_MPP-0.2500+498:2:3,TCGA-GM-A2DB-DX1_xmin50586_ymin43110_MPP-0.2500+498,TCGA-GM-A2DB-DX1,0
2470,TCGA-GM-A2DB-DX1_xmin50586_ymin43110_MPP-0.2500+498:2:4,TCGA-GM-A2DB-DX1_xmin50586_ymin43110_MPP-0.2500+498,TCGA-GM-A2DB-DX1,0
2471,TCGA-GM-A2DB-DX1_xmin50586_ymin43110_MPP-0.2500+499:1:1,TCGA-GM-A2DB-DX1_xmin50586_ymin43110_MPP-0.2500+499,TCGA-GM-A2DB-DX1,0
2472,TCGA-GM-A2DB-DX1_xmin50586_ymin43110_MPP-0.2500+5:1:1,TCGA-GM-A2DB-DX1_xmin50586_ymin43110_MPP-0.2500+5,TCGA-GM-A2DB-DX1,0
2474,TCGA-GM-A2DB-DX1_xmin50586_ymin43110_MPP-0.2500+5:1:4,TCGA-GM-A2DB-DX1_xmin50586_ymin43110_MPP-0.2500+5,TCGA-GM-A2DB-DX1,0
2475,TCGA-GM-A2DB-DX1_xmin50586_ymin43110_MPP-0.2500+5:1:5,TCGA-GM-A2DB-DX1_xmin50586_ymin43110_MPP-0.2500+5,TCGA-GM-A2DB-DX1,0
2476,TCGA-GM-A2DB-DX1_xmin50586_ymin43110_MPP-0.2500+5:1:6,TCGA-GM-A2DB-DX1_xmin50586_ymin43110_MPP-0.2500+5,TCGA-GM-A2DB-DX1,0
2477,TCGA-GM-A2DB-DX1_xmin50586_ymin43110_MPP-0.2500+5:3:1,TCGA-GM-A2DB-DX1_xmin50586_ymin43110_MPP-0.2500+5,TCGA-GM-A2DB-DX1,0
2478,TCGA-GM-A2DB-DX1_xmin50586_ymin43110_MPP-0.2500+50:0:1,TCGA-GM-A2DB-DX1_xmin50586_ymin43110_MPP-0.2500+50,TCGA-GM-A2DB-DX1,0
2479,TCGA-GM-A2DB-DX1_xmin50586_ymin43110_MPP-0.2500+50:1:1,TCGA-GM-A2DB-DX1_xmin50586_ymin43110_MPP-0.2500+50,TCGA-GM-A2DB-DX1,0
2481,TCGA-GM-A2DB-DX1_xmin50586_ymin43110_MPP-0.2500+500:1:1,TCGA-GM-A2DB-DX1_xmin50586_ymin43110_MPP-0.2500+500,TCGA-GM-A2DB-DX1,0
2482,TCGA-GM-A2DB-DX1_xmin50586_ymin43110_MPP-0.2500+501:1:1,TCGA-GM-A2DB-DX1_xmin50586_ymin43110_MPP-0.2500+501,TCGA-GM-A2DB-DX1,0
2483,TCGA-GM-A2DB-DX1_xmin50586_ymin43110_MPP-0.2500+502:1:1,TCGA-GM-A2DB-DX1_xmin50586_ymin43110_MPP-0.2500+502,TCGA-GM-A2DB-DX1,0
2484,TCGA-GM-A2DB-DX1_xmin50586_ymin43110_MPP-0.2500+503:1:1,TCGA-GM-A2DB-DX1_xmin50586_ymin43110_MPP-0.2500+503,TCGA-GM-A2DB-DX1,0
2485,TCGA-GM-A2DB-DX1_xmin50586_ymin43110_MPP-0.2500+504:1:1,TCGA-GM-A2DB-DX1_xmin50586_ymin43110_MPP-0.2500+504,TCGA-GM-A2DB-DX1,0
2486,TCGA-GM-A2DB-DX1_xmin50586_ymin43110_MPP-0.2500+505:1:1,TCGA-GM-A2DB-DX1_xmin50586_ymin43110_MPP-0.2500+505,TCGA-GM-A2DB-DX1,0
2487,TCGA-GM-A2DB-DX1_xmin50586_ymin43110_MPP-0.2500+506:1:1,TCGA-GM-A2DB-DX1_xmin50586_ymin43110_MPP-0.2500+506,TCGA-GM-A2DB-DX1,0
2488,TCGA-GM-A2DB-DX1_xmin50586_ymin43110_MPP-0.2500+507:1:1,TCGA-GM-A2DB-DX1_xmin50586_ymin43110_MPP-0.2500+507,TCGA-GM-A2DB-DX1,0
2495,TCGA-GM-A2DB-DX1_xmin50586_ymin43110_MPP-0.2500+508:1:2,TCGA-GM-A2DB-DX1_xmin50586_ymin43110_MPP-0.2500+508,TCGA-GM-A2DB-DX1,0
2496,TCGA-GM-A2DB-DX1_xmin50586_ymin43110_MPP-0.2500+508:2:1,TCGA-GM-A2DB-DX1_xmin50586_ymin43110_MPP-0.2500+508,TCGA-GM-A2DB-DX1,0
2497,TCGA-GM-A2DB-DX1_xmin50586_ymin43110_MPP-0.2500+508:2:2,TCGA-GM-A2DB-DX1_xmin50586_ymin43110_MPP-0.2500+508,TCGA-GM-A2DB-DX1,0
2504,TCGA-GM-A2DB-DX1_xmin50586_ymin43110_MPP-0.2500+509:2:4,TCGA-GM-A2DB-DX1_xmin50586_ymin43110_MPP-0.2500+509,TCGA-GM-A2DB-DX1,0
2506,TCGA-GM-A2DB-DX1_xmin50586_ymin43110_MPP-0.2500+51:1:1,TCGA-GM-A2DB-DX1_xmin50586_ymin43110_MPP-0.2500+51,TCGA-GM-A2DB-DX1,0
2507,TCGA-GM-A2DB-DX1_xmin50586_ymin43110_MPP-0.2500+510:1:1,TCGA-GM-A2DB-DX1_xmin50586_ymin43110_MPP-0.2500+510,TCGA-GM-A2DB-DX1,0
2510,TCGA-GM-A2DB-DX1_xmin50586_ymin43110_MPP-0.2500+510:1:4,TCGA-GM-A2DB-DX1_xmin50586_ymin43110_MPP-0.2500+510,TCGA-GM-A2DB-DX1,0
2514,TCGA-GM-A2DB-DX1_xmin50586_ymin43110_MPP-0.2500+511:2:1,TCGA-GM-A2DB-DX1_xmin50586_ymin43110_MPP-0.2500+511,TCGA-GM-A2DB-DX1,0
2515,TCGA-GM-A2DB-DX1_xmin50586_ymin43110_MPP-0.2500+511:2:2,TCGA-GM-A2DB-DX1_xmin50586_ymin43110_MPP-0.2500+511,TCGA-GM-A2DB-DX1,0
2517,TCGA-GM-A2DB-DX1_xmin50586_ymin43110_MPP-0.2500+511:2:4,TCGA-GM-A2DB-DX1_xmin50586_ymin43110_MPP-0.2500+511,TCGA-GM-A2DB-DX1,0
2518,TCGA-GM-A2DB-DX1_xmin50586_ymin43110_MPP-0.2500+511:2:5,TCGA-GM-A2DB-DX1_xmin50586_ymin43110_MPP-0.2500+511,TCGA-GM-A2DB-DX1,0
2520,TCGA-GM-A2DB-DX1_xmin50586_ymin43110_MPP-0.2500+512:2:1,TCGA-GM-A2DB-DX1_xmin50586_ymin43110_MPP-0.2500+512,TCGA-GM-A2DB-DX1,0
2524,TCGA-GM-A2DB-DX1_xmin50586_ymin43110_MPP-0.2500+513:2:1,TCGA-GM-A2DB-DX1_xmin50586_ymin43110_MPP-0.2500+513,TCGA-GM-A2DB-DX1,0
2528,TCGA-GM-A2DB-DX1_xmin50586_ymin43110_MPP-0.2500+514:2:1,TCGA-GM-A2DB-DX1_xmin50586_ymin43110_MPP-0.2500+514,TCGA-GM-A2DB-DX1,0
2529,TCGA-GM-A2DB-DX1_xmin50586_ymin43110_MPP-0.2500+514:2:2,TCGA-GM-A2DB-DX1_xmin50586_ymin43110_MPP-0.2500+514,TCGA-GM-A2DB-DX1,0
2532,TCGA-GM-A2DB-DX1_xmin50586_ymin43110_MPP-0.2500+516:2:1,TCGA-GM-A2DB-DX1_xmin50586_ymin43110_MPP-0.2500+516,TCGA-GM-A2DB-DX1,0
2536,TCGA-GM-A2DB-DX1_xmin50586_ymin43110_MPP-0.2500+517:2:1,TCGA-GM-A2DB-DX1_xmin50586_ymin43110_MPP-0.2500+517,TCGA-GM-A2DB-DX1,0
2538,TCGA-GM-A2DB-DX1_xmin50586_ymin43110_MPP-0.2500+518:1:1,TCGA-GM-A2DB-DX1_xmin50586_ymin43110_MPP-0.2500+518,TCGA-GM-A2DB-DX1,0
2539,TCGA-GM-A2DB-DX1_xmin50586_ymin43110_MPP-0.2500+519:1:1,TCGA-GM-A2DB-DX1_xmin50586_ymin43110_MPP-0.2500+519,TCGA-GM-A2DB-DX1,0
2542,TCGA-GM-A2DB-DX1_xmin50586_ymin43110_MPP-0.2500+52:1:1,TCGA-GM-A2DB-DX1_xmin50586_ymin43110_MPP-0.2500+52,TCGA-GM-A2DB-DX1,0
2543,TCGA-GM-A2DB-DX1_xmin50586_ymin43110_MPP-0.2500+520:1:1,TCGA-GM-A2DB-DX1_xmin50586_ymin43110_MPP-0.2500+520,TCGA-GM-A2DB-DX1,0
2544,TCGA-GM-A2DB-DX1_xmin50586_ymin43110_MPP-0.2500+521:1:1,TCGA-GM-A2DB-DX1_xmin50586_ymin43110_MPP-0.2500+521,TCGA-GM-A2DB-DX1,0
2546,TCGA-GM-A2DB-DX1_xmin50586_ymin43110_MPP-0.2500+522:2:1,TCGA-GM-A2DB-DX1_xmin50586_ymin43110_MPP-0.2500+522,TCGA-GM-A2DB-DX1,0
2550,TCGA-GM-A2DB-DX1_xmin50586_ymin43110_MPP-0.2500+523:2:2,TCGA-GM-A2DB-DX1_xmin50586_ymin43110_MPP-0.2500+523,TCGA-GM-A2DB-DX1,0
2557,TCGA-GM-A2DB-DX1_xmin50586_ymin43110_MPP-0.2500+525:2:3,TCGA-GM-A2DB-DX1_xmin50586_ymin43110_MPP-0.2500+525,TCGA-GM-A2DB-DX1,0
2560,TCGA-GM-A2DB-DX1_xmin50586_ymin43110_MPP-0.2500+526:1:3,TCGA-GM-A2DB-DX1_xmin50586_ymin43110_MPP-0.2500+526,TCGA-GM-A2DB-DX1,0
2561,TCGA-GM-A2DB-DX1_xmin50586_ymin43110_MPP-0.2500+526:2:1,TCGA-GM-A2DB-DX1_xmin50586_ymin43110_MPP-0.2500+526,TCGA-GM-A2DB-DX1,0
2566,TCGA-GM-A2DB-DX1_xmin50586_ymin43110_MPP-0.2500+527:2:2,TCGA-GM-A2DB-DX1_xmin50586_ymin43110_MPP-0.2500+527,TCGA-GM-A2DB-DX1,0
2568,TCGA-GM-A2DB-DX1_xmin50586_ymin43110_MPP-0.2500+527:2:4,TCGA-GM-A2DB-DX1_xmin50586_ymin43110_MPP-0.2500+527,TCGA-GM-A2DB-DX1,0
2571,TCGA-GM-A2DB-DX1_xmin50586_ymin43110_MPP-0.2500+529:2:1,TCGA-GM-A2DB-DX1_xmin50586_ymin43110_MPP-0.2500+529,TCGA-GM-A2DB-DX1,0
2572,TCGA-GM-A2DB-DX1_xmin50586_ymin43110_MPP-0.2500+53:0:1,TCGA-GM-A2DB-DX1_xmin50586_ymin43110_MPP-0.2500+53,TCGA-GM-A2DB-DX1,0
2578,TCGA-GM-A2DB-DX1_xmin50586_ymin43110_MPP-0.2500+534:1:2,TCGA-GM-A2DB-DX1_xmin50586_ymin43110_MPP-0.2500+534,TCGA-GM-A2DB-DX1,0
2584,TCGA-GM-A2DB-DX1_xmin50586_ymin43110_MPP-0.2500+535:2:2,TCGA-GM-A2DB-DX1_xmin50586_ymin43110_MPP-0.2500+535,TCGA-GM-A2DB-DX1,0
2586,TCGA-GM-A2DB-DX1_xmin50586_ymin43110_MPP-0.2500+536:1:2,TCGA-GM-A2DB-DX1_xmin50586_ymin43110_MPP-0.2500+536,TCGA-GM-A2DB-DX1,0
2587,TCGA-GM-A2DB-DX1_xmin50586_ymin43110_MPP-0.2500+536:2:1,TCGA-GM-A2DB-DX1_xmin50586_ymin43110_MPP-0.2500+536,TCGA-GM-A2DB-DX1,0
2589,TCGA-GM-A2DB-DX1_xmin50586_ymin43110_MPP-0.2500+536:2:3,TCGA-GM-A2DB-DX1_xmin50586_ymin43110_MPP-0.2500+536,TCGA-GM-A2DB-DX1,0
2592,TCGA-GM-A2DB-DX1_xmin50586_ymin43110_MPP-0.2500+537:2:2,TCGA-GM-A2DB-DX1_xmin50586_ymin43110_MPP-0.2500+537,TCGA-GM-A2DB-DX1,0
2593,TCGA-GM-A2DB-DX1_xmin50586_ymin43110_MPP-0.2500+537:2:3,TCGA-GM-A2DB-DX1_xmin50586_ymin43110_MPP-0.2500+537,TCGA-GM-A2DB-DX1,0
2595,TCGA-GM-A2DB-DX1_xmin50586_ymin43110_MPP-0.2500+538:2:1,TCGA-GM-A2DB-DX1_xmin50586_ymin43110_MPP-0.2500+538,TCGA-GM-A2DB-DX1,0
2599,TCGA-GM-A2DB-DX1_xmin50586_ymin43110_MPP-0.2500+539:2:1,TCGA-GM-A2DB-DX1_xmin50586_ymin43110_MPP-0.2500+539,TCGA-GM-A2DB-DX1,0
2600,TCGA-GM-A2DB-DX1_xmin50586_ymin43110_MPP-0.2500+539:2:2,TCGA-GM-A2DB-DX1_xmin50586_ymin43110_MPP-0.2500+539,TCGA-GM-A2DB-DX1,0
2602,TCGA-GM-A2DB-DX1_xmin50586_ymin43110_MPP-0.2500+54:0:1,TCGA-GM-A2DB-DX1_xmin50586_ymin43110_MPP-0.2500+54,TCGA-GM-A2DB-DX1,0
2604,TCGA-GM-A2DB-DX1_xmin50586_ymin43110_MPP-0.2500+540:2:1,TCGA-GM-A2DB-DX1_xmin50586_ymin43110_MPP-0.2500+540,TCGA-GM-A2DB-DX1,0
2605,TCGA-GM-A2DB-DX1_xmin50586_ymin43110_MPP-0.2500+540:2:2,TCGA-GM-A2DB-DX1_xmin50586_ymin43110_MPP-0.2500+540,TCGA-GM-A2DB-DX1,0
2615,TCGA-GM-A2DB-DX1_xmin50586_ymin43110_MPP-0.2500+543:2:1,TCGA-GM-A2DB-DX1_xmin50586_ymin43110_MPP-0.2500+543,TCGA-GM-A2DB-DX1,0
2617,TCGA-GM-A2DB-DX1_xmin50586_ymin43110_MPP-0.2500+543:2:3,TCGA-GM-A2DB-DX1_xmin50586_ymin43110_MPP-0.2500+543,TCGA-GM-A2DB-DX1,0
2619,TCGA-GM-A2DB-DX1_xmin50586_ymin43110_MPP-0.2500+544:1:1,TCGA-GM-A2DB-DX1_xmin50586_ymin43110_MPP-0.2500+544,TCGA-GM-A2DB-DX1,0
2621,TCGA-GM-A2DB-DX1_xmin50586_ymin43110_MPP-0.2500+544:1:3,TCGA-GM-A2DB-DX1_xmin50586_ymin43110_MPP-0.2500+544,TCGA-GM-A2DB-DX1,0
2625,TCGA-GM-A2DB-DX1_xmin50586_ymin43110_MPP-0.2500+55:0:1,TCGA-GM-A2DB-DX1_xmin50586_ymin43110_MPP-0.2500+55,TCGA-GM-A2DB-DX1,0
2626,TCGA-GM-A2DB-DX1_xmin50586_ymin43110_MPP-0.2500+56:0:1,TCGA-GM-A2DB-DX1_xmin50586_ymin43110_MPP-0.2500+56,TCGA-GM-A2DB-DX1,0
2627,TCGA-GM-A2DB-DX1_xmin50586_ymin43110_MPP-0.2500+57:0:1,TCGA-GM-A2DB-DX1_xmin50586_ymin43110_MPP-0.2500+57,TCGA-GM-A2DB-DX1,0
2630,TCGA-GM-A2DB-DX1_xmin50586_ymin43110_MPP-0.2500+59:1:1,TCGA-GM-A2DB-DX1_xmin50586_ymin43110_MPP-0.2500+59,TCGA-GM-A2DB-DX1,0
2631,TCGA-GM-A2DB-DX1_xmin50586_ymin43110_MPP-0.2500+6:0:1,TCGA-GM-A2DB-DX1_xmin50586_ymin43110_MPP-0.2500+6,TCGA-GM-A2DB-DX1,0
2633,TCGA-GM-A2DB-DX1_xmin50586_ymin43110_MPP-0.2500+6:3:1,TCGA-GM-A2DB-DX1_xmin50586_ymin43110_MPP-0.2500+6,TCGA-GM-A2DB-DX1,0
2635,TCGA-GM-A2DB-DX1_xmin50586_ymin43110_MPP-0.2500+60:0:2,TCGA-GM-A2DB-DX1_xmin50586_ymin43110_MPP-0.2500+60,TCGA-GM-A2DB-DX1,0
2636,TCGA-GM-A2DB-DX1_xmin50586_ymin43110_MPP-0.2500+60:1:1,TCGA-GM-A2DB-DX1_xmin50586_ymin43110_MPP-0.2500+60,TCGA-GM-A2DB-DX1,0
2637,TCGA-GM-A2DB-DX1_xmin50586_ymin43110_MPP-0.2500+61:0:1,TCGA-GM-A2DB-DX1_xmin50586_ymin43110_MPP-0.2500+61,TCGA-GM-A2DB-DX1,0
2638,TCGA-GM-A2DB-DX1_xmin50586_ymin43110_MPP-0.2500+62:0:1,TCGA-GM-A2DB-DX1_xmin50586_ymin43110_MPP-0.2500+62,TCGA-GM-A2DB-DX1,0
2643,TCGA-GM-A2DB-DX1_xmin50586_ymin43110_MPP-0.2500+67:1:1,TCGA-GM-A2DB-DX1_xmin50586_ymin43110_MPP-0.2500+67,TCGA-GM-A2DB-DX1,0
2644,TCGA-GM-A2DB-DX1_xmin50586_ymin43110_MPP-0.2500+68:1:1,TCGA-GM-A2DB-DX1_xmin50586_ymin43110_MPP-0.2500+68,TCGA-GM-A2DB-DX1,0
2645,TCGA-GM-A2DB-DX1_xmin50586_ymin43110_MPP-0.2500+69:1:1,TCGA-GM-A2DB-DX1_xmin50586_ymin43110_MPP-0.2500+69,TCGA-GM-A2DB-DX1,0
2646,TCGA-GM-A2DB-DX1_xmin50586_ymin43110_MPP-0.2500+7:3:1,TCGA-GM-A2DB-DX1_xmin50586_ymin43110_MPP-0.2500+7,TCGA-GM-A2DB-DX1,0
2647,TCGA-GM-A2DB-DX1_xmin50586_ymin43110_MPP-0.2500+70:0:1,TCGA-GM-A2DB-DX1_xmin50586_ymin43110_MPP-0.2500+70,TCGA-GM-A2DB-DX1,0
2648,TCGA-GM-A2DB-DX1_xmin50586_ymin43110_MPP-0.2500+70:0:2,TCGA-GM-A2DB-DX1_xmin50586_ymin43110_MPP-0.2500+70,TCGA-GM-A2DB-DX1,0
2649,TCGA-GM-A2DB-DX1_xmin50586_ymin43110_MPP-0.2500+70:1:1,TCGA-GM-A2DB-DX1_xmin50586_ymin43110_MPP-0.2500+70,TCGA-GM-A2DB-DX1,0
2650,TCGA-GM-A2DB-DX1_xmin50586_ymin43110_MPP-0.2500+71:0:1,TCGA-GM-A2DB-DX1_xmin50586_ymin43110_MPP-0.2500+71,TCGA-GM-A2DB-DX1,0
2652,TCGA-GM-A2DB-DX1_xmin50586_ymin43110_MPP-0.2500+71:1:1,TCGA-GM-A2DB-DX1_xmin50586_ymin43110_MPP-0.2500+71,TCGA-GM-A2DB-DX1,0
2654,TCGA-GM-A2DB-DX1_xmin50586_ymin43110_MPP-0.2500+71:2:1,TCGA-GM-A2DB-DX1_xmin50586_ymin43110_MPP-0.2500+71,TCGA-GM-A2DB-DX1,0
2655,TCGA-GM-A2DB-DX1_xmin50586_ymin43110_MPP-0.2500+71:2:2,TCGA-GM-A2DB-DX1_xmin50586_ymin43110_MPP-0.2500+71,TCGA-GM-A2DB-DX1,0
2658,TCGA-GM-A2DB-DX1_xmin50586_ymin43110_MPP-0.2500+71:2:5,TCGA-GM-A2DB-DX1_xmin50586_ymin43110_MPP-0.2500+71,TCGA-GM-A2DB-DX1,0
2663,TCGA-GM-A2DB-DX1_xmin50586_ymin43110_MPP-0.2500+73:0:1,TCGA-GM-A2DB-DX1_xmin50586_ymin43110_MPP-0.2500+73,TCGA-GM-A2DB-DX1,0
2664,TCGA-GM-A2DB-DX1_xmin50586_ymin43110_MPP-0.2500+74:0:1,TCGA-GM-A2DB-DX1_xmin50586_ymin43110_MPP-0.2500+74,TCGA-GM-A2DB-DX1,0
2665,TCGA-GM-A2DB-DX1_xmin50586_ymin43110_MPP-0.2500+75:0:1,TCGA-GM-A2DB-DX1_xmin50586_ymin43110_MPP-0.2500+75,TCGA-GM-A2DB-DX1,0
2666,TCGA-GM-A2DB-DX1_xmin50586_ymin43110_MPP-0.2500+76:0:1,TCGA-GM-A2DB-DX1_xmin50586_ymin43110_MPP-0.2500+76,TCGA-GM-A2DB-DX1,0
2667,TCGA-GM-A2DB-DX1_xmin50586_ymin43110_MPP-0.2500+77:0:1,TCGA-GM-A2DB-DX1_xmin50586_ymin43110_MPP-0.2500+77,TCGA-GM-A2DB-DX1,0
2668,TCGA-GM-A2DB-DX1_xmin50586_ymin43110_MPP-0.2500+78:0:1,TCGA-GM-A2DB-DX1_xmin50586_ymin43110_MPP-0.2500+78,TCGA-GM-A2DB-DX1,0
2669,TCGA-GM-A2DB-DX1_xmin50586_ymin43110_MPP-0.2500+79:0:1,TCGA-GM-A2DB-DX1_xmin50586_ymin43110_MPP-0.2500+79,TCGA-GM-A2DB-DX1,0
2673,TCGA-GM-A2DB-DX1_xmin50586_ymin43110_MPP-0.2500+8:3:1,TCGA-GM-A2DB-DX1_xmin50586_ymin43110_MPP-0.2500+8,TCGA-GM-A2DB-DX1,0
2675,TCGA-GM-A2DB-DX1_xmin50586_ymin43110_MPP-0.2500+80:0:2,TCGA-GM-A2DB-DX1_xmin50586_ymin43110_MPP-0.2500+80,TCGA-GM-A2DB-DX1,0
2676,TCGA-GM-A2DB-DX1_xmin50586_ymin43110_MPP-0.2500+80:1:1,TCGA-GM-A2DB-DX1_xmin50586_ymin43110_MPP-0.2500+80,TCGA-GM-A2DB-DX1,0
2677,TCGA-GM-A2DB-DX1_xmin50586_ymin43110_MPP-0.2500+81:0:1,TCGA-GM-A2DB-DX1_xmin50586_ymin43110_MPP-0.2500+81,TCGA-GM-A2DB-DX1,0
2678,TCGA-GM-A2DB-DX1_xmin50586_ymin43110_MPP-0.2500+82:0:1,TCGA-GM-A2DB-DX1_xmin50586_ymin43110_MPP-0.2500+82,TCGA-GM-A2DB-DX1,0
2679,TCGA-GM-A2DB-DX1_xmin50586_ymin43110_MPP-0.2500+83:0:1,TCGA-GM-A2DB-DX1_xmin50586_ymin43110_MPP-0.2500+83,TCGA-GM-A2DB-DX1,0
2680,TCGA-GM-A2DB-DX1_xmin50586_ymin43110_MPP-0.2500+84:0:1,TCGA-GM-A2DB-DX1_xmin50586_ymin43110_MPP-0.2500+84,TCGA-GM-A2DB-DX1,0
2682,TCGA-GM-A2DB-DX1_xmin50586_ymin43110_MPP-0.2500+85:0:2,TCGA-GM-A2DB-DX1_xmin50586_ymin43110_MPP-0.2500+85,TCGA-GM-A2DB-DX1,0
2683,TCGA-GM-A2DB-DX1_xmin50586_ymin43110_MPP-0.2500+85:0:3,TCGA-GM-A2DB-DX1_xmin50586_ymin43110_MPP-0.2500+85,TCGA-GM-A2DB-DX1,0
2686,TCGA-GM-A2DB-DX1_xmin50586_ymin43110_MPP-0.2500+87:0:1,TCGA-GM-A2DB-DX1_xmin50586_ymin43110_MPP-0.2500+87,TCGA-GM-A2DB-DX1,0
2687,TCGA-GM-A2DB-DX1_xmin50586_ymin43110_MPP-0.2500+87:0:2,TCGA-GM-A2DB-DX1_xmin50586_ymin43110_MPP-0.2500+87,TCGA-GM-A2DB-DX1,0
2691,TCGA-GM-A2DB-DX1_xmin50586_ymin43110_MPP-0.2500+88:0:3,TCGA-GM-A2DB-DX1_xmin50586_ymin43110_MPP-0.2500+88,TCGA-GM-A2DB-DX1,0
2692,TCGA-GM-A2DB-DX1_xmin50586_ymin43110_MPP-0.2500+88:0:4,TCGA-GM-A2DB-DX1_xmin50586_ymin43110_MPP-0.2500+88,TCGA-GM-A2DB-DX1,0
2693,TCGA-GM-A2DB-DX1_xmin50586_ymin43110_MPP-0.2500+88:1:1,TCGA-GM-A2DB-DX1_xmin50586_ymin43110_MPP-0.2500+88,TCGA-GM-A2DB-DX1,0
2694,TCGA-GM-A2DB-DX1_xmin50586_ymin43110_MPP-0.2500+89:1:1,TCGA-GM-A2DB-DX1_xmin50586_ymin43110_MPP-0.2500+89,TCGA-GM-A2DB-DX1,0
2696,TCGA-GM-A2DB-DX1_xmin50586_ymin43110_MPP-0.2500+89:2:1,TCGA-GM-A2DB-DX1_xmin50586_ymin43110_MPP-0.2500+89,TCGA-GM-A2DB-DX1,0
2697,TCGA-GM-A2DB-DX1_xmin50586_ymin43110_MPP-0.2500+89:2:2,TCGA-GM-A2DB-DX1_xmin50586_ymin43110_MPP-0.2500+89,TCGA-GM-A2DB-DX1,0
2698,TCGA-GM-A2DB-DX1_xmin50586_ymin43110_MPP-0.2500+9:1:1,TCGA-GM-A2DB-DX1_xmin50586_ymin43110_MPP-0.2500+9,TCGA-GM-A2DB-DX1,0
2699,TCGA-GM-A2DB-DX1_xmin50586_ymin43110_MPP-0.2500+90:1:1,TCGA-GM-A2DB-DX1_xmin50586_ymin43110_MPP-0.2500+90,TCGA-GM-A2DB-DX1,0
2701,TCGA-GM-A2DB-DX1_xmin50586_ymin43110_MPP-0.2500+91:1:1,TCGA-GM-A2DB-DX1_xmin50586_ymin43110_MPP-0.2500+91,TCGA-GM-A2DB-DX1,0
2702,TCGA-GM-A2DB-DX1_xmin50586_ymin43110_MPP-0.2500+92:0:1,TCGA-GM-A2DB-DX1_xmin50586_ymin43110_MPP-0.2500+92,TCGA-GM-A2DB-DX1,0
2703,TCGA-GM-A2DB-DX1_xmin50586_ymin43110_MPP-0.2500+93:0:1,TCGA-GM-A2DB-DX1_xmin50586_ymin43110_MPP-0.2500+93,TCGA-GM-A2DB-DX1,0
2704,TCGA-GM-A2DB-DX1_xmin50586_ymin43110_MPP-0.2500+94:0:1,TCGA-GM-A2DB-DX1_xmin50586_ymin43110_MPP-0.2500+94,TCGA-GM-A2DB-DX1,0
2705,TCGA-GM-A2DB-DX1_xmin50586_ymin43110_MPP-0.2500+95:0:1,TCGA-GM-A2DB-DX1_xmin50586_ymin43110_MPP-0.2500+95,TCGA-GM-A2DB-DX1,0
2706,TCGA-GM-A2DB-DX1_xmin50586_ymin43110_MPP-0.2500+96:0:1,TCGA-GM-A2DB-DX1_xmin50586_ymin43110_MPP-0.2500+96,TCGA-GM-A2DB-DX1,0
2707,TCGA-GM-A2DB-DX1_xmin50586_ymin43110_MPP-0.2500+96:1:1,TCGA-GM-A2DB-DX1_xmin50586_ymin43110_MPP-0.2500+96,TCGA-GM-A2DB-DX1,0
2708,TCGA-GM-A2DB-DX1_xmin50586_ymin43110_MPP-0.2500+96:1:3,TCGA-GM-A2DB-DX1_xmin50586_ymin43110_MPP-0.2500+96,TCGA-GM-A2DB-DX1,0
2710,TCGA-GM-A2DB-DX1_xmin50586_ymin43110_MPP-0.2500+97:0:1,TCGA-GM-A2DB-DX1_xmin50586_ymin43110_MPP-0.2500+97,TCGA-GM-A2DB-DX1,0
2711,TCGA-GM-A2DB-DX1_xmin50586_ymin43110_MPP-0.2500+97:0:2,TCGA-GM-A2DB-DX1_xmin50586_ymin43110_MPP-0.2500+97,TCGA-GM-A2DB-DX1,0
2714,TCGA-GM-A2DB-DX1_xmin50586_ymin43110_MPP-0.2500+98:0:1,TCGA-GM-A2DB-DX1_xmin50586_ymin43110_MPP-0.2500+98,TCGA-GM-A2DB-DX1,0
2716,TCGA-GM-A2DB-DX1_xmin50586_ymin43110_MPP-0.2500+99:0:1,TCGA-GM-A2DB-DX1_xmin50586_ymin43110_MPP-0.2500+99,TCGA-GM-A2DB-DX1,0
2717,TCGA-GM-A2DD-DX1_xmin47260_ymin22408_MPP-0.2500+0:1:1,TCGA-GM-A2DD-DX1_xmin47260_ymin22408_MPP-0.2500+0,TCGA-GM-A2DD-DX1,1
2720,TCGA-GM-A2DD-DX1_xmin47260_ymin22408_MPP-0.2500+1:2:1,TCGA-GM-A2DD-DX1_xmin47260_ymin22408_MPP-0.2500+1,TCGA-GM-A2DD-DX1,1
2722,TCGA-GM-A2DD-DX1_xmin47260_ymin22408_MPP-0.2500+1:2:3,TCGA-GM-A2DD-DX1_xmin47260_ymin22408_MPP-0.2500+1,TCGA-GM-A2DD-DX1,1
2723,TCGA-GM-A2DD-DX1_xmin47260_ymin22408_MPP-0.2500+10:1:1,TCGA-GM-A2DD-DX1_xmin47260_ymin22408_MPP-0.2500+10,TCGA-GM-A2DD-DX1,1
2724,TCGA-GM-A2DD-DX1_xmin47260_ymin22408_MPP-0.2500+100:1:1,TCGA-GM-A2DD-DX1_xmin47260_ymin22408_MPP-0.2500+100,TCGA-GM-A2DD-DX1,1
2725,TCGA-GM-A2DD-DX1_xmin47260_ymin22408_MPP-0.2500+101:1:1,TCGA-GM-A2DD-DX1_xmin47260_ymin22408_MPP-0.2500+101,TCGA-GM-A2DD-DX1,1
2726,TCGA-GM-A2DD-DX1_xmin47260_ymin22408_MPP-0.2500+102:1:1,TCGA-GM-A2DD-DX1_xmin47260_ymin22408_MPP-0.2500+102,TCGA-GM-A2DD-DX1,1
2727,TCGA-GM-A2DD-DX1_xmin47260_ymin22408_MPP-0.2500+103:1:1,TCGA-GM-A2DD-DX1_xmin47260_ymin22408_MPP-0.2500+103,TCGA-GM-A2DD-DX1,1
2728,TCGA-GM-A2DD-DX1_xmin47260_ymin22408_MPP-0.2500+104:1:1,TCGA-GM-A2DD-DX1_xmin47260_ymin22408_MPP-0.2500+104,TCGA-GM-A2DD-DX1,1
2729,TCGA-GM-A2DD-DX1_xmin47260_ymin22408_MPP-0.2500+105:1:1,TCGA-GM-A2DD-DX1_xmin47260_ymin22408_MPP-0.2500+105,TCGA-GM-A2DD-DX1,1
2730,TCGA-GM-A2DD-DX1_xmin47260_ymin22408_MPP-0.2500+106:1:1,TCGA-GM-A2DD-DX1_xmin47260_ymin22408_MPP-0.2500+106,TCGA-GM-A2DD-DX1,1
2731,TCGA-GM-A2DD-DX1_xmin47260_ymin22408_MPP-0.2500+107:1:1,TCGA-GM-A2DD-DX1_xmin47260_ymin22408_MPP-0.2500+107,TCGA-GM-A2DD-DX1,1
2732,TCGA-GM-A2DD-DX1_xmin47260_ymin22408_MPP-0.2500+108:1:1,TCGA-GM-A2DD-DX1_xmin47260_ymin22408_MPP-0.2500+108,TCGA-GM-A2DD-DX1,1
2734,TCGA-GM-A2DD-DX1_xmin47260_ymin22408_MPP-0.2500+109:1:1,TCGA-GM-A2DD-DX1_xmin47260_ymin22408_MPP-0.2500+109,TCGA-GM-A2DD-DX1,1
2735,TCGA-GM-A2DD-DX1_xmin47260_ymin22408_MPP-0.2500+11:1:1,TCGA-GM-A2DD-DX1_xmin47260_ymin22408_MPP-0.2500+11,TCGA-GM-A2DD-DX1,1
2736,TCGA-GM-A2DD-DX1_xmin47260_ymin22408_MPP-0.2500+110:0:1,TCGA-GM-A2DD-DX1_xmin47260_ymin22408_MPP-0.2500+110,TCGA-GM-A2DD-DX1,1
2738,TCGA-GM-A2DD-DX1_xmin47260_ymin22408_MPP-0.2500+110:1:1,TCGA-GM-A2DD-DX1_xmin47260_ymin22408_MPP-0.2500+110,TCGA-GM-A2DD-DX1,1
2739,TCGA-GM-A2DD-DX1_xmin47260_ymin22408_MPP-0.2500+111:0:1,TCGA-GM-A2DD-DX1_xmin47260_ymin22408_MPP-0.2500+111,TCGA-GM-A2DD-DX1,1
2740,TCGA-GM-A2DD-DX1_xmin47260_ymin22408_MPP-0.2500+111:1:1,TCGA-GM-A2DD-DX1_xmin47260_ymin22408_MPP-0.2500+111,TCGA-GM-A2DD-DX1,1
2742,TCGA-GM-A2DD-DX1_xmin47260_ymin22408_MPP-0.2500+112:0:1,TCGA-GM-A2DD-DX1_xmin47260_ymin22408_MPP-0.2500+112,TCGA-GM-A2DD-DX1,1
2745,TCGA-GM-A2DD-DX1_xmin47260_ymin22408_MPP-0.2500+112:1:1,TCGA-GM-A2DD-DX1_xmin47260_ymin22408_MPP-0.2500+112,TCGA-GM-A2DD-DX1,1
2746,TCGA-GM-A2DD-DX1_xmin47260_ymin22408_MPP-0.2500+113:1:1,TCGA-GM-A2DD-DX1_xmin47260_ymin22408_MPP-0.2500+113,TCGA-GM-A2DD-DX1,1
2747,TCGA-GM-A2DD-DX1_xmin47260_ymin22408_MPP-0.2500+114:1:1,TCGA-GM-A2DD-DX1_xmin47260_ymin22408_MPP-0.2500+114,TCGA-GM-A2DD-DX1,1
2748,TCGA-GM-A2DD-DX1_xmin47260_ymin22408_MPP-0.2500+115:1:1,TCGA-GM-A2DD-DX1_xmin47260_ymin22408_MPP-0.2500+115,TCGA-GM-A2DD-DX1,1
2749,TCGA-GM-A2DD-DX1_xmin47260_ymin22408_MPP-0.2500+116:1:1,TCGA-GM-A2DD-DX1_xmin47260_ymin22408_MPP-0.2500+116,TCGA-GM-A2DD-DX1,1
2750,TCGA-GM-A2DD-DX1_xmin47260_ymin22408_MPP-0.2500+117:1:1,TCGA-GM-A2DD-DX1_xmin47260_ymin22408_MPP-0.2500+117,TCGA-GM-A2DD-DX1,1
2751,TCGA-GM-A2DD-DX1_xmin47260_ymin22408_MPP-0.2500+118:1:1,TCGA-GM-A2DD-DX1_xmin47260_ymin22408_MPP-0.2500+118,TCGA-GM-A2DD-DX1,1
2752,TCGA-GM-A2DD-DX1_xmin47260_ymin22408_MPP-0.2500+119:1:1,TCGA-GM-A2DD-DX1_xmin47260_ymin22408_MPP-0.2500+119,TCGA-GM-A2DD-DX1,1
2753,TCGA-GM-A2DD-DX1_xmin47260_ymin22408_MPP-0.2500+12:1:1,TCGA-GM-A2DD-DX1_xmin47260_ymin22408_MPP-0.2500+12,TCGA-GM-A2DD-DX1,1
2754,TCGA-GM-A2DD-DX1_xmin47260_ymin22408_MPP-0.2500+120:1:1,TCGA-GM-A2DD-DX1_xmin47260_ymin22408_MPP-0.2500+120,TCGA-GM-A2DD-DX1,1
2755,TCGA-GM-A2DD-DX1_xmin47260_ymin22408_MPP-0.2500+121:1:1,TCGA-GM-A2DD-DX1_xmin47260_ymin22408_MPP-0.2500+121,TCGA-GM-A2DD-DX1,1
2756,TCGA-GM-A2DD-DX1_xmin47260_ymin22408_MPP-0.2500+122:1:1,TCGA-GM-A2DD-DX1_xmin47260_ymin22408_MPP-0.2500+122,TCGA-GM-A2DD-DX1,1
2757,TCGA-GM-A2DD-DX1_xmin47260_ymin22408_MPP-0.2500+123:1:1,TCGA-GM-A2DD-DX1_xmin47260_ymin22408_MPP-0.2500+123,TCGA-GM-A2DD-DX1,1
2758,TCGA-GM-A2DD-DX1_xmin47260_ymin22408_MPP-0.2500+124:1:1,TCGA-GM-A2DD-DX1_xmin47260_ymin22408_MPP-0.2500+124,TCGA-GM-A2DD-DX1,1
2759,TCGA-GM-A2DD-DX1_xmin47260_ymin22408_MPP-0.2500+125:0:1,TCGA-GM-A2DD-DX1_xmin47260_ymin22408_MPP-0.2500+125,TCGA-GM-A2DD-DX1,1
2760,TCGA-GM-A2DD-DX1_xmin47260_ymin22408_MPP-0.2500+125:0:2,TCGA-GM-A2DD-DX1_xmin47260_ymin22408_MPP-0.2500+125,TCGA-GM-A2DD-DX1,1
2761,TCGA-GM-A2DD-DX1_xmin47260_ymin22408_MPP-0.2500+125:1:1,TCGA-GM-A2DD-DX1_xmin47260_ymin22408_MPP-0.2500+125,TCGA-GM-A2DD-DX1,1
2764,TCGA-GM-A2DD-DX1_xmin47260_ymin22408_MPP-0.2500+126:0:1,TCGA-GM-A2DD-DX1_xmin47260_ymin22408_MPP-0.2500+126,TCGA-GM-A2DD-DX1,1
2765,TCGA-GM-A2DD-DX1_xmin47260_ymin22408_MPP-0.2500+126:1:1,TCGA-GM-A2DD-DX1_xmin47260_ymin22408_MPP-0.2500+126,TCGA-GM-A2DD-DX1,1
2766,TCGA-GM-A2DD-DX1_xmin47260_ymin22408_MPP-0.2500+127:1:1,TCGA-GM-A2DD-DX1_xmin47260_ymin22408_MPP-0.2500+127,TCGA-GM-A2DD-DX1,1
2767,TCGA-GM-A2DD-DX1_xmin47260_ymin22408_MPP-0.2500+128:1:1,TCGA-GM-A2DD-DX1_xmin47260_ymin22408_MPP-0.2500+128,TCGA-GM-A2DD-DX1,1
2768,TCGA-GM-A2DD-DX1_xmin47260_ymin22408_MPP-0.2500+129:1:1,TCGA-GM-A2DD-DX1_xmin47260_ymin22408_MPP-0.2500+129,TCGA-GM-A2DD-DX1,1
2769,TCGA-GM-A2DD-DX1_xmin47260_ymin22408_MPP-0.2500+13:1:1,TCGA-GM-A2DD-DX1_xmin47260_ymin22408_MPP-0.2500+13,TCGA-GM-A2DD-DX1,1
2772,TCGA-GM-A2DD-DX1_xmin47260_ymin22408_MPP-0.2500+130:1:1,TCGA-GM-A2DD-DX1_xmin47260_ymin22408_MPP-0.2500+130,TCGA-GM-A2DD-DX1,1
2773,TCGA-GM-A2DD-DX1_xmin47260_ymin22408_MPP-0.2500+131:0:1,TCGA-GM-A2DD-DX1_xmin47260_ymin22408_MPP-0.2500+131,TCGA-GM-A2DD-DX1,1
2777,TCGA-GM-A2DD-DX1_xmin47260_ymin22408_MPP-0.2500+131:1:1,TCGA-GM-A2DD-DX1_xmin47260_ymin22408_MPP-0.2500+131,TCGA-GM-A2DD-DX1,1
2779,TCGA-GM-A2DD-DX1_xmin47260_ymin22408_MPP-0.2500+132:0:1,TCGA-GM-A2DD-DX1_xmin47260_ymin22408_MPP-0.2500+132,TCGA-GM-A2DD-DX1,1
2780,TCGA-GM-A2DD-DX1_xmin47260_ymin22408_MPP-0.2500+132:1:1,TCGA-GM-A2DD-DX1_xmin47260_ymin22408_MPP-0.2500+132,TCGA-GM-A2DD-DX1,1
2781,TCGA-GM-A2DD-DX1_xmin47260_ymin22408_MPP-0.2500+133:1:1,TCGA-GM-A2DD-DX1_xmin47260_ymin22408_MPP-0.2500+133,TCGA-GM-A2DD-DX1,1
2782,TCGA-GM-A2DD-DX1_xmin47260_ymin22408_MPP-0.2500+134:1:1,TCGA-GM-A2DD-DX1_xmin47260_ymin22408_MPP-0.2500+134,TCGA-GM-A2DD-DX1,1
2783,TCGA-GM-A2DD-DX1_xmin47260_ymin22408_MPP-0.2500+135:1:1,TCGA-GM-A2DD-DX1_xmin47260_ymin22408_MPP-0.2500+135,TCGA-GM-A2DD-DX1,1
2784,TCGA-GM-A2DD-DX1_xmin47260_ymin22408_MPP-0.2500+136:1:1,TCGA-GM-A2DD-DX1_xmin47260_ymin22408_MPP-0.2500+136,TCGA-GM-A2DD-DX1,1
2785,TCGA-GM-A2DD-DX1_xmin47260_ymin22408_MPP-0.2500+137:1:1,TCGA-GM-A2DD-DX1_xmin47260_ymin22408_MPP-0.2500+137,TCGA-GM-A2DD-DX1,1
2786,TCGA-GM-A2DD-DX1_xmin47260_ymin22408_MPP-0.2500+138:1:1,TCGA-GM-A2DD-DX1_xmin47260_ymin22408_MPP-0.2500+138,TCGA-GM-A2DD-DX1,1
2787,TCGA-GM-A2DD-DX1_xmin47260_ymin22408_MPP-0.2500+139:0:1,TCGA-GM-A2DD-DX1_xmin47260_ymin22408_MPP-0.2500+139,TCGA-GM-A2DD-DX1,1
2788,TCGA-GM-A2DD-DX1_xmin47260_ymin22408_MPP-0.2500+139:1:1,TCGA-GM-A2DD-DX1_xmin47260_ymin22408_MPP-0.2500+139,TCGA-GM-A2DD-DX1,1
2789,TCGA-GM-A2DD-DX1_xmin47260_ymin22408_MPP-0.2500+14:1:1,TCGA-GM-A2DD-DX1_xmin47260_ymin22408_MPP-0.2500+14,TCGA-GM-A2DD-DX1,1
2790,TCGA-GM-A2DD-DX1_xmin47260_ymin22408_MPP-0.2500+140:0:1,TCGA-GM-A2DD-DX1_xmin47260_ymin22408_MPP-0.2500+140,TCGA-GM-A2DD-DX1,1
2791,TCGA-GM-A2DD-DX1_xmin47260_ymin22408_MPP-0.2500+140:0:2,TCGA-GM-A2DD-DX1_xmin47260_ymin22408_MPP-0.2500+140,TCGA-GM-A2DD-DX1,1
2793,TCGA-GM-A2DD-DX1_xmin47260_ymin22408_MPP-0.2500+141:1:1,TCGA-GM-A2DD-DX1_xmin47260_ymin22408_MPP-0.2500+141,TCGA-GM-A2DD-DX1,1
2794,TCGA-GM-A2DD-DX1_xmin47260_ymin22408_MPP-0.2500+142:1:1,TCGA-GM-A2DD-DX1_xmin47260_ymin22408_MPP-0.2500+142,TCGA-GM-A2DD-DX1,1
2795,TCGA-GM-A2DD-DX1_xmin47260_ymin22408_MPP-0.2500+143:1:1,TCGA-GM-A2DD-DX1_xmin47260_ymin22408_MPP-0.2500+143,TCGA-GM-A2DD-DX1,1
2796,TCGA-GM-A2DD-DX1_xmin47260_ymin22408_MPP-0.2500+144:1:1,TCGA-GM-A2DD-DX1_xmin47260_ymin22408_MPP-0.2500+144,TCGA-GM-A2DD-DX1,1
2797,TCGA-GM-A2DD-DX1_xmin47260_ymin22408_MPP-0.2500+145:1:1,TCGA-GM-A2DD-DX1_xmin47260_ymin22408_MPP-0.2500+145,TCGA-GM-A2DD-DX1,1
2798,TCGA-GM-A2DD-DX1_xmin47260_ymin22408_MPP-0.2500+146:1:1,TCGA-GM-A2DD-DX1_xmin47260_ymin22408_MPP-0.2500+146,TCGA-GM-A2DD-DX1,1
2799,TCGA-GM-A2DD-DX1_xmin47260_ymin22408_MPP-0.2500+147:1:1,TCGA-GM-A2DD-DX1_xmin47260_ymin22408_MPP-0.2500+147,TCGA-GM-A2DD-DX1,1
2800,TCGA-GM-A2DD-DX1_xmin47260_ymin22408_MPP-0.2500+148:1:1,TCGA-GM-A2DD-DX1_xmin47260_ymin22408_MPP-0.2500+148,TCGA-GM-A2DD-DX1,1
2801,TCGA-GM-A2DD-DX1_xmin47260_ymin22408_MPP-0.2500+149:1:1,TCGA-GM-A2DD-DX1_xmin47260_ymin22408_MPP-0.2500+149,TCGA-GM-A2DD-DX1,1
2806,TCGA-GM-A2DD-DX1_xmin47260_ymin22408_MPP-0.2500+15:2:1,TCGA-GM-A2DD-DX1_xmin47260_ymin22408_MPP-0.2500+15,TCGA-GM-A2DD-DX1,1
2807,TCGA-GM-A2DD-DX1_xmin47260_ymin22408_MPP-0.2500+150:1:1,TCGA-GM-A2DD-DX1_xmin47260_ymin22408_MPP-0.2500+150,TCGA-GM-A2DD-DX1,1
2808,TCGA-GM-A2DD-DX1_xmin47260_ymin22408_MPP-0.2500+151:1:1,TCGA-GM-A2DD-DX1_xmin47260_ymin22408_MPP-0.2500+151,TCGA-GM-A2DD-DX1,1
2809,TCGA-GM-A2DD-DX1_xmin47260_ymin22408_MPP-0.2500+152:1:1,TCGA-GM-A2DD-DX1_xmin47260_ymin22408_MPP-0.2500+152,TCGA-GM-A2DD-DX1,1
2810,TCGA-GM-A2DD-DX1_xmin47260_ymin22408_MPP-0.2500+153:1:1,TCGA-GM-A2DD-DX1_xmin47260_ymin22408_MPP-0.2500+153,TCGA-GM-A2DD-DX1,1
2811,TCGA-GM-A2DD-DX1_xmin47260_ymin22408_MPP-0.2500+154:1:1,TCGA-GM-A2DD-DX1_xmin47260_ymin22408_MPP-0.2500+154,TCGA-GM-A2DD-DX1,1
2812,TCGA-GM-A2DD-DX1_xmin47260_ymin22408_MPP-0.2500+155:1:1,TCGA-GM-A2DD-DX1_xmin47260_ymin22408_MPP-0.2500+155,TCGA-GM-A2DD-DX1,1
2813,TCGA-GM-A2DD-DX1_xmin47260_ymin22408_MPP-0.2500+156:0:1,TCGA-GM-A2DD-DX1_xmin47260_ymin22408_MPP-0.2500+156,TCGA-GM-A2DD-DX1,1
2814,TCGA-GM-A2DD-DX1_xmin47260_ymin22408_MPP-0.2500+156:1:1,TCGA-GM-A2DD-DX1_xmin47260_ymin22408_MPP-0.2500+156,TCGA-GM-A2DD-DX1,1
2815,TCGA-GM-A2DD-DX1_xmin47260_ymin22408_MPP-0.2500+157:0:1,TCGA-GM-A2DD-DX1_xmin47260_ymin22408_MPP-0.2500+157,TCGA-GM-A2DD-DX1,1
2816,TCGA-GM-A2DD-DX1_xmin47260_ymin22408_MPP-0.2500+157:1:1,TCGA-GM-A2DD-DX1_xmin47260_ymin22408_MPP-0.2500+157,TCGA-GM-A2DD-DX1,1
2818,TCGA-GM-A2DD-DX1_xmin47260_ymin22408_MPP-0.2500+158:1:1,TCGA-GM-A2DD-DX1_xmin47260_ymin22408_MPP-0.2500+158,TCGA-GM-A2DD-DX1,1
2819,TCGA-GM-A2DD-DX1_xmin47260_ymin22408_MPP-0.2500+159:1:1,TCGA-GM-A2DD-DX1_xmin47260_ymin22408_MPP-0.2500+159,TCGA-GM-A2DD-DX1,1
2821,TCGA-GM-A2DD-DX1_xmin47260_ymin22408_MPP-0.2500+160:1:1,TCGA-GM-A2DD-DX1_xmin47260_ymin22408_MPP-0.2500+160,TCGA-GM-A2DD-DX1,1
2822,TCGA-GM-A2DD-DX1_xmin47260_ymin22408_MPP-0.2500+161:1:1,TCGA-GM-A2DD-DX1_xmin47260_ymin22408_MPP-0.2500+161,TCGA-GM-A2DD-DX1,1
2823,TCGA-GM-A2DD-DX1_xmin47260_ymin22408_MPP-0.2500+162:1:1,TCGA-GM-A2DD-DX1_xmin47260_ymin22408_MPP-0.2500+162,TCGA-GM-A2DD-DX1,1
2824,TCGA-GM-A2DD-DX1_xmin47260_ymin22408_MPP-0.2500+163:1:1,TCGA-GM-A2DD-DX1_xmin47260_ymin22408_MPP-0.2500+163,TCGA-GM-A2DD-DX1,1
2825,TCGA-GM-A2DD-DX1_xmin47260_ymin22408_MPP-0.2500+164:1:1,TCGA-GM-A2DD-DX1_xmin47260_ymin22408_MPP-0.2500+164,TCGA-GM-A2DD-DX1,1
2827,TCGA-GM-A2DD-DX1_xmin47260_ymin22408_MPP-0.2500+166:1:1,TCGA-GM-A2DD-DX1_xmin47260_ymin22408_MPP-0.2500+166,TCGA-GM-A2DD-DX1,1
2828,TCGA-GM-A2DD-DX1_xmin47260_ymin22408_MPP-0.2500+167:1:1,TCGA-GM-A2DD-DX1_xmin47260_ymin22408_MPP-0.2500+167,TCGA-GM-A2DD-DX1,1
2829,TCGA-GM-A2DD-DX1_xmin47260_ymin22408_MPP-0.2500+168:1:1,TCGA-GM-A2DD-DX1_xmin47260_ymin22408_MPP-0.2500+168,TCGA-GM-A2DD-DX1,1
2830,TCGA-GM-A2DD-DX1_xmin47260_ymin22408_MPP-0.2500+169:1:1,TCGA-GM-A2DD-DX1_xmin47260_ymin22408_MPP-0.2500+169,TCGA-GM-A2DD-DX1,1
2831,TCGA-GM-A2DD-DX1_xmin47260_ymin22408_MPP-0.2500+17:0:1,TCGA-GM-A2DD-DX1_xmin47260_ymin22408_MPP-0.2500+17,TCGA-GM-A2DD-DX1,1
2833,TCGA-GM-A2DD-DX1_xmin47260_ymin22408_MPP-0.2500+170:0:1,TCGA-GM-A2DD-DX1_xmin47260_ymin22408_MPP-0.2500+170,TCGA-GM-A2DD-DX1,1
2834,TCGA-GM-A2DD-DX1_xmin47260_ymin22408_MPP-0.2500+170:1:1,TCGA-GM-A2DD-DX1_xmin47260_ymin22408_MPP-0.2500+170,TCGA-GM-A2DD-DX1,1
2835,TCGA-GM-A2DD-DX1_xmin47260_ymin22408_MPP-0.2500+171:0:1,TCGA-GM-A2DD-DX1_xmin47260_ymin22408_MPP-0.2500+171,TCGA-GM-A2DD-DX1,1
2838,TCGA-GM-A2DD-DX1_xmin47260_ymin22408_MPP-0.2500+171:1:2,TCGA-GM-A2DD-DX1_xmin47260_ymin22408_MPP-0.2500+171,TCGA-GM-A2DD-DX1,1
2840,TCGA-GM-A2DD-DX1_xmin47260_ymin22408_MPP-0.2500+172:0:2,TCGA-GM-A2DD-DX1_xmin47260_ymin22408_MPP-0.2500+172,TCGA-GM-A2DD-DX1,1
2841,TCGA-GM-A2DD-DX1_xmin47260_ymin22408_MPP-0.2500+172:1:1,TCGA-GM-A2DD-DX1_xmin47260_ymin22408_MPP-0.2500+172,TCGA-GM-A2DD-DX1,1
2842,TCGA-GM-A2DD-DX1_xmin47260_ymin22408_MPP-0.2500+173:0:1,TCGA-GM-A2DD-DX1_xmin47260_ymin22408_MPP-0.2500+173,TCGA-GM-A2DD-DX1,1
2846,TCGA-GM-A2DD-DX1_xmin47260_ymin22408_MPP-0.2500+174:1:1,TCGA-GM-A2DD-DX1_xmin47260_ymin22408_MPP-0.2500+174,TCGA-GM-A2DD-DX1,1
2847,TCGA-GM-A2DD-DX1_xmin47260_ymin22408_MPP-0.2500+175:1:1,TCGA-GM-A2DD-DX1_xmin47260_ymin22408_MPP-0.2500+175,TCGA-GM-A2DD-DX1,1
2848,TCGA-GM-A2DD-DX1_xmin47260_ymin22408_MPP-0.2500+176:1:1,TCGA-GM-A2DD-DX1_xmin47260_ymin22408_MPP-0.2500+176,TCGA-GM-A2DD-DX1,1
2849,TCGA-GM-A2DD-DX1_xmin47260_ymin22408_MPP-0.2500+177:1:1,TCGA-GM-A2DD-DX1_xmin47260_ymin22408_MPP-0.2500+177,TCGA-GM-A2DD-DX1,1
2850,TCGA-GM-A2DD-DX1_xmin47260_ymin22408_MPP-0.2500+178:1:1,TCGA-GM-A2DD-DX1_xmin47260_ymin22408_MPP-0.2500+178,TCGA-GM-A2DD-DX1,1
2851,TCGA-GM-A2DD-DX1_xmin47260_ymin22408_MPP-0.2500+179:1:1,TCGA-GM-A2DD-DX1_xmin47260_ymin22408_MPP-0.2500+179,TCGA-GM-A2DD-DX1,1
2852,TCGA-GM-A2DD-DX1_xmin47260_ymin22408_MPP-0.2500+18:1:1,TCGA-GM-A2DD-DX1_xmin47260_ymin22408_MPP-0.2500+18,TCGA-GM-A2DD-DX1,1
2853,TCGA-GM-A2DD-DX1_xmin47260_ymin22408_MPP-0.2500+180:1:1,TCGA-GM-A2DD-DX1_xmin47260_ymin22408_MPP-0.2500+180,TCGA-GM-A2DD-DX1,1
2854,TCGA-GM-A2DD-DX1_xmin47260_ymin22408_MPP-0.2500+181:1:1,TCGA-GM-A2DD-DX1_xmin47260_ymin22408_MPP-0.2500+181,TCGA-GM-A2DD-DX1,1
2855,TCGA-GM-A2DD-DX1_xmin47260_ymin22408_MPP-0.2500+182:1:1,TCGA-GM-A2DD-DX1_xmin47260_ymin22408_MPP-0.2500+182,TCGA-GM-A2DD-DX1,1
2856,TCGA-GM-A2DD-DX1_xmin47260_ymin22408_MPP-0.2500+183:1:1,TCGA-GM-A2DD-DX1_xmin47260_ymin22408_MPP-0.2500+183,TCGA-GM-A2DD-DX1,1
2857,TCGA-GM-A2DD-DX1_xmin47260_ymin22408_MPP-0.2500+184:1:1,TCGA-GM-A2DD-DX1_xmin47260_ymin22408_MPP-0.2500+184,TCGA-GM-A2DD-DX1,1
2859,TCGA-GM-A2DD-DX1_xmin47260_ymin22408_MPP-0.2500+185:0:2,TCGA-GM-A2DD-DX1_xmin47260_ymin22408_MPP-0.2500+185,TCGA-GM-A2DD-DX1,1
2860,TCGA-GM-A2DD-DX1_xmin47260_ymin22408_MPP-0.2500+185:1:1,TCGA-GM-A2DD-DX1_xmin47260_ymin22408_MPP-0.2500+185,TCGA-GM-A2DD-DX1,1
2862,TCGA-GM-A2DD-DX1_xmin47260_ymin22408_MPP-0.2500+186:0:2,TCGA-GM-A2DD-DX1_xmin47260_ymin22408_MPP-0.2500+186,TCGA-GM-A2DD-DX1,1
2863,TCGA-GM-A2DD-DX1_xmin47260_ymin22408_MPP-0.2500+186:0:3,TCGA-GM-A2DD-DX1_xmin47260_ymin22408_MPP-0.2500+186,TCGA-GM-A2DD-DX1,1
2864,TCGA-GM-A2DD-DX1_xmin47260_ymin22408_MPP-0.2500+186:1:1,TCGA-GM-A2DD-DX1_xmin47260_ymin22408_MPP-0.2500+186,TCGA-GM-A2DD-DX1,1
2870,TCGA-GM-A2DD-DX1_xmin47260_ymin22408_MPP-0.2500+187:0:6,TCGA-GM-A2DD-DX1_xmin47260_ymin22408_MPP-0.2500+187,TCGA-GM-A2DD-DX1,1
2871,TCGA-GM-A2DD-DX1_xmin47260_ymin22408_MPP-0.2500+187:1:1,TCGA-GM-A2DD-DX1_xmin47260_ymin22408_MPP-0.2500+187,TCGA-GM-A2DD-DX1,1
2873,TCGA-GM-A2DD-DX1_xmin47260_ymin22408_MPP-0.2500+189:1:1,TCGA-GM-A2DD-DX1_xmin47260_ymin22408_MPP-0.2500+189,TCGA-GM-A2DD-DX1,1
2874,TCGA-GM-A2DD-DX1_xmin47260_ymin22408_MPP-0.2500+19:1:1,TCGA-GM-A2DD-DX1_xmin47260_ymin22408_MPP-0.2500+19,TCGA-GM-A2DD-DX1,1
2875,TCGA-GM-A2DD-DX1_xmin47260_ymin22408_MPP-0.2500+190:1:1,TCGA-GM-A2DD-DX1_xmin47260_ymin22408_MPP-0.2500+190,TCGA-GM-A2DD-DX1,1
2876,TCGA-GM-A2DD-DX1_xmin47260_ymin22408_MPP-0.2500+191:1:1,TCGA-GM-A2DD-DX1_xmin47260_ymin22408_MPP-0.2500+191,TCGA-GM-A2DD-DX1,1
2877,TCGA-GM-A2DD-DX1_xmin47260_ymin22408_MPP-0.2500+192:1:1,TCGA-GM-A2DD-DX1_xmin47260_ymin22408_MPP-0.2500+192,TCGA-GM-A2DD-DX1,1
2880,TCGA-GM-A2DD-DX1_xmin47260_ymin22408_MPP-0.2500+193:0:3,TCGA-GM-A2DD-DX1_xmin47260_ymin22408_MPP-0.2500+193,TCGA-GM-A2DD-DX1,1
2881,TCGA-GM-A2DD-DX1_xmin47260_ymin22408_MPP-0.2500+193:0:4,TCGA-GM-A2DD-DX1_xmin47260_ymin22408_MPP-0.2500+193,TCGA-GM-A2DD-DX1,1
2883,TCGA-GM-A2DD-DX1_xmin47260_ymin22408_MPP-0.2500+193:1:1,TCGA-GM-A2DD-DX1_xmin47260_ymin22408_MPP-0.2500+193,TCGA-GM-A2DD-DX1,1
2884,TCGA-GM-A2DD-DX1_xmin47260_ymin22408_MPP-0.2500+194:1:1,TCGA-GM-A2DD-DX1_xmin47260_ymin22408_MPP-0.2500+194,TCGA-GM-A2DD-DX1,1
2885,TCGA-GM-A2DD-DX1_xmin47260_ymin22408_MPP-0.2500+195:1:1,TCGA-GM-A2DD-DX1_xmin47260_ymin22408_MPP-0.2500+195,TCGA-GM-A2DD-DX1,1
2886,TCGA-GM-A2DD-DX1_xmin47260_ymin22408_MPP-0.2500+196:1:1,TCGA-GM-A2DD-DX1_xmin47260_ymin22408_MPP-0.2500+196,TCGA-GM-A2DD-DX1,1
2887,TCGA-GM-A2DD-DX1_xmin47260_ymin22408_MPP-0.2500+197:1:1,TCGA-GM-A2DD-DX1_xmin47260_ymin22408_MPP-0.2500+197,TCGA-GM-A2DD-DX1,1
2888,TCGA-GM-A2DD-DX1_xmin47260_ymin22408_MPP-0.2500+198:1:1,TCGA-GM-A2DD-DX1_xmin47260_ymin22408_MPP-0.2500+198,TCGA-GM-A2DD-DX1,1
2890,TCGA-GM-A2DD-DX1_xmin47260_ymin22408_MPP-0.2500+2:0:1,TCGA-GM-A2DD-DX1_xmin47260_ymin22408_MPP-0.2500+2,TCGA-GM-A2DD-DX1,1
2894,TCGA-GM-A2DD-DX1_xmin47260_ymin22408_MPP-0.2500+20:1:1,TCGA-GM-A2DD-DX1_xmin47260_ymin22408_MPP-0.2500+20,TCGA-GM-A2DD-DX1,1
2895,TCGA-GM-A2DD-DX1_xmin47260_ymin22408_MPP-0.2500+200:0:1,TCGA-GM-A2DD-DX1_xmin47260_ymin22408_MPP-0.2500+200,TCGA-GM-A2DD-DX1,1
2896,TCGA-GM-A2DD-DX1_xmin47260_ymin22408_MPP-0.2500+200:0:2,TCGA-GM-A2DD-DX1_xmin47260_ymin22408_MPP-0.2500+200,TCGA-GM-A2DD-DX1,1
2897,TCGA-GM-A2DD-DX1_xmin47260_ymin22408_MPP-0.2500+200:1:1,TCGA-GM-A2DD-DX1_xmin47260_ymin22408_MPP-0.2500+200,TCGA-GM-A2DD-DX1,1
2899,TCGA-GM-A2DD-DX1_xmin47260_ymin22408_MPP-0.2500+201:0:2,TCGA-GM-A2DD-DX1_xmin47260_ymin22408_MPP-0.2500+201,TCGA-GM-A2DD-DX1,1
2900,TCGA-GM-A2DD-DX1_xmin47260_ymin22408_MPP-0.2500+201:1:1,TCGA-GM-A2DD-DX1_xmin47260_ymin22408_MPP-0.2500+201,TCGA-GM-A2DD-DX1,1
2901,TCGA-GM-A2DD-DX1_xmin47260_ymin22408_MPP-0.2500+202:0:1,TCGA-GM-A2DD-DX1_xmin47260_ymin22408_MPP-0.2500+202,TCGA-GM-A2DD-DX1,1
2903,TCGA-GM-A2DD-DX1_xmin47260_ymin22408_MPP-0.2500+202:0:3,TCGA-GM-A2DD-DX1_xmin47260_ymin22408_MPP-0.2500+202,TCGA-GM-A2DD-DX1,1
2904,TCGA-GM-A2DD-DX1_xmin47260_ymin22408_MPP-0.2500+202:0:4,TCGA-GM-A2DD-DX1_xmin47260_ymin22408_MPP-0.2500+202,TCGA-GM-A2DD-DX1,1
2905,TCGA-GM-A2DD-DX1_xmin47260_ymin22408_MPP-0.2500+202:1:1,TCGA-GM-A2DD-DX1_xmin47260_ymin22408_MPP-0.2500+202,TCGA-GM-A2DD-DX1,1
2906,TCGA-GM-A2DD-DX1_xmin47260_ymin22408_MPP-0.2500+203:1:1,TCGA-GM-A2DD-DX1_xmin47260_ymin22408_MPP-0.2500+203,TCGA-GM-A2DD-DX1,1
2907,TCGA-GM-A2DD-DX1_xmin47260_ymin22408_MPP-0.2500+204:1:1,TCGA-GM-A2DD-DX1_xmin47260_ymin22408_MPP-0.2500+204,TCGA-GM-A2DD-DX1,1
2908,TCGA-GM-A2DD-DX1_xmin47260_ymin22408_MPP-0.2500+205:1:1,TCGA-GM-A2DD-DX1_xmin47260_ymin22408_MPP-0.2500+205,TCGA-GM-A2DD-DX1,1
2909,TCGA-GM-A2DD-DX1_xmin47260_ymin22408_MPP-0.2500+206:1:1,TCGA-GM-A2DD-DX1_xmin47260_ymin22408_MPP-0.2500+206,TCGA-GM-A2DD-DX1,1
2910,TCGA-GM-A2DD-DX1_xmin47260_ymin22408_MPP-0.2500+207:0:1,TCGA-GM-A2DD-DX1_xmin47260_ymin22408_MPP-0.2500+207,TCGA-GM-A2DD-DX1,1
2911,TCGA-GM-A2DD-DX1_xmin47260_ymin22408_MPP-0.2500+207:1:1,TCGA-GM-A2DD-DX1_xmin47260_ymin22408_MPP-0.2500+207,TCGA-GM-A2DD-DX1,1
2912,TCGA-GM-A2DD-DX1_xmin47260_ymin22408_MPP-0.2500+208:0:1,TCGA-GM-A2DD-DX1_xmin47260_ymin22408_MPP-0.2500+208,TCGA-GM-A2DD-DX1,1
2914,TCGA-GM-A2DD-DX1_xmin47260_ymin22408_MPP-0.2500+209:0:1,TCGA-GM-A2DD-DX1_xmin47260_ymin22408_MPP-0.2500+209,TCGA-GM-A2DD-DX1,1
2916,TCGA-GM-A2DD-DX1_xmin47260_ymin22408_MPP-0.2500+209:0:3,TCGA-GM-A2DD-DX1_xmin47260_ymin22408_MPP-0.2500+209,TCGA-GM-A2DD-DX1,1
2917,TCGA-GM-A2DD-DX1_xmin47260_ymin22408_MPP-0.2500+209:1:1,TCGA-GM-A2DD-DX1_xmin47260_ymin22408_MPP-0.2500+209,TCGA-GM-A2DD-DX1,1
2918,TCGA-GM-A2DD-DX1_xmin47260_ymin22408_MPP-0.2500+209:1:2,TCGA-GM-A2DD-DX1_xmin47260_ymin22408_MPP-0.2500+209,TCGA-GM-A2DD-DX1,1
2919,TCGA-GM-A2DD-DX1_xmin47260_ymin22408_MPP-0.2500+209:1:3,TCGA-GM-A2DD-DX1_xmin47260_ymin22408_MPP-0.2500+209,TCGA-GM-A2DD-DX1,1
2920,TCGA-GM-A2DD-DX1_xmin47260_ymin22408_MPP-0.2500+21:1:1,TCGA-GM-A2DD-DX1_xmin47260_ymin22408_MPP-0.2500+21,TCGA-GM-A2DD-DX1,1
2921,TCGA-GM-A2DD-DX1_xmin47260_ymin22408_MPP-0.2500+210:1:1,TCGA-GM-A2DD-DX1_xmin47260_ymin22408_MPP-0.2500+210,TCGA-GM-A2DD-DX1,1
2922,TCGA-GM-A2DD-DX1_xmin47260_ymin22408_MPP-0.2500+211:1:1,TCGA-GM-A2DD-DX1_xmin47260_ymin22408_MPP-0.2500+211,TCGA-GM-A2DD-DX1,1
2923,TCGA-GM-A2DD-DX1_xmin47260_ymin22408_MPP-0.2500+212:1:1,TCGA-GM-A2DD-DX1_xmin47260_ymin22408_MPP-0.2500+212,TCGA-GM-A2DD-DX1,1
2924,TCGA-GM-A2DD-DX1_xmin47260_ymin22408_MPP-0.2500+213:1:1,TCGA-GM-A2DD-DX1_xmin47260_ymin22408_MPP-0.2500+213,TCGA-GM-A2DD-DX1,1
2925,TCGA-GM-A2DD-DX1_xmin47260_ymin22408_MPP-0.2500+214:1:1,TCGA-GM-A2DD-DX1_xmin47260_ymin22408_MPP-0.2500+214,TCGA-GM-A2DD-DX1,1
2926,TCGA-GM-A2DD-DX1_xmin47260_ymin22408_MPP-0.2500+215:1:1,TCGA-GM-A2DD-DX1_xmin47260_ymin22408_MPP-0.2500+215,TCGA-GM-A2DD-DX1,1
2927,TCGA-GM-A2DD-DX1_xmin47260_ymin22408_MPP-0.2500+216:1:1,TCGA-GM-A2DD-DX1_xmin47260_ymin22408_MPP-0.2500+216,TCGA-GM-A2DD-DX1,1
2928,TCGA-GM-A2DD-DX1_xmin47260_ymin22408_MPP-0.2500+217:1:1,TCGA-GM-A2DD-DX1_xmin47260_ymin22408_MPP-0.2500+217,TCGA-GM-A2DD-DX1,1
2929,TCGA-GM-A2DD-DX1_xmin47260_ymin22408_MPP-0.2500+218:1:1,TCGA-GM-A2DD-DX1_xmin47260_ymin22408_MPP-0.2500+218,TCGA-GM-A2DD-DX1,1
2930,TCGA-GM-A2DD-DX1_xmin47260_ymin22408_MPP-0.2500+219:1:1,TCGA-GM-A2DD-DX1_xmin47260_ymin22408_MPP-0.2500+219,TCGA-GM-A2DD-DX1,1
2931,TCGA-GM-A2DD-DX1_xmin47260_ymin22408_MPP-0.2500+22:1:1,TCGA-GM-A2DD-DX1_xmin47260_ymin22408_MPP-0.2500+22,TCGA-GM-A2DD-DX1,1
2933,TCGA-GM-A2DD-DX1_xmin47260_ymin22408_MPP-0.2500+220:0:2,TCGA-GM-A2DD-DX1_xmin47260_ymin22408_MPP-0.2500+220,TCGA-GM-A2DD-DX1,1
2935,TCGA-GM-A2DD-DX1_xmin47260_ymin22408_MPP-0.2500+220:1:1,TCGA-GM-A2DD-DX1_xmin47260_ymin22408_MPP-0.2500+220,TCGA-GM-A2DD-DX1,1
2936,TCGA-GM-A2DD-DX1_xmin47260_ymin22408_MPP-0.2500+221:0:1,TCGA-GM-A2DD-DX1_xmin47260_ymin22408_MPP-0.2500+221,TCGA-GM-A2DD-DX1,1
2937,TCGA-GM-A2DD-DX1_xmin47260_ymin22408_MPP-0.2500+221:1:1,TCGA-GM-A2DD-DX1_xmin47260_ymin22408_MPP-0.2500+221,TCGA-GM-A2DD-DX1,1
2939,TCGA-GM-A2DD-DX1_xmin47260_ymin22408_MPP-0.2500+222:1:1,TCGA-GM-A2DD-DX1_xmin47260_ymin22408_MPP-0.2500+222,TCGA-GM-A2DD-DX1,1
2941,TCGA-GM-A2DD-DX1_xmin47260_ymin22408_MPP-0.2500+223:0:1,TCGA-GM-A2DD-DX1_xmin47260_ymin22408_MPP-0.2500+223,TCGA-GM-A2DD-DX1,1
2942,TCGA-GM-A2DD-DX1_xmin47260_ymin22408_MPP-0.2500+223:1:1,TCGA-GM-A2DD-DX1_xmin47260_ymin22408_MPP-0.2500+223,TCGA-GM-A2DD-DX1,1
2943,TCGA-GM-A2DD-DX1_xmin47260_ymin22408_MPP-0.2500+224:1:1,TCGA-GM-A2DD-DX1_xmin47260_ymin22408_MPP-0.2500+224,TCGA-GM-A2DD-DX1,1
2944,TCGA-GM-A2DD-DX1_xmin47260_ymin22408_MPP-0.2500+225:1:1,TCGA-GM-A2DD-DX1_xmin47260_ymin22408_MPP-0.2500+225,TCGA-GM-A2DD-DX1,1
2945,TCGA-GM-A2DD-DX1_xmin47260_ymin22408_MPP-0.2500+226:1:1,TCGA-GM-A2DD-DX1_xmin47260_ymin22408_MPP-0.2500+226,TCGA-GM-A2DD-DX1,1
2946,TCGA-GM-A2DD-DX1_xmin47260_ymin22408_MPP-0.2500+227:1:1,TCGA-GM-A2DD-DX1_xmin47260_ymin22408_MPP-0.2500+227,TCGA-GM-A2DD-DX1,1
2947,TCGA-GM-A2DD-DX1_xmin47260_ymin22408_MPP-0.2500+228:1:1,TCGA-GM-A2DD-DX1_xmin47260_ymin22408_MPP-0.2500+228,TCGA-GM-A2DD-DX1,1
2948,TCGA-GM-A2DD-DX1_xmin47260_ymin22408_MPP-0.2500+229:1:1,TCGA-GM-A2DD-DX1_xmin47260_ymin22408_MPP-0.2500+229,TCGA-GM-A2DD-DX1,1
2949,TCGA-GM-A2DD-DX1_xmin47260_ymin22408_MPP-0.2500+23:1:1,TCGA-GM-A2DD-DX1_xmin47260_ymin22408_MPP-0.2500+23,TCGA-GM-A2DD-DX1,1
2951,TCGA-GM-A2DD-DX1_xmin47260_ymin22408_MPP-0.2500+230:1:1,TCGA-GM-A2DD-DX1_xmin47260_ymin22408_MPP-0.2500+230,TCGA-GM-A2DD-DX1,1
2952,TCGA-GM-A2DD-DX1_xmin47260_ymin22408_MPP-0.2500+231:1:1,TCGA-GM-A2DD-DX1_xmin47260_ymin22408_MPP-0.2500+231,TCGA-GM-A2DD-DX1,1
2955,TCGA-GM-A2DD-DX1_xmin47260_ymin22408_MPP-0.2500+232:1:1,TCGA-GM-A2DD-DX1_xmin47260_ymin22408_MPP-0.2500+232,TCGA-GM-A2DD-DX1,1
2956,TCGA-GM-A2DD-DX1_xmin47260_ymin22408_MPP-0.2500+233:1:1,TCGA-GM-A2DD-DX1_xmin47260_ymin22408_MPP-0.2500+233,TCGA-GM-A2DD-DX1,1
2957,TCGA-GM-A2DD-DX1_xmin47260_ymin22408_MPP-0.2500+234:0:1,TCGA-GM-A2DD-DX1_xmin47260_ymin22408_MPP-0.2500+234,TCGA-GM-A2DD-DX1,1
2958,TCGA-GM-A2DD-DX1_xmin47260_ymin22408_MPP-0.2500+234:1:1,TCGA-GM-A2DD-DX1_xmin47260_ymin22408_MPP-0.2500+234,TCGA-GM-A2DD-DX1,1
2959,TCGA-GM-A2DD-DX1_xmin47260_ymin22408_MPP-0.2500+235:1:1,TCGA-GM-A2DD-DX1_xmin47260_ymin22408_MPP-0.2500+235,TCGA-GM-A2DD-DX1,1
2960,TCGA-GM-A2DD-DX1_xmin47260_ymin22408_MPP-0.2500+236:1:1,TCGA-GM-A2DD-DX1_xmin47260_ymin22408_MPP-0.2500+236,TCGA-GM-A2DD-DX1,1
2961,TCGA-GM-A2DD-DX1_xmin47260_ymin22408_MPP-0.2500+237:1:1,TCGA-GM-A2DD-DX1_xmin47260_ymin22408_MPP-0.2500+237,TCGA-GM-A2DD-DX1,1
2963,TCGA-GM-A2DD-DX1_xmin47260_ymin22408_MPP-0.2500+238:0:2,TCGA-GM-A2DD-DX1_xmin47260_ymin22408_MPP-0.2500+238,TCGA-GM-A2DD-DX1,1
2966,TCGA-GM-A2DD-DX1_xmin47260_ymin22408_MPP-0.2500+238:0:5,TCGA-GM-A2DD-DX1_xmin47260_ymin22408_MPP-0.2500+238,TCGA-GM-A2DD-DX1,1
2967,TCGA-GM-A2DD-DX1_xmin47260_ymin22408_MPP-0.2500+238:1:1,TCGA-GM-A2DD-DX1_xmin47260_ymin22408_MPP-0.2500+238,TCGA-GM-A2DD-DX1,1
2968,TCGA-GM-A2DD-DX1_xmin47260_ymin22408_MPP-0.2500+239:1:1,TCGA-GM-A2DD-DX1_xmin47260_ymin22408_MPP-0.2500+239,TCGA-GM-A2DD-DX1,1
2969,TCGA-GM-A2DD-DX1_xmin47260_ymin22408_MPP-0.2500+24:1:1,TCGA-GM-A2DD-DX1_xmin47260_ymin22408_MPP-0.2500+24,TCGA-GM-A2DD-DX1,1
2970,TCGA-GM-A2DD-DX1_xmin47260_ymin22408_MPP-0.2500+240:1:1,TCGA-GM-A2DD-DX1_xmin47260_ymin22408_MPP-0.2500+240,TCGA-GM-A2DD-DX1,1
2971,TCGA-GM-A2DD-DX1_xmin47260_ymin22408_MPP-0.2500+241:1:1,TCGA-GM-A2DD-DX1_xmin47260_ymin22408_MPP-0.2500+241,TCGA-GM-A2DD-DX1,1
2973,TCGA-GM-A2DD-DX1_xmin47260_ymin22408_MPP-0.2500+242:0:2,TCGA-GM-A2DD-DX1_xmin47260_ymin22408_MPP-0.2500+242,TCGA-GM-A2DD-DX1,1
2974,TCGA-GM-A2DD-DX1_xmin47260_ymin22408_MPP-0.2500+242:1:1,TCGA-GM-A2DD-DX1_xmin47260_ymin22408_MPP-0.2500+242,TCGA-GM-A2DD-DX1,1
2975,TCGA-GM-A2DD-DX1_xmin47260_ymin22408_MPP-0.2500+243:1:1,TCGA-GM-A2DD-DX1_xmin47260_ymin22408_MPP-0.2500+243,TCGA-GM-A2DD-DX1,1
2976,TCGA-GM-A2DD-DX1_xmin47260_ymin22408_MPP-0.2500+244:1:1,TCGA-GM-A2DD-DX1_xmin47260_ymin22408_MPP-0.2500+244,TCGA-GM-A2DD-DX1,1
2977,TCGA-GM-A2DD-DX1_xmin47260_ymin22408_MPP-0.2500+245:1:1,TCGA-GM-A2DD-DX1_xmin47260_ymin22408_MPP-0.2500+245,TCGA-GM-A2DD-DX1,1
2978,TCGA-GM-A2DD-DX1_xmin47260_ymin22408_MPP-0.2500+246:1:1,TCGA-GM-A2DD-DX1_xmin47260_ymin22408_MPP-0.2500+246,TCGA-GM-A2DD-DX1,1
2980,TCGA-GM-A2DD-DX1_xmin47260_ymin22408_MPP-0.2500+247:0:2,TCGA-GM-A2DD-DX1_xmin47260_ymin22408_MPP-0.2500+247,TCGA-GM-A2DD-DX1,1
2981,TCGA-GM-A2DD-DX1_xmin47260_ymin22408_MPP-0.2500+247:0:4,TCGA-GM-A2DD-DX1_xmin47260_ymin22408_MPP-0.2500+247,TCGA-GM-A2DD-DX1,1
2982,TCGA-GM-A2DD-DX1_xmin47260_ymin22408_MPP-0.2500+247:1:1,TCGA-GM-A2DD-DX1_xmin47260_ymin22408_MPP-0.2500+247,TCGA-GM-A2DD-DX1,1
2983,TCGA-GM-A2DD-DX1_xmin47260_ymin22408_MPP-0.2500+248:0:1,TCGA-GM-A2DD-DX1_xmin47260_ymin22408_MPP-0.2500+248,TCGA-GM-A2DD-DX1,1
2984,TCGA-GM-A2DD-DX1_xmin47260_ymin22408_MPP-0.2500+248:1:1,TCGA-GM-A2DD-DX1_xmin47260_ymin22408_MPP-0.2500+248,TCGA-GM-A2DD-DX1,1
2985,TCGA-GM-A2DD-DX1_xmin47260_ymin22408_MPP-0.2500+249:0:1,TCGA-GM-A2DD-DX1_xmin47260_ymin22408_MPP-0.2500+249,TCGA-GM-A2DD-DX1,1
2986,TCGA-GM-A2DD-DX1_xmin47260_ymin22408_MPP-0.2500+25:1:1,TCGA-GM-A2DD-DX1_xmin47260_ymin22408_MPP-0.2500+25,TCGA-GM-A2DD-DX1,1
2987,TCGA-GM-A2DD-DX1_xmin47260_ymin22408_MPP-0.2500+250:1:1,TCGA-GM-A2DD-DX1_xmin47260_ymin22408_MPP-0.2500+250,TCGA-GM-A2DD-DX1,1
2988,TCGA-GM-A2DD-DX1_xmin47260_ymin22408_MPP-0.2500+251:1:1,TCGA-GM-A2DD-DX1_xmin47260_ymin22408_MPP-0.2500+251,TCGA-GM-A2DD-DX1,1
2989,TCGA-GM-A2DD-DX1_xmin47260_ymin22408_MPP-0.2500+252:1:1,TCGA-GM-A2DD-DX1_xmin47260_ymin22408_MPP-0.2500+252,TCGA-GM-A2DD-DX1,1
2990,TCGA-GM-A2DD-DX1_xmin47260_ymin22408_MPP-0.2500+253:1:1,TCGA-GM-A2DD-DX1_xmin47260_ymin22408_MPP-0.2500+253,TCGA-GM-A2DD-DX1,1
2991,TCGA-GM-A2DD-DX1_xmin47260_ymin22408_MPP-0.2500+254:1:1,TCGA-GM-A2DD-DX1_xmin47260_ymin22408_MPP-0.2500+254,TCGA-GM-A2DD-DX1,1
2992,TCGA-GM-A2DD-DX1_xmin47260_ymin22408_MPP-0.2500+255:1:1,TCGA-GM-A2DD-DX1_xmin47260_ymin22408_MPP-0.2500+255,TCGA-GM-A2DD-DX1,1
2993,TCGA-GM-A2DD-DX1_xmin47260_ymin22408_MPP-0.2500+256:0:1,TCGA-GM-A2DD-DX1_xmin47260_ymin22408_MPP-0.2500+256,TCGA-GM-A2DD-DX1,1
2995,TCGA-GM-A2DD-DX1_xmin47260_ymin22408_MPP-0.2500+257:1:1,TCGA-GM-A2DD-DX1_xmin47260_ymin22408_MPP-0.2500+257,TCGA-GM-A2DD-DX1,1
2996,TCGA-GM-A2DD-DX1_xmin47260_ymin22408_MPP-0.2500+258:1:1,TCGA-GM-A2DD-DX1_xmin47260_ymin22408_MPP-0.2500+258,TCGA-GM-A2DD-DX1,1
2997,TCGA-GM-A2DD-DX1_xmin47260_ymin22408_MPP-0.2500+259:1:1,TCGA-GM-A2DD-DX1_xmin47260_ymin22408_MPP-0.2500+259,TCGA-GM-A2DD-DX1,1
2998,TCGA-GM-A2DD-DX1_xmin47260_ymin22408_MPP-0.2500+26:1:1,TCGA-GM-A2DD-DX1_xmin47260_ymin22408_MPP-0.2500+26,TCGA-GM-A2DD-DX1,1
2999,TCGA-GM-A2DD-DX1_xmin47260_ymin22408_MPP-0.2500+260:1:1,TCGA-GM-A2DD-DX1_xmin47260_ymin22408_MPP-0.2500+260,TCGA-GM-A2DD-DX1,1
3001,TCGA-GM-A2DD-DX1_xmin47260_ymin22408_MPP-0.2500+262:1:1,TCGA-GM-A2DD-DX1_xmin47260_ymin22408_MPP-0.2500+262,TCGA-GM-A2DD-DX1,1
3002,TCGA-GM-A2DD-DX1_xmin47260_ymin22408_MPP-0.2500+263:0:1,TCGA-GM-A2DD-DX1_xmin47260_ymin22408_MPP-0.2500+263,TCGA-GM-A2DD-DX1,1
3003,TCGA-GM-A2DD-DX1_xmin47260_ymin22408_MPP-0.2500+263:1:1,TCGA-GM-A2DD-DX1_xmin47260_ymin22408_MPP-0.2500+263,TCGA-GM-A2DD-DX1,1
3004,TCGA-GM-A2DD-DX1_xmin47260_ymin22408_MPP-0.2500+264:0:1,TCGA-GM-A2DD-DX1_xmin47260_ymin22408_MPP-0.2500+264,TCGA-GM-A2DD-DX1,1
3005,TCGA-GM-A2DD-DX1_xmin47260_ymin22408_MPP-0.2500+264:0:2,TCGA-GM-A2DD-DX1_xmin47260_ymin22408_MPP-0.2500+264,TCGA-GM-A2DD-DX1,1
3007,TCGA-GM-A2DD-DX1_xmin47260_ymin22408_MPP-0.2500+265:1:1,TCGA-GM-A2DD-DX1_xmin47260_ymin22408_MPP-0.2500+265,TCGA-GM-A2DD-DX1,1
3008,TCGA-GM-A2DD-DX1_xmin47260_ymin22408_MPP-0.2500+266:1:1,TCGA-GM-A2DD-DX1_xmin47260_ymin22408_MPP-0.2500+266,TCGA-GM-A2DD-DX1,1
3009,TCGA-GM-A2DD-DX1_xmin47260_ymin22408_MPP-0.2500+267:1:1,TCGA-GM-A2DD-DX1_xmin47260_ymin22408_MPP-0.2500+267,TCGA-GM-A2DD-DX1,1
3010,TCGA-GM-A2DD-DX1_xmin47260_ymin22408_MPP-0.2500+268:1:1,TCGA-GM-A2DD-DX1_xmin47260_ymin22408_MPP-0.2500+268,TCGA-GM-A2DD-DX1,1
3011,TCGA-GM-A2DD-DX1_xmin47260_ymin22408_MPP-0.2500+269:0:1,TCGA-GM-A2DD-DX1_xmin47260_ymin22408_MPP-0.2500+269,TCGA-GM-A2DD-DX1,1
3015,TCGA-GM-A2DD-DX1_xmin47260_ymin22408_MPP-0.2500+270:0:1,TCGA-GM-A2DD-DX1_xmin47260_ymin22408_MPP-0.2500+270,TCGA-GM-A2DD-DX1,1
3017,TCGA-GM-A2DD-DX1_xmin47260_ymin22408_MPP-0.2500+270:1:2,TCGA-GM-A2DD-DX1_xmin47260_ymin22408_MPP-0.2500+270,TCGA-GM-A2DD-DX1,1
3018,TCGA-GM-A2DD-DX1_xmin47260_ymin22408_MPP-0.2500+271:0:1,TCGA-GM-A2DD-DX1_xmin47260_ymin22408_MPP-0.2500+271,TCGA-GM-A2DD-DX1,1
3019,TCGA-GM-A2DD-DX1_xmin47260_ymin22408_MPP-0.2500+272:0:1,TCGA-GM-A2DD-DX1_xmin47260_ymin22408_MPP-0.2500+272,TCGA-GM-A2DD-DX1,1
3023,TCGA-GM-A2DD-DX1_xmin47260_ymin22408_MPP-0.2500+274:1:1,TCGA-GM-A2DD-DX1_xmin47260_ymin22408_MPP-0.2500+274,TCGA-GM-A2DD-DX1,1
3025,TCGA-GM-A2DD-DX1_xmin47260_ymin22408_MPP-0.2500+276:1:1,TCGA-GM-A2DD-DX1_xmin47260_ymin22408_MPP-0.2500+276,TCGA-GM-A2DD-DX1,1
3026,TCGA-GM-A2DD-DX1_xmin47260_ymin22408_MPP-0.2500+277:1:1,TCGA-GM-A2DD-DX1_xmin47260_ymin22408_MPP-0.2500+277,TCGA-GM-A2DD-DX1,1
3027,TCGA-GM-A2DD-DX1_xmin47260_ymin22408_MPP-0.2500+278:1:1,TCGA-GM-A2DD-DX1_xmin47260_ymin22408_MPP-0.2500+278,TCGA-GM-A2DD-DX1,1
3028,TCGA-GM-A2DD-DX1_xmin47260_ymin22408_MPP-0.2500+279:1:1,TCGA-GM-A2DD-DX1_xmin47260_ymin22408_MPP-0.2500+279,TCGA-GM-A2DD-DX1,1
3029,TCGA-GM-A2DD-DX1_xmin47260_ymin22408_MPP-0.2500+28:1:1,TCGA-GM-A2DD-DX1_xmin47260_ymin22408_MPP-0.2500+28,TCGA-GM-A2DD-DX1,1
3030,TCGA-GM-A2DD-DX1_xmin47260_ymin22408_MPP-0.2500+280:1:1,TCGA-GM-A2DD-DX1_xmin47260_ymin22408_MPP-0.2500+280,TCGA-GM-A2DD-DX1,1
3031,TCGA-GM-A2DD-DX1_xmin47260_ymin22408_MPP-0.2500+281:1:1,TCGA-GM-A2DD-DX1_xmin47260_ymin22408_MPP-0.2500+281,TCGA-GM-A2DD-DX1,1
3032,TCGA-GM-A2DD-DX1_xmin47260_ymin22408_MPP-0.2500+282:1:1,TCGA-GM-A2DD-DX1_xmin47260_ymin22408_MPP-0.2500+282,TCGA-GM-A2DD-DX1,1
3033,TCGA-GM-A2DD-DX1_xmin47260_ymin22408_MPP-0.2500+283:0:1,TCGA-GM-A2DD-DX1_xmin47260_ymin22408_MPP-0.2500+283,TCGA-GM-A2DD-DX1,1
3034,TCGA-GM-A2DD-DX1_xmin47260_ymin22408_MPP-0.2500+283:0:2,TCGA-GM-A2DD-DX1_xmin47260_ymin22408_MPP-0.2500+283,TCGA-GM-A2DD-DX1,1
3036,TCGA-GM-A2DD-DX1_xmin47260_ymin22408_MPP-0.2500+284:0:1,TCGA-GM-A2DD-DX1_xmin47260_ymin22408_MPP-0.2500+284,TCGA-GM-A2DD-DX1,1
3037,TCGA-GM-A2DD-DX1_xmin47260_ymin22408_MPP-0.2500+285:0:1,TCGA-GM-A2DD-DX1_xmin47260_ymin22408_MPP-0.2500+285,TCGA-GM-A2DD-DX1,1
3038,TCGA-GM-A2DD-DX1_xmin47260_ymin22408_MPP-0.2500+285:1:1,TCGA-GM-A2DD-DX1_xmin47260_ymin22408_MPP-0.2500+285,TCGA-GM-A2DD-DX1,1
3039,TCGA-GM-A2DD-DX1_xmin47260_ymin22408_MPP-0.2500+285:1:2,TCGA-GM-A2DD-DX1_xmin47260_ymin22408_MPP-0.2500+285,TCGA-GM-A2DD-DX1,1
3040,TCGA-GM-A2DD-DX1_xmin47260_ymin22408_MPP-0.2500+286:0:1,TCGA-GM-A2DD-DX1_xmin47260_ymin22408_MPP-0.2500+286,TCGA-GM-A2DD-DX1,1
3042,TCGA-GM-A2DD-DX1_xmin47260_ymin22408_MPP-0.2500+288:0:1,TCGA-GM-A2DD-DX1_xmin47260_ymin22408_MPP-0.2500+288,TCGA-GM-A2DD-DX1,1
3044,TCGA-GM-A2DD-DX1_xmin47260_ymin22408_MPP-0.2500+288:1:3,TCGA-GM-A2DD-DX1_xmin47260_ymin22408_MPP-0.2500+288,TCGA-GM-A2DD-DX1,1
3045,TCGA-GM-A2DD-DX1_xmin47260_ymin22408_MPP-0.2500+289:1:1,TCGA-GM-A2DD-DX1_xmin47260_ymin22408_MPP-0.2500+289,TCGA-GM-A2DD-DX1,1
3046,TCGA-GM-A2DD-DX1_xmin47260_ymin22408_MPP-0.2500+29:1:1,TCGA-GM-A2DD-DX1_xmin47260_ymin22408_MPP-0.2500+29,TCGA-GM-A2DD-DX1,1
3047,TCGA-GM-A2DD-DX1_xmin47260_ymin22408_MPP-0.2500+290:1:1,TCGA-GM-A2DD-DX1_xmin47260_ymin22408_MPP-0.2500+290,TCGA-GM-A2DD-DX1,1
3048,TCGA-GM-A2DD-DX1_xmin47260_ymin22408_MPP-0.2500+291:1:1,TCGA-GM-A2DD-DX1_xmin47260_ymin22408_MPP-0.2500+291,TCGA-GM-A2DD-DX1,1
3049,TCGA-GM-A2DD-DX1_xmin47260_ymin22408_MPP-0.2500+292:1:1,TCGA-GM-A2DD-DX1_xmin47260_ymin22408_MPP-0.2500+292,TCGA-GM-A2DD-DX1,1
3050,TCGA-GM-A2DD-DX1_xmin47260_ymin22408_MPP-0.2500+293:1:1,TCGA-GM-A2DD-DX1_xmin47260_ymin22408_MPP-0.2500+293,TCGA-GM-A2DD-DX1,1
3051,TCGA-GM-A2DD-DX1_xmin47260_ymin22408_MPP-0.2500+294:1:1,TCGA-GM-A2DD-DX1_xmin47260_ymin22408_MPP-0.2500+294,TCGA-GM-A2DD-DX1,1
3052,TCGA-GM-A2DD-DX1_xmin47260_ymin22408_MPP-0.2500+295:1:1,TCGA-GM-A2DD-DX1_xmin47260_ymin22408_MPP-0.2500+295,TCGA-GM-A2DD-DX1,1
3053,TCGA-GM-A2DD-DX1_xmin47260_ymin22408_MPP-0.2500+296:1:1,TCGA-GM-A2DD-DX1_xmin47260_ymin22408_MPP-0.2500+296,TCGA-GM-A2DD-DX1,1
3054,TCGA-GM-A2DD-DX1_xmin47260_ymin22408_MPP-0.2500+297:0:1,TCGA-GM-A2DD-DX1_xmin47260_ymin22408_MPP-0.2500+297,TCGA-GM-A2DD-DX1,1
3055,TCGA-GM-A2DD-DX1_xmin47260_ymin22408_MPP-0.2500+297:1:1,TCGA-GM-A2DD-DX1_xmin47260_ymin22408_MPP-0.2500+297,TCGA-GM-A2DD-DX1,1
3056,TCGA-GM-A2DD-DX1_xmin47260_ymin22408_MPP-0.2500+298:0:1,TCGA-GM-A2DD-DX1_xmin47260_ymin22408_MPP-0.2500+298,TCGA-GM-A2DD-DX1,1
3058,TCGA-GM-A2DD-DX1_xmin47260_ymin22408_MPP-0.2500+299:0:1,TCGA-GM-A2DD-DX1_xmin47260_ymin22408_MPP-0.2500+299,TCGA-GM-A2DD-DX1,1
3059,TCGA-GM-A2DD-DX1_xmin47260_ymin22408_MPP-0.2500+3:1:1,TCGA-GM-A2DD-DX1_xmin47260_ymin22408_MPP-0.2500+3,TCGA-GM-A2DD-DX1,1
3064,TCGA-GM-A2DD-DX1_xmin47260_ymin22408_MPP-0.2500+30:2:2,TCGA-GM-A2DD-DX1_xmin47260_ymin22408_MPP-0.2500+30,TCGA-GM-A2DD-DX1,1
3066,TCGA-GM-A2DD-DX1_xmin47260_ymin22408_MPP-0.2500+300:0:2,TCGA-GM-A2DD-DX1_xmin47260_ymin22408_MPP-0.2500+300,TCGA-GM-A2DD-DX1,1
3070,TCGA-GM-A2DD-DX1_xmin47260_ymin22408_MPP-0.2500+301:1:2,TCGA-GM-A2DD-DX1_xmin47260_ymin22408_MPP-0.2500+301,TCGA-GM-A2DD-DX1,1
3076,TCGA-GM-A2DD-DX1_xmin47260_ymin22408_MPP-0.2500+303:0:1,TCGA-GM-A2DD-DX1_xmin47260_ymin22408_MPP-0.2500+303,TCGA-GM-A2DD-DX1,1
3078,TCGA-GM-A2DD-DX1_xmin47260_ymin22408_MPP-0.2500+303:1:1,TCGA-GM-A2DD-DX1_xmin47260_ymin22408_MPP-0.2500+303,TCGA-GM-A2DD-DX1,1
3083,TCGA-GM-A2DD-DX1_xmin47260_ymin22408_MPP-0.2500+307:1:1,TCGA-GM-A2DD-DX1_xmin47260_ymin22408_MPP-0.2500+307,TCGA-GM-A2DD-DX1,1
3085,TCGA-GM-A2DD-DX1_xmin47260_ymin22408_MPP-0.2500+309:1:1,TCGA-GM-A2DD-DX1_xmin47260_ymin22408_MPP-0.2500+309,TCGA-GM-A2DD-DX1,1
3087,TCGA-GM-A2DD-DX1_xmin47260_ymin22408_MPP-0.2500+31:2:1,TCGA-GM-A2DD-DX1_xmin47260_ymin22408_MPP-0.2500+31,TCGA-GM-A2DD-DX1,1
3089,TCGA-GM-A2DD-DX1_xmin47260_ymin22408_MPP-0.2500+310:1:1,TCGA-GM-A2DD-DX1_xmin47260_ymin22408_MPP-0.2500+310,TCGA-GM-A2DD-DX1,1
3091,TCGA-GM-A2DD-DX1_xmin47260_ymin22408_MPP-0.2500+312:0:1,TCGA-GM-A2DD-DX1_xmin47260_ymin22408_MPP-0.2500+312,TCGA-GM-A2DD-DX1,1
3092,TCGA-GM-A2DD-DX1_xmin47260_ymin22408_MPP-0.2500+312:1:1,TCGA-GM-A2DD-DX1_xmin47260_ymin22408_MPP-0.2500+312,TCGA-GM-A2DD-DX1,1
3094,TCGA-GM-A2DD-DX1_xmin47260_ymin22408_MPP-0.2500+313:0:1,TCGA-GM-A2DD-DX1_xmin47260_ymin22408_MPP-0.2500+313,TCGA-GM-A2DD-DX1,1
3096,TCGA-GM-A2DD-DX1_xmin47260_ymin22408_MPP-0.2500+314:0:1,TCGA-GM-A2DD-DX1_xmin47260_ymin22408_MPP-0.2500+314,TCGA-GM-A2DD-DX1,1
3101,TCGA-GM-A2DD-DX1_xmin47260_ymin22408_MPP-0.2500+317:0:1,TCGA-GM-A2DD-DX1_xmin47260_ymin22408_MPP-0.2500+317,TCGA-GM-A2DD-DX1,1
3102,TCGA-GM-A2DD-DX1_xmin47260_ymin22408_MPP-0.2500+317:1:1,TCGA-GM-A2DD-DX1_xmin47260_ymin22408_MPP-0.2500+317,TCGA-GM-A2DD-DX1,1
3103,TCGA-GM-A2DD-DX1_xmin47260_ymin22408_MPP-0.2500+318:0:1,TCGA-GM-A2DD-DX1_xmin47260_ymin22408_MPP-0.2500+318,TCGA-GM-A2DD-DX1,1
3104,TCGA-GM-A2DD-DX1_xmin47260_ymin22408_MPP-0.2500+318:1:1,TCGA-GM-A2DD-DX1_xmin47260_ymin22408_MPP-0.2500+318,TCGA-GM-A2DD-DX1,1
3105,TCGA-GM-A2DD-DX1_xmin47260_ymin22408_MPP-0.2500+319:0:1,TCGA-GM-A2DD-DX1_xmin47260_ymin22408_MPP-0.2500+319,TCGA-GM-A2DD-DX1,1
3107,TCGA-GM-A2DD-DX1_xmin47260_ymin22408_MPP-0.2500+319:1:2,TCGA-GM-A2DD-DX1_xmin47260_ymin22408_MPP-0.2500+319,TCGA-GM-A2DD-DX1,1
3108,TCGA-GM-A2DD-DX1_xmin47260_ymin22408_MPP-0.2500+32:1:1,TCGA-GM-A2DD-DX1_xmin47260_ymin22408_MPP-0.2500+32,TCGA-GM-A2DD-DX1,1
3110,TCGA-GM-A2DD-DX1_xmin47260_ymin22408_MPP-0.2500+32:2:1,TCGA-GM-A2DD-DX1_xmin47260_ymin22408_MPP-0.2500+32,TCGA-GM-A2DD-DX1,1
3112,TCGA-GM-A2DD-DX1_xmin47260_ymin22408_MPP-0.2500+32:2:3,TCGA-GM-A2DD-DX1_xmin47260_ymin22408_MPP-0.2500+32,TCGA-GM-A2DD-DX1,1
3113,TCGA-GM-A2DD-DX1_xmin47260_ymin22408_MPP-0.2500+320:0:1,TCGA-GM-A2DD-DX1_xmin47260_ymin22408_MPP-0.2500+320,TCGA-GM-A2DD-DX1,1
3115,TCGA-GM-A2DD-DX1_xmin47260_ymin22408_MPP-0.2500+321:0:2,TCGA-GM-A2DD-DX1_xmin47260_ymin22408_MPP-0.2500+321,TCGA-GM-A2DD-DX1,1
3116,TCGA-GM-A2DD-DX1_xmin47260_ymin22408_MPP-0.2500+321:0:3,TCGA-GM-A2DD-DX1_xmin47260_ymin22408_MPP-0.2500+321,TCGA-GM-A2DD-DX1,1
3117,TCGA-GM-A2DD-DX1_xmin47260_ymin22408_MPP-0.2500+321:0:4,TCGA-GM-A2DD-DX1_xmin47260_ymin22408_MPP-0.2500+321,TCGA-GM-A2DD-DX1,1
3122,TCGA-GM-A2DD-DX1_xmin47260_ymin22408_MPP-0.2500+322:0:2,TCGA-GM-A2DD-DX1_xmin47260_ymin22408_MPP-0.2500+322,TCGA-GM-A2DD-DX1,1
3123,TCGA-GM-A2DD-DX1_xmin47260_ymin22408_MPP-0.2500+322:1:1,TCGA-GM-A2DD-DX1_xmin47260_ymin22408_MPP-0.2500+322,TCGA-GM-A2DD-DX1,1
3125,TCGA-GM-A2DD-DX1_xmin47260_ymin22408_MPP-0.2500+323:1:1,TCGA-GM-A2DD-DX1_xmin47260_ymin22408_MPP-0.2500+323,TCGA-GM-A2DD-DX1,1
3126,TCGA-GM-A2DD-DX1_xmin47260_ymin22408_MPP-0.2500+324:1:1,TCGA-GM-A2DD-DX1_xmin47260_ymin22408_MPP-0.2500+324,TCGA-GM-A2DD-DX1,1
3127,TCGA-GM-A2DD-DX1_xmin47260_ymin22408_MPP-0.2500+325:1:1,TCGA-GM-A2DD-DX1_xmin47260_ymin22408_MPP-0.2500+325,TCGA-GM-A2DD-DX1,1
3128,TCGA-GM-A2DD-DX1_xmin47260_ymin22408_MPP-0.2500+326:1:1,TCGA-GM-A2DD-DX1_xmin47260_ymin22408_MPP-0.2500+326,TCGA-GM-A2DD-DX1,1
3129,TCGA-GM-A2DD-DX1_xmin47260_ymin22408_MPP-0.2500+327:0:1,TCGA-GM-A2DD-DX1_xmin47260_ymin22408_MPP-0.2500+327,TCGA-GM-A2DD-DX1,1
3130,TCGA-GM-A2DD-DX1_xmin47260_ymin22408_MPP-0.2500+327:0:2,TCGA-GM-A2DD-DX1_xmin47260_ymin22408_MPP-0.2500+327,TCGA-GM-A2DD-DX1,1
3132,TCGA-GM-A2DD-DX1_xmin47260_ymin22408_MPP-0.2500+327:1:2,TCGA-GM-A2DD-DX1_xmin47260_ymin22408_MPP-0.2500+327,TCGA-GM-A2DD-DX1,1
3134,TCGA-GM-A2DD-DX1_xmin47260_ymin22408_MPP-0.2500+328:0:2,TCGA-GM-A2DD-DX1_xmin47260_ymin22408_MPP-0.2500+328,TCGA-GM-A2DD-DX1,1
3135,TCGA-GM-A2DD-DX1_xmin47260_ymin22408_MPP-0.2500+328:0:3,TCGA-GM-A2DD-DX1_xmin47260_ymin22408_MPP-0.2500+328,TCGA-GM-A2DD-DX1,1
3138,TCGA-GM-A2DD-DX1_xmin47260_ymin22408_MPP-0.2500+329:0:1,TCGA-GM-A2DD-DX1_xmin47260_ymin22408_MPP-0.2500+329,TCGA-GM-A2DD-DX1,1
3142,TCGA-GM-A2DD-DX1_xmin47260_ymin22408_MPP-0.2500+33:1:1,TCGA-GM-A2DD-DX1_xmin47260_ymin22408_MPP-0.2500+33,TCGA-GM-A2DD-DX1,1
3143,TCGA-GM-A2DD-DX1_xmin47260_ymin22408_MPP-0.2500+33:2:1,TCGA-GM-A2DD-DX1_xmin47260_ymin22408_MPP-0.2500+33,TCGA-GM-A2DD-DX1,1
3144,TCGA-GM-A2DD-DX1_xmin47260_ymin22408_MPP-0.2500+33:2:2,TCGA-GM-A2DD-DX1_xmin47260_ymin22408_MPP-0.2500+33,TCGA-GM-A2DD-DX1,1
3146,TCGA-GM-A2DD-DX1_xmin47260_ymin22408_MPP-0.2500+331:0:1,TCGA-GM-A2DD-DX1_xmin47260_ymin22408_MPP-0.2500+331,TCGA-GM-A2DD-DX1,1
3151,TCGA-GM-A2DD-DX1_xmin47260_ymin22408_MPP-0.2500+333:3:1,TCGA-GM-A2DD-DX1_xmin47260_ymin22408_MPP-0.2500+333,TCGA-GM-A2DD-DX1,1
3154,TCGA-GM-A2DD-DX1_xmin47260_ymin22408_MPP-0.2500+334:1:1,TCGA-GM-A2DD-DX1_xmin47260_ymin22408_MPP-0.2500+334,TCGA-GM-A2DD-DX1,1
3156,TCGA-GM-A2DD-DX1_xmin47260_ymin22408_MPP-0.2500+334:1:3,TCGA-GM-A2DD-DX1_xmin47260_ymin22408_MPP-0.2500+334,TCGA-GM-A2DD-DX1,1
3157,TCGA-GM-A2DD-DX1_xmin47260_ymin22408_MPP-0.2500+335:0:1,TCGA-GM-A2DD-DX1_xmin47260_ymin22408_MPP-0.2500+335,TCGA-GM-A2DD-DX1,1
3158,TCGA-GM-A2DD-DX1_xmin47260_ymin22408_MPP-0.2500+336:0:1,TCGA-GM-A2DD-DX1_xmin47260_ymin22408_MPP-0.2500+336,TCGA-GM-A2DD-DX1,1
3160,TCGA-GM-A2DD-DX1_xmin47260_ymin22408_MPP-0.2500+338:1:1,TCGA-GM-A2DD-DX1_xmin47260_ymin22408_MPP-0.2500+338,TCGA-GM-A2DD-DX1,1
3161,TCGA-GM-A2DD-DX1_xmin47260_ymin22408_MPP-0.2500+339:1:1,TCGA-GM-A2DD-DX1_xmin47260_ymin22408_MPP-0.2500+339,TCGA-GM-A2DD-DX1,1
3162,TCGA-GM-A2DD-DX1_xmin47260_ymin22408_MPP-0.2500+34:1:1,TCGA-GM-A2DD-DX1_xmin47260_ymin22408_MPP-0.2500+34,TCGA-GM-A2DD-DX1,1
3163,TCGA-GM-A2DD-DX1_xmin47260_ymin22408_MPP-0.2500+340:1:1,TCGA-GM-A2DD-DX1_xmin47260_ymin22408_MPP-0.2500+340,TCGA-GM-A2DD-DX1,1
3164,TCGA-GM-A2DD-DX1_xmin47260_ymin22408_MPP-0.2500+341:0:1,TCGA-GM-A2DD-DX1_xmin47260_ymin22408_MPP-0.2500+341,TCGA-GM-A2DD-DX1,1
3165,TCGA-GM-A2DD-DX1_xmin47260_ymin22408_MPP-0.2500+341:0:2,TCGA-GM-A2DD-DX1_xmin47260_ymin22408_MPP-0.2500+341,TCGA-GM-A2DD-DX1,1
3166,TCGA-GM-A2DD-DX1_xmin47260_ymin22408_MPP-0.2500+341:0:3,TCGA-GM-A2DD-DX1_xmin47260_ymin22408_MPP-0.2500+341,TCGA-GM-A2DD-DX1,1
3167,TCGA-GM-A2DD-DX1_xmin47260_ymin22408_MPP-0.2500+341:0:4,TCGA-GM-A2DD-DX1_xmin47260_ymin22408_MPP-0.2500+341,TCGA-GM-A2DD-DX1,1
3168,TCGA-GM-A2DD-DX1_xmin47260_ymin22408_MPP-0.2500+341:1:1,TCGA-GM-A2DD-DX1_xmin47260_ymin22408_MPP-0.2500+341,TCGA-GM-A2DD-DX1,1
3169,TCGA-GM-A2DD-DX1_xmin47260_ymin22408_MPP-0.2500+341:1:2,TCGA-GM-A2DD-DX1_xmin47260_ymin22408_MPP-0.2500+341,TCGA-GM-A2DD-DX1,1
3170,TCGA-GM-A2DD-DX1_xmin47260_ymin22408_MPP-0.2500+342:0:1,TCGA-GM-A2DD-DX1_xmin47260_ymin22408_MPP-0.2500+342,TCGA-GM-A2DD-DX1,1
3171,TCGA-GM-A2DD-DX1_xmin47260_ymin22408_MPP-0.2500+342:0:2,TCGA-GM-A2DD-DX1_xmin47260_ymin22408_MPP-0.2500+342,TCGA-GM-A2DD-DX1,1
3174,TCGA-GM-A2DD-DX1_xmin47260_ymin22408_MPP-0.2500+343:0:1,TCGA-GM-A2DD-DX1_xmin47260_ymin22408_MPP-0.2500+343,TCGA-GM-A2DD-DX1,1
3175,TCGA-GM-A2DD-DX1_xmin47260_ymin22408_MPP-0.2500+343:0:2,TCGA-GM-A2DD-DX1_xmin47260_ymin22408_MPP-0.2500+343,TCGA-GM-A2DD-DX1,1
3176,TCGA-GM-A2DD-DX1_xmin47260_ymin22408_MPP-0.2500+343:0:3,TCGA-GM-A2DD-DX1_xmin47260_ymin22408_MPP-0.2500+343,TCGA-GM-A2DD-DX1,1
3178,TCGA-GM-A2DD-DX1_xmin47260_ymin22408_MPP-0.2500+344:0:1,TCGA-GM-A2DD-DX1_xmin47260_ymin22408_MPP-0.2500+344,TCGA-GM-A2DD-DX1,1
3180,TCGA-GM-A2DD-DX1_xmin47260_ymin22408_MPP-0.2500+345:0:1,TCGA-GM-A2DD-DX1_xmin47260_ymin22408_MPP-0.2500+345,TCGA-GM-A2DD-DX1,1
3181,TCGA-GM-A2DD-DX1_xmin47260_ymin22408_MPP-0.2500+346:0:1,TCGA-GM-A2DD-DX1_xmin47260_ymin22408_MPP-0.2500+346,TCGA-GM-A2DD-DX1,1
3182,TCGA-GM-A2DD-DX1_xmin47260_ymin22408_MPP-0.2500+347:3:1,TCGA-GM-A2DD-DX1_xmin47260_ymin22408_MPP-0.2500+347,TCGA-GM-A2DD-DX1,1
3183,TCGA-GM-A2DD-DX1_xmin47260_ymin22408_MPP-0.2500+348:0:1,TCGA-GM-A2DD-DX1_xmin47260_ymin22408_MPP-0.2500+348,TCGA-GM-A2DD-DX1,1
3185,TCGA-GM-A2DD-DX1_xmin47260_ymin22408_MPP-0.2500+348:3:1,TCGA-GM-A2DD-DX1_xmin47260_ymin22408_MPP-0.2500+348,TCGA-GM-A2DD-DX1,1
3187,TCGA-GM-A2DD-DX1_xmin47260_ymin22408_MPP-0.2500+35:1:1,TCGA-GM-A2DD-DX1_xmin47260_ymin22408_MPP-0.2500+35,TCGA-GM-A2DD-DX1,1
3188,TCGA-GM-A2DD-DX1_xmin47260_ymin22408_MPP-0.2500+350:0:1,TCGA-GM-A2DD-DX1_xmin47260_ymin22408_MPP-0.2500+350,TCGA-GM-A2DD-DX1,1
3189,TCGA-GM-A2DD-DX1_xmin47260_ymin22408_MPP-0.2500+351:0:1,TCGA-GM-A2DD-DX1_xmin47260_ymin22408_MPP-0.2500+351,TCGA-GM-A2DD-DX1,1
3190,TCGA-GM-A2DD-DX1_xmin47260_ymin22408_MPP-0.2500+351:3:1,TCGA-GM-A2DD-DX1_xmin47260_ymin22408_MPP-0.2500+351,TCGA-GM-A2DD-DX1,1
3192,TCGA-GM-A2DD-DX1_xmin47260_ymin22408_MPP-0.2500+352:0:1,TCGA-GM-A2DD-DX1_xmin47260_ymin22408_MPP-0.2500+352,TCGA-GM-A2DD-DX1,1
3193,TCGA-GM-A2DD-DX1_xmin47260_ymin22408_MPP-0.2500+352:0:2,TCGA-GM-A2DD-DX1_xmin47260_ymin22408_MPP-0.2500+352,TCGA-GM-A2DD-DX1,1
3196,TCGA-GM-A2DD-DX1_xmin47260_ymin22408_MPP-0.2500+353:1:1,TCGA-GM-A2DD-DX1_xmin47260_ymin22408_MPP-0.2500+353,TCGA-GM-A2DD-DX1,1
3197,TCGA-GM-A2DD-DX1_xmin47260_ymin22408_MPP-0.2500+354:1:1,TCGA-GM-A2DD-DX1_xmin47260_ymin22408_MPP-0.2500+354,TCGA-GM-A2DD-DX1,1
3198,TCGA-GM-A2DD-DX1_xmin47260_ymin22408_MPP-0.2500+355:1:1,TCGA-GM-A2DD-DX1_xmin47260_ymin22408_MPP-0.2500+355,TCGA-GM-A2DD-DX1,1
3199,TCGA-GM-A2DD-DX1_xmin47260_ymin22408_MPP-0.2500+356:0:1,TCGA-GM-A2DD-DX1_xmin47260_ymin22408_MPP-0.2500+356,TCGA-GM-A2DD-DX1,1
3200,TCGA-GM-A2DD-DX1_xmin47260_ymin22408_MPP-0.2500+356:1:1,TCGA-GM-A2DD-DX1_xmin47260_ymin22408_MPP-0.2500+356,TCGA-GM-A2DD-DX1,1
3204,TCGA-GM-A2DD-DX1_xmin47260_ymin22408_MPP-0.2500+358:1:1,TCGA-GM-A2DD-DX1_xmin47260_ymin22408_MPP-0.2500+358,TCGA-GM-A2DD-DX1,1
3206,TCGA-GM-A2DD-DX1_xmin47260_ymin22408_MPP-0.2500+359:0:1,TCGA-GM-A2DD-DX1_xmin47260_ymin22408_MPP-0.2500+359,TCGA-GM-A2DD-DX1,1
3210,TCGA-GM-A2DD-DX1_xmin47260_ymin22408_MPP-0.2500+36:1:1,TCGA-GM-A2DD-DX1_xmin47260_ymin22408_MPP-0.2500+36,TCGA-GM-A2DD-DX1,1
3211,TCGA-GM-A2DD-DX1_xmin47260_ymin22408_MPP-0.2500+360:0:1,TCGA-GM-A2DD-DX1_xmin47260_ymin22408_MPP-0.2500+360,TCGA-GM-A2DD-DX1,1
3213,TCGA-GM-A2DD-DX1_xmin47260_ymin22408_MPP-0.2500+361:0:2,TCGA-GM-A2DD-DX1_xmin47260_ymin22408_MPP-0.2500+361,TCGA-GM-A2DD-DX1,1
3214,TCGA-GM-A2DD-DX1_xmin47260_ymin22408_MPP-0.2500+361:0:3,TCGA-GM-A2DD-DX1_xmin47260_ymin22408_MPP-0.2500+361,TCGA-GM-A2DD-DX1,1
3218,TCGA-GM-A2DD-DX1_xmin47260_ymin22408_MPP-0.2500+362:0:2,TCGA-GM-A2DD-DX1_xmin47260_ymin22408_MPP-0.2500+362,TCGA-GM-A2DD-DX1,1
3219,TCGA-GM-A2DD-DX1_xmin47260_ymin22408_MPP-0.2500+362:0:3,TCGA-GM-A2DD-DX1_xmin47260_ymin22408_MPP-0.2500+362,TCGA-GM-A2DD-DX1,1
3220,TCGA-GM-A2DD-DX1_xmin47260_ymin22408_MPP-0.2500+362:1:1,TCGA-GM-A2DD-DX1_xmin47260_ymin22408_MPP-0.2500+362,TCGA-GM-A2DD-DX1,1
3223,TCGA-GM-A2DD-DX1_xmin47260_ymin22408_MPP-0.2500+362:1:4,TCGA-GM-A2DD-DX1_xmin47260_ymin22408_MPP-0.2500+362,TCGA-GM-A2DD-DX1,1
3226,TCGA-GM-A2DD-DX1_xmin47260_ymin22408_MPP-0.2500+362:3:1,TCGA-GM-A2DD-DX1_xmin47260_ymin22408_MPP-0.2500+362,TCGA-GM-A2DD-DX1,1
3233,TCGA-GM-A2DD-DX1_xmin47260_ymin22408_MPP-0.2500+366:1:1,TCGA-GM-A2DD-DX1_xmin47260_ymin22408_MPP-0.2500+366,TCGA-GM-A2DD-DX1,1
3237,TCGA-GM-A2DD-DX1_xmin47260_ymin22408_MPP-0.2500+367:0:1,TCGA-GM-A2DD-DX1_xmin47260_ymin22408_MPP-0.2500+367,TCGA-GM-A2DD-DX1,1
3238,TCGA-GM-A2DD-DX1_xmin47260_ymin22408_MPP-0.2500+367:0:2,TCGA-GM-A2DD-DX1_xmin47260_ymin22408_MPP-0.2500+367,TCGA-GM-A2DD-DX1,1
3239,TCGA-GM-A2DD-DX1_xmin47260_ymin22408_MPP-0.2500+367:0:3,TCGA-GM-A2DD-DX1_xmin47260_ymin22408_MPP-0.2500+367,TCGA-GM-A2DD-DX1,1
3242,TCGA-GM-A2DD-DX1_xmin47260_ymin22408_MPP-0.2500+368:0:2,TCGA-GM-A2DD-DX1_xmin47260_ymin22408_MPP-0.2500+368,TCGA-GM-A2DD-DX1,1
3244,TCGA-GM-A2DD-DX1_xmin47260_ymin22408_MPP-0.2500+368:1:1,TCGA-GM-A2DD-DX1_xmin47260_ymin22408_MPP-0.2500+368,TCGA-GM-A2DD-DX1,1
3245,TCGA-GM-A2DD-DX1_xmin47260_ymin22408_MPP-0.2500+369:1:1,TCGA-GM-A2DD-DX1_xmin47260_ymin22408_MPP-0.2500+369,TCGA-GM-A2DD-DX1,1
3246,TCGA-GM-A2DD-DX1_xmin47260_ymin22408_MPP-0.2500+37:1:1,TCGA-GM-A2DD-DX1_xmin47260_ymin22408_MPP-0.2500+37,TCGA-GM-A2DD-DX1,1
3247,TCGA-GM-A2DD-DX1_xmin47260_ymin22408_MPP-0.2500+370:1:1,TCGA-GM-A2DD-DX1_xmin47260_ymin22408_MPP-0.2500+370,TCGA-GM-A2DD-DX1,1
3249,TCGA-GM-A2DD-DX1_xmin47260_ymin22408_MPP-0.2500+371:0:2,TCGA-GM-A2DD-DX1_xmin47260_ymin22408_MPP-0.2500+371,TCGA-GM-A2DD-DX1,1
3250,TCGA-GM-A2DD-DX1_xmin47260_ymin22408_MPP-0.2500+371:1:1,TCGA-GM-A2DD-DX1_xmin47260_ymin22408_MPP-0.2500+371,TCGA-GM-A2DD-DX1,1
3252,TCGA-GM-A2DD-DX1_xmin47260_ymin22408_MPP-0.2500+371:1:3,TCGA-GM-A2DD-DX1_xmin47260_ymin22408_MPP-0.2500+371,TCGA-GM-A2DD-DX1,1
3255,TCGA-GM-A2DD-DX1_xmin47260_ymin22408_MPP-0.2500+372:0:3,TCGA-GM-A2DD-DX1_xmin47260_ymin22408_MPP-0.2500+372,TCGA-GM-A2DD-DX1,1
3258,TCGA-GM-A2DD-DX1_xmin47260_ymin22408_MPP-0.2500+372:1:3,TCGA-GM-A2DD-DX1_xmin47260_ymin22408_MPP-0.2500+372,TCGA-GM-A2DD-DX1,1
3259,TCGA-GM-A2DD-DX1_xmin47260_ymin22408_MPP-0.2500+372:1:4,TCGA-GM-A2DD-DX1_xmin47260_ymin22408_MPP-0.2500+372,TCGA-GM-A2DD-DX1,1
3261,TCGA-GM-A2DD-DX1_xmin47260_ymin22408_MPP-0.2500+373:0:2,TCGA-GM-A2DD-DX1_xmin47260_ymin22408_MPP-0.2500+373,TCGA-GM-A2DD-DX1,1
3262,TCGA-GM-A2DD-DX1_xmin47260_ymin22408_MPP-0.2500+373:0:3,TCGA-GM-A2DD-DX1_xmin47260_ymin22408_MPP-0.2500+373,TCGA-GM-A2DD-DX1,1
3263,TCGA-GM-A2DD-DX1_xmin47260_ymin22408_MPP-0.2500+373:1:1,TCGA-GM-A2DD-DX1_xmin47260_ymin22408_MPP-0.2500+373,TCGA-GM-A2DD-DX1,1
3266,TCGA-GM-A2DD-DX1_xmin47260_ymin22408_MPP-0.2500+374:0:1,TCGA-GM-A2DD-DX1_xmin47260_ymin22408_MPP-0.2500+374,TCGA-GM-A2DD-DX1,1
3267,TCGA-GM-A2DD-DX1_xmin47260_ymin22408_MPP-0.2500+374:0:2,TCGA-GM-A2DD-DX1_xmin47260_ymin22408_MPP-0.2500+374,TCGA-GM-A2DD-DX1,1
3268,TCGA-GM-A2DD-DX1_xmin47260_ymin22408_MPP-0.2500+374:1:1,TCGA-GM-A2DD-DX1_xmin47260_ymin22408_MPP-0.2500+374,TCGA-GM-A2DD-DX1,1
3269,TCGA-GM-A2DD-DX1_xmin47260_ymin22408_MPP-0.2500+374:1:2,TCGA-GM-A2DD-DX1_xmin47260_ymin22408_MPP-0.2500+374,TCGA-GM-A2DD-DX1,1
3270,TCGA-GM-A2DD-DX1_xmin47260_ymin22408_MPP-0.2500+375:0:1,TCGA-GM-A2DD-DX1_xmin47260_ymin22408_MPP-0.2500+375,TCGA-GM-A2DD-DX1,1
3272,TCGA-GM-A2DD-DX1_xmin47260_ymin22408_MPP-0.2500+376:0:2,TCGA-GM-A2DD-DX1_xmin47260_ymin22408_MPP-0.2500+376,TCGA-GM-A2DD-DX1,1
3274,TCGA-GM-A2DD-DX1_xmin47260_ymin22408_MPP-0.2500+377:0:1,TCGA-GM-A2DD-DX1_xmin47260_ymin22408_MPP-0.2500+377,TCGA-GM-A2DD-DX1,1
3277,TCGA-GM-A2DD-DX1_xmin47260_ymin22408_MPP-0.2500+378:0:2,TCGA-GM-A2DD-DX1_xmin47260_ymin22408_MPP-0.2500+378,TCGA-GM-A2DD-DX1,1
3280,TCGA-GM-A2DD-DX1_xmin47260_ymin22408_MPP-0.2500+379:0:2,TCGA-GM-A2DD-DX1_xmin47260_ymin22408_MPP-0.2500+379,TCGA-GM-A2DD-DX1,1
3281,TCGA-GM-A2DD-DX1_xmin47260_ymin22408_MPP-0.2500+379:3:1,TCGA-GM-A2DD-DX1_xmin47260_ymin22408_MPP-0.2500+379,TCGA-GM-A2DD-DX1,1
3283,TCGA-GM-A2DD-DX1_xmin47260_ymin22408_MPP-0.2500+38:1:1,TCGA-GM-A2DD-DX1_xmin47260_ymin22408_MPP-0.2500+38,TCGA-GM-A2DD-DX1,1
3286,TCGA-GM-A2DD-DX1_xmin47260_ymin22408_MPP-0.2500+382:0:1,TCGA-GM-A2DD-DX1_xmin47260_ymin22408_MPP-0.2500+382,TCGA-GM-A2DD-DX1,1
3287,TCGA-GM-A2DD-DX1_xmin47260_ymin22408_MPP-0.2500+383:0:1,TCGA-GM-A2DD-DX1_xmin47260_ymin22408_MPP-0.2500+383,TCGA-GM-A2DD-DX1,1
3288,TCGA-GM-A2DD-DX1_xmin47260_ymin22408_MPP-0.2500+383:1:1,TCGA-GM-A2DD-DX1_xmin47260_ymin22408_MPP-0.2500+383,TCGA-GM-A2DD-DX1,1
3289,TCGA-GM-A2DD-DX1_xmin47260_ymin22408_MPP-0.2500+384:1:1,TCGA-GM-A2DD-DX1_xmin47260_ymin22408_MPP-0.2500+384,TCGA-GM-A2DD-DX1,1
3290,TCGA-GM-A2DD-DX1_xmin47260_ymin22408_MPP-0.2500+385:1:1,TCGA-GM-A2DD-DX1_xmin47260_ymin22408_MPP-0.2500+385,TCGA-GM-A2DD-DX1,1
3291,TCGA-GM-A2DD-DX1_xmin47260_ymin22408_MPP-0.2500+386:0:1,TCGA-GM-A2DD-DX1_xmin47260_ymin22408_MPP-0.2500+386,TCGA-GM-A2DD-DX1,1
3297,TCGA-GM-A2DD-DX1_xmin47260_ymin22408_MPP-0.2500+388:0:2,TCGA-GM-A2DD-DX1_xmin47260_ymin22408_MPP-0.2500+388,TCGA-GM-A2DD-DX1,1
3300,TCGA-GM-A2DD-DX1_xmin47260_ymin22408_MPP-0.2500+389:1:1,TCGA-GM-A2DD-DX1_xmin47260_ymin22408_MPP-0.2500+389,TCGA-GM-A2DD-DX1,1
3301,TCGA-GM-A2DD-DX1_xmin47260_ymin22408_MPP-0.2500+39:1:1,TCGA-GM-A2DD-DX1_xmin47260_ymin22408_MPP-0.2500+39,TCGA-GM-A2DD-DX1,1
3305,TCGA-GM-A2DD-DX1_xmin47260_ymin22408_MPP-0.2500+391:0:3,TCGA-GM-A2DD-DX1_xmin47260_ymin22408_MPP-0.2500+391,TCGA-GM-A2DD-DX1,1
3308,TCGA-GM-A2DD-DX1_xmin47260_ymin22408_MPP-0.2500+392:0:2,TCGA-GM-A2DD-DX1_xmin47260_ymin22408_MPP-0.2500+392,TCGA-GM-A2DD-DX1,1
3309,TCGA-GM-A2DD-DX1_xmin47260_ymin22408_MPP-0.2500+392:0:3,TCGA-GM-A2DD-DX1_xmin47260_ymin22408_MPP-0.2500+392,TCGA-GM-A2DD-DX1,1
3310,TCGA-GM-A2DD-DX1_xmin47260_ymin22408_MPP-0.2500+392:3:1,TCGA-GM-A2DD-DX1_xmin47260_ymin22408_MPP-0.2500+392,TCGA-GM-A2DD-DX1,1
3311,TCGA-GM-A2DD-DX1_xmin47260_ymin22408_MPP-0.2500+393:0:1,TCGA-GM-A2DD-DX1_xmin47260_ymin22408_MPP-0.2500+393,TCGA-GM-A2DD-DX1,1
3313,TCGA-GM-A2DD-DX1_xmin47260_ymin22408_MPP-0.2500+393:3:1,TCGA-GM-A2DD-DX1_xmin47260_ymin22408_MPP-0.2500+393,TCGA-GM-A2DD-DX1,1
3315,TCGA-GM-A2DD-DX1_xmin47260_ymin22408_MPP-0.2500+394:0:1,TCGA-GM-A2DD-DX1_xmin47260_ymin22408_MPP-0.2500+394,TCGA-GM-A2DD-DX1,1
3317,TCGA-GM-A2DD-DX1_xmin47260_ymin22408_MPP-0.2500+394:0:3,TCGA-GM-A2DD-DX1_xmin47260_ymin22408_MPP-0.2500+394,TCGA-GM-A2DD-DX1,1
3321,TCGA-GM-A2DD-DX1_xmin47260_ymin22408_MPP-0.2500+395:0:1,TCGA-GM-A2DD-DX1_xmin47260_ymin22408_MPP-0.2500+395,TCGA-GM-A2DD-DX1,1
3322,TCGA-GM-A2DD-DX1_xmin47260_ymin22408_MPP-0.2500+395:0:2,TCGA-GM-A2DD-DX1_xmin47260_ymin22408_MPP-0.2500+395,TCGA-GM-A2DD-DX1,1
3323,TCGA-GM-A2DD-DX1_xmin47260_ymin22408_MPP-0.2500+395:3:1,TCGA-GM-A2DD-DX1_xmin47260_ymin22408_MPP-0.2500+395,TCGA-GM-A2DD-DX1,1
3324,TCGA-GM-A2DD-DX1_xmin47260_ymin22408_MPP-0.2500+395:3:2,TCGA-GM-A2DD-DX1_xmin47260_ymin22408_MPP-0.2500+395,TCGA-GM-A2DD-DX1,1
3325,TCGA-GM-A2DD-DX1_xmin47260_ymin22408_MPP-0.2500+396:0:1,TCGA-GM-A2DD-DX1_xmin47260_ymin22408_MPP-0.2500+396,TCGA-GM-A2DD-DX1,1
3326,TCGA-GM-A2DD-DX1_xmin47260_ymin22408_MPP-0.2500+397:0:1,TCGA-GM-A2DD-DX1_xmin47260_ymin22408_MPP-0.2500+397,TCGA-GM-A2DD-DX1,1
3329,TCGA-GM-A2DD-DX1_xmin47260_ymin22408_MPP-0.2500+399:1:1,TCGA-GM-A2DD-DX1_xmin47260_ymin22408_MPP-0.2500+399,TCGA-GM-A2DD-DX1,1
3330,TCGA-GM-A2DD-DX1_xmin47260_ymin22408_MPP-0.2500+4:1:1,TCGA-GM-A2DD-DX1_xmin47260_ymin22408_MPP-0.2500+4,TCGA-GM-A2DD-DX1,1
3331,TCGA-GM-A2DD-DX1_xmin47260_ymin22408_MPP-0.2500+40:1:1,TCGA-GM-A2DD-DX1_xmin47260_ymin22408_MPP-0.2500+40,TCGA-GM-A2DD-DX1,1
3333,TCGA-GM-A2DD-DX1_xmin47260_ymin22408_MPP-0.2500+401:0:1,TCGA-GM-A2DD-DX1_xmin47260_ymin22408_MPP-0.2500+401,TCGA-GM-A2DD-DX1,1
3335,TCGA-GM-A2DD-DX1_xmin47260_ymin22408_MPP-0.2500+401:1:2,TCGA-GM-A2DD-DX1_xmin47260_ymin22408_MPP-0.2500+401,TCGA-GM-A2DD-DX1,1
3336,TCGA-GM-A2DD-DX1_xmin47260_ymin22408_MPP-0.2500+401:1:3,TCGA-GM-A2DD-DX1_xmin47260_ymin22408_MPP-0.2500+401,TCGA-GM-A2DD-DX1,1
3337,TCGA-GM-A2DD-DX1_xmin47260_ymin22408_MPP-0.2500+402:0:1,TCGA-GM-A2DD-DX1_xmin47260_ymin22408_MPP-0.2500+402,TCGA-GM-A2DD-DX1,1
3338,TCGA-GM-A2DD-DX1_xmin47260_ymin22408_MPP-0.2500+402:0:2,TCGA-GM-A2DD-DX1_xmin47260_ymin22408_MPP-0.2500+402,TCGA-GM-A2DD-DX1,1
3341,TCGA-GM-A2DD-DX1_xmin47260_ymin22408_MPP-0.2500+402:1:1,TCGA-GM-A2DD-DX1_xmin47260_ymin22408_MPP-0.2500+402,TCGA-GM-A2DD-DX1,1
3342,TCGA-GM-A2DD-DX1_xmin47260_ymin22408_MPP-0.2500+403:0:1,TCGA-GM-A2DD-DX1_xmin47260_ymin22408_MPP-0.2500+403,TCGA-GM-A2DD-DX1,1
3345,TCGA-GM-A2DD-DX1_xmin47260_ymin22408_MPP-0.2500+404:0:1,TCGA-GM-A2DD-DX1_xmin47260_ymin22408_MPP-0.2500+404,TCGA-GM-A2DD-DX1,1
3346,TCGA-GM-A2DD-DX1_xmin47260_ymin22408_MPP-0.2500+405:0:1,TCGA-GM-A2DD-DX1_xmin47260_ymin22408_MPP-0.2500+405,TCGA-GM-A2DD-DX1,1
3347,TCGA-GM-A2DD-DX1_xmin47260_ymin22408_MPP-0.2500+406:0:1,TCGA-GM-A2DD-DX1_xmin47260_ymin22408_MPP-0.2500+406,TCGA-GM-A2DD-DX1,1
3348,TCGA-GM-A2DD-DX1_xmin47260_ymin22408_MPP-0.2500+406:0:2,TCGA-GM-A2DD-DX1_xmin47260_ymin22408_MPP-0.2500+406,TCGA-GM-A2DD-DX1,1
3351,TCGA-GM-A2DD-DX1_xmin47260_ymin22408_MPP-0.2500+406:1:4,TCGA-GM-A2DD-DX1_xmin47260_ymin22408_MPP-0.2500+406,TCGA-GM-A2DD-DX1,1
3352,TCGA-GM-A2DD-DX1_xmin47260_ymin22408_MPP-0.2500+406:1:5,TCGA-GM-A2DD-DX1_xmin47260_ymin22408_MPP-0.2500+406,TCGA-GM-A2DD-DX1,1
3359,TCGA-GM-A2DD-DX1_xmin47260_ymin22408_MPP-0.2500+409:0:1,TCGA-GM-A2DD-DX1_xmin47260_ymin22408_MPP-0.2500+409,TCGA-GM-A2DD-DX1,1
3360,TCGA-GM-A2DD-DX1_xmin47260_ymin22408_MPP-0.2500+41:1:1,TCGA-GM-A2DD-DX1_xmin47260_ymin22408_MPP-0.2500+41,TCGA-GM-A2DD-DX1,1
3361,TCGA-GM-A2DD-DX1_xmin47260_ymin22408_MPP-0.2500+410:0:1,TCGA-GM-A2DD-DX1_xmin47260_ymin22408_MPP-0.2500+410,TCGA-GM-A2DD-DX1,1
3362,TCGA-GM-A2DD-DX1_xmin47260_ymin22408_MPP-0.2500+411:0:1,TCGA-GM-A2DD-DX1_xmin47260_ymin22408_MPP-0.2500+411,TCGA-GM-A2DD-DX1,1
3363,TCGA-GM-A2DD-DX1_xmin47260_ymin22408_MPP-0.2500+412:0:1,TCGA-GM-A2DD-DX1_xmin47260_ymin22408_MPP-0.2500+412,TCGA-GM-A2DD-DX1,1
3366,TCGA-GM-A2DD-DX1_xmin47260_ymin22408_MPP-0.2500+412:1:3,TCGA-GM-A2DD-DX1_xmin47260_ymin22408_MPP-0.2500+412,TCGA-GM-A2DD-DX1,1
3367,TCGA-GM-A2DD-DX1_xmin47260_ymin22408_MPP-0.2500+413:1:1,TCGA-GM-A2DD-DX1_xmin47260_ymin22408_MPP-0.2500+413,TCGA-GM-A2DD-DX1,1
3368,TCGA-GM-A2DD-DX1_xmin47260_ymin22408_MPP-0.2500+414:1:1,TCGA-GM-A2DD-DX1_xmin47260_ymin22408_MPP-0.2500+414,TCGA-GM-A2DD-DX1,1
3369,TCGA-GM-A2DD-DX1_xmin47260_ymin22408_MPP-0.2500+415:0:1,TCGA-GM-A2DD-DX1_xmin47260_ymin22408_MPP-0.2500+415,TCGA-GM-A2DD-DX1,1
3374,TCGA-GM-A2DD-DX1_xmin47260_ymin22408_MPP-0.2500+416:1:1,TCGA-GM-A2DD-DX1_xmin47260_ymin22408_MPP-0.2500+416,TCGA-GM-A2DD-DX1,1
3375,TCGA-GM-A2DD-DX1_xmin47260_ymin22408_MPP-0.2500+417:0:1,TCGA-GM-A2DD-DX1_xmin47260_ymin22408_MPP-0.2500+417,TCGA-GM-A2DD-DX1,1
3377,TCGA-GM-A2DD-DX1_xmin47260_ymin22408_MPP-0.2500+417:1:1,TCGA-GM-A2DD-DX1_xmin47260_ymin22408_MPP-0.2500+417,TCGA-GM-A2DD-DX1,1
3378,TCGA-GM-A2DD-DX1_xmin47260_ymin22408_MPP-0.2500+418:0:1,TCGA-GM-A2DD-DX1_xmin47260_ymin22408_MPP-0.2500+418,TCGA-GM-A2DD-DX1,1
3379,TCGA-GM-A2DD-DX1_xmin47260_ymin22408_MPP-0.2500+418:0:2,TCGA-GM-A2DD-DX1_xmin47260_ymin22408_MPP-0.2500+418,TCGA-GM-A2DD-DX1,1
3384,TCGA-GM-A2DD-DX1_xmin47260_ymin22408_MPP-0.2500+419:0:3,TCGA-GM-A2DD-DX1_xmin47260_ymin22408_MPP-0.2500+419,TCGA-GM-A2DD-DX1,1
3386,TCGA-GM-A2DD-DX1_xmin47260_ymin22408_MPP-0.2500+419:1:2,TCGA-GM-A2DD-DX1_xmin47260_ymin22408_MPP-0.2500+419,TCGA-GM-A2DD-DX1,1
3387,TCGA-GM-A2DD-DX1_xmin47260_ymin22408_MPP-0.2500+42:1:1,TCGA-GM-A2DD-DX1_xmin47260_ymin22408_MPP-0.2500+42,TCGA-GM-A2DD-DX1,1
3388,TCGA-GM-A2DD-DX1_xmin47260_ymin22408_MPP-0.2500+420:0:1,TCGA-GM-A2DD-DX1_xmin47260_ymin22408_MPP-0.2500+420,TCGA-GM-A2DD-DX1,1
3389,TCGA-GM-A2DD-DX1_xmin47260_ymin22408_MPP-0.2500+421:0:1,TCGA-GM-A2DD-DX1_xmin47260_ymin22408_MPP-0.2500+421,TCGA-GM-A2DD-DX1,1
3390,TCGA-GM-A2DD-DX1_xmin47260_ymin22408_MPP-0.2500+422:0:1,TCGA-GM-A2DD-DX1_xmin47260_ymin22408_MPP-0.2500+422,TCGA-GM-A2DD-DX1,1
3391,TCGA-GM-A2DD-DX1_xmin47260_ymin22408_MPP-0.2500+423:0:1,TCGA-GM-A2DD-DX1_xmin47260_ymin22408_MPP-0.2500+423,TCGA-GM-A2DD-DX1,1
3392,TCGA-GM-A2DD-DX1_xmin47260_ymin22408_MPP-0.2500+424:0:1,TCGA-GM-A2DD-DX1_xmin47260_ymin22408_MPP-0.2500+424,TCGA-GM-A2DD-DX1,1
3393,TCGA-GM-A2DD-DX1_xmin47260_ymin22408_MPP-0.2500+425:0:1,TCGA-GM-A2DD-DX1_xmin47260_ymin22408_MPP-0.2500+425,TCGA-GM-A2DD-DX1,1
3394,TCGA-GM-A2DD-DX1_xmin47260_ymin22408_MPP-0.2500+426:0:1,TCGA-GM-A2DD-DX1_xmin47260_ymin22408_MPP-0.2500+426,TCGA-GM-A2DD-DX1,1
3396,TCGA-GM-A2DD-DX1_xmin47260_ymin22408_MPP-0.2500+428:1:1,TCGA-GM-A2DD-DX1_xmin47260_ymin22408_MPP-0.2500+428,TCGA-GM-A2DD-DX1,1
3398,TCGA-GM-A2DD-DX1_xmin47260_ymin22408_MPP-0.2500+429:1:1,TCGA-GM-A2DD-DX1_xmin47260_ymin22408_MPP-0.2500+429,TCGA-GM-A2DD-DX1,1
3399,TCGA-GM-A2DD-DX1_xmin47260_ymin22408_MPP-0.2500+43:1:1,TCGA-GM-A2DD-DX1_xmin47260_ymin22408_MPP-0.2500+43,TCGA-GM-A2DD-DX1,1
3400,TCGA-GM-A2DD-DX1_xmin47260_ymin22408_MPP-0.2500+430:0:1,TCGA-GM-A2DD-DX1_xmin47260_ymin22408_MPP-0.2500+430,TCGA-GM-A2DD-DX1,1
3401,TCGA-GM-A2DD-DX1_xmin47260_ymin22408_MPP-0.2500+430:0:2,TCGA-GM-A2DD-DX1_xmin47260_ymin22408_MPP-0.2500+430,TCGA-GM-A2DD-DX1,1
3402,TCGA-GM-A2DD-DX1_xmin47260_ymin22408_MPP-0.2500+430:1:1,TCGA-GM-A2DD-DX1_xmin47260_ymin22408_MPP-0.2500+430,TCGA-GM-A2DD-DX1,1
3403,TCGA-GM-A2DD-DX1_xmin47260_ymin22408_MPP-0.2500+430:1:2,TCGA-GM-A2DD-DX1_xmin47260_ymin22408_MPP-0.2500+430,TCGA-GM-A2DD-DX1,1
3404,TCGA-GM-A2DD-DX1_xmin47260_ymin22408_MPP-0.2500+430:1:3,TCGA-GM-A2DD-DX1_xmin47260_ymin22408_MPP-0.2500+430,TCGA-GM-A2DD-DX1,1
3405,TCGA-GM-A2DD-DX1_xmin47260_ymin22408_MPP-0.2500+431:0:1,TCGA-GM-A2DD-DX1_xmin47260_ymin22408_MPP-0.2500+431,TCGA-GM-A2DD-DX1,1
3406,TCGA-GM-A2DD-DX1_xmin47260_ymin22408_MPP-0.2500+431:0:2,TCGA-GM-A2DD-DX1_xmin47260_ymin22408_MPP-0.2500+431,TCGA-GM-A2DD-DX1,1
3407,TCGA-GM-A2DD-DX1_xmin47260_ymin22408_MPP-0.2500+431:1:1,TCGA-GM-A2DD-DX1_xmin47260_ymin22408_MPP-0.2500+431,TCGA-GM-A2DD-DX1,1
3408,TCGA-GM-A2DD-DX1_xmin47260_ymin22408_MPP-0.2500+432:0:1,TCGA-GM-A2DD-DX1_xmin47260_ymin22408_MPP-0.2500+432,TCGA-GM-A2DD-DX1,1
3409,TCGA-GM-A2DD-DX1_xmin47260_ymin22408_MPP-0.2500+432:0:2,TCGA-GM-A2DD-DX1_xmin47260_ymin22408_MPP-0.2500+432,TCGA-GM-A2DD-DX1,1
3411,TCGA-GM-A2DD-DX1_xmin47260_ymin22408_MPP-0.2500+433:0:1,TCGA-GM-A2DD-DX1_xmin47260_ymin22408_MPP-0.2500+433,TCGA-GM-A2DD-DX1,1
3414,TCGA-GM-A2DD-DX1_xmin47260_ymin22408_MPP-0.2500+434:0:1,TCGA-GM-A2DD-DX1_xmin47260_ymin22408_MPP-0.2500+434,TCGA-GM-A2DD-DX1,1
3415,TCGA-GM-A2DD-DX1_xmin47260_ymin22408_MPP-0.2500+434:1:1,TCGA-GM-A2DD-DX1_xmin47260_ymin22408_MPP-0.2500+434,TCGA-GM-A2DD-DX1,1
3418,TCGA-GM-A2DD-DX1_xmin47260_ymin22408_MPP-0.2500+44:1:1,TCGA-GM-A2DD-DX1_xmin47260_ymin22408_MPP-0.2500+44,TCGA-GM-A2DD-DX1,1
3422,TCGA-GM-A2DD-DX1_xmin47260_ymin22408_MPP-0.2500+46:1:1,TCGA-GM-A2DD-DX1_xmin47260_ymin22408_MPP-0.2500+46,TCGA-GM-A2DD-DX1,1
3424,TCGA-GM-A2DD-DX1_xmin47260_ymin22408_MPP-0.2500+46:1:3,TCGA-GM-A2DD-DX1_xmin47260_ymin22408_MPP-0.2500+46,TCGA-GM-A2DD-DX1,1
3427,TCGA-GM-A2DD-DX1_xmin47260_ymin22408_MPP-0.2500+46:2:1,TCGA-GM-A2DD-DX1_xmin47260_ymin22408_MPP-0.2500+46,TCGA-GM-A2DD-DX1,1
3428,TCGA-GM-A2DD-DX1_xmin47260_ymin22408_MPP-0.2500+47:1:1,TCGA-GM-A2DD-DX1_xmin47260_ymin22408_MPP-0.2500+47,TCGA-GM-A2DD-DX1,1
3433,TCGA-GM-A2DD-DX1_xmin47260_ymin22408_MPP-0.2500+48:2:2,TCGA-GM-A2DD-DX1_xmin47260_ymin22408_MPP-0.2500+48,TCGA-GM-A2DD-DX1,1
3437,TCGA-GM-A2DD-DX1_xmin47260_ymin22408_MPP-0.2500+49:2:1,TCGA-GM-A2DD-DX1_xmin47260_ymin22408_MPP-0.2500+49,TCGA-GM-A2DD-DX1,1
3441,TCGA-GM-A2DD-DX1_xmin47260_ymin22408_MPP-0.2500+5:1:1,TCGA-GM-A2DD-DX1_xmin47260_ymin22408_MPP-0.2500+5,TCGA-GM-A2DD-DX1,1
3442,TCGA-GM-A2DD-DX1_xmin47260_ymin22408_MPP-0.2500+50:1:1,TCGA-GM-A2DD-DX1_xmin47260_ymin22408_MPP-0.2500+50,TCGA-GM-A2DD-DX1,1
3443,TCGA-GM-A2DD-DX1_xmin47260_ymin22408_MPP-0.2500+51:1:1,TCGA-GM-A2DD-DX1_xmin47260_ymin22408_MPP-0.2500+51,TCGA-GM-A2DD-DX1,1
3447,TCGA-GM-A2DD-DX1_xmin47260_ymin22408_MPP-0.2500+53:1:1,TCGA-GM-A2DD-DX1_xmin47260_ymin22408_MPP-0.2500+53,TCGA-GM-A2DD-DX1,1
3448,TCGA-GM-A2DD-DX1_xmin47260_ymin22408_MPP-0.2500+54:1:1,TCGA-GM-A2DD-DX1_xmin47260_ymin22408_MPP-0.2500+54,TCGA-GM-A2DD-DX1,1
3449,TCGA-GM-A2DD-DX1_xmin47260_ymin22408_MPP-0.2500+55:1:1,TCGA-GM-A2DD-DX1_xmin47260_ymin22408_MPP-0.2500+55,TCGA-GM-A2DD-DX1,1
3450,TCGA-GM-A2DD-DX1_xmin47260_ymin22408_MPP-0.2500+56:1:1,TCGA-GM-A2DD-DX1_xmin47260_ymin22408_MPP-0.2500+56,TCGA-GM-A2DD-DX1,1
3451,TCGA-GM-A2DD-DX1_xmin47260_ymin22408_MPP-0.2500+57:1:1,TCGA-GM-A2DD-DX1_xmin47260_ymin22408_MPP-0.2500+57,TCGA-GM-A2DD-DX1,1
3452,TCGA-GM-A2DD-DX1_xmin47260_ymin22408_MPP-0.2500+58:1:1,TCGA-GM-A2DD-DX1_xmin47260_ymin22408_MPP-0.2500+58,TCGA-GM-A2DD-DX1,1
3453,TCGA-GM-A2DD-DX1_xmin47260_ymin22408_MPP-0.2500+59:1:1,TCGA-GM-A2DD-DX1_xmin47260_ymin22408_MPP-0.2500+59,TCGA-GM-A2DD-DX1,1
3454,TCGA-GM-A2DD-DX1_xmin47260_ymin22408_MPP-0.2500+6:1:1,TCGA-GM-A2DD-DX1_xmin47260_ymin22408_MPP-0.2500+6,TCGA-GM-A2DD-DX1,1
3455,TCGA-GM-A2DD-DX1_xmin47260_ymin22408_MPP-0.2500+60:1:1,TCGA-GM-A2DD-DX1_xmin47260_ymin22408_MPP-0.2500+60,TCGA-GM-A2DD-DX1,1
3459,TCGA-GM-A2DD-DX1_xmin47260_ymin22408_MPP-0.2500+60:2:4,TCGA-GM-A2DD-DX1_xmin47260_ymin22408_MPP-0.2500+60,TCGA-GM-A2DD-DX1,1
3462,TCGA-GM-A2DD-DX1_xmin47260_ymin22408_MPP-0.2500+61:2:1,TCGA-GM-A2DD-DX1_xmin47260_ymin22408_MPP-0.2500+61,TCGA-GM-A2DD-DX1,1
3463,TCGA-GM-A2DD-DX1_xmin47260_ymin22408_MPP-0.2500+61:2:2,TCGA-GM-A2DD-DX1_xmin47260_ymin22408_MPP-0.2500+61,TCGA-GM-A2DD-DX1,1
3464,TCGA-GM-A2DD-DX1_xmin47260_ymin22408_MPP-0.2500+61:2:3,TCGA-GM-A2DD-DX1_xmin47260_ymin22408_MPP-0.2500+61,TCGA-GM-A2DD-DX1,1
3466,TCGA-GM-A2DD-DX1_xmin47260_ymin22408_MPP-0.2500+63:0:1,TCGA-GM-A2DD-DX1_xmin47260_ymin22408_MPP-0.2500+63,TCGA-GM-A2DD-DX1,1
3468,TCGA-GM-A2DD-DX1_xmin47260_ymin22408_MPP-0.2500+63:0:4,TCGA-GM-A2DD-DX1_xmin47260_ymin22408_MPP-0.2500+63,TCGA-GM-A2DD-DX1,1
3469,TCGA-GM-A2DD-DX1_xmin47260_ymin22408_MPP-0.2500+63:1:1,TCGA-GM-A2DD-DX1_xmin47260_ymin22408_MPP-0.2500+63,TCGA-GM-A2DD-DX1,1
3470,TCGA-GM-A2DD-DX1_xmin47260_ymin22408_MPP-0.2500+64:1:1,TCGA-GM-A2DD-DX1_xmin47260_ymin22408_MPP-0.2500+64,TCGA-GM-A2DD-DX1,1
3471,TCGA-GM-A2DD-DX1_xmin47260_ymin22408_MPP-0.2500+65:1:1,TCGA-GM-A2DD-DX1_xmin47260_ymin22408_MPP-0.2500+65,TCGA-GM-A2DD-DX1,1
3472,TCGA-GM-A2DD-DX1_xmin47260_ymin22408_MPP-0.2500+66:0:1,TCGA-GM-A2DD-DX1_xmin47260_ymin22408_MPP-0.2500+66,TCGA-GM-A2DD-DX1,1
3473,TCGA-GM-A2DD-DX1_xmin47260_ymin22408_MPP-0.2500+66:1:1,TCGA-GM-A2DD-DX1_xmin47260_ymin22408_MPP-0.2500+66,TCGA-GM-A2DD-DX1,1
3474,TCGA-GM-A2DD-DX1_xmin47260_ymin22408_MPP-0.2500+66:1:2,TCGA-GM-A2DD-DX1_xmin47260_ymin22408_MPP-0.2500+66,TCGA-GM-A2DD-DX1,1
3475,TCGA-GM-A2DD-DX1_xmin47260_ymin22408_MPP-0.2500+67:0:1,TCGA-GM-A2DD-DX1_xmin47260_ymin22408_MPP-0.2500+67,TCGA-GM-A2DD-DX1,1
3476,TCGA-GM-A2DD-DX1_xmin47260_ymin22408_MPP-0.2500+68:0:1,TCGA-GM-A2DD-DX1_xmin47260_ymin22408_MPP-0.2500+68,TCGA-GM-A2DD-DX1,1
3477,TCGA-GM-A2DD-DX1_xmin47260_ymin22408_MPP-0.2500+68:1:1,TCGA-GM-A2DD-DX1_xmin47260_ymin22408_MPP-0.2500+68,TCGA-GM-A2DD-DX1,1
3478,TCGA-GM-A2DD-DX1_xmin47260_ymin22408_MPP-0.2500+68:1:2,TCGA-GM-A2DD-DX1_xmin47260_ymin22408_MPP-0.2500+68,TCGA-GM-A2DD-DX1,1
3479,TCGA-GM-A2DD-DX1_xmin47260_ymin22408_MPP-0.2500+69:1:1,TCGA-GM-A2DD-DX1_xmin47260_ymin22408_MPP-0.2500+69,TCGA-GM-A2DD-DX1,1
3480,TCGA-GM-A2DD-DX1_xmin47260_ymin22408_MPP-0.2500+7:1:1,TCGA-GM-A2DD-DX1_xmin47260_ymin22408_MPP-0.2500+7,TCGA-GM-A2DD-DX1,1
3481,TCGA-GM-A2DD-DX1_xmin47260_ymin22408_MPP-0.2500+70:1:1,TCGA-GM-A2DD-DX1_xmin47260_ymin22408_MPP-0.2500+70,TCGA-GM-A2DD-DX1,1
3482,TCGA-GM-A2DD-DX1_xmin47260_ymin22408_MPP-0.2500+71:1:1,TCGA-GM-A2DD-DX1_xmin47260_ymin22408_MPP-0.2500+71,TCGA-GM-A2DD-DX1,1
3483,TCGA-GM-A2DD-DX1_xmin47260_ymin22408_MPP-0.2500+72:1:1,TCGA-GM-A2DD-DX1_xmin47260_ymin22408_MPP-0.2500+72,TCGA-GM-A2DD-DX1,1
3484,TCGA-GM-A2DD-DX1_xmin47260_ymin22408_MPP-0.2500+73:1:1,TCGA-GM-A2DD-DX1_xmin47260_ymin22408_MPP-0.2500+73,TCGA-GM-A2DD-DX1,1
3485,TCGA-GM-A2DD-DX1_xmin47260_ymin22408_MPP-0.2500+74:1:1,TCGA-GM-A2DD-DX1_xmin47260_ymin22408_MPP-0.2500+74,TCGA-GM-A2DD-DX1,1
3486,TCGA-GM-A2DD-DX1_xmin47260_ymin22408_MPP-0.2500+75:1:1,TCGA-GM-A2DD-DX1_xmin47260_ymin22408_MPP-0.2500+75,TCGA-GM-A2DD-DX1,1
3487,TCGA-GM-A2DD-DX1_xmin47260_ymin22408_MPP-0.2500+75:1:2,TCGA-GM-A2DD-DX1_xmin47260_ymin22408_MPP-0.2500+75,TCGA-GM-A2DD-DX1,1
3489,TCGA-GM-A2DD-DX1_xmin47260_ymin22408_MPP-0.2500+75:2:2,TCGA-GM-A2DD-DX1_xmin47260_ymin22408_MPP-0.2500+75,TCGA-GM-A2DD-DX1,1
3491,TCGA-GM-A2DD-DX1_xmin47260_ymin22408_MPP-0.2500+75:2:4,TCGA-GM-A2DD-DX1_xmin47260_ymin22408_MPP-0.2500+75,TCGA-GM-A2DD-DX1,1
3494,TCGA-GM-A2DD-DX1_xmin47260_ymin22408_MPP-0.2500+76:1:1,TCGA-GM-A2DD-DX1_xmin47260_ymin22408_MPP-0.2500+76,TCGA-GM-A2DD-DX1,1
3495,TCGA-GM-A2DD-DX1_xmin47260_ymin22408_MPP-0.2500+76:2:1,TCGA-GM-A2DD-DX1_xmin47260_ymin22408_MPP-0.2500+76,TCGA-GM-A2DD-DX1,1
3496,TCGA-GM-A2DD-DX1_xmin47260_ymin22408_MPP-0.2500+76:2:2,TCGA-GM-A2DD-DX1_xmin47260_ymin22408_MPP-0.2500+76,TCGA-GM-A2DD-DX1,1
3497,TCGA-GM-A2DD-DX1_xmin47260_ymin22408_MPP-0.2500+77:1:1,TCGA-GM-A2DD-DX1_xmin47260_ymin22408_MPP-0.2500+77,TCGA-GM-A2DD-DX1,1
3498,TCGA-GM-A2DD-DX1_xmin47260_ymin22408_MPP-0.2500+78:0:1,TCGA-GM-A2DD-DX1_xmin47260_ymin22408_MPP-0.2500+78,TCGA-GM-A2DD-DX1,1
3500,TCGA-GM-A2DD-DX1_xmin47260_ymin22408_MPP-0.2500+78:1:1,TCGA-GM-A2DD-DX1_xmin47260_ymin22408_MPP-0.2500+78,TCGA-GM-A2DD-DX1,1
3501,TCGA-GM-A2DD-DX1_xmin47260_ymin22408_MPP-0.2500+79:1:1,TCGA-GM-A2DD-DX1_xmin47260_ymin22408_MPP-0.2500+79,TCGA-GM-A2DD-DX1,1
3502,TCGA-GM-A2DD-DX1_xmin47260_ymin22408_MPP-0.2500+8:1:1,TCGA-GM-A2DD-DX1_xmin47260_ymin22408_MPP-0.2500+8,TCGA-GM-A2DD-DX1,1
3503,TCGA-GM-A2DD-DX1_xmin47260_ymin22408_MPP-0.2500+80:1:1,TCGA-GM-A2DD-DX1_xmin47260_ymin22408_MPP-0.2500+80,TCGA-GM-A2DD-DX1,1
3504,TCGA-GM-A2DD-DX1_xmin47260_ymin22408_MPP-0.2500+81:0:1,TCGA-GM-A2DD-DX1_xmin47260_ymin22408_MPP-0.2500+81,TCGA-GM-A2DD-DX1,1
3505,TCGA-GM-A2DD-DX1_xmin47260_ymin22408_MPP-0.2500+81:1:1,TCGA-GM-A2DD-DX1_xmin47260_ymin22408_MPP-0.2500+81,TCGA-GM-A2DD-DX1,1
3506,TCGA-GM-A2DD-DX1_xmin47260_ymin22408_MPP-0.2500+81:1:2,TCGA-GM-A2DD-DX1_xmin47260_ymin22408_MPP-0.2500+81,TCGA-GM-A2DD-DX1,1
3507,TCGA-GM-A2DD-DX1_xmin47260_ymin22408_MPP-0.2500+82:0:1,TCGA-GM-A2DD-DX1_xmin47260_ymin22408_MPP-0.2500+82,TCGA-GM-A2DD-DX1,1
3514,TCGA-GM-A2DD-DX1_xmin47260_ymin22408_MPP-0.2500+83:1:1,TCGA-GM-A2DD-DX1_xmin47260_ymin22408_MPP-0.2500+83,TCGA-GM-A2DD-DX1,1
3515,TCGA-GM-A2DD-DX1_xmin47260_ymin22408_MPP-0.2500+83:1:2,TCGA-GM-A2DD-DX1_xmin47260_ymin22408_MPP-0.2500+83,TCGA-GM-A2DD-DX1,1
3516,TCGA-GM-A2DD-DX1_xmin47260_ymin22408_MPP-0.2500+84:1:1,TCGA-GM-A2DD-DX1_xmin47260_ymin22408_MPP-0.2500+84,TCGA-GM-A2DD-DX1,1
3517,TCGA-GM-A2DD-DX1_xmin47260_ymin22408_MPP-0.2500+85:1:1,TCGA-GM-A2DD-DX1_xmin47260_ymin22408_MPP-0.2500+85,TCGA-GM-A2DD-DX1,1
3518,TCGA-GM-A2DD-DX1_xmin47260_ymin22408_MPP-0.2500+86:1:1,TCGA-GM-A2DD-DX1_xmin47260_ymin22408_MPP-0.2500+86,TCGA-GM-A2DD-DX1,1
3519,TCGA-GM-A2DD-DX1_xmin47260_ymin22408_MPP-0.2500+87:1:1,TCGA-GM-A2DD-DX1_xmin47260_ymin22408_MPP-0.2500+87,TCGA-GM-A2DD-DX1,1
3520,TCGA-GM-A2DD-DX1_xmin47260_ymin22408_MPP-0.2500+88:1:1,TCGA-GM-A2DD-DX1_xmin47260_ymin22408_MPP-0.2500+88,TCGA-GM-A2DD-DX1,1
3521,TCGA-GM-A2DD-DX1_xmin47260_ymin22408_MPP-0.2500+89:1:1,TCGA-GM-A2DD-DX1_xmin47260_ymin22408_MPP-0.2500+89,TCGA-GM-A2DD-DX1,1
3523,TCGA-GM-A2DD-DX1_xmin47260_ymin22408_MPP-0.2500+90:1:1,TCGA-GM-A2DD-DX1_xmin47260_ymin22408_MPP-0.2500+90,TCGA-GM-A2DD-DX1,1
3524,TCGA-GM-A2DD-DX1_xmin47260_ymin22408_MPP-0.2500+91:1:1,TCGA-GM-A2DD-DX1_xmin47260_ymin22408_MPP-0.2500+91,TCGA-GM-A2DD-DX1,1
3525,TCGA-GM-A2DD-DX1_xmin47260_ymin22408_MPP-0.2500+92:1:1,TCGA-GM-A2DD-DX1_xmin47260_ymin22408_MPP-0.2500+92,TCGA-GM-A2DD-DX1,1
3526,TCGA-GM-A2DD-DX1_xmin47260_ymin22408_MPP-0.2500+93:0:1,TCGA-GM-A2DD-DX1_xmin47260_ymin22408_MPP-0.2500+93,TCGA-GM-A2DD-DX1,1
3527,TCGA-GM-A2DD-DX1_xmin47260_ymin22408_MPP-0.2500+93:1:1,TCGA-GM-A2DD-DX1_xmin47260_ymin22408_MPP-0.2500+93,TCGA-GM-A2DD-DX1,1
3528,TCGA-GM-A2DD-DX1_xmin47260_ymin22408_MPP-0.2500+94:1:1,TCGA-GM-A2DD-DX1_xmin47260_ymin22408_MPP-0.2500+94,TCGA-GM-A2DD-DX1,1
3530,TCGA-GM-A2DD-DX1_xmin47260_ymin22408_MPP-0.2500+96:1:1,TCGA-GM-A2DD-DX1_xmin47260_ymin22408_MPP-0.2500+96,TCGA-GM-A2DD-DX1,1
3531,TCGA-GM-A2DD-DX1_xmin47260_ymin22408_MPP-0.2500+97:1:1,TCGA-GM-A2DD-DX1_xmin47260_ymin22408_MPP-0.2500+97,TCGA-GM-A2DD-DX1,1
3533,TCGA-GM-A2DD-DX1_xmin47260_ymin22408_MPP-0.2500+99:1:1,TCGA-GM-A2DD-DX1_xmin47260_ymin22408_MPP-0.2500+99,TCGA-GM-A2DD-DX1,1
3534,TCGA-GM-A2DF-DX1_xmin50637_ymin43774_MPP-0.2500+0:2:1,TCGA-GM-A2DF-DX1_xmin50637_ymin43774_MPP-0.2500+0,TCGA-GM-A2DF-DX1,3
3535,TCGA-GM-A2DF-DX1_xmin50637_ymin43774_MPP-0.2500+1:2:1,TCGA-GM-A2DF-DX1_xmin50637_ymin43774_MPP-0.2500+1,TCGA-GM-A2DF-DX1,3
3551,TCGA-GM-A2DF-DX1_xmin50637_ymin43774_MPP-0.2500+103:0:1,TCGA-GM-A2DF-DX1_xmin50637_ymin43774_MPP-0.2500+103,TCGA-GM-A2DF-DX1,3
3553,TCGA-GM-A2DF-DX1_xmin50637_ymin43774_MPP-0.2500+103:2:1,TCGA-GM-A2DF-DX1_xmin50637_ymin43774_MPP-0.2500+103,TCGA-GM-A2DF-DX1,3
3554,TCGA-GM-A2DF-DX1_xmin50637_ymin43774_MPP-0.2500+103:2:3,TCGA-GM-A2DF-DX1_xmin50637_ymin43774_MPP-0.2500+103,TCGA-GM-A2DF-DX1,3
3558,TCGA-GM-A2DF-DX1_xmin50637_ymin43774_MPP-0.2500+106:1:1,TCGA-GM-A2DF-DX1_xmin50637_ymin43774_MPP-0.2500+106,TCGA-GM-A2DF-DX1,3
3559,TCGA-GM-A2DF-DX1_xmin50637_ymin43774_MPP-0.2500+107:1:1,TCGA-GM-A2DF-DX1_xmin50637_ymin43774_MPP-0.2500+107,TCGA-GM-A2DF-DX1,3
3560,TCGA-GM-A2DF-DX1_xmin50637_ymin43774_MPP-0.2500+108:1:1,TCGA-GM-A2DF-DX1_xmin50637_ymin43774_MPP-0.2500+108,TCGA-GM-A2DF-DX1,3
3561,TCGA-GM-A2DF-DX1_xmin50637_ymin43774_MPP-0.2500+109:0:1,TCGA-GM-A2DF-DX1_xmin50637_ymin43774_MPP-0.2500+109,TCGA-GM-A2DF-DX1,3
3563,TCGA-GM-A2DF-DX1_xmin50637_ymin43774_MPP-0.2500+109:2:3,TCGA-GM-A2DF-DX1_xmin50637_ymin43774_MPP-0.2500+109,TCGA-GM-A2DF-DX1,3
3564,TCGA-GM-A2DF-DX1_xmin50637_ymin43774_MPP-0.2500+11:2:1,TCGA-GM-A2DF-DX1_xmin50637_ymin43774_MPP-0.2500+11,TCGA-GM-A2DF-DX1,3
3568,TCGA-GM-A2DF-DX1_xmin50637_ymin43774_MPP-0.2500+110:0:6,TCGA-GM-A2DF-DX1_xmin50637_ymin43774_MPP-0.2500+110,TCGA-GM-A2DF-DX1,3
3569,TCGA-GM-A2DF-DX1_xmin50637_ymin43774_MPP-0.2500+110:1:1,TCGA-GM-A2DF-DX1_xmin50637_ymin43774_MPP-0.2500+110,TCGA-GM-A2DF-DX1,3
3575,TCGA-GM-A2DF-DX1_xmin50637_ymin43774_MPP-0.2500+112:1:3,TCGA-GM-A2DF-DX1_xmin50637_ymin43774_MPP-0.2500+112,TCGA-GM-A2DF-DX1,3
3576,TCGA-GM-A2DF-DX1_xmin50637_ymin43774_MPP-0.2500+112:1:4,TCGA-GM-A2DF-DX1_xmin50637_ymin43774_MPP-0.2500+112,TCGA-GM-A2DF-DX1,3
3584,TCGA-GM-A2DF-DX1_xmin50637_ymin43774_MPP-0.2500+119:1:1,TCGA-GM-A2DF-DX1_xmin50637_ymin43774_MPP-0.2500+119,TCGA-GM-A2DF-DX1,3
3585,TCGA-GM-A2DF-DX1_xmin50637_ymin43774_MPP-0.2500+12:0:1,TCGA-GM-A2DF-DX1_xmin50637_ymin43774_MPP-0.2500+12,TCGA-GM-A2DF-DX1,3
3587,TCGA-GM-A2DF-DX1_xmin50637_ymin43774_MPP-0.2500+12:1:2,TCGA-GM-A2DF-DX1_xmin50637_ymin43774_MPP-0.2500+12,TCGA-GM-A2DF-DX1,3
3589,TCGA-GM-A2DF-DX1_xmin50637_ymin43774_MPP-0.2500+12:2:1,TCGA-GM-A2DF-DX1_xmin50637_ymin43774_MPP-0.2500+12,TCGA-GM-A2DF-DX1,3
3590,TCGA-GM-A2DF-DX1_xmin50637_ymin43774_MPP-0.2500+120:1:1,TCGA-GM-A2DF-DX1_xmin50637_ymin43774_MPP-0.2500+120,TCGA-GM-A2DF-DX1,3
3591,TCGA-GM-A2DF-DX1_xmin50637_ymin43774_MPP-0.2500+121:1:1,TCGA-GM-A2DF-DX1_xmin50637_ymin43774_MPP-0.2500+121,TCGA-GM-A2DF-DX1,3
3600,TCGA-GM-A2DF-DX1_xmin50637_ymin43774_MPP-0.2500+125:0:2,TCGA-GM-A2DF-DX1_xmin50637_ymin43774_MPP-0.2500+125,TCGA-GM-A2DF-DX1,3
3605,TCGA-GM-A2DF-DX1_xmin50637_ymin43774_MPP-0.2500+126:1:2,TCGA-GM-A2DF-DX1_xmin50637_ymin43774_MPP-0.2500+126,TCGA-GM-A2DF-DX1,3
3609,TCGA-GM-A2DF-DX1_xmin50637_ymin43774_MPP-0.2500+127:1:3,TCGA-GM-A2DF-DX1_xmin50637_ymin43774_MPP-0.2500+127,TCGA-GM-A2DF-DX1,3
3610,TCGA-GM-A2DF-DX1_xmin50637_ymin43774_MPP-0.2500+127:1:4,TCGA-GM-A2DF-DX1_xmin50637_ymin43774_MPP-0.2500+127,TCGA-GM-A2DF-DX1,3
3611,TCGA-GM-A2DF-DX1_xmin50637_ymin43774_MPP-0.2500+127:1:5,TCGA-GM-A2DF-DX1_xmin50637_ymin43774_MPP-0.2500+127,TCGA-GM-A2DF-DX1,3
3616,TCGA-GM-A2DF-DX1_xmin50637_ymin43774_MPP-0.2500+13:0:1,TCGA-GM-A2DF-DX1_xmin50637_ymin43774_MPP-0.2500+13,TCGA-GM-A2DF-DX1,3
3622,TCGA-GM-A2DF-DX1_xmin50637_ymin43774_MPP-0.2500+132:1:1,TCGA-GM-A2DF-DX1_xmin50637_ymin43774_MPP-0.2500+132,TCGA-GM-A2DF-DX1,3
3623,TCGA-GM-A2DF-DX1_xmin50637_ymin43774_MPP-0.2500+133:1:1,TCGA-GM-A2DF-DX1_xmin50637_ymin43774_MPP-0.2500+133,TCGA-GM-A2DF-DX1,3
3624,TCGA-GM-A2DF-DX1_xmin50637_ymin43774_MPP-0.2500+134:1:1,TCGA-GM-A2DF-DX1_xmin50637_ymin43774_MPP-0.2500+134,TCGA-GM-A2DF-DX1,3
3626,TCGA-GM-A2DF-DX1_xmin50637_ymin43774_MPP-0.2500+136:1:1,TCGA-GM-A2DF-DX1_xmin50637_ymin43774_MPP-0.2500+136,TCGA-GM-A2DF-DX1,3
3627,TCGA-GM-A2DF-DX1_xmin50637_ymin43774_MPP-0.2500+137:1:1,TCGA-GM-A2DF-DX1_xmin50637_ymin43774_MPP-0.2500+137,TCGA-GM-A2DF-DX1,3
3632,TCGA-GM-A2DF-DX1_xmin50637_ymin43774_MPP-0.2500+138:0:1,TCGA-GM-A2DF-DX1_xmin50637_ymin43774_MPP-0.2500+138,TCGA-GM-A2DF-DX1,3
3633,TCGA-GM-A2DF-DX1_xmin50637_ymin43774_MPP-0.2500+138:0:2,TCGA-GM-A2DF-DX1_xmin50637_ymin43774_MPP-0.2500+138,TCGA-GM-A2DF-DX1,3
3640,TCGA-GM-A2DF-DX1_xmin50637_ymin43774_MPP-0.2500+14:0:1,TCGA-GM-A2DF-DX1_xmin50637_ymin43774_MPP-0.2500+14,TCGA-GM-A2DF-DX1,3
3641,TCGA-GM-A2DF-DX1_xmin50637_ymin43774_MPP-0.2500+14:0:2,TCGA-GM-A2DF-DX1_xmin50637_ymin43774_MPP-0.2500+14,TCGA-GM-A2DF-DX1,3
3646,TCGA-GM-A2DF-DX1_xmin50637_ymin43774_MPP-0.2500+140:2:3,TCGA-GM-A2DF-DX1_xmin50637_ymin43774_MPP-0.2500+140,TCGA-GM-A2DF-DX1,3
3647,TCGA-GM-A2DF-DX1_xmin50637_ymin43774_MPP-0.2500+141:1:1,TCGA-GM-A2DF-DX1_xmin50637_ymin43774_MPP-0.2500+141,TCGA-GM-A2DF-DX1,3
3648,TCGA-GM-A2DF-DX1_xmin50637_ymin43774_MPP-0.2500+141:2:1,TCGA-GM-A2DF-DX1_xmin50637_ymin43774_MPP-0.2500+141,TCGA-GM-A2DF-DX1,3
3649,TCGA-GM-A2DF-DX1_xmin50637_ymin43774_MPP-0.2500+141:2:2,TCGA-GM-A2DF-DX1_xmin50637_ymin43774_MPP-0.2500+141,TCGA-GM-A2DF-DX1,3
3652,TCGA-GM-A2DF-DX1_xmin50637_ymin43774_MPP-0.2500+142:1:1,TCGA-GM-A2DF-DX1_xmin50637_ymin43774_MPP-0.2500+142,TCGA-GM-A2DF-DX1,3
3654,TCGA-GM-A2DF-DX1_xmin50637_ymin43774_MPP-0.2500+144:1:1,TCGA-GM-A2DF-DX1_xmin50637_ymin43774_MPP-0.2500+144,TCGA-GM-A2DF-DX1,3
3655,TCGA-GM-A2DF-DX1_xmin50637_ymin43774_MPP-0.2500+145:1:1,TCGA-GM-A2DF-DX1_xmin50637_ymin43774_MPP-0.2500+145,TCGA-GM-A2DF-DX1,3
3656,TCGA-GM-A2DF-DX1_xmin50637_ymin43774_MPP-0.2500+146:1:1,TCGA-GM-A2DF-DX1_xmin50637_ymin43774_MPP-0.2500+146,TCGA-GM-A2DF-DX1,3
3657,TCGA-GM-A2DF-DX1_xmin50637_ymin43774_MPP-0.2500+147:1:1,TCGA-GM-A2DF-DX1_xmin50637_ymin43774_MPP-0.2500+147,TCGA-GM-A2DF-DX1,3
3658,TCGA-GM-A2DF-DX1_xmin50637_ymin43774_MPP-0.2500+148:1:1,TCGA-GM-A2DF-DX1_xmin50637_ymin43774_MPP-0.2500+148,TCGA-GM-A2DF-DX1,3
3659,TCGA-GM-A2DF-DX1_xmin50637_ymin43774_MPP-0.2500+149:1:1,TCGA-GM-A2DF-DX1_xmin50637_ymin43774_MPP-0.2500+149,TCGA-GM-A2DF-DX1,3
3676,TCGA-GM-A2DF-DX1_xmin50637_ymin43774_MPP-0.2500+153:1:1,TCGA-GM-A2DF-DX1_xmin50637_ymin43774_MPP-0.2500+153,TCGA-GM-A2DF-DX1,3
3680,TCGA-GM-A2DF-DX1_xmin50637_ymin43774_MPP-0.2500+153:2:2,TCGA-GM-A2DF-DX1_xmin50637_ymin43774_MPP-0.2500+153,TCGA-GM-A2DF-DX1,3
3682,TCGA-GM-A2DF-DX1_xmin50637_ymin43774_MPP-0.2500+154:1:2,TCGA-GM-A2DF-DX1_xmin50637_ymin43774_MPP-0.2500+154,TCGA-GM-A2DF-DX1,3
3686,TCGA-GM-A2DF-DX1_xmin50637_ymin43774_MPP-0.2500+155:1:1,TCGA-GM-A2DF-DX1_xmin50637_ymin43774_MPP-0.2500+155,TCGA-GM-A2DF-DX1,3
3688,TCGA-GM-A2DF-DX1_xmin50637_ymin43774_MPP-0.2500+157:1:1,TCGA-GM-A2DF-DX1_xmin50637_ymin43774_MPP-0.2500+157,TCGA-GM-A2DF-DX1,3
3689,TCGA-GM-A2DF-DX1_xmin50637_ymin43774_MPP-0.2500+158:1:1,TCGA-GM-A2DF-DX1_xmin50637_ymin43774_MPP-0.2500+158,TCGA-GM-A2DF-DX1,3
3690,TCGA-GM-A2DF-DX1_xmin50637_ymin43774_MPP-0.2500+159:1:1,TCGA-GM-A2DF-DX1_xmin50637_ymin43774_MPP-0.2500+159,TCGA-GM-A2DF-DX1,3
3692,TCGA-GM-A2DF-DX1_xmin50637_ymin43774_MPP-0.2500+16:0:2,TCGA-GM-A2DF-DX1_xmin50637_ymin43774_MPP-0.2500+16,TCGA-GM-A2DF-DX1,3
3694,TCGA-GM-A2DF-DX1_xmin50637_ymin43774_MPP-0.2500+160:1:1,TCGA-GM-A2DF-DX1_xmin50637_ymin43774_MPP-0.2500+160,TCGA-GM-A2DF-DX1,3
3695,TCGA-GM-A2DF-DX1_xmin50637_ymin43774_MPP-0.2500+161:1:1,TCGA-GM-A2DF-DX1_xmin50637_ymin43774_MPP-0.2500+161,TCGA-GM-A2DF-DX1,3
3696,TCGA-GM-A2DF-DX1_xmin50637_ymin43774_MPP-0.2500+162:1:1,TCGA-GM-A2DF-DX1_xmin50637_ymin43774_MPP-0.2500+162,TCGA-GM-A2DF-DX1,3
3705,TCGA-GM-A2DF-DX1_xmin50637_ymin43774_MPP-0.2500+165:2:1,TCGA-GM-A2DF-DX1_xmin50637_ymin43774_MPP-0.2500+165,TCGA-GM-A2DF-DX1,3
3708,TCGA-GM-A2DF-DX1_xmin50637_ymin43774_MPP-0.2500+165:2:4,TCGA-GM-A2DF-DX1_xmin50637_ymin43774_MPP-0.2500+165,TCGA-GM-A2DF-DX1,3
3714,TCGA-GM-A2DF-DX1_xmin50637_ymin43774_MPP-0.2500+166:1:6,TCGA-GM-A2DF-DX1_xmin50637_ymin43774_MPP-0.2500+166,TCGA-GM-A2DF-DX1,3
3716,TCGA-GM-A2DF-DX1_xmin50637_ymin43774_MPP-0.2500+166:2:2,TCGA-GM-A2DF-DX1_xmin50637_ymin43774_MPP-0.2500+166,TCGA-GM-A2DF-DX1,3
3720,TCGA-GM-A2DF-DX1_xmin50637_ymin43774_MPP-0.2500+167:1:3,TCGA-GM-A2DF-DX1_xmin50637_ymin43774_MPP-0.2500+167,TCGA-GM-A2DF-DX1,3
3721,TCGA-GM-A2DF-DX1_xmin50637_ymin43774_MPP-0.2500+167:2:1,TCGA-GM-A2DF-DX1_xmin50637_ymin43774_MPP-0.2500+167,TCGA-GM-A2DF-DX1,3
3722,TCGA-GM-A2DF-DX1_xmin50637_ymin43774_MPP-0.2500+167:2:2,TCGA-GM-A2DF-DX1_xmin50637_ymin43774_MPP-0.2500+167,TCGA-GM-A2DF-DX1,3
3723,TCGA-GM-A2DF-DX1_xmin50637_ymin43774_MPP-0.2500+167:2:3,TCGA-GM-A2DF-DX1_xmin50637_ymin43774_MPP-0.2500+167,TCGA-GM-A2DF-DX1,3
3725,TCGA-GM-A2DF-DX1_xmin50637_ymin43774_MPP-0.2500+168:1:1,TCGA-GM-A2DF-DX1_xmin50637_ymin43774_MPP-0.2500+168,TCGA-GM-A2DF-DX1,3
3728,TCGA-GM-A2DF-DX1_xmin50637_ymin43774_MPP-0.2500+17:1:1,TCGA-GM-A2DF-DX1_xmin50637_ymin43774_MPP-0.2500+17,TCGA-GM-A2DF-DX1,3
3730,TCGA-GM-A2DF-DX1_xmin50637_ymin43774_MPP-0.2500+171:1:1,TCGA-GM-A2DF-DX1_xmin50637_ymin43774_MPP-0.2500+171,TCGA-GM-A2DF-DX1,3
3731,TCGA-GM-A2DF-DX1_xmin50637_ymin43774_MPP-0.2500+172:1:1,TCGA-GM-A2DF-DX1_xmin50637_ymin43774_MPP-0.2500+172,TCGA-GM-A2DF-DX1,3
3732,TCGA-GM-A2DF-DX1_xmin50637_ymin43774_MPP-0.2500+173:1:1,TCGA-GM-A2DF-DX1_xmin50637_ymin43774_MPP-0.2500+173,TCGA-GM-A2DF-DX1,3
3733,TCGA-GM-A2DF-DX1_xmin50637_ymin43774_MPP-0.2500+174:1:1,TCGA-GM-A2DF-DX1_xmin50637_ymin43774_MPP-0.2500+174,TCGA-GM-A2DF-DX1,3
3734,TCGA-GM-A2DF-DX1_xmin50637_ymin43774_MPP-0.2500+175:1:1,TCGA-GM-A2DF-DX1_xmin50637_ymin43774_MPP-0.2500+175,TCGA-GM-A2DF-DX1,3
3736,TCGA-GM-A2DF-DX1_xmin50637_ymin43774_MPP-0.2500+176:1:3,TCGA-GM-A2DF-DX1_xmin50637_ymin43774_MPP-0.2500+176,TCGA-GM-A2DF-DX1,3
3744,TCGA-GM-A2DF-DX1_xmin50637_ymin43774_MPP-0.2500+18:1:1,TCGA-GM-A2DF-DX1_xmin50637_ymin43774_MPP-0.2500+18,TCGA-GM-A2DF-DX1,3
3746,TCGA-GM-A2DF-DX1_xmin50637_ymin43774_MPP-0.2500+18:2:2,TCGA-GM-A2DF-DX1_xmin50637_ymin43774_MPP-0.2500+18,TCGA-GM-A2DF-DX1,3
3752,TCGA-GM-A2DF-DX1_xmin50637_ymin43774_MPP-0.2500+180:2:3,TCGA-GM-A2DF-DX1_xmin50637_ymin43774_MPP-0.2500+180,TCGA-GM-A2DF-DX1,3
3754,TCGA-GM-A2DF-DX1_xmin50637_ymin43774_MPP-0.2500+180:2:5,TCGA-GM-A2DF-DX1_xmin50637_ymin43774_MPP-0.2500+180,TCGA-GM-A2DF-DX1,3
3760,TCGA-GM-A2DF-DX1_xmin50637_ymin43774_MPP-0.2500+181:2:4,TCGA-GM-A2DF-DX1_xmin50637_ymin43774_MPP-0.2500+181,TCGA-GM-A2DF-DX1,3
3766,TCGA-GM-A2DF-DX1_xmin50637_ymin43774_MPP-0.2500+184:1:1,TCGA-GM-A2DF-DX1_xmin50637_ymin43774_MPP-0.2500+184,TCGA-GM-A2DF-DX1,3
3768,TCGA-GM-A2DF-DX1_xmin50637_ymin43774_MPP-0.2500+185:1:2,TCGA-GM-A2DF-DX1_xmin50637_ymin43774_MPP-0.2500+185,TCGA-GM-A2DF-DX1,3
3771,TCGA-GM-A2DF-DX1_xmin50637_ymin43774_MPP-0.2500+185:2:2,TCGA-GM-A2DF-DX1_xmin50637_ymin43774_MPP-0.2500+185,TCGA-GM-A2DF-DX1,3
3773,TCGA-GM-A2DF-DX1_xmin50637_ymin43774_MPP-0.2500+186:2:1,TCGA-GM-A2DF-DX1_xmin50637_ymin43774_MPP-0.2500+186,TCGA-GM-A2DF-DX1,3
3782,TCGA-GM-A2DF-DX1_xmin50637_ymin43774_MPP-0.2500+19:0:2,TCGA-GM-A2DF-DX1_xmin50637_ymin43774_MPP-0.2500+19,TCGA-GM-A2DF-DX1,3
3783,TCGA-GM-A2DF-DX1_xmin50637_ymin43774_MPP-0.2500+19:1:1,TCGA-GM-A2DF-DX1_xmin50637_ymin43774_MPP-0.2500+19,TCGA-GM-A2DF-DX1,3
3790,TCGA-GM-A2DF-DX1_xmin50637_ymin43774_MPP-0.2500+20:1:1,TCGA-GM-A2DF-DX1_xmin50637_ymin43774_MPP-0.2500+20,TCGA-GM-A2DF-DX1,3
3791,TCGA-GM-A2DF-DX1_xmin50637_ymin43774_MPP-0.2500+20:1:2,TCGA-GM-A2DF-DX1_xmin50637_ymin43774_MPP-0.2500+20,TCGA-GM-A2DF-DX1,3
3792,TCGA-GM-A2DF-DX1_xmin50637_ymin43774_MPP-0.2500+21:0:1,TCGA-GM-A2DF-DX1_xmin50637_ymin43774_MPP-0.2500+21,TCGA-GM-A2DF-DX1,3
3801,TCGA-GM-A2DF-DX1_xmin50637_ymin43774_MPP-0.2500+22:1:4,TCGA-GM-A2DF-DX1_xmin50637_ymin43774_MPP-0.2500+22,TCGA-GM-A2DF-DX1,3
3805,TCGA-GM-A2DF-DX1_xmin50637_ymin43774_MPP-0.2500+23:1:1,TCGA-GM-A2DF-DX1_xmin50637_ymin43774_MPP-0.2500+23,TCGA-GM-A2DF-DX1,3
3810,TCGA-GM-A2DF-DX1_xmin50637_ymin43774_MPP-0.2500+25:2:1,TCGA-GM-A2DF-DX1_xmin50637_ymin43774_MPP-0.2500+25,TCGA-GM-A2DF-DX1,3
3811,TCGA-GM-A2DF-DX1_xmin50637_ymin43774_MPP-0.2500+26:1:1,TCGA-GM-A2DF-DX1_xmin50637_ymin43774_MPP-0.2500+26,TCGA-GM-A2DF-DX1,3
3818,TCGA-GM-A2DF-DX1_xmin50637_ymin43774_MPP-0.2500+27:1:2,TCGA-GM-A2DF-DX1_xmin50637_ymin43774_MPP-0.2500+27,TCGA-GM-A2DF-DX1,3
3820,TCGA-GM-A2DF-DX1_xmin50637_ymin43774_MPP-0.2500+28:0:1,TCGA-GM-A2DF-DX1_xmin50637_ymin43774_MPP-0.2500+28,TCGA-GM-A2DF-DX1,3
3821,TCGA-GM-A2DF-DX1_xmin50637_ymin43774_MPP-0.2500+29:0:1,TCGA-GM-A2DF-DX1_xmin50637_ymin43774_MPP-0.2500+29,TCGA-GM-A2DF-DX1,3
3822,TCGA-GM-A2DF-DX1_xmin50637_ymin43774_MPP-0.2500+29:1:1,TCGA-GM-A2DF-DX1_xmin50637_ymin43774_MPP-0.2500+29,TCGA-GM-A2DF-DX1,3
3824,TCGA-GM-A2DF-DX1_xmin50637_ymin43774_MPP-0.2500+3:0:1,TCGA-GM-A2DF-DX1_xmin50637_ymin43774_MPP-0.2500+3,TCGA-GM-A2DF-DX1,3
3826,TCGA-GM-A2DF-DX1_xmin50637_ymin43774_MPP-0.2500+30:0:1,TCGA-GM-A2DF-DX1_xmin50637_ymin43774_MPP-0.2500+30,TCGA-GM-A2DF-DX1,3
3829,TCGA-GM-A2DF-DX1_xmin50637_ymin43774_MPP-0.2500+33:0:1,TCGA-GM-A2DF-DX1_xmin50637_ymin43774_MPP-0.2500+33,TCGA-GM-A2DF-DX1,3
3830,TCGA-GM-A2DF-DX1_xmin50637_ymin43774_MPP-0.2500+34:0:1,TCGA-GM-A2DF-DX1_xmin50637_ymin43774_MPP-0.2500+34,TCGA-GM-A2DF-DX1,3
3833,TCGA-GM-A2DF-DX1_xmin50637_ymin43774_MPP-0.2500+35:1:1,TCGA-GM-A2DF-DX1_xmin50637_ymin43774_MPP-0.2500+35,TCGA-GM-A2DF-DX1,3
3840,TCGA-GM-A2DF-DX1_xmin50637_ymin43774_MPP-0.2500+37:0:1,TCGA-GM-A2DF-DX1_xmin50637_ymin43774_MPP-0.2500+37,TCGA-GM-A2DF-DX1,3
3848,TCGA-GM-A2DF-DX1_xmin50637_ymin43774_MPP-0.2500+39:2:1,TCGA-GM-A2DF-DX1_xmin50637_ymin43774_MPP-0.2500+39,TCGA-GM-A2DF-DX1,3
3850,TCGA-GM-A2DF-DX1_xmin50637_ymin43774_MPP-0.2500+4:1:2,TCGA-GM-A2DF-DX1_xmin50637_ymin43774_MPP-0.2500+4,TCGA-GM-A2DF-DX1,3
3851,TCGA-GM-A2DF-DX1_xmin50637_ymin43774_MPP-0.2500+4:2:1,TCGA-GM-A2DF-DX1_xmin50637_ymin43774_MPP-0.2500+4,TCGA-GM-A2DF-DX1,3
3859,TCGA-GM-A2DF-DX1_xmin50637_ymin43774_MPP-0.2500+41:2:1,TCGA-GM-A2DF-DX1_xmin50637_ymin43774_MPP-0.2500+41,TCGA-GM-A2DF-DX1,3
3868,TCGA-GM-A2DF-DX1_xmin50637_ymin43774_MPP-0.2500+45:0:3,TCGA-GM-A2DF-DX1_xmin50637_ymin43774_MPP-0.2500+45,TCGA-GM-A2DF-DX1,3
3869,TCGA-GM-A2DF-DX1_xmin50637_ymin43774_MPP-0.2500+45:1:1,TCGA-GM-A2DF-DX1_xmin50637_ymin43774_MPP-0.2500+45,TCGA-GM-A2DF-DX1,3
3871,TCGA-GM-A2DF-DX1_xmin50637_ymin43774_MPP-0.2500+46:0:2,TCGA-GM-A2DF-DX1_xmin50637_ymin43774_MPP-0.2500+46,TCGA-GM-A2DF-DX1,3
3872,TCGA-GM-A2DF-DX1_xmin50637_ymin43774_MPP-0.2500+46:1:1,TCGA-GM-A2DF-DX1_xmin50637_ymin43774_MPP-0.2500+46,TCGA-GM-A2DF-DX1,3
3873,TCGA-GM-A2DF-DX1_xmin50637_ymin43774_MPP-0.2500+46:1:2,TCGA-GM-A2DF-DX1_xmin50637_ymin43774_MPP-0.2500+46,TCGA-GM-A2DF-DX1,3
3881,TCGA-GM-A2DF-DX1_xmin50637_ymin43774_MPP-0.2500+48:1:2,TCGA-GM-A2DF-DX1_xmin50637_ymin43774_MPP-0.2500+48,TCGA-GM-A2DF-DX1,3
3883,TCGA-GM-A2DF-DX1_xmin50637_ymin43774_MPP-0.2500+49:1:1,TCGA-GM-A2DF-DX1_xmin50637_ymin43774_MPP-0.2500+49,TCGA-GM-A2DF-DX1,3
3888,TCGA-GM-A2DF-DX1_xmin50637_ymin43774_MPP-0.2500+49:2:3,TCGA-GM-A2DF-DX1_xmin50637_ymin43774_MPP-0.2500+49,TCGA-GM-A2DF-DX1,3
3896,TCGA-GM-A2DF-DX1_xmin50637_ymin43774_MPP-0.2500+51:0:2,TCGA-GM-A2DF-DX1_xmin50637_ymin43774_MPP-0.2500+51,TCGA-GM-A2DF-DX1,3
3897,TCGA-GM-A2DF-DX1_xmin50637_ymin43774_MPP-0.2500+51:1:1,TCGA-GM-A2DF-DX1_xmin50637_ymin43774_MPP-0.2500+51,TCGA-GM-A2DF-DX1,3
3902,TCGA-GM-A2DF-DX1_xmin50637_ymin43774_MPP-0.2500+53:2:1,TCGA-GM-A2DF-DX1_xmin50637_ymin43774_MPP-0.2500+53,TCGA-GM-A2DF-DX1,3
3905,TCGA-GM-A2DF-DX1_xmin50637_ymin43774_MPP-0.2500+54:2:1,TCGA-GM-A2DF-DX1_xmin50637_ymin43774_MPP-0.2500+54,TCGA-GM-A2DF-DX1,3
3907,TCGA-GM-A2DF-DX1_xmin50637_ymin43774_MPP-0.2500+54:2:3,TCGA-GM-A2DF-DX1_xmin50637_ymin43774_MPP-0.2500+54,TCGA-GM-A2DF-DX1,3
3908,TCGA-GM-A2DF-DX1_xmin50637_ymin43774_MPP-0.2500+55:2:1,TCGA-GM-A2DF-DX1_xmin50637_ymin43774_MPP-0.2500+55,TCGA-GM-A2DF-DX1,3
3910,TCGA-GM-A2DF-DX1_xmin50637_ymin43774_MPP-0.2500+56:2:1,TCGA-GM-A2DF-DX1_xmin50637_ymin43774_MPP-0.2500+56,TCGA-GM-A2DF-DX1,3
3911,TCGA-GM-A2DF-DX1_xmin50637_ymin43774_MPP-0.2500+56:2:2,TCGA-GM-A2DF-DX1_xmin50637_ymin43774_MPP-0.2500+56,TCGA-GM-A2DF-DX1,3
3912,TCGA-GM-A2DF-DX1_xmin50637_ymin43774_MPP-0.2500+56:2:3,TCGA-GM-A2DF-DX1_xmin50637_ymin43774_MPP-0.2500+56,TCGA-GM-A2DF-DX1,3
3915,TCGA-GM-A2DF-DX1_xmin50637_ymin43774_MPP-0.2500+56:2:6,TCGA-GM-A2DF-DX1_xmin50637_ymin43774_MPP-0.2500+56,TCGA-GM-A2DF-DX1,3
3919,TCGA-GM-A2DF-DX1_xmin50637_ymin43774_MPP-0.2500+56:2:10,TCGA-GM-A2DF-DX1_xmin50637_ymin43774_MPP-0.2500+56,TCGA-GM-A2DF-DX1,3
3923,TCGA-GM-A2DF-DX1_xmin50637_ymin43774_MPP-0.2500+59:1:1,TCGA-GM-A2DF-DX1_xmin50637_ymin43774_MPP-0.2500+59,TCGA-GM-A2DF-DX1,3
3926,TCGA-GM-A2DF-DX1_xmin50637_ymin43774_MPP-0.2500+59:1:4,TCGA-GM-A2DF-DX1_xmin50637_ymin43774_MPP-0.2500+59,TCGA-GM-A2DF-DX1,3
3927,TCGA-GM-A2DF-DX1_xmin50637_ymin43774_MPP-0.2500+59:1:5,TCGA-GM-A2DF-DX1_xmin50637_ymin43774_MPP-0.2500+59,TCGA-GM-A2DF-DX1,3
3932,TCGA-GM-A2DF-DX1_xmin50637_ymin43774_MPP-0.2500+60:0:1,TCGA-GM-A2DF-DX1_xmin50637_ymin43774_MPP-0.2500+60,TCGA-GM-A2DF-DX1,3
3933,TCGA-GM-A2DF-DX1_xmin50637_ymin43774_MPP-0.2500+60:0:2,TCGA-GM-A2DF-DX1_xmin50637_ymin43774_MPP-0.2500+60,TCGA-GM-A2DF-DX1,3
3937,TCGA-GM-A2DF-DX1_xmin50637_ymin43774_MPP-0.2500+61:1:3,TCGA-GM-A2DF-DX1_xmin50637_ymin43774_MPP-0.2500+61,TCGA-GM-A2DF-DX1,3
3948,TCGA-GM-A2DF-DX1_xmin50637_ymin43774_MPP-0.2500+63:0:1,TCGA-GM-A2DF-DX1_xmin50637_ymin43774_MPP-0.2500+63,TCGA-GM-A2DF-DX1,3
3950,TCGA-GM-A2DF-DX1_xmin50637_ymin43774_MPP-0.2500+63:0:4,TCGA-GM-A2DF-DX1_xmin50637_ymin43774_MPP-0.2500+63,TCGA-GM-A2DF-DX1,3
3951,TCGA-GM-A2DF-DX1_xmin50637_ymin43774_MPP-0.2500+63:0:5,TCGA-GM-A2DF-DX1_xmin50637_ymin43774_MPP-0.2500+63,TCGA-GM-A2DF-DX1,3
3953,TCGA-GM-A2DF-DX1_xmin50637_ymin43774_MPP-0.2500+63:1:2,TCGA-GM-A2DF-DX1_xmin50637_ymin43774_MPP-0.2500+63,TCGA-GM-A2DF-DX1,3
3954,TCGA-GM-A2DF-DX1_xmin50637_ymin43774_MPP-0.2500+63:1:3,TCGA-GM-A2DF-DX1_xmin50637_ymin43774_MPP-0.2500+63,TCGA-GM-A2DF-DX1,3
3955,TCGA-GM-A2DF-DX1_xmin50637_ymin43774_MPP-0.2500+63:2:1,TCGA-GM-A2DF-DX1_xmin50637_ymin43774_MPP-0.2500+63,TCGA-GM-A2DF-DX1,3
3960,TCGA-GM-A2DF-DX1_xmin50637_ymin43774_MPP-0.2500+64:1:2,TCGA-GM-A2DF-DX1_xmin50637_ymin43774_MPP-0.2500+64,TCGA-GM-A2DF-DX1,3
3961,TCGA-GM-A2DF-DX1_xmin50637_ymin43774_MPP-0.2500+64:1:3,TCGA-GM-A2DF-DX1_xmin50637_ymin43774_MPP-0.2500+64,TCGA-GM-A2DF-DX1,3
3963,TCGA-GM-A2DF-DX1_xmin50637_ymin43774_MPP-0.2500+64:2:1,TCGA-GM-A2DF-DX1_xmin50637_ymin43774_MPP-0.2500+64,TCGA-GM-A2DF-DX1,3
3966,TCGA-GM-A2DF-DX1_xmin50637_ymin43774_MPP-0.2500+65:0:2,TCGA-GM-A2DF-DX1_xmin50637_ymin43774_MPP-0.2500+65,TCGA-GM-A2DF-DX1,3
3967,TCGA-GM-A2DF-DX1_xmin50637_ymin43774_MPP-0.2500+65:0:3,TCGA-GM-A2DF-DX1_xmin50637_ymin43774_MPP-0.2500+65,TCGA-GM-A2DF-DX1,3
3969,TCGA-GM-A2DF-DX1_xmin50637_ymin43774_MPP-0.2500+65:1:2,TCGA-GM-A2DF-DX1_xmin50637_ymin43774_MPP-0.2500+65,TCGA-GM-A2DF-DX1,3
3970,TCGA-GM-A2DF-DX1_xmin50637_ymin43774_MPP-0.2500+65:2:1,TCGA-GM-A2DF-DX1_xmin50637_ymin43774_MPP-0.2500+65,TCGA-GM-A2DF-DX1,3
3973,TCGA-GM-A2DF-DX1_xmin50637_ymin43774_MPP-0.2500+66:1:1,TCGA-GM-A2DF-DX1_xmin50637_ymin43774_MPP-0.2500+66,TCGA-GM-A2DF-DX1,3
3977,TCGA-GM-A2DF-DX1_xmin50637_ymin43774_MPP-0.2500+67:2:1,TCGA-GM-A2DF-DX1_xmin50637_ymin43774_MPP-0.2500+67,TCGA-GM-A2DF-DX1,3
3978,TCGA-GM-A2DF-DX1_xmin50637_ymin43774_MPP-0.2500+68:2:1,TCGA-GM-A2DF-DX1_xmin50637_ymin43774_MPP-0.2500+68,TCGA-GM-A2DF-DX1,3
3980,TCGA-GM-A2DF-DX1_xmin50637_ymin43774_MPP-0.2500+69:0:2,TCGA-GM-A2DF-DX1_xmin50637_ymin43774_MPP-0.2500+69,TCGA-GM-A2DF-DX1,3
3983,TCGA-GM-A2DF-DX1_xmin50637_ymin43774_MPP-0.2500+7:2:1,TCGA-GM-A2DF-DX1_xmin50637_ymin43774_MPP-0.2500+7,TCGA-GM-A2DF-DX1,3
3986,TCGA-GM-A2DF-DX1_xmin50637_ymin43774_MPP-0.2500+72:0:1,TCGA-GM-A2DF-DX1_xmin50637_ymin43774_MPP-0.2500+72,TCGA-GM-A2DF-DX1,3
3988,TCGA-GM-A2DF-DX1_xmin50637_ymin43774_MPP-0.2500+73:0:1,TCGA-GM-A2DF-DX1_xmin50637_ymin43774_MPP-0.2500+73,TCGA-GM-A2DF-DX1,3
3993,TCGA-GM-A2DF-DX1_xmin50637_ymin43774_MPP-0.2500+75:1:1,TCGA-GM-A2DF-DX1_xmin50637_ymin43774_MPP-0.2500+75,TCGA-GM-A2DF-DX1,3
3994,TCGA-GM-A2DF-DX1_xmin50637_ymin43774_MPP-0.2500+75:1:2,TCGA-GM-A2DF-DX1_xmin50637_ymin43774_MPP-0.2500+75,TCGA-GM-A2DF-DX1,3
3996,TCGA-GM-A2DF-DX1_xmin50637_ymin43774_MPP-0.2500+76:0:1,TCGA-GM-A2DF-DX1_xmin50637_ymin43774_MPP-0.2500+76,TCGA-GM-A2DF-DX1,3
3997,TCGA-GM-A2DF-DX1_xmin50637_ymin43774_MPP-0.2500+76:1:1,TCGA-GM-A2DF-DX1_xmin50637_ymin43774_MPP-0.2500+76,TCGA-GM-A2DF-DX1,3
4001,TCGA-GM-A2DF-DX1_xmin50637_ymin43774_MPP-0.2500+77:2:1,TCGA-GM-A2DF-DX1_xmin50637_ymin43774_MPP-0.2500+77,TCGA-GM-A2DF-DX1,3
4004,TCGA-GM-A2DF-DX1_xmin50637_ymin43774_MPP-0.2500+79:1:1,TCGA-GM-A2DF-DX1_xmin50637_ymin43774_MPP-0.2500+79,TCGA-GM-A2DF-DX1,3
4005,TCGA-GM-A2DF-DX1_xmin50637_ymin43774_MPP-0.2500+8:2:1,TCGA-GM-A2DF-DX1_xmin50637_ymin43774_MPP-0.2500+8,TCGA-GM-A2DF-DX1,3
4008,TCGA-GM-A2DF-DX1_xmin50637_ymin43774_MPP-0.2500+81:2:1,TCGA-GM-A2DF-DX1_xmin50637_ymin43774_MPP-0.2500+81,TCGA-GM-A2DF-DX1,3
4009,TCGA-GM-A2DF-DX1_xmin50637_ymin43774_MPP-0.2500+81:2:2,TCGA-GM-A2DF-DX1_xmin50637_ymin43774_MPP-0.2500+81,TCGA-GM-A2DF-DX1,3
4014,TCGA-GM-A2DF-DX1_xmin50637_ymin43774_MPP-0.2500+85:0:1,TCGA-GM-A2DF-DX1_xmin50637_ymin43774_MPP-0.2500+85,TCGA-GM-A2DF-DX1,3
4016,TCGA-GM-A2DF-DX1_xmin50637_ymin43774_MPP-0.2500+86:2:1,TCGA-GM-A2DF-DX1_xmin50637_ymin43774_MPP-0.2500+86,TCGA-GM-A2DF-DX1,3
4020,TCGA-GM-A2DF-DX1_xmin50637_ymin43774_MPP-0.2500+88:1:2,TCGA-GM-A2DF-DX1_xmin50637_ymin43774_MPP-0.2500+88,TCGA-GM-A2DF-DX1,3
4021,TCGA-GM-A2DF-DX1_xmin50637_ymin43774_MPP-0.2500+88:1:3,TCGA-GM-A2DF-DX1_xmin50637_ymin43774_MPP-0.2500+88,TCGA-GM-A2DF-DX1,3
4022,TCGA-GM-A2DF-DX1_xmin50637_ymin43774_MPP-0.2500+89:0:1,TCGA-GM-A2DF-DX1_xmin50637_ymin43774_MPP-0.2500+89,TCGA-GM-A2DF-DX1,3
4023,TCGA-GM-A2DF-DX1_xmin50637_ymin43774_MPP-0.2500+89:1:1,TCGA-GM-A2DF-DX1_xmin50637_ymin43774_MPP-0.2500+89,TCGA-GM-A2DF-DX1,3
4025,TCGA-GM-A2DF-DX1_xmin50637_ymin43774_MPP-0.2500+89:2:1,TCGA-GM-A2DF-DX1_xmin50637_ymin43774_MPP-0.2500+89,TCGA-GM-A2DF-DX1,3
4026,TCGA-GM-A2DF-DX1_xmin50637_ymin43774_MPP-0.2500+9:0:1,TCGA-GM-A2DF-DX1_xmin50637_ymin43774_MPP-0.2500+9,TCGA-GM-A2DF-DX1,3
4028,TCGA-GM-A2DF-DX1_xmin50637_ymin43774_MPP-0.2500+9:0:3,TCGA-GM-A2DF-DX1_xmin50637_ymin43774_MPP-0.2500+9,TCGA-GM-A2DF-DX1,3
4030,TCGA-GM-A2DF-DX1_xmin50637_ymin43774_MPP-0.2500+90:0:1,TCGA-GM-A2DF-DX1_xmin50637_ymin43774_MPP-0.2500+90,TCGA-GM-A2DF-DX1,3
4031,TCGA-GM-A2DF-DX1_xmin50637_ymin43774_MPP-0.2500+90:0:2,TCGA-GM-A2DF-DX1_xmin50637_ymin43774_MPP-0.2500+90,TCGA-GM-A2DF-DX1,3
4037,TCGA-GM-A2DF-DX1_xmin50637_ymin43774_MPP-0.2500+93:1:1,TCGA-GM-A2DF-DX1_xmin50637_ymin43774_MPP-0.2500+93,TCGA-GM-A2DF-DX1,3
4038,TCGA-GM-A2DF-DX1_xmin50637_ymin43774_MPP-0.2500+94:1:1,TCGA-GM-A2DF-DX1_xmin50637_ymin43774_MPP-0.2500+94,TCGA-GM-A2DF-DX1,3
4040,TCGA-GM-A2DF-DX1_xmin50637_ymin43774_MPP-0.2500+96:1:1,TCGA-GM-A2DF-DX1_xmin50637_ymin43774_MPP-0.2500+96,TCGA-GM-A2DF-DX1,3
4046,TCGA-GM-A2DF-DX1_xmin50637_ymin43774_MPP-0.2500+97:1:2,TCGA-GM-A2DF-DX1_xmin50637_ymin43774_MPP-0.2500+97,TCGA-GM-A2DF-DX1,3
4051,TCGA-GM-A2DF-DX1_xmin50637_ymin43774_MPP-0.2500+99:1:1,TCGA-GM-A2DF-DX1_xmin50637_ymin43774_MPP-0.2500+99,TCGA-GM-A2DF-DX1,3
4052,TCGA-GM-A2DF-DX1_xmin50637_ymin43774_MPP-0.2500+99:1:2,TCGA-GM-A2DF-DX1_xmin50637_ymin43774_MPP-0.2500+99,TCGA-GM-A2DF-DX1,3
4057,TCGA-GM-A2DH-DX1_xmin50963_ymin56303_MPP-0.2500+1:0:1,TCGA-GM-A2DH-DX1_xmin50963_ymin56303_MPP-0.2500+1,TCGA-GM-A2DH-DX1,2
4062,TCGA-GM-A2DH-DX1_xmin50963_ymin56303_MPP-0.2500+102:1:1,TCGA-GM-A2DH-DX1_xmin50963_ymin56303_MPP-0.2500+102,TCGA-GM-A2DH-DX1,2
4067,TCGA-GM-A2DH-DX1_xmin50963_ymin56303_MPP-0.2500+103:2:4,TCGA-GM-A2DH-DX1_xmin50963_ymin56303_MPP-0.2500+103,TCGA-GM-A2DH-DX1,2
4068,TCGA-GM-A2DH-DX1_xmin50963_ymin56303_MPP-0.2500+103:2:5,TCGA-GM-A2DH-DX1_xmin50963_ymin56303_MPP-0.2500+103,TCGA-GM-A2DH-DX1,2
4069,TCGA-GM-A2DH-DX1_xmin50963_ymin56303_MPP-0.2500+103:2:6,TCGA-GM-A2DH-DX1_xmin50963_ymin56303_MPP-0.2500+103,TCGA-GM-A2DH-DX1,2
4074,TCGA-GM-A2DH-DX1_xmin50963_ymin56303_MPP-0.2500+104:2:3,TCGA-GM-A2DH-DX1_xmin50963_ymin56303_MPP-0.2500+104,TCGA-GM-A2DH-DX1,2
4076,TCGA-GM-A2DH-DX1_xmin50963_ymin56303_MPP-0.2500+105:1:1,TCGA-GM-A2DH-DX1_xmin50963_ymin56303_MPP-0.2500+105,TCGA-GM-A2DH-DX1,2
4077,TCGA-GM-A2DH-DX1_xmin50963_ymin56303_MPP-0.2500+106:0:1,TCGA-GM-A2DH-DX1_xmin50963_ymin56303_MPP-0.2500+106,TCGA-GM-A2DH-DX1,2
4080,TCGA-GM-A2DH-DX1_xmin50963_ymin56303_MPP-0.2500+109:0:1,TCGA-GM-A2DH-DX1_xmin50963_ymin56303_MPP-0.2500+109,TCGA-GM-A2DH-DX1,2
4082,TCGA-GM-A2DH-DX1_xmin50963_ymin56303_MPP-0.2500+11:0:3,TCGA-GM-A2DH-DX1_xmin50963_ymin56303_MPP-0.2500+11,TCGA-GM-A2DH-DX1,2
4083,TCGA-GM-A2DH-DX1_xmin50963_ymin56303_MPP-0.2500+11:1:1,TCGA-GM-A2DH-DX1_xmin50963_ymin56303_MPP-0.2500+11,TCGA-GM-A2DH-DX1,2
4084,TCGA-GM-A2DH-DX1_xmin50963_ymin56303_MPP-0.2500+110:0:1,TCGA-GM-A2DH-DX1_xmin50963_ymin56303_MPP-0.2500+110,TCGA-GM-A2DH-DX1,2
4085,TCGA-GM-A2DH-DX1_xmin50963_ymin56303_MPP-0.2500+110:1:1,TCGA-GM-A2DH-DX1_xmin50963_ymin56303_MPP-0.2500+110,TCGA-GM-A2DH-DX1,2
4086,TCGA-GM-A2DH-DX1_xmin50963_ymin56303_MPP-0.2500+111:1:1,TCGA-GM-A2DH-DX1_xmin50963_ymin56303_MPP-0.2500+111,TCGA-GM-A2DH-DX1,2
4087,TCGA-GM-A2DH-DX1_xmin50963_ymin56303_MPP-0.2500+112:1:1,TCGA-GM-A2DH-DX1_xmin50963_ymin56303_MPP-0.2500+112,TCGA-GM-A2DH-DX1,2
4088,TCGA-GM-A2DH-DX1_xmin50963_ymin56303_MPP-0.2500+112:1:2,TCGA-GM-A2DH-DX1_xmin50963_ymin56303_MPP-0.2500+112,TCGA-GM-A2DH-DX1,2
4091,TCGA-GM-A2DH-DX1_xmin50963_ymin56303_MPP-0.2500+113:1:1,TCGA-GM-A2DH-DX1_xmin50963_ymin56303_MPP-0.2500+113,TCGA-GM-A2DH-DX1,2
4092,TCGA-GM-A2DH-DX1_xmin50963_ymin56303_MPP-0.2500+113:1:2,TCGA-GM-A2DH-DX1_xmin50963_ymin56303_MPP-0.2500+113,TCGA-GM-A2DH-DX1,2
4094,TCGA-GM-A2DH-DX1_xmin50963_ymin56303_MPP-0.2500+113:2:2,TCGA-GM-A2DH-DX1_xmin50963_ymin56303_MPP-0.2500+113,TCGA-GM-A2DH-DX1,2
4098,TCGA-GM-A2DH-DX1_xmin50963_ymin56303_MPP-0.2500+114:2:1,TCGA-GM-A2DH-DX1_xmin50963_ymin56303_MPP-0.2500+114,TCGA-GM-A2DH-DX1,2
4099,TCGA-GM-A2DH-DX1_xmin50963_ymin56303_MPP-0.2500+114:2:2,TCGA-GM-A2DH-DX1_xmin50963_ymin56303_MPP-0.2500+114,TCGA-GM-A2DH-DX1,2
4100,TCGA-GM-A2DH-DX1_xmin50963_ymin56303_MPP-0.2500+115:0:1,TCGA-GM-A2DH-DX1_xmin50963_ymin56303_MPP-0.2500+115,TCGA-GM-A2DH-DX1,2
4102,TCGA-GM-A2DH-DX1_xmin50963_ymin56303_MPP-0.2500+117:0:1,TCGA-GM-A2DH-DX1_xmin50963_ymin56303_MPP-0.2500+117,TCGA-GM-A2DH-DX1,2
4103,TCGA-GM-A2DH-DX1_xmin50963_ymin56303_MPP-0.2500+117:0:2,TCGA-GM-A2DH-DX1_xmin50963_ymin56303_MPP-0.2500+117,TCGA-GM-A2DH-DX1,2
4104,TCGA-GM-A2DH-DX1_xmin50963_ymin56303_MPP-0.2500+117:3:1,TCGA-GM-A2DH-DX1_xmin50963_ymin56303_MPP-0.2500+117,TCGA-GM-A2DH-DX1,2
4105,TCGA-GM-A2DH-DX1_xmin50963_ymin56303_MPP-0.2500+118:0:1,TCGA-GM-A2DH-DX1_xmin50963_ymin56303_MPP-0.2500+118,TCGA-GM-A2DH-DX1,2
4106,TCGA-GM-A2DH-DX1_xmin50963_ymin56303_MPP-0.2500+119:0:1,TCGA-GM-A2DH-DX1_xmin50963_ymin56303_MPP-0.2500+119,TCGA-GM-A2DH-DX1,2
4108,TCGA-GM-A2DH-DX1_xmin50963_ymin56303_MPP-0.2500+12:1:1,TCGA-GM-A2DH-DX1_xmin50963_ymin56303_MPP-0.2500+12,TCGA-GM-A2DH-DX1,2
4112,TCGA-GM-A2DH-DX1_xmin50963_ymin56303_MPP-0.2500+121:2:1,TCGA-GM-A2DH-DX1_xmin50963_ymin56303_MPP-0.2500+121,TCGA-GM-A2DH-DX1,2
4115,TCGA-GM-A2DH-DX1_xmin50963_ymin56303_MPP-0.2500+122:1:1,TCGA-GM-A2DH-DX1_xmin50963_ymin56303_MPP-0.2500+122,TCGA-GM-A2DH-DX1,2
4119,TCGA-GM-A2DH-DX1_xmin50963_ymin56303_MPP-0.2500+123:0:1,TCGA-GM-A2DH-DX1_xmin50963_ymin56303_MPP-0.2500+123,TCGA-GM-A2DH-DX1,2
4120,TCGA-GM-A2DH-DX1_xmin50963_ymin56303_MPP-0.2500+124:0:1,TCGA-GM-A2DH-DX1_xmin50963_ymin56303_MPP-0.2500+124,TCGA-GM-A2DH-DX1,2
4122,TCGA-GM-A2DH-DX1_xmin50963_ymin56303_MPP-0.2500+126:0:1,TCGA-GM-A2DH-DX1_xmin50963_ymin56303_MPP-0.2500+126,TCGA-GM-A2DH-DX1,2
4128,TCGA-GM-A2DH-DX1_xmin50963_ymin56303_MPP-0.2500+127:0:1,TCGA-GM-A2DH-DX1_xmin50963_ymin56303_MPP-0.2500+127,TCGA-GM-A2DH-DX1,2
4130,TCGA-GM-A2DH-DX1_xmin50963_ymin56303_MPP-0.2500+127:1:1,TCGA-GM-A2DH-DX1_xmin50963_ymin56303_MPP-0.2500+127,TCGA-GM-A2DH-DX1,2
4132,TCGA-GM-A2DH-DX1_xmin50963_ymin56303_MPP-0.2500+127:2:1,TCGA-GM-A2DH-DX1_xmin50963_ymin56303_MPP-0.2500+127,TCGA-GM-A2DH-DX1,2
4134,TCGA-GM-A2DH-DX1_xmin50963_ymin56303_MPP-0.2500+127:2:3,TCGA-GM-A2DH-DX1_xmin50963_ymin56303_MPP-0.2500+127,TCGA-GM-A2DH-DX1,2
4135,TCGA-GM-A2DH-DX1_xmin50963_ymin56303_MPP-0.2500+127:2:4,TCGA-GM-A2DH-DX1_xmin50963_ymin56303_MPP-0.2500+127,TCGA-GM-A2DH-DX1,2
4137,TCGA-GM-A2DH-DX1_xmin50963_ymin56303_MPP-0.2500+128:1:2,TCGA-GM-A2DH-DX1_xmin50963_ymin56303_MPP-0.2500+128,TCGA-GM-A2DH-DX1,2
4138,TCGA-GM-A2DH-DX1_xmin50963_ymin56303_MPP-0.2500+128:1:3,TCGA-GM-A2DH-DX1_xmin50963_ymin56303_MPP-0.2500+128,TCGA-GM-A2DH-DX1,2
4140,TCGA-GM-A2DH-DX1_xmin50963_ymin56303_MPP-0.2500+128:2:1,TCGA-GM-A2DH-DX1_xmin50963_ymin56303_MPP-0.2500+128,TCGA-GM-A2DH-DX1,2
4141,TCGA-GM-A2DH-DX1_xmin50963_ymin56303_MPP-0.2500+128:2:2,TCGA-GM-A2DH-DX1_xmin50963_ymin56303_MPP-0.2500+128,TCGA-GM-A2DH-DX1,2
4142,TCGA-GM-A2DH-DX1_xmin50963_ymin56303_MPP-0.2500+129:0:1,TCGA-GM-A2DH-DX1_xmin50963_ymin56303_MPP-0.2500+129,TCGA-GM-A2DH-DX1,2
4143,TCGA-GM-A2DH-DX1_xmin50963_ymin56303_MPP-0.2500+129:1:1,TCGA-GM-A2DH-DX1_xmin50963_ymin56303_MPP-0.2500+129,TCGA-GM-A2DH-DX1,2
4148,TCGA-GM-A2DH-DX1_xmin50963_ymin56303_MPP-0.2500+130:1:1,TCGA-GM-A2DH-DX1_xmin50963_ymin56303_MPP-0.2500+130,TCGA-GM-A2DH-DX1,2
4154,TCGA-GM-A2DH-DX1_xmin50963_ymin56303_MPP-0.2500+131:1:2,TCGA-GM-A2DH-DX1_xmin50963_ymin56303_MPP-0.2500+131,TCGA-GM-A2DH-DX1,2
4160,TCGA-GM-A2DH-DX1_xmin50963_ymin56303_MPP-0.2500+132:2:3,TCGA-GM-A2DH-DX1_xmin50963_ymin56303_MPP-0.2500+132,TCGA-GM-A2DH-DX1,2
4161,TCGA-GM-A2DH-DX1_xmin50963_ymin56303_MPP-0.2500+132:2:4,TCGA-GM-A2DH-DX1_xmin50963_ymin56303_MPP-0.2500+132,TCGA-GM-A2DH-DX1,2
4163,TCGA-GM-A2DH-DX1_xmin50963_ymin56303_MPP-0.2500+15:0:1,TCGA-GM-A2DH-DX1_xmin50963_ymin56303_MPP-0.2500+15,TCGA-GM-A2DH-DX1,2
4166,TCGA-GM-A2DH-DX1_xmin50963_ymin56303_MPP-0.2500+18:0:1,TCGA-GM-A2DH-DX1_xmin50963_ymin56303_MPP-0.2500+18,TCGA-GM-A2DH-DX1,2
4168,TCGA-GM-A2DH-DX1_xmin50963_ymin56303_MPP-0.2500+2:0:1,TCGA-GM-A2DH-DX1_xmin50963_ymin56303_MPP-0.2500+2,TCGA-GM-A2DH-DX1,2
4170,TCGA-GM-A2DH-DX1_xmin50963_ymin56303_MPP-0.2500+20:0:2,TCGA-GM-A2DH-DX1_xmin50963_ymin56303_MPP-0.2500+20,TCGA-GM-A2DH-DX1,2
4171,TCGA-GM-A2DH-DX1_xmin50963_ymin56303_MPP-0.2500+20:0:3,TCGA-GM-A2DH-DX1_xmin50963_ymin56303_MPP-0.2500+20,TCGA-GM-A2DH-DX1,2
4172,TCGA-GM-A2DH-DX1_xmin50963_ymin56303_MPP-0.2500+20:1:1,TCGA-GM-A2DH-DX1_xmin50963_ymin56303_MPP-0.2500+20,TCGA-GM-A2DH-DX1,2
4173,TCGA-GM-A2DH-DX1_xmin50963_ymin56303_MPP-0.2500+20:1:2,TCGA-GM-A2DH-DX1_xmin50963_ymin56303_MPP-0.2500+20,TCGA-GM-A2DH-DX1,2
4175,TCGA-GM-A2DH-DX1_xmin50963_ymin56303_MPP-0.2500+22:0:1,TCGA-GM-A2DH-DX1_xmin50963_ymin56303_MPP-0.2500+22,TCGA-GM-A2DH-DX1,2
4177,TCGA-GM-A2DH-DX1_xmin50963_ymin56303_MPP-0.2500+22:1:2,TCGA-GM-A2DH-DX1_xmin50963_ymin56303_MPP-0.2500+22,TCGA-GM-A2DH-DX1,2
4179,TCGA-GM-A2DH-DX1_xmin50963_ymin56303_MPP-0.2500+23:0:1,TCGA-GM-A2DH-DX1_xmin50963_ymin56303_MPP-0.2500+23,TCGA-GM-A2DH-DX1,2
4180,TCGA-GM-A2DH-DX1_xmin50963_ymin56303_MPP-0.2500+24:0:1,TCGA-GM-A2DH-DX1_xmin50963_ymin56303_MPP-0.2500+24,TCGA-GM-A2DH-DX1,2
4181,TCGA-GM-A2DH-DX1_xmin50963_ymin56303_MPP-0.2500+25:0:1,TCGA-GM-A2DH-DX1_xmin50963_ymin56303_MPP-0.2500+25,TCGA-GM-A2DH-DX1,2
4182,TCGA-GM-A2DH-DX1_xmin50963_ymin56303_MPP-0.2500+26:0:1,TCGA-GM-A2DH-DX1_xmin50963_ymin56303_MPP-0.2500+26,TCGA-GM-A2DH-DX1,2
4183,TCGA-GM-A2DH-DX1_xmin50963_ymin56303_MPP-0.2500+27:0:1,TCGA-GM-A2DH-DX1_xmin50963_ymin56303_MPP-0.2500+27,TCGA-GM-A2DH-DX1,2
4184,TCGA-GM-A2DH-DX1_xmin50963_ymin56303_MPP-0.2500+27:1:1,TCGA-GM-A2DH-DX1_xmin50963_ymin56303_MPP-0.2500+27,TCGA-GM-A2DH-DX1,2
4185,TCGA-GM-A2DH-DX1_xmin50963_ymin56303_MPP-0.2500+27:1:2,TCGA-GM-A2DH-DX1_xmin50963_ymin56303_MPP-0.2500+27,TCGA-GM-A2DH-DX1,2
4186,TCGA-GM-A2DH-DX1_xmin50963_ymin56303_MPP-0.2500+28:0:1,TCGA-GM-A2DH-DX1_xmin50963_ymin56303_MPP-0.2500+28,TCGA-GM-A2DH-DX1,2
4187,TCGA-GM-A2DH-DX1_xmin50963_ymin56303_MPP-0.2500+28:0:2,TCGA-GM-A2DH-DX1_xmin50963_ymin56303_MPP-0.2500+28,TCGA-GM-A2DH-DX1,2
4188,TCGA-GM-A2DH-DX1_xmin50963_ymin56303_MPP-0.2500+28:1:1,TCGA-GM-A2DH-DX1_xmin50963_ymin56303_MPP-0.2500+28,TCGA-GM-A2DH-DX1,2
4189,TCGA-GM-A2DH-DX1_xmin50963_ymin56303_MPP-0.2500+28:1:2,TCGA-GM-A2DH-DX1_xmin50963_ymin56303_MPP-0.2500+28,TCGA-GM-A2DH-DX1,2
4190,TCGA-GM-A2DH-DX1_xmin50963_ymin56303_MPP-0.2500+28:1:3,TCGA-GM-A2DH-DX1_xmin50963_ymin56303_MPP-0.2500+28,TCGA-GM-A2DH-DX1,2
4191,TCGA-GM-A2DH-DX1_xmin50963_ymin56303_MPP-0.2500+29:0:1,TCGA-GM-A2DH-DX1_xmin50963_ymin56303_MPP-0.2500+29,TCGA-GM-A2DH-DX1,2
4192,TCGA-GM-A2DH-DX1_xmin50963_ymin56303_MPP-0.2500+3:0:1,TCGA-GM-A2DH-DX1_xmin50963_ymin56303_MPP-0.2500+3,TCGA-GM-A2DH-DX1,2
4193,TCGA-GM-A2DH-DX1_xmin50963_ymin56303_MPP-0.2500+30:0:1,TCGA-GM-A2DH-DX1_xmin50963_ymin56303_MPP-0.2500+30,TCGA-GM-A2DH-DX1,2
4194,TCGA-GM-A2DH-DX1_xmin50963_ymin56303_MPP-0.2500+31:0:1,TCGA-GM-A2DH-DX1_xmin50963_ymin56303_MPP-0.2500+31,TCGA-GM-A2DH-DX1,2
4195,TCGA-GM-A2DH-DX1_xmin50963_ymin56303_MPP-0.2500+31:0:3,TCGA-GM-A2DH-DX1_xmin50963_ymin56303_MPP-0.2500+31,TCGA-GM-A2DH-DX1,2
4196,TCGA-GM-A2DH-DX1_xmin50963_ymin56303_MPP-0.2500+31:1:1,TCGA-GM-A2DH-DX1_xmin50963_ymin56303_MPP-0.2500+31,TCGA-GM-A2DH-DX1,2
4202,TCGA-GM-A2DH-DX1_xmin50963_ymin56303_MPP-0.2500+32:3:4,TCGA-GM-A2DH-DX1_xmin50963_ymin56303_MPP-0.2500+32,TCGA-GM-A2DH-DX1,2
4203,TCGA-GM-A2DH-DX1_xmin50963_ymin56303_MPP-0.2500+33:0:1,TCGA-GM-A2DH-DX1_xmin50963_ymin56303_MPP-0.2500+33,TCGA-GM-A2DH-DX1,2
4206,TCGA-GM-A2DH-DX1_xmin50963_ymin56303_MPP-0.2500+36:0:1,TCGA-GM-A2DH-DX1_xmin50963_ymin56303_MPP-0.2500+36,TCGA-GM-A2DH-DX1,2
4209,TCGA-GM-A2DH-DX1_xmin50963_ymin56303_MPP-0.2500+37:1:1,TCGA-GM-A2DH-DX1_xmin50963_ymin56303_MPP-0.2500+37,TCGA-GM-A2DH-DX1,2
4212,TCGA-GM-A2DH-DX1_xmin50963_ymin56303_MPP-0.2500+39:0:1,TCGA-GM-A2DH-DX1_xmin50963_ymin56303_MPP-0.2500+39,TCGA-GM-A2DH-DX1,2
4214,TCGA-GM-A2DH-DX1_xmin50963_ymin56303_MPP-0.2500+40:0:1,TCGA-GM-A2DH-DX1_xmin50963_ymin56303_MPP-0.2500+40,TCGA-GM-A2DH-DX1,2
4216,TCGA-GM-A2DH-DX1_xmin50963_ymin56303_MPP-0.2500+42:0:1,TCGA-GM-A2DH-DX1_xmin50963_ymin56303_MPP-0.2500+42,TCGA-GM-A2DH-DX1,2
4217,TCGA-GM-A2DH-DX1_xmin50963_ymin56303_MPP-0.2500+43:0:1,TCGA-GM-A2DH-DX1_xmin50963_ymin56303_MPP-0.2500+43,TCGA-GM-A2DH-DX1,2
4218,TCGA-GM-A2DH-DX1_xmin50963_ymin56303_MPP-0.2500+43:0:2,TCGA-GM-A2DH-DX1_xmin50963_ymin56303_MPP-0.2500+43,TCGA-GM-A2DH-DX1,2
4221,TCGA-GM-A2DH-DX1_xmin50963_ymin56303_MPP-0.2500+44:0:1,TCGA-GM-A2DH-DX1_xmin50963_ymin56303_MPP-0.2500+44,TCGA-GM-A2DH-DX1,2
4222,TCGA-GM-A2DH-DX1_xmin50963_ymin56303_MPP-0.2500+45:0:1,TCGA-GM-A2DH-DX1_xmin50963_ymin56303_MPP-0.2500+45,TCGA-GM-A2DH-DX1,2
4226,TCGA-GM-A2DH-DX1_xmin50963_ymin56303_MPP-0.2500+46:0:1,TCGA-GM-A2DH-DX1_xmin50963_ymin56303_MPP-0.2500+46,TCGA-GM-A2DH-DX1,2
4229,TCGA-GM-A2DH-DX1_xmin50963_ymin56303_MPP-0.2500+49:0:1,TCGA-GM-A2DH-DX1_xmin50963_ymin56303_MPP-0.2500+49,TCGA-GM-A2DH-DX1,2
4230,TCGA-GM-A2DH-DX1_xmin50963_ymin56303_MPP-0.2500+5:0:1,TCGA-GM-A2DH-DX1_xmin50963_ymin56303_MPP-0.2500+5,TCGA-GM-A2DH-DX1,2
4232,TCGA-GM-A2DH-DX1_xmin50963_ymin56303_MPP-0.2500+50:0:1,TCGA-GM-A2DH-DX1_xmin50963_ymin56303_MPP-0.2500+50,TCGA-GM-A2DH-DX1,2
4233,TCGA-GM-A2DH-DX1_xmin50963_ymin56303_MPP-0.2500+50:3:1,TCGA-GM-A2DH-DX1_xmin50963_ymin56303_MPP-0.2500+50,TCGA-GM-A2DH-DX1,2
4234,TCGA-GM-A2DH-DX1_xmin50963_ymin56303_MPP-0.2500+51:0:1,TCGA-GM-A2DH-DX1_xmin50963_ymin56303_MPP-0.2500+51,TCGA-GM-A2DH-DX1,2
4241,TCGA-GM-A2DH-DX1_xmin50963_ymin56303_MPP-0.2500+54:0:1,TCGA-GM-A2DH-DX1_xmin50963_ymin56303_MPP-0.2500+54,TCGA-GM-A2DH-DX1,2
4244,TCGA-GM-A2DH-DX1_xmin50963_ymin56303_MPP-0.2500+54:1:3,TCGA-GM-A2DH-DX1_xmin50963_ymin56303_MPP-0.2500+54,TCGA-GM-A2DH-DX1,2
4245,TCGA-GM-A2DH-DX1_xmin50963_ymin56303_MPP-0.2500+54:2:1,TCGA-GM-A2DH-DX1_xmin50963_ymin56303_MPP-0.2500+54,TCGA-GM-A2DH-DX1,2
4247,TCGA-GM-A2DH-DX1_xmin50963_ymin56303_MPP-0.2500+54:2:3,TCGA-GM-A2DH-DX1_xmin50963_ymin56303_MPP-0.2500+54,TCGA-GM-A2DH-DX1,2
4252,TCGA-GM-A2DH-DX1_xmin50963_ymin56303_MPP-0.2500+58:0:1,TCGA-GM-A2DH-DX1_xmin50963_ymin56303_MPP-0.2500+58,TCGA-GM-A2DH-DX1,2
4254,TCGA-GM-A2DH-DX1_xmin50963_ymin56303_MPP-0.2500+6:0:1,TCGA-GM-A2DH-DX1_xmin50963_ymin56303_MPP-0.2500+6,TCGA-GM-A2DH-DX1,2
4255,TCGA-GM-A2DH-DX1_xmin50963_ymin56303_MPP-0.2500+60:0:1,TCGA-GM-A2DH-DX1_xmin50963_ymin56303_MPP-0.2500+60,TCGA-GM-A2DH-DX1,2
4256,TCGA-GM-A2DH-DX1_xmin50963_ymin56303_MPP-0.2500+61:0:1,TCGA-GM-A2DH-DX1_xmin50963_ymin56303_MPP-0.2500+61,TCGA-GM-A2DH-DX1,2
4257,TCGA-GM-A2DH-DX1_xmin50963_ymin56303_MPP-0.2500+61:0:2,TCGA-GM-A2DH-DX1_xmin50963_ymin56303_MPP-0.2500+61,TCGA-GM-A2DH-DX1,2
4261,TCGA-GM-A2DH-DX1_xmin50963_ymin56303_MPP-0.2500+61:2:2,TCGA-GM-A2DH-DX1_xmin50963_ymin56303_MPP-0.2500+61,TCGA-GM-A2DH-DX1,2
4263,TCGA-GM-A2DH-DX1_xmin50963_ymin56303_MPP-0.2500+62:1:2,TCGA-GM-A2DH-DX1_xmin50963_ymin56303_MPP-0.2500+62,TCGA-GM-A2DH-DX1,2
4265,TCGA-GM-A2DH-DX1_xmin50963_ymin56303_MPP-0.2500+62:2:2,TCGA-GM-A2DH-DX1_xmin50963_ymin56303_MPP-0.2500+62,TCGA-GM-A2DH-DX1,2
4266,TCGA-GM-A2DH-DX1_xmin50963_ymin56303_MPP-0.2500+62:2:3,TCGA-GM-A2DH-DX1_xmin50963_ymin56303_MPP-0.2500+62,TCGA-GM-A2DH-DX1,2
4267,TCGA-GM-A2DH-DX1_xmin50963_ymin56303_MPP-0.2500+63:1:1,TCGA-GM-A2DH-DX1_xmin50963_ymin56303_MPP-0.2500+63,TCGA-GM-A2DH-DX1,2
4270,TCGA-GM-A2DH-DX1_xmin50963_ymin56303_MPP-0.2500+63:2:1,TCGA-GM-A2DH-DX1_xmin50963_ymin56303_MPP-0.2500+63,TCGA-GM-A2DH-DX1,2
4272,TCGA-GM-A2DH-DX1_xmin50963_ymin56303_MPP-0.2500+64:0:3,TCGA-GM-A2DH-DX1_xmin50963_ymin56303_MPP-0.2500+64,TCGA-GM-A2DH-DX1,2
4273,TCGA-GM-A2DH-DX1_xmin50963_ymin56303_MPP-0.2500+64:1:1,TCGA-GM-A2DH-DX1_xmin50963_ymin56303_MPP-0.2500+64,TCGA-GM-A2DH-DX1,2
4274,TCGA-GM-A2DH-DX1_xmin50963_ymin56303_MPP-0.2500+65:0:1,TCGA-GM-A2DH-DX1_xmin50963_ymin56303_MPP-0.2500+65,TCGA-GM-A2DH-DX1,2
4275,TCGA-GM-A2DH-DX1_xmin50963_ymin56303_MPP-0.2500+66:0:1,TCGA-GM-A2DH-DX1_xmin50963_ymin56303_MPP-0.2500+66,TCGA-GM-A2DH-DX1,2
4278,TCGA-GM-A2DH-DX1_xmin50963_ymin56303_MPP-0.2500+69:0:1,TCGA-GM-A2DH-DX1_xmin50963_ymin56303_MPP-0.2500+69,TCGA-GM-A2DH-DX1,2
4279,TCGA-GM-A2DH-DX1_xmin50963_ymin56303_MPP-0.2500+7:0:1,TCGA-GM-A2DH-DX1_xmin50963_ymin56303_MPP-0.2500+7,TCGA-GM-A2DH-DX1,2
4280,TCGA-GM-A2DH-DX1_xmin50963_ymin56303_MPP-0.2500+70:0:1,TCGA-GM-A2DH-DX1_xmin50963_ymin56303_MPP-0.2500+70,TCGA-GM-A2DH-DX1,2
4283,TCGA-GM-A2DH-DX1_xmin50963_ymin56303_MPP-0.2500+71:0:1,TCGA-GM-A2DH-DX1_xmin50963_ymin56303_MPP-0.2500+71,TCGA-GM-A2DH-DX1,2
4285,TCGA-GM-A2DH-DX1_xmin50963_ymin56303_MPP-0.2500+71:2:1,TCGA-GM-A2DH-DX1_xmin50963_ymin56303_MPP-0.2500+71,TCGA-GM-A2DH-DX1,2
4286,TCGA-GM-A2DH-DX1_xmin50963_ymin56303_MPP-0.2500+72:1:1,TCGA-GM-A2DH-DX1_xmin50963_ymin56303_MPP-0.2500+72,TCGA-GM-A2DH-DX1,2
4287,TCGA-GM-A2DH-DX1_xmin50963_ymin56303_MPP-0.2500+73:0:1,TCGA-GM-A2DH-DX1_xmin50963_ymin56303_MPP-0.2500+73,TCGA-GM-A2DH-DX1,2
4288,TCGA-GM-A2DH-DX1_xmin50963_ymin56303_MPP-0.2500+73:1:1,TCGA-GM-A2DH-DX1_xmin50963_ymin56303_MPP-0.2500+73,TCGA-GM-A2DH-DX1,2
4289,TCGA-GM-A2DH-DX1_xmin50963_ymin56303_MPP-0.2500+74:0:1,TCGA-GM-A2DH-DX1_xmin50963_ymin56303_MPP-0.2500+74,TCGA-GM-A2DH-DX1,2
4290,TCGA-GM-A2DH-DX1_xmin50963_ymin56303_MPP-0.2500+74:1:1,TCGA-GM-A2DH-DX1_xmin50963_ymin56303_MPP-0.2500+74,TCGA-GM-A2DH-DX1,2
4291,TCGA-GM-A2DH-DX1_xmin50963_ymin56303_MPP-0.2500+75:0:1,TCGA-GM-A2DH-DX1_xmin50963_ymin56303_MPP-0.2500+75,TCGA-GM-A2DH-DX1,2
4293,TCGA-GM-A2DH-DX1_xmin50963_ymin56303_MPP-0.2500+76:1:1,TCGA-GM-A2DH-DX1_xmin50963_ymin56303_MPP-0.2500+76,TCGA-GM-A2DH-DX1,2
4295,TCGA-GM-A2DH-DX1_xmin50963_ymin56303_MPP-0.2500+76:1:3,TCGA-GM-A2DH-DX1_xmin50963_ymin56303_MPP-0.2500+76,TCGA-GM-A2DH-DX1,2
4296,TCGA-GM-A2DH-DX1_xmin50963_ymin56303_MPP-0.2500+77:0:1,TCGA-GM-A2DH-DX1_xmin50963_ymin56303_MPP-0.2500+77,TCGA-GM-A2DH-DX1,2
4297,TCGA-GM-A2DH-DX1_xmin50963_ymin56303_MPP-0.2500+78:0:1,TCGA-GM-A2DH-DX1_xmin50963_ymin56303_MPP-0.2500+78,TCGA-GM-A2DH-DX1,2
4298,TCGA-GM-A2DH-DX1_xmin50963_ymin56303_MPP-0.2500+79:0:1,TCGA-GM-A2DH-DX1_xmin50963_ymin56303_MPP-0.2500+79,TCGA-GM-A2DH-DX1,2
4301,TCGA-GM-A2DH-DX1_xmin50963_ymin56303_MPP-0.2500+80:0:1,TCGA-GM-A2DH-DX1_xmin50963_ymin56303_MPP-0.2500+80,TCGA-GM-A2DH-DX1,2
4303,TCGA-GM-A2DH-DX1_xmin50963_ymin56303_MPP-0.2500+80:2:1,TCGA-GM-A2DH-DX1_xmin50963_ymin56303_MPP-0.2500+80,TCGA-GM-A2DH-DX1,2
4305,TCGA-GM-A2DH-DX1_xmin50963_ymin56303_MPP-0.2500+80:2:3,TCGA-GM-A2DH-DX1_xmin50963_ymin56303_MPP-0.2500+80,TCGA-GM-A2DH-DX1,2
4308,TCGA-GM-A2DH-DX1_xmin50963_ymin56303_MPP-0.2500+81:0:3,TCGA-GM-A2DH-DX1_xmin50963_ymin56303_MPP-0.2500+81,TCGA-GM-A2DH-DX1,2
4310,TCGA-GM-A2DH-DX1_xmin50963_ymin56303_MPP-0.2500+82:1:1,TCGA-GM-A2DH-DX1_xmin50963_ymin56303_MPP-0.2500+82,TCGA-GM-A2DH-DX1,2
4311,TCGA-GM-A2DH-DX1_xmin50963_ymin56303_MPP-0.2500+83:1:1,TCGA-GM-A2DH-DX1_xmin50963_ymin56303_MPP-0.2500+83,TCGA-GM-A2DH-DX1,2
4312,TCGA-GM-A2DH-DX1_xmin50963_ymin56303_MPP-0.2500+84:0:1,TCGA-GM-A2DH-DX1_xmin50963_ymin56303_MPP-0.2500+84,TCGA-GM-A2DH-DX1,2
4313,TCGA-GM-A2DH-DX1_xmin50963_ymin56303_MPP-0.2500+84:1:1,TCGA-GM-A2DH-DX1_xmin50963_ymin56303_MPP-0.2500+84,TCGA-GM-A2DH-DX1,2
4315,TCGA-GM-A2DH-DX1_xmin50963_ymin56303_MPP-0.2500+85:0:1,TCGA-GM-A2DH-DX1_xmin50963_ymin56303_MPP-0.2500+85,TCGA-GM-A2DH-DX1,2
4316,TCGA-GM-A2DH-DX1_xmin50963_ymin56303_MPP-0.2500+86:0:1,TCGA-GM-A2DH-DX1_xmin50963_ymin56303_MPP-0.2500+86,TCGA-GM-A2DH-DX1,2
4318,TCGA-GM-A2DH-DX1_xmin50963_ymin56303_MPP-0.2500+86:3:2,TCGA-GM-A2DH-DX1_xmin50963_ymin56303_MPP-0.2500+86,TCGA-GM-A2DH-DX1,2
4319,TCGA-GM-A2DH-DX1_xmin50963_ymin56303_MPP-0.2500+87:0:1,TCGA-GM-A2DH-DX1_xmin50963_ymin56303_MPP-0.2500+87,TCGA-GM-A2DH-DX1,2
4320,TCGA-GM-A2DH-DX1_xmin50963_ymin56303_MPP-0.2500+88:0:1,TCGA-GM-A2DH-DX1_xmin50963_ymin56303_MPP-0.2500+88,TCGA-GM-A2DH-DX1,2
4323,TCGA-GM-A2DH-DX1_xmin50963_ymin56303_MPP-0.2500+90:0:1,TCGA-GM-A2DH-DX1_xmin50963_ymin56303_MPP-0.2500+90,TCGA-GM-A2DH-DX1,2
4328,TCGA-GM-A2DH-DX1_xmin50963_ymin56303_MPP-0.2500+92:1:1,TCGA-GM-A2DH-DX1_xmin50963_ymin56303_MPP-0.2500+92,TCGA-GM-A2DH-DX1,2
4329,TCGA-GM-A2DH-DX1_xmin50963_ymin56303_MPP-0.2500+93:1:1,TCGA-GM-A2DH-DX1_xmin50963_ymin56303_MPP-0.2500+93,TCGA-GM-A2DH-DX1,2
4330,TCGA-GM-A2DH-DX1_xmin50963_ymin56303_MPP-0.2500+94:0:1,TCGA-GM-A2DH-DX1_xmin50963_ymin56303_MPP-0.2500+94,TCGA-GM-A2DH-DX1,2
4334,TCGA-GM-A2DH-DX1_xmin50963_ymin56303_MPP-0.2500+95:0:2,TCGA-GM-A2DH-DX1_xmin50963_ymin56303_MPP-0.2500+95,TCGA-GM-A2DH-DX1,2
4340,TCGA-GM-A2DH-DX1_xmin50963_ymin56303_MPP-0.2500+98:0:1,TCGA-GM-A2DH-DX1_xmin50963_ymin56303_MPP-0.2500+98,TCGA-GM-A2DH-DX1,2
4342,TCGA-GM-A2DI-DX1_xmin22802_ymin51060_MPP-0.2500+0:0:1,TCGA-GM-A2DI-DX1_xmin22802_ymin51060_MPP-0.2500+0,TCGA-GM-A2DI-DX1,3
4343,TCGA-GM-A2DI-DX1_xmin22802_ymin51060_MPP-0.2500+0:0:2,TCGA-GM-A2DI-DX1_xmin22802_ymin51060_MPP-0.2500+0,TCGA-GM-A2DI-DX1,3
4345,TCGA-GM-A2DI-DX1_xmin22802_ymin51060_MPP-0.2500+0:1:1,TCGA-GM-A2DI-DX1_xmin22802_ymin51060_MPP-0.2500+0,TCGA-GM-A2DI-DX1,3
4346,TCGA-GM-A2DI-DX1_xmin22802_ymin51060_MPP-0.2500+0:1:2,TCGA-GM-A2DI-DX1_xmin22802_ymin51060_MPP-0.2500+0,TCGA-GM-A2DI-DX1,3
4350,TCGA-GM-A2DI-DX1_xmin22802_ymin51060_MPP-0.2500+1:1:2,TCGA-GM-A2DI-DX1_xmin22802_ymin51060_MPP-0.2500+1,TCGA-GM-A2DI-DX1,3
4352,TCGA-GM-A2DI-DX1_xmin22802_ymin51060_MPP-0.2500+10:0:2,TCGA-GM-A2DI-DX1_xmin22802_ymin51060_MPP-0.2500+10,TCGA-GM-A2DI-DX1,3
4355,TCGA-GM-A2DI-DX1_xmin22802_ymin51060_MPP-0.2500+10:1:2,TCGA-GM-A2DI-DX1_xmin22802_ymin51060_MPP-0.2500+10,TCGA-GM-A2DI-DX1,3
4356,TCGA-GM-A2DI-DX1_xmin22802_ymin51060_MPP-0.2500+10:1:4,TCGA-GM-A2DI-DX1_xmin22802_ymin51060_MPP-0.2500+10,TCGA-GM-A2DI-DX1,3
4361,TCGA-GM-A2DI-DX1_xmin22802_ymin51060_MPP-0.2500+11:1:3,TCGA-GM-A2DI-DX1_xmin22802_ymin51060_MPP-0.2500+11,TCGA-GM-A2DI-DX1,3
4362,TCGA-GM-A2DI-DX1_xmin22802_ymin51060_MPP-0.2500+11:1:4,TCGA-GM-A2DI-DX1_xmin22802_ymin51060_MPP-0.2500+11,TCGA-GM-A2DI-DX1,3
4364,TCGA-GM-A2DI-DX1_xmin22802_ymin51060_MPP-0.2500+12:1:1,TCGA-GM-A2DI-DX1_xmin22802_ymin51060_MPP-0.2500+12,TCGA-GM-A2DI-DX1,3
4365,TCGA-GM-A2DI-DX1_xmin22802_ymin51060_MPP-0.2500+12:1:2,TCGA-GM-A2DI-DX1_xmin22802_ymin51060_MPP-0.2500+12,TCGA-GM-A2DI-DX1,3
4369,TCGA-GM-A2DI-DX1_xmin22802_ymin51060_MPP-0.2500+13:0:2,TCGA-GM-A2DI-DX1_xmin22802_ymin51060_MPP-0.2500+13,TCGA-GM-A2DI-DX1,3
4370,TCGA-GM-A2DI-DX1_xmin22802_ymin51060_MPP-0.2500+13:1:1,TCGA-GM-A2DI-DX1_xmin22802_ymin51060_MPP-0.2500+13,TCGA-GM-A2DI-DX1,3
4371,TCGA-GM-A2DI-DX1_xmin22802_ymin51060_MPP-0.2500+13:1:2,TCGA-GM-A2DI-DX1_xmin22802_ymin51060_MPP-0.2500+13,TCGA-GM-A2DI-DX1,3
4372,TCGA-GM-A2DI-DX1_xmin22802_ymin51060_MPP-0.2500+13:1:3,TCGA-GM-A2DI-DX1_xmin22802_ymin51060_MPP-0.2500+13,TCGA-GM-A2DI-DX1,3
4374,TCGA-GM-A2DI-DX1_xmin22802_ymin51060_MPP-0.2500+14:0:1,TCGA-GM-A2DI-DX1_xmin22802_ymin51060_MPP-0.2500+14,TCGA-GM-A2DI-DX1,3
4375,TCGA-GM-A2DI-DX1_xmin22802_ymin51060_MPP-0.2500+14:0:2,TCGA-GM-A2DI-DX1_xmin22802_ymin51060_MPP-0.2500+14,TCGA-GM-A2DI-DX1,3
4378,TCGA-GM-A2DI-DX1_xmin22802_ymin51060_MPP-0.2500+14:1:2,TCGA-GM-A2DI-DX1_xmin22802_ymin51060_MPP-0.2500+14,TCGA-GM-A2DI-DX1,3
4379,TCGA-GM-A2DI-DX1_xmin22802_ymin51060_MPP-0.2500+14:1:3,TCGA-GM-A2DI-DX1_xmin22802_ymin51060_MPP-0.2500+14,TCGA-GM-A2DI-DX1,3
4381,TCGA-GM-A2DI-DX1_xmin22802_ymin51060_MPP-0.2500+15:0:2,TCGA-GM-A2DI-DX1_xmin22802_ymin51060_MPP-0.2500+15,TCGA-GM-A2DI-DX1,3
4382,TCGA-GM-A2DI-DX1_xmin22802_ymin51060_MPP-0.2500+15:1:1,TCGA-GM-A2DI-DX1_xmin22802_ymin51060_MPP-0.2500+15,TCGA-GM-A2DI-DX1,3
4383,TCGA-GM-A2DI-DX1_xmin22802_ymin51060_MPP-0.2500+15:1:2,TCGA-GM-A2DI-DX1_xmin22802_ymin51060_MPP-0.2500+15,TCGA-GM-A2DI-DX1,3
4388,TCGA-GM-A2DI-DX1_xmin22802_ymin51060_MPP-0.2500+16:1:1,TCGA-GM-A2DI-DX1_xmin22802_ymin51060_MPP-0.2500+16,TCGA-GM-A2DI-DX1,3
4389,TCGA-GM-A2DI-DX1_xmin22802_ymin51060_MPP-0.2500+16:1:3,TCGA-GM-A2DI-DX1_xmin22802_ymin51060_MPP-0.2500+16,TCGA-GM-A2DI-DX1,3
4390,TCGA-GM-A2DI-DX1_xmin22802_ymin51060_MPP-0.2500+16:1:4,TCGA-GM-A2DI-DX1_xmin22802_ymin51060_MPP-0.2500+16,TCGA-GM-A2DI-DX1,3
4391,TCGA-GM-A2DI-DX1_xmin22802_ymin51060_MPP-0.2500+17:0:1,TCGA-GM-A2DI-DX1_xmin22802_ymin51060_MPP-0.2500+17,TCGA-GM-A2DI-DX1,3
4395,TCGA-GM-A2DI-DX1_xmin22802_ymin51060_MPP-0.2500+18:0:2,TCGA-GM-A2DI-DX1_xmin22802_ymin51060_MPP-0.2500+18,TCGA-GM-A2DI-DX1,3
4397,TCGA-GM-A2DI-DX1_xmin22802_ymin51060_MPP-0.2500+18:1:1,TCGA-GM-A2DI-DX1_xmin22802_ymin51060_MPP-0.2500+18,TCGA-GM-A2DI-DX1,3
4399,TCGA-GM-A2DI-DX1_xmin22802_ymin51060_MPP-0.2500+18:1:3,TCGA-GM-A2DI-DX1_xmin22802_ymin51060_MPP-0.2500+18,TCGA-GM-A2DI-DX1,3
4400,TCGA-GM-A2DI-DX1_xmin22802_ymin51060_MPP-0.2500+18:1:4,TCGA-GM-A2DI-DX1_xmin22802_ymin51060_MPP-0.2500+18,TCGA-GM-A2DI-DX1,3
4402,TCGA-GM-A2DI-DX1_xmin22802_ymin51060_MPP-0.2500+19:0:3,TCGA-GM-A2DI-DX1_xmin22802_ymin51060_MPP-0.2500+19,TCGA-GM-A2DI-DX1,3
4403,TCGA-GM-A2DI-DX1_xmin22802_ymin51060_MPP-0.2500+19:0:4,TCGA-GM-A2DI-DX1_xmin22802_ymin51060_MPP-0.2500+19,TCGA-GM-A2DI-DX1,3
4404,TCGA-GM-A2DI-DX1_xmin22802_ymin51060_MPP-0.2500+19:1:1,TCGA-GM-A2DI-DX1_xmin22802_ymin51060_MPP-0.2500+19,TCGA-GM-A2DI-DX1,3
4405,TCGA-GM-A2DI-DX1_xmin22802_ymin51060_MPP-0.2500+19:1:2,TCGA-GM-A2DI-DX1_xmin22802_ymin51060_MPP-0.2500+19,TCGA-GM-A2DI-DX1,3
4407,TCGA-GM-A2DI-DX1_xmin22802_ymin51060_MPP-0.2500+2:0:1,TCGA-GM-A2DI-DX1_xmin22802_ymin51060_MPP-0.2500+2,TCGA-GM-A2DI-DX1,3
4408,TCGA-GM-A2DI-DX1_xmin22802_ymin51060_MPP-0.2500+2:1:1,TCGA-GM-A2DI-DX1_xmin22802_ymin51060_MPP-0.2500+2,TCGA-GM-A2DI-DX1,3
4413,TCGA-GM-A2DI-DX1_xmin22802_ymin51060_MPP-0.2500+21:0:1,TCGA-GM-A2DI-DX1_xmin22802_ymin51060_MPP-0.2500+21,TCGA-GM-A2DI-DX1,3
4415,TCGA-GM-A2DI-DX1_xmin22802_ymin51060_MPP-0.2500+21:1:1,TCGA-GM-A2DI-DX1_xmin22802_ymin51060_MPP-0.2500+21,TCGA-GM-A2DI-DX1,3
4417,TCGA-GM-A2DI-DX1_xmin22802_ymin51060_MPP-0.2500+22:0:2,TCGA-GM-A2DI-DX1_xmin22802_ymin51060_MPP-0.2500+22,TCGA-GM-A2DI-DX1,3
4419,TCGA-GM-A2DI-DX1_xmin22802_ymin51060_MPP-0.2500+22:1:1,TCGA-GM-A2DI-DX1_xmin22802_ymin51060_MPP-0.2500+22,TCGA-GM-A2DI-DX1,3
4420,TCGA-GM-A2DI-DX1_xmin22802_ymin51060_MPP-0.2500+22:1:2,TCGA-GM-A2DI-DX1_xmin22802_ymin51060_MPP-0.2500+22,TCGA-GM-A2DI-DX1,3
4423,TCGA-GM-A2DI-DX1_xmin22802_ymin51060_MPP-0.2500+23:1:2,TCGA-GM-A2DI-DX1_xmin22802_ymin51060_MPP-0.2500+23,TCGA-GM-A2DI-DX1,3
4425,TCGA-GM-A2DI-DX1_xmin22802_ymin51060_MPP-0.2500+23:1:4,TCGA-GM-A2DI-DX1_xmin22802_ymin51060_MPP-0.2500+23,TCGA-GM-A2DI-DX1,3
4427,TCGA-GM-A2DI-DX1_xmin22802_ymin51060_MPP-0.2500+23:1:6,TCGA-GM-A2DI-DX1_xmin22802_ymin51060_MPP-0.2500+23,TCGA-GM-A2DI-DX1,3
4429,TCGA-GM-A2DI-DX1_xmin22802_ymin51060_MPP-0.2500+24:0:2,TCGA-GM-A2DI-DX1_xmin22802_ymin51060_MPP-0.2500+24,TCGA-GM-A2DI-DX1,3
4431,TCGA-GM-A2DI-DX1_xmin22802_ymin51060_MPP-0.2500+24:1:1,TCGA-GM-A2DI-DX1_xmin22802_ymin51060_MPP-0.2500+24,TCGA-GM-A2DI-DX1,3
4432,TCGA-GM-A2DI-DX1_xmin22802_ymin51060_MPP-0.2500+25:1:1,TCGA-GM-A2DI-DX1_xmin22802_ymin51060_MPP-0.2500+25,TCGA-GM-A2DI-DX1,3
4433,TCGA-GM-A2DI-DX1_xmin22802_ymin51060_MPP-0.2500+26:0:1,TCGA-GM-A2DI-DX1_xmin22802_ymin51060_MPP-0.2500+26,TCGA-GM-A2DI-DX1,3
4435,TCGA-GM-A2DI-DX1_xmin22802_ymin51060_MPP-0.2500+26:0:3,TCGA-GM-A2DI-DX1_xmin22802_ymin51060_MPP-0.2500+26,TCGA-GM-A2DI-DX1,3
4436,TCGA-GM-A2DI-DX1_xmin22802_ymin51060_MPP-0.2500+26:0:4,TCGA-GM-A2DI-DX1_xmin22802_ymin51060_MPP-0.2500+26,TCGA-GM-A2DI-DX1,3
4437,TCGA-GM-A2DI-DX1_xmin22802_ymin51060_MPP-0.2500+26:1:1,TCGA-GM-A2DI-DX1_xmin22802_ymin51060_MPP-0.2500+26,TCGA-GM-A2DI-DX1,3
4438,TCGA-GM-A2DI-DX1_xmin22802_ymin51060_MPP-0.2500+26:1:2,TCGA-GM-A2DI-DX1_xmin22802_ymin51060_MPP-0.2500+26,TCGA-GM-A2DI-DX1,3
4439,TCGA-GM-A2DI-DX1_xmin22802_ymin51060_MPP-0.2500+26:1:3,TCGA-GM-A2DI-DX1_xmin22802_ymin51060_MPP-0.2500+26,TCGA-GM-A2DI-DX1,3
4441,TCGA-GM-A2DI-DX1_xmin22802_ymin51060_MPP-0.2500+3:0:2,TCGA-GM-A2DI-DX1_xmin22802_ymin51060_MPP-0.2500+3,TCGA-GM-A2DI-DX1,3
4442,TCGA-GM-A2DI-DX1_xmin22802_ymin51060_MPP-0.2500+3:0:3,TCGA-GM-A2DI-DX1_xmin22802_ymin51060_MPP-0.2500+3,TCGA-GM-A2DI-DX1,3
4443,TCGA-GM-A2DI-DX1_xmin22802_ymin51060_MPP-0.2500+3:1:1,TCGA-GM-A2DI-DX1_xmin22802_ymin51060_MPP-0.2500+3,TCGA-GM-A2DI-DX1,3
4446,TCGA-GM-A2DI-DX1_xmin22802_ymin51060_MPP-0.2500+4:1:1,TCGA-GM-A2DI-DX1_xmin22802_ymin51060_MPP-0.2500+4,TCGA-GM-A2DI-DX1,3
4448,TCGA-GM-A2DI-DX1_xmin22802_ymin51060_MPP-0.2500+4:1:3,TCGA-GM-A2DI-DX1_xmin22802_ymin51060_MPP-0.2500+4,TCGA-GM-A2DI-DX1,3
4449,TCGA-GM-A2DI-DX1_xmin22802_ymin51060_MPP-0.2500+4:1:4,TCGA-GM-A2DI-DX1_xmin22802_ymin51060_MPP-0.2500+4,TCGA-GM-A2DI-DX1,3
4452,TCGA-GM-A2DI-DX1_xmin22802_ymin51060_MPP-0.2500+5:1:2,TCGA-GM-A2DI-DX1_xmin22802_ymin51060_MPP-0.2500+5,TCGA-GM-A2DI-DX1,3
4453,TCGA-GM-A2DI-DX1_xmin22802_ymin51060_MPP-0.2500+5:1:3,TCGA-GM-A2DI-DX1_xmin22802_ymin51060_MPP-0.2500+5,TCGA-GM-A2DI-DX1,3
4458,TCGA-GM-A2DI-DX1_xmin22802_ymin51060_MPP-0.2500+6:1:2,TCGA-GM-A2DI-DX1_xmin22802_ymin51060_MPP-0.2500+6,TCGA-GM-A2DI-DX1,3
4461,TCGA-GM-A2DI-DX1_xmin22802_ymin51060_MPP-0.2500+7:0:3,TCGA-GM-A2DI-DX1_xmin22802_ymin51060_MPP-0.2500+7,TCGA-GM-A2DI-DX1,3
4462,TCGA-GM-A2DI-DX1_xmin22802_ymin51060_MPP-0.2500+7:1:1,TCGA-GM-A2DI-DX1_xmin22802_ymin51060_MPP-0.2500+7,TCGA-GM-A2DI-DX1,3
4465,TCGA-GM-A2DI-DX1_xmin22802_ymin51060_MPP-0.2500+8:0:2,TCGA-GM-A2DI-DX1_xmin22802_ymin51060_MPP-0.2500+8,TCGA-GM-A2DI-DX1,3
4472,TCGA-GM-A2DI-DX1_xmin22802_ymin51060_MPP-0.2500+9:0:2,TCGA-GM-A2DI-DX1_xmin22802_ymin51060_MPP-0.2500+9,TCGA-GM-A2DI-DX1,3
4473,TCGA-GM-A2DI-DX1_xmin22802_ymin51060_MPP-0.2500+9:1:1,TCGA-GM-A2DI-DX1_xmin22802_ymin51060_MPP-0.2500+9,TCGA-GM-A2DI-DX1,3
4475,TCGA-GM-A2DI-DX1_xmin22802_ymin51060_MPP-0.2500+9:1:3,TCGA-GM-A2DI-DX1_xmin22802_ymin51060_MPP-0.2500+9,TCGA-GM-A2DI-DX1,3
4477,TCGA-GM-A3XL-DX1_xmin29910_ymin15820_MPP-0.2500+0:3:1,TCGA-GM-A3XL-DX1_xmin29910_ymin15820_MPP-0.2500+0,TCGA-GM-A3XL-DX1,4
4478,TCGA-GM-A3XL-DX1_xmin29910_ymin15820_MPP-0.2500+1:3:1,TCGA-GM-A3XL-DX1_xmin29910_ymin15820_MPP-0.2500+1,TCGA-GM-A3XL-DX1,4
4479,TCGA-GM-A3XL-DX1_xmin29910_ymin15820_MPP-0.2500+10:3:1,TCGA-GM-A3XL-DX1_xmin29910_ymin15820_MPP-0.2500+10,TCGA-GM-A3XL-DX1,4
4480,TCGA-GM-A3XL-DX1_xmin29910_ymin15820_MPP-0.2500+100:0:1,TCGA-GM-A3XL-DX1_xmin29910_ymin15820_MPP-0.2500+100,TCGA-GM-A3XL-DX1,4
4481,TCGA-GM-A3XL-DX1_xmin29910_ymin15820_MPP-0.2500+100:1:1,TCGA-GM-A3XL-DX1_xmin29910_ymin15820_MPP-0.2500+100,TCGA-GM-A3XL-DX1,4
4482,TCGA-GM-A3XL-DX1_xmin29910_ymin15820_MPP-0.2500+100:1:2,TCGA-GM-A3XL-DX1_xmin29910_ymin15820_MPP-0.2500+100,TCGA-GM-A3XL-DX1,4
4483,TCGA-GM-A3XL-DX1_xmin29910_ymin15820_MPP-0.2500+101:0:1,TCGA-GM-A3XL-DX1_xmin29910_ymin15820_MPP-0.2500+101,TCGA-GM-A3XL-DX1,4
4484,TCGA-GM-A3XL-DX1_xmin29910_ymin15820_MPP-0.2500+102:0:1,TCGA-GM-A3XL-DX1_xmin29910_ymin15820_MPP-0.2500+102,TCGA-GM-A3XL-DX1,4
4485,TCGA-GM-A3XL-DX1_xmin29910_ymin15820_MPP-0.2500+103:0:1,TCGA-GM-A3XL-DX1_xmin29910_ymin15820_MPP-0.2500+103,TCGA-GM-A3XL-DX1,4
4486,TCGA-GM-A3XL-DX1_xmin29910_ymin15820_MPP-0.2500+104:0:1,TCGA-GM-A3XL-DX1_xmin29910_ymin15820_MPP-0.2500+104,TCGA-GM-A3XL-DX1,4
4487,TCGA-GM-A3XL-DX1_xmin29910_ymin15820_MPP-0.2500+105:0:1,TCGA-GM-A3XL-DX1_xmin29910_ymin15820_MPP-0.2500+105,TCGA-GM-A3XL-DX1,4
4488,TCGA-GM-A3XL-DX1_xmin29910_ymin15820_MPP-0.2500+106:0:1,TCGA-GM-A3XL-DX1_xmin29910_ymin15820_MPP-0.2500+106,TCGA-GM-A3XL-DX1,4
4489,TCGA-GM-A3XL-DX1_xmin29910_ymin15820_MPP-0.2500+107:0:1,TCGA-GM-A3XL-DX1_xmin29910_ymin15820_MPP-0.2500+107,TCGA-GM-A3XL-DX1,4
4490,TCGA-GM-A3XL-DX1_xmin29910_ymin15820_MPP-0.2500+108:0:1,TCGA-GM-A3XL-DX1_xmin29910_ymin15820_MPP-0.2500+108,TCGA-GM-A3XL-DX1,4
4493,TCGA-GM-A3XL-DX1_xmin29910_ymin15820_MPP-0.2500+109:1:1,TCGA-GM-A3XL-DX1_xmin29910_ymin15820_MPP-0.2500+109,TCGA-GM-A3XL-DX1,4
4496,TCGA-GM-A3XL-DX1_xmin29910_ymin15820_MPP-0.2500+109:1:4,TCGA-GM-A3XL-DX1_xmin29910_ymin15820_MPP-0.2500+109,TCGA-GM-A3XL-DX1,4
4497,TCGA-GM-A3XL-DX1_xmin29910_ymin15820_MPP-0.2500+11:0:1,TCGA-GM-A3XL-DX1_xmin29910_ymin15820_MPP-0.2500+11,TCGA-GM-A3XL-DX1,4
4498,TCGA-GM-A3XL-DX1_xmin29910_ymin15820_MPP-0.2500+11:3:1,TCGA-GM-A3XL-DX1_xmin29910_ymin15820_MPP-0.2500+11,TCGA-GM-A3XL-DX1,4
4499,TCGA-GM-A3XL-DX1_xmin29910_ymin15820_MPP-0.2500+110:0:1,TCGA-GM-A3XL-DX1_xmin29910_ymin15820_MPP-0.2500+110,TCGA-GM-A3XL-DX1,4
4500,TCGA-GM-A3XL-DX1_xmin29910_ymin15820_MPP-0.2500+111:0:1,TCGA-GM-A3XL-DX1_xmin29910_ymin15820_MPP-0.2500+111,TCGA-GM-A3XL-DX1,4
4501,TCGA-GM-A3XL-DX1_xmin29910_ymin15820_MPP-0.2500+112:0:1,TCGA-GM-A3XL-DX1_xmin29910_ymin15820_MPP-0.2500+112,TCGA-GM-A3XL-DX1,4
4505,TCGA-GM-A3XL-DX1_xmin29910_ymin15820_MPP-0.2500+115:0:1,TCGA-GM-A3XL-DX1_xmin29910_ymin15820_MPP-0.2500+115,TCGA-GM-A3XL-DX1,4
4506,TCGA-GM-A3XL-DX1_xmin29910_ymin15820_MPP-0.2500+116:0:1,TCGA-GM-A3XL-DX1_xmin29910_ymin15820_MPP-0.2500+116,TCGA-GM-A3XL-DX1,4
4507,TCGA-GM-A3XL-DX1_xmin29910_ymin15820_MPP-0.2500+117:0:1,TCGA-GM-A3XL-DX1_xmin29910_ymin15820_MPP-0.2500+117,TCGA-GM-A3XL-DX1,4
4508,TCGA-GM-A3XL-DX1_xmin29910_ymin15820_MPP-0.2500+118:0:1,TCGA-GM-A3XL-DX1_xmin29910_ymin15820_MPP-0.2500+118,TCGA-GM-A3XL-DX1,4
4509,TCGA-GM-A3XL-DX1_xmin29910_ymin15820_MPP-0.2500+119:0:1,TCGA-GM-A3XL-DX1_xmin29910_ymin15820_MPP-0.2500+119,TCGA-GM-A3XL-DX1,4
4510,TCGA-GM-A3XL-DX1_xmin29910_ymin15820_MPP-0.2500+12:0:1,TCGA-GM-A3XL-DX1_xmin29910_ymin15820_MPP-0.2500+12,TCGA-GM-A3XL-DX1,4
4511,TCGA-GM-A3XL-DX1_xmin29910_ymin15820_MPP-0.2500+120:0:1,TCGA-GM-A3XL-DX1_xmin29910_ymin15820_MPP-0.2500+120,TCGA-GM-A3XL-DX1,4
4513,TCGA-GM-A3XL-DX1_xmin29910_ymin15820_MPP-0.2500+122:0:1,TCGA-GM-A3XL-DX1_xmin29910_ymin15820_MPP-0.2500+122,TCGA-GM-A3XL-DX1,4
4514,TCGA-GM-A3XL-DX1_xmin29910_ymin15820_MPP-0.2500+123:0:1,TCGA-GM-A3XL-DX1_xmin29910_ymin15820_MPP-0.2500+123,TCGA-GM-A3XL-DX1,4
4515,TCGA-GM-A3XL-DX1_xmin29910_ymin15820_MPP-0.2500+124:0:1,TCGA-GM-A3XL-DX1_xmin29910_ymin15820_MPP-0.2500+124,TCGA-GM-A3XL-DX1,4
4516,TCGA-GM-A3XL-DX1_xmin29910_ymin15820_MPP-0.2500+125:0:1,TCGA-GM-A3XL-DX1_xmin29910_ymin15820_MPP-0.2500+125,TCGA-GM-A3XL-DX1,4
4517,TCGA-GM-A3XL-DX1_xmin29910_ymin15820_MPP-0.2500+125:1:1,TCGA-GM-A3XL-DX1_xmin29910_ymin15820_MPP-0.2500+125,TCGA-GM-A3XL-DX1,4
4518,TCGA-GM-A3XL-DX1_xmin29910_ymin15820_MPP-0.2500+126:1:1,TCGA-GM-A3XL-DX1_xmin29910_ymin15820_MPP-0.2500+126,TCGA-GM-A3XL-DX1,4
4519,TCGA-GM-A3XL-DX1_xmin29910_ymin15820_MPP-0.2500+127:0:1,TCGA-GM-A3XL-DX1_xmin29910_ymin15820_MPP-0.2500+127,TCGA-GM-A3XL-DX1,4
4521,TCGA-GM-A3XL-DX1_xmin29910_ymin15820_MPP-0.2500+128:0:1,TCGA-GM-A3XL-DX1_xmin29910_ymin15820_MPP-0.2500+128,TCGA-GM-A3XL-DX1,4
4522,TCGA-GM-A3XL-DX1_xmin29910_ymin15820_MPP-0.2500+129:0:1,TCGA-GM-A3XL-DX1_xmin29910_ymin15820_MPP-0.2500+129,TCGA-GM-A3XL-DX1,4
4523,TCGA-GM-A3XL-DX1_xmin29910_ymin15820_MPP-0.2500+13:0:1,TCGA-GM-A3XL-DX1_xmin29910_ymin15820_MPP-0.2500+13,TCGA-GM-A3XL-DX1,4
4524,TCGA-GM-A3XL-DX1_xmin29910_ymin15820_MPP-0.2500+130:0:1,TCGA-GM-A3XL-DX1_xmin29910_ymin15820_MPP-0.2500+130,TCGA-GM-A3XL-DX1,4
4525,TCGA-GM-A3XL-DX1_xmin29910_ymin15820_MPP-0.2500+131:0:1,TCGA-GM-A3XL-DX1_xmin29910_ymin15820_MPP-0.2500+131,TCGA-GM-A3XL-DX1,4
4526,TCGA-GM-A3XL-DX1_xmin29910_ymin15820_MPP-0.2500+132:0:1,TCGA-GM-A3XL-DX1_xmin29910_ymin15820_MPP-0.2500+132,TCGA-GM-A3XL-DX1,4
4527,TCGA-GM-A3XL-DX1_xmin29910_ymin15820_MPP-0.2500+133:0:1,TCGA-GM-A3XL-DX1_xmin29910_ymin15820_MPP-0.2500+133,TCGA-GM-A3XL-DX1,4
4528,TCGA-GM-A3XL-DX1_xmin29910_ymin15820_MPP-0.2500+134:0:1,TCGA-GM-A3XL-DX1_xmin29910_ymin15820_MPP-0.2500+134,TCGA-GM-A3XL-DX1,4
4529,TCGA-GM-A3XL-DX1_xmin29910_ymin15820_MPP-0.2500+135:0:1,TCGA-GM-A3XL-DX1_xmin29910_ymin15820_MPP-0.2500+135,TCGA-GM-A3XL-DX1,4
4530,TCGA-GM-A3XL-DX1_xmin29910_ymin15820_MPP-0.2500+136:0:1,TCGA-GM-A3XL-DX1_xmin29910_ymin15820_MPP-0.2500+136,TCGA-GM-A3XL-DX1,4
4532,TCGA-GM-A3XL-DX1_xmin29910_ymin15820_MPP-0.2500+138:0:1,TCGA-GM-A3XL-DX1_xmin29910_ymin15820_MPP-0.2500+138,TCGA-GM-A3XL-DX1,4
4533,TCGA-GM-A3XL-DX1_xmin29910_ymin15820_MPP-0.2500+138:0:2,TCGA-GM-A3XL-DX1_xmin29910_ymin15820_MPP-0.2500+138,TCGA-GM-A3XL-DX1,4
4534,TCGA-GM-A3XL-DX1_xmin29910_ymin15820_MPP-0.2500+138:1:1,TCGA-GM-A3XL-DX1_xmin29910_ymin15820_MPP-0.2500+138,TCGA-GM-A3XL-DX1,4
4535,TCGA-GM-A3XL-DX1_xmin29910_ymin15820_MPP-0.2500+139:0:1,TCGA-GM-A3XL-DX1_xmin29910_ymin15820_MPP-0.2500+139,TCGA-GM-A3XL-DX1,4
4536,TCGA-GM-A3XL-DX1_xmin29910_ymin15820_MPP-0.2500+139:1:1,TCGA-GM-A3XL-DX1_xmin29910_ymin15820_MPP-0.2500+139,TCGA-GM-A3XL-DX1,4
4537,TCGA-GM-A3XL-DX1_xmin29910_ymin15820_MPP-0.2500+14:0:1,TCGA-GM-A3XL-DX1_xmin29910_ymin15820_MPP-0.2500+14,TCGA-GM-A3XL-DX1,4
4538,TCGA-GM-A3XL-DX1_xmin29910_ymin15820_MPP-0.2500+140:0:1,TCGA-GM-A3XL-DX1_xmin29910_ymin15820_MPP-0.2500+140,TCGA-GM-A3XL-DX1,4
4541,TCGA-GM-A3XL-DX1_xmin29910_ymin15820_MPP-0.2500+141:0:1,TCGA-GM-A3XL-DX1_xmin29910_ymin15820_MPP-0.2500+141,TCGA-GM-A3XL-DX1,4
4542,TCGA-GM-A3XL-DX1_xmin29910_ymin15820_MPP-0.2500+142:0:1,TCGA-GM-A3XL-DX1_xmin29910_ymin15820_MPP-0.2500+142,TCGA-GM-A3XL-DX1,4
4543,TCGA-GM-A3XL-DX1_xmin29910_ymin15820_MPP-0.2500+143:0:1,TCGA-GM-A3XL-DX1_xmin29910_ymin15820_MPP-0.2500+143,TCGA-GM-A3XL-DX1,4
4544,TCGA-GM-A3XL-DX1_xmin29910_ymin15820_MPP-0.2500+144:0:1,TCGA-GM-A3XL-DX1_xmin29910_ymin15820_MPP-0.2500+144,TCGA-GM-A3XL-DX1,4
4545,TCGA-GM-A3XL-DX1_xmin29910_ymin15820_MPP-0.2500+145:0:1,TCGA-GM-A3XL-DX1_xmin29910_ymin15820_MPP-0.2500+145,TCGA-GM-A3XL-DX1,4
4546,TCGA-GM-A3XL-DX1_xmin29910_ymin15820_MPP-0.2500+146:0:1,TCGA-GM-A3XL-DX1_xmin29910_ymin15820_MPP-0.2500+146,TCGA-GM-A3XL-DX1,4
4547,TCGA-GM-A3XL-DX1_xmin29910_ymin15820_MPP-0.2500+147:0:1,TCGA-GM-A3XL-DX1_xmin29910_ymin15820_MPP-0.2500+147,TCGA-GM-A3XL-DX1,4
4548,TCGA-GM-A3XL-DX1_xmin29910_ymin15820_MPP-0.2500+148:0:1,TCGA-GM-A3XL-DX1_xmin29910_ymin15820_MPP-0.2500+148,TCGA-GM-A3XL-DX1,4
4549,TCGA-GM-A3XL-DX1_xmin29910_ymin15820_MPP-0.2500+149:0:1,TCGA-GM-A3XL-DX1_xmin29910_ymin15820_MPP-0.2500+149,TCGA-GM-A3XL-DX1,4
4550,TCGA-GM-A3XL-DX1_xmin29910_ymin15820_MPP-0.2500+15:0:1,TCGA-GM-A3XL-DX1_xmin29910_ymin15820_MPP-0.2500+15,TCGA-GM-A3XL-DX1,4
4551,TCGA-GM-A3XL-DX1_xmin29910_ymin15820_MPP-0.2500+150:0:1,TCGA-GM-A3XL-DX1_xmin29910_ymin15820_MPP-0.2500+150,TCGA-GM-A3XL-DX1,4
4552,TCGA-GM-A3XL-DX1_xmin29910_ymin15820_MPP-0.2500+151:0:1,TCGA-GM-A3XL-DX1_xmin29910_ymin15820_MPP-0.2500+151,TCGA-GM-A3XL-DX1,4
4553,TCGA-GM-A3XL-DX1_xmin29910_ymin15820_MPP-0.2500+152:0:1,TCGA-GM-A3XL-DX1_xmin29910_ymin15820_MPP-0.2500+152,TCGA-GM-A3XL-DX1,4
4554,TCGA-GM-A3XL-DX1_xmin29910_ymin15820_MPP-0.2500+152:1:1,TCGA-GM-A3XL-DX1_xmin29910_ymin15820_MPP-0.2500+152,TCGA-GM-A3XL-DX1,4
4556,TCGA-GM-A3XL-DX1_xmin29910_ymin15820_MPP-0.2500+153:0:2,TCGA-GM-A3XL-DX1_xmin29910_ymin15820_MPP-0.2500+153,TCGA-GM-A3XL-DX1,4
4560,TCGA-GM-A3XL-DX1_xmin29910_ymin15820_MPP-0.2500+154:0:1,TCGA-GM-A3XL-DX1_xmin29910_ymin15820_MPP-0.2500+154,TCGA-GM-A3XL-DX1,4
4561,TCGA-GM-A3XL-DX1_xmin29910_ymin15820_MPP-0.2500+155:0:1,TCGA-GM-A3XL-DX1_xmin29910_ymin15820_MPP-0.2500+155,TCGA-GM-A3XL-DX1,4
4563,TCGA-GM-A3XL-DX1_xmin29910_ymin15820_MPP-0.2500+156:0:2,TCGA-GM-A3XL-DX1_xmin29910_ymin15820_MPP-0.2500+156,TCGA-GM-A3XL-DX1,4
4565,TCGA-GM-A3XL-DX1_xmin29910_ymin15820_MPP-0.2500+156:0:4,TCGA-GM-A3XL-DX1_xmin29910_ymin15820_MPP-0.2500+156,TCGA-GM-A3XL-DX1,4
4566,TCGA-GM-A3XL-DX1_xmin29910_ymin15820_MPP-0.2500+156:1:1,TCGA-GM-A3XL-DX1_xmin29910_ymin15820_MPP-0.2500+156,TCGA-GM-A3XL-DX1,4
4567,TCGA-GM-A3XL-DX1_xmin29910_ymin15820_MPP-0.2500+157:0:1,TCGA-GM-A3XL-DX1_xmin29910_ymin15820_MPP-0.2500+157,TCGA-GM-A3XL-DX1,4
4572,TCGA-GM-A3XL-DX1_xmin29910_ymin15820_MPP-0.2500+158:0:1,TCGA-GM-A3XL-DX1_xmin29910_ymin15820_MPP-0.2500+158,TCGA-GM-A3XL-DX1,4
4573,TCGA-GM-A3XL-DX1_xmin29910_ymin15820_MPP-0.2500+159:0:1,TCGA-GM-A3XL-DX1_xmin29910_ymin15820_MPP-0.2500+159,TCGA-GM-A3XL-DX1,4
4575,TCGA-GM-A3XL-DX1_xmin29910_ymin15820_MPP-0.2500+160:0:1,TCGA-GM-A3XL-DX1_xmin29910_ymin15820_MPP-0.2500+160,TCGA-GM-A3XL-DX1,4
4576,TCGA-GM-A3XL-DX1_xmin29910_ymin15820_MPP-0.2500+161:0:1,TCGA-GM-A3XL-DX1_xmin29910_ymin15820_MPP-0.2500+161,TCGA-GM-A3XL-DX1,4
4577,TCGA-GM-A3XL-DX1_xmin29910_ymin15820_MPP-0.2500+162:0:1,TCGA-GM-A3XL-DX1_xmin29910_ymin15820_MPP-0.2500+162,TCGA-GM-A3XL-DX1,4
4578,TCGA-GM-A3XL-DX1_xmin29910_ymin15820_MPP-0.2500+163:0:1,TCGA-GM-A3XL-DX1_xmin29910_ymin15820_MPP-0.2500+163,TCGA-GM-A3XL-DX1,4
4579,TCGA-GM-A3XL-DX1_xmin29910_ymin15820_MPP-0.2500+164:0:1,TCGA-GM-A3XL-DX1_xmin29910_ymin15820_MPP-0.2500+164,TCGA-GM-A3XL-DX1,4
4580,TCGA-GM-A3XL-DX1_xmin29910_ymin15820_MPP-0.2500+165:0:1,TCGA-GM-A3XL-DX1_xmin29910_ymin15820_MPP-0.2500+165,TCGA-GM-A3XL-DX1,4
4583,TCGA-GM-A3XL-DX1_xmin29910_ymin15820_MPP-0.2500+166:0:1,TCGA-GM-A3XL-DX1_xmin29910_ymin15820_MPP-0.2500+166,TCGA-GM-A3XL-DX1,4
4584,TCGA-GM-A3XL-DX1_xmin29910_ymin15820_MPP-0.2500+167:0:1,TCGA-GM-A3XL-DX1_xmin29910_ymin15820_MPP-0.2500+167,TCGA-GM-A3XL-DX1,4
4585,TCGA-GM-A3XL-DX1_xmin29910_ymin15820_MPP-0.2500+168:0:1,TCGA-GM-A3XL-DX1_xmin29910_ymin15820_MPP-0.2500+168,TCGA-GM-A3XL-DX1,4
4586,TCGA-GM-A3XL-DX1_xmin29910_ymin15820_MPP-0.2500+169:0:1,TCGA-GM-A3XL-DX1_xmin29910_ymin15820_MPP-0.2500+169,TCGA-GM-A3XL-DX1,4
4589,TCGA-GM-A3XL-DX1_xmin29910_ymin15820_MPP-0.2500+169:1:1,TCGA-GM-A3XL-DX1_xmin29910_ymin15820_MPP-0.2500+169,TCGA-GM-A3XL-DX1,4
4590,TCGA-GM-A3XL-DX1_xmin29910_ymin15820_MPP-0.2500+17:0:1,TCGA-GM-A3XL-DX1_xmin29910_ymin15820_MPP-0.2500+17,TCGA-GM-A3XL-DX1,4
4591,TCGA-GM-A3XL-DX1_xmin29910_ymin15820_MPP-0.2500+170:0:1,TCGA-GM-A3XL-DX1_xmin29910_ymin15820_MPP-0.2500+170,TCGA-GM-A3XL-DX1,4
4592,TCGA-GM-A3XL-DX1_xmin29910_ymin15820_MPP-0.2500+170:1:1,TCGA-GM-A3XL-DX1_xmin29910_ymin15820_MPP-0.2500+170,TCGA-GM-A3XL-DX1,4
4594,TCGA-GM-A3XL-DX1_xmin29910_ymin15820_MPP-0.2500+170:1:3,TCGA-GM-A3XL-DX1_xmin29910_ymin15820_MPP-0.2500+170,TCGA-GM-A3XL-DX1,4
4595,TCGA-GM-A3XL-DX1_xmin29910_ymin15820_MPP-0.2500+171:0:1,TCGA-GM-A3XL-DX1_xmin29910_ymin15820_MPP-0.2500+171,TCGA-GM-A3XL-DX1,4
4596,TCGA-GM-A3XL-DX1_xmin29910_ymin15820_MPP-0.2500+172:0:1,TCGA-GM-A3XL-DX1_xmin29910_ymin15820_MPP-0.2500+172,TCGA-GM-A3XL-DX1,4
4597,TCGA-GM-A3XL-DX1_xmin29910_ymin15820_MPP-0.2500+173:0:1,TCGA-GM-A3XL-DX1_xmin29910_ymin15820_MPP-0.2500+173,TCGA-GM-A3XL-DX1,4
4598,TCGA-GM-A3XL-DX1_xmin29910_ymin15820_MPP-0.2500+174:0:1,TCGA-GM-A3XL-DX1_xmin29910_ymin15820_MPP-0.2500+174,TCGA-GM-A3XL-DX1,4
4599,TCGA-GM-A3XL-DX1_xmin29910_ymin15820_MPP-0.2500+175:0:1,TCGA-GM-A3XL-DX1_xmin29910_ymin15820_MPP-0.2500+175,TCGA-GM-A3XL-DX1,4
4600,TCGA-GM-A3XL-DX1_xmin29910_ymin15820_MPP-0.2500+176:0:1,TCGA-GM-A3XL-DX1_xmin29910_ymin15820_MPP-0.2500+176,TCGA-GM-A3XL-DX1,4
4603,TCGA-GM-A3XL-DX1_xmin29910_ymin15820_MPP-0.2500+178:0:2,TCGA-GM-A3XL-DX1_xmin29910_ymin15820_MPP-0.2500+178,TCGA-GM-A3XL-DX1,4
4605,TCGA-GM-A3XL-DX1_xmin29910_ymin15820_MPP-0.2500+179:0:1,TCGA-GM-A3XL-DX1_xmin29910_ymin15820_MPP-0.2500+179,TCGA-GM-A3XL-DX1,4
4607,TCGA-GM-A3XL-DX1_xmin29910_ymin15820_MPP-0.2500+180:0:1,TCGA-GM-A3XL-DX1_xmin29910_ymin15820_MPP-0.2500+180,TCGA-GM-A3XL-DX1,4
4608,TCGA-GM-A3XL-DX1_xmin29910_ymin15820_MPP-0.2500+181:0:1,TCGA-GM-A3XL-DX1_xmin29910_ymin15820_MPP-0.2500+181,TCGA-GM-A3XL-DX1,4
4609,TCGA-GM-A3XL-DX1_xmin29910_ymin15820_MPP-0.2500+182:0:1,TCGA-GM-A3XL-DX1_xmin29910_ymin15820_MPP-0.2500+182,TCGA-GM-A3XL-DX1,4
4610,TCGA-GM-A3XL-DX1_xmin29910_ymin15820_MPP-0.2500+182:0:2,TCGA-GM-A3XL-DX1_xmin29910_ymin15820_MPP-0.2500+182,TCGA-GM-A3XL-DX1,4
4611,TCGA-GM-A3XL-DX1_xmin29910_ymin15820_MPP-0.2500+182:1:1,TCGA-GM-A3XL-DX1_xmin29910_ymin15820_MPP-0.2500+182,TCGA-GM-A3XL-DX1,4
4612,TCGA-GM-A3XL-DX1_xmin29910_ymin15820_MPP-0.2500+183:0:1,TCGA-GM-A3XL-DX1_xmin29910_ymin15820_MPP-0.2500+183,TCGA-GM-A3XL-DX1,4
4613,TCGA-GM-A3XL-DX1_xmin29910_ymin15820_MPP-0.2500+184:0:1,TCGA-GM-A3XL-DX1_xmin29910_ymin15820_MPP-0.2500+184,TCGA-GM-A3XL-DX1,4
4614,TCGA-GM-A3XL-DX1_xmin29910_ymin15820_MPP-0.2500+184:1:2,TCGA-GM-A3XL-DX1_xmin29910_ymin15820_MPP-0.2500+184,TCGA-GM-A3XL-DX1,4
4617,TCGA-GM-A3XL-DX1_xmin29910_ymin15820_MPP-0.2500+185:0:1,TCGA-GM-A3XL-DX1_xmin29910_ymin15820_MPP-0.2500+185,TCGA-GM-A3XL-DX1,4
4618,TCGA-GM-A3XL-DX1_xmin29910_ymin15820_MPP-0.2500+186:0:1,TCGA-GM-A3XL-DX1_xmin29910_ymin15820_MPP-0.2500+186,TCGA-GM-A3XL-DX1,4
4619,TCGA-GM-A3XL-DX1_xmin29910_ymin15820_MPP-0.2500+187:0:1,TCGA-GM-A3XL-DX1_xmin29910_ymin15820_MPP-0.2500+187,TCGA-GM-A3XL-DX1,4
4620,TCGA-GM-A3XL-DX1_xmin29910_ymin15820_MPP-0.2500+188:0:1,TCGA-GM-A3XL-DX1_xmin29910_ymin15820_MPP-0.2500+188,TCGA-GM-A3XL-DX1,4
4621,TCGA-GM-A3XL-DX1_xmin29910_ymin15820_MPP-0.2500+189:0:1,TCGA-GM-A3XL-DX1_xmin29910_ymin15820_MPP-0.2500+189,TCGA-GM-A3XL-DX1,4
4623,TCGA-GM-A3XL-DX1_xmin29910_ymin15820_MPP-0.2500+190:0:1,TCGA-GM-A3XL-DX1_xmin29910_ymin15820_MPP-0.2500+190,TCGA-GM-A3XL-DX1,4
4624,TCGA-GM-A3XL-DX1_xmin29910_ymin15820_MPP-0.2500+191:0:1,TCGA-GM-A3XL-DX1_xmin29910_ymin15820_MPP-0.2500+191,TCGA-GM-A3XL-DX1,4
4625,TCGA-GM-A3XL-DX1_xmin29910_ymin15820_MPP-0.2500+192:0:1,TCGA-GM-A3XL-DX1_xmin29910_ymin15820_MPP-0.2500+192,TCGA-GM-A3XL-DX1,4
4626,TCGA-GM-A3XL-DX1_xmin29910_ymin15820_MPP-0.2500+193:0:1,TCGA-GM-A3XL-DX1_xmin29910_ymin15820_MPP-0.2500+193,TCGA-GM-A3XL-DX1,4
4627,TCGA-GM-A3XL-DX1_xmin29910_ymin15820_MPP-0.2500+194:0:1,TCGA-GM-A3XL-DX1_xmin29910_ymin15820_MPP-0.2500+194,TCGA-GM-A3XL-DX1,4
4628,TCGA-GM-A3XL-DX1_xmin29910_ymin15820_MPP-0.2500+195:0:1,TCGA-GM-A3XL-DX1_xmin29910_ymin15820_MPP-0.2500+195,TCGA-GM-A3XL-DX1,4
4629,TCGA-GM-A3XL-DX1_xmin29910_ymin15820_MPP-0.2500+196:0:1,TCGA-GM-A3XL-DX1_xmin29910_ymin15820_MPP-0.2500+196,TCGA-GM-A3XL-DX1,4
4630,TCGA-GM-A3XL-DX1_xmin29910_ymin15820_MPP-0.2500+197:0:1,TCGA-GM-A3XL-DX1_xmin29910_ymin15820_MPP-0.2500+197,TCGA-GM-A3XL-DX1,4
4631,TCGA-GM-A3XL-DX1_xmin29910_ymin15820_MPP-0.2500+198:0:1,TCGA-GM-A3XL-DX1_xmin29910_ymin15820_MPP-0.2500+198,TCGA-GM-A3XL-DX1,4
4632,TCGA-GM-A3XL-DX1_xmin29910_ymin15820_MPP-0.2500+199:0:1,TCGA-GM-A3XL-DX1_xmin29910_ymin15820_MPP-0.2500+199,TCGA-GM-A3XL-DX1,4
4634,TCGA-GM-A3XL-DX1_xmin29910_ymin15820_MPP-0.2500+20:3:1,TCGA-GM-A3XL-DX1_xmin29910_ymin15820_MPP-0.2500+20,TCGA-GM-A3XL-DX1,4
4635,TCGA-GM-A3XL-DX1_xmin29910_ymin15820_MPP-0.2500+200:0:1,TCGA-GM-A3XL-DX1_xmin29910_ymin15820_MPP-0.2500+200,TCGA-GM-A3XL-DX1,4
4636,TCGA-GM-A3XL-DX1_xmin29910_ymin15820_MPP-0.2500+201:0:1,TCGA-GM-A3XL-DX1_xmin29910_ymin15820_MPP-0.2500+201,TCGA-GM-A3XL-DX1,4
4637,TCGA-GM-A3XL-DX1_xmin29910_ymin15820_MPP-0.2500+202:0:1,TCGA-GM-A3XL-DX1_xmin29910_ymin15820_MPP-0.2500+202,TCGA-GM-A3XL-DX1,4
4638,TCGA-GM-A3XL-DX1_xmin29910_ymin15820_MPP-0.2500+202:0:2,TCGA-GM-A3XL-DX1_xmin29910_ymin15820_MPP-0.2500+202,TCGA-GM-A3XL-DX1,4
4640,TCGA-GM-A3XL-DX1_xmin29910_ymin15820_MPP-0.2500+202:0:5,TCGA-GM-A3XL-DX1_xmin29910_ymin15820_MPP-0.2500+202,TCGA-GM-A3XL-DX1,4
4641,TCGA-GM-A3XL-DX1_xmin29910_ymin15820_MPP-0.2500+202:1:1,TCGA-GM-A3XL-DX1_xmin29910_ymin15820_MPP-0.2500+202,TCGA-GM-A3XL-DX1,4
4642,TCGA-GM-A3XL-DX1_xmin29910_ymin15820_MPP-0.2500+203:0:1,TCGA-GM-A3XL-DX1_xmin29910_ymin15820_MPP-0.2500+203,TCGA-GM-A3XL-DX1,4
4643,TCGA-GM-A3XL-DX1_xmin29910_ymin15820_MPP-0.2500+203:1:1,TCGA-GM-A3XL-DX1_xmin29910_ymin15820_MPP-0.2500+203,TCGA-GM-A3XL-DX1,4
4644,TCGA-GM-A3XL-DX1_xmin29910_ymin15820_MPP-0.2500+204:0:1,TCGA-GM-A3XL-DX1_xmin29910_ymin15820_MPP-0.2500+204,TCGA-GM-A3XL-DX1,4
4645,TCGA-GM-A3XL-DX1_xmin29910_ymin15820_MPP-0.2500+204:1:1,TCGA-GM-A3XL-DX1_xmin29910_ymin15820_MPP-0.2500+204,TCGA-GM-A3XL-DX1,4
4646,TCGA-GM-A3XL-DX1_xmin29910_ymin15820_MPP-0.2500+205:0:1,TCGA-GM-A3XL-DX1_xmin29910_ymin15820_MPP-0.2500+205,TCGA-GM-A3XL-DX1,4
4647,TCGA-GM-A3XL-DX1_xmin29910_ymin15820_MPP-0.2500+205:1:1,TCGA-GM-A3XL-DX1_xmin29910_ymin15820_MPP-0.2500+205,TCGA-GM-A3XL-DX1,4
4648,TCGA-GM-A3XL-DX1_xmin29910_ymin15820_MPP-0.2500+206:0:1,TCGA-GM-A3XL-DX1_xmin29910_ymin15820_MPP-0.2500+206,TCGA-GM-A3XL-DX1,4
4650,TCGA-GM-A3XL-DX1_xmin29910_ymin15820_MPP-0.2500+207:0:1,TCGA-GM-A3XL-DX1_xmin29910_ymin15820_MPP-0.2500+207,TCGA-GM-A3XL-DX1,4
4652,TCGA-GM-A3XL-DX1_xmin29910_ymin15820_MPP-0.2500+208:0:1,TCGA-GM-A3XL-DX1_xmin29910_ymin15820_MPP-0.2500+208,TCGA-GM-A3XL-DX1,4
4654,TCGA-GM-A3XL-DX1_xmin29910_ymin15820_MPP-0.2500+209:0:1,TCGA-GM-A3XL-DX1_xmin29910_ymin15820_MPP-0.2500+209,TCGA-GM-A3XL-DX1,4
4655,TCGA-GM-A3XL-DX1_xmin29910_ymin15820_MPP-0.2500+209:0:2,TCGA-GM-A3XL-DX1_xmin29910_ymin15820_MPP-0.2500+209,TCGA-GM-A3XL-DX1,4
4657,TCGA-GM-A3XL-DX1_xmin29910_ymin15820_MPP-0.2500+21:0:1,TCGA-GM-A3XL-DX1_xmin29910_ymin15820_MPP-0.2500+21,TCGA-GM-A3XL-DX1,4
4659,TCGA-GM-A3XL-DX1_xmin29910_ymin15820_MPP-0.2500+21:3:1,TCGA-GM-A3XL-DX1_xmin29910_ymin15820_MPP-0.2500+21,TCGA-GM-A3XL-DX1,4
4660,TCGA-GM-A3XL-DX1_xmin29910_ymin15820_MPP-0.2500+210:0:1,TCGA-GM-A3XL-DX1_xmin29910_ymin15820_MPP-0.2500+210,TCGA-GM-A3XL-DX1,4
4662,TCGA-GM-A3XL-DX1_xmin29910_ymin15820_MPP-0.2500+211:0:1,TCGA-GM-A3XL-DX1_xmin29910_ymin15820_MPP-0.2500+211,TCGA-GM-A3XL-DX1,4
4663,TCGA-GM-A3XL-DX1_xmin29910_ymin15820_MPP-0.2500+212:0:1,TCGA-GM-A3XL-DX1_xmin29910_ymin15820_MPP-0.2500+212,TCGA-GM-A3XL-DX1,4
4664,TCGA-GM-A3XL-DX1_xmin29910_ymin15820_MPP-0.2500+213:0:1,TCGA-GM-A3XL-DX1_xmin29910_ymin15820_MPP-0.2500+213,TCGA-GM-A3XL-DX1,4
4666,TCGA-GM-A3XL-DX1_xmin29910_ymin15820_MPP-0.2500+214:0:2,TCGA-GM-A3XL-DX1_xmin29910_ymin15820_MPP-0.2500+214,TCGA-GM-A3XL-DX1,4
4667,TCGA-GM-A3XL-DX1_xmin29910_ymin15820_MPP-0.2500+214:2:1,TCGA-GM-A3XL-DX1_xmin29910_ymin15820_MPP-0.2500+214,TCGA-GM-A3XL-DX1,4
4668,TCGA-GM-A3XL-DX1_xmin29910_ymin15820_MPP-0.2500+214:2:2,TCGA-GM-A3XL-DX1_xmin29910_ymin15820_MPP-0.2500+214,TCGA-GM-A3XL-DX1,4
4670,TCGA-GM-A3XL-DX1_xmin29910_ymin15820_MPP-0.2500+216:1:1,TCGA-GM-A3XL-DX1_xmin29910_ymin15820_MPP-0.2500+216,TCGA-GM-A3XL-DX1,4
4671,TCGA-GM-A3XL-DX1_xmin29910_ymin15820_MPP-0.2500+216:2:1,TCGA-GM-A3XL-DX1_xmin29910_ymin15820_MPP-0.2500+216,TCGA-GM-A3XL-DX1,4
4673,TCGA-GM-A3XL-DX1_xmin29910_ymin15820_MPP-0.2500+218:1:1,TCGA-GM-A3XL-DX1_xmin29910_ymin15820_MPP-0.2500+218,TCGA-GM-A3XL-DX1,4
4674,TCGA-GM-A3XL-DX1_xmin29910_ymin15820_MPP-0.2500+219:1:1,TCGA-GM-A3XL-DX1_xmin29910_ymin15820_MPP-0.2500+219,TCGA-GM-A3XL-DX1,4
4675,TCGA-GM-A3XL-DX1_xmin29910_ymin15820_MPP-0.2500+22:0:1,TCGA-GM-A3XL-DX1_xmin29910_ymin15820_MPP-0.2500+22,TCGA-GM-A3XL-DX1,4
4676,TCGA-GM-A3XL-DX1_xmin29910_ymin15820_MPP-0.2500+22:3:1,TCGA-GM-A3XL-DX1_xmin29910_ymin15820_MPP-0.2500+22,TCGA-GM-A3XL-DX1,4
4678,TCGA-GM-A3XL-DX1_xmin29910_ymin15820_MPP-0.2500+22:3:3,TCGA-GM-A3XL-DX1_xmin29910_ymin15820_MPP-0.2500+22,TCGA-GM-A3XL-DX1,4
4679,TCGA-GM-A3XL-DX1_xmin29910_ymin15820_MPP-0.2500+220:1:1,TCGA-GM-A3XL-DX1_xmin29910_ymin15820_MPP-0.2500+220,TCGA-GM-A3XL-DX1,4
4680,TCGA-GM-A3XL-DX1_xmin29910_ymin15820_MPP-0.2500+221:1:1,TCGA-GM-A3XL-DX1_xmin29910_ymin15820_MPP-0.2500+221,TCGA-GM-A3XL-DX1,4
4681,TCGA-GM-A3XL-DX1_xmin29910_ymin15820_MPP-0.2500+222:1:1,TCGA-GM-A3XL-DX1_xmin29910_ymin15820_MPP-0.2500+222,TCGA-GM-A3XL-DX1,4
4682,TCGA-GM-A3XL-DX1_xmin29910_ymin15820_MPP-0.2500+223:0:1,TCGA-GM-A3XL-DX1_xmin29910_ymin15820_MPP-0.2500+223,TCGA-GM-A3XL-DX1,4
4684,TCGA-GM-A3XL-DX1_xmin29910_ymin15820_MPP-0.2500+223:1:1,TCGA-GM-A3XL-DX1_xmin29910_ymin15820_MPP-0.2500+223,TCGA-GM-A3XL-DX1,4
4685,TCGA-GM-A3XL-DX1_xmin29910_ymin15820_MPP-0.2500+224:1:1,TCGA-GM-A3XL-DX1_xmin29910_ymin15820_MPP-0.2500+224,TCGA-GM-A3XL-DX1,4
4686,TCGA-GM-A3XL-DX1_xmin29910_ymin15820_MPP-0.2500+225:0:1,TCGA-GM-A3XL-DX1_xmin29910_ymin15820_MPP-0.2500+225,TCGA-GM-A3XL-DX1,4
4687,TCGA-GM-A3XL-DX1_xmin29910_ymin15820_MPP-0.2500+225:0:2,TCGA-GM-A3XL-DX1_xmin29910_ymin15820_MPP-0.2500+225,TCGA-GM-A3XL-DX1,4
4688,TCGA-GM-A3XL-DX1_xmin29910_ymin15820_MPP-0.2500+225:1:1,TCGA-GM-A3XL-DX1_xmin29910_ymin15820_MPP-0.2500+225,TCGA-GM-A3XL-DX1,4
4689,TCGA-GM-A3XL-DX1_xmin29910_ymin15820_MPP-0.2500+226:2:1,TCGA-GM-A3XL-DX1_xmin29910_ymin15820_MPP-0.2500+226,TCGA-GM-A3XL-DX1,4
4691,TCGA-GM-A3XL-DX1_xmin29910_ymin15820_MPP-0.2500+227:2:1,TCGA-GM-A3XL-DX1_xmin29910_ymin15820_MPP-0.2500+227,TCGA-GM-A3XL-DX1,4
4692,TCGA-GM-A3XL-DX1_xmin29910_ymin15820_MPP-0.2500+228:1:2,TCGA-GM-A3XL-DX1_xmin29910_ymin15820_MPP-0.2500+228,TCGA-GM-A3XL-DX1,4
4693,TCGA-GM-A3XL-DX1_xmin29910_ymin15820_MPP-0.2500+228:1:3,TCGA-GM-A3XL-DX1_xmin29910_ymin15820_MPP-0.2500+228,TCGA-GM-A3XL-DX1,4
4694,TCGA-GM-A3XL-DX1_xmin29910_ymin15820_MPP-0.2500+228:1:4,TCGA-GM-A3XL-DX1_xmin29910_ymin15820_MPP-0.2500+228,TCGA-GM-A3XL-DX1,4
4695,TCGA-GM-A3XL-DX1_xmin29910_ymin15820_MPP-0.2500+228:2:1,TCGA-GM-A3XL-DX1_xmin29910_ymin15820_MPP-0.2500+228,TCGA-GM-A3XL-DX1,4
4696,TCGA-GM-A3XL-DX1_xmin29910_ymin15820_MPP-0.2500+229:1:1,TCGA-GM-A3XL-DX1_xmin29910_ymin15820_MPP-0.2500+229,TCGA-GM-A3XL-DX1,4
4698,TCGA-GM-A3XL-DX1_xmin29910_ymin15820_MPP-0.2500+229:1:3,TCGA-GM-A3XL-DX1_xmin29910_ymin15820_MPP-0.2500+229,TCGA-GM-A3XL-DX1,4
4700,TCGA-GM-A3XL-DX1_xmin29910_ymin15820_MPP-0.2500+229:1:5,TCGA-GM-A3XL-DX1_xmin29910_ymin15820_MPP-0.2500+229,TCGA-GM-A3XL-DX1,4
4701,TCGA-GM-A3XL-DX1_xmin29910_ymin15820_MPP-0.2500+229:2:1,TCGA-GM-A3XL-DX1_xmin29910_ymin15820_MPP-0.2500+229,TCGA-GM-A3XL-DX1,4
4703,TCGA-GM-A3XL-DX1_xmin29910_ymin15820_MPP-0.2500+23:0:1,TCGA-GM-A3XL-DX1_xmin29910_ymin15820_MPP-0.2500+23,TCGA-GM-A3XL-DX1,4
4705,TCGA-GM-A3XL-DX1_xmin29910_ymin15820_MPP-0.2500+230:1:2,TCGA-GM-A3XL-DX1_xmin29910_ymin15820_MPP-0.2500+230,TCGA-GM-A3XL-DX1,4
4706,TCGA-GM-A3XL-DX1_xmin29910_ymin15820_MPP-0.2500+230:1:4,TCGA-GM-A3XL-DX1_xmin29910_ymin15820_MPP-0.2500+230,TCGA-GM-A3XL-DX1,4
4708,TCGA-GM-A3XL-DX1_xmin29910_ymin15820_MPP-0.2500+230:2:2,TCGA-GM-A3XL-DX1_xmin29910_ymin15820_MPP-0.2500+230,TCGA-GM-A3XL-DX1,4
4709,TCGA-GM-A3XL-DX1_xmin29910_ymin15820_MPP-0.2500+230:2:3,TCGA-GM-A3XL-DX1_xmin29910_ymin15820_MPP-0.2500+230,TCGA-GM-A3XL-DX1,4
4712,TCGA-GM-A3XL-DX1_xmin29910_ymin15820_MPP-0.2500+231:2:1,TCGA-GM-A3XL-DX1_xmin29910_ymin15820_MPP-0.2500+231,TCGA-GM-A3XL-DX1,4
4713,TCGA-GM-A3XL-DX1_xmin29910_ymin15820_MPP-0.2500+231:2:2,TCGA-GM-A3XL-DX1_xmin29910_ymin15820_MPP-0.2500+231,TCGA-GM-A3XL-DX1,4
4715,TCGA-GM-A3XL-DX1_xmin29910_ymin15820_MPP-0.2500+232:0:1,TCGA-GM-A3XL-DX1_xmin29910_ymin15820_MPP-0.2500+232,TCGA-GM-A3XL-DX1,4
4717,TCGA-GM-A3XL-DX1_xmin29910_ymin15820_MPP-0.2500+233:0:1,TCGA-GM-A3XL-DX1_xmin29910_ymin15820_MPP-0.2500+233,TCGA-GM-A3XL-DX1,4
4720,TCGA-GM-A3XL-DX1_xmin29910_ymin15820_MPP-0.2500+233:1:3,TCGA-GM-A3XL-DX1_xmin29910_ymin15820_MPP-0.2500+233,TCGA-GM-A3XL-DX1,4
4722,TCGA-GM-A3XL-DX1_xmin29910_ymin15820_MPP-0.2500+233:1:5,TCGA-GM-A3XL-DX1_xmin29910_ymin15820_MPP-0.2500+233,TCGA-GM-A3XL-DX1,4
4723,TCGA-GM-A3XL-DX1_xmin29910_ymin15820_MPP-0.2500+233:1:6,TCGA-GM-A3XL-DX1_xmin29910_ymin15820_MPP-0.2500+233,TCGA-GM-A3XL-DX1,4
4724,TCGA-GM-A3XL-DX1_xmin29910_ymin15820_MPP-0.2500+233:2:1,TCGA-GM-A3XL-DX1_xmin29910_ymin15820_MPP-0.2500+233,TCGA-GM-A3XL-DX1,4
4725,TCGA-GM-A3XL-DX1_xmin29910_ymin15820_MPP-0.2500+234:0:1,TCGA-GM-A3XL-DX1_xmin29910_ymin15820_MPP-0.2500+234,TCGA-GM-A3XL-DX1,4
4726,TCGA-GM-A3XL-DX1_xmin29910_ymin15820_MPP-0.2500+234:0:2,TCGA-GM-A3XL-DX1_xmin29910_ymin15820_MPP-0.2500+234,TCGA-GM-A3XL-DX1,4
4728,TCGA-GM-A3XL-DX1_xmin29910_ymin15820_MPP-0.2500+234:2:1,TCGA-GM-A3XL-DX1_xmin29910_ymin15820_MPP-0.2500+234,TCGA-GM-A3XL-DX1,4
4729,TCGA-GM-A3XL-DX1_xmin29910_ymin15820_MPP-0.2500+235:2:1,TCGA-GM-A3XL-DX1_xmin29910_ymin15820_MPP-0.2500+235,TCGA-GM-A3XL-DX1,4
4732,TCGA-GM-A3XL-DX1_xmin29910_ymin15820_MPP-0.2500+236:2:1,TCGA-GM-A3XL-DX1_xmin29910_ymin15820_MPP-0.2500+236,TCGA-GM-A3XL-DX1,4
4733,TCGA-GM-A3XL-DX1_xmin29910_ymin15820_MPP-0.2500+236:2:2,TCGA-GM-A3XL-DX1_xmin29910_ymin15820_MPP-0.2500+236,TCGA-GM-A3XL-DX1,4
4735,TCGA-GM-A3XL-DX1_xmin29910_ymin15820_MPP-0.2500+237:2:1,TCGA-GM-A3XL-DX1_xmin29910_ymin15820_MPP-0.2500+237,TCGA-GM-A3XL-DX1,4
4736,TCGA-GM-A3XL-DX1_xmin29910_ymin15820_MPP-0.2500+238:0:1,TCGA-GM-A3XL-DX1_xmin29910_ymin15820_MPP-0.2500+238,TCGA-GM-A3XL-DX1,4
4737,TCGA-GM-A3XL-DX1_xmin29910_ymin15820_MPP-0.2500+238:0:2,TCGA-GM-A3XL-DX1_xmin29910_ymin15820_MPP-0.2500+238,TCGA-GM-A3XL-DX1,4
4738,TCGA-GM-A3XL-DX1_xmin29910_ymin15820_MPP-0.2500+238:2:1,TCGA-GM-A3XL-DX1_xmin29910_ymin15820_MPP-0.2500+238,TCGA-GM-A3XL-DX1,4
4739,TCGA-GM-A3XL-DX1_xmin29910_ymin15820_MPP-0.2500+24:0:1,TCGA-GM-A3XL-DX1_xmin29910_ymin15820_MPP-0.2500+24,TCGA-GM-A3XL-DX1,4
4740,TCGA-GM-A3XL-DX1_xmin29910_ymin15820_MPP-0.2500+25:0:1,TCGA-GM-A3XL-DX1_xmin29910_ymin15820_MPP-0.2500+25,TCGA-GM-A3XL-DX1,4
4743,TCGA-GM-A3XL-DX1_xmin29910_ymin15820_MPP-0.2500+27:0:1,TCGA-GM-A3XL-DX1_xmin29910_ymin15820_MPP-0.2500+27,TCGA-GM-A3XL-DX1,4
4744,TCGA-GM-A3XL-DX1_xmin29910_ymin15820_MPP-0.2500+27:1:1,TCGA-GM-A3XL-DX1_xmin29910_ymin15820_MPP-0.2500+27,TCGA-GM-A3XL-DX1,4
4746,TCGA-GM-A3XL-DX1_xmin29910_ymin15820_MPP-0.2500+28:0:1,TCGA-GM-A3XL-DX1_xmin29910_ymin15820_MPP-0.2500+28,TCGA-GM-A3XL-DX1,4
4749,TCGA-GM-A3XL-DX1_xmin29910_ymin15820_MPP-0.2500+29:0:1,TCGA-GM-A3XL-DX1_xmin29910_ymin15820_MPP-0.2500+29,TCGA-GM-A3XL-DX1,4
4750,TCGA-GM-A3XL-DX1_xmin29910_ymin15820_MPP-0.2500+29:3:1,TCGA-GM-A3XL-DX1_xmin29910_ymin15820_MPP-0.2500+29,TCGA-GM-A3XL-DX1,4
4751,TCGA-GM-A3XL-DX1_xmin29910_ymin15820_MPP-0.2500+3:0:1,TCGA-GM-A3XL-DX1_xmin29910_ymin15820_MPP-0.2500+3,TCGA-GM-A3XL-DX1,4
4752,TCGA-GM-A3XL-DX1_xmin29910_ymin15820_MPP-0.2500+3:3:1,TCGA-GM-A3XL-DX1_xmin29910_ymin15820_MPP-0.2500+3,TCGA-GM-A3XL-DX1,4
4753,TCGA-GM-A3XL-DX1_xmin29910_ymin15820_MPP-0.2500+30:3:1,TCGA-GM-A3XL-DX1_xmin29910_ymin15820_MPP-0.2500+30,TCGA-GM-A3XL-DX1,4
4754,TCGA-GM-A3XL-DX1_xmin29910_ymin15820_MPP-0.2500+31:3:1,TCGA-GM-A3XL-DX1_xmin29910_ymin15820_MPP-0.2500+31,TCGA-GM-A3XL-DX1,4
4755,TCGA-GM-A3XL-DX1_xmin29910_ymin15820_MPP-0.2500+32:3:1,TCGA-GM-A3XL-DX1_xmin29910_ymin15820_MPP-0.2500+32,TCGA-GM-A3XL-DX1,4
4756,TCGA-GM-A3XL-DX1_xmin29910_ymin15820_MPP-0.2500+33:0:1,TCGA-GM-A3XL-DX1_xmin29910_ymin15820_MPP-0.2500+33,TCGA-GM-A3XL-DX1,4
4757,TCGA-GM-A3XL-DX1_xmin29910_ymin15820_MPP-0.2500+33:3:1,TCGA-GM-A3XL-DX1_xmin29910_ymin15820_MPP-0.2500+33,TCGA-GM-A3XL-DX1,4
4758,TCGA-GM-A3XL-DX1_xmin29910_ymin15820_MPP-0.2500+34:0:1,TCGA-GM-A3XL-DX1_xmin29910_ymin15820_MPP-0.2500+34,TCGA-GM-A3XL-DX1,4
4759,TCGA-GM-A3XL-DX1_xmin29910_ymin15820_MPP-0.2500+35:0:1,TCGA-GM-A3XL-DX1_xmin29910_ymin15820_MPP-0.2500+35,TCGA-GM-A3XL-DX1,4
4760,TCGA-GM-A3XL-DX1_xmin29910_ymin15820_MPP-0.2500+36:0:1,TCGA-GM-A3XL-DX1_xmin29910_ymin15820_MPP-0.2500+36,TCGA-GM-A3XL-DX1,4
4761,TCGA-GM-A3XL-DX1_xmin29910_ymin15820_MPP-0.2500+36:0:2,TCGA-GM-A3XL-DX1_xmin29910_ymin15820_MPP-0.2500+36,TCGA-GM-A3XL-DX1,4
4763,TCGA-GM-A3XL-DX1_xmin29910_ymin15820_MPP-0.2500+37:0:1,TCGA-GM-A3XL-DX1_xmin29910_ymin15820_MPP-0.2500+37,TCGA-GM-A3XL-DX1,4
4765,TCGA-GM-A3XL-DX1_xmin29910_ymin15820_MPP-0.2500+38:0:1,TCGA-GM-A3XL-DX1_xmin29910_ymin15820_MPP-0.2500+38,TCGA-GM-A3XL-DX1,4
4766,TCGA-GM-A3XL-DX1_xmin29910_ymin15820_MPP-0.2500+39:0:1,TCGA-GM-A3XL-DX1_xmin29910_ymin15820_MPP-0.2500+39,TCGA-GM-A3XL-DX1,4
4767,TCGA-GM-A3XL-DX1_xmin29910_ymin15820_MPP-0.2500+39:3:1,TCGA-GM-A3XL-DX1_xmin29910_ymin15820_MPP-0.2500+39,TCGA-GM-A3XL-DX1,4
4768,TCGA-GM-A3XL-DX1_xmin29910_ymin15820_MPP-0.2500+4:0:1,TCGA-GM-A3XL-DX1_xmin29910_ymin15820_MPP-0.2500+4,TCGA-GM-A3XL-DX1,4
4769,TCGA-GM-A3XL-DX1_xmin29910_ymin15820_MPP-0.2500+4:3:1,TCGA-GM-A3XL-DX1_xmin29910_ymin15820_MPP-0.2500+4,TCGA-GM-A3XL-DX1,4
4770,TCGA-GM-A3XL-DX1_xmin29910_ymin15820_MPP-0.2500+40:0:1,TCGA-GM-A3XL-DX1_xmin29910_ymin15820_MPP-0.2500+40,TCGA-GM-A3XL-DX1,4
4771,TCGA-GM-A3XL-DX1_xmin29910_ymin15820_MPP-0.2500+40:3:1,TCGA-GM-A3XL-DX1_xmin29910_ymin15820_MPP-0.2500+40,TCGA-GM-A3XL-DX1,4
4772,TCGA-GM-A3XL-DX1_xmin29910_ymin15820_MPP-0.2500+41:0:1,TCGA-GM-A3XL-DX1_xmin29910_ymin15820_MPP-0.2500+41,TCGA-GM-A3XL-DX1,4
4773,TCGA-GM-A3XL-DX1_xmin29910_ymin15820_MPP-0.2500+41:0:2,TCGA-GM-A3XL-DX1_xmin29910_ymin15820_MPP-0.2500+41,TCGA-GM-A3XL-DX1,4
4774,TCGA-GM-A3XL-DX1_xmin29910_ymin15820_MPP-0.2500+41:3:1,TCGA-GM-A3XL-DX1_xmin29910_ymin15820_MPP-0.2500+41,TCGA-GM-A3XL-DX1,4
4775,TCGA-GM-A3XL-DX1_xmin29910_ymin15820_MPP-0.2500+42:0:1,TCGA-GM-A3XL-DX1_xmin29910_ymin15820_MPP-0.2500+42,TCGA-GM-A3XL-DX1,4
4777,TCGA-GM-A3XL-DX1_xmin29910_ymin15820_MPP-0.2500+42:3:1,TCGA-GM-A3XL-DX1_xmin29910_ymin15820_MPP-0.2500+42,TCGA-GM-A3XL-DX1,4
4778,TCGA-GM-A3XL-DX1_xmin29910_ymin15820_MPP-0.2500+43:0:1,TCGA-GM-A3XL-DX1_xmin29910_ymin15820_MPP-0.2500+43,TCGA-GM-A3XL-DX1,4
4780,TCGA-GM-A3XL-DX1_xmin29910_ymin15820_MPP-0.2500+44:0:1,TCGA-GM-A3XL-DX1_xmin29910_ymin15820_MPP-0.2500+44,TCGA-GM-A3XL-DX1,4
4781,TCGA-GM-A3XL-DX1_xmin29910_ymin15820_MPP-0.2500+45:0:1,TCGA-GM-A3XL-DX1_xmin29910_ymin15820_MPP-0.2500+45,TCGA-GM-A3XL-DX1,4
4782,TCGA-GM-A3XL-DX1_xmin29910_ymin15820_MPP-0.2500+46:0:1,TCGA-GM-A3XL-DX1_xmin29910_ymin15820_MPP-0.2500+46,TCGA-GM-A3XL-DX1,4
4783,TCGA-GM-A3XL-DX1_xmin29910_ymin15820_MPP-0.2500+46:1:1,TCGA-GM-A3XL-DX1_xmin29910_ymin15820_MPP-0.2500+46,TCGA-GM-A3XL-DX1,4
4785,TCGA-GM-A3XL-DX1_xmin29910_ymin15820_MPP-0.2500+47:0:1,TCGA-GM-A3XL-DX1_xmin29910_ymin15820_MPP-0.2500+47,TCGA-GM-A3XL-DX1,4
4788,TCGA-GM-A3XL-DX1_xmin29910_ymin15820_MPP-0.2500+5:3:1,TCGA-GM-A3XL-DX1_xmin29910_ymin15820_MPP-0.2500+5,TCGA-GM-A3XL-DX1,4
4789,TCGA-GM-A3XL-DX1_xmin29910_ymin15820_MPP-0.2500+50:0:1,TCGA-GM-A3XL-DX1_xmin29910_ymin15820_MPP-0.2500+50,TCGA-GM-A3XL-DX1,4
4790,TCGA-GM-A3XL-DX1_xmin29910_ymin15820_MPP-0.2500+51:0:1,TCGA-GM-A3XL-DX1_xmin29910_ymin15820_MPP-0.2500+51,TCGA-GM-A3XL-DX1,4
4794,TCGA-GM-A3XL-DX1_xmin29910_ymin15820_MPP-0.2500+52:0:2,TCGA-GM-A3XL-DX1_xmin29910_ymin15820_MPP-0.2500+52,TCGA-GM-A3XL-DX1,4
4796,TCGA-GM-A3XL-DX1_xmin29910_ymin15820_MPP-0.2500+53:0:1,TCGA-GM-A3XL-DX1_xmin29910_ymin15820_MPP-0.2500+53,TCGA-GM-A3XL-DX1,4
4797,TCGA-GM-A3XL-DX1_xmin29910_ymin15820_MPP-0.2500+53:3:1,TCGA-GM-A3XL-DX1_xmin29910_ymin15820_MPP-0.2500+53,TCGA-GM-A3XL-DX1,4
4799,TCGA-GM-A3XL-DX1_xmin29910_ymin15820_MPP-0.2500+54:0:2,TCGA-GM-A3XL-DX1_xmin29910_ymin15820_MPP-0.2500+54,TCGA-GM-A3XL-DX1,4
4800,TCGA-GM-A3XL-DX1_xmin29910_ymin15820_MPP-0.2500+54:0:3,TCGA-GM-A3XL-DX1_xmin29910_ymin15820_MPP-0.2500+54,TCGA-GM-A3XL-DX1,4
4801,TCGA-GM-A3XL-DX1_xmin29910_ymin15820_MPP-0.2500+54:3:1,TCGA-GM-A3XL-DX1_xmin29910_ymin15820_MPP-0.2500+54,TCGA-GM-A3XL-DX1,4
4802,TCGA-GM-A3XL-DX1_xmin29910_ymin15820_MPP-0.2500+55:0:1,TCGA-GM-A3XL-DX1_xmin29910_ymin15820_MPP-0.2500+55,TCGA-GM-A3XL-DX1,4
4804,TCGA-GM-A3XL-DX1_xmin29910_ymin15820_MPP-0.2500+55:0:4,TCGA-GM-A3XL-DX1_xmin29910_ymin15820_MPP-0.2500+55,TCGA-GM-A3XL-DX1,4
4805,TCGA-GM-A3XL-DX1_xmin29910_ymin15820_MPP-0.2500+55:3:1,TCGA-GM-A3XL-DX1_xmin29910_ymin15820_MPP-0.2500+55,TCGA-GM-A3XL-DX1,4
4806,TCGA-GM-A3XL-DX1_xmin29910_ymin15820_MPP-0.2500+56:0:1,TCGA-GM-A3XL-DX1_xmin29910_ymin15820_MPP-0.2500+56,TCGA-GM-A3XL-DX1,4
4807,TCGA-GM-A3XL-DX1_xmin29910_ymin15820_MPP-0.2500+57:0:1,TCGA-GM-A3XL-DX1_xmin29910_ymin15820_MPP-0.2500+57,TCGA-GM-A3XL-DX1,4
4808,TCGA-GM-A3XL-DX1_xmin29910_ymin15820_MPP-0.2500+58:0:1,TCGA-GM-A3XL-DX1_xmin29910_ymin15820_MPP-0.2500+58,TCGA-GM-A3XL-DX1,4
4811,TCGA-GM-A3XL-DX1_xmin29910_ymin15820_MPP-0.2500+6:3:1,TCGA-GM-A3XL-DX1_xmin29910_ymin15820_MPP-0.2500+6,TCGA-GM-A3XL-DX1,4
4812,TCGA-GM-A3XL-DX1_xmin29910_ymin15820_MPP-0.2500+60:0:1,TCGA-GM-A3XL-DX1_xmin29910_ymin15820_MPP-0.2500+60,TCGA-GM-A3XL-DX1,4
4813,TCGA-GM-A3XL-DX1_xmin29910_ymin15820_MPP-0.2500+60:0:2,TCGA-GM-A3XL-DX1_xmin29910_ymin15820_MPP-0.2500+60,TCGA-GM-A3XL-DX1,4
4815,TCGA-GM-A3XL-DX1_xmin29910_ymin15820_MPP-0.2500+61:0:1,TCGA-GM-A3XL-DX1_xmin29910_ymin15820_MPP-0.2500+61,TCGA-GM-A3XL-DX1,4
4818,TCGA-GM-A3XL-DX1_xmin29910_ymin15820_MPP-0.2500+62:0:1,TCGA-GM-A3XL-DX1_xmin29910_ymin15820_MPP-0.2500+62,TCGA-GM-A3XL-DX1,4
4819,TCGA-GM-A3XL-DX1_xmin29910_ymin15820_MPP-0.2500+63:0:1,TCGA-GM-A3XL-DX1_xmin29910_ymin15820_MPP-0.2500+63,TCGA-GM-A3XL-DX1,4
4820,TCGA-GM-A3XL-DX1_xmin29910_ymin15820_MPP-0.2500+64:0:1,TCGA-GM-A3XL-DX1_xmin29910_ymin15820_MPP-0.2500+64,TCGA-GM-A3XL-DX1,4
4822,TCGA-GM-A3XL-DX1_xmin29910_ymin15820_MPP-0.2500+65:0:2,TCGA-GM-A3XL-DX1_xmin29910_ymin15820_MPP-0.2500+65,TCGA-GM-A3XL-DX1,4
4825,TCGA-GM-A3XL-DX1_xmin29910_ymin15820_MPP-0.2500+66:0:1,TCGA-GM-A3XL-DX1_xmin29910_ymin15820_MPP-0.2500+66,TCGA-GM-A3XL-DX1,4
4826,TCGA-GM-A3XL-DX1_xmin29910_ymin15820_MPP-0.2500+66:0:2,TCGA-GM-A3XL-DX1_xmin29910_ymin15820_MPP-0.2500+66,TCGA-GM-A3XL-DX1,4
4827,TCGA-GM-A3XL-DX1_xmin29910_ymin15820_MPP-0.2500+66:3:1,TCGA-GM-A3XL-DX1_xmin29910_ymin15820_MPP-0.2500+66,TCGA-GM-A3XL-DX1,4
4829,TCGA-GM-A3XL-DX1_xmin29910_ymin15820_MPP-0.2500+67:3:1,TCGA-GM-A3XL-DX1_xmin29910_ymin15820_MPP-0.2500+67,TCGA-GM-A3XL-DX1,4
4830,TCGA-GM-A3XL-DX1_xmin29910_ymin15820_MPP-0.2500+68:0:1,TCGA-GM-A3XL-DX1_xmin29910_ymin15820_MPP-0.2500+68,TCGA-GM-A3XL-DX1,4
4831,TCGA-GM-A3XL-DX1_xmin29910_ymin15820_MPP-0.2500+69:0:1,TCGA-GM-A3XL-DX1_xmin29910_ymin15820_MPP-0.2500+69,TCGA-GM-A3XL-DX1,4
4832,TCGA-GM-A3XL-DX1_xmin29910_ymin15820_MPP-0.2500+7:0:1,TCGA-GM-A3XL-DX1_xmin29910_ymin15820_MPP-0.2500+7,TCGA-GM-A3XL-DX1,4
4834,TCGA-GM-A3XL-DX1_xmin29910_ymin15820_MPP-0.2500+70:0:1,TCGA-GM-A3XL-DX1_xmin29910_ymin15820_MPP-0.2500+70,TCGA-GM-A3XL-DX1,4
4836,TCGA-GM-A3XL-DX1_xmin29910_ymin15820_MPP-0.2500+71:0:2,TCGA-GM-A3XL-DX1_xmin29910_ymin15820_MPP-0.2500+71,TCGA-GM-A3XL-DX1,4
4837,TCGA-GM-A3XL-DX1_xmin29910_ymin15820_MPP-0.2500+71:0:4,TCGA-GM-A3XL-DX1_xmin29910_ymin15820_MPP-0.2500+71,TCGA-GM-A3XL-DX1,4
4838,TCGA-GM-A3XL-DX1_xmin29910_ymin15820_MPP-0.2500+71:0:5,TCGA-GM-A3XL-DX1_xmin29910_ymin15820_MPP-0.2500+71,TCGA-GM-A3XL-DX1,4
4839,TCGA-GM-A3XL-DX1_xmin29910_ymin15820_MPP-0.2500+71:3:1,TCGA-GM-A3XL-DX1_xmin29910_ymin15820_MPP-0.2500+71,TCGA-GM-A3XL-DX1,4
4840,TCGA-GM-A3XL-DX1_xmin29910_ymin15820_MPP-0.2500+72:0:1,TCGA-GM-A3XL-DX1_xmin29910_ymin15820_MPP-0.2500+72,TCGA-GM-A3XL-DX1,4
4844,TCGA-GM-A3XL-DX1_xmin29910_ymin15820_MPP-0.2500+72:3:1,TCGA-GM-A3XL-DX1_xmin29910_ymin15820_MPP-0.2500+72,TCGA-GM-A3XL-DX1,4
4845,TCGA-GM-A3XL-DX1_xmin29910_ymin15820_MPP-0.2500+72:3:2,TCGA-GM-A3XL-DX1_xmin29910_ymin15820_MPP-0.2500+72,TCGA-GM-A3XL-DX1,4
4847,TCGA-GM-A3XL-DX1_xmin29910_ymin15820_MPP-0.2500+73:0:1,TCGA-GM-A3XL-DX1_xmin29910_ymin15820_MPP-0.2500+73,TCGA-GM-A3XL-DX1,4
4848,TCGA-GM-A3XL-DX1_xmin29910_ymin15820_MPP-0.2500+73:1:1,TCGA-GM-A3XL-DX1_xmin29910_ymin15820_MPP-0.2500+73,TCGA-GM-A3XL-DX1,4
4849,TCGA-GM-A3XL-DX1_xmin29910_ymin15820_MPP-0.2500+73:1:2,TCGA-GM-A3XL-DX1_xmin29910_ymin15820_MPP-0.2500+73,TCGA-GM-A3XL-DX1,4
4850,TCGA-GM-A3XL-DX1_xmin29910_ymin15820_MPP-0.2500+74:0:1,TCGA-GM-A3XL-DX1_xmin29910_ymin15820_MPP-0.2500+74,TCGA-GM-A3XL-DX1,4
4851,TCGA-GM-A3XL-DX1_xmin29910_ymin15820_MPP-0.2500+75:0:1,TCGA-GM-A3XL-DX1_xmin29910_ymin15820_MPP-0.2500+75,TCGA-GM-A3XL-DX1,4
4852,TCGA-GM-A3XL-DX1_xmin29910_ymin15820_MPP-0.2500+76:0:1,TCGA-GM-A3XL-DX1_xmin29910_ymin15820_MPP-0.2500+76,TCGA-GM-A3XL-DX1,4
4853,TCGA-GM-A3XL-DX1_xmin29910_ymin15820_MPP-0.2500+77:0:1,TCGA-GM-A3XL-DX1_xmin29910_ymin15820_MPP-0.2500+77,TCGA-GM-A3XL-DX1,4
4855,TCGA-GM-A3XL-DX1_xmin29910_ymin15820_MPP-0.2500+79:0:1,TCGA-GM-A3XL-DX1_xmin29910_ymin15820_MPP-0.2500+79,TCGA-GM-A3XL-DX1,4
4857,TCGA-GM-A3XL-DX1_xmin29910_ymin15820_MPP-0.2500+79:3:1,TCGA-GM-A3XL-DX1_xmin29910_ymin15820_MPP-0.2500+79,TCGA-GM-A3XL-DX1,4
4858,TCGA-GM-A3XL-DX1_xmin29910_ymin15820_MPP-0.2500+8:0:1,TCGA-GM-A3XL-DX1_xmin29910_ymin15820_MPP-0.2500+8,TCGA-GM-A3XL-DX1,4
4859,TCGA-GM-A3XL-DX1_xmin29910_ymin15820_MPP-0.2500+80:0:1,TCGA-GM-A3XL-DX1_xmin29910_ymin15820_MPP-0.2500+80,TCGA-GM-A3XL-DX1,4
4860,TCGA-GM-A3XL-DX1_xmin29910_ymin15820_MPP-0.2500+81:0:1,TCGA-GM-A3XL-DX1_xmin29910_ymin15820_MPP-0.2500+81,TCGA-GM-A3XL-DX1,4
4861,TCGA-GM-A3XL-DX1_xmin29910_ymin15820_MPP-0.2500+82:0:1,TCGA-GM-A3XL-DX1_xmin29910_ymin15820_MPP-0.2500+82,TCGA-GM-A3XL-DX1,4
4863,TCGA-GM-A3XL-DX1_xmin29910_ymin15820_MPP-0.2500+84:0:1,TCGA-GM-A3XL-DX1_xmin29910_ymin15820_MPP-0.2500+84,TCGA-GM-A3XL-DX1,4
4866,TCGA-GM-A3XL-DX1_xmin29910_ymin15820_MPP-0.2500+87:0:1,TCGA-GM-A3XL-DX1_xmin29910_ymin15820_MPP-0.2500+87,TCGA-GM-A3XL-DX1,4
4867,TCGA-GM-A3XL-DX1_xmin29910_ymin15820_MPP-0.2500+87:0:2,TCGA-GM-A3XL-DX1_xmin29910_ymin15820_MPP-0.2500+87,TCGA-GM-A3XL-DX1,4
4870,TCGA-GM-A3XL-DX1_xmin29910_ymin15820_MPP-0.2500+88:0:1,TCGA-GM-A3XL-DX1_xmin29910_ymin15820_MPP-0.2500+88,TCGA-GM-A3XL-DX1,4
4871,TCGA-GM-A3XL-DX1_xmin29910_ymin15820_MPP-0.2500+89:0:1,TCGA-GM-A3XL-DX1_xmin29910_ymin15820_MPP-0.2500+89,TCGA-GM-A3XL-DX1,4
4872,TCGA-GM-A3XL-DX1_xmin29910_ymin15820_MPP-0.2500+9:0:1,TCGA-GM-A3XL-DX1_xmin29910_ymin15820_MPP-0.2500+9,TCGA-GM-A3XL-DX1,4
4873,TCGA-GM-A3XL-DX1_xmin29910_ymin15820_MPP-0.2500+9:3:1,TCGA-GM-A3XL-DX1_xmin29910_ymin15820_MPP-0.2500+9,TCGA-GM-A3XL-DX1,4
4874,TCGA-GM-A3XL-DX1_xmin29910_ymin15820_MPP-0.2500+90:0:1,TCGA-GM-A3XL-DX1_xmin29910_ymin15820_MPP-0.2500+90,TCGA-GM-A3XL-DX1,4
4875,TCGA-GM-A3XL-DX1_xmin29910_ymin15820_MPP-0.2500+91:0:1,TCGA-GM-A3XL-DX1_xmin29910_ymin15820_MPP-0.2500+91,TCGA-GM-A3XL-DX1,4
4876,TCGA-GM-A3XL-DX1_xmin29910_ymin15820_MPP-0.2500+92:0:1,TCGA-GM-A3XL-DX1_xmin29910_ymin15820_MPP-0.2500+92,TCGA-GM-A3XL-DX1,4
4877,TCGA-GM-A3XL-DX1_xmin29910_ymin15820_MPP-0.2500+93:0:1,TCGA-GM-A3XL-DX1_xmin29910_ymin15820_MPP-0.2500+93,TCGA-GM-A3XL-DX1,4
4878,TCGA-GM-A3XL-DX1_xmin29910_ymin15820_MPP-0.2500+94:0:1,TCGA-GM-A3XL-DX1_xmin29910_ymin15820_MPP-0.2500+94,TCGA-GM-A3XL-DX1,4
4879,TCGA-GM-A3XL-DX1_xmin29910_ymin15820_MPP-0.2500+95:0:1,TCGA-GM-A3XL-DX1_xmin29910_ymin15820_MPP-0.2500+95,TCGA-GM-A3XL-DX1,4
4880,TCGA-GM-A3XL-DX1_xmin29910_ymin15820_MPP-0.2500+96:0:1,TCGA-GM-A3XL-DX1_xmin29910_ymin15820_MPP-0.2500+96,TCGA-GM-A3XL-DX1,4
4882,TCGA-GM-A3XL-DX1_xmin29910_ymin15820_MPP-0.2500+98:0:1,TCGA-GM-A3XL-DX1_xmin29910_ymin15820_MPP-0.2500+98,TCGA-GM-A3XL-DX1,4
4885,TCGA-GM-A3XL-DX1_xmin29910_ymin15820_MPP-0.2500+99:1:1,TCGA-GM-A3XL-DX1_xmin29910_ymin15820_MPP-0.2500+99,TCGA-GM-A3XL-DX1,4
4886,TCGA-HN-A2NL-DX1_xmin11931_ymin5764_MPP-0.2500+0:1:1,TCGA-HN-A2NL-DX1_xmin11931_ymin5764_MPP-0.2500+0,TCGA-HN-A2NL-DX1,4
4888,TCGA-HN-A2NL-DX1_xmin11931_ymin5764_MPP-0.2500+0:2:1,TCGA-HN-A2NL-DX1_xmin11931_ymin5764_MPP-0.2500+0,TCGA-HN-A2NL-DX1,4
4889,TCGA-HN-A2NL-DX1_xmin11931_ymin5764_MPP-0.2500+0:2:2,TCGA-HN-A2NL-DX1_xmin11931_ymin5764_MPP-0.2500+0,TCGA-HN-A2NL-DX1,4
4890,TCGA-HN-A2NL-DX1_xmin11931_ymin5764_MPP-0.2500+1:1:1,TCGA-HN-A2NL-DX1_xmin11931_ymin5764_MPP-0.2500+1,TCGA-HN-A2NL-DX1,4
4891,TCGA-HN-A2NL-DX1_xmin11931_ymin5764_MPP-0.2500+1:1:2,TCGA-HN-A2NL-DX1_xmin11931_ymin5764_MPP-0.2500+1,TCGA-HN-A2NL-DX1,4
4892,TCGA-HN-A2NL-DX1_xmin11931_ymin5764_MPP-0.2500+1:1:3,TCGA-HN-A2NL-DX1_xmin11931_ymin5764_MPP-0.2500+1,TCGA-HN-A2NL-DX1,4
4894,TCGA-HN-A2NL-DX1_xmin11931_ymin5764_MPP-0.2500+1:2:1,TCGA-HN-A2NL-DX1_xmin11931_ymin5764_MPP-0.2500+1,TCGA-HN-A2NL-DX1,4
4895,TCGA-HN-A2NL-DX1_xmin11931_ymin5764_MPP-0.2500+10:0:1,TCGA-HN-A2NL-DX1_xmin11931_ymin5764_MPP-0.2500+10,TCGA-HN-A2NL-DX1,4
4897,TCGA-HN-A2NL-DX1_xmin11931_ymin5764_MPP-0.2500+11:0:1,TCGA-HN-A2NL-DX1_xmin11931_ymin5764_MPP-0.2500+11,TCGA-HN-A2NL-DX1,4
4898,TCGA-HN-A2NL-DX1_xmin11931_ymin5764_MPP-0.2500+11:0:2,TCGA-HN-A2NL-DX1_xmin11931_ymin5764_MPP-0.2500+11,TCGA-HN-A2NL-DX1,4
4903,TCGA-HN-A2NL-DX1_xmin11931_ymin5764_MPP-0.2500+11:1:2,TCGA-HN-A2NL-DX1_xmin11931_ymin5764_MPP-0.2500+11,TCGA-HN-A2NL-DX1,4
4904,TCGA-HN-A2NL-DX1_xmin11931_ymin5764_MPP-0.2500+12:1:1,TCGA-HN-A2NL-DX1_xmin11931_ymin5764_MPP-0.2500+12,TCGA-HN-A2NL-DX1,4
4905,TCGA-HN-A2NL-DX1_xmin11931_ymin5764_MPP-0.2500+12:1:3,TCGA-HN-A2NL-DX1_xmin11931_ymin5764_MPP-0.2500+12,TCGA-HN-A2NL-DX1,4
4909,TCGA-HN-A2NL-DX1_xmin11931_ymin5764_MPP-0.2500+12:2:4,TCGA-HN-A2NL-DX1_xmin11931_ymin5764_MPP-0.2500+12,TCGA-HN-A2NL-DX1,4
4911,TCGA-HN-A2NL-DX1_xmin11931_ymin5764_MPP-0.2500+13:1:1,TCGA-HN-A2NL-DX1_xmin11931_ymin5764_MPP-0.2500+13,TCGA-HN-A2NL-DX1,4
4912,TCGA-HN-A2NL-DX1_xmin11931_ymin5764_MPP-0.2500+13:1:2,TCGA-HN-A2NL-DX1_xmin11931_ymin5764_MPP-0.2500+13,TCGA-HN-A2NL-DX1,4
4913,TCGA-HN-A2NL-DX1_xmin11931_ymin5764_MPP-0.2500+13:2:1,TCGA-HN-A2NL-DX1_xmin11931_ymin5764_MPP-0.2500+13,TCGA-HN-A2NL-DX1,4
4914,TCGA-HN-A2NL-DX1_xmin11931_ymin5764_MPP-0.2500+13:2:2,TCGA-HN-A2NL-DX1_xmin11931_ymin5764_MPP-0.2500+13,TCGA-HN-A2NL-DX1,4
4915,TCGA-HN-A2NL-DX1_xmin11931_ymin5764_MPP-0.2500+13:2:3,TCGA-HN-A2NL-DX1_xmin11931_ymin5764_MPP-0.2500+13,TCGA-HN-A2NL-DX1,4
4917,TCGA-HN-A2NL-DX1_xmin11931_ymin5764_MPP-0.2500+14:0:1,TCGA-HN-A2NL-DX1_xmin11931_ymin5764_MPP-0.2500+14,TCGA-HN-A2NL-DX1,4
4919,TCGA-HN-A2NL-DX1_xmin11931_ymin5764_MPP-0.2500+14:3:1,TCGA-HN-A2NL-DX1_xmin11931_ymin5764_MPP-0.2500+14,TCGA-HN-A2NL-DX1,4
4920,TCGA-HN-A2NL-DX1_xmin11931_ymin5764_MPP-0.2500+15:0:2,TCGA-HN-A2NL-DX1_xmin11931_ymin5764_MPP-0.2500+15,TCGA-HN-A2NL-DX1,4
4921,TCGA-HN-A2NL-DX1_xmin11931_ymin5764_MPP-0.2500+15:0:3,TCGA-HN-A2NL-DX1_xmin11931_ymin5764_MPP-0.2500+15,TCGA-HN-A2NL-DX1,4
4922,TCGA-HN-A2NL-DX1_xmin11931_ymin5764_MPP-0.2500+15:3:1,TCGA-HN-A2NL-DX1_xmin11931_ymin5764_MPP-0.2500+15,TCGA-HN-A2NL-DX1,4
4924,TCGA-HN-A2NL-DX1_xmin11931_ymin5764_MPP-0.2500+16:1:1,TCGA-HN-A2NL-DX1_xmin11931_ymin5764_MPP-0.2500+16,TCGA-HN-A2NL-DX1,4
4925,TCGA-HN-A2NL-DX1_xmin11931_ymin5764_MPP-0.2500+17:1:1,TCGA-HN-A2NL-DX1_xmin11931_ymin5764_MPP-0.2500+17,TCGA-HN-A2NL-DX1,4
4926,TCGA-HN-A2NL-DX1_xmin11931_ymin5764_MPP-0.2500+17:3:1,TCGA-HN-A2NL-DX1_xmin11931_ymin5764_MPP-0.2500+17,TCGA-HN-A2NL-DX1,4
4927,TCGA-HN-A2NL-DX1_xmin11931_ymin5764_MPP-0.2500+17:3:2,TCGA-HN-A2NL-DX1_xmin11931_ymin5764_MPP-0.2500+17,TCGA-HN-A2NL-DX1,4
4930,TCGA-HN-A2NL-DX1_xmin11931_ymin5764_MPP-0.2500+19:0:2,TCGA-HN-A2NL-DX1_xmin11931_ymin5764_MPP-0.2500+19,TCGA-HN-A2NL-DX1,4
4931,TCGA-HN-A2NL-DX1_xmin11931_ymin5764_MPP-0.2500+19:0:3,TCGA-HN-A2NL-DX1_xmin11931_ymin5764_MPP-0.2500+19,TCGA-HN-A2NL-DX1,4
4932,TCGA-HN-A2NL-DX1_xmin11931_ymin5764_MPP-0.2500+19:0:4,TCGA-HN-A2NL-DX1_xmin11931_ymin5764_MPP-0.2500+19,TCGA-HN-A2NL-DX1,4
4933,TCGA-HN-A2NL-DX1_xmin11931_ymin5764_MPP-0.2500+19:0:5,TCGA-HN-A2NL-DX1_xmin11931_ymin5764_MPP-0.2500+19,TCGA-HN-A2NL-DX1,4
4937,TCGA-HN-A2NL-DX1_xmin11931_ymin5764_MPP-0.2500+2:2:1,TCGA-HN-A2NL-DX1_xmin11931_ymin5764_MPP-0.2500+2,TCGA-HN-A2NL-DX1,4
4940,TCGA-HN-A2NL-DX1_xmin11931_ymin5764_MPP-0.2500+20:0:3,TCGA-HN-A2NL-DX1_xmin11931_ymin5764_MPP-0.2500+20,TCGA-HN-A2NL-DX1,4
4942,TCGA-HN-A2NL-DX1_xmin11931_ymin5764_MPP-0.2500+21:0:1,TCGA-HN-A2NL-DX1_xmin11931_ymin5764_MPP-0.2500+21,TCGA-HN-A2NL-DX1,4
4945,TCGA-HN-A2NL-DX1_xmin11931_ymin5764_MPP-0.2500+21:1:2,TCGA-HN-A2NL-DX1_xmin11931_ymin5764_MPP-0.2500+21,TCGA-HN-A2NL-DX1,4
4946,TCGA-HN-A2NL-DX1_xmin11931_ymin5764_MPP-0.2500+21:2:1,TCGA-HN-A2NL-DX1_xmin11931_ymin5764_MPP-0.2500+21,TCGA-HN-A2NL-DX1,4
4948,TCGA-HN-A2NL-DX1_xmin11931_ymin5764_MPP-0.2500+21:2:3,TCGA-HN-A2NL-DX1_xmin11931_ymin5764_MPP-0.2500+21,TCGA-HN-A2NL-DX1,4
4949,TCGA-HN-A2NL-DX1_xmin11931_ymin5764_MPP-0.2500+21:2:4,TCGA-HN-A2NL-DX1_xmin11931_ymin5764_MPP-0.2500+21,TCGA-HN-A2NL-DX1,4
4950,TCGA-HN-A2NL-DX1_xmin11931_ymin5764_MPP-0.2500+22:0:1,TCGA-HN-A2NL-DX1_xmin11931_ymin5764_MPP-0.2500+22,TCGA-HN-A2NL-DX1,4
4951,TCGA-HN-A2NL-DX1_xmin11931_ymin5764_MPP-0.2500+22:0:2,TCGA-HN-A2NL-DX1_xmin11931_ymin5764_MPP-0.2500+22,TCGA-HN-A2NL-DX1,4
4952,TCGA-HN-A2NL-DX1_xmin11931_ymin5764_MPP-0.2500+22:3:1,TCGA-HN-A2NL-DX1_xmin11931_ymin5764_MPP-0.2500+22,TCGA-HN-A2NL-DX1,4
4953,TCGA-HN-A2NL-DX1_xmin11931_ymin5764_MPP-0.2500+23:0:1,TCGA-HN-A2NL-DX1_xmin11931_ymin5764_MPP-0.2500+23,TCGA-HN-A2NL-DX1,4
4954,TCGA-HN-A2NL-DX1_xmin11931_ymin5764_MPP-0.2500+23:0:2,TCGA-HN-A2NL-DX1_xmin11931_ymin5764_MPP-0.2500+23,TCGA-HN-A2NL-DX1,4
4955,TCGA-HN-A2NL-DX1_xmin11931_ymin5764_MPP-0.2500+23:0:3,TCGA-HN-A2NL-DX1_xmin11931_ymin5764_MPP-0.2500+23,TCGA-HN-A2NL-DX1,4
4956,TCGA-HN-A2NL-DX1_xmin11931_ymin5764_MPP-0.2500+23:0:4,TCGA-HN-A2NL-DX1_xmin11931_ymin5764_MPP-0.2500+23,TCGA-HN-A2NL-DX1,4
4957,TCGA-HN-A2NL-DX1_xmin11931_ymin5764_MPP-0.2500+23:3:1,TCGA-HN-A2NL-DX1_xmin11931_ymin5764_MPP-0.2500+23,TCGA-HN-A2NL-DX1,4
4958,TCGA-HN-A2NL-DX1_xmin11931_ymin5764_MPP-0.2500+24:1:1,TCGA-HN-A2NL-DX1_xmin11931_ymin5764_MPP-0.2500+24,TCGA-HN-A2NL-DX1,4
4959,TCGA-HN-A2NL-DX1_xmin11931_ymin5764_MPP-0.2500+25:0:1,TCGA-HN-A2NL-DX1_xmin11931_ymin5764_MPP-0.2500+25,TCGA-HN-A2NL-DX1,4
4961,TCGA-HN-A2NL-DX1_xmin11931_ymin5764_MPP-0.2500+25:1:2,TCGA-HN-A2NL-DX1_xmin11931_ymin5764_MPP-0.2500+25,TCGA-HN-A2NL-DX1,4
4962,TCGA-HN-A2NL-DX1_xmin11931_ymin5764_MPP-0.2500+26:0:1,TCGA-HN-A2NL-DX1_xmin11931_ymin5764_MPP-0.2500+26,TCGA-HN-A2NL-DX1,4
4963,TCGA-HN-A2NL-DX1_xmin11931_ymin5764_MPP-0.2500+26:0:2,TCGA-HN-A2NL-DX1_xmin11931_ymin5764_MPP-0.2500+26,TCGA-HN-A2NL-DX1,4
4965,TCGA-HN-A2NL-DX1_xmin11931_ymin5764_MPP-0.2500+26:1:1,TCGA-HN-A2NL-DX1_xmin11931_ymin5764_MPP-0.2500+26,TCGA-HN-A2NL-DX1,4
4966,TCGA-HN-A2NL-DX1_xmin11931_ymin5764_MPP-0.2500+27:0:1,TCGA-HN-A2NL-DX1_xmin11931_ymin5764_MPP-0.2500+27,TCGA-HN-A2NL-DX1,4
4969,TCGA-HN-A2NL-DX1_xmin11931_ymin5764_MPP-0.2500+27:0:4,TCGA-HN-A2NL-DX1_xmin11931_ymin5764_MPP-0.2500+27,TCGA-HN-A2NL-DX1,4
4974,TCGA-HN-A2NL-DX1_xmin11931_ymin5764_MPP-0.2500+29:2:1,TCGA-HN-A2NL-DX1_xmin11931_ymin5764_MPP-0.2500+29,TCGA-HN-A2NL-DX1,4
4976,TCGA-HN-A2NL-DX1_xmin11931_ymin5764_MPP-0.2500+3:0:2,TCGA-HN-A2NL-DX1_xmin11931_ymin5764_MPP-0.2500+3,TCGA-HN-A2NL-DX1,4
4977,TCGA-HN-A2NL-DX1_xmin11931_ymin5764_MPP-0.2500+3:2:1,TCGA-HN-A2NL-DX1_xmin11931_ymin5764_MPP-0.2500+3,TCGA-HN-A2NL-DX1,4
4979,TCGA-HN-A2NL-DX1_xmin11931_ymin5764_MPP-0.2500+30:0:2,TCGA-HN-A2NL-DX1_xmin11931_ymin5764_MPP-0.2500+30,TCGA-HN-A2NL-DX1,4
4980,TCGA-HN-A2NL-DX1_xmin11931_ymin5764_MPP-0.2500+30:2:1,TCGA-HN-A2NL-DX1_xmin11931_ymin5764_MPP-0.2500+30,TCGA-HN-A2NL-DX1,4
4981,TCGA-HN-A2NL-DX1_xmin11931_ymin5764_MPP-0.2500+31:0:1,TCGA-HN-A2NL-DX1_xmin11931_ymin5764_MPP-0.2500+31,TCGA-HN-A2NL-DX1,4
4982,TCGA-HN-A2NL-DX1_xmin11931_ymin5764_MPP-0.2500+31:0:2,TCGA-HN-A2NL-DX1_xmin11931_ymin5764_MPP-0.2500+31,TCGA-HN-A2NL-DX1,4
4983,TCGA-HN-A2NL-DX1_xmin11931_ymin5764_MPP-0.2500+31:3:1,TCGA-HN-A2NL-DX1_xmin11931_ymin5764_MPP-0.2500+31,TCGA-HN-A2NL-DX1,4
4984,TCGA-HN-A2NL-DX1_xmin11931_ymin5764_MPP-0.2500+32:0:1,TCGA-HN-A2NL-DX1_xmin11931_ymin5764_MPP-0.2500+32,TCGA-HN-A2NL-DX1,4
4985,TCGA-HN-A2NL-DX1_xmin11931_ymin5764_MPP-0.2500+32:0:2,TCGA-HN-A2NL-DX1_xmin11931_ymin5764_MPP-0.2500+32,TCGA-HN-A2NL-DX1,4
4988,TCGA-HN-A2NL-DX1_xmin11931_ymin5764_MPP-0.2500+33:0:1,TCGA-HN-A2NL-DX1_xmin11931_ymin5764_MPP-0.2500+33,TCGA-HN-A2NL-DX1,4
4989,TCGA-HN-A2NL-DX1_xmin11931_ymin5764_MPP-0.2500+34:0:1,TCGA-HN-A2NL-DX1_xmin11931_ymin5764_MPP-0.2500+34,TCGA-HN-A2NL-DX1,4
4993,TCGA-HN-A2NL-DX1_xmin11931_ymin5764_MPP-0.2500+35:0:1,TCGA-HN-A2NL-DX1_xmin11931_ymin5764_MPP-0.2500+35,TCGA-HN-A2NL-DX1,4
4995,TCGA-HN-A2NL-DX1_xmin11931_ymin5764_MPP-0.2500+37:0:1,TCGA-HN-A2NL-DX1_xmin11931_ymin5764_MPP-0.2500+37,TCGA-HN-A2NL-DX1,4
4996,TCGA-HN-A2NL-DX1_xmin11931_ymin5764_MPP-0.2500+38:0:1,TCGA-HN-A2NL-DX1_xmin11931_ymin5764_MPP-0.2500+38,TCGA-HN-A2NL-DX1,4
4998,TCGA-HN-A2NL-DX1_xmin11931_ymin5764_MPP-0.2500+38:3:2,TCGA-HN-A2NL-DX1_xmin11931_ymin5764_MPP-0.2500+38,TCGA-HN-A2NL-DX1,4
4999,TCGA-HN-A2NL-DX1_xmin11931_ymin5764_MPP-0.2500+38:3:3,TCGA-HN-A2NL-DX1_xmin11931_ymin5764_MPP-0.2500+38,TCGA-HN-A2NL-DX1,4
5000,TCGA-HN-A2NL-DX1_xmin11931_ymin5764_MPP-0.2500+39:0:1,TCGA-HN-A2NL-DX1_xmin11931_ymin5764_MPP-0.2500+39,TCGA-HN-A2NL-DX1,4
5001,TCGA-HN-A2NL-DX1_xmin11931_ymin5764_MPP-0.2500+39:3:1,TCGA-HN-A2NL-DX1_xmin11931_ymin5764_MPP-0.2500+39,TCGA-HN-A2NL-DX1,4
5002,TCGA-HN-A2NL-DX1_xmin11931_ymin5764_MPP-0.2500+4:0:1,TCGA-HN-A2NL-DX1_xmin11931_ymin5764_MPP-0.2500+4,TCGA-HN-A2NL-DX1,4
5003,TCGA-HN-A2NL-DX1_xmin11931_ymin5764_MPP-0.2500+4:0:2,TCGA-HN-A2NL-DX1_xmin11931_ymin5764_MPP-0.2500+4,TCGA-HN-A2NL-DX1,4
5004,TCGA-HN-A2NL-DX1_xmin11931_ymin5764_MPP-0.2500+4:0:3,TCGA-HN-A2NL-DX1_xmin11931_ymin5764_MPP-0.2500+4,TCGA-HN-A2NL-DX1,4
5005,TCGA-HN-A2NL-DX1_xmin11931_ymin5764_MPP-0.2500+4:2:1,TCGA-HN-A2NL-DX1_xmin11931_ymin5764_MPP-0.2500+4,TCGA-HN-A2NL-DX1,4
5006,TCGA-HN-A2NL-DX1_xmin11931_ymin5764_MPP-0.2500+40:0:1,TCGA-HN-A2NL-DX1_xmin11931_ymin5764_MPP-0.2500+40,TCGA-HN-A2NL-DX1,4
5008,TCGA-HN-A2NL-DX1_xmin11931_ymin5764_MPP-0.2500+40:1:2,TCGA-HN-A2NL-DX1_xmin11931_ymin5764_MPP-0.2500+40,TCGA-HN-A2NL-DX1,4
5009,TCGA-HN-A2NL-DX1_xmin11931_ymin5764_MPP-0.2500+41:0:1,TCGA-HN-A2NL-DX1_xmin11931_ymin5764_MPP-0.2500+41,TCGA-HN-A2NL-DX1,4
5011,TCGA-HN-A2NL-DX1_xmin11931_ymin5764_MPP-0.2500+42:1:1,TCGA-HN-A2NL-DX1_xmin11931_ymin5764_MPP-0.2500+42,TCGA-HN-A2NL-DX1,4
5012,TCGA-HN-A2NL-DX1_xmin11931_ymin5764_MPP-0.2500+42:1:2,TCGA-HN-A2NL-DX1_xmin11931_ymin5764_MPP-0.2500+42,TCGA-HN-A2NL-DX1,4
5013,TCGA-HN-A2NL-DX1_xmin11931_ymin5764_MPP-0.2500+42:1:3,TCGA-HN-A2NL-DX1_xmin11931_ymin5764_MPP-0.2500+42,TCGA-HN-A2NL-DX1,4
5016,TCGA-HN-A2NL-DX1_xmin11931_ymin5764_MPP-0.2500+43:1:2,TCGA-HN-A2NL-DX1_xmin11931_ymin5764_MPP-0.2500+43,TCGA-HN-A2NL-DX1,4
5017,TCGA-HN-A2NL-DX1_xmin11931_ymin5764_MPP-0.2500+44:0:1,TCGA-HN-A2NL-DX1_xmin11931_ymin5764_MPP-0.2500+44,TCGA-HN-A2NL-DX1,4
5018,TCGA-HN-A2NL-DX1_xmin11931_ymin5764_MPP-0.2500+45:0:1,TCGA-HN-A2NL-DX1_xmin11931_ymin5764_MPP-0.2500+45,TCGA-HN-A2NL-DX1,4
5019,TCGA-HN-A2NL-DX1_xmin11931_ymin5764_MPP-0.2500+46:0:1,TCGA-HN-A2NL-DX1_xmin11931_ymin5764_MPP-0.2500+46,TCGA-HN-A2NL-DX1,4
5021,TCGA-HN-A2NL-DX1_xmin11931_ymin5764_MPP-0.2500+5:0:1,TCGA-HN-A2NL-DX1_xmin11931_ymin5764_MPP-0.2500+5,TCGA-HN-A2NL-DX1,4
5022,TCGA-HN-A2NL-DX1_xmin11931_ymin5764_MPP-0.2500+5:0:3,TCGA-HN-A2NL-DX1_xmin11931_ymin5764_MPP-0.2500+5,TCGA-HN-A2NL-DX1,4
5024,TCGA-HN-A2NL-DX1_xmin11931_ymin5764_MPP-0.2500+5:3:1,TCGA-HN-A2NL-DX1_xmin11931_ymin5764_MPP-0.2500+5,TCGA-HN-A2NL-DX1,4
5025,TCGA-HN-A2NL-DX1_xmin11931_ymin5764_MPP-0.2500+5:3:2,TCGA-HN-A2NL-DX1_xmin11931_ymin5764_MPP-0.2500+5,TCGA-HN-A2NL-DX1,4
5027,TCGA-HN-A2NL-DX1_xmin11931_ymin5764_MPP-0.2500+6:0:1,TCGA-HN-A2NL-DX1_xmin11931_ymin5764_MPP-0.2500+6,TCGA-HN-A2NL-DX1,4
5028,TCGA-HN-A2NL-DX1_xmin11931_ymin5764_MPP-0.2500+6:0:2,TCGA-HN-A2NL-DX1_xmin11931_ymin5764_MPP-0.2500+6,TCGA-HN-A2NL-DX1,4
5029,TCGA-HN-A2NL-DX1_xmin11931_ymin5764_MPP-0.2500+6:3:1,TCGA-HN-A2NL-DX1_xmin11931_ymin5764_MPP-0.2500+6,TCGA-HN-A2NL-DX1,4
5031,TCGA-HN-A2NL-DX1_xmin11931_ymin5764_MPP-0.2500+7:0:1,TCGA-HN-A2NL-DX1_xmin11931_ymin5764_MPP-0.2500+7,TCGA-HN-A2NL-DX1,4
5032,TCGA-HN-A2NL-DX1_xmin11931_ymin5764_MPP-0.2500+7:2:1,TCGA-HN-A2NL-DX1_xmin11931_ymin5764_MPP-0.2500+7,TCGA-HN-A2NL-DX1,4
5033,TCGA-HN-A2NL-DX1_xmin11931_ymin5764_MPP-0.2500+8:0:1,TCGA-HN-A2NL-DX1_xmin11931_ymin5764_MPP-0.2500+8,TCGA-HN-A2NL-DX1,4
5039,TCGA-LL-A441-DX1_xmin82006_ymin43121_MPP-0.2500+0:0:1,TCGA-LL-A441-DX1_xmin82006_ymin43121_MPP-0.2500+0,TCGA-LL-A441-DX1,1
5040,TCGA-LL-A441-DX1_xmin82006_ymin43121_MPP-0.2500+0:1:1,TCGA-LL-A441-DX1_xmin82006_ymin43121_MPP-0.2500+0,TCGA-LL-A441-DX1,1
5044,TCGA-LL-A441-DX1_xmin82006_ymin43121_MPP-0.2500+10:0:1,TCGA-LL-A441-DX1_xmin82006_ymin43121_MPP-0.2500+10,TCGA-LL-A441-DX1,1
5045,TCGA-LL-A441-DX1_xmin82006_ymin43121_MPP-0.2500+11:0:1,TCGA-LL-A441-DX1_xmin82006_ymin43121_MPP-0.2500+11,TCGA-LL-A441-DX1,1
5046,TCGA-LL-A441-DX1_xmin82006_ymin43121_MPP-0.2500+12:0:1,TCGA-LL-A441-DX1_xmin82006_ymin43121_MPP-0.2500+12,TCGA-LL-A441-DX1,1
5048,TCGA-LL-A441-DX1_xmin82006_ymin43121_MPP-0.2500+12:1:2,TCGA-LL-A441-DX1_xmin82006_ymin43121_MPP-0.2500+12,TCGA-LL-A441-DX1,1
5055,TCGA-LL-A441-DX1_xmin82006_ymin43121_MPP-0.2500+14:0:1,TCGA-LL-A441-DX1_xmin82006_ymin43121_MPP-0.2500+14,TCGA-LL-A441-DX1,1
5056,TCGA-LL-A441-DX1_xmin82006_ymin43121_MPP-0.2500+14:0:2,TCGA-LL-A441-DX1_xmin82006_ymin43121_MPP-0.2500+14,TCGA-LL-A441-DX1,1
5058,TCGA-LL-A441-DX1_xmin82006_ymin43121_MPP-0.2500+14:1:3,TCGA-LL-A441-DX1_xmin82006_ymin43121_MPP-0.2500+14,TCGA-LL-A441-DX1,1
5059,TCGA-LL-A441-DX1_xmin82006_ymin43121_MPP-0.2500+15:0:1,TCGA-LL-A441-DX1_xmin82006_ymin43121_MPP-0.2500+15,TCGA-LL-A441-DX1,1
5061,TCGA-LL-A441-DX1_xmin82006_ymin43121_MPP-0.2500+16:0:1,TCGA-LL-A441-DX1_xmin82006_ymin43121_MPP-0.2500+16,TCGA-LL-A441-DX1,1
5062,TCGA-LL-A441-DX1_xmin82006_ymin43121_MPP-0.2500+16:0:2,TCGA-LL-A441-DX1_xmin82006_ymin43121_MPP-0.2500+16,TCGA-LL-A441-DX1,1
5063,TCGA-LL-A441-DX1_xmin82006_ymin43121_MPP-0.2500+16:0:3,TCGA-LL-A441-DX1_xmin82006_ymin43121_MPP-0.2500+16,TCGA-LL-A441-DX1,1
5066,TCGA-LL-A441-DX1_xmin82006_ymin43121_MPP-0.2500+17:0:1,TCGA-LL-A441-DX1_xmin82006_ymin43121_MPP-0.2500+17,TCGA-LL-A441-DX1,1
5067,TCGA-LL-A441-DX1_xmin82006_ymin43121_MPP-0.2500+18:0:1,TCGA-LL-A441-DX1_xmin82006_ymin43121_MPP-0.2500+18,TCGA-LL-A441-DX1,1
5068,TCGA-LL-A441-DX1_xmin82006_ymin43121_MPP-0.2500+19:0:1,TCGA-LL-A441-DX1_xmin82006_ymin43121_MPP-0.2500+19,TCGA-LL-A441-DX1,1
5073,TCGA-LL-A441-DX1_xmin82006_ymin43121_MPP-0.2500+2:1:1,TCGA-LL-A441-DX1_xmin82006_ymin43121_MPP-0.2500+2,TCGA-LL-A441-DX1,1
5074,TCGA-LL-A441-DX1_xmin82006_ymin43121_MPP-0.2500+2:1:2,TCGA-LL-A441-DX1_xmin82006_ymin43121_MPP-0.2500+2,TCGA-LL-A441-DX1,1
5075,TCGA-LL-A441-DX1_xmin82006_ymin43121_MPP-0.2500+20:0:1,TCGA-LL-A441-DX1_xmin82006_ymin43121_MPP-0.2500+20,TCGA-LL-A441-DX1,1
5076,TCGA-LL-A441-DX1_xmin82006_ymin43121_MPP-0.2500+21:0:1,TCGA-LL-A441-DX1_xmin82006_ymin43121_MPP-0.2500+21,TCGA-LL-A441-DX1,1
5077,TCGA-LL-A441-DX1_xmin82006_ymin43121_MPP-0.2500+21:0:2,TCGA-LL-A441-DX1_xmin82006_ymin43121_MPP-0.2500+21,TCGA-LL-A441-DX1,1
5078,TCGA-LL-A441-DX1_xmin82006_ymin43121_MPP-0.2500+21:0:3,TCGA-LL-A441-DX1_xmin82006_ymin43121_MPP-0.2500+21,TCGA-LL-A441-DX1,1
5079,TCGA-LL-A441-DX1_xmin82006_ymin43121_MPP-0.2500+21:0:4,TCGA-LL-A441-DX1_xmin82006_ymin43121_MPP-0.2500+21,TCGA-LL-A441-DX1,1
5080,TCGA-LL-A441-DX1_xmin82006_ymin43121_MPP-0.2500+21:1:2,TCGA-LL-A441-DX1_xmin82006_ymin43121_MPP-0.2500+21,TCGA-LL-A441-DX1,1
5081,TCGA-LL-A441-DX1_xmin82006_ymin43121_MPP-0.2500+22:0:1,TCGA-LL-A441-DX1_xmin82006_ymin43121_MPP-0.2500+22,TCGA-LL-A441-DX1,1
5082,TCGA-LL-A441-DX1_xmin82006_ymin43121_MPP-0.2500+22:1:1,TCGA-LL-A441-DX1_xmin82006_ymin43121_MPP-0.2500+22,TCGA-LL-A441-DX1,1
5084,TCGA-LL-A441-DX1_xmin82006_ymin43121_MPP-0.2500+22:1:3,TCGA-LL-A441-DX1_xmin82006_ymin43121_MPP-0.2500+22,TCGA-LL-A441-DX1,1
5085,TCGA-LL-A441-DX1_xmin82006_ymin43121_MPP-0.2500+23:0:1,TCGA-LL-A441-DX1_xmin82006_ymin43121_MPP-0.2500+23,TCGA-LL-A441-DX1,1
5087,TCGA-LL-A441-DX1_xmin82006_ymin43121_MPP-0.2500+23:0:4,TCGA-LL-A441-DX1_xmin82006_ymin43121_MPP-0.2500+23,TCGA-LL-A441-DX1,1
5090,TCGA-LL-A441-DX1_xmin82006_ymin43121_MPP-0.2500+24:0:1,TCGA-LL-A441-DX1_xmin82006_ymin43121_MPP-0.2500+24,TCGA-LL-A441-DX1,1
5093,TCGA-LL-A441-DX1_xmin82006_ymin43121_MPP-0.2500+25:0:2,TCGA-LL-A441-DX1_xmin82006_ymin43121_MPP-0.2500+25,TCGA-LL-A441-DX1,1
5096,TCGA-LL-A441-DX1_xmin82006_ymin43121_MPP-0.2500+26:0:1,TCGA-LL-A441-DX1_xmin82006_ymin43121_MPP-0.2500+26,TCGA-LL-A441-DX1,1
5097,TCGA-LL-A441-DX1_xmin82006_ymin43121_MPP-0.2500+27:0:1,TCGA-LL-A441-DX1_xmin82006_ymin43121_MPP-0.2500+27,TCGA-LL-A441-DX1,1
5098,TCGA-LL-A441-DX1_xmin82006_ymin43121_MPP-0.2500+28:0:1,TCGA-LL-A441-DX1_xmin82006_ymin43121_MPP-0.2500+28,TCGA-LL-A441-DX1,1
5099,TCGA-LL-A441-DX1_xmin82006_ymin43121_MPP-0.2500+29:0:1,TCGA-LL-A441-DX1_xmin82006_ymin43121_MPP-0.2500+29,TCGA-LL-A441-DX1,1
5100,TCGA-LL-A441-DX1_xmin82006_ymin43121_MPP-0.2500+3:0:1,TCGA-LL-A441-DX1_xmin82006_ymin43121_MPP-0.2500+3,TCGA-LL-A441-DX1,1
5101,TCGA-LL-A441-DX1_xmin82006_ymin43121_MPP-0.2500+3:1:1,TCGA-LL-A441-DX1_xmin82006_ymin43121_MPP-0.2500+3,TCGA-LL-A441-DX1,1
5102,TCGA-LL-A441-DX1_xmin82006_ymin43121_MPP-0.2500+30:0:1,TCGA-LL-A441-DX1_xmin82006_ymin43121_MPP-0.2500+30,TCGA-LL-A441-DX1,1
5103,TCGA-LL-A441-DX1_xmin82006_ymin43121_MPP-0.2500+31:0:1,TCGA-LL-A441-DX1_xmin82006_ymin43121_MPP-0.2500+31,TCGA-LL-A441-DX1,1
5108,TCGA-LL-A441-DX1_xmin82006_ymin43121_MPP-0.2500+31:1:3,TCGA-LL-A441-DX1_xmin82006_ymin43121_MPP-0.2500+31,TCGA-LL-A441-DX1,1
5111,TCGA-LL-A441-DX1_xmin82006_ymin43121_MPP-0.2500+32:0:3,TCGA-LL-A441-DX1_xmin82006_ymin43121_MPP-0.2500+32,TCGA-LL-A441-DX1,1
5114,TCGA-LL-A441-DX1_xmin82006_ymin43121_MPP-0.2500+32:1:2,TCGA-LL-A441-DX1_xmin82006_ymin43121_MPP-0.2500+32,TCGA-LL-A441-DX1,1
5115,TCGA-LL-A441-DX1_xmin82006_ymin43121_MPP-0.2500+33:0:1,TCGA-LL-A441-DX1_xmin82006_ymin43121_MPP-0.2500+33,TCGA-LL-A441-DX1,1
5118,TCGA-LL-A441-DX1_xmin82006_ymin43121_MPP-0.2500+33:1:2,TCGA-LL-A441-DX1_xmin82006_ymin43121_MPP-0.2500+33,TCGA-LL-A441-DX1,1
5119,TCGA-LL-A441-DX1_xmin82006_ymin43121_MPP-0.2500+33:1:4,TCGA-LL-A441-DX1_xmin82006_ymin43121_MPP-0.2500+33,TCGA-LL-A441-DX1,1
5121,TCGA-LL-A441-DX1_xmin82006_ymin43121_MPP-0.2500+34:0:1,TCGA-LL-A441-DX1_xmin82006_ymin43121_MPP-0.2500+34,TCGA-LL-A441-DX1,1
5125,TCGA-LL-A441-DX1_xmin82006_ymin43121_MPP-0.2500+34:1:2,TCGA-LL-A441-DX1_xmin82006_ymin43121_MPP-0.2500+34,TCGA-LL-A441-DX1,1
5126,TCGA-LL-A441-DX1_xmin82006_ymin43121_MPP-0.2500+35:0:1,TCGA-LL-A441-DX1_xmin82006_ymin43121_MPP-0.2500+35,TCGA-LL-A441-DX1,1
5128,TCGA-LL-A441-DX1_xmin82006_ymin43121_MPP-0.2500+35:1:2,TCGA-LL-A441-DX1_xmin82006_ymin43121_MPP-0.2500+35,TCGA-LL-A441-DX1,1
5131,TCGA-LL-A441-DX1_xmin82006_ymin43121_MPP-0.2500+37:0:1,TCGA-LL-A441-DX1_xmin82006_ymin43121_MPP-0.2500+37,TCGA-LL-A441-DX1,1
5132,TCGA-LL-A441-DX1_xmin82006_ymin43121_MPP-0.2500+38:0:1,TCGA-LL-A441-DX1_xmin82006_ymin43121_MPP-0.2500+38,TCGA-LL-A441-DX1,1
5133,TCGA-LL-A441-DX1_xmin82006_ymin43121_MPP-0.2500+39:0:1,TCGA-LL-A441-DX1_xmin82006_ymin43121_MPP-0.2500+39,TCGA-LL-A441-DX1,1
5134,TCGA-LL-A441-DX1_xmin82006_ymin43121_MPP-0.2500+4:0:1,TCGA-LL-A441-DX1_xmin82006_ymin43121_MPP-0.2500+4,TCGA-LL-A441-DX1,1
5135,TCGA-LL-A441-DX1_xmin82006_ymin43121_MPP-0.2500+4:0:2,TCGA-LL-A441-DX1_xmin82006_ymin43121_MPP-0.2500+4,TCGA-LL-A441-DX1,1
5139,TCGA-LL-A441-DX1_xmin82006_ymin43121_MPP-0.2500+40:0:1,TCGA-LL-A441-DX1_xmin82006_ymin43121_MPP-0.2500+40,TCGA-LL-A441-DX1,1
5140,TCGA-LL-A441-DX1_xmin82006_ymin43121_MPP-0.2500+40:1:1,TCGA-LL-A441-DX1_xmin82006_ymin43121_MPP-0.2500+40,TCGA-LL-A441-DX1,1
5141,TCGA-LL-A441-DX1_xmin82006_ymin43121_MPP-0.2500+40:1:3,TCGA-LL-A441-DX1_xmin82006_ymin43121_MPP-0.2500+40,TCGA-LL-A441-DX1,1
5143,TCGA-LL-A441-DX1_xmin82006_ymin43121_MPP-0.2500+40:1:5,TCGA-LL-A441-DX1_xmin82006_ymin43121_MPP-0.2500+40,TCGA-LL-A441-DX1,1
5144,TCGA-LL-A441-DX1_xmin82006_ymin43121_MPP-0.2500+41:0:1,TCGA-LL-A441-DX1_xmin82006_ymin43121_MPP-0.2500+41,TCGA-LL-A441-DX1,1
5145,TCGA-LL-A441-DX1_xmin82006_ymin43121_MPP-0.2500+41:1:1,TCGA-LL-A441-DX1_xmin82006_ymin43121_MPP-0.2500+41,TCGA-LL-A441-DX1,1
5146,TCGA-LL-A441-DX1_xmin82006_ymin43121_MPP-0.2500+41:1:2,TCGA-LL-A441-DX1_xmin82006_ymin43121_MPP-0.2500+41,TCGA-LL-A441-DX1,1
5148,TCGA-LL-A441-DX1_xmin82006_ymin43121_MPP-0.2500+42:1:1,TCGA-LL-A441-DX1_xmin82006_ymin43121_MPP-0.2500+42,TCGA-LL-A441-DX1,1
5150,TCGA-LL-A441-DX1_xmin82006_ymin43121_MPP-0.2500+42:1:3,TCGA-LL-A441-DX1_xmin82006_ymin43121_MPP-0.2500+42,TCGA-LL-A441-DX1,1
5155,TCGA-LL-A441-DX1_xmin82006_ymin43121_MPP-0.2500+43:1:3,TCGA-LL-A441-DX1_xmin82006_ymin43121_MPP-0.2500+43,TCGA-LL-A441-DX1,1
5156,TCGA-LL-A441-DX1_xmin82006_ymin43121_MPP-0.2500+44:0:1,TCGA-LL-A441-DX1_xmin82006_ymin43121_MPP-0.2500+44,TCGA-LL-A441-DX1,1
5160,TCGA-LL-A441-DX1_xmin82006_ymin43121_MPP-0.2500+45:2:1,TCGA-LL-A441-DX1_xmin82006_ymin43121_MPP-0.2500+45,TCGA-LL-A441-DX1,1
5164,TCGA-LL-A441-DX1_xmin82006_ymin43121_MPP-0.2500+47:0:1,TCGA-LL-A441-DX1_xmin82006_ymin43121_MPP-0.2500+47,TCGA-LL-A441-DX1,1
5168,TCGA-LL-A441-DX1_xmin82006_ymin43121_MPP-0.2500+47:1:2,TCGA-LL-A441-DX1_xmin82006_ymin43121_MPP-0.2500+47,TCGA-LL-A441-DX1,1
5173,TCGA-LL-A441-DX1_xmin82006_ymin43121_MPP-0.2500+48:0:1,TCGA-LL-A441-DX1_xmin82006_ymin43121_MPP-0.2500+48,TCGA-LL-A441-DX1,1
5174,TCGA-LL-A441-DX1_xmin82006_ymin43121_MPP-0.2500+49:0:1,TCGA-LL-A441-DX1_xmin82006_ymin43121_MPP-0.2500+49,TCGA-LL-A441-DX1,1
5176,TCGA-LL-A441-DX1_xmin82006_ymin43121_MPP-0.2500+5:0:2,TCGA-LL-A441-DX1_xmin82006_ymin43121_MPP-0.2500+5,TCGA-LL-A441-DX1,1
5177,TCGA-LL-A441-DX1_xmin82006_ymin43121_MPP-0.2500+5:0:3,TCGA-LL-A441-DX1_xmin82006_ymin43121_MPP-0.2500+5,TCGA-LL-A441-DX1,1
5179,TCGA-LL-A441-DX1_xmin82006_ymin43121_MPP-0.2500+5:1:2,TCGA-LL-A441-DX1_xmin82006_ymin43121_MPP-0.2500+5,TCGA-LL-A441-DX1,1
5180,TCGA-LL-A441-DX1_xmin82006_ymin43121_MPP-0.2500+5:1:3,TCGA-LL-A441-DX1_xmin82006_ymin43121_MPP-0.2500+5,TCGA-LL-A441-DX1,1
5181,TCGA-LL-A441-DX1_xmin82006_ymin43121_MPP-0.2500+50:0:1,TCGA-LL-A441-DX1_xmin82006_ymin43121_MPP-0.2500+50,TCGA-LL-A441-DX1,1
5182,TCGA-LL-A441-DX1_xmin82006_ymin43121_MPP-0.2500+51:0:1,TCGA-LL-A441-DX1_xmin82006_ymin43121_MPP-0.2500+51,TCGA-LL-A441-DX1,1
5184,TCGA-LL-A441-DX1_xmin82006_ymin43121_MPP-0.2500+52:0:1,TCGA-LL-A441-DX1_xmin82006_ymin43121_MPP-0.2500+52,TCGA-LL-A441-DX1,1
5188,TCGA-LL-A441-DX1_xmin82006_ymin43121_MPP-0.2500+53:0:2,TCGA-LL-A441-DX1_xmin82006_ymin43121_MPP-0.2500+53,TCGA-LL-A441-DX1,1
5190,TCGA-LL-A441-DX1_xmin82006_ymin43121_MPP-0.2500+53:1:1,TCGA-LL-A441-DX1_xmin82006_ymin43121_MPP-0.2500+53,TCGA-LL-A441-DX1,1
5194,TCGA-LL-A441-DX1_xmin82006_ymin43121_MPP-0.2500+54:0:2,TCGA-LL-A441-DX1_xmin82006_ymin43121_MPP-0.2500+54,TCGA-LL-A441-DX1,1
5195,TCGA-LL-A441-DX1_xmin82006_ymin43121_MPP-0.2500+54:0:3,TCGA-LL-A441-DX1_xmin82006_ymin43121_MPP-0.2500+54,TCGA-LL-A441-DX1,1
5196,TCGA-LL-A441-DX1_xmin82006_ymin43121_MPP-0.2500+54:0:4,TCGA-LL-A441-DX1_xmin82006_ymin43121_MPP-0.2500+54,TCGA-LL-A441-DX1,1
5199,TCGA-LL-A441-DX1_xmin82006_ymin43121_MPP-0.2500+54:1:3,TCGA-LL-A441-DX1_xmin82006_ymin43121_MPP-0.2500+54,TCGA-LL-A441-DX1,1
5200,TCGA-LL-A441-DX1_xmin82006_ymin43121_MPP-0.2500+55:2:1,TCGA-LL-A441-DX1_xmin82006_ymin43121_MPP-0.2500+55,TCGA-LL-A441-DX1,1
5201,TCGA-LL-A441-DX1_xmin82006_ymin43121_MPP-0.2500+56:2:1,TCGA-LL-A441-DX1_xmin82006_ymin43121_MPP-0.2500+56,TCGA-LL-A441-DX1,1
5202,TCGA-LL-A441-DX1_xmin82006_ymin43121_MPP-0.2500+57:2:1,TCGA-LL-A441-DX1_xmin82006_ymin43121_MPP-0.2500+57,TCGA-LL-A441-DX1,1
5203,TCGA-LL-A441-DX1_xmin82006_ymin43121_MPP-0.2500+58:2:1,TCGA-LL-A441-DX1_xmin82006_ymin43121_MPP-0.2500+58,TCGA-LL-A441-DX1,1
5204,TCGA-LL-A441-DX1_xmin82006_ymin43121_MPP-0.2500+59:2:1,TCGA-LL-A441-DX1_xmin82006_ymin43121_MPP-0.2500+59,TCGA-LL-A441-DX1,1
5206,TCGA-LL-A441-DX1_xmin82006_ymin43121_MPP-0.2500+6:0:2,TCGA-LL-A441-DX1_xmin82006_ymin43121_MPP-0.2500+6,TCGA-LL-A441-DX1,1
5208,TCGA-LL-A441-DX1_xmin82006_ymin43121_MPP-0.2500+6:1:2,TCGA-LL-A441-DX1_xmin82006_ymin43121_MPP-0.2500+6,TCGA-LL-A441-DX1,1
5210,TCGA-LL-A441-DX1_xmin82006_ymin43121_MPP-0.2500+60:0:1,TCGA-LL-A441-DX1_xmin82006_ymin43121_MPP-0.2500+60,TCGA-LL-A441-DX1,1
5211,TCGA-LL-A441-DX1_xmin82006_ymin43121_MPP-0.2500+61:0:1,TCGA-LL-A441-DX1_xmin82006_ymin43121_MPP-0.2500+61,TCGA-LL-A441-DX1,1
5213,TCGA-LL-A441-DX1_xmin82006_ymin43121_MPP-0.2500+62:2:1,TCGA-LL-A441-DX1_xmin82006_ymin43121_MPP-0.2500+62,TCGA-LL-A441-DX1,1
5217,TCGA-LL-A441-DX1_xmin82006_ymin43121_MPP-0.2500+63:1:1,TCGA-LL-A441-DX1_xmin82006_ymin43121_MPP-0.2500+63,TCGA-LL-A441-DX1,1
5218,TCGA-LL-A441-DX1_xmin82006_ymin43121_MPP-0.2500+63:1:2,TCGA-LL-A441-DX1_xmin82006_ymin43121_MPP-0.2500+63,TCGA-LL-A441-DX1,1
5219,TCGA-LL-A441-DX1_xmin82006_ymin43121_MPP-0.2500+63:2:1,TCGA-LL-A441-DX1_xmin82006_ymin43121_MPP-0.2500+63,TCGA-LL-A441-DX1,1
5222,TCGA-LL-A441-DX1_xmin82006_ymin43121_MPP-0.2500+64:1:1,TCGA-LL-A441-DX1_xmin82006_ymin43121_MPP-0.2500+64,TCGA-LL-A441-DX1,1
5224,TCGA-LL-A441-DX1_xmin82006_ymin43121_MPP-0.2500+65:2:1,TCGA-LL-A441-DX1_xmin82006_ymin43121_MPP-0.2500+65,TCGA-LL-A441-DX1,1
5226,TCGA-LL-A441-DX1_xmin82006_ymin43121_MPP-0.2500+66:2:1,TCGA-LL-A441-DX1_xmin82006_ymin43121_MPP-0.2500+66,TCGA-LL-A441-DX1,1
5227,TCGA-LL-A441-DX1_xmin82006_ymin43121_MPP-0.2500+67:2:1,TCGA-LL-A441-DX1_xmin82006_ymin43121_MPP-0.2500+67,TCGA-LL-A441-DX1,1
5228,TCGA-LL-A441-DX1_xmin82006_ymin43121_MPP-0.2500+68:2:1,TCGA-LL-A441-DX1_xmin82006_ymin43121_MPP-0.2500+68,TCGA-LL-A441-DX1,1
5230,TCGA-LL-A441-DX1_xmin82006_ymin43121_MPP-0.2500+7:0:1,TCGA-LL-A441-DX1_xmin82006_ymin43121_MPP-0.2500+7,TCGA-LL-A441-DX1,1
5231,TCGA-LL-A441-DX1_xmin82006_ymin43121_MPP-0.2500+7:1:1,TCGA-LL-A441-DX1_xmin82006_ymin43121_MPP-0.2500+7,TCGA-LL-A441-DX1,1
5234,TCGA-LL-A441-DX1_xmin82006_ymin43121_MPP-0.2500+7:1:4,TCGA-LL-A441-DX1_xmin82006_ymin43121_MPP-0.2500+7,TCGA-LL-A441-DX1,1
5235,TCGA-LL-A441-DX1_xmin82006_ymin43121_MPP-0.2500+70:0:1,TCGA-LL-A441-DX1_xmin82006_ymin43121_MPP-0.2500+70,TCGA-LL-A441-DX1,1
5236,TCGA-LL-A441-DX1_xmin82006_ymin43121_MPP-0.2500+71:0:1,TCGA-LL-A441-DX1_xmin82006_ymin43121_MPP-0.2500+71,TCGA-LL-A441-DX1,1
5237,TCGA-LL-A441-DX1_xmin82006_ymin43121_MPP-0.2500+72:0:1,TCGA-LL-A441-DX1_xmin82006_ymin43121_MPP-0.2500+72,TCGA-LL-A441-DX1,1
5239,TCGA-LL-A441-DX1_xmin82006_ymin43121_MPP-0.2500+72:2:1,TCGA-LL-A441-DX1_xmin82006_ymin43121_MPP-0.2500+72,TCGA-LL-A441-DX1,1
5240,TCGA-LL-A441-DX1_xmin82006_ymin43121_MPP-0.2500+72:2:3,TCGA-LL-A441-DX1_xmin82006_ymin43121_MPP-0.2500+72,TCGA-LL-A441-DX1,1
5242,TCGA-LL-A441-DX1_xmin82006_ymin43121_MPP-0.2500+73:2:1,TCGA-LL-A441-DX1_xmin82006_ymin43121_MPP-0.2500+73,TCGA-LL-A441-DX1,1
5243,TCGA-LL-A441-DX1_xmin82006_ymin43121_MPP-0.2500+74:2:1,TCGA-LL-A441-DX1_xmin82006_ymin43121_MPP-0.2500+74,TCGA-LL-A441-DX1,1
5244,TCGA-LL-A441-DX1_xmin82006_ymin43121_MPP-0.2500+75:2:1,TCGA-LL-A441-DX1_xmin82006_ymin43121_MPP-0.2500+75,TCGA-LL-A441-DX1,1
5246,TCGA-LL-A441-DX1_xmin82006_ymin43121_MPP-0.2500+77:0:1,TCGA-LL-A441-DX1_xmin82006_ymin43121_MPP-0.2500+77,TCGA-LL-A441-DX1,1
5247,TCGA-LL-A441-DX1_xmin82006_ymin43121_MPP-0.2500+78:0:1,TCGA-LL-A441-DX1_xmin82006_ymin43121_MPP-0.2500+78,TCGA-LL-A441-DX1,1
5250,TCGA-LL-A441-DX1_xmin82006_ymin43121_MPP-0.2500+79:0:1,TCGA-LL-A441-DX1_xmin82006_ymin43121_MPP-0.2500+79,TCGA-LL-A441-DX1,1
5251,TCGA-LL-A441-DX1_xmin82006_ymin43121_MPP-0.2500+79:2:1,TCGA-LL-A441-DX1_xmin82006_ymin43121_MPP-0.2500+79,TCGA-LL-A441-DX1,1
5252,TCGA-LL-A441-DX1_xmin82006_ymin43121_MPP-0.2500+8:0:1,TCGA-LL-A441-DX1_xmin82006_ymin43121_MPP-0.2500+8,TCGA-LL-A441-DX1,1
5253,TCGA-LL-A441-DX1_xmin82006_ymin43121_MPP-0.2500+8:0:2,TCGA-LL-A441-DX1_xmin82006_ymin43121_MPP-0.2500+8,TCGA-LL-A441-DX1,1
5255,TCGA-LL-A441-DX1_xmin82006_ymin43121_MPP-0.2500+8:1:1,TCGA-LL-A441-DX1_xmin82006_ymin43121_MPP-0.2500+8,TCGA-LL-A441-DX1,1
5256,TCGA-LL-A441-DX1_xmin82006_ymin43121_MPP-0.2500+80:0:1,TCGA-LL-A441-DX1_xmin82006_ymin43121_MPP-0.2500+80,TCGA-LL-A441-DX1,1
5259,TCGA-LL-A441-DX1_xmin82006_ymin43121_MPP-0.2500+81:0:2,TCGA-LL-A441-DX1_xmin82006_ymin43121_MPP-0.2500+81,TCGA-LL-A441-DX1,1
5261,TCGA-LL-A441-DX1_xmin82006_ymin43121_MPP-0.2500+81:1:2,TCGA-LL-A441-DX1_xmin82006_ymin43121_MPP-0.2500+81,TCGA-LL-A441-DX1,1
5266,TCGA-LL-A441-DX1_xmin82006_ymin43121_MPP-0.2500+81:2:3,TCGA-LL-A441-DX1_xmin82006_ymin43121_MPP-0.2500+81,TCGA-LL-A441-DX1,1
5267,TCGA-LL-A441-DX1_xmin82006_ymin43121_MPP-0.2500+82:0:1,TCGA-LL-A441-DX1_xmin82006_ymin43121_MPP-0.2500+82,TCGA-LL-A441-DX1,1
5268,TCGA-LL-A441-DX1_xmin82006_ymin43121_MPP-0.2500+83:0:1,TCGA-LL-A441-DX1_xmin82006_ymin43121_MPP-0.2500+83,TCGA-LL-A441-DX1,1
5270,TCGA-LL-A441-DX1_xmin82006_ymin43121_MPP-0.2500+83:2:2,TCGA-LL-A441-DX1_xmin82006_ymin43121_MPP-0.2500+83,TCGA-LL-A441-DX1,1
5271,TCGA-LL-A441-DX1_xmin82006_ymin43121_MPP-0.2500+83:2:3,TCGA-LL-A441-DX1_xmin82006_ymin43121_MPP-0.2500+83,TCGA-LL-A441-DX1,1
5272,TCGA-LL-A441-DX1_xmin82006_ymin43121_MPP-0.2500+84:0:1,TCGA-LL-A441-DX1_xmin82006_ymin43121_MPP-0.2500+84,TCGA-LL-A441-DX1,1
5275,TCGA-LL-A441-DX1_xmin82006_ymin43121_MPP-0.2500+9:0:1,TCGA-LL-A441-DX1_xmin82006_ymin43121_MPP-0.2500+9,TCGA-LL-A441-DX1,1
5276,TCGA-LL-A441-DX1_xmin82006_ymin43121_MPP-0.2500+9:1:1,TCGA-LL-A441-DX1_xmin82006_ymin43121_MPP-0.2500+9,TCGA-LL-A441-DX1,1
5277,TCGA-LL-A441-DX1_xmin82006_ymin43121_MPP-0.2500+9:1:2,TCGA-LL-A441-DX1_xmin82006_ymin43121_MPP-0.2500+9,TCGA-LL-A441-DX1,1
5278,TCGA-LL-A441-DX1_xmin82006_ymin43121_MPP-0.2500+9:1:3,TCGA-LL-A441-DX1_xmin82006_ymin43121_MPP-0.2500+9,TCGA-LL-A441-DX1,1
5281,TCGA-LL-A5YO-DX1_xmin36631_ymin44396_MPP-0.2500+0:1:3,TCGA-LL-A5YO-DX1_xmin36631_ymin44396_MPP-0.2500+0,TCGA-LL-A5YO-DX1,2
5282,TCGA-LL-A5YO-DX1_xmin36631_ymin44396_MPP-0.2500+0:1:4,TCGA-LL-A5YO-DX1_xmin36631_ymin44396_MPP-0.2500+0,TCGA-LL-A5YO-DX1,2
5283,TCGA-LL-A5YO-DX1_xmin36631_ymin44396_MPP-0.2500+0:2:1,TCGA-LL-A5YO-DX1_xmin36631_ymin44396_MPP-0.2500+0,TCGA-LL-A5YO-DX1,2
5285,TCGA-LL-A5YO-DX1_xmin36631_ymin44396_MPP-0.2500+0:2:3,TCGA-LL-A5YO-DX1_xmin36631_ymin44396_MPP-0.2500+0,TCGA-LL-A5YO-DX1,2
5286,TCGA-LL-A5YO-DX1_xmin36631_ymin44396_MPP-0.2500+1:1:1,TCGA-LL-A5YO-DX1_xmin36631_ymin44396_MPP-0.2500+1,TCGA-LL-A5YO-DX1,2
5290,TCGA-LL-A5YO-DX1_xmin36631_ymin44396_MPP-0.2500+1:2:4,TCGA-LL-A5YO-DX1_xmin36631_ymin44396_MPP-0.2500+1,TCGA-LL-A5YO-DX1,2
5291,TCGA-LL-A5YO-DX1_xmin36631_ymin44396_MPP-0.2500+10:0:1,TCGA-LL-A5YO-DX1_xmin36631_ymin44396_MPP-0.2500+10,TCGA-LL-A5YO-DX1,2
5292,TCGA-LL-A5YO-DX1_xmin36631_ymin44396_MPP-0.2500+10:1:1,TCGA-LL-A5YO-DX1_xmin36631_ymin44396_MPP-0.2500+10,TCGA-LL-A5YO-DX1,2
5296,TCGA-LL-A5YO-DX1_xmin36631_ymin44396_MPP-0.2500+10:2:2,TCGA-LL-A5YO-DX1_xmin36631_ymin44396_MPP-0.2500+10,TCGA-LL-A5YO-DX1,2
5298,TCGA-LL-A5YO-DX1_xmin36631_ymin44396_MPP-0.2500+11:2:1,TCGA-LL-A5YO-DX1_xmin36631_ymin44396_MPP-0.2500+11,TCGA-LL-A5YO-DX1,2
5300,TCGA-LL-A5YO-DX1_xmin36631_ymin44396_MPP-0.2500+12:2:1,TCGA-LL-A5YO-DX1_xmin36631_ymin44396_MPP-0.2500+12,TCGA-LL-A5YO-DX1,2
5303,TCGA-LL-A5YO-DX1_xmin36631_ymin44396_MPP-0.2500+12:2:5,TCGA-LL-A5YO-DX1_xmin36631_ymin44396_MPP-0.2500+12,TCGA-LL-A5YO-DX1,2
5304,TCGA-LL-A5YO-DX1_xmin36631_ymin44396_MPP-0.2500+13:1:1,TCGA-LL-A5YO-DX1_xmin36631_ymin44396_MPP-0.2500+13,TCGA-LL-A5YO-DX1,2
5306,TCGA-LL-A5YO-DX1_xmin36631_ymin44396_MPP-0.2500+13:2:1,TCGA-LL-A5YO-DX1_xmin36631_ymin44396_MPP-0.2500+13,TCGA-LL-A5YO-DX1,2
5307,TCGA-LL-A5YO-DX1_xmin36631_ymin44396_MPP-0.2500+13:2:2,TCGA-LL-A5YO-DX1_xmin36631_ymin44396_MPP-0.2500+13,TCGA-LL-A5YO-DX1,2
5308,TCGA-LL-A5YO-DX1_xmin36631_ymin44396_MPP-0.2500+13:2:3,TCGA-LL-A5YO-DX1_xmin36631_ymin44396_MPP-0.2500+13,TCGA-LL-A5YO-DX1,2
5309,TCGA-LL-A5YO-DX1_xmin36631_ymin44396_MPP-0.2500+13:2:4,TCGA-LL-A5YO-DX1_xmin36631_ymin44396_MPP-0.2500+13,TCGA-LL-A5YO-DX1,2
5313,TCGA-LL-A5YO-DX1_xmin36631_ymin44396_MPP-0.2500+14:1:1,TCGA-LL-A5YO-DX1_xmin36631_ymin44396_MPP-0.2500+14,TCGA-LL-A5YO-DX1,2
5318,TCGA-LL-A5YO-DX1_xmin36631_ymin44396_MPP-0.2500+14:2:3,TCGA-LL-A5YO-DX1_xmin36631_ymin44396_MPP-0.2500+14,TCGA-LL-A5YO-DX1,2
5319,TCGA-LL-A5YO-DX1_xmin36631_ymin44396_MPP-0.2500+14:2:4,TCGA-LL-A5YO-DX1_xmin36631_ymin44396_MPP-0.2500+14,TCGA-LL-A5YO-DX1,2
5321,TCGA-LL-A5YO-DX1_xmin36631_ymin44396_MPP-0.2500+15:2:1,TCGA-LL-A5YO-DX1_xmin36631_ymin44396_MPP-0.2500+15,TCGA-LL-A5YO-DX1,2
5324,TCGA-LL-A5YO-DX1_xmin36631_ymin44396_MPP-0.2500+16:1:2,TCGA-LL-A5YO-DX1_xmin36631_ymin44396_MPP-0.2500+16,TCGA-LL-A5YO-DX1,2
5325,TCGA-LL-A5YO-DX1_xmin36631_ymin44396_MPP-0.2500+16:2:1,TCGA-LL-A5YO-DX1_xmin36631_ymin44396_MPP-0.2500+16,TCGA-LL-A5YO-DX1,2
5327,TCGA-LL-A5YO-DX1_xmin36631_ymin44396_MPP-0.2500+16:2:3,TCGA-LL-A5YO-DX1_xmin36631_ymin44396_MPP-0.2500+16,TCGA-LL-A5YO-DX1,2
5331,TCGA-LL-A5YO-DX1_xmin36631_ymin44396_MPP-0.2500+16:2:7,TCGA-LL-A5YO-DX1_xmin36631_ymin44396_MPP-0.2500+16,TCGA-LL-A5YO-DX1,2
5334,TCGA-LL-A5YO-DX1_xmin36631_ymin44396_MPP-0.2500+17:1:1,TCGA-LL-A5YO-DX1_xmin36631_ymin44396_MPP-0.2500+17,TCGA-LL-A5YO-DX1,2
5336,TCGA-LL-A5YO-DX1_xmin36631_ymin44396_MPP-0.2500+17:2:1,TCGA-LL-A5YO-DX1_xmin36631_ymin44396_MPP-0.2500+17,TCGA-LL-A5YO-DX1,2
5337,TCGA-LL-A5YO-DX1_xmin36631_ymin44396_MPP-0.2500+17:2:2,TCGA-LL-A5YO-DX1_xmin36631_ymin44396_MPP-0.2500+17,TCGA-LL-A5YO-DX1,2
5338,TCGA-LL-A5YO-DX1_xmin36631_ymin44396_MPP-0.2500+17:2:3,TCGA-LL-A5YO-DX1_xmin36631_ymin44396_MPP-0.2500+17,TCGA-LL-A5YO-DX1,2
5341,TCGA-LL-A5YO-DX1_xmin36631_ymin44396_MPP-0.2500+18:1:3,TCGA-LL-A5YO-DX1_xmin36631_ymin44396_MPP-0.2500+18,TCGA-LL-A5YO-DX1,2
5342,TCGA-LL-A5YO-DX1_xmin36631_ymin44396_MPP-0.2500+18:1:4,TCGA-LL-A5YO-DX1_xmin36631_ymin44396_MPP-0.2500+18,TCGA-LL-A5YO-DX1,2
5343,TCGA-LL-A5YO-DX1_xmin36631_ymin44396_MPP-0.2500+18:1:5,TCGA-LL-A5YO-DX1_xmin36631_ymin44396_MPP-0.2500+18,TCGA-LL-A5YO-DX1,2
5349,TCGA-LL-A5YO-DX1_xmin36631_ymin44396_MPP-0.2500+19:1:4,TCGA-LL-A5YO-DX1_xmin36631_ymin44396_MPP-0.2500+19,TCGA-LL-A5YO-DX1,2
5354,TCGA-LL-A5YO-DX1_xmin36631_ymin44396_MPP-0.2500+2:1:1,TCGA-LL-A5YO-DX1_xmin36631_ymin44396_MPP-0.2500+2,TCGA-LL-A5YO-DX1,2
5355,TCGA-LL-A5YO-DX1_xmin36631_ymin44396_MPP-0.2500+2:1:2,TCGA-LL-A5YO-DX1_xmin36631_ymin44396_MPP-0.2500+2,TCGA-LL-A5YO-DX1,2
5356,TCGA-LL-A5YO-DX1_xmin36631_ymin44396_MPP-0.2500+2:1:3,TCGA-LL-A5YO-DX1_xmin36631_ymin44396_MPP-0.2500+2,TCGA-LL-A5YO-DX1,2
5358,TCGA-LL-A5YO-DX1_xmin36631_ymin44396_MPP-0.2500+2:1:5,TCGA-LL-A5YO-DX1_xmin36631_ymin44396_MPP-0.2500+2,TCGA-LL-A5YO-DX1,2
5359,TCGA-LL-A5YO-DX1_xmin36631_ymin44396_MPP-0.2500+2:2:1,TCGA-LL-A5YO-DX1_xmin36631_ymin44396_MPP-0.2500+2,TCGA-LL-A5YO-DX1,2
5361,TCGA-LL-A5YO-DX1_xmin36631_ymin44396_MPP-0.2500+20:1:3,TCGA-LL-A5YO-DX1_xmin36631_ymin44396_MPP-0.2500+20,TCGA-LL-A5YO-DX1,2
5362,TCGA-LL-A5YO-DX1_xmin36631_ymin44396_MPP-0.2500+20:1:4,TCGA-LL-A5YO-DX1_xmin36631_ymin44396_MPP-0.2500+20,TCGA-LL-A5YO-DX1,2
5365,TCGA-LL-A5YO-DX1_xmin36631_ymin44396_MPP-0.2500+21:1:1,TCGA-LL-A5YO-DX1_xmin36631_ymin44396_MPP-0.2500+21,TCGA-LL-A5YO-DX1,2
5367,TCGA-LL-A5YO-DX1_xmin36631_ymin44396_MPP-0.2500+21:2:1,TCGA-LL-A5YO-DX1_xmin36631_ymin44396_MPP-0.2500+21,TCGA-LL-A5YO-DX1,2
5368,TCGA-LL-A5YO-DX1_xmin36631_ymin44396_MPP-0.2500+21:2:2,TCGA-LL-A5YO-DX1_xmin36631_ymin44396_MPP-0.2500+21,TCGA-LL-A5YO-DX1,2
5369,TCGA-LL-A5YO-DX1_xmin36631_ymin44396_MPP-0.2500+21:2:3,TCGA-LL-A5YO-DX1_xmin36631_ymin44396_MPP-0.2500+21,TCGA-LL-A5YO-DX1,2
5371,TCGA-LL-A5YO-DX1_xmin36631_ymin44396_MPP-0.2500+21:2:5,TCGA-LL-A5YO-DX1_xmin36631_ymin44396_MPP-0.2500+21,TCGA-LL-A5YO-DX1,2
5372,TCGA-LL-A5YO-DX1_xmin36631_ymin44396_MPP-0.2500+22:1:1,TCGA-LL-A5YO-DX1_xmin36631_ymin44396_MPP-0.2500+22,TCGA-LL-A5YO-DX1,2
5373,TCGA-LL-A5YO-DX1_xmin36631_ymin44396_MPP-0.2500+22:1:2,TCGA-LL-A5YO-DX1_xmin36631_ymin44396_MPP-0.2500+22,TCGA-LL-A5YO-DX1,2
5376,TCGA-LL-A5YO-DX1_xmin36631_ymin44396_MPP-0.2500+22:2:3,TCGA-LL-A5YO-DX1_xmin36631_ymin44396_MPP-0.2500+22,TCGA-LL-A5YO-DX1,2
5377,TCGA-LL-A5YO-DX1_xmin36631_ymin44396_MPP-0.2500+23:1:1,TCGA-LL-A5YO-DX1_xmin36631_ymin44396_MPP-0.2500+23,TCGA-LL-A5YO-DX1,2
5378,TCGA-LL-A5YO-DX1_xmin36631_ymin44396_MPP-0.2500+23:1:2,TCGA-LL-A5YO-DX1_xmin36631_ymin44396_MPP-0.2500+23,TCGA-LL-A5YO-DX1,2
5381,TCGA-LL-A5YO-DX1_xmin36631_ymin44396_MPP-0.2500+24:0:1,TCGA-LL-A5YO-DX1_xmin36631_ymin44396_MPP-0.2500+24,TCGA-LL-A5YO-DX1,2
5382,TCGA-LL-A5YO-DX1_xmin36631_ymin44396_MPP-0.2500+24:2:1,TCGA-LL-A5YO-DX1_xmin36631_ymin44396_MPP-0.2500+24,TCGA-LL-A5YO-DX1,2
5383,TCGA-LL-A5YO-DX1_xmin36631_ymin44396_MPP-0.2500+25:1:1,TCGA-LL-A5YO-DX1_xmin36631_ymin44396_MPP-0.2500+25,TCGA-LL-A5YO-DX1,2
5384,TCGA-LL-A5YO-DX1_xmin36631_ymin44396_MPP-0.2500+25:1:3,TCGA-LL-A5YO-DX1_xmin36631_ymin44396_MPP-0.2500+25,TCGA-LL-A5YO-DX1,2
5386,TCGA-LL-A5YO-DX1_xmin36631_ymin44396_MPP-0.2500+25:2:1,TCGA-LL-A5YO-DX1_xmin36631_ymin44396_MPP-0.2500+25,TCGA-LL-A5YO-DX1,2
5387,TCGA-LL-A5YO-DX1_xmin36631_ymin44396_MPP-0.2500+26:0:1,TCGA-LL-A5YO-DX1_xmin36631_ymin44396_MPP-0.2500+26,TCGA-LL-A5YO-DX1,2
5388,TCGA-LL-A5YO-DX1_xmin36631_ymin44396_MPP-0.2500+26:2:1,TCGA-LL-A5YO-DX1_xmin36631_ymin44396_MPP-0.2500+26,TCGA-LL-A5YO-DX1,2
5391,TCGA-LL-A5YO-DX1_xmin36631_ymin44396_MPP-0.2500+27:1:3,TCGA-LL-A5YO-DX1_xmin36631_ymin44396_MPP-0.2500+27,TCGA-LL-A5YO-DX1,2
5393,TCGA-LL-A5YO-DX1_xmin36631_ymin44396_MPP-0.2500+27:2:2,TCGA-LL-A5YO-DX1_xmin36631_ymin44396_MPP-0.2500+27,TCGA-LL-A5YO-DX1,2
5396,TCGA-LL-A5YO-DX1_xmin36631_ymin44396_MPP-0.2500+28:1:1,TCGA-LL-A5YO-DX1_xmin36631_ymin44396_MPP-0.2500+28,TCGA-LL-A5YO-DX1,2
5397,TCGA-LL-A5YO-DX1_xmin36631_ymin44396_MPP-0.2500+28:2:1,TCGA-LL-A5YO-DX1_xmin36631_ymin44396_MPP-0.2500+28,TCGA-LL-A5YO-DX1,2
5398,TCGA-LL-A5YO-DX1_xmin36631_ymin44396_MPP-0.2500+29:1:1,TCGA-LL-A5YO-DX1_xmin36631_ymin44396_MPP-0.2500+29,TCGA-LL-A5YO-DX1,2
5399,TCGA-LL-A5YO-DX1_xmin36631_ymin44396_MPP-0.2500+29:1:2,TCGA-LL-A5YO-DX1_xmin36631_ymin44396_MPP-0.2500+29,TCGA-LL-A5YO-DX1,2
5407,TCGA-LL-A5YO-DX1_xmin36631_ymin44396_MPP-0.2500+29:2:7,TCGA-LL-A5YO-DX1_xmin36631_ymin44396_MPP-0.2500+29,TCGA-LL-A5YO-DX1,2
5408,TCGA-LL-A5YO-DX1_xmin36631_ymin44396_MPP-0.2500+3:1:1,TCGA-LL-A5YO-DX1_xmin36631_ymin44396_MPP-0.2500+3,TCGA-LL-A5YO-DX1,2
5412,TCGA-LL-A5YO-DX1_xmin36631_ymin44396_MPP-0.2500+30:0:2,TCGA-LL-A5YO-DX1_xmin36631_ymin44396_MPP-0.2500+30,TCGA-LL-A5YO-DX1,2
5418,TCGA-LL-A5YO-DX1_xmin36631_ymin44396_MPP-0.2500+30:2:3,TCGA-LL-A5YO-DX1_xmin36631_ymin44396_MPP-0.2500+30,TCGA-LL-A5YO-DX1,2
5420,TCGA-LL-A5YO-DX1_xmin36631_ymin44396_MPP-0.2500+31:1:2,TCGA-LL-A5YO-DX1_xmin36631_ymin44396_MPP-0.2500+31,TCGA-LL-A5YO-DX1,2
5426,TCGA-LL-A5YO-DX1_xmin36631_ymin44396_MPP-0.2500+32:0:3,TCGA-LL-A5YO-DX1_xmin36631_ymin44396_MPP-0.2500+32,TCGA-LL-A5YO-DX1,2
5427,TCGA-LL-A5YO-DX1_xmin36631_ymin44396_MPP-0.2500+32:2:1,TCGA-LL-A5YO-DX1_xmin36631_ymin44396_MPP-0.2500+32,TCGA-LL-A5YO-DX1,2
5428,TCGA-LL-A5YO-DX1_xmin36631_ymin44396_MPP-0.2500+33:2:1,TCGA-LL-A5YO-DX1_xmin36631_ymin44396_MPP-0.2500+33,TCGA-LL-A5YO-DX1,2
5431,TCGA-LL-A5YO-DX1_xmin36631_ymin44396_MPP-0.2500+34:1:3,TCGA-LL-A5YO-DX1_xmin36631_ymin44396_MPP-0.2500+34,TCGA-LL-A5YO-DX1,2
5432,TCGA-LL-A5YO-DX1_xmin36631_ymin44396_MPP-0.2500+34:1:4,TCGA-LL-A5YO-DX1_xmin36631_ymin44396_MPP-0.2500+34,TCGA-LL-A5YO-DX1,2
5433,TCGA-LL-A5YO-DX1_xmin36631_ymin44396_MPP-0.2500+34:1:5,TCGA-LL-A5YO-DX1_xmin36631_ymin44396_MPP-0.2500+34,TCGA-LL-A5YO-DX1,2
5434,TCGA-LL-A5YO-DX1_xmin36631_ymin44396_MPP-0.2500+34:2:1,TCGA-LL-A5YO-DX1_xmin36631_ymin44396_MPP-0.2500+34,TCGA-LL-A5YO-DX1,2
5435,TCGA-LL-A5YO-DX1_xmin36631_ymin44396_MPP-0.2500+35:1:1,TCGA-LL-A5YO-DX1_xmin36631_ymin44396_MPP-0.2500+35,TCGA-LL-A5YO-DX1,2
5436,TCGA-LL-A5YO-DX1_xmin36631_ymin44396_MPP-0.2500+35:1:2,TCGA-LL-A5YO-DX1_xmin36631_ymin44396_MPP-0.2500+35,TCGA-LL-A5YO-DX1,2
5440,TCGA-LL-A5YO-DX1_xmin36631_ymin44396_MPP-0.2500+35:2:1,TCGA-LL-A5YO-DX1_xmin36631_ymin44396_MPP-0.2500+35,TCGA-LL-A5YO-DX1,2
5442,TCGA-LL-A5YO-DX1_xmin36631_ymin44396_MPP-0.2500+36:1:1,TCGA-LL-A5YO-DX1_xmin36631_ymin44396_MPP-0.2500+36,TCGA-LL-A5YO-DX1,2
5443,TCGA-LL-A5YO-DX1_xmin36631_ymin44396_MPP-0.2500+36:2:1,TCGA-LL-A5YO-DX1_xmin36631_ymin44396_MPP-0.2500+36,TCGA-LL-A5YO-DX1,2
5448,TCGA-LL-A5YO-DX1_xmin36631_ymin44396_MPP-0.2500+37:0:1,TCGA-LL-A5YO-DX1_xmin36631_ymin44396_MPP-0.2500+37,TCGA-LL-A5YO-DX1,2
5455,TCGA-LL-A5YO-DX1_xmin36631_ymin44396_MPP-0.2500+37:2:5,TCGA-LL-A5YO-DX1_xmin36631_ymin44396_MPP-0.2500+37,TCGA-LL-A5YO-DX1,2
5458,TCGA-LL-A5YO-DX1_xmin36631_ymin44396_MPP-0.2500+37:2:8,TCGA-LL-A5YO-DX1_xmin36631_ymin44396_MPP-0.2500+37,TCGA-LL-A5YO-DX1,2
5462,TCGA-LL-A5YO-DX1_xmin36631_ymin44396_MPP-0.2500+4:2:1,TCGA-LL-A5YO-DX1_xmin36631_ymin44396_MPP-0.2500+4,TCGA-LL-A5YO-DX1,2
5463,TCGA-LL-A5YO-DX1_xmin36631_ymin44396_MPP-0.2500+4:2:2,TCGA-LL-A5YO-DX1_xmin36631_ymin44396_MPP-0.2500+4,TCGA-LL-A5YO-DX1,2
5467,TCGA-LL-A5YO-DX1_xmin36631_ymin44396_MPP-0.2500+40:0:2,TCGA-LL-A5YO-DX1_xmin36631_ymin44396_MPP-0.2500+40,TCGA-LL-A5YO-DX1,2
5468,TCGA-LL-A5YO-DX1_xmin36631_ymin44396_MPP-0.2500+40:2:1,TCGA-LL-A5YO-DX1_xmin36631_ymin44396_MPP-0.2500+40,TCGA-LL-A5YO-DX1,2
5469,TCGA-LL-A5YO-DX1_xmin36631_ymin44396_MPP-0.2500+41:0:1,TCGA-LL-A5YO-DX1_xmin36631_ymin44396_MPP-0.2500+41,TCGA-LL-A5YO-DX1,2
5470,TCGA-LL-A5YO-DX1_xmin36631_ymin44396_MPP-0.2500+41:2:1,TCGA-LL-A5YO-DX1_xmin36631_ymin44396_MPP-0.2500+41,TCGA-LL-A5YO-DX1,2
5474,TCGA-LL-A5YO-DX1_xmin36631_ymin44396_MPP-0.2500+42:1:3,TCGA-LL-A5YO-DX1_xmin36631_ymin44396_MPP-0.2500+42,TCGA-LL-A5YO-DX1,2
5475,TCGA-LL-A5YO-DX1_xmin36631_ymin44396_MPP-0.2500+42:1:4,TCGA-LL-A5YO-DX1_xmin36631_ymin44396_MPP-0.2500+42,TCGA-LL-A5YO-DX1,2
5476,TCGA-LL-A5YO-DX1_xmin36631_ymin44396_MPP-0.2500+42:2:1,TCGA-LL-A5YO-DX1_xmin36631_ymin44396_MPP-0.2500+42,TCGA-LL-A5YO-DX1,2
5477,TCGA-LL-A5YO-DX1_xmin36631_ymin44396_MPP-0.2500+42:2:3,TCGA-LL-A5YO-DX1_xmin36631_ymin44396_MPP-0.2500+42,TCGA-LL-A5YO-DX1,2
5478,TCGA-LL-A5YO-DX1_xmin36631_ymin44396_MPP-0.2500+42:2:4,TCGA-LL-A5YO-DX1_xmin36631_ymin44396_MPP-0.2500+42,TCGA-LL-A5YO-DX1,2
5479,TCGA-LL-A5YO-DX1_xmin36631_ymin44396_MPP-0.2500+43:1:1,TCGA-LL-A5YO-DX1_xmin36631_ymin44396_MPP-0.2500+43,TCGA-LL-A5YO-DX1,2
5480,TCGA-LL-A5YO-DX1_xmin36631_ymin44396_MPP-0.2500+43:1:3,TCGA-LL-A5YO-DX1_xmin36631_ymin44396_MPP-0.2500+43,TCGA-LL-A5YO-DX1,2
5481,TCGA-LL-A5YO-DX1_xmin36631_ymin44396_MPP-0.2500+43:2:1,TCGA-LL-A5YO-DX1_xmin36631_ymin44396_MPP-0.2500+43,TCGA-LL-A5YO-DX1,2
5482,TCGA-LL-A5YO-DX1_xmin36631_ymin44396_MPP-0.2500+43:2:2,TCGA-LL-A5YO-DX1_xmin36631_ymin44396_MPP-0.2500+43,TCGA-LL-A5YO-DX1,2
5483,TCGA-LL-A5YO-DX1_xmin36631_ymin44396_MPP-0.2500+44:0:1,TCGA-LL-A5YO-DX1_xmin36631_ymin44396_MPP-0.2500+44,TCGA-LL-A5YO-DX1,2
5484,TCGA-LL-A5YO-DX1_xmin36631_ymin44396_MPP-0.2500+44:1:1,TCGA-LL-A5YO-DX1_xmin36631_ymin44396_MPP-0.2500+44,TCGA-LL-A5YO-DX1,2
5486,TCGA-LL-A5YO-DX1_xmin36631_ymin44396_MPP-0.2500+44:1:3,TCGA-LL-A5YO-DX1_xmin36631_ymin44396_MPP-0.2500+44,TCGA-LL-A5YO-DX1,2
5489,TCGA-LL-A5YO-DX1_xmin36631_ymin44396_MPP-0.2500+45:2:1,TCGA-LL-A5YO-DX1_xmin36631_ymin44396_MPP-0.2500+45,TCGA-LL-A5YO-DX1,2
5494,TCGA-LL-A5YO-DX1_xmin36631_ymin44396_MPP-0.2500+46:0:1,TCGA-LL-A5YO-DX1_xmin36631_ymin44396_MPP-0.2500+46,TCGA-LL-A5YO-DX1,2
5495,TCGA-LL-A5YO-DX1_xmin36631_ymin44396_MPP-0.2500+46:2:1,TCGA-LL-A5YO-DX1_xmin36631_ymin44396_MPP-0.2500+46,TCGA-LL-A5YO-DX1,2
5497,TCGA-LL-A5YO-DX1_xmin36631_ymin44396_MPP-0.2500+48:0:1,TCGA-LL-A5YO-DX1_xmin36631_ymin44396_MPP-0.2500+48,TCGA-LL-A5YO-DX1,2
5505,TCGA-LL-A5YO-DX1_xmin36631_ymin44396_MPP-0.2500+5:1:1,TCGA-LL-A5YO-DX1_xmin36631_ymin44396_MPP-0.2500+5,TCGA-LL-A5YO-DX1,2
5507,TCGA-LL-A5YO-DX1_xmin36631_ymin44396_MPP-0.2500+5:2:2,TCGA-LL-A5YO-DX1_xmin36631_ymin44396_MPP-0.2500+5,TCGA-LL-A5YO-DX1,2
5508,TCGA-LL-A5YO-DX1_xmin36631_ymin44396_MPP-0.2500+50:0:1,TCGA-LL-A5YO-DX1_xmin36631_ymin44396_MPP-0.2500+50,TCGA-LL-A5YO-DX1,2
5509,TCGA-LL-A5YO-DX1_xmin36631_ymin44396_MPP-0.2500+50:0:2,TCGA-LL-A5YO-DX1_xmin36631_ymin44396_MPP-0.2500+50,TCGA-LL-A5YO-DX1,2
5516,TCGA-LL-A5YO-DX1_xmin36631_ymin44396_MPP-0.2500+51:1:5,TCGA-LL-A5YO-DX1_xmin36631_ymin44396_MPP-0.2500+51,TCGA-LL-A5YO-DX1,2
5517,TCGA-LL-A5YO-DX1_xmin36631_ymin44396_MPP-0.2500+51:2:1,TCGA-LL-A5YO-DX1_xmin36631_ymin44396_MPP-0.2500+51,TCGA-LL-A5YO-DX1,2
5524,TCGA-LL-A5YO-DX1_xmin36631_ymin44396_MPP-0.2500+53:1:1,TCGA-LL-A5YO-DX1_xmin36631_ymin44396_MPP-0.2500+53,TCGA-LL-A5YO-DX1,2
5531,TCGA-LL-A5YO-DX1_xmin36631_ymin44396_MPP-0.2500+54:1:1,TCGA-LL-A5YO-DX1_xmin36631_ymin44396_MPP-0.2500+54,TCGA-LL-A5YO-DX1,2
5532,TCGA-LL-A5YO-DX1_xmin36631_ymin44396_MPP-0.2500+54:1:2,TCGA-LL-A5YO-DX1_xmin36631_ymin44396_MPP-0.2500+54,TCGA-LL-A5YO-DX1,2
5533,TCGA-LL-A5YO-DX1_xmin36631_ymin44396_MPP-0.2500+54:2:1,TCGA-LL-A5YO-DX1_xmin36631_ymin44396_MPP-0.2500+54,TCGA-LL-A5YO-DX1,2
5535,TCGA-LL-A5YO-DX1_xmin36631_ymin44396_MPP-0.2500+55:2:1,TCGA-LL-A5YO-DX1_xmin36631_ymin44396_MPP-0.2500+55,TCGA-LL-A5YO-DX1,2
5537,TCGA-LL-A5YO-DX1_xmin36631_ymin44396_MPP-0.2500+55:2:3,TCGA-LL-A5YO-DX1_xmin36631_ymin44396_MPP-0.2500+55,TCGA-LL-A5YO-DX1,2
5540,TCGA-LL-A5YO-DX1_xmin36631_ymin44396_MPP-0.2500+56:2:1,TCGA-LL-A5YO-DX1_xmin36631_ymin44396_MPP-0.2500+56,TCGA-LL-A5YO-DX1,2
5541,TCGA-LL-A5YO-DX1_xmin36631_ymin44396_MPP-0.2500+57:2:1,TCGA-LL-A5YO-DX1_xmin36631_ymin44396_MPP-0.2500+57,TCGA-LL-A5YO-DX1,2
5542,TCGA-LL-A5YO-DX1_xmin36631_ymin44396_MPP-0.2500+58:0:1,TCGA-LL-A5YO-DX1_xmin36631_ymin44396_MPP-0.2500+58,TCGA-LL-A5YO-DX1,2
5543,TCGA-LL-A5YO-DX1_xmin36631_ymin44396_MPP-0.2500+58:2:1,TCGA-LL-A5YO-DX1_xmin36631_ymin44396_MPP-0.2500+58,TCGA-LL-A5YO-DX1,2
5547,TCGA-LL-A5YO-DX1_xmin36631_ymin44396_MPP-0.2500+59:1:4,TCGA-LL-A5YO-DX1_xmin36631_ymin44396_MPP-0.2500+59,TCGA-LL-A5YO-DX1,2
5554,TCGA-LL-A5YO-DX1_xmin36631_ymin44396_MPP-0.2500+6:1:3,TCGA-LL-A5YO-DX1_xmin36631_ymin44396_MPP-0.2500+6,TCGA-LL-A5YO-DX1,2
5556,TCGA-LL-A5YO-DX1_xmin36631_ymin44396_MPP-0.2500+6:2:2,TCGA-LL-A5YO-DX1_xmin36631_ymin44396_MPP-0.2500+6,TCGA-LL-A5YO-DX1,2
5557,TCGA-LL-A5YO-DX1_xmin36631_ymin44396_MPP-0.2500+6:2:3,TCGA-LL-A5YO-DX1_xmin36631_ymin44396_MPP-0.2500+6,TCGA-LL-A5YO-DX1,2
5558,TCGA-LL-A5YO-DX1_xmin36631_ymin44396_MPP-0.2500+60:0:1,TCGA-LL-A5YO-DX1_xmin36631_ymin44396_MPP-0.2500+60,TCGA-LL-A5YO-DX1,2
5559,TCGA-LL-A5YO-DX1_xmin36631_ymin44396_MPP-0.2500+60:0:3,TCGA-LL-A5YO-DX1_xmin36631_ymin44396_MPP-0.2500+60,TCGA-LL-A5YO-DX1,2
5563,TCGA-LL-A5YO-DX1_xmin36631_ymin44396_MPP-0.2500+60:0:7,TCGA-LL-A5YO-DX1_xmin36631_ymin44396_MPP-0.2500+60,TCGA-LL-A5YO-DX1,2
5564,TCGA-LL-A5YO-DX1_xmin36631_ymin44396_MPP-0.2500+60:2:1,TCGA-LL-A5YO-DX1_xmin36631_ymin44396_MPP-0.2500+60,TCGA-LL-A5YO-DX1,2
5568,TCGA-LL-A5YO-DX1_xmin36631_ymin44396_MPP-0.2500+61:1:2,TCGA-LL-A5YO-DX1_xmin36631_ymin44396_MPP-0.2500+61,TCGA-LL-A5YO-DX1,2
5571,TCGA-LL-A5YO-DX1_xmin36631_ymin44396_MPP-0.2500+61:2:1,TCGA-LL-A5YO-DX1_xmin36631_ymin44396_MPP-0.2500+61,TCGA-LL-A5YO-DX1,2
5573,TCGA-LL-A5YO-DX1_xmin36631_ymin44396_MPP-0.2500+62:1:1,TCGA-LL-A5YO-DX1_xmin36631_ymin44396_MPP-0.2500+62,TCGA-LL-A5YO-DX1,2
5577,TCGA-LL-A5YO-DX1_xmin36631_ymin44396_MPP-0.2500+63:1:1,TCGA-LL-A5YO-DX1_xmin36631_ymin44396_MPP-0.2500+63,TCGA-LL-A5YO-DX1,2
5579,TCGA-LL-A5YO-DX1_xmin36631_ymin44396_MPP-0.2500+64:2:1,TCGA-LL-A5YO-DX1_xmin36631_ymin44396_MPP-0.2500+64,TCGA-LL-A5YO-DX1,2
5580,TCGA-LL-A5YO-DX1_xmin36631_ymin44396_MPP-0.2500+65:2:1,TCGA-LL-A5YO-DX1_xmin36631_ymin44396_MPP-0.2500+65,TCGA-LL-A5YO-DX1,2
5581,TCGA-LL-A5YO-DX1_xmin36631_ymin44396_MPP-0.2500+66:1:1,TCGA-LL-A5YO-DX1_xmin36631_ymin44396_MPP-0.2500+66,TCGA-LL-A5YO-DX1,2
5582,TCGA-LL-A5YO-DX1_xmin36631_ymin44396_MPP-0.2500+66:1:2,TCGA-LL-A5YO-DX1_xmin36631_ymin44396_MPP-0.2500+66,TCGA-LL-A5YO-DX1,2
5583,TCGA-LL-A5YO-DX1_xmin36631_ymin44396_MPP-0.2500+66:1:4,TCGA-LL-A5YO-DX1_xmin36631_ymin44396_MPP-0.2500+66,TCGA-LL-A5YO-DX1,2
5584,TCGA-LL-A5YO-DX1_xmin36631_ymin44396_MPP-0.2500+66:1:5,TCGA-LL-A5YO-DX1_xmin36631_ymin44396_MPP-0.2500+66,TCGA-LL-A5YO-DX1,2
5585,TCGA-LL-A5YO-DX1_xmin36631_ymin44396_MPP-0.2500+66:2:1,TCGA-LL-A5YO-DX1_xmin36631_ymin44396_MPP-0.2500+66,TCGA-LL-A5YO-DX1,2
5586,TCGA-LL-A5YO-DX1_xmin36631_ymin44396_MPP-0.2500+67:1:1,TCGA-LL-A5YO-DX1_xmin36631_ymin44396_MPP-0.2500+67,TCGA-LL-A5YO-DX1,2
5587,TCGA-LL-A5YO-DX1_xmin36631_ymin44396_MPP-0.2500+67:1:2,TCGA-LL-A5YO-DX1_xmin36631_ymin44396_MPP-0.2500+67,TCGA-LL-A5YO-DX1,2
5590,TCGA-LL-A5YO-DX1_xmin36631_ymin44396_MPP-0.2500+67:2:3,TCGA-LL-A5YO-DX1_xmin36631_ymin44396_MPP-0.2500+67,TCGA-LL-A5YO-DX1,2
5591,TCGA-LL-A5YO-DX1_xmin36631_ymin44396_MPP-0.2500+68:0:1,TCGA-LL-A5YO-DX1_xmin36631_ymin44396_MPP-0.2500+68,TCGA-LL-A5YO-DX1,2
5593,TCGA-LL-A5YO-DX1_xmin36631_ymin44396_MPP-0.2500+69:0:1,TCGA-LL-A5YO-DX1_xmin36631_ymin44396_MPP-0.2500+69,TCGA-LL-A5YO-DX1,2
5598,TCGA-LL-A5YO-DX1_xmin36631_ymin44396_MPP-0.2500+7:1:2,TCGA-LL-A5YO-DX1_xmin36631_ymin44396_MPP-0.2500+7,TCGA-LL-A5YO-DX1,2
5600,TCGA-LL-A5YO-DX1_xmin36631_ymin44396_MPP-0.2500+7:1:4,TCGA-LL-A5YO-DX1_xmin36631_ymin44396_MPP-0.2500+7,TCGA-LL-A5YO-DX1,2
5602,TCGA-LL-A5YO-DX1_xmin36631_ymin44396_MPP-0.2500+7:2:1,TCGA-LL-A5YO-DX1_xmin36631_ymin44396_MPP-0.2500+7,TCGA-LL-A5YO-DX1,2
5609,TCGA-LL-A5YO-DX1_xmin36631_ymin44396_MPP-0.2500+72:2:1,TCGA-LL-A5YO-DX1_xmin36631_ymin44396_MPP-0.2500+72,TCGA-LL-A5YO-DX1,2
5611,TCGA-LL-A5YO-DX1_xmin36631_ymin44396_MPP-0.2500+73:2:1,TCGA-LL-A5YO-DX1_xmin36631_ymin44396_MPP-0.2500+73,TCGA-LL-A5YO-DX1,2
5612,TCGA-LL-A5YO-DX1_xmin36631_ymin44396_MPP-0.2500+74:0:1,TCGA-LL-A5YO-DX1_xmin36631_ymin44396_MPP-0.2500+74,TCGA-LL-A5YO-DX1,2
5613,TCGA-LL-A5YO-DX1_xmin36631_ymin44396_MPP-0.2500+74:2:1,TCGA-LL-A5YO-DX1_xmin36631_ymin44396_MPP-0.2500+74,TCGA-LL-A5YO-DX1,2
5614,TCGA-LL-A5YO-DX1_xmin36631_ymin44396_MPP-0.2500+75:1:1,TCGA-LL-A5YO-DX1_xmin36631_ymin44396_MPP-0.2500+75,TCGA-LL-A5YO-DX1,2
5615,TCGA-LL-A5YO-DX1_xmin36631_ymin44396_MPP-0.2500+75:1:2,TCGA-LL-A5YO-DX1_xmin36631_ymin44396_MPP-0.2500+75,TCGA-LL-A5YO-DX1,2
5616,TCGA-LL-A5YO-DX1_xmin36631_ymin44396_MPP-0.2500+75:1:3,TCGA-LL-A5YO-DX1_xmin36631_ymin44396_MPP-0.2500+75,TCGA-LL-A5YO-DX1,2
5617,TCGA-LL-A5YO-DX1_xmin36631_ymin44396_MPP-0.2500+75:2:1,TCGA-LL-A5YO-DX1_xmin36631_ymin44396_MPP-0.2500+75,TCGA-LL-A5YO-DX1,2
5620,TCGA-LL-A5YO-DX1_xmin36631_ymin44396_MPP-0.2500+75:2:4,TCGA-LL-A5YO-DX1_xmin36631_ymin44396_MPP-0.2500+75,TCGA-LL-A5YO-DX1,2
5621,TCGA-LL-A5YO-DX1_xmin36631_ymin44396_MPP-0.2500+76:2:1,TCGA-LL-A5YO-DX1_xmin36631_ymin44396_MPP-0.2500+76,TCGA-LL-A5YO-DX1,2
5623,TCGA-LL-A5YO-DX1_xmin36631_ymin44396_MPP-0.2500+77:2:1,TCGA-LL-A5YO-DX1_xmin36631_ymin44396_MPP-0.2500+77,TCGA-LL-A5YO-DX1,2
5624,TCGA-LL-A5YO-DX1_xmin36631_ymin44396_MPP-0.2500+78:0:1,TCGA-LL-A5YO-DX1_xmin36631_ymin44396_MPP-0.2500+78,TCGA-LL-A5YO-DX1,2
5625,TCGA-LL-A5YO-DX1_xmin36631_ymin44396_MPP-0.2500+78:1:1,TCGA-LL-A5YO-DX1_xmin36631_ymin44396_MPP-0.2500+78,TCGA-LL-A5YO-DX1,2
5626,TCGA-LL-A5YO-DX1_xmin36631_ymin44396_MPP-0.2500+78:1:2,TCGA-LL-A5YO-DX1_xmin36631_ymin44396_MPP-0.2500+78,TCGA-LL-A5YO-DX1,2
5633,TCGA-LL-A5YO-DX1_xmin36631_ymin44396_MPP-0.2500+79:0:1,TCGA-LL-A5YO-DX1_xmin36631_ymin44396_MPP-0.2500+79,TCGA-LL-A5YO-DX1,2
5634,TCGA-LL-A5YO-DX1_xmin36631_ymin44396_MPP-0.2500+79:1:1,TCGA-LL-A5YO-DX1_xmin36631_ymin44396_MPP-0.2500+79,TCGA-LL-A5YO-DX1,2
5636,TCGA-LL-A5YO-DX1_xmin36631_ymin44396_MPP-0.2500+79:1:3,TCGA-LL-A5YO-DX1_xmin36631_ymin44396_MPP-0.2500+79,TCGA-LL-A5YO-DX1,2
5637,TCGA-LL-A5YO-DX1_xmin36631_ymin44396_MPP-0.2500+79:2:1,TCGA-LL-A5YO-DX1_xmin36631_ymin44396_MPP-0.2500+79,TCGA-LL-A5YO-DX1,2
5639,TCGA-LL-A5YO-DX1_xmin36631_ymin44396_MPP-0.2500+8:1:2,TCGA-LL-A5YO-DX1_xmin36631_ymin44396_MPP-0.2500+8,TCGA-LL-A5YO-DX1,2
5640,TCGA-LL-A5YO-DX1_xmin36631_ymin44396_MPP-0.2500+8:1:3,TCGA-LL-A5YO-DX1_xmin36631_ymin44396_MPP-0.2500+8,TCGA-LL-A5YO-DX1,2
5643,TCGA-LL-A5YO-DX1_xmin36631_ymin44396_MPP-0.2500+80:0:2,TCGA-LL-A5YO-DX1_xmin36631_ymin44396_MPP-0.2500+80,TCGA-LL-A5YO-DX1,2
5644,TCGA-LL-A5YO-DX1_xmin36631_ymin44396_MPP-0.2500+80:2:1,TCGA-LL-A5YO-DX1_xmin36631_ymin44396_MPP-0.2500+80,TCGA-LL-A5YO-DX1,2
5645,TCGA-LL-A5YO-DX1_xmin36631_ymin44396_MPP-0.2500+81:0:1,TCGA-LL-A5YO-DX1_xmin36631_ymin44396_MPP-0.2500+81,TCGA-LL-A5YO-DX1,2
5647,TCGA-LL-A5YO-DX1_xmin36631_ymin44396_MPP-0.2500+82:0:1,TCGA-LL-A5YO-DX1_xmin36631_ymin44396_MPP-0.2500+82,TCGA-LL-A5YO-DX1,2
5648,TCGA-LL-A5YO-DX1_xmin36631_ymin44396_MPP-0.2500+82:0:2,TCGA-LL-A5YO-DX1_xmin36631_ymin44396_MPP-0.2500+82,TCGA-LL-A5YO-DX1,2
5649,TCGA-LL-A5YO-DX1_xmin36631_ymin44396_MPP-0.2500+82:0:3,TCGA-LL-A5YO-DX1_xmin36631_ymin44396_MPP-0.2500+82,TCGA-LL-A5YO-DX1,2
5651,TCGA-LL-A5YO-DX1_xmin36631_ymin44396_MPP-0.2500+82:1:3,TCGA-LL-A5YO-DX1_xmin36631_ymin44396_MPP-0.2500+82,TCGA-LL-A5YO-DX1,2
5652,TCGA-LL-A5YO-DX1_xmin36631_ymin44396_MPP-0.2500+82:1:4,TCGA-LL-A5YO-DX1_xmin36631_ymin44396_MPP-0.2500+82,TCGA-LL-A5YO-DX1,2
5657,TCGA-LL-A5YO-DX1_xmin36631_ymin44396_MPP-0.2500+84:0:1,TCGA-LL-A5YO-DX1_xmin36631_ymin44396_MPP-0.2500+84,TCGA-LL-A5YO-DX1,2
5660,TCGA-LL-A5YO-DX1_xmin36631_ymin44396_MPP-0.2500+85:0:1,TCGA-LL-A5YO-DX1_xmin36631_ymin44396_MPP-0.2500+85,TCGA-LL-A5YO-DX1,2
5661,TCGA-LL-A5YO-DX1_xmin36631_ymin44396_MPP-0.2500+85:2:1,TCGA-LL-A5YO-DX1_xmin36631_ymin44396_MPP-0.2500+85,TCGA-LL-A5YO-DX1,2
5663,TCGA-LL-A5YO-DX1_xmin36631_ymin44396_MPP-0.2500+86:0:2,TCGA-LL-A5YO-DX1_xmin36631_ymin44396_MPP-0.2500+86,TCGA-LL-A5YO-DX1,2
5669,TCGA-LL-A5YO-DX1_xmin36631_ymin44396_MPP-0.2500+86:1:4,TCGA-LL-A5YO-DX1_xmin36631_ymin44396_MPP-0.2500+86,TCGA-LL-A5YO-DX1,2
5670,TCGA-LL-A5YO-DX1_xmin36631_ymin44396_MPP-0.2500+86:2:1,TCGA-LL-A5YO-DX1_xmin36631_ymin44396_MPP-0.2500+86,TCGA-LL-A5YO-DX1,2
5674,TCGA-LL-A5YO-DX1_xmin36631_ymin44396_MPP-0.2500+88:0:2,TCGA-LL-A5YO-DX1_xmin36631_ymin44396_MPP-0.2500+88,TCGA-LL-A5YO-DX1,2
5676,TCGA-LL-A5YO-DX1_xmin36631_ymin44396_MPP-0.2500+89:0:1,TCGA-LL-A5YO-DX1_xmin36631_ymin44396_MPP-0.2500+89,TCGA-LL-A5YO-DX1,2
5677,TCGA-LL-A5YO-DX1_xmin36631_ymin44396_MPP-0.2500+89:0:2,TCGA-LL-A5YO-DX1_xmin36631_ymin44396_MPP-0.2500+89,TCGA-LL-A5YO-DX1,2
5685,TCGA-LL-A5YO-DX1_xmin36631_ymin44396_MPP-0.2500+9:0:1,TCGA-LL-A5YO-DX1_xmin36631_ymin44396_MPP-0.2500+9,TCGA-LL-A5YO-DX1,2
5686,TCGA-LL-A5YO-DX1_xmin36631_ymin44396_MPP-0.2500+9:1:1,TCGA-LL-A5YO-DX1_xmin36631_ymin44396_MPP-0.2500+9,TCGA-LL-A5YO-DX1,2
5689,TCGA-LL-A5YO-DX1_xmin36631_ymin44396_MPP-0.2500+9:2:1,TCGA-LL-A5YO-DX1_xmin36631_ymin44396_MPP-0.2500+9,TCGA-LL-A5YO-DX1,2
5690,TCGA-LL-A5YO-DX1_xmin36631_ymin44396_MPP-0.2500+9:2:2,TCGA-LL-A5YO-DX1_xmin36631_ymin44396_MPP-0.2500+9,TCGA-LL-A5YO-DX1,2
5691,TCGA-LL-A5YO-DX1_xmin36631_ymin44396_MPP-0.2500+9:2:3,TCGA-LL-A5YO-DX1_xmin36631_ymin44396_MPP-0.2500+9,TCGA-LL-A5YO-DX1,2
5694,TCGA-LL-A5YO-DX1_xmin36631_ymin44396_MPP-0.2500+9:2:10,TCGA-LL-A5YO-DX1_xmin36631_ymin44396_MPP-0.2500+9,TCGA-LL-A5YO-DX1,2
5695,TCGA-LL-A5YO-DX1_xmin36631_ymin44396_MPP-0.2500+9:2:11,TCGA-LL-A5YO-DX1_xmin36631_ymin44396_MPP-0.2500+9,TCGA-LL-A5YO-DX1,2
5696,TCGA-LL-A5YO-DX1_xmin36631_ymin44396_MPP-0.2500+90:0:1,TCGA-LL-A5YO-DX1_xmin36631_ymin44396_MPP-0.2500+90,TCGA-LL-A5YO-DX1,2
5701,TCGA-LL-A5YO-DX1_xmin36631_ymin44396_MPP-0.2500+90:2:4,TCGA-LL-A5YO-DX1_xmin36631_ymin44396_MPP-0.2500+90,TCGA-LL-A5YO-DX1,2
5704,TCGA-LL-A5YO-DX1_xmin36631_ymin44396_MPP-0.2500+91:0:2,TCGA-LL-A5YO-DX1_xmin36631_ymin44396_MPP-0.2500+91,TCGA-LL-A5YO-DX1,2
5705,TCGA-LL-A5YO-DX1_xmin36631_ymin44396_MPP-0.2500+91:2:1,TCGA-LL-A5YO-DX1_xmin36631_ymin44396_MPP-0.2500+91,TCGA-LL-A5YO-DX1,2
5706,TCGA-LL-A5YO-DX1_xmin36631_ymin44396_MPP-0.2500+92:0:1,TCGA-LL-A5YO-DX1_xmin36631_ymin44396_MPP-0.2500+92,TCGA-LL-A5YO-DX1,2
5707,TCGA-LL-A5YO-DX1_xmin36631_ymin44396_MPP-0.2500+92:0:2,TCGA-LL-A5YO-DX1_xmin36631_ymin44396_MPP-0.2500+92,TCGA-LL-A5YO-DX1,2
5710,TCGA-LL-A5YO-DX1_xmin36631_ymin44396_MPP-0.2500+94:0:1,TCGA-LL-A5YO-DX1_xmin36631_ymin44396_MPP-0.2500+94,TCGA-LL-A5YO-DX1,2
5719,TCGA-LL-A5YO-DX1_xmin36631_ymin44396_MPP-0.2500+95:0:1,TCGA-LL-A5YO-DX1_xmin36631_ymin44396_MPP-0.2500+95,TCGA-LL-A5YO-DX1,2
5722,TCGA-LL-A5YO-DX1_xmin36631_ymin44396_MPP-0.2500+95:1:4,TCGA-LL-A5YO-DX1_xmin36631_ymin44396_MPP-0.2500+95,TCGA-LL-A5YO-DX1,2
5732,TCGA-LL-A73Y-DX1_xmin68117_ymin49445_MPP-0.2500+1:2:2,TCGA-LL-A73Y-DX1_xmin68117_ymin49445_MPP-0.2500+1,TCGA-LL-A73Y-DX1,1
5733,TCGA-LL-A73Y-DX1_xmin68117_ymin49445_MPP-0.2500+1:2:3,TCGA-LL-A73Y-DX1_xmin68117_ymin49445_MPP-0.2500+1,TCGA-LL-A73Y-DX1,1
5736,TCGA-LL-A73Y-DX1_xmin68117_ymin49445_MPP-0.2500+10:0:2,TCGA-LL-A73Y-DX1_xmin68117_ymin49445_MPP-0.2500+10,TCGA-LL-A73Y-DX1,1
5737,TCGA-LL-A73Y-DX1_xmin68117_ymin49445_MPP-0.2500+10:0:3,TCGA-LL-A73Y-DX1_xmin68117_ymin49445_MPP-0.2500+10,TCGA-LL-A73Y-DX1,1
5738,TCGA-LL-A73Y-DX1_xmin68117_ymin49445_MPP-0.2500+10:1:1,TCGA-LL-A73Y-DX1_xmin68117_ymin49445_MPP-0.2500+10,TCGA-LL-A73Y-DX1,1
5742,TCGA-LL-A73Y-DX1_xmin68117_ymin49445_MPP-0.2500+11:0:1,TCGA-LL-A73Y-DX1_xmin68117_ymin49445_MPP-0.2500+11,TCGA-LL-A73Y-DX1,1
5743,TCGA-LL-A73Y-DX1_xmin68117_ymin49445_MPP-0.2500+11:0:2,TCGA-LL-A73Y-DX1_xmin68117_ymin49445_MPP-0.2500+11,TCGA-LL-A73Y-DX1,1
5744,TCGA-LL-A73Y-DX1_xmin68117_ymin49445_MPP-0.2500+11:1:1,TCGA-LL-A73Y-DX1_xmin68117_ymin49445_MPP-0.2500+11,TCGA-LL-A73Y-DX1,1
5750,TCGA-LL-A73Y-DX1_xmin68117_ymin49445_MPP-0.2500+11:2:3,TCGA-LL-A73Y-DX1_xmin68117_ymin49445_MPP-0.2500+11,TCGA-LL-A73Y-DX1,1
5754,TCGA-LL-A73Y-DX1_xmin68117_ymin49445_MPP-0.2500+13:0:1,TCGA-LL-A73Y-DX1_xmin68117_ymin49445_MPP-0.2500+13,TCGA-LL-A73Y-DX1,1
5756,TCGA-LL-A73Y-DX1_xmin68117_ymin49445_MPP-0.2500+13:1:2,TCGA-LL-A73Y-DX1_xmin68117_ymin49445_MPP-0.2500+13,TCGA-LL-A73Y-DX1,1
5757,TCGA-LL-A73Y-DX1_xmin68117_ymin49445_MPP-0.2500+14:1:1,TCGA-LL-A73Y-DX1_xmin68117_ymin49445_MPP-0.2500+14,TCGA-LL-A73Y-DX1,1
5758,TCGA-LL-A73Y-DX1_xmin68117_ymin49445_MPP-0.2500+14:2:1,TCGA-LL-A73Y-DX1_xmin68117_ymin49445_MPP-0.2500+14,TCGA-LL-A73Y-DX1,1
5759,TCGA-LL-A73Y-DX1_xmin68117_ymin49445_MPP-0.2500+14:2:2,TCGA-LL-A73Y-DX1_xmin68117_ymin49445_MPP-0.2500+14,TCGA-LL-A73Y-DX1,1
5761,TCGA-LL-A73Y-DX1_xmin68117_ymin49445_MPP-0.2500+14:2:4,TCGA-LL-A73Y-DX1_xmin68117_ymin49445_MPP-0.2500+14,TCGA-LL-A73Y-DX1,1
5762,TCGA-LL-A73Y-DX1_xmin68117_ymin49445_MPP-0.2500+15:1:1,TCGA-LL-A73Y-DX1_xmin68117_ymin49445_MPP-0.2500+15,TCGA-LL-A73Y-DX1,1
5763,TCGA-LL-A73Y-DX1_xmin68117_ymin49445_MPP-0.2500+15:2:1,TCGA-LL-A73Y-DX1_xmin68117_ymin49445_MPP-0.2500+15,TCGA-LL-A73Y-DX1,1
5768,TCGA-LL-A73Y-DX1_xmin68117_ymin49445_MPP-0.2500+16:2:1,TCGA-LL-A73Y-DX1_xmin68117_ymin49445_MPP-0.2500+16,TCGA-LL-A73Y-DX1,1
5769,TCGA-LL-A73Y-DX1_xmin68117_ymin49445_MPP-0.2500+17:0:1,TCGA-LL-A73Y-DX1_xmin68117_ymin49445_MPP-0.2500+17,TCGA-LL-A73Y-DX1,1
5772,TCGA-LL-A73Y-DX1_xmin68117_ymin49445_MPP-0.2500+17:1:4,TCGA-LL-A73Y-DX1_xmin68117_ymin49445_MPP-0.2500+17,TCGA-LL-A73Y-DX1,1
5773,TCGA-LL-A73Y-DX1_xmin68117_ymin49445_MPP-0.2500+17:1:6,TCGA-LL-A73Y-DX1_xmin68117_ymin49445_MPP-0.2500+17,TCGA-LL-A73Y-DX1,1
5779,TCGA-LL-A73Y-DX1_xmin68117_ymin49445_MPP-0.2500+19:1:3,TCGA-LL-A73Y-DX1_xmin68117_ymin49445_MPP-0.2500+19,TCGA-LL-A73Y-DX1,1
5780,TCGA-LL-A73Y-DX1_xmin68117_ymin49445_MPP-0.2500+19:1:4,TCGA-LL-A73Y-DX1_xmin68117_ymin49445_MPP-0.2500+19,TCGA-LL-A73Y-DX1,1
5781,TCGA-LL-A73Y-DX1_xmin68117_ymin49445_MPP-0.2500+19:2:1,TCGA-LL-A73Y-DX1_xmin68117_ymin49445_MPP-0.2500+19,TCGA-LL-A73Y-DX1,1
5785,TCGA-LL-A73Y-DX1_xmin68117_ymin49445_MPP-0.2500+2:2:1,TCGA-LL-A73Y-DX1_xmin68117_ymin49445_MPP-0.2500+2,TCGA-LL-A73Y-DX1,1
5786,TCGA-LL-A73Y-DX1_xmin68117_ymin49445_MPP-0.2500+20:1:1,TCGA-LL-A73Y-DX1_xmin68117_ymin49445_MPP-0.2500+20,TCGA-LL-A73Y-DX1,1
5788,TCGA-LL-A73Y-DX1_xmin68117_ymin49445_MPP-0.2500+20:2:2,TCGA-LL-A73Y-DX1_xmin68117_ymin49445_MPP-0.2500+20,TCGA-LL-A73Y-DX1,1
5789,TCGA-LL-A73Y-DX1_xmin68117_ymin49445_MPP-0.2500+20:2:3,TCGA-LL-A73Y-DX1_xmin68117_ymin49445_MPP-0.2500+20,TCGA-LL-A73Y-DX1,1
5790,TCGA-LL-A73Y-DX1_xmin68117_ymin49445_MPP-0.2500+21:1:1,TCGA-LL-A73Y-DX1_xmin68117_ymin49445_MPP-0.2500+21,TCGA-LL-A73Y-DX1,1
5792,TCGA-LL-A73Y-DX1_xmin68117_ymin49445_MPP-0.2500+21:2:1,TCGA-LL-A73Y-DX1_xmin68117_ymin49445_MPP-0.2500+21,TCGA-LL-A73Y-DX1,1
5793,TCGA-LL-A73Y-DX1_xmin68117_ymin49445_MPP-0.2500+21:2:2,TCGA-LL-A73Y-DX1_xmin68117_ymin49445_MPP-0.2500+21,TCGA-LL-A73Y-DX1,1
5794,TCGA-LL-A73Y-DX1_xmin68117_ymin49445_MPP-0.2500+22:2:1,TCGA-LL-A73Y-DX1_xmin68117_ymin49445_MPP-0.2500+22,TCGA-LL-A73Y-DX1,1
5795,TCGA-LL-A73Y-DX1_xmin68117_ymin49445_MPP-0.2500+23:2:1,TCGA-LL-A73Y-DX1_xmin68117_ymin49445_MPP-0.2500+23,TCGA-LL-A73Y-DX1,1
5797,TCGA-LL-A73Y-DX1_xmin68117_ymin49445_MPP-0.2500+24:1:2,TCGA-LL-A73Y-DX1_xmin68117_ymin49445_MPP-0.2500+24,TCGA-LL-A73Y-DX1,1
5801,TCGA-LL-A73Y-DX1_xmin68117_ymin49445_MPP-0.2500+25:2:2,TCGA-LL-A73Y-DX1_xmin68117_ymin49445_MPP-0.2500+25,TCGA-LL-A73Y-DX1,1
5802,TCGA-LL-A73Y-DX1_xmin68117_ymin49445_MPP-0.2500+25:2:3,TCGA-LL-A73Y-DX1_xmin68117_ymin49445_MPP-0.2500+25,TCGA-LL-A73Y-DX1,1
5803,TCGA-LL-A73Y-DX1_xmin68117_ymin49445_MPP-0.2500+26:1:1,TCGA-LL-A73Y-DX1_xmin68117_ymin49445_MPP-0.2500+26,TCGA-LL-A73Y-DX1,1
5804,TCGA-LL-A73Y-DX1_xmin68117_ymin49445_MPP-0.2500+26:2:1,TCGA-LL-A73Y-DX1_xmin68117_ymin49445_MPP-0.2500+26,TCGA-LL-A73Y-DX1,1
5806,TCGA-LL-A73Y-DX1_xmin68117_ymin49445_MPP-0.2500+26:2:4,TCGA-LL-A73Y-DX1_xmin68117_ymin49445_MPP-0.2500+26,TCGA-LL-A73Y-DX1,1
5807,TCGA-LL-A73Y-DX1_xmin68117_ymin49445_MPP-0.2500+27:1:2,TCGA-LL-A73Y-DX1_xmin68117_ymin49445_MPP-0.2500+27,TCGA-LL-A73Y-DX1,1
5809,TCGA-LL-A73Y-DX1_xmin68117_ymin49445_MPP-0.2500+27:2:1,TCGA-LL-A73Y-DX1_xmin68117_ymin49445_MPP-0.2500+27,TCGA-LL-A73Y-DX1,1
5810,TCGA-LL-A73Y-DX1_xmin68117_ymin49445_MPP-0.2500+28:2:1,TCGA-LL-A73Y-DX1_xmin68117_ymin49445_MPP-0.2500+28,TCGA-LL-A73Y-DX1,1
5811,TCGA-LL-A73Y-DX1_xmin68117_ymin49445_MPP-0.2500+29:2:1,TCGA-LL-A73Y-DX1_xmin68117_ymin49445_MPP-0.2500+29,TCGA-LL-A73Y-DX1,1
5812,TCGA-LL-A73Y-DX1_xmin68117_ymin49445_MPP-0.2500+3:1:1,TCGA-LL-A73Y-DX1_xmin68117_ymin49445_MPP-0.2500+3,TCGA-LL-A73Y-DX1,1
5815,TCGA-LL-A73Y-DX1_xmin68117_ymin49445_MPP-0.2500+3:2:2,TCGA-LL-A73Y-DX1_xmin68117_ymin49445_MPP-0.2500+3,TCGA-LL-A73Y-DX1,1
5816,TCGA-LL-A73Y-DX1_xmin68117_ymin49445_MPP-0.2500+3:2:3,TCGA-LL-A73Y-DX1_xmin68117_ymin49445_MPP-0.2500+3,TCGA-LL-A73Y-DX1,1
5817,TCGA-LL-A73Y-DX1_xmin68117_ymin49445_MPP-0.2500+3:2:4,TCGA-LL-A73Y-DX1_xmin68117_ymin49445_MPP-0.2500+3,TCGA-LL-A73Y-DX1,1
5819,TCGA-LL-A73Y-DX1_xmin68117_ymin49445_MPP-0.2500+30:1:1,TCGA-LL-A73Y-DX1_xmin68117_ymin49445_MPP-0.2500+30,TCGA-LL-A73Y-DX1,1
5824,TCGA-LL-A73Y-DX1_xmin68117_ymin49445_MPP-0.2500+30:2:4,TCGA-LL-A73Y-DX1_xmin68117_ymin49445_MPP-0.2500+30,TCGA-LL-A73Y-DX1,1
5825,TCGA-LL-A73Y-DX1_xmin68117_ymin49445_MPP-0.2500+30:2:5,TCGA-LL-A73Y-DX1_xmin68117_ymin49445_MPP-0.2500+30,TCGA-LL-A73Y-DX1,1
5829,TCGA-LL-A73Y-DX1_xmin68117_ymin49445_MPP-0.2500+31:2:1,TCGA-LL-A73Y-DX1_xmin68117_ymin49445_MPP-0.2500+31,TCGA-LL-A73Y-DX1,1
5831,TCGA-LL-A73Y-DX1_xmin68117_ymin49445_MPP-0.2500+31:2:3,TCGA-LL-A73Y-DX1_xmin68117_ymin49445_MPP-0.2500+31,TCGA-LL-A73Y-DX1,1
5832,TCGA-LL-A73Y-DX1_xmin68117_ymin49445_MPP-0.2500+32:0:1,TCGA-LL-A73Y-DX1_xmin68117_ymin49445_MPP-0.2500+32,TCGA-LL-A73Y-DX1,1
5834,TCGA-LL-A73Y-DX1_xmin68117_ymin49445_MPP-0.2500+33:2:1,TCGA-LL-A73Y-DX1_xmin68117_ymin49445_MPP-0.2500+33,TCGA-LL-A73Y-DX1,1
5835,TCGA-LL-A73Y-DX1_xmin68117_ymin49445_MPP-0.2500+34:0:1,TCGA-LL-A73Y-DX1_xmin68117_ymin49445_MPP-0.2500+34,TCGA-LL-A73Y-DX1,1
5836,TCGA-LL-A73Y-DX1_xmin68117_ymin49445_MPP-0.2500+34:2:1,TCGA-LL-A73Y-DX1_xmin68117_ymin49445_MPP-0.2500+34,TCGA-LL-A73Y-DX1,1
5837,TCGA-LL-A73Y-DX1_xmin68117_ymin49445_MPP-0.2500+35:0:1,TCGA-LL-A73Y-DX1_xmin68117_ymin49445_MPP-0.2500+35,TCGA-LL-A73Y-DX1,1
5838,TCGA-LL-A73Y-DX1_xmin68117_ymin49445_MPP-0.2500+35:0:2,TCGA-LL-A73Y-DX1_xmin68117_ymin49445_MPP-0.2500+35,TCGA-LL-A73Y-DX1,1
5839,TCGA-LL-A73Y-DX1_xmin68117_ymin49445_MPP-0.2500+35:2:1,TCGA-LL-A73Y-DX1_xmin68117_ymin49445_MPP-0.2500+35,TCGA-LL-A73Y-DX1,1
5840,TCGA-LL-A73Y-DX1_xmin68117_ymin49445_MPP-0.2500+36:1:1,TCGA-LL-A73Y-DX1_xmin68117_ymin49445_MPP-0.2500+36,TCGA-LL-A73Y-DX1,1
5841,TCGA-LL-A73Y-DX1_xmin68117_ymin49445_MPP-0.2500+36:1:2,TCGA-LL-A73Y-DX1_xmin68117_ymin49445_MPP-0.2500+36,TCGA-LL-A73Y-DX1,1
5842,TCGA-LL-A73Y-DX1_xmin68117_ymin49445_MPP-0.2500+36:2:1,TCGA-LL-A73Y-DX1_xmin68117_ymin49445_MPP-0.2500+36,TCGA-LL-A73Y-DX1,1
5846,TCGA-LL-A73Y-DX1_xmin68117_ymin49445_MPP-0.2500+37:1:1,TCGA-LL-A73Y-DX1_xmin68117_ymin49445_MPP-0.2500+37,TCGA-LL-A73Y-DX1,1
5848,TCGA-LL-A73Y-DX1_xmin68117_ymin49445_MPP-0.2500+37:2:2,TCGA-LL-A73Y-DX1_xmin68117_ymin49445_MPP-0.2500+37,TCGA-LL-A73Y-DX1,1
5849,TCGA-LL-A73Y-DX1_xmin68117_ymin49445_MPP-0.2500+38:2:1,TCGA-LL-A73Y-DX1_xmin68117_ymin49445_MPP-0.2500+38,TCGA-LL-A73Y-DX1,1
5850,TCGA-LL-A73Y-DX1_xmin68117_ymin49445_MPP-0.2500+39:2:1,TCGA-LL-A73Y-DX1_xmin68117_ymin49445_MPP-0.2500+39,TCGA-LL-A73Y-DX1,1
5851,TCGA-LL-A73Y-DX1_xmin68117_ymin49445_MPP-0.2500+4:1:1,TCGA-LL-A73Y-DX1_xmin68117_ymin49445_MPP-0.2500+4,TCGA-LL-A73Y-DX1,1
5852,TCGA-LL-A73Y-DX1_xmin68117_ymin49445_MPP-0.2500+40:0:1,TCGA-LL-A73Y-DX1_xmin68117_ymin49445_MPP-0.2500+40,TCGA-LL-A73Y-DX1,1
5855,TCGA-LL-A73Y-DX1_xmin68117_ymin49445_MPP-0.2500+41:0:1,TCGA-LL-A73Y-DX1_xmin68117_ymin49445_MPP-0.2500+41,TCGA-LL-A73Y-DX1,1
5863,TCGA-LL-A73Y-DX1_xmin68117_ymin49445_MPP-0.2500+43:2:1,TCGA-LL-A73Y-DX1_xmin68117_ymin49445_MPP-0.2500+43,TCGA-LL-A73Y-DX1,1
5864,TCGA-LL-A73Y-DX1_xmin68117_ymin49445_MPP-0.2500+44:2:1,TCGA-LL-A73Y-DX1_xmin68117_ymin49445_MPP-0.2500+44,TCGA-LL-A73Y-DX1,1
5865,TCGA-LL-A73Y-DX1_xmin68117_ymin49445_MPP-0.2500+45:0:1,TCGA-LL-A73Y-DX1_xmin68117_ymin49445_MPP-0.2500+45,TCGA-LL-A73Y-DX1,1
5866,TCGA-LL-A73Y-DX1_xmin68117_ymin49445_MPP-0.2500+45:2:1,TCGA-LL-A73Y-DX1_xmin68117_ymin49445_MPP-0.2500+45,TCGA-LL-A73Y-DX1,1
5867,TCGA-LL-A73Y-DX1_xmin68117_ymin49445_MPP-0.2500+46:0:1,TCGA-LL-A73Y-DX1_xmin68117_ymin49445_MPP-0.2500+46,TCGA-LL-A73Y-DX1,1
5868,TCGA-LL-A73Y-DX1_xmin68117_ymin49445_MPP-0.2500+46:2:1,TCGA-LL-A73Y-DX1_xmin68117_ymin49445_MPP-0.2500+46,TCGA-LL-A73Y-DX1,1
5871,TCGA-LL-A73Y-DX1_xmin68117_ymin49445_MPP-0.2500+47:2:1,TCGA-LL-A73Y-DX1_xmin68117_ymin49445_MPP-0.2500+47,TCGA-LL-A73Y-DX1,1
5873,TCGA-LL-A73Y-DX1_xmin68117_ymin49445_MPP-0.2500+5:1:1,TCGA-LL-A73Y-DX1_xmin68117_ymin49445_MPP-0.2500+5,TCGA-LL-A73Y-DX1,1
5874,TCGA-LL-A73Y-DX1_xmin68117_ymin49445_MPP-0.2500+5:2:1,TCGA-LL-A73Y-DX1_xmin68117_ymin49445_MPP-0.2500+5,TCGA-LL-A73Y-DX1,1
5876,TCGA-LL-A73Y-DX1_xmin68117_ymin49445_MPP-0.2500+5:2:3,TCGA-LL-A73Y-DX1_xmin68117_ymin49445_MPP-0.2500+5,TCGA-LL-A73Y-DX1,1
5877,TCGA-LL-A73Y-DX1_xmin68117_ymin49445_MPP-0.2500+5:2:4,TCGA-LL-A73Y-DX1_xmin68117_ymin49445_MPP-0.2500+5,TCGA-LL-A73Y-DX1,1
5889,TCGA-LL-A73Y-DX1_xmin68117_ymin49445_MPP-0.2500+8:1:1,TCGA-LL-A73Y-DX1_xmin68117_ymin49445_MPP-0.2500+8,TCGA-LL-A73Y-DX1,1
5890,TCGA-LL-A73Y-DX1_xmin68117_ymin49445_MPP-0.2500+9:1:1,TCGA-LL-A73Y-DX1_xmin68117_ymin49445_MPP-0.2500+9,TCGA-LL-A73Y-DX1,1
5892,TCGA-LL-A73Y-DX1_xmin68117_ymin49445_MPP-0.2500+9:2:2,TCGA-LL-A73Y-DX1_xmin68117_ymin49445_MPP-0.2500+9,TCGA-LL-A73Y-DX1,1
5893,TCGA-LL-A73Y-DX1_xmin68117_ymin49445_MPP-0.2500+9:2:3,TCGA-LL-A73Y-DX1_xmin68117_ymin49445_MPP-0.2500+9,TCGA-LL-A73Y-DX1,1
5898,TCGA-LL-A73Y-DX1_xmin68117_ymin49445_MPP-0.2500+9:2:8,TCGA-LL-A73Y-DX1_xmin68117_ymin49445_MPP-0.2500+9,TCGA-LL-A73Y-DX1,1
5899,TCGA-LL-A73Y-DX1_xmin68117_ymin49445_MPP-0.2500+9:2:9,TCGA-LL-A73Y-DX1_xmin68117_ymin49445_MPP-0.2500+9,TCGA-LL-A73Y-DX1,1
5900,TCGA-LL-A740-DX1_xmin39436_ymin24080_MPP-0.2500+0:1:1,TCGA-LL-A740-DX1_xmin39436_ymin24080_MPP-0.2500+0,TCGA-LL-A740-DX1,4
5903,TCGA-LL-A740-DX1_xmin39436_ymin24080_MPP-0.2500+0:2:3,TCGA-LL-A740-DX1_xmin39436_ymin24080_MPP-0.2500+0,TCGA-LL-A740-DX1,4
5905,TCGA-LL-A740-DX1_xmin39436_ymin24080_MPP-0.2500+1:0:2,TCGA-LL-A740-DX1_xmin39436_ymin24080_MPP-0.2500+1,TCGA-LL-A740-DX1,4
5907,TCGA-LL-A740-DX1_xmin39436_ymin24080_MPP-0.2500+10:0:1,TCGA-LL-A740-DX1_xmin39436_ymin24080_MPP-0.2500+10,TCGA-LL-A740-DX1,4
5911,TCGA-LL-A740-DX1_xmin39436_ymin24080_MPP-0.2500+103:1:1,TCGA-LL-A740-DX1_xmin39436_ymin24080_MPP-0.2500+103,TCGA-LL-A740-DX1,4
5912,TCGA-LL-A740-DX1_xmin39436_ymin24080_MPP-0.2500+104:1:1,TCGA-LL-A740-DX1_xmin39436_ymin24080_MPP-0.2500+104,TCGA-LL-A740-DX1,4
5913,TCGA-LL-A740-DX1_xmin39436_ymin24080_MPP-0.2500+105:0:1,TCGA-LL-A740-DX1_xmin39436_ymin24080_MPP-0.2500+105,TCGA-LL-A740-DX1,4
5915,TCGA-LL-A740-DX1_xmin39436_ymin24080_MPP-0.2500+105:1:1,TCGA-LL-A740-DX1_xmin39436_ymin24080_MPP-0.2500+105,TCGA-LL-A740-DX1,4
5917,TCGA-LL-A740-DX1_xmin39436_ymin24080_MPP-0.2500+106:0:1,TCGA-LL-A740-DX1_xmin39436_ymin24080_MPP-0.2500+106,TCGA-LL-A740-DX1,4
5918,TCGA-LL-A740-DX1_xmin39436_ymin24080_MPP-0.2500+106:1:1,TCGA-LL-A740-DX1_xmin39436_ymin24080_MPP-0.2500+106,TCGA-LL-A740-DX1,4
5921,TCGA-LL-A740-DX1_xmin39436_ymin24080_MPP-0.2500+108:0:1,TCGA-LL-A740-DX1_xmin39436_ymin24080_MPP-0.2500+108,TCGA-LL-A740-DX1,4
5923,TCGA-LL-A740-DX1_xmin39436_ymin24080_MPP-0.2500+11:1:1,TCGA-LL-A740-DX1_xmin39436_ymin24080_MPP-0.2500+11,TCGA-LL-A740-DX1,4
5924,TCGA-LL-A740-DX1_xmin39436_ymin24080_MPP-0.2500+11:2:1,TCGA-LL-A740-DX1_xmin39436_ymin24080_MPP-0.2500+11,TCGA-LL-A740-DX1,4
5925,TCGA-LL-A740-DX1_xmin39436_ymin24080_MPP-0.2500+110:1:1,TCGA-LL-A740-DX1_xmin39436_ymin24080_MPP-0.2500+110,TCGA-LL-A740-DX1,4
5926,TCGA-LL-A740-DX1_xmin39436_ymin24080_MPP-0.2500+111:1:1,TCGA-LL-A740-DX1_xmin39436_ymin24080_MPP-0.2500+111,TCGA-LL-A740-DX1,4
5927,TCGA-LL-A740-DX1_xmin39436_ymin24080_MPP-0.2500+112:1:1,TCGA-LL-A740-DX1_xmin39436_ymin24080_MPP-0.2500+112,TCGA-LL-A740-DX1,4
5928,TCGA-LL-A740-DX1_xmin39436_ymin24080_MPP-0.2500+113:1:1,TCGA-LL-A740-DX1_xmin39436_ymin24080_MPP-0.2500+113,TCGA-LL-A740-DX1,4
5929,TCGA-LL-A740-DX1_xmin39436_ymin24080_MPP-0.2500+114:1:1,TCGA-LL-A740-DX1_xmin39436_ymin24080_MPP-0.2500+114,TCGA-LL-A740-DX1,4
5930,TCGA-LL-A740-DX1_xmin39436_ymin24080_MPP-0.2500+115:1:1,TCGA-LL-A740-DX1_xmin39436_ymin24080_MPP-0.2500+115,TCGA-LL-A740-DX1,4
5931,TCGA-LL-A740-DX1_xmin39436_ymin24080_MPP-0.2500+116:0:1,TCGA-LL-A740-DX1_xmin39436_ymin24080_MPP-0.2500+116,TCGA-LL-A740-DX1,4
5932,TCGA-LL-A740-DX1_xmin39436_ymin24080_MPP-0.2500+116:1:1,TCGA-LL-A740-DX1_xmin39436_ymin24080_MPP-0.2500+116,TCGA-LL-A740-DX1,4
5933,TCGA-LL-A740-DX1_xmin39436_ymin24080_MPP-0.2500+117:0:1,TCGA-LL-A740-DX1_xmin39436_ymin24080_MPP-0.2500+117,TCGA-LL-A740-DX1,4
5935,TCGA-LL-A740-DX1_xmin39436_ymin24080_MPP-0.2500+117:1:2,TCGA-LL-A740-DX1_xmin39436_ymin24080_MPP-0.2500+117,TCGA-LL-A740-DX1,4
5936,TCGA-LL-A740-DX1_xmin39436_ymin24080_MPP-0.2500+117:1:3,TCGA-LL-A740-DX1_xmin39436_ymin24080_MPP-0.2500+117,TCGA-LL-A740-DX1,4
5940,TCGA-LL-A740-DX1_xmin39436_ymin24080_MPP-0.2500+120:0:1,TCGA-LL-A740-DX1_xmin39436_ymin24080_MPP-0.2500+120,TCGA-LL-A740-DX1,4
5943,TCGA-LL-A740-DX1_xmin39436_ymin24080_MPP-0.2500+13:2:1,TCGA-LL-A740-DX1_xmin39436_ymin24080_MPP-0.2500+13,TCGA-LL-A740-DX1,4
5944,TCGA-LL-A740-DX1_xmin39436_ymin24080_MPP-0.2500+14:1:1,TCGA-LL-A740-DX1_xmin39436_ymin24080_MPP-0.2500+14,TCGA-LL-A740-DX1,4
5945,TCGA-LL-A740-DX1_xmin39436_ymin24080_MPP-0.2500+14:2:1,TCGA-LL-A740-DX1_xmin39436_ymin24080_MPP-0.2500+14,TCGA-LL-A740-DX1,4
5946,TCGA-LL-A740-DX1_xmin39436_ymin24080_MPP-0.2500+15:1:1,TCGA-LL-A740-DX1_xmin39436_ymin24080_MPP-0.2500+15,TCGA-LL-A740-DX1,4
5947,TCGA-LL-A740-DX1_xmin39436_ymin24080_MPP-0.2500+16:1:1,TCGA-LL-A740-DX1_xmin39436_ymin24080_MPP-0.2500+16,TCGA-LL-A740-DX1,4
5949,TCGA-LL-A740-DX1_xmin39436_ymin24080_MPP-0.2500+18:0:1,TCGA-LL-A740-DX1_xmin39436_ymin24080_MPP-0.2500+18,TCGA-LL-A740-DX1,4
5953,TCGA-LL-A740-DX1_xmin39436_ymin24080_MPP-0.2500+19:1:1,TCGA-LL-A740-DX1_xmin39436_ymin24080_MPP-0.2500+19,TCGA-LL-A740-DX1,4
5957,TCGA-LL-A740-DX1_xmin39436_ymin24080_MPP-0.2500+19:1:5,TCGA-LL-A740-DX1_xmin39436_ymin24080_MPP-0.2500+19,TCGA-LL-A740-DX1,4
5958,TCGA-LL-A740-DX1_xmin39436_ymin24080_MPP-0.2500+2:2:1,TCGA-LL-A740-DX1_xmin39436_ymin24080_MPP-0.2500+2,TCGA-LL-A740-DX1,4
5959,TCGA-LL-A740-DX1_xmin39436_ymin24080_MPP-0.2500+20:0:1,TCGA-LL-A740-DX1_xmin39436_ymin24080_MPP-0.2500+20,TCGA-LL-A740-DX1,4
5960,TCGA-LL-A740-DX1_xmin39436_ymin24080_MPP-0.2500+21:0:1,TCGA-LL-A740-DX1_xmin39436_ymin24080_MPP-0.2500+21,TCGA-LL-A740-DX1,4
5961,TCGA-LL-A740-DX1_xmin39436_ymin24080_MPP-0.2500+22:2:1,TCGA-LL-A740-DX1_xmin39436_ymin24080_MPP-0.2500+22,TCGA-LL-A740-DX1,4
5962,TCGA-LL-A740-DX1_xmin39436_ymin24080_MPP-0.2500+23:1:1,TCGA-LL-A740-DX1_xmin39436_ymin24080_MPP-0.2500+23,TCGA-LL-A740-DX1,4
5963,TCGA-LL-A740-DX1_xmin39436_ymin24080_MPP-0.2500+23:1:2,TCGA-LL-A740-DX1_xmin39436_ymin24080_MPP-0.2500+23,TCGA-LL-A740-DX1,4
5964,TCGA-LL-A740-DX1_xmin39436_ymin24080_MPP-0.2500+23:2:1,TCGA-LL-A740-DX1_xmin39436_ymin24080_MPP-0.2500+23,TCGA-LL-A740-DX1,4
5965,TCGA-LL-A740-DX1_xmin39436_ymin24080_MPP-0.2500+23:2:2,TCGA-LL-A740-DX1_xmin39436_ymin24080_MPP-0.2500+23,TCGA-LL-A740-DX1,4
5966,TCGA-LL-A740-DX1_xmin39436_ymin24080_MPP-0.2500+24:1:1,TCGA-LL-A740-DX1_xmin39436_ymin24080_MPP-0.2500+24,TCGA-LL-A740-DX1,4
5971,TCGA-LL-A740-DX1_xmin39436_ymin24080_MPP-0.2500+25:1:1,TCGA-LL-A740-DX1_xmin39436_ymin24080_MPP-0.2500+25,TCGA-LL-A740-DX1,4
5972,TCGA-LL-A740-DX1_xmin39436_ymin24080_MPP-0.2500+26:1:1,TCGA-LL-A740-DX1_xmin39436_ymin24080_MPP-0.2500+26,TCGA-LL-A740-DX1,4
5973,TCGA-LL-A740-DX1_xmin39436_ymin24080_MPP-0.2500+27:1:1,TCGA-LL-A740-DX1_xmin39436_ymin24080_MPP-0.2500+27,TCGA-LL-A740-DX1,4
5974,TCGA-LL-A740-DX1_xmin39436_ymin24080_MPP-0.2500+28:1:1,TCGA-LL-A740-DX1_xmin39436_ymin24080_MPP-0.2500+28,TCGA-LL-A740-DX1,4
5975,TCGA-LL-A740-DX1_xmin39436_ymin24080_MPP-0.2500+29:0:1,TCGA-LL-A740-DX1_xmin39436_ymin24080_MPP-0.2500+29,TCGA-LL-A740-DX1,4
5976,TCGA-LL-A740-DX1_xmin39436_ymin24080_MPP-0.2500+29:1:1,TCGA-LL-A740-DX1_xmin39436_ymin24080_MPP-0.2500+29,TCGA-LL-A740-DX1,4
5977,TCGA-LL-A740-DX1_xmin39436_ymin24080_MPP-0.2500+29:1:2,TCGA-LL-A740-DX1_xmin39436_ymin24080_MPP-0.2500+29,TCGA-LL-A740-DX1,4
5978,TCGA-LL-A740-DX1_xmin39436_ymin24080_MPP-0.2500+3:1:1,TCGA-LL-A740-DX1_xmin39436_ymin24080_MPP-0.2500+3,TCGA-LL-A740-DX1,4
5979,TCGA-LL-A740-DX1_xmin39436_ymin24080_MPP-0.2500+3:2:1,TCGA-LL-A740-DX1_xmin39436_ymin24080_MPP-0.2500+3,TCGA-LL-A740-DX1,4
5980,TCGA-LL-A740-DX1_xmin39436_ymin24080_MPP-0.2500+30:0:1,TCGA-LL-A740-DX1_xmin39436_ymin24080_MPP-0.2500+30,TCGA-LL-A740-DX1,4
5981,TCGA-LL-A740-DX1_xmin39436_ymin24080_MPP-0.2500+30:1:1,TCGA-LL-A740-DX1_xmin39436_ymin24080_MPP-0.2500+30,TCGA-LL-A740-DX1,4
5982,TCGA-LL-A740-DX1_xmin39436_ymin24080_MPP-0.2500+31:0:1,TCGA-LL-A740-DX1_xmin39436_ymin24080_MPP-0.2500+31,TCGA-LL-A740-DX1,4
5983,TCGA-LL-A740-DX1_xmin39436_ymin24080_MPP-0.2500+32:0:1,TCGA-LL-A740-DX1_xmin39436_ymin24080_MPP-0.2500+32,TCGA-LL-A740-DX1,4
5984,TCGA-LL-A740-DX1_xmin39436_ymin24080_MPP-0.2500+33:1:1,TCGA-LL-A740-DX1_xmin39436_ymin24080_MPP-0.2500+33,TCGA-LL-A740-DX1,4
5985,TCGA-LL-A740-DX1_xmin39436_ymin24080_MPP-0.2500+33:1:2,TCGA-LL-A740-DX1_xmin39436_ymin24080_MPP-0.2500+33,TCGA-LL-A740-DX1,4
5986,TCGA-LL-A740-DX1_xmin39436_ymin24080_MPP-0.2500+33:2:1,TCGA-LL-A740-DX1_xmin39436_ymin24080_MPP-0.2500+33,TCGA-LL-A740-DX1,4
5987,TCGA-LL-A740-DX1_xmin39436_ymin24080_MPP-0.2500+34:1:1,TCGA-LL-A740-DX1_xmin39436_ymin24080_MPP-0.2500+34,TCGA-LL-A740-DX1,4
5988,TCGA-LL-A740-DX1_xmin39436_ymin24080_MPP-0.2500+34:1:2,TCGA-LL-A740-DX1_xmin39436_ymin24080_MPP-0.2500+34,TCGA-LL-A740-DX1,4
5989,TCGA-LL-A740-DX1_xmin39436_ymin24080_MPP-0.2500+34:1:3,TCGA-LL-A740-DX1_xmin39436_ymin24080_MPP-0.2500+34,TCGA-LL-A740-DX1,4
5990,TCGA-LL-A740-DX1_xmin39436_ymin24080_MPP-0.2500+34:2:1,TCGA-LL-A740-DX1_xmin39436_ymin24080_MPP-0.2500+34,TCGA-LL-A740-DX1,4
5992,TCGA-LL-A740-DX1_xmin39436_ymin24080_MPP-0.2500+36:1:1,TCGA-LL-A740-DX1_xmin39436_ymin24080_MPP-0.2500+36,TCGA-LL-A740-DX1,4
5993,TCGA-LL-A740-DX1_xmin39436_ymin24080_MPP-0.2500+37:1:1,TCGA-LL-A740-DX1_xmin39436_ymin24080_MPP-0.2500+37,TCGA-LL-A740-DX1,4
5994,TCGA-LL-A740-DX1_xmin39436_ymin24080_MPP-0.2500+38:1:1,TCGA-LL-A740-DX1_xmin39436_ymin24080_MPP-0.2500+38,TCGA-LL-A740-DX1,4
5995,TCGA-LL-A740-DX1_xmin39436_ymin24080_MPP-0.2500+39:1:1,TCGA-LL-A740-DX1_xmin39436_ymin24080_MPP-0.2500+39,TCGA-LL-A740-DX1,4
5996,TCGA-LL-A740-DX1_xmin39436_ymin24080_MPP-0.2500+4:1:1,TCGA-LL-A740-DX1_xmin39436_ymin24080_MPP-0.2500+4,TCGA-LL-A740-DX1,4
5997,TCGA-LL-A740-DX1_xmin39436_ymin24080_MPP-0.2500+40:0:1,TCGA-LL-A740-DX1_xmin39436_ymin24080_MPP-0.2500+40,TCGA-LL-A740-DX1,4
5999,TCGA-LL-A740-DX1_xmin39436_ymin24080_MPP-0.2500+40:0:3,TCGA-LL-A740-DX1_xmin39436_ymin24080_MPP-0.2500+40,TCGA-LL-A740-DX1,4
6000,TCGA-LL-A740-DX1_xmin39436_ymin24080_MPP-0.2500+40:1:1,TCGA-LL-A740-DX1_xmin39436_ymin24080_MPP-0.2500+40,TCGA-LL-A740-DX1,4
6001,TCGA-LL-A740-DX1_xmin39436_ymin24080_MPP-0.2500+41:0:1,TCGA-LL-A740-DX1_xmin39436_ymin24080_MPP-0.2500+41,TCGA-LL-A740-DX1,4
6004,TCGA-LL-A740-DX1_xmin39436_ymin24080_MPP-0.2500+42:0:1,TCGA-LL-A740-DX1_xmin39436_ymin24080_MPP-0.2500+42,TCGA-LL-A740-DX1,4
6005,TCGA-LL-A740-DX1_xmin39436_ymin24080_MPP-0.2500+43:0:1,TCGA-LL-A740-DX1_xmin39436_ymin24080_MPP-0.2500+43,TCGA-LL-A740-DX1,4
6006,TCGA-LL-A740-DX1_xmin39436_ymin24080_MPP-0.2500+44:1:1,TCGA-LL-A740-DX1_xmin39436_ymin24080_MPP-0.2500+44,TCGA-LL-A740-DX1,4
6007,TCGA-LL-A740-DX1_xmin39436_ymin24080_MPP-0.2500+45:1:1,TCGA-LL-A740-DX1_xmin39436_ymin24080_MPP-0.2500+45,TCGA-LL-A740-DX1,4
6008,TCGA-LL-A740-DX1_xmin39436_ymin24080_MPP-0.2500+46:1:1,TCGA-LL-A740-DX1_xmin39436_ymin24080_MPP-0.2500+46,TCGA-LL-A740-DX1,4
6009,TCGA-LL-A740-DX1_xmin39436_ymin24080_MPP-0.2500+47:1:1,TCGA-LL-A740-DX1_xmin39436_ymin24080_MPP-0.2500+47,TCGA-LL-A740-DX1,4
6010,TCGA-LL-A740-DX1_xmin39436_ymin24080_MPP-0.2500+48:1:1,TCGA-LL-A740-DX1_xmin39436_ymin24080_MPP-0.2500+48,TCGA-LL-A740-DX1,4
6012,TCGA-LL-A740-DX1_xmin39436_ymin24080_MPP-0.2500+5:1:1,TCGA-LL-A740-DX1_xmin39436_ymin24080_MPP-0.2500+5,TCGA-LL-A740-DX1,4
6014,TCGA-LL-A740-DX1_xmin39436_ymin24080_MPP-0.2500+50:1:1,TCGA-LL-A740-DX1_xmin39436_ymin24080_MPP-0.2500+50,TCGA-LL-A740-DX1,4
6015,TCGA-LL-A740-DX1_xmin39436_ymin24080_MPP-0.2500+51:0:1,TCGA-LL-A740-DX1_xmin39436_ymin24080_MPP-0.2500+51,TCGA-LL-A740-DX1,4
6016,TCGA-LL-A740-DX1_xmin39436_ymin24080_MPP-0.2500+51:0:3,TCGA-LL-A740-DX1_xmin39436_ymin24080_MPP-0.2500+51,TCGA-LL-A740-DX1,4
6017,TCGA-LL-A740-DX1_xmin39436_ymin24080_MPP-0.2500+51:3:1,TCGA-LL-A740-DX1_xmin39436_ymin24080_MPP-0.2500+51,TCGA-LL-A740-DX1,4
6019,TCGA-LL-A740-DX1_xmin39436_ymin24080_MPP-0.2500+53:0:1,TCGA-LL-A740-DX1_xmin39436_ymin24080_MPP-0.2500+53,TCGA-LL-A740-DX1,4
6020,TCGA-LL-A740-DX1_xmin39436_ymin24080_MPP-0.2500+54:0:1,TCGA-LL-A740-DX1_xmin39436_ymin24080_MPP-0.2500+54,TCGA-LL-A740-DX1,4
6021,TCGA-LL-A740-DX1_xmin39436_ymin24080_MPP-0.2500+55:0:1,TCGA-LL-A740-DX1_xmin39436_ymin24080_MPP-0.2500+55,TCGA-LL-A740-DX1,4
6022,TCGA-LL-A740-DX1_xmin39436_ymin24080_MPP-0.2500+55:0:2,TCGA-LL-A740-DX1_xmin39436_ymin24080_MPP-0.2500+55,TCGA-LL-A740-DX1,4
6023,TCGA-LL-A740-DX1_xmin39436_ymin24080_MPP-0.2500+55:1:1,TCGA-LL-A740-DX1_xmin39436_ymin24080_MPP-0.2500+55,TCGA-LL-A740-DX1,4
6025,TCGA-LL-A740-DX1_xmin39436_ymin24080_MPP-0.2500+56:1:1,TCGA-LL-A740-DX1_xmin39436_ymin24080_MPP-0.2500+56,TCGA-LL-A740-DX1,4
6026,TCGA-LL-A740-DX1_xmin39436_ymin24080_MPP-0.2500+57:1:1,TCGA-LL-A740-DX1_xmin39436_ymin24080_MPP-0.2500+57,TCGA-LL-A740-DX1,4
6027,TCGA-LL-A740-DX1_xmin39436_ymin24080_MPP-0.2500+58:1:1,TCGA-LL-A740-DX1_xmin39436_ymin24080_MPP-0.2500+58,TCGA-LL-A740-DX1,4
6028,TCGA-LL-A740-DX1_xmin39436_ymin24080_MPP-0.2500+59:1:1,TCGA-LL-A740-DX1_xmin39436_ymin24080_MPP-0.2500+59,TCGA-LL-A740-DX1,4
6030,TCGA-LL-A740-DX1_xmin39436_ymin24080_MPP-0.2500+60:1:1,TCGA-LL-A740-DX1_xmin39436_ymin24080_MPP-0.2500+60,TCGA-LL-A740-DX1,4
6031,TCGA-LL-A740-DX1_xmin39436_ymin24080_MPP-0.2500+61:1:1,TCGA-LL-A740-DX1_xmin39436_ymin24080_MPP-0.2500+61,TCGA-LL-A740-DX1,4
6032,TCGA-LL-A740-DX1_xmin39436_ymin24080_MPP-0.2500+61:1:2,TCGA-LL-A740-DX1_xmin39436_ymin24080_MPP-0.2500+61,TCGA-LL-A740-DX1,4
6033,TCGA-LL-A740-DX1_xmin39436_ymin24080_MPP-0.2500+61:3:1,TCGA-LL-A740-DX1_xmin39436_ymin24080_MPP-0.2500+61,TCGA-LL-A740-DX1,4
6034,TCGA-LL-A740-DX1_xmin39436_ymin24080_MPP-0.2500+61:3:2,TCGA-LL-A740-DX1_xmin39436_ymin24080_MPP-0.2500+61,TCGA-LL-A740-DX1,4
6035,TCGA-LL-A740-DX1_xmin39436_ymin24080_MPP-0.2500+62:0:1,TCGA-LL-A740-DX1_xmin39436_ymin24080_MPP-0.2500+62,TCGA-LL-A740-DX1,4
6038,TCGA-LL-A740-DX1_xmin39436_ymin24080_MPP-0.2500+62:3:1,TCGA-LL-A740-DX1_xmin39436_ymin24080_MPP-0.2500+62,TCGA-LL-A740-DX1,4
6039,TCGA-LL-A740-DX1_xmin39436_ymin24080_MPP-0.2500+62:3:2,TCGA-LL-A740-DX1_xmin39436_ymin24080_MPP-0.2500+62,TCGA-LL-A740-DX1,4
6040,TCGA-LL-A740-DX1_xmin39436_ymin24080_MPP-0.2500+63:0:1,TCGA-LL-A740-DX1_xmin39436_ymin24080_MPP-0.2500+63,TCGA-LL-A740-DX1,4
6041,TCGA-LL-A740-DX1_xmin39436_ymin24080_MPP-0.2500+64:0:1,TCGA-LL-A740-DX1_xmin39436_ymin24080_MPP-0.2500+64,TCGA-LL-A740-DX1,4
6043,TCGA-LL-A740-DX1_xmin39436_ymin24080_MPP-0.2500+64:1:1,TCGA-LL-A740-DX1_xmin39436_ymin24080_MPP-0.2500+64,TCGA-LL-A740-DX1,4
6045,TCGA-LL-A740-DX1_xmin39436_ymin24080_MPP-0.2500+65:1:1,TCGA-LL-A740-DX1_xmin39436_ymin24080_MPP-0.2500+65,TCGA-LL-A740-DX1,4
6046,TCGA-LL-A740-DX1_xmin39436_ymin24080_MPP-0.2500+65:1:2,TCGA-LL-A740-DX1_xmin39436_ymin24080_MPP-0.2500+65,TCGA-LL-A740-DX1,4
6047,TCGA-LL-A740-DX1_xmin39436_ymin24080_MPP-0.2500+65:1:3,TCGA-LL-A740-DX1_xmin39436_ymin24080_MPP-0.2500+65,TCGA-LL-A740-DX1,4
6048,TCGA-LL-A740-DX1_xmin39436_ymin24080_MPP-0.2500+65:1:4,TCGA-LL-A740-DX1_xmin39436_ymin24080_MPP-0.2500+65,TCGA-LL-A740-DX1,4
6049,TCGA-LL-A740-DX1_xmin39436_ymin24080_MPP-0.2500+66:1:1,TCGA-LL-A740-DX1_xmin39436_ymin24080_MPP-0.2500+66,TCGA-LL-A740-DX1,4
6050,TCGA-LL-A740-DX1_xmin39436_ymin24080_MPP-0.2500+67:1:1,TCGA-LL-A740-DX1_xmin39436_ymin24080_MPP-0.2500+67,TCGA-LL-A740-DX1,4
6051,TCGA-LL-A740-DX1_xmin39436_ymin24080_MPP-0.2500+68:1:1,TCGA-LL-A740-DX1_xmin39436_ymin24080_MPP-0.2500+68,TCGA-LL-A740-DX1,4
6052,TCGA-LL-A740-DX1_xmin39436_ymin24080_MPP-0.2500+69:1:1,TCGA-LL-A740-DX1_xmin39436_ymin24080_MPP-0.2500+69,TCGA-LL-A740-DX1,4
6053,TCGA-LL-A740-DX1_xmin39436_ymin24080_MPP-0.2500+7:1:1,TCGA-LL-A740-DX1_xmin39436_ymin24080_MPP-0.2500+7,TCGA-LL-A740-DX1,4
6054,TCGA-LL-A740-DX1_xmin39436_ymin24080_MPP-0.2500+70:1:1,TCGA-LL-A740-DX1_xmin39436_ymin24080_MPP-0.2500+70,TCGA-LL-A740-DX1,4
6055,TCGA-LL-A740-DX1_xmin39436_ymin24080_MPP-0.2500+71:1:1,TCGA-LL-A740-DX1_xmin39436_ymin24080_MPP-0.2500+71,TCGA-LL-A740-DX1,4
6056,TCGA-LL-A740-DX1_xmin39436_ymin24080_MPP-0.2500+72:0:1,TCGA-LL-A740-DX1_xmin39436_ymin24080_MPP-0.2500+72,TCGA-LL-A740-DX1,4
6057,TCGA-LL-A740-DX1_xmin39436_ymin24080_MPP-0.2500+72:1:1,TCGA-LL-A740-DX1_xmin39436_ymin24080_MPP-0.2500+72,TCGA-LL-A740-DX1,4
6060,TCGA-LL-A740-DX1_xmin39436_ymin24080_MPP-0.2500+73:0:1,TCGA-LL-A740-DX1_xmin39436_ymin24080_MPP-0.2500+73,TCGA-LL-A740-DX1,4
6062,TCGA-LL-A740-DX1_xmin39436_ymin24080_MPP-0.2500+73:3:2,TCGA-LL-A740-DX1_xmin39436_ymin24080_MPP-0.2500+73,TCGA-LL-A740-DX1,4
6065,TCGA-LL-A740-DX1_xmin39436_ymin24080_MPP-0.2500+75:0:2,TCGA-LL-A740-DX1_xmin39436_ymin24080_MPP-0.2500+75,TCGA-LL-A740-DX1,4
6066,TCGA-LL-A740-DX1_xmin39436_ymin24080_MPP-0.2500+75:0:3,TCGA-LL-A740-DX1_xmin39436_ymin24080_MPP-0.2500+75,TCGA-LL-A740-DX1,4
6067,TCGA-LL-A740-DX1_xmin39436_ymin24080_MPP-0.2500+75:1:1,TCGA-LL-A740-DX1_xmin39436_ymin24080_MPP-0.2500+75,TCGA-LL-A740-DX1,4
6069,TCGA-LL-A740-DX1_xmin39436_ymin24080_MPP-0.2500+76:0:3,TCGA-LL-A740-DX1_xmin39436_ymin24080_MPP-0.2500+76,TCGA-LL-A740-DX1,4
6070,TCGA-LL-A740-DX1_xmin39436_ymin24080_MPP-0.2500+76:1:1,TCGA-LL-A740-DX1_xmin39436_ymin24080_MPP-0.2500+76,TCGA-LL-A740-DX1,4
6071,TCGA-LL-A740-DX1_xmin39436_ymin24080_MPP-0.2500+76:1:2,TCGA-LL-A740-DX1_xmin39436_ymin24080_MPP-0.2500+76,TCGA-LL-A740-DX1,4
6073,TCGA-LL-A740-DX1_xmin39436_ymin24080_MPP-0.2500+77:1:1,TCGA-LL-A740-DX1_xmin39436_ymin24080_MPP-0.2500+77,TCGA-LL-A740-DX1,4
6074,TCGA-LL-A740-DX1_xmin39436_ymin24080_MPP-0.2500+78:1:1,TCGA-LL-A740-DX1_xmin39436_ymin24080_MPP-0.2500+78,TCGA-LL-A740-DX1,4
6075,TCGA-LL-A740-DX1_xmin39436_ymin24080_MPP-0.2500+79:1:1,TCGA-LL-A740-DX1_xmin39436_ymin24080_MPP-0.2500+79,TCGA-LL-A740-DX1,4
6076,TCGA-LL-A740-DX1_xmin39436_ymin24080_MPP-0.2500+8:0:1,TCGA-LL-A740-DX1_xmin39436_ymin24080_MPP-0.2500+8,TCGA-LL-A740-DX1,4
6077,TCGA-LL-A740-DX1_xmin39436_ymin24080_MPP-0.2500+8:0:2,TCGA-LL-A740-DX1_xmin39436_ymin24080_MPP-0.2500+8,TCGA-LL-A740-DX1,4
6078,TCGA-LL-A740-DX1_xmin39436_ymin24080_MPP-0.2500+8:1:1,TCGA-LL-A740-DX1_xmin39436_ymin24080_MPP-0.2500+8,TCGA-LL-A740-DX1,4
6079,TCGA-LL-A740-DX1_xmin39436_ymin24080_MPP-0.2500+80:1:1,TCGA-LL-A740-DX1_xmin39436_ymin24080_MPP-0.2500+80,TCGA-LL-A740-DX1,4
6082,TCGA-LL-A740-DX1_xmin39436_ymin24080_MPP-0.2500+83:0:1,TCGA-LL-A740-DX1_xmin39436_ymin24080_MPP-0.2500+83,TCGA-LL-A740-DX1,4
6083,TCGA-LL-A740-DX1_xmin39436_ymin24080_MPP-0.2500+83:1:1,TCGA-LL-A740-DX1_xmin39436_ymin24080_MPP-0.2500+83,TCGA-LL-A740-DX1,4
6084,TCGA-LL-A740-DX1_xmin39436_ymin24080_MPP-0.2500+83:1:2,TCGA-LL-A740-DX1_xmin39436_ymin24080_MPP-0.2500+83,TCGA-LL-A740-DX1,4
6085,TCGA-LL-A740-DX1_xmin39436_ymin24080_MPP-0.2500+83:1:3,TCGA-LL-A740-DX1_xmin39436_ymin24080_MPP-0.2500+83,TCGA-LL-A740-DX1,4
6086,TCGA-LL-A740-DX1_xmin39436_ymin24080_MPP-0.2500+84:0:1,TCGA-LL-A740-DX1_xmin39436_ymin24080_MPP-0.2500+84,TCGA-LL-A740-DX1,4
6088,TCGA-LL-A740-DX1_xmin39436_ymin24080_MPP-0.2500+86:0:1,TCGA-LL-A740-DX1_xmin39436_ymin24080_MPP-0.2500+86,TCGA-LL-A740-DX1,4
6090,TCGA-LL-A740-DX1_xmin39436_ymin24080_MPP-0.2500+87:1:1,TCGA-LL-A740-DX1_xmin39436_ymin24080_MPP-0.2500+87,TCGA-LL-A740-DX1,4
6091,TCGA-LL-A740-DX1_xmin39436_ymin24080_MPP-0.2500+88:1:1,TCGA-LL-A740-DX1_xmin39436_ymin24080_MPP-0.2500+88,TCGA-LL-A740-DX1,4
6093,TCGA-LL-A740-DX1_xmin39436_ymin24080_MPP-0.2500+9:0:1,TCGA-LL-A740-DX1_xmin39436_ymin24080_MPP-0.2500+9,TCGA-LL-A740-DX1,4
6095,TCGA-LL-A740-DX1_xmin39436_ymin24080_MPP-0.2500+90:1:1,TCGA-LL-A740-DX1_xmin39436_ymin24080_MPP-0.2500+90,TCGA-LL-A740-DX1,4
6096,TCGA-LL-A740-DX1_xmin39436_ymin24080_MPP-0.2500+91:1:1,TCGA-LL-A740-DX1_xmin39436_ymin24080_MPP-0.2500+91,TCGA-LL-A740-DX1,4
6098,TCGA-LL-A740-DX1_xmin39436_ymin24080_MPP-0.2500+93:1:1,TCGA-LL-A740-DX1_xmin39436_ymin24080_MPP-0.2500+93,TCGA-LL-A740-DX1,4
6099,TCGA-LL-A740-DX1_xmin39436_ymin24080_MPP-0.2500+94:0:1,TCGA-LL-A740-DX1_xmin39436_ymin24080_MPP-0.2500+94,TCGA-LL-A740-DX1,4
6100,TCGA-LL-A740-DX1_xmin39436_ymin24080_MPP-0.2500+94:0:2,TCGA-LL-A740-DX1_xmin39436_ymin24080_MPP-0.2500+94,TCGA-LL-A740-DX1,4
6101,TCGA-LL-A740-DX1_xmin39436_ymin24080_MPP-0.2500+94:1:1,TCGA-LL-A740-DX1_xmin39436_ymin24080_MPP-0.2500+94,TCGA-LL-A740-DX1,4
6102,TCGA-LL-A740-DX1_xmin39436_ymin24080_MPP-0.2500+94:1:3,TCGA-LL-A740-DX1_xmin39436_ymin24080_MPP-0.2500+94,TCGA-LL-A740-DX1,4
6104,TCGA-LL-A740-DX1_xmin39436_ymin24080_MPP-0.2500+95:0:1,TCGA-LL-A740-DX1_xmin39436_ymin24080_MPP-0.2500+95,TCGA-LL-A740-DX1,4
6105,TCGA-LL-A740-DX1_xmin39436_ymin24080_MPP-0.2500+95:0:2,TCGA-LL-A740-DX1_xmin39436_ymin24080_MPP-0.2500+95,TCGA-LL-A740-DX1,4
6106,TCGA-LL-A740-DX1_xmin39436_ymin24080_MPP-0.2500+95:3:1,TCGA-LL-A740-DX1_xmin39436_ymin24080_MPP-0.2500+95,TCGA-LL-A740-DX1,4
6110,TCGA-LL-A740-DX1_xmin39436_ymin24080_MPP-0.2500+97:1:2,TCGA-LL-A740-DX1_xmin39436_ymin24080_MPP-0.2500+97,TCGA-LL-A740-DX1,4
6111,TCGA-LL-A740-DX1_xmin39436_ymin24080_MPP-0.2500+97:3:1,TCGA-LL-A740-DX1_xmin39436_ymin24080_MPP-0.2500+97,TCGA-LL-A740-DX1,4
6112,TCGA-LL-A740-DX1_xmin39436_ymin24080_MPP-0.2500+98:0:1,TCGA-LL-A740-DX1_xmin39436_ymin24080_MPP-0.2500+98,TCGA-LL-A740-DX1,4
6113,TCGA-LL-A740-DX1_xmin39436_ymin24080_MPP-0.2500+98:0:2,TCGA-LL-A740-DX1_xmin39436_ymin24080_MPP-0.2500+98,TCGA-LL-A740-DX1,4
6114,TCGA-LL-A740-DX1_xmin39436_ymin24080_MPP-0.2500+98:0:3,TCGA-LL-A740-DX1_xmin39436_ymin24080_MPP-0.2500+98,TCGA-LL-A740-DX1,4
6115,TCGA-LL-A740-DX1_xmin39436_ymin24080_MPP-0.2500+98:1:1,TCGA-LL-A740-DX1_xmin39436_ymin24080_MPP-0.2500+98,TCGA-LL-A740-DX1,4
6117,TCGA-LL-A740-DX1_xmin39436_ymin24080_MPP-0.2500+99:1:1,TCGA-LL-A740-DX1_xmin39436_ymin24080_MPP-0.2500+99,TCGA-LL-A740-DX1,4
6118,TCGA-OL-A5D6-DX1_xmin115108_ymin40554_MPP-0.2500+0:0:1,TCGA-OL-A5D6-DX1_xmin115108_ymin40554_MPP-0.2500+0,TCGA-OL-A5D6-DX1,0
6121,TCGA-OL-A5D6-DX1_xmin115108_ymin40554_MPP-0.2500+1:0:2,TCGA-OL-A5D6-DX1_xmin115108_ymin40554_MPP-0.2500+1,TCGA-OL-A5D6-DX1,0
6122,TCGA-OL-A5D6-DX1_xmin115108_ymin40554_MPP-0.2500+1:3:1,TCGA-OL-A5D6-DX1_xmin115108_ymin40554_MPP-0.2500+1,TCGA-OL-A5D6-DX1,0
6127,TCGA-OL-A5D6-DX1_xmin115108_ymin40554_MPP-0.2500+12:1:2,TCGA-OL-A5D6-DX1_xmin115108_ymin40554_MPP-0.2500+12,TCGA-OL-A5D6-DX1,0
6128,TCGA-OL-A5D6-DX1_xmin115108_ymin40554_MPP-0.2500+13:0:1,TCGA-OL-A5D6-DX1_xmin115108_ymin40554_MPP-0.2500+13,TCGA-OL-A5D6-DX1,0
6129,TCGA-OL-A5D6-DX1_xmin115108_ymin40554_MPP-0.2500+14:0:1,TCGA-OL-A5D6-DX1_xmin115108_ymin40554_MPP-0.2500+14,TCGA-OL-A5D6-DX1,0
6132,TCGA-OL-A5D6-DX1_xmin115108_ymin40554_MPP-0.2500+15:0:2,TCGA-OL-A5D6-DX1_xmin115108_ymin40554_MPP-0.2500+15,TCGA-OL-A5D6-DX1,0
6133,TCGA-OL-A5D6-DX1_xmin115108_ymin40554_MPP-0.2500+15:1:1,TCGA-OL-A5D6-DX1_xmin115108_ymin40554_MPP-0.2500+15,TCGA-OL-A5D6-DX1,0
6135,TCGA-OL-A5D6-DX1_xmin115108_ymin40554_MPP-0.2500+16:0:2,TCGA-OL-A5D6-DX1_xmin115108_ymin40554_MPP-0.2500+16,TCGA-OL-A5D6-DX1,0
6136,TCGA-OL-A5D6-DX1_xmin115108_ymin40554_MPP-0.2500+16:0:3,TCGA-OL-A5D6-DX1_xmin115108_ymin40554_MPP-0.2500+16,TCGA-OL-A5D6-DX1,0
6139,TCGA-OL-A5D6-DX1_xmin115108_ymin40554_MPP-0.2500+17:0:3,TCGA-OL-A5D6-DX1_xmin115108_ymin40554_MPP-0.2500+17,TCGA-OL-A5D6-DX1,0
6142,TCGA-OL-A5D6-DX1_xmin115108_ymin40554_MPP-0.2500+18:0:1,TCGA-OL-A5D6-DX1_xmin115108_ymin40554_MPP-0.2500+18,TCGA-OL-A5D6-DX1,0
6143,TCGA-OL-A5D6-DX1_xmin115108_ymin40554_MPP-0.2500+18:0:2,TCGA-OL-A5D6-DX1_xmin115108_ymin40554_MPP-0.2500+18,TCGA-OL-A5D6-DX1,0
6146,TCGA-OL-A5D6-DX1_xmin115108_ymin40554_MPP-0.2500+19:0:1,TCGA-OL-A5D6-DX1_xmin115108_ymin40554_MPP-0.2500+19,TCGA-OL-A5D6-DX1,0
6151,TCGA-OL-A5D6-DX1_xmin115108_ymin40554_MPP-0.2500+2:0:1,TCGA-OL-A5D6-DX1_xmin115108_ymin40554_MPP-0.2500+2,TCGA-OL-A5D6-DX1,0
6152,TCGA-OL-A5D6-DX1_xmin115108_ymin40554_MPP-0.2500+2:0:2,TCGA-OL-A5D6-DX1_xmin115108_ymin40554_MPP-0.2500+2,TCGA-OL-A5D6-DX1,0
6158,TCGA-OL-A5D6-DX1_xmin115108_ymin40554_MPP-0.2500+20:3:1,TCGA-OL-A5D6-DX1_xmin115108_ymin40554_MPP-0.2500+20,TCGA-OL-A5D6-DX1,0
6159,TCGA-OL-A5D6-DX1_xmin115108_ymin40554_MPP-0.2500+21:0:1,TCGA-OL-A5D6-DX1_xmin115108_ymin40554_MPP-0.2500+21,TCGA-OL-A5D6-DX1,0
6160,TCGA-OL-A5D6-DX1_xmin115108_ymin40554_MPP-0.2500+21:0:2,TCGA-OL-A5D6-DX1_xmin115108_ymin40554_MPP-0.2500+21,TCGA-OL-A5D6-DX1,0
6164,TCGA-OL-A5D6-DX1_xmin115108_ymin40554_MPP-0.2500+23:0:1,TCGA-OL-A5D6-DX1_xmin115108_ymin40554_MPP-0.2500+23,TCGA-OL-A5D6-DX1,0
6165,TCGA-OL-A5D6-DX1_xmin115108_ymin40554_MPP-0.2500+24:0:1,TCGA-OL-A5D6-DX1_xmin115108_ymin40554_MPP-0.2500+24,TCGA-OL-A5D6-DX1,0
6166,TCGA-OL-A5D6-DX1_xmin115108_ymin40554_MPP-0.2500+24:1:1,TCGA-OL-A5D6-DX1_xmin115108_ymin40554_MPP-0.2500+24,TCGA-OL-A5D6-DX1,0
6167,TCGA-OL-A5D6-DX1_xmin115108_ymin40554_MPP-0.2500+25:0:2,TCGA-OL-A5D6-DX1_xmin115108_ymin40554_MPP-0.2500+25,TCGA-OL-A5D6-DX1,0
6168,TCGA-OL-A5D6-DX1_xmin115108_ymin40554_MPP-0.2500+25:1:1,TCGA-OL-A5D6-DX1_xmin115108_ymin40554_MPP-0.2500+25,TCGA-OL-A5D6-DX1,0
6172,TCGA-OL-A5D6-DX1_xmin115108_ymin40554_MPP-0.2500+26:0:4,TCGA-OL-A5D6-DX1_xmin115108_ymin40554_MPP-0.2500+26,TCGA-OL-A5D6-DX1,0
6173,TCGA-OL-A5D6-DX1_xmin115108_ymin40554_MPP-0.2500+26:0:5,TCGA-OL-A5D6-DX1_xmin115108_ymin40554_MPP-0.2500+26,TCGA-OL-A5D6-DX1,0
6176,TCGA-OL-A5D6-DX1_xmin115108_ymin40554_MPP-0.2500+27:0:1,TCGA-OL-A5D6-DX1_xmin115108_ymin40554_MPP-0.2500+27,TCGA-OL-A5D6-DX1,0
6177,TCGA-OL-A5D6-DX1_xmin115108_ymin40554_MPP-0.2500+27:0:2,TCGA-OL-A5D6-DX1_xmin115108_ymin40554_MPP-0.2500+27,TCGA-OL-A5D6-DX1,0
6178,TCGA-OL-A5D6-DX1_xmin115108_ymin40554_MPP-0.2500+27:0:3,TCGA-OL-A5D6-DX1_xmin115108_ymin40554_MPP-0.2500+27,TCGA-OL-A5D6-DX1,0
6179,TCGA-OL-A5D6-DX1_xmin115108_ymin40554_MPP-0.2500+27:0:4,TCGA-OL-A5D6-DX1_xmin115108_ymin40554_MPP-0.2500+27,TCGA-OL-A5D6-DX1,0
6181,TCGA-OL-A5D6-DX1_xmin115108_ymin40554_MPP-0.2500+28:0:1,TCGA-OL-A5D6-DX1_xmin115108_ymin40554_MPP-0.2500+28,TCGA-OL-A5D6-DX1,0
6182,TCGA-OL-A5D6-DX1_xmin115108_ymin40554_MPP-0.2500+29:0:1,TCGA-OL-A5D6-DX1_xmin115108_ymin40554_MPP-0.2500+29,TCGA-OL-A5D6-DX1,0
6183,TCGA-OL-A5D6-DX1_xmin115108_ymin40554_MPP-0.2500+29:0:2,TCGA-OL-A5D6-DX1_xmin115108_ymin40554_MPP-0.2500+29,TCGA-OL-A5D6-DX1,0
6186,TCGA-OL-A5D6-DX1_xmin115108_ymin40554_MPP-0.2500+3:0:1,TCGA-OL-A5D6-DX1_xmin115108_ymin40554_MPP-0.2500+3,TCGA-OL-A5D6-DX1,0
6189,TCGA-OL-A5D6-DX1_xmin115108_ymin40554_MPP-0.2500+30:1:2,TCGA-OL-A5D6-DX1_xmin115108_ymin40554_MPP-0.2500+30,TCGA-OL-A5D6-DX1,0
6190,TCGA-OL-A5D6-DX1_xmin115108_ymin40554_MPP-0.2500+30:1:3,TCGA-OL-A5D6-DX1_xmin115108_ymin40554_MPP-0.2500+30,TCGA-OL-A5D6-DX1,0
6191,TCGA-OL-A5D6-DX1_xmin115108_ymin40554_MPP-0.2500+30:3:1,TCGA-OL-A5D6-DX1_xmin115108_ymin40554_MPP-0.2500+30,TCGA-OL-A5D6-DX1,0
6192,TCGA-OL-A5D6-DX1_xmin115108_ymin40554_MPP-0.2500+31:0:1,TCGA-OL-A5D6-DX1_xmin115108_ymin40554_MPP-0.2500+31,TCGA-OL-A5D6-DX1,0
6193,TCGA-OL-A5D6-DX1_xmin115108_ymin40554_MPP-0.2500+31:0:2,TCGA-OL-A5D6-DX1_xmin115108_ymin40554_MPP-0.2500+31,TCGA-OL-A5D6-DX1,0
6197,TCGA-OL-A5D6-DX1_xmin115108_ymin40554_MPP-0.2500+32:0:1,TCGA-OL-A5D6-DX1_xmin115108_ymin40554_MPP-0.2500+32,TCGA-OL-A5D6-DX1,0
6198,TCGA-OL-A5D6-DX1_xmin115108_ymin40554_MPP-0.2500+32:0:2,TCGA-OL-A5D6-DX1_xmin115108_ymin40554_MPP-0.2500+32,TCGA-OL-A5D6-DX1,0
6200,TCGA-OL-A5D6-DX1_xmin115108_ymin40554_MPP-0.2500+33:0:1,TCGA-OL-A5D6-DX1_xmin115108_ymin40554_MPP-0.2500+33,TCGA-OL-A5D6-DX1,0
6202,TCGA-OL-A5D6-DX1_xmin115108_ymin40554_MPP-0.2500+33:1:1,TCGA-OL-A5D6-DX1_xmin115108_ymin40554_MPP-0.2500+33,TCGA-OL-A5D6-DX1,0
6203,TCGA-OL-A5D6-DX1_xmin115108_ymin40554_MPP-0.2500+34:1:1,TCGA-OL-A5D6-DX1_xmin115108_ymin40554_MPP-0.2500+34,TCGA-OL-A5D6-DX1,0
6204,TCGA-OL-A5D6-DX1_xmin115108_ymin40554_MPP-0.2500+35:1:1,TCGA-OL-A5D6-DX1_xmin115108_ymin40554_MPP-0.2500+35,TCGA-OL-A5D6-DX1,0
6207,TCGA-OL-A5D6-DX1_xmin115108_ymin40554_MPP-0.2500+36:0:3,TCGA-OL-A5D6-DX1_xmin115108_ymin40554_MPP-0.2500+36,TCGA-OL-A5D6-DX1,0
6208,TCGA-OL-A5D6-DX1_xmin115108_ymin40554_MPP-0.2500+36:1:1,TCGA-OL-A5D6-DX1_xmin115108_ymin40554_MPP-0.2500+36,TCGA-OL-A5D6-DX1,0
6210,TCGA-OL-A5D6-DX1_xmin115108_ymin40554_MPP-0.2500+37:0:3,TCGA-OL-A5D6-DX1_xmin115108_ymin40554_MPP-0.2500+37,TCGA-OL-A5D6-DX1,0
6211,TCGA-OL-A5D6-DX1_xmin115108_ymin40554_MPP-0.2500+37:1:1,TCGA-OL-A5D6-DX1_xmin115108_ymin40554_MPP-0.2500+37,TCGA-OL-A5D6-DX1,0
6212,TCGA-OL-A5D6-DX1_xmin115108_ymin40554_MPP-0.2500+38:0:1,TCGA-OL-A5D6-DX1_xmin115108_ymin40554_MPP-0.2500+38,TCGA-OL-A5D6-DX1,0
6213,TCGA-OL-A5D6-DX1_xmin115108_ymin40554_MPP-0.2500+39:0:1,TCGA-OL-A5D6-DX1_xmin115108_ymin40554_MPP-0.2500+39,TCGA-OL-A5D6-DX1,0
6214,TCGA-OL-A5D6-DX1_xmin115108_ymin40554_MPP-0.2500+39:0:2,TCGA-OL-A5D6-DX1_xmin115108_ymin40554_MPP-0.2500+39,TCGA-OL-A5D6-DX1,0
6218,TCGA-OL-A5D6-DX1_xmin115108_ymin40554_MPP-0.2500+39:1:6,TCGA-OL-A5D6-DX1_xmin115108_ymin40554_MPP-0.2500+39,TCGA-OL-A5D6-DX1,0
6219,TCGA-OL-A5D6-DX1_xmin115108_ymin40554_MPP-0.2500+4:0:1,TCGA-OL-A5D6-DX1_xmin115108_ymin40554_MPP-0.2500+4,TCGA-OL-A5D6-DX1,0
6220,TCGA-OL-A5D6-DX1_xmin115108_ymin40554_MPP-0.2500+40:3:1,TCGA-OL-A5D6-DX1_xmin115108_ymin40554_MPP-0.2500+40,TCGA-OL-A5D6-DX1,0
6223,TCGA-OL-A5D6-DX1_xmin115108_ymin40554_MPP-0.2500+42:0:1,TCGA-OL-A5D6-DX1_xmin115108_ymin40554_MPP-0.2500+42,TCGA-OL-A5D6-DX1,0
6224,TCGA-OL-A5D6-DX1_xmin115108_ymin40554_MPP-0.2500+43:0:1,TCGA-OL-A5D6-DX1_xmin115108_ymin40554_MPP-0.2500+43,TCGA-OL-A5D6-DX1,0
6225,TCGA-OL-A5D6-DX1_xmin115108_ymin40554_MPP-0.2500+44:0:1,TCGA-OL-A5D6-DX1_xmin115108_ymin40554_MPP-0.2500+44,TCGA-OL-A5D6-DX1,0
6227,TCGA-OL-A5D6-DX1_xmin115108_ymin40554_MPP-0.2500+44:1:1,TCGA-OL-A5D6-DX1_xmin115108_ymin40554_MPP-0.2500+44,TCGA-OL-A5D6-DX1,0
6228,TCGA-OL-A5D6-DX1_xmin115108_ymin40554_MPP-0.2500+45:1:1,TCGA-OL-A5D6-DX1_xmin115108_ymin40554_MPP-0.2500+45,TCGA-OL-A5D6-DX1,0
6229,TCGA-OL-A5D6-DX1_xmin115108_ymin40554_MPP-0.2500+46:1:1,TCGA-OL-A5D6-DX1_xmin115108_ymin40554_MPP-0.2500+46,TCGA-OL-A5D6-DX1,0
6230,TCGA-OL-A5D6-DX1_xmin115108_ymin40554_MPP-0.2500+47:1:1,TCGA-OL-A5D6-DX1_xmin115108_ymin40554_MPP-0.2500+47,TCGA-OL-A5D6-DX1,0
6231,TCGA-OL-A5D6-DX1_xmin115108_ymin40554_MPP-0.2500+48:0:1,TCGA-OL-A5D6-DX1_xmin115108_ymin40554_MPP-0.2500+48,TCGA-OL-A5D6-DX1,0
6232,TCGA-OL-A5D6-DX1_xmin115108_ymin40554_MPP-0.2500+48:0:2,TCGA-OL-A5D6-DX1_xmin115108_ymin40554_MPP-0.2500+48,TCGA-OL-A5D6-DX1,0
6236,TCGA-OL-A5D6-DX1_xmin115108_ymin40554_MPP-0.2500+49:0:1,TCGA-OL-A5D6-DX1_xmin115108_ymin40554_MPP-0.2500+49,TCGA-OL-A5D6-DX1,0
6244,TCGA-OL-A5D6-DX1_xmin115108_ymin40554_MPP-0.2500+5:1:1,TCGA-OL-A5D6-DX1_xmin115108_ymin40554_MPP-0.2500+5,TCGA-OL-A5D6-DX1,0
6245,TCGA-OL-A5D6-DX1_xmin115108_ymin40554_MPP-0.2500+50:0:1,TCGA-OL-A5D6-DX1_xmin115108_ymin40554_MPP-0.2500+50,TCGA-OL-A5D6-DX1,0
6249,TCGA-OL-A5D6-DX1_xmin115108_ymin40554_MPP-0.2500+52:0:1,TCGA-OL-A5D6-DX1_xmin115108_ymin40554_MPP-0.2500+52,TCGA-OL-A5D6-DX1,0
6250,TCGA-OL-A5D6-DX1_xmin115108_ymin40554_MPP-0.2500+53:0:1,TCGA-OL-A5D6-DX1_xmin115108_ymin40554_MPP-0.2500+53,TCGA-OL-A5D6-DX1,0
6251,TCGA-OL-A5D6-DX1_xmin115108_ymin40554_MPP-0.2500+54:0:1,TCGA-OL-A5D6-DX1_xmin115108_ymin40554_MPP-0.2500+54,TCGA-OL-A5D6-DX1,0
6252,TCGA-OL-A5D6-DX1_xmin115108_ymin40554_MPP-0.2500+55:0:1,TCGA-OL-A5D6-DX1_xmin115108_ymin40554_MPP-0.2500+55,TCGA-OL-A5D6-DX1,0
6255,TCGA-OL-A5D6-DX1_xmin115108_ymin40554_MPP-0.2500+55:0:7,TCGA-OL-A5D6-DX1_xmin115108_ymin40554_MPP-0.2500+55,TCGA-OL-A5D6-DX1,0
6256,TCGA-OL-A5D6-DX1_xmin115108_ymin40554_MPP-0.2500+55:1:1,TCGA-OL-A5D6-DX1_xmin115108_ymin40554_MPP-0.2500+55,TCGA-OL-A5D6-DX1,0
6257,TCGA-OL-A5D6-DX1_xmin115108_ymin40554_MPP-0.2500+56:1:1,TCGA-OL-A5D6-DX1_xmin115108_ymin40554_MPP-0.2500+56,TCGA-OL-A5D6-DX1,0
6258,TCGA-OL-A5D6-DX1_xmin115108_ymin40554_MPP-0.2500+57:1:1,TCGA-OL-A5D6-DX1_xmin115108_ymin40554_MPP-0.2500+57,TCGA-OL-A5D6-DX1,0
6260,TCGA-OL-A5D6-DX1_xmin115108_ymin40554_MPP-0.2500+59:1:1,TCGA-OL-A5D6-DX1_xmin115108_ymin40554_MPP-0.2500+59,TCGA-OL-A5D6-DX1,0
6262,TCGA-OL-A5D6-DX1_xmin115108_ymin40554_MPP-0.2500+6:0:2,TCGA-OL-A5D6-DX1_xmin115108_ymin40554_MPP-0.2500+6,TCGA-OL-A5D6-DX1,0
6263,TCGA-OL-A5D6-DX1_xmin115108_ymin40554_MPP-0.2500+6:0:3,TCGA-OL-A5D6-DX1_xmin115108_ymin40554_MPP-0.2500+6,TCGA-OL-A5D6-DX1,0
6269,TCGA-OL-A5D6-DX1_xmin115108_ymin40554_MPP-0.2500+61:0:2,TCGA-OL-A5D6-DX1_xmin115108_ymin40554_MPP-0.2500+61,TCGA-OL-A5D6-DX1,0
6270,TCGA-OL-A5D6-DX1_xmin115108_ymin40554_MPP-0.2500+61:0:3,TCGA-OL-A5D6-DX1_xmin115108_ymin40554_MPP-0.2500+61,TCGA-OL-A5D6-DX1,0
6271,TCGA-OL-A5D6-DX1_xmin115108_ymin40554_MPP-0.2500+61:3:1,TCGA-OL-A5D6-DX1_xmin115108_ymin40554_MPP-0.2500+61,TCGA-OL-A5D6-DX1,0
6273,TCGA-OL-A5D6-DX1_xmin115108_ymin40554_MPP-0.2500+63:0:1,TCGA-OL-A5D6-DX1_xmin115108_ymin40554_MPP-0.2500+63,TCGA-OL-A5D6-DX1,0
6274,TCGA-OL-A5D6-DX1_xmin115108_ymin40554_MPP-0.2500+64:0:1,TCGA-OL-A5D6-DX1_xmin115108_ymin40554_MPP-0.2500+64,TCGA-OL-A5D6-DX1,0
6275,TCGA-OL-A5D6-DX1_xmin115108_ymin40554_MPP-0.2500+65:0:1,TCGA-OL-A5D6-DX1_xmin115108_ymin40554_MPP-0.2500+65,TCGA-OL-A5D6-DX1,0
6276,TCGA-OL-A5D6-DX1_xmin115108_ymin40554_MPP-0.2500+65:1:1,TCGA-OL-A5D6-DX1_xmin115108_ymin40554_MPP-0.2500+65,TCGA-OL-A5D6-DX1,0
6277,TCGA-OL-A5D6-DX1_xmin115108_ymin40554_MPP-0.2500+66:0:1,TCGA-OL-A5D6-DX1_xmin115108_ymin40554_MPP-0.2500+66,TCGA-OL-A5D6-DX1,0
6278,TCGA-OL-A5D6-DX1_xmin115108_ymin40554_MPP-0.2500+66:0:2,TCGA-OL-A5D6-DX1_xmin115108_ymin40554_MPP-0.2500+66,TCGA-OL-A5D6-DX1,0
6280,TCGA-OL-A5D6-DX1_xmin115108_ymin40554_MPP-0.2500+66:1:1,TCGA-OL-A5D6-DX1_xmin115108_ymin40554_MPP-0.2500+66,TCGA-OL-A5D6-DX1,0
6281,TCGA-OL-A5D6-DX1_xmin115108_ymin40554_MPP-0.2500+67:0:1,TCGA-OL-A5D6-DX1_xmin115108_ymin40554_MPP-0.2500+67,TCGA-OL-A5D6-DX1,0
6283,TCGA-OL-A5D6-DX1_xmin115108_ymin40554_MPP-0.2500+67:1:3,TCGA-OL-A5D6-DX1_xmin115108_ymin40554_MPP-0.2500+67,TCGA-OL-A5D6-DX1,0
6284,TCGA-OL-A5D6-DX1_xmin115108_ymin40554_MPP-0.2500+67:1:4,TCGA-OL-A5D6-DX1_xmin115108_ymin40554_MPP-0.2500+67,TCGA-OL-A5D6-DX1,0
6287,TCGA-OL-A5D6-DX1_xmin115108_ymin40554_MPP-0.2500+7:0:1,TCGA-OL-A5D6-DX1_xmin115108_ymin40554_MPP-0.2500+7,TCGA-OL-A5D6-DX1,0
6288,TCGA-OL-A5D6-DX1_xmin115108_ymin40554_MPP-0.2500+7:0:3,TCGA-OL-A5D6-DX1_xmin115108_ymin40554_MPP-0.2500+7,TCGA-OL-A5D6-DX1,0
6290,TCGA-OL-A5D6-DX1_xmin115108_ymin40554_MPP-0.2500+7:1:2,TCGA-OL-A5D6-DX1_xmin115108_ymin40554_MPP-0.2500+7,TCGA-OL-A5D6-DX1,0
6291,TCGA-OL-A5D6-DX1_xmin115108_ymin40554_MPP-0.2500+70:0:1,TCGA-OL-A5D6-DX1_xmin115108_ymin40554_MPP-0.2500+70,TCGA-OL-A5D6-DX1,0
6292,TCGA-OL-A5D6-DX1_xmin115108_ymin40554_MPP-0.2500+70:3:1,TCGA-OL-A5D6-DX1_xmin115108_ymin40554_MPP-0.2500+70,TCGA-OL-A5D6-DX1,0
6294,TCGA-OL-A5D6-DX1_xmin115108_ymin40554_MPP-0.2500+72:0:1,TCGA-OL-A5D6-DX1_xmin115108_ymin40554_MPP-0.2500+72,TCGA-OL-A5D6-DX1,0
6295,TCGA-OL-A5D6-DX1_xmin115108_ymin40554_MPP-0.2500+73:0:1,TCGA-OL-A5D6-DX1_xmin115108_ymin40554_MPP-0.2500+73,TCGA-OL-A5D6-DX1,0
6297,TCGA-OL-A5D6-DX1_xmin115108_ymin40554_MPP-0.2500+74:0:1,TCGA-OL-A5D6-DX1_xmin115108_ymin40554_MPP-0.2500+74,TCGA-OL-A5D6-DX1,0
6299,TCGA-OL-A5D6-DX1_xmin115108_ymin40554_MPP-0.2500+75:1:1,TCGA-OL-A5D6-DX1_xmin115108_ymin40554_MPP-0.2500+75,TCGA-OL-A5D6-DX1,0
6300,TCGA-OL-A5D6-DX1_xmin115108_ymin40554_MPP-0.2500+76:1:1,TCGA-OL-A5D6-DX1_xmin115108_ymin40554_MPP-0.2500+76,TCGA-OL-A5D6-DX1,0
6301,TCGA-OL-A5D6-DX1_xmin115108_ymin40554_MPP-0.2500+77:0:1,TCGA-OL-A5D6-DX1_xmin115108_ymin40554_MPP-0.2500+77,TCGA-OL-A5D6-DX1,0
6302,TCGA-OL-A5D6-DX1_xmin115108_ymin40554_MPP-0.2500+77:0:2,TCGA-OL-A5D6-DX1_xmin115108_ymin40554_MPP-0.2500+77,TCGA-OL-A5D6-DX1,0
6303,TCGA-OL-A5D6-DX1_xmin115108_ymin40554_MPP-0.2500+77:0:3,TCGA-OL-A5D6-DX1_xmin115108_ymin40554_MPP-0.2500+77,TCGA-OL-A5D6-DX1,0
6307,TCGA-OL-A5D6-DX1_xmin115108_ymin40554_MPP-0.2500+8:0:1,TCGA-OL-A5D6-DX1_xmin115108_ymin40554_MPP-0.2500+8,TCGA-OL-A5D6-DX1,0
6308,TCGA-OL-A5D6-DX1_xmin115108_ymin40554_MPP-0.2500+8:1:1,TCGA-OL-A5D6-DX1_xmin115108_ymin40554_MPP-0.2500+8,TCGA-OL-A5D6-DX1,0
6309,TCGA-OL-A5D6-DX1_xmin115108_ymin40554_MPP-0.2500+8:1:2,TCGA-OL-A5D6-DX1_xmin115108_ymin40554_MPP-0.2500+8,TCGA-OL-A5D6-DX1,0
6310,TCGA-OL-A5D6-DX1_xmin115108_ymin40554_MPP-0.2500+80:0:1,TCGA-OL-A5D6-DX1_xmin115108_ymin40554_MPP-0.2500+80,TCGA-OL-A5D6-DX1,0
6315,TCGA-OL-A5D6-DX1_xmin115108_ymin40554_MPP-0.2500+84:0:1,TCGA-OL-A5D6-DX1_xmin115108_ymin40554_MPP-0.2500+84,TCGA-OL-A5D6-DX1,0
6316,TCGA-OL-A5D6-DX1_xmin115108_ymin40554_MPP-0.2500+84:1:1,TCGA-OL-A5D6-DX1_xmin115108_ymin40554_MPP-0.2500+84,TCGA-OL-A5D6-DX1,0
6317,TCGA-OL-A5D6-DX1_xmin115108_ymin40554_MPP-0.2500+85:1:1,TCGA-OL-A5D6-DX1_xmin115108_ymin40554_MPP-0.2500+85,TCGA-OL-A5D6-DX1,0
6320,TCGA-OL-A5D6-DX1_xmin115108_ymin40554_MPP-0.2500+86:1:1,TCGA-OL-A5D6-DX1_xmin115108_ymin40554_MPP-0.2500+86,TCGA-OL-A5D6-DX1,0
6321,TCGA-OL-A5D6-DX1_xmin115108_ymin40554_MPP-0.2500+86:1:2,TCGA-OL-A5D6-DX1_xmin115108_ymin40554_MPP-0.2500+86,TCGA-OL-A5D6-DX1,0
6323,TCGA-OL-A5D6-DX1_xmin115108_ymin40554_MPP-0.2500+88:0:1,TCGA-OL-A5D6-DX1_xmin115108_ymin40554_MPP-0.2500+88,TCGA-OL-A5D6-DX1,0
6324,TCGA-OL-A5D6-DX1_xmin115108_ymin40554_MPP-0.2500+89:0:1,TCGA-OL-A5D6-DX1_xmin115108_ymin40554_MPP-0.2500+89,TCGA-OL-A5D6-DX1,0
6326,TCGA-OL-A5D6-DX1_xmin115108_ymin40554_MPP-0.2500+89:1:1,TCGA-OL-A5D6-DX1_xmin115108_ymin40554_MPP-0.2500+89,TCGA-OL-A5D6-DX1,0
6327,TCGA-OL-A5D6-DX1_xmin115108_ymin40554_MPP-0.2500+9:0:1,TCGA-OL-A5D6-DX1_xmin115108_ymin40554_MPP-0.2500+9,TCGA-OL-A5D6-DX1,0
6329,TCGA-OL-A5D6-DX1_xmin115108_ymin40554_MPP-0.2500+9:1:1,TCGA-OL-A5D6-DX1_xmin115108_ymin40554_MPP-0.2500+9,TCGA-OL-A5D6-DX1,0
6330,TCGA-OL-A5D7-DX1_xmin114443_ymin22490_MPP-0.2500+0:0:1,TCGA-OL-A5D7-DX1_xmin114443_ymin22490_MPP-0.2500+0,TCGA-OL-A5D7-DX1,3
6332,TCGA-OL-A5D7-DX1_xmin114443_ymin22490_MPP-0.2500+0:1:1,TCGA-OL-A5D7-DX1_xmin114443_ymin22490_MPP-0.2500+0,TCGA-OL-A5D7-DX1,3
6333,TCGA-OL-A5D7-DX1_xmin114443_ymin22490_MPP-0.2500+0:1:2,TCGA-OL-A5D7-DX1_xmin114443_ymin22490_MPP-0.2500+0,TCGA-OL-A5D7-DX1,3
6335,TCGA-OL-A5D7-DX1_xmin114443_ymin22490_MPP-0.2500+1:1:1,TCGA-OL-A5D7-DX1_xmin114443_ymin22490_MPP-0.2500+1,TCGA-OL-A5D7-DX1,3
6339,TCGA-OL-A5D7-DX1_xmin114443_ymin22490_MPP-0.2500+10:0:4,TCGA-OL-A5D7-DX1_xmin114443_ymin22490_MPP-0.2500+10,TCGA-OL-A5D7-DX1,3
6340,TCGA-OL-A5D7-DX1_xmin114443_ymin22490_MPP-0.2500+10:0:5,TCGA-OL-A5D7-DX1_xmin114443_ymin22490_MPP-0.2500+10,TCGA-OL-A5D7-DX1,3
6343,TCGA-OL-A5D7-DX1_xmin114443_ymin22490_MPP-0.2500+10:1:2,TCGA-OL-A5D7-DX1_xmin114443_ymin22490_MPP-0.2500+10,TCGA-OL-A5D7-DX1,3
6347,TCGA-OL-A5D7-DX1_xmin114443_ymin22490_MPP-0.2500+100:0:3,TCGA-OL-A5D7-DX1_xmin114443_ymin22490_MPP-0.2500+100,TCGA-OL-A5D7-DX1,3
6348,TCGA-OL-A5D7-DX1_xmin114443_ymin22490_MPP-0.2500+100:1:1,TCGA-OL-A5D7-DX1_xmin114443_ymin22490_MPP-0.2500+100,TCGA-OL-A5D7-DX1,3
6350,TCGA-OL-A5D7-DX1_xmin114443_ymin22490_MPP-0.2500+101:0:1,TCGA-OL-A5D7-DX1_xmin114443_ymin22490_MPP-0.2500+101,TCGA-OL-A5D7-DX1,3
6351,TCGA-OL-A5D7-DX1_xmin114443_ymin22490_MPP-0.2500+101:1:2,TCGA-OL-A5D7-DX1_xmin114443_ymin22490_MPP-0.2500+101,TCGA-OL-A5D7-DX1,3
6352,TCGA-OL-A5D7-DX1_xmin114443_ymin22490_MPP-0.2500+102:0:1,TCGA-OL-A5D7-DX1_xmin114443_ymin22490_MPP-0.2500+102,TCGA-OL-A5D7-DX1,3
6354,TCGA-OL-A5D7-DX1_xmin114443_ymin22490_MPP-0.2500+103:0:1,TCGA-OL-A5D7-DX1_xmin114443_ymin22490_MPP-0.2500+103,TCGA-OL-A5D7-DX1,3
6355,TCGA-OL-A5D7-DX1_xmin114443_ymin22490_MPP-0.2500+104:0:1,TCGA-OL-A5D7-DX1_xmin114443_ymin22490_MPP-0.2500+104,TCGA-OL-A5D7-DX1,3
6356,TCGA-OL-A5D7-DX1_xmin114443_ymin22490_MPP-0.2500+105:0:1,TCGA-OL-A5D7-DX1_xmin114443_ymin22490_MPP-0.2500+105,TCGA-OL-A5D7-DX1,3
6357,TCGA-OL-A5D7-DX1_xmin114443_ymin22490_MPP-0.2500+106:0:1,TCGA-OL-A5D7-DX1_xmin114443_ymin22490_MPP-0.2500+106,TCGA-OL-A5D7-DX1,3
6358,TCGA-OL-A5D7-DX1_xmin114443_ymin22490_MPP-0.2500+107:0:1,TCGA-OL-A5D7-DX1_xmin114443_ymin22490_MPP-0.2500+107,TCGA-OL-A5D7-DX1,3
6360,TCGA-OL-A5D7-DX1_xmin114443_ymin22490_MPP-0.2500+108:0:1,TCGA-OL-A5D7-DX1_xmin114443_ymin22490_MPP-0.2500+108,TCGA-OL-A5D7-DX1,3
6362,TCGA-OL-A5D7-DX1_xmin114443_ymin22490_MPP-0.2500+109:0:1,TCGA-OL-A5D7-DX1_xmin114443_ymin22490_MPP-0.2500+109,TCGA-OL-A5D7-DX1,3
6366,TCGA-OL-A5D7-DX1_xmin114443_ymin22490_MPP-0.2500+11:0:2,TCGA-OL-A5D7-DX1_xmin114443_ymin22490_MPP-0.2500+11,TCGA-OL-A5D7-DX1,3
6370,TCGA-OL-A5D7-DX1_xmin114443_ymin22490_MPP-0.2500+110:0:2,TCGA-OL-A5D7-DX1_xmin114443_ymin22490_MPP-0.2500+110,TCGA-OL-A5D7-DX1,3
6373,TCGA-OL-A5D7-DX1_xmin114443_ymin22490_MPP-0.2500+111:0:2,TCGA-OL-A5D7-DX1_xmin114443_ymin22490_MPP-0.2500+111,TCGA-OL-A5D7-DX1,3
6374,TCGA-OL-A5D7-DX1_xmin114443_ymin22490_MPP-0.2500+111:0:3,TCGA-OL-A5D7-DX1_xmin114443_ymin22490_MPP-0.2500+111,TCGA-OL-A5D7-DX1,3
6375,TCGA-OL-A5D7-DX1_xmin114443_ymin22490_MPP-0.2500+111:1:1,TCGA-OL-A5D7-DX1_xmin114443_ymin22490_MPP-0.2500+111,TCGA-OL-A5D7-DX1,3
6377,TCGA-OL-A5D7-DX1_xmin114443_ymin22490_MPP-0.2500+112:0:1,TCGA-OL-A5D7-DX1_xmin114443_ymin22490_MPP-0.2500+112,TCGA-OL-A5D7-DX1,3
6378,TCGA-OL-A5D7-DX1_xmin114443_ymin22490_MPP-0.2500+113:0:1,TCGA-OL-A5D7-DX1_xmin114443_ymin22490_MPP-0.2500+113,TCGA-OL-A5D7-DX1,3
6379,TCGA-OL-A5D7-DX1_xmin114443_ymin22490_MPP-0.2500+114:0:1,TCGA-OL-A5D7-DX1_xmin114443_ymin22490_MPP-0.2500+114,TCGA-OL-A5D7-DX1,3
6381,TCGA-OL-A5D7-DX1_xmin114443_ymin22490_MPP-0.2500+114:1:2,TCGA-OL-A5D7-DX1_xmin114443_ymin22490_MPP-0.2500+114,TCGA-OL-A5D7-DX1,3
6382,TCGA-OL-A5D7-DX1_xmin114443_ymin22490_MPP-0.2500+115:0:1,TCGA-OL-A5D7-DX1_xmin114443_ymin22490_MPP-0.2500+115,TCGA-OL-A5D7-DX1,3
6384,TCGA-OL-A5D7-DX1_xmin114443_ymin22490_MPP-0.2500+115:0:4,TCGA-OL-A5D7-DX1_xmin114443_ymin22490_MPP-0.2500+115,TCGA-OL-A5D7-DX1,3
6386,TCGA-OL-A5D7-DX1_xmin114443_ymin22490_MPP-0.2500+116:0:1,TCGA-OL-A5D7-DX1_xmin114443_ymin22490_MPP-0.2500+116,TCGA-OL-A5D7-DX1,3
6387,TCGA-OL-A5D7-DX1_xmin114443_ymin22490_MPP-0.2500+116:1:1,TCGA-OL-A5D7-DX1_xmin114443_ymin22490_MPP-0.2500+116,TCGA-OL-A5D7-DX1,3
6388,TCGA-OL-A5D7-DX1_xmin114443_ymin22490_MPP-0.2500+116:1:2,TCGA-OL-A5D7-DX1_xmin114443_ymin22490_MPP-0.2500+116,TCGA-OL-A5D7-DX1,3
6389,TCGA-OL-A5D7-DX1_xmin114443_ymin22490_MPP-0.2500+117:0:1,TCGA-OL-A5D7-DX1_xmin114443_ymin22490_MPP-0.2500+117,TCGA-OL-A5D7-DX1,3
6392,TCGA-OL-A5D7-DX1_xmin114443_ymin22490_MPP-0.2500+118:0:2,TCGA-OL-A5D7-DX1_xmin114443_ymin22490_MPP-0.2500+118,TCGA-OL-A5D7-DX1,3
6394,TCGA-OL-A5D7-DX1_xmin114443_ymin22490_MPP-0.2500+118:1:1,TCGA-OL-A5D7-DX1_xmin114443_ymin22490_MPP-0.2500+118,TCGA-OL-A5D7-DX1,3
6396,TCGA-OL-A5D7-DX1_xmin114443_ymin22490_MPP-0.2500+119:1:1,TCGA-OL-A5D7-DX1_xmin114443_ymin22490_MPP-0.2500+119,TCGA-OL-A5D7-DX1,3
6398,TCGA-OL-A5D7-DX1_xmin114443_ymin22490_MPP-0.2500+12:3:1,TCGA-OL-A5D7-DX1_xmin114443_ymin22490_MPP-0.2500+12,TCGA-OL-A5D7-DX1,3
6400,TCGA-OL-A5D7-DX1_xmin114443_ymin22490_MPP-0.2500+121:0:1,TCGA-OL-A5D7-DX1_xmin114443_ymin22490_MPP-0.2500+121,TCGA-OL-A5D7-DX1,3
6401,TCGA-OL-A5D7-DX1_xmin114443_ymin22490_MPP-0.2500+122:0:1,TCGA-OL-A5D7-DX1_xmin114443_ymin22490_MPP-0.2500+122,TCGA-OL-A5D7-DX1,3
6402,TCGA-OL-A5D7-DX1_xmin114443_ymin22490_MPP-0.2500+123:0:1,TCGA-OL-A5D7-DX1_xmin114443_ymin22490_MPP-0.2500+123,TCGA-OL-A5D7-DX1,3
6403,TCGA-OL-A5D7-DX1_xmin114443_ymin22490_MPP-0.2500+124:0:1,TCGA-OL-A5D7-DX1_xmin114443_ymin22490_MPP-0.2500+124,TCGA-OL-A5D7-DX1,3
6404,TCGA-OL-A5D7-DX1_xmin114443_ymin22490_MPP-0.2500+125:0:1,TCGA-OL-A5D7-DX1_xmin114443_ymin22490_MPP-0.2500+125,TCGA-OL-A5D7-DX1,3
6405,TCGA-OL-A5D7-DX1_xmin114443_ymin22490_MPP-0.2500+126:0:1,TCGA-OL-A5D7-DX1_xmin114443_ymin22490_MPP-0.2500+126,TCGA-OL-A5D7-DX1,3
6406,TCGA-OL-A5D7-DX1_xmin114443_ymin22490_MPP-0.2500+127:0:1,TCGA-OL-A5D7-DX1_xmin114443_ymin22490_MPP-0.2500+127,TCGA-OL-A5D7-DX1,3
6407,TCGA-OL-A5D7-DX1_xmin114443_ymin22490_MPP-0.2500+128:0:1,TCGA-OL-A5D7-DX1_xmin114443_ymin22490_MPP-0.2500+128,TCGA-OL-A5D7-DX1,3
6408,TCGA-OL-A5D7-DX1_xmin114443_ymin22490_MPP-0.2500+129:0:1,TCGA-OL-A5D7-DX1_xmin114443_ymin22490_MPP-0.2500+129,TCGA-OL-A5D7-DX1,3
6410,TCGA-OL-A5D7-DX1_xmin114443_ymin22490_MPP-0.2500+13:0:2,TCGA-OL-A5D7-DX1_xmin114443_ymin22490_MPP-0.2500+13,TCGA-OL-A5D7-DX1,3
6412,TCGA-OL-A5D7-DX1_xmin114443_ymin22490_MPP-0.2500+130:0:1,TCGA-OL-A5D7-DX1_xmin114443_ymin22490_MPP-0.2500+130,TCGA-OL-A5D7-DX1,3
6413,TCGA-OL-A5D7-DX1_xmin114443_ymin22490_MPP-0.2500+131:0:1,TCGA-OL-A5D7-DX1_xmin114443_ymin22490_MPP-0.2500+131,TCGA-OL-A5D7-DX1,3
6414,TCGA-OL-A5D7-DX1_xmin114443_ymin22490_MPP-0.2500+132:0:1,TCGA-OL-A5D7-DX1_xmin114443_ymin22490_MPP-0.2500+132,TCGA-OL-A5D7-DX1,3
6415,TCGA-OL-A5D7-DX1_xmin114443_ymin22490_MPP-0.2500+133:0:1,TCGA-OL-A5D7-DX1_xmin114443_ymin22490_MPP-0.2500+133,TCGA-OL-A5D7-DX1,3
6416,TCGA-OL-A5D7-DX1_xmin114443_ymin22490_MPP-0.2500+134:0:1,TCGA-OL-A5D7-DX1_xmin114443_ymin22490_MPP-0.2500+134,TCGA-OL-A5D7-DX1,3
6417,TCGA-OL-A5D7-DX1_xmin114443_ymin22490_MPP-0.2500+135:0:1,TCGA-OL-A5D7-DX1_xmin114443_ymin22490_MPP-0.2500+135,TCGA-OL-A5D7-DX1,3
6418,TCGA-OL-A5D7-DX1_xmin114443_ymin22490_MPP-0.2500+136:0:1,TCGA-OL-A5D7-DX1_xmin114443_ymin22490_MPP-0.2500+136,TCGA-OL-A5D7-DX1,3
6419,TCGA-OL-A5D7-DX1_xmin114443_ymin22490_MPP-0.2500+137:0:1,TCGA-OL-A5D7-DX1_xmin114443_ymin22490_MPP-0.2500+137,TCGA-OL-A5D7-DX1,3
6422,TCGA-OL-A5D7-DX1_xmin114443_ymin22490_MPP-0.2500+138:1:2,TCGA-OL-A5D7-DX1_xmin114443_ymin22490_MPP-0.2500+138,TCGA-OL-A5D7-DX1,3
6423,TCGA-OL-A5D7-DX1_xmin114443_ymin22490_MPP-0.2500+138:1:3,TCGA-OL-A5D7-DX1_xmin114443_ymin22490_MPP-0.2500+138,TCGA-OL-A5D7-DX1,3
6424,TCGA-OL-A5D7-DX1_xmin114443_ymin22490_MPP-0.2500+138:1:4,TCGA-OL-A5D7-DX1_xmin114443_ymin22490_MPP-0.2500+138,TCGA-OL-A5D7-DX1,3
6426,TCGA-OL-A5D7-DX1_xmin114443_ymin22490_MPP-0.2500+138:2:2,TCGA-OL-A5D7-DX1_xmin114443_ymin22490_MPP-0.2500+138,TCGA-OL-A5D7-DX1,3
6427,TCGA-OL-A5D7-DX1_xmin114443_ymin22490_MPP-0.2500+138:2:3,TCGA-OL-A5D7-DX1_xmin114443_ymin22490_MPP-0.2500+138,TCGA-OL-A5D7-DX1,3
6428,TCGA-OL-A5D7-DX1_xmin114443_ymin22490_MPP-0.2500+138:2:4,TCGA-OL-A5D7-DX1_xmin114443_ymin22490_MPP-0.2500+138,TCGA-OL-A5D7-DX1,3
6431,TCGA-OL-A5D7-DX1_xmin114443_ymin22490_MPP-0.2500+139:0:3,TCGA-OL-A5D7-DX1_xmin114443_ymin22490_MPP-0.2500+139,TCGA-OL-A5D7-DX1,3
6432,TCGA-OL-A5D7-DX1_xmin114443_ymin22490_MPP-0.2500+139:1:1,TCGA-OL-A5D7-DX1_xmin114443_ymin22490_MPP-0.2500+139,TCGA-OL-A5D7-DX1,3
6433,TCGA-OL-A5D7-DX1_xmin114443_ymin22490_MPP-0.2500+14:0:1,TCGA-OL-A5D7-DX1_xmin114443_ymin22490_MPP-0.2500+14,TCGA-OL-A5D7-DX1,3
6435,TCGA-OL-A5D7-DX1_xmin114443_ymin22490_MPP-0.2500+141:0:1,TCGA-OL-A5D7-DX1_xmin114443_ymin22490_MPP-0.2500+141,TCGA-OL-A5D7-DX1,3
6436,TCGA-OL-A5D7-DX1_xmin114443_ymin22490_MPP-0.2500+142:0:1,TCGA-OL-A5D7-DX1_xmin114443_ymin22490_MPP-0.2500+142,TCGA-OL-A5D7-DX1,3
6437,TCGA-OL-A5D7-DX1_xmin114443_ymin22490_MPP-0.2500+143:0:1,TCGA-OL-A5D7-DX1_xmin114443_ymin22490_MPP-0.2500+143,TCGA-OL-A5D7-DX1,3
6438,TCGA-OL-A5D7-DX1_xmin114443_ymin22490_MPP-0.2500+144:0:1,TCGA-OL-A5D7-DX1_xmin114443_ymin22490_MPP-0.2500+144,TCGA-OL-A5D7-DX1,3
6439,TCGA-OL-A5D7-DX1_xmin114443_ymin22490_MPP-0.2500+145:0:1,TCGA-OL-A5D7-DX1_xmin114443_ymin22490_MPP-0.2500+145,TCGA-OL-A5D7-DX1,3
6440,TCGA-OL-A5D7-DX1_xmin114443_ymin22490_MPP-0.2500+146:0:1,TCGA-OL-A5D7-DX1_xmin114443_ymin22490_MPP-0.2500+146,TCGA-OL-A5D7-DX1,3
6443,TCGA-OL-A5D7-DX1_xmin114443_ymin22490_MPP-0.2500+146:1:3,TCGA-OL-A5D7-DX1_xmin114443_ymin22490_MPP-0.2500+146,TCGA-OL-A5D7-DX1,3
6445,TCGA-OL-A5D7-DX1_xmin114443_ymin22490_MPP-0.2500+147:0:2,TCGA-OL-A5D7-DX1_xmin114443_ymin22490_MPP-0.2500+147,TCGA-OL-A5D7-DX1,3
6446,TCGA-OL-A5D7-DX1_xmin114443_ymin22490_MPP-0.2500+147:1:1,TCGA-OL-A5D7-DX1_xmin114443_ymin22490_MPP-0.2500+147,TCGA-OL-A5D7-DX1,3
6447,TCGA-OL-A5D7-DX1_xmin114443_ymin22490_MPP-0.2500+148:0:1,TCGA-OL-A5D7-DX1_xmin114443_ymin22490_MPP-0.2500+148,TCGA-OL-A5D7-DX1,3
6448,TCGA-OL-A5D7-DX1_xmin114443_ymin22490_MPP-0.2500+148:1:1,TCGA-OL-A5D7-DX1_xmin114443_ymin22490_MPP-0.2500+148,TCGA-OL-A5D7-DX1,3
6449,TCGA-OL-A5D7-DX1_xmin114443_ymin22490_MPP-0.2500+149:0:1,TCGA-OL-A5D7-DX1_xmin114443_ymin22490_MPP-0.2500+149,TCGA-OL-A5D7-DX1,3
6450,TCGA-OL-A5D7-DX1_xmin114443_ymin22490_MPP-0.2500+15:0:1,TCGA-OL-A5D7-DX1_xmin114443_ymin22490_MPP-0.2500+15,TCGA-OL-A5D7-DX1,3
6451,TCGA-OL-A5D7-DX1_xmin114443_ymin22490_MPP-0.2500+15:0:2,TCGA-OL-A5D7-DX1_xmin114443_ymin22490_MPP-0.2500+15,TCGA-OL-A5D7-DX1,3
6453,TCGA-OL-A5D7-DX1_xmin114443_ymin22490_MPP-0.2500+150:0:1,TCGA-OL-A5D7-DX1_xmin114443_ymin22490_MPP-0.2500+150,TCGA-OL-A5D7-DX1,3
6454,TCGA-OL-A5D7-DX1_xmin114443_ymin22490_MPP-0.2500+151:0:1,TCGA-OL-A5D7-DX1_xmin114443_ymin22490_MPP-0.2500+151,TCGA-OL-A5D7-DX1,3
6455,TCGA-OL-A5D7-DX1_xmin114443_ymin22490_MPP-0.2500+152:0:1,TCGA-OL-A5D7-DX1_xmin114443_ymin22490_MPP-0.2500+152,TCGA-OL-A5D7-DX1,3
6456,TCGA-OL-A5D7-DX1_xmin114443_ymin22490_MPP-0.2500+153:0:1,TCGA-OL-A5D7-DX1_xmin114443_ymin22490_MPP-0.2500+153,TCGA-OL-A5D7-DX1,3
6457,TCGA-OL-A5D7-DX1_xmin114443_ymin22490_MPP-0.2500+154:0:1,TCGA-OL-A5D7-DX1_xmin114443_ymin22490_MPP-0.2500+154,TCGA-OL-A5D7-DX1,3
6458,TCGA-OL-A5D7-DX1_xmin114443_ymin22490_MPP-0.2500+155:0:1,TCGA-OL-A5D7-DX1_xmin114443_ymin22490_MPP-0.2500+155,TCGA-OL-A5D7-DX1,3
6459,TCGA-OL-A5D7-DX1_xmin114443_ymin22490_MPP-0.2500+156:0:1,TCGA-OL-A5D7-DX1_xmin114443_ymin22490_MPP-0.2500+156,TCGA-OL-A5D7-DX1,3
6461,TCGA-OL-A5D7-DX1_xmin114443_ymin22490_MPP-0.2500+156:0:3,TCGA-OL-A5D7-DX1_xmin114443_ymin22490_MPP-0.2500+156,TCGA-OL-A5D7-DX1,3
6462,TCGA-OL-A5D7-DX1_xmin114443_ymin22490_MPP-0.2500+156:1:1,TCGA-OL-A5D7-DX1_xmin114443_ymin22490_MPP-0.2500+156,TCGA-OL-A5D7-DX1,3
6463,TCGA-OL-A5D7-DX1_xmin114443_ymin22490_MPP-0.2500+156:1:3,TCGA-OL-A5D7-DX1_xmin114443_ymin22490_MPP-0.2500+156,TCGA-OL-A5D7-DX1,3
6465,TCGA-OL-A5D7-DX1_xmin114443_ymin22490_MPP-0.2500+157:0:1,TCGA-OL-A5D7-DX1_xmin114443_ymin22490_MPP-0.2500+157,TCGA-OL-A5D7-DX1,3
6466,TCGA-OL-A5D7-DX1_xmin114443_ymin22490_MPP-0.2500+157:0:2,TCGA-OL-A5D7-DX1_xmin114443_ymin22490_MPP-0.2500+157,TCGA-OL-A5D7-DX1,3
6470,TCGA-OL-A5D7-DX1_xmin114443_ymin22490_MPP-0.2500+157:1:1,TCGA-OL-A5D7-DX1_xmin114443_ymin22490_MPP-0.2500+157,TCGA-OL-A5D7-DX1,3
6473,TCGA-OL-A5D7-DX1_xmin114443_ymin22490_MPP-0.2500+158:0:3,TCGA-OL-A5D7-DX1_xmin114443_ymin22490_MPP-0.2500+158,TCGA-OL-A5D7-DX1,3
6474,TCGA-OL-A5D7-DX1_xmin114443_ymin22490_MPP-0.2500+158:0:4,TCGA-OL-A5D7-DX1_xmin114443_ymin22490_MPP-0.2500+158,TCGA-OL-A5D7-DX1,3
6475,TCGA-OL-A5D7-DX1_xmin114443_ymin22490_MPP-0.2500+158:0:5,TCGA-OL-A5D7-DX1_xmin114443_ymin22490_MPP-0.2500+158,TCGA-OL-A5D7-DX1,3
6476,TCGA-OL-A5D7-DX1_xmin114443_ymin22490_MPP-0.2500+158:1:1,TCGA-OL-A5D7-DX1_xmin114443_ymin22490_MPP-0.2500+158,TCGA-OL-A5D7-DX1,3
6477,TCGA-OL-A5D7-DX1_xmin114443_ymin22490_MPP-0.2500+159:0:1,TCGA-OL-A5D7-DX1_xmin114443_ymin22490_MPP-0.2500+159,TCGA-OL-A5D7-DX1,3
6479,TCGA-OL-A5D7-DX1_xmin114443_ymin22490_MPP-0.2500+159:0:5,TCGA-OL-A5D7-DX1_xmin114443_ymin22490_MPP-0.2500+159,TCGA-OL-A5D7-DX1,3
6480,TCGA-OL-A5D7-DX1_xmin114443_ymin22490_MPP-0.2500+159:0:6,TCGA-OL-A5D7-DX1_xmin114443_ymin22490_MPP-0.2500+159,TCGA-OL-A5D7-DX1,3
6482,TCGA-OL-A5D7-DX1_xmin114443_ymin22490_MPP-0.2500+159:1:2,TCGA-OL-A5D7-DX1_xmin114443_ymin22490_MPP-0.2500+159,TCGA-OL-A5D7-DX1,3
6483,TCGA-OL-A5D7-DX1_xmin114443_ymin22490_MPP-0.2500+16:0:3,TCGA-OL-A5D7-DX1_xmin114443_ymin22490_MPP-0.2500+16,TCGA-OL-A5D7-DX1,3
6485,TCGA-OL-A5D7-DX1_xmin114443_ymin22490_MPP-0.2500+16:1:2,TCGA-OL-A5D7-DX1_xmin114443_ymin22490_MPP-0.2500+16,TCGA-OL-A5D7-DX1,3
6486,TCGA-OL-A5D7-DX1_xmin114443_ymin22490_MPP-0.2500+160:0:1,TCGA-OL-A5D7-DX1_xmin114443_ymin22490_MPP-0.2500+160,TCGA-OL-A5D7-DX1,3
6487,TCGA-OL-A5D7-DX1_xmin114443_ymin22490_MPP-0.2500+161:0:1,TCGA-OL-A5D7-DX1_xmin114443_ymin22490_MPP-0.2500+161,TCGA-OL-A5D7-DX1,3
6488,TCGA-OL-A5D7-DX1_xmin114443_ymin22490_MPP-0.2500+162:0:1,TCGA-OL-A5D7-DX1_xmin114443_ymin22490_MPP-0.2500+162,TCGA-OL-A5D7-DX1,3
6489,TCGA-OL-A5D7-DX1_xmin114443_ymin22490_MPP-0.2500+163:0:1,TCGA-OL-A5D7-DX1_xmin114443_ymin22490_MPP-0.2500+163,TCGA-OL-A5D7-DX1,3
6491,TCGA-OL-A5D7-DX1_xmin114443_ymin22490_MPP-0.2500+164:1:1,TCGA-OL-A5D7-DX1_xmin114443_ymin22490_MPP-0.2500+164,TCGA-OL-A5D7-DX1,3
6492,TCGA-OL-A5D7-DX1_xmin114443_ymin22490_MPP-0.2500+165:1:1,TCGA-OL-A5D7-DX1_xmin114443_ymin22490_MPP-0.2500+165,TCGA-OL-A5D7-DX1,3
6493,TCGA-OL-A5D7-DX1_xmin114443_ymin22490_MPP-0.2500+166:0:1,TCGA-OL-A5D7-DX1_xmin114443_ymin22490_MPP-0.2500+166,TCGA-OL-A5D7-DX1,3
6494,TCGA-OL-A5D7-DX1_xmin114443_ymin22490_MPP-0.2500+166:0:2,TCGA-OL-A5D7-DX1_xmin114443_ymin22490_MPP-0.2500+166,TCGA-OL-A5D7-DX1,3
6495,TCGA-OL-A5D7-DX1_xmin114443_ymin22490_MPP-0.2500+166:0:3,TCGA-OL-A5D7-DX1_xmin114443_ymin22490_MPP-0.2500+166,TCGA-OL-A5D7-DX1,3
6498,TCGA-OL-A5D7-DX1_xmin114443_ymin22490_MPP-0.2500+166:1:1,TCGA-OL-A5D7-DX1_xmin114443_ymin22490_MPP-0.2500+166,TCGA-OL-A5D7-DX1,3
6499,TCGA-OL-A5D7-DX1_xmin114443_ymin22490_MPP-0.2500+167:0:1,TCGA-OL-A5D7-DX1_xmin114443_ymin22490_MPP-0.2500+167,TCGA-OL-A5D7-DX1,3
6503,TCGA-OL-A5D7-DX1_xmin114443_ymin22490_MPP-0.2500+167:1:1,TCGA-OL-A5D7-DX1_xmin114443_ymin22490_MPP-0.2500+167,TCGA-OL-A5D7-DX1,3
6506,TCGA-OL-A5D7-DX1_xmin114443_ymin22490_MPP-0.2500+168:0:3,TCGA-OL-A5D7-DX1_xmin114443_ymin22490_MPP-0.2500+168,TCGA-OL-A5D7-DX1,3
6507,TCGA-OL-A5D7-DX1_xmin114443_ymin22490_MPP-0.2500+168:1:1,TCGA-OL-A5D7-DX1_xmin114443_ymin22490_MPP-0.2500+168,TCGA-OL-A5D7-DX1,3
6509,TCGA-OL-A5D7-DX1_xmin114443_ymin22490_MPP-0.2500+17:0:1,TCGA-OL-A5D7-DX1_xmin114443_ymin22490_MPP-0.2500+17,TCGA-OL-A5D7-DX1,3
6510,TCGA-OL-A5D7-DX1_xmin114443_ymin22490_MPP-0.2500+170:0:1,TCGA-OL-A5D7-DX1_xmin114443_ymin22490_MPP-0.2500+170,TCGA-OL-A5D7-DX1,3
6511,TCGA-OL-A5D7-DX1_xmin114443_ymin22490_MPP-0.2500+171:0:1,TCGA-OL-A5D7-DX1_xmin114443_ymin22490_MPP-0.2500+171,TCGA-OL-A5D7-DX1,3
6512,TCGA-OL-A5D7-DX1_xmin114443_ymin22490_MPP-0.2500+172:0:1,TCGA-OL-A5D7-DX1_xmin114443_ymin22490_MPP-0.2500+172,TCGA-OL-A5D7-DX1,3
6513,TCGA-OL-A5D7-DX1_xmin114443_ymin22490_MPP-0.2500+173:0:1,TCGA-OL-A5D7-DX1_xmin114443_ymin22490_MPP-0.2500+173,TCGA-OL-A5D7-DX1,3
6516,TCGA-OL-A5D7-DX1_xmin114443_ymin22490_MPP-0.2500+173:0:4,TCGA-OL-A5D7-DX1_xmin114443_ymin22490_MPP-0.2500+173,TCGA-OL-A5D7-DX1,3
6518,TCGA-OL-A5D7-DX1_xmin114443_ymin22490_MPP-0.2500+173:1:1,TCGA-OL-A5D7-DX1_xmin114443_ymin22490_MPP-0.2500+173,TCGA-OL-A5D7-DX1,3
6519,TCGA-OL-A5D7-DX1_xmin114443_ymin22490_MPP-0.2500+174:0:1,TCGA-OL-A5D7-DX1_xmin114443_ymin22490_MPP-0.2500+174,TCGA-OL-A5D7-DX1,3
6520,TCGA-OL-A5D7-DX1_xmin114443_ymin22490_MPP-0.2500+174:1:1,TCGA-OL-A5D7-DX1_xmin114443_ymin22490_MPP-0.2500+174,TCGA-OL-A5D7-DX1,3
6521,TCGA-OL-A5D7-DX1_xmin114443_ymin22490_MPP-0.2500+175:0:1,TCGA-OL-A5D7-DX1_xmin114443_ymin22490_MPP-0.2500+175,TCGA-OL-A5D7-DX1,3
6522,TCGA-OL-A5D7-DX1_xmin114443_ymin22490_MPP-0.2500+176:0:1,TCGA-OL-A5D7-DX1_xmin114443_ymin22490_MPP-0.2500+176,TCGA-OL-A5D7-DX1,3
6524,TCGA-OL-A5D7-DX1_xmin114443_ymin22490_MPP-0.2500+176:0:3,TCGA-OL-A5D7-DX1_xmin114443_ymin22490_MPP-0.2500+176,TCGA-OL-A5D7-DX1,3
6525,TCGA-OL-A5D7-DX1_xmin114443_ymin22490_MPP-0.2500+176:1:1,TCGA-OL-A5D7-DX1_xmin114443_ymin22490_MPP-0.2500+176,TCGA-OL-A5D7-DX1,3
6526,TCGA-OL-A5D7-DX1_xmin114443_ymin22490_MPP-0.2500+176:1:2,TCGA-OL-A5D7-DX1_xmin114443_ymin22490_MPP-0.2500+176,TCGA-OL-A5D7-DX1,3
6528,TCGA-OL-A5D7-DX1_xmin114443_ymin22490_MPP-0.2500+177:0:1,TCGA-OL-A5D7-DX1_xmin114443_ymin22490_MPP-0.2500+177,TCGA-OL-A5D7-DX1,3
6529,TCGA-OL-A5D7-DX1_xmin114443_ymin22490_MPP-0.2500+177:1:1,TCGA-OL-A5D7-DX1_xmin114443_ymin22490_MPP-0.2500+177,TCGA-OL-A5D7-DX1,3
6530,TCGA-OL-A5D7-DX1_xmin114443_ymin22490_MPP-0.2500+178:0:1,TCGA-OL-A5D7-DX1_xmin114443_ymin22490_MPP-0.2500+178,TCGA-OL-A5D7-DX1,3
6532,TCGA-OL-A5D7-DX1_xmin114443_ymin22490_MPP-0.2500+178:1:1,TCGA-OL-A5D7-DX1_xmin114443_ymin22490_MPP-0.2500+178,TCGA-OL-A5D7-DX1,3
6533,TCGA-OL-A5D7-DX1_xmin114443_ymin22490_MPP-0.2500+179:0:1,TCGA-OL-A5D7-DX1_xmin114443_ymin22490_MPP-0.2500+179,TCGA-OL-A5D7-DX1,3
6534,TCGA-OL-A5D7-DX1_xmin114443_ymin22490_MPP-0.2500+18:0:1,TCGA-OL-A5D7-DX1_xmin114443_ymin22490_MPP-0.2500+18,TCGA-OL-A5D7-DX1,3
6535,TCGA-OL-A5D7-DX1_xmin114443_ymin22490_MPP-0.2500+180:0:1,TCGA-OL-A5D7-DX1_xmin114443_ymin22490_MPP-0.2500+180,TCGA-OL-A5D7-DX1,3
6536,TCGA-OL-A5D7-DX1_xmin114443_ymin22490_MPP-0.2500+181:0:1,TCGA-OL-A5D7-DX1_xmin114443_ymin22490_MPP-0.2500+181,TCGA-OL-A5D7-DX1,3
6537,TCGA-OL-A5D7-DX1_xmin114443_ymin22490_MPP-0.2500+182:0:1,TCGA-OL-A5D7-DX1_xmin114443_ymin22490_MPP-0.2500+182,TCGA-OL-A5D7-DX1,3
6539,TCGA-OL-A5D7-DX1_xmin114443_ymin22490_MPP-0.2500+184:0:1,TCGA-OL-A5D7-DX1_xmin114443_ymin22490_MPP-0.2500+184,TCGA-OL-A5D7-DX1,3
6540,TCGA-OL-A5D7-DX1_xmin114443_ymin22490_MPP-0.2500+185:0:1,TCGA-OL-A5D7-DX1_xmin114443_ymin22490_MPP-0.2500+185,TCGA-OL-A5D7-DX1,3
6541,TCGA-OL-A5D7-DX1_xmin114443_ymin22490_MPP-0.2500+186:0:1,TCGA-OL-A5D7-DX1_xmin114443_ymin22490_MPP-0.2500+186,TCGA-OL-A5D7-DX1,3
6542,TCGA-OL-A5D7-DX1_xmin114443_ymin22490_MPP-0.2500+187:0:1,TCGA-OL-A5D7-DX1_xmin114443_ymin22490_MPP-0.2500+187,TCGA-OL-A5D7-DX1,3
6543,TCGA-OL-A5D7-DX1_xmin114443_ymin22490_MPP-0.2500+188:0:1,TCGA-OL-A5D7-DX1_xmin114443_ymin22490_MPP-0.2500+188,TCGA-OL-A5D7-DX1,3
6544,TCGA-OL-A5D7-DX1_xmin114443_ymin22490_MPP-0.2500+189:0:1,TCGA-OL-A5D7-DX1_xmin114443_ymin22490_MPP-0.2500+189,TCGA-OL-A5D7-DX1,3
6547,TCGA-OL-A5D7-DX1_xmin114443_ymin22490_MPP-0.2500+19:3:1,TCGA-OL-A5D7-DX1_xmin114443_ymin22490_MPP-0.2500+19,TCGA-OL-A5D7-DX1,3
6549,TCGA-OL-A5D7-DX1_xmin114443_ymin22490_MPP-0.2500+190:0:1,TCGA-OL-A5D7-DX1_xmin114443_ymin22490_MPP-0.2500+190,TCGA-OL-A5D7-DX1,3
6550,TCGA-OL-A5D7-DX1_xmin114443_ymin22490_MPP-0.2500+191:1:1,TCGA-OL-A5D7-DX1_xmin114443_ymin22490_MPP-0.2500+191,TCGA-OL-A5D7-DX1,3
6551,TCGA-OL-A5D7-DX1_xmin114443_ymin22490_MPP-0.2500+191:2:1,TCGA-OL-A5D7-DX1_xmin114443_ymin22490_MPP-0.2500+191,TCGA-OL-A5D7-DX1,3
6554,TCGA-OL-A5D7-DX1_xmin114443_ymin22490_MPP-0.2500+191:2:4,TCGA-OL-A5D7-DX1_xmin114443_ymin22490_MPP-0.2500+191,TCGA-OL-A5D7-DX1,3
6555,TCGA-OL-A5D7-DX1_xmin114443_ymin22490_MPP-0.2500+192:1:1,TCGA-OL-A5D7-DX1_xmin114443_ymin22490_MPP-0.2500+192,TCGA-OL-A5D7-DX1,3
6557,TCGA-OL-A5D7-DX1_xmin114443_ymin22490_MPP-0.2500+193:1:1,TCGA-OL-A5D7-DX1_xmin114443_ymin22490_MPP-0.2500+193,TCGA-OL-A5D7-DX1,3
6561,TCGA-OL-A5D7-DX1_xmin114443_ymin22490_MPP-0.2500+195:0:2,TCGA-OL-A5D7-DX1_xmin114443_ymin22490_MPP-0.2500+195,TCGA-OL-A5D7-DX1,3
6563,TCGA-OL-A5D7-DX1_xmin114443_ymin22490_MPP-0.2500+195:1:1,TCGA-OL-A5D7-DX1_xmin114443_ymin22490_MPP-0.2500+195,TCGA-OL-A5D7-DX1,3
6565,TCGA-OL-A5D7-DX1_xmin114443_ymin22490_MPP-0.2500+197:0:1,TCGA-OL-A5D7-DX1_xmin114443_ymin22490_MPP-0.2500+197,TCGA-OL-A5D7-DX1,3
6566,TCGA-OL-A5D7-DX1_xmin114443_ymin22490_MPP-0.2500+198:0:1,TCGA-OL-A5D7-DX1_xmin114443_ymin22490_MPP-0.2500+198,TCGA-OL-A5D7-DX1,3
6567,TCGA-OL-A5D7-DX1_xmin114443_ymin22490_MPP-0.2500+199:0:1,TCGA-OL-A5D7-DX1_xmin114443_ymin22490_MPP-0.2500+199,TCGA-OL-A5D7-DX1,3
6569,TCGA-OL-A5D7-DX1_xmin114443_ymin22490_MPP-0.2500+20:3:1,TCGA-OL-A5D7-DX1_xmin114443_ymin22490_MPP-0.2500+20,TCGA-OL-A5D7-DX1,3
6570,TCGA-OL-A5D7-DX1_xmin114443_ymin22490_MPP-0.2500+200:0:1,TCGA-OL-A5D7-DX1_xmin114443_ymin22490_MPP-0.2500+200,TCGA-OL-A5D7-DX1,3
6571,TCGA-OL-A5D7-DX1_xmin114443_ymin22490_MPP-0.2500+201:0:1,TCGA-OL-A5D7-DX1_xmin114443_ymin22490_MPP-0.2500+201,TCGA-OL-A5D7-DX1,3
6572,TCGA-OL-A5D7-DX1_xmin114443_ymin22490_MPP-0.2500+202:0:1,TCGA-OL-A5D7-DX1_xmin114443_ymin22490_MPP-0.2500+202,TCGA-OL-A5D7-DX1,3
6573,TCGA-OL-A5D7-DX1_xmin114443_ymin22490_MPP-0.2500+203:0:1,TCGA-OL-A5D7-DX1_xmin114443_ymin22490_MPP-0.2500+203,TCGA-OL-A5D7-DX1,3
6574,TCGA-OL-A5D7-DX1_xmin114443_ymin22490_MPP-0.2500+204:0:1,TCGA-OL-A5D7-DX1_xmin114443_ymin22490_MPP-0.2500+204,TCGA-OL-A5D7-DX1,3
6575,TCGA-OL-A5D7-DX1_xmin114443_ymin22490_MPP-0.2500+205:0:1,TCGA-OL-A5D7-DX1_xmin114443_ymin22490_MPP-0.2500+205,TCGA-OL-A5D7-DX1,3
6577,TCGA-OL-A5D7-DX1_xmin114443_ymin22490_MPP-0.2500+206:1:1,TCGA-OL-A5D7-DX1_xmin114443_ymin22490_MPP-0.2500+206,TCGA-OL-A5D7-DX1,3
6579,TCGA-OL-A5D7-DX1_xmin114443_ymin22490_MPP-0.2500+207:0:2,TCGA-OL-A5D7-DX1_xmin114443_ymin22490_MPP-0.2500+207,TCGA-OL-A5D7-DX1,3
6580,TCGA-OL-A5D7-DX1_xmin114443_ymin22490_MPP-0.2500+207:0:3,TCGA-OL-A5D7-DX1_xmin114443_ymin22490_MPP-0.2500+207,TCGA-OL-A5D7-DX1,3
6582,TCGA-OL-A5D7-DX1_xmin114443_ymin22490_MPP-0.2500+208:0:1,TCGA-OL-A5D7-DX1_xmin114443_ymin22490_MPP-0.2500+208,TCGA-OL-A5D7-DX1,3
6583,TCGA-OL-A5D7-DX1_xmin114443_ymin22490_MPP-0.2500+209:0:1,TCGA-OL-A5D7-DX1_xmin114443_ymin22490_MPP-0.2500+209,TCGA-OL-A5D7-DX1,3
6584,TCGA-OL-A5D7-DX1_xmin114443_ymin22490_MPP-0.2500+21:3:1,TCGA-OL-A5D7-DX1_xmin114443_ymin22490_MPP-0.2500+21,TCGA-OL-A5D7-DX1,3
6586,TCGA-OL-A5D7-DX1_xmin114443_ymin22490_MPP-0.2500+210:0:2,TCGA-OL-A5D7-DX1_xmin114443_ymin22490_MPP-0.2500+210,TCGA-OL-A5D7-DX1,3
6587,TCGA-OL-A5D7-DX1_xmin114443_ymin22490_MPP-0.2500+210:1:1,TCGA-OL-A5D7-DX1_xmin114443_ymin22490_MPP-0.2500+210,TCGA-OL-A5D7-DX1,3
6588,TCGA-OL-A5D7-DX1_xmin114443_ymin22490_MPP-0.2500+210:1:2,TCGA-OL-A5D7-DX1_xmin114443_ymin22490_MPP-0.2500+210,TCGA-OL-A5D7-DX1,3
6590,TCGA-OL-A5D7-DX1_xmin114443_ymin22490_MPP-0.2500+211:0:1,TCGA-OL-A5D7-DX1_xmin114443_ymin22490_MPP-0.2500+211,TCGA-OL-A5D7-DX1,3
6591,TCGA-OL-A5D7-DX1_xmin114443_ymin22490_MPP-0.2500+212:0:1,TCGA-OL-A5D7-DX1_xmin114443_ymin22490_MPP-0.2500+212,TCGA-OL-A5D7-DX1,3
6592,TCGA-OL-A5D7-DX1_xmin114443_ymin22490_MPP-0.2500+213:0:1,TCGA-OL-A5D7-DX1_xmin114443_ymin22490_MPP-0.2500+213,TCGA-OL-A5D7-DX1,3
6593,TCGA-OL-A5D7-DX1_xmin114443_ymin22490_MPP-0.2500+214:0:1,TCGA-OL-A5D7-DX1_xmin114443_ymin22490_MPP-0.2500+214,TCGA-OL-A5D7-DX1,3
6594,TCGA-OL-A5D7-DX1_xmin114443_ymin22490_MPP-0.2500+215:0:1,TCGA-OL-A5D7-DX1_xmin114443_ymin22490_MPP-0.2500+215,TCGA-OL-A5D7-DX1,3
6595,TCGA-OL-A5D7-DX1_xmin114443_ymin22490_MPP-0.2500+216:0:1,TCGA-OL-A5D7-DX1_xmin114443_ymin22490_MPP-0.2500+216,TCGA-OL-A5D7-DX1,3
6596,TCGA-OL-A5D7-DX1_xmin114443_ymin22490_MPP-0.2500+217:0:1,TCGA-OL-A5D7-DX1_xmin114443_ymin22490_MPP-0.2500+217,TCGA-OL-A5D7-DX1,3
6597,TCGA-OL-A5D7-DX1_xmin114443_ymin22490_MPP-0.2500+218:0:1,TCGA-OL-A5D7-DX1_xmin114443_ymin22490_MPP-0.2500+218,TCGA-OL-A5D7-DX1,3
6598,TCGA-OL-A5D7-DX1_xmin114443_ymin22490_MPP-0.2500+219:0:1,TCGA-OL-A5D7-DX1_xmin114443_ymin22490_MPP-0.2500+219,TCGA-OL-A5D7-DX1,3
6600,TCGA-OL-A5D7-DX1_xmin114443_ymin22490_MPP-0.2500+22:0:2,TCGA-OL-A5D7-DX1_xmin114443_ymin22490_MPP-0.2500+22,TCGA-OL-A5D7-DX1,3
6601,TCGA-OL-A5D7-DX1_xmin114443_ymin22490_MPP-0.2500+22:3:1,TCGA-OL-A5D7-DX1_xmin114443_ymin22490_MPP-0.2500+22,TCGA-OL-A5D7-DX1,3
6602,TCGA-OL-A5D7-DX1_xmin114443_ymin22490_MPP-0.2500+220:0:1,TCGA-OL-A5D7-DX1_xmin114443_ymin22490_MPP-0.2500+220,TCGA-OL-A5D7-DX1,3
6603,TCGA-OL-A5D7-DX1_xmin114443_ymin22490_MPP-0.2500+221:0:1,TCGA-OL-A5D7-DX1_xmin114443_ymin22490_MPP-0.2500+221,TCGA-OL-A5D7-DX1,3
6604,TCGA-OL-A5D7-DX1_xmin114443_ymin22490_MPP-0.2500+222:0:1,TCGA-OL-A5D7-DX1_xmin114443_ymin22490_MPP-0.2500+222,TCGA-OL-A5D7-DX1,3
6605,TCGA-OL-A5D7-DX1_xmin114443_ymin22490_MPP-0.2500+223:0:1,TCGA-OL-A5D7-DX1_xmin114443_ymin22490_MPP-0.2500+223,TCGA-OL-A5D7-DX1,3
6606,TCGA-OL-A5D7-DX1_xmin114443_ymin22490_MPP-0.2500+224:0:1,TCGA-OL-A5D7-DX1_xmin114443_ymin22490_MPP-0.2500+224,TCGA-OL-A5D7-DX1,3
6607,TCGA-OL-A5D7-DX1_xmin114443_ymin22490_MPP-0.2500+225:0:1,TCGA-OL-A5D7-DX1_xmin114443_ymin22490_MPP-0.2500+225,TCGA-OL-A5D7-DX1,3
6608,TCGA-OL-A5D7-DX1_xmin114443_ymin22490_MPP-0.2500+226:0:1,TCGA-OL-A5D7-DX1_xmin114443_ymin22490_MPP-0.2500+226,TCGA-OL-A5D7-DX1,3
6609,TCGA-OL-A5D7-DX1_xmin114443_ymin22490_MPP-0.2500+227:0:1,TCGA-OL-A5D7-DX1_xmin114443_ymin22490_MPP-0.2500+227,TCGA-OL-A5D7-DX1,3
6610,TCGA-OL-A5D7-DX1_xmin114443_ymin22490_MPP-0.2500+228:0:1,TCGA-OL-A5D7-DX1_xmin114443_ymin22490_MPP-0.2500+228,TCGA-OL-A5D7-DX1,3
6611,TCGA-OL-A5D7-DX1_xmin114443_ymin22490_MPP-0.2500+229:0:1,TCGA-OL-A5D7-DX1_xmin114443_ymin22490_MPP-0.2500+229,TCGA-OL-A5D7-DX1,3
6613,TCGA-OL-A5D7-DX1_xmin114443_ymin22490_MPP-0.2500+230:0:1,TCGA-OL-A5D7-DX1_xmin114443_ymin22490_MPP-0.2500+230,TCGA-OL-A5D7-DX1,3
6614,TCGA-OL-A5D7-DX1_xmin114443_ymin22490_MPP-0.2500+231:0:1,TCGA-OL-A5D7-DX1_xmin114443_ymin22490_MPP-0.2500+231,TCGA-OL-A5D7-DX1,3
6615,TCGA-OL-A5D7-DX1_xmin114443_ymin22490_MPP-0.2500+232:0:1,TCGA-OL-A5D7-DX1_xmin114443_ymin22490_MPP-0.2500+232,TCGA-OL-A5D7-DX1,3
6616,TCGA-OL-A5D7-DX1_xmin114443_ymin22490_MPP-0.2500+233:0:1,TCGA-OL-A5D7-DX1_xmin114443_ymin22490_MPP-0.2500+233,TCGA-OL-A5D7-DX1,3
6617,TCGA-OL-A5D7-DX1_xmin114443_ymin22490_MPP-0.2500+234:0:1,TCGA-OL-A5D7-DX1_xmin114443_ymin22490_MPP-0.2500+234,TCGA-OL-A5D7-DX1,3
6618,TCGA-OL-A5D7-DX1_xmin114443_ymin22490_MPP-0.2500+235:0:1,TCGA-OL-A5D7-DX1_xmin114443_ymin22490_MPP-0.2500+235,TCGA-OL-A5D7-DX1,3
6619,TCGA-OL-A5D7-DX1_xmin114443_ymin22490_MPP-0.2500+236:0:1,TCGA-OL-A5D7-DX1_xmin114443_ymin22490_MPP-0.2500+236,TCGA-OL-A5D7-DX1,3
6620,TCGA-OL-A5D7-DX1_xmin114443_ymin22490_MPP-0.2500+237:0:1,TCGA-OL-A5D7-DX1_xmin114443_ymin22490_MPP-0.2500+237,TCGA-OL-A5D7-DX1,3
6621,TCGA-OL-A5D7-DX1_xmin114443_ymin22490_MPP-0.2500+238:0:1,TCGA-OL-A5D7-DX1_xmin114443_ymin22490_MPP-0.2500+238,TCGA-OL-A5D7-DX1,3
6622,TCGA-OL-A5D7-DX1_xmin114443_ymin22490_MPP-0.2500+239:0:1,TCGA-OL-A5D7-DX1_xmin114443_ymin22490_MPP-0.2500+239,TCGA-OL-A5D7-DX1,3
6623,TCGA-OL-A5D7-DX1_xmin114443_ymin22490_MPP-0.2500+24:0:1,TCGA-OL-A5D7-DX1_xmin114443_ymin22490_MPP-0.2500+24,TCGA-OL-A5D7-DX1,3
6624,TCGA-OL-A5D7-DX1_xmin114443_ymin22490_MPP-0.2500+240:0:1,TCGA-OL-A5D7-DX1_xmin114443_ymin22490_MPP-0.2500+240,TCGA-OL-A5D7-DX1,3
6625,TCGA-OL-A5D7-DX1_xmin114443_ymin22490_MPP-0.2500+241:0:1,TCGA-OL-A5D7-DX1_xmin114443_ymin22490_MPP-0.2500+241,TCGA-OL-A5D7-DX1,3
6626,TCGA-OL-A5D7-DX1_xmin114443_ymin22490_MPP-0.2500+242:0:1,TCGA-OL-A5D7-DX1_xmin114443_ymin22490_MPP-0.2500+242,TCGA-OL-A5D7-DX1,3
6627,TCGA-OL-A5D7-DX1_xmin114443_ymin22490_MPP-0.2500+243:0:1,TCGA-OL-A5D7-DX1_xmin114443_ymin22490_MPP-0.2500+243,TCGA-OL-A5D7-DX1,3
6628,TCGA-OL-A5D7-DX1_xmin114443_ymin22490_MPP-0.2500+244:0:1,TCGA-OL-A5D7-DX1_xmin114443_ymin22490_MPP-0.2500+244,TCGA-OL-A5D7-DX1,3
6629,TCGA-OL-A5D7-DX1_xmin114443_ymin22490_MPP-0.2500+245:0:1,TCGA-OL-A5D7-DX1_xmin114443_ymin22490_MPP-0.2500+245,TCGA-OL-A5D7-DX1,3
6630,TCGA-OL-A5D7-DX1_xmin114443_ymin22490_MPP-0.2500+246:0:1,TCGA-OL-A5D7-DX1_xmin114443_ymin22490_MPP-0.2500+246,TCGA-OL-A5D7-DX1,3
6631,TCGA-OL-A5D7-DX1_xmin114443_ymin22490_MPP-0.2500+247:0:1,TCGA-OL-A5D7-DX1_xmin114443_ymin22490_MPP-0.2500+247,TCGA-OL-A5D7-DX1,3
6632,TCGA-OL-A5D7-DX1_xmin114443_ymin22490_MPP-0.2500+248:0:1,TCGA-OL-A5D7-DX1_xmin114443_ymin22490_MPP-0.2500+248,TCGA-OL-A5D7-DX1,3
6633,TCGA-OL-A5D7-DX1_xmin114443_ymin22490_MPP-0.2500+249:0:1,TCGA-OL-A5D7-DX1_xmin114443_ymin22490_MPP-0.2500+249,TCGA-OL-A5D7-DX1,3
6634,TCGA-OL-A5D7-DX1_xmin114443_ymin22490_MPP-0.2500+25:0:1,TCGA-OL-A5D7-DX1_xmin114443_ymin22490_MPP-0.2500+25,TCGA-OL-A5D7-DX1,3
6636,TCGA-OL-A5D7-DX1_xmin114443_ymin22490_MPP-0.2500+250:0:1,TCGA-OL-A5D7-DX1_xmin114443_ymin22490_MPP-0.2500+250,TCGA-OL-A5D7-DX1,3
6637,TCGA-OL-A5D7-DX1_xmin114443_ymin22490_MPP-0.2500+251:0:1,TCGA-OL-A5D7-DX1_xmin114443_ymin22490_MPP-0.2500+251,TCGA-OL-A5D7-DX1,3
6639,TCGA-OL-A5D7-DX1_xmin114443_ymin22490_MPP-0.2500+252:1:1,TCGA-OL-A5D7-DX1_xmin114443_ymin22490_MPP-0.2500+252,TCGA-OL-A5D7-DX1,3
6640,TCGA-OL-A5D7-DX1_xmin114443_ymin22490_MPP-0.2500+252:1:2,TCGA-OL-A5D7-DX1_xmin114443_ymin22490_MPP-0.2500+252,TCGA-OL-A5D7-DX1,3
6641,TCGA-OL-A5D7-DX1_xmin114443_ymin22490_MPP-0.2500+253:0:1,TCGA-OL-A5D7-DX1_xmin114443_ymin22490_MPP-0.2500+253,TCGA-OL-A5D7-DX1,3
6642,TCGA-OL-A5D7-DX1_xmin114443_ymin22490_MPP-0.2500+254:0:1,TCGA-OL-A5D7-DX1_xmin114443_ymin22490_MPP-0.2500+254,TCGA-OL-A5D7-DX1,3
6643,TCGA-OL-A5D7-DX1_xmin114443_ymin22490_MPP-0.2500+26:0:1,TCGA-OL-A5D7-DX1_xmin114443_ymin22490_MPP-0.2500+26,TCGA-OL-A5D7-DX1,3
6644,TCGA-OL-A5D7-DX1_xmin114443_ymin22490_MPP-0.2500+27:0:1,TCGA-OL-A5D7-DX1_xmin114443_ymin22490_MPP-0.2500+27,TCGA-OL-A5D7-DX1,3
6645,TCGA-OL-A5D7-DX1_xmin114443_ymin22490_MPP-0.2500+28:0:1,TCGA-OL-A5D7-DX1_xmin114443_ymin22490_MPP-0.2500+28,TCGA-OL-A5D7-DX1,3
6647,TCGA-OL-A5D7-DX1_xmin114443_ymin22490_MPP-0.2500+29:3:1,TCGA-OL-A5D7-DX1_xmin114443_ymin22490_MPP-0.2500+29,TCGA-OL-A5D7-DX1,3
6648,TCGA-OL-A5D7-DX1_xmin114443_ymin22490_MPP-0.2500+3:0:1,TCGA-OL-A5D7-DX1_xmin114443_ymin22490_MPP-0.2500+3,TCGA-OL-A5D7-DX1,3
6649,TCGA-OL-A5D7-DX1_xmin114443_ymin22490_MPP-0.2500+3:1:1,TCGA-OL-A5D7-DX1_xmin114443_ymin22490_MPP-0.2500+3,TCGA-OL-A5D7-DX1,3
6651,TCGA-OL-A5D7-DX1_xmin114443_ymin22490_MPP-0.2500+3:1:3,TCGA-OL-A5D7-DX1_xmin114443_ymin22490_MPP-0.2500+3,TCGA-OL-A5D7-DX1,3
6652,TCGA-OL-A5D7-DX1_xmin114443_ymin22490_MPP-0.2500+30:0:1,TCGA-OL-A5D7-DX1_xmin114443_ymin22490_MPP-0.2500+30,TCGA-OL-A5D7-DX1,3
6653,TCGA-OL-A5D7-DX1_xmin114443_ymin22490_MPP-0.2500+30:0:2,TCGA-OL-A5D7-DX1_xmin114443_ymin22490_MPP-0.2500+30,TCGA-OL-A5D7-DX1,3
6654,TCGA-OL-A5D7-DX1_xmin114443_ymin22490_MPP-0.2500+30:3:1,TCGA-OL-A5D7-DX1_xmin114443_ymin22490_MPP-0.2500+30,TCGA-OL-A5D7-DX1,3
6655,TCGA-OL-A5D7-DX1_xmin114443_ymin22490_MPP-0.2500+30:3:2,TCGA-OL-A5D7-DX1_xmin114443_ymin22490_MPP-0.2500+30,TCGA-OL-A5D7-DX1,3
6656,TCGA-OL-A5D7-DX1_xmin114443_ymin22490_MPP-0.2500+31:3:1,TCGA-OL-A5D7-DX1_xmin114443_ymin22490_MPP-0.2500+31,TCGA-OL-A5D7-DX1,3
6657,TCGA-OL-A5D7-DX1_xmin114443_ymin22490_MPP-0.2500+32:0:1,TCGA-OL-A5D7-DX1_xmin114443_ymin22490_MPP-0.2500+32,TCGA-OL-A5D7-DX1,3
6659,TCGA-OL-A5D7-DX1_xmin114443_ymin22490_MPP-0.2500+32:0:4,TCGA-OL-A5D7-DX1_xmin114443_ymin22490_MPP-0.2500+32,TCGA-OL-A5D7-DX1,3
6660,TCGA-OL-A5D7-DX1_xmin114443_ymin22490_MPP-0.2500+32:3:1,TCGA-OL-A5D7-DX1_xmin114443_ymin22490_MPP-0.2500+32,TCGA-OL-A5D7-DX1,3
6664,TCGA-OL-A5D7-DX1_xmin114443_ymin22490_MPP-0.2500+33:3:1,TCGA-OL-A5D7-DX1_xmin114443_ymin22490_MPP-0.2500+33,TCGA-OL-A5D7-DX1,3
6666,TCGA-OL-A5D7-DX1_xmin114443_ymin22490_MPP-0.2500+33:3:3,TCGA-OL-A5D7-DX1_xmin114443_ymin22490_MPP-0.2500+33,TCGA-OL-A5D7-DX1,3
6667,TCGA-OL-A5D7-DX1_xmin114443_ymin22490_MPP-0.2500+33:3:5,TCGA-OL-A5D7-DX1_xmin114443_ymin22490_MPP-0.2500+33,TCGA-OL-A5D7-DX1,3
6669,TCGA-OL-A5D7-DX1_xmin114443_ymin22490_MPP-0.2500+34:0:1,TCGA-OL-A5D7-DX1_xmin114443_ymin22490_MPP-0.2500+34,TCGA-OL-A5D7-DX1,3
6670,TCGA-OL-A5D7-DX1_xmin114443_ymin22490_MPP-0.2500+35:0:1,TCGA-OL-A5D7-DX1_xmin114443_ymin22490_MPP-0.2500+35,TCGA-OL-A5D7-DX1,3
6671,TCGA-OL-A5D7-DX1_xmin114443_ymin22490_MPP-0.2500+36:0:1,TCGA-OL-A5D7-DX1_xmin114443_ymin22490_MPP-0.2500+36,TCGA-OL-A5D7-DX1,3
6672,TCGA-OL-A5D7-DX1_xmin114443_ymin22490_MPP-0.2500+37:0:1,TCGA-OL-A5D7-DX1_xmin114443_ymin22490_MPP-0.2500+37,TCGA-OL-A5D7-DX1,3
6674,TCGA-OL-A5D7-DX1_xmin114443_ymin22490_MPP-0.2500+37:0:4,TCGA-OL-A5D7-DX1_xmin114443_ymin22490_MPP-0.2500+37,TCGA-OL-A5D7-DX1,3
6675,TCGA-OL-A5D7-DX1_xmin114443_ymin22490_MPP-0.2500+37:0:5,TCGA-OL-A5D7-DX1_xmin114443_ymin22490_MPP-0.2500+37,TCGA-OL-A5D7-DX1,3
6676,TCGA-OL-A5D7-DX1_xmin114443_ymin22490_MPP-0.2500+37:1:2,TCGA-OL-A5D7-DX1_xmin114443_ymin22490_MPP-0.2500+37,TCGA-OL-A5D7-DX1,3
6681,TCGA-OL-A5D7-DX1_xmin114443_ymin22490_MPP-0.2500+39:0:1,TCGA-OL-A5D7-DX1_xmin114443_ymin22490_MPP-0.2500+39,TCGA-OL-A5D7-DX1,3
6682,TCGA-OL-A5D7-DX1_xmin114443_ymin22490_MPP-0.2500+4:1:1,TCGA-OL-A5D7-DX1_xmin114443_ymin22490_MPP-0.2500+4,TCGA-OL-A5D7-DX1,3
6683,TCGA-OL-A5D7-DX1_xmin114443_ymin22490_MPP-0.2500+40:0:1,TCGA-OL-A5D7-DX1_xmin114443_ymin22490_MPP-0.2500+40,TCGA-OL-A5D7-DX1,3
6685,TCGA-OL-A5D7-DX1_xmin114443_ymin22490_MPP-0.2500+42:0:1,TCGA-OL-A5D7-DX1_xmin114443_ymin22490_MPP-0.2500+42,TCGA-OL-A5D7-DX1,3
6686,TCGA-OL-A5D7-DX1_xmin114443_ymin22490_MPP-0.2500+42:0:2,TCGA-OL-A5D7-DX1_xmin114443_ymin22490_MPP-0.2500+42,TCGA-OL-A5D7-DX1,3
6687,TCGA-OL-A5D7-DX1_xmin114443_ymin22490_MPP-0.2500+42:3:1,TCGA-OL-A5D7-DX1_xmin114443_ymin22490_MPP-0.2500+42,TCGA-OL-A5D7-DX1,3
6688,TCGA-OL-A5D7-DX1_xmin114443_ymin22490_MPP-0.2500+43:3:1,TCGA-OL-A5D7-DX1_xmin114443_ymin22490_MPP-0.2500+43,TCGA-OL-A5D7-DX1,3
6689,TCGA-OL-A5D7-DX1_xmin114443_ymin22490_MPP-0.2500+44:0:1,TCGA-OL-A5D7-DX1_xmin114443_ymin22490_MPP-0.2500+44,TCGA-OL-A5D7-DX1,3
6690,TCGA-OL-A5D7-DX1_xmin114443_ymin22490_MPP-0.2500+44:3:1,TCGA-OL-A5D7-DX1_xmin114443_ymin22490_MPP-0.2500+44,TCGA-OL-A5D7-DX1,3
6691,TCGA-OL-A5D7-DX1_xmin114443_ymin22490_MPP-0.2500+45:0:1,TCGA-OL-A5D7-DX1_xmin114443_ymin22490_MPP-0.2500+45,TCGA-OL-A5D7-DX1,3
6694,TCGA-OL-A5D7-DX1_xmin114443_ymin22490_MPP-0.2500+47:0:1,TCGA-OL-A5D7-DX1_xmin114443_ymin22490_MPP-0.2500+47,TCGA-OL-A5D7-DX1,3
6695,TCGA-OL-A5D7-DX1_xmin114443_ymin22490_MPP-0.2500+48:0:1,TCGA-OL-A5D7-DX1_xmin114443_ymin22490_MPP-0.2500+48,TCGA-OL-A5D7-DX1,3
6696,TCGA-OL-A5D7-DX1_xmin114443_ymin22490_MPP-0.2500+49:0:1,TCGA-OL-A5D7-DX1_xmin114443_ymin22490_MPP-0.2500+49,TCGA-OL-A5D7-DX1,3
6699,TCGA-OL-A5D7-DX1_xmin114443_ymin22490_MPP-0.2500+5:0:4,TCGA-OL-A5D7-DX1_xmin114443_ymin22490_MPP-0.2500+5,TCGA-OL-A5D7-DX1,3
6700,TCGA-OL-A5D7-DX1_xmin114443_ymin22490_MPP-0.2500+5:1:1,TCGA-OL-A5D7-DX1_xmin114443_ymin22490_MPP-0.2500+5,TCGA-OL-A5D7-DX1,3
6701,TCGA-OL-A5D7-DX1_xmin114443_ymin22490_MPP-0.2500+5:1:3,TCGA-OL-A5D7-DX1_xmin114443_ymin22490_MPP-0.2500+5,TCGA-OL-A5D7-DX1,3
6702,TCGA-OL-A5D7-DX1_xmin114443_ymin22490_MPP-0.2500+50:0:1,TCGA-OL-A5D7-DX1_xmin114443_ymin22490_MPP-0.2500+50,TCGA-OL-A5D7-DX1,3
6703,TCGA-OL-A5D7-DX1_xmin114443_ymin22490_MPP-0.2500+50:0:2,TCGA-OL-A5D7-DX1_xmin114443_ymin22490_MPP-0.2500+50,TCGA-OL-A5D7-DX1,3
6704,TCGA-OL-A5D7-DX1_xmin114443_ymin22490_MPP-0.2500+50:1:1,TCGA-OL-A5D7-DX1_xmin114443_ymin22490_MPP-0.2500+50,TCGA-OL-A5D7-DX1,3
6705,TCGA-OL-A5D7-DX1_xmin114443_ymin22490_MPP-0.2500+51:1:1,TCGA-OL-A5D7-DX1_xmin114443_ymin22490_MPP-0.2500+51,TCGA-OL-A5D7-DX1,3
6709,TCGA-OL-A5D7-DX1_xmin114443_ymin22490_MPP-0.2500+51:2:6,TCGA-OL-A5D7-DX1_xmin114443_ymin22490_MPP-0.2500+51,TCGA-OL-A5D7-DX1,3
6711,TCGA-OL-A5D7-DX1_xmin114443_ymin22490_MPP-0.2500+53:0:2,TCGA-OL-A5D7-DX1_xmin114443_ymin22490_MPP-0.2500+53,TCGA-OL-A5D7-DX1,3
6713,TCGA-OL-A5D7-DX1_xmin114443_ymin22490_MPP-0.2500+53:0:4,TCGA-OL-A5D7-DX1_xmin114443_ymin22490_MPP-0.2500+53,TCGA-OL-A5D7-DX1,3
6715,TCGA-OL-A5D7-DX1_xmin114443_ymin22490_MPP-0.2500+53:0:6,TCGA-OL-A5D7-DX1_xmin114443_ymin22490_MPP-0.2500+53,TCGA-OL-A5D7-DX1,3
6716,TCGA-OL-A5D7-DX1_xmin114443_ymin22490_MPP-0.2500+53:1:1,TCGA-OL-A5D7-DX1_xmin114443_ymin22490_MPP-0.2500+53,TCGA-OL-A5D7-DX1,3
6719,TCGA-OL-A5D7-DX1_xmin114443_ymin22490_MPP-0.2500+55:0:1,TCGA-OL-A5D7-DX1_xmin114443_ymin22490_MPP-0.2500+55,TCGA-OL-A5D7-DX1,3
6722,TCGA-OL-A5D7-DX1_xmin114443_ymin22490_MPP-0.2500+56:3:2,TCGA-OL-A5D7-DX1_xmin114443_ymin22490_MPP-0.2500+56,TCGA-OL-A5D7-DX1,3
6724,TCGA-OL-A5D7-DX1_xmin114443_ymin22490_MPP-0.2500+56:3:4,TCGA-OL-A5D7-DX1_xmin114443_ymin22490_MPP-0.2500+56,TCGA-OL-A5D7-DX1,3
6725,TCGA-OL-A5D7-DX1_xmin114443_ymin22490_MPP-0.2500+57:0:1,TCGA-OL-A5D7-DX1_xmin114443_ymin22490_MPP-0.2500+57,TCGA-OL-A5D7-DX1,3
6726,TCGA-OL-A5D7-DX1_xmin114443_ymin22490_MPP-0.2500+57:3:1,TCGA-OL-A5D7-DX1_xmin114443_ymin22490_MPP-0.2500+57,TCGA-OL-A5D7-DX1,3
6728,TCGA-OL-A5D7-DX1_xmin114443_ymin22490_MPP-0.2500+58:0:2,TCGA-OL-A5D7-DX1_xmin114443_ymin22490_MPP-0.2500+58,TCGA-OL-A5D7-DX1,3
6730,TCGA-OL-A5D7-DX1_xmin114443_ymin22490_MPP-0.2500+58:3:1,TCGA-OL-A5D7-DX1_xmin114443_ymin22490_MPP-0.2500+58,TCGA-OL-A5D7-DX1,3
6731,TCGA-OL-A5D7-DX1_xmin114443_ymin22490_MPP-0.2500+59:0:1,TCGA-OL-A5D7-DX1_xmin114443_ymin22490_MPP-0.2500+59,TCGA-OL-A5D7-DX1,3
6732,TCGA-OL-A5D7-DX1_xmin114443_ymin22490_MPP-0.2500+59:0:2,TCGA-OL-A5D7-DX1_xmin114443_ymin22490_MPP-0.2500+59,TCGA-OL-A5D7-DX1,3
6735,TCGA-OL-A5D7-DX1_xmin114443_ymin22490_MPP-0.2500+6:0:1,TCGA-OL-A5D7-DX1_xmin114443_ymin22490_MPP-0.2500+6,TCGA-OL-A5D7-DX1,3
6736,TCGA-OL-A5D7-DX1_xmin114443_ymin22490_MPP-0.2500+60:0:1,TCGA-OL-A5D7-DX1_xmin114443_ymin22490_MPP-0.2500+60,TCGA-OL-A5D7-DX1,3
6737,TCGA-OL-A5D7-DX1_xmin114443_ymin22490_MPP-0.2500+61:0:1,TCGA-OL-A5D7-DX1_xmin114443_ymin22490_MPP-0.2500+61,TCGA-OL-A5D7-DX1,3
6738,TCGA-OL-A5D7-DX1_xmin114443_ymin22490_MPP-0.2500+62:0:1,TCGA-OL-A5D7-DX1_xmin114443_ymin22490_MPP-0.2500+62,TCGA-OL-A5D7-DX1,3
6739,TCGA-OL-A5D7-DX1_xmin114443_ymin22490_MPP-0.2500+63:0:1,TCGA-OL-A5D7-DX1_xmin114443_ymin22490_MPP-0.2500+63,TCGA-OL-A5D7-DX1,3
6740,TCGA-OL-A5D7-DX1_xmin114443_ymin22490_MPP-0.2500+64:0:1,TCGA-OL-A5D7-DX1_xmin114443_ymin22490_MPP-0.2500+64,TCGA-OL-A5D7-DX1,3
6741,TCGA-OL-A5D7-DX1_xmin114443_ymin22490_MPP-0.2500+65:0:1,TCGA-OL-A5D7-DX1_xmin114443_ymin22490_MPP-0.2500+65,TCGA-OL-A5D7-DX1,3
6742,TCGA-OL-A5D7-DX1_xmin114443_ymin22490_MPP-0.2500+66:0:1,TCGA-OL-A5D7-DX1_xmin114443_ymin22490_MPP-0.2500+66,TCGA-OL-A5D7-DX1,3
6743,TCGA-OL-A5D7-DX1_xmin114443_ymin22490_MPP-0.2500+66:0:2,TCGA-OL-A5D7-DX1_xmin114443_ymin22490_MPP-0.2500+66,TCGA-OL-A5D7-DX1,3
6744,TCGA-OL-A5D7-DX1_xmin114443_ymin22490_MPP-0.2500+66:1:1,TCGA-OL-A5D7-DX1_xmin114443_ymin22490_MPP-0.2500+66,TCGA-OL-A5D7-DX1,3
6745,TCGA-OL-A5D7-DX1_xmin114443_ymin22490_MPP-0.2500+67:0:1,TCGA-OL-A5D7-DX1_xmin114443_ymin22490_MPP-0.2500+67,TCGA-OL-A5D7-DX1,3
6746,TCGA-OL-A5D7-DX1_xmin114443_ymin22490_MPP-0.2500+67:0:2,TCGA-OL-A5D7-DX1_xmin114443_ymin22490_MPP-0.2500+67,TCGA-OL-A5D7-DX1,3
6747,TCGA-OL-A5D7-DX1_xmin114443_ymin22490_MPP-0.2500+67:1:1,TCGA-OL-A5D7-DX1_xmin114443_ymin22490_MPP-0.2500+67,TCGA-OL-A5D7-DX1,3
6748,TCGA-OL-A5D7-DX1_xmin114443_ymin22490_MPP-0.2500+67:1:2,TCGA-OL-A5D7-DX1_xmin114443_ymin22490_MPP-0.2500+67,TCGA-OL-A5D7-DX1,3
6749,TCGA-OL-A5D7-DX1_xmin114443_ymin22490_MPP-0.2500+68:0:1,TCGA-OL-A5D7-DX1_xmin114443_ymin22490_MPP-0.2500+68,TCGA-OL-A5D7-DX1,3
6752,TCGA-OL-A5D7-DX1_xmin114443_ymin22490_MPP-0.2500+68:0:4,TCGA-OL-A5D7-DX1_xmin114443_ymin22490_MPP-0.2500+68,TCGA-OL-A5D7-DX1,3
6756,TCGA-OL-A5D7-DX1_xmin114443_ymin22490_MPP-0.2500+69:0:1,TCGA-OL-A5D7-DX1_xmin114443_ymin22490_MPP-0.2500+69,TCGA-OL-A5D7-DX1,3
6758,TCGA-OL-A5D7-DX1_xmin114443_ymin22490_MPP-0.2500+69:1:2,TCGA-OL-A5D7-DX1_xmin114443_ymin22490_MPP-0.2500+69,TCGA-OL-A5D7-DX1,3
6759,TCGA-OL-A5D7-DX1_xmin114443_ymin22490_MPP-0.2500+7:0:1,TCGA-OL-A5D7-DX1_xmin114443_ymin22490_MPP-0.2500+7,TCGA-OL-A5D7-DX1,3
6761,TCGA-OL-A5D7-DX1_xmin114443_ymin22490_MPP-0.2500+7:1:2,TCGA-OL-A5D7-DX1_xmin114443_ymin22490_MPP-0.2500+7,TCGA-OL-A5D7-DX1,3
6764,TCGA-OL-A5D7-DX1_xmin114443_ymin22490_MPP-0.2500+70:0:3,TCGA-OL-A5D7-DX1_xmin114443_ymin22490_MPP-0.2500+70,TCGA-OL-A5D7-DX1,3
6765,TCGA-OL-A5D7-DX1_xmin114443_ymin22490_MPP-0.2500+70:2:1,TCGA-OL-A5D7-DX1_xmin114443_ymin22490_MPP-0.2500+70,TCGA-OL-A5D7-DX1,3
6766,TCGA-OL-A5D7-DX1_xmin114443_ymin22490_MPP-0.2500+70:2:2,TCGA-OL-A5D7-DX1_xmin114443_ymin22490_MPP-0.2500+70,TCGA-OL-A5D7-DX1,3
6767,TCGA-OL-A5D7-DX1_xmin114443_ymin22490_MPP-0.2500+71:0:1,TCGA-OL-A5D7-DX1_xmin114443_ymin22490_MPP-0.2500+71,TCGA-OL-A5D7-DX1,3
6768,TCGA-OL-A5D7-DX1_xmin114443_ymin22490_MPP-0.2500+72:0:1,TCGA-OL-A5D7-DX1_xmin114443_ymin22490_MPP-0.2500+72,TCGA-OL-A5D7-DX1,3
6769,TCGA-OL-A5D7-DX1_xmin114443_ymin22490_MPP-0.2500+72:0:2,TCGA-OL-A5D7-DX1_xmin114443_ymin22490_MPP-0.2500+72,TCGA-OL-A5D7-DX1,3
6770,TCGA-OL-A5D7-DX1_xmin114443_ymin22490_MPP-0.2500+72:2:1,TCGA-OL-A5D7-DX1_xmin114443_ymin22490_MPP-0.2500+72,TCGA-OL-A5D7-DX1,3
6772,TCGA-OL-A5D7-DX1_xmin114443_ymin22490_MPP-0.2500+72:2:4,TCGA-OL-A5D7-DX1_xmin114443_ymin22490_MPP-0.2500+72,TCGA-OL-A5D7-DX1,3
6776,TCGA-OL-A5D7-DX1_xmin114443_ymin22490_MPP-0.2500+76:0:1,TCGA-OL-A5D7-DX1_xmin114443_ymin22490_MPP-0.2500+76,TCGA-OL-A5D7-DX1,3
6777,TCGA-OL-A5D7-DX1_xmin114443_ymin22490_MPP-0.2500+77:0:1,TCGA-OL-A5D7-DX1_xmin114443_ymin22490_MPP-0.2500+77,TCGA-OL-A5D7-DX1,3
6778,TCGA-OL-A5D7-DX1_xmin114443_ymin22490_MPP-0.2500+78:0:1,TCGA-OL-A5D7-DX1_xmin114443_ymin22490_MPP-0.2500+78,TCGA-OL-A5D7-DX1,3
6779,TCGA-OL-A5D7-DX1_xmin114443_ymin22490_MPP-0.2500+79:0:1,TCGA-OL-A5D7-DX1_xmin114443_ymin22490_MPP-0.2500+79,TCGA-OL-A5D7-DX1,3
6780,TCGA-OL-A5D7-DX1_xmin114443_ymin22490_MPP-0.2500+8:1:1,TCGA-OL-A5D7-DX1_xmin114443_ymin22490_MPP-0.2500+8,TCGA-OL-A5D7-DX1,3
6781,TCGA-OL-A5D7-DX1_xmin114443_ymin22490_MPP-0.2500+80:0:1,TCGA-OL-A5D7-DX1_xmin114443_ymin22490_MPP-0.2500+80,TCGA-OL-A5D7-DX1,3
6782,TCGA-OL-A5D7-DX1_xmin114443_ymin22490_MPP-0.2500+81:0:1,TCGA-OL-A5D7-DX1_xmin114443_ymin22490_MPP-0.2500+81,TCGA-OL-A5D7-DX1,3
6783,TCGA-OL-A5D7-DX1_xmin114443_ymin22490_MPP-0.2500+82:0:1,TCGA-OL-A5D7-DX1_xmin114443_ymin22490_MPP-0.2500+82,TCGA-OL-A5D7-DX1,3
6784,TCGA-OL-A5D7-DX1_xmin114443_ymin22490_MPP-0.2500+83:0:1,TCGA-OL-A5D7-DX1_xmin114443_ymin22490_MPP-0.2500+83,TCGA-OL-A5D7-DX1,3
6785,TCGA-OL-A5D7-DX1_xmin114443_ymin22490_MPP-0.2500+84:0:1,TCGA-OL-A5D7-DX1_xmin114443_ymin22490_MPP-0.2500+84,TCGA-OL-A5D7-DX1,3
6786,TCGA-OL-A5D7-DX1_xmin114443_ymin22490_MPP-0.2500+85:0:1,TCGA-OL-A5D7-DX1_xmin114443_ymin22490_MPP-0.2500+85,TCGA-OL-A5D7-DX1,3
6787,TCGA-OL-A5D7-DX1_xmin114443_ymin22490_MPP-0.2500+86:0:1,TCGA-OL-A5D7-DX1_xmin114443_ymin22490_MPP-0.2500+86,TCGA-OL-A5D7-DX1,3
6788,TCGA-OL-A5D7-DX1_xmin114443_ymin22490_MPP-0.2500+87:0:1,TCGA-OL-A5D7-DX1_xmin114443_ymin22490_MPP-0.2500+87,TCGA-OL-A5D7-DX1,3
6790,TCGA-OL-A5D7-DX1_xmin114443_ymin22490_MPP-0.2500+87:1:2,TCGA-OL-A5D7-DX1_xmin114443_ymin22490_MPP-0.2500+87,TCGA-OL-A5D7-DX1,3
6792,TCGA-OL-A5D7-DX1_xmin114443_ymin22490_MPP-0.2500+88:0:1,TCGA-OL-A5D7-DX1_xmin114443_ymin22490_MPP-0.2500+88,TCGA-OL-A5D7-DX1,3
6794,TCGA-OL-A5D7-DX1_xmin114443_ymin22490_MPP-0.2500+88:0:3,TCGA-OL-A5D7-DX1_xmin114443_ymin22490_MPP-0.2500+88,TCGA-OL-A5D7-DX1,3
6795,TCGA-OL-A5D7-DX1_xmin114443_ymin22490_MPP-0.2500+88:0:4,TCGA-OL-A5D7-DX1_xmin114443_ymin22490_MPP-0.2500+88,TCGA-OL-A5D7-DX1,3
6796,TCGA-OL-A5D7-DX1_xmin114443_ymin22490_MPP-0.2500+88:1:1,TCGA-OL-A5D7-DX1_xmin114443_ymin22490_MPP-0.2500+88,TCGA-OL-A5D7-DX1,3
6798,TCGA-OL-A5D7-DX1_xmin114443_ymin22490_MPP-0.2500+89:1:1,TCGA-OL-A5D7-DX1_xmin114443_ymin22490_MPP-0.2500+89,TCGA-OL-A5D7-DX1,3
6799,TCGA-OL-A5D7-DX1_xmin114443_ymin22490_MPP-0.2500+9:0:1,TCGA-OL-A5D7-DX1_xmin114443_ymin22490_MPP-0.2500+9,TCGA-OL-A5D7-DX1,3
6800,TCGA-OL-A5D7-DX1_xmin114443_ymin22490_MPP-0.2500+90:0:1,TCGA-OL-A5D7-DX1_xmin114443_ymin22490_MPP-0.2500+90,TCGA-OL-A5D7-DX1,3
6803,TCGA-OL-A5D7-DX1_xmin114443_ymin22490_MPP-0.2500+90:1:2,TCGA-OL-A5D7-DX1_xmin114443_ymin22490_MPP-0.2500+90,TCGA-OL-A5D7-DX1,3
6804,TCGA-OL-A5D7-DX1_xmin114443_ymin22490_MPP-0.2500+91:0:1,TCGA-OL-A5D7-DX1_xmin114443_ymin22490_MPP-0.2500+91,TCGA-OL-A5D7-DX1,3
6805,TCGA-OL-A5D7-DX1_xmin114443_ymin22490_MPP-0.2500+91:0:2,TCGA-OL-A5D7-DX1_xmin114443_ymin22490_MPP-0.2500+91,TCGA-OL-A5D7-DX1,3
6807,TCGA-OL-A5D7-DX1_xmin114443_ymin22490_MPP-0.2500+91:1:1,TCGA-OL-A5D7-DX1_xmin114443_ymin22490_MPP-0.2500+91,TCGA-OL-A5D7-DX1,3
6808,TCGA-OL-A5D7-DX1_xmin114443_ymin22490_MPP-0.2500+91:1:2,TCGA-OL-A5D7-DX1_xmin114443_ymin22490_MPP-0.2500+91,TCGA-OL-A5D7-DX1,3
6810,TCGA-OL-A5D7-DX1_xmin114443_ymin22490_MPP-0.2500+92:0:1,TCGA-OL-A5D7-DX1_xmin114443_ymin22490_MPP-0.2500+92,TCGA-OL-A5D7-DX1,3
6811,TCGA-OL-A5D7-DX1_xmin114443_ymin22490_MPP-0.2500+92:1:1,TCGA-OL-A5D7-DX1_xmin114443_ymin22490_MPP-0.2500+92,TCGA-OL-A5D7-DX1,3
6815,TCGA-OL-A5D7-DX1_xmin114443_ymin22490_MPP-0.2500+93:1:1,TCGA-OL-A5D7-DX1_xmin114443_ymin22490_MPP-0.2500+93,TCGA-OL-A5D7-DX1,3
6816,TCGA-OL-A5D7-DX1_xmin114443_ymin22490_MPP-0.2500+93:1:2,TCGA-OL-A5D7-DX1_xmin114443_ymin22490_MPP-0.2500+93,TCGA-OL-A5D7-DX1,3
6819,TCGA-OL-A5D7-DX1_xmin114443_ymin22490_MPP-0.2500+93:2:3,TCGA-OL-A5D7-DX1_xmin114443_ymin22490_MPP-0.2500+93,TCGA-OL-A5D7-DX1,3
6820,TCGA-OL-A5D7-DX1_xmin114443_ymin22490_MPP-0.2500+93:2:6,TCGA-OL-A5D7-DX1_xmin114443_ymin22490_MPP-0.2500+93,TCGA-OL-A5D7-DX1,3
6821,TCGA-OL-A5D7-DX1_xmin114443_ymin22490_MPP-0.2500+93:2:7,TCGA-OL-A5D7-DX1_xmin114443_ymin22490_MPP-0.2500+93,TCGA-OL-A5D7-DX1,3
6823,TCGA-OL-A5D7-DX1_xmin114443_ymin22490_MPP-0.2500+93:2:9,TCGA-OL-A5D7-DX1_xmin114443_ymin22490_MPP-0.2500+93,TCGA-OL-A5D7-DX1,3
6825,TCGA-OL-A5D7-DX1_xmin114443_ymin22490_MPP-0.2500+95:0:1,TCGA-OL-A5D7-DX1_xmin114443_ymin22490_MPP-0.2500+95,TCGA-OL-A5D7-DX1,3
6826,TCGA-OL-A5D7-DX1_xmin114443_ymin22490_MPP-0.2500+96:0:1,TCGA-OL-A5D7-DX1_xmin114443_ymin22490_MPP-0.2500+96,TCGA-OL-A5D7-DX1,3
6827,TCGA-OL-A5D7-DX1_xmin114443_ymin22490_MPP-0.2500+97:0:1,TCGA-OL-A5D7-DX1_xmin114443_ymin22490_MPP-0.2500+97,TCGA-OL-A5D7-DX1,3
6829,TCGA-OL-A5D7-DX1_xmin114443_ymin22490_MPP-0.2500+98:0:1,TCGA-OL-A5D7-DX1_xmin114443_ymin22490_MPP-0.2500+98,TCGA-OL-A5D7-DX1,3
6831,TCGA-OL-A5D7-DX1_xmin114443_ymin22490_MPP-0.2500+98:1:2,TCGA-OL-A5D7-DX1_xmin114443_ymin22490_MPP-0.2500+98,TCGA-OL-A5D7-DX1,3
6832,TCGA-OL-A5D7-DX1_xmin114443_ymin22490_MPP-0.2500+99:0:1,TCGA-OL-A5D7-DX1_xmin114443_ymin22490_MPP-0.2500+99,TCGA-OL-A5D7-DX1,3
6834,TCGA-OL-A5D7-DX1_xmin114443_ymin22490_MPP-0.2500+99:1:2,TCGA-OL-A5D7-DX1_xmin114443_ymin22490_MPP-0.2500+99,TCGA-OL-A5D7-DX1,3
6837,TCGA-OL-A5RW-DX1_xmin5772_ymin6839_MPP-0.2500+0:0:1,TCGA-OL-A5RW-DX1_xmin5772_ymin6839_MPP-0.2500+0,TCGA-OL-A5RW-DX1,0
6838,TCGA-OL-A5RW-DX1_xmin5772_ymin6839_MPP-0.2500+0:3:1,TCGA-OL-A5RW-DX1_xmin5772_ymin6839_MPP-0.2500+0,TCGA-OL-A5RW-DX1,0
6839,TCGA-OL-A5RW-DX1_xmin5772_ymin6839_MPP-0.2500+1:1:1,TCGA-OL-A5RW-DX1_xmin5772_ymin6839_MPP-0.2500+1,TCGA-OL-A5RW-DX1,0
6840,TCGA-OL-A5RW-DX1_xmin5772_ymin6839_MPP-0.2500+1:3:1,TCGA-OL-A5RW-DX1_xmin5772_ymin6839_MPP-0.2500+1,TCGA-OL-A5RW-DX1,0
6841,TCGA-OL-A5RW-DX1_xmin5772_ymin6839_MPP-0.2500+1:3:2,TCGA-OL-A5RW-DX1_xmin5772_ymin6839_MPP-0.2500+1,TCGA-OL-A5RW-DX1,0
6842,TCGA-OL-A5RW-DX1_xmin5772_ymin6839_MPP-0.2500+10:0:1,TCGA-OL-A5RW-DX1_xmin5772_ymin6839_MPP-0.2500+10,TCGA-OL-A5RW-DX1,0
6843,TCGA-OL-A5RW-DX1_xmin5772_ymin6839_MPP-0.2500+10:0:2,TCGA-OL-A5RW-DX1_xmin5772_ymin6839_MPP-0.2500+10,TCGA-OL-A5RW-DX1,0
6847,TCGA-OL-A5RW-DX1_xmin5772_ymin6839_MPP-0.2500+10:1:2,TCGA-OL-A5RW-DX1_xmin5772_ymin6839_MPP-0.2500+10,TCGA-OL-A5RW-DX1,0
6848,TCGA-OL-A5RW-DX1_xmin5772_ymin6839_MPP-0.2500+11:0:1,TCGA-OL-A5RW-DX1_xmin5772_ymin6839_MPP-0.2500+11,TCGA-OL-A5RW-DX1,0
6849,TCGA-OL-A5RW-DX1_xmin5772_ymin6839_MPP-0.2500+11:0:2,TCGA-OL-A5RW-DX1_xmin5772_ymin6839_MPP-0.2500+11,TCGA-OL-A5RW-DX1,0
6852,TCGA-OL-A5RW-DX1_xmin5772_ymin6839_MPP-0.2500+11:0:5,TCGA-OL-A5RW-DX1_xmin5772_ymin6839_MPP-0.2500+11,TCGA-OL-A5RW-DX1,0
6854,TCGA-OL-A5RW-DX1_xmin5772_ymin6839_MPP-0.2500+2:0:1,TCGA-OL-A5RW-DX1_xmin5772_ymin6839_MPP-0.2500+2,TCGA-OL-A5RW-DX1,0
6855,TCGA-OL-A5RW-DX1_xmin5772_ymin6839_MPP-0.2500+2:3:1,TCGA-OL-A5RW-DX1_xmin5772_ymin6839_MPP-0.2500+2,TCGA-OL-A5RW-DX1,0
6858,TCGA-OL-A5RW-DX1_xmin5772_ymin6839_MPP-0.2500+3:3:2,TCGA-OL-A5RW-DX1_xmin5772_ymin6839_MPP-0.2500+3,TCGA-OL-A5RW-DX1,0
6861,TCGA-OL-A5RW-DX1_xmin5772_ymin6839_MPP-0.2500+4:1:1,TCGA-OL-A5RW-DX1_xmin5772_ymin6839_MPP-0.2500+4,TCGA-OL-A5RW-DX1,0
6863,TCGA-OL-A5RW-DX1_xmin5772_ymin6839_MPP-0.2500+4:3:2,TCGA-OL-A5RW-DX1_xmin5772_ymin6839_MPP-0.2500+4,TCGA-OL-A5RW-DX1,0
6864,TCGA-OL-A5RW-DX1_xmin5772_ymin6839_MPP-0.2500+5:3:1,TCGA-OL-A5RW-DX1_xmin5772_ymin6839_MPP-0.2500+5,TCGA-OL-A5RW-DX1,0
6865,TCGA-OL-A5RW-DX1_xmin5772_ymin6839_MPP-0.2500+6:0:1,TCGA-OL-A5RW-DX1_xmin5772_ymin6839_MPP-0.2500+6,TCGA-OL-A5RW-DX1,0
6867,TCGA-OL-A5RW-DX1_xmin5772_ymin6839_MPP-0.2500+6:0:3,TCGA-OL-A5RW-DX1_xmin5772_ymin6839_MPP-0.2500+6,TCGA-OL-A5RW-DX1,0
6871,TCGA-OL-A5RW-DX1_xmin5772_ymin6839_MPP-0.2500+7:0:1,TCGA-OL-A5RW-DX1_xmin5772_ymin6839_MPP-0.2500+7,TCGA-OL-A5RW-DX1,0
6872,TCGA-OL-A5RW-DX1_xmin5772_ymin6839_MPP-0.2500+7:1:1,TCGA-OL-A5RW-DX1_xmin5772_ymin6839_MPP-0.2500+7,TCGA-OL-A5RW-DX1,0
6876,TCGA-OL-A5RW-DX1_xmin5772_ymin6839_MPP-0.2500+8:0:3,TCGA-OL-A5RW-DX1_xmin5772_ymin6839_MPP-0.2500+8,TCGA-OL-A5RW-DX1,0
6881,TCGA-OL-A5RW-DX1_xmin5772_ymin6839_MPP-0.2500+9:0:1,TCGA-OL-A5RW-DX1_xmin5772_ymin6839_MPP-0.2500+9,TCGA-OL-A5RW-DX1,0
6882,TCGA-OL-A5RW-DX1_xmin5772_ymin6839_MPP-0.2500+9:0:3,TCGA-OL-A5RW-DX1_xmin5772_ymin6839_MPP-0.2500+9,TCGA-OL-A5RW-DX1,0
6884,TCGA-OL-A5RW-DX1_xmin5772_ymin6839_MPP-0.2500+9:1:2,TCGA-OL-A5RW-DX1_xmin5772_ymin6839_MPP-0.2500+9,TCGA-OL-A5RW-DX1,0
6886,TCGA-OL-A66I-DX1_xmin38433_ymin22957_MPP-0.2500+0:1:1,TCGA-OL-A66I-DX1_xmin38433_ymin22957_MPP-0.2500+0,TCGA-OL-A66I-DX1,3
6887,TCGA-OL-A66I-DX1_xmin38433_ymin22957_MPP-0.2500+1:1:1,TCGA-OL-A66I-DX1_xmin38433_ymin22957_MPP-0.2500+1,TCGA-OL-A66I-DX1,3
6888,TCGA-OL-A66I-DX1_xmin38433_ymin22957_MPP-0.2500+10:1:1,TCGA-OL-A66I-DX1_xmin38433_ymin22957_MPP-0.2500+10,TCGA-OL-A66I-DX1,3
6889,TCGA-OL-A66I-DX1_xmin38433_ymin22957_MPP-0.2500+11:1:1,TCGA-OL-A66I-DX1_xmin38433_ymin22957_MPP-0.2500+11,TCGA-OL-A66I-DX1,3
6890,TCGA-OL-A66I-DX1_xmin38433_ymin22957_MPP-0.2500+12:1:1,TCGA-OL-A66I-DX1_xmin38433_ymin22957_MPP-0.2500+12,TCGA-OL-A66I-DX1,3
6891,TCGA-OL-A66I-DX1_xmin38433_ymin22957_MPP-0.2500+12:2:2,TCGA-OL-A66I-DX1_xmin38433_ymin22957_MPP-0.2500+12,TCGA-OL-A66I-DX1,3
6892,TCGA-OL-A66I-DX1_xmin38433_ymin22957_MPP-0.2500+12:2:3,TCGA-OL-A66I-DX1_xmin38433_ymin22957_MPP-0.2500+12,TCGA-OL-A66I-DX1,3
6894,TCGA-OL-A66I-DX1_xmin38433_ymin22957_MPP-0.2500+13:1:2,TCGA-OL-A66I-DX1_xmin38433_ymin22957_MPP-0.2500+13,TCGA-OL-A66I-DX1,3
6897,TCGA-OL-A66I-DX1_xmin38433_ymin22957_MPP-0.2500+13:2:3,TCGA-OL-A66I-DX1_xmin38433_ymin22957_MPP-0.2500+13,TCGA-OL-A66I-DX1,3
6899,TCGA-OL-A66I-DX1_xmin38433_ymin22957_MPP-0.2500+14:1:2,TCGA-OL-A66I-DX1_xmin38433_ymin22957_MPP-0.2500+14,TCGA-OL-A66I-DX1,3
6900,TCGA-OL-A66I-DX1_xmin38433_ymin22957_MPP-0.2500+14:2:1,TCGA-OL-A66I-DX1_xmin38433_ymin22957_MPP-0.2500+14,TCGA-OL-A66I-DX1,3
6902,TCGA-OL-A66I-DX1_xmin38433_ymin22957_MPP-0.2500+14:2:3,TCGA-OL-A66I-DX1_xmin38433_ymin22957_MPP-0.2500+14,TCGA-OL-A66I-DX1,3
6903,TCGA-OL-A66I-DX1_xmin38433_ymin22957_MPP-0.2500+14:2:4,TCGA-OL-A66I-DX1_xmin38433_ymin22957_MPP-0.2500+14,TCGA-OL-A66I-DX1,3
6904,TCGA-OL-A66I-DX1_xmin38433_ymin22957_MPP-0.2500+15:1:1,TCGA-OL-A66I-DX1_xmin38433_ymin22957_MPP-0.2500+15,TCGA-OL-A66I-DX1,3
6906,TCGA-OL-A66I-DX1_xmin38433_ymin22957_MPP-0.2500+15:2:1,TCGA-OL-A66I-DX1_xmin38433_ymin22957_MPP-0.2500+15,TCGA-OL-A66I-DX1,3
6907,TCGA-OL-A66I-DX1_xmin38433_ymin22957_MPP-0.2500+16:1:1,TCGA-OL-A66I-DX1_xmin38433_ymin22957_MPP-0.2500+16,TCGA-OL-A66I-DX1,3
6908,TCGA-OL-A66I-DX1_xmin38433_ymin22957_MPP-0.2500+17:1:1,TCGA-OL-A66I-DX1_xmin38433_ymin22957_MPP-0.2500+17,TCGA-OL-A66I-DX1,3
6910,TCGA-OL-A66I-DX1_xmin38433_ymin22957_MPP-0.2500+18:2:1,TCGA-OL-A66I-DX1_xmin38433_ymin22957_MPP-0.2500+18,TCGA-OL-A66I-DX1,3
6915,TCGA-OL-A66I-DX1_xmin38433_ymin22957_MPP-0.2500+18:2:7,TCGA-OL-A66I-DX1_xmin38433_ymin22957_MPP-0.2500+18,TCGA-OL-A66I-DX1,3
6918,TCGA-OL-A66I-DX1_xmin38433_ymin22957_MPP-0.2500+19:1:3,TCGA-OL-A66I-DX1_xmin38433_ymin22957_MPP-0.2500+19,TCGA-OL-A66I-DX1,3
6919,TCGA-OL-A66I-DX1_xmin38433_ymin22957_MPP-0.2500+19:2:1,TCGA-OL-A66I-DX1_xmin38433_ymin22957_MPP-0.2500+19,TCGA-OL-A66I-DX1,3
6920,TCGA-OL-A66I-DX1_xmin38433_ymin22957_MPP-0.2500+2:1:1,TCGA-OL-A66I-DX1_xmin38433_ymin22957_MPP-0.2500+2,TCGA-OL-A66I-DX1,3
6921,TCGA-OL-A66I-DX1_xmin38433_ymin22957_MPP-0.2500+20:1:1,TCGA-OL-A66I-DX1_xmin38433_ymin22957_MPP-0.2500+20,TCGA-OL-A66I-DX1,3
6923,TCGA-OL-A66I-DX1_xmin38433_ymin22957_MPP-0.2500+20:1:3,TCGA-OL-A66I-DX1_xmin38433_ymin22957_MPP-0.2500+20,TCGA-OL-A66I-DX1,3
6924,TCGA-OL-A66I-DX1_xmin38433_ymin22957_MPP-0.2500+20:2:1,TCGA-OL-A66I-DX1_xmin38433_ymin22957_MPP-0.2500+20,TCGA-OL-A66I-DX1,3
6925,TCGA-OL-A66I-DX1_xmin38433_ymin22957_MPP-0.2500+20:2:2,TCGA-OL-A66I-DX1_xmin38433_ymin22957_MPP-0.2500+20,TCGA-OL-A66I-DX1,3
6926,TCGA-OL-A66I-DX1_xmin38433_ymin22957_MPP-0.2500+20:2:3,TCGA-OL-A66I-DX1_xmin38433_ymin22957_MPP-0.2500+20,TCGA-OL-A66I-DX1,3
6929,TCGA-OL-A66I-DX1_xmin38433_ymin22957_MPP-0.2500+21:0:3,TCGA-OL-A66I-DX1_xmin38433_ymin22957_MPP-0.2500+21,TCGA-OL-A66I-DX1,3
6933,TCGA-OL-A66I-DX1_xmin38433_ymin22957_MPP-0.2500+22:1:1,TCGA-OL-A66I-DX1_xmin38433_ymin22957_MPP-0.2500+22,TCGA-OL-A66I-DX1,3
6935,TCGA-OL-A66I-DX1_xmin38433_ymin22957_MPP-0.2500+22:2:1,TCGA-OL-A66I-DX1_xmin38433_ymin22957_MPP-0.2500+22,TCGA-OL-A66I-DX1,3
6938,TCGA-OL-A66I-DX1_xmin38433_ymin22957_MPP-0.2500+23:1:1,TCGA-OL-A66I-DX1_xmin38433_ymin22957_MPP-0.2500+23,TCGA-OL-A66I-DX1,3
6941,TCGA-OL-A66I-DX1_xmin38433_ymin22957_MPP-0.2500+24:1:1,TCGA-OL-A66I-DX1_xmin38433_ymin22957_MPP-0.2500+24,TCGA-OL-A66I-DX1,3
6944,TCGA-OL-A66I-DX1_xmin38433_ymin22957_MPP-0.2500+25:0:2,TCGA-OL-A66I-DX1_xmin38433_ymin22957_MPP-0.2500+25,TCGA-OL-A66I-DX1,3
6949,TCGA-OL-A66I-DX1_xmin38433_ymin22957_MPP-0.2500+26:0:2,TCGA-OL-A66I-DX1_xmin38433_ymin22957_MPP-0.2500+26,TCGA-OL-A66I-DX1,3
6950,TCGA-OL-A66I-DX1_xmin38433_ymin22957_MPP-0.2500+26:0:3,TCGA-OL-A66I-DX1_xmin38433_ymin22957_MPP-0.2500+26,TCGA-OL-A66I-DX1,3
6951,TCGA-OL-A66I-DX1_xmin38433_ymin22957_MPP-0.2500+26:1:1,TCGA-OL-A66I-DX1_xmin38433_ymin22957_MPP-0.2500+26,TCGA-OL-A66I-DX1,3
6952,TCGA-OL-A66I-DX1_xmin38433_ymin22957_MPP-0.2500+27:0:1,TCGA-OL-A66I-DX1_xmin38433_ymin22957_MPP-0.2500+27,TCGA-OL-A66I-DX1,3
6953,TCGA-OL-A66I-DX1_xmin38433_ymin22957_MPP-0.2500+27:0:2,TCGA-OL-A66I-DX1_xmin38433_ymin22957_MPP-0.2500+27,TCGA-OL-A66I-DX1,3
6954,TCGA-OL-A66I-DX1_xmin38433_ymin22957_MPP-0.2500+27:1:1,TCGA-OL-A66I-DX1_xmin38433_ymin22957_MPP-0.2500+27,TCGA-OL-A66I-DX1,3
6955,TCGA-OL-A66I-DX1_xmin38433_ymin22957_MPP-0.2500+28:0:1,TCGA-OL-A66I-DX1_xmin38433_ymin22957_MPP-0.2500+28,TCGA-OL-A66I-DX1,3
6956,TCGA-OL-A66I-DX1_xmin38433_ymin22957_MPP-0.2500+28:1:1,TCGA-OL-A66I-DX1_xmin38433_ymin22957_MPP-0.2500+28,TCGA-OL-A66I-DX1,3
6958,TCGA-OL-A66I-DX1_xmin38433_ymin22957_MPP-0.2500+28:1:3,TCGA-OL-A66I-DX1_xmin38433_ymin22957_MPP-0.2500+28,TCGA-OL-A66I-DX1,3
6964,TCGA-OL-A66I-DX1_xmin38433_ymin22957_MPP-0.2500+29:2:1,TCGA-OL-A66I-DX1_xmin38433_ymin22957_MPP-0.2500+29,TCGA-OL-A66I-DX1,3
6965,TCGA-OL-A66I-DX1_xmin38433_ymin22957_MPP-0.2500+29:2:2,TCGA-OL-A66I-DX1_xmin38433_ymin22957_MPP-0.2500+29,TCGA-OL-A66I-DX1,3
6966,TCGA-OL-A66I-DX1_xmin38433_ymin22957_MPP-0.2500+3:1:1,TCGA-OL-A66I-DX1_xmin38433_ymin22957_MPP-0.2500+3,TCGA-OL-A66I-DX1,3
6969,TCGA-OL-A66I-DX1_xmin38433_ymin22957_MPP-0.2500+30:2:2,TCGA-OL-A66I-DX1_xmin38433_ymin22957_MPP-0.2500+30,TCGA-OL-A66I-DX1,3
6971,TCGA-OL-A66I-DX1_xmin38433_ymin22957_MPP-0.2500+30:2:4,TCGA-OL-A66I-DX1_xmin38433_ymin22957_MPP-0.2500+30,TCGA-OL-A66I-DX1,3
6973,TCGA-OL-A66I-DX1_xmin38433_ymin22957_MPP-0.2500+31:0:1,TCGA-OL-A66I-DX1_xmin38433_ymin22957_MPP-0.2500+31,TCGA-OL-A66I-DX1,3
6974,TCGA-OL-A66I-DX1_xmin38433_ymin22957_MPP-0.2500+31:1:1,TCGA-OL-A66I-DX1_xmin38433_ymin22957_MPP-0.2500+31,TCGA-OL-A66I-DX1,3
6975,TCGA-OL-A66I-DX1_xmin38433_ymin22957_MPP-0.2500+32:0:1,TCGA-OL-A66I-DX1_xmin38433_ymin22957_MPP-0.2500+32,TCGA-OL-A66I-DX1,3
6976,TCGA-OL-A66I-DX1_xmin38433_ymin22957_MPP-0.2500+33:0:1,TCGA-OL-A66I-DX1_xmin38433_ymin22957_MPP-0.2500+33,TCGA-OL-A66I-DX1,3
6977,TCGA-OL-A66I-DX1_xmin38433_ymin22957_MPP-0.2500+34:0:1,TCGA-OL-A66I-DX1_xmin38433_ymin22957_MPP-0.2500+34,TCGA-OL-A66I-DX1,3
6978,TCGA-OL-A66I-DX1_xmin38433_ymin22957_MPP-0.2500+34:1:1,TCGA-OL-A66I-DX1_xmin38433_ymin22957_MPP-0.2500+34,TCGA-OL-A66I-DX1,3
6980,TCGA-OL-A66I-DX1_xmin38433_ymin22957_MPP-0.2500+34:1:3,TCGA-OL-A66I-DX1_xmin38433_ymin22957_MPP-0.2500+34,TCGA-OL-A66I-DX1,3
6983,TCGA-OL-A66I-DX1_xmin38433_ymin22957_MPP-0.2500+35:0:1,TCGA-OL-A66I-DX1_xmin38433_ymin22957_MPP-0.2500+35,TCGA-OL-A66I-DX1,3
6984,TCGA-OL-A66I-DX1_xmin38433_ymin22957_MPP-0.2500+35:0:2,TCGA-OL-A66I-DX1_xmin38433_ymin22957_MPP-0.2500+35,TCGA-OL-A66I-DX1,3
6985,TCGA-OL-A66I-DX1_xmin38433_ymin22957_MPP-0.2500+35:1:1,TCGA-OL-A66I-DX1_xmin38433_ymin22957_MPP-0.2500+35,TCGA-OL-A66I-DX1,3
6986,TCGA-OL-A66I-DX1_xmin38433_ymin22957_MPP-0.2500+35:1:3,TCGA-OL-A66I-DX1_xmin38433_ymin22957_MPP-0.2500+35,TCGA-OL-A66I-DX1,3
6990,TCGA-OL-A66I-DX1_xmin38433_ymin22957_MPP-0.2500+38:0:1,TCGA-OL-A66I-DX1_xmin38433_ymin22957_MPP-0.2500+38,TCGA-OL-A66I-DX1,3
6991,TCGA-OL-A66I-DX1_xmin38433_ymin22957_MPP-0.2500+38:1:1,TCGA-OL-A66I-DX1_xmin38433_ymin22957_MPP-0.2500+38,TCGA-OL-A66I-DX1,3
6993,TCGA-OL-A66I-DX1_xmin38433_ymin22957_MPP-0.2500+38:1:3,TCGA-OL-A66I-DX1_xmin38433_ymin22957_MPP-0.2500+38,TCGA-OL-A66I-DX1,3
6995,TCGA-OL-A66I-DX1_xmin38433_ymin22957_MPP-0.2500+39:0:1,TCGA-OL-A66I-DX1_xmin38433_ymin22957_MPP-0.2500+39,TCGA-OL-A66I-DX1,3
6996,TCGA-OL-A66I-DX1_xmin38433_ymin22957_MPP-0.2500+4:1:1,TCGA-OL-A66I-DX1_xmin38433_ymin22957_MPP-0.2500+4,TCGA-OL-A66I-DX1,3
6998,TCGA-OL-A66I-DX1_xmin38433_ymin22957_MPP-0.2500+40:0:2,TCGA-OL-A66I-DX1_xmin38433_ymin22957_MPP-0.2500+40,TCGA-OL-A66I-DX1,3
7001,TCGA-OL-A66I-DX1_xmin38433_ymin22957_MPP-0.2500+40:2:1,TCGA-OL-A66I-DX1_xmin38433_ymin22957_MPP-0.2500+40,TCGA-OL-A66I-DX1,3
7002,TCGA-OL-A66I-DX1_xmin38433_ymin22957_MPP-0.2500+41:0:1,TCGA-OL-A66I-DX1_xmin38433_ymin22957_MPP-0.2500+41,TCGA-OL-A66I-DX1,3
7008,TCGA-OL-A66I-DX1_xmin38433_ymin22957_MPP-0.2500+42:0:1,TCGA-OL-A66I-DX1_xmin38433_ymin22957_MPP-0.2500+42,TCGA-OL-A66I-DX1,3
7009,TCGA-OL-A66I-DX1_xmin38433_ymin22957_MPP-0.2500+42:0:2,TCGA-OL-A66I-DX1_xmin38433_ymin22957_MPP-0.2500+42,TCGA-OL-A66I-DX1,3
7010,TCGA-OL-A66I-DX1_xmin38433_ymin22957_MPP-0.2500+42:1:1,TCGA-OL-A66I-DX1_xmin38433_ymin22957_MPP-0.2500+42,TCGA-OL-A66I-DX1,3
7011,TCGA-OL-A66I-DX1_xmin38433_ymin22957_MPP-0.2500+42:1:2,TCGA-OL-A66I-DX1_xmin38433_ymin22957_MPP-0.2500+42,TCGA-OL-A66I-DX1,3
7012,TCGA-OL-A66I-DX1_xmin38433_ymin22957_MPP-0.2500+43:0:1,TCGA-OL-A66I-DX1_xmin38433_ymin22957_MPP-0.2500+43,TCGA-OL-A66I-DX1,3
7015,TCGA-OL-A66I-DX1_xmin38433_ymin22957_MPP-0.2500+43:1:1,TCGA-OL-A66I-DX1_xmin38433_ymin22957_MPP-0.2500+43,TCGA-OL-A66I-DX1,3
7016,TCGA-OL-A66I-DX1_xmin38433_ymin22957_MPP-0.2500+43:1:2,TCGA-OL-A66I-DX1_xmin38433_ymin22957_MPP-0.2500+43,TCGA-OL-A66I-DX1,3
7019,TCGA-OL-A66I-DX1_xmin38433_ymin22957_MPP-0.2500+44:1:2,TCGA-OL-A66I-DX1_xmin38433_ymin22957_MPP-0.2500+44,TCGA-OL-A66I-DX1,3
7021,TCGA-OL-A66I-DX1_xmin38433_ymin22957_MPP-0.2500+44:1:4,TCGA-OL-A66I-DX1_xmin38433_ymin22957_MPP-0.2500+44,TCGA-OL-A66I-DX1,3
7022,TCGA-OL-A66I-DX1_xmin38433_ymin22957_MPP-0.2500+44:2:1,TCGA-OL-A66I-DX1_xmin38433_ymin22957_MPP-0.2500+44,TCGA-OL-A66I-DX1,3
7032,TCGA-OL-A66I-DX1_xmin38433_ymin22957_MPP-0.2500+46:1:3,TCGA-OL-A66I-DX1_xmin38433_ymin22957_MPP-0.2500+46,TCGA-OL-A66I-DX1,3
7033,TCGA-OL-A66I-DX1_xmin38433_ymin22957_MPP-0.2500+46:2:1,TCGA-OL-A66I-DX1_xmin38433_ymin22957_MPP-0.2500+46,TCGA-OL-A66I-DX1,3
7034,TCGA-OL-A66I-DX1_xmin38433_ymin22957_MPP-0.2500+47:1:1,TCGA-OL-A66I-DX1_xmin38433_ymin22957_MPP-0.2500+47,TCGA-OL-A66I-DX1,3
7037,TCGA-OL-A66I-DX1_xmin38433_ymin22957_MPP-0.2500+47:2:2,TCGA-OL-A66I-DX1_xmin38433_ymin22957_MPP-0.2500+47,TCGA-OL-A66I-DX1,3
7038,TCGA-OL-A66I-DX1_xmin38433_ymin22957_MPP-0.2500+48:1:1,TCGA-OL-A66I-DX1_xmin38433_ymin22957_MPP-0.2500+48,TCGA-OL-A66I-DX1,3
7040,TCGA-OL-A66I-DX1_xmin38433_ymin22957_MPP-0.2500+49:0:1,TCGA-OL-A66I-DX1_xmin38433_ymin22957_MPP-0.2500+49,TCGA-OL-A66I-DX1,3
7042,TCGA-OL-A66I-DX1_xmin38433_ymin22957_MPP-0.2500+49:0:3,TCGA-OL-A66I-DX1_xmin38433_ymin22957_MPP-0.2500+49,TCGA-OL-A66I-DX1,3
7043,TCGA-OL-A66I-DX1_xmin38433_ymin22957_MPP-0.2500+49:0:4,TCGA-OL-A66I-DX1_xmin38433_ymin22957_MPP-0.2500+49,TCGA-OL-A66I-DX1,3
7044,TCGA-OL-A66I-DX1_xmin38433_ymin22957_MPP-0.2500+49:1:1,TCGA-OL-A66I-DX1_xmin38433_ymin22957_MPP-0.2500+49,TCGA-OL-A66I-DX1,3
7045,TCGA-OL-A66I-DX1_xmin38433_ymin22957_MPP-0.2500+5:1:1,TCGA-OL-A66I-DX1_xmin38433_ymin22957_MPP-0.2500+5,TCGA-OL-A66I-DX1,3
7048,TCGA-OL-A66I-DX1_xmin38433_ymin22957_MPP-0.2500+50:2:1,TCGA-OL-A66I-DX1_xmin38433_ymin22957_MPP-0.2500+50,TCGA-OL-A66I-DX1,3
7049,TCGA-OL-A66I-DX1_xmin38433_ymin22957_MPP-0.2500+51:2:1,TCGA-OL-A66I-DX1_xmin38433_ymin22957_MPP-0.2500+51,TCGA-OL-A66I-DX1,3
7050,TCGA-OL-A66I-DX1_xmin38433_ymin22957_MPP-0.2500+52:0:1,TCGA-OL-A66I-DX1_xmin38433_ymin22957_MPP-0.2500+52,TCGA-OL-A66I-DX1,3
7051,TCGA-OL-A66I-DX1_xmin38433_ymin22957_MPP-0.2500+52:0:2,TCGA-OL-A66I-DX1_xmin38433_ymin22957_MPP-0.2500+52,TCGA-OL-A66I-DX1,3
7052,TCGA-OL-A66I-DX1_xmin38433_ymin22957_MPP-0.2500+52:1:1,TCGA-OL-A66I-DX1_xmin38433_ymin22957_MPP-0.2500+52,TCGA-OL-A66I-DX1,3
7055,TCGA-OL-A66I-DX1_xmin38433_ymin22957_MPP-0.2500+52:2:3,TCGA-OL-A66I-DX1_xmin38433_ymin22957_MPP-0.2500+52,TCGA-OL-A66I-DX1,3
7057,TCGA-OL-A66I-DX1_xmin38433_ymin22957_MPP-0.2500+53:0:1,TCGA-OL-A66I-DX1_xmin38433_ymin22957_MPP-0.2500+53,TCGA-OL-A66I-DX1,3
7058,TCGA-OL-A66I-DX1_xmin38433_ymin22957_MPP-0.2500+53:0:2,TCGA-OL-A66I-DX1_xmin38433_ymin22957_MPP-0.2500+53,TCGA-OL-A66I-DX1,3
7061,TCGA-OL-A66I-DX1_xmin38433_ymin22957_MPP-0.2500+53:1:3,TCGA-OL-A66I-DX1_xmin38433_ymin22957_MPP-0.2500+53,TCGA-OL-A66I-DX1,3
7062,TCGA-OL-A66I-DX1_xmin38433_ymin22957_MPP-0.2500+53:2:1,TCGA-OL-A66I-DX1_xmin38433_ymin22957_MPP-0.2500+53,TCGA-OL-A66I-DX1,3
7064,TCGA-OL-A66I-DX1_xmin38433_ymin22957_MPP-0.2500+54:2:1,TCGA-OL-A66I-DX1_xmin38433_ymin22957_MPP-0.2500+54,TCGA-OL-A66I-DX1,3
7066,TCGA-OL-A66I-DX1_xmin38433_ymin22957_MPP-0.2500+55:0:3,TCGA-OL-A66I-DX1_xmin38433_ymin22957_MPP-0.2500+55,TCGA-OL-A66I-DX1,3
7067,TCGA-OL-A66I-DX1_xmin38433_ymin22957_MPP-0.2500+55:0:4,TCGA-OL-A66I-DX1_xmin38433_ymin22957_MPP-0.2500+55,TCGA-OL-A66I-DX1,3
7070,TCGA-OL-A66I-DX1_xmin38433_ymin22957_MPP-0.2500+56:2:1,TCGA-OL-A66I-DX1_xmin38433_ymin22957_MPP-0.2500+56,TCGA-OL-A66I-DX1,3
7075,TCGA-OL-A66I-DX1_xmin38433_ymin22957_MPP-0.2500+57:2:1,TCGA-OL-A66I-DX1_xmin38433_ymin22957_MPP-0.2500+57,TCGA-OL-A66I-DX1,3
7076,TCGA-OL-A66I-DX1_xmin38433_ymin22957_MPP-0.2500+57:2:2,TCGA-OL-A66I-DX1_xmin38433_ymin22957_MPP-0.2500+57,TCGA-OL-A66I-DX1,3
7078,TCGA-OL-A66I-DX1_xmin38433_ymin22957_MPP-0.2500+58:1:1,TCGA-OL-A66I-DX1_xmin38433_ymin22957_MPP-0.2500+58,TCGA-OL-A66I-DX1,3
7079,TCGA-OL-A66I-DX1_xmin38433_ymin22957_MPP-0.2500+58:1:2,TCGA-OL-A66I-DX1_xmin38433_ymin22957_MPP-0.2500+58,TCGA-OL-A66I-DX1,3
7080,TCGA-OL-A66I-DX1_xmin38433_ymin22957_MPP-0.2500+58:2:1,TCGA-OL-A66I-DX1_xmin38433_ymin22957_MPP-0.2500+58,TCGA-OL-A66I-DX1,3
7081,TCGA-OL-A66I-DX1_xmin38433_ymin22957_MPP-0.2500+59:2:1,TCGA-OL-A66I-DX1_xmin38433_ymin22957_MPP-0.2500+59,TCGA-OL-A66I-DX1,3
7083,TCGA-OL-A66I-DX1_xmin38433_ymin22957_MPP-0.2500+60:1:1,TCGA-OL-A66I-DX1_xmin38433_ymin22957_MPP-0.2500+60,TCGA-OL-A66I-DX1,3
7086,TCGA-OL-A66I-DX1_xmin38433_ymin22957_MPP-0.2500+60:2:1,TCGA-OL-A66I-DX1_xmin38433_ymin22957_MPP-0.2500+60,TCGA-OL-A66I-DX1,3
7087,TCGA-OL-A66I-DX1_xmin38433_ymin22957_MPP-0.2500+60:2:3,TCGA-OL-A66I-DX1_xmin38433_ymin22957_MPP-0.2500+60,TCGA-OL-A66I-DX1,3
7102,TCGA-OL-A66I-DX1_xmin38433_ymin22957_MPP-0.2500+8:1:1,TCGA-OL-A66I-DX1_xmin38433_ymin22957_MPP-0.2500+8,TCGA-OL-A66I-DX1,3
7103,TCGA-OL-A66I-DX1_xmin38433_ymin22957_MPP-0.2500+9:1:1,TCGA-OL-A66I-DX1_xmin38433_ymin22957_MPP-0.2500+9,TCGA-OL-A66I-DX1,3
7104,TCGA-OL-A66P-DX1_xmin30143_ymin20310_MPP-0.2500+0:0:1,TCGA-OL-A66P-DX1_xmin30143_ymin20310_MPP-0.2500+0,TCGA-OL-A66P-DX1,4
7105,TCGA-OL-A66P-DX1_xmin30143_ymin20310_MPP-0.2500+0:1:1,TCGA-OL-A66P-DX1_xmin30143_ymin20310_MPP-0.2500+0,TCGA-OL-A66P-DX1,4
7106,TCGA-OL-A66P-DX1_xmin30143_ymin20310_MPP-0.2500+0:1:2,TCGA-OL-A66P-DX1_xmin30143_ymin20310_MPP-0.2500+0,TCGA-OL-A66P-DX1,4
7109,TCGA-OL-A66P-DX1_xmin30143_ymin20310_MPP-0.2500+10:0:2,TCGA-OL-A66P-DX1_xmin30143_ymin20310_MPP-0.2500+10,TCGA-OL-A66P-DX1,4
7111,TCGA-OL-A66P-DX1_xmin30143_ymin20310_MPP-0.2500+100:0:1,TCGA-OL-A66P-DX1_xmin30143_ymin20310_MPP-0.2500+100,TCGA-OL-A66P-DX1,4
7112,TCGA-OL-A66P-DX1_xmin30143_ymin20310_MPP-0.2500+101:0:1,TCGA-OL-A66P-DX1_xmin30143_ymin20310_MPP-0.2500+101,TCGA-OL-A66P-DX1,4
7113,TCGA-OL-A66P-DX1_xmin30143_ymin20310_MPP-0.2500+101:0:2,TCGA-OL-A66P-DX1_xmin30143_ymin20310_MPP-0.2500+101,TCGA-OL-A66P-DX1,4
7115,TCGA-OL-A66P-DX1_xmin30143_ymin20310_MPP-0.2500+101:0:4,TCGA-OL-A66P-DX1_xmin30143_ymin20310_MPP-0.2500+101,TCGA-OL-A66P-DX1,4
7118,TCGA-OL-A66P-DX1_xmin30143_ymin20310_MPP-0.2500+102:0:1,TCGA-OL-A66P-DX1_xmin30143_ymin20310_MPP-0.2500+102,TCGA-OL-A66P-DX1,4
7119,TCGA-OL-A66P-DX1_xmin30143_ymin20310_MPP-0.2500+102:0:2,TCGA-OL-A66P-DX1_xmin30143_ymin20310_MPP-0.2500+102,TCGA-OL-A66P-DX1,4
7120,TCGA-OL-A66P-DX1_xmin30143_ymin20310_MPP-0.2500+102:0:3,TCGA-OL-A66P-DX1_xmin30143_ymin20310_MPP-0.2500+102,TCGA-OL-A66P-DX1,4
7121,TCGA-OL-A66P-DX1_xmin30143_ymin20310_MPP-0.2500+102:0:4,TCGA-OL-A66P-DX1_xmin30143_ymin20310_MPP-0.2500+102,TCGA-OL-A66P-DX1,4
7124,TCGA-OL-A66P-DX1_xmin30143_ymin20310_MPP-0.2500+102:0:7,TCGA-OL-A66P-DX1_xmin30143_ymin20310_MPP-0.2500+102,TCGA-OL-A66P-DX1,4
7125,TCGA-OL-A66P-DX1_xmin30143_ymin20310_MPP-0.2500+102:1:1,TCGA-OL-A66P-DX1_xmin30143_ymin20310_MPP-0.2500+102,TCGA-OL-A66P-DX1,4
7126,TCGA-OL-A66P-DX1_xmin30143_ymin20310_MPP-0.2500+103:0:1,TCGA-OL-A66P-DX1_xmin30143_ymin20310_MPP-0.2500+103,TCGA-OL-A66P-DX1,4
7127,TCGA-OL-A66P-DX1_xmin30143_ymin20310_MPP-0.2500+104:0:1,TCGA-OL-A66P-DX1_xmin30143_ymin20310_MPP-0.2500+104,TCGA-OL-A66P-DX1,4
7128,TCGA-OL-A66P-DX1_xmin30143_ymin20310_MPP-0.2500+104:0:2,TCGA-OL-A66P-DX1_xmin30143_ymin20310_MPP-0.2500+104,TCGA-OL-A66P-DX1,4
7129,TCGA-OL-A66P-DX1_xmin30143_ymin20310_MPP-0.2500+104:0:3,TCGA-OL-A66P-DX1_xmin30143_ymin20310_MPP-0.2500+104,TCGA-OL-A66P-DX1,4
7130,TCGA-OL-A66P-DX1_xmin30143_ymin20310_MPP-0.2500+104:0:4,TCGA-OL-A66P-DX1_xmin30143_ymin20310_MPP-0.2500+104,TCGA-OL-A66P-DX1,4
7131,TCGA-OL-A66P-DX1_xmin30143_ymin20310_MPP-0.2500+104:1:1,TCGA-OL-A66P-DX1_xmin30143_ymin20310_MPP-0.2500+104,TCGA-OL-A66P-DX1,4
7132,TCGA-OL-A66P-DX1_xmin30143_ymin20310_MPP-0.2500+105:0:1,TCGA-OL-A66P-DX1_xmin30143_ymin20310_MPP-0.2500+105,TCGA-OL-A66P-DX1,4
7137,TCGA-OL-A66P-DX1_xmin30143_ymin20310_MPP-0.2500+108:0:1,TCGA-OL-A66P-DX1_xmin30143_ymin20310_MPP-0.2500+108,TCGA-OL-A66P-DX1,4
7138,TCGA-OL-A66P-DX1_xmin30143_ymin20310_MPP-0.2500+108:0:2,TCGA-OL-A66P-DX1_xmin30143_ymin20310_MPP-0.2500+108,TCGA-OL-A66P-DX1,4
7141,TCGA-OL-A66P-DX1_xmin30143_ymin20310_MPP-0.2500+11:0:1,TCGA-OL-A66P-DX1_xmin30143_ymin20310_MPP-0.2500+11,TCGA-OL-A66P-DX1,4
7142,TCGA-OL-A66P-DX1_xmin30143_ymin20310_MPP-0.2500+110:1:1,TCGA-OL-A66P-DX1_xmin30143_ymin20310_MPP-0.2500+110,TCGA-OL-A66P-DX1,4
7144,TCGA-OL-A66P-DX1_xmin30143_ymin20310_MPP-0.2500+111:1:1,TCGA-OL-A66P-DX1_xmin30143_ymin20310_MPP-0.2500+111,TCGA-OL-A66P-DX1,4
7146,TCGA-OL-A66P-DX1_xmin30143_ymin20310_MPP-0.2500+112:0:1,TCGA-OL-A66P-DX1_xmin30143_ymin20310_MPP-0.2500+112,TCGA-OL-A66P-DX1,4
7147,TCGA-OL-A66P-DX1_xmin30143_ymin20310_MPP-0.2500+112:0:2,TCGA-OL-A66P-DX1_xmin30143_ymin20310_MPP-0.2500+112,TCGA-OL-A66P-DX1,4
7153,TCGA-OL-A66P-DX1_xmin30143_ymin20310_MPP-0.2500+112:1:6,TCGA-OL-A66P-DX1_xmin30143_ymin20310_MPP-0.2500+112,TCGA-OL-A66P-DX1,4
7154,TCGA-OL-A66P-DX1_xmin30143_ymin20310_MPP-0.2500+113:0:1,TCGA-OL-A66P-DX1_xmin30143_ymin20310_MPP-0.2500+113,TCGA-OL-A66P-DX1,4
7155,TCGA-OL-A66P-DX1_xmin30143_ymin20310_MPP-0.2500+113:1:1,TCGA-OL-A66P-DX1_xmin30143_ymin20310_MPP-0.2500+113,TCGA-OL-A66P-DX1,4
7158,TCGA-OL-A66P-DX1_xmin30143_ymin20310_MPP-0.2500+114:0:2,TCGA-OL-A66P-DX1_xmin30143_ymin20310_MPP-0.2500+114,TCGA-OL-A66P-DX1,4
7163,TCGA-OL-A66P-DX1_xmin30143_ymin20310_MPP-0.2500+116:0:1,TCGA-OL-A66P-DX1_xmin30143_ymin20310_MPP-0.2500+116,TCGA-OL-A66P-DX1,4
7164,TCGA-OL-A66P-DX1_xmin30143_ymin20310_MPP-0.2500+116:0:2,TCGA-OL-A66P-DX1_xmin30143_ymin20310_MPP-0.2500+116,TCGA-OL-A66P-DX1,4
7166,TCGA-OL-A66P-DX1_xmin30143_ymin20310_MPP-0.2500+117:0:1,TCGA-OL-A66P-DX1_xmin30143_ymin20310_MPP-0.2500+117,TCGA-OL-A66P-DX1,4
7167,TCGA-OL-A66P-DX1_xmin30143_ymin20310_MPP-0.2500+118:0:1,TCGA-OL-A66P-DX1_xmin30143_ymin20310_MPP-0.2500+118,TCGA-OL-A66P-DX1,4
7172,TCGA-OL-A66P-DX1_xmin30143_ymin20310_MPP-0.2500+12:0:2,TCGA-OL-A66P-DX1_xmin30143_ymin20310_MPP-0.2500+12,TCGA-OL-A66P-DX1,4
7173,TCGA-OL-A66P-DX1_xmin30143_ymin20310_MPP-0.2500+12:0:3,TCGA-OL-A66P-DX1_xmin30143_ymin20310_MPP-0.2500+12,TCGA-OL-A66P-DX1,4
7175,TCGA-OL-A66P-DX1_xmin30143_ymin20310_MPP-0.2500+120:0:1,TCGA-OL-A66P-DX1_xmin30143_ymin20310_MPP-0.2500+120,TCGA-OL-A66P-DX1,4
7177,TCGA-OL-A66P-DX1_xmin30143_ymin20310_MPP-0.2500+121:1:1,TCGA-OL-A66P-DX1_xmin30143_ymin20310_MPP-0.2500+121,TCGA-OL-A66P-DX1,4
7183,TCGA-OL-A66P-DX1_xmin30143_ymin20310_MPP-0.2500+124:0:2,TCGA-OL-A66P-DX1_xmin30143_ymin20310_MPP-0.2500+124,TCGA-OL-A66P-DX1,4
7184,TCGA-OL-A66P-DX1_xmin30143_ymin20310_MPP-0.2500+124:0:3,TCGA-OL-A66P-DX1_xmin30143_ymin20310_MPP-0.2500+124,TCGA-OL-A66P-DX1,4
7185,TCGA-OL-A66P-DX1_xmin30143_ymin20310_MPP-0.2500+124:0:4,TCGA-OL-A66P-DX1_xmin30143_ymin20310_MPP-0.2500+124,TCGA-OL-A66P-DX1,4
7186,TCGA-OL-A66P-DX1_xmin30143_ymin20310_MPP-0.2500+124:1:1,TCGA-OL-A66P-DX1_xmin30143_ymin20310_MPP-0.2500+124,TCGA-OL-A66P-DX1,4
7188,TCGA-OL-A66P-DX1_xmin30143_ymin20310_MPP-0.2500+125:0:2,TCGA-OL-A66P-DX1_xmin30143_ymin20310_MPP-0.2500+125,TCGA-OL-A66P-DX1,4
7189,TCGA-OL-A66P-DX1_xmin30143_ymin20310_MPP-0.2500+125:1:1,TCGA-OL-A66P-DX1_xmin30143_ymin20310_MPP-0.2500+125,TCGA-OL-A66P-DX1,4
7191,TCGA-OL-A66P-DX1_xmin30143_ymin20310_MPP-0.2500+126:0:1,TCGA-OL-A66P-DX1_xmin30143_ymin20310_MPP-0.2500+126,TCGA-OL-A66P-DX1,4
7194,TCGA-OL-A66P-DX1_xmin30143_ymin20310_MPP-0.2500+127:1:3,TCGA-OL-A66P-DX1_xmin30143_ymin20310_MPP-0.2500+127,TCGA-OL-A66P-DX1,4
7196,TCGA-OL-A66P-DX1_xmin30143_ymin20310_MPP-0.2500+127:2:1,TCGA-OL-A66P-DX1_xmin30143_ymin20310_MPP-0.2500+127,TCGA-OL-A66P-DX1,4
7197,TCGA-OL-A66P-DX1_xmin30143_ymin20310_MPP-0.2500+128:0:1,TCGA-OL-A66P-DX1_xmin30143_ymin20310_MPP-0.2500+128,TCGA-OL-A66P-DX1,4
7200,TCGA-OL-A66P-DX1_xmin30143_ymin20310_MPP-0.2500+128:1:3,TCGA-OL-A66P-DX1_xmin30143_ymin20310_MPP-0.2500+128,TCGA-OL-A66P-DX1,4
7201,TCGA-OL-A66P-DX1_xmin30143_ymin20310_MPP-0.2500+129:0:1,TCGA-OL-A66P-DX1_xmin30143_ymin20310_MPP-0.2500+129,TCGA-OL-A66P-DX1,4
7202,TCGA-OL-A66P-DX1_xmin30143_ymin20310_MPP-0.2500+129:1:1,TCGA-OL-A66P-DX1_xmin30143_ymin20310_MPP-0.2500+129,TCGA-OL-A66P-DX1,4
7203,TCGA-OL-A66P-DX1_xmin30143_ymin20310_MPP-0.2500+129:1:2,TCGA-OL-A66P-DX1_xmin30143_ymin20310_MPP-0.2500+129,TCGA-OL-A66P-DX1,4
7206,TCGA-OL-A66P-DX1_xmin30143_ymin20310_MPP-0.2500+13:1:2,TCGA-OL-A66P-DX1_xmin30143_ymin20310_MPP-0.2500+13,TCGA-OL-A66P-DX1,4
7207,TCGA-OL-A66P-DX1_xmin30143_ymin20310_MPP-0.2500+130:0:1,TCGA-OL-A66P-DX1_xmin30143_ymin20310_MPP-0.2500+130,TCGA-OL-A66P-DX1,4
7208,TCGA-OL-A66P-DX1_xmin30143_ymin20310_MPP-0.2500+131:0:1,TCGA-OL-A66P-DX1_xmin30143_ymin20310_MPP-0.2500+131,TCGA-OL-A66P-DX1,4
7211,TCGA-OL-A66P-DX1_xmin30143_ymin20310_MPP-0.2500+133:0:2,TCGA-OL-A66P-DX1_xmin30143_ymin20310_MPP-0.2500+133,TCGA-OL-A66P-DX1,4
7212,TCGA-OL-A66P-DX1_xmin30143_ymin20310_MPP-0.2500+133:1:1,TCGA-OL-A66P-DX1_xmin30143_ymin20310_MPP-0.2500+133,TCGA-OL-A66P-DX1,4
7214,TCGA-OL-A66P-DX1_xmin30143_ymin20310_MPP-0.2500+133:2:1,TCGA-OL-A66P-DX1_xmin30143_ymin20310_MPP-0.2500+133,TCGA-OL-A66P-DX1,4
7216,TCGA-OL-A66P-DX1_xmin30143_ymin20310_MPP-0.2500+134:0:1,TCGA-OL-A66P-DX1_xmin30143_ymin20310_MPP-0.2500+134,TCGA-OL-A66P-DX1,4
7218,TCGA-OL-A66P-DX1_xmin30143_ymin20310_MPP-0.2500+134:0:3,TCGA-OL-A66P-DX1_xmin30143_ymin20310_MPP-0.2500+134,TCGA-OL-A66P-DX1,4
7222,TCGA-OL-A66P-DX1_xmin30143_ymin20310_MPP-0.2500+135:0:3,TCGA-OL-A66P-DX1_xmin30143_ymin20310_MPP-0.2500+135,TCGA-OL-A66P-DX1,4
7225,TCGA-OL-A66P-DX1_xmin30143_ymin20310_MPP-0.2500+136:0:1,TCGA-OL-A66P-DX1_xmin30143_ymin20310_MPP-0.2500+136,TCGA-OL-A66P-DX1,4
7226,TCGA-OL-A66P-DX1_xmin30143_ymin20310_MPP-0.2500+137:0:1,TCGA-OL-A66P-DX1_xmin30143_ymin20310_MPP-0.2500+137,TCGA-OL-A66P-DX1,4
7227,TCGA-OL-A66P-DX1_xmin30143_ymin20310_MPP-0.2500+138:0:1,TCGA-OL-A66P-DX1_xmin30143_ymin20310_MPP-0.2500+138,TCGA-OL-A66P-DX1,4
7229,TCGA-OL-A66P-DX1_xmin30143_ymin20310_MPP-0.2500+139:2:1,TCGA-OL-A66P-DX1_xmin30143_ymin20310_MPP-0.2500+139,TCGA-OL-A66P-DX1,4
7231,TCGA-OL-A66P-DX1_xmin30143_ymin20310_MPP-0.2500+140:0:1,TCGA-OL-A66P-DX1_xmin30143_ymin20310_MPP-0.2500+140,TCGA-OL-A66P-DX1,4
7232,TCGA-OL-A66P-DX1_xmin30143_ymin20310_MPP-0.2500+140:1:1,TCGA-OL-A66P-DX1_xmin30143_ymin20310_MPP-0.2500+140,TCGA-OL-A66P-DX1,4
7237,TCGA-OL-A66P-DX1_xmin30143_ymin20310_MPP-0.2500+141:1:1,TCGA-OL-A66P-DX1_xmin30143_ymin20310_MPP-0.2500+141,TCGA-OL-A66P-DX1,4
7238,TCGA-OL-A66P-DX1_xmin30143_ymin20310_MPP-0.2500+142:0:1,TCGA-OL-A66P-DX1_xmin30143_ymin20310_MPP-0.2500+142,TCGA-OL-A66P-DX1,4
7239,TCGA-OL-A66P-DX1_xmin30143_ymin20310_MPP-0.2500+142:0:2,TCGA-OL-A66P-DX1_xmin30143_ymin20310_MPP-0.2500+142,TCGA-OL-A66P-DX1,4
7242,TCGA-OL-A66P-DX1_xmin30143_ymin20310_MPP-0.2500+142:1:2,TCGA-OL-A66P-DX1_xmin30143_ymin20310_MPP-0.2500+142,TCGA-OL-A66P-DX1,4
7244,TCGA-OL-A66P-DX1_xmin30143_ymin20310_MPP-0.2500+143:0:1,TCGA-OL-A66P-DX1_xmin30143_ymin20310_MPP-0.2500+143,TCGA-OL-A66P-DX1,4
7245,TCGA-OL-A66P-DX1_xmin30143_ymin20310_MPP-0.2500+144:0:1,TCGA-OL-A66P-DX1_xmin30143_ymin20310_MPP-0.2500+144,TCGA-OL-A66P-DX1,4
7246,TCGA-OL-A66P-DX1_xmin30143_ymin20310_MPP-0.2500+145:0:1,TCGA-OL-A66P-DX1_xmin30143_ymin20310_MPP-0.2500+145,TCGA-OL-A66P-DX1,4
7247,TCGA-OL-A66P-DX1_xmin30143_ymin20310_MPP-0.2500+145:0:2,TCGA-OL-A66P-DX1_xmin30143_ymin20310_MPP-0.2500+145,TCGA-OL-A66P-DX1,4
7250,TCGA-OL-A66P-DX1_xmin30143_ymin20310_MPP-0.2500+146:0:1,TCGA-OL-A66P-DX1_xmin30143_ymin20310_MPP-0.2500+146,TCGA-OL-A66P-DX1,4
7259,TCGA-OL-A66P-DX1_xmin30143_ymin20310_MPP-0.2500+147:0:1,TCGA-OL-A66P-DX1_xmin30143_ymin20310_MPP-0.2500+147,TCGA-OL-A66P-DX1,4
7263,TCGA-OL-A66P-DX1_xmin30143_ymin20310_MPP-0.2500+148:1:2,TCGA-OL-A66P-DX1_xmin30143_ymin20310_MPP-0.2500+148,TCGA-OL-A66P-DX1,4
7265,TCGA-OL-A66P-DX1_xmin30143_ymin20310_MPP-0.2500+148:1:4,TCGA-OL-A66P-DX1_xmin30143_ymin20310_MPP-0.2500+148,TCGA-OL-A66P-DX1,4
7266,TCGA-OL-A66P-DX1_xmin30143_ymin20310_MPP-0.2500+148:2:1,TCGA-OL-A66P-DX1_xmin30143_ymin20310_MPP-0.2500+148,TCGA-OL-A66P-DX1,4
7267,TCGA-OL-A66P-DX1_xmin30143_ymin20310_MPP-0.2500+148:2:2,TCGA-OL-A66P-DX1_xmin30143_ymin20310_MPP-0.2500+148,TCGA-OL-A66P-DX1,4
7268,TCGA-OL-A66P-DX1_xmin30143_ymin20310_MPP-0.2500+149:0:1,TCGA-OL-A66P-DX1_xmin30143_ymin20310_MPP-0.2500+149,TCGA-OL-A66P-DX1,4
7272,TCGA-OL-A66P-DX1_xmin30143_ymin20310_MPP-0.2500+15:1:2,TCGA-OL-A66P-DX1_xmin30143_ymin20310_MPP-0.2500+15,TCGA-OL-A66P-DX1,4
7275,TCGA-OL-A66P-DX1_xmin30143_ymin20310_MPP-0.2500+15:2:3,TCGA-OL-A66P-DX1_xmin30143_ymin20310_MPP-0.2500+15,TCGA-OL-A66P-DX1,4
7276,TCGA-OL-A66P-DX1_xmin30143_ymin20310_MPP-0.2500+150:0:1,TCGA-OL-A66P-DX1_xmin30143_ymin20310_MPP-0.2500+150,TCGA-OL-A66P-DX1,4
7277,TCGA-OL-A66P-DX1_xmin30143_ymin20310_MPP-0.2500+150:0:2,TCGA-OL-A66P-DX1_xmin30143_ymin20310_MPP-0.2500+150,TCGA-OL-A66P-DX1,4
7278,TCGA-OL-A66P-DX1_xmin30143_ymin20310_MPP-0.2500+150:0:3,TCGA-OL-A66P-DX1_xmin30143_ymin20310_MPP-0.2500+150,TCGA-OL-A66P-DX1,4
7280,TCGA-OL-A66P-DX1_xmin30143_ymin20310_MPP-0.2500+151:0:1,TCGA-OL-A66P-DX1_xmin30143_ymin20310_MPP-0.2500+151,TCGA-OL-A66P-DX1,4
7282,TCGA-OL-A66P-DX1_xmin30143_ymin20310_MPP-0.2500+151:2:1,TCGA-OL-A66P-DX1_xmin30143_ymin20310_MPP-0.2500+151,TCGA-OL-A66P-DX1,4
7284,TCGA-OL-A66P-DX1_xmin30143_ymin20310_MPP-0.2500+152:1:1,TCGA-OL-A66P-DX1_xmin30143_ymin20310_MPP-0.2500+152,TCGA-OL-A66P-DX1,4
7285,TCGA-OL-A66P-DX1_xmin30143_ymin20310_MPP-0.2500+153:0:1,TCGA-OL-A66P-DX1_xmin30143_ymin20310_MPP-0.2500+153,TCGA-OL-A66P-DX1,4
7286,TCGA-OL-A66P-DX1_xmin30143_ymin20310_MPP-0.2500+153:0:2,TCGA-OL-A66P-DX1_xmin30143_ymin20310_MPP-0.2500+153,TCGA-OL-A66P-DX1,4
7287,TCGA-OL-A66P-DX1_xmin30143_ymin20310_MPP-0.2500+153:1:1,TCGA-OL-A66P-DX1_xmin30143_ymin20310_MPP-0.2500+153,TCGA-OL-A66P-DX1,4
7288,TCGA-OL-A66P-DX1_xmin30143_ymin20310_MPP-0.2500+153:1:2,TCGA-OL-A66P-DX1_xmin30143_ymin20310_MPP-0.2500+153,TCGA-OL-A66P-DX1,4
7289,TCGA-OL-A66P-DX1_xmin30143_ymin20310_MPP-0.2500+154:0:1,TCGA-OL-A66P-DX1_xmin30143_ymin20310_MPP-0.2500+154,TCGA-OL-A66P-DX1,4
7290,TCGA-OL-A66P-DX1_xmin30143_ymin20310_MPP-0.2500+154:1:1,TCGA-OL-A66P-DX1_xmin30143_ymin20310_MPP-0.2500+154,TCGA-OL-A66P-DX1,4
7291,TCGA-OL-A66P-DX1_xmin30143_ymin20310_MPP-0.2500+154:1:2,TCGA-OL-A66P-DX1_xmin30143_ymin20310_MPP-0.2500+154,TCGA-OL-A66P-DX1,4
7292,TCGA-OL-A66P-DX1_xmin30143_ymin20310_MPP-0.2500+155:0:1,TCGA-OL-A66P-DX1_xmin30143_ymin20310_MPP-0.2500+155,TCGA-OL-A66P-DX1,4
7293,TCGA-OL-A66P-DX1_xmin30143_ymin20310_MPP-0.2500+156:0:1,TCGA-OL-A66P-DX1_xmin30143_ymin20310_MPP-0.2500+156,TCGA-OL-A66P-DX1,4
7294,TCGA-OL-A66P-DX1_xmin30143_ymin20310_MPP-0.2500+157:0:1,TCGA-OL-A66P-DX1_xmin30143_ymin20310_MPP-0.2500+157,TCGA-OL-A66P-DX1,4
7296,TCGA-OL-A66P-DX1_xmin30143_ymin20310_MPP-0.2500+157:1:1,TCGA-OL-A66P-DX1_xmin30143_ymin20310_MPP-0.2500+157,TCGA-OL-A66P-DX1,4
7297,TCGA-OL-A66P-DX1_xmin30143_ymin20310_MPP-0.2500+157:1:2,TCGA-OL-A66P-DX1_xmin30143_ymin20310_MPP-0.2500+157,TCGA-OL-A66P-DX1,4
7299,TCGA-OL-A66P-DX1_xmin30143_ymin20310_MPP-0.2500+158:0:1,TCGA-OL-A66P-DX1_xmin30143_ymin20310_MPP-0.2500+158,TCGA-OL-A66P-DX1,4
7305,TCGA-OL-A66P-DX1_xmin30143_ymin20310_MPP-0.2500+158:1:3,TCGA-OL-A66P-DX1_xmin30143_ymin20310_MPP-0.2500+158,TCGA-OL-A66P-DX1,4
7306,TCGA-OL-A66P-DX1_xmin30143_ymin20310_MPP-0.2500+158:1:4,TCGA-OL-A66P-DX1_xmin30143_ymin20310_MPP-0.2500+158,TCGA-OL-A66P-DX1,4
7307,TCGA-OL-A66P-DX1_xmin30143_ymin20310_MPP-0.2500+158:2:1,TCGA-OL-A66P-DX1_xmin30143_ymin20310_MPP-0.2500+158,TCGA-OL-A66P-DX1,4
7308,TCGA-OL-A66P-DX1_xmin30143_ymin20310_MPP-0.2500+159:1:1,TCGA-OL-A66P-DX1_xmin30143_ymin20310_MPP-0.2500+159,TCGA-OL-A66P-DX1,4
7313,TCGA-OL-A66P-DX1_xmin30143_ymin20310_MPP-0.2500+159:1:6,TCGA-OL-A66P-DX1_xmin30143_ymin20310_MPP-0.2500+159,TCGA-OL-A66P-DX1,4
7317,TCGA-OL-A66P-DX1_xmin30143_ymin20310_MPP-0.2500+160:1:1,TCGA-OL-A66P-DX1_xmin30143_ymin20310_MPP-0.2500+160,TCGA-OL-A66P-DX1,4
7319,TCGA-OL-A66P-DX1_xmin30143_ymin20310_MPP-0.2500+161:0:2,TCGA-OL-A66P-DX1_xmin30143_ymin20310_MPP-0.2500+161,TCGA-OL-A66P-DX1,4
7321,TCGA-OL-A66P-DX1_xmin30143_ymin20310_MPP-0.2500+161:0:4,TCGA-OL-A66P-DX1_xmin30143_ymin20310_MPP-0.2500+161,TCGA-OL-A66P-DX1,4
7323,TCGA-OL-A66P-DX1_xmin30143_ymin20310_MPP-0.2500+161:1:2,TCGA-OL-A66P-DX1_xmin30143_ymin20310_MPP-0.2500+161,TCGA-OL-A66P-DX1,4
7324,TCGA-OL-A66P-DX1_xmin30143_ymin20310_MPP-0.2500+161:1:3,TCGA-OL-A66P-DX1_xmin30143_ymin20310_MPP-0.2500+161,TCGA-OL-A66P-DX1,4
7325,TCGA-OL-A66P-DX1_xmin30143_ymin20310_MPP-0.2500+161:2:1,TCGA-OL-A66P-DX1_xmin30143_ymin20310_MPP-0.2500+161,TCGA-OL-A66P-DX1,4
7326,TCGA-OL-A66P-DX1_xmin30143_ymin20310_MPP-0.2500+161:2:2,TCGA-OL-A66P-DX1_xmin30143_ymin20310_MPP-0.2500+161,TCGA-OL-A66P-DX1,4
7327,TCGA-OL-A66P-DX1_xmin30143_ymin20310_MPP-0.2500+161:2:3,TCGA-OL-A66P-DX1_xmin30143_ymin20310_MPP-0.2500+161,TCGA-OL-A66P-DX1,4
7328,TCGA-OL-A66P-DX1_xmin30143_ymin20310_MPP-0.2500+162:0:1,TCGA-OL-A66P-DX1_xmin30143_ymin20310_MPP-0.2500+162,TCGA-OL-A66P-DX1,4
7330,TCGA-OL-A66P-DX1_xmin30143_ymin20310_MPP-0.2500+162:1:1,TCGA-OL-A66P-DX1_xmin30143_ymin20310_MPP-0.2500+162,TCGA-OL-A66P-DX1,4
7333,TCGA-OL-A66P-DX1_xmin30143_ymin20310_MPP-0.2500+162:1:4,TCGA-OL-A66P-DX1_xmin30143_ymin20310_MPP-0.2500+162,TCGA-OL-A66P-DX1,4
7335,TCGA-OL-A66P-DX1_xmin30143_ymin20310_MPP-0.2500+162:2:1,TCGA-OL-A66P-DX1_xmin30143_ymin20310_MPP-0.2500+162,TCGA-OL-A66P-DX1,4
7337,TCGA-OL-A66P-DX1_xmin30143_ymin20310_MPP-0.2500+163:0:2,TCGA-OL-A66P-DX1_xmin30143_ymin20310_MPP-0.2500+163,TCGA-OL-A66P-DX1,4
7339,TCGA-OL-A66P-DX1_xmin30143_ymin20310_MPP-0.2500+163:0:4,TCGA-OL-A66P-DX1_xmin30143_ymin20310_MPP-0.2500+163,TCGA-OL-A66P-DX1,4
7343,TCGA-OL-A66P-DX1_xmin30143_ymin20310_MPP-0.2500+164:0:2,TCGA-OL-A66P-DX1_xmin30143_ymin20310_MPP-0.2500+164,TCGA-OL-A66P-DX1,4
7344,TCGA-OL-A66P-DX1_xmin30143_ymin20310_MPP-0.2500+164:0:3,TCGA-OL-A66P-DX1_xmin30143_ymin20310_MPP-0.2500+164,TCGA-OL-A66P-DX1,4
7347,TCGA-OL-A66P-DX1_xmin30143_ymin20310_MPP-0.2500+165:0:2,TCGA-OL-A66P-DX1_xmin30143_ymin20310_MPP-0.2500+165,TCGA-OL-A66P-DX1,4
7351,TCGA-OL-A66P-DX1_xmin30143_ymin20310_MPP-0.2500+166:0:1,TCGA-OL-A66P-DX1_xmin30143_ymin20310_MPP-0.2500+166,TCGA-OL-A66P-DX1,4
7352,TCGA-OL-A66P-DX1_xmin30143_ymin20310_MPP-0.2500+167:0:1,TCGA-OL-A66P-DX1_xmin30143_ymin20310_MPP-0.2500+167,TCGA-OL-A66P-DX1,4
7353,TCGA-OL-A66P-DX1_xmin30143_ymin20310_MPP-0.2500+168:0:1,TCGA-OL-A66P-DX1_xmin30143_ymin20310_MPP-0.2500+168,TCGA-OL-A66P-DX1,4
7356,TCGA-OL-A66P-DX1_xmin30143_ymin20310_MPP-0.2500+169:0:1,TCGA-OL-A66P-DX1_xmin30143_ymin20310_MPP-0.2500+169,TCGA-OL-A66P-DX1,4
7357,TCGA-OL-A66P-DX1_xmin30143_ymin20310_MPP-0.2500+169:2:1,TCGA-OL-A66P-DX1_xmin30143_ymin20310_MPP-0.2500+169,TCGA-OL-A66P-DX1,4
7358,TCGA-OL-A66P-DX1_xmin30143_ymin20310_MPP-0.2500+17:0:1,TCGA-OL-A66P-DX1_xmin30143_ymin20310_MPP-0.2500+17,TCGA-OL-A66P-DX1,4
7361,TCGA-OL-A66P-DX1_xmin30143_ymin20310_MPP-0.2500+170:2:1,TCGA-OL-A66P-DX1_xmin30143_ymin20310_MPP-0.2500+170,TCGA-OL-A66P-DX1,4
7363,TCGA-OL-A66P-DX1_xmin30143_ymin20310_MPP-0.2500+170:2:4,TCGA-OL-A66P-DX1_xmin30143_ymin20310_MPP-0.2500+170,TCGA-OL-A66P-DX1,4
7367,TCGA-OL-A66P-DX1_xmin30143_ymin20310_MPP-0.2500+171:1:1,TCGA-OL-A66P-DX1_xmin30143_ymin20310_MPP-0.2500+171,TCGA-OL-A66P-DX1,4
7371,TCGA-OL-A66P-DX1_xmin30143_ymin20310_MPP-0.2500+173:1:1,TCGA-OL-A66P-DX1_xmin30143_ymin20310_MPP-0.2500+173,TCGA-OL-A66P-DX1,4
7372,TCGA-OL-A66P-DX1_xmin30143_ymin20310_MPP-0.2500+174:1:1,TCGA-OL-A66P-DX1_xmin30143_ymin20310_MPP-0.2500+174,TCGA-OL-A66P-DX1,4
7373,TCGA-OL-A66P-DX1_xmin30143_ymin20310_MPP-0.2500+175:1:1,TCGA-OL-A66P-DX1_xmin30143_ymin20310_MPP-0.2500+175,TCGA-OL-A66P-DX1,4
7376,TCGA-OL-A66P-DX1_xmin30143_ymin20310_MPP-0.2500+178:0:1,TCGA-OL-A66P-DX1_xmin30143_ymin20310_MPP-0.2500+178,TCGA-OL-A66P-DX1,4
7380,TCGA-OL-A66P-DX1_xmin30143_ymin20310_MPP-0.2500+178:2:1,TCGA-OL-A66P-DX1_xmin30143_ymin20310_MPP-0.2500+178,TCGA-OL-A66P-DX1,4
7383,TCGA-OL-A66P-DX1_xmin30143_ymin20310_MPP-0.2500+178:2:4,TCGA-OL-A66P-DX1_xmin30143_ymin20310_MPP-0.2500+178,TCGA-OL-A66P-DX1,4
7384,TCGA-OL-A66P-DX1_xmin30143_ymin20310_MPP-0.2500+178:2:6,TCGA-OL-A66P-DX1_xmin30143_ymin20310_MPP-0.2500+178,TCGA-OL-A66P-DX1,4
7385,TCGA-OL-A66P-DX1_xmin30143_ymin20310_MPP-0.2500+179:1:1,TCGA-OL-A66P-DX1_xmin30143_ymin20310_MPP-0.2500+179,TCGA-OL-A66P-DX1,4
7386,TCGA-OL-A66P-DX1_xmin30143_ymin20310_MPP-0.2500+179:1:2,TCGA-OL-A66P-DX1_xmin30143_ymin20310_MPP-0.2500+179,TCGA-OL-A66P-DX1,4
7388,TCGA-OL-A66P-DX1_xmin30143_ymin20310_MPP-0.2500+179:2:2,TCGA-OL-A66P-DX1_xmin30143_ymin20310_MPP-0.2500+179,TCGA-OL-A66P-DX1,4
7390,TCGA-OL-A66P-DX1_xmin30143_ymin20310_MPP-0.2500+180:2:1,TCGA-OL-A66P-DX1_xmin30143_ymin20310_MPP-0.2500+180,TCGA-OL-A66P-DX1,4
7392,TCGA-OL-A66P-DX1_xmin30143_ymin20310_MPP-0.2500+181:1:2,TCGA-OL-A66P-DX1_xmin30143_ymin20310_MPP-0.2500+181,TCGA-OL-A66P-DX1,4
7394,TCGA-OL-A66P-DX1_xmin30143_ymin20310_MPP-0.2500+181:2:1,TCGA-OL-A66P-DX1_xmin30143_ymin20310_MPP-0.2500+181,TCGA-OL-A66P-DX1,4
7395,TCGA-OL-A66P-DX1_xmin30143_ymin20310_MPP-0.2500+181:2:2,TCGA-OL-A66P-DX1_xmin30143_ymin20310_MPP-0.2500+181,TCGA-OL-A66P-DX1,4
7396,TCGA-OL-A66P-DX1_xmin30143_ymin20310_MPP-0.2500+182:1:1,TCGA-OL-A66P-DX1_xmin30143_ymin20310_MPP-0.2500+182,TCGA-OL-A66P-DX1,4
7397,TCGA-OL-A66P-DX1_xmin30143_ymin20310_MPP-0.2500+182:2:1,TCGA-OL-A66P-DX1_xmin30143_ymin20310_MPP-0.2500+182,TCGA-OL-A66P-DX1,4
7398,TCGA-OL-A66P-DX1_xmin30143_ymin20310_MPP-0.2500+182:2:2,TCGA-OL-A66P-DX1_xmin30143_ymin20310_MPP-0.2500+182,TCGA-OL-A66P-DX1,4
7400,TCGA-OL-A66P-DX1_xmin30143_ymin20310_MPP-0.2500+182:2:4,TCGA-OL-A66P-DX1_xmin30143_ymin20310_MPP-0.2500+182,TCGA-OL-A66P-DX1,4
7401,TCGA-OL-A66P-DX1_xmin30143_ymin20310_MPP-0.2500+182:2:5,TCGA-OL-A66P-DX1_xmin30143_ymin20310_MPP-0.2500+182,TCGA-OL-A66P-DX1,4
7404,TCGA-OL-A66P-DX1_xmin30143_ymin20310_MPP-0.2500+183:1:1,TCGA-OL-A66P-DX1_xmin30143_ymin20310_MPP-0.2500+183,TCGA-OL-A66P-DX1,4
7405,TCGA-OL-A66P-DX1_xmin30143_ymin20310_MPP-0.2500+184:1:1,TCGA-OL-A66P-DX1_xmin30143_ymin20310_MPP-0.2500+184,TCGA-OL-A66P-DX1,4
7408,TCGA-OL-A66P-DX1_xmin30143_ymin20310_MPP-0.2500+187:1:1,TCGA-OL-A66P-DX1_xmin30143_ymin20310_MPP-0.2500+187,TCGA-OL-A66P-DX1,4
7410,TCGA-OL-A66P-DX1_xmin30143_ymin20310_MPP-0.2500+189:1:1,TCGA-OL-A66P-DX1_xmin30143_ymin20310_MPP-0.2500+189,TCGA-OL-A66P-DX1,4
7411,TCGA-OL-A66P-DX1_xmin30143_ymin20310_MPP-0.2500+19:0:1,TCGA-OL-A66P-DX1_xmin30143_ymin20310_MPP-0.2500+19,TCGA-OL-A66P-DX1,4
7413,TCGA-OL-A66P-DX1_xmin30143_ymin20310_MPP-0.2500+190:2:1,TCGA-OL-A66P-DX1_xmin30143_ymin20310_MPP-0.2500+190,TCGA-OL-A66P-DX1,4
7421,TCGA-OL-A66P-DX1_xmin30143_ymin20310_MPP-0.2500+194:2:1,TCGA-OL-A66P-DX1_xmin30143_ymin20310_MPP-0.2500+194,TCGA-OL-A66P-DX1,4
7425,TCGA-OL-A66P-DX1_xmin30143_ymin20310_MPP-0.2500+195:1:1,TCGA-OL-A66P-DX1_xmin30143_ymin20310_MPP-0.2500+195,TCGA-OL-A66P-DX1,4
7426,TCGA-OL-A66P-DX1_xmin30143_ymin20310_MPP-0.2500+195:2:1,TCGA-OL-A66P-DX1_xmin30143_ymin20310_MPP-0.2500+195,TCGA-OL-A66P-DX1,4
7428,TCGA-OL-A66P-DX1_xmin30143_ymin20310_MPP-0.2500+195:2:3,TCGA-OL-A66P-DX1_xmin30143_ymin20310_MPP-0.2500+195,TCGA-OL-A66P-DX1,4
7432,TCGA-OL-A66P-DX1_xmin30143_ymin20310_MPP-0.2500+196:1:1,TCGA-OL-A66P-DX1_xmin30143_ymin20310_MPP-0.2500+196,TCGA-OL-A66P-DX1,4
7434,TCGA-OL-A66P-DX1_xmin30143_ymin20310_MPP-0.2500+198:1:1,TCGA-OL-A66P-DX1_xmin30143_ymin20310_MPP-0.2500+198,TCGA-OL-A66P-DX1,4
7435,TCGA-OL-A66P-DX1_xmin30143_ymin20310_MPP-0.2500+199:1:1,TCGA-OL-A66P-DX1_xmin30143_ymin20310_MPP-0.2500+199,TCGA-OL-A66P-DX1,4
7436,TCGA-OL-A66P-DX1_xmin30143_ymin20310_MPP-0.2500+2:0:1,TCGA-OL-A66P-DX1_xmin30143_ymin20310_MPP-0.2500+2,TCGA-OL-A66P-DX1,4
7437,TCGA-OL-A66P-DX1_xmin30143_ymin20310_MPP-0.2500+20:0:1,TCGA-OL-A66P-DX1_xmin30143_ymin20310_MPP-0.2500+20,TCGA-OL-A66P-DX1,4
7438,TCGA-OL-A66P-DX1_xmin30143_ymin20310_MPP-0.2500+200:1:1,TCGA-OL-A66P-DX1_xmin30143_ymin20310_MPP-0.2500+200,TCGA-OL-A66P-DX1,4
7439,TCGA-OL-A66P-DX1_xmin30143_ymin20310_MPP-0.2500+201:1:1,TCGA-OL-A66P-DX1_xmin30143_ymin20310_MPP-0.2500+201,TCGA-OL-A66P-DX1,4
7440,TCGA-OL-A66P-DX1_xmin30143_ymin20310_MPP-0.2500+202:1:1,TCGA-OL-A66P-DX1_xmin30143_ymin20310_MPP-0.2500+202,TCGA-OL-A66P-DX1,4
7441,TCGA-OL-A66P-DX1_xmin30143_ymin20310_MPP-0.2500+203:1:1,TCGA-OL-A66P-DX1_xmin30143_ymin20310_MPP-0.2500+203,TCGA-OL-A66P-DX1,4
7442,TCGA-OL-A66P-DX1_xmin30143_ymin20310_MPP-0.2500+204:1:1,TCGA-OL-A66P-DX1_xmin30143_ymin20310_MPP-0.2500+204,TCGA-OL-A66P-DX1,4
7449,TCGA-OL-A66P-DX1_xmin30143_ymin20310_MPP-0.2500+208:2:3,TCGA-OL-A66P-DX1_xmin30143_ymin20310_MPP-0.2500+208,TCGA-OL-A66P-DX1,4
7451,TCGA-OL-A66P-DX1_xmin30143_ymin20310_MPP-0.2500+209:1:1,TCGA-OL-A66P-DX1_xmin30143_ymin20310_MPP-0.2500+209,TCGA-OL-A66P-DX1,4
7452,TCGA-OL-A66P-DX1_xmin30143_ymin20310_MPP-0.2500+21:0:1,TCGA-OL-A66P-DX1_xmin30143_ymin20310_MPP-0.2500+21,TCGA-OL-A66P-DX1,4
7453,TCGA-OL-A66P-DX1_xmin30143_ymin20310_MPP-0.2500+21:0:2,TCGA-OL-A66P-DX1_xmin30143_ymin20310_MPP-0.2500+21,TCGA-OL-A66P-DX1,4
7454,TCGA-OL-A66P-DX1_xmin30143_ymin20310_MPP-0.2500+21:0:3,TCGA-OL-A66P-DX1_xmin30143_ymin20310_MPP-0.2500+21,TCGA-OL-A66P-DX1,4
7455,TCGA-OL-A66P-DX1_xmin30143_ymin20310_MPP-0.2500+21:1:1,TCGA-OL-A66P-DX1_xmin30143_ymin20310_MPP-0.2500+21,TCGA-OL-A66P-DX1,4
7457,TCGA-OL-A66P-DX1_xmin30143_ymin20310_MPP-0.2500+210:1:1,TCGA-OL-A66P-DX1_xmin30143_ymin20310_MPP-0.2500+210,TCGA-OL-A66P-DX1,4
7458,TCGA-OL-A66P-DX1_xmin30143_ymin20310_MPP-0.2500+211:1:1,TCGA-OL-A66P-DX1_xmin30143_ymin20310_MPP-0.2500+211,TCGA-OL-A66P-DX1,4
7459,TCGA-OL-A66P-DX1_xmin30143_ymin20310_MPP-0.2500+212:1:1,TCGA-OL-A66P-DX1_xmin30143_ymin20310_MPP-0.2500+212,TCGA-OL-A66P-DX1,4
7460,TCGA-OL-A66P-DX1_xmin30143_ymin20310_MPP-0.2500+213:1:1,TCGA-OL-A66P-DX1_xmin30143_ymin20310_MPP-0.2500+213,TCGA-OL-A66P-DX1,4
7461,TCGA-OL-A66P-DX1_xmin30143_ymin20310_MPP-0.2500+214:1:1,TCGA-OL-A66P-DX1_xmin30143_ymin20310_MPP-0.2500+214,TCGA-OL-A66P-DX1,4
7462,TCGA-OL-A66P-DX1_xmin30143_ymin20310_MPP-0.2500+215:1:1,TCGA-OL-A66P-DX1_xmin30143_ymin20310_MPP-0.2500+215,TCGA-OL-A66P-DX1,4
7463,TCGA-OL-A66P-DX1_xmin30143_ymin20310_MPP-0.2500+216:1:1,TCGA-OL-A66P-DX1_xmin30143_ymin20310_MPP-0.2500+216,TCGA-OL-A66P-DX1,4
7464,TCGA-OL-A66P-DX1_xmin30143_ymin20310_MPP-0.2500+217:1:1,TCGA-OL-A66P-DX1_xmin30143_ymin20310_MPP-0.2500+217,TCGA-OL-A66P-DX1,4
7465,TCGA-OL-A66P-DX1_xmin30143_ymin20310_MPP-0.2500+218:1:1,TCGA-OL-A66P-DX1_xmin30143_ymin20310_MPP-0.2500+218,TCGA-OL-A66P-DX1,4
7466,TCGA-OL-A66P-DX1_xmin30143_ymin20310_MPP-0.2500+219:1:1,TCGA-OL-A66P-DX1_xmin30143_ymin20310_MPP-0.2500+219,TCGA-OL-A66P-DX1,4
7467,TCGA-OL-A66P-DX1_xmin30143_ymin20310_MPP-0.2500+22:1:1,TCGA-OL-A66P-DX1_xmin30143_ymin20310_MPP-0.2500+22,TCGA-OL-A66P-DX1,4
7468,TCGA-OL-A66P-DX1_xmin30143_ymin20310_MPP-0.2500+220:1:1,TCGA-OL-A66P-DX1_xmin30143_ymin20310_MPP-0.2500+220,TCGA-OL-A66P-DX1,4
7469,TCGA-OL-A66P-DX1_xmin30143_ymin20310_MPP-0.2500+221:1:1,TCGA-OL-A66P-DX1_xmin30143_ymin20310_MPP-0.2500+221,TCGA-OL-A66P-DX1,4
7470,TCGA-OL-A66P-DX1_xmin30143_ymin20310_MPP-0.2500+222:1:1,TCGA-OL-A66P-DX1_xmin30143_ymin20310_MPP-0.2500+222,TCGA-OL-A66P-DX1,4
7471,TCGA-OL-A66P-DX1_xmin30143_ymin20310_MPP-0.2500+223:1:1,TCGA-OL-A66P-DX1_xmin30143_ymin20310_MPP-0.2500+223,TCGA-OL-A66P-DX1,4
7473,TCGA-OL-A66P-DX1_xmin30143_ymin20310_MPP-0.2500+225:1:1,TCGA-OL-A66P-DX1_xmin30143_ymin20310_MPP-0.2500+225,TCGA-OL-A66P-DX1,4
7475,TCGA-OL-A66P-DX1_xmin30143_ymin20310_MPP-0.2500+225:2:2,TCGA-OL-A66P-DX1_xmin30143_ymin20310_MPP-0.2500+225,TCGA-OL-A66P-DX1,4
7476,TCGA-OL-A66P-DX1_xmin30143_ymin20310_MPP-0.2500+226:1:1,TCGA-OL-A66P-DX1_xmin30143_ymin20310_MPP-0.2500+226,TCGA-OL-A66P-DX1,4
7477,TCGA-OL-A66P-DX1_xmin30143_ymin20310_MPP-0.2500+23:1:1,TCGA-OL-A66P-DX1_xmin30143_ymin20310_MPP-0.2500+23,TCGA-OL-A66P-DX1,4
7479,TCGA-OL-A66P-DX1_xmin30143_ymin20310_MPP-0.2500+25:1:1,TCGA-OL-A66P-DX1_xmin30143_ymin20310_MPP-0.2500+25,TCGA-OL-A66P-DX1,4
7481,TCGA-OL-A66P-DX1_xmin30143_ymin20310_MPP-0.2500+27:0:1,TCGA-OL-A66P-DX1_xmin30143_ymin20310_MPP-0.2500+27,TCGA-OL-A66P-DX1,4
7483,TCGA-OL-A66P-DX1_xmin30143_ymin20310_MPP-0.2500+27:1:2,TCGA-OL-A66P-DX1_xmin30143_ymin20310_MPP-0.2500+27,TCGA-OL-A66P-DX1,4
7485,TCGA-OL-A66P-DX1_xmin30143_ymin20310_MPP-0.2500+28:0:1,TCGA-OL-A66P-DX1_xmin30143_ymin20310_MPP-0.2500+28,TCGA-OL-A66P-DX1,4
7488,TCGA-OL-A66P-DX1_xmin30143_ymin20310_MPP-0.2500+29:0:1,TCGA-OL-A66P-DX1_xmin30143_ymin20310_MPP-0.2500+29,TCGA-OL-A66P-DX1,4
7490,TCGA-OL-A66P-DX1_xmin30143_ymin20310_MPP-0.2500+29:0:3,TCGA-OL-A66P-DX1_xmin30143_ymin20310_MPP-0.2500+29,TCGA-OL-A66P-DX1,4
7491,TCGA-OL-A66P-DX1_xmin30143_ymin20310_MPP-0.2500+29:1:1,TCGA-OL-A66P-DX1_xmin30143_ymin20310_MPP-0.2500+29,TCGA-OL-A66P-DX1,4
7492,TCGA-OL-A66P-DX1_xmin30143_ymin20310_MPP-0.2500+29:1:2,TCGA-OL-A66P-DX1_xmin30143_ymin20310_MPP-0.2500+29,TCGA-OL-A66P-DX1,4
7493,TCGA-OL-A66P-DX1_xmin30143_ymin20310_MPP-0.2500+3:0:1,TCGA-OL-A66P-DX1_xmin30143_ymin20310_MPP-0.2500+3,TCGA-OL-A66P-DX1,4
7502,TCGA-OL-A66P-DX1_xmin30143_ymin20310_MPP-0.2500+31:0:2,TCGA-OL-A66P-DX1_xmin30143_ymin20310_MPP-0.2500+31,TCGA-OL-A66P-DX1,4
7504,TCGA-OL-A66P-DX1_xmin30143_ymin20310_MPP-0.2500+32:0:1,TCGA-OL-A66P-DX1_xmin30143_ymin20310_MPP-0.2500+32,TCGA-OL-A66P-DX1,4
7505,TCGA-OL-A66P-DX1_xmin30143_ymin20310_MPP-0.2500+33:0:1,TCGA-OL-A66P-DX1_xmin30143_ymin20310_MPP-0.2500+33,TCGA-OL-A66P-DX1,4
7506,TCGA-OL-A66P-DX1_xmin30143_ymin20310_MPP-0.2500+34:0:1,TCGA-OL-A66P-DX1_xmin30143_ymin20310_MPP-0.2500+34,TCGA-OL-A66P-DX1,4
7515,TCGA-OL-A66P-DX1_xmin30143_ymin20310_MPP-0.2500+4:0:1,TCGA-OL-A66P-DX1_xmin30143_ymin20310_MPP-0.2500+4,TCGA-OL-A66P-DX1,4
7520,TCGA-OL-A66P-DX1_xmin30143_ymin20310_MPP-0.2500+40:0:1,TCGA-OL-A66P-DX1_xmin30143_ymin20310_MPP-0.2500+40,TCGA-OL-A66P-DX1,4
7521,TCGA-OL-A66P-DX1_xmin30143_ymin20310_MPP-0.2500+41:0:1,TCGA-OL-A66P-DX1_xmin30143_ymin20310_MPP-0.2500+41,TCGA-OL-A66P-DX1,4
7525,TCGA-OL-A66P-DX1_xmin30143_ymin20310_MPP-0.2500+41:1:3,TCGA-OL-A66P-DX1_xmin30143_ymin20310_MPP-0.2500+41,TCGA-OL-A66P-DX1,4
7526,TCGA-OL-A66P-DX1_xmin30143_ymin20310_MPP-0.2500+42:0:1,TCGA-OL-A66P-DX1_xmin30143_ymin20310_MPP-0.2500+42,TCGA-OL-A66P-DX1,4
7527,TCGA-OL-A66P-DX1_xmin30143_ymin20310_MPP-0.2500+42:0:2,TCGA-OL-A66P-DX1_xmin30143_ymin20310_MPP-0.2500+42,TCGA-OL-A66P-DX1,4
7528,TCGA-OL-A66P-DX1_xmin30143_ymin20310_MPP-0.2500+42:0:4,TCGA-OL-A66P-DX1_xmin30143_ymin20310_MPP-0.2500+42,TCGA-OL-A66P-DX1,4
7531,TCGA-OL-A66P-DX1_xmin30143_ymin20310_MPP-0.2500+43:0:2,TCGA-OL-A66P-DX1_xmin30143_ymin20310_MPP-0.2500+43,TCGA-OL-A66P-DX1,4
7533,TCGA-OL-A66P-DX1_xmin30143_ymin20310_MPP-0.2500+44:0:1,TCGA-OL-A66P-DX1_xmin30143_ymin20310_MPP-0.2500+44,TCGA-OL-A66P-DX1,4
7534,TCGA-OL-A66P-DX1_xmin30143_ymin20310_MPP-0.2500+45:0:1,TCGA-OL-A66P-DX1_xmin30143_ymin20310_MPP-0.2500+45,TCGA-OL-A66P-DX1,4
7535,TCGA-OL-A66P-DX1_xmin30143_ymin20310_MPP-0.2500+46:0:1,TCGA-OL-A66P-DX1_xmin30143_ymin20310_MPP-0.2500+46,TCGA-OL-A66P-DX1,4
7536,TCGA-OL-A66P-DX1_xmin30143_ymin20310_MPP-0.2500+46:1:1,TCGA-OL-A66P-DX1_xmin30143_ymin20310_MPP-0.2500+46,TCGA-OL-A66P-DX1,4
7538,TCGA-OL-A66P-DX1_xmin30143_ymin20310_MPP-0.2500+47:0:1,TCGA-OL-A66P-DX1_xmin30143_ymin20310_MPP-0.2500+47,TCGA-OL-A66P-DX1,4
7540,TCGA-OL-A66P-DX1_xmin30143_ymin20310_MPP-0.2500+47:0:3,TCGA-OL-A66P-DX1_xmin30143_ymin20310_MPP-0.2500+47,TCGA-OL-A66P-DX1,4
7544,TCGA-OL-A66P-DX1_xmin30143_ymin20310_MPP-0.2500+5:0:1,TCGA-OL-A66P-DX1_xmin30143_ymin20310_MPP-0.2500+5,TCGA-OL-A66P-DX1,4
7546,TCGA-OL-A66P-DX1_xmin30143_ymin20310_MPP-0.2500+50:2:1,TCGA-OL-A66P-DX1_xmin30143_ymin20310_MPP-0.2500+50,TCGA-OL-A66P-DX1,4
7548,TCGA-OL-A66P-DX1_xmin30143_ymin20310_MPP-0.2500+52:0:1,TCGA-OL-A66P-DX1_xmin30143_ymin20310_MPP-0.2500+52,TCGA-OL-A66P-DX1,4
7549,TCGA-OL-A66P-DX1_xmin30143_ymin20310_MPP-0.2500+53:0:1,TCGA-OL-A66P-DX1_xmin30143_ymin20310_MPP-0.2500+53,TCGA-OL-A66P-DX1,4
7550,TCGA-OL-A66P-DX1_xmin30143_ymin20310_MPP-0.2500+53:0:2,TCGA-OL-A66P-DX1_xmin30143_ymin20310_MPP-0.2500+53,TCGA-OL-A66P-DX1,4
7551,TCGA-OL-A66P-DX1_xmin30143_ymin20310_MPP-0.2500+53:0:3,TCGA-OL-A66P-DX1_xmin30143_ymin20310_MPP-0.2500+53,TCGA-OL-A66P-DX1,4
7552,TCGA-OL-A66P-DX1_xmin30143_ymin20310_MPP-0.2500+53:0:4,TCGA-OL-A66P-DX1_xmin30143_ymin20310_MPP-0.2500+53,TCGA-OL-A66P-DX1,4
7553,TCGA-OL-A66P-DX1_xmin30143_ymin20310_MPP-0.2500+53:1:1,TCGA-OL-A66P-DX1_xmin30143_ymin20310_MPP-0.2500+53,TCGA-OL-A66P-DX1,4
7554,TCGA-OL-A66P-DX1_xmin30143_ymin20310_MPP-0.2500+54:0:1,TCGA-OL-A66P-DX1_xmin30143_ymin20310_MPP-0.2500+54,TCGA-OL-A66P-DX1,4
7555,TCGA-OL-A66P-DX1_xmin30143_ymin20310_MPP-0.2500+54:0:2,TCGA-OL-A66P-DX1_xmin30143_ymin20310_MPP-0.2500+54,TCGA-OL-A66P-DX1,4
7557,TCGA-OL-A66P-DX1_xmin30143_ymin20310_MPP-0.2500+54:1:1,TCGA-OL-A66P-DX1_xmin30143_ymin20310_MPP-0.2500+54,TCGA-OL-A66P-DX1,4
7559,TCGA-OL-A66P-DX1_xmin30143_ymin20310_MPP-0.2500+55:0:1,TCGA-OL-A66P-DX1_xmin30143_ymin20310_MPP-0.2500+55,TCGA-OL-A66P-DX1,4
7562,TCGA-OL-A66P-DX1_xmin30143_ymin20310_MPP-0.2500+55:1:3,TCGA-OL-A66P-DX1_xmin30143_ymin20310_MPP-0.2500+55,TCGA-OL-A66P-DX1,4
7563,TCGA-OL-A66P-DX1_xmin30143_ymin20310_MPP-0.2500+56:0:1,TCGA-OL-A66P-DX1_xmin30143_ymin20310_MPP-0.2500+56,TCGA-OL-A66P-DX1,4
7564,TCGA-OL-A66P-DX1_xmin30143_ymin20310_MPP-0.2500+56:0:2,TCGA-OL-A66P-DX1_xmin30143_ymin20310_MPP-0.2500+56,TCGA-OL-A66P-DX1,4
7566,TCGA-OL-A66P-DX1_xmin30143_ymin20310_MPP-0.2500+56:0:4,TCGA-OL-A66P-DX1_xmin30143_ymin20310_MPP-0.2500+56,TCGA-OL-A66P-DX1,4
7567,TCGA-OL-A66P-DX1_xmin30143_ymin20310_MPP-0.2500+56:0:5,TCGA-OL-A66P-DX1_xmin30143_ymin20310_MPP-0.2500+56,TCGA-OL-A66P-DX1,4
7568,TCGA-OL-A66P-DX1_xmin30143_ymin20310_MPP-0.2500+56:0:6,TCGA-OL-A66P-DX1_xmin30143_ymin20310_MPP-0.2500+56,TCGA-OL-A66P-DX1,4
7569,TCGA-OL-A66P-DX1_xmin30143_ymin20310_MPP-0.2500+56:1:1,TCGA-OL-A66P-DX1_xmin30143_ymin20310_MPP-0.2500+56,TCGA-OL-A66P-DX1,4
7570,TCGA-OL-A66P-DX1_xmin30143_ymin20310_MPP-0.2500+57:0:1,TCGA-OL-A66P-DX1_xmin30143_ymin20310_MPP-0.2500+57,TCGA-OL-A66P-DX1,4
7571,TCGA-OL-A66P-DX1_xmin30143_ymin20310_MPP-0.2500+58:0:1,TCGA-OL-A66P-DX1_xmin30143_ymin20310_MPP-0.2500+58,TCGA-OL-A66P-DX1,4
7573,TCGA-OL-A66P-DX1_xmin30143_ymin20310_MPP-0.2500+58:0:3,TCGA-OL-A66P-DX1_xmin30143_ymin20310_MPP-0.2500+58,TCGA-OL-A66P-DX1,4
7576,TCGA-OL-A66P-DX1_xmin30143_ymin20310_MPP-0.2500+59:1:1,TCGA-OL-A66P-DX1_xmin30143_ymin20310_MPP-0.2500+59,TCGA-OL-A66P-DX1,4
7578,TCGA-OL-A66P-DX1_xmin30143_ymin20310_MPP-0.2500+59:2:1,TCGA-OL-A66P-DX1_xmin30143_ymin20310_MPP-0.2500+59,TCGA-OL-A66P-DX1,4
7579,TCGA-OL-A66P-DX1_xmin30143_ymin20310_MPP-0.2500+59:2:2,TCGA-OL-A66P-DX1_xmin30143_ymin20310_MPP-0.2500+59,TCGA-OL-A66P-DX1,4
7581,TCGA-OL-A66P-DX1_xmin30143_ymin20310_MPP-0.2500+6:0:1,TCGA-OL-A66P-DX1_xmin30143_ymin20310_MPP-0.2500+6,TCGA-OL-A66P-DX1,4
7586,TCGA-OL-A66P-DX1_xmin30143_ymin20310_MPP-0.2500+60:0:2,TCGA-OL-A66P-DX1_xmin30143_ymin20310_MPP-0.2500+60,TCGA-OL-A66P-DX1,4
7587,TCGA-OL-A66P-DX1_xmin30143_ymin20310_MPP-0.2500+60:0:3,TCGA-OL-A66P-DX1_xmin30143_ymin20310_MPP-0.2500+60,TCGA-OL-A66P-DX1,4
7591,TCGA-OL-A66P-DX1_xmin30143_ymin20310_MPP-0.2500+62:1:1,TCGA-OL-A66P-DX1_xmin30143_ymin20310_MPP-0.2500+62,TCGA-OL-A66P-DX1,4
7593,TCGA-OL-A66P-DX1_xmin30143_ymin20310_MPP-0.2500+63:2:1,TCGA-OL-A66P-DX1_xmin30143_ymin20310_MPP-0.2500+63,TCGA-OL-A66P-DX1,4
7594,TCGA-OL-A66P-DX1_xmin30143_ymin20310_MPP-0.2500+63:2:2,TCGA-OL-A66P-DX1_xmin30143_ymin20310_MPP-0.2500+63,TCGA-OL-A66P-DX1,4
7596,TCGA-OL-A66P-DX1_xmin30143_ymin20310_MPP-0.2500+63:2:4,TCGA-OL-A66P-DX1_xmin30143_ymin20310_MPP-0.2500+63,TCGA-OL-A66P-DX1,4
7597,TCGA-OL-A66P-DX1_xmin30143_ymin20310_MPP-0.2500+63:2:5,TCGA-OL-A66P-DX1_xmin30143_ymin20310_MPP-0.2500+63,TCGA-OL-A66P-DX1,4
7598,TCGA-OL-A66P-DX1_xmin30143_ymin20310_MPP-0.2500+64:0:1,TCGA-OL-A66P-DX1_xmin30143_ymin20310_MPP-0.2500+64,TCGA-OL-A66P-DX1,4
7602,TCGA-OL-A66P-DX1_xmin30143_ymin20310_MPP-0.2500+65:0:1,TCGA-OL-A66P-DX1_xmin30143_ymin20310_MPP-0.2500+65,TCGA-OL-A66P-DX1,4
7605,TCGA-OL-A66P-DX1_xmin30143_ymin20310_MPP-0.2500+66:0:3,TCGA-OL-A66P-DX1_xmin30143_ymin20310_MPP-0.2500+66,TCGA-OL-A66P-DX1,4
7606,TCGA-OL-A66P-DX1_xmin30143_ymin20310_MPP-0.2500+66:0:4,TCGA-OL-A66P-DX1_xmin30143_ymin20310_MPP-0.2500+66,TCGA-OL-A66P-DX1,4
7609,TCGA-OL-A66P-DX1_xmin30143_ymin20310_MPP-0.2500+67:0:2,TCGA-OL-A66P-DX1_xmin30143_ymin20310_MPP-0.2500+67,TCGA-OL-A66P-DX1,4
7613,TCGA-OL-A66P-DX1_xmin30143_ymin20310_MPP-0.2500+68:0:2,TCGA-OL-A66P-DX1_xmin30143_ymin20310_MPP-0.2500+68,TCGA-OL-A66P-DX1,4
7614,TCGA-OL-A66P-DX1_xmin30143_ymin20310_MPP-0.2500+68:0:3,TCGA-OL-A66P-DX1_xmin30143_ymin20310_MPP-0.2500+68,TCGA-OL-A66P-DX1,4
7616,TCGA-OL-A66P-DX1_xmin30143_ymin20310_MPP-0.2500+68:0:5,TCGA-OL-A66P-DX1_xmin30143_ymin20310_MPP-0.2500+68,TCGA-OL-A66P-DX1,4
7618,TCGA-OL-A66P-DX1_xmin30143_ymin20310_MPP-0.2500+69:0:1,TCGA-OL-A66P-DX1_xmin30143_ymin20310_MPP-0.2500+69,TCGA-OL-A66P-DX1,4
7619,TCGA-OL-A66P-DX1_xmin30143_ymin20310_MPP-0.2500+7:0:1,TCGA-OL-A66P-DX1_xmin30143_ymin20310_MPP-0.2500+7,TCGA-OL-A66P-DX1,4
7621,TCGA-OL-A66P-DX1_xmin30143_ymin20310_MPP-0.2500+71:0:1,TCGA-OL-A66P-DX1_xmin30143_ymin20310_MPP-0.2500+71,TCGA-OL-A66P-DX1,4
7622,TCGA-OL-A66P-DX1_xmin30143_ymin20310_MPP-0.2500+71:0:2,TCGA-OL-A66P-DX1_xmin30143_ymin20310_MPP-0.2500+71,TCGA-OL-A66P-DX1,4
7625,TCGA-OL-A66P-DX1_xmin30143_ymin20310_MPP-0.2500+71:1:1,TCGA-OL-A66P-DX1_xmin30143_ymin20310_MPP-0.2500+71,TCGA-OL-A66P-DX1,4
7628,TCGA-OL-A66P-DX1_xmin30143_ymin20310_MPP-0.2500+72:0:2,TCGA-OL-A66P-DX1_xmin30143_ymin20310_MPP-0.2500+72,TCGA-OL-A66P-DX1,4
7631,TCGA-OL-A66P-DX1_xmin30143_ymin20310_MPP-0.2500+72:1:3,TCGA-OL-A66P-DX1_xmin30143_ymin20310_MPP-0.2500+72,TCGA-OL-A66P-DX1,4
7632,TCGA-OL-A66P-DX1_xmin30143_ymin20310_MPP-0.2500+72:1:5,TCGA-OL-A66P-DX1_xmin30143_ymin20310_MPP-0.2500+72,TCGA-OL-A66P-DX1,4
7634,TCGA-OL-A66P-DX1_xmin30143_ymin20310_MPP-0.2500+72:2:1,TCGA-OL-A66P-DX1_xmin30143_ymin20310_MPP-0.2500+72,TCGA-OL-A66P-DX1,4
7635,TCGA-OL-A66P-DX1_xmin30143_ymin20310_MPP-0.2500+73:0:1,TCGA-OL-A66P-DX1_xmin30143_ymin20310_MPP-0.2500+73,TCGA-OL-A66P-DX1,4
7637,TCGA-OL-A66P-DX1_xmin30143_ymin20310_MPP-0.2500+74:0:1,TCGA-OL-A66P-DX1_xmin30143_ymin20310_MPP-0.2500+74,TCGA-OL-A66P-DX1,4
7639,TCGA-OL-A66P-DX1_xmin30143_ymin20310_MPP-0.2500+74:1:1,TCGA-OL-A66P-DX1_xmin30143_ymin20310_MPP-0.2500+74,TCGA-OL-A66P-DX1,4
7644,TCGA-OL-A66P-DX1_xmin30143_ymin20310_MPP-0.2500+78:0:1,TCGA-OL-A66P-DX1_xmin30143_ymin20310_MPP-0.2500+78,TCGA-OL-A66P-DX1,4
7646,TCGA-OL-A66P-DX1_xmin30143_ymin20310_MPP-0.2500+79:0:1,TCGA-OL-A66P-DX1_xmin30143_ymin20310_MPP-0.2500+79,TCGA-OL-A66P-DX1,4
7647,TCGA-OL-A66P-DX1_xmin30143_ymin20310_MPP-0.2500+8:0:1,TCGA-OL-A66P-DX1_xmin30143_ymin20310_MPP-0.2500+8,TCGA-OL-A66P-DX1,4
7648,TCGA-OL-A66P-DX1_xmin30143_ymin20310_MPP-0.2500+8:0:2,TCGA-OL-A66P-DX1_xmin30143_ymin20310_MPP-0.2500+8,TCGA-OL-A66P-DX1,4
7649,TCGA-OL-A66P-DX1_xmin30143_ymin20310_MPP-0.2500+8:0:3,TCGA-OL-A66P-DX1_xmin30143_ymin20310_MPP-0.2500+8,TCGA-OL-A66P-DX1,4
7650,TCGA-OL-A66P-DX1_xmin30143_ymin20310_MPP-0.2500+8:1:1,TCGA-OL-A66P-DX1_xmin30143_ymin20310_MPP-0.2500+8,TCGA-OL-A66P-DX1,4
7652,TCGA-OL-A66P-DX1_xmin30143_ymin20310_MPP-0.2500+81:0:1,TCGA-OL-A66P-DX1_xmin30143_ymin20310_MPP-0.2500+81,TCGA-OL-A66P-DX1,4
7653,TCGA-OL-A66P-DX1_xmin30143_ymin20310_MPP-0.2500+82:0:1,TCGA-OL-A66P-DX1_xmin30143_ymin20310_MPP-0.2500+82,TCGA-OL-A66P-DX1,4
7654,TCGA-OL-A66P-DX1_xmin30143_ymin20310_MPP-0.2500+82:0:2,TCGA-OL-A66P-DX1_xmin30143_ymin20310_MPP-0.2500+82,TCGA-OL-A66P-DX1,4
7657,TCGA-OL-A66P-DX1_xmin30143_ymin20310_MPP-0.2500+83:0:1,TCGA-OL-A66P-DX1_xmin30143_ymin20310_MPP-0.2500+83,TCGA-OL-A66P-DX1,4
7658,TCGA-OL-A66P-DX1_xmin30143_ymin20310_MPP-0.2500+83:0:2,TCGA-OL-A66P-DX1_xmin30143_ymin20310_MPP-0.2500+83,TCGA-OL-A66P-DX1,4
7661,TCGA-OL-A66P-DX1_xmin30143_ymin20310_MPP-0.2500+84:1:2,TCGA-OL-A66P-DX1_xmin30143_ymin20310_MPP-0.2500+84,TCGA-OL-A66P-DX1,4
7664,TCGA-OL-A66P-DX1_xmin30143_ymin20310_MPP-0.2500+84:2:1,TCGA-OL-A66P-DX1_xmin30143_ymin20310_MPP-0.2500+84,TCGA-OL-A66P-DX1,4
7666,TCGA-OL-A66P-DX1_xmin30143_ymin20310_MPP-0.2500+84:2:3,TCGA-OL-A66P-DX1_xmin30143_ymin20310_MPP-0.2500+84,TCGA-OL-A66P-DX1,4
7667,TCGA-OL-A66P-DX1_xmin30143_ymin20310_MPP-0.2500+85:0:1,TCGA-OL-A66P-DX1_xmin30143_ymin20310_MPP-0.2500+85,TCGA-OL-A66P-DX1,4
7669,TCGA-OL-A66P-DX1_xmin30143_ymin20310_MPP-0.2500+85:0:3,TCGA-OL-A66P-DX1_xmin30143_ymin20310_MPP-0.2500+85,TCGA-OL-A66P-DX1,4
7672,TCGA-OL-A66P-DX1_xmin30143_ymin20310_MPP-0.2500+85:1:3,TCGA-OL-A66P-DX1_xmin30143_ymin20310_MPP-0.2500+85,TCGA-OL-A66P-DX1,4
7674,TCGA-OL-A66P-DX1_xmin30143_ymin20310_MPP-0.2500+86:0:1,TCGA-OL-A66P-DX1_xmin30143_ymin20310_MPP-0.2500+86,TCGA-OL-A66P-DX1,4
7678,TCGA-OL-A66P-DX1_xmin30143_ymin20310_MPP-0.2500+88:0:1,TCGA-OL-A66P-DX1_xmin30143_ymin20310_MPP-0.2500+88,TCGA-OL-A66P-DX1,4
7680,TCGA-OL-A66P-DX1_xmin30143_ymin20310_MPP-0.2500+88:1:1,TCGA-OL-A66P-DX1_xmin30143_ymin20310_MPP-0.2500+88,TCGA-OL-A66P-DX1,4
7681,TCGA-OL-A66P-DX1_xmin30143_ymin20310_MPP-0.2500+89:0:1,TCGA-OL-A66P-DX1_xmin30143_ymin20310_MPP-0.2500+89,TCGA-OL-A66P-DX1,4
7684,TCGA-OL-A66P-DX1_xmin30143_ymin20310_MPP-0.2500+90:0:1,TCGA-OL-A66P-DX1_xmin30143_ymin20310_MPP-0.2500+90,TCGA-OL-A66P-DX1,4
7687,TCGA-OL-A66P-DX1_xmin30143_ymin20310_MPP-0.2500+91:0:2,TCGA-OL-A66P-DX1_xmin30143_ymin20310_MPP-0.2500+91,TCGA-OL-A66P-DX1,4
7688,TCGA-OL-A66P-DX1_xmin30143_ymin20310_MPP-0.2500+91:1:1,TCGA-OL-A66P-DX1_xmin30143_ymin20310_MPP-0.2500+91,TCGA-OL-A66P-DX1,4
7689,TCGA-OL-A66P-DX1_xmin30143_ymin20310_MPP-0.2500+92:0:1,TCGA-OL-A66P-DX1_xmin30143_ymin20310_MPP-0.2500+92,TCGA-OL-A66P-DX1,4
7696,TCGA-OL-A66P-DX1_xmin30143_ymin20310_MPP-0.2500+93:2:6,TCGA-OL-A66P-DX1_xmin30143_ymin20310_MPP-0.2500+93,TCGA-OL-A66P-DX1,4
7697,TCGA-OL-A66P-DX1_xmin30143_ymin20310_MPP-0.2500+93:2:7,TCGA-OL-A66P-DX1_xmin30143_ymin20310_MPP-0.2500+93,TCGA-OL-A66P-DX1,4
7698,TCGA-OL-A66P-DX1_xmin30143_ymin20310_MPP-0.2500+94:1:1,TCGA-OL-A66P-DX1_xmin30143_ymin20310_MPP-0.2500+94,TCGA-OL-A66P-DX1,4
7700,TCGA-OL-A66P-DX1_xmin30143_ymin20310_MPP-0.2500+95:1:1,TCGA-OL-A66P-DX1_xmin30143_ymin20310_MPP-0.2500+95,TCGA-OL-A66P-DX1,4
7701,TCGA-OL-A66P-DX1_xmin30143_ymin20310_MPP-0.2500+95:1:2,TCGA-OL-A66P-DX1_xmin30143_ymin20310_MPP-0.2500+95,TCGA-OL-A66P-DX1,4
7702,TCGA-OL-A66P-DX1_xmin30143_ymin20310_MPP-0.2500+95:2:1,TCGA-OL-A66P-DX1_xmin30143_ymin20310_MPP-0.2500+95,TCGA-OL-A66P-DX1,4
7704,TCGA-OL-A66P-DX1_xmin30143_ymin20310_MPP-0.2500+95:2:3,TCGA-OL-A66P-DX1_xmin30143_ymin20310_MPP-0.2500+95,TCGA-OL-A66P-DX1,4
7708,TCGA-OL-A66P-DX1_xmin30143_ymin20310_MPP-0.2500+97:2:1,TCGA-OL-A66P-DX1_xmin30143_ymin20310_MPP-0.2500+97,TCGA-OL-A66P-DX1,4
7710,TCGA-OL-A66P-DX1_xmin30143_ymin20310_MPP-0.2500+97:2:3,TCGA-OL-A66P-DX1_xmin30143_ymin20310_MPP-0.2500+97,TCGA-OL-A66P-DX1,4
7712,TCGA-OL-A66P-DX1_xmin30143_ymin20310_MPP-0.2500+99:0:1,TCGA-OL-A66P-DX1_xmin30143_ymin20310_MPP-0.2500+99,TCGA-OL-A66P-DX1,4
7715,TCGA-OL-A66P-DX1_xmin30143_ymin20310_MPP-0.2500+99:1:2,TCGA-OL-A66P-DX1_xmin30143_ymin20310_MPP-0.2500+99,TCGA-OL-A66P-DX1,4
7716,TCGA-OL-A6VO-DX1_xmin88416_ymin188485_MPP-0.2500+0:0:1,TCGA-OL-A6VO-DX1_xmin88416_ymin188485_MPP-0.2500+0,TCGA-OL-A6VO-DX1,4
7718,TCGA-OL-A6VO-DX1_xmin88416_ymin188485_MPP-0.2500+1:0:1,TCGA-OL-A6VO-DX1_xmin88416_ymin188485_MPP-0.2500+1,TCGA-OL-A6VO-DX1,4
7719,TCGA-OL-A6VO-DX1_xmin88416_ymin188485_MPP-0.2500+1:0:2,TCGA-OL-A6VO-DX1_xmin88416_ymin188485_MPP-0.2500+1,TCGA-OL-A6VO-DX1,4
7722,TCGA-OL-A6VO-DX1_xmin88416_ymin188485_MPP-0.2500+10:0:2,TCGA-OL-A6VO-DX1_xmin88416_ymin188485_MPP-0.2500+10,TCGA-OL-A6VO-DX1,4
7724,TCGA-OL-A6VO-DX1_xmin88416_ymin188485_MPP-0.2500+10:0:4,TCGA-OL-A6VO-DX1_xmin88416_ymin188485_MPP-0.2500+10,TCGA-OL-A6VO-DX1,4
7725,TCGA-OL-A6VO-DX1_xmin88416_ymin188485_MPP-0.2500+10:1:1,TCGA-OL-A6VO-DX1_xmin88416_ymin188485_MPP-0.2500+10,TCGA-OL-A6VO-DX1,4
7728,TCGA-OL-A6VO-DX1_xmin88416_ymin188485_MPP-0.2500+12:0:1,TCGA-OL-A6VO-DX1_xmin88416_ymin188485_MPP-0.2500+12,TCGA-OL-A6VO-DX1,4
7730,TCGA-OL-A6VO-DX1_xmin88416_ymin188485_MPP-0.2500+13:0:1,TCGA-OL-A6VO-DX1_xmin88416_ymin188485_MPP-0.2500+13,TCGA-OL-A6VO-DX1,4
7732,TCGA-OL-A6VO-DX1_xmin88416_ymin188485_MPP-0.2500+13:1:2,TCGA-OL-A6VO-DX1_xmin88416_ymin188485_MPP-0.2500+13,TCGA-OL-A6VO-DX1,4
7733,TCGA-OL-A6VO-DX1_xmin88416_ymin188485_MPP-0.2500+14:0:1,TCGA-OL-A6VO-DX1_xmin88416_ymin188485_MPP-0.2500+14,TCGA-OL-A6VO-DX1,4
7734,TCGA-OL-A6VO-DX1_xmin88416_ymin188485_MPP-0.2500+14:0:2,TCGA-OL-A6VO-DX1_xmin88416_ymin188485_MPP-0.2500+14,TCGA-OL-A6VO-DX1,4
7745,TCGA-OL-A6VO-DX1_xmin88416_ymin188485_MPP-0.2500+15:2:7,TCGA-OL-A6VO-DX1_xmin88416_ymin188485_MPP-0.2500+15,TCGA-OL-A6VO-DX1,4
7746,TCGA-OL-A6VO-DX1_xmin88416_ymin188485_MPP-0.2500+16:0:1,TCGA-OL-A6VO-DX1_xmin88416_ymin188485_MPP-0.2500+16,TCGA-OL-A6VO-DX1,4
7749,TCGA-OL-A6VO-DX1_xmin88416_ymin188485_MPP-0.2500+17:0:1,TCGA-OL-A6VO-DX1_xmin88416_ymin188485_MPP-0.2500+17,TCGA-OL-A6VO-DX1,4
7752,TCGA-OL-A6VO-DX1_xmin88416_ymin188485_MPP-0.2500+17:1:3,TCGA-OL-A6VO-DX1_xmin88416_ymin188485_MPP-0.2500+17,TCGA-OL-A6VO-DX1,4
7755,TCGA-OL-A6VO-DX1_xmin88416_ymin188485_MPP-0.2500+2:0:1,TCGA-OL-A6VO-DX1_xmin88416_ymin188485_MPP-0.2500+2,TCGA-OL-A6VO-DX1,4
7757,TCGA-OL-A6VO-DX1_xmin88416_ymin188485_MPP-0.2500+20:0:2,TCGA-OL-A6VO-DX1_xmin88416_ymin188485_MPP-0.2500+20,TCGA-OL-A6VO-DX1,4
7758,TCGA-OL-A6VO-DX1_xmin88416_ymin188485_MPP-0.2500+20:1:1,TCGA-OL-A6VO-DX1_xmin88416_ymin188485_MPP-0.2500+20,TCGA-OL-A6VO-DX1,4
7760,TCGA-OL-A6VO-DX1_xmin88416_ymin188485_MPP-0.2500+21:0:1,TCGA-OL-A6VO-DX1_xmin88416_ymin188485_MPP-0.2500+21,TCGA-OL-A6VO-DX1,4
7767,TCGA-OL-A6VO-DX1_xmin88416_ymin188485_MPP-0.2500+24:0:2,TCGA-OL-A6VO-DX1_xmin88416_ymin188485_MPP-0.2500+24,TCGA-OL-A6VO-DX1,4
7768,TCGA-OL-A6VO-DX1_xmin88416_ymin188485_MPP-0.2500+24:1:1,TCGA-OL-A6VO-DX1_xmin88416_ymin188485_MPP-0.2500+24,TCGA-OL-A6VO-DX1,4
7771,TCGA-OL-A6VO-DX1_xmin88416_ymin188485_MPP-0.2500+25:0:1,TCGA-OL-A6VO-DX1_xmin88416_ymin188485_MPP-0.2500+25,TCGA-OL-A6VO-DX1,4
7772,TCGA-OL-A6VO-DX1_xmin88416_ymin188485_MPP-0.2500+25:1:1,TCGA-OL-A6VO-DX1_xmin88416_ymin188485_MPP-0.2500+25,TCGA-OL-A6VO-DX1,4
7773,TCGA-OL-A6VO-DX1_xmin88416_ymin188485_MPP-0.2500+25:1:2,TCGA-OL-A6VO-DX1_xmin88416_ymin188485_MPP-0.2500+25,TCGA-OL-A6VO-DX1,4
7775,TCGA-OL-A6VO-DX1_xmin88416_ymin188485_MPP-0.2500+26:0:1,TCGA-OL-A6VO-DX1_xmin88416_ymin188485_MPP-0.2500+26,TCGA-OL-A6VO-DX1,4
7777,TCGA-OL-A6VO-DX1_xmin88416_ymin188485_MPP-0.2500+27:1:1,TCGA-OL-A6VO-DX1_xmin88416_ymin188485_MPP-0.2500+27,TCGA-OL-A6VO-DX1,4
7778,TCGA-OL-A6VO-DX1_xmin88416_ymin188485_MPP-0.2500+28:0:1,TCGA-OL-A6VO-DX1_xmin88416_ymin188485_MPP-0.2500+28,TCGA-OL-A6VO-DX1,4
7779,TCGA-OL-A6VO-DX1_xmin88416_ymin188485_MPP-0.2500+28:0:2,TCGA-OL-A6VO-DX1_xmin88416_ymin188485_MPP-0.2500+28,TCGA-OL-A6VO-DX1,4
7780,TCGA-OL-A6VO-DX1_xmin88416_ymin188485_MPP-0.2500+28:0:3,TCGA-OL-A6VO-DX1_xmin88416_ymin188485_MPP-0.2500+28,TCGA-OL-A6VO-DX1,4
7781,TCGA-OL-A6VO-DX1_xmin88416_ymin188485_MPP-0.2500+28:1:1,TCGA-OL-A6VO-DX1_xmin88416_ymin188485_MPP-0.2500+28,TCGA-OL-A6VO-DX1,4
7782,TCGA-OL-A6VO-DX1_xmin88416_ymin188485_MPP-0.2500+28:1:2,TCGA-OL-A6VO-DX1_xmin88416_ymin188485_MPP-0.2500+28,TCGA-OL-A6VO-DX1,4
7783,TCGA-OL-A6VO-DX1_xmin88416_ymin188485_MPP-0.2500+29:0:1,TCGA-OL-A6VO-DX1_xmin88416_ymin188485_MPP-0.2500+29,TCGA-OL-A6VO-DX1,4
7784,TCGA-OL-A6VO-DX1_xmin88416_ymin188485_MPP-0.2500+3:0:1,TCGA-OL-A6VO-DX1_xmin88416_ymin188485_MPP-0.2500+3,TCGA-OL-A6VO-DX1,4
7789,TCGA-OL-A6VO-DX1_xmin88416_ymin188485_MPP-0.2500+31:0:1,TCGA-OL-A6VO-DX1_xmin88416_ymin188485_MPP-0.2500+31,TCGA-OL-A6VO-DX1,4
7792,TCGA-OL-A6VO-DX1_xmin88416_ymin188485_MPP-0.2500+32:0:1,TCGA-OL-A6VO-DX1_xmin88416_ymin188485_MPP-0.2500+32,TCGA-OL-A6VO-DX1,4
7793,TCGA-OL-A6VO-DX1_xmin88416_ymin188485_MPP-0.2500+32:0:2,TCGA-OL-A6VO-DX1_xmin88416_ymin188485_MPP-0.2500+32,TCGA-OL-A6VO-DX1,4
7795,TCGA-OL-A6VO-DX1_xmin88416_ymin188485_MPP-0.2500+32:1:1,TCGA-OL-A6VO-DX1_xmin88416_ymin188485_MPP-0.2500+32,TCGA-OL-A6VO-DX1,4
7797,TCGA-OL-A6VO-DX1_xmin88416_ymin188485_MPP-0.2500+33:0:1,TCGA-OL-A6VO-DX1_xmin88416_ymin188485_MPP-0.2500+33,TCGA-OL-A6VO-DX1,4
7801,TCGA-OL-A6VO-DX1_xmin88416_ymin188485_MPP-0.2500+34:0:1,TCGA-OL-A6VO-DX1_xmin88416_ymin188485_MPP-0.2500+34,TCGA-OL-A6VO-DX1,4
7803,TCGA-OL-A6VO-DX1_xmin88416_ymin188485_MPP-0.2500+34:1:2,TCGA-OL-A6VO-DX1_xmin88416_ymin188485_MPP-0.2500+34,TCGA-OL-A6VO-DX1,4
7807,TCGA-OL-A6VO-DX1_xmin88416_ymin188485_MPP-0.2500+35:1:1,TCGA-OL-A6VO-DX1_xmin88416_ymin188485_MPP-0.2500+35,TCGA-OL-A6VO-DX1,4
7809,TCGA-OL-A6VO-DX1_xmin88416_ymin188485_MPP-0.2500+36:0:2,TCGA-OL-A6VO-DX1_xmin88416_ymin188485_MPP-0.2500+36,TCGA-OL-A6VO-DX1,4
7812,TCGA-OL-A6VO-DX1_xmin88416_ymin188485_MPP-0.2500+36:1:1,TCGA-OL-A6VO-DX1_xmin88416_ymin188485_MPP-0.2500+36,TCGA-OL-A6VO-DX1,4
7814,TCGA-OL-A6VO-DX1_xmin88416_ymin188485_MPP-0.2500+38:0:1,TCGA-OL-A6VO-DX1_xmin88416_ymin188485_MPP-0.2500+38,TCGA-OL-A6VO-DX1,4
7815,TCGA-OL-A6VO-DX1_xmin88416_ymin188485_MPP-0.2500+38:0:2,TCGA-OL-A6VO-DX1_xmin88416_ymin188485_MPP-0.2500+38,TCGA-OL-A6VO-DX1,4
7817,TCGA-OL-A6VO-DX1_xmin88416_ymin188485_MPP-0.2500+39:0:1,TCGA-OL-A6VO-DX1_xmin88416_ymin188485_MPP-0.2500+39,TCGA-OL-A6VO-DX1,4
7818,TCGA-OL-A6VO-DX1_xmin88416_ymin188485_MPP-0.2500+39:0:3,TCGA-OL-A6VO-DX1_xmin88416_ymin188485_MPP-0.2500+39,TCGA-OL-A6VO-DX1,4
7820,TCGA-OL-A6VO-DX1_xmin88416_ymin188485_MPP-0.2500+4:0:1,TCGA-OL-A6VO-DX1_xmin88416_ymin188485_MPP-0.2500+4,TCGA-OL-A6VO-DX1,4
7821,TCGA-OL-A6VO-DX1_xmin88416_ymin188485_MPP-0.2500+40:0:1,TCGA-OL-A6VO-DX1_xmin88416_ymin188485_MPP-0.2500+40,TCGA-OL-A6VO-DX1,4
7826,TCGA-OL-A6VO-DX1_xmin88416_ymin188485_MPP-0.2500+44:0:2,TCGA-OL-A6VO-DX1_xmin88416_ymin188485_MPP-0.2500+44,TCGA-OL-A6VO-DX1,4
7829,TCGA-OL-A6VO-DX1_xmin88416_ymin188485_MPP-0.2500+44:0:5,TCGA-OL-A6VO-DX1_xmin88416_ymin188485_MPP-0.2500+44,TCGA-OL-A6VO-DX1,4
7831,TCGA-OL-A6VO-DX1_xmin88416_ymin188485_MPP-0.2500+45:0:1,TCGA-OL-A6VO-DX1_xmin88416_ymin188485_MPP-0.2500+45,TCGA-OL-A6VO-DX1,4
7832,TCGA-OL-A6VO-DX1_xmin88416_ymin188485_MPP-0.2500+45:0:2,TCGA-OL-A6VO-DX1_xmin88416_ymin188485_MPP-0.2500+45,TCGA-OL-A6VO-DX1,4
7833,TCGA-OL-A6VO-DX1_xmin88416_ymin188485_MPP-0.2500+45:1:1,TCGA-OL-A6VO-DX1_xmin88416_ymin188485_MPP-0.2500+45,TCGA-OL-A6VO-DX1,4
7835,TCGA-OL-A6VO-DX1_xmin88416_ymin188485_MPP-0.2500+46:1:2,TCGA-OL-A6VO-DX1_xmin88416_ymin188485_MPP-0.2500+46,TCGA-OL-A6VO-DX1,4
7836,TCGA-OL-A6VO-DX1_xmin88416_ymin188485_MPP-0.2500+46:2:1,TCGA-OL-A6VO-DX1_xmin88416_ymin188485_MPP-0.2500+46,TCGA-OL-A6VO-DX1,4
7839,TCGA-OL-A6VO-DX1_xmin88416_ymin188485_MPP-0.2500+47:0:1,TCGA-OL-A6VO-DX1_xmin88416_ymin188485_MPP-0.2500+47,TCGA-OL-A6VO-DX1,4
7842,TCGA-OL-A6VO-DX1_xmin88416_ymin188485_MPP-0.2500+5:0:1,TCGA-OL-A6VO-DX1_xmin88416_ymin188485_MPP-0.2500+5,TCGA-OL-A6VO-DX1,4
7846,TCGA-OL-A6VO-DX1_xmin88416_ymin188485_MPP-0.2500+50:0:1,TCGA-OL-A6VO-DX1_xmin88416_ymin188485_MPP-0.2500+50,TCGA-OL-A6VO-DX1,4
7847,TCGA-OL-A6VO-DX1_xmin88416_ymin188485_MPP-0.2500+50:1:1,TCGA-OL-A6VO-DX1_xmin88416_ymin188485_MPP-0.2500+50,TCGA-OL-A6VO-DX1,4
7848,TCGA-OL-A6VO-DX1_xmin88416_ymin188485_MPP-0.2500+50:1:2,TCGA-OL-A6VO-DX1_xmin88416_ymin188485_MPP-0.2500+50,TCGA-OL-A6VO-DX1,4
7852,TCGA-OL-A6VO-DX1_xmin88416_ymin188485_MPP-0.2500+51:2:1,TCGA-OL-A6VO-DX1_xmin88416_ymin188485_MPP-0.2500+51,TCGA-OL-A6VO-DX1,4
7854,TCGA-OL-A6VO-DX1_xmin88416_ymin188485_MPP-0.2500+52:0:1,TCGA-OL-A6VO-DX1_xmin88416_ymin188485_MPP-0.2500+52,TCGA-OL-A6VO-DX1,4
7855,TCGA-OL-A6VO-DX1_xmin88416_ymin188485_MPP-0.2500+52:0:2,TCGA-OL-A6VO-DX1_xmin88416_ymin188485_MPP-0.2500+52,TCGA-OL-A6VO-DX1,4
7858,TCGA-OL-A6VO-DX1_xmin88416_ymin188485_MPP-0.2500+52:1:1,TCGA-OL-A6VO-DX1_xmin88416_ymin188485_MPP-0.2500+52,TCGA-OL-A6VO-DX1,4
7861,TCGA-OL-A6VO-DX1_xmin88416_ymin188485_MPP-0.2500+53:0:1,TCGA-OL-A6VO-DX1_xmin88416_ymin188485_MPP-0.2500+53,TCGA-OL-A6VO-DX1,4
7862,TCGA-OL-A6VO-DX1_xmin88416_ymin188485_MPP-0.2500+53:0:2,TCGA-OL-A6VO-DX1_xmin88416_ymin188485_MPP-0.2500+53,TCGA-OL-A6VO-DX1,4
7863,TCGA-OL-A6VO-DX1_xmin88416_ymin188485_MPP-0.2500+53:1:1,TCGA-OL-A6VO-DX1_xmin88416_ymin188485_MPP-0.2500+53,TCGA-OL-A6VO-DX1,4
7864,TCGA-OL-A6VO-DX1_xmin88416_ymin188485_MPP-0.2500+53:1:2,TCGA-OL-A6VO-DX1_xmin88416_ymin188485_MPP-0.2500+53,TCGA-OL-A6VO-DX1,4
7867,TCGA-OL-A6VO-DX1_xmin88416_ymin188485_MPP-0.2500+6:0:1,TCGA-OL-A6VO-DX1_xmin88416_ymin188485_MPP-0.2500+6,TCGA-OL-A6VO-DX1,4
7870,TCGA-OL-A6VO-DX1_xmin88416_ymin188485_MPP-0.2500+7:0:1,TCGA-OL-A6VO-DX1_xmin88416_ymin188485_MPP-0.2500+7,TCGA-OL-A6VO-DX1,4
7871,TCGA-OL-A6VO-DX1_xmin88416_ymin188485_MPP-0.2500+7:1:1,TCGA-OL-A6VO-DX1_xmin88416_ymin188485_MPP-0.2500+7,TCGA-OL-A6VO-DX1,4
7876,TCGA-OL-A6VO-DX1_xmin88416_ymin188485_MPP-0.2500+8:1:1,TCGA-OL-A6VO-DX1_xmin88416_ymin188485_MPP-0.2500+8,TCGA-OL-A6VO-DX1,4
7878,TCGA-OL-A6VO-DX1_xmin88416_ymin188485_MPP-0.2500+9:0:1,TCGA-OL-A6VO-DX1_xmin88416_ymin188485_MPP-0.2500+9,TCGA-OL-A6VO-DX1,4
7879,TCGA-OL-A6VO-DX1_xmin88416_ymin188485_MPP-0.2500+9:1:1,TCGA-OL-A6VO-DX1_xmin88416_ymin188485_MPP-0.2500+9,TCGA-OL-A6VO-DX1,4
7881,TCGA-OL-A6VO-DX1_xmin88416_ymin188485_MPP-0.2500+9:1:3,TCGA-OL-A6VO-DX1_xmin88416_ymin188485_MPP-0.2500+9,TCGA-OL-A6VO-DX1,4
7882,TCGA-OL-A6VO-DX1_xmin88416_ymin188485_MPP-0.2500+9:1:4,TCGA-OL-A6VO-DX1_xmin88416_ymin188485_MPP-0.2500+9,TCGA-OL-A6VO-DX1,4
7884,TCGA-OL-A6VO-DX1_xmin88416_ymin188485_MPP-0.2500+9:1:6,TCGA-OL-A6VO-DX1_xmin88416_ymin188485_MPP-0.2500+9,TCGA-OL-A6VO-DX1,4
7885,TCGA-OL-A97C-DX1_xmin68058_ymin32495_MPP-0.2500+0:1:1,TCGA-OL-A97C-DX1_xmin68058_ymin32495_MPP-0.2500+0,TCGA-OL-A97C-DX1,1
7886,TCGA-OL-A97C-DX1_xmin68058_ymin32495_MPP-0.2500+1:1:1,TCGA-OL-A97C-DX1_xmin68058_ymin32495_MPP-0.2500+1,TCGA-OL-A97C-DX1,1
7887,TCGA-OL-A97C-DX1_xmin68058_ymin32495_MPP-0.2500+10:0:1,TCGA-OL-A97C-DX1_xmin68058_ymin32495_MPP-0.2500+10,TCGA-OL-A97C-DX1,1
7888,TCGA-OL-A97C-DX1_xmin68058_ymin32495_MPP-0.2500+10:1:1,TCGA-OL-A97C-DX1_xmin68058_ymin32495_MPP-0.2500+10,TCGA-OL-A97C-DX1,1
7889,TCGA-OL-A97C-DX1_xmin68058_ymin32495_MPP-0.2500+100:1:1,TCGA-OL-A97C-DX1_xmin68058_ymin32495_MPP-0.2500+100,TCGA-OL-A97C-DX1,1
7890,TCGA-OL-A97C-DX1_xmin68058_ymin32495_MPP-0.2500+101:1:1,TCGA-OL-A97C-DX1_xmin68058_ymin32495_MPP-0.2500+101,TCGA-OL-A97C-DX1,1
7891,TCGA-OL-A97C-DX1_xmin68058_ymin32495_MPP-0.2500+102:1:1,TCGA-OL-A97C-DX1_xmin68058_ymin32495_MPP-0.2500+102,TCGA-OL-A97C-DX1,1
7892,TCGA-OL-A97C-DX1_xmin68058_ymin32495_MPP-0.2500+103:1:1,TCGA-OL-A97C-DX1_xmin68058_ymin32495_MPP-0.2500+103,TCGA-OL-A97C-DX1,1
7893,TCGA-OL-A97C-DX1_xmin68058_ymin32495_MPP-0.2500+104:0:1,TCGA-OL-A97C-DX1_xmin68058_ymin32495_MPP-0.2500+104,TCGA-OL-A97C-DX1,1
7895,TCGA-OL-A97C-DX1_xmin68058_ymin32495_MPP-0.2500+104:0:4,TCGA-OL-A97C-DX1_xmin68058_ymin32495_MPP-0.2500+104,TCGA-OL-A97C-DX1,1
7896,TCGA-OL-A97C-DX1_xmin68058_ymin32495_MPP-0.2500+104:1:1,TCGA-OL-A97C-DX1_xmin68058_ymin32495_MPP-0.2500+104,TCGA-OL-A97C-DX1,1
7898,TCGA-OL-A97C-DX1_xmin68058_ymin32495_MPP-0.2500+105:0:1,TCGA-OL-A97C-DX1_xmin68058_ymin32495_MPP-0.2500+105,TCGA-OL-A97C-DX1,1
7899,TCGA-OL-A97C-DX1_xmin68058_ymin32495_MPP-0.2500+106:0:1,TCGA-OL-A97C-DX1_xmin68058_ymin32495_MPP-0.2500+106,TCGA-OL-A97C-DX1,1
7900,TCGA-OL-A97C-DX1_xmin68058_ymin32495_MPP-0.2500+107:0:1,TCGA-OL-A97C-DX1_xmin68058_ymin32495_MPP-0.2500+107,TCGA-OL-A97C-DX1,1
7901,TCGA-OL-A97C-DX1_xmin68058_ymin32495_MPP-0.2500+108:0:1,TCGA-OL-A97C-DX1_xmin68058_ymin32495_MPP-0.2500+108,TCGA-OL-A97C-DX1,1
7903,TCGA-OL-A97C-DX1_xmin68058_ymin32495_MPP-0.2500+11:1:1,TCGA-OL-A97C-DX1_xmin68058_ymin32495_MPP-0.2500+11,TCGA-OL-A97C-DX1,1
7904,TCGA-OL-A97C-DX1_xmin68058_ymin32495_MPP-0.2500+110:0:1,TCGA-OL-A97C-DX1_xmin68058_ymin32495_MPP-0.2500+110,TCGA-OL-A97C-DX1,1
7905,TCGA-OL-A97C-DX1_xmin68058_ymin32495_MPP-0.2500+110:0:2,TCGA-OL-A97C-DX1_xmin68058_ymin32495_MPP-0.2500+110,TCGA-OL-A97C-DX1,1
7906,TCGA-OL-A97C-DX1_xmin68058_ymin32495_MPP-0.2500+110:0:3,TCGA-OL-A97C-DX1_xmin68058_ymin32495_MPP-0.2500+110,TCGA-OL-A97C-DX1,1
7907,TCGA-OL-A97C-DX1_xmin68058_ymin32495_MPP-0.2500+110:0:4,TCGA-OL-A97C-DX1_xmin68058_ymin32495_MPP-0.2500+110,TCGA-OL-A97C-DX1,1
7908,TCGA-OL-A97C-DX1_xmin68058_ymin32495_MPP-0.2500+110:1:1,TCGA-OL-A97C-DX1_xmin68058_ymin32495_MPP-0.2500+110,TCGA-OL-A97C-DX1,1
7909,TCGA-OL-A97C-DX1_xmin68058_ymin32495_MPP-0.2500+111:1:1,TCGA-OL-A97C-DX1_xmin68058_ymin32495_MPP-0.2500+111,TCGA-OL-A97C-DX1,1
7910,TCGA-OL-A97C-DX1_xmin68058_ymin32495_MPP-0.2500+112:0:1,TCGA-OL-A97C-DX1_xmin68058_ymin32495_MPP-0.2500+112,TCGA-OL-A97C-DX1,1
7912,TCGA-OL-A97C-DX1_xmin68058_ymin32495_MPP-0.2500+112:1:1,TCGA-OL-A97C-DX1_xmin68058_ymin32495_MPP-0.2500+112,TCGA-OL-A97C-DX1,1
7916,TCGA-OL-A97C-DX1_xmin68058_ymin32495_MPP-0.2500+113:0:2,TCGA-OL-A97C-DX1_xmin68058_ymin32495_MPP-0.2500+113,TCGA-OL-A97C-DX1,1
7918,TCGA-OL-A97C-DX1_xmin68058_ymin32495_MPP-0.2500+114:1:1,TCGA-OL-A97C-DX1_xmin68058_ymin32495_MPP-0.2500+114,TCGA-OL-A97C-DX1,1
7919,TCGA-OL-A97C-DX1_xmin68058_ymin32495_MPP-0.2500+115:1:1,TCGA-OL-A97C-DX1_xmin68058_ymin32495_MPP-0.2500+115,TCGA-OL-A97C-DX1,1
7920,TCGA-OL-A97C-DX1_xmin68058_ymin32495_MPP-0.2500+116:1:1,TCGA-OL-A97C-DX1_xmin68058_ymin32495_MPP-0.2500+116,TCGA-OL-A97C-DX1,1
7921,TCGA-OL-A97C-DX1_xmin68058_ymin32495_MPP-0.2500+117:1:1,TCGA-OL-A97C-DX1_xmin68058_ymin32495_MPP-0.2500+117,TCGA-OL-A97C-DX1,1
7922,TCGA-OL-A97C-DX1_xmin68058_ymin32495_MPP-0.2500+118:1:1,TCGA-OL-A97C-DX1_xmin68058_ymin32495_MPP-0.2500+118,TCGA-OL-A97C-DX1,1
7923,TCGA-OL-A97C-DX1_xmin68058_ymin32495_MPP-0.2500+119:1:1,TCGA-OL-A97C-DX1_xmin68058_ymin32495_MPP-0.2500+119,TCGA-OL-A97C-DX1,1
7924,TCGA-OL-A97C-DX1_xmin68058_ymin32495_MPP-0.2500+12:1:1,TCGA-OL-A97C-DX1_xmin68058_ymin32495_MPP-0.2500+12,TCGA-OL-A97C-DX1,1
7927,TCGA-OL-A97C-DX1_xmin68058_ymin32495_MPP-0.2500+122:0:1,TCGA-OL-A97C-DX1_xmin68058_ymin32495_MPP-0.2500+122,TCGA-OL-A97C-DX1,1
7928,TCGA-OL-A97C-DX1_xmin68058_ymin32495_MPP-0.2500+123:0:1,TCGA-OL-A97C-DX1_xmin68058_ymin32495_MPP-0.2500+123,TCGA-OL-A97C-DX1,1
7929,TCGA-OL-A97C-DX1_xmin68058_ymin32495_MPP-0.2500+124:0:1,TCGA-OL-A97C-DX1_xmin68058_ymin32495_MPP-0.2500+124,TCGA-OL-A97C-DX1,1
7930,TCGA-OL-A97C-DX1_xmin68058_ymin32495_MPP-0.2500+125:0:1,TCGA-OL-A97C-DX1_xmin68058_ymin32495_MPP-0.2500+125,TCGA-OL-A97C-DX1,1
7932,TCGA-OL-A97C-DX1_xmin68058_ymin32495_MPP-0.2500+127:1:1,TCGA-OL-A97C-DX1_xmin68058_ymin32495_MPP-0.2500+127,TCGA-OL-A97C-DX1,1
7933,TCGA-OL-A97C-DX1_xmin68058_ymin32495_MPP-0.2500+128:1:1,TCGA-OL-A97C-DX1_xmin68058_ymin32495_MPP-0.2500+128,TCGA-OL-A97C-DX1,1
7934,TCGA-OL-A97C-DX1_xmin68058_ymin32495_MPP-0.2500+129:1:1,TCGA-OL-A97C-DX1_xmin68058_ymin32495_MPP-0.2500+129,TCGA-OL-A97C-DX1,1
7938,TCGA-OL-A97C-DX1_xmin68058_ymin32495_MPP-0.2500+132:1:1,TCGA-OL-A97C-DX1_xmin68058_ymin32495_MPP-0.2500+132,TCGA-OL-A97C-DX1,1
7939,TCGA-OL-A97C-DX1_xmin68058_ymin32495_MPP-0.2500+133:1:1,TCGA-OL-A97C-DX1_xmin68058_ymin32495_MPP-0.2500+133,TCGA-OL-A97C-DX1,1
7940,TCGA-OL-A97C-DX1_xmin68058_ymin32495_MPP-0.2500+134:1:1,TCGA-OL-A97C-DX1_xmin68058_ymin32495_MPP-0.2500+134,TCGA-OL-A97C-DX1,1
7944,TCGA-OL-A97C-DX1_xmin68058_ymin32495_MPP-0.2500+136:0:1,TCGA-OL-A97C-DX1_xmin68058_ymin32495_MPP-0.2500+136,TCGA-OL-A97C-DX1,1
7945,TCGA-OL-A97C-DX1_xmin68058_ymin32495_MPP-0.2500+137:0:1,TCGA-OL-A97C-DX1_xmin68058_ymin32495_MPP-0.2500+137,TCGA-OL-A97C-DX1,1
7946,TCGA-OL-A97C-DX1_xmin68058_ymin32495_MPP-0.2500+138:0:1,TCGA-OL-A97C-DX1_xmin68058_ymin32495_MPP-0.2500+138,TCGA-OL-A97C-DX1,1
7948,TCGA-OL-A97C-DX1_xmin68058_ymin32495_MPP-0.2500+14:1:1,TCGA-OL-A97C-DX1_xmin68058_ymin32495_MPP-0.2500+14,TCGA-OL-A97C-DX1,1
7949,TCGA-OL-A97C-DX1_xmin68058_ymin32495_MPP-0.2500+140:1:1,TCGA-OL-A97C-DX1_xmin68058_ymin32495_MPP-0.2500+140,TCGA-OL-A97C-DX1,1
7950,TCGA-OL-A97C-DX1_xmin68058_ymin32495_MPP-0.2500+141:1:1,TCGA-OL-A97C-DX1_xmin68058_ymin32495_MPP-0.2500+141,TCGA-OL-A97C-DX1,1
7951,TCGA-OL-A97C-DX1_xmin68058_ymin32495_MPP-0.2500+142:1:1,TCGA-OL-A97C-DX1_xmin68058_ymin32495_MPP-0.2500+142,TCGA-OL-A97C-DX1,1
7952,TCGA-OL-A97C-DX1_xmin68058_ymin32495_MPP-0.2500+143:1:1,TCGA-OL-A97C-DX1_xmin68058_ymin32495_MPP-0.2500+143,TCGA-OL-A97C-DX1,1
7953,TCGA-OL-A97C-DX1_xmin68058_ymin32495_MPP-0.2500+144:1:1,TCGA-OL-A97C-DX1_xmin68058_ymin32495_MPP-0.2500+144,TCGA-OL-A97C-DX1,1
7955,TCGA-OL-A97C-DX1_xmin68058_ymin32495_MPP-0.2500+145:1:1,TCGA-OL-A97C-DX1_xmin68058_ymin32495_MPP-0.2500+145,TCGA-OL-A97C-DX1,1
7956,TCGA-OL-A97C-DX1_xmin68058_ymin32495_MPP-0.2500+146:0:1,TCGA-OL-A97C-DX1_xmin68058_ymin32495_MPP-0.2500+146,TCGA-OL-A97C-DX1,1
7957,TCGA-OL-A97C-DX1_xmin68058_ymin32495_MPP-0.2500+147:0:1,TCGA-OL-A97C-DX1_xmin68058_ymin32495_MPP-0.2500+147,TCGA-OL-A97C-DX1,1
7958,TCGA-OL-A97C-DX1_xmin68058_ymin32495_MPP-0.2500+148:0:1,TCGA-OL-A97C-DX1_xmin68058_ymin32495_MPP-0.2500+148,TCGA-OL-A97C-DX1,1
7960,TCGA-OL-A97C-DX1_xmin68058_ymin32495_MPP-0.2500+15:1:1,TCGA-OL-A97C-DX1_xmin68058_ymin32495_MPP-0.2500+15,TCGA-OL-A97C-DX1,1
7961,TCGA-OL-A97C-DX1_xmin68058_ymin32495_MPP-0.2500+150:1:1,TCGA-OL-A97C-DX1_xmin68058_ymin32495_MPP-0.2500+150,TCGA-OL-A97C-DX1,1
7962,TCGA-OL-A97C-DX1_xmin68058_ymin32495_MPP-0.2500+151:1:1,TCGA-OL-A97C-DX1_xmin68058_ymin32495_MPP-0.2500+151,TCGA-OL-A97C-DX1,1
7963,TCGA-OL-A97C-DX1_xmin68058_ymin32495_MPP-0.2500+152:1:1,TCGA-OL-A97C-DX1_xmin68058_ymin32495_MPP-0.2500+152,TCGA-OL-A97C-DX1,1
7964,TCGA-OL-A97C-DX1_xmin68058_ymin32495_MPP-0.2500+153:1:1,TCGA-OL-A97C-DX1_xmin68058_ymin32495_MPP-0.2500+153,TCGA-OL-A97C-DX1,1
7965,TCGA-OL-A97C-DX1_xmin68058_ymin32495_MPP-0.2500+154:0:1,TCGA-OL-A97C-DX1_xmin68058_ymin32495_MPP-0.2500+154,TCGA-OL-A97C-DX1,1
7966,TCGA-OL-A97C-DX1_xmin68058_ymin32495_MPP-0.2500+154:0:2,TCGA-OL-A97C-DX1_xmin68058_ymin32495_MPP-0.2500+154,TCGA-OL-A97C-DX1,1
7968,TCGA-OL-A97C-DX1_xmin68058_ymin32495_MPP-0.2500+155:0:1,TCGA-OL-A97C-DX1_xmin68058_ymin32495_MPP-0.2500+155,TCGA-OL-A97C-DX1,1
7969,TCGA-OL-A97C-DX1_xmin68058_ymin32495_MPP-0.2500+156:0:1,TCGA-OL-A97C-DX1_xmin68058_ymin32495_MPP-0.2500+156,TCGA-OL-A97C-DX1,1
7970,TCGA-OL-A97C-DX1_xmin68058_ymin32495_MPP-0.2500+157:0:1,TCGA-OL-A97C-DX1_xmin68058_ymin32495_MPP-0.2500+157,TCGA-OL-A97C-DX1,1
7971,TCGA-OL-A97C-DX1_xmin68058_ymin32495_MPP-0.2500+158:0:1,TCGA-OL-A97C-DX1_xmin68058_ymin32495_MPP-0.2500+158,TCGA-OL-A97C-DX1,1
7973,TCGA-OL-A97C-DX1_xmin68058_ymin32495_MPP-0.2500+16:1:1,TCGA-OL-A97C-DX1_xmin68058_ymin32495_MPP-0.2500+16,TCGA-OL-A97C-DX1,1
7976,TCGA-OL-A97C-DX1_xmin68058_ymin32495_MPP-0.2500+161:0:2,TCGA-OL-A97C-DX1_xmin68058_ymin32495_MPP-0.2500+161,TCGA-OL-A97C-DX1,1
7978,TCGA-OL-A97C-DX1_xmin68058_ymin32495_MPP-0.2500+161:0:4,TCGA-OL-A97C-DX1_xmin68058_ymin32495_MPP-0.2500+161,TCGA-OL-A97C-DX1,1
7979,TCGA-OL-A97C-DX1_xmin68058_ymin32495_MPP-0.2500+161:0:5,TCGA-OL-A97C-DX1_xmin68058_ymin32495_MPP-0.2500+161,TCGA-OL-A97C-DX1,1
7981,TCGA-OL-A97C-DX1_xmin68058_ymin32495_MPP-0.2500+162:0:1,TCGA-OL-A97C-DX1_xmin68058_ymin32495_MPP-0.2500+162,TCGA-OL-A97C-DX1,1
7982,TCGA-OL-A97C-DX1_xmin68058_ymin32495_MPP-0.2500+163:0:1,TCGA-OL-A97C-DX1_xmin68058_ymin32495_MPP-0.2500+163,TCGA-OL-A97C-DX1,1
7983,TCGA-OL-A97C-DX1_xmin68058_ymin32495_MPP-0.2500+164:0:1,TCGA-OL-A97C-DX1_xmin68058_ymin32495_MPP-0.2500+164,TCGA-OL-A97C-DX1,1
7984,TCGA-OL-A97C-DX1_xmin68058_ymin32495_MPP-0.2500+165:0:1,TCGA-OL-A97C-DX1_xmin68058_ymin32495_MPP-0.2500+165,TCGA-OL-A97C-DX1,1
7987,TCGA-OL-A97C-DX1_xmin68058_ymin32495_MPP-0.2500+166:1:1,TCGA-OL-A97C-DX1_xmin68058_ymin32495_MPP-0.2500+166,TCGA-OL-A97C-DX1,1
7990,TCGA-OL-A97C-DX1_xmin68058_ymin32495_MPP-0.2500+167:0:1,TCGA-OL-A97C-DX1_xmin68058_ymin32495_MPP-0.2500+167,TCGA-OL-A97C-DX1,1
7991,TCGA-OL-A97C-DX1_xmin68058_ymin32495_MPP-0.2500+168:0:1,TCGA-OL-A97C-DX1_xmin68058_ymin32495_MPP-0.2500+168,TCGA-OL-A97C-DX1,1
7992,TCGA-OL-A97C-DX1_xmin68058_ymin32495_MPP-0.2500+169:0:1,TCGA-OL-A97C-DX1_xmin68058_ymin32495_MPP-0.2500+169,TCGA-OL-A97C-DX1,1
7993,TCGA-OL-A97C-DX1_xmin68058_ymin32495_MPP-0.2500+17:1:1,TCGA-OL-A97C-DX1_xmin68058_ymin32495_MPP-0.2500+17,TCGA-OL-A97C-DX1,1
7994,TCGA-OL-A97C-DX1_xmin68058_ymin32495_MPP-0.2500+170:0:1,TCGA-OL-A97C-DX1_xmin68058_ymin32495_MPP-0.2500+170,TCGA-OL-A97C-DX1,1
7995,TCGA-OL-A97C-DX1_xmin68058_ymin32495_MPP-0.2500+170:0:2,TCGA-OL-A97C-DX1_xmin68058_ymin32495_MPP-0.2500+170,TCGA-OL-A97C-DX1,1
7996,TCGA-OL-A97C-DX1_xmin68058_ymin32495_MPP-0.2500+170:0:3,TCGA-OL-A97C-DX1_xmin68058_ymin32495_MPP-0.2500+170,TCGA-OL-A97C-DX1,1
7997,TCGA-OL-A97C-DX1_xmin68058_ymin32495_MPP-0.2500+170:0:4,TCGA-OL-A97C-DX1_xmin68058_ymin32495_MPP-0.2500+170,TCGA-OL-A97C-DX1,1
7998,TCGA-OL-A97C-DX1_xmin68058_ymin32495_MPP-0.2500+170:1:1,TCGA-OL-A97C-DX1_xmin68058_ymin32495_MPP-0.2500+170,TCGA-OL-A97C-DX1,1
7999,TCGA-OL-A97C-DX1_xmin68058_ymin32495_MPP-0.2500+171:0:1,TCGA-OL-A97C-DX1_xmin68058_ymin32495_MPP-0.2500+171,TCGA-OL-A97C-DX1,1
8000,TCGA-OL-A97C-DX1_xmin68058_ymin32495_MPP-0.2500+172:0:1,TCGA-OL-A97C-DX1_xmin68058_ymin32495_MPP-0.2500+172,TCGA-OL-A97C-DX1,1
8001,TCGA-OL-A97C-DX1_xmin68058_ymin32495_MPP-0.2500+173:0:1,TCGA-OL-A97C-DX1_xmin68058_ymin32495_MPP-0.2500+173,TCGA-OL-A97C-DX1,1
8003,TCGA-OL-A97C-DX1_xmin68058_ymin32495_MPP-0.2500+175:0:1,TCGA-OL-A97C-DX1_xmin68058_ymin32495_MPP-0.2500+175,TCGA-OL-A97C-DX1,1
8004,TCGA-OL-A97C-DX1_xmin68058_ymin32495_MPP-0.2500+176:0:1,TCGA-OL-A97C-DX1_xmin68058_ymin32495_MPP-0.2500+176,TCGA-OL-A97C-DX1,1
8006,TCGA-OL-A97C-DX1_xmin68058_ymin32495_MPP-0.2500+19:0:1,TCGA-OL-A97C-DX1_xmin68058_ymin32495_MPP-0.2500+19,TCGA-OL-A97C-DX1,1
8007,TCGA-OL-A97C-DX1_xmin68058_ymin32495_MPP-0.2500+19:1:1,TCGA-OL-A97C-DX1_xmin68058_ymin32495_MPP-0.2500+19,TCGA-OL-A97C-DX1,1
8008,TCGA-OL-A97C-DX1_xmin68058_ymin32495_MPP-0.2500+2:1:1,TCGA-OL-A97C-DX1_xmin68058_ymin32495_MPP-0.2500+2,TCGA-OL-A97C-DX1,1
8009,TCGA-OL-A97C-DX1_xmin68058_ymin32495_MPP-0.2500+20:1:1,TCGA-OL-A97C-DX1_xmin68058_ymin32495_MPP-0.2500+20,TCGA-OL-A97C-DX1,1
8010,TCGA-OL-A97C-DX1_xmin68058_ymin32495_MPP-0.2500+21:1:1,TCGA-OL-A97C-DX1_xmin68058_ymin32495_MPP-0.2500+21,TCGA-OL-A97C-DX1,1
8011,TCGA-OL-A97C-DX1_xmin68058_ymin32495_MPP-0.2500+22:1:1,TCGA-OL-A97C-DX1_xmin68058_ymin32495_MPP-0.2500+22,TCGA-OL-A97C-DX1,1
8012,TCGA-OL-A97C-DX1_xmin68058_ymin32495_MPP-0.2500+23:1:1,TCGA-OL-A97C-DX1_xmin68058_ymin32495_MPP-0.2500+23,TCGA-OL-A97C-DX1,1
8013,TCGA-OL-A97C-DX1_xmin68058_ymin32495_MPP-0.2500+24:1:1,TCGA-OL-A97C-DX1_xmin68058_ymin32495_MPP-0.2500+24,TCGA-OL-A97C-DX1,1
8014,TCGA-OL-A97C-DX1_xmin68058_ymin32495_MPP-0.2500+25:1:1,TCGA-OL-A97C-DX1_xmin68058_ymin32495_MPP-0.2500+25,TCGA-OL-A97C-DX1,1
8015,TCGA-OL-A97C-DX1_xmin68058_ymin32495_MPP-0.2500+26:1:1,TCGA-OL-A97C-DX1_xmin68058_ymin32495_MPP-0.2500+26,TCGA-OL-A97C-DX1,1
8016,TCGA-OL-A97C-DX1_xmin68058_ymin32495_MPP-0.2500+27:0:1,TCGA-OL-A97C-DX1_xmin68058_ymin32495_MPP-0.2500+27,TCGA-OL-A97C-DX1,1
8017,TCGA-OL-A97C-DX1_xmin68058_ymin32495_MPP-0.2500+27:1:1,TCGA-OL-A97C-DX1_xmin68058_ymin32495_MPP-0.2500+27,TCGA-OL-A97C-DX1,1
8018,TCGA-OL-A97C-DX1_xmin68058_ymin32495_MPP-0.2500+28:1:1,TCGA-OL-A97C-DX1_xmin68058_ymin32495_MPP-0.2500+28,TCGA-OL-A97C-DX1,1
8019,TCGA-OL-A97C-DX1_xmin68058_ymin32495_MPP-0.2500+29:1:1,TCGA-OL-A97C-DX1_xmin68058_ymin32495_MPP-0.2500+29,TCGA-OL-A97C-DX1,1
8020,TCGA-OL-A97C-DX1_xmin68058_ymin32495_MPP-0.2500+3:1:1,TCGA-OL-A97C-DX1_xmin68058_ymin32495_MPP-0.2500+3,TCGA-OL-A97C-DX1,1
8021,TCGA-OL-A97C-DX1_xmin68058_ymin32495_MPP-0.2500+30:1:1,TCGA-OL-A97C-DX1_xmin68058_ymin32495_MPP-0.2500+30,TCGA-OL-A97C-DX1,1
8022,TCGA-OL-A97C-DX1_xmin68058_ymin32495_MPP-0.2500+31:1:1,TCGA-OL-A97C-DX1_xmin68058_ymin32495_MPP-0.2500+31,TCGA-OL-A97C-DX1,1
8023,TCGA-OL-A97C-DX1_xmin68058_ymin32495_MPP-0.2500+32:1:1,TCGA-OL-A97C-DX1_xmin68058_ymin32495_MPP-0.2500+32,TCGA-OL-A97C-DX1,1
8024,TCGA-OL-A97C-DX1_xmin68058_ymin32495_MPP-0.2500+33:1:1,TCGA-OL-A97C-DX1_xmin68058_ymin32495_MPP-0.2500+33,TCGA-OL-A97C-DX1,1
8025,TCGA-OL-A97C-DX1_xmin68058_ymin32495_MPP-0.2500+34:1:1,TCGA-OL-A97C-DX1_xmin68058_ymin32495_MPP-0.2500+34,TCGA-OL-A97C-DX1,1
8026,TCGA-OL-A97C-DX1_xmin68058_ymin32495_MPP-0.2500+35:1:1,TCGA-OL-A97C-DX1_xmin68058_ymin32495_MPP-0.2500+35,TCGA-OL-A97C-DX1,1
8027,TCGA-OL-A97C-DX1_xmin68058_ymin32495_MPP-0.2500+36:1:1,TCGA-OL-A97C-DX1_xmin68058_ymin32495_MPP-0.2500+36,TCGA-OL-A97C-DX1,1
8028,TCGA-OL-A97C-DX1_xmin68058_ymin32495_MPP-0.2500+37:1:1,TCGA-OL-A97C-DX1_xmin68058_ymin32495_MPP-0.2500+37,TCGA-OL-A97C-DX1,1
8029,TCGA-OL-A97C-DX1_xmin68058_ymin32495_MPP-0.2500+38:1:1,TCGA-OL-A97C-DX1_xmin68058_ymin32495_MPP-0.2500+38,TCGA-OL-A97C-DX1,1
8030,TCGA-OL-A97C-DX1_xmin68058_ymin32495_MPP-0.2500+39:1:1,TCGA-OL-A97C-DX1_xmin68058_ymin32495_MPP-0.2500+39,TCGA-OL-A97C-DX1,1
8031,TCGA-OL-A97C-DX1_xmin68058_ymin32495_MPP-0.2500+4:0:1,TCGA-OL-A97C-DX1_xmin68058_ymin32495_MPP-0.2500+4,TCGA-OL-A97C-DX1,1
8032,TCGA-OL-A97C-DX1_xmin68058_ymin32495_MPP-0.2500+4:0:2,TCGA-OL-A97C-DX1_xmin68058_ymin32495_MPP-0.2500+4,TCGA-OL-A97C-DX1,1
8034,TCGA-OL-A97C-DX1_xmin68058_ymin32495_MPP-0.2500+4:0:4,TCGA-OL-A97C-DX1_xmin68058_ymin32495_MPP-0.2500+4,TCGA-OL-A97C-DX1,1
8036,TCGA-OL-A97C-DX1_xmin68058_ymin32495_MPP-0.2500+4:1:1,TCGA-OL-A97C-DX1_xmin68058_ymin32495_MPP-0.2500+4,TCGA-OL-A97C-DX1,1
8037,TCGA-OL-A97C-DX1_xmin68058_ymin32495_MPP-0.2500+40:1:1,TCGA-OL-A97C-DX1_xmin68058_ymin32495_MPP-0.2500+40,TCGA-OL-A97C-DX1,1
8038,TCGA-OL-A97C-DX1_xmin68058_ymin32495_MPP-0.2500+41:1:1,TCGA-OL-A97C-DX1_xmin68058_ymin32495_MPP-0.2500+41,TCGA-OL-A97C-DX1,1
8041,TCGA-OL-A97C-DX1_xmin68058_ymin32495_MPP-0.2500+42:0:3,TCGA-OL-A97C-DX1_xmin68058_ymin32495_MPP-0.2500+42,TCGA-OL-A97C-DX1,1
8042,TCGA-OL-A97C-DX1_xmin68058_ymin32495_MPP-0.2500+42:0:4,TCGA-OL-A97C-DX1_xmin68058_ymin32495_MPP-0.2500+42,TCGA-OL-A97C-DX1,1
8045,TCGA-OL-A97C-DX1_xmin68058_ymin32495_MPP-0.2500+43:1:1,TCGA-OL-A97C-DX1_xmin68058_ymin32495_MPP-0.2500+43,TCGA-OL-A97C-DX1,1
8046,TCGA-OL-A97C-DX1_xmin68058_ymin32495_MPP-0.2500+44:1:1,TCGA-OL-A97C-DX1_xmin68058_ymin32495_MPP-0.2500+44,TCGA-OL-A97C-DX1,1
8047,TCGA-OL-A97C-DX1_xmin68058_ymin32495_MPP-0.2500+45:1:1,TCGA-OL-A97C-DX1_xmin68058_ymin32495_MPP-0.2500+45,TCGA-OL-A97C-DX1,1
8048,TCGA-OL-A97C-DX1_xmin68058_ymin32495_MPP-0.2500+46:1:1,TCGA-OL-A97C-DX1_xmin68058_ymin32495_MPP-0.2500+46,TCGA-OL-A97C-DX1,1
8049,TCGA-OL-A97C-DX1_xmin68058_ymin32495_MPP-0.2500+47:1:1,TCGA-OL-A97C-DX1_xmin68058_ymin32495_MPP-0.2500+47,TCGA-OL-A97C-DX1,1
8050,TCGA-OL-A97C-DX1_xmin68058_ymin32495_MPP-0.2500+48:1:1,TCGA-OL-A97C-DX1_xmin68058_ymin32495_MPP-0.2500+48,TCGA-OL-A97C-DX1,1
8051,TCGA-OL-A97C-DX1_xmin68058_ymin32495_MPP-0.2500+49:1:1,TCGA-OL-A97C-DX1_xmin68058_ymin32495_MPP-0.2500+49,TCGA-OL-A97C-DX1,1
8052,TCGA-OL-A97C-DX1_xmin68058_ymin32495_MPP-0.2500+5:1:1,TCGA-OL-A97C-DX1_xmin68058_ymin32495_MPP-0.2500+5,TCGA-OL-A97C-DX1,1
8053,TCGA-OL-A97C-DX1_xmin68058_ymin32495_MPP-0.2500+50:1:1,TCGA-OL-A97C-DX1_xmin68058_ymin32495_MPP-0.2500+50,TCGA-OL-A97C-DX1,1
8055,TCGA-OL-A97C-DX1_xmin68058_ymin32495_MPP-0.2500+52:1:1,TCGA-OL-A97C-DX1_xmin68058_ymin32495_MPP-0.2500+52,TCGA-OL-A97C-DX1,1
8056,TCGA-OL-A97C-DX1_xmin68058_ymin32495_MPP-0.2500+53:1:1,TCGA-OL-A97C-DX1_xmin68058_ymin32495_MPP-0.2500+53,TCGA-OL-A97C-DX1,1
8057,TCGA-OL-A97C-DX1_xmin68058_ymin32495_MPP-0.2500+54:1:1,TCGA-OL-A97C-DX1_xmin68058_ymin32495_MPP-0.2500+54,TCGA-OL-A97C-DX1,1
8058,TCGA-OL-A97C-DX1_xmin68058_ymin32495_MPP-0.2500+55:0:1,TCGA-OL-A97C-DX1_xmin68058_ymin32495_MPP-0.2500+55,TCGA-OL-A97C-DX1,1
8059,TCGA-OL-A97C-DX1_xmin68058_ymin32495_MPP-0.2500+55:1:1,TCGA-OL-A97C-DX1_xmin68058_ymin32495_MPP-0.2500+55,TCGA-OL-A97C-DX1,1
8060,TCGA-OL-A97C-DX1_xmin68058_ymin32495_MPP-0.2500+56:0:1,TCGA-OL-A97C-DX1_xmin68058_ymin32495_MPP-0.2500+56,TCGA-OL-A97C-DX1,1
8061,TCGA-OL-A97C-DX1_xmin68058_ymin32495_MPP-0.2500+57:0:1,TCGA-OL-A97C-DX1_xmin68058_ymin32495_MPP-0.2500+57,TCGA-OL-A97C-DX1,1
8062,TCGA-OL-A97C-DX1_xmin68058_ymin32495_MPP-0.2500+58:1:1,TCGA-OL-A97C-DX1_xmin68058_ymin32495_MPP-0.2500+58,TCGA-OL-A97C-DX1,1
8063,TCGA-OL-A97C-DX1_xmin68058_ymin32495_MPP-0.2500+59:1:1,TCGA-OL-A97C-DX1_xmin68058_ymin32495_MPP-0.2500+59,TCGA-OL-A97C-DX1,1
8064,TCGA-OL-A97C-DX1_xmin68058_ymin32495_MPP-0.2500+6:1:1,TCGA-OL-A97C-DX1_xmin68058_ymin32495_MPP-0.2500+6,TCGA-OL-A97C-DX1,1
8065,TCGA-OL-A97C-DX1_xmin68058_ymin32495_MPP-0.2500+60:1:1,TCGA-OL-A97C-DX1_xmin68058_ymin32495_MPP-0.2500+60,TCGA-OL-A97C-DX1,1
8066,TCGA-OL-A97C-DX1_xmin68058_ymin32495_MPP-0.2500+61:1:1,TCGA-OL-A97C-DX1_xmin68058_ymin32495_MPP-0.2500+61,TCGA-OL-A97C-DX1,1
8067,TCGA-OL-A97C-DX1_xmin68058_ymin32495_MPP-0.2500+62:1:1,TCGA-OL-A97C-DX1_xmin68058_ymin32495_MPP-0.2500+62,TCGA-OL-A97C-DX1,1
8068,TCGA-OL-A97C-DX1_xmin68058_ymin32495_MPP-0.2500+63:1:1,TCGA-OL-A97C-DX1_xmin68058_ymin32495_MPP-0.2500+63,TCGA-OL-A97C-DX1,1
8069,TCGA-OL-A97C-DX1_xmin68058_ymin32495_MPP-0.2500+64:1:1,TCGA-OL-A97C-DX1_xmin68058_ymin32495_MPP-0.2500+64,TCGA-OL-A97C-DX1,1
8070,TCGA-OL-A97C-DX1_xmin68058_ymin32495_MPP-0.2500+65:1:1,TCGA-OL-A97C-DX1_xmin68058_ymin32495_MPP-0.2500+65,TCGA-OL-A97C-DX1,1
8071,TCGA-OL-A97C-DX1_xmin68058_ymin32495_MPP-0.2500+66:1:1,TCGA-OL-A97C-DX1_xmin68058_ymin32495_MPP-0.2500+66,TCGA-OL-A97C-DX1,1
8072,TCGA-OL-A97C-DX1_xmin68058_ymin32495_MPP-0.2500+67:1:1,TCGA-OL-A97C-DX1_xmin68058_ymin32495_MPP-0.2500+67,TCGA-OL-A97C-DX1,1
8073,TCGA-OL-A97C-DX1_xmin68058_ymin32495_MPP-0.2500+68:1:1,TCGA-OL-A97C-DX1_xmin68058_ymin32495_MPP-0.2500+68,TCGA-OL-A97C-DX1,1
8076,TCGA-OL-A97C-DX1_xmin68058_ymin32495_MPP-0.2500+7:1:1,TCGA-OL-A97C-DX1_xmin68058_ymin32495_MPP-0.2500+7,TCGA-OL-A97C-DX1,1
8077,TCGA-OL-A97C-DX1_xmin68058_ymin32495_MPP-0.2500+70:0:1,TCGA-OL-A97C-DX1_xmin68058_ymin32495_MPP-0.2500+70,TCGA-OL-A97C-DX1,1
8078,TCGA-OL-A97C-DX1_xmin68058_ymin32495_MPP-0.2500+71:0:1,TCGA-OL-A97C-DX1_xmin68058_ymin32495_MPP-0.2500+71,TCGA-OL-A97C-DX1,1
8079,TCGA-OL-A97C-DX1_xmin68058_ymin32495_MPP-0.2500+72:0:1,TCGA-OL-A97C-DX1_xmin68058_ymin32495_MPP-0.2500+72,TCGA-OL-A97C-DX1,1
8080,TCGA-OL-A97C-DX1_xmin68058_ymin32495_MPP-0.2500+73:0:1,TCGA-OL-A97C-DX1_xmin68058_ymin32495_MPP-0.2500+73,TCGA-OL-A97C-DX1,1
8081,TCGA-OL-A97C-DX1_xmin68058_ymin32495_MPP-0.2500+74:0:1,TCGA-OL-A97C-DX1_xmin68058_ymin32495_MPP-0.2500+74,TCGA-OL-A97C-DX1,1
8082,TCGA-OL-A97C-DX1_xmin68058_ymin32495_MPP-0.2500+75:1:1,TCGA-OL-A97C-DX1_xmin68058_ymin32495_MPP-0.2500+75,TCGA-OL-A97C-DX1,1
8083,TCGA-OL-A97C-DX1_xmin68058_ymin32495_MPP-0.2500+76:1:1,TCGA-OL-A97C-DX1_xmin68058_ymin32495_MPP-0.2500+76,TCGA-OL-A97C-DX1,1
8084,TCGA-OL-A97C-DX1_xmin68058_ymin32495_MPP-0.2500+77:1:1,TCGA-OL-A97C-DX1_xmin68058_ymin32495_MPP-0.2500+77,TCGA-OL-A97C-DX1,1
8085,TCGA-OL-A97C-DX1_xmin68058_ymin32495_MPP-0.2500+78:1:1,TCGA-OL-A97C-DX1_xmin68058_ymin32495_MPP-0.2500+78,TCGA-OL-A97C-DX1,1
8086,TCGA-OL-A97C-DX1_xmin68058_ymin32495_MPP-0.2500+79:1:1,TCGA-OL-A97C-DX1_xmin68058_ymin32495_MPP-0.2500+79,TCGA-OL-A97C-DX1,1
8087,TCGA-OL-A97C-DX1_xmin68058_ymin32495_MPP-0.2500+8:1:1,TCGA-OL-A97C-DX1_xmin68058_ymin32495_MPP-0.2500+8,TCGA-OL-A97C-DX1,1
8088,TCGA-OL-A97C-DX1_xmin68058_ymin32495_MPP-0.2500+80:1:1,TCGA-OL-A97C-DX1_xmin68058_ymin32495_MPP-0.2500+80,TCGA-OL-A97C-DX1,1
8089,TCGA-OL-A97C-DX1_xmin68058_ymin32495_MPP-0.2500+81:1:1,TCGA-OL-A97C-DX1_xmin68058_ymin32495_MPP-0.2500+81,TCGA-OL-A97C-DX1,1
8090,TCGA-OL-A97C-DX1_xmin68058_ymin32495_MPP-0.2500+82:1:1,TCGA-OL-A97C-DX1_xmin68058_ymin32495_MPP-0.2500+82,TCGA-OL-A97C-DX1,1
8091,TCGA-OL-A97C-DX1_xmin68058_ymin32495_MPP-0.2500+83:1:1,TCGA-OL-A97C-DX1_xmin68058_ymin32495_MPP-0.2500+83,TCGA-OL-A97C-DX1,1
8092,TCGA-OL-A97C-DX1_xmin68058_ymin32495_MPP-0.2500+84:1:1,TCGA-OL-A97C-DX1_xmin68058_ymin32495_MPP-0.2500+84,TCGA-OL-A97C-DX1,1
8093,TCGA-OL-A97C-DX1_xmin68058_ymin32495_MPP-0.2500+85:1:1,TCGA-OL-A97C-DX1_xmin68058_ymin32495_MPP-0.2500+85,TCGA-OL-A97C-DX1,1
8095,TCGA-OL-A97C-DX1_xmin68058_ymin32495_MPP-0.2500+86:0:2,TCGA-OL-A97C-DX1_xmin68058_ymin32495_MPP-0.2500+86,TCGA-OL-A97C-DX1,1
8097,TCGA-OL-A97C-DX1_xmin68058_ymin32495_MPP-0.2500+86:1:1,TCGA-OL-A97C-DX1_xmin68058_ymin32495_MPP-0.2500+86,TCGA-OL-A97C-DX1,1
8099,TCGA-OL-A97C-DX1_xmin68058_ymin32495_MPP-0.2500+86:1:3,TCGA-OL-A97C-DX1_xmin68058_ymin32495_MPP-0.2500+86,TCGA-OL-A97C-DX1,1
8100,TCGA-OL-A97C-DX1_xmin68058_ymin32495_MPP-0.2500+87:0:1,TCGA-OL-A97C-DX1_xmin68058_ymin32495_MPP-0.2500+87,TCGA-OL-A97C-DX1,1
8101,TCGA-OL-A97C-DX1_xmin68058_ymin32495_MPP-0.2500+88:0:1,TCGA-OL-A97C-DX1_xmin68058_ymin32495_MPP-0.2500+88,TCGA-OL-A97C-DX1,1
8102,TCGA-OL-A97C-DX1_xmin68058_ymin32495_MPP-0.2500+89:0:1,TCGA-OL-A97C-DX1_xmin68058_ymin32495_MPP-0.2500+89,TCGA-OL-A97C-DX1,1
8103,TCGA-OL-A97C-DX1_xmin68058_ymin32495_MPP-0.2500+9:1:1,TCGA-OL-A97C-DX1_xmin68058_ymin32495_MPP-0.2500+9,TCGA-OL-A97C-DX1,1
8104,TCGA-OL-A97C-DX1_xmin68058_ymin32495_MPP-0.2500+90:0:1,TCGA-OL-A97C-DX1_xmin68058_ymin32495_MPP-0.2500+90,TCGA-OL-A97C-DX1,1
8105,TCGA-OL-A97C-DX1_xmin68058_ymin32495_MPP-0.2500+91:0:1,TCGA-OL-A97C-DX1_xmin68058_ymin32495_MPP-0.2500+91,TCGA-OL-A97C-DX1,1
8106,TCGA-OL-A97C-DX1_xmin68058_ymin32495_MPP-0.2500+92:0:1,TCGA-OL-A97C-DX1_xmin68058_ymin32495_MPP-0.2500+92,TCGA-OL-A97C-DX1,1
8107,TCGA-OL-A97C-DX1_xmin68058_ymin32495_MPP-0.2500+93:1:1,TCGA-OL-A97C-DX1_xmin68058_ymin32495_MPP-0.2500+93,TCGA-OL-A97C-DX1,1
8108,TCGA-OL-A97C-DX1_xmin68058_ymin32495_MPP-0.2500+94:1:1,TCGA-OL-A97C-DX1_xmin68058_ymin32495_MPP-0.2500+94,TCGA-OL-A97C-DX1,1
8109,TCGA-OL-A97C-DX1_xmin68058_ymin32495_MPP-0.2500+95:0:1,TCGA-OL-A97C-DX1_xmin68058_ymin32495_MPP-0.2500+95,TCGA-OL-A97C-DX1,1
8111,TCGA-OL-A97C-DX1_xmin68058_ymin32495_MPP-0.2500+95:1:1,TCGA-OL-A97C-DX1_xmin68058_ymin32495_MPP-0.2500+95,TCGA-OL-A97C-DX1,1
8112,TCGA-OL-A97C-DX1_xmin68058_ymin32495_MPP-0.2500+96:1:1,TCGA-OL-A97C-DX1_xmin68058_ymin32495_MPP-0.2500+96,TCGA-OL-A97C-DX1,1
8113,TCGA-OL-A97C-DX1_xmin68058_ymin32495_MPP-0.2500+97:1:1,TCGA-OL-A97C-DX1_xmin68058_ymin32495_MPP-0.2500+97,TCGA-OL-A97C-DX1,1
8114,TCGA-OL-A97C-DX1_xmin68058_ymin32495_MPP-0.2500+98:1:1,TCGA-OL-A97C-DX1_xmin68058_ymin32495_MPP-0.2500+98,TCGA-OL-A97C-DX1,1
8115,TCGA-OL-A97C-DX1_xmin68058_ymin32495_MPP-0.2500+99:1:1,TCGA-OL-A97C-DX1_xmin68058_ymin32495_MPP-0.2500+99,TCGA-OL-A97C-DX1,1
8117,TCGA-S3-AA10-DX1_xmin43039_ymin23986_MPP-0.2500+0:1:2,TCGA-S3-AA10-DX1_xmin43039_ymin23986_MPP-0.2500+0,TCGA-S3-AA10-DX1,2
8120,TCGA-S3-AA10-DX1_xmin43039_ymin23986_MPP-0.2500+1:0:3,TCGA-S3-AA10-DX1_xmin43039_ymin23986_MPP-0.2500+1,TCGA-S3-AA10-DX1,2
8122,TCGA-S3-AA10-DX1_xmin43039_ymin23986_MPP-0.2500+10:1:1,TCGA-S3-AA10-DX1_xmin43039_ymin23986_MPP-0.2500+10,TCGA-S3-AA10-DX1,2
8125,TCGA-S3-AA10-DX1_xmin43039_ymin23986_MPP-0.2500+11:1:1,TCGA-S3-AA10-DX1_xmin43039_ymin23986_MPP-0.2500+11,TCGA-S3-AA10-DX1,2
8126,TCGA-S3-AA10-DX1_xmin43039_ymin23986_MPP-0.2500+12:1:1,TCGA-S3-AA10-DX1_xmin43039_ymin23986_MPP-0.2500+12,TCGA-S3-AA10-DX1,2
8128,TCGA-S3-AA10-DX1_xmin43039_ymin23986_MPP-0.2500+13:0:2,TCGA-S3-AA10-DX1_xmin43039_ymin23986_MPP-0.2500+13,TCGA-S3-AA10-DX1,2
8131,TCGA-S3-AA10-DX1_xmin43039_ymin23986_MPP-0.2500+13:3:3,TCGA-S3-AA10-DX1_xmin43039_ymin23986_MPP-0.2500+13,TCGA-S3-AA10-DX1,2
8133,TCGA-S3-AA10-DX1_xmin43039_ymin23986_MPP-0.2500+14:0:1,TCGA-S3-AA10-DX1_xmin43039_ymin23986_MPP-0.2500+14,TCGA-S3-AA10-DX1,2
8135,TCGA-S3-AA10-DX1_xmin43039_ymin23986_MPP-0.2500+15:0:1,TCGA-S3-AA10-DX1_xmin43039_ymin23986_MPP-0.2500+15,TCGA-S3-AA10-DX1,2
8137,TCGA-S3-AA10-DX1_xmin43039_ymin23986_MPP-0.2500+15:1:1,TCGA-S3-AA10-DX1_xmin43039_ymin23986_MPP-0.2500+15,TCGA-S3-AA10-DX1,2
8143,TCGA-S3-AA10-DX1_xmin43039_ymin23986_MPP-0.2500+17:1:1,TCGA-S3-AA10-DX1_xmin43039_ymin23986_MPP-0.2500+17,TCGA-S3-AA10-DX1,2
8144,TCGA-S3-AA10-DX1_xmin43039_ymin23986_MPP-0.2500+18:0:1,TCGA-S3-AA10-DX1_xmin43039_ymin23986_MPP-0.2500+18,TCGA-S3-AA10-DX1,2
8147,TCGA-S3-AA10-DX1_xmin43039_ymin23986_MPP-0.2500+19:1:1,TCGA-S3-AA10-DX1_xmin43039_ymin23986_MPP-0.2500+19,TCGA-S3-AA10-DX1,2
8149,TCGA-S3-AA10-DX1_xmin43039_ymin23986_MPP-0.2500+19:2:1,TCGA-S3-AA10-DX1_xmin43039_ymin23986_MPP-0.2500+19,TCGA-S3-AA10-DX1,2
8150,TCGA-S3-AA10-DX1_xmin43039_ymin23986_MPP-0.2500+19:2:2,TCGA-S3-AA10-DX1_xmin43039_ymin23986_MPP-0.2500+19,TCGA-S3-AA10-DX1,2
8152,TCGA-S3-AA10-DX1_xmin43039_ymin23986_MPP-0.2500+19:2:4,TCGA-S3-AA10-DX1_xmin43039_ymin23986_MPP-0.2500+19,TCGA-S3-AA10-DX1,2
8154,TCGA-S3-AA10-DX1_xmin43039_ymin23986_MPP-0.2500+2:0:1,TCGA-S3-AA10-DX1_xmin43039_ymin23986_MPP-0.2500+2,TCGA-S3-AA10-DX1,2
8155,TCGA-S3-AA10-DX1_xmin43039_ymin23986_MPP-0.2500+20:1:1,TCGA-S3-AA10-DX1_xmin43039_ymin23986_MPP-0.2500+20,TCGA-S3-AA10-DX1,2
8156,TCGA-S3-AA10-DX1_xmin43039_ymin23986_MPP-0.2500+20:2:1,TCGA-S3-AA10-DX1_xmin43039_ymin23986_MPP-0.2500+20,TCGA-S3-AA10-DX1,2
8157,TCGA-S3-AA10-DX1_xmin43039_ymin23986_MPP-0.2500+21:1:1,TCGA-S3-AA10-DX1_xmin43039_ymin23986_MPP-0.2500+21,TCGA-S3-AA10-DX1,2
8158,TCGA-S3-AA10-DX1_xmin43039_ymin23986_MPP-0.2500+22:0:1,TCGA-S3-AA10-DX1_xmin43039_ymin23986_MPP-0.2500+22,TCGA-S3-AA10-DX1,2
8163,TCGA-S3-AA10-DX1_xmin43039_ymin23986_MPP-0.2500+25:0:1,TCGA-S3-AA10-DX1_xmin43039_ymin23986_MPP-0.2500+25,TCGA-S3-AA10-DX1,2
8164,TCGA-S3-AA10-DX1_xmin43039_ymin23986_MPP-0.2500+26:0:1,TCGA-S3-AA10-DX1_xmin43039_ymin23986_MPP-0.2500+26,TCGA-S3-AA10-DX1,2
8165,TCGA-S3-AA10-DX1_xmin43039_ymin23986_MPP-0.2500+27:0:1,TCGA-S3-AA10-DX1_xmin43039_ymin23986_MPP-0.2500+27,TCGA-S3-AA10-DX1,2
8168,TCGA-S3-AA10-DX1_xmin43039_ymin23986_MPP-0.2500+3:0:1,TCGA-S3-AA10-DX1_xmin43039_ymin23986_MPP-0.2500+3,TCGA-S3-AA10-DX1,2
8172,TCGA-S3-AA10-DX1_xmin43039_ymin23986_MPP-0.2500+30:0:5,TCGA-S3-AA10-DX1_xmin43039_ymin23986_MPP-0.2500+30,TCGA-S3-AA10-DX1,2
8174,TCGA-S3-AA10-DX1_xmin43039_ymin23986_MPP-0.2500+31:0:1,TCGA-S3-AA10-DX1_xmin43039_ymin23986_MPP-0.2500+31,TCGA-S3-AA10-DX1,2
8175,TCGA-S3-AA10-DX1_xmin43039_ymin23986_MPP-0.2500+31:1:1,TCGA-S3-AA10-DX1_xmin43039_ymin23986_MPP-0.2500+31,TCGA-S3-AA10-DX1,2
8176,TCGA-S3-AA10-DX1_xmin43039_ymin23986_MPP-0.2500+32:1:1,TCGA-S3-AA10-DX1_xmin43039_ymin23986_MPP-0.2500+32,TCGA-S3-AA10-DX1,2
8178,TCGA-S3-AA10-DX1_xmin43039_ymin23986_MPP-0.2500+32:2:2,TCGA-S3-AA10-DX1_xmin43039_ymin23986_MPP-0.2500+32,TCGA-S3-AA10-DX1,2
8180,TCGA-S3-AA10-DX1_xmin43039_ymin23986_MPP-0.2500+33:0:1,TCGA-S3-AA10-DX1_xmin43039_ymin23986_MPP-0.2500+33,TCGA-S3-AA10-DX1,2
8181,TCGA-S3-AA10-DX1_xmin43039_ymin23986_MPP-0.2500+33:0:2,TCGA-S3-AA10-DX1_xmin43039_ymin23986_MPP-0.2500+33,TCGA-S3-AA10-DX1,2
8182,TCGA-S3-AA10-DX1_xmin43039_ymin23986_MPP-0.2500+33:0:3,TCGA-S3-AA10-DX1_xmin43039_ymin23986_MPP-0.2500+33,TCGA-S3-AA10-DX1,2
8188,TCGA-S3-AA10-DX1_xmin43039_ymin23986_MPP-0.2500+35:0:1,TCGA-S3-AA10-DX1_xmin43039_ymin23986_MPP-0.2500+35,TCGA-S3-AA10-DX1,2
8192,TCGA-S3-AA10-DX1_xmin43039_ymin23986_MPP-0.2500+35:0:6,TCGA-S3-AA10-DX1_xmin43039_ymin23986_MPP-0.2500+35,TCGA-S3-AA10-DX1,2
8193,TCGA-S3-AA10-DX1_xmin43039_ymin23986_MPP-0.2500+35:3:1,TCGA-S3-AA10-DX1_xmin43039_ymin23986_MPP-0.2500+35,TCGA-S3-AA10-DX1,2
8196,TCGA-S3-AA10-DX1_xmin43039_ymin23986_MPP-0.2500+36:2:1,TCGA-S3-AA10-DX1_xmin43039_ymin23986_MPP-0.2500+36,TCGA-S3-AA10-DX1,2
8197,TCGA-S3-AA10-DX1_xmin43039_ymin23986_MPP-0.2500+36:2:2,TCGA-S3-AA10-DX1_xmin43039_ymin23986_MPP-0.2500+36,TCGA-S3-AA10-DX1,2
8200,TCGA-S3-AA10-DX1_xmin43039_ymin23986_MPP-0.2500+37:1:1,TCGA-S3-AA10-DX1_xmin43039_ymin23986_MPP-0.2500+37,TCGA-S3-AA10-DX1,2
8203,TCGA-S3-AA10-DX1_xmin43039_ymin23986_MPP-0.2500+39:0:1,TCGA-S3-AA10-DX1_xmin43039_ymin23986_MPP-0.2500+39,TCGA-S3-AA10-DX1,2
8207,TCGA-S3-AA10-DX1_xmin43039_ymin23986_MPP-0.2500+41:1:1,TCGA-S3-AA10-DX1_xmin43039_ymin23986_MPP-0.2500+41,TCGA-S3-AA10-DX1,2
8212,TCGA-S3-AA10-DX1_xmin43039_ymin23986_MPP-0.2500+42:2:1,TCGA-S3-AA10-DX1_xmin43039_ymin23986_MPP-0.2500+42,TCGA-S3-AA10-DX1,2
8213,TCGA-S3-AA10-DX1_xmin43039_ymin23986_MPP-0.2500+43:0:1,TCGA-S3-AA10-DX1_xmin43039_ymin23986_MPP-0.2500+43,TCGA-S3-AA10-DX1,2
8214,TCGA-S3-AA10-DX1_xmin43039_ymin23986_MPP-0.2500+44:0:1,TCGA-S3-AA10-DX1_xmin43039_ymin23986_MPP-0.2500+44,TCGA-S3-AA10-DX1,2
8218,TCGA-S3-AA10-DX1_xmin43039_ymin23986_MPP-0.2500+45:0:1,TCGA-S3-AA10-DX1_xmin43039_ymin23986_MPP-0.2500+45,TCGA-S3-AA10-DX1,2
8221,TCGA-S3-AA10-DX1_xmin43039_ymin23986_MPP-0.2500+46:3:2,TCGA-S3-AA10-DX1_xmin43039_ymin23986_MPP-0.2500+46,TCGA-S3-AA10-DX1,2
8224,TCGA-S3-AA10-DX1_xmin43039_ymin23986_MPP-0.2500+48:0:1,TCGA-S3-AA10-DX1_xmin43039_ymin23986_MPP-0.2500+48,TCGA-S3-AA10-DX1,2
8225,TCGA-S3-AA10-DX1_xmin43039_ymin23986_MPP-0.2500+49:0:1,TCGA-S3-AA10-DX1_xmin43039_ymin23986_MPP-0.2500+49,TCGA-S3-AA10-DX1,2
8229,TCGA-S3-AA10-DX1_xmin43039_ymin23986_MPP-0.2500+50:0:1,TCGA-S3-AA10-DX1_xmin43039_ymin23986_MPP-0.2500+50,TCGA-S3-AA10-DX1,2
8230,TCGA-S3-AA10-DX1_xmin43039_ymin23986_MPP-0.2500+50:1:1,TCGA-S3-AA10-DX1_xmin43039_ymin23986_MPP-0.2500+50,TCGA-S3-AA10-DX1,2
8235,TCGA-S3-AA10-DX1_xmin43039_ymin23986_MPP-0.2500+52:2:1,TCGA-S3-AA10-DX1_xmin43039_ymin23986_MPP-0.2500+52,TCGA-S3-AA10-DX1,2
8240,TCGA-S3-AA10-DX1_xmin43039_ymin23986_MPP-0.2500+53:2:1,TCGA-S3-AA10-DX1_xmin43039_ymin23986_MPP-0.2500+53,TCGA-S3-AA10-DX1,2
8241,TCGA-S3-AA10-DX1_xmin43039_ymin23986_MPP-0.2500+53:2:3,TCGA-S3-AA10-DX1_xmin43039_ymin23986_MPP-0.2500+53,TCGA-S3-AA10-DX1,2
8243,TCGA-S3-AA10-DX1_xmin43039_ymin23986_MPP-0.2500+55:0:1,TCGA-S3-AA10-DX1_xmin43039_ymin23986_MPP-0.2500+55,TCGA-S3-AA10-DX1,2
8244,TCGA-S3-AA10-DX1_xmin43039_ymin23986_MPP-0.2500+56:0:1,TCGA-S3-AA10-DX1_xmin43039_ymin23986_MPP-0.2500+56,TCGA-S3-AA10-DX1,2
8247,TCGA-S3-AA10-DX1_xmin43039_ymin23986_MPP-0.2500+59:0:1,TCGA-S3-AA10-DX1_xmin43039_ymin23986_MPP-0.2500+59,TCGA-S3-AA10-DX1,2
8248,TCGA-S3-AA10-DX1_xmin43039_ymin23986_MPP-0.2500+6:0:1,TCGA-S3-AA10-DX1_xmin43039_ymin23986_MPP-0.2500+6,TCGA-S3-AA10-DX1,2
8249,TCGA-S3-AA10-DX1_xmin43039_ymin23986_MPP-0.2500+60:0:1,TCGA-S3-AA10-DX1_xmin43039_ymin23986_MPP-0.2500+60,TCGA-S3-AA10-DX1,2
8252,TCGA-S3-AA10-DX1_xmin43039_ymin23986_MPP-0.2500+63:0:1,TCGA-S3-AA10-DX1_xmin43039_ymin23986_MPP-0.2500+63,TCGA-S3-AA10-DX1,2
8255,TCGA-S3-AA10-DX1_xmin43039_ymin23986_MPP-0.2500+64:0:1,TCGA-S3-AA10-DX1_xmin43039_ymin23986_MPP-0.2500+64,TCGA-S3-AA10-DX1,2
8256,TCGA-S3-AA10-DX1_xmin43039_ymin23986_MPP-0.2500+65:0:1,TCGA-S3-AA10-DX1_xmin43039_ymin23986_MPP-0.2500+65,TCGA-S3-AA10-DX1,2
8257,TCGA-S3-AA10-DX1_xmin43039_ymin23986_MPP-0.2500+66:0:1,TCGA-S3-AA10-DX1_xmin43039_ymin23986_MPP-0.2500+66,TCGA-S3-AA10-DX1,2
8258,TCGA-S3-AA10-DX1_xmin43039_ymin23986_MPP-0.2500+67:0:1,TCGA-S3-AA10-DX1_xmin43039_ymin23986_MPP-0.2500+67,TCGA-S3-AA10-DX1,2
8263,TCGA-S3-AA10-DX1_xmin43039_ymin23986_MPP-0.2500+68:0:3,TCGA-S3-AA10-DX1_xmin43039_ymin23986_MPP-0.2500+68,TCGA-S3-AA10-DX1,2
8264,TCGA-S3-AA10-DX1_xmin43039_ymin23986_MPP-0.2500+68:1:2,TCGA-S3-AA10-DX1_xmin43039_ymin23986_MPP-0.2500+68,TCGA-S3-AA10-DX1,2
8265,TCGA-S3-AA10-DX1_xmin43039_ymin23986_MPP-0.2500+68:1:3,TCGA-S3-AA10-DX1_xmin43039_ymin23986_MPP-0.2500+68,TCGA-S3-AA10-DX1,2
8266,TCGA-S3-AA10-DX1_xmin43039_ymin23986_MPP-0.2500+68:1:4,TCGA-S3-AA10-DX1_xmin43039_ymin23986_MPP-0.2500+68,TCGA-S3-AA10-DX1,2
8269,TCGA-S3-AA10-DX1_xmin43039_ymin23986_MPP-0.2500+69:0:1,TCGA-S3-AA10-DX1_xmin43039_ymin23986_MPP-0.2500+69,TCGA-S3-AA10-DX1,2
8271,TCGA-S3-AA10-DX1_xmin43039_ymin23986_MPP-0.2500+70:0:1,TCGA-S3-AA10-DX1_xmin43039_ymin23986_MPP-0.2500+70,TCGA-S3-AA10-DX1,2
8276,TCGA-S3-AA10-DX1_xmin43039_ymin23986_MPP-0.2500+73:0:1,TCGA-S3-AA10-DX1_xmin43039_ymin23986_MPP-0.2500+73,TCGA-S3-AA10-DX1,2
8277,TCGA-S3-AA10-DX1_xmin43039_ymin23986_MPP-0.2500+74:0:1,TCGA-S3-AA10-DX1_xmin43039_ymin23986_MPP-0.2500+74,TCGA-S3-AA10-DX1,2
8278,TCGA-S3-AA10-DX1_xmin43039_ymin23986_MPP-0.2500+75:0:1,TCGA-S3-AA10-DX1_xmin43039_ymin23986_MPP-0.2500+75,TCGA-S3-AA10-DX1,2
8279,TCGA-S3-AA10-DX1_xmin43039_ymin23986_MPP-0.2500+76:0:1,TCGA-S3-AA10-DX1_xmin43039_ymin23986_MPP-0.2500+76,TCGA-S3-AA10-DX1,2
8282,TCGA-S3-AA10-DX1_xmin43039_ymin23986_MPP-0.2500+77:1:2,TCGA-S3-AA10-DX1_xmin43039_ymin23986_MPP-0.2500+77,TCGA-S3-AA10-DX1,2
8284,TCGA-S3-AA10-DX1_xmin43039_ymin23986_MPP-0.2500+78:0:1,TCGA-S3-AA10-DX1_xmin43039_ymin23986_MPP-0.2500+78,TCGA-S3-AA10-DX1,2
8286,TCGA-S3-AA10-DX1_xmin43039_ymin23986_MPP-0.2500+79:0:1,TCGA-S3-AA10-DX1_xmin43039_ymin23986_MPP-0.2500+79,TCGA-S3-AA10-DX1,2
8287,TCGA-S3-AA10-DX1_xmin43039_ymin23986_MPP-0.2500+8:0:1,TCGA-S3-AA10-DX1_xmin43039_ymin23986_MPP-0.2500+8,TCGA-S3-AA10-DX1,2
8288,TCGA-S3-AA10-DX1_xmin43039_ymin23986_MPP-0.2500+80:0:1,TCGA-S3-AA10-DX1_xmin43039_ymin23986_MPP-0.2500+80,TCGA-S3-AA10-DX1,2
8289,TCGA-S3-AA10-DX1_xmin43039_ymin23986_MPP-0.2500+80:0:2,TCGA-S3-AA10-DX1_xmin43039_ymin23986_MPP-0.2500+80,TCGA-S3-AA10-DX1,2
8291,TCGA-S3-AA10-DX1_xmin43039_ymin23986_MPP-0.2500+80:1:1,TCGA-S3-AA10-DX1_xmin43039_ymin23986_MPP-0.2500+80,TCGA-S3-AA10-DX1,2
8301,TCGA-S3-AA10-DX1_xmin43039_ymin23986_MPP-0.2500+81:1:4,TCGA-S3-AA10-DX1_xmin43039_ymin23986_MPP-0.2500+81,TCGA-S3-AA10-DX1,2
8302,TCGA-S3-AA10-DX1_xmin43039_ymin23986_MPP-0.2500+82:0:1,TCGA-S3-AA10-DX1_xmin43039_ymin23986_MPP-0.2500+82,TCGA-S3-AA10-DX1,2
8303,TCGA-S3-AA10-DX1_xmin43039_ymin23986_MPP-0.2500+82:0:2,TCGA-S3-AA10-DX1_xmin43039_ymin23986_MPP-0.2500+82,TCGA-S3-AA10-DX1,2
8306,TCGA-S3-AA10-DX1_xmin43039_ymin23986_MPP-0.2500+83:0:1,TCGA-S3-AA10-DX1_xmin43039_ymin23986_MPP-0.2500+83,TCGA-S3-AA10-DX1,2
8316,TCGA-S3-AA10-DX1_xmin43039_ymin23986_MPP-0.2500+87:0:1,TCGA-S3-AA10-DX1_xmin43039_ymin23986_MPP-0.2500+87,TCGA-S3-AA10-DX1,2
8318,TCGA-S3-AA10-DX1_xmin43039_ymin23986_MPP-0.2500+88:0:1,TCGA-S3-AA10-DX1_xmin43039_ymin23986_MPP-0.2500+88,TCGA-S3-AA10-DX1,2
8319,TCGA-S3-AA10-DX1_xmin43039_ymin23986_MPP-0.2500+88:0:2,TCGA-S3-AA10-DX1_xmin43039_ymin23986_MPP-0.2500+88,TCGA-S3-AA10-DX1,2
8321,TCGA-S3-AA10-DX1_xmin43039_ymin23986_MPP-0.2500+89:0:1,TCGA-S3-AA10-DX1_xmin43039_ymin23986_MPP-0.2500+89,TCGA-S3-AA10-DX1,2
8323,TCGA-S3-AA10-DX1_xmin43039_ymin23986_MPP-0.2500+9:0:1,TCGA-S3-AA10-DX1_xmin43039_ymin23986_MPP-0.2500+9,TCGA-S3-AA10-DX1,2
8325,TCGA-S3-AA10-DX1_xmin43039_ymin23986_MPP-0.2500+9:1:1,TCGA-S3-AA10-DX1_xmin43039_ymin23986_MPP-0.2500+9,TCGA-S3-AA10-DX1,2
8334,TCGA-S3-AA15-DX1_xmin55486_ymin28926_MPP-0.2500+10:2:3,TCGA-S3-AA15-DX1_xmin55486_ymin28926_MPP-0.2500+10,TCGA-S3-AA15-DX1,0
8335,TCGA-S3-AA15-DX1_xmin55486_ymin28926_MPP-0.2500+10:2:4,TCGA-S3-AA15-DX1_xmin55486_ymin28926_MPP-0.2500+10,TCGA-S3-AA15-DX1,0
8336,TCGA-S3-AA15-DX1_xmin55486_ymin28926_MPP-0.2500+11:1:1,TCGA-S3-AA15-DX1_xmin55486_ymin28926_MPP-0.2500+11,TCGA-S3-AA15-DX1,0
8342,TCGA-S3-AA15-DX1_xmin55486_ymin28926_MPP-0.2500+12:2:1,TCGA-S3-AA15-DX1_xmin55486_ymin28926_MPP-0.2500+12,TCGA-S3-AA15-DX1,0
8344,TCGA-S3-AA15-DX1_xmin55486_ymin28926_MPP-0.2500+12:2:3,TCGA-S3-AA15-DX1_xmin55486_ymin28926_MPP-0.2500+12,TCGA-S3-AA15-DX1,0
8345,TCGA-S3-AA15-DX1_xmin55486_ymin28926_MPP-0.2500+13:0:1,TCGA-S3-AA15-DX1_xmin55486_ymin28926_MPP-0.2500+13,TCGA-S3-AA15-DX1,0
8346,TCGA-S3-AA15-DX1_xmin55486_ymin28926_MPP-0.2500+13:2:1,TCGA-S3-AA15-DX1_xmin55486_ymin28926_MPP-0.2500+13,TCGA-S3-AA15-DX1,0
8348,TCGA-S3-AA15-DX1_xmin55486_ymin28926_MPP-0.2500+14:1:1,TCGA-S3-AA15-DX1_xmin55486_ymin28926_MPP-0.2500+14,TCGA-S3-AA15-DX1,0
8352,TCGA-S3-AA15-DX1_xmin55486_ymin28926_MPP-0.2500+14:2:1,TCGA-S3-AA15-DX1_xmin55486_ymin28926_MPP-0.2500+14,TCGA-S3-AA15-DX1,0
8353,TCGA-S3-AA15-DX1_xmin55486_ymin28926_MPP-0.2500+15:1:1,TCGA-S3-AA15-DX1_xmin55486_ymin28926_MPP-0.2500+15,TCGA-S3-AA15-DX1,0
8355,TCGA-S3-AA15-DX1_xmin55486_ymin28926_MPP-0.2500+16:1:1,TCGA-S3-AA15-DX1_xmin55486_ymin28926_MPP-0.2500+16,TCGA-S3-AA15-DX1,0
8356,TCGA-S3-AA15-DX1_xmin55486_ymin28926_MPP-0.2500+17:1:1,TCGA-S3-AA15-DX1_xmin55486_ymin28926_MPP-0.2500+17,TCGA-S3-AA15-DX1,0
8357,TCGA-S3-AA15-DX1_xmin55486_ymin28926_MPP-0.2500+18:0:1,TCGA-S3-AA15-DX1_xmin55486_ymin28926_MPP-0.2500+18,TCGA-S3-AA15-DX1,0
8367,TCGA-S3-AA15-DX1_xmin55486_ymin28926_MPP-0.2500+21:0:1,TCGA-S3-AA15-DX1_xmin55486_ymin28926_MPP-0.2500+21,TCGA-S3-AA15-DX1,0
8370,TCGA-S3-AA15-DX1_xmin55486_ymin28926_MPP-0.2500+23:1:1,TCGA-S3-AA15-DX1_xmin55486_ymin28926_MPP-0.2500+23,TCGA-S3-AA15-DX1,0
8371,TCGA-S3-AA15-DX1_xmin55486_ymin28926_MPP-0.2500+23:1:2,TCGA-S3-AA15-DX1_xmin55486_ymin28926_MPP-0.2500+23,TCGA-S3-AA15-DX1,0
8374,TCGA-S3-AA15-DX1_xmin55486_ymin28926_MPP-0.2500+23:2:4,TCGA-S3-AA15-DX1_xmin55486_ymin28926_MPP-0.2500+23,TCGA-S3-AA15-DX1,0
8375,TCGA-S3-AA15-DX1_xmin55486_ymin28926_MPP-0.2500+24:1:1,TCGA-S3-AA15-DX1_xmin55486_ymin28926_MPP-0.2500+24,TCGA-S3-AA15-DX1,0
8376,TCGA-S3-AA15-DX1_xmin55486_ymin28926_MPP-0.2500+25:1:1,TCGA-S3-AA15-DX1_xmin55486_ymin28926_MPP-0.2500+25,TCGA-S3-AA15-DX1,0
8377,TCGA-S3-AA15-DX1_xmin55486_ymin28926_MPP-0.2500+26:1:1,TCGA-S3-AA15-DX1_xmin55486_ymin28926_MPP-0.2500+26,TCGA-S3-AA15-DX1,0
8379,TCGA-S3-AA15-DX1_xmin55486_ymin28926_MPP-0.2500+28:0:1,TCGA-S3-AA15-DX1_xmin55486_ymin28926_MPP-0.2500+28,TCGA-S3-AA15-DX1,0
8380,TCGA-S3-AA15-DX1_xmin55486_ymin28926_MPP-0.2500+29:0:1,TCGA-S3-AA15-DX1_xmin55486_ymin28926_MPP-0.2500+29,TCGA-S3-AA15-DX1,0
8382,TCGA-S3-AA15-DX1_xmin55486_ymin28926_MPP-0.2500+3:2:1,TCGA-S3-AA15-DX1_xmin55486_ymin28926_MPP-0.2500+3,TCGA-S3-AA15-DX1,0
8384,TCGA-S3-AA15-DX1_xmin55486_ymin28926_MPP-0.2500+31:0:1,TCGA-S3-AA15-DX1_xmin55486_ymin28926_MPP-0.2500+31,TCGA-S3-AA15-DX1,0
8391,TCGA-S3-AA15-DX1_xmin55486_ymin28926_MPP-0.2500+33:1:1,TCGA-S3-AA15-DX1_xmin55486_ymin28926_MPP-0.2500+33,TCGA-S3-AA15-DX1,0
8394,TCGA-S3-AA15-DX1_xmin55486_ymin28926_MPP-0.2500+34:1:1,TCGA-S3-AA15-DX1_xmin55486_ymin28926_MPP-0.2500+34,TCGA-S3-AA15-DX1,0
8395,TCGA-S3-AA15-DX1_xmin55486_ymin28926_MPP-0.2500+35:1:1,TCGA-S3-AA15-DX1_xmin55486_ymin28926_MPP-0.2500+35,TCGA-S3-AA15-DX1,0
8396,TCGA-S3-AA15-DX1_xmin55486_ymin28926_MPP-0.2500+36:0:1,TCGA-S3-AA15-DX1_xmin55486_ymin28926_MPP-0.2500+36,TCGA-S3-AA15-DX1,0
8397,TCGA-S3-AA15-DX1_xmin55486_ymin28926_MPP-0.2500+37:0:1,TCGA-S3-AA15-DX1_xmin55486_ymin28926_MPP-0.2500+37,TCGA-S3-AA15-DX1,0
8398,TCGA-S3-AA15-DX1_xmin55486_ymin28926_MPP-0.2500+38:0:1,TCGA-S3-AA15-DX1_xmin55486_ymin28926_MPP-0.2500+38,TCGA-S3-AA15-DX1,0
8402,TCGA-S3-AA15-DX1_xmin55486_ymin28926_MPP-0.2500+4:2:1,TCGA-S3-AA15-DX1_xmin55486_ymin28926_MPP-0.2500+4,TCGA-S3-AA15-DX1,0
8407,TCGA-S3-AA15-DX1_xmin55486_ymin28926_MPP-0.2500+41:1:1,TCGA-S3-AA15-DX1_xmin55486_ymin28926_MPP-0.2500+41,TCGA-S3-AA15-DX1,0
8408,TCGA-S3-AA15-DX1_xmin55486_ymin28926_MPP-0.2500+41:1:2,TCGA-S3-AA15-DX1_xmin55486_ymin28926_MPP-0.2500+41,TCGA-S3-AA15-DX1,0
8413,TCGA-S3-AA15-DX1_xmin55486_ymin28926_MPP-0.2500+42:1:2,TCGA-S3-AA15-DX1_xmin55486_ymin28926_MPP-0.2500+42,TCGA-S3-AA15-DX1,0
8419,TCGA-S3-AA15-DX1_xmin55486_ymin28926_MPP-0.2500+43:1:3,TCGA-S3-AA15-DX1_xmin55486_ymin28926_MPP-0.2500+43,TCGA-S3-AA15-DX1,0
8423,TCGA-S3-AA15-DX1_xmin55486_ymin28926_MPP-0.2500+44:1:1,TCGA-S3-AA15-DX1_xmin55486_ymin28926_MPP-0.2500+44,TCGA-S3-AA15-DX1,0
8424,TCGA-S3-AA15-DX1_xmin55486_ymin28926_MPP-0.2500+44:2:1,TCGA-S3-AA15-DX1_xmin55486_ymin28926_MPP-0.2500+44,TCGA-S3-AA15-DX1,0
8425,TCGA-S3-AA15-DX1_xmin55486_ymin28926_MPP-0.2500+45:0:1,TCGA-S3-AA15-DX1_xmin55486_ymin28926_MPP-0.2500+45,TCGA-S3-AA15-DX1,0
8429,TCGA-S3-AA15-DX1_xmin55486_ymin28926_MPP-0.2500+47:1:1,TCGA-S3-AA15-DX1_xmin55486_ymin28926_MPP-0.2500+47,TCGA-S3-AA15-DX1,0
8434,TCGA-S3-AA15-DX1_xmin55486_ymin28926_MPP-0.2500+5:0:2,TCGA-S3-AA15-DX1_xmin55486_ymin28926_MPP-0.2500+5,TCGA-S3-AA15-DX1,0
8442,TCGA-S3-AA15-DX1_xmin55486_ymin28926_MPP-0.2500+52:1:3,TCGA-S3-AA15-DX1_xmin55486_ymin28926_MPP-0.2500+52,TCGA-S3-AA15-DX1,0
8447,TCGA-S3-AA15-DX1_xmin55486_ymin28926_MPP-0.2500+53:1:1,TCGA-S3-AA15-DX1_xmin55486_ymin28926_MPP-0.2500+53,TCGA-S3-AA15-DX1,0
8449,TCGA-S3-AA15-DX1_xmin55486_ymin28926_MPP-0.2500+53:2:2,TCGA-S3-AA15-DX1_xmin55486_ymin28926_MPP-0.2500+53,TCGA-S3-AA15-DX1,0
8455,TCGA-S3-AA15-DX1_xmin55486_ymin28926_MPP-0.2500+56:0:1,TCGA-S3-AA15-DX1_xmin55486_ymin28926_MPP-0.2500+56,TCGA-S3-AA15-DX1,0
8457,TCGA-S3-AA15-DX1_xmin55486_ymin28926_MPP-0.2500+56:1:1,TCGA-S3-AA15-DX1_xmin55486_ymin28926_MPP-0.2500+56,TCGA-S3-AA15-DX1,0
8458,TCGA-S3-AA15-DX1_xmin55486_ymin28926_MPP-0.2500+56:1:2,TCGA-S3-AA15-DX1_xmin55486_ymin28926_MPP-0.2500+56,TCGA-S3-AA15-DX1,0
8459,TCGA-S3-AA15-DX1_xmin55486_ymin28926_MPP-0.2500+57:0:1,TCGA-S3-AA15-DX1_xmin55486_ymin28926_MPP-0.2500+57,TCGA-S3-AA15-DX1,0
8461,TCGA-S3-AA15-DX1_xmin55486_ymin28926_MPP-0.2500+59:0:1,TCGA-S3-AA15-DX1_xmin55486_ymin28926_MPP-0.2500+59,TCGA-S3-AA15-DX1,0
8462,TCGA-S3-AA15-DX1_xmin55486_ymin28926_MPP-0.2500+6:1:1,TCGA-S3-AA15-DX1_xmin55486_ymin28926_MPP-0.2500+6,TCGA-S3-AA15-DX1,0
8463,TCGA-S3-AA15-DX1_xmin55486_ymin28926_MPP-0.2500+60:0:1,TCGA-S3-AA15-DX1_xmin55486_ymin28926_MPP-0.2500+60,TCGA-S3-AA15-DX1,0
8464,TCGA-S3-AA15-DX1_xmin55486_ymin28926_MPP-0.2500+61:0:1,TCGA-S3-AA15-DX1_xmin55486_ymin28926_MPP-0.2500+61,TCGA-S3-AA15-DX1,0
8470,TCGA-S3-AA15-DX1_xmin55486_ymin28926_MPP-0.2500+61:1:1,TCGA-S3-AA15-DX1_xmin55486_ymin28926_MPP-0.2500+61,TCGA-S3-AA15-DX1,0
8472,TCGA-S3-AA15-DX1_xmin55486_ymin28926_MPP-0.2500+62:1:1,TCGA-S3-AA15-DX1_xmin55486_ymin28926_MPP-0.2500+62,TCGA-S3-AA15-DX1,0
8475,TCGA-S3-AA15-DX1_xmin55486_ymin28926_MPP-0.2500+7:0:1,TCGA-S3-AA15-DX1_xmin55486_ymin28926_MPP-0.2500+7,TCGA-S3-AA15-DX1,0
8476,TCGA-S3-AA15-DX1_xmin55486_ymin28926_MPP-0.2500+7:0:2,TCGA-S3-AA15-DX1_xmin55486_ymin28926_MPP-0.2500+7,TCGA-S3-AA15-DX1,0
8477,TCGA-S3-AA15-DX1_xmin55486_ymin28926_MPP-0.2500+7:1:1,TCGA-S3-AA15-DX1_xmin55486_ymin28926_MPP-0.2500+7,TCGA-S3-AA15-DX1,0
8478,TCGA-S3-AA15-DX1_xmin55486_ymin28926_MPP-0.2500+8:1:1,TCGA-S3-AA15-DX1_xmin55486_ymin28926_MPP-0.2500+8,TCGA-S3-AA15-DX1,0
