C0_hist_0_0,C0_hist_0_1,C0_hist_0_2,C0_hist_0_3,C0_hist_0_4,C0_hist_1_0,C0_hist_1_1,C0_hist_1_2,C0_hist_1_3,C0_hist_1_4,C0_hist_2_0,C0_hist_2_1,C0_hist_2_2,C0_hist_2_3,C0_hist_2_4,C0_hist_3_0,C0_hist_3_1,C0_hist_3_2,C0_hist_3_3,C0_hist_3_4,C0_hist_4_0,C0_hist_4_1,C0_hist_4_2,C0_hist_4_3,C0_hist_4_4,GS_hist_0_0,GS_hist_0_1,GS_hist_0_2,GS_hist_0_3,GS_hist_0_4,GS_hist_1_0,GS_hist_1_1,GS_hist_1_2,GS_hist_1_3,GS_hist_1_4,GS_hist_2_0,GS_hist_2_1,GS_hist_2_2,GS_hist_2_3,GS_hist_2_4,GS_hist_3_0,GS_hist_3_1,GS_hist_3_2,GS_hist_3_3,GS_hist_3_4,GS_hist_4_0,GS_hist_4_1,GS_hist_4_2,GS_hist_4_3,GS_hist_4_4,RCS_hist_0_0,RCS_hist_0_1,RCS_hist_0_2,RCS_hist_0_3,RCS_hist_0_4,RCS_hist_1_0,RCS_hist_1_1,RCS_hist_1_2,RCS_hist_1_3,RCS_hist_1_4,RCS_hist_2_0,RCS_hist_2_1,RCS_hist_2_2,RCS_hist_2_3,RCS_hist_2_4,RCS_hist_3_0,RCS_hist_3_1,RCS_hist_3_2,RCS_hist_3_3,RCS_hist_3_4,RCS_hist_4_0,RCS_hist_4_1,RCS_hist_4_2,RCS_hist_4_3,RCS_hist_4_4,image_id
0,0,0,0,0,0,39372,0,0,0,0,98,0,0,0,0,0,0,0,0,0,0,0,0,10706,0,0,0,0,0,0,39372,0,0,0,0,98,0,0,0,0,0,0,0,0,0,0,0,0,10706,0,0,0,0,0,0,39372,0,0,0,0,98,0,0,0,0,0,0,0,0,0,0,0,0,10706,TCGA-EW-A1PB-DX1_xmin57214_ymin25940_MPP-0.2500+0
0,0,0,0,0,0,11551,0,0,0,0,485,0,0,0,0,0,0,0,0,0,0,0,0,38140,0,0,0,0,0,0,11551,0,0,0,0,485,0,0,0,0,0,0,0,0,0,0,0,0,38140,0,0,0,0,0,0,11551,0,0,0,0,485,0,0,0,0,0,0,0,0,0,0,0,0,38140,TCGA-EW-A1PB-DX1_xmin57214_ymin25940_MPP-0.2500+1
0,0,0,0,0,0,22178,7660,0,0,0,2285,16381,0,0,0,0,0,0,0,0,0,0,0,1672,0,0,0,0,0,0,22342,7496,0,0,0,2374,16292,0,0,0,0,0,0,0,0,0,0,0,1672,0,0,0,0,0,0,22598,7240,0,0,0,2593,16073,0,0,0,0,0,0,0,0,0,0,0,1672,TCGA-EW-A1PB-DX1_xmin57214_ymin25940_MPP-0.2500+10
0,0,0,0,0,0,11013,0,0,0,0,7688,10993,0,0,0,0,0,0,0,0,0,0,0,20482,0,0,0,0,0,0,11013,0,0,0,0,8852,9829,0,0,0,0,0,0,0,0,0,0,0,20482,0,0,0,0,0,0,11013,0,0,0,0,8687,9994,0,0,0,0,0,0,0,0,0,0,0,20482,TCGA-EW-A1PB-DX1_xmin57214_ymin25940_MPP-0.2500+100
0,0,0,0,0,0,18222,195,0,0,0,11878,17612,0,0,0,0,0,0,0,0,0,0,0,2269,0,0,0,0,0,0,18173,244,0,0,0,11602,17888,0,0,0,0,0,0,0,0,0,0,0,2269,0,0,0,0,0,0,18237,180,0,0,0,11583,17907,0,0,0,0,0,0,0,0,0,0,0,2269,TCGA-EW-A1PB-DX1_xmin57214_ymin25940_MPP-0.2500+101
0,0,0,0,0,0,17362,1047,0,0,0,20167,11600,0,0,0,0,0,0,0,0,0,0,0,0,0,0,0,0,0,0,17869,540,0,0,0,20318,11449,0,0,0,0,0,0,0,0,0,0,0,0,0,0,0,0,0,0,17907,502,0,0,0,20409,11358,0,0,0,0,0,0,0,0,0,0,0,0,TCGA-EW-A1PB-DX1_xmin57214_ymin25940_MPP-0.2500+102
0,0,0,0,0,0,28854,0,0,0,0,21322,0,0,0,0,0,0,0,0,0,0,0,0,0,0,0,0,0,0,0,28854,0,0,0,0,21322,0,0,0,0,0,0,0,0,0,0,0,0,0,0,0,0,0,0,0,28854,0,0,0,0,21322,0,0,0,0,0,0,0,0,0,0,0,0,0,TCGA-EW-A1PB-DX1_xmin57214_ymin25940_MPP-0.2500+103
0,0,0,0,0,0,24870,0,0,0,192,25114,0,0,0,0,0,0,0,0,0,0,0,0,0,0,0,0,0,0,0,24870,0,0,0,736,24570,0,0,0,0,0,0,0,0,0,0,0,0,0,0,0,0,0,0,0,24870,0,0,0,480,24826,0,0,0,0,0,0,0,0,0,0,0,0,0,TCGA-EW-A1PB-DX1_xmin57214_ymin25940_MPP-0.2500+104
0,846,0,0,0,64,45991,0,0,0,0,3275,0,0,0,0,0,0,0,0,0,0,0,0,0,0,846,0,0,0,128,45927,0,0,0,0,3275,0,0,0,0,0,0,0,0,0,0,0,0,0,0,846,0,0,0,64,45991,0,0,0,0,3275,0,0,0,0,0,0,0,0,0,0,0,0,0,TCGA-EW-A1PB-DX1_xmin57214_ymin25940_MPP-0.2500+105
0,10090,0,0,0,0,38273,0,0,0,0,1813,0,0,0,0,0,0,0,0,0,0,0,0,0,0,10090,0,0,0,0,38273,0,0,0,0,1813,0,0,0,0,0,0,0,0,0,0,0,0,0,0,10090,0,0,0,0,38273,0,0,0,0,1813,0,0,0,0,0,0,0,0,0,0,0,0,0,TCGA-EW-A1PB-DX1_xmin57214_ymin25940_MPP-0.2500+106
26557,2366,0,0,0,8576,12677,0,0,0,0,0,0,0,0,0,0,0,0,0,0,0,0,0,0,26710,2213,0,0,0,8610,12643,0,0,0,0,0,0,0,0,0,0,0,0,0,0,0,0,0,0,26629,2294,0,0,0,8562,12691,0,0,0,0,0,0,0,0,0,0,0,0,0,0,0,0,0,0,TCGA-EW-A1PB-DX1_xmin57214_ymin25940_MPP-0.2500+107
46283,0,0,0,0,3893,0,0,0,0,0,0,0,0,0,0,0,0,0,0,0,0,0,0,0,46283,0,0,0,0,3893,0,0,0,0,0,0,0,0,0,0,0,0,0,0,0,0,0,0,0,46283,0,0,0,0,3893,0,0,0,0,0,0,0,0,0,0,0,0,0,0,0,0,0,0,0,TCGA-EW-A1PB-DX1_xmin57214_ymin25940_MPP-0.2500+108
26832,8085,0,0,0,4307,8562,0,0,0,0,0,0,0,0,0,0,0,0,0,0,0,0,0,2390,26752,8165,0,0,0,4362,8507,0,0,0,0,0,0,0,0,0,0,0,0,0,0,0,0,0,2390,26661,8256,0,0,0,4298,8571,0,0,0,0,0,0,0,0,0,0,0,0,0,0,0,0,0,2390,TCGA-EW-A1PB-DX1_xmin57214_ymin25940_MPP-0.2500+109
0,0,0,0,0,0,29433,192,0,0,0,3939,15741,0,0,0,0,0,0,0,0,0,0,0,871,0,0,0,0,0,0,29424,201,0,0,0,4044,15636,0,0,0,0,0,0,0,0,0,0,0,871,0,0,0,0,0,0,29412,213,0,0,0,4132,15548,0,0,0,0,0,0,0,0,0,0,0,871,TCGA-EW-A1PB-DX1_xmin57214_ymin25940_MPP-0.2500+11
16843,26110,0,0,0,2553,4670,0,0,0,0,0,0,0,0,0,0,0,0,0,0,0,0,0,0,17140,25813,0,0,0,2557,4666,0,0,0,0,0,0,0,0,0,0,0,0,0,0,0,0,0,0,16529,26424,0,0,0,2472,4751,0,0,0,0,0,0,0,0,0,0,0,0,0,0,0,0,0,0,TCGA-EW-A1PB-DX1_xmin57214_ymin25940_MPP-0.2500+110
0,0,0,0,0,0,4665,1766,0,0,0,16442,27303,0,0,0,0,0,0,0,0,0,0,0,0,0,0,0,0,0,0,4703,1728,0,0,0,16190,27555,0,0,0,0,0,0,0,0,0,0,0,0,0,0,0,0,0,0,4752,1679,0,0,0,16448,27297,0,0,0,0,0,0,0,0,0,0,0,0,TCGA-EW-A1PB-DX1_xmin57214_ymin25940_MPP-0.2500+111
0,0,0,0,0,0,4395,858,0,0,0,8765,36158,0,0,0,0,0,0,0,0,0,0,0,0,0,0,0,0,0,0,4357,896,0,0,0,8762,36161,0,0,0,0,0,0,0,0,0,0,0,0,0,0,0,0,0,0,4324,929,0,0,0,9277,35646,0,0,0,0,0,0,0,0,0,0,0,0,TCGA-EW-A1PB-DX1_xmin57214_ymin25940_MPP-0.2500+112
0,0,0,0,0,0,0,1458,0,0,0,0,48718,0,0,0,0,0,0,0,0,0,0,0,0,0,0,0,0,0,0,0,1458,0,0,0,0,48718,0,0,0,0,0,0,0,0,0,0,0,0,0,0,0,0,0,0,0,1458,0,0,0,0,48718,0,0,0,0,0,0,0,0,0,0,0,0,TCGA-EW-A1PB-DX1_xmin57214_ymin25940_MPP-0.2500+113
0,0,0,0,0,0,0,235,0,0,0,0,49941,0,0,0,0,0,0,0,0,0,0,0,0,0,0,0,0,0,0,0,235,0,0,0,0,49941,0,0,0,0,0,0,0,0,0,0,0,0,0,0,0,0,0,0,0,235,0,0,0,0,49941,0,0,0,0,0,0,0,0,0,0,0,0,TCGA-EW-A1PB-DX1_xmin57214_ymin25940_MPP-0.2500+114
0,0,0,0,0,0,0,0,0,0,16,0,50160,0,0,0,0,0,0,0,0,0,0,0,0,0,0,0,0,0,0,0,0,0,0,0,0,50176,0,0,0,0,0,0,0,0,0,0,0,0,0,0,0,0,0,0,0,0,0,0,0,0,50176,0,0,0,0,0,0,0,0,0,0,0,0,TCGA-EW-A1PB-DX1_xmin57214_ymin25940_MPP-0.2500+115
0,0,0,0,0,0,0,137,0,0,0,0,50039,0,0,0,0,0,0,0,0,0,0,0,0,0,0,0,0,0,0,0,137,0,0,0,0,50039,0,0,0,0,0,0,0,0,0,0,0,0,0,0,0,0,0,0,0,137,0,0,0,0,50039,0,0,0,0,0,0,0,0,0,0,0,0,TCGA-EW-A1PB-DX1_xmin57214_ymin25940_MPP-0.2500+116
0,0,292,0,0,0,7978,5083,0,0,0,16605,20218,0,0,0,0,0,0,0,0,0,0,0,0,0,0,292,0,0,0,8331,4730,0,0,0,17022,19801,0,0,0,0,0,0,0,0,0,0,0,0,0,0,292,0,0,0,8514,4547,0,0,0,17175,19648,0,0,0,0,0,0,0,0,0,0,0,0,TCGA-EW-A1PB-DX1_xmin57214_ymin25940_MPP-0.2500+117
0,0,0,0,0,0,35333,160,0,0,0,8692,5991,0,0,0,0,0,0,0,0,0,0,0,0,0,0,0,0,0,0,35366,127,0,0,0,9576,5107,0,0,0,0,0,0,0,0,0,0,0,0,0,0,0,0,0,0,35367,126,0,0,0,9587,5096,0,0,0,0,0,0,0,0,0,0,0,0,TCGA-EW-A1PB-DX1_xmin57214_ymin25940_MPP-0.2500+118
0,0,0,0,0,0,21439,90,0,0,0,22376,6271,0,0,0,0,0,0,0,0,0,0,0,0,0,0,0,0,0,0,21411,118,0,0,0,22243,6404,0,0,0,0,0,0,0,0,0,0,0,0,0,0,0,0,0,0,21401,128,0,0,0,22144,6503,0,0,0,0,0,0,0,0,0,0,0,0,TCGA-EW-A1PB-DX1_xmin57214_ymin25940_MPP-0.2500+119
0,0,0,0,0,0,15896,8155,0,0,0,3881,22244,0,0,0,0,0,0,0,0,0,0,0,0,0,0,0,0,0,0,16398,7653,0,0,0,4020,22105,0,0,0,0,0,0,0,0,0,0,0,0,0,0,0,0,0,0,16482,7569,0,0,0,4020,22105,0,0,0,0,0,0,0,0,0,0,0,0,TCGA-EW-A1PB-DX1_xmin57214_ymin25940_MPP-0.2500+12
0,400,0,0,0,0,19221,0,0,0,800,29755,0,0,0,0,0,0,0,0,0,0,0,0,0,0,400,0,0,0,98,19123,0,0,0,1150,29405,0,0,0,0,0,0,0,0,0,0,0,0,0,0,400,0,0,0,0,19221,0,0,0,896,29659,0,0,0,0,0,0,0,0,0,0,0,0,0,TCGA-EW-A1PB-DX1_xmin57214_ymin25940_MPP-0.2500+120
2783,0,0,0,0,11299,18420,0,0,0,6858,10816,0,0,0,0,0,0,0,0,0,0,0,0,0,2783,0,0,0,0,11025,18694,0,0,0,6389,11285,0,0,0,0,0,0,0,0,0,0,0,0,0,2783,0,0,0,0,10865,18854,0,0,0,6122,11552,0,0,0,0,0,0,0,0,0,0,0,0,0,TCGA-EW-A1PB-DX1_xmin57214_ymin25940_MPP-0.2500+121
12772,0,0,0,0,19840,0,0,0,0,17564,0,0,0,0,0,0,0,0,0,0,0,0,0,0,12772,0,0,0,0,19840,0,0,0,0,17564,0,0,0,0,0,0,0,0,0,0,0,0,0,0,12772,0,0,0,0,19840,0,0,0,0,17564,0,0,0,0,0,0,0,0,0,0,0,0,0,0,TCGA-EW-A1PB-DX1_xmin57214_ymin25940_MPP-0.2500+122
19472,846,0,0,0,9022,11492,0,0,0,3195,6149,0,0,0,0,0,0,0,0,0,0,0,0,0,19353,965,0,0,0,8948,11566,0,0,0,3137,6207,0,0,0,0,0,0,0,0,0,0,0,0,0,19253,1065,0,0,0,8821,11693,0,0,0,3214,6130,0,0,0,0,0,0,0,0,0,0,0,0,0,TCGA-EW-A1PB-DX1_xmin57214_ymin25940_MPP-0.2500+123
18117,3410,0,0,0,5607,18842,0,0,0,0,0,0,0,0,0,0,0,0,0,0,0,0,0,4200,18055,3472,0,0,0,5490,18959,0,0,0,0,0,0,0,0,0,0,0,0,0,0,0,0,0,4200,17978,3549,0,0,0,5290,19159,0,0,0,0,0,0,0,0,0,0,0,0,0,0,0,0,0,4200,TCGA-EW-A1PB-DX1_xmin57214_ymin25940_MPP-0.2500+124
35299,0,0,0,0,9589,0,0,0,0,0,0,0,0,0,0,0,0,0,0,0,0,0,0,5288,35299,0,0,0,0,9589,0,0,0,0,0,0,0,0,0,0,0,0,0,0,0,0,0,0,5288,35299,0,0,0,0,9589,0,0,0,0,0,0,0,0,0,0,0,0,0,0,0,0,0,0,5288,TCGA-EW-A1PB-DX1_xmin57214_ymin25940_MPP-0.2500+125
0,6746,3882,0,0,0,6446,1924,0,0,0,7452,23726,0,0,0,0,0,0,0,0,0,0,0,0,0,6803,3825,0,0,0,6435,1935,0,0,0,7767,23411,0,0,0,0,0,0,0,0,0,0,0,0,0,6786,3842,0,0,0,6430,1940,0,0,0,7976,23202,0,0,0,0,0,0,0,0,0,0,0,0,TCGA-EW-A1PB-DX1_xmin57214_ymin25940_MPP-0.2500+126
10034,0,10291,0,0,1982,0,5294,0,0,0,0,22575,0,0,0,0,0,0,0,0,0,0,0,0,10260,0,10065,0,0,1980,0,5296,0,0,0,0,22575,0,0,0,0,0,0,0,0,0,0,0,0,9972,0,10353,0,0,1980,0,5296,0,0,0,0,22575,0,0,0,0,0,0,0,0,0,0,0,0,TCGA-EW-A1PB-DX1_xmin57214_ymin25940_MPP-0.2500+127
256,0,12305,0,0,0,0,7831,0,0,0,0,29784,0,0,0,0,0,0,0,0,0,0,0,0,446,0,12115,0,0,2,0,7829,0,0,192,0,29592,0,0,0,0,0,0,0,0,0,0,0,0,256,0,12305,0,0,0,0,7831,0,0,96,0,29688,0,0,0,0,0,0,0,0,0,0,0,0,TCGA-EW-A1PB-DX1_xmin57214_ymin25940_MPP-0.2500+128
0,0,3191,0,0,0,0,2041,0,0,912,0,44032,0,0,0,0,0,0,0,0,0,0,0,0,0,0,3191,0,0,0,0,2041,0,0,1040,0,43904,0,0,0,0,0,0,0,0,0,0,0,0,0,0,3191,0,0,0,0,2041,0,0,1040,0,43904,0,0,0,0,0,0,0,0,0,0,0,0,TCGA-EW-A1PB-DX1_xmin57214_ymin25940_MPP-0.2500+129
0,0,0,0,0,0,12697,979,0,0,0,7128,29372,0,0,0,0,0,0,0,0,0,0,0,0,0,0,0,0,0,0,12705,971,0,0,0,6889,29611,0,0,0,0,0,0,0,0,0,0,0,0,0,0,0,0,0,0,12770,906,0,0,0,6320,30180,0,0,0,0,0,0,0,0,0,0,0,0,TCGA-EW-A1PB-DX1_xmin57214_ymin25940_MPP-0.2500+13
256,0,6204,0,0,0,0,3793,0,0,0,0,39923,0,0,0,0,0,0,0,0,0,0,0,0,256,0,6204,0,0,0,0,3793,0,0,0,0,39923,0,0,0,0,0,0,0,0,0,0,0,0,256,0,6204,0,0,0,0,3793,0,0,0,0,39923,0,0,0,0,0,0,0,0,0,0,0,0,TCGA-EW-A1PB-DX1_xmin57214_ymin25940_MPP-0.2500+130
0,5708,64,0,0,0,2413,880,0,0,0,13402,27709,0,0,0,0,0,0,0,0,0,0,0,0,0,5701,71,0,0,0,2399,894,0,0,0,13141,27970,0,0,0,0,0,0,0,0,0,0,0,0,0,5700,72,0,0,0,2394,899,0,0,0,12942,28169,0,0,0,0,0,0,0,0,0,0,0,0,TCGA-EW-A1PB-DX1_xmin57214_ymin25940_MPP-0.2500+131
0,5146,6007,0,0,0,3059,2923,0,0,0,5742,27299,0,0,0,0,0,0,0,0,0,0,0,0,0,6595,4558,0,0,0,3452,2530,0,0,0,6328,26713,0,0,0,0,0,0,0,0,0,0,0,0,0,7252,3901,0,0,0,3567,2415,0,0,0,6991,26050,0,0,0,0,0,0,0,0,0,0,0,0,TCGA-EW-A1PB-DX1_xmin57214_ymin25940_MPP-0.2500+132
0,0,0,0,0,0,13128,258,0,0,0,28599,8191,0,0,0,0,0,0,0,0,0,0,0,0,0,0,0,0,0,0,13128,258,0,0,0,28831,7959,0,0,0,0,0,0,0,0,0,0,0,0,0,0,0,0,0,0,13137,249,0,0,0,28849,7941,0,0,0,0,0,0,0,0,0,0,0,0,TCGA-EW-A1PB-DX1_xmin57214_ymin25940_MPP-0.2500+133
0,0,0,0,0,0,26487,0,0,0,0,23689,0,0,0,0,0,0,0,0,0,0,0,0,0,0,0,0,0,0,0,26487,0,0,0,0,23689,0,0,0,0,0,0,0,0,0,0,0,0,0,0,0,0,0,0,0,26487,0,0,0,0,23689,0,0,0,0,0,0,0,0,0,0,0,0,0,TCGA-EW-A1PB-DX1_xmin57214_ymin25940_MPP-0.2500+134
0,0,0,0,0,0,22195,0,0,0,768,27213,0,0,0,0,0,0,0,0,0,0,0,0,0,0,0,0,0,0,0,22195,0,0,0,640,27341,0,0,0,0,0,0,0,0,0,0,0,0,0,0,0,0,0,0,0,22195,0,0,0,800,27181,0,0,0,0,0,0,0,0,0,0,0,0,0,TCGA-EW-A1PB-DX1_xmin57214_ymin25940_MPP-0.2500+135
0,0,0,0,0,0,34313,0,0,0,0,15863,0,0,0,0,0,0,0,0,0,0,0,0,0,0,0,0,0,0,0,34313,0,0,0,0,15863,0,0,0,0,0,0,0,0,0,0,0,0,0,0,0,0,0,0,0,34313,0,0,0,0,15863,0,0,0,0,0,0,0,0,0,0,0,0,0,TCGA-EW-A1PB-DX1_xmin57214_ymin25940_MPP-0.2500+136
0,0,0,0,0,0,38728,0,0,0,0,11448,0,0,0,0,0,0,0,0,0,0,0,0,0,0,0,0,0,0,0,38728,0,0,0,0,11448,0,0,0,0,0,0,0,0,0,0,0,0,0,0,0,0,0,0,0,38728,0,0,0,0,11448,0,0,0,0,0,0,0,0,0,0,0,0,0,TCGA-EW-A1PB-DX1_xmin57214_ymin25940_MPP-0.2500+137
0,0,0,0,0,0,15684,0,0,0,160,29707,0,0,0,0,0,0,0,0,0,0,0,0,4625,0,0,0,0,0,33,15651,0,0,0,191,29676,0,0,0,0,0,0,0,0,0,0,0,0,4625,0,0,0,0,0,0,15684,0,0,0,96,29771,0,0,0,0,0,0,0,0,0,0,0,0,4625,TCGA-EW-A1PB-DX1_xmin57214_ymin25940_MPP-0.2500+138
0,9125,0,0,0,0,30190,0,0,0,0,97,0,0,0,0,0,0,0,0,0,0,0,0,10764,0,9125,0,0,0,0,30190,0,0,0,0,97,0,0,0,0,0,0,0,0,0,0,0,0,10764,0,9125,0,0,0,0,30190,0,0,0,0,97,0,0,0,0,0,0,0,0,0,0,0,0,10764,TCGA-EW-A1PB-DX1_xmin57214_ymin25940_MPP-0.2500+139
0,0,0,0,0,0,8443,3171,0,0,0,11072,27490,0,0,0,0,0,0,0,0,0,0,0,0,0,0,0,0,0,0,8505,3109,0,0,0,11069,27493,0,0,0,0,0,0,0,0,0,0,0,0,0,0,0,0,0,0,8660,2954,0,0,0,11177,27385,0,0,0,0,0,0,0,0,0,0,0,0,TCGA-EW-A1PB-DX1_xmin57214_ymin25940_MPP-0.2500+14
12556,14917,0,0,0,4394,14312,0,0,0,0,0,0,0,0,0,0,0,0,0,0,0,0,0,3997,12704,14769,0,0,0,4463,14243,0,0,0,0,0,0,0,0,0,0,0,0,0,0,0,0,0,3997,12631,14842,0,0,0,4295,14411,0,0,0,0,0,0,0,0,0,0,0,0,0,0,0,0,0,3997,TCGA-EW-A1PB-DX1_xmin57214_ymin25940_MPP-0.2500+140
11815,933,3750,0,0,170,23250,8124,0,0,0,1601,533,0,0,0,0,0,0,0,0,0,0,0,0,11600,927,3971,0,0,137,23695,7712,0,0,0,1604,530,0,0,0,0,0,0,0,0,0,0,0,0,11366,1064,4068,0,0,127,23789,7628,0,0,0,1536,598,0,0,0,0,0,0,0,0,0,0,0,0,TCGA-EW-A1PB-DX1_xmin57214_ymin25940_MPP-0.2500+141
31773,0,0,0,0,18163,0,0,0,0,240,0,0,0,0,0,0,0,0,0,0,0,0,0,0,31773,0,0,0,0,18163,0,0,0,0,240,0,0,0,0,0,0,0,0,0,0,0,0,0,0,31773,0,0,0,0,18163,0,0,0,0,240,0,0,0,0,0,0,0,0,0,0,0,0,0,0,TCGA-EW-A1PB-DX1_xmin57214_ymin25940_MPP-0.2500+142
12037,1174,1069,0,0,2543,5422,7093,0,0,56,823,19959,0,0,0,0,0,0,0,0,0,0,0,0,12052,1139,1089,0,0,2459,5904,6695,0,0,58,969,19811,0,0,0,0,0,0,0,0,0,0,0,0,12118,1162,1000,0,0,2427,6591,6040,0,0,55,1356,19427,0,0,0,0,0,0,0,0,0,0,0,0,TCGA-EW-A1PB-DX1_xmin57214_ymin25940_MPP-0.2500+143
0,0,6813,0,0,0,0,13078,0,0,0,0,30285,0,0,0,0,0,0,0,0,0,0,0,0,0,0,6813,0,0,0,0,13078,0,0,0,0,30285,0,0,0,0,0,0,0,0,0,0,0,0,0,0,6813,0,0,0,0,13078,0,0,0,0,30285,0,0,0,0,0,0,0,0,0,0,0,0,TCGA-EW-A1PB-DX1_xmin57214_ymin25940_MPP-0.2500+144
752,0,5320,0,0,701,0,9015,0,0,595,0,33793,0,0,0,0,0,0,0,0,0,0,0,0,625,0,5447,0,0,764,0,8952,0,0,595,0,33793,0,0,0,0,0,0,0,0,0,0,0,0,625,0,5447,0,0,764,0,8952,0,0,531,0,33857,0,0,0,0,0,0,0,0,0,0,0,0,TCGA-EW-A1PB-DX1_xmin57214_ymin25940_MPP-0.2500+145
0,0,1535,0,0,0,0,346,0,0,0,0,48295,0,0,0,0,0,0,0,0,0,0,0,0,0,0,1535,0,0,0,0,346,0,0,0,0,48295,0,0,0,0,0,0,0,0,0,0,0,0,0,0,1535,0,0,0,0,346,0,0,0,0,48295,0,0,0,0,0,0,0,0,0,0,0,0,TCGA-EW-A1PB-DX1_xmin57214_ymin25940_MPP-0.2500+146
400,0,7683,0,0,0,0,9273,0,0,0,0,32820,0,0,0,0,0,0,0,0,0,0,0,0,400,0,7683,0,0,0,0,9273,0,0,0,0,32820,0,0,0,0,0,0,0,0,0,0,0,0,400,0,7683,0,0,0,0,9273,0,0,0,0,32820,0,0,0,0,0,0,0,0,0,0,0,0,TCGA-EW-A1PB-DX1_xmin57214_ymin25940_MPP-0.2500+147
0,0,0,0,0,0,8298,1754,0,0,0,12871,27253,0,0,0,0,0,0,0,0,0,0,0,0,0,0,0,0,0,0,8597,1455,0,0,0,13413,26711,0,0,0,0,0,0,0,0,0,0,0,0,0,0,0,0,0,0,8718,1334,0,0,0,13760,26364,0,0,0,0,0,0,0,0,0,0,0,0,TCGA-EW-A1PB-DX1_xmin57214_ymin25940_MPP-0.2500+148
0,0,0,0,0,0,18553,1727,0,0,0,13428,16468,0,0,0,0,0,0,0,0,0,0,0,0,0,0,0,0,0,0,19182,1098,0,0,0,16496,13400,0,0,0,0,0,0,0,0,0,0,0,0,0,0,0,0,0,0,19406,874,0,0,0,17443,12453,0,0,0,0,0,0,0,0,0,0,0,0,TCGA-EW-A1PB-DX1_xmin57214_ymin25940_MPP-0.2500+149
0,0,0,0,0,0,15478,0,0,0,0,34506,0,0,0,0,0,0,0,0,0,0,0,0,192,0,0,0,0,0,0,15478,0,0,0,0,34506,0,0,0,0,0,0,0,0,0,0,0,0,192,0,0,0,0,0,0,15478,0,0,0,0,34506,0,0,0,0,0,0,0,0,0,0,0,0,192,TCGA-EW-A1PB-DX1_xmin57214_ymin25940_MPP-0.2500+15
0,0,0,0,0,0,28845,1457,0,0,0,16406,3468,0,0,0,0,0,0,0,0,0,0,0,0,0,0,0,0,0,0,28889,1413,0,0,0,16488,3386,0,0,0,0,0,0,0,0,0,0,0,0,0,0,0,0,0,0,28733,1569,0,0,0,16180,3694,0,0,0,0,0,0,0,0,0,0,0,0,TCGA-EW-A1PB-DX1_xmin57214_ymin25940_MPP-0.2500+150
0,0,0,0,0,0,23130,1288,0,0,0,10625,15133,0,0,0,0,0,0,0,0,0,0,0,0,0,0,0,0,0,0,23204,1214,0,0,0,10614,15144,0,0,0,0,0,0,0,0,0,0,0,0,0,0,0,0,0,0,23213,1205,0,0,0,10733,15025,0,0,0,0,0,0,0,0,0,0,0,0,TCGA-EW-A1PB-DX1_xmin57214_ymin25940_MPP-0.2500+151
0,0,0,0,0,0,23384,0,0,0,0,16545,0,0,0,0,0,0,0,0,0,0,0,0,10247,0,0,0,0,0,0,23384,0,0,0,0,16545,0,0,0,0,0,0,0,0,0,0,0,0,10247,0,0,0,0,0,0,23384,0,0,0,0,16545,0,0,0,0,0,0,0,0,0,0,0,0,10247,TCGA-EW-A1PB-DX1_xmin57214_ymin25940_MPP-0.2500+152
0,0,0,0,0,0,28395,0,0,0,0,14650,0,0,0,0,0,0,0,0,0,0,0,0,7131,0,0,0,0,0,0,28395,0,0,0,0,14650,0,0,0,0,0,0,0,0,0,0,0,0,7131,0,0,0,0,0,0,28395,0,0,0,0,14650,0,0,0,0,0,0,0,0,0,0,0,0,7131,TCGA-EW-A1PB-DX1_xmin57214_ymin25940_MPP-0.2500+153
17203,2023,0,0,0,15001,12358,0,0,0,0,0,0,0,0,0,0,0,0,0,0,0,0,0,3591,17323,1903,0,0,0,15307,12052,0,0,0,0,0,0,0,0,0,0,0,0,0,0,0,0,0,3591,17300,1926,0,0,0,15246,12113,0,0,0,0,0,0,0,0,0,0,0,0,0,0,0,0,0,3591,TCGA-EW-A1PB-DX1_xmin57214_ymin25940_MPP-0.2500+154
36651,2673,0,0,0,2793,7790,0,0,0,0,0,0,0,0,0,0,0,0,0,0,0,0,0,269,36760,2564,0,0,0,2783,7800,0,0,0,0,0,0,0,0,0,0,0,0,0,0,0,0,0,269,36651,2673,0,0,0,2717,7866,0,0,0,0,0,0,0,0,0,0,0,0,0,0,0,0,0,269,TCGA-EW-A1PB-DX1_xmin57214_ymin25940_MPP-0.2500+155
0,9594,170,0,0,0,25046,1799,0,0,0,5554,8013,0,0,0,0,0,0,0,0,0,0,0,0,0,9546,218,0,0,0,24842,2003,0,0,0,5974,7593,0,0,0,0,0,0,0,0,0,0,0,0,0,9506,258,0,0,0,24637,2208,0,0,0,5444,8123,0,0,0,0,0,0,0,0,0,0,0,0,TCGA-EW-A1PB-DX1_xmin57214_ymin25940_MPP-0.2500+156
8803,0,91,0,0,4603,0,9935,0,0,25,0,26719,0,0,0,0,0,0,0,0,0,0,0,0,8779,0,115,0,0,4464,0,10074,0,0,0,0,26744,0,0,0,0,0,0,0,0,0,0,0,0,8780,0,114,0,0,4591,0,9947,0,0,261,0,26483,0,0,0,0,0,0,0,0,0,0,0,0,TCGA-EW-A1PB-DX1_xmin57214_ymin25940_MPP-0.2500+157
0,0,0,0,0,0,11460,300,0,0,0,31069,7347,0,0,0,0,0,0,0,0,0,0,0,0,0,0,0,0,0,0,11419,341,0,0,0,30335,8081,0,0,0,0,0,0,0,0,0,0,0,0,0,0,0,0,0,0,11329,431,0,0,0,29335,9081,0,0,0,0,0,0,0,0,0,0,0,0,TCGA-EW-A1PB-DX1_xmin57214_ymin25940_MPP-0.2500+158
0,0,0,0,0,0,15959,1948,0,0,0,10490,21779,0,0,0,0,0,0,0,0,0,0,0,0,0,0,0,0,0,0,16076,1831,0,0,0,11168,21101,0,0,0,0,0,0,0,0,0,0,0,0,0,0,0,0,0,0,16117,1790,0,0,0,11517,20752,0,0,0,0,0,0,0,0,0,0,0,0,TCGA-EW-A1PB-DX1_xmin57214_ymin25940_MPP-0.2500+159
0,0,0,0,0,0,25492,0,0,0,0,22039,0,0,0,0,0,0,0,0,0,0,0,0,2645,0,0,0,0,0,0,25492,0,0,0,0,22039,0,0,0,0,0,0,0,0,0,0,0,0,2645,0,0,0,0,0,0,25492,0,0,0,0,22039,0,0,0,0,0,0,0,0,0,0,0,0,2645,TCGA-EW-A1PB-DX1_xmin57214_ymin25940_MPP-0.2500+16
0,0,0,0,0,0,15126,67,0,0,0,11596,23387,0,0,0,0,0,0,0,0,0,0,0,0,0,0,0,0,0,0,15115,78,0,0,0,12222,22761,0,0,0,0,0,0,0,0,0,0,0,0,0,0,0,0,0,0,15120,73,0,0,0,12219,22764,0,0,0,0,0,0,0,0,0,0,0,0,TCGA-EW-A1PB-DX1_xmin57214_ymin25940_MPP-0.2500+160
0,1289,0,0,0,0,23383,463,0,0,0,7813,17228,0,0,0,0,0,0,0,0,0,0,0,0,0,1289,0,0,0,0,23359,487,0,0,0,7855,17186,0,0,0,0,0,0,0,0,0,0,0,0,0,1289,0,0,0,0,23358,488,0,0,0,7889,17152,0,0,0,0,0,0,0,0,0,0,0,0,TCGA-EW-A1PB-DX1_xmin57214_ymin25940_MPP-0.2500+161
0,9782,0,0,0,0,27187,0,0,0,0,13207,0,0,0,0,0,0,0,0,0,0,0,0,0,0,9782,0,0,0,0,27187,0,0,0,0,13207,0,0,0,0,0,0,0,0,0,0,0,0,0,0,9782,0,0,0,0,27187,0,0,0,0,13207,0,0,0,0,0,0,0,0,0,0,0,0,0,TCGA-EW-A1PB-DX1_xmin57214_ymin25940_MPP-0.2500+162
17296,1358,0,0,0,2823,19713,0,0,0,0,8986,0,0,0,0,0,0,0,0,0,0,0,0,0,17164,1490,0,0,0,2790,19746,0,0,0,0,8986,0,0,0,0,0,0,0,0,0,0,0,0,0,17107,1547,0,0,0,2811,19725,0,0,0,0,8986,0,0,0,0,0,0,0,0,0,0,0,0,0,TCGA-EW-A1PB-DX1_xmin57214_ymin25940_MPP-0.2500+163
0,8028,9726,0,0,0,14265,11513,0,0,0,6055,589,0,0,0,0,0,0,0,0,0,0,0,0,0,8527,9227,0,0,0,14791,10987,0,0,0,6030,614,0,0,0,0,0,0,0,0,0,0,0,0,0,8646,9108,0,0,0,14783,10995,0,0,0,6005,639,0,0,0,0,0,0,0,0,0,0,0,0,TCGA-EW-A1PB-DX1_xmin57214_ymin25940_MPP-0.2500+164
0,2875,0,0,0,0,43200,0,0,0,0,4101,0,0,0,0,0,0,0,0,0,0,0,0,0,0,2875,0,0,0,0,43200,0,0,0,0,4101,0,0,0,0,0,0,0,0,0,0,0,0,0,0,2875,0,0,0,0,43200,0,0,0,0,4101,0,0,0,0,0,0,0,0,0,0,0,0,0,TCGA-EW-A1PB-DX1_xmin57214_ymin25940_MPP-0.2500+165
0,0,0,0,0,0,35826,0,0,0,0,14350,0,0,0,0,0,0,0,0,0,0,0,0,0,0,0,0,0,0,0,35826,0,0,0,0,14350,0,0,0,0,0,0,0,0,0,0,0,0,0,0,0,0,0,0,0,35826,0,0,0,0,14350,0,0,0,0,0,0,0,0,0,0,0,0,0,TCGA-EW-A1PB-DX1_xmin57214_ymin25940_MPP-0.2500+166
0,0,0,0,0,0,43760,0,0,0,0,6416,0,0,0,0,0,0,0,0,0,0,0,0,0,0,0,0,0,0,0,43760,0,0,0,0,6416,0,0,0,0,0,0,0,0,0,0,0,0,0,0,0,0,0,0,0,43760,0,0,0,0,6416,0,0,0,0,0,0,0,0,0,0,0,0,0,TCGA-EW-A1PB-DX1_xmin57214_ymin25940_MPP-0.2500+167
0,0,0,0,0,0,26756,0,0,0,0,22012,0,0,0,0,0,0,0,0,0,0,0,0,1408,0,0,0,0,0,0,26756,0,0,0,0,22012,0,0,0,0,0,0,0,0,0,0,0,0,1408,0,0,0,0,0,0,26756,0,0,0,0,22012,0,0,0,0,0,0,0,0,0,0,0,0,1408,TCGA-EW-A1PB-DX1_xmin57214_ymin25940_MPP-0.2500+168
0,0,0,0,0,1,40326,0,0,0,0,2497,0,0,0,0,0,0,0,0,0,0,0,0,7352,0,0,0,0,0,1,40326,0,0,0,0,2497,0,0,0,0,0,0,0,0,0,0,0,0,7352,0,0,0,0,0,1,40326,0,0,0,0,2497,0,0,0,0,0,0,0,0,0,0,0,0,7352,TCGA-EW-A1PB-DX1_xmin57214_ymin25940_MPP-0.2500+169
0,1,0,0,0,0,31967,0,0,0,0,15804,0,0,0,0,0,0,0,0,0,0,0,0,2404,0,1,0,0,0,0,31967,0,0,0,0,15804,0,0,0,0,0,0,0,0,0,0,0,0,2404,0,1,0,0,0,0,31967,0,0,0,0,15804,0,0,0,0,0,0,0,0,0,0,0,0,2404,TCGA-EW-A1PB-DX1_xmin57214_ymin25940_MPP-0.2500+17
5726,4006,0,0,0,5652,17452,0,0,0,0,0,0,0,0,0,0,0,0,0,0,0,0,0,17340,5725,4007,0,0,0,5628,17476,0,0,0,0,0,0,0,0,0,0,0,0,0,0,0,0,0,17340,5694,4038,0,0,0,5673,17431,0,0,0,0,0,0,0,0,0,0,0,0,0,0,0,0,0,17340,TCGA-EW-A1PB-DX1_xmin57214_ymin25940_MPP-0.2500+170
0,8206,0,0,0,0,38187,0,0,0,0,3783,0,0,0,0,0,0,0,0,0,0,0,0,0,0,8206,0,0,0,0,38187,0,0,0,0,3783,0,0,0,0,0,0,0,0,0,0,0,0,0,0,8206,0,0,0,0,38187,0,0,0,0,3783,0,0,0,0,0,0,0,0,0,0,0,0,0,TCGA-EW-A1PB-DX1_xmin57214_ymin25940_MPP-0.2500+171
0,200,0,0,0,0,39485,0,0,0,0,10491,0,0,0,0,0,0,0,0,0,0,0,0,0,0,200,0,0,0,0,39485,0,0,0,0,10491,0,0,0,0,0,0,0,0,0,0,0,0,0,0,200,0,0,0,0,39485,0,0,0,0,10491,0,0,0,0,0,0,0,0,0,0,0,0,0,TCGA-EW-A1PB-DX1_xmin57214_ymin25940_MPP-0.2500+172
0,0,0,0,0,0,50067,0,0,0,0,109,0,0,0,0,0,0,0,0,0,0,0,0,0,0,0,0,0,0,0,50067,0,0,0,0,109,0,0,0,0,0,0,0,0,0,0,0,0,0,0,0,0,0,0,0,50067,0,0,0,0,109,0,0,0,0,0,0,0,0,0,0,0,0,0,TCGA-EW-A1PB-DX1_xmin57214_ymin25940_MPP-0.2500+173
0,0,0,0,0,0,45856,0,0,0,0,4320,0,0,0,0,0,0,0,0,0,0,0,0,0,0,0,0,0,0,0,45856,0,0,0,0,4320,0,0,0,0,0,0,0,0,0,0,0,0,0,0,0,0,0,0,0,45856,0,0,0,0,4320,0,0,0,0,0,0,0,0,0,0,0,0,0,TCGA-EW-A1PB-DX1_xmin57214_ymin25940_MPP-0.2500+174
0,12241,0,0,0,0,37935,0,0,0,0,0,0,0,0,0,0,0,0,0,0,0,0,0,0,0,12241,0,0,0,0,37935,0,0,0,0,0,0,0,0,0,0,0,0,0,0,0,0,0,0,0,12241,0,0,0,0,37935,0,0,0,0,0,0,0,0,0,0,0,0,0,0,0,0,0,0,TCGA-EW-A1PB-DX1_xmin57214_ymin25940_MPP-0.2500+175
18049,4492,0,0,0,3639,23996,0,0,0,0,0,0,0,0,0,0,0,0,0,0,0,0,0,0,18136,4405,0,0,0,3549,24086,0,0,0,0,0,0,0,0,0,0,0,0,0,0,0,0,0,0,18281,4260,0,0,0,3445,24190,0,0,0,0,0,0,0,0,0,0,0,0,0,0,0,0,0,0,TCGA-EW-A1PB-DX1_xmin57214_ymin25940_MPP-0.2500+176
12834,11615,0,0,0,1317,24410,0,0,0,0,0,0,0,0,0,0,0,0,0,0,0,0,0,0,13017,11432,0,0,0,1324,24403,0,0,0,0,0,0,0,0,0,0,0,0,0,0,0,0,0,0,13370,11079,0,0,0,1367,24360,0,0,0,0,0,0,0,0,0,0,0,0,0,0,0,0,0,0,TCGA-EW-A1PB-DX1_xmin57214_ymin25940_MPP-0.2500+177
15279,14334,0,0,0,2332,18231,0,0,0,0,0,0,0,0,0,0,0,0,0,0,0,0,0,0,14760,14853,0,0,0,2462,18101,0,0,0,0,0,0,0,0,0,0,0,0,0,0,0,0,0,0,14594,15019,0,0,0,2501,18062,0,0,0,0,0,0,0,0,0,0,0,0,0,0,0,0,0,0,TCGA-EW-A1PB-DX1_xmin57214_ymin25940_MPP-0.2500+178
17963,5103,0,0,0,6427,20683,0,0,0,0,0,0,0,0,0,0,0,0,0,0,0,0,0,0,18053,5013,0,0,0,6185,20925,0,0,0,0,0,0,0,0,0,0,0,0,0,0,0,0,0,0,18074,4992,0,0,0,6315,20795,0,0,0,0,0,0,0,0,0,0,0,0,0,0,0,0,0,0,TCGA-EW-A1PB-DX1_xmin57214_ymin25940_MPP-0.2500+179
21336,20995,0,0,0,2025,5820,0,0,0,0,0,0,0,0,0,0,0,0,0,0,0,0,0,0,21483,20848,0,0,0,2071,5774,0,0,0,0,0,0,0,0,0,0,0,0,0,0,0,0,0,0,21359,20972,0,0,0,2033,5812,0,0,0,0,0,0,0,0,0,0,0,0,0,0,0,0,0,0,TCGA-EW-A1PB-DX1_xmin57214_ymin25940_MPP-0.2500+18
12942,5853,0,0,0,13260,15527,0,0,0,792,1802,0,0,0,0,0,0,0,0,0,0,0,0,0,13204,5591,0,0,0,13306,15481,0,0,0,814,1780,0,0,0,0,0,0,0,0,0,0,0,0,0,13200,5595,0,0,0,13210,15577,0,0,0,821,1773,0,0,0,0,0,0,0,0,0,0,0,0,0,TCGA-EW-A1PB-DX1_xmin57214_ymin25940_MPP-0.2500+180
0,5479,0,0,0,0,42672,0,0,0,0,2025,0,0,0,0,0,0,0,0,0,0,0,0,0,0,5479,0,0,0,0,42672,0,0,0,0,2025,0,0,0,0,0,0,0,0,0,0,0,0,0,0,5479,0,0,0,0,42672,0,0,0,0,2025,0,0,0,0,0,0,0,0,0,0,0,0,0,TCGA-EW-A1PB-DX1_xmin57214_ymin25940_MPP-0.2500+181
0,0,0,0,0,0,47687,0,0,0,0,2489,0,0,0,0,0,0,0,0,0,0,0,0,0,0,0,0,0,0,0,47687,0,0,0,0,2489,0,0,0,0,0,0,0,0,0,0,0,0,0,0,0,0,0,0,0,47687,0,0,0,0,2489,0,0,0,0,0,0,0,0,0,0,0,0,0,TCGA-EW-A1PB-DX1_xmin57214_ymin25940_MPP-0.2500+182
0,0,0,0,0,0,31182,0,0,0,0,18994,0,0,0,0,0,0,0,0,0,0,0,0,0,0,0,0,0,0,0,31182,0,0,0,0,18994,0,0,0,0,0,0,0,0,0,0,0,0,0,0,0,0,0,0,0,31182,0,0,0,0,18994,0,0,0,0,0,0,0,0,0,0,0,0,0,TCGA-EW-A1PB-DX1_xmin57214_ymin25940_MPP-0.2500+183
0,0,0,0,0,0,33818,0,0,0,0,16022,0,0,0,0,0,0,0,0,0,0,0,0,336,0,0,0,0,0,0,33818,0,0,0,0,16022,0,0,0,0,0,0,0,0,0,0,0,0,336,0,0,0,0,0,0,33818,0,0,0,0,16022,0,0,0,0,0,0,0,0,0,0,0,0,336,TCGA-EW-A1PB-DX1_xmin57214_ymin25940_MPP-0.2500+184
42747,0,0,0,0,7429,0,0,0,0,0,0,0,0,0,0,0,0,0,0,0,0,0,0,0,42747,0,0,0,0,7429,0,0,0,0,0,0,0,0,0,0,0,0,0,0,0,0,0,0,0,42747,0,0,0,0,7429,0,0,0,0,0,0,0,0,0,0,0,0,0,0,0,0,0,0,0,TCGA-EW-A1PB-DX1_xmin57214_ymin25940_MPP-0.2500+19
0,0,0,0,0,0,42697,1251,0,0,0,1263,2657,0,0,0,0,0,0,0,0,0,0,0,2308,0,0,0,0,0,0,42571,1377,0,0,0,1359,2561,0,0,0,0,0,0,0,0,0,0,0,2308,0,0,0,0,0,0,42183,1765,0,0,0,1298,2622,0,0,0,0,0,0,0,0,0,0,0,2308,TCGA-EW-A1PB-DX1_xmin57214_ymin25940_MPP-0.2500+2
47168,0,0,0,0,3008,0,0,0,0,0,0,0,0,0,0,0,0,0,0,0,0,0,0,0,47168,0,0,0,0,3008,0,0,0,0,0,0,0,0,0,0,0,0,0,0,0,0,0,0,0,47168,0,0,0,0,3008,0,0,0,0,0,0,0,0,0,0,0,0,0,0,0,0,0,0,0,TCGA-EW-A1PB-DX1_xmin57214_ymin25940_MPP-0.2500+20
47614,0,0,0,0,2562,0,0,0,0,0,0,0,0,0,0,0,0,0,0,0,0,0,0,0,47614,0,0,0,0,2562,0,0,0,0,0,0,0,0,0,0,0,0,0,0,0,0,0,0,0,47614,0,0,0,0,2562,0,0,0,0,0,0,0,0,0,0,0,0,0,0,0,0,0,0,0,TCGA-EW-A1PB-DX1_xmin57214_ymin25940_MPP-0.2500+21
47615,0,0,0,0,2561,0,0,0,0,0,0,0,0,0,0,0,0,0,0,0,0,0,0,0,47615,0,0,0,0,2561,0,0,0,0,0,0,0,0,0,0,0,0,0,0,0,0,0,0,0,47615,0,0,0,0,2561,0,0,0,0,0,0,0,0,0,0,0,0,0,0,0,0,0,0,0,TCGA-EW-A1PB-DX1_xmin57214_ymin25940_MPP-0.2500+22
0,0,0,0,0,0,35058,0,0,0,0,5423,0,0,0,0,0,0,0,0,0,0,0,0,9695,0,0,0,0,0,0,35058,0,0,0,0,5423,0,0,0,0,0,0,0,0,0,0,0,0,9695,0,0,0,0,0,0,35058,0,0,0,0,5423,0,0,0,0,0,0,0,0,0,0,0,0,9695,TCGA-EW-A1PB-DX1_xmin57214_ymin25940_MPP-0.2500+23
0,0,0,0,0,0,14263,0,0,0,0,27848,0,0,0,0,0,0,0,0,0,0,0,0,8065,0,0,0,0,0,0,14263,0,0,0,16,27832,0,0,0,0,0,0,0,0,0,0,0,0,8065,0,0,0,0,0,0,14263,0,0,0,0,27848,0,0,0,0,0,0,0,0,0,0,0,0,8065,TCGA-EW-A1PB-DX1_xmin57214_ymin25940_MPP-0.2500+24
0,0,0,0,0,0,15978,1581,0,0,0,14457,14860,0,0,0,0,0,0,0,0,0,0,0,3300,0,0,0,0,0,0,16111,1448,0,0,0,14765,14552,0,0,0,0,0,0,0,0,0,0,0,3300,0,0,0,0,0,0,16122,1437,0,0,0,14659,14658,0,0,0,0,0,0,0,0,0,0,0,3300,TCGA-EW-A1PB-DX1_xmin57214_ymin25940_MPP-0.2500+25
0,0,0,0,0,0,7019,838,0,0,0,16366,25953,0,0,0,0,0,0,0,0,0,0,0,0,0,0,0,0,0,0,7003,854,0,0,0,16321,25998,0,0,0,0,0,0,0,0,0,0,0,0,0,0,0,0,0,0,6970,887,0,0,0,16196,26123,0,0,0,0,0,0,0,0,0,0,0,0,TCGA-EW-A1PB-DX1_xmin57214_ymin25940_MPP-0.2500+26
0,0,0,0,0,0,3848,0,0,0,0,4824,41504,0,0,0,0,0,0,0,0,0,0,0,0,0,0,0,0,0,0,3848,0,0,0,0,4890,41438,0,0,0,0,0,0,0,0,0,0,0,0,0,0,0,0,0,0,3848,0,0,0,0,5382,40946,0,0,0,0,0,0,0,0,0,0,0,0,TCGA-EW-A1PB-DX1_xmin57214_ymin25940_MPP-0.2500+27
0,0,0,0,0,0,6636,542,0,0,0,6756,36242,0,0,0,0,0,0,0,0,0,0,0,0,0,0,0,0,0,0,6665,513,0,0,0,7328,35670,0,0,0,0,0,0,0,0,0,0,0,0,0,0,0,0,0,0,6673,505,0,0,0,7875,35123,0,0,0,0,0,0,0,0,0,0,0,0,TCGA-EW-A1PB-DX1_xmin57214_ymin25940_MPP-0.2500+28
0,0,0,0,0,0,24282,0,0,0,0,25894,0,0,0,0,0,0,0,0,0,0,0,0,0,0,0,0,0,0,0,24282,0,0,0,0,25894,0,0,0,0,0,0,0,0,0,0,0,0,0,0,0,0,0,0,0,24282,0,0,0,0,25894,0,0,0,0,0,0,0,0,0,0,0,0,0,TCGA-EW-A1PB-DX1_xmin57214_ymin25940_MPP-0.2500+29
0,0,0,0,0,0,46021,0,0,0,0,4155,0,0,0,0,0,0,0,0,0,0,0,0,0,0,0,0,0,0,0,46021,0,0,0,0,4155,0,0,0,0,0,0,0,0,0,0,0,0,0,0,0,0,0,0,0,46021,0,0,0,0,4155,0,0,0,0,0,0,0,0,0,0,0,0,0,TCGA-EW-A1PB-DX1_xmin57214_ymin25940_MPP-0.2500+3
0,0,0,0,0,0,16620,0,0,0,0,31930,0,0,0,0,0,0,0,0,0,0,0,0,1626,0,0,0,0,0,0,16620,0,0,0,0,31930,0,0,0,0,0,0,0,0,0,0,0,0,1626,0,0,0,0,0,0,16620,0,0,0,0,31930,0,0,0,0,0,0,0,0,0,0,0,0,1626,TCGA-EW-A1PB-DX1_xmin57214_ymin25940_MPP-0.2500+30
0,3125,0,0,0,0,20794,0,0,0,0,24346,0,0,0,0,0,0,0,0,0,0,0,0,1911,0,3125,0,0,0,0,20794,0,0,0,0,24346,0,0,0,0,0,0,0,0,0,0,0,0,1911,0,3125,0,0,0,0,20794,0,0,0,0,24346,0,0,0,0,0,0,0,0,0,0,0,0,1911,TCGA-EW-A1PB-DX1_xmin57214_ymin25940_MPP-0.2500+31
19174,25392,0,0,0,1747,3863,0,0,0,0,0,0,0,0,0,0,0,0,0,0,0,0,0,0,19631,24935,0,0,0,1751,3859,0,0,0,0,0,0,0,0,0,0,0,0,0,0,0,0,0,0,19881,24685,0,0,0,1745,3865,0,0,0,0,0,0,0,0,0,0,0,0,0,0,0,0,0,0,TCGA-EW-A1PB-DX1_xmin57214_ymin25940_MPP-0.2500+32
45087,0,0,0,0,5089,0,0,0,0,0,0,0,0,0,0,0,0,0,0,0,0,0,0,0,45087,0,0,0,0,5089,0,0,0,0,0,0,0,0,0,0,0,0,0,0,0,0,0,0,0,45087,0,0,0,0,5089,0,0,0,0,0,0,0,0,0,0,0,0,0,0,0,0,0,0,0,TCGA-EW-A1PB-DX1_xmin57214_ymin25940_MPP-0.2500+33
42451,0,0,0,0,7725,0,0,0,0,0,0,0,0,0,0,0,0,0,0,0,0,0,0,0,42451,0,0,0,0,7725,0,0,0,0,0,0,0,0,0,0,0,0,0,0,0,0,0,0,0,42451,0,0,0,0,7725,0,0,0,0,0,0,0,0,0,0,0,0,0,0,0,0,0,0,0,TCGA-EW-A1PB-DX1_xmin57214_ymin25940_MPP-0.2500+34
44045,0,0,0,0,6131,0,0,0,0,0,0,0,0,0,0,0,0,0,0,0,0,0,0,0,44045,0,0,0,0,6131,0,0,0,0,0,0,0,0,0,0,0,0,0,0,0,0,0,0,0,44045,0,0,0,0,6131,0,0,0,0,0,0,0,0,0,0,0,0,0,0,0,0,0,0,0,TCGA-EW-A1PB-DX1_xmin57214_ymin25940_MPP-0.2500+35
31601,17267,0,0,0,521,787,0,0,0,0,0,0,0,0,0,0,0,0,0,0,0,0,0,0,31855,17013,0,0,0,490,818,0,0,0,0,0,0,0,0,0,0,0,0,0,0,0,0,0,0,31504,17364,0,0,0,478,830,0,0,0,0,0,0,0,0,0,0,0,0,0,0,0,0,0,0,TCGA-EW-A1PB-DX1_xmin57214_ymin25940_MPP-0.2500+36
0,0,0,0,0,0,29428,0,0,0,0,9685,0,0,0,0,0,0,0,0,0,0,0,0,11063,0,0,0,0,0,0,29428,0,0,0,0,9685,0,0,0,0,0,0,0,0,0,0,0,0,11063,0,0,0,0,0,0,29428,0,0,0,0,9685,0,0,0,0,0,0,0,0,0,0,0,0,11063,TCGA-EW-A1PB-DX1_xmin57214_ymin25940_MPP-0.2500+37
0,0,0,0,0,0,4239,0,0,0,0,13361,31081,0,0,0,0,0,0,0,0,0,0,0,1495,0,0,0,0,0,0,4239,0,0,0,0,13628,30814,0,0,0,0,0,0,0,0,0,0,0,1495,0,0,0,0,0,0,4239,0,0,0,0,13622,30820,0,0,0,0,0,0,0,0,0,0,0,1495,TCGA-EW-A1PB-DX1_xmin57214_ymin25940_MPP-0.2500+38
0,0,0,0,0,0,0,0,0,0,0,0,50176,0,0,0,0,0,0,0,0,0,0,0,0,0,0,0,0,0,0,0,0,0,0,0,0,50176,0,0,0,0,0,0,0,0,0,0,0,0,0,0,0,0,0,0,0,0,0,0,0,0,50176,0,0,0,0,0,0,0,0,0,0,0,0,TCGA-EW-A1PB-DX1_xmin57214_ymin25940_MPP-0.2500+39
0,0,0,0,0,0,46022,0,0,0,0,4154,0,0,0,0,0,0,0,0,0,0,0,0,0,0,0,0,0,0,0,46022,0,0,0,0,4154,0,0,0,0,0,0,0,0,0,0,0,0,0,0,0,0,0,0,0,46022,0,0,0,0,4154,0,0,0,0,0,0,0,0,0,0,0,0,0,TCGA-EW-A1PB-DX1_xmin57214_ymin25940_MPP-0.2500+4
0,0,0,0,0,0,0,0,0,0,0,0,50176,0,0,0,0,0,0,0,0,0,0,0,0,0,0,0,0,0,0,0,0,0,0,0,0,50176,0,0,0,0,0,0,0,0,0,0,0,0,0,0,0,0,0,0,0,0,0,0,0,0,50176,0,0,0,0,0,0,0,0,0,0,0,0,TCGA-EW-A1PB-DX1_xmin57214_ymin25940_MPP-0.2500+40
0,0,0,0,0,0,0,0,0,0,0,0,50176,0,0,0,0,0,0,0,0,0,0,0,0,0,0,0,0,0,0,0,0,0,0,0,0,50176,0,0,0,0,0,0,0,0,0,0,0,0,0,0,0,0,0,0,0,0,0,0,0,0,50176,0,0,0,0,0,0,0,0,0,0,0,0,TCGA-EW-A1PB-DX1_xmin57214_ymin25940_MPP-0.2500+41
0,0,0,0,0,0,10956,1764,0,0,0,10396,27060,0,0,0,0,0,0,0,0,0,0,0,0,0,0,0,0,0,0,11042,1678,0,0,0,10510,26946,0,0,0,0,0,0,0,0,0,0,0,0,0,0,0,0,0,0,11100,1620,0,0,0,10705,26751,0,0,0,0,0,0,0,0,0,0,0,0,TCGA-EW-A1PB-DX1_xmin57214_ymin25940_MPP-0.2500+42
0,0,0,0,0,0,12261,0,0,0,0,37878,0,0,0,0,0,0,0,0,0,0,0,0,37,0,0,0,0,0,0,12261,0,0,0,0,37878,0,0,0,0,0,0,0,0,0,0,0,0,37,0,0,0,0,0,0,12261,0,0,0,0,37878,0,0,0,0,0,0,0,0,0,0,0,0,37,TCGA-EW-A1PB-DX1_xmin57214_ymin25940_MPP-0.2500+43
0,0,0,0,0,0,37697,0,0,0,0,6626,0,0,0,0,0,0,0,0,0,0,0,0,5853,0,0,0,0,0,0,37697,0,0,0,0,6626,0,0,0,0,0,0,0,0,0,0,0,0,5853,0,0,0,0,0,0,37697,0,0,0,0,6626,0,0,0,0,0,0,0,0,0,0,0,0,5853,TCGA-EW-A1PB-DX1_xmin57214_ymin25940_MPP-0.2500+44
0,6759,0,0,0,0,34494,0,0,0,0,6831,0,0,0,0,0,0,0,0,0,0,0,0,2092,0,6759,0,0,0,0,34494,0,0,0,0,6831,0,0,0,0,0,0,0,0,0,0,0,0,2092,0,6759,0,0,0,0,34494,0,0,0,0,6831,0,0,0,0,0,0,0,0,0,0,0,0,2092,TCGA-EW-A1PB-DX1_xmin57214_ymin25940_MPP-0.2500+45
42619,0,0,0,0,7557,0,0,0,0,0,0,0,0,0,0,0,0,0,0,0,0,0,0,0,42619,0,0,0,0,7557,0,0,0,0,0,0,0,0,0,0,0,0,0,0,0,0,0,0,0,42619,0,0,0,0,7557,0,0,0,0,0,0,0,0,0,0,0,0,0,0,0,0,0,0,0,TCGA-EW-A1PB-DX1_xmin57214_ymin25940_MPP-0.2500+46
46161,0,0,0,0,4015,0,0,0,0,0,0,0,0,0,0,0,0,0,0,0,0,0,0,0,46161,0,0,0,0,4015,0,0,0,0,0,0,0,0,0,0,0,0,0,0,0,0,0,0,0,46161,0,0,0,0,4015,0,0,0,0,0,0,0,0,0,0,0,0,0,0,0,0,0,0,0,TCGA-EW-A1PB-DX1_xmin57214_ymin25940_MPP-0.2500+47
47410,0,0,0,0,2766,0,0,0,0,0,0,0,0,0,0,0,0,0,0,0,0,0,0,0,47410,0,0,0,0,2766,0,0,0,0,0,0,0,0,0,0,0,0,0,0,0,0,0,0,0,47410,0,0,0,0,2766,0,0,0,0,0,0,0,0,0,0,0,0,0,0,0,0,0,0,0,TCGA-EW-A1PB-DX1_xmin57214_ymin25940_MPP-0.2500+48
46553,0,0,0,0,3623,0,0,0,0,0,0,0,0,0,0,0,0,0,0,0,0,0,0,0,46553,0,0,0,0,3623,0,0,0,0,0,0,0,0,0,0,0,0,0,0,0,0,0,0,0,46553,0,0,0,0,3623,0,0,0,0,0,0,0,0,0,0,0,0,0,0,0,0,0,0,0,TCGA-EW-A1PB-DX1_xmin57214_ymin25940_MPP-0.2500+49
0,0,0,0,0,0,40193,0,0,0,0,9983,0,0,0,0,0,0,0,0,0,0,0,0,0,0,0,0,0,0,0,40193,0,0,0,0,9983,0,0,0,0,0,0,0,0,0,0,0,0,0,0,0,0,0,0,0,40193,0,0,0,0,9983,0,0,0,0,0,0,0,0,0,0,0,0,0,TCGA-EW-A1PB-DX1_xmin57214_ymin25940_MPP-0.2500+5
48009,0,0,0,0,2167,0,0,0,0,0,0,0,0,0,0,0,0,0,0,0,0,0,0,0,48009,0,0,0,0,2167,0,0,0,0,0,0,0,0,0,0,0,0,0,0,0,0,0,0,0,48009,0,0,0,0,2167,0,0,0,0,0,0,0,0,0,0,0,0,0,0,0,0,0,0,0,TCGA-EW-A1PB-DX1_xmin57214_ymin25940_MPP-0.2500+50
0,0,0,0,0,0,17646,627,0,0,0,1048,6007,0,0,0,0,0,0,0,0,0,0,0,24848,0,0,0,0,0,0,17623,650,0,0,0,992,6063,0,0,0,0,0,0,0,0,0,0,0,24848,0,0,0,0,0,0,17571,702,0,0,0,881,6174,0,0,0,0,0,0,0,0,0,0,0,24848,TCGA-EW-A1PB-DX1_xmin57214_ymin25940_MPP-0.2500+51
0,0,0,0,0,0,14107,1854,0,0,0,11238,13060,0,0,0,0,0,0,0,0,0,0,0,9917,0,0,0,0,0,0,14215,1746,0,0,0,11753,12545,0,0,0,0,0,0,0,0,0,0,0,9917,0,0,0,0,0,0,14268,1693,0,0,0,11580,12718,0,0,0,0,0,0,0,0,0,0,0,9917,TCGA-EW-A1PB-DX1_xmin57214_ymin25940_MPP-0.2500+52
0,0,0,0,0,0,5583,1017,0,0,0,1388,42188,0,0,0,0,0,0,0,0,0,0,0,0,0,0,0,0,0,0,5634,966,0,0,0,1397,42179,0,0,0,0,0,0,0,0,0,0,0,0,0,0,0,0,0,0,5734,866,0,0,0,1589,41987,0,0,0,0,0,0,0,0,0,0,0,0,TCGA-EW-A1PB-DX1_xmin57214_ymin25940_MPP-0.2500+53
0,0,0,0,0,0,0,1123,0,0,0,0,49053,0,0,0,0,0,0,0,0,0,0,0,0,0,0,0,0,0,0,0,1123,0,0,0,0,49053,0,0,0,0,0,0,0,0,0,0,0,0,0,0,0,0,0,0,0,1123,0,0,0,0,49053,0,0,0,0,0,0,0,0,0,0,0,0,TCGA-EW-A1PB-DX1_xmin57214_ymin25940_MPP-0.2500+54
0,0,0,0,0,0,0,0,0,0,0,0,50176,0,0,0,0,0,0,0,0,0,0,0,0,0,0,0,0,0,0,0,0,0,0,0,0,50176,0,0,0,0,0,0,0,0,0,0,0,0,0,0,0,0,0,0,0,0,0,0,0,0,50176,0,0,0,0,0,0,0,0,0,0,0,0,TCGA-EW-A1PB-DX1_xmin57214_ymin25940_MPP-0.2500+55
0,0,0,0,0,0,0,0,0,0,0,0,50176,0,0,0,0,0,0,0,0,0,0,0,0,0,0,0,0,0,0,0,0,0,0,0,0,50176,0,0,0,0,0,0,0,0,0,0,0,0,0,0,0,0,0,0,0,0,0,0,0,0,50176,0,0,0,0,0,0,0,0,0,0,0,0,TCGA-EW-A1PB-DX1_xmin57214_ymin25940_MPP-0.2500+56
0,0,0,0,0,0,7643,337,0,0,0,9627,32569,0,0,0,0,0,0,0,0,0,0,0,0,0,0,0,0,0,0,7606,374,0,0,0,9451,32745,0,0,0,0,0,0,0,0,0,0,0,0,0,0,0,0,0,0,7616,364,0,0,0,9093,33103,0,0,0,0,0,0,0,0,0,0,0,0,TCGA-EW-A1PB-DX1_xmin57214_ymin25940_MPP-0.2500+57
0,0,0,0,0,0,11348,85,0,0,0,14390,20493,0,0,0,0,0,0,0,0,0,0,0,3860,0,0,0,0,0,0,11332,101,0,0,0,15490,19393,0,0,0,0,0,0,0,0,0,0,0,3860,0,0,0,0,0,0,11335,98,0,0,0,15040,19843,0,0,0,0,0,0,0,0,0,0,0,3860,TCGA-EW-A1PB-DX1_xmin57214_ymin25940_MPP-0.2500+58
0,0,0,0,0,0,35383,4904,0,0,0,1332,1943,0,0,0,0,0,0,0,0,0,0,0,6614,0,0,0,0,0,0,35987,4300,0,0,0,1361,1914,0,0,0,0,0,0,0,0,0,0,0,6614,0,0,0,0,0,0,35962,4325,0,0,0,1324,1951,0,0,0,0,0,0,0,0,0,0,0,6614,TCGA-EW-A1PB-DX1_xmin57214_ymin25940_MPP-0.2500+59
0,0,0,0,0,0,38581,0,0,0,0,11595,0,0,0,0,0,0,0,0,0,0,0,0,0,0,0,0,0,0,0,38581,0,0,0,0,11595,0,0,0,0,0,0,0,0,0,0,0,0,0,0,0,0,0,0,0,38581,0,0,0,0,11595,0,0,0,0,0,0,0,0,0,0,0,0,0,TCGA-EW-A1PB-DX1_xmin57214_ymin25940_MPP-0.2500+6
9996,4963,0,0,0,5038,30179,0,0,0,0,0,0,0,0,0,0,0,0,0,0,0,0,0,0,10061,4898,0,0,0,5103,30114,0,0,0,0,0,0,0,0,0,0,0,0,0,0,0,0,0,0,9936,5023,0,0,0,5218,29999,0,0,0,0,0,0,0,0,0,0,0,0,0,0,0,0,0,0,TCGA-EW-A1PB-DX1_xmin57214_ymin25940_MPP-0.2500+60
37528,7270,0,0,0,4840,538,0,0,0,0,0,0,0,0,0,0,0,0,0,0,0,0,0,0,37369,7429,0,0,0,4659,719,0,0,0,0,0,0,0,0,0,0,0,0,0,0,0,0,0,0,36947,7851,0,0,0,4474,904,0,0,0,0,0,0,0,0,0,0,0,0,0,0,0,0,0,0,TCGA-EW-A1PB-DX1_xmin57214_ymin25940_MPP-0.2500+61
45629,0,0,0,0,4547,0,0,0,0,0,0,0,0,0,0,0,0,0,0,0,0,0,0,0,45629,0,0,0,0,4547,0,0,0,0,0,0,0,0,0,0,0,0,0,0,0,0,0,0,0,45629,0,0,0,0,4547,0,0,0,0,0,0,0,0,0,0,0,0,0,0,0,0,0,0,0,TCGA-EW-A1PB-DX1_xmin57214_ymin25940_MPP-0.2500+62
47375,0,0,0,0,2801,0,0,0,0,0,0,0,0,0,0,0,0,0,0,0,0,0,0,0,47375,0,0,0,0,2801,0,0,0,0,0,0,0,0,0,0,0,0,0,0,0,0,0,0,0,47375,0,0,0,0,2801,0,0,0,0,0,0,0,0,0,0,0,0,0,0,0,0,0,0,0,TCGA-EW-A1PB-DX1_xmin57214_ymin25940_MPP-0.2500+63
41272,0,0,0,0,8904,0,0,0,0,0,0,0,0,0,0,0,0,0,0,0,0,0,0,0,41272,0,0,0,0,8904,0,0,0,0,0,0,0,0,0,0,0,0,0,0,0,0,0,0,0,41272,0,0,0,0,8904,0,0,0,0,0,0,0,0,0,0,0,0,0,0,0,0,0,0,0,TCGA-EW-A1PB-DX1_xmin57214_ymin25940_MPP-0.2500+64
30552,0,0,0,0,19624,0,0,0,0,0,0,0,0,0,0,0,0,0,0,0,0,0,0,0,30552,0,0,0,0,19624,0,0,0,0,0,0,0,0,0,0,0,0,0,0,0,0,0,0,0,30552,0,0,0,0,19624,0,0,0,0,0,0,0,0,0,0,0,0,0,0,0,0,0,0,0,TCGA-EW-A1PB-DX1_xmin57214_ymin25940_MPP-0.2500+65
0,0,0,0,0,0,26814,367,0,0,0,6434,9099,0,0,0,0,0,0,0,0,0,0,0,7462,0,0,0,0,0,0,26858,323,0,0,0,6822,8711,0,0,0,0,0,0,0,0,0,0,0,7462,0,0,0,0,0,0,26896,285,0,0,0,6891,8642,0,0,0,0,0,0,0,0,0,0,0,7462,TCGA-EW-A1PB-DX1_xmin57214_ymin25940_MPP-0.2500+66
0,0,0,0,0,0,1316,9,0,0,0,10127,38039,0,0,0,0,0,0,0,0,0,0,0,685,0,0,0,0,0,0,1318,7,0,0,0,11181,36985,0,0,0,0,0,0,0,0,0,0,0,685,0,0,0,0,0,0,1321,4,0,0,0,11127,37039,0,0,0,0,0,0,0,0,0,0,0,685,TCGA-EW-A1PB-DX1_xmin57214_ymin25940_MPP-0.2500+67
0,0,0,0,0,0,0,104,0,0,0,0,50072,0,0,0,0,0,0,0,0,0,0,0,0,0,0,0,0,0,0,0,104,0,0,0,0,50072,0,0,0,0,0,0,0,0,0,0,0,0,0,0,0,0,0,0,0,104,0,0,0,0,50072,0,0,0,0,0,0,0,0,0,0,0,0,TCGA-EW-A1PB-DX1_xmin57214_ymin25940_MPP-0.2500+68
0,0,0,0,0,0,0,7411,0,0,16,0,42749,0,0,0,0,0,0,0,0,0,0,0,0,0,0,0,0,0,0,0,7411,0,0,16,0,42749,0,0,0,0,0,0,0,0,0,0,0,0,0,0,0,0,0,0,0,7411,0,0,0,0,42765,0,0,0,0,0,0,0,0,0,0,0,0,TCGA-EW-A1PB-DX1_xmin57214_ymin25940_MPP-0.2500+69
0,0,0,0,0,0,21942,0,0,0,0,27990,0,0,0,0,0,0,0,0,0,0,0,0,244,0,0,0,0,0,0,21942,0,0,0,0,27990,0,0,0,0,0,0,0,0,0,0,0,0,244,0,0,0,0,0,0,21942,0,0,0,0,27990,0,0,0,0,0,0,0,0,0,0,0,0,244,TCGA-EW-A1PB-DX1_xmin57214_ymin25940_MPP-0.2500+7
0,0,0,0,0,0,0,0,0,0,0,0,50176,0,0,0,0,0,0,0,0,0,0,0,0,0,0,0,0,0,0,0,0,0,0,0,0,50176,0,0,0,0,0,0,0,0,0,0,0,0,0,0,0,0,0,0,0,0,0,0,0,0,50176,0,0,0,0,0,0,0,0,0,0,0,0,TCGA-EW-A1PB-DX1_xmin57214_ymin25940_MPP-0.2500+70
0,0,0,0,0,0,0,3098,0,0,0,0,47078,0,0,0,0,0,0,0,0,0,0,0,0,0,0,0,0,0,0,0,3098,0,0,0,0,47078,0,0,0,0,0,0,0,0,0,0,0,0,0,0,0,0,0,0,0,3098,0,0,0,0,47078,0,0,0,0,0,0,0,0,0,0,0,0,TCGA-EW-A1PB-DX1_xmin57214_ymin25940_MPP-0.2500+71
0,0,0,0,0,0,11918,37,0,0,0,6550,31671,0,0,0,0,0,0,0,0,0,0,0,0,0,0,0,0,0,0,11924,31,0,0,0,6976,31245,0,0,0,0,0,0,0,0,0,0,0,0,0,0,0,0,0,0,11922,33,0,0,0,7417,30804,0,0,0,0,0,0,0,0,0,0,0,0,TCGA-EW-A1PB-DX1_xmin57214_ymin25940_MPP-0.2500+72
0,0,0,0,0,0,25432,0,0,0,0,3160,0,0,0,0,0,0,0,0,0,0,0,0,21584,0,0,0,0,0,0,25432,0,0,0,0,3160,0,0,0,0,0,0,0,0,0,0,0,0,21584,0,0,0,0,0,0,25432,0,0,0,0,3160,0,0,0,0,0,0,0,0,0,0,0,0,21584,TCGA-EW-A1PB-DX1_xmin57214_ymin25940_MPP-0.2500+73
0,0,0,0,0,0,30234,629,0,0,0,7100,8215,0,0,0,0,0,0,0,0,0,0,0,3998,0,0,0,0,0,0,30041,822,0,0,0,7302,8013,0,0,0,0,0,0,0,0,0,0,0,3998,0,0,0,0,0,0,29994,869,0,0,0,6661,8654,0,0,0,0,0,0,0,0,0,0,0,3998,TCGA-EW-A1PB-DX1_xmin57214_ymin25940_MPP-0.2500+74
15911,0,0,0,0,34265,0,0,0,0,0,0,0,0,0,0,0,0,0,0,0,0,0,0,0,15911,0,0,0,0,34265,0,0,0,0,0,0,0,0,0,0,0,0,0,0,0,0,0,0,0,15911,0,0,0,0,34265,0,0,0,0,0,0,0,0,0,0,0,0,0,0,0,0,0,0,0,TCGA-EW-A1PB-DX1_xmin57214_ymin25940_MPP-0.2500+75
46835,0,0,0,0,3341,0,0,0,0,0,0,0,0,0,0,0,0,0,0,0,0,0,0,0,46835,0,0,0,0,3341,0,0,0,0,0,0,0,0,0,0,0,0,0,0,0,0,0,0,0,46835,0,0,0,0,3341,0,0,0,0,0,0,0,0,0,0,0,0,0,0,0,0,0,0,0,TCGA-EW-A1PB-DX1_xmin57214_ymin25940_MPP-0.2500+76
39169,0,0,0,0,11007,0,0,0,0,0,0,0,0,0,0,0,0,0,0,0,0,0,0,0,39169,0,0,0,0,11007,0,0,0,0,0,0,0,0,0,0,0,0,0,0,0,0,0,0,0,39169,0,0,0,0,11007,0,0,0,0,0,0,0,0,0,0,0,0,0,0,0,0,0,0,0,TCGA-EW-A1PB-DX1_xmin57214_ymin25940_MPP-0.2500+77
44585,0,0,0,0,5591,0,0,0,0,0,0,0,0,0,0,0,0,0,0,0,0,0,0,0,44585,0,0,0,0,5591,0,0,0,0,0,0,0,0,0,0,0,0,0,0,0,0,0,0,0,44585,0,0,0,0,5591,0,0,0,0,0,0,0,0,0,0,0,0,0,0,0,0,0,0,0,TCGA-EW-A1PB-DX1_xmin57214_ymin25940_MPP-0.2500+78
45892,0,0,0,0,4284,0,0,0,0,0,0,0,0,0,0,0,0,0,0,0,0,0,0,0,45892,0,0,0,0,4284,0,0,0,0,0,0,0,0,0,0,0,0,0,0,0,0,0,0,0,45892,0,0,0,0,4284,0,0,0,0,0,0,0,0,0,0,0,0,0,0,0,0,0,0,0,TCGA-EW-A1PB-DX1_xmin57214_ymin25940_MPP-0.2500+79
0,0,0,0,0,64,40187,0,0,0,0,8310,0,0,0,0,0,0,0,0,0,0,0,0,1615,0,0,0,0,0,160,40091,0,0,0,0,8310,0,0,0,0,0,0,0,0,0,0,0,0,1615,0,0,0,0,0,64,40187,0,0,0,0,8310,0,0,0,0,0,0,0,0,0,0,0,0,1615,TCGA-EW-A1PB-DX1_xmin57214_ymin25940_MPP-0.2500+8
38658,0,0,0,0,11518,0,0,0,0,0,0,0,0,0,0,0,0,0,0,0,0,0,0,0,38658,0,0,0,0,11518,0,0,0,0,0,0,0,0,0,0,0,0,0,0,0,0,0,0,0,38658,0,0,0,0,11518,0,0,0,0,0,0,0,0,0,0,0,0,0,0,0,0,0,0,0,TCGA-EW-A1PB-DX1_xmin57214_ymin25940_MPP-0.2500+80
0,0,0,0,0,0,31994,606,0,0,0,7005,10571,0,0,0,0,0,0,0,0,0,0,0,0,0,0,0,0,0,0,32008,592,0,0,0,7260,10316,0,0,0,0,0,0,0,0,0,0,0,0,0,0,0,0,0,0,32183,417,0,0,0,7386,10190,0,0,0,0,0,0,0,0,0,0,0,0,TCGA-EW-A1PB-DX1_xmin57214_ymin25940_MPP-0.2500+81
0,0,0,0,0,0,0,0,0,0,0,0,50176,0,0,0,0,0,0,0,0,0,0,0,0,0,0,0,0,0,0,0,0,0,0,0,0,50176,0,0,0,0,0,0,0,0,0,0,0,0,0,0,0,0,0,0,0,0,0,0,0,0,50176,0,0,0,0,0,0,0,0,0,0,0,0,TCGA-EW-A1PB-DX1_xmin57214_ymin25940_MPP-0.2500+82
0,0,0,0,0,336,0,10313,0,0,0,0,39527,0,0,0,0,0,0,0,0,0,0,0,0,0,0,0,0,0,336,0,10313,0,0,0,0,39527,0,0,0,0,0,0,0,0,0,0,0,0,0,0,0,0,0,336,0,10313,0,0,0,0,39527,0,0,0,0,0,0,0,0,0,0,0,0,TCGA-EW-A1PB-DX1_xmin57214_ymin25940_MPP-0.2500+83
0,0,0,0,0,0,0,13050,0,0,0,0,37126,0,0,0,0,0,0,0,0,0,0,0,0,0,0,0,0,0,0,0,13050,0,0,0,0,37126,0,0,0,0,0,0,0,0,0,0,0,0,0,0,0,0,0,0,0,13050,0,0,0,0,37126,0,0,0,0,0,0,0,0,0,0,0,0,TCGA-EW-A1PB-DX1_xmin57214_ymin25940_MPP-0.2500+84
0,0,0,0,0,0,0,4438,0,0,0,0,45738,0,0,0,0,0,0,0,0,0,0,0,0,0,0,0,0,0,0,0,4438,0,0,0,0,45738,0,0,0,0,0,0,0,0,0,0,0,0,0,0,0,0,0,0,0,4438,0,0,0,0,45738,0,0,0,0,0,0,0,0,0,0,0,0,TCGA-EW-A1PB-DX1_xmin57214_ymin25940_MPP-0.2500+85
0,0,0,0,0,0,0,3003,0,0,0,0,47173,0,0,0,0,0,0,0,0,0,0,0,0,0,0,0,0,0,0,0,3003,0,0,0,0,47173,0,0,0,0,0,0,0,0,0,0,0,0,0,0,0,0,0,0,0,3003,0,0,0,0,47173,0,0,0,0,0,0,0,0,0,0,0,0,TCGA-EW-A1PB-DX1_xmin57214_ymin25940_MPP-0.2500+86
0,0,0,0,0,0,12361,126,0,0,0,21378,16311,0,0,0,0,0,0,0,0,0,0,0,0,0,0,0,0,0,96,12262,129,0,0,0,21286,16403,0,0,0,0,0,0,0,0,0,0,0,0,0,0,0,0,0,0,12361,126,0,0,0,21423,16266,0,0,0,0,0,0,0,0,0,0,0,0,TCGA-EW-A1PB-DX1_xmin57214_ymin25940_MPP-0.2500+87
0,0,0,0,0,0,21729,281,0,0,0,20466,7700,0,0,0,0,0,0,0,0,0,0,0,0,0,0,0,0,0,0,21732,278,0,0,0,20953,7213,0,0,0,0,0,0,0,0,0,0,0,0,0,0,0,0,0,0,21718,292,0,0,0,20988,7178,0,0,0,0,0,0,0,0,0,0,0,0,TCGA-EW-A1PB-DX1_xmin57214_ymin25940_MPP-0.2500+88
0,0,0,0,0,5641,20020,0,0,0,647,21514,0,0,0,0,0,0,0,0,0,0,0,0,2354,0,0,0,0,0,5622,20039,0,0,0,712,21449,0,0,0,0,0,0,0,0,0,0,0,0,2354,0,0,0,0,0,5667,19994,0,0,0,1155,21006,0,0,0,0,0,0,0,0,0,0,0,0,2354,TCGA-EW-A1PB-DX1_xmin57214_ymin25940_MPP-0.2500+89
0,0,0,0,0,0,31919,351,0,0,0,4175,10254,0,0,0,0,0,0,0,0,0,0,0,3477,0,0,0,0,0,0,31891,379,0,0,0,4042,10387,0,0,0,0,0,0,0,0,0,0,0,3477,0,0,0,0,0,0,31878,392,0,0,0,4000,10429,0,0,0,0,0,0,0,0,0,0,0,3477,TCGA-EW-A1PB-DX1_xmin57214_ymin25940_MPP-0.2500+9
224,4982,0,0,0,0,44970,0,0,0,0,0,0,0,0,0,0,0,0,0,0,0,0,0,0,224,4982,0,0,0,0,44970,0,0,0,0,0,0,0,0,0,0,0,0,0,0,0,0,0,0,224,4982,0,0,0,0,44970,0,0,0,0,0,0,0,0,0,0,0,0,0,0,0,0,0,0,TCGA-EW-A1PB-DX1_xmin57214_ymin25940_MPP-0.2500+90
24440,5061,0,0,0,3009,17666,0,0,0,0,0,0,0,0,0,0,0,0,0,0,0,0,0,0,24523,4978,0,0,0,2922,17753,0,0,0,0,0,0,0,0,0,0,0,0,0,0,0,0,0,0,24233,5268,0,0,0,2611,18064,0,0,0,0,0,0,0,0,0,0,0,0,0,0,0,0,0,0,TCGA-EW-A1PB-DX1_xmin57214_ymin25940_MPP-0.2500+91
41528,0,0,0,0,8648,0,0,0,0,0,0,0,0,0,0,0,0,0,0,0,0,0,0,0,41528,0,0,0,0,8648,0,0,0,0,0,0,0,0,0,0,0,0,0,0,0,0,0,0,0,41528,0,0,0,0,8648,0,0,0,0,0,0,0,0,0,0,0,0,0,0,0,0,0,0,0,TCGA-EW-A1PB-DX1_xmin57214_ymin25940_MPP-0.2500+92
44736,0,0,0,0,5440,0,0,0,0,0,0,0,0,0,0,0,0,0,0,0,0,0,0,0,44736,0,0,0,0,5440,0,0,0,0,0,0,0,0,0,0,0,0,0,0,0,0,0,0,0,44736,0,0,0,0,5440,0,0,0,0,0,0,0,0,0,0,0,0,0,0,0,0,0,0,0,TCGA-EW-A1PB-DX1_xmin57214_ymin25940_MPP-0.2500+93
46311,0,0,0,0,3865,0,0,0,0,0,0,0,0,0,0,0,0,0,0,0,0,0,0,0,46311,0,0,0,0,3865,0,0,0,0,0,0,0,0,0,0,0,0,0,0,0,0,0,0,0,46311,0,0,0,0,3865,0,0,0,0,0,0,0,0,0,0,0,0,0,0,0,0,0,0,0,TCGA-EW-A1PB-DX1_xmin57214_ymin25940_MPP-0.2500+94
48679,0,0,0,0,1497,0,0,0,0,0,0,0,0,0,0,0,0,0,0,0,0,0,0,0,48679,0,0,0,0,1497,0,0,0,0,0,0,0,0,0,0,0,0,0,0,0,0,0,0,0,48679,0,0,0,0,1497,0,0,0,0,0,0,0,0,0,0,0,0,0,0,0,0,0,0,0,TCGA-EW-A1PB-DX1_xmin57214_ymin25940_MPP-0.2500+95
0,0,0,0,0,0,9728,564,0,0,0,6514,33370,0,0,0,0,0,0,0,0,0,0,0,0,0,0,0,0,0,0,9840,452,0,0,0,7147,32737,0,0,0,0,0,0,0,0,0,0,0,0,0,0,0,0,0,0,9904,388,0,0,0,7950,31934,0,0,0,0,0,0,0,0,0,0,0,0,TCGA-EW-A1PB-DX1_xmin57214_ymin25940_MPP-0.2500+96
0,0,0,0,0,0,0,2353,0,0,0,0,47823,0,0,0,0,0,0,0,0,0,0,0,0,0,0,0,0,0,0,0,2353,0,0,0,0,47823,0,0,0,0,0,0,0,0,0,0,0,0,0,0,0,0,0,0,0,2353,0,0,0,0,47823,0,0,0,0,0,0,0,0,0,0,0,0,TCGA-EW-A1PB-DX1_xmin57214_ymin25940_MPP-0.2500+97
0,0,0,0,0,0,30684,9219,0,0,0,565,6729,0,0,0,0,0,0,0,0,0,0,0,2979,0,0,0,0,0,0,30614,9289,0,0,0,562,6732,0,0,0,0,0,0,0,0,0,0,0,2979,0,0,0,0,0,0,30313,9590,0,0,0,555,6739,0,0,0,0,0,0,0,0,0,0,0,2979,TCGA-EW-A1PB-DX1_xmin57214_ymin25940_MPP-0.2500+98
0,0,0,0,0,0,20552,2235,0,0,0,831,3562,0,0,0,0,0,0,0,0,0,0,0,22996,0,0,0,0,0,0,20524,2263,0,0,0,882,3511,0,0,0,0,0,0,0,0,0,0,0,22996,0,0,0,0,0,0,20409,2378,0,0,0,910,3483,0,0,0,0,0,0,0,0,0,0,0,22996,TCGA-EW-A1PB-DX1_xmin57214_ymin25940_MPP-0.2500+99
0,0,0,0,0,0,50176,0,0,0,0,0,0,0,0,0,0,0,0,0,0,0,0,0,0,0,0,0,0,0,0,50176,0,0,0,0,0,0,0,0,0,0,0,0,0,0,0,0,0,0,0,0,0,0,0,0,50176,0,0,0,0,0,0,0,0,0,0,0,0,0,0,0,0,0,0,TCGA-EW-A1PH-DX1_xmin3455_ymin52049_MPP-0.2500+0
0,0,0,0,0,0,50176,0,0,0,0,0,0,0,0,0,0,0,0,0,0,0,0,0,0,0,0,0,0,0,0,50176,0,0,0,0,0,0,0,0,0,0,0,0,0,0,0,0,0,0,0,0,0,0,0,0,50176,0,0,0,0,0,0,0,0,0,0,0,0,0,0,0,0,0,0,TCGA-EW-A1PH-DX1_xmin3455_ymin52049_MPP-0.2500+1
0,0,0,0,0,0,50176,0,0,0,0,0,0,0,0,0,0,0,0,0,0,0,0,0,0,0,0,0,0,0,0,50176,0,0,0,0,0,0,0,0,0,0,0,0,0,0,0,0,0,0,0,0,0,0,0,0,50176,0,0,0,0,0,0,0,0,0,0,0,0,0,0,0,0,0,0,TCGA-EW-A1PH-DX1_xmin3455_ymin52049_MPP-0.2500+10
27284,10435,0,0,0,2012,10445,0,0,0,0,0,0,0,0,0,0,0,0,0,0,0,0,0,0,27235,10484,0,0,0,1880,10577,0,0,0,0,0,0,0,0,0,0,0,0,0,0,0,0,0,0,27253,10466,0,0,0,1781,10676,0,0,0,0,0,0,0,0,0,0,0,0,0,0,0,0,0,0,TCGA-EW-A1PH-DX1_xmin3455_ymin52049_MPP-0.2500+100
0,10127,0,0,0,0,36858,0,0,0,0,3191,0,0,0,0,0,0,0,0,0,0,0,0,0,0,10127,0,0,0,0,36858,0,0,0,0,3191,0,0,0,0,0,0,0,0,0,0,0,0,0,0,10127,0,0,0,0,36858,0,0,0,0,3191,0,0,0,0,0,0,0,0,0,0,0,0,0,TCGA-EW-A1PH-DX1_xmin3455_ymin52049_MPP-0.2500+101
50176,0,0,0,0,0,0,0,0,0,0,0,0,0,0,0,0,0,0,0,0,0,0,0,0,50176,0,0,0,0,0,0,0,0,0,0,0,0,0,0,0,0,0,0,0,0,0,0,0,0,50176,0,0,0,0,0,0,0,0,0,0,0,0,0,0,0,0,0,0,0,0,0,0,0,0,TCGA-EW-A1PH-DX1_xmin3455_ymin52049_MPP-0.2500+102
50176,0,0,0,0,0,0,0,0,0,0,0,0,0,0,0,0,0,0,0,0,0,0,0,0,50176,0,0,0,0,0,0,0,0,0,0,0,0,0,0,0,0,0,0,0,0,0,0,0,0,50176,0,0,0,0,0,0,0,0,0,0,0,0,0,0,0,0,0,0,0,0,0,0,0,0,TCGA-EW-A1PH-DX1_xmin3455_ymin52049_MPP-0.2500+103
50176,0,0,0,0,0,0,0,0,0,0,0,0,0,0,0,0,0,0,0,0,0,0,0,0,50176,0,0,0,0,0,0,0,0,0,0,0,0,0,0,0,0,0,0,0,0,0,0,0,0,50176,0,0,0,0,0,0,0,0,0,0,0,0,0,0,0,0,0,0,0,0,0,0,0,0,TCGA-EW-A1PH-DX1_xmin3455_ymin52049_MPP-0.2500+104
50176,0,0,0,0,0,0,0,0,0,0,0,0,0,0,0,0,0,0,0,0,0,0,0,0,50176,0,0,0,0,0,0,0,0,0,0,0,0,0,0,0,0,0,0,0,0,0,0,0,0,50176,0,0,0,0,0,0,0,0,0,0,0,0,0,0,0,0,0,0,0,0,0,0,0,0,TCGA-EW-A1PH-DX1_xmin3455_ymin52049_MPP-0.2500+105
50176,0,0,0,0,0,0,0,0,0,0,0,0,0,0,0,0,0,0,0,0,0,0,0,0,50176,0,0,0,0,0,0,0,0,0,0,0,0,0,0,0,0,0,0,0,0,0,0,0,0,50176,0,0,0,0,0,0,0,0,0,0,0,0,0,0,0,0,0,0,0,0,0,0,0,0,TCGA-EW-A1PH-DX1_xmin3455_ymin52049_MPP-0.2500+106
50176,0,0,0,0,0,0,0,0,0,0,0,0,0,0,0,0,0,0,0,0,0,0,0,0,50176,0,0,0,0,0,0,0,0,0,0,0,0,0,0,0,0,0,0,0,0,0,0,0,0,50176,0,0,0,0,0,0,0,0,0,0,0,0,0,0,0,0,0,0,0,0,0,0,0,0,TCGA-EW-A1PH-DX1_xmin3455_ymin52049_MPP-0.2500+107
42259,7778,0,0,0,0,139,0,0,0,0,0,0,0,0,0,0,0,0,0,0,0,0,0,0,42330,7707,0,0,0,0,139,0,0,0,0,0,0,0,0,0,0,0,0,0,0,0,0,0,0,42130,7907,0,0,0,0,139,0,0,0,0,0,0,0,0,0,0,0,0,0,0,0,0,0,0,TCGA-EW-A1PH-DX1_xmin3455_ymin52049_MPP-0.2500+108
32909,8665,0,0,0,1262,7340,0,0,0,0,0,0,0,0,0,0,0,0,0,0,0,0,0,0,32751,8823,0,0,0,1320,7282,0,0,0,0,0,0,0,0,0,0,0,0,0,0,0,0,0,0,32362,9212,0,0,0,1436,7166,0,0,0,0,0,0,0,0,0,0,0,0,0,0,0,0,0,0,TCGA-EW-A1PH-DX1_xmin3455_ymin52049_MPP-0.2500+109
0,0,0,0,0,0,50176,0,0,0,0,0,0,0,0,0,0,0,0,0,0,0,0,0,0,0,0,0,0,0,1,50175,0,0,0,0,0,0,0,0,0,0,0,0,0,0,0,0,0,0,0,0,0,0,0,1,50175,0,0,0,0,0,0,0,0,0,0,0,0,0,0,0,0,0,0,TCGA-EW-A1PH-DX1_xmin3455_ymin52049_MPP-0.2500+11
24638,14233,0,0,0,1329,9976,0,0,0,0,0,0,0,0,0,0,0,0,0,0,0,0,0,0,25151,13720,0,0,0,1420,9885,0,0,0,0,0,0,0,0,0,0,0,0,0,0,0,0,0,0,25224,13647,0,0,0,1275,10030,0,0,0,0,0,0,0,0,0,0,0,0,0,0,0,0,0,0,TCGA-EW-A1PH-DX1_xmin3455_ymin52049_MPP-0.2500+110
14352,6419,0,0,0,0,29405,0,0,0,0,0,0,0,0,0,0,0,0,0,0,0,0,0,0,14312,6459,0,0,0,0,29405,0,0,0,0,0,0,0,0,0,0,0,0,0,0,0,0,0,0,14291,6480,0,0,0,379,29026,0,0,0,0,0,0,0,0,0,0,0,0,0,0,0,0,0,0,TCGA-EW-A1PH-DX1_xmin3455_ymin52049_MPP-0.2500+111
43981,0,0,0,0,6195,0,0,0,0,0,0,0,0,0,0,0,0,0,0,0,0,0,0,0,43981,0,0,0,0,6195,0,0,0,0,0,0,0,0,0,0,0,0,0,0,0,0,0,0,0,43981,0,0,0,0,6195,0,0,0,0,0,0,0,0,0,0,0,0,0,0,0,0,0,0,0,TCGA-EW-A1PH-DX1_xmin3455_ymin52049_MPP-0.2500+112
50176,0,0,0,0,0,0,0,0,0,0,0,0,0,0,0,0,0,0,0,0,0,0,0,0,50176,0,0,0,0,0,0,0,0,0,0,0,0,0,0,0,0,0,0,0,0,0,0,0,0,50176,0,0,0,0,0,0,0,0,0,0,0,0,0,0,0,0,0,0,0,0,0,0,0,0,TCGA-EW-A1PH-DX1_xmin3455_ymin52049_MPP-0.2500+113
7616,1830,0,0,0,19283,21447,0,0,0,0,0,0,0,0,0,0,0,0,0,0,0,0,0,0,7624,1822,0,0,0,18785,21945,0,0,0,0,0,0,0,0,0,0,0,0,0,0,0,0,0,0,7651,1795,0,0,0,18388,22342,0,0,0,0,0,0,0,0,0,0,0,0,0,0,0,0,0,0,TCGA-EW-A1PH-DX1_xmin3455_ymin52049_MPP-0.2500+114
35038,9304,0,0,0,0,5834,0,0,0,0,0,0,0,0,0,0,0,0,0,0,0,0,0,0,34862,9480,0,0,0,0,5834,0,0,0,0,0,0,0,0,0,0,0,0,0,0,0,0,0,0,34745,9597,0,0,0,32,5802,0,0,0,0,0,0,0,0,0,0,0,0,0,0,0,0,0,0,TCGA-EW-A1PH-DX1_xmin3455_ymin52049_MPP-0.2500+115
50176,0,0,0,0,0,0,0,0,0,0,0,0,0,0,0,0,0,0,0,0,0,0,0,0,50176,0,0,0,0,0,0,0,0,0,0,0,0,0,0,0,0,0,0,0,0,0,0,0,0,50176,0,0,0,0,0,0,0,0,0,0,0,0,0,0,0,0,0,0,0,0,0,0,0,0,TCGA-EW-A1PH-DX1_xmin3455_ymin52049_MPP-0.2500+116
48466,0,0,0,0,0,0,0,0,0,0,0,0,0,0,0,0,0,0,0,0,0,0,0,1710,48466,0,0,0,0,0,0,0,0,0,0,0,0,0,0,0,0,0,0,0,0,0,0,0,1710,48466,0,0,0,0,0,0,0,0,0,0,0,0,0,0,0,0,0,0,0,0,0,0,0,1710,TCGA-EW-A1PH-DX1_xmin3455_ymin52049_MPP-0.2500+117
50176,0,0,0,0,0,0,0,0,0,0,0,0,0,0,0,0,0,0,0,0,0,0,0,0,50176,0,0,0,0,0,0,0,0,0,0,0,0,0,0,0,0,0,0,0,0,0,0,0,0,50176,0,0,0,0,0,0,0,0,0,0,0,0,0,0,0,0,0,0,0,0,0,0,0,0,TCGA-EW-A1PH-DX1_xmin3455_ymin52049_MPP-0.2500+118
46128,0,0,0,0,4048,0,0,0,0,0,0,0,0,0,0,0,0,0,0,0,0,0,0,0,46128,0,0,0,0,4048,0,0,0,0,0,0,0,0,0,0,0,0,0,0,0,0,0,0,0,46128,0,0,0,0,4048,0,0,0,0,0,0,0,0,0,0,0,0,0,0,0,0,0,0,0,TCGA-EW-A1PH-DX1_xmin3455_ymin52049_MPP-0.2500+119
0,0,0,0,0,0,50176,0,0,0,0,0,0,0,0,0,0,0,0,0,0,0,0,0,0,0,0,0,0,0,0,50176,0,0,0,0,0,0,0,0,0,0,0,0,0,0,0,0,0,0,0,0,0,0,0,0,50176,0,0,0,0,0,0,0,0,0,0,0,0,0,0,0,0,0,0,TCGA-EW-A1PH-DX1_xmin3455_ymin52049_MPP-0.2500+12
49096,0,0,0,0,1080,0,0,0,0,0,0,0,0,0,0,0,0,0,0,0,0,0,0,0,49096,0,0,0,0,1080,0,0,0,0,0,0,0,0,0,0,0,0,0,0,0,0,0,0,0,49096,0,0,0,0,1080,0,0,0,0,0,0,0,0,0,0,0,0,0,0,0,0,0,0,0,TCGA-EW-A1PH-DX1_xmin3455_ymin52049_MPP-0.2500+120
50176,0,0,0,0,0,0,0,0,0,0,0,0,0,0,0,0,0,0,0,0,0,0,0,0,50176,0,0,0,0,0,0,0,0,0,0,0,0,0,0,0,0,0,0,0,0,0,0,0,0,50176,0,0,0,0,0,0,0,0,0,0,0,0,0,0,0,0,0,0,0,0,0,0,0,0,TCGA-EW-A1PH-DX1_xmin3455_ymin52049_MPP-0.2500+121
50176,0,0,0,0,0,0,0,0,0,0,0,0,0,0,0,0,0,0,0,0,0,0,0,0,50176,0,0,0,0,0,0,0,0,0,0,0,0,0,0,0,0,0,0,0,0,0,0,0,0,50176,0,0,0,0,0,0,0,0,0,0,0,0,0,0,0,0,0,0,0,0,0,0,0,0,TCGA-EW-A1PH-DX1_xmin3455_ymin52049_MPP-0.2500+122
31341,17429,0,0,0,730,676,0,0,0,0,0,0,0,0,0,0,0,0,0,0,0,0,0,0,31341,17429,0,0,0,738,668,0,0,0,0,0,0,0,0,0,0,0,0,0,0,0,0,0,0,31135,17635,0,0,0,731,675,0,0,0,0,0,0,0,0,0,0,0,0,0,0,0,0,0,0,TCGA-EW-A1PH-DX1_xmin3455_ymin52049_MPP-0.2500+123
23579,15056,0,0,0,651,10890,0,0,0,0,0,0,0,0,0,0,0,0,0,0,0,0,0,0,23760,14875,0,0,0,749,10792,0,0,0,0,0,0,0,0,0,0,0,0,0,0,0,0,0,0,23235,15400,0,0,0,845,10696,0,0,0,0,0,0,0,0,0,0,0,0,0,0,0,0,0,0,TCGA-EW-A1PH-DX1_xmin3455_ymin52049_MPP-0.2500+124
49827,0,0,0,0,349,0,0,0,0,0,0,0,0,0,0,0,0,0,0,0,0,0,0,0,49827,0,0,0,0,349,0,0,0,0,0,0,0,0,0,0,0,0,0,0,0,0,0,0,0,49827,0,0,0,0,349,0,0,0,0,0,0,0,0,0,0,0,0,0,0,0,0,0,0,0,TCGA-EW-A1PH-DX1_xmin3455_ymin52049_MPP-0.2500+125
50176,0,0,0,0,0,0,0,0,0,0,0,0,0,0,0,0,0,0,0,0,0,0,0,0,50176,0,0,0,0,0,0,0,0,0,0,0,0,0,0,0,0,0,0,0,0,0,0,0,0,50176,0,0,0,0,0,0,0,0,0,0,0,0,0,0,0,0,0,0,0,0,0,0,0,0,TCGA-EW-A1PH-DX1_xmin3455_ymin52049_MPP-0.2500+126
25634,5497,0,0,0,676,18369,0,0,0,0,0,0,0,0,0,0,0,0,0,0,0,0,0,0,25419,5712,0,0,0,656,18389,0,0,0,0,0,0,0,0,0,0,0,0,0,0,0,0,0,0,25202,5929,0,0,0,660,18385,0,0,0,0,0,0,0,0,0,0,0,0,0,0,0,0,0,0,TCGA-EW-A1PH-DX1_xmin3455_ymin52049_MPP-0.2500+127
10859,6256,0,0,0,2644,30417,0,0,0,0,0,0,0,0,0,0,0,0,0,0,0,0,0,0,10753,6362,0,0,0,2534,30527,0,0,0,0,0,0,0,0,0,0,0,0,0,0,0,0,0,0,10928,6187,0,0,0,3008,30053,0,0,0,0,0,0,0,0,0,0,0,0,0,0,0,0,0,0,TCGA-EW-A1PH-DX1_xmin3455_ymin52049_MPP-0.2500+128
29455,5558,0,0,0,2137,13026,0,0,0,0,0,0,0,0,0,0,0,0,0,0,0,0,0,0,29468,5545,0,0,0,1971,13192,0,0,0,0,0,0,0,0,0,0,0,0,0,0,0,0,0,0,29317,5696,0,0,0,1737,13426,0,0,0,0,0,0,0,0,0,0,0,0,0,0,0,0,0,0,TCGA-EW-A1PH-DX1_xmin3455_ymin52049_MPP-0.2500+129
0,0,0,0,0,0,50176,0,0,0,0,0,0,0,0,0,0,0,0,0,0,0,0,0,0,0,0,0,0,0,0,50176,0,0,0,0,0,0,0,0,0,0,0,0,0,0,0,0,0,0,0,0,0,0,0,0,50176,0,0,0,0,0,0,0,0,0,0,0,0,0,0,0,0,0,0,TCGA-EW-A1PH-DX1_xmin3455_ymin52049_MPP-0.2500+13
26053,20110,0,0,0,277,3736,0,0,0,0,0,0,0,0,0,0,0,0,0,0,0,0,0,0,26001,20162,0,0,0,340,3673,0,0,0,0,0,0,0,0,0,0,0,0,0,0,0,0,0,0,25437,20726,0,0,0,354,3659,0,0,0,0,0,0,0,0,0,0,0,0,0,0,0,0,0,0,TCGA-EW-A1PH-DX1_xmin3455_ymin52049_MPP-0.2500+130
49693,0,0,0,0,483,0,0,0,0,0,0,0,0,0,0,0,0,0,0,0,0,0,0,0,49693,0,0,0,0,483,0,0,0,0,0,0,0,0,0,0,0,0,0,0,0,0,0,0,0,49693,0,0,0,0,483,0,0,0,0,0,0,0,0,0,0,0,0,0,0,0,0,0,0,0,TCGA-EW-A1PH-DX1_xmin3455_ymin52049_MPP-0.2500+131
33121,0,0,0,0,7866,0,0,0,0,0,0,0,0,0,9189,0,0,0,0,0,0,0,0,0,33121,0,0,0,0,7866,0,0,0,0,0,0,0,0,0,9189,0,0,0,0,0,0,0,0,0,33121,0,0,0,0,7866,0,0,0,0,0,0,0,0,0,9189,0,0,0,0,0,0,0,0,0,TCGA-EW-A1PH-DX1_xmin3455_ymin52049_MPP-0.2500+132
160,0,0,5186,0,0,0,0,4570,0,0,0,0,0,0,2560,0,0,37083,0,0,0,0,0,617,96,0,0,5250,0,0,0,0,4570,0,0,0,0,0,0,2464,0,0,37179,0,0,0,0,0,617,128,0,0,5218,0,0,0,0,4570,0,0,0,0,0,0,2656,0,0,36987,0,0,0,0,0,617,TCGA-EW-A1PH-DX1_xmin3455_ymin52049_MPP-0.2500+133
0,7785,0,2351,0,0,3463,0,2605,0,0,0,0,0,0,0,17425,0,16547,0,0,0,0,0,0,0,7801,0,2335,0,0,3582,0,2486,0,0,0,0,0,0,0,18546,0,15426,0,0,0,0,0,0,0,7790,0,2346,0,0,3618,0,2450,0,0,0,0,0,0,0,18332,0,15640,0,0,0,0,0,0,TCGA-EW-A1PH-DX1_xmin3455_ymin52049_MPP-0.2500+134
48327,0,0,0,0,1584,0,0,0,0,0,0,0,0,0,265,0,0,0,0,0,0,0,0,0,48327,0,0,0,0,1584,0,0,0,0,0,0,0,0,0,265,0,0,0,0,0,0,0,0,0,48327,0,0,0,0,1584,0,0,0,0,0,0,0,0,0,265,0,0,0,0,0,0,0,0,0,TCGA-EW-A1PH-DX1_xmin3455_ymin52049_MPP-0.2500+135
41046,9130,0,0,0,0,0,0,0,0,0,0,0,0,0,0,0,0,0,0,0,0,0,0,0,41479,8697,0,0,0,0,0,0,0,0,0,0,0,0,0,0,0,0,0,0,0,0,0,0,0,42756,7420,0,0,0,0,0,0,0,0,0,0,0,0,0,0,0,0,0,0,0,0,0,0,0,TCGA-EW-A1PH-DX1_xmin3455_ymin52049_MPP-0.2500+136
50176,0,0,0,0,0,0,0,0,0,0,0,0,0,0,0,0,0,0,0,0,0,0,0,0,50176,0,0,0,0,0,0,0,0,0,0,0,0,0,0,0,0,0,0,0,0,0,0,0,0,50176,0,0,0,0,0,0,0,0,0,0,0,0,0,0,0,0,0,0,0,0,0,0,0,0,TCGA-EW-A1PH-DX1_xmin3455_ymin52049_MPP-0.2500+137
15156,21459,0,0,0,1559,12002,0,0,0,0,0,0,0,0,0,0,0,0,0,0,0,0,0,0,15440,21175,0,0,0,1636,11925,0,0,0,0,0,0,0,0,0,0,0,0,0,0,0,0,0,0,15498,21117,0,0,0,1761,11800,0,0,0,0,0,0,0,0,0,0,0,0,0,0,0,0,0,0,TCGA-EW-A1PH-DX1_xmin3455_ymin52049_MPP-0.2500+138
37969,11942,0,0,0,209,56,0,0,0,0,0,0,0,0,0,0,0,0,0,0,0,0,0,0,38713,11198,0,0,0,209,56,0,0,0,0,0,0,0,0,0,0,0,0,0,0,0,0,0,0,37809,12102,0,0,0,209,56,0,0,0,0,0,0,0,0,0,0,0,0,0,0,0,0,0,0,TCGA-EW-A1PH-DX1_xmin3455_ymin52049_MPP-0.2500+139
0,0,0,0,0,0,47497,0,0,0,0,2679,0,0,0,0,0,0,0,0,0,0,0,0,0,0,0,0,0,0,0,47497,0,0,0,0,2679,0,0,0,0,0,0,0,0,0,0,0,0,0,0,0,0,0,0,0,47497,0,0,0,0,2679,0,0,0,0,0,0,0,0,0,0,0,0,0,TCGA-EW-A1PH-DX1_xmin3455_ymin52049_MPP-0.2500+14
40161,9197,0,0,0,0,818,0,0,0,0,0,0,0,0,0,0,0,0,0,0,0,0,0,0,40261,9097,0,0,0,0,818,0,0,0,0,0,0,0,0,0,0,0,0,0,0,0,0,0,0,39877,9481,0,0,0,0,818,0,0,0,0,0,0,0,0,0,0,0,0,0,0,0,0,0,0,TCGA-EW-A1PH-DX1_xmin3455_ymin52049_MPP-0.2500+140
12032,5879,0,0,0,2488,29777,0,0,0,0,0,0,0,0,0,0,0,0,0,0,0,0,0,0,12244,5667,0,0,0,2293,29972,0,0,0,0,0,0,0,0,0,0,0,0,0,0,0,0,0,0,12489,5422,0,0,0,2573,29692,0,0,0,0,0,0,0,0,0,0,0,0,0,0,0,0,0,0,TCGA-EW-A1PH-DX1_xmin3455_ymin52049_MPP-0.2500+141
26595,11172,0,0,0,686,11723,0,0,0,0,0,0,0,0,0,0,0,0,0,0,0,0,0,0,25971,11796,0,0,0,582,11827,0,0,0,0,0,0,0,0,0,0,0,0,0,0,0,0,0,0,25011,12756,0,0,0,563,11846,0,0,0,0,0,0,0,0,0,0,0,0,0,0,0,0,0,0,TCGA-EW-A1PH-DX1_xmin3455_ymin52049_MPP-0.2500+142
20270,16299,0,0,0,921,12686,0,0,0,0,0,0,0,0,0,0,0,0,0,0,0,0,0,0,20142,16427,0,0,0,912,12695,0,0,0,0,0,0,0,0,0,0,0,0,0,0,0,0,0,0,20605,15964,0,0,0,923,12684,0,0,0,0,0,0,0,0,0,0,0,0,0,0,0,0,0,0,TCGA-EW-A1PH-DX1_xmin3455_ymin52049_MPP-0.2500+143
19048,6945,0,0,0,8417,9548,0,0,0,0,0,0,0,0,2197,4021,0,0,0,0,0,0,0,0,18648,7345,0,0,0,7708,10257,0,0,0,0,0,0,0,0,2181,4037,0,0,0,0,0,0,0,0,18198,7795,0,0,0,7416,10549,0,0,0,0,0,0,0,0,2107,4111,0,0,0,0,0,0,0,0,TCGA-EW-A1PH-DX1_xmin3455_ymin52049_MPP-0.2500+144
178,0,0,4151,0,1454,0,0,2772,0,0,0,0,0,0,2736,0,0,38885,0,0,0,0,0,0,172,0,0,4157,0,1519,0,0,2707,0,0,0,0,0,0,2421,0,0,39200,0,0,0,0,0,0,140,0,0,4189,0,1519,0,0,2707,0,0,0,0,0,0,2293,0,0,39328,0,0,0,0,0,0,TCGA-EW-A1PH-DX1_xmin3455_ymin52049_MPP-0.2500+145
0,0,0,0,0,0,9,0,0,0,0,0,0,0,0,0,22678,0,20592,0,0,0,0,0,6897,0,0,0,0,0,0,9,0,0,0,0,0,0,0,0,0,22946,0,20324,0,0,0,0,0,6897,0,0,0,0,0,0,9,0,0,0,0,0,0,0,0,0,22393,0,20877,0,0,0,0,0,6897,TCGA-EW-A1PH-DX1_xmin3455_ymin52049_MPP-0.2500+146
4648,0,0,0,0,8293,0,0,0,0,0,0,0,0,0,9623,0,0,27612,0,0,0,0,0,0,4648,0,0,0,0,8293,0,0,0,0,0,0,0,0,0,9819,0,0,27416,0,0,0,0,0,0,4648,0,0,0,0,8293,0,0,0,0,0,0,0,0,0,9854,0,0,27381,0,0,0,0,0,0,TCGA-EW-A1PH-DX1_xmin3455_ymin52049_MPP-0.2500+147
18727,8084,0,0,0,7568,3263,0,0,0,0,0,0,0,0,8235,4299,0,0,0,0,0,0,0,0,18808,8003,0,0,0,7439,3392,0,0,0,0,0,0,0,0,7729,4805,0,0,0,0,0,0,0,0,18964,7847,0,0,0,7385,3446,0,0,0,0,0,0,0,0,7418,5116,0,0,0,0,0,0,0,0,TCGA-EW-A1PH-DX1_xmin3455_ymin52049_MPP-0.2500+148
46050,0,0,0,0,4126,0,0,0,0,0,0,0,0,0,0,0,0,0,0,0,0,0,0,0,46050,0,0,0,0,4126,0,0,0,0,0,0,0,0,0,0,0,0,0,0,0,0,0,0,0,46050,0,0,0,0,4126,0,0,0,0,0,0,0,0,0,0,0,0,0,0,0,0,0,0,0,TCGA-EW-A1PH-DX1_xmin3455_ymin52049_MPP-0.2500+149
0,0,0,0,0,0,12584,10,0,0,0,9271,16678,0,0,0,0,0,0,0,0,0,0,0,11633,0,0,0,0,0,0,12493,101,0,0,0,9406,16543,0,0,0,0,0,0,0,0,0,0,0,11633,0,0,0,0,0,0,12478,116,0,0,0,9499,16450,0,0,0,0,0,0,0,0,0,0,0,11633,TCGA-EW-A1PH-DX1_xmin3455_ymin52049_MPP-0.2500+15
50176,0,0,0,0,0,0,0,0,0,0,0,0,0,0,0,0,0,0,0,0,0,0,0,0,50176,0,0,0,0,0,0,0,0,0,0,0,0,0,0,0,0,0,0,0,0,0,0,0,0,50176,0,0,0,0,0,0,0,0,0,0,0,0,0,0,0,0,0,0,0,0,0,0,0,0,TCGA-EW-A1PH-DX1_xmin3455_ymin52049_MPP-0.2500+150
32699,14016,0,0,0,0,3461,0,0,0,0,0,0,0,0,0,0,0,0,0,0,0,0,0,0,32504,14211,0,0,0,0,3461,0,0,0,0,0,0,0,0,0,0,0,0,0,0,0,0,0,0,32199,14516,0,0,0,0,3461,0,0,0,0,0,0,0,0,0,0,0,0,0,0,0,0,0,0,TCGA-EW-A1PH-DX1_xmin3455_ymin52049_MPP-0.2500+151
24969,16790,0,0,0,3,8414,0,0,0,0,0,0,0,0,0,0,0,0,0,0,0,0,0,0,25014,16745,0,0,0,6,8411,0,0,0,0,0,0,0,0,0,0,0,0,0,0,0,0,0,0,24764,16995,0,0,0,9,8408,0,0,0,0,0,0,0,0,0,0,0,0,0,0,0,0,0,0,TCGA-EW-A1PH-DX1_xmin3455_ymin52049_MPP-0.2500+152
30802,14728,0,0,0,385,4261,0,0,0,0,0,0,0,0,0,0,0,0,0,0,0,0,0,0,30270,15260,0,0,0,331,4315,0,0,0,0,0,0,0,0,0,0,0,0,0,0,0,0,0,0,29735,15795,0,0,0,297,4349,0,0,0,0,0,0,0,0,0,0,0,0,0,0,0,0,0,0,TCGA-EW-A1PH-DX1_xmin3455_ymin52049_MPP-0.2500+153
40718,4461,0,0,0,353,4644,0,0,0,0,0,0,0,0,0,0,0,0,0,0,0,0,0,0,41086,4093,0,0,0,391,4606,0,0,0,0,0,0,0,0,0,0,0,0,0,0,0,0,0,0,40271,4908,0,0,0,321,4676,0,0,0,0,0,0,0,0,0,0,0,0,0,0,0,0,0,0,TCGA-EW-A1PH-DX1_xmin3455_ymin52049_MPP-0.2500+154
8661,11919,0,0,0,595,29001,0,0,0,0,0,0,0,0,0,0,0,0,0,0,0,0,0,0,8841,11739,0,0,0,713,28883,0,0,0,0,0,0,0,0,0,0,0,0,0,0,0,0,0,0,9017,11563,0,0,0,775,28821,0,0,0,0,0,0,0,0,0,0,0,0,0,0,0,0,0,0,TCGA-EW-A1PH-DX1_xmin3455_ymin52049_MPP-0.2500+155
39611,8752,0,0,0,177,1636,0,0,0,0,0,0,0,0,0,0,0,0,0,0,0,0,0,0,39823,8540,0,0,0,172,1641,0,0,0,0,0,0,0,0,0,0,0,0,0,0,0,0,0,0,39461,8902,0,0,0,166,1647,0,0,0,0,0,0,0,0,0,0,0,0,0,0,0,0,0,0,TCGA-EW-A1PH-DX1_xmin3455_ymin52049_MPP-0.2500+156
6141,1385,0,0,0,3090,7216,0,0,0,0,0,0,0,0,11375,20969,0,0,0,0,0,0,0,0,6076,1450,0,0,0,3129,7177,0,0,0,0,0,0,0,0,11761,20583,0,0,0,0,0,0,0,0,6055,1471,0,0,0,3082,7224,0,0,0,0,0,0,0,0,11661,20683,0,0,0,0,0,0,0,0,TCGA-EW-A1PH-DX1_xmin3455_ymin52049_MPP-0.2500+157
100,0,0,0,0,428,0,0,2264,0,0,0,0,0,0,16407,0,0,30977,0,0,0,0,0,0,72,0,0,28,0,167,0,0,2525,0,0,0,0,0,0,17443,0,0,29941,0,0,0,0,0,0,100,0,0,0,0,268,0,0,2424,0,0,0,0,0,0,17568,0,0,29816,0,0,0,0,0,0,TCGA-EW-A1PH-DX1_xmin3455_ymin52049_MPP-0.2500+158
16475,6106,0,5054,0,0,2479,0,3688,0,0,0,0,0,0,0,6392,0,7857,0,0,0,0,0,2125,16541,6032,0,5062,0,0,2357,0,3810,0,0,0,0,0,0,0,6443,0,7806,0,0,0,0,0,2125,16485,5733,0,5417,0,0,2252,0,3915,0,0,0,0,0,0,161,6278,0,7810,0,0,0,0,0,2125,TCGA-EW-A1PH-DX1_xmin3455_ymin52049_MPP-0.2500+159
0,0,0,0,0,0,46602,0,0,0,0,3325,0,0,0,0,0,0,0,0,0,0,0,0,249,0,0,0,0,0,0,46602,0,0,0,0,3325,0,0,0,0,0,0,0,0,0,0,0,0,249,0,0,0,0,0,0,46602,0,0,0,0,3325,0,0,0,0,0,0,0,0,0,0,0,0,249,TCGA-EW-A1PH-DX1_xmin3455_ymin52049_MPP-0.2500+16
45462,4269,0,0,0,421,24,0,0,0,0,0,0,0,0,0,0,0,0,0,0,0,0,0,0,45297,4434,0,0,0,421,24,0,0,0,0,0,0,0,0,0,0,0,0,0,0,0,0,0,0,44978,4753,0,0,0,407,38,0,0,0,0,0,0,0,0,0,0,0,0,0,0,0,0,0,0,TCGA-EW-A1PH-DX1_xmin3455_ymin52049_MPP-0.2500+160
50176,0,0,0,0,0,0,0,0,0,0,0,0,0,0,0,0,0,0,0,0,0,0,0,0,50176,0,0,0,0,0,0,0,0,0,0,0,0,0,0,0,0,0,0,0,0,0,0,0,0,50176,0,0,0,0,0,0,0,0,0,0,0,0,0,0,0,0,0,0,0,0,0,0,0,0,TCGA-EW-A1PH-DX1_xmin3455_ymin52049_MPP-0.2500+161
40872,9304,0,0,0,0,0,0,0,0,0,0,0,0,0,0,0,0,0,0,0,0,0,0,0,41153,9023,0,0,0,0,0,0,0,0,0,0,0,0,0,0,0,0,0,0,0,0,0,0,0,40501,9675,0,0,0,0,0,0,0,0,0,0,0,0,0,0,0,0,0,0,0,0,0,0,0,TCGA-EW-A1PH-DX1_xmin3455_ymin52049_MPP-0.2500+162
49555,0,0,0,0,621,0,0,0,0,0,0,0,0,0,0,0,0,0,0,0,0,0,0,0,49555,0,0,0,0,621,0,0,0,0,0,0,0,0,0,0,0,0,0,0,0,0,0,0,0,49555,0,0,0,0,621,0,0,0,0,0,0,0,0,0,0,0,0,0,0,0,0,0,0,0,TCGA-EW-A1PH-DX1_xmin3455_ymin52049_MPP-0.2500+163
49042,0,0,0,0,1134,0,0,0,0,0,0,0,0,0,0,0,0,0,0,0,0,0,0,0,49042,0,0,0,0,1134,0,0,0,0,0,0,0,0,0,0,0,0,0,0,0,0,0,0,0,49042,0,0,0,0,1134,0,0,0,0,0,0,0,0,0,0,0,0,0,0,0,0,0,0,0,TCGA-EW-A1PH-DX1_xmin3455_ymin52049_MPP-0.2500+164
20572,19515,0,0,0,1360,8729,0,0,0,0,0,0,0,0,0,0,0,0,0,0,0,0,0,0,20775,19312,0,0,0,1345,8744,0,0,0,0,0,0,0,0,0,0,0,0,0,0,0,0,0,0,20837,19250,0,0,0,1322,8767,0,0,0,0,0,0,0,0,0,0,0,0,0,0,0,0,0,0,TCGA-EW-A1PH-DX1_xmin3455_ymin52049_MPP-0.2500+165
29114,18684,0,0,0,0,2378,0,0,0,0,0,0,0,0,0,0,0,0,0,0,0,0,0,0,28346,19452,0,0,0,0,2378,0,0,0,0,0,0,0,0,0,0,0,0,0,0,0,0,0,0,26860,20938,0,0,0,0,2378,0,0,0,0,0,0,0,0,0,0,0,0,0,0,0,0,0,0,TCGA-EW-A1PH-DX1_xmin3455_ymin52049_MPP-0.2500+166
10678,21804,0,0,0,166,17528,0,0,0,0,0,0,0,0,0,0,0,0,0,0,0,0,0,0,10468,22014,0,0,0,121,17573,0,0,0,0,0,0,0,0,0,0,0,0,0,0,0,0,0,0,10309,22173,0,0,0,94,17600,0,0,0,0,0,0,0,0,0,0,0,0,0,0,0,0,0,0,TCGA-EW-A1PH-DX1_xmin3455_ymin52049_MPP-0.2500+167
21441,26962,0,0,0,55,1718,0,0,0,0,0,0,0,0,0,0,0,0,0,0,0,0,0,0,20809,27594,0,0,0,55,1718,0,0,0,0,0,0,0,0,0,0,0,0,0,0,0,0,0,0,20626,27777,0,0,0,55,1718,0,0,0,0,0,0,0,0,0,0,0,0,0,0,0,0,0,0,TCGA-EW-A1PH-DX1_xmin3455_ymin52049_MPP-0.2500+168
11473,16796,0,0,0,1718,20189,0,0,0,0,0,0,0,0,0,0,0,0,0,0,0,0,0,0,11443,16826,0,0,0,1810,20097,0,0,0,0,0,0,0,0,0,0,0,0,0,0,0,0,0,0,11401,16868,0,0,0,1925,19982,0,0,0,0,0,0,0,0,0,0,0,0,0,0,0,0,0,0,TCGA-EW-A1PH-DX1_xmin3455_ymin52049_MPP-0.2500+169
0,0,0,0,0,0,50176,0,0,0,0,0,0,0,0,0,0,0,0,0,0,0,0,0,0,0,0,0,0,0,0,50176,0,0,0,0,0,0,0,0,0,0,0,0,0,0,0,0,0,0,0,0,0,0,0,0,50176,0,0,0,0,0,0,0,0,0,0,0,0,0,0,0,0,0,0,TCGA-EW-A1PH-DX1_xmin3455_ymin52049_MPP-0.2500+17
15122,18881,0,0,0,939,15234,0,0,0,0,0,0,0,0,0,0,0,0,0,0,0,0,0,0,14648,19355,0,0,0,825,15348,0,0,0,0,0,0,0,0,0,0,0,0,0,0,0,0,0,0,14079,19924,0,0,0,750,15423,0,0,0,0,0,0,0,0,0,0,0,0,0,0,0,0,0,0,TCGA-EW-A1PH-DX1_xmin3455_ymin52049_MPP-0.2500+170
15303,6667,0,0,0,96,12509,0,0,0,0,0,0,0,0,0,15601,0,0,0,0,0,0,0,0,15368,6602,0,0,0,125,12480,0,0,0,0,0,0,0,0,0,15601,0,0,0,0,0,0,0,0,15103,6867,0,0,0,115,12490,0,0,0,0,0,0,0,0,0,15601,0,0,0,0,0,0,0,0,TCGA-EW-A1PH-DX1_xmin3455_ymin52049_MPP-0.2500+171
8239,0,0,8810,0,734,0,0,8044,0,0,0,0,0,0,2674,0,0,21675,0,0,0,0,0,0,8747,0,0,8302,0,736,0,0,8042,0,0,0,0,0,0,3048,0,0,21301,0,0,0,0,0,0,8810,0,0,8239,0,741,0,0,8037,0,0,0,0,0,0,3268,0,0,21081,0,0,0,0,0,0,TCGA-EW-A1PH-DX1_xmin3455_ymin52049_MPP-0.2500+172
50176,0,0,0,0,0,0,0,0,0,0,0,0,0,0,0,0,0,0,0,0,0,0,0,0,50176,0,0,0,0,0,0,0,0,0,0,0,0,0,0,0,0,0,0,0,0,0,0,0,0,50176,0,0,0,0,0,0,0,0,0,0,0,0,0,0,0,0,0,0,0,0,0,0,0,0,TCGA-EW-A1PH-DX1_xmin3455_ymin52049_MPP-0.2500+173
40434,9742,0,0,0,0,0,0,0,0,0,0,0,0,0,0,0,0,0,0,0,0,0,0,0,39983,10193,0,0,0,0,0,0,0,0,0,0,0,0,0,0,0,0,0,0,0,0,0,0,0,39585,10591,0,0,0,0,0,0,0,0,0,0,0,0,0,0,0,0,0,0,0,0,0,0,0,TCGA-EW-A1PH-DX1_xmin3455_ymin52049_MPP-0.2500+174
24927,25249,0,0,0,0,0,0,0,0,0,0,0,0,0,0,0,0,0,0,0,0,0,0,0,24849,25327,0,0,0,0,0,0,0,0,0,0,0,0,0,0,0,0,0,0,0,0,0,0,0,24653,25523,0,0,0,0,0,0,0,0,0,0,0,0,0,0,0,0,0,0,0,0,0,0,0,TCGA-EW-A1PH-DX1_xmin3455_ymin52049_MPP-0.2500+175
31800,18376,0,0,0,0,0,0,0,0,0,0,0,0,0,0,0,0,0,0,0,0,0,0,0,32250,17926,0,0,0,0,0,0,0,0,0,0,0,0,0,0,0,0,0,0,0,0,0,0,0,31844,18332,0,0,0,0,0,0,0,0,0,0,0,0,0,0,0,0,0,0,0,0,0,0,0,TCGA-EW-A1PH-DX1_xmin3455_ymin52049_MPP-0.2500+176
1,50175,0,0,0,0,0,0,0,0,0,0,0,0,0,0,0,0,0,0,0,0,0,0,0,1,50175,0,0,0,0,0,0,0,0,0,0,0,0,0,0,0,0,0,0,0,0,0,0,0,1,50175,0,0,0,0,0,0,0,0,0,0,0,0,0,0,0,0,0,0,0,0,0,0,0,TCGA-EW-A1PH-DX1_xmin3455_ymin52049_MPP-0.2500+177
28325,21851,0,0,0,0,0,0,0,0,0,0,0,0,0,0,0,0,0,0,0,0,0,0,0,27629,22547,0,0,0,0,0,0,0,0,0,0,0,0,0,0,0,0,0,0,0,0,0,0,0,26534,23642,0,0,0,0,0,0,0,0,0,0,0,0,0,0,0,0,0,0,0,0,0,0,0,TCGA-EW-A1PH-DX1_xmin3455_ymin52049_MPP-0.2500+178
35867,10264,0,0,0,1047,2998,0,0,0,0,0,0,0,0,0,0,0,0,0,0,0,0,0,0,35744,10387,0,0,0,968,3077,0,0,0,0,0,0,0,0,0,0,0,0,0,0,0,0,0,0,35438,10693,0,0,0,906,3139,0,0,0,0,0,0,0,0,0,0,0,0,0,0,0,0,0,0,TCGA-EW-A1PH-DX1_xmin3455_ymin52049_MPP-0.2500+179
0,0,0,0,0,0,50176,0,0,0,0,0,0,0,0,0,0,0,0,0,0,0,0,0,0,0,0,0,0,0,0,50176,0,0,0,0,0,0,0,0,0,0,0,0,0,0,0,0,0,0,0,0,0,0,0,0,50176,0,0,0,0,0,0,0,0,0,0,0,0,0,0,0,0,0,0,TCGA-EW-A1PH-DX1_xmin3455_ymin52049_MPP-0.2500+18
22730,16470,0,0,0,2687,8289,0,0,0,0,0,0,0,0,0,0,0,0,0,0,0,0,0,0,22685,16515,0,0,0,2214,8762,0,0,0,0,0,0,0,0,0,0,0,0,0,0,0,0,0,0,22570,16630,0,0,0,2062,8914,0,0,0,0,0,0,0,0,0,0,0,0,0,0,0,0,0,0,TCGA-EW-A1PH-DX1_xmin3455_ymin52049_MPP-0.2500+180
5388,20687,0,0,0,1198,22903,0,0,0,0,0,0,0,0,0,0,0,0,0,0,0,0,0,0,5292,20783,0,0,0,707,23394,0,0,0,0,0,0,0,0,0,0,0,0,0,0,0,0,0,0,5028,21047,0,0,0,478,23623,0,0,0,0,0,0,0,0,0,0,0,0,0,0,0,0,0,0,TCGA-EW-A1PH-DX1_xmin3455_ymin52049_MPP-0.2500+181
33814,16362,0,0,0,0,0,0,0,0,0,0,0,0,0,0,0,0,0,0,0,0,0,0,0,33510,16666,0,0,0,0,0,0,0,0,0,0,0,0,0,0,0,0,0,0,0,0,0,0,0,32716,17460,0,0,0,0,0,0,0,0,0,0,0,0,0,0,0,0,0,0,0,0,0,0,0,TCGA-EW-A1PH-DX1_xmin3455_ymin52049_MPP-0.2500+182
0,20652,0,0,0,0,29524,0,0,0,0,0,0,0,0,0,0,0,0,0,0,0,0,0,0,0,20652,0,0,0,0,29524,0,0,0,0,0,0,0,0,0,0,0,0,0,0,0,0,0,0,0,20652,0,0,0,0,29524,0,0,0,0,0,0,0,0,0,0,0,0,0,0,0,0,0,0,TCGA-EW-A1PH-DX1_xmin3455_ymin52049_MPP-0.2500+183
0,25930,0,0,0,0,17137,0,0,0,0,0,0,0,0,0,7109,0,0,0,0,0,0,0,0,0,25930,0,0,0,0,17137,0,0,0,0,0,0,0,0,0,7109,0,0,0,0,0,0,0,0,0,25930,0,0,0,0,17137,0,0,0,0,0,0,0,0,0,7109,0,0,0,0,0,0,0,0,TCGA-EW-A1PH-DX1_xmin3455_ymin52049_MPP-0.2500+184
2227,859,0,0,0,186,46904,0,0,0,0,0,0,0,0,0,0,0,0,0,0,0,0,0,0,2192,894,0,0,0,174,46916,0,0,0,0,0,0,0,0,0,0,0,0,0,0,0,0,0,0,2232,854,0,0,0,249,46841,0,0,0,0,0,0,0,0,0,0,0,0,0,0,0,0,0,0,TCGA-EW-A1PH-DX1_xmin3455_ymin52049_MPP-0.2500+185
17566,25901,0,0,0,419,6290,0,0,0,0,0,0,0,0,0,0,0,0,0,0,0,0,0,0,17936,25531,0,0,0,419,6290,0,0,0,0,0,0,0,0,0,0,0,0,0,0,0,0,0,0,17863,25604,0,0,0,417,6292,0,0,0,0,0,0,0,0,0,0,0,0,0,0,0,0,0,0,TCGA-EW-A1PH-DX1_xmin3455_ymin52049_MPP-0.2500+186
50176,0,0,0,0,0,0,0,0,0,0,0,0,0,0,0,0,0,0,0,0,0,0,0,0,50176,0,0,0,0,0,0,0,0,0,0,0,0,0,0,0,0,0,0,0,0,0,0,0,0,50176,0,0,0,0,0,0,0,0,0,0,0,0,0,0,0,0,0,0,0,0,0,0,0,0,TCGA-EW-A1PH-DX1_xmin3455_ymin52049_MPP-0.2500+187
32398,17778,0,0,0,0,0,0,0,0,0,0,0,0,0,0,0,0,0,0,0,0,0,0,0,31454,18722,0,0,0,0,0,0,0,0,0,0,0,0,0,0,0,0,0,0,0,0,0,0,0,31408,18768,0,0,0,0,0,0,0,0,0,0,0,0,0,0,0,0,0,0,0,0,0,0,0,TCGA-EW-A1PH-DX1_xmin3455_ymin52049_MPP-0.2500+188
0,50176,0,0,0,0,0,0,0,0,0,0,0,0,0,0,0,0,0,0,0,0,0,0,0,0,50176,0,0,0,0,0,0,0,0,0,0,0,0,0,0,0,0,0,0,0,0,0,0,0,0,50176,0,0,0,0,0,0,0,0,0,0,0,0,0,0,0,0,0,0,0,0,0,0,0,TCGA-EW-A1PH-DX1_xmin3455_ymin52049_MPP-0.2500+189
0,0,0,0,0,0,50176,0,0,0,0,0,0,0,0,0,0,0,0,0,0,0,0,0,0,0,0,0,0,0,0,50176,0,0,0,0,0,0,0,0,0,0,0,0,0,0,0,0,0,0,0,0,0,0,0,0,50176,0,0,0,0,0,0,0,0,0,0,0,0,0,0,0,0,0,0,TCGA-EW-A1PH-DX1_xmin3455_ymin52049_MPP-0.2500+19
28491,21685,0,0,0,0,0,0,0,0,0,0,0,0,0,0,0,0,0,0,0,0,0,0,0,28613,21563,0,0,0,0,0,0,0,0,0,0,0,0,0,0,0,0,0,0,0,0,0,0,0,28154,22022,0,0,0,0,0,0,0,0,0,0,0,0,0,0,0,0,0,0,0,0,0,0,0,TCGA-EW-A1PH-DX1_xmin3455_ymin52049_MPP-0.2500+190
22939,23966,0,0,0,373,2898,0,0,0,0,0,0,0,0,0,0,0,0,0,0,0,0,0,0,22897,24008,0,0,0,340,2931,0,0,0,0,0,0,0,0,0,0,0,0,0,0,0,0,0,0,23062,23843,0,0,0,325,2946,0,0,0,0,0,0,0,0,0,0,0,0,0,0,0,0,0,0,TCGA-EW-A1PH-DX1_xmin3455_ymin52049_MPP-0.2500+191
26099,15930,0,0,0,660,7487,0,0,0,0,0,0,0,0,0,0,0,0,0,0,0,0,0,0,27071,14958,0,0,0,836,7311,0,0,0,0,0,0,0,0,0,0,0,0,0,0,0,0,0,0,26600,15429,0,0,0,798,7349,0,0,0,0,0,0,0,0,0,0,0,0,0,0,0,0,0,0,TCGA-EW-A1PH-DX1_xmin3455_ymin52049_MPP-0.2500+192
19065,10905,0,0,0,2427,17779,0,0,0,0,0,0,0,0,0,0,0,0,0,0,0,0,0,0,18856,11114,0,0,0,2162,18044,0,0,0,0,0,0,0,0,0,0,0,0,0,0,0,0,0,0,18348,11622,0,0,0,1945,18261,0,0,0,0,0,0,0,0,0,0,0,0,0,0,0,0,0,0,TCGA-EW-A1PH-DX1_xmin3455_ymin52049_MPP-0.2500+193
12722,30024,0,0,0,0,7430,0,0,0,0,0,0,0,0,0,0,0,0,0,0,0,0,0,0,12360,30386,0,0,0,0,7430,0,0,0,0,0,0,0,0,0,0,0,0,0,0,0,0,0,0,12284,30462,0,0,0,24,7406,0,0,0,0,0,0,0,0,0,0,0,0,0,0,0,0,0,0,TCGA-EW-A1PH-DX1_xmin3455_ymin52049_MPP-0.2500+194
0,433,0,1710,0,0,42424,0,5609,0,0,0,0,0,0,0,0,0,0,0,0,0,0,0,0,0,837,0,1306,0,0,42978,0,5055,0,0,0,0,0,0,0,0,0,0,0,0,0,0,0,0,0,819,0,1324,0,0,42420,0,5613,0,0,0,0,0,0,0,0,0,0,0,0,0,0,0,0,TCGA-EW-A1PH-DX1_xmin3455_ymin52049_MPP-0.2500+195
10697,9592,0,43,0,227,10905,0,442,0,0,0,0,0,0,251,8153,0,9866,0,0,0,0,0,0,10459,9869,0,4,0,370,11086,0,118,0,0,0,0,0,0,198,8890,0,9182,0,0,0,0,0,0,10622,9656,0,54,0,492,10838,0,244,0,0,0,0,0,0,243,8413,0,9614,0,0,0,0,0,0,TCGA-EW-A1PH-DX1_xmin3455_ymin52049_MPP-0.2500+196
12473,3445,0,0,0,2199,32059,0,0,0,0,0,0,0,0,0,0,0,0,0,0,0,0,0,0,12450,3468,0,0,0,2238,32020,0,0,0,0,0,0,0,0,0,0,0,0,0,0,0,0,0,0,12460,3458,0,0,0,2141,32117,0,0,0,0,0,0,0,0,0,0,0,0,0,0,0,0,0,0,TCGA-EW-A1PH-DX1_xmin3455_ymin52049_MPP-0.2500+197
13459,22205,0,0,0,2937,11575,0,0,0,0,0,0,0,0,0,0,0,0,0,0,0,0,0,0,13432,22232,0,0,0,3230,11282,0,0,0,0,0,0,0,0,0,0,0,0,0,0,0,0,0,0,13438,22226,0,0,0,3443,11069,0,0,0,0,0,0,0,0,0,0,0,0,0,0,0,0,0,0,TCGA-EW-A1PH-DX1_xmin3455_ymin52049_MPP-0.2500+198
50176,0,0,0,0,0,0,0,0,0,0,0,0,0,0,0,0,0,0,0,0,0,0,0,0,50176,0,0,0,0,0,0,0,0,0,0,0,0,0,0,0,0,0,0,0,0,0,0,0,0,50176,0,0,0,0,0,0,0,0,0,0,0,0,0,0,0,0,0,0,0,0,0,0,0,0,TCGA-EW-A1PH-DX1_xmin3455_ymin52049_MPP-0.2500+199
0,0,0,0,0,0,50176,0,0,0,0,0,0,0,0,0,0,0,0,0,0,0,0,0,0,0,0,0,0,0,0,50176,0,0,0,0,0,0,0,0,0,0,0,0,0,0,0,0,0,0,0,0,0,0,0,0,50176,0,0,0,0,0,0,0,0,0,0,0,0,0,0,0,0,0,0,TCGA-EW-A1PH-DX1_xmin3455_ymin52049_MPP-0.2500+2
0,0,0,0,0,0,50176,0,0,0,0,0,0,0,0,0,0,0,0,0,0,0,0,0,0,0,0,0,0,0,0,50176,0,0,0,0,0,0,0,0,0,0,0,0,0,0,0,0,0,0,0,0,0,0,0,0,50176,0,0,0,0,0,0,0,0,0,0,0,0,0,0,0,0,0,0,TCGA-EW-A1PH-DX1_xmin3455_ymin52049_MPP-0.2500+20
32421,17755,0,0,0,0,0,0,0,0,0,0,0,0,0,0,0,0,0,0,0,0,0,0,0,50176,0,0,0,0,0,0,0,0,0,0,0,0,0,0,0,0,0,0,0,0,0,0,0,0,50176,0,0,0,0,0,0,0,0,0,0,0,0,0,0,0,0,0,0,0,0,0,0,0,0,TCGA-EW-A1PH-DX1_xmin3455_ymin52049_MPP-0.2500+200
29603,20573,0,0,0,0,0,0,0,0,0,0,0,0,0,0,0,0,0,0,0,0,0,0,0,28931,21245,0,0,0,0,0,0,0,0,0,0,0,0,0,0,0,0,0,0,0,0,0,0,0,28338,21838,0,0,0,0,0,0,0,0,0,0,0,0,0,0,0,0,0,0,0,0,0,0,0,TCGA-EW-A1PH-DX1_xmin3455_ymin52049_MPP-0.2500+201
49260,0,0,0,0,916,0,0,0,0,0,0,0,0,0,0,0,0,0,0,0,0,0,0,0,49260,0,0,0,0,916,0,0,0,0,0,0,0,0,0,0,0,0,0,0,0,0,0,0,0,49260,0,0,0,0,916,0,0,0,0,0,0,0,0,0,0,0,0,0,0,0,0,0,0,0,TCGA-EW-A1PH-DX1_xmin3455_ymin52049_MPP-0.2500+202
27777,13858,0,0,0,455,8086,0,0,0,0,0,0,0,0,0,0,0,0,0,0,0,0,0,0,27733,13902,0,0,0,464,8077,0,0,0,0,0,0,0,0,0,0,0,0,0,0,0,0,0,0,27626,14009,0,0,0,463,8078,0,0,0,0,0,0,0,0,0,0,0,0,0,0,0,0,0,0,TCGA-EW-A1PH-DX1_xmin3455_ymin52049_MPP-0.2500+203
9680,33961,0,0,0,0,6535,0,0,0,0,0,0,0,0,0,0,0,0,0,0,0,0,0,0,9589,34052,0,0,0,0,6535,0,0,0,0,0,0,0,0,0,0,0,0,0,0,0,0,0,0,10008,33633,0,0,0,0,6535,0,0,0,0,0,0,0,0,0,0,0,0,0,0,0,0,0,0,TCGA-EW-A1PH-DX1_xmin3455_ymin52049_MPP-0.2500+204
0,14745,0,1229,0,0,27265,0,6937,0,0,0,0,0,0,0,0,0,0,0,0,0,0,0,0,0,14748,0,1226,0,0,28575,0,5627,0,0,0,0,0,0,0,0,0,0,0,0,0,0,0,0,0,14738,0,1236,0,0,27285,0,6917,0,0,0,0,0,0,0,0,0,0,0,0,0,0,0,0,TCGA-EW-A1PH-DX1_xmin3455_ymin52049_MPP-0.2500+205
0,32762,0,0,0,0,16654,0,0,0,0,0,0,0,0,0,760,0,0,0,0,0,0,0,0,0,32762,0,0,0,0,16654,0,0,0,0,0,0,0,0,0,760,0,0,0,0,0,0,0,0,0,32762,0,0,0,0,16654,0,0,0,0,0,0,0,0,0,760,0,0,0,0,0,0,0,0,TCGA-EW-A1PH-DX1_xmin3455_ymin52049_MPP-0.2500+206
33883,4134,0,0,0,1674,10485,0,0,0,0,0,0,0,0,0,0,0,0,0,0,0,0,0,0,33898,4119,0,0,0,1673,10486,0,0,0,0,0,0,0,0,0,0,0,0,0,0,0,0,0,0,33411,4606,0,0,0,1573,10586,0,0,0,0,0,0,0,0,0,0,0,0,0,0,0,0,0,0,TCGA-EW-A1PH-DX1_xmin3455_ymin52049_MPP-0.2500+207
13856,21801,0,0,0,417,14102,0,0,0,0,0,0,0,0,0,0,0,0,0,0,0,0,0,0,13905,21752,0,0,0,516,14003,0,0,0,0,0,0,0,0,0,0,0,0,0,0,0,0,0,0,14183,21474,0,0,0,625,13894,0,0,0,0,0,0,0,0,0,0,0,0,0,0,0,0,0,0,TCGA-EW-A1PH-DX1_xmin3455_ymin52049_MPP-0.2500+208
45614,4562,0,0,0,0,0,0,0,0,0,0,0,0,0,0,0,0,0,0,0,0,0,0,0,45619,4557,0,0,0,0,0,0,0,0,0,0,0,0,0,0,0,0,0,0,0,0,0,0,0,45406,4770,0,0,0,0,0,0,0,0,0,0,0,0,0,0,0,0,0,0,0,0,0,0,0,TCGA-EW-A1PH-DX1_xmin3455_ymin52049_MPP-0.2500+209
0,0,0,0,0,0,50176,0,0,0,0,0,0,0,0,0,0,0,0,0,0,0,0,0,0,0,0,0,0,0,0,50176,0,0,0,0,0,0,0,0,0,0,0,0,0,0,0,0,0,0,0,0,0,0,0,0,50176,0,0,0,0,0,0,0,0,0,0,0,0,0,0,0,0,0,0,TCGA-EW-A1PH-DX1_xmin3455_ymin52049_MPP-0.2500+21
41283,8893,0,0,0,0,0,0,0,0,0,0,0,0,0,0,0,0,0,0,0,0,0,0,0,41030,9146,0,0,0,0,0,0,0,0,0,0,0,0,0,0,0,0,0,0,0,0,0,0,0,40128,10048,0,0,0,0,0,0,0,0,0,0,0,0,0,0,0,0,0,0,0,0,0,0,0,TCGA-EW-A1PH-DX1_xmin3455_ymin52049_MPP-0.2500+210
50176,0,0,0,0,0,0,0,0,0,0,0,0,0,0,0,0,0,0,0,0,0,0,0,0,50176,0,0,0,0,0,0,0,0,0,0,0,0,0,0,0,0,0,0,0,0,0,0,0,0,50176,0,0,0,0,0,0,0,0,0,0,0,0,0,0,0,0,0,0,0,0,0,0,0,0,TCGA-EW-A1PH-DX1_xmin3455_ymin52049_MPP-0.2500+211
35345,13493,0,0,0,0,1338,0,0,0,0,0,0,0,0,0,0,0,0,0,0,0,0,0,0,35317,13521,0,0,0,0,1338,0,0,0,0,0,0,0,0,0,0,0,0,0,0,0,0,0,0,35209,13629,0,0,0,0,1338,0,0,0,0,0,0,0,0,0,0,0,0,0,0,0,0,0,0,TCGA-EW-A1PH-DX1_xmin3455_ymin52049_MPP-0.2500+212
9659,29339,0,0,0,94,11084,0,0,0,0,0,0,0,0,0,0,0,0,0,0,0,0,0,0,9454,29544,0,0,0,91,11087,0,0,0,0,0,0,0,0,0,0,0,0,0,0,0,0,0,0,9640,29358,0,0,0,183,10995,0,0,0,0,0,0,0,0,0,0,0,0,0,0,0,0,0,0,TCGA-EW-A1PH-DX1_xmin3455_ymin52049_MPP-0.2500+213
14301,857,0,0,0,6150,28868,0,0,0,0,0,0,0,0,0,0,0,0,0,0,0,0,0,0,14287,871,0,0,0,6582,28436,0,0,0,0,0,0,0,0,0,0,0,0,0,0,0,0,0,0,14246,912,0,0,0,5471,29547,0,0,0,0,0,0,0,0,0,0,0,0,0,0,0,0,0,0,TCGA-EW-A1PH-DX1_xmin3455_ymin52049_MPP-0.2500+214
20018,13775,0,0,0,1011,15372,0,0,0,0,0,0,0,0,0,0,0,0,0,0,0,0,0,0,19820,13973,0,0,0,1043,15340,0,0,0,0,0,0,0,0,0,0,0,0,0,0,0,0,0,0,20060,13733,0,0,0,1037,15346,0,0,0,0,0,0,0,0,0,0,0,0,0,0,0,0,0,0,TCGA-EW-A1PH-DX1_xmin3455_ymin52049_MPP-0.2500+215
19576,5430,0,0,0,533,24637,0,0,0,0,0,0,0,0,0,0,0,0,0,0,0,0,0,0,19552,5454,0,0,0,864,24306,0,0,0,0,0,0,0,0,0,0,0,0,0,0,0,0,0,0,19427,5579,0,0,0,1227,23943,0,0,0,0,0,0,0,0,0,0,0,0,0,0,0,0,0,0,TCGA-EW-A1PH-DX1_xmin3455_ymin52049_MPP-0.2500+216
25800,11738,0,0,0,1297,11341,0,0,0,0,0,0,0,0,0,0,0,0,0,0,0,0,0,0,25663,11875,0,0,0,1211,11427,0,0,0,0,0,0,0,0,0,0,0,0,0,0,0,0,0,0,24688,12850,0,0,0,952,11686,0,0,0,0,0,0,0,0,0,0,0,0,0,0,0,0,0,0,TCGA-EW-A1PH-DX1_xmin3455_ymin52049_MPP-0.2500+217
34119,16057,0,0,0,0,0,0,0,0,0,0,0,0,0,0,0,0,0,0,0,0,0,0,0,34675,15501,0,0,0,0,0,0,0,0,0,0,0,0,0,0,0,0,0,0,0,0,0,0,0,33829,16347,0,0,0,0,0,0,0,0,0,0,0,0,0,0,0,0,0,0,0,0,0,0,0,TCGA-EW-A1PH-DX1_xmin3455_ymin52049_MPP-0.2500+218
31144,19032,0,0,0,0,0,0,0,0,0,0,0,0,0,0,0,0,0,0,0,0,0,0,0,31376,18800,0,0,0,0,0,0,0,0,0,0,0,0,0,0,0,0,0,0,0,0,0,0,0,31579,18597,0,0,0,0,0,0,0,0,0,0,0,0,0,0,0,0,0,0,0,0,0,0,0,TCGA-EW-A1PH-DX1_xmin3455_ymin52049_MPP-0.2500+219
0,0,0,0,0,0,42062,2620,0,0,0,561,4514,0,0,0,0,0,0,0,0,0,0,0,419,0,0,0,0,0,0,42287,2395,0,0,0,602,4473,0,0,0,0,0,0,0,0,0,0,0,419,0,0,0,0,0,0,42258,2424,0,0,0,669,4406,0,0,0,0,0,0,0,0,0,0,0,419,TCGA-EW-A1PH-DX1_xmin3455_ymin52049_MPP-0.2500+22
11779,15798,0,0,0,3856,18743,0,0,0,0,0,0,0,0,0,0,0,0,0,0,0,0,0,0,11963,15614,0,0,0,3892,18707,0,0,0,0,0,0,0,0,0,0,0,0,0,0,0,0,0,0,12145,15432,0,0,0,3954,18645,0,0,0,0,0,0,0,0,0,0,0,0,0,0,0,0,0,0,TCGA-EW-A1PH-DX1_xmin3455_ymin52049_MPP-0.2500+220
29164,10816,0,0,0,556,9640,0,0,0,0,0,0,0,0,0,0,0,0,0,0,0,0,0,0,29331,10649,0,0,0,593,9603,0,0,0,0,0,0,0,0,0,0,0,0,0,0,0,0,0,0,29167,10813,0,0,0,587,9609,0,0,0,0,0,0,0,0,0,0,0,0,0,0,0,0,0,0,TCGA-EW-A1PH-DX1_xmin3455_ymin52049_MPP-0.2500+221
31549,13712,0,0,0,672,4243,0,0,0,0,0,0,0,0,0,0,0,0,0,0,0,0,0,0,31306,13955,0,0,0,576,4339,0,0,0,0,0,0,0,0,0,0,0,0,0,0,0,0,0,0,30895,14366,0,0,0,540,4375,0,0,0,0,0,0,0,0,0,0,0,0,0,0,0,0,0,0,TCGA-EW-A1PH-DX1_xmin3455_ymin52049_MPP-0.2500+222
27499,14117,0,0,0,11,8549,0,0,0,0,0,0,0,0,0,0,0,0,0,0,0,0,0,0,27754,13862,0,0,0,11,8549,0,0,0,0,0,0,0,0,0,0,0,0,0,0,0,0,0,0,28512,13104,0,0,0,7,8553,0,0,0,0,0,0,0,0,0,0,0,0,0,0,0,0,0,0,TCGA-EW-A1PH-DX1_xmin3455_ymin52049_MPP-0.2500+223
24009,18286,0,0,0,0,7881,0,0,0,0,0,0,0,0,0,0,0,0,0,0,0,0,0,0,24164,18131,0,0,0,0,7881,0,0,0,0,0,0,0,0,0,0,0,0,0,0,0,0,0,0,24424,17871,0,0,0,6,7875,0,0,0,0,0,0,0,0,0,0,0,0,0,0,0,0,0,0,TCGA-EW-A1PH-DX1_xmin3455_ymin52049_MPP-0.2500+224
17603,10042,0,0,0,4793,17738,0,0,0,0,0,0,0,0,0,0,0,0,0,0,0,0,0,0,17629,10016,0,0,0,4489,18042,0,0,0,0,0,0,0,0,0,0,0,0,0,0,0,0,0,0,17766,9879,0,0,0,4519,18012,0,0,0,0,0,0,0,0,0,0,0,0,0,0,0,0,0,0,TCGA-EW-A1PH-DX1_xmin3455_ymin52049_MPP-0.2500+225
23377,19306,0,0,0,0,7493,0,0,0,0,0,0,0,0,0,0,0,0,0,0,0,0,0,0,23380,19303,0,0,0,0,7493,0,0,0,0,0,0,0,0,0,0,0,0,0,0,0,0,0,0,23561,19122,0,0,0,0,7493,0,0,0,0,0,0,0,0,0,0,0,0,0,0,0,0,0,0,TCGA-EW-A1PH-DX1_xmin3455_ymin52049_MPP-0.2500+226
18970,7382,0,0,0,2558,21266,0,0,0,0,0,0,0,0,0,0,0,0,0,0,0,0,0,0,18960,7392,0,0,0,2602,21222,0,0,0,0,0,0,0,0,0,0,0,0,0,0,0,0,0,0,19038,7314,0,0,0,2687,21137,0,0,0,0,0,0,0,0,0,0,0,0,0,0,0,0,0,0,TCGA-EW-A1PH-DX1_xmin3455_ymin52049_MPP-0.2500+227
23280,22665,0,0,0,59,4172,0,0,0,0,0,0,0,0,0,0,0,0,0,0,0,0,0,0,22016,23929,0,0,0,15,4216,0,0,0,0,0,0,0,0,0,0,0,0,0,0,0,0,0,0,22439,23506,0,0,0,23,4208,0,0,0,0,0,0,0,0,0,0,0,0,0,0,0,0,0,0,TCGA-EW-A1PH-DX1_xmin3455_ymin52049_MPP-0.2500+228
34464,13452,0,0,0,0,2260,0,0,0,0,0,0,0,0,0,0,0,0,0,0,0,0,0,0,34415,13501,0,0,0,0,2260,0,0,0,0,0,0,0,0,0,0,0,0,0,0,0,0,0,0,34264,13652,0,0,0,0,2260,0,0,0,0,0,0,0,0,0,0,0,0,0,0,0,0,0,0,TCGA-EW-A1PH-DX1_xmin3455_ymin52049_MPP-0.2500+229
0,0,0,0,0,0,17888,1484,0,0,0,14551,16253,0,0,0,0,0,0,0,0,0,0,0,0,0,0,0,0,0,0,17675,1697,0,0,0,14652,16152,0,0,0,0,0,0,0,0,0,0,0,0,0,0,0,0,0,0,17379,1993,0,0,0,14784,16020,0,0,0,0,0,0,0,0,0,0,0,0,TCGA-EW-A1PH-DX1_xmin3455_ymin52049_MPP-0.2500+23
0,0,0,0,0,0,6525,543,0,0,0,31392,11716,0,0,0,0,0,0,0,0,0,0,0,0,0,0,0,0,0,0,6528,540,0,0,0,32226,10882,0,0,0,0,0,0,0,0,0,0,0,0,0,0,0,0,0,0,6525,543,0,0,0,32324,10784,0,0,0,0,0,0,0,0,0,0,0,0,TCGA-EW-A1PH-DX1_xmin3455_ymin52049_MPP-0.2500+24
0,0,0,0,0,0,14921,0,0,0,0,7918,27337,0,0,0,0,0,0,0,0,0,0,0,0,0,0,0,0,0,0,14921,0,0,0,0,8533,26722,0,0,0,0,0,0,0,0,0,0,0,0,0,0,0,0,0,0,14921,0,0,0,0,9211,26044,0,0,0,0,0,0,0,0,0,0,0,0,TCGA-EW-A1PH-DX1_xmin3455_ymin52049_MPP-0.2500+25
0,0,0,0,0,0,50176,0,0,0,0,0,0,0,0,0,0,0,0,0,0,0,0,0,0,0,0,0,0,0,0,50176,0,0,0,0,0,0,0,0,0,0,0,0,0,0,0,0,0,0,0,0,0,0,0,0,50176,0,0,0,0,0,0,0,0,0,0,0,0,0,0,0,0,0,0,TCGA-EW-A1PH-DX1_xmin3455_ymin52049_MPP-0.2500+26
0,0,0,0,0,0,50176,0,0,0,0,0,0,0,0,0,0,0,0,0,0,0,0,0,0,0,0,0,0,0,0,50176,0,0,0,0,0,0,0,0,0,0,0,0,0,0,0,0,0,0,0,0,0,0,0,0,50176,0,0,0,0,0,0,0,0,0,0,0,0,0,0,0,0,0,0,TCGA-EW-A1PH-DX1_xmin3455_ymin52049_MPP-0.2500+27
0,0,0,0,0,4,50172,0,0,0,0,0,0,0,0,0,0,0,0,0,0,0,0,0,0,0,0,0,0,0,4,50172,0,0,0,0,0,0,0,0,0,0,0,0,0,0,0,0,0,0,0,0,0,0,0,0,50176,0,0,0,0,0,0,0,0,0,0,0,0,0,0,0,0,0,0,TCGA-EW-A1PH-DX1_xmin3455_ymin52049_MPP-0.2500+28
0,0,0,0,0,0,38813,2449,0,0,0,1137,7777,0,0,0,0,0,0,0,0,0,0,0,0,0,0,0,0,0,0,38785,2477,0,0,0,1232,7682,0,0,0,0,0,0,0,0,0,0,0,0,0,0,0,0,0,0,38708,2554,0,0,0,1048,7866,0,0,0,0,0,0,0,0,0,0,0,0,TCGA-EW-A1PH-DX1_xmin3455_ymin52049_MPP-0.2500+29
0,0,0,0,0,0,50176,0,0,0,0,0,0,0,0,0,0,0,0,0,0,0,0,0,0,0,0,0,0,0,0,50176,0,0,0,0,0,0,0,0,0,0,0,0,0,0,0,0,0,0,0,0,0,0,0,0,50176,0,0,0,0,0,0,0,0,0,0,0,0,0,0,0,0,0,0,TCGA-EW-A1PH-DX1_xmin3455_ymin52049_MPP-0.2500+3
0,0,0,0,0,0,36210,0,0,0,0,13966,0,0,0,0,0,0,0,0,0,0,0,0,0,0,0,0,0,0,0,36210,0,0,0,0,13966,0,0,0,0,0,0,0,0,0,0,0,0,0,0,0,0,0,0,0,36210,0,0,0,0,13966,0,0,0,0,0,0,0,0,0,0,0,0,0,TCGA-EW-A1PH-DX1_xmin3455_ymin52049_MPP-0.2500+30
0,0,0,0,0,0,50176,0,0,0,0,0,0,0,0,0,0,0,0,0,0,0,0,0,0,0,0,0,0,0,0,50176,0,0,0,0,0,0,0,0,0,0,0,0,0,0,0,0,0,0,0,0,0,0,0,0,50176,0,0,0,0,0,0,0,0,0,0,0,0,0,0,0,0,0,0,TCGA-EW-A1PH-DX1_xmin3455_ymin52049_MPP-0.2500+31
0,0,0,0,0,0,26790,8024,0,0,0,6051,9311,0,0,0,0,0,0,0,0,0,0,0,0,0,0,0,0,0,0,26760,8054,0,0,0,5996,9366,0,0,0,0,0,0,0,0,0,0,0,0,0,0,0,0,0,0,26569,8245,0,0,0,5950,9412,0,0,0,0,0,0,0,0,0,0,0,0,TCGA-EW-A1PH-DX1_xmin3455_ymin52049_MPP-0.2500+32
0,0,0,0,0,0,16064,13383,0,0,0,9370,11358,0,0,0,1,0,0,0,0,0,0,0,0,0,0,0,0,0,0,16571,12876,0,0,0,9517,11211,0,0,0,1,0,0,0,0,0,0,0,0,0,0,0,0,0,0,17259,12188,0,0,0,9918,10810,0,0,0,1,0,0,0,0,0,0,0,0,TCGA-EW-A1PH-DX1_xmin3455_ymin52049_MPP-0.2500+33
0,0,0,0,0,0,2626,20,0,0,0,20278,27252,0,0,0,0,0,0,0,0,0,0,0,0,0,0,0,0,0,0,2632,14,0,0,0,20776,26754,0,0,0,0,0,0,0,0,0,0,0,0,0,0,0,0,0,0,2639,7,0,0,0,21766,25764,0,0,0,0,0,0,0,0,0,0,0,0,TCGA-EW-A1PH-DX1_xmin3455_ymin52049_MPP-0.2500+34
0,0,0,0,0,0,0,0,0,0,0,38257,11919,0,0,0,0,0,0,0,0,0,0,0,0,0,0,0,0,0,0,0,0,0,0,0,40111,10065,0,0,0,0,0,0,0,0,0,0,0,0,0,0,0,0,0,0,0,0,0,0,0,39753,10423,0,0,0,0,0,0,0,0,0,0,0,0,TCGA-EW-A1PH-DX1_xmin3455_ymin52049_MPP-0.2500+35
0,0,0,0,0,0,1999,0,0,0,0,23764,23330,0,0,0,0,0,0,0,0,0,0,0,1083,0,0,0,0,0,0,1999,0,0,0,0,24816,22278,0,0,0,0,0,0,0,0,0,0,0,1083,0,0,0,0,0,0,1999,0,0,0,0,24812,22282,0,0,0,0,0,0,0,0,0,0,0,1083,TCGA-EW-A1PH-DX1_xmin3455_ymin52049_MPP-0.2500+36
0,0,0,0,0,0,10684,0,0,0,0,8816,0,0,0,0,0,0,0,0,0,0,0,0,30676,0,0,0,0,0,0,10684,0,0,0,0,8816,0,0,0,0,0,0,0,0,0,0,0,0,30676,0,0,0,0,0,0,10684,0,0,0,0,8816,0,0,0,0,0,0,0,0,0,0,0,0,30676,TCGA-EW-A1PH-DX1_xmin3455_ymin52049_MPP-0.2500+37
0,0,0,0,0,0,50176,0,0,0,0,0,0,0,0,0,0,0,0,0,0,0,0,0,0,0,0,0,0,0,0,50176,0,0,0,0,0,0,0,0,0,0,0,0,0,0,0,0,0,0,0,0,0,0,0,0,50176,0,0,0,0,0,0,0,0,0,0,0,0,0,0,0,0,0,0,TCGA-EW-A1PH-DX1_xmin3455_ymin52049_MPP-0.2500+38
0,0,0,0,0,0,50176,0,0,0,0,0,0,0,0,0,0,0,0,0,0,0,0,0,0,0,0,0,0,0,0,50176,0,0,0,0,0,0,0,0,0,0,0,0,0,0,0,0,0,0,0,0,0,0,0,0,50176,0,0,0,0,0,0,0,0,0,0,0,0,0,0,0,0,0,0,TCGA-EW-A1PH-DX1_xmin3455_ymin52049_MPP-0.2500+39
0,0,0,0,0,0,50176,0,0,0,0,0,0,0,0,0,0,0,0,0,0,0,0,0,0,0,0,0,0,0,0,50176,0,0,0,0,0,0,0,0,0,0,0,0,0,0,0,0,0,0,0,0,0,0,0,0,50176,0,0,0,0,0,0,0,0,0,0,0,0,0,0,0,0,0,0,TCGA-EW-A1PH-DX1_xmin3455_ymin52049_MPP-0.2500+4
0,0,0,0,0,0,50176,0,0,0,0,0,0,0,0,0,0,0,0,0,0,0,0,0,0,0,0,0,0,0,0,50176,0,0,0,0,0,0,0,0,0,0,0,0,0,0,0,0,0,0,0,0,0,0,0,0,50176,0,0,0,0,0,0,0,0,0,0,0,0,0,0,0,0,0,0,TCGA-EW-A1PH-DX1_xmin3455_ymin52049_MPP-0.2500+40
0,0,0,0,0,0,50176,0,0,0,0,0,0,0,0,0,0,0,0,0,0,0,0,0,0,0,0,0,0,0,0,50176,0,0,0,0,0,0,0,0,0,0,0,0,0,0,0,0,0,0,0,0,0,0,0,0,50176,0,0,0,0,0,0,0,0,0,0,0,0,0,0,0,0,0,0,TCGA-EW-A1PH-DX1_xmin3455_ymin52049_MPP-0.2500+41
0,0,0,0,0,0,50176,0,0,0,0,0,0,0,0,0,0,0,0,0,0,0,0,0,0,0,0,0,0,0,0,50176,0,0,0,0,0,0,0,0,0,0,0,0,0,0,0,0,0,0,0,0,0,0,0,0,50176,0,0,0,0,0,0,0,0,0,0,0,0,0,0,0,0,0,0,TCGA-EW-A1PH-DX1_xmin3455_ymin52049_MPP-0.2500+42
0,0,0,0,0,0,50176,0,0,0,0,0,0,0,0,0,0,0,0,0,0,0,0,0,0,0,0,0,0,0,0,50176,0,0,0,0,0,0,0,0,0,0,0,0,0,0,0,0,0,0,0,0,0,0,0,0,50176,0,0,0,0,0,0,0,0,0,0,0,0,0,0,0,0,0,0,TCGA-EW-A1PH-DX1_xmin3455_ymin52049_MPP-0.2500+43
0,0,0,0,0,0,44780,0,0,0,0,5396,0,0,0,0,0,0,0,0,0,0,0,0,0,0,0,0,0,0,0,44780,0,0,0,0,5396,0,0,0,0,0,0,0,0,0,0,0,0,0,0,0,0,0,0,0,44780,0,0,0,0,5396,0,0,0,0,0,0,0,0,0,0,0,0,0,TCGA-EW-A1PH-DX1_xmin3455_ymin52049_MPP-0.2500+44
0,0,0,0,0,0,3674,0,0,0,0,27728,11603,0,0,0,0,0,0,0,0,0,0,0,7171,0,0,0,0,0,0,3674,0,0,0,0,29655,9676,0,0,0,0,0,0,0,0,0,0,0,7171,0,0,0,0,0,0,3674,0,0,0,0,29832,9499,0,0,0,0,0,0,0,0,0,0,0,7171,TCGA-EW-A1PH-DX1_xmin3455_ymin52049_MPP-0.2500+45
0,0,0,0,0,0,0,997,0,0,0,0,49179,0,0,0,0,0,0,0,0,0,0,0,0,0,0,0,0,0,0,0,997,0,0,0,0,49179,0,0,0,0,0,0,0,0,0,0,0,0,0,0,0,0,0,0,0,997,0,0,0,0,49179,0,0,0,0,0,0,0,0,0,0,0,0,TCGA-EW-A1PH-DX1_xmin3455_ymin52049_MPP-0.2500+46
0,0,0,0,0,0,649,298,0,0,0,28432,20797,0,0,0,0,0,0,0,0,0,0,0,0,0,0,0,0,0,0,728,219,0,0,0,29461,19768,0,0,0,0,0,0,0,0,0,0,0,0,0,0,0,0,0,0,745,202,0,0,0,29122,20107,0,0,0,0,0,0,0,0,0,0,0,0,TCGA-EW-A1PH-DX1_xmin3455_ymin52049_MPP-0.2500+47
0,0,0,0,0,0,0,0,0,0,0,33940,16236,0,0,0,0,0,0,0,0,0,0,0,0,0,0,0,0,0,0,0,0,0,0,0,35814,14362,0,0,0,0,0,0,0,0,0,0,0,0,0,0,0,0,0,0,0,0,0,0,0,36033,14143,0,0,0,0,0,0,0,0,0,0,0,0,TCGA-EW-A1PH-DX1_xmin3455_ymin52049_MPP-0.2500+48
0,0,0,0,0,0,0,0,0,0,0,21798,28378,0,0,0,0,0,0,0,0,0,0,0,0,0,0,0,0,0,0,0,0,0,0,0,21871,28305,0,0,0,0,0,0,0,0,0,0,0,0,0,0,0,0,0,0,0,0,0,0,0,22214,27962,0,0,0,0,0,0,0,0,0,0,0,0,TCGA-EW-A1PH-DX1_xmin3455_ymin52049_MPP-0.2500+49
0,0,0,0,0,0,50176,0,0,0,0,0,0,0,0,0,0,0,0,0,0,0,0,0,0,0,0,0,0,0,0,50176,0,0,0,0,0,0,0,0,0,0,0,0,0,0,0,0,0,0,0,0,0,0,0,0,50176,0,0,0,0,0,0,0,0,0,0,0,0,0,0,0,0,0,0,TCGA-EW-A1PH-DX1_xmin3455_ymin52049_MPP-0.2500+5
0,0,0,0,0,0,24961,0,0,0,0,24354,0,0,0,0,0,0,0,0,0,0,0,0,861,0,0,0,0,0,0,24961,0,0,0,0,24354,0,0,0,0,0,0,0,0,0,0,0,0,861,0,0,0,0,0,0,24961,0,0,0,0,24354,0,0,0,0,0,0,0,0,0,0,0,0,861,TCGA-EW-A1PH-DX1_xmin3455_ymin52049_MPP-0.2500+50
0,0,0,0,0,0,50176,0,0,0,0,0,0,0,0,0,0,0,0,0,0,0,0,0,0,0,0,0,0,0,0,50176,0,0,0,0,0,0,0,0,0,0,0,0,0,0,0,0,0,0,0,0,0,0,0,0,50176,0,0,0,0,0,0,0,0,0,0,0,0,0,0,0,0,0,0,TCGA-EW-A1PH-DX1_xmin3455_ymin52049_MPP-0.2500+51
0,0,0,0,0,0,50176,0,0,0,0,0,0,0,0,0,0,0,0,0,0,0,0,0,0,0,0,0,0,0,0,50176,0,0,0,0,0,0,0,0,0,0,0,0,0,0,0,0,0,0,0,0,0,0,0,0,50176,0,0,0,0,0,0,0,0,0,0,0,0,0,0,0,0,0,0,TCGA-EW-A1PH-DX1_xmin3455_ymin52049_MPP-0.2500+52
0,0,0,0,0,0,48126,0,0,0,0,2050,0,0,0,0,0,0,0,0,0,0,0,0,0,0,0,0,0,0,0,48126,0,0,0,0,2050,0,0,0,0,0,0,0,0,0,0,0,0,0,0,0,0,0,0,0,48126,0,0,0,0,2050,0,0,0,0,0,0,0,0,0,0,0,0,0,TCGA-EW-A1PH-DX1_xmin3455_ymin52049_MPP-0.2500+53
0,0,0,0,0,0,48904,0,0,0,0,1272,0,0,0,0,0,0,0,0,0,0,0,0,0,0,0,0,0,0,0,48904,0,0,0,0,1272,0,0,0,0,0,0,0,0,0,0,0,0,0,0,0,0,0,0,0,48904,0,0,0,0,1272,0,0,0,0,0,0,0,0,0,0,0,0,0,TCGA-EW-A1PH-DX1_xmin3455_ymin52049_MPP-0.2500+54
0,0,0,0,0,0,50176,0,0,0,0,0,0,0,0,0,0,0,0,0,0,0,0,0,0,0,0,0,0,0,0,50176,0,0,0,0,0,0,0,0,0,0,0,0,0,0,0,0,0,0,0,0,0,0,0,0,50176,0,0,0,0,0,0,0,0,0,0,0,0,0,0,0,0,0,0,TCGA-EW-A1PH-DX1_xmin3455_ymin52049_MPP-0.2500+55
0,0,0,0,0,0,50176,0,0,0,0,0,0,0,0,0,0,0,0,0,0,0,0,0,0,0,0,0,0,0,0,50176,0,0,0,0,0,0,0,0,0,0,0,0,0,0,0,0,0,0,0,0,0,0,0,0,50176,0,0,0,0,0,0,0,0,0,0,0,0,0,0,0,0,0,0,TCGA-EW-A1PH-DX1_xmin3455_ymin52049_MPP-0.2500+56
0,0,0,0,0,0,18662,0,0,0,0,31514,0,0,0,0,0,0,0,0,0,0,0,0,0,0,0,0,0,0,0,18662,0,0,0,0,31514,0,0,0,0,0,0,0,0,0,0,0,0,0,0,0,0,0,0,0,18662,0,0,0,0,31514,0,0,0,0,0,0,0,0,0,0,0,0,0,TCGA-EW-A1PH-DX1_xmin3455_ymin52049_MPP-0.2500+57
0,0,0,0,0,0,0,0,0,0,0,25197,23585,0,0,0,0,0,0,0,0,0,0,0,1394,0,0,0,0,0,0,0,0,0,0,0,25270,23512,0,0,0,0,0,0,0,0,0,0,0,1394,0,0,0,0,0,0,0,0,0,0,0,25740,23042,0,0,0,0,0,0,0,0,0,0,0,1394,TCGA-EW-A1PH-DX1_xmin3455_ymin52049_MPP-0.2500+58
0,0,0,0,0,0,0,0,0,0,0,14735,31991,0,0,0,0,0,0,0,0,0,0,0,3450,0,0,0,0,0,0,0,0,0,0,0,14943,31783,0,0,0,0,0,0,0,0,0,0,0,3450,0,0,0,0,0,0,0,0,0,0,0,15134,31592,0,0,0,0,0,0,0,0,0,0,0,3450,TCGA-EW-A1PH-DX1_xmin3455_ymin52049_MPP-0.2500+59
0,0,0,0,0,0,50176,0,0,0,0,0,0,0,0,0,0,0,0,0,0,0,0,0,0,0,0,0,0,0,0,50176,0,0,0,0,0,0,0,0,0,0,0,0,0,0,0,0,0,0,0,0,0,0,0,0,50176,0,0,0,0,0,0,0,0,0,0,0,0,0,0,0,0,0,0,TCGA-EW-A1PH-DX1_xmin3455_ymin52049_MPP-0.2500+6
0,0,0,0,0,0,0,0,0,0,0,0,50176,0,0,0,0,0,0,0,0,0,0,0,0,0,0,0,0,0,0,0,0,0,0,0,0,50176,0,0,0,0,0,0,0,0,0,0,0,0,0,0,0,0,0,0,0,0,0,0,0,0,50176,0,0,0,0,0,0,0,0,0,0,0,0,TCGA-EW-A1PH-DX1_xmin3455_ymin52049_MPP-0.2500+60
0,0,0,0,0,0,0,0,0,0,0,31270,18906,0,0,0,0,0,0,0,0,0,0,0,0,0,0,0,0,0,0,0,0,0,0,0,32630,17546,0,0,0,0,0,0,0,0,0,0,0,0,0,0,0,0,0,0,0,0,0,0,0,36751,13425,0,0,0,0,0,0,0,0,0,0,0,0,TCGA-EW-A1PH-DX1_xmin3455_ymin52049_MPP-0.2500+61
0,0,0,0,0,0,0,0,0,0,0,17308,32868,0,0,0,0,0,0,0,0,0,0,0,0,0,0,0,0,0,0,0,0,0,0,0,18389,31787,0,0,0,0,0,0,0,0,0,0,0,0,0,0,0,0,0,0,0,0,0,0,0,18742,31434,0,0,0,0,0,0,0,0,0,0,0,0,TCGA-EW-A1PH-DX1_xmin3455_ymin52049_MPP-0.2500+62
36780,12645,0,0,0,0,751,0,0,0,0,0,0,0,0,0,0,0,0,0,0,0,0,0,0,36348,13077,0,0,0,0,751,0,0,0,0,0,0,0,0,0,0,0,0,0,0,0,0,0,0,36271,13154,0,0,0,0,751,0,0,0,0,0,0,0,0,0,0,0,0,0,0,0,0,0,0,TCGA-EW-A1PH-DX1_xmin3455_ymin52049_MPP-0.2500+63
29821,4553,0,0,0,695,15107,0,0,0,0,0,0,0,0,0,0,0,0,0,0,0,0,0,0,29851,4523,0,0,0,821,14981,0,0,0,0,0,0,0,0,0,0,0,0,0,0,0,0,0,0,29677,4697,0,0,0,835,14967,0,0,0,0,0,0,0,0,0,0,0,0,0,0,0,0,0,0,TCGA-EW-A1PH-DX1_xmin3455_ymin52049_MPP-0.2500+64
6334,0,0,0,0,8190,35652,0,0,0,0,0,0,0,0,0,0,0,0,0,0,0,0,0,0,6334,0,0,0,0,7689,36153,0,0,0,0,0,0,0,0,0,0,0,0,0,0,0,0,0,0,6334,0,0,0,0,7131,36711,0,0,0,0,0,0,0,0,0,0,0,0,0,0,0,0,0,0,TCGA-EW-A1PH-DX1_xmin3455_ymin52049_MPP-0.2500+65
0,0,0,0,0,0,48510,0,0,0,0,1666,0,0,0,0,0,0,0,0,0,0,0,0,0,0,0,0,0,0,0,48510,0,0,0,0,1666,0,0,0,0,0,0,0,0,0,0,0,0,0,0,0,0,0,0,0,48510,0,0,0,0,1666,0,0,0,0,0,0,0,0,0,0,0,0,0,TCGA-EW-A1PH-DX1_xmin3455_ymin52049_MPP-0.2500+66
0,0,0,0,0,0,15820,3115,0,0,0,14016,17225,0,0,0,0,0,0,0,0,0,0,0,0,0,0,0,0,0,0,15910,3025,0,0,0,14008,17233,0,0,0,0,0,0,0,0,0,0,0,0,0,0,0,0,0,0,16008,2927,0,0,0,13978,17263,0,0,0,0,0,0,0,0,0,0,0,0,TCGA-EW-A1PH-DX1_xmin3455_ymin52049_MPP-0.2500+67
0,0,0,0,0,0,48048,0,0,0,0,2128,0,0,0,0,0,0,0,0,0,0,0,0,0,0,0,0,0,0,0,48048,0,0,0,0,2128,0,0,0,0,0,0,0,0,0,0,0,0,0,0,0,0,0,0,0,48048,0,0,0,0,2128,0,0,0,0,0,0,0,0,0,0,0,0,0,TCGA-EW-A1PH-DX1_xmin3455_ymin52049_MPP-0.2500+68
0,0,0,0,0,0,41617,0,0,0,0,8559,0,0,0,0,0,0,0,0,0,0,0,0,0,0,0,0,0,0,0,41617,0,0,0,0,8559,0,0,0,0,0,0,0,0,0,0,0,0,0,0,0,0,0,0,0,41617,0,0,0,0,8559,0,0,0,0,0,0,0,0,0,0,0,0,0,TCGA-EW-A1PH-DX1_xmin3455_ymin52049_MPP-0.2500+69
0,0,0,0,0,0,50176,0,0,0,0,0,0,0,0,0,0,0,0,0,0,0,0,0,0,0,0,0,0,0,0,50176,0,0,0,0,0,0,0,0,0,0,0,0,0,0,0,0,0,0,0,0,0,0,0,0,50176,0,0,0,0,0,0,0,0,0,0,0,0,0,0,0,0,0,0,TCGA-EW-A1PH-DX1_xmin3455_ymin52049_MPP-0.2500+7
0,0,0,0,0,0,14464,0,0,0,0,35660,0,0,0,0,52,0,0,0,0,0,0,0,0,0,0,0,0,0,0,14464,0,0,0,0,35660,0,0,0,0,52,0,0,0,0,0,0,0,0,0,0,0,0,0,0,14464,0,0,0,0,35660,0,0,0,0,52,0,0,0,0,0,0,0,0,TCGA-EW-A1PH-DX1_xmin3455_ymin52049_MPP-0.2500+70
0,0,0,0,0,0,2314,0,0,0,0,31853,16009,0,0,0,0,0,0,0,0,0,0,0,0,0,0,0,0,0,0,2314,0,0,0,0,31812,16050,0,0,0,0,0,0,0,0,0,0,0,0,0,0,0,0,0,0,2314,0,0,0,0,31747,16115,0,0,0,0,0,0,0,0,0,0,0,0,TCGA-EW-A1PH-DX1_xmin3455_ymin52049_MPP-0.2500+71
0,0,0,0,0,0,0,0,0,0,0,16336,29276,0,0,0,0,0,0,0,0,0,0,0,4564,0,0,0,0,0,0,0,0,0,0,0,16431,29181,0,0,0,0,0,0,0,0,0,0,0,4564,0,0,0,0,0,0,0,0,0,0,0,16565,29047,0,0,0,0,0,0,0,0,0,0,0,4564,TCGA-EW-A1PH-DX1_xmin3455_ymin52049_MPP-0.2500+72
0,0,0,0,0,0,0,0,0,0,0,0,50176,0,0,0,0,0,0,0,0,0,0,0,0,0,0,0,0,0,0,0,0,0,0,0,0,50176,0,0,0,0,0,0,0,0,0,0,0,0,0,0,0,0,0,0,0,0,0,0,0,0,50176,0,0,0,0,0,0,0,0,0,0,0,0,TCGA-EW-A1PH-DX1_xmin3455_ymin52049_MPP-0.2500+73
0,0,0,0,0,0,0,0,0,0,0,28220,21956,0,0,0,0,0,0,0,0,0,0,0,0,0,0,0,0,0,0,0,0,0,0,0,29014,21162,0,0,0,0,0,0,0,0,0,0,0,0,0,0,0,0,0,0,0,0,0,0,0,29017,21159,0,0,0,0,0,0,0,0,0,0,0,0,TCGA-EW-A1PH-DX1_xmin3455_ymin52049_MPP-0.2500+74
0,0,0,0,0,0,1,3,0,0,0,24440,25732,0,0,0,0,0,0,0,0,0,0,0,0,0,0,0,0,0,0,4,0,0,0,0,25570,24602,0,0,0,0,0,0,0,0,0,0,0,0,0,0,0,0,0,0,4,0,0,0,0,24782,25390,0,0,0,0,0,0,0,0,0,0,0,0,TCGA-EW-A1PH-DX1_xmin3455_ymin52049_MPP-0.2500+75
50176,0,0,0,0,0,0,0,0,0,0,0,0,0,0,0,0,0,0,0,0,0,0,0,0,50176,0,0,0,0,0,0,0,0,0,0,0,0,0,0,0,0,0,0,0,0,0,0,0,0,50176,0,0,0,0,0,0,0,0,0,0,0,0,0,0,0,0,0,0,0,0,0,0,0,0,TCGA-EW-A1PH-DX1_xmin3455_ymin52049_MPP-0.2500+76
50176,0,0,0,0,0,0,0,0,0,0,0,0,0,0,0,0,0,0,0,0,0,0,0,0,50176,0,0,0,0,0,0,0,0,0,0,0,0,0,0,0,0,0,0,0,0,0,0,0,0,50176,0,0,0,0,0,0,0,0,0,0,0,0,0,0,0,0,0,0,0,0,0,0,0,0,TCGA-EW-A1PH-DX1_xmin3455_ymin52049_MPP-0.2500+77
50176,0,0,0,0,0,0,0,0,0,0,0,0,0,0,0,0,0,0,0,0,0,0,0,0,50176,0,0,0,0,0,0,0,0,0,0,0,0,0,0,0,0,0,0,0,0,0,0,0,0,50176,0,0,0,0,0,0,0,0,0,0,0,0,0,0,0,0,0,0,0,0,0,0,0,0,TCGA-EW-A1PH-DX1_xmin3455_ymin52049_MPP-0.2500+78
37125,3961,0,0,0,1661,7429,0,0,0,0,0,0,0,0,0,0,0,0,0,0,0,0,0,0,37307,3779,0,0,0,1677,7413,0,0,0,0,0,0,0,0,0,0,0,0,0,0,0,0,0,0,37288,3798,0,0,0,1664,7426,0,0,0,0,0,0,0,0,0,0,0,0,0,0,0,0,0,0,TCGA-EW-A1PH-DX1_xmin3455_ymin52049_MPP-0.2500+79
0,0,0,0,0,0,50176,0,0,0,0,0,0,0,0,0,0,0,0,0,0,0,0,0,0,0,0,0,0,0,0,50176,0,0,0,0,0,0,0,0,0,0,0,0,0,0,0,0,0,0,0,0,0,0,0,0,50176,0,0,0,0,0,0,0,0,0,0,0,0,0,0,0,0,0,0,TCGA-EW-A1PH-DX1_xmin3455_ymin52049_MPP-0.2500+8
0,3931,0,0,0,0,46245,0,0,0,0,0,0,0,0,0,0,0,0,0,0,0,0,0,0,0,3931,0,0,0,0,46245,0,0,0,0,0,0,0,0,0,0,0,0,0,0,0,0,0,0,0,3931,0,0,0,0,46245,0,0,0,0,0,0,0,0,0,0,0,0,0,0,0,0,0,0,TCGA-EW-A1PH-DX1_xmin3455_ymin52049_MPP-0.2500+80
0,0,0,0,0,0,50176,0,0,0,0,0,0,0,0,0,0,0,0,0,0,0,0,0,0,0,0,0,0,0,0,50176,0,0,0,0,0,0,0,0,0,0,0,0,0,0,0,0,0,0,0,0,0,0,0,0,50176,0,0,0,0,0,0,0,0,0,0,0,0,0,0,0,0,0,0,TCGA-EW-A1PH-DX1_xmin3455_ymin52049_MPP-0.2500+81
0,1623,0,0,0,0,48553,0,0,0,0,0,0,0,0,0,0,0,0,0,0,0,0,0,0,0,1623,0,0,0,0,48553,0,0,0,0,0,0,0,0,0,0,0,0,0,0,0,0,0,0,0,1623,0,0,0,0,48553,0,0,0,0,0,0,0,0,0,0,0,0,0,0,0,0,0,0,TCGA-EW-A1PH-DX1_xmin3455_ymin52049_MPP-0.2500+82
0,1640,0,0,0,0,7127,725,0,0,0,23003,17681,0,0,0,0,0,0,0,0,0,0,0,0,0,1640,0,0,0,0,7126,726,0,0,0,22888,17796,0,0,0,0,0,0,0,0,0,0,0,0,0,1640,0,0,0,0,7114,738,0,0,0,22717,17967,0,0,0,0,0,0,0,0,0,0,0,0,TCGA-EW-A1PH-DX1_xmin3455_ymin52049_MPP-0.2500+83
0,0,0,0,0,0,35386,120,0,0,0,9113,5557,0,0,0,0,0,0,0,0,0,0,0,0,0,0,0,0,0,0,35402,104,0,0,0,9517,5153,0,0,0,0,0,0,0,0,0,0,0,0,0,0,0,0,0,0,35477,29,0,0,0,9640,5030,0,0,0,0,0,0,0,0,0,0,0,0,TCGA-EW-A1PH-DX1_xmin3455_ymin52049_MPP-0.2500+84
4433,236,0,0,0,4661,24397,0,0,0,8,16441,0,0,0,0,0,0,0,0,0,0,0,0,0,4299,370,0,0,0,4289,24769,0,0,0,24,16425,0,0,0,0,0,0,0,0,0,0,0,0,0,4145,524,0,0,0,3987,25071,0,0,0,162,16287,0,0,0,0,0,0,0,0,0,0,0,0,0,TCGA-EW-A1PH-DX1_xmin3455_ymin52049_MPP-0.2500+85
19835,6037,0,0,0,1525,7151,6,0,0,0,7778,7844,0,0,0,0,0,0,0,0,0,0,0,0,19805,6067,0,0,0,1533,7149,0,0,0,0,8159,7463,0,0,0,0,0,0,0,0,0,0,0,0,19685,6187,0,0,0,1490,7192,0,0,0,0,8175,7447,0,0,0,0,0,0,0,0,0,0,0,0,TCGA-EW-A1PH-DX1_xmin3455_ymin52049_MPP-0.2500+86
0,0,0,0,0,0,11212,82,0,0,0,24738,14144,0,0,0,0,0,0,0,0,0,0,0,0,0,0,0,0,0,0,11214,80,0,0,0,26317,12565,0,0,0,0,0,0,0,0,0,0,0,0,0,0,0,0,0,0,11214,80,0,0,0,26585,12297,0,0,0,0,0,0,0,0,0,0,0,0,TCGA-EW-A1PH-DX1_xmin3455_ymin52049_MPP-0.2500+87
0,0,0,0,0,0,14062,0,0,0,0,20406,15708,0,0,0,0,0,0,0,0,0,0,0,0,0,0,0,0,0,0,14062,0,0,0,0,20677,15437,0,0,0,0,0,0,0,0,0,0,0,0,0,0,0,0,0,0,14058,4,0,0,0,20766,15348,0,0,0,0,0,0,0,0,0,0,0,0,TCGA-EW-A1PH-DX1_xmin3455_ymin52049_MPP-0.2500+88
37993,12183,0,0,0,0,0,0,0,0,0,0,0,0,0,0,0,0,0,0,0,0,0,0,0,38193,11983,0,0,0,0,0,0,0,0,0,0,0,0,0,0,0,0,0,0,0,0,0,0,0,37992,12184,0,0,0,0,0,0,0,0,0,0,0,0,0,0,0,0,0,0,0,0,0,0,0,TCGA-EW-A1PH-DX1_xmin3455_ymin52049_MPP-0.2500+89
0,0,0,0,0,4,40512,0,0,0,0,0,0,0,0,0,0,0,0,0,0,0,0,0,9660,0,0,0,0,0,4,40512,0,0,0,0,0,0,0,0,0,0,0,0,0,0,0,0,0,9660,0,0,0,0,0,0,40516,0,0,0,0,0,0,0,0,0,0,0,0,0,0,0,0,0,9660,TCGA-EW-A1PH-DX1_xmin3455_ymin52049_MPP-0.2500+9
43552,6624,0,0,0,0,0,0,0,0,0,0,0,0,0,0,0,0,0,0,0,0,0,0,0,43387,6789,0,0,0,0,0,0,0,0,0,0,0,0,0,0,0,0,0,0,0,0,0,0,0,43209,6967,0,0,0,0,0,0,0,0,0,0,0,0,0,0,0,0,0,0,0,0,0,0,0,TCGA-EW-A1PH-DX1_xmin3455_ymin52049_MPP-0.2500+90
50176,0,0,0,0,0,0,0,0,0,0,0,0,0,0,0,0,0,0,0,0,0,0,0,0,50176,0,0,0,0,0,0,0,0,0,0,0,0,0,0,0,0,0,0,0,0,0,0,0,0,50176,0,0,0,0,0,0,0,0,0,0,0,0,0,0,0,0,0,0,0,0,0,0,0,0,TCGA-EW-A1PH-DX1_xmin3455_ymin52049_MPP-0.2500+91
50176,0,0,0,0,0,0,0,0,0,0,0,0,0,0,0,0,0,0,0,0,0,0,0,0,50176,0,0,0,0,0,0,0,0,0,0,0,0,0,0,0,0,0,0,0,0,0,0,0,0,50176,0,0,0,0,0,0,0,0,0,0,0,0,0,0,0,0,0,0,0,0,0,0,0,0,TCGA-EW-A1PH-DX1_xmin3455_ymin52049_MPP-0.2500+92
40934,9242,0,0,0,0,0,0,0,0,0,0,0,0,0,0,0,0,0,0,0,0,0,0,0,40861,9315,0,0,0,0,0,0,0,0,0,0,0,0,0,0,0,0,0,0,0,0,0,0,0,40853,9323,0,0,0,0,0,0,0,0,0,0,0,0,0,0,0,0,0,0,0,0,0,0,0,TCGA-EW-A1PH-DX1_xmin3455_ymin52049_MPP-0.2500+93
43797,0,0,0,0,6379,0,0,0,0,0,0,0,0,0,0,0,0,0,0,0,0,0,0,0,36526,7271,0,0,0,545,5834,0,0,0,0,0,0,0,0,0,0,0,0,0,0,0,0,0,0,36319,7478,0,0,0,541,5838,0,0,0,0,0,0,0,0,0,0,0,0,0,0,0,0,0,0,TCGA-EW-A1PH-DX1_xmin3455_ymin52049_MPP-0.2500+94
6090,2282,0,0,0,4584,37220,0,0,0,0,0,0,0,0,0,0,0,0,0,0,0,0,0,0,6175,2197,0,0,0,4688,37116,0,0,0,0,0,0,0,0,0,0,0,0,0,0,0,0,0,0,6306,2066,0,0,0,4845,36959,0,0,0,0,0,0,0,0,0,0,0,0,0,0,0,0,0,0,TCGA-EW-A1PH-DX1_xmin3455_ymin52049_MPP-0.2500+95
2275,2647,0,0,0,3465,41789,0,0,0,0,0,0,0,0,0,0,0,0,0,0,0,0,0,0,2244,2678,0,0,0,3449,41805,0,0,0,0,0,0,0,0,0,0,0,0,0,0,0,0,0,0,2295,2627,0,0,0,3492,41762,0,0,0,0,0,0,0,0,0,0,0,0,0,0,0,0,0,0,TCGA-EW-A1PH-DX1_xmin3455_ymin52049_MPP-0.2500+96
9418,4858,0,0,0,835,14618,0,0,0,475,19972,0,0,0,0,0,0,0,0,0,0,0,0,0,9556,4720,0,0,0,1007,14446,0,0,0,578,19869,0,0,0,0,0,0,0,0,0,0,0,0,0,9491,4785,0,0,0,1075,14378,0,0,0,954,19493,0,0,0,0,0,0,0,0,0,0,0,0,0,TCGA-EW-A1PH-DX1_xmin3455_ymin52049_MPP-0.2500+97
0,5679,0,0,0,0,24790,0,0,0,0,19707,0,0,0,0,0,0,0,0,0,0,0,0,0,0,5679,0,0,0,0,24790,0,0,0,0,19707,0,0,0,0,0,0,0,0,0,0,0,0,0,0,5679,0,0,0,0,24790,0,0,0,0,19707,0,0,0,0,0,0,0,0,0,0,0,0,0,TCGA-EW-A1PH-DX1_xmin3455_ymin52049_MPP-0.2500+98
15686,4546,0,0,0,5837,24107,0,0,0,0,0,0,0,0,0,0,0,0,0,0,0,0,0,0,15725,4507,0,0,0,5621,24323,0,0,0,0,0,0,0,0,0,0,0,0,0,0,0,0,0,0,15794,4438,0,0,0,5536,24408,0,0,0,0,0,0,0,0,0,0,0,0,0,0,0,0,0,0,TCGA-EW-A1PH-DX1_xmin3455_ymin52049_MPP-0.2500+99
0,0,0,0,0,0,0,0,0,0,0,0,0,0,0,176,0,0,50000,0,0,0,0,0,0,0,0,0,0,0,0,0,0,0,0,0,0,0,0,0,112,0,0,50064,0,0,0,0,0,0,0,0,0,0,0,0,0,0,0,0,0,0,0,0,0,112,0,0,50064,0,0,0,0,0,0,TCGA-GM-A2DB-DX1_xmin50586_ymin43110_MPP-0.2500+0
0,0,0,0,0,0,0,0,0,0,0,0,0,0,0,0,0,0,50176,0,0,0,0,0,0,0,0,0,0,0,0,0,0,0,0,0,0,0,0,0,16,0,0,50160,0,0,0,0,0,0,0,0,0,0,0,0,0,0,0,0,0,0,0,0,0,16,0,0,50160,0,0,0,0,0,0,TCGA-GM-A2DB-DX1_xmin50586_ymin43110_MPP-0.2500+1
0,196,0,0,0,0,49980,0,0,0,0,0,0,0,0,0,0,0,0,0,0,0,0,0,0,0,196,0,0,0,0,49980,0,0,0,0,0,0,0,0,0,0,0,0,0,0,0,0,0,0,0,196,0,0,0,0,49980,0,0,0,0,0,0,0,0,0,0,0,0,0,0,0,0,0,0,TCGA-GM-A2DB-DX1_xmin50586_ymin43110_MPP-0.2500+10
48598,0,0,0,0,1578,0,0,0,0,0,0,0,0,0,0,0,0,0,0,0,0,0,0,0,48598,0,0,0,0,1578,0,0,0,0,0,0,0,0,0,0,0,0,0,0,0,0,0,0,0,48598,0,0,0,0,1578,0,0,0,0,0,0,0,0,0,0,0,0,0,0,0,0,0,0,0,TCGA-GM-A2DB-DX1_xmin50586_ymin43110_MPP-0.2500+100
38514,0,0,0,0,11662,0,0,0,0,0,0,0,0,0,0,0,0,0,0,0,0,0,0,0,38514,0,0,0,0,11662,0,0,0,0,0,0,0,0,0,0,0,0,0,0,0,0,0,0,0,38514,0,0,0,0,11662,0,0,0,0,0,0,0,0,0,0,0,0,0,0,0,0,0,0,0,TCGA-GM-A2DB-DX1_xmin50586_ymin43110_MPP-0.2500+101
50176,0,0,0,0,0,0,0,0,0,0,0,0,0,0,0,0,0,0,0,0,0,0,0,0,50176,0,0,0,0,0,0,0,0,0,0,0,0,0,0,0,0,0,0,0,0,0,0,0,0,50176,0,0,0,0,0,0,0,0,0,0,0,0,0,0,0,0,0,0,0,0,0,0,0,0,TCGA-GM-A2DB-DX1_xmin50586_ymin43110_MPP-0.2500+102
50176,0,0,0,0,0,0,0,0,0,0,0,0,0,0,0,0,0,0,0,0,0,0,0,0,50176,0,0,0,0,0,0,0,0,0,0,0,0,0,0,0,0,0,0,0,0,0,0,0,0,50176,0,0,0,0,0,0,0,0,0,0,0,0,0,0,0,0,0,0,0,0,0,0,0,0,TCGA-GM-A2DB-DX1_xmin50586_ymin43110_MPP-0.2500+103
33873,0,0,0,0,16303,0,0,0,0,0,0,0,0,0,0,0,0,0,0,0,0,0,0,0,33873,0,0,0,0,16303,0,0,0,0,0,0,0,0,0,0,0,0,0,0,0,0,0,0,0,33873,0,0,0,0,16303,0,0,0,0,0,0,0,0,0,0,0,0,0,0,0,0,0,0,0,TCGA-GM-A2DB-DX1_xmin50586_ymin43110_MPP-0.2500+104
23802,0,0,0,0,26374,0,0,0,0,0,0,0,0,0,0,0,0,0,0,0,0,0,0,0,23802,0,0,0,0,26374,0,0,0,0,0,0,0,0,0,0,0,0,0,0,0,0,0,0,0,23802,0,0,0,0,26374,0,0,0,0,0,0,0,0,0,0,0,0,0,0,0,0,0,0,0,TCGA-GM-A2DB-DX1_xmin50586_ymin43110_MPP-0.2500+105
50094,0,0,0,0,82,0,0,0,0,0,0,0,0,0,0,0,0,0,0,0,0,0,0,0,50094,0,0,0,0,82,0,0,0,0,0,0,0,0,0,0,0,0,0,0,0,0,0,0,0,50094,0,0,0,0,82,0,0,0,0,0,0,0,0,0,0,0,0,0,0,0,0,0,0,0,TCGA-GM-A2DB-DX1_xmin50586_ymin43110_MPP-0.2500+106
50176,0,0,0,0,0,0,0,0,0,0,0,0,0,0,0,0,0,0,0,0,0,0,0,0,50176,0,0,0,0,0,0,0,0,0,0,0,0,0,0,0,0,0,0,0,0,0,0,0,0,50176,0,0,0,0,0,0,0,0,0,0,0,0,0,0,0,0,0,0,0,0,0,0,0,0,TCGA-GM-A2DB-DX1_xmin50586_ymin43110_MPP-0.2500+107
50176,0,0,0,0,0,0,0,0,0,0,0,0,0,0,0,0,0,0,0,0,0,0,0,0,50176,0,0,0,0,0,0,0,0,0,0,0,0,0,0,0,0,0,0,0,0,0,0,0,0,50176,0,0,0,0,0,0,0,0,0,0,0,0,0,0,0,0,0,0,0,0,0,0,0,0,TCGA-GM-A2DB-DX1_xmin50586_ymin43110_MPP-0.2500+108
20243,6993,0,0,0,0,22940,0,0,0,0,0,0,0,0,0,0,0,0,0,0,0,0,0,0,20118,7118,0,0,0,0,22940,0,0,0,0,0,0,0,0,0,0,0,0,0,0,0,0,0,0,19987,7249,0,0,0,0,22940,0,0,0,0,0,0,0,0,0,0,0,0,0,0,0,0,0,0,TCGA-GM-A2DB-DX1_xmin50586_ymin43110_MPP-0.2500+109
8515,12726,0,0,0,2306,26629,0,0,0,0,0,0,0,0,0,0,0,0,0,0,0,0,0,0,8474,12767,0,0,0,2300,26635,0,0,0,0,0,0,0,0,0,0,0,0,0,0,0,0,0,0,8510,12731,0,0,0,2333,26602,0,0,0,0,0,0,0,0,0,0,0,0,0,0,0,0,0,0,TCGA-GM-A2DB-DX1_xmin50586_ymin43110_MPP-0.2500+11
0,0,0,0,0,0,50176,0,0,0,0,0,0,0,0,0,0,0,0,0,0,0,0,0,0,0,0,0,0,0,0,50176,0,0,0,0,0,0,0,0,0,0,0,0,0,0,0,0,0,0,0,0,0,0,0,0,50176,0,0,0,0,0,0,0,0,0,0,0,0,0,0,0,0,0,0,TCGA-GM-A2DB-DX1_xmin50586_ymin43110_MPP-0.2500+110
0,6392,0,0,0,0,43784,0,0,0,0,0,0,0,0,0,0,0,0,0,0,0,0,0,0,0,6392,0,0,0,0,43784,0,0,0,0,0,0,0,0,0,0,0,0,0,0,0,0,0,0,0,6392,0,0,0,0,43784,0,0,0,0,0,0,0,0,0,0,0,0,0,0,0,0,0,0,TCGA-GM-A2DB-DX1_xmin50586_ymin43110_MPP-0.2500+111
50176,0,0,0,0,0,0,0,0,0,0,0,0,0,0,0,0,0,0,0,0,0,0,0,0,50176,0,0,0,0,0,0,0,0,0,0,0,0,0,0,0,0,0,0,0,0,0,0,0,0,50176,0,0,0,0,0,0,0,0,0,0,0,0,0,0,0,0,0,0,0,0,0,0,0,0,TCGA-GM-A2DB-DX1_xmin50586_ymin43110_MPP-0.2500+112
50176,0,0,0,0,0,0,0,0,0,0,0,0,0,0,0,0,0,0,0,0,0,0,0,0,50176,0,0,0,0,0,0,0,0,0,0,0,0,0,0,0,0,0,0,0,0,0,0,0,0,50176,0,0,0,0,0,0,0,0,0,0,0,0,0,0,0,0,0,0,0,0,0,0,0,0,TCGA-GM-A2DB-DX1_xmin50586_ymin43110_MPP-0.2500+113
50176,0,0,0,0,0,0,0,0,0,0,0,0,0,0,0,0,0,0,0,0,0,0,0,0,50176,0,0,0,0,0,0,0,0,0,0,0,0,0,0,0,0,0,0,0,0,0,0,0,0,50176,0,0,0,0,0,0,0,0,0,0,0,0,0,0,0,0,0,0,0,0,0,0,0,0,TCGA-GM-A2DB-DX1_xmin50586_ymin43110_MPP-0.2500+114
416,49760,0,0,0,0,0,0,0,0,0,0,0,0,0,0,0,0,0,0,0,0,0,0,0,544,49632,0,0,0,0,0,0,0,0,0,0,0,0,0,0,0,0,0,0,0,0,0,0,0,544,49632,0,0,0,0,0,0,0,0,0,0,0,0,0,0,0,0,0,0,0,0,0,0,0,TCGA-GM-A2DB-DX1_xmin50586_ymin43110_MPP-0.2500+115
2120,0,0,3281,0,0,0,0,0,0,0,0,0,0,0,1736,0,0,43039,0,0,0,0,0,0,1658,0,0,3743,0,0,0,0,0,0,0,0,0,0,0,1782,0,0,42993,0,0,0,0,0,0,1659,0,0,3742,0,0,0,0,0,0,0,0,0,0,0,1717,0,0,43058,0,0,0,0,0,0,TCGA-GM-A2DB-DX1_xmin50586_ymin43110_MPP-0.2500+116
0,0,0,0,0,0,0,0,0,0,0,0,0,0,0,0,0,0,50176,0,0,0,0,0,0,0,0,0,0,0,0,0,0,0,0,0,0,0,0,0,0,0,0,50176,0,0,0,0,0,0,0,0,0,0,0,0,0,0,0,0,0,0,0,0,0,0,0,0,50176,0,0,0,0,0,0,TCGA-GM-A2DB-DX1_xmin50586_ymin43110_MPP-0.2500+117
0,0,0,43,0,0,0,0,0,0,0,0,0,0,0,0,0,0,50133,0,0,0,0,0,0,0,0,0,43,0,0,0,0,0,0,0,0,0,0,0,0,0,0,50133,0,0,0,0,0,0,0,0,0,43,0,0,0,0,0,0,0,0,0,0,0,0,0,0,50133,0,0,0,0,0,0,TCGA-GM-A2DB-DX1_xmin50586_ymin43110_MPP-0.2500+118
15471,0,0,11213,0,54,0,0,866,0,0,0,0,0,0,0,0,0,22572,0,0,0,0,0,0,15728,0,0,10956,0,55,0,0,865,0,0,0,0,0,0,45,0,0,22527,0,0,0,0,0,0,15615,0,0,11069,0,54,0,0,866,0,0,0,0,0,0,27,0,0,22545,0,0,0,0,0,0,TCGA-GM-A2DB-DX1_xmin50586_ymin43110_MPP-0.2500+119
49003,0,0,0,0,937,0,0,0,0,0,0,0,0,0,236,0,0,0,0,0,0,0,0,0,49003,0,0,0,0,937,0,0,0,0,0,0,0,0,0,236,0,0,0,0,0,0,0,0,0,49003,0,0,0,0,937,0,0,0,0,0,0,0,0,0,236,0,0,0,0,0,0,0,0,0,TCGA-GM-A2DB-DX1_xmin50586_ymin43110_MPP-0.2500+12
50096,0,0,0,0,80,0,0,0,0,0,0,0,0,0,0,0,0,0,0,0,0,0,0,0,50096,0,0,0,0,80,0,0,0,0,0,0,0,0,0,0,0,0,0,0,0,0,0,0,0,50096,0,0,0,0,80,0,0,0,0,0,0,0,0,0,0,0,0,0,0,0,0,0,0,0,TCGA-GM-A2DB-DX1_xmin50586_ymin43110_MPP-0.2500+120
44223,0,0,0,0,5953,0,0,0,0,0,0,0,0,0,0,0,0,0,0,0,0,0,0,0,44223,0,0,0,0,5953,0,0,0,0,0,0,0,0,0,0,0,0,0,0,0,0,0,0,0,44223,0,0,0,0,5953,0,0,0,0,0,0,0,0,0,0,0,0,0,0,0,0,0,0,0,TCGA-GM-A2DB-DX1_xmin50586_ymin43110_MPP-0.2500+121
35313,0,0,0,0,14863,0,0,0,0,0,0,0,0,0,0,0,0,0,0,0,0,0,0,0,35313,0,0,0,0,14863,0,0,0,0,0,0,0,0,0,0,0,0,0,0,0,0,0,0,0,35313,0,0,0,0,14863,0,0,0,0,0,0,0,0,0,0,0,0,0,0,0,0,0,0,0,TCGA-GM-A2DB-DX1_xmin50586_ymin43110_MPP-0.2500+122
39167,0,0,0,0,1708,0,0,0,0,0,0,0,0,0,0,0,0,0,0,0,0,0,0,9301,39167,0,0,0,0,1708,0,0,0,0,0,0,0,0,0,0,0,0,0,0,0,0,0,0,9301,39167,0,0,0,0,1708,0,0,0,0,0,0,0,0,0,0,0,0,0,0,0,0,0,0,9301,TCGA-GM-A2DB-DX1_xmin50586_ymin43110_MPP-0.2500+123
27151,0,0,0,0,5049,0,0,0,0,0,0,0,0,0,0,0,0,0,0,0,0,0,0,17976,27151,0,0,0,0,5049,0,0,0,0,0,0,0,0,0,0,0,0,0,0,0,0,0,0,17976,27151,0,0,0,0,5049,0,0,0,0,0,0,0,0,0,0,0,0,0,0,0,0,0,0,17976,TCGA-GM-A2DB-DX1_xmin50586_ymin43110_MPP-0.2500+124
49144,0,0,0,0,1032,0,0,0,0,0,0,0,0,0,0,0,0,0,0,0,0,0,0,0,49144,0,0,0,0,1032,0,0,0,0,0,0,0,0,0,0,0,0,0,0,0,0,0,0,0,49144,0,0,0,0,1032,0,0,0,0,0,0,0,0,0,0,0,0,0,0,0,0,0,0,0,TCGA-GM-A2DB-DX1_xmin50586_ymin43110_MPP-0.2500+125
0,0,0,1733,0,0,0,0,8910,0,0,0,0,0,0,0,0,0,39533,0,0,0,0,0,0,0,0,0,1733,0,0,0,0,8910,0,0,0,0,0,0,0,0,0,39533,0,0,0,0,0,0,0,0,0,1733,0,0,0,0,8910,0,0,0,0,0,0,0,0,0,39533,0,0,0,0,0,0,TCGA-GM-A2DB-DX1_xmin50586_ymin43110_MPP-0.2500+126
17766,0,0,3,0,4445,0,0,5710,0,0,0,0,0,0,163,0,0,22089,0,0,0,0,0,0,17768,0,0,1,0,4643,0,0,5512,0,0,0,0,0,0,135,0,0,22117,0,0,0,0,0,0,17769,0,0,0,0,4685,0,0,5470,0,0,0,0,0,0,136,0,0,22116,0,0,0,0,0,0,TCGA-GM-A2DB-DX1_xmin50586_ymin43110_MPP-0.2500+127
49396,0,0,0,0,780,0,0,0,0,0,0,0,0,0,0,0,0,0,0,0,0,0,0,0,49396,0,0,0,0,780,0,0,0,0,0,0,0,0,0,0,0,0,0,0,0,0,0,0,0,49396,0,0,0,0,780,0,0,0,0,0,0,0,0,0,0,0,0,0,0,0,0,0,0,0,TCGA-GM-A2DB-DX1_xmin50586_ymin43110_MPP-0.2500+128
49624,0,0,0,0,552,0,0,0,0,0,0,0,0,0,0,0,0,0,0,0,0,0,0,0,49624,0,0,0,0,552,0,0,0,0,0,0,0,0,0,0,0,0,0,0,0,0,0,0,0,49624,0,0,0,0,552,0,0,0,0,0,0,0,0,0,0,0,0,0,0,0,0,0,0,0,TCGA-GM-A2DB-DX1_xmin50586_ymin43110_MPP-0.2500+129
8061,0,0,0,0,3420,7156,0,1018,0,0,0,0,0,0,276,13550,0,16695,0,0,0,0,0,0,8053,8,0,0,0,2807,7761,0,1026,0,0,0,0,0,0,839,15345,0,14337,0,0,0,0,0,0,8045,16,0,0,0,2712,7786,0,1096,0,0,0,0,0,0,1040,15206,0,14275,0,0,0,0,0,0,TCGA-GM-A2DB-DX1_xmin50586_ymin43110_MPP-0.2500+13
256,13887,0,0,0,0,36033,0,0,0,0,0,0,0,0,0,0,0,0,0,0,0,0,0,0,256,13887,0,0,0,0,36033,0,0,0,0,0,0,0,0,0,0,0,0,0,0,0,0,0,0,256,13887,0,0,0,0,36033,0,0,0,0,0,0,0,0,0,0,0,0,0,0,0,0,0,0,TCGA-GM-A2DB-DX1_xmin50586_ymin43110_MPP-0.2500+130
0,449,0,0,0,0,49727,0,0,0,0,0,0,0,0,0,0,0,0,0,0,0,0,0,0,0,449,0,0,0,0,49727,0,0,0,0,0,0,0,0,0,0,0,0,0,0,0,0,0,0,0,449,0,0,0,0,49727,0,0,0,0,0,0,0,0,0,0,0,0,0,0,0,0,0,0,TCGA-GM-A2DB-DX1_xmin50586_ymin43110_MPP-0.2500+131
44644,0,0,0,0,5532,0,0,0,0,0,0,0,0,0,0,0,0,0,0,0,0,0,0,0,44644,0,0,0,0,5532,0,0,0,0,0,0,0,0,0,0,0,0,0,0,0,0,0,0,0,44644,0,0,0,0,5532,0,0,0,0,0,0,0,0,0,0,0,0,0,0,0,0,0,0,0,TCGA-GM-A2DB-DX1_xmin50586_ymin43110_MPP-0.2500+132
50176,0,0,0,0,0,0,0,0,0,0,0,0,0,0,0,0,0,0,0,0,0,0,0,0,50176,0,0,0,0,0,0,0,0,0,0,0,0,0,0,0,0,0,0,0,0,0,0,0,0,50176,0,0,0,0,0,0,0,0,0,0,0,0,0,0,0,0,0,0,0,0,0,0,0,0,TCGA-GM-A2DB-DX1_xmin50586_ymin43110_MPP-0.2500+133
50176,0,0,0,0,0,0,0,0,0,0,0,0,0,0,0,0,0,0,0,0,0,0,0,0,50176,0,0,0,0,0,0,0,0,0,0,0,0,0,0,0,0,0,0,0,0,0,0,0,0,50176,0,0,0,0,0,0,0,0,0,0,0,0,0,0,0,0,0,0,0,0,0,0,0,0,TCGA-GM-A2DB-DX1_xmin50586_ymin43110_MPP-0.2500+134
50078,0,0,0,0,0,0,0,0,0,0,0,0,0,0,98,0,0,0,0,0,0,0,0,0,50078,0,0,0,0,0,0,0,0,0,0,0,0,0,0,98,0,0,0,0,0,0,0,0,0,50078,0,0,0,0,0,0,0,0,0,0,0,0,0,0,98,0,0,0,0,0,0,0,0,0,TCGA-GM-A2DB-DX1_xmin50586_ymin43110_MPP-0.2500+135
0,0,0,8670,0,0,0,0,0,0,0,0,0,0,0,80,0,0,41426,0,0,0,0,0,0,0,0,0,8670,0,0,0,0,0,0,0,0,0,0,0,0,0,0,41506,0,0,0,0,0,0,0,0,0,8670,0,0,0,0,0,0,0,0,0,0,0,0,0,0,41506,0,0,0,0,0,0,TCGA-GM-A2DB-DX1_xmin50586_ymin43110_MPP-0.2500+136
0,0,0,0,0,0,0,0,0,0,0,0,0,0,0,192,0,0,49984,0,0,0,0,0,0,0,0,0,0,0,0,0,0,0,0,0,0,0,0,0,32,0,0,50144,0,0,0,0,0,0,0,0,0,0,0,0,0,0,0,0,0,0,0,0,0,32,0,0,50144,0,0,0,0,0,0,TCGA-GM-A2DB-DX1_xmin50586_ymin43110_MPP-0.2500+137
0,0,0,0,0,0,0,0,0,0,0,0,0,0,0,32,0,0,50144,0,0,0,0,0,0,0,0,0,0,0,0,0,0,0,0,0,0,0,0,0,0,0,0,50176,0,0,0,0,0,0,0,0,0,0,0,0,0,0,0,0,0,0,0,0,0,0,0,0,50176,0,0,0,0,0,0,TCGA-GM-A2DB-DX1_xmin50586_ymin43110_MPP-0.2500+138
0,0,0,2291,0,0,0,0,0,0,0,0,0,0,0,0,0,0,47885,0,0,0,0,0,0,0,0,0,2291,0,0,0,0,0,0,0,0,0,0,0,0,0,0,47885,0,0,0,0,0,0,0,0,0,2291,0,0,0,0,0,0,0,0,0,0,0,0,0,0,47885,0,0,0,0,0,0,TCGA-GM-A2DB-DX1_xmin50586_ymin43110_MPP-0.2500+139
0,0,0,0,0,0,0,0,0,0,0,0,0,0,0,0,30062,0,20114,0,0,0,0,0,0,0,0,0,0,0,0,0,0,0,0,0,0,0,0,0,0,31851,0,18325,0,0,0,0,0,0,0,0,0,0,0,0,0,0,0,0,0,0,0,0,0,0,31528,0,18648,0,0,0,0,0,0,TCGA-GM-A2DB-DX1_xmin50586_ymin43110_MPP-0.2500+14
36547,0,0,7326,0,191,0,0,1,0,0,0,0,0,0,0,0,0,6111,0,0,0,0,0,0,36466,0,0,7407,0,192,0,0,0,0,0,0,0,0,0,0,0,0,6111,0,0,0,0,0,0,36365,0,0,7508,0,192,0,0,0,0,0,0,0,0,0,0,0,0,6111,0,0,0,0,0,0,TCGA-GM-A2DB-DX1_xmin50586_ymin43110_MPP-0.2500+140
50176,0,0,0,0,0,0,0,0,0,0,0,0,0,0,0,0,0,0,0,0,0,0,0,0,50176,0,0,0,0,0,0,0,0,0,0,0,0,0,0,0,0,0,0,0,0,0,0,0,0,50176,0,0,0,0,0,0,0,0,0,0,0,0,0,0,0,0,0,0,0,0,0,0,0,0,TCGA-GM-A2DB-DX1_xmin50586_ymin43110_MPP-0.2500+141
31522,0,0,0,0,18654,0,0,0,0,0,0,0,0,0,0,0,0,0,0,0,0,0,0,0,31522,0,0,0,0,18654,0,0,0,0,0,0,0,0,0,0,0,0,0,0,0,0,0,0,0,31522,0,0,0,0,18654,0,0,0,0,0,0,0,0,0,0,0,0,0,0,0,0,0,0,0,TCGA-GM-A2DB-DX1_xmin50586_ymin43110_MPP-0.2500+142
41157,0,0,0,0,1478,0,0,0,0,0,0,0,0,0,0,0,0,0,0,0,0,0,0,7541,41157,0,0,0,0,1478,0,0,0,0,0,0,0,0,0,0,0,0,0,0,0,0,0,0,7541,41157,0,0,0,0,1478,0,0,0,0,0,0,0,0,0,0,0,0,0,0,0,0,0,0,7541,TCGA-GM-A2DB-DX1_xmin50586_ymin43110_MPP-0.2500+143
5375,8,0,0,0,12546,25765,0,0,0,0,0,0,0,0,0,0,0,0,0,0,0,0,0,6482,5375,8,0,0,0,12739,25572,0,0,0,0,0,0,0,0,0,0,0,0,0,0,0,0,0,6482,5375,8,0,0,0,12602,25709,0,0,0,0,0,0,0,0,0,0,0,0,0,0,0,0,0,6482,TCGA-GM-A2DB-DX1_xmin50586_ymin43110_MPP-0.2500+144
6087,426,0,0,0,8346,35317,0,0,0,0,0,0,0,0,0,0,0,0,0,0,0,0,0,0,5966,547,0,0,0,8267,35396,0,0,0,0,0,0,0,0,0,0,0,0,0,0,0,0,0,0,5992,521,0,0,0,8327,35336,0,0,0,0,0,0,0,0,0,0,0,0,0,0,0,0,0,0,TCGA-GM-A2DB-DX1_xmin50586_ymin43110_MPP-0.2500+145
0,0,0,0,0,0,0,0,0,0,0,0,0,0,0,496,0,0,49680,0,0,0,0,0,0,0,0,0,0,0,0,0,0,0,0,0,0,0,0,0,464,0,0,49712,0,0,0,0,0,0,0,0,0,0,0,0,0,0,0,0,0,0,0,0,0,464,0,0,49712,0,0,0,0,0,0,TCGA-GM-A2DB-DX1_xmin50586_ymin43110_MPP-0.2500+146
0,0,0,0,0,0,0,0,1020,0,0,0,0,0,0,0,0,0,49156,0,0,0,0,0,0,0,0,0,0,0,0,0,0,1020,0,0,0,0,0,0,0,0,0,49156,0,0,0,0,0,0,0,0,0,0,0,0,0,0,1020,0,0,0,0,0,0,0,0,0,49156,0,0,0,0,0,0,TCGA-GM-A2DB-DX1_xmin50586_ymin43110_MPP-0.2500+147
16588,0,0,4233,0,1659,0,0,11437,0,0,0,0,0,0,0,0,0,16259,0,0,0,0,0,0,16828,0,0,3993,0,2078,0,0,11018,0,0,0,0,0,0,0,0,0,16259,0,0,0,0,0,0,16933,0,0,3888,0,2055,0,0,11041,0,0,0,0,0,0,0,0,0,16259,0,0,0,0,0,0,TCGA-GM-A2DB-DX1_xmin50586_ymin43110_MPP-0.2500+148
50176,0,0,0,0,0,0,0,0,0,0,0,0,0,0,0,0,0,0,0,0,0,0,0,0,50176,0,0,0,0,0,0,0,0,0,0,0,0,0,0,0,0,0,0,0,0,0,0,0,0,50176,0,0,0,0,0,0,0,0,0,0,0,0,0,0,0,0,0,0,0,0,0,0,0,0,TCGA-GM-A2DB-DX1_xmin50586_ymin43110_MPP-0.2500+149
0,0,0,0,0,0,0,0,0,0,0,0,0,0,0,0,27741,0,22435,0,0,0,0,0,0,0,0,0,0,0,0,0,0,0,0,0,0,0,0,0,0,25856,0,24320,0,0,0,0,0,0,0,0,0,0,0,0,0,0,0,0,0,0,0,0,0,0,25649,0,24527,0,0,0,0,0,0,TCGA-GM-A2DB-DX1_xmin50586_ymin43110_MPP-0.2500+15
38055,0,0,0,0,12121,0,0,0,0,0,0,0,0,0,0,0,0,0,0,0,0,0,0,0,38055,0,0,0,0,12121,0,0,0,0,0,0,0,0,0,0,0,0,0,0,0,0,0,0,0,38055,0,0,0,0,12121,0,0,0,0,0,0,0,0,0,0,0,0,0,0,0,0,0,0,0,TCGA-GM-A2DB-DX1_xmin50586_ymin43110_MPP-0.2500+150
0,0,0,0,0,0,32766,0,0,0,0,17410,0,0,0,0,0,0,0,0,0,0,0,0,0,0,0,0,0,0,0,32766,0,0,0,0,17410,0,0,0,0,0,0,0,0,0,0,0,0,0,0,0,0,0,0,0,32766,0,0,0,0,17410,0,0,0,0,0,0,0,0,0,0,0,0,0,TCGA-GM-A2DB-DX1_xmin50586_ymin43110_MPP-0.2500+151
13032,16673,0,0,0,3365,17106,0,0,0,0,0,0,0,0,0,0,0,0,0,0,0,0,0,0,12997,16708,0,0,0,4418,16053,0,0,0,0,0,0,0,0,0,0,0,0,0,0,0,0,0,0,12805,16900,0,0,0,4218,16253,0,0,0,0,0,0,0,0,0,0,0,0,0,0,0,0,0,0,TCGA-GM-A2DB-DX1_xmin50586_ymin43110_MPP-0.2500+152
50176,0,0,0,0,0,0,0,0,0,0,0,0,0,0,0,0,0,0,0,0,0,0,0,0,50176,0,0,0,0,0,0,0,0,0,0,0,0,0,0,0,0,0,0,0,0,0,0,0,0,50176,0,0,0,0,0,0,0,0,0,0,0,0,0,0,0,0,0,0,0,0,0,0,0,0,TCGA-GM-A2DB-DX1_xmin50586_ymin43110_MPP-0.2500+153
50176,0,0,0,0,0,0,0,0,0,0,0,0,0,0,0,0,0,0,0,0,0,0,0,0,50176,0,0,0,0,0,0,0,0,0,0,0,0,0,0,0,0,0,0,0,0,0,0,0,0,50176,0,0,0,0,0,0,0,0,0,0,0,0,0,0,0,0,0,0,0,0,0,0,0,0,TCGA-GM-A2DB-DX1_xmin50586_ymin43110_MPP-0.2500+154
50176,0,0,0,0,0,0,0,0,0,0,0,0,0,0,0,0,0,0,0,0,0,0,0,0,50176,0,0,0,0,0,0,0,0,0,0,0,0,0,0,0,0,0,0,0,0,0,0,0,0,50176,0,0,0,0,0,0,0,0,0,0,0,0,0,0,0,0,0,0,0,0,0,0,0,0,TCGA-GM-A2DB-DX1_xmin50586_ymin43110_MPP-0.2500+155
27367,0,0,17093,0,0,0,0,0,0,0,0,0,0,0,0,0,0,5716,0,0,0,0,0,0,26442,0,0,18018,0,0,0,0,0,0,0,0,0,0,0,0,0,0,5716,0,0,0,0,0,0,25830,0,0,18630,0,0,0,0,0,0,0,0,0,0,0,0,0,0,5716,0,0,0,0,0,0,TCGA-GM-A2DB-DX1_xmin50586_ymin43110_MPP-0.2500+156
0,0,0,5886,0,0,0,0,0,0,0,0,0,0,0,0,0,0,44290,0,0,0,0,0,0,0,0,0,5886,0,0,0,0,0,0,0,0,0,0,0,0,0,0,44290,0,0,0,0,0,0,0,0,0,5886,0,0,0,0,0,0,0,0,0,0,0,0,0,0,44290,0,0,0,0,0,0,TCGA-GM-A2DB-DX1_xmin50586_ymin43110_MPP-0.2500+157
0,0,0,0,0,0,0,0,0,0,0,0,0,0,0,16,0,0,50160,0,0,0,0,0,0,0,0,0,0,0,0,0,0,0,0,0,0,0,0,0,16,0,0,50160,0,0,0,0,0,0,0,0,0,0,0,0,0,0,0,0,0,0,0,0,0,16,0,0,50160,0,0,0,0,0,0,TCGA-GM-A2DB-DX1_xmin50586_ymin43110_MPP-0.2500+158
0,0,0,0,0,0,0,0,0,0,0,0,0,0,0,208,0,0,49968,0,0,0,0,0,0,0,0,0,0,0,0,0,0,0,0,0,0,0,0,0,128,0,0,50048,0,0,0,0,0,0,0,0,0,0,0,0,0,0,0,0,0,0,0,0,0,128,0,0,50048,0,0,0,0,0,0,TCGA-GM-A2DB-DX1_xmin50586_ymin43110_MPP-0.2500+159
0,0,0,0,0,0,0,0,3292,0,0,0,0,0,0,176,0,0,46708,0,0,0,0,0,0,0,0,0,0,0,0,0,0,3292,0,0,0,0,0,0,176,0,0,46708,0,0,0,0,0,0,0,0,0,0,0,0,0,0,3292,0,0,0,0,0,0,176,0,0,46708,0,0,0,0,0,0,TCGA-GM-A2DB-DX1_xmin50586_ymin43110_MPP-0.2500+16
22193,0,0,3374,0,588,0,0,0,0,0,0,0,0,0,538,0,0,23483,0,0,0,0,0,0,22115,0,0,3452,0,588,0,0,0,0,0,0,0,0,0,421,0,0,23600,0,0,0,0,0,0,22094,0,0,3473,0,588,0,0,0,0,0,0,0,0,0,463,0,0,23558,0,0,0,0,0,0,TCGA-GM-A2DB-DX1_xmin50586_ymin43110_MPP-0.2500+160
50176,0,0,0,0,0,0,0,0,0,0,0,0,0,0,0,0,0,0,0,0,0,0,0,0,50176,0,0,0,0,0,0,0,0,0,0,0,0,0,0,0,0,0,0,0,0,0,0,0,0,50176,0,0,0,0,0,0,0,0,0,0,0,0,0,0,0,0,0,0,0,0,0,0,0,0,TCGA-GM-A2DB-DX1_xmin50586_ymin43110_MPP-0.2500+161
35421,0,0,0,0,14755,0,0,0,0,0,0,0,0,0,0,0,0,0,0,0,0,0,0,0,35421,0,0,0,0,14755,0,0,0,0,0,0,0,0,0,0,0,0,0,0,0,0,0,0,0,35421,0,0,0,0,14755,0,0,0,0,0,0,0,0,0,0,0,0,0,0,0,0,0,0,0,TCGA-GM-A2DB-DX1_xmin50586_ymin43110_MPP-0.2500+162
10032,0,0,0,0,29329,0,0,0,0,0,0,0,0,0,0,0,0,0,0,0,0,0,0,10815,10032,0,0,0,0,29329,0,0,0,0,0,0,0,0,0,0,0,0,0,0,0,0,0,0,10815,10032,0,0,0,0,29329,0,0,0,0,0,0,0,0,0,0,0,0,0,0,0,0,0,0,10815,TCGA-GM-A2DB-DX1_xmin50586_ymin43110_MPP-0.2500+163
3,710,0,0,0,61,49402,0,0,0,0,0,0,0,0,0,0,0,0,0,0,0,0,0,0,50,663,0,0,0,110,49353,0,0,0,0,0,0,0,0,0,0,0,0,0,0,0,0,0,0,47,666,0,0,0,49,49414,0,0,0,0,0,0,0,0,0,0,0,0,0,0,0,0,0,0,TCGA-GM-A2DB-DX1_xmin50586_ymin43110_MPP-0.2500+164
0,0,0,0,0,0,41441,8735,0,0,0,0,0,0,0,0,0,0,0,0,0,0,0,0,0,0,0,0,0,0,0,42155,8021,0,0,0,0,0,0,0,0,0,0,0,0,0,0,0,0,0,0,0,0,0,0,0,42540,7636,0,0,0,0,0,0,0,0,0,0,0,0,0,0,0,0,0,TCGA-GM-A2DB-DX1_xmin50586_ymin43110_MPP-0.2500+165
0,0,0,0,0,0,50176,0,0,0,0,0,0,0,0,0,0,0,0,0,0,0,0,0,0,0,0,0,0,0,0,50176,0,0,0,0,0,0,0,0,0,0,0,0,0,0,0,0,0,0,0,0,0,0,0,0,50176,0,0,0,0,0,0,0,0,0,0,0,0,0,0,0,0,0,0,TCGA-GM-A2DB-DX1_xmin50586_ymin43110_MPP-0.2500+166
0,0,0,0,0,0,0,0,0,0,0,0,0,0,0,0,0,0,50176,0,0,0,0,0,0,0,0,0,0,0,0,0,0,0,0,0,0,0,0,0,0,0,0,50176,0,0,0,0,0,0,0,0,0,0,0,0,0,0,0,0,0,0,0,0,0,0,0,0,50176,0,0,0,0,0,0,TCGA-GM-A2DB-DX1_xmin50586_ymin43110_MPP-0.2500+167
1068,0,0,1383,0,196,0,0,4170,0,0,0,0,0,0,0,0,0,43359,0,0,0,0,0,0,1068,0,0,1383,0,132,0,0,4234,0,0,0,0,0,0,0,0,0,43359,0,0,0,0,0,0,1068,0,0,1383,0,132,0,0,4234,0,0,0,0,0,0,0,0,0,43359,0,0,0,0,0,0,TCGA-GM-A2DB-DX1_xmin50586_ymin43110_MPP-0.2500+168
48527,0,0,0,0,1649,0,0,0,0,0,0,0,0,0,0,0,0,0,0,0,0,0,0,0,48527,0,0,0,0,1649,0,0,0,0,0,0,0,0,0,0,0,0,0,0,0,0,0,0,0,48527,0,0,0,0,1649,0,0,0,0,0,0,0,0,0,0,0,0,0,0,0,0,0,0,0,TCGA-GM-A2DB-DX1_xmin50586_ymin43110_MPP-0.2500+169
5899,0,0,0,0,6264,0,0,2710,0,0,0,0,0,0,1049,0,0,34254,0,0,0,0,0,0,5899,0,0,0,0,6117,0,0,2857,0,0,0,0,0,0,1105,0,0,34198,0,0,0,0,0,0,5899,0,0,0,0,6105,0,0,2869,0,0,0,0,0,0,1118,0,0,34185,0,0,0,0,0,0,TCGA-GM-A2DB-DX1_xmin50586_ymin43110_MPP-0.2500+17
49231,0,0,0,0,945,0,0,0,0,0,0,0,0,0,0,0,0,0,0,0,0,0,0,0,49231,0,0,0,0,945,0,0,0,0,0,0,0,0,0,0,0,0,0,0,0,0,0,0,0,49231,0,0,0,0,945,0,0,0,0,0,0,0,0,0,0,0,0,0,0,0,0,0,0,0,TCGA-GM-A2DB-DX1_xmin50586_ymin43110_MPP-0.2500+170
0,2599,0,0,0,0,39110,0,0,0,0,8467,0,0,0,0,0,0,0,0,0,0,0,0,0,0,2599,0,0,0,0,39110,0,0,0,0,8467,0,0,0,0,0,0,0,0,0,0,0,0,0,0,2599,0,0,0,0,39110,0,0,0,0,8467,0,0,0,0,0,0,0,0,0,0,0,0,0,TCGA-GM-A2DB-DX1_xmin50586_ymin43110_MPP-0.2500+171
16881,7984,0,0,0,3306,22005,0,0,0,0,0,0,0,0,0,0,0,0,0,0,0,0,0,0,16696,8169,0,0,0,3412,21899,0,0,0,0,0,0,0,0,0,0,0,0,0,0,0,0,0,0,16661,8204,0,0,0,3769,21542,0,0,0,0,0,0,0,0,0,0,0,0,0,0,0,0,0,0,TCGA-GM-A2DB-DX1_xmin50586_ymin43110_MPP-0.2500+172
50176,0,0,0,0,0,0,0,0,0,0,0,0,0,0,0,0,0,0,0,0,0,0,0,0,50176,0,0,0,0,0,0,0,0,0,0,0,0,0,0,0,0,0,0,0,0,0,0,0,0,50176,0,0,0,0,0,0,0,0,0,0,0,0,0,0,0,0,0,0,0,0,0,0,0,0,TCGA-GM-A2DB-DX1_xmin50586_ymin43110_MPP-0.2500+173
50176,0,0,0,0,0,0,0,0,0,0,0,0,0,0,0,0,0,0,0,0,0,0,0,0,50176,0,0,0,0,0,0,0,0,0,0,0,0,0,0,0,0,0,0,0,0,0,0,0,0,50176,0,0,0,0,0,0,0,0,0,0,0,0,0,0,0,0,0,0,0,0,0,0,0,0,TCGA-GM-A2DB-DX1_xmin50586_ymin43110_MPP-0.2500+174
50176,0,0,0,0,0,0,0,0,0,0,0,0,0,0,0,0,0,0,0,0,0,0,0,0,50176,0,0,0,0,0,0,0,0,0,0,0,0,0,0,0,0,0,0,0,0,0,0,0,0,50176,0,0,0,0,0,0,0,0,0,0,0,0,0,0,0,0,0,0,0,0,0,0,0,0,TCGA-GM-A2DB-DX1_xmin50586_ymin43110_MPP-0.2500+175
50176,0,0,0,0,0,0,0,0,0,0,0,0,0,0,0,0,0,0,0,0,0,0,0,0,50176,0,0,0,0,0,0,0,0,0,0,0,0,0,0,0,0,0,0,0,0,0,0,0,0,50176,0,0,0,0,0,0,0,0,0,0,0,0,0,0,0,0,0,0,0,0,0,0,0,0,TCGA-GM-A2DB-DX1_xmin50586_ymin43110_MPP-0.2500+176
24431,0,0,15474,0,0,0,0,0,0,0,0,0,0,0,0,0,0,10271,0,0,0,0,0,0,24525,0,0,15380,0,0,0,0,0,0,0,0,0,0,0,0,0,0,10271,0,0,0,0,0,0,24523,0,0,15382,0,0,0,0,0,0,0,0,0,0,0,0,0,0,10271,0,0,0,0,0,0,TCGA-GM-A2DB-DX1_xmin50586_ymin43110_MPP-0.2500+177
0,0,0,1586,0,0,0,0,0,0,0,0,0,0,0,0,0,0,48590,0,0,0,0,0,0,0,0,0,1586,0,0,0,0,0,0,0,0,0,0,0,0,0,0,48590,0,0,0,0,0,0,0,0,0,1586,0,0,0,0,0,0,0,0,0,0,0,0,0,0,48590,0,0,0,0,0,0,TCGA-GM-A2DB-DX1_xmin50586_ymin43110_MPP-0.2500+178
0,0,0,0,0,0,0,0,0,0,0,0,0,0,0,0,0,0,50176,0,0,0,0,0,0,0,0,0,0,0,0,0,0,0,0,0,0,0,0,0,0,0,0,50176,0,0,0,0,0,0,0,0,0,0,0,0,0,0,0,0,0,0,0,0,0,0,0,0,50176,0,0,0,0,0,0,TCGA-GM-A2DB-DX1_xmin50586_ymin43110_MPP-0.2500+179
0,0,0,0,0,0,46841,0,0,0,0,3335,0,0,0,0,0,0,0,0,0,0,0,0,0,0,0,0,0,0,0,46841,0,0,0,0,3335,0,0,0,0,0,0,0,0,0,0,0,0,0,0,0,0,0,0,0,46841,0,0,0,0,3335,0,0,0,0,0,0,0,0,0,0,0,0,0,TCGA-GM-A2DB-DX1_xmin50586_ymin43110_MPP-0.2500+18
14215,0,0,6637,0,437,0,0,51,0,0,0,0,0,0,1021,0,0,27815,0,0,0,0,0,0,14160,0,0,6692,0,438,0,0,50,0,0,0,0,0,0,923,0,0,27913,0,0,0,0,0,0,14110,0,0,6742,0,436,0,0,52,0,0,0,0,0,0,870,0,0,27966,0,0,0,0,0,0,TCGA-GM-A2DB-DX1_xmin50586_ymin43110_MPP-0.2500+180
50176,0,0,0,0,0,0,0,0,0,0,0,0,0,0,0,0,0,0,0,0,0,0,0,0,50176,0,0,0,0,0,0,0,0,0,0,0,0,0,0,0,0,0,0,0,0,0,0,0,0,50176,0,0,0,0,0,0,0,0,0,0,0,0,0,0,0,0,0,0,0,0,0,0,0,0,TCGA-GM-A2DB-DX1_xmin50586_ymin43110_MPP-0.2500+181
42011,0,0,0,0,8165,0,0,0,0,0,0,0,0,0,0,0,0,0,0,0,0,0,0,0,42011,0,0,0,0,8165,0,0,0,0,0,0,0,0,0,0,0,0,0,0,0,0,0,0,0,42011,0,0,0,0,8165,0,0,0,0,0,0,0,0,0,0,0,0,0,0,0,0,0,0,0,TCGA-GM-A2DB-DX1_xmin50586_ymin43110_MPP-0.2500+182
11935,0,0,0,0,38241,0,0,0,0,0,0,0,0,0,0,0,0,0,0,0,0,0,0,0,11935,0,0,0,0,38241,0,0,0,0,0,0,0,0,0,0,0,0,0,0,0,0,0,0,0,11935,0,0,0,0,38241,0,0,0,0,0,0,0,0,0,0,0,0,0,0,0,0,0,0,0,TCGA-GM-A2DB-DX1_xmin50586_ymin43110_MPP-0.2500+183
17439,5098,0,0,0,10123,17516,0,0,0,0,0,0,0,0,0,0,0,0,0,0,0,0,0,0,17473,5064,0,0,0,10270,17369,0,0,0,0,0,0,0,0,0,0,0,0,0,0,0,0,0,0,17402,5135,0,0,0,10171,17468,0,0,0,0,0,0,0,0,0,0,0,0,0,0,0,0,0,0,TCGA-GM-A2DB-DX1_xmin50586_ymin43110_MPP-0.2500+184
2159,0,0,0,0,48017,0,0,0,0,0,0,0,0,0,0,0,0,0,0,0,0,0,0,0,2159,0,0,0,0,48017,0,0,0,0,0,0,0,0,0,0,0,0,0,0,0,0,0,0,0,2159,0,0,0,0,48017,0,0,0,0,0,0,0,0,0,0,0,0,0,0,0,0,0,0,0,TCGA-GM-A2DB-DX1_xmin50586_ymin43110_MPP-0.2500+185
0,0,0,0,0,0,50176,0,0,0,0,0,0,0,0,0,0,0,0,0,0,0,0,0,0,0,0,0,0,0,0,50176,0,0,0,0,0,0,0,0,0,0,0,0,0,0,0,0,0,0,0,0,0,0,0,0,50176,0,0,0,0,0,0,0,0,0,0,0,0,0,0,0,0,0,0,TCGA-GM-A2DB-DX1_xmin50586_ymin43110_MPP-0.2500+186
0,0,0,0,0,0,0,0,0,0,0,0,0,0,0,720,0,0,49456,0,0,0,0,0,0,0,0,0,0,0,0,0,0,0,0,0,0,0,0,0,288,0,0,49888,0,0,0,0,0,0,0,0,0,0,0,0,0,0,0,0,0,0,0,0,0,224,0,0,49952,0,0,0,0,0,0,TCGA-GM-A2DB-DX1_xmin50586_ymin43110_MPP-0.2500+187
0,0,0,0,0,0,0,0,19,0,0,0,0,0,0,0,0,0,50157,0,0,0,0,0,0,0,0,0,0,0,0,0,0,19,0,0,0,0,0,0,0,0,0,50157,0,0,0,0,0,0,0,0,0,0,0,0,0,0,19,0,0,0,0,0,0,0,0,0,50157,0,0,0,0,0,0,TCGA-GM-A2DB-DX1_xmin50586_ymin43110_MPP-0.2500+188
32104,0,0,5254,0,9,0,0,8586,0,0,0,0,0,0,0,0,0,4223,0,0,0,0,0,0,32360,0,0,4998,0,4,0,0,8591,0,0,0,0,0,0,0,0,0,4223,0,0,0,0,0,0,32211,0,0,5147,0,4,0,0,8591,0,0,0,0,0,0,0,0,0,4223,0,0,0,0,0,0,TCGA-GM-A2DB-DX1_xmin50586_ymin43110_MPP-0.2500+189
0,0,0,0,0,0,50176,0,0,0,0,0,0,0,0,0,0,0,0,0,0,0,0,0,0,0,0,0,0,0,0,50176,0,0,0,0,0,0,0,0,0,0,0,0,0,0,0,0,0,0,0,0,0,0,0,0,50176,0,0,0,0,0,0,0,0,0,0,0,0,0,0,0,0,0,0,TCGA-GM-A2DB-DX1_xmin50586_ymin43110_MPP-0.2500+19
50176,0,0,0,0,0,0,0,0,0,0,0,0,0,0,0,0,0,0,0,0,0,0,0,0,50176,0,0,0,0,0,0,0,0,0,0,0,0,0,0,0,0,0,0,0,0,0,0,0,0,50176,0,0,0,0,0,0,0,0,0,0,0,0,0,0,0,0,0,0,0,0,0,0,0,0,TCGA-GM-A2DB-DX1_xmin50586_ymin43110_MPP-0.2500+190
23948,68,0,0,0,3432,22728,0,0,0,0,0,0,0,0,0,0,0,0,0,0,0,0,0,0,23927,89,0,0,0,3590,22570,0,0,0,0,0,0,0,0,0,0,0,0,0,0,0,0,0,0,23858,158,0,0,0,3183,22977,0,0,0,0,0,0,0,0,0,0,0,0,0,0,0,0,0,0,TCGA-GM-A2DB-DX1_xmin50586_ymin43110_MPP-0.2500+191
7690,0,0,0,0,12313,30173,0,0,0,0,0,0,0,0,0,0,0,0,0,0,0,0,0,0,7690,0,0,0,0,12280,30206,0,0,0,0,0,0,0,0,0,0,0,0,0,0,0,0,0,0,7690,0,0,0,0,12161,30325,0,0,0,0,0,0,0,0,0,0,0,0,0,0,0,0,0,0,TCGA-GM-A2DB-DX1_xmin50586_ymin43110_MPP-0.2500+192
49865,0,0,0,0,311,0,0,0,0,0,0,0,0,0,0,0,0,0,0,0,0,0,0,0,49865,0,0,0,0,311,0,0,0,0,0,0,0,0,0,0,0,0,0,0,0,0,0,0,0,49865,0,0,0,0,311,0,0,0,0,0,0,0,0,0,0,0,0,0,0,0,0,0,0,0,TCGA-GM-A2DB-DX1_xmin50586_ymin43110_MPP-0.2500+193
50176,0,0,0,0,0,0,0,0,0,0,0,0,0,0,0,0,0,0,0,0,0,0,0,0,50176,0,0,0,0,0,0,0,0,0,0,0,0,0,0,0,0,0,0,0,0,0,0,0,0,50176,0,0,0,0,0,0,0,0,0,0,0,0,0,0,0,0,0,0,0,0,0,0,0,0,TCGA-GM-A2DB-DX1_xmin50586_ymin43110_MPP-0.2500+194
50176,0,0,0,0,0,0,0,0,0,0,0,0,0,0,0,0,0,0,0,0,0,0,0,0,50176,0,0,0,0,0,0,0,0,0,0,0,0,0,0,0,0,0,0,0,0,0,0,0,0,50176,0,0,0,0,0,0,0,0,0,0,0,0,0,0,0,0,0,0,0,0,0,0,0,0,TCGA-GM-A2DB-DX1_xmin50586_ymin43110_MPP-0.2500+195
50176,0,0,0,0,0,0,0,0,0,0,0,0,0,0,0,0,0,0,0,0,0,0,0,0,50176,0,0,0,0,0,0,0,0,0,0,0,0,0,0,0,0,0,0,0,0,0,0,0,0,50176,0,0,0,0,0,0,0,0,0,0,0,0,0,0,0,0,0,0,0,0,0,0,0,0,TCGA-GM-A2DB-DX1_xmin50586_ymin43110_MPP-0.2500+196
50176,0,0,0,0,0,0,0,0,0,0,0,0,0,0,0,0,0,0,0,0,0,0,0,0,50176,0,0,0,0,0,0,0,0,0,0,0,0,0,0,0,0,0,0,0,0,0,0,0,0,50176,0,0,0,0,0,0,0,0,0,0,0,0,0,0,0,0,0,0,0,0,0,0,0,0,TCGA-GM-A2DB-DX1_xmin50586_ymin43110_MPP-0.2500+197
23792,0,0,2242,0,0,0,0,0,0,0,0,0,0,0,457,0,0,23685,0,0,0,0,0,0,23997,0,0,2037,0,0,0,0,0,0,0,0,0,0,0,596,0,0,23546,0,0,0,0,0,0,23937,0,0,2097,0,0,0,0,0,0,0,0,0,0,0,608,0,0,23534,0,0,0,0,0,0,TCGA-GM-A2DB-DX1_xmin50586_ymin43110_MPP-0.2500+198
0,0,0,0,0,0,0,0,0,0,0,0,0,0,0,0,0,0,50176,0,0,0,0,0,0,0,0,0,0,0,0,0,0,0,0,0,0,0,0,0,0,0,0,50176,0,0,0,0,0,0,0,0,0,0,0,0,0,0,0,0,0,0,0,0,0,0,0,0,50176,0,0,0,0,0,0,TCGA-GM-A2DB-DX1_xmin50586_ymin43110_MPP-0.2500+199
3586,0,0,27,0,2828,0,0,3299,0,0,0,0,0,0,690,0,0,39746,0,0,0,0,0,0,3572,0,0,41,0,2714,0,0,3413,0,0,0,0,0,0,754,0,0,39682,0,0,0,0,0,0,3517,0,0,96,0,2577,0,0,3550,0,0,0,0,0,0,818,0,0,39618,0,0,0,0,0,0,TCGA-GM-A2DB-DX1_xmin50586_ymin43110_MPP-0.2500+2
0,0,0,0,0,0,50176,0,0,0,0,0,0,0,0,0,0,0,0,0,0,0,0,0,0,0,0,0,0,0,0,50176,0,0,0,0,0,0,0,0,0,0,0,0,0,0,0,0,0,0,0,0,0,0,0,0,50176,0,0,0,0,0,0,0,0,0,0,0,0,0,0,0,0,0,0,TCGA-GM-A2DB-DX1_xmin50586_ymin43110_MPP-0.2500+20
1168,0,0,7063,0,0,0,0,178,0,0,0,0,0,0,0,0,0,41767,0,0,0,0,0,0,368,0,0,7863,0,0,0,0,178,0,0,0,0,0,0,0,0,0,41767,0,0,0,0,0,0,240,0,0,7991,0,0,0,0,178,0,0,0,0,0,0,0,0,0,41767,0,0,0,0,0,0,TCGA-GM-A2DB-DX1_xmin50586_ymin43110_MPP-0.2500+200
49788,0,0,0,0,388,0,0,0,0,0,0,0,0,0,0,0,0,0,0,0,0,0,0,0,49788,0,0,0,0,388,0,0,0,0,0,0,0,0,0,0,0,0,0,0,0,0,0,0,0,49788,0,0,0,0,388,0,0,0,0,0,0,0,0,0,0,0,0,0,0,0,0,0,0,0,TCGA-GM-A2DB-DX1_xmin50586_ymin43110_MPP-0.2500+201
36855,0,0,0,0,13321,0,0,0,0,0,0,0,0,0,0,0,0,0,0,0,0,0,0,0,36855,0,0,0,0,13321,0,0,0,0,0,0,0,0,0,0,0,0,0,0,0,0,0,0,0,36855,0,0,0,0,13321,0,0,0,0,0,0,0,0,0,0,0,0,0,0,0,0,0,0,0,TCGA-GM-A2DB-DX1_xmin50586_ymin43110_MPP-0.2500+202
30967,0,0,0,0,19209,0,0,0,0,0,0,0,0,0,0,0,0,0,0,0,0,0,0,0,30967,0,0,0,0,19209,0,0,0,0,0,0,0,0,0,0,0,0,0,0,0,0,0,0,0,30967,0,0,0,0,19209,0,0,0,0,0,0,0,0,0,0,0,0,0,0,0,0,0,0,0,TCGA-GM-A2DB-DX1_xmin50586_ymin43110_MPP-0.2500+203
50176,0,0,0,0,0,0,0,0,0,0,0,0,0,0,0,0,0,0,0,0,0,0,0,0,50176,0,0,0,0,0,0,0,0,0,0,0,0,0,0,0,0,0,0,0,0,0,0,0,0,50176,0,0,0,0,0,0,0,0,0,0,0,0,0,0,0,0,0,0,0,0,0,0,0,0,TCGA-GM-A2DB-DX1_xmin50586_ymin43110_MPP-0.2500+204
15860,0,0,0,0,34316,0,0,0,0,0,0,0,0,0,0,0,0,0,0,0,0,0,0,0,15860,0,0,0,0,34316,0,0,0,0,0,0,0,0,0,0,0,0,0,0,0,0,0,0,0,15860,0,0,0,0,34316,0,0,0,0,0,0,0,0,0,0,0,0,0,0,0,0,0,0,0,TCGA-GM-A2DB-DX1_xmin50586_ymin43110_MPP-0.2500+205
0,0,0,0,0,1,50175,0,0,0,0,0,0,0,0,0,0,0,0,0,0,0,0,0,0,0,0,0,0,0,1,50175,0,0,0,0,0,0,0,0,0,0,0,0,0,0,0,0,0,0,0,0,0,0,0,1,50175,0,0,0,0,0,0,0,0,0,0,0,0,0,0,0,0,0,0,TCGA-GM-A2DB-DX1_xmin50586_ymin43110_MPP-0.2500+206
0,0,0,0,0,0,0,0,0,0,0,0,0,0,0,0,0,0,50176,0,0,0,0,0,0,0,0,0,0,0,0,0,0,0,0,0,0,0,0,0,0,0,0,50176,0,0,0,0,0,0,0,0,0,0,0,0,0,0,0,0,0,0,0,0,0,0,0,0,50176,0,0,0,0,0,0,TCGA-GM-A2DB-DX1_xmin50586_ymin43110_MPP-0.2500+207
0,0,0,0,0,0,0,0,0,0,0,0,0,0,0,560,0,0,49616,0,0,0,0,0,0,0,0,0,0,0,0,0,0,0,0,0,0,0,0,0,784,0,0,49392,0,0,0,0,0,0,0,0,0,0,0,0,0,0,0,0,0,0,0,0,0,656,0,0,49520,0,0,0,0,0,0,TCGA-GM-A2DB-DX1_xmin50586_ymin43110_MPP-0.2500+208
20629,0,0,399,0,1399,0,0,8180,0,0,0,0,0,0,0,0,0,19569,0,0,0,0,0,0,20748,0,0,280,0,1358,0,0,8221,0,0,0,0,0,0,0,0,0,19569,0,0,0,0,0,0,20714,0,0,314,0,1313,0,0,8266,0,0,0,0,0,0,0,0,0,19569,0,0,0,0,0,0,TCGA-GM-A2DB-DX1_xmin50586_ymin43110_MPP-0.2500+209
0,0,0,0,0,0,50176,0,0,0,0,0,0,0,0,0,0,0,0,0,0,0,0,0,0,0,0,0,0,0,0,50176,0,0,0,0,0,0,0,0,0,0,0,0,0,0,0,0,0,0,0,0,0,0,0,0,50176,0,0,0,0,0,0,0,0,0,0,0,0,0,0,0,0,0,0,TCGA-GM-A2DB-DX1_xmin50586_ymin43110_MPP-0.2500+21
50176,0,0,0,0,0,0,0,0,0,0,0,0,0,0,0,0,0,0,0,0,0,0,0,0,50176,0,0,0,0,0,0,0,0,0,0,0,0,0,0,0,0,0,0,0,0,0,0,0,0,50176,0,0,0,0,0,0,0,0,0,0,0,0,0,0,0,0,0,0,0,0,0,0,0,0,TCGA-GM-A2DB-DX1_xmin50586_ymin43110_MPP-0.2500+210
50116,0,0,0,0,60,0,0,0,0,0,0,0,0,0,0,0,0,0,0,0,0,0,0,0,50116,0,0,0,0,60,0,0,0,0,0,0,0,0,0,0,0,0,0,0,0,0,0,0,0,50116,0,0,0,0,60,0,0,0,0,0,0,0,0,0,0,0,0,0,0,0,0,0,0,0,TCGA-GM-A2DB-DX1_xmin50586_ymin43110_MPP-0.2500+211
14686,464,0,0,0,7240,27786,0,0,0,0,0,0,0,0,0,0,0,0,0,0,0,0,0,0,14682,468,0,0,0,7577,27449,0,0,0,0,0,0,0,0,0,0,0,0,0,0,0,0,0,0,14517,633,0,0,0,7902,27124,0,0,0,0,0,0,0,0,0,0,0,0,0,0,0,0,0,0,TCGA-GM-A2DB-DX1_xmin50586_ymin43110_MPP-0.2500+212
33073,0,0,0,0,17103,0,0,0,0,0,0,0,0,0,0,0,0,0,0,0,0,0,0,0,33073,0,0,0,0,17103,0,0,0,0,0,0,0,0,0,0,0,0,0,0,0,0,0,0,0,33073,0,0,0,0,17103,0,0,0,0,0,0,0,0,0,0,0,0,0,0,0,0,0,0,0,TCGA-GM-A2DB-DX1_xmin50586_ymin43110_MPP-0.2500+213
50176,0,0,0,0,0,0,0,0,0,0,0,0,0,0,0,0,0,0,0,0,0,0,0,0,50176,0,0,0,0,0,0,0,0,0,0,0,0,0,0,0,0,0,0,0,0,0,0,0,0,50176,0,0,0,0,0,0,0,0,0,0,0,0,0,0,0,0,0,0,0,0,0,0,0,0,TCGA-GM-A2DB-DX1_xmin50586_ymin43110_MPP-0.2500+214
50176,0,0,0,0,0,0,0,0,0,0,0,0,0,0,0,0,0,0,0,0,0,0,0,0,50176,0,0,0,0,0,0,0,0,0,0,0,0,0,0,0,0,0,0,0,0,0,0,0,0,50176,0,0,0,0,0,0,0,0,0,0,0,0,0,0,0,0,0,0,0,0,0,0,0,0,TCGA-GM-A2DB-DX1_xmin50586_ymin43110_MPP-0.2500+215
50176,0,0,0,0,0,0,0,0,0,0,0,0,0,0,0,0,0,0,0,0,0,0,0,0,50176,0,0,0,0,0,0,0,0,0,0,0,0,0,0,0,0,0,0,0,0,0,0,0,0,50176,0,0,0,0,0,0,0,0,0,0,0,0,0,0,0,0,0,0,0,0,0,0,0,0,TCGA-GM-A2DB-DX1_xmin50586_ymin43110_MPP-0.2500+216
50176,0,0,0,0,0,0,0,0,0,0,0,0,0,0,0,0,0,0,0,0,0,0,0,0,50176,0,0,0,0,0,0,0,0,0,0,0,0,0,0,0,0,0,0,0,0,0,0,0,0,50176,0,0,0,0,0,0,0,0,0,0,0,0,0,0,0,0,0,0,0,0,0,0,0,0,TCGA-GM-A2DB-DX1_xmin50586_ymin43110_MPP-0.2500+217
48746,0,0,0,0,0,0,0,0,0,0,0,0,0,0,1430,0,0,0,0,0,0,0,0,0,48746,0,0,0,0,0,0,0,0,0,0,0,0,0,0,1430,0,0,0,0,0,0,0,0,0,48746,0,0,0,0,0,0,0,0,0,0,0,0,0,0,1430,0,0,0,0,0,0,0,0,0,TCGA-GM-A2DB-DX1_xmin50586_ymin43110_MPP-0.2500+218
30274,0,0,0,0,3778,0,0,0,0,0,0,0,0,0,16124,0,0,0,0,0,0,0,0,0,30274,0,0,0,0,3778,0,0,0,0,0,0,0,0,0,16124,0,0,0,0,0,0,0,0,0,30274,0,0,0,0,3778,0,0,0,0,0,0,0,0,0,16124,0,0,0,0,0,0,0,0,0,TCGA-GM-A2DB-DX1_xmin50586_ymin43110_MPP-0.2500+219
0,0,0,0,0,0,50176,0,0,0,0,0,0,0,0,0,0,0,0,0,0,0,0,0,0,0,0,0,0,0,0,50176,0,0,0,0,0,0,0,0,0,0,0,0,0,0,0,0,0,0,0,0,0,0,0,0,50176,0,0,0,0,0,0,0,0,0,0,0,0,0,0,0,0,0,0,TCGA-GM-A2DB-DX1_xmin50586_ymin43110_MPP-0.2500+22
37075,0,0,0,0,6052,0,0,0,0,0,0,0,0,0,7049,0,0,0,0,0,0,0,0,0,37075,0,0,0,0,6052,0,0,0,0,0,0,0,0,0,7049,0,0,0,0,0,0,0,0,0,37075,0,0,0,0,6052,0,0,0,0,0,0,0,0,0,7049,0,0,0,0,0,0,0,0,0,TCGA-GM-A2DB-DX1_xmin50586_ymin43110_MPP-0.2500+220
43028,0,0,0,0,7148,0,0,0,0,0,0,0,0,0,0,0,0,0,0,0,0,0,0,0,43028,0,0,0,0,7148,0,0,0,0,0,0,0,0,0,0,0,0,0,0,0,0,0,0,0,43028,0,0,0,0,7148,0,0,0,0,0,0,0,0,0,0,0,0,0,0,0,0,0,0,0,TCGA-GM-A2DB-DX1_xmin50586_ymin43110_MPP-0.2500+221
11129,0,0,0,0,34189,0,0,0,0,4858,0,0,0,0,0,0,0,0,0,0,0,0,0,0,11129,0,0,0,0,34189,0,0,0,0,4858,0,0,0,0,0,0,0,0,0,0,0,0,0,0,11129,0,0,0,0,34189,0,0,0,0,4858,0,0,0,0,0,0,0,0,0,0,0,0,0,0,TCGA-GM-A2DB-DX1_xmin50586_ymin43110_MPP-0.2500+222
16067,0,0,0,0,31080,0,0,0,0,3029,0,0,0,0,0,0,0,0,0,0,0,0,0,0,16067,0,0,0,0,31080,0,0,0,0,3029,0,0,0,0,0,0,0,0,0,0,0,0,0,0,16067,0,0,0,0,31080,0,0,0,0,3029,0,0,0,0,0,0,0,0,0,0,0,0,0,0,TCGA-GM-A2DB-DX1_xmin50586_ymin43110_MPP-0.2500+223
35228,0,0,0,0,14948,0,0,0,0,0,0,0,0,0,0,0,0,0,0,0,0,0,0,0,35228,0,0,0,0,14948,0,0,0,0,0,0,0,0,0,0,0,0,0,0,0,0,0,0,0,35228,0,0,0,0,14948,0,0,0,0,0,0,0,0,0,0,0,0,0,0,0,0,0,0,0,TCGA-GM-A2DB-DX1_xmin50586_ymin43110_MPP-0.2500+224
48,0,0,0,0,49537,0,0,0,0,591,0,0,0,0,0,0,0,0,0,0,0,0,0,0,48,0,0,0,0,49537,0,0,0,0,591,0,0,0,0,0,0,0,0,0,0,0,0,0,0,48,0,0,0,0,49537,0,0,0,0,591,0,0,0,0,0,0,0,0,0,0,0,0,0,0,TCGA-GM-A2DB-DX1_xmin50586_ymin43110_MPP-0.2500+225
0,0,0,0,0,0,37000,1087,0,0,0,5339,6750,0,0,0,0,0,0,0,0,0,0,0,0,0,0,0,0,0,0,37073,1014,0,0,0,5568,6521,0,0,0,0,0,0,0,0,0,0,0,0,0,0,0,0,0,0,36985,1102,0,0,0,5436,6653,0,0,0,0,0,0,0,0,0,0,0,0,TCGA-GM-A2DB-DX1_xmin50586_ymin43110_MPP-0.2500+226
0,0,0,0,0,0,33029,14457,0,0,0,1284,1406,0,0,0,0,0,0,0,0,0,0,0,0,0,0,0,0,0,0,34164,13322,0,0,0,1292,1398,0,0,0,0,0,0,0,0,0,0,0,0,0,0,0,0,0,0,36417,11069,0,0,0,1316,1374,0,0,0,0,0,0,0,0,0,0,0,0,TCGA-GM-A2DB-DX1_xmin50586_ymin43110_MPP-0.2500+227
0,0,0,0,0,0,0,0,0,0,0,0,0,0,0,0,0,0,50176,0,0,0,0,0,0,0,0,0,0,0,0,0,0,0,0,0,0,0,0,0,0,0,0,50176,0,0,0,0,0,0,0,0,0,0,0,0,0,0,0,0,0,0,0,0,0,0,0,0,50176,0,0,0,0,0,0,TCGA-GM-A2DB-DX1_xmin50586_ymin43110_MPP-0.2500+228
892,0,0,284,0,180,0,0,3344,0,0,0,0,0,0,0,0,0,45476,0,0,0,0,0,0,669,0,0,507,0,115,0,0,3409,0,0,0,0,0,0,0,0,0,45476,0,0,0,0,0,0,669,0,0,507,0,115,0,0,3409,0,0,0,0,0,0,0,0,0,45476,0,0,0,0,0,0,TCGA-GM-A2DB-DX1_xmin50586_ymin43110_MPP-0.2500+229
0,0,0,0,0,5238,44938,0,0,0,0,0,0,0,0,0,0,0,0,0,0,0,0,0,0,0,0,0,0,0,5456,44720,0,0,0,0,0,0,0,0,0,0,0,0,0,0,0,0,0,0,0,0,0,0,0,5555,44621,0,0,0,0,0,0,0,0,0,0,0,0,0,0,0,0,0,0,TCGA-GM-A2DB-DX1_xmin50586_ymin43110_MPP-0.2500+23
35846,0,0,189,0,2474,0,0,2436,0,0,0,0,0,0,792,0,0,8439,0,0,0,0,0,0,35991,0,0,44,0,2544,0,0,2366,0,0,0,0,0,0,807,0,0,8424,0,0,0,0,0,0,35969,0,0,66,0,2428,0,0,2482,0,0,0,0,0,0,781,0,0,8450,0,0,0,0,0,0,TCGA-GM-A2DB-DX1_xmin50586_ymin43110_MPP-0.2500+230
50176,0,0,0,0,0,0,0,0,0,0,0,0,0,0,0,0,0,0,0,0,0,0,0,0,50176,0,0,0,0,0,0,0,0,0,0,0,0,0,0,0,0,0,0,0,0,0,0,0,0,50176,0,0,0,0,0,0,0,0,0,0,0,0,0,0,0,0,0,0,0,0,0,0,0,0,TCGA-GM-A2DB-DX1_xmin50586_ymin43110_MPP-0.2500+231
42024,0,0,0,0,8152,0,0,0,0,0,0,0,0,0,0,0,0,0,0,0,0,0,0,0,42024,0,0,0,0,8152,0,0,0,0,0,0,0,0,0,0,0,0,0,0,0,0,0,0,0,42024,0,0,0,0,8152,0,0,0,0,0,0,0,0,0,0,0,0,0,0,0,0,0,0,0,TCGA-GM-A2DB-DX1_xmin50586_ymin43110_MPP-0.2500+232
9549,1211,0,0,0,15097,24319,0,0,0,0,0,0,0,0,0,0,0,0,0,0,0,0,0,0,9486,1274,0,0,0,14621,24795,0,0,0,0,0,0,0,0,0,0,0,0,0,0,0,0,0,0,9474,1286,0,0,0,13476,25940,0,0,0,0,0,0,0,0,0,0,0,0,0,0,0,0,0,0,TCGA-GM-A2DB-DX1_xmin50586_ymin43110_MPP-0.2500+233
44503,0,0,0,0,5673,0,0,0,0,0,0,0,0,0,0,0,0,0,0,0,0,0,0,0,44503,0,0,0,0,5673,0,0,0,0,0,0,0,0,0,0,0,0,0,0,0,0,0,0,0,44503,0,0,0,0,5673,0,0,0,0,0,0,0,0,0,0,0,0,0,0,0,0,0,0,0,TCGA-GM-A2DB-DX1_xmin50586_ymin43110_MPP-0.2500+234
50176,0,0,0,0,0,0,0,0,0,0,0,0,0,0,0,0,0,0,0,0,0,0,0,0,50176,0,0,0,0,0,0,0,0,0,0,0,0,0,0,0,0,0,0,0,0,0,0,0,0,50176,0,0,0,0,0,0,0,0,0,0,0,0,0,0,0,0,0,0,0,0,0,0,0,0,TCGA-GM-A2DB-DX1_xmin50586_ymin43110_MPP-0.2500+235
30469,0,0,321,0,3119,0,0,10174,0,0,0,0,0,0,186,0,0,5907,0,0,0,0,0,0,30457,0,0,333,0,3039,0,0,10254,0,0,0,0,0,0,273,0,0,5820,0,0,0,0,0,0,30419,0,0,371,0,3003,0,0,10290,0,0,0,0,0,0,309,0,0,5784,0,0,0,0,0,0,TCGA-GM-A2DB-DX1_xmin50586_ymin43110_MPP-0.2500+236
29539,0,0,4354,0,1735,0,0,7806,0,0,0,0,0,0,0,0,0,6742,0,0,0,0,0,0,29540,0,0,4353,0,1875,0,0,7666,0,0,0,0,0,0,0,0,0,6742,0,0,0,0,0,0,29396,0,0,4497,0,1865,0,0,7676,0,0,0,0,0,0,0,0,0,6742,0,0,0,0,0,0,TCGA-GM-A2DB-DX1_xmin50586_ymin43110_MPP-0.2500+237
50042,0,0,0,0,134,0,0,0,0,0,0,0,0,0,0,0,0,0,0,0,0,0,0,0,50042,0,0,0,0,134,0,0,0,0,0,0,0,0,0,0,0,0,0,0,0,0,0,0,0,50042,0,0,0,0,134,0,0,0,0,0,0,0,0,0,0,0,0,0,0,0,0,0,0,0,TCGA-GM-A2DB-DX1_xmin50586_ymin43110_MPP-0.2500+238
50176,0,0,0,0,0,0,0,0,0,0,0,0,0,0,0,0,0,0,0,0,0,0,0,0,50176,0,0,0,0,0,0,0,0,0,0,0,0,0,0,0,0,0,0,0,0,0,0,0,0,50176,0,0,0,0,0,0,0,0,0,0,0,0,0,0,0,0,0,0,0,0,0,0,0,0,TCGA-GM-A2DB-DX1_xmin50586_ymin43110_MPP-0.2500+239
16570,3189,0,0,0,311,30106,0,0,0,0,0,0,0,0,0,0,0,0,0,0,0,0,0,0,16438,3321,0,0,0,316,30101,0,0,0,0,0,0,0,0,0,0,0,0,0,0,0,0,0,0,16234,3525,0,0,0,537,29880,0,0,0,0,0,0,0,0,0,0,0,0,0,0,0,0,0,0,TCGA-GM-A2DB-DX1_xmin50586_ymin43110_MPP-0.2500+24
50176,0,0,0,0,0,0,0,0,0,0,0,0,0,0,0,0,0,0,0,0,0,0,0,0,50176,0,0,0,0,0,0,0,0,0,0,0,0,0,0,0,0,0,0,0,0,0,0,0,0,50176,0,0,0,0,0,0,0,0,0,0,0,0,0,0,0,0,0,0,0,0,0,0,0,0,TCGA-GM-A2DB-DX1_xmin50586_ymin43110_MPP-0.2500+240
28280,0,0,0,0,21896,0,0,0,0,0,0,0,0,0,0,0,0,0,0,0,0,0,0,0,28280,0,0,0,0,21896,0,0,0,0,0,0,0,0,0,0,0,0,0,0,0,0,0,0,0,28280,0,0,0,0,21896,0,0,0,0,0,0,0,0,0,0,0,0,0,0,0,0,0,0,0,TCGA-GM-A2DB-DX1_xmin50586_ymin43110_MPP-0.2500+241
0,0,0,0,0,13582,0,0,0,0,36594,0,0,0,0,0,0,0,0,0,0,0,0,0,0,0,0,0,0,0,13582,0,0,0,0,36594,0,0,0,0,0,0,0,0,0,0,0,0,0,0,0,0,0,0,0,13582,0,0,0,0,36594,0,0,0,0,0,0,0,0,0,0,0,0,0,0,TCGA-GM-A2DB-DX1_xmin50586_ymin43110_MPP-0.2500+242
0,0,0,0,0,693,0,4945,0,0,267,0,44271,0,0,0,0,0,0,0,0,0,0,0,0,0,0,0,0,0,997,0,4641,0,0,299,0,44239,0,0,0,0,0,0,0,0,0,0,0,0,0,0,0,0,0,1092,0,4546,0,0,460,0,44078,0,0,0,0,0,0,0,0,0,0,0,0,TCGA-GM-A2DB-DX1_xmin50586_ymin43110_MPP-0.2500+243
0,0,0,0,0,5520,0,16803,0,0,0,0,27853,0,0,0,0,0,0,0,0,0,0,0,0,0,0,0,0,0,5392,0,16931,0,0,0,0,27853,0,0,0,0,0,0,0,0,0,0,0,0,0,0,0,0,0,5264,0,17059,0,0,0,0,27853,0,0,0,0,0,0,0,0,0,0,0,0,TCGA-GM-A2DB-DX1_xmin50586_ymin43110_MPP-0.2500+244
0,0,0,0,0,0,19915,26833,0,0,0,515,2913,0,0,0,0,0,0,0,0,0,0,0,0,0,0,0,0,0,0,20551,26197,0,0,0,536,2892,0,0,0,0,0,0,0,0,0,0,0,0,0,0,0,0,0,0,21374,25374,0,0,0,558,2870,0,0,0,0,0,0,0,0,0,0,0,0,TCGA-GM-A2DB-DX1_xmin50586_ymin43110_MPP-0.2500+245
0,0,0,0,0,0,34639,7365,0,0,0,1001,7171,0,0,0,0,0,0,0,0,0,0,0,0,0,0,0,0,0,0,35225,6779,0,0,0,1078,7094,0,0,0,0,0,0,0,0,0,0,0,0,0,0,0,0,0,0,36165,5839,0,0,0,1182,6990,0,0,0,0,0,0,0,0,0,0,0,0,TCGA-GM-A2DB-DX1_xmin50586_ymin43110_MPP-0.2500+246
0,0,0,0,0,0,30579,18957,0,0,0,582,58,0,0,0,0,0,0,0,0,0,0,0,0,0,0,0,0,0,0,31448,18088,0,0,0,582,58,0,0,0,0,0,0,0,0,0,0,0,0,0,0,0,0,0,0,34149,15387,0,0,0,556,84,0,0,0,0,0,0,0,0,0,0,0,0,TCGA-GM-A2DB-DX1_xmin50586_ymin43110_MPP-0.2500+247
0,0,0,0,0,0,0,0,0,0,0,0,0,0,0,0,0,0,50176,0,0,0,0,0,0,0,0,0,0,0,0,0,0,0,0,0,0,0,0,0,0,0,0,50176,0,0,0,0,0,0,0,0,0,0,0,0,0,0,0,0,0,0,0,0,0,0,0,0,50176,0,0,0,0,0,0,TCGA-GM-A2DB-DX1_xmin50586_ymin43110_MPP-0.2500+248
0,0,0,0,0,0,0,0,0,0,0,0,0,0,0,4,0,0,50172,0,0,0,0,0,0,0,0,0,0,0,0,0,0,0,0,0,0,0,0,0,4,0,0,50172,0,0,0,0,0,0,0,0,0,0,0,0,0,0,0,0,0,0,0,0,0,4,0,0,50172,0,0,0,0,0,0,TCGA-GM-A2DB-DX1_xmin50586_ymin43110_MPP-0.2500+249
38302,2893,0,0,0,892,8086,0,0,0,0,0,0,0,0,0,3,0,0,0,0,0,0,0,0,38238,2957,0,0,0,900,8078,0,0,0,0,0,0,0,0,0,3,0,0,0,0,0,0,0,0,38019,3176,0,0,0,886,8092,0,0,0,0,0,0,0,0,0,3,0,0,0,0,0,0,0,0,TCGA-GM-A2DB-DX1_xmin50586_ymin43110_MPP-0.2500+25
16,0,0,600,0,0,0,0,1375,0,0,0,0,0,0,0,0,0,48185,0,0,0,0,0,0,16,0,0,600,0,0,0,0,1375,0,0,0,0,0,0,0,0,0,48185,0,0,0,0,0,0,16,0,0,600,0,0,0,0,1375,0,0,0,0,0,0,0,0,0,48185,0,0,0,0,0,0,TCGA-GM-A2DB-DX1_xmin50586_ymin43110_MPP-0.2500+250
23156,0,0,15,0,3913,0,0,4155,0,0,0,0,0,0,397,0,0,18540,0,0,0,0,0,0,23146,0,0,25,0,3986,0,0,4082,0,0,0,0,0,0,361,0,0,18576,0,0,0,0,0,0,23142,0,0,29,0,4029,0,0,4039,0,0,0,0,0,0,416,0,0,18521,0,0,0,0,0,0,TCGA-GM-A2DB-DX1_xmin50586_ymin43110_MPP-0.2500+251
49847,0,0,0,0,329,0,0,0,0,0,0,0,0,0,0,0,0,0,0,0,0,0,0,0,49847,0,0,0,0,329,0,0,0,0,0,0,0,0,0,0,0,0,0,0,0,0,0,0,0,49847,0,0,0,0,329,0,0,0,0,0,0,0,0,0,0,0,0,0,0,0,0,0,0,0,TCGA-GM-A2DB-DX1_xmin50586_ymin43110_MPP-0.2500+252
42468,0,0,0,0,7708,0,0,0,0,0,0,0,0,0,0,0,0,0,0,0,0,0,0,0,42468,0,0,0,0,7708,0,0,0,0,0,0,0,0,0,0,0,0,0,0,0,0,0,0,0,42468,0,0,0,0,7708,0,0,0,0,0,0,0,0,0,0,0,0,0,0,0,0,0,0,0,TCGA-GM-A2DB-DX1_xmin50586_ymin43110_MPP-0.2500+253
19565,1485,0,0,0,16183,12943,0,0,0,0,0,0,0,0,0,0,0,0,0,0,0,0,0,0,19647,1403,0,0,0,15868,13258,0,0,0,0,0,0,0,0,0,0,0,0,0,0,0,0,0,0,19752,1298,0,0,0,15184,13942,0,0,0,0,0,0,0,0,0,0,0,0,0,0,0,0,0,0,TCGA-GM-A2DB-DX1_xmin50586_ymin43110_MPP-0.2500+254
50176,0,0,0,0,0,0,0,0,0,0,0,0,0,0,0,0,0,0,0,0,0,0,0,0,50176,0,0,0,0,0,0,0,0,0,0,0,0,0,0,0,0,0,0,0,0,0,0,0,0,50176,0,0,0,0,0,0,0,0,0,0,0,0,0,0,0,0,0,0,0,0,0,0,0,0,TCGA-GM-A2DB-DX1_xmin50586_ymin43110_MPP-0.2500+255
13182,0,0,435,0,4845,0,0,5785,0,0,0,0,0,0,0,0,0,25929,0,0,0,0,0,0,12963,0,0,654,0,4820,0,0,5810,0,0,0,0,0,0,0,0,0,25929,0,0,0,0,0,0,12919,0,0,698,0,4835,0,0,5795,0,0,0,0,0,0,0,0,0,25929,0,0,0,0,0,0,TCGA-GM-A2DB-DX1_xmin50586_ymin43110_MPP-0.2500+256
0,0,0,0,0,0,0,0,1300,0,0,0,0,0,0,16,0,0,48860,0,0,0,0,0,0,0,0,0,0,0,0,0,0,1300,0,0,0,0,0,0,0,0,0,48876,0,0,0,0,0,0,0,0,0,0,0,0,0,0,1300,0,0,0,0,0,0,0,0,0,48876,0,0,0,0,0,0,TCGA-GM-A2DB-DX1_xmin50586_ymin43110_MPP-0.2500+257
11985,0,0,0,0,11068,0,0,2695,0,0,0,0,0,0,931,0,0,23497,0,0,0,0,0,0,11984,0,0,1,0,10547,0,0,3216,0,0,0,0,0,0,892,0,0,23536,0,0,0,0,0,0,11985,0,0,0,0,10616,0,0,3147,0,0,0,0,0,0,848,0,0,23580,0,0,0,0,0,0,TCGA-GM-A2DB-DX1_xmin50586_ymin43110_MPP-0.2500+258
47905,0,0,0,0,2271,0,0,0,0,0,0,0,0,0,0,0,0,0,0,0,0,0,0,0,47905,0,0,0,0,2271,0,0,0,0,0,0,0,0,0,0,0,0,0,0,0,0,0,0,0,47905,0,0,0,0,2271,0,0,0,0,0,0,0,0,0,0,0,0,0,0,0,0,0,0,0,TCGA-GM-A2DB-DX1_xmin50586_ymin43110_MPP-0.2500+259
8569,351,0,0,0,6349,10743,0,0,0,0,0,0,0,0,2425,21739,0,0,0,0,0,0,0,0,8583,337,0,0,0,6187,10905,0,0,0,0,0,0,0,0,2539,21625,0,0,0,0,0,0,0,0,8592,328,0,0,0,6001,11091,0,0,0,0,0,0,0,0,2432,21732,0,0,0,0,0,0,0,0,TCGA-GM-A2DB-DX1_xmin50586_ymin43110_MPP-0.2500+26
50176,0,0,0,0,0,0,0,0,0,0,0,0,0,0,0,0,0,0,0,0,0,0,0,0,50176,0,0,0,0,0,0,0,0,0,0,0,0,0,0,0,0,0,0,0,0,0,0,0,0,50176,0,0,0,0,0,0,0,0,0,0,0,0,0,0,0,0,0,0,0,0,0,0,0,0,TCGA-GM-A2DB-DX1_xmin50586_ymin43110_MPP-0.2500+260
50036,0,0,0,0,140,0,0,0,0,0,0,0,0,0,0,0,0,0,0,0,0,0,0,0,50036,0,0,0,0,140,0,0,0,0,0,0,0,0,0,0,0,0,0,0,0,0,0,0,0,50036,0,0,0,0,140,0,0,0,0,0,0,0,0,0,0,0,0,0,0,0,0,0,0,0,TCGA-GM-A2DB-DX1_xmin50586_ymin43110_MPP-0.2500+261
23871,0,0,0,0,26305,0,0,0,0,0,0,0,0,0,0,0,0,0,0,0,0,0,0,0,23871,0,0,0,0,26305,0,0,0,0,0,0,0,0,0,0,0,0,0,0,0,0,0,0,0,23871,0,0,0,0,26305,0,0,0,0,0,0,0,0,0,0,0,0,0,0,0,0,0,0,0,TCGA-GM-A2DB-DX1_xmin50586_ymin43110_MPP-0.2500+262
0,0,0,0,0,0,23852,4904,0,0,0,2427,18993,0,0,0,0,0,0,0,0,0,0,0,0,0,0,0,0,0,0,23999,4757,0,0,0,2608,18812,0,0,0,0,0,0,0,0,0,0,0,0,0,0,0,0,0,0,24093,4663,0,0,0,2732,18688,0,0,0,0,0,0,0,0,0,0,0,0,TCGA-GM-A2DB-DX1_xmin50586_ymin43110_MPP-0.2500+263
0,0,0,0,0,0,12804,2558,0,0,0,14540,20274,0,0,0,0,0,0,0,0,0,0,0,0,0,0,0,0,0,0,12851,2511,0,0,0,15186,19628,0,0,0,0,0,0,0,0,0,0,0,0,0,0,0,0,0,0,12869,2493,0,0,0,15880,18934,0,0,0,0,0,0,0,0,0,0,0,0,TCGA-GM-A2DB-DX1_xmin50586_ymin43110_MPP-0.2500+264
0,0,0,0,0,0,32792,10454,0,0,0,1170,5760,0,0,0,0,0,0,0,0,0,0,0,0,0,0,0,0,0,0,33012,10234,0,0,0,1442,5488,0,0,0,0,0,0,0,0,0,0,0,0,0,0,0,0,0,0,32831,10415,0,0,0,1499,5431,0,0,0,0,0,0,0,0,0,0,0,0,TCGA-GM-A2DB-DX1_xmin50586_ymin43110_MPP-0.2500+265
0,0,0,0,0,0,23815,15826,0,0,0,3711,6824,0,0,0,0,0,0,0,0,0,0,0,0,0,0,0,0,0,0,24588,15053,0,0,0,3814,6721,0,0,0,0,0,0,0,0,0,0,0,0,0,0,0,0,0,0,24181,15460,0,0,0,3670,6865,0,0,0,0,0,0,0,0,0,0,0,0,TCGA-GM-A2DB-DX1_xmin50586_ymin43110_MPP-0.2500+266
0,0,0,0,0,0,21519,2125,0,0,0,8884,3450,0,0,0,0,0,0,0,0,0,0,0,14198,0,0,0,0,0,0,21826,1818,0,0,0,9387,2947,0,0,0,0,0,0,0,0,0,0,0,14198,0,0,0,0,0,0,21841,1803,0,0,0,8727,3607,0,0,0,0,0,0,0,0,0,0,0,14198,TCGA-GM-A2DB-DX1_xmin50586_ymin43110_MPP-0.2500+267
0,0,0,0,0,0,0,0,0,0,0,0,0,0,0,0,0,0,50176,0,0,0,0,0,0,0,0,0,0,0,0,0,0,0,0,0,0,0,0,0,0,0,0,50176,0,0,0,0,0,0,0,0,0,0,0,0,0,0,0,0,0,0,0,0,0,0,0,0,50176,0,0,0,0,0,0,TCGA-GM-A2DB-DX1_xmin50586_ymin43110_MPP-0.2500+268
0,0,0,0,0,0,0,0,0,0,0,0,0,0,0,1888,0,0,48288,0,0,0,0,0,0,0,0,0,0,0,0,0,0,0,0,0,0,0,0,0,1344,0,0,48832,0,0,0,0,0,0,0,0,0,0,0,0,0,0,0,0,0,0,0,0,0,1280,0,0,48896,0,0,0,0,0,0,TCGA-GM-A2DB-DX1_xmin50586_ymin43110_MPP-0.2500+269
527,0,0,17,0,4265,0,0,14874,0,0,0,0,0,0,7149,0,0,23344,0,0,0,0,0,0,500,0,0,44,0,3710,0,0,15429,0,0,0,0,0,0,7101,0,0,23392,0,0,0,0,0,0,500,0,0,44,0,3729,0,0,15410,0,0,0,0,0,0,6858,0,0,23635,0,0,0,0,0,0,TCGA-GM-A2DB-DX1_xmin50586_ymin43110_MPP-0.2500+27
0,0,0,0,0,0,0,0,0,0,0,0,0,0,0,15265,24524,0,10387,0,0,0,0,0,0,0,0,0,0,0,0,0,0,0,0,0,0,0,0,0,13610,26903,0,9663,0,0,0,0,0,0,0,0,0,0,0,0,0,0,0,0,0,0,0,0,0,14049,26365,0,9762,0,0,0,0,0,0,TCGA-GM-A2DB-DX1_xmin50586_ymin43110_MPP-0.2500+270
0,0,0,0,0,0,0,0,105,0,0,0,0,0,0,0,0,0,50071,0,0,0,0,0,0,0,0,0,0,0,0,0,0,105,0,0,0,0,0,0,0,0,0,50071,0,0,0,0,0,0,0,0,0,0,0,0,0,0,105,0,0,0,0,0,0,16,0,0,50055,0,0,0,0,0,0,TCGA-GM-A2DB-DX1_xmin50586_ymin43110_MPP-0.2500+271
23399,0,0,0,0,6899,0,0,979,0,0,0,0,0,0,841,0,0,18058,0,0,0,0,0,0,23399,0,0,0,0,7020,0,0,858,0,0,0,0,0,0,917,0,0,17982,0,0,0,0,0,0,23399,0,0,0,0,6997,0,0,881,0,0,0,0,0,0,924,0,0,17975,0,0,0,0,0,0,TCGA-GM-A2DB-DX1_xmin50586_ymin43110_MPP-0.2500+272
50176,0,0,0,0,0,0,0,0,0,0,0,0,0,0,0,0,0,0,0,0,0,0,0,0,50176,0,0,0,0,0,0,0,0,0,0,0,0,0,0,0,0,0,0,0,0,0,0,0,0,50176,0,0,0,0,0,0,0,0,0,0,0,0,0,0,0,0,0,0,0,0,0,0,0,0,TCGA-GM-A2DB-DX1_xmin50586_ymin43110_MPP-0.2500+273
31707,0,0,0,0,18469,0,0,0,0,0,0,0,0,0,0,0,0,0,0,0,0,0,0,0,31707,0,0,0,0,18469,0,0,0,0,0,0,0,0,0,0,0,0,0,0,0,0,0,0,0,31707,0,0,0,0,18469,0,0,0,0,0,0,0,0,0,0,0,0,0,0,0,0,0,0,0,TCGA-GM-A2DB-DX1_xmin50586_ymin43110_MPP-0.2500+274
42740,0,0,0,0,7436,0,0,0,0,0,0,0,0,0,0,0,0,0,0,0,0,0,0,0,42740,0,0,0,0,7436,0,0,0,0,0,0,0,0,0,0,0,0,0,0,0,0,0,0,0,42740,0,0,0,0,7436,0,0,0,0,0,0,0,0,0,0,0,0,0,0,0,0,0,0,0,TCGA-GM-A2DB-DX1_xmin50586_ymin43110_MPP-0.2500+275
28664,0,0,0,0,13075,0,0,0,0,0,0,0,0,0,8437,0,0,0,0,0,0,0,0,0,28664,0,0,0,0,13075,0,0,0,0,0,0,0,0,0,8437,0,0,0,0,0,0,0,0,0,28664,0,0,0,0,13075,0,0,0,0,0,0,0,0,0,8437,0,0,0,0,0,0,0,0,0,TCGA-GM-A2DB-DX1_xmin50586_ymin43110_MPP-0.2500+276
0,0,0,0,0,0,0,0,117,0,0,0,0,0,0,16,0,0,50043,0,0,0,0,0,0,0,0,0,0,0,0,0,0,117,0,0,0,0,0,0,16,0,0,50043,0,0,0,0,0,0,0,0,0,0,0,0,0,0,117,0,0,0,0,0,0,16,0,0,50043,0,0,0,0,0,0,TCGA-GM-A2DB-DX1_xmin50586_ymin43110_MPP-0.2500+277
942,0,0,844,0,194,0,0,5784,0,0,0,0,0,0,0,0,0,42412,0,0,0,0,0,0,819,0,0,967,0,221,0,0,5757,0,0,0,0,0,0,0,0,0,42412,0,0,0,0,0,0,819,0,0,967,0,157,0,0,5821,0,0,0,0,0,0,0,0,0,42412,0,0,0,0,0,0,TCGA-GM-A2DB-DX1_xmin50586_ymin43110_MPP-0.2500+278
49229,0,0,0,0,947,0,0,0,0,0,0,0,0,0,0,0,0,0,0,0,0,0,0,0,49229,0,0,0,0,947,0,0,0,0,0,0,0,0,0,0,0,0,0,0,0,0,0,0,0,49229,0,0,0,0,947,0,0,0,0,0,0,0,0,0,0,0,0,0,0,0,0,0,0,0,TCGA-GM-A2DB-DX1_xmin50586_ymin43110_MPP-0.2500+279
6119,0,0,0,0,13144,0,0,15905,0,0,0,0,0,0,2295,0,0,12713,0,0,0,0,0,0,6119,0,0,0,0,12359,0,0,16690,0,0,0,0,0,0,2274,0,0,12734,0,0,0,0,0,0,6119,0,0,0,0,12744,0,0,16305,0,0,0,0,0,0,2375,0,0,12633,0,0,0,0,0,0,TCGA-GM-A2DB-DX1_xmin50586_ymin43110_MPP-0.2500+28
31341,0,0,0,0,18835,0,0,0,0,0,0,0,0,0,0,0,0,0,0,0,0,0,0,0,31341,0,0,0,0,18835,0,0,0,0,0,0,0,0,0,0,0,0,0,0,0,0,0,0,0,31341,0,0,0,0,18835,0,0,0,0,0,0,0,0,0,0,0,0,0,0,0,0,0,0,0,TCGA-GM-A2DB-DX1_xmin50586_ymin43110_MPP-0.2500+280
22065,0,0,0,0,28111,0,0,0,0,0,0,0,0,0,0,0,0,0,0,0,0,0,0,0,22065,0,0,0,0,28111,0,0,0,0,0,0,0,0,0,0,0,0,0,0,0,0,0,0,0,22065,0,0,0,0,28111,0,0,0,0,0,0,0,0,0,0,0,0,0,0,0,0,0,0,0,TCGA-GM-A2DB-DX1_xmin50586_ymin43110_MPP-0.2500+281
6303,0,0,0,0,43873,0,0,0,0,0,0,0,0,0,0,0,0,0,0,0,0,0,0,0,6303,0,0,0,0,43873,0,0,0,0,0,0,0,0,0,0,0,0,0,0,0,0,0,0,0,6303,0,0,0,0,43873,0,0,0,0,0,0,0,0,0,0,0,0,0,0,0,0,0,0,0,TCGA-GM-A2DB-DX1_xmin50586_ymin43110_MPP-0.2500+282
0,0,0,0,0,0,50176,0,0,0,0,0,0,0,0,0,0,0,0,0,0,0,0,0,0,0,0,0,0,0,0,50176,0,0,0,0,0,0,0,0,0,0,0,0,0,0,0,0,0,0,0,0,0,0,0,0,50176,0,0,0,0,0,0,0,0,0,0,0,0,0,0,0,0,0,0,TCGA-GM-A2DB-DX1_xmin50586_ymin43110_MPP-0.2500+283
0,0,0,0,0,0,21762,18310,0,0,0,400,9704,0,0,0,0,0,0,0,0,0,0,0,0,0,0,0,0,0,0,22848,17224,0,0,0,427,9677,0,0,0,0,0,0,0,0,0,0,0,0,0,0,0,0,0,0,22237,17835,0,0,0,305,9799,0,0,0,0,0,0,0,0,0,0,0,0,TCGA-GM-A2DB-DX1_xmin50586_ymin43110_MPP-0.2500+284
0,0,0,0,0,0,25255,6252,0,0,0,6962,11707,0,0,0,0,0,0,0,0,0,0,0,0,0,0,0,0,0,0,26137,5370,0,0,0,7499,11170,0,0,0,0,0,0,0,0,0,0,0,0,0,0,0,0,0,0,25214,6293,0,0,0,6904,11765,0,0,0,0,0,0,0,0,0,0,0,0,TCGA-GM-A2DB-DX1_xmin50586_ymin43110_MPP-0.2500+285
0,0,0,0,0,0,8919,13704,0,0,0,5637,14232,0,0,0,0,0,0,0,0,0,0,0,7684,0,0,0,0,0,0,9690,12933,0,0,0,6451,13418,0,0,0,0,0,0,0,0,0,0,0,7684,0,0,0,0,0,0,10312,12311,0,0,0,7128,12741,0,0,0,0,0,0,0,0,0,0,0,7684,TCGA-GM-A2DB-DX1_xmin50586_ymin43110_MPP-0.2500+286
0,0,0,0,0,0,13263,2033,0,0,0,0,0,0,0,0,0,0,0,0,0,0,0,0,34880,0,0,0,0,0,0,13628,1668,0,0,0,0,0,0,0,0,0,0,0,0,0,0,0,0,34880,0,0,0,0,0,0,13688,1608,0,0,0,0,0,0,0,0,0,0,0,0,0,0,0,0,34880,TCGA-GM-A2DB-DX1_xmin50586_ymin43110_MPP-0.2500+287
0,0,0,0,0,0,12280,6871,0,0,0,1410,8348,0,0,0,0,0,0,0,0,0,0,0,21267,0,0,0,0,0,0,12482,6669,0,0,0,1572,8186,0,0,0,0,0,0,0,0,0,0,0,21267,0,0,0,0,0,0,12635,6516,0,0,0,1663,8095,0,0,0,0,0,0,0,0,0,0,0,21267,TCGA-GM-A2DB-DX1_xmin50586_ymin43110_MPP-0.2500+288
0,0,0,0,0,0,0,0,0,0,0,0,0,0,0,0,0,0,50176,0,0,0,0,0,0,0,0,0,0,0,0,0,0,0,0,0,0,0,0,0,0,0,0,50176,0,0,0,0,0,0,0,0,0,0,0,0,0,0,0,0,0,0,0,0,0,0,0,0,50176,0,0,0,0,0,0,TCGA-GM-A2DB-DX1_xmin50586_ymin43110_MPP-0.2500+289
13811,0,0,961,0,6784,0,0,16130,0,0,0,0,0,0,0,0,0,12490,0,0,0,0,0,0,13839,0,0,933,0,7066,0,0,15848,0,0,0,0,0,0,0,0,0,12490,0,0,0,0,0,0,13869,0,0,903,0,7150,0,0,15764,0,0,0,0,0,0,0,0,0,12490,0,0,0,0,0,0,TCGA-GM-A2DB-DX1_xmin50586_ymin43110_MPP-0.2500+29
0,0,0,0,0,0,0,0,0,0,0,0,0,0,0,3664,0,0,46512,0,0,0,0,0,0,0,0,0,0,0,0,0,0,0,0,0,0,0,0,0,3984,0,0,46192,0,0,0,0,0,0,0,0,0,0,0,0,0,0,0,0,0,0,0,0,0,3920,0,0,46256,0,0,0,0,0,0,TCGA-GM-A2DB-DX1_xmin50586_ymin43110_MPP-0.2500+290
0,0,0,0,0,0,0,0,0,0,0,0,0,0,0,624,0,0,49552,0,0,0,0,0,0,0,0,0,0,0,0,0,0,0,0,0,0,0,0,0,528,0,0,49648,0,0,0,0,0,0,0,0,0,0,0,0,0,0,0,0,0,0,0,0,0,592,0,0,49584,0,0,0,0,0,0,TCGA-GM-A2DB-DX1_xmin50586_ymin43110_MPP-0.2500+291
16,0,0,0,0,288,0,0,1031,0,0,0,0,0,0,0,0,0,48841,0,0,0,0,0,0,16,0,0,0,0,288,0,0,1031,0,0,0,0,0,0,0,0,0,48841,0,0,0,0,0,0,16,0,0,0,0,288,0,0,1031,0,0,0,0,0,0,0,0,0,48841,0,0,0,0,0,0,TCGA-GM-A2DB-DX1_xmin50586_ymin43110_MPP-0.2500+292
34228,0,0,0,0,6357,0,0,0,0,0,0,0,0,0,9591,0,0,0,0,0,0,0,0,0,34228,0,0,0,0,6357,0,0,0,0,0,0,0,0,0,9591,0,0,0,0,0,0,0,0,0,34228,0,0,0,0,6357,0,0,0,0,0,0,0,0,0,9591,0,0,0,0,0,0,0,0,0,TCGA-GM-A2DB-DX1_xmin50586_ymin43110_MPP-0.2500+293
49516,0,0,0,0,660,0,0,0,0,0,0,0,0,0,0,0,0,0,0,0,0,0,0,0,49516,0,0,0,0,660,0,0,0,0,0,0,0,0,0,0,0,0,0,0,0,0,0,0,0,49516,0,0,0,0,660,0,0,0,0,0,0,0,0,0,0,0,0,0,0,0,0,0,0,0,TCGA-GM-A2DB-DX1_xmin50586_ymin43110_MPP-0.2500+294
24537,0,0,0,0,25639,0,0,0,0,0,0,0,0,0,0,0,0,0,0,0,0,0,0,0,24537,0,0,0,0,25639,0,0,0,0,0,0,0,0,0,0,0,0,0,0,0,0,0,0,0,24537,0,0,0,0,25639,0,0,0,0,0,0,0,0,0,0,0,0,0,0,0,0,0,0,0,TCGA-GM-A2DB-DX1_xmin50586_ymin43110_MPP-0.2500+295
49029,0,0,0,0,1147,0,0,0,0,0,0,0,0,0,0,0,0,0,0,0,0,0,0,0,49029,0,0,0,0,1147,0,0,0,0,0,0,0,0,0,0,0,0,0,0,0,0,0,0,0,49029,0,0,0,0,1147,0,0,0,0,0,0,0,0,0,0,0,0,0,0,0,0,0,0,0,TCGA-GM-A2DB-DX1_xmin50586_ymin43110_MPP-0.2500+296
5115,0,0,0,0,7972,0,0,482,0,0,0,0,0,0,4406,0,0,32201,0,0,0,0,0,0,5115,0,0,0,0,7698,0,0,756,0,0,0,0,0,0,4292,0,0,32315,0,0,0,0,0,0,5115,0,0,0,0,7567,0,0,887,0,0,0,0,0,0,4105,0,0,32502,0,0,0,0,0,0,TCGA-GM-A2DB-DX1_xmin50586_ymin43110_MPP-0.2500+297
5888,0,0,0,0,6946,0,0,0,0,0,0,0,0,0,9156,0,0,28186,0,0,0,0,0,0,5888,0,0,0,0,6728,0,0,218,0,0,0,0,0,0,8225,0,0,29117,0,0,0,0,0,0,5888,0,0,0,0,6678,0,0,268,0,0,0,0,0,0,8125,0,0,29217,0,0,0,0,0,0,TCGA-GM-A2DB-DX1_xmin50586_ymin43110_MPP-0.2500+298
49572,0,0,0,0,604,0,0,0,0,0,0,0,0,0,0,0,0,0,0,0,0,0,0,0,49572,0,0,0,0,604,0,0,0,0,0,0,0,0,0,0,0,0,0,0,0,0,0,0,0,49572,0,0,0,0,604,0,0,0,0,0,0,0,0,0,0,0,0,0,0,0,0,0,0,0,TCGA-GM-A2DB-DX1_xmin50586_ymin43110_MPP-0.2500+299
33752,0,0,304,0,1789,0,0,3411,0,0,0,0,0,0,5018,0,0,5902,0,0,0,0,0,0,33695,0,0,361,0,1607,0,0,3593,0,0,0,0,0,0,5011,0,0,5909,0,0,0,0,0,0,33657,0,0,399,0,1527,0,0,3673,0,0,0,0,0,0,5039,0,0,5881,0,0,0,0,0,0,TCGA-GM-A2DB-DX1_xmin50586_ymin43110_MPP-0.2500+3
0,0,0,0,0,0,47363,0,0,0,0,2813,0,0,0,0,0,0,0,0,0,0,0,0,0,0,0,0,0,0,0,47363,0,0,0,0,2813,0,0,0,0,0,0,0,0,0,0,0,0,0,0,0,0,0,0,0,47363,0,0,0,0,2813,0,0,0,0,0,0,0,0,0,0,0,0,0,TCGA-GM-A2DB-DX1_xmin50586_ymin43110_MPP-0.2500+30
2245,0,0,0,0,46826,0,0,0,0,1105,0,0,0,0,0,0,0,0,0,0,0,0,0,0,2245,0,0,0,0,46826,0,0,0,0,1105,0,0,0,0,0,0,0,0,0,0,0,0,0,0,2245,0,0,0,0,46826,0,0,0,0,1105,0,0,0,0,0,0,0,0,0,0,0,0,0,0,TCGA-GM-A2DB-DX1_xmin50586_ymin43110_MPP-0.2500+300
0,0,0,0,0,27536,0,0,0,0,22640,0,0,0,0,0,0,0,0,0,0,0,0,0,0,0,0,0,0,0,27536,0,0,0,0,22640,0,0,0,0,0,0,0,0,0,0,0,0,0,0,0,0,0,0,0,27536,0,0,0,0,22640,0,0,0,0,0,0,0,0,0,0,0,0,0,0,TCGA-GM-A2DB-DX1_xmin50586_ymin43110_MPP-0.2500+301
0,0,0,0,0,0,49842,0,0,0,48,286,0,0,0,0,0,0,0,0,0,0,0,0,0,0,0,0,0,0,0,49842,0,0,0,48,286,0,0,0,0,0,0,0,0,0,0,0,0,0,0,0,0,0,0,0,49842,0,0,0,48,286,0,0,0,0,0,0,0,0,0,0,0,0,0,TCGA-GM-A2DB-DX1_xmin50586_ymin43110_MPP-0.2500+302
0,0,0,0,0,0,28064,18415,0,0,0,127,3570,0,0,0,0,0,0,0,0,0,0,0,0,0,0,0,0,0,0,29499,16980,0,0,0,311,3386,0,0,0,0,0,0,0,0,0,0,0,0,0,0,0,0,0,0,29834,16645,0,0,0,369,3328,0,0,0,0,0,0,0,0,0,0,0,0,TCGA-GM-A2DB-DX1_xmin50586_ymin43110_MPP-0.2500+303
0,0,0,0,0,0,13318,10050,0,0,0,6870,19938,0,0,0,0,0,0,0,0,0,0,0,0,0,0,0,0,0,0,13289,10079,0,0,0,7274,19534,0,0,0,0,0,0,0,0,0,0,0,0,0,0,0,0,0,0,13234,10134,0,0,0,7815,18993,0,0,0,0,0,0,0,0,0,0,0,0,TCGA-GM-A2DB-DX1_xmin50586_ymin43110_MPP-0.2500+304
0,0,0,0,0,0,25634,22436,0,0,0,905,1201,0,0,0,0,0,0,0,0,0,0,0,0,0,0,0,0,0,0,27052,21018,0,0,0,1086,1020,0,0,0,0,0,0,0,0,0,0,0,0,0,0,0,0,0,0,30545,17525,0,0,0,1272,834,0,0,0,0,0,0,0,0,0,0,0,0,TCGA-GM-A2DB-DX1_xmin50586_ymin43110_MPP-0.2500+305
0,0,0,0,0,0,40479,6114,0,0,0,1490,2093,0,0,0,0,0,0,0,0,0,0,0,0,0,0,0,0,0,0,41344,5249,0,0,0,1524,2059,0,0,0,0,0,0,0,0,0,0,0,0,0,0,0,0,0,0,41406,5187,0,0,0,1524,2059,0,0,0,0,0,0,0,0,0,0,0,0,TCGA-GM-A2DB-DX1_xmin50586_ymin43110_MPP-0.2500+306
0,0,0,0,0,0,45429,0,0,0,0,0,0,0,0,0,0,0,0,0,0,0,0,0,4747,0,0,0,0,0,0,45429,0,0,0,0,0,0,0,0,0,0,0,0,0,0,0,0,0,4747,0,0,0,0,0,0,45429,0,0,0,0,0,0,0,0,0,0,0,0,0,0,0,0,0,4747,TCGA-GM-A2DB-DX1_xmin50586_ymin43110_MPP-0.2500+307
0,0,0,0,0,0,25341,2012,0,0,0,5451,2024,0,0,0,0,0,0,0,0,0,0,0,15348,0,0,0,0,0,0,25547,1806,0,0,0,5553,1922,0,0,0,0,0,0,0,0,0,0,0,15348,0,0,0,0,0,0,25400,1953,0,0,0,5502,1973,0,0,0,0,0,0,0,0,0,0,0,15348,TCGA-GM-A2DB-DX1_xmin50586_ymin43110_MPP-0.2500+308
10321,0,0,301,0,1475,0,0,3883,0,0,0,0,0,0,555,0,0,33641,0,0,0,0,0,0,10291,0,0,331,0,1389,0,0,3969,0,0,0,0,0,0,475,0,0,33721,0,0,0,0,0,0,10311,0,0,311,0,1398,0,0,3960,0,0,0,0,0,0,512,0,0,33684,0,0,0,0,0,0,TCGA-GM-A2DB-DX1_xmin50586_ymin43110_MPP-0.2500+309
0,0,0,0,0,0,50176,0,0,0,0,0,0,0,0,0,0,0,0,0,0,0,0,0,0,0,0,0,0,0,0,50176,0,0,0,0,0,0,0,0,0,0,0,0,0,0,0,0,0,0,0,0,0,0,0,0,50176,0,0,0,0,0,0,0,0,0,0,0,0,0,0,0,0,0,0,TCGA-GM-A2DB-DX1_xmin50586_ymin43110_MPP-0.2500+31
0,0,0,0,0,0,0,0,25,0,0,0,0,0,0,0,0,0,50151,0,0,0,0,0,0,0,0,0,0,0,0,0,0,25,0,0,0,0,0,0,0,0,0,50151,0,0,0,0,0,0,0,0,0,0,0,0,0,0,25,0,0,0,0,0,0,0,0,0,50151,0,0,0,0,0,0,TCGA-GM-A2DB-DX1_xmin50586_ymin43110_MPP-0.2500+310
0,0,0,0,0,0,0,0,0,0,0,0,0,0,0,0,0,0,50176,0,0,0,0,0,0,0,0,0,0,0,0,0,0,0,0,0,0,0,0,0,0,0,0,50176,0,0,0,0,0,0,0,0,0,0,0,0,0,0,0,0,0,0,0,0,0,0,0,0,50176,0,0,0,0,0,0,TCGA-GM-A2DB-DX1_xmin50586_ymin43110_MPP-0.2500+311
0,0,0,0,0,0,0,0,0,0,0,0,0,0,0,16,0,0,50160,0,0,0,0,0,0,0,0,0,0,0,0,0,0,0,0,0,0,0,0,0,16,0,0,50160,0,0,0,0,0,0,0,0,0,0,0,0,0,0,0,0,0,0,0,0,0,16,0,0,50160,0,0,0,0,0,0,TCGA-GM-A2DB-DX1_xmin50586_ymin43110_MPP-0.2500+312
13864,0,0,0,0,3143,0,0,2932,0,0,0,0,0,0,1944,0,0,28293,0,0,0,0,0,0,13864,0,0,0,0,3138,0,0,2937,0,0,0,0,0,0,1982,0,0,28255,0,0,0,0,0,0,13864,0,0,0,0,3071,0,0,3004,0,0,0,0,0,0,1987,0,0,28250,0,0,0,0,0,0,TCGA-GM-A2DB-DX1_xmin50586_ymin43110_MPP-0.2500+313
50176,0,0,0,0,0,0,0,0,0,0,0,0,0,0,0,0,0,0,0,0,0,0,0,0,50176,0,0,0,0,0,0,0,0,0,0,0,0,0,0,0,0,0,0,0,0,0,0,0,0,50176,0,0,0,0,0,0,0,0,0,0,0,0,0,0,0,0,0,0,0,0,0,0,0,0,TCGA-GM-A2DB-DX1_xmin50586_ymin43110_MPP-0.2500+314
32044,0,0,0,0,18132,0,0,0,0,0,0,0,0,0,0,0,0,0,0,0,0,0,0,0,32044,0,0,0,0,18132,0,0,0,0,0,0,0,0,0,0,0,0,0,0,0,0,0,0,0,32044,0,0,0,0,18132,0,0,0,0,0,0,0,0,0,0,0,0,0,0,0,0,0,0,0,TCGA-GM-A2DB-DX1_xmin50586_ymin43110_MPP-0.2500+315
43269,0,0,0,0,6907,0,0,0,0,0,0,0,0,0,0,0,0,0,0,0,0,0,0,0,43269,0,0,0,0,6907,0,0,0,0,0,0,0,0,0,0,0,0,0,0,0,0,0,0,0,43269,0,0,0,0,6907,0,0,0,0,0,0,0,0,0,0,0,0,0,0,0,0,0,0,0,TCGA-GM-A2DB-DX1_xmin50586_ymin43110_MPP-0.2500+316
16843,0,0,0,0,7879,0,0,4101,0,0,0,0,0,0,1778,0,0,19575,0,0,0,0,0,0,16770,0,0,73,0,7972,0,0,4008,0,0,0,0,0,0,1807,0,0,19546,0,0,0,0,0,0,16739,0,0,104,0,7972,0,0,4008,0,0,0,0,0,0,1791,0,0,19562,0,0,0,0,0,0,TCGA-GM-A2DB-DX1_xmin50586_ymin43110_MPP-0.2500+317
19,0,0,0,0,11105,0,0,13627,0,0,0,0,0,0,2564,0,0,22861,0,0,0,0,0,0,19,0,0,0,0,11050,0,0,13682,0,0,0,0,0,0,2720,0,0,22705,0,0,0,0,0,0,19,0,0,0,0,11013,0,0,13719,0,0,0,0,0,0,2638,0,0,22787,0,0,0,0,0,0,TCGA-GM-A2DB-DX1_xmin50586_ymin43110_MPP-0.2500+318
17441,0,0,0,0,32735,0,0,0,0,0,0,0,0,0,0,0,0,0,0,0,0,0,0,0,17441,0,0,0,0,32735,0,0,0,0,0,0,0,0,0,0,0,0,0,0,0,0,0,0,0,17441,0,0,0,0,32735,0,0,0,0,0,0,0,0,0,0,0,0,0,0,0,0,0,0,0,TCGA-GM-A2DB-DX1_xmin50586_ymin43110_MPP-0.2500+319
0,0,0,0,0,0,34309,12139,0,0,0,188,3540,0,0,0,0,0,0,0,0,0,0,0,0,0,0,0,0,0,0,34742,11706,0,0,0,221,3507,0,0,0,0,0,0,0,0,0,0,0,0,0,0,0,0,0,0,34552,11896,0,0,0,226,3502,0,0,0,0,0,0,0,0,0,0,0,0,TCGA-GM-A2DB-DX1_xmin50586_ymin43110_MPP-0.2500+32
0,2009,0,0,0,0,34839,0,0,0,0,13328,0,0,0,0,0,0,0,0,0,0,0,0,0,0,2009,0,0,0,0,34839,0,0,0,0,13328,0,0,0,0,0,0,0,0,0,0,0,0,0,0,2009,0,0,0,0,34839,0,0,0,0,13328,0,0,0,0,0,0,0,0,0,0,0,0,0,TCGA-GM-A2DB-DX1_xmin50586_ymin43110_MPP-0.2500+320
0,0,0,0,0,4,0,5917,0,0,0,0,44255,0,0,0,0,0,0,0,0,0,0,0,0,0,0,0,0,0,0,0,5921,0,0,0,0,44255,0,0,0,0,0,0,0,0,0,0,0,0,0,0,0,0,0,0,0,5921,0,0,0,0,44255,0,0,0,0,0,0,0,0,0,0,0,0,TCGA-GM-A2DB-DX1_xmin50586_ymin43110_MPP-0.2500+321
0,0,0,0,0,0,17712,10813,0,0,0,467,21184,0,0,0,0,0,0,0,0,0,0,0,0,0,0,0,0,0,0,18692,9833,0,0,0,658,20993,0,0,0,0,0,0,0,0,0,0,0,0,0,0,0,0,0,0,18534,9991,0,0,0,890,20761,0,0,0,0,0,0,0,0,0,0,0,0,TCGA-GM-A2DB-DX1_xmin50586_ymin43110_MPP-0.2500+322
0,0,0,0,0,0,13683,13492,0,0,0,1727,21274,0,0,0,0,0,0,0,0,0,0,0,0,0,0,0,0,0,0,15429,11746,0,0,0,2744,20257,0,0,0,0,0,0,0,0,0,0,0,0,0,0,0,0,0,0,16166,11009,0,0,0,3757,19244,0,0,0,0,0,0,0,0,0,0,0,0,TCGA-GM-A2DB-DX1_xmin50586_ymin43110_MPP-0.2500+323
0,0,0,0,0,0,13059,3122,0,0,0,12862,21133,0,0,0,0,0,0,0,0,0,0,0,0,0,0,0,0,0,0,13527,2654,0,0,0,13387,20608,0,0,0,0,0,0,0,0,0,0,0,0,0,0,0,0,0,0,13629,2552,0,0,0,13346,20649,0,0,0,0,0,0,0,0,0,0,0,0,TCGA-GM-A2DB-DX1_xmin50586_ymin43110_MPP-0.2500+324
0,0,0,0,0,0,26142,16648,0,0,0,1076,0,0,0,0,0,0,0,0,0,0,0,0,6310,0,0,0,0,0,0,27355,15435,0,0,0,1076,0,0,0,0,0,0,0,0,0,0,0,0,6310,0,0,0,0,0,0,28151,14639,0,0,0,1076,0,0,0,0,0,0,0,0,0,0,0,0,6310,TCGA-GM-A2DB-DX1_xmin50586_ymin43110_MPP-0.2500+325
0,0,0,0,0,0,35096,15080,0,0,0,0,0,0,0,0,0,0,0,0,0,0,0,0,0,0,0,0,0,0,0,36520,13656,0,0,0,0,0,0,0,0,0,0,0,0,0,0,0,0,0,0,0,0,0,0,0,36919,13257,0,0,0,0,0,0,0,0,0,0,0,0,0,0,0,0,0,TCGA-GM-A2DB-DX1_xmin50586_ymin43110_MPP-0.2500+326
0,0,0,0,0,0,46790,3386,0,0,0,0,0,0,0,0,0,0,0,0,0,0,0,0,0,0,0,0,0,0,0,46857,3319,0,0,0,0,0,0,0,0,0,0,0,0,0,0,0,0,0,0,0,0,0,0,0,46959,3217,0,0,0,0,0,0,0,0,0,0,0,0,0,0,0,0,0,TCGA-GM-A2DB-DX1_xmin50586_ymin43110_MPP-0.2500+327
0,0,0,0,0,0,39132,0,0,0,0,3745,0,0,0,0,0,0,0,0,0,0,0,0,7299,0,0,0,0,0,0,39132,0,0,0,0,3745,0,0,0,0,0,0,0,0,0,0,0,0,7299,0,0,0,0,0,0,39132,0,0,0,0,3745,0,0,0,0,0,0,0,0,0,0,0,0,7299,TCGA-GM-A2DB-DX1_xmin50586_ymin43110_MPP-0.2500+328
49592,0,0,0,0,584,0,0,0,0,0,0,0,0,0,0,0,0,0,0,0,0,0,0,0,49592,0,0,0,0,584,0,0,0,0,0,0,0,0,0,0,0,0,0,0,0,0,0,0,0,49592,0,0,0,0,584,0,0,0,0,0,0,0,0,0,0,0,0,0,0,0,0,0,0,0,TCGA-GM-A2DB-DX1_xmin50586_ymin43110_MPP-0.2500+329
0,0,0,0,0,0,49139,0,0,0,0,1037,0,0,0,0,0,0,0,0,0,0,0,0,0,0,0,0,0,0,0,49139,0,0,0,0,1037,0,0,0,0,0,0,0,0,0,0,0,0,0,0,0,0,0,0,0,49139,0,0,0,0,1037,0,0,0,0,0,0,0,0,0,0,0,0,0,TCGA-GM-A2DB-DX1_xmin50586_ymin43110_MPP-0.2500+33
23821,0,0,6220,0,338,0,0,10296,0,0,0,0,0,0,0,0,0,9501,0,0,0,0,0,0,23548,0,0,6493,0,300,0,0,10334,0,0,0,0,0,0,0,0,0,9501,0,0,0,0,0,0,23369,0,0,6672,0,287,0,0,10347,0,0,0,0,0,0,0,0,0,9501,0,0,0,0,0,0,TCGA-GM-A2DB-DX1_xmin50586_ymin43110_MPP-0.2500+330
1008,0,0,3597,0,0,0,0,4394,0,0,0,0,0,0,0,0,0,31885,0,0,0,0,0,9292,976,0,0,3629,0,0,0,0,4394,0,0,0,0,0,0,0,0,0,31885,0,0,0,0,0,9292,912,0,0,3693,0,0,0,0,4394,0,0,0,0,0,0,0,0,0,31885,0,0,0,0,0,9292,TCGA-GM-A2DB-DX1_xmin50586_ymin43110_MPP-0.2500+331
0,0,0,282,0,0,0,0,4624,0,0,0,0,0,0,1728,0,0,38206,0,0,0,0,0,5336,0,0,0,282,0,0,0,0,4624,0,0,0,0,0,0,1728,0,0,38206,0,0,0,0,0,5336,0,0,0,282,0,0,0,0,4624,0,0,0,0,0,0,1600,0,0,38334,0,0,0,0,0,5336,TCGA-GM-A2DB-DX1_xmin50586_ymin43110_MPP-0.2500+332
7062,0,0,9111,0,345,0,0,6714,0,0,0,0,0,0,2528,0,0,18215,0,0,0,0,0,6201,7552,0,0,8621,0,350,0,0,6709,0,0,0,0,0,0,2786,0,0,17957,0,0,0,0,0,6201,7552,0,0,8621,0,432,0,0,6627,0,0,0,0,0,0,2986,0,0,17757,0,0,0,0,0,6201,TCGA-GM-A2DB-DX1_xmin50586_ymin43110_MPP-0.2500+333
50176,0,0,0,0,0,0,0,0,0,0,0,0,0,0,0,0,0,0,0,0,0,0,0,0,50176,0,0,0,0,0,0,0,0,0,0,0,0,0,0,0,0,0,0,0,0,0,0,0,0,50176,0,0,0,0,0,0,0,0,0,0,0,0,0,0,0,0,0,0,0,0,0,0,0,0,TCGA-GM-A2DB-DX1_xmin50586_ymin43110_MPP-0.2500+334
41715,0,0,0,0,8461,0,0,0,0,0,0,0,0,0,0,0,0,0,0,0,0,0,0,0,41715,0,0,0,0,8461,0,0,0,0,0,0,0,0,0,0,0,0,0,0,0,0,0,0,0,41715,0,0,0,0,8461,0,0,0,0,0,0,0,0,0,0,0,0,0,0,0,0,0,0,0,TCGA-GM-A2DB-DX1_xmin50586_ymin43110_MPP-0.2500+335
15604,3765,0,0,0,8505,22302,0,0,0,0,0,0,0,0,0,0,0,0,0,0,0,0,0,0,15863,3506,0,0,0,8880,21927,0,0,0,0,0,0,0,0,0,0,0,0,0,0,0,0,0,0,15436,3933,0,0,0,8913,21894,0,0,0,0,0,0,0,0,0,0,0,0,0,0,0,0,0,0,TCGA-GM-A2DB-DX1_xmin50586_ymin43110_MPP-0.2500+336
9063,0,0,0,0,41113,0,0,0,0,0,0,0,0,0,0,0,0,0,0,0,0,0,0,0,9063,0,0,0,0,41113,0,0,0,0,0,0,0,0,0,0,0,0,0,0,0,0,0,0,0,9063,0,0,0,0,41113,0,0,0,0,0,0,0,0,0,0,0,0,0,0,0,0,0,0,0,TCGA-GM-A2DB-DX1_xmin50586_ymin43110_MPP-0.2500+337
0,0,0,0,0,1,50175,0,0,0,0,0,0,0,0,0,0,0,0,0,0,0,0,0,0,0,0,0,0,0,128,50048,0,0,0,0,0,0,0,0,0,0,0,0,0,0,0,0,0,0,0,0,0,0,0,1,50175,0,0,0,0,0,0,0,0,0,0,0,0,0,0,0,0,0,0,TCGA-GM-A2DB-DX1_xmin50586_ymin43110_MPP-0.2500+338
0,0,0,0,0,0,37844,3439,0,0,0,5823,3070,0,0,0,0,0,0,0,0,0,0,0,0,0,0,0,0,0,0,38077,3206,0,0,0,6153,2740,0,0,0,0,0,0,0,0,0,0,0,0,0,0,0,0,0,0,38066,3217,0,0,0,5825,3068,0,0,0,0,0,0,0,0,0,0,0,0,TCGA-GM-A2DB-DX1_xmin50586_ymin43110_MPP-0.2500+339
3935,35,0,0,0,27865,18341,0,0,0,0,0,0,0,0,0,0,0,0,0,0,0,0,0,0,3932,38,0,0,0,27693,18513,0,0,0,0,0,0,0,0,0,0,0,0,0,0,0,0,0,0,3927,43,0,0,0,26924,19282,0,0,0,0,0,0,0,0,0,0,0,0,0,0,0,0,0,0,TCGA-GM-A2DB-DX1_xmin50586_ymin43110_MPP-0.2500+34
0,0,0,0,0,0,5217,0,0,0,0,23808,21151,0,0,0,0,0,0,0,0,0,0,0,0,0,0,0,0,0,0,5217,0,0,0,0,24609,20350,0,0,0,0,0,0,0,0,0,0,0,0,0,0,0,0,0,0,5190,27,0,0,0,24396,20563,0,0,0,0,0,0,0,0,0,0,0,0,TCGA-GM-A2DB-DX1_xmin50586_ymin43110_MPP-0.2500+340
0,0,0,0,0,0,0,0,0,0,0,0,50176,0,0,0,0,0,0,0,0,0,0,0,0,0,0,0,0,0,0,0,0,0,0,0,0,50176,0,0,0,0,0,0,0,0,0,0,0,0,0,0,0,0,0,0,0,0,0,0,0,0,50176,0,0,0,0,0,0,0,0,0,0,0,0,TCGA-GM-A2DB-DX1_xmin50586_ymin43110_MPP-0.2500+341
0,0,0,0,0,0,0,0,0,0,0,0,50176,0,0,0,0,0,0,0,0,0,0,0,0,0,0,0,0,0,0,0,0,0,0,0,0,50176,0,0,0,0,0,0,0,0,0,0,0,0,0,0,0,0,0,0,0,0,0,0,0,0,50176,0,0,0,0,0,0,0,0,0,0,0,0,TCGA-GM-A2DB-DX1_xmin50586_ymin43110_MPP-0.2500+342
0,0,0,0,0,0,0,0,0,0,0,27613,22563,0,0,0,0,0,0,0,0,0,0,0,0,0,0,0,0,0,0,0,0,0,0,0,27702,22474,0,0,0,0,0,0,0,0,0,0,0,0,0,0,0,0,0,0,0,0,0,0,0,27699,22477,0,0,0,0,0,0,0,0,0,0,0,0,TCGA-GM-A2DB-DX1_xmin50586_ymin43110_MPP-0.2500+343
0,0,0,0,0,0,0,0,0,0,48,0,50128,0,0,0,0,0,0,0,0,0,0,0,0,0,0,0,0,0,0,0,0,0,0,16,0,50160,0,0,0,0,0,0,0,0,0,0,0,0,0,0,0,0,0,0,0,0,0,0,48,0,50128,0,0,0,0,0,0,0,0,0,0,0,0,TCGA-GM-A2DB-DX1_xmin50586_ymin43110_MPP-0.2500+344
0,0,0,0,0,0,28219,12650,0,0,0,6520,2787,0,0,0,0,0,0,0,0,0,0,0,0,0,0,0,0,0,0,29661,11208,0,0,0,6579,2728,0,0,0,0,0,0,0,0,0,0,0,0,0,0,0,0,0,0,29402,11467,0,0,0,6541,2766,0,0,0,0,0,0,0,0,0,0,0,0,TCGA-GM-A2DB-DX1_xmin50586_ymin43110_MPP-0.2500+345
0,0,0,0,0,0,34669,4401,0,0,0,4417,4912,0,0,0,0,0,0,0,0,0,0,0,1777,0,0,0,0,0,0,35144,3926,0,0,0,4922,4407,0,0,0,0,0,0,0,0,0,0,0,1777,0,0,0,0,0,0,34932,4138,0,0,0,5028,4301,0,0,0,0,0,0,0,0,0,0,0,1777,TCGA-GM-A2DB-DX1_xmin50586_ymin43110_MPP-0.2500+346
0,0,0,0,0,0,34091,4358,0,0,0,169,2236,0,0,0,0,0,0,0,0,0,0,0,9322,0,0,0,0,0,0,34524,3925,0,0,0,319,2086,0,0,0,0,0,0,0,0,0,0,0,9322,0,0,0,0,0,0,34009,4440,0,0,0,354,2051,0,0,0,0,0,0,0,0,0,0,0,9322,TCGA-GM-A2DB-DX1_xmin50586_ymin43110_MPP-0.2500+347
0,0,0,0,0,0,43874,0,0,0,0,0,0,0,0,0,0,0,0,0,0,0,0,0,6302,0,0,0,0,0,0,43874,0,0,0,0,0,0,0,0,0,0,0,0,0,0,0,0,0,6302,0,0,0,0,0,0,43874,0,0,0,0,0,0,0,0,0,0,0,0,0,0,0,0,0,6302,TCGA-GM-A2DB-DX1_xmin50586_ymin43110_MPP-0.2500+348
0,0,0,0,0,0,25954,0,0,0,0,0,0,0,0,0,0,0,0,0,0,0,0,0,24222,0,0,0,0,0,0,25954,0,0,0,0,0,0,0,0,0,0,0,0,0,0,0,0,0,24222,0,0,0,0,0,0,25954,0,0,0,0,0,0,0,0,0,0,0,0,0,0,0,0,0,24222,TCGA-GM-A2DB-DX1_xmin50586_ymin43110_MPP-0.2500+349
14468,0,0,0,0,6149,29559,0,0,0,0,0,0,0,0,0,0,0,0,0,0,0,0,0,0,14468,0,0,0,0,5920,29788,0,0,0,0,0,0,0,0,0,0,0,0,0,0,0,0,0,0,14468,0,0,0,0,5927,29781,0,0,0,0,0,0,0,0,0,0,0,0,0,0,0,0,0,0,TCGA-GM-A2DB-DX1_xmin50586_ymin43110_MPP-0.2500+35
50176,0,0,0,0,0,0,0,0,0,0,0,0,0,0,0,0,0,0,0,0,0,0,0,0,50176,0,0,0,0,0,0,0,0,0,0,0,0,0,0,0,0,0,0,0,0,0,0,0,0,50176,0,0,0,0,0,0,0,0,0,0,0,0,0,0,0,0,0,0,0,0,0,0,0,0,TCGA-GM-A2DB-DX1_xmin50586_ymin43110_MPP-0.2500+350
50176,0,0,0,0,0,0,0,0,0,0,0,0,0,0,0,0,0,0,0,0,0,0,0,0,50176,0,0,0,0,0,0,0,0,0,0,0,0,0,0,0,0,0,0,0,0,0,0,0,0,50176,0,0,0,0,0,0,0,0,0,0,0,0,0,0,0,0,0,0,0,0,0,0,0,0,TCGA-GM-A2DB-DX1_xmin50586_ymin43110_MPP-0.2500+351
47928,0,0,0,0,2187,0,0,0,0,0,0,0,0,0,0,0,0,0,0,0,0,0,0,61,47928,0,0,0,0,2187,0,0,0,0,0,0,0,0,0,0,0,0,0,0,0,0,0,0,61,47928,0,0,0,0,2187,0,0,0,0,0,0,0,0,0,0,0,0,0,0,0,0,0,0,61,TCGA-GM-A2DB-DX1_xmin50586_ymin43110_MPP-0.2500+352
50176,0,0,0,0,0,0,0,0,0,0,0,0,0,0,0,0,0,0,0,0,0,0,0,0,50176,0,0,0,0,0,0,0,0,0,0,0,0,0,0,0,0,0,0,0,0,0,0,0,0,50176,0,0,0,0,0,0,0,0,0,0,0,0,0,0,0,0,0,0,0,0,0,0,0,0,TCGA-GM-A2DB-DX1_xmin50586_ymin43110_MPP-0.2500+353
50176,0,0,0,0,0,0,0,0,0,0,0,0,0,0,0,0,0,0,0,0,0,0,0,0,50176,0,0,0,0,0,0,0,0,0,0,0,0,0,0,0,0,0,0,0,0,0,0,0,0,50176,0,0,0,0,0,0,0,0,0,0,0,0,0,0,0,0,0,0,0,0,0,0,0,0,TCGA-GM-A2DB-DX1_xmin50586_ymin43110_MPP-0.2500+354
24785,1203,0,0,0,57,24131,0,0,0,0,0,0,0,0,0,0,0,0,0,0,0,0,0,0,24840,1148,0,0,0,52,24136,0,0,0,0,0,0,0,0,0,0,0,0,0,0,0,0,0,0,24648,1340,0,0,0,49,24139,0,0,0,0,0,0,0,0,0,0,0,0,0,0,0,0,0,0,TCGA-GM-A2DB-DX1_xmin50586_ymin43110_MPP-0.2500+355
0,0,0,0,0,1,50175,0,0,0,0,0,0,0,0,0,0,0,0,0,0,0,0,0,0,0,0,0,0,0,1,50175,0,0,0,0,0,0,0,0,0,0,0,0,0,0,0,0,0,0,0,0,0,0,0,1,50175,0,0,0,0,0,0,0,0,0,0,0,0,0,0,0,0,0,0,TCGA-GM-A2DB-DX1_xmin50586_ymin43110_MPP-0.2500+356
0,0,0,0,0,0,41703,8473,0,0,0,0,0,0,0,0,0,0,0,0,0,0,0,0,0,0,0,0,0,0,0,42357,7819,0,0,0,0,0,0,0,0,0,0,0,0,0,0,0,0,0,0,0,0,0,0,0,42483,7693,0,0,0,0,0,0,0,0,0,0,0,0,0,0,0,0,0,TCGA-GM-A2DB-DX1_xmin50586_ymin43110_MPP-0.2500+357
0,0,0,0,0,0,29167,8252,0,0,0,691,11855,0,0,0,0,0,0,0,0,0,0,0,211,0,0,0,0,0,0,29240,8179,0,0,0,750,11796,0,0,0,0,0,0,0,0,0,0,0,211,0,0,0,0,0,0,29087,8332,0,0,0,768,11778,0,0,0,0,0,0,0,0,0,0,0,211,TCGA-GM-A2DB-DX1_xmin50586_ymin43110_MPP-0.2500+358
0,0,0,0,0,0,0,5140,0,0,1,0,45035,0,0,0,0,0,0,0,0,0,0,0,0,0,0,0,0,0,0,1604,3536,0,0,0,21143,23893,0,0,0,0,0,0,0,0,0,0,0,0,0,0,0,0,0,0,0,5140,0,0,1,0,45035,0,0,0,0,0,0,0,0,0,0,0,0,TCGA-GM-A2DB-DX1_xmin50586_ymin43110_MPP-0.2500+359
17850,0,0,0,0,9875,22451,0,0,0,0,0,0,0,0,0,0,0,0,0,0,0,0,0,0,17850,0,0,0,0,9819,22507,0,0,0,0,0,0,0,0,0,0,0,0,0,0,0,0,0,0,17850,0,0,0,0,9818,22508,0,0,0,0,0,0,0,0,0,0,0,0,0,0,0,0,0,0,TCGA-GM-A2DB-DX1_xmin50586_ymin43110_MPP-0.2500+36
0,0,0,0,0,0,0,0,0,0,0,0,50176,0,0,0,0,0,0,0,0,0,0,0,0,0,0,0,0,0,0,0,0,0,0,0,0,50176,0,0,0,0,0,0,0,0,0,0,0,0,0,0,0,0,0,0,0,0,0,0,0,0,50176,0,0,0,0,0,0,0,0,0,0,0,0,TCGA-GM-A2DB-DX1_xmin50586_ymin43110_MPP-0.2500+360
0,0,0,0,0,0,0,0,0,0,352,0,49824,0,0,0,0,0,0,0,0,0,0,0,0,0,0,0,0,0,0,0,0,0,0,352,0,49824,0,0,0,0,0,0,0,0,0,0,0,0,0,0,0,0,0,0,0,0,0,0,352,0,49824,0,0,0,0,0,0,0,0,0,0,0,0,TCGA-GM-A2DB-DX1_xmin50586_ymin43110_MPP-0.2500+361
0,0,0,0,0,0,0,0,0,0,0,0,50176,0,0,0,0,0,0,0,0,0,0,0,0,0,0,0,0,0,0,0,0,0,0,0,0,50176,0,0,0,0,0,0,0,0,0,0,0,0,0,0,0,0,0,0,0,0,0,0,0,0,50176,0,0,0,0,0,0,0,0,0,0,0,0,TCGA-GM-A2DB-DX1_xmin50586_ymin43110_MPP-0.2500+362
0,0,0,0,0,0,0,0,0,0,0,0,50176,0,0,0,0,0,0,0,0,0,0,0,0,0,0,0,0,0,0,0,0,0,0,0,0,50176,0,0,0,0,0,0,0,0,0,0,0,0,0,0,0,0,0,0,0,0,0,0,0,0,50176,0,0,0,0,0,0,0,0,0,0,0,0,TCGA-GM-A2DB-DX1_xmin50586_ymin43110_MPP-0.2500+363
0,0,0,0,0,0,0,4363,0,0,0,0,42252,0,0,0,0,0,0,0,0,0,0,0,3561,0,0,0,0,0,0,0,4363,0,0,0,0,42252,0,0,0,0,0,0,0,0,0,0,0,3561,0,0,0,0,0,0,0,4363,0,0,0,0,42252,0,0,0,0,0,0,0,0,0,0,0,3561,TCGA-GM-A2DB-DX1_xmin50586_ymin43110_MPP-0.2500+364
0,0,0,0,0,0,20111,9878,0,0,0,6942,9796,0,0,0,0,0,0,0,0,0,0,0,3449,0,0,0,0,0,0,20281,9708,0,0,0,6747,9991,0,0,0,0,0,0,0,0,0,0,0,3449,0,0,0,0,0,0,20073,9916,0,0,0,6477,10261,0,0,0,0,0,0,0,0,0,0,0,3449,TCGA-GM-A2DB-DX1_xmin50586_ymin43110_MPP-0.2500+365
0,0,0,0,0,0,18509,4064,0,0,0,3145,20263,0,0,0,0,0,0,0,0,0,0,0,4195,0,0,0,0,0,0,18647,3926,0,0,0,3368,20040,0,0,0,0,0,0,0,0,0,0,0,4195,0,0,0,0,0,0,18572,4001,0,0,0,3002,20406,0,0,0,0,0,0,0,0,0,0,0,4195,TCGA-GM-A2DB-DX1_xmin50586_ymin43110_MPP-0.2500+366
0,0,0,0,0,0,10146,1494,0,0,0,9101,18135,0,0,0,0,0,0,0,0,0,0,0,11300,0,0,0,0,0,0,10119,1521,0,0,0,9059,18177,0,0,0,0,0,0,0,0,0,0,0,11300,0,0,0,0,0,0,10114,1526,0,0,0,9162,18074,0,0,0,0,0,0,0,0,0,0,0,11300,TCGA-GM-A2DB-DX1_xmin50586_ymin43110_MPP-0.2500+367
0,0,0,0,0,0,24964,13994,0,0,0,534,5516,0,0,0,0,0,0,0,0,0,0,0,5168,0,0,0,0,0,0,26204,12754,0,0,0,565,5485,0,0,0,0,0,0,0,0,0,0,0,5168,0,0,0,0,0,0,26439,12519,0,0,0,569,5481,0,0,0,0,0,0,0,0,0,0,0,5168,TCGA-GM-A2DB-DX1_xmin50586_ymin43110_MPP-0.2500+368
0,0,0,0,0,0,21032,2634,0,0,0,0,0,0,0,0,0,0,0,0,0,0,0,0,26510,0,0,0,0,0,0,21171,2495,0,0,0,0,0,0,0,0,0,0,0,0,0,0,0,0,26510,0,0,0,0,0,0,20531,3135,0,0,0,0,0,0,0,0,0,0,0,0,0,0,0,0,26510,TCGA-GM-A2DB-DX1_xmin50586_ymin43110_MPP-0.2500+369
12405,204,0,0,0,15519,22048,0,0,0,0,0,0,0,0,0,0,0,0,0,0,0,0,0,0,12393,216,0,0,0,15454,22113,0,0,0,0,0,0,0,0,0,0,0,0,0,0,0,0,0,0,12377,232,0,0,0,15168,22399,0,0,0,0,0,0,0,0,0,0,0,0,0,0,0,0,0,0,TCGA-GM-A2DB-DX1_xmin50586_ymin43110_MPP-0.2500+37
50103,0,0,0,0,73,0,0,0,0,0,0,0,0,0,0,0,0,0,0,0,0,0,0,0,50103,0,0,0,0,73,0,0,0,0,0,0,0,0,0,0,0,0,0,0,0,0,0,0,0,50103,0,0,0,0,73,0,0,0,0,0,0,0,0,0,0,0,0,0,0,0,0,0,0,0,TCGA-GM-A2DB-DX1_xmin50586_ymin43110_MPP-0.2500+370
50176,0,0,0,0,0,0,0,0,0,0,0,0,0,0,0,0,0,0,0,0,0,0,0,0,50176,0,0,0,0,0,0,0,0,0,0,0,0,0,0,0,0,0,0,0,0,0,0,0,0,50176,0,0,0,0,0,0,0,0,0,0,0,0,0,0,0,0,0,0,0,0,0,0,0,0,TCGA-GM-A2DB-DX1_xmin50586_ymin43110_MPP-0.2500+371
50176,0,0,0,0,0,0,0,0,0,0,0,0,0,0,0,0,0,0,0,0,0,0,0,0,50176,0,0,0,0,0,0,0,0,0,0,0,0,0,0,0,0,0,0,0,0,0,0,0,0,50176,0,0,0,0,0,0,0,0,0,0,0,0,0,0,0,0,0,0,0,0,0,0,0,0,TCGA-GM-A2DB-DX1_xmin50586_ymin43110_MPP-0.2500+372
42042,5325,0,0,0,0,2809,0,0,0,0,0,0,0,0,0,0,0,0,0,0,0,0,0,0,41987,5380,0,0,0,0,2809,0,0,0,0,0,0,0,0,0,0,0,0,0,0,0,0,0,0,41787,5580,0,0,0,0,2809,0,0,0,0,0,0,0,0,0,0,0,0,0,0,0,0,0,0,TCGA-GM-A2DB-DX1_xmin50586_ymin43110_MPP-0.2500+373
14495,6553,0,0,0,0,29128,0,0,0,0,0,0,0,0,0,0,0,0,0,0,0,0,0,0,14507,6541,0,0,0,0,29128,0,0,0,0,0,0,0,0,0,0,0,0,0,0,0,0,0,0,14492,6556,0,0,0,0,29128,0,0,0,0,0,0,0,0,0,0,0,0,0,0,0,0,0,0,TCGA-GM-A2DB-DX1_xmin50586_ymin43110_MPP-0.2500+374
0,97,0,0,0,0,49032,0,0,0,0,0,0,0,0,0,0,0,0,0,0,0,0,0,1047,0,97,0,0,0,0,49032,0,0,0,0,0,0,0,0,0,0,0,0,0,0,0,0,0,1047,0,97,0,0,0,0,49032,0,0,0,0,0,0,0,0,0,0,0,0,0,0,0,0,0,1047,TCGA-GM-A2DB-DX1_xmin50586_ymin43110_MPP-0.2500+375
0,0,0,0,0,0,25110,2295,0,0,0,0,0,0,0,0,0,0,0,0,0,0,0,0,22771,0,0,0,0,0,0,25501,1904,0,0,0,0,0,0,0,0,0,0,0,0,0,0,0,0,22771,0,0,0,0,0,0,25770,1635,0,0,0,0,0,0,0,0,0,0,0,0,0,0,0,0,22771,TCGA-GM-A2DB-DX1_xmin50586_ymin43110_MPP-0.2500+376
0,0,0,0,0,0,12053,6295,0,0,0,0,0,0,0,0,0,0,0,0,0,0,0,0,31828,0,0,0,0,0,0,12402,5946,0,0,0,0,0,0,0,0,0,0,0,0,0,0,0,0,31828,0,0,0,0,0,0,12482,5866,0,0,0,0,0,0,0,0,0,0,0,0,0,0,0,0,31828,TCGA-GM-A2DB-DX1_xmin50586_ymin43110_MPP-0.2500+377
0,0,0,0,0,0,1023,116,0,0,0,19621,18395,0,0,0,0,0,0,0,0,0,0,0,11021,0,0,0,0,0,0,1012,127,0,0,0,19407,18609,0,0,0,0,0,0,0,0,0,0,0,11021,0,0,0,0,0,0,1024,115,0,0,0,20061,17955,0,0,0,0,0,0,0,0,0,0,0,11021,TCGA-GM-A2DB-DX1_xmin50586_ymin43110_MPP-0.2500+378
0,0,0,0,0,0,0,0,0,0,0,18013,32163,0,0,0,0,0,0,0,0,0,0,0,0,0,0,0,0,0,0,0,0,0,0,0,18691,31485,0,0,0,0,0,0,0,0,0,0,0,0,0,0,0,0,0,0,0,0,0,0,0,18784,31392,0,0,0,0,0,0,0,0,0,0,0,0,TCGA-GM-A2DB-DX1_xmin50586_ymin43110_MPP-0.2500+379
5063,0,0,0,0,45113,0,0,0,0,0,0,0,0,0,0,0,0,0,0,0,0,0,0,0,5063,0,0,0,0,45113,0,0,0,0,0,0,0,0,0,0,0,0,0,0,0,0,0,0,0,5063,0,0,0,0,45113,0,0,0,0,0,0,0,0,0,0,0,0,0,0,0,0,0,0,0,TCGA-GM-A2DB-DX1_xmin50586_ymin43110_MPP-0.2500+38
0,0,0,0,0,0,0,0,0,0,0,0,50176,0,0,0,0,0,0,0,0,0,0,0,0,0,0,0,0,0,0,0,0,0,0,0,0,50176,0,0,0,0,0,0,0,0,0,0,0,0,0,0,0,0,0,0,0,0,0,0,0,0,50176,0,0,0,0,0,0,0,0,0,0,0,0,TCGA-GM-A2DB-DX1_xmin50586_ymin43110_MPP-0.2500+380
0,0,0,0,0,0,0,0,0,0,0,9087,41089,0,0,0,0,0,0,0,0,0,0,0,0,0,0,0,0,0,0,0,0,0,0,0,9619,40557,0,0,0,0,0,0,0,0,0,0,0,0,0,0,0,0,0,0,0,0,0,0,0,10189,39987,0,0,0,0,0,0,0,0,0,0,0,0,TCGA-GM-A2DB-DX1_xmin50586_ymin43110_MPP-0.2500+381
0,0,0,0,0,0,0,0,0,0,496,0,49680,0,0,0,0,0,0,0,0,0,0,0,0,0,0,0,0,0,0,0,0,0,0,496,0,49680,0,0,0,0,0,0,0,0,0,0,0,0,0,0,0,0,0,0,0,0,0,0,560,0,49616,0,0,0,0,0,0,0,0,0,0,0,0,TCGA-GM-A2DB-DX1_xmin50586_ymin43110_MPP-0.2500+382
0,0,0,0,0,0,0,695,0,0,0,0,49481,0,0,0,0,0,0,0,0,0,0,0,0,0,0,0,0,0,0,0,695,0,0,0,0,49481,0,0,0,0,0,0,0,0,0,0,0,0,0,0,0,0,0,0,0,695,0,0,0,0,49481,0,0,0,0,0,0,0,0,0,0,0,0,TCGA-GM-A2DB-DX1_xmin50586_ymin43110_MPP-0.2500+383
0,0,0,0,0,0,17221,4697,0,0,0,1217,16251,0,0,0,0,0,0,0,0,0,0,0,10790,0,0,0,0,0,0,18084,3834,0,0,0,1497,15971,0,0,0,0,0,0,0,0,0,0,0,10790,0,0,0,0,0,0,18036,3882,0,0,0,1443,16025,0,0,0,0,0,0,0,0,0,0,0,10790,TCGA-GM-A2DB-DX1_xmin50586_ymin43110_MPP-0.2500+384
0,0,0,0,0,0,11825,4999,0,0,0,2422,11202,0,0,0,0,0,0,0,0,0,0,0,19728,0,0,0,0,0,0,11885,4939,0,0,0,2412,11212,0,0,0,0,0,0,0,0,0,0,0,19728,0,0,0,0,0,0,12115,4709,0,0,0,2440,11184,0,0,0,0,0,0,0,0,0,0,0,19728,TCGA-GM-A2DB-DX1_xmin50586_ymin43110_MPP-0.2500+385
0,0,0,0,0,0,8772,6523,0,0,0,788,15960,0,0,0,0,0,0,0,0,0,0,0,18133,0,0,0,0,0,0,9360,5935,0,0,0,1416,15332,0,0,0,0,0,0,0,0,0,0,0,18133,0,0,0,0,0,0,9350,5945,0,0,0,1572,15176,0,0,0,0,0,0,0,0,0,0,0,18133,TCGA-GM-A2DB-DX1_xmin50586_ymin43110_MPP-0.2500+386
0,0,0,0,0,0,11257,5875,0,0,0,11,0,0,0,0,0,0,0,0,0,0,0,0,33033,0,0,0,0,0,0,11657,5475,0,0,0,11,0,0,0,0,0,0,0,0,0,0,0,0,33033,0,0,0,0,0,0,11491,5641,0,0,0,11,0,0,0,0,0,0,0,0,0,0,0,0,33033,TCGA-GM-A2DB-DX1_xmin50586_ymin43110_MPP-0.2500+387
0,0,0,0,0,0,16618,4734,0,0,0,655,8197,0,0,0,0,0,0,0,0,0,0,0,19972,0,0,0,0,0,0,17608,3744,0,0,0,712,8140,0,0,0,0,0,0,0,0,0,0,0,19972,0,0,0,0,0,0,17852,3500,0,0,0,767,8085,0,0,0,0,0,0,0,0,0,0,0,19972,TCGA-GM-A2DB-DX1_xmin50586_ymin43110_MPP-0.2500+388
0,0,0,0,0,0,13644,5955,0,0,0,0,0,0,0,0,0,0,0,0,0,0,0,0,30577,0,0,0,0,0,0,14149,5450,0,0,0,0,0,0,0,0,0,0,0,0,0,0,0,0,30577,0,0,0,0,0,0,14628,4971,0,0,0,0,0,0,0,0,0,0,0,0,0,0,0,0,30577,TCGA-GM-A2DB-DX1_xmin50586_ymin43110_MPP-0.2500+389
0,1,0,0,0,0,50175,0,0,0,0,0,0,0,0,0,0,0,0,0,0,0,0,0,0,0,1,0,0,0,0,50175,0,0,0,0,0,0,0,0,0,0,0,0,0,0,0,0,0,0,0,1,0,0,0,0,50175,0,0,0,0,0,0,0,0,0,0,0,0,0,0,0,0,0,0,TCGA-GM-A2DB-DX1_xmin50586_ymin43110_MPP-0.2500+39
8834,8200,0,0,0,14183,18959,0,0,0,0,0,0,0,0,0,0,0,0,0,0,0,0,0,0,8920,8114,0,0,0,14431,18711,0,0,0,0,0,0,0,0,0,0,0,0,0,0,0,0,0,0,8975,8059,0,0,0,14266,18876,0,0,0,0,0,0,0,0,0,0,0,0,0,0,0,0,0,0,TCGA-GM-A2DB-DX1_xmin50586_ymin43110_MPP-0.2500+390
22785,1325,0,0,0,4057,22009,0,0,0,0,0,0,0,0,0,0,0,0,0,0,0,0,0,0,22776,1334,0,0,0,4848,21218,0,0,0,0,0,0,0,0,0,0,0,0,0,0,0,0,0,0,22698,1412,0,0,0,4990,21076,0,0,0,0,0,0,0,0,0,0,0,0,0,0,0,0,0,0,TCGA-GM-A2DB-DX1_xmin50586_ymin43110_MPP-0.2500+391
11774,1439,0,0,0,1789,35174,0,0,0,0,0,0,0,0,0,0,0,0,0,0,0,0,0,0,11670,1543,0,0,0,1849,35114,0,0,0,0,0,0,0,0,0,0,0,0,0,0,0,0,0,0,11703,1510,0,0,0,1977,34986,0,0,0,0,0,0,0,0,0,0,0,0,0,0,0,0,0,0,TCGA-GM-A2DB-DX1_xmin50586_ymin43110_MPP-0.2500+392
0,2336,0,0,0,0,47840,0,0,0,0,0,0,0,0,0,0,0,0,0,0,0,0,0,0,0,2336,0,0,0,0,47840,0,0,0,0,0,0,0,0,0,0,0,0,0,0,0,0,0,0,0,2336,0,0,0,0,47840,0,0,0,0,0,0,0,0,0,0,0,0,0,0,0,0,0,0,TCGA-GM-A2DB-DX1_xmin50586_ymin43110_MPP-0.2500+393
0,0,0,0,0,0,43085,7086,0,0,0,0,0,0,0,0,0,0,0,0,0,0,0,0,5,0,0,0,0,0,0,43387,6784,0,0,0,0,0,0,0,0,0,0,0,0,0,0,0,0,5,0,0,0,0,0,0,43212,6959,0,0,0,0,0,0,0,0,0,0,0,0,0,0,0,0,5,TCGA-GM-A2DB-DX1_xmin50586_ymin43110_MPP-0.2500+394
0,0,0,0,0,0,24011,3544,0,0,0,0,0,0,0,0,0,0,0,0,0,0,0,0,22621,0,0,0,0,0,0,24904,2651,0,0,0,0,0,0,0,0,0,0,0,0,0,0,0,0,22621,0,0,0,0,0,0,24416,3139,0,0,0,0,0,0,0,0,0,0,0,0,0,0,0,0,22621,TCGA-GM-A2DB-DX1_xmin50586_ymin43110_MPP-0.2500+395
0,0,0,0,0,0,10786,1276,0,0,0,0,0,0,0,0,0,0,0,0,0,0,0,0,38114,0,0,0,0,0,0,11285,777,0,0,0,0,0,0,0,0,0,0,0,0,0,0,0,0,38114,0,0,0,0,0,0,11066,996,0,0,0,0,0,0,0,0,0,0,0,0,0,0,0,0,38114,TCGA-GM-A2DB-DX1_xmin50586_ymin43110_MPP-0.2500+396
0,0,0,0,0,0,6020,2209,0,0,0,104,8331,0,0,0,0,0,0,0,0,0,0,0,33512,0,0,0,0,0,0,6411,1818,0,0,0,125,8310,0,0,0,0,0,0,0,0,0,0,0,33512,0,0,0,0,0,0,6424,1805,0,0,0,85,8350,0,0,0,0,0,0,0,0,0,0,0,33512,TCGA-GM-A2DB-DX1_xmin50586_ymin43110_MPP-0.2500+397
0,0,0,0,0,275,0,3740,0,0,1625,0,34475,0,0,0,0,0,0,0,0,0,0,0,10061,0,0,0,0,0,211,0,3804,0,0,1913,0,34187,0,0,0,0,0,0,0,0,0,0,0,10061,0,0,0,0,0,158,0,3857,0,0,1966,0,34134,0,0,0,0,0,0,0,0,0,0,0,10061,TCGA-GM-A2DB-DX1_xmin50586_ymin43110_MPP-0.2500+398
0,0,0,0,0,0,0,0,0,0,0,0,50176,0,0,0,0,0,0,0,0,0,0,0,0,0,0,0,0,0,0,0,0,0,0,0,0,50176,0,0,0,0,0,0,0,0,0,0,0,0,0,0,0,0,0,0,0,0,0,0,0,0,50176,0,0,0,0,0,0,0,0,0,0,0,0,TCGA-GM-A2DB-DX1_xmin50586_ymin43110_MPP-0.2500+399
0,0,0,0,0,0,0,0,0,0,0,0,0,0,0,112,0,0,50064,0,0,0,0,0,0,0,0,0,0,0,0,0,0,0,0,0,0,0,0,0,176,0,0,50000,0,0,0,0,0,0,0,0,0,0,0,0,0,0,0,0,0,0,0,0,0,176,0,0,50000,0,0,0,0,0,0,TCGA-GM-A2DB-DX1_xmin50586_ymin43110_MPP-0.2500+4
7885,952,0,0,0,8490,32849,0,0,0,0,0,0,0,0,0,0,0,0,0,0,0,0,0,0,7890,947,0,0,0,9175,32164,0,0,0,0,0,0,0,0,0,0,0,0,0,0,0,0,0,0,7886,951,0,0,0,9097,32242,0,0,0,0,0,0,0,0,0,0,0,0,0,0,0,0,0,0,TCGA-GM-A2DB-DX1_xmin50586_ymin43110_MPP-0.2500+40
0,0,0,0,0,0,0,0,0,0,0,0,50176,0,0,0,0,0,0,0,0,0,0,0,0,0,0,0,0,0,0,0,0,0,0,0,0,50176,0,0,0,0,0,0,0,0,0,0,0,0,0,0,0,0,0,0,0,0,0,0,0,0,50176,0,0,0,0,0,0,0,0,0,0,0,0,TCGA-GM-A2DB-DX1_xmin50586_ymin43110_MPP-0.2500+400
0,0,0,0,0,0,0,0,0,0,0,0,50176,0,0,0,0,0,0,0,0,0,0,0,0,0,0,0,0,0,0,0,0,0,0,0,0,50176,0,0,0,0,0,0,0,0,0,0,0,0,0,0,0,0,0,0,0,0,0,0,0,0,50176,0,0,0,0,0,0,0,0,0,0,0,0,TCGA-GM-A2DB-DX1_xmin50586_ymin43110_MPP-0.2500+401
0,0,0,0,0,0,0,0,0,0,0,0,50176,0,0,0,0,0,0,0,0,0,0,0,0,0,0,0,0,0,0,0,0,0,0,0,0,50176,0,0,0,0,0,0,0,0,0,0,0,0,0,0,0,0,0,0,0,0,0,0,0,0,50176,0,0,0,0,0,0,0,0,0,0,0,0,TCGA-GM-A2DB-DX1_xmin50586_ymin43110_MPP-0.2500+402
0,0,0,0,0,0,0,20533,0,0,0,0,26744,0,0,0,0,0,0,0,0,0,0,0,2899,0,0,0,0,0,0,0,20533,0,0,0,0,26744,0,0,0,0,0,0,0,0,0,0,0,2899,0,0,0,0,0,0,0,20533,0,0,0,0,26744,0,0,0,0,0,0,0,0,0,0,0,2899,TCGA-GM-A2DB-DX1_xmin50586_ymin43110_MPP-0.2500+403
0,0,0,0,0,0,22200,9104,0,0,0,0,0,0,0,0,0,0,0,0,0,0,0,0,18872,0,0,0,0,0,0,23150,8154,0,0,0,0,0,0,0,0,0,0,0,0,0,0,0,0,18872,0,0,0,0,0,0,23956,7348,0,0,0,0,0,0,0,0,0,0,0,0,0,0,0,0,18872,TCGA-GM-A2DB-DX1_xmin50586_ymin43110_MPP-0.2500+404
0,0,0,0,0,0,22091,7363,0,0,0,1132,12864,0,0,0,0,0,0,0,0,0,0,0,6726,0,0,0,0,0,0,23370,6084,0,0,0,1276,12720,0,0,0,0,0,0,0,0,0,0,0,6726,0,0,0,0,0,0,23799,5655,0,0,0,1364,12632,0,0,0,0,0,0,0,0,0,0,0,6726,TCGA-GM-A2DB-DX1_xmin50586_ymin43110_MPP-0.2500+405
0,0,0,0,0,0,22507,6836,0,0,0,314,6829,0,0,0,0,0,0,0,0,0,0,0,13690,0,0,0,0,0,0,22606,6737,0,0,0,371,6772,0,0,0,0,0,0,0,0,0,0,0,13690,0,0,0,0,0,0,22701,6642,0,0,0,436,6707,0,0,0,0,0,0,0,0,0,0,0,13690,TCGA-GM-A2DB-DX1_xmin50586_ymin43110_MPP-0.2500+406
0,0,0,0,0,0,25886,0,0,0,0,0,0,0,0,0,0,0,0,0,0,0,0,0,24290,0,0,0,0,0,0,19825,6061,0,0,0,0,0,0,0,0,0,0,0,0,0,0,0,0,24290,0,0,0,0,0,0,20640,5246,0,0,0,0,0,0,0,0,0,0,0,0,0,0,0,0,24290,TCGA-GM-A2DB-DX1_xmin50586_ymin43110_MPP-0.2500+407
0,0,0,0,0,0,19168,0,0,0,0,0,0,0,0,0,0,0,0,0,0,0,0,0,31008,0,0,0,0,0,0,19168,0,0,0,0,0,0,0,0,0,0,0,0,0,0,0,0,0,31008,0,0,0,0,0,0,19168,0,0,0,0,0,0,0,0,0,0,0,0,0,0,0,0,0,31008,TCGA-GM-A2DB-DX1_xmin50586_ymin43110_MPP-0.2500+408
0,0,0,0,0,0,5159,0,0,0,0,0,0,0,0,0,0,0,0,0,0,0,0,0,45017,0,0,0,0,0,0,5159,0,0,0,0,0,0,0,0,0,0,0,0,0,0,0,0,0,45017,0,0,0,0,0,0,5159,0,0,0,0,0,0,0,0,0,0,0,0,0,0,0,0,0,45017,TCGA-GM-A2DB-DX1_xmin50586_ymin43110_MPP-0.2500+409
48852,0,0,0,0,1324,0,0,0,0,0,0,0,0,0,0,0,0,0,0,0,0,0,0,0,48852,0,0,0,0,1324,0,0,0,0,0,0,0,0,0,0,0,0,0,0,0,0,0,0,0,48852,0,0,0,0,1324,0,0,0,0,0,0,0,0,0,0,0,0,0,0,0,0,0,0,0,TCGA-GM-A2DB-DX1_xmin50586_ymin43110_MPP-0.2500+41
0,0,0,0,0,0,7110,0,0,0,0,0,0,0,0,0,0,0,0,0,0,0,0,0,43066,0,0,0,0,0,0,7110,0,0,0,0,0,0,0,0,0,0,0,0,0,0,0,0,0,43066,0,0,0,0,0,0,7110,0,0,0,0,0,0,0,0,0,0,0,0,0,0,0,0,0,43066,TCGA-GM-A2DB-DX1_xmin50586_ymin43110_MPP-0.2500+410
0,0,0,0,0,0,50176,0,0,0,0,0,0,0,0,0,0,0,0,0,0,0,0,0,0,0,0,0,0,0,0,50176,0,0,0,0,0,0,0,0,0,0,0,0,0,0,0,0,0,0,0,0,0,0,0,0,50176,0,0,0,0,0,0,0,0,0,0,0,0,0,0,0,0,0,0,TCGA-GM-A2DB-DX1_xmin50586_ymin43110_MPP-0.2500+411
0,0,0,0,0,0,50176,0,0,0,0,0,0,0,0,0,0,0,0,0,0,0,0,0,0,0,0,0,0,0,0,50176,0,0,0,0,0,0,0,0,0,0,0,0,0,0,0,0,0,0,0,0,0,0,0,0,50176,0,0,0,0,0,0,0,0,0,0,0,0,0,0,0,0,0,0,TCGA-GM-A2DB-DX1_xmin50586_ymin43110_MPP-0.2500+412
0,0,0,0,0,0,46751,0,0,0,0,752,0,0,0,0,0,0,0,0,0,0,0,0,2673,0,0,0,0,0,0,46751,0,0,0,0,752,0,0,0,0,0,0,0,0,0,0,0,0,2673,0,0,0,0,0,0,46751,0,0,0,0,752,0,0,0,0,0,0,0,0,0,0,0,0,2673,TCGA-GM-A2DB-DX1_xmin50586_ymin43110_MPP-0.2500+413
0,0,0,0,0,0,20853,8721,0,0,0,5822,14780,0,0,0,0,0,0,0,0,0,0,0,0,0,0,0,0,0,0,21300,8274,0,0,0,6513,14089,0,0,0,0,0,0,0,0,0,0,0,0,0,0,0,0,0,0,21351,8223,0,0,0,6618,13984,0,0,0,0,0,0,0,0,0,0,0,0,TCGA-GM-A2DB-DX1_xmin50586_ymin43110_MPP-0.2500+414
0,0,0,0,0,0,29312,5340,0,0,0,5427,9703,0,0,0,0,0,0,0,0,0,0,0,394,0,0,0,0,0,0,29695,4957,0,0,0,6213,8917,0,0,0,0,0,0,0,0,0,0,0,394,0,0,0,0,0,0,29686,4966,0,0,0,6586,8544,0,0,0,0,0,0,0,0,0,0,0,394,TCGA-GM-A2DB-DX1_xmin50586_ymin43110_MPP-0.2500+415
0,0,0,0,0,0,36833,0,0,0,0,0,0,0,0,0,0,0,0,0,0,0,0,0,13343,0,0,0,0,0,0,36833,0,0,0,0,0,0,0,0,0,0,0,0,0,0,0,0,0,13343,0,0,0,0,0,0,36833,0,0,0,0,0,0,0,0,0,0,0,0,0,0,0,0,0,13343,TCGA-GM-A2DB-DX1_xmin50586_ymin43110_MPP-0.2500+416
0,0,0,0,0,0,12120,1581,0,0,0,114,0,0,0,0,0,0,0,0,0,0,0,0,36361,0,0,0,0,0,0,12469,1232,0,0,0,114,0,0,0,0,0,0,0,0,0,0,0,0,36361,0,0,0,0,0,0,12283,1418,0,0,0,114,0,0,0,0,0,0,0,0,0,0,0,0,36361,TCGA-GM-A2DB-DX1_xmin50586_ymin43110_MPP-0.2500+417
0,0,0,0,0,0,16054,4780,0,0,0,1534,440,0,0,0,0,0,0,0,0,0,0,0,27368,0,0,0,0,0,0,16376,4458,0,0,0,1534,440,0,0,0,0,0,0,0,0,0,0,0,27368,0,0,0,0,0,0,17060,3774,0,0,0,1545,429,0,0,0,0,0,0,0,0,0,0,0,27368,TCGA-GM-A2DB-DX1_xmin50586_ymin43110_MPP-0.2500+418
0,0,0,0,0,0,3976,0,0,0,0,23281,19826,0,0,0,0,0,0,0,0,0,0,0,3093,0,0,0,0,0,0,3970,6,0,0,0,23273,19834,0,0,0,0,0,0,0,0,0,0,0,3093,0,0,0,0,0,0,3976,0,0,0,0,24663,18444,0,0,0,0,0,0,0,0,0,0,0,3093,TCGA-GM-A2DB-DX1_xmin50586_ymin43110_MPP-0.2500+419
49121,0,0,0,0,1055,0,0,0,0,0,0,0,0,0,0,0,0,0,0,0,0,0,0,0,49121,0,0,0,0,1055,0,0,0,0,0,0,0,0,0,0,0,0,0,0,0,0,0,0,0,49121,0,0,0,0,1055,0,0,0,0,0,0,0,0,0,0,0,0,0,0,0,0,0,0,0,TCGA-GM-A2DB-DX1_xmin50586_ymin43110_MPP-0.2500+42
0,0,0,0,0,0,0,0,0,0,0,0,50176,0,0,0,0,0,0,0,0,0,0,0,0,0,0,0,0,0,0,0,0,0,0,0,0,50176,0,0,0,0,0,0,0,0,0,0,0,0,0,0,0,0,0,0,0,0,0,0,0,0,50176,0,0,0,0,0,0,0,0,0,0,0,0,TCGA-GM-A2DB-DX1_xmin50586_ymin43110_MPP-0.2500+420
0,0,0,0,0,0,0,4854,0,0,0,0,43045,0,0,0,0,0,0,0,0,0,0,0,2277,0,0,0,0,0,0,0,4854,0,0,0,0,43045,0,0,0,0,0,0,0,0,0,0,0,2277,0,0,0,0,0,0,0,4854,0,0,0,0,43045,0,0,0,0,0,0,0,0,0,0,0,2277,TCGA-GM-A2DB-DX1_xmin50586_ymin43110_MPP-0.2500+421
0,0,0,0,0,0,0,4680,0,0,0,0,25713,0,0,0,0,0,0,0,0,0,0,0,19783,0,0,0,0,0,0,0,4680,0,0,0,0,25713,0,0,0,0,0,0,0,0,0,0,0,19783,0,0,0,0,0,0,0,4680,0,0,0,0,25713,0,0,0,0,0,0,0,0,0,0,0,19783,TCGA-GM-A2DB-DX1_xmin50586_ymin43110_MPP-0.2500+422
0,0,0,0,0,0,9737,1469,0,0,0,199,1900,0,0,0,0,0,0,0,0,0,0,0,36871,0,0,0,0,0,0,10003,1203,0,0,0,241,1858,0,0,0,0,0,0,0,0,0,0,0,36871,0,0,0,0,0,0,9957,1249,0,0,0,226,1873,0,0,0,0,0,0,0,0,0,0,0,36871,TCGA-GM-A2DB-DX1_xmin50586_ymin43110_MPP-0.2500+423
0,0,0,0,0,0,29134,0,0,0,0,0,0,0,0,0,0,0,0,0,0,0,0,0,21042,0,0,0,0,0,0,29134,0,0,0,0,0,0,0,0,0,0,0,0,0,0,0,0,0,21042,0,0,0,0,0,0,29134,0,0,0,0,0,0,0,0,0,0,0,0,0,0,0,0,0,21042,TCGA-GM-A2DB-DX1_xmin50586_ymin43110_MPP-0.2500+424
0,0,0,0,0,0,21943,4298,0,0,0,3305,11776,0,0,0,0,0,0,0,0,0,0,0,8854,0,0,0,0,0,0,22278,3963,0,0,0,3693,11388,0,0,0,0,0,0,0,0,0,0,0,8854,0,0,0,0,0,0,22158,4083,0,0,0,3161,11920,0,0,0,0,0,0,0,0,0,0,0,8854,TCGA-GM-A2DB-DX1_xmin50586_ymin43110_MPP-0.2500+425
0,0,0,0,0,1,45027,0,0,0,0,0,0,0,0,0,0,0,0,0,0,0,0,0,5148,0,0,0,0,0,1,45027,0,0,0,0,0,0,0,0,0,0,0,0,0,0,0,0,0,5148,0,0,0,0,0,0,45028,0,0,0,0,0,0,0,0,0,0,0,0,0,0,0,0,0,5148,TCGA-GM-A2DB-DX1_xmin50586_ymin43110_MPP-0.2500+426
0,0,0,0,0,0,25878,0,0,0,0,0,0,0,0,0,0,0,0,0,0,0,0,0,24298,0,0,0,0,0,0,25878,0,0,0,0,0,0,0,0,0,0,0,0,0,0,0,0,0,24298,0,0,0,0,0,0,25878,0,0,0,0,0,0,0,0,0,0,0,0,0,0,0,0,0,24298,TCGA-GM-A2DB-DX1_xmin50586_ymin43110_MPP-0.2500+427
0,0,0,0,0,0,35,0,0,0,0,0,0,0,0,0,0,0,0,0,0,0,0,0,50141,0,0,0,0,0,0,35,0,0,0,0,0,0,0,0,0,0,0,0,0,0,0,0,0,50141,0,0,0,0,0,0,35,0,0,0,0,0,0,0,0,0,0,0,0,0,0,0,0,0,50141,TCGA-GM-A2DB-DX1_xmin50586_ymin43110_MPP-0.2500+428
0,0,0,0,0,0,38597,0,0,0,0,0,0,0,0,0,0,0,0,0,0,0,0,0,11579,0,0,0,0,0,0,38597,0,0,0,0,0,0,0,0,0,0,0,0,0,0,0,0,0,11579,0,0,0,0,0,0,38597,0,0,0,0,0,0,0,0,0,0,0,0,0,0,0,0,0,11579,TCGA-GM-A2DB-DX1_xmin50586_ymin43110_MPP-0.2500+429
47121,0,0,0,0,3055,0,0,0,0,0,0,0,0,0,0,0,0,0,0,0,0,0,0,0,47121,0,0,0,0,3055,0,0,0,0,0,0,0,0,0,0,0,0,0,0,0,0,0,0,0,47121,0,0,0,0,3055,0,0,0,0,0,0,0,0,0,0,0,0,0,0,0,0,0,0,0,TCGA-GM-A2DB-DX1_xmin50586_ymin43110_MPP-0.2500+43
0,0,0,0,0,0,29706,5230,0,0,0,5803,9437,0,0,0,0,0,0,0,0,0,0,0,0,0,0,0,0,0,0,30800,4136,0,0,0,6480,8760,0,0,0,0,0,0,0,0,0,0,0,0,0,0,0,0,0,0,30544,4392,0,0,0,6194,9046,0,0,0,0,0,0,0,0,0,0,0,0,TCGA-GM-A2DB-DX1_xmin50586_ymin43110_MPP-0.2500+430
0,0,0,0,0,0,19555,2341,0,0,0,12248,16032,0,0,0,0,0,0,0,0,0,0,0,0,0,0,0,0,0,0,19678,2218,0,0,0,13638,14642,0,0,0,0,0,0,0,0,0,0,0,0,0,0,0,0,0,0,19991,1905,0,0,0,14078,14202,0,0,0,0,0,0,0,0,0,0,0,0,TCGA-GM-A2DB-DX1_xmin50586_ymin43110_MPP-0.2500+431
0,0,0,0,0,0,21274,3667,0,0,0,6467,4690,0,0,0,0,0,0,0,0,0,0,0,14078,0,0,0,0,0,0,22217,2724,0,0,0,6980,4177,0,0,0,0,0,0,0,0,0,0,0,14078,0,0,0,0,0,0,21703,3238,0,0,0,6764,4393,0,0,0,0,0,0,0,0,0,0,0,14078,TCGA-GM-A2DB-DX1_xmin50586_ymin43110_MPP-0.2500+432
0,0,0,0,0,0,17576,6206,0,0,0,5448,18354,0,0,0,0,0,0,0,0,0,0,0,2592,0,0,0,0,0,0,18503,5279,0,0,0,7306,16496,0,0,0,0,0,0,0,0,0,0,0,2592,0,0,0,0,0,0,18068,5714,0,0,0,6857,16945,0,0,0,0,0,0,0,0,0,0,0,2592,TCGA-GM-A2DB-DX1_xmin50586_ymin43110_MPP-0.2500+433
0,0,0,0,0,0,16597,3729,0,0,0,7158,7136,0,0,0,0,0,0,0,0,0,0,0,15556,0,0,0,0,0,0,16885,3441,0,0,0,7683,6611,0,0,0,0,0,0,0,0,0,0,0,15556,0,0,0,0,0,0,16936,3390,0,0,0,7604,6690,0,0,0,0,0,0,0,0,0,0,0,15556,TCGA-GM-A2DB-DX1_xmin50586_ymin43110_MPP-0.2500+434
0,0,0,0,0,0,16209,1301,0,0,0,0,0,0,0,0,0,0,0,0,0,0,0,0,32666,0,0,0,0,0,0,16190,1320,0,0,0,0,0,0,0,0,0,0,0,0,0,0,0,0,32666,0,0,0,0,0,0,16175,1335,0,0,0,0,0,0,0,0,0,0,0,0,0,0,0,0,32666,TCGA-GM-A2DB-DX1_xmin50586_ymin43110_MPP-0.2500+435
0,0,0,0,0,0,27821,0,0,0,0,0,0,0,0,0,0,0,0,0,0,0,0,0,22355,0,0,0,0,0,0,27821,0,0,0,0,0,0,0,0,0,0,0,0,0,0,0,0,0,22355,0,0,0,0,0,0,27821,0,0,0,0,0,0,0,0,0,0,0,0,0,0,0,0,0,22355,TCGA-GM-A2DB-DX1_xmin50586_ymin43110_MPP-0.2500+436
0,0,0,0,0,0,22582,823,0,0,0,0,0,0,0,0,0,0,0,0,0,0,0,0,26771,0,0,0,0,0,0,22251,1154,0,0,0,0,0,0,0,0,0,0,0,0,0,0,0,0,26771,0,0,0,0,0,0,22307,1098,0,0,0,0,0,0,0,0,0,0,0,0,0,0,0,0,26771,TCGA-GM-A2DB-DX1_xmin50586_ymin43110_MPP-0.2500+437
0,0,0,0,0,0,7467,1643,0,0,0,168,9585,0,0,0,0,0,0,0,0,0,0,0,31313,0,0,0,0,0,0,7598,1512,0,0,0,232,9521,0,0,0,0,0,0,0,0,0,0,0,31313,0,0,0,0,0,0,7659,1451,0,0,0,269,9484,0,0,0,0,0,0,0,0,0,0,0,31313,TCGA-GM-A2DB-DX1_xmin50586_ymin43110_MPP-0.2500+438
0,0,0,0,0,0,13450,10551,0,0,0,2329,14630,0,0,0,0,0,0,0,0,0,0,0,9216,0,0,0,0,0,0,14349,9652,0,0,0,2765,14194,0,0,0,0,0,0,0,0,0,0,0,9216,0,0,0,0,0,0,14269,9732,0,0,0,2766,14193,0,0,0,0,0,0,0,0,0,0,0,9216,TCGA-GM-A2DB-DX1_xmin50586_ymin43110_MPP-0.2500+439
31170,0,0,0,0,19006,0,0,0,0,0,0,0,0,0,0,0,0,0,0,0,0,0,0,0,31170,0,0,0,0,19006,0,0,0,0,0,0,0,0,0,0,0,0,0,0,0,0,0,0,0,31170,0,0,0,0,19006,0,0,0,0,0,0,0,0,0,0,0,0,0,0,0,0,0,0,0,TCGA-GM-A2DB-DX1_xmin50586_ymin43110_MPP-0.2500+44
0,0,0,0,0,0,24392,6453,0,0,0,5235,13606,0,0,0,0,0,0,0,0,0,0,0,490,0,0,0,0,0,0,24113,6732,0,0,0,5275,13566,0,0,0,0,0,0,0,0,0,0,0,490,0,0,0,0,0,0,24250,6595,0,0,0,5353,13488,0,0,0,0,0,0,0,0,0,0,0,490,TCGA-GM-A2DB-DX1_xmin50586_ymin43110_MPP-0.2500+440
0,0,0,0,0,0,14540,7383,0,0,0,281,8123,0,0,0,0,0,0,0,0,0,0,0,19849,0,0,0,0,0,0,14530,7393,0,0,0,351,8053,0,0,0,0,0,0,0,0,0,0,0,19849,0,0,0,0,0,0,14803,7120,0,0,0,472,7932,0,0,0,0,0,0,0,0,0,0,0,19849,TCGA-GM-A2DB-DX1_xmin50586_ymin43110_MPP-0.2500+441
0,0,0,0,0,0,12172,1450,0,0,0,783,1442,0,0,0,0,0,0,0,0,0,0,0,34329,0,0,0,0,0,0,12540,1082,0,0,0,916,1309,0,0,0,0,0,0,0,0,0,0,0,34329,0,0,0,0,0,0,12621,1001,0,0,0,969,1256,0,0,0,0,0,0,0,0,0,0,0,34329,TCGA-GM-A2DB-DX1_xmin50586_ymin43110_MPP-0.2500+442
0,0,0,0,0,0,20388,4475,0,0,0,0,135,0,0,0,0,0,0,0,0,0,0,0,25178,0,0,0,0,0,0,20343,4520,0,0,0,0,135,0,0,0,0,0,0,0,0,0,0,0,25178,0,0,0,0,0,0,19971,4892,0,0,0,0,135,0,0,0,0,0,0,0,0,0,0,0,25178,TCGA-GM-A2DB-DX1_xmin50586_ymin43110_MPP-0.2500+443
0,0,0,0,0,0,34275,1516,0,0,0,3459,10926,0,0,0,0,0,0,0,0,0,0,0,0,0,0,0,0,0,0,34481,1310,0,0,0,3715,10670,0,0,0,0,0,0,0,0,0,0,0,0,0,0,0,0,0,0,34581,1210,0,0,0,3905,10480,0,0,0,0,0,0,0,0,0,0,0,0,TCGA-GM-A2DB-DX1_xmin50586_ymin43110_MPP-0.2500+444
0,0,0,0,0,0,25353,31,0,0,0,4585,14093,0,0,0,0,0,0,0,0,0,0,0,6114,0,0,0,0,0,0,25376,8,0,0,0,4719,13959,0,0,0,0,0,0,0,0,0,0,0,6114,0,0,0,0,0,0,25377,7,0,0,0,4917,13761,0,0,0,0,0,0,0,0,0,0,0,6114,TCGA-GM-A2DB-DX1_xmin50586_ymin43110_MPP-0.2500+445
0,0,0,0,0,0,4865,0,0,0,0,0,0,0,0,0,0,0,0,0,0,0,0,0,45311,0,0,0,0,0,0,4865,0,0,0,0,0,0,0,0,0,0,0,0,0,0,0,0,0,45311,0,0,0,0,0,0,4865,0,0,0,0,0,0,0,0,0,0,0,0,0,0,0,0,0,45311,TCGA-GM-A2DB-DX1_xmin50586_ymin43110_MPP-0.2500+446
0,0,0,0,0,0,5438,0,0,0,0,0,0,0,0,0,0,0,0,0,0,0,0,0,44738,0,0,0,0,0,0,5438,0,0,0,0,0,0,0,0,0,0,0,0,0,0,0,0,0,44738,0,0,0,0,0,0,5438,0,0,0,0,0,0,0,0,0,0,0,0,0,0,0,0,0,44738,TCGA-GM-A2DB-DX1_xmin50586_ymin43110_MPP-0.2500+447
0,0,0,0,0,0,20160,0,0,0,0,0,0,0,0,0,0,0,0,0,0,0,0,0,30016,0,0,0,0,0,0,20160,0,0,0,0,0,0,0,0,0,0,0,0,0,0,0,0,0,30016,0,0,0,0,0,0,20160,0,0,0,0,0,0,0,0,0,0,0,0,0,0,0,0,0,30016,TCGA-GM-A2DB-DX1_xmin50586_ymin43110_MPP-0.2500+448
0,0,0,0,0,0,50176,0,0,0,0,0,0,0,0,0,0,0,0,0,0,0,0,0,0,0,0,0,0,0,0,50176,0,0,0,0,0,0,0,0,0,0,0,0,0,0,0,0,0,0,0,0,0,0,0,0,50176,0,0,0,0,0,0,0,0,0,0,0,0,0,0,0,0,0,0,TCGA-GM-A2DB-DX1_xmin50586_ymin43110_MPP-0.2500+449
47043,0,0,0,0,3133,0,0,0,0,0,0,0,0,0,0,0,0,0,0,0,0,0,0,0,47043,0,0,0,0,3133,0,0,0,0,0,0,0,0,0,0,0,0,0,0,0,0,0,0,0,47043,0,0,0,0,3133,0,0,0,0,0,0,0,0,0,0,0,0,0,0,0,0,0,0,0,TCGA-GM-A2DB-DX1_xmin50586_ymin43110_MPP-0.2500+45
0,0,0,0,0,0,14883,959,0,0,0,15792,18542,0,0,0,0,0,0,0,0,0,0,0,0,0,0,0,0,0,0,15012,830,0,0,0,16534,17800,0,0,0,0,0,0,0,0,0,0,0,0,0,0,0,0,0,0,15026,816,0,0,0,16413,17921,0,0,0,0,0,0,0,0,0,0,0,0,TCGA-GM-A2DB-DX1_xmin50586_ymin43110_MPP-0.2500+450
0,0,0,0,0,0,8567,6572,0,0,0,6476,26500,0,0,0,0,0,0,0,0,0,0,0,2061,0,0,0,0,0,0,8723,6416,0,0,0,7328,25648,0,0,0,0,0,0,0,0,0,0,0,2061,0,0,0,0,0,0,8712,6427,0,0,0,7772,25204,0,0,0,0,0,0,0,0,0,0,0,2061,TCGA-GM-A2DB-DX1_xmin50586_ymin43110_MPP-0.2500+451
0,0,0,0,0,0,18972,383,0,0,0,4182,12075,0,0,0,0,0,0,0,0,0,0,0,14564,0,0,0,0,0,0,19031,324,0,0,0,4164,12093,0,0,0,0,0,0,0,0,0,0,0,14564,0,0,0,0,0,0,19232,123,0,0,0,4324,11933,0,0,0,0,0,0,0,0,0,0,0,14564,TCGA-GM-A2DB-DX1_xmin50586_ymin43110_MPP-0.2500+452
0,0,0,0,0,0,12944,2967,0,0,0,15813,5739,0,0,0,0,0,0,0,0,0,0,0,12713,0,0,0,0,0,0,13044,2867,0,0,0,15581,5971,0,0,0,0,0,0,0,0,0,0,0,12713,0,0,0,0,0,0,13010,2901,0,0,0,15234,6318,0,0,0,0,0,0,0,0,0,0,0,12713,TCGA-GM-A2DB-DX1_xmin50586_ymin43110_MPP-0.2500+453
0,0,0,0,0,0,33748,0,0,0,0,2968,0,0,0,0,0,0,0,0,0,0,0,0,13460,0,0,0,0,0,0,33748,0,0,0,0,2968,0,0,0,0,0,0,0,0,0,0,0,0,13460,0,0,0,0,0,0,33748,0,0,0,0,2968,0,0,0,0,0,0,0,0,0,0,0,0,13460,TCGA-GM-A2DB-DX1_xmin50586_ymin43110_MPP-0.2500+454
0,0,0,0,0,0,29494,0,0,0,0,0,0,0,0,0,0,0,0,0,0,0,0,0,20682,0,0,0,0,0,0,29494,0,0,0,0,0,0,0,0,0,0,0,0,0,0,0,0,0,20682,0,0,0,0,0,0,29494,0,0,0,0,0,0,0,0,0,0,0,0,0,0,0,0,0,20682,TCGA-GM-A2DB-DX1_xmin50586_ymin43110_MPP-0.2500+455
0,0,0,0,0,0,23141,0,0,0,0,0,0,0,0,0,0,0,0,0,0,0,0,0,27035,0,0,0,0,0,0,23141,0,0,0,0,0,0,0,0,0,0,0,0,0,0,0,0,0,27035,0,0,0,0,0,0,23141,0,0,0,0,0,0,0,0,0,0,0,0,0,0,0,0,0,27035,TCGA-GM-A2DB-DX1_xmin50586_ymin43110_MPP-0.2500+456
0,0,0,0,0,0,20498,1819,0,0,0,0,0,0,0,0,0,0,0,0,0,0,0,0,27859,0,0,0,0,0,0,20562,1755,0,0,0,0,0,0,0,0,0,0,0,0,0,0,0,0,27859,0,0,0,0,0,0,20261,2056,0,0,0,0,0,0,0,0,0,0,0,0,0,0,0,0,27859,TCGA-GM-A2DB-DX1_xmin50586_ymin43110_MPP-0.2500+457
0,0,0,0,0,0,11152,418,0,0,0,0,0,0,0,0,0,0,0,0,0,0,0,0,38606,0,0,0,0,0,0,11064,506,0,0,0,0,0,0,0,0,0,0,0,0,0,0,0,0,38606,0,0,0,0,0,0,10931,639,0,0,0,0,0,0,0,0,0,0,0,0,0,0,0,0,38606,TCGA-GM-A2DB-DX1_xmin50586_ymin43110_MPP-0.2500+458
0,0,0,0,0,0,7807,6696,0,0,0,129,15416,0,0,0,0,0,0,0,0,0,0,0,20128,0,0,0,0,0,0,8027,6476,0,0,0,188,15357,0,0,0,0,0,0,0,0,0,0,0,20128,0,0,0,0,0,0,8078,6425,0,0,0,176,15369,0,0,0,0,0,0,0,0,0,0,0,20128,TCGA-GM-A2DB-DX1_xmin50586_ymin43110_MPP-0.2500+459
0,0,0,0,0,0,50176,0,0,0,0,0,0,0,0,0,0,0,0,0,0,0,0,0,0,0,0,0,0,0,0,50176,0,0,0,0,0,0,0,0,0,0,0,0,0,0,0,0,0,0,0,0,0,0,0,0,50176,0,0,0,0,0,0,0,0,0,0,0,0,0,0,0,0,0,0,TCGA-GM-A2DB-DX1_xmin50586_ymin43110_MPP-0.2500+46
0,0,0,0,0,0,6798,13480,0,0,0,4426,25472,0,0,0,0,0,0,0,0,0,0,0,0,0,0,0,0,0,0,7257,13021,0,0,0,4933,24965,0,0,0,0,0,0,0,0,0,0,0,0,0,0,0,0,0,0,7147,13131,0,0,0,4833,25065,0,0,0,0,0,0,0,0,0,0,0,0,TCGA-GM-A2DB-DX1_xmin50586_ymin43110_MPP-0.2500+460
0,0,0,0,0,0,10304,5364,0,0,0,8652,25856,0,0,0,0,0,0,0,0,0,0,0,0,0,0,0,0,0,0,10616,5052,0,0,0,8822,25686,0,0,0,0,0,0,0,0,0,0,0,0,0,0,0,0,0,0,10679,4989,0,0,0,8888,25620,0,0,0,0,0,0,0,0,0,0,0,0,TCGA-GM-A2DB-DX1_xmin50586_ymin43110_MPP-0.2500+461
0,0,0,0,0,0,29612,2075,0,0,0,3149,11418,0,0,0,0,0,0,0,0,0,0,0,3922,0,0,0,0,0,0,29718,1969,0,0,0,3402,11165,0,0,0,0,0,0,0,0,0,0,0,3922,0,0,0,0,0,0,29702,1985,0,0,0,3185,11382,0,0,0,0,0,0,0,0,0,0,0,3922,TCGA-GM-A2DB-DX1_xmin50586_ymin43110_MPP-0.2500+462
0,0,0,0,0,0,28747,1852,0,0,0,3244,15135,0,0,0,0,0,0,0,0,0,0,0,1198,0,0,0,0,0,0,28877,1722,0,0,0,3672,14707,0,0,0,0,0,0,0,0,0,0,0,1198,0,0,0,0,0,0,28928,1671,0,0,0,3869,14510,0,0,0,0,0,0,0,0,0,0,0,1198,TCGA-GM-A2DB-DX1_xmin50586_ymin43110_MPP-0.2500+463
0,0,0,0,0,0,16597,830,0,0,0,4640,14712,0,0,0,0,0,0,0,0,0,0,0,13397,0,0,0,0,0,0,16682,745,0,0,0,4810,14542,0,0,0,0,0,0,0,0,0,0,0,13397,0,0,0,0,0,0,16753,674,0,0,0,4869,14483,0,0,0,0,0,0,0,0,0,0,0,13397,TCGA-GM-A2DB-DX1_xmin50586_ymin43110_MPP-0.2500+464
0,0,0,0,0,0,28273,0,0,0,0,8351,8166,0,0,0,0,0,0,0,0,0,0,0,5386,0,0,0,0,0,0,28273,0,0,0,0,8438,8079,0,0,0,0,0,0,0,0,0,0,0,5386,0,0,0,0,0,0,28273,0,0,0,0,8573,7944,0,0,0,0,0,0,0,0,0,0,0,5386,TCGA-GM-A2DB-DX1_xmin50586_ymin43110_MPP-0.2500+465
0,0,0,0,0,0,29773,0,0,0,0,0,0,0,0,0,0,0,0,0,0,0,0,0,20403,0,0,0,0,0,0,29773,0,0,0,0,0,0,0,0,0,0,0,0,0,0,0,0,0,20403,0,0,0,0,0,0,29773,0,0,0,0,0,0,0,0,0,0,0,0,0,0,0,0,0,20403,TCGA-GM-A2DB-DX1_xmin50586_ymin43110_MPP-0.2500+466
0,0,0,0,0,0,49416,0,0,0,0,0,0,0,0,0,0,0,0,0,0,0,0,0,760,0,0,0,0,0,0,49416,0,0,0,0,0,0,0,0,0,0,0,0,0,0,0,0,0,760,0,0,0,0,0,0,49416,0,0,0,0,0,0,0,0,0,0,0,0,0,0,0,0,0,760,TCGA-GM-A2DB-DX1_xmin50586_ymin43110_MPP-0.2500+467
0,0,0,0,0,1,50175,0,0,0,0,0,0,0,0,0,0,0,0,0,0,0,0,0,0,0,0,0,0,0,1,50175,0,0,0,0,0,0,0,0,0,0,0,0,0,0,0,0,0,0,0,0,0,0,0,0,50176,0,0,0,0,0,0,0,0,0,0,0,0,0,0,0,0,0,0,TCGA-GM-A2DB-DX1_xmin50586_ymin43110_MPP-0.2500+468
0,0,0,0,0,0,50176,0,0,0,0,0,0,0,0,0,0,0,0,0,0,0,0,0,0,0,0,0,0,0,0,50176,0,0,0,0,0,0,0,0,0,0,0,0,0,0,0,0,0,0,0,0,0,0,0,1,50175,0,0,0,0,0,0,0,0,0,0,0,0,0,0,0,0,0,0,TCGA-GM-A2DB-DX1_xmin50586_ymin43110_MPP-0.2500+469
0,0,0,0,0,320,49856,0,0,0,0,0,0,0,0,0,0,0,0,0,0,0,0,0,0,0,0,0,0,0,768,49408,0,0,0,0,0,0,0,0,0,0,0,0,0,0,0,0,0,0,0,0,0,0,0,576,49600,0,0,0,0,0,0,0,0,0,0,0,0,0,0,0,0,0,0,TCGA-GM-A2DB-DX1_xmin50586_ymin43110_MPP-0.2500+47
0,0,0,0,0,0,14998,2773,0,0,0,19099,13108,0,0,0,0,0,0,0,0,0,0,0,198,0,0,0,0,0,0,15301,2470,0,0,0,19764,12443,0,0,0,0,0,0,0,0,0,0,0,198,0,0,0,0,0,0,15186,2585,0,0,0,20005,12202,0,0,0,0,0,0,0,0,0,0,0,198,TCGA-GM-A2DB-DX1_xmin50586_ymin43110_MPP-0.2500+470
0,0,0,0,0,0,13080,4643,0,0,0,5226,19758,0,0,0,0,0,0,0,0,0,0,0,7469,0,0,0,0,0,0,13898,3825,0,0,0,6347,18637,0,0,0,0,0,0,0,0,0,0,0,7469,0,0,0,0,0,0,13963,3760,0,0,0,6611,18373,0,0,0,0,0,0,0,0,0,0,0,7469,TCGA-GM-A2DB-DX1_xmin50586_ymin43110_MPP-0.2500+471
0,0,0,0,0,0,10125,9284,0,0,0,5405,16867,0,0,0,0,0,0,0,0,0,0,0,8495,0,0,0,0,0,0,10896,8513,0,0,0,5750,16522,0,0,0,0,0,0,0,0,0,0,0,8495,0,0,0,0,0,0,11295,8114,0,0,0,5785,16487,0,0,0,0,0,0,0,0,0,0,0,8495,TCGA-GM-A2DB-DX1_xmin50586_ymin43110_MPP-0.2500+472
0,0,0,0,0,0,43259,0,0,0,0,575,0,0,0,0,0,0,0,0,0,0,0,0,6342,0,0,0,0,0,0,43259,0,0,0,0,575,0,0,0,0,0,0,0,0,0,0,0,0,6342,0,0,0,0,0,0,43259,0,0,0,0,575,0,0,0,0,0,0,0,0,0,0,0,0,6342,TCGA-GM-A2DB-DX1_xmin50586_ymin43110_MPP-0.2500+473
0,0,0,0,0,0,37623,0,0,0,0,0,0,0,0,0,0,0,0,0,0,0,0,0,12553,0,0,0,0,0,0,37623,0,0,0,0,0,0,0,0,0,0,0,0,0,0,0,0,0,12553,0,0,0,0,0,0,37623,0,0,0,0,0,0,0,0,0,0,0,0,0,0,0,0,0,12553,TCGA-GM-A2DB-DX1_xmin50586_ymin43110_MPP-0.2500+474
0,0,0,0,0,0,14633,4040,0,0,0,0,0,0,0,0,0,0,0,0,0,0,0,0,31503,0,0,0,0,0,0,14835,3838,0,0,0,0,0,0,0,0,0,0,0,0,0,0,0,0,31503,0,0,0,0,0,0,14778,3895,0,0,0,0,0,0,0,0,0,0,0,0,0,0,0,0,31503,TCGA-GM-A2DB-DX1_xmin50586_ymin43110_MPP-0.2500+475
0,0,0,0,0,0,11910,0,0,0,0,0,0,0,0,0,0,0,0,0,0,0,0,0,38266,0,0,0,0,0,0,11910,0,0,0,0,0,0,0,0,0,0,0,0,0,0,0,0,0,38266,0,0,0,0,0,0,11910,0,0,0,0,0,0,0,0,0,0,0,0,0,0,0,0,0,38266,TCGA-GM-A2DB-DX1_xmin50586_ymin43110_MPP-0.2500+476
0,0,0,0,0,0,23580,1626,0,0,0,67,3622,0,0,0,0,0,0,0,0,0,0,0,21281,0,0,0,0,0,0,24048,1158,0,0,0,112,3577,0,0,0,0,0,0,0,0,0,0,0,21281,0,0,0,0,0,0,24185,1021,0,0,0,220,3469,0,0,0,0,0,0,0,0,0,0,0,21281,TCGA-GM-A2DB-DX1_xmin50586_ymin43110_MPP-0.2500+477
0,0,0,0,0,0,3946,3486,0,0,0,4640,31437,0,0,0,0,0,0,0,0,0,0,0,6667,0,0,0,0,0,0,4009,3423,0,0,0,5011,31066,0,0,0,0,0,0,0,0,0,0,0,6667,0,0,0,0,0,0,4080,3352,0,0,0,5392,30685,0,0,0,0,0,0,0,0,0,0,0,6667,TCGA-GM-A2DB-DX1_xmin50586_ymin43110_MPP-0.2500+478
0,0,0,0,0,0,14031,6847,0,0,0,5866,19865,0,0,0,0,0,0,0,0,0,0,0,3567,0,0,0,0,0,0,14451,6427,0,0,0,6190,19541,0,0,0,0,0,0,0,0,0,0,0,3567,0,0,0,0,0,0,14595,6283,0,0,0,6326,19405,0,0,0,0,0,0,0,0,0,0,0,3567,TCGA-GM-A2DB-DX1_xmin50586_ymin43110_MPP-0.2500+479
0,0,0,0,0,0,49909,0,0,0,0,267,0,0,0,0,0,0,0,0,0,0,0,0,0,0,0,0,0,0,0,49909,0,0,0,0,267,0,0,0,0,0,0,0,0,0,0,0,0,0,0,0,0,0,0,0,49909,0,0,0,0,267,0,0,0,0,0,0,0,0,0,0,0,0,0,TCGA-GM-A2DB-DX1_xmin50586_ymin43110_MPP-0.2500+48
0,0,0,0,0,0,25391,2369,0,0,0,2397,7631,0,0,0,0,0,0,0,0,0,0,0,12388,0,0,0,0,0,0,25901,1859,0,0,0,2470,7558,0,0,0,0,0,0,0,0,0,0,0,12388,0,0,0,0,0,0,26036,1724,0,0,0,2321,7707,0,0,0,0,0,0,0,0,0,0,0,12388,TCGA-GM-A2DB-DX1_xmin50586_ymin43110_MPP-0.2500+480
0,0,0,0,0,0,50176,0,0,0,0,0,0,0,0,0,0,0,0,0,0,0,0,0,0,0,0,0,0,0,0,50176,0,0,0,0,0,0,0,0,0,0,0,0,0,0,0,0,0,0,0,0,0,0,0,0,50176,0,0,0,0,0,0,0,0,0,0,0,0,0,0,0,0,0,0,TCGA-GM-A2DB-DX1_xmin50586_ymin43110_MPP-0.2500+481
0,0,0,0,0,0,35562,993,0,0,0,5932,6167,0,0,0,0,0,0,0,0,0,0,0,1522,0,0,0,0,0,0,35720,835,0,0,0,5965,6134,0,0,0,0,0,0,0,0,0,0,0,1522,0,0,0,0,0,0,35725,830,0,0,0,6084,6015,0,0,0,0,0,0,0,0,0,0,0,1522,TCGA-GM-A2DB-DX1_xmin50586_ymin43110_MPP-0.2500+482
0,0,0,0,0,0,12135,2353,0,0,0,0,0,0,0,0,0,0,0,0,0,0,0,0,35688,0,0,0,0,0,0,12080,2408,0,0,0,0,0,0,0,0,0,0,0,0,0,0,0,0,35688,0,0,0,0,0,0,11974,2514,0,0,0,0,0,0,0,0,0,0,0,0,0,0,0,0,35688,TCGA-GM-A2DB-DX1_xmin50586_ymin43110_MPP-0.2500+483
0,0,0,0,0,0,29317,0,0,0,0,0,0,0,0,0,0,0,0,0,0,0,0,0,20859,0,0,0,0,0,0,29317,0,0,0,0,0,0,0,0,0,0,0,0,0,0,0,0,0,20859,0,0,0,0,0,0,29317,0,0,0,0,0,0,0,0,0,0,0,0,0,0,0,0,0,20859,TCGA-GM-A2DB-DX1_xmin50586_ymin43110_MPP-0.2500+484
0,0,0,0,0,0,32764,0,0,0,0,0,0,0,0,0,0,0,0,0,0,0,0,0,17412,0,0,0,0,0,0,32764,0,0,0,0,0,0,0,0,0,0,0,0,0,0,0,0,0,17412,0,0,0,0,0,0,32764,0,0,0,0,0,0,0,0,0,0,0,0,0,0,0,0,0,17412,TCGA-GM-A2DB-DX1_xmin50586_ymin43110_MPP-0.2500+485
0,0,0,0,0,0,50176,0,0,0,0,0,0,0,0,0,0,0,0,0,0,0,0,0,0,0,0,0,0,0,0,50176,0,0,0,0,0,0,0,0,0,0,0,0,0,0,0,0,0,0,0,0,0,0,0,0,50176,0,0,0,0,0,0,0,0,0,0,0,0,0,0,0,0,0,0,TCGA-GM-A2DB-DX1_xmin50586_ymin43110_MPP-0.2500+486
0,0,0,0,0,0,50176,0,0,0,0,0,0,0,0,0,0,0,0,0,0,0,0,0,0,0,0,0,0,0,0,50176,0,0,0,0,0,0,0,0,0,0,0,0,0,0,0,0,0,0,0,0,0,0,0,0,50176,0,0,0,0,0,0,0,0,0,0,0,0,0,0,0,0,0,0,TCGA-GM-A2DB-DX1_xmin50586_ymin43110_MPP-0.2500+487
0,0,0,0,0,0,50176,0,0,0,0,0,0,0,0,0,0,0,0,0,0,0,0,0,0,0,0,0,0,0,0,50176,0,0,0,0,0,0,0,0,0,0,0,0,0,0,0,0,0,0,0,0,0,0,0,0,50176,0,0,0,0,0,0,0,0,0,0,0,0,0,0,0,0,0,0,TCGA-GM-A2DB-DX1_xmin50586_ymin43110_MPP-0.2500+488
0,0,0,0,0,0,34439,7774,0,0,0,3049,1493,0,0,0,0,0,0,0,0,0,0,0,3421,0,0,0,0,0,0,35263,6950,0,0,0,3132,1410,0,0,0,0,0,0,0,0,0,0,0,3421,0,0,0,0,0,0,34828,7385,0,0,0,3099,1443,0,0,0,0,0,0,0,0,0,0,0,3421,TCGA-GM-A2DB-DX1_xmin50586_ymin43110_MPP-0.2500+489
0,0,0,0,0,0,48924,0,0,0,0,1252,0,0,0,0,0,0,0,0,0,0,0,0,0,0,0,0,0,0,0,48924,0,0,0,4,1248,0,0,0,0,0,0,0,0,0,0,0,0,0,0,0,0,0,0,0,48924,0,0,0,0,1252,0,0,0,0,0,0,0,0,0,0,0,0,0,TCGA-GM-A2DB-DX1_xmin50586_ymin43110_MPP-0.2500+49
0,0,0,0,0,0,21507,7,0,0,0,5393,3404,0,0,0,0,0,0,0,0,0,0,0,19865,0,0,0,0,0,0,21506,8,0,0,0,5507,3290,0,0,0,0,0,0,0,0,0,0,0,19865,0,0,0,0,0,0,21488,26,0,0,0,4934,3863,0,0,0,0,0,0,0,0,0,0,0,19865,TCGA-GM-A2DB-DX1_xmin50586_ymin43110_MPP-0.2500+490
0,0,0,0,0,0,16645,1419,0,0,0,8557,22924,0,0,0,0,0,0,0,0,0,0,0,631,0,0,0,0,0,0,17168,896,0,0,0,9521,21960,0,0,0,0,0,0,0,0,0,0,0,631,0,0,0,0,0,0,17282,782,0,0,0,9772,21709,0,0,0,0,0,0,0,0,0,0,0,631,TCGA-GM-A2DB-DX1_xmin50586_ymin43110_MPP-0.2500+491
0,0,0,0,0,0,14704,53,0,0,0,12041,20445,0,0,0,0,0,0,0,0,0,0,0,2933,0,0,0,0,0,0,14698,59,0,0,0,12414,20072,0,0,0,0,0,0,0,0,0,0,0,2933,0,0,0,0,0,0,14681,76,0,0,0,12209,20277,0,0,0,0,0,0,0,0,0,0,0,2933,TCGA-GM-A2DB-DX1_xmin50586_ymin43110_MPP-0.2500+492
0,0,0,0,0,0,24771,70,0,0,0,417,20,0,0,0,0,0,0,0,0,0,0,0,24898,0,0,0,0,0,0,24757,84,0,0,0,390,47,0,0,0,0,0,0,0,0,0,0,0,24898,0,0,0,0,0,0,24759,82,0,0,0,397,40,0,0,0,0,0,0,0,0,0,0,0,24898,TCGA-GM-A2DB-DX1_xmin50586_ymin43110_MPP-0.2500+493
0,0,0,0,0,0,16119,4720,0,0,0,79,0,0,0,0,0,0,0,0,0,0,0,0,29258,0,0,0,0,0,0,16449,4390,0,0,0,79,0,0,0,0,0,0,0,0,0,0,0,0,29258,0,0,0,0,0,0,16459,4380,0,0,0,79,0,0,0,0,0,0,0,0,0,0,0,0,29258,TCGA-GM-A2DB-DX1_xmin50586_ymin43110_MPP-0.2500+494
0,0,0,0,0,0,18198,0,0,0,0,0,0,0,0,0,0,0,0,0,0,0,0,0,31978,0,0,0,0,0,0,18198,0,0,0,0,0,0,0,0,0,0,0,0,0,0,0,0,0,31978,0,0,0,0,0,0,18198,0,0,0,0,0,0,0,0,0,0,0,0,0,0,0,0,0,31978,TCGA-GM-A2DB-DX1_xmin50586_ymin43110_MPP-0.2500+495
0,0,0,0,0,0,5902,6650,0,0,0,0,5768,0,0,0,0,0,0,0,0,0,0,0,31856,0,0,0,0,0,0,6800,5752,0,0,0,0,5768,0,0,0,0,0,0,0,0,0,0,0,31856,0,0,0,0,0,0,7081,5471,0,0,0,0,5768,0,0,0,0,0,0,0,0,0,0,0,31856,TCGA-GM-A2DB-DX1_xmin50586_ymin43110_MPP-0.2500+496
0,0,0,0,0,0,12665,4913,0,0,0,6139,3706,0,0,0,0,0,0,0,0,0,0,0,22753,0,0,0,0,0,0,12732,4846,0,0,0,6217,3628,0,0,0,0,0,0,0,0,0,0,0,22753,0,0,0,0,0,0,12709,4869,0,0,0,5900,3945,0,0,0,0,0,0,0,0,0,0,0,22753,TCGA-GM-A2DB-DX1_xmin50586_ymin43110_MPP-0.2500+497
0,0,0,0,0,0,20055,3237,0,0,0,2191,2560,0,0,0,0,0,0,0,0,0,0,0,22133,0,0,0,0,0,0,20133,3159,0,0,0,2206,2545,0,0,0,0,0,0,0,0,0,0,0,22133,0,0,0,0,0,0,20085,3207,0,0,0,2131,2620,0,0,0,0,0,0,0,0,0,0,0,22133,TCGA-GM-A2DB-DX1_xmin50586_ymin43110_MPP-0.2500+498
0,0,0,0,0,0,40351,0,0,0,0,0,0,0,0,0,0,0,0,0,0,0,0,0,9825,0,0,0,0,0,0,40351,0,0,0,0,0,0,0,0,0,0,0,0,0,0,0,0,0,9825,0,0,0,0,0,0,40351,0,0,0,0,0,0,0,0,0,0,0,0,0,0,0,0,0,9825,TCGA-GM-A2DB-DX1_xmin50586_ymin43110_MPP-0.2500+499
0,0,0,0,0,0,0,0,0,0,0,0,0,0,0,0,18214,0,31962,0,0,0,0,0,0,0,0,0,0,0,0,0,0,0,0,0,0,0,0,0,0,19753,0,30423,0,0,0,0,0,0,0,0,0,0,0,0,0,0,0,0,0,0,0,0,0,0,19870,0,30306,0,0,0,0,0,0,TCGA-GM-A2DB-DX1_xmin50586_ymin43110_MPP-0.2500+5
0,0,0,0,0,2432,47744,0,0,0,0,0,0,0,0,0,0,0,0,0,0,0,0,0,0,0,0,0,0,0,2080,48096,0,0,0,0,0,0,0,0,0,0,0,0,0,0,0,0,0,0,0,0,0,0,0,2336,47840,0,0,0,0,0,0,0,0,0,0,0,0,0,0,0,0,0,0,TCGA-GM-A2DB-DX1_xmin50586_ymin43110_MPP-0.2500+50
0,0,0,0,0,0,41198,0,0,0,0,0,0,0,0,0,0,0,0,0,0,0,0,0,8978,0,0,0,0,0,0,41198,0,0,0,0,0,0,0,0,0,0,0,0,0,0,0,0,0,8978,0,0,0,0,0,0,41198,0,0,0,0,0,0,0,0,0,0,0,0,0,0,0,0,0,8978,TCGA-GM-A2DB-DX1_xmin50586_ymin43110_MPP-0.2500+500
0,0,0,0,0,0,50176,0,0,0,0,0,0,0,0,0,0,0,0,0,0,0,0,0,0,0,0,0,0,0,0,50176,0,0,0,0,0,0,0,0,0,0,0,0,0,0,0,0,0,0,0,0,0,0,0,0,50176,0,0,0,0,0,0,0,0,0,0,0,0,0,0,0,0,0,0,TCGA-GM-A2DB-DX1_xmin50586_ymin43110_MPP-0.2500+501
0,0,0,0,0,0,49728,0,0,0,0,0,0,0,0,0,0,0,0,0,0,0,0,0,448,0,0,0,0,0,0,49728,0,0,0,0,0,0,0,0,0,0,0,0,0,0,0,0,0,448,0,0,0,0,0,0,49728,0,0,0,0,0,0,0,0,0,0,0,0,0,0,0,0,0,448,TCGA-GM-A2DB-DX1_xmin50586_ymin43110_MPP-0.2500+502
0,0,0,0,0,0,49597,0,0,0,0,0,0,0,0,0,0,0,0,0,0,0,0,0,579,0,0,0,0,0,0,49597,0,0,0,0,0,0,0,0,0,0,0,0,0,0,0,0,0,579,0,0,0,0,0,0,49597,0,0,0,0,0,0,0,0,0,0,0,0,0,0,0,0,0,579,TCGA-GM-A2DB-DX1_xmin50586_ymin43110_MPP-0.2500+503
0,0,0,0,0,0,50176,0,0,0,0,0,0,0,0,0,0,0,0,0,0,0,0,0,0,0,0,0,0,0,0,50176,0,0,0,0,0,0,0,0,0,0,0,0,0,0,0,0,0,0,0,0,0,0,0,0,50176,0,0,0,0,0,0,0,0,0,0,0,0,0,0,0,0,0,0,TCGA-GM-A2DB-DX1_xmin50586_ymin43110_MPP-0.2500+504
0,0,0,0,0,0,50176,0,0,0,0,0,0,0,0,0,0,0,0,0,0,0,0,0,0,0,0,0,0,0,0,50176,0,0,0,0,0,0,0,0,0,0,0,0,0,0,0,0,0,0,0,0,0,0,0,0,50176,0,0,0,0,0,0,0,0,0,0,0,0,0,0,0,0,0,0,TCGA-GM-A2DB-DX1_xmin50586_ymin43110_MPP-0.2500+505
0,0,0,0,0,0,50176,0,0,0,0,0,0,0,0,0,0,0,0,0,0,0,0,0,0,0,0,0,0,0,0,50176,0,0,0,0,0,0,0,0,0,0,0,0,0,0,0,0,0,0,0,0,0,0,0,0,50176,0,0,0,0,0,0,0,0,0,0,0,0,0,0,0,0,0,0,TCGA-GM-A2DB-DX1_xmin50586_ymin43110_MPP-0.2500+506
0,0,0,0,0,0,25654,0,0,0,0,8554,0,0,0,0,0,0,0,0,0,0,0,0,15968,0,0,0,0,0,0,25654,0,0,0,0,8554,0,0,0,0,0,0,0,0,0,0,0,0,15968,0,0,0,0,0,0,25654,0,0,0,0,8554,0,0,0,0,0,0,0,0,0,0,0,0,15968,TCGA-GM-A2DB-DX1_xmin50586_ymin43110_MPP-0.2500+507
0,0,0,0,0,0,10526,24,0,0,0,7061,4792,0,0,0,0,0,0,0,0,0,0,0,27773,0,0,0,0,0,0,10550,0,0,0,144,6884,4825,0,0,0,0,0,0,0,0,0,0,0,27773,0,0,0,0,0,0,10550,0,0,0,144,6940,4769,0,0,0,0,0,0,0,0,0,0,0,27773,TCGA-GM-A2DB-DX1_xmin50586_ymin43110_MPP-0.2500+508
0,0,0,0,0,0,13671,1653,0,0,0,7186,6698,0,0,0,0,0,0,0,0,0,0,0,20968,0,0,0,0,0,0,13912,1412,0,0,0,7389,6495,0,0,0,0,0,0,0,0,0,0,0,20968,0,0,0,0,0,0,13891,1433,0,0,0,7419,6465,0,0,0,0,0,0,0,0,0,0,0,20968,TCGA-GM-A2DB-DX1_xmin50586_ymin43110_MPP-0.2500+509
0,0,0,0,0,0,50176,0,0,0,0,0,0,0,0,0,0,0,0,0,0,0,0,0,0,0,0,0,0,0,0,50176,0,0,0,0,0,0,0,0,0,0,0,0,0,0,0,0,0,0,0,0,0,0,0,0,50176,0,0,0,0,0,0,0,0,0,0,0,0,0,0,0,0,0,0,TCGA-GM-A2DB-DX1_xmin50586_ymin43110_MPP-0.2500+51
0,0,0,0,0,0,11049,12837,0,0,0,3101,17951,0,0,0,0,0,0,0,0,0,0,0,5238,0,0,0,0,0,0,11516,12370,0,0,0,3558,17494,0,0,0,0,0,0,0,0,0,0,0,5238,0,0,0,0,0,0,11628,12258,0,0,0,3608,17444,0,0,0,0,0,0,0,0,0,0,0,5238,TCGA-GM-A2DB-DX1_xmin50586_ymin43110_MPP-0.2500+510
0,0,0,0,0,0,13798,334,0,0,0,8369,5140,0,0,0,0,0,0,0,0,0,0,0,22535,0,0,0,0,0,0,13827,305,0,0,0,8732,4777,0,0,0,0,0,0,0,0,0,0,0,22535,0,0,0,0,0,0,13805,327,0,0,0,8408,5101,0,0,0,0,0,0,0,0,0,0,0,22535,TCGA-GM-A2DB-DX1_xmin50586_ymin43110_MPP-0.2500+511
0,0,0,0,0,0,12906,7145,0,0,0,9952,13727,0,0,0,0,0,0,0,0,0,0,0,6446,0,0,0,0,0,0,13439,6612,0,0,0,10049,13630,0,0,0,0,0,0,0,0,0,0,0,6446,0,0,0,0,0,0,14324,5727,0,0,0,10521,13158,0,0,0,0,0,0,0,0,0,0,0,6446,TCGA-GM-A2DB-DX1_xmin50586_ymin43110_MPP-0.2500+512
0,0,0,0,0,0,18947,2266,0,0,0,3224,2839,0,0,0,0,0,0,0,0,0,0,0,22900,0,0,0,0,0,0,19314,1899,0,0,0,3326,2737,0,0,0,0,0,0,0,0,0,0,0,22900,0,0,0,0,0,0,19438,1775,0,0,0,3421,2642,0,0,0,0,0,0,0,0,0,0,0,22900,TCGA-GM-A2DB-DX1_xmin50586_ymin43110_MPP-0.2500+513
0,0,0,0,0,0,11514,2848,0,0,0,0,0,0,0,0,0,0,0,0,0,0,0,0,35814,0,0,0,0,0,0,12049,2313,0,0,0,0,0,0,0,0,0,0,0,0,0,0,0,0,35814,0,0,0,0,0,0,12076,2286,0,0,0,0,0,0,0,0,0,0,0,0,0,0,0,0,35814,TCGA-GM-A2DB-DX1_xmin50586_ymin43110_MPP-0.2500+514
0,0,0,0,0,0,33185,0,0,0,0,0,0,0,0,0,0,0,0,0,0,0,0,0,16991,0,0,0,0,0,0,33185,0,0,0,0,0,0,0,0,0,0,0,0,0,0,0,0,0,16991,0,0,0,0,0,0,33185,0,0,0,0,0,0,0,0,0,0,0,0,0,0,0,0,0,16991,TCGA-GM-A2DB-DX1_xmin50586_ymin43110_MPP-0.2500+515
0,0,0,0,0,0,18069,4959,0,0,0,771,8249,0,0,0,0,0,0,0,0,0,0,0,18128,0,0,0,0,0,0,18225,4803,0,0,0,950,8070,0,0,0,0,0,0,0,0,0,0,0,18128,0,0,0,0,0,0,18161,4867,0,0,0,1144,7876,0,0,0,0,0,0,0,0,0,0,0,18128,TCGA-GM-A2DB-DX1_xmin50586_ymin43110_MPP-0.2500+516
0,0,0,0,0,0,24586,996,0,0,0,0,0,0,0,0,0,0,0,0,0,0,0,0,24594,0,0,0,0,0,0,24693,889,0,0,0,0,0,0,0,0,0,0,0,0,0,0,0,0,24594,0,0,0,0,0,0,24886,696,0,0,0,0,0,0,0,0,0,0,0,0,0,0,0,0,24594,TCGA-GM-A2DB-DX1_xmin50586_ymin43110_MPP-0.2500+517
0,0,0,0,0,0,43026,0,0,0,0,0,0,0,0,0,0,0,0,0,0,0,0,0,7150,0,0,0,0,0,0,43026,0,0,0,0,0,0,0,0,0,0,0,0,0,0,0,0,0,7150,0,0,0,0,0,0,43026,0,0,0,0,0,0,0,0,0,0,0,0,0,0,0,0,0,7150,TCGA-GM-A2DB-DX1_xmin50586_ymin43110_MPP-0.2500+518
0,0,0,0,0,0,49452,0,0,0,0,0,0,0,0,0,0,0,0,0,0,0,0,0,724,0,0,0,0,0,0,49452,0,0,0,0,0,0,0,0,0,0,0,0,0,0,0,0,0,724,0,0,0,0,0,0,49452,0,0,0,0,0,0,0,0,0,0,0,0,0,0,0,0,0,724,TCGA-GM-A2DB-DX1_xmin50586_ymin43110_MPP-0.2500+519
12766,0,0,0,0,17783,19627,0,0,0,0,0,0,0,0,0,0,0,0,0,0,0,0,0,0,12766,0,0,0,0,17840,19570,0,0,0,0,0,0,0,0,0,0,0,0,0,0,0,0,0,0,12766,0,0,0,0,17429,19981,0,0,0,0,0,0,0,0,0,0,0,0,0,0,0,0,0,0,TCGA-GM-A2DB-DX1_xmin50586_ymin43110_MPP-0.2500+52
0,0,0,0,0,0,45988,0,0,0,0,0,0,0,0,0,0,0,0,0,0,0,0,0,4188,0,0,0,0,0,0,45988,0,0,0,0,0,0,0,0,0,0,0,0,0,0,0,0,0,4188,0,0,0,0,0,0,45988,0,0,0,0,0,0,0,0,0,0,0,0,0,0,0,0,0,4188,TCGA-GM-A2DB-DX1_xmin50586_ymin43110_MPP-0.2500+520
0,0,0,0,0,0,50176,0,0,0,0,0,0,0,0,0,0,0,0,0,0,0,0,0,0,0,0,0,0,0,0,50176,0,0,0,0,0,0,0,0,0,0,0,0,0,0,0,0,0,0,0,0,0,0,0,0,50176,0,0,0,0,0,0,0,0,0,0,0,0,0,0,0,0,0,0,TCGA-GM-A2DB-DX1_xmin50586_ymin43110_MPP-0.2500+521
0,0,0,0,0,0,15778,1233,0,0,0,2822,14899,0,0,0,0,0,0,0,0,0,0,0,15444,0,0,0,0,0,0,15824,1187,0,0,0,2763,14958,0,0,0,0,0,0,0,0,0,0,0,15444,0,0,0,0,0,0,15862,1149,0,0,0,2789,14932,0,0,0,0,0,0,0,0,0,0,0,15444,TCGA-GM-A2DB-DX1_xmin50586_ymin43110_MPP-0.2500+522
0,0,0,0,0,0,9261,437,0,0,0,0,1200,0,0,0,0,0,0,0,0,0,0,0,39278,0,0,0,0,0,0,9320,378,0,0,0,0,1200,0,0,0,0,0,0,0,0,0,0,0,39278,0,0,0,0,0,0,9322,376,0,0,0,0,1200,0,0,0,0,0,0,0,0,0,0,0,39278,TCGA-GM-A2DB-DX1_xmin50586_ymin43110_MPP-0.2500+523
0,0,0,0,0,0,15749,0,0,0,0,43,0,0,0,0,0,0,0,0,0,0,0,0,34384,0,0,0,0,0,0,15749,0,0,0,0,43,0,0,0,0,0,0,0,0,0,0,0,0,34384,0,0,0,0,0,0,15749,0,0,0,0,43,0,0,0,0,0,0,0,0,0,0,0,0,34384,TCGA-GM-A2DB-DX1_xmin50586_ymin43110_MPP-0.2500+524
0,0,0,0,0,0,21827,5315,0,0,0,0,0,0,0,0,0,0,0,0,0,0,0,0,23034,0,0,0,0,0,0,22875,4267,0,0,0,0,0,0,0,0,0,0,0,0,0,0,0,0,23034,0,0,0,0,0,0,22754,4388,0,0,0,0,0,0,0,0,0,0,0,0,0,0,0,0,23034,TCGA-GM-A2DB-DX1_xmin50586_ymin43110_MPP-0.2500+525
0,0,0,0,0,0,24569,5778,0,0,0,682,5747,0,0,0,0,0,0,0,0,0,0,0,13400,0,0,0,0,0,0,24679,5668,0,0,0,783,5646,0,0,0,0,0,0,0,0,0,0,0,13400,0,0,0,0,0,0,24606,5741,0,0,0,867,5562,0,0,0,0,0,0,0,0,0,0,0,13400,TCGA-GM-A2DB-DX1_xmin50586_ymin43110_MPP-0.2500+526
0,0,0,0,0,0,14834,3878,0,0,0,5347,12913,0,0,0,0,0,0,0,0,0,0,0,13204,0,0,0,0,0,0,14926,3786,0,0,0,5388,12872,0,0,0,0,0,0,0,0,0,0,0,13204,0,0,0,0,0,0,14824,3888,0,0,0,5667,12593,0,0,0,0,0,0,0,0,0,0,0,13204,TCGA-GM-A2DB-DX1_xmin50586_ymin43110_MPP-0.2500+527
0,0,0,0,0,0,17175,0,0,0,0,0,0,0,0,0,0,0,0,0,0,0,0,0,33001,0,0,0,0,0,0,17175,0,0,0,0,0,0,0,0,0,0,0,0,0,0,0,0,0,33001,0,0,0,0,0,0,17175,0,0,0,0,0,0,0,0,0,0,0,0,0,0,0,0,0,33001,TCGA-GM-A2DB-DX1_xmin50586_ymin43110_MPP-0.2500+528
0,0,0,0,0,0,12716,0,0,0,0,0,0,0,0,0,0,0,0,0,0,0,0,0,37460,0,0,0,0,0,0,12716,0,0,0,0,0,0,0,0,0,0,0,0,0,0,0,0,0,37460,0,0,0,0,0,0,12716,0,0,0,0,0,0,0,0,0,0,0,0,0,0,0,0,0,37460,TCGA-GM-A2DB-DX1_xmin50586_ymin43110_MPP-0.2500+529
47649,0,0,0,0,2527,0,0,0,0,0,0,0,0,0,0,0,0,0,0,0,0,0,0,0,47649,0,0,0,0,2527,0,0,0,0,0,0,0,0,0,0,0,0,0,0,0,0,0,0,0,47649,0,0,0,0,2527,0,0,0,0,0,0,0,0,0,0,0,0,0,0,0,0,0,0,0,TCGA-GM-A2DB-DX1_xmin50586_ymin43110_MPP-0.2500+53
0,0,0,0,0,0,16101,0,0,0,0,0,0,0,0,0,0,0,0,0,0,0,0,0,34075,0,0,0,0,0,0,16101,0,0,0,0,0,0,0,0,0,0,0,0,0,0,0,0,0,34075,0,0,0,0,0,0,16101,0,0,0,0,0,0,0,0,0,0,0,0,0,0,0,0,0,34075,TCGA-GM-A2DB-DX1_xmin50586_ymin43110_MPP-0.2500+530
0,0,0,0,0,0,29232,0,0,0,0,1886,0,0,0,0,0,0,0,0,0,0,0,0,19058,0,0,0,0,0,0,29232,0,0,0,0,1886,0,0,0,0,0,0,0,0,0,0,0,0,19058,0,0,0,0,0,0,29232,0,0,0,0,1886,0,0,0,0,0,0,0,0,0,0,0,0,19058,TCGA-GM-A2DB-DX1_xmin50586_ymin43110_MPP-0.2500+531
0,0,0,0,0,0,18523,0,0,0,0,0,0,0,0,0,0,0,0,0,0,0,0,0,31653,0,0,0,0,0,0,18523,0,0,0,0,0,0,0,0,0,0,0,0,0,0,0,0,0,31653,0,0,0,0,0,0,18523,0,0,0,0,0,0,0,0,0,0,0,0,0,0,0,0,0,31653,TCGA-GM-A2DB-DX1_xmin50586_ymin43110_MPP-0.2500+532
0,0,0,0,0,0,25598,0,0,0,0,0,0,0,0,0,0,0,0,0,0,0,0,0,24578,0,0,0,0,0,0,25598,0,0,0,0,0,0,0,0,0,0,0,0,0,0,0,0,0,24578,0,0,0,0,0,0,25598,0,0,0,0,0,0,0,0,0,0,0,0,0,0,0,0,0,24578,TCGA-GM-A2DB-DX1_xmin50586_ymin43110_MPP-0.2500+533
0,0,0,0,0,0,11897,4405,0,0,0,283,12104,0,0,0,0,0,0,0,0,0,0,0,21487,0,0,0,0,0,0,12088,4214,0,0,0,291,12096,0,0,0,0,0,0,0,0,0,0,0,21487,0,0,0,0,0,0,12081,4221,0,0,0,292,12095,0,0,0,0,0,0,0,0,0,0,0,21487,TCGA-GM-A2DB-DX1_xmin50586_ymin43110_MPP-0.2500+534
0,0,0,0,0,0,20176,3163,0,0,0,0,0,0,0,0,0,0,0,0,0,0,0,0,26837,0,0,0,0,0,0,20782,2557,0,0,0,0,0,0,0,0,0,0,0,0,0,0,0,0,26837,0,0,0,0,0,0,20862,2477,0,0,0,0,0,0,0,0,0,0,0,0,0,0,0,0,26837,TCGA-GM-A2DB-DX1_xmin50586_ymin43110_MPP-0.2500+535
0,0,0,0,0,0,20640,3102,0,0,0,0,0,0,0,0,0,0,0,0,0,0,0,0,26434,0,0,0,0,0,0,20722,3020,0,0,0,0,0,0,0,0,0,0,0,0,0,0,0,0,26434,0,0,0,0,0,0,20718,3024,0,0,0,0,0,0,0,0,0,0,0,0,0,0,0,0,26434,TCGA-GM-A2DB-DX1_xmin50586_ymin43110_MPP-0.2500+536
0,0,0,0,0,0,14579,973,0,0,0,0,0,0,0,0,0,0,0,0,0,0,0,0,34624,0,0,0,0,0,0,14602,950,0,0,0,0,0,0,0,0,0,0,0,0,0,0,0,0,34624,0,0,0,0,0,0,14627,925,0,0,0,0,0,0,0,0,0,0,0,0,0,0,0,0,34624,TCGA-GM-A2DB-DX1_xmin50586_ymin43110_MPP-0.2500+537
0,0,0,0,0,0,15138,1438,0,0,0,0,0,0,0,0,0,0,0,0,0,0,0,0,33600,0,0,0,0,0,0,15327,1249,0,0,0,0,0,0,0,0,0,0,0,0,0,0,0,0,33600,0,0,0,0,0,0,15447,1129,0,0,0,0,0,0,0,0,0,0,0,0,0,0,0,0,33600,TCGA-GM-A2DB-DX1_xmin50586_ymin43110_MPP-0.2500+538
0,0,0,0,0,0,8028,3500,0,0,0,0,0,0,0,0,0,0,0,0,0,0,0,0,38648,0,0,0,0,0,0,9076,2452,0,0,0,0,0,0,0,0,0,0,0,0,0,0,0,0,38648,0,0,0,0,0,0,9874,1654,0,0,0,0,0,0,0,0,0,0,0,0,0,0,0,0,38648,TCGA-GM-A2DB-DX1_xmin50586_ymin43110_MPP-0.2500+539
50176,0,0,0,0,0,0,0,0,0,0,0,0,0,0,0,0,0,0,0,0,0,0,0,0,50176,0,0,0,0,0,0,0,0,0,0,0,0,0,0,0,0,0,0,0,0,0,0,0,0,50176,0,0,0,0,0,0,0,0,0,0,0,0,0,0,0,0,0,0,0,0,0,0,0,0,TCGA-GM-A2DB-DX1_xmin50586_ymin43110_MPP-0.2500+54
0,0,0,0,0,0,17825,552,0,0,0,0,0,0,0,0,0,0,0,0,0,0,0,0,31799,0,0,0,0,0,0,17935,442,0,0,0,0,0,0,0,0,0,0,0,0,0,0,0,0,31799,0,0,0,0,0,0,17936,441,0,0,0,0,0,0,0,0,0,0,0,0,0,0,0,0,31799,TCGA-GM-A2DB-DX1_xmin50586_ymin43110_MPP-0.2500+540
0,0,0,0,0,0,20521,0,0,0,0,0,0,0,0,0,0,0,0,0,0,0,0,0,29655,0,0,0,0,0,0,20521,0,0,0,0,0,0,0,0,0,0,0,0,0,0,0,0,0,29655,0,0,0,0,0,0,20521,0,0,0,0,0,0,0,0,0,0,0,0,0,0,0,0,0,29655,TCGA-GM-A2DB-DX1_xmin50586_ymin43110_MPP-0.2500+541
0,0,0,0,0,0,10179,4270,0,0,0,7625,9109,0,0,0,0,0,0,0,0,0,0,0,18993,0,0,0,0,0,0,11338,3111,0,0,0,8017,8717,0,0,0,0,0,0,0,0,0,0,0,18993,0,0,0,0,0,0,11107,3342,0,0,0,7451,9283,0,0,0,0,0,0,0,0,0,0,0,18993,TCGA-GM-A2DB-DX1_xmin50586_ymin43110_MPP-0.2500+542
0,0,0,0,0,0,17298,916,0,0,0,0,0,0,0,0,0,0,0,0,0,0,0,0,31962,0,0,0,0,0,0,17421,793,0,0,0,0,0,0,0,0,0,0,0,0,0,0,0,0,31962,0,0,0,0,0,0,17408,806,0,0,0,0,0,0,0,0,0,0,0,0,0,0,0,0,31962,TCGA-GM-A2DB-DX1_xmin50586_ymin43110_MPP-0.2500+543
0,0,0,0,0,0,13218,3404,0,0,0,0,0,0,0,0,0,0,0,0,0,0,0,0,33554,0,0,0,0,0,0,13742,2880,0,0,0,0,0,0,0,0,0,0,0,0,0,0,0,0,33554,0,0,0,0,0,0,13783,2839,0,0,0,0,0,0,0,0,0,0,0,0,0,0,0,0,33554,TCGA-GM-A2DB-DX1_xmin50586_ymin43110_MPP-0.2500+544
0,0,0,0,0,0,11394,0,0,0,0,0,0,0,0,0,0,0,0,0,0,0,0,0,38782,0,0,0,0,0,0,11394,0,0,0,0,0,0,0,0,0,0,0,0,0,0,0,0,0,38782,0,0,0,0,0,0,11394,0,0,0,0,0,0,0,0,0,0,0,0,0,0,0,0,0,38782,TCGA-GM-A2DB-DX1_xmin50586_ymin43110_MPP-0.2500+545
0,0,0,0,0,0,11788,1344,0,0,0,0,0,0,0,0,0,0,0,0,0,0,0,0,37044,0,0,0,0,0,0,11905,1227,0,0,0,0,0,0,0,0,0,0,0,0,0,0,0,0,37044,0,0,0,0,0,0,11818,1314,0,0,0,0,0,0,0,0,0,0,0,0,0,0,0,0,37044,TCGA-GM-A2DB-DX1_xmin50586_ymin43110_MPP-0.2500+546
50176,0,0,0,0,0,0,0,0,0,0,0,0,0,0,0,0,0,0,0,0,0,0,0,0,50176,0,0,0,0,0,0,0,0,0,0,0,0,0,0,0,0,0,0,0,0,0,0,0,0,50176,0,0,0,0,0,0,0,0,0,0,0,0,0,0,0,0,0,0,0,0,0,0,0,0,TCGA-GM-A2DB-DX1_xmin50586_ymin43110_MPP-0.2500+55
50176,0,0,0,0,0,0,0,0,0,0,0,0,0,0,0,0,0,0,0,0,0,0,0,0,50176,0,0,0,0,0,0,0,0,0,0,0,0,0,0,0,0,0,0,0,0,0,0,0,0,50176,0,0,0,0,0,0,0,0,0,0,0,0,0,0,0,0,0,0,0,0,0,0,0,0,TCGA-GM-A2DB-DX1_xmin50586_ymin43110_MPP-0.2500+56
50176,0,0,0,0,0,0,0,0,0,0,0,0,0,0,0,0,0,0,0,0,0,0,0,0,50176,0,0,0,0,0,0,0,0,0,0,0,0,0,0,0,0,0,0,0,0,0,0,0,0,50176,0,0,0,0,0,0,0,0,0,0,0,0,0,0,0,0,0,0,0,0,0,0,0,0,TCGA-GM-A2DB-DX1_xmin50586_ymin43110_MPP-0.2500+57
35072,0,0,0,0,15104,0,0,0,0,0,0,0,0,0,0,0,0,0,0,0,0,0,0,0,35072,0,0,0,0,15104,0,0,0,0,0,0,0,0,0,0,0,0,0,0,0,0,0,0,0,35072,0,0,0,0,15104,0,0,0,0,0,0,0,0,0,0,0,0,0,0,0,0,0,0,0,TCGA-GM-A2DB-DX1_xmin50586_ymin43110_MPP-0.2500+58
6769,1515,0,0,0,11448,30444,0,0,0,0,0,0,0,0,0,0,0,0,0,0,0,0,0,0,6752,1532,0,0,0,12050,29842,0,0,0,0,0,0,0,0,0,0,0,0,0,0,0,0,0,0,6731,1553,0,0,0,11505,30387,0,0,0,0,0,0,0,0,0,0,0,0,0,0,0,0,0,0,TCGA-GM-A2DB-DX1_xmin50586_ymin43110_MPP-0.2500+59
0,0,0,0,0,0,0,0,0,0,0,0,0,0,0,144,0,0,50032,0,0,0,0,0,0,0,0,0,0,0,0,0,0,0,0,0,0,0,0,0,48,0,0,50128,0,0,0,0,0,0,0,0,0,0,0,0,0,0,0,0,0,0,0,0,0,48,0,0,50128,0,0,0,0,0,0,TCGA-GM-A2DB-DX1_xmin50586_ymin43110_MPP-0.2500+6
29147,3473,0,0,0,154,17402,0,0,0,0,0,0,0,0,0,0,0,0,0,0,0,0,0,0,29014,3606,0,0,0,214,17342,0,0,0,0,0,0,0,0,0,0,0,0,0,0,0,0,0,0,28750,3870,0,0,0,279,17277,0,0,0,0,0,0,0,0,0,0,0,0,0,0,0,0,0,0,TCGA-GM-A2DB-DX1_xmin50586_ymin43110_MPP-0.2500+60
50176,0,0,0,0,0,0,0,0,0,0,0,0,0,0,0,0,0,0,0,0,0,0,0,0,50176,0,0,0,0,0,0,0,0,0,0,0,0,0,0,0,0,0,0,0,0,0,0,0,0,50176,0,0,0,0,0,0,0,0,0,0,0,0,0,0,0,0,0,0,0,0,0,0,0,0,TCGA-GM-A2DB-DX1_xmin50586_ymin43110_MPP-0.2500+61
50176,0,0,0,0,0,0,0,0,0,0,0,0,0,0,0,0,0,0,0,0,0,0,0,0,50176,0,0,0,0,0,0,0,0,0,0,0,0,0,0,0,0,0,0,0,0,0,0,0,0,50176,0,0,0,0,0,0,0,0,0,0,0,0,0,0,0,0,0,0,0,0,0,0,0,0,TCGA-GM-A2DB-DX1_xmin50586_ymin43110_MPP-0.2500+62
21957,0,0,0,0,28219,0,0,0,0,0,0,0,0,0,0,0,0,0,0,0,0,0,0,0,21957,0,0,0,0,28219,0,0,0,0,0,0,0,0,0,0,0,0,0,0,0,0,0,0,0,21957,0,0,0,0,28219,0,0,0,0,0,0,0,0,0,0,0,0,0,0,0,0,0,0,0,TCGA-GM-A2DB-DX1_xmin50586_ymin43110_MPP-0.2500+63
32977,0,0,0,0,17199,0,0,0,0,0,0,0,0,0,0,0,0,0,0,0,0,0,0,0,32977,0,0,0,0,17199,0,0,0,0,0,0,0,0,0,0,0,0,0,0,0,0,0,0,0,32977,0,0,0,0,17199,0,0,0,0,0,0,0,0,0,0,0,0,0,0,0,0,0,0,0,TCGA-GM-A2DB-DX1_xmin50586_ymin43110_MPP-0.2500+64
0,0,0,0,0,0,28848,0,0,0,0,21328,0,0,0,0,0,0,0,0,0,0,0,0,0,0,0,0,0,0,0,28848,0,0,0,0,21328,0,0,0,0,0,0,0,0,0,0,0,0,0,0,0,0,0,0,0,28848,0,0,0,0,21328,0,0,0,0,0,0,0,0,0,0,0,0,0,TCGA-GM-A2DB-DX1_xmin50586_ymin43110_MPP-0.2500+65
0,0,0,0,0,1,38477,0,0,0,0,11698,0,0,0,0,0,0,0,0,0,0,0,0,0,0,0,0,0,0,1,38477,0,0,0,0,11698,0,0,0,0,0,0,0,0,0,0,0,0,0,0,0,0,0,0,1,38477,0,0,0,0,11698,0,0,0,0,0,0,0,0,0,0,0,0,0,TCGA-GM-A2DB-DX1_xmin50586_ymin43110_MPP-0.2500+66
0,0,0,0,0,0,50176,0,0,0,0,0,0,0,0,0,0,0,0,0,0,0,0,0,0,0,0,0,0,0,0,50176,0,0,0,0,0,0,0,0,0,0,0,0,0,0,0,0,0,0,0,0,0,0,0,0,50176,0,0,0,0,0,0,0,0,0,0,0,0,0,0,0,0,0,0,TCGA-GM-A2DB-DX1_xmin50586_ymin43110_MPP-0.2500+67
0,0,0,0,0,0,50176,0,0,0,0,0,0,0,0,0,0,0,0,0,0,0,0,0,0,0,0,0,0,0,0,50176,0,0,0,0,0,0,0,0,0,0,0,0,0,0,0,0,0,0,0,0,0,0,0,0,50176,0,0,0,0,0,0,0,0,0,0,0,0,0,0,0,0,0,0,TCGA-GM-A2DB-DX1_xmin50586_ymin43110_MPP-0.2500+68
0,0,0,0,0,0,50176,0,0,0,0,0,0,0,0,0,0,0,0,0,0,0,0,0,0,0,0,0,0,0,0,50176,0,0,0,0,0,0,0,0,0,0,0,0,0,0,0,0,0,0,0,0,0,0,0,0,50176,0,0,0,0,0,0,0,0,0,0,0,0,0,0,0,0,0,0,TCGA-GM-A2DB-DX1_xmin50586_ymin43110_MPP-0.2500+69
0,0,0,0,0,0,0,0,0,0,0,0,0,0,0,0,0,0,50176,0,0,0,0,0,0,0,0,0,0,0,0,0,0,0,0,0,0,0,0,0,0,0,0,50176,0,0,0,0,0,0,0,0,0,0,0,0,0,0,0,0,0,0,0,0,0,0,0,0,50176,0,0,0,0,0,0,TCGA-GM-A2DB-DX1_xmin50586_ymin43110_MPP-0.2500+7
0,0,0,0,0,4363,41926,0,0,0,0,3887,0,0,0,0,0,0,0,0,0,0,0,0,0,0,0,0,0,0,4304,41985,0,0,0,0,3887,0,0,0,0,0,0,0,0,0,0,0,0,0,0,0,0,0,0,4707,41582,0,0,0,0,3887,0,0,0,0,0,0,0,0,0,0,0,0,0,TCGA-GM-A2DB-DX1_xmin50586_ymin43110_MPP-0.2500+70
0,0,0,0,0,0,45069,5107,0,0,0,0,0,0,0,0,0,0,0,0,0,0,0,0,0,0,0,0,0,0,0,45328,4848,0,0,0,0,0,0,0,0,0,0,0,0,0,0,0,0,0,0,0,0,0,0,0,44946,5230,0,0,0,0,0,0,0,0,0,0,0,0,0,0,0,0,0,TCGA-GM-A2DB-DX1_xmin50586_ymin43110_MPP-0.2500+71
37947,0,0,0,0,12229,0,0,0,0,0,0,0,0,0,0,0,0,0,0,0,0,0,0,0,37947,0,0,0,0,12229,0,0,0,0,0,0,0,0,0,0,0,0,0,0,0,0,0,0,0,37947,0,0,0,0,12229,0,0,0,0,0,0,0,0,0,0,0,0,0,0,0,0,0,0,0,TCGA-GM-A2DB-DX1_xmin50586_ymin43110_MPP-0.2500+72
50176,0,0,0,0,0,0,0,0,0,0,0,0,0,0,0,0,0,0,0,0,0,0,0,0,50176,0,0,0,0,0,0,0,0,0,0,0,0,0,0,0,0,0,0,0,0,0,0,0,0,50176,0,0,0,0,0,0,0,0,0,0,0,0,0,0,0,0,0,0,0,0,0,0,0,0,TCGA-GM-A2DB-DX1_xmin50586_ymin43110_MPP-0.2500+73
50176,0,0,0,0,0,0,0,0,0,0,0,0,0,0,0,0,0,0,0,0,0,0,0,0,50176,0,0,0,0,0,0,0,0,0,0,0,0,0,0,0,0,0,0,0,0,0,0,0,0,50176,0,0,0,0,0,0,0,0,0,0,0,0,0,0,0,0,0,0,0,0,0,0,0,0,TCGA-GM-A2DB-DX1_xmin50586_ymin43110_MPP-0.2500+74
50176,0,0,0,0,0,0,0,0,0,0,0,0,0,0,0,0,0,0,0,0,0,0,0,0,50176,0,0,0,0,0,0,0,0,0,0,0,0,0,0,0,0,0,0,0,0,0,0,0,0,50176,0,0,0,0,0,0,0,0,0,0,0,0,0,0,0,0,0,0,0,0,0,0,0,0,TCGA-GM-A2DB-DX1_xmin50586_ymin43110_MPP-0.2500+75
50176,0,0,0,0,0,0,0,0,0,0,0,0,0,0,0,0,0,0,0,0,0,0,0,0,50176,0,0,0,0,0,0,0,0,0,0,0,0,0,0,0,0,0,0,0,0,0,0,0,0,50176,0,0,0,0,0,0,0,0,0,0,0,0,0,0,0,0,0,0,0,0,0,0,0,0,TCGA-GM-A2DB-DX1_xmin50586_ymin43110_MPP-0.2500+76
50176,0,0,0,0,0,0,0,0,0,0,0,0,0,0,0,0,0,0,0,0,0,0,0,0,50176,0,0,0,0,0,0,0,0,0,0,0,0,0,0,0,0,0,0,0,0,0,0,0,0,50176,0,0,0,0,0,0,0,0,0,0,0,0,0,0,0,0,0,0,0,0,0,0,0,0,TCGA-GM-A2DB-DX1_xmin50586_ymin43110_MPP-0.2500+77
50176,0,0,0,0,0,0,0,0,0,0,0,0,0,0,0,0,0,0,0,0,0,0,0,0,50176,0,0,0,0,0,0,0,0,0,0,0,0,0,0,0,0,0,0,0,0,0,0,0,0,50176,0,0,0,0,0,0,0,0,0,0,0,0,0,0,0,0,0,0,0,0,0,0,0,0,TCGA-GM-A2DB-DX1_xmin50586_ymin43110_MPP-0.2500+78
49397,0,0,0,0,779,0,0,0,0,0,0,0,0,0,0,0,0,0,0,0,0,0,0,0,49397,0,0,0,0,779,0,0,0,0,0,0,0,0,0,0,0,0,0,0,0,0,0,0,0,49397,0,0,0,0,779,0,0,0,0,0,0,0,0,0,0,0,0,0,0,0,0,0,0,0,TCGA-GM-A2DB-DX1_xmin50586_ymin43110_MPP-0.2500+79
2432,0,0,6,0,4321,0,0,2110,0,0,0,0,0,0,1350,0,0,39957,0,0,0,0,0,0,2334,0,0,104,0,4284,0,0,2147,0,0,0,0,0,0,685,0,0,40622,0,0,0,0,0,0,2336,0,0,102,0,4325,0,0,2106,0,0,0,0,0,0,963,0,0,40344,0,0,0,0,0,0,TCGA-GM-A2DB-DX1_xmin50586_ymin43110_MPP-0.2500+8
24181,3520,0,0,0,6124,16351,0,0,0,0,0,0,0,0,0,0,0,0,0,0,0,0,0,0,23918,3783,0,0,0,6243,16232,0,0,0,0,0,0,0,0,0,0,0,0,0,0,0,0,0,0,23785,3916,0,0,0,5954,16521,0,0,0,0,0,0,0,0,0,0,0,0,0,0,0,0,0,0,TCGA-GM-A2DB-DX1_xmin50586_ymin43110_MPP-0.2500+80
49899,0,0,0,0,277,0,0,0,0,0,0,0,0,0,0,0,0,0,0,0,0,0,0,0,49899,0,0,0,0,277,0,0,0,0,0,0,0,0,0,0,0,0,0,0,0,0,0,0,0,49899,0,0,0,0,277,0,0,0,0,0,0,0,0,0,0,0,0,0,0,0,0,0,0,0,TCGA-GM-A2DB-DX1_xmin50586_ymin43110_MPP-0.2500+81
50176,0,0,0,0,0,0,0,0,0,0,0,0,0,0,0,0,0,0,0,0,0,0,0,0,50176,0,0,0,0,0,0,0,0,0,0,0,0,0,0,0,0,0,0,0,0,0,0,0,0,50176,0,0,0,0,0,0,0,0,0,0,0,0,0,0,0,0,0,0,0,0,0,0,0,0,TCGA-GM-A2DB-DX1_xmin50586_ymin43110_MPP-0.2500+82
49878,0,0,0,0,298,0,0,0,0,0,0,0,0,0,0,0,0,0,0,0,0,0,0,0,49878,0,0,0,0,298,0,0,0,0,0,0,0,0,0,0,0,0,0,0,0,0,0,0,0,49878,0,0,0,0,298,0,0,0,0,0,0,0,0,0,0,0,0,0,0,0,0,0,0,0,TCGA-GM-A2DB-DX1_xmin50586_ymin43110_MPP-0.2500+83
45119,0,0,0,0,5057,0,0,0,0,0,0,0,0,0,0,0,0,0,0,0,0,0,0,0,45119,0,0,0,0,5057,0,0,0,0,0,0,0,0,0,0,0,0,0,0,0,0,0,0,0,45119,0,0,0,0,5057,0,0,0,0,0,0,0,0,0,0,0,0,0,0,0,0,0,0,0,TCGA-GM-A2DB-DX1_xmin50586_ymin43110_MPP-0.2500+84
35731,3456,0,0,0,1668,9254,0,0,0,66,1,0,0,0,0,0,0,0,0,0,0,0,0,0,35574,3613,0,0,0,2021,8901,0,0,0,67,0,0,0,0,0,0,0,0,0,0,0,0,0,0,35147,4040,0,0,0,2433,8489,0,0,0,67,0,0,0,0,0,0,0,0,0,0,0,0,0,0,TCGA-GM-A2DB-DX1_xmin50586_ymin43110_MPP-0.2500+85
40716,0,0,0,0,9460,0,0,0,0,0,0,0,0,0,0,0,0,0,0,0,0,0,0,0,40716,0,0,0,0,9460,0,0,0,0,0,0,0,0,0,0,0,0,0,0,0,0,0,0,0,40716,0,0,0,0,9460,0,0,0,0,0,0,0,0,0,0,0,0,0,0,0,0,0,0,0,TCGA-GM-A2DB-DX1_xmin50586_ymin43110_MPP-0.2500+86
25871,7617,0,0,0,2845,13843,0,0,0,0,0,0,0,0,0,0,0,0,0,0,0,0,0,0,25691,7797,0,0,0,2808,13880,0,0,0,0,0,0,0,0,0,0,0,0,0,0,0,0,0,0,25446,8042,0,0,0,2798,13890,0,0,0,0,0,0,0,0,0,0,0,0,0,0,0,0,0,0,TCGA-GM-A2DB-DX1_xmin50586_ymin43110_MPP-0.2500+87
8297,7018,0,0,0,2733,32128,0,0,0,0,0,0,0,0,0,0,0,0,0,0,0,0,0,0,8000,7315,0,0,0,2712,32149,0,0,0,0,0,0,0,0,0,0,0,0,0,0,0,0,0,0,8049,7266,0,0,0,3048,31813,0,0,0,0,0,0,0,0,0,0,0,0,0,0,0,0,0,0,TCGA-GM-A2DB-DX1_xmin50586_ymin43110_MPP-0.2500+88
0,37,0,0,0,0,50139,0,0,0,0,0,0,0,0,0,0,0,0,0,0,0,0,0,0,0,37,0,0,0,0,50139,0,0,0,0,0,0,0,0,0,0,0,0,0,0,0,0,0,0,0,37,0,0,0,0,50139,0,0,0,0,0,0,0,0,0,0,0,0,0,0,0,0,0,0,TCGA-GM-A2DB-DX1_xmin50586_ymin43110_MPP-0.2500+89
0,0,0,0,0,0,50176,0,0,0,0,0,0,0,0,0,0,0,0,0,0,0,0,0,0,0,0,0,0,0,0,50176,0,0,0,0,0,0,0,0,0,0,0,0,0,0,0,0,0,0,0,0,0,0,0,0,50176,0,0,0,0,0,0,0,0,0,0,0,0,0,0,0,0,0,0,TCGA-GM-A2DB-DX1_xmin50586_ymin43110_MPP-0.2500+9
0,0,0,0,0,0,43253,0,0,0,0,6923,0,0,0,0,0,0,0,0,0,0,0,0,0,0,0,0,0,0,0,43253,0,0,0,0,6923,0,0,0,0,0,0,0,0,0,0,0,0,0,0,0,0,0,0,0,43253,0,0,0,0,6923,0,0,0,0,0,0,0,0,0,0,0,0,0,TCGA-GM-A2DB-DX1_xmin50586_ymin43110_MPP-0.2500+90
0,544,0,0,0,0,49632,0,0,0,0,0,0,0,0,0,0,0,0,0,0,0,0,0,0,0,544,0,0,0,0,49632,0,0,0,0,0,0,0,0,0,0,0,0,0,0,0,0,0,0,0,544,0,0,0,0,49632,0,0,0,0,0,0,0,0,0,0,0,0,0,0,0,0,0,0,TCGA-GM-A2DB-DX1_xmin50586_ymin43110_MPP-0.2500+91
47287,0,0,0,0,2889,0,0,0,0,0,0,0,0,0,0,0,0,0,0,0,0,0,0,0,47287,0,0,0,0,2889,0,0,0,0,0,0,0,0,0,0,0,0,0,0,0,0,0,0,0,47287,0,0,0,0,2889,0,0,0,0,0,0,0,0,0,0,0,0,0,0,0,0,0,0,0,TCGA-GM-A2DB-DX1_xmin50586_ymin43110_MPP-0.2500+92
50176,0,0,0,0,0,0,0,0,0,0,0,0,0,0,0,0,0,0,0,0,0,0,0,0,50176,0,0,0,0,0,0,0,0,0,0,0,0,0,0,0,0,0,0,0,0,0,0,0,0,50176,0,0,0,0,0,0,0,0,0,0,0,0,0,0,0,0,0,0,0,0,0,0,0,0,TCGA-GM-A2DB-DX1_xmin50586_ymin43110_MPP-0.2500+93
50176,0,0,0,0,0,0,0,0,0,0,0,0,0,0,0,0,0,0,0,0,0,0,0,0,50176,0,0,0,0,0,0,0,0,0,0,0,0,0,0,0,0,0,0,0,0,0,0,0,0,50176,0,0,0,0,0,0,0,0,0,0,0,0,0,0,0,0,0,0,0,0,0,0,0,0,TCGA-GM-A2DB-DX1_xmin50586_ymin43110_MPP-0.2500+94
49535,0,0,0,0,641,0,0,0,0,0,0,0,0,0,0,0,0,0,0,0,0,0,0,0,49535,0,0,0,0,641,0,0,0,0,0,0,0,0,0,0,0,0,0,0,0,0,0,0,0,49535,0,0,0,0,641,0,0,0,0,0,0,0,0,0,0,0,0,0,0,0,0,0,0,0,TCGA-GM-A2DB-DX1_xmin50586_ymin43110_MPP-0.2500+95
11350,16826,0,12680,0,291,384,0,91,0,0,0,0,0,0,0,3708,0,4846,0,0,0,0,0,0,11442,16296,0,13118,0,294,383,0,89,0,0,0,0,0,0,0,4130,0,4424,0,0,0,0,0,0,11353,16421,0,13082,0,284,385,0,97,0,0,0,0,0,0,0,4226,0,4328,0,0,0,0,0,0,TCGA-GM-A2DB-DX1_xmin50586_ymin43110_MPP-0.2500+96
11903,0,0,12669,0,179,0,0,586,0,0,0,0,0,0,921,0,0,23918,0,0,0,0,0,0,11868,0,0,12704,0,314,0,0,451,0,0,0,0,0,0,962,0,0,23877,0,0,0,0,0,0,11827,0,0,12745,0,340,0,0,425,0,0,0,0,0,0,1054,0,0,23785,0,0,0,0,0,0,TCGA-GM-A2DB-DX1_xmin50586_ymin43110_MPP-0.2500+97
25246,0,0,13633,0,639,0,0,955,0,0,0,0,0,0,0,0,0,9703,0,0,0,0,0,0,24326,0,0,14553,0,586,0,0,1008,0,0,0,0,0,0,0,0,0,9703,0,0,0,0,0,0,24347,0,0,14532,0,606,0,0,988,0,0,0,0,0,0,0,0,0,9703,0,0,0,0,0,0,TCGA-GM-A2DB-DX1_xmin50586_ymin43110_MPP-0.2500+98
49954,0,0,0,0,222,0,0,0,0,0,0,0,0,0,0,0,0,0,0,0,0,0,0,0,49954,0,0,0,0,222,0,0,0,0,0,0,0,0,0,0,0,0,0,0,0,0,0,0,0,49954,0,0,0,0,222,0,0,0,0,0,0,0,0,0,0,0,0,0,0,0,0,0,0,0,TCGA-GM-A2DB-DX1_xmin50586_ymin43110_MPP-0.2500+99
0,7972,0,0,0,0,42065,0,0,0,0,91,0,0,0,0,0,0,0,0,0,0,0,0,48,0,7972,0,0,0,0,42065,0,0,0,0,91,0,0,0,0,0,0,0,0,0,0,0,0,48,0,7972,0,0,0,0,42065,0,0,0,0,91,0,0,0,0,0,0,0,0,0,0,0,0,48,TCGA-GM-A2DD-DX1_xmin47260_ymin22408_MPP-0.2500+0
0,2225,0,0,0,0,12892,3225,0,0,0,1436,2482,0,0,0,0,0,0,0,0,0,0,0,27916,0,2225,0,0,0,0,12964,3153,0,0,0,1460,2458,0,0,0,0,0,0,0,0,0,0,0,27916,0,2225,0,0,0,0,12845,3272,0,0,0,1448,2470,0,0,0,0,0,0,0,0,0,0,0,27916,TCGA-GM-A2DD-DX1_xmin47260_ymin22408_MPP-0.2500+1
0,0,0,0,0,0,42419,0,0,0,0,0,0,0,0,0,0,0,0,0,0,0,0,0,7757,0,0,0,0,0,0,42419,0,0,0,0,0,0,0,0,0,0,0,0,0,0,0,0,0,7757,0,0,0,0,0,0,42419,0,0,0,0,0,0,0,0,0,0,0,0,0,0,0,0,0,7757,TCGA-GM-A2DD-DX1_xmin47260_ymin22408_MPP-0.2500+10
0,0,0,0,0,0,50176,0,0,0,0,0,0,0,0,0,0,0,0,0,0,0,0,0,0,0,0,0,0,0,0,50176,0,0,0,0,0,0,0,0,0,0,0,0,0,0,0,0,0,0,0,0,0,0,0,0,50176,0,0,0,0,0,0,0,0,0,0,0,0,0,0,0,0,0,0,TCGA-GM-A2DD-DX1_xmin47260_ymin22408_MPP-0.2500+100
0,0,0,0,0,0,50176,0,0,0,0,0,0,0,0,0,0,0,0,0,0,0,0,0,0,0,0,0,0,0,0,50176,0,0,0,0,0,0,0,0,0,0,0,0,0,0,0,0,0,0,0,0,0,0,0,0,50176,0,0,0,0,0,0,0,0,0,0,0,0,0,0,0,0,0,0,TCGA-GM-A2DD-DX1_xmin47260_ymin22408_MPP-0.2500+101
0,0,0,0,0,0,50176,0,0,0,0,0,0,0,0,0,0,0,0,0,0,0,0,0,0,0,0,0,0,0,0,50176,0,0,0,0,0,0,0,0,0,0,0,0,0,0,0,0,0,0,0,0,0,0,0,0,50176,0,0,0,0,0,0,0,0,0,0,0,0,0,0,0,0,0,0,TCGA-GM-A2DD-DX1_xmin47260_ymin22408_MPP-0.2500+102
0,0,0,0,0,0,50176,0,0,0,0,0,0,0,0,0,0,0,0,0,0,0,0,0,0,0,0,0,0,0,0,50176,0,0,0,0,0,0,0,0,0,0,0,0,0,0,0,0,0,0,0,0,0,0,0,0,50176,0,0,0,0,0,0,0,0,0,0,0,0,0,0,0,0,0,0,TCGA-GM-A2DD-DX1_xmin47260_ymin22408_MPP-0.2500+103
0,0,0,0,0,0,50176,0,0,0,0,0,0,0,0,0,0,0,0,0,0,0,0,0,0,0,0,0,0,0,0,50176,0,0,0,0,0,0,0,0,0,0,0,0,0,0,0,0,0,0,0,0,0,0,0,0,50176,0,0,0,0,0,0,0,0,0,0,0,0,0,0,0,0,0,0,TCGA-GM-A2DD-DX1_xmin47260_ymin22408_MPP-0.2500+104
0,0,0,0,0,0,50176,0,0,0,0,0,0,0,0,0,0,0,0,0,0,0,0,0,0,0,0,0,0,0,0,50176,0,0,0,0,0,0,0,0,0,0,0,0,0,0,0,0,0,0,0,0,0,0,0,0,50176,0,0,0,0,0,0,0,0,0,0,0,0,0,0,0,0,0,0,TCGA-GM-A2DD-DX1_xmin47260_ymin22408_MPP-0.2500+105
0,0,0,0,0,0,50176,0,0,0,0,0,0,0,0,0,0,0,0,0,0,0,0,0,0,0,0,0,0,0,0,50176,0,0,0,0,0,0,0,0,0,0,0,0,0,0,0,0,0,0,0,0,0,0,0,0,50176,0,0,0,0,0,0,0,0,0,0,0,0,0,0,0,0,0,0,TCGA-GM-A2DD-DX1_xmin47260_ymin22408_MPP-0.2500+106
0,0,0,0,0,0,42220,0,0,0,0,0,0,0,0,0,0,0,0,0,0,0,0,0,7956,0,0,0,0,0,0,42220,0,0,0,0,0,0,0,0,0,0,0,0,0,0,0,0,0,7956,0,0,0,0,0,0,42220,0,0,0,0,0,0,0,0,0,0,0,0,0,0,0,0,0,7956,TCGA-GM-A2DD-DX1_xmin47260_ymin22408_MPP-0.2500+107
0,0,0,0,0,0,50176,0,0,0,0,0,0,0,0,0,0,0,0,0,0,0,0,0,0,0,0,0,0,0,0,50176,0,0,0,0,0,0,0,0,0,0,0,0,0,0,0,0,0,0,0,0,0,0,0,0,50176,0,0,0,0,0,0,0,0,0,0,0,0,0,0,0,0,0,0,TCGA-GM-A2DD-DX1_xmin47260_ymin22408_MPP-0.2500+108
3906,3923,0,0,0,988,41359,0,0,0,0,0,0,0,0,0,0,0,0,0,0,0,0,0,0,3936,3893,0,0,0,874,41473,0,0,0,0,0,0,0,0,0,0,0,0,0,0,0,0,0,0,3910,3919,0,0,0,830,41517,0,0,0,0,0,0,0,0,0,0,0,0,0,0,0,0,0,0,TCGA-GM-A2DD-DX1_xmin47260_ymin22408_MPP-0.2500+109
0,0,0,0,0,0,50176,0,0,0,0,0,0,0,0,0,0,0,0,0,0,0,0,0,0,0,0,0,0,0,0,50176,0,0,0,0,0,0,0,0,0,0,0,0,0,0,0,0,0,0,0,0,0,0,0,0,50176,0,0,0,0,0,0,0,0,0,0,0,0,0,0,0,0,0,0,TCGA-GM-A2DD-DX1_xmin47260_ymin22408_MPP-0.2500+11
1502,249,0,0,0,2038,46387,0,0,0,0,0,0,0,0,0,0,0,0,0,0,0,0,0,0,1502,249,0,0,0,1871,46554,0,0,0,0,0,0,0,0,0,0,0,0,0,0,0,0,0,0,1502,249,0,0,0,1525,46900,0,0,0,0,0,0,0,0,0,0,0,0,0,0,0,0,0,0,TCGA-GM-A2DD-DX1_xmin47260_ymin22408_MPP-0.2500+110
17145,3405,0,0,0,41,29585,0,0,0,0,0,0,0,0,0,0,0,0,0,0,0,0,0,0,17246,3304,0,0,0,33,29593,0,0,0,0,0,0,0,0,0,0,0,0,0,0,0,0,0,0,17417,3133,0,0,0,35,29591,0,0,0,0,0,0,0,0,0,0,0,0,0,0,0,0,0,0,TCGA-GM-A2DD-DX1_xmin47260_ymin22408_MPP-0.2500+111
14667,5815,0,0,0,4014,25680,0,0,0,0,0,0,0,0,0,0,0,0,0,0,0,0,0,0,14336,6146,0,0,0,3368,26326,0,0,0,0,0,0,0,0,0,0,0,0,0,0,0,0,0,0,13970,6512,0,0,0,3181,26513,0,0,0,0,0,0,0,0,0,0,0,0,0,0,0,0,0,0,TCGA-GM-A2DD-DX1_xmin47260_ymin22408_MPP-0.2500+112
0,383,0,0,0,0,45822,0,0,0,0,3971,0,0,0,0,0,0,0,0,0,0,0,0,0,0,383,0,0,0,0,45822,0,0,0,0,3971,0,0,0,0,0,0,0,0,0,0,0,0,0,0,383,0,0,0,0,45822,0,0,0,0,3971,0,0,0,0,0,0,0,0,0,0,0,0,0,TCGA-GM-A2DD-DX1_xmin47260_ymin22408_MPP-0.2500+113
0,0,0,0,0,0,48607,0,0,0,0,1569,0,0,0,0,0,0,0,0,0,0,0,0,0,0,0,0,0,0,0,48607,0,0,0,0,1569,0,0,0,0,0,0,0,0,0,0,0,0,0,0,0,0,0,0,0,48607,0,0,0,0,1569,0,0,0,0,0,0,0,0,0,0,0,0,0,TCGA-GM-A2DD-DX1_xmin47260_ymin22408_MPP-0.2500+114
0,5231,0,0,0,0,44945,0,0,0,0,0,0,0,0,0,0,0,0,0,0,0,0,0,0,0,5231,0,0,0,0,44945,0,0,0,0,0,0,0,0,0,0,0,0,0,0,0,0,0,0,0,5231,0,0,0,0,44945,0,0,0,0,0,0,0,0,0,0,0,0,0,0,0,0,0,0,TCGA-GM-A2DD-DX1_xmin47260_ymin22408_MPP-0.2500+115
0,6686,0,0,0,0,43490,0,0,0,0,0,0,0,0,0,0,0,0,0,0,0,0,0,0,0,6686,0,0,0,0,43490,0,0,0,0,0,0,0,0,0,0,0,0,0,0,0,0,0,0,0,6686,0,0,0,0,43490,0,0,0,0,0,0,0,0,0,0,0,0,0,0,0,0,0,0,TCGA-GM-A2DD-DX1_xmin47260_ymin22408_MPP-0.2500+116
0,0,0,0,0,0,50176,0,0,0,0,0,0,0,0,0,0,0,0,0,0,0,0,0,0,0,0,0,0,0,0,50176,0,0,0,0,0,0,0,0,0,0,0,0,0,0,0,0,0,0,0,0,0,0,0,0,50176,0,0,0,0,0,0,0,0,0,0,0,0,0,0,0,0,0,0,TCGA-GM-A2DD-DX1_xmin47260_ymin22408_MPP-0.2500+117
0,0,0,0,0,0,50176,0,0,0,0,0,0,0,0,0,0,0,0,0,0,0,0,0,0,0,0,0,0,0,0,50176,0,0,0,0,0,0,0,0,0,0,0,0,0,0,0,0,0,0,0,0,0,0,0,0,50176,0,0,0,0,0,0,0,0,0,0,0,0,0,0,0,0,0,0,TCGA-GM-A2DD-DX1_xmin47260_ymin22408_MPP-0.2500+118
0,0,0,0,0,0,50176,0,0,0,0,0,0,0,0,0,0,0,0,0,0,0,0,0,0,0,0,0,0,0,0,50176,0,0,0,0,0,0,0,0,0,0,0,0,0,0,0,0,0,0,0,0,0,0,0,0,50176,0,0,0,0,0,0,0,0,0,0,0,0,0,0,0,0,0,0,TCGA-GM-A2DD-DX1_xmin47260_ymin22408_MPP-0.2500+119
0,0,0,0,0,0,50176,0,0,0,0,0,0,0,0,0,0,0,0,0,0,0,0,0,0,0,0,0,0,0,0,50176,0,0,0,0,0,0,0,0,0,0,0,0,0,0,0,0,0,0,0,0,0,0,0,0,50176,0,0,0,0,0,0,0,0,0,0,0,0,0,0,0,0,0,0,TCGA-GM-A2DD-DX1_xmin47260_ymin22408_MPP-0.2500+12
0,0,0,0,0,0,50176,0,0,0,0,0,0,0,0,0,0,0,0,0,0,0,0,0,0,0,0,0,0,0,0,50176,0,0,0,0,0,0,0,0,0,0,0,0,0,0,0,0,0,0,0,0,0,0,0,0,50176,0,0,0,0,0,0,0,0,0,0,0,0,0,0,0,0,0,0,TCGA-GM-A2DD-DX1_xmin47260_ymin22408_MPP-0.2500+120
0,0,0,0,0,0,50176,0,0,0,0,0,0,0,0,0,0,0,0,0,0,0,0,0,0,0,0,0,0,0,0,50176,0,0,0,0,0,0,0,0,0,0,0,0,0,0,0,0,0,0,0,0,0,0,0,0,50176,0,0,0,0,0,0,0,0,0,0,0,0,0,0,0,0,0,0,TCGA-GM-A2DD-DX1_xmin47260_ymin22408_MPP-0.2500+121
0,0,0,0,0,4,50172,0,0,0,0,0,0,0,0,0,0,0,0,0,0,0,0,0,0,0,0,0,0,0,4,50172,0,0,0,0,0,0,0,0,0,0,0,0,0,0,0,0,0,0,0,0,0,0,0,4,50172,0,0,0,0,0,0,0,0,0,0,0,0,0,0,0,0,0,0,TCGA-GM-A2DD-DX1_xmin47260_ymin22408_MPP-0.2500+122
0,0,0,0,0,0,50176,0,0,0,0,0,0,0,0,0,0,0,0,0,0,0,0,0,0,0,0,0,0,0,0,50176,0,0,0,0,0,0,0,0,0,0,0,0,0,0,0,0,0,0,0,0,0,0,0,0,50176,0,0,0,0,0,0,0,0,0,0,0,0,0,0,0,0,0,0,TCGA-GM-A2DD-DX1_xmin47260_ymin22408_MPP-0.2500+123
0,4187,0,0,0,0,45989,0,0,0,0,0,0,0,0,0,0,0,0,0,0,0,0,0,0,0,4187,0,0,0,0,45989,0,0,0,0,0,0,0,0,0,0,0,0,0,0,0,0,0,0,0,4187,0,0,0,0,45989,0,0,0,0,0,0,0,0,0,0,0,0,0,0,0,0,0,0,TCGA-GM-A2DD-DX1_xmin47260_ymin22408_MPP-0.2500+124
23578,5843,0,0,0,2281,18474,0,0,0,0,0,0,0,0,0,0,0,0,0,0,0,0,0,0,22383,7038,0,0,0,2109,18646,0,0,0,0,0,0,0,0,0,0,0,0,0,0,0,0,0,0,22264,7157,0,0,0,2035,18720,0,0,0,0,0,0,0,0,0,0,0,0,0,0,0,0,0,0,TCGA-GM-A2DD-DX1_xmin47260_ymin22408_MPP-0.2500+125
16462,4896,0,0,0,1144,27674,0,0,0,0,0,0,0,0,0,0,0,0,0,0,0,0,0,0,16466,4892,0,0,0,1171,27647,0,0,0,0,0,0,0,0,0,0,0,0,0,0,0,0,0,0,16445,4913,0,0,0,1253,27565,0,0,0,0,0,0,0,0,0,0,0,0,0,0,0,0,0,0,TCGA-GM-A2DD-DX1_xmin47260_ymin22408_MPP-0.2500+126
0,125,0,0,0,0,50051,0,0,0,0,0,0,0,0,0,0,0,0,0,0,0,0,0,0,0,125,0,0,0,0,50051,0,0,0,0,0,0,0,0,0,0,0,0,0,0,0,0,0,0,0,125,0,0,0,0,50051,0,0,0,0,0,0,0,0,0,0,0,0,0,0,0,0,0,0,TCGA-GM-A2DD-DX1_xmin47260_ymin22408_MPP-0.2500+127
0,0,0,0,0,0,50176,0,0,0,0,0,0,0,0,0,0,0,0,0,0,0,0,0,0,0,0,0,0,0,0,50176,0,0,0,0,0,0,0,0,0,0,0,0,0,0,0,0,0,0,0,0,0,0,0,0,50176,0,0,0,0,0,0,0,0,0,0,0,0,0,0,0,0,0,0,TCGA-GM-A2DD-DX1_xmin47260_ymin22408_MPP-0.2500+128
0,0,0,0,0,0,42431,0,0,0,0,7745,0,0,0,0,0,0,0,0,0,0,0,0,0,0,0,0,0,0,0,42431,0,0,0,0,7745,0,0,0,0,0,0,0,0,0,0,0,0,0,0,0,0,0,0,0,42431,0,0,0,0,7745,0,0,0,0,0,0,0,0,0,0,0,0,0,TCGA-GM-A2DD-DX1_xmin47260_ymin22408_MPP-0.2500+129
0,0,0,0,0,0,50176,0,0,0,0,0,0,0,0,0,0,0,0,0,0,0,0,0,0,0,0,0,0,0,0,50176,0,0,0,0,0,0,0,0,0,0,0,0,0,0,0,0,0,0,0,0,0,0,0,0,50176,0,0,0,0,0,0,0,0,0,0,0,0,0,0,0,0,0,0,TCGA-GM-A2DD-DX1_xmin47260_ymin22408_MPP-0.2500+13
9210,3688,0,0,0,2373,34905,0,0,0,0,0,0,0,0,0,0,0,0,0,0,0,0,0,0,9125,3773,0,0,0,2271,35007,0,0,0,0,0,0,0,0,0,0,0,0,0,0,0,0,0,0,9151,3747,0,0,0,2340,34938,0,0,0,0,0,0,0,0,0,0,0,0,0,0,0,0,0,0,TCGA-GM-A2DD-DX1_xmin47260_ymin22408_MPP-0.2500+130
22857,5762,0,0,0,6766,14791,0,0,0,0,0,0,0,0,0,0,0,0,0,0,0,0,0,0,23078,5541,0,0,0,6340,15217,0,0,0,0,0,0,0,0,0,0,0,0,0,0,0,0,0,0,23028,5591,0,0,0,5985,15572,0,0,0,0,0,0,0,0,0,0,0,0,0,0,0,0,0,0,TCGA-GM-A2DD-DX1_xmin47260_ymin22408_MPP-0.2500+131
6378,553,0,0,0,1074,42171,0,0,0,0,0,0,0,0,0,0,0,0,0,0,0,0,0,0,6376,555,0,0,0,1078,42167,0,0,0,0,0,0,0,0,0,0,0,0,0,0,0,0,0,0,6413,518,0,0,0,1223,42022,0,0,0,0,0,0,0,0,0,0,0,0,0,0,0,0,0,0,TCGA-GM-A2DD-DX1_xmin47260_ymin22408_MPP-0.2500+132
0,0,0,0,0,0,50176,0,0,0,0,0,0,0,0,0,0,0,0,0,0,0,0,0,0,0,0,0,0,0,0,50176,0,0,0,0,0,0,0,0,0,0,0,0,0,0,0,0,0,0,0,0,0,0,0,0,50176,0,0,0,0,0,0,0,0,0,0,0,0,0,0,0,0,0,0,TCGA-GM-A2DD-DX1_xmin47260_ymin22408_MPP-0.2500+133
0,0,0,0,0,0,41797,0,0,0,0,0,0,0,0,0,0,0,0,0,0,0,0,0,8379,0,0,0,0,0,0,41797,0,0,0,0,0,0,0,0,0,0,0,0,0,0,0,0,0,8379,0,0,0,0,0,0,41797,0,0,0,0,0,0,0,0,0,0,0,0,0,0,0,0,0,8379,TCGA-GM-A2DD-DX1_xmin47260_ymin22408_MPP-0.2500+134
0,0,0,0,0,4,50172,0,0,0,0,0,0,0,0,0,0,0,0,0,0,0,0,0,0,0,0,0,0,0,4,50172,0,0,0,0,0,0,0,0,0,0,0,0,0,0,0,0,0,0,0,0,0,0,0,4,50172,0,0,0,0,0,0,0,0,0,0,0,0,0,0,0,0,0,0,TCGA-GM-A2DD-DX1_xmin47260_ymin22408_MPP-0.2500+135
0,0,0,0,0,0,50176,0,0,0,0,0,0,0,0,0,0,0,0,0,0,0,0,0,0,0,0,0,0,0,0,50176,0,0,0,0,0,0,0,0,0,0,0,0,0,0,0,0,0,0,0,0,0,0,0,0,50176,0,0,0,0,0,0,0,0,0,0,0,0,0,0,0,0,0,0,TCGA-GM-A2DD-DX1_xmin47260_ymin22408_MPP-0.2500+136
0,0,0,0,0,0,49260,0,0,0,0,916,0,0,0,0,0,0,0,0,0,0,0,0,0,0,0,0,0,0,0,49260,0,0,0,0,916,0,0,0,0,0,0,0,0,0,0,0,0,0,0,0,0,0,0,0,49260,0,0,0,0,916,0,0,0,0,0,0,0,0,0,0,0,0,0,TCGA-GM-A2DD-DX1_xmin47260_ymin22408_MPP-0.2500+137
0,0,0,0,0,0,50176,0,0,0,0,0,0,0,0,0,0,0,0,0,0,0,0,0,0,0,0,0,0,0,0,50176,0,0,0,0,0,0,0,0,0,0,0,0,0,0,0,0,0,0,0,0,0,0,0,0,50176,0,0,0,0,0,0,0,0,0,0,0,0,0,0,0,0,0,0,TCGA-GM-A2DD-DX1_xmin47260_ymin22408_MPP-0.2500+138
18999,261,0,0,0,3820,27096,0,0,0,0,0,0,0,0,0,0,0,0,0,0,0,0,0,0,18999,261,0,0,0,3791,27125,0,0,0,0,0,0,0,0,0,0,0,0,0,0,0,0,0,0,19024,236,0,0,0,3737,27179,0,0,0,0,0,0,0,0,0,0,0,0,0,0,0,0,0,0,TCGA-GM-A2DD-DX1_xmin47260_ymin22408_MPP-0.2500+139
0,0,0,0,0,0,50176,0,0,0,0,0,0,0,0,0,0,0,0,0,0,0,0,0,0,0,0,0,0,0,0,50176,0,0,0,0,0,0,0,0,0,0,0,0,0,0,0,0,0,0,0,0,0,0,0,0,50176,0,0,0,0,0,0,0,0,0,0,0,0,0,0,0,0,0,0,TCGA-GM-A2DD-DX1_xmin47260_ymin22408_MPP-0.2500+14
9489,13875,0,0,0,489,26323,0,0,0,0,0,0,0,0,0,0,0,0,0,0,0,0,0,0,9800,13564,0,0,0,552,26260,0,0,0,0,0,0,0,0,0,0,0,0,0,0,0,0,0,0,9733,13631,0,0,0,598,26214,0,0,0,0,0,0,0,0,0,0,0,0,0,0,0,0,0,0,TCGA-GM-A2DD-DX1_xmin47260_ymin22408_MPP-0.2500+140
0,1690,0,0,0,0,48486,0,0,0,0,0,0,0,0,0,0,0,0,0,0,0,0,0,0,0,1690,0,0,0,0,48486,0,0,0,0,0,0,0,0,0,0,0,0,0,0,0,0,0,0,0,1690,0,0,0,0,48486,0,0,0,0,0,0,0,0,0,0,0,0,0,0,0,0,0,0,TCGA-GM-A2DD-DX1_xmin47260_ymin22408_MPP-0.2500+141
0,0,0,0,0,0,50176,0,0,0,0,0,0,0,0,0,0,0,0,0,0,0,0,0,0,0,0,0,0,0,0,50176,0,0,0,0,0,0,0,0,0,0,0,0,0,0,0,0,0,0,0,0,0,0,0,0,50176,0,0,0,0,0,0,0,0,0,0,0,0,0,0,0,0,0,0,TCGA-GM-A2DD-DX1_xmin47260_ymin22408_MPP-0.2500+142
0,0,0,0,0,0,50176,0,0,0,0,0,0,0,0,0,0,0,0,0,0,0,0,0,0,0,0,0,0,0,0,50176,0,0,0,0,0,0,0,0,0,0,0,0,0,0,0,0,0,0,0,0,0,0,0,0,50176,0,0,0,0,0,0,0,0,0,0,0,0,0,0,0,0,0,0,TCGA-GM-A2DD-DX1_xmin47260_ymin22408_MPP-0.2500+143
0,0,0,0,0,0,50176,0,0,0,0,0,0,0,0,0,0,0,0,0,0,0,0,0,0,0,0,0,0,0,0,50176,0,0,0,0,0,0,0,0,0,0,0,0,0,0,0,0,0,0,0,0,0,0,0,0,50176,0,0,0,0,0,0,0,0,0,0,0,0,0,0,0,0,0,0,TCGA-GM-A2DD-DX1_xmin47260_ymin22408_MPP-0.2500+144
0,954,0,0,0,0,45968,0,0,0,0,0,0,0,0,0,0,0,0,0,0,0,0,0,3254,0,954,0,0,0,0,45968,0,0,0,0,0,0,0,0,0,0,0,0,0,0,0,0,0,3254,0,954,0,0,0,0,45968,0,0,0,0,0,0,0,0,0,0,0,0,0,0,0,0,0,3254,TCGA-GM-A2DD-DX1_xmin47260_ymin22408_MPP-0.2500+145
0,0,0,0,0,0,45620,0,0,0,0,0,0,0,0,0,0,0,0,0,0,0,0,0,4556,0,0,0,0,0,0,45620,0,0,0,0,0,0,0,0,0,0,0,0,0,0,0,0,0,4556,0,0,0,0,0,0,45620,0,0,0,0,0,0,0,0,0,0,0,0,0,0,0,0,0,4556,TCGA-GM-A2DD-DX1_xmin47260_ymin22408_MPP-0.2500+146
0,0,0,0,0,0,50176,0,0,0,0,0,0,0,0,0,0,0,0,0,0,0,0,0,0,0,0,0,0,0,0,50176,0,0,0,0,0,0,0,0,0,0,0,0,0,0,0,0,0,0,0,0,0,0,0,0,50176,0,0,0,0,0,0,0,0,0,0,0,0,0,0,0,0,0,0,TCGA-GM-A2DD-DX1_xmin47260_ymin22408_MPP-0.2500+147
0,0,0,0,0,0,50176,0,0,0,0,0,0,0,0,0,0,0,0,0,0,0,0,0,0,0,0,0,0,0,0,50176,0,0,0,0,0,0,0,0,0,0,0,0,0,0,0,0,0,0,0,0,0,0,0,0,50176,0,0,0,0,0,0,0,0,0,0,0,0,0,0,0,0,0,0,TCGA-GM-A2DD-DX1_xmin47260_ymin22408_MPP-0.2500+148
0,0,0,0,0,0,45734,0,0,0,0,0,0,0,0,0,0,0,0,0,0,0,0,0,4442,0,0,0,0,0,0,45734,0,0,0,0,0,0,0,0,0,0,0,0,0,0,0,0,0,4442,0,0,0,0,0,0,45734,0,0,0,0,0,0,0,0,0,0,0,0,0,0,0,0,0,4442,TCGA-GM-A2DD-DX1_xmin47260_ymin22408_MPP-0.2500+149
0,0,0,0,0,0,13468,1880,0,0,0,13538,20645,0,0,0,0,0,0,0,0,0,0,0,645,0,0,0,0,0,0,13459,1889,0,0,0,14100,20083,0,0,0,0,0,0,0,0,0,0,0,645,0,0,0,0,0,0,13447,1901,0,0,0,13437,20746,0,0,0,0,0,0,0,0,0,0,0,645,TCGA-GM-A2DD-DX1_xmin47260_ymin22408_MPP-0.2500+15
0,0,0,0,0,0,49518,0,0,0,0,658,0,0,0,0,0,0,0,0,0,0,0,0,0,0,0,0,0,0,0,49518,0,0,0,0,658,0,0,0,0,0,0,0,0,0,0,0,0,0,0,0,0,0,0,0,49518,0,0,0,0,658,0,0,0,0,0,0,0,0,0,0,0,0,0,TCGA-GM-A2DD-DX1_xmin47260_ymin22408_MPP-0.2500+150
0,0,0,0,0,0,43409,0,0,0,0,6767,0,0,0,0,0,0,0,0,0,0,0,0,0,0,0,0,0,0,0,43409,0,0,0,0,6767,0,0,0,0,0,0,0,0,0,0,0,0,0,0,0,0,0,0,0,43409,0,0,0,0,6767,0,0,0,0,0,0,0,0,0,0,0,0,0,TCGA-GM-A2DD-DX1_xmin47260_ymin22408_MPP-0.2500+151
0,0,0,0,0,0,45577,0,0,0,0,4599,0,0,0,0,0,0,0,0,0,0,0,0,0,0,0,0,0,0,0,45577,0,0,0,0,4599,0,0,0,0,0,0,0,0,0,0,0,0,0,0,0,0,0,0,0,45577,0,0,0,0,4599,0,0,0,0,0,0,0,0,0,0,0,0,0,TCGA-GM-A2DD-DX1_xmin47260_ymin22408_MPP-0.2500+152
0,0,0,0,0,0,50176,0,0,0,0,0,0,0,0,0,0,0,0,0,0,0,0,0,0,0,0,0,0,0,0,50176,0,0,0,0,0,0,0,0,0,0,0,0,0,0,0,0,0,0,0,0,0,0,0,0,50176,0,0,0,0,0,0,0,0,0,0,0,0,0,0,0,0,0,0,TCGA-GM-A2DD-DX1_xmin47260_ymin22408_MPP-0.2500+153
0,1228,0,0,0,0,48948,0,0,0,0,0,0,0,0,0,0,0,0,0,0,0,0,0,0,0,1228,0,0,0,0,48948,0,0,0,0,0,0,0,0,0,0,0,0,0,0,0,0,0,0,0,1228,0,0,0,0,48948,0,0,0,0,0,0,0,0,0,0,0,0,0,0,0,0,0,0,TCGA-GM-A2DD-DX1_xmin47260_ymin22408_MPP-0.2500+154
0,1624,0,0,0,0,48552,0,0,0,0,0,0,0,0,0,0,0,0,0,0,0,0,0,0,0,1624,0,0,0,0,48552,0,0,0,0,0,0,0,0,0,0,0,0,0,0,0,0,0,0,0,1624,0,0,0,0,48552,0,0,0,0,0,0,0,0,0,0,0,0,0,0,0,0,0,0,TCGA-GM-A2DD-DX1_xmin47260_ymin22408_MPP-0.2500+155
8368,2707,0,0,0,0,39101,0,0,0,0,0,0,0,0,0,0,0,0,0,0,0,0,0,0,8328,2747,0,0,0,0,39101,0,0,0,0,0,0,0,0,0,0,0,0,0,0,0,0,0,0,8437,2638,0,0,0,0,39101,0,0,0,0,0,0,0,0,0,0,0,0,0,0,0,0,0,0,TCGA-GM-A2DD-DX1_xmin47260_ymin22408_MPP-0.2500+156
20542,2998,0,0,0,3361,23275,0,0,0,0,0,0,0,0,0,0,0,0,0,0,0,0,0,0,20698,2842,0,0,0,3893,22743,0,0,0,0,0,0,0,0,0,0,0,0,0,0,0,0,0,0,20883,2657,0,0,0,3803,22833,0,0,0,0,0,0,0,0,0,0,0,0,0,0,0,0,0,0,TCGA-GM-A2DD-DX1_xmin47260_ymin22408_MPP-0.2500+157
0,0,0,0,0,0,50059,0,0,0,0,0,0,0,0,0,0,0,0,0,0,0,0,0,117,0,0,0,0,0,0,50059,0,0,0,0,0,0,0,0,0,0,0,0,0,0,0,0,0,117,0,0,0,0,0,0,50059,0,0,0,0,0,0,0,0,0,0,0,0,0,0,0,0,0,117,TCGA-GM-A2DD-DX1_xmin47260_ymin22408_MPP-0.2500+158
0,0,0,0,0,0,50176,0,0,0,0,0,0,0,0,0,0,0,0,0,0,0,0,0,0,0,0,0,0,0,0,50176,0,0,0,0,0,0,0,0,0,0,0,0,0,0,0,0,0,0,0,0,0,0,0,0,50176,0,0,0,0,0,0,0,0,0,0,0,0,0,0,0,0,0,0,TCGA-GM-A2DD-DX1_xmin47260_ymin22408_MPP-0.2500+159
0,0,0,0,0,0,0,37,0,0,0,0,25040,0,0,0,0,0,0,0,0,0,0,0,25099,0,0,0,0,0,0,0,37,0,0,0,0,25040,0,0,0,0,0,0,0,0,0,0,0,25099,0,0,0,0,0,0,0,37,0,0,0,0,25040,0,0,0,0,0,0,0,0,0,0,0,25099,TCGA-GM-A2DD-DX1_xmin47260_ymin22408_MPP-0.2500+16
0,0,0,0,0,0,49745,0,0,0,0,0,0,0,0,0,0,0,0,0,0,0,0,0,431,0,0,0,0,0,0,49745,0,0,0,0,0,0,0,0,0,0,0,0,0,0,0,0,0,431,0,0,0,0,0,0,49745,0,0,0,0,0,0,0,0,0,0,0,0,0,0,0,0,0,431,TCGA-GM-A2DD-DX1_xmin47260_ymin22408_MPP-0.2500+160
0,0,0,0,0,0,48983,0,0,0,0,0,0,0,0,0,0,0,0,0,0,0,0,0,1193,0,0,0,0,0,0,48983,0,0,0,0,0,0,0,0,0,0,0,0,0,0,0,0,0,1193,0,0,0,0,0,0,48983,0,0,0,0,0,0,0,0,0,0,0,0,0,0,0,0,0,1193,TCGA-GM-A2DD-DX1_xmin47260_ymin22408_MPP-0.2500+161
0,0,0,0,0,1,50175,0,0,0,0,0,0,0,0,0,0,0,0,0,0,0,0,0,0,0,0,0,0,0,0,50176,0,0,0,0,0,0,0,0,0,0,0,0,0,0,0,0,0,0,0,0,0,0,0,1,50175,0,0,0,0,0,0,0,0,0,0,0,0,0,0,0,0,0,0,TCGA-GM-A2DD-DX1_xmin47260_ymin22408_MPP-0.2500+162
0,0,0,0,0,0,50176,0,0,0,0,0,0,0,0,0,0,0,0,0,0,0,0,0,0,0,0,0,0,0,0,50176,0,0,0,0,0,0,0,0,0,0,0,0,0,0,0,0,0,0,0,0,0,0,0,0,50176,0,0,0,0,0,0,0,0,0,0,0,0,0,0,0,0,0,0,TCGA-GM-A2DD-DX1_xmin47260_ymin22408_MPP-0.2500+163
0,0,0,0,0,0,50176,0,0,0,0,0,0,0,0,0,0,0,0,0,0,0,0,0,0,0,0,0,0,0,0,50176,0,0,0,0,0,0,0,0,0,0,0,0,0,0,0,0,0,0,0,0,0,0,0,0,50176,0,0,0,0,0,0,0,0,0,0,0,0,0,0,0,0,0,0,TCGA-GM-A2DD-DX1_xmin47260_ymin22408_MPP-0.2500+164
0,0,0,0,0,0,34105,0,0,0,0,16071,0,0,0,0,0,0,0,0,0,0,0,0,0,0,0,0,0,0,0,34105,0,0,0,0,16071,0,0,0,0,0,0,0,0,0,0,0,0,0,0,0,0,0,0,0,34105,0,0,0,0,16071,0,0,0,0,0,0,0,0,0,0,0,0,0,TCGA-GM-A2DD-DX1_xmin47260_ymin22408_MPP-0.2500+165
0,0,0,0,0,0,41843,0,0,0,0,8333,0,0,0,0,0,0,0,0,0,0,0,0,0,0,0,0,0,0,0,41843,0,0,0,0,8333,0,0,0,0,0,0,0,0,0,0,0,0,0,0,0,0,0,0,0,41843,0,0,0,0,8333,0,0,0,0,0,0,0,0,0,0,0,0,0,TCGA-GM-A2DD-DX1_xmin47260_ymin22408_MPP-0.2500+166
0,0,0,0,0,0,50176,0,0,0,0,0,0,0,0,0,0,0,0,0,0,0,0,0,0,0,0,0,0,0,0,50176,0,0,0,0,0,0,0,0,0,0,0,0,0,0,0,0,0,0,0,0,0,0,0,0,50176,0,0,0,0,0,0,0,0,0,0,0,0,0,0,0,0,0,0,TCGA-GM-A2DD-DX1_xmin47260_ymin22408_MPP-0.2500+167
0,0,0,0,0,0,50176,0,0,0,0,0,0,0,0,0,0,0,0,0,0,0,0,0,0,0,0,0,0,0,0,50176,0,0,0,0,0,0,0,0,0,0,0,0,0,0,0,0,0,0,0,0,0,0,0,0,50176,0,0,0,0,0,0,0,0,0,0,0,0,0,0,0,0,0,0,TCGA-GM-A2DD-DX1_xmin47260_ymin22408_MPP-0.2500+168
0,866,0,0,0,0,49310,0,0,0,0,0,0,0,0,0,0,0,0,0,0,0,0,0,0,0,866,0,0,0,0,49310,0,0,0,0,0,0,0,0,0,0,0,0,0,0,0,0,0,0,0,866,0,0,0,0,49310,0,0,0,0,0,0,0,0,0,0,0,0,0,0,0,0,0,0,TCGA-GM-A2DD-DX1_xmin47260_ymin22408_MPP-0.2500+169
0,0,0,0,0,2672,0,13230,0,0,0,0,34274,0,0,0,0,0,0,0,0,0,0,0,0,0,0,0,0,0,2384,0,13518,0,0,0,0,34274,0,0,0,0,0,0,0,0,0,0,0,0,0,0,0,0,0,2160,0,13742,0,0,0,0,34274,0,0,0,0,0,0,0,0,0,0,0,0,TCGA-GM-A2DD-DX1_xmin47260_ymin22408_MPP-0.2500+17
19514,2949,0,0,0,102,27611,0,0,0,0,0,0,0,0,0,0,0,0,0,0,0,0,0,0,19495,2968,0,0,0,102,27611,0,0,0,0,0,0,0,0,0,0,0,0,0,0,0,0,0,0,19479,2984,0,0,0,102,27611,0,0,0,0,0,0,0,0,0,0,0,0,0,0,0,0,0,0,TCGA-GM-A2DD-DX1_xmin47260_ymin22408_MPP-0.2500+170
39149,3022,0,0,0,1137,6868,0,0,0,0,0,0,0,0,0,0,0,0,0,0,0,0,0,0,39037,3134,0,0,0,1117,6888,0,0,0,0,0,0,0,0,0,0,0,0,0,0,0,0,0,0,38824,3347,0,0,0,879,7126,0,0,0,0,0,0,0,0,0,0,0,0,0,0,0,0,0,0,TCGA-GM-A2DD-DX1_xmin47260_ymin22408_MPP-0.2500+171
9024,2057,0,0,0,13076,26019,0,0,0,0,0,0,0,0,0,0,0,0,0,0,0,0,0,0,8968,2113,0,0,0,13022,26073,0,0,0,0,0,0,0,0,0,0,0,0,0,0,0,0,0,0,8945,2136,0,0,0,13353,25742,0,0,0,0,0,0,0,0,0,0,0,0,0,0,0,0,0,0,TCGA-GM-A2DD-DX1_xmin47260_ymin22408_MPP-0.2500+172
0,0,0,0,0,5739,32235,0,0,0,0,0,0,0,0,0,0,0,0,0,0,0,0,0,12202,0,0,0,0,0,5351,32623,0,0,0,0,0,0,0,0,0,0,0,0,0,0,0,0,0,12202,0,0,0,0,0,5642,32332,0,0,0,0,0,0,0,0,0,0,0,0,0,0,0,0,0,12202,TCGA-GM-A2DD-DX1_xmin47260_ymin22408_MPP-0.2500+173
0,0,0,0,0,0,50176,0,0,0,0,0,0,0,0,0,0,0,0,0,0,0,0,0,0,0,0,0,0,0,0,50176,0,0,0,0,0,0,0,0,0,0,0,0,0,0,0,0,0,0,0,0,0,0,0,0,50176,0,0,0,0,0,0,0,0,0,0,0,0,0,0,0,0,0,0,TCGA-GM-A2DD-DX1_xmin47260_ymin22408_MPP-0.2500+174
0,0,0,0,0,0,50176,0,0,0,0,0,0,0,0,0,0,0,0,0,0,0,0,0,0,0,0,0,0,0,0,50176,0,0,0,0,0,0,0,0,0,0,0,0,0,0,0,0,0,0,0,0,0,0,0,0,50176,0,0,0,0,0,0,0,0,0,0,0,0,0,0,0,0,0,0,TCGA-GM-A2DD-DX1_xmin47260_ymin22408_MPP-0.2500+175
0,0,0,0,0,0,50176,0,0,0,0,0,0,0,0,0,0,0,0,0,0,0,0,0,0,0,0,0,0,0,0,50176,0,0,0,0,0,0,0,0,0,0,0,0,0,0,0,0,0,0,0,0,0,0,0,0,50176,0,0,0,0,0,0,0,0,0,0,0,0,0,0,0,0,0,0,TCGA-GM-A2DD-DX1_xmin47260_ymin22408_MPP-0.2500+176
0,0,0,0,0,0,50176,0,0,0,0,0,0,0,0,0,0,0,0,0,0,0,0,0,0,0,0,0,0,0,0,50176,0,0,0,0,0,0,0,0,0,0,0,0,0,0,0,0,0,0,0,0,0,0,0,0,50176,0,0,0,0,0,0,0,0,0,0,0,0,0,0,0,0,0,0,TCGA-GM-A2DD-DX1_xmin47260_ymin22408_MPP-0.2500+177
0,0,0,0,0,0,50176,0,0,0,0,0,0,0,0,0,0,0,0,0,0,0,0,0,0,0,0,0,0,0,0,50176,0,0,0,0,0,0,0,0,0,0,0,0,0,0,0,0,0,0,0,0,0,0,0,0,50176,0,0,0,0,0,0,0,0,0,0,0,0,0,0,0,0,0,0,TCGA-GM-A2DD-DX1_xmin47260_ymin22408_MPP-0.2500+178
0,0,0,0,0,0,50176,0,0,0,0,0,0,0,0,0,0,0,0,0,0,0,0,0,0,0,0,0,0,0,0,50176,0,0,0,0,0,0,0,0,0,0,0,0,0,0,0,0,0,0,0,0,0,0,0,0,50176,0,0,0,0,0,0,0,0,0,0,0,0,0,0,0,0,0,0,TCGA-GM-A2DD-DX1_xmin47260_ymin22408_MPP-0.2500+179
0,0,0,0,0,0,41933,0,0,0,0,8243,0,0,0,0,0,0,0,0,0,0,0,0,0,0,0,0,0,0,0,41933,0,0,0,0,8243,0,0,0,0,0,0,0,0,0,0,0,0,0,0,0,0,0,0,0,41933,0,0,0,0,8243,0,0,0,0,0,0,0,0,0,0,0,0,0,TCGA-GM-A2DD-DX1_xmin47260_ymin22408_MPP-0.2500+18
0,0,0,0,0,0,49192,0,0,0,0,984,0,0,0,0,0,0,0,0,0,0,0,0,0,0,0,0,0,0,0,49192,0,0,0,0,984,0,0,0,0,0,0,0,0,0,0,0,0,0,0,0,0,0,0,0,49192,0,0,0,0,984,0,0,0,0,0,0,0,0,0,0,0,0,0,TCGA-GM-A2DD-DX1_xmin47260_ymin22408_MPP-0.2500+180
0,0,0,0,0,0,50176,0,0,0,0,0,0,0,0,0,0,0,0,0,0,0,0,0,0,0,0,0,0,0,0,50176,0,0,0,0,0,0,0,0,0,0,0,0,0,0,0,0,0,0,0,0,0,0,0,0,50176,0,0,0,0,0,0,0,0,0,0,0,0,0,0,0,0,0,0,TCGA-GM-A2DD-DX1_xmin47260_ymin22408_MPP-0.2500+181
0,0,0,0,0,0,50176,0,0,0,0,0,0,0,0,0,0,0,0,0,0,0,0,0,0,0,0,0,0,0,0,50176,0,0,0,0,0,0,0,0,0,0,0,0,0,0,0,0,0,0,0,0,0,0,0,0,50176,0,0,0,0,0,0,0,0,0,0,0,0,0,0,0,0,0,0,TCGA-GM-A2DD-DX1_xmin47260_ymin22408_MPP-0.2500+182
0,0,0,0,0,0,50176,0,0,0,0,0,0,0,0,0,0,0,0,0,0,0,0,0,0,0,0,0,0,0,0,50176,0,0,0,0,0,0,0,0,0,0,0,0,0,0,0,0,0,0,0,0,0,0,0,0,50176,0,0,0,0,0,0,0,0,0,0,0,0,0,0,0,0,0,0,TCGA-GM-A2DD-DX1_xmin47260_ymin22408_MPP-0.2500+183
0,2937,0,0,0,0,47239,0,0,0,0,0,0,0,0,0,0,0,0,0,0,0,0,0,0,0,2937,0,0,0,0,47239,0,0,0,0,0,0,0,0,0,0,0,0,0,0,0,0,0,0,0,2937,0,0,0,0,47239,0,0,0,0,0,0,0,0,0,0,0,0,0,0,0,0,0,0,TCGA-GM-A2DD-DX1_xmin47260_ymin22408_MPP-0.2500+184
11171,1469,0,0,0,2681,34855,0,0,0,0,0,0,0,0,0,0,0,0,0,0,0,0,0,0,10977,1663,0,0,0,2619,34917,0,0,0,0,0,0,0,0,0,0,0,0,0,0,0,0,0,0,11250,1390,0,0,0,2714,34822,0,0,0,0,0,0,0,0,0,0,0,0,0,0,0,0,0,0,TCGA-GM-A2DD-DX1_xmin47260_ymin22408_MPP-0.2500+185
9825,4428,0,0,0,4088,31835,0,0,0,0,0,0,0,0,0,0,0,0,0,0,0,0,0,0,9990,4263,0,0,0,4110,31813,0,0,0,0,0,0,0,0,0,0,0,0,0,0,0,0,0,0,10160,4093,0,0,0,4325,31598,0,0,0,0,0,0,0,0,0,0,0,0,0,0,0,0,0,0,TCGA-GM-A2DD-DX1_xmin47260_ymin22408_MPP-0.2500+186
0,5386,0,0,0,0,44790,0,0,0,0,0,0,0,0,0,0,0,0,0,0,0,0,0,0,0,5386,0,0,0,0,44790,0,0,0,0,0,0,0,0,0,0,0,0,0,0,0,0,0,0,0,5386,0,0,0,0,44790,0,0,0,0,0,0,0,0,0,0,0,0,0,0,0,0,0,0,TCGA-GM-A2DD-DX1_xmin47260_ymin22408_MPP-0.2500+187
7640,1430,0,0,0,3862,20373,0,0,0,0,0,0,0,0,0,0,0,0,0,0,0,0,0,16871,7691,1379,0,0,0,3861,20374,0,0,0,0,0,0,0,0,0,0,0,0,0,0,0,0,0,16871,7655,1415,0,0,0,3989,20246,0,0,0,0,0,0,0,0,0,0,0,0,0,0,0,0,0,16871,TCGA-GM-A2DD-DX1_xmin47260_ymin22408_MPP-0.2500+188
0,6058,0,0,0,0,44118,0,0,0,0,0,0,0,0,0,0,0,0,0,0,0,0,0,0,0,6058,0,0,0,0,44118,0,0,0,0,0,0,0,0,0,0,0,0,0,0,0,0,0,0,0,6058,0,0,0,0,44118,0,0,0,0,0,0,0,0,0,0,0,0,0,0,0,0,0,0,TCGA-GM-A2DD-DX1_xmin47260_ymin22408_MPP-0.2500+189
0,0,0,0,0,0,50176,0,0,0,0,0,0,0,0,0,0,0,0,0,0,0,0,0,0,0,0,0,0,0,0,50176,0,0,0,0,0,0,0,0,0,0,0,0,0,0,0,0,0,0,0,0,0,0,0,0,50176,0,0,0,0,0,0,0,0,0,0,0,0,0,0,0,0,0,0,TCGA-GM-A2DD-DX1_xmin47260_ymin22408_MPP-0.2500+19
0,0,0,0,0,0,50176,0,0,0,0,0,0,0,0,0,0,0,0,0,0,0,0,0,0,0,0,0,0,0,0,50176,0,0,0,0,0,0,0,0,0,0,0,0,0,0,0,0,0,0,0,0,0,0,0,0,50176,0,0,0,0,0,0,0,0,0,0,0,0,0,0,0,0,0,0,TCGA-GM-A2DD-DX1_xmin47260_ymin22408_MPP-0.2500+190
0,0,0,0,0,0,50176,0,0,0,0,0,0,0,0,0,0,0,0,0,0,0,0,0,0,0,0,0,0,0,0,50176,0,0,0,0,0,0,0,0,0,0,0,0,0,0,0,0,0,0,0,0,0,0,0,0,50176,0,0,0,0,0,0,0,0,0,0,0,0,0,0,0,0,0,0,TCGA-GM-A2DD-DX1_xmin47260_ymin22408_MPP-0.2500+191
0,0,0,0,0,0,50176,0,0,0,0,0,0,0,0,0,0,0,0,0,0,0,0,0,0,0,0,0,0,0,0,50176,0,0,0,0,0,0,0,0,0,0,0,0,0,0,0,0,0,0,0,0,0,0,0,0,50176,0,0,0,0,0,0,0,0,0,0,0,0,0,0,0,0,0,0,TCGA-GM-A2DD-DX1_xmin47260_ymin22408_MPP-0.2500+192
2732,54,0,0,0,5867,41523,0,0,0,0,0,0,0,0,0,0,0,0,0,0,0,0,0,0,2732,54,0,0,0,6233,41157,0,0,0,0,0,0,0,0,0,0,0,0,0,0,0,0,0,0,2720,66,0,0,0,5600,41790,0,0,0,0,0,0,0,0,0,0,0,0,0,0,0,0,0,0,TCGA-GM-A2DD-DX1_xmin47260_ymin22408_MPP-0.2500+193
0,5959,0,0,0,0,44217,0,0,0,0,0,0,0,0,0,0,0,0,0,0,0,0,0,0,0,5959,0,0,0,0,44217,0,0,0,0,0,0,0,0,0,0,0,0,0,0,0,0,0,0,0,5959,0,0,0,0,44217,0,0,0,0,0,0,0,0,0,0,0,0,0,0,0,0,0,0,TCGA-GM-A2DD-DX1_xmin47260_ymin22408_MPP-0.2500+194
0,0,0,0,0,0,50176,0,0,0,0,0,0,0,0,0,0,0,0,0,0,0,0,0,0,0,0,0,0,0,0,50176,0,0,0,0,0,0,0,0,0,0,0,0,0,0,0,0,0,0,0,0,0,0,0,0,50176,0,0,0,0,0,0,0,0,0,0,0,0,0,0,0,0,0,0,TCGA-GM-A2DD-DX1_xmin47260_ymin22408_MPP-0.2500+195
0,0,0,0,0,0,50176,0,0,0,0,0,0,0,0,0,0,0,0,0,0,0,0,0,0,0,0,0,0,0,0,50176,0,0,0,0,0,0,0,0,0,0,0,0,0,0,0,0,0,0,0,0,0,0,0,0,50176,0,0,0,0,0,0,0,0,0,0,0,0,0,0,0,0,0,0,TCGA-GM-A2DD-DX1_xmin47260_ymin22408_MPP-0.2500+196
0,0,0,0,0,0,50176,0,0,0,0,0,0,0,0,0,0,0,0,0,0,0,0,0,0,0,0,0,0,0,0,50176,0,0,0,0,0,0,0,0,0,0,0,0,0,0,0,0,0,0,0,0,0,0,0,0,50176,0,0,0,0,0,0,0,0,0,0,0,0,0,0,0,0,0,0,TCGA-GM-A2DD-DX1_xmin47260_ymin22408_MPP-0.2500+197
0,0,0,0,0,0,50176,0,0,0,0,0,0,0,0,0,0,0,0,0,0,0,0,0,0,0,0,0,0,0,0,50176,0,0,0,0,0,0,0,0,0,0,0,0,0,0,0,0,0,0,0,0,0,0,0,0,50176,0,0,0,0,0,0,0,0,0,0,0,0,0,0,0,0,0,0,TCGA-GM-A2DD-DX1_xmin47260_ymin22408_MPP-0.2500+198
0,11757,0,0,0,0,38419,0,0,0,0,0,0,0,0,0,0,0,0,0,0,0,0,0,0,0,11757,0,0,0,0,38419,0,0,0,0,0,0,0,0,0,0,0,0,0,0,0,0,0,0,0,11757,0,0,0,0,38419,0,0,0,0,0,0,0,0,0,0,0,0,0,0,0,0,0,0,TCGA-GM-A2DD-DX1_xmin47260_ymin22408_MPP-0.2500+199
0,0,0,0,0,10609,0,10854,0,0,879,0,23103,0,0,0,0,0,0,0,0,0,0,0,4731,0,0,0,0,0,10437,0,11026,0,0,843,0,23139,0,0,0,0,0,0,0,0,0,0,0,4731,0,0,0,0,0,10433,0,11030,0,0,783,0,23199,0,0,0,0,0,0,0,0,0,0,0,4731,TCGA-GM-A2DD-DX1_xmin47260_ymin22408_MPP-0.2500+2
0,0,0,0,0,0,50176,0,0,0,0,0,0,0,0,0,0,0,0,0,0,0,0,0,0,0,0,0,0,0,0,50176,0,0,0,0,0,0,0,0,0,0,0,0,0,0,0,0,0,0,0,0,0,0,0,0,50176,0,0,0,0,0,0,0,0,0,0,0,0,0,0,0,0,0,0,TCGA-GM-A2DD-DX1_xmin47260_ymin22408_MPP-0.2500+20
16305,2695,0,0,0,241,30935,0,0,0,0,0,0,0,0,0,0,0,0,0,0,0,0,0,0,16249,2751,0,0,0,215,30961,0,0,0,0,0,0,0,0,0,0,0,0,0,0,0,0,0,0,16361,2639,0,0,0,250,30926,0,0,0,0,0,0,0,0,0,0,0,0,0,0,0,0,0,0,TCGA-GM-A2DD-DX1_xmin47260_ymin22408_MPP-0.2500+200
12840,5453,0,0,0,889,30994,0,0,0,0,0,0,0,0,0,0,0,0,0,0,0,0,0,0,0,18293,0,0,0,0,31883,0,0,0,0,0,0,0,0,0,0,0,0,0,0,0,0,0,0,0,18293,0,0,0,0,31883,0,0,0,0,0,0,0,0,0,0,0,0,0,0,0,0,0,0,TCGA-GM-A2DD-DX1_xmin47260_ymin22408_MPP-0.2500+201
0,5223,0,0,0,0,44953,0,0,0,0,0,0,0,0,0,0,0,0,0,0,0,0,0,0,0,5223,0,0,0,0,44953,0,0,0,0,0,0,0,0,0,0,0,0,0,0,0,0,0,0,0,5223,0,0,0,0,44953,0,0,0,0,0,0,0,0,0,0,0,0,0,0,0,0,0,0,TCGA-GM-A2DD-DX1_xmin47260_ymin22408_MPP-0.2500+202
0,0,0,0,0,0,50176,0,0,0,0,0,0,0,0,0,0,0,0,0,0,0,0,0,0,0,0,0,0,0,0,50176,0,0,0,0,0,0,0,0,0,0,0,0,0,0,0,0,0,0,0,0,0,0,0,0,50176,0,0,0,0,0,0,0,0,0,0,0,0,0,0,0,0,0,0,TCGA-GM-A2DD-DX1_xmin47260_ymin22408_MPP-0.2500+203
0,904,0,0,0,0,49272,0,0,0,0,0,0,0,0,0,0,0,0,0,0,0,0,0,0,0,904,0,0,0,0,49272,0,0,0,0,0,0,0,0,0,0,0,0,0,0,0,0,0,0,0,904,0,0,0,0,49272,0,0,0,0,0,0,0,0,0,0,0,0,0,0,0,0,0,0,TCGA-GM-A2DD-DX1_xmin47260_ymin22408_MPP-0.2500+204
0,0,0,0,0,0,50176,0,0,0,0,0,0,0,0,0,0,0,0,0,0,0,0,0,0,0,0,0,0,0,0,50176,0,0,0,0,0,0,0,0,0,0,0,0,0,0,0,0,0,0,0,0,0,0,0,0,50176,0,0,0,0,0,0,0,0,0,0,0,0,0,0,0,0,0,0,TCGA-GM-A2DD-DX1_xmin47260_ymin22408_MPP-0.2500+205
0,5627,0,0,0,0,44549,0,0,0,0,0,0,0,0,0,0,0,0,0,0,0,0,0,0,0,5627,0,0,0,0,44549,0,0,0,0,0,0,0,0,0,0,0,0,0,0,0,0,0,0,0,5627,0,0,0,0,44549,0,0,0,0,0,0,0,0,0,0,0,0,0,0,0,0,0,0,TCGA-GM-A2DD-DX1_xmin47260_ymin22408_MPP-0.2500+206
11087,2229,0,0,0,800,36060,0,0,0,0,0,0,0,0,0,0,0,0,0,0,0,0,0,0,10968,2348,0,0,0,823,36037,0,0,0,0,0,0,0,0,0,0,0,0,0,0,0,0,0,0,11008,2308,0,0,0,905,35955,0,0,0,0,0,0,0,0,0,0,0,0,0,0,0,0,0,0,TCGA-GM-A2DD-DX1_xmin47260_ymin22408_MPP-0.2500+207
27524,9919,0,0,0,1843,10890,0,0,0,0,0,0,0,0,0,0,0,0,0,0,0,0,0,0,27204,10239,0,0,0,1822,10911,0,0,0,0,0,0,0,0,0,0,0,0,0,0,0,0,0,0,27007,10436,0,0,0,1800,10933,0,0,0,0,0,0,0,0,0,0,0,0,0,0,0,0,0,0,TCGA-GM-A2DD-DX1_xmin47260_ymin22408_MPP-0.2500+208
6486,995,0,0,0,21603,21092,0,0,0,0,0,0,0,0,0,0,0,0,0,0,0,0,0,0,6469,1012,0,0,0,21042,21653,0,0,0,0,0,0,0,0,0,0,0,0,0,0,0,0,0,0,6435,1046,0,0,0,20724,21971,0,0,0,0,0,0,0,0,0,0,0,0,0,0,0,0,0,0,TCGA-GM-A2DD-DX1_xmin47260_ymin22408_MPP-0.2500+209
0,0,0,0,0,0,50176,0,0,0,0,0,0,0,0,0,0,0,0,0,0,0,0,0,0,0,0,0,0,0,1,50175,0,0,0,0,0,0,0,0,0,0,0,0,0,0,0,0,0,0,0,0,0,0,0,0,50176,0,0,0,0,0,0,0,0,0,0,0,0,0,0,0,0,0,0,TCGA-GM-A2DD-DX1_xmin47260_ymin22408_MPP-0.2500+21
0,0,0,0,0,1,50175,0,0,0,0,0,0,0,0,0,0,0,0,0,0,0,0,0,0,0,0,0,0,0,0,50176,0,0,0,0,0,0,0,0,0,0,0,0,0,0,0,0,0,0,0,0,0,0,0,0,50176,0,0,0,0,0,0,0,0,0,0,0,0,0,0,0,0,0,0,TCGA-GM-A2DD-DX1_xmin47260_ymin22408_MPP-0.2500+210
0,0,0,0,0,0,50176,0,0,0,0,0,0,0,0,0,0,0,0,0,0,0,0,0,0,0,0,0,0,0,0,50176,0,0,0,0,0,0,0,0,0,0,0,0,0,0,0,0,0,0,0,0,0,0,0,0,50176,0,0,0,0,0,0,0,0,0,0,0,0,0,0,0,0,0,0,TCGA-GM-A2DD-DX1_xmin47260_ymin22408_MPP-0.2500+211
0,0,0,0,0,0,50176,0,0,0,0,0,0,0,0,0,0,0,0,0,0,0,0,0,0,0,0,0,0,0,0,50176,0,0,0,0,0,0,0,0,0,0,0,0,0,0,0,0,0,0,0,0,0,0,0,0,50176,0,0,0,0,0,0,0,0,0,0,0,0,0,0,0,0,0,0,TCGA-GM-A2DD-DX1_xmin47260_ymin22408_MPP-0.2500+212
0,0,0,0,0,0,50176,0,0,0,0,0,0,0,0,0,0,0,0,0,0,0,0,0,0,0,0,0,0,0,0,50176,0,0,0,0,0,0,0,0,0,0,0,0,0,0,0,0,0,0,0,0,0,0,0,0,50176,0,0,0,0,0,0,0,0,0,0,0,0,0,0,0,0,0,0,TCGA-GM-A2DD-DX1_xmin47260_ymin22408_MPP-0.2500+213
0,220,0,0,0,0,49956,0,0,0,0,0,0,0,0,0,0,0,0,0,0,0,0,0,0,0,220,0,0,0,0,49956,0,0,0,0,0,0,0,0,0,0,0,0,0,0,0,0,0,0,0,220,0,0,0,0,49956,0,0,0,0,0,0,0,0,0,0,0,0,0,0,0,0,0,0,TCGA-GM-A2DD-DX1_xmin47260_ymin22408_MPP-0.2500+214
0,4844,0,0,0,0,45332,0,0,0,0,0,0,0,0,0,0,0,0,0,0,0,0,0,0,0,4844,0,0,0,0,45332,0,0,0,0,0,0,0,0,0,0,0,0,0,0,0,0,0,0,0,4844,0,0,0,0,45332,0,0,0,0,0,0,0,0,0,0,0,0,0,0,0,0,0,0,TCGA-GM-A2DD-DX1_xmin47260_ymin22408_MPP-0.2500+215
0,0,0,0,0,0,50176,0,0,0,0,0,0,0,0,0,0,0,0,0,0,0,0,0,0,0,0,0,0,0,0,50176,0,0,0,0,0,0,0,0,0,0,0,0,0,0,0,0,0,0,0,0,0,0,0,0,50176,0,0,0,0,0,0,0,0,0,0,0,0,0,0,0,0,0,0,TCGA-GM-A2DD-DX1_xmin47260_ymin22408_MPP-0.2500+216
0,0,0,0,0,0,50176,0,0,0,0,0,0,0,0,0,0,0,0,0,0,0,0,0,0,0,0,0,0,0,0,50176,0,0,0,0,0,0,0,0,0,0,0,0,0,0,0,0,0,0,0,0,0,0,0,0,50176,0,0,0,0,0,0,0,0,0,0,0,0,0,0,0,0,0,0,TCGA-GM-A2DD-DX1_xmin47260_ymin22408_MPP-0.2500+217
0,0,0,0,0,0,50176,0,0,0,0,0,0,0,0,0,0,0,0,0,0,0,0,0,0,0,0,0,0,0,0,50176,0,0,0,0,0,0,0,0,0,0,0,0,0,0,0,0,0,0,0,0,0,0,0,0,50176,0,0,0,0,0,0,0,0,0,0,0,0,0,0,0,0,0,0,TCGA-GM-A2DD-DX1_xmin47260_ymin22408_MPP-0.2500+218
0,0,0,0,0,0,50176,0,0,0,0,0,0,0,0,0,0,0,0,0,0,0,0,0,0,0,0,0,0,0,0,50176,0,0,0,0,0,0,0,0,0,0,0,0,0,0,0,0,0,0,0,0,0,0,0,0,50176,0,0,0,0,0,0,0,0,0,0,0,0,0,0,0,0,0,0,TCGA-GM-A2DD-DX1_xmin47260_ymin22408_MPP-0.2500+219
0,0,0,0,0,0,50176,0,0,0,0,0,0,0,0,0,0,0,0,0,0,0,0,0,0,0,0,0,0,0,0,50176,0,0,0,0,0,0,0,0,0,0,0,0,0,0,0,0,0,0,0,0,0,0,0,0,50176,0,0,0,0,0,0,0,0,0,0,0,0,0,0,0,0,0,0,TCGA-GM-A2DD-DX1_xmin47260_ymin22408_MPP-0.2500+22
8874,350,0,0,0,1846,39106,0,0,0,0,0,0,0,0,0,0,0,0,0,0,0,0,0,0,8859,365,0,0,0,1762,39190,0,0,0,0,0,0,0,0,0,0,0,0,0,0,0,0,0,0,8836,388,0,0,0,1881,39071,0,0,0,0,0,0,0,0,0,0,0,0,0,0,0,0,0,0,TCGA-GM-A2DD-DX1_xmin47260_ymin22408_MPP-0.2500+220
4911,5748,0,0,0,402,39115,0,0,0,0,0,0,0,0,0,0,0,0,0,0,0,0,0,0,4755,5904,0,0,0,343,39174,0,0,0,0,0,0,0,0,0,0,0,0,0,0,0,0,0,0,4596,6063,0,0,0,649,38868,0,0,0,0,0,0,0,0,0,0,0,0,0,0,0,0,0,0,TCGA-GM-A2DD-DX1_xmin47260_ymin22408_MPP-0.2500+221
9391,1163,0,0,0,3331,36291,0,0,0,0,0,0,0,0,0,0,0,0,0,0,0,0,0,0,9213,1341,0,0,0,2635,36987,0,0,0,0,0,0,0,0,0,0,0,0,0,0,0,0,0,0,9421,1133,0,0,0,2965,36657,0,0,0,0,0,0,0,0,0,0,0,0,0,0,0,0,0,0,TCGA-GM-A2DD-DX1_xmin47260_ymin22408_MPP-0.2500+222
11868,5011,0,0,0,1995,31302,0,0,0,0,0,0,0,0,0,0,0,0,0,0,0,0,0,0,11877,5002,0,0,0,1974,31323,0,0,0,0,0,0,0,0,0,0,0,0,0,0,0,0,0,0,11870,5009,0,0,0,1980,31317,0,0,0,0,0,0,0,0,0,0,0,0,0,0,0,0,0,0,TCGA-GM-A2DD-DX1_xmin47260_ymin22408_MPP-0.2500+223
0,13,0,0,0,0,50163,0,0,0,0,0,0,0,0,0,0,0,0,0,0,0,0,0,0,0,13,0,0,0,0,50163,0,0,0,0,0,0,0,0,0,0,0,0,0,0,0,0,0,0,0,13,0,0,0,0,50163,0,0,0,0,0,0,0,0,0,0,0,0,0,0,0,0,0,0,TCGA-GM-A2DD-DX1_xmin47260_ymin22408_MPP-0.2500+224
0,0,0,0,0,0,50176,0,0,0,0,0,0,0,0,0,0,0,0,0,0,0,0,0,0,0,0,0,0,0,0,50176,0,0,0,0,0,0,0,0,0,0,0,0,0,0,0,0,0,0,0,0,0,0,0,0,50176,0,0,0,0,0,0,0,0,0,0,0,0,0,0,0,0,0,0,TCGA-GM-A2DD-DX1_xmin47260_ymin22408_MPP-0.2500+225
0,0,0,0,0,0,50176,0,0,0,0,0,0,0,0,0,0,0,0,0,0,0,0,0,0,0,0,0,0,0,0,50176,0,0,0,0,0,0,0,0,0,0,0,0,0,0,0,0,0,0,0,0,0,0,0,0,50176,0,0,0,0,0,0,0,0,0,0,0,0,0,0,0,0,0,0,TCGA-GM-A2DD-DX1_xmin47260_ymin22408_MPP-0.2500+226
0,0,0,0,0,0,50176,0,0,0,0,0,0,0,0,0,0,0,0,0,0,0,0,0,0,0,0,0,0,0,0,50176,0,0,0,0,0,0,0,0,0,0,0,0,0,0,0,0,0,0,0,0,0,0,0,0,50176,0,0,0,0,0,0,0,0,0,0,0,0,0,0,0,0,0,0,TCGA-GM-A2DD-DX1_xmin47260_ymin22408_MPP-0.2500+227
0,0,0,0,0,0,50176,0,0,0,0,0,0,0,0,0,0,0,0,0,0,0,0,0,0,0,0,0,0,0,0,50176,0,0,0,0,0,0,0,0,0,0,0,0,0,0,0,0,0,0,0,0,0,0,0,0,50176,0,0,0,0,0,0,0,0,0,0,0,0,0,0,0,0,0,0,TCGA-GM-A2DD-DX1_xmin47260_ymin22408_MPP-0.2500+228
0,0,0,0,0,0,50176,0,0,0,0,0,0,0,0,0,0,0,0,0,0,0,0,0,0,0,0,0,0,0,0,50176,0,0,0,0,0,0,0,0,0,0,0,0,0,0,0,0,0,0,0,0,0,0,0,0,50176,0,0,0,0,0,0,0,0,0,0,0,0,0,0,0,0,0,0,TCGA-GM-A2DD-DX1_xmin47260_ymin22408_MPP-0.2500+229
0,0,0,0,0,0,50176,0,0,0,0,0,0,0,0,0,0,0,0,0,0,0,0,0,0,0,0,0,0,0,0,50176,0,0,0,0,0,0,0,0,0,0,0,0,0,0,0,0,0,0,0,0,0,0,0,0,50176,0,0,0,0,0,0,0,0,0,0,0,0,0,0,0,0,0,0,TCGA-GM-A2DD-DX1_xmin47260_ymin22408_MPP-0.2500+23
0,0,0,0,0,0,50176,0,0,0,0,0,0,0,0,0,0,0,0,0,0,0,0,0,0,0,0,0,0,0,48,50128,0,0,0,0,0,0,0,0,0,0,0,0,0,0,0,0,0,0,0,0,0,0,0,16,50160,0,0,0,0,0,0,0,0,0,0,0,0,0,0,0,0,0,0,TCGA-GM-A2DD-DX1_xmin47260_ymin22408_MPP-0.2500+230
0,7410,0,0,0,0,42766,0,0,0,0,0,0,0,0,0,0,0,0,0,0,0,0,0,0,0,7410,0,0,0,0,42766,0,0,0,0,0,0,0,0,0,0,0,0,0,0,0,0,0,0,0,7410,0,0,0,0,42766,0,0,0,0,0,0,0,0,0,0,0,0,0,0,0,0,0,0,TCGA-GM-A2DD-DX1_xmin47260_ymin22408_MPP-0.2500+231
8043,693,0,0,0,2667,38773,0,0,0,0,0,0,0,0,0,0,0,0,0,0,0,0,0,0,7915,821,0,0,0,2447,38993,0,0,0,0,0,0,0,0,0,0,0,0,0,0,0,0,0,0,8014,722,0,0,0,3086,38354,0,0,0,0,0,0,0,0,0,0,0,0,0,0,0,0,0,0,TCGA-GM-A2DD-DX1_xmin47260_ymin22408_MPP-0.2500+232
0,1783,0,0,0,0,48393,0,0,0,0,0,0,0,0,0,0,0,0,0,0,0,0,0,0,0,1783,0,0,0,0,48393,0,0,0,0,0,0,0,0,0,0,0,0,0,0,0,0,0,0,0,1783,0,0,0,0,48393,0,0,0,0,0,0,0,0,0,0,0,0,0,0,0,0,0,0,TCGA-GM-A2DD-DX1_xmin47260_ymin22408_MPP-0.2500+233
12832,1932,0,0,0,2636,32776,0,0,0,0,0,0,0,0,0,0,0,0,0,0,0,0,0,0,12745,2019,0,0,0,2612,32800,0,0,0,0,0,0,0,0,0,0,0,0,0,0,0,0,0,0,12602,2162,0,0,0,2602,32810,0,0,0,0,0,0,0,0,0,0,0,0,0,0,0,0,0,0,TCGA-GM-A2DD-DX1_xmin47260_ymin22408_MPP-0.2500+234
0,2184,0,0,0,0,47992,0,0,0,0,0,0,0,0,0,0,0,0,0,0,0,0,0,0,0,2184,0,0,0,0,47992,0,0,0,0,0,0,0,0,0,0,0,0,0,0,0,0,0,0,0,2184,0,0,0,0,47992,0,0,0,0,0,0,0,0,0,0,0,0,0,0,0,0,0,0,TCGA-GM-A2DD-DX1_xmin47260_ymin22408_MPP-0.2500+235
0,828,0,0,0,0,49348,0,0,0,0,0,0,0,0,0,0,0,0,0,0,0,0,0,0,0,828,0,0,0,0,49348,0,0,0,0,0,0,0,0,0,0,0,0,0,0,0,0,0,0,0,828,0,0,0,0,49348,0,0,0,0,0,0,0,0,0,0,0,0,0,0,0,0,0,0,TCGA-GM-A2DD-DX1_xmin47260_ymin22408_MPP-0.2500+236
0,44,0,0,0,0,50132,0,0,0,0,0,0,0,0,0,0,0,0,0,0,0,0,0,0,0,44,0,0,0,0,50132,0,0,0,0,0,0,0,0,0,0,0,0,0,0,0,0,0,0,0,44,0,0,0,0,50132,0,0,0,0,0,0,0,0,0,0,0,0,0,0,0,0,0,0,TCGA-GM-A2DD-DX1_xmin47260_ymin22408_MPP-0.2500+237
2152,41,0,0,0,4029,43954,0,0,0,0,0,0,0,0,0,0,0,0,0,0,0,0,0,0,2151,42,0,0,0,3825,44158,0,0,0,0,0,0,0,0,0,0,0,0,0,0,0,0,0,0,2129,64,0,0,0,3639,44344,0,0,0,0,0,0,0,0,0,0,0,0,0,0,0,0,0,0,TCGA-GM-A2DD-DX1_xmin47260_ymin22408_MPP-0.2500+238
0,0,0,0,0,0,50176,0,0,0,0,0,0,0,0,0,0,0,0,0,0,0,0,0,0,0,0,0,0,0,0,50176,0,0,0,0,0,0,0,0,0,0,0,0,0,0,0,0,0,0,0,0,0,0,0,1,50175,0,0,0,0,0,0,0,0,0,0,0,0,0,0,0,0,0,0,TCGA-GM-A2DD-DX1_xmin47260_ymin22408_MPP-0.2500+239
0,0,0,0,0,0,50176,0,0,0,0,0,0,0,0,0,0,0,0,0,0,0,0,0,0,0,0,0,0,0,0,50176,0,0,0,0,0,0,0,0,0,0,0,0,0,0,0,0,0,0,0,0,0,0,0,0,50176,0,0,0,0,0,0,0,0,0,0,0,0,0,0,0,0,0,0,TCGA-GM-A2DD-DX1_xmin47260_ymin22408_MPP-0.2500+24
0,0,0,0,0,0,50176,0,0,0,0,0,0,0,0,0,0,0,0,0,0,0,0,0,0,0,0,0,0,0,0,50176,0,0,0,0,0,0,0,0,0,0,0,0,0,0,0,0,0,0,0,0,0,0,0,0,50176,0,0,0,0,0,0,0,0,0,0,0,0,0,0,0,0,0,0,TCGA-GM-A2DD-DX1_xmin47260_ymin22408_MPP-0.2500+240
0,0,0,0,0,0,50176,0,0,0,0,0,0,0,0,0,0,0,0,0,0,0,0,0,0,0,0,0,0,0,0,50176,0,0,0,0,0,0,0,0,0,0,0,0,0,0,0,0,0,0,0,0,0,0,0,0,50176,0,0,0,0,0,0,0,0,0,0,0,0,0,0,0,0,0,0,TCGA-GM-A2DD-DX1_xmin47260_ymin22408_MPP-0.2500+241
0,0,0,0,0,0,50176,0,0,0,0,0,0,0,0,0,0,0,0,0,0,0,0,0,0,0,0,0,0,0,0,50176,0,0,0,0,0,0,0,0,0,0,0,0,0,0,0,0,0,0,0,0,0,0,0,32,50144,0,0,0,0,0,0,0,0,0,0,0,0,0,0,0,0,0,0,TCGA-GM-A2DD-DX1_xmin47260_ymin22408_MPP-0.2500+242
0,0,0,0,0,0,50176,0,0,0,0,0,0,0,0,0,0,0,0,0,0,0,0,0,0,0,0,0,0,0,0,50176,0,0,0,0,0,0,0,0,0,0,0,0,0,0,0,0,0,0,0,0,0,0,0,0,50176,0,0,0,0,0,0,0,0,0,0,0,0,0,0,0,0,0,0,TCGA-GM-A2DD-DX1_xmin47260_ymin22408_MPP-0.2500+243
0,0,0,0,0,0,50176,0,0,0,0,0,0,0,0,0,0,0,0,0,0,0,0,0,0,0,0,0,0,0,0,50176,0,0,0,0,0,0,0,0,0,0,0,0,0,0,0,0,0,0,0,0,0,0,0,0,50176,0,0,0,0,0,0,0,0,0,0,0,0,0,0,0,0,0,0,TCGA-GM-A2DD-DX1_xmin47260_ymin22408_MPP-0.2500+244
0,0,0,0,0,0,50176,0,0,0,0,0,0,0,0,0,0,0,0,0,0,0,0,0,0,0,0,0,0,0,0,50176,0,0,0,0,0,0,0,0,0,0,0,0,0,0,0,0,0,0,0,0,0,0,0,0,50176,0,0,0,0,0,0,0,0,0,0,0,0,0,0,0,0,0,0,TCGA-GM-A2DD-DX1_xmin47260_ymin22408_MPP-0.2500+245
0,1,0,0,0,0,50175,0,0,0,0,0,0,0,0,0,0,0,0,0,0,0,0,0,0,0,1,0,0,0,0,50175,0,0,0,0,0,0,0,0,0,0,0,0,0,0,0,0,0,0,0,1,0,0,0,0,50175,0,0,0,0,0,0,0,0,0,0,0,0,0,0,0,0,0,0,TCGA-GM-A2DD-DX1_xmin47260_ymin22408_MPP-0.2500+246
2643,3180,0,0,0,4268,40085,0,0,0,0,0,0,0,0,0,0,0,0,0,0,0,0,0,0,2740,3083,0,0,0,4524,39829,0,0,0,0,0,0,0,0,0,0,0,0,0,0,0,0,0,0,2514,3309,0,0,0,4606,39747,0,0,0,0,0,0,0,0,0,0,0,0,0,0,0,0,0,0,TCGA-GM-A2DD-DX1_xmin47260_ymin22408_MPP-0.2500+247
32833,2548,0,0,0,0,14795,0,0,0,0,0,0,0,0,0,0,0,0,0,0,0,0,0,0,32988,2393,0,0,0,0,14795,0,0,0,0,0,0,0,0,0,0,0,0,0,0,0,0,0,0,33006,2375,0,0,0,212,14583,0,0,0,0,0,0,0,0,0,0,0,0,0,0,0,0,0,0,TCGA-GM-A2DD-DX1_xmin47260_ymin22408_MPP-0.2500+248
48638,0,0,0,0,1538,0,0,0,0,0,0,0,0,0,0,0,0,0,0,0,0,0,0,0,48638,0,0,0,0,1538,0,0,0,0,0,0,0,0,0,0,0,0,0,0,0,0,0,0,0,48638,0,0,0,0,1538,0,0,0,0,0,0,0,0,0,0,0,0,0,0,0,0,0,0,0,TCGA-GM-A2DD-DX1_xmin47260_ymin22408_MPP-0.2500+249
0,0,0,0,0,0,50176,0,0,0,0,0,0,0,0,0,0,0,0,0,0,0,0,0,0,0,0,0,0,0,0,50176,0,0,0,0,0,0,0,0,0,0,0,0,0,0,0,0,0,0,0,0,0,0,0,0,50176,0,0,0,0,0,0,0,0,0,0,0,0,0,0,0,0,0,0,TCGA-GM-A2DD-DX1_xmin47260_ymin22408_MPP-0.2500+25
0,2745,0,0,0,0,47431,0,0,0,0,0,0,0,0,0,0,0,0,0,0,0,0,0,0,0,2745,0,0,0,0,47431,0,0,0,0,0,0,0,0,0,0,0,0,0,0,0,0,0,0,0,2745,0,0,0,0,47431,0,0,0,0,0,0,0,0,0,0,0,0,0,0,0,0,0,0,TCGA-GM-A2DD-DX1_xmin47260_ymin22408_MPP-0.2500+250
0,0,0,0,0,0,50176,0,0,0,0,0,0,0,0,0,0,0,0,0,0,0,0,0,0,0,0,0,0,0,0,50176,0,0,0,0,0,0,0,0,0,0,0,0,0,0,0,0,0,0,0,0,0,0,0,0,50176,0,0,0,0,0,0,0,0,0,0,0,0,0,0,0,0,0,0,TCGA-GM-A2DD-DX1_xmin47260_ymin22408_MPP-0.2500+251
0,0,0,0,0,0,50176,0,0,0,0,0,0,0,0,0,0,0,0,0,0,0,0,0,0,0,0,0,0,0,0,50176,0,0,0,0,0,0,0,0,0,0,0,0,0,0,0,0,0,0,0,0,0,0,0,0,50176,0,0,0,0,0,0,0,0,0,0,0,0,0,0,0,0,0,0,TCGA-GM-A2DD-DX1_xmin47260_ymin22408_MPP-0.2500+252
0,0,0,0,0,0,50176,0,0,0,0,0,0,0,0,0,0,0,0,0,0,0,0,0,0,0,0,0,0,0,0,50176,0,0,0,0,0,0,0,0,0,0,0,0,0,0,0,0,0,0,0,0,0,0,0,0,50176,0,0,0,0,0,0,0,0,0,0,0,0,0,0,0,0,0,0,TCGA-GM-A2DD-DX1_xmin47260_ymin22408_MPP-0.2500+253
0,368,0,0,0,0,49808,0,0,0,0,0,0,0,0,0,0,0,0,0,0,0,0,0,0,0,368,0,0,0,0,49808,0,0,0,0,0,0,0,0,0,0,0,0,0,0,0,0,0,0,0,368,0,0,0,0,49808,0,0,0,0,0,0,0,0,0,0,0,0,0,0,0,0,0,0,TCGA-GM-A2DD-DX1_xmin47260_ymin22408_MPP-0.2500+254
16,5589,0,0,0,0,44571,0,0,0,0,0,0,0,0,0,0,0,0,0,0,0,0,0,0,16,5589,0,0,0,0,44571,0,0,0,0,0,0,0,0,0,0,0,0,0,0,0,0,0,0,16,5589,0,0,0,0,44571,0,0,0,0,0,0,0,0,0,0,0,0,0,0,0,0,0,0,TCGA-GM-A2DD-DX1_xmin47260_ymin22408_MPP-0.2500+255
0,17187,0,0,0,0,32989,0,0,0,0,0,0,0,0,0,0,0,0,0,0,0,0,0,0,0,17187,0,0,0,0,32989,0,0,0,0,0,0,0,0,0,0,0,0,0,0,0,0,0,0,0,17187,0,0,0,0,32989,0,0,0,0,0,0,0,0,0,0,0,0,0,0,0,0,0,0,TCGA-GM-A2DD-DX1_xmin47260_ymin22408_MPP-0.2500+256
0,5929,0,0,0,0,44247,0,0,0,0,0,0,0,0,0,0,0,0,0,0,0,0,0,0,0,5929,0,0,0,0,44247,0,0,0,0,0,0,0,0,0,0,0,0,0,0,0,0,0,0,0,5929,0,0,0,0,44247,0,0,0,0,0,0,0,0,0,0,0,0,0,0,0,0,0,0,TCGA-GM-A2DD-DX1_xmin47260_ymin22408_MPP-0.2500+257
0,0,0,0,0,0,50176,0,0,0,0,0,0,0,0,0,0,0,0,0,0,0,0,0,0,0,0,0,0,0,0,50176,0,0,0,0,0,0,0,0,0,0,0,0,0,0,0,0,0,0,0,0,0,0,0,0,50176,0,0,0,0,0,0,0,0,0,0,0,0,0,0,0,0,0,0,TCGA-GM-A2DD-DX1_xmin47260_ymin22408_MPP-0.2500+258
0,0,0,0,0,0,50176,0,0,0,0,0,0,0,0,0,0,0,0,0,0,0,0,0,0,0,0,0,0,0,0,50176,0,0,0,0,0,0,0,0,0,0,0,0,0,0,0,0,0,0,0,0,0,0,0,0,50176,0,0,0,0,0,0,0,0,0,0,0,0,0,0,0,0,0,0,TCGA-GM-A2DD-DX1_xmin47260_ymin22408_MPP-0.2500+259
0,0,0,0,0,0,50176,0,0,0,0,0,0,0,0,0,0,0,0,0,0,0,0,0,0,0,0,0,0,0,0,50176,0,0,0,0,0,0,0,0,0,0,0,0,0,0,0,0,0,0,0,0,0,0,0,0,50176,0,0,0,0,0,0,0,0,0,0,0,0,0,0,0,0,0,0,TCGA-GM-A2DD-DX1_xmin47260_ymin22408_MPP-0.2500+26
0,0,0,0,0,0,44530,0,0,0,0,0,0,0,0,0,0,0,0,0,0,0,0,0,5646,0,0,0,0,0,0,44530,0,0,0,0,0,0,0,0,0,0,0,0,0,0,0,0,0,5646,0,0,0,0,0,0,44530,0,0,0,0,0,0,0,0,0,0,0,0,0,0,0,0,0,5646,TCGA-GM-A2DD-DX1_xmin47260_ymin22408_MPP-0.2500+260
0,0,0,0,0,0,33174,0,0,0,0,0,0,0,0,0,0,0,0,0,0,0,0,0,17002,0,0,0,0,0,0,33174,0,0,0,0,0,0,0,0,0,0,0,0,0,0,0,0,0,17002,0,0,0,0,0,0,33174,0,0,0,0,0,0,0,0,0,0,0,0,0,0,0,0,0,17002,TCGA-GM-A2DD-DX1_xmin47260_ymin22408_MPP-0.2500+261
0,8,0,0,0,0,50168,0,0,0,0,0,0,0,0,0,0,0,0,0,0,0,0,0,0,0,8,0,0,0,0,50168,0,0,0,0,0,0,0,0,0,0,0,0,0,0,0,0,0,0,0,8,0,0,0,0,50168,0,0,0,0,0,0,0,0,0,0,0,0,0,0,0,0,0,0,TCGA-GM-A2DD-DX1_xmin47260_ymin22408_MPP-0.2500+262
17723,1436,0,0,0,1284,29733,0,0,0,0,0,0,0,0,0,0,0,0,0,0,0,0,0,0,17605,1554,0,0,0,1157,29860,0,0,0,0,0,0,0,0,0,0,0,0,0,0,0,0,0,0,17652,1507,0,0,0,1272,29745,0,0,0,0,0,0,0,0,0,0,0,0,0,0,0,0,0,0,TCGA-GM-A2DD-DX1_xmin47260_ymin22408_MPP-0.2500+263
14814,10250,0,0,0,27,25085,0,0,0,0,0,0,0,0,0,0,0,0,0,0,0,0,0,0,14934,10130,0,0,0,32,25080,0,0,0,0,0,0,0,0,0,0,0,0,0,0,0,0,0,0,15091,9973,0,0,0,27,25085,0,0,0,0,0,0,0,0,0,0,0,0,0,0,0,0,0,0,TCGA-GM-A2DD-DX1_xmin47260_ymin22408_MPP-0.2500+264
0,0,0,0,0,0,50176,0,0,0,0,0,0,0,0,0,0,0,0,0,0,0,0,0,0,0,0,0,0,0,0,50176,0,0,0,0,0,0,0,0,0,0,0,0,0,0,0,0,0,0,0,0,0,0,0,0,50176,0,0,0,0,0,0,0,0,0,0,0,0,0,0,0,0,0,0,TCGA-GM-A2DD-DX1_xmin47260_ymin22408_MPP-0.2500+265
0,0,0,0,0,0,50176,0,0,0,0,0,0,0,0,0,0,0,0,0,0,0,0,0,0,0,0,0,0,0,0,50176,0,0,0,0,0,0,0,0,0,0,0,0,0,0,0,0,0,0,0,0,0,0,0,0,50176,0,0,0,0,0,0,0,0,0,0,0,0,0,0,0,0,0,0,TCGA-GM-A2DD-DX1_xmin47260_ymin22408_MPP-0.2500+266
0,0,0,0,0,0,50176,0,0,0,0,0,0,0,0,0,0,0,0,0,0,0,0,0,0,0,0,0,0,0,0,50176,0,0,0,0,0,0,0,0,0,0,0,0,0,0,0,0,0,0,0,0,0,0,0,0,50176,0,0,0,0,0,0,0,0,0,0,0,0,0,0,0,0,0,0,TCGA-GM-A2DD-DX1_xmin47260_ymin22408_MPP-0.2500+267
0,0,0,0,0,0,50176,0,0,0,0,0,0,0,0,0,0,0,0,0,0,0,0,0,0,0,0,0,0,0,0,50176,0,0,0,0,0,0,0,0,0,0,0,0,0,0,0,0,0,0,0,0,0,0,0,0,50176,0,0,0,0,0,0,0,0,0,0,0,0,0,0,0,0,0,0,TCGA-GM-A2DD-DX1_xmin47260_ymin22408_MPP-0.2500+268
25499,8558,0,0,0,1829,14290,0,0,0,0,0,0,0,0,0,0,0,0,0,0,0,0,0,0,25452,8605,0,0,0,1743,14376,0,0,0,0,0,0,0,0,0,0,0,0,0,0,0,0,0,0,25461,8596,0,0,0,1731,14388,0,0,0,0,0,0,0,0,0,0,0,0,0,0,0,0,0,0,TCGA-GM-A2DD-DX1_xmin47260_ymin22408_MPP-0.2500+269
0,0,0,0,0,0,29767,0,0,0,0,0,0,0,0,0,0,0,0,0,0,0,0,0,20409,0,0,0,0,0,0,29767,0,0,0,0,0,0,0,0,0,0,0,0,0,0,0,0,0,20409,0,0,0,0,0,0,29767,0,0,0,0,0,0,0,0,0,0,0,0,0,0,0,0,0,20409,TCGA-GM-A2DD-DX1_xmin47260_ymin22408_MPP-0.2500+27
28393,7840,0,0,0,0,13943,0,0,0,0,0,0,0,0,0,0,0,0,0,0,0,0,0,0,28641,7592,0,0,0,0,13943,0,0,0,0,0,0,0,0,0,0,0,0,0,0,0,0,0,0,29037,7196,0,0,0,0,13943,0,0,0,0,0,0,0,0,0,0,0,0,0,0,0,0,0,0,TCGA-GM-A2DD-DX1_xmin47260_ymin22408_MPP-0.2500+270
50176,0,0,0,0,0,0,0,0,0,0,0,0,0,0,0,0,0,0,0,0,0,0,0,0,50176,0,0,0,0,0,0,0,0,0,0,0,0,0,0,0,0,0,0,0,0,0,0,0,0,50176,0,0,0,0,0,0,0,0,0,0,0,0,0,0,0,0,0,0,0,0,0,0,0,0,TCGA-GM-A2DD-DX1_xmin47260_ymin22408_MPP-0.2500+271
27080,11539,0,0,0,563,10994,0,0,0,0,0,0,0,0,0,0,0,0,0,0,0,0,0,0,27050,11569,0,0,0,575,10982,0,0,0,0,0,0,0,0,0,0,0,0,0,0,0,0,0,0,26872,11747,0,0,0,534,11023,0,0,0,0,0,0,0,0,0,0,0,0,0,0,0,0,0,0,TCGA-GM-A2DD-DX1_xmin47260_ymin22408_MPP-0.2500+272
7434,4721,0,0,0,2827,35194,0,0,0,0,0,0,0,0,0,0,0,0,0,0,0,0,0,0,0,12155,0,0,0,0,38021,0,0,0,0,0,0,0,0,0,0,0,0,0,0,0,0,0,0,0,12155,0,0,0,0,38021,0,0,0,0,0,0,0,0,0,0,0,0,0,0,0,0,0,0,TCGA-GM-A2DD-DX1_xmin47260_ymin22408_MPP-0.2500+273
0,0,0,0,0,0,50176,0,0,0,0,0,0,0,0,0,0,0,0,0,0,0,0,0,0,0,0,0,0,0,0,50176,0,0,0,0,0,0,0,0,0,0,0,0,0,0,0,0,0,0,0,0,0,0,0,0,50176,0,0,0,0,0,0,0,0,0,0,0,0,0,0,0,0,0,0,TCGA-GM-A2DD-DX1_xmin47260_ymin22408_MPP-0.2500+274
0,0,0,0,0,0,38485,0,0,0,0,0,0,0,0,0,0,0,0,0,0,0,0,0,11691,0,0,0,0,0,0,38485,0,0,0,0,0,0,0,0,0,0,0,0,0,0,0,0,0,11691,0,0,0,0,0,0,38485,0,0,0,0,0,0,0,0,0,0,0,0,0,0,0,0,0,11691,TCGA-GM-A2DD-DX1_xmin47260_ymin22408_MPP-0.2500+275
0,0,0,0,0,0,42206,0,0,0,0,0,0,0,0,0,0,0,0,0,0,0,0,0,7970,0,0,0,0,0,0,42206,0,0,0,0,0,0,0,0,0,0,0,0,0,0,0,0,0,7970,0,0,0,0,0,0,42206,0,0,0,0,0,0,0,0,0,0,0,0,0,0,0,0,0,7970,TCGA-GM-A2DD-DX1_xmin47260_ymin22408_MPP-0.2500+276
0,0,0,0,0,0,50176,0,0,0,0,0,0,0,0,0,0,0,0,0,0,0,0,0,0,0,0,0,0,0,0,50176,0,0,0,0,0,0,0,0,0,0,0,0,0,0,0,0,0,0,0,0,0,0,0,0,50176,0,0,0,0,0,0,0,0,0,0,0,0,0,0,0,0,0,0,TCGA-GM-A2DD-DX1_xmin47260_ymin22408_MPP-0.2500+277
0,5,0,0,0,0,50171,0,0,0,0,0,0,0,0,0,0,0,0,0,0,0,0,0,0,0,5,0,0,0,0,50171,0,0,0,0,0,0,0,0,0,0,0,0,0,0,0,0,0,0,0,5,0,0,0,0,50171,0,0,0,0,0,0,0,0,0,0,0,0,0,0,0,0,0,0,TCGA-GM-A2DD-DX1_xmin47260_ymin22408_MPP-0.2500+278
0,2563,0,0,0,0,47613,0,0,0,0,0,0,0,0,0,0,0,0,0,0,0,0,0,0,0,2563,0,0,0,0,47613,0,0,0,0,0,0,0,0,0,0,0,0,0,0,0,0,0,0,0,2563,0,0,0,0,47613,0,0,0,0,0,0,0,0,0,0,0,0,0,0,0,0,0,0,TCGA-GM-A2DD-DX1_xmin47260_ymin22408_MPP-0.2500+279
0,0,0,0,0,0,49781,0,0,0,0,0,0,0,0,0,0,0,0,0,0,0,0,0,395,0,0,0,0,0,0,49781,0,0,0,0,0,0,0,0,0,0,0,0,0,0,0,0,0,395,0,0,0,0,0,0,49781,0,0,0,0,0,0,0,0,0,0,0,0,0,0,0,0,0,395,TCGA-GM-A2DD-DX1_xmin47260_ymin22408_MPP-0.2500+28
0,0,0,0,0,0,50176,0,0,0,0,0,0,0,0,0,0,0,0,0,0,0,0,0,0,0,0,0,0,0,0,50176,0,0,0,0,0,0,0,0,0,0,0,0,0,0,0,0,0,0,0,0,0,0,0,0,50176,0,0,0,0,0,0,0,0,0,0,0,0,0,0,0,0,0,0,TCGA-GM-A2DD-DX1_xmin47260_ymin22408_MPP-0.2500+280
0,0,0,0,0,0,50176,0,0,0,0,0,0,0,0,0,0,0,0,0,0,0,0,0,0,0,0,0,0,0,0,50176,0,0,0,0,0,0,0,0,0,0,0,0,0,0,0,0,0,0,0,0,0,0,0,0,50176,0,0,0,0,0,0,0,0,0,0,0,0,0,0,0,0,0,0,TCGA-GM-A2DD-DX1_xmin47260_ymin22408_MPP-0.2500+281
0,0,0,0,0,0,50176,0,0,0,0,0,0,0,0,0,0,0,0,0,0,0,0,0,0,0,0,0,0,0,0,50176,0,0,0,0,0,0,0,0,0,0,0,0,0,0,0,0,0,0,0,0,0,0,0,0,50176,0,0,0,0,0,0,0,0,0,0,0,0,0,0,0,0,0,0,TCGA-GM-A2DD-DX1_xmin47260_ymin22408_MPP-0.2500+282
19516,6986,0,0,0,4160,19514,0,0,0,0,0,0,0,0,0,0,0,0,0,0,0,0,0,0,19387,7115,0,0,0,4224,19450,0,0,0,0,0,0,0,0,0,0,0,0,0,0,0,0,0,0,19295,7207,0,0,0,4404,19270,0,0,0,0,0,0,0,0,0,0,0,0,0,0,0,0,0,0,TCGA-GM-A2DD-DX1_xmin47260_ymin22408_MPP-0.2500+283
50107,0,0,0,0,69,0,0,0,0,0,0,0,0,0,0,0,0,0,0,0,0,0,0,0,50107,0,0,0,0,69,0,0,0,0,0,0,0,0,0,0,0,0,0,0,0,0,0,0,0,50107,0,0,0,0,69,0,0,0,0,0,0,0,0,0,0,0,0,0,0,0,0,0,0,0,TCGA-GM-A2DD-DX1_xmin47260_ymin22408_MPP-0.2500+284
30147,2194,0,0,0,352,11716,0,0,0,0,0,0,0,0,0,0,0,0,0,0,0,0,0,5767,30139,2202,0,0,0,377,11691,0,0,0,0,0,0,0,0,0,0,0,0,0,0,0,0,0,5767,30055,2286,0,0,0,410,11658,0,0,0,0,0,0,0,0,0,0,0,0,0,0,0,0,0,5767,TCGA-GM-A2DD-DX1_xmin47260_ymin22408_MPP-0.2500+285
49674,0,0,0,0,0,0,0,0,0,0,0,0,0,0,0,0,0,0,0,0,0,0,0,502,49674,0,0,0,0,0,0,0,0,0,0,0,0,0,0,0,0,0,0,0,0,0,0,0,502,49674,0,0,0,0,0,0,0,0,0,0,0,0,0,0,0,0,0,0,0,0,0,0,0,502,TCGA-GM-A2DD-DX1_xmin47260_ymin22408_MPP-0.2500+286
37083,0,0,0,0,1957,0,0,0,0,0,0,0,0,0,0,0,0,0,0,0,0,0,0,11136,37083,0,0,0,0,1957,0,0,0,0,0,0,0,0,0,0,0,0,0,0,0,0,0,0,11136,37083,0,0,0,0,1957,0,0,0,0,0,0,0,0,0,0,0,0,0,0,0,0,0,0,11136,TCGA-GM-A2DD-DX1_xmin47260_ymin22408_MPP-0.2500+287
35007,1639,0,0,0,3713,9817,0,0,0,0,0,0,0,0,0,0,0,0,0,0,0,0,0,0,35027,1619,0,0,0,3753,9777,0,0,0,0,0,0,0,0,0,0,0,0,0,0,0,0,0,0,34949,1697,0,0,0,3749,9781,0,0,0,0,0,0,0,0,0,0,0,0,0,0,0,0,0,0,TCGA-GM-A2DD-DX1_xmin47260_ymin22408_MPP-0.2500+288
0,418,0,0,0,0,49758,0,0,0,0,0,0,0,0,0,0,0,0,0,0,0,0,0,0,0,418,0,0,0,0,49758,0,0,0,0,0,0,0,0,0,0,0,0,0,0,0,0,0,0,0,418,0,0,0,0,49758,0,0,0,0,0,0,0,0,0,0,0,0,0,0,0,0,0,0,TCGA-GM-A2DD-DX1_xmin47260_ymin22408_MPP-0.2500+289
0,0,0,0,0,0,50176,0,0,0,0,0,0,0,0,0,0,0,0,0,0,0,0,0,0,0,0,0,0,0,0,50176,0,0,0,0,0,0,0,0,0,0,0,0,0,0,0,0,0,0,0,0,0,0,0,0,50176,0,0,0,0,0,0,0,0,0,0,0,0,0,0,0,0,0,0,TCGA-GM-A2DD-DX1_xmin47260_ymin22408_MPP-0.2500+29
0,3588,0,0,0,0,46588,0,0,0,0,0,0,0,0,0,0,0,0,0,0,0,0,0,0,0,3588,0,0,0,0,46588,0,0,0,0,0,0,0,0,0,0,0,0,0,0,0,0,0,0,0,3588,0,0,0,0,46588,0,0,0,0,0,0,0,0,0,0,0,0,0,0,0,0,0,0,TCGA-GM-A2DD-DX1_xmin47260_ymin22408_MPP-0.2500+290
0,0,0,0,0,0,48404,0,0,0,0,0,0,0,0,0,0,0,0,0,0,0,0,0,1772,0,0,0,0,0,0,48404,0,0,0,0,0,0,0,0,0,0,0,0,0,0,0,0,0,1772,0,0,0,0,0,0,48404,0,0,0,0,0,0,0,0,0,0,0,0,0,0,0,0,0,1772,TCGA-GM-A2DD-DX1_xmin47260_ymin22408_MPP-0.2500+291
0,0,0,0,0,0,50176,0,0,0,0,0,0,0,0,0,0,0,0,0,0,0,0,0,0,0,0,0,0,0,0,50176,0,0,0,0,0,0,0,0,0,0,0,0,0,0,0,0,0,0,0,0,0,0,0,0,50176,0,0,0,0,0,0,0,0,0,0,0,0,0,0,0,0,0,0,TCGA-GM-A2DD-DX1_xmin47260_ymin22408_MPP-0.2500+292
0,0,0,0,0,0,50176,0,0,0,0,0,0,0,0,0,0,0,0,0,0,0,0,0,0,0,0,0,0,0,0,50176,0,0,0,0,0,0,0,0,0,0,0,0,0,0,0,0,0,0,0,0,0,0,0,0,50176,0,0,0,0,0,0,0,0,0,0,0,0,0,0,0,0,0,0,TCGA-GM-A2DD-DX1_xmin47260_ymin22408_MPP-0.2500+293
0,0,0,0,0,0,50176,0,0,0,0,0,0,0,0,0,0,0,0,0,0,0,0,0,0,0,0,0,0,0,0,50176,0,0,0,0,0,0,0,0,0,0,0,0,0,0,0,0,0,0,0,0,0,0,0,0,50176,0,0,0,0,0,0,0,0,0,0,0,0,0,0,0,0,0,0,TCGA-GM-A2DD-DX1_xmin47260_ymin22408_MPP-0.2500+294
0,0,0,0,0,0,50176,0,0,0,0,0,0,0,0,0,0,0,0,0,0,0,0,0,0,0,0,0,0,0,0,50176,0,0,0,0,0,0,0,0,0,0,0,0,0,0,0,0,0,0,0,0,0,0,0,0,50176,0,0,0,0,0,0,0,0,0,0,0,0,0,0,0,0,0,0,TCGA-GM-A2DD-DX1_xmin47260_ymin22408_MPP-0.2500+295
0,1017,0,0,0,0,49159,0,0,0,0,0,0,0,0,0,0,0,0,0,0,0,0,0,0,0,1017,0,0,0,0,49159,0,0,0,0,0,0,0,0,0,0,0,0,0,0,0,0,0,0,0,1017,0,0,0,0,49159,0,0,0,0,0,0,0,0,0,0,0,0,0,0,0,0,0,0,TCGA-GM-A2DD-DX1_xmin47260_ymin22408_MPP-0.2500+296
23873,4582,0,0,0,632,21089,0,0,0,0,0,0,0,0,0,0,0,0,0,0,0,0,0,0,23994,4461,0,0,0,632,21089,0,0,0,0,0,0,0,0,0,0,0,0,0,0,0,0,0,0,24129,4326,0,0,0,632,21089,0,0,0,0,0,0,0,0,0,0,0,0,0,0,0,0,0,0,TCGA-GM-A2DD-DX1_xmin47260_ymin22408_MPP-0.2500+297
38677,4323,0,0,0,57,7119,0,0,0,0,0,0,0,0,0,0,0,0,0,0,0,0,0,0,38542,4458,0,0,0,38,7138,0,0,0,0,0,0,0,0,0,0,0,0,0,0,0,0,0,0,38361,4639,0,0,0,43,7133,0,0,0,0,0,0,0,0,0,0,0,0,0,0,0,0,0,0,TCGA-GM-A2DD-DX1_xmin47260_ymin22408_MPP-0.2500+298
49460,0,0,0,0,716,0,0,0,0,0,0,0,0,0,0,0,0,0,0,0,0,0,0,0,49460,0,0,0,0,716,0,0,0,0,0,0,0,0,0,0,0,0,0,0,0,0,0,0,0,49460,0,0,0,0,716,0,0,0,0,0,0,0,0,0,0,0,0,0,0,0,0,0,0,0,TCGA-GM-A2DD-DX1_xmin47260_ymin22408_MPP-0.2500+299
0,0,0,0,0,0,50176,0,0,0,0,0,0,0,0,0,0,0,0,0,0,0,0,0,0,0,0,0,0,0,0,50176,0,0,0,0,0,0,0,0,0,0,0,0,0,0,0,0,0,0,0,0,0,0,0,0,50176,0,0,0,0,0,0,0,0,0,0,0,0,0,0,0,0,0,0,TCGA-GM-A2DD-DX1_xmin47260_ymin22408_MPP-0.2500+3
1309,897,0,0,0,221,19166,139,0,0,0,15836,12608,0,0,0,0,0,0,0,0,0,0,0,0,1328,878,0,0,0,203,19204,119,0,0,0,16722,11722,0,0,0,0,0,0,0,0,0,0,0,0,1408,798,0,0,0,278,19012,236,0,0,0,16747,11697,0,0,0,0,0,0,0,0,0,0,0,0,TCGA-GM-A2DD-DX1_xmin47260_ymin22408_MPP-0.2500+30
9116,2289,0,0,0,4633,22208,0,0,0,0,0,0,0,0,0,0,0,0,0,0,0,0,0,11930,9167,2238,0,0,0,4777,22064,0,0,0,0,0,0,0,0,0,0,0,0,0,0,0,0,0,11930,8804,2601,0,0,0,4773,22068,0,0,0,0,0,0,0,0,0,0,0,0,0,0,0,0,0,11930,TCGA-GM-A2DD-DX1_xmin47260_ymin22408_MPP-0.2500+300
28187,1541,0,0,0,2683,9773,0,0,0,0,0,0,0,0,0,0,0,0,0,0,0,0,0,7992,28325,1403,0,0,0,3032,9424,0,0,0,0,0,0,0,0,0,0,0,0,0,0,0,0,0,7992,28310,1418,0,0,0,2996,9460,0,0,0,0,0,0,0,0,0,0,0,0,0,0,0,0,0,7992,TCGA-GM-A2DD-DX1_xmin47260_ymin22408_MPP-0.2500+301
16547,282,0,0,0,5347,10525,0,0,0,0,0,0,0,0,0,0,0,0,0,0,0,0,0,17475,16547,282,0,0,0,5785,10087,0,0,0,0,0,0,0,0,0,0,0,0,0,0,0,0,0,17475,16547,282,0,0,0,5960,9912,0,0,0,0,0,0,0,0,0,0,0,0,0,0,0,0,0,17475,TCGA-GM-A2DD-DX1_xmin47260_ymin22408_MPP-0.2500+302
14295,3128,0,0,0,3676,29077,0,0,0,0,0,0,0,0,0,0,0,0,0,0,0,0,0,0,14360,3063,0,0,0,3777,28976,0,0,0,0,0,0,0,0,0,0,0,0,0,0,0,0,0,0,14467,2956,0,0,0,4565,28188,0,0,0,0,0,0,0,0,0,0,0,0,0,0,0,0,0,0,TCGA-GM-A2DD-DX1_xmin47260_ymin22408_MPP-0.2500+303
0,11328,0,0,0,0,38848,0,0,0,0,0,0,0,0,0,0,0,0,0,0,0,0,0,0,0,11328,0,0,0,0,38848,0,0,0,0,0,0,0,0,0,0,0,0,0,0,0,0,0,0,0,11328,0,0,0,0,38848,0,0,0,0,0,0,0,0,0,0,0,0,0,0,0,0,0,0,TCGA-GM-A2DD-DX1_xmin47260_ymin22408_MPP-0.2500+304
10255,4016,0,0,0,2616,33289,0,0,0,0,0,0,0,0,0,0,0,0,0,0,0,0,0,0,10268,4003,0,0,0,2773,33132,0,0,0,0,0,0,0,0,0,0,0,0,0,0,0,0,0,0,10407,3864,0,0,0,3437,32468,0,0,0,0,0,0,0,0,0,0,0,0,0,0,0,0,0,0,TCGA-GM-A2DD-DX1_xmin47260_ymin22408_MPP-0.2500+305
0,12925,0,0,0,0,23454,0,0,0,0,0,0,0,0,0,0,0,0,0,0,0,0,0,13797,0,12925,0,0,0,0,23454,0,0,0,0,0,0,0,0,0,0,0,0,0,0,0,0,0,13797,0,12925,0,0,0,0,23454,0,0,0,0,0,0,0,0,0,0,0,0,0,0,0,0,0,13797,TCGA-GM-A2DD-DX1_xmin47260_ymin22408_MPP-0.2500+306
0,0,0,0,0,0,41681,0,0,0,0,0,0,0,0,0,0,0,0,0,0,0,0,0,8495,0,0,0,0,0,0,41681,0,0,0,0,0,0,0,0,0,0,0,0,0,0,0,0,0,8495,0,0,0,0,0,0,41681,0,0,0,0,0,0,0,0,0,0,0,0,0,0,0,0,0,8495,TCGA-GM-A2DD-DX1_xmin47260_ymin22408_MPP-0.2500+307
0,0,0,0,0,0,38848,0,0,0,0,0,0,0,0,0,0,0,0,0,0,0,0,0,11328,0,0,0,0,0,0,38848,0,0,0,0,0,0,0,0,0,0,0,0,0,0,0,0,0,11328,0,0,0,0,0,0,38848,0,0,0,0,0,0,0,0,0,0,0,0,0,0,0,0,0,11328,TCGA-GM-A2DD-DX1_xmin47260_ymin22408_MPP-0.2500+308
0,0,0,0,0,0,50176,0,0,0,0,0,0,0,0,0,0,0,0,0,0,0,0,0,0,0,0,0,0,0,0,50176,0,0,0,0,0,0,0,0,0,0,0,0,0,0,0,0,0,0,0,0,0,0,0,0,50176,0,0,0,0,0,0,0,0,0,0,0,0,0,0,0,0,0,0,TCGA-GM-A2DD-DX1_xmin47260_ymin22408_MPP-0.2500+309
0,0,0,0,0,0,7783,0,0,0,0,13478,28915,0,0,0,0,0,0,0,0,0,0,0,0,0,0,0,0,0,0,7783,0,0,0,0,13711,28682,0,0,0,0,0,0,0,0,0,0,0,0,0,0,0,0,0,0,7783,0,0,0,0,14086,28307,0,0,0,0,0,0,0,0,0,0,0,0,TCGA-GM-A2DD-DX1_xmin47260_ymin22408_MPP-0.2500+31
0,0,0,0,0,0,50176,0,0,0,0,0,0,0,0,0,0,0,0,0,0,0,0,0,0,0,0,0,0,0,0,50176,0,0,0,0,0,0,0,0,0,0,0,0,0,0,0,0,0,0,0,0,0,0,0,0,50176,0,0,0,0,0,0,0,0,0,0,0,0,0,0,0,0,0,0,TCGA-GM-A2DD-DX1_xmin47260_ymin22408_MPP-0.2500+310
0,16221,0,0,0,0,33955,0,0,0,0,0,0,0,0,0,0,0,0,0,0,0,0,0,0,0,16221,0,0,0,0,33955,0,0,0,0,0,0,0,0,0,0,0,0,0,0,0,0,0,0,0,16221,0,0,0,0,33955,0,0,0,0,0,0,0,0,0,0,0,0,0,0,0,0,0,0,TCGA-GM-A2DD-DX1_xmin47260_ymin22408_MPP-0.2500+311
31400,6133,0,0,0,1027,11616,0,0,0,0,0,0,0,0,0,0,0,0,0,0,0,0,0,0,31272,6261,0,0,0,995,11648,0,0,0,0,0,0,0,0,0,0,0,0,0,0,0,0,0,0,31214,6319,0,0,0,861,11782,0,0,0,0,0,0,0,0,0,0,0,0,0,0,0,0,0,0,TCGA-GM-A2DD-DX1_xmin47260_ymin22408_MPP-0.2500+312
26659,4348,0,0,0,0,19169,0,0,0,0,0,0,0,0,0,0,0,0,0,0,0,0,0,0,26515,4492,0,0,0,0,19169,0,0,0,0,0,0,0,0,0,0,0,0,0,0,0,0,0,0,26128,4879,0,0,0,0,19169,0,0,0,0,0,0,0,0,0,0,0,0,0,0,0,0,0,0,TCGA-GM-A2DD-DX1_xmin47260_ymin22408_MPP-0.2500+313
31305,12523,0,0,0,102,6246,0,0,0,0,0,0,0,0,0,0,0,0,0,0,0,0,0,0,30523,13305,0,0,0,126,6222,0,0,0,0,0,0,0,0,0,0,0,0,0,0,0,0,0,0,30794,13034,0,0,0,91,6257,0,0,0,0,0,0,0,0,0,0,0,0,0,0,0,0,0,0,TCGA-GM-A2DD-DX1_xmin47260_ymin22408_MPP-0.2500+314
6292,0,0,0,0,9034,6696,0,0,0,0,0,0,0,0,15618,3509,0,0,0,0,0,0,0,9027,6292,0,0,0,0,9169,6561,0,0,0,0,0,0,0,0,16088,3039,0,0,0,0,0,0,0,9027,6292,0,0,0,0,9099,6631,0,0,0,0,0,0,0,0,15912,3215,0,0,0,0,0,0,0,9027,TCGA-GM-A2DD-DX1_xmin47260_ymin22408_MPP-0.2500+315
0,6831,0,0,0,0,35308,0,0,0,0,0,0,0,0,0,0,0,0,0,0,0,0,0,8037,0,6831,0,0,0,1,35307,0,0,0,0,0,0,0,0,0,0,0,0,0,0,0,0,0,8037,0,6831,0,0,0,0,35308,0,0,0,0,0,0,0,0,0,0,0,0,0,0,0,0,0,8037,TCGA-GM-A2DD-DX1_xmin47260_ymin22408_MPP-0.2500+316
32926,2676,0,0,0,2999,11575,0,0,0,0,0,0,0,0,0,0,0,0,0,0,0,0,0,0,33256,2346,0,0,0,3034,11540,0,0,0,0,0,0,0,0,0,0,0,0,0,0,0,0,0,0,33231,2371,0,0,0,2981,11593,0,0,0,0,0,0,0,0,0,0,0,0,0,0,0,0,0,0,TCGA-GM-A2DD-DX1_xmin47260_ymin22408_MPP-0.2500+317
32623,1515,0,0,0,2715,13323,0,0,0,0,0,0,0,0,0,0,0,0,0,0,0,0,0,0,32497,1641,0,0,0,2569,13469,0,0,0,0,0,0,0,0,0,0,0,0,0,0,0,0,0,0,32291,1847,0,0,0,2430,13608,0,0,0,0,0,0,0,0,0,0,0,0,0,0,0,0,0,0,TCGA-GM-A2DD-DX1_xmin47260_ymin22408_MPP-0.2500+318
27058,10489,0,0,0,291,12338,0,0,0,0,0,0,0,0,0,0,0,0,0,0,0,0,0,0,26708,10839,0,0,0,222,12407,0,0,0,0,0,0,0,0,0,0,0,0,0,0,0,0,0,0,26405,11142,0,0,0,195,12434,0,0,0,0,0,0,0,0,0,0,0,0,0,0,0,0,0,0,TCGA-GM-A2DD-DX1_xmin47260_ymin22408_MPP-0.2500+319
0,0,0,0,0,0,33437,80,0,0,0,4928,11731,0,0,0,0,0,0,0,0,0,0,0,0,0,0,0,0,0,0,33453,64,0,0,0,5827,10832,0,0,0,0,0,0,0,0,0,0,0,0,0,0,0,0,0,0,33466,51,0,0,0,5731,10928,0,0,0,0,0,0,0,0,0,0,0,0,TCGA-GM-A2DD-DX1_xmin47260_ymin22408_MPP-0.2500+32
50176,0,0,0,0,0,0,0,0,0,0,0,0,0,0,0,0,0,0,0,0,0,0,0,0,50176,0,0,0,0,0,0,0,0,0,0,0,0,0,0,0,0,0,0,0,0,0,0,0,0,50176,0,0,0,0,0,0,0,0,0,0,0,0,0,0,0,0,0,0,0,0,0,0,0,0,TCGA-GM-A2DD-DX1_xmin47260_ymin22408_MPP-0.2500+320
26775,0,0,0,0,6048,0,0,0,0,0,0,0,0,0,0,0,0,0,0,0,0,0,0,17353,26775,0,0,0,0,6048,0,0,0,0,0,0,0,0,0,0,0,0,0,0,0,0,0,0,17353,26775,0,0,0,0,6048,0,0,0,0,0,0,0,0,0,0,0,0,0,0,0,0,0,0,17353,TCGA-GM-A2DD-DX1_xmin47260_ymin22408_MPP-0.2500+321
0,12025,0,0,0,0,35434,0,0,0,0,0,0,0,0,0,0,0,0,0,0,0,0,0,2717,0,12025,0,0,0,0,35434,0,0,0,0,0,0,0,0,0,0,0,0,0,0,0,0,0,2717,0,12025,0,0,0,0,35434,0,0,0,0,0,0,0,0,0,0,0,0,0,0,0,0,0,2717,TCGA-GM-A2DD-DX1_xmin47260_ymin22408_MPP-0.2500+322
0,0,0,0,0,0,49040,0,0,0,0,0,0,0,0,0,0,0,0,0,0,0,0,0,1136,0,0,0,0,0,0,49040,0,0,0,0,0,0,0,0,0,0,0,0,0,0,0,0,0,1136,0,0,0,0,0,0,49040,0,0,0,0,0,0,0,0,0,0,0,0,0,0,0,0,0,1136,TCGA-GM-A2DD-DX1_xmin47260_ymin22408_MPP-0.2500+323
0,0,0,0,0,0,50176,0,0,0,0,0,0,0,0,0,0,0,0,0,0,0,0,0,0,0,0,0,0,0,0,50176,0,0,0,0,0,0,0,0,0,0,0,0,0,0,0,0,0,0,0,0,0,0,0,0,50176,0,0,0,0,0,0,0,0,0,0,0,0,0,0,0,0,0,0,TCGA-GM-A2DD-DX1_xmin47260_ymin22408_MPP-0.2500+324
0,0,0,0,0,0,50176,0,0,0,0,0,0,0,0,0,0,0,0,0,0,0,0,0,0,0,0,0,0,0,0,50176,0,0,0,0,0,0,0,0,0,0,0,0,0,0,0,0,0,0,0,0,0,0,0,0,50176,0,0,0,0,0,0,0,0,0,0,0,0,0,0,0,0,0,0,TCGA-GM-A2DD-DX1_xmin47260_ymin22408_MPP-0.2500+325
0,3199,0,0,0,0,46977,0,0,0,0,0,0,0,0,0,0,0,0,0,0,0,0,0,0,0,3199,0,0,0,0,46977,0,0,0,0,0,0,0,0,0,0,0,0,0,0,0,0,0,0,0,3199,0,0,0,0,46977,0,0,0,0,0,0,0,0,0,0,0,0,0,0,0,0,0,0,TCGA-GM-A2DD-DX1_xmin47260_ymin22408_MPP-0.2500+326
15510,5380,0,0,0,2416,26870,0,0,0,0,0,0,0,0,0,0,0,0,0,0,0,0,0,0,15503,5387,0,0,0,2251,27035,0,0,0,0,0,0,0,0,0,0,0,0,0,0,0,0,0,0,15636,5254,0,0,0,2241,27045,0,0,0,0,0,0,0,0,0,0,0,0,0,0,0,0,0,0,TCGA-GM-A2DD-DX1_xmin47260_ymin22408_MPP-0.2500+327
15047,8791,0,0,0,1024,25314,0,0,0,0,0,0,0,0,0,0,0,0,0,0,0,0,0,0,15144,8694,0,0,0,1013,25325,0,0,0,0,0,0,0,0,0,0,0,0,0,0,0,0,0,0,15564,8274,0,0,0,1050,25288,0,0,0,0,0,0,0,0,0,0,0,0,0,0,0,0,0,0,TCGA-GM-A2DD-DX1_xmin47260_ymin22408_MPP-0.2500+328
28401,13695,0,0,0,1213,6867,0,0,0,0,0,0,0,0,0,0,0,0,0,0,0,0,0,0,28590,13506,0,0,0,1276,6804,0,0,0,0,0,0,0,0,0,0,0,0,0,0,0,0,0,0,28001,14095,0,0,0,1137,6943,0,0,0,0,0,0,0,0,0,0,0,0,0,0,0,0,0,0,TCGA-GM-A2DD-DX1_xmin47260_ymin22408_MPP-0.2500+329
0,0,0,0,0,0,31468,2015,0,0,0,6764,9929,0,0,0,0,0,0,0,0,0,0,0,0,0,0,0,0,0,0,32059,1424,0,0,0,7406,9287,0,0,0,0,0,0,0,0,0,0,0,0,0,0,0,0,0,0,32320,1163,0,0,0,7913,8780,0,0,0,0,0,0,0,0,0,0,0,0,TCGA-GM-A2DD-DX1_xmin47260_ymin22408_MPP-0.2500+33
30539,0,0,0,0,1900,0,0,0,0,0,0,0,0,0,5637,0,0,0,0,0,0,0,0,12100,30539,0,0,0,0,1900,0,0,0,0,0,0,0,0,0,5637,0,0,0,0,0,0,0,0,12100,30539,0,0,0,0,1900,0,0,0,0,0,0,0,0,0,5637,0,0,0,0,0,0,0,0,12100,TCGA-GM-A2DD-DX1_xmin47260_ymin22408_MPP-0.2500+330
49135,0,0,0,0,116,0,0,0,0,0,0,0,0,0,0,0,0,0,0,0,0,0,0,925,49135,0,0,0,0,116,0,0,0,0,0,0,0,0,0,0,0,0,0,0,0,0,0,0,925,49135,0,0,0,0,116,0,0,0,0,0,0,0,0,0,0,0,0,0,0,0,0,0,0,925,TCGA-GM-A2DD-DX1_xmin47260_ymin22408_MPP-0.2500+331
20195,0,0,0,0,181,0,0,0,0,0,0,0,0,0,1061,0,0,12600,0,0,0,0,0,16139,20195,0,0,0,0,181,0,0,0,0,0,0,0,0,0,936,0,0,12725,0,0,0,0,0,16139,20195,0,0,0,0,181,0,0,0,0,0,0,0,0,0,1065,0,0,12596,0,0,0,0,0,16139,TCGA-GM-A2DD-DX1_xmin47260_ymin22408_MPP-0.2500+332
3585,0,0,0,0,18,0,0,0,0,0,0,0,0,0,15828,0,0,15149,0,0,0,0,0,15596,3585,0,0,0,0,18,0,0,0,0,0,0,0,0,0,15921,0,0,15056,0,0,0,0,0,15596,3585,0,0,0,0,18,0,0,0,0,0,0,0,0,0,15378,0,0,15599,0,0,0,0,0,15596,TCGA-GM-A2DD-DX1_xmin47260_ymin22408_MPP-0.2500+333
27448,3633,0,0,0,259,887,0,0,0,0,0,0,0,0,6421,3921,0,0,0,0,0,0,0,7607,27398,3683,0,0,0,352,794,0,0,0,0,0,0,0,0,6790,3552,0,0,0,0,0,0,0,7607,26686,4395,0,0,0,347,799,0,0,0,0,0,0,0,0,6589,3753,0,0,0,0,0,0,0,7607,TCGA-GM-A2DD-DX1_xmin47260_ymin22408_MPP-0.2500+334
50176,0,0,0,0,0,0,0,0,0,0,0,0,0,0,0,0,0,0,0,0,0,0,0,0,50176,0,0,0,0,0,0,0,0,0,0,0,0,0,0,0,0,0,0,0,0,0,0,0,0,50176,0,0,0,0,0,0,0,0,0,0,0,0,0,0,0,0,0,0,0,0,0,0,0,0,TCGA-GM-A2DD-DX1_xmin47260_ymin22408_MPP-0.2500+335
41107,0,0,0,0,5876,0,0,0,0,0,0,0,0,0,0,0,0,0,0,0,0,0,0,3193,41107,0,0,0,0,5876,0,0,0,0,0,0,0,0,0,0,0,0,0,0,0,0,0,0,3193,41107,0,0,0,0,5876,0,0,0,0,0,0,0,0,0,0,0,0,0,0,0,0,0,0,3193,TCGA-GM-A2DD-DX1_xmin47260_ymin22408_MPP-0.2500+336
0,9177,0,0,0,0,38629,0,0,0,0,0,0,0,0,0,0,0,0,0,0,0,0,0,2370,0,9177,0,0,0,0,38629,0,0,0,0,0,0,0,0,0,0,0,0,0,0,0,0,0,2370,0,9177,0,0,0,0,38629,0,0,0,0,0,0,0,0,0,0,0,0,0,0,0,0,0,2370,TCGA-GM-A2DD-DX1_xmin47260_ymin22408_MPP-0.2500+337
0,0,0,0,0,0,50176,0,0,0,0,0,0,0,0,0,0,0,0,0,0,0,0,0,0,0,0,0,0,0,0,50176,0,0,0,0,0,0,0,0,0,0,0,0,0,0,0,0,0,0,0,0,0,0,0,0,50176,0,0,0,0,0,0,0,0,0,0,0,0,0,0,0,0,0,0,TCGA-GM-A2DD-DX1_xmin47260_ymin22408_MPP-0.2500+338
0,0,0,0,0,0,50176,0,0,0,0,0,0,0,0,0,0,0,0,0,0,0,0,0,0,0,0,0,0,0,0,50176,0,0,0,0,0,0,0,0,0,0,0,0,0,0,0,0,0,0,0,0,0,0,0,0,50176,0,0,0,0,0,0,0,0,0,0,0,0,0,0,0,0,0,0,TCGA-GM-A2DD-DX1_xmin47260_ymin22408_MPP-0.2500+339
0,0,0,0,0,0,45247,0,0,0,0,0,0,0,0,0,0,0,0,0,0,0,0,0,4929,0,0,0,0,0,0,45247,0,0,0,0,0,0,0,0,0,0,0,0,0,0,0,0,0,4929,0,0,0,0,0,0,45247,0,0,0,0,0,0,0,0,0,0,0,0,0,0,0,0,0,4929,TCGA-GM-A2DD-DX1_xmin47260_ymin22408_MPP-0.2500+34
0,0,0,0,0,0,50176,0,0,0,0,0,0,0,0,0,0,0,0,0,0,0,0,0,0,0,0,0,0,0,0,50176,0,0,0,0,0,0,0,0,0,0,0,0,0,0,0,0,0,0,0,0,0,0,0,0,50176,0,0,0,0,0,0,0,0,0,0,0,0,0,0,0,0,0,0,TCGA-GM-A2DD-DX1_xmin47260_ymin22408_MPP-0.2500+340
2221,1041,0,0,0,11310,35604,0,0,0,0,0,0,0,0,0,0,0,0,0,0,0,0,0,0,2241,1021,0,0,0,11528,35386,0,0,0,0,0,0,0,0,0,0,0,0,0,0,0,0,0,0,2311,951,0,0,0,12158,34756,0,0,0,0,0,0,0,0,0,0,0,0,0,0,0,0,0,0,TCGA-GM-A2DD-DX1_xmin47260_ymin22408_MPP-0.2500+341
10447,6390,0,0,0,7162,26177,0,0,0,0,0,0,0,0,0,0,0,0,0,0,0,0,0,0,10594,6243,0,0,0,7212,26127,0,0,0,0,0,0,0,0,0,0,0,0,0,0,0,0,0,0,11046,5791,0,0,0,7230,26109,0,0,0,0,0,0,0,0,0,0,0,0,0,0,0,0,0,0,TCGA-GM-A2DD-DX1_xmin47260_ymin22408_MPP-0.2500+342
22994,14027,0,0,0,646,12509,0,0,0,0,0,0,0,0,0,0,0,0,0,0,0,0,0,0,23699,13322,0,0,0,739,12416,0,0,0,0,0,0,0,0,0,0,0,0,0,0,0,0,0,0,23360,13661,0,0,0,738,12417,0,0,0,0,0,0,0,0,0,0,0,0,0,0,0,0,0,0,TCGA-GM-A2DD-DX1_xmin47260_ymin22408_MPP-0.2500+343
21835,9918,0,0,0,0,18423,0,0,0,0,0,0,0,0,0,0,0,0,0,0,0,0,0,0,22069,9684,0,0,0,0,18423,0,0,0,0,0,0,0,0,0,0,0,0,0,0,0,0,0,0,21925,9828,0,0,0,0,18423,0,0,0,0,0,0,0,0,0,0,0,0,0,0,0,0,0,0,TCGA-GM-A2DD-DX1_xmin47260_ymin22408_MPP-0.2500+344
48765,0,0,0,0,1411,0,0,0,0,0,0,0,0,0,0,0,0,0,0,0,0,0,0,0,48765,0,0,0,0,1411,0,0,0,0,0,0,0,0,0,0,0,0,0,0,0,0,0,0,0,48765,0,0,0,0,1411,0,0,0,0,0,0,0,0,0,0,0,0,0,0,0,0,0,0,0,TCGA-GM-A2DD-DX1_xmin47260_ymin22408_MPP-0.2500+345
43351,0,0,0,0,1532,0,0,0,0,0,0,0,0,0,550,0,0,0,0,0,0,0,0,4743,43351,0,0,0,0,1532,0,0,0,0,0,0,0,0,0,550,0,0,0,0,0,0,0,0,4743,43351,0,0,0,0,1532,0,0,0,0,0,0,0,0,0,550,0,0,0,0,0,0,0,0,4743,TCGA-GM-A2DD-DX1_xmin47260_ymin22408_MPP-0.2500+346
0,0,0,0,0,0,0,0,23,0,0,0,0,0,0,0,0,0,45223,0,0,0,0,0,4930,0,0,0,0,0,0,0,0,23,0,0,0,0,0,0,0,0,0,45223,0,0,0,0,0,4930,0,0,0,0,0,0,0,0,23,0,0,0,0,0,0,0,0,0,45223,0,0,0,0,0,4930,TCGA-GM-A2DD-DX1_xmin47260_ymin22408_MPP-0.2500+347
0,0,0,657,0,0,0,0,1135,0,0,0,0,0,0,624,0,0,46473,0,0,0,0,0,1287,0,0,0,657,0,0,0,0,1135,0,0,0,0,0,0,432,0,0,46665,0,0,0,0,0,1287,0,0,0,657,0,0,0,0,1135,0,0,0,0,0,0,432,0,0,46665,0,0,0,0,0,1287,TCGA-GM-A2DD-DX1_xmin47260_ymin22408_MPP-0.2500+348
35817,0,0,411,0,2356,0,0,4598,0,0,0,0,0,0,684,0,0,3638,0,0,0,0,0,2672,36228,0,0,0,0,6954,0,0,0,0,0,0,0,0,0,4322,0,0,0,0,0,0,0,0,2672,36228,0,0,0,0,6954,0,0,0,0,0,0,0,0,0,4322,0,0,0,0,0,0,0,0,2672,TCGA-GM-A2DD-DX1_xmin47260_ymin22408_MPP-0.2500+349
0,0,0,0,0,0,44602,0,0,0,0,0,0,0,0,0,0,0,0,0,0,0,0,0,5574,0,0,0,0,0,0,44602,0,0,0,0,0,0,0,0,0,0,0,0,0,0,0,0,0,5574,0,0,0,0,0,0,44602,0,0,0,0,0,0,0,0,0,0,0,0,0,0,0,0,0,5574,TCGA-GM-A2DD-DX1_xmin47260_ymin22408_MPP-0.2500+35
50026,0,0,0,0,0,0,0,0,0,0,0,0,0,0,0,0,0,0,0,0,0,0,0,150,50026,0,0,0,0,0,0,0,0,0,0,0,0,0,0,0,0,0,0,0,0,0,0,0,150,50026,0,0,0,0,0,0,0,0,0,0,0,0,0,0,0,0,0,0,0,0,0,0,0,150,TCGA-GM-A2DD-DX1_xmin47260_ymin22408_MPP-0.2500+350
33973,0,0,382,0,184,0,0,484,0,0,0,0,0,0,0,0,0,0,0,0,0,0,0,15153,33822,0,0,533,0,101,0,0,567,0,0,0,0,0,0,0,0,0,0,0,0,0,0,0,15153,33626,0,0,729,0,61,0,0,607,0,0,0,0,0,0,0,0,0,0,0,0,0,0,0,15153,TCGA-GM-A2DD-DX1_xmin47260_ymin22408_MPP-0.2500+351
12129,6669,0,0,0,1445,22995,0,0,0,0,0,0,0,0,0,0,0,0,0,0,0,0,0,6938,12075,6723,0,0,0,1377,23063,0,0,0,0,0,0,0,0,0,0,0,0,0,0,0,0,0,6938,12070,6728,0,0,0,1334,23106,0,0,0,0,0,0,0,0,0,0,0,0,0,0,0,0,0,6938,TCGA-GM-A2DD-DX1_xmin47260_ymin22408_MPP-0.2500+352
0,270,0,0,0,0,49906,0,0,0,0,0,0,0,0,0,0,0,0,0,0,0,0,0,0,0,270,0,0,0,0,49906,0,0,0,0,0,0,0,0,0,0,0,0,0,0,0,0,0,0,0,270,0,0,0,0,49906,0,0,0,0,0,0,0,0,0,0,0,0,0,0,0,0,0,0,TCGA-GM-A2DD-DX1_xmin47260_ymin22408_MPP-0.2500+353
0,0,0,0,0,0,50176,0,0,0,0,0,0,0,0,0,0,0,0,0,0,0,0,0,0,0,0,0,0,0,0,50176,0,0,0,0,0,0,0,0,0,0,0,0,0,0,0,0,0,0,0,0,0,0,0,0,50176,0,0,0,0,0,0,0,0,0,0,0,0,0,0,0,0,0,0,TCGA-GM-A2DD-DX1_xmin47260_ymin22408_MPP-0.2500+354
0,0,0,0,0,0,50176,0,0,0,0,0,0,0,0,0,0,0,0,0,0,0,0,0,0,0,0,0,0,0,0,50176,0,0,0,0,0,0,0,0,0,0,0,0,0,0,0,0,0,0,0,0,0,0,0,0,50176,0,0,0,0,0,0,0,0,0,0,0,0,0,0,0,0,0,0,TCGA-GM-A2DD-DX1_xmin47260_ymin22408_MPP-0.2500+355
21020,670,0,0,0,551,27935,0,0,0,0,0,0,0,0,0,0,0,0,0,0,0,0,0,0,20853,837,0,0,0,521,27965,0,0,0,0,0,0,0,0,0,0,0,0,0,0,0,0,0,0,20868,822,0,0,0,556,27930,0,0,0,0,0,0,0,0,0,0,0,0,0,0,0,0,0,0,TCGA-GM-A2DD-DX1_xmin47260_ymin22408_MPP-0.2500+356
0,23816,0,0,0,0,26360,0,0,0,0,0,0,0,0,0,0,0,0,0,0,0,0,0,0,0,23816,0,0,0,0,26360,0,0,0,0,0,0,0,0,0,0,0,0,0,0,0,0,0,0,0,23816,0,0,0,0,26360,0,0,0,0,0,0,0,0,0,0,0,0,0,0,0,0,0,0,TCGA-GM-A2DD-DX1_xmin47260_ymin22408_MPP-0.2500+357
16836,674,0,0,0,3550,29116,0,0,0,0,0,0,0,0,0,0,0,0,0,0,0,0,0,0,16851,659,0,0,0,3527,29139,0,0,0,0,0,0,0,0,0,0,0,0,0,0,0,0,0,0,16850,660,0,0,0,3309,29357,0,0,0,0,0,0,0,0,0,0,0,0,0,0,0,0,0,0,TCGA-GM-A2DD-DX1_xmin47260_ymin22408_MPP-0.2500+358
17918,16157,0,0,0,860,15241,0,0,0,0,0,0,0,0,0,0,0,0,0,0,0,0,0,0,17575,16500,0,0,0,807,15294,0,0,0,0,0,0,0,0,0,0,0,0,0,0,0,0,0,0,17269,16806,0,0,0,808,15293,0,0,0,0,0,0,0,0,0,0,0,0,0,0,0,0,0,0,TCGA-GM-A2DD-DX1_xmin47260_ymin22408_MPP-0.2500+359
0,0,0,0,0,0,42688,0,0,0,0,7488,0,0,0,0,0,0,0,0,0,0,0,0,0,0,0,0,0,0,0,42688,0,0,0,0,7488,0,0,0,0,0,0,0,0,0,0,0,0,0,0,0,0,0,0,0,42688,0,0,0,0,7488,0,0,0,0,0,0,0,0,0,0,0,0,0,TCGA-GM-A2DD-DX1_xmin47260_ymin22408_MPP-0.2500+36
47259,0,0,0,0,428,0,0,0,0,0,0,0,0,0,0,0,0,0,0,0,0,0,0,2489,47259,0,0,0,0,428,0,0,0,0,0,0,0,0,0,0,0,0,0,0,0,0,0,0,2489,47259,0,0,0,0,428,0,0,0,0,0,0,0,0,0,0,0,0,0,0,0,0,0,0,2489,TCGA-GM-A2DD-DX1_xmin47260_ymin22408_MPP-0.2500+360
8131,0,0,21,0,244,0,0,464,0,0,0,0,0,0,1806,0,0,22595,0,0,0,0,0,16915,8122,0,0,30,0,219,0,0,489,0,0,0,0,0,0,1777,0,0,22624,0,0,0,0,0,16915,8131,0,0,21,0,231,0,0,477,0,0,0,0,0,0,1834,0,0,22567,0,0,0,0,0,16915,TCGA-GM-A2DD-DX1_xmin47260_ymin22408_MPP-0.2500+361
0,0,0,0,0,0,10226,0,3539,0,0,0,0,0,0,0,4126,0,32285,0,0,0,0,0,0,0,0,0,0,0,0,10159,0,3606,0,0,0,0,0,0,0,2985,0,33426,0,0,0,0,0,0,0,0,0,0,0,0,9984,0,3781,0,0,0,0,0,0,0,2869,0,33542,0,0,0,0,0,0,TCGA-GM-A2DD-DX1_xmin47260_ymin22408_MPP-0.2500+362
1,34488,0,0,0,0,9077,0,0,0,0,0,0,0,0,0,6610,0,0,0,0,0,0,0,0,1,34488,0,0,0,0,9077,0,0,0,0,0,0,0,0,0,6610,0,0,0,0,0,0,0,0,1,34488,0,0,0,0,9077,0,0,0,0,0,0,0,0,0,6610,0,0,0,0,0,0,0,0,TCGA-GM-A2DD-DX1_xmin47260_ymin22408_MPP-0.2500+363
38106,0,0,0,0,4603,0,0,0,0,0,0,0,0,0,2372,0,0,0,0,0,0,0,0,5095,38106,0,0,0,0,4603,0,0,0,0,0,0,0,0,0,2372,0,0,0,0,0,0,0,0,5095,38106,0,0,0,0,4603,0,0,0,0,0,0,0,0,0,2372,0,0,0,0,0,0,0,0,5095,TCGA-GM-A2DD-DX1_xmin47260_ymin22408_MPP-0.2500+364
14152,0,0,0,0,780,0,0,0,0,0,0,0,0,0,20024,0,0,0,0,0,0,0,0,15220,14152,0,0,0,0,780,0,0,0,0,0,0,0,0,0,20024,0,0,0,0,0,0,0,0,15220,14152,0,0,0,0,780,0,0,0,0,0,0,0,0,0,20024,0,0,0,0,0,0,0,0,15220,TCGA-GM-A2DD-DX1_xmin47260_ymin22408_MPP-0.2500+365
2585,0,0,149,0,184,0,0,1248,0,0,0,0,0,0,0,0,0,17893,0,0,0,0,0,28117,0,2734,0,0,0,241,1191,0,0,0,0,0,0,0,0,2694,15199,0,0,0,0,0,0,0,28117,0,2734,0,0,0,241,1191,0,0,0,0,0,0,0,0,2630,15263,0,0,0,0,0,0,0,28117,TCGA-GM-A2DD-DX1_xmin47260_ymin22408_MPP-0.2500+366
14071,4665,0,0,0,130,14004,0,0,0,0,0,0,0,0,0,0,0,0,0,0,0,0,0,17306,14380,4356,0,0,0,130,14004,0,0,0,0,0,0,0,0,0,0,0,0,0,0,0,0,0,17306,14726,4010,0,0,0,143,13991,0,0,0,0,0,0,0,0,0,0,0,0,0,0,0,0,0,17306,TCGA-GM-A2DD-DX1_xmin47260_ymin22408_MPP-0.2500+367
9432,3313,0,0,0,581,36850,0,0,0,0,0,0,0,0,0,0,0,0,0,0,0,0,0,0,9538,3207,0,0,0,580,36851,0,0,0,0,0,0,0,0,0,0,0,0,0,0,0,0,0,0,9760,2985,0,0,0,619,36812,0,0,0,0,0,0,0,0,0,0,0,0,0,0,0,0,0,0,TCGA-GM-A2DD-DX1_xmin47260_ymin22408_MPP-0.2500+368
0,0,0,0,0,0,50176,0,0,0,0,0,0,0,0,0,0,0,0,0,0,0,0,0,0,0,0,0,0,0,0,50176,0,0,0,0,0,0,0,0,0,0,0,0,0,0,0,0,0,0,0,0,0,0,0,0,50176,0,0,0,0,0,0,0,0,0,0,0,0,0,0,0,0,0,0,TCGA-GM-A2DD-DX1_xmin47260_ymin22408_MPP-0.2500+369
0,0,0,0,0,0,50176,0,0,0,0,0,0,0,0,0,0,0,0,0,0,0,0,0,0,0,0,0,0,0,0,50176,0,0,0,0,0,0,0,0,0,0,0,0,0,0,0,0,0,0,0,0,0,0,0,0,50176,0,0,0,0,0,0,0,0,0,0,0,0,0,0,0,0,0,0,TCGA-GM-A2DD-DX1_xmin47260_ymin22408_MPP-0.2500+37
0,0,0,0,0,0,50176,0,0,0,0,0,0,0,0,0,0,0,0,0,0,0,0,0,0,0,0,0,0,0,0,50176,0,0,0,0,0,0,0,0,0,0,0,0,0,0,0,0,0,0,0,0,0,0,0,0,50176,0,0,0,0,0,0,0,0,0,0,0,0,0,0,0,0,0,0,TCGA-GM-A2DD-DX1_xmin47260_ymin22408_MPP-0.2500+370
14956,6165,0,0,0,2316,26739,0,0,0,0,0,0,0,0,0,0,0,0,0,0,0,0,0,0,15263,5858,0,0,0,2355,26700,0,0,0,0,0,0,0,0,0,0,0,0,0,0,0,0,0,0,15600,5521,0,0,0,2742,26313,0,0,0,0,0,0,0,0,0,0,0,0,0,0,0,0,0,0,TCGA-GM-A2DD-DX1_xmin47260_ymin22408_MPP-0.2500+371
10775,7358,0,0,0,10664,21379,0,0,0,0,0,0,0,0,0,0,0,0,0,0,0,0,0,0,10863,7270,0,0,0,11492,20551,0,0,0,0,0,0,0,0,0,0,0,0,0,0,0,0,0,0,10691,7442,0,0,0,10863,21180,0,0,0,0,0,0,0,0,0,0,0,0,0,0,0,0,0,0,TCGA-GM-A2DD-DX1_xmin47260_ymin22408_MPP-0.2500+372
8152,1885,0,0,0,14703,25436,0,0,0,0,0,0,0,0,0,0,0,0,0,0,0,0,0,0,6944,3093,0,0,0,13872,26267,0,0,0,0,0,0,0,0,0,0,0,0,0,0,0,0,0,0,5617,4420,0,0,0,13094,27045,0,0,0,0,0,0,0,0,0,0,0,0,0,0,0,0,0,0,TCGA-GM-A2DD-DX1_xmin47260_ymin22408_MPP-0.2500+373
16177,4318,0,0,0,1767,27914,0,0,0,0,0,0,0,0,0,0,0,0,0,0,0,0,0,0,16172,4323,0,0,0,1879,27802,0,0,0,0,0,0,0,0,0,0,0,0,0,0,0,0,0,0,16128,4367,0,0,0,1958,27723,0,0,0,0,0,0,0,0,0,0,0,0,0,0,0,0,0,0,TCGA-GM-A2DD-DX1_xmin47260_ymin22408_MPP-0.2500+374
47989,0,0,0,0,437,0,0,0,0,0,0,0,0,0,0,0,0,0,0,0,0,0,0,1750,47989,0,0,0,0,437,0,0,0,0,0,0,0,0,0,0,0,0,0,0,0,0,0,0,1750,47989,0,0,0,0,437,0,0,0,0,0,0,0,0,0,0,0,0,0,0,0,0,0,0,1750,TCGA-GM-A2DD-DX1_xmin47260_ymin22408_MPP-0.2500+375
2640,0,0,654,0,44,0,0,30,0,0,0,0,0,0,0,0,0,32766,0,0,0,0,0,14042,2619,0,0,675,0,44,0,0,30,0,0,0,0,0,0,0,0,0,32766,0,0,0,0,0,14042,2640,0,0,654,0,44,0,0,30,0,0,0,0,0,0,0,0,0,32766,0,0,0,0,0,14042,TCGA-GM-A2DD-DX1_xmin47260_ymin22408_MPP-0.2500+376
0,0,0,0,0,1463,9132,0,0,0,0,0,0,0,0,34558,427,0,0,0,0,0,0,0,4596,0,0,0,0,0,1512,9083,0,0,0,0,0,0,0,0,34686,299,0,0,0,0,0,0,0,4596,0,0,0,0,0,1508,9087,0,0,0,0,0,0,0,0,34681,304,0,0,0,0,0,0,0,4596,TCGA-GM-A2DD-DX1_xmin47260_ymin22408_MPP-0.2500+377
0,3684,0,0,0,240,26408,0,0,0,0,0,0,0,0,5186,11470,0,0,0,0,0,0,0,3188,0,3684,0,0,0,240,26408,0,0,0,0,0,0,0,0,5410,11246,0,0,0,0,0,0,0,3188,0,3684,0,0,0,240,26408,0,0,0,0,0,0,0,0,5410,11246,0,0,0,0,0,0,0,3188,TCGA-GM-A2DD-DX1_xmin47260_ymin22408_MPP-0.2500+378
1972,0,0,0,0,4815,0,0,1910,0,0,0,0,0,0,25711,0,0,9474,0,0,0,0,0,6294,1839,0,0,133,0,4962,0,0,1763,0,0,0,0,0,0,26569,0,0,8616,0,0,0,0,0,6294,1820,0,0,152,0,4983,0,0,1742,0,0,0,0,0,0,26326,0,0,8859,0,0,0,0,0,6294,TCGA-GM-A2DD-DX1_xmin47260_ymin22408_MPP-0.2500+379
0,0,0,0,0,0,50176,0,0,0,0,0,0,0,0,0,0,0,0,0,0,0,0,0,0,0,0,0,0,0,0,50176,0,0,0,0,0,0,0,0,0,0,0,0,0,0,0,0,0,0,0,0,0,0,0,0,50176,0,0,0,0,0,0,0,0,0,0,0,0,0,0,0,0,0,0,TCGA-GM-A2DD-DX1_xmin47260_ymin22408_MPP-0.2500+38
7473,0,0,0,0,400,0,0,0,0,0,0,0,0,0,14848,0,0,0,0,0,0,0,0,27455,7473,0,0,0,0,400,0,0,0,0,0,0,0,0,0,14848,0,0,0,0,0,0,0,0,27455,7473,0,0,0,0,400,0,0,0,0,0,0,0,0,0,14848,0,0,0,0,0,0,0,0,27455,TCGA-GM-A2DD-DX1_xmin47260_ymin22408_MPP-0.2500+380
40350,0,0,0,0,73,0,0,0,0,0,0,0,0,0,0,0,0,0,0,0,0,0,0,9753,40350,0,0,0,0,73,0,0,0,0,0,0,0,0,0,0,0,0,0,0,0,0,0,0,9753,40350,0,0,0,0,73,0,0,0,0,0,0,0,0,0,0,0,0,0,0,0,0,0,0,9753,TCGA-GM-A2DD-DX1_xmin47260_ymin22408_MPP-0.2500+381
50176,0,0,0,0,0,0,0,0,0,0,0,0,0,0,0,0,0,0,0,0,0,0,0,0,50176,0,0,0,0,0,0,0,0,0,0,0,0,0,0,0,0,0,0,0,0,0,0,0,0,50176,0,0,0,0,0,0,0,0,0,0,0,0,0,0,0,0,0,0,0,0,0,0,0,0,TCGA-GM-A2DD-DX1_xmin47260_ymin22408_MPP-0.2500+382
9592,1411,0,0,0,1311,37862,0,0,0,0,0,0,0,0,0,0,0,0,0,0,0,0,0,0,9496,1507,0,0,0,1456,37717,0,0,0,0,0,0,0,0,0,0,0,0,0,0,0,0,0,0,9400,1603,0,0,0,1735,37438,0,0,0,0,0,0,0,0,0,0,0,0,0,0,0,0,0,0,TCGA-GM-A2DD-DX1_xmin47260_ymin22408_MPP-0.2500+383
0,0,0,0,0,0,50176,0,0,0,0,0,0,0,0,0,0,0,0,0,0,0,0,0,0,0,0,0,0,0,0,50176,0,0,0,0,0,0,0,0,0,0,0,0,0,0,0,0,0,0,0,0,0,0,0,0,50176,0,0,0,0,0,0,0,0,0,0,0,0,0,0,0,0,0,0,TCGA-GM-A2DD-DX1_xmin47260_ymin22408_MPP-0.2500+384
0,10034,0,0,0,0,40142,0,0,0,0,0,0,0,0,0,0,0,0,0,0,0,0,0,0,0,10034,0,0,0,0,40142,0,0,0,0,0,0,0,0,0,0,0,0,0,0,0,0,0,0,0,10034,0,0,0,0,40142,0,0,0,0,0,0,0,0,0,0,0,0,0,0,0,0,0,0,TCGA-GM-A2DD-DX1_xmin47260_ymin22408_MPP-0.2500+385
33330,9398,0,0,0,5,7443,0,0,0,0,0,0,0,0,0,0,0,0,0,0,0,0,0,0,33731,8997,0,0,0,144,7304,0,0,0,0,0,0,0,0,0,0,0,0,0,0,0,0,0,0,33790,8938,0,0,0,284,7164,0,0,0,0,0,0,0,0,0,0,0,0,0,0,0,0,0,0,TCGA-GM-A2DD-DX1_xmin47260_ymin22408_MPP-0.2500+386
23552,12844,0,0,0,10548,3232,0,0,0,0,0,0,0,0,0,0,0,0,0,0,0,0,0,0,23951,12445,0,0,0,10555,3225,0,0,0,0,0,0,0,0,0,0,0,0,0,0,0,0,0,0,24048,12348,0,0,0,10437,3343,0,0,0,0,0,0,0,0,0,0,0,0,0,0,0,0,0,0,TCGA-GM-A2DD-DX1_xmin47260_ymin22408_MPP-0.2500+387
27586,12619,0,0,0,2953,7018,0,0,0,0,0,0,0,0,0,0,0,0,0,0,0,0,0,0,28811,11394,0,0,0,3325,6646,0,0,0,0,0,0,0,0,0,0,0,0,0,0,0,0,0,0,28151,12054,0,0,0,3437,6534,0,0,0,0,0,0,0,0,0,0,0,0,0,0,0,0,0,0,TCGA-GM-A2DD-DX1_xmin47260_ymin22408_MPP-0.2500+388
18020,2204,0,0,0,3958,12778,0,0,0,0,0,0,0,0,0,0,0,0,0,0,0,0,0,13216,17904,2320,0,0,0,3963,12773,0,0,0,0,0,0,0,0,0,0,0,0,0,0,0,0,0,13216,17765,2459,0,0,0,3989,12747,0,0,0,0,0,0,0,0,0,0,0,0,0,0,0,0,0,13216,TCGA-GM-A2DD-DX1_xmin47260_ymin22408_MPP-0.2500+389
0,0,0,0,0,0,50176,0,0,0,0,0,0,0,0,0,0,0,0,0,0,0,0,0,0,0,0,0,0,0,0,50176,0,0,0,0,0,0,0,0,0,0,0,0,0,0,0,0,0,0,0,0,0,0,0,0,50176,0,0,0,0,0,0,0,0,0,0,0,0,0,0,0,0,0,0,TCGA-GM-A2DD-DX1_xmin47260_ymin22408_MPP-0.2500+39
25870,0,0,0,0,199,0,0,0,0,0,0,0,0,0,0,0,0,0,0,0,0,0,0,24107,25870,0,0,0,0,199,0,0,0,0,0,0,0,0,0,0,0,0,0,0,0,0,0,0,24107,25870,0,0,0,0,199,0,0,0,0,0,0,0,0,0,0,0,0,0,0,0,0,0,0,24107,TCGA-GM-A2DD-DX1_xmin47260_ymin22408_MPP-0.2500+390
1682,0,0,1498,0,224,0,0,606,0,0,0,0,0,0,12529,0,0,18981,0,0,0,0,0,14656,1535,0,0,1645,0,171,0,0,659,0,0,0,0,0,0,12567,0,0,18943,0,0,0,0,0,14656,1570,0,0,1610,0,214,0,0,616,0,0,0,0,0,0,12577,0,0,18933,0,0,0,0,0,14656,TCGA-GM-A2DD-DX1_xmin47260_ymin22408_MPP-0.2500+391
0,0,0,0,0,0,0,0,162,0,0,0,0,0,0,2512,0,0,46872,0,0,0,0,0,630,0,0,0,0,0,0,0,0,162,0,0,0,0,0,0,2384,0,0,47000,0,0,0,0,0,630,0,0,0,0,0,0,0,0,162,0,0,0,0,0,0,2608,0,0,46776,0,0,0,0,0,630,TCGA-GM-A2DD-DX1_xmin47260_ymin22408_MPP-0.2500+392
0,0,0,0,0,0,0,0,16,0,0,0,0,0,0,880,0,0,49251,0,0,0,0,0,29,0,0,0,0,0,0,0,0,16,0,0,0,0,0,0,1040,0,0,49091,0,0,0,0,0,29,0,0,0,0,0,0,0,0,16,0,0,0,0,0,0,880,0,0,49251,0,0,0,0,0,29,TCGA-GM-A2DD-DX1_xmin47260_ymin22408_MPP-0.2500+393
20187,0,0,3629,0,392,0,0,2070,0,0,0,0,0,0,3506,0,0,10854,0,0,0,0,0,9538,20448,0,0,3368,0,583,0,0,1879,0,0,0,0,0,0,5049,0,0,9311,0,0,0,0,0,9538,20252,0,0,3564,0,563,0,0,1899,0,0,0,0,0,0,5068,0,0,9292,0,0,0,0,0,9538,TCGA-GM-A2DD-DX1_xmin47260_ymin22408_MPP-0.2500+394
33277,0,0,16899,0,0,0,0,0,0,0,0,0,0,0,0,0,0,0,0,0,0,0,0,0,33632,0,0,16544,0,0,0,0,0,0,0,0,0,0,0,0,0,0,0,0,0,0,0,0,0,33060,0,0,17116,0,0,0,0,0,0,0,0,0,0,0,0,0,0,0,0,0,0,0,0,0,TCGA-GM-A2DD-DX1_xmin47260_ymin22408_MPP-0.2500+395
50176,0,0,0,0,0,0,0,0,0,0,0,0,0,0,0,0,0,0,0,0,0,0,0,0,50176,0,0,0,0,0,0,0,0,0,0,0,0,0,0,0,0,0,0,0,0,0,0,0,0,50176,0,0,0,0,0,0,0,0,0,0,0,0,0,0,0,0,0,0,0,0,0,0,0,0,TCGA-GM-A2DD-DX1_xmin47260_ymin22408_MPP-0.2500+396
50176,0,0,0,0,0,0,0,0,0,0,0,0,0,0,0,0,0,0,0,0,0,0,0,0,50176,0,0,0,0,0,0,0,0,0,0,0,0,0,0,0,0,0,0,0,0,0,0,0,0,50176,0,0,0,0,0,0,0,0,0,0,0,0,0,0,0,0,0,0,0,0,0,0,0,0,TCGA-GM-A2DD-DX1_xmin47260_ymin22408_MPP-0.2500+397
0,14109,0,0,0,0,36067,0,0,0,0,0,0,0,0,0,0,0,0,0,0,0,0,0,0,0,14109,0,0,0,0,36067,0,0,0,0,0,0,0,0,0,0,0,0,0,0,0,0,0,0,0,14109,0,0,0,0,36067,0,0,0,0,0,0,0,0,0,0,0,0,0,0,0,0,0,0,TCGA-GM-A2DD-DX1_xmin47260_ymin22408_MPP-0.2500+398
0,6789,0,0,0,0,43387,0,0,0,0,0,0,0,0,0,0,0,0,0,0,0,0,0,0,32,6757,0,0,0,0,43387,0,0,0,0,0,0,0,0,0,0,0,0,0,0,0,0,0,0,32,6757,0,0,0,0,43387,0,0,0,0,0,0,0,0,0,0,0,0,0,0,0,0,0,0,TCGA-GM-A2DD-DX1_xmin47260_ymin22408_MPP-0.2500+399
0,0,0,0,0,0,50176,0,0,0,0,0,0,0,0,0,0,0,0,0,0,0,0,0,0,0,0,0,0,0,0,50176,0,0,0,0,0,0,0,0,0,0,0,0,0,0,0,0,0,0,0,0,0,0,0,0,50176,0,0,0,0,0,0,0,0,0,0,0,0,0,0,0,0,0,0,TCGA-GM-A2DD-DX1_xmin47260_ymin22408_MPP-0.2500+4
0,0,0,0,0,0,50176,0,0,0,0,0,0,0,0,0,0,0,0,0,0,0,0,0,0,0,0,0,0,0,0,50176,0,0,0,0,0,0,0,0,0,0,0,0,0,0,0,0,0,0,0,0,0,0,0,0,50176,0,0,0,0,0,0,0,0,0,0,0,0,0,0,0,0,0,0,TCGA-GM-A2DD-DX1_xmin47260_ymin22408_MPP-0.2500+40
0,13681,0,0,0,0,36495,0,0,0,0,0,0,0,0,0,0,0,0,0,0,0,0,0,0,0,13681,0,0,0,0,36495,0,0,0,0,0,0,0,0,0,0,0,0,0,0,0,0,0,0,0,13681,0,0,0,0,36495,0,0,0,0,0,0,0,0,0,0,0,0,0,0,0,0,0,0,TCGA-GM-A2DD-DX1_xmin47260_ymin22408_MPP-0.2500+400
25910,2268,0,0,0,2193,19805,0,0,0,0,0,0,0,0,0,0,0,0,0,0,0,0,0,0,25821,2357,0,0,0,1964,20034,0,0,0,0,0,0,0,0,0,0,0,0,0,0,0,0,0,0,25733,2445,0,0,0,1868,20130,0,0,0,0,0,0,0,0,0,0,0,0,0,0,0,0,0,0,TCGA-GM-A2DD-DX1_xmin47260_ymin22408_MPP-0.2500+401
7572,1134,0,0,0,5003,36467,0,0,0,0,0,0,0,0,0,0,0,0,0,0,0,0,0,0,7528,1178,0,0,0,4881,36589,0,0,0,0,0,0,0,0,0,0,0,0,0,0,0,0,0,0,7661,1045,0,0,0,5105,36365,0,0,0,0,0,0,0,0,0,0,0,0,0,0,0,0,0,0,TCGA-GM-A2DD-DX1_xmin47260_ymin22408_MPP-0.2500+402
39908,6333,0,0,0,34,3901,0,0,0,0,0,0,0,0,0,0,0,0,0,0,0,0,0,0,40056,6185,0,0,0,34,3901,0,0,0,0,0,0,0,0,0,0,0,0,0,0,0,0,0,0,39800,6441,0,0,0,34,3901,0,0,0,0,0,0,0,0,0,0,0,0,0,0,0,0,0,0,TCGA-GM-A2DD-DX1_xmin47260_ymin22408_MPP-0.2500+403
50131,0,0,0,0,45,0,0,0,0,0,0,0,0,0,0,0,0,0,0,0,0,0,0,0,50131,0,0,0,0,45,0,0,0,0,0,0,0,0,0,0,0,0,0,0,0,0,0,0,0,50131,0,0,0,0,45,0,0,0,0,0,0,0,0,0,0,0,0,0,0,0,0,0,0,0,TCGA-GM-A2DD-DX1_xmin47260_ymin22408_MPP-0.2500+404
47163,0,0,0,0,566,0,0,0,0,0,0,0,0,0,0,0,0,0,0,0,0,0,0,2447,47163,0,0,0,0,566,0,0,0,0,0,0,0,0,0,0,0,0,0,0,0,0,0,0,2447,47163,0,0,0,0,566,0,0,0,0,0,0,0,0,0,0,0,0,0,0,0,0,0,0,2447,TCGA-GM-A2DD-DX1_xmin47260_ymin22408_MPP-0.2500+405
19196,21260,0,0,0,832,1234,0,0,0,0,0,0,0,0,1056,820,0,0,0,0,0,0,0,5778,18639,21817,0,0,0,582,1484,0,0,0,0,0,0,0,0,1154,722,0,0,0,0,0,0,0,5778,18326,22130,0,0,0,369,1697,0,0,0,0,0,0,0,0,1121,755,0,0,0,0,0,0,0,5778,TCGA-GM-A2DD-DX1_xmin47260_ymin22408_MPP-0.2500+406
30571,0,0,0,0,1591,0,0,0,0,0,0,0,0,0,9283,0,0,0,0,0,0,0,0,8731,30571,0,0,0,0,1591,0,0,0,0,0,0,0,0,0,9283,0,0,0,0,0,0,0,0,8731,30571,0,0,0,0,1591,0,0,0,0,0,0,0,0,0,9283,0,0,0,0,0,0,0,0,8731,TCGA-GM-A2DD-DX1_xmin47260_ymin22408_MPP-0.2500+407
26751,0,0,3668,0,415,0,0,403,0,0,0,0,0,0,2264,0,0,12789,0,0,0,0,0,3886,27209,0,0,3210,0,410,0,0,408,0,0,0,0,0,0,2820,0,0,12233,0,0,0,0,0,3886,26744,0,0,3675,0,391,0,0,427,0,0,0,0,0,0,2763,0,0,12290,0,0,0,0,0,3886,TCGA-GM-A2DD-DX1_xmin47260_ymin22408_MPP-0.2500+408
44295,0,0,0,0,467,0,0,0,0,0,0,0,0,0,2894,0,0,0,0,0,0,0,0,2520,44295,0,0,0,0,467,0,0,0,0,0,0,0,0,0,2894,0,0,0,0,0,0,0,0,2520,44295,0,0,0,0,467,0,0,0,0,0,0,0,0,0,2894,0,0,0,0,0,0,0,0,2520,TCGA-GM-A2DD-DX1_xmin47260_ymin22408_MPP-0.2500+409
0,0,0,0,0,0,50176,0,0,0,0,0,0,0,0,0,0,0,0,0,0,0,0,0,0,0,0,0,0,0,0,50176,0,0,0,0,0,0,0,0,0,0,0,0,0,0,0,0,0,0,0,0,0,0,0,0,50176,0,0,0,0,0,0,0,0,0,0,0,0,0,0,0,0,0,0,TCGA-GM-A2DD-DX1_xmin47260_ymin22408_MPP-0.2500+41
50176,0,0,0,0,0,0,0,0,0,0,0,0,0,0,0,0,0,0,0,0,0,0,0,0,50176,0,0,0,0,0,0,0,0,0,0,0,0,0,0,0,0,0,0,0,0,0,0,0,0,50176,0,0,0,0,0,0,0,0,0,0,0,0,0,0,0,0,0,0,0,0,0,0,0,0,TCGA-GM-A2DD-DX1_xmin47260_ymin22408_MPP-0.2500+410
50176,0,0,0,0,0,0,0,0,0,0,0,0,0,0,0,0,0,0,0,0,0,0,0,0,50176,0,0,0,0,0,0,0,0,0,0,0,0,0,0,0,0,0,0,0,0,0,0,0,0,50176,0,0,0,0,0,0,0,0,0,0,0,0,0,0,0,0,0,0,0,0,0,0,0,0,TCGA-GM-A2DD-DX1_xmin47260_ymin22408_MPP-0.2500+411
40953,4844,0,0,0,2,4377,0,0,0,0,0,0,0,0,0,0,0,0,0,0,0,0,0,0,40885,4912,0,0,0,2,4377,0,0,0,0,0,0,0,0,0,0,0,0,0,0,0,0,0,0,40847,4950,0,0,0,2,4377,0,0,0,0,0,0,0,0,0,0,0,0,0,0,0,0,0,0,TCGA-GM-A2DD-DX1_xmin47260_ymin22408_MPP-0.2500+412
0,3212,0,0,0,0,46964,0,0,0,0,0,0,0,0,0,0,0,0,0,0,0,0,0,0,0,3212,0,0,0,0,46964,0,0,0,0,0,0,0,0,0,0,0,0,0,0,0,0,0,0,0,3212,0,0,0,0,46964,0,0,0,0,0,0,0,0,0,0,0,0,0,0,0,0,0,0,TCGA-GM-A2DD-DX1_xmin47260_ymin22408_MPP-0.2500+413
0,4966,0,0,0,0,43133,0,0,0,0,0,0,0,0,0,0,0,0,0,0,0,0,0,2077,0,4966,0,0,0,0,43133,0,0,0,0,0,0,0,0,0,0,0,0,0,0,0,0,0,2077,0,4966,0,0,0,0,43133,0,0,0,0,0,0,0,0,0,0,0,0,0,0,0,0,0,2077,TCGA-GM-A2DD-DX1_xmin47260_ymin22408_MPP-0.2500+414
31886,1434,0,0,0,3150,4550,0,0,0,0,0,0,0,0,0,0,0,0,0,0,0,0,0,9156,31655,1665,0,0,0,3098,4602,0,0,0,0,0,0,0,0,0,0,0,0,0,0,0,0,0,9156,31633,1687,0,0,0,3131,4569,0,0,0,0,0,0,0,0,0,0,0,0,0,0,0,0,0,9156,TCGA-GM-A2DD-DX1_xmin47260_ymin22408_MPP-0.2500+415
0,742,0,0,0,0,47367,0,0,0,0,0,0,0,0,0,0,0,0,0,0,0,0,0,2067,0,742,0,0,0,0,47367,0,0,0,0,0,0,0,0,0,0,0,0,0,0,0,0,0,2067,0,742,0,0,0,0,47367,0,0,0,0,0,0,0,0,0,0,0,0,0,0,0,0,0,2067,TCGA-GM-A2DD-DX1_xmin47260_ymin22408_MPP-0.2500+416
10230,1585,0,0,0,745,37616,0,0,0,0,0,0,0,0,0,0,0,0,0,0,0,0,0,0,10045,1770,0,0,0,481,37880,0,0,0,0,0,0,0,0,0,0,0,0,0,0,0,0,0,0,10091,1724,0,0,0,567,37794,0,0,0,0,0,0,0,0,0,0,0,0,0,0,0,0,0,0,TCGA-GM-A2DD-DX1_xmin47260_ymin22408_MPP-0.2500+417
22078,7656,0,0,0,447,19995,0,0,0,0,0,0,0,0,0,0,0,0,0,0,0,0,0,0,22217,7517,0,0,0,429,20013,0,0,0,0,0,0,0,0,0,0,0,0,0,0,0,0,0,0,22561,7173,0,0,0,392,20050,0,0,0,0,0,0,0,0,0,0,0,0,0,0,0,0,0,0,TCGA-GM-A2DD-DX1_xmin47260_ymin22408_MPP-0.2500+418
16182,3254,0,0,0,3774,26433,0,0,0,0,0,0,0,0,0,0,0,0,0,0,0,0,0,533,16165,3271,0,0,0,3762,26445,0,0,0,0,0,0,0,0,0,0,0,0,0,0,0,0,0,533,16284,3152,0,0,0,3757,26450,0,0,0,0,0,0,0,0,0,0,0,0,0,0,0,0,0,533,TCGA-GM-A2DD-DX1_xmin47260_ymin22408_MPP-0.2500+419
0,0,0,0,0,0,50176,0,0,0,0,0,0,0,0,0,0,0,0,0,0,0,0,0,0,0,0,0,0,0,0,50176,0,0,0,0,0,0,0,0,0,0,0,0,0,0,0,0,0,0,0,0,0,0,0,0,50176,0,0,0,0,0,0,0,0,0,0,0,0,0,0,0,0,0,0,TCGA-GM-A2DD-DX1_xmin47260_ymin22408_MPP-0.2500+42
50176,0,0,0,0,0,0,0,0,0,0,0,0,0,0,0,0,0,0,0,0,0,0,0,0,50176,0,0,0,0,0,0,0,0,0,0,0,0,0,0,0,0,0,0,0,0,0,0,0,0,50176,0,0,0,0,0,0,0,0,0,0,0,0,0,0,0,0,0,0,0,0,0,0,0,0,TCGA-GM-A2DD-DX1_xmin47260_ymin22408_MPP-0.2500+420
47331,0,0,0,0,0,0,0,0,0,0,0,0,0,0,0,0,0,0,0,0,0,0,0,2845,47331,0,0,0,0,0,0,0,0,0,0,0,0,0,0,0,0,0,0,0,0,0,0,0,2845,47331,0,0,0,0,0,0,0,0,0,0,0,0,0,0,0,0,0,0,0,0,0,0,0,2845,TCGA-GM-A2DD-DX1_xmin47260_ymin22408_MPP-0.2500+421
49261,0,0,0,0,2,0,0,0,0,0,0,0,0,0,0,0,0,0,0,0,0,0,0,913,49261,0,0,0,0,2,0,0,0,0,0,0,0,0,0,0,0,0,0,0,0,0,0,0,913,49261,0,0,0,0,2,0,0,0,0,0,0,0,0,0,0,0,0,0,0,0,0,0,0,913,TCGA-GM-A2DD-DX1_xmin47260_ymin22408_MPP-0.2500+422
50176,0,0,0,0,0,0,0,0,0,0,0,0,0,0,0,0,0,0,0,0,0,0,0,0,50176,0,0,0,0,0,0,0,0,0,0,0,0,0,0,0,0,0,0,0,0,0,0,0,0,50176,0,0,0,0,0,0,0,0,0,0,0,0,0,0,0,0,0,0,0,0,0,0,0,0,TCGA-GM-A2DD-DX1_xmin47260_ymin22408_MPP-0.2500+423
50176,0,0,0,0,0,0,0,0,0,0,0,0,0,0,0,0,0,0,0,0,0,0,0,0,50176,0,0,0,0,0,0,0,0,0,0,0,0,0,0,0,0,0,0,0,0,0,0,0,0,50176,0,0,0,0,0,0,0,0,0,0,0,0,0,0,0,0,0,0,0,0,0,0,0,0,TCGA-GM-A2DD-DX1_xmin47260_ymin22408_MPP-0.2500+424
50176,0,0,0,0,0,0,0,0,0,0,0,0,0,0,0,0,0,0,0,0,0,0,0,0,50176,0,0,0,0,0,0,0,0,0,0,0,0,0,0,0,0,0,0,0,0,0,0,0,0,50176,0,0,0,0,0,0,0,0,0,0,0,0,0,0,0,0,0,0,0,0,0,0,0,0,TCGA-GM-A2DD-DX1_xmin47260_ymin22408_MPP-0.2500+425
50176,0,0,0,0,0,0,0,0,0,0,0,0,0,0,0,0,0,0,0,0,0,0,0,0,50176,0,0,0,0,0,0,0,0,0,0,0,0,0,0,0,0,0,0,0,0,0,0,0,0,50176,0,0,0,0,0,0,0,0,0,0,0,0,0,0,0,0,0,0,0,0,0,0,0,0,TCGA-GM-A2DD-DX1_xmin47260_ymin22408_MPP-0.2500+426
0,20949,0,0,0,0,29227,0,0,0,0,0,0,0,0,0,0,0,0,0,0,0,0,0,0,0,20949,0,0,0,0,29227,0,0,0,0,0,0,0,0,0,0,0,0,0,0,0,0,0,0,0,20949,0,0,0,0,29227,0,0,0,0,0,0,0,0,0,0,0,0,0,0,0,0,0,0,TCGA-GM-A2DD-DX1_xmin47260_ymin22408_MPP-0.2500+427
0,0,0,0,0,0,50176,0,0,0,0,0,0,0,0,0,0,0,0,0,0,0,0,0,0,0,0,0,0,0,0,50176,0,0,0,0,0,0,0,0,0,0,0,0,0,0,0,0,0,0,0,0,0,0,0,0,50176,0,0,0,0,0,0,0,0,0,0,0,0,0,0,0,0,0,0,TCGA-GM-A2DD-DX1_xmin47260_ymin22408_MPP-0.2500+428
3123,0,0,0,0,1436,31299,0,0,0,0,0,0,0,0,0,0,0,0,0,0,0,0,0,14318,3123,0,0,0,0,1561,31174,0,0,0,0,0,0,0,0,0,0,0,0,0,0,0,0,0,14318,3123,0,0,0,0,1707,31028,0,0,0,0,0,0,0,0,0,0,0,0,0,0,0,0,0,14318,TCGA-GM-A2DD-DX1_xmin47260_ymin22408_MPP-0.2500+429
0,0,0,0,0,0,50176,0,0,0,0,0,0,0,0,0,0,0,0,0,0,0,0,0,0,0,0,0,0,0,0,50176,0,0,0,0,0,0,0,0,0,0,0,0,0,0,0,0,0,0,0,0,0,0,0,0,50176,0,0,0,0,0,0,0,0,0,0,0,0,0,0,0,0,0,0,TCGA-GM-A2DD-DX1_xmin47260_ymin22408_MPP-0.2500+43
47160,0,0,0,0,347,0,0,0,0,0,0,0,0,0,0,0,0,0,0,0,0,0,0,2669,47160,0,0,0,0,347,0,0,0,0,0,0,0,0,0,0,0,0,0,0,0,0,0,0,2669,47160,0,0,0,0,347,0,0,0,0,0,0,0,0,0,0,0,0,0,0,0,0,0,0,2669,TCGA-GM-A2DD-DX1_xmin47260_ymin22408_MPP-0.2500+430
17344,1893,0,0,0,367,29351,0,0,0,0,0,0,0,0,0,0,0,0,0,0,0,0,0,1221,17341,1896,0,0,0,474,29244,0,0,0,0,0,0,0,0,0,0,0,0,0,0,0,0,0,1221,17344,1893,0,0,0,512,29206,0,0,0,0,0,0,0,0,0,0,0,0,0,0,0,0,0,1221,TCGA-GM-A2DD-DX1_xmin47260_ymin22408_MPP-0.2500+431
26293,7381,0,0,0,247,16255,0,0,0,0,0,0,0,0,0,0,0,0,0,0,0,0,0,0,26025,7649,0,0,0,207,16295,0,0,0,0,0,0,0,0,0,0,0,0,0,0,0,0,0,0,26285,7389,0,0,0,177,16325,0,0,0,0,0,0,0,0,0,0,0,0,0,0,0,0,0,0,TCGA-GM-A2DD-DX1_xmin47260_ymin22408_MPP-0.2500+432
31442,4078,0,0,0,3868,10788,0,0,0,0,0,0,0,0,0,0,0,0,0,0,0,0,0,0,31323,4197,0,0,0,3516,11140,0,0,0,0,0,0,0,0,0,0,0,0,0,0,0,0,0,0,31146,4374,0,0,0,3302,11354,0,0,0,0,0,0,0,0,0,0,0,0,0,0,0,0,0,0,TCGA-GM-A2DD-DX1_xmin47260_ymin22408_MPP-0.2500+433
29109,942,0,0,0,2043,9067,0,0,0,0,0,0,0,0,0,0,0,0,0,0,0,0,0,9015,29153,898,0,0,0,1956,9154,0,0,0,0,0,0,0,0,0,0,0,0,0,0,0,0,0,9015,29155,896,0,0,0,1790,9320,0,0,0,0,0,0,0,0,0,0,0,0,0,0,0,0,0,9015,TCGA-GM-A2DD-DX1_xmin47260_ymin22408_MPP-0.2500+434
0,0,0,0,0,0,50176,0,0,0,0,0,0,0,0,0,0,0,0,0,0,0,0,0,0,0,0,0,0,0,0,50176,0,0,0,0,0,0,0,0,0,0,0,0,0,0,0,0,0,0,0,0,0,0,0,0,50176,0,0,0,0,0,0,0,0,0,0,0,0,0,0,0,0,0,0,TCGA-GM-A2DD-DX1_xmin47260_ymin22408_MPP-0.2500+44
6502,757,0,0,0,1621,25196,0,0,0,181,15919,0,0,0,0,0,0,0,0,0,0,0,0,0,6531,728,0,0,0,1607,25210,0,0,0,248,15852,0,0,0,0,0,0,0,0,0,0,0,0,0,6559,700,0,0,0,1818,24999,0,0,0,213,15887,0,0,0,0,0,0,0,0,0,0,0,0,0,TCGA-GM-A2DD-DX1_xmin47260_ymin22408_MPP-0.2500+45
0,0,0,0,0,0,18552,5449,0,0,0,1551,24624,0,0,0,0,0,0,0,0,0,0,0,0,0,0,0,0,0,0,18816,5185,0,0,0,1952,24223,0,0,0,0,0,0,0,0,0,0,0,0,0,0,0,0,0,0,18868,5133,0,0,0,1941,24234,0,0,0,0,0,0,0,0,0,0,0,0,TCGA-GM-A2DD-DX1_xmin47260_ymin22408_MPP-0.2500+46
0,6568,0,0,0,0,43608,0,0,0,0,0,0,0,0,0,0,0,0,0,0,0,0,0,0,0,6568,0,0,0,0,43608,0,0,0,0,0,0,0,0,0,0,0,0,0,0,0,0,0,0,0,6568,0,0,0,0,43608,0,0,0,0,0,0,0,0,0,0,0,0,0,0,0,0,0,0,TCGA-GM-A2DD-DX1_xmin47260_ymin22408_MPP-0.2500+47
0,0,0,0,0,0,15501,3812,0,0,0,7965,22898,0,0,0,0,0,0,0,0,0,0,0,0,0,0,0,0,0,0,16070,3243,0,0,0,9214,21649,0,0,0,0,0,0,0,0,0,0,0,0,0,0,0,0,0,0,15770,3543,0,0,0,8621,22242,0,0,0,0,0,0,0,0,0,0,0,0,TCGA-GM-A2DD-DX1_xmin47260_ymin22408_MPP-0.2500+48
0,0,0,0,0,0,20046,12341,0,0,0,6707,854,0,0,0,0,0,0,0,0,0,0,0,10228,0,0,0,0,0,0,21260,11127,0,0,0,6799,762,0,0,0,0,0,0,0,0,0,0,0,10228,0,0,0,0,0,0,24424,7963,0,0,0,6923,638,0,0,0,0,0,0,0,0,0,0,0,10228,TCGA-GM-A2DD-DX1_xmin47260_ymin22408_MPP-0.2500+49
0,0,0,0,0,0,50176,0,0,0,0,0,0,0,0,0,0,0,0,0,0,0,0,0,0,0,0,0,0,0,0,50176,0,0,0,0,0,0,0,0,0,0,0,0,0,0,0,0,0,0,0,0,0,0,0,0,50176,0,0,0,0,0,0,0,0,0,0,0,0,0,0,0,0,0,0,TCGA-GM-A2DD-DX1_xmin47260_ymin22408_MPP-0.2500+5
0,0,0,0,0,0,49374,0,0,0,0,0,0,0,0,0,0,0,0,0,0,0,0,0,802,0,0,0,0,0,0,49374,0,0,0,0,0,0,0,0,0,0,0,0,0,0,0,0,0,802,0,0,0,0,0,0,49374,0,0,0,0,0,0,0,0,0,0,0,0,0,0,0,0,0,802,TCGA-GM-A2DD-DX1_xmin47260_ymin22408_MPP-0.2500+50
0,1089,0,0,0,0,48009,0,0,0,0,1078,0,0,0,0,0,0,0,0,0,0,0,0,0,0,1089,0,0,0,0,48009,0,0,0,0,1078,0,0,0,0,0,0,0,0,0,0,0,0,0,0,1089,0,0,0,0,48009,0,0,0,0,1078,0,0,0,0,0,0,0,0,0,0,0,0,0,TCGA-GM-A2DD-DX1_xmin47260_ymin22408_MPP-0.2500+51
0,11245,0,0,0,0,38931,0,0,0,0,0,0,0,0,0,0,0,0,0,0,0,0,0,0,0,11245,0,0,0,0,38931,0,0,0,0,0,0,0,0,0,0,0,0,0,0,0,0,0,0,0,11245,0,0,0,0,38931,0,0,0,0,0,0,0,0,0,0,0,0,0,0,0,0,0,0,TCGA-GM-A2DD-DX1_xmin47260_ymin22408_MPP-0.2500+52
10858,3574,0,0,0,4372,31372,0,0,0,0,0,0,0,0,0,0,0,0,0,0,0,0,0,0,10836,3596,0,0,0,4059,31685,0,0,0,0,0,0,0,0,0,0,0,0,0,0,0,0,0,0,10774,3658,0,0,0,3707,32037,0,0,0,0,0,0,0,0,0,0,0,0,0,0,0,0,0,0,TCGA-GM-A2DD-DX1_xmin47260_ymin22408_MPP-0.2500+53
0,0,0,0,0,0,50176,0,0,0,0,0,0,0,0,0,0,0,0,0,0,0,0,0,0,0,0,0,0,0,0,50176,0,0,0,0,0,0,0,0,0,0,0,0,0,0,0,0,0,0,0,0,0,0,0,0,50176,0,0,0,0,0,0,0,0,0,0,0,0,0,0,0,0,0,0,TCGA-GM-A2DD-DX1_xmin47260_ymin22408_MPP-0.2500+54
0,0,0,0,0,0,50176,0,0,0,0,0,0,0,0,0,0,0,0,0,0,0,0,0,0,0,0,0,0,0,0,50176,0,0,0,0,0,0,0,0,0,0,0,0,0,0,0,0,0,0,0,0,0,0,0,0,50176,0,0,0,0,0,0,0,0,0,0,0,0,0,0,0,0,0,0,TCGA-GM-A2DD-DX1_xmin47260_ymin22408_MPP-0.2500+55
0,0,0,0,0,0,50176,0,0,0,0,0,0,0,0,0,0,0,0,0,0,0,0,0,0,0,0,0,0,0,0,50176,0,0,0,0,0,0,0,0,0,0,0,0,0,0,0,0,0,0,0,0,0,0,0,0,50176,0,0,0,0,0,0,0,0,0,0,0,0,0,0,0,0,0,0,TCGA-GM-A2DD-DX1_xmin47260_ymin22408_MPP-0.2500+56
0,0,0,0,0,0,50176,0,0,0,0,0,0,0,0,0,0,0,0,0,0,0,0,0,0,0,0,0,0,0,0,50176,0,0,0,0,0,0,0,0,0,0,0,0,0,0,0,0,0,0,0,0,0,0,0,0,50176,0,0,0,0,0,0,0,0,0,0,0,0,0,0,0,0,0,0,TCGA-GM-A2DD-DX1_xmin47260_ymin22408_MPP-0.2500+57
0,0,0,0,0,0,50176,0,0,0,0,0,0,0,0,0,0,0,0,0,0,0,0,0,0,0,0,0,0,0,0,50176,0,0,0,0,0,0,0,0,0,0,0,0,0,0,0,0,0,0,0,0,0,0,0,0,50176,0,0,0,0,0,0,0,0,0,0,0,0,0,0,0,0,0,0,TCGA-GM-A2DD-DX1_xmin47260_ymin22408_MPP-0.2500+58
0,0,0,0,0,0,50176,0,0,0,0,0,0,0,0,0,0,0,0,0,0,0,0,0,0,0,0,0,0,0,0,50176,0,0,0,0,0,0,0,0,0,0,0,0,0,0,0,0,0,0,0,0,0,0,0,0,50176,0,0,0,0,0,0,0,0,0,0,0,0,0,0,0,0,0,0,TCGA-GM-A2DD-DX1_xmin47260_ymin22408_MPP-0.2500+59
0,0,0,0,0,0,50176,0,0,0,0,0,0,0,0,0,0,0,0,0,0,0,0,0,0,0,0,0,0,0,0,50176,0,0,0,0,0,0,0,0,0,0,0,0,0,0,0,0,0,0,0,0,0,0,0,0,50176,0,0,0,0,0,0,0,0,0,0,0,0,0,0,0,0,0,0,TCGA-GM-A2DD-DX1_xmin47260_ymin22408_MPP-0.2500+6
0,0,0,0,0,0,38200,4356,0,0,0,2834,4786,0,0,0,0,0,0,0,0,0,0,0,0,0,0,0,0,0,0,38463,4093,0,0,0,2772,4848,0,0,0,0,0,0,0,0,0,0,0,0,0,0,0,0,0,0,38323,4233,0,0,0,2063,5557,0,0,0,0,0,0,0,0,0,0,0,0,TCGA-GM-A2DD-DX1_xmin47260_ymin22408_MPP-0.2500+60
0,0,0,0,0,0,22157,2813,0,0,0,6396,18810,0,0,0,0,0,0,0,0,0,0,0,0,0,0,0,0,0,0,22569,2401,0,0,0,6706,18500,0,0,0,0,0,0,0,0,0,0,0,0,0,0,0,0,0,0,22700,2270,0,0,0,6964,18242,0,0,0,0,0,0,0,0,0,0,0,0,TCGA-GM-A2DD-DX1_xmin47260_ymin22408_MPP-0.2500+61
0,0,0,0,0,0,28765,0,0,0,0,21411,0,0,0,0,0,0,0,0,0,0,0,0,0,0,0,0,0,0,0,28765,0,0,0,0,21411,0,0,0,0,0,0,0,0,0,0,0,0,0,0,0,0,0,0,0,28765,0,0,0,0,21411,0,0,0,0,0,0,0,0,0,0,0,0,0,TCGA-GM-A2DD-DX1_xmin47260_ymin22408_MPP-0.2500+62
2056,28,0,0,0,8106,35658,0,0,0,669,3659,0,0,0,0,0,0,0,0,0,0,0,0,0,2051,33,0,0,0,8095,35669,0,0,0,692,3636,0,0,0,0,0,0,0,0,0,0,0,0,0,2048,36,0,0,0,7951,35813,0,0,0,651,3677,0,0,0,0,0,0,0,0,0,0,0,0,0,TCGA-GM-A2DD-DX1_xmin47260_ymin22408_MPP-0.2500+63
0,0,0,0,0,0,44466,0,0,0,0,5710,0,0,0,0,0,0,0,0,0,0,0,0,0,0,0,0,0,0,0,44466,0,0,0,0,5710,0,0,0,0,0,0,0,0,0,0,0,0,0,0,0,0,0,0,0,44466,0,0,0,0,5710,0,0,0,0,0,0,0,0,0,0,0,0,0,TCGA-GM-A2DD-DX1_xmin47260_ymin22408_MPP-0.2500+64
0,0,0,0,0,0,50176,0,0,0,0,0,0,0,0,0,0,0,0,0,0,0,0,0,0,0,0,0,0,0,0,50176,0,0,0,0,0,0,0,0,0,0,0,0,0,0,0,0,0,0,0,0,0,0,0,0,50176,0,0,0,0,0,0,0,0,0,0,0,0,0,0,0,0,0,0,TCGA-GM-A2DD-DX1_xmin47260_ymin22408_MPP-0.2500+65
22446,1699,0,0,0,241,25790,0,0,0,0,0,0,0,0,0,0,0,0,0,0,0,0,0,0,21960,2185,0,0,0,171,25860,0,0,0,0,0,0,0,0,0,0,0,0,0,0,0,0,0,0,21006,3139,0,0,0,155,25876,0,0,0,0,0,0,0,0,0,0,0,0,0,0,0,0,0,0,TCGA-GM-A2DD-DX1_xmin47260_ymin22408_MPP-0.2500+66
50176,0,0,0,0,0,0,0,0,0,0,0,0,0,0,0,0,0,0,0,0,0,0,0,0,50176,0,0,0,0,0,0,0,0,0,0,0,0,0,0,0,0,0,0,0,0,0,0,0,0,50176,0,0,0,0,0,0,0,0,0,0,0,0,0,0,0,0,0,0,0,0,0,0,0,0,TCGA-GM-A2DD-DX1_xmin47260_ymin22408_MPP-0.2500+67
34544,14825,0,0,0,0,807,0,0,0,0,0,0,0,0,0,0,0,0,0,0,0,0,0,0,35686,13683,0,0,0,1,806,0,0,0,0,0,0,0,0,0,0,0,0,0,0,0,0,0,0,34746,14623,0,0,0,0,807,0,0,0,0,0,0,0,0,0,0,0,0,0,0,0,0,0,0,TCGA-GM-A2DD-DX1_xmin47260_ymin22408_MPP-0.2500+68
0,625,0,0,0,0,49551,0,0,0,0,0,0,0,0,0,0,0,0,0,0,0,0,0,0,0,625,0,0,0,0,49551,0,0,0,0,0,0,0,0,0,0,0,0,0,0,0,0,0,0,0,625,0,0,0,0,49551,0,0,0,0,0,0,0,0,0,0,0,0,0,0,0,0,0,0,TCGA-GM-A2DD-DX1_xmin47260_ymin22408_MPP-0.2500+69
0,0,0,0,0,0,50176,0,0,0,0,0,0,0,0,0,0,0,0,0,0,0,0,0,0,0,0,0,0,0,0,50176,0,0,0,0,0,0,0,0,0,0,0,0,0,0,0,0,0,0,0,0,0,0,0,0,50176,0,0,0,0,0,0,0,0,0,0,0,0,0,0,0,0,0,0,TCGA-GM-A2DD-DX1_xmin47260_ymin22408_MPP-0.2500+7
0,0,0,0,0,0,50176,0,0,0,0,0,0,0,0,0,0,0,0,0,0,0,0,0,0,0,0,0,0,0,0,50176,0,0,0,0,0,0,0,0,0,0,0,0,0,0,0,0,0,0,0,0,0,0,0,0,50176,0,0,0,0,0,0,0,0,0,0,0,0,0,0,0,0,0,0,TCGA-GM-A2DD-DX1_xmin47260_ymin22408_MPP-0.2500+70
0,0,0,0,0,0,50176,0,0,0,0,0,0,0,0,0,0,0,0,0,0,0,0,0,0,0,0,0,0,0,0,50176,0,0,0,0,0,0,0,0,0,0,0,0,0,0,0,0,0,0,0,0,0,0,0,0,50176,0,0,0,0,0,0,0,0,0,0,0,0,0,0,0,0,0,0,TCGA-GM-A2DD-DX1_xmin47260_ymin22408_MPP-0.2500+71
0,0,0,0,0,0,50176,0,0,0,0,0,0,0,0,0,0,0,0,0,0,0,0,0,0,0,0,0,0,0,0,50176,0,0,0,0,0,0,0,0,0,0,0,0,0,0,0,0,0,0,0,0,0,0,0,0,50176,0,0,0,0,0,0,0,0,0,0,0,0,0,0,0,0,0,0,TCGA-GM-A2DD-DX1_xmin47260_ymin22408_MPP-0.2500+72
0,0,0,0,0,0,50176,0,0,0,0,0,0,0,0,0,0,0,0,0,0,0,0,0,0,0,0,0,0,0,0,50176,0,0,0,0,0,0,0,0,0,0,0,0,0,0,0,0,0,0,0,0,0,0,0,0,50176,0,0,0,0,0,0,0,0,0,0,0,0,0,0,0,0,0,0,TCGA-GM-A2DD-DX1_xmin47260_ymin22408_MPP-0.2500+73
0,0,0,0,0,0,50176,0,0,0,0,0,0,0,0,0,0,0,0,0,0,0,0,0,0,0,0,0,0,0,0,50176,0,0,0,0,0,0,0,0,0,0,0,0,0,0,0,0,0,0,0,0,0,0,0,0,50176,0,0,0,0,0,0,0,0,0,0,0,0,0,0,0,0,0,0,TCGA-GM-A2DD-DX1_xmin47260_ymin22408_MPP-0.2500+74
0,0,0,0,0,0,41844,6109,0,0,0,1120,1103,0,0,0,0,0,0,0,0,0,0,0,0,0,0,0,0,0,0,42435,5518,0,0,0,1196,1027,0,0,0,0,0,0,0,0,0,0,0,0,0,0,0,0,0,0,42532,5421,0,0,0,1127,1096,0,0,0,0,0,0,0,0,0,0,0,0,TCGA-GM-A2DD-DX1_xmin47260_ymin22408_MPP-0.2500+75
0,0,0,0,0,0,44738,2099,0,0,0,133,3206,0,0,0,0,0,0,0,0,0,0,0,0,0,0,0,0,0,0,44925,1912,0,0,0,250,3089,0,0,0,0,0,0,0,0,0,0,0,0,0,0,0,0,0,0,44731,2106,0,0,0,260,3079,0,0,0,0,0,0,0,0,0,0,0,0,TCGA-GM-A2DD-DX1_xmin47260_ymin22408_MPP-0.2500+76
0,645,0,0,0,0,48649,0,0,0,0,882,0,0,0,0,0,0,0,0,0,0,0,0,0,0,645,0,0,0,0,48649,0,0,0,0,882,0,0,0,0,0,0,0,0,0,0,0,0,0,0,645,0,0,0,0,48649,0,0,0,0,882,0,0,0,0,0,0,0,0,0,0,0,0,0,TCGA-GM-A2DD-DX1_xmin47260_ymin22408_MPP-0.2500+77
17852,3642,0,0,0,2378,26304,0,0,0,0,0,0,0,0,0,0,0,0,0,0,0,0,0,0,18216,3278,0,0,0,2389,26293,0,0,0,0,0,0,0,0,0,0,0,0,0,0,0,0,0,0,18506,2988,0,0,0,2572,26110,0,0,0,0,0,0,0,0,0,0,0,0,0,0,0,0,0,0,TCGA-GM-A2DD-DX1_xmin47260_ymin22408_MPP-0.2500+78
0,0,0,0,0,0,50176,0,0,0,0,0,0,0,0,0,0,0,0,0,0,0,0,0,0,0,0,0,0,0,0,50176,0,0,0,0,0,0,0,0,0,0,0,0,0,0,0,0,0,0,0,0,0,0,0,0,50176,0,0,0,0,0,0,0,0,0,0,0,0,0,0,0,0,0,0,TCGA-GM-A2DD-DX1_xmin47260_ymin22408_MPP-0.2500+79
0,0,0,0,0,0,50176,0,0,0,0,0,0,0,0,0,0,0,0,0,0,0,0,0,0,0,0,0,0,0,0,50176,0,0,0,0,0,0,0,0,0,0,0,0,0,0,0,0,0,0,0,0,0,0,0,0,50176,0,0,0,0,0,0,0,0,0,0,0,0,0,0,0,0,0,0,TCGA-GM-A2DD-DX1_xmin47260_ymin22408_MPP-0.2500+8
0,4420,0,0,0,0,45756,0,0,0,0,0,0,0,0,0,0,0,0,0,0,0,0,0,0,0,4420,0,0,0,0,45756,0,0,0,0,0,0,0,0,0,0,0,0,0,0,0,0,0,0,0,4420,0,0,0,0,45756,0,0,0,0,0,0,0,0,0,0,0,0,0,0,0,0,0,0,TCGA-GM-A2DD-DX1_xmin47260_ymin22408_MPP-0.2500+80
30016,2170,0,0,0,265,17725,0,0,0,0,0,0,0,0,0,0,0,0,0,0,0,0,0,0,29911,2275,0,0,0,256,17734,0,0,0,0,0,0,0,0,0,0,0,0,0,0,0,0,0,0,29736,2450,0,0,0,238,17752,0,0,0,0,0,0,0,0,0,0,0,0,0,0,0,0,0,0,TCGA-GM-A2DD-DX1_xmin47260_ymin22408_MPP-0.2500+81
43195,3100,0,0,0,482,3399,0,0,0,0,0,0,0,0,0,0,0,0,0,0,0,0,0,0,43132,3163,0,0,0,481,3400,0,0,0,0,0,0,0,0,0,0,0,0,0,0,0,0,0,0,43008,3287,0,0,0,461,3420,0,0,0,0,0,0,0,0,0,0,0,0,0,0,0,0,0,0,TCGA-GM-A2DD-DX1_xmin47260_ymin22408_MPP-0.2500+82
18141,634,0,0,0,6760,24641,0,0,0,0,0,0,0,0,0,0,0,0,0,0,0,0,0,0,18093,682,0,0,0,6803,24598,0,0,0,0,0,0,0,0,0,0,0,0,0,0,0,0,0,0,17983,792,0,0,0,6832,24569,0,0,0,0,0,0,0,0,0,0,0,0,0,0,0,0,0,0,TCGA-GM-A2DD-DX1_xmin47260_ymin22408_MPP-0.2500+83
0,0,0,0,0,0,50176,0,0,0,0,0,0,0,0,0,0,0,0,0,0,0,0,0,0,0,0,0,0,0,0,50176,0,0,0,0,0,0,0,0,0,0,0,0,0,0,0,0,0,0,0,0,0,0,0,0,50176,0,0,0,0,0,0,0,0,0,0,0,0,0,0,0,0,0,0,TCGA-GM-A2DD-DX1_xmin47260_ymin22408_MPP-0.2500+84
0,0,0,0,0,0,50176,0,0,0,0,0,0,0,0,0,0,0,0,0,0,0,0,0,0,0,0,0,0,0,0,50176,0,0,0,0,0,0,0,0,0,0,0,0,0,0,0,0,0,0,0,0,0,0,0,0,50176,0,0,0,0,0,0,0,0,0,0,0,0,0,0,0,0,0,0,TCGA-GM-A2DD-DX1_xmin47260_ymin22408_MPP-0.2500+85
0,0,0,0,0,0,50176,0,0,0,0,0,0,0,0,0,0,0,0,0,0,0,0,0,0,0,0,0,0,0,0,50176,0,0,0,0,0,0,0,0,0,0,0,0,0,0,0,0,0,0,0,0,0,0,0,0,50176,0,0,0,0,0,0,0,0,0,0,0,0,0,0,0,0,0,0,TCGA-GM-A2DD-DX1_xmin47260_ymin22408_MPP-0.2500+86
0,0,0,0,0,0,50176,0,0,0,0,0,0,0,0,0,0,0,0,0,0,0,0,0,0,0,0,0,0,0,0,50176,0,0,0,0,0,0,0,0,0,0,0,0,0,0,0,0,0,0,0,0,0,0,0,0,50176,0,0,0,0,0,0,0,0,0,0,0,0,0,0,0,0,0,0,TCGA-GM-A2DD-DX1_xmin47260_ymin22408_MPP-0.2500+87
0,0,0,0,0,0,50176,0,0,0,0,0,0,0,0,0,0,0,0,0,0,0,0,0,0,0,0,0,0,0,0,50176,0,0,0,0,0,0,0,0,0,0,0,0,0,0,0,0,0,0,0,0,0,0,0,0,50176,0,0,0,0,0,0,0,0,0,0,0,0,0,0,0,0,0,0,TCGA-GM-A2DD-DX1_xmin47260_ymin22408_MPP-0.2500+88
0,0,0,0,0,0,50176,0,0,0,0,0,0,0,0,0,0,0,0,0,0,0,0,0,0,0,0,0,0,0,0,50176,0,0,0,0,0,0,0,0,0,0,0,0,0,0,0,0,0,0,0,0,0,0,0,0,50176,0,0,0,0,0,0,0,0,0,0,0,0,0,0,0,0,0,0,TCGA-GM-A2DD-DX1_xmin47260_ymin22408_MPP-0.2500+89
0,0,0,0,0,0,38364,0,0,0,0,0,0,0,0,0,0,0,0,0,0,0,0,0,11812,0,0,0,0,0,0,38364,0,0,0,0,0,0,0,0,0,0,0,0,0,0,0,0,0,11812,0,0,0,0,0,0,38364,0,0,0,0,0,0,0,0,0,0,0,0,0,0,0,0,0,11812,TCGA-GM-A2DD-DX1_xmin47260_ymin22408_MPP-0.2500+9
0,0,0,0,0,0,50176,0,0,0,0,0,0,0,0,0,0,0,0,0,0,0,0,0,0,0,0,0,0,0,0,50176,0,0,0,0,0,0,0,0,0,0,0,0,0,0,0,0,0,0,0,0,0,0,0,0,50176,0,0,0,0,0,0,0,0,0,0,0,0,0,0,0,0,0,0,TCGA-GM-A2DD-DX1_xmin47260_ymin22408_MPP-0.2500+90
0,0,0,0,0,0,50176,0,0,0,0,0,0,0,0,0,0,0,0,0,0,0,0,0,0,0,0,0,0,0,0,50176,0,0,0,0,0,0,0,0,0,0,0,0,0,0,0,0,0,0,0,0,0,0,0,0,50176,0,0,0,0,0,0,0,0,0,0,0,0,0,0,0,0,0,0,TCGA-GM-A2DD-DX1_xmin47260_ymin22408_MPP-0.2500+91
0,0,0,0,0,0,50176,0,0,0,0,0,0,0,0,0,0,0,0,0,0,0,0,0,0,0,0,0,0,0,0,50176,0,0,0,0,0,0,0,0,0,0,0,0,0,0,0,0,0,0,0,0,0,0,0,0,50176,0,0,0,0,0,0,0,0,0,0,0,0,0,0,0,0,0,0,TCGA-GM-A2DD-DX1_xmin47260_ymin22408_MPP-0.2500+92
0,0,0,0,0,7617,42559,0,0,0,0,0,0,0,0,0,0,0,0,0,0,0,0,0,0,0,0,0,0,0,96,50080,0,0,0,0,0,0,0,0,0,0,0,0,0,0,0,0,0,0,0,0,0,0,0,7398,42778,0,0,0,0,0,0,0,0,0,0,0,0,0,0,0,0,0,0,TCGA-GM-A2DD-DX1_xmin47260_ymin22408_MPP-0.2500+93
0,0,0,0,0,0,50176,0,0,0,0,0,0,0,0,0,0,0,0,0,0,0,0,0,0,0,0,0,0,0,0,50176,0,0,0,0,0,0,0,0,0,0,0,0,0,0,0,0,0,0,0,0,0,0,0,0,50176,0,0,0,0,0,0,0,0,0,0,0,0,0,0,0,0,0,0,TCGA-GM-A2DD-DX1_xmin47260_ymin22408_MPP-0.2500+94
0,11207,0,0,0,0,38969,0,0,0,0,0,0,0,0,0,0,0,0,0,0,0,0,0,0,0,11207,0,0,0,0,38969,0,0,0,0,0,0,0,0,0,0,0,0,0,0,0,0,0,0,0,11207,0,0,0,0,38969,0,0,0,0,0,0,0,0,0,0,0,0,0,0,0,0,0,0,TCGA-GM-A2DD-DX1_xmin47260_ymin22408_MPP-0.2500+95
0,2419,0,0,0,0,47757,0,0,0,0,0,0,0,0,0,0,0,0,0,0,0,0,0,0,0,2419,0,0,0,0,47757,0,0,0,0,0,0,0,0,0,0,0,0,0,0,0,0,0,0,0,2419,0,0,0,0,47757,0,0,0,0,0,0,0,0,0,0,0,0,0,0,0,0,0,0,TCGA-GM-A2DD-DX1_xmin47260_ymin22408_MPP-0.2500+96
0,1023,0,0,0,0,49153,0,0,0,0,0,0,0,0,0,0,0,0,0,0,0,0,0,0,0,1023,0,0,0,0,49153,0,0,0,0,0,0,0,0,0,0,0,0,0,0,0,0,0,0,0,1023,0,0,0,0,49153,0,0,0,0,0,0,0,0,0,0,0,0,0,0,0,0,0,0,TCGA-GM-A2DD-DX1_xmin47260_ymin22408_MPP-0.2500+97
0,0,0,0,0,0,39670,0,0,0,0,10506,0,0,0,0,0,0,0,0,0,0,0,0,0,0,0,0,0,0,0,39670,0,0,0,0,10506,0,0,0,0,0,0,0,0,0,0,0,0,0,0,0,0,0,0,0,39670,0,0,0,0,10506,0,0,0,0,0,0,0,0,0,0,0,0,0,TCGA-GM-A2DD-DX1_xmin47260_ymin22408_MPP-0.2500+98
0,0,0,0,0,0,40544,0,0,0,0,9632,0,0,0,0,0,0,0,0,0,0,0,0,0,0,0,0,0,0,0,40544,0,0,0,0,9632,0,0,0,0,0,0,0,0,0,0,0,0,0,0,0,0,0,0,0,40544,0,0,0,0,9632,0,0,0,0,0,0,0,0,0,0,0,0,0,TCGA-GM-A2DD-DX1_xmin47260_ymin22408_MPP-0.2500+99
0,0,0,0,0,0,0,0,0,0,0,0,50176,0,0,0,0,0,0,0,0,0,0,0,0,0,0,0,0,0,0,0,0,0,0,0,0,50176,0,0,0,0,0,0,0,0,0,0,0,0,0,0,0,0,0,0,0,0,0,0,0,0,50176,0,0,0,0,0,0,0,0,0,0,0,0,TCGA-GM-A2DF-DX1_xmin50637_ymin43774_MPP-0.2500+0
0,0,0,0,0,0,0,413,0,0,0,0,48569,0,0,0,0,0,0,0,0,0,0,0,1194,0,0,0,0,0,0,0,413,0,0,0,0,48569,0,0,0,0,0,0,0,0,0,0,0,1194,0,0,0,0,0,0,0,413,0,0,0,0,48569,0,0,0,0,0,0,0,0,0,0,0,1194,TCGA-GM-A2DF-DX1_xmin50637_ymin43774_MPP-0.2500+1
0,0,0,0,0,6697,0,11513,0,0,995,0,23266,0,0,0,0,0,0,0,0,0,0,0,7705,0,0,0,0,0,6176,0,12034,0,0,995,0,23266,0,0,0,0,0,0,0,0,0,0,0,7705,0,0,0,0,0,6112,0,12098,0,0,995,0,23266,0,0,0,0,0,0,0,0,0,0,0,7705,TCGA-GM-A2DF-DX1_xmin50637_ymin43774_MPP-0.2500+10
0,0,0,0,0,0,19897,4317,0,0,0,1756,15750,0,0,0,0,0,0,0,0,0,0,0,8456,0,0,0,0,0,0,20327,3887,0,0,0,2648,14858,0,0,0,0,0,0,0,0,0,0,0,8456,0,0,0,0,0,0,20182,4032,0,0,0,2814,14692,0,0,0,0,0,0,0,0,0,0,0,8456,TCGA-GM-A2DF-DX1_xmin50637_ymin43774_MPP-0.2500+100
0,0,0,0,0,0,6174,2581,0,0,0,3599,14333,0,0,0,0,0,0,0,0,0,0,0,23489,0,0,0,0,0,0,6239,2516,0,0,0,3686,14246,0,0,0,0,0,0,0,0,0,0,0,23489,0,0,0,0,0,0,6277,2478,0,0,0,3734,14198,0,0,0,0,0,0,0,0,0,0,0,23489,TCGA-GM-A2DF-DX1_xmin50637_ymin43774_MPP-0.2500+101
0,3559,0,0,0,0,11418,1636,0,0,0,1739,20899,0,0,0,0,0,0,0,0,0,0,0,10925,0,3559,0,0,0,0,11553,1501,0,0,0,1888,20750,0,0,0,0,0,0,0,0,0,0,0,10925,0,3559,0,0,0,0,11631,1423,0,0,0,2079,20559,0,0,0,0,0,0,0,0,0,0,0,10925,TCGA-GM-A2DF-DX1_xmin50637_ymin43774_MPP-0.2500+102
5016,532,0,0,0,196,12476,1073,0,0,0,4430,5605,0,0,0,0,0,0,0,0,0,0,0,20848,4950,598,0,0,0,158,12622,965,0,0,0,4467,5568,0,0,0,0,0,0,0,0,0,0,0,20848,4944,604,0,0,0,145,12642,958,0,0,0,4316,5719,0,0,0,0,0,0,0,0,0,0,0,20848,TCGA-GM-A2DF-DX1_xmin50637_ymin43774_MPP-0.2500+103
0,0,0,0,0,0,13289,0,0,0,0,2733,0,0,0,0,0,0,0,0,0,0,0,0,34154,0,0,0,0,0,0,13289,0,0,0,0,2733,0,0,0,0,0,0,0,0,0,0,0,0,34154,0,0,0,0,0,0,13289,0,0,0,0,2733,0,0,0,0,0,0,0,0,0,0,0,0,34154,TCGA-GM-A2DF-DX1_xmin50637_ymin43774_MPP-0.2500+104
0,0,0,0,0,0,24354,0,0,0,0,0,0,0,0,0,0,0,0,0,0,0,0,0,25822,0,0,0,0,0,0,24354,0,0,0,0,0,0,0,0,0,0,0,0,0,0,0,0,0,25822,0,0,0,0,0,0,24354,0,0,0,0,0,0,0,0,0,0,0,0,0,0,0,0,0,25822,TCGA-GM-A2DF-DX1_xmin50637_ymin43774_MPP-0.2500+105
0,0,0,0,0,0,49571,0,0,0,0,0,0,0,0,0,0,0,0,0,0,0,0,0,605,0,0,0,0,0,0,49571,0,0,0,0,0,0,0,0,0,0,0,0,0,0,0,0,0,605,0,0,0,0,0,0,49571,0,0,0,0,0,0,0,0,0,0,0,0,0,0,0,0,0,605,TCGA-GM-A2DF-DX1_xmin50637_ymin43774_MPP-0.2500+106
0,0,0,0,0,0,49885,0,0,0,0,0,0,0,0,0,0,0,0,0,0,0,0,0,291,0,0,0,0,0,0,49885,0,0,0,0,0,0,0,0,0,0,0,0,0,0,0,0,0,291,0,0,0,0,0,0,49885,0,0,0,0,0,0,0,0,0,0,0,0,0,0,0,0,0,291,TCGA-GM-A2DF-DX1_xmin50637_ymin43774_MPP-0.2500+107
0,0,0,0,0,0,49205,0,0,0,0,0,0,0,0,0,0,0,0,0,0,0,0,0,971,0,0,0,0,0,0,49205,0,0,0,0,0,0,0,0,0,0,0,0,0,0,0,0,0,971,0,0,0,0,0,0,49205,0,0,0,0,0,0,0,0,0,0,0,0,0,0,0,0,0,971,TCGA-GM-A2DF-DX1_xmin50637_ymin43774_MPP-0.2500+108
0,0,0,0,0,0,0,0,0,0,224,0,30624,0,0,0,0,0,0,0,0,0,0,0,19328,0,0,0,0,0,0,0,0,0,0,280,0,30568,0,0,0,0,0,0,0,0,0,0,0,19328,0,0,0,0,0,0,0,0,0,0,224,0,30624,0,0,0,0,0,0,0,0,0,0,0,19328,TCGA-GM-A2DF-DX1_xmin50637_ymin43774_MPP-0.2500+109
0,0,0,0,0,0,0,0,0,0,0,0,50176,0,0,0,0,0,0,0,0,0,0,0,0,0,0,0,0,0,0,0,0,0,0,0,0,50176,0,0,0,0,0,0,0,0,0,0,0,0,0,0,0,0,0,0,0,0,0,0,0,0,50176,0,0,0,0,0,0,0,0,0,0,0,0,TCGA-GM-A2DF-DX1_xmin50637_ymin43774_MPP-0.2500+11
0,0,0,0,0,0,3287,247,0,0,128,7922,16985,0,0,0,0,0,0,0,0,0,0,0,21607,0,0,0,0,0,0,3295,239,0,0,224,8283,16528,0,0,0,0,0,0,0,0,0,0,0,21607,0,0,0,0,0,0,3337,197,0,0,224,8476,16335,0,0,0,0,0,0,0,0,0,0,0,21607,TCGA-GM-A2DF-DX1_xmin50637_ymin43774_MPP-0.2500+110
0,0,0,0,0,0,22987,7078,0,0,0,5389,10096,0,0,0,0,0,0,0,0,0,0,0,4626,0,0,0,0,0,0,23333,6732,0,0,0,5689,9796,0,0,0,0,0,0,0,0,0,0,0,4626,0,0,0,0,0,0,23534,6531,0,0,0,5742,9743,0,0,0,0,0,0,0,0,0,0,0,4626,TCGA-GM-A2DF-DX1_xmin50637_ymin43774_MPP-0.2500+111
0,0,0,0,0,0,13522,5503,0,0,0,1759,17437,0,0,0,0,0,0,0,0,0,0,0,11955,0,0,0,0,0,0,13804,5221,0,0,0,1902,17294,0,0,0,0,0,0,0,0,0,0,0,11955,0,0,0,0,0,0,13980,5045,0,0,0,2051,17145,0,0,0,0,0,0,0,0,0,0,0,11955,TCGA-GM-A2DF-DX1_xmin50637_ymin43774_MPP-0.2500+112
0,0,0,0,0,0,20704,0,0,0,0,5071,0,0,0,0,0,0,0,0,0,0,0,0,24401,0,0,0,0,0,0,20704,0,0,0,0,5071,0,0,0,0,0,0,0,0,0,0,0,0,24401,0,0,0,0,0,0,20704,0,0,0,0,5071,0,0,0,0,0,0,0,0,0,0,0,0,24401,TCGA-GM-A2DF-DX1_xmin50637_ymin43774_MPP-0.2500+113
0,0,0,0,0,0,34087,0,0,0,0,7501,0,0,0,0,0,0,0,0,0,0,0,0,8588,0,0,0,0,0,0,34087,0,0,0,0,7501,0,0,0,0,0,0,0,0,0,0,0,0,8588,0,0,0,0,0,0,34087,0,0,0,0,7501,0,0,0,0,0,0,0,0,0,0,0,0,8588,TCGA-GM-A2DF-DX1_xmin50637_ymin43774_MPP-0.2500+114
0,0,0,0,0,0,38602,0,0,0,0,0,0,0,0,0,0,0,0,0,0,0,0,0,11574,0,0,0,0,0,0,38602,0,0,0,0,0,0,0,0,0,0,0,0,0,0,0,0,0,11574,0,0,0,0,0,0,38602,0,0,0,0,0,0,0,0,0,0,0,0,0,0,0,0,0,11574,TCGA-GM-A2DF-DX1_xmin50637_ymin43774_MPP-0.2500+115
0,0,0,0,0,0,23398,0,0,0,0,1645,0,0,0,0,0,0,0,0,0,0,0,0,25133,0,0,0,0,0,0,23398,0,0,0,0,1645,0,0,0,0,0,0,0,0,0,0,0,0,25133,0,0,0,0,0,0,23398,0,0,0,0,1645,0,0,0,0,0,0,0,0,0,0,0,0,25133,TCGA-GM-A2DF-DX1_xmin50637_ymin43774_MPP-0.2500+116
0,0,0,0,0,0,18320,0,0,0,0,6999,0,0,0,0,0,0,0,0,0,0,0,0,24857,0,0,0,0,0,0,18320,0,0,0,0,6999,0,0,0,0,0,0,0,0,0,0,0,0,24857,0,0,0,0,0,0,18320,0,0,0,0,6999,0,0,0,0,0,0,0,0,0,0,0,0,24857,TCGA-GM-A2DF-DX1_xmin50637_ymin43774_MPP-0.2500+117
0,0,0,0,0,0,29446,0,0,0,0,0,0,0,0,0,0,0,0,0,0,0,0,0,20730,0,0,0,0,0,0,29446,0,0,0,0,0,0,0,0,0,0,0,0,0,0,0,0,0,20730,0,0,0,0,0,0,29446,0,0,0,0,0,0,0,0,0,0,0,0,0,0,0,0,0,20730,TCGA-GM-A2DF-DX1_xmin50637_ymin43774_MPP-0.2500+118
0,0,0,0,0,0,49427,0,0,0,0,0,0,0,0,0,0,0,0,0,0,0,0,0,749,0,0,0,0,0,0,49427,0,0,0,0,0,0,0,0,0,0,0,0,0,0,0,0,0,749,0,0,0,0,0,0,49427,0,0,0,0,0,0,0,0,0,0,0,0,0,0,0,0,0,749,TCGA-GM-A2DF-DX1_xmin50637_ymin43774_MPP-0.2500+119
5709,204,0,0,0,40,1727,1833,0,0,0,6662,23336,0,0,0,0,0,0,0,0,0,0,0,10665,5742,171,0,0,0,39,1829,1732,0,0,0,7061,22937,0,0,0,0,0,0,0,0,0,0,0,10665,5727,186,0,0,0,41,1888,1671,0,0,0,7424,22574,0,0,0,0,0,0,0,0,0,0,0,10665,TCGA-GM-A2DF-DX1_xmin50637_ymin43774_MPP-0.2500+12
0,0,0,0,0,0,49917,0,0,0,0,0,0,0,0,0,0,0,0,0,0,0,0,0,259,0,0,0,0,0,0,49917,0,0,0,0,0,0,0,0,0,0,0,0,0,0,0,0,0,259,0,0,0,0,0,0,49917,0,0,0,0,0,0,0,0,0,0,0,0,0,0,0,0,0,259,TCGA-GM-A2DF-DX1_xmin50637_ymin43774_MPP-0.2500+120
0,0,0,0,0,4,43319,0,0,0,0,0,0,0,0,0,0,0,0,0,0,0,0,0,6853,0,0,0,0,0,0,43323,0,0,0,0,0,0,0,0,0,0,0,0,0,0,0,0,0,6853,0,0,0,0,0,4,43319,0,0,0,0,0,0,0,0,0,0,0,0,0,0,0,0,0,6853,TCGA-GM-A2DF-DX1_xmin50637_ymin43774_MPP-0.2500+121
0,0,0,0,0,0,24109,0,0,0,0,0,0,0,0,0,0,0,0,0,0,0,0,0,26067,0,0,0,0,0,0,24109,0,0,0,0,0,0,0,0,0,0,0,0,0,0,0,0,0,26067,0,0,0,0,0,0,24109,0,0,0,0,0,0,0,0,0,0,0,0,0,0,0,0,0,26067,TCGA-GM-A2DF-DX1_xmin50637_ymin43774_MPP-0.2500+122
0,0,0,0,0,0,0,1076,0,0,0,0,19876,0,0,0,0,0,0,0,0,0,0,0,29224,0,0,0,0,0,0,0,1076,0,0,1,0,19875,0,0,0,0,0,0,0,0,0,0,0,29224,0,0,0,0,0,0,0,1076,0,0,1,0,19875,0,0,0,0,0,0,0,0,0,0,0,29224,TCGA-GM-A2DF-DX1_xmin50637_ymin43774_MPP-0.2500+123
0,0,0,0,0,0,0,0,0,0,2800,0,35677,0,0,0,0,0,0,0,0,0,0,0,11699,0,0,0,0,0,0,0,0,0,0,2998,0,35479,0,0,0,0,0,0,0,0,0,0,0,11699,0,0,0,0,0,0,0,0,0,0,2939,0,35538,0,0,0,0,0,0,0,0,0,0,0,11699,TCGA-GM-A2DF-DX1_xmin50637_ymin43774_MPP-0.2500+124
0,0,0,0,0,0,0,11221,0,0,407,0,14440,0,0,0,0,0,0,0,0,0,0,0,24108,0,0,0,0,0,0,0,11221,0,0,407,0,14440,0,0,0,0,0,0,0,0,0,0,0,24108,0,0,0,0,0,0,0,11221,0,0,567,0,14280,0,0,0,0,0,0,0,0,0,0,0,24108,TCGA-GM-A2DF-DX1_xmin50637_ymin43774_MPP-0.2500+125
0,0,0,0,0,0,15025,1844,0,0,0,2209,8373,0,0,0,0,0,0,0,0,0,0,0,22725,0,0,0,0,0,0,15567,1302,0,0,0,2259,8323,0,0,0,0,0,0,0,0,0,0,0,22725,0,0,0,0,0,0,15623,1246,0,0,0,2277,8305,0,0,0,0,0,0,0,0,0,0,0,22725,TCGA-GM-A2DF-DX1_xmin50637_ymin43774_MPP-0.2500+126
0,1995,13911,0,0,0,12850,6222,0,0,0,6025,8377,0,0,0,0,0,0,0,0,0,0,0,796,0,2652,13254,0,0,0,13172,5900,0,0,0,6428,7974,0,0,0,0,0,0,0,0,0,0,0,796,0,3243,12663,0,0,0,13314,5758,0,0,0,6667,7735,0,0,0,0,0,0,0,0,0,0,0,796,TCGA-GM-A2DF-DX1_xmin50637_ymin43774_MPP-0.2500+127
0,20466,0,0,0,0,21783,0,0,0,0,7927,0,0,0,0,0,0,0,0,0,0,0,0,0,0,20466,0,0,0,0,21783,0,0,0,0,7927,0,0,0,0,0,0,0,0,0,0,0,0,0,0,20466,0,0,0,0,21783,0,0,0,0,7927,0,0,0,0,0,0,0,0,0,0,0,0,0,TCGA-GM-A2DF-DX1_xmin50637_ymin43774_MPP-0.2500+128
0,580,0,0,0,0,37504,0,0,0,0,0,0,0,0,0,0,0,0,0,0,0,0,0,12092,0,580,0,0,0,0,37504,0,0,0,0,0,0,0,0,0,0,0,0,0,0,0,0,0,12092,0,580,0,0,0,0,37504,0,0,0,0,0,0,0,0,0,0,0,0,0,0,0,0,0,12092,TCGA-GM-A2DF-DX1_xmin50637_ymin43774_MPP-0.2500+129
44838,1012,0,0,0,29,1765,0,0,0,0,0,0,0,0,0,0,0,0,0,0,0,0,0,2532,44777,1073,0,0,0,28,1766,0,0,0,0,0,0,0,0,0,0,0,0,0,0,0,0,0,2532,44669,1181,0,0,0,21,1773,0,0,0,0,0,0,0,0,0,0,0,0,0,0,0,0,0,2532,TCGA-GM-A2DF-DX1_xmin50637_ymin43774_MPP-0.2500+13
0,0,0,0,0,0,17880,0,0,0,0,0,0,0,0,0,0,0,0,0,0,0,0,0,32296,0,0,0,0,0,0,17880,0,0,0,0,0,0,0,0,0,0,0,0,0,0,0,0,0,32296,0,0,0,0,0,0,17880,0,0,0,0,0,0,0,0,0,0,0,0,0,0,0,0,0,32296,TCGA-GM-A2DF-DX1_xmin50637_ymin43774_MPP-0.2500+130
0,0,0,0,0,0,12015,0,0,0,0,0,0,0,0,0,0,0,0,0,0,0,0,0,38161,0,0,0,0,0,0,12015,0,0,0,0,0,0,0,0,0,0,0,0,0,0,0,0,0,38161,0,0,0,0,0,0,12015,0,0,0,0,0,0,0,0,0,0,0,0,0,0,0,0,0,38161,TCGA-GM-A2DF-DX1_xmin50637_ymin43774_MPP-0.2500+131
0,0,0,0,0,0,50176,0,0,0,0,0,0,0,0,0,0,0,0,0,0,0,0,0,0,0,0,0,0,0,0,50176,0,0,0,0,0,0,0,0,0,0,0,0,0,0,0,0,0,0,0,0,0,0,0,0,50176,0,0,0,0,0,0,0,0,0,0,0,0,0,0,0,0,0,0,TCGA-GM-A2DF-DX1_xmin50637_ymin43774_MPP-0.2500+132
0,0,0,0,0,0,40106,0,0,0,0,0,0,0,0,0,0,0,0,0,0,0,0,0,10070,0,0,0,0,0,0,40106,0,0,0,0,0,0,0,0,0,0,0,0,0,0,0,0,0,10070,0,0,0,0,0,0,40106,0,0,0,0,0,0,0,0,0,0,0,0,0,0,0,0,0,10070,TCGA-GM-A2DF-DX1_xmin50637_ymin43774_MPP-0.2500+133
0,0,0,0,0,0,43358,0,0,0,0,0,0,0,0,0,0,0,0,0,0,0,0,0,6818,0,0,0,0,0,0,43358,0,0,0,0,0,0,0,0,0,0,0,0,0,0,0,0,0,6818,0,0,0,0,0,0,43358,0,0,0,0,0,0,0,0,0,0,0,0,0,0,0,0,0,6818,TCGA-GM-A2DF-DX1_xmin50637_ymin43774_MPP-0.2500+134
0,0,0,0,0,0,37542,0,0,0,0,0,0,0,0,0,0,0,0,0,0,0,0,0,12634,0,0,0,0,0,0,37542,0,0,0,0,0,0,0,0,0,0,0,0,0,0,0,0,0,12634,0,0,0,0,0,0,37542,0,0,0,0,0,0,0,0,0,0,0,0,0,0,0,0,0,12634,TCGA-GM-A2DF-DX1_xmin50637_ymin43774_MPP-0.2500+135
0,0,0,0,0,0,50176,0,0,0,0,0,0,0,0,0,0,0,0,0,0,0,0,0,0,0,0,0,0,0,0,50176,0,0,0,0,0,0,0,0,0,0,0,0,0,0,0,0,0,0,0,0,0,0,0,0,50176,0,0,0,0,0,0,0,0,0,0,0,0,0,0,0,0,0,0,TCGA-GM-A2DF-DX1_xmin50637_ymin43774_MPP-0.2500+136
0,0,0,0,0,0,1680,3893,0,0,0,2241,22014,0,0,0,0,0,0,0,0,0,0,0,20348,0,0,0,0,0,0,1706,3867,0,0,0,2475,21780,0,0,0,0,0,0,0,0,0,0,0,20348,0,0,0,0,0,0,1783,3790,0,0,0,2686,21569,0,0,0,0,0,0,0,0,0,0,0,20348,TCGA-GM-A2DF-DX1_xmin50637_ymin43774_MPP-0.2500+137
0,0,0,0,0,0,350,74,0,0,11309,8452,18820,0,0,0,0,0,0,0,0,0,0,0,11171,0,0,0,0,0,0,342,82,0,0,11415,8725,18441,0,0,0,0,0,0,0,0,0,0,0,11171,0,0,0,0,0,0,343,81,0,0,11473,9521,17587,0,0,0,0,0,0,0,0,0,0,0,11171,TCGA-GM-A2DF-DX1_xmin50637_ymin43774_MPP-0.2500+138
0,0,0,0,0,0,3684,0,0,0,0,3505,11772,0,0,0,0,0,0,0,0,0,0,0,31215,0,0,0,0,0,0,3684,0,0,0,0,4052,11225,0,0,0,0,0,0,0,0,0,0,0,31215,0,0,0,0,0,0,3684,0,0,0,0,3988,11289,0,0,0,0,0,0,0,0,0,0,0,31215,TCGA-GM-A2DF-DX1_xmin50637_ymin43774_MPP-0.2500+139
30725,3988,0,0,0,0,3294,0,0,0,0,4826,0,0,0,0,0,0,0,0,0,0,0,0,7343,30780,3933,0,0,0,0,3294,0,0,0,0,4826,0,0,0,0,0,0,0,0,0,0,0,0,7343,30653,4060,0,0,0,0,3294,0,0,0,0,4826,0,0,0,0,0,0,0,0,0,0,0,0,7343,TCGA-GM-A2DF-DX1_xmin50637_ymin43774_MPP-0.2500+14
0,2984,0,0,0,0,26557,1509,0,0,0,4885,9016,0,0,0,0,0,0,0,0,0,0,0,5225,0,2984,0,0,0,0,26648,1418,0,0,0,5120,8781,0,0,0,0,0,0,0,0,0,0,0,5225,0,2984,0,0,0,0,26614,1452,0,0,0,5036,8865,0,0,0,0,0,0,0,0,0,0,0,5225,TCGA-GM-A2DF-DX1_xmin50637_ymin43774_MPP-0.2500+140
0,0,0,0,0,0,40390,1683,0,0,0,841,5816,0,0,0,0,0,0,0,0,0,0,0,1446,0,0,0,0,0,0,41350,723,0,0,0,1267,5390,0,0,0,0,0,0,0,0,0,0,0,1446,0,0,0,0,0,0,40848,1225,0,0,0,1399,5258,0,0,0,0,0,0,0,0,0,0,0,1446,TCGA-GM-A2DF-DX1_xmin50637_ymin43774_MPP-0.2500+141
0,2,0,0,0,0,46057,0,0,0,0,114,0,0,0,0,0,0,0,0,0,0,0,0,4003,0,2,0,0,0,0,46057,0,0,0,0,114,0,0,0,0,0,0,0,0,0,0,0,0,4003,0,2,0,0,0,0,46057,0,0,0,0,114,0,0,0,0,0,0,0,0,0,0,0,0,4003,TCGA-GM-A2DF-DX1_xmin50637_ymin43774_MPP-0.2500+142
0,0,0,0,0,0,39893,0,0,0,0,0,0,0,0,0,0,0,0,0,0,0,0,0,10283,0,0,0,0,0,0,39893,0,0,0,0,0,0,0,0,0,0,0,0,0,0,0,0,0,10283,0,0,0,0,0,0,39893,0,0,0,0,0,0,0,0,0,0,0,0,0,0,0,0,0,10283,TCGA-GM-A2DF-DX1_xmin50637_ymin43774_MPP-0.2500+143
0,0,0,0,0,0,50078,0,0,0,0,0,0,0,0,0,0,0,0,0,0,0,0,0,98,0,0,0,0,0,0,50078,0,0,0,0,0,0,0,0,0,0,0,0,0,0,0,0,0,98,0,0,0,0,0,0,50078,0,0,0,0,0,0,0,0,0,0,0,0,0,0,0,0,0,98,TCGA-GM-A2DF-DX1_xmin50637_ymin43774_MPP-0.2500+144
0,0,0,0,0,0,44992,0,0,0,0,0,0,0,0,0,0,0,0,0,0,0,0,0,5184,0,0,0,0,0,0,44992,0,0,0,0,0,0,0,0,0,0,0,0,0,0,0,0,0,5184,0,0,0,0,0,0,44992,0,0,0,0,0,0,0,0,0,0,0,0,0,0,0,0,0,5184,TCGA-GM-A2DF-DX1_xmin50637_ymin43774_MPP-0.2500+145
0,0,0,0,0,0,50176,0,0,0,0,0,0,0,0,0,0,0,0,0,0,0,0,0,0,0,0,0,0,0,0,50176,0,0,0,0,0,0,0,0,0,0,0,0,0,0,0,0,0,0,0,0,0,0,0,0,50176,0,0,0,0,0,0,0,0,0,0,0,0,0,0,0,0,0,0,TCGA-GM-A2DF-DX1_xmin50637_ymin43774_MPP-0.2500+146
0,0,0,0,0,0,45026,0,0,0,0,0,0,0,0,0,0,0,0,0,0,0,0,0,5150,0,0,0,0,0,0,45026,0,0,0,0,0,0,0,0,0,0,0,0,0,0,0,0,0,5150,0,0,0,0,0,0,45026,0,0,0,0,0,0,0,0,0,0,0,0,0,0,0,0,0,5150,TCGA-GM-A2DF-DX1_xmin50637_ymin43774_MPP-0.2500+147
0,0,0,0,0,0,47906,0,0,0,0,0,0,0,0,0,0,0,0,0,0,0,0,0,2270,0,0,0,0,0,0,47906,0,0,0,0,0,0,0,0,0,0,0,0,0,0,0,0,0,2270,0,0,0,0,0,0,47906,0,0,0,0,0,0,0,0,0,0,0,0,0,0,0,0,0,2270,TCGA-GM-A2DF-DX1_xmin50637_ymin43774_MPP-0.2500+148
0,0,0,0,0,0,49073,0,0,0,0,0,0,0,0,0,0,0,0,0,0,0,0,0,1103,0,0,0,0,0,0,49073,0,0,0,0,0,0,0,0,0,0,0,0,0,0,0,0,0,1103,0,0,0,0,0,0,49073,0,0,0,0,0,0,0,0,0,0,0,0,0,0,0,0,0,1103,TCGA-GM-A2DF-DX1_xmin50637_ymin43774_MPP-0.2500+149
14522,0,0,0,0,11121,0,0,0,0,24533,0,0,0,0,0,0,0,0,0,0,0,0,0,0,14522,0,0,0,0,11121,0,0,0,0,24533,0,0,0,0,0,0,0,0,0,0,0,0,0,0,14522,0,0,0,0,11121,0,0,0,0,24533,0,0,0,0,0,0,0,0,0,0,0,0,0,0,TCGA-GM-A2DF-DX1_xmin50637_ymin43774_MPP-0.2500+15
0,0,0,0,0,0,20730,3879,0,0,0,4900,8168,0,0,0,0,0,0,0,0,0,0,0,12499,0,0,0,0,0,0,21158,3451,0,0,0,4993,8075,0,0,0,0,0,0,0,0,0,0,0,12499,0,0,0,0,0,0,21021,3588,0,0,0,5000,8068,0,0,0,0,0,0,0,0,0,0,0,12499,TCGA-GM-A2DF-DX1_xmin50637_ymin43774_MPP-0.2500+150
0,0,0,0,0,0,4065,97,0,0,0,9838,10635,0,0,0,0,0,0,0,0,0,0,0,25541,0,0,0,0,0,0,4081,81,0,0,0,10197,10276,0,0,0,0,0,0,0,0,0,0,0,25541,0,0,0,0,0,0,4064,98,0,0,0,10485,9988,0,0,0,0,0,0,0,0,0,0,0,25541,TCGA-GM-A2DF-DX1_xmin50637_ymin43774_MPP-0.2500+151
0,0,0,0,0,0,3105,126,0,0,0,8320,10379,0,0,0,0,0,0,0,0,0,0,0,28246,0,0,0,0,0,0,3114,117,0,0,0,8980,9719,0,0,0,0,0,0,0,0,0,0,0,28246,0,0,0,0,0,0,3123,108,0,0,0,9574,9125,0,0,0,0,0,0,0,0,0,0,0,28246,TCGA-GM-A2DF-DX1_xmin50637_ymin43774_MPP-0.2500+152
0,70,0,0,0,0,16962,1562,0,0,0,9182,12676,0,0,0,0,0,0,0,0,0,0,0,9724,0,70,0,0,0,0,17016,1508,0,0,0,9359,12499,0,0,0,0,0,0,0,0,0,0,0,9724,0,70,0,0,0,0,16962,1562,0,0,0,9066,12792,0,0,0,0,0,0,0,0,0,0,0,9724,TCGA-GM-A2DF-DX1_xmin50637_ymin43774_MPP-0.2500+153
0,486,0,0,0,0,29477,3991,0,0,0,3093,11390,0,0,0,0,0,0,0,0,0,0,0,1739,0,486,0,0,0,0,30427,3041,0,0,0,3666,10817,0,0,0,0,0,0,0,0,0,0,0,1739,0,486,0,0,0,0,30309,3159,0,0,0,3739,10744,0,0,0,0,0,0,0,0,0,0,0,1739,TCGA-GM-A2DF-DX1_xmin50637_ymin43774_MPP-0.2500+154
0,275,0,0,0,16,43481,0,0,0,0,0,0,0,0,0,0,0,0,0,0,0,0,0,6404,0,275,0,0,0,16,43481,0,0,0,0,0,0,0,0,0,0,0,0,0,0,0,0,0,6404,0,275,0,0,0,0,43497,0,0,0,0,0,0,0,0,0,0,0,0,0,0,0,0,0,6404,TCGA-GM-A2DF-DX1_xmin50637_ymin43774_MPP-0.2500+155
0,0,0,0,0,0,29327,0,0,0,0,0,0,0,0,0,0,0,0,0,0,0,0,0,20849,0,0,0,0,0,0,29327,0,0,0,0,0,0,0,0,0,0,0,0,0,0,0,0,0,20849,0,0,0,0,0,0,29327,0,0,0,0,0,0,0,0,0,0,0,0,0,0,0,0,0,20849,TCGA-GM-A2DF-DX1_xmin50637_ymin43774_MPP-0.2500+156
0,0,0,0,0,0,41721,0,0,0,0,0,0,0,0,0,0,0,0,0,0,0,0,0,8455,0,0,0,0,0,0,41721,0,0,0,0,0,0,0,0,0,0,0,0,0,0,0,0,0,8455,0,0,0,0,0,0,41721,0,0,0,0,0,0,0,0,0,0,0,0,0,0,0,0,0,8455,TCGA-GM-A2DF-DX1_xmin50637_ymin43774_MPP-0.2500+157
0,0,0,0,0,0,50176,0,0,0,0,0,0,0,0,0,0,0,0,0,0,0,0,0,0,0,0,0,0,0,0,50176,0,0,0,0,0,0,0,0,0,0,0,0,0,0,0,0,0,0,0,0,0,0,0,0,50176,0,0,0,0,0,0,0,0,0,0,0,0,0,0,0,0,0,0,TCGA-GM-A2DF-DX1_xmin50637_ymin43774_MPP-0.2500+158
0,0,0,0,0,0,50176,0,0,0,0,0,0,0,0,0,0,0,0,0,0,0,0,0,0,0,0,0,0,0,0,50176,0,0,0,0,0,0,0,0,0,0,0,0,0,0,0,0,0,0,0,0,0,0,0,0,50176,0,0,0,0,0,0,0,0,0,0,0,0,0,0,0,0,0,0,TCGA-GM-A2DF-DX1_xmin50637_ymin43774_MPP-0.2500+159
192,12331,0,0,0,0,29066,0,0,0,0,8587,0,0,0,0,0,0,0,0,0,0,0,0,0,384,12139,0,0,0,0,29066,0,0,0,0,8587,0,0,0,0,0,0,0,0,0,0,0,0,0,352,12171,0,0,0,0,29066,0,0,0,0,8587,0,0,0,0,0,0,0,0,0,0,0,0,0,TCGA-GM-A2DF-DX1_xmin50637_ymin43774_MPP-0.2500+16
0,0,0,0,0,0,50176,0,0,0,0,0,0,0,0,0,0,0,0,0,0,0,0,0,0,0,0,0,0,0,0,50176,0,0,0,0,0,0,0,0,0,0,0,0,0,0,0,0,0,0,0,0,0,0,0,0,50176,0,0,0,0,0,0,0,0,0,0,0,0,0,0,0,0,0,0,TCGA-GM-A2DF-DX1_xmin50637_ymin43774_MPP-0.2500+160
0,0,0,0,0,1,50175,0,0,0,0,0,0,0,0,0,0,0,0,0,0,0,0,0,0,0,0,0,0,0,1,50175,0,0,0,0,0,0,0,0,0,0,0,0,0,0,0,0,0,0,0,0,0,0,0,0,50176,0,0,0,0,0,0,0,0,0,0,0,0,0,0,0,0,0,0,TCGA-GM-A2DF-DX1_xmin50637_ymin43774_MPP-0.2500+161
0,0,0,0,0,0,47863,0,0,0,0,0,0,0,0,0,0,0,0,0,0,0,0,0,2313,0,0,0,0,0,0,47863,0,0,0,0,0,0,0,0,0,0,0,0,0,0,0,0,0,2313,0,0,0,0,0,0,47863,0,0,0,0,0,0,0,0,0,0,0,0,0,0,0,0,0,2313,TCGA-GM-A2DF-DX1_xmin50637_ymin43774_MPP-0.2500+162
0,0,0,0,0,0,0,5468,0,0,0,0,27010,0,0,0,0,0,0,0,0,0,0,0,17698,0,0,0,0,0,0,0,5468,0,0,0,0,27010,0,0,0,0,0,0,0,0,0,0,0,17698,0,0,0,0,0,0,0,5468,0,0,0,0,27010,0,0,0,0,0,0,0,0,0,0,0,17698,TCGA-GM-A2DF-DX1_xmin50637_ymin43774_MPP-0.2500+163
0,0,0,0,0,0,22376,439,0,0,0,9082,10247,0,0,0,0,0,0,0,0,0,0,0,8032,0,0,0,0,0,0,22469,346,0,0,0,9739,9590,0,0,0,0,0,0,0,0,0,0,0,8032,0,0,0,0,0,0,22510,305,0,0,0,9479,9850,0,0,0,0,0,0,0,0,0,0,0,8032,TCGA-GM-A2DF-DX1_xmin50637_ymin43774_MPP-0.2500+164
0,0,0,0,0,0,10168,774,0,0,0,4875,10990,0,0,0,0,0,0,0,0,0,0,0,23369,0,0,0,0,0,0,10557,385,0,0,0,5492,10373,0,0,0,0,0,0,0,0,0,0,0,23369,0,0,0,0,0,0,10554,388,0,0,0,5511,10354,0,0,0,0,0,0,0,0,0,0,0,23369,TCGA-GM-A2DF-DX1_xmin50637_ymin43774_MPP-0.2500+165
0,0,0,0,0,0,1814,1006,0,0,0,19628,13626,0,0,0,0,0,0,0,0,0,0,0,14102,0,0,0,0,0,0,1885,935,0,0,0,19430,13824,0,0,0,0,0,0,0,0,0,0,0,14102,0,0,0,0,0,0,2007,813,0,0,0,19882,13372,0,0,0,0,0,0,0,0,0,0,0,14102,TCGA-GM-A2DF-DX1_xmin50637_ymin43774_MPP-0.2500+166
0,0,0,0,0,0,11916,946,0,0,0,16082,19215,0,0,0,0,0,0,0,0,0,0,0,2017,0,0,0,0,0,0,12148,714,0,0,0,18247,17050,0,0,0,0,0,0,0,0,0,0,0,2017,0,0,0,0,0,0,12134,728,0,0,0,18503,16794,0,0,0,0,0,0,0,0,0,0,0,2017,TCGA-GM-A2DF-DX1_xmin50637_ymin43774_MPP-0.2500+167
0,147,0,0,0,1,40172,0,0,0,0,5615,0,0,0,0,0,0,0,0,0,0,0,0,4241,0,147,0,0,0,0,40173,0,0,0,0,5615,0,0,0,0,0,0,0,0,0,0,0,0,4241,0,147,0,0,0,0,40173,0,0,0,0,5615,0,0,0,0,0,0,0,0,0,0,0,0,4241,TCGA-GM-A2DF-DX1_xmin50637_ymin43774_MPP-0.2500+168
0,0,0,0,0,0,26471,0,0,0,0,237,0,0,0,0,0,0,0,0,0,0,0,0,23468,0,0,0,0,0,0,26471,0,0,0,0,237,0,0,0,0,0,0,0,0,0,0,0,0,23468,0,0,0,0,0,0,26471,0,0,0,0,237,0,0,0,0,0,0,0,0,0,0,0,0,23468,TCGA-GM-A2DF-DX1_xmin50637_ymin43774_MPP-0.2500+169
0,0,0,0,0,1,41312,0,0,0,0,8863,0,0,0,0,0,0,0,0,0,0,0,0,0,0,0,0,0,0,1,41312,0,0,0,0,8863,0,0,0,0,0,0,0,0,0,0,0,0,0,0,0,0,0,0,2,41311,0,0,0,0,8863,0,0,0,0,0,0,0,0,0,0,0,0,0,TCGA-GM-A2DF-DX1_xmin50637_ymin43774_MPP-0.2500+17
0,0,0,0,0,0,35636,0,0,0,0,0,0,0,0,0,0,0,0,0,0,0,0,0,14540,0,0,0,0,0,0,35636,0,0,0,0,0,0,0,0,0,0,0,0,0,0,0,0,0,14540,0,0,0,0,0,0,35636,0,0,0,0,0,0,0,0,0,0,0,0,0,0,0,0,0,14540,TCGA-GM-A2DF-DX1_xmin50637_ymin43774_MPP-0.2500+170
0,0,0,0,0,0,50176,0,0,0,0,0,0,0,0,0,0,0,0,0,0,0,0,0,0,0,0,0,0,0,0,50176,0,0,0,0,0,0,0,0,0,0,0,0,0,0,0,0,0,0,0,0,0,0,0,0,50176,0,0,0,0,0,0,0,0,0,0,0,0,0,0,0,0,0,0,TCGA-GM-A2DF-DX1_xmin50637_ymin43774_MPP-0.2500+171
0,0,0,0,0,0,50176,0,0,0,0,0,0,0,0,0,0,0,0,0,0,0,0,0,0,0,0,0,0,0,0,50176,0,0,0,0,0,0,0,0,0,0,0,0,0,0,0,0,0,0,0,0,0,0,0,0,50176,0,0,0,0,0,0,0,0,0,0,0,0,0,0,0,0,0,0,TCGA-GM-A2DF-DX1_xmin50637_ymin43774_MPP-0.2500+172
0,0,0,0,0,0,49429,0,0,0,0,0,0,0,0,0,0,0,0,0,0,0,0,0,747,0,0,0,0,0,0,49429,0,0,0,0,0,0,0,0,0,0,0,0,0,0,0,0,0,747,0,0,0,0,0,0,49429,0,0,0,0,0,0,0,0,0,0,0,0,0,0,0,0,0,747,TCGA-GM-A2DF-DX1_xmin50637_ymin43774_MPP-0.2500+173
0,0,0,0,0,0,49524,0,0,0,0,0,0,0,0,0,0,0,0,0,0,0,0,0,652,0,0,0,0,0,0,49524,0,0,0,0,0,0,0,0,0,0,0,0,0,0,0,0,0,652,0,0,0,0,0,0,49524,0,0,0,0,0,0,0,0,0,0,0,0,0,0,0,0,0,652,TCGA-GM-A2DF-DX1_xmin50637_ymin43774_MPP-0.2500+174
0,0,0,0,0,0,50176,0,0,0,0,0,0,0,0,0,0,0,0,0,0,0,0,0,0,0,0,0,0,0,0,50176,0,0,0,0,0,0,0,0,0,0,0,0,0,0,0,0,0,0,0,0,0,0,0,0,50176,0,0,0,0,0,0,0,0,0,0,0,0,0,0,0,0,0,0,TCGA-GM-A2DF-DX1_xmin50637_ymin43774_MPP-0.2500+175
0,0,0,0,0,0,1978,746,0,0,0,995,26510,0,0,0,0,0,0,0,0,0,0,0,19947,0,0,0,0,0,0,1978,746,0,0,0,1215,26290,0,0,0,0,0,0,0,0,0,0,0,19947,0,0,0,0,0,0,1982,742,0,0,0,1475,26030,0,0,0,0,0,0,0,0,0,0,0,19947,TCGA-GM-A2DF-DX1_xmin50637_ymin43774_MPP-0.2500+176
0,0,0,0,0,0,16931,1356,0,0,0,8744,11682,0,0,0,0,0,0,0,0,0,0,0,11463,0,0,0,0,0,0,16940,1347,0,0,0,8894,11532,0,0,0,0,0,0,0,0,0,0,0,11463,0,0,0,0,0,0,16937,1350,0,0,0,9038,11388,0,0,0,0,0,0,0,0,0,0,0,11463,TCGA-GM-A2DF-DX1_xmin50637_ymin43774_MPP-0.2500+177
0,0,0,0,0,0,7076,0,0,0,0,22723,0,0,0,0,0,0,0,0,0,0,0,0,20377,0,0,0,0,0,0,7076,0,0,0,0,22723,0,0,0,0,0,0,0,0,0,0,0,0,20377,0,0,0,0,0,0,7076,0,0,0,0,22723,0,0,0,0,0,0,0,0,0,0,0,0,20377,TCGA-GM-A2DF-DX1_xmin50637_ymin43774_MPP-0.2500+178
0,0,0,0,0,0,33217,0,0,0,0,3730,0,0,0,0,0,0,0,0,0,0,0,0,13229,0,0,0,0,0,0,33217,0,0,0,0,3730,0,0,0,0,0,0,0,0,0,0,0,0,13229,0,0,0,0,0,0,33217,0,0,0,0,3730,0,0,0,0,0,0,0,0,0,0,0,0,13229,TCGA-GM-A2DF-DX1_xmin50637_ymin43774_MPP-0.2500+179
0,75,0,0,0,0,32166,0,0,0,0,17667,0,0,0,0,0,0,0,0,0,0,0,0,268,0,75,0,0,0,0,31523,643,0,0,0,6919,10748,0,0,0,0,0,0,0,0,0,0,0,268,0,75,0,0,0,0,31569,597,0,0,0,7006,10661,0,0,0,0,0,0,0,0,0,0,0,268,TCGA-GM-A2DF-DX1_xmin50637_ymin43774_MPP-0.2500+18
0,0,0,0,0,0,12130,1704,0,0,0,12797,19976,0,0,0,0,0,0,0,0,0,0,0,3569,0,0,0,0,0,0,12303,1531,0,0,0,13025,19748,0,0,0,0,0,0,0,0,0,0,0,3569,0,0,0,0,0,0,12303,1531,0,0,0,13341,19432,0,0,0,0,0,0,0,0,0,0,0,3569,TCGA-GM-A2DF-DX1_xmin50637_ymin43774_MPP-0.2500+180
0,0,0,0,0,0,10833,1571,0,0,0,2555,16593,0,0,0,0,0,0,0,0,0,0,0,18624,0,0,0,0,0,0,10854,1550,0,0,0,2638,16510,0,0,0,0,0,0,0,0,0,0,0,18624,0,0,0,0,0,0,10855,1549,0,0,0,2806,16342,0,0,0,0,0,0,0,0,0,0,0,18624,TCGA-GM-A2DF-DX1_xmin50637_ymin43774_MPP-0.2500+181
0,0,0,0,0,0,34411,620,0,0,0,7008,2453,0,0,0,0,0,0,0,0,0,0,0,5684,0,0,0,0,0,0,34590,441,0,0,0,7055,2406,0,0,0,0,0,0,0,0,0,0,0,5684,0,0,0,0,0,0,34625,406,0,0,0,6877,2584,0,0,0,0,0,0,0,0,0,0,0,5684,TCGA-GM-A2DF-DX1_xmin50637_ymin43774_MPP-0.2500+182
0,0,0,0,0,0,28159,0,0,0,0,0,0,0,0,0,0,0,0,0,0,0,0,0,22017,0,0,0,0,0,0,28159,0,0,0,0,0,0,0,0,0,0,0,0,0,0,0,0,0,22017,0,0,0,0,0,0,28159,0,0,0,0,0,0,0,0,0,0,0,0,0,0,0,0,0,22017,TCGA-GM-A2DF-DX1_xmin50637_ymin43774_MPP-0.2500+183
0,0,0,0,0,0,50176,0,0,0,0,0,0,0,0,0,0,0,0,0,0,0,0,0,0,0,0,0,0,0,0,50176,0,0,0,0,0,0,0,0,0,0,0,0,0,0,0,0,0,0,0,0,0,0,0,0,50176,0,0,0,0,0,0,0,0,0,0,0,0,0,0,0,0,0,0,TCGA-GM-A2DF-DX1_xmin50637_ymin43774_MPP-0.2500+184
0,0,0,0,0,0,18953,1528,0,0,0,794,9455,0,0,0,0,0,0,0,0,0,0,0,19446,0,0,0,0,0,0,19420,1061,0,0,0,1289,8960,0,0,0,0,0,0,0,0,0,0,0,19446,0,0,0,0,0,0,19188,1293,0,0,0,1148,9101,0,0,0,0,0,0,0,0,0,0,0,19446,TCGA-GM-A2DF-DX1_xmin50637_ymin43774_MPP-0.2500+185
0,0,0,0,0,0,24257,5162,0,0,0,306,1735,0,0,0,0,0,0,0,0,0,0,0,18716,0,0,0,0,0,0,25279,4140,0,0,0,320,1721,0,0,0,0,0,0,0,0,0,0,0,18716,0,0,0,0,0,0,24658,4761,0,0,0,321,1720,0,0,0,0,0,0,0,0,0,0,0,18716,TCGA-GM-A2DF-DX1_xmin50637_ymin43774_MPP-0.2500+186
0,0,0,0,0,0,31020,0,0,0,0,4255,0,0,0,0,0,0,0,0,0,0,0,0,14901,0,0,0,0,0,0,31020,0,0,0,0,4255,0,0,0,0,0,0,0,0,0,0,0,0,14901,0,0,0,0,0,0,31020,0,0,0,0,4255,0,0,0,0,0,0,0,0,0,0,0,0,14901,TCGA-GM-A2DF-DX1_xmin50637_ymin43774_MPP-0.2500+187
0,0,0,0,0,0,20910,0,0,0,0,1717,0,0,0,0,0,0,0,0,0,0,0,0,27549,0,0,0,0,0,0,20910,0,0,0,0,1717,0,0,0,0,0,0,0,0,0,0,0,0,27549,0,0,0,0,0,0,20910,0,0,0,0,1717,0,0,0,0,0,0,0,0,0,0,0,0,27549,TCGA-GM-A2DF-DX1_xmin50637_ymin43774_MPP-0.2500+188
0,0,0,0,0,0,27030,0,0,0,0,8851,0,0,0,0,0,0,0,0,0,0,0,0,14295,0,0,0,0,0,0,27030,0,0,0,0,8851,0,0,0,0,0,0,0,0,0,0,0,0,14295,0,0,0,0,0,0,27030,0,0,0,0,8851,0,0,0,0,0,0,0,0,0,0,0,0,14295,TCGA-GM-A2DF-DX1_xmin50637_ymin43774_MPP-0.2500+189
12736,1283,122,0,0,514,17501,5350,0,0,0,431,5835,0,0,0,0,0,0,0,0,0,0,0,6404,12664,1236,241,0,0,454,18409,4502,0,0,0,836,5430,0,0,0,0,0,0,0,0,0,0,0,6404,12526,1403,212,0,0,267,19388,3710,0,0,0,960,5306,0,0,0,0,0,0,0,0,0,0,0,6404,TCGA-GM-A2DF-DX1_xmin50637_ymin43774_MPP-0.2500+19
0,0,0,0,0,0,0,1175,0,0,0,0,38545,0,0,0,0,0,0,0,0,0,0,0,10456,0,0,0,0,0,0,0,1175,0,0,0,0,38545,0,0,0,0,0,0,0,0,0,0,0,10456,0,0,0,0,0,0,0,1175,0,0,0,0,38545,0,0,0,0,0,0,0,0,0,0,0,10456,TCGA-GM-A2DF-DX1_xmin50637_ymin43774_MPP-0.2500+2
25330,69,0,0,0,3720,1972,0,0,0,0,515,0,0,0,0,0,0,0,0,0,0,0,0,18570,25354,45,0,0,0,3785,1907,0,0,0,0,515,0,0,0,0,0,0,0,0,0,0,0,0,18570,25344,55,0,0,0,3716,1976,0,0,0,0,515,0,0,0,0,0,0,0,0,0,0,0,0,18570,TCGA-GM-A2DF-DX1_xmin50637_ymin43774_MPP-0.2500+20
1120,2531,0,0,0,0,14688,4574,0,0,0,6257,11290,0,0,0,0,0,0,0,0,0,0,0,9716,1264,2387,0,0,0,0,14879,4383,0,0,0,6736,10811,0,0,0,0,0,0,0,0,0,0,0,9716,1264,2387,0,0,0,0,14796,4466,0,0,0,6730,10817,0,0,0,0,0,0,0,0,0,0,0,9716,TCGA-GM-A2DF-DX1_xmin50637_ymin43774_MPP-0.2500+21
0,0,0,0,0,0,18353,9863,0,0,0,7889,7222,0,0,0,0,0,0,0,0,0,0,0,6849,0,0,0,0,0,0,18748,9468,0,0,0,8109,7002,0,0,0,0,0,0,0,0,0,0,0,6849,0,0,0,0,0,0,19167,9049,0,0,0,8322,6789,0,0,0,0,0,0,0,0,0,0,0,6849,TCGA-GM-A2DF-DX1_xmin50637_ymin43774_MPP-0.2500+22
0,0,0,0,0,1444,0,20284,0,0,0,0,16590,0,0,0,0,0,0,0,0,0,0,0,11858,0,0,0,0,0,1508,0,20220,0,0,0,0,16590,0,0,0,0,0,0,0,0,0,0,0,11858,0,0,0,0,0,1572,0,20156,0,0,0,0,16590,0,0,0,0,0,0,0,0,0,0,0,11858,TCGA-GM-A2DF-DX1_xmin50637_ymin43774_MPP-0.2500+23
0,0,274,0,0,0,0,5954,0,0,0,0,28159,0,0,0,0,0,0,0,0,0,0,0,15789,0,0,274,0,0,0,0,5954,0,0,0,0,28159,0,0,0,0,0,0,0,0,0,0,0,15789,0,0,274,0,0,0,0,5954,0,0,0,0,28159,0,0,0,0,0,0,0,0,0,0,0,15789,TCGA-GM-A2DF-DX1_xmin50637_ymin43774_MPP-0.2500+24
0,0,0,0,0,0,0,1888,0,0,0,0,40713,0,0,0,0,0,0,0,0,0,0,0,7575,0,0,0,0,0,0,0,1888,0,0,0,0,40713,0,0,0,0,0,0,0,0,0,0,0,7575,0,0,0,0,0,0,0,1888,0,0,0,0,40713,0,0,0,0,0,0,0,0,0,0,0,7575,TCGA-GM-A2DF-DX1_xmin50637_ymin43774_MPP-0.2500+25
0,221,3692,0,0,0,3898,6478,0,0,0,7212,23786,0,0,0,0,0,0,0,0,0,0,0,4889,0,221,3692,0,0,0,3945,6431,0,0,0,7694,23304,0,0,0,0,0,0,0,0,0,0,0,4889,0,221,3692,0,0,0,3956,6420,0,0,0,7812,23186,0,0,0,0,0,0,0,0,0,0,0,4889,TCGA-GM-A2DF-DX1_xmin50637_ymin43774_MPP-0.2500+26
32624,932,0,0,0,923,42,0,0,0,0,225,0,0,0,0,0,0,0,0,0,0,0,0,15430,32686,870,0,0,0,919,46,0,0,0,0,225,0,0,0,0,0,0,0,0,0,0,0,0,15430,32662,894,0,0,0,919,46,0,0,0,0,225,0,0,0,0,0,0,0,0,0,0,0,0,15430,TCGA-GM-A2DF-DX1_xmin50637_ymin43774_MPP-0.2500+27
40050,0,0,0,0,5827,0,0,0,0,0,0,0,0,0,0,0,0,0,0,0,0,0,0,4299,40050,0,0,0,0,5827,0,0,0,0,0,0,0,0,0,0,0,0,0,0,0,0,0,0,4299,40050,0,0,0,0,5827,0,0,0,0,0,0,0,0,0,0,0,0,0,0,0,0,0,0,4299,TCGA-GM-A2DF-DX1_xmin50637_ymin43774_MPP-0.2500+28
32180,0,0,0,0,17498,0,0,0,0,0,0,0,0,0,0,0,0,0,0,0,0,0,0,498,32180,0,0,0,0,17498,0,0,0,0,0,0,0,0,0,0,0,0,0,0,0,0,0,0,498,32180,0,0,0,0,17498,0,0,0,0,0,0,0,0,0,0,0,0,0,0,0,0,0,0,498,TCGA-GM-A2DF-DX1_xmin50637_ymin43774_MPP-0.2500+29
0,0,0,0,0,112,0,3735,0,0,0,0,33416,0,0,0,0,0,0,0,0,0,0,0,12913,0,0,0,0,0,105,0,3742,0,0,0,0,33416,0,0,0,0,0,0,0,0,0,0,0,12913,0,0,0,0,0,112,0,3735,0,0,0,0,33416,0,0,0,0,0,0,0,0,0,0,0,12913,TCGA-GM-A2DF-DX1_xmin50637_ymin43774_MPP-0.2500+3
46302,0,0,0,0,3874,0,0,0,0,0,0,0,0,0,0,0,0,0,0,0,0,0,0,0,46302,0,0,0,0,3874,0,0,0,0,0,0,0,0,0,0,0,0,0,0,0,0,0,0,0,46302,0,0,0,0,3874,0,0,0,0,0,0,0,0,0,0,0,0,0,0,0,0,0,0,0,TCGA-GM-A2DF-DX1_xmin50637_ymin43774_MPP-0.2500+30
33213,0,0,0,0,6619,0,0,0,0,0,0,0,0,0,0,0,0,0,0,0,0,0,0,10344,33213,0,0,0,0,6619,0,0,0,0,0,0,0,0,0,0,0,0,0,0,0,0,0,0,10344,33213,0,0,0,0,6619,0,0,0,0,0,0,0,0,0,0,0,0,0,0,0,0,0,0,10344,TCGA-GM-A2DF-DX1_xmin50637_ymin43774_MPP-0.2500+31
32598,0,0,0,0,8231,0,0,0,0,0,0,0,0,0,0,0,0,0,0,0,0,0,0,9347,32598,0,0,0,0,8231,0,0,0,0,0,0,0,0,0,0,0,0,0,0,0,0,0,0,9347,32598,0,0,0,0,8231,0,0,0,0,0,0,0,0,0,0,0,0,0,0,0,0,0,0,9347,TCGA-GM-A2DF-DX1_xmin50637_ymin43774_MPP-0.2500+32
41211,0,0,0,0,1010,0,0,0,0,0,0,0,0,0,0,0,0,0,0,0,0,0,0,7955,41211,0,0,0,0,1010,0,0,0,0,0,0,0,0,0,0,0,0,0,0,0,0,0,0,7955,41211,0,0,0,0,1010,0,0,0,0,0,0,0,0,0,0,0,0,0,0,0,0,0,0,7955,TCGA-GM-A2DF-DX1_xmin50637_ymin43774_MPP-0.2500+33
7033,0,0,0,0,1793,0,0,0,0,0,0,0,0,0,0,0,0,0,0,0,0,0,0,41350,7033,0,0,0,0,1793,0,0,0,0,0,0,0,0,0,0,0,0,0,0,0,0,0,0,41350,7033,0,0,0,0,1793,0,0,0,0,0,0,0,0,0,0,0,0,0,0,0,0,0,0,41350,TCGA-GM-A2DF-DX1_xmin50637_ymin43774_MPP-0.2500+34
20654,191,0,0,0,5412,3346,0,0,0,495,2766,0,0,0,0,0,0,0,0,0,0,0,0,17312,20651,194,0,0,0,5218,3540,0,0,0,557,2704,0,0,0,0,0,0,0,0,0,0,0,0,17312,20647,198,0,0,0,5026,3732,0,0,0,565,2696,0,0,0,0,0,0,0,0,0,0,0,0,17312,TCGA-GM-A2DF-DX1_xmin50637_ymin43774_MPP-0.2500+35
11251,1597,0,0,0,10224,15879,0,0,0,0,1381,0,0,0,0,0,0,0,0,0,0,0,0,9844,11150,1698,0,0,0,10197,15906,0,0,0,0,1381,0,0,0,0,0,0,0,0,0,0,0,0,9844,11072,1776,0,0,0,9962,16141,0,0,0,0,1381,0,0,0,0,0,0,0,0,0,0,0,0,9844,TCGA-GM-A2DF-DX1_xmin50637_ymin43774_MPP-0.2500+36
12076,499,0,0,0,1019,6131,2631,0,0,0,514,12539,0,0,0,0,0,0,0,0,0,0,0,14767,11997,578,0,0,0,954,6208,2619,0,0,0,592,12461,0,0,0,0,0,0,0,0,0,0,0,14767,11915,660,0,0,0,902,6412,2467,0,0,0,698,12355,0,0,0,0,0,0,0,0,0,0,0,14767,TCGA-GM-A2DF-DX1_xmin50637_ymin43774_MPP-0.2500+37
0,0,0,0,0,0,0,887,0,0,0,0,38939,0,0,0,0,0,0,0,0,0,0,0,10350,0,0,0,0,0,0,0,887,0,0,6,0,38933,0,0,0,0,0,0,0,0,0,0,0,10350,0,0,0,0,0,0,0,887,0,0,102,0,38837,0,0,0,0,0,0,0,0,0,0,0,10350,TCGA-GM-A2DF-DX1_xmin50637_ymin43774_MPP-0.2500+38
0,0,0,0,0,0,0,471,0,0,0,0,40590,0,0,0,0,0,0,0,0,0,0,0,9115,0,0,0,0,0,0,0,471,0,0,0,0,40590,0,0,0,0,0,0,0,0,0,0,0,9115,0,0,0,0,0,0,0,471,0,0,0,0,40590,0,0,0,0,0,0,0,0,0,0,0,9115,TCGA-GM-A2DF-DX1_xmin50637_ymin43774_MPP-0.2500+39
0,0,0,0,0,0,9496,1201,0,0,0,15822,21333,0,0,0,0,0,0,0,0,0,0,0,2324,0,0,0,0,0,0,9793,904,0,0,0,16628,20527,0,0,0,0,0,0,0,0,0,0,0,2324,0,0,0,0,0,0,9851,846,0,0,0,17267,19888,0,0,0,0,0,0,0,0,0,0,0,2324,TCGA-GM-A2DF-DX1_xmin50637_ymin43774_MPP-0.2500+4
0,1620,4366,0,0,0,6416,7955,0,0,0,1790,26919,0,0,0,0,0,0,0,0,0,0,0,1110,0,2005,3981,0,0,0,6691,7680,0,0,0,1851,26858,0,0,0,0,0,0,0,0,0,0,0,1110,0,2388,3598,0,0,0,6824,7547,0,0,0,1943,26766,0,0,0,0,0,0,0,0,0,0,0,1110,TCGA-GM-A2DF-DX1_xmin50637_ymin43774_MPP-0.2500+40
1709,0,0,0,0,1340,0,143,0,0,591,0,37135,0,0,0,0,0,0,0,0,0,0,0,9258,1709,0,0,0,0,1340,0,143,0,0,645,0,37081,0,0,0,0,0,0,0,0,0,0,0,9258,1709,0,0,0,0,1340,0,143,0,0,667,0,37059,0,0,0,0,0,0,0,0,0,0,0,9258,TCGA-GM-A2DF-DX1_xmin50637_ymin43774_MPP-0.2500+41
0,0,0,0,0,5724,0,7939,0,0,20,0,18470,0,0,0,0,0,0,0,0,0,0,0,18023,0,0,0,0,0,5635,0,8028,0,0,20,0,18470,0,0,0,0,0,0,0,0,0,0,0,18023,0,0,0,0,0,5570,0,8093,0,0,20,0,18470,0,0,0,0,0,0,0,0,0,0,0,18023,TCGA-GM-A2DF-DX1_xmin50637_ymin43774_MPP-0.2500+42
3229,1326,0,0,0,1988,24554,0,0,0,0,798,0,0,0,0,0,0,0,0,0,0,0,0,18281,3195,1360,0,0,0,2015,24527,0,0,0,0,798,0,0,0,0,0,0,0,0,0,0,0,0,18281,3155,1400,0,0,0,992,25550,0,0,0,0,798,0,0,0,0,0,0,0,0,0,0,0,0,18281,TCGA-GM-A2DF-DX1_xmin50637_ymin43774_MPP-0.2500+43
34771,0,0,0,0,1845,0,0,0,0,0,0,0,0,0,0,0,0,0,0,0,0,0,0,13560,34771,0,0,0,0,1845,0,0,0,0,0,0,0,0,0,0,0,0,0,0,0,0,0,0,13560,34771,0,0,0,0,1845,0,0,0,0,0,0,0,0,0,0,0,0,0,0,0,0,0,0,13560,TCGA-GM-A2DF-DX1_xmin50637_ymin43774_MPP-0.2500+44
14049,0,0,0,0,715,0,0,0,0,0,0,0,0,0,0,0,0,0,0,0,0,0,0,35412,14049,0,0,0,0,715,0,0,0,0,0,0,0,0,0,0,0,0,0,0,0,0,0,0,35412,14049,0,0,0,0,715,0,0,0,0,0,0,0,0,0,0,0,0,0,0,0,0,0,0,35412,TCGA-GM-A2DF-DX1_xmin50637_ymin43774_MPP-0.2500+45
24900,375,0,0,0,8521,11415,0,0,0,0,0,0,0,0,0,0,0,0,0,0,0,0,0,4965,24866,409,0,0,0,8422,11514,0,0,0,0,0,0,0,0,0,0,0,0,0,0,0,0,0,4965,24814,461,0,0,0,8255,11681,0,0,0,0,0,0,0,0,0,0,0,0,0,0,0,0,0,4965,TCGA-GM-A2DF-DX1_xmin50637_ymin43774_MPP-0.2500+46
23093,249,0,0,0,7284,12319,0,0,0,838,1042,0,0,0,0,0,0,0,0,0,0,0,0,5351,23342,0,0,0,0,19603,0,0,0,0,1880,0,0,0,0,0,0,0,0,0,0,0,0,0,5351,23342,0,0,0,0,19603,0,0,0,0,1880,0,0,0,0,0,0,0,0,0,0,0,0,0,5351,TCGA-GM-A2DF-DX1_xmin50637_ymin43774_MPP-0.2500+47
20322,268,0,0,0,5935,4756,0,0,0,352,5764,0,0,0,0,0,0,0,0,0,0,0,0,12779,20330,260,0,0,0,5635,5056,0,0,0,424,5692,0,0,0,0,0,0,0,0,0,0,0,0,12779,20228,362,0,0,0,5428,5263,0,0,0,271,5845,0,0,0,0,0,0,0,0,0,0,0,0,12779,TCGA-GM-A2DF-DX1_xmin50637_ymin43774_MPP-0.2500+48
20252,0,254,0,0,10924,7612,259,0,0,1153,3501,5107,0,0,0,0,0,0,0,0,0,0,0,1114,20169,0,337,0,0,10576,7941,278,0,0,1186,3780,4795,0,0,0,0,0,0,0,0,0,0,0,1114,20072,0,434,0,0,9759,8723,313,0,0,1200,4022,4539,0,0,0,0,0,0,0,0,0,0,0,1114,TCGA-GM-A2DF-DX1_xmin50637_ymin43774_MPP-0.2500+49
0,0,0,0,0,0,0,0,0,0,16,0,29307,0,0,0,0,0,0,0,0,0,0,0,20853,0,0,0,0,0,0,0,0,0,0,16,0,29307,0,0,0,0,0,0,0,0,0,0,0,20853,0,0,0,0,0,0,0,0,0,0,16,0,29307,0,0,0,0,0,0,0,0,0,0,0,20853,TCGA-GM-A2DF-DX1_xmin50637_ymin43774_MPP-0.2500+5
7921,1486,0,0,0,12200,17090,0,0,0,1196,9618,0,0,0,0,0,0,0,0,0,0,0,0,665,7832,1575,0,0,0,12080,17210,0,0,0,1338,9476,0,0,0,0,0,0,0,0,0,0,0,0,665,7765,1642,0,0,0,10683,18607,0,0,0,1237,9577,0,0,0,0,0,0,0,0,0,0,0,0,665,TCGA-GM-A2DF-DX1_xmin50637_ymin43774_MPP-0.2500+50
8075,0,0,0,0,5602,19687,4144,0,0,6,4429,7977,0,0,0,0,0,0,0,0,0,0,0,256,8075,0,0,0,0,5654,19928,3851,0,0,6,4693,7713,0,0,0,0,0,0,0,0,0,0,0,256,8075,0,0,0,0,5467,20107,3859,0,0,6,4870,7536,0,0,0,0,0,0,0,0,0,0,0,256,TCGA-GM-A2DF-DX1_xmin50637_ymin43774_MPP-0.2500+51
0,0,0,0,0,0,0,3423,0,0,0,0,33238,0,0,0,0,0,0,0,0,0,0,0,13515,0,0,0,0,0,0,0,3423,0,0,0,0,33238,0,0,0,0,0,0,0,0,0,0,0,13515,0,0,0,0,0,0,0,3423,0,0,0,0,33238,0,0,0,0,0,0,0,0,0,0,0,13515,TCGA-GM-A2DF-DX1_xmin50637_ymin43774_MPP-0.2500+52
0,0,0,0,0,4,0,1743,0,0,0,0,43080,0,0,0,0,0,0,0,0,0,0,0,5349,0,0,0,0,0,4,0,1743,0,0,0,0,43080,0,0,0,0,0,0,0,0,0,0,0,5349,0,0,0,0,0,4,0,1743,0,0,0,0,43080,0,0,0,0,0,0,0,0,0,0,0,5349,TCGA-GM-A2DF-DX1_xmin50637_ymin43774_MPP-0.2500+53
0,0,0,0,0,0,12700,125,0,0,0,5757,10909,0,0,0,0,0,0,0,0,0,0,0,20685,0,0,0,0,0,0,12701,124,0,0,0,5803,10863,0,0,0,0,0,0,0,0,0,0,0,20685,0,0,0,0,0,0,12686,139,0,0,0,5899,10767,0,0,0,0,0,0,0,0,0,0,0,20685,TCGA-GM-A2DF-DX1_xmin50637_ymin43774_MPP-0.2500+54
0,0,0,0,0,0,0,804,0,0,0,0,49371,0,0,0,0,0,0,0,0,0,0,0,1,0,0,0,0,0,0,0,804,0,0,0,0,49371,0,0,0,0,0,0,0,0,0,0,0,1,0,0,0,0,0,0,0,804,0,0,0,0,49371,0,0,0,0,0,0,0,0,0,0,0,1,TCGA-GM-A2DF-DX1_xmin50637_ymin43774_MPP-0.2500+55
0,0,0,0,0,0,22932,4433,0,0,0,7908,10920,0,0,0,0,0,0,0,0,0,0,0,3983,0,0,0,0,0,0,23638,3727,0,0,0,9569,9259,0,0,0,0,0,0,0,0,0,0,0,3983,0,0,0,0,0,0,23392,3973,0,0,0,9519,9309,0,0,0,0,0,0,0,0,0,0,0,3983,TCGA-GM-A2DF-DX1_xmin50637_ymin43774_MPP-0.2500+56
28330,0,0,0,0,17297,0,0,0,0,4549,0,0,0,0,0,0,0,0,0,0,0,0,0,0,28330,0,0,0,0,17297,0,0,0,0,4549,0,0,0,0,0,0,0,0,0,0,0,0,0,0,28330,0,0,0,0,17297,0,0,0,0,4549,0,0,0,0,0,0,0,0,0,0,0,0,0,0,TCGA-GM-A2DF-DX1_xmin50637_ymin43774_MPP-0.2500+57
21924,0,0,0,0,0,0,0,0,0,0,0,0,0,0,0,0,0,0,0,0,0,0,0,28252,21924,0,0,0,0,0,0,0,0,0,0,0,0,0,0,0,0,0,0,0,0,0,0,0,28252,21924,0,0,0,0,0,0,0,0,0,0,0,0,0,0,0,0,0,0,0,0,0,0,0,28252,TCGA-GM-A2DF-DX1_xmin50637_ymin43774_MPP-0.2500+58
26849,112,0,0,0,7849,13101,0,0,0,0,0,0,0,0,0,0,0,0,0,0,0,0,0,2265,26854,107,0,0,0,8097,12853,0,0,0,0,0,0,0,0,0,0,0,0,0,0,0,0,0,2265,26753,208,0,0,0,7596,13354,0,0,0,0,0,0,0,0,0,0,0,0,0,0,0,0,0,2265,TCGA-GM-A2DF-DX1_xmin50637_ymin43774_MPP-0.2500+59
0,1092,3502,0,0,0,13581,12483,0,0,0,3474,14685,0,0,0,0,0,0,0,0,0,0,0,1359,0,1207,3387,0,0,0,13067,12997,0,0,0,3526,14633,0,0,0,0,0,0,0,0,0,0,0,1359,0,1256,3338,0,0,0,13044,13020,0,0,0,3506,14653,0,0,0,0,0,0,0,0,0,0,0,1359,TCGA-GM-A2DF-DX1_xmin50637_ymin43774_MPP-0.2500+6
0,0,0,0,0,11296,28434,0,0,0,20,132,0,0,0,0,0,0,0,0,0,0,0,0,10294,0,0,0,0,0,11590,28140,0,0,0,20,132,0,0,0,0,0,0,0,0,0,0,0,0,10294,0,0,0,0,0,11584,28146,0,0,0,20,132,0,0,0,0,0,0,0,0,0,0,0,0,10294,TCGA-GM-A2DF-DX1_xmin50637_ymin43774_MPP-0.2500+60
0,0,0,0,0,0,12753,4278,0,0,0,6976,18985,0,0,0,0,0,0,0,0,0,0,0,7184,0,0,0,0,0,0,13111,3920,0,0,0,7809,18152,0,0,0,0,0,0,0,0,0,0,0,7184,0,0,0,0,0,0,12634,4397,0,0,0,7025,18936,0,0,0,0,0,0,0,0,0,0,0,7184,TCGA-GM-A2DF-DX1_xmin50637_ymin43774_MPP-0.2500+61
1483,0,0,0,0,7290,14364,0,0,0,6534,17250,0,0,0,0,0,0,0,0,0,0,0,0,3255,1483,0,0,0,0,7652,14002,0,0,0,7403,16381,0,0,0,0,0,0,0,0,0,0,0,0,3255,1483,0,0,0,0,7332,14322,0,0,0,7826,15958,0,0,0,0,0,0,0,0,0,0,0,0,3255,TCGA-GM-A2DF-DX1_xmin50637_ymin43774_MPP-0.2500+62
8515,649,0,0,0,4858,15499,4578,0,0,992,5755,9249,0,0,0,0,0,0,0,0,0,0,0,81,8584,580,0,0,0,5478,15007,4450,0,0,1014,5842,9140,0,0,0,0,0,0,0,0,0,0,0,81,8593,571,0,0,0,5426,15034,4475,0,0,1021,5950,9025,0,0,0,0,0,0,0,0,0,0,0,81,TCGA-GM-A2DF-DX1_xmin50637_ymin43774_MPP-0.2500+63
0,0,0,0,0,0,5657,118,0,0,0,8990,35411,0,0,0,0,0,0,0,0,0,0,0,0,0,0,0,0,0,0,5657,118,0,0,0,9128,35273,0,0,0,0,0,0,0,0,0,0,0,0,0,0,0,0,0,0,5657,118,0,0,0,9195,35206,0,0,0,0,0,0,0,0,0,0,0,0,TCGA-GM-A2DF-DX1_xmin50637_ymin43774_MPP-0.2500+64
0,0,0,0,0,3519,18822,2497,0,0,1541,6555,9464,0,0,0,0,0,0,0,0,0,0,0,7778,0,0,0,0,0,3674,18696,2468,0,0,1550,6432,9578,0,0,0,0,0,0,0,0,0,0,0,7778,0,0,0,0,0,3676,18729,2433,0,0,1554,6375,9631,0,0,0,0,0,0,0,0,0,0,0,7778,TCGA-GM-A2DF-DX1_xmin50637_ymin43774_MPP-0.2500+65
0,0,0,0,0,0,1469,1694,0,0,0,146,16224,0,0,0,0,0,0,0,0,0,0,0,30643,0,0,0,0,0,0,1677,1486,0,0,0,208,16162,0,0,0,0,0,0,0,0,0,0,0,30643,0,0,0,0,0,0,1912,1251,0,0,0,269,16101,0,0,0,0,0,0,0,0,0,0,0,30643,TCGA-GM-A2DF-DX1_xmin50637_ymin43774_MPP-0.2500+66
0,0,0,0,0,0,12182,904,0,0,0,3512,18594,0,0,0,0,0,0,0,0,0,0,0,14984,0,0,0,0,0,0,12342,744,0,0,0,3730,18376,0,0,0,0,0,0,0,0,0,0,0,14984,0,0,0,0,0,0,12441,645,0,0,0,4379,17727,0,0,0,0,0,0,0,0,0,0,0,14984,TCGA-GM-A2DF-DX1_xmin50637_ymin43774_MPP-0.2500+67
0,0,0,0,0,0,0,6523,0,0,0,0,43653,0,0,0,0,0,0,0,0,0,0,0,0,0,0,0,0,0,0,0,6523,0,0,0,0,43653,0,0,0,0,0,0,0,0,0,0,0,0,0,0,0,0,0,0,0,6523,0,0,0,0,43653,0,0,0,0,0,0,0,0,0,0,0,0,TCGA-GM-A2DF-DX1_xmin50637_ymin43774_MPP-0.2500+68
0,0,0,0,0,1648,0,18790,0,0,0,0,27348,0,0,0,0,0,0,0,0,0,0,0,2390,0,0,0,0,0,1648,0,18790,0,0,0,0,27348,0,0,0,0,0,0,0,0,0,0,0,2390,0,0,0,0,0,1520,0,18918,0,0,0,0,27348,0,0,0,0,0,0,0,0,0,0,0,2390,TCGA-GM-A2DF-DX1_xmin50637_ymin43774_MPP-0.2500+69
0,0,0,0,0,16,0,5694,0,0,0,0,42031,0,0,0,0,0,0,0,0,0,0,0,2435,0,0,0,0,0,16,0,5694,0,0,0,0,42031,0,0,0,0,0,0,0,0,0,0,0,2435,0,0,0,0,0,16,0,5694,0,0,0,0,42031,0,0,0,0,0,0,0,0,0,0,0,2435,TCGA-GM-A2DF-DX1_xmin50637_ymin43774_MPP-0.2500+7
0,426,0,0,0,0,38584,0,0,0,0,5285,0,0,0,0,0,0,0,0,0,0,0,0,5881,4,422,0,0,0,0,38584,0,0,0,0,5285,0,0,0,0,0,0,0,0,0,0,0,0,5881,0,426,0,0,0,0,38584,0,0,0,0,5285,0,0,0,0,0,0,0,0,0,0,0,0,5881,TCGA-GM-A2DF-DX1_xmin50637_ymin43774_MPP-0.2500+70
3777,0,0,0,0,28267,0,0,0,0,7090,0,0,0,0,0,0,0,0,0,0,0,0,0,11042,3777,0,0,0,0,28267,0,0,0,0,7090,0,0,0,0,0,0,0,0,0,0,0,0,0,11042,3777,0,0,0,0,28267,0,0,0,0,7090,0,0,0,0,0,0,0,0,0,0,0,0,0,11042,TCGA-GM-A2DF-DX1_xmin50637_ymin43774_MPP-0.2500+71
48,0,361,0,0,4922,0,14250,0,0,22,0,28550,0,0,0,0,0,0,0,0,0,0,0,2023,48,0,361,0,0,4972,0,14200,0,0,36,0,28536,0,0,0,0,0,0,0,0,0,0,0,2023,63,0,346,0,0,4737,0,14435,0,0,0,0,28572,0,0,0,0,0,0,0,0,0,0,0,2023,TCGA-GM-A2DF-DX1_xmin50637_ymin43774_MPP-0.2500+72
0,0,0,0,0,1232,0,15746,0,0,0,0,27698,0,0,0,0,0,0,0,0,0,0,0,5500,0,0,0,0,0,1264,0,15714,0,0,0,0,27698,0,0,0,0,0,0,0,0,0,0,0,5500,0,0,0,0,0,1232,0,15746,0,0,0,0,27698,0,0,0,0,0,0,0,0,0,0,0,5500,TCGA-GM-A2DF-DX1_xmin50637_ymin43774_MPP-0.2500+73
0,0,0,0,0,4,0,8693,0,0,0,0,39767,0,0,0,0,0,0,0,0,0,0,0,1712,0,0,0,0,0,32,0,8665,0,0,0,0,39767,0,0,0,0,0,0,0,0,0,0,0,1712,0,0,0,0,0,0,0,8697,0,0,0,0,39767,0,0,0,0,0,0,0,0,0,0,0,1712,TCGA-GM-A2DF-DX1_xmin50637_ymin43774_MPP-0.2500+74
27376,669,0,0,0,5698,12386,0,0,0,0,1446,0,0,0,0,0,0,0,0,0,0,0,0,2601,27355,690,0,0,0,5715,12369,0,0,0,0,1446,0,0,0,0,0,0,0,0,0,0,0,0,2601,27346,699,0,0,0,5646,12438,0,0,0,0,1446,0,0,0,0,0,0,0,0,0,0,0,0,2601,TCGA-GM-A2DF-DX1_xmin50637_ymin43774_MPP-0.2500+75
37867,1253,0,0,0,3070,6804,0,0,0,0,0,0,0,0,0,0,0,0,0,0,0,0,0,1182,38063,1057,0,0,0,2892,6982,0,0,0,0,0,0,0,0,0,0,0,0,0,0,0,0,0,1182,38023,1097,0,0,0,2931,6943,0,0,0,0,0,0,0,0,0,0,0,0,0,0,0,0,0,1182,TCGA-GM-A2DF-DX1_xmin50637_ymin43774_MPP-0.2500+76
0,3122,0,0,0,0,3776,926,0,0,0,5177,34216,0,0,0,0,0,0,0,0,0,0,0,2959,0,3122,0,0,0,0,3752,950,0,0,0,5287,34106,0,0,0,0,0,0,0,0,0,0,0,2959,0,3122,0,0,0,0,3774,928,0,0,0,5585,33808,0,0,0,0,0,0,0,0,0,0,0,2959,TCGA-GM-A2DF-DX1_xmin50637_ymin43774_MPP-0.2500+77
0,0,0,0,0,0,5623,2007,0,0,0,24,12861,0,0,0,0,0,0,0,0,0,0,0,29661,0,0,0,0,0,0,5788,1842,0,0,0,24,12861,0,0,0,0,0,0,0,0,0,0,0,29661,0,0,0,0,0,0,6058,1572,0,0,0,25,12860,0,0,0,0,0,0,0,0,0,0,0,29661,TCGA-GM-A2DF-DX1_xmin50637_ymin43774_MPP-0.2500+78
0,0,0,0,0,0,9845,0,0,0,0,0,0,0,0,0,0,0,0,0,0,0,0,0,40331,0,0,0,0,0,0,9845,0,0,0,0,0,0,0,0,0,0,0,0,0,0,0,0,0,40331,0,0,0,0,0,0,9845,0,0,0,0,0,0,0,0,0,0,0,0,0,0,0,0,0,40331,TCGA-GM-A2DF-DX1_xmin50637_ymin43774_MPP-0.2500+79
0,0,0,0,0,0,0,568,0,0,0,0,49608,0,0,0,0,0,0,0,0,0,0,0,0,0,0,0,0,0,0,0,568,0,0,0,0,49608,0,0,0,0,0,0,0,0,0,0,0,0,0,0,0,0,0,0,0,568,0,0,0,0,49608,0,0,0,0,0,0,0,0,0,0,0,0,TCGA-GM-A2DF-DX1_xmin50637_ymin43774_MPP-0.2500+8
0,0,0,0,0,0,32780,0,0,0,0,0,0,0,0,0,0,0,0,0,0,0,0,0,17396,0,0,0,0,0,0,32780,0,0,0,0,0,0,0,0,0,0,0,0,0,0,0,0,0,17396,0,0,0,0,0,0,32780,0,0,0,0,0,0,0,0,0,0,0,0,0,0,0,0,0,17396,TCGA-GM-A2DF-DX1_xmin50637_ymin43774_MPP-0.2500+80
0,0,0,0,0,0,8733,3,0,0,0,9848,25295,0,0,0,0,0,0,0,0,0,0,0,6297,0,0,0,0,0,0,8736,0,0,0,0,10086,25057,0,0,0,0,0,0,0,0,0,0,0,6297,0,0,0,0,0,0,8736,0,0,0,0,10016,25127,0,0,0,0,0,0,0,0,0,0,0,6297,TCGA-GM-A2DF-DX1_xmin50637_ymin43774_MPP-0.2500+81
0,0,0,0,0,0,0,852,0,0,0,0,34922,0,0,0,0,0,0,0,0,0,0,0,14402,0,0,0,0,0,0,0,852,0,0,0,0,34922,0,0,0,0,0,0,0,0,0,0,0,14402,0,0,0,0,0,0,0,852,0,0,0,0,34922,0,0,0,0,0,0,0,0,0,0,0,14402,TCGA-GM-A2DF-DX1_xmin50637_ymin43774_MPP-0.2500+82
0,0,0,0,0,172,0,13360,0,0,353,0,34432,0,0,0,0,0,0,0,0,0,0,0,1859,0,0,0,0,0,172,0,13360,0,0,353,0,34432,0,0,0,0,0,0,0,0,0,0,0,1859,0,0,0,0,0,172,0,13360,0,0,353,0,34432,0,0,0,0,0,0,0,0,0,0,0,1859,TCGA-GM-A2DF-DX1_xmin50637_ymin43774_MPP-0.2500+83
0,0,0,0,0,0,0,629,0,0,0,0,34795,0,0,0,0,0,0,0,0,0,0,0,14752,0,0,0,0,0,0,0,629,0,0,0,0,34795,0,0,0,0,0,0,0,0,0,0,0,14752,0,0,0,0,0,0,0,629,0,0,0,0,34795,0,0,0,0,0,0,0,0,0,0,0,14752,TCGA-GM-A2DF-DX1_xmin50637_ymin43774_MPP-0.2500+84
0,0,0,0,0,0,0,0,0,0,80,0,36824,0,0,0,0,0,0,0,0,0,0,0,13272,0,0,0,0,0,0,0,0,0,0,80,0,36824,0,0,0,0,0,0,0,0,0,0,0,13272,0,0,0,0,0,0,0,0,0,0,80,0,36824,0,0,0,0,0,0,0,0,0,0,0,13272,TCGA-GM-A2DF-DX1_xmin50637_ymin43774_MPP-0.2500+85
0,0,0,0,0,0,0,0,0,0,0,0,46894,0,0,0,0,0,0,0,0,0,0,0,3282,0,0,0,0,0,0,0,0,0,0,0,0,46894,0,0,0,0,0,0,0,0,0,0,0,3282,0,0,0,0,0,0,0,0,0,0,0,0,46894,0,0,0,0,0,0,0,0,0,0,0,3282,TCGA-GM-A2DF-DX1_xmin50637_ymin43774_MPP-0.2500+86
0,0,0,0,0,0,0,5658,0,0,0,0,37109,0,0,0,0,0,0,0,0,0,0,0,7409,0,0,0,0,0,0,0,5658,0,0,0,0,37109,0,0,0,0,0,0,0,0,0,0,0,7409,0,0,0,0,0,0,0,5658,0,0,0,0,37109,0,0,0,0,0,0,0,0,0,0,0,7409,TCGA-GM-A2DF-DX1_xmin50637_ymin43774_MPP-0.2500+87
21794,524,0,0,0,4924,18259,0,0,0,0,1022,0,0,0,0,0,0,0,0,0,0,0,0,3653,21809,509,0,0,0,4448,18735,0,0,0,0,1022,0,0,0,0,0,0,0,0,0,0,0,0,3653,21733,585,0,0,0,4486,18697,0,0,0,0,1022,0,0,0,0,0,0,0,0,0,0,0,0,3653,TCGA-GM-A2DF-DX1_xmin50637_ymin43774_MPP-0.2500+88
31791,715,0,0,0,4980,5124,300,0,0,0,549,5346,0,0,0,0,0,0,0,0,0,0,0,1371,31739,767,0,0,0,4814,5367,223,0,0,0,620,5275,0,0,0,0,0,0,0,0,0,0,0,1371,31684,822,0,0,0,4667,5521,216,0,0,0,693,5202,0,0,0,0,0,0,0,0,0,0,0,1371,TCGA-GM-A2DF-DX1_xmin50637_ymin43774_MPP-0.2500+89
0,0,0,0,0,544,0,22263,0,0,336,0,22870,0,0,0,0,0,0,0,0,0,0,0,4163,0,0,0,0,0,608,0,22199,0,0,464,0,22742,0,0,0,0,0,0,0,0,0,0,0,4163,0,0,0,0,0,480,0,22327,0,0,336,0,22870,0,0,0,0,0,0,0,0,0,0,0,4163,TCGA-GM-A2DF-DX1_xmin50637_ymin43774_MPP-0.2500+9
0,7432,0,0,0,0,10059,3319,0,0,0,2842,17758,0,0,0,0,0,0,0,0,0,0,0,8766,96,7336,0,0,0,0,10240,3138,0,0,0,3457,17143,0,0,0,0,0,0,0,0,0,0,0,8766,96,7336,0,0,0,0,10342,3036,0,0,0,4096,16504,0,0,0,0,0,0,0,0,0,0,0,8766,TCGA-GM-A2DF-DX1_xmin50637_ymin43774_MPP-0.2500+90
0,0,0,0,0,0,18452,0,0,0,0,0,0,0,0,0,0,0,0,0,0,0,0,0,31724,0,0,0,0,0,0,18452,0,0,0,0,0,0,0,0,0,0,0,0,0,0,0,0,0,31724,0,0,0,0,0,0,18452,0,0,0,0,0,0,0,0,0,0,0,0,0,0,0,0,0,31724,TCGA-GM-A2DF-DX1_xmin50637_ymin43774_MPP-0.2500+91
0,0,0,0,0,0,31481,0,0,0,0,0,0,0,0,0,0,0,0,0,0,0,0,0,18695,0,0,0,0,0,0,31481,0,0,0,0,0,0,0,0,0,0,0,0,0,0,0,0,0,18695,0,0,0,0,0,1,31480,0,0,0,0,0,0,0,0,0,0,0,0,0,0,0,0,0,18695,TCGA-GM-A2DF-DX1_xmin50637_ymin43774_MPP-0.2500+92
0,0,0,0,0,0,49973,0,0,0,0,0,0,0,0,0,0,0,0,0,0,0,0,0,203,0,0,0,0,0,0,49973,0,0,0,0,0,0,0,0,0,0,0,0,0,0,0,0,0,203,0,0,0,0,0,0,49973,0,0,0,0,0,0,0,0,0,0,0,0,0,0,0,0,0,203,TCGA-GM-A2DF-DX1_xmin50637_ymin43774_MPP-0.2500+93
0,0,0,0,0,0,50176,0,0,0,0,0,0,0,0,0,0,0,0,0,0,0,0,0,0,0,0,0,0,0,0,50176,0,0,0,0,0,0,0,0,0,0,0,0,0,0,0,0,0,0,0,0,0,0,0,0,50176,0,0,0,0,0,0,0,0,0,0,0,0,0,0,0,0,0,0,TCGA-GM-A2DF-DX1_xmin50637_ymin43774_MPP-0.2500+94
0,0,0,0,0,0,0,2994,0,0,0,0,37407,0,0,0,0,0,0,0,0,0,0,0,9775,0,0,0,0,0,0,0,2994,0,0,0,0,37407,0,0,0,0,0,0,0,0,0,0,0,9775,0,0,0,0,0,0,0,2994,0,0,0,0,37407,0,0,0,0,0,0,0,0,0,0,0,9775,TCGA-GM-A2DF-DX1_xmin50637_ymin43774_MPP-0.2500+95
0,0,0,0,0,0,10231,4165,0,0,0,5758,18593,0,0,0,0,0,0,0,0,0,0,0,11429,0,0,0,0,0,0,10366,4030,0,0,0,5987,18364,0,0,0,0,0,0,0,0,0,0,0,11429,0,0,0,0,0,0,10483,3913,0,0,0,6553,17798,0,0,0,0,0,0,0,0,0,0,0,11429,TCGA-GM-A2DF-DX1_xmin50637_ymin43774_MPP-0.2500+96
0,0,0,0,0,0,4678,1995,0,0,0,2697,23654,0,0,0,0,0,0,0,0,0,0,0,17152,0,0,0,0,0,0,4703,1970,0,0,0,2525,23826,0,0,0,0,0,0,0,0,0,0,0,17152,0,0,0,0,0,0,4715,1958,0,0,0,2660,23691,0,0,0,0,0,0,0,0,0,0,0,17152,TCGA-GM-A2DF-DX1_xmin50637_ymin43774_MPP-0.2500+97
0,0,0,0,0,0,0,2730,0,0,0,0,31727,0,0,0,0,0,0,0,0,0,0,0,15719,0,0,0,0,0,0,0,2730,0,0,0,0,31727,0,0,0,0,0,0,0,0,0,0,0,15719,0,0,0,0,0,0,0,2730,0,0,0,0,31727,0,0,0,0,0,0,0,0,0,0,0,15719,TCGA-GM-A2DF-DX1_xmin50637_ymin43774_MPP-0.2500+98
0,0,0,0,0,0,8032,2984,0,0,0,3314,25767,0,0,0,0,0,0,0,0,0,0,0,10079,0,0,0,0,0,0,8210,2806,0,0,0,3518,25563,0,0,0,0,0,0,0,0,0,0,0,10079,0,0,0,0,0,0,8373,2643,0,0,0,4030,25051,0,0,0,0,0,0,0,0,0,0,0,10079,TCGA-GM-A2DF-DX1_xmin50637_ymin43774_MPP-0.2500+99
39381,0,0,0,0,0,0,0,0,0,0,0,0,0,0,10795,0,0,0,0,0,0,0,0,0,39381,0,0,0,0,0,0,0,0,0,0,0,0,0,0,10795,0,0,0,0,0,0,0,0,0,39381,0,0,0,0,0,0,0,0,0,0,0,0,0,0,10795,0,0,0,0,0,0,0,0,0,TCGA-GM-A2DH-DX1_xmin50963_ymin56303_MPP-0.2500+0
50176,0,0,0,0,0,0,0,0,0,0,0,0,0,0,0,0,0,0,0,0,0,0,0,0,50176,0,0,0,0,0,0,0,0,0,0,0,0,0,0,0,0,0,0,0,0,0,0,0,0,50176,0,0,0,0,0,0,0,0,0,0,0,0,0,0,0,0,0,0,0,0,0,0,0,0,TCGA-GM-A2DH-DX1_xmin50963_ymin56303_MPP-0.2500+1
38714,0,0,0,0,1696,0,0,0,0,0,0,0,0,0,9766,0,0,0,0,0,0,0,0,0,38714,0,0,0,0,1696,0,0,0,0,0,0,0,0,0,9766,0,0,0,0,0,0,0,0,0,38714,0,0,0,0,1696,0,0,0,0,0,0,0,0,0,9766,0,0,0,0,0,0,0,0,0,TCGA-GM-A2DH-DX1_xmin50963_ymin56303_MPP-0.2500+10
34559,0,0,0,0,0,0,0,0,0,0,0,0,0,0,14945,0,0,0,0,0,0,0,0,672,34559,0,0,0,0,0,0,0,0,0,0,0,0,0,0,14945,0,0,0,0,0,0,0,0,672,34559,0,0,0,0,0,0,0,0,0,0,0,0,0,0,14945,0,0,0,0,0,0,0,0,672,TCGA-GM-A2DH-DX1_xmin50963_ymin56303_MPP-0.2500+100
15881,1773,0,0,0,166,19983,0,0,0,0,0,0,0,0,0,0,0,0,0,0,0,0,0,12373,16118,1536,0,0,0,235,19914,0,0,0,0,0,0,0,0,0,0,0,0,0,0,0,0,0,12373,16114,1540,0,0,0,316,19833,0,0,0,0,0,0,0,0,0,0,0,0,0,0,0,0,0,12373,TCGA-GM-A2DH-DX1_xmin50963_ymin56303_MPP-0.2500+101
0,0,0,0,0,0,44816,0,0,0,0,0,0,0,0,0,0,0,0,0,0,0,0,0,5360,0,0,0,0,0,0,44816,0,0,0,0,0,0,0,0,0,0,0,0,0,0,0,0,0,5360,0,0,0,0,0,0,44816,0,0,0,0,0,0,0,0,0,0,0,0,0,0,0,0,0,5360,TCGA-GM-A2DH-DX1_xmin50963_ymin56303_MPP-0.2500+102
0,0,0,0,0,0,27808,4562,0,0,0,6656,7452,0,0,0,1825,0,0,0,0,0,0,0,1873,0,0,0,0,0,0,28272,4098,0,0,0,7303,6805,0,0,0,1825,0,0,0,0,0,0,0,1873,0,0,0,0,0,0,28151,4219,0,0,0,7232,6876,0,0,0,1825,0,0,0,0,0,0,0,1873,TCGA-GM-A2DH-DX1_xmin50963_ymin56303_MPP-0.2500+103
0,0,0,0,0,4,27496,5959,0,0,0,4765,8343,0,0,0,3609,0,0,0,0,0,0,0,0,0,0,0,0,0,1,27863,5595,0,0,0,5378,7730,0,0,0,3609,0,0,0,0,0,0,0,0,0,0,0,0,0,1,27416,6042,0,0,0,5252,7856,0,0,0,3609,0,0,0,0,0,0,0,0,TCGA-GM-A2DH-DX1_xmin50963_ymin56303_MPP-0.2500+104
3753,0,0,0,0,6041,39435,0,0,0,0,0,0,0,0,0,947,0,0,0,0,0,0,0,0,3753,0,0,0,0,5699,39777,0,0,0,0,0,0,0,0,0,947,0,0,0,0,0,0,0,0,3753,0,0,0,0,6054,39422,0,0,0,0,0,0,0,0,0,947,0,0,0,0,0,0,0,0,TCGA-GM-A2DH-DX1_xmin50963_ymin56303_MPP-0.2500+105
47711,0,0,0,0,0,0,0,0,0,0,0,0,0,0,2465,0,0,0,0,0,0,0,0,0,47711,0,0,0,0,0,0,0,0,0,0,0,0,0,0,2465,0,0,0,0,0,0,0,0,0,47711,0,0,0,0,0,0,0,0,0,0,0,0,0,0,2465,0,0,0,0,0,0,0,0,0,TCGA-GM-A2DH-DX1_xmin50963_ymin56303_MPP-0.2500+106
39547,0,0,0,0,0,0,0,0,0,0,0,0,0,0,10629,0,0,0,0,0,0,0,0,0,39547,0,0,0,0,0,0,0,0,0,0,0,0,0,0,10629,0,0,0,0,0,0,0,0,0,39547,0,0,0,0,0,0,0,0,0,0,0,0,0,0,10629,0,0,0,0,0,0,0,0,0,TCGA-GM-A2DH-DX1_xmin50963_ymin56303_MPP-0.2500+107
31547,0,0,0,0,0,0,0,0,0,0,0,0,0,0,18629,0,0,0,0,0,0,0,0,0,31547,0,0,0,0,0,0,0,0,0,0,0,0,0,0,18629,0,0,0,0,0,0,0,0,0,31547,0,0,0,0,0,0,0,0,0,0,0,0,0,0,18629,0,0,0,0,0,0,0,0,0,TCGA-GM-A2DH-DX1_xmin50963_ymin56303_MPP-0.2500+108
44175,0,0,0,0,0,0,0,0,0,0,0,0,0,0,6001,0,0,0,0,0,0,0,0,0,44175,0,0,0,0,0,0,0,0,0,0,0,0,0,0,6001,0,0,0,0,0,0,0,0,0,44175,0,0,0,0,0,0,0,0,0,0,0,0,0,0,6001,0,0,0,0,0,0,0,0,0,TCGA-GM-A2DH-DX1_xmin50963_ymin56303_MPP-0.2500+109
10076,278,0,0,0,6554,30542,0,0,0,0,0,0,0,0,2364,362,0,0,0,0,0,0,0,0,10061,293,0,0,0,6328,30768,0,0,0,0,0,0,0,0,2284,442,0,0,0,0,0,0,0,0,10039,315,0,0,0,6431,30665,0,0,0,0,0,0,0,0,2270,456,0,0,0,0,0,0,0,0,TCGA-GM-A2DH-DX1_xmin50963_ymin56303_MPP-0.2500+11
37242,953,0,0,0,476,11061,0,0,0,0,0,0,0,0,0,0,0,0,0,0,0,0,0,444,37276,919,0,0,0,475,11062,0,0,0,0,0,0,0,0,0,0,0,0,0,0,0,0,0,444,37325,870,0,0,0,480,11057,0,0,0,0,0,0,0,0,0,0,0,0,0,0,0,0,0,444,TCGA-GM-A2DH-DX1_xmin50963_ymin56303_MPP-0.2500+110
0,0,0,0,0,0,50103,0,0,0,0,73,0,0,0,0,0,0,0,0,0,0,0,0,0,0,0,0,0,0,0,50103,0,0,0,0,73,0,0,0,0,0,0,0,0,0,0,0,0,0,0,0,0,0,0,0,50103,0,0,0,0,73,0,0,0,0,0,0,0,0,0,0,0,0,0,TCGA-GM-A2DH-DX1_xmin50963_ymin56303_MPP-0.2500+111
0,0,0,0,0,0,26021,8494,0,0,0,2209,11531,0,0,0,1064,857,0,0,0,0,0,0,0,0,0,0,0,0,0,26523,7992,0,0,0,2529,11211,0,0,0,1090,831,0,0,0,0,0,0,0,0,0,0,0,0,0,26623,7892,0,0,0,3193,10547,0,0,0,1095,826,0,0,0,0,0,0,0,TCGA-GM-A2DH-DX1_xmin50963_ymin56303_MPP-0.2500+112
0,0,0,0,0,0,30577,9753,0,0,0,1979,5108,0,0,0,2397,362,0,0,0,0,0,0,0,0,0,0,0,0,0,31106,9224,0,0,0,2138,4949,0,0,0,2466,293,0,0,0,0,0,0,0,0,0,0,0,0,0,31576,8754,0,0,0,2206,4881,0,0,0,2474,285,0,0,0,0,0,0,0,TCGA-GM-A2DH-DX1_xmin50963_ymin56303_MPP-0.2500+113
0,0,0,0,0,0,22829,7161,0,0,0,6955,13231,0,0,0,0,0,0,0,0,0,0,0,0,0,0,0,0,0,0,23837,6153,0,0,0,8018,12168,0,0,0,0,0,0,0,0,0,0,0,0,0,0,0,0,0,0,23466,6524,0,0,0,7633,12553,0,0,0,0,0,0,0,0,0,0,0,0,TCGA-GM-A2DH-DX1_xmin50963_ymin56303_MPP-0.2500+114
50176,0,0,0,0,0,0,0,0,0,0,0,0,0,0,0,0,0,0,0,0,0,0,0,0,50176,0,0,0,0,0,0,0,0,0,0,0,0,0,0,0,0,0,0,0,0,0,0,0,0,50176,0,0,0,0,0,0,0,0,0,0,0,0,0,0,0,0,0,0,0,0,0,0,0,0,TCGA-GM-A2DH-DX1_xmin50963_ymin56303_MPP-0.2500+115
31427,0,0,3392,0,0,0,0,0,0,0,0,0,0,0,4019,0,0,11338,0,0,0,0,0,0,30781,0,0,4038,0,0,0,0,0,0,0,0,0,0,0,3899,0,0,11458,0,0,0,0,0,0,30265,0,0,4554,0,0,0,0,0,0,0,0,0,0,0,3474,0,0,11883,0,0,0,0,0,0,TCGA-GM-A2DH-DX1_xmin50963_ymin56303_MPP-0.2500+116
24107,0,0,53,0,0,0,0,0,0,0,0,0,0,0,6147,0,0,19467,0,0,0,0,0,402,24120,0,0,40,0,0,0,0,0,0,0,0,0,0,0,6503,0,0,19111,0,0,0,0,0,402,24121,0,0,39,0,0,0,0,0,0,0,0,0,0,0,6414,0,0,19200,0,0,0,0,0,402,TCGA-GM-A2DH-DX1_xmin50963_ymin56303_MPP-0.2500+117
49956,0,0,0,0,0,0,0,0,0,0,0,0,0,0,220,0,0,0,0,0,0,0,0,0,49956,0,0,0,0,0,0,0,0,0,0,0,0,0,0,220,0,0,0,0,0,0,0,0,0,49956,0,0,0,0,0,0,0,0,0,0,0,0,0,0,220,0,0,0,0,0,0,0,0,0,TCGA-GM-A2DH-DX1_xmin50963_ymin56303_MPP-0.2500+118
47142,0,0,0,0,1000,0,0,0,0,0,0,0,0,0,0,0,0,0,0,0,0,0,0,2034,47142,0,0,0,0,1000,0,0,0,0,0,0,0,0,0,0,0,0,0,0,0,0,0,0,2034,47142,0,0,0,0,1000,0,0,0,0,0,0,0,0,0,0,0,0,0,0,0,0,0,0,2034,TCGA-GM-A2DH-DX1_xmin50963_ymin56303_MPP-0.2500+119
3204,707,0,0,0,4160,42105,0,0,0,0,0,0,0,0,0,0,0,0,0,0,0,0,0,0,3200,711,0,0,0,4463,41802,0,0,0,0,0,0,0,0,0,0,0,0,0,0,0,0,0,0,3223,688,0,0,0,4519,41746,0,0,0,0,0,0,0,0,0,0,0,0,0,0,0,0,0,0,TCGA-GM-A2DH-DX1_xmin50963_ymin56303_MPP-0.2500+12
4974,0,0,0,0,2359,32228,0,0,0,195,9916,0,0,0,0,0,0,0,0,0,0,0,0,504,4974,0,0,0,0,2356,32231,0,0,0,218,9893,0,0,0,0,0,0,0,0,0,0,0,0,504,4974,0,0,0,0,2424,32163,0,0,0,375,9736,0,0,0,0,0,0,0,0,0,0,0,0,504,TCGA-GM-A2DH-DX1_xmin50963_ymin56303_MPP-0.2500+120
0,0,0,0,0,0,31926,0,0,0,0,18250,0,0,0,0,0,0,0,0,0,0,0,0,0,0,0,0,0,0,0,31926,0,0,0,0,18250,0,0,0,0,0,0,0,0,0,0,0,0,0,0,0,0,0,0,0,31926,0,0,0,0,18250,0,0,0,0,0,0,0,0,0,0,0,0,0,TCGA-GM-A2DH-DX1_xmin50963_ymin56303_MPP-0.2500+121
0,0,0,0,0,0,35012,3113,0,0,0,2007,10044,0,0,0,0,0,0,0,0,0,0,0,0,0,0,0,0,0,0,35110,3015,0,0,0,2085,9966,0,0,0,0,0,0,0,0,0,0,0,0,0,0,0,0,0,0,34838,3287,0,0,0,2035,10016,0,0,0,0,0,0,0,0,0,0,0,0,TCGA-GM-A2DH-DX1_xmin50963_ymin56303_MPP-0.2500+122
47442,0,0,0,0,8,0,0,0,0,0,0,0,0,0,0,0,0,0,0,0,0,0,0,2726,47442,0,0,0,0,8,0,0,0,0,0,0,0,0,0,0,0,0,0,0,0,0,0,0,2726,47442,0,0,0,0,8,0,0,0,0,0,0,0,0,0,0,0,0,0,0,0,0,0,0,2726,TCGA-GM-A2DH-DX1_xmin50963_ymin56303_MPP-0.2500+123
47618,0,0,0,0,0,0,0,0,0,0,0,0,0,0,2558,0,0,0,0,0,0,0,0,0,47618,0,0,0,0,0,0,0,0,0,0,0,0,0,0,2558,0,0,0,0,0,0,0,0,0,47618,0,0,0,0,0,0,0,0,0,0,0,0,0,0,2558,0,0,0,0,0,0,0,0,0,TCGA-GM-A2DH-DX1_xmin50963_ymin56303_MPP-0.2500+124
31086,0,0,0,0,0,0,0,0,0,0,0,0,0,0,19090,0,0,0,0,0,0,0,0,0,31086,0,0,0,0,0,0,0,0,0,0,0,0,0,0,19090,0,0,0,0,0,0,0,0,0,31086,0,0,0,0,0,0,0,0,0,0,0,0,0,0,19090,0,0,0,0,0,0,0,0,0,TCGA-GM-A2DH-DX1_xmin50963_ymin56303_MPP-0.2500+125
8766,281,0,0,0,6667,23082,0,0,0,0,2101,0,0,0,1557,7722,0,0,0,0,0,0,0,0,8753,294,0,0,0,6820,22929,0,0,0,0,2101,0,0,0,1455,7824,0,0,0,0,0,0,0,0,8762,285,0,0,0,7085,22664,0,0,0,0,2101,0,0,0,1437,7842,0,0,0,0,0,0,0,0,TCGA-GM-A2DH-DX1_xmin50963_ymin56303_MPP-0.2500+126
0,0,0,0,0,8445,13765,4131,0,0,1544,5140,16212,0,0,446,493,0,0,0,0,0,0,0,0,0,0,0,0,0,8273,14759,3309,0,0,1574,5827,15495,0,0,307,632,0,0,0,0,0,0,0,0,0,0,0,0,0,8307,14580,3454,0,0,1669,5639,15588,0,0,293,646,0,0,0,0,0,0,0,0,TCGA-GM-A2DH-DX1_xmin50963_ymin56303_MPP-0.2500+127
0,0,0,0,0,0,7114,370,0,0,0,12411,30281,0,0,0,0,0,0,0,0,0,0,0,0,0,0,0,0,0,0,7119,365,0,0,0,13376,29316,0,0,0,0,0,0,0,0,0,0,0,0,0,0,0,0,0,0,7119,365,0,0,0,13653,29039,0,0,0,0,0,0,0,0,0,0,0,0,TCGA-GM-A2DH-DX1_xmin50963_ymin56303_MPP-0.2500+128
37071,5610,0,0,0,784,3991,0,0,0,0,0,0,0,0,542,2178,0,0,0,0,0,0,0,0,37051,5630,0,0,0,792,3983,0,0,0,0,0,0,0,0,527,2193,0,0,0,0,0,0,0,0,36914,5767,0,0,0,793,3982,0,0,0,0,0,0,0,0,467,2253,0,0,0,0,0,0,0,0,TCGA-GM-A2DH-DX1_xmin50963_ymin56303_MPP-0.2500+129
10575,116,0,0,0,9598,12572,0,0,0,0,0,0,0,0,0,0,0,0,0,0,0,0,0,17315,10579,112,0,0,0,9854,12316,0,0,0,0,0,0,0,0,0,0,0,0,0,0,0,0,0,17315,10559,132,0,0,0,9766,12404,0,0,0,0,0,0,0,0,0,0,0,0,0,0,0,0,0,17315,TCGA-GM-A2DH-DX1_xmin50963_ymin56303_MPP-0.2500+13
12362,410,0,0,0,4835,30864,0,0,0,0,1705,0,0,0,0,0,0,0,0,0,0,0,0,0,12313,459,0,0,0,4011,31688,0,0,0,0,1705,0,0,0,0,0,0,0,0,0,0,0,0,0,12279,493,0,0,0,3839,31860,0,0,0,0,1705,0,0,0,0,0,0,0,0,0,0,0,0,0,TCGA-GM-A2DH-DX1_xmin50963_ymin56303_MPP-0.2500+130
11651,237,0,0,0,3261,10990,0,0,0,638,10637,0,0,0,5939,6823,0,0,0,0,0,0,0,0,11426,462,0,0,0,3283,10968,0,0,0,762,10513,0,0,0,5680,7082,0,0,0,0,0,0,0,0,11307,581,0,0,0,3072,11179,0,0,0,726,10549,0,0,0,4507,8255,0,0,0,0,0,0,0,0,TCGA-GM-A2DH-DX1_xmin50963_ymin56303_MPP-0.2500+131
0,0,0,0,0,0,10906,5322,0,0,0,14243,19493,0,0,0,212,0,0,0,0,0,0,0,0,0,0,0,0,0,0,11292,4936,0,0,0,15628,18108,0,0,0,212,0,0,0,0,0,0,0,0,0,0,0,0,0,0,11079,5149,0,0,0,15749,17987,0,0,0,212,0,0,0,0,0,0,0,0,TCGA-GM-A2DH-DX1_xmin50963_ymin56303_MPP-0.2500+132
17426,0,0,0,0,6187,0,0,0,0,0,0,0,0,0,0,0,0,0,0,0,0,0,0,26563,17426,0,0,0,0,6187,0,0,0,0,0,0,0,0,0,0,0,0,0,0,0,0,0,0,26563,17426,0,0,0,0,6187,0,0,0,0,0,0,0,0,0,0,0,0,0,0,0,0,0,0,26563,TCGA-GM-A2DH-DX1_xmin50963_ymin56303_MPP-0.2500+14
44231,0,0,0,0,1808,0,0,0,0,0,0,0,0,0,4137,0,0,0,0,0,0,0,0,0,44231,0,0,0,0,1808,0,0,0,0,0,0,0,0,0,4137,0,0,0,0,0,0,0,0,0,44231,0,0,0,0,1808,0,0,0,0,0,0,0,0,0,4137,0,0,0,0,0,0,0,0,0,TCGA-GM-A2DH-DX1_xmin50963_ymin56303_MPP-0.2500+15
29405,0,0,0,0,0,0,0,0,0,0,0,0,0,0,20771,0,0,0,0,0,0,0,0,0,29405,0,0,0,0,0,0,0,0,0,0,0,0,0,0,20771,0,0,0,0,0,0,0,0,0,29405,0,0,0,0,0,0,0,0,0,0,0,0,0,0,20771,0,0,0,0,0,0,0,0,0,TCGA-GM-A2DH-DX1_xmin50963_ymin56303_MPP-0.2500+16
37934,0,0,0,0,0,0,0,0,0,0,0,0,0,0,12242,0,0,0,0,0,0,0,0,0,37934,0,0,0,0,0,0,0,0,0,0,0,0,0,0,12242,0,0,0,0,0,0,0,0,0,37934,0,0,0,0,0,0,0,0,0,0,0,0,0,0,12242,0,0,0,0,0,0,0,0,0,TCGA-GM-A2DH-DX1_xmin50963_ymin56303_MPP-0.2500+17
49715,0,0,0,0,0,0,0,0,0,0,0,0,0,0,461,0,0,0,0,0,0,0,0,0,49715,0,0,0,0,0,0,0,0,0,0,0,0,0,0,461,0,0,0,0,0,0,0,0,0,49715,0,0,0,0,0,0,0,0,0,0,0,0,0,0,461,0,0,0,0,0,0,0,0,0,TCGA-GM-A2DH-DX1_xmin50963_ymin56303_MPP-0.2500+18
31293,0,0,0,0,11332,0,0,0,0,0,0,0,0,0,7551,0,0,0,0,0,0,0,0,0,31293,0,0,0,0,11332,0,0,0,0,0,0,0,0,0,7551,0,0,0,0,0,0,0,0,0,31293,0,0,0,0,11332,0,0,0,0,0,0,0,0,0,7551,0,0,0,0,0,0,0,0,0,TCGA-GM-A2DH-DX1_xmin50963_ymin56303_MPP-0.2500+19
48328,0,0,0,0,0,0,0,0,0,0,0,0,0,0,1848,0,0,0,0,0,0,0,0,0,48328,0,0,0,0,0,0,0,0,0,0,0,0,0,0,1848,0,0,0,0,0,0,0,0,0,48328,0,0,0,0,0,0,0,0,0,0,0,0,0,0,1848,0,0,0,0,0,0,0,0,0,TCGA-GM-A2DH-DX1_xmin50963_ymin56303_MPP-0.2500+2
13290,828,0,0,0,12721,23337,0,0,0,0,0,0,0,0,0,0,0,0,0,0,0,0,0,0,13395,723,0,0,0,12413,23645,0,0,0,0,0,0,0,0,0,0,0,0,0,0,0,0,0,0,13537,581,0,0,0,12501,23557,0,0,0,0,0,0,0,0,0,0,0,0,0,0,0,0,0,0,TCGA-GM-A2DH-DX1_xmin50963_ymin56303_MPP-0.2500+20
36895,0,0,0,0,10132,0,0,0,0,0,0,0,0,0,0,0,0,0,0,0,0,0,0,3149,36895,0,0,0,0,10132,0,0,0,0,0,0,0,0,0,0,0,0,0,0,0,0,0,0,3149,36895,0,0,0,0,10132,0,0,0,0,0,0,0,0,0,0,0,0,0,0,0,0,0,0,3149,TCGA-GM-A2DH-DX1_xmin50963_ymin56303_MPP-0.2500+21
4099,0,0,0,0,26292,14554,0,0,0,0,0,0,0,0,0,0,0,0,0,0,0,0,0,5231,4099,0,0,0,0,25782,15064,0,0,0,0,0,0,0,0,0,0,0,0,0,0,0,0,0,5231,4099,0,0,0,0,25605,15241,0,0,0,0,0,0,0,0,0,0,0,0,0,0,0,0,0,5231,TCGA-GM-A2DH-DX1_xmin50963_ymin56303_MPP-0.2500+22
42343,0,0,0,0,1881,0,0,0,0,0,0,0,0,0,4784,0,0,0,0,0,0,0,0,1168,42343,0,0,0,0,1881,0,0,0,0,0,0,0,0,0,4784,0,0,0,0,0,0,0,0,1168,42343,0,0,0,0,1881,0,0,0,0,0,0,0,0,0,4784,0,0,0,0,0,0,0,0,1168,TCGA-GM-A2DH-DX1_xmin50963_ymin56303_MPP-0.2500+23
46761,0,0,0,0,0,0,0,0,0,0,0,0,0,0,3415,0,0,0,0,0,0,0,0,0,46761,0,0,0,0,0,0,0,0,0,0,0,0,0,0,3415,0,0,0,0,0,0,0,0,0,46761,0,0,0,0,0,0,0,0,0,0,0,0,0,0,3415,0,0,0,0,0,0,0,0,0,TCGA-GM-A2DH-DX1_xmin50963_ymin56303_MPP-0.2500+24
43215,0,0,0,0,0,0,0,0,0,0,0,0,0,0,6961,0,0,0,0,0,0,0,0,0,43215,0,0,0,0,0,0,0,0,0,0,0,0,0,0,6961,0,0,0,0,0,0,0,0,0,43215,0,0,0,0,0,0,0,0,0,0,0,0,0,0,6961,0,0,0,0,0,0,0,0,0,TCGA-GM-A2DH-DX1_xmin50963_ymin56303_MPP-0.2500+25
46701,0,0,0,0,0,0,0,0,0,0,0,0,0,0,3475,0,0,0,0,0,0,0,0,0,46701,0,0,0,0,0,0,0,0,0,0,0,0,0,0,3475,0,0,0,0,0,0,0,0,0,46701,0,0,0,0,0,0,0,0,0,0,0,0,0,0,3475,0,0,0,0,0,0,0,0,0,TCGA-GM-A2DH-DX1_xmin50963_ymin56303_MPP-0.2500+26
34218,3035,0,0,0,625,12298,0,0,0,0,0,0,0,0,0,0,0,0,0,0,0,0,0,0,34027,3226,0,0,0,582,12341,0,0,0,0,0,0,0,0,0,0,0,0,0,0,0,0,0,0,33936,3317,0,0,0,504,12419,0,0,0,0,0,0,0,0,0,0,0,0,0,0,0,0,0,0,TCGA-GM-A2DH-DX1_xmin50963_ymin56303_MPP-0.2500+27
28413,4084,0,0,0,3225,14454,0,0,0,0,0,0,0,0,0,0,0,0,0,0,0,0,0,0,28257,4240,0,0,0,2929,14750,0,0,0,0,0,0,0,0,0,0,0,0,0,0,0,0,0,0,28090,4407,0,0,0,2972,14707,0,0,0,0,0,0,0,0,0,0,0,0,0,0,0,0,0,0,TCGA-GM-A2DH-DX1_xmin50963_ymin56303_MPP-0.2500+28
50176,0,0,0,0,0,0,0,0,0,0,0,0,0,0,0,0,0,0,0,0,0,0,0,0,50176,0,0,0,0,0,0,0,0,0,0,0,0,0,0,0,0,0,0,0,0,0,0,0,0,50176,0,0,0,0,0,0,0,0,0,0,0,0,0,0,0,0,0,0,0,0,0,0,0,0,TCGA-GM-A2DH-DX1_xmin50963_ymin56303_MPP-0.2500+29
41650,0,0,0,0,0,0,0,0,0,0,0,0,0,0,8526,0,0,0,0,0,0,0,0,0,41650,0,0,0,0,0,0,0,0,0,0,0,0,0,0,8526,0,0,0,0,0,0,0,0,0,41650,0,0,0,0,0,0,0,0,0,0,0,0,0,0,8526,0,0,0,0,0,0,0,0,0,TCGA-GM-A2DH-DX1_xmin50963_ymin56303_MPP-0.2500+3
50176,0,0,0,0,0,0,0,0,0,0,0,0,0,0,0,0,0,0,0,0,0,0,0,0,50176,0,0,0,0,0,0,0,0,0,0,0,0,0,0,0,0,0,0,0,0,0,0,0,0,50176,0,0,0,0,0,0,0,0,0,0,0,0,0,0,0,0,0,0,0,0,0,0,0,0,TCGA-GM-A2DH-DX1_xmin50963_ymin56303_MPP-0.2500+30
21389,11998,0,0,0,6804,5306,0,0,0,0,0,0,0,0,23,4608,0,0,0,0,0,0,0,48,21504,11883,0,0,0,6636,5474,0,0,0,0,0,0,0,0,23,4608,0,0,0,0,0,0,0,48,21139,12248,0,0,0,6657,5453,0,0,0,0,0,0,0,0,17,4614,0,0,0,0,0,0,0,48,TCGA-GM-A2DH-DX1_xmin50963_ymin56303_MPP-0.2500+31
19808,0,0,781,0,1385,0,0,10,0,0,0,0,0,0,6267,0,0,15235,0,0,0,0,0,6690,19655,0,0,934,0,1361,0,0,34,0,0,0,0,0,0,5503,0,0,15999,0,0,0,0,0,6690,19532,0,0,1057,0,1338,0,0,57,0,0,0,0,0,0,4779,0,0,16723,0,0,0,0,0,6690,TCGA-GM-A2DH-DX1_xmin50963_ymin56303_MPP-0.2500+32
41747,0,0,0,0,1225,0,0,0,0,0,0,0,0,0,6716,0,0,0,0,0,0,0,0,488,41747,0,0,0,0,1225,0,0,0,0,0,0,0,0,0,6716,0,0,0,0,0,0,0,0,488,41747,0,0,0,0,1225,0,0,0,0,0,0,0,0,0,6716,0,0,0,0,0,0,0,0,488,TCGA-GM-A2DH-DX1_xmin50963_ymin56303_MPP-0.2500+33
21136,0,0,0,0,0,0,0,0,0,0,0,0,0,0,29040,0,0,0,0,0,0,0,0,0,21136,0,0,0,0,0,0,0,0,0,0,0,0,0,0,29040,0,0,0,0,0,0,0,0,0,21136,0,0,0,0,0,0,0,0,0,0,0,0,0,0,29040,0,0,0,0,0,0,0,0,0,TCGA-GM-A2DH-DX1_xmin50963_ymin56303_MPP-0.2500+34
36758,0,0,0,0,0,0,0,0,0,0,0,0,0,0,13418,0,0,0,0,0,0,0,0,0,36758,0,0,0,0,0,0,0,0,0,0,0,0,0,0,13418,0,0,0,0,0,0,0,0,0,36758,0,0,0,0,0,0,0,0,0,0,0,0,0,0,13418,0,0,0,0,0,0,0,0,0,TCGA-GM-A2DH-DX1_xmin50963_ymin56303_MPP-0.2500+35
46561,0,0,0,0,2843,0,0,0,0,0,0,0,0,0,772,0,0,0,0,0,0,0,0,0,46561,0,0,0,0,2843,0,0,0,0,0,0,0,0,0,772,0,0,0,0,0,0,0,0,0,46561,0,0,0,0,2843,0,0,0,0,0,0,0,0,0,772,0,0,0,0,0,0,0,0,0,TCGA-GM-A2DH-DX1_xmin50963_ymin56303_MPP-0.2500+36
21284,2305,0,0,0,11717,14558,0,0,0,37,275,0,0,0,0,0,0,0,0,0,0,0,0,0,21226,2363,0,0,0,11392,14883,0,0,0,35,277,0,0,0,0,0,0,0,0,0,0,0,0,0,21201,2388,0,0,0,11226,15049,0,0,0,32,280,0,0,0,0,0,0,0,0,0,0,0,0,0,TCGA-GM-A2DH-DX1_xmin50963_ymin56303_MPP-0.2500+37
36065,0,0,0,0,0,0,0,0,0,0,0,0,0,0,14111,0,0,0,0,0,0,0,0,0,36065,0,0,0,0,0,0,0,0,0,0,0,0,0,0,14111,0,0,0,0,0,0,0,0,0,36065,0,0,0,0,0,0,0,0,0,0,0,0,0,0,14111,0,0,0,0,0,0,0,0,0,TCGA-GM-A2DH-DX1_xmin50963_ymin56303_MPP-0.2500+38
48690,0,0,0,0,9,0,0,0,0,0,0,0,0,0,1477,0,0,0,0,0,0,0,0,0,48690,0,0,0,0,9,0,0,0,0,0,0,0,0,0,1477,0,0,0,0,0,0,0,0,0,48690,0,0,0,0,9,0,0,0,0,0,0,0,0,0,1477,0,0,0,0,0,0,0,0,0,TCGA-GM-A2DH-DX1_xmin50963_ymin56303_MPP-0.2500+39
16426,0,0,0,0,0,0,0,0,0,0,0,0,0,0,33750,0,0,0,0,0,0,0,0,0,16426,0,0,0,0,0,0,0,0,0,0,0,0,0,0,33750,0,0,0,0,0,0,0,0,0,16426,0,0,0,0,0,0,0,0,0,0,0,0,0,0,33750,0,0,0,0,0,0,0,0,0,TCGA-GM-A2DH-DX1_xmin50963_ymin56303_MPP-0.2500+4
48271,0,0,0,0,0,0,0,0,0,0,0,0,0,0,1905,0,0,0,0,0,0,0,0,0,48271,0,0,0,0,0,0,0,0,0,0,0,0,0,0,1905,0,0,0,0,0,0,0,0,0,48271,0,0,0,0,0,0,0,0,0,0,0,0,0,0,1905,0,0,0,0,0,0,0,0,0,TCGA-GM-A2DH-DX1_xmin50963_ymin56303_MPP-0.2500+40
39707,0,0,0,0,0,0,0,0,0,0,0,0,0,0,10469,0,0,0,0,0,0,0,0,0,39707,0,0,0,0,0,0,0,0,0,0,0,0,0,0,10469,0,0,0,0,0,0,0,0,0,39707,0,0,0,0,0,0,0,0,0,0,0,0,0,0,10469,0,0,0,0,0,0,0,0,0,TCGA-GM-A2DH-DX1_xmin50963_ymin56303_MPP-0.2500+41
47468,0,0,0,0,332,0,0,0,0,0,0,0,0,0,2376,0,0,0,0,0,0,0,0,0,47468,0,0,0,0,332,0,0,0,0,0,0,0,0,0,2376,0,0,0,0,0,0,0,0,0,47468,0,0,0,0,332,0,0,0,0,0,0,0,0,0,2376,0,0,0,0,0,0,0,0,0,TCGA-GM-A2DH-DX1_xmin50963_ymin56303_MPP-0.2500+42
22686,6238,0,0,0,3043,9238,0,0,0,0,0,0,0,0,130,8841,0,0,0,0,0,0,0,0,22442,6482,0,0,0,3228,9053,0,0,0,0,0,0,0,0,88,8883,0,0,0,0,0,0,0,0,20968,7956,0,0,0,3037,9244,0,0,0,0,0,0,0,0,24,8947,0,0,0,0,0,0,0,0,TCGA-GM-A2DH-DX1_xmin50963_ymin56303_MPP-0.2500+43
47387,0,0,0,0,318,0,0,0,0,0,0,0,0,0,2471,0,0,0,0,0,0,0,0,0,47387,0,0,0,0,318,0,0,0,0,0,0,0,0,0,2471,0,0,0,0,0,0,0,0,0,47387,0,0,0,0,318,0,0,0,0,0,0,0,0,0,2471,0,0,0,0,0,0,0,0,0,TCGA-GM-A2DH-DX1_xmin50963_ymin56303_MPP-0.2500+44
23109,2441,0,0,0,2629,14828,0,0,0,0,5022,0,0,0,1699,448,0,0,0,0,0,0,0,0,23234,2316,0,0,0,2502,14955,0,0,0,0,5022,0,0,0,1669,478,0,0,0,0,0,0,0,0,23056,2494,0,0,0,1944,15513,0,0,0,0,5022,0,0,0,1366,781,0,0,0,0,0,0,0,0,TCGA-GM-A2DH-DX1_xmin50963_ymin56303_MPP-0.2500+45
43622,0,0,0,0,0,0,0,0,0,0,0,0,0,0,6554,0,0,0,0,0,0,0,0,0,43622,0,0,0,0,0,0,0,0,0,0,0,0,0,0,6554,0,0,0,0,0,0,0,0,0,43622,0,0,0,0,0,0,0,0,0,0,0,0,0,0,6554,0,0,0,0,0,0,0,0,0,TCGA-GM-A2DH-DX1_xmin50963_ymin56303_MPP-0.2500+46
27726,0,0,0,0,2342,0,0,0,0,0,0,0,0,0,20108,0,0,0,0,0,0,0,0,0,27726,0,0,0,0,2342,0,0,0,0,0,0,0,0,0,20108,0,0,0,0,0,0,0,0,0,27726,0,0,0,0,2342,0,0,0,0,0,0,0,0,0,20108,0,0,0,0,0,0,0,0,0,TCGA-GM-A2DH-DX1_xmin50963_ymin56303_MPP-0.2500+47
28799,0,0,0,0,1851,0,0,0,0,0,0,0,0,0,19526,0,0,0,0,0,0,0,0,0,28799,0,0,0,0,1851,0,0,0,0,0,0,0,0,0,19526,0,0,0,0,0,0,0,0,0,28799,0,0,0,0,1851,0,0,0,0,0,0,0,0,0,19526,0,0,0,0,0,0,0,0,0,TCGA-GM-A2DH-DX1_xmin50963_ymin56303_MPP-0.2500+48
48257,0,0,0,0,0,0,0,0,0,0,0,0,0,0,1919,0,0,0,0,0,0,0,0,0,48257,0,0,0,0,0,0,0,0,0,0,0,0,0,0,1919,0,0,0,0,0,0,0,0,0,48257,0,0,0,0,0,0,0,0,0,0,0,0,0,0,1919,0,0,0,0,0,0,0,0,0,TCGA-GM-A2DH-DX1_xmin50963_ymin56303_MPP-0.2500+49
32457,2937,0,0,0,21,9390,0,0,0,0,0,0,0,0,5371,0,0,0,0,0,0,0,0,0,32665,2729,0,0,0,20,9391,0,0,0,0,0,0,0,0,5371,0,0,0,0,0,0,0,0,0,32839,2555,0,0,0,19,9392,0,0,0,0,0,0,0,0,5371,0,0,0,0,0,0,0,0,0,TCGA-GM-A2DH-DX1_xmin50963_ymin56303_MPP-0.2500+5
33204,0,0,331,0,0,0,0,0,0,0,0,0,0,0,4395,0,0,12246,0,0,0,0,0,0,33214,0,0,321,0,0,0,0,0,0,0,0,0,0,0,4522,0,0,12119,0,0,0,0,0,0,33183,0,0,352,0,0,0,0,0,0,0,0,0,0,0,4385,0,0,12256,0,0,0,0,0,0,TCGA-GM-A2DH-DX1_xmin50963_ymin56303_MPP-0.2500+50
44536,0,0,0,0,288,0,0,0,0,0,0,0,0,0,5352,0,0,0,0,0,0,0,0,0,44536,0,0,0,0,288,0,0,0,0,0,0,0,0,0,5352,0,0,0,0,0,0,0,0,0,44536,0,0,0,0,288,0,0,0,0,0,0,0,0,0,5352,0,0,0,0,0,0,0,0,0,TCGA-GM-A2DH-DX1_xmin50963_ymin56303_MPP-0.2500+51
4803,1044,0,0,0,1020,33911,0,0,0,66,1317,0,0,0,0,4334,0,0,0,0,0,0,0,3681,4635,1212,0,0,0,943,33988,0,0,0,95,1288,0,0,0,0,4334,0,0,0,0,0,0,0,3681,4612,1235,0,0,0,1249,33682,0,0,0,138,1245,0,0,0,0,4334,0,0,0,0,0,0,0,3681,TCGA-GM-A2DH-DX1_xmin50963_ymin56303_MPP-0.2500+52
15789,765,0,0,0,1573,20202,0,0,0,0,88,0,0,0,3714,8045,0,0,0,0,0,0,0,0,15755,799,0,0,0,1645,20130,0,0,0,0,88,0,0,0,3696,8063,0,0,0,0,0,0,0,0,15707,847,0,0,0,1884,19891,0,0,0,0,88,0,0,0,3544,8215,0,0,0,0,0,0,0,0,TCGA-GM-A2DH-DX1_xmin50963_ymin56303_MPP-0.2500+53
4426,2007,0,0,0,258,4669,286,0,0,0,18317,20213,0,0,0,0,0,0,0,0,0,0,0,0,4404,2029,0,0,0,242,4683,288,0,0,0,19065,19465,0,0,0,0,0,0,0,0,0,0,0,0,4467,1966,0,0,0,268,4662,283,0,0,0,19184,19346,0,0,0,0,0,0,0,0,0,0,0,0,TCGA-GM-A2DH-DX1_xmin50963_ymin56303_MPP-0.2500+54
39038,0,0,0,0,4724,0,0,0,0,0,0,0,0,0,6414,0,0,0,0,0,0,0,0,0,39038,0,0,0,0,4724,0,0,0,0,0,0,0,0,0,6414,0,0,0,0,0,0,0,0,0,39038,0,0,0,0,4724,0,0,0,0,0,0,0,0,0,6414,0,0,0,0,0,0,0,0,0,TCGA-GM-A2DH-DX1_xmin50963_ymin56303_MPP-0.2500+55
18508,0,0,0,0,9308,0,0,0,0,0,0,0,0,0,22360,0,0,0,0,0,0,0,0,0,18508,0,0,0,0,9308,0,0,0,0,0,0,0,0,0,22360,0,0,0,0,0,0,0,0,0,18508,0,0,0,0,9308,0,0,0,0,0,0,0,0,0,22360,0,0,0,0,0,0,0,0,0,TCGA-GM-A2DH-DX1_xmin50963_ymin56303_MPP-0.2500+56
39907,0,0,0,0,0,0,0,0,0,0,0,0,0,0,10269,0,0,0,0,0,0,0,0,0,39907,0,0,0,0,0,0,0,0,0,0,0,0,0,0,10269,0,0,0,0,0,0,0,0,0,39907,0,0,0,0,0,0,0,0,0,0,0,0,0,0,10269,0,0,0,0,0,0,0,0,0,TCGA-GM-A2DH-DX1_xmin50963_ymin56303_MPP-0.2500+57
44323,0,0,0,0,0,0,0,0,0,0,0,0,0,0,5853,0,0,0,0,0,0,0,0,0,44323,0,0,0,0,0,0,0,0,0,0,0,0,0,0,5853,0,0,0,0,0,0,0,0,0,44323,0,0,0,0,0,0,0,0,0,0,0,0,0,0,5853,0,0,0,0,0,0,0,0,0,TCGA-GM-A2DH-DX1_xmin50963_ymin56303_MPP-0.2500+58
39361,0,0,0,0,0,0,0,0,0,0,0,0,0,0,10815,0,0,0,0,0,0,0,0,0,39361,0,0,0,0,0,0,0,0,0,0,0,0,0,0,10815,0,0,0,0,0,0,0,0,0,39361,0,0,0,0,0,0,0,0,0,0,0,0,0,0,10815,0,0,0,0,0,0,0,0,0,TCGA-GM-A2DH-DX1_xmin50963_ymin56303_MPP-0.2500+59
50176,0,0,0,0,0,0,0,0,0,0,0,0,0,0,0,0,0,0,0,0,0,0,0,0,50176,0,0,0,0,0,0,0,0,0,0,0,0,0,0,0,0,0,0,0,0,0,0,0,0,50176,0,0,0,0,0,0,0,0,0,0,0,0,0,0,0,0,0,0,0,0,0,0,0,0,TCGA-GM-A2DH-DX1_xmin50963_ymin56303_MPP-0.2500+6
49679,0,0,0,0,0,0,0,0,0,0,0,0,0,0,497,0,0,0,0,0,0,0,0,0,49679,0,0,0,0,0,0,0,0,0,0,0,0,0,0,497,0,0,0,0,0,0,0,0,0,49679,0,0,0,0,0,0,0,0,0,0,0,0,0,0,497,0,0,0,0,0,0,0,0,0,TCGA-GM-A2DH-DX1_xmin50963_ymin56303_MPP-0.2500+60
17445,264,461,0,0,2708,12257,2109,0,0,216,2201,7501,0,0,115,1117,1636,0,0,0,0,0,0,2146,17188,480,502,0,0,2577,12387,2110,0,0,260,2264,7394,0,0,107,1157,1604,0,0,0,0,0,0,2146,16928,720,522,0,0,2566,12378,2130,0,0,305,2295,7318,0,0,38,1266,1564,0,0,0,0,0,0,2146,TCGA-GM-A2DH-DX1_xmin50963_ymin56303_MPP-0.2500+61
0,0,0,0,0,0,11213,12833,0,0,0,5974,8157,0,0,0,0,0,0,0,0,0,0,0,11999,0,0,0,0,0,0,12491,11555,0,0,0,6437,7694,0,0,0,0,0,0,0,0,0,0,0,11999,0,0,0,0,0,0,12131,11915,0,0,0,6354,7777,0,0,0,0,0,0,0,0,0,0,0,11999,TCGA-GM-A2DH-DX1_xmin50963_ymin56303_MPP-0.2500+62
0,0,0,0,0,0,5217,28,0,0,0,9284,35647,0,0,0,0,0,0,0,0,0,0,0,0,0,0,0,0,0,0,5213,32,0,0,0,9842,35089,0,0,0,0,0,0,0,0,0,0,0,0,0,0,0,0,0,0,5213,32,0,0,0,10151,34780,0,0,0,0,0,0,0,0,0,0,0,0,TCGA-GM-A2DH-DX1_xmin50963_ymin56303_MPP-0.2500+63
16204,2040,0,0,0,5075,26857,0,0,0,0,0,0,0,0,0,0,0,0,0,0,0,0,0,0,16244,2000,0,0,0,5132,26800,0,0,0,0,0,0,0,0,0,0,0,0,0,0,0,0,0,0,16434,1810,0,0,0,5238,26694,0,0,0,0,0,0,0,0,0,0,0,0,0,0,0,0,0,0,TCGA-GM-A2DH-DX1_xmin50963_ymin56303_MPP-0.2500+64
50176,0,0,0,0,0,0,0,0,0,0,0,0,0,0,0,0,0,0,0,0,0,0,0,0,50176,0,0,0,0,0,0,0,0,0,0,0,0,0,0,0,0,0,0,0,0,0,0,0,0,50176,0,0,0,0,0,0,0,0,0,0,0,0,0,0,0,0,0,0,0,0,0,0,0,0,TCGA-GM-A2DH-DX1_xmin50963_ymin56303_MPP-0.2500+65
41485,0,0,0,0,0,0,0,0,0,0,0,0,0,0,8691,0,0,0,0,0,0,0,0,0,41485,0,0,0,0,0,0,0,0,0,0,0,0,0,0,8691,0,0,0,0,0,0,0,0,0,41485,0,0,0,0,0,0,0,0,0,0,0,0,0,0,8691,0,0,0,0,0,0,0,0,0,TCGA-GM-A2DH-DX1_xmin50963_ymin56303_MPP-0.2500+66
30619,0,0,0,0,0,0,0,0,0,0,0,0,0,0,19557,0,0,0,0,0,0,0,0,0,30619,0,0,0,0,0,0,0,0,0,0,0,0,0,0,19557,0,0,0,0,0,0,0,0,0,30619,0,0,0,0,0,0,0,0,0,0,0,0,0,0,19557,0,0,0,0,0,0,0,0,0,TCGA-GM-A2DH-DX1_xmin50963_ymin56303_MPP-0.2500+67
34186,0,0,0,0,0,0,0,0,0,0,0,0,0,0,15990,0,0,0,0,0,0,0,0,0,34186,0,0,0,0,0,0,0,0,0,0,0,0,0,0,15990,0,0,0,0,0,0,0,0,0,34186,0,0,0,0,0,0,0,0,0,0,0,0,0,0,15990,0,0,0,0,0,0,0,0,0,TCGA-GM-A2DH-DX1_xmin50963_ymin56303_MPP-0.2500+68
44788,0,0,0,0,0,0,0,0,0,0,0,0,0,0,5388,0,0,0,0,0,0,0,0,0,44788,0,0,0,0,0,0,0,0,0,0,0,0,0,0,5388,0,0,0,0,0,0,0,0,0,44788,0,0,0,0,0,0,0,0,0,0,0,0,0,0,5388,0,0,0,0,0,0,0,0,0,TCGA-GM-A2DH-DX1_xmin50963_ymin56303_MPP-0.2500+69
50017,0,0,0,0,0,0,0,0,0,0,0,0,0,0,159,0,0,0,0,0,0,0,0,0,50017,0,0,0,0,0,0,0,0,0,0,0,0,0,0,159,0,0,0,0,0,0,0,0,0,50017,0,0,0,0,0,0,0,0,0,0,0,0,0,0,159,0,0,0,0,0,0,0,0,0,TCGA-GM-A2DH-DX1_xmin50963_ymin56303_MPP-0.2500+7
32328,4072,0,0,0,0,932,0,0,0,0,108,0,0,0,1869,9537,0,0,0,0,0,0,0,1330,32415,3985,0,0,0,0,932,0,0,0,0,108,0,0,0,1851,9555,0,0,0,0,0,0,0,1330,32252,4148,0,0,0,0,932,0,0,0,0,108,0,0,0,1732,9674,0,0,0,0,0,0,0,1330,TCGA-GM-A2DH-DX1_xmin50963_ymin56303_MPP-0.2500+70
2700,0,36,0,0,1274,0,1561,0,0,261,0,40383,0,0,458,0,1514,0,0,0,0,0,0,1989,2694,0,42,0,0,1234,0,1601,0,0,231,0,40413,0,0,570,0,1402,0,0,0,0,0,0,1989,2694,0,42,0,0,1274,0,1561,0,0,260,0,40384,0,0,574,0,1398,0,0,0,0,0,0,1989,TCGA-GM-A2DH-DX1_xmin50963_ymin56303_MPP-0.2500+71
0,0,0,0,0,0,50176,0,0,0,0,0,0,0,0,0,0,0,0,0,0,0,0,0,0,0,0,0,0,0,0,50176,0,0,0,0,0,0,0,0,0,0,0,0,0,0,0,0,0,0,0,0,0,0,0,0,50176,0,0,0,0,0,0,0,0,0,0,0,0,0,0,0,0,0,0,TCGA-GM-A2DH-DX1_xmin50963_ymin56303_MPP-0.2500+72
2107,322,0,0,0,446,45495,0,0,0,0,0,0,0,0,0,0,0,0,0,0,0,0,0,1806,2047,382,0,0,0,362,45579,0,0,0,0,0,0,0,0,0,0,0,0,0,0,0,0,0,1806,2084,345,0,0,0,487,45454,0,0,0,0,0,0,0,0,0,0,0,0,0,0,0,0,0,1806,TCGA-GM-A2DH-DX1_xmin50963_ymin56303_MPP-0.2500+73
36107,1400,0,0,0,1805,10864,0,0,0,0,0,0,0,0,0,0,0,0,0,0,0,0,0,0,36151,1356,0,0,0,1859,10810,0,0,0,0,0,0,0,0,0,0,0,0,0,0,0,0,0,0,36172,1335,0,0,0,1777,10892,0,0,0,0,0,0,0,0,0,0,0,0,0,0,0,0,0,0,TCGA-GM-A2DH-DX1_xmin50963_ymin56303_MPP-0.2500+74
49827,0,0,0,0,266,0,0,0,0,0,0,0,0,0,83,0,0,0,0,0,0,0,0,0,49827,0,0,0,0,266,0,0,0,0,0,0,0,0,0,83,0,0,0,0,0,0,0,0,0,49827,0,0,0,0,266,0,0,0,0,0,0,0,0,0,83,0,0,0,0,0,0,0,0,0,TCGA-GM-A2DH-DX1_xmin50963_ymin56303_MPP-0.2500+75
33460,3726,0,0,0,0,0,0,0,0,0,0,0,0,0,6423,6567,0,0,0,0,0,0,0,0,33291,3895,0,0,0,0,0,0,0,0,0,0,0,0,0,6092,6898,0,0,0,0,0,0,0,0,32893,4293,0,0,0,0,0,0,0,0,0,0,0,0,0,4882,8108,0,0,0,0,0,0,0,0,TCGA-GM-A2DH-DX1_xmin50963_ymin56303_MPP-0.2500+76
40152,0,0,0,0,0,0,0,0,0,0,0,0,0,0,10024,0,0,0,0,0,0,0,0,0,40152,0,0,0,0,0,0,0,0,0,0,0,0,0,0,10024,0,0,0,0,0,0,0,0,0,40152,0,0,0,0,0,0,0,0,0,0,0,0,0,0,10024,0,0,0,0,0,0,0,0,0,TCGA-GM-A2DH-DX1_xmin50963_ymin56303_MPP-0.2500+77
43142,0,0,0,0,0,0,0,0,0,0,0,0,0,0,7034,0,0,0,0,0,0,0,0,0,43142,0,0,0,0,0,0,0,0,0,0,0,0,0,0,7034,0,0,0,0,0,0,0,0,0,43142,0,0,0,0,0,0,0,0,0,0,0,0,0,0,7034,0,0,0,0,0,0,0,0,0,TCGA-GM-A2DH-DX1_xmin50963_ymin56303_MPP-0.2500+78
19829,8218,9548,0,0,0,0,0,0,0,0,0,0,0,0,2256,9786,539,0,0,0,0,0,0,0,19761,8418,9416,0,0,0,0,0,0,0,0,0,0,0,0,2270,9740,571,0,0,0,0,0,0,0,19625,8904,9066,0,0,0,0,0,0,0,0,0,0,0,0,1916,10230,435,0,0,0,0,0,0,0,TCGA-GM-A2DH-DX1_xmin50963_ymin56303_MPP-0.2500+79
36105,0,0,0,0,0,0,0,0,0,0,0,0,0,0,14071,0,0,0,0,0,0,0,0,0,36105,0,0,0,0,0,0,0,0,0,0,0,0,0,0,14071,0,0,0,0,0,0,0,0,0,36105,0,0,0,0,0,0,0,0,0,0,0,0,0,0,14071,0,0,0,0,0,0,0,0,0,TCGA-GM-A2DH-DX1_xmin50963_ymin56303_MPP-0.2500+8
0,13701,3066,0,0,0,704,738,0,0,0,1852,16702,0,0,0,2910,755,0,0,0,0,0,0,9748,5168,0,11599,0,0,55,0,1387,0,0,0,0,18554,0,0,655,0,3010,0,0,0,0,0,0,9748,0,13819,2948,0,0,0,1087,355,0,0,0,2598,15956,0,0,0,3003,662,0,0,0,0,0,0,9748,TCGA-GM-A2DH-DX1_xmin50963_ymin56303_MPP-0.2500+80
2125,13741,0,0,0,0,18666,0,0,0,0,0,0,0,0,0,0,0,0,0,0,0,0,0,15644,2352,13514,0,0,0,0,18666,0,0,0,0,0,0,0,0,0,0,0,0,0,0,0,0,0,15644,2393,13473,0,0,0,0,18666,0,0,0,0,0,0,0,0,0,0,0,0,0,0,0,0,0,15644,TCGA-GM-A2DH-DX1_xmin50963_ymin56303_MPP-0.2500+81
0,471,0,0,0,0,47015,0,0,0,0,0,0,0,0,0,0,0,0,0,0,0,0,0,2690,0,471,0,0,0,0,47015,0,0,0,0,0,0,0,0,0,0,0,0,0,0,0,0,0,2690,0,471,0,0,0,0,47015,0,0,0,0,0,0,0,0,0,0,0,0,0,0,0,0,0,2690,TCGA-GM-A2DH-DX1_xmin50963_ymin56303_MPP-0.2500+82
0,0,0,0,0,0,50176,0,0,0,0,0,0,0,0,0,0,0,0,0,0,0,0,0,0,0,0,0,0,0,0,50176,0,0,0,0,0,0,0,0,0,0,0,0,0,0,0,0,0,0,0,0,0,0,0,0,50176,0,0,0,0,0,0,0,0,0,0,0,0,0,0,0,0,0,0,TCGA-GM-A2DH-DX1_xmin50963_ymin56303_MPP-0.2500+83
25176,153,0,0,0,4451,20396,0,0,0,0,0,0,0,0,0,0,0,0,0,0,0,0,0,0,25054,275,0,0,0,4457,20390,0,0,0,0,0,0,0,0,0,0,0,0,0,0,0,0,0,0,24924,405,0,0,0,4279,20568,0,0,0,0,0,0,0,0,0,0,0,0,0,0,0,0,0,0,TCGA-GM-A2DH-DX1_xmin50963_ymin56303_MPP-0.2500+84
39926,0,0,0,0,456,0,0,0,0,0,0,0,0,0,9794,0,0,0,0,0,0,0,0,0,39926,0,0,0,0,456,0,0,0,0,0,0,0,0,0,9794,0,0,0,0,0,0,0,0,0,39926,0,0,0,0,456,0,0,0,0,0,0,0,0,0,9794,0,0,0,0,0,0,0,0,0,TCGA-GM-A2DH-DX1_xmin50963_ymin56303_MPP-0.2500+85
32118,2090,0,1403,0,0,0,0,0,0,0,0,0,0,0,3347,5008,0,6210,0,0,0,0,0,0,32114,2210,0,1287,0,0,0,0,0,0,0,0,0,0,0,3215,5290,0,6060,0,0,0,0,0,0,34219,0,0,1392,0,0,0,0,0,0,0,0,0,0,0,6392,0,0,8173,0,0,0,0,0,0,TCGA-GM-A2DH-DX1_xmin50963_ymin56303_MPP-0.2500+86
45729,0,0,0,0,0,0,0,0,0,0,0,0,0,0,4447,0,0,0,0,0,0,0,0,0,45729,0,0,0,0,0,0,0,0,0,0,0,0,0,0,4447,0,0,0,0,0,0,0,0,0,45729,0,0,0,0,0,0,0,0,0,0,0,0,0,0,4447,0,0,0,0,0,0,0,0,0,TCGA-GM-A2DH-DX1_xmin50963_ymin56303_MPP-0.2500+87
42669,0,0,0,0,0,0,0,0,0,0,0,0,0,0,7507,0,0,0,0,0,0,0,0,0,42669,0,0,0,0,0,0,0,0,0,0,0,0,0,0,7507,0,0,0,0,0,0,0,0,0,42669,0,0,0,0,0,0,0,0,0,0,0,0,0,0,7507,0,0,0,0,0,0,0,0,0,TCGA-GM-A2DH-DX1_xmin50963_ymin56303_MPP-0.2500+88
37381,0,0,0,0,0,0,0,0,0,0,0,0,0,0,12795,0,0,0,0,0,0,0,0,0,37381,0,0,0,0,0,0,0,0,0,0,0,0,0,0,12795,0,0,0,0,0,0,0,0,0,37381,0,0,0,0,0,0,0,0,0,0,0,0,0,0,12795,0,0,0,0,0,0,0,0,0,TCGA-GM-A2DH-DX1_xmin50963_ymin56303_MPP-0.2500+89
22791,0,0,0,0,0,0,0,0,0,0,0,0,0,0,27385,0,0,0,0,0,0,0,0,0,22791,0,0,0,0,0,0,0,0,0,0,0,0,0,0,27385,0,0,0,0,0,0,0,0,0,22791,0,0,0,0,0,0,0,0,0,0,0,0,0,0,27385,0,0,0,0,0,0,0,0,0,TCGA-GM-A2DH-DX1_xmin50963_ymin56303_MPP-0.2500+9
43205,0,0,0,0,0,0,0,0,0,0,0,0,0,0,108,0,0,0,0,0,0,0,0,6863,43205,0,0,0,0,0,0,0,0,0,0,0,0,0,0,108,0,0,0,0,0,0,0,0,6863,43205,0,0,0,0,0,0,0,0,0,0,0,0,0,0,108,0,0,0,0,0,0,0,0,6863,TCGA-GM-A2DH-DX1_xmin50963_ymin56303_MPP-0.2500+90
12341,3433,0,0,0,1975,11761,0,0,0,0,0,0,0,0,0,0,0,0,0,0,0,0,0,20666,12228,3546,0,0,0,1941,11795,0,0,0,0,0,0,0,0,0,0,0,0,0,0,0,0,0,20666,12231,3543,0,0,0,1986,11750,0,0,0,0,0,0,0,0,0,0,0,0,0,0,0,0,0,20666,TCGA-GM-A2DH-DX1_xmin50963_ymin56303_MPP-0.2500+91
0,1257,0,0,0,0,48762,0,0,0,0,0,0,0,0,0,0,0,0,0,0,0,0,0,157,0,1257,0,0,0,0,48762,0,0,0,0,0,0,0,0,0,0,0,0,0,0,0,0,0,157,0,1257,0,0,0,0,48762,0,0,0,0,0,0,0,0,0,0,0,0,0,0,0,0,0,157,TCGA-GM-A2DH-DX1_xmin50963_ymin56303_MPP-0.2500+92
0,0,0,0,0,0,50176,0,0,0,0,0,0,0,0,0,0,0,0,0,0,0,0,0,0,0,0,0,0,0,0,50176,0,0,0,0,0,0,0,0,0,0,0,0,0,0,0,0,0,0,0,0,0,0,0,0,50176,0,0,0,0,0,0,0,0,0,0,0,0,0,0,0,0,0,0,TCGA-GM-A2DH-DX1_xmin50963_ymin56303_MPP-0.2500+93
7769,123,0,0,0,387,30159,0,0,0,0,8279,0,0,0,1791,1668,0,0,0,0,0,0,0,0,7769,123,0,0,0,558,29988,0,0,0,0,8279,0,0,0,1691,1768,0,0,0,0,0,0,0,0,7769,123,0,0,0,537,30009,0,0,0,0,8279,0,0,0,1737,1722,0,0,0,0,0,0,0,0,TCGA-GM-A2DH-DX1_xmin50963_ymin56303_MPP-0.2500+94
14813,1389,0,0,0,3287,18187,0,0,0,0,774,0,0,0,4415,7311,0,0,0,0,0,0,0,0,14837,1365,0,0,0,3243,18231,0,0,0,0,774,0,0,0,3977,7749,0,0,0,0,0,0,0,0,14793,1409,0,0,0,3128,18346,0,0,0,0,774,0,0,0,3780,7946,0,0,0,0,0,0,0,0,TCGA-GM-A2DH-DX1_xmin50963_ymin56303_MPP-0.2500+95
33359,0,0,0,0,977,0,0,0,0,0,0,0,0,0,15840,0,0,0,0,0,0,0,0,0,33359,0,0,0,0,977,0,0,0,0,0,0,0,0,0,15840,0,0,0,0,0,0,0,0,0,33359,0,0,0,0,977,0,0,0,0,0,0,0,0,0,15840,0,0,0,0,0,0,0,0,0,TCGA-GM-A2DH-DX1_xmin50963_ymin56303_MPP-0.2500+96
31152,3725,0,0,0,60,6555,0,0,0,0,0,0,0,0,8338,346,0,0,0,0,0,0,0,0,31169,3708,0,0,0,49,6566,0,0,0,0,0,0,0,0,8028,656,0,0,0,0,0,0,0,0,31394,3483,0,0,0,74,6541,0,0,0,0,0,0,0,0,7743,941,0,0,0,0,0,0,0,0,TCGA-GM-A2DH-DX1_xmin50963_ymin56303_MPP-0.2500+97
46216,0,0,0,0,0,0,0,0,0,0,0,0,0,0,3960,0,0,0,0,0,0,0,0,0,46216,0,0,0,0,0,0,0,0,0,0,0,0,0,0,3960,0,0,0,0,0,0,0,0,0,46216,0,0,0,0,0,0,0,0,0,0,0,0,0,0,3960,0,0,0,0,0,0,0,0,0,TCGA-GM-A2DH-DX1_xmin50963_ymin56303_MPP-0.2500+98
30778,0,0,0,0,0,0,0,0,0,0,0,0,0,0,19398,0,0,0,0,0,0,0,0,0,30778,0,0,0,0,0,0,0,0,0,0,0,0,0,0,19398,0,0,0,0,0,0,0,0,0,30778,0,0,0,0,0,0,0,0,0,0,0,0,0,0,19398,0,0,0,0,0,0,0,0,0,TCGA-GM-A2DH-DX1_xmin50963_ymin56303_MPP-0.2500+99
5189,393,0,0,0,11620,32974,0,0,0,0,0,0,0,0,0,0,0,0,0,0,0,0,0,0,5106,476,0,0,0,10082,34512,0,0,0,0,0,0,0,0,0,0,0,0,0,0,0,0,0,0,5142,440,0,0,0,9995,34599,0,0,0,0,0,0,0,0,0,0,0,0,0,0,0,0,0,0,TCGA-GM-A2DI-DX1_xmin22802_ymin51060_MPP-0.2500+0
27183,5487,0,0,0,0,2447,0,0,0,0,0,0,0,0,0,0,0,0,0,0,0,0,0,15059,26899,5771,0,0,0,0,2447,0,0,0,0,0,0,0,0,0,0,0,0,0,0,0,0,0,15059,26698,5972,0,0,0,0,2447,0,0,0,0,0,0,0,0,0,0,0,0,0,0,0,0,0,15059,TCGA-GM-A2DI-DX1_xmin22802_ymin51060_MPP-0.2500+1
18010,0,0,0,0,32166,0,0,0,0,0,0,0,0,0,0,0,0,0,0,0,0,0,0,0,18010,0,0,0,0,32166,0,0,0,0,0,0,0,0,0,0,0,0,0,0,0,0,0,0,0,18010,0,0,0,0,32166,0,0,0,0,0,0,0,0,0,0,0,0,0,0,0,0,0,0,0,TCGA-GM-A2DI-DX1_xmin22802_ymin51060_MPP-0.2500+10
30097,0,0,0,0,12016,0,0,0,0,0,0,0,0,0,0,0,0,0,0,0,0,0,0,8063,30097,0,0,0,0,12016,0,0,0,0,0,0,0,0,0,0,0,0,0,0,0,0,0,0,8063,30097,0,0,0,0,12016,0,0,0,0,0,0,0,0,0,0,0,0,0,0,0,0,0,0,8063,TCGA-GM-A2DI-DX1_xmin22802_ymin51060_MPP-0.2500+11
19117,5276,0,0,0,14886,10897,0,0,0,0,0,0,0,0,0,0,0,0,0,0,0,0,0,0,18867,5526,0,0,0,14529,11254,0,0,0,0,0,0,0,0,0,0,0,0,0,0,0,0,0,0,18732,5661,0,0,0,14252,11531,0,0,0,0,0,0,0,0,0,0,0,0,0,0,0,0,0,0,TCGA-GM-A2DI-DX1_xmin22802_ymin51060_MPP-0.2500+12
14619,2459,0,0,0,17530,15568,0,0,0,0,0,0,0,0,0,0,0,0,0,0,0,0,0,0,14687,2391,0,0,0,17341,15757,0,0,0,0,0,0,0,0,0,0,0,0,0,0,0,0,0,0,14777,2301,0,0,0,16808,16290,0,0,0,0,0,0,0,0,0,0,0,0,0,0,0,0,0,0,TCGA-GM-A2DI-DX1_xmin22802_ymin51060_MPP-0.2500+13
18441,5528,0,0,0,4286,13310,0,0,0,0,0,0,0,0,0,0,0,0,0,0,0,0,0,8611,17839,6130,0,0,0,3742,13854,0,0,0,0,0,0,0,0,0,0,0,0,0,0,0,0,0,8611,17849,6120,0,0,0,3666,13930,0,0,0,0,0,0,0,0,0,0,0,0,0,0,0,0,0,8611,TCGA-GM-A2DI-DX1_xmin22802_ymin51060_MPP-0.2500+14
5766,189,0,0,0,17662,26559,0,0,0,0,0,0,0,0,0,0,0,0,0,0,0,0,0,0,5727,228,0,0,0,17551,26670,0,0,0,0,0,0,0,0,0,0,0,0,0,0,0,0,0,0,5707,248,0,0,0,17523,26698,0,0,0,0,0,0,0,0,0,0,0,0,0,0,0,0,0,0,TCGA-GM-A2DI-DX1_xmin22802_ymin51060_MPP-0.2500+15
13808,2223,0,0,0,8434,25711,0,0,0,0,0,0,0,0,0,0,0,0,0,0,0,0,0,0,13741,2290,0,0,0,7214,26931,0,0,0,0,0,0,0,0,0,0,0,0,0,0,0,0,0,0,13863,2168,0,0,0,6949,27196,0,0,0,0,0,0,0,0,0,0,0,0,0,0,0,0,0,0,TCGA-GM-A2DI-DX1_xmin22802_ymin51060_MPP-0.2500+16
19552,6020,0,0,0,2961,18755,0,0,0,0,0,0,0,0,0,0,0,0,0,0,0,0,0,2888,19500,6072,0,0,0,2870,18846,0,0,0,0,0,0,0,0,0,0,0,0,0,0,0,0,0,2888,19430,6142,0,0,0,2806,18910,0,0,0,0,0,0,0,0,0,0,0,0,0,0,0,0,0,2888,TCGA-GM-A2DI-DX1_xmin22802_ymin51060_MPP-0.2500+17
19990,743,0,0,0,15523,13793,0,0,0,0,0,0,0,0,0,0,0,0,0,0,0,0,0,127,19951,782,0,0,0,14910,14406,0,0,0,0,0,0,0,0,0,0,0,0,0,0,0,0,0,127,19882,851,0,0,0,14851,14465,0,0,0,0,0,0,0,0,0,0,0,0,0,0,0,0,0,127,TCGA-GM-A2DI-DX1_xmin22802_ymin51060_MPP-0.2500+18
10028,5905,0,0,0,9708,24495,0,0,0,0,0,0,0,0,0,0,0,0,0,0,0,0,0,40,9447,6486,0,0,0,8320,25883,0,0,0,0,0,0,0,0,0,0,0,0,0,0,0,0,0,40,9350,6583,0,0,0,7551,26652,0,0,0,0,0,0,0,0,0,0,0,0,0,0,0,0,0,40,TCGA-GM-A2DI-DX1_xmin22802_ymin51060_MPP-0.2500+19
34311,5332,0,0,0,0,5171,0,0,0,0,0,0,0,0,0,0,0,0,0,0,0,0,0,5362,34477,5166,0,0,0,0,5171,0,0,0,0,0,0,0,0,0,0,0,0,0,0,0,0,0,5362,34366,5277,0,0,0,0,5171,0,0,0,0,0,0,0,0,0,0,0,0,0,0,0,0,0,5362,TCGA-GM-A2DI-DX1_xmin22802_ymin51060_MPP-0.2500+2
14643,4975,0,0,0,14712,15846,0,0,0,0,0,0,0,0,0,0,0,0,0,0,0,0,0,0,15192,4426,0,0,0,15201,15357,0,0,0,0,0,0,0,0,0,0,0,0,0,0,0,0,0,0,14901,4717,0,0,0,13650,16908,0,0,0,0,0,0,0,0,0,0,0,0,0,0,0,0,0,0,TCGA-GM-A2DI-DX1_xmin22802_ymin51060_MPP-0.2500+20
11964,335,0,0,0,3802,34075,0,0,0,0,0,0,0,0,0,0,0,0,0,0,0,0,0,0,11955,344,0,0,0,3638,34239,0,0,0,0,0,0,0,0,0,0,0,0,0,0,0,0,0,0,11958,341,0,0,0,3626,34251,0,0,0,0,0,0,0,0,0,0,0,0,0,0,0,0,0,0,TCGA-GM-A2DI-DX1_xmin22802_ymin51060_MPP-0.2500+21
9347,2953,0,0,0,10553,27323,0,0,0,0,0,0,0,0,0,0,0,0,0,0,0,0,0,0,9516,2784,0,0,0,10061,27815,0,0,0,0,0,0,0,0,0,0,0,0,0,0,0,0,0,0,9671,2629,0,0,0,10272,27604,0,0,0,0,0,0,0,0,0,0,0,0,0,0,0,0,0,0,TCGA-GM-A2DI-DX1_xmin22802_ymin51060_MPP-0.2500+22
19088,5201,0,0,0,13648,12239,0,0,0,0,0,0,0,0,0,0,0,0,0,0,0,0,0,0,18956,5333,0,0,0,12616,13271,0,0,0,0,0,0,0,0,0,0,0,0,0,0,0,0,0,0,18915,5374,0,0,0,11914,13973,0,0,0,0,0,0,0,0,0,0,0,0,0,0,0,0,0,0,TCGA-GM-A2DI-DX1_xmin22802_ymin51060_MPP-0.2500+23
2596,917,0,0,0,9430,37233,0,0,0,0,0,0,0,0,0,0,0,0,0,0,0,0,0,0,2647,866,0,0,0,9066,37597,0,0,0,0,0,0,0,0,0,0,0,0,0,0,0,0,0,0,2871,642,0,0,0,9189,37474,0,0,0,0,0,0,0,0,0,0,0,0,0,0,0,0,0,0,TCGA-GM-A2DI-DX1_xmin22802_ymin51060_MPP-0.2500+24
0,1664,0,0,0,0,48512,0,0,0,0,0,0,0,0,0,0,0,0,0,0,0,0,0,0,0,1664,0,0,0,0,48512,0,0,0,0,0,0,0,0,0,0,0,0,0,0,0,0,0,0,0,1664,0,0,0,0,48512,0,0,0,0,0,0,0,0,0,0,0,0,0,0,0,0,0,0,TCGA-GM-A2DI-DX1_xmin22802_ymin51060_MPP-0.2500+25
4517,925,0,0,0,13563,31027,0,0,0,0,0,0,0,0,0,0,0,0,0,0,0,0,0,144,4460,982,0,0,0,13260,31330,0,0,0,0,0,0,0,0,0,0,0,0,0,0,0,0,0,144,4644,798,0,0,0,13892,30698,0,0,0,0,0,0,0,0,0,0,0,0,0,0,0,0,0,144,TCGA-GM-A2DI-DX1_xmin22802_ymin51060_MPP-0.2500+26
6213,2369,0,0,0,7765,33829,0,0,0,0,0,0,0,0,0,0,0,0,0,0,0,0,0,0,6260,2322,0,0,0,7662,33932,0,0,0,0,0,0,0,0,0,0,0,0,0,0,0,0,0,0,6428,2154,0,0,0,7625,33969,0,0,0,0,0,0,0,0,0,0,0,0,0,0,0,0,0,0,TCGA-GM-A2DI-DX1_xmin22802_ymin51060_MPP-0.2500+3
17060,2252,0,0,0,9,3314,0,0,0,0,0,0,0,0,0,0,0,0,0,0,0,0,0,27541,17020,2292,0,0,0,5,3318,0,0,0,0,0,0,0,0,0,0,0,0,0,0,0,0,0,27541,16935,2377,0,0,0,5,3318,0,0,0,0,0,0,0,0,0,0,0,0,0,0,0,0,0,27541,TCGA-GM-A2DI-DX1_xmin22802_ymin51060_MPP-0.2500+4
25276,328,0,0,0,0,0,0,0,0,0,0,0,0,0,0,0,0,0,0,0,0,0,0,24572,25254,350,0,0,0,0,0,0,0,0,0,0,0,0,0,0,0,0,0,0,0,0,0,0,24572,25234,370,0,0,0,0,0,0,0,0,0,0,0,0,0,0,0,0,0,0,0,0,0,0,24572,TCGA-GM-A2DI-DX1_xmin22802_ymin51060_MPP-0.2500+5
16663,4743,0,0,0,11549,17221,0,0,0,0,0,0,0,0,0,0,0,0,0,0,0,0,0,0,16584,4822,0,0,0,10475,18295,0,0,0,0,0,0,0,0,0,0,0,0,0,0,0,0,0,0,16693,4713,0,0,0,10362,18408,0,0,0,0,0,0,0,0,0,0,0,0,0,0,0,0,0,0,TCGA-GM-A2DI-DX1_xmin22802_ymin51060_MPP-0.2500+6
9649,8622,0,0,0,5794,26071,0,0,0,0,0,0,0,0,0,0,0,0,0,0,0,0,0,40,9473,8798,0,0,0,5158,26707,0,0,0,0,0,0,0,0,0,0,0,0,0,0,0,0,0,40,9446,8825,0,0,0,5111,26754,0,0,0,0,0,0,0,0,0,0,0,0,0,0,0,0,0,40,TCGA-GM-A2DI-DX1_xmin22802_ymin51060_MPP-0.2500+7
24186,8609,0,0,0,2352,3645,0,0,0,0,0,0,0,0,0,0,0,0,0,0,0,0,0,11384,22968,9827,0,0,0,2234,3763,0,0,0,0,0,0,0,0,0,0,0,0,0,0,0,0,0,11384,22845,9950,0,0,0,2416,3581,0,0,0,0,0,0,0,0,0,0,0,0,0,0,0,0,0,11384,TCGA-GM-A2DI-DX1_xmin22802_ymin51060_MPP-0.2500+8
22137,1967,0,0,0,10836,14936,0,0,0,0,0,0,0,0,0,0,0,0,0,0,0,0,0,300,22266,1838,0,0,0,10693,15079,0,0,0,0,0,0,0,0,0,0,0,0,0,0,0,0,0,300,21055,3049,0,0,0,8884,16888,0,0,0,0,0,0,0,0,0,0,0,0,0,0,0,0,0,300,TCGA-GM-A2DI-DX1_xmin22802_ymin51060_MPP-0.2500+9
0,0,0,0,0,0,0,0,0,0,0,0,0,0,0,0,0,0,50176,0,0,0,0,0,0,0,0,0,0,0,0,0,0,0,0,0,0,0,0,0,0,0,0,50176,0,0,0,0,0,0,0,0,0,0,0,0,0,0,0,0,0,0,0,0,0,0,0,0,50176,0,0,0,0,0,0,TCGA-GM-A3XL-DX1_xmin29910_ymin15820_MPP-0.2500+0
0,0,0,0,0,0,0,0,0,0,0,0,0,0,0,16,0,0,50160,0,0,0,0,0,0,0,0,0,0,0,0,0,0,0,0,0,0,0,0,0,16,0,0,50160,0,0,0,0,0,0,0,0,0,0,0,0,0,0,0,0,0,0,0,0,0,16,0,0,50160,0,0,0,0,0,0,TCGA-GM-A3XL-DX1_xmin29910_ymin15820_MPP-0.2500+1
0,0,0,0,0,0,0,0,0,0,0,0,0,0,0,0,0,0,50176,0,0,0,0,0,0,0,0,0,0,0,0,0,0,0,0,0,0,0,0,0,0,0,0,50176,0,0,0,0,0,0,0,0,0,0,0,0,0,0,0,0,0,0,0,0,0,0,0,0,50176,0,0,0,0,0,0,TCGA-GM-A3XL-DX1_xmin29910_ymin15820_MPP-0.2500+10
33954,3950,0,0,0,1544,10728,0,0,0,0,0,0,0,0,0,0,0,0,0,0,0,0,0,0,34201,3703,0,0,0,1585,10687,0,0,0,0,0,0,0,0,0,0,0,0,0,0,0,0,0,0,34025,3879,0,0,0,1607,10665,0,0,0,0,0,0,0,0,0,0,0,0,0,0,0,0,0,0,TCGA-GM-A3XL-DX1_xmin29910_ymin15820_MPP-0.2500+100
50176,0,0,0,0,0,0,0,0,0,0,0,0,0,0,0,0,0,0,0,0,0,0,0,0,50176,0,0,0,0,0,0,0,0,0,0,0,0,0,0,0,0,0,0,0,0,0,0,0,0,50176,0,0,0,0,0,0,0,0,0,0,0,0,0,0,0,0,0,0,0,0,0,0,0,0,TCGA-GM-A3XL-DX1_xmin29910_ymin15820_MPP-0.2500+101
50176,0,0,0,0,0,0,0,0,0,0,0,0,0,0,0,0,0,0,0,0,0,0,0,0,50176,0,0,0,0,0,0,0,0,0,0,0,0,0,0,0,0,0,0,0,0,0,0,0,0,50176,0,0,0,0,0,0,0,0,0,0,0,0,0,0,0,0,0,0,0,0,0,0,0,0,TCGA-GM-A3XL-DX1_xmin29910_ymin15820_MPP-0.2500+102
50176,0,0,0,0,0,0,0,0,0,0,0,0,0,0,0,0,0,0,0,0,0,0,0,0,50176,0,0,0,0,0,0,0,0,0,0,0,0,0,0,0,0,0,0,0,0,0,0,0,0,50176,0,0,0,0,0,0,0,0,0,0,0,0,0,0,0,0,0,0,0,0,0,0,0,0,TCGA-GM-A3XL-DX1_xmin29910_ymin15820_MPP-0.2500+103
50176,0,0,0,0,0,0,0,0,0,0,0,0,0,0,0,0,0,0,0,0,0,0,0,0,50176,0,0,0,0,0,0,0,0,0,0,0,0,0,0,0,0,0,0,0,0,0,0,0,0,50176,0,0,0,0,0,0,0,0,0,0,0,0,0,0,0,0,0,0,0,0,0,0,0,0,TCGA-GM-A3XL-DX1_xmin29910_ymin15820_MPP-0.2500+104
50176,0,0,0,0,0,0,0,0,0,0,0,0,0,0,0,0,0,0,0,0,0,0,0,0,50176,0,0,0,0,0,0,0,0,0,0,0,0,0,0,0,0,0,0,0,0,0,0,0,0,50176,0,0,0,0,0,0,0,0,0,0,0,0,0,0,0,0,0,0,0,0,0,0,0,0,TCGA-GM-A3XL-DX1_xmin29910_ymin15820_MPP-0.2500+105
50176,0,0,0,0,0,0,0,0,0,0,0,0,0,0,0,0,0,0,0,0,0,0,0,0,50176,0,0,0,0,0,0,0,0,0,0,0,0,0,0,0,0,0,0,0,0,0,0,0,0,50176,0,0,0,0,0,0,0,0,0,0,0,0,0,0,0,0,0,0,0,0,0,0,0,0,TCGA-GM-A3XL-DX1_xmin29910_ymin15820_MPP-0.2500+106
50176,0,0,0,0,0,0,0,0,0,0,0,0,0,0,0,0,0,0,0,0,0,0,0,0,50176,0,0,0,0,0,0,0,0,0,0,0,0,0,0,0,0,0,0,0,0,0,0,0,0,50176,0,0,0,0,0,0,0,0,0,0,0,0,0,0,0,0,0,0,0,0,0,0,0,0,TCGA-GM-A3XL-DX1_xmin29910_ymin15820_MPP-0.2500+107
50176,0,0,0,0,0,0,0,0,0,0,0,0,0,0,0,0,0,0,0,0,0,0,0,0,50176,0,0,0,0,0,0,0,0,0,0,0,0,0,0,0,0,0,0,0,0,0,0,0,0,50176,0,0,0,0,0,0,0,0,0,0,0,0,0,0,0,0,0,0,0,0,0,0,0,0,TCGA-GM-A3XL-DX1_xmin29910_ymin15820_MPP-0.2500+108
18408,721,0,0,0,12219,18828,0,0,0,0,0,0,0,0,0,0,0,0,0,0,0,0,0,0,18315,814,0,0,0,12439,18608,0,0,0,0,0,0,0,0,0,0,0,0,0,0,0,0,0,0,18230,899,0,0,0,12392,18655,0,0,0,0,0,0,0,0,0,0,0,0,0,0,0,0,0,0,TCGA-GM-A3XL-DX1_xmin29910_ymin15820_MPP-0.2500+109
263,0,0,856,0,0,0,0,36,0,0,0,0,0,0,9,0,0,49012,0,0,0,0,0,0,167,0,0,952,0,0,0,0,36,0,0,0,0,0,0,9,0,0,49012,0,0,0,0,0,0,167,0,0,952,0,0,0,0,36,0,0,0,0,0,0,9,0,0,49012,0,0,0,0,0,0,TCGA-GM-A3XL-DX1_xmin29910_ymin15820_MPP-0.2500+11
50176,0,0,0,0,0,0,0,0,0,0,0,0,0,0,0,0,0,0,0,0,0,0,0,0,50176,0,0,0,0,0,0,0,0,0,0,0,0,0,0,0,0,0,0,0,0,0,0,0,0,50176,0,0,0,0,0,0,0,0,0,0,0,0,0,0,0,0,0,0,0,0,0,0,0,0,TCGA-GM-A3XL-DX1_xmin29910_ymin15820_MPP-0.2500+110
48730,0,0,0,0,1446,0,0,0,0,0,0,0,0,0,0,0,0,0,0,0,0,0,0,0,48730,0,0,0,0,1446,0,0,0,0,0,0,0,0,0,0,0,0,0,0,0,0,0,0,0,48730,0,0,0,0,1446,0,0,0,0,0,0,0,0,0,0,0,0,0,0,0,0,0,0,0,TCGA-GM-A3XL-DX1_xmin29910_ymin15820_MPP-0.2500+111
48178,0,0,0,0,1998,0,0,0,0,0,0,0,0,0,0,0,0,0,0,0,0,0,0,0,48178,0,0,0,0,1998,0,0,0,0,0,0,0,0,0,0,0,0,0,0,0,0,0,0,0,48178,0,0,0,0,1998,0,0,0,0,0,0,0,0,0,0,0,0,0,0,0,0,0,0,0,TCGA-GM-A3XL-DX1_xmin29910_ymin15820_MPP-0.2500+112
25426,0,0,0,0,22227,0,0,0,0,0,0,0,0,0,0,0,0,0,0,0,0,0,0,2523,25426,0,0,0,0,22227,0,0,0,0,0,0,0,0,0,0,0,0,0,0,0,0,0,0,2523,25426,0,0,0,0,22227,0,0,0,0,0,0,0,0,0,0,0,0,0,0,0,0,0,0,2523,TCGA-GM-A3XL-DX1_xmin29910_ymin15820_MPP-0.2500+113
9559,790,0,0,0,0,7961,0,0,0,0,0,0,0,0,0,0,0,0,0,0,0,0,0,31866,9602,747,0,0,0,0,7961,0,0,0,0,0,0,0,0,0,0,0,0,0,0,0,0,0,31866,9614,735,0,0,0,0,7961,0,0,0,0,0,0,0,0,0,0,0,0,0,0,0,0,0,31866,TCGA-GM-A3XL-DX1_xmin29910_ymin15820_MPP-0.2500+114
46569,0,0,0,0,0,0,0,0,0,0,0,0,0,0,0,0,0,0,0,0,0,0,0,3607,46569,0,0,0,0,0,0,0,0,0,0,0,0,0,0,0,0,0,0,0,0,0,0,0,3607,46569,0,0,0,0,0,0,0,0,0,0,0,0,0,0,0,0,0,0,0,0,0,0,0,3607,TCGA-GM-A3XL-DX1_xmin29910_ymin15820_MPP-0.2500+115
50176,0,0,0,0,0,0,0,0,0,0,0,0,0,0,0,0,0,0,0,0,0,0,0,0,50176,0,0,0,0,0,0,0,0,0,0,0,0,0,0,0,0,0,0,0,0,0,0,0,0,50176,0,0,0,0,0,0,0,0,0,0,0,0,0,0,0,0,0,0,0,0,0,0,0,0,TCGA-GM-A3XL-DX1_xmin29910_ymin15820_MPP-0.2500+116
50176,0,0,0,0,0,0,0,0,0,0,0,0,0,0,0,0,0,0,0,0,0,0,0,0,50176,0,0,0,0,0,0,0,0,0,0,0,0,0,0,0,0,0,0,0,0,0,0,0,0,50176,0,0,0,0,0,0,0,0,0,0,0,0,0,0,0,0,0,0,0,0,0,0,0,0,TCGA-GM-A3XL-DX1_xmin29910_ymin15820_MPP-0.2500+117
50176,0,0,0,0,0,0,0,0,0,0,0,0,0,0,0,0,0,0,0,0,0,0,0,0,50176,0,0,0,0,0,0,0,0,0,0,0,0,0,0,0,0,0,0,0,0,0,0,0,0,50176,0,0,0,0,0,0,0,0,0,0,0,0,0,0,0,0,0,0,0,0,0,0,0,0,TCGA-GM-A3XL-DX1_xmin29910_ymin15820_MPP-0.2500+118
50176,0,0,0,0,0,0,0,0,0,0,0,0,0,0,0,0,0,0,0,0,0,0,0,0,50176,0,0,0,0,0,0,0,0,0,0,0,0,0,0,0,0,0,0,0,0,0,0,0,0,50176,0,0,0,0,0,0,0,0,0,0,0,0,0,0,0,0,0,0,0,0,0,0,0,0,TCGA-GM-A3XL-DX1_xmin29910_ymin15820_MPP-0.2500+119
49131,0,0,0,0,0,0,0,0,0,0,0,0,0,0,1045,0,0,0,0,0,0,0,0,0,49131,0,0,0,0,0,0,0,0,0,0,0,0,0,0,1045,0,0,0,0,0,0,0,0,0,49131,0,0,0,0,0,0,0,0,0,0,0,0,0,0,1045,0,0,0,0,0,0,0,0,0,TCGA-GM-A3XL-DX1_xmin29910_ymin15820_MPP-0.2500+12
49337,0,0,0,0,839,0,0,0,0,0,0,0,0,0,0,0,0,0,0,0,0,0,0,0,49337,0,0,0,0,839,0,0,0,0,0,0,0,0,0,0,0,0,0,0,0,0,0,0,0,49337,0,0,0,0,839,0,0,0,0,0,0,0,0,0,0,0,0,0,0,0,0,0,0,0,TCGA-GM-A3XL-DX1_xmin29910_ymin15820_MPP-0.2500+120
35576,0,0,0,0,14600,0,0,0,0,0,0,0,0,0,0,0,0,0,0,0,0,0,0,0,35576,0,0,0,0,14600,0,0,0,0,0,0,0,0,0,0,0,0,0,0,0,0,0,0,0,35576,0,0,0,0,14600,0,0,0,0,0,0,0,0,0,0,0,0,0,0,0,0,0,0,0,TCGA-GM-A3XL-DX1_xmin29910_ymin15820_MPP-0.2500+121
50176,0,0,0,0,0,0,0,0,0,0,0,0,0,0,0,0,0,0,0,0,0,0,0,0,50176,0,0,0,0,0,0,0,0,0,0,0,0,0,0,0,0,0,0,0,0,0,0,0,0,50176,0,0,0,0,0,0,0,0,0,0,0,0,0,0,0,0,0,0,0,0,0,0,0,0,TCGA-GM-A3XL-DX1_xmin29910_ymin15820_MPP-0.2500+122
50176,0,0,0,0,0,0,0,0,0,0,0,0,0,0,0,0,0,0,0,0,0,0,0,0,50176,0,0,0,0,0,0,0,0,0,0,0,0,0,0,0,0,0,0,0,0,0,0,0,0,50176,0,0,0,0,0,0,0,0,0,0,0,0,0,0,0,0,0,0,0,0,0,0,0,0,TCGA-GM-A3XL-DX1_xmin29910_ymin15820_MPP-0.2500+123
50176,0,0,0,0,0,0,0,0,0,0,0,0,0,0,0,0,0,0,0,0,0,0,0,0,50176,0,0,0,0,0,0,0,0,0,0,0,0,0,0,0,0,0,0,0,0,0,0,0,0,50176,0,0,0,0,0,0,0,0,0,0,0,0,0,0,0,0,0,0,0,0,0,0,0,0,TCGA-GM-A3XL-DX1_xmin29910_ymin15820_MPP-0.2500+124
25126,1,0,0,0,4146,20903,0,0,0,0,0,0,0,0,0,0,0,0,0,0,0,0,0,0,25125,2,0,0,0,4300,20749,0,0,0,0,0,0,0,0,0,0,0,0,0,0,0,0,0,0,25052,75,0,0,0,3907,21142,0,0,0,0,0,0,0,0,0,0,0,0,0,0,0,0,0,0,TCGA-GM-A3XL-DX1_xmin29910_ymin15820_MPP-0.2500+125
0,0,0,0,0,0,47017,0,0,0,0,0,0,0,0,0,0,0,0,0,0,0,0,0,3159,0,0,0,0,0,0,47017,0,0,0,0,0,0,0,0,0,0,0,0,0,0,0,0,0,3159,0,0,0,0,0,0,47017,0,0,0,0,0,0,0,0,0,0,0,0,0,0,0,0,0,3159,TCGA-GM-A3XL-DX1_xmin29910_ymin15820_MPP-0.2500+126
9583,1402,0,0,0,0,17108,0,0,0,0,0,0,0,0,0,0,0,0,0,0,0,0,0,22083,9548,1437,0,0,0,0,17108,0,0,0,0,0,0,0,0,0,0,0,0,0,0,0,0,0,22083,9594,1391,0,0,0,0,17108,0,0,0,0,0,0,0,0,0,0,0,0,0,0,0,0,0,22083,TCGA-GM-A3XL-DX1_xmin29910_ymin15820_MPP-0.2500+127
49783,0,0,0,0,347,0,0,0,0,0,0,0,0,0,0,0,0,0,0,0,0,0,0,46,49783,0,0,0,0,347,0,0,0,0,0,0,0,0,0,0,0,0,0,0,0,0,0,0,46,49783,0,0,0,0,347,0,0,0,0,0,0,0,0,0,0,0,0,0,0,0,0,0,0,46,TCGA-GM-A3XL-DX1_xmin29910_ymin15820_MPP-0.2500+128
50176,0,0,0,0,0,0,0,0,0,0,0,0,0,0,0,0,0,0,0,0,0,0,0,0,50176,0,0,0,0,0,0,0,0,0,0,0,0,0,0,0,0,0,0,0,0,0,0,0,0,50176,0,0,0,0,0,0,0,0,0,0,0,0,0,0,0,0,0,0,0,0,0,0,0,0,TCGA-GM-A3XL-DX1_xmin29910_ymin15820_MPP-0.2500+129
50176,0,0,0,0,0,0,0,0,0,0,0,0,0,0,0,0,0,0,0,0,0,0,0,0,50176,0,0,0,0,0,0,0,0,0,0,0,0,0,0,0,0,0,0,0,0,0,0,0,0,50176,0,0,0,0,0,0,0,0,0,0,0,0,0,0,0,0,0,0,0,0,0,0,0,0,TCGA-GM-A3XL-DX1_xmin29910_ymin15820_MPP-0.2500+13
50176,0,0,0,0,0,0,0,0,0,0,0,0,0,0,0,0,0,0,0,0,0,0,0,0,50176,0,0,0,0,0,0,0,0,0,0,0,0,0,0,0,0,0,0,0,0,0,0,0,0,50176,0,0,0,0,0,0,0,0,0,0,0,0,0,0,0,0,0,0,0,0,0,0,0,0,TCGA-GM-A3XL-DX1_xmin29910_ymin15820_MPP-0.2500+130
50176,0,0,0,0,0,0,0,0,0,0,0,0,0,0,0,0,0,0,0,0,0,0,0,0,50176,0,0,0,0,0,0,0,0,0,0,0,0,0,0,0,0,0,0,0,0,0,0,0,0,50176,0,0,0,0,0,0,0,0,0,0,0,0,0,0,0,0,0,0,0,0,0,0,0,0,TCGA-GM-A3XL-DX1_xmin29910_ymin15820_MPP-0.2500+131
50176,0,0,0,0,0,0,0,0,0,0,0,0,0,0,0,0,0,0,0,0,0,0,0,0,50176,0,0,0,0,0,0,0,0,0,0,0,0,0,0,0,0,0,0,0,0,0,0,0,0,50176,0,0,0,0,0,0,0,0,0,0,0,0,0,0,0,0,0,0,0,0,0,0,0,0,TCGA-GM-A3XL-DX1_xmin29910_ymin15820_MPP-0.2500+132
50176,0,0,0,0,0,0,0,0,0,0,0,0,0,0,0,0,0,0,0,0,0,0,0,0,50176,0,0,0,0,0,0,0,0,0,0,0,0,0,0,0,0,0,0,0,0,0,0,0,0,50176,0,0,0,0,0,0,0,0,0,0,0,0,0,0,0,0,0,0,0,0,0,0,0,0,TCGA-GM-A3XL-DX1_xmin29910_ymin15820_MPP-0.2500+133
50176,0,0,0,0,0,0,0,0,0,0,0,0,0,0,0,0,0,0,0,0,0,0,0,0,50176,0,0,0,0,0,0,0,0,0,0,0,0,0,0,0,0,0,0,0,0,0,0,0,0,50176,0,0,0,0,0,0,0,0,0,0,0,0,0,0,0,0,0,0,0,0,0,0,0,0,TCGA-GM-A3XL-DX1_xmin29910_ymin15820_MPP-0.2500+134
50176,0,0,0,0,0,0,0,0,0,0,0,0,0,0,0,0,0,0,0,0,0,0,0,0,50176,0,0,0,0,0,0,0,0,0,0,0,0,0,0,0,0,0,0,0,0,0,0,0,0,50176,0,0,0,0,0,0,0,0,0,0,0,0,0,0,0,0,0,0,0,0,0,0,0,0,TCGA-GM-A3XL-DX1_xmin29910_ymin15820_MPP-0.2500+135
50176,0,0,0,0,0,0,0,0,0,0,0,0,0,0,0,0,0,0,0,0,0,0,0,0,50176,0,0,0,0,0,0,0,0,0,0,0,0,0,0,0,0,0,0,0,0,0,0,0,0,50176,0,0,0,0,0,0,0,0,0,0,0,0,0,0,0,0,0,0,0,0,0,0,0,0,TCGA-GM-A3XL-DX1_xmin29910_ymin15820_MPP-0.2500+136
40177,0,0,0,0,9999,0,0,0,0,0,0,0,0,0,0,0,0,0,0,0,0,0,0,0,40177,0,0,0,0,9999,0,0,0,0,0,0,0,0,0,0,0,0,0,0,0,0,0,0,0,40177,0,0,0,0,9999,0,0,0,0,0,0,0,0,0,0,0,0,0,0,0,0,0,0,0,TCGA-GM-A3XL-DX1_xmin29910_ymin15820_MPP-0.2500+137
33194,1971,0,0,0,1781,13230,0,0,0,0,0,0,0,0,0,0,0,0,0,0,0,0,0,0,33219,1946,0,0,0,1921,13090,0,0,0,0,0,0,0,0,0,0,0,0,0,0,0,0,0,0,32750,2415,0,0,0,1869,13142,0,0,0,0,0,0,0,0,0,0,0,0,0,0,0,0,0,0,TCGA-GM-A3XL-DX1_xmin29910_ymin15820_MPP-0.2500+138
31898,1375,0,0,0,900,16003,0,0,0,0,0,0,0,0,0,0,0,0,0,0,0,0,0,0,31894,1379,0,0,0,848,16055,0,0,0,0,0,0,0,0,0,0,0,0,0,0,0,0,0,0,31808,1465,0,0,0,802,16101,0,0,0,0,0,0,0,0,0,0,0,0,0,0,0,0,0,0,TCGA-GM-A3XL-DX1_xmin29910_ymin15820_MPP-0.2500+139
50176,0,0,0,0,0,0,0,0,0,0,0,0,0,0,0,0,0,0,0,0,0,0,0,0,50176,0,0,0,0,0,0,0,0,0,0,0,0,0,0,0,0,0,0,0,0,0,0,0,0,50176,0,0,0,0,0,0,0,0,0,0,0,0,0,0,0,0,0,0,0,0,0,0,0,0,TCGA-GM-A3XL-DX1_xmin29910_ymin15820_MPP-0.2500+14
18445,10475,0,0,0,3774,17482,0,0,0,0,0,0,0,0,0,0,0,0,0,0,0,0,0,0,18608,10312,0,0,0,3862,17394,0,0,0,0,0,0,0,0,0,0,0,0,0,0,0,0,0,0,18488,10432,0,0,0,3850,17406,0,0,0,0,0,0,0,0,0,0,0,0,0,0,0,0,0,0,TCGA-GM-A3XL-DX1_xmin29910_ymin15820_MPP-0.2500+140
48574,0,0,0,0,1602,0,0,0,0,0,0,0,0,0,0,0,0,0,0,0,0,0,0,0,48574,0,0,0,0,1602,0,0,0,0,0,0,0,0,0,0,0,0,0,0,0,0,0,0,0,48574,0,0,0,0,1602,0,0,0,0,0,0,0,0,0,0,0,0,0,0,0,0,0,0,0,TCGA-GM-A3XL-DX1_xmin29910_ymin15820_MPP-0.2500+141
50176,0,0,0,0,0,0,0,0,0,0,0,0,0,0,0,0,0,0,0,0,0,0,0,0,50176,0,0,0,0,0,0,0,0,0,0,0,0,0,0,0,0,0,0,0,0,0,0,0,0,50176,0,0,0,0,0,0,0,0,0,0,0,0,0,0,0,0,0,0,0,0,0,0,0,0,TCGA-GM-A3XL-DX1_xmin29910_ymin15820_MPP-0.2500+142
50176,0,0,0,0,0,0,0,0,0,0,0,0,0,0,0,0,0,0,0,0,0,0,0,0,50176,0,0,0,0,0,0,0,0,0,0,0,0,0,0,0,0,0,0,0,0,0,0,0,0,50176,0,0,0,0,0,0,0,0,0,0,0,0,0,0,0,0,0,0,0,0,0,0,0,0,TCGA-GM-A3XL-DX1_xmin29910_ymin15820_MPP-0.2500+143
46013,0,0,0,0,4163,0,0,0,0,0,0,0,0,0,0,0,0,0,0,0,0,0,0,0,46013,0,0,0,0,4163,0,0,0,0,0,0,0,0,0,0,0,0,0,0,0,0,0,0,0,46013,0,0,0,0,4163,0,0,0,0,0,0,0,0,0,0,0,0,0,0,0,0,0,0,0,TCGA-GM-A3XL-DX1_xmin29910_ymin15820_MPP-0.2500+144
50176,0,0,0,0,0,0,0,0,0,0,0,0,0,0,0,0,0,0,0,0,0,0,0,0,50176,0,0,0,0,0,0,0,0,0,0,0,0,0,0,0,0,0,0,0,0,0,0,0,0,50176,0,0,0,0,0,0,0,0,0,0,0,0,0,0,0,0,0,0,0,0,0,0,0,0,TCGA-GM-A3XL-DX1_xmin29910_ymin15820_MPP-0.2500+145
50176,0,0,0,0,0,0,0,0,0,0,0,0,0,0,0,0,0,0,0,0,0,0,0,0,50176,0,0,0,0,0,0,0,0,0,0,0,0,0,0,0,0,0,0,0,0,0,0,0,0,50176,0,0,0,0,0,0,0,0,0,0,0,0,0,0,0,0,0,0,0,0,0,0,0,0,TCGA-GM-A3XL-DX1_xmin29910_ymin15820_MPP-0.2500+146
50176,0,0,0,0,0,0,0,0,0,0,0,0,0,0,0,0,0,0,0,0,0,0,0,0,50176,0,0,0,0,0,0,0,0,0,0,0,0,0,0,0,0,0,0,0,0,0,0,0,0,50176,0,0,0,0,0,0,0,0,0,0,0,0,0,0,0,0,0,0,0,0,0,0,0,0,TCGA-GM-A3XL-DX1_xmin29910_ymin15820_MPP-0.2500+147
50176,0,0,0,0,0,0,0,0,0,0,0,0,0,0,0,0,0,0,0,0,0,0,0,0,50176,0,0,0,0,0,0,0,0,0,0,0,0,0,0,0,0,0,0,0,0,0,0,0,0,50176,0,0,0,0,0,0,0,0,0,0,0,0,0,0,0,0,0,0,0,0,0,0,0,0,TCGA-GM-A3XL-DX1_xmin29910_ymin15820_MPP-0.2500+148
50176,0,0,0,0,0,0,0,0,0,0,0,0,0,0,0,0,0,0,0,0,0,0,0,0,50176,0,0,0,0,0,0,0,0,0,0,0,0,0,0,0,0,0,0,0,0,0,0,0,0,50176,0,0,0,0,0,0,0,0,0,0,0,0,0,0,0,0,0,0,0,0,0,0,0,0,TCGA-GM-A3XL-DX1_xmin29910_ymin15820_MPP-0.2500+149
50176,0,0,0,0,0,0,0,0,0,0,0,0,0,0,0,0,0,0,0,0,0,0,0,0,50176,0,0,0,0,0,0,0,0,0,0,0,0,0,0,0,0,0,0,0,0,0,0,0,0,50176,0,0,0,0,0,0,0,0,0,0,0,0,0,0,0,0,0,0,0,0,0,0,0,0,TCGA-GM-A3XL-DX1_xmin29910_ymin15820_MPP-0.2500+15
50176,0,0,0,0,0,0,0,0,0,0,0,0,0,0,0,0,0,0,0,0,0,0,0,0,50176,0,0,0,0,0,0,0,0,0,0,0,0,0,0,0,0,0,0,0,0,0,0,0,0,50176,0,0,0,0,0,0,0,0,0,0,0,0,0,0,0,0,0,0,0,0,0,0,0,0,TCGA-GM-A3XL-DX1_xmin29910_ymin15820_MPP-0.2500+150
50176,0,0,0,0,0,0,0,0,0,0,0,0,0,0,0,0,0,0,0,0,0,0,0,0,50176,0,0,0,0,0,0,0,0,0,0,0,0,0,0,0,0,0,0,0,0,0,0,0,0,50176,0,0,0,0,0,0,0,0,0,0,0,0,0,0,0,0,0,0,0,0,0,0,0,0,TCGA-GM-A3XL-DX1_xmin29910_ymin15820_MPP-0.2500+151
32544,17632,0,0,0,0,0,0,0,0,0,0,0,0,0,0,0,0,0,0,0,0,0,0,0,32484,17692,0,0,0,0,0,0,0,0,0,0,0,0,0,0,0,0,0,0,0,0,0,0,0,32266,17910,0,0,0,0,0,0,0,0,0,0,0,0,0,0,0,0,0,0,0,0,0,0,0,TCGA-GM-A3XL-DX1_xmin29910_ymin15820_MPP-0.2500+152
17674,23029,0,0,0,1591,7882,0,0,0,0,0,0,0,0,0,0,0,0,0,0,0,0,0,0,18040,22663,0,0,0,1681,7792,0,0,0,0,0,0,0,0,0,0,0,0,0,0,0,0,0,0,18068,22635,0,0,0,1608,7865,0,0,0,0,0,0,0,0,0,0,0,0,0,0,0,0,0,0,TCGA-GM-A3XL-DX1_xmin29910_ymin15820_MPP-0.2500+153
50176,0,0,0,0,0,0,0,0,0,0,0,0,0,0,0,0,0,0,0,0,0,0,0,0,50176,0,0,0,0,0,0,0,0,0,0,0,0,0,0,0,0,0,0,0,0,0,0,0,0,50176,0,0,0,0,0,0,0,0,0,0,0,0,0,0,0,0,0,0,0,0,0,0,0,0,TCGA-GM-A3XL-DX1_xmin29910_ymin15820_MPP-0.2500+154
49351,0,0,0,0,825,0,0,0,0,0,0,0,0,0,0,0,0,0,0,0,0,0,0,0,49351,0,0,0,0,825,0,0,0,0,0,0,0,0,0,0,0,0,0,0,0,0,0,0,0,49351,0,0,0,0,825,0,0,0,0,0,0,0,0,0,0,0,0,0,0,0,0,0,0,0,TCGA-GM-A3XL-DX1_xmin29910_ymin15820_MPP-0.2500+155
5693,5026,0,0,0,1462,37995,0,0,0,0,0,0,0,0,0,0,0,0,0,0,0,0,0,0,5705,5014,0,0,0,2074,37383,0,0,0,0,0,0,0,0,0,0,0,0,0,0,0,0,0,0,5706,5013,0,0,0,2250,37207,0,0,0,0,0,0,0,0,0,0,0,0,0,0,0,0,0,0,TCGA-GM-A3XL-DX1_xmin29910_ymin15820_MPP-0.2500+156
18711,19257,0,0,0,0,12208,0,0,0,0,0,0,0,0,0,0,0,0,0,0,0,0,0,0,18902,19066,0,0,0,0,12208,0,0,0,0,0,0,0,0,0,0,0,0,0,0,0,0,0,0,18951,19017,0,0,0,0,12208,0,0,0,0,0,0,0,0,0,0,0,0,0,0,0,0,0,0,TCGA-GM-A3XL-DX1_xmin29910_ymin15820_MPP-0.2500+157
50176,0,0,0,0,0,0,0,0,0,0,0,0,0,0,0,0,0,0,0,0,0,0,0,0,50176,0,0,0,0,0,0,0,0,0,0,0,0,0,0,0,0,0,0,0,0,0,0,0,0,50176,0,0,0,0,0,0,0,0,0,0,0,0,0,0,0,0,0,0,0,0,0,0,0,0,TCGA-GM-A3XL-DX1_xmin29910_ymin15820_MPP-0.2500+158
50176,0,0,0,0,0,0,0,0,0,0,0,0,0,0,0,0,0,0,0,0,0,0,0,0,50176,0,0,0,0,0,0,0,0,0,0,0,0,0,0,0,0,0,0,0,0,0,0,0,0,50176,0,0,0,0,0,0,0,0,0,0,0,0,0,0,0,0,0,0,0,0,0,0,0,0,TCGA-GM-A3XL-DX1_xmin29910_ymin15820_MPP-0.2500+159
36078,0,0,0,0,235,0,0,0,0,0,0,0,0,0,0,0,0,0,0,0,0,0,0,13863,36078,0,0,0,0,235,0,0,0,0,0,0,0,0,0,0,0,0,0,0,0,0,0,0,13863,36078,0,0,0,0,235,0,0,0,0,0,0,0,0,0,0,0,0,0,0,0,0,0,0,13863,TCGA-GM-A3XL-DX1_xmin29910_ymin15820_MPP-0.2500+16
50176,0,0,0,0,0,0,0,0,0,0,0,0,0,0,0,0,0,0,0,0,0,0,0,0,50176,0,0,0,0,0,0,0,0,0,0,0,0,0,0,0,0,0,0,0,0,0,0,0,0,50176,0,0,0,0,0,0,0,0,0,0,0,0,0,0,0,0,0,0,0,0,0,0,0,0,TCGA-GM-A3XL-DX1_xmin29910_ymin15820_MPP-0.2500+160
50176,0,0,0,0,0,0,0,0,0,0,0,0,0,0,0,0,0,0,0,0,0,0,0,0,50176,0,0,0,0,0,0,0,0,0,0,0,0,0,0,0,0,0,0,0,0,0,0,0,0,50176,0,0,0,0,0,0,0,0,0,0,0,0,0,0,0,0,0,0,0,0,0,0,0,0,TCGA-GM-A3XL-DX1_xmin29910_ymin15820_MPP-0.2500+161
50176,0,0,0,0,0,0,0,0,0,0,0,0,0,0,0,0,0,0,0,0,0,0,0,0,50176,0,0,0,0,0,0,0,0,0,0,0,0,0,0,0,0,0,0,0,0,0,0,0,0,50176,0,0,0,0,0,0,0,0,0,0,0,0,0,0,0,0,0,0,0,0,0,0,0,0,TCGA-GM-A3XL-DX1_xmin29910_ymin15820_MPP-0.2500+162
50176,0,0,0,0,0,0,0,0,0,0,0,0,0,0,0,0,0,0,0,0,0,0,0,0,50176,0,0,0,0,0,0,0,0,0,0,0,0,0,0,0,0,0,0,0,0,0,0,0,0,50176,0,0,0,0,0,0,0,0,0,0,0,0,0,0,0,0,0,0,0,0,0,0,0,0,TCGA-GM-A3XL-DX1_xmin29910_ymin15820_MPP-0.2500+163
50176,0,0,0,0,0,0,0,0,0,0,0,0,0,0,0,0,0,0,0,0,0,0,0,0,50176,0,0,0,0,0,0,0,0,0,0,0,0,0,0,0,0,0,0,0,0,0,0,0,0,50176,0,0,0,0,0,0,0,0,0,0,0,0,0,0,0,0,0,0,0,0,0,0,0,0,TCGA-GM-A3XL-DX1_xmin29910_ymin15820_MPP-0.2500+164
6434,16304,0,0,0,3120,24318,0,0,0,0,0,0,0,0,0,0,0,0,0,0,0,0,0,0,6482,16256,0,0,0,3014,24424,0,0,0,0,0,0,0,0,0,0,0,0,0,0,0,0,0,0,6489,16249,0,0,0,3058,24380,0,0,0,0,0,0,0,0,0,0,0,0,0,0,0,0,0,0,TCGA-GM-A3XL-DX1_xmin29910_ymin15820_MPP-0.2500+165
50165,0,0,0,0,11,0,0,0,0,0,0,0,0,0,0,0,0,0,0,0,0,0,0,0,50165,0,0,0,0,11,0,0,0,0,0,0,0,0,0,0,0,0,0,0,0,0,0,0,0,50165,0,0,0,0,11,0,0,0,0,0,0,0,0,0,0,0,0,0,0,0,0,0,0,0,TCGA-GM-A3XL-DX1_xmin29910_ymin15820_MPP-0.2500+166
50176,0,0,0,0,0,0,0,0,0,0,0,0,0,0,0,0,0,0,0,0,0,0,0,0,50176,0,0,0,0,0,0,0,0,0,0,0,0,0,0,0,0,0,0,0,0,0,0,0,0,50176,0,0,0,0,0,0,0,0,0,0,0,0,0,0,0,0,0,0,0,0,0,0,0,0,TCGA-GM-A3XL-DX1_xmin29910_ymin15820_MPP-0.2500+167
47359,0,0,0,0,2817,0,0,0,0,0,0,0,0,0,0,0,0,0,0,0,0,0,0,0,47359,0,0,0,0,2817,0,0,0,0,0,0,0,0,0,0,0,0,0,0,0,0,0,0,0,47359,0,0,0,0,2817,0,0,0,0,0,0,0,0,0,0,0,0,0,0,0,0,0,0,0,TCGA-GM-A3XL-DX1_xmin29910_ymin15820_MPP-0.2500+168
14494,488,0,0,0,1176,34018,0,0,0,0,0,0,0,0,0,0,0,0,0,0,0,0,0,0,14442,540,0,0,0,1690,33504,0,0,0,0,0,0,0,0,0,0,0,0,0,0,0,0,0,0,14403,579,0,0,0,2227,32967,0,0,0,0,0,0,0,0,0,0,0,0,0,0,0,0,0,0,TCGA-GM-A3XL-DX1_xmin29910_ymin15820_MPP-0.2500+169
48644,0,0,0,0,373,0,0,0,0,0,0,0,0,0,0,0,0,0,0,0,0,0,0,1159,48644,0,0,0,0,373,0,0,0,0,0,0,0,0,0,0,0,0,0,0,0,0,0,0,1159,48644,0,0,0,0,373,0,0,0,0,0,0,0,0,0,0,0,0,0,0,0,0,0,0,1159,TCGA-GM-A3XL-DX1_xmin29910_ymin15820_MPP-0.2500+17
24004,3905,0,0,0,3489,18778,0,0,0,0,0,0,0,0,0,0,0,0,0,0,0,0,0,0,24085,3824,0,0,0,3449,18818,0,0,0,0,0,0,0,0,0,0,0,0,0,0,0,0,0,0,23416,4493,0,0,0,3335,18932,0,0,0,0,0,0,0,0,0,0,0,0,0,0,0,0,0,0,TCGA-GM-A3XL-DX1_xmin29910_ymin15820_MPP-0.2500+170
47336,0,0,0,0,0,0,0,0,0,0,0,0,0,0,0,0,0,0,0,0,0,0,0,2840,47336,0,0,0,0,0,0,0,0,0,0,0,0,0,0,0,0,0,0,0,0,0,0,0,2840,47336,0,0,0,0,0,0,0,0,0,0,0,0,0,0,0,0,0,0,0,0,0,0,0,2840,TCGA-GM-A3XL-DX1_xmin29910_ymin15820_MPP-0.2500+171
34914,9015,0,0,0,0,0,0,0,0,0,0,0,0,0,0,0,0,0,0,0,0,0,0,6247,34748,9181,0,0,0,0,0,0,0,0,0,0,0,0,0,0,0,0,0,0,0,0,0,0,6247,33980,9949,0,0,0,0,0,0,0,0,0,0,0,0,0,0,0,0,0,0,0,0,0,0,6247,TCGA-GM-A3XL-DX1_xmin29910_ymin15820_MPP-0.2500+172
50176,0,0,0,0,0,0,0,0,0,0,0,0,0,0,0,0,0,0,0,0,0,0,0,0,50176,0,0,0,0,0,0,0,0,0,0,0,0,0,0,0,0,0,0,0,0,0,0,0,0,50176,0,0,0,0,0,0,0,0,0,0,0,0,0,0,0,0,0,0,0,0,0,0,0,0,TCGA-GM-A3XL-DX1_xmin29910_ymin15820_MPP-0.2500+173
50176,0,0,0,0,0,0,0,0,0,0,0,0,0,0,0,0,0,0,0,0,0,0,0,0,50176,0,0,0,0,0,0,0,0,0,0,0,0,0,0,0,0,0,0,0,0,0,0,0,0,50176,0,0,0,0,0,0,0,0,0,0,0,0,0,0,0,0,0,0,0,0,0,0,0,0,TCGA-GM-A3XL-DX1_xmin29910_ymin15820_MPP-0.2500+174
50176,0,0,0,0,0,0,0,0,0,0,0,0,0,0,0,0,0,0,0,0,0,0,0,0,50176,0,0,0,0,0,0,0,0,0,0,0,0,0,0,0,0,0,0,0,0,0,0,0,0,50176,0,0,0,0,0,0,0,0,0,0,0,0,0,0,0,0,0,0,0,0,0,0,0,0,TCGA-GM-A3XL-DX1_xmin29910_ymin15820_MPP-0.2500+175
50176,0,0,0,0,0,0,0,0,0,0,0,0,0,0,0,0,0,0,0,0,0,0,0,0,50176,0,0,0,0,0,0,0,0,0,0,0,0,0,0,0,0,0,0,0,0,0,0,0,0,50176,0,0,0,0,0,0,0,0,0,0,0,0,0,0,0,0,0,0,0,0,0,0,0,0,TCGA-GM-A3XL-DX1_xmin29910_ymin15820_MPP-0.2500+176
36399,0,0,0,0,13777,0,0,0,0,0,0,0,0,0,0,0,0,0,0,0,0,0,0,0,36399,0,0,0,0,13777,0,0,0,0,0,0,0,0,0,0,0,0,0,0,0,0,0,0,0,36399,0,0,0,0,13777,0,0,0,0,0,0,0,0,0,0,0,0,0,0,0,0,0,0,0,TCGA-GM-A3XL-DX1_xmin29910_ymin15820_MPP-0.2500+177
30792,0,0,0,0,19384,0,0,0,0,0,0,0,0,0,0,0,0,0,0,0,0,0,0,0,30792,0,0,0,0,19384,0,0,0,0,0,0,0,0,0,0,0,0,0,0,0,0,0,0,0,30792,0,0,0,0,19384,0,0,0,0,0,0,0,0,0,0,0,0,0,0,0,0,0,0,0,TCGA-GM-A3XL-DX1_xmin29910_ymin15820_MPP-0.2500+178
50176,0,0,0,0,0,0,0,0,0,0,0,0,0,0,0,0,0,0,0,0,0,0,0,0,50176,0,0,0,0,0,0,0,0,0,0,0,0,0,0,0,0,0,0,0,0,0,0,0,0,50176,0,0,0,0,0,0,0,0,0,0,0,0,0,0,0,0,0,0,0,0,0,0,0,0,TCGA-GM-A3XL-DX1_xmin29910_ymin15820_MPP-0.2500+179
0,0,0,0,0,0,0,0,3943,0,0,0,0,0,0,16,0,0,34249,0,0,0,0,0,11968,0,0,0,0,0,0,0,0,3943,0,0,0,0,0,0,16,0,0,34249,0,0,0,0,0,11968,0,0,0,0,0,0,0,0,3943,0,0,0,0,0,0,16,0,0,34249,0,0,0,0,0,11968,TCGA-GM-A3XL-DX1_xmin29910_ymin15820_MPP-0.2500+18
50176,0,0,0,0,0,0,0,0,0,0,0,0,0,0,0,0,0,0,0,0,0,0,0,0,50176,0,0,0,0,0,0,0,0,0,0,0,0,0,0,0,0,0,0,0,0,0,0,0,0,50176,0,0,0,0,0,0,0,0,0,0,0,0,0,0,0,0,0,0,0,0,0,0,0,0,TCGA-GM-A3XL-DX1_xmin29910_ymin15820_MPP-0.2500+180
48271,0,0,0,0,1905,0,0,0,0,0,0,0,0,0,0,0,0,0,0,0,0,0,0,0,48271,0,0,0,0,1905,0,0,0,0,0,0,0,0,0,0,0,0,0,0,0,0,0,0,0,48271,0,0,0,0,1905,0,0,0,0,0,0,0,0,0,0,0,0,0,0,0,0,0,0,0,TCGA-GM-A3XL-DX1_xmin29910_ymin15820_MPP-0.2500+181
17536,4192,0,0,0,2323,26125,0,0,0,0,0,0,0,0,0,0,0,0,0,0,0,0,0,0,17861,3867,0,0,0,2289,26159,0,0,0,0,0,0,0,0,0,0,0,0,0,0,0,0,0,0,18033,3695,0,0,0,2441,26007,0,0,0,0,0,0,0,0,0,0,0,0,0,0,0,0,0,0,TCGA-GM-A3XL-DX1_xmin29910_ymin15820_MPP-0.2500+182
50157,0,0,0,0,0,0,0,0,0,0,0,0,0,0,0,0,0,0,0,0,0,0,0,19,50157,0,0,0,0,0,0,0,0,0,0,0,0,0,0,0,0,0,0,0,0,0,0,0,19,50157,0,0,0,0,0,0,0,0,0,0,0,0,0,0,0,0,0,0,0,0,0,0,0,19,TCGA-GM-A3XL-DX1_xmin29910_ymin15820_MPP-0.2500+183
25640,14436,0,0,0,0,0,0,0,0,0,0,0,0,0,0,0,0,0,0,0,0,0,0,10100,24570,15506,0,0,0,0,0,0,0,0,0,0,0,0,0,0,0,0,0,0,0,0,0,0,10100,24144,15932,0,0,0,0,0,0,0,0,0,0,0,0,0,0,0,0,0,0,0,0,0,0,10100,TCGA-GM-A3XL-DX1_xmin29910_ymin15820_MPP-0.2500+184
50176,0,0,0,0,0,0,0,0,0,0,0,0,0,0,0,0,0,0,0,0,0,0,0,0,50176,0,0,0,0,0,0,0,0,0,0,0,0,0,0,0,0,0,0,0,0,0,0,0,0,50176,0,0,0,0,0,0,0,0,0,0,0,0,0,0,0,0,0,0,0,0,0,0,0,0,TCGA-GM-A3XL-DX1_xmin29910_ymin15820_MPP-0.2500+185
50176,0,0,0,0,0,0,0,0,0,0,0,0,0,0,0,0,0,0,0,0,0,0,0,0,50176,0,0,0,0,0,0,0,0,0,0,0,0,0,0,0,0,0,0,0,0,0,0,0,0,50176,0,0,0,0,0,0,0,0,0,0,0,0,0,0,0,0,0,0,0,0,0,0,0,0,TCGA-GM-A3XL-DX1_xmin29910_ymin15820_MPP-0.2500+186
50176,0,0,0,0,0,0,0,0,0,0,0,0,0,0,0,0,0,0,0,0,0,0,0,0,50176,0,0,0,0,0,0,0,0,0,0,0,0,0,0,0,0,0,0,0,0,0,0,0,0,50176,0,0,0,0,0,0,0,0,0,0,0,0,0,0,0,0,0,0,0,0,0,0,0,0,TCGA-GM-A3XL-DX1_xmin29910_ymin15820_MPP-0.2500+187
50176,0,0,0,0,0,0,0,0,0,0,0,0,0,0,0,0,0,0,0,0,0,0,0,0,50176,0,0,0,0,0,0,0,0,0,0,0,0,0,0,0,0,0,0,0,0,0,0,0,0,50176,0,0,0,0,0,0,0,0,0,0,0,0,0,0,0,0,0,0,0,0,0,0,0,0,TCGA-GM-A3XL-DX1_xmin29910_ymin15820_MPP-0.2500+188
50176,0,0,0,0,0,0,0,0,0,0,0,0,0,0,0,0,0,0,0,0,0,0,0,0,50176,0,0,0,0,0,0,0,0,0,0,0,0,0,0,0,0,0,0,0,0,0,0,0,0,50176,0,0,0,0,0,0,0,0,0,0,0,0,0,0,0,0,0,0,0,0,0,0,0,0,TCGA-GM-A3XL-DX1_xmin29910_ymin15820_MPP-0.2500+189
0,0,0,0,0,0,0,0,5253,0,0,0,0,0,0,0,0,0,13057,0,0,0,0,0,31866,0,0,0,0,0,0,0,0,5253,0,0,0,0,0,0,0,0,0,13057,0,0,0,0,0,31866,0,0,0,0,0,0,0,0,5253,0,0,0,0,0,0,0,0,0,13057,0,0,0,0,0,31866,TCGA-GM-A3XL-DX1_xmin29910_ymin15820_MPP-0.2500+19
50176,0,0,0,0,0,0,0,0,0,0,0,0,0,0,0,0,0,0,0,0,0,0,0,0,50176,0,0,0,0,0,0,0,0,0,0,0,0,0,0,0,0,0,0,0,0,0,0,0,0,50176,0,0,0,0,0,0,0,0,0,0,0,0,0,0,0,0,0,0,0,0,0,0,0,0,TCGA-GM-A3XL-DX1_xmin29910_ymin15820_MPP-0.2500+190
50176,0,0,0,0,0,0,0,0,0,0,0,0,0,0,0,0,0,0,0,0,0,0,0,0,50176,0,0,0,0,0,0,0,0,0,0,0,0,0,0,0,0,0,0,0,0,0,0,0,0,50176,0,0,0,0,0,0,0,0,0,0,0,0,0,0,0,0,0,0,0,0,0,0,0,0,TCGA-GM-A3XL-DX1_xmin29910_ymin15820_MPP-0.2500+191
50176,0,0,0,0,0,0,0,0,0,0,0,0,0,0,0,0,0,0,0,0,0,0,0,0,50176,0,0,0,0,0,0,0,0,0,0,0,0,0,0,0,0,0,0,0,0,0,0,0,0,50176,0,0,0,0,0,0,0,0,0,0,0,0,0,0,0,0,0,0,0,0,0,0,0,0,TCGA-GM-A3XL-DX1_xmin29910_ymin15820_MPP-0.2500+192
50176,0,0,0,0,0,0,0,0,0,0,0,0,0,0,0,0,0,0,0,0,0,0,0,0,50176,0,0,0,0,0,0,0,0,0,0,0,0,0,0,0,0,0,0,0,0,0,0,0,0,50176,0,0,0,0,0,0,0,0,0,0,0,0,0,0,0,0,0,0,0,0,0,0,0,0,TCGA-GM-A3XL-DX1_xmin29910_ymin15820_MPP-0.2500+193
50172,0,0,0,0,4,0,0,0,0,0,0,0,0,0,0,0,0,0,0,0,0,0,0,0,50172,0,0,0,0,4,0,0,0,0,0,0,0,0,0,0,0,0,0,0,0,0,0,0,0,50172,0,0,0,0,4,0,0,0,0,0,0,0,0,0,0,0,0,0,0,0,0,0,0,0,TCGA-GM-A3XL-DX1_xmin29910_ymin15820_MPP-0.2500+194
50176,0,0,0,0,0,0,0,0,0,0,0,0,0,0,0,0,0,0,0,0,0,0,0,0,50176,0,0,0,0,0,0,0,0,0,0,0,0,0,0,0,0,0,0,0,0,0,0,0,0,50176,0,0,0,0,0,0,0,0,0,0,0,0,0,0,0,0,0,0,0,0,0,0,0,0,TCGA-GM-A3XL-DX1_xmin29910_ymin15820_MPP-0.2500+195
50176,0,0,0,0,0,0,0,0,0,0,0,0,0,0,0,0,0,0,0,0,0,0,0,0,50176,0,0,0,0,0,0,0,0,0,0,0,0,0,0,0,0,0,0,0,0,0,0,0,0,50176,0,0,0,0,0,0,0,0,0,0,0,0,0,0,0,0,0,0,0,0,0,0,0,0,TCGA-GM-A3XL-DX1_xmin29910_ymin15820_MPP-0.2500+196
50176,0,0,0,0,0,0,0,0,0,0,0,0,0,0,0,0,0,0,0,0,0,0,0,0,50176,0,0,0,0,0,0,0,0,0,0,0,0,0,0,0,0,0,0,0,0,0,0,0,0,50176,0,0,0,0,0,0,0,0,0,0,0,0,0,0,0,0,0,0,0,0,0,0,0,0,TCGA-GM-A3XL-DX1_xmin29910_ymin15820_MPP-0.2500+197
50176,0,0,0,0,0,0,0,0,0,0,0,0,0,0,0,0,0,0,0,0,0,0,0,0,50176,0,0,0,0,0,0,0,0,0,0,0,0,0,0,0,0,0,0,0,0,0,0,0,0,50176,0,0,0,0,0,0,0,0,0,0,0,0,0,0,0,0,0,0,0,0,0,0,0,0,TCGA-GM-A3XL-DX1_xmin29910_ymin15820_MPP-0.2500+198
50176,0,0,0,0,0,0,0,0,0,0,0,0,0,0,0,0,0,0,0,0,0,0,0,0,50176,0,0,0,0,0,0,0,0,0,0,0,0,0,0,0,0,0,0,0,0,0,0,0,0,50176,0,0,0,0,0,0,0,0,0,0,0,0,0,0,0,0,0,0,0,0,0,0,0,0,TCGA-GM-A3XL-DX1_xmin29910_ymin15820_MPP-0.2500+199
0,0,0,9441,0,0,0,0,1208,0,0,0,0,0,0,0,0,0,37948,0,0,0,0,0,1579,0,0,0,9441,0,0,0,0,1208,0,0,0,0,0,0,0,0,0,37948,0,0,0,0,0,1579,0,0,0,9441,0,0,0,0,1208,0,0,0,0,0,0,0,0,0,37948,0,0,0,0,0,1579,TCGA-GM-A3XL-DX1_xmin29910_ymin15820_MPP-0.2500+2
0,0,0,0,0,0,0,0,0,0,0,0,0,0,0,0,0,0,50176,0,0,0,0,0,0,0,0,0,0,0,0,0,0,0,0,0,0,0,0,0,0,0,0,50176,0,0,0,0,0,0,0,0,0,0,0,0,0,0,0,0,0,0,0,0,0,0,0,0,50176,0,0,0,0,0,0,TCGA-GM-A3XL-DX1_xmin29910_ymin15820_MPP-0.2500+20
50176,0,0,0,0,0,0,0,0,0,0,0,0,0,0,0,0,0,0,0,0,0,0,0,0,50176,0,0,0,0,0,0,0,0,0,0,0,0,0,0,0,0,0,0,0,0,0,0,0,0,50176,0,0,0,0,0,0,0,0,0,0,0,0,0,0,0,0,0,0,0,0,0,0,0,0,TCGA-GM-A3XL-DX1_xmin29910_ymin15820_MPP-0.2500+200
50176,0,0,0,0,0,0,0,0,0,0,0,0,0,0,0,0,0,0,0,0,0,0,0,0,50176,0,0,0,0,0,0,0,0,0,0,0,0,0,0,0,0,0,0,0,0,0,0,0,0,50176,0,0,0,0,0,0,0,0,0,0,0,0,0,0,0,0,0,0,0,0,0,0,0,0,TCGA-GM-A3XL-DX1_xmin29910_ymin15820_MPP-0.2500+201
17824,4733,0,0,0,2717,24902,0,0,0,0,0,0,0,0,0,0,0,0,0,0,0,0,0,0,17812,4745,0,0,0,2915,24704,0,0,0,0,0,0,0,0,0,0,0,0,0,0,0,0,0,0,17950,4607,0,0,0,3905,23714,0,0,0,0,0,0,0,0,0,0,0,0,0,0,0,0,0,0,TCGA-GM-A3XL-DX1_xmin29910_ymin15820_MPP-0.2500+202
24475,4636,0,0,0,0,21065,0,0,0,0,0,0,0,0,0,0,0,0,0,0,0,0,0,0,24774,4337,0,0,0,0,21065,0,0,0,0,0,0,0,0,0,0,0,0,0,0,0,0,0,0,24885,4226,0,0,0,0,21065,0,0,0,0,0,0,0,0,0,0,0,0,0,0,0,0,0,0,TCGA-GM-A3XL-DX1_xmin29910_ymin15820_MPP-0.2500+203
23214,898,0,0,0,1902,24162,0,0,0,0,0,0,0,0,0,0,0,0,0,0,0,0,0,0,23263,849,0,0,0,1824,24240,0,0,0,0,0,0,0,0,0,0,0,0,0,0,0,0,0,0,23308,804,0,0,0,1764,24300,0,0,0,0,0,0,0,0,0,0,0,0,0,0,0,0,0,0,TCGA-GM-A3XL-DX1_xmin29910_ymin15820_MPP-0.2500+204
25609,707,0,0,0,2339,21521,0,0,0,0,0,0,0,0,0,0,0,0,0,0,0,0,0,0,25607,709,0,0,0,2318,21542,0,0,0,0,0,0,0,0,0,0,0,0,0,0,0,0,0,0,25518,798,0,0,0,2155,21705,0,0,0,0,0,0,0,0,0,0,0,0,0,0,0,0,0,0,TCGA-GM-A3XL-DX1_xmin29910_ymin15820_MPP-0.2500+205
26838,7248,0,0,0,0,16090,0,0,0,0,0,0,0,0,0,0,0,0,0,0,0,0,0,0,26836,7250,0,0,0,0,16090,0,0,0,0,0,0,0,0,0,0,0,0,0,0,0,0,0,0,26843,7243,0,0,0,3,16087,0,0,0,0,0,0,0,0,0,0,0,0,0,0,0,0,0,0,TCGA-GM-A3XL-DX1_xmin29910_ymin15820_MPP-0.2500+206
16023,13338,0,0,0,1,20814,0,0,0,0,0,0,0,0,0,0,0,0,0,0,0,0,0,0,16055,13306,0,0,0,1,20814,0,0,0,0,0,0,0,0,0,0,0,0,0,0,0,0,0,0,15886,13475,0,0,0,1,20814,0,0,0,0,0,0,0,0,0,0,0,0,0,0,0,0,0,0,TCGA-GM-A3XL-DX1_xmin29910_ymin15820_MPP-0.2500+207
28459,5864,0,0,0,0,15853,0,0,0,0,0,0,0,0,0,0,0,0,0,0,0,0,0,0,28543,5780,0,0,0,0,15853,0,0,0,0,0,0,0,0,0,0,0,0,0,0,0,0,0,0,28562,5761,0,0,0,0,15853,0,0,0,0,0,0,0,0,0,0,0,0,0,0,0,0,0,0,TCGA-GM-A3XL-DX1_xmin29910_ymin15820_MPP-0.2500+208
25351,11811,0,0,0,0,10734,0,0,0,0,0,0,0,0,0,0,0,0,0,0,0,0,0,2280,25421,11741,0,0,0,0,10734,0,0,0,0,0,0,0,0,0,0,0,0,0,0,0,0,0,2280,25144,12018,0,0,0,0,10734,0,0,0,0,0,0,0,0,0,0,0,0,0,0,0,0,0,2280,TCGA-GM-A3XL-DX1_xmin29910_ymin15820_MPP-0.2500+209
0,0,0,439,0,0,0,0,0,0,0,0,0,0,0,304,0,0,49433,0,0,0,0,0,0,0,0,0,439,0,0,0,0,0,0,0,0,0,0,0,176,0,0,49561,0,0,0,0,0,0,0,0,0,439,0,0,0,0,0,0,0,0,0,0,0,176,0,0,49561,0,0,0,0,0,0,TCGA-GM-A3XL-DX1_xmin29910_ymin15820_MPP-0.2500+21
35646,1305,0,0,0,829,10358,0,0,0,0,0,0,0,0,0,0,0,0,0,0,0,0,0,2038,35625,1326,0,0,0,827,10360,0,0,0,0,0,0,0,0,0,0,0,0,0,0,0,0,0,2038,35516,1435,0,0,0,767,10420,0,0,0,0,0,0,0,0,0,0,0,0,0,0,0,0,0,2038,TCGA-GM-A3XL-DX1_xmin29910_ymin15820_MPP-0.2500+210
44396,0,0,0,0,3441,0,0,0,0,0,0,0,0,0,0,0,0,0,0,0,0,0,0,2339,44396,0,0,0,0,3441,0,0,0,0,0,0,0,0,0,0,0,0,0,0,0,0,0,0,2339,44396,0,0,0,0,3441,0,0,0,0,0,0,0,0,0,0,0,0,0,0,0,0,0,0,2339,TCGA-GM-A3XL-DX1_xmin29910_ymin15820_MPP-0.2500+211
47944,0,0,0,0,2232,0,0,0,0,0,0,0,0,0,0,0,0,0,0,0,0,0,0,0,47944,0,0,0,0,2232,0,0,0,0,0,0,0,0,0,0,0,0,0,0,0,0,0,0,0,47944,0,0,0,0,2232,0,0,0,0,0,0,0,0,0,0,0,0,0,0,0,0,0,0,0,TCGA-GM-A3XL-DX1_xmin29910_ymin15820_MPP-0.2500+212
47977,0,0,0,0,2199,0,0,0,0,0,0,0,0,0,0,0,0,0,0,0,0,0,0,0,47977,0,0,0,0,2199,0,0,0,0,0,0,0,0,0,0,0,0,0,0,0,0,0,0,0,47977,0,0,0,0,2199,0,0,0,0,0,0,0,0,0,0,0,0,0,0,0,0,0,0,0,TCGA-GM-A3XL-DX1_xmin29910_ymin15820_MPP-0.2500+213
0,0,0,0,0,6161,0,2369,0,0,5791,0,35855,0,0,0,0,0,0,0,0,0,0,0,0,0,0,0,0,0,5843,0,2687,0,0,5245,0,36401,0,0,0,0,0,0,0,0,0,0,0,0,0,0,0,0,0,5875,0,2655,0,0,5117,0,36529,0,0,0,0,0,0,0,0,0,0,0,0,TCGA-GM-A3XL-DX1_xmin29910_ymin15820_MPP-0.2500+214
0,0,0,0,0,0,29499,0,0,0,0,20677,0,0,0,0,0,0,0,0,0,0,0,0,0,0,0,0,0,0,0,29499,0,0,0,0,20677,0,0,0,0,0,0,0,0,0,0,0,0,0,0,0,0,0,0,0,29499,0,0,0,0,20677,0,0,0,0,0,0,0,0,0,0,0,0,0,TCGA-GM-A3XL-DX1_xmin29910_ymin15820_MPP-0.2500+215
0,0,0,0,0,0,33262,1184,0,0,0,1318,14412,0,0,0,0,0,0,0,0,0,0,0,0,0,0,0,0,0,0,33335,1111,0,0,0,1629,14101,0,0,0,0,0,0,0,0,0,0,0,0,0,0,0,0,0,0,33311,1135,0,0,0,1749,13981,0,0,0,0,0,0,0,0,0,0,0,0,TCGA-GM-A3XL-DX1_xmin29910_ymin15820_MPP-0.2500+216
0,0,0,0,0,0,38242,0,0,0,0,11934,0,0,0,0,0,0,0,0,0,0,0,0,0,0,0,0,0,0,0,38242,0,0,0,0,11934,0,0,0,0,0,0,0,0,0,0,0,0,0,0,0,0,0,0,0,38242,0,0,0,0,11934,0,0,0,0,0,0,0,0,0,0,0,0,0,TCGA-GM-A3XL-DX1_xmin29910_ymin15820_MPP-0.2500+217
0,0,0,0,0,0,43022,0,0,0,0,7154,0,0,0,0,0,0,0,0,0,0,0,0,0,0,0,0,0,0,0,43022,0,0,0,0,7154,0,0,0,0,0,0,0,0,0,0,0,0,0,0,0,0,0,0,0,43022,0,0,0,0,7154,0,0,0,0,0,0,0,0,0,0,0,0,0,TCGA-GM-A3XL-DX1_xmin29910_ymin15820_MPP-0.2500+218
0,0,0,0,0,0,39320,0,0,0,0,10856,0,0,0,0,0,0,0,0,0,0,0,0,0,0,0,0,0,0,0,39320,0,0,0,0,10856,0,0,0,0,0,0,0,0,0,0,0,0,0,0,0,0,0,0,0,39320,0,0,0,0,10856,0,0,0,0,0,0,0,0,0,0,0,0,0,TCGA-GM-A3XL-DX1_xmin29910_ymin15820_MPP-0.2500+219
36997,0,0,3311,0,0,0,0,3,0,0,0,0,0,0,2345,0,0,7520,0,0,0,0,0,0,36415,0,0,3893,0,0,0,0,3,0,0,0,0,0,0,2341,0,0,7524,0,0,0,0,0,0,35192,0,0,5116,0,0,0,0,3,0,0,0,0,0,0,2249,0,0,7616,0,0,0,0,0,0,TCGA-GM-A3XL-DX1_xmin29910_ymin15820_MPP-0.2500+22
0,0,0,0,0,0,46317,0,0,0,0,3859,0,0,0,0,0,0,0,0,0,0,0,0,0,0,0,0,0,0,0,46317,0,0,0,0,3859,0,0,0,0,0,0,0,0,0,0,0,0,0,0,0,0,0,0,0,46317,0,0,0,0,3859,0,0,0,0,0,0,0,0,0,0,0,0,0,TCGA-GM-A3XL-DX1_xmin29910_ymin15820_MPP-0.2500+220
0,0,0,0,0,0,44487,0,0,0,0,5689,0,0,0,0,0,0,0,0,0,0,0,0,0,0,0,0,0,0,0,44487,0,0,0,0,5689,0,0,0,0,0,0,0,0,0,0,0,0,0,0,0,0,0,0,0,44487,0,0,0,0,5689,0,0,0,0,0,0,0,0,0,0,0,0,0,TCGA-GM-A3XL-DX1_xmin29910_ymin15820_MPP-0.2500+221
0,445,0,0,0,0,47504,0,0,0,0,2227,0,0,0,0,0,0,0,0,0,0,0,0,0,0,445,0,0,0,0,47504,0,0,0,0,2227,0,0,0,0,0,0,0,0,0,0,0,0,0,0,445,0,0,0,0,47504,0,0,0,0,2227,0,0,0,0,0,0,0,0,0,0,0,0,0,TCGA-GM-A3XL-DX1_xmin29910_ymin15820_MPP-0.2500+222
0,9916,0,0,0,0,40260,0,0,0,0,0,0,0,0,0,0,0,0,0,0,0,0,0,0,0,9916,0,0,0,0,40260,0,0,0,0,0,0,0,0,0,0,0,0,0,0,0,0,0,0,0,9916,0,0,0,0,40260,0,0,0,0,0,0,0,0,0,0,0,0,0,0,0,0,0,0,TCGA-GM-A3XL-DX1_xmin29910_ymin15820_MPP-0.2500+223
0,1290,0,0,0,0,46328,0,0,0,0,1338,0,0,0,0,0,0,0,0,0,0,0,0,1220,0,1290,0,0,0,0,46328,0,0,0,0,1338,0,0,0,0,0,0,0,0,0,0,0,0,1220,0,1290,0,0,0,0,46328,0,0,0,0,1338,0,0,0,0,0,0,0,0,0,0,0,0,1220,TCGA-GM-A3XL-DX1_xmin29910_ymin15820_MPP-0.2500+224
3563,2212,0,0,0,1424,42925,0,0,0,0,52,0,0,0,0,0,0,0,0,0,0,0,0,0,3411,2364,0,0,0,1494,42855,0,0,0,0,52,0,0,0,0,0,0,0,0,0,0,0,0,0,3615,2160,0,0,0,1587,42762,0,0,0,1,51,0,0,0,0,0,0,0,0,0,0,0,0,0,TCGA-GM-A3XL-DX1_xmin29910_ymin15820_MPP-0.2500+225
0,0,0,0,0,0,0,0,0,0,0,0,49937,0,0,0,0,0,0,0,0,0,0,0,239,0,0,0,0,0,0,0,0,0,0,4,0,49933,0,0,0,0,0,0,0,0,0,0,0,239,0,0,0,0,0,0,0,0,0,0,4,0,49933,0,0,0,0,0,0,0,0,0,0,0,239,TCGA-GM-A3XL-DX1_xmin29910_ymin15820_MPP-0.2500+226
0,0,0,0,0,0,0,0,0,0,32,0,50144,0,0,0,0,0,0,0,0,0,0,0,0,0,0,0,0,0,0,0,0,0,0,32,0,50144,0,0,0,0,0,0,0,0,0,0,0,0,0,0,0,0,0,0,0,0,0,0,32,0,50144,0,0,0,0,0,0,0,0,0,0,0,0,TCGA-GM-A3XL-DX1_xmin29910_ymin15820_MPP-0.2500+227
0,0,0,0,0,0,1450,0,0,0,0,14524,34202,0,0,0,0,0,0,0,0,0,0,0,0,0,0,0,0,0,0,1450,0,0,0,0,14634,34092,0,0,0,0,0,0,0,0,0,0,0,0,0,0,0,0,0,0,1450,0,0,0,0,14872,33854,0,0,0,0,0,0,0,0,0,0,0,0,TCGA-GM-A3XL-DX1_xmin29910_ymin15820_MPP-0.2500+228
0,0,0,0,0,0,2435,268,0,0,0,20089,27384,0,0,0,0,0,0,0,0,0,0,0,0,0,0,0,0,0,0,2435,268,0,0,0,22212,25261,0,0,0,0,0,0,0,0,0,0,0,0,0,0,0,0,0,0,2435,268,0,0,0,22458,25015,0,0,0,0,0,0,0,0,0,0,0,0,TCGA-GM-A3XL-DX1_xmin29910_ymin15820_MPP-0.2500+229
50176,0,0,0,0,0,0,0,0,0,0,0,0,0,0,0,0,0,0,0,0,0,0,0,0,50176,0,0,0,0,0,0,0,0,0,0,0,0,0,0,0,0,0,0,0,0,0,0,0,0,50176,0,0,0,0,0,0,0,0,0,0,0,0,0,0,0,0,0,0,0,0,0,0,0,0,TCGA-GM-A3XL-DX1_xmin29910_ymin15820_MPP-0.2500+23
0,0,0,0,0,0,7422,3089,0,0,0,21312,18353,0,0,0,0,0,0,0,0,0,0,0,0,0,0,0,0,0,0,7628,2883,0,0,0,21661,18004,0,0,0,0,0,0,0,0,0,0,0,0,0,0,0,0,0,0,7619,2892,0,0,0,21419,18246,0,0,0,0,0,0,0,0,0,0,0,0,TCGA-GM-A3XL-DX1_xmin29910_ymin15820_MPP-0.2500+230
0,4705,281,0,0,0,7906,1604,0,0,0,13269,22411,0,0,0,0,0,0,0,0,0,0,0,0,0,4697,289,0,0,0,8004,1506,0,0,0,14043,21637,0,0,0,0,0,0,0,0,0,0,0,0,0,4678,308,0,0,0,7973,1537,0,0,0,13702,21978,0,0,0,0,0,0,0,0,0,0,0,0,TCGA-GM-A3XL-DX1_xmin29910_ymin15820_MPP-0.2500+231
4592,0,8519,0,0,0,0,1458,0,0,0,0,35607,0,0,0,0,0,0,0,0,0,0,0,0,4464,0,8647,0,0,0,0,1458,0,0,0,0,35607,0,0,0,0,0,0,0,0,0,0,0,0,4336,0,8775,0,0,0,0,1458,0,0,0,0,35607,0,0,0,0,0,0,0,0,0,0,0,0,TCGA-GM-A3XL-DX1_xmin29910_ymin15820_MPP-0.2500+232
262,0,594,0,0,138,0,801,0,0,1424,0,46957,0,0,0,0,0,0,0,0,0,0,0,0,137,0,719,0,0,135,0,804,0,0,1552,0,46829,0,0,0,0,0,0,0,0,0,0,0,0,137,0,719,0,0,135,0,804,0,0,1232,0,47149,0,0,0,0,0,0,0,0,0,0,0,0,TCGA-GM-A3XL-DX1_xmin29910_ymin15820_MPP-0.2500+233
0,0,0,0,0,0,0,0,0,0,1024,0,47680,0,0,0,0,0,0,0,0,0,0,0,1472,0,0,0,0,0,0,0,0,0,0,832,0,47872,0,0,0,0,0,0,0,0,0,0,0,1472,0,0,0,0,0,0,0,0,0,0,832,0,47872,0,0,0,0,0,0,0,0,0,0,0,1472,TCGA-GM-A3XL-DX1_xmin29910_ymin15820_MPP-0.2500+234
0,0,0,0,0,0,0,0,0,0,0,0,50176,0,0,0,0,0,0,0,0,0,0,0,0,0,0,0,0,0,0,0,0,0,0,16,0,50160,0,0,0,0,0,0,0,0,0,0,0,0,0,0,0,0,0,0,0,0,0,0,0,0,50176,0,0,0,0,0,0,0,0,0,0,0,0,TCGA-GM-A3XL-DX1_xmin29910_ymin15820_MPP-0.2500+235
0,0,0,0,0,0,3132,181,0,0,0,18365,23403,0,0,0,0,0,0,0,0,0,0,0,5095,0,0,0,0,0,0,3136,177,0,0,0,18207,23561,0,0,0,0,0,0,0,0,0,0,0,5095,0,0,0,0,0,0,3147,166,0,0,0,18192,23576,0,0,0,0,0,0,0,0,0,0,0,5095,TCGA-GM-A3XL-DX1_xmin29910_ymin15820_MPP-0.2500+236
0,0,0,0,0,0,0,306,0,0,0,0,49629,0,0,0,0,0,0,0,0,0,0,0,241,0,0,0,0,0,0,0,306,0,0,0,0,49629,0,0,0,0,0,0,0,0,0,0,0,241,0,0,0,0,0,0,0,306,0,0,0,0,49629,0,0,0,0,0,0,0,0,0,0,0,241,TCGA-GM-A3XL-DX1_xmin29910_ymin15820_MPP-0.2500+237
0,0,0,0,0,0,0,0,0,0,1424,0,48752,0,0,0,0,0,0,0,0,0,0,0,0,0,0,0,0,0,0,0,0,0,0,1424,0,48752,0,0,0,0,0,0,0,0,0,0,0,0,0,0,0,0,0,0,0,0,0,0,1424,0,48752,0,0,0,0,0,0,0,0,0,0,0,0,TCGA-GM-A3XL-DX1_xmin29910_ymin15820_MPP-0.2500+238
50176,0,0,0,0,0,0,0,0,0,0,0,0,0,0,0,0,0,0,0,0,0,0,0,0,50176,0,0,0,0,0,0,0,0,0,0,0,0,0,0,0,0,0,0,0,0,0,0,0,0,50176,0,0,0,0,0,0,0,0,0,0,0,0,0,0,0,0,0,0,0,0,0,0,0,0,TCGA-GM-A3XL-DX1_xmin29910_ymin15820_MPP-0.2500+24
50162,0,0,0,0,0,0,0,0,0,0,0,0,0,0,0,0,0,0,0,0,0,0,0,14,50162,0,0,0,0,0,0,0,0,0,0,0,0,0,0,0,0,0,0,0,0,0,0,0,14,50162,0,0,0,0,0,0,0,0,0,0,0,0,0,0,0,0,0,0,0,0,0,0,0,14,TCGA-GM-A3XL-DX1_xmin29910_ymin15820_MPP-0.2500+25
0,34195,0,0,0,0,156,0,0,0,0,0,0,0,0,0,0,0,0,0,0,0,0,0,15825,0,34195,0,0,0,0,156,0,0,0,0,0,0,0,0,0,0,0,0,0,0,0,0,0,15825,0,34195,0,0,0,0,156,0,0,0,0,0,0,0,0,0,0,0,0,0,0,0,0,0,15825,TCGA-GM-A3XL-DX1_xmin29910_ymin15820_MPP-0.2500+26
21963,5921,0,0,0,363,235,0,0,0,0,0,0,0,0,0,0,0,0,0,0,0,0,0,21694,22023,5861,0,0,0,363,235,0,0,0,0,0,0,0,0,0,0,0,0,0,0,0,0,0,21694,22013,5871,0,0,0,363,235,0,0,0,0,0,0,0,0,0,0,0,0,0,0,0,0,0,21694,TCGA-GM-A3XL-DX1_xmin29910_ymin15820_MPP-0.2500+27
29795,8083,0,0,0,0,2957,0,0,0,0,0,0,0,0,0,0,0,0,0,0,0,0,0,9341,37878,0,0,0,0,2957,0,0,0,0,0,0,0,0,0,0,0,0,0,0,0,0,0,0,9341,37878,0,0,0,0,2957,0,0,0,0,0,0,0,0,0,0,0,0,0,0,0,0,0,0,9341,TCGA-GM-A3XL-DX1_xmin29910_ymin15820_MPP-0.2500+28
0,0,0,0,0,0,0,0,320,0,0,0,0,0,0,4528,0,0,45208,0,0,0,0,0,120,0,0,0,0,0,0,0,0,320,0,0,0,0,0,0,3888,0,0,45848,0,0,0,0,0,120,0,0,0,0,0,0,0,0,320,0,0,0,0,0,0,3728,0,0,46008,0,0,0,0,0,120,TCGA-GM-A3XL-DX1_xmin29910_ymin15820_MPP-0.2500+29
0,0,0,0,0,12,0,0,410,0,0,0,0,0,0,3892,0,0,44999,0,0,0,0,0,863,0,0,0,0,0,12,0,0,410,0,0,0,0,0,0,4532,0,0,44359,0,0,0,0,0,863,0,0,0,0,0,12,0,0,410,0,0,0,0,0,0,4532,0,0,44359,0,0,0,0,0,863,TCGA-GM-A3XL-DX1_xmin29910_ymin15820_MPP-0.2500+3
0,0,0,0,0,0,0,0,1444,0,0,0,0,0,0,4,0,0,48223,0,0,0,0,0,505,0,0,0,0,0,0,0,0,1444,0,0,0,0,0,0,4,0,0,48223,0,0,0,0,0,505,0,0,0,0,0,0,0,0,1444,0,0,0,0,0,0,1,0,0,48226,0,0,0,0,0,505,TCGA-GM-A3XL-DX1_xmin29910_ymin15820_MPP-0.2500+30
0,0,0,0,0,0,0,0,0,0,0,0,0,0,0,0,0,0,50176,0,0,0,0,0,0,0,0,0,0,0,0,0,0,0,0,0,0,0,0,0,0,0,0,50176,0,0,0,0,0,0,0,0,0,0,0,0,0,0,0,0,0,0,0,0,0,0,0,0,50176,0,0,0,0,0,0,TCGA-GM-A3XL-DX1_xmin29910_ymin15820_MPP-0.2500+31
0,0,0,0,0,0,0,0,0,0,0,0,0,0,0,0,0,0,50176,0,0,0,0,0,0,0,0,0,0,0,0,0,0,0,0,0,0,0,0,0,0,0,0,50176,0,0,0,0,0,0,0,0,0,0,0,0,0,0,0,0,0,0,0,0,0,0,0,0,50176,0,0,0,0,0,0,TCGA-GM-A3XL-DX1_xmin29910_ymin15820_MPP-0.2500+32
33920,0,0,2178,0,0,0,0,0,0,0,0,0,0,0,1226,0,0,12852,0,0,0,0,0,0,33996,0,0,2102,0,0,0,0,0,0,0,0,0,0,0,1301,0,0,12777,0,0,0,0,0,0,33905,0,0,2193,0,0,0,0,0,0,0,0,0,0,0,1290,0,0,12788,0,0,0,0,0,0,TCGA-GM-A3XL-DX1_xmin29910_ymin15820_MPP-0.2500+33
50176,0,0,0,0,0,0,0,0,0,0,0,0,0,0,0,0,0,0,0,0,0,0,0,0,50176,0,0,0,0,0,0,0,0,0,0,0,0,0,0,0,0,0,0,0,0,0,0,0,0,50176,0,0,0,0,0,0,0,0,0,0,0,0,0,0,0,0,0,0,0,0,0,0,0,0,TCGA-GM-A3XL-DX1_xmin29910_ymin15820_MPP-0.2500+34
50176,0,0,0,0,0,0,0,0,0,0,0,0,0,0,0,0,0,0,0,0,0,0,0,0,50176,0,0,0,0,0,0,0,0,0,0,0,0,0,0,0,0,0,0,0,0,0,0,0,0,50176,0,0,0,0,0,0,0,0,0,0,0,0,0,0,0,0,0,0,0,0,0,0,0,0,TCGA-GM-A3XL-DX1_xmin29910_ymin15820_MPP-0.2500+35
18959,8725,0,0,0,2,46,0,0,0,0,0,0,0,0,0,0,0,0,0,0,0,0,0,22444,18945,8739,0,0,0,1,47,0,0,0,0,0,0,0,0,0,0,0,0,0,0,0,0,0,22444,18933,8751,0,0,0,4,44,0,0,0,0,0,0,0,0,0,0,0,0,0,0,0,0,0,22444,TCGA-GM-A3XL-DX1_xmin29910_ymin15820_MPP-0.2500+36
25683,8303,0,0,0,0,137,0,0,0,0,0,0,0,0,0,0,0,0,0,0,0,0,0,16053,25615,8371,0,0,0,1,136,0,0,0,0,0,0,0,0,0,0,0,0,0,0,0,0,0,16053,25558,8428,0,0,0,1,136,0,0,0,0,0,0,0,0,0,0,0,0,0,0,0,0,0,16053,TCGA-GM-A3XL-DX1_xmin29910_ymin15820_MPP-0.2500+37
3541,0,0,0,0,0,0,0,0,0,0,0,0,0,0,0,0,0,0,0,0,0,0,0,46635,3541,0,0,0,0,0,0,0,0,0,0,0,0,0,0,0,0,0,0,0,0,0,0,0,46635,3541,0,0,0,0,0,0,0,0,0,0,0,0,0,0,0,0,0,0,0,0,0,0,0,46635,TCGA-GM-A3XL-DX1_xmin29910_ymin15820_MPP-0.2500+38
0,0,0,0,0,0,0,0,0,0,0,0,0,0,0,320,0,0,49856,0,0,0,0,0,0,0,0,0,0,0,0,0,0,0,0,0,0,0,0,0,320,0,0,49856,0,0,0,0,0,0,0,0,0,0,0,0,0,0,0,0,0,0,0,0,0,288,0,0,49888,0,0,0,0,0,0,TCGA-GM-A3XL-DX1_xmin29910_ymin15820_MPP-0.2500+39
0,0,0,0,0,0,0,0,0,0,0,0,0,0,0,0,0,0,50176,0,0,0,0,0,0,0,0,0,0,0,0,0,0,0,0,0,0,0,0,0,0,0,0,50176,0,0,0,0,0,0,0,0,0,0,0,0,0,0,0,0,0,0,0,0,0,0,0,0,50176,0,0,0,0,0,0,TCGA-GM-A3XL-DX1_xmin29910_ymin15820_MPP-0.2500+4
0,0,0,0,0,0,0,0,0,0,0,0,0,0,0,128,0,0,50048,0,0,0,0,0,0,0,0,0,0,0,0,0,0,0,0,0,0,0,0,0,64,0,0,50112,0,0,0,0,0,0,0,0,0,0,0,0,0,0,0,0,0,0,0,0,0,64,0,0,50112,0,0,0,0,0,0,TCGA-GM-A3XL-DX1_xmin29910_ymin15820_MPP-0.2500+40
0,0,0,0,0,0,0,0,0,0,0,0,0,0,0,512,0,0,49664,0,0,0,0,0,0,0,0,0,0,0,0,0,0,0,0,0,0,0,0,0,512,0,0,49664,0,0,0,0,0,0,0,0,0,0,0,0,0,0,0,0,0,0,0,0,0,512,0,0,49664,0,0,0,0,0,0,TCGA-GM-A3XL-DX1_xmin29910_ymin15820_MPP-0.2500+41
0,0,0,0,0,0,0,0,0,0,0,0,0,0,0,0,0,0,50176,0,0,0,0,0,0,0,0,0,0,0,0,0,0,0,0,0,0,0,0,0,16,0,0,50160,0,0,0,0,0,0,0,0,0,0,0,0,0,0,0,0,0,0,0,0,0,16,0,0,50160,0,0,0,0,0,0,TCGA-GM-A3XL-DX1_xmin29910_ymin15820_MPP-0.2500+42
28410,0,0,2877,0,0,0,0,1401,0,0,0,0,0,0,0,0,0,16355,0,0,0,0,0,1133,28760,0,0,2527,0,0,0,0,1401,0,0,0,0,0,0,0,0,0,16355,0,0,0,0,0,1133,28654,0,0,2633,0,0,0,0,1401,0,0,0,0,0,0,0,0,0,16355,0,0,0,0,0,1133,TCGA-GM-A3XL-DX1_xmin29910_ymin15820_MPP-0.2500+43
50176,0,0,0,0,0,0,0,0,0,0,0,0,0,0,0,0,0,0,0,0,0,0,0,0,50176,0,0,0,0,0,0,0,0,0,0,0,0,0,0,0,0,0,0,0,0,0,0,0,0,50176,0,0,0,0,0,0,0,0,0,0,0,0,0,0,0,0,0,0,0,0,0,0,0,0,TCGA-GM-A3XL-DX1_xmin29910_ymin15820_MPP-0.2500+44
37366,8389,0,0,0,0,676,0,0,0,0,0,0,0,0,0,0,0,0,0,0,0,0,0,3745,37342,8413,0,0,0,0,676,0,0,0,0,0,0,0,0,0,0,0,0,0,0,0,0,0,3745,36980,8775,0,0,0,0,676,0,0,0,0,0,0,0,0,0,0,0,0,0,0,0,0,0,3745,TCGA-GM-A3XL-DX1_xmin29910_ymin15820_MPP-0.2500+45
42263,1886,0,0,0,0,20,0,0,0,0,0,0,0,0,0,0,0,0,0,0,0,0,0,6007,42424,1725,0,0,0,0,20,0,0,0,0,0,0,0,0,0,0,0,0,0,0,0,0,0,6007,42327,1822,0,0,0,0,20,0,0,0,0,0,0,0,0,0,0,0,0,0,0,0,0,0,6007,TCGA-GM-A3XL-DX1_xmin29910_ymin15820_MPP-0.2500+46
50176,0,0,0,0,0,0,0,0,0,0,0,0,0,0,0,0,0,0,0,0,0,0,0,0,50176,0,0,0,0,0,0,0,0,0,0,0,0,0,0,0,0,0,0,0,0,0,0,0,0,50176,0,0,0,0,0,0,0,0,0,0,0,0,0,0,0,0,0,0,0,0,0,0,0,0,TCGA-GM-A3XL-DX1_xmin29910_ymin15820_MPP-0.2500+47
34515,0,0,0,0,0,0,0,0,0,0,0,0,0,0,0,0,0,0,0,0,0,0,0,15661,34515,0,0,0,0,0,0,0,0,0,0,0,0,0,0,0,0,0,0,0,0,0,0,0,15661,34515,0,0,0,0,0,0,0,0,0,0,0,0,0,0,0,0,0,0,0,0,0,0,0,15661,TCGA-GM-A3XL-DX1_xmin29910_ymin15820_MPP-0.2500+48
20356,0,0,0,0,183,0,0,0,0,0,0,0,0,0,0,0,0,0,0,0,0,0,0,29637,20356,0,0,0,0,183,0,0,0,0,0,0,0,0,0,0,0,0,0,0,0,0,0,0,29637,20356,0,0,0,0,183,0,0,0,0,0,0,0,0,0,0,0,0,0,0,0,0,0,0,29637,TCGA-GM-A3XL-DX1_xmin29910_ymin15820_MPP-0.2500+49
0,0,0,0,0,0,0,0,0,0,0,0,0,0,0,16,0,0,50160,0,0,0,0,0,0,0,0,0,0,0,0,0,0,0,0,0,0,0,0,0,16,0,0,50160,0,0,0,0,0,0,0,0,0,0,0,0,0,0,0,0,0,0,0,0,0,0,0,0,50176,0,0,0,0,0,0,TCGA-GM-A3XL-DX1_xmin29910_ymin15820_MPP-0.2500+5
45742,0,0,0,0,1516,0,0,0,0,0,0,0,0,0,1155,0,0,0,0,0,0,0,0,1763,45742,0,0,0,0,1516,0,0,0,0,0,0,0,0,0,1155,0,0,0,0,0,0,0,0,1763,45742,0,0,0,0,1516,0,0,0,0,0,0,0,0,0,1155,0,0,0,0,0,0,0,0,1763,TCGA-GM-A3XL-DX1_xmin29910_ymin15820_MPP-0.2500+50
30821,0,0,787,0,1251,0,0,2764,0,0,0,0,0,0,0,0,0,8122,0,0,0,0,0,6431,31045,0,0,563,0,1328,0,0,2687,0,0,0,0,0,0,210,0,0,7912,0,0,0,0,0,6431,31027,0,0,581,0,1336,0,0,2679,0,0,0,0,0,0,584,0,0,7538,0,0,0,0,0,6431,TCGA-GM-A3XL-DX1_xmin29910_ymin15820_MPP-0.2500+51
10494,0,0,0,0,1633,0,0,82,0,0,0,0,0,0,2992,0,0,23110,0,0,0,0,0,11865,10494,0,0,0,0,1681,0,0,34,0,0,0,0,0,0,3326,0,0,22776,0,0,0,0,0,11865,10446,0,0,48,0,1657,0,0,58,0,0,0,0,0,0,3236,0,0,22866,0,0,0,0,0,11865,TCGA-GM-A3XL-DX1_xmin29910_ymin15820_MPP-0.2500+52
0,0,0,0,0,0,0,0,0,0,0,0,0,0,0,1008,0,0,48168,0,0,0,0,0,1000,0,0,0,0,0,0,0,0,0,0,0,0,0,0,0,816,0,0,48360,0,0,0,0,0,1000,0,0,0,0,0,0,0,0,0,0,0,0,0,0,0,816,0,0,48360,0,0,0,0,0,1000,TCGA-GM-A3XL-DX1_xmin29910_ymin15820_MPP-0.2500+53
0,0,0,0,0,0,0,0,0,0,0,0,0,0,0,976,0,0,49200,0,0,0,0,0,0,0,0,0,0,0,0,0,0,0,0,0,0,0,0,0,976,0,0,49200,0,0,0,0,0,0,0,0,0,0,0,0,0,0,0,0,0,0,0,0,0,592,0,0,49584,0,0,0,0,0,0,TCGA-GM-A3XL-DX1_xmin29910_ymin15820_MPP-0.2500+54
13805,0,0,1229,0,780,0,0,666,0,0,0,0,0,0,1566,0,0,31645,0,0,0,0,0,485,13940,0,0,1094,0,832,0,0,614,0,0,0,0,0,0,1589,0,0,31622,0,0,0,0,0,485,13918,0,0,1116,0,827,0,0,619,0,0,0,0,0,0,1534,0,0,31677,0,0,0,0,0,485,TCGA-GM-A3XL-DX1_xmin29910_ymin15820_MPP-0.2500+55
50176,0,0,0,0,0,0,0,0,0,0,0,0,0,0,0,0,0,0,0,0,0,0,0,0,50176,0,0,0,0,0,0,0,0,0,0,0,0,0,0,0,0,0,0,0,0,0,0,0,0,50176,0,0,0,0,0,0,0,0,0,0,0,0,0,0,0,0,0,0,0,0,0,0,0,0,TCGA-GM-A3XL-DX1_xmin29910_ymin15820_MPP-0.2500+56
50176,0,0,0,0,0,0,0,0,0,0,0,0,0,0,0,0,0,0,0,0,0,0,0,0,50176,0,0,0,0,0,0,0,0,0,0,0,0,0,0,0,0,0,0,0,0,0,0,0,0,50176,0,0,0,0,0,0,0,0,0,0,0,0,0,0,0,0,0,0,0,0,0,0,0,0,TCGA-GM-A3XL-DX1_xmin29910_ymin15820_MPP-0.2500+57
48420,0,0,0,0,1664,0,0,0,0,0,0,0,0,0,0,0,0,0,0,0,0,0,0,92,48420,0,0,0,0,1664,0,0,0,0,0,0,0,0,0,0,0,0,0,0,0,0,0,0,92,48420,0,0,0,0,1664,0,0,0,0,0,0,0,0,0,0,0,0,0,0,0,0,0,0,92,TCGA-GM-A3XL-DX1_xmin29910_ymin15820_MPP-0.2500+58
30974,0,0,0,0,6761,0,0,0,0,0,0,0,0,0,0,0,0,0,0,0,0,0,0,12441,30974,0,0,0,0,6761,0,0,0,0,0,0,0,0,0,0,0,0,0,0,0,0,0,0,12441,30974,0,0,0,0,6761,0,0,0,0,0,0,0,0,0,0,0,0,0,0,0,0,0,0,12441,TCGA-GM-A3XL-DX1_xmin29910_ymin15820_MPP-0.2500+59
27980,0,0,3978,0,1910,0,0,271,0,0,0,0,0,0,4541,0,0,11189,0,0,0,0,0,307,31958,0,0,0,0,2181,0,0,0,0,0,0,0,0,0,15730,0,0,0,0,0,0,0,0,307,31958,0,0,0,0,2181,0,0,0,0,0,0,0,0,0,15730,0,0,0,0,0,0,0,0,307,TCGA-GM-A3XL-DX1_xmin29910_ymin15820_MPP-0.2500+6
22532,7771,0,0,0,1020,14115,0,0,0,0,0,0,0,0,0,0,0,0,0,0,0,0,0,4738,22653,7650,0,0,0,987,14148,0,0,0,0,0,0,0,0,0,0,0,0,0,0,0,0,0,4738,22641,7662,0,0,0,911,14224,0,0,0,0,0,0,0,0,0,0,0,0,0,0,0,0,0,4738,TCGA-GM-A3XL-DX1_xmin29910_ymin15820_MPP-0.2500+60
33390,8824,0,0,0,3,7959,0,0,0,0,0,0,0,0,0,0,0,0,0,0,0,0,0,0,33321,8893,0,0,0,1,7961,0,0,0,0,0,0,0,0,0,0,0,0,0,0,0,0,0,0,33151,9063,0,0,0,0,7962,0,0,0,0,0,0,0,0,0,0,0,0,0,0,0,0,0,0,TCGA-GM-A3XL-DX1_xmin29910_ymin15820_MPP-0.2500+61
50176,0,0,0,0,0,0,0,0,0,0,0,0,0,0,0,0,0,0,0,0,0,0,0,0,50176,0,0,0,0,0,0,0,0,0,0,0,0,0,0,0,0,0,0,0,0,0,0,0,0,50176,0,0,0,0,0,0,0,0,0,0,0,0,0,0,0,0,0,0,0,0,0,0,0,0,TCGA-GM-A3XL-DX1_xmin29910_ymin15820_MPP-0.2500+62
50176,0,0,0,0,0,0,0,0,0,0,0,0,0,0,0,0,0,0,0,0,0,0,0,0,50176,0,0,0,0,0,0,0,0,0,0,0,0,0,0,0,0,0,0,0,0,0,0,0,0,50176,0,0,0,0,0,0,0,0,0,0,0,0,0,0,0,0,0,0,0,0,0,0,0,0,TCGA-GM-A3XL-DX1_xmin29910_ymin15820_MPP-0.2500+63
49557,0,0,0,0,409,0,0,0,0,0,0,0,0,0,0,0,0,0,0,0,0,0,0,210,49557,0,0,0,0,409,0,0,0,0,0,0,0,0,0,0,0,0,0,0,0,0,0,0,210,49557,0,0,0,0,409,0,0,0,0,0,0,0,0,0,0,0,0,0,0,0,0,0,0,210,TCGA-GM-A3XL-DX1_xmin29910_ymin15820_MPP-0.2500+64
14987,0,0,0,0,3809,0,0,0,0,0,0,0,0,0,811,0,0,15260,0,0,0,0,0,15309,14987,0,0,0,0,3809,0,0,0,0,0,0,0,0,0,749,0,0,15322,0,0,0,0,0,15309,14987,0,0,0,0,3809,0,0,0,0,0,0,0,0,0,648,0,0,15423,0,0,0,0,0,15309,TCGA-GM-A3XL-DX1_xmin29910_ymin15820_MPP-0.2500+65
0,0,0,0,0,0,0,0,0,0,0,0,0,0,0,1008,0,0,48777,0,0,0,0,0,391,0,0,0,0,0,0,0,0,0,0,0,0,0,0,0,1040,0,0,48745,0,0,0,0,0,391,0,0,0,0,0,0,0,0,0,0,0,0,0,0,0,1040,0,0,48745,0,0,0,0,0,391,TCGA-GM-A3XL-DX1_xmin29910_ymin15820_MPP-0.2500+66
5089,0,0,3677,0,2,0,0,1137,0,0,0,0,0,0,125,0,0,40144,0,0,0,0,0,2,5238,0,0,3528,0,2,0,0,1137,0,0,0,0,0,0,200,0,0,40069,0,0,0,0,0,2,4982,0,0,3784,0,2,0,0,1137,0,0,0,0,0,0,200,0,0,40069,0,0,0,0,0,2,TCGA-GM-A3XL-DX1_xmin29910_ymin15820_MPP-0.2500+67
50176,0,0,0,0,0,0,0,0,0,0,0,0,0,0,0,0,0,0,0,0,0,0,0,0,50176,0,0,0,0,0,0,0,0,0,0,0,0,0,0,0,0,0,0,0,0,0,0,0,0,50176,0,0,0,0,0,0,0,0,0,0,0,0,0,0,0,0,0,0,0,0,0,0,0,0,TCGA-GM-A3XL-DX1_xmin29910_ymin15820_MPP-0.2500+68
50176,0,0,0,0,0,0,0,0,0,0,0,0,0,0,0,0,0,0,0,0,0,0,0,0,50176,0,0,0,0,0,0,0,0,0,0,0,0,0,0,0,0,0,0,0,0,0,0,0,0,50176,0,0,0,0,0,0,0,0,0,0,0,0,0,0,0,0,0,0,0,0,0,0,0,0,TCGA-GM-A3XL-DX1_xmin29910_ymin15820_MPP-0.2500+69
38378,6577,0,0,0,544,1490,0,0,0,0,0,0,0,0,0,0,0,0,0,0,0,0,0,3187,38194,6761,0,0,0,543,1491,0,0,0,0,0,0,0,0,0,0,0,0,0,0,0,0,0,3187,37591,7364,0,0,0,539,1495,0,0,0,0,0,0,0,0,0,0,0,0,0,0,0,0,0,3187,TCGA-GM-A3XL-DX1_xmin29910_ymin15820_MPP-0.2500+7
45422,0,0,0,0,603,0,0,0,0,0,0,0,0,0,0,0,0,0,0,0,0,0,0,4151,45422,0,0,0,0,603,0,0,0,0,0,0,0,0,0,0,0,0,0,0,0,0,0,0,4151,45422,0,0,0,0,603,0,0,0,0,0,0,0,0,0,0,0,0,0,0,0,0,0,0,4151,TCGA-GM-A3XL-DX1_xmin29910_ymin15820_MPP-0.2500+70
0,0,0,136,0,0,0,0,383,0,0,0,0,0,0,0,0,0,0,0,0,0,0,0,49657,0,0,0,136,0,0,0,0,383,0,0,0,0,0,0,0,0,0,0,0,0,0,0,0,49657,0,0,0,136,0,0,0,0,383,0,0,0,0,0,0,0,0,0,0,0,0,0,0,0,49657,TCGA-GM-A3XL-DX1_xmin29910_ymin15820_MPP-0.2500+71
2415,0,0,305,0,1,0,0,26,0,0,0,0,0,0,0,0,0,0,0,0,0,0,0,47429,2351,0,0,369,0,1,0,0,26,0,0,0,0,0,0,0,0,0,0,0,0,0,0,0,47429,2351,0,0,369,0,1,0,0,26,0,0,0,0,0,0,0,0,0,0,0,0,0,0,0,47429,TCGA-GM-A3XL-DX1_xmin29910_ymin15820_MPP-0.2500+72
28026,1908,0,0,0,3160,13125,0,0,0,0,0,0,0,0,0,0,0,0,0,0,0,0,0,3957,28042,1892,0,0,0,3323,12962,0,0,0,0,0,0,0,0,0,0,0,0,0,0,0,0,0,3957,28027,1907,0,0,0,3358,12927,0,0,0,0,0,0,0,0,0,0,0,0,0,0,0,0,0,3957,TCGA-GM-A3XL-DX1_xmin29910_ymin15820_MPP-0.2500+73
50176,0,0,0,0,0,0,0,0,0,0,0,0,0,0,0,0,0,0,0,0,0,0,0,0,50176,0,0,0,0,0,0,0,0,0,0,0,0,0,0,0,0,0,0,0,0,0,0,0,0,50176,0,0,0,0,0,0,0,0,0,0,0,0,0,0,0,0,0,0,0,0,0,0,0,0,TCGA-GM-A3XL-DX1_xmin29910_ymin15820_MPP-0.2500+74
45784,0,0,0,0,1057,0,0,0,0,0,0,0,0,0,0,0,0,0,0,0,0,0,0,3335,45784,0,0,0,0,1057,0,0,0,0,0,0,0,0,0,0,0,0,0,0,0,0,0,0,3335,45784,0,0,0,0,1057,0,0,0,0,0,0,0,0,0,0,0,0,0,0,0,0,0,0,3335,TCGA-GM-A3XL-DX1_xmin29910_ymin15820_MPP-0.2500+75
50176,0,0,0,0,0,0,0,0,0,0,0,0,0,0,0,0,0,0,0,0,0,0,0,0,50176,0,0,0,0,0,0,0,0,0,0,0,0,0,0,0,0,0,0,0,0,0,0,0,0,50176,0,0,0,0,0,0,0,0,0,0,0,0,0,0,0,0,0,0,0,0,0,0,0,0,TCGA-GM-A3XL-DX1_xmin29910_ymin15820_MPP-0.2500+76
49921,0,0,0,0,1,0,0,0,0,0,0,0,0,0,0,0,0,0,0,0,0,0,0,254,49921,0,0,0,0,1,0,0,0,0,0,0,0,0,0,0,0,0,0,0,0,0,0,0,254,49921,0,0,0,0,1,0,0,0,0,0,0,0,0,0,0,0,0,0,0,0,0,0,0,254,TCGA-GM-A3XL-DX1_xmin29910_ymin15820_MPP-0.2500+77
35352,0,0,0,0,1761,0,0,0,0,0,0,0,0,0,8335,0,0,0,0,0,0,0,0,4728,35352,0,0,0,0,1761,0,0,0,0,0,0,0,0,0,8335,0,0,0,0,0,0,0,0,4728,35352,0,0,0,0,1761,0,0,0,0,0,0,0,0,0,8335,0,0,0,0,0,0,0,0,4728,TCGA-GM-A3XL-DX1_xmin29910_ymin15820_MPP-0.2500+78
13117,0,0,1185,0,1289,0,0,1396,0,0,0,0,0,0,10056,0,0,21926,0,0,0,0,0,1207,13065,0,0,1237,0,1393,0,0,1292,0,0,0,0,0,0,10596,0,0,21386,0,0,0,0,0,1207,13032,0,0,1270,0,1377,0,0,1308,0,0,0,0,0,0,10580,0,0,21402,0,0,0,0,0,1207,TCGA-GM-A3XL-DX1_xmin29910_ymin15820_MPP-0.2500+79
50154,0,0,0,0,22,0,0,0,0,0,0,0,0,0,0,0,0,0,0,0,0,0,0,0,50154,0,0,0,0,22,0,0,0,0,0,0,0,0,0,0,0,0,0,0,0,0,0,0,0,50154,0,0,0,0,22,0,0,0,0,0,0,0,0,0,0,0,0,0,0,0,0,0,0,0,TCGA-GM-A3XL-DX1_xmin29910_ymin15820_MPP-0.2500+8
45790,0,0,0,0,700,0,0,0,0,0,0,0,0,0,3686,0,0,0,0,0,0,0,0,0,45790,0,0,0,0,700,0,0,0,0,0,0,0,0,0,3686,0,0,0,0,0,0,0,0,0,45790,0,0,0,0,700,0,0,0,0,0,0,0,0,0,3686,0,0,0,0,0,0,0,0,0,TCGA-GM-A3XL-DX1_xmin29910_ymin15820_MPP-0.2500+80
50176,0,0,0,0,0,0,0,0,0,0,0,0,0,0,0,0,0,0,0,0,0,0,0,0,50176,0,0,0,0,0,0,0,0,0,0,0,0,0,0,0,0,0,0,0,0,0,0,0,0,50176,0,0,0,0,0,0,0,0,0,0,0,0,0,0,0,0,0,0,0,0,0,0,0,0,TCGA-GM-A3XL-DX1_xmin29910_ymin15820_MPP-0.2500+81
50176,0,0,0,0,0,0,0,0,0,0,0,0,0,0,0,0,0,0,0,0,0,0,0,0,50176,0,0,0,0,0,0,0,0,0,0,0,0,0,0,0,0,0,0,0,0,0,0,0,0,50176,0,0,0,0,0,0,0,0,0,0,0,0,0,0,0,0,0,0,0,0,0,0,0,0,TCGA-GM-A3XL-DX1_xmin29910_ymin15820_MPP-0.2500+82
19439,0,0,0,0,3336,0,0,0,0,0,0,0,0,0,0,0,0,0,0,0,0,0,0,27401,19439,0,0,0,0,3336,0,0,0,0,0,0,0,0,0,0,0,0,0,0,0,0,0,0,27401,19439,0,0,0,0,3336,0,0,0,0,0,0,0,0,0,0,0,0,0,0,0,0,0,0,27401,TCGA-GM-A3XL-DX1_xmin29910_ymin15820_MPP-0.2500+83
8087,0,0,0,0,944,0,0,0,0,0,0,0,0,0,0,0,0,0,0,0,0,0,0,41145,8087,0,0,0,0,944,0,0,0,0,0,0,0,0,0,0,0,0,0,0,0,0,0,0,41145,8087,0,0,0,0,944,0,0,0,0,0,0,0,0,0,0,0,0,0,0,0,0,0,0,41145,TCGA-GM-A3XL-DX1_xmin29910_ymin15820_MPP-0.2500+84
35780,0,0,0,0,12473,0,0,0,0,0,0,0,0,0,0,0,0,0,0,0,0,0,0,1923,35780,0,0,0,0,12473,0,0,0,0,0,0,0,0,0,0,0,0,0,0,0,0,0,0,1923,35780,0,0,0,0,12473,0,0,0,0,0,0,0,0,0,0,0,0,0,0,0,0,0,0,1923,TCGA-GM-A3XL-DX1_xmin29910_ymin15820_MPP-0.2500+85
32238,0,0,0,0,16062,0,0,0,0,0,0,0,0,0,0,0,0,0,0,0,0,0,0,1876,32238,0,0,0,0,16062,0,0,0,0,0,0,0,0,0,0,0,0,0,0,0,0,0,0,1876,32238,0,0,0,0,16062,0,0,0,0,0,0,0,0,0,0,0,0,0,0,0,0,0,0,1876,TCGA-GM-A3XL-DX1_xmin29910_ymin15820_MPP-0.2500+86
5415,2571,0,0,0,795,9988,0,0,0,0,0,0,0,0,0,0,0,0,0,0,0,0,0,31407,5278,2708,0,0,0,900,9883,0,0,0,0,0,0,0,0,0,0,0,0,0,0,0,0,0,31407,5163,2823,0,0,0,914,9869,0,0,0,0,0,0,0,0,0,0,0,0,0,0,0,0,0,31407,TCGA-GM-A3XL-DX1_xmin29910_ymin15820_MPP-0.2500+87
47111,0,0,0,0,3065,0,0,0,0,0,0,0,0,0,0,0,0,0,0,0,0,0,0,0,47111,0,0,0,0,3065,0,0,0,0,0,0,0,0,0,0,0,0,0,0,0,0,0,0,0,47111,0,0,0,0,3065,0,0,0,0,0,0,0,0,0,0,0,0,0,0,0,0,0,0,0,TCGA-GM-A3XL-DX1_xmin29910_ymin15820_MPP-0.2500+88
50176,0,0,0,0,0,0,0,0,0,0,0,0,0,0,0,0,0,0,0,0,0,0,0,0,50176,0,0,0,0,0,0,0,0,0,0,0,0,0,0,0,0,0,0,0,0,0,0,0,0,50176,0,0,0,0,0,0,0,0,0,0,0,0,0,0,0,0,0,0,0,0,0,0,0,0,TCGA-GM-A3XL-DX1_xmin29910_ymin15820_MPP-0.2500+89
0,0,0,91,0,0,0,0,1438,0,0,0,0,0,0,336,0,0,46650,0,0,0,0,0,1661,0,0,0,91,0,0,0,0,1438,0,0,0,0,0,0,400,0,0,46586,0,0,0,0,0,1661,0,0,0,91,0,0,0,0,1438,0,0,0,0,0,0,336,0,0,46650,0,0,0,0,0,1661,TCGA-GM-A3XL-DX1_xmin29910_ymin15820_MPP-0.2500+9
50176,0,0,0,0,0,0,0,0,0,0,0,0,0,0,0,0,0,0,0,0,0,0,0,0,50176,0,0,0,0,0,0,0,0,0,0,0,0,0,0,0,0,0,0,0,0,0,0,0,0,50176,0,0,0,0,0,0,0,0,0,0,0,0,0,0,0,0,0,0,0,0,0,0,0,0,TCGA-GM-A3XL-DX1_xmin29910_ymin15820_MPP-0.2500+90
49935,0,0,0,0,0,0,0,0,0,0,0,0,0,0,241,0,0,0,0,0,0,0,0,0,49935,0,0,0,0,0,0,0,0,0,0,0,0,0,0,241,0,0,0,0,0,0,0,0,0,49935,0,0,0,0,0,0,0,0,0,0,0,0,0,0,241,0,0,0,0,0,0,0,0,0,TCGA-GM-A3XL-DX1_xmin29910_ymin15820_MPP-0.2500+91
47043,0,0,0,0,5,0,0,0,0,0,0,0,0,0,3128,0,0,0,0,0,0,0,0,0,47043,0,0,0,0,5,0,0,0,0,0,0,0,0,0,3128,0,0,0,0,0,0,0,0,0,47043,0,0,0,0,5,0,0,0,0,0,0,0,0,0,3128,0,0,0,0,0,0,0,0,0,TCGA-GM-A3XL-DX1_xmin29910_ymin15820_MPP-0.2500+92
50176,0,0,0,0,0,0,0,0,0,0,0,0,0,0,0,0,0,0,0,0,0,0,0,0,50176,0,0,0,0,0,0,0,0,0,0,0,0,0,0,0,0,0,0,0,0,0,0,0,0,50176,0,0,0,0,0,0,0,0,0,0,0,0,0,0,0,0,0,0,0,0,0,0,0,0,TCGA-GM-A3XL-DX1_xmin29910_ymin15820_MPP-0.2500+93
50176,0,0,0,0,0,0,0,0,0,0,0,0,0,0,0,0,0,0,0,0,0,0,0,0,50176,0,0,0,0,0,0,0,0,0,0,0,0,0,0,0,0,0,0,0,0,0,0,0,0,50176,0,0,0,0,0,0,0,0,0,0,0,0,0,0,0,0,0,0,0,0,0,0,0,0,TCGA-GM-A3XL-DX1_xmin29910_ymin15820_MPP-0.2500+94
50176,0,0,0,0,0,0,0,0,0,0,0,0,0,0,0,0,0,0,0,0,0,0,0,0,50176,0,0,0,0,0,0,0,0,0,0,0,0,0,0,0,0,0,0,0,0,0,0,0,0,50176,0,0,0,0,0,0,0,0,0,0,0,0,0,0,0,0,0,0,0,0,0,0,0,0,TCGA-GM-A3XL-DX1_xmin29910_ymin15820_MPP-0.2500+95
50176,0,0,0,0,0,0,0,0,0,0,0,0,0,0,0,0,0,0,0,0,0,0,0,0,50176,0,0,0,0,0,0,0,0,0,0,0,0,0,0,0,0,0,0,0,0,0,0,0,0,50176,0,0,0,0,0,0,0,0,0,0,0,0,0,0,0,0,0,0,0,0,0,0,0,0,TCGA-GM-A3XL-DX1_xmin29910_ymin15820_MPP-0.2500+96
38462,0,0,0,0,11714,0,0,0,0,0,0,0,0,0,0,0,0,0,0,0,0,0,0,0,38462,0,0,0,0,11714,0,0,0,0,0,0,0,0,0,0,0,0,0,0,0,0,0,0,0,38462,0,0,0,0,11714,0,0,0,0,0,0,0,0,0,0,0,0,0,0,0,0,0,0,0,TCGA-GM-A3XL-DX1_xmin29910_ymin15820_MPP-0.2500+97
40310,525,0,0,0,3661,5680,0,0,0,0,0,0,0,0,0,0,0,0,0,0,0,0,0,0,40358,477,0,0,0,3694,5647,0,0,0,0,0,0,0,0,0,0,0,0,0,0,0,0,0,0,40452,383,0,0,0,3745,5596,0,0,0,0,0,0,0,0,0,0,0,0,0,0,0,0,0,0,TCGA-GM-A3XL-DX1_xmin29910_ymin15820_MPP-0.2500+98
128,4015,0,0,0,0,46033,0,0,0,0,0,0,0,0,0,0,0,0,0,0,0,0,0,0,389,3754,0,0,0,123,45910,0,0,0,0,0,0,0,0,0,0,0,0,0,0,0,0,0,0,320,3823,0,0,0,64,45969,0,0,0,0,0,0,0,0,0,0,0,0,0,0,0,0,0,0,TCGA-GM-A3XL-DX1_xmin29910_ymin15820_MPP-0.2500+99
0,0,0,0,0,0,10607,0,0,0,0,0,0,0,0,0,16934,22635,0,0,0,0,0,0,0,0,0,0,0,0,0,10607,0,0,0,0,0,0,0,0,0,17353,22216,0,0,0,0,0,0,0,0,0,0,0,0,0,10607,0,0,0,0,0,0,0,0,0,17174,22395,0,0,0,0,0,0,0,TCGA-HN-A2NL-DX1_xmin11931_ymin5764_MPP-0.2500+0
0,0,0,0,0,0,3581,495,0,0,0,0,0,0,0,0,15121,30979,0,0,0,0,0,0,0,0,0,0,0,0,0,3603,473,0,0,0,0,0,0,0,0,15802,30298,0,0,0,0,0,0,0,0,0,0,0,0,0,3565,511,0,0,0,0,0,0,0,0,15396,30704,0,0,0,0,0,0,0,TCGA-HN-A2NL-DX1_xmin11931_ymin5764_MPP-0.2500+1
18055,2928,0,0,0,5192,18385,0,0,0,0,0,0,0,0,2967,2649,0,0,0,0,0,0,0,0,17875,3108,0,0,0,4269,19308,0,0,0,0,0,0,0,0,3048,2568,0,0,0,0,0,0,0,0,17840,3143,0,0,0,4382,19195,0,0,0,0,0,0,0,0,3063,2553,0,0,0,0,0,0,0,0,TCGA-HN-A2NL-DX1_xmin11931_ymin5764_MPP-0.2500+10
7304,928,0,0,0,4232,18767,0,0,0,0,0,0,0,0,8720,10225,0,0,0,0,0,0,0,0,7229,1003,0,0,0,4586,18413,0,0,0,0,0,0,0,0,7590,11355,0,0,0,0,0,0,0,0,7346,886,0,0,0,4981,18018,0,0,0,0,0,0,0,0,7465,11480,0,0,0,0,0,0,0,0,TCGA-HN-A2NL-DX1_xmin11931_ymin5764_MPP-0.2500+11
0,1310,0,0,0,0,732,308,0,0,0,0,0,0,0,0,35906,11920,0,0,0,0,0,0,0,0,1310,0,0,0,0,757,283,0,0,0,0,0,0,0,0,35601,12225,0,0,0,0,0,0,0,0,1310,0,0,0,0,755,285,0,0,0,0,0,0,0,0,35152,12674,0,0,0,0,0,0,0,TCGA-HN-A2NL-DX1_xmin11931_ymin5764_MPP-0.2500+12
0,0,0,0,0,0,0,0,0,0,0,0,0,0,0,0,26396,23780,0,0,0,0,0,0,0,0,0,0,0,0,0,0,0,0,0,0,0,0,0,0,0,26768,23408,0,0,0,0,0,0,0,0,0,0,0,0,0,0,0,0,0,0,0,0,0,0,0,27238,22938,0,0,0,0,0,0,0,TCGA-HN-A2NL-DX1_xmin11931_ymin5764_MPP-0.2500+13
0,0,0,0,0,0,0,0,0,0,0,0,0,0,0,1760,0,0,48416,0,0,0,0,0,0,0,0,0,0,0,0,0,0,0,0,0,0,0,0,0,1952,0,0,48224,0,0,0,0,0,0,0,0,0,0,0,0,0,0,0,0,0,0,0,0,0,1824,0,0,48352,0,0,0,0,0,0,TCGA-HN-A2NL-DX1_xmin11931_ymin5764_MPP-0.2500+14
0,0,0,0,0,0,0,0,0,0,0,0,0,0,0,13344,0,0,36832,0,0,0,0,0,0,0,0,0,0,0,0,0,0,0,0,0,0,0,0,0,13056,0,0,37120,0,0,0,0,0,0,0,0,0,0,0,0,0,0,0,0,0,0,0,0,0,12544,0,0,37632,0,0,0,0,0,0,TCGA-HN-A2NL-DX1_xmin11931_ymin5764_MPP-0.2500+15
0,0,0,0,0,0,44636,0,0,0,0,0,0,0,0,0,5540,0,0,0,0,0,0,0,0,0,0,0,0,0,0,44636,0,0,0,0,0,0,0,0,0,5540,0,0,0,0,0,0,0,0,0,0,0,0,0,0,44636,0,0,0,0,0,0,0,0,0,5540,0,0,0,0,0,0,0,0,TCGA-HN-A2NL-DX1_xmin11931_ymin5764_MPP-0.2500+16
0,2773,0,0,0,0,39966,0,7399,0,0,0,0,0,0,0,38,0,0,0,0,0,0,0,0,0,2773,0,0,0,0,40505,0,6860,0,0,0,0,0,0,0,38,0,0,0,0,0,0,0,0,0,2773,0,0,0,0,39417,0,7948,0,0,0,0,0,0,0,38,0,0,0,0,0,0,0,0,TCGA-HN-A2NL-DX1_xmin11931_ymin5764_MPP-0.2500+17
0,21521,0,0,0,0,28655,0,0,0,0,0,0,0,0,0,0,0,0,0,0,0,0,0,0,0,21521,0,0,0,0,28655,0,0,0,0,0,0,0,0,0,0,0,0,0,0,0,0,0,0,0,21521,0,0,0,0,28655,0,0,0,0,0,0,0,0,0,0,0,0,0,0,0,0,0,0,TCGA-HN-A2NL-DX1_xmin11931_ymin5764_MPP-0.2500+18
14602,1540,0,0,0,3069,18777,0,0,0,0,0,0,0,0,4957,7231,0,0,0,0,0,0,0,0,14602,1540,0,0,0,2953,18893,0,0,0,0,0,0,0,0,5282,6906,0,0,0,0,0,0,0,0,14751,1391,0,0,0,3048,18798,0,0,0,0,0,0,0,0,5723,6465,0,0,0,0,0,0,0,0,TCGA-HN-A2NL-DX1_xmin11931_ymin5764_MPP-0.2500+19
0,0,0,0,0,0,8343,0,0,0,0,0,0,0,0,0,22366,19467,0,0,0,0,0,0,0,0,0,0,0,0,0,8343,0,0,0,0,0,0,0,0,0,22761,19072,0,0,0,0,0,0,0,0,0,0,0,0,0,8343,0,0,0,0,0,0,0,0,0,22522,19311,0,0,0,0,0,0,0,TCGA-HN-A2NL-DX1_xmin11931_ymin5764_MPP-0.2500+2
0,1513,0,0,0,0,13142,0,0,0,0,0,0,0,0,928,34593,0,0,0,0,0,0,0,0,96,1417,0,0,0,0,13142,0,0,0,0,0,0,0,0,928,34593,0,0,0,0,0,0,0,0,0,1513,0,0,0,0,13142,0,0,0,0,0,0,0,0,1216,34305,0,0,0,0,0,0,0,0,TCGA-HN-A2NL-DX1_xmin11931_ymin5764_MPP-0.2500+20
0,0,0,0,0,0,14478,959,0,0,0,0,0,0,0,0,10777,23962,0,0,0,0,0,0,0,0,0,0,0,0,0,14540,897,0,0,0,0,0,0,0,0,10922,23817,0,0,0,0,0,0,0,0,0,0,0,0,0,14519,918,0,0,0,0,0,0,0,0,11097,23642,0,0,0,0,0,0,0,TCGA-HN-A2NL-DX1_xmin11931_ymin5764_MPP-0.2500+21
0,0,0,0,0,676,0,0,1142,0,0,0,0,0,0,4844,0,0,43514,0,0,0,0,0,0,0,0,0,0,0,831,0,0,987,0,0,0,0,0,0,4593,0,0,43765,0,0,0,0,0,0,0,0,0,0,0,767,0,0,1051,0,0,0,0,0,0,3793,0,0,44565,0,0,0,0,0,0,TCGA-HN-A2NL-DX1_xmin11931_ymin5764_MPP-0.2500+22
0,0,0,0,0,0,0,0,0,0,0,0,0,0,0,3440,0,0,46736,0,0,0,0,0,0,0,0,0,0,0,0,0,0,0,0,0,0,0,0,0,4272,0,0,45904,0,0,0,0,0,0,0,0,0,0,0,0,0,0,0,0,0,0,0,0,0,3696,0,0,46480,0,0,0,0,0,0,TCGA-HN-A2NL-DX1_xmin11931_ymin5764_MPP-0.2500+23
0,8,0,0,0,0,50168,0,0,0,0,0,0,0,0,0,0,0,0,0,0,0,0,0,0,0,8,0,0,0,0,50168,0,0,0,0,0,0,0,0,0,0,0,0,0,0,0,0,0,0,0,8,0,0,0,0,50168,0,0,0,0,0,0,0,0,0,0,0,0,0,0,0,0,0,0,TCGA-HN-A2NL-DX1_xmin11931_ymin5764_MPP-0.2500+24
0,23195,0,0,0,0,26981,0,0,0,0,0,0,0,0,0,0,0,0,0,0,0,0,0,0,0,23195,0,0,0,0,26981,0,0,0,0,0,0,0,0,0,0,0,0,0,0,0,0,0,0,0,23195,0,0,0,0,26981,0,0,0,0,0,0,0,0,0,0,0,0,0,0,0,0,0,0,TCGA-HN-A2NL-DX1_xmin11931_ymin5764_MPP-0.2500+25
12180,4444,0,0,0,1562,31990,0,0,0,0,0,0,0,0,0,0,0,0,0,0,0,0,0,0,12075,4549,0,0,0,1460,32092,0,0,0,0,0,0,0,0,0,0,0,0,0,0,0,0,0,0,12141,4483,0,0,0,1581,31971,0,0,0,0,0,0,0,0,0,0,0,0,0,0,0,0,0,0,TCGA-HN-A2NL-DX1_xmin11931_ymin5764_MPP-0.2500+26
11664,7208,0,199,0,1640,25582,0,2998,0,0,0,0,0,0,0,0,0,885,0,0,0,0,0,0,11879,6874,0,318,0,1744,25554,0,2922,0,0,0,0,0,0,2,0,0,883,0,0,0,0,0,0,11968,6702,0,401,0,2021,25094,0,3105,0,0,0,0,0,0,26,0,0,859,0,0,0,0,0,0,TCGA-HN-A2NL-DX1_xmin11931_ymin5764_MPP-0.2500+27
33489,0,0,0,0,8731,0,0,0,0,0,0,0,0,0,7956,0,0,0,0,0,0,0,0,0,33489,0,0,0,0,8731,0,0,0,0,0,0,0,0,0,7956,0,0,0,0,0,0,0,0,0,33489,0,0,0,0,8731,0,0,0,0,0,0,0,0,0,7956,0,0,0,0,0,0,0,0,0,TCGA-HN-A2NL-DX1_xmin11931_ymin5764_MPP-0.2500+28
0,0,2469,0,0,0,0,0,0,0,0,0,0,0,0,1,0,47706,0,0,0,0,0,0,0,0,0,2469,0,0,0,0,0,0,0,0,0,0,0,0,1,0,47706,0,0,0,0,0,0,0,0,0,2469,0,0,0,0,0,0,0,0,0,0,0,0,1,0,47706,0,0,0,0,0,0,0,TCGA-HN-A2NL-DX1_xmin11931_ymin5764_MPP-0.2500+29
0,0,0,0,0,0,0,1432,0,0,0,0,0,0,0,1136,0,47608,0,0,0,0,0,0,0,0,0,0,0,0,0,0,1432,0,0,0,0,0,0,0,848,0,47896,0,0,0,0,0,0,0,0,0,0,0,0,0,0,1432,0,0,0,0,0,0,0,848,0,47896,0,0,0,0,0,0,0,TCGA-HN-A2NL-DX1_xmin11931_ymin5764_MPP-0.2500+3
0,0,0,0,0,0,0,0,0,0,0,0,0,0,0,4960,0,45216,0,0,0,0,0,0,0,0,0,0,0,0,0,0,0,0,0,0,0,0,0,0,4608,0,45568,0,0,0,0,0,0,0,0,0,0,0,0,0,0,0,0,0,0,0,0,0,0,4800,0,45376,0,0,0,0,0,0,0,TCGA-HN-A2NL-DX1_xmin11931_ymin5764_MPP-0.2500+30
0,0,0,0,0,0,0,0,0,0,0,0,0,0,0,624,0,0,49552,0,0,0,0,0,0,0,0,0,0,0,0,0,0,0,0,0,0,0,0,0,624,0,0,49552,0,0,0,0,0,0,0,0,0,0,0,0,0,0,0,0,0,0,0,0,0,624,0,0,49552,0,0,0,0,0,0,TCGA-HN-A2NL-DX1_xmin11931_ymin5764_MPP-0.2500+31
17583,6867,0,0,0,3683,22043,0,0,0,0,0,0,0,0,0,0,0,0,0,0,0,0,0,0,17226,7224,0,0,0,3378,22348,0,0,0,0,0,0,0,0,0,0,0,0,0,0,0,0,0,0,17216,7234,0,0,0,3609,22117,0,0,0,0,0,0,0,0,0,0,0,0,0,0,0,0,0,0,TCGA-HN-A2NL-DX1_xmin11931_ymin5764_MPP-0.2500+32
50176,0,0,0,0,0,0,0,0,0,0,0,0,0,0,0,0,0,0,0,0,0,0,0,0,50176,0,0,0,0,0,0,0,0,0,0,0,0,0,0,0,0,0,0,0,0,0,0,0,0,50176,0,0,0,0,0,0,0,0,0,0,0,0,0,0,0,0,0,0,0,0,0,0,0,0,TCGA-HN-A2NL-DX1_xmin11931_ymin5764_MPP-0.2500+33
31525,11308,0,0,0,692,6651,0,0,0,0,0,0,0,0,0,0,0,0,0,0,0,0,0,0,30512,12321,0,0,0,692,6651,0,0,0,0,0,0,0,0,0,0,0,0,0,0,0,0,0,0,30668,12165,0,0,0,692,6651,0,0,0,0,0,0,0,0,0,0,0,0,0,0,0,0,0,0,TCGA-HN-A2NL-DX1_xmin11931_ymin5764_MPP-0.2500+34
41188,0,0,0,0,8988,0,0,0,0,0,0,0,0,0,0,0,0,0,0,0,0,0,0,0,41188,0,0,0,0,8988,0,0,0,0,0,0,0,0,0,0,0,0,0,0,0,0,0,0,0,41188,0,0,0,0,8988,0,0,0,0,0,0,0,0,0,0,0,0,0,0,0,0,0,0,0,TCGA-HN-A2NL-DX1_xmin11931_ymin5764_MPP-0.2500+35
30812,0,0,0,0,19364,0,0,0,0,0,0,0,0,0,0,0,0,0,0,0,0,0,0,0,30812,0,0,0,0,19364,0,0,0,0,0,0,0,0,0,0,0,0,0,0,0,0,0,0,0,30812,0,0,0,0,19364,0,0,0,0,0,0,0,0,0,0,0,0,0,0,0,0,0,0,0,TCGA-HN-A2NL-DX1_xmin11931_ymin5764_MPP-0.2500+36
46944,0,0,0,0,0,0,0,0,0,0,0,0,0,0,3232,0,0,0,0,0,0,0,0,0,46944,0,0,0,0,0,0,0,0,0,0,0,0,0,0,3232,0,0,0,0,0,0,0,0,0,46944,0,0,0,0,0,0,0,0,0,0,0,0,0,0,3232,0,0,0,0,0,0,0,0,0,TCGA-HN-A2NL-DX1_xmin11931_ymin5764_MPP-0.2500+37
260,0,323,2430,0,0,0,0,0,0,0,0,0,0,0,188,0,33193,13782,0,0,0,0,0,0,2485,0,528,0,0,0,0,0,0,0,0,0,0,0,0,2267,0,44896,0,0,0,0,0,0,0,2280,0,733,0,0,0,0,0,0,0,0,0,0,0,0,2152,0,45011,0,0,0,0,0,0,0,TCGA-HN-A2NL-DX1_xmin11931_ymin5764_MPP-0.2500+38
0,0,0,0,0,0,0,0,0,0,0,0,0,0,0,9328,0,0,40848,0,0,0,0,0,0,0,0,0,0,0,0,0,0,0,0,0,0,0,0,0,9392,0,0,40784,0,0,0,0,0,0,0,0,0,0,0,0,0,0,0,0,0,0,0,0,0,9008,0,0,41168,0,0,0,0,0,0,TCGA-HN-A2NL-DX1_xmin11931_ymin5764_MPP-0.2500+39
0,0,0,0,0,0,0,0,0,0,0,0,0,0,0,2368,0,47808,0,0,0,0,0,0,0,0,0,0,0,0,0,0,0,0,0,0,0,0,0,0,2112,0,48064,0,0,0,0,0,0,0,0,0,0,0,0,0,0,0,0,0,0,0,0,0,0,2208,0,47968,0,0,0,0,0,0,0,TCGA-HN-A2NL-DX1_xmin11931_ymin5764_MPP-0.2500+4
29093,4308,0,0,0,3446,13329,0,0,0,0,0,0,0,0,0,0,0,0,0,0,0,0,0,0,28808,4593,0,0,0,3436,13339,0,0,0,0,0,0,0,0,0,0,0,0,0,0,0,0,0,0,28771,4630,0,0,0,3445,13330,0,0,0,0,0,0,0,0,0,0,0,0,0,0,0,0,0,0,TCGA-HN-A2NL-DX1_xmin11931_ymin5764_MPP-0.2500+40
44393,0,0,0,0,5783,0,0,0,0,0,0,0,0,0,0,0,0,0,0,0,0,0,0,0,44393,0,0,0,0,5783,0,0,0,0,0,0,0,0,0,0,0,0,0,0,0,0,0,0,0,44393,0,0,0,0,5783,0,0,0,0,0,0,0,0,0,0,0,0,0,0,0,0,0,0,0,TCGA-HN-A2NL-DX1_xmin11931_ymin5764_MPP-0.2500+41
25001,0,0,0,0,25175,0,0,0,0,0,0,0,0,0,0,0,0,0,0,0,0,0,0,0,25001,0,0,0,0,25175,0,0,0,0,0,0,0,0,0,0,0,0,0,0,0,0,0,0,0,25001,0,0,0,0,25175,0,0,0,0,0,0,0,0,0,0,0,0,0,0,0,0,0,0,0,TCGA-HN-A2NL-DX1_xmin11931_ymin5764_MPP-0.2500+42
31252,2130,0,0,0,7715,9079,0,0,0,0,0,0,0,0,0,0,0,0,0,0,0,0,0,0,31281,2101,0,0,0,7724,9070,0,0,0,0,0,0,0,0,0,0,0,0,0,0,0,0,0,0,31192,2190,0,0,0,7602,9192,0,0,0,0,0,0,0,0,0,0,0,0,0,0,0,0,0,0,TCGA-HN-A2NL-DX1_xmin11931_ymin5764_MPP-0.2500+43
49912,0,0,0,0,264,0,0,0,0,0,0,0,0,0,0,0,0,0,0,0,0,0,0,0,49912,0,0,0,0,264,0,0,0,0,0,0,0,0,0,0,0,0,0,0,0,0,0,0,0,49912,0,0,0,0,264,0,0,0,0,0,0,0,0,0,0,0,0,0,0,0,0,0,0,0,TCGA-HN-A2NL-DX1_xmin11931_ymin5764_MPP-0.2500+44
49010,0,0,0,0,1166,0,0,0,0,0,0,0,0,0,0,0,0,0,0,0,0,0,0,0,49010,0,0,0,0,1166,0,0,0,0,0,0,0,0,0,0,0,0,0,0,0,0,0,0,0,49010,0,0,0,0,1166,0,0,0,0,0,0,0,0,0,0,0,0,0,0,0,0,0,0,0,TCGA-HN-A2NL-DX1_xmin11931_ymin5764_MPP-0.2500+45
44115,0,0,0,0,0,0,0,0,0,0,0,0,0,0,6061,0,0,0,0,0,0,0,0,0,44115,0,0,0,0,0,0,0,0,0,0,0,0,0,0,6061,0,0,0,0,0,0,0,0,0,44115,0,0,0,0,0,0,0,0,0,0,0,0,0,0,6061,0,0,0,0,0,0,0,0,0,TCGA-HN-A2NL-DX1_xmin11931_ymin5764_MPP-0.2500+46
24223,0,0,0,0,0,0,0,0,0,0,0,0,0,0,25953,0,0,0,0,0,0,0,0,0,24223,0,0,0,0,0,0,0,0,0,0,0,0,0,0,25953,0,0,0,0,0,0,0,0,0,24223,0,0,0,0,0,0,0,0,0,0,0,0,0,0,25953,0,0,0,0,0,0,0,0,0,TCGA-HN-A2NL-DX1_xmin11931_ymin5764_MPP-0.2500+47
0,0,0,0,0,0,0,0,0,0,0,0,0,0,0,23552,0,0,26624,0,0,0,0,0,0,0,0,0,0,0,0,0,0,0,0,0,0,0,0,0,23776,0,0,26400,0,0,0,0,0,0,0,0,0,0,0,0,0,0,0,0,0,0,0,0,0,22976,0,0,27200,0,0,0,0,0,0,TCGA-HN-A2NL-DX1_xmin11931_ymin5764_MPP-0.2500+5
0,0,0,0,0,0,0,0,0,0,0,0,0,0,0,1472,17430,0,31274,0,0,0,0,0,0,0,0,0,0,0,0,0,0,0,0,0,0,0,0,0,1632,17887,0,30657,0,0,0,0,0,0,0,0,0,0,0,0,0,0,0,0,0,0,0,0,0,1632,17744,0,30800,0,0,0,0,0,0,TCGA-HN-A2NL-DX1_xmin11931_ymin5764_MPP-0.2500+6
0,0,0,0,0,0,0,0,0,0,0,0,0,0,0,7312,0,42864,0,0,0,0,0,0,0,0,0,0,0,0,0,0,0,0,0,0,0,0,0,0,6320,0,43856,0,0,0,0,0,0,0,0,0,0,0,0,0,0,0,0,0,0,0,0,0,0,5808,0,44368,0,0,0,0,0,0,0,TCGA-HN-A2NL-DX1_xmin11931_ymin5764_MPP-0.2500+7
0,0,0,0,0,0,10272,0,0,0,0,0,0,0,0,0,39904,0,0,0,0,0,0,0,0,0,0,0,0,0,0,10272,0,0,0,0,0,0,0,0,64,39840,0,0,0,0,0,0,0,0,0,0,0,0,0,0,10272,0,0,0,0,0,0,0,0,64,39840,0,0,0,0,0,0,0,0,TCGA-HN-A2NL-DX1_xmin11931_ymin5764_MPP-0.2500+8
0,10609,0,0,0,0,31977,0,0,0,0,0,0,0,0,0,7590,0,0,0,0,0,0,0,0,0,10609,0,0,0,0,31977,0,0,0,0,0,0,0,0,0,7590,0,0,0,0,0,0,0,0,0,10609,0,0,0,0,31977,0,0,0,0,0,0,0,0,0,7590,0,0,0,0,0,0,0,0,TCGA-HN-A2NL-DX1_xmin11931_ymin5764_MPP-0.2500+9
26991,6421,0,0,0,258,16506,0,0,0,0,0,0,0,0,0,0,0,0,0,0,0,0,0,0,26884,6528,0,0,0,261,16503,0,0,0,0,0,0,0,0,0,0,0,0,0,0,0,0,0,0,26601,6811,0,0,0,255,16509,0,0,0,0,0,0,0,0,0,0,0,0,0,0,0,0,0,0,TCGA-LL-A441-DX1_xmin82006_ymin43121_MPP-0.2500+0
25756,0,0,6188,0,12060,0,0,4014,0,0,0,0,0,0,0,0,0,0,0,0,0,0,0,2158,25460,0,0,6484,0,11659,0,0,4415,0,0,0,0,0,0,0,0,0,0,0,0,0,0,0,2158,24466,0,0,7478,0,11255,0,0,4819,0,0,0,0,0,0,0,0,0,0,0,0,0,0,0,2158,TCGA-LL-A441-DX1_xmin82006_ymin43121_MPP-0.2500+1
50141,0,0,0,0,35,0,0,0,0,0,0,0,0,0,0,0,0,0,0,0,0,0,0,0,50141,0,0,0,0,35,0,0,0,0,0,0,0,0,0,0,0,0,0,0,0,0,0,0,0,50141,0,0,0,0,35,0,0,0,0,0,0,0,0,0,0,0,0,0,0,0,0,0,0,0,TCGA-LL-A441-DX1_xmin82006_ymin43121_MPP-0.2500+10
50176,0,0,0,0,0,0,0,0,0,0,0,0,0,0,0,0,0,0,0,0,0,0,0,0,50176,0,0,0,0,0,0,0,0,0,0,0,0,0,0,0,0,0,0,0,0,0,0,0,0,50176,0,0,0,0,0,0,0,0,0,0,0,0,0,0,0,0,0,0,0,0,0,0,0,0,TCGA-LL-A441-DX1_xmin82006_ymin43121_MPP-0.2500+11
36539,12393,0,0,0,325,919,0,0,0,0,0,0,0,0,0,0,0,0,0,0,0,0,0,0,36530,12402,0,0,0,301,943,0,0,0,0,0,0,0,0,0,0,0,0,0,0,0,0,0,0,35901,13031,0,0,0,272,972,0,0,0,0,0,0,0,0,0,0,0,0,0,0,0,0,0,0,TCGA-LL-A441-DX1_xmin82006_ymin43121_MPP-0.2500+12
10889,16733,0,0,0,5983,16571,0,0,0,0,0,0,0,0,0,0,0,0,0,0,0,0,0,0,10855,16767,0,0,0,5680,16874,0,0,0,0,0,0,0,0,0,0,0,0,0,0,0,0,0,0,10860,16762,0,0,0,5531,17023,0,0,0,0,0,0,0,0,0,0,0,0,0,0,0,0,0,0,TCGA-LL-A441-DX1_xmin82006_ymin43121_MPP-0.2500+13
21561,7527,0,0,0,3884,17204,0,0,0,0,0,0,0,0,0,0,0,0,0,0,0,0,0,0,21617,7471,0,0,0,3856,17232,0,0,0,0,0,0,0,0,0,0,0,0,0,0,0,0,0,0,21411,7677,0,0,0,3521,17567,0,0,0,0,0,0,0,0,0,0,0,0,0,0,0,0,0,0,TCGA-LL-A441-DX1_xmin82006_ymin43121_MPP-0.2500+14
304,12795,0,0,0,0,37077,0,0,0,0,0,0,0,0,0,0,0,0,0,0,0,0,0,0,592,12507,0,0,0,0,37077,0,0,0,0,0,0,0,0,0,0,0,0,0,0,0,0,0,0,592,12507,0,0,0,0,37077,0,0,0,0,0,0,0,0,0,0,0,0,0,0,0,0,0,0,TCGA-LL-A441-DX1_xmin82006_ymin43121_MPP-0.2500+15
9524,12692,0,0,0,2956,25004,0,0,0,0,0,0,0,0,0,0,0,0,0,0,0,0,0,0,9107,13109,0,0,0,2673,25287,0,0,0,0,0,0,0,0,0,0,0,0,0,0,0,0,0,0,9232,12984,0,0,0,2715,25245,0,0,0,0,0,0,0,0,0,0,0,0,0,0,0,0,0,0,TCGA-LL-A441-DX1_xmin82006_ymin43121_MPP-0.2500+16
48961,0,0,0,0,1215,0,0,0,0,0,0,0,0,0,0,0,0,0,0,0,0,0,0,0,48961,0,0,0,0,1215,0,0,0,0,0,0,0,0,0,0,0,0,0,0,0,0,0,0,0,48961,0,0,0,0,1215,0,0,0,0,0,0,0,0,0,0,0,0,0,0,0,0,0,0,0,TCGA-LL-A441-DX1_xmin82006_ymin43121_MPP-0.2500+17
50176,0,0,0,0,0,0,0,0,0,0,0,0,0,0,0,0,0,0,0,0,0,0,0,0,50176,0,0,0,0,0,0,0,0,0,0,0,0,0,0,0,0,0,0,0,0,0,0,0,0,50176,0,0,0,0,0,0,0,0,0,0,0,0,0,0,0,0,0,0,0,0,0,0,0,0,TCGA-LL-A441-DX1_xmin82006_ymin43121_MPP-0.2500+18
50176,0,0,0,0,0,0,0,0,0,0,0,0,0,0,0,0,0,0,0,0,0,0,0,0,50176,0,0,0,0,0,0,0,0,0,0,0,0,0,0,0,0,0,0,0,0,0,0,0,0,50176,0,0,0,0,0,0,0,0,0,0,0,0,0,0,0,0,0,0,0,0,0,0,0,0,TCGA-LL-A441-DX1_xmin82006_ymin43121_MPP-0.2500+19
8434,6668,0,0,0,6593,28481,0,0,0,0,0,0,0,0,0,0,0,0,0,0,0,0,0,0,476,14626,0,0,0,20,35054,0,0,0,0,0,0,0,0,0,0,0,0,0,0,0,0,0,0,240,14862,0,0,0,0,35074,0,0,0,0,0,0,0,0,0,0,0,0,0,0,0,0,0,0,TCGA-LL-A441-DX1_xmin82006_ymin43121_MPP-0.2500+2
49924,0,0,0,0,252,0,0,0,0,0,0,0,0,0,0,0,0,0,0,0,0,0,0,0,49924,0,0,0,0,252,0,0,0,0,0,0,0,0,0,0,0,0,0,0,0,0,0,0,0,49924,0,0,0,0,252,0,0,0,0,0,0,0,0,0,0,0,0,0,0,0,0,0,0,0,TCGA-LL-A441-DX1_xmin82006_ymin43121_MPP-0.2500+20
0,11313,0,0,0,0,38760,0,0,0,0,0,0,0,0,0,0,0,0,0,0,0,0,0,103,0,11313,0,0,0,0,38760,0,0,0,0,0,0,0,0,0,0,0,0,0,0,0,0,0,103,0,11313,0,0,0,0,38760,0,0,0,0,0,0,0,0,0,0,0,0,0,0,0,0,0,103,TCGA-LL-A441-DX1_xmin82006_ymin43121_MPP-0.2500+21
40724,3927,0,0,0,239,5229,0,0,0,0,0,0,0,0,0,0,0,0,0,0,0,0,0,57,40713,3938,0,0,0,282,5186,0,0,0,0,0,0,0,0,0,0,0,0,0,0,0,0,0,57,40475,4176,0,0,0,312,5156,0,0,0,0,0,0,0,0,0,0,0,0,0,0,0,0,0,57,TCGA-LL-A441-DX1_xmin82006_ymin43121_MPP-0.2500+22
14692,11847,0,0,0,487,21577,0,0,0,0,0,0,0,0,0,0,0,0,0,0,0,0,0,1573,15025,11514,0,0,0,644,21420,0,0,0,0,0,0,0,0,0,0,0,0,0,0,0,0,0,1573,15196,11343,0,0,0,686,21378,0,0,0,0,0,0,0,0,0,0,0,0,0,0,0,0,0,1573,TCGA-LL-A441-DX1_xmin82006_ymin43121_MPP-0.2500+23
15482,22060,0,0,0,62,12572,0,0,0,0,0,0,0,0,0,0,0,0,0,0,0,0,0,0,16208,21334,0,0,0,128,12506,0,0,0,0,0,0,0,0,0,0,0,0,0,0,0,0,0,0,16519,21023,0,0,0,227,12407,0,0,0,0,0,0,0,0,0,0,0,0,0,0,0,0,0,0,TCGA-LL-A441-DX1_xmin82006_ymin43121_MPP-0.2500+24
14234,20508,0,0,0,0,15434,0,0,0,0,0,0,0,0,0,0,0,0,0,0,0,0,0,0,14559,20183,0,0,0,0,15434,0,0,0,0,0,0,0,0,0,0,0,0,0,0,0,0,0,0,15056,19686,0,0,0,0,15434,0,0,0,0,0,0,0,0,0,0,0,0,0,0,0,0,0,0,TCGA-LL-A441-DX1_xmin82006_ymin43121_MPP-0.2500+25
50176,0,0,0,0,0,0,0,0,0,0,0,0,0,0,0,0,0,0,0,0,0,0,0,0,50176,0,0,0,0,0,0,0,0,0,0,0,0,0,0,0,0,0,0,0,0,0,0,0,0,50176,0,0,0,0,0,0,0,0,0,0,0,0,0,0,0,0,0,0,0,0,0,0,0,0,TCGA-LL-A441-DX1_xmin82006_ymin43121_MPP-0.2500+26
50176,0,0,0,0,0,0,0,0,0,0,0,0,0,0,0,0,0,0,0,0,0,0,0,0,50176,0,0,0,0,0,0,0,0,0,0,0,0,0,0,0,0,0,0,0,0,0,0,0,0,50176,0,0,0,0,0,0,0,0,0,0,0,0,0,0,0,0,0,0,0,0,0,0,0,0,TCGA-LL-A441-DX1_xmin82006_ymin43121_MPP-0.2500+27
50176,0,0,0,0,0,0,0,0,0,0,0,0,0,0,0,0,0,0,0,0,0,0,0,0,50176,0,0,0,0,0,0,0,0,0,0,0,0,0,0,0,0,0,0,0,0,0,0,0,0,50176,0,0,0,0,0,0,0,0,0,0,0,0,0,0,0,0,0,0,0,0,0,0,0,0,TCGA-LL-A441-DX1_xmin82006_ymin43121_MPP-0.2500+28
50176,0,0,0,0,0,0,0,0,0,0,0,0,0,0,0,0,0,0,0,0,0,0,0,0,50176,0,0,0,0,0,0,0,0,0,0,0,0,0,0,0,0,0,0,0,0,0,0,0,0,50176,0,0,0,0,0,0,0,0,0,0,0,0,0,0,0,0,0,0,0,0,0,0,0,0,TCGA-LL-A441-DX1_xmin82006_ymin43121_MPP-0.2500+29
15121,1923,0,0,0,164,32968,0,0,0,0,0,0,0,0,0,0,0,0,0,0,0,0,0,0,14907,2137,0,0,0,99,33033,0,0,0,0,0,0,0,0,0,0,0,0,0,0,0,0,0,0,14723,2321,0,0,0,47,33085,0,0,0,0,0,0,0,0,0,0,0,0,0,0,0,0,0,0,TCGA-LL-A441-DX1_xmin82006_ymin43121_MPP-0.2500+3
50176,0,0,0,0,0,0,0,0,0,0,0,0,0,0,0,0,0,0,0,0,0,0,0,0,50176,0,0,0,0,0,0,0,0,0,0,0,0,0,0,0,0,0,0,0,0,0,0,0,0,50176,0,0,0,0,0,0,0,0,0,0,0,0,0,0,0,0,0,0,0,0,0,0,0,0,TCGA-LL-A441-DX1_xmin82006_ymin43121_MPP-0.2500+30
3717,10095,0,0,0,9379,14217,0,0,0,0,0,0,0,0,0,0,0,0,0,0,0,0,0,12768,3771,10041,0,0,0,9286,14310,0,0,0,0,0,0,0,0,0,0,0,0,0,0,0,0,0,12768,3903,9909,0,0,0,9343,14253,0,0,0,0,0,0,0,0,0,0,0,0,0,0,0,0,0,12768,TCGA-LL-A441-DX1_xmin82006_ymin43121_MPP-0.2500+31
6991,1795,0,0,0,9407,25482,0,0,0,0,0,0,0,0,0,0,0,0,0,0,0,0,0,6501,7165,1621,0,0,0,9950,24939,0,0,0,0,0,0,0,0,0,0,0,0,0,0,0,0,0,6501,7212,1574,0,0,0,10072,24817,0,0,0,0,0,0,0,0,0,0,0,0,0,0,0,0,0,6501,TCGA-LL-A441-DX1_xmin82006_ymin43121_MPP-0.2500+32
18632,3423,0,0,0,4394,20477,0,0,0,0,0,0,0,0,0,0,0,0,0,0,0,0,0,3250,18314,3741,0,0,0,4115,20756,0,0,0,0,0,0,0,0,0,0,0,0,0,0,0,0,0,3250,18276,3779,0,0,0,4098,20773,0,0,0,0,0,0,0,0,0,0,0,0,0,0,0,0,0,3250,TCGA-LL-A441-DX1_xmin82006_ymin43121_MPP-0.2500+33
23831,17906,0,0,0,266,8173,0,0,0,0,0,0,0,0,0,0,0,0,0,0,0,0,0,0,23655,18082,0,0,0,386,8053,0,0,0,0,0,0,0,0,0,0,0,0,0,0,0,0,0,0,23465,18272,0,0,0,457,7982,0,0,0,0,0,0,0,0,0,0,0,0,0,0,0,0,0,0,TCGA-LL-A441-DX1_xmin82006_ymin43121_MPP-0.2500+34
20655,8629,0,0,0,4726,15041,0,0,0,0,0,0,0,0,0,0,0,0,0,0,0,0,0,1125,20538,8746,0,0,0,4657,15110,0,0,0,0,0,0,0,0,0,0,0,0,0,0,0,0,0,1125,20949,8335,0,0,0,4707,15060,0,0,0,0,0,0,0,0,0,0,0,0,0,0,0,0,0,1125,TCGA-LL-A441-DX1_xmin82006_ymin43121_MPP-0.2500+35
23031,9566,0,0,0,1173,16406,0,0,0,0,0,0,0,0,0,0,0,0,0,0,0,0,0,0,23317,9280,0,0,0,1536,16043,0,0,0,0,0,0,0,0,0,0,0,0,0,0,0,0,0,0,23147,9450,0,0,0,1622,15957,0,0,0,0,0,0,0,0,0,0,0,0,0,0,0,0,0,0,TCGA-LL-A441-DX1_xmin82006_ymin43121_MPP-0.2500+36
49601,0,0,0,0,575,0,0,0,0,0,0,0,0,0,0,0,0,0,0,0,0,0,0,0,49601,0,0,0,0,575,0,0,0,0,0,0,0,0,0,0,0,0,0,0,0,0,0,0,0,49601,0,0,0,0,575,0,0,0,0,0,0,0,0,0,0,0,0,0,0,0,0,0,0,0,TCGA-LL-A441-DX1_xmin82006_ymin43121_MPP-0.2500+37
50176,0,0,0,0,0,0,0,0,0,0,0,0,0,0,0,0,0,0,0,0,0,0,0,0,50176,0,0,0,0,0,0,0,0,0,0,0,0,0,0,0,0,0,0,0,0,0,0,0,0,50176,0,0,0,0,0,0,0,0,0,0,0,0,0,0,0,0,0,0,0,0,0,0,0,0,TCGA-LL-A441-DX1_xmin82006_ymin43121_MPP-0.2500+38
50107,0,0,0,0,69,0,0,0,0,0,0,0,0,0,0,0,0,0,0,0,0,0,0,0,50107,0,0,0,0,69,0,0,0,0,0,0,0,0,0,0,0,0,0,0,0,0,0,0,0,50107,0,0,0,0,69,0,0,0,0,0,0,0,0,0,0,0,0,0,0,0,0,0,0,0,TCGA-LL-A441-DX1_xmin82006_ymin43121_MPP-0.2500+39
15825,9197,0,0,0,1067,24087,0,0,0,0,0,0,0,0,0,0,0,0,0,0,0,0,0,0,15941,9081,0,0,0,1176,23978,0,0,0,0,0,0,0,0,0,0,0,0,0,0,0,0,0,0,16344,8678,0,0,0,1258,23896,0,0,0,0,0,0,0,0,0,0,0,0,0,0,0,0,0,0,TCGA-LL-A441-DX1_xmin82006_ymin43121_MPP-0.2500+4
41146,6127,0,0,0,497,0,0,0,0,0,0,0,0,0,0,0,0,0,0,0,0,0,0,2406,41005,6268,0,0,0,497,0,0,0,0,0,0,0,0,0,0,0,0,0,0,0,0,0,0,2406,40496,6777,0,0,0,497,0,0,0,0,0,0,0,0,0,0,0,0,0,0,0,0,0,0,2406,TCGA-LL-A441-DX1_xmin82006_ymin43121_MPP-0.2500+40
25487,6258,0,0,0,3142,15289,0,0,0,0,0,0,0,0,0,0,0,0,0,0,0,0,0,0,25401,6344,0,0,0,3126,15305,0,0,0,0,0,0,0,0,0,0,0,0,0,0,0,0,0,0,25158,6587,0,0,0,3229,15202,0,0,0,0,0,0,0,0,0,0,0,0,0,0,0,0,0,0,TCGA-LL-A441-DX1_xmin82006_ymin43121_MPP-0.2500+41
18833,409,0,0,0,16890,11156,0,0,0,0,0,0,0,0,0,0,0,0,0,0,0,0,0,2888,18882,360,0,0,0,16551,11495,0,0,0,0,0,0,0,0,0,0,0,0,0,0,0,0,0,2888,18862,380,0,0,0,15976,12070,0,0,0,0,0,0,0,0,0,0,0,0,0,0,0,0,0,2888,TCGA-LL-A441-DX1_xmin82006_ymin43121_MPP-0.2500+42
8911,0,0,0,0,17275,12180,0,0,0,0,0,0,0,0,0,0,0,0,0,0,0,0,0,11810,8911,0,0,0,0,17280,12175,0,0,0,0,0,0,0,0,0,0,0,0,0,0,0,0,0,11810,8911,0,0,0,0,17133,12322,0,0,0,0,0,0,0,0,0,0,0,0,0,0,0,0,0,11810,TCGA-LL-A441-DX1_xmin82006_ymin43121_MPP-0.2500+43
34062,6059,0,0,0,0,10055,0,0,0,0,0,0,0,0,0,0,0,0,0,0,0,0,0,0,33988,6133,0,0,0,0,10055,0,0,0,0,0,0,0,0,0,0,0,0,0,0,0,0,0,0,34033,6088,0,0,0,0,10055,0,0,0,0,0,0,0,0,0,0,0,0,0,0,0,0,0,0,TCGA-LL-A441-DX1_xmin82006_ymin43121_MPP-0.2500+44
0,0,3480,0,0,0,0,2742,0,0,0,0,43954,0,0,0,0,0,0,0,0,0,0,0,0,0,0,3480,0,0,0,0,2742,0,0,0,0,43954,0,0,0,0,0,0,0,0,0,0,0,0,0,0,3480,0,0,0,0,2742,0,0,0,0,43954,0,0,0,0,0,0,0,0,0,0,0,0,TCGA-LL-A441-DX1_xmin82006_ymin43121_MPP-0.2500+45
217,0,6984,0,0,167,0,7473,0,0,0,0,35335,0,0,0,0,0,0,0,0,0,0,0,0,276,0,6925,0,0,300,0,7340,0,0,0,0,35335,0,0,0,0,0,0,0,0,0,0,0,0,276,0,6925,0,0,428,0,7212,0,0,0,0,35335,0,0,0,0,0,0,0,0,0,0,0,0,TCGA-LL-A441-DX1_xmin82006_ymin43121_MPP-0.2500+46
1920,20175,691,0,0,0,5000,4038,0,0,0,7261,11091,0,0,0,0,0,0,0,0,0,0,0,0,2007,20460,319,0,0,9,5646,3383,0,0,0,8823,9529,0,0,0,0,0,0,0,0,0,0,0,0,2016,20389,381,0,0,0,5605,3433,0,0,0,9089,9263,0,0,0,0,0,0,0,0,0,0,0,0,TCGA-LL-A441-DX1_xmin82006_ymin43121_MPP-0.2500+47
42801,0,0,0,0,4202,0,0,0,0,3173,0,0,0,0,0,0,0,0,0,0,0,0,0,0,42801,0,0,0,0,4202,0,0,0,0,3173,0,0,0,0,0,0,0,0,0,0,0,0,0,0,42801,0,0,0,0,4202,0,0,0,0,3173,0,0,0,0,0,0,0,0,0,0,0,0,0,0,TCGA-LL-A441-DX1_xmin82006_ymin43121_MPP-0.2500+48
50176,0,0,0,0,0,0,0,0,0,0,0,0,0,0,0,0,0,0,0,0,0,0,0,0,50176,0,0,0,0,0,0,0,0,0,0,0,0,0,0,0,0,0,0,0,0,0,0,0,0,50176,0,0,0,0,0,0,0,0,0,0,0,0,0,0,0,0,0,0,0,0,0,0,0,0,TCGA-LL-A441-DX1_xmin82006_ymin43121_MPP-0.2500+49
27856,20649,0,0,0,55,1616,0,0,0,0,0,0,0,0,0,0,0,0,0,0,0,0,0,0,28266,20239,0,0,0,181,1490,0,0,0,0,0,0,0,0,0,0,0,0,0,0,0,0,0,0,27958,20547,0,0,0,163,1508,0,0,0,0,0,0,0,0,0,0,0,0,0,0,0,0,0,0,TCGA-LL-A441-DX1_xmin82006_ymin43121_MPP-0.2500+5
50176,0,0,0,0,0,0,0,0,0,0,0,0,0,0,0,0,0,0,0,0,0,0,0,0,50176,0,0,0,0,0,0,0,0,0,0,0,0,0,0,0,0,0,0,0,0,0,0,0,0,50176,0,0,0,0,0,0,0,0,0,0,0,0,0,0,0,0,0,0,0,0,0,0,0,0,TCGA-LL-A441-DX1_xmin82006_ymin43121_MPP-0.2500+50
21465,17124,0,0,0,0,11587,0,0,0,0,0,0,0,0,0,0,0,0,0,0,0,0,0,0,21639,16950,0,0,0,12,11575,0,0,0,0,0,0,0,0,0,0,0,0,0,0,0,0,0,0,21589,17000,0,0,0,5,11582,0,0,0,0,0,0,0,0,0,0,0,0,0,0,0,0,0,0,TCGA-LL-A441-DX1_xmin82006_ymin43121_MPP-0.2500+51
13859,11831,0,0,0,1638,22738,0,0,0,0,0,0,0,0,0,0,0,0,0,0,0,0,0,110,13762,11928,0,0,0,1636,22740,0,0,0,0,0,0,0,0,0,0,0,0,0,0,0,0,0,110,13870,11820,0,0,0,1647,22729,0,0,0,0,0,0,0,0,0,0,0,0,0,0,0,0,0,110,TCGA-LL-A441-DX1_xmin82006_ymin43121_MPP-0.2500+52
0,0,0,0,0,8395,20822,0,0,0,0,0,0,0,0,0,0,0,0,0,0,0,0,0,20959,0,0,0,0,0,9042,20175,0,0,0,0,0,0,0,0,0,0,0,0,0,0,0,0,0,20959,0,0,0,0,0,9061,20156,0,0,0,0,0,0,0,0,0,0,0,0,0,0,0,0,0,20959,TCGA-LL-A441-DX1_xmin82006_ymin43121_MPP-0.2500+53
30311,0,0,0,0,19865,0,0,0,0,0,0,0,0,0,0,0,0,0,0,0,0,0,0,0,30311,0,0,0,0,19865,0,0,0,0,0,0,0,0,0,0,0,0,0,0,0,0,0,0,0,30311,0,0,0,0,19865,0,0,0,0,0,0,0,0,0,0,0,0,0,0,0,0,0,0,0,TCGA-LL-A441-DX1_xmin82006_ymin43121_MPP-0.2500+54
0,0,0,0,0,0,0,0,0,0,0,0,50176,0,0,0,0,0,0,0,0,0,0,0,0,0,0,0,0,0,0,0,0,0,0,0,0,50176,0,0,0,0,0,0,0,0,0,0,0,0,0,0,0,0,0,0,0,0,0,0,0,0,50176,0,0,0,0,0,0,0,0,0,0,0,0,TCGA-LL-A441-DX1_xmin82006_ymin43121_MPP-0.2500+55
0,0,0,0,0,0,0,0,0,0,0,0,50176,0,0,0,0,0,0,0,0,0,0,0,0,0,0,0,0,0,0,0,0,0,0,0,0,50176,0,0,0,0,0,0,0,0,0,0,0,0,0,0,0,0,0,0,0,0,0,0,0,0,50176,0,0,0,0,0,0,0,0,0,0,0,0,TCGA-LL-A441-DX1_xmin82006_ymin43121_MPP-0.2500+56
0,0,0,0,0,0,0,0,0,0,0,0,50176,0,0,0,0,0,0,0,0,0,0,0,0,0,0,0,0,0,0,0,0,0,0,0,0,50176,0,0,0,0,0,0,0,0,0,0,0,0,0,0,0,0,0,0,0,0,0,0,0,0,50176,0,0,0,0,0,0,0,0,0,0,0,0,TCGA-LL-A441-DX1_xmin82006_ymin43121_MPP-0.2500+57
0,0,0,0,0,0,0,0,0,0,0,0,50176,0,0,0,0,0,0,0,0,0,0,0,0,0,0,0,0,0,0,0,0,0,0,0,0,50176,0,0,0,0,0,0,0,0,0,0,0,0,0,0,0,0,0,0,0,0,0,0,0,0,50176,0,0,0,0,0,0,0,0,0,0,0,0,TCGA-LL-A441-DX1_xmin82006_ymin43121_MPP-0.2500+58
0,0,4181,0,0,0,0,33,0,0,0,0,45962,0,0,0,0,0,0,0,0,0,0,0,0,0,0,4181,0,0,0,0,33,0,0,0,0,45962,0,0,0,0,0,0,0,0,0,0,0,0,0,0,4181,0,0,0,0,33,0,0,0,0,45962,0,0,0,0,0,0,0,0,0,0,0,0,TCGA-LL-A441-DX1_xmin82006_ymin43121_MPP-0.2500+59
28133,12130,0,0,0,6147,3766,0,0,0,0,0,0,0,0,0,0,0,0,0,0,0,0,0,0,28227,12036,0,0,0,6262,3651,0,0,0,0,0,0,0,0,0,0,0,0,0,0,0,0,0,0,27761,12502,0,0,0,6175,3738,0,0,0,0,0,0,0,0,0,0,0,0,0,0,0,0,0,0,TCGA-LL-A441-DX1_xmin82006_ymin43121_MPP-0.2500+6
41107,0,0,0,0,802,0,0,0,0,8267,0,0,0,0,0,0,0,0,0,0,0,0,0,0,41107,0,0,0,0,802,0,0,0,0,8267,0,0,0,0,0,0,0,0,0,0,0,0,0,0,41107,0,0,0,0,802,0,0,0,0,8267,0,0,0,0,0,0,0,0,0,0,0,0,0,0,TCGA-LL-A441-DX1_xmin82006_ymin43121_MPP-0.2500+60
50176,0,0,0,0,0,0,0,0,0,0,0,0,0,0,0,0,0,0,0,0,0,0,0,0,50176,0,0,0,0,0,0,0,0,0,0,0,0,0,0,0,0,0,0,0,0,0,0,0,0,50176,0,0,0,0,0,0,0,0,0,0,0,0,0,0,0,0,0,0,0,0,0,0,0,0,TCGA-LL-A441-DX1_xmin82006_ymin43121_MPP-0.2500+61
0,20065,9240,0,0,0,17687,3184,0,0,0,0,0,0,0,0,0,0,0,0,0,0,0,0,0,0,20371,8934,0,0,0,18009,2862,0,0,0,0,0,0,0,0,0,0,0,0,0,0,0,0,0,0,20100,9205,0,0,0,17495,3376,0,0,0,0,0,0,0,0,0,0,0,0,0,0,0,0,0,TCGA-LL-A441-DX1_xmin82006_ymin43121_MPP-0.2500+62
0,8747,12483,0,0,0,28138,808,0,0,0,0,0,0,0,0,0,0,0,0,0,0,0,0,0,0,9728,11502,0,0,0,28122,824,0,0,0,0,0,0,0,0,0,0,0,0,0,0,0,0,0,0,9670,11560,0,0,0,28009,937,0,0,0,0,0,0,0,0,0,0,0,0,0,0,0,0,0,TCGA-LL-A441-DX1_xmin82006_ymin43121_MPP-0.2500+63
0,1351,0,0,0,0,46791,0,0,0,0,0,0,0,0,0,0,0,0,0,0,0,0,0,2034,0,1351,0,0,0,0,46791,0,0,0,0,0,0,0,0,0,0,0,0,0,0,0,0,0,2034,0,1351,0,0,0,0,46791,0,0,0,0,0,0,0,0,0,0,0,0,0,0,0,0,0,2034,TCGA-LL-A441-DX1_xmin82006_ymin43121_MPP-0.2500+64
0,0,0,0,0,426,0,935,0,0,0,0,38943,0,0,0,0,0,0,0,0,0,0,0,9872,0,0,0,0,0,286,0,1075,0,0,0,0,38943,0,0,0,0,0,0,0,0,0,0,0,9872,0,0,0,0,0,286,0,1075,0,0,0,0,38943,0,0,0,0,0,0,0,0,0,0,0,9872,TCGA-LL-A441-DX1_xmin82006_ymin43121_MPP-0.2500+65
0,0,0,0,0,0,0,0,0,0,0,0,50176,0,0,0,0,0,0,0,0,0,0,0,0,0,0,0,0,0,0,0,0,0,0,0,0,50176,0,0,0,0,0,0,0,0,0,0,0,0,0,0,0,0,0,0,0,0,0,0,0,0,50176,0,0,0,0,0,0,0,0,0,0,0,0,TCGA-LL-A441-DX1_xmin82006_ymin43121_MPP-0.2500+66
0,0,0,0,0,0,0,0,0,0,0,0,50176,0,0,0,0,0,0,0,0,0,0,0,0,0,0,0,0,0,0,0,0,0,0,0,0,50176,0,0,0,0,0,0,0,0,0,0,0,0,0,0,0,0,0,0,0,0,0,0,0,0,50176,0,0,0,0,0,0,0,0,0,0,0,0,TCGA-LL-A441-DX1_xmin82006_ymin43121_MPP-0.2500+67
0,0,0,0,0,0,0,0,0,0,0,0,50176,0,0,0,0,0,0,0,0,0,0,0,0,0,0,0,0,0,0,0,0,0,0,0,0,50176,0,0,0,0,0,0,0,0,0,0,0,0,0,0,0,0,0,0,0,0,0,0,0,0,50176,0,0,0,0,0,0,0,0,0,0,0,0,TCGA-LL-A441-DX1_xmin82006_ymin43121_MPP-0.2500+68
0,0,10128,0,0,0,0,2631,0,0,0,0,37417,0,0,0,0,0,0,0,0,0,0,0,0,0,0,10128,0,0,0,0,2631,0,0,0,0,37417,0,0,0,0,0,0,0,0,0,0,0,0,0,0,10128,0,0,0,0,2631,0,0,0,0,37417,0,0,0,0,0,0,0,0,0,0,0,0,TCGA-LL-A441-DX1_xmin82006_ymin43121_MPP-0.2500+69
43190,0,0,0,0,6986,0,0,0,0,0,0,0,0,0,0,0,0,0,0,0,0,0,0,0,43190,0,0,0,0,6986,0,0,0,0,0,0,0,0,0,0,0,0,0,0,0,0,0,0,0,43190,0,0,0,0,6986,0,0,0,0,0,0,0,0,0,0,0,0,0,0,0,0,0,0,0,TCGA-LL-A441-DX1_xmin82006_ymin43121_MPP-0.2500+7
49504,0,0,0,0,507,0,0,0,0,165,0,0,0,0,0,0,0,0,0,0,0,0,0,0,49504,0,0,0,0,507,0,0,0,0,165,0,0,0,0,0,0,0,0,0,0,0,0,0,0,49504,0,0,0,0,507,0,0,0,0,165,0,0,0,0,0,0,0,0,0,0,0,0,0,0,TCGA-LL-A441-DX1_xmin82006_ymin43121_MPP-0.2500+70
49980,0,0,0,0,196,0,0,0,0,0,0,0,0,0,0,0,0,0,0,0,0,0,0,0,49980,0,0,0,0,196,0,0,0,0,0,0,0,0,0,0,0,0,0,0,0,0,0,0,0,49980,0,0,0,0,196,0,0,0,0,0,0,0,0,0,0,0,0,0,0,0,0,0,0,0,TCGA-LL-A441-DX1_xmin82006_ymin43121_MPP-0.2500+71
1904,18497,8066,0,0,0,21402,307,0,0,0,0,0,0,0,0,0,0,0,0,0,0,0,0,0,1936,19151,7380,0,0,0,21463,246,0,0,0,0,0,0,0,0,0,0,0,0,0,0,0,0,0,1840,19508,7119,0,0,0,21479,230,0,0,0,0,0,0,0,0,0,0,0,0,0,0,0,0,0,TCGA-LL-A441-DX1_xmin82006_ymin43121_MPP-0.2500+72
0,0,0,0,0,0,0,0,0,0,0,0,50176,0,0,0,0,0,0,0,0,0,0,0,0,0,0,0,0,0,0,0,0,0,0,0,0,50176,0,0,0,0,0,0,0,0,0,0,0,0,0,0,0,0,0,0,0,0,0,0,0,0,50176,0,0,0,0,0,0,0,0,0,0,0,0,TCGA-LL-A441-DX1_xmin82006_ymin43121_MPP-0.2500+73
0,0,0,0,0,0,0,0,0,0,0,0,50176,0,0,0,0,0,0,0,0,0,0,0,0,0,0,0,0,0,0,0,0,0,0,0,0,50176,0,0,0,0,0,0,0,0,0,0,0,0,0,0,0,0,0,0,0,0,0,0,0,0,50176,0,0,0,0,0,0,0,0,0,0,0,0,TCGA-LL-A441-DX1_xmin82006_ymin43121_MPP-0.2500+74
0,0,0,0,0,0,0,0,0,0,0,0,50176,0,0,0,0,0,0,0,0,0,0,0,0,0,0,0,0,0,0,0,0,0,0,0,0,50176,0,0,0,0,0,0,0,0,0,0,0,0,0,0,0,0,0,0,0,0,0,0,0,0,50176,0,0,0,0,0,0,0,0,0,0,0,0,TCGA-LL-A441-DX1_xmin82006_ymin43121_MPP-0.2500+75
31032,0,0,0,0,1317,0,0,0,0,17827,0,0,0,0,0,0,0,0,0,0,0,0,0,0,31032,0,0,0,0,1317,0,0,0,0,17827,0,0,0,0,0,0,0,0,0,0,0,0,0,0,31032,0,0,0,0,1317,0,0,0,0,17827,0,0,0,0,0,0,0,0,0,0,0,0,0,0,TCGA-LL-A441-DX1_xmin82006_ymin43121_MPP-0.2500+76
50176,0,0,0,0,0,0,0,0,0,0,0,0,0,0,0,0,0,0,0,0,0,0,0,0,50176,0,0,0,0,0,0,0,0,0,0,0,0,0,0,0,0,0,0,0,0,0,0,0,0,50176,0,0,0,0,0,0,0,0,0,0,0,0,0,0,0,0,0,0,0,0,0,0,0,0,TCGA-LL-A441-DX1_xmin82006_ymin43121_MPP-0.2500+77
35286,5727,0,0,0,338,8825,0,0,0,0,0,0,0,0,0,0,0,0,0,0,0,0,0,0,35348,5665,0,0,0,337,8826,0,0,0,0,0,0,0,0,0,0,0,0,0,0,0,0,0,0,35229,5784,0,0,0,342,8821,0,0,0,0,0,0,0,0,0,0,0,0,0,0,0,0,0,0,TCGA-LL-A441-DX1_xmin82006_ymin43121_MPP-0.2500+78
0,0,0,0,0,0,0,7918,0,0,0,0,39258,0,0,0,0,0,0,0,0,0,0,0,3000,0,0,0,0,0,0,0,7918,0,0,0,0,39258,0,0,0,0,0,0,0,0,0,0,0,3000,0,0,0,0,0,0,0,7918,0,0,0,0,39258,0,0,0,0,0,0,0,0,0,0,0,3000,TCGA-LL-A441-DX1_xmin82006_ymin43121_MPP-0.2500+79
13653,4512,0,0,0,462,31549,0,0,0,0,0,0,0,0,0,0,0,0,0,0,0,0,0,0,13691,4474,0,0,0,689,31322,0,0,0,0,0,0,0,0,0,0,0,0,0,0,0,0,0,0,13663,4502,0,0,0,718,31293,0,0,0,0,0,0,0,0,0,0,0,0,0,0,0,0,0,0,TCGA-LL-A441-DX1_xmin82006_ymin43121_MPP-0.2500+8
0,0,0,0,0,0,0,9259,0,0,0,0,27189,0,0,0,0,0,0,0,0,0,0,0,13728,0,0,0,0,0,0,0,9259,0,0,0,0,27189,0,0,0,0,0,0,0,0,0,0,0,13728,0,0,0,0,0,0,0,9259,0,0,0,0,27189,0,0,0,0,0,0,0,0,0,0,0,13728,TCGA-LL-A441-DX1_xmin82006_ymin43121_MPP-0.2500+80
960,0,9078,0,0,1071,0,14274,0,0,240,0,17500,0,0,0,0,0,0,0,0,0,0,0,7053,1024,0,9014,0,0,1084,0,14261,0,0,240,0,17500,0,0,0,0,0,0,0,0,0,0,0,7053,1088,0,8950,0,0,1084,0,14261,0,0,272,0,17468,0,0,0,0,0,0,0,0,0,0,0,7053,TCGA-LL-A441-DX1_xmin82006_ymin43121_MPP-0.2500+81
50176,0,0,0,0,0,0,0,0,0,0,0,0,0,0,0,0,0,0,0,0,0,0,0,0,50176,0,0,0,0,0,0,0,0,0,0,0,0,0,0,0,0,0,0,0,0,0,0,0,0,50176,0,0,0,0,0,0,0,0,0,0,0,0,0,0,0,0,0,0,0,0,0,0,0,0,TCGA-LL-A441-DX1_xmin82006_ymin43121_MPP-0.2500+82
0,0,0,0,0,1869,0,11099,0,0,0,0,152,0,0,0,0,0,0,0,0,0,0,0,37056,0,0,0,0,0,1877,0,11091,0,0,0,0,152,0,0,0,0,0,0,0,0,0,0,0,37056,0,0,0,0,0,1896,0,11072,0,0,0,0,152,0,0,0,0,0,0,0,0,0,0,0,37056,TCGA-LL-A441-DX1_xmin82006_ymin43121_MPP-0.2500+83
148,0,237,0,0,1559,0,10149,0,0,133,0,24031,0,0,0,0,0,0,0,0,0,0,0,13919,135,0,250,0,0,1529,0,10179,0,0,158,0,24006,0,0,0,0,0,0,0,0,0,0,0,13919,143,0,242,0,0,1674,0,10034,0,0,287,0,23877,0,0,0,0,0,0,0,0,0,0,0,13919,TCGA-LL-A441-DX1_xmin82006_ymin43121_MPP-0.2500+84
34635,3399,0,0,0,1263,10879,0,0,0,0,0,0,0,0,0,0,0,0,0,0,0,0,0,0,34627,3407,0,0,0,1013,11129,0,0,0,0,0,0,0,0,0,0,0,0,0,0,0,0,0,0,33992,4042,0,0,0,827,11315,0,0,0,0,0,0,0,0,0,0,0,0,0,0,0,0,0,0,TCGA-LL-A441-DX1_xmin82006_ymin43121_MPP-0.2500+9
0,0,0,0,0,0,21295,8234,0,0,0,1226,19421,0,0,0,0,0,0,0,0,0,0,0,0,0,0,0,0,0,0,21260,8269,0,0,0,1543,19104,0,0,0,0,0,0,0,0,0,0,0,0,0,0,0,0,0,0,20580,8949,0,0,0,1753,18894,0,0,0,0,0,0,0,0,0,0,0,0,TCGA-LL-A5YO-DX1_xmin36631_ymin44396_MPP-0.2500+0
0,0,0,0,0,0,40119,6838,0,0,0,0,3219,0,0,0,0,0,0,0,0,0,0,0,0,0,0,0,0,0,0,40610,6347,0,0,0,2,3217,0,0,0,0,0,0,0,0,0,0,0,0,0,0,0,0,0,0,40572,6385,0,0,0,11,3208,0,0,0,0,0,0,0,0,0,0,0,0,TCGA-LL-A5YO-DX1_xmin36631_ymin44396_MPP-0.2500+1
23624,1359,1470,0,0,2548,3786,10252,0,0,523,0,6614,0,0,0,0,0,0,0,0,0,0,0,0,23575,1609,1269,0,0,2432,4032,10122,0,0,519,27,6591,0,0,0,0,0,0,0,0,0,0,0,0,23358,1924,1171,0,0,2131,4403,10052,0,0,584,55,6498,0,0,0,0,0,0,0,0,0,0,0,0,TCGA-LL-A5YO-DX1_xmin36631_ymin44396_MPP-0.2500+10
0,0,1122,0,0,303,0,2580,0,0,1,0,46170,0,0,0,0,0,0,0,0,0,0,0,0,0,0,1122,0,0,303,0,2580,0,0,1,0,46170,0,0,0,0,0,0,0,0,0,0,0,0,0,0,1122,0,0,303,0,2580,0,0,1,0,46170,0,0,0,0,0,0,0,0,0,0,0,0,TCGA-LL-A5YO-DX1_xmin36631_ymin44396_MPP-0.2500+11
0,0,0,0,0,0,33098,3409,0,0,0,801,4575,0,0,0,0,0,0,0,0,0,0,0,8293,0,0,0,0,0,0,32918,3589,0,0,0,1006,4370,0,0,0,0,0,0,0,0,0,0,0,8293,0,0,0,0,0,0,32825,3682,0,0,0,1081,4295,0,0,0,0,0,0,0,0,0,0,0,8293,TCGA-LL-A5YO-DX1_xmin36631_ymin44396_MPP-0.2500+12
0,0,0,0,0,0,29799,16719,0,0,0,0,0,0,0,0,0,0,0,0,0,0,0,0,3658,0,0,0,0,0,0,31940,14578,0,0,0,0,0,0,0,0,0,0,0,0,0,0,0,0,3658,0,0,0,0,0,0,31865,14653,0,0,0,0,0,0,0,0,0,0,0,0,0,0,0,0,3658,TCGA-LL-A5YO-DX1_xmin36631_ymin44396_MPP-0.2500+13
0,0,0,0,0,0,30052,1532,0,0,0,5827,12701,0,0,0,0,0,0,0,0,0,0,0,64,0,0,0,0,0,0,29920,1664,0,0,0,6314,12214,0,0,0,0,0,0,0,0,0,0,0,64,0,0,0,0,0,0,29720,1864,0,0,0,6510,12018,0,0,0,0,0,0,0,0,0,0,0,64,TCGA-LL-A5YO-DX1_xmin36631_ymin44396_MPP-0.2500+14
0,0,0,0,0,0,16121,138,0,0,0,10126,23481,0,0,0,0,0,0,0,0,0,0,0,310,0,0,0,0,0,0,16105,154,0,0,0,10271,23336,0,0,0,0,0,0,0,0,0,0,0,310,0,0,0,0,0,0,16092,167,0,0,0,10190,23417,0,0,0,0,0,0,0,0,0,0,0,310,TCGA-LL-A5YO-DX1_xmin36631_ymin44396_MPP-0.2500+15
0,12306,2361,0,0,0,18104,5821,0,0,0,5891,5693,0,0,0,0,0,0,0,0,0,0,0,0,0,12884,1783,0,0,0,18146,5779,0,0,0,6252,5332,0,0,0,0,0,0,0,0,0,0,0,0,0,12635,2032,0,0,0,18050,5875,0,0,0,6073,5511,0,0,0,0,0,0,0,0,0,0,0,0,TCGA-LL-A5YO-DX1_xmin36631_ymin44396_MPP-0.2500+16
0,0,0,0,0,0,22608,5443,0,0,0,5169,16956,0,0,0,0,0,0,0,0,0,0,0,0,0,0,0,0,0,0,22827,5224,0,0,0,6135,15990,0,0,0,0,0,0,0,0,0,0,0,0,0,0,0,0,0,0,22517,5534,0,0,0,5788,16337,0,0,0,0,0,0,0,0,0,0,0,0,TCGA-LL-A5YO-DX1_xmin36631_ymin44396_MPP-0.2500+17
0,0,0,0,0,0,12407,6015,0,0,0,6705,21299,0,0,0,0,0,0,0,0,0,0,0,3750,0,0,0,0,0,0,12764,5658,0,0,0,7842,20162,0,0,0,0,0,0,0,0,0,0,0,3750,0,0,0,0,0,0,12784,5638,0,0,0,7435,20569,0,0,0,0,0,0,0,0,0,0,0,3750,TCGA-LL-A5YO-DX1_xmin36631_ymin44396_MPP-0.2500+18
0,0,0,0,0,0,20910,4407,0,0,0,10230,10320,0,0,0,0,0,0,0,0,0,0,0,4309,0,0,0,0,0,0,22290,3027,0,0,0,10833,9717,0,0,0,0,0,0,0,0,0,0,0,4309,0,0,0,0,0,32,0,25285,0,0,0,0,20550,0,0,0,0,0,0,0,0,0,0,0,4309,TCGA-LL-A5YO-DX1_xmin36631_ymin44396_MPP-0.2500+19
0,0,0,0,0,0,15968,29260,0,0,0,14,4934,0,0,0,0,0,0,0,0,0,0,0,0,0,0,0,0,0,0,16900,28328,0,0,0,0,4948,0,0,0,0,0,0,0,0,0,0,0,0,0,0,0,0,0,0,17291,27937,0,0,0,0,4948,0,0,0,0,0,0,0,0,0,0,0,0,TCGA-LL-A5YO-DX1_xmin36631_ymin44396_MPP-0.2500+2
0,0,0,0,0,0,32195,6021,0,0,0,1107,6528,0,0,0,0,0,0,0,0,0,0,0,4325,0,0,0,0,0,0,32714,5502,0,0,0,1351,6284,0,0,0,0,0,0,0,0,0,0,0,4325,0,0,0,0,0,0,32704,5512,0,0,0,1168,6467,0,0,0,0,0,0,0,0,0,0,0,4325,TCGA-LL-A5YO-DX1_xmin36631_ymin44396_MPP-0.2500+20
0,0,0,0,0,0,28820,17970,0,0,0,58,2,0,0,0,0,0,0,0,0,0,0,0,3326,0,0,0,0,0,0,30537,16253,0,0,0,56,4,0,0,0,0,0,0,0,0,0,0,0,3326,0,0,0,0,0,0,31312,15478,0,0,0,0,60,0,0,0,0,0,0,0,0,0,0,0,3326,TCGA-LL-A5YO-DX1_xmin36631_ymin44396_MPP-0.2500+21
0,0,0,0,0,0,32463,11282,0,0,0,440,5122,0,0,0,0,0,0,0,0,0,0,0,869,0,0,0,0,0,0,33588,10157,0,0,0,595,4967,0,0,0,0,0,0,0,0,0,0,0,869,0,0,0,0,0,0,33399,10346,0,0,0,600,4962,0,0,0,0,0,0,0,0,0,0,0,869,TCGA-LL-A5YO-DX1_xmin36631_ymin44396_MPP-0.2500+22
0,0,0,0,0,0,28142,9223,0,0,0,3808,8116,0,0,0,0,0,0,0,0,0,0,0,887,0,0,0,0,0,0,28905,8460,0,0,0,3866,8058,0,0,0,0,0,0,0,0,0,0,0,887,0,0,0,0,0,0,29198,8167,0,0,0,3729,8195,0,0,0,0,0,0,0,0,0,0,0,887,TCGA-LL-A5YO-DX1_xmin36631_ymin44396_MPP-0.2500+23
1264,0,4527,0,0,0,0,4410,0,0,0,0,39975,0,0,0,0,0,0,0,0,0,0,0,0,1232,0,4559,0,0,0,0,4410,0,0,0,0,39975,0,0,0,0,0,0,0,0,0,0,0,0,1296,0,4495,0,0,0,0,4410,0,0,0,0,39975,0,0,0,0,0,0,0,0,0,0,0,0,TCGA-LL-A5YO-DX1_xmin36631_ymin44396_MPP-0.2500+24
0,0,0,0,0,0,1068,2650,0,0,0,15171,31287,0,0,0,0,0,0,0,0,0,0,0,0,0,0,0,0,0,0,1056,2662,0,0,0,14796,31662,0,0,0,0,0,0,0,0,0,0,0,0,0,0,0,0,0,0,1082,2636,0,0,0,15005,31453,0,0,0,0,0,0,0,0,0,0,0,0,TCGA-LL-A5YO-DX1_xmin36631_ymin44396_MPP-0.2500+25
0,0,0,0,0,0,0,0,0,0,0,0,50176,0,0,0,0,0,0,0,0,0,0,0,0,0,0,0,0,0,0,0,0,0,0,0,0,50176,0,0,0,0,0,0,0,0,0,0,0,0,0,0,0,0,0,0,0,0,0,0,0,0,50176,0,0,0,0,0,0,0,0,0,0,0,0,TCGA-LL-A5YO-DX1_xmin36631_ymin44396_MPP-0.2500+26
0,0,0,0,0,0,9878,7507,0,0,0,7199,24197,0,0,0,0,0,0,0,0,0,0,0,1395,0,0,0,0,0,0,10028,7357,0,0,0,8114,23282,0,0,0,0,0,0,0,0,0,0,0,1395,0,0,0,0,0,0,10335,7050,0,0,0,9010,22386,0,0,0,0,0,0,0,0,0,0,0,1395,TCGA-LL-A5YO-DX1_xmin36631_ymin44396_MPP-0.2500+27
0,0,0,0,0,0,28036,17621,0,0,0,0,0,0,0,0,0,0,0,0,0,0,0,0,4519,0,0,0,0,0,0,28218,17439,0,0,0,0,0,0,0,0,0,0,0,0,0,0,0,0,4519,0,0,0,0,0,0,28994,16663,0,0,0,0,0,0,0,0,0,0,0,0,0,0,0,0,4519,TCGA-LL-A5YO-DX1_xmin36631_ymin44396_MPP-0.2500+28
0,0,0,0,0,0,26262,13184,0,0,0,3689,7041,0,0,0,0,0,0,0,0,0,0,0,0,0,0,0,0,0,0,28712,10734,0,0,0,5144,5586,0,0,0,0,0,0,0,0,0,0,0,0,0,0,0,0,0,0,27818,11628,0,0,0,4726,6004,0,0,0,0,0,0,0,0,0,0,0,0,TCGA-LL-A5YO-DX1_xmin36631_ymin44396_MPP-0.2500+29
0,0,0,0,0,0,25969,11905,0,0,0,0,9149,0,0,0,0,0,0,0,0,0,0,0,3153,0,0,0,0,0,0,26492,11382,0,0,0,0,9149,0,0,0,0,0,0,0,0,0,0,0,3153,0,0,0,0,0,0,26421,11453,0,0,0,0,9149,0,0,0,0,0,0,0,0,0,0,0,3153,TCGA-LL-A5YO-DX1_xmin36631_ymin44396_MPP-0.2500+3
7283,45,0,0,0,1726,9007,5019,0,0,0,9763,17072,0,0,0,0,0,0,0,0,0,0,0,261,7282,46,0,0,0,1522,9645,4585,0,0,12,10579,16244,0,0,0,0,0,0,0,0,0,0,0,261,7274,54,0,0,0,1406,10093,4253,0,0,199,11198,15438,0,0,0,0,0,0,0,0,0,0,0,261,TCGA-LL-A5YO-DX1_xmin36631_ymin44396_MPP-0.2500+30
0,0,0,0,0,0,8264,15554,0,0,0,14727,10224,0,0,0,0,0,0,0,0,0,0,0,1407,0,0,0,0,0,0,9809,14009,0,0,0,15982,8969,0,0,0,0,0,0,0,0,0,0,0,1407,0,0,0,0,0,0,9474,14344,0,0,0,16437,8514,0,0,0,0,0,0,0,0,0,0,0,1407,TCGA-LL-A5YO-DX1_xmin36631_ymin44396_MPP-0.2500+31
0,0,1404,0,0,0,0,850,0,0,0,0,47922,0,0,0,0,0,0,0,0,0,0,0,0,16,0,1388,0,0,0,0,850,0,0,0,0,47922,0,0,0,0,0,0,0,0,0,0,0,0,16,0,1388,0,0,0,0,850,0,0,0,0,47922,0,0,0,0,0,0,0,0,0,0,0,0,TCGA-LL-A5YO-DX1_xmin36631_ymin44396_MPP-0.2500+32
0,0,0,0,0,0,0,0,0,0,0,0,50176,0,0,0,0,0,0,0,0,0,0,0,0,0,0,0,0,0,0,0,0,0,0,0,0,50176,0,0,0,0,0,0,0,0,0,0,0,0,0,0,0,0,0,0,0,0,0,0,0,0,50176,0,0,0,0,0,0,0,0,0,0,0,0,TCGA-LL-A5YO-DX1_xmin36631_ymin44396_MPP-0.2500+33
0,0,0,0,0,0,0,0,0,0,0,12766,37410,0,0,0,0,0,0,0,0,0,0,0,0,0,0,0,0,0,0,0,0,0,0,0,13797,36379,0,0,0,0,0,0,0,0,0,0,0,0,0,0,0,0,0,0,0,0,0,0,0,13986,36190,0,0,0,0,0,0,0,0,0,0,0,0,TCGA-LL-A5YO-DX1_xmin36631_ymin44396_MPP-0.2500+34
0,0,0,0,0,0,2618,1086,0,0,0,18410,28062,0,0,0,0,0,0,0,0,0,0,0,0,0,0,0,0,0,0,2577,1127,0,0,0,19687,26785,0,0,0,0,0,0,0,0,0,0,0,0,0,0,0,0,0,0,2610,1094,0,0,0,19830,26642,0,0,0,0,0,0,0,0,0,0,0,0,TCGA-LL-A5YO-DX1_xmin36631_ymin44396_MPP-0.2500+35
0,0,0,0,0,0,27546,2581,0,0,0,4743,15306,0,0,0,0,0,0,0,0,0,0,0,0,0,0,0,0,0,0,27975,2152,0,0,0,5211,14838,0,0,0,0,0,0,0,0,0,0,0,0,0,0,0,0,0,0,27669,2458,0,0,0,5255,14794,0,0,0,0,0,0,0,0,0,0,0,0,TCGA-LL-A5YO-DX1_xmin36631_ymin44396_MPP-0.2500+36
128,7589,11,0,0,0,26411,8014,0,0,0,1905,4900,0,0,0,0,0,0,0,0,0,0,0,1218,256,7445,27,0,0,0,27147,7278,0,0,0,1964,4841,0,0,0,0,0,0,0,0,0,0,0,1218,192,7500,36,0,0,0,26035,8390,0,0,0,1986,4819,0,0,0,0,0,0,0,0,0,0,0,1218,TCGA-LL-A5YO-DX1_xmin36631_ymin44396_MPP-0.2500+37
22656,1587,280,0,0,4259,3308,1341,0,0,2075,2244,10507,0,0,0,0,0,0,0,0,0,0,0,1919,22546,1650,327,0,0,4006,3507,1395,0,0,2468,2511,9847,0,0,0,0,0,0,0,0,0,0,0,1919,22289,1859,375,0,0,3736,3573,1599,0,0,2371,2560,9895,0,0,0,0,0,0,0,0,0,0,0,1919,TCGA-LL-A5YO-DX1_xmin36631_ymin44396_MPP-0.2500+38
4737,0,0,0,0,5133,0,0,0,0,36636,0,0,0,0,0,0,0,0,0,0,0,0,0,3670,4737,0,0,0,0,5133,0,0,0,0,36636,0,0,0,0,0,0,0,0,0,0,0,0,0,3670,4737,0,0,0,0,5133,0,0,0,0,36636,0,0,0,0,0,0,0,0,0,0,0,0,0,3670,TCGA-LL-A5YO-DX1_xmin36631_ymin44396_MPP-0.2500+39
0,0,0,0,0,0,24821,16374,0,0,0,0,4,0,0,0,0,0,0,0,0,0,0,0,8977,0,0,0,0,0,0,25959,15236,0,0,0,0,4,0,0,0,0,0,0,0,0,0,0,0,8977,0,0,0,0,0,0,28119,13076,0,0,0,0,4,0,0,0,0,0,0,0,0,0,0,0,8977,TCGA-LL-A5YO-DX1_xmin36631_ymin44396_MPP-0.2500+4
6378,0,528,0,0,731,0,3514,0,0,4489,0,34536,0,0,0,0,0,0,0,0,0,0,0,0,6351,0,555,0,0,554,0,3691,0,0,4573,0,34452,0,0,0,0,0,0,0,0,0,0,0,0,6359,0,547,0,0,538,0,3707,0,0,4814,0,34211,0,0,0,0,0,0,0,0,0,0,0,0,TCGA-LL-A5YO-DX1_xmin36631_ymin44396_MPP-0.2500+40
1328,0,5967,0,0,0,0,4334,0,0,0,0,38547,0,0,0,0,0,0,0,0,0,0,0,0,1296,0,5999,0,0,0,0,4334,0,0,0,0,38547,0,0,0,0,0,0,0,0,0,0,0,0,1168,0,6127,0,0,0,0,4334,0,0,0,0,38547,0,0,0,0,0,0,0,0,0,0,0,0,TCGA-LL-A5YO-DX1_xmin36631_ymin44396_MPP-0.2500+41
0,894,251,0,0,0,1297,561,0,0,0,23891,23282,0,0,0,0,0,0,0,0,0,0,0,0,0,801,344,0,0,0,1366,492,0,0,0,24621,22552,0,0,0,0,0,0,0,0,0,0,0,0,0,842,303,0,0,0,1404,454,0,0,0,25170,22003,0,0,0,0,0,0,0,0,0,0,0,0,TCGA-LL-A5YO-DX1_xmin36631_ymin44396_MPP-0.2500+42
0,594,0,0,0,0,19597,5618,0,0,0,2856,21511,0,0,0,0,0,0,0,0,0,0,0,0,0,594,0,0,0,0,19803,5412,0,0,0,3220,21147,0,0,0,0,0,0,0,0,0,0,0,0,0,594,0,0,0,0,19599,5616,0,0,0,3214,21153,0,0,0,0,0,0,0,0,0,0,0,0,TCGA-LL-A5YO-DX1_xmin36631_ymin44396_MPP-0.2500+43
26990,2896,0,0,0,3600,12379,0,0,0,939,24,0,0,0,0,0,0,0,0,0,0,0,0,3348,26946,2940,0,0,0,3347,12632,0,0,0,921,42,0,0,0,0,0,0,0,0,0,0,0,0,3348,26740,3146,0,0,0,3116,12863,0,0,0,885,78,0,0,0,0,0,0,0,0,0,0,0,0,3348,TCGA-LL-A5YO-DX1_xmin36631_ymin44396_MPP-0.2500+44
0,6558,1609,0,0,0,18343,14140,0,0,0,862,8339,0,0,0,0,0,0,0,0,0,0,0,325,0,6579,1588,0,0,0,20549,11934,0,0,0,1032,8169,0,0,0,0,0,0,0,0,0,0,0,325,0,6574,1593,0,0,0,20397,12086,0,0,0,1018,8183,0,0,0,0,0,0,0,0,0,0,0,325,TCGA-LL-A5YO-DX1_xmin36631_ymin44396_MPP-0.2500+45
0,4053,0,0,0,0,4198,1497,0,0,0,13846,26582,0,0,0,0,0,0,0,0,0,0,0,0,0,4000,53,0,0,0,4219,1476,0,0,0,16685,23743,0,0,0,0,0,0,0,0,0,0,0,0,0,4002,51,0,0,0,4110,1585,0,0,0,16254,24174,0,0,0,0,0,0,0,0,0,0,0,0,TCGA-LL-A5YO-DX1_xmin36631_ymin44396_MPP-0.2500+46
15817,0,0,0,0,8807,0,0,0,0,24643,0,0,0,0,0,0,0,0,0,0,0,0,0,909,15817,0,0,0,0,8807,0,0,0,0,24643,0,0,0,0,0,0,0,0,0,0,0,0,0,909,15817,0,0,0,0,8807,0,0,0,0,24643,0,0,0,0,0,0,0,0,0,0,0,0,0,909,TCGA-LL-A5YO-DX1_xmin36631_ymin44396_MPP-0.2500+47
16098,6650,97,0,0,1998,6380,2368,0,0,86,7922,2413,0,0,0,0,0,0,0,0,0,0,0,6164,16221,6493,131,0,0,2044,6274,2428,0,0,187,7651,2583,0,0,0,0,0,0,0,0,0,0,0,6164,16054,6698,93,0,0,1756,6445,2545,0,0,249,7542,2630,0,0,0,0,0,0,0,0,0,0,0,6164,TCGA-LL-A5YO-DX1_xmin36631_ymin44396_MPP-0.2500+48
37912,0,0,0,0,3749,0,0,0,0,5172,0,0,0,0,0,0,0,0,0,0,0,0,0,3343,32344,0,5568,0,0,2531,0,1218,0,0,459,0,4713,0,0,0,0,0,0,0,0,0,0,0,3343,31946,0,5966,0,0,2489,0,1260,0,0,326,0,4846,0,0,0,0,0,0,0,0,0,0,0,3343,TCGA-LL-A5YO-DX1_xmin36631_ymin44396_MPP-0.2500+49
0,0,0,0,0,0,30658,12680,0,0,0,74,0,0,0,0,0,0,0,0,0,0,0,0,6764,0,0,0,0,0,0,31691,11647,0,0,0,74,0,0,0,0,0,0,0,0,0,0,0,0,6764,0,0,0,0,0,0,31716,11622,0,0,0,74,0,0,0,0,0,0,0,0,0,0,0,0,6764,TCGA-LL-A5YO-DX1_xmin36631_ymin44396_MPP-0.2500+5
22844,0,10322,0,0,2818,0,6692,0,0,597,0,6903,0,0,0,0,0,0,0,0,0,0,0,0,22869,0,10297,0,0,2767,0,6743,0,0,597,0,6903,0,0,0,0,0,0,0,0,0,0,0,0,22803,0,10363,0,0,2773,0,6737,0,0,597,0,6903,0,0,0,0,0,0,0,0,0,0,0,0,TCGA-LL-A5YO-DX1_xmin36631_ymin44396_MPP-0.2500+50
4610,366,0,0,0,1464,12526,8227,0,0,601,1538,20844,0,0,0,0,0,0,0,0,0,0,0,0,4606,370,0,0,0,1302,13051,7864,0,0,588,1781,20614,0,0,0,0,0,0,0,0,0,0,0,0,4600,376,0,0,0,1318,12409,8490,0,0,645,1786,20552,0,0,0,0,0,0,0,0,0,0,0,0,TCGA-LL-A5YO-DX1_xmin36631_ymin44396_MPP-0.2500+51
0,1022,44,0,0,0,23559,10586,0,0,0,2774,4849,0,0,0,0,0,0,0,0,0,0,0,7342,0,946,120,0,0,0,24125,10020,0,0,0,3178,4445,0,0,0,0,0,0,0,0,0,0,0,7342,0,952,114,0,0,0,23855,10290,0,0,0,2931,4692,0,0,0,0,0,0,0,0,0,0,0,7342,TCGA-LL-A5YO-DX1_xmin36631_ymin44396_MPP-0.2500+52
0,0,0,0,0,0,12354,13029,0,0,0,8495,16298,0,0,0,0,0,0,0,0,0,0,0,0,0,0,0,0,0,0,13377,12006,0,0,0,9327,15466,0,0,0,0,0,0,0,0,0,0,0,0,0,0,0,0,0,0,14176,11207,0,0,0,9867,14926,0,0,0,0,0,0,0,0,0,0,0,0,TCGA-LL-A5YO-DX1_xmin36631_ymin44396_MPP-0.2500+53
0,0,0,0,0,0,13411,2093,0,0,0,6297,28375,0,0,0,0,0,0,0,0,0,0,0,0,0,0,0,0,0,0,13628,1876,0,0,0,8194,26478,0,0,0,0,0,0,0,0,0,0,0,0,0,0,0,0,0,0,13668,1836,0,0,0,8305,26367,0,0,0,0,0,0,0,0,0,0,0,0,TCGA-LL-A5YO-DX1_xmin36631_ymin44396_MPP-0.2500+54
0,6030,0,0,0,0,8721,0,0,0,0,29543,0,0,0,0,0,0,0,0,0,0,0,0,5882,0,6030,0,0,0,0,8721,0,0,0,0,29543,0,0,0,0,0,0,0,0,0,0,0,0,5882,0,6030,0,0,0,0,8721,0,0,0,0,29543,0,0,0,0,0,0,0,0,0,0,0,0,5882,TCGA-LL-A5YO-DX1_xmin36631_ymin44396_MPP-0.2500+55
0,0,0,0,0,0,0,0,0,0,0,0,50176,0,0,0,0,0,0,0,0,0,0,0,0,0,0,0,0,0,0,0,0,0,0,48,0,50128,0,0,0,0,0,0,0,0,0,0,0,0,0,0,0,0,0,0,0,0,0,0,0,0,50176,0,0,0,0,0,0,0,0,0,0,0,0,TCGA-LL-A5YO-DX1_xmin36631_ymin44396_MPP-0.2500+56
0,0,0,0,0,0,0,344,0,0,0,0,49832,0,0,0,0,0,0,0,0,0,0,0,0,0,0,0,0,0,0,0,344,0,0,0,0,49832,0,0,0,0,0,0,0,0,0,0,0,0,0,0,0,0,0,0,0,344,0,0,0,0,49832,0,0,0,0,0,0,0,0,0,0,0,0,TCGA-LL-A5YO-DX1_xmin36631_ymin44396_MPP-0.2500+57
374,0,250,0,0,26,0,2421,0,0,0,0,47105,0,0,0,0,0,0,0,0,0,0,0,0,374,0,250,0,0,26,0,2421,0,0,0,0,47105,0,0,0,0,0,0,0,0,0,0,0,0,374,0,250,0,0,26,0,2421,0,0,0,0,47105,0,0,0,0,0,0,0,0,0,0,0,0,TCGA-LL-A5YO-DX1_xmin36631_ymin44396_MPP-0.2500+58
0,0,134,0,0,0,22545,10530,0,0,0,1411,15101,0,0,0,0,0,0,0,0,0,0,0,455,0,0,134,0,0,0,23829,9246,0,0,0,2635,13877,0,0,0,0,0,0,0,0,0,0,0,455,0,0,134,0,0,0,23607,9468,0,0,0,3000,13512,0,0,0,0,0,0,0,0,0,0,0,455,TCGA-LL-A5YO-DX1_xmin36631_ymin44396_MPP-0.2500+59
0,14687,0,0,0,0,11052,912,0,0,0,7824,15701,0,0,0,0,0,0,0,0,0,0,0,0,0,14687,0,0,0,0,11056,908,0,0,0,8155,15370,0,0,0,0,0,0,0,0,0,0,0,0,0,14687,0,0,0,0,11064,900,0,0,0,7880,15645,0,0,0,0,0,0,0,0,0,0,0,0,TCGA-LL-A5YO-DX1_xmin36631_ymin44396_MPP-0.2500+6
5564,0,1358,0,0,1185,0,8811,0,0,0,0,32151,0,0,0,0,0,0,0,0,0,0,0,1107,5500,0,1422,0,0,1185,0,8811,0,0,0,0,32151,0,0,0,0,0,0,0,0,0,0,0,1107,5500,0,1422,0,0,1121,0,8875,0,0,0,0,32151,0,0,0,0,0,0,0,0,0,0,0,1107,TCGA-LL-A5YO-DX1_xmin36631_ymin44396_MPP-0.2500+60
5381,446,0,0,0,1467,15477,9204,0,0,377,6602,8724,0,0,0,0,0,0,0,0,0,0,0,2498,5374,453,0,0,0,1451,15838,8859,0,0,412,6951,8340,0,0,0,0,0,0,0,0,0,0,0,2498,5383,444,0,0,0,1455,15792,8901,0,0,428,6774,8501,0,0,0,0,0,0,0,0,0,0,0,2498,TCGA-LL-A5YO-DX1_xmin36631_ymin44396_MPP-0.2500+61
0,190,0,0,0,0,26426,11545,0,0,0,3535,8480,0,0,0,0,0,0,0,0,0,0,0,0,0,190,0,0,0,0,26363,11608,0,0,0,3542,8473,0,0,0,0,0,0,0,0,0,0,0,0,0,190,0,0,0,0,26645,11326,0,0,0,3546,8469,0,0,0,0,0,0,0,0,0,0,0,0,TCGA-LL-A5YO-DX1_xmin36631_ymin44396_MPP-0.2500+62
14530,2656,400,0,0,3511,10062,3544,0,0,458,5305,8645,0,0,0,0,0,0,0,0,0,0,0,1065,14555,2720,311,0,0,3663,10372,3082,0,0,448,5808,8152,0,0,0,0,0,0,0,0,0,0,0,1065,14272,2985,329,0,0,3587,10803,2727,0,0,427,6056,7925,0,0,0,0,0,0,0,0,0,0,0,1065,TCGA-LL-A5YO-DX1_xmin36631_ymin44396_MPP-0.2500+63
0,0,0,0,0,0,0,0,0,0,0,0,50176,0,0,0,0,0,0,0,0,0,0,0,0,0,0,0,0,0,0,0,0,0,0,0,0,50176,0,0,0,0,0,0,0,0,0,0,0,0,0,0,0,0,0,0,0,0,0,0,0,0,50176,0,0,0,0,0,0,0,0,0,0,0,0,TCGA-LL-A5YO-DX1_xmin36631_ymin44396_MPP-0.2500+64
0,0,0,0,0,0,0,0,0,0,16,0,50160,0,0,0,0,0,0,0,0,0,0,0,0,0,0,0,0,0,0,0,0,0,0,0,0,50176,0,0,0,0,0,0,0,0,0,0,0,0,0,0,0,0,0,0,0,0,0,0,0,0,50176,0,0,0,0,0,0,0,0,0,0,0,0,TCGA-LL-A5YO-DX1_xmin36631_ymin44396_MPP-0.2500+65
0,0,0,0,0,0,0,0,0,0,0,18551,31625,0,0,0,0,0,0,0,0,0,0,0,0,0,0,0,0,0,0,0,0,0,0,0,18324,31852,0,0,0,0,0,0,0,0,0,0,0,0,0,0,0,0,0,0,0,0,0,0,0,18239,31937,0,0,0,0,0,0,0,0,0,0,0,0,TCGA-LL-A5YO-DX1_xmin36631_ymin44396_MPP-0.2500+66
0,0,0,0,0,0,23417,10078,0,0,0,2704,12004,0,0,0,0,0,0,0,0,0,0,0,1973,0,0,0,0,0,0,24292,9203,0,0,0,3009,11699,0,0,0,0,0,0,0,0,0,0,0,1973,0,0,0,0,0,0,24276,9219,0,0,0,3318,11390,0,0,0,0,0,0,0,0,0,0,0,1973,TCGA-LL-A5YO-DX1_xmin36631_ymin44396_MPP-0.2500+67
3475,0,3986,0,0,29,0,6394,0,0,0,0,36292,0,0,0,0,0,0,0,0,0,0,0,0,3475,0,3986,0,0,29,0,6394,0,0,0,0,36292,0,0,0,0,0,0,0,0,0,0,0,0,3475,0,3986,0,0,29,0,6394,0,0,0,0,36292,0,0,0,0,0,0,0,0,0,0,0,0,TCGA-LL-A5YO-DX1_xmin36631_ymin44396_MPP-0.2500+68
10678,294,972,0,0,214,6847,6214,0,0,0,3339,19800,0,0,0,0,0,0,0,0,0,0,0,1818,10572,348,1024,0,0,187,7137,5951,0,0,0,3537,19602,0,0,0,0,0,0,0,0,0,0,0,1818,10535,390,1019,0,0,231,7173,5871,0,0,196,3331,19612,0,0,0,0,0,0,0,0,0,0,0,1818,TCGA-LL-A5YO-DX1_xmin36631_ymin44396_MPP-0.2500+69
0,0,0,0,0,0,2043,0,0,0,0,2749,45384,0,0,0,0,0,0,0,0,0,0,0,0,0,0,0,0,0,0,2043,0,0,0,0,3606,44527,0,0,0,0,0,0,0,0,0,0,0,0,0,0,0,0,0,0,2043,0,0,0,0,3384,44749,0,0,0,0,0,0,0,0,0,0,0,0,TCGA-LL-A5YO-DX1_xmin36631_ymin44396_MPP-0.2500+7
7707,0,0,0,0,3941,0,5227,0,0,4000,0,26207,0,0,0,0,0,0,0,0,0,0,0,3094,7698,0,9,0,0,4010,0,5158,0,0,4078,0,26129,0,0,0,0,0,0,0,0,0,0,0,3094,7690,0,17,0,0,4063,0,5105,0,0,4282,0,25925,0,0,0,0,0,0,0,0,0,0,0,3094,TCGA-LL-A5YO-DX1_xmin36631_ymin44396_MPP-0.2500+70
0,0,1032,0,0,16,0,22039,0,0,0,0,27089,0,0,0,0,0,0,0,0,0,0,0,0,0,0,1032,0,0,16,0,22039,0,0,0,0,27089,0,0,0,0,0,0,0,0,0,0,0,0,0,0,1032,0,0,16,0,22039,0,0,0,0,27089,0,0,0,0,0,0,0,0,0,0,0,0,TCGA-LL-A5YO-DX1_xmin36631_ymin44396_MPP-0.2500+71
0,0,0,0,0,0,0,0,0,0,0,0,50176,0,0,0,0,0,0,0,0,0,0,0,0,0,0,0,0,0,0,0,0,0,0,0,0,50176,0,0,0,0,0,0,0,0,0,0,0,0,0,0,0,0,0,0,0,0,0,0,0,0,50176,0,0,0,0,0,0,0,0,0,0,0,0,TCGA-LL-A5YO-DX1_xmin36631_ymin44396_MPP-0.2500+72
16,0,3685,0,0,0,0,2068,0,0,0,0,44407,0,0,0,0,0,0,0,0,0,0,0,0,16,0,3685,0,0,0,0,2068,0,0,0,0,44407,0,0,0,0,0,0,0,0,0,0,0,0,16,0,3685,0,0,0,0,2068,0,0,0,0,44407,0,0,0,0,0,0,0,0,0,0,0,0,TCGA-LL-A5YO-DX1_xmin36631_ymin44396_MPP-0.2500+73
0,0,1332,0,0,0,0,1283,0,0,752,0,46809,0,0,0,0,0,0,0,0,0,0,0,0,0,0,1332,0,0,0,0,1283,0,0,752,0,46809,0,0,0,0,0,0,0,0,0,0,0,0,16,0,1316,0,0,0,0,1283,0,0,752,0,46809,0,0,0,0,0,0,0,0,0,0,0,0,TCGA-LL-A5YO-DX1_xmin36631_ymin44396_MPP-0.2500+74
0,0,0,0,0,0,17322,12416,0,0,0,2662,16380,0,0,0,0,0,0,0,0,0,0,0,1396,0,0,0,0,0,0,17417,12321,0,0,0,2571,16471,0,0,0,0,0,0,0,0,0,0,0,1396,0,0,0,0,0,0,17947,11791,0,0,0,2545,16497,0,0,0,0,0,0,0,0,0,0,0,1396,TCGA-LL-A5YO-DX1_xmin36631_ymin44396_MPP-0.2500+75
0,0,0,0,0,0,0,3343,0,0,0,0,44004,0,0,0,0,0,0,0,0,0,0,0,2829,0,0,0,0,0,0,0,3343,0,0,0,0,44004,0,0,0,0,0,0,0,0,0,0,0,2829,0,0,0,0,0,0,0,3343,0,0,0,0,44004,0,0,0,0,0,0,0,0,0,0,0,2829,TCGA-LL-A5YO-DX1_xmin36631_ymin44396_MPP-0.2500+76
634,0,1582,0,0,169,0,4675,0,0,205,0,42737,0,0,0,0,0,0,0,0,0,0,0,174,570,0,1646,0,0,232,0,4612,0,0,206,0,42736,0,0,0,0,0,0,0,0,0,0,0,174,570,0,1646,0,0,169,0,4675,0,0,205,0,42737,0,0,0,0,0,0,0,0,0,0,0,174,TCGA-LL-A5YO-DX1_xmin36631_ymin44396_MPP-0.2500+77
21242,3524,53,0,0,1126,1648,4677,0,0,1378,1172,11255,0,0,0,0,0,0,0,0,0,0,0,4101,21043,3738,38,0,0,1091,1883,4477,0,0,1393,1180,11232,0,0,0,0,0,0,0,0,0,0,0,4101,20308,4481,30,0,0,1063,2257,4131,0,0,1438,1265,11102,0,0,0,0,0,0,0,0,0,0,0,4101,TCGA-LL-A5YO-DX1_xmin36631_ymin44396_MPP-0.2500+78
512,5997,0,0,0,0,13590,2770,0,0,0,5074,21089,0,0,0,0,0,0,0,0,0,0,0,1144,416,6093,0,0,0,0,13969,2391,0,0,0,5474,20689,0,0,0,0,0,0,0,0,0,0,0,1144,320,6189,0,0,0,0,14149,2211,0,0,0,5736,20427,0,0,0,0,0,0,0,0,0,0,0,1144,TCGA-LL-A5YO-DX1_xmin36631_ymin44396_MPP-0.2500+79
0,0,0,0,0,0,11671,11163,0,0,0,217,27125,0,0,0,0,0,0,0,0,0,0,0,0,0,0,0,0,0,0,11657,11177,0,0,0,395,26947,0,0,0,0,0,0,0,0,0,0,0,0,0,0,0,0,0,0,11703,11131,0,0,0,733,26609,0,0,0,0,0,0,0,0,0,0,0,0,TCGA-LL-A5YO-DX1_xmin36631_ymin44396_MPP-0.2500+8
1216,0,5058,0,0,0,0,4370,0,0,0,0,39532,0,0,0,0,0,0,0,0,0,0,0,0,1152,0,5122,0,0,0,0,4370,0,0,0,0,39532,0,0,0,0,0,0,0,0,0,0,0,0,1088,0,5186,0,0,0,0,4370,0,0,0,0,39532,0,0,0,0,0,0,0,0,0,0,0,0,TCGA-LL-A5YO-DX1_xmin36631_ymin44396_MPP-0.2500+80
1712,0,9641,0,0,0,0,2481,0,0,0,0,36342,0,0,0,0,0,0,0,0,0,0,0,0,1648,0,9705,0,0,0,0,2481,0,0,0,0,36342,0,0,0,0,0,0,0,0,0,0,0,0,1456,0,9897,0,0,0,0,2481,0,0,0,0,36342,0,0,0,0,0,0,0,0,0,0,0,0,TCGA-LL-A5YO-DX1_xmin36631_ymin44396_MPP-0.2500+81
16157,3630,684,0,0,626,3780,3091,0,0,956,6192,8405,0,0,0,0,0,0,0,0,0,0,0,6655,15694,3800,977,0,0,621,3797,3079,0,0,1053,6210,8290,0,0,0,0,0,0,0,0,0,0,0,6655,15601,3888,982,0,0,599,3862,3036,0,0,1200,6286,8067,0,0,0,0,0,0,0,0,0,0,0,6655,TCGA-LL-A5YO-DX1_xmin36631_ymin44396_MPP-0.2500+82
1794,0,7362,0,0,492,0,10473,0,0,0,0,28747,0,0,0,0,0,0,0,0,0,0,0,1308,1730,0,7426,0,0,492,0,10473,0,0,0,0,28747,0,0,0,0,0,0,0,0,0,0,0,1308,1730,0,7426,0,0,492,0,10473,0,0,0,0,28747,0,0,0,0,0,0,0,0,0,0,0,1308,TCGA-LL-A5YO-DX1_xmin36631_ymin44396_MPP-0.2500+83
15921,0,7850,0,0,1285,0,3799,0,0,0,0,17964,0,0,0,0,0,0,0,0,0,0,0,3357,15601,0,8170,0,0,1253,0,3831,0,0,0,0,17964,0,0,0,0,0,0,0,0,0,0,0,3357,15665,0,8106,0,0,1253,0,3831,0,0,0,0,17964,0,0,0,0,0,0,0,0,0,0,0,3357,TCGA-LL-A5YO-DX1_xmin36631_ymin44396_MPP-0.2500+84
13675,0,2340,0,0,1256,0,3182,0,0,318,0,26882,0,0,0,0,0,0,0,0,0,0,0,2523,13582,0,2433,0,0,1176,0,3262,0,0,489,0,26711,0,0,0,0,0,0,0,0,0,0,0,2523,13670,0,2345,0,0,1143,0,3295,0,0,723,0,26477,0,0,0,0,0,0,0,0,0,0,0,2523,TCGA-LL-A5YO-DX1_xmin36631_ymin44396_MPP-0.2500+85
10247,7981,368,0,0,1074,4992,963,0,0,1203,7457,15054,0,0,0,0,0,0,0,0,0,0,0,837,10290,7952,354,0,0,1065,4992,972,0,0,1164,7540,15010,0,0,0,0,0,0,0,0,0,0,0,837,10126,8206,264,0,0,1007,5075,947,0,0,1249,7514,14951,0,0,0,0,0,0,0,0,0,0,0,837,TCGA-LL-A5YO-DX1_xmin36631_ymin44396_MPP-0.2500+86
19646,0,0,0,0,18758,0,0,0,0,4198,0,0,0,0,0,0,0,0,0,0,0,0,0,7574,19646,0,0,0,0,18758,0,0,0,0,4198,0,0,0,0,0,0,0,0,0,0,0,0,0,7574,19646,0,0,0,0,18758,0,0,0,0,4198,0,0,0,0,0,0,0,0,0,0,0,0,0,7574,TCGA-LL-A5YO-DX1_xmin36631_ymin44396_MPP-0.2500+87
541,0,14554,0,0,136,0,3245,0,0,651,0,29703,0,0,0,0,0,0,0,0,0,0,0,1346,541,0,14554,0,0,136,0,3245,0,0,651,0,29703,0,0,0,0,0,0,0,0,0,0,0,1346,445,0,14650,0,0,136,0,3245,0,0,651,0,29703,0,0,0,0,0,0,0,0,0,0,0,1346,TCGA-LL-A5YO-DX1_xmin36631_ymin44396_MPP-0.2500+88
12385,3572,371,0,0,1260,7607,14539,0,0,0,5610,4104,0,0,0,0,0,0,0,0,0,0,0,728,12298,3638,392,0,0,1175,8351,13880,0,0,0,5606,4108,0,0,0,0,0,0,0,0,0,0,0,728,12168,3883,277,0,0,967,8872,13567,0,0,4,5691,4019,0,0,0,0,0,0,0,0,0,0,0,728,TCGA-LL-A5YO-DX1_xmin36631_ymin44396_MPP-0.2500+89
96,8418,43,0,0,0,25115,16504,0,0,0,0,0,0,0,0,0,0,0,0,0,0,0,0,0,32,8444,81,0,0,0,24268,17351,0,0,0,0,0,0,0,0,0,0,0,0,0,0,0,0,0,32,8396,129,0,0,0,23937,17682,0,0,0,0,0,0,0,0,0,0,0,0,0,0,0,0,0,TCGA-LL-A5YO-DX1_xmin36631_ymin44396_MPP-0.2500+9
96,9437,840,0,0,0,4550,1278,0,0,0,7050,25661,0,0,0,0,0,0,0,0,0,0,0,1264,96,9383,894,0,0,0,4535,1293,0,0,0,7502,25209,0,0,0,0,0,0,0,0,0,0,0,1264,96,9303,974,0,0,0,4530,1298,0,0,0,7528,25183,0,0,0,0,0,0,0,0,0,0,0,1264,TCGA-LL-A5YO-DX1_xmin36631_ymin44396_MPP-0.2500+90
496,0,3668,0,0,0,0,793,0,0,0,0,45219,0,0,0,0,0,0,0,0,0,0,0,0,496,0,3668,0,0,0,0,793,0,0,0,0,45219,0,0,0,0,0,0,0,0,0,0,0,0,496,0,3668,0,0,0,0,793,0,0,0,0,45219,0,0,0,0,0,0,0,0,0,0,0,0,TCGA-LL-A5YO-DX1_xmin36631_ymin44396_MPP-0.2500+91
3040,0,5728,0,0,0,0,4424,0,0,0,0,35672,0,0,0,0,0,0,0,0,0,0,0,1312,2976,0,5792,0,0,0,0,4424,0,0,0,0,35672,0,0,0,0,0,0,0,0,0,0,0,1312,2720,0,6048,0,0,0,0,4424,0,0,0,0,35672,0,0,0,0,0,0,0,0,0,0,0,1312,TCGA-LL-A5YO-DX1_xmin36631_ymin44396_MPP-0.2500+92
18663,0,0,0,0,6978,0,0,0,0,19249,0,0,0,0,0,0,0,0,0,0,0,0,0,5286,18663,0,0,0,0,6978,0,0,0,0,19249,0,0,0,0,0,0,0,0,0,0,0,0,0,5286,18663,0,0,0,0,6978,0,0,0,0,19249,0,0,0,0,0,0,0,0,0,0,0,0,0,5286,TCGA-LL-A5YO-DX1_xmin36631_ymin44396_MPP-0.2500+93
10629,1100,1320,0,0,399,4491,5488,0,0,388,5050,18390,0,0,0,0,0,0,0,0,0,0,0,2921,10479,1371,1199,0,0,357,4645,5376,0,0,413,5219,18196,0,0,0,0,0,0,0,0,0,0,0,2921,10397,1754,898,0,0,350,4862,5166,0,0,445,5581,17802,0,0,0,0,0,0,0,0,0,0,0,2921,TCGA-LL-A5YO-DX1_xmin36631_ymin44396_MPP-0.2500+94
22204,187,153,0,0,1104,3711,12566,0,0,0,886,4418,0,0,0,0,0,0,0,0,0,0,0,4947,22183,271,90,0,0,1106,3984,12291,0,0,0,990,4314,0,0,0,0,0,0,0,0,0,0,0,4947,22096,365,83,0,0,1217,4575,11589,0,0,0,1127,4177,0,0,0,0,0,0,0,0,0,0,0,4947,TCGA-LL-A5YO-DX1_xmin36631_ymin44396_MPP-0.2500+95
96,7713,0,0,0,0,19665,0,0,0,0,0,0,0,0,0,0,0,0,0,0,0,0,0,22702,96,7713,0,0,0,0,19665,0,0,0,0,0,0,0,0,0,0,0,0,0,0,0,0,0,22702,192,7617,0,0,0,0,19665,0,0,0,0,0,0,0,0,0,0,0,0,0,0,0,0,0,22702,TCGA-LL-A73Y-DX1_xmin68117_ymin49445_MPP-0.2500+0
0,4715,43,0,0,0,20724,7432,0,0,0,7695,9567,0,0,0,0,0,0,0,0,0,0,0,0,160,4572,26,0,0,0,21316,6840,0,0,0,8013,9249,0,0,0,0,0,0,0,0,0,0,0,0,64,4645,49,0,0,0,18340,9816,0,0,0,5361,11901,0,0,0,0,0,0,0,0,0,0,0,0,TCGA-LL-A73Y-DX1_xmin68117_ymin49445_MPP-0.2500+1
5113,246,391,0,0,1495,28818,6655,0,0,0,0,2988,0,0,0,0,0,0,0,0,0,0,0,4470,5023,298,429,0,0,1501,28960,6507,0,0,0,0,2988,0,0,0,0,0,0,0,0,0,0,0,4470,5225,102,423,0,0,1624,28899,6445,0,0,0,20,2968,0,0,0,0,0,0,0,0,0,0,0,4470,TCGA-LL-A73Y-DX1_xmin68117_ymin49445_MPP-0.2500+10
20533,781,2430,0,0,4452,6834,3160,0,0,753,2681,8552,0,0,0,0,0,0,0,0,0,0,0,0,20424,929,2391,0,0,4085,7595,2766,0,0,677,3346,7963,0,0,0,0,0,0,0,0,0,0,0,0,20037,1599,2108,0,0,3363,8692,2391,0,0,544,4250,7192,0,0,0,0,0,0,0,0,0,0,0,0,TCGA-LL-A73Y-DX1_xmin68117_ymin49445_MPP-0.2500+11
28535,0,0,0,0,21623,0,0,0,0,18,0,0,0,0,0,0,0,0,0,0,0,0,0,0,28535,0,0,0,0,21623,0,0,0,0,18,0,0,0,0,0,0,0,0,0,0,0,0,0,0,28535,0,0,0,0,21623,0,0,0,0,18,0,0,0,0,0,0,0,0,0,0,0,0,0,0,TCGA-LL-A73Y-DX1_xmin68117_ymin49445_MPP-0.2500+12
28296,6,0,0,0,3725,16352,0,0,0,463,424,0,0,0,0,0,0,0,0,0,0,0,0,910,28298,4,0,0,0,3824,16253,0,0,0,454,433,0,0,0,0,0,0,0,0,0,0,0,0,910,28262,40,0,0,0,3276,16801,0,0,0,451,436,0,0,0,0,0,0,0,0,0,0,0,0,910,TCGA-LL-A73Y-DX1_xmin68117_ymin49445_MPP-0.2500+13
0,0,0,0,0,0,42700,7476,0,0,0,0,0,0,0,0,0,0,0,0,0,0,0,0,0,0,0,0,0,0,0,44767,5409,0,0,0,0,0,0,0,0,0,0,0,0,0,0,0,0,0,0,0,0,0,0,0,44650,5526,0,0,0,0,0,0,0,0,0,0,0,0,0,0,0,0,0,TCGA-LL-A73Y-DX1_xmin68117_ymin49445_MPP-0.2500+14
0,0,0,0,0,0,35595,2745,0,0,0,235,3633,0,0,0,0,0,0,0,0,0,0,0,7968,0,0,0,0,0,0,35491,2849,0,0,0,433,3435,0,0,0,0,0,0,0,0,0,0,0,7968,0,0,0,0,0,0,35460,2880,0,0,0,568,3300,0,0,0,0,0,0,0,0,0,0,0,7968,TCGA-LL-A73Y-DX1_xmin68117_ymin49445_MPP-0.2500+15
0,543,164,0,0,0,5460,2974,0,0,0,5458,35577,0,0,0,0,0,0,0,0,0,0,0,0,107,430,170,0,0,5,5401,3028,0,0,0,6027,35008,0,0,0,0,0,0,0,0,0,0,0,0,59,484,164,0,0,5,5389,3040,0,0,0,6476,34559,0,0,0,0,0,0,0,0,0,0,0,0,TCGA-LL-A73Y-DX1_xmin68117_ymin49445_MPP-0.2500+16
0,1147,5405,0,0,0,4,3533,0,0,0,5369,34718,0,0,0,0,0,0,0,0,0,0,0,0,48,1679,4825,0,0,0,38,3499,0,0,0,5560,34527,0,0,0,0,0,0,0,0,0,0,0,0,48,2086,4418,0,0,0,71,3466,0,0,0,6202,33885,0,0,0,0,0,0,0,0,0,0,0,0,TCGA-LL-A73Y-DX1_xmin68117_ymin49445_MPP-0.2500+17
38983,0,0,0,0,5754,0,0,0,0,0,0,0,0,0,0,0,0,0,0,0,0,0,0,5439,38983,0,0,0,0,5754,0,0,0,0,0,0,0,0,0,0,0,0,0,0,0,0,0,0,5439,38983,0,0,0,0,5754,0,0,0,0,0,0,0,0,0,0,0,0,0,0,0,0,0,0,5439,TCGA-LL-A73Y-DX1_xmin68117_ymin49445_MPP-0.2500+18
6552,379,0,0,0,1070,8507,20060,0,0,0,0,0,0,0,0,0,0,0,0,0,0,0,0,13608,6549,382,0,0,0,1062,9191,19384,0,0,0,0,0,0,0,0,0,0,0,0,0,0,0,0,13608,6531,400,0,0,0,1021,9789,18827,0,0,0,0,0,0,0,0,0,0,0,0,0,0,0,0,13608,TCGA-LL-A73Y-DX1_xmin68117_ymin49445_MPP-0.2500+19
0,632,0,0,0,0,10032,111,0,0,0,10016,29385,0,0,0,0,0,0,0,0,0,0,0,0,0,632,0,0,0,0,10011,132,0,0,0,9566,29835,0,0,0,0,0,0,0,0,0,0,0,0,0,632,0,0,0,0,10061,82,0,0,0,9238,30163,0,0,0,0,0,0,0,0,0,0,0,0,TCGA-LL-A73Y-DX1_xmin68117_ymin49445_MPP-0.2500+2
0,0,0,0,0,0,36013,11848,0,0,0,0,0,0,0,0,0,0,0,0,0,0,0,0,2315,0,0,0,0,0,0,37039,10822,0,0,0,0,0,0,0,0,0,0,0,0,0,0,0,0,2315,0,0,0,0,0,0,37479,10382,0,0,0,0,0,0,0,0,0,0,0,0,0,0,0,0,2315,TCGA-LL-A73Y-DX1_xmin68117_ymin49445_MPP-0.2500+20
0,0,0,0,0,0,16093,4679,0,0,0,68,29336,0,0,0,0,0,0,0,0,0,0,0,0,0,0,0,0,0,0,16230,4542,0,0,0,174,29230,0,0,0,0,0,0,0,0,0,0,0,0,0,0,0,0,0,0,16219,4553,0,0,0,641,28763,0,0,0,0,0,0,0,0,0,0,0,0,TCGA-LL-A73Y-DX1_xmin68117_ymin49445_MPP-0.2500+21
0,0,0,0,0,0,0,0,0,0,0,0,50176,0,0,0,0,0,0,0,0,0,0,0,0,0,0,0,0,0,0,0,0,0,0,0,0,50176,0,0,0,0,0,0,0,0,0,0,0,0,0,0,0,0,0,0,0,0,0,0,0,0,50176,0,0,0,0,0,0,0,0,0,0,0,0,TCGA-LL-A73Y-DX1_xmin68117_ymin49445_MPP-0.2500+22
0,0,0,0,0,0,0,0,0,0,0,0,50176,0,0,0,0,0,0,0,0,0,0,0,0,0,0,0,0,0,0,0,0,0,0,0,0,50176,0,0,0,0,0,0,0,0,0,0,0,0,0,0,0,0,0,0,0,0,0,0,0,0,50176,0,0,0,0,0,0,0,0,0,0,0,0,TCGA-LL-A73Y-DX1_xmin68117_ymin49445_MPP-0.2500+23
0,1588,0,0,0,0,25947,11718,0,0,0,51,6478,0,0,0,0,0,0,0,0,0,0,0,4394,0,1588,0,0,0,0,26339,11326,0,0,0,51,6478,0,0,0,0,0,0,0,0,0,0,0,4394,0,1588,0,0,0,0,27281,10384,0,0,0,58,6471,0,0,0,0,0,0,0,0,0,0,0,4394,TCGA-LL-A73Y-DX1_xmin68117_ymin49445_MPP-0.2500+24
0,0,0,0,0,0,36267,3238,0,0,0,25,126,0,0,0,0,0,0,0,0,0,0,0,10520,0,0,0,0,0,0,36420,3085,0,0,0,26,125,0,0,0,0,0,0,0,0,0,0,0,10520,0,0,0,0,0,0,36237,3268,0,0,0,12,139,0,0,0,0,0,0,0,0,0,0,0,10520,TCGA-LL-A73Y-DX1_xmin68117_ymin49445_MPP-0.2500+25
0,0,0,0,0,0,45898,3921,0,0,0,0,357,0,0,0,0,0,0,0,0,0,0,0,0,0,0,0,0,0,0,46009,3810,0,0,0,0,357,0,0,0,0,0,0,0,0,0,0,0,0,0,0,0,0,0,0,45939,3880,0,0,0,0,357,0,0,0,0,0,0,0,0,0,0,0,0,TCGA-LL-A73Y-DX1_xmin68117_ymin49445_MPP-0.2500+26
0,0,0,0,0,0,5207,3188,0,0,0,146,41635,0,0,0,0,0,0,0,0,0,0,0,0,0,0,0,0,0,0,5386,3009,0,0,0,247,41534,0,0,0,0,0,0,0,0,0,0,0,0,0,0,0,0,0,0,5499,2896,0,0,0,457,41324,0,0,0,0,0,0,0,0,0,0,0,0,TCGA-LL-A73Y-DX1_xmin68117_ymin49445_MPP-0.2500+27
0,0,0,0,0,0,0,0,0,0,0,0,50176,0,0,0,0,0,0,0,0,0,0,0,0,0,0,0,0,0,0,0,0,0,0,0,0,50176,0,0,0,0,0,0,0,0,0,0,0,0,0,0,0,0,0,0,0,0,0,0,0,0,50176,0,0,0,0,0,0,0,0,0,0,0,0,TCGA-LL-A73Y-DX1_xmin68117_ymin49445_MPP-0.2500+28
0,0,0,0,0,0,0,0,0,0,16,0,50160,0,0,0,0,0,0,0,0,0,0,0,0,0,0,0,0,0,0,0,0,0,0,0,0,50176,0,0,0,0,0,0,0,0,0,0,0,0,0,0,0,0,0,0,0,0,0,0,0,0,50176,0,0,0,0,0,0,0,0,0,0,0,0,TCGA-LL-A73Y-DX1_xmin68117_ymin49445_MPP-0.2500+29
0,0,0,0,0,0,37974,7576,0,0,0,2044,35,0,0,0,0,0,0,0,0,0,0,0,2547,0,0,0,0,0,0,39174,6376,0,0,0,2046,33,0,0,0,0,0,0,0,0,0,0,0,2547,0,0,0,0,0,0,38427,7123,0,0,0,2057,22,0,0,0,0,0,0,0,0,0,0,0,2547,TCGA-LL-A73Y-DX1_xmin68117_ymin49445_MPP-0.2500+3
0,0,0,0,0,0,26545,9891,0,0,0,58,3227,0,0,0,0,0,0,0,0,0,0,0,10455,0,0,0,0,0,0,27696,8740,0,0,0,71,3214,0,0,0,0,0,0,0,0,0,0,0,10455,0,0,0,0,0,0,29849,6587,0,0,0,175,3110,0,0,0,0,0,0,0,0,0,0,0,10455,TCGA-LL-A73Y-DX1_xmin68117_ymin49445_MPP-0.2500+30
0,0,0,0,0,0,15005,11580,0,0,0,144,5394,0,0,0,0,0,0,0,0,0,0,0,18053,0,0,0,0,0,0,15225,11360,0,0,0,158,5380,0,0,0,0,0,0,0,0,0,0,0,18053,0,0,0,0,0,0,14718,11867,0,0,0,164,5374,0,0,0,0,0,0,0,0,0,0,0,18053,TCGA-LL-A73Y-DX1_xmin68117_ymin49445_MPP-0.2500+31
0,0,0,0,0,2096,0,20407,0,0,0,0,27673,0,0,0,0,0,0,0,0,0,0,0,0,0,0,0,0,0,2096,0,20407,0,0,0,0,27673,0,0,0,0,0,0,0,0,0,0,0,0,0,0,0,0,0,2096,0,20407,0,0,0,0,27673,0,0,0,0,0,0,0,0,0,0,0,0,TCGA-LL-A73Y-DX1_xmin68117_ymin49445_MPP-0.2500+32
0,0,0,0,0,0,0,0,0,0,16,0,50160,0,0,0,0,0,0,0,0,0,0,0,0,0,0,0,0,0,0,0,0,0,0,16,0,50160,0,0,0,0,0,0,0,0,0,0,0,0,0,0,0,0,0,0,0,0,0,0,0,0,50176,0,0,0,0,0,0,0,0,0,0,0,0,TCGA-LL-A73Y-DX1_xmin68117_ymin49445_MPP-0.2500+33
3572,0,3734,0,0,152,0,1395,0,0,4,0,39514,0,0,0,0,0,0,0,0,0,0,0,1805,3552,0,3754,0,0,48,0,1499,0,0,0,0,39518,0,0,0,0,0,0,0,0,0,0,0,1805,3561,0,3745,0,0,102,0,1445,0,0,1,0,39517,0,0,0,0,0,0,0,0,0,0,0,1805,TCGA-LL-A73Y-DX1_xmin68117_ymin49445_MPP-0.2500+34
1360,0,5202,0,0,0,0,1341,0,0,0,0,42273,0,0,0,0,0,0,0,0,0,0,0,0,1296,0,5266,0,0,0,0,1341,0,0,0,0,42273,0,0,0,0,0,0,0,0,0,0,0,0,1232,0,5330,0,0,0,0,1341,0,0,0,0,42273,0,0,0,0,0,0,0,0,0,0,0,0,TCGA-LL-A73Y-DX1_xmin68117_ymin49445_MPP-0.2500+35
0,0,0,0,0,0,29321,12053,0,0,0,2651,3440,0,0,0,0,0,0,0,0,0,0,0,2711,0,0,0,0,0,0,31825,9549,0,0,0,2917,3174,0,0,0,0,0,0,0,0,0,0,0,2711,0,0,0,0,0,0,28957,12417,0,0,0,2472,3619,0,0,0,0,0,0,0,0,0,0,0,2711,TCGA-LL-A73Y-DX1_xmin68117_ymin49445_MPP-0.2500+36
0,0,0,0,0,0,9341,3898,0,0,0,950,35987,0,0,0,0,0,0,0,0,0,0,0,0,0,0,0,0,0,0,9301,3938,0,0,0,908,36029,0,0,0,0,0,0,0,0,0,0,0,0,0,0,0,0,0,0,9317,3922,0,0,0,1044,35893,0,0,0,0,0,0,0,0,0,0,0,0,TCGA-LL-A73Y-DX1_xmin68117_ymin49445_MPP-0.2500+37
0,0,0,0,0,0,0,0,0,0,0,0,50176,0,0,0,0,0,0,0,0,0,0,0,0,0,0,0,0,0,0,0,0,0,0,0,0,50176,0,0,0,0,0,0,0,0,0,0,0,0,0,0,0,0,0,0,0,0,0,0,0,0,50176,0,0,0,0,0,0,0,0,0,0,0,0,TCGA-LL-A73Y-DX1_xmin68117_ymin49445_MPP-0.2500+38
0,0,0,0,0,0,0,870,0,0,0,0,47379,0,0,0,0,0,0,0,0,0,0,0,1927,0,0,0,0,0,0,0,870,0,0,0,0,47379,0,0,0,0,0,0,0,0,0,0,0,1927,0,0,0,0,0,0,0,870,0,0,0,0,47379,0,0,0,0,0,0,0,0,0,0,0,1927,TCGA-LL-A73Y-DX1_xmin68117_ymin49445_MPP-0.2500+39
0,0,0,0,0,0,50176,0,0,0,0,0,0,0,0,0,0,0,0,0,0,0,0,0,0,0,0,0,0,0,0,50176,0,0,0,0,0,0,0,0,0,0,0,0,0,0,0,0,0,0,0,0,0,0,0,0,50176,0,0,0,0,0,0,0,0,0,0,0,0,0,0,0,0,0,0,TCGA-LL-A73Y-DX1_xmin68117_ymin49445_MPP-0.2500+4
12624,0,12170,0,0,0,0,2504,0,0,0,0,22878,0,0,0,0,0,0,0,0,0,0,0,0,12432,0,12362,0,0,0,0,2504,0,0,0,0,22878,0,0,0,0,0,0,0,0,0,0,0,0,12240,0,12554,0,0,0,0,2504,0,0,0,0,22878,0,0,0,0,0,0,0,0,0,0,0,0,TCGA-LL-A73Y-DX1_xmin68117_ymin49445_MPP-0.2500+40
34262,0,4570,0,0,556,0,2187,0,0,751,0,7850,0,0,0,0,0,0,0,0,0,0,0,0,34381,0,4451,0,0,555,0,2188,0,0,810,0,7791,0,0,0,0,0,0,0,0,0,0,0,0,34480,0,4352,0,0,552,0,2191,0,0,1014,0,7587,0,0,0,0,0,0,0,0,0,0,0,0,TCGA-LL-A73Y-DX1_xmin68117_ymin49445_MPP-0.2500+41
0,0,0,0,0,0,9325,9083,0,0,0,2330,14167,0,0,0,0,0,0,0,0,0,0,0,15271,0,0,0,0,0,0,9579,8829,0,0,0,2236,14261,0,0,0,0,0,0,0,0,0,0,0,15271,0,0,0,0,0,0,10136,8272,0,0,0,2195,14302,0,0,0,0,0,0,0,0,0,0,0,15271,TCGA-LL-A73Y-DX1_xmin68117_ymin49445_MPP-0.2500+42
0,0,0,0,0,16,0,377,0,0,0,0,49783,0,0,0,0,0,0,0,0,0,0,0,0,0,0,0,0,0,16,0,377,0,0,0,0,49783,0,0,0,0,0,0,0,0,0,0,0,0,0,0,0,0,0,16,0,377,0,0,0,0,49783,0,0,0,0,0,0,0,0,0,0,0,0,TCGA-LL-A73Y-DX1_xmin68117_ymin49445_MPP-0.2500+43
0,0,0,0,0,0,0,0,0,0,0,0,50176,0,0,0,0,0,0,0,0,0,0,0,0,0,0,0,0,0,0,0,0,0,0,0,0,50176,0,0,0,0,0,0,0,0,0,0,0,0,0,0,0,0,0,0,0,0,0,0,0,0,50176,0,0,0,0,0,0,0,0,0,0,0,0,TCGA-LL-A73Y-DX1_xmin68117_ymin49445_MPP-0.2500+44
336,0,1028,0,0,0,0,4418,0,0,0,0,44394,0,0,0,0,0,0,0,0,0,0,0,0,336,0,1028,0,0,0,0,4418,0,0,0,0,44394,0,0,0,0,0,0,0,0,0,0,0,0,336,0,1028,0,0,0,0,4418,0,0,0,0,44394,0,0,0,0,0,0,0,0,0,0,0,0,TCGA-LL-A73Y-DX1_xmin68117_ymin49445_MPP-0.2500+45
3172,0,3894,0,0,236,0,3451,0,0,0,0,38033,0,0,0,0,0,0,0,0,0,0,0,1390,3012,0,4054,0,0,140,0,3547,0,0,0,0,38033,0,0,0,0,0,0,0,0,0,0,0,1390,3108,0,3958,0,0,140,0,3547,0,0,0,0,38033,0,0,0,0,0,0,0,0,0,0,0,1390,TCGA-LL-A73Y-DX1_xmin68117_ymin49445_MPP-0.2500+46
0,0,5761,0,0,0,0,2742,0,0,0,0,40831,0,0,0,0,0,0,0,0,0,0,0,842,0,0,5761,0,0,0,0,2742,0,0,0,0,40831,0,0,0,0,0,0,0,0,0,0,0,842,0,0,5761,0,0,0,0,2742,0,0,0,0,40831,0,0,0,0,0,0,0,0,0,0,0,842,TCGA-LL-A73Y-DX1_xmin68117_ymin49445_MPP-0.2500+47
1,2106,0,0,0,0,36986,7952,0,0,0,82,173,0,0,0,0,0,0,0,0,0,0,0,2876,240,1867,0,0,0,0,37297,7641,0,0,0,85,170,0,0,0,0,0,0,0,0,0,0,0,2876,240,1867,0,0,0,0,35328,9610,0,0,0,68,187,0,0,0,0,0,0,0,0,0,0,0,2876,TCGA-LL-A73Y-DX1_xmin68117_ymin49445_MPP-0.2500+5
13352,1010,5,0,0,5474,10872,2327,0,0,106,5829,5889,0,0,0,0,0,0,0,0,0,0,0,5312,13353,1012,2,0,0,5243,11765,1665,0,0,134,6458,5232,0,0,0,0,0,0,0,0,0,0,0,5312,13338,1029,0,0,0,4898,12180,1595,0,0,123,6468,5233,0,0,0,0,0,0,0,0,0,0,0,5312,TCGA-LL-A73Y-DX1_xmin68117_ymin49445_MPP-0.2500+6
29153,3479,0,0,0,6584,5903,0,0,0,2317,2740,0,0,0,0,0,0,0,0,0,0,0,0,0,29145,3487,0,0,0,6523,5964,0,0,0,2061,2996,0,0,0,0,0,0,0,0,0,0,0,0,0,29134,3498,0,0,0,6164,6323,0,0,0,1759,3298,0,0,0,0,0,0,0,0,0,0,0,0,0,TCGA-LL-A73Y-DX1_xmin68117_ymin49445_MPP-0.2500+7
0,4889,0,0,0,0,45287,0,0,0,0,0,0,0,0,0,0,0,0,0,0,0,0,0,0,0,4889,0,0,0,0,45287,0,0,0,0,0,0,0,0,0,0,0,0,0,0,0,0,0,0,0,4889,0,0,0,0,45287,0,0,0,0,0,0,0,0,0,0,0,0,0,0,0,0,0,0,TCGA-LL-A73Y-DX1_xmin68117_ymin49445_MPP-0.2500+8
0,0,0,0,0,0,35754,14422,0,0,0,0,0,0,0,0,0,0,0,0,0,0,0,0,0,0,0,0,0,0,0,38075,12101,0,0,0,0,0,0,0,0,0,0,0,0,0,0,0,0,0,0,0,0,0,0,0,39454,10722,0,0,0,0,0,0,0,0,0,0,0,0,0,0,0,0,0,TCGA-LL-A73Y-DX1_xmin68117_ymin49445_MPP-0.2500+9
0,0,0,0,0,0,26030,2847,0,0,0,5689,15610,0,0,0,0,0,0,0,0,0,0,0,0,0,0,0,0,0,0,26442,2435,0,0,0,6102,15197,0,0,0,0,0,0,0,0,0,0,0,0,0,0,0,0,0,0,27111,1766,0,0,0,6941,14358,0,0,0,0,0,0,0,0,0,0,0,0,TCGA-LL-A740-DX1_xmin39436_ymin24080_MPP-0.2500+0
0,0,0,0,0,7136,0,10330,0,0,0,0,32710,0,0,0,0,0,0,0,0,0,0,0,0,0,0,0,0,0,7120,0,10346,0,0,0,0,32710,0,0,0,0,0,0,0,0,0,0,0,0,0,0,0,0,0,7120,0,10346,0,0,0,0,32710,0,0,0,0,0,0,0,0,0,0,0,0,TCGA-LL-A740-DX1_xmin39436_ymin24080_MPP-0.2500+1
50176,0,0,0,0,0,0,0,0,0,0,0,0,0,0,0,0,0,0,0,0,0,0,0,0,50176,0,0,0,0,0,0,0,0,0,0,0,0,0,0,0,0,0,0,0,0,0,0,0,0,50176,0,0,0,0,0,0,0,0,0,0,0,0,0,0,0,0,0,0,0,0,0,0,0,0,TCGA-LL-A740-DX1_xmin39436_ymin24080_MPP-0.2500+10
0,0,0,0,0,0,40139,0,0,0,0,0,0,0,0,0,0,0,0,0,0,0,0,0,10037,0,0,0,0,0,0,40139,0,0,0,0,0,0,0,0,0,0,0,0,0,0,0,0,0,10037,0,0,0,0,0,0,40139,0,0,0,0,0,0,0,0,0,0,0,0,0,0,0,0,0,10037,TCGA-LL-A740-DX1_xmin39436_ymin24080_MPP-0.2500+100
0,0,0,0,0,0,22919,0,0,0,0,0,0,0,0,0,0,0,0,0,0,0,0,0,27257,0,0,0,0,0,0,22919,0,0,0,0,0,0,0,0,0,0,0,0,0,0,0,0,0,27257,0,0,0,0,0,0,22919,0,0,0,0,0,0,0,0,0,0,0,0,0,0,0,0,0,27257,TCGA-LL-A740-DX1_xmin39436_ymin24080_MPP-0.2500+101
0,0,0,0,0,0,34932,0,0,0,0,0,0,0,0,0,0,0,0,0,0,0,0,0,15244,0,0,0,0,0,0,34932,0,0,0,0,0,0,0,0,0,0,0,0,0,0,0,0,0,15244,0,0,0,0,0,0,34932,0,0,0,0,0,0,0,0,0,0,0,0,0,0,0,0,0,15244,TCGA-LL-A740-DX1_xmin39436_ymin24080_MPP-0.2500+102
0,0,0,0,0,0,50176,0,0,0,0,0,0,0,0,0,0,0,0,0,0,0,0,0,0,0,0,0,0,0,0,50176,0,0,0,0,0,0,0,0,0,0,0,0,0,0,0,0,0,0,0,0,0,0,0,0,50176,0,0,0,0,0,0,0,0,0,0,0,0,0,0,0,0,0,0,TCGA-LL-A740-DX1_xmin39436_ymin24080_MPP-0.2500+103
0,0,0,0,0,0,46248,0,0,0,0,0,0,0,0,0,0,0,0,0,0,0,0,0,3928,0,0,0,0,0,0,46248,0,0,0,0,0,0,0,0,0,0,0,0,0,0,0,0,0,3928,0,0,0,0,0,0,46248,0,0,0,0,0,0,0,0,0,0,0,0,0,0,0,0,0,3928,TCGA-LL-A740-DX1_xmin39436_ymin24080_MPP-0.2500+104
0,0,0,0,0,2144,47645,0,0,0,0,0,0,0,0,0,0,0,0,0,0,0,0,0,387,0,0,0,0,0,896,28383,0,20510,0,0,0,0,0,0,0,0,0,0,0,0,0,0,0,387,0,0,0,0,0,7552,42237,0,0,0,0,0,0,0,0,0,0,0,0,0,0,0,0,0,387,TCGA-LL-A740-DX1_xmin39436_ymin24080_MPP-0.2500+105
0,0,0,0,0,39651,10525,0,0,0,0,0,0,0,0,0,0,0,0,0,0,0,0,0,0,0,0,0,0,0,39795,10381,0,0,0,0,0,0,0,0,0,0,0,0,0,0,0,0,0,0,0,0,0,0,0,39398,10778,0,0,0,0,0,0,0,0,0,0,0,0,0,0,0,0,0,0,TCGA-LL-A740-DX1_xmin39436_ymin24080_MPP-0.2500+106
11128,0,0,0,0,39048,0,0,0,0,0,0,0,0,0,0,0,0,0,0,0,0,0,0,0,11128,0,0,0,0,39048,0,0,0,0,0,0,0,0,0,0,0,0,0,0,0,0,0,0,0,11128,0,0,0,0,39048,0,0,0,0,0,0,0,0,0,0,0,0,0,0,0,0,0,0,0,TCGA-LL-A740-DX1_xmin39436_ymin24080_MPP-0.2500+107
8513,0,0,0,0,41663,0,0,0,0,0,0,0,0,0,0,0,0,0,0,0,0,0,0,0,8513,0,0,0,0,41663,0,0,0,0,0,0,0,0,0,0,0,0,0,0,0,0,0,0,0,8513,0,0,0,0,41663,0,0,0,0,0,0,0,0,0,0,0,0,0,0,0,0,0,0,0,TCGA-LL-A740-DX1_xmin39436_ymin24080_MPP-0.2500+108
27970,0,0,0,0,22206,0,0,0,0,0,0,0,0,0,0,0,0,0,0,0,0,0,0,0,27970,0,0,0,0,22206,0,0,0,0,0,0,0,0,0,0,0,0,0,0,0,0,0,0,0,27970,0,0,0,0,22206,0,0,0,0,0,0,0,0,0,0,0,0,0,0,0,0,0,0,0,TCGA-LL-A740-DX1_xmin39436_ymin24080_MPP-0.2500+109
0,0,0,0,0,0,11127,1201,0,0,0,711,37137,0,0,0,0,0,0,0,0,0,0,0,0,0,0,0,0,0,0,11326,1002,0,0,0,742,37106,0,0,0,0,0,0,0,0,0,0,0,0,0,0,0,0,0,0,11399,929,0,0,0,812,37036,0,0,0,0,0,0,0,0,0,0,0,0,TCGA-LL-A740-DX1_xmin39436_ymin24080_MPP-0.2500+11
0,0,0,0,0,0,50176,0,0,0,0,0,0,0,0,0,0,0,0,0,0,0,0,0,0,0,0,0,0,0,0,50176,0,0,0,0,0,0,0,0,0,0,0,0,0,0,0,0,0,0,0,0,0,0,0,0,50176,0,0,0,0,0,0,0,0,0,0,0,0,0,0,0,0,0,0,TCGA-LL-A740-DX1_xmin39436_ymin24080_MPP-0.2500+110
0,0,0,0,0,0,50087,0,0,0,0,0,0,0,0,0,0,0,0,0,0,0,0,0,89,0,0,0,0,0,0,50087,0,0,0,0,0,0,0,0,0,0,0,0,0,0,0,0,0,89,0,0,0,0,0,0,50087,0,0,0,0,0,0,0,0,0,0,0,0,0,0,0,0,0,89,TCGA-LL-A740-DX1_xmin39436_ymin24080_MPP-0.2500+111
0,0,0,0,0,0,50176,0,0,0,0,0,0,0,0,0,0,0,0,0,0,0,0,0,0,0,0,0,0,0,0,50176,0,0,0,0,0,0,0,0,0,0,0,0,0,0,0,0,0,0,0,0,0,0,0,0,50176,0,0,0,0,0,0,0,0,0,0,0,0,0,0,0,0,0,0,TCGA-LL-A740-DX1_xmin39436_ymin24080_MPP-0.2500+112
0,0,0,0,0,0,50176,0,0,0,0,0,0,0,0,0,0,0,0,0,0,0,0,0,0,0,0,0,0,0,0,50176,0,0,0,0,0,0,0,0,0,0,0,0,0,0,0,0,0,0,0,0,0,0,0,0,50176,0,0,0,0,0,0,0,0,0,0,0,0,0,0,0,0,0,0,TCGA-LL-A740-DX1_xmin39436_ymin24080_MPP-0.2500+113
0,0,0,0,0,0,50176,0,0,0,0,0,0,0,0,0,0,0,0,0,0,0,0,0,0,0,0,0,0,0,0,50176,0,0,0,0,0,0,0,0,0,0,0,0,0,0,0,0,0,0,0,0,0,0,0,0,50176,0,0,0,0,0,0,0,0,0,0,0,0,0,0,0,0,0,0,TCGA-LL-A740-DX1_xmin39436_ymin24080_MPP-0.2500+114
0,0,0,0,0,0,46381,0,0,0,0,0,0,0,0,0,0,0,0,0,0,0,0,0,3795,0,0,0,0,0,0,46381,0,0,0,0,0,0,0,0,0,0,0,0,0,0,0,0,0,3795,0,0,0,0,0,0,46381,0,0,0,0,0,0,0,0,0,0,0,0,0,0,0,0,0,3795,TCGA-LL-A740-DX1_xmin39436_ymin24080_MPP-0.2500+115
0,0,0,0,0,30283,19893,0,0,0,0,0,0,0,0,0,0,0,0,0,0,0,0,0,0,0,0,0,0,0,31071,19105,0,0,0,0,0,0,0,0,0,0,0,0,0,0,0,0,0,0,0,0,0,0,0,29835,20341,0,0,0,0,0,0,0,0,0,0,0,0,0,0,0,0,0,0,TCGA-LL-A740-DX1_xmin39436_ymin24080_MPP-0.2500+116
0,0,0,0,0,50176,0,0,0,0,0,0,0,0,0,0,0,0,0,0,0,0,0,0,0,0,0,0,0,0,50176,0,0,0,0,0,0,0,0,0,0,0,0,0,0,0,0,0,0,0,0,0,0,0,0,50176,0,0,0,0,0,0,0,0,0,0,0,0,0,0,0,0,0,0,0,TCGA-LL-A740-DX1_xmin39436_ymin24080_MPP-0.2500+117
25934,0,0,0,0,24242,0,0,0,0,0,0,0,0,0,0,0,0,0,0,0,0,0,0,0,25934,0,0,0,0,24242,0,0,0,0,0,0,0,0,0,0,0,0,0,0,0,0,0,0,0,25934,0,0,0,0,24242,0,0,0,0,0,0,0,0,0,0,0,0,0,0,0,0,0,0,0,TCGA-LL-A740-DX1_xmin39436_ymin24080_MPP-0.2500+118
19470,0,0,0,0,30706,0,0,0,0,0,0,0,0,0,0,0,0,0,0,0,0,0,0,0,19470,0,0,0,0,30706,0,0,0,0,0,0,0,0,0,0,0,0,0,0,0,0,0,0,0,19470,0,0,0,0,30706,0,0,0,0,0,0,0,0,0,0,0,0,0,0,0,0,0,0,0,TCGA-LL-A740-DX1_xmin39436_ymin24080_MPP-0.2500+119
0,0,0,0,0,0,0,4558,0,0,0,0,37266,0,0,0,0,0,0,0,0,0,0,0,8352,0,0,0,0,0,0,0,4558,0,0,0,0,37266,0,0,0,0,0,0,0,0,0,0,0,8352,0,0,0,0,0,0,0,4558,0,0,0,0,37266,0,0,0,0,0,0,0,0,0,0,0,8352,TCGA-LL-A740-DX1_xmin39436_ymin24080_MPP-0.2500+12
7298,0,0,0,0,42878,0,0,0,0,0,0,0,0,0,0,0,0,0,0,0,0,0,0,0,7298,0,0,0,0,42878,0,0,0,0,0,0,0,0,0,0,0,0,0,0,0,0,0,0,0,7298,0,0,0,0,42878,0,0,0,0,0,0,0,0,0,0,0,0,0,0,0,0,0,0,0,TCGA-LL-A740-DX1_xmin39436_ymin24080_MPP-0.2500+120
0,0,0,0,0,0,3630,3226,0,0,0,5157,37706,0,0,0,0,0,0,0,0,0,0,0,457,0,0,0,0,0,0,3911,2945,0,0,0,5331,37532,0,0,0,0,0,0,0,0,0,0,0,457,0,0,0,0,0,0,4004,2852,0,0,0,5959,36904,0,0,0,0,0,0,0,0,0,0,0,457,TCGA-LL-A740-DX1_xmin39436_ymin24080_MPP-0.2500+13
0,0,0,0,0,0,31557,1500,0,0,0,4116,13003,0,0,0,0,0,0,0,0,0,0,0,0,0,0,0,0,0,0,31794,1263,0,0,0,4161,12958,0,0,0,0,0,0,0,0,0,0,0,0,0,0,0,0,0,0,31929,1128,0,0,0,4212,12907,0,0,0,0,0,0,0,0,0,0,0,0,TCGA-LL-A740-DX1_xmin39436_ymin24080_MPP-0.2500+14
0,0,0,0,0,0,50176,0,0,0,0,0,0,0,0,0,0,0,0,0,0,0,0,0,0,0,0,0,0,0,0,50176,0,0,0,0,0,0,0,0,0,0,0,0,0,0,0,0,0,0,0,0,0,0,0,0,50176,0,0,0,0,0,0,0,0,0,0,0,0,0,0,0,0,0,0,TCGA-LL-A740-DX1_xmin39436_ymin24080_MPP-0.2500+15
0,0,0,0,0,0,50176,0,0,0,0,0,0,0,0,0,0,0,0,0,0,0,0,0,0,0,0,0,0,0,0,50176,0,0,0,0,0,0,0,0,0,0,0,0,0,0,0,0,0,0,0,0,0,0,0,0,50176,0,0,0,0,0,0,0,0,0,0,0,0,0,0,0,0,0,0,TCGA-LL-A740-DX1_xmin39436_ymin24080_MPP-0.2500+16
0,0,0,0,0,0,29727,0,0,0,0,0,0,0,0,0,0,0,0,0,0,0,0,0,20449,0,0,0,0,0,0,29727,0,0,0,0,0,0,0,0,0,0,0,0,0,0,0,0,0,20449,0,0,0,0,0,0,29727,0,0,0,0,0,0,0,0,0,0,0,0,0,0,0,0,0,20449,TCGA-LL-A740-DX1_xmin39436_ymin24080_MPP-0.2500+17
0,0,0,0,0,7469,32072,0,0,0,0,0,0,0,0,0,0,0,0,0,0,0,0,0,10635,0,0,0,0,0,7446,32095,0,0,0,0,0,0,0,0,0,0,0,0,0,0,0,0,0,10635,0,0,0,0,0,7710,31831,0,0,0,0,0,0,0,0,0,0,0,0,0,0,0,0,0,10635,TCGA-LL-A740-DX1_xmin39436_ymin24080_MPP-0.2500+18
28476,3834,0,0,0,14770,3096,0,0,0,0,0,0,0,0,0,0,0,0,0,0,0,0,0,0,28494,3816,0,0,0,15230,2636,0,0,0,0,0,0,0,0,0,0,0,0,0,0,0,0,0,0,28090,4220,0,0,0,15072,2794,0,0,0,0,0,0,0,0,0,0,0,0,0,0,0,0,0,0,TCGA-LL-A740-DX1_xmin39436_ymin24080_MPP-0.2500+19
0,0,0,0,0,0,0,2823,0,0,0,0,47353,0,0,0,0,0,0,0,0,0,0,0,0,0,0,0,0,0,0,0,2823,0,0,0,0,47353,0,0,0,0,0,0,0,0,0,0,0,0,0,0,0,0,0,0,0,2823,0,0,0,0,47353,0,0,0,0,0,0,0,0,0,0,0,0,TCGA-LL-A740-DX1_xmin39436_ymin24080_MPP-0.2500+2
50176,0,0,0,0,0,0,0,0,0,0,0,0,0,0,0,0,0,0,0,0,0,0,0,0,50176,0,0,0,0,0,0,0,0,0,0,0,0,0,0,0,0,0,0,0,0,0,0,0,0,50176,0,0,0,0,0,0,0,0,0,0,0,0,0,0,0,0,0,0,0,0,0,0,0,0,TCGA-LL-A740-DX1_xmin39436_ymin24080_MPP-0.2500+20
50176,0,0,0,0,0,0,0,0,0,0,0,0,0,0,0,0,0,0,0,0,0,0,0,0,50176,0,0,0,0,0,0,0,0,0,0,0,0,0,0,0,0,0,0,0,0,0,0,0,0,50176,0,0,0,0,0,0,0,0,0,0,0,0,0,0,0,0,0,0,0,0,0,0,0,0,TCGA-LL-A740-DX1_xmin39436_ymin24080_MPP-0.2500+21
0,0,0,0,0,0,0,959,0,0,0,0,49217,0,0,0,0,0,0,0,0,0,0,0,0,0,0,0,0,0,0,0,959,0,0,0,0,49217,0,0,0,0,0,0,0,0,0,0,0,0,0,0,0,0,0,0,0,959,0,0,0,0,49217,0,0,0,0,0,0,0,0,0,0,0,0,TCGA-LL-A740-DX1_xmin39436_ymin24080_MPP-0.2500+22
0,0,0,0,0,0,985,100,0,0,0,11191,35166,0,0,0,0,0,0,0,0,0,0,0,2734,0,0,0,0,0,0,958,127,0,0,0,13022,33335,0,0,0,0,0,0,0,0,0,0,0,2734,0,0,0,0,0,0,961,124,0,0,0,14228,32129,0,0,0,0,0,0,0,0,0,0,0,2734,TCGA-LL-A740-DX1_xmin39436_ymin24080_MPP-0.2500+23
0,0,0,0,0,0,8798,7295,0,0,0,9604,20666,0,0,0,0,0,0,0,0,0,0,0,3813,0,0,0,0,0,0,9318,6775,0,0,0,10307,19963,0,0,0,0,0,0,0,0,0,0,0,3813,0,0,0,0,0,0,9857,6236,0,0,0,10995,19275,0,0,0,0,0,0,0,0,0,0,0,3813,TCGA-LL-A740-DX1_xmin39436_ymin24080_MPP-0.2500+24
0,0,0,0,0,0,45141,0,0,0,0,5035,0,0,0,0,0,0,0,0,0,0,0,0,0,0,0,0,0,0,0,45141,0,0,0,0,5035,0,0,0,0,0,0,0,0,0,0,0,0,0,0,0,0,0,0,0,45141,0,0,0,0,5035,0,0,0,0,0,0,0,0,0,0,0,0,0,TCGA-LL-A740-DX1_xmin39436_ymin24080_MPP-0.2500+25
0,0,0,0,0,0,50176,0,0,0,0,0,0,0,0,0,0,0,0,0,0,0,0,0,0,0,0,0,0,0,0,50176,0,0,0,0,0,0,0,0,0,0,0,0,0,0,0,0,0,0,0,0,0,0,0,0,50176,0,0,0,0,0,0,0,0,0,0,0,0,0,0,0,0,0,0,TCGA-LL-A740-DX1_xmin39436_ymin24080_MPP-0.2500+26
0,0,0,0,0,0,48866,0,0,0,0,0,0,0,0,0,0,0,0,0,0,0,0,0,1310,0,0,0,0,0,0,48866,0,0,0,0,0,0,0,0,0,0,0,0,0,0,0,0,0,1310,0,0,0,0,0,0,48866,0,0,0,0,0,0,0,0,0,0,0,0,0,0,0,0,0,1310,TCGA-LL-A740-DX1_xmin39436_ymin24080_MPP-0.2500+27
0,0,0,0,0,0,46182,0,0,0,0,0,0,0,0,0,0,0,0,0,0,0,0,0,3994,0,0,0,0,0,0,46182,0,0,0,0,0,0,0,0,0,0,0,0,0,0,0,0,0,3994,0,0,0,0,0,0,46182,0,0,0,0,0,0,0,0,0,0,0,0,0,0,0,0,0,3994,TCGA-LL-A740-DX1_xmin39436_ymin24080_MPP-0.2500+28
0,0,0,0,0,19203,30973,0,0,0,0,0,0,0,0,0,0,0,0,0,0,0,0,0,0,0,0,0,0,0,19774,30402,0,0,0,0,0,0,0,0,0,0,0,0,0,0,0,0,0,0,0,0,0,0,0,20365,29811,0,0,0,0,0,0,0,0,0,0,0,0,0,0,0,0,0,0,TCGA-LL-A740-DX1_xmin39436_ymin24080_MPP-0.2500+29
0,0,0,0,0,0,39434,60,0,0,0,1762,8920,0,0,0,0,0,0,0,0,0,0,0,0,0,0,0,0,0,0,39490,4,0,0,0,1910,8772,0,0,0,0,0,0,0,0,0,0,0,0,0,0,0,0,0,0,39384,110,0,0,0,1993,8689,0,0,0,0,0,0,0,0,0,0,0,0,TCGA-LL-A740-DX1_xmin39436_ymin24080_MPP-0.2500+3
31526,714,0,0,0,3396,14540,0,0,0,0,0,0,0,0,0,0,0,0,0,0,0,0,0,0,31225,1015,0,0,0,3432,14504,0,0,0,0,0,0,0,0,0,0,0,0,0,0,0,0,0,0,30970,1270,0,0,0,3383,14553,0,0,0,0,0,0,0,0,0,0,0,0,0,0,0,0,0,0,TCGA-LL-A740-DX1_xmin39436_ymin24080_MPP-0.2500+30
50176,0,0,0,0,0,0,0,0,0,0,0,0,0,0,0,0,0,0,0,0,0,0,0,0,50176,0,0,0,0,0,0,0,0,0,0,0,0,0,0,0,0,0,0,0,0,0,0,0,0,50176,0,0,0,0,0,0,0,0,0,0,0,0,0,0,0,0,0,0,0,0,0,0,0,0,TCGA-LL-A740-DX1_xmin39436_ymin24080_MPP-0.2500+31
50176,0,0,0,0,0,0,0,0,0,0,0,0,0,0,0,0,0,0,0,0,0,0,0,0,50176,0,0,0,0,0,0,0,0,0,0,0,0,0,0,0,0,0,0,0,0,0,0,0,0,50176,0,0,0,0,0,0,0,0,0,0,0,0,0,0,0,0,0,0,0,0,0,0,0,0,TCGA-LL-A740-DX1_xmin39436_ymin24080_MPP-0.2500+32
0,0,0,0,0,0,20583,0,0,0,0,4717,24876,0,0,0,0,0,0,0,0,0,0,0,0,0,0,0,0,0,0,20583,0,0,0,0,4997,24596,0,0,0,0,0,0,0,0,0,0,0,0,0,0,0,0,0,0,20583,0,0,0,0,5269,24324,0,0,0,0,0,0,0,0,0,0,0,0,TCGA-LL-A740-DX1_xmin39436_ymin24080_MPP-0.2500+33
0,0,0,0,0,0,2077,70,0,0,0,14627,33402,0,0,0,0,0,0,0,0,0,0,0,0,0,0,0,0,0,0,2067,80,0,0,0,15581,32448,0,0,0,0,0,0,0,0,0,0,0,0,0,0,0,0,0,0,2075,72,0,0,0,16033,31996,0,0,0,0,0,0,0,0,0,0,0,0,TCGA-LL-A740-DX1_xmin39436_ymin24080_MPP-0.2500+34
0,0,0,0,0,0,37032,0,0,0,0,13144,0,0,0,0,0,0,0,0,0,0,0,0,0,0,0,0,0,0,0,37032,0,0,0,0,13144,0,0,0,0,0,0,0,0,0,0,0,0,0,0,0,0,0,0,0,37032,0,0,0,0,13144,0,0,0,0,0,0,0,0,0,0,0,0,0,TCGA-LL-A740-DX1_xmin39436_ymin24080_MPP-0.2500+35
0,0,0,0,0,0,50176,0,0,0,0,0,0,0,0,0,0,0,0,0,0,0,0,0,0,0,0,0,0,0,0,50176,0,0,0,0,0,0,0,0,0,0,0,0,0,0,0,0,0,0,0,0,0,0,0,0,50176,0,0,0,0,0,0,0,0,0,0,0,0,0,0,0,0,0,0,TCGA-LL-A740-DX1_xmin39436_ymin24080_MPP-0.2500+36
0,0,0,0,0,0,48857,0,0,0,0,0,0,0,0,0,0,0,0,0,0,0,0,0,1319,0,0,0,0,0,0,48857,0,0,0,0,0,0,0,0,0,0,0,0,0,0,0,0,0,1319,0,0,0,0,0,0,48857,0,0,0,0,0,0,0,0,0,0,0,0,0,0,0,0,0,1319,TCGA-LL-A740-DX1_xmin39436_ymin24080_MPP-0.2500+37
0,0,0,0,0,0,49967,0,0,0,0,0,0,0,0,0,0,0,0,0,0,0,0,0,209,0,0,0,0,0,0,49967,0,0,0,0,0,0,0,0,0,0,0,0,0,0,0,0,0,209,0,0,0,0,0,0,49967,0,0,0,0,0,0,0,0,0,0,0,0,0,0,0,0,0,209,TCGA-LL-A740-DX1_xmin39436_ymin24080_MPP-0.2500+38
0,0,0,0,0,5283,44893,0,0,0,0,0,0,0,0,0,0,0,0,0,0,0,0,0,0,0,0,0,0,0,0,50176,0,0,0,0,0,0,0,0,0,0,0,0,0,0,0,0,0,0,0,0,0,0,0,0,50176,0,0,0,0,0,0,0,0,0,0,0,0,0,0,0,0,0,0,TCGA-LL-A740-DX1_xmin39436_ymin24080_MPP-0.2500+39
0,0,0,0,0,0,50176,0,0,0,0,0,0,0,0,0,0,0,0,0,0,0,0,0,0,0,0,0,0,0,0,50176,0,0,0,0,0,0,0,0,0,0,0,0,0,0,0,0,0,0,0,0,0,0,0,0,50176,0,0,0,0,0,0,0,0,0,0,0,0,0,0,0,0,0,0,TCGA-LL-A740-DX1_xmin39436_ymin24080_MPP-0.2500+4
0,0,0,0,0,896,49280,0,0,0,0,0,0,0,0,0,0,0,0,0,0,0,0,0,0,0,0,0,0,0,1632,48544,0,0,0,0,0,0,0,0,0,0,0,0,0,0,0,0,0,0,0,0,0,0,0,1536,48640,0,0,0,0,0,0,0,0,0,0,0,0,0,0,0,0,0,0,TCGA-LL-A740-DX1_xmin39436_ymin24080_MPP-0.2500+40
34136,3777,0,0,0,2973,9290,0,0,0,0,0,0,0,0,0,0,0,0,0,0,0,0,0,0,34118,3795,0,0,0,3356,8907,0,0,0,0,0,0,0,0,0,0,0,0,0,0,0,0,0,0,34040,3873,0,0,0,3117,9146,0,0,0,0,0,0,0,0,0,0,0,0,0,0,0,0,0,0,TCGA-LL-A740-DX1_xmin39436_ymin24080_MPP-0.2500+41
50176,0,0,0,0,0,0,0,0,0,0,0,0,0,0,0,0,0,0,0,0,0,0,0,0,50176,0,0,0,0,0,0,0,0,0,0,0,0,0,0,0,0,0,0,0,0,0,0,0,0,50176,0,0,0,0,0,0,0,0,0,0,0,0,0,0,0,0,0,0,0,0,0,0,0,0,TCGA-LL-A740-DX1_xmin39436_ymin24080_MPP-0.2500+42
50176,0,0,0,0,0,0,0,0,0,0,0,0,0,0,0,0,0,0,0,0,0,0,0,0,50176,0,0,0,0,0,0,0,0,0,0,0,0,0,0,0,0,0,0,0,0,0,0,0,0,50176,0,0,0,0,0,0,0,0,0,0,0,0,0,0,0,0,0,0,0,0,0,0,0,0,TCGA-LL-A740-DX1_xmin39436_ymin24080_MPP-0.2500+43
0,0,0,0,0,0,48280,0,0,0,0,1896,0,0,0,0,0,0,0,0,0,0,0,0,0,0,0,0,0,0,0,48280,0,0,0,0,1896,0,0,0,0,0,0,0,0,0,0,0,0,0,0,0,0,0,0,0,48280,0,0,0,0,1896,0,0,0,0,0,0,0,0,0,0,0,0,0,TCGA-LL-A740-DX1_xmin39436_ymin24080_MPP-0.2500+44
0,0,0,0,0,0,44917,0,0,0,0,5259,0,0,0,0,0,0,0,0,0,0,0,0,0,0,0,0,0,0,0,44917,0,0,0,0,5259,0,0,0,0,0,0,0,0,0,0,0,0,0,0,0,0,0,0,0,44917,0,0,0,0,5259,0,0,0,0,0,0,0,0,0,0,0,0,0,TCGA-LL-A740-DX1_xmin39436_ymin24080_MPP-0.2500+45
0,0,0,0,0,0,50176,0,0,0,0,0,0,0,0,0,0,0,0,0,0,0,0,0,0,0,0,0,0,0,0,50176,0,0,0,0,0,0,0,0,0,0,0,0,0,0,0,0,0,0,0,0,0,0,0,0,50176,0,0,0,0,0,0,0,0,0,0,0,0,0,0,0,0,0,0,TCGA-LL-A740-DX1_xmin39436_ymin24080_MPP-0.2500+46
0,0,0,0,0,0,50176,0,0,0,0,0,0,0,0,0,0,0,0,0,0,0,0,0,0,0,0,0,0,0,0,50176,0,0,0,0,0,0,0,0,0,0,0,0,0,0,0,0,0,0,0,0,0,0,0,0,50176,0,0,0,0,0,0,0,0,0,0,0,0,0,0,0,0,0,0,TCGA-LL-A740-DX1_xmin39436_ymin24080_MPP-0.2500+47
0,0,0,0,0,0,48783,0,0,0,0,0,0,0,0,0,0,0,0,0,0,0,0,0,1393,0,0,0,0,0,0,48783,0,0,0,0,0,0,0,0,0,0,0,0,0,0,0,0,0,1393,0,0,0,0,0,0,48783,0,0,0,0,0,0,0,0,0,0,0,0,0,0,0,0,0,1393,TCGA-LL-A740-DX1_xmin39436_ymin24080_MPP-0.2500+48
0,0,0,0,0,0,36803,0,0,0,0,0,0,0,0,0,0,0,0,0,0,0,0,0,13373,0,0,0,0,0,0,36803,0,0,0,0,0,0,0,0,0,0,0,0,0,0,0,0,0,13373,0,0,0,0,0,0,36803,0,0,0,0,0,0,0,0,0,0,0,0,0,0,0,0,0,13373,TCGA-LL-A740-DX1_xmin39436_ymin24080_MPP-0.2500+49
0,0,0,0,0,0,48779,0,0,0,0,0,0,0,0,0,0,0,0,0,0,0,0,0,1397,0,0,0,0,0,0,48779,0,0,0,0,0,0,0,0,0,0,0,0,0,0,0,0,0,1397,0,0,0,0,0,0,48779,0,0,0,0,0,0,0,0,0,0,0,0,0,0,0,0,0,1397,TCGA-LL-A740-DX1_xmin39436_ymin24080_MPP-0.2500+5
0,0,0,0,0,0,50176,0,0,0,0,0,0,0,0,0,0,0,0,0,0,0,0,0,0,0,0,0,0,0,0,50176,0,0,0,0,0,0,0,0,0,0,0,0,0,0,0,0,0,0,0,0,0,0,0,0,50176,0,0,0,0,0,0,0,0,0,0,0,0,0,0,0,0,0,0,TCGA-LL-A740-DX1_xmin39436_ymin24080_MPP-0.2500+50
0,0,0,0,0,4432,0,0,45744,0,0,0,0,0,0,0,0,0,0,0,0,0,0,0,0,0,0,0,0,0,4864,0,0,45312,0,0,0,0,0,0,0,0,0,0,0,0,0,0,0,0,0,0,0,0,0,4464,0,0,45712,0,0,0,0,0,0,0,0,0,0,0,0,0,0,0,0,TCGA-LL-A740-DX1_xmin39436_ymin24080_MPP-0.2500+51
21363,0,0,0,0,18018,0,0,10795,0,0,0,0,0,0,0,0,0,0,0,0,0,0,0,0,21363,0,0,0,0,20338,0,0,8475,0,0,0,0,0,0,0,0,0,0,0,0,0,0,0,0,21362,0,0,1,0,18793,0,0,10020,0,0,0,0,0,0,0,0,0,0,0,0,0,0,0,0,TCGA-LL-A740-DX1_xmin39436_ymin24080_MPP-0.2500+52
50176,0,0,0,0,0,0,0,0,0,0,0,0,0,0,0,0,0,0,0,0,0,0,0,0,50176,0,0,0,0,0,0,0,0,0,0,0,0,0,0,0,0,0,0,0,0,0,0,0,0,50176,0,0,0,0,0,0,0,0,0,0,0,0,0,0,0,0,0,0,0,0,0,0,0,0,TCGA-LL-A740-DX1_xmin39436_ymin24080_MPP-0.2500+53
49883,0,0,0,0,293,0,0,0,0,0,0,0,0,0,0,0,0,0,0,0,0,0,0,0,49883,0,0,0,0,293,0,0,0,0,0,0,0,0,0,0,0,0,0,0,0,0,0,0,0,49883,0,0,0,0,293,0,0,0,0,0,0,0,0,0,0,0,0,0,0,0,0,0,0,0,TCGA-LL-A740-DX1_xmin39436_ymin24080_MPP-0.2500+54
0,0,0,0,0,0,43116,0,0,0,0,0,0,0,0,0,0,0,0,0,0,0,0,0,7060,0,0,0,0,0,0,43116,0,0,0,0,0,0,0,0,0,0,0,0,0,0,0,0,0,7060,0,0,0,0,0,0,43116,0,0,0,0,0,0,0,0,0,0,0,0,0,0,0,0,0,7060,TCGA-LL-A740-DX1_xmin39436_ymin24080_MPP-0.2500+55
0,0,0,0,0,0,50176,0,0,0,0,0,0,0,0,0,0,0,0,0,0,0,0,0,0,0,0,0,0,0,64,50112,0,0,0,0,0,0,0,0,0,0,0,0,0,0,0,0,0,0,0,0,0,0,0,64,50112,0,0,0,0,0,0,0,0,0,0,0,0,0,0,0,0,0,0,TCGA-LL-A740-DX1_xmin39436_ymin24080_MPP-0.2500+56
0,0,0,0,0,0,50176,0,0,0,0,0,0,0,0,0,0,0,0,0,0,0,0,0,0,0,0,0,0,0,0,50176,0,0,0,0,0,0,0,0,0,0,0,0,0,0,0,0,0,0,0,0,0,0,0,0,50176,0,0,0,0,0,0,0,0,0,0,0,0,0,0,0,0,0,0,TCGA-LL-A740-DX1_xmin39436_ymin24080_MPP-0.2500+57
0,0,0,0,0,0,50176,0,0,0,0,0,0,0,0,0,0,0,0,0,0,0,0,0,0,0,0,0,0,0,4,50172,0,0,0,0,0,0,0,0,0,0,0,0,0,0,0,0,0,0,0,0,0,0,0,0,50176,0,0,0,0,0,0,0,0,0,0,0,0,0,0,0,0,0,0,TCGA-LL-A740-DX1_xmin39436_ymin24080_MPP-0.2500+58
0,0,0,0,0,0,50176,0,0,0,0,0,0,0,0,0,0,0,0,0,0,0,0,0,0,0,0,0,0,0,0,50176,0,0,0,0,0,0,0,0,0,0,0,0,0,0,0,0,0,0,0,0,0,0,0,0,50176,0,0,0,0,0,0,0,0,0,0,0,0,0,0,0,0,0,0,TCGA-LL-A740-DX1_xmin39436_ymin24080_MPP-0.2500+59
0,0,0,0,0,0,18599,0,0,0,0,0,0,0,0,0,0,0,0,0,0,0,0,0,31577,0,0,0,0,0,0,18599,0,0,0,0,0,0,0,0,0,0,0,0,0,0,0,0,0,31577,0,0,0,0,0,0,18599,0,0,0,0,0,0,0,0,0,0,0,0,0,0,0,0,0,31577,TCGA-LL-A740-DX1_xmin39436_ymin24080_MPP-0.2500+6
0,0,0,0,0,0,41753,0,0,0,0,0,0,0,0,0,0,0,0,0,0,0,0,0,8423,0,0,0,0,0,0,41753,0,0,0,0,0,0,0,0,0,0,0,0,0,0,0,0,0,8423,0,0,0,0,0,0,41753,0,0,0,0,0,0,0,0,0,0,0,0,0,0,0,0,0,8423,TCGA-LL-A740-DX1_xmin39436_ymin24080_MPP-0.2500+60
0,0,0,0,0,0,25069,0,25107,0,0,0,0,0,0,0,0,0,0,0,0,0,0,0,0,0,0,0,0,0,0,24738,0,25438,0,0,0,0,0,0,0,0,0,0,0,0,0,0,0,0,0,0,0,0,0,0,24504,0,25672,0,0,0,0,0,0,0,0,0,0,0,0,0,0,0,0,TCGA-LL-A740-DX1_xmin39436_ymin24080_MPP-0.2500+61
0,0,0,0,0,3056,0,0,47120,0,0,0,0,0,0,0,0,0,0,0,0,0,0,0,0,0,0,0,0,0,2000,0,0,48176,0,0,0,0,0,0,0,0,0,0,0,0,0,0,0,0,0,0,0,0,0,2000,0,0,48176,0,0,0,0,0,0,0,0,0,0,0,0,0,0,0,0,TCGA-LL-A740-DX1_xmin39436_ymin24080_MPP-0.2500+62
8751,0,0,0,0,41425,0,0,0,0,0,0,0,0,0,0,0,0,0,0,0,0,0,0,0,8751,0,0,0,0,41425,0,0,0,0,0,0,0,0,0,0,0,0,0,0,0,0,0,0,0,8751,0,0,0,0,41425,0,0,0,0,0,0,0,0,0,0,0,0,0,0,0,0,0,0,0,TCGA-LL-A740-DX1_xmin39436_ymin24080_MPP-0.2500+63
20238,3226,0,0,0,5287,21425,0,0,0,0,0,0,0,0,0,0,0,0,0,0,0,0,0,0,20240,3224,0,0,0,5951,20761,0,0,0,0,0,0,0,0,0,0,0,0,0,0,0,0,0,0,20166,3298,0,0,0,6214,20498,0,0,0,0,0,0,0,0,0,0,0,0,0,0,0,0,0,0,TCGA-LL-A740-DX1_xmin39436_ymin24080_MPP-0.2500+64
12125,0,0,0,0,25696,12355,0,0,0,0,0,0,0,0,0,0,0,0,0,0,0,0,0,0,12125,0,0,0,0,25436,12615,0,0,0,0,0,0,0,0,0,0,0,0,0,0,0,0,0,0,12125,0,0,0,0,25091,12960,0,0,0,0,0,0,0,0,0,0,0,0,0,0,0,0,0,0,TCGA-LL-A740-DX1_xmin39436_ymin24080_MPP-0.2500+65
0,0,0,0,0,0,41895,0,0,0,0,0,0,0,0,0,0,0,0,0,0,0,0,0,8281,0,0,0,0,0,0,41895,0,0,0,0,0,0,0,0,0,0,0,0,0,0,0,0,0,8281,0,0,0,0,0,0,41895,0,0,0,0,0,0,0,0,0,0,0,0,0,0,0,0,0,8281,TCGA-LL-A740-DX1_xmin39436_ymin24080_MPP-0.2500+66
0,0,0,0,0,1,50175,0,0,0,0,0,0,0,0,0,0,0,0,0,0,0,0,0,0,0,0,0,0,0,1,50175,0,0,0,0,0,0,0,0,0,0,0,0,0,0,0,0,0,0,0,0,0,0,0,0,50176,0,0,0,0,0,0,0,0,0,0,0,0,0,0,0,0,0,0,TCGA-LL-A740-DX1_xmin39436_ymin24080_MPP-0.2500+67
0,0,0,0,0,0,50176,0,0,0,0,0,0,0,0,0,0,0,0,0,0,0,0,0,0,0,0,0,0,0,0,50176,0,0,0,0,0,0,0,0,0,0,0,0,0,0,0,0,0,0,0,0,0,0,0,0,50176,0,0,0,0,0,0,0,0,0,0,0,0,0,0,0,0,0,0,TCGA-LL-A740-DX1_xmin39436_ymin24080_MPP-0.2500+68
0,0,0,0,0,0,50116,0,0,0,0,0,0,0,0,0,0,0,0,0,0,0,0,0,60,0,0,0,0,0,0,50116,0,0,0,0,0,0,0,0,0,0,0,0,0,0,0,0,0,60,0,0,0,0,0,0,50116,0,0,0,0,0,0,0,0,0,0,0,0,0,0,0,0,0,60,TCGA-LL-A740-DX1_xmin39436_ymin24080_MPP-0.2500+69
0,0,0,0,0,0,41440,0,0,0,0,0,0,0,0,0,0,0,0,0,0,0,0,0,8736,0,0,0,0,0,0,41440,0,0,0,0,0,0,0,0,0,0,0,0,0,0,0,0,0,8736,0,0,0,0,0,0,41440,0,0,0,0,0,0,0,0,0,0,0,0,0,0,0,0,0,8736,TCGA-LL-A740-DX1_xmin39436_ymin24080_MPP-0.2500+7
0,0,0,0,0,0,46516,0,0,0,0,0,0,0,0,0,0,0,0,0,0,0,0,0,3660,0,0,0,0,0,0,46516,0,0,0,0,0,0,0,0,0,0,0,0,0,0,0,0,0,3660,0,0,0,0,0,0,46516,0,0,0,0,0,0,0,0,0,0,0,0,0,0,0,0,0,3660,TCGA-LL-A740-DX1_xmin39436_ymin24080_MPP-0.2500+70
0,0,0,0,0,0,50029,0,0,0,0,0,0,0,0,0,0,0,0,0,0,0,0,0,147,0,0,0,0,0,0,50029,0,0,0,0,0,0,0,0,0,0,0,0,0,0,0,0,0,147,0,0,0,0,0,0,50029,0,0,0,0,0,0,0,0,0,0,0,0,0,0,0,0,0,147,TCGA-LL-A740-DX1_xmin39436_ymin24080_MPP-0.2500+71
0,0,0,0,0,36214,13962,0,0,0,0,0,0,0,0,0,0,0,0,0,0,0,0,0,0,0,0,0,0,0,37523,12653,0,0,0,0,0,0,0,0,0,0,0,0,0,0,0,0,0,0,0,0,0,0,0,37583,12593,0,0,0,0,0,0,0,0,0,0,0,0,0,0,0,0,0,0,TCGA-LL-A740-DX1_xmin39436_ymin24080_MPP-0.2500+72
0,0,0,0,0,14832,0,0,35344,0,0,0,0,0,0,0,0,0,0,0,0,0,0,0,0,0,0,0,0,0,14128,0,0,36048,0,0,0,0,0,0,0,0,0,0,0,0,0,0,0,0,0,0,0,0,0,14448,0,0,35728,0,0,0,0,0,0,0,0,0,0,0,0,0,0,0,0,TCGA-LL-A740-DX1_xmin39436_ymin24080_MPP-0.2500+73
16621,0,0,0,0,33555,0,0,0,0,0,0,0,0,0,0,0,0,0,0,0,0,0,0,0,16621,0,0,0,0,33555,0,0,0,0,0,0,0,0,0,0,0,0,0,0,0,0,0,0,0,16621,0,0,0,0,33555,0,0,0,0,0,0,0,0,0,0,0,0,0,0,0,0,0,0,0,TCGA-LL-A740-DX1_xmin39436_ymin24080_MPP-0.2500+74
3901,1797,0,0,0,5825,38653,0,0,0,0,0,0,0,0,0,0,0,0,0,0,0,0,0,0,3869,1829,0,0,0,5713,38765,0,0,0,0,0,0,0,0,0,0,0,0,0,0,0,0,0,0,3966,1732,0,0,0,5976,38502,0,0,0,0,0,0,0,0,0,0,0,0,0,0,0,0,0,0,TCGA-LL-A740-DX1_xmin39436_ymin24080_MPP-0.2500+75
475,0,0,0,0,16889,32812,0,0,0,0,0,0,0,0,0,0,0,0,0,0,0,0,0,0,475,0,0,0,0,17585,32116,0,0,0,0,0,0,0,0,0,0,0,0,0,0,0,0,0,0,475,0,0,0,0,17434,32267,0,0,0,0,0,0,0,0,0,0,0,0,0,0,0,0,0,0,TCGA-LL-A740-DX1_xmin39436_ymin24080_MPP-0.2500+76
0,0,0,0,0,0,50176,0,0,0,0,0,0,0,0,0,0,0,0,0,0,0,0,0,0,0,0,0,0,0,0,50176,0,0,0,0,0,0,0,0,0,0,0,0,0,0,0,0,0,0,0,0,0,0,0,0,50176,0,0,0,0,0,0,0,0,0,0,0,0,0,0,0,0,0,0,TCGA-LL-A740-DX1_xmin39436_ymin24080_MPP-0.2500+77
0,0,0,0,0,5606,43359,0,0,0,0,0,0,0,0,0,0,0,0,0,0,0,0,0,1211,0,0,0,0,0,5791,43174,0,0,0,0,0,0,0,0,0,0,0,0,0,0,0,0,0,1211,0,0,0,0,0,5809,43156,0,0,0,0,0,0,0,0,0,0,0,0,0,0,0,0,0,1211,TCGA-LL-A740-DX1_xmin39436_ymin24080_MPP-0.2500+78
0,0,0,0,0,0,50176,0,0,0,0,0,0,0,0,0,0,0,0,0,0,0,0,0,0,0,0,0,0,0,0,50176,0,0,0,0,0,0,0,0,0,0,0,0,0,0,0,0,0,0,0,0,0,0,0,0,50176,0,0,0,0,0,0,0,0,0,0,0,0,0,0,0,0,0,0,TCGA-LL-A740-DX1_xmin39436_ymin24080_MPP-0.2500+79
2621,112,0,0,0,10181,37262,0,0,0,0,0,0,0,0,0,0,0,0,0,0,0,0,0,0,2621,112,0,0,0,10727,36716,0,0,0,0,0,0,0,0,0,0,0,0,0,0,0,0,0,0,2610,123,0,0,0,11031,36412,0,0,0,0,0,0,0,0,0,0,0,0,0,0,0,0,0,0,TCGA-LL-A740-DX1_xmin39436_ymin24080_MPP-0.2500+8
0,0,0,0,0,0,50176,0,0,0,0,0,0,0,0,0,0,0,0,0,0,0,0,0,0,0,0,0,0,0,0,50176,0,0,0,0,0,0,0,0,0,0,0,0,0,0,0,0,0,0,0,0,0,0,0,0,50176,0,0,0,0,0,0,0,0,0,0,0,0,0,0,0,0,0,0,TCGA-LL-A740-DX1_xmin39436_ymin24080_MPP-0.2500+80
0,0,0,0,0,0,35265,0,0,0,0,0,0,0,0,0,0,0,0,0,0,0,0,0,14911,0,0,0,0,0,0,35265,0,0,0,0,0,0,0,0,0,0,0,0,0,0,0,0,0,14911,0,0,0,0,0,0,35265,0,0,0,0,0,0,0,0,0,0,0,0,0,0,0,0,0,14911,TCGA-LL-A740-DX1_xmin39436_ymin24080_MPP-0.2500+81
0,0,0,0,0,0,40526,0,0,0,0,0,0,0,0,0,0,0,0,0,0,0,0,0,9650,0,0,0,0,0,0,40526,0,0,0,0,0,0,0,0,0,0,0,0,0,0,0,0,0,9650,0,0,0,0,0,0,40526,0,0,0,0,0,0,0,0,0,0,0,0,0,0,0,0,0,9650,TCGA-LL-A740-DX1_xmin39436_ymin24080_MPP-0.2500+82
0,0,0,0,0,35587,14589,0,0,0,0,0,0,0,0,0,0,0,0,0,0,0,0,0,0,0,0,0,0,0,36286,13890,0,0,0,0,0,0,0,0,0,0,0,0,0,0,0,0,0,0,0,0,0,0,0,35609,14567,0,0,0,0,0,0,0,0,0,0,0,0,0,0,0,0,0,0,TCGA-LL-A740-DX1_xmin39436_ymin24080_MPP-0.2500+83
0,0,0,0,0,50176,0,0,0,0,0,0,0,0,0,0,0,0,0,0,0,0,0,0,0,0,0,0,0,0,50176,0,0,0,0,0,0,0,0,0,0,0,0,0,0,0,0,0,0,0,0,0,0,0,0,50176,0,0,0,0,0,0,0,0,0,0,0,0,0,0,0,0,0,0,0,TCGA-LL-A740-DX1_xmin39436_ymin24080_MPP-0.2500+84
27583,0,0,0,0,22593,0,0,0,0,0,0,0,0,0,0,0,0,0,0,0,0,0,0,0,27583,0,0,0,0,22593,0,0,0,0,0,0,0,0,0,0,0,0,0,0,0,0,0,0,0,27583,0,0,0,0,22593,0,0,0,0,0,0,0,0,0,0,0,0,0,0,0,0,0,0,0,TCGA-LL-A740-DX1_xmin39436_ymin24080_MPP-0.2500+85
2883,0,0,0,0,47293,0,0,0,0,0,0,0,0,0,0,0,0,0,0,0,0,0,0,0,2883,0,0,0,0,47293,0,0,0,0,0,0,0,0,0,0,0,0,0,0,0,0,0,0,0,2883,0,0,0,0,47293,0,0,0,0,0,0,0,0,0,0,0,0,0,0,0,0,0,0,0,TCGA-LL-A740-DX1_xmin39436_ymin24080_MPP-0.2500+86
10366,1452,0,0,0,16182,22176,0,0,0,0,0,0,0,0,0,0,0,0,0,0,0,0,0,0,10366,1452,0,0,0,16122,22236,0,0,0,0,0,0,0,0,0,0,0,0,0,0,0,0,0,0,10366,1452,0,0,0,15976,22382,0,0,0,0,0,0,0,0,0,0,0,0,0,0,0,0,0,0,TCGA-LL-A740-DX1_xmin39436_ymin24080_MPP-0.2500+87
0,0,0,0,0,0,50176,0,0,0,0,0,0,0,0,0,0,0,0,0,0,0,0,0,0,0,0,0,0,0,0,50176,0,0,0,0,0,0,0,0,0,0,0,0,0,0,0,0,0,0,0,0,0,0,0,0,50176,0,0,0,0,0,0,0,0,0,0,0,0,0,0,0,0,0,0,TCGA-LL-A740-DX1_xmin39436_ymin24080_MPP-0.2500+88
0,0,0,0,0,1564,22477,0,0,0,0,0,0,0,0,0,0,0,0,0,0,0,0,0,26135,0,0,0,0,0,1597,22444,0,0,0,0,0,0,0,0,0,0,0,0,0,0,0,0,0,26135,0,0,0,0,0,1993,22048,0,0,0,0,0,0,0,0,0,0,0,0,0,0,0,0,0,26135,TCGA-LL-A740-DX1_xmin39436_ymin24080_MPP-0.2500+89
43357,2890,0,0,0,0,3929,0,0,0,0,0,0,0,0,0,0,0,0,0,0,0,0,0,0,43421,2826,0,0,0,0,3929,0,0,0,0,0,0,0,0,0,0,0,0,0,0,0,0,0,0,43321,2926,0,0,0,0,3929,0,0,0,0,0,0,0,0,0,0,0,0,0,0,0,0,0,0,TCGA-LL-A740-DX1_xmin39436_ymin24080_MPP-0.2500+9
0,0,0,0,0,0,46329,0,0,0,0,0,0,0,0,0,0,0,0,0,0,0,0,0,3847,0,0,0,0,0,1,46328,0,0,0,0,0,0,0,0,0,0,0,0,0,0,0,0,0,3847,0,0,0,0,0,1,46328,0,0,0,0,0,0,0,0,0,0,0,0,0,0,0,0,0,3847,TCGA-LL-A740-DX1_xmin39436_ymin24080_MPP-0.2500+90
0,0,0,0,0,0,41267,0,0,0,0,0,0,0,0,0,0,0,0,0,0,0,0,0,8909,0,0,0,0,0,0,41267,0,0,0,0,0,0,0,0,0,0,0,0,0,0,0,0,0,8909,0,0,0,0,0,0,41267,0,0,0,0,0,0,0,0,0,0,0,0,0,0,0,0,0,8909,TCGA-LL-A740-DX1_xmin39436_ymin24080_MPP-0.2500+91
0,0,0,0,0,0,40116,0,0,0,0,0,0,0,0,0,0,0,0,0,0,0,0,0,10060,0,0,0,0,0,0,40116,0,0,0,0,0,0,0,0,0,0,0,0,0,0,0,0,0,10060,0,0,0,0,0,0,40116,0,0,0,0,0,0,0,0,0,0,0,0,0,0,0,0,0,10060,TCGA-LL-A740-DX1_xmin39436_ymin24080_MPP-0.2500+92
0,0,0,0,0,0,50167,0,0,0,0,0,0,0,0,0,0,0,0,0,0,0,0,0,9,0,0,0,0,0,0,50167,0,0,0,0,0,0,0,0,0,0,0,0,0,0,0,0,0,9,0,0,0,0,0,0,50167,0,0,0,0,0,0,0,0,0,0,0,0,0,0,0,0,0,9,TCGA-LL-A740-DX1_xmin39436_ymin24080_MPP-0.2500+93
0,0,0,0,0,0,50176,0,0,0,0,0,0,0,0,0,0,0,0,0,0,0,0,0,0,0,0,0,0,0,0,50176,0,0,0,0,0,0,0,0,0,0,0,0,0,0,0,0,0,0,0,0,0,0,0,0,50176,0,0,0,0,0,0,0,0,0,0,0,0,0,0,0,0,0,0,TCGA-LL-A740-DX1_xmin39436_ymin24080_MPP-0.2500+94
0,0,0,0,0,37598,0,0,12578,0,0,0,0,0,0,0,0,0,0,0,0,0,0,0,0,0,0,0,0,0,38906,0,0,11270,0,0,0,0,0,0,0,0,0,0,0,0,0,0,0,0,0,0,0,0,0,36820,0,0,13356,0,0,0,0,0,0,0,0,0,0,0,0,0,0,0,0,TCGA-LL-A740-DX1_xmin39436_ymin24080_MPP-0.2500+95
20243,0,0,0,0,29933,0,0,0,0,0,0,0,0,0,0,0,0,0,0,0,0,0,0,0,20243,0,0,0,0,29933,0,0,0,0,0,0,0,0,0,0,0,0,0,0,0,0,0,0,0,20243,0,0,0,0,29933,0,0,0,0,0,0,0,0,0,0,0,0,0,0,0,0,0,0,0,TCGA-LL-A740-DX1_xmin39436_ymin24080_MPP-0.2500+96
0,1426,0,33,0,0,26812,0,21905,0,0,0,0,0,0,0,0,0,0,0,0,0,0,0,0,0,1431,0,28,0,0,27303,0,21414,0,0,0,0,0,0,0,0,0,0,0,0,0,0,0,0,0,1429,0,30,0,0,27363,0,21354,0,0,0,0,0,0,0,0,0,0,0,0,0,0,0,0,TCGA-LL-A740-DX1_xmin39436_ymin24080_MPP-0.2500+97
4739,1073,0,0,0,1239,43125,0,0,0,0,0,0,0,0,0,0,0,0,0,0,0,0,0,0,4624,1188,0,0,0,961,43403,0,0,0,0,0,0,0,0,0,0,0,0,0,0,0,0,0,0,4727,1085,0,0,0,1281,43083,0,0,0,0,0,0,0,0,0,0,0,0,0,0,0,0,0,0,TCGA-LL-A740-DX1_xmin39436_ymin24080_MPP-0.2500+98
0,0,0,0,0,0,49962,0,0,0,0,0,0,0,0,0,0,0,0,0,0,0,0,0,214,0,0,0,0,0,0,49962,0,0,0,0,0,0,0,0,0,0,0,0,0,0,0,0,0,214,0,0,0,0,0,0,49962,0,0,0,0,0,0,0,0,0,0,0,0,0,0,0,0,0,214,TCGA-LL-A740-DX1_xmin39436_ymin24080_MPP-0.2500+99
0,0,0,0,0,0,0,0,1231,0,0,0,0,0,0,0,0,0,35570,0,0,0,0,0,13375,0,0,0,0,0,0,0,0,1231,0,0,0,0,0,0,0,0,0,35570,0,0,0,0,0,13375,0,0,0,0,0,0,0,0,1231,0,0,0,0,0,0,0,0,0,35570,0,0,0,0,0,13375,TCGA-OL-A5D6-DX1_xmin115108_ymin40554_MPP-0.2500+0
0,0,0,0,0,0,0,0,1,0,0,0,0,0,0,0,0,0,0,0,0,0,0,0,50175,0,0,0,0,0,0,0,0,1,0,0,0,0,0,0,0,0,0,0,0,0,0,0,0,50175,0,0,0,0,0,0,0,0,1,0,0,0,0,0,0,0,0,0,0,0,0,0,0,0,50175,TCGA-OL-A5D6-DX1_xmin115108_ymin40554_MPP-0.2500+1
0,0,0,0,0,0,0,0,3614,0,0,0,0,0,0,0,0,0,29713,0,0,0,0,0,16849,0,0,0,0,0,0,0,0,3614,0,0,0,0,0,0,0,0,0,29713,0,0,0,0,0,16849,0,0,0,0,0,0,0,0,3614,0,0,0,0,0,0,0,0,0,29713,0,0,0,0,0,16849,TCGA-OL-A5D6-DX1_xmin115108_ymin40554_MPP-0.2500+10
0,0,0,751,0,0,0,0,3764,0,0,0,0,0,0,0,0,0,11470,0,0,0,0,0,34191,0,0,0,751,0,0,0,0,3764,0,0,0,0,0,0,0,0,0,11470,0,0,0,0,0,34191,0,0,0,751,0,0,0,0,3764,0,0,0,0,0,0,0,0,0,11470,0,0,0,0,0,34191,TCGA-OL-A5D6-DX1_xmin115108_ymin40554_MPP-0.2500+11
20181,4739,0,0,0,178,2341,0,0,0,0,0,0,0,0,0,8352,0,0,0,0,0,0,0,14385,20146,4774,0,0,0,184,2335,0,0,0,0,0,0,0,0,0,8352,0,0,0,0,0,0,0,14385,19926,4994,0,0,0,209,2310,0,0,0,0,0,0,0,0,0,8352,0,0,0,0,0,0,0,14385,TCGA-OL-A5D6-DX1_xmin115108_ymin40554_MPP-0.2500+12
44292,0,0,0,0,0,0,0,0,0,0,0,0,0,0,0,0,0,0,0,0,0,0,0,5884,44292,0,0,0,0,0,0,0,0,0,0,0,0,0,0,0,0,0,0,0,0,0,0,0,5884,44292,0,0,0,0,0,0,0,0,0,0,0,0,0,0,0,0,0,0,0,0,0,0,0,5884,TCGA-OL-A5D6-DX1_xmin115108_ymin40554_MPP-0.2500+13
44675,1446,0,0,0,96,3959,0,0,0,0,0,0,0,0,0,0,0,0,0,0,0,0,0,0,44822,1299,0,0,0,99,3956,0,0,0,0,0,0,0,0,0,0,0,0,0,0,0,0,0,0,44884,1237,0,0,0,90,3965,0,0,0,0,0,0,0,0,0,0,0,0,0,0,0,0,0,0,TCGA-OL-A5D6-DX1_xmin115108_ymin40554_MPP-0.2500+14
5288,9322,0,0,0,763,34803,0,0,0,0,0,0,0,0,0,0,0,0,0,0,0,0,0,0,6020,8590,0,0,0,742,34824,0,0,0,0,0,0,0,0,0,0,0,0,0,0,0,0,0,0,6220,8390,0,0,0,804,34762,0,0,0,0,0,0,0,0,0,0,0,0,0,0,0,0,0,0,TCGA-OL-A5D6-DX1_xmin115108_ymin40554_MPP-0.2500+15
13966,8329,0,0,0,427,27454,0,0,0,0,0,0,0,0,0,0,0,0,0,0,0,0,0,0,14374,7921,0,0,0,427,27454,0,0,0,0,0,0,0,0,0,0,0,0,0,0,0,0,0,0,14718,7577,0,0,0,466,27415,0,0,0,0,0,0,0,0,0,0,0,0,0,0,0,0,0,0,TCGA-OL-A5D6-DX1_xmin115108_ymin40554_MPP-0.2500+16
13402,21508,0,0,0,0,15266,0,0,0,0,0,0,0,0,0,0,0,0,0,0,0,0,0,0,13361,21549,0,0,0,0,15266,0,0,0,0,0,0,0,0,0,0,0,0,0,0,0,0,0,0,13256,21654,0,0,0,45,15221,0,0,0,0,0,0,0,0,0,0,0,0,0,0,0,0,0,0,TCGA-OL-A5D6-DX1_xmin115108_ymin40554_MPP-0.2500+17
31013,8588,0,0,0,565,10010,0,0,0,0,0,0,0,0,0,0,0,0,0,0,0,0,0,0,31269,8332,0,0,0,623,9952,0,0,0,0,0,0,0,0,0,0,0,0,0,0,0,0,0,0,31325,8276,0,0,0,654,9921,0,0,0,0,0,0,0,0,0,0,0,0,0,0,0,0,0,0,TCGA-OL-A5D6-DX1_xmin115108_ymin40554_MPP-0.2500+18
19968,20384,0,0,0,597,9227,0,0,0,0,0,0,0,0,0,0,0,0,0,0,0,0,0,0,20212,20140,0,0,0,697,9127,0,0,0,0,0,0,0,0,0,0,0,0,0,0,0,0,0,0,20003,20349,0,0,0,729,9095,0,0,0,0,0,0,0,0,0,0,0,0,0,0,0,0,0,0,TCGA-OL-A5D6-DX1_xmin115108_ymin40554_MPP-0.2500+19
1904,0,0,3244,0,0,0,0,2246,0,0,0,0,0,0,413,0,0,11005,0,0,0,0,0,31364,0,4105,0,1043,0,0,1142,0,1104,0,0,0,0,0,0,0,8041,0,3377,0,0,0,0,0,31364,0,4077,0,1071,0,0,1107,0,1139,0,0,0,0,0,0,0,8055,0,3363,0,0,0,0,0,31364,TCGA-OL-A5D6-DX1_xmin115108_ymin40554_MPP-0.2500+2
3174,0,0,2940,0,0,0,0,1029,0,0,0,0,0,0,309,0,0,36487,0,0,0,0,0,6237,3014,0,0,3100,0,0,0,0,1029,0,0,0,0,0,0,437,0,0,36359,0,0,0,0,0,6237,2907,0,0,3207,0,0,0,0,1029,0,0,0,0,0,0,437,0,0,36359,0,0,0,0,0,6237,TCGA-OL-A5D6-DX1_xmin115108_ymin40554_MPP-0.2500+20
28138,0,0,17572,0,0,0,0,1004,0,0,0,0,0,0,1,0,0,1580,0,0,0,0,0,1881,30323,0,0,15387,0,0,0,0,1004,0,0,0,0,0,0,1,0,0,1580,0,0,0,0,0,1881,29830,0,0,15880,0,0,0,0,1004,0,0,0,0,0,0,1,0,0,1580,0,0,0,0,0,1881,TCGA-OL-A5D6-DX1_xmin115108_ymin40554_MPP-0.2500+21
36426,0,0,0,0,0,0,0,0,0,0,0,0,0,0,0,0,0,0,0,0,0,0,0,13750,36426,0,0,0,0,0,0,0,0,0,0,0,0,0,0,0,0,0,0,0,0,0,0,0,13750,36426,0,0,0,0,0,0,0,0,0,0,0,0,0,0,0,0,0,0,0,0,0,0,0,13750,TCGA-OL-A5D6-DX1_xmin115108_ymin40554_MPP-0.2500+22
46751,0,0,0,0,1100,0,0,0,0,0,0,0,0,0,0,0,0,0,0,0,0,0,0,2325,46751,0,0,0,0,1100,0,0,0,0,0,0,0,0,0,0,0,0,0,0,0,0,0,0,2325,46751,0,0,0,0,1100,0,0,0,0,0,0,0,0,0,0,0,0,0,0,0,0,0,0,2325,TCGA-OL-A5D6-DX1_xmin115108_ymin40554_MPP-0.2500+23
15660,998,0,0,0,742,32613,0,0,0,0,0,0,0,0,0,0,0,0,0,0,0,0,0,163,15795,863,0,0,0,799,32556,0,0,0,0,0,0,0,0,0,0,0,0,0,0,0,0,0,163,15831,827,0,0,0,758,32597,0,0,0,0,0,0,0,0,0,0,0,0,0,0,0,0,0,163,TCGA-OL-A5D6-DX1_xmin115108_ymin40554_MPP-0.2500+24
22812,4146,0,0,0,185,23033,0,0,0,0,0,0,0,0,0,0,0,0,0,0,0,0,0,0,22784,4174,0,0,0,246,22972,0,0,0,0,0,0,0,0,0,0,0,0,0,0,0,0,0,0,22432,4526,0,0,0,275,22943,0,0,0,0,0,0,0,0,0,0,0,0,0,0,0,0,0,0,TCGA-OL-A5D6-DX1_xmin115108_ymin40554_MPP-0.2500+25
14807,10192,0,0,0,1353,23824,0,0,0,0,0,0,0,0,0,0,0,0,0,0,0,0,0,0,14621,10378,0,0,0,1261,23916,0,0,0,0,0,0,0,0,0,0,0,0,0,0,0,0,0,0,13783,11216,0,0,0,1037,24140,0,0,0,0,0,0,0,0,0,0,0,0,0,0,0,0,0,0,TCGA-OL-A5D6-DX1_xmin115108_ymin40554_MPP-0.2500+26
10088,19767,0,0,0,0,20321,0,0,0,0,0,0,0,0,0,0,0,0,0,0,0,0,0,0,9925,19930,0,0,0,12,20309,0,0,0,0,0,0,0,0,0,0,0,0,0,0,0,0,0,0,10144,19711,0,0,0,203,20118,0,0,0,0,0,0,0,0,0,0,0,0,0,0,0,0,0,0,TCGA-OL-A5D6-DX1_xmin115108_ymin40554_MPP-0.2500+27
50176,0,0,0,0,0,0,0,0,0,0,0,0,0,0,0,0,0,0,0,0,0,0,0,0,50176,0,0,0,0,0,0,0,0,0,0,0,0,0,0,0,0,0,0,0,0,0,0,0,0,50176,0,0,0,0,0,0,0,0,0,0,0,0,0,0,0,0,0,0,0,0,0,0,0,0,TCGA-OL-A5D6-DX1_xmin115108_ymin40554_MPP-0.2500+28
15706,24934,0,0,0,2708,6828,0,0,0,0,0,0,0,0,0,0,0,0,0,0,0,0,0,0,15714,24926,0,0,0,2584,6952,0,0,0,0,0,0,0,0,0,0,0,0,0,0,0,0,0,0,15454,25186,0,0,0,2501,7035,0,0,0,0,0,0,0,0,0,0,0,0,0,0,0,0,0,0,TCGA-OL-A5D6-DX1_xmin115108_ymin40554_MPP-0.2500+29
45860,0,0,0,0,100,0,0,0,0,0,0,0,0,0,0,0,0,0,0,0,0,0,0,4216,45860,0,0,0,0,100,0,0,0,0,0,0,0,0,0,0,0,0,0,0,0,0,0,0,4216,45860,0,0,0,0,100,0,0,0,0,0,0,0,0,0,0,0,0,0,0,0,0,0,0,4216,TCGA-OL-A5D6-DX1_xmin115108_ymin40554_MPP-0.2500+3
10109,6228,0,0,0,302,249,0,118,0,0,0,0,0,0,4226,3856,0,21448,0,0,0,0,0,3640,10007,6330,0,0,0,299,258,0,112,0,0,0,0,0,0,4744,4180,0,20606,0,0,0,0,0,3640,9902,6435,0,0,0,298,259,0,112,0,0,0,0,0,0,4806,4256,0,20468,0,0,0,0,0,3640,TCGA-OL-A5D6-DX1_xmin115108_ymin40554_MPP-0.2500+30
23884,19344,0,0,0,436,2520,0,0,0,0,0,0,0,0,0,1948,0,0,0,0,0,0,0,2044,24793,18435,0,0,0,633,2323,0,0,0,0,0,0,0,0,0,1948,0,0,0,0,0,0,0,2044,24567,18661,0,0,0,515,2441,0,0,0,0,0,0,0,0,0,1948,0,0,0,0,0,0,0,2044,TCGA-OL-A5D6-DX1_xmin115108_ymin40554_MPP-0.2500+31
32701,7702,0,0,0,138,7018,0,0,0,0,0,0,0,0,0,0,0,0,0,0,0,0,0,2617,32822,7581,0,0,0,142,7014,0,0,0,0,0,0,0,0,0,0,0,0,0,0,0,0,0,2617,32332,8071,0,0,0,119,7037,0,0,0,0,0,0,0,0,0,0,0,0,0,0,0,0,0,2617,TCGA-OL-A5D6-DX1_xmin115108_ymin40554_MPP-0.2500+32
9402,2574,0,0,0,1833,36367,0,0,0,0,0,0,0,0,0,0,0,0,0,0,0,0,0,0,9386,2590,0,0,0,1862,36338,0,0,0,0,0,0,0,0,0,0,0,0,0,0,0,0,0,0,9362,2614,0,0,0,2038,36162,0,0,0,0,0,0,0,0,0,0,0,0,0,0,0,0,0,0,TCGA-OL-A5D6-DX1_xmin115108_ymin40554_MPP-0.2500+33
0,0,0,0,0,0,50176,0,0,0,0,0,0,0,0,0,0,0,0,0,0,0,0,0,0,0,0,0,0,0,0,50176,0,0,0,0,0,0,0,0,0,0,0,0,0,0,0,0,0,0,0,0,0,0,0,0,50176,0,0,0,0,0,0,0,0,0,0,0,0,0,0,0,0,0,0,TCGA-OL-A5D6-DX1_xmin115108_ymin40554_MPP-0.2500+34
0,7166,0,0,0,0,43010,0,0,0,0,0,0,0,0,0,0,0,0,0,0,0,0,0,0,0,7166,0,0,0,0,43010,0,0,0,0,0,0,0,0,0,0,0,0,0,0,0,0,0,0,0,7166,0,0,0,0,43010,0,0,0,0,0,0,0,0,0,0,0,0,0,0,0,0,0,0,TCGA-OL-A5D6-DX1_xmin115108_ymin40554_MPP-0.2500+35
11634,4404,0,0,0,30,34108,0,0,0,0,0,0,0,0,0,0,0,0,0,0,0,0,0,0,12313,3725,0,0,0,74,34064,0,0,0,0,0,0,0,0,0,0,0,0,0,0,0,0,0,0,12435,3603,0,0,0,172,33966,0,0,0,0,0,0,0,0,0,0,0,0,0,0,0,0,0,0,TCGA-OL-A5D6-DX1_xmin115108_ymin40554_MPP-0.2500+36
17537,3896,0,0,0,3745,24998,0,0,0,0,0,0,0,0,0,0,0,0,0,0,0,0,0,0,17461,3972,0,0,0,3904,24839,0,0,0,0,0,0,0,0,0,0,0,0,0,0,0,0,0,0,17432,4001,0,0,0,4132,24611,0,0,0,0,0,0,0,0,0,0,0,0,0,0,0,0,0,0,TCGA-OL-A5D6-DX1_xmin115108_ymin40554_MPP-0.2500+37
46124,1487,0,0,0,324,2241,0,0,0,0,0,0,0,0,0,0,0,0,0,0,0,0,0,0,46410,1201,0,0,0,448,2117,0,0,0,0,0,0,0,0,0,0,0,0,0,0,0,0,0,0,45709,1902,0,0,0,351,2214,0,0,0,0,0,0,0,0,0,0,0,0,0,0,0,0,0,0,TCGA-OL-A5D6-DX1_xmin115108_ymin40554_MPP-0.2500+38
21871,20722,0,0,0,3078,4505,0,0,0,0,0,0,0,0,0,0,0,0,0,0,0,0,0,0,22679,19914,0,0,0,3097,4486,0,0,0,0,0,0,0,0,0,0,0,0,0,0,0,0,0,0,21780,20813,0,0,0,3086,4497,0,0,0,0,0,0,0,0,0,0,0,0,0,0,0,0,0,0,TCGA-OL-A5D6-DX1_xmin115108_ymin40554_MPP-0.2500+39
50176,0,0,0,0,0,0,0,0,0,0,0,0,0,0,0,0,0,0,0,0,0,0,0,0,50176,0,0,0,0,0,0,0,0,0,0,0,0,0,0,0,0,0,0,0,0,0,0,0,0,50176,0,0,0,0,0,0,0,0,0,0,0,0,0,0,0,0,0,0,0,0,0,0,0,0,TCGA-OL-A5D6-DX1_xmin115108_ymin40554_MPP-0.2500+4
0,0,0,0,0,0,0,0,203,0,0,0,0,0,0,0,0,0,42900,0,0,0,0,0,7073,0,0,0,0,0,0,0,0,203,0,0,0,0,0,0,0,0,0,42900,0,0,0,0,0,7073,0,0,0,0,0,0,0,0,203,0,0,0,0,0,0,0,0,0,42900,0,0,0,0,0,7073,TCGA-OL-A5D6-DX1_xmin115108_ymin40554_MPP-0.2500+40
19112,0,0,109,0,2192,0,0,357,0,0,0,0,0,0,0,0,0,14853,0,0,0,0,0,13553,19088,0,0,133,0,2193,0,0,356,0,0,0,0,0,0,0,0,0,14853,0,0,0,0,0,13553,19087,0,0,134,0,2189,0,0,360,0,0,0,0,0,0,0,0,0,14853,0,0,0,0,0,13553,TCGA-OL-A5D6-DX1_xmin115108_ymin40554_MPP-0.2500+41
50176,0,0,0,0,0,0,0,0,0,0,0,0,0,0,0,0,0,0,0,0,0,0,0,0,50176,0,0,0,0,0,0,0,0,0,0,0,0,0,0,0,0,0,0,0,0,0,0,0,0,50176,0,0,0,0,0,0,0,0,0,0,0,0,0,0,0,0,0,0,0,0,0,0,0,0,TCGA-OL-A5D6-DX1_xmin115108_ymin40554_MPP-0.2500+42
47764,0,0,0,0,2412,0,0,0,0,0,0,0,0,0,0,0,0,0,0,0,0,0,0,0,47764,0,0,0,0,2412,0,0,0,0,0,0,0,0,0,0,0,0,0,0,0,0,0,0,0,47764,0,0,0,0,2412,0,0,0,0,0,0,0,0,0,0,0,0,0,0,0,0,0,0,0,TCGA-OL-A5D6-DX1_xmin115108_ymin40554_MPP-0.2500+43
14769,6258,0,0,0,485,28664,0,0,0,0,0,0,0,0,0,0,0,0,0,0,0,0,0,0,14913,6114,0,0,0,717,28432,0,0,0,0,0,0,0,0,0,0,0,0,0,0,0,0,0,0,14383,6644,0,0,0,1055,28094,0,0,0,0,0,0,0,0,0,0,0,0,0,0,0,0,0,0,TCGA-OL-A5D6-DX1_xmin115108_ymin40554_MPP-0.2500+44
0,0,0,0,0,0,50176,0,0,0,0,0,0,0,0,0,0,0,0,0,0,0,0,0,0,0,0,0,0,0,0,50176,0,0,0,0,0,0,0,0,0,0,0,0,0,0,0,0,0,0,0,0,0,0,0,0,50176,0,0,0,0,0,0,0,0,0,0,0,0,0,0,0,0,0,0,TCGA-OL-A5D6-DX1_xmin115108_ymin40554_MPP-0.2500+45
0,522,0,0,0,0,49654,0,0,0,0,0,0,0,0,0,0,0,0,0,0,0,0,0,0,0,522,0,0,0,0,49654,0,0,0,0,0,0,0,0,0,0,0,0,0,0,0,0,0,0,0,522,0,0,0,0,49654,0,0,0,0,0,0,0,0,0,0,0,0,0,0,0,0,0,0,TCGA-OL-A5D6-DX1_xmin115108_ymin40554_MPP-0.2500+46
0,3188,0,0,0,0,46988,0,0,0,0,0,0,0,0,0,0,0,0,0,0,0,0,0,0,0,3188,0,0,0,0,46988,0,0,0,0,0,0,0,0,0,0,0,0,0,0,0,0,0,0,0,3188,0,0,0,0,46988,0,0,0,0,0,0,0,0,0,0,0,0,0,0,0,0,0,0,TCGA-OL-A5D6-DX1_xmin115108_ymin40554_MPP-0.2500+47
28529,11372,0,0,0,317,9958,0,0,0,0,0,0,0,0,0,0,0,0,0,0,0,0,0,0,28422,11479,0,0,0,352,9923,0,0,0,0,0,0,0,0,0,0,0,0,0,0,0,0,0,0,28320,11581,0,0,0,378,9897,0,0,0,0,0,0,0,0,0,0,0,0,0,0,0,0,0,0,TCGA-OL-A5D6-DX1_xmin115108_ymin40554_MPP-0.2500+48
29082,13322,0,0,0,1551,6221,0,0,0,0,0,0,0,0,0,0,0,0,0,0,0,0,0,0,29306,13098,0,0,0,1139,6633,0,0,0,0,0,0,0,0,0,0,0,0,0,0,0,0,0,0,29308,13096,0,0,0,1032,6740,0,0,0,0,0,0,0,0,0,0,0,0,0,0,0,0,0,0,TCGA-OL-A5D6-DX1_xmin115108_ymin40554_MPP-0.2500+49
6472,198,0,0,0,4450,39056,0,0,0,0,0,0,0,0,0,0,0,0,0,0,0,0,0,0,6440,230,0,0,0,4357,39149,0,0,0,0,0,0,0,0,0,0,0,0,0,0,0,0,0,0,6452,218,0,0,0,4360,39146,0,0,0,0,0,0,0,0,0,0,0,0,0,0,0,0,0,0,TCGA-OL-A5D6-DX1_xmin115108_ymin40554_MPP-0.2500+5
0,0,0,0,0,4,0,0,2107,0,0,0,0,0,0,508,0,0,26843,0,0,0,0,0,20714,0,0,0,0,0,4,0,0,2107,0,0,0,0,0,0,348,0,0,27003,0,0,0,0,0,20714,0,0,0,0,0,4,0,0,2107,0,0,0,0,0,0,508,0,0,26843,0,0,0,0,0,20714,TCGA-OL-A5D6-DX1_xmin115108_ymin40554_MPP-0.2500+50
16466,0,0,0,0,3015,0,0,0,0,0,0,0,0,0,5896,0,0,0,0,0,0,0,0,24799,16466,0,0,0,0,3015,0,0,0,0,0,0,0,0,0,5896,0,0,0,0,0,0,0,0,24799,16466,0,0,0,0,3015,0,0,0,0,0,0,0,0,0,5896,0,0,0,0,0,0,0,0,24799,TCGA-OL-A5D6-DX1_xmin115108_ymin40554_MPP-0.2500+51
50176,0,0,0,0,0,0,0,0,0,0,0,0,0,0,0,0,0,0,0,0,0,0,0,0,50176,0,0,0,0,0,0,0,0,0,0,0,0,0,0,0,0,0,0,0,0,0,0,0,0,50176,0,0,0,0,0,0,0,0,0,0,0,0,0,0,0,0,0,0,0,0,0,0,0,0,TCGA-OL-A5D6-DX1_xmin115108_ymin40554_MPP-0.2500+52
50176,0,0,0,0,0,0,0,0,0,0,0,0,0,0,0,0,0,0,0,0,0,0,0,0,50176,0,0,0,0,0,0,0,0,0,0,0,0,0,0,0,0,0,0,0,0,0,0,0,0,50176,0,0,0,0,0,0,0,0,0,0,0,0,0,0,0,0,0,0,0,0,0,0,0,0,TCGA-OL-A5D6-DX1_xmin115108_ymin40554_MPP-0.2500+53
48720,0,0,0,0,1456,0,0,0,0,0,0,0,0,0,0,0,0,0,0,0,0,0,0,0,48720,0,0,0,0,1456,0,0,0,0,0,0,0,0,0,0,0,0,0,0,0,0,0,0,0,48720,0,0,0,0,1456,0,0,0,0,0,0,0,0,0,0,0,0,0,0,0,0,0,0,0,TCGA-OL-A5D6-DX1_xmin115108_ymin40554_MPP-0.2500+54
5187,290,0,0,0,3157,41542,0,0,0,0,0,0,0,0,0,0,0,0,0,0,0,0,0,0,5129,348,0,0,0,2722,41977,0,0,0,0,0,0,0,0,0,0,0,0,0,0,0,0,0,0,5100,377,0,0,0,3183,41516,0,0,0,0,0,0,0,0,0,0,0,0,0,0,0,0,0,0,TCGA-OL-A5D6-DX1_xmin115108_ymin40554_MPP-0.2500+55
0,0,0,0,0,0,50176,0,0,0,0,0,0,0,0,0,0,0,0,0,0,0,0,0,0,0,0,0,0,0,0,50176,0,0,0,0,0,0,0,0,0,0,0,0,0,0,0,0,0,0,0,0,0,0,0,0,50176,0,0,0,0,0,0,0,0,0,0,0,0,0,0,0,0,0,0,TCGA-OL-A5D6-DX1_xmin115108_ymin40554_MPP-0.2500+56
0,2312,0,0,0,0,47864,0,0,0,0,0,0,0,0,0,0,0,0,0,0,0,0,0,0,0,2312,0,0,0,0,47864,0,0,0,0,0,0,0,0,0,0,0,0,0,0,0,0,0,0,0,2312,0,0,0,0,47864,0,0,0,0,0,0,0,0,0,0,0,0,0,0,0,0,0,0,TCGA-OL-A5D6-DX1_xmin115108_ymin40554_MPP-0.2500+57
0,11506,0,0,0,0,38670,0,0,0,0,0,0,0,0,0,0,0,0,0,0,0,0,0,0,0,11506,0,0,0,0,38670,0,0,0,0,0,0,0,0,0,0,0,0,0,0,0,0,0,0,0,11506,0,0,0,0,38670,0,0,0,0,0,0,0,0,0,0,0,0,0,0,0,0,0,0,TCGA-OL-A5D6-DX1_xmin115108_ymin40554_MPP-0.2500+58
0,4441,0,0,0,0,45735,0,0,0,0,0,0,0,0,0,0,0,0,0,0,0,0,0,0,0,4441,0,0,0,0,45735,0,0,0,0,0,0,0,0,0,0,0,0,0,0,0,0,0,0,0,4441,0,0,0,0,45735,0,0,0,0,0,0,0,0,0,0,0,0,0,0,0,0,0,0,TCGA-OL-A5D6-DX1_xmin115108_ymin40554_MPP-0.2500+59
13410,17520,0,0,0,648,18598,0,0,0,0,0,0,0,0,0,0,0,0,0,0,0,0,0,0,13229,17701,0,0,0,675,18571,0,0,0,0,0,0,0,0,0,0,0,0,0,0,0,0,0,0,13152,17778,0,0,0,744,18502,0,0,0,0,0,0,0,0,0,0,0,0,0,0,0,0,0,0,TCGA-OL-A5D6-DX1_xmin115108_ymin40554_MPP-0.2500+6
0,0,0,0,0,0,0,0,1613,0,0,0,0,0,0,0,0,0,30963,0,0,0,0,0,17600,0,0,0,0,0,0,0,0,1613,0,0,0,0,0,0,64,0,0,30899,0,0,0,0,0,17600,0,0,0,0,0,0,0,0,1613,0,0,0,0,0,0,0,0,0,30963,0,0,0,0,0,17600,TCGA-OL-A5D6-DX1_xmin115108_ymin40554_MPP-0.2500+60
3584,0,0,174,0,2735,0,0,1466,0,0,0,0,0,0,205,0,0,2973,0,0,0,0,0,39039,3683,0,0,75,0,2874,0,0,1327,0,0,0,0,0,0,194,0,0,2984,0,0,0,0,0,39039,3693,0,0,65,0,2858,0,0,1343,0,0,0,0,0,0,230,0,0,2948,0,0,0,0,0,39039,TCGA-OL-A5D6-DX1_xmin115108_ymin40554_MPP-0.2500+61
32638,0,0,0,0,1934,0,0,0,0,0,0,0,0,0,0,0,0,0,0,0,0,0,0,15604,32638,0,0,0,0,1934,0,0,0,0,0,0,0,0,0,0,0,0,0,0,0,0,0,0,15604,32638,0,0,0,0,1934,0,0,0,0,0,0,0,0,0,0,0,0,0,0,0,0,0,0,15604,TCGA-OL-A5D6-DX1_xmin115108_ymin40554_MPP-0.2500+62
40297,0,0,0,0,0,0,0,0,0,0,0,0,0,0,0,0,0,0,0,0,0,0,0,9879,40297,0,0,0,0,0,0,0,0,0,0,0,0,0,0,0,0,0,0,0,0,0,0,0,9879,40297,0,0,0,0,0,0,0,0,0,0,0,0,0,0,0,0,0,0,0,0,0,0,0,9879,TCGA-OL-A5D6-DX1_xmin115108_ymin40554_MPP-0.2500+63
40770,0,0,0,0,0,0,0,0,0,0,0,0,0,0,0,0,0,0,0,0,0,0,0,9406,40770,0,0,0,0,0,0,0,0,0,0,0,0,0,0,0,0,0,0,0,0,0,0,0,9406,40770,0,0,0,0,0,0,0,0,0,0,0,0,0,0,0,0,0,0,0,0,0,0,0,9406,TCGA-OL-A5D6-DX1_xmin115108_ymin40554_MPP-0.2500+64
13063,520,0,0,0,1680,34913,0,0,0,0,0,0,0,0,0,0,0,0,0,0,0,0,0,0,13068,515,0,0,0,1870,34723,0,0,0,0,0,0,0,0,0,0,0,0,0,0,0,0,0,0,12927,656,0,0,0,1878,34715,0,0,0,0,0,0,0,0,0,0,0,0,0,0,0,0,0,0,TCGA-OL-A5D6-DX1_xmin115108_ymin40554_MPP-0.2500+65
0,0,0,0,0,13041,37135,0,0,0,0,0,0,0,0,0,0,0,0,0,0,0,0,0,0,0,0,0,0,0,12470,37706,0,0,0,0,0,0,0,0,0,0,0,0,0,0,0,0,0,0,0,0,0,0,0,12366,37810,0,0,0,0,0,0,0,0,0,0,0,0,0,0,0,0,0,0,TCGA-OL-A5D6-DX1_xmin115108_ymin40554_MPP-0.2500+66
35962,7119,0,0,0,1062,6033,0,0,0,0,0,0,0,0,0,0,0,0,0,0,0,0,0,0,35665,7416,0,0,0,1121,5974,0,0,0,0,0,0,0,0,0,0,0,0,0,0,0,0,0,0,35274,7807,0,0,0,1128,5967,0,0,0,0,0,0,0,0,0,0,0,0,0,0,0,0,0,0,TCGA-OL-A5D6-DX1_xmin115108_ymin40554_MPP-0.2500+67
0,15304,0,0,0,0,33424,0,0,0,0,0,0,0,0,0,0,0,0,0,0,0,0,0,1448,0,15304,0,0,0,0,33424,0,0,0,0,0,0,0,0,0,0,0,0,0,0,0,0,0,1448,0,15304,0,0,0,0,33424,0,0,0,0,0,0,0,0,0,0,0,0,0,0,0,0,0,1448,TCGA-OL-A5D6-DX1_xmin115108_ymin40554_MPP-0.2500+68
0,6591,0,0,0,0,31750,0,0,0,0,0,0,0,0,0,0,0,0,0,0,0,0,0,11835,0,6591,0,0,0,0,31750,0,0,0,0,0,0,0,0,0,0,0,0,0,0,0,0,0,11835,0,6591,0,0,0,0,31750,0,0,0,0,0,0,0,0,0,0,0,0,0,0,0,0,0,11835,TCGA-OL-A5D6-DX1_xmin115108_ymin40554_MPP-0.2500+69
24477,19526,0,0,0,421,5752,0,0,0,0,0,0,0,0,0,0,0,0,0,0,0,0,0,0,25082,18921,0,0,0,422,5751,0,0,0,0,0,0,0,0,0,0,0,0,0,0,0,0,0,0,25055,18948,0,0,0,347,5826,0,0,0,0,0,0,0,0,0,0,0,0,0,0,0,0,0,0,TCGA-OL-A5D6-DX1_xmin115108_ymin40554_MPP-0.2500+7
19774,0,0,0,0,112,0,0,205,0,0,0,0,0,0,3157,0,0,25392,0,0,0,0,0,1536,19774,0,0,0,0,112,0,0,205,0,0,0,0,0,0,3158,0,0,25391,0,0,0,0,0,1536,19774,0,0,0,0,112,0,0,205,0,0,0,0,0,0,3048,0,0,25501,0,0,0,0,0,1536,TCGA-OL-A5D6-DX1_xmin115108_ymin40554_MPP-0.2500+70
33384,0,0,0,0,164,0,0,0,0,0,0,0,0,0,514,0,0,0,0,0,0,0,0,16114,33384,0,0,0,0,164,0,0,0,0,0,0,0,0,0,514,0,0,0,0,0,0,0,0,16114,33384,0,0,0,0,164,0,0,0,0,0,0,0,0,0,514,0,0,0,0,0,0,0,0,16114,TCGA-OL-A5D6-DX1_xmin115108_ymin40554_MPP-0.2500+71
42562,0,0,0,0,79,0,0,0,0,0,0,0,0,0,0,0,0,0,0,0,0,0,0,7535,42562,0,0,0,0,79,0,0,0,0,0,0,0,0,0,0,0,0,0,0,0,0,0,0,7535,42562,0,0,0,0,79,0,0,0,0,0,0,0,0,0,0,0,0,0,0,0,0,0,0,7535,TCGA-OL-A5D6-DX1_xmin115108_ymin40554_MPP-0.2500+72
25302,11800,0,0,0,0,0,0,0,0,0,0,0,0,0,0,0,0,0,0,0,0,0,0,13074,25418,11684,0,0,0,0,0,0,0,0,0,0,0,0,0,0,0,0,0,0,0,0,0,0,13074,25127,11975,0,0,0,0,0,0,0,0,0,0,0,0,0,0,0,0,0,0,0,0,0,0,13074,TCGA-OL-A5D6-DX1_xmin115108_ymin40554_MPP-0.2500+73
37218,5259,0,0,0,0,7699,0,0,0,0,0,0,0,0,0,0,0,0,0,0,0,0,0,0,37289,5188,0,0,0,0,7699,0,0,0,0,0,0,0,0,0,0,0,0,0,0,0,0,0,0,37066,5411,0,0,0,0,7699,0,0,0,0,0,0,0,0,0,0,0,0,0,0,0,0,0,0,TCGA-OL-A5D6-DX1_xmin115108_ymin40554_MPP-0.2500+74
0,1367,0,0,0,0,48809,0,0,0,0,0,0,0,0,0,0,0,0,0,0,0,0,0,0,0,1367,0,0,0,0,48809,0,0,0,0,0,0,0,0,0,0,0,0,0,0,0,0,0,0,0,1367,0,0,0,0,48809,0,0,0,0,0,0,0,0,0,0,0,0,0,0,0,0,0,0,TCGA-OL-A5D6-DX1_xmin115108_ymin40554_MPP-0.2500+75
0,0,0,0,0,0,50176,0,0,0,0,0,0,0,0,0,0,0,0,0,0,0,0,0,0,0,0,0,0,0,0,50176,0,0,0,0,0,0,0,0,0,0,0,0,0,0,0,0,0,0,0,0,0,0,0,0,50176,0,0,0,0,0,0,0,0,0,0,0,0,0,0,0,0,0,0,TCGA-OL-A5D6-DX1_xmin115108_ymin40554_MPP-0.2500+76
10735,11023,0,0,0,1158,27217,0,0,0,0,0,0,0,0,0,0,0,0,0,0,0,0,0,43,10941,10817,0,0,0,1133,27242,0,0,0,0,0,0,0,0,0,0,0,0,0,0,0,0,0,43,10974,10784,0,0,0,1076,27299,0,0,0,0,0,0,0,0,0,0,0,0,0,0,0,0,0,43,TCGA-OL-A5D6-DX1_xmin115108_ymin40554_MPP-0.2500+77
0,30808,0,0,0,0,14600,0,0,0,0,0,0,0,0,0,0,0,0,0,0,0,0,0,4768,0,30808,0,0,0,0,14600,0,0,0,0,0,0,0,0,0,0,0,0,0,0,0,0,0,4768,0,30808,0,0,0,0,14600,0,0,0,0,0,0,0,0,0,0,0,0,0,0,0,0,0,4768,TCGA-OL-A5D6-DX1_xmin115108_ymin40554_MPP-0.2500+78
0,30116,0,0,0,0,0,0,0,0,0,0,0,0,0,0,0,0,0,0,0,0,0,0,20060,0,30116,0,0,0,0,0,0,0,0,0,0,0,0,0,0,0,0,0,0,0,0,0,0,20060,0,30116,0,0,0,0,0,0,0,0,0,0,0,0,0,0,0,0,0,0,0,0,0,0,20060,TCGA-OL-A5D6-DX1_xmin115108_ymin40554_MPP-0.2500+79
13504,4742,0,0,0,309,31621,0,0,0,0,0,0,0,0,0,0,0,0,0,0,0,0,0,0,13507,4739,0,0,0,330,31600,0,0,0,0,0,0,0,0,0,0,0,0,0,0,0,0,0,0,13485,4761,0,0,0,385,31545,0,0,0,0,0,0,0,0,0,0,0,0,0,0,0,0,0,0,TCGA-OL-A5D6-DX1_xmin115108_ymin40554_MPP-0.2500+8
46000,0,0,0,0,0,0,0,0,0,0,0,0,0,0,0,0,0,0,0,0,0,0,0,4176,46000,0,0,0,0,0,0,0,0,0,0,0,0,0,0,0,0,0,0,0,0,0,0,0,4176,46000,0,0,0,0,0,0,0,0,0,0,0,0,0,0,0,0,0,0,0,0,0,0,0,4176,TCGA-OL-A5D6-DX1_xmin115108_ymin40554_MPP-0.2500+80
33793,0,0,0,0,0,0,0,0,0,0,0,0,0,0,0,0,0,0,0,0,0,0,0,16383,33793,0,0,0,0,0,0,0,0,0,0,0,0,0,0,0,0,0,0,0,0,0,0,0,16383,33793,0,0,0,0,0,0,0,0,0,0,0,0,0,0,0,0,0,0,0,0,0,0,0,16383,TCGA-OL-A5D6-DX1_xmin115108_ymin40554_MPP-0.2500+81
25178,0,0,0,0,64,0,0,0,0,0,0,0,0,0,0,0,0,0,0,0,0,0,0,24934,25178,0,0,0,0,64,0,0,0,0,0,0,0,0,0,0,0,0,0,0,0,0,0,0,24934,25178,0,0,0,0,64,0,0,0,0,0,0,0,0,0,0,0,0,0,0,0,0,0,0,24934,TCGA-OL-A5D6-DX1_xmin115108_ymin40554_MPP-0.2500+82
21987,4674,0,0,0,1075,15512,0,0,0,0,0,0,0,0,0,0,0,0,0,0,0,0,0,6928,22123,4538,0,0,0,1173,15414,0,0,0,0,0,0,0,0,0,0,0,0,0,0,0,0,0,6928,22017,4644,0,0,0,1072,15515,0,0,0,0,0,0,0,0,0,0,0,0,0,0,0,0,0,6928,TCGA-OL-A5D6-DX1_xmin115108_ymin40554_MPP-0.2500+83
5415,369,0,0,0,615,43777,0,0,0,0,0,0,0,0,0,0,0,0,0,0,0,0,0,0,5417,367,0,0,0,604,43788,0,0,0,0,0,0,0,0,0,0,0,0,0,0,0,0,0,0,5421,363,0,0,0,528,43864,0,0,0,0,0,0,0,0,0,0,0,0,0,0,0,0,0,0,TCGA-OL-A5D6-DX1_xmin115108_ymin40554_MPP-0.2500+84
0,3375,0,0,0,0,46801,0,0,0,0,0,0,0,0,0,0,0,0,0,0,0,0,0,0,0,3375,0,0,0,0,46801,0,0,0,0,0,0,0,0,0,0,0,0,0,0,0,0,0,0,0,3375,0,0,0,0,46801,0,0,0,0,0,0,0,0,0,0,0,0,0,0,0,0,0,0,TCGA-OL-A5D6-DX1_xmin115108_ymin40554_MPP-0.2500+85
16028,4168,0,0,0,5758,24222,0,0,0,0,0,0,0,0,0,0,0,0,0,0,0,0,0,0,15531,4665,0,0,0,6205,23775,0,0,0,0,0,0,0,0,0,0,0,0,0,0,0,0,0,0,15270,4926,0,0,0,6505,23475,0,0,0,0,0,0,0,0,0,0,0,0,0,0,0,0,0,0,TCGA-OL-A5D6-DX1_xmin115108_ymin40554_MPP-0.2500+86
32698,0,0,0,0,4900,0,0,0,0,0,0,0,0,0,0,0,0,0,0,0,0,0,0,12578,32698,0,0,0,0,4900,0,0,0,0,0,0,0,0,0,0,0,0,0,0,0,0,0,0,12578,32698,0,0,0,0,4900,0,0,0,0,0,0,0,0,0,0,0,0,0,0,0,0,0,0,12578,TCGA-OL-A5D6-DX1_xmin115108_ymin40554_MPP-0.2500+87
50176,0,0,0,0,0,0,0,0,0,0,0,0,0,0,0,0,0,0,0,0,0,0,0,0,50176,0,0,0,0,0,0,0,0,0,0,0,0,0,0,0,0,0,0,0,0,0,0,0,0,50176,0,0,0,0,0,0,0,0,0,0,0,0,0,0,0,0,0,0,0,0,0,0,0,0,TCGA-OL-A5D6-DX1_xmin115108_ymin40554_MPP-0.2500+88
8782,32176,0,0,0,0,0,0,0,0,0,0,0,0,0,0,0,0,0,0,0,0,0,0,9218,8808,32150,0,0,0,0,0,0,0,0,0,0,0,0,0,0,0,0,0,0,0,0,0,0,9218,8728,32230,0,0,0,0,0,0,0,0,0,0,0,0,0,0,0,0,0,0,0,0,0,0,9218,TCGA-OL-A5D6-DX1_xmin115108_ymin40554_MPP-0.2500+89
8538,5511,0,0,0,189,35938,0,0,0,0,0,0,0,0,0,0,0,0,0,0,0,0,0,0,8525,5524,0,0,0,207,35920,0,0,0,0,0,0,0,0,0,0,0,0,0,0,0,0,0,0,8597,5452,0,0,0,262,35865,0,0,0,0,0,0,0,0,0,0,0,0,0,0,0,0,0,0,TCGA-OL-A5D6-DX1_xmin115108_ymin40554_MPP-0.2500+9
22581,27595,0,0,0,0,0,0,0,0,0,0,0,0,0,0,0,0,0,0,0,0,0,0,0,22643,27533,0,0,0,0,0,0,0,0,0,0,0,0,0,0,0,0,0,0,0,0,0,0,0,21913,28263,0,0,0,0,0,0,0,0,0,0,0,0,0,0,0,0,0,0,0,0,0,0,0,TCGA-OL-A5D7-DX1_xmin114443_ymin22490_MPP-0.2500+0
0,1174,0,0,0,0,44581,0,0,0,0,0,0,0,0,0,0,0,0,0,0,0,0,0,4421,0,1174,0,0,0,0,44581,0,0,0,0,0,0,0,0,0,0,0,0,0,0,0,0,0,4421,0,1174,0,0,0,0,44581,0,0,0,0,0,0,0,0,0,0,0,0,0,0,0,0,0,4421,TCGA-OL-A5D7-DX1_xmin114443_ymin22490_MPP-0.2500+1
8780,140,0,0,0,12313,24608,0,0,0,0,0,0,0,0,554,3781,0,0,0,0,0,0,0,0,8726,194,0,0,0,11897,25024,0,0,0,0,0,0,0,0,556,3779,0,0,0,0,0,0,0,0,8724,196,0,0,0,12051,24870,0,0,0,0,0,0,0,0,645,3690,0,0,0,0,0,0,0,0,TCGA-OL-A5D7-DX1_xmin114443_ymin22490_MPP-0.2500+10
14059,3955,0,0,0,8316,23846,0,0,0,0,0,0,0,0,0,0,0,0,0,0,0,0,0,0,14121,3893,0,0,0,8313,23849,0,0,0,0,0,0,0,0,0,0,0,0,0,0,0,0,0,0,14011,4003,0,0,0,7881,24281,0,0,0,0,0,0,0,0,0,0,0,0,0,0,0,0,0,0,TCGA-OL-A5D7-DX1_xmin114443_ymin22490_MPP-0.2500+100
33818,2287,0,0,0,635,13436,0,0,0,0,0,0,0,0,0,0,0,0,0,0,0,0,0,0,33740,2365,0,0,0,656,13415,0,0,0,0,0,0,0,0,0,0,0,0,0,0,0,0,0,0,33622,2483,0,0,0,651,13420,0,0,0,0,0,0,0,0,0,0,0,0,0,0,0,0,0,0,TCGA-OL-A5D7-DX1_xmin114443_ymin22490_MPP-0.2500+101
35207,3326,0,0,0,2511,9132,0,0,0,0,0,0,0,0,0,0,0,0,0,0,0,0,0,0,35164,3369,0,0,0,2551,9092,0,0,0,0,0,0,0,0,0,0,0,0,0,0,0,0,0,0,34985,3548,0,0,0,2151,9492,0,0,0,0,0,0,0,0,0,0,0,0,0,0,0,0,0,0,TCGA-OL-A5D7-DX1_xmin114443_ymin22490_MPP-0.2500+102
50176,0,0,0,0,0,0,0,0,0,0,0,0,0,0,0,0,0,0,0,0,0,0,0,0,50176,0,0,0,0,0,0,0,0,0,0,0,0,0,0,0,0,0,0,0,0,0,0,0,0,50176,0,0,0,0,0,0,0,0,0,0,0,0,0,0,0,0,0,0,0,0,0,0,0,0,TCGA-OL-A5D7-DX1_xmin114443_ymin22490_MPP-0.2500+103
50176,0,0,0,0,0,0,0,0,0,0,0,0,0,0,0,0,0,0,0,0,0,0,0,0,50176,0,0,0,0,0,0,0,0,0,0,0,0,0,0,0,0,0,0,0,0,0,0,0,0,50176,0,0,0,0,0,0,0,0,0,0,0,0,0,0,0,0,0,0,0,0,0,0,0,0,TCGA-OL-A5D7-DX1_xmin114443_ymin22490_MPP-0.2500+104
50176,0,0,0,0,0,0,0,0,0,0,0,0,0,0,0,0,0,0,0,0,0,0,0,0,50176,0,0,0,0,0,0,0,0,0,0,0,0,0,0,0,0,0,0,0,0,0,0,0,0,50176,0,0,0,0,0,0,0,0,0,0,0,0,0,0,0,0,0,0,0,0,0,0,0,0,TCGA-OL-A5D7-DX1_xmin114443_ymin22490_MPP-0.2500+105
41299,0,0,0,0,8877,0,0,0,0,0,0,0,0,0,0,0,0,0,0,0,0,0,0,0,41299,0,0,0,0,8877,0,0,0,0,0,0,0,0,0,0,0,0,0,0,0,0,0,0,0,41299,0,0,0,0,8877,0,0,0,0,0,0,0,0,0,0,0,0,0,0,0,0,0,0,0,TCGA-OL-A5D7-DX1_xmin114443_ymin22490_MPP-0.2500+106
32821,1745,0,0,0,883,10000,0,0,0,0,0,0,0,0,0,0,0,0,0,0,0,0,0,4727,32884,1682,0,0,0,975,9908,0,0,0,0,0,0,0,0,0,0,0,0,0,0,0,0,0,4727,32865,1701,0,0,0,962,9921,0,0,0,0,0,0,0,0,0,0,0,0,0,0,0,0,0,4727,TCGA-OL-A5D7-DX1_xmin114443_ymin22490_MPP-0.2500+107
27523,0,0,0,0,3719,13850,0,0,0,0,908,0,0,0,0,0,0,0,0,0,0,0,0,4176,27523,0,0,0,0,3750,13819,0,0,0,0,908,0,0,0,0,0,0,0,0,0,0,0,0,4176,27523,0,0,0,0,3635,13934,0,0,0,0,908,0,0,0,0,0,0,0,0,0,0,0,0,4176,TCGA-OL-A5D7-DX1_xmin114443_ymin22490_MPP-0.2500+108
15052,0,0,0,0,10717,18720,0,0,0,25,5662,0,0,0,0,0,0,0,0,0,0,0,0,0,15052,0,0,0,0,10948,18489,0,0,0,131,5556,0,0,0,0,0,0,0,0,0,0,0,0,0,15052,0,0,0,0,10784,18653,0,0,0,173,5514,0,0,0,0,0,0,0,0,0,0,0,0,0,TCGA-OL-A5D7-DX1_xmin114443_ymin22490_MPP-0.2500+109
647,0,0,466,0,7333,0,0,5090,0,0,0,0,0,0,670,0,0,21842,0,0,0,0,0,14128,471,0,0,642,0,7141,0,0,5282,0,0,0,0,0,0,862,0,0,21650,0,0,0,0,0,14128,334,0,0,779,0,6717,0,0,5706,0,0,0,0,0,0,862,0,0,21650,0,0,0,0,0,14128,TCGA-OL-A5D7-DX1_xmin114443_ymin22490_MPP-0.2500+11
11135,0,0,0,0,10464,14850,0,0,0,1615,12112,0,0,0,0,0,0,0,0,0,0,0,0,0,11135,0,0,0,0,10620,14694,0,0,0,1875,11852,0,0,0,0,0,0,0,0,0,0,0,0,0,11135,0,0,0,0,10581,14733,0,0,0,1573,12154,0,0,0,0,0,0,0,0,0,0,0,0,0,TCGA-OL-A5D7-DX1_xmin114443_ymin22490_MPP-0.2500+110
14170,1222,0,0,0,1594,3796,0,0,0,2698,26696,0,0,0,0,0,0,0,0,0,0,0,0,0,14028,1364,0,0,0,1571,3819,0,0,0,2869,26525,0,0,0,0,0,0,0,0,0,0,0,0,0,13953,1439,0,0,0,1554,3836,0,0,0,2852,26542,0,0,0,0,0,0,0,0,0,0,0,0,0,TCGA-OL-A5D7-DX1_xmin114443_ymin22490_MPP-0.2500+111
43804,0,0,0,0,664,0,0,0,0,5708,0,0,0,0,0,0,0,0,0,0,0,0,0,0,43804,0,0,0,0,664,0,0,0,0,5708,0,0,0,0,0,0,0,0,0,0,0,0,0,0,43804,0,0,0,0,664,0,0,0,0,5708,0,0,0,0,0,0,0,0,0,0,0,0,0,0,TCGA-OL-A5D7-DX1_xmin114443_ymin22490_MPP-0.2500+112
44318,0,0,0,0,5858,0,0,0,0,0,0,0,0,0,0,0,0,0,0,0,0,0,0,0,44318,0,0,0,0,5858,0,0,0,0,0,0,0,0,0,0,0,0,0,0,0,0,0,0,0,44318,0,0,0,0,5858,0,0,0,0,0,0,0,0,0,0,0,0,0,0,0,0,0,0,0,TCGA-OL-A5D7-DX1_xmin114443_ymin22490_MPP-0.2500+113
30834,11098,0,0,0,3365,4879,0,0,0,0,0,0,0,0,0,0,0,0,0,0,0,0,0,0,30625,11307,0,0,0,3374,4870,0,0,0,0,0,0,0,0,0,0,0,0,0,0,0,0,0,0,30316,11616,0,0,0,3224,5020,0,0,0,0,0,0,0,0,0,0,0,0,0,0,0,0,0,0,TCGA-OL-A5D7-DX1_xmin114443_ymin22490_MPP-0.2500+114
9648,16582,0,0,0,0,23946,0,0,0,0,0,0,0,0,0,0,0,0,0,0,0,0,0,0,9562,16668,0,0,0,0,23946,0,0,0,0,0,0,0,0,0,0,0,0,0,0,0,0,0,0,9467,16763,0,0,0,0,23946,0,0,0,0,0,0,0,0,0,0,0,0,0,0,0,0,0,0,TCGA-OL-A5D7-DX1_xmin114443_ymin22490_MPP-0.2500+115
27137,1654,0,0,0,3433,17952,0,0,0,0,0,0,0,0,0,0,0,0,0,0,0,0,0,0,26988,1803,0,0,0,3318,18067,0,0,0,0,0,0,0,0,0,0,0,0,0,0,0,0,0,0,26820,1971,0,0,0,3320,18065,0,0,0,0,0,0,0,0,0,0,0,0,0,0,0,0,0,0,TCGA-OL-A5D7-DX1_xmin114443_ymin22490_MPP-0.2500+116
36230,5403,0,0,0,0,8543,0,0,0,0,0,0,0,0,0,0,0,0,0,0,0,0,0,0,36224,5409,0,0,0,0,8543,0,0,0,0,0,0,0,0,0,0,0,0,0,0,0,0,0,0,35977,5656,0,0,0,0,8543,0,0,0,0,0,0,0,0,0,0,0,0,0,0,0,0,0,0,TCGA-OL-A5D7-DX1_xmin114443_ymin22490_MPP-0.2500+117
14363,5838,0,0,0,3904,26071,0,0,0,0,0,0,0,0,0,0,0,0,0,0,0,0,0,0,14354,5847,0,0,0,4782,25193,0,0,0,0,0,0,0,0,0,0,0,0,0,0,0,0,0,0,14313,5888,0,0,0,5025,24950,0,0,0,0,0,0,0,0,0,0,0,0,0,0,0,0,0,0,TCGA-OL-A5D7-DX1_xmin114443_ymin22490_MPP-0.2500+118
5092,60,0,0,0,7250,37774,0,0,0,0,0,0,0,0,0,0,0,0,0,0,0,0,0,0,5032,120,0,0,0,7358,37666,0,0,0,0,0,0,0,0,0,0,0,0,0,0,0,0,0,0,5026,126,0,0,0,7312,37712,0,0,0,0,0,0,0,0,0,0,0,0,0,0,0,0,0,0,TCGA-OL-A5D7-DX1_xmin114443_ymin22490_MPP-0.2500+119
3,0,0,98,0,282,0,0,887,0,0,0,0,0,0,67,0,0,47779,0,0,0,0,0,1060,3,0,0,98,0,346,0,0,823,0,0,0,0,0,0,35,0,0,47811,0,0,0,0,0,1060,0,0,0,101,0,317,0,0,852,0,0,0,0,0,0,67,0,0,47779,0,0,0,0,0,1060,TCGA-OL-A5D7-DX1_xmin114443_ymin22490_MPP-0.2500+12
32544,0,0,0,0,4699,0,0,0,0,12933,0,0,0,0,0,0,0,0,0,0,0,0,0,0,32544,0,0,0,0,4699,0,0,0,0,12933,0,0,0,0,0,0,0,0,0,0,0,0,0,0,32544,0,0,0,0,4699,0,0,0,0,12933,0,0,0,0,0,0,0,0,0,0,0,0,0,0,TCGA-OL-A5D7-DX1_xmin114443_ymin22490_MPP-0.2500+120
50176,0,0,0,0,0,0,0,0,0,0,0,0,0,0,0,0,0,0,0,0,0,0,0,0,50176,0,0,0,0,0,0,0,0,0,0,0,0,0,0,0,0,0,0,0,0,0,0,0,0,50176,0,0,0,0,0,0,0,0,0,0,0,0,0,0,0,0,0,0,0,0,0,0,0,0,TCGA-OL-A5D7-DX1_xmin114443_ymin22490_MPP-0.2500+121
50176,0,0,0,0,0,0,0,0,0,0,0,0,0,0,0,0,0,0,0,0,0,0,0,0,50176,0,0,0,0,0,0,0,0,0,0,0,0,0,0,0,0,0,0,0,0,0,0,0,0,50176,0,0,0,0,0,0,0,0,0,0,0,0,0,0,0,0,0,0,0,0,0,0,0,0,TCGA-OL-A5D7-DX1_xmin114443_ymin22490_MPP-0.2500+122
50176,0,0,0,0,0,0,0,0,0,0,0,0,0,0,0,0,0,0,0,0,0,0,0,0,50176,0,0,0,0,0,0,0,0,0,0,0,0,0,0,0,0,0,0,0,0,0,0,0,0,50176,0,0,0,0,0,0,0,0,0,0,0,0,0,0,0,0,0,0,0,0,0,0,0,0,TCGA-OL-A5D7-DX1_xmin114443_ymin22490_MPP-0.2500+123
50176,0,0,0,0,0,0,0,0,0,0,0,0,0,0,0,0,0,0,0,0,0,0,0,0,50176,0,0,0,0,0,0,0,0,0,0,0,0,0,0,0,0,0,0,0,0,0,0,0,0,50176,0,0,0,0,0,0,0,0,0,0,0,0,0,0,0,0,0,0,0,0,0,0,0,0,TCGA-OL-A5D7-DX1_xmin114443_ymin22490_MPP-0.2500+124
50176,0,0,0,0,0,0,0,0,0,0,0,0,0,0,0,0,0,0,0,0,0,0,0,0,50176,0,0,0,0,0,0,0,0,0,0,0,0,0,0,0,0,0,0,0,0,0,0,0,0,50176,0,0,0,0,0,0,0,0,0,0,0,0,0,0,0,0,0,0,0,0,0,0,0,0,TCGA-OL-A5D7-DX1_xmin114443_ymin22490_MPP-0.2500+125
50176,0,0,0,0,0,0,0,0,0,0,0,0,0,0,0,0,0,0,0,0,0,0,0,0,50176,0,0,0,0,0,0,0,0,0,0,0,0,0,0,0,0,0,0,0,0,0,0,0,0,50176,0,0,0,0,0,0,0,0,0,0,0,0,0,0,0,0,0,0,0,0,0,0,0,0,TCGA-OL-A5D7-DX1_xmin114443_ymin22490_MPP-0.2500+126
50176,0,0,0,0,0,0,0,0,0,0,0,0,0,0,0,0,0,0,0,0,0,0,0,0,50176,0,0,0,0,0,0,0,0,0,0,0,0,0,0,0,0,0,0,0,0,0,0,0,0,50176,0,0,0,0,0,0,0,0,0,0,0,0,0,0,0,0,0,0,0,0,0,0,0,0,TCGA-OL-A5D7-DX1_xmin114443_ymin22490_MPP-0.2500+127
50176,0,0,0,0,0,0,0,0,0,0,0,0,0,0,0,0,0,0,0,0,0,0,0,0,50176,0,0,0,0,0,0,0,0,0,0,0,0,0,0,0,0,0,0,0,0,0,0,0,0,50176,0,0,0,0,0,0,0,0,0,0,0,0,0,0,0,0,0,0,0,0,0,0,0,0,TCGA-OL-A5D7-DX1_xmin114443_ymin22490_MPP-0.2500+128
50176,0,0,0,0,0,0,0,0,0,0,0,0,0,0,0,0,0,0,0,0,0,0,0,0,50176,0,0,0,0,0,0,0,0,0,0,0,0,0,0,0,0,0,0,0,0,0,0,0,0,50176,0,0,0,0,0,0,0,0,0,0,0,0,0,0,0,0,0,0,0,0,0,0,0,0,TCGA-OL-A5D7-DX1_xmin114443_ymin22490_MPP-0.2500+129
24303,0,0,1142,0,830,0,0,5089,0,0,0,0,0,0,172,0,0,18640,0,0,0,0,0,0,24057,0,0,1388,0,865,0,0,5054,0,0,0,0,0,0,374,0,0,18438,0,0,0,0,0,0,23783,0,0,1662,0,854,0,0,5065,0,0,0,0,0,0,426,0,0,18386,0,0,0,0,0,0,TCGA-OL-A5D7-DX1_xmin114443_ymin22490_MPP-0.2500+13
50176,0,0,0,0,0,0,0,0,0,0,0,0,0,0,0,0,0,0,0,0,0,0,0,0,50176,0,0,0,0,0,0,0,0,0,0,0,0,0,0,0,0,0,0,0,0,0,0,0,0,50176,0,0,0,0,0,0,0,0,0,0,0,0,0,0,0,0,0,0,0,0,0,0,0,0,TCGA-OL-A5D7-DX1_xmin114443_ymin22490_MPP-0.2500+130
50176,0,0,0,0,0,0,0,0,0,0,0,0,0,0,0,0,0,0,0,0,0,0,0,0,50176,0,0,0,0,0,0,0,0,0,0,0,0,0,0,0,0,0,0,0,0,0,0,0,0,50176,0,0,0,0,0,0,0,0,0,0,0,0,0,0,0,0,0,0,0,0,0,0,0,0,TCGA-OL-A5D7-DX1_xmin114443_ymin22490_MPP-0.2500+131
50176,0,0,0,0,0,0,0,0,0,0,0,0,0,0,0,0,0,0,0,0,0,0,0,0,50176,0,0,0,0,0,0,0,0,0,0,0,0,0,0,0,0,0,0,0,0,0,0,0,0,50176,0,0,0,0,0,0,0,0,0,0,0,0,0,0,0,0,0,0,0,0,0,0,0,0,TCGA-OL-A5D7-DX1_xmin114443_ymin22490_MPP-0.2500+132
50176,0,0,0,0,0,0,0,0,0,0,0,0,0,0,0,0,0,0,0,0,0,0,0,0,50176,0,0,0,0,0,0,0,0,0,0,0,0,0,0,0,0,0,0,0,0,0,0,0,0,50176,0,0,0,0,0,0,0,0,0,0,0,0,0,0,0,0,0,0,0,0,0,0,0,0,TCGA-OL-A5D7-DX1_xmin114443_ymin22490_MPP-0.2500+133
50176,0,0,0,0,0,0,0,0,0,0,0,0,0,0,0,0,0,0,0,0,0,0,0,0,50176,0,0,0,0,0,0,0,0,0,0,0,0,0,0,0,0,0,0,0,0,0,0,0,0,50176,0,0,0,0,0,0,0,0,0,0,0,0,0,0,0,0,0,0,0,0,0,0,0,0,TCGA-OL-A5D7-DX1_xmin114443_ymin22490_MPP-0.2500+134
50176,0,0,0,0,0,0,0,0,0,0,0,0,0,0,0,0,0,0,0,0,0,0,0,0,50176,0,0,0,0,0,0,0,0,0,0,0,0,0,0,0,0,0,0,0,0,0,0,0,0,50176,0,0,0,0,0,0,0,0,0,0,0,0,0,0,0,0,0,0,0,0,0,0,0,0,TCGA-OL-A5D7-DX1_xmin114443_ymin22490_MPP-0.2500+135
50176,0,0,0,0,0,0,0,0,0,0,0,0,0,0,0,0,0,0,0,0,0,0,0,0,50176,0,0,0,0,0,0,0,0,0,0,0,0,0,0,0,0,0,0,0,0,0,0,0,0,50176,0,0,0,0,0,0,0,0,0,0,0,0,0,0,0,0,0,0,0,0,0,0,0,0,TCGA-OL-A5D7-DX1_xmin114443_ymin22490_MPP-0.2500+136
50176,0,0,0,0,0,0,0,0,0,0,0,0,0,0,0,0,0,0,0,0,0,0,0,0,50176,0,0,0,0,0,0,0,0,0,0,0,0,0,0,0,0,0,0,0,0,0,0,0,0,50176,0,0,0,0,0,0,0,0,0,0,0,0,0,0,0,0,0,0,0,0,0,0,0,0,TCGA-OL-A5D7-DX1_xmin114443_ymin22490_MPP-0.2500+137
0,0,0,0,0,0,0,0,0,0,0,33057,17119,0,0,0,0,0,0,0,0,0,0,0,0,0,0,0,0,0,0,0,0,0,0,0,32475,17701,0,0,0,0,0,0,0,0,0,0,0,0,0,0,0,0,0,0,0,0,0,0,0,32973,17203,0,0,0,0,0,0,0,0,0,0,0,0,TCGA-OL-A5D7-DX1_xmin114443_ymin22490_MPP-0.2500+138
0,458,0,0,0,0,197,0,0,0,1600,47921,0,0,0,0,0,0,0,0,0,0,0,0,0,0,458,0,0,0,0,197,0,0,0,1088,48433,0,0,0,0,0,0,0,0,0,0,0,0,0,0,458,0,0,0,0,197,0,0,0,896,48625,0,0,0,0,0,0,0,0,0,0,0,0,0,TCGA-OL-A5D7-DX1_xmin114443_ymin22490_MPP-0.2500+139
50176,0,0,0,0,0,0,0,0,0,0,0,0,0,0,0,0,0,0,0,0,0,0,0,0,50176,0,0,0,0,0,0,0,0,0,0,0,0,0,0,0,0,0,0,0,0,0,0,0,0,50176,0,0,0,0,0,0,0,0,0,0,0,0,0,0,0,0,0,0,0,0,0,0,0,0,TCGA-OL-A5D7-DX1_xmin114443_ymin22490_MPP-0.2500+14
30800,0,0,0,0,2215,0,0,0,0,17161,0,0,0,0,0,0,0,0,0,0,0,0,0,0,30800,0,0,0,0,2215,0,0,0,0,17161,0,0,0,0,0,0,0,0,0,0,0,0,0,0,30800,0,0,0,0,2215,0,0,0,0,17161,0,0,0,0,0,0,0,0,0,0,0,0,0,0,TCGA-OL-A5D7-DX1_xmin114443_ymin22490_MPP-0.2500+140
50176,0,0,0,0,0,0,0,0,0,0,0,0,0,0,0,0,0,0,0,0,0,0,0,0,50176,0,0,0,0,0,0,0,0,0,0,0,0,0,0,0,0,0,0,0,0,0,0,0,0,50176,0,0,0,0,0,0,0,0,0,0,0,0,0,0,0,0,0,0,0,0,0,0,0,0,TCGA-OL-A5D7-DX1_xmin114443_ymin22490_MPP-0.2500+141
50176,0,0,0,0,0,0,0,0,0,0,0,0,0,0,0,0,0,0,0,0,0,0,0,0,50176,0,0,0,0,0,0,0,0,0,0,0,0,0,0,0,0,0,0,0,0,0,0,0,0,50176,0,0,0,0,0,0,0,0,0,0,0,0,0,0,0,0,0,0,0,0,0,0,0,0,TCGA-OL-A5D7-DX1_xmin114443_ymin22490_MPP-0.2500+142
50176,0,0,0,0,0,0,0,0,0,0,0,0,0,0,0,0,0,0,0,0,0,0,0,0,50176,0,0,0,0,0,0,0,0,0,0,0,0,0,0,0,0,0,0,0,0,0,0,0,0,50176,0,0,0,0,0,0,0,0,0,0,0,0,0,0,0,0,0,0,0,0,0,0,0,0,TCGA-OL-A5D7-DX1_xmin114443_ymin22490_MPP-0.2500+143
50176,0,0,0,0,0,0,0,0,0,0,0,0,0,0,0,0,0,0,0,0,0,0,0,0,50176,0,0,0,0,0,0,0,0,0,0,0,0,0,0,0,0,0,0,0,0,0,0,0,0,50176,0,0,0,0,0,0,0,0,0,0,0,0,0,0,0,0,0,0,0,0,0,0,0,0,TCGA-OL-A5D7-DX1_xmin114443_ymin22490_MPP-0.2500+144
49931,0,0,0,0,245,0,0,0,0,0,0,0,0,0,0,0,0,0,0,0,0,0,0,0,49931,0,0,0,0,245,0,0,0,0,0,0,0,0,0,0,0,0,0,0,0,0,0,0,0,49931,0,0,0,0,245,0,0,0,0,0,0,0,0,0,0,0,0,0,0,0,0,0,0,0,TCGA-OL-A5D7-DX1_xmin114443_ymin22490_MPP-0.2500+145
34378,839,0,0,0,8142,6817,0,0,0,0,0,0,0,0,0,0,0,0,0,0,0,0,0,0,34301,916,0,0,0,7771,7188,0,0,0,0,0,0,0,0,0,0,0,0,0,0,0,0,0,0,34221,996,0,0,0,6662,8297,0,0,0,0,0,0,0,0,0,0,0,0,0,0,0,0,0,0,TCGA-OL-A5D7-DX1_xmin114443_ymin22490_MPP-0.2500+146
15882,2775,0,0,0,9744,21775,0,0,0,0,0,0,0,0,0,0,0,0,0,0,0,0,0,0,16090,2567,0,0,0,10062,21457,0,0,0,0,0,0,0,0,0,0,0,0,0,0,0,0,0,0,16029,2628,0,0,0,9543,21976,0,0,0,0,0,0,0,0,0,0,0,0,0,0,0,0,0,0,TCGA-OL-A5D7-DX1_xmin114443_ymin22490_MPP-0.2500+147
24598,4072,0,0,0,1483,20023,0,0,0,0,0,0,0,0,0,0,0,0,0,0,0,0,0,0,24593,4077,0,0,0,1388,20118,0,0,0,0,0,0,0,0,0,0,0,0,0,0,0,0,0,0,24576,4094,0,0,0,1209,20297,0,0,0,0,0,0,0,0,0,0,0,0,0,0,0,0,0,0,TCGA-OL-A5D7-DX1_xmin114443_ymin22490_MPP-0.2500+148
50176,0,0,0,0,0,0,0,0,0,0,0,0,0,0,0,0,0,0,0,0,0,0,0,0,50176,0,0,0,0,0,0,0,0,0,0,0,0,0,0,0,0,0,0,0,0,0,0,0,0,50176,0,0,0,0,0,0,0,0,0,0,0,0,0,0,0,0,0,0,0,0,0,0,0,0,TCGA-OL-A5D7-DX1_xmin114443_ymin22490_MPP-0.2500+149
40925,2420,0,0,0,266,6379,0,0,0,0,0,0,0,0,0,0,0,0,0,0,0,0,0,186,41007,2338,0,0,0,321,6324,0,0,0,0,0,0,0,0,0,0,0,0,0,0,0,0,0,186,40941,2404,0,0,0,279,6366,0,0,0,0,0,0,0,0,0,0,0,0,0,0,0,0,0,186,TCGA-OL-A5D7-DX1_xmin114443_ymin22490_MPP-0.2500+15
50176,0,0,0,0,0,0,0,0,0,0,0,0,0,0,0,0,0,0,0,0,0,0,0,0,50176,0,0,0,0,0,0,0,0,0,0,0,0,0,0,0,0,0,0,0,0,0,0,0,0,50176,0,0,0,0,0,0,0,0,0,0,0,0,0,0,0,0,0,0,0,0,0,0,0,0,TCGA-OL-A5D7-DX1_xmin114443_ymin22490_MPP-0.2500+150
50176,0,0,0,0,0,0,0,0,0,0,0,0,0,0,0,0,0,0,0,0,0,0,0,0,50176,0,0,0,0,0,0,0,0,0,0,0,0,0,0,0,0,0,0,0,0,0,0,0,0,50176,0,0,0,0,0,0,0,0,0,0,0,0,0,0,0,0,0,0,0,0,0,0,0,0,TCGA-OL-A5D7-DX1_xmin114443_ymin22490_MPP-0.2500+151
50176,0,0,0,0,0,0,0,0,0,0,0,0,0,0,0,0,0,0,0,0,0,0,0,0,50176,0,0,0,0,0,0,0,0,0,0,0,0,0,0,0,0,0,0,0,0,0,0,0,0,50176,0,0,0,0,0,0,0,0,0,0,0,0,0,0,0,0,0,0,0,0,0,0,0,0,TCGA-OL-A5D7-DX1_xmin114443_ymin22490_MPP-0.2500+152
50176,0,0,0,0,0,0,0,0,0,0,0,0,0,0,0,0,0,0,0,0,0,0,0,0,50176,0,0,0,0,0,0,0,0,0,0,0,0,0,0,0,0,0,0,0,0,0,0,0,0,50176,0,0,0,0,0,0,0,0,0,0,0,0,0,0,0,0,0,0,0,0,0,0,0,0,TCGA-OL-A5D7-DX1_xmin114443_ymin22490_MPP-0.2500+153
50176,0,0,0,0,0,0,0,0,0,0,0,0,0,0,0,0,0,0,0,0,0,0,0,0,50176,0,0,0,0,0,0,0,0,0,0,0,0,0,0,0,0,0,0,0,0,0,0,0,0,50176,0,0,0,0,0,0,0,0,0,0,0,0,0,0,0,0,0,0,0,0,0,0,0,0,TCGA-OL-A5D7-DX1_xmin114443_ymin22490_MPP-0.2500+154
0,0,0,0,0,0,0,0,0,0,50176,0,0,0,0,0,0,0,0,0,0,0,0,0,0,0,0,0,0,0,0,0,0,0,0,50176,0,0,0,0,0,0,0,0,0,0,0,0,0,0,0,0,0,0,0,0,0,0,0,0,50176,0,0,0,0,0,0,0,0,0,0,0,0,0,0,TCGA-OL-A5D7-DX1_xmin114443_ymin22490_MPP-0.2500+155
0,0,0,0,0,0,0,0,0,0,6864,43312,0,0,0,0,0,0,0,0,0,0,0,0,0,0,0,0,0,0,0,0,0,0,0,7760,42416,0,0,0,0,0,0,0,0,0,0,0,0,0,0,0,0,0,0,0,0,0,0,0,7440,42736,0,0,0,0,0,0,0,0,0,0,0,0,0,TCGA-OL-A5D7-DX1_xmin114443_ymin22490_MPP-0.2500+156
0,0,0,0,0,0,0,0,0,0,128,50048,0,0,0,0,0,0,0,0,0,0,0,0,0,0,0,0,0,0,0,0,0,0,0,480,49696,0,0,0,0,0,0,0,0,0,0,0,0,0,0,0,0,0,0,0,0,0,0,0,480,49696,0,0,0,0,0,0,0,0,0,0,0,0,0,TCGA-OL-A5D7-DX1_xmin114443_ymin22490_MPP-0.2500+157
0,0,0,0,0,0,0,0,0,0,2176,48000,0,0,0,0,0,0,0,0,0,0,0,0,0,0,0,0,0,0,0,0,0,0,0,2304,47872,0,0,0,0,0,0,0,0,0,0,0,0,0,0,0,0,0,0,0,0,0,0,0,1952,48224,0,0,0,0,0,0,0,0,0,0,0,0,0,TCGA-OL-A5D7-DX1_xmin114443_ymin22490_MPP-0.2500+158
0,3129,0,0,0,0,2743,0,0,0,2016,42288,0,0,0,0,0,0,0,0,0,0,0,0,0,0,3129,0,0,0,0,2743,0,0,0,2400,41904,0,0,0,0,0,0,0,0,0,0,0,0,0,0,3129,0,0,0,0,2743,0,0,0,2080,42224,0,0,0,0,0,0,0,0,0,0,0,0,0,TCGA-OL-A5D7-DX1_xmin114443_ymin22490_MPP-0.2500+159
15130,22333,0,0,0,0,11559,0,0,0,0,0,0,0,0,0,0,0,0,0,0,0,0,0,1154,14601,22862,0,0,0,0,11559,0,0,0,0,0,0,0,0,0,0,0,0,0,0,0,0,0,1154,14458,23005,0,0,0,0,11559,0,0,0,0,0,0,0,0,0,0,0,0,0,0,0,0,0,1154,TCGA-OL-A5D7-DX1_xmin114443_ymin22490_MPP-0.2500+16
50176,0,0,0,0,0,0,0,0,0,0,0,0,0,0,0,0,0,0,0,0,0,0,0,0,50176,0,0,0,0,0,0,0,0,0,0,0,0,0,0,0,0,0,0,0,0,0,0,0,0,50176,0,0,0,0,0,0,0,0,0,0,0,0,0,0,0,0,0,0,0,0,0,0,0,0,TCGA-OL-A5D7-DX1_xmin114443_ymin22490_MPP-0.2500+160
50176,0,0,0,0,0,0,0,0,0,0,0,0,0,0,0,0,0,0,0,0,0,0,0,0,50176,0,0,0,0,0,0,0,0,0,0,0,0,0,0,0,0,0,0,0,0,0,0,0,0,50176,0,0,0,0,0,0,0,0,0,0,0,0,0,0,0,0,0,0,0,0,0,0,0,0,TCGA-OL-A5D7-DX1_xmin114443_ymin22490_MPP-0.2500+161
50176,0,0,0,0,0,0,0,0,0,0,0,0,0,0,0,0,0,0,0,0,0,0,0,0,50176,0,0,0,0,0,0,0,0,0,0,0,0,0,0,0,0,0,0,0,0,0,0,0,0,50176,0,0,0,0,0,0,0,0,0,0,0,0,0,0,0,0,0,0,0,0,0,0,0,0,TCGA-OL-A5D7-DX1_xmin114443_ymin22490_MPP-0.2500+162
41114,0,0,0,0,9062,0,0,0,0,0,0,0,0,0,0,0,0,0,0,0,0,0,0,0,41114,0,0,0,0,9062,0,0,0,0,0,0,0,0,0,0,0,0,0,0,0,0,0,0,0,41114,0,0,0,0,9062,0,0,0,0,0,0,0,0,0,0,0,0,0,0,0,0,0,0,0,TCGA-OL-A5D7-DX1_xmin114443_ymin22490_MPP-0.2500+163
8069,1231,0,0,0,8617,32259,0,0,0,0,0,0,0,0,0,0,0,0,0,0,0,0,0,0,8078,1222,0,0,0,8610,32266,0,0,0,0,0,0,0,0,0,0,0,0,0,0,0,0,0,0,8095,1205,0,0,0,8590,32286,0,0,0,0,0,0,0,0,0,0,0,0,0,0,0,0,0,0,TCGA-OL-A5D7-DX1_xmin114443_ymin22490_MPP-0.2500+164
0,0,0,0,0,0,50176,0,0,0,0,0,0,0,0,0,0,0,0,0,0,0,0,0,0,0,0,0,0,0,0,50176,0,0,0,0,0,0,0,0,0,0,0,0,0,0,0,0,0,0,0,0,0,0,0,0,50176,0,0,0,0,0,0,0,0,0,0,0,0,0,0,0,0,0,0,TCGA-OL-A5D7-DX1_xmin114443_ymin22490_MPP-0.2500+165
0,0,0,0,0,6449,43727,0,0,0,0,0,0,0,0,0,0,0,0,0,0,0,0,0,0,0,0,0,0,0,6326,43850,0,0,0,0,0,0,0,0,0,0,0,0,0,0,0,0,0,0,0,0,0,0,0,6327,43849,0,0,0,0,0,0,0,0,0,0,0,0,0,0,0,0,0,0,TCGA-OL-A5D7-DX1_xmin114443_ymin22490_MPP-0.2500+166
672,919,0,0,0,3609,44976,0,0,0,0,0,0,0,0,0,0,0,0,0,0,0,0,0,0,602,989,0,0,0,3175,45410,0,0,0,0,0,0,0,0,0,0,0,0,0,0,0,0,0,0,662,929,0,0,0,3677,44908,0,0,0,0,0,0,0,0,0,0,0,0,0,0,0,0,0,0,TCGA-OL-A5D7-DX1_xmin114443_ymin22490_MPP-0.2500+167
23414,2168,0,0,0,8571,16023,0,0,0,0,0,0,0,0,0,0,0,0,0,0,0,0,0,0,23746,1836,0,0,0,8621,15973,0,0,0,0,0,0,0,0,0,0,0,0,0,0,0,0,0,0,24070,1512,0,0,0,8713,15881,0,0,0,0,0,0,0,0,0,0,0,0,0,0,0,0,0,0,TCGA-OL-A5D7-DX1_xmin114443_ymin22490_MPP-0.2500+168
38144,0,0,0,0,12032,0,0,0,0,0,0,0,0,0,0,0,0,0,0,0,0,0,0,0,38144,0,0,0,0,12032,0,0,0,0,0,0,0,0,0,0,0,0,0,0,0,0,0,0,0,38144,0,0,0,0,12032,0,0,0,0,0,0,0,0,0,0,0,0,0,0,0,0,0,0,0,TCGA-OL-A5D7-DX1_xmin114443_ymin22490_MPP-0.2500+169
50176,0,0,0,0,0,0,0,0,0,0,0,0,0,0,0,0,0,0,0,0,0,0,0,0,50176,0,0,0,0,0,0,0,0,0,0,0,0,0,0,0,0,0,0,0,0,0,0,0,0,50176,0,0,0,0,0,0,0,0,0,0,0,0,0,0,0,0,0,0,0,0,0,0,0,0,TCGA-OL-A5D7-DX1_xmin114443_ymin22490_MPP-0.2500+17
49059,0,0,0,0,1117,0,0,0,0,0,0,0,0,0,0,0,0,0,0,0,0,0,0,0,49059,0,0,0,0,1117,0,0,0,0,0,0,0,0,0,0,0,0,0,0,0,0,0,0,0,49059,0,0,0,0,1117,0,0,0,0,0,0,0,0,0,0,0,0,0,0,0,0,0,0,0,TCGA-OL-A5D7-DX1_xmin114443_ymin22490_MPP-0.2500+170
50176,0,0,0,0,0,0,0,0,0,0,0,0,0,0,0,0,0,0,0,0,0,0,0,0,50176,0,0,0,0,0,0,0,0,0,0,0,0,0,0,0,0,0,0,0,0,0,0,0,0,50176,0,0,0,0,0,0,0,0,0,0,0,0,0,0,0,0,0,0,0,0,0,0,0,0,TCGA-OL-A5D7-DX1_xmin114443_ymin22490_MPP-0.2500+171
50176,0,0,0,0,0,0,0,0,0,0,0,0,0,0,0,0,0,0,0,0,0,0,0,0,50176,0,0,0,0,0,0,0,0,0,0,0,0,0,0,0,0,0,0,0,0,0,0,0,0,50176,0,0,0,0,0,0,0,0,0,0,0,0,0,0,0,0,0,0,0,0,0,0,0,0,TCGA-OL-A5D7-DX1_xmin114443_ymin22490_MPP-0.2500+172
0,0,0,0,0,0,0,0,0,0,3040,47136,0,0,0,0,0,0,0,0,0,0,0,0,0,0,0,0,0,0,0,0,0,0,0,2272,47904,0,0,0,0,0,0,0,0,0,0,0,0,0,0,0,0,0,0,0,0,0,0,0,1952,48224,0,0,0,0,0,0,0,0,0,0,0,0,0,TCGA-OL-A5D7-DX1_xmin114443_ymin22490_MPP-0.2500+173
0,0,0,0,0,0,0,0,0,0,640,49536,0,0,0,0,0,0,0,0,0,0,0,0,0,0,0,0,0,0,0,0,0,0,0,448,49728,0,0,0,0,0,0,0,0,0,0,0,0,0,0,0,0,0,0,0,0,0,0,0,352,49824,0,0,0,0,0,0,0,0,0,0,0,0,0,TCGA-OL-A5D7-DX1_xmin114443_ymin22490_MPP-0.2500+174
0,0,0,0,0,0,0,0,0,0,50176,0,0,0,0,0,0,0,0,0,0,0,0,0,0,0,0,0,0,0,0,0,0,0,0,50176,0,0,0,0,0,0,0,0,0,0,0,0,0,0,0,0,0,0,0,0,0,0,0,0,50176,0,0,0,0,0,0,0,0,0,0,0,0,0,0,TCGA-OL-A5D7-DX1_xmin114443_ymin22490_MPP-0.2500+175
0,0,0,0,0,0,0,0,0,0,2464,47712,0,0,0,0,0,0,0,0,0,0,0,0,0,0,0,0,0,0,0,0,0,0,0,2304,47872,0,0,0,0,0,0,0,0,0,0,0,0,0,0,0,0,0,0,0,0,0,0,0,2304,47872,0,0,0,0,0,0,0,0,0,0,0,0,0,TCGA-OL-A5D7-DX1_xmin114443_ymin22490_MPP-0.2500+176
0,0,0,0,0,0,0,0,0,0,1088,49088,0,0,0,0,0,0,0,0,0,0,0,0,0,0,0,0,0,0,0,0,0,0,0,896,49280,0,0,0,0,0,0,0,0,0,0,0,0,0,0,0,0,0,0,0,0,0,0,0,960,49216,0,0,0,0,0,0,0,0,0,0,0,0,0,TCGA-OL-A5D7-DX1_xmin114443_ymin22490_MPP-0.2500+177
6195,1571,0,0,0,3466,1830,0,0,0,13812,23302,0,0,0,0,0,0,0,0,0,0,0,0,0,6238,1528,0,0,0,3504,1792,0,0,0,14750,22364,0,0,0,0,0,0,0,0,0,0,0,0,0,6227,1539,0,0,0,3506,1790,0,0,0,14569,22545,0,0,0,0,0,0,0,0,0,0,0,0,0,TCGA-OL-A5D7-DX1_xmin114443_ymin22490_MPP-0.2500+178
49884,0,0,0,0,278,0,0,0,0,14,0,0,0,0,0,0,0,0,0,0,0,0,0,0,49884,0,0,0,0,278,0,0,0,0,14,0,0,0,0,0,0,0,0,0,0,0,0,0,0,49884,0,0,0,0,278,0,0,0,0,14,0,0,0,0,0,0,0,0,0,0,0,0,0,0,TCGA-OL-A5D7-DX1_xmin114443_ymin22490_MPP-0.2500+179
50134,0,0,0,0,0,0,0,0,0,0,0,0,0,0,42,0,0,0,0,0,0,0,0,0,50134,0,0,0,0,0,0,0,0,0,0,0,0,0,0,42,0,0,0,0,0,0,0,0,0,50134,0,0,0,0,0,0,0,0,0,0,0,0,0,0,42,0,0,0,0,0,0,0,0,0,TCGA-OL-A5D7-DX1_xmin114443_ymin22490_MPP-0.2500+18
50176,0,0,0,0,0,0,0,0,0,0,0,0,0,0,0,0,0,0,0,0,0,0,0,0,50176,0,0,0,0,0,0,0,0,0,0,0,0,0,0,0,0,0,0,0,0,0,0,0,0,50176,0,0,0,0,0,0,0,0,0,0,0,0,0,0,0,0,0,0,0,0,0,0,0,0,TCGA-OL-A5D7-DX1_xmin114443_ymin22490_MPP-0.2500+180
50176,0,0,0,0,0,0,0,0,0,0,0,0,0,0,0,0,0,0,0,0,0,0,0,0,50176,0,0,0,0,0,0,0,0,0,0,0,0,0,0,0,0,0,0,0,0,0,0,0,0,50176,0,0,0,0,0,0,0,0,0,0,0,0,0,0,0,0,0,0,0,0,0,0,0,0,TCGA-OL-A5D7-DX1_xmin114443_ymin22490_MPP-0.2500+181
46095,0,0,0,0,4081,0,0,0,0,0,0,0,0,0,0,0,0,0,0,0,0,0,0,0,46095,0,0,0,0,4081,0,0,0,0,0,0,0,0,0,0,0,0,0,0,0,0,0,0,0,46095,0,0,0,0,4081,0,0,0,0,0,0,0,0,0,0,0,0,0,0,0,0,0,0,0,TCGA-OL-A5D7-DX1_xmin114443_ymin22490_MPP-0.2500+182
40371,0,0,0,0,9805,0,0,0,0,0,0,0,0,0,0,0,0,0,0,0,0,0,0,0,40371,0,0,0,0,9805,0,0,0,0,0,0,0,0,0,0,0,0,0,0,0,0,0,0,0,40371,0,0,0,0,9805,0,0,0,0,0,0,0,0,0,0,0,0,0,0,0,0,0,0,0,TCGA-OL-A5D7-DX1_xmin114443_ymin22490_MPP-0.2500+183
46563,0,0,0,0,3613,0,0,0,0,0,0,0,0,0,0,0,0,0,0,0,0,0,0,0,46563,0,0,0,0,3613,0,0,0,0,0,0,0,0,0,0,0,0,0,0,0,0,0,0,0,46563,0,0,0,0,3613,0,0,0,0,0,0,0,0,0,0,0,0,0,0,0,0,0,0,0,TCGA-OL-A5D7-DX1_xmin114443_ymin22490_MPP-0.2500+184
46711,0,0,0,0,3465,0,0,0,0,0,0,0,0,0,0,0,0,0,0,0,0,0,0,0,46711,0,0,0,0,3465,0,0,0,0,0,0,0,0,0,0,0,0,0,0,0,0,0,0,0,46711,0,0,0,0,3465,0,0,0,0,0,0,0,0,0,0,0,0,0,0,0,0,0,0,0,TCGA-OL-A5D7-DX1_xmin114443_ymin22490_MPP-0.2500+185
49763,0,0,0,0,413,0,0,0,0,0,0,0,0,0,0,0,0,0,0,0,0,0,0,0,49763,0,0,0,0,413,0,0,0,0,0,0,0,0,0,0,0,0,0,0,0,0,0,0,0,49763,0,0,0,0,413,0,0,0,0,0,0,0,0,0,0,0,0,0,0,0,0,0,0,0,TCGA-OL-A5D7-DX1_xmin114443_ymin22490_MPP-0.2500+186
50176,0,0,0,0,0,0,0,0,0,0,0,0,0,0,0,0,0,0,0,0,0,0,0,0,50176,0,0,0,0,0,0,0,0,0,0,0,0,0,0,0,0,0,0,0,0,0,0,0,0,50176,0,0,0,0,0,0,0,0,0,0,0,0,0,0,0,0,0,0,0,0,0,0,0,0,TCGA-OL-A5D7-DX1_xmin114443_ymin22490_MPP-0.2500+187
50176,0,0,0,0,0,0,0,0,0,0,0,0,0,0,0,0,0,0,0,0,0,0,0,0,50176,0,0,0,0,0,0,0,0,0,0,0,0,0,0,0,0,0,0,0,0,0,0,0,0,50176,0,0,0,0,0,0,0,0,0,0,0,0,0,0,0,0,0,0,0,0,0,0,0,0,TCGA-OL-A5D7-DX1_xmin114443_ymin22490_MPP-0.2500+188
50176,0,0,0,0,0,0,0,0,0,0,0,0,0,0,0,0,0,0,0,0,0,0,0,0,50176,0,0,0,0,0,0,0,0,0,0,0,0,0,0,0,0,0,0,0,0,0,0,0,0,50176,0,0,0,0,0,0,0,0,0,0,0,0,0,0,0,0,0,0,0,0,0,0,0,0,TCGA-OL-A5D7-DX1_xmin114443_ymin22490_MPP-0.2500+189
6892,0,0,1313,0,4272,0,0,160,0,0,0,0,0,0,17860,0,0,19679,0,0,0,0,0,0,6850,0,0,1355,0,3939,0,0,493,0,0,0,0,0,0,19145,0,0,18394,0,0,0,0,0,0,6821,0,0,1384,0,3749,0,0,683,0,0,0,0,0,0,18955,0,0,18584,0,0,0,0,0,0,TCGA-OL-A5D7-DX1_xmin114443_ymin22490_MPP-0.2500+19
50176,0,0,0,0,0,0,0,0,0,0,0,0,0,0,0,0,0,0,0,0,0,0,0,0,50176,0,0,0,0,0,0,0,0,0,0,0,0,0,0,0,0,0,0,0,0,0,0,0,0,50176,0,0,0,0,0,0,0,0,0,0,0,0,0,0,0,0,0,0,0,0,0,0,0,0,TCGA-OL-A5D7-DX1_xmin114443_ymin22490_MPP-0.2500+190
0,0,0,0,0,0,0,0,0,0,0,45053,5123,0,0,0,0,0,0,0,0,0,0,0,0,0,0,0,0,0,0,0,0,0,0,0,45151,5025,0,0,0,0,0,0,0,0,0,0,0,0,0,0,0,0,0,0,0,0,0,0,0,44797,5379,0,0,0,0,0,0,0,0,0,0,0,0,TCGA-OL-A5D7-DX1_xmin114443_ymin22490_MPP-0.2500+191
0,0,0,0,0,0,0,0,0,0,13820,36356,0,0,0,0,0,0,0,0,0,0,0,0,0,0,0,0,0,0,0,0,0,0,0,13893,36283,0,0,0,0,0,0,0,0,0,0,0,0,0,0,0,0,0,0,0,0,0,0,0,14151,36025,0,0,0,0,0,0,0,0,0,0,0,0,0,TCGA-OL-A5D7-DX1_xmin114443_ymin22490_MPP-0.2500+192
6933,707,0,0,0,1368,0,0,0,0,9852,31316,0,0,0,0,0,0,0,0,0,0,0,0,0,6932,708,0,0,0,1368,0,0,0,0,9534,31634,0,0,0,0,0,0,0,0,0,0,0,0,0,6931,709,0,0,0,1368,0,0,0,0,9639,31529,0,0,0,0,0,0,0,0,0,0,0,0,0,TCGA-OL-A5D7-DX1_xmin114443_ymin22490_MPP-0.2500+193
13265,0,0,0,0,5490,0,0,0,0,31421,0,0,0,0,0,0,0,0,0,0,0,0,0,0,13265,0,0,0,0,5490,0,0,0,0,31421,0,0,0,0,0,0,0,0,0,0,0,0,0,0,13265,0,0,0,0,5490,0,0,0,0,31421,0,0,0,0,0,0,0,0,0,0,0,0,0,0,TCGA-OL-A5D7-DX1_xmin114443_ymin22490_MPP-0.2500+194
0,0,0,0,0,0,493,0,0,0,0,49683,0,0,0,0,0,0,0,0,0,0,0,0,0,0,0,0,0,0,0,493,0,0,0,0,49683,0,0,0,0,0,0,0,0,0,0,0,0,0,0,0,0,0,0,0,493,0,0,0,0,49683,0,0,0,0,0,0,0,0,0,0,0,0,0,TCGA-OL-A5D7-DX1_xmin114443_ymin22490_MPP-0.2500+195
36135,0,0,0,0,7271,0,0,0,0,6770,0,0,0,0,0,0,0,0,0,0,0,0,0,0,36135,0,0,0,0,7271,0,0,0,0,6770,0,0,0,0,0,0,0,0,0,0,0,0,0,0,36135,0,0,0,0,7271,0,0,0,0,6770,0,0,0,0,0,0,0,0,0,0,0,0,0,0,TCGA-OL-A5D7-DX1_xmin114443_ymin22490_MPP-0.2500+196
50176,0,0,0,0,0,0,0,0,0,0,0,0,0,0,0,0,0,0,0,0,0,0,0,0,50176,0,0,0,0,0,0,0,0,0,0,0,0,0,0,0,0,0,0,0,0,0,0,0,0,50176,0,0,0,0,0,0,0,0,0,0,0,0,0,0,0,0,0,0,0,0,0,0,0,0,TCGA-OL-A5D7-DX1_xmin114443_ymin22490_MPP-0.2500+197
50176,0,0,0,0,0,0,0,0,0,0,0,0,0,0,0,0,0,0,0,0,0,0,0,0,50176,0,0,0,0,0,0,0,0,0,0,0,0,0,0,0,0,0,0,0,0,0,0,0,0,50176,0,0,0,0,0,0,0,0,0,0,0,0,0,0,0,0,0,0,0,0,0,0,0,0,TCGA-OL-A5D7-DX1_xmin114443_ymin22490_MPP-0.2500+198
50176,0,0,0,0,0,0,0,0,0,0,0,0,0,0,0,0,0,0,0,0,0,0,0,0,50176,0,0,0,0,0,0,0,0,0,0,0,0,0,0,0,0,0,0,0,0,0,0,0,0,50176,0,0,0,0,0,0,0,0,0,0,0,0,0,0,0,0,0,0,0,0,0,0,0,0,TCGA-OL-A5D7-DX1_xmin114443_ymin22490_MPP-0.2500+199
0,25507,0,0,0,0,23194,0,0,0,0,0,0,0,0,0,0,0,0,0,0,0,0,0,1475,0,25507,0,0,0,0,23194,0,0,0,0,0,0,0,0,0,0,0,0,0,0,0,0,0,1475,0,25507,0,0,0,0,23194,0,0,0,0,0,0,0,0,0,0,0,0,0,0,0,0,0,1475,TCGA-OL-A5D7-DX1_xmin114443_ymin22490_MPP-0.2500+2
0,0,0,0,0,0,0,0,0,0,0,0,0,0,0,0,0,0,50176,0,0,0,0,0,0,0,0,0,0,0,0,0,0,0,0,0,0,0,0,0,0,0,0,50176,0,0,0,0,0,0,0,0,0,0,0,0,0,0,0,0,0,0,0,0,0,0,0,0,50176,0,0,0,0,0,0,TCGA-OL-A5D7-DX1_xmin114443_ymin22490_MPP-0.2500+20
50176,0,0,0,0,0,0,0,0,0,0,0,0,0,0,0,0,0,0,0,0,0,0,0,0,50176,0,0,0,0,0,0,0,0,0,0,0,0,0,0,0,0,0,0,0,0,0,0,0,0,50176,0,0,0,0,0,0,0,0,0,0,0,0,0,0,0,0,0,0,0,0,0,0,0,0,TCGA-OL-A5D7-DX1_xmin114443_ymin22490_MPP-0.2500+200
50176,0,0,0,0,0,0,0,0,0,0,0,0,0,0,0,0,0,0,0,0,0,0,0,0,50176,0,0,0,0,0,0,0,0,0,0,0,0,0,0,0,0,0,0,0,0,0,0,0,0,50176,0,0,0,0,0,0,0,0,0,0,0,0,0,0,0,0,0,0,0,0,0,0,0,0,TCGA-OL-A5D7-DX1_xmin114443_ymin22490_MPP-0.2500+201
50176,0,0,0,0,0,0,0,0,0,0,0,0,0,0,0,0,0,0,0,0,0,0,0,0,50176,0,0,0,0,0,0,0,0,0,0,0,0,0,0,0,0,0,0,0,0,0,0,0,0,50176,0,0,0,0,0,0,0,0,0,0,0,0,0,0,0,0,0,0,0,0,0,0,0,0,TCGA-OL-A5D7-DX1_xmin114443_ymin22490_MPP-0.2500+202
50176,0,0,0,0,0,0,0,0,0,0,0,0,0,0,0,0,0,0,0,0,0,0,0,0,50176,0,0,0,0,0,0,0,0,0,0,0,0,0,0,0,0,0,0,0,0,0,0,0,0,50176,0,0,0,0,0,0,0,0,0,0,0,0,0,0,0,0,0,0,0,0,0,0,0,0,TCGA-OL-A5D7-DX1_xmin114443_ymin22490_MPP-0.2500+203
50176,0,0,0,0,0,0,0,0,0,0,0,0,0,0,0,0,0,0,0,0,0,0,0,0,50176,0,0,0,0,0,0,0,0,0,0,0,0,0,0,0,0,0,0,0,0,0,0,0,0,50176,0,0,0,0,0,0,0,0,0,0,0,0,0,0,0,0,0,0,0,0,0,0,0,0,TCGA-OL-A5D7-DX1_xmin114443_ymin22490_MPP-0.2500+204
50176,0,0,0,0,0,0,0,0,0,0,0,0,0,0,0,0,0,0,0,0,0,0,0,0,50176,0,0,0,0,0,0,0,0,0,0,0,0,0,0,0,0,0,0,0,0,0,0,0,0,50176,0,0,0,0,0,0,0,0,0,0,0,0,0,0,0,0,0,0,0,0,0,0,0,0,TCGA-OL-A5D7-DX1_xmin114443_ymin22490_MPP-0.2500+205
11,0,0,0,0,0,361,0,0,0,30950,18854,0,0,0,0,0,0,0,0,0,0,0,0,0,11,0,0,0,0,0,361,0,0,0,30163,19641,0,0,0,0,0,0,0,0,0,0,0,0,0,11,0,0,0,0,0,361,0,0,0,29019,20785,0,0,0,0,0,0,0,0,0,0,0,0,0,TCGA-OL-A5D7-DX1_xmin114443_ymin22490_MPP-0.2500+206
18502,7527,0,0,0,0,0,0,0,0,3695,20452,0,0,0,0,0,0,0,0,0,0,0,0,0,18268,7761,0,0,0,0,0,0,0,0,3865,20282,0,0,0,0,0,0,0,0,0,0,0,0,0,17794,8235,0,0,0,0,0,0,0,0,3108,21039,0,0,0,0,0,0,0,0,0,0,0,0,0,TCGA-OL-A5D7-DX1_xmin114443_ymin22490_MPP-0.2500+207
50058,0,0,0,0,0,0,0,0,0,118,0,0,0,0,0,0,0,0,0,0,0,0,0,0,50058,0,0,0,0,0,0,0,0,0,118,0,0,0,0,0,0,0,0,0,0,0,0,0,0,50058,0,0,0,0,0,0,0,0,0,118,0,0,0,0,0,0,0,0,0,0,0,0,0,0,TCGA-OL-A5D7-DX1_xmin114443_ymin22490_MPP-0.2500+208
48467,0,0,0,0,1616,0,0,0,0,93,0,0,0,0,0,0,0,0,0,0,0,0,0,0,48467,0,0,0,0,1616,0,0,0,0,93,0,0,0,0,0,0,0,0,0,0,0,0,0,0,48467,0,0,0,0,1616,0,0,0,0,93,0,0,0,0,0,0,0,0,0,0,0,0,0,0,TCGA-OL-A5D7-DX1_xmin114443_ymin22490_MPP-0.2500+209
0,0,0,0,0,0,0,0,0,0,0,0,0,0,0,0,0,0,50176,0,0,0,0,0,0,0,0,0,0,0,0,0,0,0,0,0,0,0,0,0,0,0,0,50176,0,0,0,0,0,0,0,0,0,0,0,0,0,0,0,0,0,0,0,0,0,0,0,0,50176,0,0,0,0,0,0,TCGA-OL-A5D7-DX1_xmin114443_ymin22490_MPP-0.2500+21
3336,11477,0,0,0,6579,6346,0,0,0,4225,18213,0,0,0,0,0,0,0,0,0,0,0,0,0,3283,11530,0,0,0,6518,6407,0,0,0,4263,18175,0,0,0,0,0,0,0,0,0,0,0,0,0,3405,11408,0,0,0,6458,6467,0,0,0,4338,18100,0,0,0,0,0,0,0,0,0,0,0,0,0,TCGA-OL-A5D7-DX1_xmin114443_ymin22490_MPP-0.2500+210
50151,0,0,0,0,25,0,0,0,0,0,0,0,0,0,0,0,0,0,0,0,0,0,0,0,50151,0,0,0,0,25,0,0,0,0,0,0,0,0,0,0,0,0,0,0,0,0,0,0,0,50151,0,0,0,0,25,0,0,0,0,0,0,0,0,0,0,0,0,0,0,0,0,0,0,0,TCGA-OL-A5D7-DX1_xmin114443_ymin22490_MPP-0.2500+211
50176,0,0,0,0,0,0,0,0,0,0,0,0,0,0,0,0,0,0,0,0,0,0,0,0,50176,0,0,0,0,0,0,0,0,0,0,0,0,0,0,0,0,0,0,0,0,0,0,0,0,50176,0,0,0,0,0,0,0,0,0,0,0,0,0,0,0,0,0,0,0,0,0,0,0,0,TCGA-OL-A5D7-DX1_xmin114443_ymin22490_MPP-0.2500+212
50176,0,0,0,0,0,0,0,0,0,0,0,0,0,0,0,0,0,0,0,0,0,0,0,0,50176,0,0,0,0,0,0,0,0,0,0,0,0,0,0,0,0,0,0,0,0,0,0,0,0,50176,0,0,0,0,0,0,0,0,0,0,0,0,0,0,0,0,0,0,0,0,0,0,0,0,TCGA-OL-A5D7-DX1_xmin114443_ymin22490_MPP-0.2500+213
50176,0,0,0,0,0,0,0,0,0,0,0,0,0,0,0,0,0,0,0,0,0,0,0,0,50176,0,0,0,0,0,0,0,0,0,0,0,0,0,0,0,0,0,0,0,0,0,0,0,0,50176,0,0,0,0,0,0,0,0,0,0,0,0,0,0,0,0,0,0,0,0,0,0,0,0,TCGA-OL-A5D7-DX1_xmin114443_ymin22490_MPP-0.2500+214
50176,0,0,0,0,0,0,0,0,0,0,0,0,0,0,0,0,0,0,0,0,0,0,0,0,50176,0,0,0,0,0,0,0,0,0,0,0,0,0,0,0,0,0,0,0,0,0,0,0,0,50176,0,0,0,0,0,0,0,0,0,0,0,0,0,0,0,0,0,0,0,0,0,0,0,0,TCGA-OL-A5D7-DX1_xmin114443_ymin22490_MPP-0.2500+215
50176,0,0,0,0,0,0,0,0,0,0,0,0,0,0,0,0,0,0,0,0,0,0,0,0,50176,0,0,0,0,0,0,0,0,0,0,0,0,0,0,0,0,0,0,0,0,0,0,0,0,50176,0,0,0,0,0,0,0,0,0,0,0,0,0,0,0,0,0,0,0,0,0,0,0,0,TCGA-OL-A5D7-DX1_xmin114443_ymin22490_MPP-0.2500+216
50176,0,0,0,0,0,0,0,0,0,0,0,0,0,0,0,0,0,0,0,0,0,0,0,0,50176,0,0,0,0,0,0,0,0,0,0,0,0,0,0,0,0,0,0,0,0,0,0,0,0,50176,0,0,0,0,0,0,0,0,0,0,0,0,0,0,0,0,0,0,0,0,0,0,0,0,TCGA-OL-A5D7-DX1_xmin114443_ymin22490_MPP-0.2500+217
50176,0,0,0,0,0,0,0,0,0,0,0,0,0,0,0,0,0,0,0,0,0,0,0,0,50176,0,0,0,0,0,0,0,0,0,0,0,0,0,0,0,0,0,0,0,0,0,0,0,0,50176,0,0,0,0,0,0,0,0,0,0,0,0,0,0,0,0,0,0,0,0,0,0,0,0,TCGA-OL-A5D7-DX1_xmin114443_ymin22490_MPP-0.2500+218
50176,0,0,0,0,0,0,0,0,0,0,0,0,0,0,0,0,0,0,0,0,0,0,0,0,50176,0,0,0,0,0,0,0,0,0,0,0,0,0,0,0,0,0,0,0,0,0,0,0,0,50176,0,0,0,0,0,0,0,0,0,0,0,0,0,0,0,0,0,0,0,0,0,0,0,0,TCGA-OL-A5D7-DX1_xmin114443_ymin22490_MPP-0.2500+219
0,0,0,648,0,0,0,0,1748,0,0,0,0,0,0,0,0,0,47780,0,0,0,0,0,0,0,0,0,648,0,0,0,0,1748,0,0,0,0,0,0,0,0,0,47780,0,0,0,0,0,0,0,0,0,648,0,0,0,0,1748,0,0,0,0,0,0,0,0,0,47780,0,0,0,0,0,0,TCGA-OL-A5D7-DX1_xmin114443_ymin22490_MPP-0.2500+22
50176,0,0,0,0,0,0,0,0,0,0,0,0,0,0,0,0,0,0,0,0,0,0,0,0,50176,0,0,0,0,0,0,0,0,0,0,0,0,0,0,0,0,0,0,0,0,0,0,0,0,50176,0,0,0,0,0,0,0,0,0,0,0,0,0,0,0,0,0,0,0,0,0,0,0,0,TCGA-OL-A5D7-DX1_xmin114443_ymin22490_MPP-0.2500+220
50176,0,0,0,0,0,0,0,0,0,0,0,0,0,0,0,0,0,0,0,0,0,0,0,0,50176,0,0,0,0,0,0,0,0,0,0,0,0,0,0,0,0,0,0,0,0,0,0,0,0,50176,0,0,0,0,0,0,0,0,0,0,0,0,0,0,0,0,0,0,0,0,0,0,0,0,TCGA-OL-A5D7-DX1_xmin114443_ymin22490_MPP-0.2500+221
50176,0,0,0,0,0,0,0,0,0,0,0,0,0,0,0,0,0,0,0,0,0,0,0,0,50176,0,0,0,0,0,0,0,0,0,0,0,0,0,0,0,0,0,0,0,0,0,0,0,0,50176,0,0,0,0,0,0,0,0,0,0,0,0,0,0,0,0,0,0,0,0,0,0,0,0,TCGA-OL-A5D7-DX1_xmin114443_ymin22490_MPP-0.2500+222
45111,0,0,0,0,5018,0,0,0,0,47,0,0,0,0,0,0,0,0,0,0,0,0,0,0,45111,0,0,0,0,5018,0,0,0,0,47,0,0,0,0,0,0,0,0,0,0,0,0,0,0,45111,0,0,0,0,5018,0,0,0,0,47,0,0,0,0,0,0,0,0,0,0,0,0,0,0,TCGA-OL-A5D7-DX1_xmin114443_ymin22490_MPP-0.2500+223
50176,0,0,0,0,0,0,0,0,0,0,0,0,0,0,0,0,0,0,0,0,0,0,0,0,50176,0,0,0,0,0,0,0,0,0,0,0,0,0,0,0,0,0,0,0,0,0,0,0,0,50176,0,0,0,0,0,0,0,0,0,0,0,0,0,0,0,0,0,0,0,0,0,0,0,0,TCGA-OL-A5D7-DX1_xmin114443_ymin22490_MPP-0.2500+224
50176,0,0,0,0,0,0,0,0,0,0,0,0,0,0,0,0,0,0,0,0,0,0,0,0,50176,0,0,0,0,0,0,0,0,0,0,0,0,0,0,0,0,0,0,0,0,0,0,0,0,50176,0,0,0,0,0,0,0,0,0,0,0,0,0,0,0,0,0,0,0,0,0,0,0,0,TCGA-OL-A5D7-DX1_xmin114443_ymin22490_MPP-0.2500+225
50176,0,0,0,0,0,0,0,0,0,0,0,0,0,0,0,0,0,0,0,0,0,0,0,0,50176,0,0,0,0,0,0,0,0,0,0,0,0,0,0,0,0,0,0,0,0,0,0,0,0,50176,0,0,0,0,0,0,0,0,0,0,0,0,0,0,0,0,0,0,0,0,0,0,0,0,TCGA-OL-A5D7-DX1_xmin114443_ymin22490_MPP-0.2500+226
50176,0,0,0,0,0,0,0,0,0,0,0,0,0,0,0,0,0,0,0,0,0,0,0,0,50176,0,0,0,0,0,0,0,0,0,0,0,0,0,0,0,0,0,0,0,0,0,0,0,0,50176,0,0,0,0,0,0,0,0,0,0,0,0,0,0,0,0,0,0,0,0,0,0,0,0,TCGA-OL-A5D7-DX1_xmin114443_ymin22490_MPP-0.2500+227
50176,0,0,0,0,0,0,0,0,0,0,0,0,0,0,0,0,0,0,0,0,0,0,0,0,50176,0,0,0,0,0,0,0,0,0,0,0,0,0,0,0,0,0,0,0,0,0,0,0,0,50176,0,0,0,0,0,0,0,0,0,0,0,0,0,0,0,0,0,0,0,0,0,0,0,0,TCGA-OL-A5D7-DX1_xmin114443_ymin22490_MPP-0.2500+228
50176,0,0,0,0,0,0,0,0,0,0,0,0,0,0,0,0,0,0,0,0,0,0,0,0,50176,0,0,0,0,0,0,0,0,0,0,0,0,0,0,0,0,0,0,0,0,0,0,0,0,50176,0,0,0,0,0,0,0,0,0,0,0,0,0,0,0,0,0,0,0,0,0,0,0,0,TCGA-OL-A5D7-DX1_xmin114443_ymin22490_MPP-0.2500+229
36001,0,0,0,0,5849,0,0,0,0,0,0,0,0,0,8326,0,0,0,0,0,0,0,0,0,36001,0,0,0,0,5849,0,0,0,0,0,0,0,0,0,8326,0,0,0,0,0,0,0,0,0,36001,0,0,0,0,5849,0,0,0,0,0,0,0,0,0,8326,0,0,0,0,0,0,0,0,0,TCGA-OL-A5D7-DX1_xmin114443_ymin22490_MPP-0.2500+23
50176,0,0,0,0,0,0,0,0,0,0,0,0,0,0,0,0,0,0,0,0,0,0,0,0,50176,0,0,0,0,0,0,0,0,0,0,0,0,0,0,0,0,0,0,0,0,0,0,0,0,50176,0,0,0,0,0,0,0,0,0,0,0,0,0,0,0,0,0,0,0,0,0,0,0,0,TCGA-OL-A5D7-DX1_xmin114443_ymin22490_MPP-0.2500+230
50176,0,0,0,0,0,0,0,0,0,0,0,0,0,0,0,0,0,0,0,0,0,0,0,0,50176,0,0,0,0,0,0,0,0,0,0,0,0,0,0,0,0,0,0,0,0,0,0,0,0,50176,0,0,0,0,0,0,0,0,0,0,0,0,0,0,0,0,0,0,0,0,0,0,0,0,TCGA-OL-A5D7-DX1_xmin114443_ymin22490_MPP-0.2500+231
50176,0,0,0,0,0,0,0,0,0,0,0,0,0,0,0,0,0,0,0,0,0,0,0,0,50176,0,0,0,0,0,0,0,0,0,0,0,0,0,0,0,0,0,0,0,0,0,0,0,0,50176,0,0,0,0,0,0,0,0,0,0,0,0,0,0,0,0,0,0,0,0,0,0,0,0,TCGA-OL-A5D7-DX1_xmin114443_ymin22490_MPP-0.2500+232
50176,0,0,0,0,0,0,0,0,0,0,0,0,0,0,0,0,0,0,0,0,0,0,0,0,50176,0,0,0,0,0,0,0,0,0,0,0,0,0,0,0,0,0,0,0,0,0,0,0,0,50176,0,0,0,0,0,0,0,0,0,0,0,0,0,0,0,0,0,0,0,0,0,0,0,0,TCGA-OL-A5D7-DX1_xmin114443_ymin22490_MPP-0.2500+233
50176,0,0,0,0,0,0,0,0,0,0,0,0,0,0,0,0,0,0,0,0,0,0,0,0,50176,0,0,0,0,0,0,0,0,0,0,0,0,0,0,0,0,0,0,0,0,0,0,0,0,50176,0,0,0,0,0,0,0,0,0,0,0,0,0,0,0,0,0,0,0,0,0,0,0,0,TCGA-OL-A5D7-DX1_xmin114443_ymin22490_MPP-0.2500+234
50176,0,0,0,0,0,0,0,0,0,0,0,0,0,0,0,0,0,0,0,0,0,0,0,0,50176,0,0,0,0,0,0,0,0,0,0,0,0,0,0,0,0,0,0,0,0,0,0,0,0,50176,0,0,0,0,0,0,0,0,0,0,0,0,0,0,0,0,0,0,0,0,0,0,0,0,TCGA-OL-A5D7-DX1_xmin114443_ymin22490_MPP-0.2500+235
50176,0,0,0,0,0,0,0,0,0,0,0,0,0,0,0,0,0,0,0,0,0,0,0,0,50176,0,0,0,0,0,0,0,0,0,0,0,0,0,0,0,0,0,0,0,0,0,0,0,0,50176,0,0,0,0,0,0,0,0,0,0,0,0,0,0,0,0,0,0,0,0,0,0,0,0,TCGA-OL-A5D7-DX1_xmin114443_ymin22490_MPP-0.2500+236
50176,0,0,0,0,0,0,0,0,0,0,0,0,0,0,0,0,0,0,0,0,0,0,0,0,50176,0,0,0,0,0,0,0,0,0,0,0,0,0,0,0,0,0,0,0,0,0,0,0,0,50176,0,0,0,0,0,0,0,0,0,0,0,0,0,0,0,0,0,0,0,0,0,0,0,0,TCGA-OL-A5D7-DX1_xmin114443_ymin22490_MPP-0.2500+237
50176,0,0,0,0,0,0,0,0,0,0,0,0,0,0,0,0,0,0,0,0,0,0,0,0,50176,0,0,0,0,0,0,0,0,0,0,0,0,0,0,0,0,0,0,0,0,0,0,0,0,50176,0,0,0,0,0,0,0,0,0,0,0,0,0,0,0,0,0,0,0,0,0,0,0,0,TCGA-OL-A5D7-DX1_xmin114443_ymin22490_MPP-0.2500+238
50176,0,0,0,0,0,0,0,0,0,0,0,0,0,0,0,0,0,0,0,0,0,0,0,0,50176,0,0,0,0,0,0,0,0,0,0,0,0,0,0,0,0,0,0,0,0,0,0,0,0,50176,0,0,0,0,0,0,0,0,0,0,0,0,0,0,0,0,0,0,0,0,0,0,0,0,TCGA-OL-A5D7-DX1_xmin114443_ymin22490_MPP-0.2500+239
48415,0,0,0,0,843,0,0,0,0,0,0,0,0,0,0,0,0,0,0,0,0,0,0,918,48415,0,0,0,0,843,0,0,0,0,0,0,0,0,0,0,0,0,0,0,0,0,0,0,918,48415,0,0,0,0,843,0,0,0,0,0,0,0,0,0,0,0,0,0,0,0,0,0,0,918,TCGA-OL-A5D7-DX1_xmin114443_ymin22490_MPP-0.2500+24
50176,0,0,0,0,0,0,0,0,0,0,0,0,0,0,0,0,0,0,0,0,0,0,0,0,50176,0,0,0,0,0,0,0,0,0,0,0,0,0,0,0,0,0,0,0,0,0,0,0,0,50176,0,0,0,0,0,0,0,0,0,0,0,0,0,0,0,0,0,0,0,0,0,0,0,0,TCGA-OL-A5D7-DX1_xmin114443_ymin22490_MPP-0.2500+240
50176,0,0,0,0,0,0,0,0,0,0,0,0,0,0,0,0,0,0,0,0,0,0,0,0,50176,0,0,0,0,0,0,0,0,0,0,0,0,0,0,0,0,0,0,0,0,0,0,0,0,50176,0,0,0,0,0,0,0,0,0,0,0,0,0,0,0,0,0,0,0,0,0,0,0,0,TCGA-OL-A5D7-DX1_xmin114443_ymin22490_MPP-0.2500+241
50176,0,0,0,0,0,0,0,0,0,0,0,0,0,0,0,0,0,0,0,0,0,0,0,0,50176,0,0,0,0,0,0,0,0,0,0,0,0,0,0,0,0,0,0,0,0,0,0,0,0,50176,0,0,0,0,0,0,0,0,0,0,0,0,0,0,0,0,0,0,0,0,0,0,0,0,TCGA-OL-A5D7-DX1_xmin114443_ymin22490_MPP-0.2500+242
50176,0,0,0,0,0,0,0,0,0,0,0,0,0,0,0,0,0,0,0,0,0,0,0,0,50176,0,0,0,0,0,0,0,0,0,0,0,0,0,0,0,0,0,0,0,0,0,0,0,0,50176,0,0,0,0,0,0,0,0,0,0,0,0,0,0,0,0,0,0,0,0,0,0,0,0,TCGA-OL-A5D7-DX1_xmin114443_ymin22490_MPP-0.2500+243
50176,0,0,0,0,0,0,0,0,0,0,0,0,0,0,0,0,0,0,0,0,0,0,0,0,50176,0,0,0,0,0,0,0,0,0,0,0,0,0,0,0,0,0,0,0,0,0,0,0,0,50176,0,0,0,0,0,0,0,0,0,0,0,0,0,0,0,0,0,0,0,0,0,0,0,0,TCGA-OL-A5D7-DX1_xmin114443_ymin22490_MPP-0.2500+244
50176,0,0,0,0,0,0,0,0,0,0,0,0,0,0,0,0,0,0,0,0,0,0,0,0,50176,0,0,0,0,0,0,0,0,0,0,0,0,0,0,0,0,0,0,0,0,0,0,0,0,50176,0,0,0,0,0,0,0,0,0,0,0,0,0,0,0,0,0,0,0,0,0,0,0,0,TCGA-OL-A5D7-DX1_xmin114443_ymin22490_MPP-0.2500+245
50176,0,0,0,0,0,0,0,0,0,0,0,0,0,0,0,0,0,0,0,0,0,0,0,0,50176,0,0,0,0,0,0,0,0,0,0,0,0,0,0,0,0,0,0,0,0,0,0,0,0,50176,0,0,0,0,0,0,0,0,0,0,0,0,0,0,0,0,0,0,0,0,0,0,0,0,TCGA-OL-A5D7-DX1_xmin114443_ymin22490_MPP-0.2500+246
41661,0,0,0,0,8515,0,0,0,0,0,0,0,0,0,0,0,0,0,0,0,0,0,0,0,41661,0,0,0,0,8515,0,0,0,0,0,0,0,0,0,0,0,0,0,0,0,0,0,0,0,41661,0,0,0,0,8515,0,0,0,0,0,0,0,0,0,0,0,0,0,0,0,0,0,0,0,TCGA-OL-A5D7-DX1_xmin114443_ymin22490_MPP-0.2500+247
50176,0,0,0,0,0,0,0,0,0,0,0,0,0,0,0,0,0,0,0,0,0,0,0,0,50176,0,0,0,0,0,0,0,0,0,0,0,0,0,0,0,0,0,0,0,0,0,0,0,0,50176,0,0,0,0,0,0,0,0,0,0,0,0,0,0,0,0,0,0,0,0,0,0,0,0,TCGA-OL-A5D7-DX1_xmin114443_ymin22490_MPP-0.2500+248
50176,0,0,0,0,0,0,0,0,0,0,0,0,0,0,0,0,0,0,0,0,0,0,0,0,50176,0,0,0,0,0,0,0,0,0,0,0,0,0,0,0,0,0,0,0,0,0,0,0,0,50176,0,0,0,0,0,0,0,0,0,0,0,0,0,0,0,0,0,0,0,0,0,0,0,0,TCGA-OL-A5D7-DX1_xmin114443_ymin22490_MPP-0.2500+249
16718,10818,0,0,0,231,19327,0,0,0,0,0,0,0,0,0,0,0,0,0,0,0,0,0,3082,16475,11061,0,0,0,253,19305,0,0,0,0,0,0,0,0,0,0,0,0,0,0,0,0,0,3082,16354,11182,0,0,0,275,19283,0,0,0,0,0,0,0,0,0,0,0,0,0,0,0,0,0,3082,TCGA-OL-A5D7-DX1_xmin114443_ymin22490_MPP-0.2500+25
50176,0,0,0,0,0,0,0,0,0,0,0,0,0,0,0,0,0,0,0,0,0,0,0,0,50176,0,0,0,0,0,0,0,0,0,0,0,0,0,0,0,0,0,0,0,0,0,0,0,0,50176,0,0,0,0,0,0,0,0,0,0,0,0,0,0,0,0,0,0,0,0,0,0,0,0,TCGA-OL-A5D7-DX1_xmin114443_ymin22490_MPP-0.2500+250
50176,0,0,0,0,0,0,0,0,0,0,0,0,0,0,0,0,0,0,0,0,0,0,0,0,50176,0,0,0,0,0,0,0,0,0,0,0,0,0,0,0,0,0,0,0,0,0,0,0,0,50176,0,0,0,0,0,0,0,0,0,0,0,0,0,0,0,0,0,0,0,0,0,0,0,0,TCGA-OL-A5D7-DX1_xmin114443_ymin22490_MPP-0.2500+251
23409,3068,0,0,0,7143,16556,0,0,0,0,0,0,0,0,0,0,0,0,0,0,0,0,0,0,23357,3120,0,0,0,7113,16586,0,0,0,0,0,0,0,0,0,0,0,0,0,0,0,0,0,0,23150,3327,0,0,0,6949,16750,0,0,0,0,0,0,0,0,0,0,0,0,0,0,0,0,0,0,TCGA-OL-A5D7-DX1_xmin114443_ymin22490_MPP-0.2500+252
46914,0,0,0,0,3262,0,0,0,0,0,0,0,0,0,0,0,0,0,0,0,0,0,0,0,46914,0,0,0,0,3262,0,0,0,0,0,0,0,0,0,0,0,0,0,0,0,0,0,0,0,46914,0,0,0,0,3262,0,0,0,0,0,0,0,0,0,0,0,0,0,0,0,0,0,0,0,TCGA-OL-A5D7-DX1_xmin114443_ymin22490_MPP-0.2500+253
50176,0,0,0,0,0,0,0,0,0,0,0,0,0,0,0,0,0,0,0,0,0,0,0,0,50176,0,0,0,0,0,0,0,0,0,0,0,0,0,0,0,0,0,0,0,0,0,0,0,0,50176,0,0,0,0,0,0,0,0,0,0,0,0,0,0,0,0,0,0,0,0,0,0,0,0,TCGA-OL-A5D7-DX1_xmin114443_ymin22490_MPP-0.2500+254
50176,0,0,0,0,0,0,0,0,0,0,0,0,0,0,0,0,0,0,0,0,0,0,0,0,50176,0,0,0,0,0,0,0,0,0,0,0,0,0,0,0,0,0,0,0,0,0,0,0,0,50176,0,0,0,0,0,0,0,0,0,0,0,0,0,0,0,0,0,0,0,0,0,0,0,0,TCGA-OL-A5D7-DX1_xmin114443_ymin22490_MPP-0.2500+26
50176,0,0,0,0,0,0,0,0,0,0,0,0,0,0,0,0,0,0,0,0,0,0,0,0,50176,0,0,0,0,0,0,0,0,0,0,0,0,0,0,0,0,0,0,0,0,0,0,0,0,50176,0,0,0,0,0,0,0,0,0,0,0,0,0,0,0,0,0,0,0,0,0,0,0,0,TCGA-OL-A5D7-DX1_xmin114443_ymin22490_MPP-0.2500+27
50176,0,0,0,0,0,0,0,0,0,0,0,0,0,0,0,0,0,0,0,0,0,0,0,0,50176,0,0,0,0,0,0,0,0,0,0,0,0,0,0,0,0,0,0,0,0,0,0,0,0,50176,0,0,0,0,0,0,0,0,0,0,0,0,0,0,0,0,0,0,0,0,0,0,0,0,TCGA-OL-A5D7-DX1_xmin114443_ymin22490_MPP-0.2500+28
24504,0,0,0,0,0,0,0,0,0,0,0,0,0,0,8874,0,0,16798,0,0,0,0,0,0,24498,0,0,6,0,0,0,0,0,0,0,0,0,0,0,8918,0,0,16754,0,0,0,0,0,0,24498,0,0,6,0,0,0,0,0,0,0,0,0,0,0,9087,0,0,16585,0,0,0,0,0,0,TCGA-OL-A5D7-DX1_xmin114443_ymin22490_MPP-0.2500+29
45030,3587,0,0,0,0,1559,0,0,0,0,0,0,0,0,0,0,0,0,0,0,0,0,0,0,45130,3487,0,0,0,0,1559,0,0,0,0,0,0,0,0,0,0,0,0,0,0,0,0,0,0,45097,3520,0,0,0,0,1559,0,0,0,0,0,0,0,0,0,0,0,0,0,0,0,0,0,0,TCGA-OL-A5D7-DX1_xmin114443_ymin22490_MPP-0.2500+3
0,0,0,0,0,0,0,0,0,0,0,0,0,0,0,592,0,0,49584,0,0,0,0,0,0,0,0,0,0,0,0,0,0,0,0,0,0,0,0,0,768,0,0,49408,0,0,0,0,0,0,0,0,0,0,0,0,0,0,0,0,0,0,0,0,0,896,0,0,49280,0,0,0,0,0,0,TCGA-OL-A5D7-DX1_xmin114443_ymin22490_MPP-0.2500+30
0,0,0,0,0,0,0,0,0,0,0,0,0,0,0,0,0,0,50176,0,0,0,0,0,0,0,0,0,0,0,0,0,0,0,0,0,0,0,0,0,0,0,0,50176,0,0,0,0,0,0,0,0,0,0,0,0,0,0,0,0,0,0,0,0,0,0,0,0,50176,0,0,0,0,0,0,TCGA-OL-A5D7-DX1_xmin114443_ymin22490_MPP-0.2500+31
0,0,0,0,0,0,0,0,0,0,0,0,0,0,0,4624,0,0,45552,0,0,0,0,0,0,0,0,0,0,0,0,0,0,0,0,0,0,0,0,0,4288,0,0,45888,0,0,0,0,0,0,0,0,0,0,0,0,0,0,0,0,0,0,0,0,0,4192,0,0,45984,0,0,0,0,0,0,TCGA-OL-A5D7-DX1_xmin114443_ymin22490_MPP-0.2500+32
4160,0,0,0,0,7384,0,0,0,0,0,0,0,0,0,38632,0,0,0,0,0,0,0,0,0,4160,0,0,0,0,7384,0,0,0,0,0,0,0,0,0,38632,0,0,0,0,0,0,0,0,0,4160,0,0,0,0,7384,0,0,0,0,0,0,0,0,0,38632,0,0,0,0,0,0,0,0,0,TCGA-OL-A5D7-DX1_xmin114443_ymin22490_MPP-0.2500+33
44274,0,0,0,0,4280,0,0,0,0,0,0,0,0,0,1622,0,0,0,0,0,0,0,0,0,44274,0,0,0,0,4280,0,0,0,0,0,0,0,0,0,1622,0,0,0,0,0,0,0,0,0,44274,0,0,0,0,4280,0,0,0,0,0,0,0,0,0,1622,0,0,0,0,0,0,0,0,0,TCGA-OL-A5D7-DX1_xmin114443_ymin22490_MPP-0.2500+34
50176,0,0,0,0,0,0,0,0,0,0,0,0,0,0,0,0,0,0,0,0,0,0,0,0,50176,0,0,0,0,0,0,0,0,0,0,0,0,0,0,0,0,0,0,0,0,0,0,0,0,50176,0,0,0,0,0,0,0,0,0,0,0,0,0,0,0,0,0,0,0,0,0,0,0,0,TCGA-OL-A5D7-DX1_xmin114443_ymin22490_MPP-0.2500+35
50174,0,0,0,0,2,0,0,0,0,0,0,0,0,0,0,0,0,0,0,0,0,0,0,0,50174,0,0,0,0,2,0,0,0,0,0,0,0,0,0,0,0,0,0,0,0,0,0,0,0,50174,0,0,0,0,2,0,0,0,0,0,0,0,0,0,0,0,0,0,0,0,0,0,0,0,TCGA-OL-A5D7-DX1_xmin114443_ymin22490_MPP-0.2500+36
17471,28963,0,0,0,2536,1206,0,0,0,0,0,0,0,0,0,0,0,0,0,0,0,0,0,0,17702,28732,0,0,0,2586,1156,0,0,0,0,0,0,0,0,0,0,0,0,0,0,0,0,0,0,17673,28761,0,0,0,2575,1167,0,0,0,0,0,0,0,0,0,0,0,0,0,0,0,0,0,0,TCGA-OL-A5D7-DX1_xmin114443_ymin22490_MPP-0.2500+37
9133,0,0,0,0,7606,19529,0,0,0,30,13878,0,0,0,0,0,0,0,0,0,0,0,0,0,9133,0,0,0,0,7679,19456,0,0,0,333,13575,0,0,0,0,0,0,0,0,0,0,0,0,0,9133,0,0,0,0,7509,19626,0,0,0,330,13578,0,0,0,0,0,0,0,0,0,0,0,0,0,TCGA-OL-A5D7-DX1_xmin114443_ymin22490_MPP-0.2500+38
45821,0,0,0,0,4355,0,0,0,0,0,0,0,0,0,0,0,0,0,0,0,0,0,0,0,45821,0,0,0,0,4355,0,0,0,0,0,0,0,0,0,0,0,0,0,0,0,0,0,0,0,45821,0,0,0,0,4355,0,0,0,0,0,0,0,0,0,0,0,0,0,0,0,0,0,0,0,TCGA-OL-A5D7-DX1_xmin114443_ymin22490_MPP-0.2500+39
0,310,0,0,0,0,47824,0,0,0,0,27,0,0,0,0,230,0,0,0,0,0,0,0,1785,0,310,0,0,0,0,47824,0,0,0,0,27,0,0,0,0,230,0,0,0,0,0,0,0,1785,0,310,0,0,0,0,47824,0,0,0,0,27,0,0,0,0,230,0,0,0,0,0,0,0,1785,TCGA-OL-A5D7-DX1_xmin114443_ymin22490_MPP-0.2500+4
50176,0,0,0,0,0,0,0,0,0,0,0,0,0,0,0,0,0,0,0,0,0,0,0,0,50176,0,0,0,0,0,0,0,0,0,0,0,0,0,0,0,0,0,0,0,0,0,0,0,0,50176,0,0,0,0,0,0,0,0,0,0,0,0,0,0,0,0,0,0,0,0,0,0,0,0,TCGA-OL-A5D7-DX1_xmin114443_ymin22490_MPP-0.2500+40
38627,0,0,0,0,31,0,0,0,0,0,0,0,0,0,11518,0,0,0,0,0,0,0,0,0,38627,0,0,0,0,31,0,0,0,0,0,0,0,0,0,11518,0,0,0,0,0,0,0,0,0,38627,0,0,0,0,31,0,0,0,0,0,0,0,0,0,11518,0,0,0,0,0,0,0,0,0,TCGA-OL-A5D7-DX1_xmin114443_ymin22490_MPP-0.2500+41
0,0,0,699,0,0,0,0,0,0,0,0,0,0,0,1552,0,0,47925,0,0,0,0,0,0,0,0,0,699,0,0,0,0,0,0,0,0,0,0,0,2160,0,0,47317,0,0,0,0,0,0,0,0,0,699,0,0,0,0,0,0,0,0,0,0,0,1808,0,0,47669,0,0,0,0,0,0,TCGA-OL-A5D7-DX1_xmin114443_ymin22490_MPP-0.2500+42
0,0,0,0,0,0,0,0,0,0,0,0,0,0,0,0,0,0,50176,0,0,0,0,0,0,0,0,0,0,0,0,0,0,0,0,0,0,0,0,0,0,0,0,50176,0,0,0,0,0,0,0,0,0,0,0,0,0,0,0,0,0,0,0,0,0,0,0,0,50176,0,0,0,0,0,0,TCGA-OL-A5D7-DX1_xmin114443_ymin22490_MPP-0.2500+43
0,0,0,141,0,0,0,0,2806,0,0,0,0,0,0,736,0,0,46493,0,0,0,0,0,0,0,0,0,141,0,0,0,0,2806,0,0,0,0,0,0,800,0,0,46429,0,0,0,0,0,0,0,0,0,141,0,0,0,0,2806,0,0,0,0,0,0,800,0,0,46429,0,0,0,0,0,0,TCGA-OL-A5D7-DX1_xmin114443_ymin22490_MPP-0.2500+44
0,0,0,9170,0,0,0,0,7089,0,0,0,0,0,0,0,0,0,33917,0,0,0,0,0,0,0,0,0,9170,0,0,0,0,7089,0,0,0,0,0,0,0,0,0,33917,0,0,0,0,0,0,0,0,0,9170,0,0,0,0,7089,0,0,0,0,0,0,0,0,0,33917,0,0,0,0,0,0,TCGA-OL-A5D7-DX1_xmin114443_ymin22490_MPP-0.2500+45
37876,0,0,0,0,5281,0,0,0,0,0,0,0,0,0,7019,0,0,0,0,0,0,0,0,0,37876,0,0,0,0,5281,0,0,0,0,0,0,0,0,0,7019,0,0,0,0,0,0,0,0,0,37876,0,0,0,0,5281,0,0,0,0,0,0,0,0,0,7019,0,0,0,0,0,0,0,0,0,TCGA-OL-A5D7-DX1_xmin114443_ymin22490_MPP-0.2500+46
50176,0,0,0,0,0,0,0,0,0,0,0,0,0,0,0,0,0,0,0,0,0,0,0,0,50176,0,0,0,0,0,0,0,0,0,0,0,0,0,0,0,0,0,0,0,0,0,0,0,0,50176,0,0,0,0,0,0,0,0,0,0,0,0,0,0,0,0,0,0,0,0,0,0,0,0,TCGA-OL-A5D7-DX1_xmin114443_ymin22490_MPP-0.2500+47
50176,0,0,0,0,0,0,0,0,0,0,0,0,0,0,0,0,0,0,0,0,0,0,0,0,50176,0,0,0,0,0,0,0,0,0,0,0,0,0,0,0,0,0,0,0,0,0,0,0,0,50176,0,0,0,0,0,0,0,0,0,0,0,0,0,0,0,0,0,0,0,0,0,0,0,0,TCGA-OL-A5D7-DX1_xmin114443_ymin22490_MPP-0.2500+48
50176,0,0,0,0,0,0,0,0,0,0,0,0,0,0,0,0,0,0,0,0,0,0,0,0,50176,0,0,0,0,0,0,0,0,0,0,0,0,0,0,0,0,0,0,0,0,0,0,0,0,50176,0,0,0,0,0,0,0,0,0,0,0,0,0,0,0,0,0,0,0,0,0,0,0,0,TCGA-OL-A5D7-DX1_xmin114443_ymin22490_MPP-0.2500+49
0,0,0,0,0,10412,21407,0,0,0,0,0,0,0,0,12372,5972,0,0,0,0,0,0,0,13,0,0,0,0,0,10181,21638,0,0,0,0,0,0,0,0,12429,5915,0,0,0,0,0,0,0,13,0,0,0,0,0,9925,21894,0,0,0,0,0,0,0,0,12303,6041,0,0,0,0,0,0,0,13,TCGA-OL-A5D7-DX1_xmin114443_ymin22490_MPP-0.2500+5
50176,0,0,0,0,0,0,0,0,0,0,0,0,0,0,0,0,0,0,0,0,0,0,0,0,50176,0,0,0,0,0,0,0,0,0,0,0,0,0,0,0,0,0,0,0,0,0,0,0,0,50176,0,0,0,0,0,0,0,0,0,0,0,0,0,0,0,0,0,0,0,0,0,0,0,0,TCGA-OL-A5D7-DX1_xmin114443_ymin22490_MPP-0.2500+50
0,41818,8358,0,0,0,0,0,0,0,0,0,0,0,0,0,0,0,0,0,0,0,0,0,0,0,41536,8640,0,0,0,0,0,0,0,0,0,0,0,0,0,0,0,0,0,0,0,0,0,0,0,40189,9987,0,0,0,0,0,0,0,0,0,0,0,0,0,0,0,0,0,0,0,0,0,0,TCGA-OL-A5D7-DX1_xmin114443_ymin22490_MPP-0.2500+51
0,0,0,0,0,0,21360,2900,0,0,0,19559,6357,0,0,0,0,0,0,0,0,0,0,0,0,0,0,0,0,0,0,21233,3027,0,0,0,19773,6143,0,0,0,0,0,0,0,0,0,0,0,0,0,0,0,0,0,0,21248,3012,0,0,0,19766,6150,0,0,0,0,0,0,0,0,0,0,0,0,TCGA-OL-A5D7-DX1_xmin114443_ymin22490_MPP-0.2500+52
0,0,0,0,0,0,4376,0,0,0,864,44936,0,0,0,0,0,0,0,0,0,0,0,0,0,0,0,0,0,0,0,4376,0,0,0,976,44824,0,0,0,0,0,0,0,0,0,0,0,0,0,0,0,0,0,0,0,4376,0,0,0,912,44888,0,0,0,0,0,0,0,0,0,0,0,0,0,TCGA-OL-A5D7-DX1_xmin114443_ymin22490_MPP-0.2500+53
27195,0,0,0,0,6969,0,0,0,0,16012,0,0,0,0,0,0,0,0,0,0,0,0,0,0,27195,0,0,0,0,6969,0,0,0,0,16012,0,0,0,0,0,0,0,0,0,0,0,0,0,0,27195,0,0,0,0,6969,0,0,0,0,16012,0,0,0,0,0,0,0,0,0,0,0,0,0,0,TCGA-OL-A5D7-DX1_xmin114443_ymin22490_MPP-0.2500+54
45797,0,0,0,0,4112,0,0,0,0,267,0,0,0,0,0,0,0,0,0,0,0,0,0,0,45797,0,0,0,0,4112,0,0,0,0,267,0,0,0,0,0,0,0,0,0,0,0,0,0,0,45797,0,0,0,0,4112,0,0,0,0,267,0,0,0,0,0,0,0,0,0,0,0,0,0,0,TCGA-OL-A5D7-DX1_xmin114443_ymin22490_MPP-0.2500+55
10020,0,0,579,0,4164,0,0,713,0,0,0,0,0,0,23004,0,0,11696,0,0,0,0,0,0,10040,0,0,559,0,4172,0,0,705,0,0,0,0,0,0,22637,0,0,12063,0,0,0,0,0,0,10029,0,0,570,0,4131,0,0,746,0,0,0,0,0,0,21785,0,0,12915,0,0,0,0,0,0,TCGA-OL-A5D7-DX1_xmin114443_ymin22490_MPP-0.2500+56
0,0,0,10,0,0,0,0,26,0,0,0,0,0,0,128,0,0,50012,0,0,0,0,0,0,0,0,0,10,0,0,0,0,26,0,0,0,0,0,0,288,0,0,49852,0,0,0,0,0,0,0,0,0,10,0,0,0,0,26,0,0,0,0,0,0,288,0,0,49852,0,0,0,0,0,0,TCGA-OL-A5D7-DX1_xmin114443_ymin22490_MPP-0.2500+57
11746,0,0,1112,0,446,0,0,665,0,0,0,0,0,0,835,0,0,35372,0,0,0,0,0,0,11608,0,0,1250,0,531,0,0,580,0,0,0,0,0,0,1535,0,0,34672,0,0,0,0,0,0,11474,0,0,1384,0,537,0,0,574,0,0,0,0,0,0,1642,0,0,34565,0,0,0,0,0,0,TCGA-OL-A5D7-DX1_xmin114443_ymin22490_MPP-0.2500+58
29870,0,0,8953,0,475,0,0,3853,0,0,0,0,0,0,0,0,0,7025,0,0,0,0,0,0,29841,0,0,8982,0,481,0,0,3847,0,0,0,0,0,0,0,0,0,7025,0,0,0,0,0,0,29678,0,0,9145,0,503,0,0,3825,0,0,0,0,0,0,0,0,0,7025,0,0,0,0,0,0,TCGA-OL-A5D7-DX1_xmin114443_ymin22490_MPP-0.2500+59
44238,0,0,0,0,5816,0,0,0,0,0,0,0,0,0,122,0,0,0,0,0,0,0,0,0,44238,0,0,0,0,5816,0,0,0,0,0,0,0,0,0,122,0,0,0,0,0,0,0,0,0,44238,0,0,0,0,5816,0,0,0,0,0,0,0,0,0,122,0,0,0,0,0,0,0,0,0,TCGA-OL-A5D7-DX1_xmin114443_ymin22490_MPP-0.2500+6
50176,0,0,0,0,0,0,0,0,0,0,0,0,0,0,0,0,0,0,0,0,0,0,0,0,50176,0,0,0,0,0,0,0,0,0,0,0,0,0,0,0,0,0,0,0,0,0,0,0,0,50176,0,0,0,0,0,0,0,0,0,0,0,0,0,0,0,0,0,0,0,0,0,0,0,0,TCGA-OL-A5D7-DX1_xmin114443_ymin22490_MPP-0.2500+60
50176,0,0,0,0,0,0,0,0,0,0,0,0,0,0,0,0,0,0,0,0,0,0,0,0,50176,0,0,0,0,0,0,0,0,0,0,0,0,0,0,0,0,0,0,0,0,0,0,0,0,50176,0,0,0,0,0,0,0,0,0,0,0,0,0,0,0,0,0,0,0,0,0,0,0,0,TCGA-OL-A5D7-DX1_xmin114443_ymin22490_MPP-0.2500+61
50176,0,0,0,0,0,0,0,0,0,0,0,0,0,0,0,0,0,0,0,0,0,0,0,0,50176,0,0,0,0,0,0,0,0,0,0,0,0,0,0,0,0,0,0,0,0,0,0,0,0,50176,0,0,0,0,0,0,0,0,0,0,0,0,0,0,0,0,0,0,0,0,0,0,0,0,TCGA-OL-A5D7-DX1_xmin114443_ymin22490_MPP-0.2500+62
50176,0,0,0,0,0,0,0,0,0,0,0,0,0,0,0,0,0,0,0,0,0,0,0,0,50176,0,0,0,0,0,0,0,0,0,0,0,0,0,0,0,0,0,0,0,0,0,0,0,0,50176,0,0,0,0,0,0,0,0,0,0,0,0,0,0,0,0,0,0,0,0,0,0,0,0,TCGA-OL-A5D7-DX1_xmin114443_ymin22490_MPP-0.2500+63
50176,0,0,0,0,0,0,0,0,0,0,0,0,0,0,0,0,0,0,0,0,0,0,0,0,50176,0,0,0,0,0,0,0,0,0,0,0,0,0,0,0,0,0,0,0,0,0,0,0,0,50176,0,0,0,0,0,0,0,0,0,0,0,0,0,0,0,0,0,0,0,0,0,0,0,0,TCGA-OL-A5D7-DX1_xmin114443_ymin22490_MPP-0.2500+64
50176,0,0,0,0,0,0,0,0,0,0,0,0,0,0,0,0,0,0,0,0,0,0,0,0,50176,0,0,0,0,0,0,0,0,0,0,0,0,0,0,0,0,0,0,0,0,0,0,0,0,50176,0,0,0,0,0,0,0,0,0,0,0,0,0,0,0,0,0,0,0,0,0,0,0,0,TCGA-OL-A5D7-DX1_xmin114443_ymin22490_MPP-0.2500+65
50176,0,0,0,0,0,0,0,0,0,0,0,0,0,0,0,0,0,0,0,0,0,0,0,0,50176,0,0,0,0,0,0,0,0,0,0,0,0,0,0,0,0,0,0,0,0,0,0,0,0,50176,0,0,0,0,0,0,0,0,0,0,0,0,0,0,0,0,0,0,0,0,0,0,0,0,TCGA-OL-A5D7-DX1_xmin114443_ymin22490_MPP-0.2500+66
45432,4744,0,0,0,0,0,0,0,0,0,0,0,0,0,0,0,0,0,0,0,0,0,0,0,45471,4705,0,0,0,0,0,0,0,0,0,0,0,0,0,0,0,0,0,0,0,0,0,0,0,44761,5415,0,0,0,0,0,0,0,0,0,0,0,0,0,0,0,0,0,0,0,0,0,0,0,TCGA-OL-A5D7-DX1_xmin114443_ymin22490_MPP-0.2500+67
0,17695,0,0,0,0,5893,0,0,0,0,26588,0,0,0,0,0,0,0,0,0,0,0,0,0,0,17695,0,0,0,0,5893,0,0,0,0,26588,0,0,0,0,0,0,0,0,0,0,0,0,0,0,17695,0,0,0,0,5893,0,0,0,0,26588,0,0,0,0,0,0,0,0,0,0,0,0,0,TCGA-OL-A5D7-DX1_xmin114443_ymin22490_MPP-0.2500+68
0,0,0,0,0,0,12659,0,0,0,0,37517,0,0,0,0,0,0,0,0,0,0,0,0,0,0,0,0,0,0,0,12659,0,0,0,128,37389,0,0,0,0,0,0,0,0,0,0,0,0,0,0,0,0,0,0,0,12659,0,0,0,128,37389,0,0,0,0,0,0,0,0,0,0,0,0,0,TCGA-OL-A5D7-DX1_xmin114443_ymin22490_MPP-0.2500+69
42422,6885,0,0,0,0,869,0,0,0,0,0,0,0,0,0,0,0,0,0,0,0,0,0,0,42557,6750,0,0,0,0,869,0,0,0,0,0,0,0,0,0,0,0,0,0,0,0,0,0,0,42941,6366,0,0,0,0,869,0,0,0,0,0,0,0,0,0,0,0,0,0,0,0,0,0,0,TCGA-OL-A5D7-DX1_xmin114443_ymin22490_MPP-0.2500+7
0,0,0,0,0,142,0,2487,0,0,770,0,46777,0,0,0,0,0,0,0,0,0,0,0,0,0,0,0,0,0,142,0,2487,0,0,1186,0,46361,0,0,0,0,0,0,0,0,0,0,0,0,0,0,0,0,0,142,0,2487,0,0,962,0,46585,0,0,0,0,0,0,0,0,0,0,0,0,TCGA-OL-A5D7-DX1_xmin114443_ymin22490_MPP-0.2500+70
5467,0,0,0,0,0,0,0,0,0,44709,0,0,0,0,0,0,0,0,0,0,0,0,0,0,5467,0,0,0,0,0,0,0,0,0,44709,0,0,0,0,0,0,0,0,0,0,0,0,0,0,5467,0,0,0,0,0,0,0,0,0,44709,0,0,0,0,0,0,0,0,0,0,0,0,0,0,TCGA-OL-A5D7-DX1_xmin114443_ymin22490_MPP-0.2500+71
0,0,0,0,0,0,0,0,0,0,1696,0,48480,0,0,0,0,0,0,0,0,0,0,0,0,0,0,0,0,0,0,0,0,0,0,1664,0,48512,0,0,0,0,0,0,0,0,0,0,0,0,0,0,0,0,0,0,0,0,0,0,1664,0,48512,0,0,0,0,0,0,0,0,0,0,0,0,TCGA-OL-A5D7-DX1_xmin114443_ymin22490_MPP-0.2500+72
8967,0,0,0,0,7290,0,0,0,0,33919,0,0,0,0,0,0,0,0,0,0,0,0,0,0,8967,0,0,0,0,7290,0,0,0,0,33919,0,0,0,0,0,0,0,0,0,0,0,0,0,0,8967,0,0,0,0,7290,0,0,0,0,33919,0,0,0,0,0,0,0,0,0,0,0,0,0,0,TCGA-OL-A5D7-DX1_xmin114443_ymin22490_MPP-0.2500+73
6264,0,0,0,0,4629,0,0,0,0,19383,0,0,0,0,19900,0,0,0,0,0,0,0,0,0,6264,0,0,0,0,4629,0,0,0,0,19383,0,0,0,0,19900,0,0,0,0,0,0,0,0,0,6264,0,0,0,0,4629,0,0,0,0,19383,0,0,0,0,19900,0,0,0,0,0,0,0,0,0,TCGA-OL-A5D7-DX1_xmin114443_ymin22490_MPP-0.2500+74
15825,0,0,0,0,5906,0,0,0,0,11351,0,0,0,0,17094,0,0,0,0,0,0,0,0,0,15825,0,0,0,0,5906,0,0,0,0,11351,0,0,0,0,17094,0,0,0,0,0,0,0,0,0,15825,0,0,0,0,5906,0,0,0,0,11351,0,0,0,0,17094,0,0,0,0,0,0,0,0,0,TCGA-OL-A5D7-DX1_xmin114443_ymin22490_MPP-0.2500+75
50176,0,0,0,0,0,0,0,0,0,0,0,0,0,0,0,0,0,0,0,0,0,0,0,0,50176,0,0,0,0,0,0,0,0,0,0,0,0,0,0,0,0,0,0,0,0,0,0,0,0,50176,0,0,0,0,0,0,0,0,0,0,0,0,0,0,0,0,0,0,0,0,0,0,0,0,TCGA-OL-A5D7-DX1_xmin114443_ymin22490_MPP-0.2500+76
50176,0,0,0,0,0,0,0,0,0,0,0,0,0,0,0,0,0,0,0,0,0,0,0,0,50176,0,0,0,0,0,0,0,0,0,0,0,0,0,0,0,0,0,0,0,0,0,0,0,0,50176,0,0,0,0,0,0,0,0,0,0,0,0,0,0,0,0,0,0,0,0,0,0,0,0,TCGA-OL-A5D7-DX1_xmin114443_ymin22490_MPP-0.2500+77
50176,0,0,0,0,0,0,0,0,0,0,0,0,0,0,0,0,0,0,0,0,0,0,0,0,50176,0,0,0,0,0,0,0,0,0,0,0,0,0,0,0,0,0,0,0,0,0,0,0,0,50176,0,0,0,0,0,0,0,0,0,0,0,0,0,0,0,0,0,0,0,0,0,0,0,0,TCGA-OL-A5D7-DX1_xmin114443_ymin22490_MPP-0.2500+78
50176,0,0,0,0,0,0,0,0,0,0,0,0,0,0,0,0,0,0,0,0,0,0,0,0,50176,0,0,0,0,0,0,0,0,0,0,0,0,0,0,0,0,0,0,0,0,0,0,0,0,50176,0,0,0,0,0,0,0,0,0,0,0,0,0,0,0,0,0,0,0,0,0,0,0,0,TCGA-OL-A5D7-DX1_xmin114443_ymin22490_MPP-0.2500+79
0,43839,0,0,0,0,6337,0,0,0,0,0,0,0,0,0,0,0,0,0,0,0,0,0,0,0,43839,0,0,0,0,6337,0,0,0,0,0,0,0,0,0,0,0,0,0,0,0,0,0,0,0,43839,0,0,0,0,6337,0,0,0,0,0,0,0,0,0,0,0,0,0,0,0,0,0,0,TCGA-OL-A5D7-DX1_xmin114443_ymin22490_MPP-0.2500+8
50107,0,0,0,0,69,0,0,0,0,0,0,0,0,0,0,0,0,0,0,0,0,0,0,0,50107,0,0,0,0,69,0,0,0,0,0,0,0,0,0,0,0,0,0,0,0,0,0,0,0,50107,0,0,0,0,69,0,0,0,0,0,0,0,0,0,0,0,0,0,0,0,0,0,0,0,TCGA-OL-A5D7-DX1_xmin114443_ymin22490_MPP-0.2500+80
49933,0,0,0,0,243,0,0,0,0,0,0,0,0,0,0,0,0,0,0,0,0,0,0,0,49933,0,0,0,0,243,0,0,0,0,0,0,0,0,0,0,0,0,0,0,0,0,0,0,0,49933,0,0,0,0,243,0,0,0,0,0,0,0,0,0,0,0,0,0,0,0,0,0,0,0,TCGA-OL-A5D7-DX1_xmin114443_ymin22490_MPP-0.2500+81
50176,0,0,0,0,0,0,0,0,0,0,0,0,0,0,0,0,0,0,0,0,0,0,0,0,50176,0,0,0,0,0,0,0,0,0,0,0,0,0,0,0,0,0,0,0,0,0,0,0,0,50176,0,0,0,0,0,0,0,0,0,0,0,0,0,0,0,0,0,0,0,0,0,0,0,0,TCGA-OL-A5D7-DX1_xmin114443_ymin22490_MPP-0.2500+82
50176,0,0,0,0,0,0,0,0,0,0,0,0,0,0,0,0,0,0,0,0,0,0,0,0,50176,0,0,0,0,0,0,0,0,0,0,0,0,0,0,0,0,0,0,0,0,0,0,0,0,50176,0,0,0,0,0,0,0,0,0,0,0,0,0,0,0,0,0,0,0,0,0,0,0,0,TCGA-OL-A5D7-DX1_xmin114443_ymin22490_MPP-0.2500+83
50176,0,0,0,0,0,0,0,0,0,0,0,0,0,0,0,0,0,0,0,0,0,0,0,0,50176,0,0,0,0,0,0,0,0,0,0,0,0,0,0,0,0,0,0,0,0,0,0,0,0,50176,0,0,0,0,0,0,0,0,0,0,0,0,0,0,0,0,0,0,0,0,0,0,0,0,TCGA-OL-A5D7-DX1_xmin114443_ymin22490_MPP-0.2500+84
50176,0,0,0,0,0,0,0,0,0,0,0,0,0,0,0,0,0,0,0,0,0,0,0,0,50176,0,0,0,0,0,0,0,0,0,0,0,0,0,0,0,0,0,0,0,0,0,0,0,0,50176,0,0,0,0,0,0,0,0,0,0,0,0,0,0,0,0,0,0,0,0,0,0,0,0,TCGA-OL-A5D7-DX1_xmin114443_ymin22490_MPP-0.2500+85
50176,0,0,0,0,0,0,0,0,0,0,0,0,0,0,0,0,0,0,0,0,0,0,0,0,50176,0,0,0,0,0,0,0,0,0,0,0,0,0,0,0,0,0,0,0,0,0,0,0,0,50176,0,0,0,0,0,0,0,0,0,0,0,0,0,0,0,0,0,0,0,0,0,0,0,0,TCGA-OL-A5D7-DX1_xmin114443_ymin22490_MPP-0.2500+86
36282,0,0,0,0,8396,0,0,0,0,5498,0,0,0,0,0,0,0,0,0,0,0,0,0,0,36282,0,0,0,0,8396,0,0,0,0,5498,0,0,0,0,0,0,0,0,0,0,0,0,0,0,36282,0,0,0,0,8396,0,0,0,0,5498,0,0,0,0,0,0,0,0,0,0,0,0,0,0,TCGA-OL-A5D7-DX1_xmin114443_ymin22490_MPP-0.2500+87
0,350,0,0,0,0,47543,0,0,0,0,2283,0,0,0,0,0,0,0,0,0,0,0,0,0,0,350,0,0,0,0,47543,0,0,0,0,2283,0,0,0,0,0,0,0,0,0,0,0,0,0,0,350,0,0,0,0,47543,0,0,0,0,2283,0,0,0,0,0,0,0,0,0,0,0,0,0,TCGA-OL-A5D7-DX1_xmin114443_ymin22490_MPP-0.2500+88
0,0,0,0,0,1,45693,0,0,0,0,4482,0,0,0,0,0,0,0,0,0,0,0,0,0,0,0,0,0,0,1,45693,0,0,0,0,4482,0,0,0,0,0,0,0,0,0,0,0,0,0,0,0,0,0,0,1,45693,0,0,0,0,4482,0,0,0,0,0,0,0,0,0,0,0,0,0,TCGA-OL-A5D7-DX1_xmin114443_ymin22490_MPP-0.2500+89
50176,0,0,0,0,0,0,0,0,0,0,0,0,0,0,0,0,0,0,0,0,0,0,0,0,50176,0,0,0,0,0,0,0,0,0,0,0,0,0,0,0,0,0,0,0,0,0,0,0,0,50176,0,0,0,0,0,0,0,0,0,0,0,0,0,0,0,0,0,0,0,0,0,0,0,0,TCGA-OL-A5D7-DX1_xmin114443_ymin22490_MPP-0.2500+9
1464,0,0,0,0,654,20223,0,0,0,16604,11231,0,0,0,0,0,0,0,0,0,0,0,0,0,1464,0,0,0,0,625,20252,0,0,0,16522,11313,0,0,0,0,0,0,0,0,0,0,0,0,0,1464,0,0,0,0,704,20173,0,0,0,16329,11506,0,0,0,0,0,0,0,0,0,0,0,0,0,TCGA-OL-A5D7-DX1_xmin114443_ymin22490_MPP-0.2500+90
0,0,0,0,0,0,3139,0,0,0,3472,43565,0,0,0,0,0,0,0,0,0,0,0,0,0,0,0,0,0,0,0,3139,0,0,0,2992,44045,0,0,0,0,0,0,0,0,0,0,0,0,0,0,0,0,0,0,0,3139,0,0,0,2608,44429,0,0,0,0,0,0,0,0,0,0,0,0,0,TCGA-OL-A5D7-DX1_xmin114443_ymin22490_MPP-0.2500+91
0,0,0,0,0,0,6509,0,0,0,1600,42067,0,0,0,0,0,0,0,0,0,0,0,0,0,0,0,0,0,0,0,6509,0,0,0,1664,42003,0,0,0,0,0,0,0,0,0,0,0,0,0,0,0,0,0,0,0,6509,0,0,0,1472,42195,0,0,0,0,0,0,0,0,0,0,0,0,0,TCGA-OL-A5D7-DX1_xmin114443_ymin22490_MPP-0.2500+92
0,0,0,0,0,0,2020,0,0,0,0,32104,16052,0,0,0,0,0,0,0,0,0,0,0,0,0,0,0,0,0,0,2020,0,0,0,192,31975,15989,0,0,0,0,0,0,0,0,0,0,0,0,0,0,0,0,0,0,2020,0,0,0,192,31669,16295,0,0,0,0,0,0,0,0,0,0,0,0,TCGA-OL-A5D7-DX1_xmin114443_ymin22490_MPP-0.2500+93
29824,0,0,0,0,2173,0,0,0,0,18179,0,0,0,0,0,0,0,0,0,0,0,0,0,0,29824,0,0,0,0,2173,0,0,0,0,18179,0,0,0,0,0,0,0,0,0,0,0,0,0,0,29824,0,0,0,0,2173,0,0,0,0,18179,0,0,0,0,0,0,0,0,0,0,0,0,0,0,TCGA-OL-A5D7-DX1_xmin114443_ymin22490_MPP-0.2500+94
50176,0,0,0,0,0,0,0,0,0,0,0,0,0,0,0,0,0,0,0,0,0,0,0,0,50176,0,0,0,0,0,0,0,0,0,0,0,0,0,0,0,0,0,0,0,0,0,0,0,0,50176,0,0,0,0,0,0,0,0,0,0,0,0,0,0,0,0,0,0,0,0,0,0,0,0,TCGA-OL-A5D7-DX1_xmin114443_ymin22490_MPP-0.2500+95
50054,0,0,0,0,122,0,0,0,0,0,0,0,0,0,0,0,0,0,0,0,0,0,0,0,50054,0,0,0,0,122,0,0,0,0,0,0,0,0,0,0,0,0,0,0,0,0,0,0,0,50054,0,0,0,0,122,0,0,0,0,0,0,0,0,0,0,0,0,0,0,0,0,0,0,0,TCGA-OL-A5D7-DX1_xmin114443_ymin22490_MPP-0.2500+96
34937,4772,0,0,0,0,10467,0,0,0,0,0,0,0,0,0,0,0,0,0,0,0,0,0,0,35158,4551,0,0,0,0,10467,0,0,0,0,0,0,0,0,0,0,0,0,0,0,0,0,0,0,35227,4482,0,0,0,0,10467,0,0,0,0,0,0,0,0,0,0,0,0,0,0,0,0,0,0,TCGA-OL-A5D7-DX1_xmin114443_ymin22490_MPP-0.2500+97
40879,2002,0,0,0,1393,5902,0,0,0,0,0,0,0,0,0,0,0,0,0,0,0,0,0,0,40891,1990,0,0,0,1509,5786,0,0,0,0,0,0,0,0,0,0,0,0,0,0,0,0,0,0,40823,2058,0,0,0,1498,5797,0,0,0,0,0,0,0,0,0,0,0,0,0,0,0,0,0,0,TCGA-OL-A5D7-DX1_xmin114443_ymin22490_MPP-0.2500+98
36914,9083,0,0,0,244,3935,0,0,0,0,0,0,0,0,0,0,0,0,0,0,0,0,0,0,36635,9362,0,0,0,240,3939,0,0,0,0,0,0,0,0,0,0,0,0,0,0,0,0,0,0,36081,9916,0,0,0,235,3944,0,0,0,0,0,0,0,0,0,0,0,0,0,0,0,0,0,0,TCGA-OL-A5D7-DX1_xmin114443_ymin22490_MPP-0.2500+99
0,0,0,0,0,5424,0,0,6952,0,0,0,0,0,0,0,0,0,37800,0,0,0,0,0,0,0,0,0,0,0,5680,0,0,6696,0,0,0,0,0,0,0,0,0,37800,0,0,0,0,0,0,0,0,0,0,0,5680,0,0,6696,0,0,0,0,0,0,0,0,0,37800,0,0,0,0,0,0,TCGA-OL-A5RW-DX1_xmin5772_ymin6839_MPP-0.2500+0
0,0,0,0,0,0,28283,0,307,0,0,0,0,0,0,0,4230,0,17356,0,0,0,0,0,0,0,0,0,0,0,0,28351,0,239,0,0,0,0,0,0,0,4189,0,17397,0,0,0,0,0,0,0,0,0,0,0,0,28322,0,268,0,0,0,0,0,0,0,4079,0,17507,0,0,0,0,0,0,TCGA-OL-A5RW-DX1_xmin5772_ymin6839_MPP-0.2500+1
17265,5581,0,0,0,3967,23363,0,0,0,0,0,0,0,0,0,0,0,0,0,0,0,0,0,0,17136,5710,0,0,0,3410,23920,0,0,0,0,0,0,0,0,0,0,0,0,0,0,0,0,0,0,17132,5714,0,0,0,3154,24176,0,0,0,0,0,0,0,0,0,0,0,0,0,0,0,0,0,0,TCGA-OL-A5RW-DX1_xmin5772_ymin6839_MPP-0.2500+10
11122,13199,0,0,0,2432,23423,0,0,0,0,0,0,0,0,0,0,0,0,0,0,0,0,0,0,10964,13357,0,0,0,2423,23432,0,0,0,0,0,0,0,0,0,0,0,0,0,0,0,0,0,0,9789,14532,0,0,0,2269,23586,0,0,0,0,0,0,0,0,0,0,0,0,0,0,0,0,0,0,TCGA-OL-A5RW-DX1_xmin5772_ymin6839_MPP-0.2500+11
0,0,0,0,0,720,0,0,2624,0,0,0,0,0,0,0,0,0,46832,0,0,0,0,0,0,0,0,0,0,0,784,0,0,2560,0,0,0,0,0,0,0,0,0,46832,0,0,0,0,0,0,0,0,0,0,0,720,0,0,2624,0,0,0,0,0,0,0,0,0,46832,0,0,0,0,0,0,TCGA-OL-A5RW-DX1_xmin5772_ymin6839_MPP-0.2500+2
0,0,0,167,0,2949,0,0,9644,0,0,0,0,0,0,731,0,0,36685,0,0,0,0,0,0,0,0,0,167,0,2718,0,0,9875,0,0,0,0,0,0,450,0,0,36966,0,0,0,0,0,0,0,0,0,167,0,2702,0,0,9891,0,0,0,0,0,0,402,0,0,37014,0,0,0,0,0,0,TCGA-OL-A5RW-DX1_xmin5772_ymin6839_MPP-0.2500+3
3636,371,0,839,0,531,31769,0,1892,0,0,0,0,0,0,62,3731,0,7345,0,0,0,0,0,0,3650,379,0,817,0,492,31996,0,1704,0,0,0,0,0,0,42,3757,0,7339,0,0,0,0,0,0,3673,305,0,868,0,490,31989,0,1713,0,0,0,0,0,0,62,3663,0,7413,0,0,0,0,0,0,TCGA-OL-A5RW-DX1_xmin5772_ymin6839_MPP-0.2500+4
0,0,0,0,0,0,0,0,3369,0,0,0,0,0,0,0,0,0,46807,0,0,0,0,0,0,0,0,0,0,0,0,0,0,3369,0,0,0,0,0,0,0,0,0,46807,0,0,0,0,0,0,0,0,0,0,0,0,0,0,3369,0,0,0,0,0,0,0,0,0,46807,0,0,0,0,0,0,TCGA-OL-A5RW-DX1_xmin5772_ymin6839_MPP-0.2500+5
12579,6642,0,0,0,3485,26143,0,0,0,0,0,0,0,0,1301,26,0,0,0,0,0,0,0,0,12611,6610,0,0,0,3396,26232,0,0,0,0,0,0,0,0,1295,32,0,0,0,0,0,0,0,0,12879,6342,0,0,0,3500,26128,0,0,0,0,0,0,0,0,1293,34,0,0,0,0,0,0,0,0,TCGA-OL-A5RW-DX1_xmin5772_ymin6839_MPP-0.2500+6
18927,4525,0,0,0,1142,25520,0,0,0,0,0,0,0,0,32,30,0,0,0,0,0,0,0,0,19069,4383,0,0,0,1232,25430,0,0,0,0,0,0,0,0,32,30,0,0,0,0,0,0,0,0,19331,4121,0,0,0,1340,25322,0,0,0,0,0,0,0,0,32,30,0,0,0,0,0,0,0,0,TCGA-OL-A5RW-DX1_xmin5772_ymin6839_MPP-0.2500+7
17952,4402,0,0,0,11258,14072,0,0,0,0,0,0,0,0,1889,603,0,0,0,0,0,0,0,0,17811,4543,0,0,0,10451,14879,0,0,0,0,0,0,0,0,1762,730,0,0,0,0,0,0,0,0,18190,4164,0,0,0,10399,14931,0,0,0,0,0,0,0,0,1783,709,0,0,0,0,0,0,0,0,TCGA-OL-A5RW-DX1_xmin5772_ymin6839_MPP-0.2500+8
16867,3116,0,0,0,1576,28617,0,0,0,0,0,0,0,0,0,0,0,0,0,0,0,0,0,0,16728,3255,0,0,0,1222,28971,0,0,0,0,0,0,0,0,0,0,0,0,0,0,0,0,0,0,16989,2994,0,0,0,1389,28804,0,0,0,0,0,0,0,0,0,0,0,0,0,0,0,0,0,0,TCGA-OL-A5RW-DX1_xmin5772_ymin6839_MPP-0.2500+9
0,0,0,0,0,0,48294,0,0,0,0,1882,0,0,0,0,0,0,0,0,0,0,0,0,0,0,0,0,0,0,0,48294,0,0,0,0,1882,0,0,0,0,0,0,0,0,0,0,0,0,0,0,0,0,0,0,0,48294,0,0,0,0,1882,0,0,0,0,0,0,0,0,0,0,0,0,0,TCGA-OL-A66I-DX1_xmin38433_ymin22957_MPP-0.2500+0
0,0,0,0,0,0,47120,0,0,0,0,3056,0,0,0,0,0,0,0,0,0,0,0,0,0,0,0,0,0,0,0,47120,0,0,0,0,3056,0,0,0,0,0,0,0,0,0,0,0,0,0,0,0,0,0,0,0,47120,0,0,0,0,3056,0,0,0,0,0,0,0,0,0,0,0,0,0,TCGA-OL-A66I-DX1_xmin38433_ymin22957_MPP-0.2500+1
0,0,0,0,0,0,50176,0,0,0,0,0,0,0,0,0,0,0,0,0,0,0,0,0,0,0,0,0,0,0,0,50176,0,0,0,0,0,0,0,0,0,0,0,0,0,0,0,0,0,0,0,0,0,0,0,0,50176,0,0,0,0,0,0,0,0,0,0,0,0,0,0,0,0,0,0,TCGA-OL-A66I-DX1_xmin38433_ymin22957_MPP-0.2500+10
0,0,0,0,0,0,50176,0,0,0,0,0,0,0,0,0,0,0,0,0,0,0,0,0,0,0,0,0,0,0,0,50176,0,0,0,0,0,0,0,0,0,0,0,0,0,0,0,0,0,0,0,0,0,0,0,0,50176,0,0,0,0,0,0,0,0,0,0,0,0,0,0,0,0,0,0,TCGA-OL-A66I-DX1_xmin38433_ymin22957_MPP-0.2500+11
0,0,0,0,0,0,42843,3213,0,0,0,3207,913,0,0,0,0,0,0,0,0,0,0,0,0,0,0,0,0,0,0,43131,2925,0,0,0,3075,1045,0,0,0,0,0,0,0,0,0,0,0,0,0,0,0,0,0,0,43027,3029,0,0,0,3037,1083,0,0,0,0,0,0,0,0,0,0,0,0,TCGA-OL-A66I-DX1_xmin38433_ymin22957_MPP-0.2500+12
0,0,0,0,0,0,18743,80,0,0,0,20405,10948,0,0,0,0,0,0,0,0,0,0,0,0,0,0,0,0,0,0,18749,74,0,0,0,20995,10358,0,0,0,0,0,0,0,0,0,0,0,0,0,0,0,0,0,0,18740,83,0,0,0,20697,10656,0,0,0,0,0,0,0,0,0,0,0,0,TCGA-OL-A66I-DX1_xmin38433_ymin22957_MPP-0.2500+13
0,0,0,0,0,0,8898,1267,0,0,0,14459,25552,0,0,0,0,0,0,0,0,0,0,0,0,0,0,0,0,0,0,8918,1247,0,0,0,16032,23979,0,0,0,0,0,0,0,0,0,0,0,0,0,0,0,0,0,0,9094,1071,0,0,0,20483,19528,0,0,0,0,0,0,0,0,0,0,0,0,TCGA-OL-A66I-DX1_xmin38433_ymin22957_MPP-0.2500+14
0,0,0,0,0,0,34793,0,0,0,0,15383,0,0,0,0,0,0,0,0,0,0,0,0,0,0,0,0,0,0,0,34793,0,0,0,0,15383,0,0,0,0,0,0,0,0,0,0,0,0,0,0,0,0,0,0,0,34793,0,0,0,0,15383,0,0,0,0,0,0,0,0,0,0,0,0,0,TCGA-OL-A66I-DX1_xmin38433_ymin22957_MPP-0.2500+15
0,0,0,0,0,0,45831,0,0,0,0,4345,0,0,0,0,0,0,0,0,0,0,0,0,0,0,0,0,0,0,0,45831,0,0,0,0,4345,0,0,0,0,0,0,0,0,0,0,0,0,0,0,0,0,0,0,0,45831,0,0,0,0,4345,0,0,0,0,0,0,0,0,0,0,0,0,0,TCGA-OL-A66I-DX1_xmin38433_ymin22957_MPP-0.2500+16
0,0,0,0,0,0,43593,0,0,0,0,6583,0,0,0,0,0,0,0,0,0,0,0,0,0,0,0,0,0,0,0,43593,0,0,0,0,6583,0,0,0,0,0,0,0,0,0,0,0,0,0,0,0,0,0,0,0,43593,0,0,0,0,6583,0,0,0,0,0,0,0,0,0,0,0,0,0,TCGA-OL-A66I-DX1_xmin38433_ymin22957_MPP-0.2500+17
0,0,0,0,0,0,11286,448,0,0,0,23904,14538,0,0,0,0,0,0,0,0,0,0,0,0,0,0,0,0,0,0,11272,462,0,0,0,23833,14609,0,0,0,0,0,0,0,0,0,0,0,0,0,0,0,0,0,0,11238,496,0,0,0,23724,14718,0,0,0,0,0,0,0,0,0,0,0,0,TCGA-OL-A66I-DX1_xmin38433_ymin22957_MPP-0.2500+18
0,1674,0,0,0,0,14073,2631,0,0,0,3638,28160,0,0,0,0,0,0,0,0,0,0,0,0,0,1674,0,0,0,0,14026,2678,0,0,0,3502,28296,0,0,0,0,0,0,0,0,0,0,0,0,0,1674,0,0,0,0,14148,2556,0,0,0,4015,27783,0,0,0,0,0,0,0,0,0,0,0,0,TCGA-OL-A66I-DX1_xmin38433_ymin22957_MPP-0.2500+19
0,0,0,0,0,0,42627,0,0,0,0,7549,0,0,0,0,0,0,0,0,0,0,0,0,0,0,0,0,0,0,0,42627,0,0,0,0,7549,0,0,0,0,0,0,0,0,0,0,0,0,0,0,0,0,0,0,0,42627,0,0,0,0,7549,0,0,0,0,0,0,0,0,0,0,0,0,0,TCGA-OL-A66I-DX1_xmin38433_ymin22957_MPP-0.2500+2
0,2566,472,0,0,0,2673,2293,0,0,0,20006,22166,0,0,0,0,0,0,0,0,0,0,0,0,0,2818,220,0,0,0,2785,2181,0,0,0,20753,21419,0,0,0,0,0,0,0,0,0,0,0,0,0,2693,345,0,0,0,2739,2227,0,0,0,20219,21953,0,0,0,0,0,0,0,0,0,0,0,0,TCGA-OL-A66I-DX1_xmin38433_ymin22957_MPP-0.2500+20
4263,9009,0,0,0,3608,18007,0,0,0,2249,13040,0,0,0,0,0,0,0,0,0,0,0,0,0,4086,9186,0,0,0,3345,18270,0,0,0,2252,13037,0,0,0,0,0,0,0,0,0,0,0,0,0,3817,9455,0,0,0,3297,18318,0,0,0,2582,12707,0,0,0,0,0,0,0,0,0,0,0,0,0,TCGA-OL-A66I-DX1_xmin38433_ymin22957_MPP-0.2500+21
0,0,0,0,0,0,28471,3167,0,0,0,2345,16193,0,0,0,0,0,0,0,0,0,0,0,0,0,0,0,0,0,0,28883,2755,0,0,0,2536,16002,0,0,0,0,0,0,0,0,0,0,0,0,0,0,0,0,0,0,28921,2717,0,0,0,2622,15916,0,0,0,0,0,0,0,0,0,0,0,0,TCGA-OL-A66I-DX1_xmin38433_ymin22957_MPP-0.2500+22
0,718,0,0,0,0,45764,0,0,0,0,3694,0,0,0,0,0,0,0,0,0,0,0,0,0,0,718,0,0,0,0,45764,0,0,0,0,3694,0,0,0,0,0,0,0,0,0,0,0,0,0,0,718,0,0,0,0,45764,0,0,0,0,3694,0,0,0,0,0,0,0,0,0,0,0,0,0,TCGA-OL-A66I-DX1_xmin38433_ymin22957_MPP-0.2500+23
5682,827,0,0,0,9656,30349,0,0,0,1430,2232,0,0,0,0,0,0,0,0,0,0,0,0,0,5666,843,0,0,0,9449,30556,0,0,0,1203,2459,0,0,0,0,0,0,0,0,0,0,0,0,0,5680,829,0,0,0,9480,30525,0,0,0,1203,2459,0,0,0,0,0,0,0,0,0,0,0,0,0,TCGA-OL-A66I-DX1_xmin38433_ymin22957_MPP-0.2500+24
25071,5791,0,0,0,619,11560,0,0,0,65,7070,0,0,0,0,0,0,0,0,0,0,0,0,0,25002,5860,0,0,0,619,11560,0,0,0,195,6940,0,0,0,0,0,0,0,0,0,0,0,0,0,24902,5960,0,0,0,729,11450,0,0,0,396,6739,0,0,0,0,0,0,0,0,0,0,0,0,0,TCGA-OL-A66I-DX1_xmin38433_ymin22957_MPP-0.2500+25
22072,26369,0,0,0,81,1654,0,0,0,0,0,0,0,0,0,0,0,0,0,0,0,0,0,0,21857,26584,0,0,0,89,1646,0,0,0,0,0,0,0,0,0,0,0,0,0,0,0,0,0,0,21919,26522,0,0,0,134,1601,0,0,0,0,0,0,0,0,0,0,0,0,0,0,0,0,0,0,TCGA-OL-A66I-DX1_xmin38433_ymin22957_MPP-0.2500+26
10960,33641,0,0,0,0,4506,0,0,0,0,1069,0,0,0,0,0,0,0,0,0,0,0,0,0,10379,34222,0,0,0,8,4498,0,0,0,0,1069,0,0,0,0,0,0,0,0,0,0,0,0,0,10149,34452,0,0,0,3,4503,0,0,0,0,1069,0,0,0,0,0,0,0,0,0,0,0,0,0,TCGA-OL-A66I-DX1_xmin38433_ymin22957_MPP-0.2500+27
44485,0,0,0,0,4304,0,0,0,0,1387,0,0,0,0,0,0,0,0,0,0,0,0,0,0,25856,18629,0,0,0,1238,3066,0,0,0,559,828,0,0,0,0,0,0,0,0,0,0,0,0,0,25772,18713,0,0,0,1262,3042,0,0,0,555,832,0,0,0,0,0,0,0,0,0,0,0,0,0,TCGA-OL-A66I-DX1_xmin38433_ymin22957_MPP-0.2500+28
0,619,209,0,0,0,14883,3298,0,0,0,11777,17308,0,0,0,0,0,0,0,0,0,0,0,2082,0,619,209,0,0,0,15120,3061,0,0,0,12366,16719,0,0,0,0,0,0,0,0,0,0,0,2082,0,619,209,0,0,0,15102,3079,0,0,0,12999,16086,0,0,0,0,0,0,0,0,0,0,0,2082,TCGA-OL-A66I-DX1_xmin38433_ymin22957_MPP-0.2500+29
0,0,0,0,0,0,50176,0,0,0,0,0,0,0,0,0,0,0,0,0,0,0,0,0,0,0,0,0,0,0,0,50176,0,0,0,0,0,0,0,0,0,0,0,0,0,0,0,0,0,0,0,0,0,0,0,0,50176,0,0,0,0,0,0,0,0,0,0,0,0,0,0,0,0,0,0,TCGA-OL-A66I-DX1_xmin38433_ymin22957_MPP-0.2500+3
0,0,0,0,0,0,21889,1359,0,0,0,19305,6738,0,0,0,0,0,0,0,0,0,0,0,885,0,0,0,0,0,0,22248,1000,0,0,0,19529,6514,0,0,0,0,0,0,0,0,0,0,0,885,0,0,0,0,0,0,22332,916,0,0,0,19539,6504,0,0,0,0,0,0,0,0,0,0,0,885,TCGA-OL-A66I-DX1_xmin38433_ymin22957_MPP-0.2500+30
22697,27479,0,0,0,0,0,0,0,0,0,0,0,0,0,0,0,0,0,0,0,0,0,0,0,22637,27539,0,0,0,0,0,0,0,0,0,0,0,0,0,0,0,0,0,0,0,0,0,0,0,22633,27543,0,0,0,0,0,0,0,0,0,0,0,0,0,0,0,0,0,0,0,0,0,0,0,TCGA-OL-A66I-DX1_xmin38433_ymin22957_MPP-0.2500+31
50176,0,0,0,0,0,0,0,0,0,0,0,0,0,0,0,0,0,0,0,0,0,0,0,0,50176,0,0,0,0,0,0,0,0,0,0,0,0,0,0,0,0,0,0,0,0,0,0,0,0,50176,0,0,0,0,0,0,0,0,0,0,0,0,0,0,0,0,0,0,0,0,0,0,0,0,TCGA-OL-A66I-DX1_xmin38433_ymin22957_MPP-0.2500+32
50176,0,0,0,0,0,0,0,0,0,0,0,0,0,0,0,0,0,0,0,0,0,0,0,0,50176,0,0,0,0,0,0,0,0,0,0,0,0,0,0,0,0,0,0,0,0,0,0,0,0,50176,0,0,0,0,0,0,0,0,0,0,0,0,0,0,0,0,0,0,0,0,0,0,0,0,TCGA-OL-A66I-DX1_xmin38433_ymin22957_MPP-0.2500+33
13083,15959,3784,0,0,420,4422,4867,0,0,0,481,7160,0,0,0,0,0,0,0,0,0,0,0,0,13120,15871,3835,0,0,368,4739,4602,0,0,0,471,7170,0,0,0,0,0,0,0,0,0,0,0,0,12974,16140,3712,0,0,347,5101,4261,0,0,0,524,7117,0,0,0,0,0,0,0,0,0,0,0,0,TCGA-OL-A66I-DX1_xmin38433_ymin22957_MPP-0.2500+34
28641,21205,0,0,0,0,0,0,0,0,330,0,0,0,0,0,0,0,0,0,0,0,0,0,0,28212,21634,0,0,0,0,0,0,0,0,301,29,0,0,0,0,0,0,0,0,0,0,0,0,0,28204,21642,0,0,0,0,0,0,0,0,267,63,0,0,0,0,0,0,0,0,0,0,0,0,0,TCGA-OL-A66I-DX1_xmin38433_ymin22957_MPP-0.2500+35
0,12750,0,0,0,0,26900,0,0,0,0,8329,0,0,0,0,0,0,0,0,0,0,0,0,2197,0,12750,0,0,0,0,26900,0,0,0,0,8329,0,0,0,0,0,0,0,0,0,0,0,0,2197,0,12750,0,0,0,0,26900,0,0,0,0,8329,0,0,0,0,0,0,0,0,0,0,0,0,2197,TCGA-OL-A66I-DX1_xmin38433_ymin22957_MPP-0.2500+36
0,0,0,0,0,0,34511,0,0,0,0,12776,0,0,0,0,0,0,0,0,0,0,0,0,2889,0,0,0,0,0,0,34511,0,0,0,0,12776,0,0,0,0,0,0,0,0,0,0,0,0,2889,0,0,0,0,0,0,34511,0,0,0,0,12776,0,0,0,0,0,0,0,0,0,0,0,0,2889,TCGA-OL-A66I-DX1_xmin38433_ymin22957_MPP-0.2500+37
37560,5064,0,0,0,374,2220,0,0,0,0,4958,0,0,0,0,0,0,0,0,0,0,0,0,0,37449,5175,0,0,0,252,2342,0,0,0,0,4958,0,0,0,0,0,0,0,0,0,0,0,0,0,37014,5610,0,0,0,153,2441,0,0,0,0,4958,0,0,0,0,0,0,0,0,0,0,0,0,0,TCGA-OL-A66I-DX1_xmin38433_ymin22957_MPP-0.2500+38
45283,0,0,0,0,4842,0,0,0,0,51,0,0,0,0,0,0,0,0,0,0,0,0,0,0,45283,0,0,0,0,4842,0,0,0,0,51,0,0,0,0,0,0,0,0,0,0,0,0,0,0,45283,0,0,0,0,4842,0,0,0,0,51,0,0,0,0,0,0,0,0,0,0,0,0,0,0,TCGA-OL-A66I-DX1_xmin38433_ymin22957_MPP-0.2500+39
0,0,0,0,0,0,48379,0,0,0,0,1797,0,0,0,0,0,0,0,0,0,0,0,0,0,0,0,0,0,0,0,48379,0,0,0,0,1797,0,0,0,0,0,0,0,0,0,0,0,0,0,0,0,0,0,0,0,48379,0,0,0,0,1797,0,0,0,0,0,0,0,0,0,0,0,0,0,TCGA-OL-A66I-DX1_xmin38433_ymin22957_MPP-0.2500+4
4181,2412,0,0,0,3224,8276,2668,0,0,0,5894,21564,0,0,0,0,0,0,0,0,0,0,0,1957,4181,2412,0,0,0,3131,8661,2376,0,0,0,5906,21552,0,0,0,0,0,0,0,0,0,0,0,1957,4320,2263,10,0,0,3157,8835,2176,0,0,0,5957,21501,0,0,0,0,0,0,0,0,0,0,0,1957,TCGA-OL-A66I-DX1_xmin38433_ymin22957_MPP-0.2500+40
20500,11147,0,0,0,1426,12981,0,0,0,931,3191,0,0,0,0,0,0,0,0,0,0,0,0,0,20281,11366,0,0,0,1430,12977,0,0,0,988,3134,0,0,0,0,0,0,0,0,0,0,0,0,0,20231,11416,0,0,0,1586,12821,0,0,0,1052,3070,0,0,0,0,0,0,0,0,0,0,0,0,0,TCGA-OL-A66I-DX1_xmin38433_ymin22957_MPP-0.2500+41
36141,14035,0,0,0,0,0,0,0,0,0,0,0,0,0,0,0,0,0,0,0,0,0,0,0,36142,14034,0,0,0,0,0,0,0,0,0,0,0,0,0,0,0,0,0,0,0,0,0,0,0,35967,14209,0,0,0,0,0,0,0,0,0,0,0,0,0,0,0,0,0,0,0,0,0,0,0,TCGA-OL-A66I-DX1_xmin38433_ymin22957_MPP-0.2500+42
20512,11564,0,0,0,1846,8108,0,0,0,274,7872,0,0,0,0,0,0,0,0,0,0,0,0,0,19927,12149,0,0,0,1820,8134,0,0,0,266,7880,0,0,0,0,0,0,0,0,0,0,0,0,0,19373,12703,0,0,0,1719,8235,0,0,0,237,7909,0,0,0,0,0,0,0,0,0,0,0,0,0,TCGA-OL-A66I-DX1_xmin38433_ymin22957_MPP-0.2500+43
0,1883,1818,0,0,0,4373,2691,0,0,0,9587,29824,0,0,0,0,0,0,0,0,0,0,0,0,0,2031,1670,0,0,0,4372,2692,0,0,0,9691,29720,0,0,0,0,0,0,0,0,0,0,0,0,0,2240,1461,0,0,0,4448,2616,0,0,0,9833,29578,0,0,0,0,0,0,0,0,0,0,0,0,TCGA-OL-A66I-DX1_xmin38433_ymin22957_MPP-0.2500+44
0,10417,798,0,0,0,9643,10086,0,0,0,879,18353,0,0,0,0,0,0,0,0,0,0,0,0,0,10379,836,0,0,0,10187,9542,0,0,0,881,18351,0,0,0,0,0,0,0,0,0,0,0,0,0,10351,864,0,0,0,10396,9333,0,0,0,757,18475,0,0,0,0,0,0,0,0,0,0,0,0,TCGA-OL-A66I-DX1_xmin38433_ymin22957_MPP-0.2500+45
0,5723,665,0,0,0,3296,476,0,0,0,3299,31006,0,0,0,0,0,0,0,0,0,0,0,5711,0,5833,555,0,0,0,3306,466,0,0,0,3688,30617,0,0,0,0,0,0,0,0,0,0,0,5711,0,5813,575,0,0,0,3323,449,0,0,0,4026,30279,0,0,0,0,0,0,0,0,0,0,0,5711,TCGA-OL-A66I-DX1_xmin38433_ymin22957_MPP-0.2500+46
0,0,9,0,0,0,0,124,0,0,0,4839,44517,0,0,0,0,0,0,0,0,0,0,0,687,0,0,9,0,0,0,0,124,0,0,0,4884,44472,0,0,0,0,0,0,0,0,0,0,0,687,0,0,9,0,0,0,0,124,0,0,0,4892,44464,0,0,0,0,0,0,0,0,0,0,0,687,TCGA-OL-A66I-DX1_xmin38433_ymin22957_MPP-0.2500+47
0,36044,1930,0,0,0,534,3170,0,0,0,0,8498,0,0,0,0,0,0,0,0,0,0,0,0,0,36270,1704,0,0,0,662,3042,0,0,0,0,8498,0,0,0,0,0,0,0,0,0,0,0,0,0,36267,1707,0,0,0,677,3027,0,0,0,0,8498,0,0,0,0,0,0,0,0,0,0,0,0,TCGA-OL-A66I-DX1_xmin38433_ymin22957_MPP-0.2500+48
18731,31225,0,0,0,220,0,0,0,0,0,0,0,0,0,0,0,0,0,0,0,0,0,0,0,18927,31029,0,0,0,220,0,0,0,0,0,0,0,0,0,0,0,0,0,0,0,0,0,0,0,19169,30787,0,0,0,220,0,0,0,0,0,0,0,0,0,0,0,0,0,0,0,0,0,0,0,TCGA-OL-A66I-DX1_xmin38433_ymin22957_MPP-0.2500+49
0,0,0,0,0,0,50176,0,0,0,0,0,0,0,0,0,0,0,0,0,0,0,0,0,0,0,0,0,0,0,0,50176,0,0,0,0,0,0,0,0,0,0,0,0,0,0,0,0,0,0,0,0,0,0,0,0,50176,0,0,0,0,0,0,0,0,0,0,0,0,0,0,0,0,0,0,TCGA-OL-A66I-DX1_xmin38433_ymin22957_MPP-0.2500+5
0,0,0,0,0,0,0,6915,0,0,0,0,43261,0,0,0,0,0,0,0,0,0,0,0,0,0,0,0,0,0,0,0,6915,0,0,0,0,43261,0,0,0,0,0,0,0,0,0,0,0,0,0,0,0,0,0,0,0,6915,0,0,0,0,43261,0,0,0,0,0,0,0,0,0,0,0,0,TCGA-OL-A66I-DX1_xmin38433_ymin22957_MPP-0.2500+50
0,0,0,0,0,0,0,71,0,0,0,0,50105,0,0,0,0,0,0,0,0,0,0,0,0,0,0,0,0,0,0,0,71,0,0,0,0,50105,0,0,0,0,0,0,0,0,0,0,0,0,0,0,0,0,0,0,0,71,0,0,0,0,50105,0,0,0,0,0,0,0,0,0,0,0,0,TCGA-OL-A66I-DX1_xmin38433_ymin22957_MPP-0.2500+51
3726,383,0,0,0,911,27370,3872,0,0,0,5593,8321,0,0,0,0,0,0,0,0,0,0,0,0,3701,408,0,0,0,927,27810,3416,0,0,0,6130,7784,0,0,0,0,0,0,0,0,0,0,0,0,3739,370,0,0,0,1082,27804,3267,0,0,0,6020,7894,0,0,0,0,0,0,0,0,0,0,0,0,TCGA-OL-A66I-DX1_xmin38433_ymin22957_MPP-0.2500+52
10018,2589,10,0,0,2342,4391,918,0,0,212,3150,26546,0,0,0,0,0,0,0,0,0,0,0,0,10055,2548,14,0,0,2362,4353,936,0,0,199,3194,26515,0,0,0,0,0,0,0,0,0,0,0,0,10013,2601,3,0,0,2379,4383,889,0,0,188,3419,26301,0,0,0,0,0,0,0,0,0,0,0,0,TCGA-OL-A66I-DX1_xmin38433_ymin22957_MPP-0.2500+53
0,0,0,0,0,0,0,0,0,0,112,0,47083,0,0,0,0,0,0,0,0,0,0,0,2981,0,0,0,0,0,0,0,0,0,0,112,0,47083,0,0,0,0,0,0,0,0,0,0,0,2981,0,0,0,0,0,0,0,0,0,0,240,0,46955,0,0,0,0,0,0,0,0,0,0,0,2981,TCGA-OL-A66I-DX1_xmin38433_ymin22957_MPP-0.2500+54
21805,0,3305,0,0,242,0,2642,0,0,2827,0,19355,0,0,0,0,0,0,0,0,0,0,0,0,21789,0,3321,0,0,245,0,2639,0,0,3080,0,19102,0,0,0,0,0,0,0,0,0,0,0,0,21817,0,3293,0,0,250,0,2634,0,0,3143,0,19039,0,0,0,0,0,0,0,0,0,0,0,0,TCGA-OL-A66I-DX1_xmin38433_ymin22957_MPP-0.2500+55
0,0,0,0,0,0,26693,1279,0,0,0,8397,7362,0,0,0,0,0,0,0,0,0,0,0,6445,0,0,0,0,0,0,26833,1139,0,0,0,8540,7219,0,0,0,0,0,0,0,0,0,0,0,6445,0,0,0,0,0,0,26518,1454,0,0,0,8344,7415,0,0,0,0,0,0,0,0,0,0,0,6445,TCGA-OL-A66I-DX1_xmin38433_ymin22957_MPP-0.2500+56
0,5060,195,0,0,0,15127,3200,0,0,0,4990,21604,0,0,0,0,0,0,0,0,0,0,0,0,0,5132,123,0,0,0,15262,3065,0,0,0,5235,21359,0,0,0,0,0,0,0,0,0,0,0,0,0,5139,116,0,0,0,15308,3019,0,0,0,5945,20649,0,0,0,0,0,0,0,0,0,0,0,0,TCGA-OL-A66I-DX1_xmin38433_ymin22957_MPP-0.2500+57
0,0,0,0,0,0,28879,1762,0,0,0,3949,15586,0,0,0,0,0,0,0,0,0,0,0,0,0,0,0,0,0,0,29411,1230,0,0,0,4237,15298,0,0,0,0,0,0,0,0,0,0,0,0,0,0,0,0,0,0,29577,1064,0,0,0,4560,14975,0,0,0,0,0,0,0,0,0,0,0,0,TCGA-OL-A66I-DX1_xmin38433_ymin22957_MPP-0.2500+58
0,0,0,0,0,0,0,1020,0,0,16,0,49140,0,0,0,0,0,0,0,0,0,0,0,0,0,0,0,0,0,0,0,1020,0,0,16,0,49140,0,0,0,0,0,0,0,0,0,0,0,0,0,0,0,0,0,0,0,1020,0,0,16,0,49140,0,0,0,0,0,0,0,0,0,0,0,0,TCGA-OL-A66I-DX1_xmin38433_ymin22957_MPP-0.2500+59
0,0,0,0,0,0,39075,0,0,0,0,10848,0,0,0,0,0,0,0,0,0,0,0,0,253,0,0,0,0,0,0,39075,0,0,0,0,10848,0,0,0,0,0,0,0,0,0,0,0,0,253,0,0,0,0,0,0,39075,0,0,0,0,10848,0,0,0,0,0,0,0,0,0,0,0,0,253,TCGA-OL-A66I-DX1_xmin38433_ymin22957_MPP-0.2500+6
0,4890,867,0,0,0,12266,2293,0,0,0,3075,26785,0,0,0,0,0,0,0,0,0,0,0,0,0,4984,773,0,0,0,12362,2197,0,0,0,3367,26493,0,0,0,0,0,0,0,0,0,0,0,0,0,4914,843,0,0,0,12165,2394,0,0,0,3609,26251,0,0,0,0,0,0,0,0,0,0,0,0,TCGA-OL-A66I-DX1_xmin38433_ymin22957_MPP-0.2500+60
0,0,0,0,0,0,26358,5143,0,0,0,9406,9269,0,0,0,0,0,0,0,0,0,0,0,0,0,0,0,0,0,0,26812,4689,0,0,0,9446,9229,0,0,0,0,0,0,0,0,0,0,0,0,0,0,0,0,0,0,26998,4503,0,0,0,9325,9350,0,0,0,0,0,0,0,0,0,0,0,0,TCGA-OL-A66I-DX1_xmin38433_ymin22957_MPP-0.2500+61
0,0,0,0,0,0,26620,4762,0,0,0,7915,10879,0,0,0,0,0,0,0,0,0,0,0,0,0,0,0,0,0,0,27142,4240,0,0,0,7901,10893,0,0,0,0,0,0,0,0,0,0,0,0,0,0,0,0,0,0,27187,4195,0,0,0,8055,10739,0,0,0,0,0,0,0,0,0,0,0,0,TCGA-OL-A66I-DX1_xmin38433_ymin22957_MPP-0.2500+62
0,0,0,0,0,0,28779,0,0,0,0,21397,0,0,0,0,0,0,0,0,0,0,0,0,0,0,0,0,0,0,0,28779,0,0,0,0,21397,0,0,0,0,0,0,0,0,0,0,0,0,0,0,0,0,0,0,0,28779,0,0,0,0,21397,0,0,0,0,0,0,0,0,0,0,0,0,0,TCGA-OL-A66I-DX1_xmin38433_ymin22957_MPP-0.2500+7
0,0,0,0,0,0,43390,0,0,0,0,6786,0,0,0,0,0,0,0,0,0,0,0,0,0,0,0,0,0,0,0,43390,0,0,0,0,6786,0,0,0,0,0,0,0,0,0,0,0,0,0,0,0,0,0,0,0,43390,0,0,0,0,6786,0,0,0,0,0,0,0,0,0,0,0,0,0,TCGA-OL-A66I-DX1_xmin38433_ymin22957_MPP-0.2500+8
0,0,0,0,0,0,50176,0,0,0,0,0,0,0,0,0,0,0,0,0,0,0,0,0,0,0,0,0,0,0,0,50176,0,0,0,0,0,0,0,0,0,0,0,0,0,0,0,0,0,0,0,0,0,0,0,0,50176,0,0,0,0,0,0,0,0,0,0,0,0,0,0,0,0,0,0,TCGA-OL-A66I-DX1_xmin38433_ymin22957_MPP-0.2500+9
39296,10055,0,0,0,0,825,0,0,0,0,0,0,0,0,0,0,0,0,0,0,0,0,0,0,39187,10164,0,0,0,0,825,0,0,0,0,0,0,0,0,0,0,0,0,0,0,0,0,0,0,38815,10536,0,0,0,0,825,0,0,0,0,0,0,0,0,0,0,0,0,0,0,0,0,0,0,TCGA-OL-A66P-DX1_xmin30143_ymin20310_MPP-0.2500+0
0,13631,0,0,0,0,19866,0,0,0,0,4237,0,0,0,0,0,0,0,0,0,0,0,0,12442,0,13631,0,0,0,0,19866,0,0,0,0,4237,0,0,0,0,0,0,0,0,0,0,0,0,12442,0,13631,0,0,0,0,19866,0,0,0,0,4237,0,0,0,0,0,0,0,0,0,0,0,0,12442,TCGA-OL-A66P-DX1_xmin30143_ymin20310_MPP-0.2500+1
19826,2834,0,0,0,2779,12969,0,0,0,0,653,0,0,0,0,0,0,0,0,0,0,0,0,11115,19423,3237,0,0,0,2748,13000,0,0,0,0,653,0,0,0,0,0,0,0,0,0,0,0,0,11115,19354,3306,0,0,0,2759,12989,0,0,0,0,653,0,0,0,0,0,0,0,0,0,0,0,0,11115,TCGA-OL-A66P-DX1_xmin30143_ymin20310_MPP-0.2500+10
46856,0,0,0,0,2854,0,0,0,0,0,0,0,0,0,0,0,0,0,0,0,0,0,0,466,46856,0,0,0,0,2854,0,0,0,0,0,0,0,0,0,0,0,0,0,0,0,0,0,0,466,46856,0,0,0,0,2854,0,0,0,0,0,0,0,0,0,0,0,0,0,0,0,0,0,0,466,TCGA-OL-A66P-DX1_xmin30143_ymin20310_MPP-0.2500+100
6446,1928,0,0,0,78,6248,0,0,0,0,0,0,0,0,0,0,0,0,0,0,0,0,0,35476,6331,2043,0,0,0,76,6250,0,0,0,0,0,0,0,0,0,0,0,0,0,0,0,0,0,35476,6474,1900,0,0,0,99,6227,0,0,0,0,0,0,0,0,0,0,0,0,0,0,0,0,0,35476,TCGA-OL-A66P-DX1_xmin30143_ymin20310_MPP-0.2500+101
0,0,0,0,0,0,7930,0,0,0,0,0,0,0,0,0,0,0,0,0,0,0,0,0,42246,0,0,0,0,0,0,7930,0,0,0,0,0,0,0,0,0,0,0,0,0,0,0,0,0,42246,0,0,0,0,0,0,7930,0,0,0,0,0,0,0,0,0,0,0,0,0,0,0,0,0,42246,TCGA-OL-A66P-DX1_xmin30143_ymin20310_MPP-0.2500+102
47321,0,0,0,0,2855,0,0,0,0,0,0,0,0,0,0,0,0,0,0,0,0,0,0,0,47321,0,0,0,0,2855,0,0,0,0,0,0,0,0,0,0,0,0,0,0,0,0,0,0,0,47321,0,0,0,0,2855,0,0,0,0,0,0,0,0,0,0,0,0,0,0,0,0,0,0,0,TCGA-OL-A66P-DX1_xmin30143_ymin20310_MPP-0.2500+103
12341,35662,0,0,0,193,1980,0,0,0,0,0,0,0,0,0,0,0,0,0,0,0,0,0,0,12200,35803,0,0,0,200,1973,0,0,0,0,0,0,0,0,0,0,0,0,0,0,0,0,0,0,12930,35073,0,0,0,215,1958,0,0,0,0,0,0,0,0,0,0,0,0,0,0,0,0,0,0,TCGA-OL-A66P-DX1_xmin30143_ymin20310_MPP-0.2500+104
50176,0,0,0,0,0,0,0,0,0,0,0,0,0,0,0,0,0,0,0,0,0,0,0,0,50176,0,0,0,0,0,0,0,0,0,0,0,0,0,0,0,0,0,0,0,0,0,0,0,0,50176,0,0,0,0,0,0,0,0,0,0,0,0,0,0,0,0,0,0,0,0,0,0,0,0,TCGA-OL-A66P-DX1_xmin30143_ymin20310_MPP-0.2500+105
0,17101,0,0,0,0,16478,0,0,0,0,0,0,0,0,0,0,0,0,0,0,0,0,0,16597,0,17101,0,0,0,0,16478,0,0,0,0,0,0,0,0,0,0,0,0,0,0,0,0,0,16597,0,17101,0,0,0,0,16478,0,0,0,0,0,0,0,0,0,0,0,0,0,0,0,0,0,16597,TCGA-OL-A66P-DX1_xmin30143_ymin20310_MPP-0.2500+106
0,0,0,0,0,0,13826,0,0,0,0,0,0,0,0,0,0,0,0,0,0,0,0,0,36350,0,0,0,0,0,0,13826,0,0,0,0,0,0,0,0,0,0,0,0,0,0,0,0,0,36350,0,0,0,0,0,0,13826,0,0,0,0,0,0,0,0,0,0,0,0,0,0,0,0,0,36350,TCGA-OL-A66P-DX1_xmin30143_ymin20310_MPP-0.2500+107
4982,2904,0,0,0,423,7735,0,0,0,0,0,0,0,0,0,0,0,0,0,0,0,0,0,34132,4892,2994,0,0,0,417,7741,0,0,0,0,0,0,0,0,0,0,0,0,0,0,0,0,0,34132,4917,2969,0,0,0,418,7740,0,0,0,0,0,0,0,0,0,0,0,0,0,0,0,0,0,34132,TCGA-OL-A66P-DX1_xmin30143_ymin20310_MPP-0.2500+108
0,2020,0,0,0,0,25892,0,0,0,0,0,0,0,0,0,0,0,0,0,0,0,0,0,22264,0,2020,0,0,0,0,25892,0,0,0,0,0,0,0,0,0,0,0,0,0,0,0,0,0,22264,0,2020,0,0,0,0,25892,0,0,0,0,0,0,0,0,0,0,0,0,0,0,0,0,0,22264,TCGA-OL-A66P-DX1_xmin30143_ymin20310_MPP-0.2500+109
50176,0,0,0,0,0,0,0,0,0,0,0,0,0,0,0,0,0,0,0,0,0,0,0,0,50176,0,0,0,0,0,0,0,0,0,0,0,0,0,0,0,0,0,0,0,0,0,0,0,0,50176,0,0,0,0,0,0,0,0,0,0,0,0,0,0,0,0,0,0,0,0,0,0,0,0,TCGA-OL-A66P-DX1_xmin30143_ymin20310_MPP-0.2500+11
0,0,0,0,0,0,7520,0,0,0,0,0,0,0,0,0,0,0,0,0,0,0,0,0,42656,0,0,0,0,0,0,7520,0,0,0,0,0,0,0,0,0,0,0,0,0,0,0,0,0,42656,0,0,0,0,0,0,7520,0,0,0,0,0,0,0,0,0,0,0,0,0,0,0,0,0,42656,TCGA-OL-A66P-DX1_xmin30143_ymin20310_MPP-0.2500+110
15219,1208,0,0,0,3521,29466,0,0,0,0,0,0,0,0,0,0,0,0,0,0,0,0,0,762,14426,2001,0,0,0,3389,29598,0,0,0,0,0,0,0,0,0,0,0,0,0,0,0,0,0,762,14283,2144,0,0,0,3515,29472,0,0,0,0,0,0,0,0,0,0,0,0,0,0,0,0,0,762,TCGA-OL-A66P-DX1_xmin30143_ymin20310_MPP-0.2500+111
40217,0,0,0,0,0,0,0,0,0,0,0,0,0,0,0,0,0,0,0,0,0,0,0,9959,40217,0,0,0,0,0,0,0,0,0,0,0,0,0,0,0,0,0,0,0,0,0,0,0,9959,40217,0,0,0,0,0,0,0,0,0,0,0,0,0,0,0,0,0,0,0,0,0,0,0,9959,TCGA-OL-A66P-DX1_xmin30143_ymin20310_MPP-0.2500+112
26308,18402,0,0,0,0,3659,0,0,0,0,0,0,0,0,0,0,0,0,0,0,0,0,0,1807,25854,18856,0,0,0,0,3659,0,0,0,0,0,0,0,0,0,0,0,0,0,0,0,0,0,1807,25474,19236,0,0,0,0,3659,0,0,0,0,0,0,0,0,0,0,0,0,0,0,0,0,0,1807,TCGA-OL-A66P-DX1_xmin30143_ymin20310_MPP-0.2500+113
0,5808,0,0,0,0,19791,0,0,0,0,0,0,0,0,0,0,0,0,0,0,0,0,0,24577,0,5808,0,0,0,0,19791,0,0,0,0,0,0,0,0,0,0,0,0,0,0,0,0,0,24577,0,5808,0,0,0,0,19791,0,0,0,0,0,0,0,0,0,0,0,0,0,0,0,0,0,24577,TCGA-OL-A66P-DX1_xmin30143_ymin20310_MPP-0.2500+114
0,20999,0,0,0,0,29177,0,0,0,0,0,0,0,0,0,0,0,0,0,0,0,0,0,0,0,20999,0,0,0,32,29145,0,0,0,0,0,0,0,0,0,0,0,0,0,0,0,0,0,0,0,20999,0,0,0,1,29176,0,0,0,0,0,0,0,0,0,0,0,0,0,0,0,0,0,0,TCGA-OL-A66P-DX1_xmin30143_ymin20310_MPP-0.2500+115
10989,9142,0,0,0,548,29497,0,0,0,0,0,0,0,0,0,0,0,0,0,0,0,0,0,0,11150,8981,0,0,0,640,29405,0,0,0,0,0,0,0,0,0,0,0,0,0,0,0,0,0,0,11293,8838,0,0,0,663,29382,0,0,0,0,0,0,0,0,0,0,0,0,0,0,0,0,0,0,TCGA-OL-A66P-DX1_xmin30143_ymin20310_MPP-0.2500+116
50176,0,0,0,0,0,0,0,0,0,0,0,0,0,0,0,0,0,0,0,0,0,0,0,0,50176,0,0,0,0,0,0,0,0,0,0,0,0,0,0,0,0,0,0,0,0,0,0,0,0,50176,0,0,0,0,0,0,0,0,0,0,0,0,0,0,0,0,0,0,0,0,0,0,0,0,TCGA-OL-A66P-DX1_xmin30143_ymin20310_MPP-0.2500+117
15970,14446,0,0,0,0,17635,0,0,0,0,0,0,0,0,0,0,0,0,0,0,0,0,0,2125,15867,14549,0,0,0,0,17635,0,0,0,0,0,0,0,0,0,0,0,0,0,0,0,0,0,2125,15823,14593,0,0,0,0,17635,0,0,0,0,0,0,0,0,0,0,0,0,0,0,0,0,0,2125,TCGA-OL-A66P-DX1_xmin30143_ymin20310_MPP-0.2500+118
0,96,0,0,0,0,38564,0,0,0,0,0,0,0,0,0,0,0,0,0,0,0,0,0,11516,0,96,0,0,0,0,38564,0,0,0,0,0,0,0,0,0,0,0,0,0,0,0,0,0,11516,0,96,0,0,0,0,38564,0,0,0,0,0,0,0,0,0,0,0,0,0,0,0,0,0,11516,TCGA-OL-A66P-DX1_xmin30143_ymin20310_MPP-0.2500+119
6047,5331,0,0,0,9720,10579,0,0,0,0,0,0,0,0,0,0,0,0,0,0,0,0,0,18499,6088,5290,0,0,0,9084,11215,0,0,0,0,0,0,0,0,0,0,0,0,0,0,0,0,0,18499,6123,5255,0,0,0,8838,11461,0,0,0,0,0,0,0,0,0,0,0,0,0,0,0,0,0,18499,TCGA-OL-A66P-DX1_xmin30143_ymin20310_MPP-0.2500+12
5453,0,0,0,0,3831,0,0,0,0,0,0,0,0,0,0,0,0,0,0,0,0,0,0,40892,5453,0,0,0,0,3831,0,0,0,0,0,0,0,0,0,0,0,0,0,0,0,0,0,0,40892,5453,0,0,0,0,3831,0,0,0,0,0,0,0,0,0,0,0,0,0,0,0,0,0,0,40892,TCGA-OL-A66P-DX1_xmin30143_ymin20310_MPP-0.2500+120
11514,15526,0,0,0,808,10911,0,0,0,0,0,0,0,0,0,0,0,0,0,0,0,0,0,11417,11226,15814,0,0,0,789,10930,0,0,0,0,0,0,0,0,0,0,0,0,0,0,0,0,0,11417,11451,15589,0,0,0,794,10925,0,0,0,0,0,0,0,0,0,0,0,0,0,0,0,0,0,11417,TCGA-OL-A66P-DX1_xmin30143_ymin20310_MPP-0.2500+121
0,23,0,0,0,0,18342,0,0,0,0,0,0,0,0,0,0,0,0,0,0,0,0,0,31811,0,23,0,0,0,0,18342,0,0,0,0,0,0,0,0,0,0,0,0,0,0,0,0,0,31811,0,23,0,0,0,0,18342,0,0,0,0,0,0,0,0,0,0,0,0,0,0,0,0,0,31811,TCGA-OL-A66P-DX1_xmin30143_ymin20310_MPP-0.2500+122
0,10679,0,0,0,0,30780,0,0,0,0,0,0,0,0,0,0,0,0,0,0,0,0,0,8717,0,10679,0,0,0,0,30780,0,0,0,0,0,0,0,0,0,0,0,0,0,0,0,0,0,8717,0,10679,0,0,0,0,30780,0,0,0,0,0,0,0,0,0,0,0,0,0,0,0,0,0,8717,TCGA-OL-A66P-DX1_xmin30143_ymin20310_MPP-0.2500+123
9233,38440,0,0,0,962,1409,0,0,0,0,0,0,0,0,0,0,0,0,0,0,0,0,0,132,8898,38775,0,0,0,800,1571,0,0,0,0,0,0,0,0,0,0,0,0,0,0,0,0,0,132,8648,39025,0,0,0,799,1572,0,0,0,0,0,0,0,0,0,0,0,0,0,0,0,0,0,132,TCGA-OL-A66P-DX1_xmin30143_ymin20310_MPP-0.2500+124
27482,19079,0,0,0,0,0,0,0,0,0,0,0,0,0,0,0,0,0,0,0,0,0,0,3615,27330,19231,0,0,0,0,0,0,0,0,0,0,0,0,0,0,0,0,0,0,0,0,0,0,3615,27365,19196,0,0,0,0,0,0,0,0,0,0,0,0,0,0,0,0,0,0,0,0,0,0,3615,TCGA-OL-A66P-DX1_xmin30143_ymin20310_MPP-0.2500+125
49504,0,0,0,0,672,0,0,0,0,0,0,0,0,0,0,0,0,0,0,0,0,0,0,0,49504,0,0,0,0,672,0,0,0,0,0,0,0,0,0,0,0,0,0,0,0,0,0,0,0,49504,0,0,0,0,672,0,0,0,0,0,0,0,0,0,0,0,0,0,0,0,0,0,0,0,TCGA-OL-A66P-DX1_xmin30143_ymin20310_MPP-0.2500+126
0,8670,146,0,0,0,3970,1254,0,0,0,0,0,0,0,0,0,0,0,0,0,0,0,0,36136,0,8689,127,0,0,0,3970,1254,0,0,0,0,0,0,0,0,0,0,0,0,0,0,0,0,36136,0,8693,123,0,0,0,3974,1250,0,0,0,0,0,0,0,0,0,0,0,0,0,0,0,0,36136,TCGA-OL-A66P-DX1_xmin30143_ymin20310_MPP-0.2500+127
30741,15237,0,0,0,442,3756,0,0,0,0,0,0,0,0,0,0,0,0,0,0,0,0,0,0,30378,15600,0,0,0,442,3756,0,0,0,0,0,0,0,0,0,0,0,0,0,0,0,0,0,0,30311,15667,0,0,0,442,3756,0,0,0,0,0,0,0,0,0,0,0,0,0,0,0,0,0,0,TCGA-OL-A66P-DX1_xmin30143_ymin20310_MPP-0.2500+128
33713,10979,0,0,0,738,4746,0,0,0,0,0,0,0,0,0,0,0,0,0,0,0,0,0,0,33688,11004,0,0,0,747,4737,0,0,0,0,0,0,0,0,0,0,0,0,0,0,0,0,0,0,33904,10788,0,0,0,720,4764,0,0,0,0,0,0,0,0,0,0,0,0,0,0,0,0,0,0,TCGA-OL-A66P-DX1_xmin30143_ymin20310_MPP-0.2500+129
7585,0,0,0,0,20043,18528,0,0,0,0,0,0,0,0,0,0,0,0,0,0,0,0,0,4020,7585,0,0,0,0,20008,18563,0,0,0,0,0,0,0,0,0,0,0,0,0,0,0,0,0,4020,7585,0,0,0,0,19943,18628,0,0,0,0,0,0,0,0,0,0,0,0,0,0,0,0,0,4020,TCGA-OL-A66P-DX1_xmin30143_ymin20310_MPP-0.2500+13
50176,0,0,0,0,0,0,0,0,0,0,0,0,0,0,0,0,0,0,0,0,0,0,0,0,50176,0,0,0,0,0,0,0,0,0,0,0,0,0,0,0,0,0,0,0,0,0,0,0,0,50176,0,0,0,0,0,0,0,0,0,0,0,0,0,0,0,0,0,0,0,0,0,0,0,0,TCGA-OL-A66P-DX1_xmin30143_ymin20310_MPP-0.2500+130
47605,0,0,0,0,0,0,0,0,0,0,0,0,0,0,0,0,0,0,0,0,0,0,0,2571,47605,0,0,0,0,0,0,0,0,0,0,0,0,0,0,0,0,0,0,0,0,0,0,0,2571,47605,0,0,0,0,0,0,0,0,0,0,0,0,0,0,0,0,0,0,0,0,0,0,0,2571,TCGA-OL-A66P-DX1_xmin30143_ymin20310_MPP-0.2500+131
0,15970,0,0,0,0,30251,0,0,0,0,0,0,0,0,0,0,0,0,0,0,0,0,0,3955,0,15970,0,0,0,0,30251,0,0,0,0,0,0,0,0,0,0,0,0,0,0,0,0,0,3955,0,15970,0,0,0,0,30251,0,0,0,0,0,0,0,0,0,0,0,0,0,0,0,0,0,3955,TCGA-OL-A66P-DX1_xmin30143_ymin20310_MPP-0.2500+132
12835,12849,943,0,0,674,5093,1488,0,0,0,0,0,0,0,0,0,0,0,0,0,0,0,0,16294,12610,12956,1061,0,0,657,5134,1464,0,0,0,0,0,0,0,0,0,0,0,0,0,0,0,0,16294,12707,12602,1318,0,0,669,5106,1480,0,0,0,0,0,0,0,0,0,0,0,0,0,0,0,0,16294,TCGA-OL-A66P-DX1_xmin30143_ymin20310_MPP-0.2500+133
21681,7504,0,0,0,265,16193,0,0,0,0,0,0,0,0,0,0,0,0,0,0,0,0,0,4533,21501,7684,0,0,0,317,16141,0,0,0,0,0,0,0,0,0,0,0,0,0,0,0,0,0,4533,21448,7737,0,0,0,348,16110,0,0,0,0,0,0,0,0,0,0,0,0,0,0,0,0,0,4533,TCGA-OL-A66P-DX1_xmin30143_ymin20310_MPP-0.2500+134
25873,1720,0,0,0,7702,13313,0,0,0,0,0,0,0,0,0,0,0,0,0,0,0,0,0,1568,25572,2021,0,0,0,7777,13238,0,0,0,0,0,0,0,0,0,0,0,0,0,0,0,0,0,1568,25319,2274,0,0,0,7556,13459,0,0,0,0,0,0,0,0,0,0,0,0,0,0,0,0,0,1568,TCGA-OL-A66P-DX1_xmin30143_ymin20310_MPP-0.2500+135
46940,0,0,0,0,3236,0,0,0,0,0,0,0,0,0,0,0,0,0,0,0,0,0,0,0,46940,0,0,0,0,3236,0,0,0,0,0,0,0,0,0,0,0,0,0,0,0,0,0,0,0,46940,0,0,0,0,3236,0,0,0,0,0,0,0,0,0,0,0,0,0,0,0,0,0,0,0,TCGA-OL-A66P-DX1_xmin30143_ymin20310_MPP-0.2500+136
49026,0,0,0,0,0,0,0,0,0,0,0,0,0,0,0,0,0,0,0,0,0,0,0,1150,49026,0,0,0,0,0,0,0,0,0,0,0,0,0,0,0,0,0,0,0,0,0,0,0,1150,49026,0,0,0,0,0,0,0,0,0,0,0,0,0,0,0,0,0,0,0,0,0,0,0,1150,TCGA-OL-A66P-DX1_xmin30143_ymin20310_MPP-0.2500+137
43915,0,0,0,0,2948,0,0,0,0,0,0,0,0,0,0,0,0,0,0,0,0,0,0,3313,43915,0,0,0,0,2948,0,0,0,0,0,0,0,0,0,0,0,0,0,0,0,0,0,0,3313,43915,0,0,0,0,2948,0,0,0,0,0,0,0,0,0,0,0,0,0,0,0,0,0,0,3313,TCGA-OL-A66P-DX1_xmin30143_ymin20310_MPP-0.2500+138
21,0,3129,0,0,56,0,2859,0,0,0,0,0,0,0,0,0,0,0,0,0,0,0,0,44111,21,0,3129,0,0,56,0,2859,0,0,0,0,0,0,0,0,0,0,0,0,0,0,0,0,44111,21,0,3129,0,0,56,0,2859,0,0,0,0,0,0,0,0,0,0,0,0,0,0,0,0,44111,TCGA-OL-A66P-DX1_xmin30143_ymin20310_MPP-0.2500+139
0,1910,0,0,0,0,35851,0,0,0,0,0,0,0,0,0,0,0,0,0,0,0,0,0,12415,0,1910,0,0,0,0,35851,0,0,0,0,0,0,0,0,0,0,0,0,0,0,0,0,0,12415,0,1910,0,0,0,0,35851,0,0,0,0,0,0,0,0,0,0,0,0,0,0,0,0,0,12415,TCGA-OL-A66P-DX1_xmin30143_ymin20310_MPP-0.2500+14
29115,13482,0,0,0,0,0,0,0,0,0,0,0,0,0,0,0,0,0,0,0,0,0,0,7579,28794,13803,0,0,0,0,0,0,0,0,0,0,0,0,0,0,0,0,0,0,0,0,0,0,7579,28979,13618,0,0,0,0,0,0,0,0,0,0,0,0,0,0,0,0,0,0,0,0,0,0,7579,TCGA-OL-A66P-DX1_xmin30143_ymin20310_MPP-0.2500+140
0,50148,0,0,0,0,0,0,0,0,0,0,0,0,0,0,0,0,0,0,0,0,0,0,28,0,50148,0,0,0,0,0,0,0,0,0,0,0,0,0,0,0,0,0,0,0,0,0,0,28,0,50148,0,0,0,0,0,0,0,0,0,0,0,0,0,0,0,0,0,0,0,0,0,0,28,TCGA-OL-A66P-DX1_xmin30143_ymin20310_MPP-0.2500+141
14794,33333,0,0,0,660,1389,0,0,0,0,0,0,0,0,0,0,0,0,0,0,0,0,0,0,14883,33244,0,0,0,630,1419,0,0,0,0,0,0,0,0,0,0,0,0,0,0,0,0,0,0,14910,33217,0,0,0,605,1444,0,0,0,0,0,0,0,0,0,0,0,0,0,0,0,0,0,0,TCGA-OL-A66P-DX1_xmin30143_ymin20310_MPP-0.2500+142
50176,0,0,0,0,0,0,0,0,0,0,0,0,0,0,0,0,0,0,0,0,0,0,0,0,50176,0,0,0,0,0,0,0,0,0,0,0,0,0,0,0,0,0,0,0,0,0,0,0,0,50176,0,0,0,0,0,0,0,0,0,0,0,0,0,0,0,0,0,0,0,0,0,0,0,0,TCGA-OL-A66P-DX1_xmin30143_ymin20310_MPP-0.2500+143
50176,0,0,0,0,0,0,0,0,0,0,0,0,0,0,0,0,0,0,0,0,0,0,0,0,50176,0,0,0,0,0,0,0,0,0,0,0,0,0,0,0,0,0,0,0,0,0,0,0,0,50176,0,0,0,0,0,0,0,0,0,0,0,0,0,0,0,0,0,0,0,0,0,0,0,0,TCGA-OL-A66P-DX1_xmin30143_ymin20310_MPP-0.2500+144
21105,20093,0,0,0,0,3696,0,0,0,0,0,0,0,0,0,0,0,0,0,0,0,0,0,5282,21291,19907,0,0,0,0,3696,0,0,0,0,0,0,0,0,0,0,0,0,0,0,0,0,0,5282,21477,19721,0,0,0,0,3696,0,0,0,0,0,0,0,0,0,0,0,0,0,0,0,0,0,5282,TCGA-OL-A66P-DX1_xmin30143_ymin20310_MPP-0.2500+145
14110,6321,840,0,0,417,3716,394,0,0,1243,3414,2676,0,0,0,0,0,0,0,0,0,0,0,17045,14143,7128,0,0,0,454,4073,0,0,0,1245,6088,0,0,0,0,0,0,0,0,0,0,0,0,17045,14137,7134,0,0,0,459,4068,0,0,0,1263,6070,0,0,0,0,0,0,0,0,0,0,0,0,17045,TCGA-OL-A66P-DX1_xmin30143_ymin20310_MPP-0.2500+146
0,22188,0,0,0,0,23214,0,0,0,0,129,0,0,0,0,0,0,0,0,0,0,0,0,4645,0,22188,0,0,0,0,23214,0,0,0,0,129,0,0,0,0,0,0,0,0,0,0,0,0,4645,0,22188,0,0,0,0,23214,0,0,0,0,129,0,0,0,0,0,0,0,0,0,0,0,0,4645,TCGA-OL-A66P-DX1_xmin30143_ymin20310_MPP-0.2500+147
0,1071,0,0,0,0,19410,979,0,0,0,0,0,0,0,0,0,0,0,0,0,0,0,0,28716,0,1071,0,0,0,0,19615,774,0,0,0,0,0,0,0,0,0,0,0,0,0,0,0,0,28716,0,1071,0,0,0,0,19691,698,0,0,0,0,0,0,0,0,0,0,0,0,0,0,0,0,28716,TCGA-OL-A66P-DX1_xmin30143_ymin20310_MPP-0.2500+148
8770,18013,0,0,0,2046,18475,0,0,0,0,0,0,0,0,0,0,0,0,0,0,0,0,0,2872,24695,2088,0,0,0,5815,14706,0,0,0,0,0,0,0,0,0,0,0,0,0,0,0,0,0,2872,24512,2271,0,0,0,5745,14776,0,0,0,0,0,0,0,0,0,0,0,0,0,0,0,0,0,2872,TCGA-OL-A66P-DX1_xmin30143_ymin20310_MPP-0.2500+149
0,0,0,0,0,0,26230,4772,0,0,0,0,0,0,0,0,0,0,0,0,0,0,0,0,19174,0,0,0,0,0,0,27089,3913,0,0,0,0,0,0,0,0,0,0,0,0,0,0,0,0,19174,0,0,0,0,0,0,27317,3685,0,0,0,0,0,0,0,0,0,0,0,0,0,0,0,0,19174,TCGA-OL-A66P-DX1_xmin30143_ymin20310_MPP-0.2500+15
8636,12722,0,0,0,0,5307,0,0,0,0,0,0,0,0,0,0,0,0,0,0,0,0,0,23511,9291,12067,0,0,0,0,5307,0,0,0,0,0,0,0,0,0,0,0,0,0,0,0,0,0,23511,9651,11707,0,0,0,0,5307,0,0,0,0,0,0,0,0,0,0,0,0,0,0,0,0,0,23511,TCGA-OL-A66P-DX1_xmin30143_ymin20310_MPP-0.2500+150
0,0,1076,0,0,0,0,2554,0,0,0,0,0,0,0,0,0,0,0,0,0,0,0,0,46546,0,0,1076,0,0,0,0,2554,0,0,0,0,0,0,0,0,0,0,0,0,0,0,0,0,46546,0,0,1076,0,0,0,0,2554,0,0,0,0,0,0,0,0,0,0,0,0,0,0,0,0,46546,TCGA-OL-A66P-DX1_xmin30143_ymin20310_MPP-0.2500+151
0,41237,0,0,0,0,0,0,0,0,0,0,0,0,0,0,0,0,0,0,0,0,0,0,8939,0,41237,0,0,0,0,0,0,0,0,0,0,0,0,0,0,0,0,0,0,0,0,0,0,8939,0,41237,0,0,0,0,0,0,0,0,0,0,0,0,0,0,0,0,0,0,0,0,0,0,8939,TCGA-OL-A66P-DX1_xmin30143_ymin20310_MPP-0.2500+152
13479,31125,0,0,0,60,11,0,0,0,0,0,0,0,0,0,0,0,0,0,0,0,0,0,5501,13557,31047,0,0,0,55,16,0,0,0,0,0,0,0,0,0,0,0,0,0,0,0,0,0,5501,13756,30848,0,0,0,55,16,0,0,0,0,0,0,0,0,0,0,0,0,0,0,0,0,0,5501,TCGA-OL-A66P-DX1_xmin30143_ymin20310_MPP-0.2500+153
22920,24529,0,0,0,20,2707,0,0,0,0,0,0,0,0,0,0,0,0,0,0,0,0,0,0,23123,24326,0,0,0,27,2700,0,0,0,0,0,0,0,0,0,0,0,0,0,0,0,0,0,0,22946,24503,0,0,0,27,2700,0,0,0,0,0,0,0,0,0,0,0,0,0,0,0,0,0,0,TCGA-OL-A66P-DX1_xmin30143_ymin20310_MPP-0.2500+154
50176,0,0,0,0,0,0,0,0,0,0,0,0,0,0,0,0,0,0,0,0,0,0,0,0,50176,0,0,0,0,0,0,0,0,0,0,0,0,0,0,0,0,0,0,0,0,0,0,0,0,50176,0,0,0,0,0,0,0,0,0,0,0,0,0,0,0,0,0,0,0,0,0,0,0,0,TCGA-OL-A66P-DX1_xmin30143_ymin20310_MPP-0.2500+155
50176,0,0,0,0,0,0,0,0,0,0,0,0,0,0,0,0,0,0,0,0,0,0,0,0,50176,0,0,0,0,0,0,0,0,0,0,0,0,0,0,0,0,0,0,0,0,0,0,0,0,50176,0,0,0,0,0,0,0,0,0,0,0,0,0,0,0,0,0,0,0,0,0,0,0,0,TCGA-OL-A66P-DX1_xmin30143_ymin20310_MPP-0.2500+156
22950,22016,0,0,0,0,1021,0,0,0,0,933,0,0,0,0,0,0,0,0,0,0,0,0,3256,23222,21744,0,0,0,0,1021,0,0,0,0,933,0,0,0,0,0,0,0,0,0,0,0,0,3256,23420,21546,0,0,0,0,1021,0,0,0,0,933,0,0,0,0,0,0,0,0,0,0,0,0,3256,TCGA-OL-A66P-DX1_xmin30143_ymin20310_MPP-0.2500+157
5405,4418,0,0,0,351,2907,9,0,0,268,12048,24770,0,0,0,0,0,0,0,0,0,0,0,0,5349,4474,0,0,0,377,2878,12,0,0,523,12491,24072,0,0,0,0,0,0,0,0,0,0,0,0,5258,4565,0,0,0,342,2916,9,0,0,676,13155,23255,0,0,0,0,0,0,0,0,0,0,0,0,TCGA-OL-A66P-DX1_xmin30143_ymin20310_MPP-0.2500+158
0,0,0,0,0,0,5397,3707,0,0,0,3733,18764,0,0,0,0,0,0,0,0,0,0,0,18575,0,0,0,0,0,0,5444,3660,0,0,0,4540,17957,0,0,0,0,0,0,0,0,0,0,0,18575,0,0,0,0,0,0,5584,3520,0,0,0,4936,17561,0,0,0,0,0,0,0,0,0,0,0,18575,TCGA-OL-A66P-DX1_xmin30143_ymin20310_MPP-0.2500+159
0,0,0,0,0,0,28679,0,0,0,0,0,0,0,0,0,0,0,0,0,0,0,0,0,21497,0,0,0,0,0,0,28679,0,0,0,0,0,0,0,0,0,0,0,0,0,0,0,0,0,21497,0,0,0,0,0,0,28679,0,0,0,0,0,0,0,0,0,0,0,0,0,0,0,0,0,21497,TCGA-OL-A66P-DX1_xmin30143_ymin20310_MPP-0.2500+16
0,20,0,0,0,0,5815,0,0,0,0,0,0,0,0,0,0,0,0,0,0,0,0,0,44341,0,20,0,0,0,0,5815,0,0,0,0,0,0,0,0,0,0,0,0,0,0,0,0,0,44341,0,20,0,0,0,0,5815,0,0,0,0,0,0,0,0,0,0,0,0,0,0,0,0,0,44341,TCGA-OL-A66P-DX1_xmin30143_ymin20310_MPP-0.2500+160
560,996,0,0,0,3558,5048,0,0,0,0,0,0,0,0,0,0,0,0,0,0,0,0,0,40014,616,940,0,0,0,3544,4979,83,0,0,0,0,0,0,0,0,0,0,0,0,0,0,0,0,40014,577,979,0,0,0,3297,5309,0,0,0,0,0,0,0,0,0,0,0,0,0,0,0,0,0,40014,TCGA-OL-A66P-DX1_xmin30143_ymin20310_MPP-0.2500+161
0,130,0,0,0,1431,3760,130,0,0,0,0,0,0,0,0,0,0,0,0,0,0,0,0,44725,0,130,0,0,0,1602,3601,118,0,0,0,0,0,0,0,0,0,0,0,0,0,0,0,0,44725,0,130,0,0,0,1690,3527,104,0,0,0,0,0,0,0,0,0,0,0,0,0,0,0,0,44725,TCGA-OL-A66P-DX1_xmin30143_ymin20310_MPP-0.2500+162
143,0,0,10592,0,0,0,0,0,0,0,0,0,0,0,0,0,0,0,0,0,0,0,0,39441,118,0,0,10617,0,0,0,0,0,0,0,0,0,0,0,0,0,0,0,0,0,0,0,0,39441,118,0,0,10617,0,0,0,0,0,0,0,0,0,0,0,0,0,0,0,0,0,0,0,0,39441,TCGA-OL-A66P-DX1_xmin30143_ymin20310_MPP-0.2500+163
6435,2125,0,0,0,4607,14006,0,0,0,0,0,0,0,0,0,0,0,0,0,0,0,0,0,23003,6665,1895,0,0,0,4832,13781,0,0,0,0,0,0,0,0,0,0,0,0,0,0,0,0,0,23003,6730,1830,0,0,0,4779,13834,0,0,0,0,0,0,0,0,0,0,0,0,0,0,0,0,0,23003,TCGA-OL-A66P-DX1_xmin30143_ymin20310_MPP-0.2500+164
12225,3142,0,0,0,4114,24944,0,0,0,0,0,0,0,0,0,0,0,0,0,0,0,0,0,5751,12420,2947,0,0,0,4496,24562,0,0,0,0,0,0,0,0,0,0,0,0,0,0,0,0,0,5751,12481,2886,0,0,0,4632,24426,0,0,0,0,0,0,0,0,0,0,0,0,0,0,0,0,0,5751,TCGA-OL-A66P-DX1_xmin30143_ymin20310_MPP-0.2500+165
48732,0,0,0,0,10,0,0,0,0,0,0,0,0,0,0,0,0,0,0,0,0,0,0,1434,48732,0,0,0,0,10,0,0,0,0,0,0,0,0,0,0,0,0,0,0,0,0,0,0,1434,48732,0,0,0,0,10,0,0,0,0,0,0,0,0,0,0,0,0,0,0,0,0,0,0,1434,TCGA-OL-A66P-DX1_xmin30143_ymin20310_MPP-0.2500+166
47609,0,0,0,0,2566,0,0,0,0,1,0,0,0,0,0,0,0,0,0,0,0,0,0,0,47609,0,0,0,0,2566,0,0,0,0,1,0,0,0,0,0,0,0,0,0,0,0,0,0,0,47609,0,0,0,0,2566,0,0,0,0,1,0,0,0,0,0,0,0,0,0,0,0,0,0,0,TCGA-OL-A66P-DX1_xmin30143_ymin20310_MPP-0.2500+167
7783,8222,0,0,0,0,5124,0,0,0,0,29047,0,0,0,0,0,0,0,0,0,0,0,0,0,8218,7787,0,0,0,0,5124,0,0,0,0,29047,0,0,0,0,0,0,0,0,0,0,0,0,0,8388,7617,0,0,0,0,5124,0,0,0,0,29047,0,0,0,0,0,0,0,0,0,0,0,0,0,TCGA-OL-A66P-DX1_xmin30143_ymin20310_MPP-0.2500+168
0,0,0,0,0,0,0,3815,0,0,4,0,46357,0,0,0,0,0,0,0,0,0,0,0,0,0,0,0,0,0,0,0,3815,0,0,4,0,46357,0,0,0,0,0,0,0,0,0,0,0,0,0,0,0,0,0,0,0,3815,0,0,4,0,46357,0,0,0,0,0,0,0,0,0,0,0,0,TCGA-OL-A66P-DX1_xmin30143_ymin20310_MPP-0.2500+169
17991,1497,0,0,0,2021,21469,0,0,0,0,0,0,0,0,0,0,0,0,0,0,0,0,0,7198,17941,1547,0,0,0,2041,21449,0,0,0,0,0,0,0,0,0,0,0,0,0,0,0,0,0,7198,17927,1561,0,0,0,2043,21447,0,0,0,0,0,0,0,0,0,0,0,0,0,0,0,0,0,7198,TCGA-OL-A66P-DX1_xmin30143_ymin20310_MPP-0.2500+17
0,0,0,0,0,0,11053,362,0,0,4,3595,1055,0,0,0,0,0,0,0,0,0,0,0,34107,0,0,0,0,0,0,11019,396,0,0,1,3590,1063,0,0,0,0,0,0,0,0,0,0,0,34107,0,0,0,0,0,0,10997,418,0,0,1,3571,1082,0,0,0,0,0,0,0,0,0,0,0,34107,TCGA-OL-A66P-DX1_xmin30143_ymin20310_MPP-0.2500+170
0,0,0,0,0,0,3225,0,0,0,0,0,0,0,0,0,0,0,0,0,0,0,0,0,46951,0,0,0,0,0,0,3225,0,0,0,0,0,0,0,0,0,0,0,0,0,0,0,0,0,46951,0,0,0,0,0,0,3225,0,0,0,0,0,0,0,0,0,0,0,0,0,0,0,0,0,46951,TCGA-OL-A66P-DX1_xmin30143_ymin20310_MPP-0.2500+171
551,12208,0,0,0,386,8006,0,0,0,0,0,0,0,0,0,0,0,0,0,0,0,0,0,29025,1019,11740,0,0,0,558,7834,0,0,0,0,0,0,0,0,0,0,0,0,0,0,0,0,0,29025,1019,11740,0,0,0,558,7834,0,0,0,0,0,0,0,0,0,0,0,0,0,0,0,0,0,29025,TCGA-OL-A66P-DX1_xmin30143_ymin20310_MPP-0.2500+172
0,1671,0,0,0,0,0,0,0,0,0,0,0,0,0,0,0,0,0,0,0,0,0,0,48505,0,1671,0,0,0,0,0,0,0,0,0,0,0,0,0,0,0,0,0,0,0,0,0,0,48505,0,1671,0,0,0,0,0,0,0,0,0,0,0,0,0,0,0,0,0,0,0,0,0,0,48505,TCGA-OL-A66P-DX1_xmin30143_ymin20310_MPP-0.2500+173
0,1423,0,0,0,0,0,0,0,0,0,0,0,0,0,0,0,0,0,0,0,0,0,0,48753,0,1423,0,0,0,0,0,0,0,0,0,0,0,0,0,0,0,0,0,0,0,0,0,0,48753,0,1423,0,0,0,0,0,0,0,0,0,0,0,0,0,0,0,0,0,0,0,0,0,0,48753,TCGA-OL-A66P-DX1_xmin30143_ymin20310_MPP-0.2500+174
0,847,0,0,0,0,0,0,0,0,0,0,0,0,0,0,0,0,0,0,0,0,0,0,49329,0,847,0,0,0,0,0,0,0,0,0,0,0,0,0,0,0,0,0,0,0,0,0,0,49329,0,847,0,0,0,0,0,0,0,0,0,0,0,0,0,0,0,0,0,0,0,0,0,0,49329,TCGA-OL-A66P-DX1_xmin30143_ymin20310_MPP-0.2500+175
0,0,0,0,0,0,27667,0,0,0,0,0,0,0,0,0,0,0,0,0,0,0,0,0,22509,0,0,0,0,0,0,27667,0,0,0,0,0,0,0,0,0,0,0,0,0,0,0,0,0,22509,0,0,0,0,0,0,27667,0,0,0,0,0,0,0,0,0,0,0,0,0,0,0,0,0,22509,TCGA-OL-A66P-DX1_xmin30143_ymin20310_MPP-0.2500+176
11351,0,0,0,0,37066,0,0,0,0,541,0,0,0,0,0,0,0,0,0,0,0,0,0,1218,9836,1515,0,0,0,5316,31750,0,0,0,513,28,0,0,0,0,0,0,0,0,0,0,0,0,1218,11351,0,0,0,0,37066,0,0,0,0,541,0,0,0,0,0,0,0,0,0,0,0,0,0,1218,TCGA-OL-A66P-DX1_xmin30143_ymin20310_MPP-0.2500+177
1988,1346,0,0,0,1489,28772,3820,0,0,1182,6661,4918,0,0,0,0,0,0,0,0,0,0,0,0,1925,1409,0,0,0,1326,29672,3083,0,0,1079,7140,4542,0,0,0,0,0,0,0,0,0,0,0,0,1974,1360,0,0,0,1532,29199,3350,0,0,1115,6862,4784,0,0,0,0,0,0,0,0,0,0,0,0,TCGA-OL-A66P-DX1_xmin30143_ymin20310_MPP-0.2500+178
0,0,0,0,0,0,3291,0,0,0,0,28905,17980,0,0,0,0,0,0,0,0,0,0,0,0,0,0,0,0,0,0,3291,0,0,0,0,28680,18205,0,0,0,0,0,0,0,0,0,0,0,0,0,0,0,0,0,0,3291,0,0,0,0,28619,18266,0,0,0,0,0,0,0,0,0,0,0,0,TCGA-OL-A66P-DX1_xmin30143_ymin20310_MPP-0.2500+179
0,9899,0,0,0,0,27675,0,0,0,0,2922,0,0,0,0,0,0,0,0,0,0,0,0,9680,0,9899,0,0,0,0,27675,0,0,0,0,2922,0,0,0,0,0,0,0,0,0,0,0,0,9680,0,9899,0,0,0,0,27675,0,0,0,0,2922,0,0,0,0,0,0,0,0,0,0,0,0,9680,TCGA-OL-A66P-DX1_xmin30143_ymin20310_MPP-0.2500+18
0,0,0,0,0,0,0,0,0,0,0,0,50176,0,0,0,0,0,0,0,0,0,0,0,0,0,0,0,0,0,0,0,0,0,0,0,0,50176,0,0,0,0,0,0,0,0,0,0,0,0,0,0,0,0,0,0,0,0,0,0,0,0,50176,0,0,0,0,0,0,0,0,0,0,0,0,TCGA-OL-A66P-DX1_xmin30143_ymin20310_MPP-0.2500+180
0,0,0,0,0,0,3898,171,0,0,0,7521,12190,0,0,0,0,0,0,0,0,0,0,0,26396,0,0,0,0,0,0,3916,153,0,0,0,8158,11553,0,0,0,0,0,0,0,0,0,0,0,26396,0,0,0,0,0,0,3920,149,0,0,0,8332,11379,0,0,0,0,0,0,0,0,0,0,0,26396,TCGA-OL-A66P-DX1_xmin30143_ymin20310_MPP-0.2500+181
0,0,0,0,0,0,3242,3,0,0,0,0,0,0,0,0,0,0,0,0,0,0,0,0,46931,0,0,0,0,0,0,3244,1,0,0,0,0,0,0,0,0,0,0,0,0,0,0,0,0,46931,0,0,0,0,0,0,3243,2,0,0,0,0,0,0,0,0,0,0,0,0,0,0,0,0,46931,TCGA-OL-A66P-DX1_xmin30143_ymin20310_MPP-0.2500+182
0,0,0,0,0,0,6816,0,0,0,0,0,0,0,0,0,0,0,0,0,0,0,0,0,43360,0,0,0,0,0,0,6816,0,0,0,0,0,0,0,0,0,0,0,0,0,0,0,0,0,43360,0,0,0,0,0,0,6816,0,0,0,0,0,0,0,0,0,0,0,0,0,0,0,0,0,43360,TCGA-OL-A66P-DX1_xmin30143_ymin20310_MPP-0.2500+183
0,0,0,0,0,0,3060,0,0,0,0,0,0,0,0,0,0,0,0,0,0,0,0,0,47116,0,0,0,0,0,0,3060,0,0,0,0,0,0,0,0,0,0,0,0,0,0,0,0,0,47116,0,0,0,0,0,0,3060,0,0,0,0,0,0,0,0,0,0,0,0,0,0,0,0,0,47116,TCGA-OL-A66P-DX1_xmin30143_ymin20310_MPP-0.2500+184
0,0,0,0,0,0,27800,0,0,0,0,0,0,0,0,0,0,0,0,0,0,0,0,0,22376,0,0,0,0,0,0,27800,0,0,0,0,0,0,0,0,0,0,0,0,0,0,0,0,0,22376,0,0,0,0,0,0,27800,0,0,0,0,0,0,0,0,0,0,0,0,0,0,0,0,0,22376,TCGA-OL-A66P-DX1_xmin30143_ymin20310_MPP-0.2500+185
0,0,0,0,0,0,23767,0,0,0,0,0,0,0,0,0,0,0,0,0,0,0,0,0,26409,0,0,0,0,0,0,23767,0,0,0,0,0,0,0,0,0,0,0,0,0,0,0,0,0,26409,0,0,0,0,0,0,23767,0,0,0,0,0,0,0,0,0,0,0,0,0,0,0,0,0,26409,TCGA-OL-A66P-DX1_xmin30143_ymin20310_MPP-0.2500+186
0,0,0,0,0,0,43523,0,0,0,0,553,0,0,0,0,0,0,0,0,0,0,0,0,6100,0,0,0,0,0,0,43523,0,0,0,0,553,0,0,0,0,0,0,0,0,0,0,0,0,6100,0,0,0,0,0,0,43523,0,0,0,0,553,0,0,0,0,0,0,0,0,0,0,0,0,6100,TCGA-OL-A66P-DX1_xmin30143_ymin20310_MPP-0.2500+187
0,0,0,0,0,0,38141,0,0,0,0,12035,0,0,0,0,0,0,0,0,0,0,0,0,0,0,0,0,0,0,0,38141,0,0,0,0,12035,0,0,0,0,0,0,0,0,0,0,0,0,0,0,0,0,0,0,0,38141,0,0,0,0,12035,0,0,0,0,0,0,0,0,0,0,0,0,0,TCGA-OL-A66P-DX1_xmin30143_ymin20310_MPP-0.2500+188
0,0,0,0,0,0,40417,0,0,0,0,9759,0,0,0,0,0,0,0,0,0,0,0,0,0,0,0,0,0,0,0,40417,0,0,0,0,9759,0,0,0,0,0,0,0,0,0,0,0,0,0,0,0,0,0,0,0,40417,0,0,0,0,9759,0,0,0,0,0,0,0,0,0,0,0,0,0,TCGA-OL-A66P-DX1_xmin30143_ymin20310_MPP-0.2500+189
47246,0,0,0,0,2511,0,0,0,0,419,0,0,0,0,0,0,0,0,0,0,0,0,0,0,47246,0,0,0,0,2511,0,0,0,0,419,0,0,0,0,0,0,0,0,0,0,0,0,0,0,47246,0,0,0,0,2511,0,0,0,0,419,0,0,0,0,0,0,0,0,0,0,0,0,0,0,TCGA-OL-A66P-DX1_xmin30143_ymin20310_MPP-0.2500+19
0,0,0,0,0,0,26129,2203,0,0,0,9833,12011,0,0,0,0,0,0,0,0,0,0,0,0,0,0,0,0,0,0,26301,2031,0,0,0,9899,11945,0,0,0,0,0,0,0,0,0,0,0,0,0,0,0,0,0,0,26197,2135,0,0,0,9929,11915,0,0,0,0,0,0,0,0,0,0,0,0,TCGA-OL-A66P-DX1_xmin30143_ymin20310_MPP-0.2500+190
0,0,0,0,0,0,26016,0,0,0,0,4671,0,0,0,0,0,0,0,0,0,0,0,0,19489,0,0,0,0,0,0,26016,0,0,0,0,4671,0,0,0,0,0,0,0,0,0,0,0,0,19489,0,0,0,0,0,0,26016,0,0,0,0,4671,0,0,0,0,0,0,0,0,0,0,0,0,19489,TCGA-OL-A66P-DX1_xmin30143_ymin20310_MPP-0.2500+191
0,0,0,0,0,0,13887,0,0,0,0,0,0,0,0,0,0,0,0,0,0,0,0,0,36289,0,0,0,0,0,0,13887,0,0,0,0,0,0,0,0,0,0,0,0,0,0,0,0,0,36289,0,0,0,0,0,0,13887,0,0,0,0,0,0,0,0,0,0,0,0,0,0,0,0,0,36289,TCGA-OL-A66P-DX1_xmin30143_ymin20310_MPP-0.2500+192
0,0,0,0,0,0,21055,0,0,0,0,0,0,0,0,0,0,0,0,0,0,0,0,0,29121,0,0,0,0,0,0,21055,0,0,0,0,0,0,0,0,0,0,0,0,0,0,0,0,0,29121,0,0,0,0,0,0,21055,0,0,0,0,0,0,0,0,0,0,0,0,0,0,0,0,0,29121,TCGA-OL-A66P-DX1_xmin30143_ymin20310_MPP-0.2500+193
0,0,0,0,0,0,15614,3256,0,0,0,123,1481,0,0,0,0,0,0,0,0,0,0,0,29702,0,0,0,0,0,0,16384,2486,0,0,0,123,1481,0,0,0,0,0,0,0,0,0,0,0,29702,0,0,0,0,0,0,16426,2444,0,0,0,123,1481,0,0,0,0,0,0,0,0,0,0,0,29702,TCGA-OL-A66P-DX1_xmin30143_ymin20310_MPP-0.2500+194
0,0,0,0,0,0,1507,0,0,0,0,0,0,0,0,0,0,0,0,0,0,0,0,0,48669,0,0,0,0,0,0,1507,0,0,0,0,0,0,0,0,0,0,0,0,0,0,0,0,0,48669,0,0,0,0,0,0,1507,0,0,0,0,0,0,0,0,0,0,0,0,0,0,0,0,0,48669,TCGA-OL-A66P-DX1_xmin30143_ymin20310_MPP-0.2500+195
0,0,0,0,0,0,1046,0,0,0,0,0,0,0,0,0,0,0,0,0,0,0,0,0,49130,0,0,0,0,0,0,1046,0,0,0,0,0,0,0,0,0,0,0,0,0,0,0,0,0,49130,0,0,0,0,0,0,1046,0,0,0,0,0,0,0,0,0,0,0,0,0,0,0,0,0,49130,TCGA-OL-A66P-DX1_xmin30143_ymin20310_MPP-0.2500+196
0,0,0,0,0,0,30814,0,0,0,0,0,0,0,0,0,0,0,0,0,0,0,0,0,19362,0,0,0,0,0,0,30814,0,0,0,0,0,0,0,0,0,0,0,0,0,0,0,0,0,19362,0,0,0,0,0,0,30814,0,0,0,0,0,0,0,0,0,0,0,0,0,0,0,0,0,19362,TCGA-OL-A66P-DX1_xmin30143_ymin20310_MPP-0.2500+197
0,0,0,0,0,0,50176,0,0,0,0,0,0,0,0,0,0,0,0,0,0,0,0,0,0,0,0,0,0,0,0,50176,0,0,0,0,0,0,0,0,0,0,0,0,0,0,0,0,0,0,0,0,0,0,0,0,50176,0,0,0,0,0,0,0,0,0,0,0,0,0,0,0,0,0,0,TCGA-OL-A66P-DX1_xmin30143_ymin20310_MPP-0.2500+198
0,0,0,0,0,0,50176,0,0,0,0,0,0,0,0,0,0,0,0,0,0,0,0,0,0,0,0,0,0,0,0,50176,0,0,0,0,0,0,0,0,0,0,0,0,0,0,0,0,0,0,0,0,0,0,0,0,50176,0,0,0,0,0,0,0,0,0,0,0,0,0,0,0,0,0,0,TCGA-OL-A66P-DX1_xmin30143_ymin20310_MPP-0.2500+199
50118,0,0,0,0,58,0,0,0,0,0,0,0,0,0,0,0,0,0,0,0,0,0,0,0,50118,0,0,0,0,58,0,0,0,0,0,0,0,0,0,0,0,0,0,0,0,0,0,0,0,50118,0,0,0,0,58,0,0,0,0,0,0,0,0,0,0,0,0,0,0,0,0,0,0,0,TCGA-OL-A66P-DX1_xmin30143_ymin20310_MPP-0.2500+2
50176,0,0,0,0,0,0,0,0,0,0,0,0,0,0,0,0,0,0,0,0,0,0,0,0,50176,0,0,0,0,0,0,0,0,0,0,0,0,0,0,0,0,0,0,0,0,0,0,0,0,50176,0,0,0,0,0,0,0,0,0,0,0,0,0,0,0,0,0,0,0,0,0,0,0,0,TCGA-OL-A66P-DX1_xmin30143_ymin20310_MPP-0.2500+20
0,0,0,0,0,0,50176,0,0,0,0,0,0,0,0,0,0,0,0,0,0,0,0,0,0,0,0,0,0,0,0,50176,0,0,0,0,0,0,0,0,0,0,0,0,0,0,0,0,0,0,0,0,0,0,0,0,50176,0,0,0,0,0,0,0,0,0,0,0,0,0,0,0,0,0,0,TCGA-OL-A66P-DX1_xmin30143_ymin20310_MPP-0.2500+200
0,0,0,0,0,0,50176,0,0,0,0,0,0,0,0,0,0,0,0,0,0,0,0,0,0,0,0,0,0,0,0,50176,0,0,0,0,0,0,0,0,0,0,0,0,0,0,0,0,0,0,0,0,0,0,0,0,50176,0,0,0,0,0,0,0,0,0,0,0,0,0,0,0,0,0,0,TCGA-OL-A66P-DX1_xmin30143_ymin20310_MPP-0.2500+201
0,0,0,0,0,0,49444,0,0,0,0,0,0,0,0,0,0,0,0,0,0,0,0,0,732,0,0,0,0,0,0,49444,0,0,0,0,0,0,0,0,0,0,0,0,0,0,0,0,0,732,0,0,0,0,0,0,49444,0,0,0,0,0,0,0,0,0,0,0,0,0,0,0,0,0,732,TCGA-OL-A66P-DX1_xmin30143_ymin20310_MPP-0.2500+202
0,0,0,0,0,0,41115,0,0,0,0,2432,0,0,0,0,0,0,0,0,0,0,0,0,6629,0,0,0,0,0,0,41115,0,0,0,0,2432,0,0,0,0,0,0,0,0,0,0,0,0,6629,0,0,0,0,0,0,41115,0,0,0,0,2432,0,0,0,0,0,0,0,0,0,0,0,0,6629,TCGA-OL-A66P-DX1_xmin30143_ymin20310_MPP-0.2500+203
0,0,0,0,0,0,49812,0,0,0,0,0,0,0,0,0,0,0,0,0,0,0,0,0,364,0,0,0,0,0,0,49812,0,0,0,0,0,0,0,0,0,0,0,0,0,0,0,0,0,364,0,0,0,0,0,0,49812,0,0,0,0,0,0,0,0,0,0,0,0,0,0,0,0,0,364,TCGA-OL-A66P-DX1_xmin30143_ymin20310_MPP-0.2500+204
0,0,0,0,0,0,34549,0,0,0,0,0,0,0,0,0,0,0,0,0,0,0,0,0,15627,0,0,0,0,0,0,34549,0,0,0,0,0,0,0,0,0,0,0,0,0,0,0,0,0,15627,0,0,0,0,0,0,34549,0,0,0,0,0,0,0,0,0,0,0,0,0,0,0,0,0,15627,TCGA-OL-A66P-DX1_xmin30143_ymin20310_MPP-0.2500+205
0,0,0,0,0,0,35143,0,0,0,0,0,0,0,0,0,0,0,0,0,0,0,0,0,15033,0,0,0,0,0,0,35143,0,0,0,0,0,0,0,0,0,0,0,0,0,0,0,0,0,15033,0,0,0,0,0,0,35143,0,0,0,0,0,0,0,0,0,0,0,0,0,0,0,0,0,15033,TCGA-OL-A66P-DX1_xmin30143_ymin20310_MPP-0.2500+206
0,0,0,0,0,0,27824,0,0,0,0,3622,0,0,0,0,0,0,0,0,0,0,0,0,18730,0,0,0,0,0,0,27824,0,0,0,0,3622,0,0,0,0,0,0,0,0,0,0,0,0,18730,0,0,0,0,0,0,27824,0,0,0,0,3622,0,0,0,0,0,0,0,0,0,0,0,0,18730,TCGA-OL-A66P-DX1_xmin30143_ymin20310_MPP-0.2500+207
0,0,0,0,0,0,18216,4484,0,0,0,2118,5021,0,0,0,0,0,0,0,0,0,0,0,20337,0,0,0,0,0,0,19756,2944,0,0,0,2348,4791,0,0,0,0,0,0,0,0,0,0,0,20337,0,0,0,0,0,0,20884,1816,0,0,0,2604,4535,0,0,0,0,0,0,0,0,0,0,0,20337,TCGA-OL-A66P-DX1_xmin30143_ymin20310_MPP-0.2500+208
0,0,0,0,0,0,50176,0,0,0,0,0,0,0,0,0,0,0,0,0,0,0,0,0,0,0,0,0,0,0,0,50176,0,0,0,0,0,0,0,0,0,0,0,0,0,0,0,0,0,0,0,0,0,0,0,0,50176,0,0,0,0,0,0,0,0,0,0,0,0,0,0,0,0,0,0,TCGA-OL-A66P-DX1_xmin30143_ymin20310_MPP-0.2500+209
28921,4529,0,0,0,3406,13320,0,0,0,0,0,0,0,0,0,0,0,0,0,0,0,0,0,0,28585,4865,0,0,0,3586,13140,0,0,0,0,0,0,0,0,0,0,0,0,0,0,0,0,0,0,28158,5292,0,0,0,3587,13139,0,0,0,0,0,0,0,0,0,0,0,0,0,0,0,0,0,0,TCGA-OL-A66P-DX1_xmin30143_ymin20310_MPP-0.2500+21
0,0,0,0,0,0,50176,0,0,0,0,0,0,0,0,0,0,0,0,0,0,0,0,0,0,0,0,0,0,0,0,50176,0,0,0,0,0,0,0,0,0,0,0,0,0,0,0,0,0,0,0,0,0,0,0,0,50176,0,0,0,0,0,0,0,0,0,0,0,0,0,0,0,0,0,0,TCGA-OL-A66P-DX1_xmin30143_ymin20310_MPP-0.2500+210
0,0,0,0,0,0,50176,0,0,0,0,0,0,0,0,0,0,0,0,0,0,0,0,0,0,0,0,0,0,0,0,50176,0,0,0,0,0,0,0,0,0,0,0,0,0,0,0,0,0,0,0,0,0,0,0,0,50176,0,0,0,0,0,0,0,0,0,0,0,0,0,0,0,0,0,0,TCGA-OL-A66P-DX1_xmin30143_ymin20310_MPP-0.2500+211
0,0,0,0,0,0,50176,0,0,0,0,0,0,0,0,0,0,0,0,0,0,0,0,0,0,0,0,0,0,0,0,50176,0,0,0,0,0,0,0,0,0,0,0,0,0,0,0,0,0,0,0,0,0,0,0,0,50176,0,0,0,0,0,0,0,0,0,0,0,0,0,0,0,0,0,0,TCGA-OL-A66P-DX1_xmin30143_ymin20310_MPP-0.2500+212
0,0,0,0,0,0,42540,0,0,0,0,7636,0,0,0,0,0,0,0,0,0,0,0,0,0,0,0,0,0,0,0,42540,0,0,0,0,7636,0,0,0,0,0,0,0,0,0,0,0,0,0,0,0,0,0,0,0,42540,0,0,0,0,7636,0,0,0,0,0,0,0,0,0,0,0,0,0,TCGA-OL-A66P-DX1_xmin30143_ymin20310_MPP-0.2500+213
0,0,0,0,0,0,50176,0,0,0,0,0,0,0,0,0,0,0,0,0,0,0,0,0,0,0,0,0,0,0,0,50176,0,0,0,0,0,0,0,0,0,0,0,0,0,0,0,0,0,0,0,0,0,0,0,0,50176,0,0,0,0,0,0,0,0,0,0,0,0,0,0,0,0,0,0,TCGA-OL-A66P-DX1_xmin30143_ymin20310_MPP-0.2500+214
0,0,0,0,0,0,50176,0,0,0,0,0,0,0,0,0,0,0,0,0,0,0,0,0,0,0,0,0,0,0,0,50176,0,0,0,0,0,0,0,0,0,0,0,0,0,0,0,0,0,0,0,0,0,0,0,0,50176,0,0,0,0,0,0,0,0,0,0,0,0,0,0,0,0,0,0,TCGA-OL-A66P-DX1_xmin30143_ymin20310_MPP-0.2500+215
0,0,0,0,0,0,50176,0,0,0,0,0,0,0,0,0,0,0,0,0,0,0,0,0,0,0,0,0,0,0,0,50176,0,0,0,0,0,0,0,0,0,0,0,0,0,0,0,0,0,0,0,0,0,0,0,0,50176,0,0,0,0,0,0,0,0,0,0,0,0,0,0,0,0,0,0,TCGA-OL-A66P-DX1_xmin30143_ymin20310_MPP-0.2500+216
0,0,0,0,0,0,45445,0,0,0,0,1258,0,0,0,0,0,0,0,0,0,0,0,0,3473,0,0,0,0,0,0,45445,0,0,0,0,1258,0,0,0,0,0,0,0,0,0,0,0,0,3473,0,0,0,0,0,0,45445,0,0,0,0,1258,0,0,0,0,0,0,0,0,0,0,0,0,3473,TCGA-OL-A66P-DX1_xmin30143_ymin20310_MPP-0.2500+217
0,0,0,0,0,0,50176,0,0,0,0,0,0,0,0,0,0,0,0,0,0,0,0,0,0,0,0,0,0,0,0,50176,0,0,0,0,0,0,0,0,0,0,0,0,0,0,0,0,0,0,0,0,0,0,0,0,50176,0,0,0,0,0,0,0,0,0,0,0,0,0,0,0,0,0,0,TCGA-OL-A66P-DX1_xmin30143_ymin20310_MPP-0.2500+218
0,0,0,0,0,0,50176,0,0,0,0,0,0,0,0,0,0,0,0,0,0,0,0,0,0,0,0,0,0,0,0,50176,0,0,0,0,0,0,0,0,0,0,0,0,0,0,0,0,0,0,0,0,0,0,0,0,50176,0,0,0,0,0,0,0,0,0,0,0,0,0,0,0,0,0,0,TCGA-OL-A66P-DX1_xmin30143_ymin20310_MPP-0.2500+219
0,0,0,0,0,0,40029,0,0,0,0,0,0,0,0,0,0,0,0,0,0,0,0,0,10147,0,0,0,0,0,0,40029,0,0,0,0,0,0,0,0,0,0,0,0,0,0,0,0,0,10147,0,0,0,0,0,0,40029,0,0,0,0,0,0,0,0,0,0,0,0,0,0,0,0,0,10147,TCGA-OL-A66P-DX1_xmin30143_ymin20310_MPP-0.2500+22
0,0,0,0,0,0,50176,0,0,0,0,0,0,0,0,0,0,0,0,0,0,0,0,0,0,0,0,0,0,0,0,50176,0,0,0,0,0,0,0,0,0,0,0,0,0,0,0,0,0,0,0,0,0,0,0,0,50176,0,0,0,0,0,0,0,0,0,0,0,0,0,0,0,0,0,0,TCGA-OL-A66P-DX1_xmin30143_ymin20310_MPP-0.2500+220
0,0,0,0,0,0,50176,0,0,0,0,0,0,0,0,0,0,0,0,0,0,0,0,0,0,0,0,0,0,0,0,50176,0,0,0,0,0,0,0,0,0,0,0,0,0,0,0,0,0,0,0,0,0,0,0,0,50176,0,0,0,0,0,0,0,0,0,0,0,0,0,0,0,0,0,0,TCGA-OL-A66P-DX1_xmin30143_ymin20310_MPP-0.2500+221
0,0,0,0,0,0,49780,0,0,0,0,0,0,0,0,0,0,0,0,0,0,0,0,0,396,0,0,0,0,0,0,49780,0,0,0,0,0,0,0,0,0,0,0,0,0,0,0,0,0,396,0,0,0,0,0,0,49780,0,0,0,0,0,0,0,0,0,0,0,0,0,0,0,0,0,396,TCGA-OL-A66P-DX1_xmin30143_ymin20310_MPP-0.2500+222
0,0,0,0,0,0,50176,0,0,0,0,0,0,0,0,0,0,0,0,0,0,0,0,0,0,0,0,0,0,0,0,50176,0,0,0,0,0,0,0,0,0,0,0,0,0,0,0,0,0,0,0,0,0,0,0,0,50176,0,0,0,0,0,0,0,0,0,0,0,0,0,0,0,0,0,0,TCGA-OL-A66P-DX1_xmin30143_ymin20310_MPP-0.2500+223
0,0,0,0,0,0,38587,0,0,0,0,0,0,0,0,0,0,0,0,0,0,0,0,0,11589,0,0,0,0,0,0,38587,0,0,0,0,0,0,0,0,0,0,0,0,0,0,0,0,0,11589,0,0,0,0,0,0,38587,0,0,0,0,0,0,0,0,0,0,0,0,0,0,0,0,0,11589,TCGA-OL-A66P-DX1_xmin30143_ymin20310_MPP-0.2500+224
0,0,0,0,0,0,41052,993,0,0,0,0,0,0,0,0,0,0,0,0,0,0,0,0,8131,0,0,0,0,0,0,41164,881,0,0,0,0,0,0,0,0,0,0,0,0,0,0,0,0,8131,0,0,0,0,0,0,41027,1018,0,0,0,0,0,0,0,0,0,0,0,0,0,0,0,0,8131,TCGA-OL-A66P-DX1_xmin30143_ymin20310_MPP-0.2500+225
0,0,0,0,0,0,50176,0,0,0,0,0,0,0,0,0,0,0,0,0,0,0,0,0,0,0,0,0,0,0,0,50176,0,0,0,0,0,0,0,0,0,0,0,0,0,0,0,0,0,0,0,0,0,0,0,0,50176,0,0,0,0,0,0,0,0,0,0,0,0,0,0,0,0,0,0,TCGA-OL-A66P-DX1_xmin30143_ymin20310_MPP-0.2500+226
0,0,0,0,0,0,48478,0,0,0,0,0,0,0,0,0,0,0,0,0,0,0,0,0,1698,0,0,0,0,0,0,48478,0,0,0,0,0,0,0,0,0,0,0,0,0,0,0,0,0,1698,0,0,0,0,0,0,48478,0,0,0,0,0,0,0,0,0,0,0,0,0,0,0,0,0,1698,TCGA-OL-A66P-DX1_xmin30143_ymin20310_MPP-0.2500+23
0,0,0,0,0,0,35662,0,0,0,0,0,0,0,0,0,0,0,0,0,0,0,0,0,14514,0,0,0,0,0,0,35662,0,0,0,0,0,0,0,0,0,0,0,0,0,0,0,0,0,14514,0,0,0,0,0,0,35662,0,0,0,0,0,0,0,0,0,0,0,0,0,0,0,0,0,14514,TCGA-OL-A66P-DX1_xmin30143_ymin20310_MPP-0.2500+24
0,0,0,0,0,0,47133,0,0,0,0,0,0,0,0,0,0,0,0,0,0,0,0,0,3043,0,0,0,0,0,0,47133,0,0,0,0,0,0,0,0,0,0,0,0,0,0,0,0,0,3043,0,0,0,0,0,0,47133,0,0,0,0,0,0,0,0,0,0,0,0,0,0,0,0,0,3043,TCGA-OL-A66P-DX1_xmin30143_ymin20310_MPP-0.2500+25
0,8935,0,0,0,0,33069,0,0,0,0,0,0,0,0,0,0,0,0,0,0,0,0,0,8172,0,8935,0,0,0,0,33069,0,0,0,0,0,0,0,0,0,0,0,0,0,0,0,0,0,8172,0,8935,0,0,0,0,33069,0,0,0,0,0,0,0,0,0,0,0,0,0,0,0,0,0,8172,TCGA-OL-A66P-DX1_xmin30143_ymin20310_MPP-0.2500+26
42807,1625,0,0,0,544,5186,0,0,0,0,0,0,0,0,0,0,0,0,0,0,0,0,0,14,42772,1660,0,0,0,545,5185,0,0,0,0,0,0,0,0,0,0,0,0,0,0,0,0,0,14,42716,1716,0,0,0,535,5195,0,0,0,0,0,0,0,0,0,0,0,0,0,0,0,0,0,14,TCGA-OL-A66P-DX1_xmin30143_ymin20310_MPP-0.2500+27
23000,7616,0,0,0,1219,8224,0,0,0,0,0,0,0,0,0,0,0,0,0,0,0,0,0,10117,23029,7587,0,0,0,1211,8232,0,0,0,0,0,0,0,0,0,0,0,0,0,0,0,0,0,10117,23121,7495,0,0,0,1206,8237,0,0,0,0,0,0,0,0,0,0,0,0,0,0,0,0,0,10117,TCGA-OL-A66P-DX1_xmin30143_ymin20310_MPP-0.2500+28
20135,29457,0,0,0,0,498,0,0,0,0,0,0,0,0,0,0,0,0,0,0,0,0,0,86,19547,30045,0,0,0,0,498,0,0,0,0,0,0,0,0,0,0,0,0,0,0,0,0,0,86,19212,30380,0,0,0,0,498,0,0,0,0,0,0,0,0,0,0,0,0,0,0,0,0,0,86,TCGA-OL-A66P-DX1_xmin30143_ymin20310_MPP-0.2500+29
23129,9561,0,0,0,665,11710,0,0,0,0,0,0,0,0,0,0,0,0,0,0,0,0,0,5111,22928,9762,0,0,0,662,11713,0,0,0,0,0,0,0,0,0,0,0,0,0,0,0,0,0,5111,22614,10076,0,0,0,662,11713,0,0,0,0,0,0,0,0,0,0,0,0,0,0,0,0,0,5111,TCGA-OL-A66P-DX1_xmin30143_ymin20310_MPP-0.2500+3
0,5935,0,0,0,0,17533,0,0,0,0,0,0,0,0,0,0,0,0,0,0,0,0,0,26708,0,5935,0,0,0,0,17533,0,0,0,0,0,0,0,0,0,0,0,0,0,0,0,0,0,26708,0,5935,0,0,0,0,17533,0,0,0,0,0,0,0,0,0,0,0,0,0,0,0,0,0,26708,TCGA-OL-A66P-DX1_xmin30143_ymin20310_MPP-0.2500+30
20001,1898,0,0,0,1472,15515,0,0,0,0,2415,0,0,0,0,0,0,0,0,0,0,0,0,8875,20272,1627,0,0,0,1522,15465,0,0,0,0,2415,0,0,0,0,0,0,0,0,0,0,0,0,8875,20456,1443,0,0,0,1560,15427,0,0,0,0,2415,0,0,0,0,0,0,0,0,0,0,0,0,8875,TCGA-OL-A66P-DX1_xmin30143_ymin20310_MPP-0.2500+31
50176,0,0,0,0,0,0,0,0,0,0,0,0,0,0,0,0,0,0,0,0,0,0,0,0,50176,0,0,0,0,0,0,0,0,0,0,0,0,0,0,0,0,0,0,0,0,0,0,0,0,50176,0,0,0,0,0,0,0,0,0,0,0,0,0,0,0,0,0,0,0,0,0,0,0,0,TCGA-OL-A66P-DX1_xmin30143_ymin20310_MPP-0.2500+32
50176,0,0,0,0,0,0,0,0,0,0,0,0,0,0,0,0,0,0,0,0,0,0,0,0,50176,0,0,0,0,0,0,0,0,0,0,0,0,0,0,0,0,0,0,0,0,0,0,0,0,50176,0,0,0,0,0,0,0,0,0,0,0,0,0,0,0,0,0,0,0,0,0,0,0,0,TCGA-OL-A66P-DX1_xmin30143_ymin20310_MPP-0.2500+33
3584,30488,0,0,0,0,8592,0,0,0,0,0,0,0,0,0,0,0,0,0,0,0,0,0,7512,3456,30616,0,0,0,0,8592,0,0,0,0,0,0,0,0,0,0,0,0,0,0,0,0,0,7512,2912,31160,0,0,0,0,8592,0,0,0,0,0,0,0,0,0,0,0,0,0,0,0,0,0,7512,TCGA-OL-A66P-DX1_xmin30143_ymin20310_MPP-0.2500+34
0,0,0,0,0,0,28519,0,0,0,0,0,0,0,0,0,0,0,0,0,0,0,0,0,21657,0,0,0,0,0,0,28519,0,0,0,0,0,0,0,0,0,0,0,0,0,0,0,0,0,21657,0,0,0,0,0,0,28519,0,0,0,0,0,0,0,0,0,0,0,0,0,0,0,0,0,21657,TCGA-OL-A66P-DX1_xmin30143_ymin20310_MPP-0.2500+35
0,0,0,0,0,0,23358,0,0,0,0,0,0,0,0,0,0,0,0,0,0,0,0,0,26818,0,0,0,0,0,0,23358,0,0,0,0,0,0,0,0,0,0,0,0,0,0,0,0,0,26818,0,0,0,0,0,0,23358,0,0,0,0,0,0,0,0,0,0,0,0,0,0,0,0,0,26818,TCGA-OL-A66P-DX1_xmin30143_ymin20310_MPP-0.2500+36
0,0,0,0,0,0,33468,0,0,0,0,0,0,0,0,0,0,0,0,0,0,0,0,0,16708,0,0,0,0,0,0,33468,0,0,0,0,0,0,0,0,0,0,0,0,0,0,0,0,0,16708,0,0,0,0,0,0,33468,0,0,0,0,0,0,0,0,0,0,0,0,0,0,0,0,0,16708,TCGA-OL-A66P-DX1_xmin30143_ymin20310_MPP-0.2500+37
0,0,0,0,0,0,36906,0,0,0,0,0,0,0,0,0,0,0,0,0,0,0,0,0,13270,0,0,0,0,0,0,36906,0,0,0,0,0,0,0,0,0,0,0,0,0,0,0,0,0,13270,0,0,0,0,0,0,36906,0,0,0,0,0,0,0,0,0,0,0,0,0,0,0,0,0,13270,TCGA-OL-A66P-DX1_xmin30143_ymin20310_MPP-0.2500+38
0,26187,0,0,0,0,23910,0,0,0,0,0,0,0,0,0,0,0,0,0,0,0,0,0,79,0,26187,0,0,0,0,23910,0,0,0,0,0,0,0,0,0,0,0,0,0,0,0,0,0,79,0,26187,0,0,0,0,23910,0,0,0,0,0,0,0,0,0,0,0,0,0,0,0,0,0,79,TCGA-OL-A66P-DX1_xmin30143_ymin20310_MPP-0.2500+39
1106,3888,0,0,0,4232,12149,0,0,0,0,0,0,0,0,0,0,0,0,0,0,0,0,0,28801,1180,3814,0,0,0,4208,12173,0,0,0,0,0,0,0,0,0,0,0,0,0,0,0,0,0,28801,1304,3690,0,0,0,4160,12221,0,0,0,0,0,0,0,0,0,0,0,0,0,0,0,0,0,28801,TCGA-OL-A66P-DX1_xmin30143_ymin20310_MPP-0.2500+4
50176,0,0,0,0,0,0,0,0,0,0,0,0,0,0,0,0,0,0,0,0,0,0,0,0,50176,0,0,0,0,0,0,0,0,0,0,0,0,0,0,0,0,0,0,0,0,0,0,0,0,50176,0,0,0,0,0,0,0,0,0,0,0,0,0,0,0,0,0,0,0,0,0,0,0,0,TCGA-OL-A66P-DX1_xmin30143_ymin20310_MPP-0.2500+40
32013,2569,0,0,0,361,674,0,0,0,0,0,0,0,0,0,0,0,0,0,0,0,0,0,14559,31794,2788,0,0,0,354,681,0,0,0,0,0,0,0,0,0,0,0,0,0,0,0,0,0,14559,31478,3104,0,0,0,332,703,0,0,0,0,0,0,0,0,0,0,0,0,0,0,0,0,0,14559,TCGA-OL-A66P-DX1_xmin30143_ymin20310_MPP-0.2500+41
13113,24454,0,0,0,1175,4499,0,0,0,0,0,0,0,0,0,0,0,0,0,0,0,0,0,6935,13053,24514,0,0,0,1228,4446,0,0,0,0,0,0,0,0,0,0,0,0,0,0,0,0,0,6935,13060,24507,0,0,0,1271,4403,0,0,0,0,0,0,0,0,0,0,0,0,0,0,0,0,0,6935,TCGA-OL-A66P-DX1_xmin30143_ymin20310_MPP-0.2500+42
816,15132,0,0,0,0,15424,0,0,0,0,0,0,0,0,0,0,0,0,0,0,0,0,0,18804,816,15132,0,0,0,0,15424,0,0,0,0,0,0,0,0,0,0,0,0,0,0,0,0,0,18804,816,15132,0,0,0,0,15424,0,0,0,0,0,0,0,0,0,0,0,0,0,0,0,0,0,18804,TCGA-OL-A66P-DX1_xmin30143_ymin20310_MPP-0.2500+43
49732,0,0,0,0,91,0,0,0,0,0,0,0,0,0,0,0,0,0,0,0,0,0,0,353,49732,0,0,0,0,91,0,0,0,0,0,0,0,0,0,0,0,0,0,0,0,0,0,0,353,49732,0,0,0,0,91,0,0,0,0,0,0,0,0,0,0,0,0,0,0,0,0,0,0,353,TCGA-OL-A66P-DX1_xmin30143_ymin20310_MPP-0.2500+44
50176,0,0,0,0,0,0,0,0,0,0,0,0,0,0,0,0,0,0,0,0,0,0,0,0,50176,0,0,0,0,0,0,0,0,0,0,0,0,0,0,0,0,0,0,0,0,0,0,0,0,50176,0,0,0,0,0,0,0,0,0,0,0,0,0,0,0,0,0,0,0,0,0,0,0,0,TCGA-OL-A66P-DX1_xmin30143_ymin20310_MPP-0.2500+45
39477,7434,0,0,0,0,2165,0,0,0,0,0,0,0,0,0,0,0,0,0,0,0,0,0,1100,38758,8153,0,0,0,0,2165,0,0,0,0,0,0,0,0,0,0,0,0,0,0,0,0,0,1100,38019,8892,0,0,0,0,2165,0,0,0,0,0,0,0,0,0,0,0,0,0,0,0,0,0,1100,TCGA-OL-A66P-DX1_xmin30143_ymin20310_MPP-0.2500+46
9572,5270,0,0,0,909,18532,0,0,0,0,0,0,0,0,0,0,0,0,0,0,0,0,0,15893,9354,5488,0,0,0,918,18523,0,0,0,0,0,0,0,0,0,0,0,0,0,0,0,0,0,15893,9380,5462,0,0,0,979,18462,0,0,0,0,0,0,0,0,0,0,0,0,0,0,0,0,0,15893,TCGA-OL-A66P-DX1_xmin30143_ymin20310_MPP-0.2500+47
16,2355,0,0,0,0,35235,0,0,0,0,0,0,0,0,0,0,0,0,0,0,0,0,0,12570,16,2355,0,0,0,0,35235,0,0,0,0,0,0,0,0,0,0,0,0,0,0,0,0,0,12570,0,2371,0,0,0,0,35235,0,0,0,0,0,0,0,0,0,0,0,0,0,0,0,0,0,12570,TCGA-OL-A66P-DX1_xmin30143_ymin20310_MPP-0.2500+48
0,0,0,0,0,0,39797,0,0,0,0,0,0,0,0,0,0,0,0,0,0,0,0,0,10379,0,0,0,0,0,0,39797,0,0,0,0,0,0,0,0,0,0,0,0,0,0,0,0,0,10379,0,0,0,0,0,0,39797,0,0,0,0,0,0,0,0,0,0,0,0,0,0,0,0,0,10379,TCGA-OL-A66P-DX1_xmin30143_ymin20310_MPP-0.2500+49
45573,0,0,0,0,4603,0,0,0,0,0,0,0,0,0,0,0,0,0,0,0,0,0,0,0,45573,0,0,0,0,4603,0,0,0,0,0,0,0,0,0,0,0,0,0,0,0,0,0,0,0,45573,0,0,0,0,4603,0,0,0,0,0,0,0,0,0,0,0,0,0,0,0,0,0,0,0,TCGA-OL-A66P-DX1_xmin30143_ymin20310_MPP-0.2500+5
0,0,0,0,0,0,22518,0,0,0,0,0,0,0,0,0,0,0,0,0,0,0,0,0,27658,0,0,0,0,0,0,22518,0,0,0,0,0,0,0,0,0,0,0,0,0,0,0,0,0,27658,0,0,0,0,0,0,22518,0,0,0,0,0,0,0,0,0,0,0,0,0,0,0,0,0,27658,TCGA-OL-A66P-DX1_xmin30143_ymin20310_MPP-0.2500+50
0,11913,0,0,0,0,35130,0,0,0,0,0,0,0,0,0,0,0,0,0,0,0,0,0,3133,0,11913,0,0,0,0,35130,0,0,0,0,0,0,0,0,0,0,0,0,0,0,0,0,0,3133,0,11913,0,0,0,0,35130,0,0,0,0,0,0,0,0,0,0,0,0,0,0,0,0,0,3133,TCGA-OL-A66P-DX1_xmin30143_ymin20310_MPP-0.2500+51
43643,0,0,0,0,6533,0,0,0,0,0,0,0,0,0,0,0,0,0,0,0,0,0,0,0,43643,0,0,0,0,6533,0,0,0,0,0,0,0,0,0,0,0,0,0,0,0,0,0,0,0,43643,0,0,0,0,6533,0,0,0,0,0,0,0,0,0,0,0,0,0,0,0,0,0,0,0,TCGA-OL-A66P-DX1_xmin30143_ymin20310_MPP-0.2500+52
9002,40664,0,0,0,473,37,0,0,0,0,0,0,0,0,0,0,0,0,0,0,0,0,0,0,9308,40358,0,0,0,468,42,0,0,0,0,0,0,0,0,0,0,0,0,0,0,0,0,0,0,9791,39875,0,0,0,481,29,0,0,0,0,0,0,0,0,0,0,0,0,0,0,0,0,0,0,TCGA-OL-A66P-DX1_xmin30143_ymin20310_MPP-0.2500+53
18353,13123,0,0,0,144,984,0,0,0,0,0,0,0,0,0,0,0,0,0,0,0,0,0,17572,18109,13367,0,0,0,126,1002,0,0,0,0,0,0,0,0,0,0,0,0,0,0,0,0,0,17572,17711,13765,0,0,0,116,1012,0,0,0,0,0,0,0,0,0,0,0,0,0,0,0,0,0,17572,TCGA-OL-A66P-DX1_xmin30143_ymin20310_MPP-0.2500+54
23789,5169,0,0,0,1184,3936,0,0,0,0,0,0,0,0,0,0,0,0,0,0,0,0,0,16098,23626,5332,0,0,0,1027,4093,0,0,0,0,0,0,0,0,0,0,0,0,0,0,0,0,0,16098,23582,5376,0,0,0,988,4132,0,0,0,0,0,0,0,0,0,0,0,0,0,0,0,0,0,16098,TCGA-OL-A66P-DX1_xmin30143_ymin20310_MPP-0.2500+55
48389,0,0,0,0,1709,0,0,0,0,0,0,0,0,0,0,0,0,0,0,0,0,0,0,78,48389,0,0,0,0,1709,0,0,0,0,0,0,0,0,0,0,0,0,0,0,0,0,0,0,78,48389,0,0,0,0,1709,0,0,0,0,0,0,0,0,0,0,0,0,0,0,0,0,0,0,78,TCGA-OL-A66P-DX1_xmin30143_ymin20310_MPP-0.2500+56
48191,0,0,0,0,1982,0,0,0,0,0,0,0,0,0,0,0,0,0,0,0,0,0,0,3,48191,0,0,0,0,1982,0,0,0,0,0,0,0,0,0,0,0,0,0,0,0,0,0,0,3,48191,0,0,0,0,1982,0,0,0,0,0,0,0,0,0,0,0,0,0,0,0,0,0,0,3,TCGA-OL-A66P-DX1_xmin30143_ymin20310_MPP-0.2500+57
8392,3201,0,0,0,495,6432,0,0,0,0,0,0,0,0,0,0,0,0,0,0,0,0,0,31656,8314,3279,0,0,0,486,6441,0,0,0,0,0,0,0,0,0,0,0,0,0,0,0,0,0,31656,8405,3188,0,0,0,493,6434,0,0,0,0,0,0,0,0,0,0,0,0,0,0,0,0,0,31656,TCGA-OL-A66P-DX1_xmin30143_ymin20310_MPP-0.2500+58
0,1762,90,0,0,0,3880,245,0,0,0,0,0,0,0,0,0,0,0,0,0,0,0,0,44199,0,1733,119,0,0,0,3762,363,0,0,0,0,0,0,0,0,0,0,0,0,0,0,0,0,44199,0,1718,134,0,0,0,3802,323,0,0,0,0,0,0,0,0,0,0,0,0,0,0,0,0,44199,TCGA-OL-A66P-DX1_xmin30143_ymin20310_MPP-0.2500+59
30931,3189,0,0,0,0,7869,0,0,0,0,0,0,0,0,0,0,0,0,0,0,0,0,0,8187,30763,3357,0,0,0,0,7869,0,0,0,0,0,0,0,0,0,0,0,0,0,0,0,0,0,8187,30623,3497,0,0,0,47,7822,0,0,0,0,0,0,0,0,0,0,0,0,0,0,0,0,0,8187,TCGA-OL-A66P-DX1_xmin30143_ymin20310_MPP-0.2500+6
11222,22036,0,0,0,0,4421,0,0,0,0,0,0,0,0,0,0,0,0,0,0,0,0,0,12497,11468,21790,0,0,0,0,4421,0,0,0,0,0,0,0,0,0,0,0,0,0,0,0,0,0,12497,11716,21542,0,0,0,25,4396,0,0,0,0,0,0,0,0,0,0,0,0,0,0,0,0,0,12497,TCGA-OL-A66P-DX1_xmin30143_ymin20310_MPP-0.2500+60
0,35695,0,0,0,0,14419,0,0,0,0,0,0,0,0,0,0,0,0,0,0,0,0,0,62,0,35695,0,0,0,0,14419,0,0,0,0,0,0,0,0,0,0,0,0,0,0,0,0,0,62,0,35695,0,0,0,0,14419,0,0,0,0,0,0,0,0,0,0,0,0,0,0,0,0,0,62,TCGA-OL-A66P-DX1_xmin30143_ymin20310_MPP-0.2500+61
0,0,0,0,0,0,44000,0,0,0,0,0,0,0,0,0,0,0,0,0,0,0,0,0,6176,0,0,0,0,0,0,44000,0,0,0,0,0,0,0,0,0,0,0,0,0,0,0,0,0,6176,0,0,0,0,0,0,44000,0,0,0,0,0,0,0,0,0,0,0,0,0,0,0,0,0,6176,TCGA-OL-A66P-DX1_xmin30143_ymin20310_MPP-0.2500+62
0,0,0,0,0,0,30479,1494,0,0,0,0,0,0,0,0,0,0,0,0,0,0,0,0,18203,0,0,0,0,0,0,30592,1381,0,0,0,0,0,0,0,0,0,0,0,0,0,0,0,0,18203,0,0,0,0,0,0,30592,1381,0,0,0,0,0,0,0,0,0,0,0,0,0,0,0,0,18203,TCGA-OL-A66P-DX1_xmin30143_ymin20310_MPP-0.2500+63
29739,4261,0,0,0,0,14059,0,0,0,0,0,0,0,0,0,0,0,0,0,0,0,0,0,2117,30013,3987,0,0,0,0,14059,0,0,0,0,0,0,0,0,0,0,0,0,0,0,0,0,0,2117,29559,4441,0,0,0,0,14059,0,0,0,0,0,0,0,0,0,0,0,0,0,0,0,0,0,2117,TCGA-OL-A66P-DX1_xmin30143_ymin20310_MPP-0.2500+64
43763,0,0,0,0,5396,0,0,0,0,0,0,0,0,0,0,0,0,0,0,0,0,0,0,1017,43763,0,0,0,0,5396,0,0,0,0,0,0,0,0,0,0,0,0,0,0,0,0,0,0,1017,43763,0,0,0,0,5396,0,0,0,0,0,0,0,0,0,0,0,0,0,0,0,0,0,0,1017,TCGA-OL-A66P-DX1_xmin30143_ymin20310_MPP-0.2500+65
6384,6024,0,0,0,1779,6827,0,0,0,0,0,0,0,0,0,0,0,0,0,0,0,0,0,29162,6453,5955,0,0,0,1748,6858,0,0,0,0,0,0,0,0,0,0,0,0,0,0,0,0,0,29162,6616,5792,0,0,0,1781,6825,0,0,0,0,0,0,0,0,0,0,0,0,0,0,0,0,0,29162,TCGA-OL-A66P-DX1_xmin30143_ymin20310_MPP-0.2500+66
25562,12838,0,0,0,2958,5326,0,0,0,0,0,0,0,0,0,0,0,0,0,0,0,0,0,3492,26038,12362,0,0,0,3000,5284,0,0,0,0,0,0,0,0,0,0,0,0,0,0,0,0,0,3492,26034,12366,0,0,0,3125,5159,0,0,0,0,0,0,0,0,0,0,0,0,0,0,0,0,0,3492,TCGA-OL-A66P-DX1_xmin30143_ymin20310_MPP-0.2500+67
0,18669,0,0,0,0,7410,0,0,0,0,0,0,0,0,0,0,0,0,0,0,0,0,0,24097,0,18669,0,0,0,0,7410,0,0,0,0,0,0,0,0,0,0,0,0,0,0,0,0,0,24097,0,18669,0,0,0,0,7410,0,0,0,0,0,0,0,0,0,0,0,0,0,0,0,0,0,24097,TCGA-OL-A66P-DX1_xmin30143_ymin20310_MPP-0.2500+68
50176,0,0,0,0,0,0,0,0,0,0,0,0,0,0,0,0,0,0,0,0,0,0,0,0,50176,0,0,0,0,0,0,0,0,0,0,0,0,0,0,0,0,0,0,0,0,0,0,0,0,50176,0,0,0,0,0,0,0,0,0,0,0,0,0,0,0,0,0,0,0,0,0,0,0,0,TCGA-OL-A66P-DX1_xmin30143_ymin20310_MPP-0.2500+69
42138,0,0,0,0,6379,0,0,0,0,0,0,0,0,0,0,0,0,0,0,0,0,0,0,1659,42138,0,0,0,0,6379,0,0,0,0,0,0,0,0,0,0,0,0,0,0,0,0,0,0,1659,42138,0,0,0,0,6379,0,0,0,0,0,0,0,0,0,0,0,0,0,0,0,0,0,0,1659,TCGA-OL-A66P-DX1_xmin30143_ymin20310_MPP-0.2500+7
34408,0,0,0,0,7192,0,0,0,0,0,0,0,0,0,0,0,0,0,0,0,0,0,0,8576,34408,0,0,0,0,7192,0,0,0,0,0,0,0,0,0,0,0,0,0,0,0,0,0,0,8576,34408,0,0,0,0,7192,0,0,0,0,0,0,0,0,0,0,0,0,0,0,0,0,0,0,8576,TCGA-OL-A66P-DX1_xmin30143_ymin20310_MPP-0.2500+70
11412,2837,0,0,0,2016,2104,0,0,0,0,0,0,0,0,0,0,0,0,0,0,0,0,0,31807,11162,3087,0,0,0,1900,2220,0,0,0,0,0,0,0,0,0,0,0,0,0,0,0,0,0,31807,11162,3087,0,0,0,1853,2267,0,0,0,0,0,0,0,0,0,0,0,0,0,0,0,0,0,31807,TCGA-OL-A66P-DX1_xmin30143_ymin20310_MPP-0.2500+71
5120,1380,871,0,0,770,2816,985,0,0,0,0,0,0,0,0,0,0,0,0,0,0,0,0,38234,4866,1659,846,0,0,672,2901,998,0,0,0,0,0,0,0,0,0,0,0,0,0,0,0,0,38234,4924,1635,812,0,0,755,2779,1037,0,0,0,0,0,0,0,0,0,0,0,0,0,0,0,0,38234,TCGA-OL-A66P-DX1_xmin30143_ymin20310_MPP-0.2500+72
832,31755,0,0,0,0,17415,0,0,0,0,0,0,0,0,0,0,0,0,0,0,0,0,0,174,640,31947,0,0,0,0,17415,0,0,0,0,0,0,0,0,0,0,0,0,0,0,0,0,0,174,512,32075,0,0,0,0,17415,0,0,0,0,0,0,0,0,0,0,0,0,0,0,0,0,0,174,TCGA-OL-A66P-DX1_xmin30143_ymin20310_MPP-0.2500+73
11749,4648,0,0,0,4935,28844,0,0,0,0,0,0,0,0,0,0,0,0,0,0,0,0,0,0,11964,4433,0,0,0,5155,28624,0,0,0,0,0,0,0,0,0,0,0,0,0,0,0,0,0,0,12235,4162,0,0,0,5206,28573,0,0,0,0,0,0,0,0,0,0,0,0,0,0,0,0,0,0,TCGA-OL-A66P-DX1_xmin30143_ymin20310_MPP-0.2500+74
0,0,0,0,0,0,29970,0,0,0,0,0,0,0,0,0,0,0,0,0,0,0,0,0,20206,0,0,0,0,0,0,29970,0,0,0,0,0,0,0,0,0,0,0,0,0,0,0,0,0,20206,0,0,0,0,0,0,29970,0,0,0,0,0,0,0,0,0,0,0,0,0,0,0,0,0,20206,TCGA-OL-A66P-DX1_xmin30143_ymin20310_MPP-0.2500+75
0,201,0,0,0,0,31066,0,0,0,0,0,0,0,0,0,0,0,0,0,0,0,0,0,18909,0,201,0,0,0,0,31066,0,0,0,0,0,0,0,0,0,0,0,0,0,0,0,0,0,18909,0,201,0,0,0,0,31066,0,0,0,0,0,0,0,0,0,0,0,0,0,0,0,0,0,18909,TCGA-OL-A66P-DX1_xmin30143_ymin20310_MPP-0.2500+76
40112,0,0,0,0,4733,0,0,0,0,0,0,0,0,0,0,0,0,0,0,0,0,0,0,5331,40112,0,0,0,0,4733,0,0,0,0,0,0,0,0,0,0,0,0,0,0,0,0,0,0,5331,40112,0,0,0,0,4733,0,0,0,0,0,0,0,0,0,0,0,0,0,0,0,0,0,0,5331,TCGA-OL-A66P-DX1_xmin30143_ymin20310_MPP-0.2500+77
32018,0,0,0,0,8564,0,0,0,0,0,0,0,0,0,0,0,0,0,0,0,0,0,0,9594,32018,0,0,0,0,8564,0,0,0,0,0,0,0,0,0,0,0,0,0,0,0,0,0,0,9594,32018,0,0,0,0,8564,0,0,0,0,0,0,0,0,0,0,0,0,0,0,0,0,0,0,9594,TCGA-OL-A66P-DX1_xmin30143_ymin20310_MPP-0.2500+78
47768,0,0,0,0,960,0,0,0,0,0,0,0,0,0,0,0,0,0,0,0,0,0,0,1448,47768,0,0,0,0,960,0,0,0,0,0,0,0,0,0,0,0,0,0,0,0,0,0,0,1448,47768,0,0,0,0,960,0,0,0,0,0,0,0,0,0,0,0,0,0,0,0,0,0,0,1448,TCGA-OL-A66P-DX1_xmin30143_ymin20310_MPP-0.2500+79
12024,36196,0,0,0,15,1941,0,0,0,0,0,0,0,0,0,0,0,0,0,0,0,0,0,0,12348,35872,0,0,0,76,1880,0,0,0,0,0,0,0,0,0,0,0,0,0,0,0,0,0,0,12510,35710,0,0,0,124,1832,0,0,0,0,0,0,0,0,0,0,0,0,0,0,0,0,0,0,TCGA-OL-A66P-DX1_xmin30143_ymin20310_MPP-0.2500+8
33760,0,0,0,0,4162,0,0,0,0,0,0,0,0,0,0,0,0,0,0,0,0,0,0,12254,33760,0,0,0,0,4162,0,0,0,0,0,0,0,0,0,0,0,0,0,0,0,0,0,0,12254,33760,0,0,0,0,4162,0,0,0,0,0,0,0,0,0,0,0,0,0,0,0,0,0,0,12254,TCGA-OL-A66P-DX1_xmin30143_ymin20310_MPP-0.2500+80
47205,0,0,0,0,2948,0,0,0,0,0,0,0,0,0,0,0,0,0,0,0,0,0,0,23,47205,0,0,0,0,2948,0,0,0,0,0,0,0,0,0,0,0,0,0,0,0,0,0,0,23,47205,0,0,0,0,2948,0,0,0,0,0,0,0,0,0,0,0,0,0,0,0,0,0,0,23,TCGA-OL-A66P-DX1_xmin30143_ymin20310_MPP-0.2500+81
12136,6744,0,0,0,2131,6211,0,0,0,0,0,0,0,0,0,0,0,0,0,0,0,0,0,22954,12448,6432,0,0,0,2171,6171,0,0,0,0,0,0,0,0,0,0,0,0,0,0,0,0,0,22954,12427,6453,0,0,0,1922,6420,0,0,0,0,0,0,0,0,0,0,0,0,0,0,0,0,0,22954,TCGA-OL-A66P-DX1_xmin30143_ymin20310_MPP-0.2500+82
0,19903,0,0,0,0,7674,0,0,0,0,0,0,0,0,0,0,0,0,0,0,0,0,0,22599,0,19903,0,0,0,0,7674,0,0,0,0,0,0,0,0,0,0,0,0,0,0,0,0,0,22599,0,19903,0,0,0,0,7674,0,0,0,0,0,0,0,0,0,0,0,0,0,0,0,0,0,22599,TCGA-OL-A66P-DX1_xmin30143_ymin20310_MPP-0.2500+83
0,262,45,0,0,0,3234,1332,0,0,0,0,0,0,0,0,0,0,0,0,0,0,0,0,45303,0,256,51,0,0,0,3235,1331,0,0,0,0,0,0,0,0,0,0,0,0,0,0,0,0,45303,0,262,45,0,0,0,3352,1214,0,0,0,0,0,0,0,0,0,0,0,0,0,0,0,0,45303,TCGA-OL-A66P-DX1_xmin30143_ymin20310_MPP-0.2500+84
20649,7133,0,0,0,7230,8336,0,0,0,0,0,0,0,0,0,0,0,0,0,0,0,0,0,6828,20596,7186,0,0,0,7157,8409,0,0,0,0,0,0,0,0,0,0,0,0,0,0,0,0,0,6828,20476,7306,0,0,0,6947,8619,0,0,0,0,0,0,0,0,0,0,0,0,0,0,0,0,0,6828,TCGA-OL-A66P-DX1_xmin30143_ymin20310_MPP-0.2500+85
7030,6385,0,0,0,464,29904,0,0,0,0,0,0,0,0,0,0,0,0,0,0,0,0,0,6393,7012,6403,0,0,0,465,29903,0,0,0,0,0,0,0,0,0,0,0,0,0,0,0,0,0,6393,7098,6317,0,0,0,520,29848,0,0,0,0,0,0,0,0,0,0,0,0,0,0,0,0,0,6393,TCGA-OL-A66P-DX1_xmin30143_ymin20310_MPP-0.2500+86
0,0,0,0,0,0,21237,0,0,0,0,0,0,0,0,0,0,0,0,0,0,0,0,0,28939,0,0,0,0,0,0,21237,0,0,0,0,0,0,0,0,0,0,0,0,0,0,0,0,0,28939,0,0,0,0,0,0,21237,0,0,0,0,0,0,0,0,0,0,0,0,0,0,0,0,0,28939,TCGA-OL-A66P-DX1_xmin30143_ymin20310_MPP-0.2500+87
12321,2227,0,0,0,276,35352,0,0,0,0,0,0,0,0,0,0,0,0,0,0,0,0,0,0,11988,2560,0,0,0,340,35288,0,0,0,0,0,0,0,0,0,0,0,0,0,0,0,0,0,0,11654,2894,0,0,0,683,34945,0,0,0,0,0,0,0,0,0,0,0,0,0,0,0,0,0,0,TCGA-OL-A66P-DX1_xmin30143_ymin20310_MPP-0.2500+88
50176,0,0,0,0,0,0,0,0,0,0,0,0,0,0,0,0,0,0,0,0,0,0,0,0,50176,0,0,0,0,0,0,0,0,0,0,0,0,0,0,0,0,0,0,0,0,0,0,0,0,50176,0,0,0,0,0,0,0,0,0,0,0,0,0,0,0,0,0,0,0,0,0,0,0,0,TCGA-OL-A66P-DX1_xmin30143_ymin20310_MPP-0.2500+89
0,27388,3697,0,0,0,9368,1440,0,0,0,3926,3219,0,0,0,0,0,0,0,0,0,0,0,1138,0,27479,3606,0,0,0,9225,1583,0,0,0,4122,3023,0,0,0,0,0,0,0,0,0,0,0,1138,0,27487,3598,0,0,0,9220,1588,0,0,0,4340,2805,0,0,0,0,0,0,0,0,0,0,0,1138,TCGA-OL-A66P-DX1_xmin30143_ymin20310_MPP-0.2500+9
27938,2997,0,0,0,568,3602,0,0,0,0,0,0,0,0,0,0,0,0,0,0,0,0,0,15071,28074,2861,0,0,0,583,3587,0,0,0,0,0,0,0,0,0,0,0,0,0,0,0,0,0,15071,28078,2857,0,0,0,564,3606,0,0,0,0,0,0,0,0,0,0,0,0,0,0,0,0,0,15071,TCGA-OL-A66P-DX1_xmin30143_ymin20310_MPP-0.2500+90
384,47627,0,0,0,0,2165,0,0,0,0,0,0,0,0,0,0,0,0,0,0,0,0,0,0,1056,46955,0,0,0,0,2165,0,0,0,0,0,0,0,0,0,0,0,0,0,0,0,0,0,0,1056,46955,0,0,0,0,2165,0,0,0,0,0,0,0,0,0,0,0,0,0,0,0,0,0,0,TCGA-OL-A66P-DX1_xmin30143_ymin20310_MPP-0.2500+91
48295,0,0,0,0,1881,0,0,0,0,0,0,0,0,0,0,0,0,0,0,0,0,0,0,0,48295,0,0,0,0,1881,0,0,0,0,0,0,0,0,0,0,0,0,0,0,0,0,0,0,0,48295,0,0,0,0,1881,0,0,0,0,0,0,0,0,0,0,0,0,0,0,0,0,0,0,0,TCGA-OL-A66P-DX1_xmin30143_ymin20310_MPP-0.2500+92
0,8189,0,0,0,0,18809,0,0,0,0,0,0,0,0,0,0,0,0,0,0,0,0,0,23178,0,8189,0,0,0,0,18809,0,0,0,0,0,0,0,0,0,0,0,0,0,0,0,0,0,23178,0,8189,0,0,0,0,18809,0,0,0,0,0,0,0,0,0,0,0,0,0,0,0,0,0,23178,TCGA-OL-A66P-DX1_xmin30143_ymin20310_MPP-0.2500+93
0,4743,0,0,0,0,3131,0,0,0,0,0,0,0,0,0,0,0,0,0,0,0,0,0,42302,0,4743,0,0,0,0,3131,0,0,0,0,0,0,0,0,0,0,0,0,0,0,0,0,0,42302,0,4743,0,0,0,0,3131,0,0,0,0,0,0,0,0,0,0,0,0,0,0,0,0,0,42302,TCGA-OL-A66P-DX1_xmin30143_ymin20310_MPP-0.2500+94
1870,0,0,0,0,1683,154,0,0,0,0,0,0,0,0,0,0,0,0,0,0,0,0,0,46469,1870,0,0,0,0,1632,205,0,0,0,0,0,0,0,0,0,0,0,0,0,0,0,0,0,46469,1870,0,0,0,0,1610,227,0,0,0,0,0,0,0,0,0,0,0,0,0,0,0,0,0,46469,TCGA-OL-A66P-DX1_xmin30143_ymin20310_MPP-0.2500+95
0,28488,0,0,0,0,7633,0,0,0,0,0,0,0,0,0,0,0,0,0,0,0,0,0,14055,0,28488,0,0,0,0,7633,0,0,0,0,0,0,0,0,0,0,0,0,0,0,0,0,0,14055,0,28488,0,0,0,0,7633,0,0,0,0,0,0,0,0,0,0,0,0,0,0,0,0,0,14055,TCGA-OL-A66P-DX1_xmin30143_ymin20310_MPP-0.2500+96
0,601,0,0,0,0,11714,131,0,0,0,0,0,0,0,0,0,0,0,0,0,0,0,0,37730,0,601,0,0,0,0,11787,58,0,0,0,0,0,0,0,0,0,0,0,0,0,0,0,0,37730,0,601,0,0,0,0,11798,47,0,0,0,0,0,0,0,0,0,0,0,0,0,0,0,0,37730,TCGA-OL-A66P-DX1_xmin30143_ymin20310_MPP-0.2500+97
0,16,0,0,0,0,35766,0,0,0,0,0,0,0,0,0,0,0,0,0,0,0,0,0,14394,0,16,0,0,0,0,35766,0,0,0,0,0,0,0,0,0,0,0,0,0,0,0,0,0,14394,0,16,0,0,0,0,35766,0,0,0,0,0,0,0,0,0,0,0,0,0,0,0,0,0,14394,TCGA-OL-A66P-DX1_xmin30143_ymin20310_MPP-0.2500+98
24480,10595,0,0,0,263,14838,0,0,0,0,0,0,0,0,0,0,0,0,0,0,0,0,0,0,24378,10697,0,0,0,259,14842,0,0,0,0,0,0,0,0,0,0,0,0,0,0,0,0,0,0,23857,11218,0,0,0,258,14843,0,0,0,0,0,0,0,0,0,0,0,0,0,0,0,0,0,0,TCGA-OL-A66P-DX1_xmin30143_ymin20310_MPP-0.2500+99
28650,5043,0,0,0,9,16474,0,0,0,0,0,0,0,0,0,0,0,0,0,0,0,0,0,0,28636,5057,0,0,0,15,16468,0,0,0,0,0,0,0,0,0,0,0,0,0,0,0,0,0,0,28686,5007,0,0,0,22,16461,0,0,0,0,0,0,0,0,0,0,0,0,0,0,0,0,0,0,TCGA-OL-A6VO-DX1_xmin88416_ymin188485_MPP-0.2500+0
14509,20108,0,0,0,1783,13776,0,0,0,0,0,0,0,0,0,0,0,0,0,0,0,0,0,0,14307,20310,0,0,0,1762,13797,0,0,0,0,0,0,0,0,0,0,0,0,0,0,0,0,0,0,14227,20390,0,0,0,1732,13827,0,0,0,0,0,0,0,0,0,0,0,0,0,0,0,0,0,0,TCGA-OL-A6VO-DX1_xmin88416_ymin188485_MPP-0.2500+1
7333,3851,0,0,0,7160,31832,0,0,0,0,0,0,0,0,0,0,0,0,0,0,0,0,0,0,7118,4066,0,0,0,6827,32165,0,0,0,0,0,0,0,0,0,0,0,0,0,0,0,0,0,0,7206,3978,0,0,0,7653,31339,0,0,0,0,0,0,0,0,0,0,0,0,0,0,0,0,0,0,TCGA-OL-A6VO-DX1_xmin88416_ymin188485_MPP-0.2500+10
0,10758,0,0,0,0,38700,0,0,0,0,718,0,0,0,0,0,0,0,0,0,0,0,0,0,0,10758,0,0,0,0,38700,0,0,0,0,718,0,0,0,0,0,0,0,0,0,0,0,0,0,0,10758,0,0,0,0,38700,0,0,0,0,718,0,0,0,0,0,0,0,0,0,0,0,0,0,TCGA-OL-A6VO-DX1_xmin88416_ymin188485_MPP-0.2500+11
28164,8222,0,0,0,2243,11403,0,0,0,0,144,0,0,0,0,0,0,0,0,0,0,0,0,0,28031,8355,0,0,0,2294,11352,0,0,0,0,144,0,0,0,0,0,0,0,0,0,0,0,0,0,28134,8252,0,0,0,2353,11293,0,0,0,0,144,0,0,0,0,0,0,0,0,0,0,0,0,0,TCGA-OL-A6VO-DX1_xmin88416_ymin188485_MPP-0.2500+12
27376,4766,0,0,0,3237,14797,0,0,0,0,0,0,0,0,0,0,0,0,0,0,0,0,0,0,27275,4867,0,0,0,2905,15129,0,0,0,0,0,0,0,0,0,0,0,0,0,0,0,0,0,0,27435,4707,0,0,0,2801,15233,0,0,0,0,0,0,0,0,0,0,0,0,0,0,0,0,0,0,TCGA-OL-A6VO-DX1_xmin88416_ymin188485_MPP-0.2500+13
8798,6182,0,0,0,3116,25797,0,0,0,36,3666,0,0,0,0,0,0,0,0,0,0,0,0,2581,8805,6175,0,0,0,3148,25765,0,0,0,51,3651,0,0,0,0,0,0,0,0,0,0,0,0,2581,8512,6468,0,0,0,2884,26029,0,0,0,50,3652,0,0,0,0,0,0,0,0,0,0,0,0,2581,TCGA-OL-A6VO-DX1_xmin88416_ymin188485_MPP-0.2500+14
0,0,0,0,0,0,23276,6516,0,0,0,9734,10650,0,0,0,0,0,0,0,0,0,0,0,0,0,0,0,0,0,0,24135,5657,0,0,0,10330,10054,0,0,0,0,0,0,0,0,0,0,0,0,0,0,0,0,0,0,24206,5586,0,0,0,10201,10183,0,0,0,0,0,0,0,0,0,0,0,0,TCGA-OL-A6VO-DX1_xmin88416_ymin188485_MPP-0.2500+15
33556,3105,0,0,0,776,12739,0,0,0,0,0,0,0,0,0,0,0,0,0,0,0,0,0,0,33415,3246,0,0,0,796,12719,0,0,0,0,0,0,0,0,0,0,0,0,0,0,0,0,0,0,33377,3284,0,0,0,878,12637,0,0,0,0,0,0,0,0,0,0,0,0,0,0,0,0,0,0,TCGA-OL-A6VO-DX1_xmin88416_ymin188485_MPP-0.2500+16
25935,14103,0,0,0,2416,7722,0,0,0,0,0,0,0,0,0,0,0,0,0,0,0,0,0,0,26175,13863,0,0,0,2553,7585,0,0,0,0,0,0,0,0,0,0,0,0,0,0,0,0,0,0,26493,13545,0,0,0,2602,7536,0,0,0,0,0,0,0,0,0,0,0,0,0,0,0,0,0,0,TCGA-OL-A6VO-DX1_xmin88416_ymin188485_MPP-0.2500+17
0,6166,0,0,0,0,38361,0,0,0,0,5649,0,0,0,0,0,0,0,0,0,0,0,0,0,0,6166,0,0,0,0,38361,0,0,0,0,5649,0,0,0,0,0,0,0,0,0,0,0,0,0,0,6166,0,0,0,0,38361,0,0,0,0,5649,0,0,0,0,0,0,0,0,0,0,0,0,0,TCGA-OL-A6VO-DX1_xmin88416_ymin188485_MPP-0.2500+18
0,11752,0,0,0,0,20406,0,0,0,0,18018,0,0,0,0,0,0,0,0,0,0,0,0,0,0,11752,0,0,0,0,20406,0,0,0,0,18018,0,0,0,0,0,0,0,0,0,0,0,0,0,0,11752,0,0,0,0,20406,0,0,0,0,18018,0,0,0,0,0,0,0,0,0,0,0,0,0,TCGA-OL-A6VO-DX1_xmin88416_ymin188485_MPP-0.2500+19
50176,0,0,0,0,0,0,0,0,0,0,0,0,0,0,0,0,0,0,0,0,0,0,0,0,50176,0,0,0,0,0,0,0,0,0,0,0,0,0,0,0,0,0,0,0,0,0,0,0,0,50176,0,0,0,0,0,0,0,0,0,0,0,0,0,0,0,0,0,0,0,0,0,0,0,0,TCGA-OL-A6VO-DX1_xmin88416_ymin188485_MPP-0.2500+2
4008,822,0,0,0,4003,35127,0,0,0,0,6216,0,0,0,0,0,0,0,0,0,0,0,0,0,4042,788,0,0,0,3743,35387,0,0,0,0,6216,0,0,0,0,0,0,0,0,0,0,0,0,0,3923,907,0,0,0,3157,35973,0,0,0,0,6216,0,0,0,0,0,0,0,0,0,0,0,0,0,TCGA-OL-A6VO-DX1_xmin88416_ymin188485_MPP-0.2500+20
19594,9069,0,0,0,4286,17227,0,0,0,0,0,0,0,0,0,0,0,0,0,0,0,0,0,0,19584,9079,0,0,0,4149,17364,0,0,0,0,0,0,0,0,0,0,0,0,0,0,0,0,0,0,19609,9054,0,0,0,4167,17346,0,0,0,0,0,0,0,0,0,0,0,0,0,0,0,0,0,0,TCGA-OL-A6VO-DX1_xmin88416_ymin188485_MPP-0.2500+21
0,2327,0,0,0,0,20676,0,0,0,0,11596,0,0,0,0,0,0,0,0,0,0,0,0,15577,0,2327,0,0,0,0,20676,0,0,0,0,11596,0,0,0,0,0,0,0,0,0,0,0,0,15577,0,2327,0,0,0,0,20676,0,0,0,0,11596,0,0,0,0,0,0,0,0,0,0,0,0,15577,TCGA-OL-A6VO-DX1_xmin88416_ymin188485_MPP-0.2500+22
11972,489,0,0,0,3288,17569,0,0,0,19,8029,0,0,0,0,0,0,0,0,0,0,0,0,8810,11985,476,0,0,0,3247,17610,0,0,0,156,7892,0,0,0,0,0,0,0,0,0,0,0,0,8810,11991,470,0,0,0,3274,17583,0,0,0,264,7784,0,0,0,0,0,0,0,0,0,0,0,0,8810,TCGA-OL-A6VO-DX1_xmin88416_ymin188485_MPP-0.2500+23
18738,20182,0,0,0,3511,7745,0,0,0,0,0,0,0,0,0,0,0,0,0,0,0,0,0,0,18189,20731,0,0,0,3064,8192,0,0,0,0,0,0,0,0,0,0,0,0,0,0,0,0,0,0,19414,19506,0,0,0,3180,8076,0,0,0,0,0,0,0,0,0,0,0,0,0,0,0,0,0,0,TCGA-OL-A6VO-DX1_xmin88416_ymin188485_MPP-0.2500+24
38405,9179,0,0,0,0,2592,0,0,0,0,0,0,0,0,0,0,0,0,0,0,0,0,0,0,38165,9419,0,0,0,0,2592,0,0,0,0,0,0,0,0,0,0,0,0,0,0,0,0,0,0,38626,8958,0,0,0,0,2592,0,0,0,0,0,0,0,0,0,0,0,0,0,0,0,0,0,0,TCGA-OL-A6VO-DX1_xmin88416_ymin188485_MPP-0.2500+25
23467,6376,0,0,0,1556,18777,0,0,0,0,0,0,0,0,0,0,0,0,0,0,0,0,0,0,23339,6504,0,0,0,1556,18777,0,0,0,0,0,0,0,0,0,0,0,0,0,0,0,0,0,0,23292,6551,0,0,0,1556,18777,0,0,0,0,0,0,0,0,0,0,0,0,0,0,0,0,0,0,TCGA-OL-A6VO-DX1_xmin88416_ymin188485_MPP-0.2500+26
0,1762,0,0,0,0,45950,0,0,0,0,2464,0,0,0,0,0,0,0,0,0,0,0,0,0,0,1762,0,0,0,0,45950,0,0,0,0,2464,0,0,0,0,0,0,0,0,0,0,0,0,0,0,1762,0,0,0,0,45950,0,0,0,0,2464,0,0,0,0,0,0,0,0,0,0,0,0,0,TCGA-OL-A6VO-DX1_xmin88416_ymin188485_MPP-0.2500+27
16844,4019,0,0,0,2273,27040,0,0,0,0,0,0,0,0,0,0,0,0,0,0,0,0,0,0,16699,4164,0,0,0,2160,27153,0,0,0,0,0,0,0,0,0,0,0,0,0,0,0,0,0,0,16868,3995,0,0,0,2143,27170,0,0,0,0,0,0,0,0,0,0,0,0,0,0,0,0,0,0,TCGA-OL-A6VO-DX1_xmin88416_ymin188485_MPP-0.2500+28
44545,0,0,0,0,5631,0,0,0,0,0,0,0,0,0,0,0,0,0,0,0,0,0,0,0,44545,0,0,0,0,5631,0,0,0,0,0,0,0,0,0,0,0,0,0,0,0,0,0,0,0,44545,0,0,0,0,5631,0,0,0,0,0,0,0,0,0,0,0,0,0,0,0,0,0,0,0,TCGA-OL-A6VO-DX1_xmin88416_ymin188485_MPP-0.2500+29
32238,3773,0,0,0,3402,10763,0,0,0,0,0,0,0,0,0,0,0,0,0,0,0,0,0,0,32352,3659,0,0,0,3398,10767,0,0,0,0,0,0,0,0,0,0,0,0,0,0,0,0,0,0,32416,3595,0,0,0,3536,10629,0,0,0,0,0,0,0,0,0,0,0,0,0,0,0,0,0,0,TCGA-OL-A6VO-DX1_xmin88416_ymin188485_MPP-0.2500+3
34207,0,0,0,0,15969,0,0,0,0,0,0,0,0,0,0,0,0,0,0,0,0,0,0,0,34207,0,0,0,0,15969,0,0,0,0,0,0,0,0,0,0,0,0,0,0,0,0,0,0,0,34207,0,0,0,0,15969,0,0,0,0,0,0,0,0,0,0,0,0,0,0,0,0,0,0,0,TCGA-OL-A6VO-DX1_xmin88416_ymin188485_MPP-0.2500+30
24585,4701,0,0,0,1131,8944,0,0,0,0,4370,0,0,0,0,0,0,0,0,0,0,0,0,6445,24697,4589,0,0,0,1258,8817,0,0,0,0,4370,0,0,0,0,0,0,0,0,0,0,0,0,6445,24523,4763,0,0,0,1209,8866,0,0,0,0,4370,0,0,0,0,0,0,0,0,0,0,0,0,6445,TCGA-OL-A6VO-DX1_xmin88416_ymin188485_MPP-0.2500+31
14245,2060,0,0,0,15023,18848,0,0,0,0,0,0,0,0,0,0,0,0,0,0,0,0,0,0,14143,2162,0,0,0,14737,19134,0,0,0,0,0,0,0,0,0,0,0,0,0,0,0,0,0,0,14205,2100,0,0,0,15355,18516,0,0,0,0,0,0,0,0,0,0,0,0,0,0,0,0,0,0,TCGA-OL-A6VO-DX1_xmin88416_ymin188485_MPP-0.2500+32
42649,3017,0,0,0,85,4425,0,0,0,0,0,0,0,0,0,0,0,0,0,0,0,0,0,0,42364,3302,0,0,0,47,4463,0,0,0,0,0,0,0,0,0,0,0,0,0,0,0,0,0,0,42470,3196,0,0,0,57,4453,0,0,0,0,0,0,0,0,0,0,0,0,0,0,0,0,0,0,TCGA-OL-A6VO-DX1_xmin88416_ymin188485_MPP-0.2500+33
32791,3061,0,0,0,7607,6717,0,0,0,0,0,0,0,0,0,0,0,0,0,0,0,0,0,0,32681,3171,0,0,0,7648,6676,0,0,0,0,0,0,0,0,0,0,0,0,0,0,0,0,0,0,32636,3216,0,0,0,7502,6822,0,0,0,0,0,0,0,0,0,0,0,0,0,0,0,0,0,0,TCGA-OL-A6VO-DX1_xmin88416_ymin188485_MPP-0.2500+34
7813,1437,0,0,0,9730,31196,0,0,0,0,0,0,0,0,0,0,0,0,0,0,0,0,0,0,7771,1479,0,0,0,9058,31868,0,0,0,0,0,0,0,0,0,0,0,0,0,0,0,0,0,0,7800,1450,0,0,0,9016,31910,0,0,0,0,0,0,0,0,0,0,0,0,0,0,0,0,0,0,TCGA-OL-A6VO-DX1_xmin88416_ymin188485_MPP-0.2500+35
7062,1239,0,0,0,38,38796,0,0,0,0,3041,0,0,0,0,0,0,0,0,0,0,0,0,0,6693,1608,0,0,0,0,38834,0,0,0,0,3041,0,0,0,0,0,0,0,0,0,0,0,0,0,6656,1645,0,0,0,0,38834,0,0,0,0,3041,0,0,0,0,0,0,0,0,0,0,0,0,0,TCGA-OL-A6VO-DX1_xmin88416_ymin188485_MPP-0.2500+36
0,16242,0,0,0,0,29854,0,0,0,0,4080,0,0,0,0,0,0,0,0,0,0,0,0,0,0,16242,0,0,0,0,29854,0,0,0,0,4080,0,0,0,0,0,0,0,0,0,0,0,0,0,0,16242,0,0,0,0,29854,0,0,0,0,4080,0,0,0,0,0,0,0,0,0,0,0,0,0,TCGA-OL-A6VO-DX1_xmin88416_ymin188485_MPP-0.2500+37
14845,7613,0,0,0,2621,16731,0,0,0,0,8366,0,0,0,0,0,0,0,0,0,0,0,0,0,14917,7541,0,0,0,2640,16712,0,0,0,0,8366,0,0,0,0,0,0,0,0,0,0,0,0,0,15010,7448,0,0,0,2717,16635,0,0,0,0,8366,0,0,0,0,0,0,0,0,0,0,0,0,0,TCGA-OL-A6VO-DX1_xmin88416_ymin188485_MPP-0.2500+38
16230,8302,0,0,0,3856,16480,0,0,0,0,4847,0,0,0,0,0,0,0,0,0,0,0,0,461,16465,8067,0,0,0,3640,16696,0,0,0,0,4847,0,0,0,0,0,0,0,0,0,0,0,0,461,16561,7971,0,0,0,3630,16706,0,0,0,58,4789,0,0,0,0,0,0,0,0,0,0,0,0,461,TCGA-OL-A6VO-DX1_xmin88416_ymin188485_MPP-0.2500+39
47590,0,0,0,0,2586,0,0,0,0,0,0,0,0,0,0,0,0,0,0,0,0,0,0,0,47590,0,0,0,0,2586,0,0,0,0,0,0,0,0,0,0,0,0,0,0,0,0,0,0,0,47590,0,0,0,0,2586,0,0,0,0,0,0,0,0,0,0,0,0,0,0,0,0,0,0,0,TCGA-OL-A6VO-DX1_xmin88416_ymin188485_MPP-0.2500+4
45935,0,0,0,0,4241,0,0,0,0,0,0,0,0,0,0,0,0,0,0,0,0,0,0,0,45935,0,0,0,0,4241,0,0,0,0,0,0,0,0,0,0,0,0,0,0,0,0,0,0,0,45935,0,0,0,0,4241,0,0,0,0,0,0,0,0,0,0,0,0,0,0,0,0,0,0,0,TCGA-OL-A6VO-DX1_xmin88416_ymin188485_MPP-0.2500+40
37208,0,0,0,0,12968,0,0,0,0,0,0,0,0,0,0,0,0,0,0,0,0,0,0,0,37208,0,0,0,0,12968,0,0,0,0,0,0,0,0,0,0,0,0,0,0,0,0,0,0,0,37208,0,0,0,0,12968,0,0,0,0,0,0,0,0,0,0,0,0,0,0,0,0,0,0,0,TCGA-OL-A6VO-DX1_xmin88416_ymin188485_MPP-0.2500+41
37075,0,0,0,0,13101,0,0,0,0,0,0,0,0,0,0,0,0,0,0,0,0,0,0,0,37075,0,0,0,0,13101,0,0,0,0,0,0,0,0,0,0,0,0,0,0,0,0,0,0,0,37075,0,0,0,0,13101,0,0,0,0,0,0,0,0,0,0,0,0,0,0,0,0,0,0,0,TCGA-OL-A6VO-DX1_xmin88416_ymin188485_MPP-0.2500+42
38039,0,0,0,0,12137,0,0,0,0,0,0,0,0,0,0,0,0,0,0,0,0,0,0,0,38039,0,0,0,0,12137,0,0,0,0,0,0,0,0,0,0,0,0,0,0,0,0,0,0,0,38039,0,0,0,0,12137,0,0,0,0,0,0,0,0,0,0,0,0,0,0,0,0,0,0,0,TCGA-OL-A6VO-DX1_xmin88416_ymin188485_MPP-0.2500+43
8924,11894,0,0,0,3152,26206,0,0,0,0,0,0,0,0,0,0,0,0,0,0,0,0,0,0,8739,12079,0,0,0,3255,26103,0,0,0,0,0,0,0,0,0,0,0,0,0,0,0,0,0,0,8108,12710,0,0,0,3206,26152,0,0,0,0,0,0,0,0,0,0,0,0,0,0,0,0,0,0,TCGA-OL-A6VO-DX1_xmin88416_ymin188485_MPP-0.2500+44
22906,907,0,0,0,2907,21318,0,0,0,53,2085,0,0,0,0,0,0,0,0,0,0,0,0,0,22901,912,0,0,0,2925,21300,0,0,0,53,2085,0,0,0,0,0,0,0,0,0,0,0,0,0,22915,898,0,0,0,3114,21111,0,0,0,80,2058,0,0,0,0,0,0,0,0,0,0,0,0,0,TCGA-OL-A6VO-DX1_xmin88416_ymin188485_MPP-0.2500+45
0,4134,2766,0,0,0,25665,4761,0,0,0,2820,10030,0,0,0,0,0,0,0,0,0,0,0,0,0,5105,1795,0,0,0,26320,4106,0,0,0,3074,9776,0,0,0,0,0,0,0,0,0,0,0,0,0,5220,1680,0,0,0,26419,4007,0,0,0,2960,9890,0,0,0,0,0,0,0,0,0,0,0,0,TCGA-OL-A6VO-DX1_xmin88416_ymin188485_MPP-0.2500+46
45620,0,0,0,0,4556,0,0,0,0,0,0,0,0,0,0,0,0,0,0,0,0,0,0,0,45620,0,0,0,0,4556,0,0,0,0,0,0,0,0,0,0,0,0,0,0,0,0,0,0,0,45620,0,0,0,0,4556,0,0,0,0,0,0,0,0,0,0,0,0,0,0,0,0,0,0,0,TCGA-OL-A6VO-DX1_xmin88416_ymin188485_MPP-0.2500+47
24290,0,0,0,0,25886,0,0,0,0,0,0,0,0,0,0,0,0,0,0,0,0,0,0,0,24290,0,0,0,0,25886,0,0,0,0,0,0,0,0,0,0,0,0,0,0,0,0,0,0,0,24290,0,0,0,0,25886,0,0,0,0,0,0,0,0,0,0,0,0,0,0,0,0,0,0,0,TCGA-OL-A6VO-DX1_xmin88416_ymin188485_MPP-0.2500+48
38010,0,0,0,0,12166,0,0,0,0,0,0,0,0,0,0,0,0,0,0,0,0,0,0,0,38010,0,0,0,0,12166,0,0,0,0,0,0,0,0,0,0,0,0,0,0,0,0,0,0,0,38010,0,0,0,0,12166,0,0,0,0,0,0,0,0,0,0,0,0,0,0,0,0,0,0,0,TCGA-OL-A6VO-DX1_xmin88416_ymin188485_MPP-0.2500+49
15640,13461,0,0,0,1359,17178,0,0,0,0,2538,0,0,0,0,0,0,0,0,0,0,0,0,0,15566,13535,0,0,0,1328,17209,0,0,0,0,2538,0,0,0,0,0,0,0,0,0,0,0,0,0,15844,13257,0,0,0,1400,17137,0,0,0,0,2538,0,0,0,0,0,0,0,0,0,0,0,0,0,TCGA-OL-A6VO-DX1_xmin88416_ymin188485_MPP-0.2500+5
39483,1250,0,0,0,2435,7008,0,0,0,0,0,0,0,0,0,0,0,0,0,0,0,0,0,0,39483,1250,0,0,0,2401,7042,0,0,0,0,0,0,0,0,0,0,0,0,0,0,0,0,0,0,39492,1241,0,0,0,2353,7090,0,0,0,0,0,0,0,0,0,0,0,0,0,0,0,0,0,0,TCGA-OL-A6VO-DX1_xmin88416_ymin188485_MPP-0.2500+50
0,4851,1178,0,0,0,14019,3785,0,0,0,2929,23414,0,0,0,0,0,0,0,0,0,0,0,0,0,5023,1006,0,0,0,14274,3530,0,0,0,3425,22918,0,0,0,0,0,0,0,0,0,0,0,0,0,5077,952,0,0,0,14306,3498,0,0,0,3292,23051,0,0,0,0,0,0,0,0,0,0,0,0,TCGA-OL-A6VO-DX1_xmin88416_ymin188485_MPP-0.2500+51
22104,5276,0,0,0,4921,16939,0,0,0,549,387,0,0,0,0,0,0,0,0,0,0,0,0,0,22105,5275,0,0,0,4886,16974,0,0,0,516,420,0,0,0,0,0,0,0,0,0,0,0,0,0,21706,5674,0,0,0,4521,17339,0,0,0,201,735,0,0,0,0,0,0,0,0,0,0,0,0,0,TCGA-OL-A6VO-DX1_xmin88416_ymin188485_MPP-0.2500+52
21925,5375,0,0,0,4552,18324,0,0,0,0,0,0,0,0,0,0,0,0,0,0,0,0,0,0,21515,5785,0,0,0,3812,19064,0,0,0,0,0,0,0,0,0,0,0,0,0,0,0,0,0,0,21591,5709,0,0,0,3880,18996,0,0,0,0,0,0,0,0,0,0,0,0,0,0,0,0,0,0,TCGA-OL-A6VO-DX1_xmin88416_ymin188485_MPP-0.2500+53
36835,0,0,0,0,10779,0,0,0,0,2562,0,0,0,0,0,0,0,0,0,0,0,0,0,0,36835,0,0,0,0,10779,0,0,0,0,2562,0,0,0,0,0,0,0,0,0,0,0,0,0,0,36835,0,0,0,0,10779,0,0,0,0,2562,0,0,0,0,0,0,0,0,0,0,0,0,0,0,TCGA-OL-A6VO-DX1_xmin88416_ymin188485_MPP-0.2500+54
27951,17921,0,0,0,0,3962,0,0,0,0,342,0,0,0,0,0,0,0,0,0,0,0,0,0,27478,18394,0,0,0,0,3962,0,0,0,0,342,0,0,0,0,0,0,0,0,0,0,0,0,0,27707,18165,0,0,0,0,3962,0,0,0,0,342,0,0,0,0,0,0,0,0,0,0,0,0,0,TCGA-OL-A6VO-DX1_xmin88416_ymin188485_MPP-0.2500+6
38919,10144,0,0,0,126,987,0,0,0,0,0,0,0,0,0,0,0,0,0,0,0,0,0,0,38401,10662,0,0,0,69,1044,0,0,0,0,0,0,0,0,0,0,0,0,0,0,0,0,0,0,38181,10882,0,0,0,46,1067,0,0,0,0,0,0,0,0,0,0,0,0,0,0,0,0,0,0,TCGA-OL-A6VO-DX1_xmin88416_ymin188485_MPP-0.2500+7
13361,2825,0,0,0,5220,19186,0,0,0,0,9584,0,0,0,0,0,0,0,0,0,0,0,0,0,13369,2817,0,0,0,4898,19508,0,0,0,0,9584,0,0,0,0,0,0,0,0,0,0,0,0,0,13368,2818,0,0,0,4788,19618,0,0,0,0,9584,0,0,0,0,0,0,0,0,0,0,0,0,0,TCGA-OL-A6VO-DX1_xmin88416_ymin188485_MPP-0.2500+8
37468,12702,0,0,0,0,6,0,0,0,0,0,0,0,0,0,0,0,0,0,0,0,0,0,0,36868,13302,0,0,0,0,6,0,0,0,0,0,0,0,0,0,0,0,0,0,0,0,0,0,0,36790,13380,0,0,0,0,6,0,0,0,0,0,0,0,0,0,0,0,0,0,0,0,0,0,0,TCGA-OL-A6VO-DX1_xmin88416_ymin188485_MPP-0.2500+9
0,0,0,0,0,0,50176,0,0,0,0,0,0,0,0,0,0,0,0,0,0,0,0,0,0,0,0,0,0,0,0,50176,0,0,0,0,0,0,0,0,0,0,0,0,0,0,0,0,0,0,0,0,0,0,0,0,50176,0,0,0,0,0,0,0,0,0,0,0,0,0,0,0,0,0,0,TCGA-OL-A97C-DX1_xmin68058_ymin32495_MPP-0.2500+0
0,0,0,0,0,0,50176,0,0,0,0,0,0,0,0,0,0,0,0,0,0,0,0,0,0,0,0,0,0,0,0,50176,0,0,0,0,0,0,0,0,0,0,0,0,0,0,0,0,0,0,0,0,0,0,0,0,50176,0,0,0,0,0,0,0,0,0,0,0,0,0,0,0,0,0,0,TCGA-OL-A97C-DX1_xmin68058_ymin32495_MPP-0.2500+1
0,0,0,0,0,0,50176,0,0,0,0,0,0,0,0,0,0,0,0,0,0,0,0,0,0,0,0,0,0,0,0,50176,0,0,0,0,0,0,0,0,0,0,0,0,0,0,0,0,0,0,0,0,0,0,0,0,50176,0,0,0,0,0,0,0,0,0,0,0,0,0,0,0,0,0,0,TCGA-OL-A97C-DX1_xmin68058_ymin32495_MPP-0.2500+10
0,0,0,0,0,0,50176,0,0,0,0,0,0,0,0,0,0,0,0,0,0,0,0,0,0,0,0,0,0,0,0,50176,0,0,0,0,0,0,0,0,0,0,0,0,0,0,0,0,0,0,0,0,0,0,0,0,50176,0,0,0,0,0,0,0,0,0,0,0,0,0,0,0,0,0,0,TCGA-OL-A97C-DX1_xmin68058_ymin32495_MPP-0.2500+100
0,0,0,0,0,0,50176,0,0,0,0,0,0,0,0,0,0,0,0,0,0,0,0,0,0,0,0,0,0,0,0,50176,0,0,0,0,0,0,0,0,0,0,0,0,0,0,0,0,0,0,0,0,0,0,0,0,50176,0,0,0,0,0,0,0,0,0,0,0,0,0,0,0,0,0,0,TCGA-OL-A97C-DX1_xmin68058_ymin32495_MPP-0.2500+101
0,0,0,0,0,0,42641,0,0,0,0,0,0,0,0,0,0,0,0,0,0,0,0,0,7535,0,0,0,0,0,0,42641,0,0,0,0,0,0,0,0,0,0,0,0,0,0,0,0,0,7535,0,0,0,0,0,0,42641,0,0,0,0,0,0,0,0,0,0,0,0,0,0,0,0,0,7535,TCGA-OL-A97C-DX1_xmin68058_ymin32495_MPP-0.2500+102
0,41,0,0,0,0,48513,0,0,0,0,0,0,0,0,0,0,0,0,0,0,0,0,0,1622,0,41,0,0,0,0,48513,0,0,0,0,0,0,0,0,0,0,0,0,0,0,0,0,0,1622,0,41,0,0,0,0,48513,0,0,0,0,0,0,0,0,0,0,0,0,0,0,0,0,0,1622,TCGA-OL-A97C-DX1_xmin68058_ymin32495_MPP-0.2500+103
18364,12809,0,0,0,6457,12546,0,0,0,0,0,0,0,0,0,0,0,0,0,0,0,0,0,0,18434,12739,0,0,0,6692,12311,0,0,0,0,0,0,0,0,0,0,0,0,0,0,0,0,0,0,18485,12688,0,0,0,7004,11999,0,0,0,0,0,0,0,0,0,0,0,0,0,0,0,0,0,0,TCGA-OL-A97C-DX1_xmin68058_ymin32495_MPP-0.2500+104
50176,0,0,0,0,0,0,0,0,0,0,0,0,0,0,0,0,0,0,0,0,0,0,0,0,50176,0,0,0,0,0,0,0,0,0,0,0,0,0,0,0,0,0,0,0,0,0,0,0,0,50176,0,0,0,0,0,0,0,0,0,0,0,0,0,0,0,0,0,0,0,0,0,0,0,0,TCGA-OL-A97C-DX1_xmin68058_ymin32495_MPP-0.2500+105
50176,0,0,0,0,0,0,0,0,0,0,0,0,0,0,0,0,0,0,0,0,0,0,0,0,50176,0,0,0,0,0,0,0,0,0,0,0,0,0,0,0,0,0,0,0,0,0,0,0,0,50176,0,0,0,0,0,0,0,0,0,0,0,0,0,0,0,0,0,0,0,0,0,0,0,0,TCGA-OL-A97C-DX1_xmin68058_ymin32495_MPP-0.2500+106
50176,0,0,0,0,0,0,0,0,0,0,0,0,0,0,0,0,0,0,0,0,0,0,0,0,50176,0,0,0,0,0,0,0,0,0,0,0,0,0,0,0,0,0,0,0,0,0,0,0,0,50176,0,0,0,0,0,0,0,0,0,0,0,0,0,0,0,0,0,0,0,0,0,0,0,0,TCGA-OL-A97C-DX1_xmin68058_ymin32495_MPP-0.2500+107
50029,0,0,0,0,0,0,0,0,0,0,0,0,0,0,0,0,0,0,0,0,0,0,0,147,50029,0,0,0,0,0,0,0,0,0,0,0,0,0,0,0,0,0,0,0,0,0,0,0,147,50029,0,0,0,0,0,0,0,0,0,0,0,0,0,0,0,0,0,0,0,0,0,0,0,147,TCGA-OL-A97C-DX1_xmin68058_ymin32495_MPP-0.2500+108
29651,0,0,0,0,0,0,0,0,0,0,0,0,0,0,0,0,0,0,0,0,0,0,0,20525,29651,0,0,0,0,0,0,0,0,0,0,0,0,0,0,0,0,0,0,0,0,0,0,0,20525,29651,0,0,0,0,0,0,0,0,0,0,0,0,0,0,0,0,0,0,0,0,0,0,0,20525,TCGA-OL-A97C-DX1_xmin68058_ymin32495_MPP-0.2500+109
0,0,0,0,0,0,50176,0,0,0,0,0,0,0,0,0,0,0,0,0,0,0,0,0,0,0,0,0,0,0,0,50176,0,0,0,0,0,0,0,0,0,0,0,0,0,0,0,0,0,0,0,0,0,0,0,0,50176,0,0,0,0,0,0,0,0,0,0,0,0,0,0,0,0,0,0,TCGA-OL-A97C-DX1_xmin68058_ymin32495_MPP-0.2500+11
2390,4984,0,0,0,0,0,0,0,0,0,0,0,0,0,0,0,0,0,0,0,0,0,0,42802,2757,4617,0,0,0,0,0,0,0,0,0,0,0,0,0,0,0,0,0,0,0,0,0,0,42802,2825,4549,0,0,0,0,0,0,0,0,0,0,0,0,0,0,0,0,0,0,0,0,0,0,42802,TCGA-OL-A97C-DX1_xmin68058_ymin32495_MPP-0.2500+110
0,0,0,0,0,0,50176,0,0,0,0,0,0,0,0,0,0,0,0,0,0,0,0,0,0,0,0,0,0,0,0,50176,0,0,0,0,0,0,0,0,0,0,0,0,0,0,0,0,0,0,0,0,0,0,0,0,50176,0,0,0,0,0,0,0,0,0,0,0,0,0,0,0,0,0,0,TCGA-OL-A97C-DX1_xmin68058_ymin32495_MPP-0.2500+111
0,0,0,0,0,105,44036,0,0,0,0,0,0,0,0,0,0,0,0,0,0,0,0,0,6035,0,0,0,0,0,256,43885,0,0,0,0,0,0,0,0,0,0,0,0,0,0,0,0,0,6035,0,0,0,0,0,256,43885,0,0,0,0,0,0,0,0,0,0,0,0,0,0,0,0,0,6035,TCGA-OL-A97C-DX1_xmin68058_ymin32495_MPP-0.2500+112
0,0,0,0,0,142,25609,0,0,0,0,0,0,0,0,0,0,0,0,0,0,0,0,0,24425,0,0,0,0,0,309,25442,0,0,0,0,0,0,0,0,0,0,0,0,0,0,0,0,0,24425,0,0,0,0,0,213,25538,0,0,0,0,0,0,0,0,0,0,0,0,0,0,0,0,0,24425,TCGA-OL-A97C-DX1_xmin68058_ymin32495_MPP-0.2500+113
0,0,0,0,0,0,50176,0,0,0,0,0,0,0,0,0,0,0,0,0,0,0,0,0,0,0,0,0,0,0,0,50176,0,0,0,0,0,0,0,0,0,0,0,0,0,0,0,0,0,0,0,0,0,0,0,0,50176,0,0,0,0,0,0,0,0,0,0,0,0,0,0,0,0,0,0,TCGA-OL-A97C-DX1_xmin68058_ymin32495_MPP-0.2500+114
0,0,0,0,0,0,50176,0,0,0,0,0,0,0,0,0,0,0,0,0,0,0,0,0,0,0,0,0,0,0,0,50176,0,0,0,0,0,0,0,0,0,0,0,0,0,0,0,0,0,0,0,0,0,0,0,0,50176,0,0,0,0,0,0,0,0,0,0,0,0,0,0,0,0,0,0,TCGA-OL-A97C-DX1_xmin68058_ymin32495_MPP-0.2500+115
0,0,0,0,0,0,42716,0,0,0,0,0,0,0,0,0,0,0,0,0,0,0,0,0,7460,0,0,0,0,0,0,42716,0,0,0,0,0,0,0,0,0,0,0,0,0,0,0,0,0,7460,0,0,0,0,0,0,42716,0,0,0,0,0,0,0,0,0,0,0,0,0,0,0,0,0,7460,TCGA-OL-A97C-DX1_xmin68058_ymin32495_MPP-0.2500+116
0,0,0,0,0,0,4581,0,0,0,0,0,0,0,0,0,0,0,0,0,0,0,0,0,45595,0,0,0,0,0,0,4581,0,0,0,0,0,0,0,0,0,0,0,0,0,0,0,0,0,45595,0,0,0,0,0,0,4581,0,0,0,0,0,0,0,0,0,0,0,0,0,0,0,0,0,45595,TCGA-OL-A97C-DX1_xmin68058_ymin32495_MPP-0.2500+117
0,0,0,0,0,0,49838,0,0,0,0,0,0,0,0,0,0,0,0,0,0,0,0,0,338,0,0,0,0,0,0,49838,0,0,0,0,0,0,0,0,0,0,0,0,0,0,0,0,0,338,0,0,0,0,0,0,49838,0,0,0,0,0,0,0,0,0,0,0,0,0,0,0,0,0,338,TCGA-OL-A97C-DX1_xmin68058_ymin32495_MPP-0.2500+118
0,0,0,0,0,0,50176,0,0,0,0,0,0,0,0,0,0,0,0,0,0,0,0,0,0,0,0,0,0,0,0,50176,0,0,0,0,0,0,0,0,0,0,0,0,0,0,0,0,0,0,0,0,0,0,0,0,50176,0,0,0,0,0,0,0,0,0,0,0,0,0,0,0,0,0,0,TCGA-OL-A97C-DX1_xmin68058_ymin32495_MPP-0.2500+119
0,0,0,0,0,0,46617,0,0,0,0,0,0,0,0,0,0,0,0,0,0,0,0,0,3559,0,0,0,0,0,0,46617,0,0,0,0,0,0,0,0,0,0,0,0,0,0,0,0,0,3559,0,0,0,0,0,0,46617,0,0,0,0,0,0,0,0,0,0,0,0,0,0,0,0,0,3559,TCGA-OL-A97C-DX1_xmin68058_ymin32495_MPP-0.2500+12
0,0,0,0,0,0,31630,0,0,0,0,0,0,0,0,0,0,0,0,0,0,0,0,0,18546,0,0,0,0,0,0,31630,0,0,0,0,0,0,0,0,0,0,0,0,0,0,0,0,0,18546,0,0,0,0,0,0,31630,0,0,0,0,0,0,0,0,0,0,0,0,0,0,0,0,0,18546,TCGA-OL-A97C-DX1_xmin68058_ymin32495_MPP-0.2500+120
0,12012,0,0,0,0,35178,0,0,0,0,0,0,0,0,0,0,0,0,0,0,0,0,0,2986,0,12012,0,0,0,0,35178,0,0,0,0,0,0,0,0,0,0,0,0,0,0,0,0,0,2986,0,12012,0,0,0,0,35178,0,0,0,0,0,0,0,0,0,0,0,0,0,0,0,0,0,2986,TCGA-OL-A97C-DX1_xmin68058_ymin32495_MPP-0.2500+121
50176,0,0,0,0,0,0,0,0,0,0,0,0,0,0,0,0,0,0,0,0,0,0,0,0,50176,0,0,0,0,0,0,0,0,0,0,0,0,0,0,0,0,0,0,0,0,0,0,0,0,50176,0,0,0,0,0,0,0,0,0,0,0,0,0,0,0,0,0,0,0,0,0,0,0,0,TCGA-OL-A97C-DX1_xmin68058_ymin32495_MPP-0.2500+122
50176,0,0,0,0,0,0,0,0,0,0,0,0,0,0,0,0,0,0,0,0,0,0,0,0,50176,0,0,0,0,0,0,0,0,0,0,0,0,0,0,0,0,0,0,0,0,0,0,0,0,50176,0,0,0,0,0,0,0,0,0,0,0,0,0,0,0,0,0,0,0,0,0,0,0,0,TCGA-OL-A97C-DX1_xmin68058_ymin32495_MPP-0.2500+123
50176,0,0,0,0,0,0,0,0,0,0,0,0,0,0,0,0,0,0,0,0,0,0,0,0,50176,0,0,0,0,0,0,0,0,0,0,0,0,0,0,0,0,0,0,0,0,0,0,0,0,50176,0,0,0,0,0,0,0,0,0,0,0,0,0,0,0,0,0,0,0,0,0,0,0,0,TCGA-OL-A97C-DX1_xmin68058_ymin32495_MPP-0.2500+124
49981,0,0,0,0,0,0,0,0,0,0,0,0,0,0,0,0,0,0,0,0,0,0,0,195,49981,0,0,0,0,0,0,0,0,0,0,0,0,0,0,0,0,0,0,0,0,0,0,0,195,49981,0,0,0,0,0,0,0,0,0,0,0,0,0,0,0,0,0,0,0,0,0,0,0,195,TCGA-OL-A97C-DX1_xmin68058_ymin32495_MPP-0.2500+125
17383,0,0,0,0,0,0,0,0,0,0,0,0,0,0,0,0,0,0,0,0,0,0,0,32793,17383,0,0,0,0,0,0,0,0,0,0,0,0,0,0,0,0,0,0,0,0,0,0,0,32793,17383,0,0,0,0,0,0,0,0,0,0,0,0,0,0,0,0,0,0,0,0,0,0,0,32793,TCGA-OL-A97C-DX1_xmin68058_ymin32495_MPP-0.2500+126
0,0,0,0,0,0,44388,0,0,0,0,0,0,0,0,0,0,0,0,0,0,0,0,0,5788,0,0,0,0,0,0,44388,0,0,0,0,0,0,0,0,0,0,0,0,0,0,0,0,0,5788,0,0,0,0,0,0,44388,0,0,0,0,0,0,0,0,0,0,0,0,0,0,0,0,0,5788,TCGA-OL-A97C-DX1_xmin68058_ymin32495_MPP-0.2500+127
0,0,0,0,0,0,50176,0,0,0,0,0,0,0,0,0,0,0,0,0,0,0,0,0,0,0,0,0,0,0,0,50176,0,0,0,0,0,0,0,0,0,0,0,0,0,0,0,0,0,0,0,0,0,0,0,0,50176,0,0,0,0,0,0,0,0,0,0,0,0,0,0,0,0,0,0,TCGA-OL-A97C-DX1_xmin68058_ymin32495_MPP-0.2500+128
0,0,0,0,0,0,47250,0,0,0,0,0,0,0,0,0,0,0,0,0,0,0,0,0,2926,0,0,0,0,0,0,47250,0,0,0,0,0,0,0,0,0,0,0,0,0,0,0,0,0,2926,0,0,0,0,0,0,47250,0,0,0,0,0,0,0,0,0,0,0,0,0,0,0,0,0,2926,TCGA-OL-A97C-DX1_xmin68058_ymin32495_MPP-0.2500+129
0,0,0,0,0,0,26056,0,0,0,0,0,0,0,0,0,0,0,0,0,0,0,0,0,24120,0,0,0,0,0,0,26056,0,0,0,0,0,0,0,0,0,0,0,0,0,0,0,0,0,24120,0,0,0,0,0,0,26056,0,0,0,0,0,0,0,0,0,0,0,0,0,0,0,0,0,24120,TCGA-OL-A97C-DX1_xmin68058_ymin32495_MPP-0.2500+13
0,0,0,0,0,0,36647,0,0,0,0,0,0,0,0,0,0,0,0,0,0,0,0,0,13529,0,0,0,0,0,0,36647,0,0,0,0,0,0,0,0,0,0,0,0,0,0,0,0,0,13529,0,0,0,0,0,0,36647,0,0,0,0,0,0,0,0,0,0,0,0,0,0,0,0,0,13529,TCGA-OL-A97C-DX1_xmin68058_ymin32495_MPP-0.2500+130
0,0,0,0,0,0,36978,0,0,0,0,0,0,0,0,0,0,0,0,0,0,0,0,0,13198,0,0,0,0,0,0,36978,0,0,0,0,0,0,0,0,0,0,0,0,0,0,0,0,0,13198,0,0,0,0,0,0,36978,0,0,0,0,0,0,0,0,0,0,0,0,0,0,0,0,0,13198,TCGA-OL-A97C-DX1_xmin68058_ymin32495_MPP-0.2500+131
0,0,0,0,0,0,50176,0,0,0,0,0,0,0,0,0,0,0,0,0,0,0,0,0,0,0,0,0,0,0,0,50176,0,0,0,0,0,0,0,0,0,0,0,0,0,0,0,0,0,0,0,0,0,0,0,0,50176,0,0,0,0,0,0,0,0,0,0,0,0,0,0,0,0,0,0,TCGA-OL-A97C-DX1_xmin68058_ymin32495_MPP-0.2500+132
0,0,0,0,0,0,50176,0,0,0,0,0,0,0,0,0,0,0,0,0,0,0,0,0,0,0,0,0,0,0,0,50176,0,0,0,0,0,0,0,0,0,0,0,0,0,0,0,0,0,0,0,0,0,0,0,0,50176,0,0,0,0,0,0,0,0,0,0,0,0,0,0,0,0,0,0,TCGA-OL-A97C-DX1_xmin68058_ymin32495_MPP-0.2500+133
0,0,0,0,0,0,50176,0,0,0,0,0,0,0,0,0,0,0,0,0,0,0,0,0,0,0,0,0,0,0,0,50176,0,0,0,0,0,0,0,0,0,0,0,0,0,0,0,0,0,0,0,0,0,0,0,0,50176,0,0,0,0,0,0,0,0,0,0,0,0,0,0,0,0,0,0,TCGA-OL-A97C-DX1_xmin68058_ymin32495_MPP-0.2500+134
0,34489,0,0,0,0,15687,0,0,0,0,0,0,0,0,0,0,0,0,0,0,0,0,0,0,32,34457,0,0,0,0,15687,0,0,0,0,0,0,0,0,0,0,0,0,0,0,0,0,0,0,32,34457,0,0,0,0,15687,0,0,0,0,0,0,0,0,0,0,0,0,0,0,0,0,0,0,TCGA-OL-A97C-DX1_xmin68058_ymin32495_MPP-0.2500+135
50176,0,0,0,0,0,0,0,0,0,0,0,0,0,0,0,0,0,0,0,0,0,0,0,0,50176,0,0,0,0,0,0,0,0,0,0,0,0,0,0,0,0,0,0,0,0,0,0,0,0,50176,0,0,0,0,0,0,0,0,0,0,0,0,0,0,0,0,0,0,0,0,0,0,0,0,TCGA-OL-A97C-DX1_xmin68058_ymin32495_MPP-0.2500+136
50176,0,0,0,0,0,0,0,0,0,0,0,0,0,0,0,0,0,0,0,0,0,0,0,0,50176,0,0,0,0,0,0,0,0,0,0,0,0,0,0,0,0,0,0,0,0,0,0,0,0,50176,0,0,0,0,0,0,0,0,0,0,0,0,0,0,0,0,0,0,0,0,0,0,0,0,TCGA-OL-A97C-DX1_xmin68058_ymin32495_MPP-0.2500+137
50176,0,0,0,0,0,0,0,0,0,0,0,0,0,0,0,0,0,0,0,0,0,0,0,0,50176,0,0,0,0,0,0,0,0,0,0,0,0,0,0,0,0,0,0,0,0,0,0,0,0,50176,0,0,0,0,0,0,0,0,0,0,0,0,0,0,0,0,0,0,0,0,0,0,0,0,TCGA-OL-A97C-DX1_xmin68058_ymin32495_MPP-0.2500+138
23230,0,0,0,0,0,0,0,0,0,0,0,0,0,0,0,0,0,0,0,0,0,0,0,26946,23230,0,0,0,0,0,0,0,0,0,0,0,0,0,0,0,0,0,0,0,0,0,0,0,26946,23230,0,0,0,0,0,0,0,0,0,0,0,0,0,0,0,0,0,0,0,0,0,0,0,26946,TCGA-OL-A97C-DX1_xmin68058_ymin32495_MPP-0.2500+139
0,0,0,0,0,0,49249,0,0,0,0,0,0,0,0,0,0,0,0,0,0,0,0,0,927,0,0,0,0,0,0,49249,0,0,0,0,0,0,0,0,0,0,0,0,0,0,0,0,0,927,0,0,0,0,0,0,49249,0,0,0,0,0,0,0,0,0,0,0,0,0,0,0,0,0,927,TCGA-OL-A97C-DX1_xmin68058_ymin32495_MPP-0.2500+14
0,0,0,0,0,0,49648,0,0,0,0,0,0,0,0,0,0,0,0,0,0,0,0,0,528,0,0,0,0,0,0,49648,0,0,0,0,0,0,0,0,0,0,0,0,0,0,0,0,0,528,0,0,0,0,0,0,49648,0,0,0,0,0,0,0,0,0,0,0,0,0,0,0,0,0,528,TCGA-OL-A97C-DX1_xmin68058_ymin32495_MPP-0.2500+140
0,0,0,0,0,0,41308,0,0,0,0,0,0,0,0,0,0,0,0,0,0,0,0,0,8868,0,0,0,0,0,0,41308,0,0,0,0,0,0,0,0,0,0,0,0,0,0,0,0,0,8868,0,0,0,0,0,0,41308,0,0,0,0,0,0,0,0,0,0,0,0,0,0,0,0,0,8868,TCGA-OL-A97C-DX1_xmin68058_ymin32495_MPP-0.2500+141
0,0,0,0,0,0,50176,0,0,0,0,0,0,0,0,0,0,0,0,0,0,0,0,0,0,0,0,0,0,0,0,50176,0,0,0,0,0,0,0,0,0,0,0,0,0,0,0,0,0,0,0,0,0,0,0,0,50176,0,0,0,0,0,0,0,0,0,0,0,0,0,0,0,0,0,0,TCGA-OL-A97C-DX1_xmin68058_ymin32495_MPP-0.2500+142
0,0,0,0,0,0,50176,0,0,0,0,0,0,0,0,0,0,0,0,0,0,0,0,0,0,0,0,0,0,0,0,50176,0,0,0,0,0,0,0,0,0,0,0,0,0,0,0,0,0,0,0,0,0,0,0,0,50176,0,0,0,0,0,0,0,0,0,0,0,0,0,0,0,0,0,0,TCGA-OL-A97C-DX1_xmin68058_ymin32495_MPP-0.2500+143
0,0,0,0,0,0,50176,0,0,0,0,0,0,0,0,0,0,0,0,0,0,0,0,0,0,0,0,0,0,0,0,50176,0,0,0,0,0,0,0,0,0,0,0,0,0,0,0,0,0,0,0,0,0,0,0,0,50176,0,0,0,0,0,0,0,0,0,0,0,0,0,0,0,0,0,0,TCGA-OL-A97C-DX1_xmin68058_ymin32495_MPP-0.2500+144
1,8925,0,0,0,0,41250,0,0,0,0,0,0,0,0,0,0,0,0,0,0,0,0,0,0,1,8925,0,0,0,0,41250,0,0,0,0,0,0,0,0,0,0,0,0,0,0,0,0,0,0,1,8925,0,0,0,0,41250,0,0,0,0,0,0,0,0,0,0,0,0,0,0,0,0,0,0,TCGA-OL-A97C-DX1_xmin68058_ymin32495_MPP-0.2500+145
49370,0,0,0,0,806,0,0,0,0,0,0,0,0,0,0,0,0,0,0,0,0,0,0,0,49370,0,0,0,0,806,0,0,0,0,0,0,0,0,0,0,0,0,0,0,0,0,0,0,0,49370,0,0,0,0,806,0,0,0,0,0,0,0,0,0,0,0,0,0,0,0,0,0,0,0,TCGA-OL-A97C-DX1_xmin68058_ymin32495_MPP-0.2500+146
50176,0,0,0,0,0,0,0,0,0,0,0,0,0,0,0,0,0,0,0,0,0,0,0,0,50176,0,0,0,0,0,0,0,0,0,0,0,0,0,0,0,0,0,0,0,0,0,0,0,0,50176,0,0,0,0,0,0,0,0,0,0,0,0,0,0,0,0,0,0,0,0,0,0,0,0,TCGA-OL-A97C-DX1_xmin68058_ymin32495_MPP-0.2500+147
50176,0,0,0,0,0,0,0,0,0,0,0,0,0,0,0,0,0,0,0,0,0,0,0,0,50176,0,0,0,0,0,0,0,0,0,0,0,0,0,0,0,0,0,0,0,0,0,0,0,0,50176,0,0,0,0,0,0,0,0,0,0,0,0,0,0,0,0,0,0,0,0,0,0,0,0,TCGA-OL-A97C-DX1_xmin68058_ymin32495_MPP-0.2500+148
29974,0,0,0,0,0,0,0,0,0,0,0,0,0,0,0,0,0,0,0,0,0,0,0,20202,29974,0,0,0,0,0,0,0,0,0,0,0,0,0,0,0,0,0,0,0,0,0,0,0,20202,29974,0,0,0,0,0,0,0,0,0,0,0,0,0,0,0,0,0,0,0,0,0,0,0,20202,TCGA-OL-A97C-DX1_xmin68058_ymin32495_MPP-0.2500+149
0,0,0,0,0,0,50176,0,0,0,0,0,0,0,0,0,0,0,0,0,0,0,0,0,0,0,0,0,0,0,0,50176,0,0,0,0,0,0,0,0,0,0,0,0,0,0,0,0,0,0,0,0,0,0,0,0,50176,0,0,0,0,0,0,0,0,0,0,0,0,0,0,0,0,0,0,TCGA-OL-A97C-DX1_xmin68058_ymin32495_MPP-0.2500+15
0,0,0,0,0,0,50176,0,0,0,0,0,0,0,0,0,0,0,0,0,0,0,0,0,0,0,0,0,0,0,0,50176,0,0,0,0,0,0,0,0,0,0,0,0,0,0,0,0,0,0,0,0,0,0,0,0,50176,0,0,0,0,0,0,0,0,0,0,0,0,0,0,0,0,0,0,TCGA-OL-A97C-DX1_xmin68058_ymin32495_MPP-0.2500+150
0,0,0,0,0,0,48559,0,0,0,0,0,0,0,0,0,0,0,0,0,0,0,0,0,1617,0,0,0,0,0,0,48559,0,0,0,0,0,0,0,0,0,0,0,0,0,0,0,0,0,1617,0,0,0,0,0,0,48559,0,0,0,0,0,0,0,0,0,0,0,0,0,0,0,0,0,1617,TCGA-OL-A97C-DX1_xmin68058_ymin32495_MPP-0.2500+151
0,0,0,0,0,0,50176,0,0,0,0,0,0,0,0,0,0,0,0,0,0,0,0,0,0,0,0,0,0,0,0,50176,0,0,0,0,0,0,0,0,0,0,0,0,0,0,0,0,0,0,0,0,0,0,0,0,50176,0,0,0,0,0,0,0,0,0,0,0,0,0,0,0,0,0,0,TCGA-OL-A97C-DX1_xmin68058_ymin32495_MPP-0.2500+152
0,0,0,0,0,0,50176,0,0,0,0,0,0,0,0,0,0,0,0,0,0,0,0,0,0,0,0,0,0,0,0,50176,0,0,0,0,0,0,0,0,0,0,0,0,0,0,0,0,0,0,0,0,0,0,0,0,50176,0,0,0,0,0,0,0,0,0,0,0,0,0,0,0,0,0,0,TCGA-OL-A97C-DX1_xmin68058_ymin32495_MPP-0.2500+153
20625,6108,0,0,0,157,23286,0,0,0,0,0,0,0,0,0,0,0,0,0,0,0,0,0,0,20374,6359,0,0,0,176,23267,0,0,0,0,0,0,0,0,0,0,0,0,0,0,0,0,0,0,19426,7307,0,0,0,242,23201,0,0,0,0,0,0,0,0,0,0,0,0,0,0,0,0,0,0,TCGA-OL-A97C-DX1_xmin68058_ymin32495_MPP-0.2500+154
50176,0,0,0,0,0,0,0,0,0,0,0,0,0,0,0,0,0,0,0,0,0,0,0,0,50176,0,0,0,0,0,0,0,0,0,0,0,0,0,0,0,0,0,0,0,0,0,0,0,0,50176,0,0,0,0,0,0,0,0,0,0,0,0,0,0,0,0,0,0,0,0,0,0,0,0,TCGA-OL-A97C-DX1_xmin68058_ymin32495_MPP-0.2500+155
50176,0,0,0,0,0,0,0,0,0,0,0,0,0,0,0,0,0,0,0,0,0,0,0,0,50176,0,0,0,0,0,0,0,0,0,0,0,0,0,0,0,0,0,0,0,0,0,0,0,0,50176,0,0,0,0,0,0,0,0,0,0,0,0,0,0,0,0,0,0,0,0,0,0,0,0,TCGA-OL-A97C-DX1_xmin68058_ymin32495_MPP-0.2500+156
50176,0,0,0,0,0,0,0,0,0,0,0,0,0,0,0,0,0,0,0,0,0,0,0,0,50176,0,0,0,0,0,0,0,0,0,0,0,0,0,0,0,0,0,0,0,0,0,0,0,0,50176,0,0,0,0,0,0,0,0,0,0,0,0,0,0,0,0,0,0,0,0,0,0,0,0,TCGA-OL-A97C-DX1_xmin68058_ymin32495_MPP-0.2500+157
5980,1763,0,0,0,0,0,0,0,0,0,0,0,0,0,0,0,0,0,0,0,0,0,0,42433,5917,1826,0,0,0,0,0,0,0,0,0,0,0,0,0,0,0,0,0,0,0,0,0,0,42433,5951,1792,0,0,0,0,0,0,0,0,0,0,0,0,0,0,0,0,0,0,0,0,0,0,42433,TCGA-OL-A97C-DX1_xmin68058_ymin32495_MPP-0.2500+158
0,0,0,0,0,0,33851,0,0,0,0,0,0,0,0,0,0,0,0,0,0,0,0,0,16325,0,0,0,0,0,0,33851,0,0,0,0,0,0,0,0,0,0,0,0,0,0,0,0,0,16325,0,0,0,0,0,0,33851,0,0,0,0,0,0,0,0,0,0,0,0,0,0,0,0,0,16325,TCGA-OL-A97C-DX1_xmin68058_ymin32495_MPP-0.2500+159
0,0,0,0,0,0,50176,0,0,0,0,0,0,0,0,0,0,0,0,0,0,0,0,0,0,0,0,0,0,0,0,50176,0,0,0,0,0,0,0,0,0,0,0,0,0,0,0,0,0,0,0,0,0,0,0,0,50176,0,0,0,0,0,0,0,0,0,0,0,0,0,0,0,0,0,0,TCGA-OL-A97C-DX1_xmin68058_ymin32495_MPP-0.2500+16
0,0,0,0,0,0,36396,0,0,0,0,0,0,0,0,0,0,0,0,0,0,0,0,0,13780,0,0,0,0,0,0,36396,0,0,0,0,0,0,0,0,0,0,0,0,0,0,0,0,0,13780,0,0,0,0,0,0,36396,0,0,0,0,0,0,0,0,0,0,0,0,0,0,0,0,0,13780,TCGA-OL-A97C-DX1_xmin68058_ymin32495_MPP-0.2500+160
11215,7488,0,0,0,738,30735,0,0,0,0,0,0,0,0,0,0,0,0,0,0,0,0,0,0,11977,6726,0,0,0,937,30536,0,0,0,0,0,0,0,0,0,0,0,0,0,0,0,0,0,0,11921,6782,0,0,0,1057,30416,0,0,0,0,0,0,0,0,0,0,0,0,0,0,0,0,0,0,TCGA-OL-A97C-DX1_xmin68058_ymin32495_MPP-0.2500+161
50176,0,0,0,0,0,0,0,0,0,0,0,0,0,0,0,0,0,0,0,0,0,0,0,0,50176,0,0,0,0,0,0,0,0,0,0,0,0,0,0,0,0,0,0,0,0,0,0,0,0,50176,0,0,0,0,0,0,0,0,0,0,0,0,0,0,0,0,0,0,0,0,0,0,0,0,TCGA-OL-A97C-DX1_xmin68058_ymin32495_MPP-0.2500+162
50176,0,0,0,0,0,0,0,0,0,0,0,0,0,0,0,0,0,0,0,0,0,0,0,0,50176,0,0,0,0,0,0,0,0,0,0,0,0,0,0,0,0,0,0,0,0,0,0,0,0,50176,0,0,0,0,0,0,0,0,0,0,0,0,0,0,0,0,0,0,0,0,0,0,0,0,TCGA-OL-A97C-DX1_xmin68058_ymin32495_MPP-0.2500+163
50176,0,0,0,0,0,0,0,0,0,0,0,0,0,0,0,0,0,0,0,0,0,0,0,0,50176,0,0,0,0,0,0,0,0,0,0,0,0,0,0,0,0,0,0,0,0,0,0,0,0,50176,0,0,0,0,0,0,0,0,0,0,0,0,0,0,0,0,0,0,0,0,0,0,0,0,TCGA-OL-A97C-DX1_xmin68058_ymin32495_MPP-0.2500+164
5449,0,0,0,0,0,0,0,0,0,0,0,0,0,0,0,0,0,0,0,0,0,0,0,44727,5449,0,0,0,0,0,0,0,0,0,0,0,0,0,0,0,0,0,0,0,0,0,0,0,44727,5449,0,0,0,0,0,0,0,0,0,0,0,0,0,0,0,0,0,0,0,0,0,0,0,44727,TCGA-OL-A97C-DX1_xmin68058_ymin32495_MPP-0.2500+165
7468,1848,0,0,0,3921,36939,0,0,0,0,0,0,0,0,0,0,0,0,0,0,0,0,0,0,7183,2133,0,0,0,3933,36927,0,0,0,0,0,0,0,0,0,0,0,0,0,0,0,0,0,0,6421,2895,0,0,0,3556,37304,0,0,0,0,0,0,0,0,0,0,0,0,0,0,0,0,0,0,TCGA-OL-A97C-DX1_xmin68058_ymin32495_MPP-0.2500+166
50176,0,0,0,0,0,0,0,0,0,0,0,0,0,0,0,0,0,0,0,0,0,0,0,0,50176,0,0,0,0,0,0,0,0,0,0,0,0,0,0,0,0,0,0,0,0,0,0,0,0,50176,0,0,0,0,0,0,0,0,0,0,0,0,0,0,0,0,0,0,0,0,0,0,0,0,TCGA-OL-A97C-DX1_xmin68058_ymin32495_MPP-0.2500+167
50176,0,0,0,0,0,0,0,0,0,0,0,0,0,0,0,0,0,0,0,0,0,0,0,0,50176,0,0,0,0,0,0,0,0,0,0,0,0,0,0,0,0,0,0,0,0,0,0,0,0,50176,0,0,0,0,0,0,0,0,0,0,0,0,0,0,0,0,0,0,0,0,0,0,0,0,TCGA-OL-A97C-DX1_xmin68058_ymin32495_MPP-0.2500+168
49378,0,0,0,0,0,0,0,0,0,0,0,0,0,0,0,0,0,0,0,0,0,0,0,798,49378,0,0,0,0,0,0,0,0,0,0,0,0,0,0,0,0,0,0,0,0,0,0,0,798,49378,0,0,0,0,0,0,0,0,0,0,0,0,0,0,0,0,0,0,0,0,0,0,0,798,TCGA-OL-A97C-DX1_xmin68058_ymin32495_MPP-0.2500+169
0,0,0,0,0,0,50176,0,0,0,0,0,0,0,0,0,0,0,0,0,0,0,0,0,0,0,0,0,0,0,0,50176,0,0,0,0,0,0,0,0,0,0,0,0,0,0,0,0,0,0,0,0,0,0,0,0,50176,0,0,0,0,0,0,0,0,0,0,0,0,0,0,0,0,0,0,TCGA-OL-A97C-DX1_xmin68058_ymin32495_MPP-0.2500+17
220,144,0,0,0,0,0,0,0,0,0,0,0,0,0,0,0,0,0,0,0,0,0,0,49812,217,147,0,0,0,0,0,0,0,0,0,0,0,0,0,0,0,0,0,0,0,0,0,0,49812,221,143,0,0,0,0,0,0,0,0,0,0,0,0,0,0,0,0,0,0,0,0,0,0,49812,TCGA-OL-A97C-DX1_xmin68058_ymin32495_MPP-0.2500+170
49904,0,0,0,0,272,0,0,0,0,0,0,0,0,0,0,0,0,0,0,0,0,0,0,0,49904,0,0,0,0,272,0,0,0,0,0,0,0,0,0,0,0,0,0,0,0,0,0,0,0,49904,0,0,0,0,272,0,0,0,0,0,0,0,0,0,0,0,0,0,0,0,0,0,0,0,TCGA-OL-A97C-DX1_xmin68058_ymin32495_MPP-0.2500+171
50176,0,0,0,0,0,0,0,0,0,0,0,0,0,0,0,0,0,0,0,0,0,0,0,0,50176,0,0,0,0,0,0,0,0,0,0,0,0,0,0,0,0,0,0,0,0,0,0,0,0,50176,0,0,0,0,0,0,0,0,0,0,0,0,0,0,0,0,0,0,0,0,0,0,0,0,TCGA-OL-A97C-DX1_xmin68058_ymin32495_MPP-0.2500+172
50176,0,0,0,0,0,0,0,0,0,0,0,0,0,0,0,0,0,0,0,0,0,0,0,0,50176,0,0,0,0,0,0,0,0,0,0,0,0,0,0,0,0,0,0,0,0,0,0,0,0,50176,0,0,0,0,0,0,0,0,0,0,0,0,0,0,0,0,0,0,0,0,0,0,0,0,TCGA-OL-A97C-DX1_xmin68058_ymin32495_MPP-0.2500+173
13338,0,0,0,0,7,0,0,0,0,0,0,0,0,0,0,0,0,0,0,0,0,0,0,36831,13338,0,0,0,0,7,0,0,0,0,0,0,0,0,0,0,0,0,0,0,0,0,0,0,36831,13338,0,0,0,0,7,0,0,0,0,0,0,0,0,0,0,0,0,0,0,0,0,0,0,36831,TCGA-OL-A97C-DX1_xmin68058_ymin32495_MPP-0.2500+174
50176,0,0,0,0,0,0,0,0,0,0,0,0,0,0,0,0,0,0,0,0,0,0,0,0,50176,0,0,0,0,0,0,0,0,0,0,0,0,0,0,0,0,0,0,0,0,0,0,0,0,50176,0,0,0,0,0,0,0,0,0,0,0,0,0,0,0,0,0,0,0,0,0,0,0,0,TCGA-OL-A97C-DX1_xmin68058_ymin32495_MPP-0.2500+175
45333,0,0,0,0,0,0,0,0,0,0,0,0,0,0,0,0,0,0,0,0,0,0,0,4843,45333,0,0,0,0,0,0,0,0,0,0,0,0,0,0,0,0,0,0,0,0,0,0,0,4843,45333,0,0,0,0,0,0,0,0,0,0,0,0,0,0,0,0,0,0,0,0,0,0,0,4843,TCGA-OL-A97C-DX1_xmin68058_ymin32495_MPP-0.2500+176
0,0,0,0,0,0,23038,0,0,0,0,0,0,0,0,0,0,0,0,0,0,0,0,0,27138,0,0,0,0,0,0,23038,0,0,0,0,0,0,0,0,0,0,0,0,0,0,0,0,0,27138,0,0,0,0,0,0,23038,0,0,0,0,0,0,0,0,0,0,0,0,0,0,0,0,0,27138,TCGA-OL-A97C-DX1_xmin68058_ymin32495_MPP-0.2500+18
0,0,0,0,0,128,50048,0,0,0,0,0,0,0,0,0,0,0,0,0,0,0,0,0,0,0,0,0,0,0,0,50176,0,0,0,0,0,0,0,0,0,0,0,0,0,0,0,0,0,0,0,0,0,0,0,0,50176,0,0,0,0,0,0,0,0,0,0,0,0,0,0,0,0,0,0,TCGA-OL-A97C-DX1_xmin68058_ymin32495_MPP-0.2500+19
0,0,0,0,0,0,50176,0,0,0,0,0,0,0,0,0,0,0,0,0,0,0,0,0,0,0,0,0,0,0,0,50176,0,0,0,0,0,0,0,0,0,0,0,0,0,0,0,0,0,0,0,0,0,0,0,0,50176,0,0,0,0,0,0,0,0,0,0,0,0,0,0,0,0,0,0,TCGA-OL-A97C-DX1_xmin68058_ymin32495_MPP-0.2500+2
0,0,0,0,0,0,50176,0,0,0,0,0,0,0,0,0,0,0,0,0,0,0,0,0,0,0,0,0,0,0,0,50176,0,0,0,0,0,0,0,0,0,0,0,0,0,0,0,0,0,0,0,0,0,0,0,0,50176,0,0,0,0,0,0,0,0,0,0,0,0,0,0,0,0,0,0,TCGA-OL-A97C-DX1_xmin68058_ymin32495_MPP-0.2500+20
0,0,0,0,0,0,50176,0,0,0,0,0,0,0,0,0,0,0,0,0,0,0,0,0,0,0,0,0,0,0,0,50176,0,0,0,0,0,0,0,0,0,0,0,0,0,0,0,0,0,0,0,0,0,0,0,0,50176,0,0,0,0,0,0,0,0,0,0,0,0,0,0,0,0,0,0,TCGA-OL-A97C-DX1_xmin68058_ymin32495_MPP-0.2500+21
0,0,0,0,0,0,50176,0,0,0,0,0,0,0,0,0,0,0,0,0,0,0,0,0,0,0,0,0,0,0,0,50176,0,0,0,0,0,0,0,0,0,0,0,0,0,0,0,0,0,0,0,0,0,0,0,0,50176,0,0,0,0,0,0,0,0,0,0,0,0,0,0,0,0,0,0,TCGA-OL-A97C-DX1_xmin68058_ymin32495_MPP-0.2500+22
0,0,0,0,0,0,50176,0,0,0,0,0,0,0,0,0,0,0,0,0,0,0,0,0,0,0,0,0,0,0,0,50176,0,0,0,0,0,0,0,0,0,0,0,0,0,0,0,0,0,0,0,0,0,0,0,0,50176,0,0,0,0,0,0,0,0,0,0,0,0,0,0,0,0,0,0,TCGA-OL-A97C-DX1_xmin68058_ymin32495_MPP-0.2500+23
0,0,0,0,0,0,50176,0,0,0,0,0,0,0,0,0,0,0,0,0,0,0,0,0,0,0,0,0,0,0,0,50176,0,0,0,0,0,0,0,0,0,0,0,0,0,0,0,0,0,0,0,0,0,0,0,0,50176,0,0,0,0,0,0,0,0,0,0,0,0,0,0,0,0,0,0,TCGA-OL-A97C-DX1_xmin68058_ymin32495_MPP-0.2500+24
0,0,0,0,0,0,50176,0,0,0,0,0,0,0,0,0,0,0,0,0,0,0,0,0,0,0,0,0,0,0,0,50176,0,0,0,0,0,0,0,0,0,0,0,0,0,0,0,0,0,0,0,0,0,0,0,0,50176,0,0,0,0,0,0,0,0,0,0,0,0,0,0,0,0,0,0,TCGA-OL-A97C-DX1_xmin68058_ymin32495_MPP-0.2500+25
0,0,0,0,0,0,50176,0,0,0,0,0,0,0,0,0,0,0,0,0,0,0,0,0,0,0,0,0,0,0,0,50176,0,0,0,0,0,0,0,0,0,0,0,0,0,0,0,0,0,0,0,0,0,0,0,0,50176,0,0,0,0,0,0,0,0,0,0,0,0,0,0,0,0,0,0,TCGA-OL-A97C-DX1_xmin68058_ymin32495_MPP-0.2500+26
0,0,0,0,0,2244,44876,0,0,0,0,0,0,0,0,0,0,0,0,0,0,0,0,0,3056,0,0,0,0,0,2150,44970,0,0,0,0,0,0,0,0,0,0,0,0,0,0,0,0,0,3056,0,0,0,0,0,2022,45098,0,0,0,0,0,0,0,0,0,0,0,0,0,0,0,0,0,3056,TCGA-OL-A97C-DX1_xmin68058_ymin32495_MPP-0.2500+27
0,0,0,0,0,0,50176,0,0,0,0,0,0,0,0,0,0,0,0,0,0,0,0,0,0,0,0,0,0,0,0,50176,0,0,0,0,0,0,0,0,0,0,0,0,0,0,0,0,0,0,0,0,0,0,0,0,50176,0,0,0,0,0,0,0,0,0,0,0,0,0,0,0,0,0,0,TCGA-OL-A97C-DX1_xmin68058_ymin32495_MPP-0.2500+28
0,0,0,0,0,0,50176,0,0,0,0,0,0,0,0,0,0,0,0,0,0,0,0,0,0,0,0,0,0,0,1,50175,0,0,0,0,0,0,0,0,0,0,0,0,0,0,0,0,0,0,0,0,0,0,0,0,50176,0,0,0,0,0,0,0,0,0,0,0,0,0,0,0,0,0,0,TCGA-OL-A97C-DX1_xmin68058_ymin32495_MPP-0.2500+29
0,0,0,0,0,0,50176,0,0,0,0,0,0,0,0,0,0,0,0,0,0,0,0,0,0,0,0,0,0,0,0,50176,0,0,0,0,0,0,0,0,0,0,0,0,0,0,0,0,0,0,0,0,0,0,0,0,50176,0,0,0,0,0,0,0,0,0,0,0,0,0,0,0,0,0,0,TCGA-OL-A97C-DX1_xmin68058_ymin32495_MPP-0.2500+3
0,0,0,0,0,0,50176,0,0,0,0,0,0,0,0,0,0,0,0,0,0,0,0,0,0,0,0,0,0,0,0,50176,0,0,0,0,0,0,0,0,0,0,0,0,0,0,0,0,0,0,0,0,0,0,0,0,50176,0,0,0,0,0,0,0,0,0,0,0,0,0,0,0,0,0,0,TCGA-OL-A97C-DX1_xmin68058_ymin32495_MPP-0.2500+30
0,0,0,0,0,0,50176,0,0,0,0,0,0,0,0,0,0,0,0,0,0,0,0,0,0,0,0,0,0,0,0,50176,0,0,0,0,0,0,0,0,0,0,0,0,0,0,0,0,0,0,0,0,0,0,0,0,50176,0,0,0,0,0,0,0,0,0,0,0,0,0,0,0,0,0,0,TCGA-OL-A97C-DX1_xmin68058_ymin32495_MPP-0.2500+31
0,0,0,0,0,0,50176,0,0,0,0,0,0,0,0,0,0,0,0,0,0,0,0,0,0,0,0,0,0,0,0,50176,0,0,0,0,0,0,0,0,0,0,0,0,0,0,0,0,0,0,0,0,0,0,0,0,50176,0,0,0,0,0,0,0,0,0,0,0,0,0,0,0,0,0,0,TCGA-OL-A97C-DX1_xmin68058_ymin32495_MPP-0.2500+32
0,0,0,0,0,0,50176,0,0,0,0,0,0,0,0,0,0,0,0,0,0,0,0,0,0,0,0,0,0,0,0,50176,0,0,0,0,0,0,0,0,0,0,0,0,0,0,0,0,0,0,0,0,0,0,0,0,50176,0,0,0,0,0,0,0,0,0,0,0,0,0,0,0,0,0,0,TCGA-OL-A97C-DX1_xmin68058_ymin32495_MPP-0.2500+33
0,0,0,0,0,0,50176,0,0,0,0,0,0,0,0,0,0,0,0,0,0,0,0,0,0,0,0,0,0,0,0,50176,0,0,0,0,0,0,0,0,0,0,0,0,0,0,0,0,0,0,0,0,0,0,0,0,50176,0,0,0,0,0,0,0,0,0,0,0,0,0,0,0,0,0,0,TCGA-OL-A97C-DX1_xmin68058_ymin32495_MPP-0.2500+34
0,0,0,0,0,0,50176,0,0,0,0,0,0,0,0,0,0,0,0,0,0,0,0,0,0,0,0,0,0,0,0,50176,0,0,0,0,0,0,0,0,0,0,0,0,0,0,0,0,0,0,0,0,0,0,0,0,50176,0,0,0,0,0,0,0,0,0,0,0,0,0,0,0,0,0,0,TCGA-OL-A97C-DX1_xmin68058_ymin32495_MPP-0.2500+35
0,0,0,0,0,0,50176,0,0,0,0,0,0,0,0,0,0,0,0,0,0,0,0,0,0,0,0,0,0,0,0,50176,0,0,0,0,0,0,0,0,0,0,0,0,0,0,0,0,0,0,0,0,0,0,0,0,50176,0,0,0,0,0,0,0,0,0,0,0,0,0,0,0,0,0,0,TCGA-OL-A97C-DX1_xmin68058_ymin32495_MPP-0.2500+36
0,0,0,0,0,0,50176,0,0,0,0,0,0,0,0,0,0,0,0,0,0,0,0,0,0,0,0,0,0,0,0,50176,0,0,0,0,0,0,0,0,0,0,0,0,0,0,0,0,0,0,0,0,0,0,0,0,50176,0,0,0,0,0,0,0,0,0,0,0,0,0,0,0,0,0,0,TCGA-OL-A97C-DX1_xmin68058_ymin32495_MPP-0.2500+37
0,0,0,0,0,0,50176,0,0,0,0,0,0,0,0,0,0,0,0,0,0,0,0,0,0,0,0,0,0,0,0,50176,0,0,0,0,0,0,0,0,0,0,0,0,0,0,0,0,0,0,0,0,0,0,0,0,50176,0,0,0,0,0,0,0,0,0,0,0,0,0,0,0,0,0,0,TCGA-OL-A97C-DX1_xmin68058_ymin32495_MPP-0.2500+38
0,0,0,0,0,0,50176,0,0,0,0,0,0,0,0,0,0,0,0,0,0,0,0,0,0,0,0,0,0,0,0,50176,0,0,0,0,0,0,0,0,0,0,0,0,0,0,0,0,0,0,0,0,0,0,0,0,50176,0,0,0,0,0,0,0,0,0,0,0,0,0,0,0,0,0,0,TCGA-OL-A97C-DX1_xmin68058_ymin32495_MPP-0.2500+39
0,0,0,0,0,0,50176,0,0,0,0,0,0,0,0,0,0,0,0,0,0,0,0,0,0,0,0,0,0,0,0,50176,0,0,0,0,0,0,0,0,0,0,0,0,0,0,0,0,0,0,0,0,0,0,0,0,50176,0,0,0,0,0,0,0,0,0,0,0,0,0,0,0,0,0,0,TCGA-OL-A97C-DX1_xmin68058_ymin32495_MPP-0.2500+4
0,0,0,0,0,0,50176,0,0,0,0,0,0,0,0,0,0,0,0,0,0,0,0,0,0,0,0,0,0,0,0,50176,0,0,0,0,0,0,0,0,0,0,0,0,0,0,0,0,0,0,0,0,0,0,0,0,50176,0,0,0,0,0,0,0,0,0,0,0,0,0,0,0,0,0,0,TCGA-OL-A97C-DX1_xmin68058_ymin32495_MPP-0.2500+40
0,0,0,0,0,0,50176,0,0,0,0,0,0,0,0,0,0,0,0,0,0,0,0,0,0,0,0,0,0,0,0,50176,0,0,0,0,0,0,0,0,0,0,0,0,0,0,0,0,0,0,0,0,0,0,0,0,50176,0,0,0,0,0,0,0,0,0,0,0,0,0,0,0,0,0,0,TCGA-OL-A97C-DX1_xmin68058_ymin32495_MPP-0.2500+41
11831,9942,0,0,0,37,28366,0,0,0,0,0,0,0,0,0,0,0,0,0,0,0,0,0,0,12029,9744,0,0,0,159,28244,0,0,0,0,0,0,0,0,0,0,0,0,0,0,0,0,0,0,11942,9831,0,0,0,173,28230,0,0,0,0,0,0,0,0,0,0,0,0,0,0,0,0,0,0,TCGA-OL-A97C-DX1_xmin68058_ymin32495_MPP-0.2500+42
0,0,0,0,0,0,50176,0,0,0,0,0,0,0,0,0,0,0,0,0,0,0,0,0,0,0,0,0,0,0,0,50176,0,0,0,0,0,0,0,0,0,0,0,0,0,0,0,0,0,0,0,0,0,0,0,0,50176,0,0,0,0,0,0,0,0,0,0,0,0,0,0,0,0,0,0,TCGA-OL-A97C-DX1_xmin68058_ymin32495_MPP-0.2500+43
0,0,0,0,0,0,50176,0,0,0,0,0,0,0,0,0,0,0,0,0,0,0,0,0,0,0,0,0,0,0,0,50176,0,0,0,0,0,0,0,0,0,0,0,0,0,0,0,0,0,0,0,0,0,0,0,0,50176,0,0,0,0,0,0,0,0,0,0,0,0,0,0,0,0,0,0,TCGA-OL-A97C-DX1_xmin68058_ymin32495_MPP-0.2500+44
0,0,0,0,0,0,50176,0,0,0,0,0,0,0,0,0,0,0,0,0,0,0,0,0,0,0,0,0,0,0,0,50176,0,0,0,0,0,0,0,0,0,0,0,0,0,0,0,0,0,0,0,0,0,0,0,0,50176,0,0,0,0,0,0,0,0,0,0,0,0,0,0,0,0,0,0,TCGA-OL-A97C-DX1_xmin68058_ymin32495_MPP-0.2500+45
0,0,0,0,0,0,50176,0,0,0,0,0,0,0,0,0,0,0,0,0,0,0,0,0,0,0,0,0,0,0,0,50176,0,0,0,0,0,0,0,0,0,0,0,0,0,0,0,0,0,0,0,0,0,0,0,0,50176,0,0,0,0,0,0,0,0,0,0,0,0,0,0,0,0,0,0,TCGA-OL-A97C-DX1_xmin68058_ymin32495_MPP-0.2500+46
0,0,0,0,0,0,50176,0,0,0,0,0,0,0,0,0,0,0,0,0,0,0,0,0,0,0,0,0,0,0,0,50176,0,0,0,0,0,0,0,0,0,0,0,0,0,0,0,0,0,0,0,0,0,0,0,0,50176,0,0,0,0,0,0,0,0,0,0,0,0,0,0,0,0,0,0,TCGA-OL-A97C-DX1_xmin68058_ymin32495_MPP-0.2500+47
0,0,0,0,0,0,44773,0,0,0,0,0,0,0,0,0,0,0,0,0,0,0,0,0,5403,0,0,0,0,0,0,44773,0,0,0,0,0,0,0,0,0,0,0,0,0,0,0,0,0,5403,0,0,0,0,0,0,44773,0,0,0,0,0,0,0,0,0,0,0,0,0,0,0,0,0,5403,TCGA-OL-A97C-DX1_xmin68058_ymin32495_MPP-0.2500+48
0,0,0,0,0,0,50176,0,0,0,0,0,0,0,0,0,0,0,0,0,0,0,0,0,0,0,0,0,0,0,0,50176,0,0,0,0,0,0,0,0,0,0,0,0,0,0,0,0,0,0,0,0,0,0,0,0,50176,0,0,0,0,0,0,0,0,0,0,0,0,0,0,0,0,0,0,TCGA-OL-A97C-DX1_xmin68058_ymin32495_MPP-0.2500+49
0,0,0,0,0,0,50176,0,0,0,0,0,0,0,0,0,0,0,0,0,0,0,0,0,0,0,0,0,0,0,0,50176,0,0,0,0,0,0,0,0,0,0,0,0,0,0,0,0,0,0,0,0,0,0,0,0,50176,0,0,0,0,0,0,0,0,0,0,0,0,0,0,0,0,0,0,TCGA-OL-A97C-DX1_xmin68058_ymin32495_MPP-0.2500+5
0,0,0,0,0,0,45686,0,0,0,0,0,0,0,0,0,0,0,0,0,0,0,0,0,4490,0,0,0,0,0,0,45686,0,0,0,0,0,0,0,0,0,0,0,0,0,0,0,0,0,4490,0,0,0,0,0,0,45686,0,0,0,0,0,0,0,0,0,0,0,0,0,0,0,0,0,4490,TCGA-OL-A97C-DX1_xmin68058_ymin32495_MPP-0.2500+50
0,0,0,0,0,0,33844,0,0,0,0,0,0,0,0,0,0,0,0,0,0,0,0,0,16332,0,0,0,0,0,0,33844,0,0,0,0,0,0,0,0,0,0,0,0,0,0,0,0,0,16332,0,0,0,0,0,0,33844,0,0,0,0,0,0,0,0,0,0,0,0,0,0,0,0,0,16332,TCGA-OL-A97C-DX1_xmin68058_ymin32495_MPP-0.2500+51
0,0,0,0,0,0,50176,0,0,0,0,0,0,0,0,0,0,0,0,0,0,0,0,0,0,0,0,0,0,0,0,50176,0,0,0,0,0,0,0,0,0,0,0,0,0,0,0,0,0,0,0,0,0,0,0,0,50176,0,0,0,0,0,0,0,0,0,0,0,0,0,0,0,0,0,0,TCGA-OL-A97C-DX1_xmin68058_ymin32495_MPP-0.2500+52
0,0,0,0,0,0,50176,0,0,0,0,0,0,0,0,0,0,0,0,0,0,0,0,0,0,0,0,0,0,0,0,50176,0,0,0,0,0,0,0,0,0,0,0,0,0,0,0,0,0,0,0,0,0,0,0,0,50176,0,0,0,0,0,0,0,0,0,0,0,0,0,0,0,0,0,0,TCGA-OL-A97C-DX1_xmin68058_ymin32495_MPP-0.2500+53
1,368,0,0,0,0,49807,0,0,0,0,0,0,0,0,0,0,0,0,0,0,0,0,0,0,1,368,0,0,0,0,49807,0,0,0,0,0,0,0,0,0,0,0,0,0,0,0,0,0,0,0,369,0,0,0,0,49807,0,0,0,0,0,0,0,0,0,0,0,0,0,0,0,0,0,0,TCGA-OL-A97C-DX1_xmin68058_ymin32495_MPP-0.2500+54
18794,2252,0,0,0,1061,28069,0,0,0,0,0,0,0,0,0,0,0,0,0,0,0,0,0,0,18611,2435,0,0,0,988,28142,0,0,0,0,0,0,0,0,0,0,0,0,0,0,0,0,0,0,18572,2474,0,0,0,1390,27740,0,0,0,0,0,0,0,0,0,0,0,0,0,0,0,0,0,0,TCGA-OL-A97C-DX1_xmin68058_ymin32495_MPP-0.2500+55
47402,0,0,0,0,2774,0,0,0,0,0,0,0,0,0,0,0,0,0,0,0,0,0,0,0,47402,0,0,0,0,2774,0,0,0,0,0,0,0,0,0,0,0,0,0,0,0,0,0,0,0,47402,0,0,0,0,2774,0,0,0,0,0,0,0,0,0,0,0,0,0,0,0,0,0,0,0,TCGA-OL-A97C-DX1_xmin68058_ymin32495_MPP-0.2500+56
50176,0,0,0,0,0,0,0,0,0,0,0,0,0,0,0,0,0,0,0,0,0,0,0,0,50176,0,0,0,0,0,0,0,0,0,0,0,0,0,0,0,0,0,0,0,0,0,0,0,0,50176,0,0,0,0,0,0,0,0,0,0,0,0,0,0,0,0,0,0,0,0,0,0,0,0,TCGA-OL-A97C-DX1_xmin68058_ymin32495_MPP-0.2500+57
0,0,0,0,0,0,50176,0,0,0,0,0,0,0,0,0,0,0,0,0,0,0,0,0,0,0,0,0,0,0,0,50176,0,0,0,0,0,0,0,0,0,0,0,0,0,0,0,0,0,0,0,0,0,0,0,0,50176,0,0,0,0,0,0,0,0,0,0,0,0,0,0,0,0,0,0,TCGA-OL-A97C-DX1_xmin68058_ymin32495_MPP-0.2500+58
0,0,0,0,0,0,50176,0,0,0,0,0,0,0,0,0,0,0,0,0,0,0,0,0,0,0,0,0,0,0,0,50176,0,0,0,0,0,0,0,0,0,0,0,0,0,0,0,0,0,0,0,0,0,0,0,0,50176,0,0,0,0,0,0,0,0,0,0,0,0,0,0,0,0,0,0,TCGA-OL-A97C-DX1_xmin68058_ymin32495_MPP-0.2500+59
0,0,0,0,0,0,47540,0,0,0,0,0,0,0,0,0,0,0,0,0,0,0,0,0,2636,0,0,0,0,0,0,47540,0,0,0,0,0,0,0,0,0,0,0,0,0,0,0,0,0,2636,0,0,0,0,0,0,47540,0,0,0,0,0,0,0,0,0,0,0,0,0,0,0,0,0,2636,TCGA-OL-A97C-DX1_xmin68058_ymin32495_MPP-0.2500+6
0,0,0,0,0,0,50176,0,0,0,0,0,0,0,0,0,0,0,0,0,0,0,0,0,0,0,0,0,0,0,0,50176,0,0,0,0,0,0,0,0,0,0,0,0,0,0,0,0,0,0,0,0,0,0,0,0,50176,0,0,0,0,0,0,0,0,0,0,0,0,0,0,0,0,0,0,TCGA-OL-A97C-DX1_xmin68058_ymin32495_MPP-0.2500+60
0,0,0,0,0,0,50176,0,0,0,0,0,0,0,0,0,0,0,0,0,0,0,0,0,0,0,0,0,0,0,0,50176,0,0,0,0,0,0,0,0,0,0,0,0,0,0,0,0,0,0,0,0,0,0,0,0,50176,0,0,0,0,0,0,0,0,0,0,0,0,0,0,0,0,0,0,TCGA-OL-A97C-DX1_xmin68058_ymin32495_MPP-0.2500+61
0,0,0,0,0,0,50176,0,0,0,0,0,0,0,0,0,0,0,0,0,0,0,0,0,0,0,0,0,0,0,0,50176,0,0,0,0,0,0,0,0,0,0,0,0,0,0,0,0,0,0,0,0,0,0,0,0,50176,0,0,0,0,0,0,0,0,0,0,0,0,0,0,0,0,0,0,TCGA-OL-A97C-DX1_xmin68058_ymin32495_MPP-0.2500+62
0,0,0,0,0,0,50176,0,0,0,0,0,0,0,0,0,0,0,0,0,0,0,0,0,0,0,0,0,0,0,0,50176,0,0,0,0,0,0,0,0,0,0,0,0,0,0,0,0,0,0,0,0,0,0,0,0,50176,0,0,0,0,0,0,0,0,0,0,0,0,0,0,0,0,0,0,TCGA-OL-A97C-DX1_xmin68058_ymin32495_MPP-0.2500+63
0,0,0,0,0,0,50176,0,0,0,0,0,0,0,0,0,0,0,0,0,0,0,0,0,0,0,0,0,0,0,0,50176,0,0,0,0,0,0,0,0,0,0,0,0,0,0,0,0,0,0,0,0,0,0,0,0,50176,0,0,0,0,0,0,0,0,0,0,0,0,0,0,0,0,0,0,TCGA-OL-A97C-DX1_xmin68058_ymin32495_MPP-0.2500+64
0,0,0,0,0,0,40281,0,0,0,0,0,0,0,0,0,0,0,0,0,0,0,0,0,9895,0,0,0,0,0,0,40281,0,0,0,0,0,0,0,0,0,0,0,0,0,0,0,0,0,9895,0,0,0,0,0,0,40281,0,0,0,0,0,0,0,0,0,0,0,0,0,0,0,0,0,9895,TCGA-OL-A97C-DX1_xmin68058_ymin32495_MPP-0.2500+65
0,0,0,0,0,0,43046,0,0,0,0,0,0,0,0,0,0,0,0,0,0,0,0,0,7130,0,0,0,0,0,0,43046,0,0,0,0,0,0,0,0,0,0,0,0,0,0,0,0,0,7130,0,0,0,0,0,0,43046,0,0,0,0,0,0,0,0,0,0,0,0,0,0,0,0,0,7130,TCGA-OL-A97C-DX1_xmin68058_ymin32495_MPP-0.2500+66
0,0,0,0,0,0,50176,0,0,0,0,0,0,0,0,0,0,0,0,0,0,0,0,0,0,0,0,0,0,0,0,50176,0,0,0,0,0,0,0,0,0,0,0,0,0,0,0,0,0,0,0,0,0,0,0,0,50176,0,0,0,0,0,0,0,0,0,0,0,0,0,0,0,0,0,0,TCGA-OL-A97C-DX1_xmin68058_ymin32495_MPP-0.2500+67
0,396,0,0,0,0,49780,0,0,0,0,0,0,0,0,0,0,0,0,0,0,0,0,0,0,0,396,0,0,0,0,49780,0,0,0,0,0,0,0,0,0,0,0,0,0,0,0,0,0,0,0,396,0,0,0,0,49780,0,0,0,0,0,0,0,0,0,0,0,0,0,0,0,0,0,0,TCGA-OL-A97C-DX1_xmin68058_ymin32495_MPP-0.2500+68
4,31667,0,0,0,0,18505,0,0,0,0,0,0,0,0,0,0,0,0,0,0,0,0,0,0,32,31639,0,0,0,0,18505,0,0,0,0,0,0,0,0,0,0,0,0,0,0,0,0,0,0,4,31667,0,0,0,0,18505,0,0,0,0,0,0,0,0,0,0,0,0,0,0,0,0,0,0,TCGA-OL-A97C-DX1_xmin68058_ymin32495_MPP-0.2500+69
0,0,0,0,0,0,50176,0,0,0,0,0,0,0,0,0,0,0,0,0,0,0,0,0,0,0,0,0,0,0,0,50176,0,0,0,0,0,0,0,0,0,0,0,0,0,0,0,0,0,0,0,0,0,0,0,0,50176,0,0,0,0,0,0,0,0,0,0,0,0,0,0,0,0,0,0,TCGA-OL-A97C-DX1_xmin68058_ymin32495_MPP-0.2500+7
50176,0,0,0,0,0,0,0,0,0,0,0,0,0,0,0,0,0,0,0,0,0,0,0,0,50176,0,0,0,0,0,0,0,0,0,0,0,0,0,0,0,0,0,0,0,0,0,0,0,0,50176,0,0,0,0,0,0,0,0,0,0,0,0,0,0,0,0,0,0,0,0,0,0,0,0,TCGA-OL-A97C-DX1_xmin68058_ymin32495_MPP-0.2500+70
50176,0,0,0,0,0,0,0,0,0,0,0,0,0,0,0,0,0,0,0,0,0,0,0,0,50176,0,0,0,0,0,0,0,0,0,0,0,0,0,0,0,0,0,0,0,0,0,0,0,0,50176,0,0,0,0,0,0,0,0,0,0,0,0,0,0,0,0,0,0,0,0,0,0,0,0,TCGA-OL-A97C-DX1_xmin68058_ymin32495_MPP-0.2500+71
50176,0,0,0,0,0,0,0,0,0,0,0,0,0,0,0,0,0,0,0,0,0,0,0,0,50176,0,0,0,0,0,0,0,0,0,0,0,0,0,0,0,0,0,0,0,0,0,0,0,0,50176,0,0,0,0,0,0,0,0,0,0,0,0,0,0,0,0,0,0,0,0,0,0,0,0,TCGA-OL-A97C-DX1_xmin68058_ymin32495_MPP-0.2500+72
50176,0,0,0,0,0,0,0,0,0,0,0,0,0,0,0,0,0,0,0,0,0,0,0,0,50176,0,0,0,0,0,0,0,0,0,0,0,0,0,0,0,0,0,0,0,0,0,0,0,0,50176,0,0,0,0,0,0,0,0,0,0,0,0,0,0,0,0,0,0,0,0,0,0,0,0,TCGA-OL-A97C-DX1_xmin68058_ymin32495_MPP-0.2500+73
50176,0,0,0,0,0,0,0,0,0,0,0,0,0,0,0,0,0,0,0,0,0,0,0,0,50176,0,0,0,0,0,0,0,0,0,0,0,0,0,0,0,0,0,0,0,0,0,0,0,0,50176,0,0,0,0,0,0,0,0,0,0,0,0,0,0,0,0,0,0,0,0,0,0,0,0,TCGA-OL-A97C-DX1_xmin68058_ymin32495_MPP-0.2500+74
0,0,0,0,0,0,50176,0,0,0,0,0,0,0,0,0,0,0,0,0,0,0,0,0,0,0,0,0,0,0,0,50176,0,0,0,0,0,0,0,0,0,0,0,0,0,0,0,0,0,0,0,0,0,0,0,0,50176,0,0,0,0,0,0,0,0,0,0,0,0,0,0,0,0,0,0,TCGA-OL-A97C-DX1_xmin68058_ymin32495_MPP-0.2500+75
0,0,0,0,0,0,50176,0,0,0,0,0,0,0,0,0,0,0,0,0,0,0,0,0,0,0,0,0,0,0,0,50176,0,0,0,0,0,0,0,0,0,0,0,0,0,0,0,0,0,0,0,0,0,0,0,0,50176,0,0,0,0,0,0,0,0,0,0,0,0,0,0,0,0,0,0,TCGA-OL-A97C-DX1_xmin68058_ymin32495_MPP-0.2500+76
0,0,0,0,0,0,50176,0,0,0,0,0,0,0,0,0,0,0,0,0,0,0,0,0,0,0,0,0,0,0,0,50176,0,0,0,0,0,0,0,0,0,0,0,0,0,0,0,0,0,0,0,0,0,0,0,0,50176,0,0,0,0,0,0,0,0,0,0,0,0,0,0,0,0,0,0,TCGA-OL-A97C-DX1_xmin68058_ymin32495_MPP-0.2500+77
0,0,0,0,0,0,50176,0,0,0,0,0,0,0,0,0,0,0,0,0,0,0,0,0,0,0,0,0,0,0,0,50176,0,0,0,0,0,0,0,0,0,0,0,0,0,0,0,0,0,0,0,0,0,0,0,0,50176,0,0,0,0,0,0,0,0,0,0,0,0,0,0,0,0,0,0,TCGA-OL-A97C-DX1_xmin68058_ymin32495_MPP-0.2500+78
0,0,0,0,0,0,50176,0,0,0,0,0,0,0,0,0,0,0,0,0,0,0,0,0,0,0,0,0,0,0,0,50176,0,0,0,0,0,0,0,0,0,0,0,0,0,0,0,0,0,0,0,0,0,0,0,0,50176,0,0,0,0,0,0,0,0,0,0,0,0,0,0,0,0,0,0,TCGA-OL-A97C-DX1_xmin68058_ymin32495_MPP-0.2500+79
0,0,0,0,0,0,50176,0,0,0,0,0,0,0,0,0,0,0,0,0,0,0,0,0,0,0,0,0,0,0,0,50176,0,0,0,0,0,0,0,0,0,0,0,0,0,0,0,0,0,0,0,0,0,0,0,0,50176,0,0,0,0,0,0,0,0,0,0,0,0,0,0,0,0,0,0,TCGA-OL-A97C-DX1_xmin68058_ymin32495_MPP-0.2500+8
0,0,0,0,0,0,50048,0,0,0,0,0,0,0,0,0,0,0,0,0,0,0,0,0,128,0,0,0,0,0,0,50048,0,0,0,0,0,0,0,0,0,0,0,0,0,0,0,0,0,128,0,0,0,0,0,0,50048,0,0,0,0,0,0,0,0,0,0,0,0,0,0,0,0,0,128,TCGA-OL-A97C-DX1_xmin68058_ymin32495_MPP-0.2500+80
0,0,0,0,0,0,50176,0,0,0,0,0,0,0,0,0,0,0,0,0,0,0,0,0,0,0,0,0,0,0,0,50176,0,0,0,0,0,0,0,0,0,0,0,0,0,0,0,0,0,0,0,0,0,0,0,0,50176,0,0,0,0,0,0,0,0,0,0,0,0,0,0,0,0,0,0,TCGA-OL-A97C-DX1_xmin68058_ymin32495_MPP-0.2500+81
0,0,0,0,0,0,50176,0,0,0,0,0,0,0,0,0,0,0,0,0,0,0,0,0,0,0,0,0,0,0,0,50176,0,0,0,0,0,0,0,0,0,0,0,0,0,0,0,0,0,0,0,0,0,0,0,0,50176,0,0,0,0,0,0,0,0,0,0,0,0,0,0,0,0,0,0,TCGA-OL-A97C-DX1_xmin68058_ymin32495_MPP-0.2500+82
0,0,0,0,0,0,40793,0,0,0,0,0,0,0,0,0,0,0,0,0,0,0,0,0,9383,0,0,0,0,0,0,40793,0,0,0,0,0,0,0,0,0,0,0,0,0,0,0,0,0,9383,0,0,0,0,0,0,40793,0,0,0,0,0,0,0,0,0,0,0,0,0,0,0,0,0,9383,TCGA-OL-A97C-DX1_xmin68058_ymin32495_MPP-0.2500+83
0,0,0,0,0,0,50176,0,0,0,0,0,0,0,0,0,0,0,0,0,0,0,0,0,0,0,0,0,0,0,0,50176,0,0,0,0,0,0,0,0,0,0,0,0,0,0,0,0,0,0,0,0,0,0,0,0,50176,0,0,0,0,0,0,0,0,0,0,0,0,0,0,0,0,0,0,TCGA-OL-A97C-DX1_xmin68058_ymin32495_MPP-0.2500+84
0,1539,0,0,0,0,48637,0,0,0,0,0,0,0,0,0,0,0,0,0,0,0,0,0,0,0,1539,0,0,0,0,48637,0,0,0,0,0,0,0,0,0,0,0,0,0,0,0,0,0,0,0,1539,0,0,0,0,48637,0,0,0,0,0,0,0,0,0,0,0,0,0,0,0,0,0,0,TCGA-OL-A97C-DX1_xmin68058_ymin32495_MPP-0.2500+85
28147,6186,0,0,0,9209,6634,0,0,0,0,0,0,0,0,0,0,0,0,0,0,0,0,0,0,27777,6556,0,0,0,8416,7427,0,0,0,0,0,0,0,0,0,0,0,0,0,0,0,0,0,0,27637,6696,0,0,0,8213,7630,0,0,0,0,0,0,0,0,0,0,0,0,0,0,0,0,0,0,TCGA-OL-A97C-DX1_xmin68058_ymin32495_MPP-0.2500+86
50176,0,0,0,0,0,0,0,0,0,0,0,0,0,0,0,0,0,0,0,0,0,0,0,0,50176,0,0,0,0,0,0,0,0,0,0,0,0,0,0,0,0,0,0,0,0,0,0,0,0,50176,0,0,0,0,0,0,0,0,0,0,0,0,0,0,0,0,0,0,0,0,0,0,0,0,TCGA-OL-A97C-DX1_xmin68058_ymin32495_MPP-0.2500+87
50176,0,0,0,0,0,0,0,0,0,0,0,0,0,0,0,0,0,0,0,0,0,0,0,0,50176,0,0,0,0,0,0,0,0,0,0,0,0,0,0,0,0,0,0,0,0,0,0,0,0,50176,0,0,0,0,0,0,0,0,0,0,0,0,0,0,0,0,0,0,0,0,0,0,0,0,TCGA-OL-A97C-DX1_xmin68058_ymin32495_MPP-0.2500+88
50176,0,0,0,0,0,0,0,0,0,0,0,0,0,0,0,0,0,0,0,0,0,0,0,0,50176,0,0,0,0,0,0,0,0,0,0,0,0,0,0,0,0,0,0,0,0,0,0,0,0,50176,0,0,0,0,0,0,0,0,0,0,0,0,0,0,0,0,0,0,0,0,0,0,0,0,TCGA-OL-A97C-DX1_xmin68058_ymin32495_MPP-0.2500+89
0,0,0,0,0,0,50176,0,0,0,0,0,0,0,0,0,0,0,0,0,0,0,0,0,0,0,0,0,0,0,0,50176,0,0,0,0,0,0,0,0,0,0,0,0,0,0,0,0,0,0,0,0,0,0,0,0,50176,0,0,0,0,0,0,0,0,0,0,0,0,0,0,0,0,0,0,TCGA-OL-A97C-DX1_xmin68058_ymin32495_MPP-0.2500+9
50176,0,0,0,0,0,0,0,0,0,0,0,0,0,0,0,0,0,0,0,0,0,0,0,0,50176,0,0,0,0,0,0,0,0,0,0,0,0,0,0,0,0,0,0,0,0,0,0,0,0,50176,0,0,0,0,0,0,0,0,0,0,0,0,0,0,0,0,0,0,0,0,0,0,0,0,TCGA-OL-A97C-DX1_xmin68058_ymin32495_MPP-0.2500+90
50105,0,0,0,0,0,0,0,0,0,0,0,0,0,0,0,0,0,0,0,0,0,0,0,71,50105,0,0,0,0,0,0,0,0,0,0,0,0,0,0,0,0,0,0,0,0,0,0,0,71,50105,0,0,0,0,0,0,0,0,0,0,0,0,0,0,0,0,0,0,0,0,0,0,0,71,TCGA-OL-A97C-DX1_xmin68058_ymin32495_MPP-0.2500+91
43251,0,0,0,0,0,0,0,0,0,0,0,0,0,0,0,0,0,0,0,0,0,0,0,6925,43251,0,0,0,0,0,0,0,0,0,0,0,0,0,0,0,0,0,0,0,0,0,0,0,6925,43251,0,0,0,0,0,0,0,0,0,0,0,0,0,0,0,0,0,0,0,0,0,0,0,6925,TCGA-OL-A97C-DX1_xmin68058_ymin32495_MPP-0.2500+92
0,0,0,0,0,0,50176,0,0,0,0,0,0,0,0,0,0,0,0,0,0,0,0,0,0,0,0,0,0,0,0,50176,0,0,0,0,0,0,0,0,0,0,0,0,0,0,0,0,0,0,0,0,0,0,0,0,50176,0,0,0,0,0,0,0,0,0,0,0,0,0,0,0,0,0,0,TCGA-OL-A97C-DX1_xmin68058_ymin32495_MPP-0.2500+93
0,0,0,0,0,0,50176,0,0,0,0,0,0,0,0,0,0,0,0,0,0,0,0,0,0,0,0,0,0,0,0,50176,0,0,0,0,0,0,0,0,0,0,0,0,0,0,0,0,0,0,0,0,0,0,0,0,50176,0,0,0,0,0,0,0,0,0,0,0,0,0,0,0,0,0,0,TCGA-OL-A97C-DX1_xmin68058_ymin32495_MPP-0.2500+94
0,0,0,0,0,0,43646,0,0,0,0,0,0,0,0,0,0,0,0,0,0,0,0,0,6530,0,0,0,0,0,0,43646,0,0,0,0,0,0,0,0,0,0,0,0,0,0,0,0,0,6530,0,0,0,0,0,0,43646,0,0,0,0,0,0,0,0,0,0,0,0,0,0,0,0,0,6530,TCGA-OL-A97C-DX1_xmin68058_ymin32495_MPP-0.2500+95
0,0,0,0,0,0,50176,0,0,0,0,0,0,0,0,0,0,0,0,0,0,0,0,0,0,0,0,0,0,0,0,50176,0,0,0,0,0,0,0,0,0,0,0,0,0,0,0,0,0,0,0,0,0,0,0,0,50176,0,0,0,0,0,0,0,0,0,0,0,0,0,0,0,0,0,0,TCGA-OL-A97C-DX1_xmin68058_ymin32495_MPP-0.2500+96
0,0,0,0,0,0,50176,0,0,0,0,0,0,0,0,0,0,0,0,0,0,0,0,0,0,0,0,0,0,0,0,50176,0,0,0,0,0,0,0,0,0,0,0,0,0,0,0,0,0,0,0,0,0,0,0,0,50176,0,0,0,0,0,0,0,0,0,0,0,0,0,0,0,0,0,0,TCGA-OL-A97C-DX1_xmin68058_ymin32495_MPP-0.2500+97
0,0,0,0,0,0,44493,0,0,0,0,0,0,0,0,0,0,0,0,0,0,0,0,0,5683,0,0,0,0,0,0,44493,0,0,0,0,0,0,0,0,0,0,0,0,0,0,0,0,0,5683,0,0,0,0,0,0,44493,0,0,0,0,0,0,0,0,0,0,0,0,0,0,0,0,0,5683,TCGA-OL-A97C-DX1_xmin68058_ymin32495_MPP-0.2500+98
0,0,0,0,0,0,9151,0,0,0,0,0,0,0,0,0,0,0,0,0,0,0,0,0,41025,0,0,0,0,0,0,9151,0,0,0,0,0,0,0,0,0,0,0,0,0,0,0,0,0,41025,0,0,0,0,0,0,9151,0,0,0,0,0,0,0,0,0,0,0,0,0,0,0,0,0,41025,TCGA-OL-A97C-DX1_xmin68058_ymin32495_MPP-0.2500+99
0,0,0,0,0,0,7972,0,18382,0,0,549,0,0,0,0,12,0,54,0,0,0,0,0,23207,0,0,0,0,0,0,8208,0,18146,0,0,549,0,0,0,0,0,0,66,0,0,0,0,0,23207,0,0,0,0,0,0,8270,0,18084,0,0,549,0,0,0,0,0,0,66,0,0,0,0,0,23207,TCGA-S3-AA10-DX1_xmin43039_ymin23986_MPP-0.2500+0
0,0,279,0,0,5347,0,13237,0,0,0,0,24812,0,0,0,0,0,0,0,0,0,0,0,6501,0,0,279,0,0,5475,0,13109,0,0,0,0,24812,0,0,0,0,0,0,0,0,0,0,0,6501,0,0,279,0,0,5475,0,13109,0,0,0,0,24812,0,0,0,0,0,0,0,0,0,0,0,6501,TCGA-S3-AA10-DX1_xmin43039_ymin23986_MPP-0.2500+1
0,0,0,0,0,0,38231,4845,0,0,0,0,0,0,0,0,108,6992,0,0,0,0,0,0,0,0,0,0,0,0,0,38742,4334,0,0,0,0,0,0,0,0,111,6989,0,0,0,0,0,0,0,0,0,0,0,0,0,38811,4265,0,0,0,0,0,0,0,0,104,6996,0,0,0,0,0,0,0,TCGA-S3-AA10-DX1_xmin43039_ymin23986_MPP-0.2500+10
0,0,0,0,0,0,49217,0,0,0,0,0,0,0,0,0,959,0,0,0,0,0,0,0,0,0,0,0,0,0,0,49217,0,0,0,0,0,0,0,0,0,959,0,0,0,0,0,0,0,0,0,0,0,0,0,0,49217,0,0,0,0,0,0,0,0,0,959,0,0,0,0,0,0,0,0,TCGA-S3-AA10-DX1_xmin43039_ymin23986_MPP-0.2500+11
0,0,0,0,0,0,50176,0,0,0,0,0,0,0,0,0,0,0,0,0,0,0,0,0,0,0,0,0,0,0,0,50176,0,0,0,0,0,0,0,0,0,0,0,0,0,0,0,0,0,0,0,0,0,0,0,0,50176,0,0,0,0,0,0,0,0,0,0,0,0,0,0,0,0,0,0,TCGA-S3-AA10-DX1_xmin43039_ymin23986_MPP-0.2500+12
13145,0,0,1456,0,13608,0,0,14993,0,0,0,0,0,0,0,0,0,0,0,0,0,0,0,6974,13112,0,0,1489,0,13717,0,0,14884,0,0,0,0,0,0,0,0,0,0,0,0,0,0,0,6974,13090,0,0,1511,0,13607,0,0,14994,0,0,0,0,0,0,0,0,0,0,0,0,0,0,0,6974,TCGA-S3-AA10-DX1_xmin43039_ymin23986_MPP-0.2500+13
0,0,0,0,0,28721,0,0,0,0,0,0,0,0,0,0,0,0,0,0,0,0,0,0,21455,0,0,0,0,0,28721,0,0,0,0,0,0,0,0,0,0,0,0,0,0,0,0,0,0,21455,0,0,0,0,0,28721,0,0,0,0,0,0,0,0,0,0,0,0,0,0,0,0,0,0,21455,TCGA-S3-AA10-DX1_xmin43039_ymin23986_MPP-0.2500+14
0,4,0,0,0,4896,25841,0,0,0,0,0,0,0,0,0,0,0,0,0,0,0,0,0,19435,0,4,0,0,0,4384,26353,0,0,0,0,0,0,0,0,0,0,0,0,0,0,0,0,0,19435,0,4,0,0,0,3776,26961,0,0,0,0,0,0,0,0,0,0,0,0,0,0,0,0,0,19435,TCGA-S3-AA10-DX1_xmin43039_ymin23986_MPP-0.2500+15
0,25,0,0,0,0,37437,0,0,0,0,0,0,0,0,0,0,0,0,0,0,0,0,0,12714,0,25,0,0,0,0,37437,0,0,0,0,0,0,0,0,0,0,0,0,0,0,0,0,0,12714,0,25,0,0,0,0,37437,0,0,0,0,0,0,0,0,0,0,0,0,0,0,0,0,0,12714,TCGA-S3-AA10-DX1_xmin43039_ymin23986_MPP-0.2500+16
0,0,0,0,0,0,42128,7761,0,0,0,31,256,0,0,0,0,0,0,0,0,0,0,0,0,0,0,0,0,0,0,42422,7467,0,0,0,34,253,0,0,0,0,0,0,0,0,0,0,0,0,0,0,0,0,0,2,41960,7927,0,0,0,31,256,0,0,0,0,0,0,0,0,0,0,0,0,TCGA-S3-AA10-DX1_xmin43039_ymin23986_MPP-0.2500+17
0,0,0,0,0,352,30293,0,0,0,0,19531,0,0,0,0,0,0,0,0,0,0,0,0,0,0,0,0,0,0,1168,29477,0,0,0,0,19531,0,0,0,0,0,0,0,0,0,0,0,0,0,0,0,0,0,0,1040,29605,0,0,0,0,19531,0,0,0,0,0,0,0,0,0,0,0,0,0,TCGA-S3-AA10-DX1_xmin43039_ymin23986_MPP-0.2500+18
0,0,0,0,0,0,29683,2385,0,0,0,4786,13322,0,0,0,0,0,0,0,0,0,0,0,0,0,0,0,0,0,0,30074,1994,0,0,0,5712,12396,0,0,0,0,0,0,0,0,0,0,0,0,0,0,0,0,0,0,30011,2057,0,0,0,5680,12428,0,0,0,0,0,0,0,0,0,0,0,0,TCGA-S3-AA10-DX1_xmin43039_ymin23986_MPP-0.2500+19
49254,0,0,0,0,0,0,0,0,0,0,0,0,0,0,0,0,0,0,0,0,0,0,0,922,49254,0,0,0,0,0,0,0,0,0,0,0,0,0,0,0,0,0,0,0,0,0,0,0,922,49254,0,0,0,0,0,0,0,0,0,0,0,0,0,0,0,0,0,0,0,0,0,0,0,922,TCGA-S3-AA10-DX1_xmin43039_ymin23986_MPP-0.2500+2
0,0,0,0,0,0,43259,72,0,0,0,1263,5582,0,0,0,0,0,0,0,0,0,0,0,0,0,0,0,0,0,0,43252,79,0,0,0,1384,5461,0,0,0,0,0,0,0,0,0,0,0,0,0,0,0,0,0,0,43209,122,0,0,0,1581,5264,0,0,0,0,0,0,0,0,0,0,0,0,TCGA-S3-AA10-DX1_xmin43039_ymin23986_MPP-0.2500+20
0,0,0,0,0,0,50176,0,0,0,0,0,0,0,0,0,0,0,0,0,0,0,0,0,0,0,0,0,0,0,0,50176,0,0,0,0,0,0,0,0,0,0,0,0,0,0,0,0,0,0,0,0,0,0,0,0,50176,0,0,0,0,0,0,0,0,0,0,0,0,0,0,0,0,0,0,TCGA-S3-AA10-DX1_xmin43039_ymin23986_MPP-0.2500+21
43109,0,0,0,0,4528,0,0,0,0,0,0,0,0,0,0,0,0,0,0,0,0,0,0,2539,43109,0,0,0,0,4528,0,0,0,0,0,0,0,0,0,0,0,0,0,0,0,0,0,0,2539,43109,0,0,0,0,4528,0,0,0,0,0,0,0,0,0,0,0,0,0,0,0,0,0,0,2539,TCGA-S3-AA10-DX1_xmin43039_ymin23986_MPP-0.2500+22
0,0,0,4528,0,1479,0,0,29867,0,0,0,0,0,0,0,0,0,0,0,0,0,0,0,14302,0,0,0,4528,0,1763,0,0,29583,0,0,0,0,0,0,0,0,0,0,0,0,0,0,0,14302,0,0,0,4528,0,1748,0,0,29598,0,0,0,0,0,0,0,0,0,0,0,0,0,0,0,14302,TCGA-S3-AA10-DX1_xmin43039_ymin23986_MPP-0.2500+23
8603,0,0,0,0,37556,0,0,0,0,0,0,0,0,0,0,0,0,0,0,0,0,0,0,4017,8603,0,0,0,0,37556,0,0,0,0,0,0,0,0,0,0,0,0,0,0,0,0,0,0,4017,8603,0,0,0,0,37556,0,0,0,0,0,0,0,0,0,0,0,0,0,0,0,0,0,0,4017,TCGA-S3-AA10-DX1_xmin43039_ymin23986_MPP-0.2500+24
0,0,0,0,0,45604,0,0,0,0,0,0,0,0,0,0,0,0,0,0,0,0,0,0,4572,0,0,0,0,0,45604,0,0,0,0,0,0,0,0,0,0,0,0,0,0,0,0,0,0,4572,0,0,0,0,0,45604,0,0,0,0,0,0,0,0,0,0,0,0,0,0,0,0,0,0,4572,TCGA-S3-AA10-DX1_xmin43039_ymin23986_MPP-0.2500+25
2,0,0,0,0,45763,0,0,0,0,0,0,0,0,0,0,0,0,0,0,0,0,0,0,4411,2,0,0,0,0,45763,0,0,0,0,0,0,0,0,0,0,0,0,0,0,0,0,0,0,4411,2,0,0,0,0,45763,0,0,0,0,0,0,0,0,0,0,0,0,0,0,0,0,0,0,4411,TCGA-S3-AA10-DX1_xmin43039_ymin23986_MPP-0.2500+26
0,0,0,0,0,50176,0,0,0,0,0,0,0,0,0,0,0,0,0,0,0,0,0,0,0,0,0,0,0,0,50176,0,0,0,0,0,0,0,0,0,0,0,0,0,0,0,0,0,0,0,0,0,0,0,0,50176,0,0,0,0,0,0,0,0,0,0,0,0,0,0,0,0,0,0,0,TCGA-S3-AA10-DX1_xmin43039_ymin23986_MPP-0.2500+27
32281,0,0,0,0,17895,0,0,0,0,0,0,0,0,0,0,0,0,0,0,0,0,0,0,0,32281,0,0,0,0,17895,0,0,0,0,0,0,0,0,0,0,0,0,0,0,0,0,0,0,0,32281,0,0,0,0,17895,0,0,0,0,0,0,0,0,0,0,0,0,0,0,0,0,0,0,0,TCGA-S3-AA10-DX1_xmin43039_ymin23986_MPP-0.2500+28
20825,0,0,0,0,26275,0,0,0,0,3076,0,0,0,0,0,0,0,0,0,0,0,0,0,0,20825,0,0,0,0,26275,0,0,0,0,3076,0,0,0,0,0,0,0,0,0,0,0,0,0,0,20825,0,0,0,0,26275,0,0,0,0,3076,0,0,0,0,0,0,0,0,0,0,0,0,0,0,TCGA-S3-AA10-DX1_xmin43039_ymin23986_MPP-0.2500+29
46399,0,0,0,0,1159,0,0,0,0,0,0,0,0,0,196,0,0,0,0,0,0,0,0,2422,46399,0,0,0,0,1159,0,0,0,0,0,0,0,0,0,196,0,0,0,0,0,0,0,0,2422,46399,0,0,0,0,1159,0,0,0,0,0,0,0,0,0,196,0,0,0,0,0,0,0,0,2422,TCGA-S3-AA10-DX1_xmin43039_ymin23986_MPP-0.2500+3
481,0,0,0,0,1357,0,20256,0,0,2,0,28080,0,0,0,0,0,0,0,0,0,0,0,0,481,0,0,0,0,1417,0,20196,0,0,6,0,28076,0,0,0,0,0,0,0,0,0,0,0,0,481,0,0,0,0,1417,0,20196,0,0,6,0,28076,0,0,0,0,0,0,0,0,0,0,0,0,TCGA-S3-AA10-DX1_xmin43039_ymin23986_MPP-0.2500+30
0,0,0,0,0,0,47521,0,0,0,0,2655,0,0,0,0,0,0,0,0,0,0,0,0,0,0,0,0,0,0,0,47521,0,0,0,0,2655,0,0,0,0,0,0,0,0,0,0,0,0,0,0,0,0,0,0,0,47521,0,0,0,0,2655,0,0,0,0,0,0,0,0,0,0,0,0,0,TCGA-S3-AA10-DX1_xmin43039_ymin23986_MPP-0.2500+31
0,0,0,0,0,0,38965,968,0,0,0,1506,8737,0,0,0,0,0,0,0,0,0,0,0,0,0,0,0,0,0,0,38655,1278,0,0,0,1719,8524,0,0,0,0,0,0,0,0,0,0,0,0,0,0,0,0,0,0,38721,1212,0,0,0,1919,8324,0,0,0,0,0,0,0,0,0,0,0,0,TCGA-S3-AA10-DX1_xmin43039_ymin23986_MPP-0.2500+32
33589,0,0,6643,0,1784,0,0,2589,0,0,0,0,0,0,0,0,0,0,0,0,0,0,0,5571,33991,0,0,6241,0,1782,0,0,2591,0,0,0,0,0,0,0,0,0,0,0,0,0,0,0,5571,33978,0,0,6254,0,1730,0,0,2643,0,0,0,0,0,0,0,0,0,0,0,0,0,0,0,5571,TCGA-S3-AA10-DX1_xmin43039_ymin23986_MPP-0.2500+33
2033,0,0,692,0,5665,0,0,9745,0,0,0,0,0,0,0,0,0,0,0,0,0,0,0,32041,2017,16,0,692,0,4437,5420,0,5553,0,0,0,0,0,0,0,0,0,0,0,0,0,0,0,32041,2013,20,0,692,0,4303,5903,0,5204,0,0,0,0,0,0,0,0,0,0,0,0,0,0,0,32041,TCGA-S3-AA10-DX1_xmin43039_ymin23986_MPP-0.2500+34
2707,0,0,1052,0,6707,0,0,34488,0,0,0,0,0,0,0,0,0,0,0,0,0,0,0,5222,2657,0,0,1102,0,6939,0,0,34256,0,0,0,0,0,0,0,0,0,0,0,0,0,0,0,5222,2762,0,0,997,0,7971,0,0,33224,0,0,0,0,0,0,0,0,0,0,0,0,0,0,0,5222,TCGA-S3-AA10-DX1_xmin43039_ymin23986_MPP-0.2500+35
0,22,0,0,0,1,28068,6732,0,0,0,0,0,0,0,0,0,0,0,0,0,0,0,0,15353,0,22,0,0,0,1,28238,6562,0,0,0,0,0,0,0,0,0,0,0,0,0,0,0,0,15353,0,22,0,0,0,1,28350,6450,0,0,0,0,0,0,0,0,0,0,0,0,0,0,0,0,15353,TCGA-S3-AA10-DX1_xmin43039_ymin23986_MPP-0.2500+36
20741,5068,0,0,0,9421,13791,0,0,0,0,0,0,0,0,0,0,0,0,0,0,0,0,0,1155,20763,5046,0,0,0,9884,13328,0,0,0,0,0,0,0,0,0,0,0,0,0,0,0,0,0,1155,20738,5071,0,0,0,9748,13464,0,0,0,0,0,0,0,0,0,0,0,0,0,0,0,0,0,1155,TCGA-S3-AA10-DX1_xmin43039_ymin23986_MPP-0.2500+37
30847,0,0,0,0,15246,0,0,0,0,0,0,0,0,0,0,0,0,0,0,0,0,0,0,4083,30847,0,0,0,0,15246,0,0,0,0,0,0,0,0,0,0,0,0,0,0,0,0,0,0,4083,30847,0,0,0,0,15246,0,0,0,0,0,0,0,0,0,0,0,0,0,0,0,0,0,0,4083,TCGA-S3-AA10-DX1_xmin43039_ymin23986_MPP-0.2500+38
42091,0,0,0,0,7690,0,0,0,0,0,0,0,0,0,0,0,0,0,0,0,0,0,0,395,42091,0,0,0,0,7690,0,0,0,0,0,0,0,0,0,0,0,0,0,0,0,0,0,0,395,42091,0,0,0,0,7690,0,0,0,0,0,0,0,0,0,0,0,0,0,0,0,0,0,0,395,TCGA-S3-AA10-DX1_xmin43039_ymin23986_MPP-0.2500+39
0,0,0,6512,0,0,0,0,9184,0,0,0,0,0,0,0,0,0,19302,0,0,0,0,0,15178,0,0,0,6512,0,0,0,0,9184,0,0,0,0,0,0,0,0,0,19302,0,0,0,0,0,15178,0,0,0,6512,0,0,0,0,9184,0,0,0,0,0,0,0,0,0,19302,0,0,0,0,0,15178,TCGA-S3-AA10-DX1_xmin43039_ymin23986_MPP-0.2500+4
21809,0,0,0,0,28087,0,0,0,0,280,0,0,0,0,0,0,0,0,0,0,0,0,0,0,21809,0,0,0,0,28087,0,0,0,0,280,0,0,0,0,0,0,0,0,0,0,0,0,0,0,21809,0,0,0,0,28087,0,0,0,0,280,0,0,0,0,0,0,0,0,0,0,0,0,0,0,TCGA-S3-AA10-DX1_xmin43039_ymin23986_MPP-0.2500+40
14583,485,0,0,0,13475,20022,0,0,0,29,1582,0,0,0,0,0,0,0,0,0,0,0,0,0,14356,712,0,0,0,13543,19954,0,0,0,85,1526,0,0,0,0,0,0,0,0,0,0,0,0,0,14305,763,0,0,0,13263,20234,0,0,0,9,1602,0,0,0,0,0,0,0,0,0,0,0,0,0,TCGA-S3-AA10-DX1_xmin43039_ymin23986_MPP-0.2500+41
0,0,0,0,0,0,0,1581,0,0,0,0,48595,0,0,0,0,0,0,0,0,0,0,0,0,0,0,0,0,0,7,0,1574,0,0,25,0,48570,0,0,0,0,0,0,0,0,0,0,0,0,0,0,0,0,0,7,0,1574,0,0,25,0,48570,0,0,0,0,0,0,0,0,0,0,0,0,TCGA-S3-AA10-DX1_xmin43039_ymin23986_MPP-0.2500+42
50176,0,0,0,0,0,0,0,0,0,0,0,0,0,0,0,0,0,0,0,0,0,0,0,0,50176,0,0,0,0,0,0,0,0,0,0,0,0,0,0,0,0,0,0,0,0,0,0,0,0,50176,0,0,0,0,0,0,0,0,0,0,0,0,0,0,0,0,0,0,0,0,0,0,0,0,TCGA-S3-AA10-DX1_xmin43039_ymin23986_MPP-0.2500+43
23370,0,0,5996,0,6804,0,0,7041,0,0,0,0,0,0,0,0,0,0,0,0,0,0,0,6965,23140,0,0,6226,0,6903,0,0,6942,0,0,0,0,0,0,0,0,0,0,0,0,0,0,0,6965,23099,0,0,6267,0,6953,0,0,6892,0,0,0,0,0,0,0,0,0,0,0,0,0,0,0,6965,TCGA-S3-AA10-DX1_xmin43039_ymin23986_MPP-0.2500+44
41543,0,0,0,0,7367,0,0,0,0,0,0,0,0,0,0,0,0,0,0,0,0,0,0,1266,41543,0,0,0,0,7367,0,0,0,0,0,0,0,0,0,0,0,0,0,0,0,0,0,0,1266,41543,0,0,0,0,7367,0,0,0,0,0,0,0,0,0,0,0,0,0,0,0,0,0,0,1266,TCGA-S3-AA10-DX1_xmin43039_ymin23986_MPP-0.2500+45
33537,0,0,0,0,8527,0,0,0,0,0,0,0,0,0,0,0,0,0,0,0,0,0,0,8112,33537,0,0,0,0,8527,0,0,0,0,0,0,0,0,0,0,0,0,0,0,0,0,0,0,8112,33537,0,0,0,0,8527,0,0,0,0,0,0,0,0,0,0,0,0,0,0,0,0,0,0,8112,TCGA-S3-AA10-DX1_xmin43039_ymin23986_MPP-0.2500+46
32988,0,0,0,0,3892,0,0,0,0,0,0,0,0,0,489,0,0,0,0,0,0,0,0,12807,32988,0,0,0,0,3892,0,0,0,0,0,0,0,0,0,489,0,0,0,0,0,0,0,0,12807,32988,0,0,0,0,3892,0,0,0,0,0,0,0,0,0,489,0,0,0,0,0,0,0,0,12807,TCGA-S3-AA10-DX1_xmin43039_ymin23986_MPP-0.2500+47
43551,0,0,0,0,0,0,0,0,0,0,0,0,0,0,6625,0,0,0,0,0,0,0,0,0,43551,0,0,0,0,0,0,0,0,0,0,0,0,0,0,6625,0,0,0,0,0,0,0,0,0,43551,0,0,0,0,0,0,0,0,0,0,0,0,0,0,6625,0,0,0,0,0,0,0,0,0,TCGA-S3-AA10-DX1_xmin43039_ymin23986_MPP-0.2500+48
50176,0,0,0,0,0,0,0,0,0,0,0,0,0,0,0,0,0,0,0,0,0,0,0,0,50176,0,0,0,0,0,0,0,0,0,0,0,0,0,0,0,0,0,0,0,0,0,0,0,0,50176,0,0,0,0,0,0,0,0,0,0,0,0,0,0,0,0,0,0,0,0,0,0,0,0,TCGA-S3-AA10-DX1_xmin43039_ymin23986_MPP-0.2500+49
0,0,0,0,0,5519,0,0,16189,0,0,0,0,0,0,1825,0,0,9663,0,0,0,0,0,16980,0,0,0,0,0,5487,0,0,16221,0,0,0,0,0,0,1697,0,0,9791,0,0,0,0,0,16980,0,0,0,0,0,5231,0,0,16477,0,0,0,0,0,0,1697,0,0,9791,0,0,0,0,0,16980,TCGA-S3-AA10-DX1_xmin43039_ymin23986_MPP-0.2500+5
29781,15024,0,0,0,493,0,0,0,0,0,0,0,0,0,0,0,0,0,0,0,0,0,0,4878,30009,14796,0,0,0,493,0,0,0,0,0,0,0,0,0,0,0,0,0,0,0,0,0,0,4878,29918,14887,0,0,0,493,0,0,0,0,0,0,0,0,0,0,0,0,0,0,0,0,0,0,4878,TCGA-S3-AA10-DX1_xmin43039_ymin23986_MPP-0.2500+50
17189,0,0,0,0,28670,0,0,0,0,3345,0,0,0,0,0,0,0,0,0,0,0,0,0,972,17189,0,0,0,0,28670,0,0,0,0,3345,0,0,0,0,0,0,0,0,0,0,0,0,0,972,17189,0,0,0,0,28670,0,0,0,0,3345,0,0,0,0,0,0,0,0,0,0,0,0,0,972,TCGA-S3-AA10-DX1_xmin43039_ymin23986_MPP-0.2500+51
0,0,0,0,0,48,0,6564,0,0,0,0,43564,0,0,0,0,0,0,0,0,0,0,0,0,0,0,0,0,0,16,0,6596,0,0,0,0,43564,0,0,0,0,0,0,0,0,0,0,0,0,0,0,0,0,0,0,0,6612,0,0,0,0,43564,0,0,0,0,0,0,0,0,0,0,0,0,TCGA-S3-AA10-DX1_xmin43039_ymin23986_MPP-0.2500+52
0,0,0,0,0,0,17773,1791,0,0,0,5965,18689,0,0,0,0,0,0,0,0,0,0,0,5958,0,0,0,0,0,0,17789,1775,0,0,0,6049,18605,0,0,0,0,0,0,0,0,0,0,0,5958,0,0,0,0,0,0,17880,1684,0,0,0,5970,18684,0,0,0,0,0,0,0,0,0,0,0,5958,TCGA-S3-AA10-DX1_xmin43039_ymin23986_MPP-0.2500+53
38800,0,0,0,0,3467,0,0,0,0,0,0,0,0,0,0,0,0,0,0,0,0,0,0,7909,38800,0,0,0,0,3467,0,0,0,0,0,0,0,0,0,0,0,0,0,0,0,0,0,0,7909,38800,0,0,0,0,3467,0,0,0,0,0,0,0,0,0,0,0,0,0,0,0,0,0,0,7909,TCGA-S3-AA10-DX1_xmin43039_ymin23986_MPP-0.2500+54
47808,0,0,0,0,552,0,0,0,0,0,0,0,0,0,0,0,0,0,0,0,0,0,0,1816,47808,0,0,0,0,552,0,0,0,0,0,0,0,0,0,0,0,0,0,0,0,0,0,0,1816,47808,0,0,0,0,552,0,0,0,0,0,0,0,0,0,0,0,0,0,0,0,0,0,0,1816,TCGA-S3-AA10-DX1_xmin43039_ymin23986_MPP-0.2500+55
48677,0,0,0,0,0,0,0,0,0,0,0,0,0,0,0,0,0,0,0,0,0,0,0,1499,48677,0,0,0,0,0,0,0,0,0,0,0,0,0,0,0,0,0,0,0,0,0,0,0,1499,48677,0,0,0,0,0,0,0,0,0,0,0,0,0,0,0,0,0,0,0,0,0,0,0,1499,TCGA-S3-AA10-DX1_xmin43039_ymin23986_MPP-0.2500+56
23460,0,0,10296,0,1148,0,0,686,0,0,0,0,0,0,9,0,0,1877,0,0,0,0,0,12700,23835,0,0,9921,0,1192,0,0,642,0,0,0,0,0,0,4,0,0,1882,0,0,0,0,0,12700,23931,0,0,9825,0,1207,0,0,627,0,0,0,0,0,0,6,0,0,1880,0,0,0,0,0,12700,TCGA-S3-AA10-DX1_xmin43039_ymin23986_MPP-0.2500+57
24618,0,0,0,0,467,0,0,0,0,0,0,0,0,0,24512,0,0,0,0,0,0,0,0,579,24618,0,0,0,0,467,0,0,0,0,0,0,0,0,0,24512,0,0,0,0,0,0,0,0,579,24618,0,0,0,0,467,0,0,0,0,0,0,0,0,0,24512,0,0,0,0,0,0,0,0,579,TCGA-S3-AA10-DX1_xmin43039_ymin23986_MPP-0.2500+58
46978,0,0,0,0,243,0,0,0,0,0,0,0,0,0,0,0,0,0,0,0,0,0,0,2955,46978,0,0,0,0,243,0,0,0,0,0,0,0,0,0,0,0,0,0,0,0,0,0,0,2955,46978,0,0,0,0,243,0,0,0,0,0,0,0,0,0,0,0,0,0,0,0,0,0,0,2955,TCGA-S3-AA10-DX1_xmin43039_ymin23986_MPP-0.2500+59
0,0,0,0,0,44069,0,0,0,0,0,0,0,0,0,0,0,0,0,0,0,0,0,0,6107,0,0,0,0,0,44069,0,0,0,0,0,0,0,0,0,0,0,0,0,0,0,0,0,0,6107,0,0,0,0,0,44069,0,0,0,0,0,0,0,0,0,0,0,0,0,0,0,0,0,0,6107,TCGA-S3-AA10-DX1_xmin43039_ymin23986_MPP-0.2500+6
25218,18199,0,0,0,0,45,0,0,0,0,0,0,0,0,0,0,0,0,0,0,0,0,0,6714,25825,17592,0,0,0,0,45,0,0,0,0,0,0,0,0,0,0,0,0,0,0,0,0,0,6714,26207,17210,0,0,0,0,45,0,0,0,0,0,0,0,0,0,0,0,0,0,0,0,0,0,6714,TCGA-S3-AA10-DX1_xmin43039_ymin23986_MPP-0.2500+60
10927,0,0,0,0,35080,0,0,0,0,0,0,0,0,0,0,0,0,0,0,0,0,0,0,4169,10927,0,0,0,0,35080,0,0,0,0,0,0,0,0,0,0,0,0,0,0,0,0,0,0,4169,10927,0,0,0,0,35080,0,0,0,0,0,0,0,0,0,0,0,0,0,0,0,0,0,0,4169,TCGA-S3-AA10-DX1_xmin43039_ymin23986_MPP-0.2500+61
2995,0,0,0,0,33158,0,0,0,0,8047,0,0,0,0,0,0,0,0,0,0,0,0,0,5976,2995,0,0,0,0,33158,0,0,0,0,8047,0,0,0,0,0,0,0,0,0,0,0,0,0,5976,2995,0,0,0,0,33158,0,0,0,0,8047,0,0,0,0,0,0,0,0,0,0,0,0,0,5976,TCGA-S3-AA10-DX1_xmin43039_ymin23986_MPP-0.2500+62
28339,0,0,2271,0,2850,0,0,7153,0,0,0,0,0,0,0,0,0,0,0,0,0,0,0,9563,28872,0,0,1738,0,3340,0,0,6663,0,0,0,0,0,0,0,0,0,0,0,0,0,0,0,9563,28857,0,0,1753,0,3413,0,0,6590,0,0,0,0,0,0,0,0,0,0,0,0,0,0,0,9563,TCGA-S3-AA10-DX1_xmin43039_ymin23986_MPP-0.2500+63
45718,0,0,0,0,884,0,0,0,0,0,0,0,0,0,0,0,0,0,0,0,0,0,0,3574,45718,0,0,0,0,884,0,0,0,0,0,0,0,0,0,0,0,0,0,0,0,0,0,0,3574,45718,0,0,0,0,884,0,0,0,0,0,0,0,0,0,0,0,0,0,0,0,0,0,0,3574,TCGA-S3-AA10-DX1_xmin43039_ymin23986_MPP-0.2500+64
45410,0,0,0,0,0,0,0,0,0,0,0,0,0,0,0,0,0,0,0,0,0,0,0,4766,45410,0,0,0,0,0,0,0,0,0,0,0,0,0,0,0,0,0,0,0,0,0,0,0,4766,45410,0,0,0,0,0,0,0,0,0,0,0,0,0,0,0,0,0,0,0,0,0,0,0,4766,TCGA-S3-AA10-DX1_xmin43039_ymin23986_MPP-0.2500+65
47310,0,0,0,0,0,0,0,0,0,0,0,0,0,0,0,0,0,0,0,0,0,0,0,2866,47310,0,0,0,0,0,0,0,0,0,0,0,0,0,0,0,0,0,0,0,0,0,0,0,2866,47310,0,0,0,0,0,0,0,0,0,0,0,0,0,0,0,0,0,0,0,0,0,0,0,2866,TCGA-S3-AA10-DX1_xmin43039_ymin23986_MPP-0.2500+66
25227,0,0,3430,0,1305,0,0,2684,0,0,0,0,0,0,0,0,0,0,0,0,0,0,0,17530,24702,0,0,3955,0,1352,0,0,2637,0,0,0,0,0,0,0,0,0,0,0,0,0,0,0,17530,24542,0,0,4115,0,1384,0,0,2605,0,0,0,0,0,0,0,0,0,0,0,0,0,0,0,17530,TCGA-S3-AA10-DX1_xmin43039_ymin23986_MPP-0.2500+67
16837,0,0,3556,0,4502,0,0,3089,0,0,0,0,0,0,0,0,0,0,0,0,0,0,0,22192,16574,0,0,3819,0,4260,0,0,3331,0,0,0,0,0,0,0,0,0,0,0,0,0,0,0,22192,16690,0,0,3703,0,4190,0,0,3401,0,0,0,0,0,0,0,0,0,0,0,0,0,0,0,22192,TCGA-S3-AA10-DX1_xmin43039_ymin23986_MPP-0.2500+68
50176,0,0,0,0,0,0,0,0,0,0,0,0,0,0,0,0,0,0,0,0,0,0,0,0,50176,0,0,0,0,0,0,0,0,0,0,0,0,0,0,0,0,0,0,0,0,0,0,0,0,50176,0,0,0,0,0,0,0,0,0,0,0,0,0,0,0,0,0,0,0,0,0,0,0,0,TCGA-S3-AA10-DX1_xmin43039_ymin23986_MPP-0.2500+69
280,0,0,0,0,32444,0,0,0,0,0,0,0,0,0,0,0,0,0,0,0,0,0,0,17452,280,0,0,0,0,32444,0,0,0,0,0,0,0,0,0,0,0,0,0,0,0,0,0,0,17452,280,0,0,0,0,32444,0,0,0,0,0,0,0,0,0,0,0,0,0,0,0,0,0,0,17452,TCGA-S3-AA10-DX1_xmin43039_ymin23986_MPP-0.2500+7
22953,4021,0,0,0,2551,11014,0,0,0,0,0,0,0,0,0,0,0,0,0,0,0,0,0,9637,22855,4119,0,0,0,2921,10644,0,0,0,0,0,0,0,0,0,0,0,0,0,0,0,0,0,9637,23149,3825,0,0,0,3483,10082,0,0,0,0,0,0,0,0,0,0,0,0,0,0,0,0,0,9637,TCGA-S3-AA10-DX1_xmin43039_ymin23986_MPP-0.2500+70
19324,0,0,0,0,28430,0,0,0,0,0,0,0,0,0,0,0,0,0,0,0,0,0,0,2422,19324,0,0,0,0,28430,0,0,0,0,0,0,0,0,0,0,0,0,0,0,0,0,0,0,2422,19324,0,0,0,0,28430,0,0,0,0,0,0,0,0,0,0,0,0,0,0,0,0,0,0,2422,TCGA-S3-AA10-DX1_xmin43039_ymin23986_MPP-0.2500+71
31132,0,0,0,0,12387,0,0,0,0,0,0,0,0,0,0,0,0,0,0,0,0,0,0,6657,31132,0,0,0,0,12387,0,0,0,0,0,0,0,0,0,0,0,0,0,0,0,0,0,0,6657,31132,0,0,0,0,12387,0,0,0,0,0,0,0,0,0,0,0,0,0,0,0,0,0,0,6657,TCGA-S3-AA10-DX1_xmin43039_ymin23986_MPP-0.2500+72
50176,0,0,0,0,0,0,0,0,0,0,0,0,0,0,0,0,0,0,0,0,0,0,0,0,50176,0,0,0,0,0,0,0,0,0,0,0,0,0,0,0,0,0,0,0,0,0,0,0,0,50176,0,0,0,0,0,0,0,0,0,0,0,0,0,0,0,0,0,0,0,0,0,0,0,0,TCGA-S3-AA10-DX1_xmin43039_ymin23986_MPP-0.2500+73
43170,0,0,0,0,1111,0,0,0,0,0,0,0,0,0,1560,0,0,0,0,0,0,0,0,4335,43170,0,0,0,0,1111,0,0,0,0,0,0,0,0,0,1560,0,0,0,0,0,0,0,0,4335,43170,0,0,0,0,1111,0,0,0,0,0,0,0,0,0,1560,0,0,0,0,0,0,0,0,4335,TCGA-S3-AA10-DX1_xmin43039_ymin23986_MPP-0.2500+74
46696,0,0,0,0,198,0,0,0,0,0,0,0,0,0,0,0,0,0,0,0,0,0,0,3282,46696,0,0,0,0,198,0,0,0,0,0,0,0,0,0,0,0,0,0,0,0,0,0,0,3282,46696,0,0,0,0,198,0,0,0,0,0,0,0,0,0,0,0,0,0,0,0,0,0,0,3282,TCGA-S3-AA10-DX1_xmin43039_ymin23986_MPP-0.2500+75
23327,0,0,0,0,5293,0,0,3161,0,0,0,0,0,0,887,0,0,4319,0,0,0,0,0,13189,23082,0,0,245,0,5100,0,0,3354,0,0,0,0,0,0,870,0,0,4336,0,0,0,0,0,13189,23071,0,0,256,0,5046,0,0,3408,0,0,0,0,0,0,878,0,0,4328,0,0,0,0,0,13189,TCGA-S3-AA10-DX1_xmin43039_ymin23986_MPP-0.2500+76
0,3314,0,1119,0,0,849,0,4741,0,0,0,0,0,0,0,0,0,7961,0,0,0,0,0,32192,0,3316,0,1117,0,0,908,0,4682,0,0,0,0,0,0,0,0,0,7961,0,0,0,0,0,32192,0,3399,0,1034,0,0,941,0,4649,0,0,0,0,0,0,0,0,0,7961,0,0,0,0,0,32192,TCGA-S3-AA10-DX1_xmin43039_ymin23986_MPP-0.2500+77
29077,0,0,7916,0,1064,0,0,3020,0,0,0,0,0,0,0,0,0,781,0,0,0,0,0,8318,29675,0,0,7318,0,1208,0,0,2876,0,0,0,0,0,0,0,0,0,781,0,0,0,0,0,8318,29625,0,0,7368,0,1232,0,0,2852,0,0,0,0,0,0,0,0,0,781,0,0,0,0,0,8318,TCGA-S3-AA10-DX1_xmin43039_ymin23986_MPP-0.2500+78
50176,0,0,0,0,0,0,0,0,0,0,0,0,0,0,0,0,0,0,0,0,0,0,0,0,50176,0,0,0,0,0,0,0,0,0,0,0,0,0,0,0,0,0,0,0,0,0,0,0,0,50176,0,0,0,0,0,0,0,0,0,0,0,0,0,0,0,0,0,0,0,0,0,0,0,0,TCGA-S3-AA10-DX1_xmin43039_ymin23986_MPP-0.2500+79
3572,0,0,0,0,42800,0,0,0,0,0,0,0,0,0,0,0,0,0,0,0,0,0,0,3804,3572,0,0,0,0,42800,0,0,0,0,0,0,0,0,0,0,0,0,0,0,0,0,0,0,3804,3572,0,0,0,0,42800,0,0,0,0,0,0,0,0,0,0,0,0,0,0,0,0,0,0,3804,TCGA-S3-AA10-DX1_xmin43039_ymin23986_MPP-0.2500+8
6245,9926,0,2736,0,11568,1016,0,7201,0,0,0,0,0,0,0,0,0,0,0,0,0,0,0,11484,6582,9939,0,2386,0,11824,1092,0,6869,0,0,0,0,0,0,0,0,0,0,0,0,0,0,0,11484,6796,9848,0,2263,0,11634,1313,0,6838,0,0,0,0,0,0,0,0,0,0,0,0,0,0,0,11484,TCGA-S3-AA10-DX1_xmin43039_ymin23986_MPP-0.2500+80
11090,7290,0,0,0,7622,11736,0,0,0,0,0,0,0,0,0,0,0,0,0,0,0,0,0,12438,10938,7442,0,0,0,7119,12239,0,0,0,0,0,0,0,0,0,0,0,0,0,0,0,0,0,12438,11004,7376,0,0,0,6840,12518,0,0,0,0,0,0,0,0,0,0,0,0,0,0,0,0,0,12438,TCGA-S3-AA10-DX1_xmin43039_ymin23986_MPP-0.2500+81
22542,2689,0,0,0,1032,2018,0,0,0,0,0,0,0,0,0,0,0,0,0,0,0,0,0,21895,22497,2734,0,0,0,967,2083,0,0,0,0,0,0,0,0,0,0,0,0,0,0,0,0,0,21895,22198,3033,0,0,0,807,2243,0,0,0,0,0,0,0,0,0,0,0,0,0,0,0,0,0,21895,TCGA-S3-AA10-DX1_xmin43039_ymin23986_MPP-0.2500+82
13716,0,0,235,0,2671,0,0,5688,0,0,0,0,0,0,2299,0,0,10509,0,0,0,0,0,15058,13604,0,0,347,0,2659,0,0,5700,0,0,0,0,0,0,2394,0,0,10414,0,0,0,0,0,15058,13481,0,0,470,0,2680,0,0,5679,0,0,0,0,0,0,2409,0,0,10399,0,0,0,0,0,15058,TCGA-S3-AA10-DX1_xmin43039_ymin23986_MPP-0.2500+83
0,0,0,0,0,0,0,0,8431,0,0,0,0,0,0,0,0,0,12129,0,0,0,0,0,29616,0,0,0,0,0,0,0,0,8431,0,0,0,0,0,0,0,0,0,12129,0,0,0,0,0,29616,0,0,0,0,0,0,0,0,8431,0,0,0,0,0,0,0,0,0,12129,0,0,0,0,0,29616,TCGA-S3-AA10-DX1_xmin43039_ymin23986_MPP-0.2500+84
0,0,0,0,0,0,0,0,8551,0,0,0,0,0,0,0,0,0,16572,0,0,0,0,0,25053,0,0,0,0,0,0,0,0,8551,0,0,0,0,0,0,0,0,0,16572,0,0,0,0,0,25053,0,0,0,0,0,0,0,0,8551,0,0,0,0,0,0,0,0,0,16572,0,0,0,0,0,25053,TCGA-S3-AA10-DX1_xmin43039_ymin23986_MPP-0.2500+85
8759,0,0,290,0,1420,0,0,8497,0,0,0,0,0,0,3583,0,0,2560,0,0,0,0,0,25067,8728,0,0,321,0,1603,0,0,8314,0,0,0,0,0,0,3760,0,0,2383,0,0,0,0,0,25067,8729,0,0,320,0,1493,0,0,8424,0,0,0,0,0,0,3894,0,0,2249,0,0,0,0,0,25067,TCGA-S3-AA10-DX1_xmin43039_ymin23986_MPP-0.2500+86
32491,0,0,4605,0,0,0,0,4788,0,0,0,0,0,0,0,0,0,3420,0,0,0,0,0,4872,32800,0,0,4296,0,0,0,0,4788,0,0,0,0,0,0,0,0,0,3420,0,0,0,0,0,4872,32647,0,0,4449,0,0,0,0,4788,0,0,0,0,0,0,0,0,0,3420,0,0,0,0,0,4872,TCGA-S3-AA10-DX1_xmin43039_ymin23986_MPP-0.2500+87
21727,0,0,5918,0,172,0,0,9133,0,0,0,0,0,0,0,0,0,0,0,0,0,0,0,13226,21780,0,0,5865,0,163,0,0,9142,0,0,0,0,0,0,0,0,0,0,0,0,0,0,0,13226,21907,0,0,5738,0,237,0,0,9068,0,0,0,0,0,0,0,0,0,0,0,0,0,0,0,13226,TCGA-S3-AA10-DX1_xmin43039_ymin23986_MPP-0.2500+88
0,0,0,0,0,0,0,0,5293,0,0,0,0,0,0,112,0,0,33414,0,0,0,0,0,11357,0,0,0,0,0,0,0,0,5293,0,0,0,0,0,0,176,0,0,33350,0,0,0,0,0,11357,0,0,0,0,0,0,0,0,5293,0,0,0,0,0,0,176,0,0,33350,0,0,0,0,0,11357,TCGA-S3-AA10-DX1_xmin43039_ymin23986_MPP-0.2500+89
0,2118,0,0,0,0,46758,0,0,0,0,0,0,0,0,0,668,0,0,0,0,0,0,0,632,208,1910,0,0,0,0,46758,0,0,0,0,0,0,0,0,0,668,0,0,0,0,0,0,0,632,64,2054,0,0,0,0,46758,0,0,0,0,0,0,0,0,0,668,0,0,0,0,0,0,0,632,TCGA-S3-AA10-DX1_xmin43039_ymin23986_MPP-0.2500+9
0,0,0,0,0,0,0,0,5693,0,0,0,0,0,0,48,0,0,36972,0,0,0,0,0,7463,0,0,0,0,0,0,0,0,5693,0,0,0,0,0,0,80,0,0,36940,0,0,0,0,0,7463,0,0,0,0,0,0,0,0,5693,0,0,0,0,0,0,80,0,0,36940,0,0,0,0,0,7463,TCGA-S3-AA10-DX1_xmin43039_ymin23986_MPP-0.2500+90
0,0,0,0,0,0,0,0,9738,0,0,0,0,0,0,0,0,0,6650,0,0,0,0,0,33788,0,0,0,0,0,0,0,0,9738,0,0,0,0,0,0,0,0,0,6650,0,0,0,0,0,33788,0,0,0,0,0,0,0,0,9738,0,0,0,0,0,0,0,0,0,6650,0,0,0,0,0,33788,TCGA-S3-AA10-DX1_xmin43039_ymin23986_MPP-0.2500+91
0,0,0,0,0,0,18094,0,0,0,0,2678,0,0,0,0,0,0,0,0,0,0,0,0,29404,0,0,0,0,0,0,18094,0,0,0,0,2678,0,0,0,0,0,0,0,0,0,0,0,0,29404,0,0,0,0,0,0,18094,0,0,0,0,2678,0,0,0,0,0,0,0,0,0,0,0,0,29404,TCGA-S3-AA15-DX1_xmin55486_ymin28926_MPP-0.2500+0
0,0,0,0,0,0,9291,0,0,0,0,337,0,0,0,0,0,0,0,0,0,0,0,0,40548,0,0,0,0,0,0,9291,0,0,0,0,337,0,0,0,0,0,0,0,0,0,0,0,0,40548,0,0,0,0,0,0,9291,0,0,0,0,337,0,0,0,0,0,0,0,0,0,0,0,0,40548,TCGA-S3-AA15-DX1_xmin55486_ymin28926_MPP-0.2500+1
0,0,0,0,0,0,11939,2846,0,0,0,3992,7579,0,0,0,0,0,0,0,0,0,0,0,23820,0,0,0,0,0,0,12006,2779,0,0,0,4055,7516,0,0,0,0,0,0,0,0,0,0,0,23820,0,0,0,0,0,0,11795,2990,0,0,0,3828,7743,0,0,0,0,0,0,0,0,0,0,0,23820,TCGA-S3-AA15-DX1_xmin55486_ymin28926_MPP-0.2500+10
0,0,0,0,0,0,9248,1229,0,0,0,363,2521,0,0,0,0,0,0,0,0,0,0,0,36815,0,0,0,0,0,0,9433,1044,0,0,0,437,2447,0,0,0,0,0,0,0,0,0,0,0,36815,0,0,0,0,0,0,9662,815,0,0,0,623,2261,0,0,0,0,0,0,0,0,0,0,0,36815,TCGA-S3-AA15-DX1_xmin55486_ymin28926_MPP-0.2500+11
0,0,0,0,0,0,7538,2693,0,0,0,6028,7507,0,0,0,0,0,0,0,0,0,0,0,26410,0,0,0,0,0,0,7527,2704,0,0,0,5927,7608,0,0,0,0,0,0,0,0,0,0,0,26410,0,0,0,0,0,0,7509,2722,0,0,0,5717,7818,0,0,0,0,0,0,0,0,0,0,0,26410,TCGA-S3-AA15-DX1_xmin55486_ymin28926_MPP-0.2500+12
0,0,0,0,0,0,0,3906,0,0,192,0,41132,0,0,0,0,0,0,0,0,0,0,0,4946,0,0,0,0,0,0,0,3906,0,0,64,0,41260,0,0,0,0,0,0,0,0,0,0,0,4946,0,0,0,0,0,0,0,3906,0,0,64,0,41260,0,0,0,0,0,0,0,0,0,0,0,4946,TCGA-S3-AA15-DX1_xmin55486_ymin28926_MPP-0.2500+13
0,0,0,0,0,0,5026,2360,0,0,0,1685,39858,0,0,0,0,0,0,0,0,0,0,0,1247,0,0,0,0,0,0,5029,2357,0,0,0,1969,39574,0,0,0,0,0,0,0,0,0,0,0,1247,0,0,0,0,0,0,5026,2360,0,0,0,1995,39548,0,0,0,0,0,0,0,0,0,0,0,1247,TCGA-S3-AA15-DX1_xmin55486_ymin28926_MPP-0.2500+14
0,0,0,0,0,0,48890,0,0,0,0,1286,0,0,0,0,0,0,0,0,0,0,0,0,0,0,0,0,0,0,0,48890,0,0,0,0,1286,0,0,0,0,0,0,0,0,0,0,0,0,0,0,0,0,0,0,0,48890,0,0,0,0,1286,0,0,0,0,0,0,0,0,0,0,0,0,0,TCGA-S3-AA15-DX1_xmin55486_ymin28926_MPP-0.2500+15
0,0,0,0,0,0,50176,0,0,0,0,0,0,0,0,0,0,0,0,0,0,0,0,0,0,0,0,0,0,0,0,50176,0,0,0,0,0,0,0,0,0,0,0,0,0,0,0,0,0,0,0,0,0,0,0,0,50176,0,0,0,0,0,0,0,0,0,0,0,0,0,0,0,0,0,0,TCGA-S3-AA15-DX1_xmin55486_ymin28926_MPP-0.2500+16
0,0,0,0,0,0,50176,0,0,0,0,0,0,0,0,0,0,0,0,0,0,0,0,0,0,0,0,0,0,0,0,50176,0,0,0,0,0,0,0,0,0,0,0,0,0,0,0,0,0,0,0,0,0,0,0,0,50176,0,0,0,0,0,0,0,0,0,0,0,0,0,0,0,0,0,0,TCGA-S3-AA15-DX1_xmin55486_ymin28926_MPP-0.2500+17
31341,0,0,0,0,12277,0,0,0,0,1994,0,0,0,0,0,0,0,0,0,0,0,0,0,4564,31341,0,0,0,0,12277,0,0,0,0,1994,0,0,0,0,0,0,0,0,0,0,0,0,0,4564,31341,0,0,0,0,12277,0,0,0,0,1994,0,0,0,0,0,0,0,0,0,0,0,0,0,4564,TCGA-S3-AA15-DX1_xmin55486_ymin28926_MPP-0.2500+18
34230,0,0,0,0,10902,0,0,0,0,2031,0,0,0,0,0,0,0,0,0,0,0,0,0,3013,34230,0,0,0,0,10902,0,0,0,0,2031,0,0,0,0,0,0,0,0,0,0,0,0,0,3013,34230,0,0,0,0,10902,0,0,0,0,2031,0,0,0,0,0,0,0,0,0,0,0,0,0,3013,TCGA-S3-AA15-DX1_xmin55486_ymin28926_MPP-0.2500+19
0,0,0,0,0,0,6662,2308,0,0,0,4783,3783,0,0,0,0,0,0,0,0,0,0,0,32640,0,0,0,0,0,0,6790,2180,0,0,0,5121,3445,0,0,0,0,0,0,0,0,0,0,0,32640,0,0,0,0,0,0,6880,2090,0,0,0,5311,3255,0,0,0,0,0,0,0,0,0,0,0,32640,TCGA-S3-AA15-DX1_xmin55486_ymin28926_MPP-0.2500+2
17651,811,0,0,0,7485,6527,0,0,0,361,4,0,0,0,0,0,0,0,0,0,0,0,0,17337,17626,836,0,0,0,7324,6688,0,0,0,356,9,0,0,0,0,0,0,0,0,0,0,0,0,17337,17651,811,0,0,0,7303,6709,0,0,0,361,4,0,0,0,0,0,0,0,0,0,0,0,0,17337,TCGA-S3-AA15-DX1_xmin55486_ymin28926_MPP-0.2500+20
40925,0,0,0,0,4974,0,0,0,0,423,0,0,0,0,0,0,0,0,0,0,0,0,0,3854,40925,0,0,0,0,4974,0,0,0,0,423,0,0,0,0,0,0,0,0,0,0,0,0,0,3854,40925,0,0,0,0,4974,0,0,0,0,423,0,0,0,0,0,0,0,0,0,0,0,0,0,3854,TCGA-S3-AA15-DX1_xmin55486_ymin28926_MPP-0.2500+21
7767,0,975,0,0,9281,0,9934,0,0,786,0,17008,0,0,0,0,0,0,0,0,0,0,0,4425,7708,0,1034,0,0,9246,0,9969,0,0,678,0,17116,0,0,0,0,0,0,0,0,0,0,0,4425,7662,0,1080,0,0,9345,0,9870,0,0,713,0,17081,0,0,0,0,0,0,0,0,0,0,0,4425,TCGA-S3-AA15-DX1_xmin55486_ymin28926_MPP-0.2500+22
0,0,0,0,0,0,21388,6821,0,0,0,1577,16826,0,0,0,0,0,0,0,0,0,0,0,3564,0,0,0,0,0,0,21541,6668,0,0,0,1860,16543,0,0,0,0,0,0,0,0,0,0,0,3564,0,0,0,0,0,0,21661,6548,0,0,0,2123,16280,0,0,0,0,0,0,0,0,0,0,0,3564,TCGA-S3-AA15-DX1_xmin55486_ymin28926_MPP-0.2500+23
0,0,0,0,0,0,49999,0,0,0,0,177,0,0,0,0,0,0,0,0,0,0,0,0,0,0,0,0,0,0,0,49999,0,0,0,0,177,0,0,0,0,0,0,0,0,0,0,0,0,0,0,0,0,0,0,0,49999,0,0,0,0,177,0,0,0,0,0,0,0,0,0,0,0,0,0,TCGA-S3-AA15-DX1_xmin55486_ymin28926_MPP-0.2500+24
0,0,0,0,0,0,50176,0,0,0,0,0,0,0,0,0,0,0,0,0,0,0,0,0,0,0,0,0,0,0,0,50176,0,0,0,0,0,0,0,0,0,0,0,0,0,0,0,0,0,0,0,0,0,0,0,0,50176,0,0,0,0,0,0,0,0,0,0,0,0,0,0,0,0,0,0,TCGA-S3-AA15-DX1_xmin55486_ymin28926_MPP-0.2500+25
0,0,0,0,0,0,50176,0,0,0,0,0,0,0,0,0,0,0,0,0,0,0,0,0,0,0,0,0,0,0,0,50176,0,0,0,0,0,0,0,0,0,0,0,0,0,0,0,0,0,0,0,0,0,0,0,0,50176,0,0,0,0,0,0,0,0,0,0,0,0,0,0,0,0,0,0,TCGA-S3-AA15-DX1_xmin55486_ymin28926_MPP-0.2500+26
33578,0,0,0,0,5517,0,0,0,0,0,0,0,0,0,0,0,0,0,0,0,0,0,0,11081,33578,0,0,0,0,5517,0,0,0,0,0,0,0,0,0,0,0,0,0,0,0,0,0,0,11081,33578,0,0,0,0,5517,0,0,0,0,0,0,0,0,0,0,0,0,0,0,0,0,0,0,11081,TCGA-S3-AA15-DX1_xmin55486_ymin28926_MPP-0.2500+27
37671,6488,0,0,0,498,4344,0,0,0,0,0,0,0,0,0,0,0,0,0,0,0,0,0,1175,44159,0,0,0,0,4842,0,0,0,0,0,0,0,0,0,0,0,0,0,0,0,0,0,0,1175,44159,0,0,0,0,4842,0,0,0,0,0,0,0,0,0,0,0,0,0,0,0,0,0,0,1175,TCGA-S3-AA15-DX1_xmin55486_ymin28926_MPP-0.2500+28
41624,0,0,0,0,5348,0,0,0,0,0,0,0,0,0,0,0,0,0,0,0,0,0,0,3204,41624,0,0,0,0,5348,0,0,0,0,0,0,0,0,0,0,0,0,0,0,0,0,0,0,3204,41624,0,0,0,0,5348,0,0,0,0,0,0,0,0,0,0,0,0,0,0,0,0,0,0,3204,TCGA-S3-AA15-DX1_xmin55486_ymin28926_MPP-0.2500+29
0,0,0,0,0,0,6398,1430,0,0,0,3661,14508,0,0,0,0,0,0,0,0,0,0,0,24179,0,0,0,0,0,0,6367,1461,0,0,0,3778,14391,0,0,0,0,0,0,0,0,0,0,0,24179,0,0,0,0,0,0,6424,1404,0,0,0,4001,14168,0,0,0,0,0,0,0,0,0,0,0,24179,TCGA-S3-AA15-DX1_xmin55486_ymin28926_MPP-0.2500+3
34651,0,0,0,0,13559,0,0,0,0,0,0,0,0,0,0,0,0,0,0,0,0,0,0,1966,34651,0,0,0,0,13559,0,0,0,0,0,0,0,0,0,0,0,0,0,0,0,0,0,0,1966,34651,0,0,0,0,13559,0,0,0,0,0,0,0,0,0,0,0,0,0,0,0,0,0,0,1966,TCGA-S3-AA15-DX1_xmin55486_ymin28926_MPP-0.2500+30
44789,0,0,0,0,5385,0,0,0,0,0,0,0,0,0,0,0,0,0,0,0,0,0,0,2,44789,0,0,0,0,5385,0,0,0,0,0,0,0,0,0,0,0,0,0,0,0,0,0,0,2,44789,0,0,0,0,5385,0,0,0,0,0,0,0,0,0,0,0,0,0,0,0,0,0,0,2,TCGA-S3-AA15-DX1_xmin55486_ymin28926_MPP-0.2500+31
5670,1811,3733,0,0,6702,16637,6371,0,0,0,1224,3578,0,0,0,0,0,0,0,0,0,0,0,4450,5998,1927,3289,0,0,6733,16994,5983,0,0,14,1231,3557,0,0,0,0,0,0,0,0,0,0,0,4450,5827,2022,3365,0,0,6547,17317,5846,0,0,0,1259,3543,0,0,0,0,0,0,0,0,0,0,0,4450,TCGA-S3-AA15-DX1_xmin55486_ymin28926_MPP-0.2500+32
0,484,0,0,0,0,36944,992,0,0,0,4854,5931,0,0,0,0,0,0,0,0,0,0,0,971,0,484,0,0,0,0,37000,936,0,0,0,5212,5573,0,0,0,0,0,0,0,0,0,0,0,971,0,484,0,0,0,0,36869,1067,0,0,0,5050,5735,0,0,0,0,0,0,0,0,0,0,0,971,TCGA-S3-AA15-DX1_xmin55486_ymin28926_MPP-0.2500+33
0,0,0,0,0,0,42802,0,0,0,0,7374,0,0,0,0,0,0,0,0,0,0,0,0,0,0,0,0,0,0,0,42802,0,0,0,0,7374,0,0,0,0,0,0,0,0,0,0,0,0,0,0,0,0,0,0,0,42802,0,0,0,0,7374,0,0,0,0,0,0,0,0,0,0,0,0,0,TCGA-S3-AA15-DX1_xmin55486_ymin28926_MPP-0.2500+34
0,0,0,0,0,0,49080,0,0,0,0,1096,0,0,0,0,0,0,0,0,0,0,0,0,0,0,0,0,0,0,0,49080,0,0,0,0,1096,0,0,0,0,0,0,0,0,0,0,0,0,0,0,0,0,0,0,0,49080,0,0,0,0,1096,0,0,0,0,0,0,0,0,0,0,0,0,0,TCGA-S3-AA15-DX1_xmin55486_ymin28926_MPP-0.2500+35
45885,0,0,0,0,2701,0,0,0,0,0,0,0,0,0,0,0,0,0,0,0,0,0,0,1590,45885,0,0,0,0,2701,0,0,0,0,0,0,0,0,0,0,0,0,0,0,0,0,0,0,1590,45885,0,0,0,0,2701,0,0,0,0,0,0,0,0,0,0,0,0,0,0,0,0,0,0,1590,TCGA-S3-AA15-DX1_xmin55486_ymin28926_MPP-0.2500+36
44971,0,0,0,0,5205,0,0,0,0,0,0,0,0,0,0,0,0,0,0,0,0,0,0,0,44971,0,0,0,0,5205,0,0,0,0,0,0,0,0,0,0,0,0,0,0,0,0,0,0,0,44971,0,0,0,0,5205,0,0,0,0,0,0,0,0,0,0,0,0,0,0,0,0,0,0,0,TCGA-S3-AA15-DX1_xmin55486_ymin28926_MPP-0.2500+37
44308,0,0,0,0,5479,0,0,0,0,0,0,0,0,0,0,0,0,0,0,0,0,0,0,389,44308,0,0,0,0,5479,0,0,0,0,0,0,0,0,0,0,0,0,0,0,0,0,0,0,389,44308,0,0,0,0,5479,0,0,0,0,0,0,0,0,0,0,0,0,0,0,0,0,0,0,389,TCGA-S3-AA15-DX1_xmin55486_ymin28926_MPP-0.2500+38
24065,0,0,0,0,23675,0,0,0,0,0,0,0,0,0,0,0,0,0,0,0,0,0,0,2436,24065,0,0,0,0,23675,0,0,0,0,0,0,0,0,0,0,0,0,0,0,0,0,0,0,2436,24065,0,0,0,0,23675,0,0,0,0,0,0,0,0,0,0,0,0,0,0,0,0,0,0,2436,TCGA-S3-AA15-DX1_xmin55486_ymin28926_MPP-0.2500+39
0,0,0,0,0,0,8589,906,0,0,0,3876,20604,0,0,0,0,0,0,0,0,0,0,0,16201,0,0,0,0,0,0,8739,756,0,0,0,4238,20242,0,0,0,0,0,0,0,0,0,0,0,16201,0,0,0,0,0,0,8826,669,0,0,0,5006,19474,0,0,0,0,0,0,0,0,0,0,0,16201,TCGA-S3-AA15-DX1_xmin55486_ymin28926_MPP-0.2500+4
36749,0,0,0,0,13400,0,0,0,0,27,0,0,0,0,0,0,0,0,0,0,0,0,0,0,36749,0,0,0,0,13400,0,0,0,0,27,0,0,0,0,0,0,0,0,0,0,0,0,0,0,36749,0,0,0,0,13400,0,0,0,0,27,0,0,0,0,0,0,0,0,0,0,0,0,0,0,TCGA-S3-AA15-DX1_xmin55486_ymin28926_MPP-0.2500+40
7939,34,0,0,0,11552,16504,0,0,0,3493,9630,0,0,0,0,0,0,0,0,0,0,0,0,1024,7926,47,0,0,0,11574,16482,0,0,0,3725,9398,0,0,0,0,0,0,0,0,0,0,0,0,1024,7906,67,0,0,0,11515,16541,0,0,0,3503,9620,0,0,0,0,0,0,0,0,0,0,0,0,1024,TCGA-S3-AA15-DX1_xmin55486_ymin28926_MPP-0.2500+41
12740,3,0,0,0,13318,6643,0,0,0,5801,8196,0,0,0,0,0,0,0,0,0,0,0,0,3475,12736,7,0,0,0,13270,6691,0,0,0,5597,8400,0,0,0,0,0,0,0,0,0,0,0,0,3475,12740,3,0,0,0,13268,6693,0,0,0,5515,8482,0,0,0,0,0,0,0,0,0,0,0,0,3475,TCGA-S3-AA15-DX1_xmin55486_ymin28926_MPP-0.2500+42
0,718,0,0,0,0,22516,6269,0,0,0,11700,8973,0,0,0,0,0,0,0,0,0,0,0,0,0,718,0,0,0,0,23491,5294,0,0,0,11815,8858,0,0,0,0,0,0,0,0,0,0,0,0,0,718,0,0,0,0,23490,5295,0,0,0,11636,9037,0,0,0,0,0,0,0,0,0,0,0,0,TCGA-S3-AA15-DX1_xmin55486_ymin28926_MPP-0.2500+43
0,0,0,0,0,0,36092,13014,0,0,0,0,1070,0,0,0,0,0,0,0,0,0,0,0,0,0,0,0,0,0,0,36426,12680,0,0,0,6,1064,0,0,0,0,0,0,0,0,0,0,0,0,0,0,0,0,0,0,36507,12599,0,0,0,48,1022,0,0,0,0,0,0,0,0,0,0,0,0,TCGA-S3-AA15-DX1_xmin55486_ymin28926_MPP-0.2500+44
48984,0,0,0,0,1192,0,0,0,0,0,0,0,0,0,0,0,0,0,0,0,0,0,0,0,48984,0,0,0,0,1192,0,0,0,0,0,0,0,0,0,0,0,0,0,0,0,0,0,0,0,48984,0,0,0,0,1192,0,0,0,0,0,0,0,0,0,0,0,0,0,0,0,0,0,0,0,TCGA-S3-AA15-DX1_xmin55486_ymin28926_MPP-0.2500+45
37716,0,0,0,0,12291,0,0,0,0,0,0,0,0,0,0,0,0,0,0,0,0,0,0,169,37716,0,0,0,0,12291,0,0,0,0,0,0,0,0,0,0,0,0,0,0,0,0,0,0,169,37716,0,0,0,0,12291,0,0,0,0,0,0,0,0,0,0,0,0,0,0,0,0,0,0,169,TCGA-S3-AA15-DX1_xmin55486_ymin28926_MPP-0.2500+46
17248,3622,0,0,0,21135,7683,0,0,0,0,0,0,0,0,0,0,0,0,0,0,0,0,0,488,17374,3496,0,0,0,20971,7847,0,0,0,0,0,0,0,0,0,0,0,0,0,0,0,0,0,488,17161,3709,0,0,0,20749,8069,0,0,0,0,0,0,0,0,0,0,0,0,0,0,0,0,0,488,TCGA-S3-AA15-DX1_xmin55486_ymin28926_MPP-0.2500+47
27892,0,0,0,0,22284,0,0,0,0,0,0,0,0,0,0,0,0,0,0,0,0,0,0,0,27892,0,0,0,0,22284,0,0,0,0,0,0,0,0,0,0,0,0,0,0,0,0,0,0,0,27892,0,0,0,0,22284,0,0,0,0,0,0,0,0,0,0,0,0,0,0,0,0,0,0,0,TCGA-S3-AA15-DX1_xmin55486_ymin28926_MPP-0.2500+48
38047,0,0,0,0,11407,0,0,0,0,97,0,0,0,0,0,0,0,0,0,0,0,0,0,625,38047,0,0,0,0,11407,0,0,0,0,97,0,0,0,0,0,0,0,0,0,0,0,0,0,625,38047,0,0,0,0,11407,0,0,0,0,97,0,0,0,0,0,0,0,0,0,0,0,0,0,625,TCGA-S3-AA15-DX1_xmin55486_ymin28926_MPP-0.2500+49
0,0,0,0,0,645,0,12123,0,0,0,0,33283,0,0,0,0,0,0,0,0,0,0,0,4125,0,0,0,0,0,464,0,12304,0,0,0,0,33283,0,0,0,0,0,0,0,0,0,0,0,4125,0,0,0,0,0,496,0,12272,0,0,0,0,33283,0,0,0,0,0,0,0,0,0,0,0,4125,TCGA-S3-AA15-DX1_xmin55486_ymin28926_MPP-0.2500+5
40153,0,0,0,0,8228,0,0,0,0,153,0,0,0,0,0,0,0,0,0,0,0,0,0,1642,40153,0,0,0,0,8228,0,0,0,0,153,0,0,0,0,0,0,0,0,0,0,0,0,0,1642,40153,0,0,0,0,8228,0,0,0,0,153,0,0,0,0,0,0,0,0,0,0,0,0,0,1642,TCGA-S3-AA15-DX1_xmin55486_ymin28926_MPP-0.2500+50
33413,0,0,0,0,15339,0,0,0,0,1424,0,0,0,0,0,0,0,0,0,0,0,0,0,0,33413,0,0,0,0,15339,0,0,0,0,1424,0,0,0,0,0,0,0,0,0,0,0,0,0,0,33413,0,0,0,0,15339,0,0,0,0,1424,0,0,0,0,0,0,0,0,0,0,0,0,0,0,TCGA-S3-AA15-DX1_xmin55486_ymin28926_MPP-0.2500+51
11590,854,28,0,0,10138,12674,5091,0,0,42,1902,5193,0,0,0,0,0,0,0,0,0,0,0,2664,11596,856,20,0,0,9803,13151,4949,0,0,213,1738,5186,0,0,0,0,0,0,0,0,0,0,0,2664,11545,912,15,0,0,9588,13306,5009,0,0,111,1595,5431,0,0,0,0,0,0,0,0,0,0,0,2664,TCGA-S3-AA15-DX1_xmin55486_ymin28926_MPP-0.2500+52
0,0,0,0,0,0,37492,3324,0,0,0,1075,5504,0,0,0,0,0,0,0,0,0,0,0,2781,0,0,0,0,0,0,37677,3139,0,0,0,1214,5365,0,0,0,0,0,0,0,0,0,0,0,2781,0,0,0,0,0,0,37668,3148,0,0,0,1194,5385,0,0,0,0,0,0,0,0,0,0,0,2781,TCGA-S3-AA15-DX1_xmin55486_ymin28926_MPP-0.2500+53
32650,0,0,0,0,12268,0,0,0,0,0,0,0,0,0,0,0,0,0,0,0,0,0,0,5258,32650,0,0,0,0,12268,0,0,0,0,0,0,0,0,0,0,0,0,0,0,0,0,0,0,5258,32650,0,0,0,0,12268,0,0,0,0,0,0,0,0,0,0,0,0,0,0,0,0,0,0,5258,TCGA-S3-AA15-DX1_xmin55486_ymin28926_MPP-0.2500+54
13549,0,0,0,0,16242,7970,0,0,0,0,0,0,0,0,0,0,0,0,0,0,0,0,0,12415,13549,0,0,0,0,16134,8078,0,0,0,0,0,0,0,0,0,0,0,0,0,0,0,0,0,12415,13549,0,0,0,0,24212,0,0,0,0,0,0,0,0,0,0,0,0,0,0,0,0,0,0,12415,TCGA-S3-AA15-DX1_xmin55486_ymin28926_MPP-0.2500+55
34260,871,0,0,0,6914,8131,0,0,0,0,0,0,0,0,0,0,0,0,0,0,0,0,0,0,34170,961,0,0,0,6902,8143,0,0,0,0,0,0,0,0,0,0,0,0,0,0,0,0,0,0,34085,1046,0,0,0,6870,8175,0,0,0,0,0,0,0,0,0,0,0,0,0,0,0,0,0,0,TCGA-S3-AA15-DX1_xmin55486_ymin28926_MPP-0.2500+56
41690,0,0,0,0,8486,0,0,0,0,0,0,0,0,0,0,0,0,0,0,0,0,0,0,0,41690,0,0,0,0,8486,0,0,0,0,0,0,0,0,0,0,0,0,0,0,0,0,0,0,0,41690,0,0,0,0,8486,0,0,0,0,0,0,0,0,0,0,0,0,0,0,0,0,0,0,0,TCGA-S3-AA15-DX1_xmin55486_ymin28926_MPP-0.2500+57
31214,0,0,0,0,18962,0,0,0,0,0,0,0,0,0,0,0,0,0,0,0,0,0,0,0,31214,0,0,0,0,18962,0,0,0,0,0,0,0,0,0,0,0,0,0,0,0,0,0,0,0,31214,0,0,0,0,18962,0,0,0,0,0,0,0,0,0,0,0,0,0,0,0,0,0,0,0,TCGA-S3-AA15-DX1_xmin55486_ymin28926_MPP-0.2500+58
41949,0,0,0,0,8170,0,0,0,0,0,0,0,0,0,0,0,0,0,0,0,0,0,0,57,41949,0,0,0,0,8170,0,0,0,0,0,0,0,0,0,0,0,0,0,0,0,0,0,0,57,41949,0,0,0,0,8170,0,0,0,0,0,0,0,0,0,0,0,0,0,0,0,0,0,0,57,TCGA-S3-AA15-DX1_xmin55486_ymin28926_MPP-0.2500+59
0,0,0,0,0,0,45079,0,0,0,0,5097,0,0,0,0,0,0,0,0,0,0,0,0,0,0,0,0,0,0,0,45079,0,0,0,0,5097,0,0,0,0,0,0,0,0,0,0,0,0,0,0,0,0,0,0,0,45079,0,0,0,0,5097,0,0,0,0,0,0,0,0,0,0,0,0,0,TCGA-S3-AA15-DX1_xmin55486_ymin28926_MPP-0.2500+6
49917,0,0,0,0,259,0,0,0,0,0,0,0,0,0,0,0,0,0,0,0,0,0,0,0,49917,0,0,0,0,259,0,0,0,0,0,0,0,0,0,0,0,0,0,0,0,0,0,0,0,49917,0,0,0,0,259,0,0,0,0,0,0,0,0,0,0,0,0,0,0,0,0,0,0,0,TCGA-S3-AA15-DX1_xmin55486_ymin28926_MPP-0.2500+60
3540,1893,0,0,0,3199,23653,5167,0,0,0,1822,9471,0,0,0,0,0,0,0,0,0,0,0,1431,3453,1980,0,0,0,3771,23285,4963,0,0,0,1858,9435,0,0,0,0,0,0,0,0,0,0,0,1431,3443,1990,0,0,0,3869,23058,5092,0,0,0,1823,9470,0,0,0,0,0,0,0,0,0,0,0,1431,TCGA-S3-AA15-DX1_xmin55486_ymin28926_MPP-0.2500+61
0,0,0,0,0,0,41021,4962,0,0,0,0,3170,0,0,0,0,0,0,0,0,0,0,0,1023,0,0,0,0,0,0,41292,4691,0,0,0,0,3170,0,0,0,0,0,0,0,0,0,0,0,1023,0,0,0,0,0,0,41380,4603,0,0,0,0,3170,0,0,0,0,0,0,0,0,0,0,0,1023,TCGA-S3-AA15-DX1_xmin55486_ymin28926_MPP-0.2500+62
0,0,0,0,0,6388,43788,0,0,0,0,0,0,0,0,0,0,0,0,0,0,0,0,0,0,0,0,0,0,0,5997,44179,0,0,0,0,0,0,0,0,0,0,0,0,0,0,0,0,0,0,0,0,0,0,0,6127,44049,0,0,0,0,0,0,0,0,0,0,0,0,0,0,0,0,0,0,TCGA-S3-AA15-DX1_xmin55486_ymin28926_MPP-0.2500+7
0,0,0,0,0,0,50176,0,0,0,0,0,0,0,0,0,0,0,0,0,0,0,0,0,0,0,0,0,0,0,0,50176,0,0,0,0,0,0,0,0,0,0,0,0,0,0,0,0,0,0,0,0,0,0,0,0,50176,0,0,0,0,0,0,0,0,0,0,0,0,0,0,0,0,0,0,TCGA-S3-AA15-DX1_xmin55486_ymin28926_MPP-0.2500+8
0,0,0,0,0,0,22204,0,0,0,0,142,0,0,0,0,0,0,0,0,0,0,0,0,27830,0,0,0,0,0,0,22204,0,0,0,0,142,0,0,0,0,0,0,0,0,0,0,0,0,27830,0,0,0,0,0,0,22204,0,0,0,0,142,0,0,0,0,0,0,0,0,0,0,0,0,27830,TCGA-S3-AA15-DX1_xmin55486_ymin28926_MPP-0.2500+9
