image_index,image_id,presence_c0,presence_c1,presence_c2,presence_c3
0,TCGA-EW-A1PB-DX1_xmin57214_ymin25940_MPP-0.2500+0,0,1,0,0
1,TCGA-EW-A1PB-DX1_xmin57214_ymin25940_MPP-0.2500+1,0,1,0,0
2,TCGA-EW-A1PB-DX1_xmin57214_ymin25940_MPP-0.2500+10,0,1,1,0
3,TCGA-EW-A1PB-DX1_xmin57214_ymin25940_MPP-0.2500+100,0,1,1,0
4,TCGA-EW-A1PB-DX1_xmin57214_ymin25940_MPP-0.2500+101,0,1,1,0
5,TCGA-EW-A1PB-DX1_xmin57214_ymin25940_MPP-0.2500+102,0,1,1,0
6,TCGA-EW-A1PB-DX1_xmin57214_ymin25940_MPP-0.2500+103,0,1,0,0
7,TCGA-EW-A1PB-DX1_xmin57214_ymin25940_MPP-0.2500+104,0,1,0,0
8,TCGA-EW-A1PB-DX1_xmin57214_ymin25940_MPP-0.2500+105,0,1,0,0
9,TCGA-EW-A1PB-DX1_xmin57214_ymin25940_MPP-0.2500+106,0,1,0,0
10,TCGA-EW-A1PB-DX1_xmin57214_ymin25940_MPP-0.2500+107,1,1,0,0
11,TCGA-EW-A1PB-DX1_xmin57214_ymin25940_MPP-0.2500+108,1,0,0,0
12,TCGA-EW-A1PB-DX1_xmin57214_ymin25940_MPP-0.2500+109,1,1,0,0
13,TCGA-EW-A1PB-DX1_xmin57214_ymin25940_MPP-0.2500+11,0,1,1,0
14,TCGA-EW-A1PB-DX1_xmin57214_ymin25940_MPP-0.2500+110,1,1,0,0
15,TCGA-EW-A1PB-DX1_xmin57214_ymin25940_MPP-0.2500+111,0,1,1,0
16,TCGA-EW-A1PB-DX1_xmin57214_ymin25940_MPP-0.2500+112,0,1,1,0
17,TCGA-EW-A1PB-DX1_xmin57214_ymin25940_MPP-0.2500+113,0,0,1,0
18,TCGA-EW-A1PB-DX1_xmin57214_ymin25940_MPP-0.2500+114,0,0,1,0
19,TCGA-EW-A1PB-DX1_xmin57214_ymin25940_MPP-0.2500+115,0,0,1,0
20,TCGA-EW-A1PB-DX1_xmin57214_ymin25940_MPP-0.2500+116,0,0,1,0
21,TCGA-EW-A1PB-DX1_xmin57214_ymin25940_MPP-0.2500+117,0,1,1,0
22,TCGA-EW-A1PB-DX1_xmin57214_ymin25940_MPP-0.2500+118,0,1,1,0
23,TCGA-EW-A1PB-DX1_xmin57214_ymin25940_MPP-0.2500+119,0,1,1,0
24,TCGA-EW-A1PB-DX1_xmin57214_ymin25940_MPP-0.2500+12,0,1,1,0
25,TCGA-EW-A1PB-DX1_xmin57214_ymin25940_MPP-0.2500+120,0,1,0,0
26,TCGA-EW-A1PB-DX1_xmin57214_ymin25940_MPP-0.2500+121,1,1,0,0
27,TCGA-EW-A1PB-DX1_xmin57214_ymin25940_MPP-0.2500+122,1,0,0,0
28,TCGA-EW-A1PB-DX1_xmin57214_ymin25940_MPP-0.2500+123,1,1,0,0
29,TCGA-EW-A1PB-DX1_xmin57214_ymin25940_MPP-0.2500+124,1,1,0,0
30,TCGA-EW-A1PB-DX1_xmin57214_ymin25940_MPP-0.2500+125,1,0,0,0
31,TCGA-EW-A1PB-DX1_xmin57214_ymin25940_MPP-0.2500+126,0,1,1,0
32,TCGA-EW-A1PB-DX1_xmin57214_ymin25940_MPP-0.2500+127,0,0,1,0
33,TCGA-EW-A1PB-DX1_xmin57214_ymin25940_MPP-0.2500+128,0,0,1,0
34,TCGA-EW-A1PB-DX1_xmin57214_ymin25940_MPP-0.2500+129,0,0,1,0
35,TCGA-EW-A1PB-DX1_xmin57214_ymin25940_MPP-0.2500+13,0,1,1,0
36,TCGA-EW-A1PB-DX1_xmin57214_ymin25940_MPP-0.2500+130,0,0,1,0
37,TCGA-EW-A1PB-DX1_xmin57214_ymin25940_MPP-0.2500+131,0,1,1,0
38,TCGA-EW-A1PB-DX1_xmin57214_ymin25940_MPP-0.2500+132,0,1,1,0
39,TCGA-EW-A1PB-DX1_xmin57214_ymin25940_MPP-0.2500+133,0,1,1,0
40,TCGA-EW-A1PB-DX1_xmin57214_ymin25940_MPP-0.2500+134,0,1,0,0
41,TCGA-EW-A1PB-DX1_xmin57214_ymin25940_MPP-0.2500+135,0,1,0,0
42,TCGA-EW-A1PB-DX1_xmin57214_ymin25940_MPP-0.2500+136,0,1,0,0
43,TCGA-EW-A1PB-DX1_xmin57214_ymin25940_MPP-0.2500+137,0,1,0,0
44,TCGA-EW-A1PB-DX1_xmin57214_ymin25940_MPP-0.2500+138,0,1,0,0
45,TCGA-EW-A1PB-DX1_xmin57214_ymin25940_MPP-0.2500+139,0,1,0,0
46,TCGA-EW-A1PB-DX1_xmin57214_ymin25940_MPP-0.2500+14,0,1,1,0
47,TCGA-EW-A1PB-DX1_xmin57214_ymin25940_MPP-0.2500+140,1,1,0,0
48,TCGA-EW-A1PB-DX1_xmin57214_ymin25940_MPP-0.2500+141,1,1,1,0
49,TCGA-EW-A1PB-DX1_xmin57214_ymin25940_MPP-0.2500+142,1,0,0,0
50,TCGA-EW-A1PB-DX1_xmin57214_ymin25940_MPP-0.2500+143,1,1,1,0
51,TCGA-EW-A1PB-DX1_xmin57214_ymin25940_MPP-0.2500+144,0,0,1,0
52,TCGA-EW-A1PB-DX1_xmin57214_ymin25940_MPP-0.2500+145,0,0,1,0
53,TCGA-EW-A1PB-DX1_xmin57214_ymin25940_MPP-0.2500+146,0,0,1,0
54,TCGA-EW-A1PB-DX1_xmin57214_ymin25940_MPP-0.2500+147,0,0,1,0
55,TCGA-EW-A1PB-DX1_xmin57214_ymin25940_MPP-0.2500+148,0,1,1,0
56,TCGA-EW-A1PB-DX1_xmin57214_ymin25940_MPP-0.2500+149,0,1,1,0
57,TCGA-EW-A1PB-DX1_xmin57214_ymin25940_MPP-0.2500+15,0,1,0,0
58,TCGA-EW-A1PB-DX1_xmin57214_ymin25940_MPP-0.2500+150,0,1,1,0
59,TCGA-EW-A1PB-DX1_xmin57214_ymin25940_MPP-0.2500+151,0,1,1,0
60,TCGA-EW-A1PB-DX1_xmin57214_ymin25940_MPP-0.2500+152,0,1,0,0
61,TCGA-EW-A1PB-DX1_xmin57214_ymin25940_MPP-0.2500+153,0,1,0,0
62,TCGA-EW-A1PB-DX1_xmin57214_ymin25940_MPP-0.2500+154,1,1,0,0
63,TCGA-EW-A1PB-DX1_xmin57214_ymin25940_MPP-0.2500+155,1,1,0,0
64,TCGA-EW-A1PB-DX1_xmin57214_ymin25940_MPP-0.2500+156,0,1,1,0
65,TCGA-EW-A1PB-DX1_xmin57214_ymin25940_MPP-0.2500+157,1,1,1,0
66,TCGA-EW-A1PB-DX1_xmin57214_ymin25940_MPP-0.2500+158,0,1,1,0
67,TCGA-EW-A1PB-DX1_xmin57214_ymin25940_MPP-0.2500+159,0,1,1,0
68,TCGA-EW-A1PB-DX1_xmin57214_ymin25940_MPP-0.2500+16,0,1,0,0
69,TCGA-EW-A1PB-DX1_xmin57214_ymin25940_MPP-0.2500+160,0,1,1,0
70,TCGA-EW-A1PB-DX1_xmin57214_ymin25940_MPP-0.2500+161,0,1,1,0
71,TCGA-EW-A1PB-DX1_xmin57214_ymin25940_MPP-0.2500+162,1,1,0,0
72,TCGA-EW-A1PB-DX1_xmin57214_ymin25940_MPP-0.2500+163,1,1,0,0
73,TCGA-EW-A1PB-DX1_xmin57214_ymin25940_MPP-0.2500+164,0,1,1,0
74,TCGA-EW-A1PB-DX1_xmin57214_ymin25940_MPP-0.2500+165,0,1,0,0
75,TCGA-EW-A1PB-DX1_xmin57214_ymin25940_MPP-0.2500+166,0,1,0,0
76,TCGA-EW-A1PB-DX1_xmin57214_ymin25940_MPP-0.2500+167,0,1,0,0
77,TCGA-EW-A1PB-DX1_xmin57214_ymin25940_MPP-0.2500+168,0,1,0,0
78,TCGA-EW-A1PB-DX1_xmin57214_ymin25940_MPP-0.2500+169,0,1,0,0
79,TCGA-EW-A1PB-DX1_xmin57214_ymin25940_MPP-0.2500+17,0,1,0,0
80,TCGA-EW-A1PB-DX1_xmin57214_ymin25940_MPP-0.2500+170,1,1,0,0
81,TCGA-EW-A1PB-DX1_xmin57214_ymin25940_MPP-0.2500+171,0,1,0,0
82,TCGA-EW-A1PB-DX1_xmin57214_ymin25940_MPP-0.2500+172,0,1,0,0
83,TCGA-EW-A1PB-DX1_xmin57214_ymin25940_MPP-0.2500+173,0,1,0,0
84,TCGA-EW-A1PB-DX1_xmin57214_ymin25940_MPP-0.2500+174,0,1,0,0
85,TCGA-EW-A1PB-DX1_xmin57214_ymin25940_MPP-0.2500+175,0,1,0,0
86,TCGA-EW-A1PB-DX1_xmin57214_ymin25940_MPP-0.2500+176,1,1,0,0
87,TCGA-EW-A1PB-DX1_xmin57214_ymin25940_MPP-0.2500+177,1,1,0,0
88,TCGA-EW-A1PB-DX1_xmin57214_ymin25940_MPP-0.2500+178,1,1,0,0
89,TCGA-EW-A1PB-DX1_xmin57214_ymin25940_MPP-0.2500+179,1,1,0,0
90,TCGA-EW-A1PB-DX1_xmin57214_ymin25940_MPP-0.2500+18,1,1,0,0
91,TCGA-EW-A1PB-DX1_xmin57214_ymin25940_MPP-0.2500+180,1,1,0,0
92,TCGA-EW-A1PB-DX1_xmin57214_ymin25940_MPP-0.2500+181,0,1,0,0
93,TCGA-EW-A1PB-DX1_xmin57214_ymin25940_MPP-0.2500+182,0,1,0,0
94,TCGA-EW-A1PB-DX1_xmin57214_ymin25940_MPP-0.2500+183,0,1,0,0
95,TCGA-EW-A1PB-DX1_xmin57214_ymin25940_MPP-0.2500+184,0,1,0,0
96,TCGA-EW-A1PB-DX1_xmin57214_ymin25940_MPP-0.2500+19,1,0,0,0
97,TCGA-EW-A1PB-DX1_xmin57214_ymin25940_MPP-0.2500+2,0,1,1,0
98,TCGA-EW-A1PB-DX1_xmin57214_ymin25940_MPP-0.2500+20,1,0,0,0
99,TCGA-EW-A1PB-DX1_xmin57214_ymin25940_MPP-0.2500+21,1,0,0,0
100,TCGA-EW-A1PB-DX1_xmin57214_ymin25940_MPP-0.2500+22,1,0,0,0
101,TCGA-EW-A1PB-DX1_xmin57214_ymin25940_MPP-0.2500+23,0,1,1,0
102,TCGA-EW-A1PB-DX1_xmin57214_ymin25940_MPP-0.2500+24,0,1,1,0
103,TCGA-EW-A1PB-DX1_xmin57214_ymin25940_MPP-0.2500+25,0,1,1,0
104,TCGA-EW-A1PB-DX1_xmin57214_ymin25940_MPP-0.2500+26,0,1,1,0
105,TCGA-EW-A1PB-DX1_xmin57214_ymin25940_MPP-0.2500+27,0,1,1,0
106,TCGA-EW-A1PB-DX1_xmin57214_ymin25940_MPP-0.2500+28,0,1,1,0
107,TCGA-EW-A1PB-DX1_xmin57214_ymin25940_MPP-0.2500+29,0,1,0,0
108,TCGA-EW-A1PB-DX1_xmin57214_ymin25940_MPP-0.2500+3,0,1,0,0
109,TCGA-EW-A1PB-DX1_xmin57214_ymin25940_MPP-0.2500+30,0,1,0,0
110,TCGA-EW-A1PB-DX1_xmin57214_ymin25940_MPP-0.2500+31,0,1,0,0
111,TCGA-EW-A1PB-DX1_xmin57214_ymin25940_MPP-0.2500+32,1,1,0,0
112,TCGA-EW-A1PB-DX1_xmin57214_ymin25940_MPP-0.2500+33,1,0,0,0
113,TCGA-EW-A1PB-DX1_xmin57214_ymin25940_MPP-0.2500+34,1,0,0,0
114,TCGA-EW-A1PB-DX1_xmin57214_ymin25940_MPP-0.2500+35,1,0,0,0
115,TCGA-EW-A1PB-DX1_xmin57214_ymin25940_MPP-0.2500+36,1,1,0,0
116,TCGA-EW-A1PB-DX1_xmin57214_ymin25940_MPP-0.2500+37,0,1,0,0
117,TCGA-EW-A1PB-DX1_xmin57214_ymin25940_MPP-0.2500+38,0,1,1,0
118,TCGA-EW-A1PB-DX1_xmin57214_ymin25940_MPP-0.2500+39,0,0,1,0
119,TCGA-EW-A1PB-DX1_xmin57214_ymin25940_MPP-0.2500+4,0,1,0,0
120,TCGA-EW-A1PB-DX1_xmin57214_ymin25940_MPP-0.2500+40,0,0,1,0
121,TCGA-EW-A1PB-DX1_xmin57214_ymin25940_MPP-0.2500+41,0,0,1,0
122,TCGA-EW-A1PB-DX1_xmin57214_ymin25940_MPP-0.2500+42,0,1,1,0
123,TCGA-EW-A1PB-DX1_xmin57214_ymin25940_MPP-0.2500+43,0,1,0,0
124,TCGA-EW-A1PB-DX1_xmin57214_ymin25940_MPP-0.2500+44,0,1,0,0
125,TCGA-EW-A1PB-DX1_xmin57214_ymin25940_MPP-0.2500+45,0,1,0,0
126,TCGA-EW-A1PB-DX1_xmin57214_ymin25940_MPP-0.2500+46,1,0,0,0
127,TCGA-EW-A1PB-DX1_xmin57214_ymin25940_MPP-0.2500+47,1,0,0,0
128,TCGA-EW-A1PB-DX1_xmin57214_ymin25940_MPP-0.2500+48,1,0,0,0
129,TCGA-EW-A1PB-DX1_xmin57214_ymin25940_MPP-0.2500+49,1,0,0,0
130,TCGA-EW-A1PB-DX1_xmin57214_ymin25940_MPP-0.2500+5,0,1,0,0
131,TCGA-EW-A1PB-DX1_xmin57214_ymin25940_MPP-0.2500+50,1,0,0,0
132,TCGA-EW-A1PB-DX1_xmin57214_ymin25940_MPP-0.2500+51,0,1,0,0
133,TCGA-EW-A1PB-DX1_xmin57214_ymin25940_MPP-0.2500+52,0,1,1,0
134,TCGA-EW-A1PB-DX1_xmin57214_ymin25940_MPP-0.2500+53,0,1,1,0
135,TCGA-EW-A1PB-DX1_xmin57214_ymin25940_MPP-0.2500+54,0,0,1,0
136,TCGA-EW-A1PB-DX1_xmin57214_ymin25940_MPP-0.2500+55,0,0,1,0
137,TCGA-EW-A1PB-DX1_xmin57214_ymin25940_MPP-0.2500+56,0,0,1,0
138,TCGA-EW-A1PB-DX1_xmin57214_ymin25940_MPP-0.2500+57,0,1,1,0
139,TCGA-EW-A1PB-DX1_xmin57214_ymin25940_MPP-0.2500+58,0,1,1,0
140,TCGA-EW-A1PB-DX1_xmin57214_ymin25940_MPP-0.2500+59,0,1,1,0
141,TCGA-EW-A1PB-DX1_xmin57214_ymin25940_MPP-0.2500+6,0,1,0,0
142,TCGA-EW-A1PB-DX1_xmin57214_ymin25940_MPP-0.2500+60,1,1,0,0
143,TCGA-EW-A1PB-DX1_xmin57214_ymin25940_MPP-0.2500+61,1,1,0,0
144,TCGA-EW-A1PB-DX1_xmin57214_ymin25940_MPP-0.2500+62,1,0,0,0
145,TCGA-EW-A1PB-DX1_xmin57214_ymin25940_MPP-0.2500+63,1,0,0,0
146,TCGA-EW-A1PB-DX1_xmin57214_ymin25940_MPP-0.2500+64,1,0,0,0
147,TCGA-EW-A1PB-DX1_xmin57214_ymin25940_MPP-0.2500+65,1,0,0,0
148,TCGA-EW-A1PB-DX1_xmin57214_ymin25940_MPP-0.2500+66,0,1,1,0
149,TCGA-EW-A1PB-DX1_xmin57214_ymin25940_MPP-0.2500+67,0,1,1,0
150,TCGA-EW-A1PB-DX1_xmin57214_ymin25940_MPP-0.2500+68,0,0,1,0
151,TCGA-EW-A1PB-DX1_xmin57214_ymin25940_MPP-0.2500+69,0,0,1,0
152,TCGA-EW-A1PB-DX1_xmin57214_ymin25940_MPP-0.2500+7,0,1,0,0
153,TCGA-EW-A1PB-DX1_xmin57214_ymin25940_MPP-0.2500+70,0,0,1,0
154,TCGA-EW-A1PB-DX1_xmin57214_ymin25940_MPP-0.2500+71,0,0,1,0
155,TCGA-EW-A1PB-DX1_xmin57214_ymin25940_MPP-0.2500+72,0,1,1,0
156,TCGA-EW-A1PB-DX1_xmin57214_ymin25940_MPP-0.2500+73,0,1,0,0
157,TCGA-EW-A1PB-DX1_xmin57214_ymin25940_MPP-0.2500+74,0,1,1,0
158,TCGA-EW-A1PB-DX1_xmin57214_ymin25940_MPP-0.2500+75,1,1,0,0
159,TCGA-EW-A1PB-DX1_xmin57214_ymin25940_MPP-0.2500+76,1,0,0,0
160,TCGA-EW-A1PB-DX1_xmin57214_ymin25940_MPP-0.2500+77,1,0,0,0
161,TCGA-EW-A1PB-DX1_xmin57214_ymin25940_MPP-0.2500+78,1,0,0,0
162,TCGA-EW-A1PB-DX1_xmin57214_ymin25940_MPP-0.2500+79,1,0,0,0
163,TCGA-EW-A1PB-DX1_xmin57214_ymin25940_MPP-0.2500+8,0,1,0,0
164,TCGA-EW-A1PB-DX1_xmin57214_ymin25940_MPP-0.2500+80,1,0,0,0
165,TCGA-EW-A1PB-DX1_xmin57214_ymin25940_MPP-0.2500+81,0,1,1,0
166,TCGA-EW-A1PB-DX1_xmin57214_ymin25940_MPP-0.2500+82,0,0,1,0
167,TCGA-EW-A1PB-DX1_xmin57214_ymin25940_MPP-0.2500+83,0,0,1,0
168,TCGA-EW-A1PB-DX1_xmin57214_ymin25940_MPP-0.2500+84,0,0,1,0
169,TCGA-EW-A1PB-DX1_xmin57214_ymin25940_MPP-0.2500+85,0,1,1,0
170,TCGA-EW-A1PB-DX1_xmin57214_ymin25940_MPP-0.2500+86,0,0,1,0
171,TCGA-EW-A1PB-DX1_xmin57214_ymin25940_MPP-0.2500+87,0,1,1,0
172,TCGA-EW-A1PB-DX1_xmin57214_ymin25940_MPP-0.2500+88,0,1,1,0
173,TCGA-EW-A1PB-DX1_xmin57214_ymin25940_MPP-0.2500+89,0,1,0,0
174,TCGA-EW-A1PB-DX1_xmin57214_ymin25940_MPP-0.2500+9,0,1,1,0
175,TCGA-EW-A1PB-DX1_xmin57214_ymin25940_MPP-0.2500+90,0,1,0,0
176,TCGA-EW-A1PB-DX1_xmin57214_ymin25940_MPP-0.2500+91,1,1,0,0
177,TCGA-EW-A1PB-DX1_xmin57214_ymin25940_MPP-0.2500+92,1,0,0,0
178,TCGA-EW-A1PB-DX1_xmin57214_ymin25940_MPP-0.2500+93,1,0,0,0
179,TCGA-EW-A1PB-DX1_xmin57214_ymin25940_MPP-0.2500+94,1,0,0,0
180,TCGA-EW-A1PB-DX1_xmin57214_ymin25940_MPP-0.2500+95,1,0,0,0
181,TCGA-EW-A1PB-DX1_xmin57214_ymin25940_MPP-0.2500+96,0,1,1,0
182,TCGA-EW-A1PB-DX1_xmin57214_ymin25940_MPP-0.2500+97,0,0,1,0
183,TCGA-EW-A1PB-DX1_xmin57214_ymin25940_MPP-0.2500+98,0,1,1,0
184,TCGA-EW-A1PB-DX1_xmin57214_ymin25940_MPP-0.2500+99,0,1,1,0
185,TCGA-EW-A1PH-DX1_xmin3455_ymin52049_MPP-0.2500+0,0,1,0,0
186,TCGA-EW-A1PH-DX1_xmin3455_ymin52049_MPP-0.2500+1,0,1,0,0
187,TCGA-EW-A1PH-DX1_xmin3455_ymin52049_MPP-0.2500+10,0,1,0,0
188,TCGA-EW-A1PH-DX1_xmin3455_ymin52049_MPP-0.2500+100,1,1,0,0
189,TCGA-EW-A1PH-DX1_xmin3455_ymin52049_MPP-0.2500+101,0,1,0,0
190,TCGA-EW-A1PH-DX1_xmin3455_ymin52049_MPP-0.2500+102,1,0,0,0
191,TCGA-EW-A1PH-DX1_xmin3455_ymin52049_MPP-0.2500+103,1,0,0,0
192,TCGA-EW-A1PH-DX1_xmin3455_ymin52049_MPP-0.2500+104,1,0,0,0
193,TCGA-EW-A1PH-DX1_xmin3455_ymin52049_MPP-0.2500+105,1,0,0,0
194,TCGA-EW-A1PH-DX1_xmin3455_ymin52049_MPP-0.2500+106,1,0,0,0
195,TCGA-EW-A1PH-DX1_xmin3455_ymin52049_MPP-0.2500+107,1,0,0,0
196,TCGA-EW-A1PH-DX1_xmin3455_ymin52049_MPP-0.2500+108,1,1,0,0
197,TCGA-EW-A1PH-DX1_xmin3455_ymin52049_MPP-0.2500+109,1,1,0,0
198,TCGA-EW-A1PH-DX1_xmin3455_ymin52049_MPP-0.2500+11,0,1,0,0
199,TCGA-EW-A1PH-DX1_xmin3455_ymin52049_MPP-0.2500+110,1,1,0,0
200,TCGA-EW-A1PH-DX1_xmin3455_ymin52049_MPP-0.2500+111,1,1,0,0
201,TCGA-EW-A1PH-DX1_xmin3455_ymin52049_MPP-0.2500+112,1,0,0,0
202,TCGA-EW-A1PH-DX1_xmin3455_ymin52049_MPP-0.2500+113,1,0,0,0
203,TCGA-EW-A1PH-DX1_xmin3455_ymin52049_MPP-0.2500+114,1,1,0,0
204,TCGA-EW-A1PH-DX1_xmin3455_ymin52049_MPP-0.2500+115,1,1,0,0
205,TCGA-EW-A1PH-DX1_xmin3455_ymin52049_MPP-0.2500+116,1,0,0,0
206,TCGA-EW-A1PH-DX1_xmin3455_ymin52049_MPP-0.2500+117,1,0,0,0
207,TCGA-EW-A1PH-DX1_xmin3455_ymin52049_MPP-0.2500+118,1,0,0,0
208,TCGA-EW-A1PH-DX1_xmin3455_ymin52049_MPP-0.2500+119,1,1,0,0
209,TCGA-EW-A1PH-DX1_xmin3455_ymin52049_MPP-0.2500+12,0,1,0,0
210,TCGA-EW-A1PH-DX1_xmin3455_ymin52049_MPP-0.2500+120,1,0,0,0
211,TCGA-EW-A1PH-DX1_xmin3455_ymin52049_MPP-0.2500+121,1,0,0,0
212,TCGA-EW-A1PH-DX1_xmin3455_ymin52049_MPP-0.2500+122,1,0,0,0
213,TCGA-EW-A1PH-DX1_xmin3455_ymin52049_MPP-0.2500+123,1,1,0,0
214,TCGA-EW-A1PH-DX1_xmin3455_ymin52049_MPP-0.2500+124,1,1,0,0
215,TCGA-EW-A1PH-DX1_xmin3455_ymin52049_MPP-0.2500+125,1,0,0,0
216,TCGA-EW-A1PH-DX1_xmin3455_ymin52049_MPP-0.2500+126,1,0,0,0
217,TCGA-EW-A1PH-DX1_xmin3455_ymin52049_MPP-0.2500+127,1,1,0,0
218,TCGA-EW-A1PH-DX1_xmin3455_ymin52049_MPP-0.2500+128,1,1,0,0
219,TCGA-EW-A1PH-DX1_xmin3455_ymin52049_MPP-0.2500+129,1,1,0,0
220,TCGA-EW-A1PH-DX1_xmin3455_ymin52049_MPP-0.2500+13,0,1,0,0
221,TCGA-EW-A1PH-DX1_xmin3455_ymin52049_MPP-0.2500+130,1,1,0,0
222,TCGA-EW-A1PH-DX1_xmin3455_ymin52049_MPP-0.2500+131,1,0,0,0
223,TCGA-EW-A1PH-DX1_xmin3455_ymin52049_MPP-0.2500+132,1,1,0,0
224,TCGA-EW-A1PH-DX1_xmin3455_ymin52049_MPP-0.2500+133,0,0,0,1
225,TCGA-EW-A1PH-DX1_xmin3455_ymin52049_MPP-0.2500+134,0,1,0,1
226,TCGA-EW-A1PH-DX1_xmin3455_ymin52049_MPP-0.2500+135,1,0,0,0
227,TCGA-EW-A1PH-DX1_xmin3455_ymin52049_MPP-0.2500+136,1,1,0,0
228,TCGA-EW-A1PH-DX1_xmin3455_ymin52049_MPP-0.2500+137,1,0,0,0
229,TCGA-EW-A1PH-DX1_xmin3455_ymin52049_MPP-0.2500+138,1,1,0,0
230,TCGA-EW-A1PH-DX1_xmin3455_ymin52049_MPP-0.2500+139,1,1,0,0
231,TCGA-EW-A1PH-DX1_xmin3455_ymin52049_MPP-0.2500+14,0,1,0,0
232,TCGA-EW-A1PH-DX1_xmin3455_ymin52049_MPP-0.2500+140,1,1,0,0
233,TCGA-EW-A1PH-DX1_xmin3455_ymin52049_MPP-0.2500+141,1,1,0,0
234,TCGA-EW-A1PH-DX1_xmin3455_ymin52049_MPP-0.2500+142,1,1,0,0
235,TCGA-EW-A1PH-DX1_xmin3455_ymin52049_MPP-0.2500+143,1,1,0,0
236,TCGA-EW-A1PH-DX1_xmin3455_ymin52049_MPP-0.2500+144,1,1,0,0
237,TCGA-EW-A1PH-DX1_xmin3455_ymin52049_MPP-0.2500+145,0,0,0,1
238,TCGA-EW-A1PH-DX1_xmin3455_ymin52049_MPP-0.2500+146,0,1,0,1
239,TCGA-EW-A1PH-DX1_xmin3455_ymin52049_MPP-0.2500+147,1,0,0,1
240,TCGA-EW-A1PH-DX1_xmin3455_ymin52049_MPP-0.2500+148,1,0,0,0
241,TCGA-EW-A1PH-DX1_xmin3455_ymin52049_MPP-0.2500+149,1,0,0,0
242,TCGA-EW-A1PH-DX1_xmin3455_ymin52049_MPP-0.2500+15,0,1,1,0
243,TCGA-EW-A1PH-DX1_xmin3455_ymin52049_MPP-0.2500+150,1,0,0,0
244,TCGA-EW-A1PH-DX1_xmin3455_ymin52049_MPP-0.2500+151,1,1,0,0
245,TCGA-EW-A1PH-DX1_xmin3455_ymin52049_MPP-0.2500+152,1,1,0,0
246,TCGA-EW-A1PH-DX1_xmin3455_ymin52049_MPP-0.2500+153,1,1,0,0
247,TCGA-EW-A1PH-DX1_xmin3455_ymin52049_MPP-0.2500+154,1,1,0,0
248,TCGA-EW-A1PH-DX1_xmin3455_ymin52049_MPP-0.2500+155,1,1,0,0
249,TCGA-EW-A1PH-DX1_xmin3455_ymin52049_MPP-0.2500+156,1,1,0,0
250,TCGA-EW-A1PH-DX1_xmin3455_ymin52049_MPP-0.2500+157,1,1,0,0
251,TCGA-EW-A1PH-DX1_xmin3455_ymin52049_MPP-0.2500+158,1,1,0,1
252,TCGA-EW-A1PH-DX1_xmin3455_ymin52049_MPP-0.2500+159,1,1,0,1
253,TCGA-EW-A1PH-DX1_xmin3455_ymin52049_MPP-0.2500+16,0,1,0,0
254,TCGA-EW-A1PH-DX1_xmin3455_ymin52049_MPP-0.2500+160,1,1,0,0
255,TCGA-EW-A1PH-DX1_xmin3455_ymin52049_MPP-0.2500+161,1,0,0,0
256,TCGA-EW-A1PH-DX1_xmin3455_ymin52049_MPP-0.2500+162,1,1,0,0
257,TCGA-EW-A1PH-DX1_xmin3455_ymin52049_MPP-0.2500+163,1,1,0,0
258,TCGA-EW-A1PH-DX1_xmin3455_ymin52049_MPP-0.2500+164,1,0,0,0
259,TCGA-EW-A1PH-DX1_xmin3455_ymin52049_MPP-0.2500+165,1,1,0,0
260,TCGA-EW-A1PH-DX1_xmin3455_ymin52049_MPP-0.2500+166,1,1,0,0
261,TCGA-EW-A1PH-DX1_xmin3455_ymin52049_MPP-0.2500+167,1,1,0,0
262,TCGA-EW-A1PH-DX1_xmin3455_ymin52049_MPP-0.2500+168,1,1,0,0
263,TCGA-EW-A1PH-DX1_xmin3455_ymin52049_MPP-0.2500+169,1,1,0,0
264,TCGA-EW-A1PH-DX1_xmin3455_ymin52049_MPP-0.2500+17,0,1,0,0
265,TCGA-EW-A1PH-DX1_xmin3455_ymin52049_MPP-0.2500+170,1,1,0,0
266,TCGA-EW-A1PH-DX1_xmin3455_ymin52049_MPP-0.2500+171,1,1,0,1
267,TCGA-EW-A1PH-DX1_xmin3455_ymin52049_MPP-0.2500+172,1,0,0,1
268,TCGA-EW-A1PH-DX1_xmin3455_ymin52049_MPP-0.2500+173,1,0,0,0
269,TCGA-EW-A1PH-DX1_xmin3455_ymin52049_MPP-0.2500+174,1,1,0,0
270,TCGA-EW-A1PH-DX1_xmin3455_ymin52049_MPP-0.2500+175,1,1,0,0
271,TCGA-EW-A1PH-DX1_xmin3455_ymin52049_MPP-0.2500+176,1,1,0,0
272,TCGA-EW-A1PH-DX1_xmin3455_ymin52049_MPP-0.2500+177,0,1,0,0
273,TCGA-EW-A1PH-DX1_xmin3455_ymin52049_MPP-0.2500+178,1,1,0,0
274,TCGA-EW-A1PH-DX1_xmin3455_ymin52049_MPP-0.2500+179,1,1,0,0
275,TCGA-EW-A1PH-DX1_xmin3455_ymin52049_MPP-0.2500+18,0,1,0,0
276,TCGA-EW-A1PH-DX1_xmin3455_ymin52049_MPP-0.2500+180,1,1,0,0
277,TCGA-EW-A1PH-DX1_xmin3455_ymin52049_MPP-0.2500+181,1,1,0,0
278,TCGA-EW-A1PH-DX1_xmin3455_ymin52049_MPP-0.2500+182,1,1,0,0
279,TCGA-EW-A1PH-DX1_xmin3455_ymin52049_MPP-0.2500+183,0,1,0,0
280,TCGA-EW-A1PH-DX1_xmin3455_ymin52049_MPP-0.2500+184,0,1,0,0
281,TCGA-EW-A1PH-DX1_xmin3455_ymin52049_MPP-0.2500+185,0,1,0,0
282,TCGA-EW-A1PH-DX1_xmin3455_ymin52049_MPP-0.2500+186,1,1,0,0
283,TCGA-EW-A1PH-DX1_xmin3455_ymin52049_MPP-0.2500+187,1,0,0,0
284,TCGA-EW-A1PH-DX1_xmin3455_ymin52049_MPP-0.2500+188,1,1,0,0
285,TCGA-EW-A1PH-DX1_xmin3455_ymin52049_MPP-0.2500+189,0,1,0,0
286,TCGA-EW-A1PH-DX1_xmin3455_ymin52049_MPP-0.2500+19,0,1,0,0
287,TCGA-EW-A1PH-DX1_xmin3455_ymin52049_MPP-0.2500+190,1,1,0,0
288,TCGA-EW-A1PH-DX1_xmin3455_ymin52049_MPP-0.2500+191,1,1,0,0
289,TCGA-EW-A1PH-DX1_xmin3455_ymin52049_MPP-0.2500+192,1,1,0,0
290,TCGA-EW-A1PH-DX1_xmin3455_ymin52049_MPP-0.2500+193,1,1,0,0
291,TCGA-EW-A1PH-DX1_xmin3455_ymin52049_MPP-0.2500+194,1,1,0,0
292,TCGA-EW-A1PH-DX1_xmin3455_ymin52049_MPP-0.2500+195,0,1,0,1
293,TCGA-EW-A1PH-DX1_xmin3455_ymin52049_MPP-0.2500+196,1,1,0,1
294,TCGA-EW-A1PH-DX1_xmin3455_ymin52049_MPP-0.2500+197,1,1,0,0
295,TCGA-EW-A1PH-DX1_xmin3455_ymin52049_MPP-0.2500+198,1,1,0,0
296,TCGA-EW-A1PH-DX1_xmin3455_ymin52049_MPP-0.2500+199,1,0,0,0
297,TCGA-EW-A1PH-DX1_xmin3455_ymin52049_MPP-0.2500+2,0,1,0,0
298,TCGA-EW-A1PH-DX1_xmin3455_ymin52049_MPP-0.2500+20,0,1,0,0
299,TCGA-EW-A1PH-DX1_xmin3455_ymin52049_MPP-0.2500+200,1,1,0,0
300,TCGA-EW-A1PH-DX1_xmin3455_ymin52049_MPP-0.2500+201,1,1,0,0
301,TCGA-EW-A1PH-DX1_xmin3455_ymin52049_MPP-0.2500+202,1,0,0,0
302,TCGA-EW-A1PH-DX1_xmin3455_ymin52049_MPP-0.2500+203,1,1,0,0
303,TCGA-EW-A1PH-DX1_xmin3455_ymin52049_MPP-0.2500+204,1,1,0,0
304,TCGA-EW-A1PH-DX1_xmin3455_ymin52049_MPP-0.2500+205,0,1,0,0
305,TCGA-EW-A1PH-DX1_xmin3455_ymin52049_MPP-0.2500+206,0,1,0,0
306,TCGA-EW-A1PH-DX1_xmin3455_ymin52049_MPP-0.2500+207,1,1,0,0
307,TCGA-EW-A1PH-DX1_xmin3455_ymin52049_MPP-0.2500+208,1,1,0,0
308,TCGA-EW-A1PH-DX1_xmin3455_ymin52049_MPP-0.2500+209,1,1,0,0
309,TCGA-EW-A1PH-DX1_xmin3455_ymin52049_MPP-0.2500+21,0,1,0,0
310,TCGA-EW-A1PH-DX1_xmin3455_ymin52049_MPP-0.2500+210,1,1,0,0
311,TCGA-EW-A1PH-DX1_xmin3455_ymin52049_MPP-0.2500+211,1,0,0,0
312,TCGA-EW-A1PH-DX1_xmin3455_ymin52049_MPP-0.2500+212,1,1,0,0
313,TCGA-EW-A1PH-DX1_xmin3455_ymin52049_MPP-0.2500+213,1,1,0,0
314,TCGA-EW-A1PH-DX1_xmin3455_ymin52049_MPP-0.2500+214,1,1,0,0
315,TCGA-EW-A1PH-DX1_xmin3455_ymin52049_MPP-0.2500+215,1,1,0,0
316,TCGA-EW-A1PH-DX1_xmin3455_ymin52049_MPP-0.2500+216,1,1,0,0
317,TCGA-EW-A1PH-DX1_xmin3455_ymin52049_MPP-0.2500+217,1,1,0,0
318,TCGA-EW-A1PH-DX1_xmin3455_ymin52049_MPP-0.2500+218,1,1,0,0
319,TCGA-EW-A1PH-DX1_xmin3455_ymin52049_MPP-0.2500+219,1,1,0,0
320,TCGA-EW-A1PH-DX1_xmin3455_ymin52049_MPP-0.2500+22,0,1,1,0
321,TCGA-EW-A1PH-DX1_xmin3455_ymin52049_MPP-0.2500+220,1,1,0,0
322,TCGA-EW-A1PH-DX1_xmin3455_ymin52049_MPP-0.2500+221,1,1,0,0
323,TCGA-EW-A1PH-DX1_xmin3455_ymin52049_MPP-0.2500+222,1,1,0,0
324,TCGA-EW-A1PH-DX1_xmin3455_ymin52049_MPP-0.2500+223,1,1,0,0
325,TCGA-EW-A1PH-DX1_xmin3455_ymin52049_MPP-0.2500+224,1,1,0,0
326,TCGA-EW-A1PH-DX1_xmin3455_ymin52049_MPP-0.2500+225,1,1,0,0
327,TCGA-EW-A1PH-DX1_xmin3455_ymin52049_MPP-0.2500+226,1,1,0,0
328,TCGA-EW-A1PH-DX1_xmin3455_ymin52049_MPP-0.2500+227,1,1,0,0
329,TCGA-EW-A1PH-DX1_xmin3455_ymin52049_MPP-0.2500+228,1,1,0,0
330,TCGA-EW-A1PH-DX1_xmin3455_ymin52049_MPP-0.2500+229,1,1,0,0
331,TCGA-EW-A1PH-DX1_xmin3455_ymin52049_MPP-0.2500+23,0,1,1,0
332,TCGA-EW-A1PH-DX1_xmin3455_ymin52049_MPP-0.2500+24,0,1,1,0
333,TCGA-EW-A1PH-DX1_xmin3455_ymin52049_MPP-0.2500+25,0,1,1,0
334,TCGA-EW-A1PH-DX1_xmin3455_ymin52049_MPP-0.2500+26,0,1,0,0
335,TCGA-EW-A1PH-DX1_xmin3455_ymin52049_MPP-0.2500+27,0,1,0,0
336,TCGA-EW-A1PH-DX1_xmin3455_ymin52049_MPP-0.2500+28,0,1,0,0
337,TCGA-EW-A1PH-DX1_xmin3455_ymin52049_MPP-0.2500+29,0,1,1,0
338,TCGA-EW-A1PH-DX1_xmin3455_ymin52049_MPP-0.2500+3,0,1,0,0
339,TCGA-EW-A1PH-DX1_xmin3455_ymin52049_MPP-0.2500+30,0,1,0,0
340,TCGA-EW-A1PH-DX1_xmin3455_ymin52049_MPP-0.2500+31,0,1,0,0
341,TCGA-EW-A1PH-DX1_xmin3455_ymin52049_MPP-0.2500+32,0,1,1,0
342,TCGA-EW-A1PH-DX1_xmin3455_ymin52049_MPP-0.2500+33,0,1,1,0
343,TCGA-EW-A1PH-DX1_xmin3455_ymin52049_MPP-0.2500+34,0,1,1,0
344,TCGA-EW-A1PH-DX1_xmin3455_ymin52049_MPP-0.2500+35,0,1,1,0
345,TCGA-EW-A1PH-DX1_xmin3455_ymin52049_MPP-0.2500+36,0,1,1,0
346,TCGA-EW-A1PH-DX1_xmin3455_ymin52049_MPP-0.2500+37,0,1,0,0
347,TCGA-EW-A1PH-DX1_xmin3455_ymin52049_MPP-0.2500+38,0,1,0,0
348,TCGA-EW-A1PH-DX1_xmin3455_ymin52049_MPP-0.2500+39,0,1,0,0
349,TCGA-EW-A1PH-DX1_xmin3455_ymin52049_MPP-0.2500+4,0,1,0,0
350,TCGA-EW-A1PH-DX1_xmin3455_ymin52049_MPP-0.2500+40,0,1,0,0
351,TCGA-EW-A1PH-DX1_xmin3455_ymin52049_MPP-0.2500+41,0,1,0,0
352,TCGA-EW-A1PH-DX1_xmin3455_ymin52049_MPP-0.2500+42,0,1,0,0
353,TCGA-EW-A1PH-DX1_xmin3455_ymin52049_MPP-0.2500+43,0,1,0,0
354,TCGA-EW-A1PH-DX1_xmin3455_ymin52049_MPP-0.2500+44,0,1,0,0
355,TCGA-EW-A1PH-DX1_xmin3455_ymin52049_MPP-0.2500+45,0,1,1,0
356,TCGA-EW-A1PH-DX1_xmin3455_ymin52049_MPP-0.2500+46,0,0,1,0
357,TCGA-EW-A1PH-DX1_xmin3455_ymin52049_MPP-0.2500+47,0,1,1,0
358,TCGA-EW-A1PH-DX1_xmin3455_ymin52049_MPP-0.2500+48,0,1,1,0
359,TCGA-EW-A1PH-DX1_xmin3455_ymin52049_MPP-0.2500+49,0,1,1,0
360,TCGA-EW-A1PH-DX1_xmin3455_ymin52049_MPP-0.2500+5,0,1,0,0
361,TCGA-EW-A1PH-DX1_xmin3455_ymin52049_MPP-0.2500+50,0,1,0,0
362,TCGA-EW-A1PH-DX1_xmin3455_ymin52049_MPP-0.2500+51,0,1,0,0
363,TCGA-EW-A1PH-DX1_xmin3455_ymin52049_MPP-0.2500+52,0,1,0,0
364,TCGA-EW-A1PH-DX1_xmin3455_ymin52049_MPP-0.2500+53,0,1,0,0
365,TCGA-EW-A1PH-DX1_xmin3455_ymin52049_MPP-0.2500+54,0,1,0,0
366,TCGA-EW-A1PH-DX1_xmin3455_ymin52049_MPP-0.2500+55,0,1,0,0
367,TCGA-EW-A1PH-DX1_xmin3455_ymin52049_MPP-0.2500+56,0,1,0,0
368,TCGA-EW-A1PH-DX1_xmin3455_ymin52049_MPP-0.2500+57,0,1,0,0
369,TCGA-EW-A1PH-DX1_xmin3455_ymin52049_MPP-0.2500+58,0,1,1,0
370,TCGA-EW-A1PH-DX1_xmin3455_ymin52049_MPP-0.2500+59,0,1,1,0
371,TCGA-EW-A1PH-DX1_xmin3455_ymin52049_MPP-0.2500+6,0,1,0,0
372,TCGA-EW-A1PH-DX1_xmin3455_ymin52049_MPP-0.2500+60,0,0,1,0
373,TCGA-EW-A1PH-DX1_xmin3455_ymin52049_MPP-0.2500+61,0,1,1,0
374,TCGA-EW-A1PH-DX1_xmin3455_ymin52049_MPP-0.2500+62,0,1,1,0
375,TCGA-EW-A1PH-DX1_xmin3455_ymin52049_MPP-0.2500+63,1,1,0,0
376,TCGA-EW-A1PH-DX1_xmin3455_ymin52049_MPP-0.2500+64,1,1,0,0
377,TCGA-EW-A1PH-DX1_xmin3455_ymin52049_MPP-0.2500+65,1,1,0,0
378,TCGA-EW-A1PH-DX1_xmin3455_ymin52049_MPP-0.2500+66,0,1,0,0
379,TCGA-EW-A1PH-DX1_xmin3455_ymin52049_MPP-0.2500+67,0,1,1,0
380,TCGA-EW-A1PH-DX1_xmin3455_ymin52049_MPP-0.2500+68,0,1,0,0
381,TCGA-EW-A1PH-DX1_xmin3455_ymin52049_MPP-0.2500+69,0,1,0,0
382,TCGA-EW-A1PH-DX1_xmin3455_ymin52049_MPP-0.2500+7,0,1,0,0
383,TCGA-EW-A1PH-DX1_xmin3455_ymin52049_MPP-0.2500+70,0,1,0,0
384,TCGA-EW-A1PH-DX1_xmin3455_ymin52049_MPP-0.2500+71,0,1,1,0
385,TCGA-EW-A1PH-DX1_xmin3455_ymin52049_MPP-0.2500+72,0,1,1,0
386,TCGA-EW-A1PH-DX1_xmin3455_ymin52049_MPP-0.2500+73,0,0,1,0
387,TCGA-EW-A1PH-DX1_xmin3455_ymin52049_MPP-0.2500+74,0,1,1,0
388,TCGA-EW-A1PH-DX1_xmin3455_ymin52049_MPP-0.2500+75,0,1,1,0
389,TCGA-EW-A1PH-DX1_xmin3455_ymin52049_MPP-0.2500+76,1,0,0,0
390,TCGA-EW-A1PH-DX1_xmin3455_ymin52049_MPP-0.2500+77,1,0,0,0
391,TCGA-EW-A1PH-DX1_xmin3455_ymin52049_MPP-0.2500+78,1,0,0,0
392,TCGA-EW-A1PH-DX1_xmin3455_ymin52049_MPP-0.2500+79,1,1,0,0
393,TCGA-EW-A1PH-DX1_xmin3455_ymin52049_MPP-0.2500+8,0,1,0,0
394,TCGA-EW-A1PH-DX1_xmin3455_ymin52049_MPP-0.2500+80,0,1,0,0
395,TCGA-EW-A1PH-DX1_xmin3455_ymin52049_MPP-0.2500+81,0,1,0,0
396,TCGA-EW-A1PH-DX1_xmin3455_ymin52049_MPP-0.2500+82,0,1,0,0
397,TCGA-EW-A1PH-DX1_xmin3455_ymin52049_MPP-0.2500+83,0,1,1,0
398,TCGA-EW-A1PH-DX1_xmin3455_ymin52049_MPP-0.2500+84,0,1,1,0
399,TCGA-EW-A1PH-DX1_xmin3455_ymin52049_MPP-0.2500+85,1,1,0,0
400,TCGA-EW-A1PH-DX1_xmin3455_ymin52049_MPP-0.2500+86,1,1,1,0
401,TCGA-EW-A1PH-DX1_xmin3455_ymin52049_MPP-0.2500+87,0,1,1,0
402,TCGA-EW-A1PH-DX1_xmin3455_ymin52049_MPP-0.2500+88,0,1,1,0
403,TCGA-EW-A1PH-DX1_xmin3455_ymin52049_MPP-0.2500+89,1,1,0,0
404,TCGA-EW-A1PH-DX1_xmin3455_ymin52049_MPP-0.2500+9,0,1,0,0
405,TCGA-EW-A1PH-DX1_xmin3455_ymin52049_MPP-0.2500+90,1,1,0,0
406,TCGA-EW-A1PH-DX1_xmin3455_ymin52049_MPP-0.2500+91,1,0,0,0
407,TCGA-EW-A1PH-DX1_xmin3455_ymin52049_MPP-0.2500+92,1,0,0,0
408,TCGA-EW-A1PH-DX1_xmin3455_ymin52049_MPP-0.2500+93,1,1,0,0
409,TCGA-EW-A1PH-DX1_xmin3455_ymin52049_MPP-0.2500+94,1,1,0,0
410,TCGA-EW-A1PH-DX1_xmin3455_ymin52049_MPP-0.2500+95,1,1,0,0
411,TCGA-EW-A1PH-DX1_xmin3455_ymin52049_MPP-0.2500+96,1,1,0,0
412,TCGA-EW-A1PH-DX1_xmin3455_ymin52049_MPP-0.2500+97,1,1,0,0
413,TCGA-EW-A1PH-DX1_xmin3455_ymin52049_MPP-0.2500+98,0,1,0,0
414,TCGA-EW-A1PH-DX1_xmin3455_ymin52049_MPP-0.2500+99,1,1,0,0
415,TCGA-GM-A2DB-DX1_xmin50586_ymin43110_MPP-0.2500+0,0,0,0,1
416,TCGA-GM-A2DB-DX1_xmin50586_ymin43110_MPP-0.2500+1,0,0,0,1
417,TCGA-GM-A2DB-DX1_xmin50586_ymin43110_MPP-0.2500+10,0,1,0,0
418,TCGA-GM-A2DB-DX1_xmin50586_ymin43110_MPP-0.2500+100,1,0,0,0
419,TCGA-GM-A2DB-DX1_xmin50586_ymin43110_MPP-0.2500+101,1,0,0,0
420,TCGA-GM-A2DB-DX1_xmin50586_ymin43110_MPP-0.2500+102,1,0,0,0
421,TCGA-GM-A2DB-DX1_xmin50586_ymin43110_MPP-0.2500+103,1,0,0,0
422,TCGA-GM-A2DB-DX1_xmin50586_ymin43110_MPP-0.2500+104,1,0,0,0
423,TCGA-GM-A2DB-DX1_xmin50586_ymin43110_MPP-0.2500+105,1,0,0,0
424,TCGA-GM-A2DB-DX1_xmin50586_ymin43110_MPP-0.2500+106,1,0,0,0
425,TCGA-GM-A2DB-DX1_xmin50586_ymin43110_MPP-0.2500+107,1,0,0,0
426,TCGA-GM-A2DB-DX1_xmin50586_ymin43110_MPP-0.2500+108,1,0,0,0
427,TCGA-GM-A2DB-DX1_xmin50586_ymin43110_MPP-0.2500+109,1,1,0,0
428,TCGA-GM-A2DB-DX1_xmin50586_ymin43110_MPP-0.2500+11,1,1,0,0
429,TCGA-GM-A2DB-DX1_xmin50586_ymin43110_MPP-0.2500+110,0,1,0,0
430,TCGA-GM-A2DB-DX1_xmin50586_ymin43110_MPP-0.2500+111,0,1,0,0
431,TCGA-GM-A2DB-DX1_xmin50586_ymin43110_MPP-0.2500+112,1,0,0,0
432,TCGA-GM-A2DB-DX1_xmin50586_ymin43110_MPP-0.2500+113,1,0,0,0
433,TCGA-GM-A2DB-DX1_xmin50586_ymin43110_MPP-0.2500+114,1,0,0,0
434,TCGA-GM-A2DB-DX1_xmin50586_ymin43110_MPP-0.2500+115,0,1,0,0
435,TCGA-GM-A2DB-DX1_xmin50586_ymin43110_MPP-0.2500+116,0,0,0,1
436,TCGA-GM-A2DB-DX1_xmin50586_ymin43110_MPP-0.2500+117,0,0,0,1
437,TCGA-GM-A2DB-DX1_xmin50586_ymin43110_MPP-0.2500+118,0,0,0,1
438,TCGA-GM-A2DB-DX1_xmin50586_ymin43110_MPP-0.2500+119,1,0,0,1
439,TCGA-GM-A2DB-DX1_xmin50586_ymin43110_MPP-0.2500+12,1,0,0,0
440,TCGA-GM-A2DB-DX1_xmin50586_ymin43110_MPP-0.2500+120,1,0,0,0
441,TCGA-GM-A2DB-DX1_xmin50586_ymin43110_MPP-0.2500+121,1,0,0,0
442,TCGA-GM-A2DB-DX1_xmin50586_ymin43110_MPP-0.2500+122,1,0,0,0
443,TCGA-GM-A2DB-DX1_xmin50586_ymin43110_MPP-0.2500+123,1,0,0,0
444,TCGA-GM-A2DB-DX1_xmin50586_ymin43110_MPP-0.2500+124,1,0,0,0
445,TCGA-GM-A2DB-DX1_xmin50586_ymin43110_MPP-0.2500+125,1,0,0,0
446,TCGA-GM-A2DB-DX1_xmin50586_ymin43110_MPP-0.2500+126,0,0,0,1
447,TCGA-GM-A2DB-DX1_xmin50586_ymin43110_MPP-0.2500+127,1,0,0,1
448,TCGA-GM-A2DB-DX1_xmin50586_ymin43110_MPP-0.2500+128,1,0,0,0
449,TCGA-GM-A2DB-DX1_xmin50586_ymin43110_MPP-0.2500+129,1,0,0,0
450,TCGA-GM-A2DB-DX1_xmin50586_ymin43110_MPP-0.2500+13,1,1,0,1
451,TCGA-GM-A2DB-DX1_xmin50586_ymin43110_MPP-0.2500+130,0,1,0,0
452,TCGA-GM-A2DB-DX1_xmin50586_ymin43110_MPP-0.2500+131,0,1,0,0
453,TCGA-GM-A2DB-DX1_xmin50586_ymin43110_MPP-0.2500+132,1,0,0,0
454,TCGA-GM-A2DB-DX1_xmin50586_ymin43110_MPP-0.2500+133,1,0,0,0
455,TCGA-GM-A2DB-DX1_xmin50586_ymin43110_MPP-0.2500+134,1,0,0,0
456,TCGA-GM-A2DB-DX1_xmin50586_ymin43110_MPP-0.2500+135,1,0,0,0
457,TCGA-GM-A2DB-DX1_xmin50586_ymin43110_MPP-0.2500+136,0,0,0,1
458,TCGA-GM-A2DB-DX1_xmin50586_ymin43110_MPP-0.2500+137,0,0,0,1
459,TCGA-GM-A2DB-DX1_xmin50586_ymin43110_MPP-0.2500+138,0,0,0,1
460,TCGA-GM-A2DB-DX1_xmin50586_ymin43110_MPP-0.2500+139,0,0,0,1
461,TCGA-GM-A2DB-DX1_xmin50586_ymin43110_MPP-0.2500+14,0,1,0,1
462,TCGA-GM-A2DB-DX1_xmin50586_ymin43110_MPP-0.2500+140,1,0,0,1
463,TCGA-GM-A2DB-DX1_xmin50586_ymin43110_MPP-0.2500+141,1,0,0,0
464,TCGA-GM-A2DB-DX1_xmin50586_ymin43110_MPP-0.2500+142,1,0,0,0
465,TCGA-GM-A2DB-DX1_xmin50586_ymin43110_MPP-0.2500+143,1,0,0,0
466,TCGA-GM-A2DB-DX1_xmin50586_ymin43110_MPP-0.2500+144,1,0,0,0
467,TCGA-GM-A2DB-DX1_xmin50586_ymin43110_MPP-0.2500+145,1,1,0,0
468,TCGA-GM-A2DB-DX1_xmin50586_ymin43110_MPP-0.2500+146,0,0,0,1
469,TCGA-GM-A2DB-DX1_xmin50586_ymin43110_MPP-0.2500+147,0,0,0,1
470,TCGA-GM-A2DB-DX1_xmin50586_ymin43110_MPP-0.2500+148,1,0,0,1
471,TCGA-GM-A2DB-DX1_xmin50586_ymin43110_MPP-0.2500+149,1,0,0,0
472,TCGA-GM-A2DB-DX1_xmin50586_ymin43110_MPP-0.2500+15,0,0,0,1
473,TCGA-GM-A2DB-DX1_xmin50586_ymin43110_MPP-0.2500+150,1,0,0,0
474,TCGA-GM-A2DB-DX1_xmin50586_ymin43110_MPP-0.2500+151,0,1,0,0
475,TCGA-GM-A2DB-DX1_xmin50586_ymin43110_MPP-0.2500+152,1,1,0,0
476,TCGA-GM-A2DB-DX1_xmin50586_ymin43110_MPP-0.2500+153,1,0,0,0
477,TCGA-GM-A2DB-DX1_xmin50586_ymin43110_MPP-0.2500+154,1,0,0,0
478,TCGA-GM-A2DB-DX1_xmin50586_ymin43110_MPP-0.2500+155,1,0,0,0
479,TCGA-GM-A2DB-DX1_xmin50586_ymin43110_MPP-0.2500+156,1,0,0,1
480,TCGA-GM-A2DB-DX1_xmin50586_ymin43110_MPP-0.2500+157,0,0,0,1
481,TCGA-GM-A2DB-DX1_xmin50586_ymin43110_MPP-0.2500+158,0,0,0,1
482,TCGA-GM-A2DB-DX1_xmin50586_ymin43110_MPP-0.2500+159,1,0,0,1
483,TCGA-GM-A2DB-DX1_xmin50586_ymin43110_MPP-0.2500+16,0,0,0,1
484,TCGA-GM-A2DB-DX1_xmin50586_ymin43110_MPP-0.2500+160,1,0,0,1
485,TCGA-GM-A2DB-DX1_xmin50586_ymin43110_MPP-0.2500+161,1,0,0,0
486,TCGA-GM-A2DB-DX1_xmin50586_ymin43110_MPP-0.2500+162,1,0,0,0
487,TCGA-GM-A2DB-DX1_xmin50586_ymin43110_MPP-0.2500+163,1,0,0,0
488,TCGA-GM-A2DB-DX1_xmin50586_ymin43110_MPP-0.2500+164,0,1,0,0
489,TCGA-GM-A2DB-DX1_xmin50586_ymin43110_MPP-0.2500+165,0,1,0,0
490,TCGA-GM-A2DB-DX1_xmin50586_ymin43110_MPP-0.2500+166,0,1,0,0
491,TCGA-GM-A2DB-DX1_xmin50586_ymin43110_MPP-0.2500+167,0,0,0,1
492,TCGA-GM-A2DB-DX1_xmin50586_ymin43110_MPP-0.2500+168,0,0,0,1
493,TCGA-GM-A2DB-DX1_xmin50586_ymin43110_MPP-0.2500+169,1,0,0,0
494,TCGA-GM-A2DB-DX1_xmin50586_ymin43110_MPP-0.2500+17,1,0,0,1
495,TCGA-GM-A2DB-DX1_xmin50586_ymin43110_MPP-0.2500+170,1,0,0,0
496,TCGA-GM-A2DB-DX1_xmin50586_ymin43110_MPP-0.2500+171,0,1,0,0
497,TCGA-GM-A2DB-DX1_xmin50586_ymin43110_MPP-0.2500+172,1,1,0,0
498,TCGA-GM-A2DB-DX1_xmin50586_ymin43110_MPP-0.2500+173,1,0,0,0
499,TCGA-GM-A2DB-DX1_xmin50586_ymin43110_MPP-0.2500+174,1,0,0,0
500,TCGA-GM-A2DB-DX1_xmin50586_ymin43110_MPP-0.2500+175,1,0,0,0
501,TCGA-GM-A2DB-DX1_xmin50586_ymin43110_MPP-0.2500+176,1,0,0,0
502,TCGA-GM-A2DB-DX1_xmin50586_ymin43110_MPP-0.2500+177,1,0,0,1
503,TCGA-GM-A2DB-DX1_xmin50586_ymin43110_MPP-0.2500+178,0,0,0,1
504,TCGA-GM-A2DB-DX1_xmin50586_ymin43110_MPP-0.2500+179,0,0,0,1
505,TCGA-GM-A2DB-DX1_xmin50586_ymin43110_MPP-0.2500+18,0,1,0,0
506,TCGA-GM-A2DB-DX1_xmin50586_ymin43110_MPP-0.2500+180,1,0,0,1
507,TCGA-GM-A2DB-DX1_xmin50586_ymin43110_MPP-0.2500+181,1,0,0,0
508,TCGA-GM-A2DB-DX1_xmin50586_ymin43110_MPP-0.2500+182,1,0,0,0
509,TCGA-GM-A2DB-DX1_xmin50586_ymin43110_MPP-0.2500+183,1,0,0,0
510,TCGA-GM-A2DB-DX1_xmin50586_ymin43110_MPP-0.2500+184,1,1,0,0
511,TCGA-GM-A2DB-DX1_xmin50586_ymin43110_MPP-0.2500+185,1,0,0,0
512,TCGA-GM-A2DB-DX1_xmin50586_ymin43110_MPP-0.2500+186,0,1,0,0
513,TCGA-GM-A2DB-DX1_xmin50586_ymin43110_MPP-0.2500+187,0,0,0,1
514,TCGA-GM-A2DB-DX1_xmin50586_ymin43110_MPP-0.2500+188,0,0,0,1
515,TCGA-GM-A2DB-DX1_xmin50586_ymin43110_MPP-0.2500+189,1,0,0,1
516,TCGA-GM-A2DB-DX1_xmin50586_ymin43110_MPP-0.2500+19,0,1,0,0
517,TCGA-GM-A2DB-DX1_xmin50586_ymin43110_MPP-0.2500+190,1,0,0,0
518,TCGA-GM-A2DB-DX1_xmin50586_ymin43110_MPP-0.2500+191,1,0,0,0
519,TCGA-GM-A2DB-DX1_xmin50586_ymin43110_MPP-0.2500+192,1,1,0,0
520,TCGA-GM-A2DB-DX1_xmin50586_ymin43110_MPP-0.2500+193,1,0,0,0
521,TCGA-GM-A2DB-DX1_xmin50586_ymin43110_MPP-0.2500+194,1,0,0,0
522,TCGA-GM-A2DB-DX1_xmin50586_ymin43110_MPP-0.2500+195,1,0,0,0
523,TCGA-GM-A2DB-DX1_xmin50586_ymin43110_MPP-0.2500+196,1,0,0,0
524,TCGA-GM-A2DB-DX1_xmin50586_ymin43110_MPP-0.2500+197,1,0,0,0
525,TCGA-GM-A2DB-DX1_xmin50586_ymin43110_MPP-0.2500+198,1,0,0,1
526,TCGA-GM-A2DB-DX1_xmin50586_ymin43110_MPP-0.2500+199,0,0,0,1
527,TCGA-GM-A2DB-DX1_xmin50586_ymin43110_MPP-0.2500+2,0,0,0,1
528,TCGA-GM-A2DB-DX1_xmin50586_ymin43110_MPP-0.2500+20,0,1,0,0
529,TCGA-GM-A2DB-DX1_xmin50586_ymin43110_MPP-0.2500+200,0,0,0,1
530,TCGA-GM-A2DB-DX1_xmin50586_ymin43110_MPP-0.2500+201,1,0,0,0
531,TCGA-GM-A2DB-DX1_xmin50586_ymin43110_MPP-0.2500+202,1,0,0,0
532,TCGA-GM-A2DB-DX1_xmin50586_ymin43110_MPP-0.2500+203,1,0,0,0
533,TCGA-GM-A2DB-DX1_xmin50586_ymin43110_MPP-0.2500+204,1,0,0,0
534,TCGA-GM-A2DB-DX1_xmin50586_ymin43110_MPP-0.2500+205,1,0,0,0
535,TCGA-GM-A2DB-DX1_xmin50586_ymin43110_MPP-0.2500+206,0,1,0,0
536,TCGA-GM-A2DB-DX1_xmin50586_ymin43110_MPP-0.2500+207,0,0,0,1
537,TCGA-GM-A2DB-DX1_xmin50586_ymin43110_MPP-0.2500+208,0,0,0,1
538,TCGA-GM-A2DB-DX1_xmin50586_ymin43110_MPP-0.2500+209,1,0,0,1
539,TCGA-GM-A2DB-DX1_xmin50586_ymin43110_MPP-0.2500+21,0,1,0,0
540,TCGA-GM-A2DB-DX1_xmin50586_ymin43110_MPP-0.2500+210,1,0,0,0
541,TCGA-GM-A2DB-DX1_xmin50586_ymin43110_MPP-0.2500+211,1,0,0,0
542,TCGA-GM-A2DB-DX1_xmin50586_ymin43110_MPP-0.2500+212,1,1,0,0
543,TCGA-GM-A2DB-DX1_xmin50586_ymin43110_MPP-0.2500+213,1,0,0,0
544,TCGA-GM-A2DB-DX1_xmin50586_ymin43110_MPP-0.2500+214,1,0,0,0
545,TCGA-GM-A2DB-DX1_xmin50586_ymin43110_MPP-0.2500+215,1,0,0,0
546,TCGA-GM-A2DB-DX1_xmin50586_ymin43110_MPP-0.2500+216,1,0,0,0
547,TCGA-GM-A2DB-DX1_xmin50586_ymin43110_MPP-0.2500+217,1,0,0,0
548,TCGA-GM-A2DB-DX1_xmin50586_ymin43110_MPP-0.2500+218,1,0,0,0
549,TCGA-GM-A2DB-DX1_xmin50586_ymin43110_MPP-0.2500+219,1,0,0,0
550,TCGA-GM-A2DB-DX1_xmin50586_ymin43110_MPP-0.2500+22,0,1,0,0
551,TCGA-GM-A2DB-DX1_xmin50586_ymin43110_MPP-0.2500+220,1,0,0,0
552,TCGA-GM-A2DB-DX1_xmin50586_ymin43110_MPP-0.2500+221,1,0,0,0
553,TCGA-GM-A2DB-DX1_xmin50586_ymin43110_MPP-0.2500+222,1,0,0,0
554,TCGA-GM-A2DB-DX1_xmin50586_ymin43110_MPP-0.2500+223,1,0,0,0
555,TCGA-GM-A2DB-DX1_xmin50586_ymin43110_MPP-0.2500+224,1,0,0,0
556,TCGA-GM-A2DB-DX1_xmin50586_ymin43110_MPP-0.2500+225,1,0,0,0
557,TCGA-GM-A2DB-DX1_xmin50586_ymin43110_MPP-0.2500+226,0,1,1,0
558,TCGA-GM-A2DB-DX1_xmin50586_ymin43110_MPP-0.2500+227,0,1,1,0
559,TCGA-GM-A2DB-DX1_xmin50586_ymin43110_MPP-0.2500+228,0,0,0,1
560,TCGA-GM-A2DB-DX1_xmin50586_ymin43110_MPP-0.2500+229,0,0,0,1
561,TCGA-GM-A2DB-DX1_xmin50586_ymin43110_MPP-0.2500+23,1,1,0,0
562,TCGA-GM-A2DB-DX1_xmin50586_ymin43110_MPP-0.2500+230,1,0,0,1
563,TCGA-GM-A2DB-DX1_xmin50586_ymin43110_MPP-0.2500+231,1,0,0,0
564,TCGA-GM-A2DB-DX1_xmin50586_ymin43110_MPP-0.2500+232,1,0,0,0
565,TCGA-GM-A2DB-DX1_xmin50586_ymin43110_MPP-0.2500+233,1,1,0,0
566,TCGA-GM-A2DB-DX1_xmin50586_ymin43110_MPP-0.2500+234,1,0,0,0
567,TCGA-GM-A2DB-DX1_xmin50586_ymin43110_MPP-0.2500+235,1,0,0,0
568,TCGA-GM-A2DB-DX1_xmin50586_ymin43110_MPP-0.2500+236,1,0,0,1
569,TCGA-GM-A2DB-DX1_xmin50586_ymin43110_MPP-0.2500+237,1,0,0,1
570,TCGA-GM-A2DB-DX1_xmin50586_ymin43110_MPP-0.2500+238,1,0,0,0
571,TCGA-GM-A2DB-DX1_xmin50586_ymin43110_MPP-0.2500+239,1,0,0,0
572,TCGA-GM-A2DB-DX1_xmin50586_ymin43110_MPP-0.2500+24,1,1,0,0
573,TCGA-GM-A2DB-DX1_xmin50586_ymin43110_MPP-0.2500+240,1,0,0,0
574,TCGA-GM-A2DB-DX1_xmin50586_ymin43110_MPP-0.2500+241,1,0,0,0
575,TCGA-GM-A2DB-DX1_xmin50586_ymin43110_MPP-0.2500+242,1,1,0,0
576,TCGA-GM-A2DB-DX1_xmin50586_ymin43110_MPP-0.2500+243,0,0,1,0
577,TCGA-GM-A2DB-DX1_xmin50586_ymin43110_MPP-0.2500+244,0,0,1,0
578,TCGA-GM-A2DB-DX1_xmin50586_ymin43110_MPP-0.2500+245,0,1,1,0
579,TCGA-GM-A2DB-DX1_xmin50586_ymin43110_MPP-0.2500+246,0,1,1,0
580,TCGA-GM-A2DB-DX1_xmin50586_ymin43110_MPP-0.2500+247,0,1,1,0
581,TCGA-GM-A2DB-DX1_xmin50586_ymin43110_MPP-0.2500+248,0,0,0,1
582,TCGA-GM-A2DB-DX1_xmin50586_ymin43110_MPP-0.2500+249,0,0,0,1
583,TCGA-GM-A2DB-DX1_xmin50586_ymin43110_MPP-0.2500+25,1,1,0,0
584,TCGA-GM-A2DB-DX1_xmin50586_ymin43110_MPP-0.2500+250,0,0,0,1
585,TCGA-GM-A2DB-DX1_xmin50586_ymin43110_MPP-0.2500+251,1,0,0,1
586,TCGA-GM-A2DB-DX1_xmin50586_ymin43110_MPP-0.2500+252,1,0,0,0
587,TCGA-GM-A2DB-DX1_xmin50586_ymin43110_MPP-0.2500+253,1,0,0,0
588,TCGA-GM-A2DB-DX1_xmin50586_ymin43110_MPP-0.2500+254,1,1,0,0
589,TCGA-GM-A2DB-DX1_xmin50586_ymin43110_MPP-0.2500+255,1,0,0,0
590,TCGA-GM-A2DB-DX1_xmin50586_ymin43110_MPP-0.2500+256,1,0,0,1
591,TCGA-GM-A2DB-DX1_xmin50586_ymin43110_MPP-0.2500+257,0,0,0,1
592,TCGA-GM-A2DB-DX1_xmin50586_ymin43110_MPP-0.2500+258,1,0,0,1
593,TCGA-GM-A2DB-DX1_xmin50586_ymin43110_MPP-0.2500+259,1,0,0,0
594,TCGA-GM-A2DB-DX1_xmin50586_ymin43110_MPP-0.2500+26,1,0,0,0
595,TCGA-GM-A2DB-DX1_xmin50586_ymin43110_MPP-0.2500+260,1,0,0,0
596,TCGA-GM-A2DB-DX1_xmin50586_ymin43110_MPP-0.2500+261,1,0,0,0
597,TCGA-GM-A2DB-DX1_xmin50586_ymin43110_MPP-0.2500+262,1,0,0,0
598,TCGA-GM-A2DB-DX1_xmin50586_ymin43110_MPP-0.2500+263,0,1,1,0
599,TCGA-GM-A2DB-DX1_xmin50586_ymin43110_MPP-0.2500+264,0,1,1,0
600,TCGA-GM-A2DB-DX1_xmin50586_ymin43110_MPP-0.2500+265,0,1,1,0
601,TCGA-GM-A2DB-DX1_xmin50586_ymin43110_MPP-0.2500+266,0,1,1,0
602,TCGA-GM-A2DB-DX1_xmin50586_ymin43110_MPP-0.2500+267,0,1,1,0
603,TCGA-GM-A2DB-DX1_xmin50586_ymin43110_MPP-0.2500+268,0,0,0,1
604,TCGA-GM-A2DB-DX1_xmin50586_ymin43110_MPP-0.2500+269,0,0,0,1
605,TCGA-GM-A2DB-DX1_xmin50586_ymin43110_MPP-0.2500+27,1,0,0,1
606,TCGA-GM-A2DB-DX1_xmin50586_ymin43110_MPP-0.2500+270,1,1,0,1
607,TCGA-GM-A2DB-DX1_xmin50586_ymin43110_MPP-0.2500+271,0,0,0,1
608,TCGA-GM-A2DB-DX1_xmin50586_ymin43110_MPP-0.2500+272,1,0,0,1
609,TCGA-GM-A2DB-DX1_xmin50586_ymin43110_MPP-0.2500+273,1,0,0,0
610,TCGA-GM-A2DB-DX1_xmin50586_ymin43110_MPP-0.2500+274,1,0,0,0
611,TCGA-GM-A2DB-DX1_xmin50586_ymin43110_MPP-0.2500+275,1,0,0,0
612,TCGA-GM-A2DB-DX1_xmin50586_ymin43110_MPP-0.2500+276,1,0,0,0
613,TCGA-GM-A2DB-DX1_xmin50586_ymin43110_MPP-0.2500+277,0,0,0,1
614,TCGA-GM-A2DB-DX1_xmin50586_ymin43110_MPP-0.2500+278,0,0,0,1
615,TCGA-GM-A2DB-DX1_xmin50586_ymin43110_MPP-0.2500+279,1,0,0,0
616,TCGA-GM-A2DB-DX1_xmin50586_ymin43110_MPP-0.2500+28,1,1,0,1
617,TCGA-GM-A2DB-DX1_xmin50586_ymin43110_MPP-0.2500+280,1,0,0,0
618,TCGA-GM-A2DB-DX1_xmin50586_ymin43110_MPP-0.2500+281,1,0,0,0
619,TCGA-GM-A2DB-DX1_xmin50586_ymin43110_MPP-0.2500+282,1,0,0,0
620,TCGA-GM-A2DB-DX1_xmin50586_ymin43110_MPP-0.2500+283,0,1,0,0
621,TCGA-GM-A2DB-DX1_xmin50586_ymin43110_MPP-0.2500+284,0,1,1,0
622,TCGA-GM-A2DB-DX1_xmin50586_ymin43110_MPP-0.2500+285,0,1,1,0
623,TCGA-GM-A2DB-DX1_xmin50586_ymin43110_MPP-0.2500+286,0,1,1,0
624,TCGA-GM-A2DB-DX1_xmin50586_ymin43110_MPP-0.2500+287,0,1,1,0
625,TCGA-GM-A2DB-DX1_xmin50586_ymin43110_MPP-0.2500+288,0,1,1,0
626,TCGA-GM-A2DB-DX1_xmin50586_ymin43110_MPP-0.2500+289,0,0,0,1
627,TCGA-GM-A2DB-DX1_xmin50586_ymin43110_MPP-0.2500+29,1,0,0,1
628,TCGA-GM-A2DB-DX1_xmin50586_ymin43110_MPP-0.2500+290,0,0,0,1
629,TCGA-GM-A2DB-DX1_xmin50586_ymin43110_MPP-0.2500+291,0,0,0,1
630,TCGA-GM-A2DB-DX1_xmin50586_ymin43110_MPP-0.2500+292,0,0,0,1
631,TCGA-GM-A2DB-DX1_xmin50586_ymin43110_MPP-0.2500+293,1,0,0,0
632,TCGA-GM-A2DB-DX1_xmin50586_ymin43110_MPP-0.2500+294,1,0,0,0
633,TCGA-GM-A2DB-DX1_xmin50586_ymin43110_MPP-0.2500+295,1,0,0,0
634,TCGA-GM-A2DB-DX1_xmin50586_ymin43110_MPP-0.2500+296,1,0,0,0
635,TCGA-GM-A2DB-DX1_xmin50586_ymin43110_MPP-0.2500+297,1,0,0,1
636,TCGA-GM-A2DB-DX1_xmin50586_ymin43110_MPP-0.2500+298,1,0,0,1
637,TCGA-GM-A2DB-DX1_xmin50586_ymin43110_MPP-0.2500+299,1,0,0,0
638,TCGA-GM-A2DB-DX1_xmin50586_ymin43110_MPP-0.2500+3,1,0,0,1
639,TCGA-GM-A2DB-DX1_xmin50586_ymin43110_MPP-0.2500+30,0,1,0,0
640,TCGA-GM-A2DB-DX1_xmin50586_ymin43110_MPP-0.2500+300,1,0,0,0
641,TCGA-GM-A2DB-DX1_xmin50586_ymin43110_MPP-0.2500+301,1,0,0,0
642,TCGA-GM-A2DB-DX1_xmin50586_ymin43110_MPP-0.2500+302,1,1,0,0
643,TCGA-GM-A2DB-DX1_xmin50586_ymin43110_MPP-0.2500+303,0,1,1,0
644,TCGA-GM-A2DB-DX1_xmin50586_ymin43110_MPP-0.2500+304,0,1,1,0
645,TCGA-GM-A2DB-DX1_xmin50586_ymin43110_MPP-0.2500+305,0,1,1,0
646,TCGA-GM-A2DB-DX1_xmin50586_ymin43110_MPP-0.2500+306,0,1,1,0
647,TCGA-GM-A2DB-DX1_xmin50586_ymin43110_MPP-0.2500+307,0,1,0,0
648,TCGA-GM-A2DB-DX1_xmin50586_ymin43110_MPP-0.2500+308,0,1,1,0
649,TCGA-GM-A2DB-DX1_xmin50586_ymin43110_MPP-0.2500+309,1,0,0,1
650,TCGA-GM-A2DB-DX1_xmin50586_ymin43110_MPP-0.2500+31,0,1,0,0
651,TCGA-GM-A2DB-DX1_xmin50586_ymin43110_MPP-0.2500+310,0,0,0,1
652,TCGA-GM-A2DB-DX1_xmin50586_ymin43110_MPP-0.2500+311,0,0,0,1
653,TCGA-GM-A2DB-DX1_xmin50586_ymin43110_MPP-0.2500+312,0,0,0,1
654,TCGA-GM-A2DB-DX1_xmin50586_ymin43110_MPP-0.2500+313,1,0,0,1
655,TCGA-GM-A2DB-DX1_xmin50586_ymin43110_MPP-0.2500+314,1,0,0,0
656,TCGA-GM-A2DB-DX1_xmin50586_ymin43110_MPP-0.2500+315,1,0,0,0
657,TCGA-GM-A2DB-DX1_xmin50586_ymin43110_MPP-0.2500+316,1,0,0,0
658,TCGA-GM-A2DB-DX1_xmin50586_ymin43110_MPP-0.2500+317,1,0,0,1
659,TCGA-GM-A2DB-DX1_xmin50586_ymin43110_MPP-0.2500+318,1,0,0,1
660,TCGA-GM-A2DB-DX1_xmin50586_ymin43110_MPP-0.2500+319,1,0,0,0
661,TCGA-GM-A2DB-DX1_xmin50586_ymin43110_MPP-0.2500+32,0,1,1,0
662,TCGA-GM-A2DB-DX1_xmin50586_ymin43110_MPP-0.2500+320,0,1,0,0
663,TCGA-GM-A2DB-DX1_xmin50586_ymin43110_MPP-0.2500+321,0,0,1,0
664,TCGA-GM-A2DB-DX1_xmin50586_ymin43110_MPP-0.2500+322,0,1,1,0
665,TCGA-GM-A2DB-DX1_xmin50586_ymin43110_MPP-0.2500+323,0,1,1,0
666,TCGA-GM-A2DB-DX1_xmin50586_ymin43110_MPP-0.2500+324,0,1,1,0
667,TCGA-GM-A2DB-DX1_xmin50586_ymin43110_MPP-0.2500+325,0,1,1,0
668,TCGA-GM-A2DB-DX1_xmin50586_ymin43110_MPP-0.2500+326,0,1,1,0
669,TCGA-GM-A2DB-DX1_xmin50586_ymin43110_MPP-0.2500+327,0,1,1,0
670,TCGA-GM-A2DB-DX1_xmin50586_ymin43110_MPP-0.2500+328,0,1,0,0
671,TCGA-GM-A2DB-DX1_xmin50586_ymin43110_MPP-0.2500+329,1,0,0,0
672,TCGA-GM-A2DB-DX1_xmin50586_ymin43110_MPP-0.2500+33,0,1,0,0
673,TCGA-GM-A2DB-DX1_xmin50586_ymin43110_MPP-0.2500+330,1,0,0,1
674,TCGA-GM-A2DB-DX1_xmin50586_ymin43110_MPP-0.2500+331,0,0,0,1
675,TCGA-GM-A2DB-DX1_xmin50586_ymin43110_MPP-0.2500+332,0,0,0,1
676,TCGA-GM-A2DB-DX1_xmin50586_ymin43110_MPP-0.2500+333,1,0,0,1
677,TCGA-GM-A2DB-DX1_xmin50586_ymin43110_MPP-0.2500+334,1,0,0,0
678,TCGA-GM-A2DB-DX1_xmin50586_ymin43110_MPP-0.2500+335,1,0,0,0
679,TCGA-GM-A2DB-DX1_xmin50586_ymin43110_MPP-0.2500+336,1,1,0,0
680,TCGA-GM-A2DB-DX1_xmin50586_ymin43110_MPP-0.2500+337,0,1,0,0
681,TCGA-GM-A2DB-DX1_xmin50586_ymin43110_MPP-0.2500+338,0,1,0,0
682,TCGA-GM-A2DB-DX1_xmin50586_ymin43110_MPP-0.2500+339,0,1,1,0
683,TCGA-GM-A2DB-DX1_xmin50586_ymin43110_MPP-0.2500+34,1,1,0,0
684,TCGA-GM-A2DB-DX1_xmin50586_ymin43110_MPP-0.2500+340,0,1,1,0
685,TCGA-GM-A2DB-DX1_xmin50586_ymin43110_MPP-0.2500+341,0,0,1,0
686,TCGA-GM-A2DB-DX1_xmin50586_ymin43110_MPP-0.2500+342,0,0,1,0
687,TCGA-GM-A2DB-DX1_xmin50586_ymin43110_MPP-0.2500+343,0,1,1,0
688,TCGA-GM-A2DB-DX1_xmin50586_ymin43110_MPP-0.2500+344,0,0,1,0
689,TCGA-GM-A2DB-DX1_xmin50586_ymin43110_MPP-0.2500+345,0,1,1,0
690,TCGA-GM-A2DB-DX1_xmin50586_ymin43110_MPP-0.2500+346,0,1,1,0
691,TCGA-GM-A2DB-DX1_xmin50586_ymin43110_MPP-0.2500+347,0,1,1,0
692,TCGA-GM-A2DB-DX1_xmin50586_ymin43110_MPP-0.2500+348,0,1,1,0
693,TCGA-GM-A2DB-DX1_xmin50586_ymin43110_MPP-0.2500+349,0,1,0,0
694,TCGA-GM-A2DB-DX1_xmin50586_ymin43110_MPP-0.2500+35,1,1,0,0
695,TCGA-GM-A2DB-DX1_xmin50586_ymin43110_MPP-0.2500+350,1,0,0,0
696,TCGA-GM-A2DB-DX1_xmin50586_ymin43110_MPP-0.2500+351,1,0,0,0
697,TCGA-GM-A2DB-DX1_xmin50586_ymin43110_MPP-0.2500+352,1,0,0,0
698,TCGA-GM-A2DB-DX1_xmin50586_ymin43110_MPP-0.2500+353,1,0,0,0
699,TCGA-GM-A2DB-DX1_xmin50586_ymin43110_MPP-0.2500+354,1,0,0,0
700,TCGA-GM-A2DB-DX1_xmin50586_ymin43110_MPP-0.2500+355,1,1,0,0
701,TCGA-GM-A2DB-DX1_xmin50586_ymin43110_MPP-0.2500+356,0,1,0,0
702,TCGA-GM-A2DB-DX1_xmin50586_ymin43110_MPP-0.2500+357,0,1,1,0
703,TCGA-GM-A2DB-DX1_xmin50586_ymin43110_MPP-0.2500+358,0,1,1,0
704,TCGA-GM-A2DB-DX1_xmin50586_ymin43110_MPP-0.2500+359,0,1,1,0
705,TCGA-GM-A2DB-DX1_xmin50586_ymin43110_MPP-0.2500+36,1,1,0,0
706,TCGA-GM-A2DB-DX1_xmin50586_ymin43110_MPP-0.2500+360,0,0,1,0
707,TCGA-GM-A2DB-DX1_xmin50586_ymin43110_MPP-0.2500+361,0,0,1,0
708,TCGA-GM-A2DB-DX1_xmin50586_ymin43110_MPP-0.2500+362,0,0,1,0
709,TCGA-GM-A2DB-DX1_xmin50586_ymin43110_MPP-0.2500+363,0,0,1,0
710,TCGA-GM-A2DB-DX1_xmin50586_ymin43110_MPP-0.2500+364,0,0,1,0
711,TCGA-GM-A2DB-DX1_xmin50586_ymin43110_MPP-0.2500+365,0,1,1,0
712,TCGA-GM-A2DB-DX1_xmin50586_ymin43110_MPP-0.2500+366,0,1,1,0
713,TCGA-GM-A2DB-DX1_xmin50586_ymin43110_MPP-0.2500+367,0,1,1,0
714,TCGA-GM-A2DB-DX1_xmin50586_ymin43110_MPP-0.2500+368,0,1,1,0
715,TCGA-GM-A2DB-DX1_xmin50586_ymin43110_MPP-0.2500+369,0,1,1,0
716,TCGA-GM-A2DB-DX1_xmin50586_ymin43110_MPP-0.2500+37,1,1,0,0
717,TCGA-GM-A2DB-DX1_xmin50586_ymin43110_MPP-0.2500+370,1,0,0,0
718,TCGA-GM-A2DB-DX1_xmin50586_ymin43110_MPP-0.2500+371,1,0,0,0
719,TCGA-GM-A2DB-DX1_xmin50586_ymin43110_MPP-0.2500+372,1,0,0,0
720,TCGA-GM-A2DB-DX1_xmin50586_ymin43110_MPP-0.2500+373,1,1,0,0
721,TCGA-GM-A2DB-DX1_xmin50586_ymin43110_MPP-0.2500+374,1,1,0,0
722,TCGA-GM-A2DB-DX1_xmin50586_ymin43110_MPP-0.2500+375,0,1,0,0
723,TCGA-GM-A2DB-DX1_xmin50586_ymin43110_MPP-0.2500+376,0,1,1,0
724,TCGA-GM-A2DB-DX1_xmin50586_ymin43110_MPP-0.2500+377,0,1,1,0
725,TCGA-GM-A2DB-DX1_xmin50586_ymin43110_MPP-0.2500+378,0,1,1,0
726,TCGA-GM-A2DB-DX1_xmin50586_ymin43110_MPP-0.2500+379,0,1,1,0
727,TCGA-GM-A2DB-DX1_xmin50586_ymin43110_MPP-0.2500+38,1,0,0,0
728,TCGA-GM-A2DB-DX1_xmin50586_ymin43110_MPP-0.2500+380,0,0,1,0
729,TCGA-GM-A2DB-DX1_xmin50586_ymin43110_MPP-0.2500+381,0,0,1,0
730,TCGA-GM-A2DB-DX1_xmin50586_ymin43110_MPP-0.2500+382,0,0,1,0
731,TCGA-GM-A2DB-DX1_xmin50586_ymin43110_MPP-0.2500+383,0,0,1,0
732,TCGA-GM-A2DB-DX1_xmin50586_ymin43110_MPP-0.2500+384,0,1,1,0
733,TCGA-GM-A2DB-DX1_xmin50586_ymin43110_MPP-0.2500+385,0,1,1,0
734,TCGA-GM-A2DB-DX1_xmin50586_ymin43110_MPP-0.2500+386,0,1,1,0
735,TCGA-GM-A2DB-DX1_xmin50586_ymin43110_MPP-0.2500+387,0,1,1,0
736,TCGA-GM-A2DB-DX1_xmin50586_ymin43110_MPP-0.2500+388,0,1,1,0
737,TCGA-GM-A2DB-DX1_xmin50586_ymin43110_MPP-0.2500+389,0,1,1,0
738,TCGA-GM-A2DB-DX1_xmin50586_ymin43110_MPP-0.2500+39,0,1,0,0
739,TCGA-GM-A2DB-DX1_xmin50586_ymin43110_MPP-0.2500+390,1,1,0,0
740,TCGA-GM-A2DB-DX1_xmin50586_ymin43110_MPP-0.2500+391,1,1,0,0
741,TCGA-GM-A2DB-DX1_xmin50586_ymin43110_MPP-0.2500+392,1,1,0,0
742,TCGA-GM-A2DB-DX1_xmin50586_ymin43110_MPP-0.2500+393,0,1,0,0
743,TCGA-GM-A2DB-DX1_xmin50586_ymin43110_MPP-0.2500+394,0,1,0,0
744,TCGA-GM-A2DB-DX1_xmin50586_ymin43110_MPP-0.2500+395,0,1,1,0
745,TCGA-GM-A2DB-DX1_xmin50586_ymin43110_MPP-0.2500+396,0,1,1,0
746,TCGA-GM-A2DB-DX1_xmin50586_ymin43110_MPP-0.2500+397,0,1,1,0
747,TCGA-GM-A2DB-DX1_xmin50586_ymin43110_MPP-0.2500+398,0,1,1,0
748,TCGA-GM-A2DB-DX1_xmin50586_ymin43110_MPP-0.2500+399,0,0,1,0
749,TCGA-GM-A2DB-DX1_xmin50586_ymin43110_MPP-0.2500+4,0,0,0,1
750,TCGA-GM-A2DB-DX1_xmin50586_ymin43110_MPP-0.2500+40,1,1,0,0
751,TCGA-GM-A2DB-DX1_xmin50586_ymin43110_MPP-0.2500+400,0,0,1,0
752,TCGA-GM-A2DB-DX1_xmin50586_ymin43110_MPP-0.2500+401,0,1,1,0
753,TCGA-GM-A2DB-DX1_xmin50586_ymin43110_MPP-0.2500+402,0,0,1,0
754,TCGA-GM-A2DB-DX1_xmin50586_ymin43110_MPP-0.2500+403,0,0,1,0
755,TCGA-GM-A2DB-DX1_xmin50586_ymin43110_MPP-0.2500+404,0,1,1,0
756,TCGA-GM-A2DB-DX1_xmin50586_ymin43110_MPP-0.2500+405,0,1,1,0
757,TCGA-GM-A2DB-DX1_xmin50586_ymin43110_MPP-0.2500+406,0,1,1,0
758,TCGA-GM-A2DB-DX1_xmin50586_ymin43110_MPP-0.2500+407,0,1,0,0
759,TCGA-GM-A2DB-DX1_xmin50586_ymin43110_MPP-0.2500+408,0,1,0,0
760,TCGA-GM-A2DB-DX1_xmin50586_ymin43110_MPP-0.2500+409,0,1,0,0
761,TCGA-GM-A2DB-DX1_xmin50586_ymin43110_MPP-0.2500+41,1,0,0,0
762,TCGA-GM-A2DB-DX1_xmin50586_ymin43110_MPP-0.2500+410,0,1,0,0
763,TCGA-GM-A2DB-DX1_xmin50586_ymin43110_MPP-0.2500+411,0,1,0,0
764,TCGA-GM-A2DB-DX1_xmin50586_ymin43110_MPP-0.2500+412,0,1,0,0
765,TCGA-GM-A2DB-DX1_xmin50586_ymin43110_MPP-0.2500+413,0,1,1,0
766,TCGA-GM-A2DB-DX1_xmin50586_ymin43110_MPP-0.2500+414,0,1,1,0
767,TCGA-GM-A2DB-DX1_xmin50586_ymin43110_MPP-0.2500+415,0,1,1,0
768,TCGA-GM-A2DB-DX1_xmin50586_ymin43110_MPP-0.2500+416,0,1,0,0
769,TCGA-GM-A2DB-DX1_xmin50586_ymin43110_MPP-0.2500+417,0,1,1,0
770,TCGA-GM-A2DB-DX1_xmin50586_ymin43110_MPP-0.2500+418,0,1,1,0
771,TCGA-GM-A2DB-DX1_xmin50586_ymin43110_MPP-0.2500+419,0,1,1,0
772,TCGA-GM-A2DB-DX1_xmin50586_ymin43110_MPP-0.2500+42,1,0,0,0
773,TCGA-GM-A2DB-DX1_xmin50586_ymin43110_MPP-0.2500+420,0,0,1,0
774,TCGA-GM-A2DB-DX1_xmin50586_ymin43110_MPP-0.2500+421,0,0,1,0
775,TCGA-GM-A2DB-DX1_xmin50586_ymin43110_MPP-0.2500+422,0,0,1,0
776,TCGA-GM-A2DB-DX1_xmin50586_ymin43110_MPP-0.2500+423,0,1,1,0
777,TCGA-GM-A2DB-DX1_xmin50586_ymin43110_MPP-0.2500+424,0,1,0,0
778,TCGA-GM-A2DB-DX1_xmin50586_ymin43110_MPP-0.2500+425,0,1,1,0
779,TCGA-GM-A2DB-DX1_xmin50586_ymin43110_MPP-0.2500+426,0,1,0,0
780,TCGA-GM-A2DB-DX1_xmin50586_ymin43110_MPP-0.2500+427,0,1,0,0
781,TCGA-GM-A2DB-DX1_xmin50586_ymin43110_MPP-0.2500+428,0,1,0,0
782,TCGA-GM-A2DB-DX1_xmin50586_ymin43110_MPP-0.2500+429,0,1,0,0
783,TCGA-GM-A2DB-DX1_xmin50586_ymin43110_MPP-0.2500+43,1,0,0,0
784,TCGA-GM-A2DB-DX1_xmin50586_ymin43110_MPP-0.2500+430,0,1,1,0
785,TCGA-GM-A2DB-DX1_xmin50586_ymin43110_MPP-0.2500+431,0,1,1,0
786,TCGA-GM-A2DB-DX1_xmin50586_ymin43110_MPP-0.2500+432,0,1,1,0
787,TCGA-GM-A2DB-DX1_xmin50586_ymin43110_MPP-0.2500+433,0,1,1,0
788,TCGA-GM-A2DB-DX1_xmin50586_ymin43110_MPP-0.2500+434,0,1,1,0
789,TCGA-GM-A2DB-DX1_xmin50586_ymin43110_MPP-0.2500+435,0,1,1,0
790,TCGA-GM-A2DB-DX1_xmin50586_ymin43110_MPP-0.2500+436,0,1,0,0
791,TCGA-GM-A2DB-DX1_xmin50586_ymin43110_MPP-0.2500+437,0,1,1,0
792,TCGA-GM-A2DB-DX1_xmin50586_ymin43110_MPP-0.2500+438,0,1,1,0
793,TCGA-GM-A2DB-DX1_xmin50586_ymin43110_MPP-0.2500+439,0,1,1,0
794,TCGA-GM-A2DB-DX1_xmin50586_ymin43110_MPP-0.2500+44,1,0,0,0
795,TCGA-GM-A2DB-DX1_xmin50586_ymin43110_MPP-0.2500+440,0,1,1,0
796,TCGA-GM-A2DB-DX1_xmin50586_ymin43110_MPP-0.2500+441,0,1,1,0
797,TCGA-GM-A2DB-DX1_xmin50586_ymin43110_MPP-0.2500+442,0,1,1,0
798,TCGA-GM-A2DB-DX1_xmin50586_ymin43110_MPP-0.2500+443,0,1,1,0
799,TCGA-GM-A2DB-DX1_xmin50586_ymin43110_MPP-0.2500+444,0,1,1,0
800,TCGA-GM-A2DB-DX1_xmin50586_ymin43110_MPP-0.2500+445,0,1,1,0
801,TCGA-GM-A2DB-DX1_xmin50586_ymin43110_MPP-0.2500+446,0,1,0,0
802,TCGA-GM-A2DB-DX1_xmin50586_ymin43110_MPP-0.2500+447,0,1,0,0
803,TCGA-GM-A2DB-DX1_xmin50586_ymin43110_MPP-0.2500+448,0,1,0,0
804,TCGA-GM-A2DB-DX1_xmin50586_ymin43110_MPP-0.2500+449,0,1,0,0
805,TCGA-GM-A2DB-DX1_xmin50586_ymin43110_MPP-0.2500+45,1,0,0,0
806,TCGA-GM-A2DB-DX1_xmin50586_ymin43110_MPP-0.2500+450,0,1,1,0
807,TCGA-GM-A2DB-DX1_xmin50586_ymin43110_MPP-0.2500+451,0,1,1,0
808,TCGA-GM-A2DB-DX1_xmin50586_ymin43110_MPP-0.2500+452,0,1,1,0
809,TCGA-GM-A2DB-DX1_xmin50586_ymin43110_MPP-0.2500+453,0,1,1,0
810,TCGA-GM-A2DB-DX1_xmin50586_ymin43110_MPP-0.2500+454,0,1,0,0
811,TCGA-GM-A2DB-DX1_xmin50586_ymin43110_MPP-0.2500+455,0,1,0,0
812,TCGA-GM-A2DB-DX1_xmin50586_ymin43110_MPP-0.2500+456,0,1,0,0
813,TCGA-GM-A2DB-DX1_xmin50586_ymin43110_MPP-0.2500+457,0,1,1,0
814,TCGA-GM-A2DB-DX1_xmin50586_ymin43110_MPP-0.2500+458,0,1,1,0
815,TCGA-GM-A2DB-DX1_xmin50586_ymin43110_MPP-0.2500+459,0,1,1,0
816,TCGA-GM-A2DB-DX1_xmin50586_ymin43110_MPP-0.2500+46,0,1,0,0
817,TCGA-GM-A2DB-DX1_xmin50586_ymin43110_MPP-0.2500+460,0,1,1,0
818,TCGA-GM-A2DB-DX1_xmin50586_ymin43110_MPP-0.2500+461,0,0,1,0
819,TCGA-GM-A2DB-DX1_xmin50586_ymin43110_MPP-0.2500+462,0,1,1,0
820,TCGA-GM-A2DB-DX1_xmin50586_ymin43110_MPP-0.2500+463,0,1,1,0
821,TCGA-GM-A2DB-DX1_xmin50586_ymin43110_MPP-0.2500+464,0,1,1,0
822,TCGA-GM-A2DB-DX1_xmin50586_ymin43110_MPP-0.2500+465,0,1,1,0
823,TCGA-GM-A2DB-DX1_xmin50586_ymin43110_MPP-0.2500+466,0,1,0,0
824,TCGA-GM-A2DB-DX1_xmin50586_ymin43110_MPP-0.2500+467,0,1,0,0
825,TCGA-GM-A2DB-DX1_xmin50586_ymin43110_MPP-0.2500+468,0,1,0,0
826,TCGA-GM-A2DB-DX1_xmin50586_ymin43110_MPP-0.2500+469,0,1,0,0
827,TCGA-GM-A2DB-DX1_xmin50586_ymin43110_MPP-0.2500+47,0,1,0,0
828,TCGA-GM-A2DB-DX1_xmin50586_ymin43110_MPP-0.2500+470,0,1,1,0
829,TCGA-GM-A2DB-DX1_xmin50586_ymin43110_MPP-0.2500+471,0,1,1,0
830,TCGA-GM-A2DB-DX1_xmin50586_ymin43110_MPP-0.2500+472,0,1,1,0
831,TCGA-GM-A2DB-DX1_xmin50586_ymin43110_MPP-0.2500+473,0,1,0,0
832,TCGA-GM-A2DB-DX1_xmin50586_ymin43110_MPP-0.2500+474,0,1,0,0
833,TCGA-GM-A2DB-DX1_xmin50586_ymin43110_MPP-0.2500+475,0,1,1,0
834,TCGA-GM-A2DB-DX1_xmin50586_ymin43110_MPP-0.2500+476,0,1,0,0
835,TCGA-GM-A2DB-DX1_xmin50586_ymin43110_MPP-0.2500+477,0,1,1,0
836,TCGA-GM-A2DB-DX1_xmin50586_ymin43110_MPP-0.2500+478,0,1,1,0
837,TCGA-GM-A2DB-DX1_xmin50586_ymin43110_MPP-0.2500+479,0,1,1,0
838,TCGA-GM-A2DB-DX1_xmin50586_ymin43110_MPP-0.2500+48,0,1,0,0
839,TCGA-GM-A2DB-DX1_xmin50586_ymin43110_MPP-0.2500+480,0,1,1,0
840,TCGA-GM-A2DB-DX1_xmin50586_ymin43110_MPP-0.2500+481,0,1,0,0
841,TCGA-GM-A2DB-DX1_xmin50586_ymin43110_MPP-0.2500+482,0,1,1,0
842,TCGA-GM-A2DB-DX1_xmin50586_ymin43110_MPP-0.2500+483,0,1,1,0
843,TCGA-GM-A2DB-DX1_xmin50586_ymin43110_MPP-0.2500+484,0,1,0,0
844,TCGA-GM-A2DB-DX1_xmin50586_ymin43110_MPP-0.2500+485,0,1,0,0
845,TCGA-GM-A2DB-DX1_xmin50586_ymin43110_MPP-0.2500+486,0,1,0,0
846,TCGA-GM-A2DB-DX1_xmin50586_ymin43110_MPP-0.2500+487,0,1,0,0
847,TCGA-GM-A2DB-DX1_xmin50586_ymin43110_MPP-0.2500+488,0,1,0,0
848,TCGA-GM-A2DB-DX1_xmin50586_ymin43110_MPP-0.2500+489,0,1,1,0
849,TCGA-GM-A2DB-DX1_xmin50586_ymin43110_MPP-0.2500+49,0,1,0,0
850,TCGA-GM-A2DB-DX1_xmin50586_ymin43110_MPP-0.2500+490,0,1,1,0
851,TCGA-GM-A2DB-DX1_xmin50586_ymin43110_MPP-0.2500+491,0,1,1,0
852,TCGA-GM-A2DB-DX1_xmin50586_ymin43110_MPP-0.2500+492,0,1,1,0
853,TCGA-GM-A2DB-DX1_xmin50586_ymin43110_MPP-0.2500+493,0,1,1,0
854,TCGA-GM-A2DB-DX1_xmin50586_ymin43110_MPP-0.2500+494,0,1,1,0
855,TCGA-GM-A2DB-DX1_xmin50586_ymin43110_MPP-0.2500+495,0,1,0,0
856,TCGA-GM-A2DB-DX1_xmin50586_ymin43110_MPP-0.2500+496,0,1,1,0
857,TCGA-GM-A2DB-DX1_xmin50586_ymin43110_MPP-0.2500+497,0,1,1,0
858,TCGA-GM-A2DB-DX1_xmin50586_ymin43110_MPP-0.2500+498,0,1,1,0
859,TCGA-GM-A2DB-DX1_xmin50586_ymin43110_MPP-0.2500+499,0,1,0,0
860,TCGA-GM-A2DB-DX1_xmin50586_ymin43110_MPP-0.2500+5,0,1,0,1
861,TCGA-GM-A2DB-DX1_xmin50586_ymin43110_MPP-0.2500+50,0,1,0,0
862,TCGA-GM-A2DB-DX1_xmin50586_ymin43110_MPP-0.2500+500,0,1,0,0
863,TCGA-GM-A2DB-DX1_xmin50586_ymin43110_MPP-0.2500+501,0,1,0,0
864,TCGA-GM-A2DB-DX1_xmin50586_ymin43110_MPP-0.2500+502,0,1,0,0
865,TCGA-GM-A2DB-DX1_xmin50586_ymin43110_MPP-0.2500+503,0,1,0,0
866,TCGA-GM-A2DB-DX1_xmin50586_ymin43110_MPP-0.2500+504,0,1,0,0
867,TCGA-GM-A2DB-DX1_xmin50586_ymin43110_MPP-0.2500+505,0,1,0,0
868,TCGA-GM-A2DB-DX1_xmin50586_ymin43110_MPP-0.2500+506,0,1,0,0
869,TCGA-GM-A2DB-DX1_xmin50586_ymin43110_MPP-0.2500+507,0,1,1,0
870,TCGA-GM-A2DB-DX1_xmin50586_ymin43110_MPP-0.2500+508,0,1,1,0
871,TCGA-GM-A2DB-DX1_xmin50586_ymin43110_MPP-0.2500+509,0,1,1,0
872,TCGA-GM-A2DB-DX1_xmin50586_ymin43110_MPP-0.2500+51,0,1,0,0
873,TCGA-GM-A2DB-DX1_xmin50586_ymin43110_MPP-0.2500+510,0,1,1,0
874,TCGA-GM-A2DB-DX1_xmin50586_ymin43110_MPP-0.2500+511,0,1,1,0
875,TCGA-GM-A2DB-DX1_xmin50586_ymin43110_MPP-0.2500+512,0,1,1,0
876,TCGA-GM-A2DB-DX1_xmin50586_ymin43110_MPP-0.2500+513,0,1,1,0
877,TCGA-GM-A2DB-DX1_xmin50586_ymin43110_MPP-0.2500+514,0,1,1,0
878,TCGA-GM-A2DB-DX1_xmin50586_ymin43110_MPP-0.2500+515,0,1,0,0
879,TCGA-GM-A2DB-DX1_xmin50586_ymin43110_MPP-0.2500+516,0,1,1,0
880,TCGA-GM-A2DB-DX1_xmin50586_ymin43110_MPP-0.2500+517,0,1,1,0
881,TCGA-GM-A2DB-DX1_xmin50586_ymin43110_MPP-0.2500+518,0,1,0,0
882,TCGA-GM-A2DB-DX1_xmin50586_ymin43110_MPP-0.2500+519,0,1,0,0
883,TCGA-GM-A2DB-DX1_xmin50586_ymin43110_MPP-0.2500+52,1,1,0,0
884,TCGA-GM-A2DB-DX1_xmin50586_ymin43110_MPP-0.2500+520,0,1,0,0
885,TCGA-GM-A2DB-DX1_xmin50586_ymin43110_MPP-0.2500+521,0,1,0,0
886,TCGA-GM-A2DB-DX1_xmin50586_ymin43110_MPP-0.2500+522,0,1,1,0
887,TCGA-GM-A2DB-DX1_xmin50586_ymin43110_MPP-0.2500+523,0,1,1,0
888,TCGA-GM-A2DB-DX1_xmin50586_ymin43110_MPP-0.2500+524,0,1,0,0
889,TCGA-GM-A2DB-DX1_xmin50586_ymin43110_MPP-0.2500+525,0,1,1,0
890,TCGA-GM-A2DB-DX1_xmin50586_ymin43110_MPP-0.2500+526,0,1,1,0
891,TCGA-GM-A2DB-DX1_xmin50586_ymin43110_MPP-0.2500+527,0,1,1,0
892,TCGA-GM-A2DB-DX1_xmin50586_ymin43110_MPP-0.2500+528,0,1,0,0
893,TCGA-GM-A2DB-DX1_xmin50586_ymin43110_MPP-0.2500+529,0,1,1,0
894,TCGA-GM-A2DB-DX1_xmin50586_ymin43110_MPP-0.2500+53,1,0,0,0
895,TCGA-GM-A2DB-DX1_xmin50586_ymin43110_MPP-0.2500+530,0,1,0,0
896,TCGA-GM-A2DB-DX1_xmin50586_ymin43110_MPP-0.2500+531,0,1,0,0
897,TCGA-GM-A2DB-DX1_xmin50586_ymin43110_MPP-0.2500+532,0,1,0,0
898,TCGA-GM-A2DB-DX1_xmin50586_ymin43110_MPP-0.2500+533,0,1,0,0
899,TCGA-GM-A2DB-DX1_xmin50586_ymin43110_MPP-0.2500+534,0,1,1,0
900,TCGA-GM-A2DB-DX1_xmin50586_ymin43110_MPP-0.2500+535,0,1,1,0
901,TCGA-GM-A2DB-DX1_xmin50586_ymin43110_MPP-0.2500+536,0,1,1,0
902,TCGA-GM-A2DB-DX1_xmin50586_ymin43110_MPP-0.2500+537,0,1,1,0
903,TCGA-GM-A2DB-DX1_xmin50586_ymin43110_MPP-0.2500+538,0,1,1,0
904,TCGA-GM-A2DB-DX1_xmin50586_ymin43110_MPP-0.2500+539,0,1,1,0
905,TCGA-GM-A2DB-DX1_xmin50586_ymin43110_MPP-0.2500+54,1,0,0,0
906,TCGA-GM-A2DB-DX1_xmin50586_ymin43110_MPP-0.2500+540,0,1,1,0
907,TCGA-GM-A2DB-DX1_xmin50586_ymin43110_MPP-0.2500+541,0,1,0,0
908,TCGA-GM-A2DB-DX1_xmin50586_ymin43110_MPP-0.2500+542,0,1,1,0
909,TCGA-GM-A2DB-DX1_xmin50586_ymin43110_MPP-0.2500+543,0,1,1,0
910,TCGA-GM-A2DB-DX1_xmin50586_ymin43110_MPP-0.2500+544,0,1,1,0
911,TCGA-GM-A2DB-DX1_xmin50586_ymin43110_MPP-0.2500+545,0,1,0,0
912,TCGA-GM-A2DB-DX1_xmin50586_ymin43110_MPP-0.2500+546,0,1,0,0
913,TCGA-GM-A2DB-DX1_xmin50586_ymin43110_MPP-0.2500+55,1,0,0,0
914,TCGA-GM-A2DB-DX1_xmin50586_ymin43110_MPP-0.2500+56,1,0,0,0
915,TCGA-GM-A2DB-DX1_xmin50586_ymin43110_MPP-0.2500+57,1,0,0,0
916,TCGA-GM-A2DB-DX1_xmin50586_ymin43110_MPP-0.2500+58,1,0,0,0
917,TCGA-GM-A2DB-DX1_xmin50586_ymin43110_MPP-0.2500+59,1,1,0,0
918,TCGA-GM-A2DB-DX1_xmin50586_ymin43110_MPP-0.2500+6,0,0,0,1
919,TCGA-GM-A2DB-DX1_xmin50586_ymin43110_MPP-0.2500+60,1,1,0,0
920,TCGA-GM-A2DB-DX1_xmin50586_ymin43110_MPP-0.2500+61,1,0,0,0
921,TCGA-GM-A2DB-DX1_xmin50586_ymin43110_MPP-0.2500+62,1,0,0,0
922,TCGA-GM-A2DB-DX1_xmin50586_ymin43110_MPP-0.2500+63,1,0,0,0
923,TCGA-GM-A2DB-DX1_xmin50586_ymin43110_MPP-0.2500+64,1,0,0,0
924,TCGA-GM-A2DB-DX1_xmin50586_ymin43110_MPP-0.2500+65,0,1,0,0
925,TCGA-GM-A2DB-DX1_xmin50586_ymin43110_MPP-0.2500+66,0,1,0,0
926,TCGA-GM-A2DB-DX1_xmin50586_ymin43110_MPP-0.2500+67,0,1,0,0
927,TCGA-GM-A2DB-DX1_xmin50586_ymin43110_MPP-0.2500+68,0,1,0,0
928,TCGA-GM-A2DB-DX1_xmin50586_ymin43110_MPP-0.2500+69,0,1,0,0
929,TCGA-GM-A2DB-DX1_xmin50586_ymin43110_MPP-0.2500+7,0,0,0,1
930,TCGA-GM-A2DB-DX1_xmin50586_ymin43110_MPP-0.2500+70,1,1,0,0
931,TCGA-GM-A2DB-DX1_xmin50586_ymin43110_MPP-0.2500+71,0,1,1,0
932,TCGA-GM-A2DB-DX1_xmin50586_ymin43110_MPP-0.2500+72,1,0,0,0
933,TCGA-GM-A2DB-DX1_xmin50586_ymin43110_MPP-0.2500+73,1,0,0,0
934,TCGA-GM-A2DB-DX1_xmin50586_ymin43110_MPP-0.2500+74,1,0,0,0
935,TCGA-GM-A2DB-DX1_xmin50586_ymin43110_MPP-0.2500+75,1,0,0,0
936,TCGA-GM-A2DB-DX1_xmin50586_ymin43110_MPP-0.2500+76,1,0,0,0
937,TCGA-GM-A2DB-DX1_xmin50586_ymin43110_MPP-0.2500+77,1,0,0,0
938,TCGA-GM-A2DB-DX1_xmin50586_ymin43110_MPP-0.2500+78,1,0,0,0
939,TCGA-GM-A2DB-DX1_xmin50586_ymin43110_MPP-0.2500+79,1,0,0,0
940,TCGA-GM-A2DB-DX1_xmin50586_ymin43110_MPP-0.2500+8,1,0,0,1
941,TCGA-GM-A2DB-DX1_xmin50586_ymin43110_MPP-0.2500+80,1,1,0,0
942,TCGA-GM-A2DB-DX1_xmin50586_ymin43110_MPP-0.2500+81,1,0,0,0
943,TCGA-GM-A2DB-DX1_xmin50586_ymin43110_MPP-0.2500+82,1,0,0,0
944,TCGA-GM-A2DB-DX1_xmin50586_ymin43110_MPP-0.2500+83,1,0,0,0
945,TCGA-GM-A2DB-DX1_xmin50586_ymin43110_MPP-0.2500+84,1,0,0,0
946,TCGA-GM-A2DB-DX1_xmin50586_ymin43110_MPP-0.2500+85,1,1,0,0
947,TCGA-GM-A2DB-DX1_xmin50586_ymin43110_MPP-0.2500+86,1,0,0,0
948,TCGA-GM-A2DB-DX1_xmin50586_ymin43110_MPP-0.2500+87,1,1,0,0
949,TCGA-GM-A2DB-DX1_xmin50586_ymin43110_MPP-0.2500+88,1,1,0,0
950,TCGA-GM-A2DB-DX1_xmin50586_ymin43110_MPP-0.2500+89,0,1,1,0
951,TCGA-GM-A2DB-DX1_xmin50586_ymin43110_MPP-0.2500+9,0,1,0,0
952,TCGA-GM-A2DB-DX1_xmin50586_ymin43110_MPP-0.2500+90,0,1,0,0
953,TCGA-GM-A2DB-DX1_xmin50586_ymin43110_MPP-0.2500+91,0,1,0,0
954,TCGA-GM-A2DB-DX1_xmin50586_ymin43110_MPP-0.2500+92,1,0,0,0
955,TCGA-GM-A2DB-DX1_xmin50586_ymin43110_MPP-0.2500+93,1,0,0,0
956,TCGA-GM-A2DB-DX1_xmin50586_ymin43110_MPP-0.2500+94,1,0,0,0
957,TCGA-GM-A2DB-DX1_xmin50586_ymin43110_MPP-0.2500+95,1,0,0,0
958,TCGA-GM-A2DB-DX1_xmin50586_ymin43110_MPP-0.2500+96,1,1,0,1
959,TCGA-GM-A2DB-DX1_xmin50586_ymin43110_MPP-0.2500+97,1,0,0,1
960,TCGA-GM-A2DB-DX1_xmin50586_ymin43110_MPP-0.2500+98,1,0,0,1
961,TCGA-GM-A2DB-DX1_xmin50586_ymin43110_MPP-0.2500+99,1,0,0,0
962,TCGA-GM-A2DD-DX1_xmin47260_ymin22408_MPP-0.2500+0,0,1,0,0
963,TCGA-GM-A2DD-DX1_xmin47260_ymin22408_MPP-0.2500+1,0,1,1,0
964,TCGA-GM-A2DD-DX1_xmin47260_ymin22408_MPP-0.2500+10,0,1,0,0
965,TCGA-GM-A2DD-DX1_xmin47260_ymin22408_MPP-0.2500+100,0,1,0,0
966,TCGA-GM-A2DD-DX1_xmin47260_ymin22408_MPP-0.2500+101,0,1,0,0
967,TCGA-GM-A2DD-DX1_xmin47260_ymin22408_MPP-0.2500+102,0,1,0,0
968,TCGA-GM-A2DD-DX1_xmin47260_ymin22408_MPP-0.2500+103,0,1,0,0
969,TCGA-GM-A2DD-DX1_xmin47260_ymin22408_MPP-0.2500+104,0,1,0,0
970,TCGA-GM-A2DD-DX1_xmin47260_ymin22408_MPP-0.2500+105,0,1,0,0
971,TCGA-GM-A2DD-DX1_xmin47260_ymin22408_MPP-0.2500+106,0,1,0,0
972,TCGA-GM-A2DD-DX1_xmin47260_ymin22408_MPP-0.2500+107,0,1,0,0
973,TCGA-GM-A2DD-DX1_xmin47260_ymin22408_MPP-0.2500+108,0,1,0,0
974,TCGA-GM-A2DD-DX1_xmin47260_ymin22408_MPP-0.2500+109,1,1,0,0
975,TCGA-GM-A2DD-DX1_xmin47260_ymin22408_MPP-0.2500+11,0,1,0,0
976,TCGA-GM-A2DD-DX1_xmin47260_ymin22408_MPP-0.2500+110,1,1,0,0
977,TCGA-GM-A2DD-DX1_xmin47260_ymin22408_MPP-0.2500+111,1,1,0,0
978,TCGA-GM-A2DD-DX1_xmin47260_ymin22408_MPP-0.2500+112,1,1,0,0
979,TCGA-GM-A2DD-DX1_xmin47260_ymin22408_MPP-0.2500+113,0,1,0,0
980,TCGA-GM-A2DD-DX1_xmin47260_ymin22408_MPP-0.2500+114,0,1,0,0
981,TCGA-GM-A2DD-DX1_xmin47260_ymin22408_MPP-0.2500+115,0,1,0,0
982,TCGA-GM-A2DD-DX1_xmin47260_ymin22408_MPP-0.2500+116,0,1,0,0
983,TCGA-GM-A2DD-DX1_xmin47260_ymin22408_MPP-0.2500+117,0,1,0,0
984,TCGA-GM-A2DD-DX1_xmin47260_ymin22408_MPP-0.2500+118,0,1,0,0
985,TCGA-GM-A2DD-DX1_xmin47260_ymin22408_MPP-0.2500+119,0,1,0,0
986,TCGA-GM-A2DD-DX1_xmin47260_ymin22408_MPP-0.2500+12,0,1,0,0
987,TCGA-GM-A2DD-DX1_xmin47260_ymin22408_MPP-0.2500+120,0,1,0,0
988,TCGA-GM-A2DD-DX1_xmin47260_ymin22408_MPP-0.2500+121,0,1,0,0
989,TCGA-GM-A2DD-DX1_xmin47260_ymin22408_MPP-0.2500+122,0,1,0,0
990,TCGA-GM-A2DD-DX1_xmin47260_ymin22408_MPP-0.2500+123,0,1,0,0
991,TCGA-GM-A2DD-DX1_xmin47260_ymin22408_MPP-0.2500+124,0,1,0,0
992,TCGA-GM-A2DD-DX1_xmin47260_ymin22408_MPP-0.2500+125,1,1,0,0
993,TCGA-GM-A2DD-DX1_xmin47260_ymin22408_MPP-0.2500+126,1,1,0,0
994,TCGA-GM-A2DD-DX1_xmin47260_ymin22408_MPP-0.2500+127,0,1,0,0
995,TCGA-GM-A2DD-DX1_xmin47260_ymin22408_MPP-0.2500+128,0,1,0,0
996,TCGA-GM-A2DD-DX1_xmin47260_ymin22408_MPP-0.2500+129,0,1,0,0
997,TCGA-GM-A2DD-DX1_xmin47260_ymin22408_MPP-0.2500+13,0,1,0,0
998,TCGA-GM-A2DD-DX1_xmin47260_ymin22408_MPP-0.2500+130,1,1,0,0
999,TCGA-GM-A2DD-DX1_xmin47260_ymin22408_MPP-0.2500+131,1,1,0,0
1000,TCGA-GM-A2DD-DX1_xmin47260_ymin22408_MPP-0.2500+132,1,1,0,0
1001,TCGA-GM-A2DD-DX1_xmin47260_ymin22408_MPP-0.2500+133,0,1,0,0
1002,TCGA-GM-A2DD-DX1_xmin47260_ymin22408_MPP-0.2500+134,0,1,0,0
1003,TCGA-GM-A2DD-DX1_xmin47260_ymin22408_MPP-0.2500+135,0,1,0,0
1004,TCGA-GM-A2DD-DX1_xmin47260_ymin22408_MPP-0.2500+136,0,1,0,0
1005,TCGA-GM-A2DD-DX1_xmin47260_ymin22408_MPP-0.2500+137,0,1,0,0
1006,TCGA-GM-A2DD-DX1_xmin47260_ymin22408_MPP-0.2500+138,0,1,0,0
1007,TCGA-GM-A2DD-DX1_xmin47260_ymin22408_MPP-0.2500+139,1,1,0,0
1008,TCGA-GM-A2DD-DX1_xmin47260_ymin22408_MPP-0.2500+14,0,1,0,0
1009,TCGA-GM-A2DD-DX1_xmin47260_ymin22408_MPP-0.2500+140,1,1,0,0
1010,TCGA-GM-A2DD-DX1_xmin47260_ymin22408_MPP-0.2500+141,0,1,0,0
1011,TCGA-GM-A2DD-DX1_xmin47260_ymin22408_MPP-0.2500+142,0,1,0,0
1012,TCGA-GM-A2DD-DX1_xmin47260_ymin22408_MPP-0.2500+143,0,1,0,0
1013,TCGA-GM-A2DD-DX1_xmin47260_ymin22408_MPP-0.2500+144,0,1,0,0
1014,TCGA-GM-A2DD-DX1_xmin47260_ymin22408_MPP-0.2500+145,0,1,0,0
1015,TCGA-GM-A2DD-DX1_xmin47260_ymin22408_MPP-0.2500+146,0,1,0,0
1016,TCGA-GM-A2DD-DX1_xmin47260_ymin22408_MPP-0.2500+147,0,1,0,0
1017,TCGA-GM-A2DD-DX1_xmin47260_ymin22408_MPP-0.2500+148,0,1,0,0
1018,TCGA-GM-A2DD-DX1_xmin47260_ymin22408_MPP-0.2500+149,0,1,0,0
1019,TCGA-GM-A2DD-DX1_xmin47260_ymin22408_MPP-0.2500+15,0,1,1,0
1020,TCGA-GM-A2DD-DX1_xmin47260_ymin22408_MPP-0.2500+150,0,1,0,0
1021,TCGA-GM-A2DD-DX1_xmin47260_ymin22408_MPP-0.2500+151,0,1,0,0
1022,TCGA-GM-A2DD-DX1_xmin47260_ymin22408_MPP-0.2500+152,0,1,0,0
1023,TCGA-GM-A2DD-DX1_xmin47260_ymin22408_MPP-0.2500+153,0,1,0,0
1024,TCGA-GM-A2DD-DX1_xmin47260_ymin22408_MPP-0.2500+154,0,1,0,0
1025,TCGA-GM-A2DD-DX1_xmin47260_ymin22408_MPP-0.2500+155,0,1,0,0
1026,TCGA-GM-A2DD-DX1_xmin47260_ymin22408_MPP-0.2500+156,1,1,0,0
1027,TCGA-GM-A2DD-DX1_xmin47260_ymin22408_MPP-0.2500+157,1,1,0,0
1028,TCGA-GM-A2DD-DX1_xmin47260_ymin22408_MPP-0.2500+158,0,1,0,0
1029,TCGA-GM-A2DD-DX1_xmin47260_ymin22408_MPP-0.2500+159,0,1,0,0
1030,TCGA-GM-A2DD-DX1_xmin47260_ymin22408_MPP-0.2500+16,0,0,1,0
1031,TCGA-GM-A2DD-DX1_xmin47260_ymin22408_MPP-0.2500+160,0,1,0,0
1032,TCGA-GM-A2DD-DX1_xmin47260_ymin22408_MPP-0.2500+161,0,1,0,0
1033,TCGA-GM-A2DD-DX1_xmin47260_ymin22408_MPP-0.2500+162,0,1,0,0
1034,TCGA-GM-A2DD-DX1_xmin47260_ymin22408_MPP-0.2500+163,0,1,0,0
1035,TCGA-GM-A2DD-DX1_xmin47260_ymin22408_MPP-0.2500+164,0,1,0,0
1036,TCGA-GM-A2DD-DX1_xmin47260_ymin22408_MPP-0.2500+165,0,1,0,0
1037,TCGA-GM-A2DD-DX1_xmin47260_ymin22408_MPP-0.2500+166,0,1,0,0
1038,TCGA-GM-A2DD-DX1_xmin47260_ymin22408_MPP-0.2500+167,0,1,0,0
1039,TCGA-GM-A2DD-DX1_xmin47260_ymin22408_MPP-0.2500+168,0,1,0,0
1040,TCGA-GM-A2DD-DX1_xmin47260_ymin22408_MPP-0.2500+169,0,1,0,0
1041,TCGA-GM-A2DD-DX1_xmin47260_ymin22408_MPP-0.2500+17,0,0,1,0
1042,TCGA-GM-A2DD-DX1_xmin47260_ymin22408_MPP-0.2500+170,1,1,0,0
1043,TCGA-GM-A2DD-DX1_xmin47260_ymin22408_MPP-0.2500+171,1,1,0,0
1044,TCGA-GM-A2DD-DX1_xmin47260_ymin22408_MPP-0.2500+172,1,1,0,0
1045,TCGA-GM-A2DD-DX1_xmin47260_ymin22408_MPP-0.2500+173,1,1,0,0
1046,TCGA-GM-A2DD-DX1_xmin47260_ymin22408_MPP-0.2500+174,0,1,0,0
1047,TCGA-GM-A2DD-DX1_xmin47260_ymin22408_MPP-0.2500+175,0,1,0,0
1048,TCGA-GM-A2DD-DX1_xmin47260_ymin22408_MPP-0.2500+176,0,1,0,0
1049,TCGA-GM-A2DD-DX1_xmin47260_ymin22408_MPP-0.2500+177,0,1,0,0
1050,TCGA-GM-A2DD-DX1_xmin47260_ymin22408_MPP-0.2500+178,0,1,0,0
1051,TCGA-GM-A2DD-DX1_xmin47260_ymin22408_MPP-0.2500+179,0,1,0,0
1052,TCGA-GM-A2DD-DX1_xmin47260_ymin22408_MPP-0.2500+18,0,1,0,0
1053,TCGA-GM-A2DD-DX1_xmin47260_ymin22408_MPP-0.2500+180,0,1,0,0
1054,TCGA-GM-A2DD-DX1_xmin47260_ymin22408_MPP-0.2500+181,0,1,0,0
1055,TCGA-GM-A2DD-DX1_xmin47260_ymin22408_MPP-0.2500+182,0,1,0,0
1056,TCGA-GM-A2DD-DX1_xmin47260_ymin22408_MPP-0.2500+183,0,1,0,0
1057,TCGA-GM-A2DD-DX1_xmin47260_ymin22408_MPP-0.2500+184,0,1,0,0
1058,TCGA-GM-A2DD-DX1_xmin47260_ymin22408_MPP-0.2500+185,1,1,0,0
1059,TCGA-GM-A2DD-DX1_xmin47260_ymin22408_MPP-0.2500+186,1,1,0,0
1060,TCGA-GM-A2DD-DX1_xmin47260_ymin22408_MPP-0.2500+187,1,1,0,0
1061,TCGA-GM-A2DD-DX1_xmin47260_ymin22408_MPP-0.2500+188,0,1,0,0
1062,TCGA-GM-A2DD-DX1_xmin47260_ymin22408_MPP-0.2500+189,0,1,0,0
1063,TCGA-GM-A2DD-DX1_xmin47260_ymin22408_MPP-0.2500+19,0,1,0,0
1064,TCGA-GM-A2DD-DX1_xmin47260_ymin22408_MPP-0.2500+190,0,1,0,0
1065,TCGA-GM-A2DD-DX1_xmin47260_ymin22408_MPP-0.2500+191,0,1,0,0
1066,TCGA-GM-A2DD-DX1_xmin47260_ymin22408_MPP-0.2500+192,0,1,0,0
1067,TCGA-GM-A2DD-DX1_xmin47260_ymin22408_MPP-0.2500+193,1,1,0,0
1068,TCGA-GM-A2DD-DX1_xmin47260_ymin22408_MPP-0.2500+194,0,1,0,0
1069,TCGA-GM-A2DD-DX1_xmin47260_ymin22408_MPP-0.2500+195,0,1,0,0
1070,TCGA-GM-A2DD-DX1_xmin47260_ymin22408_MPP-0.2500+196,0,1,0,0
1071,TCGA-GM-A2DD-DX1_xmin47260_ymin22408_MPP-0.2500+197,0,1,0,0
1072,TCGA-GM-A2DD-DX1_xmin47260_ymin22408_MPP-0.2500+198,0,1,0,0
1073,TCGA-GM-A2DD-DX1_xmin47260_ymin22408_MPP-0.2500+199,0,1,0,0
1074,TCGA-GM-A2DD-DX1_xmin47260_ymin22408_MPP-0.2500+2,0,0,1,0
1075,TCGA-GM-A2DD-DX1_xmin47260_ymin22408_MPP-0.2500+20,0,1,0,0
1076,TCGA-GM-A2DD-DX1_xmin47260_ymin22408_MPP-0.2500+200,1,1,0,0
1077,TCGA-GM-A2DD-DX1_xmin47260_ymin22408_MPP-0.2500+201,1,1,0,0
1078,TCGA-GM-A2DD-DX1_xmin47260_ymin22408_MPP-0.2500+202,1,1,0,0
1079,TCGA-GM-A2DD-DX1_xmin47260_ymin22408_MPP-0.2500+203,0,1,0,0
1080,TCGA-GM-A2DD-DX1_xmin47260_ymin22408_MPP-0.2500+204,0,1,0,0
1081,TCGA-GM-A2DD-DX1_xmin47260_ymin22408_MPP-0.2500+205,0,1,0,0
1082,TCGA-GM-A2DD-DX1_xmin47260_ymin22408_MPP-0.2500+206,0,1,0,0
1083,TCGA-GM-A2DD-DX1_xmin47260_ymin22408_MPP-0.2500+207,1,1,0,0
1084,TCGA-GM-A2DD-DX1_xmin47260_ymin22408_MPP-0.2500+208,1,1,0,0
1085,TCGA-GM-A2DD-DX1_xmin47260_ymin22408_MPP-0.2500+209,1,1,0,0
1086,TCGA-GM-A2DD-DX1_xmin47260_ymin22408_MPP-0.2500+21,0,1,0,0
1087,TCGA-GM-A2DD-DX1_xmin47260_ymin22408_MPP-0.2500+210,0,1,0,0
1088,TCGA-GM-A2DD-DX1_xmin47260_ymin22408_MPP-0.2500+211,0,1,0,0
1089,TCGA-GM-A2DD-DX1_xmin47260_ymin22408_MPP-0.2500+212,0,1,0,0
1090,TCGA-GM-A2DD-DX1_xmin47260_ymin22408_MPP-0.2500+213,0,1,0,0
1091,TCGA-GM-A2DD-DX1_xmin47260_ymin22408_MPP-0.2500+214,0,1,0,0
1092,TCGA-GM-A2DD-DX1_xmin47260_ymin22408_MPP-0.2500+215,0,1,0,0
1093,TCGA-GM-A2DD-DX1_xmin47260_ymin22408_MPP-0.2500+216,0,1,0,0
1094,TCGA-GM-A2DD-DX1_xmin47260_ymin22408_MPP-0.2500+217,0,1,0,0
1095,TCGA-GM-A2DD-DX1_xmin47260_ymin22408_MPP-0.2500+218,0,1,0,0
1096,TCGA-GM-A2DD-DX1_xmin47260_ymin22408_MPP-0.2500+219,0,1,0,0
1097,TCGA-GM-A2DD-DX1_xmin47260_ymin22408_MPP-0.2500+22,0,1,0,0
1098,TCGA-GM-A2DD-DX1_xmin47260_ymin22408_MPP-0.2500+220,1,1,0,0
1099,TCGA-GM-A2DD-DX1_xmin47260_ymin22408_MPP-0.2500+221,1,1,0,0
1100,TCGA-GM-A2DD-DX1_xmin47260_ymin22408_MPP-0.2500+222,1,1,0,0
1101,TCGA-GM-A2DD-DX1_xmin47260_ymin22408_MPP-0.2500+223,1,1,0,0
1102,TCGA-GM-A2DD-DX1_xmin47260_ymin22408_MPP-0.2500+224,0,1,0,0
1103,TCGA-GM-A2DD-DX1_xmin47260_ymin22408_MPP-0.2500+225,0,1,0,0
1104,TCGA-GM-A2DD-DX1_xmin47260_ymin22408_MPP-0.2500+226,0,1,0,0
1105,TCGA-GM-A2DD-DX1_xmin47260_ymin22408_MPP-0.2500+227,0,1,0,0
1106,TCGA-GM-A2DD-DX1_xmin47260_ymin22408_MPP-0.2500+228,0,1,0,0
1107,TCGA-GM-A2DD-DX1_xmin47260_ymin22408_MPP-0.2500+229,0,1,0,0
1108,TCGA-GM-A2DD-DX1_xmin47260_ymin22408_MPP-0.2500+23,0,1,0,0
1109,TCGA-GM-A2DD-DX1_xmin47260_ymin22408_MPP-0.2500+230,0,1,0,0
1110,TCGA-GM-A2DD-DX1_xmin47260_ymin22408_MPP-0.2500+231,0,1,0,0
1111,TCGA-GM-A2DD-DX1_xmin47260_ymin22408_MPP-0.2500+232,1,1,0,0
1112,TCGA-GM-A2DD-DX1_xmin47260_ymin22408_MPP-0.2500+233,0,1,0,0
1113,TCGA-GM-A2DD-DX1_xmin47260_ymin22408_MPP-0.2500+234,1,1,0,0
1114,TCGA-GM-A2DD-DX1_xmin47260_ymin22408_MPP-0.2500+235,0,1,0,0
1115,TCGA-GM-A2DD-DX1_xmin47260_ymin22408_MPP-0.2500+236,0,1,0,0
1116,TCGA-GM-A2DD-DX1_xmin47260_ymin22408_MPP-0.2500+237,0,1,0,0
1117,TCGA-GM-A2DD-DX1_xmin47260_ymin22408_MPP-0.2500+238,1,1,0,0
1118,TCGA-GM-A2DD-DX1_xmin47260_ymin22408_MPP-0.2500+239,0,1,0,0
1119,TCGA-GM-A2DD-DX1_xmin47260_ymin22408_MPP-0.2500+24,0,1,0,0
1120,TCGA-GM-A2DD-DX1_xmin47260_ymin22408_MPP-0.2500+240,0,1,0,0
1121,TCGA-GM-A2DD-DX1_xmin47260_ymin22408_MPP-0.2500+241,0,1,0,0
1122,TCGA-GM-A2DD-DX1_xmin47260_ymin22408_MPP-0.2500+242,0,1,0,0
1123,TCGA-GM-A2DD-DX1_xmin47260_ymin22408_MPP-0.2500+243,0,1,0,0
1124,TCGA-GM-A2DD-DX1_xmin47260_ymin22408_MPP-0.2500+244,0,1,0,0
1125,TCGA-GM-A2DD-DX1_xmin47260_ymin22408_MPP-0.2500+245,0,1,0,0
1126,TCGA-GM-A2DD-DX1_xmin47260_ymin22408_MPP-0.2500+246,0,1,0,0
1127,TCGA-GM-A2DD-DX1_xmin47260_ymin22408_MPP-0.2500+247,1,1,0,0
1128,TCGA-GM-A2DD-DX1_xmin47260_ymin22408_MPP-0.2500+248,1,1,0,0
1129,TCGA-GM-A2DD-DX1_xmin47260_ymin22408_MPP-0.2500+249,1,0,0,0
1130,TCGA-GM-A2DD-DX1_xmin47260_ymin22408_MPP-0.2500+25,0,1,0,0
1131,TCGA-GM-A2DD-DX1_xmin47260_ymin22408_MPP-0.2500+250,0,1,0,0
1132,TCGA-GM-A2DD-DX1_xmin47260_ymin22408_MPP-0.2500+251,0,1,0,0
1133,TCGA-GM-A2DD-DX1_xmin47260_ymin22408_MPP-0.2500+252,0,1,0,0
1134,TCGA-GM-A2DD-DX1_xmin47260_ymin22408_MPP-0.2500+253,0,1,0,0
1135,TCGA-GM-A2DD-DX1_xmin47260_ymin22408_MPP-0.2500+254,0,1,0,0
1136,TCGA-GM-A2DD-DX1_xmin47260_ymin22408_MPP-0.2500+255,0,1,0,0
1137,TCGA-GM-A2DD-DX1_xmin47260_ymin22408_MPP-0.2500+256,0,1,0,0
1138,TCGA-GM-A2DD-DX1_xmin47260_ymin22408_MPP-0.2500+257,0,1,0,0
1139,TCGA-GM-A2DD-DX1_xmin47260_ymin22408_MPP-0.2500+258,0,1,0,0
1140,TCGA-GM-A2DD-DX1_xmin47260_ymin22408_MPP-0.2500+259,0,1,0,0
1141,TCGA-GM-A2DD-DX1_xmin47260_ymin22408_MPP-0.2500+26,0,1,0,0
1142,TCGA-GM-A2DD-DX1_xmin47260_ymin22408_MPP-0.2500+260,0,1,0,0
1143,TCGA-GM-A2DD-DX1_xmin47260_ymin22408_MPP-0.2500+261,0,1,0,0
1144,TCGA-GM-A2DD-DX1_xmin47260_ymin22408_MPP-0.2500+262,0,1,0,0
1145,TCGA-GM-A2DD-DX1_xmin47260_ymin22408_MPP-0.2500+263,1,1,0,0
1146,TCGA-GM-A2DD-DX1_xmin47260_ymin22408_MPP-0.2500+264,1,1,0,0
1147,TCGA-GM-A2DD-DX1_xmin47260_ymin22408_MPP-0.2500+265,0,1,0,0
1148,TCGA-GM-A2DD-DX1_xmin47260_ymin22408_MPP-0.2500+266,0,1,0,0
1149,TCGA-GM-A2DD-DX1_xmin47260_ymin22408_MPP-0.2500+267,0,1,0,0
1150,TCGA-GM-A2DD-DX1_xmin47260_ymin22408_MPP-0.2500+268,0,1,0,0
1151,TCGA-GM-A2DD-DX1_xmin47260_ymin22408_MPP-0.2500+269,1,1,0,0
1152,TCGA-GM-A2DD-DX1_xmin47260_ymin22408_MPP-0.2500+27,0,1,0,0
1153,TCGA-GM-A2DD-DX1_xmin47260_ymin22408_MPP-0.2500+270,1,1,0,0
1154,TCGA-GM-A2DD-DX1_xmin47260_ymin22408_MPP-0.2500+271,1,0,0,0
1155,TCGA-GM-A2DD-DX1_xmin47260_ymin22408_MPP-0.2500+272,1,1,0,0
1156,TCGA-GM-A2DD-DX1_xmin47260_ymin22408_MPP-0.2500+273,0,1,0,0
1157,TCGA-GM-A2DD-DX1_xmin47260_ymin22408_MPP-0.2500+274,0,1,0,0
1158,TCGA-GM-A2DD-DX1_xmin47260_ymin22408_MPP-0.2500+275,0,1,0,0
1159,TCGA-GM-A2DD-DX1_xmin47260_ymin22408_MPP-0.2500+276,0,1,0,0
1160,TCGA-GM-A2DD-DX1_xmin47260_ymin22408_MPP-0.2500+277,0,1,0,0
1161,TCGA-GM-A2DD-DX1_xmin47260_ymin22408_MPP-0.2500+278,0,1,0,0
1162,TCGA-GM-A2DD-DX1_xmin47260_ymin22408_MPP-0.2500+279,0,1,0,0
1163,TCGA-GM-A2DD-DX1_xmin47260_ymin22408_MPP-0.2500+28,0,1,0,0
1164,TCGA-GM-A2DD-DX1_xmin47260_ymin22408_MPP-0.2500+280,0,1,0,0
1165,TCGA-GM-A2DD-DX1_xmin47260_ymin22408_MPP-0.2500+281,0,1,0,0
1166,TCGA-GM-A2DD-DX1_xmin47260_ymin22408_MPP-0.2500+282,0,1,0,0
1167,TCGA-GM-A2DD-DX1_xmin47260_ymin22408_MPP-0.2500+283,1,1,0,0
1168,TCGA-GM-A2DD-DX1_xmin47260_ymin22408_MPP-0.2500+284,1,0,0,0
1169,TCGA-GM-A2DD-DX1_xmin47260_ymin22408_MPP-0.2500+285,1,1,0,0
1170,TCGA-GM-A2DD-DX1_xmin47260_ymin22408_MPP-0.2500+286,1,0,0,0
1171,TCGA-GM-A2DD-DX1_xmin47260_ymin22408_MPP-0.2500+287,1,0,0,0
1172,TCGA-GM-A2DD-DX1_xmin47260_ymin22408_MPP-0.2500+288,1,1,0,0
1173,TCGA-GM-A2DD-DX1_xmin47260_ymin22408_MPP-0.2500+289,0,1,0,0
1174,TCGA-GM-A2DD-DX1_xmin47260_ymin22408_MPP-0.2500+29,0,1,0,0
1175,TCGA-GM-A2DD-DX1_xmin47260_ymin22408_MPP-0.2500+290,0,1,0,0
1176,TCGA-GM-A2DD-DX1_xmin47260_ymin22408_MPP-0.2500+291,0,1,0,0
1177,TCGA-GM-A2DD-DX1_xmin47260_ymin22408_MPP-0.2500+292,0,1,0,0
1178,TCGA-GM-A2DD-DX1_xmin47260_ymin22408_MPP-0.2500+293,0,1,0,0
1179,TCGA-GM-A2DD-DX1_xmin47260_ymin22408_MPP-0.2500+294,0,1,0,0
1180,TCGA-GM-A2DD-DX1_xmin47260_ymin22408_MPP-0.2500+295,0,1,0,0
1181,TCGA-GM-A2DD-DX1_xmin47260_ymin22408_MPP-0.2500+296,0,1,0,0
1182,TCGA-GM-A2DD-DX1_xmin47260_ymin22408_MPP-0.2500+297,1,1,0,0
1183,TCGA-GM-A2DD-DX1_xmin47260_ymin22408_MPP-0.2500+298,1,1,0,0
1184,TCGA-GM-A2DD-DX1_xmin47260_ymin22408_MPP-0.2500+299,1,0,0,0
1185,TCGA-GM-A2DD-DX1_xmin47260_ymin22408_MPP-0.2500+3,0,1,0,0
1186,TCGA-GM-A2DD-DX1_xmin47260_ymin22408_MPP-0.2500+30,1,1,1,0
1187,TCGA-GM-A2DD-DX1_xmin47260_ymin22408_MPP-0.2500+300,1,1,0,0
1188,TCGA-GM-A2DD-DX1_xmin47260_ymin22408_MPP-0.2500+301,1,1,0,0
1189,TCGA-GM-A2DD-DX1_xmin47260_ymin22408_MPP-0.2500+302,1,1,0,0
1190,TCGA-GM-A2DD-DX1_xmin47260_ymin22408_MPP-0.2500+303,1,1,0,0
1191,TCGA-GM-A2DD-DX1_xmin47260_ymin22408_MPP-0.2500+304,0,1,0,0
1192,TCGA-GM-A2DD-DX1_xmin47260_ymin22408_MPP-0.2500+305,0,1,0,0
1193,TCGA-GM-A2DD-DX1_xmin47260_ymin22408_MPP-0.2500+306,0,1,0,0
1194,TCGA-GM-A2DD-DX1_xmin47260_ymin22408_MPP-0.2500+307,0,1,0,0
1195,TCGA-GM-A2DD-DX1_xmin47260_ymin22408_MPP-0.2500+308,0,1,0,0
1196,TCGA-GM-A2DD-DX1_xmin47260_ymin22408_MPP-0.2500+309,0,1,0,0
1197,TCGA-GM-A2DD-DX1_xmin47260_ymin22408_MPP-0.2500+31,0,1,1,0
1198,TCGA-GM-A2DD-DX1_xmin47260_ymin22408_MPP-0.2500+310,0,1,0,0
1199,TCGA-GM-A2DD-DX1_xmin47260_ymin22408_MPP-0.2500+311,0,1,0,0
1200,TCGA-GM-A2DD-DX1_xmin47260_ymin22408_MPP-0.2500+312,1,1,0,0
1201,TCGA-GM-A2DD-DX1_xmin47260_ymin22408_MPP-0.2500+313,1,1,0,0
1202,TCGA-GM-A2DD-DX1_xmin47260_ymin22408_MPP-0.2500+314,1,0,0,0
1203,TCGA-GM-A2DD-DX1_xmin47260_ymin22408_MPP-0.2500+315,1,1,0,0
1204,TCGA-GM-A2DD-DX1_xmin47260_ymin22408_MPP-0.2500+316,0,1,0,0
1205,TCGA-GM-A2DD-DX1_xmin47260_ymin22408_MPP-0.2500+317,1,1,0,0
1206,TCGA-GM-A2DD-DX1_xmin47260_ymin22408_MPP-0.2500+318,1,1,0,0
1207,TCGA-GM-A2DD-DX1_xmin47260_ymin22408_MPP-0.2500+319,1,1,0,0
1208,TCGA-GM-A2DD-DX1_xmin47260_ymin22408_MPP-0.2500+32,0,1,1,0
1209,TCGA-GM-A2DD-DX1_xmin47260_ymin22408_MPP-0.2500+320,1,0,0,0
1210,TCGA-GM-A2DD-DX1_xmin47260_ymin22408_MPP-0.2500+321,1,1,0,0
1211,TCGA-GM-A2DD-DX1_xmin47260_ymin22408_MPP-0.2500+322,1,1,0,0
1212,TCGA-GM-A2DD-DX1_xmin47260_ymin22408_MPP-0.2500+323,0,1,0,0
1213,TCGA-GM-A2DD-DX1_xmin47260_ymin22408_MPP-0.2500+324,0,1,0,0
1214,TCGA-GM-A2DD-DX1_xmin47260_ymin22408_MPP-0.2500+325,0,1,0,0
1215,TCGA-GM-A2DD-DX1_xmin47260_ymin22408_MPP-0.2500+326,0,1,0,0
1216,TCGA-GM-A2DD-DX1_xmin47260_ymin22408_MPP-0.2500+327,1,1,0,0
1217,TCGA-GM-A2DD-DX1_xmin47260_ymin22408_MPP-0.2500+328,1,1,0,0
1218,TCGA-GM-A2DD-DX1_xmin47260_ymin22408_MPP-0.2500+329,1,1,0,0
1219,TCGA-GM-A2DD-DX1_xmin47260_ymin22408_MPP-0.2500+33,0,1,1,0
1220,TCGA-GM-A2DD-DX1_xmin47260_ymin22408_MPP-0.2500+330,1,0,0,0
1221,TCGA-GM-A2DD-DX1_xmin47260_ymin22408_MPP-0.2500+331,1,0,0,0
1222,TCGA-GM-A2DD-DX1_xmin47260_ymin22408_MPP-0.2500+332,1,0,0,1
1223,TCGA-GM-A2DD-DX1_xmin47260_ymin22408_MPP-0.2500+333,1,0,0,1
1224,TCGA-GM-A2DD-DX1_xmin47260_ymin22408_MPP-0.2500+334,1,1,0,0
1225,TCGA-GM-A2DD-DX1_xmin47260_ymin22408_MPP-0.2500+335,1,0,0,0
1226,TCGA-GM-A2DD-DX1_xmin47260_ymin22408_MPP-0.2500+336,1,0,0,0
1227,TCGA-GM-A2DD-DX1_xmin47260_ymin22408_MPP-0.2500+337,0,1,0,0
1228,TCGA-GM-A2DD-DX1_xmin47260_ymin22408_MPP-0.2500+338,0,1,0,0
1229,TCGA-GM-A2DD-DX1_xmin47260_ymin22408_MPP-0.2500+339,0,1,0,0
1230,TCGA-GM-A2DD-DX1_xmin47260_ymin22408_MPP-0.2500+34,0,1,0,0
1231,TCGA-GM-A2DD-DX1_xmin47260_ymin22408_MPP-0.2500+340,0,1,0,0
1232,TCGA-GM-A2DD-DX1_xmin47260_ymin22408_MPP-0.2500+341,1,1,0,0
1233,TCGA-GM-A2DD-DX1_xmin47260_ymin22408_MPP-0.2500+342,1,1,0,0
1234,TCGA-GM-A2DD-DX1_xmin47260_ymin22408_MPP-0.2500+343,1,1,0,0
1235,TCGA-GM-A2DD-DX1_xmin47260_ymin22408_MPP-0.2500+344,1,1,0,0
1236,TCGA-GM-A2DD-DX1_xmin47260_ymin22408_MPP-0.2500+345,1,0,0,0
1237,TCGA-GM-A2DD-DX1_xmin47260_ymin22408_MPP-0.2500+346,1,0,0,0
1238,TCGA-GM-A2DD-DX1_xmin47260_ymin22408_MPP-0.2500+347,0,0,0,1
1239,TCGA-GM-A2DD-DX1_xmin47260_ymin22408_MPP-0.2500+348,0,0,0,1
1240,TCGA-GM-A2DD-DX1_xmin47260_ymin22408_MPP-0.2500+349,1,0,0,0
1241,TCGA-GM-A2DD-DX1_xmin47260_ymin22408_MPP-0.2500+35,0,1,0,0
1242,TCGA-GM-A2DD-DX1_xmin47260_ymin22408_MPP-0.2500+350,1,0,0,0
1243,TCGA-GM-A2DD-DX1_xmin47260_ymin22408_MPP-0.2500+351,1,0,0,1
1244,TCGA-GM-A2DD-DX1_xmin47260_ymin22408_MPP-0.2500+352,1,1,0,0
1245,TCGA-GM-A2DD-DX1_xmin47260_ymin22408_MPP-0.2500+353,0,1,0,0
1246,TCGA-GM-A2DD-DX1_xmin47260_ymin22408_MPP-0.2500+354,0,1,0,0
1247,TCGA-GM-A2DD-DX1_xmin47260_ymin22408_MPP-0.2500+355,0,1,0,0
1248,TCGA-GM-A2DD-DX1_xmin47260_ymin22408_MPP-0.2500+356,1,1,0,0
1249,TCGA-GM-A2DD-DX1_xmin47260_ymin22408_MPP-0.2500+357,0,1,0,0
1250,TCGA-GM-A2DD-DX1_xmin47260_ymin22408_MPP-0.2500+358,1,1,0,0
1251,TCGA-GM-A2DD-DX1_xmin47260_ymin22408_MPP-0.2500+359,1,1,0,0
1252,TCGA-GM-A2DD-DX1_xmin47260_ymin22408_MPP-0.2500+36,0,1,0,0
1253,TCGA-GM-A2DD-DX1_xmin47260_ymin22408_MPP-0.2500+360,1,0,0,0
1254,TCGA-GM-A2DD-DX1_xmin47260_ymin22408_MPP-0.2500+361,1,0,0,1
1255,TCGA-GM-A2DD-DX1_xmin47260_ymin22408_MPP-0.2500+362,0,1,0,1
1256,TCGA-GM-A2DD-DX1_xmin47260_ymin22408_MPP-0.2500+363,0,1,0,1
1257,TCGA-GM-A2DD-DX1_xmin47260_ymin22408_MPP-0.2500+364,1,0,0,0
1258,TCGA-GM-A2DD-DX1_xmin47260_ymin22408_MPP-0.2500+365,1,0,0,0
1259,TCGA-GM-A2DD-DX1_xmin47260_ymin22408_MPP-0.2500+366,0,1,0,1
1260,TCGA-GM-A2DD-DX1_xmin47260_ymin22408_MPP-0.2500+367,1,1,0,0
1261,TCGA-GM-A2DD-DX1_xmin47260_ymin22408_MPP-0.2500+368,1,1,0,0
1262,TCGA-GM-A2DD-DX1_xmin47260_ymin22408_MPP-0.2500+369,0,1,0,0
1263,TCGA-GM-A2DD-DX1_xmin47260_ymin22408_MPP-0.2500+37,0,1,0,0
1264,TCGA-GM-A2DD-DX1_xmin47260_ymin22408_MPP-0.2500+370,0,1,0,0
1265,TCGA-GM-A2DD-DX1_xmin47260_ymin22408_MPP-0.2500+371,1,1,0,0
1266,TCGA-GM-A2DD-DX1_xmin47260_ymin22408_MPP-0.2500+372,1,1,0,0
1267,TCGA-GM-A2DD-DX1_xmin47260_ymin22408_MPP-0.2500+373,1,1,0,0
1268,TCGA-GM-A2DD-DX1_xmin47260_ymin22408_MPP-0.2500+374,1,1,0,0
1269,TCGA-GM-A2DD-DX1_xmin47260_ymin22408_MPP-0.2500+375,1,0,0,0
1270,TCGA-GM-A2DD-DX1_xmin47260_ymin22408_MPP-0.2500+376,0,0,0,1
1271,TCGA-GM-A2DD-DX1_xmin47260_ymin22408_MPP-0.2500+377,1,1,0,0
1272,TCGA-GM-A2DD-DX1_xmin47260_ymin22408_MPP-0.2500+378,0,1,0,0
1273,TCGA-GM-A2DD-DX1_xmin47260_ymin22408_MPP-0.2500+379,1,0,0,1
1274,TCGA-GM-A2DD-DX1_xmin47260_ymin22408_MPP-0.2500+38,0,1,0,0
1275,TCGA-GM-A2DD-DX1_xmin47260_ymin22408_MPP-0.2500+380,1,0,0,0
1276,TCGA-GM-A2DD-DX1_xmin47260_ymin22408_MPP-0.2500+381,1,0,0,0
1277,TCGA-GM-A2DD-DX1_xmin47260_ymin22408_MPP-0.2500+382,1,0,0,0
1278,TCGA-GM-A2DD-DX1_xmin47260_ymin22408_MPP-0.2500+383,1,1,0,0
1279,TCGA-GM-A2DD-DX1_xmin47260_ymin22408_MPP-0.2500+384,0,1,0,0
1280,TCGA-GM-A2DD-DX1_xmin47260_ymin22408_MPP-0.2500+385,0,1,0,0
1281,TCGA-GM-A2DD-DX1_xmin47260_ymin22408_MPP-0.2500+386,1,1,0,0
1282,TCGA-GM-A2DD-DX1_xmin47260_ymin22408_MPP-0.2500+387,1,0,0,0
1283,TCGA-GM-A2DD-DX1_xmin47260_ymin22408_MPP-0.2500+388,1,1,0,0
1284,TCGA-GM-A2DD-DX1_xmin47260_ymin22408_MPP-0.2500+389,1,1,0,0
1285,TCGA-GM-A2DD-DX1_xmin47260_ymin22408_MPP-0.2500+39,0,1,0,0
1286,TCGA-GM-A2DD-DX1_xmin47260_ymin22408_MPP-0.2500+390,1,0,0,0
1287,TCGA-GM-A2DD-DX1_xmin47260_ymin22408_MPP-0.2500+391,1,0,0,1
1288,TCGA-GM-A2DD-DX1_xmin47260_ymin22408_MPP-0.2500+392,0,0,0,1
1289,TCGA-GM-A2DD-DX1_xmin47260_ymin22408_MPP-0.2500+393,0,0,0,1
1290,TCGA-GM-A2DD-DX1_xmin47260_ymin22408_MPP-0.2500+394,1,0,0,1
1291,TCGA-GM-A2DD-DX1_xmin47260_ymin22408_MPP-0.2500+395,1,0,0,1
1292,TCGA-GM-A2DD-DX1_xmin47260_ymin22408_MPP-0.2500+396,1,0,0,0
1293,TCGA-GM-A2DD-DX1_xmin47260_ymin22408_MPP-0.2500+397,1,0,0,0
1294,TCGA-GM-A2DD-DX1_xmin47260_ymin22408_MPP-0.2500+398,0,1,0,0
1295,TCGA-GM-A2DD-DX1_xmin47260_ymin22408_MPP-0.2500+399,0,1,0,0
1296,TCGA-GM-A2DD-DX1_xmin47260_ymin22408_MPP-0.2500+4,0,1,0,0
1297,TCGA-GM-A2DD-DX1_xmin47260_ymin22408_MPP-0.2500+40,0,1,0,0
1298,TCGA-GM-A2DD-DX1_xmin47260_ymin22408_MPP-0.2500+400,0,1,0,0
1299,TCGA-GM-A2DD-DX1_xmin47260_ymin22408_MPP-0.2500+401,1,1,0,0
1300,TCGA-GM-A2DD-DX1_xmin47260_ymin22408_MPP-0.2500+402,1,1,0,0
1301,TCGA-GM-A2DD-DX1_xmin47260_ymin22408_MPP-0.2500+403,1,1,0,0
1302,TCGA-GM-A2DD-DX1_xmin47260_ymin22408_MPP-0.2500+404,1,0,0,0
1303,TCGA-GM-A2DD-DX1_xmin47260_ymin22408_MPP-0.2500+405,1,0,0,0
1304,TCGA-GM-A2DD-DX1_xmin47260_ymin22408_MPP-0.2500+406,1,1,0,0
1305,TCGA-GM-A2DD-DX1_xmin47260_ymin22408_MPP-0.2500+407,1,0,0,0
1306,TCGA-GM-A2DD-DX1_xmin47260_ymin22408_MPP-0.2500+408,1,0,0,1
1307,TCGA-GM-A2DD-DX1_xmin47260_ymin22408_MPP-0.2500+409,1,0,0,0
1308,TCGA-GM-A2DD-DX1_xmin47260_ymin22408_MPP-0.2500+41,0,1,0,0
1309,TCGA-GM-A2DD-DX1_xmin47260_ymin22408_MPP-0.2500+410,1,0,0,0
1310,TCGA-GM-A2DD-DX1_xmin47260_ymin22408_MPP-0.2500+411,1,0,0,0
1311,TCGA-GM-A2DD-DX1_xmin47260_ymin22408_MPP-0.2500+412,1,1,0,0
1312,TCGA-GM-A2DD-DX1_xmin47260_ymin22408_MPP-0.2500+413,0,1,0,0
1313,TCGA-GM-A2DD-DX1_xmin47260_ymin22408_MPP-0.2500+414,0,1,0,0
1314,TCGA-GM-A2DD-DX1_xmin47260_ymin22408_MPP-0.2500+415,1,1,0,0
1315,TCGA-GM-A2DD-DX1_xmin47260_ymin22408_MPP-0.2500+416,0,1,0,0
1316,TCGA-GM-A2DD-DX1_xmin47260_ymin22408_MPP-0.2500+417,1,1,0,0
1317,TCGA-GM-A2DD-DX1_xmin47260_ymin22408_MPP-0.2500+418,1,1,0,0
1318,TCGA-GM-A2DD-DX1_xmin47260_ymin22408_MPP-0.2500+419,1,1,0,0
1319,TCGA-GM-A2DD-DX1_xmin47260_ymin22408_MPP-0.2500+42,0,1,0,0
1320,TCGA-GM-A2DD-DX1_xmin47260_ymin22408_MPP-0.2500+420,1,0,0,0
1321,TCGA-GM-A2DD-DX1_xmin47260_ymin22408_MPP-0.2500+421,1,0,0,0
1322,TCGA-GM-A2DD-DX1_xmin47260_ymin22408_MPP-0.2500+422,1,0,0,0
1323,TCGA-GM-A2DD-DX1_xmin47260_ymin22408_MPP-0.2500+423,1,0,0,0
1324,TCGA-GM-A2DD-DX1_xmin47260_ymin22408_MPP-0.2500+424,1,0,0,0
1325,TCGA-GM-A2DD-DX1_xmin47260_ymin22408_MPP-0.2500+425,1,0,0,0
1326,TCGA-GM-A2DD-DX1_xmin47260_ymin22408_MPP-0.2500+426,1,0,0,0
1327,TCGA-GM-A2DD-DX1_xmin47260_ymin22408_MPP-0.2500+427,0,1,0,0
1328,TCGA-GM-A2DD-DX1_xmin47260_ymin22408_MPP-0.2500+428,0,1,0,0
1329,TCGA-GM-A2DD-DX1_xmin47260_ymin22408_MPP-0.2500+429,1,1,0,0
1330,TCGA-GM-A2DD-DX1_xmin47260_ymin22408_MPP-0.2500+43,0,1,0,0
1331,TCGA-GM-A2DD-DX1_xmin47260_ymin22408_MPP-0.2500+430,1,1,0,0
1332,TCGA-GM-A2DD-DX1_xmin47260_ymin22408_MPP-0.2500+431,1,1,0,0
1333,TCGA-GM-A2DD-DX1_xmin47260_ymin22408_MPP-0.2500+432,1,1,0,0
1334,TCGA-GM-A2DD-DX1_xmin47260_ymin22408_MPP-0.2500+433,1,1,0,0
1335,TCGA-GM-A2DD-DX1_xmin47260_ymin22408_MPP-0.2500+434,1,1,0,0
1336,TCGA-GM-A2DD-DX1_xmin47260_ymin22408_MPP-0.2500+44,0,1,0,0
1337,TCGA-GM-A2DD-DX1_xmin47260_ymin22408_MPP-0.2500+45,1,1,0,0
1338,TCGA-GM-A2DD-DX1_xmin47260_ymin22408_MPP-0.2500+46,0,1,1,0
1339,TCGA-GM-A2DD-DX1_xmin47260_ymin22408_MPP-0.2500+47,0,1,0,0
1340,TCGA-GM-A2DD-DX1_xmin47260_ymin22408_MPP-0.2500+48,0,1,1,0
1341,TCGA-GM-A2DD-DX1_xmin47260_ymin22408_MPP-0.2500+49,0,1,1,0
1342,TCGA-GM-A2DD-DX1_xmin47260_ymin22408_MPP-0.2500+5,0,1,0,0
1343,TCGA-GM-A2DD-DX1_xmin47260_ymin22408_MPP-0.2500+50,0,1,0,0
1344,TCGA-GM-A2DD-DX1_xmin47260_ymin22408_MPP-0.2500+51,0,1,0,0
1345,TCGA-GM-A2DD-DX1_xmin47260_ymin22408_MPP-0.2500+52,0,1,0,0
1346,TCGA-GM-A2DD-DX1_xmin47260_ymin22408_MPP-0.2500+53,1,1,0,0
1347,TCGA-GM-A2DD-DX1_xmin47260_ymin22408_MPP-0.2500+54,0,1,0,0
1348,TCGA-GM-A2DD-DX1_xmin47260_ymin22408_MPP-0.2500+55,0,1,0,0
1349,TCGA-GM-A2DD-DX1_xmin47260_ymin22408_MPP-0.2500+56,0,1,0,0
1350,TCGA-GM-A2DD-DX1_xmin47260_ymin22408_MPP-0.2500+57,0,1,0,0
1351,TCGA-GM-A2DD-DX1_xmin47260_ymin22408_MPP-0.2500+58,0,1,0,0
1352,TCGA-GM-A2DD-DX1_xmin47260_ymin22408_MPP-0.2500+59,0,1,0,0
1353,TCGA-GM-A2DD-DX1_xmin47260_ymin22408_MPP-0.2500+6,0,1,0,0
1354,TCGA-GM-A2DD-DX1_xmin47260_ymin22408_MPP-0.2500+60,0,1,1,0
1355,TCGA-GM-A2DD-DX1_xmin47260_ymin22408_MPP-0.2500+61,0,1,1,0
1356,TCGA-GM-A2DD-DX1_xmin47260_ymin22408_MPP-0.2500+62,0,1,0,0
1357,TCGA-GM-A2DD-DX1_xmin47260_ymin22408_MPP-0.2500+63,1,1,0,0
1358,TCGA-GM-A2DD-DX1_xmin47260_ymin22408_MPP-0.2500+64,0,1,0,0
1359,TCGA-GM-A2DD-DX1_xmin47260_ymin22408_MPP-0.2500+65,0,1,0,0
1360,TCGA-GM-A2DD-DX1_xmin47260_ymin22408_MPP-0.2500+66,1,1,0,0
1361,TCGA-GM-A2DD-DX1_xmin47260_ymin22408_MPP-0.2500+67,1,0,0,0
1362,TCGA-GM-A2DD-DX1_xmin47260_ymin22408_MPP-0.2500+68,1,1,0,0
1363,TCGA-GM-A2DD-DX1_xmin47260_ymin22408_MPP-0.2500+69,0,1,0,0
1364,TCGA-GM-A2DD-DX1_xmin47260_ymin22408_MPP-0.2500+7,0,1,0,0
1365,TCGA-GM-A2DD-DX1_xmin47260_ymin22408_MPP-0.2500+70,0,1,0,0
1366,TCGA-GM-A2DD-DX1_xmin47260_ymin22408_MPP-0.2500+71,0,1,0,0
1367,TCGA-GM-A2DD-DX1_xmin47260_ymin22408_MPP-0.2500+72,0,1,0,0
1368,TCGA-GM-A2DD-DX1_xmin47260_ymin22408_MPP-0.2500+73,0,1,0,0
1369,TCGA-GM-A2DD-DX1_xmin47260_ymin22408_MPP-0.2500+74,0,1,0,0
1370,TCGA-GM-A2DD-DX1_xmin47260_ymin22408_MPP-0.2500+75,0,1,1,0
1371,TCGA-GM-A2DD-DX1_xmin47260_ymin22408_MPP-0.2500+76,0,1,1,0
1372,TCGA-GM-A2DD-DX1_xmin47260_ymin22408_MPP-0.2500+77,0,1,0,0
1373,TCGA-GM-A2DD-DX1_xmin47260_ymin22408_MPP-0.2500+78,1,1,0,0
1374,TCGA-GM-A2DD-DX1_xmin47260_ymin22408_MPP-0.2500+79,0,1,0,0
1375,TCGA-GM-A2DD-DX1_xmin47260_ymin22408_MPP-0.2500+8,0,1,0,0
1376,TCGA-GM-A2DD-DX1_xmin47260_ymin22408_MPP-0.2500+80,0,1,0,0
1377,TCGA-GM-A2DD-DX1_xmin47260_ymin22408_MPP-0.2500+81,1,1,0,0
1378,TCGA-GM-A2DD-DX1_xmin47260_ymin22408_MPP-0.2500+82,1,1,0,0
1379,TCGA-GM-A2DD-DX1_xmin47260_ymin22408_MPP-0.2500+83,1,1,0,0
1380,TCGA-GM-A2DD-DX1_xmin47260_ymin22408_MPP-0.2500+84,0,1,0,0
1381,TCGA-GM-A2DD-DX1_xmin47260_ymin22408_MPP-0.2500+85,0,1,0,0
1382,TCGA-GM-A2DD-DX1_xmin47260_ymin22408_MPP-0.2500+86,0,1,0,0
1383,TCGA-GM-A2DD-DX1_xmin47260_ymin22408_MPP-0.2500+87,0,1,0,0
1384,TCGA-GM-A2DD-DX1_xmin47260_ymin22408_MPP-0.2500+88,0,1,0,0
1385,TCGA-GM-A2DD-DX1_xmin47260_ymin22408_MPP-0.2500+89,0,1,0,0
1386,TCGA-GM-A2DD-DX1_xmin47260_ymin22408_MPP-0.2500+9,0,1,0,0
1387,TCGA-GM-A2DD-DX1_xmin47260_ymin22408_MPP-0.2500+90,0,1,0,0
1388,TCGA-GM-A2DD-DX1_xmin47260_ymin22408_MPP-0.2500+91,0,1,0,0
1389,TCGA-GM-A2DD-DX1_xmin47260_ymin22408_MPP-0.2500+92,0,1,0,0
1390,TCGA-GM-A2DD-DX1_xmin47260_ymin22408_MPP-0.2500+93,1,1,0,0
1391,TCGA-GM-A2DD-DX1_xmin47260_ymin22408_MPP-0.2500+94,0,1,0,0
1392,TCGA-GM-A2DD-DX1_xmin47260_ymin22408_MPP-0.2500+95,0,1,0,0
1393,TCGA-GM-A2DD-DX1_xmin47260_ymin22408_MPP-0.2500+96,0,1,0,0
1394,TCGA-GM-A2DD-DX1_xmin47260_ymin22408_MPP-0.2500+97,0,1,0,0
1395,TCGA-GM-A2DD-DX1_xmin47260_ymin22408_MPP-0.2500+98,0,1,0,0
1396,TCGA-GM-A2DD-DX1_xmin47260_ymin22408_MPP-0.2500+99,0,1,0,0
1397,TCGA-GM-A2DF-DX1_xmin50637_ymin43774_MPP-0.2500+0,0,0,1,0
1398,TCGA-GM-A2DF-DX1_xmin50637_ymin43774_MPP-0.2500+1,0,0,1,0
1399,TCGA-GM-A2DF-DX1_xmin50637_ymin43774_MPP-0.2500+10,0,0,1,0
1400,TCGA-GM-A2DF-DX1_xmin50637_ymin43774_MPP-0.2500+100,0,1,1,0
1401,TCGA-GM-A2DF-DX1_xmin50637_ymin43774_MPP-0.2500+101,0,1,1,0
1402,TCGA-GM-A2DF-DX1_xmin50637_ymin43774_MPP-0.2500+102,0,1,1,0
1403,TCGA-GM-A2DF-DX1_xmin50637_ymin43774_MPP-0.2500+103,1,1,1,0
1404,TCGA-GM-A2DF-DX1_xmin50637_ymin43774_MPP-0.2500+104,0,1,0,0
1405,TCGA-GM-A2DF-DX1_xmin50637_ymin43774_MPP-0.2500+105,0,1,0,0
1406,TCGA-GM-A2DF-DX1_xmin50637_ymin43774_MPP-0.2500+106,0,1,0,0
1407,TCGA-GM-A2DF-DX1_xmin50637_ymin43774_MPP-0.2500+107,0,1,0,0
1408,TCGA-GM-A2DF-DX1_xmin50637_ymin43774_MPP-0.2500+108,0,1,0,0
1409,TCGA-GM-A2DF-DX1_xmin50637_ymin43774_MPP-0.2500+109,0,0,1,0
1410,TCGA-GM-A2DF-DX1_xmin50637_ymin43774_MPP-0.2500+11,0,0,1,0
1411,TCGA-GM-A2DF-DX1_xmin50637_ymin43774_MPP-0.2500+110,0,1,1,0
1412,TCGA-GM-A2DF-DX1_xmin50637_ymin43774_MPP-0.2500+111,0,1,0,0
1413,TCGA-GM-A2DF-DX1_xmin50637_ymin43774_MPP-0.2500+112,0,1,1,0
1414,TCGA-GM-A2DF-DX1_xmin50637_ymin43774_MPP-0.2500+113,0,1,0,0
1415,TCGA-GM-A2DF-DX1_xmin50637_ymin43774_MPP-0.2500+114,0,1,0,0
1416,TCGA-GM-A2DF-DX1_xmin50637_ymin43774_MPP-0.2500+115,0,1,0,0
1417,TCGA-GM-A2DF-DX1_xmin50637_ymin43774_MPP-0.2500+116,0,1,0,0
1418,TCGA-GM-A2DF-DX1_xmin50637_ymin43774_MPP-0.2500+117,0,1,0,0
1419,TCGA-GM-A2DF-DX1_xmin50637_ymin43774_MPP-0.2500+118,0,1,0,0
1420,TCGA-GM-A2DF-DX1_xmin50637_ymin43774_MPP-0.2500+119,0,1,0,0
1421,TCGA-GM-A2DF-DX1_xmin50637_ymin43774_MPP-0.2500+12,1,1,1,0
1422,TCGA-GM-A2DF-DX1_xmin50637_ymin43774_MPP-0.2500+120,0,1,0,0
1423,TCGA-GM-A2DF-DX1_xmin50637_ymin43774_MPP-0.2500+121,0,1,0,0
1424,TCGA-GM-A2DF-DX1_xmin50637_ymin43774_MPP-0.2500+122,0,1,0,0
1425,TCGA-GM-A2DF-DX1_xmin50637_ymin43774_MPP-0.2500+123,0,0,1,0
1426,TCGA-GM-A2DF-DX1_xmin50637_ymin43774_MPP-0.2500+124,0,0,1,0
1427,TCGA-GM-A2DF-DX1_xmin50637_ymin43774_MPP-0.2500+125,0,0,1,0
1428,TCGA-GM-A2DF-DX1_xmin50637_ymin43774_MPP-0.2500+126,0,1,1,0
1429,TCGA-GM-A2DF-DX1_xmin50637_ymin43774_MPP-0.2500+127,0,1,1,0
1430,TCGA-GM-A2DF-DX1_xmin50637_ymin43774_MPP-0.2500+128,0,1,0,0
1431,TCGA-GM-A2DF-DX1_xmin50637_ymin43774_MPP-0.2500+129,0,1,0,0
1432,TCGA-GM-A2DF-DX1_xmin50637_ymin43774_MPP-0.2500+13,1,1,0,0
1433,TCGA-GM-A2DF-DX1_xmin50637_ymin43774_MPP-0.2500+130,0,1,0,0
1434,TCGA-GM-A2DF-DX1_xmin50637_ymin43774_MPP-0.2500+131,0,1,0,0
1435,TCGA-GM-A2DF-DX1_xmin50637_ymin43774_MPP-0.2500+132,0,1,0,0
1436,TCGA-GM-A2DF-DX1_xmin50637_ymin43774_MPP-0.2500+133,0,1,0,0
1437,TCGA-GM-A2DF-DX1_xmin50637_ymin43774_MPP-0.2500+134,0,1,0,0
1438,TCGA-GM-A2DF-DX1_xmin50637_ymin43774_MPP-0.2500+135,0,1,0,0
1439,TCGA-GM-A2DF-DX1_xmin50637_ymin43774_MPP-0.2500+136,0,1,0,0
1440,TCGA-GM-A2DF-DX1_xmin50637_ymin43774_MPP-0.2500+137,0,1,1,0
1441,TCGA-GM-A2DF-DX1_xmin50637_ymin43774_MPP-0.2500+138,1,0,1,0
1442,TCGA-GM-A2DF-DX1_xmin50637_ymin43774_MPP-0.2500+139,0,1,1,0
1443,TCGA-GM-A2DF-DX1_xmin50637_ymin43774_MPP-0.2500+14,1,1,0,0
1444,TCGA-GM-A2DF-DX1_xmin50637_ymin43774_MPP-0.2500+140,0,1,1,0
1445,TCGA-GM-A2DF-DX1_xmin50637_ymin43774_MPP-0.2500+141,0,1,1,0
1446,TCGA-GM-A2DF-DX1_xmin50637_ymin43774_MPP-0.2500+142,0,1,0,0
1447,TCGA-GM-A2DF-DX1_xmin50637_ymin43774_MPP-0.2500+143,0,1,0,0
1448,TCGA-GM-A2DF-DX1_xmin50637_ymin43774_MPP-0.2500+144,0,1,0,0
1449,TCGA-GM-A2DF-DX1_xmin50637_ymin43774_MPP-0.2500+145,0,1,0,0
1450,TCGA-GM-A2DF-DX1_xmin50637_ymin43774_MPP-0.2500+146,0,1,0,0
1451,TCGA-GM-A2DF-DX1_xmin50637_ymin43774_MPP-0.2500+147,0,1,0,0
1452,TCGA-GM-A2DF-DX1_xmin50637_ymin43774_MPP-0.2500+148,0,1,0,0
1453,TCGA-GM-A2DF-DX1_xmin50637_ymin43774_MPP-0.2500+149,0,1,0,0
1454,TCGA-GM-A2DF-DX1_xmin50637_ymin43774_MPP-0.2500+15,1,0,0,0
1455,TCGA-GM-A2DF-DX1_xmin50637_ymin43774_MPP-0.2500+150,0,1,1,0
1456,TCGA-GM-A2DF-DX1_xmin50637_ymin43774_MPP-0.2500+151,0,1,1,0
1457,TCGA-GM-A2DF-DX1_xmin50637_ymin43774_MPP-0.2500+152,0,1,1,0
1458,TCGA-GM-A2DF-DX1_xmin50637_ymin43774_MPP-0.2500+153,0,1,1,0
1459,TCGA-GM-A2DF-DX1_xmin50637_ymin43774_MPP-0.2500+154,0,1,1,0
1460,TCGA-GM-A2DF-DX1_xmin50637_ymin43774_MPP-0.2500+155,0,1,0,0
1461,TCGA-GM-A2DF-DX1_xmin50637_ymin43774_MPP-0.2500+156,0,1,0,0
1462,TCGA-GM-A2DF-DX1_xmin50637_ymin43774_MPP-0.2500+157,0,1,0,0
1463,TCGA-GM-A2DF-DX1_xmin50637_ymin43774_MPP-0.2500+158,0,1,0,0
1464,TCGA-GM-A2DF-DX1_xmin50637_ymin43774_MPP-0.2500+159,0,1,0,0
1465,TCGA-GM-A2DF-DX1_xmin50637_ymin43774_MPP-0.2500+16,0,1,0,0
1466,TCGA-GM-A2DF-DX1_xmin50637_ymin43774_MPP-0.2500+160,0,1,0,0
1467,TCGA-GM-A2DF-DX1_xmin50637_ymin43774_MPP-0.2500+161,0,1,0,0
1468,TCGA-GM-A2DF-DX1_xmin50637_ymin43774_MPP-0.2500+162,0,1,0,0
1469,TCGA-GM-A2DF-DX1_xmin50637_ymin43774_MPP-0.2500+163,0,0,1,0
1470,TCGA-GM-A2DF-DX1_xmin50637_ymin43774_MPP-0.2500+164,0,1,1,0
1471,TCGA-GM-A2DF-DX1_xmin50637_ymin43774_MPP-0.2500+165,0,1,1,0
1472,TCGA-GM-A2DF-DX1_xmin50637_ymin43774_MPP-0.2500+166,0,1,1,0
1473,TCGA-GM-A2DF-DX1_xmin50637_ymin43774_MPP-0.2500+167,0,1,1,0
1474,TCGA-GM-A2DF-DX1_xmin50637_ymin43774_MPP-0.2500+168,0,1,0,0
1475,TCGA-GM-A2DF-DX1_xmin50637_ymin43774_MPP-0.2500+169,0,1,0,0
1476,TCGA-GM-A2DF-DX1_xmin50637_ymin43774_MPP-0.2500+17,0,1,0,0
1477,TCGA-GM-A2DF-DX1_xmin50637_ymin43774_MPP-0.2500+170,0,1,0,0
1478,TCGA-GM-A2DF-DX1_xmin50637_ymin43774_MPP-0.2500+171,0,1,0,0
1479,TCGA-GM-A2DF-DX1_xmin50637_ymin43774_MPP-0.2500+172,0,1,0,0
1480,TCGA-GM-A2DF-DX1_xmin50637_ymin43774_MPP-0.2500+173,0,1,0,0
1481,TCGA-GM-A2DF-DX1_xmin50637_ymin43774_MPP-0.2500+174,0,1,0,0
1482,TCGA-GM-A2DF-DX1_xmin50637_ymin43774_MPP-0.2500+175,0,1,0,0
1483,TCGA-GM-A2DF-DX1_xmin50637_ymin43774_MPP-0.2500+176,0,1,1,0
1484,TCGA-GM-A2DF-DX1_xmin50637_ymin43774_MPP-0.2500+177,0,1,1,0
1485,TCGA-GM-A2DF-DX1_xmin50637_ymin43774_MPP-0.2500+178,0,1,0,0
1486,TCGA-GM-A2DF-DX1_xmin50637_ymin43774_MPP-0.2500+179,0,1,0,0
1487,TCGA-GM-A2DF-DX1_xmin50637_ymin43774_MPP-0.2500+18,0,1,1,0
1488,TCGA-GM-A2DF-DX1_xmin50637_ymin43774_MPP-0.2500+180,0,1,1,0
1489,TCGA-GM-A2DF-DX1_xmin50637_ymin43774_MPP-0.2500+181,0,1,1,0
1490,TCGA-GM-A2DF-DX1_xmin50637_ymin43774_MPP-0.2500+182,0,1,1,0
1491,TCGA-GM-A2DF-DX1_xmin50637_ymin43774_MPP-0.2500+183,0,1,0,0
1492,TCGA-GM-A2DF-DX1_xmin50637_ymin43774_MPP-0.2500+184,0,1,0,0
1493,TCGA-GM-A2DF-DX1_xmin50637_ymin43774_MPP-0.2500+185,0,1,1,0
1494,TCGA-GM-A2DF-DX1_xmin50637_ymin43774_MPP-0.2500+186,0,1,1,0
1495,TCGA-GM-A2DF-DX1_xmin50637_ymin43774_MPP-0.2500+187,0,1,0,0
1496,TCGA-GM-A2DF-DX1_xmin50637_ymin43774_MPP-0.2500+188,0,1,0,0
1497,TCGA-GM-A2DF-DX1_xmin50637_ymin43774_MPP-0.2500+189,0,1,0,0
1498,TCGA-GM-A2DF-DX1_xmin50637_ymin43774_MPP-0.2500+19,1,1,1,0
1499,TCGA-GM-A2DF-DX1_xmin50637_ymin43774_MPP-0.2500+2,0,0,1,0
1500,TCGA-GM-A2DF-DX1_xmin50637_ymin43774_MPP-0.2500+20,1,1,0,0
1501,TCGA-GM-A2DF-DX1_xmin50637_ymin43774_MPP-0.2500+21,0,1,1,0
1502,TCGA-GM-A2DF-DX1_xmin50637_ymin43774_MPP-0.2500+22,0,1,1,0
1503,TCGA-GM-A2DF-DX1_xmin50637_ymin43774_MPP-0.2500+23,0,1,1,0
1504,TCGA-GM-A2DF-DX1_xmin50637_ymin43774_MPP-0.2500+24,0,0,1,0
1505,TCGA-GM-A2DF-DX1_xmin50637_ymin43774_MPP-0.2500+25,0,0,1,0
1506,TCGA-GM-A2DF-DX1_xmin50637_ymin43774_MPP-0.2500+26,0,1,1,0
1507,TCGA-GM-A2DF-DX1_xmin50637_ymin43774_MPP-0.2500+27,1,1,0,0
1508,TCGA-GM-A2DF-DX1_xmin50637_ymin43774_MPP-0.2500+28,1,0,0,0
1509,TCGA-GM-A2DF-DX1_xmin50637_ymin43774_MPP-0.2500+29,1,1,0,0
1510,TCGA-GM-A2DF-DX1_xmin50637_ymin43774_MPP-0.2500+3,0,0,1,0
1511,TCGA-GM-A2DF-DX1_xmin50637_ymin43774_MPP-0.2500+30,1,0,0,0
1512,TCGA-GM-A2DF-DX1_xmin50637_ymin43774_MPP-0.2500+31,1,0,0,0
1513,TCGA-GM-A2DF-DX1_xmin50637_ymin43774_MPP-0.2500+32,1,0,0,0
1514,TCGA-GM-A2DF-DX1_xmin50637_ymin43774_MPP-0.2500+33,1,0,0,0
1515,TCGA-GM-A2DF-DX1_xmin50637_ymin43774_MPP-0.2500+34,1,0,0,0
1516,TCGA-GM-A2DF-DX1_xmin50637_ymin43774_MPP-0.2500+35,1,1,0,0
1517,TCGA-GM-A2DF-DX1_xmin50637_ymin43774_MPP-0.2500+36,1,1,0,0
1518,TCGA-GM-A2DF-DX1_xmin50637_ymin43774_MPP-0.2500+37,1,1,1,0
1519,TCGA-GM-A2DF-DX1_xmin50637_ymin43774_MPP-0.2500+38,0,0,1,0
1520,TCGA-GM-A2DF-DX1_xmin50637_ymin43774_MPP-0.2500+39,0,0,1,0
1521,TCGA-GM-A2DF-DX1_xmin50637_ymin43774_MPP-0.2500+4,0,1,1,0
1522,TCGA-GM-A2DF-DX1_xmin50637_ymin43774_MPP-0.2500+40,0,1,1,0
1523,TCGA-GM-A2DF-DX1_xmin50637_ymin43774_MPP-0.2500+41,1,0,1,0
1524,TCGA-GM-A2DF-DX1_xmin50637_ymin43774_MPP-0.2500+42,0,1,0,0
1525,TCGA-GM-A2DF-DX1_xmin50637_ymin43774_MPP-0.2500+43,0,1,0,0
1526,TCGA-GM-A2DF-DX1_xmin50637_ymin43774_MPP-0.2500+44,1,0,0,0
1527,TCGA-GM-A2DF-DX1_xmin50637_ymin43774_MPP-0.2500+45,1,1,0,0
1528,TCGA-GM-A2DF-DX1_xmin50637_ymin43774_MPP-0.2500+46,1,1,0,0
1529,TCGA-GM-A2DF-DX1_xmin50637_ymin43774_MPP-0.2500+47,1,1,0,0
1530,TCGA-GM-A2DF-DX1_xmin50637_ymin43774_MPP-0.2500+48,1,1,0,0
1531,TCGA-GM-A2DF-DX1_xmin50637_ymin43774_MPP-0.2500+49,1,1,1,0
1532,TCGA-GM-A2DF-DX1_xmin50637_ymin43774_MPP-0.2500+5,0,0,1,0
1533,TCGA-GM-A2DF-DX1_xmin50637_ymin43774_MPP-0.2500+50,1,1,0,0
1534,TCGA-GM-A2DF-DX1_xmin50637_ymin43774_MPP-0.2500+51,1,1,1,0
1535,TCGA-GM-A2DF-DX1_xmin50637_ymin43774_MPP-0.2500+52,0,0,1,0
1536,TCGA-GM-A2DF-DX1_xmin50637_ymin43774_MPP-0.2500+53,0,0,1,0
1537,TCGA-GM-A2DF-DX1_xmin50637_ymin43774_MPP-0.2500+54,0,1,1,0
1538,TCGA-GM-A2DF-DX1_xmin50637_ymin43774_MPP-0.2500+55,0,0,1,0
1539,TCGA-GM-A2DF-DX1_xmin50637_ymin43774_MPP-0.2500+56,0,1,1,0
1540,TCGA-GM-A2DF-DX1_xmin50637_ymin43774_MPP-0.2500+57,1,0,0,0
1541,TCGA-GM-A2DF-DX1_xmin50637_ymin43774_MPP-0.2500+58,1,0,0,0
1542,TCGA-GM-A2DF-DX1_xmin50637_ymin43774_MPP-0.2500+59,1,1,0,0
1543,TCGA-GM-A2DF-DX1_xmin50637_ymin43774_MPP-0.2500+6,0,1,1,0
1544,TCGA-GM-A2DF-DX1_xmin50637_ymin43774_MPP-0.2500+60,1,1,0,0
1545,TCGA-GM-A2DF-DX1_xmin50637_ymin43774_MPP-0.2500+61,0,1,1,0
1546,TCGA-GM-A2DF-DX1_xmin50637_ymin43774_MPP-0.2500+62,1,1,0,0
1547,TCGA-GM-A2DF-DX1_xmin50637_ymin43774_MPP-0.2500+63,1,1,1,0
1548,TCGA-GM-A2DF-DX1_xmin50637_ymin43774_MPP-0.2500+64,0,1,1,0
1549,TCGA-GM-A2DF-DX1_xmin50637_ymin43774_MPP-0.2500+65,1,1,1,0
1550,TCGA-GM-A2DF-DX1_xmin50637_ymin43774_MPP-0.2500+66,0,1,1,0
1551,TCGA-GM-A2DF-DX1_xmin50637_ymin43774_MPP-0.2500+67,0,1,1,0
1552,TCGA-GM-A2DF-DX1_xmin50637_ymin43774_MPP-0.2500+68,0,0,1,0
1553,TCGA-GM-A2DF-DX1_xmin50637_ymin43774_MPP-0.2500+69,0,0,1,0
1554,TCGA-GM-A2DF-DX1_xmin50637_ymin43774_MPP-0.2500+7,0,0,1,0
1555,TCGA-GM-A2DF-DX1_xmin50637_ymin43774_MPP-0.2500+70,0,1,0,0
1556,TCGA-GM-A2DF-DX1_xmin50637_ymin43774_MPP-0.2500+71,1,0,0,0
1557,TCGA-GM-A2DF-DX1_xmin50637_ymin43774_MPP-0.2500+72,0,0,1,0
1558,TCGA-GM-A2DF-DX1_xmin50637_ymin43774_MPP-0.2500+73,0,0,1,0
1559,TCGA-GM-A2DF-DX1_xmin50637_ymin43774_MPP-0.2500+74,0,0,1,0
1560,TCGA-GM-A2DF-DX1_xmin50637_ymin43774_MPP-0.2500+75,1,1,0,0
1561,TCGA-GM-A2DF-DX1_xmin50637_ymin43774_MPP-0.2500+76,1,1,0,0
1562,TCGA-GM-A2DF-DX1_xmin50637_ymin43774_MPP-0.2500+77,0,1,1,0
1563,TCGA-GM-A2DF-DX1_xmin50637_ymin43774_MPP-0.2500+78,0,1,1,0
1564,TCGA-GM-A2DF-DX1_xmin50637_ymin43774_MPP-0.2500+79,0,1,0,0
1565,TCGA-GM-A2DF-DX1_xmin50637_ymin43774_MPP-0.2500+8,0,0,1,0
1566,TCGA-GM-A2DF-DX1_xmin50637_ymin43774_MPP-0.2500+80,0,1,0,0
1567,TCGA-GM-A2DF-DX1_xmin50637_ymin43774_MPP-0.2500+81,0,1,1,0
1568,TCGA-GM-A2DF-DX1_xmin50637_ymin43774_MPP-0.2500+82,0,0,1,0
1569,TCGA-GM-A2DF-DX1_xmin50637_ymin43774_MPP-0.2500+83,0,0,1,0
1570,TCGA-GM-A2DF-DX1_xmin50637_ymin43774_MPP-0.2500+84,0,0,1,0
1571,TCGA-GM-A2DF-DX1_xmin50637_ymin43774_MPP-0.2500+85,0,0,1,0
1572,TCGA-GM-A2DF-DX1_xmin50637_ymin43774_MPP-0.2500+86,0,0,1,0
1573,TCGA-GM-A2DF-DX1_xmin50637_ymin43774_MPP-0.2500+87,0,0,1,0
1574,TCGA-GM-A2DF-DX1_xmin50637_ymin43774_MPP-0.2500+88,1,1,0,0
1575,TCGA-GM-A2DF-DX1_xmin50637_ymin43774_MPP-0.2500+89,1,1,1,0
1576,TCGA-GM-A2DF-DX1_xmin50637_ymin43774_MPP-0.2500+9,0,0,1,0
1577,TCGA-GM-A2DF-DX1_xmin50637_ymin43774_MPP-0.2500+90,0,1,1,0
1578,TCGA-GM-A2DF-DX1_xmin50637_ymin43774_MPP-0.2500+91,0,1,0,0
1579,TCGA-GM-A2DF-DX1_xmin50637_ymin43774_MPP-0.2500+92,0,1,0,0
1580,TCGA-GM-A2DF-DX1_xmin50637_ymin43774_MPP-0.2500+93,0,1,0,0
1581,TCGA-GM-A2DF-DX1_xmin50637_ymin43774_MPP-0.2500+94,0,1,0,0
1582,TCGA-GM-A2DF-DX1_xmin50637_ymin43774_MPP-0.2500+95,0,0,1,0
1583,TCGA-GM-A2DF-DX1_xmin50637_ymin43774_MPP-0.2500+96,0,1,1,0
1584,TCGA-GM-A2DF-DX1_xmin50637_ymin43774_MPP-0.2500+97,0,1,1,0
1585,TCGA-GM-A2DF-DX1_xmin50637_ymin43774_MPP-0.2500+98,0,0,1,0
1586,TCGA-GM-A2DF-DX1_xmin50637_ymin43774_MPP-0.2500+99,0,1,1,0
1587,TCGA-GM-A2DH-DX1_xmin50963_ymin56303_MPP-0.2500+0,1,0,0,0
1588,TCGA-GM-A2DH-DX1_xmin50963_ymin56303_MPP-0.2500+1,1,0,0,0
1589,TCGA-GM-A2DH-DX1_xmin50963_ymin56303_MPP-0.2500+10,1,0,0,0
1590,TCGA-GM-A2DH-DX1_xmin50963_ymin56303_MPP-0.2500+100,1,0,0,0
1591,TCGA-GM-A2DH-DX1_xmin50963_ymin56303_MPP-0.2500+101,1,1,0,0
1592,TCGA-GM-A2DH-DX1_xmin50963_ymin56303_MPP-0.2500+102,0,1,0,0
1593,TCGA-GM-A2DH-DX1_xmin50963_ymin56303_MPP-0.2500+103,0,1,1,0
1594,TCGA-GM-A2DH-DX1_xmin50963_ymin56303_MPP-0.2500+104,0,1,1,0
1595,TCGA-GM-A2DH-DX1_xmin50963_ymin56303_MPP-0.2500+105,1,1,0,0
1596,TCGA-GM-A2DH-DX1_xmin50963_ymin56303_MPP-0.2500+106,1,0,0,0
1597,TCGA-GM-A2DH-DX1_xmin50963_ymin56303_MPP-0.2500+107,1,0,0,0
1598,TCGA-GM-A2DH-DX1_xmin50963_ymin56303_MPP-0.2500+108,1,0,0,0
1599,TCGA-GM-A2DH-DX1_xmin50963_ymin56303_MPP-0.2500+109,1,0,0,0
1600,TCGA-GM-A2DH-DX1_xmin50963_ymin56303_MPP-0.2500+11,1,1,0,0
1601,TCGA-GM-A2DH-DX1_xmin50963_ymin56303_MPP-0.2500+110,1,1,0,0
1602,TCGA-GM-A2DH-DX1_xmin50963_ymin56303_MPP-0.2500+111,0,1,0,0
1603,TCGA-GM-A2DH-DX1_xmin50963_ymin56303_MPP-0.2500+112,0,1,1,0
1604,TCGA-GM-A2DH-DX1_xmin50963_ymin56303_MPP-0.2500+113,0,1,1,0
1605,TCGA-GM-A2DH-DX1_xmin50963_ymin56303_MPP-0.2500+114,0,1,1,0
1606,TCGA-GM-A2DH-DX1_xmin50963_ymin56303_MPP-0.2500+115,1,0,0,0
1607,TCGA-GM-A2DH-DX1_xmin50963_ymin56303_MPP-0.2500+116,1,0,0,0
1608,TCGA-GM-A2DH-DX1_xmin50963_ymin56303_MPP-0.2500+117,1,0,0,1
1609,TCGA-GM-A2DH-DX1_xmin50963_ymin56303_MPP-0.2500+118,1,0,0,0
1610,TCGA-GM-A2DH-DX1_xmin50963_ymin56303_MPP-0.2500+119,1,0,0,0
1611,TCGA-GM-A2DH-DX1_xmin50963_ymin56303_MPP-0.2500+12,1,1,0,0
1612,TCGA-GM-A2DH-DX1_xmin50963_ymin56303_MPP-0.2500+120,1,1,0,0
1613,TCGA-GM-A2DH-DX1_xmin50963_ymin56303_MPP-0.2500+121,0,1,1,0
1614,TCGA-GM-A2DH-DX1_xmin50963_ymin56303_MPP-0.2500+122,0,1,1,0
1615,TCGA-GM-A2DH-DX1_xmin50963_ymin56303_MPP-0.2500+123,1,0,0,0
1616,TCGA-GM-A2DH-DX1_xmin50963_ymin56303_MPP-0.2500+124,1,0,0,0
1617,TCGA-GM-A2DH-DX1_xmin50963_ymin56303_MPP-0.2500+125,1,0,0,0
1618,TCGA-GM-A2DH-DX1_xmin50963_ymin56303_MPP-0.2500+126,1,1,0,0
1619,TCGA-GM-A2DH-DX1_xmin50963_ymin56303_MPP-0.2500+127,1,1,1,0
1620,TCGA-GM-A2DH-DX1_xmin50963_ymin56303_MPP-0.2500+128,0,1,1,0
1621,TCGA-GM-A2DH-DX1_xmin50963_ymin56303_MPP-0.2500+129,1,1,0,0
1622,TCGA-GM-A2DH-DX1_xmin50963_ymin56303_MPP-0.2500+13,1,0,0,0
1623,TCGA-GM-A2DH-DX1_xmin50963_ymin56303_MPP-0.2500+130,1,1,0,0
1624,TCGA-GM-A2DH-DX1_xmin50963_ymin56303_MPP-0.2500+131,1,1,0,0
1625,TCGA-GM-A2DH-DX1_xmin50963_ymin56303_MPP-0.2500+132,0,1,1,0
1626,TCGA-GM-A2DH-DX1_xmin50963_ymin56303_MPP-0.2500+14,1,0,0,0
1627,TCGA-GM-A2DH-DX1_xmin50963_ymin56303_MPP-0.2500+15,1,0,0,0
1628,TCGA-GM-A2DH-DX1_xmin50963_ymin56303_MPP-0.2500+16,1,0,0,0
1629,TCGA-GM-A2DH-DX1_xmin50963_ymin56303_MPP-0.2500+17,1,0,0,0
1630,TCGA-GM-A2DH-DX1_xmin50963_ymin56303_MPP-0.2500+18,1,0,0,0
1631,TCGA-GM-A2DH-DX1_xmin50963_ymin56303_MPP-0.2500+19,1,0,0,0
1632,TCGA-GM-A2DH-DX1_xmin50963_ymin56303_MPP-0.2500+2,1,0,0,0
1633,TCGA-GM-A2DH-DX1_xmin50963_ymin56303_MPP-0.2500+20,1,1,0,0
1634,TCGA-GM-A2DH-DX1_xmin50963_ymin56303_MPP-0.2500+21,1,0,0,0
1635,TCGA-GM-A2DH-DX1_xmin50963_ymin56303_MPP-0.2500+22,1,1,0,0
1636,TCGA-GM-A2DH-DX1_xmin50963_ymin56303_MPP-0.2500+23,1,0,0,0
1637,TCGA-GM-A2DH-DX1_xmin50963_ymin56303_MPP-0.2500+24,1,0,0,0
1638,TCGA-GM-A2DH-DX1_xmin50963_ymin56303_MPP-0.2500+25,1,0,0,0
1639,TCGA-GM-A2DH-DX1_xmin50963_ymin56303_MPP-0.2500+26,1,0,0,0
1640,TCGA-GM-A2DH-DX1_xmin50963_ymin56303_MPP-0.2500+27,1,1,0,0
1641,TCGA-GM-A2DH-DX1_xmin50963_ymin56303_MPP-0.2500+28,1,1,0,0
1642,TCGA-GM-A2DH-DX1_xmin50963_ymin56303_MPP-0.2500+29,1,0,0,0
1643,TCGA-GM-A2DH-DX1_xmin50963_ymin56303_MPP-0.2500+3,1,0,0,0
1644,TCGA-GM-A2DH-DX1_xmin50963_ymin56303_MPP-0.2500+30,1,0,0,0
1645,TCGA-GM-A2DH-DX1_xmin50963_ymin56303_MPP-0.2500+31,1,1,0,0
1646,TCGA-GM-A2DH-DX1_xmin50963_ymin56303_MPP-0.2500+32,1,0,0,1
1647,TCGA-GM-A2DH-DX1_xmin50963_ymin56303_MPP-0.2500+33,1,0,0,0
1648,TCGA-GM-A2DH-DX1_xmin50963_ymin56303_MPP-0.2500+34,1,0,0,0
1649,TCGA-GM-A2DH-DX1_xmin50963_ymin56303_MPP-0.2500+35,1,0,0,0
1650,TCGA-GM-A2DH-DX1_xmin50963_ymin56303_MPP-0.2500+36,1,0,0,0
1651,TCGA-GM-A2DH-DX1_xmin50963_ymin56303_MPP-0.2500+37,1,1,0,0
1652,TCGA-GM-A2DH-DX1_xmin50963_ymin56303_MPP-0.2500+38,1,0,0,0
1653,TCGA-GM-A2DH-DX1_xmin50963_ymin56303_MPP-0.2500+39,1,0,0,0
1654,TCGA-GM-A2DH-DX1_xmin50963_ymin56303_MPP-0.2500+4,1,0,0,0
1655,TCGA-GM-A2DH-DX1_xmin50963_ymin56303_MPP-0.2500+40,1,0,0,0
1656,TCGA-GM-A2DH-DX1_xmin50963_ymin56303_MPP-0.2500+41,1,0,0,0
1657,TCGA-GM-A2DH-DX1_xmin50963_ymin56303_MPP-0.2500+42,1,0,0,0
1658,TCGA-GM-A2DH-DX1_xmin50963_ymin56303_MPP-0.2500+43,1,1,0,0
1659,TCGA-GM-A2DH-DX1_xmin50963_ymin56303_MPP-0.2500+44,1,0,0,0
1660,TCGA-GM-A2DH-DX1_xmin50963_ymin56303_MPP-0.2500+45,1,1,0,0
1661,TCGA-GM-A2DH-DX1_xmin50963_ymin56303_MPP-0.2500+46,1,0,0,0
1662,TCGA-GM-A2DH-DX1_xmin50963_ymin56303_MPP-0.2500+47,1,0,0,0
1663,TCGA-GM-A2DH-DX1_xmin50963_ymin56303_MPP-0.2500+48,1,0,0,0
1664,TCGA-GM-A2DH-DX1_xmin50963_ymin56303_MPP-0.2500+49,1,0,0,0
1665,TCGA-GM-A2DH-DX1_xmin50963_ymin56303_MPP-0.2500+5,1,1,0,0
1666,TCGA-GM-A2DH-DX1_xmin50963_ymin56303_MPP-0.2500+50,1,0,0,1
1667,TCGA-GM-A2DH-DX1_xmin50963_ymin56303_MPP-0.2500+51,1,0,0,0
1668,TCGA-GM-A2DH-DX1_xmin50963_ymin56303_MPP-0.2500+52,1,1,0,0
1669,TCGA-GM-A2DH-DX1_xmin50963_ymin56303_MPP-0.2500+53,1,1,0,0
1670,TCGA-GM-A2DH-DX1_xmin50963_ymin56303_MPP-0.2500+54,1,1,1,0
1671,TCGA-GM-A2DH-DX1_xmin50963_ymin56303_MPP-0.2500+55,1,0,0,0
1672,TCGA-GM-A2DH-DX1_xmin50963_ymin56303_MPP-0.2500+56,1,1,0,0
1673,TCGA-GM-A2DH-DX1_xmin50963_ymin56303_MPP-0.2500+57,1,0,0,0
1674,TCGA-GM-A2DH-DX1_xmin50963_ymin56303_MPP-0.2500+58,1,0,0,0
1675,TCGA-GM-A2DH-DX1_xmin50963_ymin56303_MPP-0.2500+59,1,0,0,0
1676,TCGA-GM-A2DH-DX1_xmin50963_ymin56303_MPP-0.2500+6,1,0,0,0
1677,TCGA-GM-A2DH-DX1_xmin50963_ymin56303_MPP-0.2500+60,1,0,0,0
1678,TCGA-GM-A2DH-DX1_xmin50963_ymin56303_MPP-0.2500+61,1,1,1,0
1679,TCGA-GM-A2DH-DX1_xmin50963_ymin56303_MPP-0.2500+62,0,1,1,0
1680,TCGA-GM-A2DH-DX1_xmin50963_ymin56303_MPP-0.2500+63,0,1,1,0
1681,TCGA-GM-A2DH-DX1_xmin50963_ymin56303_MPP-0.2500+64,1,1,0,0
1682,TCGA-GM-A2DH-DX1_xmin50963_ymin56303_MPP-0.2500+65,1,0,0,0
1683,TCGA-GM-A2DH-DX1_xmin50963_ymin56303_MPP-0.2500+66,1,0,0,0
1684,TCGA-GM-A2DH-DX1_xmin50963_ymin56303_MPP-0.2500+67,1,0,0,0
1685,TCGA-GM-A2DH-DX1_xmin50963_ymin56303_MPP-0.2500+68,1,0,0,0
1686,TCGA-GM-A2DH-DX1_xmin50963_ymin56303_MPP-0.2500+69,1,0,0,0
1687,TCGA-GM-A2DH-DX1_xmin50963_ymin56303_MPP-0.2500+7,1,0,0,0
1688,TCGA-GM-A2DH-DX1_xmin50963_ymin56303_MPP-0.2500+70,1,1,0,0
1689,TCGA-GM-A2DH-DX1_xmin50963_ymin56303_MPP-0.2500+71,1,0,1,0
1690,TCGA-GM-A2DH-DX1_xmin50963_ymin56303_MPP-0.2500+72,0,1,0,0
1691,TCGA-GM-A2DH-DX1_xmin50963_ymin56303_MPP-0.2500+73,1,1,0,0
1692,TCGA-GM-A2DH-DX1_xmin50963_ymin56303_MPP-0.2500+74,1,1,0,0
1693,TCGA-GM-A2DH-DX1_xmin50963_ymin56303_MPP-0.2500+75,1,0,0,0
1694,TCGA-GM-A2DH-DX1_xmin50963_ymin56303_MPP-0.2500+76,1,1,0,0
1695,TCGA-GM-A2DH-DX1_xmin50963_ymin56303_MPP-0.2500+77,1,0,0,0
1696,TCGA-GM-A2DH-DX1_xmin50963_ymin56303_MPP-0.2500+78,1,0,0,0
1697,TCGA-GM-A2DH-DX1_xmin50963_ymin56303_MPP-0.2500+79,1,1,0,0
1698,TCGA-GM-A2DH-DX1_xmin50963_ymin56303_MPP-0.2500+8,1,0,0,0
1699,TCGA-GM-A2DH-DX1_xmin50963_ymin56303_MPP-0.2500+80,0,1,1,0
1700,TCGA-GM-A2DH-DX1_xmin50963_ymin56303_MPP-0.2500+81,1,1,0,0
1701,TCGA-GM-A2DH-DX1_xmin50963_ymin56303_MPP-0.2500+82,0,1,0,0
1702,TCGA-GM-A2DH-DX1_xmin50963_ymin56303_MPP-0.2500+83,0,1,0,0
1703,TCGA-GM-A2DH-DX1_xmin50963_ymin56303_MPP-0.2500+84,1,1,0,0
1704,TCGA-GM-A2DH-DX1_xmin50963_ymin56303_MPP-0.2500+85,1,0,0,0
1705,TCGA-GM-A2DH-DX1_xmin50963_ymin56303_MPP-0.2500+86,1,0,0,1
1706,TCGA-GM-A2DH-DX1_xmin50963_ymin56303_MPP-0.2500+87,1,0,0,0
1707,TCGA-GM-A2DH-DX1_xmin50963_ymin56303_MPP-0.2500+88,1,0,0,0
1708,TCGA-GM-A2DH-DX1_xmin50963_ymin56303_MPP-0.2500+89,1,0,0,0
1709,TCGA-GM-A2DH-DX1_xmin50963_ymin56303_MPP-0.2500+9,1,0,0,0
1710,TCGA-GM-A2DH-DX1_xmin50963_ymin56303_MPP-0.2500+90,1,0,0,0
1711,TCGA-GM-A2DH-DX1_xmin50963_ymin56303_MPP-0.2500+91,1,1,0,0
1712,TCGA-GM-A2DH-DX1_xmin50963_ymin56303_MPP-0.2500+92,0,1,0,0
1713,TCGA-GM-A2DH-DX1_xmin50963_ymin56303_MPP-0.2500+93,0,1,0,0
1714,TCGA-GM-A2DH-DX1_xmin50963_ymin56303_MPP-0.2500+94,1,1,0,0
1715,TCGA-GM-A2DH-DX1_xmin50963_ymin56303_MPP-0.2500+95,1,1,0,0
1716,TCGA-GM-A2DH-DX1_xmin50963_ymin56303_MPP-0.2500+96,1,0,0,0
1717,TCGA-GM-A2DH-DX1_xmin50963_ymin56303_MPP-0.2500+97,1,1,0,0
1718,TCGA-GM-A2DH-DX1_xmin50963_ymin56303_MPP-0.2500+98,1,0,0,0
1719,TCGA-GM-A2DH-DX1_xmin50963_ymin56303_MPP-0.2500+99,1,0,0,0
1720,TCGA-GM-A2DI-DX1_xmin22802_ymin51060_MPP-0.2500+0,1,1,0,0
1721,TCGA-GM-A2DI-DX1_xmin22802_ymin51060_MPP-0.2500+1,1,1,0,0
1722,TCGA-GM-A2DI-DX1_xmin22802_ymin51060_MPP-0.2500+10,1,1,0,0
1723,TCGA-GM-A2DI-DX1_xmin22802_ymin51060_MPP-0.2500+11,1,1,0,0
1724,TCGA-GM-A2DI-DX1_xmin22802_ymin51060_MPP-0.2500+12,1,1,0,0
1725,TCGA-GM-A2DI-DX1_xmin22802_ymin51060_MPP-0.2500+13,1,1,0,0
1726,TCGA-GM-A2DI-DX1_xmin22802_ymin51060_MPP-0.2500+14,1,1,0,0
1727,TCGA-GM-A2DI-DX1_xmin22802_ymin51060_MPP-0.2500+15,1,1,0,0
1728,TCGA-GM-A2DI-DX1_xmin22802_ymin51060_MPP-0.2500+16,1,1,0,0
1729,TCGA-GM-A2DI-DX1_xmin22802_ymin51060_MPP-0.2500+17,1,1,0,0
1730,TCGA-GM-A2DI-DX1_xmin22802_ymin51060_MPP-0.2500+18,1,1,0,0
1731,TCGA-GM-A2DI-DX1_xmin22802_ymin51060_MPP-0.2500+19,1,1,0,0
1732,TCGA-GM-A2DI-DX1_xmin22802_ymin51060_MPP-0.2500+2,1,1,0,0
1733,TCGA-GM-A2DI-DX1_xmin22802_ymin51060_MPP-0.2500+20,1,1,0,0
1734,TCGA-GM-A2DI-DX1_xmin22802_ymin51060_MPP-0.2500+21,1,1,0,0
1735,TCGA-GM-A2DI-DX1_xmin22802_ymin51060_MPP-0.2500+22,1,1,0,0
1736,TCGA-GM-A2DI-DX1_xmin22802_ymin51060_MPP-0.2500+23,1,1,0,0
1737,TCGA-GM-A2DI-DX1_xmin22802_ymin51060_MPP-0.2500+24,1,1,0,0
1738,TCGA-GM-A2DI-DX1_xmin22802_ymin51060_MPP-0.2500+25,0,1,0,0
1739,TCGA-GM-A2DI-DX1_xmin22802_ymin51060_MPP-0.2500+26,1,1,0,0
1740,TCGA-GM-A2DI-DX1_xmin22802_ymin51060_MPP-0.2500+3,1,1,0,0
1741,TCGA-GM-A2DI-DX1_xmin22802_ymin51060_MPP-0.2500+4,1,1,0,0
1742,TCGA-GM-A2DI-DX1_xmin22802_ymin51060_MPP-0.2500+5,1,1,0,0
1743,TCGA-GM-A2DI-DX1_xmin22802_ymin51060_MPP-0.2500+6,1,1,0,0
1744,TCGA-GM-A2DI-DX1_xmin22802_ymin51060_MPP-0.2500+7,1,1,0,0
1745,TCGA-GM-A2DI-DX1_xmin22802_ymin51060_MPP-0.2500+8,1,1,0,0
1746,TCGA-GM-A2DI-DX1_xmin22802_ymin51060_MPP-0.2500+9,1,1,0,0
1747,TCGA-GM-A3XL-DX1_xmin29910_ymin15820_MPP-0.2500+0,0,0,0,1
1748,TCGA-GM-A3XL-DX1_xmin29910_ymin15820_MPP-0.2500+1,0,0,0,1
1749,TCGA-GM-A3XL-DX1_xmin29910_ymin15820_MPP-0.2500+10,0,0,0,1
1750,TCGA-GM-A3XL-DX1_xmin29910_ymin15820_MPP-0.2500+100,1,1,0,0
1751,TCGA-GM-A3XL-DX1_xmin29910_ymin15820_MPP-0.2500+101,1,0,0,0
1752,TCGA-GM-A3XL-DX1_xmin29910_ymin15820_MPP-0.2500+102,1,0,0,0
1753,TCGA-GM-A3XL-DX1_xmin29910_ymin15820_MPP-0.2500+103,1,0,0,0
1754,TCGA-GM-A3XL-DX1_xmin29910_ymin15820_MPP-0.2500+104,1,0,0,0
1755,TCGA-GM-A3XL-DX1_xmin29910_ymin15820_MPP-0.2500+105,1,0,0,0
1756,TCGA-GM-A3XL-DX1_xmin29910_ymin15820_MPP-0.2500+106,1,0,0,0
1757,TCGA-GM-A3XL-DX1_xmin29910_ymin15820_MPP-0.2500+107,1,0,0,0
1758,TCGA-GM-A3XL-DX1_xmin29910_ymin15820_MPP-0.2500+108,1,0,0,0
1759,TCGA-GM-A3XL-DX1_xmin29910_ymin15820_MPP-0.2500+109,1,1,0,0
1760,TCGA-GM-A3XL-DX1_xmin29910_ymin15820_MPP-0.2500+11,0,0,0,1
1761,TCGA-GM-A3XL-DX1_xmin29910_ymin15820_MPP-0.2500+110,1,0,0,0
1762,TCGA-GM-A3XL-DX1_xmin29910_ymin15820_MPP-0.2500+111,1,0,0,0
1763,TCGA-GM-A3XL-DX1_xmin29910_ymin15820_MPP-0.2500+112,1,0,0,0
1764,TCGA-GM-A3XL-DX1_xmin29910_ymin15820_MPP-0.2500+113,1,0,0,0
1765,TCGA-GM-A3XL-DX1_xmin29910_ymin15820_MPP-0.2500+114,1,1,0,0
1766,TCGA-GM-A3XL-DX1_xmin29910_ymin15820_MPP-0.2500+115,1,0,0,0
1767,TCGA-GM-A3XL-DX1_xmin29910_ymin15820_MPP-0.2500+116,1,0,0,0
1768,TCGA-GM-A3XL-DX1_xmin29910_ymin15820_MPP-0.2500+117,1,0,0,0
1769,TCGA-GM-A3XL-DX1_xmin29910_ymin15820_MPP-0.2500+118,1,0,0,0
1770,TCGA-GM-A3XL-DX1_xmin29910_ymin15820_MPP-0.2500+119,1,0,0,0
1771,TCGA-GM-A3XL-DX1_xmin29910_ymin15820_MPP-0.2500+12,1,0,0,0
1772,TCGA-GM-A3XL-DX1_xmin29910_ymin15820_MPP-0.2500+120,1,0,0,0
1773,TCGA-GM-A3XL-DX1_xmin29910_ymin15820_MPP-0.2500+121,1,0,0,0
1774,TCGA-GM-A3XL-DX1_xmin29910_ymin15820_MPP-0.2500+122,1,0,0,0
1775,TCGA-GM-A3XL-DX1_xmin29910_ymin15820_MPP-0.2500+123,1,0,0,0
1776,TCGA-GM-A3XL-DX1_xmin29910_ymin15820_MPP-0.2500+124,1,0,0,0
1777,TCGA-GM-A3XL-DX1_xmin29910_ymin15820_MPP-0.2500+125,1,1,0,0
1778,TCGA-GM-A3XL-DX1_xmin29910_ymin15820_MPP-0.2500+126,0,1,0,0
1779,TCGA-GM-A3XL-DX1_xmin29910_ymin15820_MPP-0.2500+127,1,1,0,0
1780,TCGA-GM-A3XL-DX1_xmin29910_ymin15820_MPP-0.2500+128,1,0,0,0
1781,TCGA-GM-A3XL-DX1_xmin29910_ymin15820_MPP-0.2500+129,1,0,0,0
1782,TCGA-GM-A3XL-DX1_xmin29910_ymin15820_MPP-0.2500+13,1,0,0,0
1783,TCGA-GM-A3XL-DX1_xmin29910_ymin15820_MPP-0.2500+130,1,0,0,0
1784,TCGA-GM-A3XL-DX1_xmin29910_ymin15820_MPP-0.2500+131,1,0,0,0
1785,TCGA-GM-A3XL-DX1_xmin29910_ymin15820_MPP-0.2500+132,1,0,0,0
1786,TCGA-GM-A3XL-DX1_xmin29910_ymin15820_MPP-0.2500+133,1,0,0,0
1787,TCGA-GM-A3XL-DX1_xmin29910_ymin15820_MPP-0.2500+134,1,0,0,0
1788,TCGA-GM-A3XL-DX1_xmin29910_ymin15820_MPP-0.2500+135,1,0,0,0
1789,TCGA-GM-A3XL-DX1_xmin29910_ymin15820_MPP-0.2500+136,1,0,0,0
1790,TCGA-GM-A3XL-DX1_xmin29910_ymin15820_MPP-0.2500+137,1,0,0,0
1791,TCGA-GM-A3XL-DX1_xmin29910_ymin15820_MPP-0.2500+138,1,1,0,0
1792,TCGA-GM-A3XL-DX1_xmin29910_ymin15820_MPP-0.2500+139,1,1,0,0
1793,TCGA-GM-A3XL-DX1_xmin29910_ymin15820_MPP-0.2500+14,1,0,0,0
1794,TCGA-GM-A3XL-DX1_xmin29910_ymin15820_MPP-0.2500+140,1,1,0,0
1795,TCGA-GM-A3XL-DX1_xmin29910_ymin15820_MPP-0.2500+141,1,0,0,0
1796,TCGA-GM-A3XL-DX1_xmin29910_ymin15820_MPP-0.2500+142,1,0,0,0
1797,TCGA-GM-A3XL-DX1_xmin29910_ymin15820_MPP-0.2500+143,1,0,0,0
1798,TCGA-GM-A3XL-DX1_xmin29910_ymin15820_MPP-0.2500+144,1,0,0,0
1799,TCGA-GM-A3XL-DX1_xmin29910_ymin15820_MPP-0.2500+145,1,0,0,0
1800,TCGA-GM-A3XL-DX1_xmin29910_ymin15820_MPP-0.2500+146,1,0,0,0
1801,TCGA-GM-A3XL-DX1_xmin29910_ymin15820_MPP-0.2500+147,1,0,0,0
1802,TCGA-GM-A3XL-DX1_xmin29910_ymin15820_MPP-0.2500+148,1,0,0,0
1803,TCGA-GM-A3XL-DX1_xmin29910_ymin15820_MPP-0.2500+149,1,0,0,0
1804,TCGA-GM-A3XL-DX1_xmin29910_ymin15820_MPP-0.2500+15,1,0,0,0
1805,TCGA-GM-A3XL-DX1_xmin29910_ymin15820_MPP-0.2500+150,1,0,0,0
1806,TCGA-GM-A3XL-DX1_xmin29910_ymin15820_MPP-0.2500+151,1,0,0,0
1807,TCGA-GM-A3XL-DX1_xmin29910_ymin15820_MPP-0.2500+152,1,1,0,0
1808,TCGA-GM-A3XL-DX1_xmin29910_ymin15820_MPP-0.2500+153,1,1,0,0
1809,TCGA-GM-A3XL-DX1_xmin29910_ymin15820_MPP-0.2500+154,1,0,0,0
1810,TCGA-GM-A3XL-DX1_xmin29910_ymin15820_MPP-0.2500+155,1,0,0,0
1811,TCGA-GM-A3XL-DX1_xmin29910_ymin15820_MPP-0.2500+156,1,1,0,0
1812,TCGA-GM-A3XL-DX1_xmin29910_ymin15820_MPP-0.2500+157,1,1,0,0
1813,TCGA-GM-A3XL-DX1_xmin29910_ymin15820_MPP-0.2500+158,1,0,0,0
1814,TCGA-GM-A3XL-DX1_xmin29910_ymin15820_MPP-0.2500+159,1,0,0,0
1815,TCGA-GM-A3XL-DX1_xmin29910_ymin15820_MPP-0.2500+16,1,0,0,0
1816,TCGA-GM-A3XL-DX1_xmin29910_ymin15820_MPP-0.2500+160,1,0,0,0
1817,TCGA-GM-A3XL-DX1_xmin29910_ymin15820_MPP-0.2500+161,1,0,0,0
1818,TCGA-GM-A3XL-DX1_xmin29910_ymin15820_MPP-0.2500+162,1,0,0,0
1819,TCGA-GM-A3XL-DX1_xmin29910_ymin15820_MPP-0.2500+163,1,0,0,0
1820,TCGA-GM-A3XL-DX1_xmin29910_ymin15820_MPP-0.2500+164,1,0,0,0
1821,TCGA-GM-A3XL-DX1_xmin29910_ymin15820_MPP-0.2500+165,1,1,0,0
1822,TCGA-GM-A3XL-DX1_xmin29910_ymin15820_MPP-0.2500+166,1,0,0,0
1823,TCGA-GM-A3XL-DX1_xmin29910_ymin15820_MPP-0.2500+167,1,0,0,0
1824,TCGA-GM-A3XL-DX1_xmin29910_ymin15820_MPP-0.2500+168,1,0,0,0
1825,TCGA-GM-A3XL-DX1_xmin29910_ymin15820_MPP-0.2500+169,1,1,0,0
1826,TCGA-GM-A3XL-DX1_xmin29910_ymin15820_MPP-0.2500+17,1,0,0,0
1827,TCGA-GM-A3XL-DX1_xmin29910_ymin15820_MPP-0.2500+170,1,1,0,0
1828,TCGA-GM-A3XL-DX1_xmin29910_ymin15820_MPP-0.2500+171,1,0,0,0
1829,TCGA-GM-A3XL-DX1_xmin29910_ymin15820_MPP-0.2500+172,1,0,0,0
1830,TCGA-GM-A3XL-DX1_xmin29910_ymin15820_MPP-0.2500+173,1,0,0,0
1831,TCGA-GM-A3XL-DX1_xmin29910_ymin15820_MPP-0.2500+174,1,0,0,0
1832,TCGA-GM-A3XL-DX1_xmin29910_ymin15820_MPP-0.2500+175,1,0,0,0
1833,TCGA-GM-A3XL-DX1_xmin29910_ymin15820_MPP-0.2500+176,1,0,0,0
1834,TCGA-GM-A3XL-DX1_xmin29910_ymin15820_MPP-0.2500+177,0,1,0,0
1835,TCGA-GM-A3XL-DX1_xmin29910_ymin15820_MPP-0.2500+178,1,1,0,0
1836,TCGA-GM-A3XL-DX1_xmin29910_ymin15820_MPP-0.2500+179,1,0,0,0
1837,TCGA-GM-A3XL-DX1_xmin29910_ymin15820_MPP-0.2500+18,0,0,0,1
1838,TCGA-GM-A3XL-DX1_xmin29910_ymin15820_MPP-0.2500+180,1,0,0,0
1839,TCGA-GM-A3XL-DX1_xmin29910_ymin15820_MPP-0.2500+181,1,0,0,0
1840,TCGA-GM-A3XL-DX1_xmin29910_ymin15820_MPP-0.2500+182,1,1,0,0
1841,TCGA-GM-A3XL-DX1_xmin29910_ymin15820_MPP-0.2500+183,1,0,0,0
1842,TCGA-GM-A3XL-DX1_xmin29910_ymin15820_MPP-0.2500+184,1,1,0,0
1843,TCGA-GM-A3XL-DX1_xmin29910_ymin15820_MPP-0.2500+185,1,0,0,0
1844,TCGA-GM-A3XL-DX1_xmin29910_ymin15820_MPP-0.2500+186,1,0,0,0
1845,TCGA-GM-A3XL-DX1_xmin29910_ymin15820_MPP-0.2500+187,1,0,0,0
1846,TCGA-GM-A3XL-DX1_xmin29910_ymin15820_MPP-0.2500+188,1,0,0,0
1847,TCGA-GM-A3XL-DX1_xmin29910_ymin15820_MPP-0.2500+189,1,0,0,0
1848,TCGA-GM-A3XL-DX1_xmin29910_ymin15820_MPP-0.2500+19,0,0,0,1
1849,TCGA-GM-A3XL-DX1_xmin29910_ymin15820_MPP-0.2500+190,1,0,0,0
1850,TCGA-GM-A3XL-DX1_xmin29910_ymin15820_MPP-0.2500+191,1,0,0,0
1851,TCGA-GM-A3XL-DX1_xmin29910_ymin15820_MPP-0.2500+192,1,0,0,0
1852,TCGA-GM-A3XL-DX1_xmin29910_ymin15820_MPP-0.2500+193,1,0,0,0
1853,TCGA-GM-A3XL-DX1_xmin29910_ymin15820_MPP-0.2500+194,1,0,0,0
1854,TCGA-GM-A3XL-DX1_xmin29910_ymin15820_MPP-0.2500+195,1,0,0,0
1855,TCGA-GM-A3XL-DX1_xmin29910_ymin15820_MPP-0.2500+196,1,0,0,0
1856,TCGA-GM-A3XL-DX1_xmin29910_ymin15820_MPP-0.2500+197,1,0,0,0
1857,TCGA-GM-A3XL-DX1_xmin29910_ymin15820_MPP-0.2500+198,1,0,0,0
1858,TCGA-GM-A3XL-DX1_xmin29910_ymin15820_MPP-0.2500+199,1,0,0,0
1859,TCGA-GM-A3XL-DX1_xmin29910_ymin15820_MPP-0.2500+2,0,0,0,1
1860,TCGA-GM-A3XL-DX1_xmin29910_ymin15820_MPP-0.2500+20,0,0,0,1
1861,TCGA-GM-A3XL-DX1_xmin29910_ymin15820_MPP-0.2500+200,1,0,0,0
1862,TCGA-GM-A3XL-DX1_xmin29910_ymin15820_MPP-0.2500+201,1,0,0,0
1863,TCGA-GM-A3XL-DX1_xmin29910_ymin15820_MPP-0.2500+202,1,1,0,0
1864,TCGA-GM-A3XL-DX1_xmin29910_ymin15820_MPP-0.2500+203,1,1,0,0
1865,TCGA-GM-A3XL-DX1_xmin29910_ymin15820_MPP-0.2500+204,1,1,0,0
1866,TCGA-GM-A3XL-DX1_xmin29910_ymin15820_MPP-0.2500+205,1,1,0,0
1867,TCGA-GM-A3XL-DX1_xmin29910_ymin15820_MPP-0.2500+206,1,1,0,0
1868,TCGA-GM-A3XL-DX1_xmin29910_ymin15820_MPP-0.2500+207,1,1,0,0
1869,TCGA-GM-A3XL-DX1_xmin29910_ymin15820_MPP-0.2500+208,1,1,0,0
1870,TCGA-GM-A3XL-DX1_xmin29910_ymin15820_MPP-0.2500+209,1,1,0,0
1871,TCGA-GM-A3XL-DX1_xmin29910_ymin15820_MPP-0.2500+21,0,0,0,1
1872,TCGA-GM-A3XL-DX1_xmin29910_ymin15820_MPP-0.2500+210,1,1,0,0
1873,TCGA-GM-A3XL-DX1_xmin29910_ymin15820_MPP-0.2500+211,1,0,0,0
1874,TCGA-GM-A3XL-DX1_xmin29910_ymin15820_MPP-0.2500+212,1,0,0,0
1875,TCGA-GM-A3XL-DX1_xmin29910_ymin15820_MPP-0.2500+213,1,0,0,0
1876,TCGA-GM-A3XL-DX1_xmin29910_ymin15820_MPP-0.2500+214,0,0,1,0
1877,TCGA-GM-A3XL-DX1_xmin29910_ymin15820_MPP-0.2500+215,0,1,0,0
1878,TCGA-GM-A3XL-DX1_xmin29910_ymin15820_MPP-0.2500+216,0,1,1,0
1879,TCGA-GM-A3XL-DX1_xmin29910_ymin15820_MPP-0.2500+217,0,1,0,0
1880,TCGA-GM-A3XL-DX1_xmin29910_ymin15820_MPP-0.2500+218,0,1,0,0
1881,TCGA-GM-A3XL-DX1_xmin29910_ymin15820_MPP-0.2500+219,0,1,0,0
1882,TCGA-GM-A3XL-DX1_xmin29910_ymin15820_MPP-0.2500+22,1,0,0,1
1883,TCGA-GM-A3XL-DX1_xmin29910_ymin15820_MPP-0.2500+220,0,1,0,0
1884,TCGA-GM-A3XL-DX1_xmin29910_ymin15820_MPP-0.2500+221,0,1,0,0
1885,TCGA-GM-A3XL-DX1_xmin29910_ymin15820_MPP-0.2500+222,0,1,0,0
1886,TCGA-GM-A3XL-DX1_xmin29910_ymin15820_MPP-0.2500+223,1,1,0,0
1887,TCGA-GM-A3XL-DX1_xmin29910_ymin15820_MPP-0.2500+224,0,1,0,0
1888,TCGA-GM-A3XL-DX1_xmin29910_ymin15820_MPP-0.2500+225,1,1,0,0
1889,TCGA-GM-A3XL-DX1_xmin29910_ymin15820_MPP-0.2500+226,0,0,1,0
1890,TCGA-GM-A3XL-DX1_xmin29910_ymin15820_MPP-0.2500+227,0,0,1,0
1891,TCGA-GM-A3XL-DX1_xmin29910_ymin15820_MPP-0.2500+228,0,1,1,0
1892,TCGA-GM-A3XL-DX1_xmin29910_ymin15820_MPP-0.2500+229,0,1,1,0
1893,TCGA-GM-A3XL-DX1_xmin29910_ymin15820_MPP-0.2500+23,1,0,0,0
1894,TCGA-GM-A3XL-DX1_xmin29910_ymin15820_MPP-0.2500+230,0,1,1,0
1895,TCGA-GM-A3XL-DX1_xmin29910_ymin15820_MPP-0.2500+231,0,1,1,0
1896,TCGA-GM-A3XL-DX1_xmin29910_ymin15820_MPP-0.2500+232,0,0,1,0
1897,TCGA-GM-A3XL-DX1_xmin29910_ymin15820_MPP-0.2500+233,0,1,1,0
1898,TCGA-GM-A3XL-DX1_xmin29910_ymin15820_MPP-0.2500+234,0,0,1,0
1899,TCGA-GM-A3XL-DX1_xmin29910_ymin15820_MPP-0.2500+235,0,0,1,0
1900,TCGA-GM-A3XL-DX1_xmin29910_ymin15820_MPP-0.2500+236,0,1,1,0
1901,TCGA-GM-A3XL-DX1_xmin29910_ymin15820_MPP-0.2500+237,0,0,1,0
1902,TCGA-GM-A3XL-DX1_xmin29910_ymin15820_MPP-0.2500+238,0,0,1,0
1903,TCGA-GM-A3XL-DX1_xmin29910_ymin15820_MPP-0.2500+24,1,0,0,0
1904,TCGA-GM-A3XL-DX1_xmin29910_ymin15820_MPP-0.2500+25,1,0,0,0
1905,TCGA-GM-A3XL-DX1_xmin29910_ymin15820_MPP-0.2500+26,0,1,0,0
1906,TCGA-GM-A3XL-DX1_xmin29910_ymin15820_MPP-0.2500+27,1,1,0,0
1907,TCGA-GM-A3XL-DX1_xmin29910_ymin15820_MPP-0.2500+28,1,1,0,0
1908,TCGA-GM-A3XL-DX1_xmin29910_ymin15820_MPP-0.2500+29,0,0,0,1
1909,TCGA-GM-A3XL-DX1_xmin29910_ymin15820_MPP-0.2500+3,0,0,0,1
1910,TCGA-GM-A3XL-DX1_xmin29910_ymin15820_MPP-0.2500+30,0,0,0,1
1911,TCGA-GM-A3XL-DX1_xmin29910_ymin15820_MPP-0.2500+31,0,0,0,1
1912,TCGA-GM-A3XL-DX1_xmin29910_ymin15820_MPP-0.2500+32,0,0,0,1
1913,TCGA-GM-A3XL-DX1_xmin29910_ymin15820_MPP-0.2500+33,1,0,0,1
1914,TCGA-GM-A3XL-DX1_xmin29910_ymin15820_MPP-0.2500+34,1,0,0,0
1915,TCGA-GM-A3XL-DX1_xmin29910_ymin15820_MPP-0.2500+35,1,0,0,0
1916,TCGA-GM-A3XL-DX1_xmin29910_ymin15820_MPP-0.2500+36,1,1,0,0
1917,TCGA-GM-A3XL-DX1_xmin29910_ymin15820_MPP-0.2500+37,1,1,0,0
1918,TCGA-GM-A3XL-DX1_xmin29910_ymin15820_MPP-0.2500+38,1,0,0,0
1919,TCGA-GM-A3XL-DX1_xmin29910_ymin15820_MPP-0.2500+39,0,0,0,1
1920,TCGA-GM-A3XL-DX1_xmin29910_ymin15820_MPP-0.2500+4,0,0,0,1
1921,TCGA-GM-A3XL-DX1_xmin29910_ymin15820_MPP-0.2500+40,0,0,0,1
1922,TCGA-GM-A3XL-DX1_xmin29910_ymin15820_MPP-0.2500+41,0,0,0,1
1923,TCGA-GM-A3XL-DX1_xmin29910_ymin15820_MPP-0.2500+42,0,0,0,1
1924,TCGA-GM-A3XL-DX1_xmin29910_ymin15820_MPP-0.2500+43,1,0,0,1
1925,TCGA-GM-A3XL-DX1_xmin29910_ymin15820_MPP-0.2500+44,1,0,0,0
1926,TCGA-GM-A3XL-DX1_xmin29910_ymin15820_MPP-0.2500+45,1,0,0,0
1927,TCGA-GM-A3XL-DX1_xmin29910_ymin15820_MPP-0.2500+46,1,1,0,0
1928,TCGA-GM-A3XL-DX1_xmin29910_ymin15820_MPP-0.2500+47,1,0,0,0
1929,TCGA-GM-A3XL-DX1_xmin29910_ymin15820_MPP-0.2500+48,1,0,0,0
1930,TCGA-GM-A3XL-DX1_xmin29910_ymin15820_MPP-0.2500+49,1,0,0,0
1931,TCGA-GM-A3XL-DX1_xmin29910_ymin15820_MPP-0.2500+5,0,0,0,1
1932,TCGA-GM-A3XL-DX1_xmin29910_ymin15820_MPP-0.2500+50,1,0,0,0
1933,TCGA-GM-A3XL-DX1_xmin29910_ymin15820_MPP-0.2500+51,1,0,0,1
1934,TCGA-GM-A3XL-DX1_xmin29910_ymin15820_MPP-0.2500+52,1,0,0,1
1935,TCGA-GM-A3XL-DX1_xmin29910_ymin15820_MPP-0.2500+53,0,0,0,1
1936,TCGA-GM-A3XL-DX1_xmin29910_ymin15820_MPP-0.2500+54,0,0,0,1
1937,TCGA-GM-A3XL-DX1_xmin29910_ymin15820_MPP-0.2500+55,1,0,0,1
1938,TCGA-GM-A3XL-DX1_xmin29910_ymin15820_MPP-0.2500+56,1,0,0,0
1939,TCGA-GM-A3XL-DX1_xmin29910_ymin15820_MPP-0.2500+57,1,0,0,0
1940,TCGA-GM-A3XL-DX1_xmin29910_ymin15820_MPP-0.2500+58,1,0,0,0
1941,TCGA-GM-A3XL-DX1_xmin29910_ymin15820_MPP-0.2500+59,1,0,0,0
1942,TCGA-GM-A3XL-DX1_xmin29910_ymin15820_MPP-0.2500+6,1,0,0,1
1943,TCGA-GM-A3XL-DX1_xmin29910_ymin15820_MPP-0.2500+60,1,1,0,0
1944,TCGA-GM-A3XL-DX1_xmin29910_ymin15820_MPP-0.2500+61,1,1,0,0
1945,TCGA-GM-A3XL-DX1_xmin29910_ymin15820_MPP-0.2500+62,1,0,0,0
1946,TCGA-GM-A3XL-DX1_xmin29910_ymin15820_MPP-0.2500+63,1,0,0,0
1947,TCGA-GM-A3XL-DX1_xmin29910_ymin15820_MPP-0.2500+64,1,0,0,0
1948,TCGA-GM-A3XL-DX1_xmin29910_ymin15820_MPP-0.2500+65,1,0,0,1
1949,TCGA-GM-A3XL-DX1_xmin29910_ymin15820_MPP-0.2500+66,0,0,0,1
1950,TCGA-GM-A3XL-DX1_xmin29910_ymin15820_MPP-0.2500+67,0,0,0,1
1951,TCGA-GM-A3XL-DX1_xmin29910_ymin15820_MPP-0.2500+68,1,0,0,0
1952,TCGA-GM-A3XL-DX1_xmin29910_ymin15820_MPP-0.2500+69,1,0,0,0
1953,TCGA-GM-A3XL-DX1_xmin29910_ymin15820_MPP-0.2500+7,1,1,0,0
1954,TCGA-GM-A3XL-DX1_xmin29910_ymin15820_MPP-0.2500+70,1,0,0,0
1955,TCGA-GM-A3XL-DX1_xmin29910_ymin15820_MPP-0.2500+71,0,0,0,1
1956,TCGA-GM-A3XL-DX1_xmin29910_ymin15820_MPP-0.2500+72,0,0,0,1
1957,TCGA-GM-A3XL-DX1_xmin29910_ymin15820_MPP-0.2500+73,1,1,0,0
1958,TCGA-GM-A3XL-DX1_xmin29910_ymin15820_MPP-0.2500+74,1,0,0,0
1959,TCGA-GM-A3XL-DX1_xmin29910_ymin15820_MPP-0.2500+75,1,0,0,0
1960,TCGA-GM-A3XL-DX1_xmin29910_ymin15820_MPP-0.2500+76,1,0,0,0
1961,TCGA-GM-A3XL-DX1_xmin29910_ymin15820_MPP-0.2500+77,1,0,0,0
1962,TCGA-GM-A3XL-DX1_xmin29910_ymin15820_MPP-0.2500+78,1,0,0,0
1963,TCGA-GM-A3XL-DX1_xmin29910_ymin15820_MPP-0.2500+79,1,0,0,1
1964,TCGA-GM-A3XL-DX1_xmin29910_ymin15820_MPP-0.2500+8,1,0,0,0
1965,TCGA-GM-A3XL-DX1_xmin29910_ymin15820_MPP-0.2500+80,1,0,0,0
1966,TCGA-GM-A3XL-DX1_xmin29910_ymin15820_MPP-0.2500+81,1,0,0,0
1967,TCGA-GM-A3XL-DX1_xmin29910_ymin15820_MPP-0.2500+82,1,0,0,0
1968,TCGA-GM-A3XL-DX1_xmin29910_ymin15820_MPP-0.2500+83,1,0,0,0
1969,TCGA-GM-A3XL-DX1_xmin29910_ymin15820_MPP-0.2500+84,1,0,0,0
1970,TCGA-GM-A3XL-DX1_xmin29910_ymin15820_MPP-0.2500+85,1,0,0,0
1971,TCGA-GM-A3XL-DX1_xmin29910_ymin15820_MPP-0.2500+86,1,0,0,0
1972,TCGA-GM-A3XL-DX1_xmin29910_ymin15820_MPP-0.2500+87,1,1,0,0
1973,TCGA-GM-A3XL-DX1_xmin29910_ymin15820_MPP-0.2500+88,1,0,0,0
1974,TCGA-GM-A3XL-DX1_xmin29910_ymin15820_MPP-0.2500+89,1,0,0,0
1975,TCGA-GM-A3XL-DX1_xmin29910_ymin15820_MPP-0.2500+9,0,0,0,1
1976,TCGA-GM-A3XL-DX1_xmin29910_ymin15820_MPP-0.2500+90,1,0,0,0
1977,TCGA-GM-A3XL-DX1_xmin29910_ymin15820_MPP-0.2500+91,1,0,0,0
1978,TCGA-GM-A3XL-DX1_xmin29910_ymin15820_MPP-0.2500+92,1,0,0,0
1979,TCGA-GM-A3XL-DX1_xmin29910_ymin15820_MPP-0.2500+93,1,0,0,0
1980,TCGA-GM-A3XL-DX1_xmin29910_ymin15820_MPP-0.2500+94,1,0,0,0
1981,TCGA-GM-A3XL-DX1_xmin29910_ymin15820_MPP-0.2500+95,1,0,0,0
1982,TCGA-GM-A3XL-DX1_xmin29910_ymin15820_MPP-0.2500+96,1,0,0,0
1983,TCGA-GM-A3XL-DX1_xmin29910_ymin15820_MPP-0.2500+97,1,0,0,0
1984,TCGA-GM-A3XL-DX1_xmin29910_ymin15820_MPP-0.2500+98,1,0,0,0
1985,TCGA-GM-A3XL-DX1_xmin29910_ymin15820_MPP-0.2500+99,0,1,0,0
1986,TCGA-HN-A2NL-DX1_xmin11931_ymin5764_MPP-0.2500+0,0,1,1,0
1987,TCGA-HN-A2NL-DX1_xmin11931_ymin5764_MPP-0.2500+1,0,1,1,0
1988,TCGA-HN-A2NL-DX1_xmin11931_ymin5764_MPP-0.2500+10,0,1,0,0
1989,TCGA-HN-A2NL-DX1_xmin11931_ymin5764_MPP-0.2500+11,1,1,0,0
1990,TCGA-HN-A2NL-DX1_xmin11931_ymin5764_MPP-0.2500+12,0,1,1,0
1991,TCGA-HN-A2NL-DX1_xmin11931_ymin5764_MPP-0.2500+13,0,1,1,0
1992,TCGA-HN-A2NL-DX1_xmin11931_ymin5764_MPP-0.2500+14,0,0,0,1
1993,TCGA-HN-A2NL-DX1_xmin11931_ymin5764_MPP-0.2500+15,0,0,0,1
1994,TCGA-HN-A2NL-DX1_xmin11931_ymin5764_MPP-0.2500+16,0,1,0,0
1995,TCGA-HN-A2NL-DX1_xmin11931_ymin5764_MPP-0.2500+17,0,1,0,1
1996,TCGA-HN-A2NL-DX1_xmin11931_ymin5764_MPP-0.2500+18,0,1,0,0
1997,TCGA-HN-A2NL-DX1_xmin11931_ymin5764_MPP-0.2500+19,1,1,0,0
1998,TCGA-HN-A2NL-DX1_xmin11931_ymin5764_MPP-0.2500+2,0,1,1,0
1999,TCGA-HN-A2NL-DX1_xmin11931_ymin5764_MPP-0.2500+20,0,1,0,0
2000,TCGA-HN-A2NL-DX1_xmin11931_ymin5764_MPP-0.2500+21,0,1,1,0
2001,TCGA-HN-A2NL-DX1_xmin11931_ymin5764_MPP-0.2500+22,0,0,0,1
2002,TCGA-HN-A2NL-DX1_xmin11931_ymin5764_MPP-0.2500+23,0,0,0,1
2003,TCGA-HN-A2NL-DX1_xmin11931_ymin5764_MPP-0.2500+24,0,1,0,0
2004,TCGA-HN-A2NL-DX1_xmin11931_ymin5764_MPP-0.2500+25,0,1,0,0
2005,TCGA-HN-A2NL-DX1_xmin11931_ymin5764_MPP-0.2500+26,1,1,0,0
2006,TCGA-HN-A2NL-DX1_xmin11931_ymin5764_MPP-0.2500+27,1,1,0,1
2007,TCGA-HN-A2NL-DX1_xmin11931_ymin5764_MPP-0.2500+28,1,0,0,0
2008,TCGA-HN-A2NL-DX1_xmin11931_ymin5764_MPP-0.2500+29,0,0,1,0
2009,TCGA-HN-A2NL-DX1_xmin11931_ymin5764_MPP-0.2500+3,0,0,1,0
2010,TCGA-HN-A2NL-DX1_xmin11931_ymin5764_MPP-0.2500+30,0,0,1,0
2011,TCGA-HN-A2NL-DX1_xmin11931_ymin5764_MPP-0.2500+31,0,0,0,1
2012,TCGA-HN-A2NL-DX1_xmin11931_ymin5764_MPP-0.2500+32,1,1,0,0
2013,TCGA-HN-A2NL-DX1_xmin11931_ymin5764_MPP-0.2500+33,1,0,0,0
2014,TCGA-HN-A2NL-DX1_xmin11931_ymin5764_MPP-0.2500+34,1,1,0,0
2015,TCGA-HN-A2NL-DX1_xmin11931_ymin5764_MPP-0.2500+35,1,0,0,0
2016,TCGA-HN-A2NL-DX1_xmin11931_ymin5764_MPP-0.2500+36,1,0,0,0
2017,TCGA-HN-A2NL-DX1_xmin11931_ymin5764_MPP-0.2500+37,1,0,0,0
2018,TCGA-HN-A2NL-DX1_xmin11931_ymin5764_MPP-0.2500+38,0,0,0,1
2019,TCGA-HN-A2NL-DX1_xmin11931_ymin5764_MPP-0.2500+39,0,0,0,1
2020,TCGA-HN-A2NL-DX1_xmin11931_ymin5764_MPP-0.2500+4,0,0,1,0
2021,TCGA-HN-A2NL-DX1_xmin11931_ymin5764_MPP-0.2500+40,1,1,0,0
2022,TCGA-HN-A2NL-DX1_xmin11931_ymin5764_MPP-0.2500+41,1,0,0,0
2023,TCGA-HN-A2NL-DX1_xmin11931_ymin5764_MPP-0.2500+42,1,1,0,0
2024,TCGA-HN-A2NL-DX1_xmin11931_ymin5764_MPP-0.2500+43,1,1,0,0
2025,TCGA-HN-A2NL-DX1_xmin11931_ymin5764_MPP-0.2500+44,1,0,0,0
2026,TCGA-HN-A2NL-DX1_xmin11931_ymin5764_MPP-0.2500+45,1,0,0,0
2027,TCGA-HN-A2NL-DX1_xmin11931_ymin5764_MPP-0.2500+46,1,0,0,0
2028,TCGA-HN-A2NL-DX1_xmin11931_ymin5764_MPP-0.2500+47,1,0,0,0
2029,TCGA-HN-A2NL-DX1_xmin11931_ymin5764_MPP-0.2500+5,0,0,0,1
2030,TCGA-HN-A2NL-DX1_xmin11931_ymin5764_MPP-0.2500+6,0,0,0,1
2031,TCGA-HN-A2NL-DX1_xmin11931_ymin5764_MPP-0.2500+7,0,0,1,0
2032,TCGA-HN-A2NL-DX1_xmin11931_ymin5764_MPP-0.2500+8,0,1,0,0
2033,TCGA-HN-A2NL-DX1_xmin11931_ymin5764_MPP-0.2500+9,0,1,0,0
2034,TCGA-LL-A441-DX1_xmin82006_ymin43121_MPP-0.2500+0,1,1,0,0
2035,TCGA-LL-A441-DX1_xmin82006_ymin43121_MPP-0.2500+1,1,0,0,0
2036,TCGA-LL-A441-DX1_xmin82006_ymin43121_MPP-0.2500+10,1,0,0,0
2037,TCGA-LL-A441-DX1_xmin82006_ymin43121_MPP-0.2500+11,1,0,0,0
2038,TCGA-LL-A441-DX1_xmin82006_ymin43121_MPP-0.2500+12,1,1,0,0
2039,TCGA-LL-A441-DX1_xmin82006_ymin43121_MPP-0.2500+13,1,1,0,0
2040,TCGA-LL-A441-DX1_xmin82006_ymin43121_MPP-0.2500+14,1,1,0,0
2041,TCGA-LL-A441-DX1_xmin82006_ymin43121_MPP-0.2500+15,0,1,0,0
2042,TCGA-LL-A441-DX1_xmin82006_ymin43121_MPP-0.2500+16,1,1,0,0
2043,TCGA-LL-A441-DX1_xmin82006_ymin43121_MPP-0.2500+17,1,0,0,0
2044,TCGA-LL-A441-DX1_xmin82006_ymin43121_MPP-0.2500+18,1,0,0,0
2045,TCGA-LL-A441-DX1_xmin82006_ymin43121_MPP-0.2500+19,1,0,0,0
2046,TCGA-LL-A441-DX1_xmin82006_ymin43121_MPP-0.2500+2,1,1,0,0
2047,TCGA-LL-A441-DX1_xmin82006_ymin43121_MPP-0.2500+20,1,0,0,0
2048,TCGA-LL-A441-DX1_xmin82006_ymin43121_MPP-0.2500+21,1,1,0,0
2049,TCGA-LL-A441-DX1_xmin82006_ymin43121_MPP-0.2500+22,1,1,0,0
2050,TCGA-LL-A441-DX1_xmin82006_ymin43121_MPP-0.2500+23,1,1,0,0
2051,TCGA-LL-A441-DX1_xmin82006_ymin43121_MPP-0.2500+24,1,1,0,0
2052,TCGA-LL-A441-DX1_xmin82006_ymin43121_MPP-0.2500+25,1,1,0,0
2053,TCGA-LL-A441-DX1_xmin82006_ymin43121_MPP-0.2500+26,1,0,0,0
2054,TCGA-LL-A441-DX1_xmin82006_ymin43121_MPP-0.2500+27,1,0,0,0
2055,TCGA-LL-A441-DX1_xmin82006_ymin43121_MPP-0.2500+28,1,0,0,0
2056,TCGA-LL-A441-DX1_xmin82006_ymin43121_MPP-0.2500+29,1,0,0,0
2057,TCGA-LL-A441-DX1_xmin82006_ymin43121_MPP-0.2500+3,1,1,0,0
2058,TCGA-LL-A441-DX1_xmin82006_ymin43121_MPP-0.2500+30,1,0,0,0
2059,TCGA-LL-A441-DX1_xmin82006_ymin43121_MPP-0.2500+31,1,1,0,0
2060,TCGA-LL-A441-DX1_xmin82006_ymin43121_MPP-0.2500+32,1,1,0,0
2061,TCGA-LL-A441-DX1_xmin82006_ymin43121_MPP-0.2500+33,1,1,0,0
2062,TCGA-LL-A441-DX1_xmin82006_ymin43121_MPP-0.2500+34,1,1,0,0
2063,TCGA-LL-A441-DX1_xmin82006_ymin43121_MPP-0.2500+35,1,1,0,0
2064,TCGA-LL-A441-DX1_xmin82006_ymin43121_MPP-0.2500+36,1,0,0,0
2065,TCGA-LL-A441-DX1_xmin82006_ymin43121_MPP-0.2500+37,1,0,0,0
2066,TCGA-LL-A441-DX1_xmin82006_ymin43121_MPP-0.2500+38,1,0,0,0
2067,TCGA-LL-A441-DX1_xmin82006_ymin43121_MPP-0.2500+39,1,0,0,0
2068,TCGA-LL-A441-DX1_xmin82006_ymin43121_MPP-0.2500+4,1,1,0,0
2069,TCGA-LL-A441-DX1_xmin82006_ymin43121_MPP-0.2500+40,1,1,0,0
2070,TCGA-LL-A441-DX1_xmin82006_ymin43121_MPP-0.2500+41,1,1,0,0
2071,TCGA-LL-A441-DX1_xmin82006_ymin43121_MPP-0.2500+42,1,1,0,0
2072,TCGA-LL-A441-DX1_xmin82006_ymin43121_MPP-0.2500+43,1,1,0,0
2073,TCGA-LL-A441-DX1_xmin82006_ymin43121_MPP-0.2500+44,1,1,0,0
2074,TCGA-LL-A441-DX1_xmin82006_ymin43121_MPP-0.2500+45,0,0,1,0
2075,TCGA-LL-A441-DX1_xmin82006_ymin43121_MPP-0.2500+46,0,0,1,0
2076,TCGA-LL-A441-DX1_xmin82006_ymin43121_MPP-0.2500+47,0,1,1,0
2077,TCGA-LL-A441-DX1_xmin82006_ymin43121_MPP-0.2500+48,1,0,0,0
2078,TCGA-LL-A441-DX1_xmin82006_ymin43121_MPP-0.2500+49,1,0,0,0
2079,TCGA-LL-A441-DX1_xmin82006_ymin43121_MPP-0.2500+5,1,1,0,0
2080,TCGA-LL-A441-DX1_xmin82006_ymin43121_MPP-0.2500+50,1,0,0,0
2081,TCGA-LL-A441-DX1_xmin82006_ymin43121_MPP-0.2500+51,1,1,0,0
2082,TCGA-LL-A441-DX1_xmin82006_ymin43121_MPP-0.2500+52,1,1,0,0
2083,TCGA-LL-A441-DX1_xmin82006_ymin43121_MPP-0.2500+53,1,1,0,0
2084,TCGA-LL-A441-DX1_xmin82006_ymin43121_MPP-0.2500+54,1,1,0,0
2085,TCGA-LL-A441-DX1_xmin82006_ymin43121_MPP-0.2500+55,0,0,1,0
2086,TCGA-LL-A441-DX1_xmin82006_ymin43121_MPP-0.2500+56,0,0,1,0
2087,TCGA-LL-A441-DX1_xmin82006_ymin43121_MPP-0.2500+57,0,0,1,0
2088,TCGA-LL-A441-DX1_xmin82006_ymin43121_MPP-0.2500+58,0,0,1,0
2089,TCGA-LL-A441-DX1_xmin82006_ymin43121_MPP-0.2500+59,0,0,1,0
2090,TCGA-LL-A441-DX1_xmin82006_ymin43121_MPP-0.2500+6,1,1,0,0
2091,TCGA-LL-A441-DX1_xmin82006_ymin43121_MPP-0.2500+60,1,0,0,0
2092,TCGA-LL-A441-DX1_xmin82006_ymin43121_MPP-0.2500+61,1,0,0,0
2093,TCGA-LL-A441-DX1_xmin82006_ymin43121_MPP-0.2500+62,0,1,1,0
2094,TCGA-LL-A441-DX1_xmin82006_ymin43121_MPP-0.2500+63,0,1,1,0
2095,TCGA-LL-A441-DX1_xmin82006_ymin43121_MPP-0.2500+64,0,1,0,0
2096,TCGA-LL-A441-DX1_xmin82006_ymin43121_MPP-0.2500+65,0,0,1,0
2097,TCGA-LL-A441-DX1_xmin82006_ymin43121_MPP-0.2500+66,0,0,1,0
2098,TCGA-LL-A441-DX1_xmin82006_ymin43121_MPP-0.2500+67,0,0,1,0
2099,TCGA-LL-A441-DX1_xmin82006_ymin43121_MPP-0.2500+68,0,0,1,0
2100,TCGA-LL-A441-DX1_xmin82006_ymin43121_MPP-0.2500+69,0,0,1,0
2101,TCGA-LL-A441-DX1_xmin82006_ymin43121_MPP-0.2500+7,1,1,0,0
2102,TCGA-LL-A441-DX1_xmin82006_ymin43121_MPP-0.2500+70,1,0,0,0
2103,TCGA-LL-A441-DX1_xmin82006_ymin43121_MPP-0.2500+71,1,0,0,0
2104,TCGA-LL-A441-DX1_xmin82006_ymin43121_MPP-0.2500+72,0,1,1,0
2105,TCGA-LL-A441-DX1_xmin82006_ymin43121_MPP-0.2500+73,0,0,1,0
2106,TCGA-LL-A441-DX1_xmin82006_ymin43121_MPP-0.2500+74,0,0,1,0
2107,TCGA-LL-A441-DX1_xmin82006_ymin43121_MPP-0.2500+75,0,0,1,0
2108,TCGA-LL-A441-DX1_xmin82006_ymin43121_MPP-0.2500+76,1,0,0,0
2109,TCGA-LL-A441-DX1_xmin82006_ymin43121_MPP-0.2500+77,1,0,0,0
2110,TCGA-LL-A441-DX1_xmin82006_ymin43121_MPP-0.2500+78,1,1,0,0
2111,TCGA-LL-A441-DX1_xmin82006_ymin43121_MPP-0.2500+79,0,0,1,0
2112,TCGA-LL-A441-DX1_xmin82006_ymin43121_MPP-0.2500+8,1,1,0,0
2113,TCGA-LL-A441-DX1_xmin82006_ymin43121_MPP-0.2500+80,0,0,1,0
2114,TCGA-LL-A441-DX1_xmin82006_ymin43121_MPP-0.2500+81,0,1,1,0
2115,TCGA-LL-A441-DX1_xmin82006_ymin43121_MPP-0.2500+82,1,0,0,0
2116,TCGA-LL-A441-DX1_xmin82006_ymin43121_MPP-0.2500+83,1,0,1,0
2117,TCGA-LL-A441-DX1_xmin82006_ymin43121_MPP-0.2500+84,1,0,1,0
2118,TCGA-LL-A441-DX1_xmin82006_ymin43121_MPP-0.2500+9,1,1,0,0
2119,TCGA-LL-A5YO-DX1_xmin36631_ymin44396_MPP-0.2500+0,0,1,1,0
2120,TCGA-LL-A5YO-DX1_xmin36631_ymin44396_MPP-0.2500+1,0,1,1,0
2121,TCGA-LL-A5YO-DX1_xmin36631_ymin44396_MPP-0.2500+10,1,1,1,0
2122,TCGA-LL-A5YO-DX1_xmin36631_ymin44396_MPP-0.2500+11,0,0,1,0
2123,TCGA-LL-A5YO-DX1_xmin36631_ymin44396_MPP-0.2500+12,0,1,1,0
2124,TCGA-LL-A5YO-DX1_xmin36631_ymin44396_MPP-0.2500+13,0,1,1,0
2125,TCGA-LL-A5YO-DX1_xmin36631_ymin44396_MPP-0.2500+14,0,1,1,0
2126,TCGA-LL-A5YO-DX1_xmin36631_ymin44396_MPP-0.2500+15,0,1,1,0
2127,TCGA-LL-A5YO-DX1_xmin36631_ymin44396_MPP-0.2500+16,0,1,1,0
2128,TCGA-LL-A5YO-DX1_xmin36631_ymin44396_MPP-0.2500+17,0,1,1,0
2129,TCGA-LL-A5YO-DX1_xmin36631_ymin44396_MPP-0.2500+18,0,1,1,0
2130,TCGA-LL-A5YO-DX1_xmin36631_ymin44396_MPP-0.2500+19,0,1,1,0
2131,TCGA-LL-A5YO-DX1_xmin36631_ymin44396_MPP-0.2500+2,0,1,1,0
2132,TCGA-LL-A5YO-DX1_xmin36631_ymin44396_MPP-0.2500+20,0,1,1,0
2133,TCGA-LL-A5YO-DX1_xmin36631_ymin44396_MPP-0.2500+21,0,1,1,0
2134,TCGA-LL-A5YO-DX1_xmin36631_ymin44396_MPP-0.2500+22,0,1,1,0
2135,TCGA-LL-A5YO-DX1_xmin36631_ymin44396_MPP-0.2500+23,0,1,1,0
2136,TCGA-LL-A5YO-DX1_xmin36631_ymin44396_MPP-0.2500+24,0,0,1,0
2137,TCGA-LL-A5YO-DX1_xmin36631_ymin44396_MPP-0.2500+25,0,1,1,0
2138,TCGA-LL-A5YO-DX1_xmin36631_ymin44396_MPP-0.2500+26,0,0,1,0
2139,TCGA-LL-A5YO-DX1_xmin36631_ymin44396_MPP-0.2500+27,0,1,1,0
2140,TCGA-LL-A5YO-DX1_xmin36631_ymin44396_MPP-0.2500+28,0,1,1,0
2141,TCGA-LL-A5YO-DX1_xmin36631_ymin44396_MPP-0.2500+29,0,1,1,0
2142,TCGA-LL-A5YO-DX1_xmin36631_ymin44396_MPP-0.2500+3,0,1,1,0
2143,TCGA-LL-A5YO-DX1_xmin36631_ymin44396_MPP-0.2500+30,1,1,1,0
2144,TCGA-LL-A5YO-DX1_xmin36631_ymin44396_MPP-0.2500+31,0,1,1,0
2145,TCGA-LL-A5YO-DX1_xmin36631_ymin44396_MPP-0.2500+32,0,0,1,0
2146,TCGA-LL-A5YO-DX1_xmin36631_ymin44396_MPP-0.2500+33,0,0,1,0
2147,TCGA-LL-A5YO-DX1_xmin36631_ymin44396_MPP-0.2500+34,0,1,1,0
2148,TCGA-LL-A5YO-DX1_xmin36631_ymin44396_MPP-0.2500+35,0,1,1,0
2149,TCGA-LL-A5YO-DX1_xmin36631_ymin44396_MPP-0.2500+36,0,1,1,0
2150,TCGA-LL-A5YO-DX1_xmin36631_ymin44396_MPP-0.2500+37,0,1,1,0
2151,TCGA-LL-A5YO-DX1_xmin36631_ymin44396_MPP-0.2500+38,1,0,0,0
2152,TCGA-LL-A5YO-DX1_xmin36631_ymin44396_MPP-0.2500+39,1,0,0,0
2153,TCGA-LL-A5YO-DX1_xmin36631_ymin44396_MPP-0.2500+4,0,1,1,0
2154,TCGA-LL-A5YO-DX1_xmin36631_ymin44396_MPP-0.2500+40,1,0,1,0
2155,TCGA-LL-A5YO-DX1_xmin36631_ymin44396_MPP-0.2500+41,0,0,1,0
2156,TCGA-LL-A5YO-DX1_xmin36631_ymin44396_MPP-0.2500+42,0,1,1,0
2157,TCGA-LL-A5YO-DX1_xmin36631_ymin44396_MPP-0.2500+43,0,1,1,0
2158,TCGA-LL-A5YO-DX1_xmin36631_ymin44396_MPP-0.2500+44,1,1,0,0
2159,TCGA-LL-A5YO-DX1_xmin36631_ymin44396_MPP-0.2500+45,0,1,1,0
2160,TCGA-LL-A5YO-DX1_xmin36631_ymin44396_MPP-0.2500+46,0,0,1,0
2161,TCGA-LL-A5YO-DX1_xmin36631_ymin44396_MPP-0.2500+47,1,0,0,0
2162,TCGA-LL-A5YO-DX1_xmin36631_ymin44396_MPP-0.2500+48,1,1,1,0
2163,TCGA-LL-A5YO-DX1_xmin36631_ymin44396_MPP-0.2500+49,1,0,0,0
2164,TCGA-LL-A5YO-DX1_xmin36631_ymin44396_MPP-0.2500+5,0,1,1,0
2165,TCGA-LL-A5YO-DX1_xmin36631_ymin44396_MPP-0.2500+50,1,0,1,0
2166,TCGA-LL-A5YO-DX1_xmin36631_ymin44396_MPP-0.2500+51,1,1,1,0
2167,TCGA-LL-A5YO-DX1_xmin36631_ymin44396_MPP-0.2500+52,0,1,1,0
2168,TCGA-LL-A5YO-DX1_xmin36631_ymin44396_MPP-0.2500+53,0,1,1,0
2169,TCGA-LL-A5YO-DX1_xmin36631_ymin44396_MPP-0.2500+54,0,1,1,0
2170,TCGA-LL-A5YO-DX1_xmin36631_ymin44396_MPP-0.2500+55,0,1,1,0
2171,TCGA-LL-A5YO-DX1_xmin36631_ymin44396_MPP-0.2500+56,0,0,1,0
2172,TCGA-LL-A5YO-DX1_xmin36631_ymin44396_MPP-0.2500+57,0,0,1,0
2173,TCGA-LL-A5YO-DX1_xmin36631_ymin44396_MPP-0.2500+58,0,0,1,0
2174,TCGA-LL-A5YO-DX1_xmin36631_ymin44396_MPP-0.2500+59,0,1,1,0
2175,TCGA-LL-A5YO-DX1_xmin36631_ymin44396_MPP-0.2500+6,0,1,1,0
2176,TCGA-LL-A5YO-DX1_xmin36631_ymin44396_MPP-0.2500+60,1,0,1,0
2177,TCGA-LL-A5YO-DX1_xmin36631_ymin44396_MPP-0.2500+61,1,1,1,0
2178,TCGA-LL-A5YO-DX1_xmin36631_ymin44396_MPP-0.2500+62,0,1,1,0
2179,TCGA-LL-A5YO-DX1_xmin36631_ymin44396_MPP-0.2500+63,1,1,0,0
2180,TCGA-LL-A5YO-DX1_xmin36631_ymin44396_MPP-0.2500+64,0,0,1,0
2181,TCGA-LL-A5YO-DX1_xmin36631_ymin44396_MPP-0.2500+65,0,0,1,0
2182,TCGA-LL-A5YO-DX1_xmin36631_ymin44396_MPP-0.2500+66,0,1,1,0
2183,TCGA-LL-A5YO-DX1_xmin36631_ymin44396_MPP-0.2500+67,0,1,1,0
2184,TCGA-LL-A5YO-DX1_xmin36631_ymin44396_MPP-0.2500+68,0,0,1,0
2185,TCGA-LL-A5YO-DX1_xmin36631_ymin44396_MPP-0.2500+69,1,1,1,0
2186,TCGA-LL-A5YO-DX1_xmin36631_ymin44396_MPP-0.2500+7,0,1,1,0
2187,TCGA-LL-A5YO-DX1_xmin36631_ymin44396_MPP-0.2500+70,1,0,1,0
2188,TCGA-LL-A5YO-DX1_xmin36631_ymin44396_MPP-0.2500+71,0,0,1,0
2189,TCGA-LL-A5YO-DX1_xmin36631_ymin44396_MPP-0.2500+72,0,0,1,0
2190,TCGA-LL-A5YO-DX1_xmin36631_ymin44396_MPP-0.2500+73,0,0,1,0
2191,TCGA-LL-A5YO-DX1_xmin36631_ymin44396_MPP-0.2500+74,0,0,1,0
2192,TCGA-LL-A5YO-DX1_xmin36631_ymin44396_MPP-0.2500+75,0,1,1,0
2193,TCGA-LL-A5YO-DX1_xmin36631_ymin44396_MPP-0.2500+76,0,0,1,0
2194,TCGA-LL-A5YO-DX1_xmin36631_ymin44396_MPP-0.2500+77,0,0,1,0
2195,TCGA-LL-A5YO-DX1_xmin36631_ymin44396_MPP-0.2500+78,1,1,1,0
2196,TCGA-LL-A5YO-DX1_xmin36631_ymin44396_MPP-0.2500+79,0,1,1,0
2197,TCGA-LL-A5YO-DX1_xmin36631_ymin44396_MPP-0.2500+8,0,1,1,0
2198,TCGA-LL-A5YO-DX1_xmin36631_ymin44396_MPP-0.2500+80,0,0,1,0
2199,TCGA-LL-A5YO-DX1_xmin36631_ymin44396_MPP-0.2500+81,0,0,1,0
2200,TCGA-LL-A5YO-DX1_xmin36631_ymin44396_MPP-0.2500+82,1,1,1,0
2201,TCGA-LL-A5YO-DX1_xmin36631_ymin44396_MPP-0.2500+83,0,0,1,0
2202,TCGA-LL-A5YO-DX1_xmin36631_ymin44396_MPP-0.2500+84,0,0,1,0
2203,TCGA-LL-A5YO-DX1_xmin36631_ymin44396_MPP-0.2500+85,1,0,1,0
2204,TCGA-LL-A5YO-DX1_xmin36631_ymin44396_MPP-0.2500+86,1,1,1,0
2205,TCGA-LL-A5YO-DX1_xmin36631_ymin44396_MPP-0.2500+87,1,0,0,0
2206,TCGA-LL-A5YO-DX1_xmin36631_ymin44396_MPP-0.2500+88,0,0,1,0
2207,TCGA-LL-A5YO-DX1_xmin36631_ymin44396_MPP-0.2500+89,1,1,1,0
2208,TCGA-LL-A5YO-DX1_xmin36631_ymin44396_MPP-0.2500+9,0,1,1,0
2209,TCGA-LL-A5YO-DX1_xmin36631_ymin44396_MPP-0.2500+90,0,1,1,0
2210,TCGA-LL-A5YO-DX1_xmin36631_ymin44396_MPP-0.2500+91,0,0,1,0
2211,TCGA-LL-A5YO-DX1_xmin36631_ymin44396_MPP-0.2500+92,0,0,1,0
2212,TCGA-LL-A5YO-DX1_xmin36631_ymin44396_MPP-0.2500+93,1,0,0,0
2213,TCGA-LL-A5YO-DX1_xmin36631_ymin44396_MPP-0.2500+94,1,1,1,0
2214,TCGA-LL-A5YO-DX1_xmin36631_ymin44396_MPP-0.2500+95,1,1,1,0
2215,TCGA-LL-A73Y-DX1_xmin68117_ymin49445_MPP-0.2500+0,1,1,0,0
2216,TCGA-LL-A73Y-DX1_xmin68117_ymin49445_MPP-0.2500+1,0,1,1,0
2217,TCGA-LL-A73Y-DX1_xmin68117_ymin49445_MPP-0.2500+10,1,1,1,0
2218,TCGA-LL-A73Y-DX1_xmin68117_ymin49445_MPP-0.2500+11,1,1,1,0
2219,TCGA-LL-A73Y-DX1_xmin68117_ymin49445_MPP-0.2500+12,1,0,0,0
2220,TCGA-LL-A73Y-DX1_xmin68117_ymin49445_MPP-0.2500+13,1,1,0,0
2221,TCGA-LL-A73Y-DX1_xmin68117_ymin49445_MPP-0.2500+14,0,1,1,0
2222,TCGA-LL-A73Y-DX1_xmin68117_ymin49445_MPP-0.2500+15,0,1,1,0
2223,TCGA-LL-A73Y-DX1_xmin68117_ymin49445_MPP-0.2500+16,0,1,1,0
2224,TCGA-LL-A73Y-DX1_xmin68117_ymin49445_MPP-0.2500+17,0,1,1,0
2225,TCGA-LL-A73Y-DX1_xmin68117_ymin49445_MPP-0.2500+18,1,0,0,0
2226,TCGA-LL-A73Y-DX1_xmin68117_ymin49445_MPP-0.2500+19,1,1,1,0
2227,TCGA-LL-A73Y-DX1_xmin68117_ymin49445_MPP-0.2500+2,0,1,1,0
2228,TCGA-LL-A73Y-DX1_xmin68117_ymin49445_MPP-0.2500+20,0,1,1,0
2229,TCGA-LL-A73Y-DX1_xmin68117_ymin49445_MPP-0.2500+21,0,1,1,0
2230,TCGA-LL-A73Y-DX1_xmin68117_ymin49445_MPP-0.2500+22,0,0,1,0
2231,TCGA-LL-A73Y-DX1_xmin68117_ymin49445_MPP-0.2500+23,0,0,1,0
2232,TCGA-LL-A73Y-DX1_xmin68117_ymin49445_MPP-0.2500+24,0,1,1,0
2233,TCGA-LL-A73Y-DX1_xmin68117_ymin49445_MPP-0.2500+25,0,1,1,0
2234,TCGA-LL-A73Y-DX1_xmin68117_ymin49445_MPP-0.2500+26,0,1,1,0
2235,TCGA-LL-A73Y-DX1_xmin68117_ymin49445_MPP-0.2500+27,0,1,1,0
2236,TCGA-LL-A73Y-DX1_xmin68117_ymin49445_MPP-0.2500+28,0,0,1,0
2237,TCGA-LL-A73Y-DX1_xmin68117_ymin49445_MPP-0.2500+29,0,0,1,0
2238,TCGA-LL-A73Y-DX1_xmin68117_ymin49445_MPP-0.2500+3,0,1,1,0
2239,TCGA-LL-A73Y-DX1_xmin68117_ymin49445_MPP-0.2500+30,0,1,1,0
2240,TCGA-LL-A73Y-DX1_xmin68117_ymin49445_MPP-0.2500+31,0,1,1,0
2241,TCGA-LL-A73Y-DX1_xmin68117_ymin49445_MPP-0.2500+32,0,0,1,0
2242,TCGA-LL-A73Y-DX1_xmin68117_ymin49445_MPP-0.2500+33,0,0,1,0
2243,TCGA-LL-A73Y-DX1_xmin68117_ymin49445_MPP-0.2500+34,0,0,1,0
2244,TCGA-LL-A73Y-DX1_xmin68117_ymin49445_MPP-0.2500+35,0,0,1,0
2245,TCGA-LL-A73Y-DX1_xmin68117_ymin49445_MPP-0.2500+36,0,1,1,0
2246,TCGA-LL-A73Y-DX1_xmin68117_ymin49445_MPP-0.2500+37,0,1,1,0
2247,TCGA-LL-A73Y-DX1_xmin68117_ymin49445_MPP-0.2500+38,0,0,1,0
2248,TCGA-LL-A73Y-DX1_xmin68117_ymin49445_MPP-0.2500+39,0,0,1,0
2249,TCGA-LL-A73Y-DX1_xmin68117_ymin49445_MPP-0.2500+4,0,1,0,0
2250,TCGA-LL-A73Y-DX1_xmin68117_ymin49445_MPP-0.2500+40,0,0,1,0
2251,TCGA-LL-A73Y-DX1_xmin68117_ymin49445_MPP-0.2500+41,1,0,1,0
2252,TCGA-LL-A73Y-DX1_xmin68117_ymin49445_MPP-0.2500+42,0,1,1,0
2253,TCGA-LL-A73Y-DX1_xmin68117_ymin49445_MPP-0.2500+43,0,0,1,0
2254,TCGA-LL-A73Y-DX1_xmin68117_ymin49445_MPP-0.2500+44,0,0,1,0
2255,TCGA-LL-A73Y-DX1_xmin68117_ymin49445_MPP-0.2500+45,0,0,1,0
2256,TCGA-LL-A73Y-DX1_xmin68117_ymin49445_MPP-0.2500+46,0,0,1,0
2257,TCGA-LL-A73Y-DX1_xmin68117_ymin49445_MPP-0.2500+47,0,0,1,0
2258,TCGA-LL-A73Y-DX1_xmin68117_ymin49445_MPP-0.2500+5,0,1,1,0
2259,TCGA-LL-A73Y-DX1_xmin68117_ymin49445_MPP-0.2500+6,1,1,1,0
2260,TCGA-LL-A73Y-DX1_xmin68117_ymin49445_MPP-0.2500+7,1,1,0,0
2261,TCGA-LL-A73Y-DX1_xmin68117_ymin49445_MPP-0.2500+8,0,1,0,0
2262,TCGA-LL-A73Y-DX1_xmin68117_ymin49445_MPP-0.2500+9,0,1,1,0
2263,TCGA-LL-A740-DX1_xmin39436_ymin24080_MPP-0.2500+0,0,1,1,0
2264,TCGA-LL-A740-DX1_xmin39436_ymin24080_MPP-0.2500+1,0,0,1,0
2265,TCGA-LL-A740-DX1_xmin39436_ymin24080_MPP-0.2500+10,1,0,0,0
2266,TCGA-LL-A740-DX1_xmin39436_ymin24080_MPP-0.2500+100,0,1,0,0
2267,TCGA-LL-A740-DX1_xmin39436_ymin24080_MPP-0.2500+101,0,1,0,0
2268,TCGA-LL-A740-DX1_xmin39436_ymin24080_MPP-0.2500+102,0,1,0,0
2269,TCGA-LL-A740-DX1_xmin39436_ymin24080_MPP-0.2500+103,0,1,0,0
2270,TCGA-LL-A740-DX1_xmin39436_ymin24080_MPP-0.2500+104,0,1,0,0
2271,TCGA-LL-A740-DX1_xmin39436_ymin24080_MPP-0.2500+105,0,1,0,0
2272,TCGA-LL-A740-DX1_xmin39436_ymin24080_MPP-0.2500+106,1,1,0,0
2273,TCGA-LL-A740-DX1_xmin39436_ymin24080_MPP-0.2500+107,1,0,0,0
2274,TCGA-LL-A740-DX1_xmin39436_ymin24080_MPP-0.2500+108,1,0,0,0
2275,TCGA-LL-A740-DX1_xmin39436_ymin24080_MPP-0.2500+109,1,0,0,0
2276,TCGA-LL-A740-DX1_xmin39436_ymin24080_MPP-0.2500+11,0,1,1,0
2277,TCGA-LL-A740-DX1_xmin39436_ymin24080_MPP-0.2500+110,0,1,0,0
2278,TCGA-LL-A740-DX1_xmin39436_ymin24080_MPP-0.2500+111,0,1,0,0
2279,TCGA-LL-A740-DX1_xmin39436_ymin24080_MPP-0.2500+112,0,1,0,0
2280,TCGA-LL-A740-DX1_xmin39436_ymin24080_MPP-0.2500+113,0,1,0,0
2281,TCGA-LL-A740-DX1_xmin39436_ymin24080_MPP-0.2500+114,0,1,0,0
2282,TCGA-LL-A740-DX1_xmin39436_ymin24080_MPP-0.2500+115,0,1,0,0
2283,TCGA-LL-A740-DX1_xmin39436_ymin24080_MPP-0.2500+116,1,1,0,0
2284,TCGA-LL-A740-DX1_xmin39436_ymin24080_MPP-0.2500+117,1,1,0,0
2285,TCGA-LL-A740-DX1_xmin39436_ymin24080_MPP-0.2500+118,1,0,0,0
2286,TCGA-LL-A740-DX1_xmin39436_ymin24080_MPP-0.2500+119,1,0,0,0
2287,TCGA-LL-A740-DX1_xmin39436_ymin24080_MPP-0.2500+12,0,0,1,0
2288,TCGA-LL-A740-DX1_xmin39436_ymin24080_MPP-0.2500+120,1,0,0,0
2289,TCGA-LL-A740-DX1_xmin39436_ymin24080_MPP-0.2500+13,0,1,1,0
2290,TCGA-LL-A740-DX1_xmin39436_ymin24080_MPP-0.2500+14,0,1,1,0
2291,TCGA-LL-A740-DX1_xmin39436_ymin24080_MPP-0.2500+15,0,1,0,0
2292,TCGA-LL-A740-DX1_xmin39436_ymin24080_MPP-0.2500+16,0,1,0,0
2293,TCGA-LL-A740-DX1_xmin39436_ymin24080_MPP-0.2500+17,0,1,0,0
2294,TCGA-LL-A740-DX1_xmin39436_ymin24080_MPP-0.2500+18,1,1,0,0
2295,TCGA-LL-A740-DX1_xmin39436_ymin24080_MPP-0.2500+19,1,1,0,0
2296,TCGA-LL-A740-DX1_xmin39436_ymin24080_MPP-0.2500+2,0,0,1,0
2297,TCGA-LL-A740-DX1_xmin39436_ymin24080_MPP-0.2500+20,1,0,0,0
2298,TCGA-LL-A740-DX1_xmin39436_ymin24080_MPP-0.2500+21,1,0,0,0
2299,TCGA-LL-A740-DX1_xmin39436_ymin24080_MPP-0.2500+22,0,0,1,0
2300,TCGA-LL-A740-DX1_xmin39436_ymin24080_MPP-0.2500+23,0,1,1,0
2301,TCGA-LL-A740-DX1_xmin39436_ymin24080_MPP-0.2500+24,0,1,1,0
2302,TCGA-LL-A740-DX1_xmin39436_ymin24080_MPP-0.2500+25,0,1,0,0
2303,TCGA-LL-A740-DX1_xmin39436_ymin24080_MPP-0.2500+26,0,1,0,0
2304,TCGA-LL-A740-DX1_xmin39436_ymin24080_MPP-0.2500+27,0,1,0,0
2305,TCGA-LL-A740-DX1_xmin39436_ymin24080_MPP-0.2500+28,0,1,0,0
2306,TCGA-LL-A740-DX1_xmin39436_ymin24080_MPP-0.2500+29,1,1,0,0
2307,TCGA-LL-A740-DX1_xmin39436_ymin24080_MPP-0.2500+3,0,1,1,0
2308,TCGA-LL-A740-DX1_xmin39436_ymin24080_MPP-0.2500+30,1,1,0,0
2309,TCGA-LL-A740-DX1_xmin39436_ymin24080_MPP-0.2500+31,1,0,0,0
2310,TCGA-LL-A740-DX1_xmin39436_ymin24080_MPP-0.2500+32,1,0,0,0
2311,TCGA-LL-A740-DX1_xmin39436_ymin24080_MPP-0.2500+33,0,1,1,0
2312,TCGA-LL-A740-DX1_xmin39436_ymin24080_MPP-0.2500+34,0,1,1,0
2313,TCGA-LL-A740-DX1_xmin39436_ymin24080_MPP-0.2500+35,0,1,0,0
2314,TCGA-LL-A740-DX1_xmin39436_ymin24080_MPP-0.2500+36,0,1,0,0
2315,TCGA-LL-A740-DX1_xmin39436_ymin24080_MPP-0.2500+37,0,1,0,0
2316,TCGA-LL-A740-DX1_xmin39436_ymin24080_MPP-0.2500+38,0,1,0,0
2317,TCGA-LL-A740-DX1_xmin39436_ymin24080_MPP-0.2500+39,0,1,0,0
2318,TCGA-LL-A740-DX1_xmin39436_ymin24080_MPP-0.2500+4,0,1,0,0
2319,TCGA-LL-A740-DX1_xmin39436_ymin24080_MPP-0.2500+40,0,1,0,0
2320,TCGA-LL-A740-DX1_xmin39436_ymin24080_MPP-0.2500+41,1,1,0,0
2321,TCGA-LL-A740-DX1_xmin39436_ymin24080_MPP-0.2500+42,1,0,0,0
2322,TCGA-LL-A740-DX1_xmin39436_ymin24080_MPP-0.2500+43,1,0,0,0
2323,TCGA-LL-A740-DX1_xmin39436_ymin24080_MPP-0.2500+44,0,1,0,0
2324,TCGA-LL-A740-DX1_xmin39436_ymin24080_MPP-0.2500+45,0,1,0,0
2325,TCGA-LL-A740-DX1_xmin39436_ymin24080_MPP-0.2500+46,0,1,0,0
2326,TCGA-LL-A740-DX1_xmin39436_ymin24080_MPP-0.2500+47,0,1,0,0
2327,TCGA-LL-A740-DX1_xmin39436_ymin24080_MPP-0.2500+48,0,1,0,0
2328,TCGA-LL-A740-DX1_xmin39436_ymin24080_MPP-0.2500+49,0,1,0,0
2329,TCGA-LL-A740-DX1_xmin39436_ymin24080_MPP-0.2500+5,0,1,0,0
2330,TCGA-LL-A740-DX1_xmin39436_ymin24080_MPP-0.2500+50,0,1,0,0
2331,TCGA-LL-A740-DX1_xmin39436_ymin24080_MPP-0.2500+51,0,0,0,1
2332,TCGA-LL-A740-DX1_xmin39436_ymin24080_MPP-0.2500+52,1,0,0,0
2333,TCGA-LL-A740-DX1_xmin39436_ymin24080_MPP-0.2500+53,1,0,0,0
2334,TCGA-LL-A740-DX1_xmin39436_ymin24080_MPP-0.2500+54,1,0,0,0
2335,TCGA-LL-A740-DX1_xmin39436_ymin24080_MPP-0.2500+55,1,1,0,0
2336,TCGA-LL-A740-DX1_xmin39436_ymin24080_MPP-0.2500+56,0,1,0,0
2337,TCGA-LL-A740-DX1_xmin39436_ymin24080_MPP-0.2500+57,0,1,0,0
2338,TCGA-LL-A740-DX1_xmin39436_ymin24080_MPP-0.2500+58,0,1,0,0
2339,TCGA-LL-A740-DX1_xmin39436_ymin24080_MPP-0.2500+59,0,1,0,0
2340,TCGA-LL-A740-DX1_xmin39436_ymin24080_MPP-0.2500+6,0,1,0,0
2341,TCGA-LL-A740-DX1_xmin39436_ymin24080_MPP-0.2500+60,0,1,0,0
2342,TCGA-LL-A740-DX1_xmin39436_ymin24080_MPP-0.2500+61,0,1,0,1
2343,TCGA-LL-A740-DX1_xmin39436_ymin24080_MPP-0.2500+62,0,0,0,1
2344,TCGA-LL-A740-DX1_xmin39436_ymin24080_MPP-0.2500+63,1,0,0,0
2345,TCGA-LL-A740-DX1_xmin39436_ymin24080_MPP-0.2500+64,1,1,0,0
2346,TCGA-LL-A740-DX1_xmin39436_ymin24080_MPP-0.2500+65,1,1,0,0
2347,TCGA-LL-A740-DX1_xmin39436_ymin24080_MPP-0.2500+66,0,1,0,0
2348,TCGA-LL-A740-DX1_xmin39436_ymin24080_MPP-0.2500+67,0,1,0,0
2349,TCGA-LL-A740-DX1_xmin39436_ymin24080_MPP-0.2500+68,0,1,0,0
2350,TCGA-LL-A740-DX1_xmin39436_ymin24080_MPP-0.2500+69,0,1,0,0
2351,TCGA-LL-A740-DX1_xmin39436_ymin24080_MPP-0.2500+7,0,1,0,0
2352,TCGA-LL-A740-DX1_xmin39436_ymin24080_MPP-0.2500+70,0,1,0,0
2353,TCGA-LL-A740-DX1_xmin39436_ymin24080_MPP-0.2500+71,0,1,0,0
2354,TCGA-LL-A740-DX1_xmin39436_ymin24080_MPP-0.2500+72,1,1,0,0
2355,TCGA-LL-A740-DX1_xmin39436_ymin24080_MPP-0.2500+73,0,0,0,1
2356,TCGA-LL-A740-DX1_xmin39436_ymin24080_MPP-0.2500+74,1,0,0,0
2357,TCGA-LL-A740-DX1_xmin39436_ymin24080_MPP-0.2500+75,1,1,0,0
2358,TCGA-LL-A740-DX1_xmin39436_ymin24080_MPP-0.2500+76,1,1,0,0
2359,TCGA-LL-A740-DX1_xmin39436_ymin24080_MPP-0.2500+77,0,1,0,0
2360,TCGA-LL-A740-DX1_xmin39436_ymin24080_MPP-0.2500+78,0,1,0,0
2361,TCGA-LL-A740-DX1_xmin39436_ymin24080_MPP-0.2500+79,0,1,0,0
2362,TCGA-LL-A740-DX1_xmin39436_ymin24080_MPP-0.2500+8,1,1,0,0
2363,TCGA-LL-A740-DX1_xmin39436_ymin24080_MPP-0.2500+80,0,1,0,0
2364,TCGA-LL-A740-DX1_xmin39436_ymin24080_MPP-0.2500+81,0,1,0,0
2365,TCGA-LL-A740-DX1_xmin39436_ymin24080_MPP-0.2500+82,0,1,0,0
2366,TCGA-LL-A740-DX1_xmin39436_ymin24080_MPP-0.2500+83,1,1,0,0
2367,TCGA-LL-A740-DX1_xmin39436_ymin24080_MPP-0.2500+84,1,0,0,0
2368,TCGA-LL-A740-DX1_xmin39436_ymin24080_MPP-0.2500+85,1,0,0,0
2369,TCGA-LL-A740-DX1_xmin39436_ymin24080_MPP-0.2500+86,1,0,0,0
2370,TCGA-LL-A740-DX1_xmin39436_ymin24080_MPP-0.2500+87,1,1,0,0
2371,TCGA-LL-A740-DX1_xmin39436_ymin24080_MPP-0.2500+88,0,1,0,0
2372,TCGA-LL-A740-DX1_xmin39436_ymin24080_MPP-0.2500+89,0,1,0,0
2373,TCGA-LL-A740-DX1_xmin39436_ymin24080_MPP-0.2500+9,1,1,0,0
2374,TCGA-LL-A740-DX1_xmin39436_ymin24080_MPP-0.2500+90,0,1,0,0
2375,TCGA-LL-A740-DX1_xmin39436_ymin24080_MPP-0.2500+91,0,1,0,0
2376,TCGA-LL-A740-DX1_xmin39436_ymin24080_MPP-0.2500+92,0,1,0,0
2377,TCGA-LL-A740-DX1_xmin39436_ymin24080_MPP-0.2500+93,0,1,0,0
2378,TCGA-LL-A740-DX1_xmin39436_ymin24080_MPP-0.2500+94,0,1,0,0
2379,TCGA-LL-A740-DX1_xmin39436_ymin24080_MPP-0.2500+95,1,0,0,1
2380,TCGA-LL-A740-DX1_xmin39436_ymin24080_MPP-0.2500+96,1,0,0,0
2381,TCGA-LL-A740-DX1_xmin39436_ymin24080_MPP-0.2500+97,0,1,0,1
2382,TCGA-LL-A740-DX1_xmin39436_ymin24080_MPP-0.2500+98,1,1,0,0
2383,TCGA-LL-A740-DX1_xmin39436_ymin24080_MPP-0.2500+99,0,1,0,0
2384,TCGA-OL-A5D6-DX1_xmin115108_ymin40554_MPP-0.2500+0,0,0,0,1
2385,TCGA-OL-A5D6-DX1_xmin115108_ymin40554_MPP-0.2500+1,0,0,0,1
2386,TCGA-OL-A5D6-DX1_xmin115108_ymin40554_MPP-0.2500+10,0,0,0,1
2387,TCGA-OL-A5D6-DX1_xmin115108_ymin40554_MPP-0.2500+11,0,0,0,1
2388,TCGA-OL-A5D6-DX1_xmin115108_ymin40554_MPP-0.2500+12,1,1,0,0
2389,TCGA-OL-A5D6-DX1_xmin115108_ymin40554_MPP-0.2500+13,1,0,0,0
2390,TCGA-OL-A5D6-DX1_xmin115108_ymin40554_MPP-0.2500+14,1,1,0,0
2391,TCGA-OL-A5D6-DX1_xmin115108_ymin40554_MPP-0.2500+15,1,1,0,0
2392,TCGA-OL-A5D6-DX1_xmin115108_ymin40554_MPP-0.2500+16,1,1,0,0
2393,TCGA-OL-A5D6-DX1_xmin115108_ymin40554_MPP-0.2500+17,1,1,0,0
2394,TCGA-OL-A5D6-DX1_xmin115108_ymin40554_MPP-0.2500+18,1,1,0,0
2395,TCGA-OL-A5D6-DX1_xmin115108_ymin40554_MPP-0.2500+19,1,1,0,0
2396,TCGA-OL-A5D6-DX1_xmin115108_ymin40554_MPP-0.2500+2,1,0,0,1
2397,TCGA-OL-A5D6-DX1_xmin115108_ymin40554_MPP-0.2500+20,0,0,0,1
2398,TCGA-OL-A5D6-DX1_xmin115108_ymin40554_MPP-0.2500+21,1,0,0,1
2399,TCGA-OL-A5D6-DX1_xmin115108_ymin40554_MPP-0.2500+22,1,0,0,0
2400,TCGA-OL-A5D6-DX1_xmin115108_ymin40554_MPP-0.2500+23,1,0,0,0
2401,TCGA-OL-A5D6-DX1_xmin115108_ymin40554_MPP-0.2500+24,1,1,0,0
2402,TCGA-OL-A5D6-DX1_xmin115108_ymin40554_MPP-0.2500+25,1,1,0,0
2403,TCGA-OL-A5D6-DX1_xmin115108_ymin40554_MPP-0.2500+26,1,1,0,0
2404,TCGA-OL-A5D6-DX1_xmin115108_ymin40554_MPP-0.2500+27,1,1,0,0
2405,TCGA-OL-A5D6-DX1_xmin115108_ymin40554_MPP-0.2500+28,1,0,0,0
2406,TCGA-OL-A5D6-DX1_xmin115108_ymin40554_MPP-0.2500+29,1,1,0,0
2407,TCGA-OL-A5D6-DX1_xmin115108_ymin40554_MPP-0.2500+3,1,0,0,0
2408,TCGA-OL-A5D6-DX1_xmin115108_ymin40554_MPP-0.2500+30,1,1,0,1
2409,TCGA-OL-A5D6-DX1_xmin115108_ymin40554_MPP-0.2500+31,1,1,0,0
2410,TCGA-OL-A5D6-DX1_xmin115108_ymin40554_MPP-0.2500+32,1,1,0,0
2411,TCGA-OL-A5D6-DX1_xmin115108_ymin40554_MPP-0.2500+33,1,1,0,0
2412,TCGA-OL-A5D6-DX1_xmin115108_ymin40554_MPP-0.2500+34,0,1,0,0
2413,TCGA-OL-A5D6-DX1_xmin115108_ymin40554_MPP-0.2500+35,0,1,0,0
2414,TCGA-OL-A5D6-DX1_xmin115108_ymin40554_MPP-0.2500+36,1,1,0,0
2415,TCGA-OL-A5D6-DX1_xmin115108_ymin40554_MPP-0.2500+37,1,1,0,0
2416,TCGA-OL-A5D6-DX1_xmin115108_ymin40554_MPP-0.2500+38,1,0,0,0
2417,TCGA-OL-A5D6-DX1_xmin115108_ymin40554_MPP-0.2500+39,1,1,0,0
2418,TCGA-OL-A5D6-DX1_xmin115108_ymin40554_MPP-0.2500+4,1,0,0,0
2419,TCGA-OL-A5D6-DX1_xmin115108_ymin40554_MPP-0.2500+40,0,0,0,1
2420,TCGA-OL-A5D6-DX1_xmin115108_ymin40554_MPP-0.2500+41,1,0,0,1
2421,TCGA-OL-A5D6-DX1_xmin115108_ymin40554_MPP-0.2500+42,1,0,0,0
2422,TCGA-OL-A5D6-DX1_xmin115108_ymin40554_MPP-0.2500+43,1,0,0,0
2423,TCGA-OL-A5D6-DX1_xmin115108_ymin40554_MPP-0.2500+44,1,1,0,0
2424,TCGA-OL-A5D6-DX1_xmin115108_ymin40554_MPP-0.2500+45,0,1,0,0
2425,TCGA-OL-A5D6-DX1_xmin115108_ymin40554_MPP-0.2500+46,0,1,0,0
2426,TCGA-OL-A5D6-DX1_xmin115108_ymin40554_MPP-0.2500+47,0,1,0,0
2427,TCGA-OL-A5D6-DX1_xmin115108_ymin40554_MPP-0.2500+48,1,1,0,0
2428,TCGA-OL-A5D6-DX1_xmin115108_ymin40554_MPP-0.2500+49,1,1,0,0
2429,TCGA-OL-A5D6-DX1_xmin115108_ymin40554_MPP-0.2500+5,1,1,0,0
2430,TCGA-OL-A5D6-DX1_xmin115108_ymin40554_MPP-0.2500+50,0,0,0,1
2431,TCGA-OL-A5D6-DX1_xmin115108_ymin40554_MPP-0.2500+51,1,0,0,0
2432,TCGA-OL-A5D6-DX1_xmin115108_ymin40554_MPP-0.2500+52,1,0,0,0
2433,TCGA-OL-A5D6-DX1_xmin115108_ymin40554_MPP-0.2500+53,1,0,0,0
2434,TCGA-OL-A5D6-DX1_xmin115108_ymin40554_MPP-0.2500+54,1,0,0,0
2435,TCGA-OL-A5D6-DX1_xmin115108_ymin40554_MPP-0.2500+55,1,1,0,0
2436,TCGA-OL-A5D6-DX1_xmin115108_ymin40554_MPP-0.2500+56,0,1,0,0
2437,TCGA-OL-A5D6-DX1_xmin115108_ymin40554_MPP-0.2500+57,0,1,0,0
2438,TCGA-OL-A5D6-DX1_xmin115108_ymin40554_MPP-0.2500+58,0,1,0,0
2439,TCGA-OL-A5D6-DX1_xmin115108_ymin40554_MPP-0.2500+59,0,1,0,0
2440,TCGA-OL-A5D6-DX1_xmin115108_ymin40554_MPP-0.2500+6,1,1,0,0
2441,TCGA-OL-A5D6-DX1_xmin115108_ymin40554_MPP-0.2500+60,0,0,0,1
2442,TCGA-OL-A5D6-DX1_xmin115108_ymin40554_MPP-0.2500+61,1,0,0,1
2443,TCGA-OL-A5D6-DX1_xmin115108_ymin40554_MPP-0.2500+62,1,0,0,0
2444,TCGA-OL-A5D6-DX1_xmin115108_ymin40554_MPP-0.2500+63,1,0,0,0
2445,TCGA-OL-A5D6-DX1_xmin115108_ymin40554_MPP-0.2500+64,1,0,0,0
2446,TCGA-OL-A5D6-DX1_xmin115108_ymin40554_MPP-0.2500+65,1,1,0,0
2447,TCGA-OL-A5D6-DX1_xmin115108_ymin40554_MPP-0.2500+66,1,1,0,0
2448,TCGA-OL-A5D6-DX1_xmin115108_ymin40554_MPP-0.2500+67,1,1,0,0
2449,TCGA-OL-A5D6-DX1_xmin115108_ymin40554_MPP-0.2500+68,0,1,0,0
2450,TCGA-OL-A5D6-DX1_xmin115108_ymin40554_MPP-0.2500+69,0,1,0,0
2451,TCGA-OL-A5D6-DX1_xmin115108_ymin40554_MPP-0.2500+7,1,1,0,0
2452,TCGA-OL-A5D6-DX1_xmin115108_ymin40554_MPP-0.2500+70,1,0,0,1
2453,TCGA-OL-A5D6-DX1_xmin115108_ymin40554_MPP-0.2500+71,1,0,0,0
2454,TCGA-OL-A5D6-DX1_xmin115108_ymin40554_MPP-0.2500+72,1,0,0,0
2455,TCGA-OL-A5D6-DX1_xmin115108_ymin40554_MPP-0.2500+73,1,1,0,0
2456,TCGA-OL-A5D6-DX1_xmin115108_ymin40554_MPP-0.2500+74,1,1,0,0
2457,TCGA-OL-A5D6-DX1_xmin115108_ymin40554_MPP-0.2500+75,0,1,0,0
2458,TCGA-OL-A5D6-DX1_xmin115108_ymin40554_MPP-0.2500+76,0,1,0,0
2459,TCGA-OL-A5D6-DX1_xmin115108_ymin40554_MPP-0.2500+77,1,1,0,0
2460,TCGA-OL-A5D6-DX1_xmin115108_ymin40554_MPP-0.2500+78,0,1,0,0
2461,TCGA-OL-A5D6-DX1_xmin115108_ymin40554_MPP-0.2500+79,0,1,0,0
2462,TCGA-OL-A5D6-DX1_xmin115108_ymin40554_MPP-0.2500+8,1,1,0,0
2463,TCGA-OL-A5D6-DX1_xmin115108_ymin40554_MPP-0.2500+80,1,0,0,0
2464,TCGA-OL-A5D6-DX1_xmin115108_ymin40554_MPP-0.2500+81,1,0,0,0
2465,TCGA-OL-A5D6-DX1_xmin115108_ymin40554_MPP-0.2500+82,1,0,0,0
2466,TCGA-OL-A5D6-DX1_xmin115108_ymin40554_MPP-0.2500+83,1,1,0,0
2467,TCGA-OL-A5D6-DX1_xmin115108_ymin40554_MPP-0.2500+84,1,1,0,0
2468,TCGA-OL-A5D6-DX1_xmin115108_ymin40554_MPP-0.2500+85,0,1,0,0
2469,TCGA-OL-A5D6-DX1_xmin115108_ymin40554_MPP-0.2500+86,1,1,0,0
2470,TCGA-OL-A5D6-DX1_xmin115108_ymin40554_MPP-0.2500+87,1,0,0,0
2471,TCGA-OL-A5D6-DX1_xmin115108_ymin40554_MPP-0.2500+88,1,0,0,0
2472,TCGA-OL-A5D6-DX1_xmin115108_ymin40554_MPP-0.2500+89,1,1,0,0
2473,TCGA-OL-A5D6-DX1_xmin115108_ymin40554_MPP-0.2500+9,1,1,0,0
2474,TCGA-OL-A5D7-DX1_xmin114443_ymin22490_MPP-0.2500+0,1,1,0,0
2475,TCGA-OL-A5D7-DX1_xmin114443_ymin22490_MPP-0.2500+1,0,1,0,0
2476,TCGA-OL-A5D7-DX1_xmin114443_ymin22490_MPP-0.2500+10,1,1,0,0
2477,TCGA-OL-A5D7-DX1_xmin114443_ymin22490_MPP-0.2500+100,1,1,0,0
2478,TCGA-OL-A5D7-DX1_xmin114443_ymin22490_MPP-0.2500+101,1,1,0,0
2479,TCGA-OL-A5D7-DX1_xmin114443_ymin22490_MPP-0.2500+102,1,1,0,0
2480,TCGA-OL-A5D7-DX1_xmin114443_ymin22490_MPP-0.2500+103,1,0,0,0
2481,TCGA-OL-A5D7-DX1_xmin114443_ymin22490_MPP-0.2500+104,1,0,0,0
2482,TCGA-OL-A5D7-DX1_xmin114443_ymin22490_MPP-0.2500+105,1,0,0,0
2483,TCGA-OL-A5D7-DX1_xmin114443_ymin22490_MPP-0.2500+106,1,0,0,0
2484,TCGA-OL-A5D7-DX1_xmin114443_ymin22490_MPP-0.2500+107,1,1,0,0
2485,TCGA-OL-A5D7-DX1_xmin114443_ymin22490_MPP-0.2500+108,1,1,0,0
2486,TCGA-OL-A5D7-DX1_xmin114443_ymin22490_MPP-0.2500+109,1,1,0,0
2487,TCGA-OL-A5D7-DX1_xmin114443_ymin22490_MPP-0.2500+11,0,0,0,1
2488,TCGA-OL-A5D7-DX1_xmin114443_ymin22490_MPP-0.2500+110,1,1,0,0
2489,TCGA-OL-A5D7-DX1_xmin114443_ymin22490_MPP-0.2500+111,1,1,0,0
2490,TCGA-OL-A5D7-DX1_xmin114443_ymin22490_MPP-0.2500+112,1,0,0,0
2491,TCGA-OL-A5D7-DX1_xmin114443_ymin22490_MPP-0.2500+113,1,0,0,0
2492,TCGA-OL-A5D7-DX1_xmin114443_ymin22490_MPP-0.2500+114,1,1,0,0
2493,TCGA-OL-A5D7-DX1_xmin114443_ymin22490_MPP-0.2500+115,1,1,0,0
2494,TCGA-OL-A5D7-DX1_xmin114443_ymin22490_MPP-0.2500+116,1,1,0,0
2495,TCGA-OL-A5D7-DX1_xmin114443_ymin22490_MPP-0.2500+117,1,1,0,0
2496,TCGA-OL-A5D7-DX1_xmin114443_ymin22490_MPP-0.2500+118,1,1,0,0
2497,TCGA-OL-A5D7-DX1_xmin114443_ymin22490_MPP-0.2500+119,1,1,0,0
2498,TCGA-OL-A5D7-DX1_xmin114443_ymin22490_MPP-0.2500+12,0,0,0,1
2499,TCGA-OL-A5D7-DX1_xmin114443_ymin22490_MPP-0.2500+120,1,0,0,0
2500,TCGA-OL-A5D7-DX1_xmin114443_ymin22490_MPP-0.2500+121,1,0,0,0
2501,TCGA-OL-A5D7-DX1_xmin114443_ymin22490_MPP-0.2500+122,1,0,0,0
2502,TCGA-OL-A5D7-DX1_xmin114443_ymin22490_MPP-0.2500+123,1,0,0,0
2503,TCGA-OL-A5D7-DX1_xmin114443_ymin22490_MPP-0.2500+124,1,0,0,0
2504,TCGA-OL-A5D7-DX1_xmin114443_ymin22490_MPP-0.2500+125,1,0,0,0
2505,TCGA-OL-A5D7-DX1_xmin114443_ymin22490_MPP-0.2500+126,1,0,0,0
2506,TCGA-OL-A5D7-DX1_xmin114443_ymin22490_MPP-0.2500+127,1,0,0,0
2507,TCGA-OL-A5D7-DX1_xmin114443_ymin22490_MPP-0.2500+128,1,0,0,0
2508,TCGA-OL-A5D7-DX1_xmin114443_ymin22490_MPP-0.2500+129,1,0,0,0
2509,TCGA-OL-A5D7-DX1_xmin114443_ymin22490_MPP-0.2500+13,1,0,0,1
2510,TCGA-OL-A5D7-DX1_xmin114443_ymin22490_MPP-0.2500+130,1,0,0,0
2511,TCGA-OL-A5D7-DX1_xmin114443_ymin22490_MPP-0.2500+131,1,0,0,0
2512,TCGA-OL-A5D7-DX1_xmin114443_ymin22490_MPP-0.2500+132,1,0,0,0
2513,TCGA-OL-A5D7-DX1_xmin114443_ymin22490_MPP-0.2500+133,1,0,0,0
2514,TCGA-OL-A5D7-DX1_xmin114443_ymin22490_MPP-0.2500+134,1,0,0,0
2515,TCGA-OL-A5D7-DX1_xmin114443_ymin22490_MPP-0.2500+135,1,0,0,0
2516,TCGA-OL-A5D7-DX1_xmin114443_ymin22490_MPP-0.2500+136,1,0,0,0
2517,TCGA-OL-A5D7-DX1_xmin114443_ymin22490_MPP-0.2500+137,1,0,0,0
2518,TCGA-OL-A5D7-DX1_xmin114443_ymin22490_MPP-0.2500+138,0,1,1,0
2519,TCGA-OL-A5D7-DX1_xmin114443_ymin22490_MPP-0.2500+139,0,1,0,0
2520,TCGA-OL-A5D7-DX1_xmin114443_ymin22490_MPP-0.2500+14,1,0,0,0
2521,TCGA-OL-A5D7-DX1_xmin114443_ymin22490_MPP-0.2500+140,1,0,0,0
2522,TCGA-OL-A5D7-DX1_xmin114443_ymin22490_MPP-0.2500+141,1,0,0,0
2523,TCGA-OL-A5D7-DX1_xmin114443_ymin22490_MPP-0.2500+142,1,0,0,0
2524,TCGA-OL-A5D7-DX1_xmin114443_ymin22490_MPP-0.2500+143,1,0,0,0
2525,TCGA-OL-A5D7-DX1_xmin114443_ymin22490_MPP-0.2500+144,1,0,0,0
2526,TCGA-OL-A5D7-DX1_xmin114443_ymin22490_MPP-0.2500+145,1,0,0,0
2527,TCGA-OL-A5D7-DX1_xmin114443_ymin22490_MPP-0.2500+146,1,1,0,0
2528,TCGA-OL-A5D7-DX1_xmin114443_ymin22490_MPP-0.2500+147,1,1,0,0
2529,TCGA-OL-A5D7-DX1_xmin114443_ymin22490_MPP-0.2500+148,1,1,0,0
2530,TCGA-OL-A5D7-DX1_xmin114443_ymin22490_MPP-0.2500+149,1,0,0,0
2531,TCGA-OL-A5D7-DX1_xmin114443_ymin22490_MPP-0.2500+15,1,1,0,0
2532,TCGA-OL-A5D7-DX1_xmin114443_ymin22490_MPP-0.2500+150,1,0,0,0
2533,TCGA-OL-A5D7-DX1_xmin114443_ymin22490_MPP-0.2500+151,1,0,0,0
2534,TCGA-OL-A5D7-DX1_xmin114443_ymin22490_MPP-0.2500+152,1,0,0,0
2535,TCGA-OL-A5D7-DX1_xmin114443_ymin22490_MPP-0.2500+153,1,0,0,0
2536,TCGA-OL-A5D7-DX1_xmin114443_ymin22490_MPP-0.2500+154,1,0,0,0
2537,TCGA-OL-A5D7-DX1_xmin114443_ymin22490_MPP-0.2500+155,1,0,0,0
2538,TCGA-OL-A5D7-DX1_xmin114443_ymin22490_MPP-0.2500+156,0,1,0,0
2539,TCGA-OL-A5D7-DX1_xmin114443_ymin22490_MPP-0.2500+157,0,1,0,0
2540,TCGA-OL-A5D7-DX1_xmin114443_ymin22490_MPP-0.2500+158,0,1,0,0
2541,TCGA-OL-A5D7-DX1_xmin114443_ymin22490_MPP-0.2500+159,0,1,0,0
2542,TCGA-OL-A5D7-DX1_xmin114443_ymin22490_MPP-0.2500+16,1,1,0,0
2543,TCGA-OL-A5D7-DX1_xmin114443_ymin22490_MPP-0.2500+160,1,0,0,0
2544,TCGA-OL-A5D7-DX1_xmin114443_ymin22490_MPP-0.2500+161,1,0,0,0
2545,TCGA-OL-A5D7-DX1_xmin114443_ymin22490_MPP-0.2500+162,1,0,0,0
2546,TCGA-OL-A5D7-DX1_xmin114443_ymin22490_MPP-0.2500+163,1,0,0,0
2547,TCGA-OL-A5D7-DX1_xmin114443_ymin22490_MPP-0.2500+164,1,1,0,0
2548,TCGA-OL-A5D7-DX1_xmin114443_ymin22490_MPP-0.2500+165,0,1,0,0
2549,TCGA-OL-A5D7-DX1_xmin114443_ymin22490_MPP-0.2500+166,1,1,0,0
2550,TCGA-OL-A5D7-DX1_xmin114443_ymin22490_MPP-0.2500+167,1,1,0,0
2551,TCGA-OL-A5D7-DX1_xmin114443_ymin22490_MPP-0.2500+168,1,1,0,0
2552,TCGA-OL-A5D7-DX1_xmin114443_ymin22490_MPP-0.2500+169,1,0,0,0
2553,TCGA-OL-A5D7-DX1_xmin114443_ymin22490_MPP-0.2500+17,1,0,0,0
2554,TCGA-OL-A5D7-DX1_xmin114443_ymin22490_MPP-0.2500+170,1,0,0,0
2555,TCGA-OL-A5D7-DX1_xmin114443_ymin22490_MPP-0.2500+171,1,0,0,0
2556,TCGA-OL-A5D7-DX1_xmin114443_ymin22490_MPP-0.2500+172,1,0,0,0
2557,TCGA-OL-A5D7-DX1_xmin114443_ymin22490_MPP-0.2500+173,0,1,0,0
2558,TCGA-OL-A5D7-DX1_xmin114443_ymin22490_MPP-0.2500+174,0,1,0,0
2559,TCGA-OL-A5D7-DX1_xmin114443_ymin22490_MPP-0.2500+175,1,0,0,0
2560,TCGA-OL-A5D7-DX1_xmin114443_ymin22490_MPP-0.2500+176,0,1,0,0
2561,TCGA-OL-A5D7-DX1_xmin114443_ymin22490_MPP-0.2500+177,0,1,0,0
2562,TCGA-OL-A5D7-DX1_xmin114443_ymin22490_MPP-0.2500+178,1,1,0,0
2563,TCGA-OL-A5D7-DX1_xmin114443_ymin22490_MPP-0.2500+179,1,0,0,0
2564,TCGA-OL-A5D7-DX1_xmin114443_ymin22490_MPP-0.2500+18,1,0,0,0
2565,TCGA-OL-A5D7-DX1_xmin114443_ymin22490_MPP-0.2500+180,1,0,0,0
2566,TCGA-OL-A5D7-DX1_xmin114443_ymin22490_MPP-0.2500+181,1,0,0,0
2567,TCGA-OL-A5D7-DX1_xmin114443_ymin22490_MPP-0.2500+182,1,0,0,0
2568,TCGA-OL-A5D7-DX1_xmin114443_ymin22490_MPP-0.2500+183,1,0,0,0
2569,TCGA-OL-A5D7-DX1_xmin114443_ymin22490_MPP-0.2500+184,1,0,0,0
2570,TCGA-OL-A5D7-DX1_xmin114443_ymin22490_MPP-0.2500+185,1,0,0,0
2571,TCGA-OL-A5D7-DX1_xmin114443_ymin22490_MPP-0.2500+186,1,0,0,0
2572,TCGA-OL-A5D7-DX1_xmin114443_ymin22490_MPP-0.2500+187,1,0,0,0
2573,TCGA-OL-A5D7-DX1_xmin114443_ymin22490_MPP-0.2500+188,1,0,0,0
2574,TCGA-OL-A5D7-DX1_xmin114443_ymin22490_MPP-0.2500+189,1,0,0,0
2575,TCGA-OL-A5D7-DX1_xmin114443_ymin22490_MPP-0.2500+19,0,0,0,1
2576,TCGA-OL-A5D7-DX1_xmin114443_ymin22490_MPP-0.2500+190,1,0,0,0
2577,TCGA-OL-A5D7-DX1_xmin114443_ymin22490_MPP-0.2500+191,0,1,1,0
2578,TCGA-OL-A5D7-DX1_xmin114443_ymin22490_MPP-0.2500+192,0,1,0,0
2579,TCGA-OL-A5D7-DX1_xmin114443_ymin22490_MPP-0.2500+193,1,1,0,0
2580,TCGA-OL-A5D7-DX1_xmin114443_ymin22490_MPP-0.2500+194,1,0,0,0
2581,TCGA-OL-A5D7-DX1_xmin114443_ymin22490_MPP-0.2500+195,0,1,0,0
2582,TCGA-OL-A5D7-DX1_xmin114443_ymin22490_MPP-0.2500+196,1,0,0,0
2583,TCGA-OL-A5D7-DX1_xmin114443_ymin22490_MPP-0.2500+197,1,0,0,0
2584,TCGA-OL-A5D7-DX1_xmin114443_ymin22490_MPP-0.2500+198,1,0,0,0
2585,TCGA-OL-A5D7-DX1_xmin114443_ymin22490_MPP-0.2500+199,1,0,0,0
2586,TCGA-OL-A5D7-DX1_xmin114443_ymin22490_MPP-0.2500+2,0,1,0,0
2587,TCGA-OL-A5D7-DX1_xmin114443_ymin22490_MPP-0.2500+20,0,0,0,1
2588,TCGA-OL-A5D7-DX1_xmin114443_ymin22490_MPP-0.2500+200,1,0,0,0
2589,TCGA-OL-A5D7-DX1_xmin114443_ymin22490_MPP-0.2500+201,1,0,0,0
2590,TCGA-OL-A5D7-DX1_xmin114443_ymin22490_MPP-0.2500+202,1,0,0,0
2591,TCGA-OL-A5D7-DX1_xmin114443_ymin22490_MPP-0.2500+203,1,0,0,0
2592,TCGA-OL-A5D7-DX1_xmin114443_ymin22490_MPP-0.2500+204,1,0,0,0
2593,TCGA-OL-A5D7-DX1_xmin114443_ymin22490_MPP-0.2500+205,1,0,0,0
2594,TCGA-OL-A5D7-DX1_xmin114443_ymin22490_MPP-0.2500+206,0,1,0,0
2595,TCGA-OL-A5D7-DX1_xmin114443_ymin22490_MPP-0.2500+207,1,1,0,0
2596,TCGA-OL-A5D7-DX1_xmin114443_ymin22490_MPP-0.2500+208,1,0,0,0
2597,TCGA-OL-A5D7-DX1_xmin114443_ymin22490_MPP-0.2500+209,1,0,0,0
2598,TCGA-OL-A5D7-DX1_xmin114443_ymin22490_MPP-0.2500+21,0,0,0,1
2599,TCGA-OL-A5D7-DX1_xmin114443_ymin22490_MPP-0.2500+210,1,1,0,0
2600,TCGA-OL-A5D7-DX1_xmin114443_ymin22490_MPP-0.2500+211,1,0,0,0
2601,TCGA-OL-A5D7-DX1_xmin114443_ymin22490_MPP-0.2500+212,1,0,0,0
2602,TCGA-OL-A5D7-DX1_xmin114443_ymin22490_MPP-0.2500+213,1,0,0,0
2603,TCGA-OL-A5D7-DX1_xmin114443_ymin22490_MPP-0.2500+214,1,0,0,0
2604,TCGA-OL-A5D7-DX1_xmin114443_ymin22490_MPP-0.2500+215,1,0,0,0
2605,TCGA-OL-A5D7-DX1_xmin114443_ymin22490_MPP-0.2500+216,1,0,0,0
2606,TCGA-OL-A5D7-DX1_xmin114443_ymin22490_MPP-0.2500+217,1,0,0,0
2607,TCGA-OL-A5D7-DX1_xmin114443_ymin22490_MPP-0.2500+218,1,0,0,0
2608,TCGA-OL-A5D7-DX1_xmin114443_ymin22490_MPP-0.2500+219,1,0,0,0
2609,TCGA-OL-A5D7-DX1_xmin114443_ymin22490_MPP-0.2500+22,0,0,0,1
2610,TCGA-OL-A5D7-DX1_xmin114443_ymin22490_MPP-0.2500+220,1,0,0,0
2611,TCGA-OL-A5D7-DX1_xmin114443_ymin22490_MPP-0.2500+221,1,0,0,0
2612,TCGA-OL-A5D7-DX1_xmin114443_ymin22490_MPP-0.2500+222,1,0,0,0
2613,TCGA-OL-A5D7-DX1_xmin114443_ymin22490_MPP-0.2500+223,1,0,0,0
2614,TCGA-OL-A5D7-DX1_xmin114443_ymin22490_MPP-0.2500+224,1,0,0,0
2615,TCGA-OL-A5D7-DX1_xmin114443_ymin22490_MPP-0.2500+225,1,0,0,0
2616,TCGA-OL-A5D7-DX1_xmin114443_ymin22490_MPP-0.2500+226,1,0,0,0
2617,TCGA-OL-A5D7-DX1_xmin114443_ymin22490_MPP-0.2500+227,1,0,0,0
2618,TCGA-OL-A5D7-DX1_xmin114443_ymin22490_MPP-0.2500+228,1,0,0,0
2619,TCGA-OL-A5D7-DX1_xmin114443_ymin22490_MPP-0.2500+229,1,0,0,0
2620,TCGA-OL-A5D7-DX1_xmin114443_ymin22490_MPP-0.2500+23,1,0,0,0
2621,TCGA-OL-A5D7-DX1_xmin114443_ymin22490_MPP-0.2500+230,1,0,0,0
2622,TCGA-OL-A5D7-DX1_xmin114443_ymin22490_MPP-0.2500+231,1,0,0,0
2623,TCGA-OL-A5D7-DX1_xmin114443_ymin22490_MPP-0.2500+232,1,0,0,0
2624,TCGA-OL-A5D7-DX1_xmin114443_ymin22490_MPP-0.2500+233,1,0,0,0
2625,TCGA-OL-A5D7-DX1_xmin114443_ymin22490_MPP-0.2500+234,1,0,0,0
2626,TCGA-OL-A5D7-DX1_xmin114443_ymin22490_MPP-0.2500+235,1,0,0,0
2627,TCGA-OL-A5D7-DX1_xmin114443_ymin22490_MPP-0.2500+236,1,0,0,0
2628,TCGA-OL-A5D7-DX1_xmin114443_ymin22490_MPP-0.2500+237,1,0,0,0
2629,TCGA-OL-A5D7-DX1_xmin114443_ymin22490_MPP-0.2500+238,1,0,0,0
2630,TCGA-OL-A5D7-DX1_xmin114443_ymin22490_MPP-0.2500+239,1,0,0,0
2631,TCGA-OL-A5D7-DX1_xmin114443_ymin22490_MPP-0.2500+24,1,0,0,0
2632,TCGA-OL-A5D7-DX1_xmin114443_ymin22490_MPP-0.2500+240,1,0,0,0
2633,TCGA-OL-A5D7-DX1_xmin114443_ymin22490_MPP-0.2500+241,1,0,0,0
2634,TCGA-OL-A5D7-DX1_xmin114443_ymin22490_MPP-0.2500+242,1,0,0,0
2635,TCGA-OL-A5D7-DX1_xmin114443_ymin22490_MPP-0.2500+243,1,0,0,0
2636,TCGA-OL-A5D7-DX1_xmin114443_ymin22490_MPP-0.2500+244,1,0,0,0
2637,TCGA-OL-A5D7-DX1_xmin114443_ymin22490_MPP-0.2500+245,1,0,0,0
2638,TCGA-OL-A5D7-DX1_xmin114443_ymin22490_MPP-0.2500+246,1,0,0,0
2639,TCGA-OL-A5D7-DX1_xmin114443_ymin22490_MPP-0.2500+247,1,0,0,0
2640,TCGA-OL-A5D7-DX1_xmin114443_ymin22490_MPP-0.2500+248,1,0,0,0
2641,TCGA-OL-A5D7-DX1_xmin114443_ymin22490_MPP-0.2500+249,1,0,0,0
2642,TCGA-OL-A5D7-DX1_xmin114443_ymin22490_MPP-0.2500+25,1,1,0,0
2643,TCGA-OL-A5D7-DX1_xmin114443_ymin22490_MPP-0.2500+250,1,0,0,0
2644,TCGA-OL-A5D7-DX1_xmin114443_ymin22490_MPP-0.2500+251,1,0,0,0
2645,TCGA-OL-A5D7-DX1_xmin114443_ymin22490_MPP-0.2500+252,1,1,0,0
2646,TCGA-OL-A5D7-DX1_xmin114443_ymin22490_MPP-0.2500+253,1,0,0,0
2647,TCGA-OL-A5D7-DX1_xmin114443_ymin22490_MPP-0.2500+254,1,0,0,0
2648,TCGA-OL-A5D7-DX1_xmin114443_ymin22490_MPP-0.2500+26,1,0,0,0
2649,TCGA-OL-A5D7-DX1_xmin114443_ymin22490_MPP-0.2500+27,1,0,0,0
2650,TCGA-OL-A5D7-DX1_xmin114443_ymin22490_MPP-0.2500+28,1,0,0,0
2651,TCGA-OL-A5D7-DX1_xmin114443_ymin22490_MPP-0.2500+29,1,0,0,1
2652,TCGA-OL-A5D7-DX1_xmin114443_ymin22490_MPP-0.2500+3,1,1,0,0
2653,TCGA-OL-A5D7-DX1_xmin114443_ymin22490_MPP-0.2500+30,0,0,0,1
2654,TCGA-OL-A5D7-DX1_xmin114443_ymin22490_MPP-0.2500+31,0,0,0,1
2655,TCGA-OL-A5D7-DX1_xmin114443_ymin22490_MPP-0.2500+32,1,0,0,1
2656,TCGA-OL-A5D7-DX1_xmin114443_ymin22490_MPP-0.2500+33,1,0,0,1
2657,TCGA-OL-A5D7-DX1_xmin114443_ymin22490_MPP-0.2500+34,1,0,0,0
2658,TCGA-OL-A5D7-DX1_xmin114443_ymin22490_MPP-0.2500+35,1,0,0,0
2659,TCGA-OL-A5D7-DX1_xmin114443_ymin22490_MPP-0.2500+36,1,0,0,0
2660,TCGA-OL-A5D7-DX1_xmin114443_ymin22490_MPP-0.2500+37,1,1,0,0
2661,TCGA-OL-A5D7-DX1_xmin114443_ymin22490_MPP-0.2500+38,1,1,0,0
2662,TCGA-OL-A5D7-DX1_xmin114443_ymin22490_MPP-0.2500+39,1,0,0,0
2663,TCGA-OL-A5D7-DX1_xmin114443_ymin22490_MPP-0.2500+4,0,1,0,0
2664,TCGA-OL-A5D7-DX1_xmin114443_ymin22490_MPP-0.2500+40,1,0,0,0
2665,TCGA-OL-A5D7-DX1_xmin114443_ymin22490_MPP-0.2500+41,1,0,0,0
2666,TCGA-OL-A5D7-DX1_xmin114443_ymin22490_MPP-0.2500+42,0,0,0,1
2667,TCGA-OL-A5D7-DX1_xmin114443_ymin22490_MPP-0.2500+43,0,0,0,1
2668,TCGA-OL-A5D7-DX1_xmin114443_ymin22490_MPP-0.2500+44,0,0,0,1
2669,TCGA-OL-A5D7-DX1_xmin114443_ymin22490_MPP-0.2500+45,0,0,0,1
2670,TCGA-OL-A5D7-DX1_xmin114443_ymin22490_MPP-0.2500+46,1,0,0,0
2671,TCGA-OL-A5D7-DX1_xmin114443_ymin22490_MPP-0.2500+47,1,0,0,0
2672,TCGA-OL-A5D7-DX1_xmin114443_ymin22490_MPP-0.2500+48,1,0,0,0
2673,TCGA-OL-A5D7-DX1_xmin114443_ymin22490_MPP-0.2500+49,1,0,0,0
2674,TCGA-OL-A5D7-DX1_xmin114443_ymin22490_MPP-0.2500+5,1,1,0,0
2675,TCGA-OL-A5D7-DX1_xmin114443_ymin22490_MPP-0.2500+50,1,1,0,0
2676,TCGA-OL-A5D7-DX1_xmin114443_ymin22490_MPP-0.2500+51,0,1,1,0
2677,TCGA-OL-A5D7-DX1_xmin114443_ymin22490_MPP-0.2500+52,0,1,0,0
2678,TCGA-OL-A5D7-DX1_xmin114443_ymin22490_MPP-0.2500+53,0,1,0,0
2679,TCGA-OL-A5D7-DX1_xmin114443_ymin22490_MPP-0.2500+54,1,0,0,0
2680,TCGA-OL-A5D7-DX1_xmin114443_ymin22490_MPP-0.2500+55,1,0,0,0
2681,TCGA-OL-A5D7-DX1_xmin114443_ymin22490_MPP-0.2500+56,1,0,0,1
2682,TCGA-OL-A5D7-DX1_xmin114443_ymin22490_MPP-0.2500+57,0,0,0,1
2683,TCGA-OL-A5D7-DX1_xmin114443_ymin22490_MPP-0.2500+58,1,0,0,1
2684,TCGA-OL-A5D7-DX1_xmin114443_ymin22490_MPP-0.2500+59,1,0,0,1
2685,TCGA-OL-A5D7-DX1_xmin114443_ymin22490_MPP-0.2500+6,1,0,0,0
2686,TCGA-OL-A5D7-DX1_xmin114443_ymin22490_MPP-0.2500+60,1,0,0,0
2687,TCGA-OL-A5D7-DX1_xmin114443_ymin22490_MPP-0.2500+61,1,0,0,0
2688,TCGA-OL-A5D7-DX1_xmin114443_ymin22490_MPP-0.2500+62,1,0,0,0
2689,TCGA-OL-A5D7-DX1_xmin114443_ymin22490_MPP-0.2500+63,1,0,0,0
2690,TCGA-OL-A5D7-DX1_xmin114443_ymin22490_MPP-0.2500+64,1,0,0,0
2691,TCGA-OL-A5D7-DX1_xmin114443_ymin22490_MPP-0.2500+65,1,0,0,0
2692,TCGA-OL-A5D7-DX1_xmin114443_ymin22490_MPP-0.2500+66,1,1,0,0
2693,TCGA-OL-A5D7-DX1_xmin114443_ymin22490_MPP-0.2500+67,1,1,0,0
2694,TCGA-OL-A5D7-DX1_xmin114443_ymin22490_MPP-0.2500+68,1,1,0,0
2695,TCGA-OL-A5D7-DX1_xmin114443_ymin22490_MPP-0.2500+69,0,1,0,0
2696,TCGA-OL-A5D7-DX1_xmin114443_ymin22490_MPP-0.2500+7,1,1,0,0
2697,TCGA-OL-A5D7-DX1_xmin114443_ymin22490_MPP-0.2500+70,0,0,1,0
2698,TCGA-OL-A5D7-DX1_xmin114443_ymin22490_MPP-0.2500+71,1,0,0,0
2699,TCGA-OL-A5D7-DX1_xmin114443_ymin22490_MPP-0.2500+72,0,0,1,0
2700,TCGA-OL-A5D7-DX1_xmin114443_ymin22490_MPP-0.2500+73,1,0,0,0
2701,TCGA-OL-A5D7-DX1_xmin114443_ymin22490_MPP-0.2500+74,1,0,0,0
2702,TCGA-OL-A5D7-DX1_xmin114443_ymin22490_MPP-0.2500+75,1,0,0,0
2703,TCGA-OL-A5D7-DX1_xmin114443_ymin22490_MPP-0.2500+76,1,0,0,0
2704,TCGA-OL-A5D7-DX1_xmin114443_ymin22490_MPP-0.2500+77,1,0,0,0
2705,TCGA-OL-A5D7-DX1_xmin114443_ymin22490_MPP-0.2500+78,1,0,0,0
2706,TCGA-OL-A5D7-DX1_xmin114443_ymin22490_MPP-0.2500+79,1,0,0,0
2707,TCGA-OL-A5D7-DX1_xmin114443_ymin22490_MPP-0.2500+8,0,1,0,0
2708,TCGA-OL-A5D7-DX1_xmin114443_ymin22490_MPP-0.2500+80,1,0,0,0
2709,TCGA-OL-A5D7-DX1_xmin114443_ymin22490_MPP-0.2500+81,1,0,0,0
2710,TCGA-OL-A5D7-DX1_xmin114443_ymin22490_MPP-0.2500+82,1,0,0,0
2711,TCGA-OL-A5D7-DX1_xmin114443_ymin22490_MPP-0.2500+83,1,0,0,0
2712,TCGA-OL-A5D7-DX1_xmin114443_ymin22490_MPP-0.2500+84,1,0,0,0
2713,TCGA-OL-A5D7-DX1_xmin114443_ymin22490_MPP-0.2500+85,1,0,0,0
2714,TCGA-OL-A5D7-DX1_xmin114443_ymin22490_MPP-0.2500+86,1,0,0,0
2715,TCGA-OL-A5D7-DX1_xmin114443_ymin22490_MPP-0.2500+87,1,1,0,0
2716,TCGA-OL-A5D7-DX1_xmin114443_ymin22490_MPP-0.2500+88,1,1,0,0
2717,TCGA-OL-A5D7-DX1_xmin114443_ymin22490_MPP-0.2500+89,0,1,0,0
2718,TCGA-OL-A5D7-DX1_xmin114443_ymin22490_MPP-0.2500+9,1,0,0,0
2719,TCGA-OL-A5D7-DX1_xmin114443_ymin22490_MPP-0.2500+90,1,1,0,0
2720,TCGA-OL-A5D7-DX1_xmin114443_ymin22490_MPP-0.2500+91,0,1,0,0
2721,TCGA-OL-A5D7-DX1_xmin114443_ymin22490_MPP-0.2500+92,0,1,0,0
2722,TCGA-OL-A5D7-DX1_xmin114443_ymin22490_MPP-0.2500+93,0,1,1,0
2723,TCGA-OL-A5D7-DX1_xmin114443_ymin22490_MPP-0.2500+94,1,0,0,0
2724,TCGA-OL-A5D7-DX1_xmin114443_ymin22490_MPP-0.2500+95,1,0,0,0
2725,TCGA-OL-A5D7-DX1_xmin114443_ymin22490_MPP-0.2500+96,1,0,0,0
2726,TCGA-OL-A5D7-DX1_xmin114443_ymin22490_MPP-0.2500+97,1,1,0,0
2727,TCGA-OL-A5D7-DX1_xmin114443_ymin22490_MPP-0.2500+98,1,1,0,0
2728,TCGA-OL-A5D7-DX1_xmin114443_ymin22490_MPP-0.2500+99,1,1,0,0
2729,TCGA-OL-A5RW-DX1_xmin5772_ymin6839_MPP-0.2500+0,0,0,0,1
2730,TCGA-OL-A5RW-DX1_xmin5772_ymin6839_MPP-0.2500+1,0,1,0,1
2731,TCGA-OL-A5RW-DX1_xmin5772_ymin6839_MPP-0.2500+10,1,1,0,0
2732,TCGA-OL-A5RW-DX1_xmin5772_ymin6839_MPP-0.2500+11,1,1,0,0
2733,TCGA-OL-A5RW-DX1_xmin5772_ymin6839_MPP-0.2500+2,0,0,0,1
2734,TCGA-OL-A5RW-DX1_xmin5772_ymin6839_MPP-0.2500+3,0,0,0,1
2735,TCGA-OL-A5RW-DX1_xmin5772_ymin6839_MPP-0.2500+4,1,1,0,1
2736,TCGA-OL-A5RW-DX1_xmin5772_ymin6839_MPP-0.2500+5,0,0,0,1
2737,TCGA-OL-A5RW-DX1_xmin5772_ymin6839_MPP-0.2500+6,1,1,0,0
2738,TCGA-OL-A5RW-DX1_xmin5772_ymin6839_MPP-0.2500+7,1,1,0,0
2739,TCGA-OL-A5RW-DX1_xmin5772_ymin6839_MPP-0.2500+8,1,1,0,0
2740,TCGA-OL-A5RW-DX1_xmin5772_ymin6839_MPP-0.2500+9,1,1,0,0
2741,TCGA-OL-A66I-DX1_xmin38433_ymin22957_MPP-0.2500+0,0,1,0,0
2742,TCGA-OL-A66I-DX1_xmin38433_ymin22957_MPP-0.2500+1,0,1,0,0
2743,TCGA-OL-A66I-DX1_xmin38433_ymin22957_MPP-0.2500+10,0,1,0,0
2744,TCGA-OL-A66I-DX1_xmin38433_ymin22957_MPP-0.2500+11,0,1,0,0
2745,TCGA-OL-A66I-DX1_xmin38433_ymin22957_MPP-0.2500+12,0,1,1,0
2746,TCGA-OL-A66I-DX1_xmin38433_ymin22957_MPP-0.2500+13,0,1,1,0
2747,TCGA-OL-A66I-DX1_xmin38433_ymin22957_MPP-0.2500+14,0,1,1,0
2748,TCGA-OL-A66I-DX1_xmin38433_ymin22957_MPP-0.2500+15,0,1,1,0
2749,TCGA-OL-A66I-DX1_xmin38433_ymin22957_MPP-0.2500+16,0,1,0,0
2750,TCGA-OL-A66I-DX1_xmin38433_ymin22957_MPP-0.2500+17,0,1,0,0
2751,TCGA-OL-A66I-DX1_xmin38433_ymin22957_MPP-0.2500+18,0,1,1,0
2752,TCGA-OL-A66I-DX1_xmin38433_ymin22957_MPP-0.2500+19,0,1,1,0
2753,TCGA-OL-A66I-DX1_xmin38433_ymin22957_MPP-0.2500+2,0,1,0,0
2754,TCGA-OL-A66I-DX1_xmin38433_ymin22957_MPP-0.2500+20,0,1,1,0
2755,TCGA-OL-A66I-DX1_xmin38433_ymin22957_MPP-0.2500+21,1,1,0,0
2756,TCGA-OL-A66I-DX1_xmin38433_ymin22957_MPP-0.2500+22,0,1,1,0
2757,TCGA-OL-A66I-DX1_xmin38433_ymin22957_MPP-0.2500+23,0,1,0,0
2758,TCGA-OL-A66I-DX1_xmin38433_ymin22957_MPP-0.2500+24,1,1,0,0
2759,TCGA-OL-A66I-DX1_xmin38433_ymin22957_MPP-0.2500+25,1,1,0,0
2760,TCGA-OL-A66I-DX1_xmin38433_ymin22957_MPP-0.2500+26,1,1,0,0
2761,TCGA-OL-A66I-DX1_xmin38433_ymin22957_MPP-0.2500+27,1,1,0,0
2762,TCGA-OL-A66I-DX1_xmin38433_ymin22957_MPP-0.2500+28,1,1,0,0
2763,TCGA-OL-A66I-DX1_xmin38433_ymin22957_MPP-0.2500+29,0,1,1,0
2764,TCGA-OL-A66I-DX1_xmin38433_ymin22957_MPP-0.2500+3,0,1,0,0
2765,TCGA-OL-A66I-DX1_xmin38433_ymin22957_MPP-0.2500+30,0,1,1,0
2766,TCGA-OL-A66I-DX1_xmin38433_ymin22957_MPP-0.2500+31,1,1,0,0
2767,TCGA-OL-A66I-DX1_xmin38433_ymin22957_MPP-0.2500+32,1,0,0,0
2768,TCGA-OL-A66I-DX1_xmin38433_ymin22957_MPP-0.2500+33,1,0,0,0
2769,TCGA-OL-A66I-DX1_xmin38433_ymin22957_MPP-0.2500+34,1,1,1,0
2770,TCGA-OL-A66I-DX1_xmin38433_ymin22957_MPP-0.2500+35,1,1,0,0
2771,TCGA-OL-A66I-DX1_xmin38433_ymin22957_MPP-0.2500+36,0,1,0,0
2772,TCGA-OL-A66I-DX1_xmin38433_ymin22957_MPP-0.2500+37,0,1,0,0
2773,TCGA-OL-A66I-DX1_xmin38433_ymin22957_MPP-0.2500+38,1,1,0,0
2774,TCGA-OL-A66I-DX1_xmin38433_ymin22957_MPP-0.2500+39,1,0,0,0
2775,TCGA-OL-A66I-DX1_xmin38433_ymin22957_MPP-0.2500+4,0,1,0,0
2776,TCGA-OL-A66I-DX1_xmin38433_ymin22957_MPP-0.2500+40,1,1,1,0
2777,TCGA-OL-A66I-DX1_xmin38433_ymin22957_MPP-0.2500+41,1,1,0,0
2778,TCGA-OL-A66I-DX1_xmin38433_ymin22957_MPP-0.2500+42,1,1,0,0
2779,TCGA-OL-A66I-DX1_xmin38433_ymin22957_MPP-0.2500+43,1,1,0,0
2780,TCGA-OL-A66I-DX1_xmin38433_ymin22957_MPP-0.2500+44,0,1,1,0
2781,TCGA-OL-A66I-DX1_xmin38433_ymin22957_MPP-0.2500+45,0,1,1,0
2782,TCGA-OL-A66I-DX1_xmin38433_ymin22957_MPP-0.2500+46,0,1,1,0
2783,TCGA-OL-A66I-DX1_xmin38433_ymin22957_MPP-0.2500+47,0,1,1,0
2784,TCGA-OL-A66I-DX1_xmin38433_ymin22957_MPP-0.2500+48,0,1,1,0
2785,TCGA-OL-A66I-DX1_xmin38433_ymin22957_MPP-0.2500+49,1,1,0,0
2786,TCGA-OL-A66I-DX1_xmin38433_ymin22957_MPP-0.2500+5,0,1,0,0
2787,TCGA-OL-A66I-DX1_xmin38433_ymin22957_MPP-0.2500+50,0,1,1,0
2788,TCGA-OL-A66I-DX1_xmin38433_ymin22957_MPP-0.2500+51,0,0,1,0
2789,TCGA-OL-A66I-DX1_xmin38433_ymin22957_MPP-0.2500+52,1,1,1,0
2790,TCGA-OL-A66I-DX1_xmin38433_ymin22957_MPP-0.2500+53,1,1,1,0
2791,TCGA-OL-A66I-DX1_xmin38433_ymin22957_MPP-0.2500+54,0,0,1,0
2792,TCGA-OL-A66I-DX1_xmin38433_ymin22957_MPP-0.2500+55,1,0,1,0
2793,TCGA-OL-A66I-DX1_xmin38433_ymin22957_MPP-0.2500+56,0,1,1,0
2794,TCGA-OL-A66I-DX1_xmin38433_ymin22957_MPP-0.2500+57,0,1,1,0
2795,TCGA-OL-A66I-DX1_xmin38433_ymin22957_MPP-0.2500+58,0,1,1,0
2796,TCGA-OL-A66I-DX1_xmin38433_ymin22957_MPP-0.2500+59,0,0,1,0
2797,TCGA-OL-A66I-DX1_xmin38433_ymin22957_MPP-0.2500+6,0,1,0,0
2798,TCGA-OL-A66I-DX1_xmin38433_ymin22957_MPP-0.2500+60,0,1,1,0
2799,TCGA-OL-A66I-DX1_xmin38433_ymin22957_MPP-0.2500+61,0,1,1,0
2800,TCGA-OL-A66I-DX1_xmin38433_ymin22957_MPP-0.2500+62,0,1,1,0
2801,TCGA-OL-A66I-DX1_xmin38433_ymin22957_MPP-0.2500+7,0,1,0,0
2802,TCGA-OL-A66I-DX1_xmin38433_ymin22957_MPP-0.2500+8,0,1,0,0
2803,TCGA-OL-A66I-DX1_xmin38433_ymin22957_MPP-0.2500+9,0,1,0,0
2804,TCGA-OL-A66P-DX1_xmin30143_ymin20310_MPP-0.2500+0,1,1,0,0
2805,TCGA-OL-A66P-DX1_xmin30143_ymin20310_MPP-0.2500+1,0,1,0,0
2806,TCGA-OL-A66P-DX1_xmin30143_ymin20310_MPP-0.2500+10,1,1,0,0
2807,TCGA-OL-A66P-DX1_xmin30143_ymin20310_MPP-0.2500+100,1,0,0,0
2808,TCGA-OL-A66P-DX1_xmin30143_ymin20310_MPP-0.2500+101,1,1,0,0
2809,TCGA-OL-A66P-DX1_xmin30143_ymin20310_MPP-0.2500+102,1,1,0,0
2810,TCGA-OL-A66P-DX1_xmin30143_ymin20310_MPP-0.2500+103,1,0,0,0
2811,TCGA-OL-A66P-DX1_xmin30143_ymin20310_MPP-0.2500+104,1,1,0,0
2812,TCGA-OL-A66P-DX1_xmin30143_ymin20310_MPP-0.2500+105,1,0,0,0
2813,TCGA-OL-A66P-DX1_xmin30143_ymin20310_MPP-0.2500+106,0,1,0,0
2814,TCGA-OL-A66P-DX1_xmin30143_ymin20310_MPP-0.2500+107,0,1,0,0
2815,TCGA-OL-A66P-DX1_xmin30143_ymin20310_MPP-0.2500+108,1,1,0,0
2816,TCGA-OL-A66P-DX1_xmin30143_ymin20310_MPP-0.2500+109,0,1,0,0
2817,TCGA-OL-A66P-DX1_xmin30143_ymin20310_MPP-0.2500+11,1,0,0,0
2818,TCGA-OL-A66P-DX1_xmin30143_ymin20310_MPP-0.2500+110,0,1,0,0
2819,TCGA-OL-A66P-DX1_xmin30143_ymin20310_MPP-0.2500+111,1,1,0,0
2820,TCGA-OL-A66P-DX1_xmin30143_ymin20310_MPP-0.2500+112,1,1,0,0
2821,TCGA-OL-A66P-DX1_xmin30143_ymin20310_MPP-0.2500+113,1,1,0,0
2822,TCGA-OL-A66P-DX1_xmin30143_ymin20310_MPP-0.2500+114,0,1,0,0
2823,TCGA-OL-A66P-DX1_xmin30143_ymin20310_MPP-0.2500+115,0,1,0,0
2824,TCGA-OL-A66P-DX1_xmin30143_ymin20310_MPP-0.2500+116,1,1,0,0
2825,TCGA-OL-A66P-DX1_xmin30143_ymin20310_MPP-0.2500+117,1,0,0,0
2826,TCGA-OL-A66P-DX1_xmin30143_ymin20310_MPP-0.2500+118,1,1,0,0
2827,TCGA-OL-A66P-DX1_xmin30143_ymin20310_MPP-0.2500+119,0,1,0,0
2828,TCGA-OL-A66P-DX1_xmin30143_ymin20310_MPP-0.2500+12,1,1,0,0
2829,TCGA-OL-A66P-DX1_xmin30143_ymin20310_MPP-0.2500+120,1,0,0,0
2830,TCGA-OL-A66P-DX1_xmin30143_ymin20310_MPP-0.2500+121,1,1,0,0
2831,TCGA-OL-A66P-DX1_xmin30143_ymin20310_MPP-0.2500+122,0,1,0,0
2832,TCGA-OL-A66P-DX1_xmin30143_ymin20310_MPP-0.2500+123,0,1,0,0
2833,TCGA-OL-A66P-DX1_xmin30143_ymin20310_MPP-0.2500+124,1,1,0,0
2834,TCGA-OL-A66P-DX1_xmin30143_ymin20310_MPP-0.2500+125,1,1,0,0
2835,TCGA-OL-A66P-DX1_xmin30143_ymin20310_MPP-0.2500+126,1,0,0,0
2836,TCGA-OL-A66P-DX1_xmin30143_ymin20310_MPP-0.2500+127,0,1,1,0
2837,TCGA-OL-A66P-DX1_xmin30143_ymin20310_MPP-0.2500+128,1,1,0,0
2838,TCGA-OL-A66P-DX1_xmin30143_ymin20310_MPP-0.2500+129,1,1,0,0
2839,TCGA-OL-A66P-DX1_xmin30143_ymin20310_MPP-0.2500+13,1,1,0,0
2840,TCGA-OL-A66P-DX1_xmin30143_ymin20310_MPP-0.2500+130,1,0,0,0
2841,TCGA-OL-A66P-DX1_xmin30143_ymin20310_MPP-0.2500+131,1,0,0,0
2842,TCGA-OL-A66P-DX1_xmin30143_ymin20310_MPP-0.2500+132,0,1,0,0
2843,TCGA-OL-A66P-DX1_xmin30143_ymin20310_MPP-0.2500+133,1,1,1,0
2844,TCGA-OL-A66P-DX1_xmin30143_ymin20310_MPP-0.2500+134,1,1,0,0
2845,TCGA-OL-A66P-DX1_xmin30143_ymin20310_MPP-0.2500+135,1,1,0,0
2846,TCGA-OL-A66P-DX1_xmin30143_ymin20310_MPP-0.2500+136,1,0,0,0
2847,TCGA-OL-A66P-DX1_xmin30143_ymin20310_MPP-0.2500+137,1,0,0,0
2848,TCGA-OL-A66P-DX1_xmin30143_ymin20310_MPP-0.2500+138,1,0,0,0
2849,TCGA-OL-A66P-DX1_xmin30143_ymin20310_MPP-0.2500+139,0,0,1,0
2850,TCGA-OL-A66P-DX1_xmin30143_ymin20310_MPP-0.2500+14,0,1,0,0
2851,TCGA-OL-A66P-DX1_xmin30143_ymin20310_MPP-0.2500+140,1,1,0,0
2852,TCGA-OL-A66P-DX1_xmin30143_ymin20310_MPP-0.2500+141,0,1,0,0
2853,TCGA-OL-A66P-DX1_xmin30143_ymin20310_MPP-0.2500+142,1,1,0,0
2854,TCGA-OL-A66P-DX1_xmin30143_ymin20310_MPP-0.2500+143,1,0,0,0
2855,TCGA-OL-A66P-DX1_xmin30143_ymin20310_MPP-0.2500+144,1,0,0,0
2856,TCGA-OL-A66P-DX1_xmin30143_ymin20310_MPP-0.2500+145,1,1,0,0
2857,TCGA-OL-A66P-DX1_xmin30143_ymin20310_MPP-0.2500+146,1,1,1,0
2858,TCGA-OL-A66P-DX1_xmin30143_ymin20310_MPP-0.2500+147,1,1,0,0
2859,TCGA-OL-A66P-DX1_xmin30143_ymin20310_MPP-0.2500+148,0,1,1,0
2860,TCGA-OL-A66P-DX1_xmin30143_ymin20310_MPP-0.2500+149,0,1,0,0
2861,TCGA-OL-A66P-DX1_xmin30143_ymin20310_MPP-0.2500+15,0,1,1,0
2862,TCGA-OL-A66P-DX1_xmin30143_ymin20310_MPP-0.2500+150,1,1,0,0
2863,TCGA-OL-A66P-DX1_xmin30143_ymin20310_MPP-0.2500+151,0,0,1,0
2864,TCGA-OL-A66P-DX1_xmin30143_ymin20310_MPP-0.2500+152,0,1,0,0
2865,TCGA-OL-A66P-DX1_xmin30143_ymin20310_MPP-0.2500+153,1,1,0,0
2866,TCGA-OL-A66P-DX1_xmin30143_ymin20310_MPP-0.2500+154,1,1,0,0
2867,TCGA-OL-A66P-DX1_xmin30143_ymin20310_MPP-0.2500+155,1,0,0,0
2868,TCGA-OL-A66P-DX1_xmin30143_ymin20310_MPP-0.2500+156,1,0,0,0
2869,TCGA-OL-A66P-DX1_xmin30143_ymin20310_MPP-0.2500+157,1,1,0,0
2870,TCGA-OL-A66P-DX1_xmin30143_ymin20310_MPP-0.2500+158,1,1,1,0
2871,TCGA-OL-A66P-DX1_xmin30143_ymin20310_MPP-0.2500+159,0,1,1,0
2872,TCGA-OL-A66P-DX1_xmin30143_ymin20310_MPP-0.2500+16,0,1,0,0
2873,TCGA-OL-A66P-DX1_xmin30143_ymin20310_MPP-0.2500+160,0,1,0,0
2874,TCGA-OL-A66P-DX1_xmin30143_ymin20310_MPP-0.2500+161,1,1,1,0
2875,TCGA-OL-A66P-DX1_xmin30143_ymin20310_MPP-0.2500+162,1,1,1,0
2876,TCGA-OL-A66P-DX1_xmin30143_ymin20310_MPP-0.2500+163,0,0,0,1
2877,TCGA-OL-A66P-DX1_xmin30143_ymin20310_MPP-0.2500+164,1,1,0,0
2878,TCGA-OL-A66P-DX1_xmin30143_ymin20310_MPP-0.2500+165,1,1,0,0
2879,TCGA-OL-A66P-DX1_xmin30143_ymin20310_MPP-0.2500+166,1,0,0,0
2880,TCGA-OL-A66P-DX1_xmin30143_ymin20310_MPP-0.2500+167,1,0,0,0
2881,TCGA-OL-A66P-DX1_xmin30143_ymin20310_MPP-0.2500+168,1,1,0,0
2882,TCGA-OL-A66P-DX1_xmin30143_ymin20310_MPP-0.2500+169,0,0,1,0
2883,TCGA-OL-A66P-DX1_xmin30143_ymin20310_MPP-0.2500+17,1,1,0,0
2884,TCGA-OL-A66P-DX1_xmin30143_ymin20310_MPP-0.2500+170,0,1,1,0
2885,TCGA-OL-A66P-DX1_xmin30143_ymin20310_MPP-0.2500+171,0,1,0,0
2886,TCGA-OL-A66P-DX1_xmin30143_ymin20310_MPP-0.2500+172,0,1,0,0
2887,TCGA-OL-A66P-DX1_xmin30143_ymin20310_MPP-0.2500+173,0,1,0,0
2888,TCGA-OL-A66P-DX1_xmin30143_ymin20310_MPP-0.2500+174,0,1,0,0
2889,TCGA-OL-A66P-DX1_xmin30143_ymin20310_MPP-0.2500+175,0,1,0,0
2890,TCGA-OL-A66P-DX1_xmin30143_ymin20310_MPP-0.2500+176,0,1,0,0
2891,TCGA-OL-A66P-DX1_xmin30143_ymin20310_MPP-0.2500+177,1,0,0,0
2892,TCGA-OL-A66P-DX1_xmin30143_ymin20310_MPP-0.2500+178,1,1,1,0
2893,TCGA-OL-A66P-DX1_xmin30143_ymin20310_MPP-0.2500+179,0,1,1,0
2894,TCGA-OL-A66P-DX1_xmin30143_ymin20310_MPP-0.2500+18,0,1,0,0
2895,TCGA-OL-A66P-DX1_xmin30143_ymin20310_MPP-0.2500+180,0,0,1,0
2896,TCGA-OL-A66P-DX1_xmin30143_ymin20310_MPP-0.2500+181,0,1,1,0
2897,TCGA-OL-A66P-DX1_xmin30143_ymin20310_MPP-0.2500+182,0,1,1,0
2898,TCGA-OL-A66P-DX1_xmin30143_ymin20310_MPP-0.2500+183,0,1,0,0
2899,TCGA-OL-A66P-DX1_xmin30143_ymin20310_MPP-0.2500+184,0,1,0,0
2900,TCGA-OL-A66P-DX1_xmin30143_ymin20310_MPP-0.2500+185,0,1,0,0
2901,TCGA-OL-A66P-DX1_xmin30143_ymin20310_MPP-0.2500+186,0,1,0,0
2902,TCGA-OL-A66P-DX1_xmin30143_ymin20310_MPP-0.2500+187,0,1,0,0
2903,TCGA-OL-A66P-DX1_xmin30143_ymin20310_MPP-0.2500+188,0,1,0,0
2904,TCGA-OL-A66P-DX1_xmin30143_ymin20310_MPP-0.2500+189,0,1,0,0
2905,TCGA-OL-A66P-DX1_xmin30143_ymin20310_MPP-0.2500+19,1,0,0,0
2906,TCGA-OL-A66P-DX1_xmin30143_ymin20310_MPP-0.2500+190,0,1,1,0
2907,TCGA-OL-A66P-DX1_xmin30143_ymin20310_MPP-0.2500+191,0,1,0,0
2908,TCGA-OL-A66P-DX1_xmin30143_ymin20310_MPP-0.2500+192,0,1,0,0
2909,TCGA-OL-A66P-DX1_xmin30143_ymin20310_MPP-0.2500+193,0,1,0,0
2910,TCGA-OL-A66P-DX1_xmin30143_ymin20310_MPP-0.2500+194,0,1,1,0
2911,TCGA-OL-A66P-DX1_xmin30143_ymin20310_MPP-0.2500+195,0,1,1,0
2912,TCGA-OL-A66P-DX1_xmin30143_ymin20310_MPP-0.2500+196,0,1,0,0
2913,TCGA-OL-A66P-DX1_xmin30143_ymin20310_MPP-0.2500+197,0,1,0,0
2914,TCGA-OL-A66P-DX1_xmin30143_ymin20310_MPP-0.2500+198,0,1,0,0
2915,TCGA-OL-A66P-DX1_xmin30143_ymin20310_MPP-0.2500+199,0,1,0,0
2916,TCGA-OL-A66P-DX1_xmin30143_ymin20310_MPP-0.2500+2,1,0,0,0
2917,TCGA-OL-A66P-DX1_xmin30143_ymin20310_MPP-0.2500+20,1,0,0,0
2918,TCGA-OL-A66P-DX1_xmin30143_ymin20310_MPP-0.2500+200,0,1,0,0
2919,TCGA-OL-A66P-DX1_xmin30143_ymin20310_MPP-0.2500+201,0,1,0,0
2920,TCGA-OL-A66P-DX1_xmin30143_ymin20310_MPP-0.2500+202,0,1,0,0
2921,TCGA-OL-A66P-DX1_xmin30143_ymin20310_MPP-0.2500+203,0,1,0,0
2922,TCGA-OL-A66P-DX1_xmin30143_ymin20310_MPP-0.2500+204,0,1,0,0
2923,TCGA-OL-A66P-DX1_xmin30143_ymin20310_MPP-0.2500+205,0,1,0,0
2924,TCGA-OL-A66P-DX1_xmin30143_ymin20310_MPP-0.2500+206,0,1,0,0
2925,TCGA-OL-A66P-DX1_xmin30143_ymin20310_MPP-0.2500+207,0,1,0,0
2926,TCGA-OL-A66P-DX1_xmin30143_ymin20310_MPP-0.2500+208,0,1,1,0
2927,TCGA-OL-A66P-DX1_xmin30143_ymin20310_MPP-0.2500+209,0,1,0,0
2928,TCGA-OL-A66P-DX1_xmin30143_ymin20310_MPP-0.2500+21,1,1,0,0
2929,TCGA-OL-A66P-DX1_xmin30143_ymin20310_MPP-0.2500+210,0,1,0,0
2930,TCGA-OL-A66P-DX1_xmin30143_ymin20310_MPP-0.2500+211,0,1,0,0
2931,TCGA-OL-A66P-DX1_xmin30143_ymin20310_MPP-0.2500+212,0,1,0,0
2932,TCGA-OL-A66P-DX1_xmin30143_ymin20310_MPP-0.2500+213,0,1,0,0
2933,TCGA-OL-A66P-DX1_xmin30143_ymin20310_MPP-0.2500+214,0,1,0,0
2934,TCGA-OL-A66P-DX1_xmin30143_ymin20310_MPP-0.2500+215,0,1,0,0
2935,TCGA-OL-A66P-DX1_xmin30143_ymin20310_MPP-0.2500+216,0,1,0,0
2936,TCGA-OL-A66P-DX1_xmin30143_ymin20310_MPP-0.2500+217,0,1,0,0
2937,TCGA-OL-A66P-DX1_xmin30143_ymin20310_MPP-0.2500+218,0,1,0,0
2938,TCGA-OL-A66P-DX1_xmin30143_ymin20310_MPP-0.2500+219,0,1,0,0
2939,TCGA-OL-A66P-DX1_xmin30143_ymin20310_MPP-0.2500+22,0,1,0,0
2940,TCGA-OL-A66P-DX1_xmin30143_ymin20310_MPP-0.2500+220,0,1,0,0
2941,TCGA-OL-A66P-DX1_xmin30143_ymin20310_MPP-0.2500+221,0,1,0,0
2942,TCGA-OL-A66P-DX1_xmin30143_ymin20310_MPP-0.2500+222,0,1,0,0
2943,TCGA-OL-A66P-DX1_xmin30143_ymin20310_MPP-0.2500+223,0,1,0,0
2944,TCGA-OL-A66P-DX1_xmin30143_ymin20310_MPP-0.2500+224,0,1,0,0
2945,TCGA-OL-A66P-DX1_xmin30143_ymin20310_MPP-0.2500+225,0,1,1,0
2946,TCGA-OL-A66P-DX1_xmin30143_ymin20310_MPP-0.2500+226,0,1,0,0
2947,TCGA-OL-A66P-DX1_xmin30143_ymin20310_MPP-0.2500+23,0,1,0,0
2948,TCGA-OL-A66P-DX1_xmin30143_ymin20310_MPP-0.2500+24,0,1,0,0
2949,TCGA-OL-A66P-DX1_xmin30143_ymin20310_MPP-0.2500+25,0,1,0,0
2950,TCGA-OL-A66P-DX1_xmin30143_ymin20310_MPP-0.2500+26,0,1,0,0
2951,TCGA-OL-A66P-DX1_xmin30143_ymin20310_MPP-0.2500+27,1,1,0,0
2952,TCGA-OL-A66P-DX1_xmin30143_ymin20310_MPP-0.2500+28,1,1,0,0
2953,TCGA-OL-A66P-DX1_xmin30143_ymin20310_MPP-0.2500+29,1,1,0,0
2954,TCGA-OL-A66P-DX1_xmin30143_ymin20310_MPP-0.2500+3,1,1,0,0
2955,TCGA-OL-A66P-DX1_xmin30143_ymin20310_MPP-0.2500+30,0,1,0,0
2956,TCGA-OL-A66P-DX1_xmin30143_ymin20310_MPP-0.2500+31,1,1,0,0
2957,TCGA-OL-A66P-DX1_xmin30143_ymin20310_MPP-0.2500+32,1,0,0,0
2958,TCGA-OL-A66P-DX1_xmin30143_ymin20310_MPP-0.2500+33,1,0,0,0
2959,TCGA-OL-A66P-DX1_xmin30143_ymin20310_MPP-0.2500+34,1,1,0,0
2960,TCGA-OL-A66P-DX1_xmin30143_ymin20310_MPP-0.2500+35,0,1,0,0
2961,TCGA-OL-A66P-DX1_xmin30143_ymin20310_MPP-0.2500+36,0,1,0,0
2962,TCGA-OL-A66P-DX1_xmin30143_ymin20310_MPP-0.2500+37,0,1,0,0
2963,TCGA-OL-A66P-DX1_xmin30143_ymin20310_MPP-0.2500+38,0,1,0,0
2964,TCGA-OL-A66P-DX1_xmin30143_ymin20310_MPP-0.2500+39,0,1,0,0
2965,TCGA-OL-A66P-DX1_xmin30143_ymin20310_MPP-0.2500+4,1,1,0,0
2966,TCGA-OL-A66P-DX1_xmin30143_ymin20310_MPP-0.2500+40,1,0,0,0
2967,TCGA-OL-A66P-DX1_xmin30143_ymin20310_MPP-0.2500+41,1,1,0,0
2968,TCGA-OL-A66P-DX1_xmin30143_ymin20310_MPP-0.2500+42,1,1,0,0
2969,TCGA-OL-A66P-DX1_xmin30143_ymin20310_MPP-0.2500+43,0,1,0,0
2970,TCGA-OL-A66P-DX1_xmin30143_ymin20310_MPP-0.2500+44,1,0,0,0
2971,TCGA-OL-A66P-DX1_xmin30143_ymin20310_MPP-0.2500+45,1,0,0,0
2972,TCGA-OL-A66P-DX1_xmin30143_ymin20310_MPP-0.2500+46,1,1,0,0
2973,TCGA-OL-A66P-DX1_xmin30143_ymin20310_MPP-0.2500+47,1,1,0,0
2974,TCGA-OL-A66P-DX1_xmin30143_ymin20310_MPP-0.2500+48,0,1,0,0
2975,TCGA-OL-A66P-DX1_xmin30143_ymin20310_MPP-0.2500+49,0,1,0,0
2976,TCGA-OL-A66P-DX1_xmin30143_ymin20310_MPP-0.2500+5,1,0,0,0
2977,TCGA-OL-A66P-DX1_xmin30143_ymin20310_MPP-0.2500+50,0,1,1,0
2978,TCGA-OL-A66P-DX1_xmin30143_ymin20310_MPP-0.2500+51,0,1,0,0
2979,TCGA-OL-A66P-DX1_xmin30143_ymin20310_MPP-0.2500+52,1,0,0,0
2980,TCGA-OL-A66P-DX1_xmin30143_ymin20310_MPP-0.2500+53,1,1,0,0
2981,TCGA-OL-A66P-DX1_xmin30143_ymin20310_MPP-0.2500+54,1,1,0,0
2982,TCGA-OL-A66P-DX1_xmin30143_ymin20310_MPP-0.2500+55,1,1,0,0
2983,TCGA-OL-A66P-DX1_xmin30143_ymin20310_MPP-0.2500+56,1,1,0,0
2984,TCGA-OL-A66P-DX1_xmin30143_ymin20310_MPP-0.2500+57,1,0,0,0
2985,TCGA-OL-A66P-DX1_xmin30143_ymin20310_MPP-0.2500+58,1,1,0,0
2986,TCGA-OL-A66P-DX1_xmin30143_ymin20310_MPP-0.2500+59,0,1,1,0
2987,TCGA-OL-A66P-DX1_xmin30143_ymin20310_MPP-0.2500+6,1,1,0,0
2988,TCGA-OL-A66P-DX1_xmin30143_ymin20310_MPP-0.2500+60,1,1,0,0
2989,TCGA-OL-A66P-DX1_xmin30143_ymin20310_MPP-0.2500+61,0,1,0,0
2990,TCGA-OL-A66P-DX1_xmin30143_ymin20310_MPP-0.2500+62,0,1,0,0
2991,TCGA-OL-A66P-DX1_xmin30143_ymin20310_MPP-0.2500+63,0,1,1,0
2992,TCGA-OL-A66P-DX1_xmin30143_ymin20310_MPP-0.2500+64,1,1,0,0
2993,TCGA-OL-A66P-DX1_xmin30143_ymin20310_MPP-0.2500+65,1,0,0,0
2994,TCGA-OL-A66P-DX1_xmin30143_ymin20310_MPP-0.2500+66,1,1,0,0
2995,TCGA-OL-A66P-DX1_xmin30143_ymin20310_MPP-0.2500+67,1,1,0,0
2996,TCGA-OL-A66P-DX1_xmin30143_ymin20310_MPP-0.2500+68,1,1,0,0
2997,TCGA-OL-A66P-DX1_xmin30143_ymin20310_MPP-0.2500+69,1,0,0,0
2998,TCGA-OL-A66P-DX1_xmin30143_ymin20310_MPP-0.2500+7,1,0,0,0
2999,TCGA-OL-A66P-DX1_xmin30143_ymin20310_MPP-0.2500+70,1,0,0,0
3000,TCGA-OL-A66P-DX1_xmin30143_ymin20310_MPP-0.2500+71,1,1,0,0
3001,TCGA-OL-A66P-DX1_xmin30143_ymin20310_MPP-0.2500+72,1,1,1,0
3002,TCGA-OL-A66P-DX1_xmin30143_ymin20310_MPP-0.2500+73,0,1,0,0
3003,TCGA-OL-A66P-DX1_xmin30143_ymin20310_MPP-0.2500+74,1,1,0,0
3004,TCGA-OL-A66P-DX1_xmin30143_ymin20310_MPP-0.2500+75,0,1,0,0
3005,TCGA-OL-A66P-DX1_xmin30143_ymin20310_MPP-0.2500+76,0,1,0,0
3006,TCGA-OL-A66P-DX1_xmin30143_ymin20310_MPP-0.2500+77,1,0,0,0
3007,TCGA-OL-A66P-DX1_xmin30143_ymin20310_MPP-0.2500+78,1,1,0,0
3008,TCGA-OL-A66P-DX1_xmin30143_ymin20310_MPP-0.2500+79,1,0,0,0
3009,TCGA-OL-A66P-DX1_xmin30143_ymin20310_MPP-0.2500+8,1,1,0,0
3010,TCGA-OL-A66P-DX1_xmin30143_ymin20310_MPP-0.2500+80,1,0,0,0
3011,TCGA-OL-A66P-DX1_xmin30143_ymin20310_MPP-0.2500+81,1,0,0,0
3012,TCGA-OL-A66P-DX1_xmin30143_ymin20310_MPP-0.2500+82,1,1,0,0
3013,TCGA-OL-A66P-DX1_xmin30143_ymin20310_MPP-0.2500+83,1,1,0,0
3014,TCGA-OL-A66P-DX1_xmin30143_ymin20310_MPP-0.2500+84,0,1,1,0
3015,TCGA-OL-A66P-DX1_xmin30143_ymin20310_MPP-0.2500+85,1,1,0,0
3016,TCGA-OL-A66P-DX1_xmin30143_ymin20310_MPP-0.2500+86,1,1,0,0
3017,TCGA-OL-A66P-DX1_xmin30143_ymin20310_MPP-0.2500+87,0,1,0,0
3018,TCGA-OL-A66P-DX1_xmin30143_ymin20310_MPP-0.2500+88,1,1,0,0
3019,TCGA-OL-A66P-DX1_xmin30143_ymin20310_MPP-0.2500+89,1,0,0,0
3020,TCGA-OL-A66P-DX1_xmin30143_ymin20310_MPP-0.2500+9,0,1,0,0
3021,TCGA-OL-A66P-DX1_xmin30143_ymin20310_MPP-0.2500+90,1,1,0,0
3022,TCGA-OL-A66P-DX1_xmin30143_ymin20310_MPP-0.2500+91,0,1,0,0
3023,TCGA-OL-A66P-DX1_xmin30143_ymin20310_MPP-0.2500+92,1,0,0,0
3024,TCGA-OL-A66P-DX1_xmin30143_ymin20310_MPP-0.2500+93,0,1,1,0
3025,TCGA-OL-A66P-DX1_xmin30143_ymin20310_MPP-0.2500+94,0,1,0,0
3026,TCGA-OL-A66P-DX1_xmin30143_ymin20310_MPP-0.2500+95,1,1,1,0
3027,TCGA-OL-A66P-DX1_xmin30143_ymin20310_MPP-0.2500+96,0,1,0,0
3028,TCGA-OL-A66P-DX1_xmin30143_ymin20310_MPP-0.2500+97,0,1,1,0
3029,TCGA-OL-A66P-DX1_xmin30143_ymin20310_MPP-0.2500+98,0,1,0,0
3030,TCGA-OL-A66P-DX1_xmin30143_ymin20310_MPP-0.2500+99,1,1,0,0
3031,TCGA-OL-A6VO-DX1_xmin88416_ymin188485_MPP-0.2500+0,1,1,0,0
3032,TCGA-OL-A6VO-DX1_xmin88416_ymin188485_MPP-0.2500+1,1,1,0,0
3033,TCGA-OL-A6VO-DX1_xmin88416_ymin188485_MPP-0.2500+10,1,1,0,0
3034,TCGA-OL-A6VO-DX1_xmin88416_ymin188485_MPP-0.2500+11,0,1,0,0
3035,TCGA-OL-A6VO-DX1_xmin88416_ymin188485_MPP-0.2500+12,1,1,0,0
3036,TCGA-OL-A6VO-DX1_xmin88416_ymin188485_MPP-0.2500+13,1,1,0,0
3037,TCGA-OL-A6VO-DX1_xmin88416_ymin188485_MPP-0.2500+14,1,1,0,0
3038,TCGA-OL-A6VO-DX1_xmin88416_ymin188485_MPP-0.2500+15,0,1,1,0
3039,TCGA-OL-A6VO-DX1_xmin88416_ymin188485_MPP-0.2500+16,1,1,0,0
3040,TCGA-OL-A6VO-DX1_xmin88416_ymin188485_MPP-0.2500+17,1,1,0,0
3041,TCGA-OL-A6VO-DX1_xmin88416_ymin188485_MPP-0.2500+18,0,1,0,0
3042,TCGA-OL-A6VO-DX1_xmin88416_ymin188485_MPP-0.2500+19,0,1,0,0
3043,TCGA-OL-A6VO-DX1_xmin88416_ymin188485_MPP-0.2500+2,1,0,0,0
3044,TCGA-OL-A6VO-DX1_xmin88416_ymin188485_MPP-0.2500+20,1,1,0,0
3045,TCGA-OL-A6VO-DX1_xmin88416_ymin188485_MPP-0.2500+21,1,1,0,0
3046,TCGA-OL-A6VO-DX1_xmin88416_ymin188485_MPP-0.2500+22,0,1,0,0
3047,TCGA-OL-A6VO-DX1_xmin88416_ymin188485_MPP-0.2500+23,1,1,0,0
3048,TCGA-OL-A6VO-DX1_xmin88416_ymin188485_MPP-0.2500+24,1,1,0,0
3049,TCGA-OL-A6VO-DX1_xmin88416_ymin188485_MPP-0.2500+25,1,1,0,0
3050,TCGA-OL-A6VO-DX1_xmin88416_ymin188485_MPP-0.2500+26,1,1,0,0
3051,TCGA-OL-A6VO-DX1_xmin88416_ymin188485_MPP-0.2500+27,0,1,0,0
3052,TCGA-OL-A6VO-DX1_xmin88416_ymin188485_MPP-0.2500+28,1,1,0,0
3053,TCGA-OL-A6VO-DX1_xmin88416_ymin188485_MPP-0.2500+29,1,0,0,0
3054,TCGA-OL-A6VO-DX1_xmin88416_ymin188485_MPP-0.2500+3,1,1,0,0
3055,TCGA-OL-A6VO-DX1_xmin88416_ymin188485_MPP-0.2500+30,1,0,0,0
3056,TCGA-OL-A6VO-DX1_xmin88416_ymin188485_MPP-0.2500+31,1,1,0,0
3057,TCGA-OL-A6VO-DX1_xmin88416_ymin188485_MPP-0.2500+32,1,1,0,0
3058,TCGA-OL-A6VO-DX1_xmin88416_ymin188485_MPP-0.2500+33,1,1,0,0
3059,TCGA-OL-A6VO-DX1_xmin88416_ymin188485_MPP-0.2500+34,1,1,0,0
3060,TCGA-OL-A6VO-DX1_xmin88416_ymin188485_MPP-0.2500+35,1,1,0,0
3061,TCGA-OL-A6VO-DX1_xmin88416_ymin188485_MPP-0.2500+36,1,1,0,0
3062,TCGA-OL-A6VO-DX1_xmin88416_ymin188485_MPP-0.2500+37,0,1,0,0
3063,TCGA-OL-A6VO-DX1_xmin88416_ymin188485_MPP-0.2500+38,1,1,0,0
3064,TCGA-OL-A6VO-DX1_xmin88416_ymin188485_MPP-0.2500+39,1,1,0,0
3065,TCGA-OL-A6VO-DX1_xmin88416_ymin188485_MPP-0.2500+4,1,0,0,0
3066,TCGA-OL-A6VO-DX1_xmin88416_ymin188485_MPP-0.2500+40,1,0,0,0
3067,TCGA-OL-A6VO-DX1_xmin88416_ymin188485_MPP-0.2500+41,1,0,0,0
3068,TCGA-OL-A6VO-DX1_xmin88416_ymin188485_MPP-0.2500+42,1,0,0,0
3069,TCGA-OL-A6VO-DX1_xmin88416_ymin188485_MPP-0.2500+43,1,0,0,0
3070,TCGA-OL-A6VO-DX1_xmin88416_ymin188485_MPP-0.2500+44,1,1,0,0
3071,TCGA-OL-A6VO-DX1_xmin88416_ymin188485_MPP-0.2500+45,1,1,0,0
3072,TCGA-OL-A6VO-DX1_xmin88416_ymin188485_MPP-0.2500+46,0,1,1,0
3073,TCGA-OL-A6VO-DX1_xmin88416_ymin188485_MPP-0.2500+47,1,0,0,0
3074,TCGA-OL-A6VO-DX1_xmin88416_ymin188485_MPP-0.2500+48,1,0,0,0
3075,TCGA-OL-A6VO-DX1_xmin88416_ymin188485_MPP-0.2500+49,1,0,0,0
3076,TCGA-OL-A6VO-DX1_xmin88416_ymin188485_MPP-0.2500+5,1,1,0,0
3077,TCGA-OL-A6VO-DX1_xmin88416_ymin188485_MPP-0.2500+50,1,1,0,0
3078,TCGA-OL-A6VO-DX1_xmin88416_ymin188485_MPP-0.2500+51,0,1,1,0
3079,TCGA-OL-A6VO-DX1_xmin88416_ymin188485_MPP-0.2500+52,1,1,0,0
3080,TCGA-OL-A6VO-DX1_xmin88416_ymin188485_MPP-0.2500+53,1,1,0,0
3081,TCGA-OL-A6VO-DX1_xmin88416_ymin188485_MPP-0.2500+54,1,0,0,0
3082,TCGA-OL-A6VO-DX1_xmin88416_ymin188485_MPP-0.2500+6,1,1,0,0
3083,TCGA-OL-A6VO-DX1_xmin88416_ymin188485_MPP-0.2500+7,1,1,0,0
3084,TCGA-OL-A6VO-DX1_xmin88416_ymin188485_MPP-0.2500+8,1,1,0,0
3085,TCGA-OL-A6VO-DX1_xmin88416_ymin188485_MPP-0.2500+9,1,1,0,0
3086,TCGA-OL-A97C-DX1_xmin68058_ymin32495_MPP-0.2500+0,0,1,0,0
3087,TCGA-OL-A97C-DX1_xmin68058_ymin32495_MPP-0.2500+1,0,1,0,0
3088,TCGA-OL-A97C-DX1_xmin68058_ymin32495_MPP-0.2500+10,1,1,0,0
3089,TCGA-OL-A97C-DX1_xmin68058_ymin32495_MPP-0.2500+100,0,1,0,0
3090,TCGA-OL-A97C-DX1_xmin68058_ymin32495_MPP-0.2500+101,0,1,0,0
3091,TCGA-OL-A97C-DX1_xmin68058_ymin32495_MPP-0.2500+102,0,1,0,0
3092,TCGA-OL-A97C-DX1_xmin68058_ymin32495_MPP-0.2500+103,0,1,0,0
3093,TCGA-OL-A97C-DX1_xmin68058_ymin32495_MPP-0.2500+104,1,1,0,0
3094,TCGA-OL-A97C-DX1_xmin68058_ymin32495_MPP-0.2500+105,1,0,0,0
3095,TCGA-OL-A97C-DX1_xmin68058_ymin32495_MPP-0.2500+106,1,0,0,0
3096,TCGA-OL-A97C-DX1_xmin68058_ymin32495_MPP-0.2500+107,1,0,0,0
3097,TCGA-OL-A97C-DX1_xmin68058_ymin32495_MPP-0.2500+108,1,0,0,0
3098,TCGA-OL-A97C-DX1_xmin68058_ymin32495_MPP-0.2500+109,1,0,0,0
3099,TCGA-OL-A97C-DX1_xmin68058_ymin32495_MPP-0.2500+11,0,1,0,0
3100,TCGA-OL-A97C-DX1_xmin68058_ymin32495_MPP-0.2500+110,1,1,0,0
3101,TCGA-OL-A97C-DX1_xmin68058_ymin32495_MPP-0.2500+111,0,1,0,0
3102,TCGA-OL-A97C-DX1_xmin68058_ymin32495_MPP-0.2500+112,0,1,0,0
3103,TCGA-OL-A97C-DX1_xmin68058_ymin32495_MPP-0.2500+113,0,1,0,0
3104,TCGA-OL-A97C-DX1_xmin68058_ymin32495_MPP-0.2500+114,0,1,0,0
3105,TCGA-OL-A97C-DX1_xmin68058_ymin32495_MPP-0.2500+115,0,1,0,0
3106,TCGA-OL-A97C-DX1_xmin68058_ymin32495_MPP-0.2500+116,0,1,0,0
3107,TCGA-OL-A97C-DX1_xmin68058_ymin32495_MPP-0.2500+117,0,1,0,0
3108,TCGA-OL-A97C-DX1_xmin68058_ymin32495_MPP-0.2500+118,0,1,0,0
3109,TCGA-OL-A97C-DX1_xmin68058_ymin32495_MPP-0.2500+119,0,1,0,0
3110,TCGA-OL-A97C-DX1_xmin68058_ymin32495_MPP-0.2500+12,0,1,0,0
3111,TCGA-OL-A97C-DX1_xmin68058_ymin32495_MPP-0.2500+120,0,1,0,0
3112,TCGA-OL-A97C-DX1_xmin68058_ymin32495_MPP-0.2500+121,0,1,0,0
3113,TCGA-OL-A97C-DX1_xmin68058_ymin32495_MPP-0.2500+122,1,0,0,0
3114,TCGA-OL-A97C-DX1_xmin68058_ymin32495_MPP-0.2500+123,1,0,0,0
3115,TCGA-OL-A97C-DX1_xmin68058_ymin32495_MPP-0.2500+124,1,0,0,0
3116,TCGA-OL-A97C-DX1_xmin68058_ymin32495_MPP-0.2500+125,1,0,0,0
3117,TCGA-OL-A97C-DX1_xmin68058_ymin32495_MPP-0.2500+126,1,0,0,0
3118,TCGA-OL-A97C-DX1_xmin68058_ymin32495_MPP-0.2500+127,0,1,0,0
3119,TCGA-OL-A97C-DX1_xmin68058_ymin32495_MPP-0.2500+128,0,1,0,0
3120,TCGA-OL-A97C-DX1_xmin68058_ymin32495_MPP-0.2500+129,0,1,0,0
3121,TCGA-OL-A97C-DX1_xmin68058_ymin32495_MPP-0.2500+13,0,1,0,0
3122,TCGA-OL-A97C-DX1_xmin68058_ymin32495_MPP-0.2500+130,0,1,0,0
3123,TCGA-OL-A97C-DX1_xmin68058_ymin32495_MPP-0.2500+131,0,1,0,0
3124,TCGA-OL-A97C-DX1_xmin68058_ymin32495_MPP-0.2500+132,0,1,0,0
3125,TCGA-OL-A97C-DX1_xmin68058_ymin32495_MPP-0.2500+133,0,1,0,0
3126,TCGA-OL-A97C-DX1_xmin68058_ymin32495_MPP-0.2500+134,0,1,0,0
3127,TCGA-OL-A97C-DX1_xmin68058_ymin32495_MPP-0.2500+135,0,1,0,0
3128,TCGA-OL-A97C-DX1_xmin68058_ymin32495_MPP-0.2500+136,1,0,0,0
3129,TCGA-OL-A97C-DX1_xmin68058_ymin32495_MPP-0.2500+137,1,0,0,0
3130,TCGA-OL-A97C-DX1_xmin68058_ymin32495_MPP-0.2500+138,1,0,0,0
3131,TCGA-OL-A97C-DX1_xmin68058_ymin32495_MPP-0.2500+139,1,0,0,0
3132,TCGA-OL-A97C-DX1_xmin68058_ymin32495_MPP-0.2500+14,0,1,0,0
3133,TCGA-OL-A97C-DX1_xmin68058_ymin32495_MPP-0.2500+140,0,1,0,0
3134,TCGA-OL-A97C-DX1_xmin68058_ymin32495_MPP-0.2500+141,0,1,0,0
3135,TCGA-OL-A97C-DX1_xmin68058_ymin32495_MPP-0.2500+142,0,1,0,0
3136,TCGA-OL-A97C-DX1_xmin68058_ymin32495_MPP-0.2500+143,0,1,0,0
3137,TCGA-OL-A97C-DX1_xmin68058_ymin32495_MPP-0.2500+144,0,1,0,0
3138,TCGA-OL-A97C-DX1_xmin68058_ymin32495_MPP-0.2500+145,0,1,0,0
3139,TCGA-OL-A97C-DX1_xmin68058_ymin32495_MPP-0.2500+146,1,0,0,0
3140,TCGA-OL-A97C-DX1_xmin68058_ymin32495_MPP-0.2500+147,1,0,0,0
3141,TCGA-OL-A97C-DX1_xmin68058_ymin32495_MPP-0.2500+148,1,0,0,0
3142,TCGA-OL-A97C-DX1_xmin68058_ymin32495_MPP-0.2500+149,1,0,0,0
3143,TCGA-OL-A97C-DX1_xmin68058_ymin32495_MPP-0.2500+15,0,1,0,0
3144,TCGA-OL-A97C-DX1_xmin68058_ymin32495_MPP-0.2500+150,0,1,0,0
3145,TCGA-OL-A97C-DX1_xmin68058_ymin32495_MPP-0.2500+151,0,1,0,0
3146,TCGA-OL-A97C-DX1_xmin68058_ymin32495_MPP-0.2500+152,0,1,0,0
3147,TCGA-OL-A97C-DX1_xmin68058_ymin32495_MPP-0.2500+153,0,1,0,0
3148,TCGA-OL-A97C-DX1_xmin68058_ymin32495_MPP-0.2500+154,1,1,0,0
3149,TCGA-OL-A97C-DX1_xmin68058_ymin32495_MPP-0.2500+155,1,0,0,0
3150,TCGA-OL-A97C-DX1_xmin68058_ymin32495_MPP-0.2500+156,1,0,0,0
3151,TCGA-OL-A97C-DX1_xmin68058_ymin32495_MPP-0.2500+157,1,0,0,0
3152,TCGA-OL-A97C-DX1_xmin68058_ymin32495_MPP-0.2500+158,1,0,0,0
3153,TCGA-OL-A97C-DX1_xmin68058_ymin32495_MPP-0.2500+159,0,1,0,0
3154,TCGA-OL-A97C-DX1_xmin68058_ymin32495_MPP-0.2500+16,0,1,0,0
3155,TCGA-OL-A97C-DX1_xmin68058_ymin32495_MPP-0.2500+160,0,1,0,0
3156,TCGA-OL-A97C-DX1_xmin68058_ymin32495_MPP-0.2500+161,1,1,0,0
3157,TCGA-OL-A97C-DX1_xmin68058_ymin32495_MPP-0.2500+162,1,0,0,0
3158,TCGA-OL-A97C-DX1_xmin68058_ymin32495_MPP-0.2500+163,1,0,0,0
3159,TCGA-OL-A97C-DX1_xmin68058_ymin32495_MPP-0.2500+164,1,0,0,0
3160,TCGA-OL-A97C-DX1_xmin68058_ymin32495_MPP-0.2500+165,1,0,0,0
3161,TCGA-OL-A97C-DX1_xmin68058_ymin32495_MPP-0.2500+166,1,1,0,0
3162,TCGA-OL-A97C-DX1_xmin68058_ymin32495_MPP-0.2500+167,1,0,0,0
3163,TCGA-OL-A97C-DX1_xmin68058_ymin32495_MPP-0.2500+168,1,0,0,0
3164,TCGA-OL-A97C-DX1_xmin68058_ymin32495_MPP-0.2500+169,1,0,0,0
3165,TCGA-OL-A97C-DX1_xmin68058_ymin32495_MPP-0.2500+17,0,1,0,0
3166,TCGA-OL-A97C-DX1_xmin68058_ymin32495_MPP-0.2500+170,1,1,0,0
3167,TCGA-OL-A97C-DX1_xmin68058_ymin32495_MPP-0.2500+171,1,0,0,0
3168,TCGA-OL-A97C-DX1_xmin68058_ymin32495_MPP-0.2500+172,1,0,0,0
3169,TCGA-OL-A97C-DX1_xmin68058_ymin32495_MPP-0.2500+173,1,0,0,0
3170,TCGA-OL-A97C-DX1_xmin68058_ymin32495_MPP-0.2500+174,1,0,0,0
3171,TCGA-OL-A97C-DX1_xmin68058_ymin32495_MPP-0.2500+175,1,0,0,0
3172,TCGA-OL-A97C-DX1_xmin68058_ymin32495_MPP-0.2500+176,1,0,0,0
3173,TCGA-OL-A97C-DX1_xmin68058_ymin32495_MPP-0.2500+18,0,1,0,0
3174,TCGA-OL-A97C-DX1_xmin68058_ymin32495_MPP-0.2500+19,0,1,0,0
3175,TCGA-OL-A97C-DX1_xmin68058_ymin32495_MPP-0.2500+2,0,1,0,0
3176,TCGA-OL-A97C-DX1_xmin68058_ymin32495_MPP-0.2500+20,0,1,0,0
3177,TCGA-OL-A97C-DX1_xmin68058_ymin32495_MPP-0.2500+21,0,1,0,0
3178,TCGA-OL-A97C-DX1_xmin68058_ymin32495_MPP-0.2500+22,0,1,0,0
3179,TCGA-OL-A97C-DX1_xmin68058_ymin32495_MPP-0.2500+23,0,1,0,0
3180,TCGA-OL-A97C-DX1_xmin68058_ymin32495_MPP-0.2500+24,0,1,0,0
3181,TCGA-OL-A97C-DX1_xmin68058_ymin32495_MPP-0.2500+25,0,1,0,0
3182,TCGA-OL-A97C-DX1_xmin68058_ymin32495_MPP-0.2500+26,0,1,0,0
3183,TCGA-OL-A97C-DX1_xmin68058_ymin32495_MPP-0.2500+27,1,1,0,0
3184,TCGA-OL-A97C-DX1_xmin68058_ymin32495_MPP-0.2500+28,0,1,0,0
3185,TCGA-OL-A97C-DX1_xmin68058_ymin32495_MPP-0.2500+29,0,1,0,0
3186,TCGA-OL-A97C-DX1_xmin68058_ymin32495_MPP-0.2500+3,0,1,0,0
3187,TCGA-OL-A97C-DX1_xmin68058_ymin32495_MPP-0.2500+30,0,1,0,0
3188,TCGA-OL-A97C-DX1_xmin68058_ymin32495_MPP-0.2500+31,0,1,0,0
3189,TCGA-OL-A97C-DX1_xmin68058_ymin32495_MPP-0.2500+32,0,1,0,0
3190,TCGA-OL-A97C-DX1_xmin68058_ymin32495_MPP-0.2500+33,0,1,0,0
3191,TCGA-OL-A97C-DX1_xmin68058_ymin32495_MPP-0.2500+34,0,1,0,0
3192,TCGA-OL-A97C-DX1_xmin68058_ymin32495_MPP-0.2500+35,0,1,0,0
3193,TCGA-OL-A97C-DX1_xmin68058_ymin32495_MPP-0.2500+36,0,1,0,0
3194,TCGA-OL-A97C-DX1_xmin68058_ymin32495_MPP-0.2500+37,0,1,0,0
3195,TCGA-OL-A97C-DX1_xmin68058_ymin32495_MPP-0.2500+38,0,1,0,0
3196,TCGA-OL-A97C-DX1_xmin68058_ymin32495_MPP-0.2500+39,0,1,0,0
3197,TCGA-OL-A97C-DX1_xmin68058_ymin32495_MPP-0.2500+4,1,1,0,0
3198,TCGA-OL-A97C-DX1_xmin68058_ymin32495_MPP-0.2500+40,0,1,0,0
3199,TCGA-OL-A97C-DX1_xmin68058_ymin32495_MPP-0.2500+41,0,1,0,0
3200,TCGA-OL-A97C-DX1_xmin68058_ymin32495_MPP-0.2500+42,1,1,0,0
3201,TCGA-OL-A97C-DX1_xmin68058_ymin32495_MPP-0.2500+43,0,1,0,0
3202,TCGA-OL-A97C-DX1_xmin68058_ymin32495_MPP-0.2500+44,0,1,0,0
3203,TCGA-OL-A97C-DX1_xmin68058_ymin32495_MPP-0.2500+45,0,1,0,0
3204,TCGA-OL-A97C-DX1_xmin68058_ymin32495_MPP-0.2500+46,0,1,0,0
3205,TCGA-OL-A97C-DX1_xmin68058_ymin32495_MPP-0.2500+47,0,1,0,0
3206,TCGA-OL-A97C-DX1_xmin68058_ymin32495_MPP-0.2500+48,0,1,0,0
3207,TCGA-OL-A97C-DX1_xmin68058_ymin32495_MPP-0.2500+49,0,1,0,0
3208,TCGA-OL-A97C-DX1_xmin68058_ymin32495_MPP-0.2500+5,0,1,0,0
3209,TCGA-OL-A97C-DX1_xmin68058_ymin32495_MPP-0.2500+50,0,1,0,0
3210,TCGA-OL-A97C-DX1_xmin68058_ymin32495_MPP-0.2500+51,0,1,0,0
3211,TCGA-OL-A97C-DX1_xmin68058_ymin32495_MPP-0.2500+52,0,1,0,0
3212,TCGA-OL-A97C-DX1_xmin68058_ymin32495_MPP-0.2500+53,0,1,0,0
3213,TCGA-OL-A97C-DX1_xmin68058_ymin32495_MPP-0.2500+54,0,1,0,0
3214,TCGA-OL-A97C-DX1_xmin68058_ymin32495_MPP-0.2500+55,1,1,0,0
3215,TCGA-OL-A97C-DX1_xmin68058_ymin32495_MPP-0.2500+56,1,0,0,0
3216,TCGA-OL-A97C-DX1_xmin68058_ymin32495_MPP-0.2500+57,1,0,0,0
3217,TCGA-OL-A97C-DX1_xmin68058_ymin32495_MPP-0.2500+58,0,1,0,0
3218,TCGA-OL-A97C-DX1_xmin68058_ymin32495_MPP-0.2500+59,0,1,0,0
3219,TCGA-OL-A97C-DX1_xmin68058_ymin32495_MPP-0.2500+6,0,1,0,0
3220,TCGA-OL-A97C-DX1_xmin68058_ymin32495_MPP-0.2500+60,0,1,0,0
3221,TCGA-OL-A97C-DX1_xmin68058_ymin32495_MPP-0.2500+61,0,1,0,0
3222,TCGA-OL-A97C-DX1_xmin68058_ymin32495_MPP-0.2500+62,0,1,0,0
3223,TCGA-OL-A97C-DX1_xmin68058_ymin32495_MPP-0.2500+63,0,1,0,0
3224,TCGA-OL-A97C-DX1_xmin68058_ymin32495_MPP-0.2500+64,0,1,0,0
3225,TCGA-OL-A97C-DX1_xmin68058_ymin32495_MPP-0.2500+65,0,1,0,0
3226,TCGA-OL-A97C-DX1_xmin68058_ymin32495_MPP-0.2500+66,0,1,0,0
3227,TCGA-OL-A97C-DX1_xmin68058_ymin32495_MPP-0.2500+67,0,1,0,0
3228,TCGA-OL-A97C-DX1_xmin68058_ymin32495_MPP-0.2500+68,0,1,0,0
3229,TCGA-OL-A97C-DX1_xmin68058_ymin32495_MPP-0.2500+69,0,1,0,0
3230,TCGA-OL-A97C-DX1_xmin68058_ymin32495_MPP-0.2500+7,0,1,0,0
3231,TCGA-OL-A97C-DX1_xmin68058_ymin32495_MPP-0.2500+70,1,0,0,0
3232,TCGA-OL-A97C-DX1_xmin68058_ymin32495_MPP-0.2500+71,1,0,0,0
3233,TCGA-OL-A97C-DX1_xmin68058_ymin32495_MPP-0.2500+72,1,0,0,0
3234,TCGA-OL-A97C-DX1_xmin68058_ymin32495_MPP-0.2500+73,1,0,0,0
3235,TCGA-OL-A97C-DX1_xmin68058_ymin32495_MPP-0.2500+74,1,0,0,0
3236,TCGA-OL-A97C-DX1_xmin68058_ymin32495_MPP-0.2500+75,0,1,0,0
3237,TCGA-OL-A97C-DX1_xmin68058_ymin32495_MPP-0.2500+76,0,1,0,0
3238,TCGA-OL-A97C-DX1_xmin68058_ymin32495_MPP-0.2500+77,0,1,0,0
3239,TCGA-OL-A97C-DX1_xmin68058_ymin32495_MPP-0.2500+78,0,1,0,0
3240,TCGA-OL-A97C-DX1_xmin68058_ymin32495_MPP-0.2500+79,0,1,0,0
3241,TCGA-OL-A97C-DX1_xmin68058_ymin32495_MPP-0.2500+8,0,1,0,0
3242,TCGA-OL-A97C-DX1_xmin68058_ymin32495_MPP-0.2500+80,0,1,0,0
3243,TCGA-OL-A97C-DX1_xmin68058_ymin32495_MPP-0.2500+81,0,1,0,0
3244,TCGA-OL-A97C-DX1_xmin68058_ymin32495_MPP-0.2500+82,0,1,0,0
3245,TCGA-OL-A97C-DX1_xmin68058_ymin32495_MPP-0.2500+83,0,1,0,0
3246,TCGA-OL-A97C-DX1_xmin68058_ymin32495_MPP-0.2500+84,0,1,0,0
3247,TCGA-OL-A97C-DX1_xmin68058_ymin32495_MPP-0.2500+85,0,1,0,0
3248,TCGA-OL-A97C-DX1_xmin68058_ymin32495_MPP-0.2500+86,1,1,0,0
3249,TCGA-OL-A97C-DX1_xmin68058_ymin32495_MPP-0.2500+87,1,0,0,0
3250,TCGA-OL-A97C-DX1_xmin68058_ymin32495_MPP-0.2500+88,1,0,0,0
3251,TCGA-OL-A97C-DX1_xmin68058_ymin32495_MPP-0.2500+89,1,0,0,0
3252,TCGA-OL-A97C-DX1_xmin68058_ymin32495_MPP-0.2500+9,0,1,0,0
3253,TCGA-OL-A97C-DX1_xmin68058_ymin32495_MPP-0.2500+90,1,0,0,0
3254,TCGA-OL-A97C-DX1_xmin68058_ymin32495_MPP-0.2500+91,1,0,0,0
3255,TCGA-OL-A97C-DX1_xmin68058_ymin32495_MPP-0.2500+92,1,0,0,0
3256,TCGA-OL-A97C-DX1_xmin68058_ymin32495_MPP-0.2500+93,0,1,0,0
3257,TCGA-OL-A97C-DX1_xmin68058_ymin32495_MPP-0.2500+94,0,1,0,0
3258,TCGA-OL-A97C-DX1_xmin68058_ymin32495_MPP-0.2500+95,0,1,0,0
3259,TCGA-OL-A97C-DX1_xmin68058_ymin32495_MPP-0.2500+96,0,1,0,0
3260,TCGA-OL-A97C-DX1_xmin68058_ymin32495_MPP-0.2500+97,0,1,0,0
3261,TCGA-OL-A97C-DX1_xmin68058_ymin32495_MPP-0.2500+98,0,1,0,0
3262,TCGA-OL-A97C-DX1_xmin68058_ymin32495_MPP-0.2500+99,0,1,0,0
3263,TCGA-S3-AA10-DX1_xmin43039_ymin23986_MPP-0.2500+0,0,1,0,1
3264,TCGA-S3-AA10-DX1_xmin43039_ymin23986_MPP-0.2500+1,0,0,1,0
3265,TCGA-S3-AA10-DX1_xmin43039_ymin23986_MPP-0.2500+10,0,1,1,0
3266,TCGA-S3-AA10-DX1_xmin43039_ymin23986_MPP-0.2500+11,0,1,0,0
3267,TCGA-S3-AA10-DX1_xmin43039_ymin23986_MPP-0.2500+12,0,1,0,0
3268,TCGA-S3-AA10-DX1_xmin43039_ymin23986_MPP-0.2500+13,1,0,0,1
3269,TCGA-S3-AA10-DX1_xmin43039_ymin23986_MPP-0.2500+14,0,1,0,0
3270,TCGA-S3-AA10-DX1_xmin43039_ymin23986_MPP-0.2500+15,0,1,0,0
3271,TCGA-S3-AA10-DX1_xmin43039_ymin23986_MPP-0.2500+16,1,0,0,0
3272,TCGA-S3-AA10-DX1_xmin43039_ymin23986_MPP-0.2500+17,0,1,0,0
3273,TCGA-S3-AA10-DX1_xmin43039_ymin23986_MPP-0.2500+18,0,1,0,0
3274,TCGA-S3-AA10-DX1_xmin43039_ymin23986_MPP-0.2500+19,0,1,1,0
3275,TCGA-S3-AA10-DX1_xmin43039_ymin23986_MPP-0.2500+2,1,0,0,0
3276,TCGA-S3-AA10-DX1_xmin43039_ymin23986_MPP-0.2500+20,0,1,1,0
3277,TCGA-S3-AA10-DX1_xmin43039_ymin23986_MPP-0.2500+21,0,1,0,0
3278,TCGA-S3-AA10-DX1_xmin43039_ymin23986_MPP-0.2500+22,1,0,0,0
3279,TCGA-S3-AA10-DX1_xmin43039_ymin23986_MPP-0.2500+23,0,0,0,1
3280,TCGA-S3-AA10-DX1_xmin43039_ymin23986_MPP-0.2500+24,1,0,0,0
3281,TCGA-S3-AA10-DX1_xmin43039_ymin23986_MPP-0.2500+25,1,0,0,0
3282,TCGA-S3-AA10-DX1_xmin43039_ymin23986_MPP-0.2500+26,1,0,0,0
3283,TCGA-S3-AA10-DX1_xmin43039_ymin23986_MPP-0.2500+27,1,0,0,0
3284,TCGA-S3-AA10-DX1_xmin43039_ymin23986_MPP-0.2500+28,1,0,0,0
3285,TCGA-S3-AA10-DX1_xmin43039_ymin23986_MPP-0.2500+29,1,0,0,0
3286,TCGA-S3-AA10-DX1_xmin43039_ymin23986_MPP-0.2500+3,1,0,0,0
3287,TCGA-S3-AA10-DX1_xmin43039_ymin23986_MPP-0.2500+30,0,0,1,0
3288,TCGA-S3-AA10-DX1_xmin43039_ymin23986_MPP-0.2500+31,0,1,0,0
3289,TCGA-S3-AA10-DX1_xmin43039_ymin23986_MPP-0.2500+32,0,1,1,0
3290,TCGA-S3-AA10-DX1_xmin43039_ymin23986_MPP-0.2500+33,1,0,0,1
3291,TCGA-S3-AA10-DX1_xmin43039_ymin23986_MPP-0.2500+34,1,0,0,1
3292,TCGA-S3-AA10-DX1_xmin43039_ymin23986_MPP-0.2500+35,1,0,0,1
3293,TCGA-S3-AA10-DX1_xmin43039_ymin23986_MPP-0.2500+36,0,1,1,0
3294,TCGA-S3-AA10-DX1_xmin43039_ymin23986_MPP-0.2500+37,1,1,0,0
3295,TCGA-S3-AA10-DX1_xmin43039_ymin23986_MPP-0.2500+38,1,0,0,0
3296,TCGA-S3-AA10-DX1_xmin43039_ymin23986_MPP-0.2500+39,1,0,0,0
3297,TCGA-S3-AA10-DX1_xmin43039_ymin23986_MPP-0.2500+4,0,0,0,1
3298,TCGA-S3-AA10-DX1_xmin43039_ymin23986_MPP-0.2500+40,1,0,0,0
3299,TCGA-S3-AA10-DX1_xmin43039_ymin23986_MPP-0.2500+41,1,1,0,0
3300,TCGA-S3-AA10-DX1_xmin43039_ymin23986_MPP-0.2500+42,0,0,1,0
3301,TCGA-S3-AA10-DX1_xmin43039_ymin23986_MPP-0.2500+43,1,0,0,0
3302,TCGA-S3-AA10-DX1_xmin43039_ymin23986_MPP-0.2500+44,1,0,0,1
3303,TCGA-S3-AA10-DX1_xmin43039_ymin23986_MPP-0.2500+45,1,0,0,0
3304,TCGA-S3-AA10-DX1_xmin43039_ymin23986_MPP-0.2500+46,1,0,0,1
3305,TCGA-S3-AA10-DX1_xmin43039_ymin23986_MPP-0.2500+47,1,0,0,0
3306,TCGA-S3-AA10-DX1_xmin43039_ymin23986_MPP-0.2500+48,1,0,0,0
3307,TCGA-S3-AA10-DX1_xmin43039_ymin23986_MPP-0.2500+49,1,0,0,0
3308,TCGA-S3-AA10-DX1_xmin43039_ymin23986_MPP-0.2500+5,0,0,0,1
3309,TCGA-S3-AA10-DX1_xmin43039_ymin23986_MPP-0.2500+50,1,1,0,0
3310,TCGA-S3-AA10-DX1_xmin43039_ymin23986_MPP-0.2500+51,1,0,0,0
3311,TCGA-S3-AA10-DX1_xmin43039_ymin23986_MPP-0.2500+52,0,0,1,0
3312,TCGA-S3-AA10-DX1_xmin43039_ymin23986_MPP-0.2500+53,0,1,1,0
3313,TCGA-S3-AA10-DX1_xmin43039_ymin23986_MPP-0.2500+54,1,0,0,0
3314,TCGA-S3-AA10-DX1_xmin43039_ymin23986_MPP-0.2500+55,1,0,0,0
3315,TCGA-S3-AA10-DX1_xmin43039_ymin23986_MPP-0.2500+56,1,0,0,0
3316,TCGA-S3-AA10-DX1_xmin43039_ymin23986_MPP-0.2500+57,1,0,0,0
3317,TCGA-S3-AA10-DX1_xmin43039_ymin23986_MPP-0.2500+58,1,0,0,0
3318,TCGA-S3-AA10-DX1_xmin43039_ymin23986_MPP-0.2500+59,1,0,0,0
3319,TCGA-S3-AA10-DX1_xmin43039_ymin23986_MPP-0.2500+6,1,0,0,0
3320,TCGA-S3-AA10-DX1_xmin43039_ymin23986_MPP-0.2500+60,1,0,0,0
3321,TCGA-S3-AA10-DX1_xmin43039_ymin23986_MPP-0.2500+61,1,0,0,0
3322,TCGA-S3-AA10-DX1_xmin43039_ymin23986_MPP-0.2500+62,1,0,0,0
3323,TCGA-S3-AA10-DX1_xmin43039_ymin23986_MPP-0.2500+63,1,0,0,1
3324,TCGA-S3-AA10-DX1_xmin43039_ymin23986_MPP-0.2500+64,1,0,0,0
3325,TCGA-S3-AA10-DX1_xmin43039_ymin23986_MPP-0.2500+65,1,0,0,0
3326,TCGA-S3-AA10-DX1_xmin43039_ymin23986_MPP-0.2500+66,1,0,0,0
3327,TCGA-S3-AA10-DX1_xmin43039_ymin23986_MPP-0.2500+67,1,0,0,1
3328,TCGA-S3-AA10-DX1_xmin43039_ymin23986_MPP-0.2500+68,1,1,0,1
3329,TCGA-S3-AA10-DX1_xmin43039_ymin23986_MPP-0.2500+69,1,0,0,0
3330,TCGA-S3-AA10-DX1_xmin43039_ymin23986_MPP-0.2500+7,1,0,0,0
3331,TCGA-S3-AA10-DX1_xmin43039_ymin23986_MPP-0.2500+70,1,1,0,0
3332,TCGA-S3-AA10-DX1_xmin43039_ymin23986_MPP-0.2500+71,1,0,0,0
3333,TCGA-S3-AA10-DX1_xmin43039_ymin23986_MPP-0.2500+72,1,0,0,0
3334,TCGA-S3-AA10-DX1_xmin43039_ymin23986_MPP-0.2500+73,1,0,0,0
3335,TCGA-S3-AA10-DX1_xmin43039_ymin23986_MPP-0.2500+74,1,0,0,0
3336,TCGA-S3-AA10-DX1_xmin43039_ymin23986_MPP-0.2500+75,1,0,0,0
3337,TCGA-S3-AA10-DX1_xmin43039_ymin23986_MPP-0.2500+76,1,0,0,1
3338,TCGA-S3-AA10-DX1_xmin43039_ymin23986_MPP-0.2500+77,0,1,0,1
3339,TCGA-S3-AA10-DX1_xmin43039_ymin23986_MPP-0.2500+78,1,0,0,1
3340,TCGA-S3-AA10-DX1_xmin43039_ymin23986_MPP-0.2500+79,1,0,0,0
3341,TCGA-S3-AA10-DX1_xmin43039_ymin23986_MPP-0.2500+8,1,0,0,0
3342,TCGA-S3-AA10-DX1_xmin43039_ymin23986_MPP-0.2500+80,1,1,0,1
3343,TCGA-S3-AA10-DX1_xmin43039_ymin23986_MPP-0.2500+81,1,1,0,0
3344,TCGA-S3-AA10-DX1_xmin43039_ymin23986_MPP-0.2500+82,1,1,0,0
3345,TCGA-S3-AA10-DX1_xmin43039_ymin23986_MPP-0.2500+83,1,0,0,1
3346,TCGA-S3-AA10-DX1_xmin43039_ymin23986_MPP-0.2500+84,0,0,0,1
3347,TCGA-S3-AA10-DX1_xmin43039_ymin23986_MPP-0.2500+85,0,0,0,1
3348,TCGA-S3-AA10-DX1_xmin43039_ymin23986_MPP-0.2500+86,1,0,0,1
3349,TCGA-S3-AA10-DX1_xmin43039_ymin23986_MPP-0.2500+87,1,0,0,1
3350,TCGA-S3-AA10-DX1_xmin43039_ymin23986_MPP-0.2500+88,1,0,0,1
3351,TCGA-S3-AA10-DX1_xmin43039_ymin23986_MPP-0.2500+89,0,0,0,1
3352,TCGA-S3-AA10-DX1_xmin43039_ymin23986_MPP-0.2500+9,0,1,0,0
3353,TCGA-S3-AA10-DX1_xmin43039_ymin23986_MPP-0.2500+90,0,0,0,1
3354,TCGA-S3-AA10-DX1_xmin43039_ymin23986_MPP-0.2500+91,0,0,0,1
3355,TCGA-S3-AA15-DX1_xmin55486_ymin28926_MPP-0.2500+0,0,1,0,0
3356,TCGA-S3-AA15-DX1_xmin55486_ymin28926_MPP-0.2500+1,0,1,0,0
3357,TCGA-S3-AA15-DX1_xmin55486_ymin28926_MPP-0.2500+10,0,1,1,0
3358,TCGA-S3-AA15-DX1_xmin55486_ymin28926_MPP-0.2500+11,0,1,1,0
3359,TCGA-S3-AA15-DX1_xmin55486_ymin28926_MPP-0.2500+12,0,1,1,0
3360,TCGA-S3-AA15-DX1_xmin55486_ymin28926_MPP-0.2500+13,0,0,1,0
3361,TCGA-S3-AA15-DX1_xmin55486_ymin28926_MPP-0.2500+14,0,1,1,0
3362,TCGA-S3-AA15-DX1_xmin55486_ymin28926_MPP-0.2500+15,0,1,0,0
3363,TCGA-S3-AA15-DX1_xmin55486_ymin28926_MPP-0.2500+16,0,1,0,0
3364,TCGA-S3-AA15-DX1_xmin55486_ymin28926_MPP-0.2500+17,0,1,0,0
3365,TCGA-S3-AA15-DX1_xmin55486_ymin28926_MPP-0.2500+18,1,0,0,1
3366,TCGA-S3-AA15-DX1_xmin55486_ymin28926_MPP-0.2500+19,1,0,0,0
3367,TCGA-S3-AA15-DX1_xmin55486_ymin28926_MPP-0.2500+2,0,1,1,0
3368,TCGA-S3-AA15-DX1_xmin55486_ymin28926_MPP-0.2500+20,1,1,0,0
3369,TCGA-S3-AA15-DX1_xmin55486_ymin28926_MPP-0.2500+21,1,0,0,0
3370,TCGA-S3-AA15-DX1_xmin55486_ymin28926_MPP-0.2500+22,1,0,1,0
3371,TCGA-S3-AA15-DX1_xmin55486_ymin28926_MPP-0.2500+23,0,1,1,0
3372,TCGA-S3-AA15-DX1_xmin55486_ymin28926_MPP-0.2500+24,0,1,0,0
3373,TCGA-S3-AA15-DX1_xmin55486_ymin28926_MPP-0.2500+25,0,1,0,0
3374,TCGA-S3-AA15-DX1_xmin55486_ymin28926_MPP-0.2500+26,0,1,0,0
3375,TCGA-S3-AA15-DX1_xmin55486_ymin28926_MPP-0.2500+27,1,0,0,0
3376,TCGA-S3-AA15-DX1_xmin55486_ymin28926_MPP-0.2500+28,1,0,0,0
3377,TCGA-S3-AA15-DX1_xmin55486_ymin28926_MPP-0.2500+29,1,0,0,0
3378,TCGA-S3-AA15-DX1_xmin55486_ymin28926_MPP-0.2500+3,0,1,1,0
3379,TCGA-S3-AA15-DX1_xmin55486_ymin28926_MPP-0.2500+30,1,0,0,0
3380,TCGA-S3-AA15-DX1_xmin55486_ymin28926_MPP-0.2500+31,1,0,0,0
3381,TCGA-S3-AA15-DX1_xmin55486_ymin28926_MPP-0.2500+32,1,1,1,0
3382,TCGA-S3-AA15-DX1_xmin55486_ymin28926_MPP-0.2500+33,0,1,1,0
3383,TCGA-S3-AA15-DX1_xmin55486_ymin28926_MPP-0.2500+34,0,1,0,0
3384,TCGA-S3-AA15-DX1_xmin55486_ymin28926_MPP-0.2500+35,0,1,0,0
3385,TCGA-S3-AA15-DX1_xmin55486_ymin28926_MPP-0.2500+36,1,0,0,0
3386,TCGA-S3-AA15-DX1_xmin55486_ymin28926_MPP-0.2500+37,1,0,0,0
3387,TCGA-S3-AA15-DX1_xmin55486_ymin28926_MPP-0.2500+38,1,0,0,0
3388,TCGA-S3-AA15-DX1_xmin55486_ymin28926_MPP-0.2500+39,1,0,0,0
3389,TCGA-S3-AA15-DX1_xmin55486_ymin28926_MPP-0.2500+4,0,1,1,0
3390,TCGA-S3-AA15-DX1_xmin55486_ymin28926_MPP-0.2500+40,1,0,0,0
3391,TCGA-S3-AA15-DX1_xmin55486_ymin28926_MPP-0.2500+41,1,1,1,0
3392,TCGA-S3-AA15-DX1_xmin55486_ymin28926_MPP-0.2500+42,1,1,0,0
3393,TCGA-S3-AA15-DX1_xmin55486_ymin28926_MPP-0.2500+43,0,1,1,0
3394,TCGA-S3-AA15-DX1_xmin55486_ymin28926_MPP-0.2500+44,0,1,1,0
3395,TCGA-S3-AA15-DX1_xmin55486_ymin28926_MPP-0.2500+45,1,0,0,0
3396,TCGA-S3-AA15-DX1_xmin55486_ymin28926_MPP-0.2500+46,1,0,0,0
3397,TCGA-S3-AA15-DX1_xmin55486_ymin28926_MPP-0.2500+47,1,1,0,0
3398,TCGA-S3-AA15-DX1_xmin55486_ymin28926_MPP-0.2500+48,1,0,0,0
3399,TCGA-S3-AA15-DX1_xmin55486_ymin28926_MPP-0.2500+49,1,0,0,0
3400,TCGA-S3-AA15-DX1_xmin55486_ymin28926_MPP-0.2500+5,0,0,1,0
3401,TCGA-S3-AA15-DX1_xmin55486_ymin28926_MPP-0.2500+50,1,0,0,0
3402,TCGA-S3-AA15-DX1_xmin55486_ymin28926_MPP-0.2500+51,1,0,0,0
3403,TCGA-S3-AA15-DX1_xmin55486_ymin28926_MPP-0.2500+52,1,1,1,0
3404,TCGA-S3-AA15-DX1_xmin55486_ymin28926_MPP-0.2500+53,0,1,1,0
3405,TCGA-S3-AA15-DX1_xmin55486_ymin28926_MPP-0.2500+54,1,0,0,0
3406,TCGA-S3-AA15-DX1_xmin55486_ymin28926_MPP-0.2500+55,1,1,0,0
3407,TCGA-S3-AA15-DX1_xmin55486_ymin28926_MPP-0.2500+56,1,1,0,0
3408,TCGA-S3-AA15-DX1_xmin55486_ymin28926_MPP-0.2500+57,1,0,0,0
3409,TCGA-S3-AA15-DX1_xmin55486_ymin28926_MPP-0.2500+58,1,0,0,0
3410,TCGA-S3-AA15-DX1_xmin55486_ymin28926_MPP-0.2500+59,1,0,0,0
3411,TCGA-S3-AA15-DX1_xmin55486_ymin28926_MPP-0.2500+6,0,1,0,0
3412,TCGA-S3-AA15-DX1_xmin55486_ymin28926_MPP-0.2500+60,1,0,0,0
3413,TCGA-S3-AA15-DX1_xmin55486_ymin28926_MPP-0.2500+61,1,1,1,0
3414,TCGA-S3-AA15-DX1_xmin55486_ymin28926_MPP-0.2500+62,0,1,1,0
3415,TCGA-S3-AA15-DX1_xmin55486_ymin28926_MPP-0.2500+7,1,1,0,0
3416,TCGA-S3-AA15-DX1_xmin55486_ymin28926_MPP-0.2500+8,0,1,0,0
3417,TCGA-S3-AA15-DX1_xmin55486_ymin28926_MPP-0.2500+9,0,1,0,0
