C0_hist_0_0,C0_hist_0_1,C0_hist_0_2,C0_hist_0_3,C0_hist_0_4,C0_hist_1_0,C0_hist_1_1,C0_hist_1_2,C0_hist_1_3,C0_hist_1_4,C0_hist_2_0,C0_hist_2_1,C0_hist_2_2,C0_hist_2_3,C0_hist_2_4,C0_hist_3_0,C0_hist_3_1,C0_hist_3_2,C0_hist_3_3,C0_hist_3_4,C0_hist_4_0,C0_hist_4_1,C0_hist_4_2,C0_hist_4_3,C0_hist_4_4,DD_hist_0_0,DD_hist_0_1,DD_hist_0_2,DD_hist_0_3,DD_hist_0_4,DD_hist_1_0,DD_hist_1_1,DD_hist_1_2,DD_hist_1_3,DD_hist_1_4,DD_hist_2_0,DD_hist_2_1,DD_hist_2_2,DD_hist_2_3,DD_hist_2_4,DD_hist_3_0,DD_hist_3_1,DD_hist_3_2,DD_hist_3_3,DD_hist_3_4,DD_hist_4_0,DD_hist_4_1,DD_hist_4_2,DD_hist_4_3,DD_hist_4_4,UC_hist_0_0,UC_hist_0_1,UC_hist_0_2,UC_hist_0_3,UC_hist_0_4,UC_hist_1_0,UC_hist_1_1,UC_hist_1_2,UC_hist_1_3,UC_hist_1_4,UC_hist_2_0,UC_hist_2_1,UC_hist_2_2,UC_hist_2_3,UC_hist_2_4,UC_hist_3_0,UC_hist_3_1,UC_hist_3_2,UC_hist_3_3,UC_hist_3_4,UC_hist_4_0,UC_hist_4_1,UC_hist_4_2,UC_hist_4_3,UC_hist_4_4,image_id
0,0,0,0,0,0,39372,0,0,0,0,98,0,0,0,0,0,0,0,0,0,0,0,0,10706,0,0,0,0,0,0,39372,0,0,0,0,98,0,0,0,0,0,0,0,0,0,0,0,0,10706,0,0,0,0,0,0,39372,0,0,0,0,98,0,0,0,0,0,0,0,0,0,0,0,0,10706,TCGA-EW-A1PB-DX1_xmin57214_ymin25940_MPP-0.2500+0
0,0,0,0,0,0,11551,0,0,0,0,485,0,0,0,0,0,0,0,0,0,0,0,0,38140,0,0,0,0,0,0,11551,0,0,0,0,485,0,0,0,0,0,0,0,0,0,0,0,0,38140,0,0,0,0,0,0,11551,0,0,0,0,485,0,0,0,0,0,0,0,0,0,0,0,0,38140,TCGA-EW-A1PB-DX1_xmin57214_ymin25940_MPP-0.2500+1
0,0,0,0,0,0,22179,7659,0,0,0,2286,16380,0,0,0,0,0,0,0,0,0,0,0,1672,0,0,0,0,0,0,22140,7698,0,0,0,2210,16456,0,0,0,0,0,0,0,0,0,0,0,1672,0,0,0,0,0,0,22202,7636,0,0,0,2344,16322,0,0,0,0,0,0,0,0,0,0,0,1672,TCGA-EW-A1PB-DX1_xmin57214_ymin25940_MPP-0.2500+10
0,0,0,0,0,0,11013,0,0,0,0,7689,10992,0,0,0,0,0,0,0,0,0,0,0,20482,0,0,0,0,0,0,11013,0,0,0,0,5058,13623,0,0,0,0,0,0,0,0,0,0,0,20482,0,0,0,0,0,0,11013,0,0,0,0,7054,11627,0,0,0,0,0,0,0,0,0,0,0,20482,TCGA-EW-A1PB-DX1_xmin57214_ymin25940_MPP-0.2500+100
0,0,0,0,0,0,18225,192,0,0,0,11884,17606,0,0,0,0,0,0,0,0,0,0,0,2269,0,0,0,0,0,0,18138,279,0,0,0,11649,17841,0,0,0,0,0,0,0,0,0,0,0,2269,0,0,0,0,0,0,18141,276,0,0,0,12175,17315,0,0,0,0,0,0,0,0,0,0,0,2269,TCGA-EW-A1PB-DX1_xmin57214_ymin25940_MPP-0.2500+101
0,0,0,0,0,0,17366,1043,0,0,0,20169,11598,0,0,0,0,0,0,0,0,0,0,0,0,0,0,0,0,0,0,16995,1414,0,0,0,19444,12323,0,0,0,0,0,0,0,0,0,0,0,0,0,0,0,0,0,0,17037,1372,0,0,0,19893,11874,0,0,0,0,0,0,0,0,0,0,0,0,TCGA-EW-A1PB-DX1_xmin57214_ymin25940_MPP-0.2500+102
0,0,0,0,0,0,28854,0,0,0,0,21322,0,0,0,0,0,0,0,0,0,0,0,0,0,0,0,0,0,0,0,28854,0,0,0,0,21322,0,0,0,0,0,0,0,0,0,0,0,0,0,0,0,0,0,0,0,28854,0,0,0,0,21322,0,0,0,0,0,0,0,0,0,0,0,0,0,TCGA-EW-A1PB-DX1_xmin57214_ymin25940_MPP-0.2500+103
0,0,0,0,0,0,24870,0,0,0,192,25114,0,0,0,0,0,0,0,0,0,0,0,0,0,0,0,0,0,0,0,24870,0,0,0,320,24986,0,0,0,0,0,0,0,0,0,0,0,0,0,0,0,0,0,0,0,24870,0,0,0,1088,24218,0,0,0,0,0,0,0,0,0,0,0,0,0,TCGA-EW-A1PB-DX1_xmin57214_ymin25940_MPP-0.2500+104
0,846,0,0,0,64,45991,0,0,0,0,3275,0,0,0,0,0,0,0,0,0,0,0,0,0,0,846,0,0,0,0,46055,0,0,0,0,3275,0,0,0,0,0,0,0,0,0,0,0,0,0,0,846,0,0,0,32,46023,0,0,0,0,3275,0,0,0,0,0,0,0,0,0,0,0,0,0,TCGA-EW-A1PB-DX1_xmin57214_ymin25940_MPP-0.2500+105
0,10090,0,0,0,0,38273,0,0,0,0,1813,0,0,0,0,0,0,0,0,0,0,0,0,0,0,10090,0,0,0,64,38209,0,0,0,0,1813,0,0,0,0,0,0,0,0,0,0,0,0,0,0,10090,0,0,0,0,38273,0,0,0,0,1813,0,0,0,0,0,0,0,0,0,0,0,0,0,TCGA-EW-A1PB-DX1_xmin57214_ymin25940_MPP-0.2500+106
26555,2368,0,0,0,8574,12679,0,0,0,0,0,0,0,0,0,0,0,0,0,0,0,0,0,0,26567,2356,0,0,0,8600,12653,0,0,0,0,0,0,0,0,0,0,0,0,0,0,0,0,0,0,26968,1955,0,0,0,8695,12558,0,0,0,0,0,0,0,0,0,0,0,0,0,0,0,0,0,0,TCGA-EW-A1PB-DX1_xmin57214_ymin25940_MPP-0.2500+107
46283,0,0,0,0,3893,0,0,0,0,0,0,0,0,0,0,0,0,0,0,0,0,0,0,0,46283,0,0,0,0,3893,0,0,0,0,0,0,0,0,0,0,0,0,0,0,0,0,0,0,0,46283,0,0,0,0,3893,0,0,0,0,0,0,0,0,0,0,0,0,0,0,0,0,0,0,0,TCGA-EW-A1PB-DX1_xmin57214_ymin25940_MPP-0.2500+108
26832,8085,0,0,0,4307,8562,0,0,0,0,0,0,0,0,0,0,0,0,0,0,0,0,0,2390,27029,7888,0,0,0,4358,8511,0,0,0,0,0,0,0,0,0,0,0,0,0,0,0,0,0,2390,26808,8109,0,0,0,4278,8591,0,0,0,0,0,0,0,0,0,0,0,0,0,0,0,0,0,2390,TCGA-EW-A1PB-DX1_xmin57214_ymin25940_MPP-0.2500+109
0,0,0,0,0,0,29433,192,0,0,0,3941,15739,0,0,0,0,0,0,0,0,0,0,0,871,0,0,0,0,0,0,29433,192,0,0,0,3836,15844,0,0,0,0,0,0,0,0,0,0,0,871,0,0,0,0,0,0,29433,192,0,0,0,4170,15510,0,0,0,0,0,0,0,0,0,0,0,871,TCGA-EW-A1PB-DX1_xmin57214_ymin25940_MPP-0.2500+11
16859,26094,0,0,0,2558,4665,0,0,0,0,0,0,0,0,0,0,0,0,0,0,0,0,0,0,17722,25231,0,0,0,2682,4541,0,0,0,0,0,0,0,0,0,0,0,0,0,0,0,0,0,0,17584,25369,0,0,0,2700,4523,0,0,0,0,0,0,0,0,0,0,0,0,0,0,0,0,0,0,TCGA-EW-A1PB-DX1_xmin57214_ymin25940_MPP-0.2500+110
0,0,0,0,0,0,4664,1767,0,0,0,16441,27304,0,0,0,0,0,0,0,0,0,0,0,0,0,0,0,0,0,0,4683,1748,0,0,0,16606,27139,0,0,0,0,0,0,0,0,0,0,0,0,0,0,0,0,0,0,4754,1677,0,0,0,16427,27318,0,0,0,0,0,0,0,0,0,0,0,0,TCGA-EW-A1PB-DX1_xmin57214_ymin25940_MPP-0.2500+111
0,0,0,0,0,0,4394,859,0,0,0,8766,36157,0,0,0,0,0,0,0,0,0,0,0,0,0,0,0,0,0,0,4407,846,0,0,0,8805,36118,0,0,0,0,0,0,0,0,0,0,0,0,0,0,0,0,0,0,4428,825,0,0,0,9434,35489,0,0,0,0,0,0,0,0,0,0,0,0,TCGA-EW-A1PB-DX1_xmin57214_ymin25940_MPP-0.2500+112
0,0,0,0,0,0,0,1458,0,0,0,0,48718,0,0,0,0,0,0,0,0,0,0,0,0,0,0,0,0,0,0,0,1458,0,0,0,0,48718,0,0,0,0,0,0,0,0,0,0,0,0,0,0,0,0,0,0,0,1458,0,0,0,0,48718,0,0,0,0,0,0,0,0,0,0,0,0,TCGA-EW-A1PB-DX1_xmin57214_ymin25940_MPP-0.2500+113
0,0,0,0,0,0,0,235,0,0,0,0,49941,0,0,0,0,0,0,0,0,0,0,0,0,0,0,0,0,0,0,0,235,0,0,0,0,49941,0,0,0,0,0,0,0,0,0,0,0,0,0,0,0,0,0,0,0,235,0,0,0,0,49941,0,0,0,0,0,0,0,0,0,0,0,0,TCGA-EW-A1PB-DX1_xmin57214_ymin25940_MPP-0.2500+114
0,0,0,0,0,0,0,0,0,0,16,0,50160,0,0,0,0,0,0,0,0,0,0,0,0,0,0,0,0,0,0,0,0,0,0,16,0,50160,0,0,0,0,0,0,0,0,0,0,0,0,0,0,0,0,0,0,0,0,0,0,16,0,50160,0,0,0,0,0,0,0,0,0,0,0,0,TCGA-EW-A1PB-DX1_xmin57214_ymin25940_MPP-0.2500+115
0,0,0,0,0,0,0,137,0,0,0,0,50039,0,0,0,0,0,0,0,0,0,0,0,0,0,0,0,0,0,0,0,137,0,0,0,0,50039,0,0,0,0,0,0,0,0,0,0,0,0,0,0,0,0,0,0,0,137,0,0,0,0,50039,0,0,0,0,0,0,0,0,0,0,0,0,TCGA-EW-A1PB-DX1_xmin57214_ymin25940_MPP-0.2500+116
0,0,292,0,0,0,7980,5081,0,0,0,16617,20206,0,0,0,0,0,0,0,0,0,0,0,0,0,0,292,0,0,0,7666,5395,0,0,0,14478,22345,0,0,0,0,0,0,0,0,0,0,0,0,0,0,292,0,0,0,7918,5143,0,0,0,16996,19827,0,0,0,0,0,0,0,0,0,0,0,0,TCGA-EW-A1PB-DX1_xmin57214_ymin25940_MPP-0.2500+117
0,0,0,0,0,0,35332,161,0,0,0,8689,5994,0,0,0,0,0,0,0,0,0,0,0,0,0,0,0,0,0,0,35389,104,0,0,0,9392,5291,0,0,0,0,0,0,0,0,0,0,0,0,0,0,0,0,0,0,35362,131,0,0,0,9361,5322,0,0,0,0,0,0,0,0,0,0,0,0,TCGA-EW-A1PB-DX1_xmin57214_ymin25940_MPP-0.2500+118
0,0,0,0,0,0,21439,90,0,0,0,22374,6273,0,0,0,0,0,0,0,0,0,0,0,0,0,0,0,0,0,0,21453,76,0,0,0,21993,6654,0,0,0,0,0,0,0,0,0,0,0,0,0,0,0,0,0,0,21476,53,0,0,0,22790,5857,0,0,0,0,0,0,0,0,0,0,0,0,TCGA-EW-A1PB-DX1_xmin57214_ymin25940_MPP-0.2500+119
0,0,0,0,0,0,15898,8153,0,0,0,3878,22247,0,0,0,0,0,0,0,0,0,0,0,0,0,0,0,0,0,0,15644,8407,0,0,0,4032,22093,0,0,0,0,0,0,0,0,0,0,0,0,0,0,0,0,0,0,15337,8714,0,0,0,3996,22129,0,0,0,0,0,0,0,0,0,0,0,0,TCGA-EW-A1PB-DX1_xmin57214_ymin25940_MPP-0.2500+12
0,400,0,0,0,0,19221,0,0,0,800,29755,0,0,0,0,0,0,0,0,0,0,0,0,0,0,400,0,0,0,0,19221,0,0,0,704,29851,0,0,0,0,0,0,0,0,0,0,0,0,0,0,400,0,0,0,0,19221,0,0,0,1344,29211,0,0,0,0,0,0,0,0,0,0,0,0,0,TCGA-EW-A1PB-DX1_xmin57214_ymin25940_MPP-0.2500+120
2783,0,0,0,0,11296,18423,0,0,0,6852,10822,0,0,0,0,0,0,0,0,0,0,0,0,0,2783,0,0,0,0,11299,18420,0,0,0,7237,10437,0,0,0,0,0,0,0,0,0,0,0,0,0,2783,0,0,0,0,12037,17682,0,0,0,7129,10545,0,0,0,0,0,0,0,0,0,0,0,0,0,TCGA-EW-A1PB-DX1_xmin57214_ymin25940_MPP-0.2500+121
12772,0,0,0,0,19840,0,0,0,0,17564,0,0,0,0,0,0,0,0,0,0,0,0,0,0,12772,0,0,0,0,19840,0,0,0,0,17564,0,0,0,0,0,0,0,0,0,0,0,0,0,0,12772,0,0,0,0,19840,0,0,0,0,17564,0,0,0,0,0,0,0,0,0,0,0,0,0,0,TCGA-EW-A1PB-DX1_xmin57214_ymin25940_MPP-0.2500+122
19469,849,0,0,0,9014,11500,0,0,0,3194,6150,0,0,0,0,0,0,0,0,0,0,0,0,0,19399,919,0,0,0,8436,12078,0,0,0,3214,6130,0,0,0,0,0,0,0,0,0,0,0,0,0,19474,844,0,0,0,10483,10031,0,0,0,3448,5896,0,0,0,0,0,0,0,0,0,0,0,0,0,TCGA-EW-A1PB-DX1_xmin57214_ymin25940_MPP-0.2500+123
18121,3406,0,0,0,5609,18840,0,0,0,0,0,0,0,0,0,0,0,0,0,0,0,0,0,4200,18182,3345,0,0,0,5747,18702,0,0,0,0,0,0,0,0,0,0,0,0,0,0,0,0,0,4200,18348,3179,0,0,0,5891,18558,0,0,0,0,0,0,0,0,0,0,0,0,0,0,0,0,0,4200,TCGA-EW-A1PB-DX1_xmin57214_ymin25940_MPP-0.2500+124
35299,0,0,0,0,9589,0,0,0,0,0,0,0,0,0,0,0,0,0,0,0,0,0,0,5288,35299,0,0,0,0,9589,0,0,0,0,0,0,0,0,0,0,0,0,0,0,0,0,0,0,5288,35299,0,0,0,0,9589,0,0,0,0,0,0,0,0,0,0,0,0,0,0,0,0,0,0,5288,TCGA-EW-A1PB-DX1_xmin57214_ymin25940_MPP-0.2500+125
0,6747,3881,0,0,0,6446,1924,0,0,0,7452,23726,0,0,0,0,0,0,0,0,0,0,0,0,0,6575,4053,0,0,0,6441,1929,0,0,0,7451,23727,0,0,0,0,0,0,0,0,0,0,0,0,0,6819,3809,0,0,0,6430,1940,0,0,0,7716,23462,0,0,0,0,0,0,0,0,0,0,0,0,TCGA-EW-A1PB-DX1_xmin57214_ymin25940_MPP-0.2500+126
10034,0,10291,0,0,1982,0,5294,0,0,0,0,22575,0,0,0,0,0,0,0,0,0,0,0,0,9684,0,10641,0,0,1980,0,5296,0,0,0,0,22575,0,0,0,0,0,0,0,0,0,0,0,0,10126,0,10199,0,0,1986,0,5290,0,0,0,0,22575,0,0,0,0,0,0,0,0,0,0,0,0,TCGA-EW-A1PB-DX1_xmin57214_ymin25940_MPP-0.2500+127
288,0,12273,0,0,0,0,7831,0,0,0,0,29784,0,0,0,0,0,0,0,0,0,0,0,0,256,0,12305,0,0,0,0,7831,0,0,0,0,29784,0,0,0,0,0,0,0,0,0,0,0,0,224,0,12337,0,0,0,0,7831,0,0,96,0,29688,0,0,0,0,0,0,0,0,0,0,0,0,TCGA-EW-A1PB-DX1_xmin57214_ymin25940_MPP-0.2500+128
0,0,3191,0,0,0,0,2041,0,0,912,0,44032,0,0,0,0,0,0,0,0,0,0,0,0,0,0,3191,0,0,0,0,2041,0,0,848,0,44096,0,0,0,0,0,0,0,0,0,0,0,0,0,0,3191,0,0,0,0,2041,0,0,848,0,44096,0,0,0,0,0,0,0,0,0,0,0,0,TCGA-EW-A1PB-DX1_xmin57214_ymin25940_MPP-0.2500+129
0,0,0,0,0,0,12695,981,0,0,0,7111,29389,0,0,0,0,0,0,0,0,0,0,0,0,0,0,0,0,0,0,12569,1107,0,0,0,6509,29991,0,0,0,0,0,0,0,0,0,0,0,0,0,0,0,0,0,0,12753,923,0,0,0,7681,28819,0,0,0,0,0,0,0,0,0,0,0,0,TCGA-EW-A1PB-DX1_xmin57214_ymin25940_MPP-0.2500+13
256,0,6204,0,0,0,0,3793,0,0,0,0,39923,0,0,0,0,0,0,0,0,0,0,0,0,96,0,6364,0,0,0,0,3793,0,0,0,0,39923,0,0,0,0,0,0,0,0,0,0,0,0,192,0,6268,0,0,0,0,3793,0,0,0,0,39923,0,0,0,0,0,0,0,0,0,0,0,0,TCGA-EW-A1PB-DX1_xmin57214_ymin25940_MPP-0.2500+130
0,5707,65,0,0,0,2413,880,0,0,0,13416,27695,0,0,0,0,0,0,0,0,0,0,0,0,0,5672,100,0,0,0,2386,907,0,0,0,12678,28433,0,0,0,0,0,0,0,0,0,0,0,0,0,5659,113,0,0,0,2396,897,0,0,0,13064,28047,0,0,0,0,0,0,0,0,0,0,0,0,TCGA-EW-A1PB-DX1_xmin57214_ymin25940_MPP-0.2500+131
0,5127,6026,0,0,0,3053,2929,0,0,0,5731,27310,0,0,0,0,0,0,0,0,0,0,0,0,0,3776,7377,0,0,0,2684,3298,0,0,0,4985,28056,0,0,0,0,0,0,0,0,0,0,0,0,0,4722,6431,0,0,0,3460,2522,0,0,0,7034,26007,0,0,0,0,0,0,0,0,0,0,0,0,TCGA-EW-A1PB-DX1_xmin57214_ymin25940_MPP-0.2500+132
0,0,0,0,0,0,13128,258,0,0,0,28608,8182,0,0,0,0,0,0,0,0,0,0,0,0,0,0,0,0,0,0,13125,261,0,0,0,28459,8331,0,0,0,0,0,0,0,0,0,0,0,0,0,0,0,0,0,0,13135,251,0,0,0,28421,8369,0,0,0,0,0,0,0,0,0,0,0,0,TCGA-EW-A1PB-DX1_xmin57214_ymin25940_MPP-0.2500+133
0,0,0,0,0,0,26487,0,0,0,0,23689,0,0,0,0,0,0,0,0,0,0,0,0,0,0,0,0,0,0,0,26487,0,0,0,0,23689,0,0,0,0,0,0,0,0,0,0,0,0,0,0,0,0,0,0,0,26487,0,0,0,0,23689,0,0,0,0,0,0,0,0,0,0,0,0,0,TCGA-EW-A1PB-DX1_xmin57214_ymin25940_MPP-0.2500+134
0,0,0,0,0,0,22195,0,0,0,768,27213,0,0,0,0,0,0,0,0,0,0,0,0,0,0,0,0,0,0,0,22195,0,0,0,128,27853,0,0,0,0,0,0,0,0,0,0,0,0,0,0,0,0,0,0,37,22158,0,0,0,1147,26834,0,0,0,0,0,0,0,0,0,0,0,0,0,TCGA-EW-A1PB-DX1_xmin57214_ymin25940_MPP-0.2500+135
0,0,0,0,0,0,34313,0,0,0,0,15863,0,0,0,0,0,0,0,0,0,0,0,0,0,0,0,0,0,0,0,34313,0,0,0,0,15863,0,0,0,0,0,0,0,0,0,0,0,0,0,0,0,0,0,0,0,34313,0,0,0,0,15863,0,0,0,0,0,0,0,0,0,0,0,0,0,TCGA-EW-A1PB-DX1_xmin57214_ymin25940_MPP-0.2500+136
0,0,0,0,0,0,38728,0,0,0,0,11448,0,0,0,0,0,0,0,0,0,0,0,0,0,0,0,0,0,0,0,38728,0,0,0,0,11448,0,0,0,0,0,0,0,0,0,0,0,0,0,0,0,0,0,0,0,38728,0,0,0,0,11448,0,0,0,0,0,0,0,0,0,0,0,0,0,TCGA-EW-A1PB-DX1_xmin57214_ymin25940_MPP-0.2500+137
0,0,0,0,0,0,15684,0,0,0,160,29707,0,0,0,0,0,0,0,0,0,0,0,0,4625,0,0,0,0,0,0,15684,0,0,0,1,29866,0,0,0,0,0,0,0,0,0,0,0,0,4625,0,0,0,0,0,0,15684,0,0,0,256,29611,0,0,0,0,0,0,0,0,0,0,0,0,4625,TCGA-EW-A1PB-DX1_xmin57214_ymin25940_MPP-0.2500+138
0,9125,0,0,0,0,30190,0,0,0,0,97,0,0,0,0,0,0,0,0,0,0,0,0,10764,0,9125,0,0,0,0,30190,0,0,0,0,97,0,0,0,0,0,0,0,0,0,0,0,0,10764,0,9125,0,0,0,0,30190,0,0,0,0,97,0,0,0,0,0,0,0,0,0,0,0,0,10764,TCGA-EW-A1PB-DX1_xmin57214_ymin25940_MPP-0.2500+139
0,0,0,0,0,0,8445,3169,0,0,0,11086,27476,0,0,0,0,0,0,0,0,0,0,0,0,0,0,0,0,0,0,8355,3259,0,0,0,10601,27961,0,0,0,0,0,0,0,0,0,0,0,0,0,0,0,0,0,0,8598,3016,0,0,0,11459,27103,0,0,0,0,0,0,0,0,0,0,0,0,TCGA-EW-A1PB-DX1_xmin57214_ymin25940_MPP-0.2500+14
12555,14918,0,0,0,4396,14310,0,0,0,0,0,0,0,0,0,0,0,0,0,0,0,0,0,3997,12592,14881,0,0,0,4612,14094,0,0,0,0,0,0,0,0,0,0,0,0,0,0,0,0,0,3997,12719,14754,0,0,0,4928,13778,0,0,0,0,0,0,0,0,0,0,0,0,0,0,0,0,0,3997,TCGA-EW-A1PB-DX1_xmin57214_ymin25940_MPP-0.2500+140
11819,932,3747,0,0,171,23255,8118,0,0,0,1601,533,0,0,0,0,0,0,0,0,0,0,0,0,11452,1026,4020,0,0,89,23348,8107,0,0,0,1575,559,0,0,0,0,0,0,0,0,0,0,0,0,11663,819,4016,0,0,93,23362,8089,0,0,0,1604,530,0,0,0,0,0,0,0,0,0,0,0,0,TCGA-EW-A1PB-DX1_xmin57214_ymin25940_MPP-0.2500+141
31773,0,0,0,0,18163,0,0,0,0,240,0,0,0,0,0,0,0,0,0,0,0,0,0,0,31773,0,0,0,0,18163,0,0,0,0,240,0,0,0,0,0,0,0,0,0,0,0,0,0,0,31773,0,0,0,0,18163,0,0,0,0,240,0,0,0,0,0,0,0,0,0,0,0,0,0,0,TCGA-EW-A1PB-DX1_xmin57214_ymin25940_MPP-0.2500+142
12039,1175,1066,0,0,2541,5434,7083,0,0,55,824,19959,0,0,0,0,0,0,0,0,0,0,0,0,11946,1273,1061,0,0,2527,5589,6942,0,0,46,895,19897,0,0,0,0,0,0,0,0,0,0,0,0,12125,1080,1075,0,0,2487,5092,7479,0,0,25,773,20040,0,0,0,0,0,0,0,0,0,0,0,0,TCGA-EW-A1PB-DX1_xmin57214_ymin25940_MPP-0.2500+143
0,0,6813,0,0,0,0,13078,0,0,0,0,30285,0,0,0,0,0,0,0,0,0,0,0,0,0,0,6813,0,0,0,0,13078,0,0,0,0,30285,0,0,0,0,0,0,0,0,0,0,0,0,0,0,6813,0,0,0,0,13078,0,0,0,0,30285,0,0,0,0,0,0,0,0,0,0,0,0,TCGA-EW-A1PB-DX1_xmin57214_ymin25940_MPP-0.2500+144
752,0,5320,0,0,701,0,9015,0,0,595,0,33793,0,0,0,0,0,0,0,0,0,0,0,0,785,0,5287,0,0,764,0,8952,0,0,627,0,33761,0,0,0,0,0,0,0,0,0,0,0,0,625,0,5447,0,0,764,0,8952,0,0,595,0,33793,0,0,0,0,0,0,0,0,0,0,0,0,TCGA-EW-A1PB-DX1_xmin57214_ymin25940_MPP-0.2500+145
0,0,1535,0,0,0,0,346,0,0,0,0,48295,0,0,0,0,0,0,0,0,0,0,0,0,0,0,1535,0,0,0,0,346,0,0,0,0,48295,0,0,0,0,0,0,0,0,0,0,0,0,0,0,1535,0,0,0,0,346,0,0,0,0,48295,0,0,0,0,0,0,0,0,0,0,0,0,TCGA-EW-A1PB-DX1_xmin57214_ymin25940_MPP-0.2500+146
400,0,7683,0,0,0,0,9273,0,0,0,0,32820,0,0,0,0,0,0,0,0,0,0,0,0,400,0,7683,0,0,0,0,9273,0,0,0,0,32820,0,0,0,0,0,0,0,0,0,0,0,0,304,0,7779,0,0,0,0,9273,0,0,0,0,32820,0,0,0,0,0,0,0,0,0,0,0,0,TCGA-EW-A1PB-DX1_xmin57214_ymin25940_MPP-0.2500+147
0,0,0,0,0,0,8290,1762,0,0,0,12867,27257,0,0,0,0,0,0,0,0,0,0,0,0,0,0,0,0,0,0,8308,1744,0,0,0,12968,27156,0,0,0,0,0,0,0,0,0,0,0,0,0,0,0,0,0,0,8748,1304,0,0,0,14029,26095,0,0,0,0,0,0,0,0,0,0,0,0,TCGA-EW-A1PB-DX1_xmin57214_ymin25940_MPP-0.2500+148
0,0,0,0,0,0,18549,1731,0,0,0,13383,16513,0,0,0,0,0,0,0,0,0,0,0,0,0,0,0,0,0,0,18505,1775,0,0,0,13074,16822,0,0,0,0,0,0,0,0,0,0,0,0,0,0,0,0,0,0,18679,1601,0,0,0,15265,14631,0,0,0,0,0,0,0,0,0,0,0,0,TCGA-EW-A1PB-DX1_xmin57214_ymin25940_MPP-0.2500+149
0,0,0,0,0,0,15478,0,0,0,0,34506,0,0,0,0,0,0,0,0,0,0,0,0,192,0,0,0,0,0,0,15478,0,0,0,0,34506,0,0,0,0,0,0,0,0,0,0,0,0,192,0,0,0,0,0,0,15478,0,0,0,0,34506,0,0,0,0,0,0,0,0,0,0,0,0,192,TCGA-EW-A1PB-DX1_xmin57214_ymin25940_MPP-0.2500+15
0,0,0,0,0,0,28849,1453,0,0,0,16402,3472,0,0,0,0,0,0,0,0,0,0,0,0,0,0,0,0,0,0,28915,1387,0,0,0,16578,3296,0,0,0,0,0,0,0,0,0,0,0,0,0,0,0,0,0,0,29042,1260,0,0,0,16541,3333,0,0,0,0,0,0,0,0,0,0,0,0,TCGA-EW-A1PB-DX1_xmin57214_ymin25940_MPP-0.2500+150
0,0,0,0,0,0,23134,1284,0,0,0,10633,15125,0,0,0,0,0,0,0,0,0,0,0,0,0,0,0,0,0,0,23260,1158,0,0,0,10251,15507,0,0,0,0,0,0,0,0,0,0,0,0,0,0,0,0,0,0,23309,1109,0,0,0,10430,15328,0,0,0,0,0,0,0,0,0,0,0,0,TCGA-EW-A1PB-DX1_xmin57214_ymin25940_MPP-0.2500+151
0,0,0,0,0,0,23384,0,0,0,0,16545,0,0,0,0,0,0,0,0,0,0,0,0,10247,0,0,0,0,0,0,23384,0,0,0,0,16545,0,0,0,0,0,0,0,0,0,0,0,0,10247,0,0,0,0,0,0,23384,0,0,0,0,16545,0,0,0,0,0,0,0,0,0,0,0,0,10247,TCGA-EW-A1PB-DX1_xmin57214_ymin25940_MPP-0.2500+152
0,0,0,0,0,0,28395,0,0,0,0,14650,0,0,0,0,0,0,0,0,0,0,0,0,7131,0,0,0,0,0,0,28395,0,0,0,0,14650,0,0,0,0,0,0,0,0,0,0,0,0,7131,0,0,0,0,0,0,28395,0,0,0,0,14650,0,0,0,0,0,0,0,0,0,0,0,0,7131,TCGA-EW-A1PB-DX1_xmin57214_ymin25940_MPP-0.2500+153
17204,2022,0,0,0,15007,12352,0,0,0,0,0,0,0,0,0,0,0,0,0,0,0,0,0,3591,17249,1977,0,0,0,15134,12225,0,0,0,0,0,0,0,0,0,0,0,0,0,0,0,0,0,3591,17294,1932,0,0,0,14983,12376,0,0,0,0,0,0,0,0,0,0,0,0,0,0,0,0,0,3591,TCGA-EW-A1PB-DX1_xmin57214_ymin25940_MPP-0.2500+154
36652,2672,0,0,0,2793,7790,0,0,0,0,0,0,0,0,0,0,0,0,0,0,0,0,0,269,36725,2599,0,0,0,2845,7738,0,0,0,0,0,0,0,0,0,0,0,0,0,0,0,0,0,269,36928,2396,0,0,0,2751,7832,0,0,0,0,0,0,0,0,0,0,0,0,0,0,0,0,0,269,TCGA-EW-A1PB-DX1_xmin57214_ymin25940_MPP-0.2500+155
0,9588,176,0,0,0,25043,1802,0,0,0,5534,8033,0,0,0,0,0,0,0,0,0,0,0,0,0,9651,113,0,0,0,25395,1450,0,0,0,5278,8289,0,0,0,0,0,0,0,0,0,0,0,0,0,9476,288,0,0,0,25419,1426,0,0,0,6103,7464,0,0,0,0,0,0,0,0,0,0,0,0,TCGA-EW-A1PB-DX1_xmin57214_ymin25940_MPP-0.2500+156
8803,0,91,0,0,4602,0,9936,0,0,25,0,26719,0,0,0,0,0,0,0,0,0,0,0,0,8808,0,86,0,0,4500,0,10038,0,0,237,0,26507,0,0,0,0,0,0,0,0,0,0,0,0,8800,0,94,0,0,4749,0,9789,0,0,35,0,26709,0,0,0,0,0,0,0,0,0,0,0,0,TCGA-EW-A1PB-DX1_xmin57214_ymin25940_MPP-0.2500+157
0,0,0,0,0,0,11456,304,0,0,0,31047,7369,0,0,0,0,0,0,0,0,0,0,0,0,0,0,0,0,0,0,11483,277,0,0,0,31541,6875,0,0,0,0,0,0,0,0,0,0,0,0,0,0,0,0,0,0,11669,91,0,0,0,30783,7633,0,0,0,0,0,0,0,0,0,0,0,0,TCGA-EW-A1PB-DX1_xmin57214_ymin25940_MPP-0.2500+158
0,0,0,0,0,0,15958,1949,0,0,0,10477,21792,0,0,0,0,0,0,0,0,0,0,0,0,0,0,0,0,0,0,15899,2008,0,0,0,9551,22718,0,0,0,0,0,0,0,0,0,0,0,0,0,0,0,0,0,0,15976,1931,0,0,0,10436,21833,0,0,0,0,0,0,0,0,0,0,0,0,TCGA-EW-A1PB-DX1_xmin57214_ymin25940_MPP-0.2500+159
0,0,0,0,0,0,25492,0,0,0,0,22039,0,0,0,0,0,0,0,0,0,0,0,0,2645,0,0,0,0,0,0,25492,0,0,0,0,22039,0,0,0,0,0,0,0,0,0,0,0,0,2645,0,0,0,0,0,0,25492,0,0,0,0,22039,0,0,0,0,0,0,0,0,0,0,0,0,2645,TCGA-EW-A1PB-DX1_xmin57214_ymin25940_MPP-0.2500+16
0,0,0,0,0,0,15126,67,0,0,0,11567,23416,0,0,0,0,0,0,0,0,0,0,0,0,0,0,0,0,0,0,15092,101,0,0,0,10088,24895,0,0,0,0,0,0,0,0,0,0,0,0,0,0,0,0,0,0,15152,41,0,0,0,13278,21705,0,0,0,0,0,0,0,0,0,0,0,0,TCGA-EW-A1PB-DX1_xmin57214_ymin25940_MPP-0.2500+160
0,1289,0,0,0,0,23382,464,0,0,0,7810,17231,0,0,0,0,0,0,0,0,0,0,0,0,0,1289,0,0,0,0,23290,556,0,0,0,7601,17440,0,0,0,0,0,0,0,0,0,0,0,0,0,1289,0,0,0,0,23399,447,0,0,0,7899,17142,0,0,0,0,0,0,0,0,0,0,0,0,TCGA-EW-A1PB-DX1_xmin57214_ymin25940_MPP-0.2500+161
0,9782,0,0,0,0,27187,0,0,0,0,13207,0,0,0,0,0,0,0,0,0,0,0,0,0,0,9782,0,0,0,0,27187,0,0,0,0,13207,0,0,0,0,0,0,0,0,0,0,0,0,0,0,9782,0,0,0,0,27187,0,0,0,0,13207,0,0,0,0,0,0,0,0,0,0,0,0,0,TCGA-EW-A1PB-DX1_xmin57214_ymin25940_MPP-0.2500+162
17295,1359,0,0,0,2823,19713,0,0,0,0,8986,0,0,0,0,0,0,0,0,0,0,0,0,0,17277,1377,0,0,0,2797,19739,0,0,0,0,8986,0,0,0,0,0,0,0,0,0,0,0,0,0,17418,1236,0,0,0,2837,19699,0,0,0,0,8986,0,0,0,0,0,0,0,0,0,0,0,0,0,TCGA-EW-A1PB-DX1_xmin57214_ymin25940_MPP-0.2500+163
0,8027,9727,0,0,0,14264,11514,0,0,0,6055,589,0,0,0,0,0,0,0,0,0,0,0,0,0,7822,9932,0,0,0,14295,11483,0,0,0,6038,606,0,0,0,0,0,0,0,0,0,0,0,0,0,7809,9945,0,0,0,14125,11653,0,0,0,6117,527,0,0,0,0,0,0,0,0,0,0,0,0,TCGA-EW-A1PB-DX1_xmin57214_ymin25940_MPP-0.2500+164
0,2875,0,0,0,0,43200,0,0,0,0,4101,0,0,0,0,0,0,0,0,0,0,0,0,0,0,2875,0,0,0,0,43200,0,0,0,0,4101,0,0,0,0,0,0,0,0,0,0,0,0,0,0,2875,0,0,0,0,43200,0,0,0,0,4101,0,0,0,0,0,0,0,0,0,0,0,0,0,TCGA-EW-A1PB-DX1_xmin57214_ymin25940_MPP-0.2500+165
0,0,0,0,0,0,35826,0,0,0,0,14350,0,0,0,0,0,0,0,0,0,0,0,0,0,0,0,0,0,0,0,35826,0,0,0,0,14350,0,0,0,0,0,0,0,0,0,0,0,0,0,0,0,0,0,0,0,35826,0,0,0,0,14350,0,0,0,0,0,0,0,0,0,0,0,0,0,TCGA-EW-A1PB-DX1_xmin57214_ymin25940_MPP-0.2500+166
0,0,0,0,0,0,43760,0,0,0,0,6416,0,0,0,0,0,0,0,0,0,0,0,0,0,0,0,0,0,0,0,43760,0,0,0,0,6416,0,0,0,0,0,0,0,0,0,0,0,0,0,0,0,0,0,0,0,43760,0,0,0,0,6416,0,0,0,0,0,0,0,0,0,0,0,0,0,TCGA-EW-A1PB-DX1_xmin57214_ymin25940_MPP-0.2500+167
0,0,0,0,0,0,26756,0,0,0,0,22012,0,0,0,0,0,0,0,0,0,0,0,0,1408,0,0,0,0,0,0,26756,0,0,0,0,22012,0,0,0,0,0,0,0,0,0,0,0,0,1408,0,0,0,0,0,0,26756,0,0,0,0,22012,0,0,0,0,0,0,0,0,0,0,0,0,1408,TCGA-EW-A1PB-DX1_xmin57214_ymin25940_MPP-0.2500+168
0,0,0,0,0,1,40326,0,0,0,0,2497,0,0,0,0,0,0,0,0,0,0,0,0,7352,0,0,0,0,0,0,40327,0,0,0,0,2497,0,0,0,0,0,0,0,0,0,0,0,0,7352,0,0,0,0,0,1,40326,0,0,0,0,2497,0,0,0,0,0,0,0,0,0,0,0,0,7352,TCGA-EW-A1PB-DX1_xmin57214_ymin25940_MPP-0.2500+169
0,1,0,0,0,0,31967,0,0,0,0,15804,0,0,0,0,0,0,0,0,0,0,0,0,2404,0,1,0,0,0,0,31967,0,0,0,0,15804,0,0,0,0,0,0,0,0,0,0,0,0,2404,0,1,0,0,0,0,31967,0,0,0,0,15804,0,0,0,0,0,0,0,0,0,0,0,0,2404,TCGA-EW-A1PB-DX1_xmin57214_ymin25940_MPP-0.2500+17
5725,4007,0,0,0,5652,17452,0,0,0,0,0,0,0,0,0,0,0,0,0,0,0,0,0,17340,5742,3990,0,0,0,5630,17474,0,0,0,0,0,0,0,0,0,0,0,0,0,0,0,0,0,17340,5622,4110,0,0,0,5755,17349,0,0,0,0,0,0,0,0,0,0,0,0,0,0,0,0,0,17340,TCGA-EW-A1PB-DX1_xmin57214_ymin25940_MPP-0.2500+170
0,8206,0,0,0,0,38187,0,0,0,0,3783,0,0,0,0,0,0,0,0,0,0,0,0,0,0,8206,0,0,0,0,38187,0,0,0,0,3783,0,0,0,0,0,0,0,0,0,0,0,0,0,0,8206,0,0,0,0,38187,0,0,0,0,3783,0,0,0,0,0,0,0,0,0,0,0,0,0,TCGA-EW-A1PB-DX1_xmin57214_ymin25940_MPP-0.2500+171
0,200,0,0,0,0,39485,0,0,0,0,10491,0,0,0,0,0,0,0,0,0,0,0,0,0,0,200,0,0,0,0,39485,0,0,0,0,10491,0,0,0,0,0,0,0,0,0,0,0,0,0,0,200,0,0,0,0,39485,0,0,0,0,10491,0,0,0,0,0,0,0,0,0,0,0,0,0,TCGA-EW-A1PB-DX1_xmin57214_ymin25940_MPP-0.2500+172
0,0,0,0,0,0,50067,0,0,0,0,109,0,0,0,0,0,0,0,0,0,0,0,0,0,0,0,0,0,0,0,50067,0,0,0,0,109,0,0,0,0,0,0,0,0,0,0,0,0,0,0,0,0,0,0,0,50067,0,0,0,0,109,0,0,0,0,0,0,0,0,0,0,0,0,0,TCGA-EW-A1PB-DX1_xmin57214_ymin25940_MPP-0.2500+173
0,0,0,0,0,0,45856,0,0,0,0,4320,0,0,0,0,0,0,0,0,0,0,0,0,0,0,0,0,0,0,0,45856,0,0,0,0,4320,0,0,0,0,0,0,0,0,0,0,0,0,0,0,0,0,0,0,0,45856,0,0,0,0,4320,0,0,0,0,0,0,0,0,0,0,0,0,0,TCGA-EW-A1PB-DX1_xmin57214_ymin25940_MPP-0.2500+174
0,12241,0,0,0,0,37935,0,0,0,0,0,0,0,0,0,0,0,0,0,0,0,0,0,0,0,12241,0,0,0,0,37935,0,0,0,0,0,0,0,0,0,0,0,0,0,0,0,0,0,0,0,12241,0,0,0,0,37935,0,0,0,0,0,0,0,0,0,0,0,0,0,0,0,0,0,0,TCGA-EW-A1PB-DX1_xmin57214_ymin25940_MPP-0.2500+175
18050,4491,0,0,0,3642,23993,0,0,0,0,0,0,0,0,0,0,0,0,0,0,0,0,0,0,18287,4254,0,0,0,3793,23842,0,0,0,0,0,0,0,0,0,0,0,0,0,0,0,0,0,0,17892,4649,0,0,0,4010,23625,0,0,0,0,0,0,0,0,0,0,0,0,0,0,0,0,0,0,TCGA-EW-A1PB-DX1_xmin57214_ymin25940_MPP-0.2500+176
12838,11611,0,0,0,1317,24410,0,0,0,0,0,0,0,0,0,0,0,0,0,0,0,0,0,0,12303,12146,0,0,0,1222,24505,0,0,0,0,0,0,0,0,0,0,0,0,0,0,0,0,0,0,12573,11876,0,0,0,1252,24475,0,0,0,0,0,0,0,0,0,0,0,0,0,0,0,0,0,0,TCGA-EW-A1PB-DX1_xmin57214_ymin25940_MPP-0.2500+177
15270,14343,0,0,0,2332,18231,0,0,0,0,0,0,0,0,0,0,0,0,0,0,0,0,0,0,14785,14828,0,0,0,2305,18258,0,0,0,0,0,0,0,0,0,0,0,0,0,0,0,0,0,0,16340,13273,0,0,0,2991,17572,0,0,0,0,0,0,0,0,0,0,0,0,0,0,0,0,0,0,TCGA-EW-A1PB-DX1_xmin57214_ymin25940_MPP-0.2500+178
17964,5102,0,0,0,6427,20683,0,0,0,0,0,0,0,0,0,0,0,0,0,0,0,0,0,0,17999,5067,0,0,0,6279,20831,0,0,0,0,0,0,0,0,0,0,0,0,0,0,0,0,0,0,17959,5107,0,0,0,6330,20780,0,0,0,0,0,0,0,0,0,0,0,0,0,0,0,0,0,0,TCGA-EW-A1PB-DX1_xmin57214_ymin25940_MPP-0.2500+179
21336,20995,0,0,0,2024,5821,0,0,0,0,0,0,0,0,0,0,0,0,0,0,0,0,0,0,21135,21196,0,0,0,1953,5892,0,0,0,0,0,0,0,0,0,0,0,0,0,0,0,0,0,0,21884,20447,0,0,0,2603,5242,0,0,0,0,0,0,0,0,0,0,0,0,0,0,0,0,0,0,TCGA-EW-A1PB-DX1_xmin57214_ymin25940_MPP-0.2500+18
12947,5848,0,0,0,13268,15519,0,0,0,792,1802,0,0,0,0,0,0,0,0,0,0,0,0,0,12867,5928,0,0,0,13116,15671,0,0,0,821,1773,0,0,0,0,0,0,0,0,0,0,0,0,0,13232,5563,0,0,0,14040,14747,0,0,0,777,1817,0,0,0,0,0,0,0,0,0,0,0,0,0,TCGA-EW-A1PB-DX1_xmin57214_ymin25940_MPP-0.2500+180
0,5479,0,0,0,0,42672,0,0,0,0,2025,0,0,0,0,0,0,0,0,0,0,0,0,0,0,5479,0,0,0,0,42672,0,0,0,0,2025,0,0,0,0,0,0,0,0,0,0,0,0,0,0,5479,0,0,0,0,42672,0,0,0,0,2025,0,0,0,0,0,0,0,0,0,0,0,0,0,TCGA-EW-A1PB-DX1_xmin57214_ymin25940_MPP-0.2500+181
0,0,0,0,0,0,47687,0,0,0,0,2489,0,0,0,0,0,0,0,0,0,0,0,0,0,0,0,0,0,0,0,47687,0,0,0,0,2489,0,0,0,0,0,0,0,0,0,0,0,0,0,0,0,0,0,0,0,47687,0,0,0,0,2489,0,0,0,0,0,0,0,0,0,0,0,0,0,TCGA-EW-A1PB-DX1_xmin57214_ymin25940_MPP-0.2500+182
0,0,0,0,0,0,31182,0,0,0,0,18994,0,0,0,0,0,0,0,0,0,0,0,0,0,0,0,0,0,0,0,31182,0,0,0,0,18994,0,0,0,0,0,0,0,0,0,0,0,0,0,0,0,0,0,0,0,31182,0,0,0,0,18994,0,0,0,0,0,0,0,0,0,0,0,0,0,TCGA-EW-A1PB-DX1_xmin57214_ymin25940_MPP-0.2500+183
0,0,0,0,0,0,33818,0,0,0,0,16022,0,0,0,0,0,0,0,0,0,0,0,0,336,0,0,0,0,0,0,33818,0,0,0,0,16022,0,0,0,0,0,0,0,0,0,0,0,0,336,0,0,0,0,0,0,33818,0,0,0,0,16022,0,0,0,0,0,0,0,0,0,0,0,0,336,TCGA-EW-A1PB-DX1_xmin57214_ymin25940_MPP-0.2500+184
42747,0,0,0,0,7429,0,0,0,0,0,0,0,0,0,0,0,0,0,0,0,0,0,0,0,42747,0,0,0,0,7429,0,0,0,0,0,0,0,0,0,0,0,0,0,0,0,0,0,0,0,42747,0,0,0,0,7429,0,0,0,0,0,0,0,0,0,0,0,0,0,0,0,0,0,0,0,TCGA-EW-A1PB-DX1_xmin57214_ymin25940_MPP-0.2500+19
0,0,0,0,0,0,42692,1256,0,0,0,1263,2657,0,0,0,0,0,0,0,0,0,0,0,2308,0,0,0,0,0,0,42501,1447,0,0,0,1198,2722,0,0,0,0,0,0,0,0,0,0,0,2308,0,0,0,0,0,0,42729,1219,0,0,0,1261,2659,0,0,0,0,0,0,0,0,0,0,0,2308,TCGA-EW-A1PB-DX1_xmin57214_ymin25940_MPP-0.2500+2
47168,0,0,0,0,3008,0,0,0,0,0,0,0,0,0,0,0,0,0,0,0,0,0,0,0,47168,0,0,0,0,3008,0,0,0,0,0,0,0,0,0,0,0,0,0,0,0,0,0,0,0,47168,0,0,0,0,3008,0,0,0,0,0,0,0,0,0,0,0,0,0,0,0,0,0,0,0,TCGA-EW-A1PB-DX1_xmin57214_ymin25940_MPP-0.2500+20
47614,0,0,0,0,2562,0,0,0,0,0,0,0,0,0,0,0,0,0,0,0,0,0,0,0,47614,0,0,0,0,2562,0,0,0,0,0,0,0,0,0,0,0,0,0,0,0,0,0,0,0,47614,0,0,0,0,2562,0,0,0,0,0,0,0,0,0,0,0,0,0,0,0,0,0,0,0,TCGA-EW-A1PB-DX1_xmin57214_ymin25940_MPP-0.2500+21
47615,0,0,0,0,2561,0,0,0,0,0,0,0,0,0,0,0,0,0,0,0,0,0,0,0,47615,0,0,0,0,2561,0,0,0,0,0,0,0,0,0,0,0,0,0,0,0,0,0,0,0,47615,0,0,0,0,2561,0,0,0,0,0,0,0,0,0,0,0,0,0,0,0,0,0,0,0,TCGA-EW-A1PB-DX1_xmin57214_ymin25940_MPP-0.2500+22
0,0,0,0,0,0,35058,0,0,0,0,5423,0,0,0,0,0,0,0,0,0,0,0,0,9695,0,0,0,0,0,0,32306,2752,0,0,0,1334,4089,0,0,0,0,0,0,0,0,0,0,0,9695,0,0,0,0,0,0,32827,2231,0,0,0,1425,3998,0,0,0,0,0,0,0,0,0,0,0,9695,TCGA-EW-A1PB-DX1_xmin57214_ymin25940_MPP-0.2500+23
0,0,0,0,0,0,14263,0,0,0,0,27848,0,0,0,0,0,0,0,0,0,0,0,0,8065,0,0,0,0,0,0,14263,0,0,0,0,27848,0,0,0,0,0,0,0,0,0,0,0,0,8065,0,0,0,0,0,0,14263,0,0,0,0,27848,0,0,0,0,0,0,0,0,0,0,0,0,8065,TCGA-EW-A1PB-DX1_xmin57214_ymin25940_MPP-0.2500+24
0,0,0,0,0,0,15980,1579,0,0,0,14461,14856,0,0,0,0,0,0,0,0,0,0,0,3300,0,0,0,0,0,0,15894,1665,0,0,0,14208,15109,0,0,0,0,0,0,0,0,0,0,0,3300,0,0,0,0,0,0,15857,1702,0,0,0,14325,14992,0,0,0,0,0,0,0,0,0,0,0,3300,TCGA-EW-A1PB-DX1_xmin57214_ymin25940_MPP-0.2500+25
0,0,0,0,0,0,7019,838,0,0,0,16372,25947,0,0,0,0,0,0,0,0,0,0,0,0,0,0,0,0,0,0,7040,817,0,0,0,16656,25663,0,0,0,0,0,0,0,0,0,0,0,0,0,0,0,0,0,0,7035,822,0,0,0,16272,26047,0,0,0,0,0,0,0,0,0,0,0,0,TCGA-EW-A1PB-DX1_xmin57214_ymin25940_MPP-0.2500+26
0,0,0,0,0,0,3848,0,0,0,0,4824,41504,0,0,0,0,0,0,0,0,0,0,0,0,0,0,0,0,0,0,3848,0,0,0,0,4733,41595,0,0,0,0,0,0,0,0,0,0,0,0,0,0,0,0,0,0,3848,0,0,0,0,5150,41178,0,0,0,0,0,0,0,0,0,0,0,0,TCGA-EW-A1PB-DX1_xmin57214_ymin25940_MPP-0.2500+27
0,0,0,0,0,0,6635,543,0,0,0,6740,36258,0,0,0,0,0,0,0,0,0,0,0,0,0,0,0,0,0,0,6567,611,0,0,0,7102,35896,0,0,0,0,0,0,0,0,0,0,0,0,0,0,0,0,0,0,6668,510,0,0,0,6912,36086,0,0,0,0,0,0,0,0,0,0,0,0,TCGA-EW-A1PB-DX1_xmin57214_ymin25940_MPP-0.2500+28
0,0,0,0,0,0,24282,0,0,0,0,25894,0,0,0,0,0,0,0,0,0,0,0,0,0,0,0,0,0,0,0,24282,0,0,0,0,25894,0,0,0,0,0,0,0,0,0,0,0,0,0,0,0,0,0,0,0,24282,0,0,0,0,25894,0,0,0,0,0,0,0,0,0,0,0,0,0,TCGA-EW-A1PB-DX1_xmin57214_ymin25940_MPP-0.2500+29
0,0,0,0,0,0,46021,0,0,0,0,4155,0,0,0,0,0,0,0,0,0,0,0,0,0,0,0,0,0,0,0,46021,0,0,0,0,4155,0,0,0,0,0,0,0,0,0,0,0,0,0,0,0,0,0,0,0,46021,0,0,0,0,4155,0,0,0,0,0,0,0,0,0,0,0,0,0,TCGA-EW-A1PB-DX1_xmin57214_ymin25940_MPP-0.2500+3
0,0,0,0,0,0,16620,0,0,0,0,31930,0,0,0,0,0,0,0,0,0,0,0,0,1626,0,0,0,0,0,0,16620,0,0,0,0,31930,0,0,0,0,0,0,0,0,0,0,0,0,1626,0,0,0,0,0,0,16620,0,0,0,0,31930,0,0,0,0,0,0,0,0,0,0,0,0,1626,TCGA-EW-A1PB-DX1_xmin57214_ymin25940_MPP-0.2500+30
0,3125,0,0,0,0,20794,0,0,0,0,24346,0,0,0,0,0,0,0,0,0,0,0,0,1911,0,3125,0,0,0,0,20794,0,0,0,0,24346,0,0,0,0,0,0,0,0,0,0,0,0,1911,0,3125,0,0,0,0,20794,0,0,0,0,24346,0,0,0,0,0,0,0,0,0,0,0,0,1911,TCGA-EW-A1PB-DX1_xmin57214_ymin25940_MPP-0.2500+31
19164,25402,0,0,0,1746,3864,0,0,0,0,0,0,0,0,0,0,0,0,0,0,0,0,0,0,19175,25391,0,0,0,1719,3891,0,0,0,0,0,0,0,0,0,0,0,0,0,0,0,0,0,0,18819,25747,0,0,0,1711,3899,0,0,0,0,0,0,0,0,0,0,0,0,0,0,0,0,0,0,TCGA-EW-A1PB-DX1_xmin57214_ymin25940_MPP-0.2500+32
45087,0,0,0,0,5089,0,0,0,0,0,0,0,0,0,0,0,0,0,0,0,0,0,0,0,45087,0,0,0,0,5089,0,0,0,0,0,0,0,0,0,0,0,0,0,0,0,0,0,0,0,45087,0,0,0,0,5089,0,0,0,0,0,0,0,0,0,0,0,0,0,0,0,0,0,0,0,TCGA-EW-A1PB-DX1_xmin57214_ymin25940_MPP-0.2500+33
42451,0,0,0,0,7725,0,0,0,0,0,0,0,0,0,0,0,0,0,0,0,0,0,0,0,42451,0,0,0,0,7725,0,0,0,0,0,0,0,0,0,0,0,0,0,0,0,0,0,0,0,42451,0,0,0,0,7725,0,0,0,0,0,0,0,0,0,0,0,0,0,0,0,0,0,0,0,TCGA-EW-A1PB-DX1_xmin57214_ymin25940_MPP-0.2500+34
44045,0,0,0,0,6131,0,0,0,0,0,0,0,0,0,0,0,0,0,0,0,0,0,0,0,44045,0,0,0,0,6131,0,0,0,0,0,0,0,0,0,0,0,0,0,0,0,0,0,0,0,44045,0,0,0,0,6131,0,0,0,0,0,0,0,0,0,0,0,0,0,0,0,0,0,0,0,TCGA-EW-A1PB-DX1_xmin57214_ymin25940_MPP-0.2500+35
31593,17275,0,0,0,521,787,0,0,0,0,0,0,0,0,0,0,0,0,0,0,0,0,0,0,32209,16659,0,0,0,521,787,0,0,0,0,0,0,0,0,0,0,0,0,0,0,0,0,0,0,32510,16358,0,0,0,506,802,0,0,0,0,0,0,0,0,0,0,0,0,0,0,0,0,0,0,TCGA-EW-A1PB-DX1_xmin57214_ymin25940_MPP-0.2500+36
0,0,0,0,0,0,29428,0,0,0,0,9685,0,0,0,0,0,0,0,0,0,0,0,0,11063,0,0,0,0,0,0,29428,0,0,0,0,9685,0,0,0,0,0,0,0,0,0,0,0,0,11063,0,0,0,0,0,0,29428,0,0,0,0,9685,0,0,0,0,0,0,0,0,0,0,0,0,11063,TCGA-EW-A1PB-DX1_xmin57214_ymin25940_MPP-0.2500+37
0,0,0,0,0,0,4239,0,0,0,0,13356,31086,0,0,0,0,0,0,0,0,0,0,0,1495,0,0,0,0,0,0,4239,0,0,0,0,13502,30940,0,0,0,0,0,0,0,0,0,0,0,1495,0,0,0,0,0,0,4239,0,0,0,0,13358,31084,0,0,0,0,0,0,0,0,0,0,0,1495,TCGA-EW-A1PB-DX1_xmin57214_ymin25940_MPP-0.2500+38
0,0,0,0,0,0,0,0,0,0,0,0,50176,0,0,0,0,0,0,0,0,0,0,0,0,0,0,0,0,0,0,0,0,0,0,0,0,50176,0,0,0,0,0,0,0,0,0,0,0,0,0,0,0,0,0,0,0,0,0,0,0,0,50176,0,0,0,0,0,0,0,0,0,0,0,0,TCGA-EW-A1PB-DX1_xmin57214_ymin25940_MPP-0.2500+39
0,0,0,0,0,0,46022,0,0,0,0,4154,0,0,0,0,0,0,0,0,0,0,0,0,0,0,0,0,0,0,0,46022,0,0,0,0,4154,0,0,0,0,0,0,0,0,0,0,0,0,0,0,0,0,0,0,0,46022,0,0,0,0,4154,0,0,0,0,0,0,0,0,0,0,0,0,0,TCGA-EW-A1PB-DX1_xmin57214_ymin25940_MPP-0.2500+4
0,0,0,0,0,0,0,0,0,0,0,0,50176,0,0,0,0,0,0,0,0,0,0,0,0,0,0,0,0,0,0,0,0,0,0,0,0,50176,0,0,0,0,0,0,0,0,0,0,0,0,0,0,0,0,0,0,0,0,0,0,0,0,50176,0,0,0,0,0,0,0,0,0,0,0,0,TCGA-EW-A1PB-DX1_xmin57214_ymin25940_MPP-0.2500+40
0,0,0,0,0,0,0,0,0,0,0,0,50176,0,0,0,0,0,0,0,0,0,0,0,0,0,0,0,0,0,0,0,0,0,0,0,0,50176,0,0,0,0,0,0,0,0,0,0,0,0,0,0,0,0,0,0,0,0,0,0,0,0,50176,0,0,0,0,0,0,0,0,0,0,0,0,TCGA-EW-A1PB-DX1_xmin57214_ymin25940_MPP-0.2500+41
0,0,0,0,0,0,10956,1764,0,0,0,10397,27059,0,0,0,0,0,0,0,0,0,0,0,0,0,0,0,0,0,0,10952,1768,0,0,0,10322,27134,0,0,0,0,0,0,0,0,0,0,0,0,0,0,0,0,0,0,10871,1849,0,0,0,10346,27110,0,0,0,0,0,0,0,0,0,0,0,0,TCGA-EW-A1PB-DX1_xmin57214_ymin25940_MPP-0.2500+42
0,0,0,0,0,0,12261,0,0,0,0,37878,0,0,0,0,0,0,0,0,0,0,0,0,37,0,0,0,0,0,0,12261,0,0,0,1,37877,0,0,0,0,0,0,0,0,0,0,0,0,37,0,0,0,0,0,0,12261,0,0,0,1,37877,0,0,0,0,0,0,0,0,0,0,0,0,37,TCGA-EW-A1PB-DX1_xmin57214_ymin25940_MPP-0.2500+43
0,0,0,0,0,0,37697,0,0,0,0,6626,0,0,0,0,0,0,0,0,0,0,0,0,5853,0,0,0,0,0,0,37697,0,0,0,0,6626,0,0,0,0,0,0,0,0,0,0,0,0,5853,0,0,0,0,0,0,37697,0,0,0,0,6626,0,0,0,0,0,0,0,0,0,0,0,0,5853,TCGA-EW-A1PB-DX1_xmin57214_ymin25940_MPP-0.2500+44
0,6759,0,0,0,0,34494,0,0,0,0,6831,0,0,0,0,0,0,0,0,0,0,0,0,2092,0,6759,0,0,0,0,34494,0,0,0,0,6831,0,0,0,0,0,0,0,0,0,0,0,0,2092,0,6759,0,0,0,0,34494,0,0,0,0,6831,0,0,0,0,0,0,0,0,0,0,0,0,2092,TCGA-EW-A1PB-DX1_xmin57214_ymin25940_MPP-0.2500+45
42619,0,0,0,0,7557,0,0,0,0,0,0,0,0,0,0,0,0,0,0,0,0,0,0,0,42619,0,0,0,0,7557,0,0,0,0,0,0,0,0,0,0,0,0,0,0,0,0,0,0,0,42619,0,0,0,0,7557,0,0,0,0,0,0,0,0,0,0,0,0,0,0,0,0,0,0,0,TCGA-EW-A1PB-DX1_xmin57214_ymin25940_MPP-0.2500+46
46161,0,0,0,0,4015,0,0,0,0,0,0,0,0,0,0,0,0,0,0,0,0,0,0,0,46161,0,0,0,0,4015,0,0,0,0,0,0,0,0,0,0,0,0,0,0,0,0,0,0,0,46161,0,0,0,0,4015,0,0,0,0,0,0,0,0,0,0,0,0,0,0,0,0,0,0,0,TCGA-EW-A1PB-DX1_xmin57214_ymin25940_MPP-0.2500+47
47410,0,0,0,0,2766,0,0,0,0,0,0,0,0,0,0,0,0,0,0,0,0,0,0,0,47410,0,0,0,0,2766,0,0,0,0,0,0,0,0,0,0,0,0,0,0,0,0,0,0,0,47410,0,0,0,0,2766,0,0,0,0,0,0,0,0,0,0,0,0,0,0,0,0,0,0,0,TCGA-EW-A1PB-DX1_xmin57214_ymin25940_MPP-0.2500+48
46553,0,0,0,0,3623,0,0,0,0,0,0,0,0,0,0,0,0,0,0,0,0,0,0,0,46553,0,0,0,0,3623,0,0,0,0,0,0,0,0,0,0,0,0,0,0,0,0,0,0,0,46553,0,0,0,0,3623,0,0,0,0,0,0,0,0,0,0,0,0,0,0,0,0,0,0,0,TCGA-EW-A1PB-DX1_xmin57214_ymin25940_MPP-0.2500+49
0,0,0,0,0,0,40193,0,0,0,0,9983,0,0,0,0,0,0,0,0,0,0,0,0,0,0,0,0,0,0,0,40193,0,0,0,0,9983,0,0,0,0,0,0,0,0,0,0,0,0,0,0,0,0,0,0,0,40193,0,0,0,0,9983,0,0,0,0,0,0,0,0,0,0,0,0,0,TCGA-EW-A1PB-DX1_xmin57214_ymin25940_MPP-0.2500+5
48009,0,0,0,0,2167,0,0,0,0,0,0,0,0,0,0,0,0,0,0,0,0,0,0,0,48009,0,0,0,0,2167,0,0,0,0,0,0,0,0,0,0,0,0,0,0,0,0,0,0,0,48009,0,0,0,0,2167,0,0,0,0,0,0,0,0,0,0,0,0,0,0,0,0,0,0,0,TCGA-EW-A1PB-DX1_xmin57214_ymin25940_MPP-0.2500+50
0,0,0,0,0,0,17646,627,0,0,0,1048,6007,0,0,0,0,0,0,0,0,0,0,0,24848,0,0,0,0,0,0,16918,1355,0,0,0,840,6215,0,0,0,0,0,0,0,0,0,0,0,24848,0,0,0,0,0,0,17491,782,0,0,0,1022,6033,0,0,0,0,0,0,0,0,0,0,0,24848,TCGA-EW-A1PB-DX1_xmin57214_ymin25940_MPP-0.2500+51
0,0,0,0,0,0,14104,1857,0,0,0,11204,13094,0,0,0,0,0,0,0,0,0,0,0,9917,0,0,0,0,0,0,13915,2046,0,0,0,10249,14049,0,0,0,0,0,0,0,0,0,0,0,9917,0,0,0,0,0,0,14103,1858,0,0,0,11152,13146,0,0,0,0,0,0,0,0,0,0,0,9917,TCGA-EW-A1PB-DX1_xmin57214_ymin25940_MPP-0.2500+52
0,0,0,0,0,0,5583,1017,0,0,0,1386,42190,0,0,0,0,0,0,0,0,0,0,0,0,0,0,0,0,0,0,5488,1112,0,0,0,1418,42158,0,0,0,0,0,0,0,0,0,0,0,0,0,0,0,0,0,0,5576,1024,0,0,0,1485,42091,0,0,0,0,0,0,0,0,0,0,0,0,TCGA-EW-A1PB-DX1_xmin57214_ymin25940_MPP-0.2500+53
0,0,0,0,0,0,0,1123,0,0,0,0,49053,0,0,0,0,0,0,0,0,0,0,0,0,0,0,0,0,0,0,0,1123,0,0,0,0,49053,0,0,0,0,0,0,0,0,0,0,0,0,0,0,0,0,0,0,0,1123,0,0,0,0,49053,0,0,0,0,0,0,0,0,0,0,0,0,TCGA-EW-A1PB-DX1_xmin57214_ymin25940_MPP-0.2500+54
0,0,0,0,0,0,0,0,0,0,0,0,50176,0,0,0,0,0,0,0,0,0,0,0,0,0,0,0,0,0,0,0,0,0,0,0,0,50176,0,0,0,0,0,0,0,0,0,0,0,0,0,0,0,0,0,0,0,0,0,0,0,0,50176,0,0,0,0,0,0,0,0,0,0,0,0,TCGA-EW-A1PB-DX1_xmin57214_ymin25940_MPP-0.2500+55
0,0,0,0,0,0,0,0,0,0,0,0,50176,0,0,0,0,0,0,0,0,0,0,0,0,0,0,0,0,0,0,0,0,0,0,0,0,50176,0,0,0,0,0,0,0,0,0,0,0,0,0,0,0,0,0,0,0,0,0,0,0,0,50176,0,0,0,0,0,0,0,0,0,0,0,0,TCGA-EW-A1PB-DX1_xmin57214_ymin25940_MPP-0.2500+56
0,0,0,0,0,0,7646,334,0,0,0,9629,32567,0,0,0,0,0,0,0,0,0,0,0,0,0,0,0,0,0,0,7630,350,0,0,0,7891,34305,0,0,0,0,0,0,0,0,0,0,0,0,0,0,0,0,0,0,7712,268,0,0,0,10306,31890,0,0,0,0,0,0,0,0,0,0,0,0,TCGA-EW-A1PB-DX1_xmin57214_ymin25940_MPP-0.2500+57
0,0,0,0,0,0,11348,85,0,0,0,14402,20481,0,0,0,0,0,0,0,0,0,0,0,3860,0,0,0,0,0,0,11381,52,0,0,0,13839,21044,0,0,0,0,0,0,0,0,0,0,0,3860,0,0,0,0,0,0,11340,93,0,0,0,14273,20610,0,0,0,0,0,0,0,0,0,0,0,3860,TCGA-EW-A1PB-DX1_xmin57214_ymin25940_MPP-0.2500+58
0,0,0,0,0,0,35394,4893,0,0,0,1331,1944,0,0,0,0,0,0,0,0,0,0,0,6614,0,0,0,0,0,0,36086,4201,0,0,0,1365,1910,0,0,0,0,0,0,0,0,0,0,0,6614,0,0,0,0,0,0,34813,5474,0,0,0,1305,1970,0,0,0,0,0,0,0,0,0,0,0,6614,TCGA-EW-A1PB-DX1_xmin57214_ymin25940_MPP-0.2500+59
0,0,0,0,0,0,38581,0,0,0,0,11595,0,0,0,0,0,0,0,0,0,0,0,0,0,0,0,0,0,0,0,38581,0,0,0,0,11595,0,0,0,0,0,0,0,0,0,0,0,0,0,0,0,0,0,0,0,38581,0,0,0,0,11595,0,0,0,0,0,0,0,0,0,0,0,0,0,TCGA-EW-A1PB-DX1_xmin57214_ymin25940_MPP-0.2500+6
9997,4962,0,0,0,5042,30175,0,0,0,0,0,0,0,0,0,0,0,0,0,0,0,0,0,0,9826,5133,0,0,0,5195,30022,0,0,0,0,0,0,0,0,0,0,0,0,0,0,0,0,0,0,10418,4541,0,0,0,7398,27819,0,0,0,0,0,0,0,0,0,0,0,0,0,0,0,0,0,0,TCGA-EW-A1PB-DX1_xmin57214_ymin25940_MPP-0.2500+60
37524,7274,0,0,0,4835,543,0,0,0,0,0,0,0,0,0,0,0,0,0,0,0,0,0,0,37599,7199,0,0,0,4819,559,0,0,0,0,0,0,0,0,0,0,0,0,0,0,0,0,0,0,37753,7045,0,0,0,4950,428,0,0,0,0,0,0,0,0,0,0,0,0,0,0,0,0,0,0,TCGA-EW-A1PB-DX1_xmin57214_ymin25940_MPP-0.2500+61
45629,0,0,0,0,4547,0,0,0,0,0,0,0,0,0,0,0,0,0,0,0,0,0,0,0,45629,0,0,0,0,4547,0,0,0,0,0,0,0,0,0,0,0,0,0,0,0,0,0,0,0,45629,0,0,0,0,4547,0,0,0,0,0,0,0,0,0,0,0,0,0,0,0,0,0,0,0,TCGA-EW-A1PB-DX1_xmin57214_ymin25940_MPP-0.2500+62
47375,0,0,0,0,2801,0,0,0,0,0,0,0,0,0,0,0,0,0,0,0,0,0,0,0,47375,0,0,0,0,2801,0,0,0,0,0,0,0,0,0,0,0,0,0,0,0,0,0,0,0,47375,0,0,0,0,2801,0,0,0,0,0,0,0,0,0,0,0,0,0,0,0,0,0,0,0,TCGA-EW-A1PB-DX1_xmin57214_ymin25940_MPP-0.2500+63
41272,0,0,0,0,8904,0,0,0,0,0,0,0,0,0,0,0,0,0,0,0,0,0,0,0,41272,0,0,0,0,8904,0,0,0,0,0,0,0,0,0,0,0,0,0,0,0,0,0,0,0,41272,0,0,0,0,8904,0,0,0,0,0,0,0,0,0,0,0,0,0,0,0,0,0,0,0,TCGA-EW-A1PB-DX1_xmin57214_ymin25940_MPP-0.2500+64
30552,0,0,0,0,19624,0,0,0,0,0,0,0,0,0,0,0,0,0,0,0,0,0,0,0,30552,0,0,0,0,19624,0,0,0,0,0,0,0,0,0,0,0,0,0,0,0,0,0,0,0,30552,0,0,0,0,19624,0,0,0,0,0,0,0,0,0,0,0,0,0,0,0,0,0,0,0,TCGA-EW-A1PB-DX1_xmin57214_ymin25940_MPP-0.2500+65
0,0,0,0,0,0,26814,367,0,0,0,6448,9085,0,0,0,0,0,0,0,0,0,0,0,7462,0,0,0,0,0,0,26911,270,0,0,0,6686,8847,0,0,0,0,0,0,0,0,0,0,0,7462,0,0,0,0,0,0,26858,323,0,0,0,6638,8895,0,0,0,0,0,0,0,0,0,0,0,7462,TCGA-EW-A1PB-DX1_xmin57214_ymin25940_MPP-0.2500+66
0,0,0,0,0,0,1316,9,0,0,0,10115,38051,0,0,0,0,0,0,0,0,0,0,0,685,0,0,0,0,0,0,1316,9,0,0,0,10011,38155,0,0,0,0,0,0,0,0,0,0,0,685,0,0,0,0,0,0,1317,8,0,0,0,8639,39527,0,0,0,0,0,0,0,0,0,0,0,685,TCGA-EW-A1PB-DX1_xmin57214_ymin25940_MPP-0.2500+67
0,0,0,0,0,0,0,104,0,0,0,0,50072,0,0,0,0,0,0,0,0,0,0,0,0,0,0,0,0,0,0,0,104,0,0,0,0,50072,0,0,0,0,0,0,0,0,0,0,0,0,0,0,0,0,0,0,0,104,0,0,0,0,50072,0,0,0,0,0,0,0,0,0,0,0,0,TCGA-EW-A1PB-DX1_xmin57214_ymin25940_MPP-0.2500+68
0,0,0,0,0,0,0,7411,0,0,16,0,42749,0,0,0,0,0,0,0,0,0,0,0,0,0,0,0,0,0,0,0,7411,0,0,0,0,42765,0,0,0,0,0,0,0,0,0,0,0,0,0,0,0,0,0,0,0,7411,0,0,16,0,42749,0,0,0,0,0,0,0,0,0,0,0,0,TCGA-EW-A1PB-DX1_xmin57214_ymin25940_MPP-0.2500+69
0,0,0,0,0,0,21942,0,0,0,0,27990,0,0,0,0,0,0,0,0,0,0,0,0,244,0,0,0,0,0,0,21942,0,0,0,0,27990,0,0,0,0,0,0,0,0,0,0,0,0,244,0,0,0,0,0,0,21942,0,0,0,0,27990,0,0,0,0,0,0,0,0,0,0,0,0,244,TCGA-EW-A1PB-DX1_xmin57214_ymin25940_MPP-0.2500+7
0,0,0,0,0,0,0,0,0,0,0,0,50176,0,0,0,0,0,0,0,0,0,0,0,0,0,0,0,0,0,0,0,0,0,0,0,0,50176,0,0,0,0,0,0,0,0,0,0,0,0,0,0,0,0,0,0,0,0,0,0,0,0,50176,0,0,0,0,0,0,0,0,0,0,0,0,TCGA-EW-A1PB-DX1_xmin57214_ymin25940_MPP-0.2500+70
0,0,0,0,0,0,0,3098,0,0,0,0,47078,0,0,0,0,0,0,0,0,0,0,0,0,0,0,0,0,0,0,0,3098,0,0,0,0,47078,0,0,0,0,0,0,0,0,0,0,0,0,0,0,0,0,0,0,0,3098,0,0,0,0,47078,0,0,0,0,0,0,0,0,0,0,0,0,TCGA-EW-A1PB-DX1_xmin57214_ymin25940_MPP-0.2500+71
0,0,0,0,0,0,11918,37,0,0,0,6548,31673,0,0,0,0,0,0,0,0,0,0,0,0,0,0,0,0,0,0,11917,38,0,0,0,5889,32332,0,0,0,0,0,0,0,0,0,0,0,0,0,0,0,0,0,0,11933,22,0,0,0,6757,31464,0,0,0,0,0,0,0,0,0,0,0,0,TCGA-EW-A1PB-DX1_xmin57214_ymin25940_MPP-0.2500+72
0,0,0,0,0,0,25432,0,0,0,0,3160,0,0,0,0,0,0,0,0,0,0,0,0,21584,0,0,0,0,0,0,25432,0,0,0,0,3160,0,0,0,0,0,0,0,0,0,0,0,0,21584,0,0,0,0,0,0,25432,0,0,0,0,3160,0,0,0,0,0,0,0,0,0,0,0,0,21584,TCGA-EW-A1PB-DX1_xmin57214_ymin25940_MPP-0.2500+73
0,0,0,0,0,0,30236,627,0,0,0,7109,8206,0,0,0,0,0,0,0,0,0,0,0,3998,0,0,0,0,0,0,30720,143,0,0,0,7360,7955,0,0,0,0,0,0,0,0,0,0,0,3998,0,0,0,0,0,0,30606,257,0,0,0,7559,7756,0,0,0,0,0,0,0,0,0,0,0,3998,TCGA-EW-A1PB-DX1_xmin57214_ymin25940_MPP-0.2500+74
15911,0,0,0,0,34265,0,0,0,0,0,0,0,0,0,0,0,0,0,0,0,0,0,0,0,15911,0,0,0,0,34265,0,0,0,0,0,0,0,0,0,0,0,0,0,0,0,0,0,0,0,15911,0,0,0,0,34265,0,0,0,0,0,0,0,0,0,0,0,0,0,0,0,0,0,0,0,TCGA-EW-A1PB-DX1_xmin57214_ymin25940_MPP-0.2500+75
46835,0,0,0,0,3341,0,0,0,0,0,0,0,0,0,0,0,0,0,0,0,0,0,0,0,46835,0,0,0,0,3341,0,0,0,0,0,0,0,0,0,0,0,0,0,0,0,0,0,0,0,46835,0,0,0,0,3341,0,0,0,0,0,0,0,0,0,0,0,0,0,0,0,0,0,0,0,TCGA-EW-A1PB-DX1_xmin57214_ymin25940_MPP-0.2500+76
39169,0,0,0,0,11007,0,0,0,0,0,0,0,0,0,0,0,0,0,0,0,0,0,0,0,39169,0,0,0,0,11007,0,0,0,0,0,0,0,0,0,0,0,0,0,0,0,0,0,0,0,39169,0,0,0,0,11007,0,0,0,0,0,0,0,0,0,0,0,0,0,0,0,0,0,0,0,TCGA-EW-A1PB-DX1_xmin57214_ymin25940_MPP-0.2500+77
44585,0,0,0,0,5591,0,0,0,0,0,0,0,0,0,0,0,0,0,0,0,0,0,0,0,44585,0,0,0,0,5591,0,0,0,0,0,0,0,0,0,0,0,0,0,0,0,0,0,0,0,44585,0,0,0,0,5591,0,0,0,0,0,0,0,0,0,0,0,0,0,0,0,0,0,0,0,TCGA-EW-A1PB-DX1_xmin57214_ymin25940_MPP-0.2500+78
45892,0,0,0,0,4284,0,0,0,0,0,0,0,0,0,0,0,0,0,0,0,0,0,0,0,45892,0,0,0,0,4284,0,0,0,0,0,0,0,0,0,0,0,0,0,0,0,0,0,0,0,45892,0,0,0,0,4284,0,0,0,0,0,0,0,0,0,0,0,0,0,0,0,0,0,0,0,TCGA-EW-A1PB-DX1_xmin57214_ymin25940_MPP-0.2500+79
0,0,0,0,0,64,40187,0,0,0,0,8310,0,0,0,0,0,0,0,0,0,0,0,0,1615,0,0,0,0,0,0,40251,0,0,0,0,8310,0,0,0,0,0,0,0,0,0,0,0,0,1615,0,0,0,0,0,0,40251,0,0,0,0,8310,0,0,0,0,0,0,0,0,0,0,0,0,1615,TCGA-EW-A1PB-DX1_xmin57214_ymin25940_MPP-0.2500+8
38658,0,0,0,0,11518,0,0,0,0,0,0,0,0,0,0,0,0,0,0,0,0,0,0,0,38658,0,0,0,0,11518,0,0,0,0,0,0,0,0,0,0,0,0,0,0,0,0,0,0,0,38658,0,0,0,0,11518,0,0,0,0,0,0,0,0,0,0,0,0,0,0,0,0,0,0,0,TCGA-EW-A1PB-DX1_xmin57214_ymin25940_MPP-0.2500+80
0,0,0,0,0,0,31994,606,0,0,0,6996,10580,0,0,0,0,0,0,0,0,0,0,0,0,0,0,0,0,0,0,32018,582,0,0,0,7060,10516,0,0,0,0,0,0,0,0,0,0,0,0,0,0,0,0,0,0,31972,628,0,0,0,6854,10722,0,0,0,0,0,0,0,0,0,0,0,0,TCGA-EW-A1PB-DX1_xmin57214_ymin25940_MPP-0.2500+81
0,0,0,0,0,0,0,0,0,0,0,0,50176,0,0,0,0,0,0,0,0,0,0,0,0,0,0,0,0,0,0,0,0,0,0,0,0,50176,0,0,0,0,0,0,0,0,0,0,0,0,0,0,0,0,0,0,0,0,0,0,0,0,50176,0,0,0,0,0,0,0,0,0,0,0,0,TCGA-EW-A1PB-DX1_xmin57214_ymin25940_MPP-0.2500+82
0,0,0,0,0,336,0,10313,0,0,0,0,39527,0,0,0,0,0,0,0,0,0,0,0,0,0,0,0,0,0,128,0,10521,0,0,0,0,39527,0,0,0,0,0,0,0,0,0,0,0,0,0,0,0,0,0,272,0,10377,0,0,0,0,39527,0,0,0,0,0,0,0,0,0,0,0,0,TCGA-EW-A1PB-DX1_xmin57214_ymin25940_MPP-0.2500+83
0,0,0,0,0,0,0,13050,0,0,0,0,37126,0,0,0,0,0,0,0,0,0,0,0,0,0,0,0,0,0,0,0,13050,0,0,0,0,37126,0,0,0,0,0,0,0,0,0,0,0,0,0,0,0,0,0,0,0,13050,0,0,0,0,37126,0,0,0,0,0,0,0,0,0,0,0,0,TCGA-EW-A1PB-DX1_xmin57214_ymin25940_MPP-0.2500+84
0,0,0,0,0,0,0,4438,0,0,0,0,45738,0,0,0,0,0,0,0,0,0,0,0,0,0,0,0,0,0,0,0,4438,0,0,0,0,45738,0,0,0,0,0,0,0,0,0,0,0,0,0,0,0,0,0,0,0,4438,0,0,0,0,45738,0,0,0,0,0,0,0,0,0,0,0,0,TCGA-EW-A1PB-DX1_xmin57214_ymin25940_MPP-0.2500+85
0,0,0,0,0,0,0,3003,0,0,0,0,47173,0,0,0,0,0,0,0,0,0,0,0,0,0,0,0,0,0,0,0,3003,0,0,0,0,47173,0,0,0,0,0,0,0,0,0,0,0,0,0,0,0,0,0,0,0,3003,0,0,0,0,47173,0,0,0,0,0,0,0,0,0,0,0,0,TCGA-EW-A1PB-DX1_xmin57214_ymin25940_MPP-0.2500+86
0,0,0,0,0,0,12361,126,0,0,0,21381,16308,0,0,0,0,0,0,0,0,0,0,0,0,0,0,0,0,0,0,12355,132,0,0,0,20244,17445,0,0,0,0,0,0,0,0,0,0,0,0,0,0,0,0,0,0,12366,121,0,0,0,21335,16354,0,0,0,0,0,0,0,0,0,0,0,0,TCGA-EW-A1PB-DX1_xmin57214_ymin25940_MPP-0.2500+87
0,0,0,0,0,0,21729,281,0,0,0,20452,7714,0,0,0,0,0,0,0,0,0,0,0,0,0,0,0,0,0,0,21704,306,0,0,0,19630,8536,0,0,0,0,0,0,0,0,0,0,0,0,0,0,0,0,0,0,21769,241,0,0,0,21216,6950,0,0,0,0,0,0,0,0,0,0,0,0,TCGA-EW-A1PB-DX1_xmin57214_ymin25940_MPP-0.2500+88
0,0,0,0,0,5641,20020,0,0,0,644,21517,0,0,0,0,0,0,0,0,0,0,0,0,2354,0,0,0,0,0,5816,19845,0,0,0,1423,20738,0,0,0,0,0,0,0,0,0,0,0,0,2354,0,0,0,0,0,5624,20037,0,0,0,460,21701,0,0,0,0,0,0,0,0,0,0,0,0,2354,TCGA-EW-A1PB-DX1_xmin57214_ymin25940_MPP-0.2500+89
0,0,0,0,0,0,31919,351,0,0,0,4177,10252,0,0,0,0,0,0,0,0,0,0,0,3477,0,0,0,0,0,0,31955,315,0,0,0,4460,9969,0,0,0,0,0,0,0,0,0,0,0,3477,0,0,0,0,0,0,31957,313,0,0,0,4536,9893,0,0,0,0,0,0,0,0,0,0,0,3477,TCGA-EW-A1PB-DX1_xmin57214_ymin25940_MPP-0.2500+9
224,4982,0,0,0,0,44970,0,0,0,0,0,0,0,0,0,0,0,0,0,0,0,0,0,0,0,5206,0,0,0,0,44970,0,0,0,0,0,0,0,0,0,0,0,0,0,0,0,0,0,0,466,4740,0,0,0,654,44316,0,0,0,0,0,0,0,0,0,0,0,0,0,0,0,0,0,0,TCGA-EW-A1PB-DX1_xmin57214_ymin25940_MPP-0.2500+90
24439,5062,0,0,0,3009,17666,0,0,0,0,0,0,0,0,0,0,0,0,0,0,0,0,0,0,24422,5079,0,0,0,2989,17686,0,0,0,0,0,0,0,0,0,0,0,0,0,0,0,0,0,0,24885,4616,0,0,0,3242,17433,0,0,0,0,0,0,0,0,0,0,0,0,0,0,0,0,0,0,TCGA-EW-A1PB-DX1_xmin57214_ymin25940_MPP-0.2500+91
41528,0,0,0,0,8648,0,0,0,0,0,0,0,0,0,0,0,0,0,0,0,0,0,0,0,41528,0,0,0,0,8648,0,0,0,0,0,0,0,0,0,0,0,0,0,0,0,0,0,0,0,41528,0,0,0,0,8648,0,0,0,0,0,0,0,0,0,0,0,0,0,0,0,0,0,0,0,TCGA-EW-A1PB-DX1_xmin57214_ymin25940_MPP-0.2500+92
44736,0,0,0,0,5440,0,0,0,0,0,0,0,0,0,0,0,0,0,0,0,0,0,0,0,44736,0,0,0,0,5440,0,0,0,0,0,0,0,0,0,0,0,0,0,0,0,0,0,0,0,44736,0,0,0,0,5440,0,0,0,0,0,0,0,0,0,0,0,0,0,0,0,0,0,0,0,TCGA-EW-A1PB-DX1_xmin57214_ymin25940_MPP-0.2500+93
46311,0,0,0,0,3865,0,0,0,0,0,0,0,0,0,0,0,0,0,0,0,0,0,0,0,46311,0,0,0,0,3865,0,0,0,0,0,0,0,0,0,0,0,0,0,0,0,0,0,0,0,46311,0,0,0,0,3865,0,0,0,0,0,0,0,0,0,0,0,0,0,0,0,0,0,0,0,TCGA-EW-A1PB-DX1_xmin57214_ymin25940_MPP-0.2500+94
48679,0,0,0,0,1497,0,0,0,0,0,0,0,0,0,0,0,0,0,0,0,0,0,0,0,48679,0,0,0,0,1497,0,0,0,0,0,0,0,0,0,0,0,0,0,0,0,0,0,0,0,48679,0,0,0,0,1497,0,0,0,0,0,0,0,0,0,0,0,0,0,0,0,0,0,0,0,TCGA-EW-A1PB-DX1_xmin57214_ymin25940_MPP-0.2500+95
0,0,0,0,0,0,9729,563,0,0,0,6513,33371,0,0,0,0,0,0,0,0,0,0,0,0,0,0,0,0,0,0,9768,524,0,0,0,6479,33405,0,0,0,0,0,0,0,0,0,0,0,0,0,0,0,0,0,0,9620,672,0,0,0,6852,33032,0,0,0,0,0,0,0,0,0,0,0,0,TCGA-EW-A1PB-DX1_xmin57214_ymin25940_MPP-0.2500+96
0,0,0,0,0,0,0,2353,0,0,0,0,47823,0,0,0,0,0,0,0,0,0,0,0,0,0,0,0,0,0,0,0,2353,0,0,0,0,47823,0,0,0,0,0,0,0,0,0,0,0,0,0,0,0,0,0,0,0,2353,0,0,1,0,47822,0,0,0,0,0,0,0,0,0,0,0,0,TCGA-EW-A1PB-DX1_xmin57214_ymin25940_MPP-0.2500+97
0,0,0,0,0,0,30689,9214,0,0,0,565,6729,0,0,0,0,0,0,0,0,0,0,0,2979,0,0,0,0,0,0,30586,9317,0,0,0,571,6723,0,0,0,0,0,0,0,0,0,0,0,2979,0,0,0,0,0,0,30977,8926,0,0,0,618,6676,0,0,0,0,0,0,0,0,0,0,0,2979,TCGA-EW-A1PB-DX1_xmin57214_ymin25940_MPP-0.2500+98
0,0,0,0,0,0,20549,2238,0,0,0,831,3562,0,0,0,0,0,0,0,0,0,0,0,22996,0,0,0,0,0,0,19745,3042,0,0,0,628,3765,0,0,0,0,0,0,0,0,0,0,0,22996,0,0,0,0,0,0,20536,2251,0,0,0,849,3544,0,0,0,0,0,0,0,0,0,0,0,22996,TCGA-EW-A1PB-DX1_xmin57214_ymin25940_MPP-0.2500+99
0,0,0,0,0,0,50176,0,0,0,0,0,0,0,0,0,0,0,0,0,0,0,0,0,0,0,0,0,0,0,0,50176,0,0,0,0,0,0,0,0,0,0,0,0,0,0,0,0,0,0,0,0,0,0,0,0,50176,0,0,0,0,0,0,0,0,0,0,0,0,0,0,0,0,0,0,TCGA-EW-A1PH-DX1_xmin3455_ymin52049_MPP-0.2500+0
0,0,0,0,0,0,50176,0,0,0,0,0,0,0,0,0,0,0,0,0,0,0,0,0,0,0,0,0,0,0,0,50176,0,0,0,0,0,0,0,0,0,0,0,0,0,0,0,0,0,0,0,0,0,0,0,0,50176,0,0,0,0,0,0,0,0,0,0,0,0,0,0,0,0,0,0,TCGA-EW-A1PH-DX1_xmin3455_ymin52049_MPP-0.2500+1
0,0,0,0,0,0,50176,0,0,0,0,0,0,0,0,0,0,0,0,0,0,0,0,0,0,0,0,0,0,0,0,50176,0,0,0,0,0,0,0,0,0,0,0,0,0,0,0,0,0,0,0,0,0,0,0,0,50176,0,0,0,0,0,0,0,0,0,0,0,0,0,0,0,0,0,0,TCGA-EW-A1PH-DX1_xmin3455_ymin52049_MPP-0.2500+10
27281,10438,0,0,0,2005,10452,0,0,0,0,0,0,0,0,0,0,0,0,0,0,0,0,0,0,27549,10170,0,0,0,2065,10392,0,0,0,0,0,0,0,0,0,0,0,0,0,0,0,0,0,0,27391,10328,0,0,0,2322,10135,0,0,0,0,0,0,0,0,0,0,0,0,0,0,0,0,0,0,TCGA-EW-A1PH-DX1_xmin3455_ymin52049_MPP-0.2500+100
0,10127,0,0,0,0,36858,0,0,0,0,3191,0,0,0,0,0,0,0,0,0,0,0,0,0,0,10127,0,0,0,0,36858,0,0,0,0,3191,0,0,0,0,0,0,0,0,0,0,0,0,0,0,10127,0,0,0,0,36858,0,0,0,0,3191,0,0,0,0,0,0,0,0,0,0,0,0,0,TCGA-EW-A1PH-DX1_xmin3455_ymin52049_MPP-0.2500+101
50176,0,0,0,0,0,0,0,0,0,0,0,0,0,0,0,0,0,0,0,0,0,0,0,0,50176,0,0,0,0,0,0,0,0,0,0,0,0,0,0,0,0,0,0,0,0,0,0,0,0,50176,0,0,0,0,0,0,0,0,0,0,0,0,0,0,0,0,0,0,0,0,0,0,0,0,TCGA-EW-A1PH-DX1_xmin3455_ymin52049_MPP-0.2500+102
50176,0,0,0,0,0,0,0,0,0,0,0,0,0,0,0,0,0,0,0,0,0,0,0,0,50176,0,0,0,0,0,0,0,0,0,0,0,0,0,0,0,0,0,0,0,0,0,0,0,0,50176,0,0,0,0,0,0,0,0,0,0,0,0,0,0,0,0,0,0,0,0,0,0,0,0,TCGA-EW-A1PH-DX1_xmin3455_ymin52049_MPP-0.2500+103
50176,0,0,0,0,0,0,0,0,0,0,0,0,0,0,0,0,0,0,0,0,0,0,0,0,50176,0,0,0,0,0,0,0,0,0,0,0,0,0,0,0,0,0,0,0,0,0,0,0,0,50176,0,0,0,0,0,0,0,0,0,0,0,0,0,0,0,0,0,0,0,0,0,0,0,0,TCGA-EW-A1PH-DX1_xmin3455_ymin52049_MPP-0.2500+104
50176,0,0,0,0,0,0,0,0,0,0,0,0,0,0,0,0,0,0,0,0,0,0,0,0,50176,0,0,0,0,0,0,0,0,0,0,0,0,0,0,0,0,0,0,0,0,0,0,0,0,50176,0,0,0,0,0,0,0,0,0,0,0,0,0,0,0,0,0,0,0,0,0,0,0,0,TCGA-EW-A1PH-DX1_xmin3455_ymin52049_MPP-0.2500+105
50176,0,0,0,0,0,0,0,0,0,0,0,0,0,0,0,0,0,0,0,0,0,0,0,0,50176,0,0,0,0,0,0,0,0,0,0,0,0,0,0,0,0,0,0,0,0,0,0,0,0,50176,0,0,0,0,0,0,0,0,0,0,0,0,0,0,0,0,0,0,0,0,0,0,0,0,TCGA-EW-A1PH-DX1_xmin3455_ymin52049_MPP-0.2500+106
50176,0,0,0,0,0,0,0,0,0,0,0,0,0,0,0,0,0,0,0,0,0,0,0,0,50176,0,0,0,0,0,0,0,0,0,0,0,0,0,0,0,0,0,0,0,0,0,0,0,0,50176,0,0,0,0,0,0,0,0,0,0,0,0,0,0,0,0,0,0,0,0,0,0,0,0,TCGA-EW-A1PH-DX1_xmin3455_ymin52049_MPP-0.2500+107
42262,7775,0,0,0,0,139,0,0,0,0,0,0,0,0,0,0,0,0,0,0,0,0,0,0,42813,7224,0,0,0,0,139,0,0,0,0,0,0,0,0,0,0,0,0,0,0,0,0,0,0,42473,7564,0,0,0,0,139,0,0,0,0,0,0,0,0,0,0,0,0,0,0,0,0,0,0,TCGA-EW-A1PH-DX1_xmin3455_ymin52049_MPP-0.2500+108
32901,8673,0,0,0,1261,7341,0,0,0,0,0,0,0,0,0,0,0,0,0,0,0,0,0,0,33588,7986,0,0,0,1400,7202,0,0,0,0,0,0,0,0,0,0,0,0,0,0,0,0,0,0,33022,8552,0,0,0,1000,7602,0,0,0,0,0,0,0,0,0,0,0,0,0,0,0,0,0,0,TCGA-EW-A1PH-DX1_xmin3455_ymin52049_MPP-0.2500+109
0,0,0,0,0,0,50176,0,0,0,0,0,0,0,0,0,0,0,0,0,0,0,0,0,0,0,0,0,0,0,0,50176,0,0,0,0,0,0,0,0,0,0,0,0,0,0,0,0,0,0,0,0,0,0,0,0,50176,0,0,0,0,0,0,0,0,0,0,0,0,0,0,0,0,0,0,TCGA-EW-A1PH-DX1_xmin3455_ymin52049_MPP-0.2500+11
24636,14235,0,0,0,1328,9977,0,0,0,0,0,0,0,0,0,0,0,0,0,0,0,0,0,0,25292,13579,0,0,0,1653,9652,0,0,0,0,0,0,0,0,0,0,0,0,0,0,0,0,0,0,25531,13340,0,0,0,1720,9585,0,0,0,0,0,0,0,0,0,0,0,0,0,0,0,0,0,0,TCGA-EW-A1PH-DX1_xmin3455_ymin52049_MPP-0.2500+110
14359,6412,0,0,0,0,29405,0,0,0,0,0,0,0,0,0,0,0,0,0,0,0,0,0,0,14631,6140,0,0,0,0,29405,0,0,0,0,0,0,0,0,0,0,0,0,0,0,0,0,0,0,14509,6262,0,0,0,0,29405,0,0,0,0,0,0,0,0,0,0,0,0,0,0,0,0,0,0,TCGA-EW-A1PH-DX1_xmin3455_ymin52049_MPP-0.2500+111
43981,0,0,0,0,6195,0,0,0,0,0,0,0,0,0,0,0,0,0,0,0,0,0,0,0,43981,0,0,0,0,6195,0,0,0,0,0,0,0,0,0,0,0,0,0,0,0,0,0,0,0,43981,0,0,0,0,6195,0,0,0,0,0,0,0,0,0,0,0,0,0,0,0,0,0,0,0,TCGA-EW-A1PH-DX1_xmin3455_ymin52049_MPP-0.2500+112
50176,0,0,0,0,0,0,0,0,0,0,0,0,0,0,0,0,0,0,0,0,0,0,0,0,50176,0,0,0,0,0,0,0,0,0,0,0,0,0,0,0,0,0,0,0,0,0,0,0,0,50176,0,0,0,0,0,0,0,0,0,0,0,0,0,0,0,0,0,0,0,0,0,0,0,0,TCGA-EW-A1PH-DX1_xmin3455_ymin52049_MPP-0.2500+113
7615,1831,0,0,0,19280,21450,0,0,0,0,0,0,0,0,0,0,0,0,0,0,0,0,0,0,7733,1713,0,0,0,19620,21110,0,0,0,0,0,0,0,0,0,0,0,0,0,0,0,0,0,0,7601,1845,0,0,0,20687,20043,0,0,0,0,0,0,0,0,0,0,0,0,0,0,0,0,0,0,TCGA-EW-A1PH-DX1_xmin3455_ymin52049_MPP-0.2500+114
35037,9305,0,0,0,0,5834,0,0,0,0,0,0,0,0,0,0,0,0,0,0,0,0,0,0,35497,8845,0,0,0,0,5834,0,0,0,0,0,0,0,0,0,0,0,0,0,0,0,0,0,0,35045,9297,0,0,0,0,5834,0,0,0,0,0,0,0,0,0,0,0,0,0,0,0,0,0,0,TCGA-EW-A1PH-DX1_xmin3455_ymin52049_MPP-0.2500+115
50176,0,0,0,0,0,0,0,0,0,0,0,0,0,0,0,0,0,0,0,0,0,0,0,0,50176,0,0,0,0,0,0,0,0,0,0,0,0,0,0,0,0,0,0,0,0,0,0,0,0,50176,0,0,0,0,0,0,0,0,0,0,0,0,0,0,0,0,0,0,0,0,0,0,0,0,TCGA-EW-A1PH-DX1_xmin3455_ymin52049_MPP-0.2500+116
48466,0,0,0,0,0,0,0,0,0,0,0,0,0,0,0,0,0,0,0,0,0,0,0,1710,48466,0,0,0,0,0,0,0,0,0,0,0,0,0,0,0,0,0,0,0,0,0,0,0,1710,48466,0,0,0,0,0,0,0,0,0,0,0,0,0,0,0,0,0,0,0,0,0,0,0,1710,TCGA-EW-A1PH-DX1_xmin3455_ymin52049_MPP-0.2500+117
50176,0,0,0,0,0,0,0,0,0,0,0,0,0,0,0,0,0,0,0,0,0,0,0,0,50176,0,0,0,0,0,0,0,0,0,0,0,0,0,0,0,0,0,0,0,0,0,0,0,0,50176,0,0,0,0,0,0,0,0,0,0,0,0,0,0,0,0,0,0,0,0,0,0,0,0,TCGA-EW-A1PH-DX1_xmin3455_ymin52049_MPP-0.2500+118
46128,0,0,0,0,4048,0,0,0,0,0,0,0,0,0,0,0,0,0,0,0,0,0,0,0,46128,0,0,0,0,4048,0,0,0,0,0,0,0,0,0,0,0,0,0,0,0,0,0,0,0,46128,0,0,0,0,4048,0,0,0,0,0,0,0,0,0,0,0,0,0,0,0,0,0,0,0,TCGA-EW-A1PH-DX1_xmin3455_ymin52049_MPP-0.2500+119
0,0,0,0,0,0,50176,0,0,0,0,0,0,0,0,0,0,0,0,0,0,0,0,0,0,0,0,0,0,0,0,50176,0,0,0,0,0,0,0,0,0,0,0,0,0,0,0,0,0,0,0,0,0,0,0,0,50176,0,0,0,0,0,0,0,0,0,0,0,0,0,0,0,0,0,0,TCGA-EW-A1PH-DX1_xmin3455_ymin52049_MPP-0.2500+12
49096,0,0,0,0,1080,0,0,0,0,0,0,0,0,0,0,0,0,0,0,0,0,0,0,0,49096,0,0,0,0,1080,0,0,0,0,0,0,0,0,0,0,0,0,0,0,0,0,0,0,0,49096,0,0,0,0,1080,0,0,0,0,0,0,0,0,0,0,0,0,0,0,0,0,0,0,0,TCGA-EW-A1PH-DX1_xmin3455_ymin52049_MPP-0.2500+120
50176,0,0,0,0,0,0,0,0,0,0,0,0,0,0,0,0,0,0,0,0,0,0,0,0,50176,0,0,0,0,0,0,0,0,0,0,0,0,0,0,0,0,0,0,0,0,0,0,0,0,50176,0,0,0,0,0,0,0,0,0,0,0,0,0,0,0,0,0,0,0,0,0,0,0,0,TCGA-EW-A1PH-DX1_xmin3455_ymin52049_MPP-0.2500+121
50176,0,0,0,0,0,0,0,0,0,0,0,0,0,0,0,0,0,0,0,0,0,0,0,0,50176,0,0,0,0,0,0,0,0,0,0,0,0,0,0,0,0,0,0,0,0,0,0,0,0,50176,0,0,0,0,0,0,0,0,0,0,0,0,0,0,0,0,0,0,0,0,0,0,0,0,TCGA-EW-A1PH-DX1_xmin3455_ymin52049_MPP-0.2500+122
31335,17435,0,0,0,728,678,0,0,0,0,0,0,0,0,0,0,0,0,0,0,0,0,0,0,31595,17175,0,0,0,754,652,0,0,0,0,0,0,0,0,0,0,0,0,0,0,0,0,0,0,31964,16806,0,0,0,754,652,0,0,0,0,0,0,0,0,0,0,0,0,0,0,0,0,0,0,TCGA-EW-A1PH-DX1_xmin3455_ymin52049_MPP-0.2500+123
23563,15072,0,0,0,644,10897,0,0,0,0,0,0,0,0,0,0,0,0,0,0,0,0,0,0,24229,14406,0,0,0,726,10815,0,0,0,0,0,0,0,0,0,0,0,0,0,0,0,0,0,0,23681,14954,0,0,0,553,10988,0,0,0,0,0,0,0,0,0,0,0,0,0,0,0,0,0,0,TCGA-EW-A1PH-DX1_xmin3455_ymin52049_MPP-0.2500+124
49827,0,0,0,0,349,0,0,0,0,0,0,0,0,0,0,0,0,0,0,0,0,0,0,0,49827,0,0,0,0,349,0,0,0,0,0,0,0,0,0,0,0,0,0,0,0,0,0,0,0,49827,0,0,0,0,349,0,0,0,0,0,0,0,0,0,0,0,0,0,0,0,0,0,0,0,TCGA-EW-A1PH-DX1_xmin3455_ymin52049_MPP-0.2500+125
50176,0,0,0,0,0,0,0,0,0,0,0,0,0,0,0,0,0,0,0,0,0,0,0,0,50176,0,0,0,0,0,0,0,0,0,0,0,0,0,0,0,0,0,0,0,0,0,0,0,0,50176,0,0,0,0,0,0,0,0,0,0,0,0,0,0,0,0,0,0,0,0,0,0,0,0,TCGA-EW-A1PH-DX1_xmin3455_ymin52049_MPP-0.2500+126
25631,5500,0,0,0,675,18370,0,0,0,0,0,0,0,0,0,0,0,0,0,0,0,0,0,0,25731,5400,0,0,0,771,18274,0,0,0,0,0,0,0,0,0,0,0,0,0,0,0,0,0,0,25423,5708,0,0,0,674,18371,0,0,0,0,0,0,0,0,0,0,0,0,0,0,0,0,0,0,TCGA-EW-A1PH-DX1_xmin3455_ymin52049_MPP-0.2500+127
10858,6257,0,0,0,2646,30415,0,0,0,0,0,0,0,0,0,0,0,0,0,0,0,0,0,0,11386,5729,0,0,0,3189,29872,0,0,0,0,0,0,0,0,0,0,0,0,0,0,0,0,0,0,11669,5446,0,0,0,3288,29773,0,0,0,0,0,0,0,0,0,0,0,0,0,0,0,0,0,0,TCGA-EW-A1PH-DX1_xmin3455_ymin52049_MPP-0.2500+128
29454,5559,0,0,0,2129,13034,0,0,0,0,0,0,0,0,0,0,0,0,0,0,0,0,0,0,29681,5332,0,0,0,2428,12735,0,0,0,0,0,0,0,0,0,0,0,0,0,0,0,0,0,0,29308,5705,0,0,0,2469,12694,0,0,0,0,0,0,0,0,0,0,0,0,0,0,0,0,0,0,TCGA-EW-A1PH-DX1_xmin3455_ymin52049_MPP-0.2500+129
0,0,0,0,0,0,50176,0,0,0,0,0,0,0,0,0,0,0,0,0,0,0,0,0,0,0,0,0,0,0,0,50176,0,0,0,0,0,0,0,0,0,0,0,0,0,0,0,0,0,0,0,0,0,0,0,0,50176,0,0,0,0,0,0,0,0,0,0,0,0,0,0,0,0,0,0,TCGA-EW-A1PH-DX1_xmin3455_ymin52049_MPP-0.2500+13
26051,20112,0,0,0,277,3736,0,0,0,0,0,0,0,0,0,0,0,0,0,0,0,0,0,0,26625,19538,0,0,0,342,3671,0,0,0,0,0,0,0,0,0,0,0,0,0,0,0,0,0,0,27195,18968,0,0,0,211,3802,0,0,0,0,0,0,0,0,0,0,0,0,0,0,0,0,0,0,TCGA-EW-A1PH-DX1_xmin3455_ymin52049_MPP-0.2500+130
49693,0,0,0,0,483,0,0,0,0,0,0,0,0,0,0,0,0,0,0,0,0,0,0,0,49693,0,0,0,0,483,0,0,0,0,0,0,0,0,0,0,0,0,0,0,0,0,0,0,0,49693,0,0,0,0,483,0,0,0,0,0,0,0,0,0,0,0,0,0,0,0,0,0,0,0,TCGA-EW-A1PH-DX1_xmin3455_ymin52049_MPP-0.2500+131
33121,0,0,0,0,7866,0,0,0,0,0,0,0,0,0,9189,0,0,0,0,0,0,0,0,0,33121,0,0,0,0,7866,0,0,0,0,0,0,0,0,0,9189,0,0,0,0,0,0,0,0,0,33121,0,0,0,0,7866,0,0,0,0,0,0,0,0,0,9189,0,0,0,0,0,0,0,0,0,TCGA-EW-A1PH-DX1_xmin3455_ymin52049_MPP-0.2500+132
160,0,0,5186,0,0,0,0,4570,0,0,0,0,0,0,2560,0,0,37083,0,0,0,0,0,617,192,0,0,5154,0,0,0,0,4570,0,0,0,0,0,0,1600,0,0,38043,0,0,0,0,0,617,160,0,0,5186,0,0,0,0,4570,0,0,0,0,0,0,2624,0,0,37019,0,0,0,0,0,617,TCGA-EW-A1PH-DX1_xmin3455_ymin52049_MPP-0.2500+133
0,7783,0,2353,0,0,3461,0,2607,0,0,0,0,0,0,0,17434,0,16538,0,0,0,0,0,0,0,7984,0,2152,0,0,3314,0,2754,0,0,0,0,0,0,0,17183,0,16789,0,0,0,0,0,0,0,7818,0,2318,0,0,3382,0,2686,0,0,0,0,0,0,0,17173,0,16799,0,0,0,0,0,0,TCGA-EW-A1PH-DX1_xmin3455_ymin52049_MPP-0.2500+134
48327,0,0,0,0,1584,0,0,0,0,0,0,0,0,0,265,0,0,0,0,0,0,0,0,0,48327,0,0,0,0,1584,0,0,0,0,0,0,0,0,0,265,0,0,0,0,0,0,0,0,0,48327,0,0,0,0,1584,0,0,0,0,0,0,0,0,0,265,0,0,0,0,0,0,0,0,0,TCGA-EW-A1PH-DX1_xmin3455_ymin52049_MPP-0.2500+135
41036,9140,0,0,0,0,0,0,0,0,0,0,0,0,0,0,0,0,0,0,0,0,0,0,0,41423,8753,0,0,0,0,0,0,0,0,0,0,0,0,0,0,0,0,0,0,0,0,0,0,0,42032,8144,0,0,0,0,0,0,0,0,0,0,0,0,0,0,0,0,0,0,0,0,0,0,0,TCGA-EW-A1PH-DX1_xmin3455_ymin52049_MPP-0.2500+136
50176,0,0,0,0,0,0,0,0,0,0,0,0,0,0,0,0,0,0,0,0,0,0,0,0,50176,0,0,0,0,0,0,0,0,0,0,0,0,0,0,0,0,0,0,0,0,0,0,0,0,50176,0,0,0,0,0,0,0,0,0,0,0,0,0,0,0,0,0,0,0,0,0,0,0,0,TCGA-EW-A1PH-DX1_xmin3455_ymin52049_MPP-0.2500+137
15156,21459,0,0,0,1558,12003,0,0,0,0,0,0,0,0,0,0,0,0,0,0,0,0,0,0,16319,20296,0,0,0,1851,11710,0,0,0,0,0,0,0,0,0,0,0,0,0,0,0,0,0,0,16154,20461,0,0,0,1759,11802,0,0,0,0,0,0,0,0,0,0,0,0,0,0,0,0,0,0,TCGA-EW-A1PH-DX1_xmin3455_ymin52049_MPP-0.2500+138
37972,11939,0,0,0,209,56,0,0,0,0,0,0,0,0,0,0,0,0,0,0,0,0,0,0,39131,10780,0,0,0,209,56,0,0,0,0,0,0,0,0,0,0,0,0,0,0,0,0,0,0,39193,10718,0,0,0,201,64,0,0,0,0,0,0,0,0,0,0,0,0,0,0,0,0,0,0,TCGA-EW-A1PH-DX1_xmin3455_ymin52049_MPP-0.2500+139
0,0,0,0,0,0,47497,0,0,0,0,2679,0,0,0,0,0,0,0,0,0,0,0,0,0,0,0,0,0,0,0,47497,0,0,0,0,2679,0,0,0,0,0,0,0,0,0,0,0,0,0,0,0,0,0,0,0,47497,0,0,0,0,2679,0,0,0,0,0,0,0,0,0,0,0,0,0,TCGA-EW-A1PH-DX1_xmin3455_ymin52049_MPP-0.2500+14
40169,9189,0,0,0,0,818,0,0,0,0,0,0,0,0,0,0,0,0,0,0,0,0,0,0,39802,9556,0,0,0,0,818,0,0,0,0,0,0,0,0,0,0,0,0,0,0,0,0,0,0,40896,8462,0,0,0,0,818,0,0,0,0,0,0,0,0,0,0,0,0,0,0,0,0,0,0,TCGA-EW-A1PH-DX1_xmin3455_ymin52049_MPP-0.2500+140
12024,5887,0,0,0,2490,29775,0,0,0,0,0,0,0,0,0,0,0,0,0,0,0,0,0,0,11887,6024,0,0,0,2459,29806,0,0,0,0,0,0,0,0,0,0,0,0,0,0,0,0,0,0,12078,5833,0,0,0,3149,29116,0,0,0,0,0,0,0,0,0,0,0,0,0,0,0,0,0,0,TCGA-EW-A1PH-DX1_xmin3455_ymin52049_MPP-0.2500+141
26591,11176,0,0,0,686,11723,0,0,0,0,0,0,0,0,0,0,0,0,0,0,0,0,0,0,27502,10265,0,0,0,742,11667,0,0,0,0,0,0,0,0,0,0,0,0,0,0,0,0,0,0,29262,8505,0,0,0,1018,11391,0,0,0,0,0,0,0,0,0,0,0,0,0,0,0,0,0,0,TCGA-EW-A1PH-DX1_xmin3455_ymin52049_MPP-0.2500+142
20282,16287,0,0,0,921,12686,0,0,0,0,0,0,0,0,0,0,0,0,0,0,0,0,0,0,20507,16062,0,0,0,922,12685,0,0,0,0,0,0,0,0,0,0,0,0,0,0,0,0,0,0,21989,14580,0,0,0,952,12655,0,0,0,0,0,0,0,0,0,0,0,0,0,0,0,0,0,0,TCGA-EW-A1PH-DX1_xmin3455_ymin52049_MPP-0.2500+143
19050,6943,0,0,0,8425,9540,0,0,0,0,0,0,0,0,2200,4018,0,0,0,0,0,0,0,0,19878,6115,0,0,0,8849,9116,0,0,0,0,0,0,0,0,2344,3874,0,0,0,0,0,0,0,0,19347,6646,0,0,0,8628,9337,0,0,0,0,0,0,0,0,1934,4284,0,0,0,0,0,0,0,0,TCGA-EW-A1PH-DX1_xmin3455_ymin52049_MPP-0.2500+144
178,0,0,4151,0,1454,0,0,2772,0,0,0,0,0,0,2800,0,0,38821,0,0,0,0,0,0,178,0,0,4151,0,1518,0,0,2708,0,0,0,0,0,0,2928,0,0,38693,0,0,0,0,0,0,76,0,0,4253,0,1492,0,0,2734,0,0,0,0,0,0,2544,0,0,39077,0,0,0,0,0,0,TCGA-EW-A1PH-DX1_xmin3455_ymin52049_MPP-0.2500+145
0,0,0,0,0,0,9,0,0,0,0,0,0,0,0,0,22686,0,20584,0,0,0,0,0,6897,0,0,0,0,0,0,9,0,0,0,0,0,0,0,0,0,20914,0,22356,0,0,0,0,0,6897,0,0,0,0,0,0,9,0,0,0,0,0,0,0,0,0,22344,0,20926,0,0,0,0,0,6897,TCGA-EW-A1PH-DX1_xmin3455_ymin52049_MPP-0.2500+146
4648,0,0,0,0,8293,0,0,0,0,0,0,0,0,0,9626,0,0,27609,0,0,0,0,0,0,4648,0,0,0,0,8293,0,0,0,0,0,0,0,0,0,8216,0,0,29019,0,0,0,0,0,0,4648,0,0,0,0,8293,0,0,0,0,0,0,0,0,0,9938,0,0,27297,0,0,0,0,0,0,TCGA-EW-A1PH-DX1_xmin3455_ymin52049_MPP-0.2500+147
18729,8082,0,0,0,7572,3259,0,0,0,0,0,0,0,0,8248,4286,0,0,0,0,0,0,0,0,18768,8043,0,0,0,7768,3063,0,0,0,0,0,0,0,0,8847,3687,0,0,0,0,0,0,0,0,18628,8183,0,0,0,8434,2397,0,0,0,0,0,0,0,0,9317,3217,0,0,0,0,0,0,0,0,TCGA-EW-A1PH-DX1_xmin3455_ymin52049_MPP-0.2500+148
46050,0,0,0,0,4126,0,0,0,0,0,0,0,0,0,0,0,0,0,0,0,0,0,0,0,46050,0,0,0,0,4126,0,0,0,0,0,0,0,0,0,0,0,0,0,0,0,0,0,0,0,46050,0,0,0,0,4126,0,0,0,0,0,0,0,0,0,0,0,0,0,0,0,0,0,0,0,TCGA-EW-A1PH-DX1_xmin3455_ymin52049_MPP-0.2500+149
0,0,0,0,0,0,12584,10,0,0,0,9272,16677,0,0,0,0,0,0,0,0,0,0,0,11633,0,0,0,0,0,0,12594,0,0,0,0,9164,16785,0,0,0,0,0,0,0,0,0,0,0,11633,0,0,0,0,0,0,12541,53,0,0,0,8897,17052,0,0,0,0,0,0,0,0,0,0,0,11633,TCGA-EW-A1PH-DX1_xmin3455_ymin52049_MPP-0.2500+15
50176,0,0,0,0,0,0,0,0,0,0,0,0,0,0,0,0,0,0,0,0,0,0,0,0,50176,0,0,0,0,0,0,0,0,0,0,0,0,0,0,0,0,0,0,0,0,0,0,0,0,50176,0,0,0,0,0,0,0,0,0,0,0,0,0,0,0,0,0,0,0,0,0,0,0,0,TCGA-EW-A1PH-DX1_xmin3455_ymin52049_MPP-0.2500+150
32693,14022,0,0,0,0,3461,0,0,0,0,0,0,0,0,0,0,0,0,0,0,0,0,0,0,33600,13115,0,0,0,0,3461,0,0,0,0,0,0,0,0,0,0,0,0,0,0,0,0,0,0,34637,12078,0,0,0,0,3461,0,0,0,0,0,0,0,0,0,0,0,0,0,0,0,0,0,0,TCGA-EW-A1PH-DX1_xmin3455_ymin52049_MPP-0.2500+151
24973,16786,0,0,0,3,8414,0,0,0,0,0,0,0,0,0,0,0,0,0,0,0,0,0,0,24857,16902,0,0,0,5,8412,0,0,0,0,0,0,0,0,0,0,0,0,0,0,0,0,0,0,25013,16746,0,0,0,18,8399,0,0,0,0,0,0,0,0,0,0,0,0,0,0,0,0,0,0,TCGA-EW-A1PH-DX1_xmin3455_ymin52049_MPP-0.2500+152
30805,14725,0,0,0,384,4262,0,0,0,0,0,0,0,0,0,0,0,0,0,0,0,0,0,0,30162,15368,0,0,0,419,4227,0,0,0,0,0,0,0,0,0,0,0,0,0,0,0,0,0,0,30688,14842,0,0,0,409,4237,0,0,0,0,0,0,0,0,0,0,0,0,0,0,0,0,0,0,TCGA-EW-A1PH-DX1_xmin3455_ymin52049_MPP-0.2500+153
40719,4460,0,0,0,352,4645,0,0,0,0,0,0,0,0,0,0,0,0,0,0,0,0,0,0,41219,3960,0,0,0,408,4589,0,0,0,0,0,0,0,0,0,0,0,0,0,0,0,0,0,0,41173,4006,0,0,0,509,4488,0,0,0,0,0,0,0,0,0,0,0,0,0,0,0,0,0,0,TCGA-EW-A1PH-DX1_xmin3455_ymin52049_MPP-0.2500+154
8657,11923,0,0,0,596,29000,0,0,0,0,0,0,0,0,0,0,0,0,0,0,0,0,0,0,8932,11648,0,0,0,583,29013,0,0,0,0,0,0,0,0,0,0,0,0,0,0,0,0,0,0,8834,11746,0,0,0,652,28944,0,0,0,0,0,0,0,0,0,0,0,0,0,0,0,0,0,0,TCGA-EW-A1PH-DX1_xmin3455_ymin52049_MPP-0.2500+155
39610,8753,0,0,0,177,1636,0,0,0,0,0,0,0,0,0,0,0,0,0,0,0,0,0,0,40016,8347,0,0,0,180,1633,0,0,0,0,0,0,0,0,0,0,0,0,0,0,0,0,0,0,39800,8563,0,0,0,180,1633,0,0,0,0,0,0,0,0,0,0,0,0,0,0,0,0,0,0,TCGA-EW-A1PH-DX1_xmin3455_ymin52049_MPP-0.2500+156
6142,1384,0,0,0,3094,7212,0,0,0,0,0,0,0,0,11391,20953,0,0,0,0,0,0,0,0,6161,1365,0,0,0,3196,7110,0,0,0,0,0,0,0,0,11879,20465,0,0,0,0,0,0,0,0,6148,1378,0,0,0,3642,6664,0,0,0,0,0,0,0,0,13596,18748,0,0,0,0,0,0,0,0,TCGA-EW-A1PH-DX1_xmin3455_ymin52049_MPP-0.2500+157
100,0,0,0,0,429,0,0,2263,0,0,0,0,0,0,16403,0,0,30981,0,0,0,0,0,0,100,0,0,0,0,599,0,0,2093,0,0,0,0,0,0,18227,0,0,29157,0,0,0,0,0,0,100,0,0,0,0,466,0,0,2226,0,0,0,0,0,0,16290,0,0,31094,0,0,0,0,0,0,TCGA-EW-A1PH-DX1_xmin3455_ymin52049_MPP-0.2500+158
16478,6107,0,5050,0,0,2479,0,3688,0,0,0,0,0,0,0,6395,0,7854,0,0,0,0,0,2125,16886,5139,0,5610,0,0,2069,0,4098,0,0,0,0,0,0,0,6187,0,8062,0,0,0,0,0,2125,16714,5669,0,5252,0,0,2425,0,3742,0,0,0,0,0,0,0,6203,0,8046,0,0,0,0,0,2125,TCGA-EW-A1PH-DX1_xmin3455_ymin52049_MPP-0.2500+159
0,0,0,0,0,0,46602,0,0,0,0,3325,0,0,0,0,0,0,0,0,0,0,0,0,249,0,0,0,0,0,0,46602,0,0,0,0,3325,0,0,0,0,0,0,0,0,0,0,0,0,249,0,0,0,0,0,0,46602,0,0,0,0,3325,0,0,0,0,0,0,0,0,0,0,0,0,249,TCGA-EW-A1PH-DX1_xmin3455_ymin52049_MPP-0.2500+16
45462,4269,0,0,0,421,24,0,0,0,0,0,0,0,0,0,0,0,0,0,0,0,0,0,0,45324,4407,0,0,0,405,40,0,0,0,0,0,0,0,0,0,0,0,0,0,0,0,0,0,0,45386,4345,0,0,0,420,25,0,0,0,0,0,0,0,0,0,0,0,0,0,0,0,0,0,0,TCGA-EW-A1PH-DX1_xmin3455_ymin52049_MPP-0.2500+160
50176,0,0,0,0,0,0,0,0,0,0,0,0,0,0,0,0,0,0,0,0,0,0,0,0,50176,0,0,0,0,0,0,0,0,0,0,0,0,0,0,0,0,0,0,0,0,0,0,0,0,50176,0,0,0,0,0,0,0,0,0,0,0,0,0,0,0,0,0,0,0,0,0,0,0,0,TCGA-EW-A1PH-DX1_xmin3455_ymin52049_MPP-0.2500+161
40862,9314,0,0,0,0,0,0,0,0,0,0,0,0,0,0,0,0,0,0,0,0,0,0,0,41191,8985,0,0,0,0,0,0,0,0,0,0,0,0,0,0,0,0,0,0,0,0,0,0,0,41209,8967,0,0,0,0,0,0,0,0,0,0,0,0,0,0,0,0,0,0,0,0,0,0,0,TCGA-EW-A1PH-DX1_xmin3455_ymin52049_MPP-0.2500+162
49555,0,0,0,0,621,0,0,0,0,0,0,0,0,0,0,0,0,0,0,0,0,0,0,0,49555,0,0,0,0,621,0,0,0,0,0,0,0,0,0,0,0,0,0,0,0,0,0,0,0,49555,0,0,0,0,621,0,0,0,0,0,0,0,0,0,0,0,0,0,0,0,0,0,0,0,TCGA-EW-A1PH-DX1_xmin3455_ymin52049_MPP-0.2500+163
49042,0,0,0,0,1134,0,0,0,0,0,0,0,0,0,0,0,0,0,0,0,0,0,0,0,49042,0,0,0,0,1134,0,0,0,0,0,0,0,0,0,0,0,0,0,0,0,0,0,0,0,49042,0,0,0,0,1134,0,0,0,0,0,0,0,0,0,0,0,0,0,0,0,0,0,0,0,TCGA-EW-A1PH-DX1_xmin3455_ymin52049_MPP-0.2500+164
20565,19522,0,0,0,1360,8729,0,0,0,0,0,0,0,0,0,0,0,0,0,0,0,0,0,0,21921,18166,0,0,0,1468,8621,0,0,0,0,0,0,0,0,0,0,0,0,0,0,0,0,0,0,20040,20047,0,0,0,1326,8763,0,0,0,0,0,0,0,0,0,0,0,0,0,0,0,0,0,0,TCGA-EW-A1PH-DX1_xmin3455_ymin52049_MPP-0.2500+165
29122,18676,0,0,0,0,2378,0,0,0,0,0,0,0,0,0,0,0,0,0,0,0,0,0,0,30246,17552,0,0,0,0,2378,0,0,0,0,0,0,0,0,0,0,0,0,0,0,0,0,0,0,29749,18049,0,0,0,0,2378,0,0,0,0,0,0,0,0,0,0,0,0,0,0,0,0,0,0,TCGA-EW-A1PH-DX1_xmin3455_ymin52049_MPP-0.2500+166
10686,21796,0,0,0,167,17527,0,0,0,0,0,0,0,0,0,0,0,0,0,0,0,0,0,0,10212,22270,0,0,0,208,17486,0,0,0,0,0,0,0,0,0,0,0,0,0,0,0,0,0,0,10081,22401,0,0,0,249,17445,0,0,0,0,0,0,0,0,0,0,0,0,0,0,0,0,0,0,TCGA-EW-A1PH-DX1_xmin3455_ymin52049_MPP-0.2500+167
21444,26959,0,0,0,55,1718,0,0,0,0,0,0,0,0,0,0,0,0,0,0,0,0,0,0,21466,26937,0,0,0,48,1725,0,0,0,0,0,0,0,0,0,0,0,0,0,0,0,0,0,0,22718,25685,0,0,0,49,1724,0,0,0,0,0,0,0,0,0,0,0,0,0,0,0,0,0,0,TCGA-EW-A1PH-DX1_xmin3455_ymin52049_MPP-0.2500+168
11469,16800,0,0,0,1717,20190,0,0,0,0,0,0,0,0,0,0,0,0,0,0,0,0,0,0,11556,16713,0,0,0,1763,20144,0,0,0,0,0,0,0,0,0,0,0,0,0,0,0,0,0,0,11794,16475,0,0,0,1766,20141,0,0,0,0,0,0,0,0,0,0,0,0,0,0,0,0,0,0,TCGA-EW-A1PH-DX1_xmin3455_ymin52049_MPP-0.2500+169
0,0,0,0,0,0,50176,0,0,0,0,0,0,0,0,0,0,0,0,0,0,0,0,0,0,0,0,0,0,0,0,50176,0,0,0,0,0,0,0,0,0,0,0,0,0,0,0,0,0,0,0,0,0,0,0,0,50176,0,0,0,0,0,0,0,0,0,0,0,0,0,0,0,0,0,0,TCGA-EW-A1PH-DX1_xmin3455_ymin52049_MPP-0.2500+17
15128,18875,0,0,0,938,15235,0,0,0,0,0,0,0,0,0,0,0,0,0,0,0,0,0,0,14608,19395,0,0,0,950,15223,0,0,0,0,0,0,0,0,0,0,0,0,0,0,0,0,0,0,14995,19008,0,0,0,1050,15123,0,0,0,0,0,0,0,0,0,0,0,0,0,0,0,0,0,0,TCGA-EW-A1PH-DX1_xmin3455_ymin52049_MPP-0.2500+170
15299,6671,0,0,0,96,12509,0,0,0,0,0,0,0,0,0,15601,0,0,0,0,0,0,0,0,15662,6308,0,0,0,129,12476,0,0,0,0,0,0,0,0,0,15601,0,0,0,0,0,0,0,0,16045,3658,0,2267,0,188,11141,0,1276,0,0,0,0,0,0,0,13488,0,2113,0,0,0,0,0,0,TCGA-EW-A1PH-DX1_xmin3455_ymin52049_MPP-0.2500+171
8239,0,0,8810,0,736,0,0,8042,0,0,0,0,0,0,2679,0,0,21670,0,0,0,0,0,0,8626,0,0,8423,0,769,0,0,8009,0,0,0,0,0,0,3246,0,0,21103,0,0,0,0,0,0,8352,0,0,8697,0,752,0,0,8026,0,0,0,0,0,0,2640,0,0,21709,0,0,0,0,0,0,TCGA-EW-A1PH-DX1_xmin3455_ymin52049_MPP-0.2500+172
50176,0,0,0,0,0,0,0,0,0,0,0,0,0,0,0,0,0,0,0,0,0,0,0,0,50176,0,0,0,0,0,0,0,0,0,0,0,0,0,0,0,0,0,0,0,0,0,0,0,0,50176,0,0,0,0,0,0,0,0,0,0,0,0,0,0,0,0,0,0,0,0,0,0,0,0,TCGA-EW-A1PH-DX1_xmin3455_ymin52049_MPP-0.2500+173
40444,9732,0,0,0,0,0,0,0,0,0,0,0,0,0,0,0,0,0,0,0,0,0,0,0,41118,9058,0,0,0,0,0,0,0,0,0,0,0,0,0,0,0,0,0,0,0,0,0,0,0,41151,9025,0,0,0,0,0,0,0,0,0,0,0,0,0,0,0,0,0,0,0,0,0,0,0,TCGA-EW-A1PH-DX1_xmin3455_ymin52049_MPP-0.2500+174
24923,25253,0,0,0,0,0,0,0,0,0,0,0,0,0,0,0,0,0,0,0,0,0,0,0,25900,24276,0,0,0,0,0,0,0,0,0,0,0,0,0,0,0,0,0,0,0,0,0,0,0,26557,23619,0,0,0,0,0,0,0,0,0,0,0,0,0,0,0,0,0,0,0,0,0,0,0,TCGA-EW-A1PH-DX1_xmin3455_ymin52049_MPP-0.2500+175
31813,18363,0,0,0,0,0,0,0,0,0,0,0,0,0,0,0,0,0,0,0,0,0,0,0,32154,18022,0,0,0,0,0,0,0,0,0,0,0,0,0,0,0,0,0,0,0,0,0,0,0,31861,18315,0,0,0,0,0,0,0,0,0,0,0,0,0,0,0,0,0,0,0,0,0,0,0,TCGA-EW-A1PH-DX1_xmin3455_ymin52049_MPP-0.2500+176
1,50175,0,0,0,0,0,0,0,0,0,0,0,0,0,0,0,0,0,0,0,0,0,0,0,1,50175,0,0,0,0,0,0,0,0,0,0,0,0,0,0,0,0,0,0,0,0,0,0,0,1,50175,0,0,0,0,0,0,0,0,0,0,0,0,0,0,0,0,0,0,0,0,0,0,0,TCGA-EW-A1PH-DX1_xmin3455_ymin52049_MPP-0.2500+177
28315,21861,0,0,0,0,0,0,0,0,0,0,0,0,0,0,0,0,0,0,0,0,0,0,0,29354,20822,0,0,0,0,0,0,0,0,0,0,0,0,0,0,0,0,0,0,0,0,0,0,0,29369,20807,0,0,0,0,0,0,0,0,0,0,0,0,0,0,0,0,0,0,0,0,0,0,0,TCGA-EW-A1PH-DX1_xmin3455_ymin52049_MPP-0.2500+178
35848,10283,0,0,0,1046,2999,0,0,0,0,0,0,0,0,0,0,0,0,0,0,0,0,0,0,36622,9509,0,0,0,1147,2898,0,0,0,0,0,0,0,0,0,0,0,0,0,0,0,0,0,0,35571,10560,0,0,0,1047,2998,0,0,0,0,0,0,0,0,0,0,0,0,0,0,0,0,0,0,TCGA-EW-A1PH-DX1_xmin3455_ymin52049_MPP-0.2500+179
0,0,0,0,0,0,50176,0,0,0,0,0,0,0,0,0,0,0,0,0,0,0,0,0,0,0,0,0,0,0,0,50176,0,0,0,0,0,0,0,0,0,0,0,0,0,0,0,0,0,0,0,0,0,0,0,0,50176,0,0,0,0,0,0,0,0,0,0,0,0,0,0,0,0,0,0,TCGA-EW-A1PH-DX1_xmin3455_ymin52049_MPP-0.2500+18
22728,16472,0,0,0,2697,8279,0,0,0,0,0,0,0,0,0,0,0,0,0,0,0,0,0,0,23523,15677,0,0,0,3473,7503,0,0,0,0,0,0,0,0,0,0,0,0,0,0,0,0,0,0,23377,15823,0,0,0,3538,7438,0,0,0,0,0,0,0,0,0,0,0,0,0,0,0,0,0,0,TCGA-EW-A1PH-DX1_xmin3455_ymin52049_MPP-0.2500+180
5387,20688,0,0,0,1199,22902,0,0,0,0,0,0,0,0,0,0,0,0,0,0,0,0,0,0,5649,20426,0,0,0,1358,22743,0,0,0,0,0,0,0,0,0,0,0,0,0,0,0,0,0,0,5389,20686,0,0,0,1076,23025,0,0,0,0,0,0,0,0,0,0,0,0,0,0,0,0,0,0,TCGA-EW-A1PH-DX1_xmin3455_ymin52049_MPP-0.2500+181
33821,16355,0,0,0,0,0,0,0,0,0,0,0,0,0,0,0,0,0,0,0,0,0,0,0,34564,15612,0,0,0,0,0,0,0,0,0,0,0,0,0,0,0,0,0,0,0,0,0,0,0,35485,14691,0,0,0,0,0,0,0,0,0,0,0,0,0,0,0,0,0,0,0,0,0,0,0,TCGA-EW-A1PH-DX1_xmin3455_ymin52049_MPP-0.2500+182
0,20652,0,0,0,0,29524,0,0,0,0,0,0,0,0,0,0,0,0,0,0,0,0,0,0,0,7783,0,12869,0,0,25137,0,4387,0,0,0,0,0,0,0,0,0,0,0,0,0,0,0,0,0,20652,0,0,0,0,29524,0,0,0,0,0,0,0,0,0,0,0,0,0,0,0,0,0,0,TCGA-EW-A1PH-DX1_xmin3455_ymin52049_MPP-0.2500+183
0,25930,0,0,0,0,17137,0,0,0,0,0,0,0,0,0,7109,0,0,0,0,0,0,0,0,0,25930,0,0,0,0,17137,0,0,0,0,0,0,0,0,0,7109,0,0,0,0,0,0,0,0,0,25930,0,0,0,0,17137,0,0,0,0,0,0,0,0,0,7109,0,0,0,0,0,0,0,0,TCGA-EW-A1PH-DX1_xmin3455_ymin52049_MPP-0.2500+184
2227,859,0,0,0,186,46904,0,0,0,0,0,0,0,0,0,0,0,0,0,0,0,0,0,0,2324,762,0,0,0,204,46886,0,0,0,0,0,0,0,0,0,0,0,0,0,0,0,0,0,0,2281,805,0,0,0,193,46897,0,0,0,0,0,0,0,0,0,0,0,0,0,0,0,0,0,0,TCGA-EW-A1PH-DX1_xmin3455_ymin52049_MPP-0.2500+185
17555,25912,0,0,0,419,6290,0,0,0,0,0,0,0,0,0,0,0,0,0,0,0,0,0,0,16885,26582,0,0,0,405,6304,0,0,0,0,0,0,0,0,0,0,0,0,0,0,0,0,0,0,18730,24737,0,0,0,415,6294,0,0,0,0,0,0,0,0,0,0,0,0,0,0,0,0,0,0,TCGA-EW-A1PH-DX1_xmin3455_ymin52049_MPP-0.2500+186
50176,0,0,0,0,0,0,0,0,0,0,0,0,0,0,0,0,0,0,0,0,0,0,0,0,50176,0,0,0,0,0,0,0,0,0,0,0,0,0,0,0,0,0,0,0,0,0,0,0,0,50176,0,0,0,0,0,0,0,0,0,0,0,0,0,0,0,0,0,0,0,0,0,0,0,0,TCGA-EW-A1PH-DX1_xmin3455_ymin52049_MPP-0.2500+187
32402,17774,0,0,0,0,0,0,0,0,0,0,0,0,0,0,0,0,0,0,0,0,0,0,0,34251,15925,0,0,0,0,0,0,0,0,0,0,0,0,0,0,0,0,0,0,0,0,0,0,0,33007,17169,0,0,0,0,0,0,0,0,0,0,0,0,0,0,0,0,0,0,0,0,0,0,0,TCGA-EW-A1PH-DX1_xmin3455_ymin52049_MPP-0.2500+188
0,50176,0,0,0,0,0,0,0,0,0,0,0,0,0,0,0,0,0,0,0,0,0,0,0,0,50176,0,0,0,0,0,0,0,0,0,0,0,0,0,0,0,0,0,0,0,0,0,0,0,0,50176,0,0,0,0,0,0,0,0,0,0,0,0,0,0,0,0,0,0,0,0,0,0,0,TCGA-EW-A1PH-DX1_xmin3455_ymin52049_MPP-0.2500+189
0,0,0,0,0,0,50176,0,0,0,0,0,0,0,0,0,0,0,0,0,0,0,0,0,0,0,0,0,0,0,0,50176,0,0,0,0,0,0,0,0,0,0,0,0,0,0,0,0,0,0,0,0,0,0,0,0,50176,0,0,0,0,0,0,0,0,0,0,0,0,0,0,0,0,0,0,TCGA-EW-A1PH-DX1_xmin3455_ymin52049_MPP-0.2500+19
28498,21678,0,0,0,0,0,0,0,0,0,0,0,0,0,0,0,0,0,0,0,0,0,0,0,28509,21667,0,0,0,0,0,0,0,0,0,0,0,0,0,0,0,0,0,0,0,0,0,0,0,28231,21945,0,0,0,0,0,0,0,0,0,0,0,0,0,0,0,0,0,0,0,0,0,0,0,TCGA-EW-A1PH-DX1_xmin3455_ymin52049_MPP-0.2500+190
22936,23969,0,0,0,372,2899,0,0,0,0,0,0,0,0,0,0,0,0,0,0,0,0,0,0,23194,23711,0,0,0,417,2854,0,0,0,0,0,0,0,0,0,0,0,0,0,0,0,0,0,0,22616,24289,0,0,0,603,2668,0,0,0,0,0,0,0,0,0,0,0,0,0,0,0,0,0,0,TCGA-EW-A1PH-DX1_xmin3455_ymin52049_MPP-0.2500+191
26051,15978,0,0,0,654,7493,0,0,0,0,0,0,0,0,0,0,0,0,0,0,0,0,0,0,26892,15137,0,0,0,817,7330,0,0,0,0,0,0,0,0,0,0,0,0,0,0,0,0,0,0,26247,15782,0,0,0,654,7493,0,0,0,0,0,0,0,0,0,0,0,0,0,0,0,0,0,0,TCGA-EW-A1PH-DX1_xmin3455_ymin52049_MPP-0.2500+192
19066,10904,0,0,0,2431,17775,0,0,0,0,0,0,0,0,0,0,0,0,0,0,0,0,0,0,19037,10933,0,0,0,2349,17857,0,0,0,0,0,0,0,0,0,0,0,0,0,0,0,0,0,0,19727,10243,0,0,0,2652,17554,0,0,0,0,0,0,0,0,0,0,0,0,0,0,0,0,0,0,TCGA-EW-A1PH-DX1_xmin3455_ymin52049_MPP-0.2500+193
12698,30048,0,0,0,0,7430,0,0,0,0,0,0,0,0,0,0,0,0,0,0,0,0,0,0,12822,29924,0,0,0,0,7430,0,0,0,0,0,0,0,0,0,0,0,0,0,0,0,0,0,0,13384,29362,0,0,0,0,7430,0,0,0,0,0,0,0,0,0,0,0,0,0,0,0,0,0,0,TCGA-EW-A1PH-DX1_xmin3455_ymin52049_MPP-0.2500+194
0,432,0,1711,0,0,42435,0,5598,0,0,0,0,0,0,0,0,0,0,0,0,0,0,0,0,0,221,0,1922,0,0,27894,0,20139,0,0,0,0,0,0,0,0,0,0,0,0,0,0,0,0,0,580,0,1563,0,0,43070,0,4963,0,0,0,0,0,0,0,0,0,0,0,0,0,0,0,0,TCGA-EW-A1PH-DX1_xmin3455_ymin52049_MPP-0.2500+195
10693,9596,0,43,0,226,10907,0,441,0,0,0,0,0,0,250,8159,0,9861,0,0,0,0,0,0,11555,8515,0,262,0,336,9788,0,1450,0,0,0,0,0,0,508,5690,0,12072,0,0,0,0,0,0,11235,9030,0,67,0,158,10956,0,460,0,0,0,0,0,0,711,7600,0,9959,0,0,0,0,0,0,TCGA-EW-A1PH-DX1_xmin3455_ymin52049_MPP-0.2500+196
12473,3445,0,0,0,2199,32059,0,0,0,0,0,0,0,0,0,0,0,0,0,0,0,0,0,0,12561,3357,0,0,0,2267,31991,0,0,0,0,0,0,0,0,0,0,0,0,0,0,0,0,0,0,12537,3381,0,0,0,2560,31698,0,0,0,0,0,0,0,0,0,0,0,0,0,0,0,0,0,0,TCGA-EW-A1PH-DX1_xmin3455_ymin52049_MPP-0.2500+197
13456,22208,0,0,0,2933,11579,0,0,0,0,0,0,0,0,0,0,0,0,0,0,0,0,0,0,13895,21769,0,0,0,2985,11527,0,0,0,0,0,0,0,0,0,0,0,0,0,0,0,0,0,0,13613,22051,0,0,0,2973,11539,0,0,0,0,0,0,0,0,0,0,0,0,0,0,0,0,0,0,TCGA-EW-A1PH-DX1_xmin3455_ymin52049_MPP-0.2500+198
50176,0,0,0,0,0,0,0,0,0,0,0,0,0,0,0,0,0,0,0,0,0,0,0,0,50176,0,0,0,0,0,0,0,0,0,0,0,0,0,0,0,0,0,0,0,0,0,0,0,0,50176,0,0,0,0,0,0,0,0,0,0,0,0,0,0,0,0,0,0,0,0,0,0,0,0,TCGA-EW-A1PH-DX1_xmin3455_ymin52049_MPP-0.2500+199
0,0,0,0,0,0,50176,0,0,0,0,0,0,0,0,0,0,0,0,0,0,0,0,0,0,0,0,0,0,0,0,50176,0,0,0,0,0,0,0,0,0,0,0,0,0,0,0,0,0,0,0,0,0,0,0,0,50176,0,0,0,0,0,0,0,0,0,0,0,0,0,0,0,0,0,0,TCGA-EW-A1PH-DX1_xmin3455_ymin52049_MPP-0.2500+2
0,0,0,0,0,0,50176,0,0,0,0,0,0,0,0,0,0,0,0,0,0,0,0,0,0,0,0,0,0,0,0,50176,0,0,0,0,0,0,0,0,0,0,0,0,0,0,0,0,0,0,0,0,0,0,0,0,50176,0,0,0,0,0,0,0,0,0,0,0,0,0,0,0,0,0,0,TCGA-EW-A1PH-DX1_xmin3455_ymin52049_MPP-0.2500+20
32415,17761,0,0,0,0,0,0,0,0,0,0,0,0,0,0,0,0,0,0,0,0,0,0,0,50176,0,0,0,0,0,0,0,0,0,0,0,0,0,0,0,0,0,0,0,0,0,0,0,0,50176,0,0,0,0,0,0,0,0,0,0,0,0,0,0,0,0,0,0,0,0,0,0,0,0,TCGA-EW-A1PH-DX1_xmin3455_ymin52049_MPP-0.2500+200
29616,20560,0,0,0,0,0,0,0,0,0,0,0,0,0,0,0,0,0,0,0,0,0,0,0,30978,19198,0,0,0,0,0,0,0,0,0,0,0,0,0,0,0,0,0,0,0,0,0,0,0,31068,19108,0,0,0,0,0,0,0,0,0,0,0,0,0,0,0,0,0,0,0,0,0,0,0,TCGA-EW-A1PH-DX1_xmin3455_ymin52049_MPP-0.2500+201
49260,0,0,0,0,916,0,0,0,0,0,0,0,0,0,0,0,0,0,0,0,0,0,0,0,49260,0,0,0,0,916,0,0,0,0,0,0,0,0,0,0,0,0,0,0,0,0,0,0,0,49260,0,0,0,0,916,0,0,0,0,0,0,0,0,0,0,0,0,0,0,0,0,0,0,0,TCGA-EW-A1PH-DX1_xmin3455_ymin52049_MPP-0.2500+202
27775,13860,0,0,0,454,8087,0,0,0,0,0,0,0,0,0,0,0,0,0,0,0,0,0,0,28113,13522,0,0,0,465,8076,0,0,0,0,0,0,0,0,0,0,0,0,0,0,0,0,0,0,27923,13712,0,0,0,427,8114,0,0,0,0,0,0,0,0,0,0,0,0,0,0,0,0,0,0,TCGA-EW-A1PH-DX1_xmin3455_ymin52049_MPP-0.2500+203
9685,33956,0,0,0,0,6535,0,0,0,0,0,0,0,0,0,0,0,0,0,0,0,0,0,0,10342,33299,0,0,0,0,6535,0,0,0,0,0,0,0,0,0,0,0,0,0,0,0,0,0,0,9707,33934,0,0,0,0,6535,0,0,0,0,0,0,0,0,0,0,0,0,0,0,0,0,0,0,TCGA-EW-A1PH-DX1_xmin3455_ymin52049_MPP-0.2500+204
0,14745,0,1229,0,0,27263,0,6939,0,0,0,0,0,0,0,0,0,0,0,0,0,0,0,0,0,14628,0,1346,0,0,17162,0,17040,0,0,0,0,0,0,0,0,0,0,0,0,0,0,0,0,0,15974,0,0,0,0,34202,0,0,0,0,0,0,0,0,0,0,0,0,0,0,0,0,0,0,TCGA-EW-A1PH-DX1_xmin3455_ymin52049_MPP-0.2500+205
0,32762,0,0,0,0,16654,0,0,0,0,0,0,0,0,0,760,0,0,0,0,0,0,0,0,0,32762,0,0,0,0,16654,0,0,0,0,0,0,0,0,0,760,0,0,0,0,0,0,0,0,16279,16483,0,0,0,203,16451,0,0,0,0,0,0,0,0,13,747,0,0,0,0,0,0,0,0,TCGA-EW-A1PH-DX1_xmin3455_ymin52049_MPP-0.2500+206
33883,4134,0,0,0,1675,10484,0,0,0,0,0,0,0,0,0,0,0,0,0,0,0,0,0,0,33891,4126,0,0,0,1759,10400,0,0,0,0,0,0,0,0,0,0,0,0,0,0,0,0,0,0,34192,3825,0,0,0,1654,10505,0,0,0,0,0,0,0,0,0,0,0,0,0,0,0,0,0,0,TCGA-EW-A1PH-DX1_xmin3455_ymin52049_MPP-0.2500+207
13851,21806,0,0,0,417,14102,0,0,0,0,0,0,0,0,0,0,0,0,0,0,0,0,0,0,13940,21717,0,0,0,362,14157,0,0,0,0,0,0,0,0,0,0,0,0,0,0,0,0,0,0,13930,21727,0,0,0,317,14202,0,0,0,0,0,0,0,0,0,0,0,0,0,0,0,0,0,0,TCGA-EW-A1PH-DX1_xmin3455_ymin52049_MPP-0.2500+208
45616,4560,0,0,0,0,0,0,0,0,0,0,0,0,0,0,0,0,0,0,0,0,0,0,0,45474,4702,0,0,0,0,0,0,0,0,0,0,0,0,0,0,0,0,0,0,0,0,0,0,0,45784,4392,0,0,0,0,0,0,0,0,0,0,0,0,0,0,0,0,0,0,0,0,0,0,0,TCGA-EW-A1PH-DX1_xmin3455_ymin52049_MPP-0.2500+209
0,0,0,0,0,0,50176,0,0,0,0,0,0,0,0,0,0,0,0,0,0,0,0,0,0,0,0,0,0,0,0,50176,0,0,0,0,0,0,0,0,0,0,0,0,0,0,0,0,0,0,0,0,0,0,0,0,50176,0,0,0,0,0,0,0,0,0,0,0,0,0,0,0,0,0,0,TCGA-EW-A1PH-DX1_xmin3455_ymin52049_MPP-0.2500+21
41302,8874,0,0,0,0,0,0,0,0,0,0,0,0,0,0,0,0,0,0,0,0,0,0,0,40490,9686,0,0,0,0,0,0,0,0,0,0,0,0,0,0,0,0,0,0,0,0,0,0,0,41500,8676,0,0,0,0,0,0,0,0,0,0,0,0,0,0,0,0,0,0,0,0,0,0,0,TCGA-EW-A1PH-DX1_xmin3455_ymin52049_MPP-0.2500+210
50176,0,0,0,0,0,0,0,0,0,0,0,0,0,0,0,0,0,0,0,0,0,0,0,0,50176,0,0,0,0,0,0,0,0,0,0,0,0,0,0,0,0,0,0,0,0,0,0,0,0,50176,0,0,0,0,0,0,0,0,0,0,0,0,0,0,0,0,0,0,0,0,0,0,0,0,TCGA-EW-A1PH-DX1_xmin3455_ymin52049_MPP-0.2500+211
35352,13486,0,0,0,0,1338,0,0,0,0,0,0,0,0,0,0,0,0,0,0,0,0,0,0,35846,12992,0,0,0,0,1338,0,0,0,0,0,0,0,0,0,0,0,0,0,0,0,0,0,0,35225,13613,0,0,0,0,1338,0,0,0,0,0,0,0,0,0,0,0,0,0,0,0,0,0,0,TCGA-EW-A1PH-DX1_xmin3455_ymin52049_MPP-0.2500+212
9669,29329,0,0,0,95,11083,0,0,0,0,0,0,0,0,0,0,0,0,0,0,0,0,0,0,9220,29778,0,0,0,75,11103,0,0,0,0,0,0,0,0,0,0,0,0,0,0,0,0,0,0,9016,29982,0,0,0,76,11102,0,0,0,0,0,0,0,0,0,0,0,0,0,0,0,0,0,0,TCGA-EW-A1PH-DX1_xmin3455_ymin52049_MPP-0.2500+213
14302,856,0,0,0,6147,28871,0,0,0,0,0,0,0,0,0,0,0,0,0,0,0,0,0,0,14419,739,0,0,0,7670,27348,0,0,0,0,0,0,0,0,0,0,0,0,0,0,0,0,0,0,14295,863,0,0,0,6008,29010,0,0,0,0,0,0,0,0,0,0,0,0,0,0,0,0,0,0,TCGA-EW-A1PH-DX1_xmin3455_ymin52049_MPP-0.2500+214
20026,13767,0,0,0,1012,15371,0,0,0,0,0,0,0,0,0,0,0,0,0,0,0,0,0,0,20279,13514,0,0,0,1006,15377,0,0,0,0,0,0,0,0,0,0,0,0,0,0,0,0,0,0,21221,12572,0,0,0,999,15384,0,0,0,0,0,0,0,0,0,0,0,0,0,0,0,0,0,0,TCGA-EW-A1PH-DX1_xmin3455_ymin52049_MPP-0.2500+215
19574,5432,0,0,0,533,24637,0,0,0,0,0,0,0,0,0,0,0,0,0,0,0,0,0,0,20097,4909,0,0,0,889,24281,0,0,0,0,0,0,0,0,0,0,0,0,0,0,0,0,0,0,20128,4878,0,0,0,1693,23477,0,0,0,0,0,0,0,0,0,0,0,0,0,0,0,0,0,0,TCGA-EW-A1PH-DX1_xmin3455_ymin52049_MPP-0.2500+216
25816,11722,0,0,0,1298,11340,0,0,0,0,0,0,0,0,0,0,0,0,0,0,0,0,0,0,25708,11830,0,0,0,1222,11416,0,0,0,0,0,0,0,0,0,0,0,0,0,0,0,0,0,0,25060,12478,0,0,0,1461,11177,0,0,0,0,0,0,0,0,0,0,0,0,0,0,0,0,0,0,TCGA-EW-A1PH-DX1_xmin3455_ymin52049_MPP-0.2500+217
34109,16067,0,0,0,0,0,0,0,0,0,0,0,0,0,0,0,0,0,0,0,0,0,0,0,34250,15926,0,0,0,0,0,0,0,0,0,0,0,0,0,0,0,0,0,0,0,0,0,0,0,36244,13932,0,0,0,0,0,0,0,0,0,0,0,0,0,0,0,0,0,0,0,0,0,0,0,TCGA-EW-A1PH-DX1_xmin3455_ymin52049_MPP-0.2500+218
31158,19018,0,0,0,0,0,0,0,0,0,0,0,0,0,0,0,0,0,0,0,0,0,0,0,32994,17182,0,0,0,0,0,0,0,0,0,0,0,0,0,0,0,0,0,0,0,0,0,0,0,31948,18228,0,0,0,0,0,0,0,0,0,0,0,0,0,0,0,0,0,0,0,0,0,0,0,TCGA-EW-A1PH-DX1_xmin3455_ymin52049_MPP-0.2500+219
0,0,0,0,0,0,42061,2621,0,0,0,561,4514,0,0,0,0,0,0,0,0,0,0,0,419,0,0,0,0,0,0,41657,3025,0,0,0,557,4518,0,0,0,0,0,0,0,0,0,0,0,419,0,0,0,0,0,0,41868,2814,0,0,0,588,4487,0,0,0,0,0,0,0,0,0,0,0,419,TCGA-EW-A1PH-DX1_xmin3455_ymin52049_MPP-0.2500+22
11776,15801,0,0,0,3851,18748,0,0,0,0,0,0,0,0,0,0,0,0,0,0,0,0,0,0,11881,15696,0,0,0,3817,18782,0,0,0,0,0,0,0,0,0,0,0,0,0,0,0,0,0,0,12108,15469,0,0,0,3469,19130,0,0,0,0,0,0,0,0,0,0,0,0,0,0,0,0,0,0,TCGA-EW-A1PH-DX1_xmin3455_ymin52049_MPP-0.2500+220
29175,10805,0,0,0,556,9640,0,0,0,0,0,0,0,0,0,0,0,0,0,0,0,0,0,0,29447,10533,0,0,0,450,9746,0,0,0,0,0,0,0,0,0,0,0,0,0,0,0,0,0,0,29397,10583,0,0,0,566,9630,0,0,0,0,0,0,0,0,0,0,0,0,0,0,0,0,0,0,TCGA-EW-A1PH-DX1_xmin3455_ymin52049_MPP-0.2500+221
31552,13709,0,0,0,673,4242,0,0,0,0,0,0,0,0,0,0,0,0,0,0,0,0,0,0,31463,13798,0,0,0,792,4123,0,0,0,0,0,0,0,0,0,0,0,0,0,0,0,0,0,0,31942,13319,0,0,0,845,4070,0,0,0,0,0,0,0,0,0,0,0,0,0,0,0,0,0,0,TCGA-EW-A1PH-DX1_xmin3455_ymin52049_MPP-0.2500+222
27490,14126,0,0,0,11,8549,0,0,0,0,0,0,0,0,0,0,0,0,0,0,0,0,0,0,27967,13649,0,0,0,11,8549,0,0,0,0,0,0,0,0,0,0,0,0,0,0,0,0,0,0,27818,13798,0,0,0,16,8544,0,0,0,0,0,0,0,0,0,0,0,0,0,0,0,0,0,0,TCGA-EW-A1PH-DX1_xmin3455_ymin52049_MPP-0.2500+223
24018,18277,0,0,0,0,7881,0,0,0,0,0,0,0,0,0,0,0,0,0,0,0,0,0,0,23809,18486,0,0,0,0,7881,0,0,0,0,0,0,0,0,0,0,0,0,0,0,0,0,0,0,24564,17731,0,0,0,1,7880,0,0,0,0,0,0,0,0,0,0,0,0,0,0,0,0,0,0,TCGA-EW-A1PH-DX1_xmin3455_ymin52049_MPP-0.2500+224
17597,10048,0,0,0,4795,17736,0,0,0,0,0,0,0,0,0,0,0,0,0,0,0,0,0,0,17754,9891,0,0,0,5323,17208,0,0,0,0,0,0,0,0,0,0,0,0,0,0,0,0,0,0,17847,9798,0,0,0,6247,16284,0,0,0,0,0,0,0,0,0,0,0,0,0,0,0,0,0,0,TCGA-EW-A1PH-DX1_xmin3455_ymin52049_MPP-0.2500+225
23387,19296,0,0,0,0,7493,0,0,0,0,0,0,0,0,0,0,0,0,0,0,0,0,0,0,24074,18609,0,0,0,0,7493,0,0,0,0,0,0,0,0,0,0,0,0,0,0,0,0,0,0,23788,18895,0,0,0,0,7493,0,0,0,0,0,0,0,0,0,0,0,0,0,0,0,0,0,0,TCGA-EW-A1PH-DX1_xmin3455_ymin52049_MPP-0.2500+226
18963,7389,0,0,0,2560,21264,0,0,0,0,0,0,0,0,0,0,0,0,0,0,0,0,0,0,19026,7326,0,0,0,2581,21243,0,0,0,0,0,0,0,0,0,0,0,0,0,0,0,0,0,0,19437,6915,0,0,0,3251,20573,0,0,0,0,0,0,0,0,0,0,0,0,0,0,0,0,0,0,TCGA-EW-A1PH-DX1_xmin3455_ymin52049_MPP-0.2500+227
23269,22676,0,0,0,58,4173,0,0,0,0,0,0,0,0,0,0,0,0,0,0,0,0,0,0,22562,23383,0,0,0,42,4189,0,0,0,0,0,0,0,0,0,0,0,0,0,0,0,0,0,0,23472,22473,0,0,0,44,4187,0,0,0,0,0,0,0,0,0,0,0,0,0,0,0,0,0,0,TCGA-EW-A1PH-DX1_xmin3455_ymin52049_MPP-0.2500+228
34471,13445,0,0,0,0,2260,0,0,0,0,0,0,0,0,0,0,0,0,0,0,0,0,0,0,34535,13381,0,0,0,0,2260,0,0,0,0,0,0,0,0,0,0,0,0,0,0,0,0,0,0,34829,13087,0,0,0,0,2260,0,0,0,0,0,0,0,0,0,0,0,0,0,0,0,0,0,0,TCGA-EW-A1PH-DX1_xmin3455_ymin52049_MPP-0.2500+229
0,0,0,0,0,0,17891,1481,0,0,0,14547,16257,0,0,0,0,0,0,0,0,0,0,0,0,0,0,0,0,0,0,18121,1251,0,0,0,14799,16005,0,0,0,0,0,0,0,0,0,0,0,0,0,0,0,0,0,0,17975,1397,0,0,0,14591,16213,0,0,0,0,0,0,0,0,0,0,0,0,TCGA-EW-A1PH-DX1_xmin3455_ymin52049_MPP-0.2500+23
0,0,0,0,0,0,6525,543,0,0,0,31388,11720,0,0,0,0,0,0,0,0,0,0,0,0,0,0,0,0,0,0,6528,540,0,0,0,31290,11818,0,0,0,0,0,0,0,0,0,0,0,0,0,0,0,0,0,0,6531,537,0,0,0,31690,11418,0,0,0,0,0,0,0,0,0,0,0,0,TCGA-EW-A1PH-DX1_xmin3455_ymin52049_MPP-0.2500+24
0,0,0,0,0,0,14921,0,0,0,0,7913,27342,0,0,0,0,0,0,0,0,0,0,0,0,0,0,0,0,0,0,14921,0,0,0,0,8038,27217,0,0,0,0,0,0,0,0,0,0,0,0,0,0,0,0,0,0,14921,0,0,0,0,8663,26592,0,0,0,0,0,0,0,0,0,0,0,0,TCGA-EW-A1PH-DX1_xmin3455_ymin52049_MPP-0.2500+25
0,0,0,0,0,0,50176,0,0,0,0,0,0,0,0,0,0,0,0,0,0,0,0,0,0,0,0,0,0,0,0,50176,0,0,0,0,0,0,0,0,0,0,0,0,0,0,0,0,0,0,0,0,0,0,0,0,50176,0,0,0,0,0,0,0,0,0,0,0,0,0,0,0,0,0,0,TCGA-EW-A1PH-DX1_xmin3455_ymin52049_MPP-0.2500+26
0,0,0,0,0,0,50176,0,0,0,0,0,0,0,0,0,0,0,0,0,0,0,0,0,0,0,0,0,0,0,0,50176,0,0,0,0,0,0,0,0,0,0,0,0,0,0,0,0,0,0,0,0,0,0,0,0,50176,0,0,0,0,0,0,0,0,0,0,0,0,0,0,0,0,0,0,TCGA-EW-A1PH-DX1_xmin3455_ymin52049_MPP-0.2500+27
0,0,0,0,0,4,50172,0,0,0,0,0,0,0,0,0,0,0,0,0,0,0,0,0,0,0,0,0,0,0,0,50176,0,0,0,0,0,0,0,0,0,0,0,0,0,0,0,0,0,0,0,0,0,0,0,0,50176,0,0,0,0,0,0,0,0,0,0,0,0,0,0,0,0,0,0,TCGA-EW-A1PH-DX1_xmin3455_ymin52049_MPP-0.2500+28
0,0,0,0,0,0,38804,2458,0,0,0,1135,7779,0,0,0,0,0,0,0,0,0,0,0,0,0,0,0,0,0,0,38843,2419,0,0,0,975,7939,0,0,0,0,0,0,0,0,0,0,0,0,0,0,0,0,0,0,41262,0,0,0,0,8914,0,0,0,0,0,0,0,0,0,0,0,0,0,TCGA-EW-A1PH-DX1_xmin3455_ymin52049_MPP-0.2500+29
0,0,0,0,0,0,50176,0,0,0,0,0,0,0,0,0,0,0,0,0,0,0,0,0,0,0,0,0,0,0,0,50176,0,0,0,0,0,0,0,0,0,0,0,0,0,0,0,0,0,0,0,0,0,0,0,0,50176,0,0,0,0,0,0,0,0,0,0,0,0,0,0,0,0,0,0,TCGA-EW-A1PH-DX1_xmin3455_ymin52049_MPP-0.2500+3
0,0,0,0,0,0,36210,0,0,0,0,13966,0,0,0,0,0,0,0,0,0,0,0,0,0,0,0,0,0,0,0,36210,0,0,0,0,13966,0,0,0,0,0,0,0,0,0,0,0,0,0,0,0,0,0,0,0,36210,0,0,0,0,13966,0,0,0,0,0,0,0,0,0,0,0,0,0,TCGA-EW-A1PH-DX1_xmin3455_ymin52049_MPP-0.2500+30
0,0,0,0,0,0,50176,0,0,0,0,0,0,0,0,0,0,0,0,0,0,0,0,0,0,0,0,0,0,0,0,50176,0,0,0,0,0,0,0,0,0,0,0,0,0,0,0,0,0,0,0,0,0,0,0,0,50176,0,0,0,0,0,0,0,0,0,0,0,0,0,0,0,0,0,0,TCGA-EW-A1PH-DX1_xmin3455_ymin52049_MPP-0.2500+31
0,0,0,0,0,0,26791,8023,0,0,0,6047,9315,0,0,0,0,0,0,0,0,0,0,0,0,0,0,0,0,0,0,26524,8290,0,0,0,5755,9607,0,0,0,0,0,0,0,0,0,0,0,0,0,0,0,0,0,0,27087,7727,0,0,0,6281,9081,0,0,0,0,0,0,0,0,0,0,0,0,TCGA-EW-A1PH-DX1_xmin3455_ymin52049_MPP-0.2500+32
0,0,0,0,0,0,16078,13369,0,0,0,9378,11350,0,0,0,1,0,0,0,0,0,0,0,0,0,0,0,0,0,0,15859,13588,0,0,0,9045,11683,0,0,0,1,0,0,0,0,0,0,0,0,0,0,0,0,0,0,16346,13101,0,0,0,9324,11404,0,0,0,1,0,0,0,0,0,0,0,0,TCGA-EW-A1PH-DX1_xmin3455_ymin52049_MPP-0.2500+33
0,0,0,0,0,0,2626,20,0,0,0,20265,27265,0,0,0,0,0,0,0,0,0,0,0,0,0,0,0,0,0,0,2613,33,0,0,0,19954,27576,0,0,0,0,0,0,0,0,0,0,0,0,0,0,0,0,0,0,2625,21,0,0,0,20264,27266,0,0,0,0,0,0,0,0,0,0,0,0,TCGA-EW-A1PH-DX1_xmin3455_ymin52049_MPP-0.2500+34
0,0,0,0,0,0,0,0,0,0,0,38270,11906,0,0,0,0,0,0,0,0,0,0,0,0,0,0,0,0,0,0,0,0,0,0,0,39480,10696,0,0,0,0,0,0,0,0,0,0,0,0,0,0,0,0,0,0,0,0,0,0,0,37485,12691,0,0,0,0,0,0,0,0,0,0,0,0,TCGA-EW-A1PH-DX1_xmin3455_ymin52049_MPP-0.2500+35
0,0,0,0,0,0,1999,0,0,0,0,23725,23369,0,0,0,0,0,0,0,0,0,0,0,1083,0,0,0,0,0,0,1999,0,0,0,0,23396,23698,0,0,0,0,0,0,0,0,0,0,0,1083,0,0,0,0,0,0,1999,0,0,0,0,23254,23840,0,0,0,0,0,0,0,0,0,0,0,1083,TCGA-EW-A1PH-DX1_xmin3455_ymin52049_MPP-0.2500+36
0,0,0,0,0,0,10684,0,0,0,0,8816,0,0,0,0,0,0,0,0,0,0,0,0,30676,0,0,0,0,0,0,10684,0,0,0,0,8816,0,0,0,0,0,0,0,0,0,0,0,0,30676,0,0,0,0,0,0,10684,0,0,0,0,8816,0,0,0,0,0,0,0,0,0,0,0,0,30676,TCGA-EW-A1PH-DX1_xmin3455_ymin52049_MPP-0.2500+37
0,0,0,0,0,0,50176,0,0,0,0,0,0,0,0,0,0,0,0,0,0,0,0,0,0,0,0,0,0,0,0,50176,0,0,0,0,0,0,0,0,0,0,0,0,0,0,0,0,0,0,0,0,0,0,0,0,50176,0,0,0,0,0,0,0,0,0,0,0,0,0,0,0,0,0,0,TCGA-EW-A1PH-DX1_xmin3455_ymin52049_MPP-0.2500+38
0,0,0,0,0,0,50176,0,0,0,0,0,0,0,0,0,0,0,0,0,0,0,0,0,0,0,0,0,0,0,0,50176,0,0,0,0,0,0,0,0,0,0,0,0,0,0,0,0,0,0,0,0,0,0,0,0,50176,0,0,0,0,0,0,0,0,0,0,0,0,0,0,0,0,0,0,TCGA-EW-A1PH-DX1_xmin3455_ymin52049_MPP-0.2500+39
0,0,0,0,0,0,50176,0,0,0,0,0,0,0,0,0,0,0,0,0,0,0,0,0,0,0,0,0,0,0,0,50176,0,0,0,0,0,0,0,0,0,0,0,0,0,0,0,0,0,0,0,0,0,0,0,0,50176,0,0,0,0,0,0,0,0,0,0,0,0,0,0,0,0,0,0,TCGA-EW-A1PH-DX1_xmin3455_ymin52049_MPP-0.2500+4
0,0,0,0,0,0,50176,0,0,0,0,0,0,0,0,0,0,0,0,0,0,0,0,0,0,0,0,0,0,0,0,50176,0,0,0,0,0,0,0,0,0,0,0,0,0,0,0,0,0,0,0,0,0,0,0,0,50176,0,0,0,0,0,0,0,0,0,0,0,0,0,0,0,0,0,0,TCGA-EW-A1PH-DX1_xmin3455_ymin52049_MPP-0.2500+40
0,0,0,0,0,0,50176,0,0,0,0,0,0,0,0,0,0,0,0,0,0,0,0,0,0,0,0,0,0,0,0,50176,0,0,0,0,0,0,0,0,0,0,0,0,0,0,0,0,0,0,0,0,0,0,0,0,50176,0,0,0,0,0,0,0,0,0,0,0,0,0,0,0,0,0,0,TCGA-EW-A1PH-DX1_xmin3455_ymin52049_MPP-0.2500+41
0,0,0,0,0,0,50176,0,0,0,0,0,0,0,0,0,0,0,0,0,0,0,0,0,0,0,0,0,0,0,4,50172,0,0,0,0,0,0,0,0,0,0,0,0,0,0,0,0,0,0,0,0,0,0,0,4,50172,0,0,0,0,0,0,0,0,0,0,0,0,0,0,0,0,0,0,TCGA-EW-A1PH-DX1_xmin3455_ymin52049_MPP-0.2500+42
0,0,0,0,0,0,50176,0,0,0,0,0,0,0,0,0,0,0,0,0,0,0,0,0,0,0,0,0,0,0,0,50176,0,0,0,0,0,0,0,0,0,0,0,0,0,0,0,0,0,0,0,0,0,0,0,0,50176,0,0,0,0,0,0,0,0,0,0,0,0,0,0,0,0,0,0,TCGA-EW-A1PH-DX1_xmin3455_ymin52049_MPP-0.2500+43
0,0,0,0,0,0,44780,0,0,0,0,5396,0,0,0,0,0,0,0,0,0,0,0,0,0,0,0,0,0,0,0,44780,0,0,0,0,5396,0,0,0,0,0,0,0,0,0,0,0,0,0,0,0,0,0,0,0,44780,0,0,0,0,5396,0,0,0,0,0,0,0,0,0,0,0,0,0,TCGA-EW-A1PH-DX1_xmin3455_ymin52049_MPP-0.2500+44
0,0,0,0,0,0,3674,0,0,0,0,27753,11578,0,0,0,0,0,0,0,0,0,0,0,7171,0,0,0,0,0,0,3674,0,0,0,0,28025,11306,0,0,0,0,0,0,0,0,0,0,0,7171,0,0,0,0,0,0,3674,0,0,0,0,27695,11636,0,0,0,0,0,0,0,0,0,0,0,7171,TCGA-EW-A1PH-DX1_xmin3455_ymin52049_MPP-0.2500+45
0,0,0,0,0,0,0,997,0,0,0,0,49179,0,0,0,0,0,0,0,0,0,0,0,0,0,0,0,0,0,0,0,997,0,0,0,0,49179,0,0,0,0,0,0,0,0,0,0,0,0,0,0,0,0,0,0,0,997,0,0,0,0,49179,0,0,0,0,0,0,0,0,0,0,0,0,TCGA-EW-A1PH-DX1_xmin3455_ymin52049_MPP-0.2500+46
0,0,0,0,0,0,649,298,0,0,0,28441,20788,0,0,0,0,0,0,0,0,0,0,0,0,0,0,0,0,0,0,622,325,0,0,0,27849,21380,0,0,0,0,0,0,0,0,0,0,0,0,0,0,0,0,0,0,685,262,0,0,0,28493,20736,0,0,0,0,0,0,0,0,0,0,0,0,TCGA-EW-A1PH-DX1_xmin3455_ymin52049_MPP-0.2500+47
0,0,0,0,0,0,0,0,0,0,0,33931,16245,0,0,0,0,0,0,0,0,0,0,0,0,0,0,0,0,0,0,0,0,0,0,0,32537,17639,0,0,0,0,0,0,0,0,0,0,0,0,0,0,0,0,0,0,0,0,0,0,0,32495,17681,0,0,0,0,0,0,0,0,0,0,0,0,TCGA-EW-A1PH-DX1_xmin3455_ymin52049_MPP-0.2500+48
0,0,0,0,0,0,0,0,0,0,0,21813,28363,0,0,0,0,0,0,0,0,0,0,0,0,0,0,0,0,0,0,0,0,0,0,0,22362,27814,0,0,0,0,0,0,0,0,0,0,0,0,0,0,0,0,0,0,0,0,0,0,1216,0,48960,0,0,0,0,0,0,0,0,0,0,0,0,TCGA-EW-A1PH-DX1_xmin3455_ymin52049_MPP-0.2500+49
0,0,0,0,0,0,50176,0,0,0,0,0,0,0,0,0,0,0,0,0,0,0,0,0,0,0,0,0,0,0,0,50176,0,0,0,0,0,0,0,0,0,0,0,0,0,0,0,0,0,0,0,0,0,0,0,0,50176,0,0,0,0,0,0,0,0,0,0,0,0,0,0,0,0,0,0,TCGA-EW-A1PH-DX1_xmin3455_ymin52049_MPP-0.2500+5
0,0,0,0,0,0,24961,0,0,0,0,24354,0,0,0,0,0,0,0,0,0,0,0,0,861,0,0,0,0,0,0,24961,0,0,0,0,24354,0,0,0,0,0,0,0,0,0,0,0,0,861,0,0,0,0,0,0,24961,0,0,0,0,24354,0,0,0,0,0,0,0,0,0,0,0,0,861,TCGA-EW-A1PH-DX1_xmin3455_ymin52049_MPP-0.2500+50
0,0,0,0,0,0,50176,0,0,0,0,0,0,0,0,0,0,0,0,0,0,0,0,0,0,0,0,0,0,0,0,50176,0,0,0,0,0,0,0,0,0,0,0,0,0,0,0,0,0,0,0,0,0,0,0,0,50176,0,0,0,0,0,0,0,0,0,0,0,0,0,0,0,0,0,0,TCGA-EW-A1PH-DX1_xmin3455_ymin52049_MPP-0.2500+51
0,0,0,0,0,0,50176,0,0,0,0,0,0,0,0,0,0,0,0,0,0,0,0,0,0,0,0,0,0,0,0,50176,0,0,0,0,0,0,0,0,0,0,0,0,0,0,0,0,0,0,0,0,0,0,0,0,50176,0,0,0,0,0,0,0,0,0,0,0,0,0,0,0,0,0,0,TCGA-EW-A1PH-DX1_xmin3455_ymin52049_MPP-0.2500+52
0,0,0,0,0,0,48126,0,0,0,0,2050,0,0,0,0,0,0,0,0,0,0,0,0,0,0,0,0,0,0,1,48125,0,0,0,0,2050,0,0,0,0,0,0,0,0,0,0,0,0,0,0,0,0,0,0,1,48125,0,0,0,0,2050,0,0,0,0,0,0,0,0,0,0,0,0,0,TCGA-EW-A1PH-DX1_xmin3455_ymin52049_MPP-0.2500+53
0,0,0,0,0,0,48904,0,0,0,0,1272,0,0,0,0,0,0,0,0,0,0,0,0,0,0,0,0,0,0,0,48904,0,0,0,0,1272,0,0,0,0,0,0,0,0,0,0,0,0,0,0,0,0,0,0,0,48904,0,0,0,0,1272,0,0,0,0,0,0,0,0,0,0,0,0,0,TCGA-EW-A1PH-DX1_xmin3455_ymin52049_MPP-0.2500+54
0,0,0,0,0,0,50176,0,0,0,0,0,0,0,0,0,0,0,0,0,0,0,0,0,0,0,0,0,0,0,0,50176,0,0,0,0,0,0,0,0,0,0,0,0,0,0,0,0,0,0,0,0,0,0,0,0,50176,0,0,0,0,0,0,0,0,0,0,0,0,0,0,0,0,0,0,TCGA-EW-A1PH-DX1_xmin3455_ymin52049_MPP-0.2500+55
0,0,0,0,0,0,50176,0,0,0,0,0,0,0,0,0,0,0,0,0,0,0,0,0,0,0,0,0,0,0,0,50176,0,0,0,0,0,0,0,0,0,0,0,0,0,0,0,0,0,0,0,0,0,0,0,0,50176,0,0,0,0,0,0,0,0,0,0,0,0,0,0,0,0,0,0,TCGA-EW-A1PH-DX1_xmin3455_ymin52049_MPP-0.2500+56
0,0,0,0,0,0,18662,0,0,0,0,31514,0,0,0,0,0,0,0,0,0,0,0,0,0,0,0,0,0,0,0,18662,0,0,0,0,31514,0,0,0,0,0,0,0,0,0,0,0,0,0,0,0,0,0,0,0,18662,0,0,0,0,31514,0,0,0,0,0,0,0,0,0,0,0,0,0,TCGA-EW-A1PH-DX1_xmin3455_ymin52049_MPP-0.2500+57
0,0,0,0,0,0,0,0,0,0,0,25198,23584,0,0,0,0,0,0,0,0,0,0,0,1394,0,0,0,0,0,0,0,0,0,0,0,25008,23774,0,0,0,0,0,0,0,0,0,0,0,1394,0,0,0,0,0,0,0,0,0,0,0,24969,23813,0,0,0,0,0,0,0,0,0,0,0,1394,TCGA-EW-A1PH-DX1_xmin3455_ymin52049_MPP-0.2500+58
0,0,0,0,0,0,0,0,0,0,0,14747,31979,0,0,0,0,0,0,0,0,0,0,0,3450,0,0,0,0,0,0,0,0,0,0,0,14741,31985,0,0,0,0,0,0,0,0,0,0,0,3450,0,0,0,0,0,0,0,0,0,0,0,14603,32123,0,0,0,0,0,0,0,0,0,0,0,3450,TCGA-EW-A1PH-DX1_xmin3455_ymin52049_MPP-0.2500+59
0,0,0,0,0,0,50176,0,0,0,0,0,0,0,0,0,0,0,0,0,0,0,0,0,0,0,0,0,0,0,0,50176,0,0,0,0,0,0,0,0,0,0,0,0,0,0,0,0,0,0,0,0,0,0,0,0,50176,0,0,0,0,0,0,0,0,0,0,0,0,0,0,0,0,0,0,TCGA-EW-A1PH-DX1_xmin3455_ymin52049_MPP-0.2500+6
0,0,0,0,0,0,0,0,0,0,0,0,50176,0,0,0,0,0,0,0,0,0,0,0,0,0,0,0,0,0,0,0,0,0,0,0,0,50176,0,0,0,0,0,0,0,0,0,0,0,0,0,0,0,0,0,0,0,0,0,0,0,0,50176,0,0,0,0,0,0,0,0,0,0,0,0,TCGA-EW-A1PH-DX1_xmin3455_ymin52049_MPP-0.2500+60
0,0,0,0,0,0,0,0,0,0,0,31281,18895,0,0,0,0,0,0,0,0,0,0,0,0,0,0,0,0,0,0,0,0,0,0,0,31937,18239,0,0,0,0,0,0,0,0,0,0,0,0,0,0,0,0,0,0,0,0,0,0,0,30273,19903,0,0,0,0,0,0,0,0,0,0,0,0,TCGA-EW-A1PH-DX1_xmin3455_ymin52049_MPP-0.2500+61
0,0,0,0,0,0,0,0,0,0,0,17303,32873,0,0,0,0,0,0,0,0,0,0,0,0,0,0,0,0,0,0,0,0,0,0,0,16818,33358,0,0,0,0,0,0,0,0,0,0,0,0,0,0,0,0,0,0,0,0,0,0,0,16239,33937,0,0,0,0,0,0,0,0,0,0,0,0,TCGA-EW-A1PH-DX1_xmin3455_ymin52049_MPP-0.2500+62
36777,12648,0,0,0,0,751,0,0,0,0,0,0,0,0,0,0,0,0,0,0,0,0,0,0,37126,12299,0,0,0,0,751,0,0,0,0,0,0,0,0,0,0,0,0,0,0,0,0,0,0,37083,12342,0,0,0,0,751,0,0,0,0,0,0,0,0,0,0,0,0,0,0,0,0,0,0,TCGA-EW-A1PH-DX1_xmin3455_ymin52049_MPP-0.2500+63
29818,4556,0,0,0,695,15107,0,0,0,0,0,0,0,0,0,0,0,0,0,0,0,0,0,0,29771,4603,0,0,0,565,15237,0,0,0,0,0,0,0,0,0,0,0,0,0,0,0,0,0,0,30080,4294,0,0,0,941,14861,0,0,0,0,0,0,0,0,0,0,0,0,0,0,0,0,0,0,TCGA-EW-A1PH-DX1_xmin3455_ymin52049_MPP-0.2500+64
6334,0,0,0,0,8180,35662,0,0,0,0,0,0,0,0,0,0,0,0,0,0,0,0,0,0,6334,0,0,0,0,7860,35982,0,0,0,0,0,0,0,0,0,0,0,0,0,0,0,0,0,0,6334,0,0,0,0,9693,34149,0,0,0,0,0,0,0,0,0,0,0,0,0,0,0,0,0,0,TCGA-EW-A1PH-DX1_xmin3455_ymin52049_MPP-0.2500+65
0,0,0,0,0,0,48510,0,0,0,0,1666,0,0,0,0,0,0,0,0,0,0,0,0,0,0,0,0,0,0,1,48509,0,0,0,0,1666,0,0,0,0,0,0,0,0,0,0,0,0,0,0,0,0,0,0,0,48510,0,0,0,0,1666,0,0,0,0,0,0,0,0,0,0,0,0,0,TCGA-EW-A1PH-DX1_xmin3455_ymin52049_MPP-0.2500+66
0,0,0,0,0,0,15820,3115,0,0,0,14017,17224,0,0,0,0,0,0,0,0,0,0,0,0,0,0,0,0,0,0,15864,3071,0,0,0,14267,16974,0,0,0,0,0,0,0,0,0,0,0,0,0,0,0,0,0,0,15853,3082,0,0,0,14370,16871,0,0,0,0,0,0,0,0,0,0,0,0,TCGA-EW-A1PH-DX1_xmin3455_ymin52049_MPP-0.2500+67
0,0,0,0,0,0,48048,0,0,0,0,2128,0,0,0,0,0,0,0,0,0,0,0,0,0,0,0,0,0,0,0,48048,0,0,0,0,2128,0,0,0,0,0,0,0,0,0,0,0,0,0,0,0,0,0,0,0,48048,0,0,0,0,2128,0,0,0,0,0,0,0,0,0,0,0,0,0,TCGA-EW-A1PH-DX1_xmin3455_ymin52049_MPP-0.2500+68
0,0,0,0,0,0,41617,0,0,0,0,8559,0,0,0,0,0,0,0,0,0,0,0,0,0,0,0,0,0,0,0,41617,0,0,0,0,8559,0,0,0,0,0,0,0,0,0,0,0,0,0,0,0,0,0,0,0,41617,0,0,0,0,8559,0,0,0,0,0,0,0,0,0,0,0,0,0,TCGA-EW-A1PH-DX1_xmin3455_ymin52049_MPP-0.2500+69
0,0,0,0,0,0,50176,0,0,0,0,0,0,0,0,0,0,0,0,0,0,0,0,0,0,0,0,0,0,0,0,50176,0,0,0,0,0,0,0,0,0,0,0,0,0,0,0,0,0,0,0,0,0,0,0,0,50176,0,0,0,0,0,0,0,0,0,0,0,0,0,0,0,0,0,0,TCGA-EW-A1PH-DX1_xmin3455_ymin52049_MPP-0.2500+7
0,0,0,0,0,0,14464,0,0,0,0,35660,0,0,0,0,52,0,0,0,0,0,0,0,0,0,0,0,0,0,0,14464,0,0,0,0,35660,0,0,0,0,52,0,0,0,0,0,0,0,0,0,0,0,0,0,0,14464,0,0,0,0,35660,0,0,0,0,52,0,0,0,0,0,0,0,0,TCGA-EW-A1PH-DX1_xmin3455_ymin52049_MPP-0.2500+70
0,0,0,0,0,0,2314,0,0,0,0,31857,16005,0,0,0,0,0,0,0,0,0,0,0,0,0,0,0,0,0,0,2314,0,0,0,0,32085,15777,0,0,0,0,0,0,0,0,0,0,0,0,0,0,0,0,0,0,2314,0,0,0,0,32224,15638,0,0,0,0,0,0,0,0,0,0,0,0,TCGA-EW-A1PH-DX1_xmin3455_ymin52049_MPP-0.2500+71
0,0,0,0,0,0,0,0,0,0,0,16339,29273,0,0,0,0,0,0,0,0,0,0,0,4564,0,0,0,0,0,0,0,0,0,0,0,16497,29115,0,0,0,0,0,0,0,0,0,0,0,4564,0,0,0,0,0,0,0,0,0,0,0,16468,29144,0,0,0,0,0,0,0,0,0,0,0,4564,TCGA-EW-A1PH-DX1_xmin3455_ymin52049_MPP-0.2500+72
0,0,0,0,0,0,0,0,0,0,0,0,50176,0,0,0,0,0,0,0,0,0,0,0,0,0,0,0,0,0,0,0,0,0,0,0,0,50176,0,0,0,0,0,0,0,0,0,0,0,0,0,0,0,0,0,0,0,0,0,0,0,0,50176,0,0,0,0,0,0,0,0,0,0,0,0,TCGA-EW-A1PH-DX1_xmin3455_ymin52049_MPP-0.2500+73
0,0,0,0,0,0,0,0,0,0,0,28215,21961,0,0,0,0,0,0,0,0,0,0,0,0,0,0,0,0,0,0,0,0,0,0,0,26686,23490,0,0,0,0,0,0,0,0,0,0,0,0,0,0,0,0,0,0,0,0,0,0,0,26455,23721,0,0,0,0,0,0,0,0,0,0,0,0,TCGA-EW-A1PH-DX1_xmin3455_ymin52049_MPP-0.2500+74
0,0,0,0,0,0,1,3,0,0,0,24448,25724,0,0,0,0,0,0,0,0,0,0,0,0,0,0,0,0,0,0,4,0,0,0,0,24281,25891,0,0,0,0,0,0,0,0,0,0,0,0,0,0,0,0,0,0,0,4,0,0,0,23146,27026,0,0,0,0,0,0,0,0,0,0,0,0,TCGA-EW-A1PH-DX1_xmin3455_ymin52049_MPP-0.2500+75
50176,0,0,0,0,0,0,0,0,0,0,0,0,0,0,0,0,0,0,0,0,0,0,0,0,50176,0,0,0,0,0,0,0,0,0,0,0,0,0,0,0,0,0,0,0,0,0,0,0,0,50176,0,0,0,0,0,0,0,0,0,0,0,0,0,0,0,0,0,0,0,0,0,0,0,0,TCGA-EW-A1PH-DX1_xmin3455_ymin52049_MPP-0.2500+76
50176,0,0,0,0,0,0,0,0,0,0,0,0,0,0,0,0,0,0,0,0,0,0,0,0,50176,0,0,0,0,0,0,0,0,0,0,0,0,0,0,0,0,0,0,0,0,0,0,0,0,50176,0,0,0,0,0,0,0,0,0,0,0,0,0,0,0,0,0,0,0,0,0,0,0,0,TCGA-EW-A1PH-DX1_xmin3455_ymin52049_MPP-0.2500+77
50176,0,0,0,0,0,0,0,0,0,0,0,0,0,0,0,0,0,0,0,0,0,0,0,0,50176,0,0,0,0,0,0,0,0,0,0,0,0,0,0,0,0,0,0,0,0,0,0,0,0,50176,0,0,0,0,0,0,0,0,0,0,0,0,0,0,0,0,0,0,0,0,0,0,0,0,TCGA-EW-A1PH-DX1_xmin3455_ymin52049_MPP-0.2500+78
37127,3959,0,0,0,1660,7430,0,0,0,0,0,0,0,0,0,0,0,0,0,0,0,0,0,0,37242,3844,0,0,0,1806,7284,0,0,0,0,0,0,0,0,0,0,0,0,0,0,0,0,0,0,37439,3647,0,0,0,1835,7255,0,0,0,0,0,0,0,0,0,0,0,0,0,0,0,0,0,0,TCGA-EW-A1PH-DX1_xmin3455_ymin52049_MPP-0.2500+79
0,0,0,0,0,0,50176,0,0,0,0,0,0,0,0,0,0,0,0,0,0,0,0,0,0,0,0,0,0,0,0,50176,0,0,0,0,0,0,0,0,0,0,0,0,0,0,0,0,0,0,0,0,0,0,0,0,50176,0,0,0,0,0,0,0,0,0,0,0,0,0,0,0,0,0,0,TCGA-EW-A1PH-DX1_xmin3455_ymin52049_MPP-0.2500+8
0,3931,0,0,0,0,46245,0,0,0,0,0,0,0,0,0,0,0,0,0,0,0,0,0,0,0,3931,0,0,0,0,46245,0,0,0,0,0,0,0,0,0,0,0,0,0,0,0,0,0,0,0,3931,0,0,0,0,46245,0,0,0,0,0,0,0,0,0,0,0,0,0,0,0,0,0,0,TCGA-EW-A1PH-DX1_xmin3455_ymin52049_MPP-0.2500+80
0,0,0,0,0,0,50176,0,0,0,0,0,0,0,0,0,0,0,0,0,0,0,0,0,0,0,0,0,0,0,0,50176,0,0,0,0,0,0,0,0,0,0,0,0,0,0,0,0,0,0,0,0,0,0,0,0,50176,0,0,0,0,0,0,0,0,0,0,0,0,0,0,0,0,0,0,TCGA-EW-A1PH-DX1_xmin3455_ymin52049_MPP-0.2500+81
0,1623,0,0,0,0,48553,0,0,0,0,0,0,0,0,0,0,0,0,0,0,0,0,0,0,0,1623,0,0,0,0,48553,0,0,0,0,0,0,0,0,0,0,0,0,0,0,0,0,0,0,0,1623,0,0,0,0,48553,0,0,0,0,0,0,0,0,0,0,0,0,0,0,0,0,0,0,TCGA-EW-A1PH-DX1_xmin3455_ymin52049_MPP-0.2500+82
0,1640,0,0,0,0,7129,723,0,0,0,23007,17677,0,0,0,0,0,0,0,0,0,0,0,0,0,1640,0,0,0,0,7141,711,0,0,0,23213,17471,0,0,0,0,0,0,0,0,0,0,0,0,0,1640,0,0,0,0,7159,693,0,0,0,22969,17715,0,0,0,0,0,0,0,0,0,0,0,0,TCGA-EW-A1PH-DX1_xmin3455_ymin52049_MPP-0.2500+83
0,0,0,0,0,0,35386,120,0,0,0,9108,5562,0,0,0,0,0,0,0,0,0,0,0,0,0,0,0,0,0,0,35506,0,0,0,0,9388,5282,0,0,0,0,0,0,0,0,0,0,0,0,0,0,0,0,0,0,35371,135,0,0,0,9276,5394,0,0,0,0,0,0,0,0,0,0,0,0,TCGA-EW-A1PH-DX1_xmin3455_ymin52049_MPP-0.2500+84
4433,236,0,0,0,4650,24408,0,0,0,8,16441,0,0,0,0,0,0,0,0,0,0,0,0,0,4359,310,0,0,0,4668,24390,0,0,0,0,16449,0,0,0,0,0,0,0,0,0,0,0,0,0,4500,169,0,0,0,4943,24115,0,0,0,0,16449,0,0,0,0,0,0,0,0,0,0,0,0,0,TCGA-EW-A1PH-DX1_xmin3455_ymin52049_MPP-0.2500+85
19829,6043,0,0,0,1525,7150,7,0,0,0,7778,7844,0,0,0,0,0,0,0,0,0,0,0,0,20017,5855,0,0,0,1497,7044,141,0,0,0,7379,8243,0,0,0,0,0,0,0,0,0,0,0,0,20876,4996,0,0,0,1692,6870,120,0,0,0,7502,8120,0,0,0,0,0,0,0,0,0,0,0,0,TCGA-EW-A1PH-DX1_xmin3455_ymin52049_MPP-0.2500+86
0,0,0,0,0,0,11212,82,0,0,0,24719,14163,0,0,0,0,0,0,0,0,0,0,0,0,0,0,0,0,0,0,11212,82,0,0,0,25335,13547,0,0,0,0,0,0,0,0,0,0,0,0,0,0,0,0,0,0,11212,82,0,0,0,24900,13982,0,0,0,0,0,0,0,0,0,0,0,0,TCGA-EW-A1PH-DX1_xmin3455_ymin52049_MPP-0.2500+87
0,0,0,0,0,0,14062,0,0,0,0,20398,15716,0,0,0,0,0,0,0,0,0,0,0,0,0,0,0,0,0,0,14062,0,0,0,0,20368,15746,0,0,0,0,0,0,0,0,0,0,0,0,0,0,0,0,0,0,14062,0,0,0,0,20391,15723,0,0,0,0,0,0,0,0,0,0,0,0,TCGA-EW-A1PH-DX1_xmin3455_ymin52049_MPP-0.2500+88
37993,12183,0,0,0,0,0,0,0,0,0,0,0,0,0,0,0,0,0,0,0,0,0,0,0,38364,11812,0,0,0,0,0,0,0,0,0,0,0,0,0,0,0,0,0,0,0,0,0,0,0,38319,11857,0,0,0,0,0,0,0,0,0,0,0,0,0,0,0,0,0,0,0,0,0,0,0,TCGA-EW-A1PH-DX1_xmin3455_ymin52049_MPP-0.2500+89
0,0,0,0,0,4,40512,0,0,0,0,0,0,0,0,0,0,0,0,0,0,0,0,0,9660,0,0,0,0,0,0,40516,0,0,0,0,0,0,0,0,0,0,0,0,0,0,0,0,0,9660,0,0,0,0,0,1,40515,0,0,0,0,0,0,0,0,0,0,0,0,0,0,0,0,0,9660,TCGA-EW-A1PH-DX1_xmin3455_ymin52049_MPP-0.2500+9
43553,6623,0,0,0,0,0,0,0,0,0,0,0,0,0,0,0,0,0,0,0,0,0,0,0,43484,6692,0,0,0,0,0,0,0,0,0,0,0,0,0,0,0,0,0,0,0,0,0,0,0,43382,6794,0,0,0,0,0,0,0,0,0,0,0,0,0,0,0,0,0,0,0,0,0,0,0,TCGA-EW-A1PH-DX1_xmin3455_ymin52049_MPP-0.2500+90
50176,0,0,0,0,0,0,0,0,0,0,0,0,0,0,0,0,0,0,0,0,0,0,0,0,50176,0,0,0,0,0,0,0,0,0,0,0,0,0,0,0,0,0,0,0,0,0,0,0,0,50176,0,0,0,0,0,0,0,0,0,0,0,0,0,0,0,0,0,0,0,0,0,0,0,0,TCGA-EW-A1PH-DX1_xmin3455_ymin52049_MPP-0.2500+91
50176,0,0,0,0,0,0,0,0,0,0,0,0,0,0,0,0,0,0,0,0,0,0,0,0,50176,0,0,0,0,0,0,0,0,0,0,0,0,0,0,0,0,0,0,0,0,0,0,0,0,50176,0,0,0,0,0,0,0,0,0,0,0,0,0,0,0,0,0,0,0,0,0,0,0,0,TCGA-EW-A1PH-DX1_xmin3455_ymin52049_MPP-0.2500+92
40936,9240,0,0,0,0,0,0,0,0,0,0,0,0,0,0,0,0,0,0,0,0,0,0,0,40351,9825,0,0,0,0,0,0,0,0,0,0,0,0,0,0,0,0,0,0,0,0,0,0,0,41042,9134,0,0,0,0,0,0,0,0,0,0,0,0,0,0,0,0,0,0,0,0,0,0,0,TCGA-EW-A1PH-DX1_xmin3455_ymin52049_MPP-0.2500+93
43797,0,0,0,0,6379,0,0,0,0,0,0,0,0,0,0,0,0,0,0,0,0,0,0,0,36899,6898,0,0,0,608,5771,0,0,0,0,0,0,0,0,0,0,0,0,0,0,0,0,0,0,43797,0,0,0,0,6379,0,0,0,0,0,0,0,0,0,0,0,0,0,0,0,0,0,0,0,TCGA-EW-A1PH-DX1_xmin3455_ymin52049_MPP-0.2500+94
6090,2282,0,0,0,4580,37224,0,0,0,0,0,0,0,0,0,0,0,0,0,0,0,0,0,0,6152,2220,0,0,0,4627,37177,0,0,0,0,0,0,0,0,0,0,0,0,0,0,0,0,0,0,6161,2211,0,0,0,5269,36535,0,0,0,0,0,0,0,0,0,0,0,0,0,0,0,0,0,0,TCGA-EW-A1PH-DX1_xmin3455_ymin52049_MPP-0.2500+95
2278,2644,0,0,0,3470,41784,0,0,0,0,0,0,0,0,0,0,0,0,0,0,0,0,0,0,2328,2594,0,0,0,3367,41887,0,0,0,0,0,0,0,0,0,0,0,0,0,0,0,0,0,0,2259,2663,0,0,0,4368,40886,0,0,0,0,0,0,0,0,0,0,0,0,0,0,0,0,0,0,TCGA-EW-A1PH-DX1_xmin3455_ymin52049_MPP-0.2500+96
9417,4859,0,0,0,835,14618,0,0,0,475,19972,0,0,0,0,0,0,0,0,0,0,0,0,0,9456,4820,0,0,0,763,14690,0,0,0,265,20182,0,0,0,0,0,0,0,0,0,0,0,0,0,9483,4793,0,0,0,1000,14453,0,0,0,480,19967,0,0,0,0,0,0,0,0,0,0,0,0,0,TCGA-EW-A1PH-DX1_xmin3455_ymin52049_MPP-0.2500+97
0,5679,0,0,0,0,24790,0,0,0,0,19707,0,0,0,0,0,0,0,0,0,0,0,0,0,0,5679,0,0,0,0,24790,0,0,0,0,19707,0,0,0,0,0,0,0,0,0,0,0,0,0,0,5679,0,0,0,0,24790,0,0,0,0,19707,0,0,0,0,0,0,0,0,0,0,0,0,0,TCGA-EW-A1PH-DX1_xmin3455_ymin52049_MPP-0.2500+98
15688,4544,0,0,0,5845,24099,0,0,0,0,0,0,0,0,0,0,0,0,0,0,0,0,0,0,15939,4293,0,0,0,5927,24017,0,0,0,0,0,0,0,0,0,0,0,0,0,0,0,0,0,0,15624,4608,0,0,0,6100,23844,0,0,0,0,0,0,0,0,0,0,0,0,0,0,0,0,0,0,TCGA-EW-A1PH-DX1_xmin3455_ymin52049_MPP-0.2500+99
0,0,0,0,0,0,0,0,0,0,0,0,0,0,0,176,0,0,50000,0,0,0,0,0,0,0,0,0,0,0,0,0,0,0,0,0,0,0,0,0,176,0,0,50000,0,0,0,0,0,0,0,0,0,0,0,0,0,0,0,0,0,0,0,0,0,464,0,0,49712,0,0,0,0,0,0,TCGA-GM-A2DB-DX1_xmin50586_ymin43110_MPP-0.2500+0
0,0,0,0,0,0,0,0,0,0,0,0,0,0,0,0,0,0,50176,0,0,0,0,0,0,0,0,0,0,0,0,0,0,0,0,0,0,0,0,0,16,0,0,50160,0,0,0,0,0,0,0,0,0,0,0,0,0,0,0,0,0,0,0,0,0,0,0,0,50176,0,0,0,0,0,0,TCGA-GM-A2DB-DX1_xmin50586_ymin43110_MPP-0.2500+1
0,196,0,0,0,0,49980,0,0,0,0,0,0,0,0,0,0,0,0,0,0,0,0,0,0,0,196,0,0,0,0,49980,0,0,0,0,0,0,0,0,0,0,0,0,0,0,0,0,0,0,0,196,0,0,0,0,49980,0,0,0,0,0,0,0,0,0,0,0,0,0,0,0,0,0,0,TCGA-GM-A2DB-DX1_xmin50586_ymin43110_MPP-0.2500+10
48598,0,0,0,0,1578,0,0,0,0,0,0,0,0,0,0,0,0,0,0,0,0,0,0,0,48598,0,0,0,0,1578,0,0,0,0,0,0,0,0,0,0,0,0,0,0,0,0,0,0,0,48598,0,0,0,0,1578,0,0,0,0,0,0,0,0,0,0,0,0,0,0,0,0,0,0,0,TCGA-GM-A2DB-DX1_xmin50586_ymin43110_MPP-0.2500+100
38514,0,0,0,0,11662,0,0,0,0,0,0,0,0,0,0,0,0,0,0,0,0,0,0,0,38514,0,0,0,0,11662,0,0,0,0,0,0,0,0,0,0,0,0,0,0,0,0,0,0,0,38514,0,0,0,0,11662,0,0,0,0,0,0,0,0,0,0,0,0,0,0,0,0,0,0,0,TCGA-GM-A2DB-DX1_xmin50586_ymin43110_MPP-0.2500+101
50176,0,0,0,0,0,0,0,0,0,0,0,0,0,0,0,0,0,0,0,0,0,0,0,0,50176,0,0,0,0,0,0,0,0,0,0,0,0,0,0,0,0,0,0,0,0,0,0,0,0,50176,0,0,0,0,0,0,0,0,0,0,0,0,0,0,0,0,0,0,0,0,0,0,0,0,TCGA-GM-A2DB-DX1_xmin50586_ymin43110_MPP-0.2500+102
50176,0,0,0,0,0,0,0,0,0,0,0,0,0,0,0,0,0,0,0,0,0,0,0,0,50176,0,0,0,0,0,0,0,0,0,0,0,0,0,0,0,0,0,0,0,0,0,0,0,0,50176,0,0,0,0,0,0,0,0,0,0,0,0,0,0,0,0,0,0,0,0,0,0,0,0,TCGA-GM-A2DB-DX1_xmin50586_ymin43110_MPP-0.2500+103
33873,0,0,0,0,16303,0,0,0,0,0,0,0,0,0,0,0,0,0,0,0,0,0,0,0,33873,0,0,0,0,16303,0,0,0,0,0,0,0,0,0,0,0,0,0,0,0,0,0,0,0,33873,0,0,0,0,16303,0,0,0,0,0,0,0,0,0,0,0,0,0,0,0,0,0,0,0,TCGA-GM-A2DB-DX1_xmin50586_ymin43110_MPP-0.2500+104
23802,0,0,0,0,26374,0,0,0,0,0,0,0,0,0,0,0,0,0,0,0,0,0,0,0,23802,0,0,0,0,26374,0,0,0,0,0,0,0,0,0,0,0,0,0,0,0,0,0,0,0,23802,0,0,0,0,26374,0,0,0,0,0,0,0,0,0,0,0,0,0,0,0,0,0,0,0,TCGA-GM-A2DB-DX1_xmin50586_ymin43110_MPP-0.2500+105
50094,0,0,0,0,82,0,0,0,0,0,0,0,0,0,0,0,0,0,0,0,0,0,0,0,50094,0,0,0,0,82,0,0,0,0,0,0,0,0,0,0,0,0,0,0,0,0,0,0,0,50094,0,0,0,0,82,0,0,0,0,0,0,0,0,0,0,0,0,0,0,0,0,0,0,0,TCGA-GM-A2DB-DX1_xmin50586_ymin43110_MPP-0.2500+106
50176,0,0,0,0,0,0,0,0,0,0,0,0,0,0,0,0,0,0,0,0,0,0,0,0,50176,0,0,0,0,0,0,0,0,0,0,0,0,0,0,0,0,0,0,0,0,0,0,0,0,50176,0,0,0,0,0,0,0,0,0,0,0,0,0,0,0,0,0,0,0,0,0,0,0,0,TCGA-GM-A2DB-DX1_xmin50586_ymin43110_MPP-0.2500+107
50176,0,0,0,0,0,0,0,0,0,0,0,0,0,0,0,0,0,0,0,0,0,0,0,0,50176,0,0,0,0,0,0,0,0,0,0,0,0,0,0,0,0,0,0,0,0,0,0,0,0,50176,0,0,0,0,0,0,0,0,0,0,0,0,0,0,0,0,0,0,0,0,0,0,0,0,TCGA-GM-A2DB-DX1_xmin50586_ymin43110_MPP-0.2500+108
20251,6985,0,0,0,0,22940,0,0,0,0,0,0,0,0,0,0,0,0,0,0,0,0,0,0,20744,6492,0,0,0,0,22940,0,0,0,0,0,0,0,0,0,0,0,0,0,0,0,0,0,0,20828,6408,0,0,0,18,22922,0,0,0,0,0,0,0,0,0,0,0,0,0,0,0,0,0,0,TCGA-GM-A2DB-DX1_xmin50586_ymin43110_MPP-0.2500+109
8522,12719,0,0,0,2308,26627,0,0,0,0,0,0,0,0,0,0,0,0,0,0,0,0,0,0,8565,12676,0,0,0,2267,26668,0,0,0,0,0,0,0,0,0,0,0,0,0,0,0,0,0,0,8692,12549,0,0,0,2304,26631,0,0,0,0,0,0,0,0,0,0,0,0,0,0,0,0,0,0,TCGA-GM-A2DB-DX1_xmin50586_ymin43110_MPP-0.2500+11
0,0,0,0,0,0,50176,0,0,0,0,0,0,0,0,0,0,0,0,0,0,0,0,0,0,0,0,0,0,0,0,50176,0,0,0,0,0,0,0,0,0,0,0,0,0,0,0,0,0,0,0,0,0,0,0,0,50176,0,0,0,0,0,0,0,0,0,0,0,0,0,0,0,0,0,0,TCGA-GM-A2DB-DX1_xmin50586_ymin43110_MPP-0.2500+110
0,6392,0,0,0,0,43784,0,0,0,0,0,0,0,0,0,0,0,0,0,0,0,0,0,0,0,6392,0,0,0,0,43784,0,0,0,0,0,0,0,0,0,0,0,0,0,0,0,0,0,0,0,6392,0,0,0,0,43784,0,0,0,0,0,0,0,0,0,0,0,0,0,0,0,0,0,0,TCGA-GM-A2DB-DX1_xmin50586_ymin43110_MPP-0.2500+111
50176,0,0,0,0,0,0,0,0,0,0,0,0,0,0,0,0,0,0,0,0,0,0,0,0,50176,0,0,0,0,0,0,0,0,0,0,0,0,0,0,0,0,0,0,0,0,0,0,0,0,50176,0,0,0,0,0,0,0,0,0,0,0,0,0,0,0,0,0,0,0,0,0,0,0,0,TCGA-GM-A2DB-DX1_xmin50586_ymin43110_MPP-0.2500+112
50176,0,0,0,0,0,0,0,0,0,0,0,0,0,0,0,0,0,0,0,0,0,0,0,0,50176,0,0,0,0,0,0,0,0,0,0,0,0,0,0,0,0,0,0,0,0,0,0,0,0,50176,0,0,0,0,0,0,0,0,0,0,0,0,0,0,0,0,0,0,0,0,0,0,0,0,TCGA-GM-A2DB-DX1_xmin50586_ymin43110_MPP-0.2500+113
50176,0,0,0,0,0,0,0,0,0,0,0,0,0,0,0,0,0,0,0,0,0,0,0,0,50176,0,0,0,0,0,0,0,0,0,0,0,0,0,0,0,0,0,0,0,0,0,0,0,0,50176,0,0,0,0,0,0,0,0,0,0,0,0,0,0,0,0,0,0,0,0,0,0,0,0,TCGA-GM-A2DB-DX1_xmin50586_ymin43110_MPP-0.2500+114
416,49760,0,0,0,0,0,0,0,0,0,0,0,0,0,0,0,0,0,0,0,0,0,0,0,6904,43272,0,0,0,0,0,0,0,0,0,0,0,0,0,0,0,0,0,0,0,0,0,0,0,7161,43015,0,0,0,0,0,0,0,0,0,0,0,0,0,0,0,0,0,0,0,0,0,0,0,TCGA-GM-A2DB-DX1_xmin50586_ymin43110_MPP-0.2500+115
2120,0,0,3281,0,0,0,0,0,0,0,0,0,0,0,1736,0,0,43039,0,0,0,0,0,0,2172,0,0,3229,0,0,0,0,0,0,0,0,0,0,0,980,0,0,43795,0,0,0,0,0,0,1550,0,0,3851,0,0,0,0,0,0,0,0,0,0,0,994,0,0,43781,0,0,0,0,0,0,TCGA-GM-A2DB-DX1_xmin50586_ymin43110_MPP-0.2500+116
0,0,0,0,0,0,0,0,0,0,0,0,0,0,0,0,0,0,50176,0,0,0,0,0,0,0,0,0,0,0,0,0,0,0,0,0,0,0,0,0,0,0,0,50176,0,0,0,0,0,0,0,0,0,0,0,0,0,0,0,0,0,0,0,0,0,0,0,0,50176,0,0,0,0,0,0,TCGA-GM-A2DB-DX1_xmin50586_ymin43110_MPP-0.2500+117
0,0,0,43,0,0,0,0,0,0,0,0,0,0,0,0,0,0,50133,0,0,0,0,0,0,0,0,0,43,0,0,0,0,0,0,0,0,0,0,0,0,0,0,50133,0,0,0,0,0,0,0,0,0,43,0,0,0,0,0,0,0,0,0,0,0,0,0,0,50133,0,0,0,0,0,0,TCGA-GM-A2DB-DX1_xmin50586_ymin43110_MPP-0.2500+118
15479,0,0,11205,0,54,0,0,866,0,0,0,0,0,0,0,0,0,22572,0,0,0,0,0,0,14909,0,0,11775,0,65,0,0,855,0,0,0,0,0,0,0,0,0,22572,0,0,0,0,0,0,15866,0,0,10818,0,63,0,0,857,0,0,0,0,0,0,30,0,0,22542,0,0,0,0,0,0,TCGA-GM-A2DB-DX1_xmin50586_ymin43110_MPP-0.2500+119
49003,0,0,0,0,937,0,0,0,0,0,0,0,0,0,236,0,0,0,0,0,0,0,0,0,49003,0,0,0,0,937,0,0,0,0,0,0,0,0,0,236,0,0,0,0,0,0,0,0,0,49003,0,0,0,0,937,0,0,0,0,0,0,0,0,0,236,0,0,0,0,0,0,0,0,0,TCGA-GM-A2DB-DX1_xmin50586_ymin43110_MPP-0.2500+12
50096,0,0,0,0,80,0,0,0,0,0,0,0,0,0,0,0,0,0,0,0,0,0,0,0,50096,0,0,0,0,80,0,0,0,0,0,0,0,0,0,0,0,0,0,0,0,0,0,0,0,50096,0,0,0,0,80,0,0,0,0,0,0,0,0,0,0,0,0,0,0,0,0,0,0,0,TCGA-GM-A2DB-DX1_xmin50586_ymin43110_MPP-0.2500+120
44223,0,0,0,0,5953,0,0,0,0,0,0,0,0,0,0,0,0,0,0,0,0,0,0,0,44223,0,0,0,0,5953,0,0,0,0,0,0,0,0,0,0,0,0,0,0,0,0,0,0,0,44223,0,0,0,0,5953,0,0,0,0,0,0,0,0,0,0,0,0,0,0,0,0,0,0,0,TCGA-GM-A2DB-DX1_xmin50586_ymin43110_MPP-0.2500+121
35313,0,0,0,0,14863,0,0,0,0,0,0,0,0,0,0,0,0,0,0,0,0,0,0,0,35313,0,0,0,0,14863,0,0,0,0,0,0,0,0,0,0,0,0,0,0,0,0,0,0,0,35313,0,0,0,0,14863,0,0,0,0,0,0,0,0,0,0,0,0,0,0,0,0,0,0,0,TCGA-GM-A2DB-DX1_xmin50586_ymin43110_MPP-0.2500+122
39167,0,0,0,0,1708,0,0,0,0,0,0,0,0,0,0,0,0,0,0,0,0,0,0,9301,39167,0,0,0,0,1708,0,0,0,0,0,0,0,0,0,0,0,0,0,0,0,0,0,0,9301,39167,0,0,0,0,1708,0,0,0,0,0,0,0,0,0,0,0,0,0,0,0,0,0,0,9301,TCGA-GM-A2DB-DX1_xmin50586_ymin43110_MPP-0.2500+123
27151,0,0,0,0,5049,0,0,0,0,0,0,0,0,0,0,0,0,0,0,0,0,0,0,17976,27151,0,0,0,0,5049,0,0,0,0,0,0,0,0,0,0,0,0,0,0,0,0,0,0,17976,27151,0,0,0,0,5049,0,0,0,0,0,0,0,0,0,0,0,0,0,0,0,0,0,0,17976,TCGA-GM-A2DB-DX1_xmin50586_ymin43110_MPP-0.2500+124
49144,0,0,0,0,1032,0,0,0,0,0,0,0,0,0,0,0,0,0,0,0,0,0,0,0,49144,0,0,0,0,1032,0,0,0,0,0,0,0,0,0,0,0,0,0,0,0,0,0,0,0,49144,0,0,0,0,1032,0,0,0,0,0,0,0,0,0,0,0,0,0,0,0,0,0,0,0,TCGA-GM-A2DB-DX1_xmin50586_ymin43110_MPP-0.2500+125
0,0,0,1733,0,0,0,0,8910,0,0,0,0,0,0,0,0,0,39533,0,0,0,0,0,0,16,0,0,1717,0,0,0,0,8910,0,0,0,0,0,0,0,0,0,39533,0,0,0,0,0,0,0,0,0,1733,0,0,0,0,8910,0,0,0,0,0,0,0,0,0,39533,0,0,0,0,0,0,TCGA-GM-A2DB-DX1_xmin50586_ymin43110_MPP-0.2500+126
17766,0,0,3,0,4444,0,0,5711,0,0,0,0,0,0,163,0,0,22089,0,0,0,0,0,0,17769,0,0,0,0,4864,0,0,5291,0,0,0,0,0,0,164,0,0,22088,0,0,0,0,0,0,17763,0,0,6,0,4702,0,0,5453,0,0,0,0,0,0,139,0,0,22113,0,0,0,0,0,0,TCGA-GM-A2DB-DX1_xmin50586_ymin43110_MPP-0.2500+127
49396,0,0,0,0,780,0,0,0,0,0,0,0,0,0,0,0,0,0,0,0,0,0,0,0,49396,0,0,0,0,780,0,0,0,0,0,0,0,0,0,0,0,0,0,0,0,0,0,0,0,49396,0,0,0,0,780,0,0,0,0,0,0,0,0,0,0,0,0,0,0,0,0,0,0,0,TCGA-GM-A2DB-DX1_xmin50586_ymin43110_MPP-0.2500+128
49624,0,0,0,0,552,0,0,0,0,0,0,0,0,0,0,0,0,0,0,0,0,0,0,0,49624,0,0,0,0,552,0,0,0,0,0,0,0,0,0,0,0,0,0,0,0,0,0,0,0,49624,0,0,0,0,552,0,0,0,0,0,0,0,0,0,0,0,0,0,0,0,0,0,0,0,TCGA-GM-A2DB-DX1_xmin50586_ymin43110_MPP-0.2500+129
8061,0,0,0,0,3425,7149,0,1020,0,0,0,0,0,0,275,13549,0,16697,0,0,0,0,0,0,8061,0,0,0,0,3343,6497,0,1754,0,0,0,0,0,0,0,12073,0,18448,0,0,0,0,0,0,8061,0,0,0,0,4324,6068,0,1202,0,0,0,0,0,0,441,13342,0,16738,0,0,0,0,0,0,TCGA-GM-A2DB-DX1_xmin50586_ymin43110_MPP-0.2500+13
256,13887,0,0,0,0,36033,0,0,0,0,0,0,0,0,0,0,0,0,0,0,0,0,0,0,1,14142,0,0,0,0,36033,0,0,0,0,0,0,0,0,0,0,0,0,0,0,0,0,0,0,4,14139,0,0,0,0,36033,0,0,0,0,0,0,0,0,0,0,0,0,0,0,0,0,0,0,TCGA-GM-A2DB-DX1_xmin50586_ymin43110_MPP-0.2500+130
0,449,0,0,0,0,49727,0,0,0,0,0,0,0,0,0,0,0,0,0,0,0,0,0,0,0,449,0,0,0,0,49727,0,0,0,0,0,0,0,0,0,0,0,0,0,0,0,0,0,0,0,449,0,0,0,0,49727,0,0,0,0,0,0,0,0,0,0,0,0,0,0,0,0,0,0,TCGA-GM-A2DB-DX1_xmin50586_ymin43110_MPP-0.2500+131
44644,0,0,0,0,5532,0,0,0,0,0,0,0,0,0,0,0,0,0,0,0,0,0,0,0,31005,13639,0,0,0,0,5532,0,0,0,0,0,0,0,0,0,0,0,0,0,0,0,0,0,0,44644,0,0,0,0,5532,0,0,0,0,0,0,0,0,0,0,0,0,0,0,0,0,0,0,0,TCGA-GM-A2DB-DX1_xmin50586_ymin43110_MPP-0.2500+132
50176,0,0,0,0,0,0,0,0,0,0,0,0,0,0,0,0,0,0,0,0,0,0,0,0,50176,0,0,0,0,0,0,0,0,0,0,0,0,0,0,0,0,0,0,0,0,0,0,0,0,50176,0,0,0,0,0,0,0,0,0,0,0,0,0,0,0,0,0,0,0,0,0,0,0,0,TCGA-GM-A2DB-DX1_xmin50586_ymin43110_MPP-0.2500+133
50176,0,0,0,0,0,0,0,0,0,0,0,0,0,0,0,0,0,0,0,0,0,0,0,0,50176,0,0,0,0,0,0,0,0,0,0,0,0,0,0,0,0,0,0,0,0,0,0,0,0,50176,0,0,0,0,0,0,0,0,0,0,0,0,0,0,0,0,0,0,0,0,0,0,0,0,TCGA-GM-A2DB-DX1_xmin50586_ymin43110_MPP-0.2500+134
50078,0,0,0,0,0,0,0,0,0,0,0,0,0,0,98,0,0,0,0,0,0,0,0,0,50078,0,0,0,0,0,0,0,0,0,0,0,0,0,0,98,0,0,0,0,0,0,0,0,0,30594,19484,0,0,0,0,0,0,0,0,0,0,0,0,0,0,98,0,0,0,0,0,0,0,0,TCGA-GM-A2DB-DX1_xmin50586_ymin43110_MPP-0.2500+135
0,0,0,8670,0,0,0,0,0,0,0,0,0,0,0,80,0,0,41426,0,0,0,0,0,0,0,0,0,8670,0,0,0,0,0,0,0,0,0,0,0,208,0,0,41298,0,0,0,0,0,0,0,0,0,8670,0,0,0,0,0,0,0,0,0,0,0,32,0,0,41474,0,0,0,0,0,0,TCGA-GM-A2DB-DX1_xmin50586_ymin43110_MPP-0.2500+136
0,0,0,0,0,0,0,0,0,0,0,0,0,0,0,192,0,0,49984,0,0,0,0,0,0,0,0,0,0,0,0,0,0,0,0,0,0,0,0,0,512,0,0,49664,0,0,0,0,0,0,0,0,0,0,0,0,0,0,0,0,0,0,0,0,0,192,0,0,49984,0,0,0,0,0,0,TCGA-GM-A2DB-DX1_xmin50586_ymin43110_MPP-0.2500+137
0,0,0,0,0,0,0,0,0,0,0,0,0,0,0,32,0,0,50144,0,0,0,0,0,0,0,0,0,0,0,0,0,0,0,0,0,0,0,0,0,272,0,0,49904,0,0,0,0,0,0,0,0,0,0,0,0,0,0,0,0,0,0,0,0,0,48,0,0,50128,0,0,0,0,0,0,TCGA-GM-A2DB-DX1_xmin50586_ymin43110_MPP-0.2500+138
0,0,0,2291,0,0,0,0,0,0,0,0,0,0,0,0,0,0,47885,0,0,0,0,0,0,0,0,0,2291,0,0,0,0,0,0,0,0,0,0,0,0,0,0,47885,0,0,0,0,0,0,0,0,0,2291,0,0,0,0,0,0,0,0,0,0,0,0,0,0,47885,0,0,0,0,0,0,TCGA-GM-A2DB-DX1_xmin50586_ymin43110_MPP-0.2500+139
0,0,0,0,0,0,0,0,0,0,0,0,0,0,0,0,30070,0,20106,0,0,0,0,0,0,0,0,0,0,0,0,0,0,0,0,0,0,0,0,0,0,24810,0,25366,0,0,0,0,0,0,0,0,0,0,0,0,0,0,0,0,0,0,0,0,0,0,30337,0,19839,0,0,0,0,0,0,TCGA-GM-A2DB-DX1_xmin50586_ymin43110_MPP-0.2500+14
36547,0,0,7326,0,191,0,0,1,0,0,0,0,0,0,0,0,0,6111,0,0,0,0,0,0,35726,0,0,8147,0,192,0,0,0,0,0,0,0,0,0,0,0,0,6111,0,0,0,0,0,0,36663,0,0,7210,0,192,0,0,0,0,0,0,0,0,0,0,0,0,6111,0,0,0,0,0,0,TCGA-GM-A2DB-DX1_xmin50586_ymin43110_MPP-0.2500+140
50176,0,0,0,0,0,0,0,0,0,0,0,0,0,0,0,0,0,0,0,0,0,0,0,0,50176,0,0,0,0,0,0,0,0,0,0,0,0,0,0,0,0,0,0,0,0,0,0,0,0,50176,0,0,0,0,0,0,0,0,0,0,0,0,0,0,0,0,0,0,0,0,0,0,0,0,TCGA-GM-A2DB-DX1_xmin50586_ymin43110_MPP-0.2500+141
31522,0,0,0,0,18654,0,0,0,0,0,0,0,0,0,0,0,0,0,0,0,0,0,0,0,31522,0,0,0,0,18654,0,0,0,0,0,0,0,0,0,0,0,0,0,0,0,0,0,0,0,31522,0,0,0,0,18654,0,0,0,0,0,0,0,0,0,0,0,0,0,0,0,0,0,0,0,TCGA-GM-A2DB-DX1_xmin50586_ymin43110_MPP-0.2500+142
41157,0,0,0,0,1478,0,0,0,0,0,0,0,0,0,0,0,0,0,0,0,0,0,0,7541,41157,0,0,0,0,1478,0,0,0,0,0,0,0,0,0,0,0,0,0,0,0,0,0,0,7541,41157,0,0,0,0,1478,0,0,0,0,0,0,0,0,0,0,0,0,0,0,0,0,0,0,7541,TCGA-GM-A2DB-DX1_xmin50586_ymin43110_MPP-0.2500+143
5375,8,0,0,0,12533,25778,0,0,0,0,0,0,0,0,0,0,0,0,0,0,0,0,0,6482,5375,8,0,0,0,12371,25940,0,0,0,0,0,0,0,0,0,0,0,0,0,0,0,0,0,6482,5375,8,0,0,0,13986,24325,0,0,0,0,0,0,0,0,0,0,0,0,0,0,0,0,0,6482,TCGA-GM-A2DB-DX1_xmin50586_ymin43110_MPP-0.2500+144
6089,424,0,0,0,8354,35309,0,0,0,0,0,0,0,0,0,0,0,0,0,0,0,0,0,0,5885,628,0,0,0,7844,35819,0,0,0,0,0,0,0,0,0,0,0,0,0,0,0,0,0,0,6300,213,0,0,0,10665,32998,0,0,0,0,0,0,0,0,0,0,0,0,0,0,0,0,0,0,TCGA-GM-A2DB-DX1_xmin50586_ymin43110_MPP-0.2500+145
0,0,0,0,0,0,0,0,0,0,0,0,0,0,0,560,0,0,49616,0,0,0,0,0,0,0,0,0,0,0,0,0,0,0,0,0,0,0,0,0,432,0,0,49744,0,0,0,0,0,0,0,0,0,0,0,0,0,0,0,0,0,0,0,0,0,432,0,0,49744,0,0,0,0,0,0,TCGA-GM-A2DB-DX1_xmin50586_ymin43110_MPP-0.2500+146
0,0,0,0,0,0,0,0,1020,0,0,0,0,0,0,0,0,0,49156,0,0,0,0,0,0,0,0,0,0,0,0,0,0,1020,0,0,0,0,0,0,0,0,0,49156,0,0,0,0,0,0,0,0,0,0,0,0,0,0,1020,0,0,0,0,0,0,0,0,0,49156,0,0,0,0,0,0,TCGA-GM-A2DB-DX1_xmin50586_ymin43110_MPP-0.2500+147
16590,0,0,4231,0,1659,0,0,11437,0,0,0,0,0,0,0,0,0,16259,0,0,0,0,0,0,16647,0,0,4174,0,1626,0,0,11470,0,0,0,0,0,0,0,0,0,16259,0,0,0,0,0,0,16635,0,0,4186,0,1720,0,0,11376,0,0,0,0,0,0,0,0,0,16259,0,0,0,0,0,0,TCGA-GM-A2DB-DX1_xmin50586_ymin43110_MPP-0.2500+148
50176,0,0,0,0,0,0,0,0,0,0,0,0,0,0,0,0,0,0,0,0,0,0,0,0,50176,0,0,0,0,0,0,0,0,0,0,0,0,0,0,0,0,0,0,0,0,0,0,0,0,50176,0,0,0,0,0,0,0,0,0,0,0,0,0,0,0,0,0,0,0,0,0,0,0,0,TCGA-GM-A2DB-DX1_xmin50586_ymin43110_MPP-0.2500+149
0,0,0,0,0,0,0,0,0,0,0,0,0,0,0,0,27722,0,22454,0,0,0,0,0,0,0,0,0,0,0,0,0,0,0,0,0,0,0,0,0,0,19135,0,31041,0,0,0,0,0,0,0,0,0,0,0,0,0,0,0,0,0,0,0,0,0,0,29606,0,20570,0,0,0,0,0,0,TCGA-GM-A2DB-DX1_xmin50586_ymin43110_MPP-0.2500+15
38055,0,0,0,0,12121,0,0,0,0,0,0,0,0,0,0,0,0,0,0,0,0,0,0,0,38055,0,0,0,0,12121,0,0,0,0,0,0,0,0,0,0,0,0,0,0,0,0,0,0,0,38055,0,0,0,0,12121,0,0,0,0,0,0,0,0,0,0,0,0,0,0,0,0,0,0,0,TCGA-GM-A2DB-DX1_xmin50586_ymin43110_MPP-0.2500+150
0,0,0,0,0,0,32766,0,0,0,0,17410,0,0,0,0,0,0,0,0,0,0,0,0,0,0,0,0,0,0,0,32766,0,0,0,0,17410,0,0,0,0,0,0,0,0,0,0,0,0,0,0,0,0,0,0,0,32766,0,0,0,0,17410,0,0,0,0,0,0,0,0,0,0,0,0,0,TCGA-GM-A2DB-DX1_xmin50586_ymin43110_MPP-0.2500+151
13031,16674,0,0,0,3357,17114,0,0,0,0,0,0,0,0,0,0,0,0,0,0,0,0,0,0,13477,16228,0,0,0,3406,17065,0,0,0,0,0,0,0,0,0,0,0,0,0,0,0,0,0,0,13169,16536,0,0,0,2982,17489,0,0,0,0,0,0,0,0,0,0,0,0,0,0,0,0,0,0,TCGA-GM-A2DB-DX1_xmin50586_ymin43110_MPP-0.2500+152
50176,0,0,0,0,0,0,0,0,0,0,0,0,0,0,0,0,0,0,0,0,0,0,0,0,50176,0,0,0,0,0,0,0,0,0,0,0,0,0,0,0,0,0,0,0,0,0,0,0,0,50176,0,0,0,0,0,0,0,0,0,0,0,0,0,0,0,0,0,0,0,0,0,0,0,0,TCGA-GM-A2DB-DX1_xmin50586_ymin43110_MPP-0.2500+153
50176,0,0,0,0,0,0,0,0,0,0,0,0,0,0,0,0,0,0,0,0,0,0,0,0,50176,0,0,0,0,0,0,0,0,0,0,0,0,0,0,0,0,0,0,0,0,0,0,0,0,50176,0,0,0,0,0,0,0,0,0,0,0,0,0,0,0,0,0,0,0,0,0,0,0,0,TCGA-GM-A2DB-DX1_xmin50586_ymin43110_MPP-0.2500+154
50176,0,0,0,0,0,0,0,0,0,0,0,0,0,0,0,0,0,0,0,0,0,0,0,0,50176,0,0,0,0,0,0,0,0,0,0,0,0,0,0,0,0,0,0,0,0,0,0,0,0,50176,0,0,0,0,0,0,0,0,0,0,0,0,0,0,0,0,0,0,0,0,0,0,0,0,TCGA-GM-A2DB-DX1_xmin50586_ymin43110_MPP-0.2500+155
27356,0,0,17104,0,0,0,0,0,0,0,0,0,0,0,0,0,0,5716,0,0,0,0,0,0,24922,0,0,19538,0,0,0,0,0,0,0,0,0,0,0,192,0,0,5524,0,0,0,0,0,0,27709,0,0,16751,0,0,0,0,0,0,0,0,0,0,0,0,0,0,5716,0,0,0,0,0,0,TCGA-GM-A2DB-DX1_xmin50586_ymin43110_MPP-0.2500+156
0,0,0,5886,0,0,0,0,0,0,0,0,0,0,0,0,0,0,44290,0,0,0,0,0,0,0,0,0,5886,0,0,0,0,0,0,0,0,0,0,0,0,0,0,44290,0,0,0,0,0,0,0,0,0,5886,0,0,0,0,0,0,0,0,0,0,0,0,0,0,44290,0,0,0,0,0,0,TCGA-GM-A2DB-DX1_xmin50586_ymin43110_MPP-0.2500+157
0,0,0,0,0,0,0,0,0,0,0,0,0,0,0,16,0,0,50160,0,0,0,0,0,0,0,0,0,0,0,0,0,0,0,0,0,0,0,0,0,16,0,0,50160,0,0,0,0,0,0,0,0,0,0,0,0,0,0,0,0,0,0,0,0,0,16,0,0,50160,0,0,0,0,0,0,TCGA-GM-A2DB-DX1_xmin50586_ymin43110_MPP-0.2500+158
0,0,0,0,0,0,0,0,0,0,0,0,0,0,0,208,0,0,49968,0,0,0,0,0,0,0,0,0,0,0,0,0,0,0,0,0,0,0,0,0,688,0,0,49488,0,0,0,0,0,0,0,0,0,0,0,0,0,0,0,0,0,0,0,0,0,480,0,0,49696,0,0,0,0,0,0,TCGA-GM-A2DB-DX1_xmin50586_ymin43110_MPP-0.2500+159
0,0,0,0,0,0,0,0,3292,0,0,0,0,0,0,176,0,0,46708,0,0,0,0,0,0,0,0,0,0,0,0,0,0,3292,0,0,0,0,0,0,48,0,0,46836,0,0,0,0,0,0,0,0,0,0,0,0,0,0,3292,0,0,0,0,0,0,48,0,0,46836,0,0,0,0,0,0,TCGA-GM-A2DB-DX1_xmin50586_ymin43110_MPP-0.2500+16
22191,0,0,3376,0,588,0,0,0,0,0,0,0,0,0,538,0,0,23483,0,0,0,0,0,0,20973,0,0,4594,0,588,0,0,0,0,0,0,0,0,0,341,0,0,23680,0,0,0,0,0,0,22364,0,0,3203,0,588,0,0,0,0,0,0,0,0,0,569,0,0,23452,0,0,0,0,0,0,TCGA-GM-A2DB-DX1_xmin50586_ymin43110_MPP-0.2500+160
50176,0,0,0,0,0,0,0,0,0,0,0,0,0,0,0,0,0,0,0,0,0,0,0,0,50176,0,0,0,0,0,0,0,0,0,0,0,0,0,0,0,0,0,0,0,0,0,0,0,0,50176,0,0,0,0,0,0,0,0,0,0,0,0,0,0,0,0,0,0,0,0,0,0,0,0,TCGA-GM-A2DB-DX1_xmin50586_ymin43110_MPP-0.2500+161
35421,0,0,0,0,14755,0,0,0,0,0,0,0,0,0,0,0,0,0,0,0,0,0,0,0,35421,0,0,0,0,14755,0,0,0,0,0,0,0,0,0,0,0,0,0,0,0,0,0,0,0,35421,0,0,0,0,14755,0,0,0,0,0,0,0,0,0,0,0,0,0,0,0,0,0,0,0,TCGA-GM-A2DB-DX1_xmin50586_ymin43110_MPP-0.2500+162
10032,0,0,0,0,29329,0,0,0,0,0,0,0,0,0,0,0,0,0,0,0,0,0,0,10815,10032,0,0,0,0,29329,0,0,0,0,0,0,0,0,0,0,0,0,0,0,0,0,0,0,10815,10032,0,0,0,0,29329,0,0,0,0,0,0,0,0,0,0,0,0,0,0,0,0,0,0,10815,TCGA-GM-A2DB-DX1_xmin50586_ymin43110_MPP-0.2500+163
3,710,0,0,0,61,49402,0,0,0,0,0,0,0,0,0,0,0,0,0,0,0,0,0,0,0,713,0,0,0,1,49462,0,0,0,0,0,0,0,0,0,0,0,0,0,0,0,0,0,0,0,713,0,0,0,1,49462,0,0,0,0,0,0,0,0,0,0,0,0,0,0,0,0,0,0,TCGA-GM-A2DB-DX1_xmin50586_ymin43110_MPP-0.2500+164
0,0,0,0,0,0,41434,8742,0,0,0,0,0,0,0,0,0,0,0,0,0,0,0,0,0,0,0,0,0,0,0,40000,10176,0,0,0,0,0,0,0,0,0,0,0,0,0,0,0,0,0,0,0,0,0,0,0,38983,11193,0,0,0,0,0,0,0,0,0,0,0,0,0,0,0,0,0,TCGA-GM-A2DB-DX1_xmin50586_ymin43110_MPP-0.2500+165
0,0,0,0,0,0,50176,0,0,0,0,0,0,0,0,0,0,0,0,0,0,0,0,0,0,0,0,0,0,0,0,50176,0,0,0,0,0,0,0,0,0,0,0,0,0,0,0,0,0,0,0,0,0,0,0,0,50176,0,0,0,0,0,0,0,0,0,0,0,0,0,0,0,0,0,0,TCGA-GM-A2DB-DX1_xmin50586_ymin43110_MPP-0.2500+166
0,0,0,0,0,0,0,0,0,0,0,0,0,0,0,0,0,0,50176,0,0,0,0,0,0,0,0,0,0,0,0,0,0,0,0,0,0,0,0,0,0,0,0,50176,0,0,0,0,0,0,0,0,0,0,0,0,0,0,0,0,0,0,0,0,0,0,0,0,50176,0,0,0,0,0,0,TCGA-GM-A2DB-DX1_xmin50586_ymin43110_MPP-0.2500+167
1068,0,0,1383,0,196,0,0,4170,0,0,0,0,0,0,0,0,0,43359,0,0,0,0,0,0,1004,0,0,1447,0,196,0,0,4170,0,0,0,0,0,0,0,0,0,43359,0,0,0,0,0,0,1068,0,0,1383,0,132,0,0,4234,0,0,0,0,0,0,0,0,0,43359,0,0,0,0,0,0,TCGA-GM-A2DB-DX1_xmin50586_ymin43110_MPP-0.2500+168
48527,0,0,0,0,1649,0,0,0,0,0,0,0,0,0,0,0,0,0,0,0,0,0,0,0,48527,0,0,0,0,1649,0,0,0,0,0,0,0,0,0,0,0,0,0,0,0,0,0,0,0,48527,0,0,0,0,1649,0,0,0,0,0,0,0,0,0,0,0,0,0,0,0,0,0,0,0,TCGA-GM-A2DB-DX1_xmin50586_ymin43110_MPP-0.2500+169
5899,0,0,0,0,6265,0,0,2709,0,0,0,0,0,0,1050,0,0,34253,0,0,0,0,0,0,5899,0,0,0,0,5084,0,0,3890,0,0,0,0,0,0,727,0,0,34576,0,0,0,0,0,0,5899,0,0,0,0,6525,0,0,2449,0,0,0,0,0,0,1214,0,0,34089,0,0,0,0,0,0,TCGA-GM-A2DB-DX1_xmin50586_ymin43110_MPP-0.2500+17
49231,0,0,0,0,945,0,0,0,0,0,0,0,0,0,0,0,0,0,0,0,0,0,0,0,49231,0,0,0,0,945,0,0,0,0,0,0,0,0,0,0,0,0,0,0,0,0,0,0,0,49231,0,0,0,0,945,0,0,0,0,0,0,0,0,0,0,0,0,0,0,0,0,0,0,0,TCGA-GM-A2DB-DX1_xmin50586_ymin43110_MPP-0.2500+170
0,2599,0,0,0,0,39110,0,0,0,0,8467,0,0,0,0,0,0,0,0,0,0,0,0,0,0,2599,0,0,0,0,39110,0,0,0,0,8467,0,0,0,0,0,0,0,0,0,0,0,0,0,0,2599,0,0,0,0,39110,0,0,0,0,8467,0,0,0,0,0,0,0,0,0,0,0,0,0,TCGA-GM-A2DB-DX1_xmin50586_ymin43110_MPP-0.2500+171
16881,7984,0,0,0,3306,22005,0,0,0,0,0,0,0,0,0,0,0,0,0,0,0,0,0,0,16883,7982,0,0,0,3333,21978,0,0,0,0,0,0,0,0,0,0,0,0,0,0,0,0,0,0,17022,7843,0,0,0,2774,22537,0,0,0,0,0,0,0,0,0,0,0,0,0,0,0,0,0,0,TCGA-GM-A2DB-DX1_xmin50586_ymin43110_MPP-0.2500+172
50176,0,0,0,0,0,0,0,0,0,0,0,0,0,0,0,0,0,0,0,0,0,0,0,0,50176,0,0,0,0,0,0,0,0,0,0,0,0,0,0,0,0,0,0,0,0,0,0,0,0,50176,0,0,0,0,0,0,0,0,0,0,0,0,0,0,0,0,0,0,0,0,0,0,0,0,TCGA-GM-A2DB-DX1_xmin50586_ymin43110_MPP-0.2500+173
50176,0,0,0,0,0,0,0,0,0,0,0,0,0,0,0,0,0,0,0,0,0,0,0,0,50176,0,0,0,0,0,0,0,0,0,0,0,0,0,0,0,0,0,0,0,0,0,0,0,0,50176,0,0,0,0,0,0,0,0,0,0,0,0,0,0,0,0,0,0,0,0,0,0,0,0,TCGA-GM-A2DB-DX1_xmin50586_ymin43110_MPP-0.2500+174
50176,0,0,0,0,0,0,0,0,0,0,0,0,0,0,0,0,0,0,0,0,0,0,0,0,50176,0,0,0,0,0,0,0,0,0,0,0,0,0,0,0,0,0,0,0,0,0,0,0,0,50176,0,0,0,0,0,0,0,0,0,0,0,0,0,0,0,0,0,0,0,0,0,0,0,0,TCGA-GM-A2DB-DX1_xmin50586_ymin43110_MPP-0.2500+175
50176,0,0,0,0,0,0,0,0,0,0,0,0,0,0,0,0,0,0,0,0,0,0,0,0,50176,0,0,0,0,0,0,0,0,0,0,0,0,0,0,0,0,0,0,0,0,0,0,0,0,50176,0,0,0,0,0,0,0,0,0,0,0,0,0,0,0,0,0,0,0,0,0,0,0,0,TCGA-GM-A2DB-DX1_xmin50586_ymin43110_MPP-0.2500+176
24432,0,0,15473,0,0,0,0,0,0,0,0,0,0,0,0,0,0,10271,0,0,0,0,0,0,22987,0,0,16918,0,0,0,0,0,0,0,0,0,0,0,0,0,0,10271,0,0,0,0,0,0,24704,0,0,15201,0,0,0,0,0,0,0,0,0,0,0,0,0,0,10271,0,0,0,0,0,0,TCGA-GM-A2DB-DX1_xmin50586_ymin43110_MPP-0.2500+177
0,0,0,1586,0,0,0,0,0,0,0,0,0,0,0,0,0,0,48590,0,0,0,0,0,0,0,0,0,1586,0,0,0,0,0,0,0,0,0,0,0,0,0,0,48590,0,0,0,0,0,0,0,0,0,1586,0,0,0,0,0,0,0,0,0,0,0,0,0,0,48590,0,0,0,0,0,0,TCGA-GM-A2DB-DX1_xmin50586_ymin43110_MPP-0.2500+178
0,0,0,0,0,0,0,0,0,0,0,0,0,0,0,0,0,0,50176,0,0,0,0,0,0,0,0,0,0,0,0,0,0,0,0,0,0,0,0,0,0,0,0,50176,0,0,0,0,0,0,0,0,0,0,0,0,0,0,0,0,0,0,0,0,0,0,0,0,50176,0,0,0,0,0,0,TCGA-GM-A2DB-DX1_xmin50586_ymin43110_MPP-0.2500+179
0,0,0,0,0,0,46841,0,0,0,0,3335,0,0,0,0,0,0,0,0,0,0,0,0,0,0,0,0,0,0,0,46841,0,0,0,0,3335,0,0,0,0,0,0,0,0,0,0,0,0,0,0,0,0,0,0,0,46841,0,0,0,0,3335,0,0,0,0,0,0,0,0,0,0,0,0,0,TCGA-GM-A2DB-DX1_xmin50586_ymin43110_MPP-0.2500+18
14215,0,0,6637,0,437,0,0,51,0,0,0,0,0,0,1020,0,0,27816,0,0,0,0,0,0,14189,0,0,6663,0,438,0,0,50,0,0,0,0,0,0,812,0,0,28024,0,0,0,0,0,0,14224,0,0,6628,0,432,0,0,56,0,0,0,0,0,0,906,0,0,27930,0,0,0,0,0,0,TCGA-GM-A2DB-DX1_xmin50586_ymin43110_MPP-0.2500+180
50176,0,0,0,0,0,0,0,0,0,0,0,0,0,0,0,0,0,0,0,0,0,0,0,0,50176,0,0,0,0,0,0,0,0,0,0,0,0,0,0,0,0,0,0,0,0,0,0,0,0,50176,0,0,0,0,0,0,0,0,0,0,0,0,0,0,0,0,0,0,0,0,0,0,0,0,TCGA-GM-A2DB-DX1_xmin50586_ymin43110_MPP-0.2500+181
42011,0,0,0,0,8165,0,0,0,0,0,0,0,0,0,0,0,0,0,0,0,0,0,0,0,42011,0,0,0,0,8165,0,0,0,0,0,0,0,0,0,0,0,0,0,0,0,0,0,0,0,42011,0,0,0,0,8165,0,0,0,0,0,0,0,0,0,0,0,0,0,0,0,0,0,0,0,TCGA-GM-A2DB-DX1_xmin50586_ymin43110_MPP-0.2500+182
11935,0,0,0,0,38241,0,0,0,0,0,0,0,0,0,0,0,0,0,0,0,0,0,0,0,11935,0,0,0,0,38241,0,0,0,0,0,0,0,0,0,0,0,0,0,0,0,0,0,0,0,11935,0,0,0,0,38241,0,0,0,0,0,0,0,0,0,0,0,0,0,0,0,0,0,0,0,TCGA-GM-A2DB-DX1_xmin50586_ymin43110_MPP-0.2500+183
17441,5096,0,0,0,10125,17514,0,0,0,0,0,0,0,0,0,0,0,0,0,0,0,0,0,0,17462,5075,0,0,0,10254,17385,0,0,0,0,0,0,0,0,0,0,0,0,0,0,0,0,0,0,17950,4587,0,0,0,10829,16810,0,0,0,0,0,0,0,0,0,0,0,0,0,0,0,0,0,0,TCGA-GM-A2DB-DX1_xmin50586_ymin43110_MPP-0.2500+184
2159,0,0,0,0,48017,0,0,0,0,0,0,0,0,0,0,0,0,0,0,0,0,0,0,0,2159,0,0,0,0,48017,0,0,0,0,0,0,0,0,0,0,0,0,0,0,0,0,0,0,0,2159,0,0,0,0,48017,0,0,0,0,0,0,0,0,0,0,0,0,0,0,0,0,0,0,0,TCGA-GM-A2DB-DX1_xmin50586_ymin43110_MPP-0.2500+185
0,0,0,0,0,0,50176,0,0,0,0,0,0,0,0,0,0,0,0,0,0,0,0,0,0,0,0,0,0,0,0,50176,0,0,0,0,0,0,0,0,0,0,0,0,0,0,0,0,0,0,0,0,0,0,0,0,50176,0,0,0,0,0,0,0,0,0,0,0,0,0,0,0,0,0,0,TCGA-GM-A2DB-DX1_xmin50586_ymin43110_MPP-0.2500+186
0,0,0,0,0,0,0,0,0,0,0,0,0,0,0,720,0,0,49456,0,0,0,0,0,0,0,0,0,0,0,0,0,0,0,0,0,0,0,0,0,400,0,0,49776,0,0,0,0,0,0,0,0,0,0,0,0,0,0,0,0,0,0,0,0,0,1808,0,0,48368,0,0,0,0,0,0,TCGA-GM-A2DB-DX1_xmin50586_ymin43110_MPP-0.2500+187
0,0,0,0,0,0,0,0,19,0,0,0,0,0,0,0,0,0,50157,0,0,0,0,0,0,0,0,0,0,0,0,0,0,19,0,0,0,0,0,0,0,0,0,50157,0,0,0,0,0,0,0,0,0,0,0,0,0,0,19,0,0,0,0,0,0,0,0,0,50157,0,0,0,0,0,0,TCGA-GM-A2DB-DX1_xmin50586_ymin43110_MPP-0.2500+188
32101,0,0,5257,0,9,0,0,8586,0,0,0,0,0,0,0,0,0,4223,0,0,0,0,0,0,31877,0,0,5481,0,4,0,0,8591,0,0,0,0,0,0,0,0,0,4223,0,0,0,0,0,0,32336,0,0,5022,0,4,0,0,8591,0,0,0,0,0,0,0,0,0,4223,0,0,0,0,0,0,TCGA-GM-A2DB-DX1_xmin50586_ymin43110_MPP-0.2500+189
0,0,0,0,0,0,50176,0,0,0,0,0,0,0,0,0,0,0,0,0,0,0,0,0,0,0,0,0,0,0,0,50176,0,0,0,0,0,0,0,0,0,0,0,0,0,0,0,0,0,0,0,0,0,0,0,0,50176,0,0,0,0,0,0,0,0,0,0,0,0,0,0,0,0,0,0,TCGA-GM-A2DB-DX1_xmin50586_ymin43110_MPP-0.2500+19
50176,0,0,0,0,0,0,0,0,0,0,0,0,0,0,0,0,0,0,0,0,0,0,0,0,50176,0,0,0,0,0,0,0,0,0,0,0,0,0,0,0,0,0,0,0,0,0,0,0,0,50176,0,0,0,0,0,0,0,0,0,0,0,0,0,0,0,0,0,0,0,0,0,0,0,0,TCGA-GM-A2DB-DX1_xmin50586_ymin43110_MPP-0.2500+190
23950,66,0,0,0,3432,22728,0,0,0,0,0,0,0,0,0,0,0,0,0,0,0,0,0,0,23940,76,0,0,0,2911,23249,0,0,0,0,0,0,0,0,0,0,0,0,0,0,0,0,0,0,23961,55,0,0,0,4087,22073,0,0,0,0,0,0,0,0,0,0,0,0,0,0,0,0,0,0,TCGA-GM-A2DB-DX1_xmin50586_ymin43110_MPP-0.2500+191
7690,0,0,0,0,12310,30176,0,0,0,0,0,0,0,0,0,0,0,0,0,0,0,0,0,0,7690,0,0,0,0,12344,30142,0,0,0,0,0,0,0,0,0,0,0,0,0,0,0,0,0,0,7690,0,0,0,0,12543,29943,0,0,0,0,0,0,0,0,0,0,0,0,0,0,0,0,0,0,TCGA-GM-A2DB-DX1_xmin50586_ymin43110_MPP-0.2500+192
49865,0,0,0,0,311,0,0,0,0,0,0,0,0,0,0,0,0,0,0,0,0,0,0,0,49865,0,0,0,0,311,0,0,0,0,0,0,0,0,0,0,0,0,0,0,0,0,0,0,0,49865,0,0,0,0,311,0,0,0,0,0,0,0,0,0,0,0,0,0,0,0,0,0,0,0,TCGA-GM-A2DB-DX1_xmin50586_ymin43110_MPP-0.2500+193
50176,0,0,0,0,0,0,0,0,0,0,0,0,0,0,0,0,0,0,0,0,0,0,0,0,50176,0,0,0,0,0,0,0,0,0,0,0,0,0,0,0,0,0,0,0,0,0,0,0,0,50176,0,0,0,0,0,0,0,0,0,0,0,0,0,0,0,0,0,0,0,0,0,0,0,0,TCGA-GM-A2DB-DX1_xmin50586_ymin43110_MPP-0.2500+194
50176,0,0,0,0,0,0,0,0,0,0,0,0,0,0,0,0,0,0,0,0,0,0,0,0,50176,0,0,0,0,0,0,0,0,0,0,0,0,0,0,0,0,0,0,0,0,0,0,0,0,50176,0,0,0,0,0,0,0,0,0,0,0,0,0,0,0,0,0,0,0,0,0,0,0,0,TCGA-GM-A2DB-DX1_xmin50586_ymin43110_MPP-0.2500+195
50176,0,0,0,0,0,0,0,0,0,0,0,0,0,0,0,0,0,0,0,0,0,0,0,0,50176,0,0,0,0,0,0,0,0,0,0,0,0,0,0,0,0,0,0,0,0,0,0,0,0,50176,0,0,0,0,0,0,0,0,0,0,0,0,0,0,0,0,0,0,0,0,0,0,0,0,TCGA-GM-A2DB-DX1_xmin50586_ymin43110_MPP-0.2500+196
50176,0,0,0,0,0,0,0,0,0,0,0,0,0,0,0,0,0,0,0,0,0,0,0,0,50176,0,0,0,0,0,0,0,0,0,0,0,0,0,0,0,0,0,0,0,0,0,0,0,0,50176,0,0,0,0,0,0,0,0,0,0,0,0,0,0,0,0,0,0,0,0,0,0,0,0,TCGA-GM-A2DB-DX1_xmin50586_ymin43110_MPP-0.2500+197
23791,0,0,2243,0,0,0,0,0,0,0,0,0,0,0,457,0,0,23685,0,0,0,0,0,0,23286,0,0,2748,0,0,0,0,0,0,0,0,0,0,0,244,0,0,23898,0,0,0,0,0,0,23832,0,0,2202,0,0,0,0,0,0,0,0,0,0,0,430,0,0,23712,0,0,0,0,0,0,TCGA-GM-A2DB-DX1_xmin50586_ymin43110_MPP-0.2500+198
0,0,0,0,0,0,0,0,0,0,0,0,0,0,0,0,0,0,50176,0,0,0,0,0,0,0,0,0,0,0,0,0,0,0,0,0,0,0,0,0,0,0,0,50176,0,0,0,0,0,0,0,0,0,0,0,0,0,0,0,0,0,0,0,0,0,0,0,0,50176,0,0,0,0,0,0,TCGA-GM-A2DB-DX1_xmin50586_ymin43110_MPP-0.2500+199
3586,0,0,27,0,2956,0,0,3171,0,0,0,0,0,0,690,0,0,39746,0,0,0,0,0,0,2955,0,0,658,0,853,0,0,5274,0,0,0,0,0,0,32,0,0,40404,0,0,0,0,0,0,3586,0,0,27,0,2704,0,0,3423,0,0,0,0,0,0,814,0,0,39622,0,0,0,0,0,0,TCGA-GM-A2DB-DX1_xmin50586_ymin43110_MPP-0.2500+2
0,0,0,0,0,0,50176,0,0,0,0,0,0,0,0,0,0,0,0,0,0,0,0,0,0,0,0,0,0,0,0,50176,0,0,0,0,0,0,0,0,0,0,0,0,0,0,0,0,0,0,0,0,0,0,0,0,50176,0,0,0,0,0,0,0,0,0,0,0,0,0,0,0,0,0,0,TCGA-GM-A2DB-DX1_xmin50586_ymin43110_MPP-0.2500+20
1168,0,0,7063,0,0,0,0,178,0,0,0,0,0,0,0,0,0,41767,0,0,0,0,0,0,1584,0,0,6647,0,0,0,0,178,0,0,0,0,0,0,0,0,0,41767,0,0,0,0,0,0,656,0,0,7575,0,0,0,0,178,0,0,0,0,0,0,0,0,0,41767,0,0,0,0,0,0,TCGA-GM-A2DB-DX1_xmin50586_ymin43110_MPP-0.2500+200
49788,0,0,0,0,388,0,0,0,0,0,0,0,0,0,0,0,0,0,0,0,0,0,0,0,49788,0,0,0,0,388,0,0,0,0,0,0,0,0,0,0,0,0,0,0,0,0,0,0,0,49788,0,0,0,0,388,0,0,0,0,0,0,0,0,0,0,0,0,0,0,0,0,0,0,0,TCGA-GM-A2DB-DX1_xmin50586_ymin43110_MPP-0.2500+201
36855,0,0,0,0,13321,0,0,0,0,0,0,0,0,0,0,0,0,0,0,0,0,0,0,0,36855,0,0,0,0,13321,0,0,0,0,0,0,0,0,0,0,0,0,0,0,0,0,0,0,0,36855,0,0,0,0,13321,0,0,0,0,0,0,0,0,0,0,0,0,0,0,0,0,0,0,0,TCGA-GM-A2DB-DX1_xmin50586_ymin43110_MPP-0.2500+202
30967,0,0,0,0,19209,0,0,0,0,0,0,0,0,0,0,0,0,0,0,0,0,0,0,0,30967,0,0,0,0,19209,0,0,0,0,0,0,0,0,0,0,0,0,0,0,0,0,0,0,0,30967,0,0,0,0,19209,0,0,0,0,0,0,0,0,0,0,0,0,0,0,0,0,0,0,0,TCGA-GM-A2DB-DX1_xmin50586_ymin43110_MPP-0.2500+203
50176,0,0,0,0,0,0,0,0,0,0,0,0,0,0,0,0,0,0,0,0,0,0,0,0,50176,0,0,0,0,0,0,0,0,0,0,0,0,0,0,0,0,0,0,0,0,0,0,0,0,50176,0,0,0,0,0,0,0,0,0,0,0,0,0,0,0,0,0,0,0,0,0,0,0,0,TCGA-GM-A2DB-DX1_xmin50586_ymin43110_MPP-0.2500+204
15860,0,0,0,0,34316,0,0,0,0,0,0,0,0,0,0,0,0,0,0,0,0,0,0,0,15860,0,0,0,0,34316,0,0,0,0,0,0,0,0,0,0,0,0,0,0,0,0,0,0,0,15860,0,0,0,0,34316,0,0,0,0,0,0,0,0,0,0,0,0,0,0,0,0,0,0,0,TCGA-GM-A2DB-DX1_xmin50586_ymin43110_MPP-0.2500+205
0,0,0,0,0,1,50175,0,0,0,0,0,0,0,0,0,0,0,0,0,0,0,0,0,0,0,0,0,0,0,1,50175,0,0,0,0,0,0,0,0,0,0,0,0,0,0,0,0,0,0,0,0,0,0,0,1,50175,0,0,0,0,0,0,0,0,0,0,0,0,0,0,0,0,0,0,TCGA-GM-A2DB-DX1_xmin50586_ymin43110_MPP-0.2500+206
0,0,0,0,0,0,0,0,0,0,0,0,0,0,0,0,0,0,50176,0,0,0,0,0,0,0,0,0,0,0,0,0,0,0,0,0,0,0,0,0,16,0,0,50160,0,0,0,0,0,0,0,0,0,0,0,0,0,0,0,0,0,0,0,0,0,0,0,0,50176,0,0,0,0,0,0,TCGA-GM-A2DB-DX1_xmin50586_ymin43110_MPP-0.2500+207
0,0,0,0,0,0,0,0,0,0,0,0,0,0,0,560,0,0,49616,0,0,0,0,0,0,0,0,0,0,0,0,0,0,0,0,0,0,0,0,0,528,0,0,49648,0,0,0,0,0,0,0,0,0,0,0,0,0,0,0,0,0,0,0,0,0,656,0,0,49520,0,0,0,0,0,0,TCGA-GM-A2DB-DX1_xmin50586_ymin43110_MPP-0.2500+208
20625,0,0,403,0,1397,0,0,8182,0,0,0,0,0,0,0,0,0,19569,0,0,0,0,0,0,20185,0,0,843,0,1158,0,0,8421,0,0,0,0,0,0,0,0,0,19569,0,0,0,0,0,0,20660,0,0,368,0,1348,0,0,8231,0,0,0,0,0,0,0,0,0,19569,0,0,0,0,0,0,TCGA-GM-A2DB-DX1_xmin50586_ymin43110_MPP-0.2500+209
0,0,0,0,0,0,50176,0,0,0,0,0,0,0,0,0,0,0,0,0,0,0,0,0,0,0,0,0,0,0,0,50176,0,0,0,0,0,0,0,0,0,0,0,0,0,0,0,0,0,0,0,0,0,0,0,0,50176,0,0,0,0,0,0,0,0,0,0,0,0,0,0,0,0,0,0,TCGA-GM-A2DB-DX1_xmin50586_ymin43110_MPP-0.2500+21
50176,0,0,0,0,0,0,0,0,0,0,0,0,0,0,0,0,0,0,0,0,0,0,0,0,50176,0,0,0,0,0,0,0,0,0,0,0,0,0,0,0,0,0,0,0,0,0,0,0,0,50176,0,0,0,0,0,0,0,0,0,0,0,0,0,0,0,0,0,0,0,0,0,0,0,0,TCGA-GM-A2DB-DX1_xmin50586_ymin43110_MPP-0.2500+210
50116,0,0,0,0,60,0,0,0,0,0,0,0,0,0,0,0,0,0,0,0,0,0,0,0,50116,0,0,0,0,60,0,0,0,0,0,0,0,0,0,0,0,0,0,0,0,0,0,0,0,50116,0,0,0,0,60,0,0,0,0,0,0,0,0,0,0,0,0,0,0,0,0,0,0,0,TCGA-GM-A2DB-DX1_xmin50586_ymin43110_MPP-0.2500+211
14689,461,0,0,0,7253,27773,0,0,0,0,0,0,0,0,0,0,0,0,0,0,0,0,0,0,14717,433,0,0,0,7208,27818,0,0,0,0,0,0,0,0,0,0,0,0,0,0,0,0,0,0,14809,341,0,0,0,7494,27532,0,0,0,0,0,0,0,0,0,0,0,0,0,0,0,0,0,0,TCGA-GM-A2DB-DX1_xmin50586_ymin43110_MPP-0.2500+212
33073,0,0,0,0,17103,0,0,0,0,0,0,0,0,0,0,0,0,0,0,0,0,0,0,0,33073,0,0,0,0,17103,0,0,0,0,0,0,0,0,0,0,0,0,0,0,0,0,0,0,0,33073,0,0,0,0,17103,0,0,0,0,0,0,0,0,0,0,0,0,0,0,0,0,0,0,0,TCGA-GM-A2DB-DX1_xmin50586_ymin43110_MPP-0.2500+213
50176,0,0,0,0,0,0,0,0,0,0,0,0,0,0,0,0,0,0,0,0,0,0,0,0,50176,0,0,0,0,0,0,0,0,0,0,0,0,0,0,0,0,0,0,0,0,0,0,0,0,50176,0,0,0,0,0,0,0,0,0,0,0,0,0,0,0,0,0,0,0,0,0,0,0,0,TCGA-GM-A2DB-DX1_xmin50586_ymin43110_MPP-0.2500+214
50176,0,0,0,0,0,0,0,0,0,0,0,0,0,0,0,0,0,0,0,0,0,0,0,0,50176,0,0,0,0,0,0,0,0,0,0,0,0,0,0,0,0,0,0,0,0,0,0,0,0,50176,0,0,0,0,0,0,0,0,0,0,0,0,0,0,0,0,0,0,0,0,0,0,0,0,TCGA-GM-A2DB-DX1_xmin50586_ymin43110_MPP-0.2500+215
50176,0,0,0,0,0,0,0,0,0,0,0,0,0,0,0,0,0,0,0,0,0,0,0,0,50176,0,0,0,0,0,0,0,0,0,0,0,0,0,0,0,0,0,0,0,0,0,0,0,0,50176,0,0,0,0,0,0,0,0,0,0,0,0,0,0,0,0,0,0,0,0,0,0,0,0,TCGA-GM-A2DB-DX1_xmin50586_ymin43110_MPP-0.2500+216
50176,0,0,0,0,0,0,0,0,0,0,0,0,0,0,0,0,0,0,0,0,0,0,0,0,50176,0,0,0,0,0,0,0,0,0,0,0,0,0,0,0,0,0,0,0,0,0,0,0,0,50176,0,0,0,0,0,0,0,0,0,0,0,0,0,0,0,0,0,0,0,0,0,0,0,0,TCGA-GM-A2DB-DX1_xmin50586_ymin43110_MPP-0.2500+217
48746,0,0,0,0,0,0,0,0,0,0,0,0,0,0,1430,0,0,0,0,0,0,0,0,0,48746,0,0,0,0,0,0,0,0,0,0,0,0,0,0,1430,0,0,0,0,0,0,0,0,0,48746,0,0,0,0,0,0,0,0,0,0,0,0,0,0,1430,0,0,0,0,0,0,0,0,0,TCGA-GM-A2DB-DX1_xmin50586_ymin43110_MPP-0.2500+218
30274,0,0,0,0,3778,0,0,0,0,0,0,0,0,0,16124,0,0,0,0,0,0,0,0,0,30274,0,0,0,0,3778,0,0,0,0,0,0,0,0,0,16124,0,0,0,0,0,0,0,0,0,30274,0,0,0,0,3778,0,0,0,0,0,0,0,0,0,16124,0,0,0,0,0,0,0,0,0,TCGA-GM-A2DB-DX1_xmin50586_ymin43110_MPP-0.2500+219
0,0,0,0,0,0,50176,0,0,0,0,0,0,0,0,0,0,0,0,0,0,0,0,0,0,0,0,0,0,0,0,50176,0,0,0,0,0,0,0,0,0,0,0,0,0,0,0,0,0,0,0,0,0,0,0,0,50176,0,0,0,0,0,0,0,0,0,0,0,0,0,0,0,0,0,0,TCGA-GM-A2DB-DX1_xmin50586_ymin43110_MPP-0.2500+22
37075,0,0,0,0,6052,0,0,0,0,0,0,0,0,0,7049,0,0,0,0,0,0,0,0,0,37075,0,0,0,0,6052,0,0,0,0,0,0,0,0,0,7049,0,0,0,0,0,0,0,0,0,37075,0,0,0,0,6052,0,0,0,0,0,0,0,0,0,7049,0,0,0,0,0,0,0,0,0,TCGA-GM-A2DB-DX1_xmin50586_ymin43110_MPP-0.2500+220
43028,0,0,0,0,7148,0,0,0,0,0,0,0,0,0,0,0,0,0,0,0,0,0,0,0,43028,0,0,0,0,7148,0,0,0,0,0,0,0,0,0,0,0,0,0,0,0,0,0,0,0,43028,0,0,0,0,7148,0,0,0,0,0,0,0,0,0,0,0,0,0,0,0,0,0,0,0,TCGA-GM-A2DB-DX1_xmin50586_ymin43110_MPP-0.2500+221
11129,0,0,0,0,34189,0,0,0,0,4858,0,0,0,0,0,0,0,0,0,0,0,0,0,0,11129,0,0,0,0,34189,0,0,0,0,4858,0,0,0,0,0,0,0,0,0,0,0,0,0,0,11129,0,0,0,0,34189,0,0,0,0,4858,0,0,0,0,0,0,0,0,0,0,0,0,0,0,TCGA-GM-A2DB-DX1_xmin50586_ymin43110_MPP-0.2500+222
16067,0,0,0,0,31080,0,0,0,0,3029,0,0,0,0,0,0,0,0,0,0,0,0,0,0,16067,0,0,0,0,31080,0,0,0,0,3029,0,0,0,0,0,0,0,0,0,0,0,0,0,0,16067,0,0,0,0,31080,0,0,0,0,3029,0,0,0,0,0,0,0,0,0,0,0,0,0,0,TCGA-GM-A2DB-DX1_xmin50586_ymin43110_MPP-0.2500+223
35228,0,0,0,0,14948,0,0,0,0,0,0,0,0,0,0,0,0,0,0,0,0,0,0,0,35228,0,0,0,0,14948,0,0,0,0,0,0,0,0,0,0,0,0,0,0,0,0,0,0,0,35228,0,0,0,0,14948,0,0,0,0,0,0,0,0,0,0,0,0,0,0,0,0,0,0,0,TCGA-GM-A2DB-DX1_xmin50586_ymin43110_MPP-0.2500+224
48,0,0,0,0,49537,0,0,0,0,591,0,0,0,0,0,0,0,0,0,0,0,0,0,0,48,0,0,0,0,49537,0,0,0,0,591,0,0,0,0,0,0,0,0,0,0,0,0,0,0,48,0,0,0,0,49537,0,0,0,0,591,0,0,0,0,0,0,0,0,0,0,0,0,0,0,TCGA-GM-A2DB-DX1_xmin50586_ymin43110_MPP-0.2500+225
0,0,0,0,0,0,37000,1087,0,0,0,5340,6749,0,0,0,0,0,0,0,0,0,0,0,0,0,0,0,0,0,0,36902,1185,0,0,0,4642,7447,0,0,0,0,0,0,0,0,0,0,0,0,0,0,0,0,0,0,37118,969,0,0,0,5356,6733,0,0,0,0,0,0,0,0,0,0,0,0,TCGA-GM-A2DB-DX1_xmin50586_ymin43110_MPP-0.2500+226
0,0,0,0,0,0,33040,14446,0,0,0,1284,1406,0,0,0,0,0,0,0,0,0,0,0,0,0,0,0,0,0,0,30445,17041,0,0,0,1162,1528,0,0,0,0,0,0,0,0,0,0,0,0,0,0,0,0,0,0,31427,16059,0,0,0,1197,1493,0,0,0,0,0,0,0,0,0,0,0,0,TCGA-GM-A2DB-DX1_xmin50586_ymin43110_MPP-0.2500+227
0,0,0,0,0,0,0,0,0,0,0,0,0,0,0,0,0,0,50176,0,0,0,0,0,0,0,0,0,0,0,0,0,0,0,0,0,0,0,0,0,4,0,0,50172,0,0,0,0,0,0,0,0,0,0,0,0,0,0,0,0,0,0,0,0,0,0,0,0,50176,0,0,0,0,0,0,TCGA-GM-A2DB-DX1_xmin50586_ymin43110_MPP-0.2500+228
892,0,0,284,0,180,0,0,3344,0,0,0,0,0,0,0,0,0,45476,0,0,0,0,0,0,1176,0,0,0,0,2217,0,0,1307,0,0,0,0,0,0,248,0,0,45228,0,0,0,0,0,0,956,0,0,220,0,180,0,0,3344,0,0,0,0,0,0,0,0,0,45476,0,0,0,0,0,0,TCGA-GM-A2DB-DX1_xmin50586_ymin43110_MPP-0.2500+229
0,0,0,0,0,5248,44928,0,0,0,0,0,0,0,0,0,0,0,0,0,0,0,0,0,0,0,0,0,0,0,5032,45144,0,0,0,0,0,0,0,0,0,0,0,0,0,0,0,0,0,0,0,0,0,0,0,5303,44873,0,0,0,0,0,0,0,0,0,0,0,0,0,0,0,0,0,0,TCGA-GM-A2DB-DX1_xmin50586_ymin43110_MPP-0.2500+23
35846,0,0,189,0,2474,0,0,2436,0,0,0,0,0,0,792,0,0,8439,0,0,0,0,0,0,35480,0,0,555,0,2149,0,0,2761,0,0,0,0,0,0,730,0,0,8501,0,0,0,0,0,0,35909,0,0,126,0,2522,0,0,2388,0,0,0,0,0,0,806,0,0,8425,0,0,0,0,0,0,TCGA-GM-A2DB-DX1_xmin50586_ymin43110_MPP-0.2500+230
50176,0,0,0,0,0,0,0,0,0,0,0,0,0,0,0,0,0,0,0,0,0,0,0,0,50176,0,0,0,0,0,0,0,0,0,0,0,0,0,0,0,0,0,0,0,0,0,0,0,0,50176,0,0,0,0,0,0,0,0,0,0,0,0,0,0,0,0,0,0,0,0,0,0,0,0,TCGA-GM-A2DB-DX1_xmin50586_ymin43110_MPP-0.2500+231
42024,0,0,0,0,8152,0,0,0,0,0,0,0,0,0,0,0,0,0,0,0,0,0,0,0,42024,0,0,0,0,8152,0,0,0,0,0,0,0,0,0,0,0,0,0,0,0,0,0,0,0,42024,0,0,0,0,8152,0,0,0,0,0,0,0,0,0,0,0,0,0,0,0,0,0,0,0,TCGA-GM-A2DB-DX1_xmin50586_ymin43110_MPP-0.2500+232
9551,1209,0,0,0,15097,24319,0,0,0,0,0,0,0,0,0,0,0,0,0,0,0,0,0,0,9556,1204,0,0,0,15227,24189,0,0,0,0,0,0,0,0,0,0,0,0,0,0,0,0,0,0,9487,1273,0,0,0,15331,24085,0,0,0,0,0,0,0,0,0,0,0,0,0,0,0,0,0,0,TCGA-GM-A2DB-DX1_xmin50586_ymin43110_MPP-0.2500+233
44503,0,0,0,0,5673,0,0,0,0,0,0,0,0,0,0,0,0,0,0,0,0,0,0,0,44503,0,0,0,0,5673,0,0,0,0,0,0,0,0,0,0,0,0,0,0,0,0,0,0,0,44503,0,0,0,0,5673,0,0,0,0,0,0,0,0,0,0,0,0,0,0,0,0,0,0,0,TCGA-GM-A2DB-DX1_xmin50586_ymin43110_MPP-0.2500+234
50176,0,0,0,0,0,0,0,0,0,0,0,0,0,0,0,0,0,0,0,0,0,0,0,0,50176,0,0,0,0,0,0,0,0,0,0,0,0,0,0,0,0,0,0,0,0,0,0,0,0,50176,0,0,0,0,0,0,0,0,0,0,0,0,0,0,0,0,0,0,0,0,0,0,0,0,TCGA-GM-A2DB-DX1_xmin50586_ymin43110_MPP-0.2500+235
30472,0,0,318,0,3121,0,0,10172,0,0,0,0,0,0,186,0,0,5907,0,0,0,0,0,0,30262,0,0,528,0,2587,0,0,10706,0,0,0,0,0,0,131,0,0,5962,0,0,0,0,0,0,30611,0,0,179,0,3515,0,0,9778,0,0,0,0,0,0,195,0,0,5898,0,0,0,0,0,0,TCGA-GM-A2DB-DX1_xmin50586_ymin43110_MPP-0.2500+236
29539,0,0,4354,0,1737,0,0,7804,0,0,0,0,0,0,0,0,0,6742,0,0,0,0,0,0,29368,0,0,4525,0,972,0,0,8569,0,0,0,0,0,0,0,0,0,6742,0,0,0,0,0,0,29746,0,0,4147,0,2011,0,0,7530,0,0,0,0,0,0,0,0,0,6742,0,0,0,0,0,0,TCGA-GM-A2DB-DX1_xmin50586_ymin43110_MPP-0.2500+237
50042,0,0,0,0,134,0,0,0,0,0,0,0,0,0,0,0,0,0,0,0,0,0,0,0,50042,0,0,0,0,134,0,0,0,0,0,0,0,0,0,0,0,0,0,0,0,0,0,0,0,50042,0,0,0,0,134,0,0,0,0,0,0,0,0,0,0,0,0,0,0,0,0,0,0,0,TCGA-GM-A2DB-DX1_xmin50586_ymin43110_MPP-0.2500+238
50176,0,0,0,0,0,0,0,0,0,0,0,0,0,0,0,0,0,0,0,0,0,0,0,0,50176,0,0,0,0,0,0,0,0,0,0,0,0,0,0,0,0,0,0,0,0,0,0,0,0,50176,0,0,0,0,0,0,0,0,0,0,0,0,0,0,0,0,0,0,0,0,0,0,0,0,TCGA-GM-A2DB-DX1_xmin50586_ymin43110_MPP-0.2500+239
16573,3186,0,0,0,313,30104,0,0,0,0,0,0,0,0,0,0,0,0,0,0,0,0,0,0,16478,3281,0,0,0,244,30173,0,0,0,0,0,0,0,0,0,0,0,0,0,0,0,0,0,0,16514,3245,0,0,0,210,30207,0,0,0,0,0,0,0,0,0,0,0,0,0,0,0,0,0,0,TCGA-GM-A2DB-DX1_xmin50586_ymin43110_MPP-0.2500+24
50176,0,0,0,0,0,0,0,0,0,0,0,0,0,0,0,0,0,0,0,0,0,0,0,0,50176,0,0,0,0,0,0,0,0,0,0,0,0,0,0,0,0,0,0,0,0,0,0,0,0,50176,0,0,0,0,0,0,0,0,0,0,0,0,0,0,0,0,0,0,0,0,0,0,0,0,TCGA-GM-A2DB-DX1_xmin50586_ymin43110_MPP-0.2500+240
28280,0,0,0,0,21896,0,0,0,0,0,0,0,0,0,0,0,0,0,0,0,0,0,0,0,28280,0,0,0,0,21896,0,0,0,0,0,0,0,0,0,0,0,0,0,0,0,0,0,0,0,28280,0,0,0,0,21896,0,0,0,0,0,0,0,0,0,0,0,0,0,0,0,0,0,0,0,TCGA-GM-A2DB-DX1_xmin50586_ymin43110_MPP-0.2500+241
0,0,0,0,0,13582,0,0,0,0,36594,0,0,0,0,0,0,0,0,0,0,0,0,0,0,0,0,0,0,0,13582,0,0,0,0,36594,0,0,0,0,0,0,0,0,0,0,0,0,0,0,0,0,0,0,0,160,13422,0,0,0,64,36530,0,0,0,0,0,0,0,0,0,0,0,0,0,TCGA-GM-A2DB-DX1_xmin50586_ymin43110_MPP-0.2500+242
0,0,0,0,0,693,0,4945,0,0,267,0,44271,0,0,0,0,0,0,0,0,0,0,0,0,0,0,0,0,0,661,0,4977,0,0,235,0,44303,0,0,0,0,0,0,0,0,0,0,0,0,0,0,0,0,0,693,0,4945,0,0,267,0,44271,0,0,0,0,0,0,0,0,0,0,0,0,TCGA-GM-A2DB-DX1_xmin50586_ymin43110_MPP-0.2500+243
0,0,0,0,0,5520,0,16803,0,0,0,0,27853,0,0,0,0,0,0,0,0,0,0,0,0,0,0,0,0,0,5296,0,17027,0,0,0,0,27853,0,0,0,0,0,0,0,0,0,0,0,0,0,0,0,0,0,5552,0,16771,0,0,0,0,27853,0,0,0,0,0,0,0,0,0,0,0,0,TCGA-GM-A2DB-DX1_xmin50586_ymin43110_MPP-0.2500+244
0,0,0,0,0,0,19922,26826,0,0,0,514,2914,0,0,0,0,0,0,0,0,0,0,0,0,0,0,0,0,0,0,20347,26401,0,0,0,539,2889,0,0,0,0,0,0,0,0,0,0,0,0,0,0,0,0,0,0,19197,27551,0,0,0,566,2862,0,0,0,0,0,0,0,0,0,0,0,0,TCGA-GM-A2DB-DX1_xmin50586_ymin43110_MPP-0.2500+245
0,0,0,0,0,0,34632,7372,0,0,0,1000,7172,0,0,0,0,0,0,0,0,0,0,0,0,0,0,0,0,0,0,34532,7472,0,0,0,877,7295,0,0,0,0,0,0,0,0,0,0,0,0,0,0,0,0,0,0,35055,6949,0,0,0,1185,6987,0,0,0,0,0,0,0,0,0,0,0,0,TCGA-GM-A2DB-DX1_xmin50586_ymin43110_MPP-0.2500+246
0,0,0,0,0,0,30574,18962,0,0,0,582,58,0,0,0,0,0,0,0,0,0,0,0,0,0,0,0,0,0,0,30290,19246,0,0,0,582,58,0,0,0,0,0,0,0,0,0,0,0,0,0,0,0,0,0,0,29713,19823,0,0,0,582,58,0,0,0,0,0,0,0,0,0,0,0,0,TCGA-GM-A2DB-DX1_xmin50586_ymin43110_MPP-0.2500+247
0,0,0,0,0,0,0,0,0,0,0,0,0,0,0,0,0,0,50176,0,0,0,0,0,0,0,0,0,0,0,0,0,0,0,0,0,0,0,0,0,0,0,0,50176,0,0,0,0,0,0,0,0,0,0,0,0,0,0,0,0,0,0,0,0,0,0,0,0,50176,0,0,0,0,0,0,TCGA-GM-A2DB-DX1_xmin50586_ymin43110_MPP-0.2500+248
0,0,0,0,0,0,0,0,0,0,0,0,0,0,0,4,0,0,50172,0,0,0,0,0,0,0,0,0,0,0,0,0,0,0,0,0,0,0,0,0,0,0,0,50176,0,0,0,0,0,0,0,0,0,0,0,0,0,0,0,0,0,0,0,0,0,4,0,0,50172,0,0,0,0,0,0,TCGA-GM-A2DB-DX1_xmin50586_ymin43110_MPP-0.2500+249
38302,2893,0,0,0,893,8085,0,0,0,0,0,0,0,0,0,3,0,0,0,0,0,0,0,0,38327,2868,0,0,0,903,8075,0,0,0,0,0,0,0,0,0,3,0,0,0,0,0,0,0,0,38503,2692,0,0,0,903,8075,0,0,0,0,0,0,0,0,0,3,0,0,0,0,0,0,0,0,TCGA-GM-A2DB-DX1_xmin50586_ymin43110_MPP-0.2500+25
16,0,0,600,0,0,0,0,1375,0,0,0,0,0,0,0,0,0,48185,0,0,0,0,0,0,16,0,0,600,0,0,0,0,1375,0,0,0,0,0,0,0,0,0,48185,0,0,0,0,0,0,16,0,0,600,0,0,0,0,1375,0,0,0,0,0,0,0,0,0,48185,0,0,0,0,0,0,TCGA-GM-A2DB-DX1_xmin50586_ymin43110_MPP-0.2500+250
23156,0,0,15,0,3916,0,0,4152,0,0,0,0,0,0,397,0,0,18540,0,0,0,0,0,0,23098,0,0,73,0,3798,0,0,4270,0,0,0,0,0,0,379,0,0,18558,0,0,0,0,0,0,23155,0,0,16,0,3922,0,0,4146,0,0,0,0,0,0,336,0,0,18601,0,0,0,0,0,0,TCGA-GM-A2DB-DX1_xmin50586_ymin43110_MPP-0.2500+251
49847,0,0,0,0,329,0,0,0,0,0,0,0,0,0,0,0,0,0,0,0,0,0,0,0,49847,0,0,0,0,329,0,0,0,0,0,0,0,0,0,0,0,0,0,0,0,0,0,0,0,49847,0,0,0,0,329,0,0,0,0,0,0,0,0,0,0,0,0,0,0,0,0,0,0,0,TCGA-GM-A2DB-DX1_xmin50586_ymin43110_MPP-0.2500+252
42468,0,0,0,0,7708,0,0,0,0,0,0,0,0,0,0,0,0,0,0,0,0,0,0,0,42468,0,0,0,0,7708,0,0,0,0,0,0,0,0,0,0,0,0,0,0,0,0,0,0,0,42468,0,0,0,0,7708,0,0,0,0,0,0,0,0,0,0,0,0,0,0,0,0,0,0,0,TCGA-GM-A2DB-DX1_xmin50586_ymin43110_MPP-0.2500+253
19565,1485,0,0,0,16187,12939,0,0,0,0,0,0,0,0,0,0,0,0,0,0,0,0,0,0,19552,1498,0,0,0,16032,13094,0,0,0,0,0,0,0,0,0,0,0,0,0,0,0,0,0,0,19212,1838,0,0,0,16303,12823,0,0,0,0,0,0,0,0,0,0,0,0,0,0,0,0,0,0,TCGA-GM-A2DB-DX1_xmin50586_ymin43110_MPP-0.2500+254
50176,0,0,0,0,0,0,0,0,0,0,0,0,0,0,0,0,0,0,0,0,0,0,0,0,50176,0,0,0,0,0,0,0,0,0,0,0,0,0,0,0,0,0,0,0,0,0,0,0,0,50176,0,0,0,0,0,0,0,0,0,0,0,0,0,0,0,0,0,0,0,0,0,0,0,0,TCGA-GM-A2DB-DX1_xmin50586_ymin43110_MPP-0.2500+255
13184,0,0,433,0,4841,0,0,5789,0,0,0,0,0,0,0,0,0,25929,0,0,0,0,0,0,13469,0,0,148,0,4023,0,0,6607,0,0,0,0,0,0,0,0,0,25929,0,0,0,0,0,0,13130,0,0,487,0,5189,0,0,5441,0,0,0,0,0,0,0,0,0,25929,0,0,0,0,0,0,TCGA-GM-A2DB-DX1_xmin50586_ymin43110_MPP-0.2500+256
0,0,0,0,0,0,0,0,1300,0,0,0,0,0,0,16,0,0,48860,0,0,0,0,0,0,0,0,0,0,0,0,0,0,1300,0,0,0,0,0,0,16,0,0,48860,0,0,0,0,0,0,0,0,0,0,0,0,0,0,1300,0,0,0,0,0,0,16,0,0,48860,0,0,0,0,0,0,TCGA-GM-A2DB-DX1_xmin50586_ymin43110_MPP-0.2500+257
11985,0,0,0,0,11066,0,0,2697,0,0,0,0,0,0,931,0,0,23497,0,0,0,0,0,0,11985,0,0,0,0,10292,0,0,3471,0,0,0,0,0,0,109,0,0,24319,0,0,0,0,0,0,11985,0,0,0,0,10947,0,0,2816,0,0,0,0,0,0,1110,0,0,23318,0,0,0,0,0,0,TCGA-GM-A2DB-DX1_xmin50586_ymin43110_MPP-0.2500+258
47905,0,0,0,0,2271,0,0,0,0,0,0,0,0,0,0,0,0,0,0,0,0,0,0,0,47905,0,0,0,0,2271,0,0,0,0,0,0,0,0,0,0,0,0,0,0,0,0,0,0,0,47905,0,0,0,0,2271,0,0,0,0,0,0,0,0,0,0,0,0,0,0,0,0,0,0,0,TCGA-GM-A2DB-DX1_xmin50586_ymin43110_MPP-0.2500+259
8568,352,0,0,0,6351,10741,0,0,0,0,0,0,0,0,2427,21737,0,0,0,0,0,0,0,0,8588,332,0,0,0,7028,10064,0,0,0,0,0,0,0,0,2905,21259,0,0,0,0,0,0,0,0,8504,416,0,0,0,7381,9711,0,0,0,0,0,0,0,0,3087,21077,0,0,0,0,0,0,0,0,TCGA-GM-A2DB-DX1_xmin50586_ymin43110_MPP-0.2500+26
50176,0,0,0,0,0,0,0,0,0,0,0,0,0,0,0,0,0,0,0,0,0,0,0,0,50176,0,0,0,0,0,0,0,0,0,0,0,0,0,0,0,0,0,0,0,0,0,0,0,0,50176,0,0,0,0,0,0,0,0,0,0,0,0,0,0,0,0,0,0,0,0,0,0,0,0,TCGA-GM-A2DB-DX1_xmin50586_ymin43110_MPP-0.2500+260
50036,0,0,0,0,140,0,0,0,0,0,0,0,0,0,0,0,0,0,0,0,0,0,0,0,50036,0,0,0,0,140,0,0,0,0,0,0,0,0,0,0,0,0,0,0,0,0,0,0,0,50036,0,0,0,0,140,0,0,0,0,0,0,0,0,0,0,0,0,0,0,0,0,0,0,0,TCGA-GM-A2DB-DX1_xmin50586_ymin43110_MPP-0.2500+261
23871,0,0,0,0,26305,0,0,0,0,0,0,0,0,0,0,0,0,0,0,0,0,0,0,0,23871,0,0,0,0,26305,0,0,0,0,0,0,0,0,0,0,0,0,0,0,0,0,0,0,0,23871,0,0,0,0,26305,0,0,0,0,0,0,0,0,0,0,0,0,0,0,0,0,0,0,0,TCGA-GM-A2DB-DX1_xmin50586_ymin43110_MPP-0.2500+262
0,0,0,0,0,0,23855,4901,0,0,0,2428,18992,0,0,0,0,0,0,0,0,0,0,0,0,0,0,0,0,0,0,23814,4942,0,0,0,2369,19051,0,0,0,0,0,0,0,0,0,0,0,0,0,0,0,0,0,0,23305,5451,0,0,0,2341,19079,0,0,0,0,0,0,0,0,0,0,0,0,TCGA-GM-A2DB-DX1_xmin50586_ymin43110_MPP-0.2500+263
0,0,0,0,0,0,12805,2557,0,0,0,14534,20280,0,0,0,0,0,0,0,0,0,0,0,0,0,0,0,0,0,0,12754,2608,0,0,0,13462,21352,0,0,0,0,0,0,0,0,0,0,0,0,0,0,0,0,0,0,12711,2651,0,0,0,14364,20450,0,0,0,0,0,0,0,0,0,0,0,0,TCGA-GM-A2DB-DX1_xmin50586_ymin43110_MPP-0.2500+264
0,0,0,0,0,0,32807,10439,0,0,0,1170,5760,0,0,0,0,0,0,0,0,0,0,0,0,0,0,0,0,0,0,31370,11876,0,0,0,967,5963,0,0,0,0,0,0,0,0,0,0,0,0,0,0,0,0,0,0,31490,11756,0,0,0,1027,5903,0,0,0,0,0,0,0,0,0,0,0,0,TCGA-GM-A2DB-DX1_xmin50586_ymin43110_MPP-0.2500+265
0,0,0,0,0,0,23812,15829,0,0,0,3714,6821,0,0,0,0,0,0,0,0,0,0,0,0,0,0,0,0,0,0,22675,16966,0,0,0,3629,6906,0,0,0,0,0,0,0,0,0,0,0,0,0,0,0,0,0,0,23198,16443,0,0,0,3758,6777,0,0,0,0,0,0,0,0,0,0,0,0,TCGA-GM-A2DB-DX1_xmin50586_ymin43110_MPP-0.2500+266
0,0,0,0,0,0,21522,2122,0,0,0,8886,3448,0,0,0,0,0,0,0,0,0,0,0,14198,0,0,0,0,0,0,21382,2262,0,0,0,8241,4093,0,0,0,0,0,0,0,0,0,0,0,14198,0,0,0,0,0,0,21349,2295,0,0,0,8328,4006,0,0,0,0,0,0,0,0,0,0,0,14198,TCGA-GM-A2DB-DX1_xmin50586_ymin43110_MPP-0.2500+267
0,0,0,0,0,0,0,0,0,0,0,0,0,0,0,0,0,0,50176,0,0,0,0,0,0,0,0,0,0,0,0,0,0,0,0,0,0,0,0,0,0,0,0,50176,0,0,0,0,0,0,0,0,0,0,0,0,0,0,0,0,0,0,0,0,0,0,0,0,50176,0,0,0,0,0,0,TCGA-GM-A2DB-DX1_xmin50586_ymin43110_MPP-0.2500+268
0,0,0,0,0,0,0,0,0,0,0,0,0,0,0,1888,0,0,48288,0,0,0,0,0,0,0,0,0,0,0,0,0,0,0,0,0,0,0,0,0,2016,0,0,48160,0,0,0,0,0,0,0,0,0,0,0,0,0,0,0,0,0,0,0,0,0,1920,0,0,48256,0,0,0,0,0,0,TCGA-GM-A2DB-DX1_xmin50586_ymin43110_MPP-0.2500+269
528,0,0,16,0,4266,0,0,14873,0,0,0,0,0,0,7143,0,0,23350,0,0,0,0,0,0,518,0,0,26,0,3546,0,0,15593,0,0,0,0,0,0,5284,0,0,25209,0,0,0,0,0,0,534,0,0,10,0,4566,0,0,14573,0,0,0,0,0,0,7349,0,0,23144,0,0,0,0,0,0,TCGA-GM-A2DB-DX1_xmin50586_ymin43110_MPP-0.2500+27
0,0,0,0,0,0,0,0,0,0,0,0,0,0,0,15273,24526,0,10377,0,0,0,0,0,0,0,0,0,0,0,0,0,0,0,0,0,0,0,0,0,16700,16996,0,16480,0,0,0,0,0,0,0,0,0,0,0,0,0,0,0,0,0,0,0,0,0,18925,20715,0,10536,0,0,0,0,0,0,TCGA-GM-A2DB-DX1_xmin50586_ymin43110_MPP-0.2500+270
0,0,0,0,0,0,0,0,105,0,0,0,0,0,0,0,0,0,50071,0,0,0,0,0,0,0,0,0,0,0,0,0,0,105,0,0,0,0,0,0,80,0,0,49991,0,0,0,0,0,0,0,0,0,0,0,0,0,0,105,0,0,0,0,0,0,0,0,0,50071,0,0,0,0,0,0,TCGA-GM-A2DB-DX1_xmin50586_ymin43110_MPP-0.2500+271
23399,0,0,0,0,6893,0,0,985,0,0,0,0,0,0,843,0,0,18056,0,0,0,0,0,0,23399,0,0,0,0,6732,0,0,1146,0,0,0,0,0,0,768,0,0,18131,0,0,0,0,0,0,23399,0,0,0,0,6917,0,0,961,0,0,0,0,0,0,792,0,0,18107,0,0,0,0,0,0,TCGA-GM-A2DB-DX1_xmin50586_ymin43110_MPP-0.2500+272
50176,0,0,0,0,0,0,0,0,0,0,0,0,0,0,0,0,0,0,0,0,0,0,0,0,50176,0,0,0,0,0,0,0,0,0,0,0,0,0,0,0,0,0,0,0,0,0,0,0,0,50176,0,0,0,0,0,0,0,0,0,0,0,0,0,0,0,0,0,0,0,0,0,0,0,0,TCGA-GM-A2DB-DX1_xmin50586_ymin43110_MPP-0.2500+273
31707,0,0,0,0,18469,0,0,0,0,0,0,0,0,0,0,0,0,0,0,0,0,0,0,0,31707,0,0,0,0,18469,0,0,0,0,0,0,0,0,0,0,0,0,0,0,0,0,0,0,0,31707,0,0,0,0,18469,0,0,0,0,0,0,0,0,0,0,0,0,0,0,0,0,0,0,0,TCGA-GM-A2DB-DX1_xmin50586_ymin43110_MPP-0.2500+274
42740,0,0,0,0,7436,0,0,0,0,0,0,0,0,0,0,0,0,0,0,0,0,0,0,0,42740,0,0,0,0,7436,0,0,0,0,0,0,0,0,0,0,0,0,0,0,0,0,0,0,0,42740,0,0,0,0,7436,0,0,0,0,0,0,0,0,0,0,0,0,0,0,0,0,0,0,0,TCGA-GM-A2DB-DX1_xmin50586_ymin43110_MPP-0.2500+275
28664,0,0,0,0,13075,0,0,0,0,0,0,0,0,0,8437,0,0,0,0,0,0,0,0,0,28664,0,0,0,0,13075,0,0,0,0,0,0,0,0,0,8437,0,0,0,0,0,0,0,0,0,28664,0,0,0,0,13075,0,0,0,0,0,0,0,0,0,8437,0,0,0,0,0,0,0,0,0,TCGA-GM-A2DB-DX1_xmin50586_ymin43110_MPP-0.2500+276
0,0,0,0,0,0,0,0,117,0,0,0,0,0,0,16,0,0,50043,0,0,0,0,0,0,0,0,0,0,0,0,0,0,117,0,0,0,0,0,0,16,0,0,50043,0,0,0,0,0,0,0,0,0,0,0,0,0,0,117,0,0,0,0,0,0,16,0,0,50043,0,0,0,0,0,0,TCGA-GM-A2DB-DX1_xmin50586_ymin43110_MPP-0.2500+277
942,0,0,844,0,194,0,0,5784,0,0,0,0,0,0,0,0,0,42412,0,0,0,0,0,0,1310,0,0,476,0,498,0,0,5480,0,0,0,0,0,0,0,0,0,42412,0,0,0,0,0,0,843,0,0,943,0,165,0,0,5813,0,0,0,0,0,0,0,0,0,42412,0,0,0,0,0,0,TCGA-GM-A2DB-DX1_xmin50586_ymin43110_MPP-0.2500+278
49229,0,0,0,0,947,0,0,0,0,0,0,0,0,0,0,0,0,0,0,0,0,0,0,0,49229,0,0,0,0,947,0,0,0,0,0,0,0,0,0,0,0,0,0,0,0,0,0,0,0,49229,0,0,0,0,947,0,0,0,0,0,0,0,0,0,0,0,0,0,0,0,0,0,0,0,TCGA-GM-A2DB-DX1_xmin50586_ymin43110_MPP-0.2500+279
6119,0,0,0,0,13145,0,0,15904,0,0,0,0,0,0,2291,0,0,12717,0,0,0,0,0,0,6119,0,0,0,0,10400,0,0,18649,0,0,0,0,0,0,2015,0,0,12993,0,0,0,0,0,0,6115,4,0,0,0,2014,22332,0,4703,0,0,0,0,0,0,595,2738,0,11675,0,0,0,0,0,0,TCGA-GM-A2DB-DX1_xmin50586_ymin43110_MPP-0.2500+28
31341,0,0,0,0,18835,0,0,0,0,0,0,0,0,0,0,0,0,0,0,0,0,0,0,0,31341,0,0,0,0,18835,0,0,0,0,0,0,0,0,0,0,0,0,0,0,0,0,0,0,0,31341,0,0,0,0,18835,0,0,0,0,0,0,0,0,0,0,0,0,0,0,0,0,0,0,0,TCGA-GM-A2DB-DX1_xmin50586_ymin43110_MPP-0.2500+280
22065,0,0,0,0,28111,0,0,0,0,0,0,0,0,0,0,0,0,0,0,0,0,0,0,0,22065,0,0,0,0,28111,0,0,0,0,0,0,0,0,0,0,0,0,0,0,0,0,0,0,0,22065,0,0,0,0,28111,0,0,0,0,0,0,0,0,0,0,0,0,0,0,0,0,0,0,0,TCGA-GM-A2DB-DX1_xmin50586_ymin43110_MPP-0.2500+281
6303,0,0,0,0,43873,0,0,0,0,0,0,0,0,0,0,0,0,0,0,0,0,0,0,0,6303,0,0,0,0,43873,0,0,0,0,0,0,0,0,0,0,0,0,0,0,0,0,0,0,0,6303,0,0,0,0,43873,0,0,0,0,0,0,0,0,0,0,0,0,0,0,0,0,0,0,0,TCGA-GM-A2DB-DX1_xmin50586_ymin43110_MPP-0.2500+282
0,0,0,0,0,0,50176,0,0,0,0,0,0,0,0,0,0,0,0,0,0,0,0,0,0,0,0,0,0,0,0,50176,0,0,0,0,0,0,0,0,0,0,0,0,0,0,0,0,0,0,0,0,0,0,0,0,50176,0,0,0,0,0,0,0,0,0,0,0,0,0,0,0,0,0,0,TCGA-GM-A2DB-DX1_xmin50586_ymin43110_MPP-0.2500+283
0,0,0,0,0,0,21766,18306,0,0,0,401,9703,0,0,0,0,0,0,0,0,0,0,0,0,0,0,0,0,0,0,20819,19253,0,0,0,287,9817,0,0,0,0,0,0,0,0,0,0,0,0,0,0,0,0,0,0,21780,18292,0,0,0,505,9599,0,0,0,0,0,0,0,0,0,0,0,0,TCGA-GM-A2DB-DX1_xmin50586_ymin43110_MPP-0.2500+284
0,0,0,0,0,0,25266,6241,0,0,0,6967,11702,0,0,0,0,0,0,0,0,0,0,0,0,0,0,0,0,0,0,24809,6698,0,0,0,6792,11877,0,0,0,0,0,0,0,0,0,0,0,0,0,0,0,0,0,0,25435,6072,0,0,0,7068,11601,0,0,0,0,0,0,0,0,0,0,0,0,TCGA-GM-A2DB-DX1_xmin50586_ymin43110_MPP-0.2500+285
0,0,0,0,0,0,8928,13695,0,0,0,5644,14225,0,0,0,0,0,0,0,0,0,0,0,7684,0,0,0,0,0,0,8724,13899,0,0,0,5374,14495,0,0,0,0,0,0,0,0,0,0,0,7684,0,0,0,0,0,0,8496,14127,0,0,0,5524,14345,0,0,0,0,0,0,0,0,0,0,0,7684,TCGA-GM-A2DB-DX1_xmin50586_ymin43110_MPP-0.2500+286
0,0,0,0,0,0,13261,2035,0,0,0,0,0,0,0,0,0,0,0,0,0,0,0,0,34880,0,0,0,0,0,0,13205,2091,0,0,0,0,0,0,0,0,0,0,0,0,0,0,0,0,34880,0,0,0,0,0,0,12830,2466,0,0,0,0,0,0,0,0,0,0,0,0,0,0,0,0,34880,TCGA-GM-A2DB-DX1_xmin50586_ymin43110_MPP-0.2500+287
0,0,0,0,0,0,12280,6871,0,0,0,1408,8350,0,0,0,0,0,0,0,0,0,0,0,21267,0,0,0,0,0,0,12561,6590,0,0,0,1492,8266,0,0,0,0,0,0,0,0,0,0,0,21267,0,0,0,0,0,0,12622,6529,0,0,0,1432,8326,0,0,0,0,0,0,0,0,0,0,0,21267,TCGA-GM-A2DB-DX1_xmin50586_ymin43110_MPP-0.2500+288
0,0,0,0,0,0,0,0,0,0,0,0,0,0,0,0,0,0,50176,0,0,0,0,0,0,0,0,0,0,0,0,0,0,0,0,0,0,0,0,0,0,0,0,50176,0,0,0,0,0,0,0,0,0,0,0,0,0,0,0,0,0,0,0,0,0,0,0,0,50176,0,0,0,0,0,0,TCGA-GM-A2DB-DX1_xmin50586_ymin43110_MPP-0.2500+289
13810,0,0,962,0,6786,0,0,16128,0,0,0,0,0,0,0,0,0,12490,0,0,0,0,0,0,13948,0,0,824,0,7032,0,0,15882,0,0,0,0,0,0,0,0,0,12490,0,0,0,0,0,0,13716,0,0,1056,0,6816,0,0,16098,0,0,0,0,0,0,0,0,0,12490,0,0,0,0,0,0,TCGA-GM-A2DB-DX1_xmin50586_ymin43110_MPP-0.2500+29
0,0,0,0,0,0,0,0,0,0,0,0,0,0,0,3664,0,0,46512,0,0,0,0,0,0,0,0,0,0,0,0,0,0,0,0,0,0,0,0,0,2064,0,0,48112,0,0,0,0,0,0,0,0,0,0,0,0,0,0,0,0,0,0,0,0,0,5136,0,0,45040,0,0,0,0,0,0,TCGA-GM-A2DB-DX1_xmin50586_ymin43110_MPP-0.2500+290
0,0,0,0,0,0,0,0,0,0,0,0,0,0,0,624,0,0,49552,0,0,0,0,0,0,0,0,0,0,0,0,0,0,0,0,0,0,0,0,0,528,0,0,49648,0,0,0,0,0,0,0,0,0,0,0,0,0,0,0,0,0,0,0,0,0,560,0,0,49616,0,0,0,0,0,0,TCGA-GM-A2DB-DX1_xmin50586_ymin43110_MPP-0.2500+291
16,0,0,0,0,288,0,0,1031,0,0,0,0,0,0,0,0,0,48841,0,0,0,0,0,0,16,0,0,0,0,288,0,0,1031,0,0,0,0,0,0,0,0,0,48841,0,0,0,0,0,0,16,0,0,0,0,288,0,0,1031,0,0,0,0,0,0,0,0,0,48841,0,0,0,0,0,0,TCGA-GM-A2DB-DX1_xmin50586_ymin43110_MPP-0.2500+292
34228,0,0,0,0,6357,0,0,0,0,0,0,0,0,0,9591,0,0,0,0,0,0,0,0,0,34228,0,0,0,0,6357,0,0,0,0,0,0,0,0,0,9591,0,0,0,0,0,0,0,0,0,34228,0,0,0,0,6357,0,0,0,0,0,0,0,0,0,9591,0,0,0,0,0,0,0,0,0,TCGA-GM-A2DB-DX1_xmin50586_ymin43110_MPP-0.2500+293
49516,0,0,0,0,660,0,0,0,0,0,0,0,0,0,0,0,0,0,0,0,0,0,0,0,49516,0,0,0,0,660,0,0,0,0,0,0,0,0,0,0,0,0,0,0,0,0,0,0,0,49516,0,0,0,0,660,0,0,0,0,0,0,0,0,0,0,0,0,0,0,0,0,0,0,0,TCGA-GM-A2DB-DX1_xmin50586_ymin43110_MPP-0.2500+294
24537,0,0,0,0,25639,0,0,0,0,0,0,0,0,0,0,0,0,0,0,0,0,0,0,0,24537,0,0,0,0,25639,0,0,0,0,0,0,0,0,0,0,0,0,0,0,0,0,0,0,0,24537,0,0,0,0,25639,0,0,0,0,0,0,0,0,0,0,0,0,0,0,0,0,0,0,0,TCGA-GM-A2DB-DX1_xmin50586_ymin43110_MPP-0.2500+295
49029,0,0,0,0,1147,0,0,0,0,0,0,0,0,0,0,0,0,0,0,0,0,0,0,0,49029,0,0,0,0,1147,0,0,0,0,0,0,0,0,0,0,0,0,0,0,0,0,0,0,0,49029,0,0,0,0,1147,0,0,0,0,0,0,0,0,0,0,0,0,0,0,0,0,0,0,0,TCGA-GM-A2DB-DX1_xmin50586_ymin43110_MPP-0.2500+296
5115,0,0,0,0,7972,0,0,482,0,0,0,0,0,0,4404,0,0,32203,0,0,0,0,0,0,5115,0,0,0,0,7918,0,0,536,0,0,0,0,0,0,3136,0,0,33471,0,0,0,0,0,0,5115,0,0,0,0,7943,0,0,511,0,0,0,0,0,0,4984,0,0,31623,0,0,0,0,0,0,TCGA-GM-A2DB-DX1_xmin50586_ymin43110_MPP-0.2500+297
5888,0,0,0,0,6946,0,0,0,0,0,0,0,0,0,9144,0,0,28198,0,0,0,0,0,0,5888,0,0,0,0,6282,0,0,664,0,0,0,0,0,0,8027,0,0,29315,0,0,0,0,0,0,5888,0,0,0,0,6946,0,0,0,0,0,0,0,0,0,9885,0,0,27457,0,0,0,0,0,0,TCGA-GM-A2DB-DX1_xmin50586_ymin43110_MPP-0.2500+298
49572,0,0,0,0,604,0,0,0,0,0,0,0,0,0,0,0,0,0,0,0,0,0,0,0,49572,0,0,0,0,604,0,0,0,0,0,0,0,0,0,0,0,0,0,0,0,0,0,0,0,49572,0,0,0,0,604,0,0,0,0,0,0,0,0,0,0,0,0,0,0,0,0,0,0,0,TCGA-GM-A2DB-DX1_xmin50586_ymin43110_MPP-0.2500+299
33752,0,0,304,0,1789,0,0,3411,0,0,0,0,0,0,5019,0,0,5901,0,0,0,0,0,0,33287,0,0,769,0,1379,0,0,3821,0,0,0,0,0,0,4302,0,0,6618,0,0,0,0,0,0,33779,0,0,277,0,1873,0,0,3327,0,0,0,0,0,0,5147,0,0,5773,0,0,0,0,0,0,TCGA-GM-A2DB-DX1_xmin50586_ymin43110_MPP-0.2500+3
0,0,0,0,0,0,47363,0,0,0,0,2813,0,0,0,0,0,0,0,0,0,0,0,0,0,0,0,0,0,0,0,47363,0,0,0,0,2813,0,0,0,0,0,0,0,0,0,0,0,0,0,0,0,0,0,0,384,46979,0,0,0,0,2813,0,0,0,0,0,0,0,0,0,0,0,0,0,TCGA-GM-A2DB-DX1_xmin50586_ymin43110_MPP-0.2500+30
2245,0,0,0,0,46826,0,0,0,0,1105,0,0,0,0,0,0,0,0,0,0,0,0,0,0,2245,0,0,0,0,46826,0,0,0,0,1105,0,0,0,0,0,0,0,0,0,0,0,0,0,0,2245,0,0,0,0,46826,0,0,0,0,1105,0,0,0,0,0,0,0,0,0,0,0,0,0,0,TCGA-GM-A2DB-DX1_xmin50586_ymin43110_MPP-0.2500+300
0,0,0,0,0,27536,0,0,0,0,22640,0,0,0,0,0,0,0,0,0,0,0,0,0,0,0,0,0,0,0,27536,0,0,0,0,22640,0,0,0,0,0,0,0,0,0,0,0,0,0,0,0,0,0,0,0,17416,0,10120,0,0,6144,0,16496,0,0,0,0,0,0,0,0,0,0,0,0,TCGA-GM-A2DB-DX1_xmin50586_ymin43110_MPP-0.2500+301
0,0,0,0,0,0,49842,0,0,0,48,286,0,0,0,0,0,0,0,0,0,0,0,0,0,0,0,0,0,0,0,49842,0,0,0,0,334,0,0,0,0,0,0,0,0,0,0,0,0,0,0,0,0,0,0,0,49842,0,0,0,16,318,0,0,0,0,0,0,0,0,0,0,0,0,0,TCGA-GM-A2DB-DX1_xmin50586_ymin43110_MPP-0.2500+302
0,0,0,0,0,0,28089,18390,0,0,0,130,3567,0,0,0,0,0,0,0,0,0,0,0,0,0,0,0,0,0,0,27504,18975,0,0,0,125,3572,0,0,0,0,0,0,0,0,0,0,0,0,0,0,0,0,0,0,26433,20046,0,0,0,186,3511,0,0,0,0,0,0,0,0,0,0,0,0,TCGA-GM-A2DB-DX1_xmin50586_ymin43110_MPP-0.2500+303
0,0,0,0,0,0,13325,10043,0,0,0,6873,19935,0,0,0,0,0,0,0,0,0,0,0,0,0,0,0,0,0,0,12644,10724,0,0,0,6725,20083,0,0,0,0,0,0,0,0,0,0,0,0,0,0,0,0,0,0,13165,10203,0,0,0,6963,19845,0,0,0,0,0,0,0,0,0,0,0,0,TCGA-GM-A2DB-DX1_xmin50586_ymin43110_MPP-0.2500+304
0,0,0,0,0,0,25618,22452,0,0,0,904,1202,0,0,0,0,0,0,0,0,0,0,0,0,0,0,0,0,0,0,25400,22670,0,0,0,910,1196,0,0,0,0,0,0,0,0,0,0,0,0,0,0,0,0,0,0,25699,22371,0,0,0,921,1185,0,0,0,0,0,0,0,0,0,0,0,0,TCGA-GM-A2DB-DX1_xmin50586_ymin43110_MPP-0.2500+305
0,0,0,0,0,0,40459,6134,0,0,0,1488,2095,0,0,0,0,0,0,0,0,0,0,0,0,0,0,0,0,0,0,40999,5594,0,0,0,1479,2104,0,0,0,0,0,0,0,0,0,0,0,0,0,0,0,0,0,0,39157,7436,0,0,0,1497,2086,0,0,0,0,0,0,0,0,0,0,0,0,TCGA-GM-A2DB-DX1_xmin50586_ymin43110_MPP-0.2500+306
0,0,0,0,0,0,45429,0,0,0,0,0,0,0,0,0,0,0,0,0,0,0,0,0,4747,0,0,0,0,0,0,45429,0,0,0,0,0,0,0,0,0,0,0,0,0,0,0,0,0,4747,0,0,0,0,0,0,45429,0,0,0,0,0,0,0,0,0,0,0,0,0,0,0,0,0,4747,TCGA-GM-A2DB-DX1_xmin50586_ymin43110_MPP-0.2500+307
0,0,0,0,0,0,25340,2013,0,0,0,5451,2024,0,0,0,0,0,0,0,0,0,0,0,15348,0,0,0,0,0,0,25209,2144,0,0,0,5376,2099,0,0,0,0,0,0,0,0,0,0,0,15348,0,0,0,0,0,0,25065,2288,0,0,0,5284,2191,0,0,0,0,0,0,0,0,0,0,0,15348,TCGA-GM-A2DB-DX1_xmin50586_ymin43110_MPP-0.2500+308
10321,0,0,301,0,1475,0,0,3883,0,0,0,0,0,0,558,0,0,33638,0,0,0,0,0,0,10457,0,0,165,0,1757,0,0,3601,0,0,0,0,0,0,379,0,0,33817,0,0,0,0,0,0,10261,0,0,361,0,1609,0,0,3749,0,0,0,0,0,0,534,0,0,33662,0,0,0,0,0,0,TCGA-GM-A2DB-DX1_xmin50586_ymin43110_MPP-0.2500+309
0,0,0,0,0,0,50176,0,0,0,0,0,0,0,0,0,0,0,0,0,0,0,0,0,0,0,0,0,0,0,0,50176,0,0,0,0,0,0,0,0,0,0,0,0,0,0,0,0,0,0,0,0,0,0,0,0,50176,0,0,0,0,0,0,0,0,0,0,0,0,0,0,0,0,0,0,TCGA-GM-A2DB-DX1_xmin50586_ymin43110_MPP-0.2500+31
0,0,0,0,0,0,0,0,25,0,0,0,0,0,0,0,0,0,50151,0,0,0,0,0,0,0,0,0,0,0,0,0,0,25,0,0,0,0,0,0,0,0,0,50151,0,0,0,0,0,0,0,0,0,0,0,0,0,0,25,0,0,0,0,0,0,0,0,0,50151,0,0,0,0,0,0,TCGA-GM-A2DB-DX1_xmin50586_ymin43110_MPP-0.2500+310
0,0,0,0,0,0,0,0,0,0,0,0,0,0,0,0,0,0,50176,0,0,0,0,0,0,0,0,0,0,0,0,0,0,0,0,0,0,0,0,0,0,0,0,50176,0,0,0,0,0,0,0,0,0,0,0,0,0,0,0,0,0,0,0,0,0,0,0,0,50176,0,0,0,0,0,0,TCGA-GM-A2DB-DX1_xmin50586_ymin43110_MPP-0.2500+311
0,0,0,0,0,0,0,0,0,0,0,0,0,0,0,16,0,0,50160,0,0,0,0,0,0,0,0,0,0,0,0,0,0,0,0,0,0,0,0,0,80,0,0,50096,0,0,0,0,0,0,0,0,0,0,0,0,0,0,0,0,0,0,0,0,0,16,0,0,50160,0,0,0,0,0,0,TCGA-GM-A2DB-DX1_xmin50586_ymin43110_MPP-0.2500+312
13864,0,0,0,0,3140,0,0,2935,0,0,0,0,0,0,1945,0,0,28292,0,0,0,0,0,0,13864,0,0,0,0,3185,0,0,2890,0,0,0,0,0,0,1525,0,0,28712,0,0,0,0,0,0,13864,0,0,0,0,3283,0,0,2792,0,0,0,0,0,0,1991,0,0,28246,0,0,0,0,0,0,TCGA-GM-A2DB-DX1_xmin50586_ymin43110_MPP-0.2500+313
50176,0,0,0,0,0,0,0,0,0,0,0,0,0,0,0,0,0,0,0,0,0,0,0,0,50176,0,0,0,0,0,0,0,0,0,0,0,0,0,0,0,0,0,0,0,0,0,0,0,0,50176,0,0,0,0,0,0,0,0,0,0,0,0,0,0,0,0,0,0,0,0,0,0,0,0,TCGA-GM-A2DB-DX1_xmin50586_ymin43110_MPP-0.2500+314
32044,0,0,0,0,18132,0,0,0,0,0,0,0,0,0,0,0,0,0,0,0,0,0,0,0,32044,0,0,0,0,18132,0,0,0,0,0,0,0,0,0,0,0,0,0,0,0,0,0,0,0,32044,0,0,0,0,18132,0,0,0,0,0,0,0,0,0,0,0,0,0,0,0,0,0,0,0,TCGA-GM-A2DB-DX1_xmin50586_ymin43110_MPP-0.2500+315
43269,0,0,0,0,6907,0,0,0,0,0,0,0,0,0,0,0,0,0,0,0,0,0,0,0,43269,0,0,0,0,6907,0,0,0,0,0,0,0,0,0,0,0,0,0,0,0,0,0,0,0,43269,0,0,0,0,6907,0,0,0,0,0,0,0,0,0,0,0,0,0,0,0,0,0,0,0,TCGA-GM-A2DB-DX1_xmin50586_ymin43110_MPP-0.2500+316
16843,0,0,0,0,7879,0,0,4101,0,0,0,0,0,0,1777,0,0,19576,0,0,0,0,0,0,16843,0,0,0,0,7800,0,0,4180,0,0,0,0,0,0,1084,0,0,20269,0,0,0,0,0,0,16843,0,0,0,0,7980,0,0,4000,0,0,0,0,0,0,1959,0,0,19394,0,0,0,0,0,0,TCGA-GM-A2DB-DX1_xmin50586_ymin43110_MPP-0.2500+317
19,0,0,0,0,11106,0,0,13626,0,0,0,0,0,0,2562,0,0,22863,0,0,0,0,0,0,19,0,0,0,0,9359,0,0,15373,0,0,0,0,0,0,2497,0,0,22928,0,0,0,0,0,0,19,0,0,0,0,11341,0,0,13391,0,0,0,0,0,0,2496,0,0,22929,0,0,0,0,0,0,TCGA-GM-A2DB-DX1_xmin50586_ymin43110_MPP-0.2500+318
17441,0,0,0,0,32735,0,0,0,0,0,0,0,0,0,0,0,0,0,0,0,0,0,0,0,17441,0,0,0,0,32735,0,0,0,0,0,0,0,0,0,0,0,0,0,0,0,0,0,0,0,17441,0,0,0,0,32735,0,0,0,0,0,0,0,0,0,0,0,0,0,0,0,0,0,0,0,TCGA-GM-A2DB-DX1_xmin50586_ymin43110_MPP-0.2500+319
0,0,0,0,0,0,34289,12159,0,0,0,188,3540,0,0,0,0,0,0,0,0,0,0,0,0,0,0,0,0,0,0,32571,13877,0,0,0,95,3633,0,0,0,0,0,0,0,0,0,0,0,0,0,0,0,0,0,0,33342,13106,0,0,0,185,3543,0,0,0,0,0,0,0,0,0,0,0,0,TCGA-GM-A2DB-DX1_xmin50586_ymin43110_MPP-0.2500+32
0,2009,0,0,0,0,34839,0,0,0,0,13328,0,0,0,0,0,0,0,0,0,0,0,0,0,0,2009,0,0,0,0,34839,0,0,0,0,13328,0,0,0,0,0,0,0,0,0,0,0,0,0,0,2009,0,0,0,0,34839,0,0,0,0,13328,0,0,0,0,0,0,0,0,0,0,0,0,0,TCGA-GM-A2DB-DX1_xmin50586_ymin43110_MPP-0.2500+320
0,0,0,0,0,4,0,5917,0,0,0,0,44255,0,0,0,0,0,0,0,0,0,0,0,0,0,0,0,0,0,4,0,5917,0,0,0,0,44255,0,0,0,0,0,0,0,0,0,0,0,0,0,0,0,0,0,4,0,5917,0,0,0,0,44255,0,0,0,0,0,0,0,0,0,0,0,0,TCGA-GM-A2DB-DX1_xmin50586_ymin43110_MPP-0.2500+321
0,0,0,0,0,0,17685,10840,0,0,0,465,21186,0,0,0,0,0,0,0,0,0,0,0,0,0,0,0,0,0,0,16922,11603,0,0,0,471,21180,0,0,0,0,0,0,0,0,0,0,0,0,0,0,0,0,0,0,17446,11079,0,0,0,653,20998,0,0,0,0,0,0,0,0,0,0,0,0,TCGA-GM-A2DB-DX1_xmin50586_ymin43110_MPP-0.2500+322
0,0,0,0,0,0,13656,13519,0,0,0,1724,21277,0,0,0,0,0,0,0,0,0,0,0,0,0,0,0,0,0,0,11167,16008,0,0,0,1450,21551,0,0,0,0,0,0,0,0,0,0,0,0,0,0,0,0,0,0,10800,16375,0,0,0,1308,21693,0,0,0,0,0,0,0,0,0,0,0,0,TCGA-GM-A2DB-DX1_xmin50586_ymin43110_MPP-0.2500+323
0,0,0,0,0,0,13060,3121,0,0,0,12864,21131,0,0,0,0,0,0,0,0,0,0,0,0,0,0,0,0,0,0,13319,2862,0,0,0,12994,21001,0,0,0,0,0,0,0,0,0,0,0,0,0,0,0,0,0,0,12587,3594,0,0,0,12688,21307,0,0,0,0,0,0,0,0,0,0,0,0,TCGA-GM-A2DB-DX1_xmin50586_ymin43110_MPP-0.2500+324
0,0,0,0,0,0,26147,16643,0,0,0,1076,0,0,0,0,0,0,0,0,0,0,0,0,6310,0,0,0,0,0,0,25965,16825,0,0,0,1076,0,0,0,0,0,0,0,0,0,0,0,0,6310,0,0,0,0,0,0,25041,17749,0,0,0,1076,0,0,0,0,0,0,0,0,0,0,0,0,6310,TCGA-GM-A2DB-DX1_xmin50586_ymin43110_MPP-0.2500+325
0,0,0,0,0,0,35111,15065,0,0,0,0,0,0,0,0,0,0,0,0,0,0,0,0,0,0,0,0,0,0,0,34462,15714,0,0,0,0,0,0,0,0,0,0,0,0,0,0,0,0,0,0,0,0,0,0,0,35184,14992,0,0,0,0,0,0,0,0,0,0,0,0,0,0,0,0,0,TCGA-GM-A2DB-DX1_xmin50586_ymin43110_MPP-0.2500+326
0,0,0,0,0,0,46783,3393,0,0,0,0,0,0,0,0,0,0,0,0,0,0,0,0,0,0,0,0,0,0,0,46760,3416,0,0,0,0,0,0,0,0,0,0,0,0,0,0,0,0,0,0,0,0,0,0,0,47009,3167,0,0,0,0,0,0,0,0,0,0,0,0,0,0,0,0,0,TCGA-GM-A2DB-DX1_xmin50586_ymin43110_MPP-0.2500+327
0,0,0,0,0,0,39132,0,0,0,0,3745,0,0,0,0,0,0,0,0,0,0,0,0,7299,0,0,0,0,0,4,39128,0,0,0,0,3745,0,0,0,0,0,0,0,0,0,0,0,0,7299,0,0,0,0,0,0,39132,0,0,0,0,3745,0,0,0,0,0,0,0,0,0,0,0,0,7299,TCGA-GM-A2DB-DX1_xmin50586_ymin43110_MPP-0.2500+328
49592,0,0,0,0,584,0,0,0,0,0,0,0,0,0,0,0,0,0,0,0,0,0,0,0,49592,0,0,0,0,584,0,0,0,0,0,0,0,0,0,0,0,0,0,0,0,0,0,0,0,49592,0,0,0,0,584,0,0,0,0,0,0,0,0,0,0,0,0,0,0,0,0,0,0,0,TCGA-GM-A2DB-DX1_xmin50586_ymin43110_MPP-0.2500+329
0,0,0,0,0,0,49139,0,0,0,0,1037,0,0,0,0,0,0,0,0,0,0,0,0,0,0,0,0,0,0,0,49139,0,0,0,0,1037,0,0,0,0,0,0,0,0,0,0,0,0,0,0,0,0,0,0,0,49139,0,0,0,0,1037,0,0,0,0,0,0,0,0,0,0,0,0,0,TCGA-GM-A2DB-DX1_xmin50586_ymin43110_MPP-0.2500+33
23812,0,0,6229,0,338,0,0,10296,0,0,0,0,0,0,0,0,0,9501,0,0,0,0,0,0,24178,0,0,5863,0,264,0,0,10370,0,0,0,0,0,0,0,0,0,9501,0,0,0,0,0,0,24265,0,0,5776,0,350,0,0,10284,0,0,0,0,0,0,0,0,0,9501,0,0,0,0,0,0,TCGA-GM-A2DB-DX1_xmin50586_ymin43110_MPP-0.2500+330
1008,0,0,3597,0,0,0,0,4394,0,0,0,0,0,0,0,0,0,31885,0,0,0,0,0,9292,1072,0,0,3533,0,0,0,0,4394,0,0,0,0,0,0,0,0,0,31885,0,0,0,0,0,9292,976,0,0,3629,0,0,0,0,4394,0,0,0,0,0,0,0,0,0,31885,0,0,0,0,0,9292,TCGA-GM-A2DB-DX1_xmin50586_ymin43110_MPP-0.2500+331
0,0,0,282,0,0,0,0,4624,0,0,0,0,0,0,1728,0,0,38206,0,0,0,0,0,5336,0,0,0,282,0,0,0,0,4624,0,0,0,0,0,0,1120,0,0,38814,0,0,0,0,0,5336,0,0,0,282,0,0,0,0,4624,0,0,0,0,0,0,2112,0,0,37822,0,0,0,0,0,5336,TCGA-GM-A2DB-DX1_xmin50586_ymin43110_MPP-0.2500+332
7068,0,0,9105,0,345,0,0,6714,0,0,0,0,0,0,2532,0,0,18211,0,0,0,0,0,6201,8159,0,0,8014,0,260,0,0,6799,0,0,0,0,0,0,2522,0,0,18221,0,0,0,0,0,6201,7385,0,0,8788,0,381,0,0,6678,0,0,0,0,0,0,2643,0,0,18100,0,0,0,0,0,6201,TCGA-GM-A2DB-DX1_xmin50586_ymin43110_MPP-0.2500+333
50176,0,0,0,0,0,0,0,0,0,0,0,0,0,0,0,0,0,0,0,0,0,0,0,0,50176,0,0,0,0,0,0,0,0,0,0,0,0,0,0,0,0,0,0,0,0,0,0,0,0,50176,0,0,0,0,0,0,0,0,0,0,0,0,0,0,0,0,0,0,0,0,0,0,0,0,TCGA-GM-A2DB-DX1_xmin50586_ymin43110_MPP-0.2500+334
41715,0,0,0,0,8461,0,0,0,0,0,0,0,0,0,0,0,0,0,0,0,0,0,0,0,41715,0,0,0,0,8461,0,0,0,0,0,0,0,0,0,0,0,0,0,0,0,0,0,0,0,41715,0,0,0,0,8461,0,0,0,0,0,0,0,0,0,0,0,0,0,0,0,0,0,0,0,TCGA-GM-A2DB-DX1_xmin50586_ymin43110_MPP-0.2500+335
15606,3763,0,0,0,8504,22303,0,0,0,0,0,0,0,0,0,0,0,0,0,0,0,0,0,0,15929,3440,0,0,0,8582,22225,0,0,0,0,0,0,0,0,0,0,0,0,0,0,0,0,0,0,16631,2738,0,0,0,8515,22292,0,0,0,0,0,0,0,0,0,0,0,0,0,0,0,0,0,0,TCGA-GM-A2DB-DX1_xmin50586_ymin43110_MPP-0.2500+336
9063,0,0,0,0,41113,0,0,0,0,0,0,0,0,0,0,0,0,0,0,0,0,0,0,0,9063,0,0,0,0,41113,0,0,0,0,0,0,0,0,0,0,0,0,0,0,0,0,0,0,0,9063,0,0,0,0,41113,0,0,0,0,0,0,0,0,0,0,0,0,0,0,0,0,0,0,0,TCGA-GM-A2DB-DX1_xmin50586_ymin43110_MPP-0.2500+337
0,0,0,0,0,1,50175,0,0,0,0,0,0,0,0,0,0,0,0,0,0,0,0,0,0,0,0,0,0,0,1,50175,0,0,0,0,0,0,0,0,0,0,0,0,0,0,0,0,0,0,0,0,0,0,0,1,50175,0,0,0,0,0,0,0,0,0,0,0,0,0,0,0,0,0,0,TCGA-GM-A2DB-DX1_xmin50586_ymin43110_MPP-0.2500+338
0,0,0,0,0,0,37847,3436,0,0,0,5826,3067,0,0,0,0,0,0,0,0,0,0,0,0,0,0,0,0,0,0,37217,4066,0,0,0,5569,3324,0,0,0,0,0,0,0,0,0,0,0,0,0,0,0,0,0,0,37361,3922,0,0,0,5797,3096,0,0,0,0,0,0,0,0,0,0,0,0,TCGA-GM-A2DB-DX1_xmin50586_ymin43110_MPP-0.2500+339
3935,35,0,0,0,27866,18340,0,0,0,0,0,0,0,0,0,0,0,0,0,0,0,0,0,0,3934,36,0,0,0,28410,17796,0,0,0,0,0,0,0,0,0,0,0,0,0,0,0,0,0,0,3921,49,0,0,0,28832,17374,0,0,0,0,0,0,0,0,0,0,0,0,0,0,0,0,0,0,TCGA-GM-A2DB-DX1_xmin50586_ymin43110_MPP-0.2500+34
0,0,0,0,0,0,5217,0,0,0,0,23751,21208,0,0,0,0,0,0,0,0,0,0,0,0,0,0,0,0,0,0,5217,0,0,0,0,22987,21972,0,0,0,0,0,0,0,0,0,0,0,0,0,0,0,0,0,0,5217,0,0,0,0,22911,22048,0,0,0,0,0,0,0,0,0,0,0,0,TCGA-GM-A2DB-DX1_xmin50586_ymin43110_MPP-0.2500+340
0,0,0,0,0,0,0,0,0,0,0,0,50176,0,0,0,0,0,0,0,0,0,0,0,0,0,0,0,0,0,0,0,0,0,0,0,0,50176,0,0,0,0,0,0,0,0,0,0,0,0,0,0,0,0,0,0,0,0,0,0,0,0,50176,0,0,0,0,0,0,0,0,0,0,0,0,TCGA-GM-A2DB-DX1_xmin50586_ymin43110_MPP-0.2500+341
0,0,0,0,0,0,0,0,0,0,0,0,50176,0,0,0,0,0,0,0,0,0,0,0,0,0,0,0,0,0,0,0,0,0,0,0,0,50176,0,0,0,0,0,0,0,0,0,0,0,0,0,0,0,0,0,0,0,0,0,0,0,0,50176,0,0,0,0,0,0,0,0,0,0,0,0,TCGA-GM-A2DB-DX1_xmin50586_ymin43110_MPP-0.2500+342
0,0,0,0,0,0,0,0,0,0,0,27620,22556,0,0,0,0,0,0,0,0,0,0,0,0,0,0,0,0,0,0,0,0,0,0,0,27680,22496,0,0,0,0,0,0,0,0,0,0,0,0,0,0,0,0,0,0,0,0,0,0,0,27294,22882,0,0,0,0,0,0,0,0,0,0,0,0,TCGA-GM-A2DB-DX1_xmin50586_ymin43110_MPP-0.2500+343
0,0,0,0,0,0,0,0,0,0,48,0,50128,0,0,0,0,0,0,0,0,0,0,0,0,0,0,0,0,0,0,0,0,0,0,80,0,50096,0,0,0,0,0,0,0,0,0,0,0,0,0,0,0,0,0,0,0,0,0,0,144,0,50032,0,0,0,0,0,0,0,0,0,0,0,0,TCGA-GM-A2DB-DX1_xmin50586_ymin43110_MPP-0.2500+344
0,0,0,0,0,0,28239,12630,0,0,0,6520,2787,0,0,0,0,0,0,0,0,0,0,0,0,0,0,0,0,0,0,27158,13711,0,0,0,6458,2849,0,0,0,0,0,0,0,0,0,0,0,0,0,0,0,0,0,0,27133,13736,0,0,0,6489,2818,0,0,0,0,0,0,0,0,0,0,0,0,TCGA-GM-A2DB-DX1_xmin50586_ymin43110_MPP-0.2500+345
0,0,0,0,0,0,34670,4400,0,0,0,4415,4914,0,0,0,0,0,0,0,0,0,0,0,1777,0,0,0,0,0,0,33737,5333,0,0,0,3623,5706,0,0,0,0,0,0,0,0,0,0,0,1777,0,0,0,0,0,0,34415,4655,0,0,0,4262,5067,0,0,0,0,0,0,0,0,0,0,0,1777,TCGA-GM-A2DB-DX1_xmin50586_ymin43110_MPP-0.2500+346
0,0,0,0,0,0,34106,4343,0,0,0,170,2235,0,0,0,0,0,0,0,0,0,0,0,9322,0,0,0,0,0,0,33768,4681,0,0,0,130,2275,0,0,0,0,0,0,0,0,0,0,0,9322,0,0,0,0,0,0,34223,4226,0,0,0,214,2191,0,0,0,0,0,0,0,0,0,0,0,9322,TCGA-GM-A2DB-DX1_xmin50586_ymin43110_MPP-0.2500+347
0,0,0,0,0,0,43874,0,0,0,0,0,0,0,0,0,0,0,0,0,0,0,0,0,6302,0,0,0,0,0,0,43874,0,0,0,0,0,0,0,0,0,0,0,0,0,0,0,0,0,6302,0,0,0,0,0,0,43874,0,0,0,0,0,0,0,0,0,0,0,0,0,0,0,0,0,6302,TCGA-GM-A2DB-DX1_xmin50586_ymin43110_MPP-0.2500+348
0,0,0,0,0,0,25954,0,0,0,0,0,0,0,0,0,0,0,0,0,0,0,0,0,24222,0,0,0,0,0,0,25954,0,0,0,0,0,0,0,0,0,0,0,0,0,0,0,0,0,24222,0,0,0,0,0,0,25954,0,0,0,0,0,0,0,0,0,0,0,0,0,0,0,0,0,24222,TCGA-GM-A2DB-DX1_xmin50586_ymin43110_MPP-0.2500+349
14468,0,0,0,0,6144,29564,0,0,0,0,0,0,0,0,0,0,0,0,0,0,0,0,0,0,14468,0,0,0,0,6292,29416,0,0,0,0,0,0,0,0,0,0,0,0,0,0,0,0,0,0,14468,0,0,0,0,7003,28705,0,0,0,0,0,0,0,0,0,0,0,0,0,0,0,0,0,0,TCGA-GM-A2DB-DX1_xmin50586_ymin43110_MPP-0.2500+35
50176,0,0,0,0,0,0,0,0,0,0,0,0,0,0,0,0,0,0,0,0,0,0,0,0,50176,0,0,0,0,0,0,0,0,0,0,0,0,0,0,0,0,0,0,0,0,0,0,0,0,50176,0,0,0,0,0,0,0,0,0,0,0,0,0,0,0,0,0,0,0,0,0,0,0,0,TCGA-GM-A2DB-DX1_xmin50586_ymin43110_MPP-0.2500+350
50176,0,0,0,0,0,0,0,0,0,0,0,0,0,0,0,0,0,0,0,0,0,0,0,0,50176,0,0,0,0,0,0,0,0,0,0,0,0,0,0,0,0,0,0,0,0,0,0,0,0,50176,0,0,0,0,0,0,0,0,0,0,0,0,0,0,0,0,0,0,0,0,0,0,0,0,TCGA-GM-A2DB-DX1_xmin50586_ymin43110_MPP-0.2500+351
47928,0,0,0,0,2187,0,0,0,0,0,0,0,0,0,0,0,0,0,0,0,0,0,0,61,47928,0,0,0,0,2187,0,0,0,0,0,0,0,0,0,0,0,0,0,0,0,0,0,0,61,47928,0,0,0,0,2187,0,0,0,0,0,0,0,0,0,0,0,0,0,0,0,0,0,0,61,TCGA-GM-A2DB-DX1_xmin50586_ymin43110_MPP-0.2500+352
50176,0,0,0,0,0,0,0,0,0,0,0,0,0,0,0,0,0,0,0,0,0,0,0,0,50176,0,0,0,0,0,0,0,0,0,0,0,0,0,0,0,0,0,0,0,0,0,0,0,0,50176,0,0,0,0,0,0,0,0,0,0,0,0,0,0,0,0,0,0,0,0,0,0,0,0,TCGA-GM-A2DB-DX1_xmin50586_ymin43110_MPP-0.2500+353
50176,0,0,0,0,0,0,0,0,0,0,0,0,0,0,0,0,0,0,0,0,0,0,0,0,50176,0,0,0,0,0,0,0,0,0,0,0,0,0,0,0,0,0,0,0,0,0,0,0,0,50176,0,0,0,0,0,0,0,0,0,0,0,0,0,0,0,0,0,0,0,0,0,0,0,0,TCGA-GM-A2DB-DX1_xmin50586_ymin43110_MPP-0.2500+354
24782,1206,0,0,0,57,24131,0,0,0,0,0,0,0,0,0,0,0,0,0,0,0,0,0,0,24919,1069,0,0,0,75,24113,0,0,0,0,0,0,0,0,0,0,0,0,0,0,0,0,0,0,25129,859,0,0,0,134,24054,0,0,0,0,0,0,0,0,0,0,0,0,0,0,0,0,0,0,TCGA-GM-A2DB-DX1_xmin50586_ymin43110_MPP-0.2500+355
0,0,0,0,0,1,50175,0,0,0,0,0,0,0,0,0,0,0,0,0,0,0,0,0,0,0,0,0,0,0,1,50175,0,0,0,0,0,0,0,0,0,0,0,0,0,0,0,0,0,0,0,0,0,0,0,1,50175,0,0,0,0,0,0,0,0,0,0,0,0,0,0,0,0,0,0,TCGA-GM-A2DB-DX1_xmin50586_ymin43110_MPP-0.2500+356
0,0,0,0,0,0,41683,8493,0,0,0,0,0,0,0,0,0,0,0,0,0,0,0,0,0,0,0,0,0,0,0,40592,9584,0,0,0,0,0,0,0,0,0,0,0,0,0,0,0,0,0,0,0,0,0,0,0,40643,9533,0,0,0,0,0,0,0,0,0,0,0,0,0,0,0,0,0,TCGA-GM-A2DB-DX1_xmin50586_ymin43110_MPP-0.2500+357
0,0,0,0,0,0,29161,8258,0,0,0,691,11855,0,0,0,0,0,0,0,0,0,0,0,211,0,0,0,0,0,0,28541,8878,0,0,0,632,11914,0,0,0,0,0,0,0,0,0,0,0,211,0,0,0,0,0,0,28297,9122,0,0,0,663,11883,0,0,0,0,0,0,0,0,0,0,0,211,TCGA-GM-A2DB-DX1_xmin50586_ymin43110_MPP-0.2500+358
0,0,0,0,0,0,0,5140,0,0,1,0,45035,0,0,0,0,0,0,0,0,0,0,0,0,0,0,0,0,0,0,1404,3736,0,0,0,20526,24510,0,0,0,0,0,0,0,0,0,0,0,0,0,0,0,0,0,0,0,5140,0,0,0,0,45036,0,0,0,0,0,0,0,0,0,0,0,0,TCGA-GM-A2DB-DX1_xmin50586_ymin43110_MPP-0.2500+359
17850,0,0,0,0,9875,22451,0,0,0,0,0,0,0,0,0,0,0,0,0,0,0,0,0,0,17850,0,0,0,0,10009,22317,0,0,0,0,0,0,0,0,0,0,0,0,0,0,0,0,0,0,17850,0,0,0,0,10194,22132,0,0,0,0,0,0,0,0,0,0,0,0,0,0,0,0,0,0,TCGA-GM-A2DB-DX1_xmin50586_ymin43110_MPP-0.2500+36
0,0,0,0,0,0,0,0,0,0,0,0,50176,0,0,0,0,0,0,0,0,0,0,0,0,0,0,0,0,0,0,0,0,0,0,0,0,50176,0,0,0,0,0,0,0,0,0,0,0,0,0,0,0,0,0,0,0,0,0,0,0,0,50176,0,0,0,0,0,0,0,0,0,0,0,0,TCGA-GM-A2DB-DX1_xmin50586_ymin43110_MPP-0.2500+360
0,0,0,0,0,0,0,0,0,0,352,0,49824,0,0,0,0,0,0,0,0,0,0,0,0,0,0,0,0,0,0,0,0,0,0,352,0,49824,0,0,0,0,0,0,0,0,0,0,0,0,0,0,0,0,0,0,0,0,0,0,352,0,49824,0,0,0,0,0,0,0,0,0,0,0,0,TCGA-GM-A2DB-DX1_xmin50586_ymin43110_MPP-0.2500+361
0,0,0,0,0,0,0,0,0,0,0,0,50176,0,0,0,0,0,0,0,0,0,0,0,0,0,0,0,0,0,0,0,0,0,0,0,0,50176,0,0,0,0,0,0,0,0,0,0,0,0,0,0,0,0,0,0,0,0,0,0,0,0,50176,0,0,0,0,0,0,0,0,0,0,0,0,TCGA-GM-A2DB-DX1_xmin50586_ymin43110_MPP-0.2500+362
0,0,0,0,0,0,0,0,0,0,0,0,50176,0,0,0,0,0,0,0,0,0,0,0,0,0,0,0,0,0,0,0,0,0,0,0,0,50176,0,0,0,0,0,0,0,0,0,0,0,0,0,0,0,0,0,0,0,0,0,0,0,0,50176,0,0,0,0,0,0,0,0,0,0,0,0,TCGA-GM-A2DB-DX1_xmin50586_ymin43110_MPP-0.2500+363
0,0,0,0,0,0,0,4363,0,0,0,0,42252,0,0,0,0,0,0,0,0,0,0,0,3561,0,0,0,0,0,0,0,4363,0,0,0,0,42252,0,0,0,0,0,0,0,0,0,0,0,3561,0,0,0,0,0,0,0,4363,0,0,0,0,42252,0,0,0,0,0,0,0,0,0,0,0,3561,TCGA-GM-A2DB-DX1_xmin50586_ymin43110_MPP-0.2500+364
0,0,0,0,0,0,20113,9876,0,0,0,6935,9803,0,0,0,0,0,0,0,0,0,0,0,3449,0,0,0,0,0,0,18754,11235,0,0,0,6181,10557,0,0,0,0,0,0,0,0,0,0,0,3449,0,0,0,0,0,0,19631,10358,0,0,0,6007,10731,0,0,0,0,0,0,0,0,0,0,0,3449,TCGA-GM-A2DB-DX1_xmin50586_ymin43110_MPP-0.2500+365
0,0,0,0,0,0,18503,4070,0,0,0,3135,20273,0,0,0,0,0,0,0,0,0,0,0,4195,0,0,0,0,0,0,18396,4177,0,0,0,2705,20703,0,0,0,0,0,0,0,0,0,0,0,4195,0,0,0,0,0,0,18770,3803,0,0,0,4028,19380,0,0,0,0,0,0,0,0,0,0,0,4195,TCGA-GM-A2DB-DX1_xmin50586_ymin43110_MPP-0.2500+366
0,0,0,0,0,0,10152,1488,0,0,0,9123,18113,0,0,0,0,0,0,0,0,0,0,0,11300,0,0,0,0,0,0,9981,1659,0,0,0,8435,18801,0,0,0,0,0,0,0,0,0,0,0,11300,0,0,0,0,0,0,10250,1390,0,0,0,9577,17659,0,0,0,0,0,0,0,0,0,0,0,11300,TCGA-GM-A2DB-DX1_xmin50586_ymin43110_MPP-0.2500+367
0,0,0,0,0,0,24975,13983,0,0,0,534,5516,0,0,0,0,0,0,0,0,0,0,0,5168,0,0,0,0,0,0,23979,14979,0,0,0,518,5532,0,0,0,0,0,0,0,0,0,0,0,5168,0,0,0,0,0,0,24096,14862,0,0,0,533,5517,0,0,0,0,0,0,0,0,0,0,0,5168,TCGA-GM-A2DB-DX1_xmin50586_ymin43110_MPP-0.2500+368
0,0,0,0,0,0,21029,2637,0,0,0,0,0,0,0,0,0,0,0,0,0,0,0,0,26510,0,0,0,0,0,0,20439,3227,0,0,0,0,0,0,0,0,0,0,0,0,0,0,0,0,26510,0,0,0,0,0,0,21401,2265,0,0,0,0,0,0,0,0,0,0,0,0,0,0,0,0,26510,TCGA-GM-A2DB-DX1_xmin50586_ymin43110_MPP-0.2500+369
12407,202,0,0,0,15512,22055,0,0,0,0,0,0,0,0,0,0,0,0,0,0,0,0,0,0,12430,179,0,0,0,16272,21295,0,0,0,0,0,0,0,0,0,0,0,0,0,0,0,0,0,0,12376,233,0,0,0,16032,21535,0,0,0,0,0,0,0,0,0,0,0,0,0,0,0,0,0,0,TCGA-GM-A2DB-DX1_xmin50586_ymin43110_MPP-0.2500+37
50103,0,0,0,0,73,0,0,0,0,0,0,0,0,0,0,0,0,0,0,0,0,0,0,0,50103,0,0,0,0,73,0,0,0,0,0,0,0,0,0,0,0,0,0,0,0,0,0,0,0,50103,0,0,0,0,73,0,0,0,0,0,0,0,0,0,0,0,0,0,0,0,0,0,0,0,TCGA-GM-A2DB-DX1_xmin50586_ymin43110_MPP-0.2500+370
50176,0,0,0,0,0,0,0,0,0,0,0,0,0,0,0,0,0,0,0,0,0,0,0,0,50176,0,0,0,0,0,0,0,0,0,0,0,0,0,0,0,0,0,0,0,0,0,0,0,0,50176,0,0,0,0,0,0,0,0,0,0,0,0,0,0,0,0,0,0,0,0,0,0,0,0,TCGA-GM-A2DB-DX1_xmin50586_ymin43110_MPP-0.2500+371
50176,0,0,0,0,0,0,0,0,0,0,0,0,0,0,0,0,0,0,0,0,0,0,0,0,50176,0,0,0,0,0,0,0,0,0,0,0,0,0,0,0,0,0,0,0,0,0,0,0,0,50176,0,0,0,0,0,0,0,0,0,0,0,0,0,0,0,0,0,0,0,0,0,0,0,0,TCGA-GM-A2DB-DX1_xmin50586_ymin43110_MPP-0.2500+372
42037,5330,0,0,0,0,2809,0,0,0,0,0,0,0,0,0,0,0,0,0,0,0,0,0,0,42184,5183,0,0,0,0,2809,0,0,0,0,0,0,0,0,0,0,0,0,0,0,0,0,0,0,42125,5242,0,0,0,0,2809,0,0,0,0,0,0,0,0,0,0,0,0,0,0,0,0,0,0,TCGA-GM-A2DB-DX1_xmin50586_ymin43110_MPP-0.2500+373
14495,6553,0,0,0,0,29128,0,0,0,0,0,0,0,0,0,0,0,0,0,0,0,0,0,0,14507,6541,0,0,0,0,29128,0,0,0,0,0,0,0,0,0,0,0,0,0,0,0,0,0,0,14456,6592,0,0,0,0,29128,0,0,0,0,0,0,0,0,0,0,0,0,0,0,0,0,0,0,TCGA-GM-A2DB-DX1_xmin50586_ymin43110_MPP-0.2500+374
0,97,0,0,0,0,49032,0,0,0,0,0,0,0,0,0,0,0,0,0,0,0,0,0,1047,0,97,0,0,0,0,49032,0,0,0,0,0,0,0,0,0,0,0,0,0,0,0,0,0,1047,0,97,0,0,0,0,49032,0,0,0,0,0,0,0,0,0,0,0,0,0,0,0,0,0,1047,TCGA-GM-A2DB-DX1_xmin50586_ymin43110_MPP-0.2500+375
0,0,0,0,0,0,25118,2287,0,0,0,0,0,0,0,0,0,0,0,0,0,0,0,0,22771,0,0,0,0,0,0,25410,1995,0,0,0,0,0,0,0,0,0,0,0,0,0,0,0,0,22771,0,0,0,0,0,0,24889,2516,0,0,0,0,0,0,0,0,0,0,0,0,0,0,0,0,22771,TCGA-GM-A2DB-DX1_xmin50586_ymin43110_MPP-0.2500+376
0,0,0,0,0,0,12035,6313,0,0,0,0,0,0,0,0,0,0,0,0,0,0,0,0,31828,0,0,0,0,0,0,11626,6722,0,0,0,0,0,0,0,0,0,0,0,0,0,0,0,0,31828,0,0,0,0,0,0,11395,6953,0,0,0,0,0,0,0,0,0,0,0,0,0,0,0,0,31828,TCGA-GM-A2DB-DX1_xmin50586_ymin43110_MPP-0.2500+377
0,0,0,0,0,0,1024,115,0,0,0,19616,18400,0,0,0,0,0,0,0,0,0,0,0,11021,0,0,0,0,0,0,1031,108,0,0,0,18515,19501,0,0,0,0,0,0,0,0,0,0,0,11021,0,0,0,0,0,0,1009,130,0,0,0,16582,21434,0,0,0,0,0,0,0,0,0,0,0,11021,TCGA-GM-A2DB-DX1_xmin50586_ymin43110_MPP-0.2500+378
0,0,0,0,0,0,0,0,0,0,0,18016,32160,0,0,0,0,0,0,0,0,0,0,0,0,0,0,0,0,0,0,0,0,0,0,0,17498,32678,0,0,0,0,0,0,0,0,0,0,0,0,0,0,0,0,0,0,0,0,0,0,0,18112,32064,0,0,0,0,0,0,0,0,0,0,0,0,TCGA-GM-A2DB-DX1_xmin50586_ymin43110_MPP-0.2500+379
5063,0,0,0,0,45113,0,0,0,0,0,0,0,0,0,0,0,0,0,0,0,0,0,0,0,5063,0,0,0,0,45113,0,0,0,0,0,0,0,0,0,0,0,0,0,0,0,0,0,0,0,5063,0,0,0,0,45113,0,0,0,0,0,0,0,0,0,0,0,0,0,0,0,0,0,0,0,TCGA-GM-A2DB-DX1_xmin50586_ymin43110_MPP-0.2500+38
0,0,0,0,0,0,0,0,0,0,0,0,50176,0,0,0,0,0,0,0,0,0,0,0,0,0,0,0,0,0,0,0,0,0,0,0,0,50176,0,0,0,0,0,0,0,0,0,0,0,0,0,0,0,0,0,0,0,0,0,0,0,0,50176,0,0,0,0,0,0,0,0,0,0,0,0,TCGA-GM-A2DB-DX1_xmin50586_ymin43110_MPP-0.2500+380
0,0,0,0,0,0,0,0,0,0,0,9102,41074,0,0,0,0,0,0,0,0,0,0,0,0,0,0,0,0,0,0,0,0,0,0,0,8570,41606,0,0,0,0,0,0,0,0,0,0,0,0,0,0,0,0,0,0,0,0,0,0,0,8843,41333,0,0,0,0,0,0,0,0,0,0,0,0,TCGA-GM-A2DB-DX1_xmin50586_ymin43110_MPP-0.2500+381
0,0,0,0,0,0,0,0,0,0,496,0,49680,0,0,0,0,0,0,0,0,0,0,0,0,0,0,0,0,0,0,0,0,0,0,304,0,49872,0,0,0,0,0,0,0,0,0,0,0,0,0,0,0,0,0,0,0,0,0,0,336,0,49840,0,0,0,0,0,0,0,0,0,0,0,0,TCGA-GM-A2DB-DX1_xmin50586_ymin43110_MPP-0.2500+382
0,0,0,0,0,0,0,695,0,0,0,0,49481,0,0,0,0,0,0,0,0,0,0,0,0,0,0,0,0,0,0,0,695,0,0,0,0,49481,0,0,0,0,0,0,0,0,0,0,0,0,0,0,0,0,0,0,0,695,0,0,0,0,49481,0,0,0,0,0,0,0,0,0,0,0,0,TCGA-GM-A2DB-DX1_xmin50586_ymin43110_MPP-0.2500+383
0,0,0,0,0,0,17182,4736,0,0,0,1210,16258,0,0,0,0,0,0,0,0,0,0,0,10790,0,0,0,0,0,0,16019,5899,0,0,0,911,16557,0,0,0,0,0,0,0,0,0,0,0,10790,0,0,0,0,0,0,16995,4923,0,0,0,1094,16374,0,0,0,0,0,0,0,0,0,0,0,10790,TCGA-GM-A2DB-DX1_xmin50586_ymin43110_MPP-0.2500+384
0,0,0,0,0,0,11829,4995,0,0,0,2422,11202,0,0,0,0,0,0,0,0,0,0,0,19728,0,0,0,0,0,0,11926,4898,0,0,0,2580,11044,0,0,0,0,0,0,0,0,0,0,0,19728,0,0,0,0,0,0,11924,4900,0,0,0,2682,10942,0,0,0,0,0,0,0,0,0,0,0,19728,TCGA-GM-A2DB-DX1_xmin50586_ymin43110_MPP-0.2500+385
0,0,0,0,0,0,8762,6533,0,0,0,783,15965,0,0,0,0,0,0,0,0,0,0,0,18133,0,0,0,0,0,0,7721,7574,0,0,0,390,16358,0,0,0,0,0,0,0,0,0,0,0,18133,0,0,0,0,0,0,8826,6469,0,0,0,632,16116,0,0,0,0,0,0,0,0,0,0,0,18133,TCGA-GM-A2DB-DX1_xmin50586_ymin43110_MPP-0.2500+386
0,0,0,0,0,0,11261,5871,0,0,0,11,0,0,0,0,0,0,0,0,0,0,0,0,33033,0,0,0,0,0,0,10926,6206,0,0,0,11,0,0,0,0,0,0,0,0,0,0,0,0,33033,0,0,0,0,0,0,11191,5941,0,0,0,11,0,0,0,0,0,0,0,0,0,0,0,0,33033,TCGA-GM-A2DB-DX1_xmin50586_ymin43110_MPP-0.2500+387
0,0,0,0,0,0,16615,4737,0,0,0,654,8198,0,0,0,0,0,0,0,0,0,0,0,19972,0,0,0,0,0,0,16567,4785,0,0,0,564,8288,0,0,0,0,0,0,0,0,0,0,0,19972,0,0,0,0,0,0,16498,4854,0,0,0,701,8151,0,0,0,0,0,0,0,0,0,0,0,19972,TCGA-GM-A2DB-DX1_xmin50586_ymin43110_MPP-0.2500+388
0,0,0,0,0,0,13644,5955,0,0,0,0,0,0,0,0,0,0,0,0,0,0,0,0,30577,0,0,0,0,0,0,14553,5046,0,0,0,0,0,0,0,0,0,0,0,0,0,0,0,0,30577,0,0,0,0,0,0,13372,6227,0,0,0,0,0,0,0,0,0,0,0,0,0,0,0,0,30577,TCGA-GM-A2DB-DX1_xmin50586_ymin43110_MPP-0.2500+389
0,1,0,0,0,0,50175,0,0,0,0,0,0,0,0,0,0,0,0,0,0,0,0,0,0,0,1,0,0,0,0,50175,0,0,0,0,0,0,0,0,0,0,0,0,0,0,0,0,0,0,0,1,0,0,0,0,50175,0,0,0,0,0,0,0,0,0,0,0,0,0,0,0,0,0,0,TCGA-GM-A2DB-DX1_xmin50586_ymin43110_MPP-0.2500+39
8834,8200,0,0,0,14178,18964,0,0,0,0,0,0,0,0,0,0,0,0,0,0,0,0,0,0,8829,8205,0,0,0,14298,18844,0,0,0,0,0,0,0,0,0,0,0,0,0,0,0,0,0,0,8811,8223,0,0,0,14793,18349,0,0,0,0,0,0,0,0,0,0,0,0,0,0,0,0,0,0,TCGA-GM-A2DB-DX1_xmin50586_ymin43110_MPP-0.2500+390
22787,1323,0,0,0,4053,22013,0,0,0,0,0,0,0,0,0,0,0,0,0,0,0,0,0,0,22880,1230,0,0,0,4612,21454,0,0,0,0,0,0,0,0,0,0,0,0,0,0,0,0,0,0,22917,1193,0,0,0,4399,21667,0,0,0,0,0,0,0,0,0,0,0,0,0,0,0,0,0,0,TCGA-GM-A2DB-DX1_xmin50586_ymin43110_MPP-0.2500+391
11775,1438,0,0,0,1783,35180,0,0,0,0,0,0,0,0,0,0,0,0,0,0,0,0,0,0,11945,1268,0,0,0,1842,35121,0,0,0,0,0,0,0,0,0,0,0,0,0,0,0,0,0,0,11608,1605,0,0,0,2005,34958,0,0,0,0,0,0,0,0,0,0,0,0,0,0,0,0,0,0,TCGA-GM-A2DB-DX1_xmin50586_ymin43110_MPP-0.2500+392
0,2336,0,0,0,0,47840,0,0,0,0,0,0,0,0,0,0,0,0,0,0,0,0,0,0,0,2336,0,0,0,0,47840,0,0,0,0,0,0,0,0,0,0,0,0,0,0,0,0,0,0,0,2336,0,0,0,0,47840,0,0,0,0,0,0,0,0,0,0,0,0,0,0,0,0,0,0,TCGA-GM-A2DB-DX1_xmin50586_ymin43110_MPP-0.2500+393
0,0,0,0,0,0,43080,7091,0,0,0,0,0,0,0,0,0,0,0,0,0,0,0,0,5,0,0,0,0,0,0,42018,8153,0,0,0,0,0,0,0,0,0,0,0,0,0,0,0,0,5,0,0,0,0,0,0,42656,7515,0,0,0,0,0,0,0,0,0,0,0,0,0,0,0,0,5,TCGA-GM-A2DB-DX1_xmin50586_ymin43110_MPP-0.2500+394
0,0,0,0,0,0,24004,3551,0,0,0,0,0,0,0,0,0,0,0,0,0,0,0,0,22621,0,0,0,0,0,0,22991,4564,0,0,0,0,0,0,0,0,0,0,0,0,0,0,0,0,22621,0,0,0,0,0,0,22316,5239,0,0,0,0,0,0,0,0,0,0,0,0,0,0,0,0,22621,TCGA-GM-A2DB-DX1_xmin50586_ymin43110_MPP-0.2500+395
0,0,0,0,0,0,10787,1275,0,0,0,0,0,0,0,0,0,0,0,0,0,0,0,0,38114,0,0,0,0,0,0,9593,2469,0,0,0,0,0,0,0,0,0,0,0,0,0,0,0,0,38114,0,0,0,0,0,0,9980,2082,0,0,0,0,0,0,0,0,0,0,0,0,0,0,0,0,38114,TCGA-GM-A2DB-DX1_xmin50586_ymin43110_MPP-0.2500+396
0,0,0,0,0,0,6020,2209,0,0,0,104,8331,0,0,0,0,0,0,0,0,0,0,0,33512,0,0,0,0,0,0,5811,2418,0,0,0,90,8345,0,0,0,0,0,0,0,0,0,0,0,33512,0,0,0,0,0,0,5793,2436,0,0,0,105,8330,0,0,0,0,0,0,0,0,0,0,0,33512,TCGA-GM-A2DB-DX1_xmin50586_ymin43110_MPP-0.2500+397
0,0,0,0,0,222,0,3793,0,0,1614,0,34486,0,0,0,0,0,0,0,0,0,0,0,10061,0,0,0,0,0,158,0,3857,0,0,1486,0,34614,0,0,0,0,0,0,0,0,0,0,0,10061,0,0,0,0,0,158,0,3857,0,0,1550,0,34550,0,0,0,0,0,0,0,0,0,0,0,10061,TCGA-GM-A2DB-DX1_xmin50586_ymin43110_MPP-0.2500+398
0,0,0,0,0,0,0,0,0,0,0,0,50176,0,0,0,0,0,0,0,0,0,0,0,0,0,0,0,0,0,0,0,0,0,0,0,0,50176,0,0,0,0,0,0,0,0,0,0,0,0,0,0,0,0,0,0,0,0,0,0,0,0,50176,0,0,0,0,0,0,0,0,0,0,0,0,TCGA-GM-A2DB-DX1_xmin50586_ymin43110_MPP-0.2500+399
0,0,0,0,0,0,0,0,0,0,0,0,0,0,0,112,0,0,50064,0,0,0,0,0,0,0,0,0,0,0,0,0,0,0,0,0,0,0,0,0,48,0,0,50128,0,0,0,0,0,0,0,0,0,0,0,0,0,0,0,0,0,0,0,0,0,112,0,0,50064,0,0,0,0,0,0,TCGA-GM-A2DB-DX1_xmin50586_ymin43110_MPP-0.2500+4
7885,952,0,0,0,8476,32863,0,0,0,0,0,0,0,0,0,0,0,0,0,0,0,0,0,0,7883,954,0,0,0,7536,33803,0,0,0,0,0,0,0,0,0,0,0,0,0,0,0,0,0,0,7845,992,0,0,0,8734,32605,0,0,0,0,0,0,0,0,0,0,0,0,0,0,0,0,0,0,TCGA-GM-A2DB-DX1_xmin50586_ymin43110_MPP-0.2500+40
0,0,0,0,0,0,0,0,0,0,0,0,50176,0,0,0,0,0,0,0,0,0,0,0,0,0,0,0,0,0,0,0,0,0,0,0,0,50176,0,0,0,0,0,0,0,0,0,0,0,0,0,0,0,0,0,0,0,0,0,0,0,0,50176,0,0,0,0,0,0,0,0,0,0,0,0,TCGA-GM-A2DB-DX1_xmin50586_ymin43110_MPP-0.2500+400
0,0,0,0,0,0,0,0,0,0,0,0,50176,0,0,0,0,0,0,0,0,0,0,0,0,0,0,0,0,0,0,0,0,0,0,0,0,50176,0,0,0,0,0,0,0,0,0,0,0,0,0,0,0,0,0,0,0,0,0,0,0,0,50176,0,0,0,0,0,0,0,0,0,0,0,0,TCGA-GM-A2DB-DX1_xmin50586_ymin43110_MPP-0.2500+401
0,0,0,0,0,0,0,0,0,0,0,0,50176,0,0,0,0,0,0,0,0,0,0,0,0,0,0,0,0,0,0,0,0,0,0,0,0,50176,0,0,0,0,0,0,0,0,0,0,0,0,0,0,0,0,0,0,0,0,0,0,0,0,50176,0,0,0,0,0,0,0,0,0,0,0,0,TCGA-GM-A2DB-DX1_xmin50586_ymin43110_MPP-0.2500+402
0,0,0,0,0,0,0,20533,0,0,0,0,26744,0,0,0,0,0,0,0,0,0,0,0,2899,0,0,0,0,0,0,0,20533,0,0,0,0,26744,0,0,0,0,0,0,0,0,0,0,0,2899,0,0,0,0,0,0,0,20533,0,0,0,0,26744,0,0,0,0,0,0,0,0,0,0,0,2899,TCGA-GM-A2DB-DX1_xmin50586_ymin43110_MPP-0.2500+403
0,0,0,0,0,0,22195,9109,0,0,0,0,0,0,0,0,0,0,0,0,0,0,0,0,18872,0,0,0,0,0,0,20825,10479,0,0,0,0,0,0,0,0,0,0,0,0,0,0,0,0,18872,0,0,0,0,0,0,21504,9800,0,0,0,0,0,0,0,0,0,0,0,0,0,0,0,0,18872,TCGA-GM-A2DB-DX1_xmin50586_ymin43110_MPP-0.2500+404
0,0,0,0,0,0,22112,7342,0,0,0,1133,12863,0,0,0,0,0,0,0,0,0,0,0,6726,0,0,0,0,0,0,21938,7516,0,0,0,1124,12872,0,0,0,0,0,0,0,0,0,0,0,6726,0,0,0,0,0,0,21166,8288,0,0,0,961,13035,0,0,0,0,0,0,0,0,0,0,0,6726,TCGA-GM-A2DB-DX1_xmin50586_ymin43110_MPP-0.2500+405
0,0,0,0,0,0,22502,6841,0,0,0,312,6831,0,0,0,0,0,0,0,0,0,0,0,13690,0,0,0,0,0,0,22447,6896,0,0,0,285,6858,0,0,0,0,0,0,0,0,0,0,0,13690,0,0,0,0,0,0,22479,6864,0,0,0,340,6803,0,0,0,0,0,0,0,0,0,0,0,13690,TCGA-GM-A2DB-DX1_xmin50586_ymin43110_MPP-0.2500+406
0,0,0,0,0,0,25886,0,0,0,0,0,0,0,0,0,0,0,0,0,0,0,0,0,24290,0,0,0,0,0,0,25886,0,0,0,0,0,0,0,0,0,0,0,0,0,0,0,0,0,24290,0,0,0,0,0,0,19721,6165,0,0,0,0,0,0,0,0,0,0,0,0,0,0,0,0,24290,TCGA-GM-A2DB-DX1_xmin50586_ymin43110_MPP-0.2500+407
0,0,0,0,0,0,19168,0,0,0,0,0,0,0,0,0,0,0,0,0,0,0,0,0,31008,0,0,0,0,0,0,19168,0,0,0,0,0,0,0,0,0,0,0,0,0,0,0,0,0,31008,0,0,0,0,0,0,19168,0,0,0,0,0,0,0,0,0,0,0,0,0,0,0,0,0,31008,TCGA-GM-A2DB-DX1_xmin50586_ymin43110_MPP-0.2500+408
0,0,0,0,0,0,5159,0,0,0,0,0,0,0,0,0,0,0,0,0,0,0,0,0,45017,0,0,0,0,0,0,5159,0,0,0,0,0,0,0,0,0,0,0,0,0,0,0,0,0,45017,0,0,0,0,0,0,5159,0,0,0,0,0,0,0,0,0,0,0,0,0,0,0,0,0,45017,TCGA-GM-A2DB-DX1_xmin50586_ymin43110_MPP-0.2500+409
48852,0,0,0,0,1324,0,0,0,0,0,0,0,0,0,0,0,0,0,0,0,0,0,0,0,48852,0,0,0,0,1324,0,0,0,0,0,0,0,0,0,0,0,0,0,0,0,0,0,0,0,48852,0,0,0,0,1324,0,0,0,0,0,0,0,0,0,0,0,0,0,0,0,0,0,0,0,TCGA-GM-A2DB-DX1_xmin50586_ymin43110_MPP-0.2500+41
0,0,0,0,0,0,7110,0,0,0,0,0,0,0,0,0,0,0,0,0,0,0,0,0,43066,0,0,0,0,0,0,7110,0,0,0,0,0,0,0,0,0,0,0,0,0,0,0,0,0,43066,0,0,0,0,0,0,7110,0,0,0,0,0,0,0,0,0,0,0,0,0,0,0,0,0,43066,TCGA-GM-A2DB-DX1_xmin50586_ymin43110_MPP-0.2500+410
0,0,0,0,0,0,50176,0,0,0,0,0,0,0,0,0,0,0,0,0,0,0,0,0,0,0,0,0,0,0,0,50176,0,0,0,0,0,0,0,0,0,0,0,0,0,0,0,0,0,0,0,0,0,0,0,0,50176,0,0,0,0,0,0,0,0,0,0,0,0,0,0,0,0,0,0,TCGA-GM-A2DB-DX1_xmin50586_ymin43110_MPP-0.2500+411
0,0,0,0,0,0,50176,0,0,0,0,0,0,0,0,0,0,0,0,0,0,0,0,0,0,0,0,0,0,0,0,50176,0,0,0,0,0,0,0,0,0,0,0,0,0,0,0,0,0,0,0,0,0,0,0,0,50176,0,0,0,0,0,0,0,0,0,0,0,0,0,0,0,0,0,0,TCGA-GM-A2DB-DX1_xmin50586_ymin43110_MPP-0.2500+412
0,0,0,0,0,0,46751,0,0,0,0,752,0,0,0,0,0,0,0,0,0,0,0,0,2673,0,0,0,0,0,0,37508,9243,0,0,0,456,296,0,0,0,0,0,0,0,0,0,0,0,2673,0,0,0,0,0,0,38048,8703,0,0,0,404,348,0,0,0,0,0,0,0,0,0,0,0,2673,TCGA-GM-A2DB-DX1_xmin50586_ymin43110_MPP-0.2500+413
0,0,0,0,0,0,20861,8713,0,0,0,5831,14771,0,0,0,0,0,0,0,0,0,0,0,0,0,0,0,0,0,0,20940,8634,0,0,0,5550,15052,0,0,0,0,0,0,0,0,0,0,0,0,0,0,0,0,0,0,20773,8801,0,0,0,5412,15190,0,0,0,0,0,0,0,0,0,0,0,0,TCGA-GM-A2DB-DX1_xmin50586_ymin43110_MPP-0.2500+414
0,0,0,0,0,0,29312,5340,0,0,0,5423,9707,0,0,0,0,0,0,0,0,0,0,0,394,0,0,0,0,0,0,29299,5353,0,0,0,5700,9430,0,0,0,0,0,0,0,0,0,0,0,394,0,0,0,0,0,0,28604,6048,0,0,0,4789,10341,0,0,0,0,0,0,0,0,0,0,0,394,TCGA-GM-A2DB-DX1_xmin50586_ymin43110_MPP-0.2500+415
0,0,0,0,0,0,36833,0,0,0,0,0,0,0,0,0,0,0,0,0,0,0,0,0,13343,0,0,0,0,0,0,36833,0,0,0,0,0,0,0,0,0,0,0,0,0,0,0,0,0,13343,0,0,0,0,0,0,30002,6831,0,0,0,0,0,0,0,0,0,0,0,0,0,0,0,0,13343,TCGA-GM-A2DB-DX1_xmin50586_ymin43110_MPP-0.2500+416
0,0,0,0,0,0,12127,1574,0,0,0,114,0,0,0,0,0,0,0,0,0,0,0,0,36361,0,0,0,0,0,0,11628,2073,0,0,0,114,0,0,0,0,0,0,0,0,0,0,0,0,36361,0,0,0,0,0,0,11786,1915,0,0,0,114,0,0,0,0,0,0,0,0,0,0,0,0,36361,TCGA-GM-A2DB-DX1_xmin50586_ymin43110_MPP-0.2500+417
0,0,0,0,0,0,16058,4776,0,0,0,1534,440,0,0,0,0,0,0,0,0,0,0,0,27368,0,0,0,0,0,0,15063,5771,0,0,0,1491,483,0,0,0,0,0,0,0,0,0,0,0,27368,0,0,0,0,0,0,15146,5688,0,0,0,1513,461,0,0,0,0,0,0,0,0,0,0,0,27368,TCGA-GM-A2DB-DX1_xmin50586_ymin43110_MPP-0.2500+418
0,0,0,0,0,0,3976,0,0,0,0,23261,19846,0,0,0,0,0,0,0,0,0,0,0,3093,0,0,0,0,0,0,3956,20,0,0,0,21644,21463,0,0,0,0,0,0,0,0,0,0,0,3093,0,0,0,0,0,0,3963,13,0,0,0,21296,21811,0,0,0,0,0,0,0,0,0,0,0,3093,TCGA-GM-A2DB-DX1_xmin50586_ymin43110_MPP-0.2500+419
49121,0,0,0,0,1055,0,0,0,0,0,0,0,0,0,0,0,0,0,0,0,0,0,0,0,49121,0,0,0,0,1055,0,0,0,0,0,0,0,0,0,0,0,0,0,0,0,0,0,0,0,49121,0,0,0,0,1055,0,0,0,0,0,0,0,0,0,0,0,0,0,0,0,0,0,0,0,TCGA-GM-A2DB-DX1_xmin50586_ymin43110_MPP-0.2500+42
0,0,0,0,0,0,0,0,0,0,0,0,50176,0,0,0,0,0,0,0,0,0,0,0,0,0,0,0,0,0,0,0,0,0,0,0,0,50176,0,0,0,0,0,0,0,0,0,0,0,0,0,0,0,0,0,0,0,0,0,0,0,0,50176,0,0,0,0,0,0,0,0,0,0,0,0,TCGA-GM-A2DB-DX1_xmin50586_ymin43110_MPP-0.2500+420
0,0,0,0,0,0,0,4854,0,0,0,0,43045,0,0,0,0,0,0,0,0,0,0,0,2277,0,0,0,0,0,0,0,4854,0,0,0,0,43045,0,0,0,0,0,0,0,0,0,0,0,2277,0,0,0,0,0,0,0,4854,0,0,0,0,43045,0,0,0,0,0,0,0,0,0,0,0,2277,TCGA-GM-A2DB-DX1_xmin50586_ymin43110_MPP-0.2500+421
0,0,0,0,0,0,0,4680,0,0,0,0,25713,0,0,0,0,0,0,0,0,0,0,0,19783,0,0,0,0,0,0,0,4680,0,0,0,0,25713,0,0,0,0,0,0,0,0,0,0,0,19783,0,0,0,0,0,0,0,4680,0,0,0,0,25713,0,0,0,0,0,0,0,0,0,0,0,19783,TCGA-GM-A2DB-DX1_xmin50586_ymin43110_MPP-0.2500+422
0,0,0,0,0,0,9740,1466,0,0,0,199,1900,0,0,0,0,0,0,0,0,0,0,0,36871,0,0,0,0,0,0,9617,1589,0,0,0,168,1931,0,0,0,0,0,0,0,0,0,0,0,36871,0,0,0,0,0,0,9213,1993,0,0,0,212,1887,0,0,0,0,0,0,0,0,0,0,0,36871,TCGA-GM-A2DB-DX1_xmin50586_ymin43110_MPP-0.2500+423
0,0,0,0,0,0,29134,0,0,0,0,0,0,0,0,0,0,0,0,0,0,0,0,0,21042,0,0,0,0,0,0,29134,0,0,0,0,0,0,0,0,0,0,0,0,0,0,0,0,0,21042,0,0,0,0,0,0,29134,0,0,0,0,0,0,0,0,0,0,0,0,0,0,0,0,0,21042,TCGA-GM-A2DB-DX1_xmin50586_ymin43110_MPP-0.2500+424
0,0,0,0,0,0,21948,4293,0,0,0,3309,11772,0,0,0,0,0,0,0,0,0,0,0,8854,0,0,0,0,0,0,22443,3798,0,0,0,3537,11544,0,0,0,0,0,0,0,0,0,0,0,8854,0,0,0,0,0,0,21968,4273,0,0,0,3466,11615,0,0,0,0,0,0,0,0,0,0,0,8854,TCGA-GM-A2DB-DX1_xmin50586_ymin43110_MPP-0.2500+425
0,0,0,0,0,1,45027,0,0,0,0,0,0,0,0,0,0,0,0,0,0,0,0,0,5148,0,0,0,0,0,1,45027,0,0,0,0,0,0,0,0,0,0,0,0,0,0,0,0,0,5148,0,0,0,0,0,1,45027,0,0,0,0,0,0,0,0,0,0,0,0,0,0,0,0,0,5148,TCGA-GM-A2DB-DX1_xmin50586_ymin43110_MPP-0.2500+426
0,0,0,0,0,0,25878,0,0,0,0,0,0,0,0,0,0,0,0,0,0,0,0,0,24298,0,0,0,0,0,0,25878,0,0,0,0,0,0,0,0,0,0,0,0,0,0,0,0,0,24298,0,0,0,0,0,0,25878,0,0,0,0,0,0,0,0,0,0,0,0,0,0,0,0,0,24298,TCGA-GM-A2DB-DX1_xmin50586_ymin43110_MPP-0.2500+427
0,0,0,0,0,0,35,0,0,0,0,0,0,0,0,0,0,0,0,0,0,0,0,0,50141,0,0,0,0,0,0,35,0,0,0,0,0,0,0,0,0,0,0,0,0,0,0,0,0,50141,0,0,0,0,0,0,35,0,0,0,0,0,0,0,0,0,0,0,0,0,0,0,0,0,50141,TCGA-GM-A2DB-DX1_xmin50586_ymin43110_MPP-0.2500+428
0,0,0,0,0,0,38597,0,0,0,0,0,0,0,0,0,0,0,0,0,0,0,0,0,11579,0,0,0,0,0,0,38597,0,0,0,0,0,0,0,0,0,0,0,0,0,0,0,0,0,11579,0,0,0,0,0,0,38597,0,0,0,0,0,0,0,0,0,0,0,0,0,0,0,0,0,11579,TCGA-GM-A2DB-DX1_xmin50586_ymin43110_MPP-0.2500+429
47121,0,0,0,0,3055,0,0,0,0,0,0,0,0,0,0,0,0,0,0,0,0,0,0,0,47121,0,0,0,0,3055,0,0,0,0,0,0,0,0,0,0,0,0,0,0,0,0,0,0,0,47121,0,0,0,0,3055,0,0,0,0,0,0,0,0,0,0,0,0,0,0,0,0,0,0,0,TCGA-GM-A2DB-DX1_xmin50586_ymin43110_MPP-0.2500+43
0,0,0,0,0,0,29701,5235,0,0,0,5803,9437,0,0,0,0,0,0,0,0,0,0,0,0,0,0,0,0,0,0,28923,6013,0,0,0,5244,9996,0,0,0,0,0,0,0,0,0,0,0,0,0,0,0,0,0,0,30434,4502,0,0,0,6118,9122,0,0,0,0,0,0,0,0,0,0,0,0,TCGA-GM-A2DB-DX1_xmin50586_ymin43110_MPP-0.2500+430
0,0,0,0,0,0,19547,2349,0,0,0,12225,16055,0,0,0,0,0,0,0,0,0,0,0,0,0,0,0,0,0,0,20669,1227,0,0,0,12399,15881,0,0,0,0,0,0,0,0,0,0,0,0,0,0,0,0,0,0,19890,2006,0,0,0,11617,16663,0,0,0,0,0,0,0,0,0,0,0,0,TCGA-GM-A2DB-DX1_xmin50586_ymin43110_MPP-0.2500+431
0,0,0,0,0,0,21272,3669,0,0,0,6467,4690,0,0,0,0,0,0,0,0,0,0,0,14078,0,0,0,0,0,0,20646,4295,0,0,0,5902,5255,0,0,0,0,0,0,0,0,0,0,0,14078,0,0,0,0,0,0,20197,4744,0,0,0,5441,5716,0,0,0,0,0,0,0,0,0,0,0,14078,TCGA-GM-A2DB-DX1_xmin50586_ymin43110_MPP-0.2500+432
0,0,0,0,0,0,17576,6206,0,0,0,5451,18351,0,0,0,0,0,0,0,0,0,0,0,2592,0,0,0,0,0,0,15801,7981,0,0,0,4046,19756,0,0,0,0,0,0,0,0,0,0,0,2592,0,0,0,0,0,0,16590,7192,0,0,0,4559,19243,0,0,0,0,0,0,0,0,0,0,0,2592,TCGA-GM-A2DB-DX1_xmin50586_ymin43110_MPP-0.2500+433
0,0,0,0,0,0,16594,3732,0,0,0,7153,7141,0,0,0,0,0,0,0,0,0,0,0,15556,0,0,0,0,0,0,16092,4234,0,0,0,6362,7932,0,0,0,0,0,0,0,0,0,0,0,15556,0,0,0,0,0,0,15932,4394,0,0,0,5986,8308,0,0,0,0,0,0,0,0,0,0,0,15556,TCGA-GM-A2DB-DX1_xmin50586_ymin43110_MPP-0.2500+434
0,0,0,0,0,0,16219,1291,0,0,0,0,0,0,0,0,0,0,0,0,0,0,0,0,32666,0,0,0,0,0,0,16243,1267,0,0,0,0,0,0,0,0,0,0,0,0,0,0,0,0,32666,0,0,0,0,0,0,16438,1072,0,0,0,0,0,0,0,0,0,0,0,0,0,0,0,0,32666,TCGA-GM-A2DB-DX1_xmin50586_ymin43110_MPP-0.2500+435
0,0,0,0,0,0,27821,0,0,0,0,0,0,0,0,0,0,0,0,0,0,0,0,0,22355,0,0,0,0,0,0,27821,0,0,0,0,0,0,0,0,0,0,0,0,0,0,0,0,0,22355,0,0,0,0,0,0,27821,0,0,0,0,0,0,0,0,0,0,0,0,0,0,0,0,0,22355,TCGA-GM-A2DB-DX1_xmin50586_ymin43110_MPP-0.2500+436
0,0,0,0,0,0,22582,823,0,0,0,0,0,0,0,0,0,0,0,0,0,0,0,0,26771,0,0,0,0,0,0,22470,935,0,0,0,0,0,0,0,0,0,0,0,0,0,0,0,0,26771,0,0,0,0,0,0,21890,1515,0,0,0,0,0,0,0,0,0,0,0,0,0,0,0,0,26771,TCGA-GM-A2DB-DX1_xmin50586_ymin43110_MPP-0.2500+437
0,0,0,0,0,0,7467,1643,0,0,0,168,9585,0,0,0,0,0,0,0,0,0,0,0,31313,0,0,0,0,0,0,7253,1857,0,0,0,43,9710,0,0,0,0,0,0,0,0,0,0,0,31313,0,0,0,0,0,0,6960,2150,0,0,0,231,9522,0,0,0,0,0,0,0,0,0,0,0,31313,TCGA-GM-A2DB-DX1_xmin50586_ymin43110_MPP-0.2500+438
0,0,0,0,0,0,13457,10544,0,0,0,2331,14628,0,0,0,0,0,0,0,0,0,0,0,9216,0,0,0,0,0,0,12566,11435,0,0,0,1601,15358,0,0,0,0,0,0,0,0,0,0,0,9216,0,0,0,0,0,0,13558,10443,0,0,0,2390,14569,0,0,0,0,0,0,0,0,0,0,0,9216,TCGA-GM-A2DB-DX1_xmin50586_ymin43110_MPP-0.2500+439
31170,0,0,0,0,19006,0,0,0,0,0,0,0,0,0,0,0,0,0,0,0,0,0,0,0,31170,0,0,0,0,19006,0,0,0,0,0,0,0,0,0,0,0,0,0,0,0,0,0,0,0,31170,0,0,0,0,19006,0,0,0,0,0,0,0,0,0,0,0,0,0,0,0,0,0,0,0,TCGA-GM-A2DB-DX1_xmin50586_ymin43110_MPP-0.2500+44
0,0,0,0,0,0,24392,6453,0,0,0,5233,13608,0,0,0,0,0,0,0,0,0,0,0,490,0,0,0,0,0,0,23435,7410,0,0,0,4693,14148,0,0,0,0,0,0,0,0,0,0,0,490,0,0,0,0,0,0,23929,6916,0,0,0,5323,13518,0,0,0,0,0,0,0,0,0,0,0,490,TCGA-GM-A2DB-DX1_xmin50586_ymin43110_MPP-0.2500+440
0,0,0,0,0,0,14534,7389,0,0,0,281,8123,0,0,0,0,0,0,0,0,0,0,0,19849,0,0,0,0,0,0,14386,7537,0,0,0,309,8095,0,0,0,0,0,0,0,0,0,0,0,19849,0,0,0,0,0,0,15293,6630,0,0,0,321,8083,0,0,0,0,0,0,0,0,0,0,0,19849,TCGA-GM-A2DB-DX1_xmin50586_ymin43110_MPP-0.2500+441
0,0,0,0,0,0,12166,1456,0,0,0,783,1442,0,0,0,0,0,0,0,0,0,0,0,34329,0,0,0,0,0,0,12078,1544,0,0,0,720,1505,0,0,0,0,0,0,0,0,0,0,0,34329,0,0,0,0,0,0,12134,1488,0,0,0,815,1410,0,0,0,0,0,0,0,0,0,0,0,34329,TCGA-GM-A2DB-DX1_xmin50586_ymin43110_MPP-0.2500+442
0,0,0,0,0,0,20389,4474,0,0,0,0,135,0,0,0,0,0,0,0,0,0,0,0,25178,0,0,0,0,0,0,19971,4892,0,0,0,0,135,0,0,0,0,0,0,0,0,0,0,0,25178,0,0,0,0,0,0,20224,4639,0,0,0,0,135,0,0,0,0,0,0,0,0,0,0,0,25178,TCGA-GM-A2DB-DX1_xmin50586_ymin43110_MPP-0.2500+443
0,0,0,0,0,0,34274,1517,0,0,0,3456,10929,0,0,0,0,0,0,0,0,0,0,0,0,0,0,0,0,0,0,34466,1325,0,0,0,3954,10431,0,0,0,0,0,0,0,0,0,0,0,0,0,0,0,0,0,0,34270,1521,0,0,0,3309,11076,0,0,0,0,0,0,0,0,0,0,0,0,TCGA-GM-A2DB-DX1_xmin50586_ymin43110_MPP-0.2500+444
0,0,0,0,0,0,25353,31,0,0,0,4586,14092,0,0,0,0,0,0,0,0,0,0,0,6114,0,0,0,0,0,0,25372,12,0,0,0,4676,14002,0,0,0,0,0,0,0,0,0,0,0,6114,0,0,0,0,0,0,25352,32,0,0,0,4767,13911,0,0,0,0,0,0,0,0,0,0,0,6114,TCGA-GM-A2DB-DX1_xmin50586_ymin43110_MPP-0.2500+445
0,0,0,0,0,0,4865,0,0,0,0,0,0,0,0,0,0,0,0,0,0,0,0,0,45311,0,0,0,0,0,0,4865,0,0,0,0,0,0,0,0,0,0,0,0,0,0,0,0,0,45311,0,0,0,0,0,0,4865,0,0,0,0,0,0,0,0,0,0,0,0,0,0,0,0,0,45311,TCGA-GM-A2DB-DX1_xmin50586_ymin43110_MPP-0.2500+446
0,0,0,0,0,0,5438,0,0,0,0,0,0,0,0,0,0,0,0,0,0,0,0,0,44738,0,0,0,0,0,0,5438,0,0,0,0,0,0,0,0,0,0,0,0,0,0,0,0,0,44738,0,0,0,0,0,0,5438,0,0,0,0,0,0,0,0,0,0,0,0,0,0,0,0,0,44738,TCGA-GM-A2DB-DX1_xmin50586_ymin43110_MPP-0.2500+447
0,0,0,0,0,0,20160,0,0,0,0,0,0,0,0,0,0,0,0,0,0,0,0,0,30016,0,0,0,0,0,0,20160,0,0,0,0,0,0,0,0,0,0,0,0,0,0,0,0,0,30016,0,0,0,0,0,0,20160,0,0,0,0,0,0,0,0,0,0,0,0,0,0,0,0,0,30016,TCGA-GM-A2DB-DX1_xmin50586_ymin43110_MPP-0.2500+448
0,0,0,0,0,0,50176,0,0,0,0,0,0,0,0,0,0,0,0,0,0,0,0,0,0,0,0,0,0,0,0,50176,0,0,0,0,0,0,0,0,0,0,0,0,0,0,0,0,0,0,0,0,0,0,0,0,50176,0,0,0,0,0,0,0,0,0,0,0,0,0,0,0,0,0,0,TCGA-GM-A2DB-DX1_xmin50586_ymin43110_MPP-0.2500+449
47043,0,0,0,0,3133,0,0,0,0,0,0,0,0,0,0,0,0,0,0,0,0,0,0,0,47043,0,0,0,0,3133,0,0,0,0,0,0,0,0,0,0,0,0,0,0,0,0,0,0,0,47043,0,0,0,0,3133,0,0,0,0,0,0,0,0,0,0,0,0,0,0,0,0,0,0,0,TCGA-GM-A2DB-DX1_xmin50586_ymin43110_MPP-0.2500+45
0,0,0,0,0,0,14888,954,0,0,0,15809,18525,0,0,0,0,0,0,0,0,0,0,0,0,0,0,0,0,0,0,13344,2498,0,0,0,13348,20986,0,0,0,0,0,0,0,0,0,0,0,0,0,0,0,0,0,0,14535,1307,0,0,0,15682,18652,0,0,0,0,0,0,0,0,0,0,0,0,TCGA-GM-A2DB-DX1_xmin50586_ymin43110_MPP-0.2500+450
0,0,0,0,0,0,8570,6569,0,0,0,6482,26494,0,0,0,0,0,0,0,0,0,0,0,2061,0,0,0,0,0,0,8526,6613,0,0,0,5698,27278,0,0,0,0,0,0,0,0,0,0,0,2061,0,0,0,0,0,0,8463,6676,0,0,0,5903,27073,0,0,0,0,0,0,0,0,0,0,0,2061,TCGA-GM-A2DB-DX1_xmin50586_ymin43110_MPP-0.2500+451
0,0,0,0,0,0,18970,385,0,0,0,4185,12072,0,0,0,0,0,0,0,0,0,0,0,14564,0,0,0,0,0,0,18968,387,0,0,0,4007,12250,0,0,0,0,0,0,0,0,0,0,0,14564,0,0,0,0,0,0,19068,287,0,0,0,4448,11809,0,0,0,0,0,0,0,0,0,0,0,14564,TCGA-GM-A2DB-DX1_xmin50586_ymin43110_MPP-0.2500+452
0,0,0,0,0,0,12948,2963,0,0,0,15816,5736,0,0,0,0,0,0,0,0,0,0,0,12713,0,0,0,0,0,0,12555,3356,0,0,0,15617,5935,0,0,0,0,0,0,0,0,0,0,0,12713,0,0,0,0,0,0,12919,2992,0,0,0,15442,6110,0,0,0,0,0,0,0,0,0,0,0,12713,TCGA-GM-A2DB-DX1_xmin50586_ymin43110_MPP-0.2500+453
0,0,0,0,0,0,33748,0,0,0,0,2968,0,0,0,0,0,0,0,0,0,0,0,0,13460,0,0,0,0,0,0,33748,0,0,0,0,2968,0,0,0,0,0,0,0,0,0,0,0,0,13460,0,0,0,0,0,0,33748,0,0,0,0,2968,0,0,0,0,0,0,0,0,0,0,0,0,13460,TCGA-GM-A2DB-DX1_xmin50586_ymin43110_MPP-0.2500+454
0,0,0,0,0,0,29494,0,0,0,0,0,0,0,0,0,0,0,0,0,0,0,0,0,20682,0,0,0,0,0,0,29494,0,0,0,0,0,0,0,0,0,0,0,0,0,0,0,0,0,20682,0,0,0,0,0,0,29494,0,0,0,0,0,0,0,0,0,0,0,0,0,0,0,0,0,20682,TCGA-GM-A2DB-DX1_xmin50586_ymin43110_MPP-0.2500+455
0,0,0,0,0,0,23141,0,0,0,0,0,0,0,0,0,0,0,0,0,0,0,0,0,27035,0,0,0,0,0,0,23141,0,0,0,0,0,0,0,0,0,0,0,0,0,0,0,0,0,27035,0,0,0,0,0,0,23141,0,0,0,0,0,0,0,0,0,0,0,0,0,0,0,0,0,27035,TCGA-GM-A2DB-DX1_xmin50586_ymin43110_MPP-0.2500+456
0,0,0,0,0,0,20497,1820,0,0,0,0,0,0,0,0,0,0,0,0,0,0,0,0,27859,0,0,0,0,0,0,20258,2059,0,0,0,0,0,0,0,0,0,0,0,0,0,0,0,0,27859,0,0,0,0,0,0,20437,1880,0,0,0,0,0,0,0,0,0,0,0,0,0,0,0,0,27859,TCGA-GM-A2DB-DX1_xmin50586_ymin43110_MPP-0.2500+457
0,0,0,0,0,0,11153,417,0,0,0,0,0,0,0,0,0,0,0,0,0,0,0,0,38606,0,0,0,0,0,0,11021,549,0,0,0,0,0,0,0,0,0,0,0,0,0,0,0,0,38606,0,0,0,0,0,0,11134,436,0,0,0,0,0,0,0,0,0,0,0,0,0,0,0,0,38606,TCGA-GM-A2DB-DX1_xmin50586_ymin43110_MPP-0.2500+458
0,0,0,0,0,0,7799,6704,0,0,0,126,15419,0,0,0,0,0,0,0,0,0,0,0,20128,0,0,0,0,0,0,7758,6745,0,0,0,106,15439,0,0,0,0,0,0,0,0,0,0,0,20128,0,0,0,0,0,0,7800,6703,0,0,0,116,15429,0,0,0,0,0,0,0,0,0,0,0,20128,TCGA-GM-A2DB-DX1_xmin50586_ymin43110_MPP-0.2500+459
0,0,0,0,0,0,50176,0,0,0,0,0,0,0,0,0,0,0,0,0,0,0,0,0,0,0,0,0,0,0,0,50176,0,0,0,0,0,0,0,0,0,0,0,0,0,0,0,0,0,0,0,0,0,0,0,0,50176,0,0,0,0,0,0,0,0,0,0,0,0,0,0,0,0,0,0,TCGA-GM-A2DB-DX1_xmin50586_ymin43110_MPP-0.2500+46
0,0,0,0,0,0,6780,13498,0,0,0,4400,25498,0,0,0,0,0,0,0,0,0,0,0,0,0,0,0,0,0,0,6463,13815,0,0,0,3866,26032,0,0,0,0,0,0,0,0,0,0,0,0,0,0,0,0,0,0,6972,13306,0,0,0,5203,24695,0,0,0,0,0,0,0,0,0,0,0,0,TCGA-GM-A2DB-DX1_xmin50586_ymin43110_MPP-0.2500+460
0,0,0,0,0,0,10299,5369,0,0,0,8644,25864,0,0,0,0,0,0,0,0,0,0,0,0,0,0,0,0,0,0,10441,5227,0,0,0,8562,25946,0,0,0,0,0,0,0,0,0,0,0,0,0,0,0,0,0,0,9956,5712,0,0,0,8064,26444,0,0,0,0,0,0,0,0,0,0,0,0,TCGA-GM-A2DB-DX1_xmin50586_ymin43110_MPP-0.2500+461
0,0,0,0,0,0,29607,2080,0,0,0,3142,11425,0,0,0,0,0,0,0,0,0,0,0,3922,0,0,0,0,0,0,29627,2060,0,0,0,3068,11499,0,0,0,0,0,0,0,0,0,0,0,3922,0,0,0,0,0,0,29647,2040,0,0,0,3480,11087,0,0,0,0,0,0,0,0,0,0,0,3922,TCGA-GM-A2DB-DX1_xmin50586_ymin43110_MPP-0.2500+462
0,0,0,0,0,0,28747,1852,0,0,0,3248,15131,0,0,0,0,0,0,0,0,0,0,0,1198,0,0,0,0,0,0,28729,1870,0,0,0,3145,15234,0,0,0,0,0,0,0,0,0,0,0,1198,0,0,0,0,0,0,28727,1872,0,0,0,3058,15321,0,0,0,0,0,0,0,0,0,0,0,1198,TCGA-GM-A2DB-DX1_xmin50586_ymin43110_MPP-0.2500+463
0,0,0,0,0,0,16595,832,0,0,0,4643,14709,0,0,0,0,0,0,0,0,0,0,0,13397,0,0,0,0,0,0,16462,965,0,0,0,4420,14932,0,0,0,0,0,0,0,0,0,0,0,13397,0,0,0,0,0,0,16465,962,0,0,0,4593,14759,0,0,0,0,0,0,0,0,0,0,0,13397,TCGA-GM-A2DB-DX1_xmin50586_ymin43110_MPP-0.2500+464
0,0,0,0,0,0,28273,0,0,0,0,8355,8162,0,0,0,0,0,0,0,0,0,0,0,5386,0,0,0,0,0,0,28273,0,0,0,0,8070,8447,0,0,0,0,0,0,0,0,0,0,0,5386,0,0,0,0,0,0,28273,0,0,0,0,8286,8231,0,0,0,0,0,0,0,0,0,0,0,5386,TCGA-GM-A2DB-DX1_xmin50586_ymin43110_MPP-0.2500+465
0,0,0,0,0,0,29773,0,0,0,0,0,0,0,0,0,0,0,0,0,0,0,0,0,20403,0,0,0,0,0,0,29773,0,0,0,0,0,0,0,0,0,0,0,0,0,0,0,0,0,20403,0,0,0,0,0,0,29773,0,0,0,0,0,0,0,0,0,0,0,0,0,0,0,0,0,20403,TCGA-GM-A2DB-DX1_xmin50586_ymin43110_MPP-0.2500+466
0,0,0,0,0,0,49416,0,0,0,0,0,0,0,0,0,0,0,0,0,0,0,0,0,760,0,0,0,0,0,0,49416,0,0,0,0,0,0,0,0,0,0,0,0,0,0,0,0,0,760,0,0,0,0,0,0,49416,0,0,0,0,0,0,0,0,0,0,0,0,0,0,0,0,0,760,TCGA-GM-A2DB-DX1_xmin50586_ymin43110_MPP-0.2500+467
0,0,0,0,0,1,50175,0,0,0,0,0,0,0,0,0,0,0,0,0,0,0,0,0,0,0,0,0,0,0,1,50175,0,0,0,0,0,0,0,0,0,0,0,0,0,0,0,0,0,0,0,0,0,0,0,1,50175,0,0,0,0,0,0,0,0,0,0,0,0,0,0,0,0,0,0,TCGA-GM-A2DB-DX1_xmin50586_ymin43110_MPP-0.2500+468
0,0,0,0,0,0,50176,0,0,0,0,0,0,0,0,0,0,0,0,0,0,0,0,0,0,0,0,0,0,0,0,50176,0,0,0,0,0,0,0,0,0,0,0,0,0,0,0,0,0,0,0,0,0,0,0,0,50176,0,0,0,0,0,0,0,0,0,0,0,0,0,0,0,0,0,0,TCGA-GM-A2DB-DX1_xmin50586_ymin43110_MPP-0.2500+469
0,0,0,0,0,320,49856,0,0,0,0,0,0,0,0,0,0,0,0,0,0,0,0,0,0,0,0,0,0,0,64,50112,0,0,0,0,0,0,0,0,0,0,0,0,0,0,0,0,0,0,0,0,0,0,0,128,50048,0,0,0,0,0,0,0,0,0,0,0,0,0,0,0,0,0,0,TCGA-GM-A2DB-DX1_xmin50586_ymin43110_MPP-0.2500+47
0,0,0,0,0,0,14996,2775,0,0,0,19092,13115,0,0,0,0,0,0,0,0,0,0,0,198,0,0,0,0,0,0,15237,2534,0,0,0,19032,13175,0,0,0,0,0,0,0,0,0,0,0,198,0,0,0,0,0,0,14736,3035,0,0,0,18680,13527,0,0,0,0,0,0,0,0,0,0,0,198,TCGA-GM-A2DB-DX1_xmin50586_ymin43110_MPP-0.2500+470
0,0,0,0,0,0,13074,4649,0,0,0,5223,19761,0,0,0,0,0,0,0,0,0,0,0,7469,0,0,0,0,0,0,9851,7872,0,0,0,4510,20474,0,0,0,0,0,0,0,0,0,0,0,7469,0,0,0,0,0,0,9402,8321,0,0,0,4526,20458,0,0,0,0,0,0,0,0,0,0,0,7469,TCGA-GM-A2DB-DX1_xmin50586_ymin43110_MPP-0.2500+471
0,0,0,0,0,0,10123,9286,0,0,0,5405,16867,0,0,0,0,0,0,0,0,0,0,0,8495,0,0,0,0,0,0,10045,9364,0,0,0,5154,17118,0,0,0,0,0,0,0,0,0,0,0,8495,0,0,0,0,0,0,9737,9672,0,0,0,4799,17473,0,0,0,0,0,0,0,0,0,0,0,8495,TCGA-GM-A2DB-DX1_xmin50586_ymin43110_MPP-0.2500+472
0,0,0,0,0,0,43259,0,0,0,0,575,0,0,0,0,0,0,0,0,0,0,0,0,6342,0,0,0,0,0,0,43259,0,0,0,0,575,0,0,0,0,0,0,0,0,0,0,0,0,6342,0,0,0,0,0,0,43259,0,0,0,0,575,0,0,0,0,0,0,0,0,0,0,0,0,6342,TCGA-GM-A2DB-DX1_xmin50586_ymin43110_MPP-0.2500+473
0,0,0,0,0,0,37623,0,0,0,0,0,0,0,0,0,0,0,0,0,0,0,0,0,12553,0,0,0,0,0,0,37623,0,0,0,0,0,0,0,0,0,0,0,0,0,0,0,0,0,12553,0,0,0,0,0,0,37623,0,0,0,0,0,0,0,0,0,0,0,0,0,0,0,0,0,12553,TCGA-GM-A2DB-DX1_xmin50586_ymin43110_MPP-0.2500+474
0,0,0,0,0,0,14636,4037,0,0,0,0,0,0,0,0,0,0,0,0,0,0,0,0,31503,0,0,0,0,0,0,14905,3768,0,0,0,0,0,0,0,0,0,0,0,0,0,0,0,0,31503,0,0,0,0,0,0,14609,4064,0,0,0,0,0,0,0,0,0,0,0,0,0,0,0,0,31503,TCGA-GM-A2DB-DX1_xmin50586_ymin43110_MPP-0.2500+475
0,0,0,0,0,0,11910,0,0,0,0,0,0,0,0,0,0,0,0,0,0,0,0,0,38266,0,0,0,0,0,0,11910,0,0,0,0,0,0,0,0,0,0,0,0,0,0,0,0,0,38266,0,0,0,0,0,0,11910,0,0,0,0,0,0,0,0,0,0,0,0,0,0,0,0,0,38266,TCGA-GM-A2DB-DX1_xmin50586_ymin43110_MPP-0.2500+476
0,0,0,0,0,0,23583,1623,0,0,0,68,3621,0,0,0,0,0,0,0,0,0,0,0,21281,0,0,0,0,0,0,23238,1968,0,0,0,29,3660,0,0,0,0,0,0,0,0,0,0,0,21281,0,0,0,0,0,0,23104,2102,0,0,0,58,3631,0,0,0,0,0,0,0,0,0,0,0,21281,TCGA-GM-A2DB-DX1_xmin50586_ymin43110_MPP-0.2500+477
0,0,0,0,0,0,3947,3485,0,0,0,4637,31440,0,0,0,0,0,0,0,0,0,0,0,6667,0,0,0,0,0,0,4055,3377,0,0,0,4482,31595,0,0,0,0,0,0,0,0,0,0,0,6667,0,0,0,0,0,0,4034,3398,0,0,0,4722,31355,0,0,0,0,0,0,0,0,0,0,0,6667,TCGA-GM-A2DB-DX1_xmin50586_ymin43110_MPP-0.2500+478
0,0,0,0,0,0,14028,6850,0,0,0,5861,19870,0,0,0,0,0,0,0,0,0,0,0,3567,0,0,0,0,0,0,14230,6648,0,0,0,5674,20057,0,0,0,0,0,0,0,0,0,0,0,3567,0,0,0,0,0,0,14095,6783,0,0,0,5741,19990,0,0,0,0,0,0,0,0,0,0,0,3567,TCGA-GM-A2DB-DX1_xmin50586_ymin43110_MPP-0.2500+479
0,0,0,0,0,0,49909,0,0,0,0,267,0,0,0,0,0,0,0,0,0,0,0,0,0,0,0,0,0,0,0,49909,0,0,0,0,267,0,0,0,0,0,0,0,0,0,0,0,0,0,0,0,0,0,0,0,49909,0,0,0,0,267,0,0,0,0,0,0,0,0,0,0,0,0,0,TCGA-GM-A2DB-DX1_xmin50586_ymin43110_MPP-0.2500+48
0,0,0,0,0,0,25386,2374,0,0,0,2384,7644,0,0,0,0,0,0,0,0,0,0,0,12388,0,0,0,0,0,0,25265,2495,0,0,0,2243,7785,0,0,0,0,0,0,0,0,0,0,0,12388,0,0,0,0,0,0,25329,2431,0,0,0,2339,7689,0,0,0,0,0,0,0,0,0,0,0,12388,TCGA-GM-A2DB-DX1_xmin50586_ymin43110_MPP-0.2500+480
0,0,0,0,0,0,50176,0,0,0,0,0,0,0,0,0,0,0,0,0,0,0,0,0,0,0,0,0,0,0,0,50176,0,0,0,0,0,0,0,0,0,0,0,0,0,0,0,0,0,0,0,0,0,0,0,0,50176,0,0,0,0,0,0,0,0,0,0,0,0,0,0,0,0,0,0,TCGA-GM-A2DB-DX1_xmin50586_ymin43110_MPP-0.2500+481
0,0,0,0,0,0,35576,979,0,0,0,5934,6165,0,0,0,0,0,0,0,0,0,0,0,1522,0,0,0,0,0,0,35490,1065,0,0,0,5827,6272,0,0,0,0,0,0,0,0,0,0,0,1522,0,0,0,0,0,0,34584,1971,0,0,0,5292,6807,0,0,0,0,0,0,0,0,0,0,0,1522,TCGA-GM-A2DB-DX1_xmin50586_ymin43110_MPP-0.2500+482
0,0,0,0,0,0,12134,2354,0,0,0,0,0,0,0,0,0,0,0,0,0,0,0,0,35688,0,0,0,0,0,0,11920,2568,0,0,0,0,0,0,0,0,0,0,0,0,0,0,0,0,35688,0,0,0,0,0,0,12164,2324,0,0,0,0,0,0,0,0,0,0,0,0,0,0,0,0,35688,TCGA-GM-A2DB-DX1_xmin50586_ymin43110_MPP-0.2500+483
0,0,0,0,0,0,29317,0,0,0,0,0,0,0,0,0,0,0,0,0,0,0,0,0,20859,0,0,0,0,0,0,29317,0,0,0,0,0,0,0,0,0,0,0,0,0,0,0,0,0,20859,0,0,0,0,0,0,29317,0,0,0,0,0,0,0,0,0,0,0,0,0,0,0,0,0,20859,TCGA-GM-A2DB-DX1_xmin50586_ymin43110_MPP-0.2500+484
0,0,0,0,0,0,32764,0,0,0,0,0,0,0,0,0,0,0,0,0,0,0,0,0,17412,0,0,0,0,0,0,32764,0,0,0,0,0,0,0,0,0,0,0,0,0,0,0,0,0,17412,0,0,0,0,0,0,32764,0,0,0,0,0,0,0,0,0,0,0,0,0,0,0,0,0,17412,TCGA-GM-A2DB-DX1_xmin50586_ymin43110_MPP-0.2500+485
0,0,0,0,0,0,50176,0,0,0,0,0,0,0,0,0,0,0,0,0,0,0,0,0,0,0,0,0,0,0,0,50176,0,0,0,0,0,0,0,0,0,0,0,0,0,0,0,0,0,0,0,0,0,0,0,0,50176,0,0,0,0,0,0,0,0,0,0,0,0,0,0,0,0,0,0,TCGA-GM-A2DB-DX1_xmin50586_ymin43110_MPP-0.2500+486
0,0,0,0,0,0,50176,0,0,0,0,0,0,0,0,0,0,0,0,0,0,0,0,0,0,0,0,0,0,0,0,50176,0,0,0,0,0,0,0,0,0,0,0,0,0,0,0,0,0,0,0,0,0,0,0,1,50175,0,0,0,0,0,0,0,0,0,0,0,0,0,0,0,0,0,0,TCGA-GM-A2DB-DX1_xmin50586_ymin43110_MPP-0.2500+487
0,0,0,0,0,0,50176,0,0,0,0,0,0,0,0,0,0,0,0,0,0,0,0,0,0,0,0,0,0,0,0,50176,0,0,0,0,0,0,0,0,0,0,0,0,0,0,0,0,0,0,0,0,0,0,0,0,50176,0,0,0,0,0,0,0,0,0,0,0,0,0,0,0,0,0,0,TCGA-GM-A2DB-DX1_xmin50586_ymin43110_MPP-0.2500+488
0,0,0,0,0,0,34445,7768,0,0,0,3051,1491,0,0,0,0,0,0,0,0,0,0,0,3421,0,0,0,0,0,0,33150,9063,0,0,0,2888,1654,0,0,0,0,0,0,0,0,0,0,0,3421,0,0,0,0,0,0,32518,9695,0,0,0,2898,1644,0,0,0,0,0,0,0,0,0,0,0,3421,TCGA-GM-A2DB-DX1_xmin50586_ymin43110_MPP-0.2500+489
0,0,0,0,0,0,48924,0,0,0,0,1252,0,0,0,0,0,0,0,0,0,0,0,0,0,0,0,0,0,0,0,48924,0,0,0,0,1252,0,0,0,0,0,0,0,0,0,0,0,0,0,0,0,0,0,0,0,48924,0,0,0,0,1252,0,0,0,0,0,0,0,0,0,0,0,0,0,TCGA-GM-A2DB-DX1_xmin50586_ymin43110_MPP-0.2500+49
0,0,0,0,0,0,21506,8,0,0,0,5389,3408,0,0,0,0,0,0,0,0,0,0,0,19865,0,0,0,0,0,0,21493,21,0,0,0,4933,3864,0,0,0,0,0,0,0,0,0,0,0,19865,0,0,0,0,0,0,21431,83,0,0,0,4916,3881,0,0,0,0,0,0,0,0,0,0,0,19865,TCGA-GM-A2DB-DX1_xmin50586_ymin43110_MPP-0.2500+490
0,0,0,0,0,0,16641,1423,0,0,0,8538,22943,0,0,0,0,0,0,0,0,0,0,0,631,0,0,0,0,0,0,16767,1297,0,0,0,7974,23507,0,0,0,0,0,0,0,0,0,0,0,631,0,0,0,0,0,0,16835,1229,0,0,0,8493,22988,0,0,0,0,0,0,0,0,0,0,0,631,TCGA-GM-A2DB-DX1_xmin50586_ymin43110_MPP-0.2500+491
0,0,0,0,0,0,14704,53,0,0,0,12042,20444,0,0,0,0,0,0,0,0,0,0,0,2933,0,0,0,0,0,0,14642,115,0,0,0,10849,21637,0,0,0,0,0,0,0,0,0,0,0,2933,0,0,0,0,0,0,14717,40,0,0,0,12290,20196,0,0,0,0,0,0,0,0,0,0,0,2933,TCGA-GM-A2DB-DX1_xmin50586_ymin43110_MPP-0.2500+492
0,0,0,0,0,0,24771,70,0,0,0,417,20,0,0,0,0,0,0,0,0,0,0,0,24898,0,0,0,0,0,0,24805,36,0,0,0,437,0,0,0,0,0,0,0,0,0,0,0,0,24898,0,0,0,0,0,0,24636,205,0,0,0,421,16,0,0,0,0,0,0,0,0,0,0,0,24898,TCGA-GM-A2DB-DX1_xmin50586_ymin43110_MPP-0.2500+493
0,0,0,0,0,0,16121,4718,0,0,0,79,0,0,0,0,0,0,0,0,0,0,0,0,29258,0,0,0,0,0,0,15318,5521,0,0,0,79,0,0,0,0,0,0,0,0,0,0,0,0,29258,0,0,0,0,0,0,15290,5549,0,0,0,79,0,0,0,0,0,0,0,0,0,0,0,0,29258,TCGA-GM-A2DB-DX1_xmin50586_ymin43110_MPP-0.2500+494
0,0,0,0,0,0,18198,0,0,0,0,0,0,0,0,0,0,0,0,0,0,0,0,0,31978,0,0,0,0,0,0,18198,0,0,0,0,0,0,0,0,0,0,0,0,0,0,0,0,0,31978,0,0,0,0,0,0,18198,0,0,0,0,0,0,0,0,0,0,0,0,0,0,0,0,0,31978,TCGA-GM-A2DB-DX1_xmin50586_ymin43110_MPP-0.2500+495
0,0,0,0,0,0,5896,6656,0,0,0,0,5768,0,0,0,0,0,0,0,0,0,0,0,31856,0,0,0,0,0,0,5604,6948,0,0,0,0,5768,0,0,0,0,0,0,0,0,0,0,0,31856,0,0,0,0,0,0,6053,6499,0,0,0,2,5766,0,0,0,0,0,0,0,0,0,0,0,31856,TCGA-GM-A2DB-DX1_xmin50586_ymin43110_MPP-0.2500+496
0,0,0,0,0,0,12664,4914,0,0,0,6138,3707,0,0,0,0,0,0,0,0,0,0,0,22753,0,0,0,0,0,0,12579,4999,0,0,0,5910,3935,0,0,0,0,0,0,0,0,0,0,0,22753,0,0,0,0,0,0,12728,4850,0,0,0,6256,3589,0,0,0,0,0,0,0,0,0,0,0,22753,TCGA-GM-A2DB-DX1_xmin50586_ymin43110_MPP-0.2500+497
0,0,0,0,0,0,20048,3244,0,0,0,2186,2565,0,0,0,0,0,0,0,0,0,0,0,22133,0,0,0,0,0,0,19800,3492,0,0,0,1798,2953,0,0,0,0,0,0,0,0,0,0,0,22133,0,0,0,0,0,0,20098,3194,0,0,0,2056,2695,0,0,0,0,0,0,0,0,0,0,0,22133,TCGA-GM-A2DB-DX1_xmin50586_ymin43110_MPP-0.2500+498
0,0,0,0,0,0,40351,0,0,0,0,0,0,0,0,0,0,0,0,0,0,0,0,0,9825,0,0,0,0,0,0,40351,0,0,0,0,0,0,0,0,0,0,0,0,0,0,0,0,0,9825,0,0,0,0,0,0,40351,0,0,0,0,0,0,0,0,0,0,0,0,0,0,0,0,0,9825,TCGA-GM-A2DB-DX1_xmin50586_ymin43110_MPP-0.2500+499
0,0,0,0,0,0,0,0,0,0,0,0,0,0,0,0,18233,0,31943,0,0,0,0,0,0,0,0,0,0,0,0,0,0,0,0,0,0,0,0,0,0,15750,0,34426,0,0,0,0,0,0,0,0,0,0,0,0,0,0,0,0,0,0,0,0,0,0,18277,0,31899,0,0,0,0,0,0,TCGA-GM-A2DB-DX1_xmin50586_ymin43110_MPP-0.2500+5
0,0,0,0,0,2368,47808,0,0,0,0,0,0,0,0,0,0,0,0,0,0,0,0,0,0,0,0,0,0,0,3008,47168,0,0,0,0,0,0,0,0,0,0,0,0,0,0,0,0,0,0,0,0,0,0,0,2368,47808,0,0,0,0,0,0,0,0,0,0,0,0,0,0,0,0,0,0,TCGA-GM-A2DB-DX1_xmin50586_ymin43110_MPP-0.2500+50
0,0,0,0,0,0,41198,0,0,0,0,0,0,0,0,0,0,0,0,0,0,0,0,0,8978,0,0,0,0,0,0,41198,0,0,0,0,0,0,0,0,0,0,0,0,0,0,0,0,0,8978,0,0,0,0,0,0,41198,0,0,0,0,0,0,0,0,0,0,0,0,0,0,0,0,0,8978,TCGA-GM-A2DB-DX1_xmin50586_ymin43110_MPP-0.2500+500
0,0,0,0,0,0,50176,0,0,0,0,0,0,0,0,0,0,0,0,0,0,0,0,0,0,0,0,0,0,0,0,50176,0,0,0,0,0,0,0,0,0,0,0,0,0,0,0,0,0,0,0,0,0,0,0,0,50176,0,0,0,0,0,0,0,0,0,0,0,0,0,0,0,0,0,0,TCGA-GM-A2DB-DX1_xmin50586_ymin43110_MPP-0.2500+501
0,0,0,0,0,0,49728,0,0,0,0,0,0,0,0,0,0,0,0,0,0,0,0,0,448,0,0,0,0,0,0,49728,0,0,0,0,0,0,0,0,0,0,0,0,0,0,0,0,0,448,0,0,0,0,0,0,49728,0,0,0,0,0,0,0,0,0,0,0,0,0,0,0,0,0,448,TCGA-GM-A2DB-DX1_xmin50586_ymin43110_MPP-0.2500+502
0,0,0,0,0,0,49597,0,0,0,0,0,0,0,0,0,0,0,0,0,0,0,0,0,579,0,0,0,0,0,0,49597,0,0,0,0,0,0,0,0,0,0,0,0,0,0,0,0,0,579,0,0,0,0,0,0,49597,0,0,0,0,0,0,0,0,0,0,0,0,0,0,0,0,0,579,TCGA-GM-A2DB-DX1_xmin50586_ymin43110_MPP-0.2500+503
0,0,0,0,0,0,50176,0,0,0,0,0,0,0,0,0,0,0,0,0,0,0,0,0,0,0,0,0,0,0,0,50176,0,0,0,0,0,0,0,0,0,0,0,0,0,0,0,0,0,0,0,0,0,0,0,0,50176,0,0,0,0,0,0,0,0,0,0,0,0,0,0,0,0,0,0,TCGA-GM-A2DB-DX1_xmin50586_ymin43110_MPP-0.2500+504
0,0,0,0,0,0,50176,0,0,0,0,0,0,0,0,0,0,0,0,0,0,0,0,0,0,0,0,0,0,0,0,50176,0,0,0,0,0,0,0,0,0,0,0,0,0,0,0,0,0,0,0,0,0,0,0,0,50176,0,0,0,0,0,0,0,0,0,0,0,0,0,0,0,0,0,0,TCGA-GM-A2DB-DX1_xmin50586_ymin43110_MPP-0.2500+505
0,0,0,0,0,0,50176,0,0,0,0,0,0,0,0,0,0,0,0,0,0,0,0,0,0,0,0,0,0,0,0,50176,0,0,0,0,0,0,0,0,0,0,0,0,0,0,0,0,0,0,0,0,0,0,0,0,50176,0,0,0,0,0,0,0,0,0,0,0,0,0,0,0,0,0,0,TCGA-GM-A2DB-DX1_xmin50586_ymin43110_MPP-0.2500+506
0,0,0,0,0,0,25654,0,0,0,0,8554,0,0,0,0,0,0,0,0,0,0,0,0,15968,0,0,0,0,0,0,23446,2208,0,0,0,717,7837,0,0,0,0,0,0,0,0,0,0,0,15968,0,0,0,0,0,0,23439,2215,0,0,0,776,7778,0,0,0,0,0,0,0,0,0,0,0,15968,TCGA-GM-A2DB-DX1_xmin50586_ymin43110_MPP-0.2500+507
0,0,0,0,0,0,10528,22,0,0,0,7070,4783,0,0,0,0,0,0,0,0,0,0,0,27773,0,0,0,0,0,0,10468,82,0,0,0,6734,5119,0,0,0,0,0,0,0,0,0,0,0,27773,0,0,0,0,0,0,10492,58,0,0,0,7222,4631,0,0,0,0,0,0,0,0,0,0,0,27773,TCGA-GM-A2DB-DX1_xmin50586_ymin43110_MPP-0.2500+508
0,0,0,0,0,0,13671,1653,0,0,0,7184,6700,0,0,0,0,0,0,0,0,0,0,0,20968,0,0,0,0,0,0,13612,1712,0,0,0,6909,6975,0,0,0,0,0,0,0,0,0,0,0,20968,0,0,0,0,0,0,13517,1807,0,0,0,6816,7068,0,0,0,0,0,0,0,0,0,0,0,20968,TCGA-GM-A2DB-DX1_xmin50586_ymin43110_MPP-0.2500+509
0,0,0,0,0,0,50176,0,0,0,0,0,0,0,0,0,0,0,0,0,0,0,0,0,0,0,0,0,0,0,0,50176,0,0,0,0,0,0,0,0,0,0,0,0,0,0,0,0,0,0,0,0,0,0,0,0,50176,0,0,0,0,0,0,0,0,0,0,0,0,0,0,0,0,0,0,TCGA-GM-A2DB-DX1_xmin50586_ymin43110_MPP-0.2500+51
0,0,0,0,0,0,11044,12842,0,0,0,3101,17951,0,0,0,0,0,0,0,0,0,0,0,5238,0,0,0,0,0,0,11249,12637,0,0,0,3289,17763,0,0,0,0,0,0,0,0,0,0,0,5238,0,0,0,0,0,0,11758,12128,0,0,0,3528,17524,0,0,0,0,0,0,0,0,0,0,0,5238,TCGA-GM-A2DB-DX1_xmin50586_ymin43110_MPP-0.2500+510
0,0,0,0,0,0,13793,339,0,0,0,8367,5142,0,0,0,0,0,0,0,0,0,0,0,22535,0,0,0,0,0,0,13722,410,0,0,0,8021,5488,0,0,0,0,0,0,0,0,0,0,0,22535,0,0,0,0,0,0,13753,379,0,0,0,8155,5354,0,0,0,0,0,0,0,0,0,0,0,22535,TCGA-GM-A2DB-DX1_xmin50586_ymin43110_MPP-0.2500+511
0,0,0,0,0,0,12904,7147,0,0,0,9950,13729,0,0,0,0,0,0,0,0,0,0,0,6446,0,0,0,0,0,0,12036,8015,0,0,0,9688,13991,0,0,0,0,0,0,0,0,0,0,0,6446,0,0,0,0,0,0,11815,8236,0,0,0,9470,14209,0,0,0,0,0,0,0,0,0,0,0,6446,TCGA-GM-A2DB-DX1_xmin50586_ymin43110_MPP-0.2500+512
0,0,0,0,0,0,18945,2268,0,0,0,3225,2838,0,0,0,0,0,0,0,0,0,0,0,22900,0,0,0,0,0,0,18996,2217,0,0,0,3361,2702,0,0,0,0,0,0,0,0,0,0,0,22900,0,0,0,0,0,0,18957,2256,0,0,0,3233,2830,0,0,0,0,0,0,0,0,0,0,0,22900,TCGA-GM-A2DB-DX1_xmin50586_ymin43110_MPP-0.2500+513
0,0,0,0,0,0,11510,2852,0,0,0,0,0,0,0,0,0,0,0,0,0,0,0,0,35814,0,0,0,0,0,0,11275,3087,0,0,0,0,0,0,0,0,0,0,0,0,0,0,0,0,35814,0,0,0,0,0,0,11512,2850,0,0,0,0,0,0,0,0,0,0,0,0,0,0,0,0,35814,TCGA-GM-A2DB-DX1_xmin50586_ymin43110_MPP-0.2500+514
0,0,0,0,0,0,33185,0,0,0,0,0,0,0,0,0,0,0,0,0,0,0,0,0,16991,0,0,0,0,0,0,33185,0,0,0,0,0,0,0,0,0,0,0,0,0,0,0,0,0,16991,0,0,0,0,0,0,33185,0,0,0,0,0,0,0,0,0,0,0,0,0,0,0,0,0,16991,TCGA-GM-A2DB-DX1_xmin50586_ymin43110_MPP-0.2500+515
0,0,0,0,0,0,18064,4964,0,0,0,772,8248,0,0,0,0,0,0,0,0,0,0,0,18128,0,0,0,0,0,0,18014,5014,0,0,0,704,8316,0,0,0,0,0,0,0,0,0,0,0,18128,0,0,0,0,0,0,18289,4739,0,0,0,836,8184,0,0,0,0,0,0,0,0,0,0,0,18128,TCGA-GM-A2DB-DX1_xmin50586_ymin43110_MPP-0.2500+516
0,0,0,0,0,0,24586,996,0,0,0,0,0,0,0,0,0,0,0,0,0,0,0,0,24594,0,0,0,0,0,0,24484,1098,0,0,0,0,0,0,0,0,0,0,0,0,0,0,0,0,24594,0,0,0,0,0,0,24595,987,0,0,0,0,0,0,0,0,0,0,0,0,0,0,0,0,24594,TCGA-GM-A2DB-DX1_xmin50586_ymin43110_MPP-0.2500+517
0,0,0,0,0,0,43026,0,0,0,0,0,0,0,0,0,0,0,0,0,0,0,0,0,7150,0,0,0,0,0,0,43026,0,0,0,0,0,0,0,0,0,0,0,0,0,0,0,0,0,7150,0,0,0,0,0,0,43026,0,0,0,0,0,0,0,0,0,0,0,0,0,0,0,0,0,7150,TCGA-GM-A2DB-DX1_xmin50586_ymin43110_MPP-0.2500+518
0,0,0,0,0,0,49452,0,0,0,0,0,0,0,0,0,0,0,0,0,0,0,0,0,724,0,0,0,0,0,0,49452,0,0,0,0,0,0,0,0,0,0,0,0,0,0,0,0,0,724,0,0,0,0,0,0,49452,0,0,0,0,0,0,0,0,0,0,0,0,0,0,0,0,0,724,TCGA-GM-A2DB-DX1_xmin50586_ymin43110_MPP-0.2500+519
12766,0,0,0,0,17779,19631,0,0,0,0,0,0,0,0,0,0,0,0,0,0,0,0,0,0,12766,0,0,0,0,17397,20013,0,0,0,0,0,0,0,0,0,0,0,0,0,0,0,0,0,0,12766,0,0,0,0,18168,19242,0,0,0,0,0,0,0,0,0,0,0,0,0,0,0,0,0,0,TCGA-GM-A2DB-DX1_xmin50586_ymin43110_MPP-0.2500+52
0,0,0,0,0,0,45988,0,0,0,0,0,0,0,0,0,0,0,0,0,0,0,0,0,4188,0,0,0,0,0,0,45988,0,0,0,0,0,0,0,0,0,0,0,0,0,0,0,0,0,4188,0,0,0,0,0,0,45988,0,0,0,0,0,0,0,0,0,0,0,0,0,0,0,0,0,4188,TCGA-GM-A2DB-DX1_xmin50586_ymin43110_MPP-0.2500+520
0,0,0,0,0,0,50176,0,0,0,0,0,0,0,0,0,0,0,0,0,0,0,0,0,0,0,0,0,0,0,0,50176,0,0,0,0,0,0,0,0,0,0,0,0,0,0,0,0,0,0,0,0,0,0,0,0,50176,0,0,0,0,0,0,0,0,0,0,0,0,0,0,0,0,0,0,TCGA-GM-A2DB-DX1_xmin50586_ymin43110_MPP-0.2500+521
0,0,0,0,0,0,15783,1228,0,0,0,2826,14895,0,0,0,0,0,0,0,0,0,0,0,15444,0,0,0,0,0,0,15684,1327,0,0,0,2475,15246,0,0,0,0,0,0,0,0,0,0,0,15444,0,0,0,0,0,0,15645,1366,0,0,0,2036,15685,0,0,0,0,0,0,0,0,0,0,0,15444,TCGA-GM-A2DB-DX1_xmin50586_ymin43110_MPP-0.2500+522
0,0,0,0,0,0,9264,434,0,0,0,0,1200,0,0,0,0,0,0,0,0,0,0,0,39278,0,0,0,0,0,0,9279,419,0,0,0,0,1200,0,0,0,0,0,0,0,0,0,0,0,39278,0,0,0,0,0,0,9276,422,0,0,0,0,1200,0,0,0,0,0,0,0,0,0,0,0,39278,TCGA-GM-A2DB-DX1_xmin50586_ymin43110_MPP-0.2500+523
0,0,0,0,0,0,15749,0,0,0,0,43,0,0,0,0,0,0,0,0,0,0,0,0,34384,0,0,0,0,0,0,15749,0,0,0,0,43,0,0,0,0,0,0,0,0,0,0,0,0,34384,0,0,0,0,0,0,15749,0,0,0,0,43,0,0,0,0,0,0,0,0,0,0,0,0,34384,TCGA-GM-A2DB-DX1_xmin50586_ymin43110_MPP-0.2500+524
0,0,0,0,0,0,21829,5313,0,0,0,0,0,0,0,0,0,0,0,0,0,0,0,0,23034,0,0,0,0,0,0,21600,5542,0,0,0,0,0,0,0,0,0,0,0,0,0,0,0,0,23034,0,0,0,0,0,0,21780,5362,0,0,0,0,0,0,0,0,0,0,0,0,0,0,0,0,23034,TCGA-GM-A2DB-DX1_xmin50586_ymin43110_MPP-0.2500+525
0,0,0,0,0,0,24568,5779,0,0,0,683,5746,0,0,0,0,0,0,0,0,0,0,0,13400,0,0,0,0,0,0,24749,5598,0,0,0,648,5781,0,0,0,0,0,0,0,0,0,0,0,13400,0,0,0,0,0,0,24431,5916,0,0,0,587,5842,0,0,0,0,0,0,0,0,0,0,0,13400,TCGA-GM-A2DB-DX1_xmin50586_ymin43110_MPP-0.2500+526
0,0,0,0,0,0,14834,3878,0,0,0,5342,12918,0,0,0,0,0,0,0,0,0,0,0,13204,0,0,0,0,0,0,14921,3791,0,0,0,4991,13269,0,0,0,0,0,0,0,0,0,0,0,13204,0,0,0,0,0,0,14644,4068,0,0,0,4366,13894,0,0,0,0,0,0,0,0,0,0,0,13204,TCGA-GM-A2DB-DX1_xmin50586_ymin43110_MPP-0.2500+527
0,0,0,0,0,0,17175,0,0,0,0,0,0,0,0,0,0,0,0,0,0,0,0,0,33001,0,0,0,0,0,0,17175,0,0,0,0,0,0,0,0,0,0,0,0,0,0,0,0,0,33001,0,0,0,0,0,0,17175,0,0,0,0,0,0,0,0,0,0,0,0,0,0,0,0,0,33001,TCGA-GM-A2DB-DX1_xmin50586_ymin43110_MPP-0.2500+528
0,0,0,0,0,0,12716,0,0,0,0,0,0,0,0,0,0,0,0,0,0,0,0,0,37460,0,0,0,0,0,0,12716,0,0,0,0,0,0,0,0,0,0,0,0,0,0,0,0,0,37460,0,0,0,0,0,0,12716,0,0,0,0,0,0,0,0,0,0,0,0,0,0,0,0,0,37460,TCGA-GM-A2DB-DX1_xmin50586_ymin43110_MPP-0.2500+529
47649,0,0,0,0,2527,0,0,0,0,0,0,0,0,0,0,0,0,0,0,0,0,0,0,0,47649,0,0,0,0,2527,0,0,0,0,0,0,0,0,0,0,0,0,0,0,0,0,0,0,0,47649,0,0,0,0,2527,0,0,0,0,0,0,0,0,0,0,0,0,0,0,0,0,0,0,0,TCGA-GM-A2DB-DX1_xmin50586_ymin43110_MPP-0.2500+53
0,0,0,0,0,0,16101,0,0,0,0,0,0,0,0,0,0,0,0,0,0,0,0,0,34075,0,0,0,0,0,0,16101,0,0,0,0,0,0,0,0,0,0,0,0,0,0,0,0,0,34075,0,0,0,0,0,0,16101,0,0,0,0,0,0,0,0,0,0,0,0,0,0,0,0,0,34075,TCGA-GM-A2DB-DX1_xmin50586_ymin43110_MPP-0.2500+530
0,0,0,0,0,0,29232,0,0,0,0,1886,0,0,0,0,0,0,0,0,0,0,0,0,19058,0,0,0,0,0,0,29232,0,0,0,0,1886,0,0,0,0,0,0,0,0,0,0,0,0,19058,0,0,0,0,0,0,29232,0,0,0,0,1886,0,0,0,0,0,0,0,0,0,0,0,0,19058,TCGA-GM-A2DB-DX1_xmin50586_ymin43110_MPP-0.2500+531
0,0,0,0,0,0,18523,0,0,0,0,0,0,0,0,0,0,0,0,0,0,0,0,0,31653,0,0,0,0,0,0,18523,0,0,0,0,0,0,0,0,0,0,0,0,0,0,0,0,0,31653,0,0,0,0,0,0,18523,0,0,0,0,0,0,0,0,0,0,0,0,0,0,0,0,0,31653,TCGA-GM-A2DB-DX1_xmin50586_ymin43110_MPP-0.2500+532
0,0,0,0,0,0,25598,0,0,0,0,0,0,0,0,0,0,0,0,0,0,0,0,0,24578,0,0,0,0,0,0,25598,0,0,0,0,0,0,0,0,0,0,0,0,0,0,0,0,0,24578,0,0,0,0,0,0,25598,0,0,0,0,0,0,0,0,0,0,0,0,0,0,0,0,0,24578,TCGA-GM-A2DB-DX1_xmin50586_ymin43110_MPP-0.2500+533
0,0,0,0,0,0,11898,4404,0,0,0,280,12107,0,0,0,0,0,0,0,0,0,0,0,21487,0,0,0,0,0,0,11987,4315,0,0,0,197,12190,0,0,0,0,0,0,0,0,0,0,0,21487,0,0,0,0,0,0,11789,4513,0,0,0,219,12168,0,0,0,0,0,0,0,0,0,0,0,21487,TCGA-GM-A2DB-DX1_xmin50586_ymin43110_MPP-0.2500+534
0,0,0,0,0,0,20173,3166,0,0,0,0,0,0,0,0,0,0,0,0,0,0,0,0,26837,0,0,0,0,0,0,20061,3278,0,0,0,0,0,0,0,0,0,0,0,0,0,0,0,0,26837,0,0,0,0,0,0,20044,3295,0,0,0,0,0,0,0,0,0,0,0,0,0,0,0,0,26837,TCGA-GM-A2DB-DX1_xmin50586_ymin43110_MPP-0.2500+535
0,0,0,0,0,0,20644,3098,0,0,0,0,0,0,0,0,0,0,0,0,0,0,0,0,26434,0,0,0,0,0,0,20447,3295,0,0,0,0,0,0,0,0,0,0,0,0,0,0,0,0,26434,0,0,0,0,0,0,20482,3260,0,0,0,0,0,0,0,0,0,0,0,0,0,0,0,0,26434,TCGA-GM-A2DB-DX1_xmin50586_ymin43110_MPP-0.2500+536
0,0,0,0,0,0,14579,973,0,0,0,0,0,0,0,0,0,0,0,0,0,0,0,0,34624,0,0,0,0,0,0,14600,952,0,0,0,0,0,0,0,0,0,0,0,0,0,0,0,0,34624,0,0,0,0,0,0,14599,953,0,0,0,0,0,0,0,0,0,0,0,0,0,0,0,0,34624,TCGA-GM-A2DB-DX1_xmin50586_ymin43110_MPP-0.2500+537
0,0,0,0,0,0,15138,1438,0,0,0,0,0,0,0,0,0,0,0,0,0,0,0,0,33600,0,0,0,0,0,0,14960,1616,0,0,0,0,0,0,0,0,0,0,0,0,0,0,0,0,33600,0,0,0,0,0,0,15561,1015,0,0,0,0,0,0,0,0,0,0,0,0,0,0,0,0,33600,TCGA-GM-A2DB-DX1_xmin50586_ymin43110_MPP-0.2500+538
0,0,0,0,0,0,8026,3502,0,0,0,0,0,0,0,0,0,0,0,0,0,0,0,0,38648,0,0,0,0,0,0,7901,3627,0,0,0,0,0,0,0,0,0,0,0,0,0,0,0,0,38648,0,0,0,0,0,0,8066,3462,0,0,0,0,0,0,0,0,0,0,0,0,0,0,0,0,38648,TCGA-GM-A2DB-DX1_xmin50586_ymin43110_MPP-0.2500+539
50176,0,0,0,0,0,0,0,0,0,0,0,0,0,0,0,0,0,0,0,0,0,0,0,0,50176,0,0,0,0,0,0,0,0,0,0,0,0,0,0,0,0,0,0,0,0,0,0,0,0,50176,0,0,0,0,0,0,0,0,0,0,0,0,0,0,0,0,0,0,0,0,0,0,0,0,TCGA-GM-A2DB-DX1_xmin50586_ymin43110_MPP-0.2500+54
0,0,0,0,0,0,17824,553,0,0,0,0,0,0,0,0,0,0,0,0,0,0,0,0,31799,0,0,0,0,0,0,17685,692,0,0,0,0,0,0,0,0,0,0,0,0,0,0,0,0,31799,0,0,0,0,0,0,18068,309,0,0,0,0,0,0,0,0,0,0,0,0,0,0,0,0,31799,TCGA-GM-A2DB-DX1_xmin50586_ymin43110_MPP-0.2500+540
0,0,0,0,0,0,20521,0,0,0,0,0,0,0,0,0,0,0,0,0,0,0,0,0,29655,0,0,0,0,0,0,20521,0,0,0,0,0,0,0,0,0,0,0,0,0,0,0,0,0,29655,0,0,0,0,0,0,20521,0,0,0,0,0,0,0,0,0,0,0,0,0,0,0,0,0,29655,TCGA-GM-A2DB-DX1_xmin50586_ymin43110_MPP-0.2500+541
0,0,0,0,0,0,10177,4272,0,0,0,7622,9112,0,0,0,0,0,0,0,0,0,0,0,18993,0,0,0,0,0,0,9234,5215,0,0,0,7698,9036,0,0,0,0,0,0,0,0,0,0,0,18993,0,0,0,0,0,0,8250,6199,0,0,0,6745,9989,0,0,0,0,0,0,0,0,0,0,0,18993,TCGA-GM-A2DB-DX1_xmin50586_ymin43110_MPP-0.2500+542
0,0,0,0,0,0,17297,917,0,0,0,0,0,0,0,0,0,0,0,0,0,0,0,0,31962,0,0,0,0,0,0,17062,1152,0,0,0,0,0,0,0,0,0,0,0,0,0,0,0,0,31962,0,0,0,0,0,0,17061,1153,0,0,0,0,0,0,0,0,0,0,0,0,0,0,0,0,31962,TCGA-GM-A2DB-DX1_xmin50586_ymin43110_MPP-0.2500+543
0,0,0,0,0,0,13219,3403,0,0,0,0,0,0,0,0,0,0,0,0,0,0,0,0,33554,0,0,0,0,0,0,12815,3807,0,0,0,0,0,0,0,0,0,0,0,0,0,0,0,0,33554,0,0,0,0,0,0,12273,4349,0,0,0,0,0,0,0,0,0,0,0,0,0,0,0,0,33554,TCGA-GM-A2DB-DX1_xmin50586_ymin43110_MPP-0.2500+544
0,0,0,0,0,0,11394,0,0,0,0,0,0,0,0,0,0,0,0,0,0,0,0,0,38782,0,0,0,0,0,0,11394,0,0,0,0,0,0,0,0,0,0,0,0,0,0,0,0,0,38782,0,0,0,0,0,0,11394,0,0,0,0,0,0,0,0,0,0,0,0,0,0,0,0,0,38782,TCGA-GM-A2DB-DX1_xmin50586_ymin43110_MPP-0.2500+545
0,0,0,0,0,0,11788,1344,0,0,0,0,0,0,0,0,0,0,0,0,0,0,0,0,37044,0,0,0,0,0,0,11126,2006,0,0,0,0,0,0,0,0,0,0,0,0,0,0,0,0,37044,0,0,0,0,0,0,11630,1502,0,0,0,0,0,0,0,0,0,0,0,0,0,0,0,0,37044,TCGA-GM-A2DB-DX1_xmin50586_ymin43110_MPP-0.2500+546
50176,0,0,0,0,0,0,0,0,0,0,0,0,0,0,0,0,0,0,0,0,0,0,0,0,50176,0,0,0,0,0,0,0,0,0,0,0,0,0,0,0,0,0,0,0,0,0,0,0,0,50176,0,0,0,0,0,0,0,0,0,0,0,0,0,0,0,0,0,0,0,0,0,0,0,0,TCGA-GM-A2DB-DX1_xmin50586_ymin43110_MPP-0.2500+55
50176,0,0,0,0,0,0,0,0,0,0,0,0,0,0,0,0,0,0,0,0,0,0,0,0,50176,0,0,0,0,0,0,0,0,0,0,0,0,0,0,0,0,0,0,0,0,0,0,0,0,50176,0,0,0,0,0,0,0,0,0,0,0,0,0,0,0,0,0,0,0,0,0,0,0,0,TCGA-GM-A2DB-DX1_xmin50586_ymin43110_MPP-0.2500+56
50176,0,0,0,0,0,0,0,0,0,0,0,0,0,0,0,0,0,0,0,0,0,0,0,0,50176,0,0,0,0,0,0,0,0,0,0,0,0,0,0,0,0,0,0,0,0,0,0,0,0,50176,0,0,0,0,0,0,0,0,0,0,0,0,0,0,0,0,0,0,0,0,0,0,0,0,TCGA-GM-A2DB-DX1_xmin50586_ymin43110_MPP-0.2500+57
35072,0,0,0,0,15104,0,0,0,0,0,0,0,0,0,0,0,0,0,0,0,0,0,0,0,35072,0,0,0,0,15104,0,0,0,0,0,0,0,0,0,0,0,0,0,0,0,0,0,0,0,35072,0,0,0,0,15104,0,0,0,0,0,0,0,0,0,0,0,0,0,0,0,0,0,0,0,TCGA-GM-A2DB-DX1_xmin50586_ymin43110_MPP-0.2500+58
6769,1515,0,0,0,11448,30444,0,0,0,0,0,0,0,0,0,0,0,0,0,0,0,0,0,0,6835,1449,0,0,0,12042,29850,0,0,0,0,0,0,0,0,0,0,0,0,0,0,0,0,0,0,6855,1429,0,0,0,13004,28888,0,0,0,0,0,0,0,0,0,0,0,0,0,0,0,0,0,0,TCGA-GM-A2DB-DX1_xmin50586_ymin43110_MPP-0.2500+59
0,0,0,0,0,0,0,0,0,0,0,0,0,0,0,144,0,0,50032,0,0,0,0,0,0,0,0,0,0,0,0,0,0,0,0,0,0,0,0,0,48,0,0,50128,0,0,0,0,0,0,0,0,0,0,0,0,0,0,0,0,0,0,0,0,0,144,0,0,50032,0,0,0,0,0,0,TCGA-GM-A2DB-DX1_xmin50586_ymin43110_MPP-0.2500+6
29150,3470,0,0,0,155,17401,0,0,0,0,0,0,0,0,0,0,0,0,0,0,0,0,0,0,29161,3459,0,0,0,240,17316,0,0,0,0,0,0,0,0,0,0,0,0,0,0,0,0,0,0,29655,2965,0,0,0,106,17450,0,0,0,0,0,0,0,0,0,0,0,0,0,0,0,0,0,0,TCGA-GM-A2DB-DX1_xmin50586_ymin43110_MPP-0.2500+60
50176,0,0,0,0,0,0,0,0,0,0,0,0,0,0,0,0,0,0,0,0,0,0,0,0,50176,0,0,0,0,0,0,0,0,0,0,0,0,0,0,0,0,0,0,0,0,0,0,0,0,50176,0,0,0,0,0,0,0,0,0,0,0,0,0,0,0,0,0,0,0,0,0,0,0,0,TCGA-GM-A2DB-DX1_xmin50586_ymin43110_MPP-0.2500+61
50176,0,0,0,0,0,0,0,0,0,0,0,0,0,0,0,0,0,0,0,0,0,0,0,0,50176,0,0,0,0,0,0,0,0,0,0,0,0,0,0,0,0,0,0,0,0,0,0,0,0,50176,0,0,0,0,0,0,0,0,0,0,0,0,0,0,0,0,0,0,0,0,0,0,0,0,TCGA-GM-A2DB-DX1_xmin50586_ymin43110_MPP-0.2500+62
21957,0,0,0,0,28219,0,0,0,0,0,0,0,0,0,0,0,0,0,0,0,0,0,0,0,21957,0,0,0,0,28219,0,0,0,0,0,0,0,0,0,0,0,0,0,0,0,0,0,0,0,21957,0,0,0,0,28219,0,0,0,0,0,0,0,0,0,0,0,0,0,0,0,0,0,0,0,TCGA-GM-A2DB-DX1_xmin50586_ymin43110_MPP-0.2500+63
32977,0,0,0,0,17199,0,0,0,0,0,0,0,0,0,0,0,0,0,0,0,0,0,0,0,32977,0,0,0,0,17199,0,0,0,0,0,0,0,0,0,0,0,0,0,0,0,0,0,0,0,32977,0,0,0,0,17199,0,0,0,0,0,0,0,0,0,0,0,0,0,0,0,0,0,0,0,TCGA-GM-A2DB-DX1_xmin50586_ymin43110_MPP-0.2500+64
0,0,0,0,0,0,28848,0,0,0,0,21328,0,0,0,0,0,0,0,0,0,0,0,0,0,0,0,0,0,0,0,28848,0,0,0,0,21328,0,0,0,0,0,0,0,0,0,0,0,0,0,0,0,0,0,0,0,28848,0,0,0,0,21328,0,0,0,0,0,0,0,0,0,0,0,0,0,TCGA-GM-A2DB-DX1_xmin50586_ymin43110_MPP-0.2500+65
0,0,0,0,0,1,38477,0,0,0,0,11698,0,0,0,0,0,0,0,0,0,0,0,0,0,0,0,0,0,0,1,38477,0,0,0,0,11698,0,0,0,0,0,0,0,0,0,0,0,0,0,0,0,0,0,0,4,38474,0,0,0,0,11698,0,0,0,0,0,0,0,0,0,0,0,0,0,TCGA-GM-A2DB-DX1_xmin50586_ymin43110_MPP-0.2500+66
0,0,0,0,0,0,50176,0,0,0,0,0,0,0,0,0,0,0,0,0,0,0,0,0,0,0,0,0,0,0,0,50176,0,0,0,0,0,0,0,0,0,0,0,0,0,0,0,0,0,0,0,0,0,0,0,0,50176,0,0,0,0,0,0,0,0,0,0,0,0,0,0,0,0,0,0,TCGA-GM-A2DB-DX1_xmin50586_ymin43110_MPP-0.2500+67
0,0,0,0,0,0,50176,0,0,0,0,0,0,0,0,0,0,0,0,0,0,0,0,0,0,0,0,0,0,0,0,50176,0,0,0,0,0,0,0,0,0,0,0,0,0,0,0,0,0,0,0,0,0,0,0,0,50176,0,0,0,0,0,0,0,0,0,0,0,0,0,0,0,0,0,0,TCGA-GM-A2DB-DX1_xmin50586_ymin43110_MPP-0.2500+68
0,0,0,0,0,0,50176,0,0,0,0,0,0,0,0,0,0,0,0,0,0,0,0,0,0,0,0,0,0,0,0,50176,0,0,0,0,0,0,0,0,0,0,0,0,0,0,0,0,0,0,0,0,0,0,0,0,50176,0,0,0,0,0,0,0,0,0,0,0,0,0,0,0,0,0,0,TCGA-GM-A2DB-DX1_xmin50586_ymin43110_MPP-0.2500+69
0,0,0,0,0,0,0,0,0,0,0,0,0,0,0,0,0,0,50176,0,0,0,0,0,0,0,0,0,0,0,0,0,0,0,0,0,0,0,0,0,0,0,0,50176,0,0,0,0,0,0,0,0,0,0,0,0,0,0,0,0,0,0,0,0,0,0,0,0,50176,0,0,0,0,0,0,TCGA-GM-A2DB-DX1_xmin50586_ymin43110_MPP-0.2500+7
0,0,0,0,0,4365,41924,0,0,0,0,3887,0,0,0,0,0,0,0,0,0,0,0,0,0,0,0,0,0,0,4300,41989,0,0,0,0,3887,0,0,0,0,0,0,0,0,0,0,0,0,0,0,0,0,0,0,4189,42100,0,0,0,0,3887,0,0,0,0,0,0,0,0,0,0,0,0,0,TCGA-GM-A2DB-DX1_xmin50586_ymin43110_MPP-0.2500+70
0,0,0,0,0,0,45075,5101,0,0,0,0,0,0,0,0,0,0,0,0,0,0,0,0,0,0,0,0,0,0,0,50176,0,0,0,0,0,0,0,0,0,0,0,0,0,0,0,0,0,0,0,0,0,0,0,64,50112,0,0,0,0,0,0,0,0,0,0,0,0,0,0,0,0,0,0,TCGA-GM-A2DB-DX1_xmin50586_ymin43110_MPP-0.2500+71
37947,0,0,0,0,12229,0,0,0,0,0,0,0,0,0,0,0,0,0,0,0,0,0,0,0,37947,0,0,0,0,12229,0,0,0,0,0,0,0,0,0,0,0,0,0,0,0,0,0,0,0,37947,0,0,0,0,12229,0,0,0,0,0,0,0,0,0,0,0,0,0,0,0,0,0,0,0,TCGA-GM-A2DB-DX1_xmin50586_ymin43110_MPP-0.2500+72
50176,0,0,0,0,0,0,0,0,0,0,0,0,0,0,0,0,0,0,0,0,0,0,0,0,50176,0,0,0,0,0,0,0,0,0,0,0,0,0,0,0,0,0,0,0,0,0,0,0,0,50176,0,0,0,0,0,0,0,0,0,0,0,0,0,0,0,0,0,0,0,0,0,0,0,0,TCGA-GM-A2DB-DX1_xmin50586_ymin43110_MPP-0.2500+73
50176,0,0,0,0,0,0,0,0,0,0,0,0,0,0,0,0,0,0,0,0,0,0,0,0,50176,0,0,0,0,0,0,0,0,0,0,0,0,0,0,0,0,0,0,0,0,0,0,0,0,50176,0,0,0,0,0,0,0,0,0,0,0,0,0,0,0,0,0,0,0,0,0,0,0,0,TCGA-GM-A2DB-DX1_xmin50586_ymin43110_MPP-0.2500+74
50176,0,0,0,0,0,0,0,0,0,0,0,0,0,0,0,0,0,0,0,0,0,0,0,0,50176,0,0,0,0,0,0,0,0,0,0,0,0,0,0,0,0,0,0,0,0,0,0,0,0,50176,0,0,0,0,0,0,0,0,0,0,0,0,0,0,0,0,0,0,0,0,0,0,0,0,TCGA-GM-A2DB-DX1_xmin50586_ymin43110_MPP-0.2500+75
50176,0,0,0,0,0,0,0,0,0,0,0,0,0,0,0,0,0,0,0,0,0,0,0,0,50176,0,0,0,0,0,0,0,0,0,0,0,0,0,0,0,0,0,0,0,0,0,0,0,0,50176,0,0,0,0,0,0,0,0,0,0,0,0,0,0,0,0,0,0,0,0,0,0,0,0,TCGA-GM-A2DB-DX1_xmin50586_ymin43110_MPP-0.2500+76
50176,0,0,0,0,0,0,0,0,0,0,0,0,0,0,0,0,0,0,0,0,0,0,0,0,50176,0,0,0,0,0,0,0,0,0,0,0,0,0,0,0,0,0,0,0,0,0,0,0,0,50176,0,0,0,0,0,0,0,0,0,0,0,0,0,0,0,0,0,0,0,0,0,0,0,0,TCGA-GM-A2DB-DX1_xmin50586_ymin43110_MPP-0.2500+77
50176,0,0,0,0,0,0,0,0,0,0,0,0,0,0,0,0,0,0,0,0,0,0,0,0,50176,0,0,0,0,0,0,0,0,0,0,0,0,0,0,0,0,0,0,0,0,0,0,0,0,50176,0,0,0,0,0,0,0,0,0,0,0,0,0,0,0,0,0,0,0,0,0,0,0,0,TCGA-GM-A2DB-DX1_xmin50586_ymin43110_MPP-0.2500+78
49397,0,0,0,0,779,0,0,0,0,0,0,0,0,0,0,0,0,0,0,0,0,0,0,0,49397,0,0,0,0,779,0,0,0,0,0,0,0,0,0,0,0,0,0,0,0,0,0,0,0,49397,0,0,0,0,779,0,0,0,0,0,0,0,0,0,0,0,0,0,0,0,0,0,0,0,TCGA-GM-A2DB-DX1_xmin50586_ymin43110_MPP-0.2500+79
2432,0,0,6,0,4324,0,0,2107,0,0,0,0,0,0,1348,0,0,39959,0,0,0,0,0,0,2257,0,0,181,0,3503,0,0,2928,0,0,0,0,0,0,161,0,0,41146,0,0,0,0,0,0,2438,0,0,0,0,4445,0,0,1986,0,0,0,0,0,0,1557,0,0,39750,0,0,0,0,0,0,TCGA-GM-A2DB-DX1_xmin50586_ymin43110_MPP-0.2500+8
24174,3527,0,0,0,6116,16359,0,0,0,0,0,0,0,0,0,0,0,0,0,0,0,0,0,0,23753,3948,0,0,0,6624,15851,0,0,0,0,0,0,0,0,0,0,0,0,0,0,0,0,0,0,23916,3785,0,0,0,6037,16438,0,0,0,0,0,0,0,0,0,0,0,0,0,0,0,0,0,0,TCGA-GM-A2DB-DX1_xmin50586_ymin43110_MPP-0.2500+80
49899,0,0,0,0,277,0,0,0,0,0,0,0,0,0,0,0,0,0,0,0,0,0,0,0,49899,0,0,0,0,277,0,0,0,0,0,0,0,0,0,0,0,0,0,0,0,0,0,0,0,49899,0,0,0,0,277,0,0,0,0,0,0,0,0,0,0,0,0,0,0,0,0,0,0,0,TCGA-GM-A2DB-DX1_xmin50586_ymin43110_MPP-0.2500+81
50176,0,0,0,0,0,0,0,0,0,0,0,0,0,0,0,0,0,0,0,0,0,0,0,0,50176,0,0,0,0,0,0,0,0,0,0,0,0,0,0,0,0,0,0,0,0,0,0,0,0,50176,0,0,0,0,0,0,0,0,0,0,0,0,0,0,0,0,0,0,0,0,0,0,0,0,TCGA-GM-A2DB-DX1_xmin50586_ymin43110_MPP-0.2500+82
49878,0,0,0,0,298,0,0,0,0,0,0,0,0,0,0,0,0,0,0,0,0,0,0,0,49878,0,0,0,0,298,0,0,0,0,0,0,0,0,0,0,0,0,0,0,0,0,0,0,0,49878,0,0,0,0,298,0,0,0,0,0,0,0,0,0,0,0,0,0,0,0,0,0,0,0,TCGA-GM-A2DB-DX1_xmin50586_ymin43110_MPP-0.2500+83
45119,0,0,0,0,5057,0,0,0,0,0,0,0,0,0,0,0,0,0,0,0,0,0,0,0,45119,0,0,0,0,5057,0,0,0,0,0,0,0,0,0,0,0,0,0,0,0,0,0,0,0,45119,0,0,0,0,5057,0,0,0,0,0,0,0,0,0,0,0,0,0,0,0,0,0,0,0,TCGA-GM-A2DB-DX1_xmin50586_ymin43110_MPP-0.2500+84
35729,3458,0,0,0,1664,9258,0,0,0,66,1,0,0,0,0,0,0,0,0,0,0,0,0,0,36023,3164,0,0,0,2542,8380,0,0,0,67,0,0,0,0,0,0,0,0,0,0,0,0,0,0,35599,3588,0,0,0,1259,9663,0,0,0,57,10,0,0,0,0,0,0,0,0,0,0,0,0,0,TCGA-GM-A2DB-DX1_xmin50586_ymin43110_MPP-0.2500+85
40716,0,0,0,0,9460,0,0,0,0,0,0,0,0,0,0,0,0,0,0,0,0,0,0,0,40716,0,0,0,0,9460,0,0,0,0,0,0,0,0,0,0,0,0,0,0,0,0,0,0,0,40716,0,0,0,0,9460,0,0,0,0,0,0,0,0,0,0,0,0,0,0,0,0,0,0,0,TCGA-GM-A2DB-DX1_xmin50586_ymin43110_MPP-0.2500+86
25865,7623,0,0,0,2847,13841,0,0,0,0,0,0,0,0,0,0,0,0,0,0,0,0,0,0,25988,7500,0,0,0,2726,13962,0,0,0,0,0,0,0,0,0,0,0,0,0,0,0,0,0,0,26406,7082,0,0,0,2598,14090,0,0,0,0,0,0,0,0,0,0,0,0,0,0,0,0,0,0,TCGA-GM-A2DB-DX1_xmin50586_ymin43110_MPP-0.2500+87
8314,7001,0,0,0,2733,32128,0,0,0,0,0,0,0,0,0,0,0,0,0,0,0,0,0,0,8202,7113,0,0,0,2726,32135,0,0,0,0,0,0,0,0,0,0,0,0,0,0,0,0,0,0,8449,6866,0,0,0,2830,32031,0,0,0,0,0,0,0,0,0,0,0,0,0,0,0,0,0,0,TCGA-GM-A2DB-DX1_xmin50586_ymin43110_MPP-0.2500+88
0,37,0,0,0,0,50139,0,0,0,0,0,0,0,0,0,0,0,0,0,0,0,0,0,0,0,37,0,0,0,0,50139,0,0,0,0,0,0,0,0,0,0,0,0,0,0,0,0,0,0,0,37,0,0,0,0,50139,0,0,0,0,0,0,0,0,0,0,0,0,0,0,0,0,0,0,TCGA-GM-A2DB-DX1_xmin50586_ymin43110_MPP-0.2500+89
0,0,0,0,0,0,50176,0,0,0,0,0,0,0,0,0,0,0,0,0,0,0,0,0,0,0,0,0,0,0,0,50176,0,0,0,0,0,0,0,0,0,0,0,0,0,0,0,0,0,0,0,0,0,0,0,0,50176,0,0,0,0,0,0,0,0,0,0,0,0,0,0,0,0,0,0,TCGA-GM-A2DB-DX1_xmin50586_ymin43110_MPP-0.2500+9
0,0,0,0,0,0,43253,0,0,0,0,6923,0,0,0,0,0,0,0,0,0,0,0,0,0,0,0,0,0,0,0,43253,0,0,0,0,6923,0,0,0,0,0,0,0,0,0,0,0,0,0,0,0,0,0,0,0,43253,0,0,0,0,6923,0,0,0,0,0,0,0,0,0,0,0,0,0,TCGA-GM-A2DB-DX1_xmin50586_ymin43110_MPP-0.2500+90
0,544,0,0,0,0,49632,0,0,0,0,0,0,0,0,0,0,0,0,0,0,0,0,0,0,0,544,0,0,0,0,49632,0,0,0,0,0,0,0,0,0,0,0,0,0,0,0,0,0,0,0,544,0,0,0,0,49632,0,0,0,0,0,0,0,0,0,0,0,0,0,0,0,0,0,0,TCGA-GM-A2DB-DX1_xmin50586_ymin43110_MPP-0.2500+91
47287,0,0,0,0,2889,0,0,0,0,0,0,0,0,0,0,0,0,0,0,0,0,0,0,0,47287,0,0,0,0,2889,0,0,0,0,0,0,0,0,0,0,0,0,0,0,0,0,0,0,0,47287,0,0,0,0,2889,0,0,0,0,0,0,0,0,0,0,0,0,0,0,0,0,0,0,0,TCGA-GM-A2DB-DX1_xmin50586_ymin43110_MPP-0.2500+92
50176,0,0,0,0,0,0,0,0,0,0,0,0,0,0,0,0,0,0,0,0,0,0,0,0,50176,0,0,0,0,0,0,0,0,0,0,0,0,0,0,0,0,0,0,0,0,0,0,0,0,50176,0,0,0,0,0,0,0,0,0,0,0,0,0,0,0,0,0,0,0,0,0,0,0,0,TCGA-GM-A2DB-DX1_xmin50586_ymin43110_MPP-0.2500+93
50176,0,0,0,0,0,0,0,0,0,0,0,0,0,0,0,0,0,0,0,0,0,0,0,0,50176,0,0,0,0,0,0,0,0,0,0,0,0,0,0,0,0,0,0,0,0,0,0,0,0,50176,0,0,0,0,0,0,0,0,0,0,0,0,0,0,0,0,0,0,0,0,0,0,0,0,TCGA-GM-A2DB-DX1_xmin50586_ymin43110_MPP-0.2500+94
49535,0,0,0,0,641,0,0,0,0,0,0,0,0,0,0,0,0,0,0,0,0,0,0,0,49535,0,0,0,0,641,0,0,0,0,0,0,0,0,0,0,0,0,0,0,0,0,0,0,0,30870,0,0,18665,0,641,0,0,0,0,0,0,0,0,0,0,0,0,0,0,0,0,0,0,0,TCGA-GM-A2DB-DX1_xmin50586_ymin43110_MPP-0.2500+95
11352,16820,0,12684,0,291,384,0,91,0,0,0,0,0,0,0,3711,0,4843,0,0,0,0,0,0,11131,18209,0,11516,0,309,395,0,62,0,0,0,0,0,0,0,3891,0,4663,0,0,0,0,0,0,11433,16400,0,13023,0,285,395,0,86,0,0,0,0,0,0,0,3749,0,4805,0,0,0,0,0,0,TCGA-GM-A2DB-DX1_xmin50586_ymin43110_MPP-0.2500+96
11898,0,0,12674,0,178,0,0,587,0,0,0,0,0,0,913,0,0,23926,0,0,0,0,0,0,11021,0,0,13551,0,228,0,0,537,0,0,0,0,0,0,480,0,0,24359,0,0,0,0,0,0,12100,0,0,12472,0,217,0,0,548,0,0,0,0,0,0,820,0,0,24019,0,0,0,0,0,0,TCGA-GM-A2DB-DX1_xmin50586_ymin43110_MPP-0.2500+97
25249,0,0,13630,0,639,0,0,955,0,0,0,0,0,0,0,0,0,9703,0,0,0,0,0,0,24611,0,0,14268,0,604,0,0,990,0,0,0,0,0,0,0,0,0,9703,0,0,0,0,0,0,25690,0,0,13189,0,735,0,0,859,0,0,0,0,0,0,0,0,0,9703,0,0,0,0,0,0,TCGA-GM-A2DB-DX1_xmin50586_ymin43110_MPP-0.2500+98
49954,0,0,0,0,222,0,0,0,0,0,0,0,0,0,0,0,0,0,0,0,0,0,0,0,49954,0,0,0,0,222,0,0,0,0,0,0,0,0,0,0,0,0,0,0,0,0,0,0,0,49954,0,0,0,0,222,0,0,0,0,0,0,0,0,0,0,0,0,0,0,0,0,0,0,0,TCGA-GM-A2DB-DX1_xmin50586_ymin43110_MPP-0.2500+99
0,7972,0,0,0,0,42065,0,0,0,0,91,0,0,0,0,0,0,0,0,0,0,0,0,48,0,7972,0,0,0,0,42065,0,0,0,0,91,0,0,0,0,0,0,0,0,0,0,0,0,48,0,7972,0,0,0,0,42065,0,0,0,0,91,0,0,0,0,0,0,0,0,0,0,0,0,48,TCGA-GM-A2DD-DX1_xmin47260_ymin22408_MPP-0.2500+0
0,2225,0,0,0,0,12907,3210,0,0,0,1439,2479,0,0,0,0,0,0,0,0,0,0,0,27916,0,2225,0,0,0,0,12584,3533,0,0,0,1460,2458,0,0,0,0,0,0,0,0,0,0,0,27916,0,2225,0,0,0,0,12420,3697,0,0,0,1436,2482,0,0,0,0,0,0,0,0,0,0,0,27916,TCGA-GM-A2DD-DX1_xmin47260_ymin22408_MPP-0.2500+1
0,0,0,0,0,0,42419,0,0,0,0,0,0,0,0,0,0,0,0,0,0,0,0,0,7757,0,0,0,0,0,0,42419,0,0,0,0,0,0,0,0,0,0,0,0,0,0,0,0,0,7757,0,0,0,0,0,0,42419,0,0,0,0,0,0,0,0,0,0,0,0,0,0,0,0,0,7757,TCGA-GM-A2DD-DX1_xmin47260_ymin22408_MPP-0.2500+10
0,0,0,0,0,0,50176,0,0,0,0,0,0,0,0,0,0,0,0,0,0,0,0,0,0,0,0,0,0,0,0,50176,0,0,0,0,0,0,0,0,0,0,0,0,0,0,0,0,0,0,0,0,0,0,0,0,50176,0,0,0,0,0,0,0,0,0,0,0,0,0,0,0,0,0,0,TCGA-GM-A2DD-DX1_xmin47260_ymin22408_MPP-0.2500+100
0,0,0,0,0,0,50176,0,0,0,0,0,0,0,0,0,0,0,0,0,0,0,0,0,0,0,0,0,0,0,0,50176,0,0,0,0,0,0,0,0,0,0,0,0,0,0,0,0,0,0,0,0,0,0,0,0,50176,0,0,0,0,0,0,0,0,0,0,0,0,0,0,0,0,0,0,TCGA-GM-A2DD-DX1_xmin47260_ymin22408_MPP-0.2500+101
0,0,0,0,0,0,50176,0,0,0,0,0,0,0,0,0,0,0,0,0,0,0,0,0,0,0,0,0,0,0,0,50176,0,0,0,0,0,0,0,0,0,0,0,0,0,0,0,0,0,0,0,0,0,0,0,0,50176,0,0,0,0,0,0,0,0,0,0,0,0,0,0,0,0,0,0,TCGA-GM-A2DD-DX1_xmin47260_ymin22408_MPP-0.2500+102
0,0,0,0,0,0,50176,0,0,0,0,0,0,0,0,0,0,0,0,0,0,0,0,0,0,0,0,0,0,0,0,50176,0,0,0,0,0,0,0,0,0,0,0,0,0,0,0,0,0,0,0,0,0,0,0,0,50176,0,0,0,0,0,0,0,0,0,0,0,0,0,0,0,0,0,0,TCGA-GM-A2DD-DX1_xmin47260_ymin22408_MPP-0.2500+103
0,0,0,0,0,0,50176,0,0,0,0,0,0,0,0,0,0,0,0,0,0,0,0,0,0,0,0,0,0,0,0,50176,0,0,0,0,0,0,0,0,0,0,0,0,0,0,0,0,0,0,0,0,0,0,0,0,50176,0,0,0,0,0,0,0,0,0,0,0,0,0,0,0,0,0,0,TCGA-GM-A2DD-DX1_xmin47260_ymin22408_MPP-0.2500+104
0,0,0,0,0,0,50176,0,0,0,0,0,0,0,0,0,0,0,0,0,0,0,0,0,0,0,0,0,0,0,0,50176,0,0,0,0,0,0,0,0,0,0,0,0,0,0,0,0,0,0,0,0,0,0,0,0,50176,0,0,0,0,0,0,0,0,0,0,0,0,0,0,0,0,0,0,TCGA-GM-A2DD-DX1_xmin47260_ymin22408_MPP-0.2500+105
0,0,0,0,0,0,50176,0,0,0,0,0,0,0,0,0,0,0,0,0,0,0,0,0,0,0,0,0,0,0,0,50176,0,0,0,0,0,0,0,0,0,0,0,0,0,0,0,0,0,0,0,0,0,0,0,0,50176,0,0,0,0,0,0,0,0,0,0,0,0,0,0,0,0,0,0,TCGA-GM-A2DD-DX1_xmin47260_ymin22408_MPP-0.2500+106
0,0,0,0,0,0,42220,0,0,0,0,0,0,0,0,0,0,0,0,0,0,0,0,0,7956,0,0,0,0,0,0,42220,0,0,0,0,0,0,0,0,0,0,0,0,0,0,0,0,0,7956,0,0,0,0,0,0,42220,0,0,0,0,0,0,0,0,0,0,0,0,0,0,0,0,0,7956,TCGA-GM-A2DD-DX1_xmin47260_ymin22408_MPP-0.2500+107
0,0,0,0,0,0,50176,0,0,0,0,0,0,0,0,0,0,0,0,0,0,0,0,0,0,0,0,0,0,0,0,50176,0,0,0,0,0,0,0,0,0,0,0,0,0,0,0,0,0,0,0,0,0,0,0,0,50176,0,0,0,0,0,0,0,0,0,0,0,0,0,0,0,0,0,0,TCGA-GM-A2DD-DX1_xmin47260_ymin22408_MPP-0.2500+108
3903,3926,0,0,0,986,41361,0,0,0,0,0,0,0,0,0,0,0,0,0,0,0,0,0,0,3927,3902,0,0,0,1134,41213,0,0,0,0,0,0,0,0,0,0,0,0,0,0,0,0,0,0,3926,3903,0,0,0,1144,41203,0,0,0,0,0,0,0,0,0,0,0,0,0,0,0,0,0,0,TCGA-GM-A2DD-DX1_xmin47260_ymin22408_MPP-0.2500+109
0,0,0,0,0,0,50176,0,0,0,0,0,0,0,0,0,0,0,0,0,0,0,0,0,0,0,0,0,0,0,0,50176,0,0,0,0,0,0,0,0,0,0,0,0,0,0,0,0,0,0,0,0,0,0,0,0,50176,0,0,0,0,0,0,0,0,0,0,0,0,0,0,0,0,0,0,TCGA-GM-A2DD-DX1_xmin47260_ymin22408_MPP-0.2500+11
1502,249,0,0,0,2038,46387,0,0,0,0,0,0,0,0,0,0,0,0,0,0,0,0,0,0,1502,249,0,0,0,2057,46368,0,0,0,0,0,0,0,0,0,0,0,0,0,0,0,0,0,0,1502,249,0,0,0,1997,46428,0,0,0,0,0,0,0,0,0,0,0,0,0,0,0,0,0,0,TCGA-GM-A2DD-DX1_xmin47260_ymin22408_MPP-0.2500+110
17138,3412,0,0,0,40,29586,0,0,0,0,0,0,0,0,0,0,0,0,0,0,0,0,0,0,17587,2963,0,0,0,47,29579,0,0,0,0,0,0,0,0,0,0,0,0,0,0,0,0,0,0,17257,3293,0,0,0,39,29587,0,0,0,0,0,0,0,0,0,0,0,0,0,0,0,0,0,0,TCGA-GM-A2DD-DX1_xmin47260_ymin22408_MPP-0.2500+111
14675,5807,0,0,0,4018,25676,0,0,0,0,0,0,0,0,0,0,0,0,0,0,0,0,0,0,15435,5047,0,0,0,4304,25390,0,0,0,0,0,0,0,0,0,0,0,0,0,0,0,0,0,0,15214,5268,0,0,0,5179,24515,0,0,0,0,0,0,0,0,0,0,0,0,0,0,0,0,0,0,TCGA-GM-A2DD-DX1_xmin47260_ymin22408_MPP-0.2500+112
0,383,0,0,0,0,45822,0,0,0,0,3971,0,0,0,0,0,0,0,0,0,0,0,0,0,0,383,0,0,0,0,45822,0,0,0,0,3971,0,0,0,0,0,0,0,0,0,0,0,0,0,0,383,0,0,0,0,45822,0,0,0,0,3971,0,0,0,0,0,0,0,0,0,0,0,0,0,TCGA-GM-A2DD-DX1_xmin47260_ymin22408_MPP-0.2500+113
0,0,0,0,0,0,48607,0,0,0,0,1569,0,0,0,0,0,0,0,0,0,0,0,0,0,0,0,0,0,0,0,48607,0,0,0,0,1569,0,0,0,0,0,0,0,0,0,0,0,0,0,0,0,0,0,0,0,48607,0,0,0,0,1569,0,0,0,0,0,0,0,0,0,0,0,0,0,TCGA-GM-A2DD-DX1_xmin47260_ymin22408_MPP-0.2500+114
0,5231,0,0,0,0,44945,0,0,0,0,0,0,0,0,0,0,0,0,0,0,0,0,0,0,0,5231,0,0,0,0,44945,0,0,0,0,0,0,0,0,0,0,0,0,0,0,0,0,0,0,0,5231,0,0,0,0,44945,0,0,0,0,0,0,0,0,0,0,0,0,0,0,0,0,0,0,TCGA-GM-A2DD-DX1_xmin47260_ymin22408_MPP-0.2500+115
0,6686,0,0,0,0,43490,0,0,0,0,0,0,0,0,0,0,0,0,0,0,0,0,0,0,0,6686,0,0,0,0,43490,0,0,0,0,0,0,0,0,0,0,0,0,0,0,0,0,0,0,0,6686,0,0,0,0,43490,0,0,0,0,0,0,0,0,0,0,0,0,0,0,0,0,0,0,TCGA-GM-A2DD-DX1_xmin47260_ymin22408_MPP-0.2500+116
0,0,0,0,0,0,50176,0,0,0,0,0,0,0,0,0,0,0,0,0,0,0,0,0,0,0,0,0,0,0,0,50176,0,0,0,0,0,0,0,0,0,0,0,0,0,0,0,0,0,0,0,0,0,0,0,0,50176,0,0,0,0,0,0,0,0,0,0,0,0,0,0,0,0,0,0,TCGA-GM-A2DD-DX1_xmin47260_ymin22408_MPP-0.2500+117
0,0,0,0,0,0,50176,0,0,0,0,0,0,0,0,0,0,0,0,0,0,0,0,0,0,0,0,0,0,0,0,50176,0,0,0,0,0,0,0,0,0,0,0,0,0,0,0,0,0,0,0,0,0,0,0,0,50176,0,0,0,0,0,0,0,0,0,0,0,0,0,0,0,0,0,0,TCGA-GM-A2DD-DX1_xmin47260_ymin22408_MPP-0.2500+118
0,0,0,0,0,0,50176,0,0,0,0,0,0,0,0,0,0,0,0,0,0,0,0,0,0,0,0,0,0,0,0,50176,0,0,0,0,0,0,0,0,0,0,0,0,0,0,0,0,0,0,0,0,0,0,0,0,50176,0,0,0,0,0,0,0,0,0,0,0,0,0,0,0,0,0,0,TCGA-GM-A2DD-DX1_xmin47260_ymin22408_MPP-0.2500+119
0,0,0,0,0,0,50176,0,0,0,0,0,0,0,0,0,0,0,0,0,0,0,0,0,0,0,0,0,0,0,0,50176,0,0,0,0,0,0,0,0,0,0,0,0,0,0,0,0,0,0,0,0,0,0,0,0,50176,0,0,0,0,0,0,0,0,0,0,0,0,0,0,0,0,0,0,TCGA-GM-A2DD-DX1_xmin47260_ymin22408_MPP-0.2500+12
0,0,0,0,0,0,50176,0,0,0,0,0,0,0,0,0,0,0,0,0,0,0,0,0,0,0,0,0,0,0,0,50176,0,0,0,0,0,0,0,0,0,0,0,0,0,0,0,0,0,0,0,0,0,0,0,0,50176,0,0,0,0,0,0,0,0,0,0,0,0,0,0,0,0,0,0,TCGA-GM-A2DD-DX1_xmin47260_ymin22408_MPP-0.2500+120
0,0,0,0,0,0,50176,0,0,0,0,0,0,0,0,0,0,0,0,0,0,0,0,0,0,0,0,0,0,0,0,50176,0,0,0,0,0,0,0,0,0,0,0,0,0,0,0,0,0,0,0,0,0,0,0,0,50176,0,0,0,0,0,0,0,0,0,0,0,0,0,0,0,0,0,0,TCGA-GM-A2DD-DX1_xmin47260_ymin22408_MPP-0.2500+121
0,0,0,0,0,4,50172,0,0,0,0,0,0,0,0,0,0,0,0,0,0,0,0,0,0,0,0,0,0,0,0,50176,0,0,0,0,0,0,0,0,0,0,0,0,0,0,0,0,0,0,0,0,0,0,0,1,50175,0,0,0,0,0,0,0,0,0,0,0,0,0,0,0,0,0,0,TCGA-GM-A2DD-DX1_xmin47260_ymin22408_MPP-0.2500+122
0,0,0,0,0,0,50176,0,0,0,0,0,0,0,0,0,0,0,0,0,0,0,0,0,0,0,0,0,0,0,0,50176,0,0,0,0,0,0,0,0,0,0,0,0,0,0,0,0,0,0,0,0,0,0,0,0,50176,0,0,0,0,0,0,0,0,0,0,0,0,0,0,0,0,0,0,TCGA-GM-A2DD-DX1_xmin47260_ymin22408_MPP-0.2500+123
0,4187,0,0,0,0,45989,0,0,0,0,0,0,0,0,0,0,0,0,0,0,0,0,0,0,0,4187,0,0,0,0,45989,0,0,0,0,0,0,0,0,0,0,0,0,0,0,0,0,0,0,0,4187,0,0,0,0,45989,0,0,0,0,0,0,0,0,0,0,0,0,0,0,0,0,0,0,TCGA-GM-A2DD-DX1_xmin47260_ymin22408_MPP-0.2500+124
23599,5822,0,0,0,2284,18471,0,0,0,0,0,0,0,0,0,0,0,0,0,0,0,0,0,0,23939,5482,0,0,0,2308,18447,0,0,0,0,0,0,0,0,0,0,0,0,0,0,0,0,0,0,23836,5585,0,0,0,2465,18290,0,0,0,0,0,0,0,0,0,0,0,0,0,0,0,0,0,0,TCGA-GM-A2DD-DX1_xmin47260_ymin22408_MPP-0.2500+125
16462,4896,0,0,0,1149,27669,0,0,0,0,0,0,0,0,0,0,0,0,0,0,0,0,0,0,16497,4861,0,0,0,1052,27766,0,0,0,0,0,0,0,0,0,0,0,0,0,0,0,0,0,0,16731,4627,0,0,0,1248,27570,0,0,0,0,0,0,0,0,0,0,0,0,0,0,0,0,0,0,TCGA-GM-A2DD-DX1_xmin47260_ymin22408_MPP-0.2500+126
0,125,0,0,0,0,50051,0,0,0,0,0,0,0,0,0,0,0,0,0,0,0,0,0,0,0,125,0,0,0,0,50051,0,0,0,0,0,0,0,0,0,0,0,0,0,0,0,0,0,0,0,125,0,0,0,0,50051,0,0,0,0,0,0,0,0,0,0,0,0,0,0,0,0,0,0,TCGA-GM-A2DD-DX1_xmin47260_ymin22408_MPP-0.2500+127
0,0,0,0,0,0,50176,0,0,0,0,0,0,0,0,0,0,0,0,0,0,0,0,0,0,0,0,0,0,0,0,50176,0,0,0,0,0,0,0,0,0,0,0,0,0,0,0,0,0,0,0,0,0,0,0,0,50176,0,0,0,0,0,0,0,0,0,0,0,0,0,0,0,0,0,0,TCGA-GM-A2DD-DX1_xmin47260_ymin22408_MPP-0.2500+128
0,0,0,0,0,0,42431,0,0,0,0,7745,0,0,0,0,0,0,0,0,0,0,0,0,0,0,0,0,0,0,0,42431,0,0,0,0,7745,0,0,0,0,0,0,0,0,0,0,0,0,0,0,0,0,0,0,0,42431,0,0,0,0,7745,0,0,0,0,0,0,0,0,0,0,0,0,0,TCGA-GM-A2DD-DX1_xmin47260_ymin22408_MPP-0.2500+129
0,0,0,0,0,0,50176,0,0,0,0,0,0,0,0,0,0,0,0,0,0,0,0,0,0,0,0,0,0,0,0,50176,0,0,0,0,0,0,0,0,0,0,0,0,0,0,0,0,0,0,0,0,0,0,0,0,50176,0,0,0,0,0,0,0,0,0,0,0,0,0,0,0,0,0,0,TCGA-GM-A2DD-DX1_xmin47260_ymin22408_MPP-0.2500+13
9214,3684,0,0,0,2378,34900,0,0,0,0,0,0,0,0,0,0,0,0,0,0,0,0,0,0,9283,3615,0,0,0,2410,34868,0,0,0,0,0,0,0,0,0,0,0,0,0,0,0,0,0,0,9118,3780,0,0,0,2371,34907,0,0,0,0,0,0,0,0,0,0,0,0,0,0,0,0,0,0,TCGA-GM-A2DD-DX1_xmin47260_ymin22408_MPP-0.2500+130
22851,5768,0,0,0,6764,14793,0,0,0,0,0,0,0,0,0,0,0,0,0,0,0,0,0,0,22672,5947,0,0,0,6455,15102,0,0,0,0,0,0,0,0,0,0,0,0,0,0,0,0,0,0,23392,5227,0,0,0,7598,13959,0,0,0,0,0,0,0,0,0,0,0,0,0,0,0,0,0,0,TCGA-GM-A2DD-DX1_xmin47260_ymin22408_MPP-0.2500+131
6378,553,0,0,0,1075,42170,0,0,0,0,0,0,0,0,0,0,0,0,0,0,0,0,0,0,6474,457,0,0,0,1074,42171,0,0,0,0,0,0,0,0,0,0,0,0,0,0,0,0,0,0,6394,537,0,0,0,1326,41919,0,0,0,0,0,0,0,0,0,0,0,0,0,0,0,0,0,0,TCGA-GM-A2DD-DX1_xmin47260_ymin22408_MPP-0.2500+132
0,0,0,0,0,0,50176,0,0,0,0,0,0,0,0,0,0,0,0,0,0,0,0,0,0,0,0,0,0,0,0,50176,0,0,0,0,0,0,0,0,0,0,0,0,0,0,0,0,0,0,0,0,0,0,0,0,50176,0,0,0,0,0,0,0,0,0,0,0,0,0,0,0,0,0,0,TCGA-GM-A2DD-DX1_xmin47260_ymin22408_MPP-0.2500+133
0,0,0,0,0,0,41797,0,0,0,0,0,0,0,0,0,0,0,0,0,0,0,0,0,8379,0,0,0,0,0,0,41797,0,0,0,0,0,0,0,0,0,0,0,0,0,0,0,0,0,8379,0,0,0,0,0,0,41797,0,0,0,0,0,0,0,0,0,0,0,0,0,0,0,0,0,8379,TCGA-GM-A2DD-DX1_xmin47260_ymin22408_MPP-0.2500+134
0,0,0,0,0,4,50172,0,0,0,0,0,0,0,0,0,0,0,0,0,0,0,0,0,0,0,0,0,0,0,4,50172,0,0,0,0,0,0,0,0,0,0,0,0,0,0,0,0,0,0,0,0,0,0,0,4,50172,0,0,0,0,0,0,0,0,0,0,0,0,0,0,0,0,0,0,TCGA-GM-A2DD-DX1_xmin47260_ymin22408_MPP-0.2500+135
0,0,0,0,0,0,50176,0,0,0,0,0,0,0,0,0,0,0,0,0,0,0,0,0,0,0,0,0,0,0,0,50176,0,0,0,0,0,0,0,0,0,0,0,0,0,0,0,0,0,0,0,0,0,0,0,0,50176,0,0,0,0,0,0,0,0,0,0,0,0,0,0,0,0,0,0,TCGA-GM-A2DD-DX1_xmin47260_ymin22408_MPP-0.2500+136
0,0,0,0,0,0,49260,0,0,0,0,916,0,0,0,0,0,0,0,0,0,0,0,0,0,0,0,0,0,0,0,49260,0,0,0,0,916,0,0,0,0,0,0,0,0,0,0,0,0,0,0,0,0,0,0,0,49260,0,0,0,0,916,0,0,0,0,0,0,0,0,0,0,0,0,0,TCGA-GM-A2DD-DX1_xmin47260_ymin22408_MPP-0.2500+137
0,0,0,0,0,0,50176,0,0,0,0,0,0,0,0,0,0,0,0,0,0,0,0,0,0,0,0,0,0,0,0,50176,0,0,0,0,0,0,0,0,0,0,0,0,0,0,0,0,0,0,0,0,0,0,0,0,50176,0,0,0,0,0,0,0,0,0,0,0,0,0,0,0,0,0,0,TCGA-GM-A2DD-DX1_xmin47260_ymin22408_MPP-0.2500+138
18998,262,0,0,0,3818,27098,0,0,0,0,0,0,0,0,0,0,0,0,0,0,0,0,0,0,18988,272,0,0,0,4012,26904,0,0,0,0,0,0,0,0,0,0,0,0,0,0,0,0,0,0,18963,297,0,0,0,4116,26800,0,0,0,0,0,0,0,0,0,0,0,0,0,0,0,0,0,0,TCGA-GM-A2DD-DX1_xmin47260_ymin22408_MPP-0.2500+139
0,0,0,0,0,0,50176,0,0,0,0,0,0,0,0,0,0,0,0,0,0,0,0,0,0,0,0,0,0,0,0,50176,0,0,0,0,0,0,0,0,0,0,0,0,0,0,0,0,0,0,0,0,0,0,0,0,50176,0,0,0,0,0,0,0,0,0,0,0,0,0,0,0,0,0,0,TCGA-GM-A2DD-DX1_xmin47260_ymin22408_MPP-0.2500+14
9473,13891,0,0,0,483,26329,0,0,0,0,0,0,0,0,0,0,0,0,0,0,0,0,0,0,9703,13661,0,0,0,720,26092,0,0,0,0,0,0,0,0,0,0,0,0,0,0,0,0,0,0,10452,12912,0,0,0,789,26023,0,0,0,0,0,0,0,0,0,0,0,0,0,0,0,0,0,0,TCGA-GM-A2DD-DX1_xmin47260_ymin22408_MPP-0.2500+140
0,1690,0,0,0,0,48486,0,0,0,0,0,0,0,0,0,0,0,0,0,0,0,0,0,0,0,1690,0,0,0,0,48486,0,0,0,0,0,0,0,0,0,0,0,0,0,0,0,0,0,0,0,1690,0,0,0,0,48486,0,0,0,0,0,0,0,0,0,0,0,0,0,0,0,0,0,0,TCGA-GM-A2DD-DX1_xmin47260_ymin22408_MPP-0.2500+141
0,0,0,0,0,0,50176,0,0,0,0,0,0,0,0,0,0,0,0,0,0,0,0,0,0,0,0,0,0,0,0,50176,0,0,0,0,0,0,0,0,0,0,0,0,0,0,0,0,0,0,0,0,0,0,0,0,50176,0,0,0,0,0,0,0,0,0,0,0,0,0,0,0,0,0,0,TCGA-GM-A2DD-DX1_xmin47260_ymin22408_MPP-0.2500+142
0,0,0,0,0,0,50176,0,0,0,0,0,0,0,0,0,0,0,0,0,0,0,0,0,0,0,0,0,0,0,0,50176,0,0,0,0,0,0,0,0,0,0,0,0,0,0,0,0,0,0,0,0,0,0,0,0,50176,0,0,0,0,0,0,0,0,0,0,0,0,0,0,0,0,0,0,TCGA-GM-A2DD-DX1_xmin47260_ymin22408_MPP-0.2500+143
0,0,0,0,0,0,50176,0,0,0,0,0,0,0,0,0,0,0,0,0,0,0,0,0,0,0,0,0,0,0,0,50176,0,0,0,0,0,0,0,0,0,0,0,0,0,0,0,0,0,0,0,0,0,0,0,16,50160,0,0,0,0,0,0,0,0,0,0,0,0,0,0,0,0,0,0,TCGA-GM-A2DD-DX1_xmin47260_ymin22408_MPP-0.2500+144
0,954,0,0,0,0,45968,0,0,0,0,0,0,0,0,0,0,0,0,0,0,0,0,0,3254,0,954,0,0,0,0,45968,0,0,0,0,0,0,0,0,0,0,0,0,0,0,0,0,0,3254,0,954,0,0,0,0,45968,0,0,0,0,0,0,0,0,0,0,0,0,0,0,0,0,0,3254,TCGA-GM-A2DD-DX1_xmin47260_ymin22408_MPP-0.2500+145
0,0,0,0,0,0,45620,0,0,0,0,0,0,0,0,0,0,0,0,0,0,0,0,0,4556,0,0,0,0,0,0,45620,0,0,0,0,0,0,0,0,0,0,0,0,0,0,0,0,0,4556,0,0,0,0,0,0,45620,0,0,0,0,0,0,0,0,0,0,0,0,0,0,0,0,0,4556,TCGA-GM-A2DD-DX1_xmin47260_ymin22408_MPP-0.2500+146
0,0,0,0,0,0,50176,0,0,0,0,0,0,0,0,0,0,0,0,0,0,0,0,0,0,0,0,0,0,0,0,50176,0,0,0,0,0,0,0,0,0,0,0,0,0,0,0,0,0,0,0,0,0,0,0,0,50176,0,0,0,0,0,0,0,0,0,0,0,0,0,0,0,0,0,0,TCGA-GM-A2DD-DX1_xmin47260_ymin22408_MPP-0.2500+147
0,0,0,0,0,0,50176,0,0,0,0,0,0,0,0,0,0,0,0,0,0,0,0,0,0,0,0,0,0,0,0,50176,0,0,0,0,0,0,0,0,0,0,0,0,0,0,0,0,0,0,0,0,0,0,0,0,50176,0,0,0,0,0,0,0,0,0,0,0,0,0,0,0,0,0,0,TCGA-GM-A2DD-DX1_xmin47260_ymin22408_MPP-0.2500+148
0,0,0,0,0,0,45734,0,0,0,0,0,0,0,0,0,0,0,0,0,0,0,0,0,4442,0,0,0,0,0,0,45734,0,0,0,0,0,0,0,0,0,0,0,0,0,0,0,0,0,4442,0,0,0,0,0,0,45734,0,0,0,0,0,0,0,0,0,0,0,0,0,0,0,0,0,4442,TCGA-GM-A2DD-DX1_xmin47260_ymin22408_MPP-0.2500+149
0,0,0,0,0,0,13469,1879,0,0,0,13545,20638,0,0,0,0,0,0,0,0,0,0,0,645,0,0,0,0,0,0,13480,1868,0,0,0,13790,20393,0,0,0,0,0,0,0,0,0,0,0,645,0,0,0,0,0,0,13647,1701,0,0,0,13646,20537,0,0,0,0,0,0,0,0,0,0,0,645,TCGA-GM-A2DD-DX1_xmin47260_ymin22408_MPP-0.2500+15
0,0,0,0,0,0,49518,0,0,0,0,658,0,0,0,0,0,0,0,0,0,0,0,0,0,0,0,0,0,0,0,49518,0,0,0,0,658,0,0,0,0,0,0,0,0,0,0,0,0,0,0,0,0,0,0,0,49518,0,0,0,0,658,0,0,0,0,0,0,0,0,0,0,0,0,0,TCGA-GM-A2DD-DX1_xmin47260_ymin22408_MPP-0.2500+150
0,0,0,0,0,0,43409,0,0,0,0,6767,0,0,0,0,0,0,0,0,0,0,0,0,0,0,0,0,0,0,0,43409,0,0,0,0,6767,0,0,0,0,0,0,0,0,0,0,0,0,0,0,0,0,0,0,0,43409,0,0,0,0,6767,0,0,0,0,0,0,0,0,0,0,0,0,0,TCGA-GM-A2DD-DX1_xmin47260_ymin22408_MPP-0.2500+151
0,0,0,0,0,0,45577,0,0,0,0,4599,0,0,0,0,0,0,0,0,0,0,0,0,0,0,0,0,0,0,0,45577,0,0,0,0,4599,0,0,0,0,0,0,0,0,0,0,0,0,0,0,0,0,0,0,0,45577,0,0,0,0,4599,0,0,0,0,0,0,0,0,0,0,0,0,0,TCGA-GM-A2DD-DX1_xmin47260_ymin22408_MPP-0.2500+152
0,0,0,0,0,0,50176,0,0,0,0,0,0,0,0,0,0,0,0,0,0,0,0,0,0,0,0,0,0,0,0,50176,0,0,0,0,0,0,0,0,0,0,0,0,0,0,0,0,0,0,0,0,0,0,0,0,50176,0,0,0,0,0,0,0,0,0,0,0,0,0,0,0,0,0,0,TCGA-GM-A2DD-DX1_xmin47260_ymin22408_MPP-0.2500+153
0,1228,0,0,0,0,48948,0,0,0,0,0,0,0,0,0,0,0,0,0,0,0,0,0,0,0,1228,0,0,0,0,48948,0,0,0,0,0,0,0,0,0,0,0,0,0,0,0,0,0,0,0,1228,0,0,0,0,48948,0,0,0,0,0,0,0,0,0,0,0,0,0,0,0,0,0,0,TCGA-GM-A2DD-DX1_xmin47260_ymin22408_MPP-0.2500+154
0,1624,0,0,0,0,48552,0,0,0,0,0,0,0,0,0,0,0,0,0,0,0,0,0,0,0,1624,0,0,0,0,48552,0,0,0,0,0,0,0,0,0,0,0,0,0,0,0,0,0,0,0,1624,0,0,0,0,48552,0,0,0,0,0,0,0,0,0,0,0,0,0,0,0,0,0,0,TCGA-GM-A2DD-DX1_xmin47260_ymin22408_MPP-0.2500+155
8367,2708,0,0,0,0,39101,0,0,0,0,0,0,0,0,0,0,0,0,0,0,0,0,0,0,8239,2836,0,0,0,0,39101,0,0,0,0,0,0,0,0,0,0,0,0,0,0,0,0,0,0,8467,2608,0,0,0,0,39101,0,0,0,0,0,0,0,0,0,0,0,0,0,0,0,0,0,0,TCGA-GM-A2DD-DX1_xmin47260_ymin22408_MPP-0.2500+156
20537,3003,0,0,0,3357,23279,0,0,0,0,0,0,0,0,0,0,0,0,0,0,0,0,0,0,20714,2826,0,0,0,3101,23535,0,0,0,0,0,0,0,0,0,0,0,0,0,0,0,0,0,0,20520,3020,0,0,0,3155,23481,0,0,0,0,0,0,0,0,0,0,0,0,0,0,0,0,0,0,TCGA-GM-A2DD-DX1_xmin47260_ymin22408_MPP-0.2500+157
0,0,0,0,0,0,50059,0,0,0,0,0,0,0,0,0,0,0,0,0,0,0,0,0,117,0,0,0,0,0,0,50059,0,0,0,0,0,0,0,0,0,0,0,0,0,0,0,0,0,117,0,0,0,0,0,0,50059,0,0,0,0,0,0,0,0,0,0,0,0,0,0,0,0,0,117,TCGA-GM-A2DD-DX1_xmin47260_ymin22408_MPP-0.2500+158
0,0,0,0,0,0,50176,0,0,0,0,0,0,0,0,0,0,0,0,0,0,0,0,0,0,0,0,0,0,0,0,50176,0,0,0,0,0,0,0,0,0,0,0,0,0,0,0,0,0,0,0,0,0,0,0,0,50176,0,0,0,0,0,0,0,0,0,0,0,0,0,0,0,0,0,0,TCGA-GM-A2DD-DX1_xmin47260_ymin22408_MPP-0.2500+159
0,0,0,0,0,0,0,37,0,0,0,0,25040,0,0,0,0,0,0,0,0,0,0,0,25099,0,0,0,0,0,0,0,37,0,0,0,0,25040,0,0,0,0,0,0,0,0,0,0,0,25099,0,0,0,0,0,0,0,37,0,0,0,0,25040,0,0,0,0,0,0,0,0,0,0,0,25099,TCGA-GM-A2DD-DX1_xmin47260_ymin22408_MPP-0.2500+16
0,0,0,0,0,0,49745,0,0,0,0,0,0,0,0,0,0,0,0,0,0,0,0,0,431,0,0,0,0,0,0,49745,0,0,0,0,0,0,0,0,0,0,0,0,0,0,0,0,0,431,0,0,0,0,0,0,49745,0,0,0,0,0,0,0,0,0,0,0,0,0,0,0,0,0,431,TCGA-GM-A2DD-DX1_xmin47260_ymin22408_MPP-0.2500+160
0,0,0,0,0,0,48983,0,0,0,0,0,0,0,0,0,0,0,0,0,0,0,0,0,1193,0,0,0,0,0,0,48983,0,0,0,0,0,0,0,0,0,0,0,0,0,0,0,0,0,1193,0,0,0,0,0,0,48983,0,0,0,0,0,0,0,0,0,0,0,0,0,0,0,0,0,1193,TCGA-GM-A2DD-DX1_xmin47260_ymin22408_MPP-0.2500+161
0,0,0,0,0,1,50175,0,0,0,0,0,0,0,0,0,0,0,0,0,0,0,0,0,0,0,0,0,0,0,0,50176,0,0,0,0,0,0,0,0,0,0,0,0,0,0,0,0,0,0,0,0,0,0,0,1,50175,0,0,0,0,0,0,0,0,0,0,0,0,0,0,0,0,0,0,TCGA-GM-A2DD-DX1_xmin47260_ymin22408_MPP-0.2500+162
0,0,0,0,0,0,50176,0,0,0,0,0,0,0,0,0,0,0,0,0,0,0,0,0,0,0,0,0,0,0,0,50176,0,0,0,0,0,0,0,0,0,0,0,0,0,0,0,0,0,0,0,0,0,0,0,0,50176,0,0,0,0,0,0,0,0,0,0,0,0,0,0,0,0,0,0,TCGA-GM-A2DD-DX1_xmin47260_ymin22408_MPP-0.2500+163
0,0,0,0,0,0,50176,0,0,0,0,0,0,0,0,0,0,0,0,0,0,0,0,0,0,0,0,0,0,0,0,50176,0,0,0,0,0,0,0,0,0,0,0,0,0,0,0,0,0,0,0,0,0,0,0,0,50176,0,0,0,0,0,0,0,0,0,0,0,0,0,0,0,0,0,0,TCGA-GM-A2DD-DX1_xmin47260_ymin22408_MPP-0.2500+164
0,0,0,0,0,0,34105,0,0,0,0,16071,0,0,0,0,0,0,0,0,0,0,0,0,0,0,0,0,0,0,0,34105,0,0,0,0,16071,0,0,0,0,0,0,0,0,0,0,0,0,0,0,0,0,0,0,0,34105,0,0,0,0,16071,0,0,0,0,0,0,0,0,0,0,0,0,0,TCGA-GM-A2DD-DX1_xmin47260_ymin22408_MPP-0.2500+165
0,0,0,0,0,0,41843,0,0,0,0,8333,0,0,0,0,0,0,0,0,0,0,0,0,0,0,0,0,0,0,0,41843,0,0,0,0,8333,0,0,0,0,0,0,0,0,0,0,0,0,0,0,0,0,0,0,0,41843,0,0,0,0,8333,0,0,0,0,0,0,0,0,0,0,0,0,0,TCGA-GM-A2DD-DX1_xmin47260_ymin22408_MPP-0.2500+166
0,0,0,0,0,0,50176,0,0,0,0,0,0,0,0,0,0,0,0,0,0,0,0,0,0,0,0,0,0,0,0,50176,0,0,0,0,0,0,0,0,0,0,0,0,0,0,0,0,0,0,0,0,0,0,0,0,50176,0,0,0,0,0,0,0,0,0,0,0,0,0,0,0,0,0,0,TCGA-GM-A2DD-DX1_xmin47260_ymin22408_MPP-0.2500+167
0,0,0,0,0,0,50176,0,0,0,0,0,0,0,0,0,0,0,0,0,0,0,0,0,0,0,0,0,0,0,0,50176,0,0,0,0,0,0,0,0,0,0,0,0,0,0,0,0,0,0,0,0,0,0,0,0,50176,0,0,0,0,0,0,0,0,0,0,0,0,0,0,0,0,0,0,TCGA-GM-A2DD-DX1_xmin47260_ymin22408_MPP-0.2500+168
0,866,0,0,0,0,49310,0,0,0,0,0,0,0,0,0,0,0,0,0,0,0,0,0,0,0,866,0,0,0,0,49310,0,0,0,0,0,0,0,0,0,0,0,0,0,0,0,0,0,0,0,866,0,0,0,0,49310,0,0,0,0,0,0,0,0,0,0,0,0,0,0,0,0,0,0,TCGA-GM-A2DD-DX1_xmin47260_ymin22408_MPP-0.2500+169
0,0,0,0,0,2672,0,13230,0,0,0,0,34274,0,0,0,0,0,0,0,0,0,0,0,0,0,0,0,0,0,3664,0,12238,0,0,0,0,34274,0,0,0,0,0,0,0,0,0,0,0,0,0,0,0,0,0,2576,0,13326,0,0,0,0,34274,0,0,0,0,0,0,0,0,0,0,0,0,TCGA-GM-A2DD-DX1_xmin47260_ymin22408_MPP-0.2500+17
19516,2947,0,0,0,102,27611,0,0,0,0,0,0,0,0,0,0,0,0,0,0,0,0,0,0,19351,3112,0,0,0,102,27611,0,0,0,0,0,0,0,0,0,0,0,0,0,0,0,0,0,0,19661,2802,0,0,0,102,27611,0,0,0,0,0,0,0,0,0,0,0,0,0,0,0,0,0,0,TCGA-GM-A2DD-DX1_xmin47260_ymin22408_MPP-0.2500+170
39149,3022,0,0,0,1136,6869,0,0,0,0,0,0,0,0,0,0,0,0,0,0,0,0,0,0,39266,2905,0,0,0,1164,6841,0,0,0,0,0,0,0,0,0,0,0,0,0,0,0,0,0,0,39075,3096,0,0,0,1163,6842,0,0,0,0,0,0,0,0,0,0,0,0,0,0,0,0,0,0,TCGA-GM-A2DD-DX1_xmin47260_ymin22408_MPP-0.2500+171
9025,2056,0,0,0,13078,26017,0,0,0,0,0,0,0,0,0,0,0,0,0,0,0,0,0,0,8975,2106,0,0,0,13036,26059,0,0,0,0,0,0,0,0,0,0,0,0,0,0,0,0,0,0,8958,2123,0,0,0,13083,26012,0,0,0,0,0,0,0,0,0,0,0,0,0,0,0,0,0,0,TCGA-GM-A2DD-DX1_xmin47260_ymin22408_MPP-0.2500+172
0,0,0,0,0,5739,32235,0,0,0,0,0,0,0,0,0,0,0,0,0,0,0,0,0,12202,0,0,0,0,0,5743,32231,0,0,0,0,0,0,0,0,0,0,0,0,0,0,0,0,0,12202,0,0,0,0,0,6561,31413,0,0,0,0,0,0,0,0,0,0,0,0,0,0,0,0,0,12202,TCGA-GM-A2DD-DX1_xmin47260_ymin22408_MPP-0.2500+173
0,0,0,0,0,0,50176,0,0,0,0,0,0,0,0,0,0,0,0,0,0,0,0,0,0,0,0,0,0,0,0,50176,0,0,0,0,0,0,0,0,0,0,0,0,0,0,0,0,0,0,0,0,0,0,0,0,50176,0,0,0,0,0,0,0,0,0,0,0,0,0,0,0,0,0,0,TCGA-GM-A2DD-DX1_xmin47260_ymin22408_MPP-0.2500+174
0,0,0,0,0,0,50176,0,0,0,0,0,0,0,0,0,0,0,0,0,0,0,0,0,0,0,0,0,0,0,0,50176,0,0,0,0,0,0,0,0,0,0,0,0,0,0,0,0,0,0,0,0,0,0,0,0,50176,0,0,0,0,0,0,0,0,0,0,0,0,0,0,0,0,0,0,TCGA-GM-A2DD-DX1_xmin47260_ymin22408_MPP-0.2500+175
0,0,0,0,0,0,50176,0,0,0,0,0,0,0,0,0,0,0,0,0,0,0,0,0,0,0,0,0,0,0,0,50176,0,0,0,0,0,0,0,0,0,0,0,0,0,0,0,0,0,0,0,0,0,0,0,0,50176,0,0,0,0,0,0,0,0,0,0,0,0,0,0,0,0,0,0,TCGA-GM-A2DD-DX1_xmin47260_ymin22408_MPP-0.2500+176
0,0,0,0,0,0,50176,0,0,0,0,0,0,0,0,0,0,0,0,0,0,0,0,0,0,0,0,0,0,0,0,50176,0,0,0,0,0,0,0,0,0,0,0,0,0,0,0,0,0,0,0,0,0,0,0,0,50176,0,0,0,0,0,0,0,0,0,0,0,0,0,0,0,0,0,0,TCGA-GM-A2DD-DX1_xmin47260_ymin22408_MPP-0.2500+177
0,0,0,0,0,0,50176,0,0,0,0,0,0,0,0,0,0,0,0,0,0,0,0,0,0,0,0,0,0,0,0,50176,0,0,0,0,0,0,0,0,0,0,0,0,0,0,0,0,0,0,0,0,0,0,0,0,50176,0,0,0,0,0,0,0,0,0,0,0,0,0,0,0,0,0,0,TCGA-GM-A2DD-DX1_xmin47260_ymin22408_MPP-0.2500+178
0,0,0,0,0,0,50176,0,0,0,0,0,0,0,0,0,0,0,0,0,0,0,0,0,0,0,0,0,0,0,0,50176,0,0,0,0,0,0,0,0,0,0,0,0,0,0,0,0,0,0,0,0,0,0,0,0,50176,0,0,0,0,0,0,0,0,0,0,0,0,0,0,0,0,0,0,TCGA-GM-A2DD-DX1_xmin47260_ymin22408_MPP-0.2500+179
0,0,0,0,0,0,41933,0,0,0,0,8243,0,0,0,0,0,0,0,0,0,0,0,0,0,0,0,0,0,0,0,41933,0,0,0,0,8243,0,0,0,0,0,0,0,0,0,0,0,0,0,0,0,0,0,0,0,41933,0,0,0,0,8243,0,0,0,0,0,0,0,0,0,0,0,0,0,TCGA-GM-A2DD-DX1_xmin47260_ymin22408_MPP-0.2500+18
0,0,0,0,0,0,49192,0,0,0,0,984,0,0,0,0,0,0,0,0,0,0,0,0,0,0,0,0,0,0,0,49192,0,0,0,0,984,0,0,0,0,0,0,0,0,0,0,0,0,0,0,0,0,0,0,0,49192,0,0,0,0,984,0,0,0,0,0,0,0,0,0,0,0,0,0,TCGA-GM-A2DD-DX1_xmin47260_ymin22408_MPP-0.2500+180
0,0,0,0,0,0,50176,0,0,0,0,0,0,0,0,0,0,0,0,0,0,0,0,0,0,0,0,0,0,0,0,50176,0,0,0,0,0,0,0,0,0,0,0,0,0,0,0,0,0,0,0,0,0,0,0,0,50176,0,0,0,0,0,0,0,0,0,0,0,0,0,0,0,0,0,0,TCGA-GM-A2DD-DX1_xmin47260_ymin22408_MPP-0.2500+181
0,0,0,0,0,0,50176,0,0,0,0,0,0,0,0,0,0,0,0,0,0,0,0,0,0,0,0,0,0,0,0,50176,0,0,0,0,0,0,0,0,0,0,0,0,0,0,0,0,0,0,0,0,0,0,0,0,50176,0,0,0,0,0,0,0,0,0,0,0,0,0,0,0,0,0,0,TCGA-GM-A2DD-DX1_xmin47260_ymin22408_MPP-0.2500+182
0,0,0,0,0,0,50176,0,0,0,0,0,0,0,0,0,0,0,0,0,0,0,0,0,0,0,0,0,0,0,0,50176,0,0,0,0,0,0,0,0,0,0,0,0,0,0,0,0,0,0,0,0,0,0,0,0,50176,0,0,0,0,0,0,0,0,0,0,0,0,0,0,0,0,0,0,TCGA-GM-A2DD-DX1_xmin47260_ymin22408_MPP-0.2500+183
0,2937,0,0,0,0,47239,0,0,0,0,0,0,0,0,0,0,0,0,0,0,0,0,0,0,0,2937,0,0,0,0,47239,0,0,0,0,0,0,0,0,0,0,0,0,0,0,0,0,0,0,0,2937,0,0,0,0,47239,0,0,0,0,0,0,0,0,0,0,0,0,0,0,0,0,0,0,TCGA-GM-A2DD-DX1_xmin47260_ymin22408_MPP-0.2500+184
11168,1472,0,0,0,2680,34856,0,0,0,0,0,0,0,0,0,0,0,0,0,0,0,0,0,0,11386,1254,0,0,0,2753,34783,0,0,0,0,0,0,0,0,0,0,0,0,0,0,0,0,0,0,11327,1313,0,0,0,2679,34857,0,0,0,0,0,0,0,0,0,0,0,0,0,0,0,0,0,0,TCGA-GM-A2DD-DX1_xmin47260_ymin22408_MPP-0.2500+185
9834,4419,0,0,0,4093,31830,0,0,0,0,0,0,0,0,0,0,0,0,0,0,0,0,0,0,10052,4201,0,0,0,4255,31668,0,0,0,0,0,0,0,0,0,0,0,0,0,0,0,0,0,0,9914,4339,0,0,0,4172,31751,0,0,0,0,0,0,0,0,0,0,0,0,0,0,0,0,0,0,TCGA-GM-A2DD-DX1_xmin47260_ymin22408_MPP-0.2500+186
0,5386,0,0,0,0,44790,0,0,0,0,0,0,0,0,0,0,0,0,0,0,0,0,0,0,0,5386,0,0,0,0,44790,0,0,0,0,0,0,0,0,0,0,0,0,0,0,0,0,0,0,0,5386,0,0,0,0,44790,0,0,0,0,0,0,0,0,0,0,0,0,0,0,0,0,0,0,TCGA-GM-A2DD-DX1_xmin47260_ymin22408_MPP-0.2500+187
7641,1429,0,0,0,3870,20365,0,0,0,0,0,0,0,0,0,0,0,0,0,0,0,0,0,16871,7711,1359,0,0,0,4102,20133,0,0,0,0,0,0,0,0,0,0,0,0,0,0,0,0,0,16871,7660,1410,0,0,0,3973,20262,0,0,0,0,0,0,0,0,0,0,0,0,0,0,0,0,0,16871,TCGA-GM-A2DD-DX1_xmin47260_ymin22408_MPP-0.2500+188
0,6058,0,0,0,0,44118,0,0,0,0,0,0,0,0,0,0,0,0,0,0,0,0,0,0,0,6058,0,0,0,0,44118,0,0,0,0,0,0,0,0,0,0,0,0,0,0,0,0,0,0,0,6058,0,0,0,0,44118,0,0,0,0,0,0,0,0,0,0,0,0,0,0,0,0,0,0,TCGA-GM-A2DD-DX1_xmin47260_ymin22408_MPP-0.2500+189
0,0,0,0,0,0,50176,0,0,0,0,0,0,0,0,0,0,0,0,0,0,0,0,0,0,0,0,0,0,0,0,50176,0,0,0,0,0,0,0,0,0,0,0,0,0,0,0,0,0,0,0,0,0,0,0,0,50176,0,0,0,0,0,0,0,0,0,0,0,0,0,0,0,0,0,0,TCGA-GM-A2DD-DX1_xmin47260_ymin22408_MPP-0.2500+19
0,0,0,0,0,0,50176,0,0,0,0,0,0,0,0,0,0,0,0,0,0,0,0,0,0,0,0,0,0,0,0,50176,0,0,0,0,0,0,0,0,0,0,0,0,0,0,0,0,0,0,0,0,0,0,0,0,50176,0,0,0,0,0,0,0,0,0,0,0,0,0,0,0,0,0,0,TCGA-GM-A2DD-DX1_xmin47260_ymin22408_MPP-0.2500+190
0,0,0,0,0,0,50176,0,0,0,0,0,0,0,0,0,0,0,0,0,0,0,0,0,0,0,0,0,0,0,0,50176,0,0,0,0,0,0,0,0,0,0,0,0,0,0,0,0,0,0,0,0,0,0,0,0,50176,0,0,0,0,0,0,0,0,0,0,0,0,0,0,0,0,0,0,TCGA-GM-A2DD-DX1_xmin47260_ymin22408_MPP-0.2500+191
0,0,0,0,0,0,50176,0,0,0,0,0,0,0,0,0,0,0,0,0,0,0,0,0,0,0,0,0,0,0,0,50176,0,0,0,0,0,0,0,0,0,0,0,0,0,0,0,0,0,0,0,0,0,0,0,0,50176,0,0,0,0,0,0,0,0,0,0,0,0,0,0,0,0,0,0,TCGA-GM-A2DD-DX1_xmin47260_ymin22408_MPP-0.2500+192
2732,54,0,0,0,5859,41531,0,0,0,0,0,0,0,0,0,0,0,0,0,0,0,0,0,0,2741,45,0,0,0,6255,41135,0,0,0,0,0,0,0,0,0,0,0,0,0,0,0,0,0,0,2720,66,0,0,0,6002,41388,0,0,0,0,0,0,0,0,0,0,0,0,0,0,0,0,0,0,TCGA-GM-A2DD-DX1_xmin47260_ymin22408_MPP-0.2500+193
0,5959,0,0,0,0,44217,0,0,0,0,0,0,0,0,0,0,0,0,0,0,0,0,0,0,0,5959,0,0,0,0,44217,0,0,0,0,0,0,0,0,0,0,0,0,0,0,0,0,0,0,0,5959,0,0,0,0,44217,0,0,0,0,0,0,0,0,0,0,0,0,0,0,0,0,0,0,TCGA-GM-A2DD-DX1_xmin47260_ymin22408_MPP-0.2500+194
0,0,0,0,0,0,50176,0,0,0,0,0,0,0,0,0,0,0,0,0,0,0,0,0,0,0,0,0,0,0,0,50176,0,0,0,0,0,0,0,0,0,0,0,0,0,0,0,0,0,0,0,0,0,0,0,0,50176,0,0,0,0,0,0,0,0,0,0,0,0,0,0,0,0,0,0,TCGA-GM-A2DD-DX1_xmin47260_ymin22408_MPP-0.2500+195
0,0,0,0,0,0,50176,0,0,0,0,0,0,0,0,0,0,0,0,0,0,0,0,0,0,0,0,0,0,0,0,50176,0,0,0,0,0,0,0,0,0,0,0,0,0,0,0,0,0,0,0,0,0,0,0,0,50176,0,0,0,0,0,0,0,0,0,0,0,0,0,0,0,0,0,0,TCGA-GM-A2DD-DX1_xmin47260_ymin22408_MPP-0.2500+196
0,0,0,0,0,0,50176,0,0,0,0,0,0,0,0,0,0,0,0,0,0,0,0,0,0,0,0,0,0,0,0,50176,0,0,0,0,0,0,0,0,0,0,0,0,0,0,0,0,0,0,0,0,0,0,0,0,50176,0,0,0,0,0,0,0,0,0,0,0,0,0,0,0,0,0,0,TCGA-GM-A2DD-DX1_xmin47260_ymin22408_MPP-0.2500+197
0,0,0,0,0,0,50176,0,0,0,0,0,0,0,0,0,0,0,0,0,0,0,0,0,0,0,0,0,0,0,0,50176,0,0,0,0,0,0,0,0,0,0,0,0,0,0,0,0,0,0,0,0,0,0,0,0,50176,0,0,0,0,0,0,0,0,0,0,0,0,0,0,0,0,0,0,TCGA-GM-A2DD-DX1_xmin47260_ymin22408_MPP-0.2500+198
0,11757,0,0,0,0,38419,0,0,0,0,0,0,0,0,0,0,0,0,0,0,0,0,0,0,0,11757,0,0,0,0,38419,0,0,0,0,0,0,0,0,0,0,0,0,0,0,0,0,0,0,0,11757,0,0,0,0,38419,0,0,0,0,0,0,0,0,0,0,0,0,0,0,0,0,0,0,TCGA-GM-A2DD-DX1_xmin47260_ymin22408_MPP-0.2500+199
0,0,0,0,0,10545,0,10918,0,0,879,0,23103,0,0,0,0,0,0,0,0,0,0,0,4731,0,0,0,0,0,10001,0,11462,0,0,847,0,23135,0,0,0,0,0,0,0,0,0,0,0,4731,0,0,0,0,0,10369,0,11094,0,0,879,0,23103,0,0,0,0,0,0,0,0,0,0,0,4731,TCGA-GM-A2DD-DX1_xmin47260_ymin22408_MPP-0.2500+2
0,0,0,0,0,0,50176,0,0,0,0,0,0,0,0,0,0,0,0,0,0,0,0,0,0,0,0,0,0,0,0,50176,0,0,0,0,0,0,0,0,0,0,0,0,0,0,0,0,0,0,0,0,0,0,0,0,50176,0,0,0,0,0,0,0,0,0,0,0,0,0,0,0,0,0,0,TCGA-GM-A2DD-DX1_xmin47260_ymin22408_MPP-0.2500+20
16309,2691,0,0,0,243,30933,0,0,0,0,0,0,0,0,0,0,0,0,0,0,0,0,0,0,16480,2520,0,0,0,306,30870,0,0,0,0,0,0,0,0,0,0,0,0,0,0,0,0,0,0,16556,2444,0,0,0,522,30654,0,0,0,0,0,0,0,0,0,0,0,0,0,0,0,0,0,0,TCGA-GM-A2DD-DX1_xmin47260_ymin22408_MPP-0.2500+200
0,18293,0,0,0,0,31883,0,0,0,0,0,0,0,0,0,0,0,0,0,0,0,0,0,0,12907,5386,0,0,0,900,30983,0,0,0,0,0,0,0,0,0,0,0,0,0,0,0,0,0,0,13397,4896,0,0,0,999,30884,0,0,0,0,0,0,0,0,0,0,0,0,0,0,0,0,0,0,TCGA-GM-A2DD-DX1_xmin47260_ymin22408_MPP-0.2500+201
0,5223,0,0,0,0,44953,0,0,0,0,0,0,0,0,0,0,0,0,0,0,0,0,0,0,0,5223,0,0,0,0,44953,0,0,0,0,0,0,0,0,0,0,0,0,0,0,0,0,0,0,0,5223,0,0,0,0,44953,0,0,0,0,0,0,0,0,0,0,0,0,0,0,0,0,0,0,TCGA-GM-A2DD-DX1_xmin47260_ymin22408_MPP-0.2500+202
0,0,0,0,0,0,50176,0,0,0,0,0,0,0,0,0,0,0,0,0,0,0,0,0,0,0,0,0,0,0,0,50176,0,0,0,0,0,0,0,0,0,0,0,0,0,0,0,0,0,0,0,0,0,0,0,0,50176,0,0,0,0,0,0,0,0,0,0,0,0,0,0,0,0,0,0,TCGA-GM-A2DD-DX1_xmin47260_ymin22408_MPP-0.2500+203
0,904,0,0,0,0,49272,0,0,0,0,0,0,0,0,0,0,0,0,0,0,0,0,0,0,0,904,0,0,0,0,49272,0,0,0,0,0,0,0,0,0,0,0,0,0,0,0,0,0,0,0,904,0,0,0,0,49272,0,0,0,0,0,0,0,0,0,0,0,0,0,0,0,0,0,0,TCGA-GM-A2DD-DX1_xmin47260_ymin22408_MPP-0.2500+204
0,0,0,0,0,0,50176,0,0,0,0,0,0,0,0,0,0,0,0,0,0,0,0,0,0,0,0,0,0,0,0,50176,0,0,0,0,0,0,0,0,0,0,0,0,0,0,0,0,0,0,0,0,0,0,0,0,50176,0,0,0,0,0,0,0,0,0,0,0,0,0,0,0,0,0,0,TCGA-GM-A2DD-DX1_xmin47260_ymin22408_MPP-0.2500+205
0,5627,0,0,0,0,44549,0,0,0,0,0,0,0,0,0,0,0,0,0,0,0,0,0,0,0,5627,0,0,0,0,44549,0,0,0,0,0,0,0,0,0,0,0,0,0,0,0,0,0,0,0,5627,0,0,0,0,44549,0,0,0,0,0,0,0,0,0,0,0,0,0,0,0,0,0,0,TCGA-GM-A2DD-DX1_xmin47260_ymin22408_MPP-0.2500+206
11086,2230,0,0,0,801,36059,0,0,0,0,0,0,0,0,0,0,0,0,0,0,0,0,0,0,11464,1852,0,0,0,843,36017,0,0,0,0,0,0,0,0,0,0,0,0,0,0,0,0,0,0,11114,2202,0,0,0,744,36116,0,0,0,0,0,0,0,0,0,0,0,0,0,0,0,0,0,0,TCGA-GM-A2DD-DX1_xmin47260_ymin22408_MPP-0.2500+207
27514,9929,0,0,0,1843,10890,0,0,0,0,0,0,0,0,0,0,0,0,0,0,0,0,0,0,28442,9001,0,0,0,1899,10834,0,0,0,0,0,0,0,0,0,0,0,0,0,0,0,0,0,0,27619,9824,0,0,0,1754,10979,0,0,0,0,0,0,0,0,0,0,0,0,0,0,0,0,0,0,TCGA-GM-A2DD-DX1_xmin47260_ymin22408_MPP-0.2500+208
6485,996,0,0,0,21614,21081,0,0,0,0,0,0,0,0,0,0,0,0,0,0,0,0,0,0,6530,951,0,0,0,22017,20678,0,0,0,0,0,0,0,0,0,0,0,0,0,0,0,0,0,0,6562,919,0,0,0,20987,21708,0,0,0,0,0,0,0,0,0,0,0,0,0,0,0,0,0,0,TCGA-GM-A2DD-DX1_xmin47260_ymin22408_MPP-0.2500+209
0,0,0,0,0,0,50176,0,0,0,0,0,0,0,0,0,0,0,0,0,0,0,0,0,0,0,0,0,0,0,0,50176,0,0,0,0,0,0,0,0,0,0,0,0,0,0,0,0,0,0,0,0,0,0,0,1,50175,0,0,0,0,0,0,0,0,0,0,0,0,0,0,0,0,0,0,TCGA-GM-A2DD-DX1_xmin47260_ymin22408_MPP-0.2500+21
0,0,0,0,0,1,50175,0,0,0,0,0,0,0,0,0,0,0,0,0,0,0,0,0,0,0,0,0,0,0,0,50176,0,0,0,0,0,0,0,0,0,0,0,0,0,0,0,0,0,0,0,0,0,0,0,1,50175,0,0,0,0,0,0,0,0,0,0,0,0,0,0,0,0,0,0,TCGA-GM-A2DD-DX1_xmin47260_ymin22408_MPP-0.2500+210
0,0,0,0,0,0,50176,0,0,0,0,0,0,0,0,0,0,0,0,0,0,0,0,0,0,0,0,0,0,0,0,50176,0,0,0,0,0,0,0,0,0,0,0,0,0,0,0,0,0,0,0,0,0,0,0,0,50176,0,0,0,0,0,0,0,0,0,0,0,0,0,0,0,0,0,0,TCGA-GM-A2DD-DX1_xmin47260_ymin22408_MPP-0.2500+211
0,0,0,0,0,0,50176,0,0,0,0,0,0,0,0,0,0,0,0,0,0,0,0,0,0,0,0,0,0,0,0,50176,0,0,0,0,0,0,0,0,0,0,0,0,0,0,0,0,0,0,0,0,0,0,0,0,50176,0,0,0,0,0,0,0,0,0,0,0,0,0,0,0,0,0,0,TCGA-GM-A2DD-DX1_xmin47260_ymin22408_MPP-0.2500+212
0,0,0,0,0,0,50176,0,0,0,0,0,0,0,0,0,0,0,0,0,0,0,0,0,0,0,0,0,0,0,0,50176,0,0,0,0,0,0,0,0,0,0,0,0,0,0,0,0,0,0,0,0,0,0,0,0,50176,0,0,0,0,0,0,0,0,0,0,0,0,0,0,0,0,0,0,TCGA-GM-A2DD-DX1_xmin47260_ymin22408_MPP-0.2500+213
0,220,0,0,0,0,49956,0,0,0,0,0,0,0,0,0,0,0,0,0,0,0,0,0,0,0,220,0,0,0,0,49956,0,0,0,0,0,0,0,0,0,0,0,0,0,0,0,0,0,0,0,220,0,0,0,0,49956,0,0,0,0,0,0,0,0,0,0,0,0,0,0,0,0,0,0,TCGA-GM-A2DD-DX1_xmin47260_ymin22408_MPP-0.2500+214
0,4844,0,0,0,0,45332,0,0,0,0,0,0,0,0,0,0,0,0,0,0,0,0,0,0,0,4844,0,0,0,0,45332,0,0,0,0,0,0,0,0,0,0,0,0,0,0,0,0,0,0,0,4844,0,0,0,0,45332,0,0,0,0,0,0,0,0,0,0,0,0,0,0,0,0,0,0,TCGA-GM-A2DD-DX1_xmin47260_ymin22408_MPP-0.2500+215
0,0,0,0,0,0,50176,0,0,0,0,0,0,0,0,0,0,0,0,0,0,0,0,0,0,0,0,0,0,0,0,50176,0,0,0,0,0,0,0,0,0,0,0,0,0,0,0,0,0,0,0,0,0,0,0,0,50176,0,0,0,0,0,0,0,0,0,0,0,0,0,0,0,0,0,0,TCGA-GM-A2DD-DX1_xmin47260_ymin22408_MPP-0.2500+216
0,0,0,0,0,0,50176,0,0,0,0,0,0,0,0,0,0,0,0,0,0,0,0,0,0,0,0,0,0,0,0,50176,0,0,0,0,0,0,0,0,0,0,0,0,0,0,0,0,0,0,0,0,0,0,0,0,50176,0,0,0,0,0,0,0,0,0,0,0,0,0,0,0,0,0,0,TCGA-GM-A2DD-DX1_xmin47260_ymin22408_MPP-0.2500+217
0,0,0,0,0,0,50176,0,0,0,0,0,0,0,0,0,0,0,0,0,0,0,0,0,0,0,0,0,0,0,0,50176,0,0,0,0,0,0,0,0,0,0,0,0,0,0,0,0,0,0,0,0,0,0,0,0,50176,0,0,0,0,0,0,0,0,0,0,0,0,0,0,0,0,0,0,TCGA-GM-A2DD-DX1_xmin47260_ymin22408_MPP-0.2500+218
0,0,0,0,0,0,50176,0,0,0,0,0,0,0,0,0,0,0,0,0,0,0,0,0,0,0,0,0,0,0,0,50176,0,0,0,0,0,0,0,0,0,0,0,0,0,0,0,0,0,0,0,0,0,0,0,0,50176,0,0,0,0,0,0,0,0,0,0,0,0,0,0,0,0,0,0,TCGA-GM-A2DD-DX1_xmin47260_ymin22408_MPP-0.2500+219
0,0,0,0,0,0,50176,0,0,0,0,0,0,0,0,0,0,0,0,0,0,0,0,0,0,0,0,0,0,0,0,50176,0,0,0,0,0,0,0,0,0,0,0,0,0,0,0,0,0,0,0,0,0,0,0,0,50176,0,0,0,0,0,0,0,0,0,0,0,0,0,0,0,0,0,0,TCGA-GM-A2DD-DX1_xmin47260_ymin22408_MPP-0.2500+22
8873,351,0,0,0,1846,39106,0,0,0,0,0,0,0,0,0,0,0,0,0,0,0,0,0,0,8813,411,0,0,0,1609,39343,0,0,0,0,0,0,0,0,0,0,0,0,0,0,0,0,0,0,8835,389,0,0,0,1550,39402,0,0,0,0,0,0,0,0,0,0,0,0,0,0,0,0,0,0,TCGA-GM-A2DD-DX1_xmin47260_ymin22408_MPP-0.2500+220
4917,5742,0,0,0,401,39116,0,0,0,0,0,0,0,0,0,0,0,0,0,0,0,0,0,0,5208,5451,0,0,0,423,39094,0,0,0,0,0,0,0,0,0,0,0,0,0,0,0,0,0,0,4913,5746,0,0,0,373,39144,0,0,0,0,0,0,0,0,0,0,0,0,0,0,0,0,0,0,TCGA-GM-A2DD-DX1_xmin47260_ymin22408_MPP-0.2500+221
9396,1158,0,0,0,3342,36280,0,0,0,0,0,0,0,0,0,0,0,0,0,0,0,0,0,0,9519,1035,0,0,0,3621,36001,0,0,0,0,0,0,0,0,0,0,0,0,0,0,0,0,0,0,9435,1119,0,0,0,3642,35980,0,0,0,0,0,0,0,0,0,0,0,0,0,0,0,0,0,0,TCGA-GM-A2DD-DX1_xmin47260_ymin22408_MPP-0.2500+222
11861,5018,0,0,0,1994,31303,0,0,0,0,0,0,0,0,0,0,0,0,0,0,0,0,0,0,11774,5105,0,0,0,1995,31302,0,0,0,0,0,0,0,0,0,0,0,0,0,0,0,0,0,0,11764,5115,0,0,0,1980,31317,0,0,0,0,0,0,0,0,0,0,0,0,0,0,0,0,0,0,TCGA-GM-A2DD-DX1_xmin47260_ymin22408_MPP-0.2500+223
0,13,0,0,0,0,50163,0,0,0,0,0,0,0,0,0,0,0,0,0,0,0,0,0,0,0,13,0,0,0,0,50163,0,0,0,0,0,0,0,0,0,0,0,0,0,0,0,0,0,0,0,13,0,0,0,0,50163,0,0,0,0,0,0,0,0,0,0,0,0,0,0,0,0,0,0,TCGA-GM-A2DD-DX1_xmin47260_ymin22408_MPP-0.2500+224
0,0,0,0,0,0,50176,0,0,0,0,0,0,0,0,0,0,0,0,0,0,0,0,0,0,0,0,0,0,0,0,50176,0,0,0,0,0,0,0,0,0,0,0,0,0,0,0,0,0,0,0,0,0,0,0,0,50176,0,0,0,0,0,0,0,0,0,0,0,0,0,0,0,0,0,0,TCGA-GM-A2DD-DX1_xmin47260_ymin22408_MPP-0.2500+225
0,0,0,0,0,0,50176,0,0,0,0,0,0,0,0,0,0,0,0,0,0,0,0,0,0,0,0,0,0,0,0,50176,0,0,0,0,0,0,0,0,0,0,0,0,0,0,0,0,0,0,0,0,0,0,0,0,50176,0,0,0,0,0,0,0,0,0,0,0,0,0,0,0,0,0,0,TCGA-GM-A2DD-DX1_xmin47260_ymin22408_MPP-0.2500+226
0,0,0,0,0,0,50176,0,0,0,0,0,0,0,0,0,0,0,0,0,0,0,0,0,0,0,0,0,0,0,0,50176,0,0,0,0,0,0,0,0,0,0,0,0,0,0,0,0,0,0,0,0,0,0,0,0,50176,0,0,0,0,0,0,0,0,0,0,0,0,0,0,0,0,0,0,TCGA-GM-A2DD-DX1_xmin47260_ymin22408_MPP-0.2500+227
0,0,0,0,0,0,50176,0,0,0,0,0,0,0,0,0,0,0,0,0,0,0,0,0,0,0,0,0,0,0,0,50176,0,0,0,0,0,0,0,0,0,0,0,0,0,0,0,0,0,0,0,0,0,0,0,0,50176,0,0,0,0,0,0,0,0,0,0,0,0,0,0,0,0,0,0,TCGA-GM-A2DD-DX1_xmin47260_ymin22408_MPP-0.2500+228
0,0,0,0,0,0,50176,0,0,0,0,0,0,0,0,0,0,0,0,0,0,0,0,0,0,0,0,0,0,0,0,50176,0,0,0,0,0,0,0,0,0,0,0,0,0,0,0,0,0,0,0,0,0,0,0,0,50176,0,0,0,0,0,0,0,0,0,0,0,0,0,0,0,0,0,0,TCGA-GM-A2DD-DX1_xmin47260_ymin22408_MPP-0.2500+229
0,0,0,0,0,0,50176,0,0,0,0,0,0,0,0,0,0,0,0,0,0,0,0,0,0,0,0,0,0,0,0,50176,0,0,0,0,0,0,0,0,0,0,0,0,0,0,0,0,0,0,0,0,0,0,0,0,50176,0,0,0,0,0,0,0,0,0,0,0,0,0,0,0,0,0,0,TCGA-GM-A2DD-DX1_xmin47260_ymin22408_MPP-0.2500+23
0,0,0,0,0,0,50176,0,0,0,0,0,0,0,0,0,0,0,0,0,0,0,0,0,0,0,0,0,0,0,4,50172,0,0,0,0,0,0,0,0,0,0,0,0,0,0,0,0,0,0,0,0,0,0,0,4,50172,0,0,0,0,0,0,0,0,0,0,0,0,0,0,0,0,0,0,TCGA-GM-A2DD-DX1_xmin47260_ymin22408_MPP-0.2500+230
0,7410,0,0,0,0,42766,0,0,0,0,0,0,0,0,0,0,0,0,0,0,0,0,0,0,0,7410,0,0,0,0,42766,0,0,0,0,0,0,0,0,0,0,0,0,0,0,0,0,0,0,0,7410,0,0,0,0,42766,0,0,0,0,0,0,0,0,0,0,0,0,0,0,0,0,0,0,TCGA-GM-A2DD-DX1_xmin47260_ymin22408_MPP-0.2500+231
8040,696,0,0,0,2666,38774,0,0,0,0,0,0,0,0,0,0,0,0,0,0,0,0,0,0,7953,783,0,0,0,2438,39002,0,0,0,0,0,0,0,0,0,0,0,0,0,0,0,0,0,0,7778,958,0,0,0,2202,39238,0,0,0,0,0,0,0,0,0,0,0,0,0,0,0,0,0,0,TCGA-GM-A2DD-DX1_xmin47260_ymin22408_MPP-0.2500+232
0,1783,0,0,0,0,48393,0,0,0,0,0,0,0,0,0,0,0,0,0,0,0,0,0,0,0,1783,0,0,0,0,48393,0,0,0,0,0,0,0,0,0,0,0,0,0,0,0,0,0,0,0,1783,0,0,0,0,48393,0,0,0,0,0,0,0,0,0,0,0,0,0,0,0,0,0,0,TCGA-GM-A2DD-DX1_xmin47260_ymin22408_MPP-0.2500+233
12833,1931,0,0,0,2636,32776,0,0,0,0,0,0,0,0,0,0,0,0,0,0,0,0,0,0,12940,1824,0,0,0,2683,32729,0,0,0,0,0,0,0,0,0,0,0,0,0,0,0,0,0,0,12955,1809,0,0,0,2716,32696,0,0,0,0,0,0,0,0,0,0,0,0,0,0,0,0,0,0,TCGA-GM-A2DD-DX1_xmin47260_ymin22408_MPP-0.2500+234
0,2184,0,0,0,0,47992,0,0,0,0,0,0,0,0,0,0,0,0,0,0,0,0,0,0,0,2184,0,0,0,0,47992,0,0,0,0,0,0,0,0,0,0,0,0,0,0,0,0,0,0,0,2184,0,0,0,0,47992,0,0,0,0,0,0,0,0,0,0,0,0,0,0,0,0,0,0,TCGA-GM-A2DD-DX1_xmin47260_ymin22408_MPP-0.2500+235
0,828,0,0,0,0,49348,0,0,0,0,0,0,0,0,0,0,0,0,0,0,0,0,0,0,0,828,0,0,0,0,49348,0,0,0,0,0,0,0,0,0,0,0,0,0,0,0,0,0,0,0,828,0,0,0,0,49348,0,0,0,0,0,0,0,0,0,0,0,0,0,0,0,0,0,0,TCGA-GM-A2DD-DX1_xmin47260_ymin22408_MPP-0.2500+236
0,44,0,0,0,0,50132,0,0,0,0,0,0,0,0,0,0,0,0,0,0,0,0,0,0,0,44,0,0,0,0,50132,0,0,0,0,0,0,0,0,0,0,0,0,0,0,0,0,0,0,0,44,0,0,0,0,50132,0,0,0,0,0,0,0,0,0,0,0,0,0,0,0,0,0,0,TCGA-GM-A2DD-DX1_xmin47260_ymin22408_MPP-0.2500+237
2152,41,0,0,0,4044,43939,0,0,0,0,0,0,0,0,0,0,0,0,0,0,0,0,0,0,2139,54,0,0,0,4347,43636,0,0,0,0,0,0,0,0,0,0,0,0,0,0,0,0,0,0,2156,37,0,0,0,5043,42940,0,0,0,0,0,0,0,0,0,0,0,0,0,0,0,0,0,0,TCGA-GM-A2DD-DX1_xmin47260_ymin22408_MPP-0.2500+238
0,0,0,0,0,0,50176,0,0,0,0,0,0,0,0,0,0,0,0,0,0,0,0,0,0,0,0,0,0,0,1,50175,0,0,0,0,0,0,0,0,0,0,0,0,0,0,0,0,0,0,0,0,0,0,0,0,50176,0,0,0,0,0,0,0,0,0,0,0,0,0,0,0,0,0,0,TCGA-GM-A2DD-DX1_xmin47260_ymin22408_MPP-0.2500+239
0,0,0,0,0,0,50176,0,0,0,0,0,0,0,0,0,0,0,0,0,0,0,0,0,0,0,0,0,0,0,0,50176,0,0,0,0,0,0,0,0,0,0,0,0,0,0,0,0,0,0,0,0,0,0,0,0,50176,0,0,0,0,0,0,0,0,0,0,0,0,0,0,0,0,0,0,TCGA-GM-A2DD-DX1_xmin47260_ymin22408_MPP-0.2500+24
0,0,0,0,0,0,50176,0,0,0,0,0,0,0,0,0,0,0,0,0,0,0,0,0,0,0,0,0,0,0,0,50176,0,0,0,0,0,0,0,0,0,0,0,0,0,0,0,0,0,0,0,0,0,0,0,0,50176,0,0,0,0,0,0,0,0,0,0,0,0,0,0,0,0,0,0,TCGA-GM-A2DD-DX1_xmin47260_ymin22408_MPP-0.2500+240
0,0,0,0,0,0,50176,0,0,0,0,0,0,0,0,0,0,0,0,0,0,0,0,0,0,0,0,0,0,0,0,50176,0,0,0,0,0,0,0,0,0,0,0,0,0,0,0,0,0,0,0,0,0,0,0,0,50176,0,0,0,0,0,0,0,0,0,0,0,0,0,0,0,0,0,0,TCGA-GM-A2DD-DX1_xmin47260_ymin22408_MPP-0.2500+241
0,0,0,0,0,0,50176,0,0,0,0,0,0,0,0,0,0,0,0,0,0,0,0,0,0,0,0,0,0,0,0,50176,0,0,0,0,0,0,0,0,0,0,0,0,0,0,0,0,0,0,0,0,0,0,0,0,50176,0,0,0,0,0,0,0,0,0,0,0,0,0,0,0,0,0,0,TCGA-GM-A2DD-DX1_xmin47260_ymin22408_MPP-0.2500+242
0,0,0,0,0,0,50176,0,0,0,0,0,0,0,0,0,0,0,0,0,0,0,0,0,0,0,0,0,0,0,0,50176,0,0,0,0,0,0,0,0,0,0,0,0,0,0,0,0,0,0,0,0,0,0,0,0,50176,0,0,0,0,0,0,0,0,0,0,0,0,0,0,0,0,0,0,TCGA-GM-A2DD-DX1_xmin47260_ymin22408_MPP-0.2500+243
0,0,0,0,0,0,50176,0,0,0,0,0,0,0,0,0,0,0,0,0,0,0,0,0,0,0,0,0,0,0,0,50176,0,0,0,0,0,0,0,0,0,0,0,0,0,0,0,0,0,0,0,0,0,0,0,0,50176,0,0,0,0,0,0,0,0,0,0,0,0,0,0,0,0,0,0,TCGA-GM-A2DD-DX1_xmin47260_ymin22408_MPP-0.2500+244
0,0,0,0,0,0,50176,0,0,0,0,0,0,0,0,0,0,0,0,0,0,0,0,0,0,0,0,0,0,0,0,50176,0,0,0,0,0,0,0,0,0,0,0,0,0,0,0,0,0,0,0,0,0,0,0,0,50176,0,0,0,0,0,0,0,0,0,0,0,0,0,0,0,0,0,0,TCGA-GM-A2DD-DX1_xmin47260_ymin22408_MPP-0.2500+245
0,1,0,0,0,0,50175,0,0,0,0,0,0,0,0,0,0,0,0,0,0,0,0,0,0,0,1,0,0,0,0,50175,0,0,0,0,0,0,0,0,0,0,0,0,0,0,0,0,0,0,0,1,0,0,0,0,50175,0,0,0,0,0,0,0,0,0,0,0,0,0,0,0,0,0,0,TCGA-GM-A2DD-DX1_xmin47260_ymin22408_MPP-0.2500+246
2641,3182,0,0,0,4261,40092,0,0,0,0,0,0,0,0,0,0,0,0,0,0,0,0,0,0,2392,3431,0,0,0,4216,40137,0,0,0,0,0,0,0,0,0,0,0,0,0,0,0,0,0,0,2558,3265,0,0,0,4241,40112,0,0,0,0,0,0,0,0,0,0,0,0,0,0,0,0,0,0,TCGA-GM-A2DD-DX1_xmin47260_ymin22408_MPP-0.2500+247
32835,2546,0,0,0,0,14795,0,0,0,0,0,0,0,0,0,0,0,0,0,0,0,0,0,0,33347,2034,0,0,0,0,14795,0,0,0,0,0,0,0,0,0,0,0,0,0,0,0,0,0,0,33161,2220,0,0,0,0,14795,0,0,0,0,0,0,0,0,0,0,0,0,0,0,0,0,0,0,TCGA-GM-A2DD-DX1_xmin47260_ymin22408_MPP-0.2500+248
48638,0,0,0,0,1538,0,0,0,0,0,0,0,0,0,0,0,0,0,0,0,0,0,0,0,48638,0,0,0,0,1538,0,0,0,0,0,0,0,0,0,0,0,0,0,0,0,0,0,0,0,48638,0,0,0,0,1538,0,0,0,0,0,0,0,0,0,0,0,0,0,0,0,0,0,0,0,TCGA-GM-A2DD-DX1_xmin47260_ymin22408_MPP-0.2500+249
0,0,0,0,0,0,50176,0,0,0,0,0,0,0,0,0,0,0,0,0,0,0,0,0,0,0,0,0,0,0,0,50176,0,0,0,0,0,0,0,0,0,0,0,0,0,0,0,0,0,0,0,0,0,0,0,0,50176,0,0,0,0,0,0,0,0,0,0,0,0,0,0,0,0,0,0,TCGA-GM-A2DD-DX1_xmin47260_ymin22408_MPP-0.2500+25
0,2745,0,0,0,0,47431,0,0,0,0,0,0,0,0,0,0,0,0,0,0,0,0,0,0,0,2745,0,0,0,0,47431,0,0,0,0,0,0,0,0,0,0,0,0,0,0,0,0,0,0,0,2745,0,0,0,0,47431,0,0,0,0,0,0,0,0,0,0,0,0,0,0,0,0,0,0,TCGA-GM-A2DD-DX1_xmin47260_ymin22408_MPP-0.2500+250
0,0,0,0,0,0,50176,0,0,0,0,0,0,0,0,0,0,0,0,0,0,0,0,0,0,0,0,0,0,0,0,50176,0,0,0,0,0,0,0,0,0,0,0,0,0,0,0,0,0,0,0,0,0,0,0,0,50176,0,0,0,0,0,0,0,0,0,0,0,0,0,0,0,0,0,0,TCGA-GM-A2DD-DX1_xmin47260_ymin22408_MPP-0.2500+251
0,0,0,0,0,0,50176,0,0,0,0,0,0,0,0,0,0,0,0,0,0,0,0,0,0,0,0,0,0,0,0,50176,0,0,0,0,0,0,0,0,0,0,0,0,0,0,0,0,0,0,0,0,0,0,0,0,50176,0,0,0,0,0,0,0,0,0,0,0,0,0,0,0,0,0,0,TCGA-GM-A2DD-DX1_xmin47260_ymin22408_MPP-0.2500+252
0,0,0,0,0,0,50176,0,0,0,0,0,0,0,0,0,0,0,0,0,0,0,0,0,0,0,0,0,0,0,0,50176,0,0,0,0,0,0,0,0,0,0,0,0,0,0,0,0,0,0,0,0,0,0,0,0,50176,0,0,0,0,0,0,0,0,0,0,0,0,0,0,0,0,0,0,TCGA-GM-A2DD-DX1_xmin47260_ymin22408_MPP-0.2500+253
0,368,0,0,0,0,49808,0,0,0,0,0,0,0,0,0,0,0,0,0,0,0,0,0,0,0,368,0,0,0,0,49808,0,0,0,0,0,0,0,0,0,0,0,0,0,0,0,0,0,0,0,368,0,0,0,0,49808,0,0,0,0,0,0,0,0,0,0,0,0,0,0,0,0,0,0,TCGA-GM-A2DD-DX1_xmin47260_ymin22408_MPP-0.2500+254
16,5589,0,0,0,0,44571,0,0,0,0,0,0,0,0,0,0,0,0,0,0,0,0,0,0,16,5589,0,0,0,0,44571,0,0,0,0,0,0,0,0,0,0,0,0,0,0,0,0,0,0,16,5589,0,0,0,0,44571,0,0,0,0,0,0,0,0,0,0,0,0,0,0,0,0,0,0,TCGA-GM-A2DD-DX1_xmin47260_ymin22408_MPP-0.2500+255
0,17187,0,0,0,0,32989,0,0,0,0,0,0,0,0,0,0,0,0,0,0,0,0,0,0,0,17187,0,0,0,0,32989,0,0,0,0,0,0,0,0,0,0,0,0,0,0,0,0,0,0,0,17187,0,0,0,0,32989,0,0,0,0,0,0,0,0,0,0,0,0,0,0,0,0,0,0,TCGA-GM-A2DD-DX1_xmin47260_ymin22408_MPP-0.2500+256
0,5929,0,0,0,0,44247,0,0,0,0,0,0,0,0,0,0,0,0,0,0,0,0,0,0,0,5929,0,0,0,0,44247,0,0,0,0,0,0,0,0,0,0,0,0,0,0,0,0,0,0,0,5929,0,0,0,0,44247,0,0,0,0,0,0,0,0,0,0,0,0,0,0,0,0,0,0,TCGA-GM-A2DD-DX1_xmin47260_ymin22408_MPP-0.2500+257
0,0,0,0,0,0,50176,0,0,0,0,0,0,0,0,0,0,0,0,0,0,0,0,0,0,0,0,0,0,0,0,50176,0,0,0,0,0,0,0,0,0,0,0,0,0,0,0,0,0,0,0,0,0,0,0,0,50176,0,0,0,0,0,0,0,0,0,0,0,0,0,0,0,0,0,0,TCGA-GM-A2DD-DX1_xmin47260_ymin22408_MPP-0.2500+258
0,0,0,0,0,0,50176,0,0,0,0,0,0,0,0,0,0,0,0,0,0,0,0,0,0,0,0,0,0,0,0,50176,0,0,0,0,0,0,0,0,0,0,0,0,0,0,0,0,0,0,0,0,0,0,0,0,50176,0,0,0,0,0,0,0,0,0,0,0,0,0,0,0,0,0,0,TCGA-GM-A2DD-DX1_xmin47260_ymin22408_MPP-0.2500+259
0,0,0,0,0,0,50176,0,0,0,0,0,0,0,0,0,0,0,0,0,0,0,0,0,0,0,0,0,0,0,0,50176,0,0,0,0,0,0,0,0,0,0,0,0,0,0,0,0,0,0,0,0,0,0,0,0,50176,0,0,0,0,0,0,0,0,0,0,0,0,0,0,0,0,0,0,TCGA-GM-A2DD-DX1_xmin47260_ymin22408_MPP-0.2500+26
0,0,0,0,0,0,44530,0,0,0,0,0,0,0,0,0,0,0,0,0,0,0,0,0,5646,0,0,0,0,0,0,44530,0,0,0,0,0,0,0,0,0,0,0,0,0,0,0,0,0,5646,0,0,0,0,0,0,44530,0,0,0,0,0,0,0,0,0,0,0,0,0,0,0,0,0,5646,TCGA-GM-A2DD-DX1_xmin47260_ymin22408_MPP-0.2500+260
0,0,0,0,0,0,33174,0,0,0,0,0,0,0,0,0,0,0,0,0,0,0,0,0,17002,0,0,0,0,0,0,33174,0,0,0,0,0,0,0,0,0,0,0,0,0,0,0,0,0,17002,0,0,0,0,0,0,33174,0,0,0,0,0,0,0,0,0,0,0,0,0,0,0,0,0,17002,TCGA-GM-A2DD-DX1_xmin47260_ymin22408_MPP-0.2500+261
0,8,0,0,0,0,50168,0,0,0,0,0,0,0,0,0,0,0,0,0,0,0,0,0,0,0,8,0,0,0,0,50168,0,0,0,0,0,0,0,0,0,0,0,0,0,0,0,0,0,0,0,8,0,0,0,0,50168,0,0,0,0,0,0,0,0,0,0,0,0,0,0,0,0,0,0,TCGA-GM-A2DD-DX1_xmin47260_ymin22408_MPP-0.2500+262
17724,1435,0,0,0,1283,29734,0,0,0,0,0,0,0,0,0,0,0,0,0,0,0,0,0,0,17707,1452,0,0,0,1161,29856,0,0,0,0,0,0,0,0,0,0,0,0,0,0,0,0,0,0,17601,1558,0,0,0,1311,29706,0,0,0,0,0,0,0,0,0,0,0,0,0,0,0,0,0,0,TCGA-GM-A2DD-DX1_xmin47260_ymin22408_MPP-0.2500+263
14824,10240,0,0,0,29,25083,0,0,0,0,0,0,0,0,0,0,0,0,0,0,0,0,0,0,14707,10357,0,0,0,39,25073,0,0,0,0,0,0,0,0,0,0,0,0,0,0,0,0,0,0,15371,9693,0,0,0,48,25064,0,0,0,0,0,0,0,0,0,0,0,0,0,0,0,0,0,0,TCGA-GM-A2DD-DX1_xmin47260_ymin22408_MPP-0.2500+264
0,0,0,0,0,0,50176,0,0,0,0,0,0,0,0,0,0,0,0,0,0,0,0,0,0,0,0,0,0,0,0,50176,0,0,0,0,0,0,0,0,0,0,0,0,0,0,0,0,0,0,0,0,0,0,0,0,50176,0,0,0,0,0,0,0,0,0,0,0,0,0,0,0,0,0,0,TCGA-GM-A2DD-DX1_xmin47260_ymin22408_MPP-0.2500+265
0,0,0,0,0,0,50176,0,0,0,0,0,0,0,0,0,0,0,0,0,0,0,0,0,0,0,0,0,0,0,0,50176,0,0,0,0,0,0,0,0,0,0,0,0,0,0,0,0,0,0,0,0,0,0,0,0,50176,0,0,0,0,0,0,0,0,0,0,0,0,0,0,0,0,0,0,TCGA-GM-A2DD-DX1_xmin47260_ymin22408_MPP-0.2500+266
0,0,0,0,0,0,50176,0,0,0,0,0,0,0,0,0,0,0,0,0,0,0,0,0,0,0,0,0,0,0,0,50176,0,0,0,0,0,0,0,0,0,0,0,0,0,0,0,0,0,0,0,0,0,0,0,0,50176,0,0,0,0,0,0,0,0,0,0,0,0,0,0,0,0,0,0,TCGA-GM-A2DD-DX1_xmin47260_ymin22408_MPP-0.2500+267
0,0,0,0,0,0,50176,0,0,0,0,0,0,0,0,0,0,0,0,0,0,0,0,0,0,0,0,0,0,0,0,50176,0,0,0,0,0,0,0,0,0,0,0,0,0,0,0,0,0,0,0,0,0,0,0,0,50176,0,0,0,0,0,0,0,0,0,0,0,0,0,0,0,0,0,0,TCGA-GM-A2DD-DX1_xmin47260_ymin22408_MPP-0.2500+268
25497,8560,0,0,0,1834,14285,0,0,0,0,0,0,0,0,0,0,0,0,0,0,0,0,0,0,25770,8287,0,0,0,1867,14252,0,0,0,0,0,0,0,0,0,0,0,0,0,0,0,0,0,0,25863,8194,0,0,0,1971,14148,0,0,0,0,0,0,0,0,0,0,0,0,0,0,0,0,0,0,TCGA-GM-A2DD-DX1_xmin47260_ymin22408_MPP-0.2500+269
0,0,0,0,0,0,29767,0,0,0,0,0,0,0,0,0,0,0,0,0,0,0,0,0,20409,0,0,0,0,0,0,29767,0,0,0,0,0,0,0,0,0,0,0,0,0,0,0,0,0,20409,0,0,0,0,0,0,29767,0,0,0,0,0,0,0,0,0,0,0,0,0,0,0,0,0,20409,TCGA-GM-A2DD-DX1_xmin47260_ymin22408_MPP-0.2500+27
28390,7843,0,0,0,0,13943,0,0,0,0,0,0,0,0,0,0,0,0,0,0,0,0,0,0,28352,7881,0,0,0,0,13943,0,0,0,0,0,0,0,0,0,0,0,0,0,0,0,0,0,0,28485,7748,0,0,0,0,13943,0,0,0,0,0,0,0,0,0,0,0,0,0,0,0,0,0,0,TCGA-GM-A2DD-DX1_xmin47260_ymin22408_MPP-0.2500+270
50176,0,0,0,0,0,0,0,0,0,0,0,0,0,0,0,0,0,0,0,0,0,0,0,0,50176,0,0,0,0,0,0,0,0,0,0,0,0,0,0,0,0,0,0,0,0,0,0,0,0,50176,0,0,0,0,0,0,0,0,0,0,0,0,0,0,0,0,0,0,0,0,0,0,0,0,TCGA-GM-A2DD-DX1_xmin47260_ymin22408_MPP-0.2500+271
27079,11540,0,0,0,563,10994,0,0,0,0,0,0,0,0,0,0,0,0,0,0,0,0,0,0,27514,11105,0,0,0,642,10915,0,0,0,0,0,0,0,0,0,0,0,0,0,0,0,0,0,0,26893,11726,0,0,0,669,10888,0,0,0,0,0,0,0,0,0,0,0,0,0,0,0,0,0,0,TCGA-GM-A2DD-DX1_xmin47260_ymin22408_MPP-0.2500+272
7436,4719,0,0,0,2827,35194,0,0,0,0,0,0,0,0,0,0,0,0,0,0,0,0,0,0,0,12155,0,0,0,0,38021,0,0,0,0,0,0,0,0,0,0,0,0,0,0,0,0,0,0,0,12155,0,0,0,0,38021,0,0,0,0,0,0,0,0,0,0,0,0,0,0,0,0,0,0,TCGA-GM-A2DD-DX1_xmin47260_ymin22408_MPP-0.2500+273
0,0,0,0,0,0,50176,0,0,0,0,0,0,0,0,0,0,0,0,0,0,0,0,0,0,0,0,0,0,0,0,50176,0,0,0,0,0,0,0,0,0,0,0,0,0,0,0,0,0,0,0,0,0,0,0,0,50176,0,0,0,0,0,0,0,0,0,0,0,0,0,0,0,0,0,0,TCGA-GM-A2DD-DX1_xmin47260_ymin22408_MPP-0.2500+274
0,0,0,0,0,0,38485,0,0,0,0,0,0,0,0,0,0,0,0,0,0,0,0,0,11691,0,0,0,0,0,0,38485,0,0,0,0,0,0,0,0,0,0,0,0,0,0,0,0,0,11691,0,0,0,0,0,0,38485,0,0,0,0,0,0,0,0,0,0,0,0,0,0,0,0,0,11691,TCGA-GM-A2DD-DX1_xmin47260_ymin22408_MPP-0.2500+275
0,0,0,0,0,0,42206,0,0,0,0,0,0,0,0,0,0,0,0,0,0,0,0,0,7970,0,0,0,0,0,0,42206,0,0,0,0,0,0,0,0,0,0,0,0,0,0,0,0,0,7970,0,0,0,0,0,0,42206,0,0,0,0,0,0,0,0,0,0,0,0,0,0,0,0,0,7970,TCGA-GM-A2DD-DX1_xmin47260_ymin22408_MPP-0.2500+276
0,0,0,0,0,0,50176,0,0,0,0,0,0,0,0,0,0,0,0,0,0,0,0,0,0,0,0,0,0,0,0,50176,0,0,0,0,0,0,0,0,0,0,0,0,0,0,0,0,0,0,0,0,0,0,0,0,50176,0,0,0,0,0,0,0,0,0,0,0,0,0,0,0,0,0,0,TCGA-GM-A2DD-DX1_xmin47260_ymin22408_MPP-0.2500+277
0,5,0,0,0,0,50171,0,0,0,0,0,0,0,0,0,0,0,0,0,0,0,0,0,0,0,5,0,0,0,0,50171,0,0,0,0,0,0,0,0,0,0,0,0,0,0,0,0,0,0,0,5,0,0,0,0,50171,0,0,0,0,0,0,0,0,0,0,0,0,0,0,0,0,0,0,TCGA-GM-A2DD-DX1_xmin47260_ymin22408_MPP-0.2500+278
0,2563,0,0,0,0,47613,0,0,0,0,0,0,0,0,0,0,0,0,0,0,0,0,0,0,0,2563,0,0,0,0,47613,0,0,0,0,0,0,0,0,0,0,0,0,0,0,0,0,0,0,0,2563,0,0,0,0,47613,0,0,0,0,0,0,0,0,0,0,0,0,0,0,0,0,0,0,TCGA-GM-A2DD-DX1_xmin47260_ymin22408_MPP-0.2500+279
0,0,0,0,0,0,49781,0,0,0,0,0,0,0,0,0,0,0,0,0,0,0,0,0,395,0,0,0,0,0,0,49781,0,0,0,0,0,0,0,0,0,0,0,0,0,0,0,0,0,395,0,0,0,0,0,0,49781,0,0,0,0,0,0,0,0,0,0,0,0,0,0,0,0,0,395,TCGA-GM-A2DD-DX1_xmin47260_ymin22408_MPP-0.2500+28
0,0,0,0,0,0,50176,0,0,0,0,0,0,0,0,0,0,0,0,0,0,0,0,0,0,0,0,0,0,0,0,50176,0,0,0,0,0,0,0,0,0,0,0,0,0,0,0,0,0,0,0,0,0,0,0,0,50176,0,0,0,0,0,0,0,0,0,0,0,0,0,0,0,0,0,0,TCGA-GM-A2DD-DX1_xmin47260_ymin22408_MPP-0.2500+280
0,0,0,0,0,0,50176,0,0,0,0,0,0,0,0,0,0,0,0,0,0,0,0,0,0,0,0,0,0,0,0,50176,0,0,0,0,0,0,0,0,0,0,0,0,0,0,0,0,0,0,0,0,0,0,0,0,50176,0,0,0,0,0,0,0,0,0,0,0,0,0,0,0,0,0,0,TCGA-GM-A2DD-DX1_xmin47260_ymin22408_MPP-0.2500+281
0,0,0,0,0,0,50176,0,0,0,0,0,0,0,0,0,0,0,0,0,0,0,0,0,0,0,0,0,0,0,0,50176,0,0,0,0,0,0,0,0,0,0,0,0,0,0,0,0,0,0,0,0,0,0,0,0,50176,0,0,0,0,0,0,0,0,0,0,0,0,0,0,0,0,0,0,TCGA-GM-A2DD-DX1_xmin47260_ymin22408_MPP-0.2500+282
19514,6988,0,0,0,4156,19518,0,0,0,0,0,0,0,0,0,0,0,0,0,0,0,0,0,0,19882,6620,0,0,0,4289,19385,0,0,0,0,0,0,0,0,0,0,0,0,0,0,0,0,0,0,19690,6812,0,0,0,4113,19561,0,0,0,0,0,0,0,0,0,0,0,0,0,0,0,0,0,0,TCGA-GM-A2DD-DX1_xmin47260_ymin22408_MPP-0.2500+283
50107,0,0,0,0,69,0,0,0,0,0,0,0,0,0,0,0,0,0,0,0,0,0,0,0,50107,0,0,0,0,69,0,0,0,0,0,0,0,0,0,0,0,0,0,0,0,0,0,0,0,50107,0,0,0,0,69,0,0,0,0,0,0,0,0,0,0,0,0,0,0,0,0,0,0,0,TCGA-GM-A2DD-DX1_xmin47260_ymin22408_MPP-0.2500+284
30148,2193,0,0,0,353,11715,0,0,0,0,0,0,0,0,0,0,0,0,0,0,0,0,0,5767,30130,2211,0,0,0,320,11748,0,0,0,0,0,0,0,0,0,0,0,0,0,0,0,0,0,5767,29873,2468,0,0,0,325,11743,0,0,0,0,0,0,0,0,0,0,0,0,0,0,0,0,0,5767,TCGA-GM-A2DD-DX1_xmin47260_ymin22408_MPP-0.2500+285
49674,0,0,0,0,0,0,0,0,0,0,0,0,0,0,0,0,0,0,0,0,0,0,0,502,49674,0,0,0,0,0,0,0,0,0,0,0,0,0,0,0,0,0,0,0,0,0,0,0,502,49674,0,0,0,0,0,0,0,0,0,0,0,0,0,0,0,0,0,0,0,0,0,0,0,502,TCGA-GM-A2DD-DX1_xmin47260_ymin22408_MPP-0.2500+286
37083,0,0,0,0,1957,0,0,0,0,0,0,0,0,0,0,0,0,0,0,0,0,0,0,11136,37083,0,0,0,0,1957,0,0,0,0,0,0,0,0,0,0,0,0,0,0,0,0,0,0,11136,37083,0,0,0,0,1957,0,0,0,0,0,0,0,0,0,0,0,0,0,0,0,0,0,0,11136,TCGA-GM-A2DD-DX1_xmin47260_ymin22408_MPP-0.2500+287
35006,1640,0,0,0,3717,9813,0,0,0,0,0,0,0,0,0,0,0,0,0,0,0,0,0,0,35192,1454,0,0,0,3758,9772,0,0,0,0,0,0,0,0,0,0,0,0,0,0,0,0,0,0,34981,1665,0,0,0,3626,9904,0,0,0,0,0,0,0,0,0,0,0,0,0,0,0,0,0,0,TCGA-GM-A2DD-DX1_xmin47260_ymin22408_MPP-0.2500+288
0,418,0,0,0,0,49758,0,0,0,0,0,0,0,0,0,0,0,0,0,0,0,0,0,0,0,418,0,0,0,0,49758,0,0,0,0,0,0,0,0,0,0,0,0,0,0,0,0,0,0,0,418,0,0,0,0,49758,0,0,0,0,0,0,0,0,0,0,0,0,0,0,0,0,0,0,TCGA-GM-A2DD-DX1_xmin47260_ymin22408_MPP-0.2500+289
0,0,0,0,0,0,50176,0,0,0,0,0,0,0,0,0,0,0,0,0,0,0,0,0,0,0,0,0,0,0,0,50176,0,0,0,0,0,0,0,0,0,0,0,0,0,0,0,0,0,0,0,0,0,0,0,0,50176,0,0,0,0,0,0,0,0,0,0,0,0,0,0,0,0,0,0,TCGA-GM-A2DD-DX1_xmin47260_ymin22408_MPP-0.2500+29
0,3588,0,0,0,0,46588,0,0,0,0,0,0,0,0,0,0,0,0,0,0,0,0,0,0,0,3588,0,0,0,0,46588,0,0,0,0,0,0,0,0,0,0,0,0,0,0,0,0,0,0,0,3588,0,0,0,0,46588,0,0,0,0,0,0,0,0,0,0,0,0,0,0,0,0,0,0,TCGA-GM-A2DD-DX1_xmin47260_ymin22408_MPP-0.2500+290
0,0,0,0,0,0,48404,0,0,0,0,0,0,0,0,0,0,0,0,0,0,0,0,0,1772,0,0,0,0,0,0,48404,0,0,0,0,0,0,0,0,0,0,0,0,0,0,0,0,0,1772,0,0,0,0,0,0,48404,0,0,0,0,0,0,0,0,0,0,0,0,0,0,0,0,0,1772,TCGA-GM-A2DD-DX1_xmin47260_ymin22408_MPP-0.2500+291
0,0,0,0,0,0,50176,0,0,0,0,0,0,0,0,0,0,0,0,0,0,0,0,0,0,0,0,0,0,0,0,50176,0,0,0,0,0,0,0,0,0,0,0,0,0,0,0,0,0,0,0,0,0,0,0,0,50176,0,0,0,0,0,0,0,0,0,0,0,0,0,0,0,0,0,0,TCGA-GM-A2DD-DX1_xmin47260_ymin22408_MPP-0.2500+292
0,0,0,0,0,0,50176,0,0,0,0,0,0,0,0,0,0,0,0,0,0,0,0,0,0,0,0,0,0,0,1,50175,0,0,0,0,0,0,0,0,0,0,0,0,0,0,0,0,0,0,0,0,0,0,0,0,50176,0,0,0,0,0,0,0,0,0,0,0,0,0,0,0,0,0,0,TCGA-GM-A2DD-DX1_xmin47260_ymin22408_MPP-0.2500+293
0,0,0,0,0,0,50176,0,0,0,0,0,0,0,0,0,0,0,0,0,0,0,0,0,0,0,0,0,0,0,0,50176,0,0,0,0,0,0,0,0,0,0,0,0,0,0,0,0,0,0,0,0,0,0,0,0,50176,0,0,0,0,0,0,0,0,0,0,0,0,0,0,0,0,0,0,TCGA-GM-A2DD-DX1_xmin47260_ymin22408_MPP-0.2500+294
0,0,0,0,0,0,50176,0,0,0,0,0,0,0,0,0,0,0,0,0,0,0,0,0,0,0,0,0,0,0,0,50176,0,0,0,0,0,0,0,0,0,0,0,0,0,0,0,0,0,0,0,0,0,0,0,0,50176,0,0,0,0,0,0,0,0,0,0,0,0,0,0,0,0,0,0,TCGA-GM-A2DD-DX1_xmin47260_ymin22408_MPP-0.2500+295
0,1017,0,0,0,0,49159,0,0,0,0,0,0,0,0,0,0,0,0,0,0,0,0,0,0,0,1017,0,0,0,0,49159,0,0,0,0,0,0,0,0,0,0,0,0,0,0,0,0,0,0,0,1017,0,0,0,0,49159,0,0,0,0,0,0,0,0,0,0,0,0,0,0,0,0,0,0,TCGA-GM-A2DD-DX1_xmin47260_ymin22408_MPP-0.2500+296
23870,4585,0,0,0,632,21089,0,0,0,0,0,0,0,0,0,0,0,0,0,0,0,0,0,0,23808,4647,0,0,0,632,21089,0,0,0,0,0,0,0,0,0,0,0,0,0,0,0,0,0,0,23701,4754,0,0,0,632,21089,0,0,0,0,0,0,0,0,0,0,0,0,0,0,0,0,0,0,TCGA-GM-A2DD-DX1_xmin47260_ymin22408_MPP-0.2500+297
38673,4327,0,0,0,57,7119,0,0,0,0,0,0,0,0,0,0,0,0,0,0,0,0,0,0,39081,3919,0,0,0,95,7081,0,0,0,0,0,0,0,0,0,0,0,0,0,0,0,0,0,0,39115,3885,0,0,0,81,7095,0,0,0,0,0,0,0,0,0,0,0,0,0,0,0,0,0,0,TCGA-GM-A2DD-DX1_xmin47260_ymin22408_MPP-0.2500+298
49460,0,0,0,0,716,0,0,0,0,0,0,0,0,0,0,0,0,0,0,0,0,0,0,0,49460,0,0,0,0,716,0,0,0,0,0,0,0,0,0,0,0,0,0,0,0,0,0,0,0,49460,0,0,0,0,716,0,0,0,0,0,0,0,0,0,0,0,0,0,0,0,0,0,0,0,TCGA-GM-A2DD-DX1_xmin47260_ymin22408_MPP-0.2500+299
0,0,0,0,0,0,50176,0,0,0,0,0,0,0,0,0,0,0,0,0,0,0,0,0,0,0,0,0,0,0,0,50176,0,0,0,0,0,0,0,0,0,0,0,0,0,0,0,0,0,0,0,0,0,0,0,0,50176,0,0,0,0,0,0,0,0,0,0,0,0,0,0,0,0,0,0,TCGA-GM-A2DD-DX1_xmin47260_ymin22408_MPP-0.2500+3
1309,897,0,0,0,222,19165,139,0,0,0,15832,12612,0,0,0,0,0,0,0,0,0,0,0,0,1290,916,0,0,0,223,19264,39,0,0,0,16015,12429,0,0,0,0,0,0,0,0,0,0,0,0,1204,1002,0,0,0,186,19340,0,0,0,0,16357,12087,0,0,0,0,0,0,0,0,0,0,0,0,TCGA-GM-A2DD-DX1_xmin47260_ymin22408_MPP-0.2500+30
9112,2293,0,0,0,4631,22210,0,0,0,0,0,0,0,0,0,0,0,0,0,0,0,0,0,11930,9045,2360,0,0,0,4574,22267,0,0,0,0,0,0,0,0,0,0,0,0,0,0,0,0,0,11930,9108,2297,0,0,0,4817,22024,0,0,0,0,0,0,0,0,0,0,0,0,0,0,0,0,0,11930,TCGA-GM-A2DD-DX1_xmin47260_ymin22408_MPP-0.2500+300
28188,1540,0,0,0,2688,9768,0,0,0,0,0,0,0,0,0,0,0,0,0,0,0,0,0,7992,28210,1518,0,0,0,2666,9790,0,0,0,0,0,0,0,0,0,0,0,0,0,0,0,0,0,7992,28221,1507,0,0,0,2708,9748,0,0,0,0,0,0,0,0,0,0,0,0,0,0,0,0,0,7992,TCGA-GM-A2DD-DX1_xmin47260_ymin22408_MPP-0.2500+301
16547,282,0,0,0,5345,10527,0,0,0,0,0,0,0,0,0,0,0,0,0,0,0,0,0,17475,16547,282,0,0,0,4816,11056,0,0,0,0,0,0,0,0,0,0,0,0,0,0,0,0,0,17475,16547,282,0,0,0,5414,10458,0,0,0,0,0,0,0,0,0,0,0,0,0,0,0,0,0,17475,TCGA-GM-A2DD-DX1_xmin47260_ymin22408_MPP-0.2500+302
14297,3126,0,0,0,3680,29073,0,0,0,0,0,0,0,0,0,0,0,0,0,0,0,0,0,0,14426,2997,0,0,0,3696,29057,0,0,0,0,0,0,0,0,0,0,0,0,0,0,0,0,0,0,14327,3096,0,0,0,3841,28912,0,0,0,0,0,0,0,0,0,0,0,0,0,0,0,0,0,0,TCGA-GM-A2DD-DX1_xmin47260_ymin22408_MPP-0.2500+303
0,11328,0,0,0,0,38848,0,0,0,0,0,0,0,0,0,0,0,0,0,0,0,0,0,0,0,11328,0,0,0,0,38848,0,0,0,0,0,0,0,0,0,0,0,0,0,0,0,0,0,0,0,11328,0,0,0,0,38848,0,0,0,0,0,0,0,0,0,0,0,0,0,0,0,0,0,0,TCGA-GM-A2DD-DX1_xmin47260_ymin22408_MPP-0.2500+304
10254,4017,0,0,0,2616,33289,0,0,0,0,0,0,0,0,0,0,0,0,0,0,0,0,0,0,10398,3873,0,0,0,2935,32970,0,0,0,0,0,0,0,0,0,0,0,0,0,0,0,0,0,0,10274,3997,0,0,0,2767,33138,0,0,0,0,0,0,0,0,0,0,0,0,0,0,0,0,0,0,TCGA-GM-A2DD-DX1_xmin47260_ymin22408_MPP-0.2500+305
0,12925,0,0,0,0,23454,0,0,0,0,0,0,0,0,0,0,0,0,0,0,0,0,0,13797,0,12925,0,0,0,0,23454,0,0,0,0,0,0,0,0,0,0,0,0,0,0,0,0,0,13797,0,12925,0,0,0,0,23454,0,0,0,0,0,0,0,0,0,0,0,0,0,0,0,0,0,13797,TCGA-GM-A2DD-DX1_xmin47260_ymin22408_MPP-0.2500+306
0,0,0,0,0,0,41681,0,0,0,0,0,0,0,0,0,0,0,0,0,0,0,0,0,8495,0,0,0,0,0,0,41681,0,0,0,0,0,0,0,0,0,0,0,0,0,0,0,0,0,8495,0,0,0,0,0,0,41681,0,0,0,0,0,0,0,0,0,0,0,0,0,0,0,0,0,8495,TCGA-GM-A2DD-DX1_xmin47260_ymin22408_MPP-0.2500+307
0,0,0,0,0,0,38848,0,0,0,0,0,0,0,0,0,0,0,0,0,0,0,0,0,11328,0,0,0,0,0,0,38848,0,0,0,0,0,0,0,0,0,0,0,0,0,0,0,0,0,11328,0,0,0,0,0,0,38848,0,0,0,0,0,0,0,0,0,0,0,0,0,0,0,0,0,11328,TCGA-GM-A2DD-DX1_xmin47260_ymin22408_MPP-0.2500+308
0,0,0,0,0,0,50176,0,0,0,0,0,0,0,0,0,0,0,0,0,0,0,0,0,0,0,0,0,0,0,0,50176,0,0,0,0,0,0,0,0,0,0,0,0,0,0,0,0,0,0,0,0,0,0,0,0,50176,0,0,0,0,0,0,0,0,0,0,0,0,0,0,0,0,0,0,TCGA-GM-A2DD-DX1_xmin47260_ymin22408_MPP-0.2500+309
0,0,0,0,0,0,7783,0,0,0,0,13476,28917,0,0,0,0,0,0,0,0,0,0,0,0,0,0,0,0,0,0,7783,0,0,0,0,13155,29238,0,0,0,0,0,0,0,0,0,0,0,0,0,0,0,0,0,0,7783,0,0,0,0,13144,29249,0,0,0,0,0,0,0,0,0,0,0,0,TCGA-GM-A2DD-DX1_xmin47260_ymin22408_MPP-0.2500+31
0,0,0,0,0,0,50176,0,0,0,0,0,0,0,0,0,0,0,0,0,0,0,0,0,0,0,0,0,0,0,0,50176,0,0,0,0,0,0,0,0,0,0,0,0,0,0,0,0,0,0,0,0,0,0,0,0,50176,0,0,0,0,0,0,0,0,0,0,0,0,0,0,0,0,0,0,TCGA-GM-A2DD-DX1_xmin47260_ymin22408_MPP-0.2500+310
0,16221,0,0,0,0,33955,0,0,0,0,0,0,0,0,0,0,0,0,0,0,0,0,0,0,0,16221,0,0,0,0,33955,0,0,0,0,0,0,0,0,0,0,0,0,0,0,0,0,0,0,0,16221,0,0,0,0,33955,0,0,0,0,0,0,0,0,0,0,0,0,0,0,0,0,0,0,TCGA-GM-A2DD-DX1_xmin47260_ymin22408_MPP-0.2500+311
31389,6144,0,0,0,1026,11617,0,0,0,0,0,0,0,0,0,0,0,0,0,0,0,0,0,0,31776,5757,0,0,0,1189,11454,0,0,0,0,0,0,0,0,0,0,0,0,0,0,0,0,0,0,31623,5910,0,0,0,1078,11565,0,0,0,0,0,0,0,0,0,0,0,0,0,0,0,0,0,0,TCGA-GM-A2DD-DX1_xmin47260_ymin22408_MPP-0.2500+312
26664,4343,0,0,0,0,19169,0,0,0,0,0,0,0,0,0,0,0,0,0,0,0,0,0,0,27003,4004,0,0,0,0,19169,0,0,0,0,0,0,0,0,0,0,0,0,0,0,0,0,0,0,26659,4348,0,0,0,0,19169,0,0,0,0,0,0,0,0,0,0,0,0,0,0,0,0,0,0,TCGA-GM-A2DD-DX1_xmin47260_ymin22408_MPP-0.2500+313
31297,12531,0,0,0,102,6246,0,0,0,0,0,0,0,0,0,0,0,0,0,0,0,0,0,0,32158,11670,0,0,0,66,6282,0,0,0,0,0,0,0,0,0,0,0,0,0,0,0,0,0,0,32891,10937,0,0,0,102,6246,0,0,0,0,0,0,0,0,0,0,0,0,0,0,0,0,0,0,TCGA-GM-A2DD-DX1_xmin47260_ymin22408_MPP-0.2500+314
6292,0,0,0,0,9036,6694,0,0,0,0,0,0,0,0,15621,3506,0,0,0,0,0,0,0,9027,6292,0,0,0,0,8852,6878,0,0,0,0,0,0,0,0,15211,3916,0,0,0,0,0,0,0,9027,6292,0,0,0,0,8987,6743,0,0,0,0,0,0,0,0,15994,3133,0,0,0,0,0,0,0,9027,TCGA-GM-A2DD-DX1_xmin47260_ymin22408_MPP-0.2500+315
0,6831,0,0,0,0,35308,0,0,0,0,0,0,0,0,0,0,0,0,0,0,0,0,0,8037,0,6831,0,0,0,0,35308,0,0,0,0,0,0,0,0,0,0,0,0,0,0,0,0,0,8037,0,6831,0,0,0,0,35308,0,0,0,0,0,0,0,0,0,0,0,0,0,0,0,0,0,8037,TCGA-GM-A2DD-DX1_xmin47260_ymin22408_MPP-0.2500+316
32915,2687,0,0,0,2996,11578,0,0,0,0,0,0,0,0,0,0,0,0,0,0,0,0,0,0,33382,2220,0,0,0,3078,11496,0,0,0,0,0,0,0,0,0,0,0,0,0,0,0,0,0,0,33169,2433,0,0,0,2836,11738,0,0,0,0,0,0,0,0,0,0,0,0,0,0,0,0,0,0,TCGA-GM-A2DD-DX1_xmin47260_ymin22408_MPP-0.2500+317
32620,1518,0,0,0,2714,13324,0,0,0,0,0,0,0,0,0,0,0,0,0,0,0,0,0,0,32791,1347,0,0,0,2910,13128,0,0,0,0,0,0,0,0,0,0,0,0,0,0,0,0,0,0,32692,1446,0,0,0,2679,13359,0,0,0,0,0,0,0,0,0,0,0,0,0,0,0,0,0,0,TCGA-GM-A2DD-DX1_xmin47260_ymin22408_MPP-0.2500+318
27053,10494,0,0,0,290,12339,0,0,0,0,0,0,0,0,0,0,0,0,0,0,0,0,0,0,26898,10649,0,0,0,275,12354,0,0,0,0,0,0,0,0,0,0,0,0,0,0,0,0,0,0,26786,10761,0,0,0,185,12444,0,0,0,0,0,0,0,0,0,0,0,0,0,0,0,0,0,0,TCGA-GM-A2DD-DX1_xmin47260_ymin22408_MPP-0.2500+319
0,0,0,0,0,0,33437,80,0,0,0,4932,11727,0,0,0,0,0,0,0,0,0,0,0,0,0,0,0,0,0,0,33437,80,0,0,0,4733,11926,0,0,0,0,0,0,0,0,0,0,0,0,0,0,0,0,0,0,33428,89,0,0,0,4434,12225,0,0,0,0,0,0,0,0,0,0,0,0,TCGA-GM-A2DD-DX1_xmin47260_ymin22408_MPP-0.2500+32
50176,0,0,0,0,0,0,0,0,0,0,0,0,0,0,0,0,0,0,0,0,0,0,0,0,50176,0,0,0,0,0,0,0,0,0,0,0,0,0,0,0,0,0,0,0,0,0,0,0,0,50176,0,0,0,0,0,0,0,0,0,0,0,0,0,0,0,0,0,0,0,0,0,0,0,0,TCGA-GM-A2DD-DX1_xmin47260_ymin22408_MPP-0.2500+320
26775,0,0,0,0,6048,0,0,0,0,0,0,0,0,0,0,0,0,0,0,0,0,0,0,17353,26775,0,0,0,0,6048,0,0,0,0,0,0,0,0,0,0,0,0,0,0,0,0,0,0,17353,26775,0,0,0,0,6048,0,0,0,0,0,0,0,0,0,0,0,0,0,0,0,0,0,0,17353,TCGA-GM-A2DD-DX1_xmin47260_ymin22408_MPP-0.2500+321
0,12025,0,0,0,0,35434,0,0,0,0,0,0,0,0,0,0,0,0,0,0,0,0,0,2717,0,12025,0,0,0,0,35434,0,0,0,0,0,0,0,0,0,0,0,0,0,0,0,0,0,2717,0,12025,0,0,0,0,35434,0,0,0,0,0,0,0,0,0,0,0,0,0,0,0,0,0,2717,TCGA-GM-A2DD-DX1_xmin47260_ymin22408_MPP-0.2500+322
0,0,0,0,0,0,49040,0,0,0,0,0,0,0,0,0,0,0,0,0,0,0,0,0,1136,0,0,0,0,0,0,49040,0,0,0,0,0,0,0,0,0,0,0,0,0,0,0,0,0,1136,0,0,0,0,0,0,49040,0,0,0,0,0,0,0,0,0,0,0,0,0,0,0,0,0,1136,TCGA-GM-A2DD-DX1_xmin47260_ymin22408_MPP-0.2500+323
0,0,0,0,0,0,50176,0,0,0,0,0,0,0,0,0,0,0,0,0,0,0,0,0,0,0,0,0,0,0,0,50176,0,0,0,0,0,0,0,0,0,0,0,0,0,0,0,0,0,0,0,0,0,0,0,0,50176,0,0,0,0,0,0,0,0,0,0,0,0,0,0,0,0,0,0,TCGA-GM-A2DD-DX1_xmin47260_ymin22408_MPP-0.2500+324
0,0,0,0,0,0,50176,0,0,0,0,0,0,0,0,0,0,0,0,0,0,0,0,0,0,0,0,0,0,0,0,50176,0,0,0,0,0,0,0,0,0,0,0,0,0,0,0,0,0,0,0,0,0,0,0,0,50176,0,0,0,0,0,0,0,0,0,0,0,0,0,0,0,0,0,0,TCGA-GM-A2DD-DX1_xmin47260_ymin22408_MPP-0.2500+325
0,3199,0,0,0,0,46977,0,0,0,0,0,0,0,0,0,0,0,0,0,0,0,0,0,0,0,3199,0,0,0,16,46961,0,0,0,0,0,0,0,0,0,0,0,0,0,0,0,0,0,0,0,3199,0,0,0,0,46977,0,0,0,0,0,0,0,0,0,0,0,0,0,0,0,0,0,0,TCGA-GM-A2DD-DX1_xmin47260_ymin22408_MPP-0.2500+326
15510,5380,0,0,0,2414,26872,0,0,0,0,0,0,0,0,0,0,0,0,0,0,0,0,0,0,15487,5403,0,0,0,2559,26727,0,0,0,0,0,0,0,0,0,0,0,0,0,0,0,0,0,0,15580,5310,0,0,0,2559,26727,0,0,0,0,0,0,0,0,0,0,0,0,0,0,0,0,0,0,TCGA-GM-A2DD-DX1_xmin47260_ymin22408_MPP-0.2500+327
15046,8792,0,0,0,1022,25316,0,0,0,0,0,0,0,0,0,0,0,0,0,0,0,0,0,0,15282,8556,0,0,0,1166,25172,0,0,0,0,0,0,0,0,0,0,0,0,0,0,0,0,0,0,14596,9242,0,0,0,1030,25308,0,0,0,0,0,0,0,0,0,0,0,0,0,0,0,0,0,0,TCGA-GM-A2DD-DX1_xmin47260_ymin22408_MPP-0.2500+328
28427,13669,0,0,0,1216,6864,0,0,0,0,0,0,0,0,0,0,0,0,0,0,0,0,0,0,30912,11184,0,0,0,1145,6935,0,0,0,0,0,0,0,0,0,0,0,0,0,0,0,0,0,0,29441,12655,0,0,0,983,7097,0,0,0,0,0,0,0,0,0,0,0,0,0,0,0,0,0,0,TCGA-GM-A2DD-DX1_xmin47260_ymin22408_MPP-0.2500+329
0,0,0,0,0,0,31460,2023,0,0,0,6764,9929,0,0,0,0,0,0,0,0,0,0,0,0,0,0,0,0,0,0,30780,2703,0,0,0,6601,10092,0,0,0,0,0,0,0,0,0,0,0,0,0,0,0,0,0,0,31281,2202,0,0,0,6939,9754,0,0,0,0,0,0,0,0,0,0,0,0,TCGA-GM-A2DD-DX1_xmin47260_ymin22408_MPP-0.2500+33
30539,0,0,0,0,1900,0,0,0,0,0,0,0,0,0,5637,0,0,0,0,0,0,0,0,12100,30539,0,0,0,0,1900,0,0,0,0,0,0,0,0,0,5637,0,0,0,0,0,0,0,0,12100,30539,0,0,0,0,1900,0,0,0,0,0,0,0,0,0,5637,0,0,0,0,0,0,0,0,12100,TCGA-GM-A2DD-DX1_xmin47260_ymin22408_MPP-0.2500+330
49135,0,0,0,0,116,0,0,0,0,0,0,0,0,0,0,0,0,0,0,0,0,0,0,925,49135,0,0,0,0,116,0,0,0,0,0,0,0,0,0,0,0,0,0,0,0,0,0,0,925,49135,0,0,0,0,116,0,0,0,0,0,0,0,0,0,0,0,0,0,0,0,0,0,0,925,TCGA-GM-A2DD-DX1_xmin47260_ymin22408_MPP-0.2500+331
20195,0,0,0,0,181,0,0,0,0,0,0,0,0,0,1061,0,0,12600,0,0,0,0,0,16139,20195,0,0,0,0,181,0,0,0,0,0,0,0,0,0,267,0,0,13394,0,0,0,0,0,16139,20195,0,0,0,0,181,0,0,0,0,0,0,0,0,0,1041,0,0,12620,0,0,0,0,0,16139,TCGA-GM-A2DD-DX1_xmin47260_ymin22408_MPP-0.2500+332
3585,0,0,0,0,18,0,0,0,0,0,0,0,0,0,15830,0,0,15147,0,0,0,0,0,15596,3585,0,0,0,0,18,0,0,0,0,0,0,0,0,0,8065,0,0,22912,0,0,0,0,0,15596,3585,0,0,0,0,18,0,0,0,0,0,0,0,0,0,16102,0,0,14875,0,0,0,0,0,15596,TCGA-GM-A2DD-DX1_xmin47260_ymin22408_MPP-0.2500+333
27443,3638,0,0,0,257,889,0,0,0,0,0,0,0,0,6427,3915,0,0,0,0,0,0,0,7607,27670,3411,0,0,0,329,817,0,0,0,0,0,0,0,0,5730,4612,0,0,0,0,0,0,0,7607,27122,3959,0,0,0,352,794,0,0,0,0,0,0,0,0,6599,3743,0,0,0,0,0,0,0,7607,TCGA-GM-A2DD-DX1_xmin47260_ymin22408_MPP-0.2500+334
50176,0,0,0,0,0,0,0,0,0,0,0,0,0,0,0,0,0,0,0,0,0,0,0,0,50176,0,0,0,0,0,0,0,0,0,0,0,0,0,0,0,0,0,0,0,0,0,0,0,0,50176,0,0,0,0,0,0,0,0,0,0,0,0,0,0,0,0,0,0,0,0,0,0,0,0,TCGA-GM-A2DD-DX1_xmin47260_ymin22408_MPP-0.2500+335
41107,0,0,0,0,5876,0,0,0,0,0,0,0,0,0,0,0,0,0,0,0,0,0,0,3193,41107,0,0,0,0,5876,0,0,0,0,0,0,0,0,0,0,0,0,0,0,0,0,0,0,3193,41107,0,0,0,0,5876,0,0,0,0,0,0,0,0,0,0,0,0,0,0,0,0,0,0,3193,TCGA-GM-A2DD-DX1_xmin47260_ymin22408_MPP-0.2500+336
0,9177,0,0,0,0,38629,0,0,0,0,0,0,0,0,0,0,0,0,0,0,0,0,0,2370,0,9177,0,0,0,0,38629,0,0,0,0,0,0,0,0,0,0,0,0,0,0,0,0,0,2370,0,9177,0,0,0,0,38629,0,0,0,0,0,0,0,0,0,0,0,0,0,0,0,0,0,2370,TCGA-GM-A2DD-DX1_xmin47260_ymin22408_MPP-0.2500+337
0,0,0,0,0,0,50176,0,0,0,0,0,0,0,0,0,0,0,0,0,0,0,0,0,0,0,0,0,0,0,0,50176,0,0,0,0,0,0,0,0,0,0,0,0,0,0,0,0,0,0,0,0,0,0,0,0,50176,0,0,0,0,0,0,0,0,0,0,0,0,0,0,0,0,0,0,TCGA-GM-A2DD-DX1_xmin47260_ymin22408_MPP-0.2500+338
0,0,0,0,0,0,50176,0,0,0,0,0,0,0,0,0,0,0,0,0,0,0,0,0,0,0,0,0,0,0,0,50176,0,0,0,0,0,0,0,0,0,0,0,0,0,0,0,0,0,0,0,0,0,0,0,0,50176,0,0,0,0,0,0,0,0,0,0,0,0,0,0,0,0,0,0,TCGA-GM-A2DD-DX1_xmin47260_ymin22408_MPP-0.2500+339
0,0,0,0,0,0,45247,0,0,0,0,0,0,0,0,0,0,0,0,0,0,0,0,0,4929,0,0,0,0,0,0,45247,0,0,0,0,0,0,0,0,0,0,0,0,0,0,0,0,0,4929,0,0,0,0,0,0,45247,0,0,0,0,0,0,0,0,0,0,0,0,0,0,0,0,0,4929,TCGA-GM-A2DD-DX1_xmin47260_ymin22408_MPP-0.2500+34
0,0,0,0,0,0,50176,0,0,0,0,0,0,0,0,0,0,0,0,0,0,0,0,0,0,0,0,0,0,0,0,50176,0,0,0,0,0,0,0,0,0,0,0,0,0,0,0,0,0,0,0,0,0,0,0,0,50176,0,0,0,0,0,0,0,0,0,0,0,0,0,0,0,0,0,0,TCGA-GM-A2DD-DX1_xmin47260_ymin22408_MPP-0.2500+340
2221,1041,0,0,0,11323,35591,0,0,0,0,0,0,0,0,0,0,0,0,0,0,0,0,0,0,2230,1032,0,0,0,11091,35823,0,0,0,0,0,0,0,0,0,0,0,0,0,0,0,0,0,0,2129,1133,0,0,0,11263,35651,0,0,0,0,0,0,0,0,0,0,0,0,0,0,0,0,0,0,TCGA-GM-A2DD-DX1_xmin47260_ymin22408_MPP-0.2500+341
10444,6393,0,0,0,7162,26177,0,0,0,0,0,0,0,0,0,0,0,0,0,0,0,0,0,0,10317,6520,0,0,0,6995,26344,0,0,0,0,0,0,0,0,0,0,0,0,0,0,0,0,0,0,10435,6402,0,0,0,6925,26414,0,0,0,0,0,0,0,0,0,0,0,0,0,0,0,0,0,0,TCGA-GM-A2DD-DX1_xmin47260_ymin22408_MPP-0.2500+342
22996,14025,0,0,0,645,12510,0,0,0,0,0,0,0,0,0,0,0,0,0,0,0,0,0,0,22655,14366,0,0,0,629,12526,0,0,0,0,0,0,0,0,0,0,0,0,0,0,0,0,0,0,22746,14275,0,0,0,561,12594,0,0,0,0,0,0,0,0,0,0,0,0,0,0,0,0,0,0,TCGA-GM-A2DD-DX1_xmin47260_ymin22408_MPP-0.2500+343
21838,9915,0,0,0,0,18423,0,0,0,0,0,0,0,0,0,0,0,0,0,0,0,0,0,0,22094,9659,0,0,0,0,18423,0,0,0,0,0,0,0,0,0,0,0,0,0,0,0,0,0,0,21911,9842,0,0,0,0,18423,0,0,0,0,0,0,0,0,0,0,0,0,0,0,0,0,0,0,TCGA-GM-A2DD-DX1_xmin47260_ymin22408_MPP-0.2500+344
48765,0,0,0,0,1411,0,0,0,0,0,0,0,0,0,0,0,0,0,0,0,0,0,0,0,48765,0,0,0,0,1411,0,0,0,0,0,0,0,0,0,0,0,0,0,0,0,0,0,0,0,48765,0,0,0,0,1411,0,0,0,0,0,0,0,0,0,0,0,0,0,0,0,0,0,0,0,TCGA-GM-A2DD-DX1_xmin47260_ymin22408_MPP-0.2500+345
43351,0,0,0,0,1532,0,0,0,0,0,0,0,0,0,550,0,0,0,0,0,0,0,0,4743,43351,0,0,0,0,1532,0,0,0,0,0,0,0,0,0,550,0,0,0,0,0,0,0,0,4743,43351,0,0,0,0,1532,0,0,0,0,0,0,0,0,0,550,0,0,0,0,0,0,0,0,4743,TCGA-GM-A2DD-DX1_xmin47260_ymin22408_MPP-0.2500+346
0,0,0,0,0,0,0,0,23,0,0,0,0,0,0,0,0,0,45223,0,0,0,0,0,4930,0,0,0,0,0,0,0,0,23,0,0,0,0,0,0,0,0,0,45223,0,0,0,0,0,4930,0,0,0,0,0,0,0,0,23,0,0,0,0,0,0,0,0,0,45223,0,0,0,0,0,4930,TCGA-GM-A2DD-DX1_xmin47260_ymin22408_MPP-0.2500+347
0,0,0,657,0,0,0,0,1135,0,0,0,0,0,0,624,0,0,46473,0,0,0,0,0,1287,0,0,0,657,0,0,0,0,1135,0,0,0,0,0,0,688,0,0,46409,0,0,0,0,0,1287,0,0,0,657,0,0,0,0,1135,0,0,0,0,0,0,432,0,0,46665,0,0,0,0,0,1287,TCGA-GM-A2DD-DX1_xmin47260_ymin22408_MPP-0.2500+348
35816,0,0,412,0,2355,0,0,4599,0,0,0,0,0,0,670,0,0,3652,0,0,0,0,0,2672,32101,0,0,4127,0,714,0,0,6240,0,0,0,0,0,0,552,0,0,3770,0,0,0,0,0,2672,36228,0,0,0,0,6954,0,0,0,0,0,0,0,0,0,4322,0,0,0,0,0,0,0,0,2672,TCGA-GM-A2DD-DX1_xmin47260_ymin22408_MPP-0.2500+349
0,0,0,0,0,0,44602,0,0,0,0,0,0,0,0,0,0,0,0,0,0,0,0,0,5574,0,0,0,0,0,0,44602,0,0,0,0,0,0,0,0,0,0,0,0,0,0,0,0,0,5574,0,0,0,0,0,0,44602,0,0,0,0,0,0,0,0,0,0,0,0,0,0,0,0,0,5574,TCGA-GM-A2DD-DX1_xmin47260_ymin22408_MPP-0.2500+35
50026,0,0,0,0,0,0,0,0,0,0,0,0,0,0,0,0,0,0,0,0,0,0,0,150,50026,0,0,0,0,0,0,0,0,0,0,0,0,0,0,0,0,0,0,0,0,0,0,0,150,50026,0,0,0,0,0,0,0,0,0,0,0,0,0,0,0,0,0,0,0,0,0,0,0,150,TCGA-GM-A2DD-DX1_xmin47260_ymin22408_MPP-0.2500+350
33974,0,0,381,0,183,0,0,485,0,0,0,0,0,0,0,0,0,0,0,0,0,0,0,15153,33090,0,0,1265,0,102,0,0,566,0,0,0,0,0,0,0,0,0,0,0,0,0,0,0,15153,34355,0,0,0,0,668,0,0,0,0,0,0,0,0,0,0,0,0,0,0,0,0,0,0,15153,TCGA-GM-A2DD-DX1_xmin47260_ymin22408_MPP-0.2500+351
12113,6685,0,0,0,1441,22999,0,0,0,0,0,0,0,0,0,0,0,0,0,0,0,0,0,6938,12235,6563,0,0,0,1362,23078,0,0,0,0,0,0,0,0,0,0,0,0,0,0,0,0,0,6938,12307,6491,0,0,0,1409,23031,0,0,0,0,0,0,0,0,0,0,0,0,0,0,0,0,0,6938,TCGA-GM-A2DD-DX1_xmin47260_ymin22408_MPP-0.2500+352
0,270,0,0,0,0,49906,0,0,0,0,0,0,0,0,0,0,0,0,0,0,0,0,0,0,0,270,0,0,0,0,49906,0,0,0,0,0,0,0,0,0,0,0,0,0,0,0,0,0,0,0,270,0,0,0,0,49906,0,0,0,0,0,0,0,0,0,0,0,0,0,0,0,0,0,0,TCGA-GM-A2DD-DX1_xmin47260_ymin22408_MPP-0.2500+353
0,0,0,0,0,0,50176,0,0,0,0,0,0,0,0,0,0,0,0,0,0,0,0,0,0,0,0,0,0,0,0,50176,0,0,0,0,0,0,0,0,0,0,0,0,0,0,0,0,0,0,0,0,0,0,0,0,50176,0,0,0,0,0,0,0,0,0,0,0,0,0,0,0,0,0,0,TCGA-GM-A2DD-DX1_xmin47260_ymin22408_MPP-0.2500+354
0,0,0,0,0,0,50176,0,0,0,0,0,0,0,0,0,0,0,0,0,0,0,0,0,0,0,0,0,0,0,0,50176,0,0,0,0,0,0,0,0,0,0,0,0,0,0,0,0,0,0,0,0,0,0,0,0,50176,0,0,0,0,0,0,0,0,0,0,0,0,0,0,0,0,0,0,TCGA-GM-A2DD-DX1_xmin47260_ymin22408_MPP-0.2500+355
21021,669,0,0,0,551,27935,0,0,0,0,0,0,0,0,0,0,0,0,0,0,0,0,0,0,21087,603,0,0,0,526,27960,0,0,0,0,0,0,0,0,0,0,0,0,0,0,0,0,0,0,21299,391,0,0,0,712,27774,0,0,0,0,0,0,0,0,0,0,0,0,0,0,0,0,0,0,TCGA-GM-A2DD-DX1_xmin47260_ymin22408_MPP-0.2500+356
0,23816,0,0,0,0,26360,0,0,0,0,0,0,0,0,0,0,0,0,0,0,0,0,0,0,0,23816,0,0,0,0,26360,0,0,0,0,0,0,0,0,0,0,0,0,0,0,0,0,0,0,18286,5530,0,0,0,10134,16226,0,0,0,0,0,0,0,0,0,0,0,0,0,0,0,0,0,0,TCGA-GM-A2DD-DX1_xmin47260_ymin22408_MPP-0.2500+357
16836,674,0,0,0,3556,29110,0,0,0,0,0,0,0,0,0,0,0,0,0,0,0,0,0,0,17007,503,0,0,0,4111,28555,0,0,0,0,0,0,0,0,0,0,0,0,0,0,0,0,0,0,16835,675,0,0,0,3359,29307,0,0,0,0,0,0,0,0,0,0,0,0,0,0,0,0,0,0,TCGA-GM-A2DD-DX1_xmin47260_ymin22408_MPP-0.2500+358
17927,16148,0,0,0,863,15238,0,0,0,0,0,0,0,0,0,0,0,0,0,0,0,0,0,0,18473,15602,0,0,0,945,15156,0,0,0,0,0,0,0,0,0,0,0,0,0,0,0,0,0,0,19777,14298,0,0,0,1070,15031,0,0,0,0,0,0,0,0,0,0,0,0,0,0,0,0,0,0,TCGA-GM-A2DD-DX1_xmin47260_ymin22408_MPP-0.2500+359
0,0,0,0,0,0,42688,0,0,0,0,7488,0,0,0,0,0,0,0,0,0,0,0,0,0,0,0,0,0,0,0,42688,0,0,0,0,7488,0,0,0,0,0,0,0,0,0,0,0,0,0,0,0,0,0,0,0,42688,0,0,0,0,7488,0,0,0,0,0,0,0,0,0,0,0,0,0,TCGA-GM-A2DD-DX1_xmin47260_ymin22408_MPP-0.2500+36
47259,0,0,0,0,428,0,0,0,0,0,0,0,0,0,0,0,0,0,0,0,0,0,0,2489,47259,0,0,0,0,428,0,0,0,0,0,0,0,0,0,0,0,0,0,0,0,0,0,0,2489,47259,0,0,0,0,428,0,0,0,0,0,0,0,0,0,0,0,0,0,0,0,0,0,0,2489,TCGA-GM-A2DD-DX1_xmin47260_ymin22408_MPP-0.2500+360
8131,0,0,21,0,244,0,0,464,0,0,0,0,0,0,1803,0,0,22598,0,0,0,0,0,16915,7966,0,0,186,0,98,0,0,610,0,0,0,0,0,0,59,0,0,24342,0,0,0,0,0,16915,8131,0,0,21,0,223,0,0,485,0,0,0,0,0,0,1924,0,0,22477,0,0,0,0,0,16915,TCGA-GM-A2DD-DX1_xmin47260_ymin22408_MPP-0.2500+361
0,0,0,0,0,0,10225,0,3540,0,0,0,0,0,0,0,4140,0,32271,0,0,0,0,0,0,0,0,0,0,0,0,9493,0,4272,0,0,0,0,0,0,0,2820,0,33591,0,0,0,0,0,0,0,0,0,0,0,0,10071,0,3694,0,0,0,0,0,0,0,4303,0,32108,0,0,0,0,0,0,TCGA-GM-A2DD-DX1_xmin47260_ymin22408_MPP-0.2500+362
1,34488,0,0,0,0,9077,0,0,0,0,0,0,0,0,0,6610,0,0,0,0,0,0,0,0,1,34488,0,0,0,0,9077,0,0,0,0,0,0,0,0,0,6610,0,0,0,0,0,0,0,0,0,34489,0,0,0,0,9077,0,0,0,0,0,0,0,0,0,6610,0,0,0,0,0,0,0,0,TCGA-GM-A2DD-DX1_xmin47260_ymin22408_MPP-0.2500+363
38106,0,0,0,0,4603,0,0,0,0,0,0,0,0,0,2372,0,0,0,0,0,0,0,0,5095,38106,0,0,0,0,4603,0,0,0,0,0,0,0,0,0,2372,0,0,0,0,0,0,0,0,5095,38106,0,0,0,0,4603,0,0,0,0,0,0,0,0,0,2372,0,0,0,0,0,0,0,0,5095,TCGA-GM-A2DD-DX1_xmin47260_ymin22408_MPP-0.2500+364
14152,0,0,0,0,780,0,0,0,0,0,0,0,0,0,20024,0,0,0,0,0,0,0,0,15220,14152,0,0,0,0,780,0,0,0,0,0,0,0,0,0,20024,0,0,0,0,0,0,0,0,15220,14152,0,0,0,0,780,0,0,0,0,0,0,0,0,0,20024,0,0,0,0,0,0,0,0,15220,TCGA-GM-A2DD-DX1_xmin47260_ymin22408_MPP-0.2500+365
2585,0,0,149,0,184,0,0,1248,0,0,0,0,0,0,0,0,0,17893,0,0,0,0,0,28117,2585,0,0,149,0,214,0,0,1218,0,0,0,0,0,0,0,0,0,17893,0,0,0,0,0,28117,0,2734,0,0,0,153,1279,0,0,0,0,0,0,0,0,3078,14815,0,0,0,0,0,0,0,28117,TCGA-GM-A2DD-DX1_xmin47260_ymin22408_MPP-0.2500+366
14079,4657,0,0,0,130,14004,0,0,0,0,0,0,0,0,0,0,0,0,0,0,0,0,0,17306,13488,5248,0,0,0,123,14011,0,0,0,0,0,0,0,0,0,0,0,0,0,0,0,0,0,17306,14010,4726,0,0,0,130,14004,0,0,0,0,0,0,0,0,0,0,0,0,0,0,0,0,0,17306,TCGA-GM-A2DD-DX1_xmin47260_ymin22408_MPP-0.2500+367
9430,3315,0,0,0,580,36851,0,0,0,0,0,0,0,0,0,0,0,0,0,0,0,0,0,0,9889,2856,0,0,0,649,36782,0,0,0,0,0,0,0,0,0,0,0,0,0,0,0,0,0,0,9627,3118,0,0,0,577,36854,0,0,0,0,0,0,0,0,0,0,0,0,0,0,0,0,0,0,TCGA-GM-A2DD-DX1_xmin47260_ymin22408_MPP-0.2500+368
0,0,0,0,0,0,50176,0,0,0,0,0,0,0,0,0,0,0,0,0,0,0,0,0,0,0,0,0,0,0,0,50176,0,0,0,0,0,0,0,0,0,0,0,0,0,0,0,0,0,0,0,0,0,0,0,0,50176,0,0,0,0,0,0,0,0,0,0,0,0,0,0,0,0,0,0,TCGA-GM-A2DD-DX1_xmin47260_ymin22408_MPP-0.2500+369
0,0,0,0,0,0,50176,0,0,0,0,0,0,0,0,0,0,0,0,0,0,0,0,0,0,0,0,0,0,0,0,50176,0,0,0,0,0,0,0,0,0,0,0,0,0,0,0,0,0,0,0,0,0,0,0,0,50176,0,0,0,0,0,0,0,0,0,0,0,0,0,0,0,0,0,0,TCGA-GM-A2DD-DX1_xmin47260_ymin22408_MPP-0.2500+37
0,0,0,0,0,0,50176,0,0,0,0,0,0,0,0,0,0,0,0,0,0,0,0,0,0,0,0,0,0,0,0,50176,0,0,0,0,0,0,0,0,0,0,0,0,0,0,0,0,0,0,0,0,0,0,0,0,50176,0,0,0,0,0,0,0,0,0,0,0,0,0,0,0,0,0,0,TCGA-GM-A2DD-DX1_xmin47260_ymin22408_MPP-0.2500+370
14962,6159,0,0,0,2312,26743,0,0,0,0,0,0,0,0,0,0,0,0,0,0,0,0,0,0,15600,5521,0,0,0,2505,26550,0,0,0,0,0,0,0,0,0,0,0,0,0,0,0,0,0,0,15615,5506,0,0,0,2313,26742,0,0,0,0,0,0,0,0,0,0,0,0,0,0,0,0,0,0,TCGA-GM-A2DD-DX1_xmin47260_ymin22408_MPP-0.2500+371
10773,7360,0,0,0,10672,21371,0,0,0,0,0,0,0,0,0,0,0,0,0,0,0,0,0,0,10976,7157,0,0,0,10873,21170,0,0,0,0,0,0,0,0,0,0,0,0,0,0,0,0,0,0,11597,6536,0,0,0,10522,21521,0,0,0,0,0,0,0,0,0,0,0,0,0,0,0,0,0,0,TCGA-GM-A2DD-DX1_xmin47260_ymin22408_MPP-0.2500+372
8155,1882,0,0,0,14712,25427,0,0,0,0,0,0,0,0,0,0,0,0,0,0,0,0,0,0,7158,2879,0,0,0,13415,26724,0,0,0,0,0,0,0,0,0,0,0,0,0,0,0,0,0,0,7950,2087,0,0,0,15168,24971,0,0,0,0,0,0,0,0,0,0,0,0,0,0,0,0,0,0,TCGA-GM-A2DD-DX1_xmin47260_ymin22408_MPP-0.2500+373
16169,4326,0,0,0,1761,27920,0,0,0,0,0,0,0,0,0,0,0,0,0,0,0,0,0,0,16503,3992,0,0,0,1877,27804,0,0,0,0,0,0,0,0,0,0,0,0,0,0,0,0,0,0,16426,4069,0,0,0,1657,28024,0,0,0,0,0,0,0,0,0,0,0,0,0,0,0,0,0,0,TCGA-GM-A2DD-DX1_xmin47260_ymin22408_MPP-0.2500+374
47989,0,0,0,0,437,0,0,0,0,0,0,0,0,0,0,0,0,0,0,0,0,0,0,1750,47989,0,0,0,0,437,0,0,0,0,0,0,0,0,0,0,0,0,0,0,0,0,0,0,1750,47989,0,0,0,0,437,0,0,0,0,0,0,0,0,0,0,0,0,0,0,0,0,0,0,1750,TCGA-GM-A2DD-DX1_xmin47260_ymin22408_MPP-0.2500+375
2640,0,0,654,0,44,0,0,30,0,0,0,0,0,0,0,0,0,32766,0,0,0,0,0,14042,2327,0,0,967,0,19,0,0,55,0,0,0,0,0,0,0,0,0,32766,0,0,0,0,0,14042,2640,0,0,654,0,44,0,0,30,0,0,0,0,0,0,0,0,0,32766,0,0,0,0,0,14042,TCGA-GM-A2DD-DX1_xmin47260_ymin22408_MPP-0.2500+376
0,0,0,0,0,1462,9133,0,0,0,0,0,0,0,0,34558,427,0,0,0,0,0,0,0,4596,0,0,0,0,0,1494,9101,0,0,0,0,0,0,0,0,34512,473,0,0,0,0,0,0,0,4596,0,0,0,0,0,1531,9064,0,0,0,0,0,0,0,0,34616,369,0,0,0,0,0,0,0,4596,TCGA-GM-A2DD-DX1_xmin47260_ymin22408_MPP-0.2500+377
0,3684,0,0,0,240,26408,0,0,0,0,0,0,0,0,5250,11406,0,0,0,0,0,0,0,3188,0,3684,0,0,0,240,26408,0,0,0,0,0,0,0,0,5418,11238,0,0,0,0,0,0,0,3188,0,3684,0,0,0,240,26408,0,0,0,0,0,0,0,0,5015,11641,0,0,0,0,0,0,0,3188,TCGA-GM-A2DD-DX1_xmin47260_ymin22408_MPP-0.2500+378
1972,0,0,0,0,4818,0,0,1907,0,0,0,0,0,0,25709,0,0,9476,0,0,0,0,0,6294,1972,0,0,0,0,4403,0,0,2322,0,0,0,0,0,0,23585,0,0,11600,0,0,0,0,0,6294,1972,0,0,0,0,4918,0,0,1807,0,0,0,0,0,0,26609,0,0,8576,0,0,0,0,0,6294,TCGA-GM-A2DD-DX1_xmin47260_ymin22408_MPP-0.2500+379
0,0,0,0,0,0,50176,0,0,0,0,0,0,0,0,0,0,0,0,0,0,0,0,0,0,0,0,0,0,0,0,50176,0,0,0,0,0,0,0,0,0,0,0,0,0,0,0,0,0,0,0,0,0,0,0,0,50176,0,0,0,0,0,0,0,0,0,0,0,0,0,0,0,0,0,0,TCGA-GM-A2DD-DX1_xmin47260_ymin22408_MPP-0.2500+38
7473,0,0,0,0,400,0,0,0,0,0,0,0,0,0,14848,0,0,0,0,0,0,0,0,27455,7473,0,0,0,0,400,0,0,0,0,0,0,0,0,0,14848,0,0,0,0,0,0,0,0,27455,7473,0,0,0,0,400,0,0,0,0,0,0,0,0,0,14848,0,0,0,0,0,0,0,0,27455,TCGA-GM-A2DD-DX1_xmin47260_ymin22408_MPP-0.2500+380
40350,0,0,0,0,73,0,0,0,0,0,0,0,0,0,0,0,0,0,0,0,0,0,0,9753,40350,0,0,0,0,73,0,0,0,0,0,0,0,0,0,0,0,0,0,0,0,0,0,0,9753,40350,0,0,0,0,73,0,0,0,0,0,0,0,0,0,0,0,0,0,0,0,0,0,0,9753,TCGA-GM-A2DD-DX1_xmin47260_ymin22408_MPP-0.2500+381
50176,0,0,0,0,0,0,0,0,0,0,0,0,0,0,0,0,0,0,0,0,0,0,0,0,50176,0,0,0,0,0,0,0,0,0,0,0,0,0,0,0,0,0,0,0,0,0,0,0,0,50176,0,0,0,0,0,0,0,0,0,0,0,0,0,0,0,0,0,0,0,0,0,0,0,0,TCGA-GM-A2DD-DX1_xmin47260_ymin22408_MPP-0.2500+382
9591,1412,0,0,0,1309,37864,0,0,0,0,0,0,0,0,0,0,0,0,0,0,0,0,0,0,9676,1327,0,0,0,1387,37786,0,0,0,0,0,0,0,0,0,0,0,0,0,0,0,0,0,0,9648,1355,0,0,0,1376,37797,0,0,0,0,0,0,0,0,0,0,0,0,0,0,0,0,0,0,TCGA-GM-A2DD-DX1_xmin47260_ymin22408_MPP-0.2500+383
0,0,0,0,0,0,50176,0,0,0,0,0,0,0,0,0,0,0,0,0,0,0,0,0,0,0,0,0,0,0,0,50176,0,0,0,0,0,0,0,0,0,0,0,0,0,0,0,0,0,0,0,0,0,0,0,0,50176,0,0,0,0,0,0,0,0,0,0,0,0,0,0,0,0,0,0,TCGA-GM-A2DD-DX1_xmin47260_ymin22408_MPP-0.2500+384
0,10034,0,0,0,0,40142,0,0,0,0,0,0,0,0,0,0,0,0,0,0,0,0,0,0,0,10034,0,0,0,0,40142,0,0,0,0,0,0,0,0,0,0,0,0,0,0,0,0,0,0,0,10034,0,0,0,0,40142,0,0,0,0,0,0,0,0,0,0,0,0,0,0,0,0,0,0,TCGA-GM-A2DD-DX1_xmin47260_ymin22408_MPP-0.2500+385
33334,9394,0,0,0,5,7443,0,0,0,0,0,0,0,0,0,0,0,0,0,0,0,0,0,0,33671,9057,0,0,0,0,7448,0,0,0,0,0,0,0,0,0,0,0,0,0,0,0,0,0,0,33187,9541,0,0,0,0,7448,0,0,0,0,0,0,0,0,0,0,0,0,0,0,0,0,0,0,TCGA-GM-A2DD-DX1_xmin47260_ymin22408_MPP-0.2500+386
23539,12857,0,0,0,10541,3239,0,0,0,0,0,0,0,0,0,0,0,0,0,0,0,0,0,0,25671,10725,0,0,0,10588,3192,0,0,0,0,0,0,0,0,0,0,0,0,0,0,0,0,0,0,24083,12313,0,0,0,10520,3260,0,0,0,0,0,0,0,0,0,0,0,0,0,0,0,0,0,0,TCGA-GM-A2DD-DX1_xmin47260_ymin22408_MPP-0.2500+387
27567,12638,0,0,0,2954,7017,0,0,0,0,0,0,0,0,0,0,0,0,0,0,0,0,0,0,30060,10145,0,0,0,3009,6962,0,0,0,0,0,0,0,0,0,0,0,0,0,0,0,0,0,0,40205,0,0,0,0,9971,0,0,0,0,0,0,0,0,0,0,0,0,0,0,0,0,0,0,0,TCGA-GM-A2DD-DX1_xmin47260_ymin22408_MPP-0.2500+388
18018,2206,0,0,0,3958,12778,0,0,0,0,0,0,0,0,0,0,0,0,0,0,0,0,0,13216,18067,2157,0,0,0,4008,12728,0,0,0,0,0,0,0,0,0,0,0,0,0,0,0,0,0,13216,18037,2187,0,0,0,3890,12846,0,0,0,0,0,0,0,0,0,0,0,0,0,0,0,0,0,13216,TCGA-GM-A2DD-DX1_xmin47260_ymin22408_MPP-0.2500+389
0,0,0,0,0,0,50176,0,0,0,0,0,0,0,0,0,0,0,0,0,0,0,0,0,0,0,0,0,0,0,0,50176,0,0,0,0,0,0,0,0,0,0,0,0,0,0,0,0,0,0,0,0,0,0,0,0,50176,0,0,0,0,0,0,0,0,0,0,0,0,0,0,0,0,0,0,TCGA-GM-A2DD-DX1_xmin47260_ymin22408_MPP-0.2500+39
25870,0,0,0,0,199,0,0,0,0,0,0,0,0,0,0,0,0,0,0,0,0,0,0,24107,25870,0,0,0,0,199,0,0,0,0,0,0,0,0,0,0,0,0,0,0,0,0,0,0,24107,25870,0,0,0,0,199,0,0,0,0,0,0,0,0,0,0,0,0,0,0,0,0,0,0,24107,TCGA-GM-A2DD-DX1_xmin47260_ymin22408_MPP-0.2500+390
1682,0,0,1498,0,225,0,0,605,0,0,0,0,0,0,12529,0,0,18981,0,0,0,0,0,14656,1673,0,0,1507,0,217,0,0,613,0,0,0,0,0,0,8728,0,0,22782,0,0,0,0,0,14656,1716,0,0,1464,0,287,0,0,543,0,0,0,0,0,0,13079,0,0,18431,0,0,0,0,0,14656,TCGA-GM-A2DD-DX1_xmin47260_ymin22408_MPP-0.2500+391
0,0,0,0,0,0,0,0,162,0,0,0,0,0,0,2512,0,0,46872,0,0,0,0,0,630,0,0,0,0,0,0,0,0,162,0,0,0,0,0,0,1808,0,0,47576,0,0,0,0,0,630,0,0,0,0,0,0,0,0,162,0,0,0,0,0,0,2928,0,0,46456,0,0,0,0,0,630,TCGA-GM-A2DD-DX1_xmin47260_ymin22408_MPP-0.2500+392
0,0,0,0,0,0,0,0,16,0,0,0,0,0,0,880,0,0,49251,0,0,0,0,0,29,0,0,0,0,0,0,0,0,16,0,0,0,0,0,0,2128,0,0,48003,0,0,0,0,0,29,0,0,0,0,0,0,0,0,16,0,0,0,0,0,0,656,0,0,49475,0,0,0,0,0,29,TCGA-GM-A2DD-DX1_xmin47260_ymin22408_MPP-0.2500+393
20186,0,0,3630,0,391,0,0,2071,0,0,0,0,0,0,3504,0,0,10856,0,0,0,0,0,9538,19350,0,0,4466,0,467,0,0,1995,0,0,0,0,0,0,3110,0,0,11250,0,0,0,0,0,9538,23816,0,0,0,0,2462,0,0,0,0,0,0,0,0,0,14360,0,0,0,0,0,0,0,0,9538,TCGA-GM-A2DD-DX1_xmin47260_ymin22408_MPP-0.2500+394
33279,0,0,16897,0,0,0,0,0,0,0,0,0,0,0,0,0,0,0,0,0,0,0,0,0,29969,0,0,20207,0,0,0,0,0,0,0,0,0,0,0,0,0,0,0,0,0,0,0,0,0,33328,0,0,16848,0,0,0,0,0,0,0,0,0,0,0,0,0,0,0,0,0,0,0,0,0,TCGA-GM-A2DD-DX1_xmin47260_ymin22408_MPP-0.2500+395
50176,0,0,0,0,0,0,0,0,0,0,0,0,0,0,0,0,0,0,0,0,0,0,0,0,50176,0,0,0,0,0,0,0,0,0,0,0,0,0,0,0,0,0,0,0,0,0,0,0,0,50176,0,0,0,0,0,0,0,0,0,0,0,0,0,0,0,0,0,0,0,0,0,0,0,0,TCGA-GM-A2DD-DX1_xmin47260_ymin22408_MPP-0.2500+396
50176,0,0,0,0,0,0,0,0,0,0,0,0,0,0,0,0,0,0,0,0,0,0,0,0,50176,0,0,0,0,0,0,0,0,0,0,0,0,0,0,0,0,0,0,0,0,0,0,0,0,50176,0,0,0,0,0,0,0,0,0,0,0,0,0,0,0,0,0,0,0,0,0,0,0,0,TCGA-GM-A2DD-DX1_xmin47260_ymin22408_MPP-0.2500+397
0,14109,0,0,0,0,36067,0,0,0,0,0,0,0,0,0,0,0,0,0,0,0,0,0,0,0,14109,0,0,0,0,36067,0,0,0,0,0,0,0,0,0,0,0,0,0,0,0,0,0,0,0,14109,0,0,0,0,36067,0,0,0,0,0,0,0,0,0,0,0,0,0,0,0,0,0,0,TCGA-GM-A2DD-DX1_xmin47260_ymin22408_MPP-0.2500+398
0,6789,0,0,0,0,43387,0,0,0,0,0,0,0,0,0,0,0,0,0,0,0,0,0,0,0,6789,0,0,0,0,43387,0,0,0,0,0,0,0,0,0,0,0,0,0,0,0,0,0,0,0,6789,0,0,0,0,43387,0,0,0,0,0,0,0,0,0,0,0,0,0,0,0,0,0,0,TCGA-GM-A2DD-DX1_xmin47260_ymin22408_MPP-0.2500+399
0,0,0,0,0,0,50176,0,0,0,0,0,0,0,0,0,0,0,0,0,0,0,0,0,0,0,0,0,0,0,0,50176,0,0,0,0,0,0,0,0,0,0,0,0,0,0,0,0,0,0,0,0,0,0,0,0,50176,0,0,0,0,0,0,0,0,0,0,0,0,0,0,0,0,0,0,TCGA-GM-A2DD-DX1_xmin47260_ymin22408_MPP-0.2500+4
0,0,0,0,0,0,50176,0,0,0,0,0,0,0,0,0,0,0,0,0,0,0,0,0,0,0,0,0,0,0,0,50176,0,0,0,0,0,0,0,0,0,0,0,0,0,0,0,0,0,0,0,0,0,0,0,16,50160,0,0,0,0,0,0,0,0,0,0,0,0,0,0,0,0,0,0,TCGA-GM-A2DD-DX1_xmin47260_ymin22408_MPP-0.2500+40
0,13681,0,0,0,0,36495,0,0,0,0,0,0,0,0,0,0,0,0,0,0,0,0,0,0,0,13681,0,0,0,0,36495,0,0,0,0,0,0,0,0,0,0,0,0,0,0,0,0,0,0,0,13681,0,0,0,0,36495,0,0,0,0,0,0,0,0,0,0,0,0,0,0,0,0,0,0,TCGA-GM-A2DD-DX1_xmin47260_ymin22408_MPP-0.2500+400
25910,2268,0,0,0,2191,19807,0,0,0,0,0,0,0,0,0,0,0,0,0,0,0,0,0,0,26030,2148,0,0,0,2436,19562,0,0,0,0,0,0,0,0,0,0,0,0,0,0,0,0,0,0,25133,3045,0,0,0,2462,19536,0,0,0,0,0,0,0,0,0,0,0,0,0,0,0,0,0,0,TCGA-GM-A2DD-DX1_xmin47260_ymin22408_MPP-0.2500+401
7569,1137,0,0,0,5005,36465,0,0,0,0,0,0,0,0,0,0,0,0,0,0,0,0,0,0,7683,1023,0,0,0,5409,36061,0,0,0,0,0,0,0,0,0,0,0,0,0,0,0,0,0,0,7654,1052,0,0,0,5287,36183,0,0,0,0,0,0,0,0,0,0,0,0,0,0,0,0,0,0,TCGA-GM-A2DD-DX1_xmin47260_ymin22408_MPP-0.2500+402
39908,6333,0,0,0,34,3901,0,0,0,0,0,0,0,0,0,0,0,0,0,0,0,0,0,0,40224,6017,0,0,0,34,3901,0,0,0,0,0,0,0,0,0,0,0,0,0,0,0,0,0,0,39926,6315,0,0,0,34,3901,0,0,0,0,0,0,0,0,0,0,0,0,0,0,0,0,0,0,TCGA-GM-A2DD-DX1_xmin47260_ymin22408_MPP-0.2500+403
50131,0,0,0,0,45,0,0,0,0,0,0,0,0,0,0,0,0,0,0,0,0,0,0,0,50131,0,0,0,0,45,0,0,0,0,0,0,0,0,0,0,0,0,0,0,0,0,0,0,0,50131,0,0,0,0,45,0,0,0,0,0,0,0,0,0,0,0,0,0,0,0,0,0,0,0,TCGA-GM-A2DD-DX1_xmin47260_ymin22408_MPP-0.2500+404
47163,0,0,0,0,566,0,0,0,0,0,0,0,0,0,0,0,0,0,0,0,0,0,0,2447,47163,0,0,0,0,566,0,0,0,0,0,0,0,0,0,0,0,0,0,0,0,0,0,0,2447,47163,0,0,0,0,566,0,0,0,0,0,0,0,0,0,0,0,0,0,0,0,0,0,0,2447,TCGA-GM-A2DD-DX1_xmin47260_ymin22408_MPP-0.2500+405
19216,21240,0,0,0,835,1231,0,0,0,0,0,0,0,0,1057,819,0,0,0,0,0,0,0,5778,18991,21465,0,0,0,837,1229,0,0,0,0,0,0,0,0,817,1059,0,0,0,0,0,0,0,5778,19300,21156,0,0,0,1123,943,0,0,0,0,0,0,0,0,731,1145,0,0,0,0,0,0,0,5778,TCGA-GM-A2DD-DX1_xmin47260_ymin22408_MPP-0.2500+406
30571,0,0,0,0,1591,0,0,0,0,0,0,0,0,0,9283,0,0,0,0,0,0,0,0,8731,30571,0,0,0,0,1591,0,0,0,0,0,0,0,0,0,9283,0,0,0,0,0,0,0,0,8731,30571,0,0,0,0,1591,0,0,0,0,0,0,0,0,0,9283,0,0,0,0,0,0,0,0,8731,TCGA-GM-A2DD-DX1_xmin47260_ymin22408_MPP-0.2500+407
26756,0,0,3663,0,415,0,0,403,0,0,0,0,0,0,2262,0,0,12791,0,0,0,0,0,3886,24397,0,0,6022,0,453,0,0,365,0,0,0,0,0,0,2888,0,0,12165,0,0,0,0,0,3886,27570,0,0,2849,0,473,0,0,345,0,0,0,0,0,0,2766,0,0,12287,0,0,0,0,0,3886,TCGA-GM-A2DD-DX1_xmin47260_ymin22408_MPP-0.2500+408
44295,0,0,0,0,467,0,0,0,0,0,0,0,0,0,2894,0,0,0,0,0,0,0,0,2520,44295,0,0,0,0,467,0,0,0,0,0,0,0,0,0,2894,0,0,0,0,0,0,0,0,2520,44295,0,0,0,0,467,0,0,0,0,0,0,0,0,0,2894,0,0,0,0,0,0,0,0,2520,TCGA-GM-A2DD-DX1_xmin47260_ymin22408_MPP-0.2500+409
0,0,0,0,0,0,50176,0,0,0,0,0,0,0,0,0,0,0,0,0,0,0,0,0,0,0,0,0,0,0,0,50176,0,0,0,0,0,0,0,0,0,0,0,0,0,0,0,0,0,0,0,0,0,0,0,0,50176,0,0,0,0,0,0,0,0,0,0,0,0,0,0,0,0,0,0,TCGA-GM-A2DD-DX1_xmin47260_ymin22408_MPP-0.2500+41
50176,0,0,0,0,0,0,0,0,0,0,0,0,0,0,0,0,0,0,0,0,0,0,0,0,50176,0,0,0,0,0,0,0,0,0,0,0,0,0,0,0,0,0,0,0,0,0,0,0,0,50176,0,0,0,0,0,0,0,0,0,0,0,0,0,0,0,0,0,0,0,0,0,0,0,0,TCGA-GM-A2DD-DX1_xmin47260_ymin22408_MPP-0.2500+410
50176,0,0,0,0,0,0,0,0,0,0,0,0,0,0,0,0,0,0,0,0,0,0,0,0,50176,0,0,0,0,0,0,0,0,0,0,0,0,0,0,0,0,0,0,0,0,0,0,0,0,50176,0,0,0,0,0,0,0,0,0,0,0,0,0,0,0,0,0,0,0,0,0,0,0,0,TCGA-GM-A2DD-DX1_xmin47260_ymin22408_MPP-0.2500+411
40953,4844,0,0,0,2,4377,0,0,0,0,0,0,0,0,0,0,0,0,0,0,0,0,0,0,40874,4923,0,0,0,1,4378,0,0,0,0,0,0,0,0,0,0,0,0,0,0,0,0,0,0,41050,4747,0,0,0,2,4377,0,0,0,0,0,0,0,0,0,0,0,0,0,0,0,0,0,0,TCGA-GM-A2DD-DX1_xmin47260_ymin22408_MPP-0.2500+412
0,3212,0,0,0,0,46964,0,0,0,0,0,0,0,0,0,0,0,0,0,0,0,0,0,0,0,3212,0,0,0,0,46964,0,0,0,0,0,0,0,0,0,0,0,0,0,0,0,0,0,0,0,3212,0,0,0,0,46964,0,0,0,0,0,0,0,0,0,0,0,0,0,0,0,0,0,0,TCGA-GM-A2DD-DX1_xmin47260_ymin22408_MPP-0.2500+413
0,4966,0,0,0,0,43133,0,0,0,0,0,0,0,0,0,0,0,0,0,0,0,0,0,2077,0,4966,0,0,0,0,43133,0,0,0,0,0,0,0,0,0,0,0,0,0,0,0,0,0,2077,0,4966,0,0,0,0,43133,0,0,0,0,0,0,0,0,0,0,0,0,0,0,0,0,0,2077,TCGA-GM-A2DD-DX1_xmin47260_ymin22408_MPP-0.2500+414
31888,1432,0,0,0,3151,4549,0,0,0,0,0,0,0,0,0,0,0,0,0,0,0,0,0,9156,31906,1414,0,0,0,3097,4603,0,0,0,0,0,0,0,0,0,0,0,0,0,0,0,0,0,9156,32070,1250,0,0,0,3121,4579,0,0,0,0,0,0,0,0,0,0,0,0,0,0,0,0,0,9156,TCGA-GM-A2DD-DX1_xmin47260_ymin22408_MPP-0.2500+415
0,742,0,0,0,0,47367,0,0,0,0,0,0,0,0,0,0,0,0,0,0,0,0,0,2067,0,742,0,0,0,0,47367,0,0,0,0,0,0,0,0,0,0,0,0,0,0,0,0,0,2067,0,742,0,0,0,0,47367,0,0,0,0,0,0,0,0,0,0,0,0,0,0,0,0,0,2067,TCGA-GM-A2DD-DX1_xmin47260_ymin22408_MPP-0.2500+416
10227,1588,0,0,0,744,37617,0,0,0,0,0,0,0,0,0,0,0,0,0,0,0,0,0,0,10378,1437,0,0,0,989,37372,0,0,0,0,0,0,0,0,0,0,0,0,0,0,0,0,0,0,10231,1584,0,0,0,1148,37213,0,0,0,0,0,0,0,0,0,0,0,0,0,0,0,0,0,0,TCGA-GM-A2DD-DX1_xmin47260_ymin22408_MPP-0.2500+417
22081,7653,0,0,0,447,19995,0,0,0,0,0,0,0,0,0,0,0,0,0,0,0,0,0,0,22080,7654,0,0,0,490,19952,0,0,0,0,0,0,0,0,0,0,0,0,0,0,0,0,0,0,21639,8095,0,0,0,435,20007,0,0,0,0,0,0,0,0,0,0,0,0,0,0,0,0,0,0,TCGA-GM-A2DD-DX1_xmin47260_ymin22408_MPP-0.2500+418
16182,3254,0,0,0,3780,26427,0,0,0,0,0,0,0,0,0,0,0,0,0,0,0,0,0,533,16292,3144,0,0,0,3813,26394,0,0,0,0,0,0,0,0,0,0,0,0,0,0,0,0,0,533,16058,3378,0,0,0,3706,26501,0,0,0,0,0,0,0,0,0,0,0,0,0,0,0,0,0,533,TCGA-GM-A2DD-DX1_xmin47260_ymin22408_MPP-0.2500+419
0,0,0,0,0,0,50176,0,0,0,0,0,0,0,0,0,0,0,0,0,0,0,0,0,0,0,0,0,0,0,0,50176,0,0,0,0,0,0,0,0,0,0,0,0,0,0,0,0,0,0,0,0,0,0,0,0,50176,0,0,0,0,0,0,0,0,0,0,0,0,0,0,0,0,0,0,TCGA-GM-A2DD-DX1_xmin47260_ymin22408_MPP-0.2500+42
50176,0,0,0,0,0,0,0,0,0,0,0,0,0,0,0,0,0,0,0,0,0,0,0,0,50176,0,0,0,0,0,0,0,0,0,0,0,0,0,0,0,0,0,0,0,0,0,0,0,0,50176,0,0,0,0,0,0,0,0,0,0,0,0,0,0,0,0,0,0,0,0,0,0,0,0,TCGA-GM-A2DD-DX1_xmin47260_ymin22408_MPP-0.2500+420
47331,0,0,0,0,0,0,0,0,0,0,0,0,0,0,0,0,0,0,0,0,0,0,0,2845,47331,0,0,0,0,0,0,0,0,0,0,0,0,0,0,0,0,0,0,0,0,0,0,0,2845,47331,0,0,0,0,0,0,0,0,0,0,0,0,0,0,0,0,0,0,0,0,0,0,0,2845,TCGA-GM-A2DD-DX1_xmin47260_ymin22408_MPP-0.2500+421
49261,0,0,0,0,2,0,0,0,0,0,0,0,0,0,0,0,0,0,0,0,0,0,0,913,49261,0,0,0,0,2,0,0,0,0,0,0,0,0,0,0,0,0,0,0,0,0,0,0,913,49261,0,0,0,0,2,0,0,0,0,0,0,0,0,0,0,0,0,0,0,0,0,0,0,913,TCGA-GM-A2DD-DX1_xmin47260_ymin22408_MPP-0.2500+422
50176,0,0,0,0,0,0,0,0,0,0,0,0,0,0,0,0,0,0,0,0,0,0,0,0,50176,0,0,0,0,0,0,0,0,0,0,0,0,0,0,0,0,0,0,0,0,0,0,0,0,50176,0,0,0,0,0,0,0,0,0,0,0,0,0,0,0,0,0,0,0,0,0,0,0,0,TCGA-GM-A2DD-DX1_xmin47260_ymin22408_MPP-0.2500+423
50176,0,0,0,0,0,0,0,0,0,0,0,0,0,0,0,0,0,0,0,0,0,0,0,0,50176,0,0,0,0,0,0,0,0,0,0,0,0,0,0,0,0,0,0,0,0,0,0,0,0,50176,0,0,0,0,0,0,0,0,0,0,0,0,0,0,0,0,0,0,0,0,0,0,0,0,TCGA-GM-A2DD-DX1_xmin47260_ymin22408_MPP-0.2500+424
50176,0,0,0,0,0,0,0,0,0,0,0,0,0,0,0,0,0,0,0,0,0,0,0,0,50176,0,0,0,0,0,0,0,0,0,0,0,0,0,0,0,0,0,0,0,0,0,0,0,0,50176,0,0,0,0,0,0,0,0,0,0,0,0,0,0,0,0,0,0,0,0,0,0,0,0,TCGA-GM-A2DD-DX1_xmin47260_ymin22408_MPP-0.2500+425
50176,0,0,0,0,0,0,0,0,0,0,0,0,0,0,0,0,0,0,0,0,0,0,0,0,50176,0,0,0,0,0,0,0,0,0,0,0,0,0,0,0,0,0,0,0,0,0,0,0,0,50176,0,0,0,0,0,0,0,0,0,0,0,0,0,0,0,0,0,0,0,0,0,0,0,0,TCGA-GM-A2DD-DX1_xmin47260_ymin22408_MPP-0.2500+426
0,20949,0,0,0,0,29227,0,0,0,0,0,0,0,0,0,0,0,0,0,0,0,0,0,0,0,20949,0,0,0,0,29227,0,0,0,0,0,0,0,0,0,0,0,0,0,0,0,0,0,0,0,20949,0,0,0,0,29227,0,0,0,0,0,0,0,0,0,0,0,0,0,0,0,0,0,0,TCGA-GM-A2DD-DX1_xmin47260_ymin22408_MPP-0.2500+427
0,0,0,0,0,0,50176,0,0,0,0,0,0,0,0,0,0,0,0,0,0,0,0,0,0,0,0,0,0,0,0,50176,0,0,0,0,0,0,0,0,0,0,0,0,0,0,0,0,0,0,0,0,0,0,0,0,50176,0,0,0,0,0,0,0,0,0,0,0,0,0,0,0,0,0,0,TCGA-GM-A2DD-DX1_xmin47260_ymin22408_MPP-0.2500+428
3123,0,0,0,0,1439,31296,0,0,0,0,0,0,0,0,0,0,0,0,0,0,0,0,0,14318,3123,0,0,0,0,906,31829,0,0,0,0,0,0,0,0,0,0,0,0,0,0,0,0,0,14318,3123,0,0,0,0,1500,31235,0,0,0,0,0,0,0,0,0,0,0,0,0,0,0,0,0,14318,TCGA-GM-A2DD-DX1_xmin47260_ymin22408_MPP-0.2500+429
0,0,0,0,0,0,50176,0,0,0,0,0,0,0,0,0,0,0,0,0,0,0,0,0,0,0,0,0,0,0,0,50176,0,0,0,0,0,0,0,0,0,0,0,0,0,0,0,0,0,0,0,0,0,0,0,0,50176,0,0,0,0,0,0,0,0,0,0,0,0,0,0,0,0,0,0,TCGA-GM-A2DD-DX1_xmin47260_ymin22408_MPP-0.2500+43
47160,0,0,0,0,347,0,0,0,0,0,0,0,0,0,0,0,0,0,0,0,0,0,0,2669,32075,15085,0,0,0,0,347,0,0,0,0,0,0,0,0,0,0,0,0,0,0,0,0,0,2669,47160,0,0,0,0,347,0,0,0,0,0,0,0,0,0,0,0,0,0,0,0,0,0,0,2669,TCGA-GM-A2DD-DX1_xmin47260_ymin22408_MPP-0.2500+430
17348,1889,0,0,0,366,29352,0,0,0,0,0,0,0,0,0,0,0,0,0,0,0,0,0,1221,17207,2030,0,0,0,284,29434,0,0,0,0,0,0,0,0,0,0,0,0,0,0,0,0,0,1221,16960,2277,0,0,0,541,29177,0,0,0,0,0,0,0,0,0,0,0,0,0,0,0,0,0,1221,TCGA-GM-A2DD-DX1_xmin47260_ymin22408_MPP-0.2500+431
26290,7384,0,0,0,247,16255,0,0,0,0,0,0,0,0,0,0,0,0,0,0,0,0,0,0,26421,7253,0,0,0,245,16257,0,0,0,0,0,0,0,0,0,0,0,0,0,0,0,0,0,0,26518,7156,0,0,0,377,16125,0,0,0,0,0,0,0,0,0,0,0,0,0,0,0,0,0,0,TCGA-GM-A2DD-DX1_xmin47260_ymin22408_MPP-0.2500+432
31440,4080,0,0,0,3863,10793,0,0,0,0,0,0,0,0,0,0,0,0,0,0,0,0,0,0,31527,3993,0,0,0,4142,10514,0,0,0,0,0,0,0,0,0,0,0,0,0,0,0,0,0,0,31427,4093,0,0,0,4352,10304,0,0,0,0,0,0,0,0,0,0,0,0,0,0,0,0,0,0,TCGA-GM-A2DD-DX1_xmin47260_ymin22408_MPP-0.2500+433
29109,942,0,0,0,2043,9067,0,0,0,0,0,0,0,0,0,0,0,0,0,0,0,0,0,9015,29154,897,0,0,0,2475,8635,0,0,0,0,0,0,0,0,0,0,0,0,0,0,0,0,0,9015,29165,886,0,0,0,2795,8315,0,0,0,0,0,0,0,0,0,0,0,0,0,0,0,0,0,9015,TCGA-GM-A2DD-DX1_xmin47260_ymin22408_MPP-0.2500+434
0,0,0,0,0,0,50176,0,0,0,0,0,0,0,0,0,0,0,0,0,0,0,0,0,0,0,0,0,0,0,0,50176,0,0,0,0,0,0,0,0,0,0,0,0,0,0,0,0,0,0,0,0,0,0,0,0,50176,0,0,0,0,0,0,0,0,0,0,0,0,0,0,0,0,0,0,TCGA-GM-A2DD-DX1_xmin47260_ymin22408_MPP-0.2500+44
6499,760,0,0,0,1620,25197,0,0,0,180,15920,0,0,0,0,0,0,0,0,0,0,0,0,0,6611,648,0,0,0,1614,25203,0,0,0,278,15822,0,0,0,0,0,0,0,0,0,0,0,0,0,6542,717,0,0,0,1776,25041,0,0,0,123,15977,0,0,0,0,0,0,0,0,0,0,0,0,0,TCGA-GM-A2DD-DX1_xmin47260_ymin22408_MPP-0.2500+45
0,0,0,0,0,0,18555,5446,0,0,0,1556,24619,0,0,0,0,0,0,0,0,0,0,0,0,0,0,0,0,0,0,18953,5048,0,0,0,1840,24335,0,0,0,0,0,0,0,0,0,0,0,0,0,0,0,0,0,0,18802,5199,0,0,0,1919,24256,0,0,0,0,0,0,0,0,0,0,0,0,TCGA-GM-A2DD-DX1_xmin47260_ymin22408_MPP-0.2500+46
0,6568,0,0,0,0,43608,0,0,0,0,0,0,0,0,0,0,0,0,0,0,0,0,0,0,0,6568,0,0,0,0,43608,0,0,0,0,0,0,0,0,0,0,0,0,0,0,0,0,0,0,0,6568,0,0,0,0,43608,0,0,0,0,0,0,0,0,0,0,0,0,0,0,0,0,0,0,TCGA-GM-A2DD-DX1_xmin47260_ymin22408_MPP-0.2500+47
0,0,0,0,0,0,15487,3826,0,0,0,7950,22913,0,0,0,0,0,0,0,0,0,0,0,0,0,0,0,0,0,0,15930,3383,0,0,0,8566,22297,0,0,0,0,0,0,0,0,0,0,0,0,0,0,0,0,0,0,15191,4122,0,0,0,8012,22851,0,0,0,0,0,0,0,0,0,0,0,0,TCGA-GM-A2DD-DX1_xmin47260_ymin22408_MPP-0.2500+48
0,0,0,0,0,0,20053,12334,0,0,0,6704,857,0,0,0,0,0,0,0,0,0,0,0,10228,0,0,0,0,0,0,20534,11853,0,0,0,6995,566,0,0,0,0,0,0,0,0,0,0,0,10228,0,0,0,0,0,0,20461,11926,0,0,0,6957,604,0,0,0,0,0,0,0,0,0,0,0,10228,TCGA-GM-A2DD-DX1_xmin47260_ymin22408_MPP-0.2500+49
0,0,0,0,0,0,50176,0,0,0,0,0,0,0,0,0,0,0,0,0,0,0,0,0,0,0,0,0,0,0,0,50176,0,0,0,0,0,0,0,0,0,0,0,0,0,0,0,0,0,0,0,0,0,0,0,0,50176,0,0,0,0,0,0,0,0,0,0,0,0,0,0,0,0,0,0,TCGA-GM-A2DD-DX1_xmin47260_ymin22408_MPP-0.2500+5
0,0,0,0,0,0,49374,0,0,0,0,0,0,0,0,0,0,0,0,0,0,0,0,0,802,0,0,0,0,0,0,49374,0,0,0,0,0,0,0,0,0,0,0,0,0,0,0,0,0,802,0,0,0,0,0,0,49374,0,0,0,0,0,0,0,0,0,0,0,0,0,0,0,0,0,802,TCGA-GM-A2DD-DX1_xmin47260_ymin22408_MPP-0.2500+50
0,1089,0,0,0,0,48009,0,0,0,0,1078,0,0,0,0,0,0,0,0,0,0,0,0,0,0,1089,0,0,0,0,48009,0,0,0,0,1078,0,0,0,0,0,0,0,0,0,0,0,0,0,0,1089,0,0,0,0,48009,0,0,0,0,1078,0,0,0,0,0,0,0,0,0,0,0,0,0,TCGA-GM-A2DD-DX1_xmin47260_ymin22408_MPP-0.2500+51
0,11245,0,0,0,0,38931,0,0,0,0,0,0,0,0,0,0,0,0,0,0,0,0,0,0,0,11245,0,0,0,0,38931,0,0,0,0,0,0,0,0,0,0,0,0,0,0,0,0,0,0,0,11245,0,0,0,0,38931,0,0,0,0,0,0,0,0,0,0,0,0,0,0,0,0,0,0,TCGA-GM-A2DD-DX1_xmin47260_ymin22408_MPP-0.2500+52
10857,3575,0,0,0,4382,31362,0,0,0,0,0,0,0,0,0,0,0,0,0,0,0,0,0,0,10695,3737,0,0,0,3680,32064,0,0,0,0,0,0,0,0,0,0,0,0,0,0,0,0,0,0,10901,3531,0,0,0,4876,30868,0,0,0,0,0,0,0,0,0,0,0,0,0,0,0,0,0,0,TCGA-GM-A2DD-DX1_xmin47260_ymin22408_MPP-0.2500+53
0,0,0,0,0,0,50176,0,0,0,0,0,0,0,0,0,0,0,0,0,0,0,0,0,0,0,0,0,0,0,0,50176,0,0,0,0,0,0,0,0,0,0,0,0,0,0,0,0,0,0,0,0,0,0,0,0,50176,0,0,0,0,0,0,0,0,0,0,0,0,0,0,0,0,0,0,TCGA-GM-A2DD-DX1_xmin47260_ymin22408_MPP-0.2500+54
0,0,0,0,0,0,50176,0,0,0,0,0,0,0,0,0,0,0,0,0,0,0,0,0,0,0,0,0,0,0,0,50176,0,0,0,0,0,0,0,0,0,0,0,0,0,0,0,0,0,0,0,0,0,0,0,0,50176,0,0,0,0,0,0,0,0,0,0,0,0,0,0,0,0,0,0,TCGA-GM-A2DD-DX1_xmin47260_ymin22408_MPP-0.2500+55
0,0,0,0,0,0,50176,0,0,0,0,0,0,0,0,0,0,0,0,0,0,0,0,0,0,0,0,0,0,0,0,50176,0,0,0,0,0,0,0,0,0,0,0,0,0,0,0,0,0,0,0,0,0,0,0,0,50176,0,0,0,0,0,0,0,0,0,0,0,0,0,0,0,0,0,0,TCGA-GM-A2DD-DX1_xmin47260_ymin22408_MPP-0.2500+56
0,0,0,0,0,0,50176,0,0,0,0,0,0,0,0,0,0,0,0,0,0,0,0,0,0,0,0,0,0,0,0,50176,0,0,0,0,0,0,0,0,0,0,0,0,0,0,0,0,0,0,0,0,0,0,0,0,50176,0,0,0,0,0,0,0,0,0,0,0,0,0,0,0,0,0,0,TCGA-GM-A2DD-DX1_xmin47260_ymin22408_MPP-0.2500+57
0,0,0,0,0,0,50176,0,0,0,0,0,0,0,0,0,0,0,0,0,0,0,0,0,0,0,0,0,0,0,0,50176,0,0,0,0,0,0,0,0,0,0,0,0,0,0,0,0,0,0,0,0,0,0,0,0,50176,0,0,0,0,0,0,0,0,0,0,0,0,0,0,0,0,0,0,TCGA-GM-A2DD-DX1_xmin47260_ymin22408_MPP-0.2500+58
0,0,0,0,0,0,50176,0,0,0,0,0,0,0,0,0,0,0,0,0,0,0,0,0,0,0,0,0,0,0,0,50176,0,0,0,0,0,0,0,0,0,0,0,0,0,0,0,0,0,0,0,0,0,0,0,0,50176,0,0,0,0,0,0,0,0,0,0,0,0,0,0,0,0,0,0,TCGA-GM-A2DD-DX1_xmin47260_ymin22408_MPP-0.2500+59
0,0,0,0,0,0,50176,0,0,0,0,0,0,0,0,0,0,0,0,0,0,0,0,0,0,0,0,0,0,0,0,50176,0,0,0,0,0,0,0,0,0,0,0,0,0,0,0,0,0,0,0,0,0,0,0,0,50176,0,0,0,0,0,0,0,0,0,0,0,0,0,0,0,0,0,0,TCGA-GM-A2DD-DX1_xmin47260_ymin22408_MPP-0.2500+6
0,0,0,0,0,0,38201,4355,0,0,0,2836,4784,0,0,0,0,0,0,0,0,0,0,0,0,0,0,0,0,0,0,38094,4462,0,0,0,2814,4806,0,0,0,0,0,0,0,0,0,0,0,0,0,0,0,0,0,0,38398,4158,0,0,0,2961,4659,0,0,0,0,0,0,0,0,0,0,0,0,TCGA-GM-A2DD-DX1_xmin47260_ymin22408_MPP-0.2500+60
0,0,0,0,0,0,22144,2826,0,0,0,6382,18824,0,0,0,0,0,0,0,0,0,0,0,0,0,0,0,0,0,0,21939,3031,0,0,0,6068,19138,0,0,0,0,0,0,0,0,0,0,0,0,0,0,0,0,0,0,21924,3046,0,0,0,6032,19174,0,0,0,0,0,0,0,0,0,0,0,0,TCGA-GM-A2DD-DX1_xmin47260_ymin22408_MPP-0.2500+61
0,0,0,0,0,0,28765,0,0,0,0,21411,0,0,0,0,0,0,0,0,0,0,0,0,0,0,0,0,0,0,0,28765,0,0,0,0,21411,0,0,0,0,0,0,0,0,0,0,0,0,0,0,0,0,0,0,0,28765,0,0,0,0,21411,0,0,0,0,0,0,0,0,0,0,0,0,0,TCGA-GM-A2DD-DX1_xmin47260_ymin22408_MPP-0.2500+62
2056,28,0,0,0,8109,35655,0,0,0,669,3659,0,0,0,0,0,0,0,0,0,0,0,0,0,2056,28,0,0,0,7788,35976,0,0,0,602,3726,0,0,0,0,0,0,0,0,0,0,0,0,0,2057,27,0,0,0,9107,34657,0,0,0,710,3618,0,0,0,0,0,0,0,0,0,0,0,0,0,TCGA-GM-A2DD-DX1_xmin47260_ymin22408_MPP-0.2500+63
0,0,0,0,0,0,44466,0,0,0,0,5710,0,0,0,0,0,0,0,0,0,0,0,0,0,0,0,0,0,0,0,44466,0,0,0,0,5710,0,0,0,0,0,0,0,0,0,0,0,0,0,0,0,0,0,0,0,44466,0,0,0,0,5710,0,0,0,0,0,0,0,0,0,0,0,0,0,TCGA-GM-A2DD-DX1_xmin47260_ymin22408_MPP-0.2500+64
0,0,0,0,0,0,50176,0,0,0,0,0,0,0,0,0,0,0,0,0,0,0,0,0,0,0,0,0,0,0,0,50176,0,0,0,0,0,0,0,0,0,0,0,0,0,0,0,0,0,0,0,0,0,0,0,0,50176,0,0,0,0,0,0,0,0,0,0,0,0,0,0,0,0,0,0,TCGA-GM-A2DD-DX1_xmin47260_ymin22408_MPP-0.2500+65
22453,1692,0,0,0,244,25787,0,0,0,0,0,0,0,0,0,0,0,0,0,0,0,0,0,0,22687,1458,0,0,0,314,25717,0,0,0,0,0,0,0,0,0,0,0,0,0,0,0,0,0,0,22430,1715,0,0,0,352,25679,0,0,0,0,0,0,0,0,0,0,0,0,0,0,0,0,0,0,TCGA-GM-A2DD-DX1_xmin47260_ymin22408_MPP-0.2500+66
50176,0,0,0,0,0,0,0,0,0,0,0,0,0,0,0,0,0,0,0,0,0,0,0,0,50176,0,0,0,0,0,0,0,0,0,0,0,0,0,0,0,0,0,0,0,0,0,0,0,0,50176,0,0,0,0,0,0,0,0,0,0,0,0,0,0,0,0,0,0,0,0,0,0,0,0,TCGA-GM-A2DD-DX1_xmin47260_ymin22408_MPP-0.2500+67
34564,14805,0,0,0,0,807,0,0,0,0,0,0,0,0,0,0,0,0,0,0,0,0,0,0,35958,13411,0,0,0,0,807,0,0,0,0,0,0,0,0,0,0,0,0,0,0,0,0,0,0,35910,13459,0,0,0,0,807,0,0,0,0,0,0,0,0,0,0,0,0,0,0,0,0,0,0,TCGA-GM-A2DD-DX1_xmin47260_ymin22408_MPP-0.2500+68
0,625,0,0,0,0,49551,0,0,0,0,0,0,0,0,0,0,0,0,0,0,0,0,0,0,0,625,0,0,0,0,49551,0,0,0,0,0,0,0,0,0,0,0,0,0,0,0,0,0,0,0,625,0,0,0,0,49551,0,0,0,0,0,0,0,0,0,0,0,0,0,0,0,0,0,0,TCGA-GM-A2DD-DX1_xmin47260_ymin22408_MPP-0.2500+69
0,0,0,0,0,0,50176,0,0,0,0,0,0,0,0,0,0,0,0,0,0,0,0,0,0,0,0,0,0,0,0,50176,0,0,0,0,0,0,0,0,0,0,0,0,0,0,0,0,0,0,0,0,0,0,0,0,50176,0,0,0,0,0,0,0,0,0,0,0,0,0,0,0,0,0,0,TCGA-GM-A2DD-DX1_xmin47260_ymin22408_MPP-0.2500+7
0,0,0,0,0,0,50176,0,0,0,0,0,0,0,0,0,0,0,0,0,0,0,0,0,0,0,0,0,0,0,0,50176,0,0,0,0,0,0,0,0,0,0,0,0,0,0,0,0,0,0,0,0,0,0,0,0,50176,0,0,0,0,0,0,0,0,0,0,0,0,0,0,0,0,0,0,TCGA-GM-A2DD-DX1_xmin47260_ymin22408_MPP-0.2500+70
0,0,0,0,0,0,50176,0,0,0,0,0,0,0,0,0,0,0,0,0,0,0,0,0,0,0,0,0,0,0,0,50176,0,0,0,0,0,0,0,0,0,0,0,0,0,0,0,0,0,0,0,0,0,0,0,0,50176,0,0,0,0,0,0,0,0,0,0,0,0,0,0,0,0,0,0,TCGA-GM-A2DD-DX1_xmin47260_ymin22408_MPP-0.2500+71
0,0,0,0,0,0,50176,0,0,0,0,0,0,0,0,0,0,0,0,0,0,0,0,0,0,0,0,0,0,0,0,50176,0,0,0,0,0,0,0,0,0,0,0,0,0,0,0,0,0,0,0,0,0,0,0,0,50176,0,0,0,0,0,0,0,0,0,0,0,0,0,0,0,0,0,0,TCGA-GM-A2DD-DX1_xmin47260_ymin22408_MPP-0.2500+72
0,0,0,0,0,0,50176,0,0,0,0,0,0,0,0,0,0,0,0,0,0,0,0,0,0,0,0,0,0,0,0,50176,0,0,0,0,0,0,0,0,0,0,0,0,0,0,0,0,0,0,0,0,0,0,0,0,50176,0,0,0,0,0,0,0,0,0,0,0,0,0,0,0,0,0,0,TCGA-GM-A2DD-DX1_xmin47260_ymin22408_MPP-0.2500+73
0,0,0,0,0,0,50176,0,0,0,0,0,0,0,0,0,0,0,0,0,0,0,0,0,0,0,0,0,0,0,0,50176,0,0,0,0,0,0,0,0,0,0,0,0,0,0,0,0,0,0,0,0,0,0,0,0,50176,0,0,0,0,0,0,0,0,0,0,0,0,0,0,0,0,0,0,TCGA-GM-A2DD-DX1_xmin47260_ymin22408_MPP-0.2500+74
0,0,0,0,0,0,41851,6102,0,0,0,1121,1102,0,0,0,0,0,0,0,0,0,0,0,0,0,0,0,0,0,0,41756,6197,0,0,0,1226,997,0,0,0,0,0,0,0,0,0,0,0,0,0,0,0,0,0,0,42360,5593,0,0,0,1283,940,0,0,0,0,0,0,0,0,0,0,0,0,TCGA-GM-A2DD-DX1_xmin47260_ymin22408_MPP-0.2500+75
0,0,0,0,0,0,44744,2093,0,0,0,134,3205,0,0,0,0,0,0,0,0,0,0,0,0,0,0,0,0,0,0,44694,2143,0,0,0,75,3264,0,0,0,0,0,0,0,0,0,0,0,0,0,0,0,0,0,0,44638,2199,0,0,0,86,3253,0,0,0,0,0,0,0,0,0,0,0,0,TCGA-GM-A2DD-DX1_xmin47260_ymin22408_MPP-0.2500+76
0,645,0,0,0,0,48649,0,0,0,0,882,0,0,0,0,0,0,0,0,0,0,0,0,0,0,645,0,0,0,0,48649,0,0,0,0,882,0,0,0,0,0,0,0,0,0,0,0,0,0,0,645,0,0,0,4,48645,0,0,0,0,882,0,0,0,0,0,0,0,0,0,0,0,0,0,TCGA-GM-A2DD-DX1_xmin47260_ymin22408_MPP-0.2500+77
17846,3648,0,0,0,2374,26308,0,0,0,0,0,0,0,0,0,0,0,0,0,0,0,0,0,0,17892,3602,0,0,0,1951,26731,0,0,0,0,0,0,0,0,0,0,0,0,0,0,0,0,0,0,18312,3182,0,0,0,2493,26189,0,0,0,0,0,0,0,0,0,0,0,0,0,0,0,0,0,0,TCGA-GM-A2DD-DX1_xmin47260_ymin22408_MPP-0.2500+78
0,0,0,0,0,0,50176,0,0,0,0,0,0,0,0,0,0,0,0,0,0,0,0,0,0,0,0,0,0,0,0,50176,0,0,0,0,0,0,0,0,0,0,0,0,0,0,0,0,0,0,0,0,0,0,0,0,50176,0,0,0,0,0,0,0,0,0,0,0,0,0,0,0,0,0,0,TCGA-GM-A2DD-DX1_xmin47260_ymin22408_MPP-0.2500+79
0,0,0,0,0,0,50176,0,0,0,0,0,0,0,0,0,0,0,0,0,0,0,0,0,0,0,0,0,0,0,0,50176,0,0,0,0,0,0,0,0,0,0,0,0,0,0,0,0,0,0,0,0,0,0,0,0,50176,0,0,0,0,0,0,0,0,0,0,0,0,0,0,0,0,0,0,TCGA-GM-A2DD-DX1_xmin47260_ymin22408_MPP-0.2500+8
0,4420,0,0,0,0,45756,0,0,0,0,0,0,0,0,0,0,0,0,0,0,0,0,0,0,0,4420,0,0,0,0,45756,0,0,0,0,0,0,0,0,0,0,0,0,0,0,0,0,0,0,0,4420,0,0,0,0,45756,0,0,0,0,0,0,0,0,0,0,0,0,0,0,0,0,0,0,TCGA-GM-A2DD-DX1_xmin47260_ymin22408_MPP-0.2500+80
30019,2167,0,0,0,266,17724,0,0,0,0,0,0,0,0,0,0,0,0,0,0,0,0,0,0,30074,2112,0,0,0,304,17686,0,0,0,0,0,0,0,0,0,0,0,0,0,0,0,0,0,0,30021,2165,0,0,0,230,17760,0,0,0,0,0,0,0,0,0,0,0,0,0,0,0,0,0,0,TCGA-GM-A2DD-DX1_xmin47260_ymin22408_MPP-0.2500+81
43195,3100,0,0,0,482,3399,0,0,0,0,0,0,0,0,0,0,0,0,0,0,0,0,0,0,43037,3258,0,0,0,471,3410,0,0,0,0,0,0,0,0,0,0,0,0,0,0,0,0,0,0,43109,3186,0,0,0,468,3413,0,0,0,0,0,0,0,0,0,0,0,0,0,0,0,0,0,0,TCGA-GM-A2DD-DX1_xmin47260_ymin22408_MPP-0.2500+82
18140,635,0,0,0,6761,24640,0,0,0,0,0,0,0,0,0,0,0,0,0,0,0,0,0,0,18129,646,0,0,0,6545,24856,0,0,0,0,0,0,0,0,0,0,0,0,0,0,0,0,0,0,18316,459,0,0,0,7524,23877,0,0,0,0,0,0,0,0,0,0,0,0,0,0,0,0,0,0,TCGA-GM-A2DD-DX1_xmin47260_ymin22408_MPP-0.2500+83
0,0,0,0,0,0,50176,0,0,0,0,0,0,0,0,0,0,0,0,0,0,0,0,0,0,0,0,0,0,0,0,50176,0,0,0,0,0,0,0,0,0,0,0,0,0,0,0,0,0,0,0,0,0,0,0,0,50176,0,0,0,0,0,0,0,0,0,0,0,0,0,0,0,0,0,0,TCGA-GM-A2DD-DX1_xmin47260_ymin22408_MPP-0.2500+84
0,0,0,0,0,0,50176,0,0,0,0,0,0,0,0,0,0,0,0,0,0,0,0,0,0,0,0,0,0,0,0,50176,0,0,0,0,0,0,0,0,0,0,0,0,0,0,0,0,0,0,0,0,0,0,0,0,50176,0,0,0,0,0,0,0,0,0,0,0,0,0,0,0,0,0,0,TCGA-GM-A2DD-DX1_xmin47260_ymin22408_MPP-0.2500+85
0,0,0,0,0,0,50176,0,0,0,0,0,0,0,0,0,0,0,0,0,0,0,0,0,0,0,0,0,0,0,0,50176,0,0,0,0,0,0,0,0,0,0,0,0,0,0,0,0,0,0,0,0,0,0,0,0,50176,0,0,0,0,0,0,0,0,0,0,0,0,0,0,0,0,0,0,TCGA-GM-A2DD-DX1_xmin47260_ymin22408_MPP-0.2500+86
0,0,0,0,0,0,50176,0,0,0,0,0,0,0,0,0,0,0,0,0,0,0,0,0,0,0,0,0,0,0,0,50176,0,0,0,0,0,0,0,0,0,0,0,0,0,0,0,0,0,0,0,0,0,0,0,0,50176,0,0,0,0,0,0,0,0,0,0,0,0,0,0,0,0,0,0,TCGA-GM-A2DD-DX1_xmin47260_ymin22408_MPP-0.2500+87
0,0,0,0,0,0,50176,0,0,0,0,0,0,0,0,0,0,0,0,0,0,0,0,0,0,0,0,0,0,0,0,50176,0,0,0,0,0,0,0,0,0,0,0,0,0,0,0,0,0,0,0,0,0,0,0,0,50176,0,0,0,0,0,0,0,0,0,0,0,0,0,0,0,0,0,0,TCGA-GM-A2DD-DX1_xmin47260_ymin22408_MPP-0.2500+88
0,0,0,0,0,0,50176,0,0,0,0,0,0,0,0,0,0,0,0,0,0,0,0,0,0,0,0,0,0,0,0,50176,0,0,0,0,0,0,0,0,0,0,0,0,0,0,0,0,0,0,0,0,0,0,0,0,50176,0,0,0,0,0,0,0,0,0,0,0,0,0,0,0,0,0,0,TCGA-GM-A2DD-DX1_xmin47260_ymin22408_MPP-0.2500+89
0,0,0,0,0,0,38364,0,0,0,0,0,0,0,0,0,0,0,0,0,0,0,0,0,11812,0,0,0,0,0,0,38364,0,0,0,0,0,0,0,0,0,0,0,0,0,0,0,0,0,11812,0,0,0,0,0,0,38364,0,0,0,0,0,0,0,0,0,0,0,0,0,0,0,0,0,11812,TCGA-GM-A2DD-DX1_xmin47260_ymin22408_MPP-0.2500+9
0,0,0,0,0,0,50176,0,0,0,0,0,0,0,0,0,0,0,0,0,0,0,0,0,0,0,0,0,0,0,0,50176,0,0,0,0,0,0,0,0,0,0,0,0,0,0,0,0,0,0,0,0,0,0,0,0,50176,0,0,0,0,0,0,0,0,0,0,0,0,0,0,0,0,0,0,TCGA-GM-A2DD-DX1_xmin47260_ymin22408_MPP-0.2500+90
0,0,0,0,0,0,50176,0,0,0,0,0,0,0,0,0,0,0,0,0,0,0,0,0,0,0,0,0,0,0,0,50176,0,0,0,0,0,0,0,0,0,0,0,0,0,0,0,0,0,0,0,0,0,0,0,0,50176,0,0,0,0,0,0,0,0,0,0,0,0,0,0,0,0,0,0,TCGA-GM-A2DD-DX1_xmin47260_ymin22408_MPP-0.2500+91
0,0,0,0,0,0,50176,0,0,0,0,0,0,0,0,0,0,0,0,0,0,0,0,0,0,0,0,0,0,0,0,50176,0,0,0,0,0,0,0,0,0,0,0,0,0,0,0,0,0,0,0,0,0,0,0,0,50176,0,0,0,0,0,0,0,0,0,0,0,0,0,0,0,0,0,0,TCGA-GM-A2DD-DX1_xmin47260_ymin22408_MPP-0.2500+92
0,0,0,0,0,7615,42561,0,0,0,0,0,0,0,0,0,0,0,0,0,0,0,0,0,0,0,0,0,0,0,7721,42455,0,0,0,0,0,0,0,0,0,0,0,0,0,0,0,0,0,0,0,0,0,0,0,7692,42484,0,0,0,0,0,0,0,0,0,0,0,0,0,0,0,0,0,0,TCGA-GM-A2DD-DX1_xmin47260_ymin22408_MPP-0.2500+93
0,0,0,0,0,0,50176,0,0,0,0,0,0,0,0,0,0,0,0,0,0,0,0,0,0,0,0,0,0,0,0,50176,0,0,0,0,0,0,0,0,0,0,0,0,0,0,0,0,0,0,0,0,0,0,0,0,50176,0,0,0,0,0,0,0,0,0,0,0,0,0,0,0,0,0,0,TCGA-GM-A2DD-DX1_xmin47260_ymin22408_MPP-0.2500+94
0,11207,0,0,0,0,38969,0,0,0,0,0,0,0,0,0,0,0,0,0,0,0,0,0,0,0,11207,0,0,0,0,38969,0,0,0,0,0,0,0,0,0,0,0,0,0,0,0,0,0,0,0,11207,0,0,0,0,38969,0,0,0,0,0,0,0,0,0,0,0,0,0,0,0,0,0,0,TCGA-GM-A2DD-DX1_xmin47260_ymin22408_MPP-0.2500+95
0,2419,0,0,0,0,47757,0,0,0,0,0,0,0,0,0,0,0,0,0,0,0,0,0,0,0,2419,0,0,0,0,47757,0,0,0,0,0,0,0,0,0,0,0,0,0,0,0,0,0,0,0,2419,0,0,0,0,47757,0,0,0,0,0,0,0,0,0,0,0,0,0,0,0,0,0,0,TCGA-GM-A2DD-DX1_xmin47260_ymin22408_MPP-0.2500+96
0,1023,0,0,0,0,49153,0,0,0,0,0,0,0,0,0,0,0,0,0,0,0,0,0,0,0,1023,0,0,0,0,49153,0,0,0,0,0,0,0,0,0,0,0,0,0,0,0,0,0,0,0,1023,0,0,0,0,49153,0,0,0,0,0,0,0,0,0,0,0,0,0,0,0,0,0,0,TCGA-GM-A2DD-DX1_xmin47260_ymin22408_MPP-0.2500+97
0,0,0,0,0,0,39670,0,0,0,0,10506,0,0,0,0,0,0,0,0,0,0,0,0,0,0,0,0,0,0,0,39670,0,0,0,0,10506,0,0,0,0,0,0,0,0,0,0,0,0,0,0,0,0,0,0,0,39670,0,0,0,0,10506,0,0,0,0,0,0,0,0,0,0,0,0,0,TCGA-GM-A2DD-DX1_xmin47260_ymin22408_MPP-0.2500+98
0,0,0,0,0,0,40544,0,0,0,0,9632,0,0,0,0,0,0,0,0,0,0,0,0,0,0,0,0,0,0,0,40544,0,0,0,0,9632,0,0,0,0,0,0,0,0,0,0,0,0,0,0,0,0,0,0,0,40544,0,0,0,0,9632,0,0,0,0,0,0,0,0,0,0,0,0,0,TCGA-GM-A2DD-DX1_xmin47260_ymin22408_MPP-0.2500+99
0,0,0,0,0,0,0,0,0,0,0,0,50176,0,0,0,0,0,0,0,0,0,0,0,0,0,0,0,0,0,0,0,0,0,0,0,0,50176,0,0,0,0,0,0,0,0,0,0,0,0,0,0,0,0,0,0,0,0,0,0,0,0,50176,0,0,0,0,0,0,0,0,0,0,0,0,TCGA-GM-A2DF-DX1_xmin50637_ymin43774_MPP-0.2500+0
0,0,0,0,0,0,0,413,0,0,0,0,48569,0,0,0,0,0,0,0,0,0,0,0,1194,0,0,0,0,0,0,0,413,0,0,0,0,48569,0,0,0,0,0,0,0,0,0,0,0,1194,0,0,0,0,0,0,0,413,0,0,0,0,48569,0,0,0,0,0,0,0,0,0,0,0,1194,TCGA-GM-A2DF-DX1_xmin50637_ymin43774_MPP-0.2500+1
0,0,0,0,0,6697,0,11513,0,0,995,0,23266,0,0,0,0,0,0,0,0,0,0,0,7705,0,0,0,0,0,6601,0,11609,0,0,995,0,23266,0,0,0,0,0,0,0,0,0,0,0,7705,0,0,0,0,0,6438,0,11772,0,0,995,0,23266,0,0,0,0,0,0,0,0,0,0,0,7705,TCGA-GM-A2DF-DX1_xmin50637_ymin43774_MPP-0.2500+10
0,0,0,0,0,0,19891,4323,0,0,0,1753,15753,0,0,0,0,0,0,0,0,0,0,0,8456,0,0,0,0,0,0,19748,4466,0,0,0,1326,16180,0,0,0,0,0,0,0,0,0,0,0,8456,0,0,0,0,0,0,19869,4345,0,0,0,1625,15881,0,0,0,0,0,0,0,0,0,0,0,8456,TCGA-GM-A2DF-DX1_xmin50637_ymin43774_MPP-0.2500+100
0,0,0,0,0,0,6174,2581,0,0,0,3598,14334,0,0,0,0,0,0,0,0,0,0,0,23489,0,0,0,0,0,0,6195,2560,0,0,0,3689,14243,0,0,0,0,0,0,0,0,0,0,0,23489,0,0,0,0,0,0,6227,2528,0,0,0,3666,14266,0,0,0,0,0,0,0,0,0,0,0,23489,TCGA-GM-A2DF-DX1_xmin50637_ymin43774_MPP-0.2500+101
0,3559,0,0,0,0,11420,1634,0,0,0,1739,20899,0,0,0,0,0,0,0,0,0,0,0,10925,0,3559,0,0,0,0,11149,1905,0,0,0,1623,21015,0,0,0,0,0,0,0,0,0,0,0,10925,0,3559,0,0,0,0,11375,1679,0,0,0,1868,20770,0,0,0,0,0,0,0,0,0,0,0,10925,TCGA-GM-A2DF-DX1_xmin50637_ymin43774_MPP-0.2500+102
5015,533,0,0,0,196,12473,1076,0,0,0,4428,5607,0,0,0,0,0,0,0,0,0,0,0,20848,5164,384,0,0,0,352,11897,1496,0,0,0,3709,6326,0,0,0,0,0,0,0,0,0,0,0,20848,5011,537,0,0,0,224,12426,1095,0,0,0,4611,5424,0,0,0,0,0,0,0,0,0,0,0,20848,TCGA-GM-A2DF-DX1_xmin50637_ymin43774_MPP-0.2500+103
0,0,0,0,0,0,13289,0,0,0,0,2733,0,0,0,0,0,0,0,0,0,0,0,0,34154,0,0,0,0,0,0,13289,0,0,0,0,2733,0,0,0,0,0,0,0,0,0,0,0,0,34154,0,0,0,0,0,0,13289,0,0,0,0,2733,0,0,0,0,0,0,0,0,0,0,0,0,34154,TCGA-GM-A2DF-DX1_xmin50637_ymin43774_MPP-0.2500+104
0,0,0,0,0,0,24354,0,0,0,0,0,0,0,0,0,0,0,0,0,0,0,0,0,25822,0,0,0,0,0,0,24354,0,0,0,0,0,0,0,0,0,0,0,0,0,0,0,0,0,25822,0,0,0,0,0,0,24354,0,0,0,0,0,0,0,0,0,0,0,0,0,0,0,0,0,25822,TCGA-GM-A2DF-DX1_xmin50637_ymin43774_MPP-0.2500+105
0,0,0,0,0,0,49571,0,0,0,0,0,0,0,0,0,0,0,0,0,0,0,0,0,605,0,0,0,0,0,0,49571,0,0,0,0,0,0,0,0,0,0,0,0,0,0,0,0,0,605,0,0,0,0,0,0,49571,0,0,0,0,0,0,0,0,0,0,0,0,0,0,0,0,0,605,TCGA-GM-A2DF-DX1_xmin50637_ymin43774_MPP-0.2500+106
0,0,0,0,0,0,49885,0,0,0,0,0,0,0,0,0,0,0,0,0,0,0,0,0,291,0,0,0,0,0,0,49885,0,0,0,0,0,0,0,0,0,0,0,0,0,0,0,0,0,291,0,0,0,0,0,0,49885,0,0,0,0,0,0,0,0,0,0,0,0,0,0,0,0,0,291,TCGA-GM-A2DF-DX1_xmin50637_ymin43774_MPP-0.2500+107
0,0,0,0,0,0,49205,0,0,0,0,0,0,0,0,0,0,0,0,0,0,0,0,0,971,0,0,0,0,0,0,49205,0,0,0,0,0,0,0,0,0,0,0,0,0,0,0,0,0,971,0,0,0,0,0,0,49205,0,0,0,0,0,0,0,0,0,0,0,0,0,0,0,0,0,971,TCGA-GM-A2DF-DX1_xmin50637_ymin43774_MPP-0.2500+108
0,0,0,0,0,0,0,0,0,0,224,0,30624,0,0,0,0,0,0,0,0,0,0,0,19328,0,0,0,0,0,0,0,0,0,0,224,0,30624,0,0,0,0,0,0,0,0,0,0,0,19328,0,0,0,0,0,0,0,0,0,0,172,0,30676,0,0,0,0,0,0,0,0,0,0,0,19328,TCGA-GM-A2DF-DX1_xmin50637_ymin43774_MPP-0.2500+109
0,0,0,0,0,0,0,0,0,0,0,0,50176,0,0,0,0,0,0,0,0,0,0,0,0,0,0,0,0,0,0,0,0,0,0,0,0,50176,0,0,0,0,0,0,0,0,0,0,0,0,0,0,0,0,0,0,0,0,0,0,0,0,50176,0,0,0,0,0,0,0,0,0,0,0,0,TCGA-GM-A2DF-DX1_xmin50637_ymin43774_MPP-0.2500+11
0,0,0,0,0,0,3289,245,0,0,128,7922,16985,0,0,0,0,0,0,0,0,0,0,0,21607,0,0,0,0,0,0,3194,340,0,0,0,7731,17304,0,0,0,0,0,0,0,0,0,0,0,21607,0,0,0,0,0,0,3285,249,0,0,192,7593,17250,0,0,0,0,0,0,0,0,0,0,0,21607,TCGA-GM-A2DF-DX1_xmin50637_ymin43774_MPP-0.2500+110
0,0,0,0,0,0,22977,7088,0,0,0,5379,10106,0,0,0,0,0,0,0,0,0,0,0,4626,0,0,0,0,0,0,22851,7214,0,0,0,5335,10150,0,0,0,0,0,0,0,0,0,0,0,4626,0,0,0,0,0,0,23044,7021,0,0,0,5280,10205,0,0,0,0,0,0,0,0,0,0,0,4626,TCGA-GM-A2DF-DX1_xmin50637_ymin43774_MPP-0.2500+111
0,0,0,0,0,0,13515,5510,0,0,0,1751,17445,0,0,0,0,0,0,0,0,0,0,0,11955,0,0,0,0,0,0,13835,5190,0,0,0,1851,17345,0,0,0,0,0,0,0,0,0,0,0,11955,0,0,0,0,0,0,13795,5230,0,0,0,2004,17192,0,0,0,0,0,0,0,0,0,0,0,11955,TCGA-GM-A2DF-DX1_xmin50637_ymin43774_MPP-0.2500+112
0,0,0,0,0,0,20704,0,0,0,0,5071,0,0,0,0,0,0,0,0,0,0,0,0,24401,0,0,0,0,0,0,20704,0,0,0,0,5071,0,0,0,0,0,0,0,0,0,0,0,0,24401,0,0,0,0,0,0,20704,0,0,0,0,5071,0,0,0,0,0,0,0,0,0,0,0,0,24401,TCGA-GM-A2DF-DX1_xmin50637_ymin43774_MPP-0.2500+113
0,0,0,0,0,0,34087,0,0,0,0,7501,0,0,0,0,0,0,0,0,0,0,0,0,8588,0,0,0,0,0,0,34087,0,0,0,0,7501,0,0,0,0,0,0,0,0,0,0,0,0,8588,0,0,0,0,0,0,34087,0,0,0,0,7501,0,0,0,0,0,0,0,0,0,0,0,0,8588,TCGA-GM-A2DF-DX1_xmin50637_ymin43774_MPP-0.2500+114
0,0,0,0,0,0,38602,0,0,0,0,0,0,0,0,0,0,0,0,0,0,0,0,0,11574,0,0,0,0,0,0,38602,0,0,0,0,0,0,0,0,0,0,0,0,0,0,0,0,0,11574,0,0,0,0,0,0,38602,0,0,0,0,0,0,0,0,0,0,0,0,0,0,0,0,0,11574,TCGA-GM-A2DF-DX1_xmin50637_ymin43774_MPP-0.2500+115
0,0,0,0,0,0,23398,0,0,0,0,1645,0,0,0,0,0,0,0,0,0,0,0,0,25133,0,0,0,0,0,0,23398,0,0,0,0,1645,0,0,0,0,0,0,0,0,0,0,0,0,25133,0,0,0,0,0,0,23398,0,0,0,0,1645,0,0,0,0,0,0,0,0,0,0,0,0,25133,TCGA-GM-A2DF-DX1_xmin50637_ymin43774_MPP-0.2500+116
0,0,0,0,0,0,18320,0,0,0,0,6999,0,0,0,0,0,0,0,0,0,0,0,0,24857,0,0,0,0,0,0,18320,0,0,0,0,6999,0,0,0,0,0,0,0,0,0,0,0,0,24857,0,0,0,0,0,0,18320,0,0,0,0,6999,0,0,0,0,0,0,0,0,0,0,0,0,24857,TCGA-GM-A2DF-DX1_xmin50637_ymin43774_MPP-0.2500+117
0,0,0,0,0,0,29446,0,0,0,0,0,0,0,0,0,0,0,0,0,0,0,0,0,20730,0,0,0,0,0,0,29446,0,0,0,0,0,0,0,0,0,0,0,0,0,0,0,0,0,20730,0,0,0,0,0,0,29446,0,0,0,0,0,0,0,0,0,0,0,0,0,0,0,0,0,20730,TCGA-GM-A2DF-DX1_xmin50637_ymin43774_MPP-0.2500+118
0,0,0,0,0,0,49427,0,0,0,0,0,0,0,0,0,0,0,0,0,0,0,0,0,749,0,0,0,0,0,1,49426,0,0,0,0,0,0,0,0,0,0,0,0,0,0,0,0,0,749,0,0,0,0,0,0,49427,0,0,0,0,0,0,0,0,0,0,0,0,0,0,0,0,0,749,TCGA-GM-A2DF-DX1_xmin50637_ymin43774_MPP-0.2500+119
5710,203,0,0,0,40,1726,1834,0,0,0,6651,23347,0,0,0,0,0,0,0,0,0,0,0,10665,5732,181,0,0,0,42,1690,1868,0,0,0,6305,23693,0,0,0,0,0,0,0,0,0,0,0,10665,5670,243,0,0,0,39,1680,1881,0,0,0,6777,23221,0,0,0,0,0,0,0,0,0,0,0,10665,TCGA-GM-A2DF-DX1_xmin50637_ymin43774_MPP-0.2500+12
0,0,0,0,0,0,49917,0,0,0,0,0,0,0,0,0,0,0,0,0,0,0,0,0,259,0,0,0,0,0,0,49917,0,0,0,0,0,0,0,0,0,0,0,0,0,0,0,0,0,259,0,0,0,0,0,0,49917,0,0,0,0,0,0,0,0,0,0,0,0,0,0,0,0,0,259,TCGA-GM-A2DF-DX1_xmin50637_ymin43774_MPP-0.2500+120
0,0,0,0,0,4,43319,0,0,0,0,0,0,0,0,0,0,0,0,0,0,0,0,0,6853,0,0,0,0,0,4,43319,0,0,0,0,0,0,0,0,0,0,0,0,0,0,0,0,0,6853,0,0,0,0,0,4,43319,0,0,0,0,0,0,0,0,0,0,0,0,0,0,0,0,0,6853,TCGA-GM-A2DF-DX1_xmin50637_ymin43774_MPP-0.2500+121
0,0,0,0,0,0,24109,0,0,0,0,0,0,0,0,0,0,0,0,0,0,0,0,0,26067,0,0,0,0,0,0,24109,0,0,0,0,0,0,0,0,0,0,0,0,0,0,0,0,0,26067,0,0,0,0,0,0,24109,0,0,0,0,0,0,0,0,0,0,0,0,0,0,0,0,0,26067,TCGA-GM-A2DF-DX1_xmin50637_ymin43774_MPP-0.2500+122
0,0,0,0,0,0,0,1076,0,0,0,0,19876,0,0,0,0,0,0,0,0,0,0,0,29224,0,0,0,0,0,0,0,1076,0,0,0,0,19876,0,0,0,0,0,0,0,0,0,0,0,29224,0,0,0,0,0,0,0,1076,0,0,0,0,19876,0,0,0,0,0,0,0,0,0,0,0,29224,TCGA-GM-A2DF-DX1_xmin50637_ymin43774_MPP-0.2500+123
0,0,0,0,0,0,0,0,0,0,2800,0,35677,0,0,0,0,0,0,0,0,0,0,0,11699,0,0,0,0,0,0,0,0,0,0,3445,0,35032,0,0,0,0,0,0,0,0,0,0,0,11699,0,0,0,0,0,0,0,0,0,0,2736,0,35741,0,0,0,0,0,0,0,0,0,0,0,11699,TCGA-GM-A2DF-DX1_xmin50637_ymin43774_MPP-0.2500+124
0,0,0,0,0,0,0,11221,0,0,407,0,14440,0,0,0,0,0,0,0,0,0,0,0,24108,0,0,0,0,0,0,0,11221,0,0,503,0,14344,0,0,0,0,0,0,0,0,0,0,0,24108,0,0,0,0,0,0,0,11221,0,0,407,0,14440,0,0,0,0,0,0,0,0,0,0,0,24108,TCGA-GM-A2DF-DX1_xmin50637_ymin43774_MPP-0.2500+125
0,0,0,0,0,0,15020,1849,0,0,0,2208,8374,0,0,0,0,0,0,0,0,0,0,0,22725,0,0,0,0,0,0,14892,1977,0,0,0,2212,8370,0,0,0,0,0,0,0,0,0,0,0,22725,0,0,0,0,0,0,14917,1952,0,0,0,2241,8341,0,0,0,0,0,0,0,0,0,0,0,22725,TCGA-GM-A2DF-DX1_xmin50637_ymin43774_MPP-0.2500+126
0,1990,13916,0,0,0,12845,6227,0,0,0,6014,8388,0,0,0,0,0,0,0,0,0,0,0,796,0,2200,13706,0,0,0,13013,6059,0,0,0,6388,8014,0,0,0,0,0,0,0,0,0,0,0,796,0,2229,13677,0,0,0,12952,6120,0,0,0,6318,8084,0,0,0,0,0,0,0,0,0,0,0,796,TCGA-GM-A2DF-DX1_xmin50637_ymin43774_MPP-0.2500+127
0,20466,0,0,0,0,21783,0,0,0,0,7927,0,0,0,0,0,0,0,0,0,0,0,0,0,0,20466,0,0,0,0,21783,0,0,0,0,7927,0,0,0,0,0,0,0,0,0,0,0,0,0,0,20466,0,0,0,0,21783,0,0,0,0,7927,0,0,0,0,0,0,0,0,0,0,0,0,0,TCGA-GM-A2DF-DX1_xmin50637_ymin43774_MPP-0.2500+128
0,580,0,0,0,0,37504,0,0,0,0,0,0,0,0,0,0,0,0,0,0,0,0,0,12092,0,580,0,0,0,0,37504,0,0,0,0,0,0,0,0,0,0,0,0,0,0,0,0,0,12092,0,580,0,0,0,0,37504,0,0,0,0,0,0,0,0,0,0,0,0,0,0,0,0,0,12092,TCGA-GM-A2DF-DX1_xmin50637_ymin43774_MPP-0.2500+129
44836,1014,0,0,0,27,1767,0,0,0,0,0,0,0,0,0,0,0,0,0,0,0,0,0,2532,44900,950,0,0,0,109,1685,0,0,0,0,0,0,0,0,0,0,0,0,0,0,0,0,0,2532,44329,1521,0,0,0,7,1787,0,0,0,0,0,0,0,0,0,0,0,0,0,0,0,0,0,2532,TCGA-GM-A2DF-DX1_xmin50637_ymin43774_MPP-0.2500+13
0,0,0,0,0,0,17880,0,0,0,0,0,0,0,0,0,0,0,0,0,0,0,0,0,32296,0,0,0,0,0,0,17880,0,0,0,0,0,0,0,0,0,0,0,0,0,0,0,0,0,32296,0,0,0,0,0,0,17880,0,0,0,0,0,0,0,0,0,0,0,0,0,0,0,0,0,32296,TCGA-GM-A2DF-DX1_xmin50637_ymin43774_MPP-0.2500+130
0,0,0,0,0,0,12015,0,0,0,0,0,0,0,0,0,0,0,0,0,0,0,0,0,38161,0,0,0,0,0,0,12015,0,0,0,0,0,0,0,0,0,0,0,0,0,0,0,0,0,38161,0,0,0,0,0,0,12015,0,0,0,0,0,0,0,0,0,0,0,0,0,0,0,0,0,38161,TCGA-GM-A2DF-DX1_xmin50637_ymin43774_MPP-0.2500+131
0,0,0,0,0,0,50176,0,0,0,0,0,0,0,0,0,0,0,0,0,0,0,0,0,0,0,0,0,0,0,0,50176,0,0,0,0,0,0,0,0,0,0,0,0,0,0,0,0,0,0,0,0,0,0,0,0,50176,0,0,0,0,0,0,0,0,0,0,0,0,0,0,0,0,0,0,TCGA-GM-A2DF-DX1_xmin50637_ymin43774_MPP-0.2500+132
0,0,0,0,0,0,40106,0,0,0,0,0,0,0,0,0,0,0,0,0,0,0,0,0,10070,0,0,0,0,0,0,40106,0,0,0,0,0,0,0,0,0,0,0,0,0,0,0,0,0,10070,0,0,0,0,0,0,40106,0,0,0,0,0,0,0,0,0,0,0,0,0,0,0,0,0,10070,TCGA-GM-A2DF-DX1_xmin50637_ymin43774_MPP-0.2500+133
0,0,0,0,0,0,43358,0,0,0,0,0,0,0,0,0,0,0,0,0,0,0,0,0,6818,0,0,0,0,0,0,43358,0,0,0,0,0,0,0,0,0,0,0,0,0,0,0,0,0,6818,0,0,0,0,0,0,43358,0,0,0,0,0,0,0,0,0,0,0,0,0,0,0,0,0,6818,TCGA-GM-A2DF-DX1_xmin50637_ymin43774_MPP-0.2500+134
0,0,0,0,0,0,37542,0,0,0,0,0,0,0,0,0,0,0,0,0,0,0,0,0,12634,0,0,0,0,0,0,37542,0,0,0,0,0,0,0,0,0,0,0,0,0,0,0,0,0,12634,0,0,0,0,0,0,37542,0,0,0,0,0,0,0,0,0,0,0,0,0,0,0,0,0,12634,TCGA-GM-A2DF-DX1_xmin50637_ymin43774_MPP-0.2500+135
0,0,0,0,0,0,50176,0,0,0,0,0,0,0,0,0,0,0,0,0,0,0,0,0,0,0,0,0,0,0,0,50176,0,0,0,0,0,0,0,0,0,0,0,0,0,0,0,0,0,0,0,0,0,0,0,0,50176,0,0,0,0,0,0,0,0,0,0,0,0,0,0,0,0,0,0,TCGA-GM-A2DF-DX1_xmin50637_ymin43774_MPP-0.2500+136
0,0,0,0,0,0,1680,3893,0,0,0,2242,22013,0,0,0,0,0,0,0,0,0,0,0,20348,0,0,0,0,0,0,1715,3858,0,0,0,2366,21889,0,0,0,0,0,0,0,0,0,0,0,20348,0,0,0,0,0,0,1745,3828,0,0,0,2359,21896,0,0,0,0,0,0,0,0,0,0,0,20348,TCGA-GM-A2DF-DX1_xmin50637_ymin43774_MPP-0.2500+137
0,0,0,0,0,0,351,73,0,0,11309,8452,18820,0,0,0,0,0,0,0,0,0,0,0,11171,0,0,0,0,0,0,364,60,0,0,11373,7916,19292,0,0,0,0,0,0,0,0,0,0,0,11171,0,0,0,0,0,0,369,55,0,0,11539,7599,19443,0,0,0,0,0,0,0,0,0,0,0,11171,TCGA-GM-A2DF-DX1_xmin50637_ymin43774_MPP-0.2500+138
0,0,0,0,0,0,3684,0,0,0,0,3501,11776,0,0,0,0,0,0,0,0,0,0,0,31215,0,0,0,0,0,0,3684,0,0,0,0,3236,12041,0,0,0,0,0,0,0,0,0,0,0,31215,0,0,0,0,0,0,3684,0,0,0,0,2929,12348,0,0,0,0,0,0,0,0,0,0,0,31215,TCGA-GM-A2DF-DX1_xmin50637_ymin43774_MPP-0.2500+139
30726,3987,0,0,0,0,3294,0,0,0,0,4826,0,0,0,0,0,0,0,0,0,0,0,0,7343,31053,3660,0,0,0,0,3294,0,0,0,0,4826,0,0,0,0,0,0,0,0,0,0,0,0,7343,31060,3653,0,0,0,0,3294,0,0,0,0,4826,0,0,0,0,0,0,0,0,0,0,0,0,7343,TCGA-GM-A2DF-DX1_xmin50637_ymin43774_MPP-0.2500+14
0,2984,0,0,0,0,26557,1509,0,0,0,4885,9016,0,0,0,0,0,0,0,0,0,0,0,5225,0,2984,0,0,0,0,26531,1535,0,0,0,4789,9112,0,0,0,0,0,0,0,0,0,0,0,5225,0,2984,0,0,0,0,26456,1610,0,0,0,4891,9010,0,0,0,0,0,0,0,0,0,0,0,5225,TCGA-GM-A2DF-DX1_xmin50637_ymin43774_MPP-0.2500+140
0,0,0,0,0,0,40399,1674,0,0,0,847,5810,0,0,0,0,0,0,0,0,0,0,0,1446,0,0,0,0,0,0,40362,1711,0,0,0,933,5724,0,0,0,0,0,0,0,0,0,0,0,1446,0,0,0,0,0,0,39987,2086,0,0,0,859,5798,0,0,0,0,0,0,0,0,0,0,0,1446,TCGA-GM-A2DF-DX1_xmin50637_ymin43774_MPP-0.2500+141
0,2,0,0,0,0,46057,0,0,0,0,114,0,0,0,0,0,0,0,0,0,0,0,0,4003,0,2,0,0,0,0,46057,0,0,0,0,114,0,0,0,0,0,0,0,0,0,0,0,0,4003,0,2,0,0,0,0,46057,0,0,0,0,114,0,0,0,0,0,0,0,0,0,0,0,0,4003,TCGA-GM-A2DF-DX1_xmin50637_ymin43774_MPP-0.2500+142
0,0,0,0,0,0,39893,0,0,0,0,0,0,0,0,0,0,0,0,0,0,0,0,0,10283,0,0,0,0,0,0,39893,0,0,0,0,0,0,0,0,0,0,0,0,0,0,0,0,0,10283,0,0,0,0,0,0,39893,0,0,0,0,0,0,0,0,0,0,0,0,0,0,0,0,0,10283,TCGA-GM-A2DF-DX1_xmin50637_ymin43774_MPP-0.2500+143
0,0,0,0,0,0,50078,0,0,0,0,0,0,0,0,0,0,0,0,0,0,0,0,0,98,0,0,0,0,0,0,50078,0,0,0,0,0,0,0,0,0,0,0,0,0,0,0,0,0,98,0,0,0,0,0,0,50078,0,0,0,0,0,0,0,0,0,0,0,0,0,0,0,0,0,98,TCGA-GM-A2DF-DX1_xmin50637_ymin43774_MPP-0.2500+144
0,0,0,0,0,0,44992,0,0,0,0,0,0,0,0,0,0,0,0,0,0,0,0,0,5184,0,0,0,0,0,0,44992,0,0,0,0,0,0,0,0,0,0,0,0,0,0,0,0,0,5184,0,0,0,0,0,0,44992,0,0,0,0,0,0,0,0,0,0,0,0,0,0,0,0,0,5184,TCGA-GM-A2DF-DX1_xmin50637_ymin43774_MPP-0.2500+145
0,0,0,0,0,0,50176,0,0,0,0,0,0,0,0,0,0,0,0,0,0,0,0,0,0,0,0,0,0,0,0,50176,0,0,0,0,0,0,0,0,0,0,0,0,0,0,0,0,0,0,0,0,0,0,0,0,50176,0,0,0,0,0,0,0,0,0,0,0,0,0,0,0,0,0,0,TCGA-GM-A2DF-DX1_xmin50637_ymin43774_MPP-0.2500+146
0,0,0,0,0,0,45026,0,0,0,0,0,0,0,0,0,0,0,0,0,0,0,0,0,5150,0,0,0,0,0,0,45026,0,0,0,0,0,0,0,0,0,0,0,0,0,0,0,0,0,5150,0,0,0,0,0,16,45010,0,0,0,0,0,0,0,0,0,0,0,0,0,0,0,0,0,5150,TCGA-GM-A2DF-DX1_xmin50637_ymin43774_MPP-0.2500+147
0,0,0,0,0,0,47906,0,0,0,0,0,0,0,0,0,0,0,0,0,0,0,0,0,2270,0,0,0,0,0,0,47906,0,0,0,0,0,0,0,0,0,0,0,0,0,0,0,0,0,2270,0,0,0,0,0,0,47906,0,0,0,0,0,0,0,0,0,0,0,0,0,0,0,0,0,2270,TCGA-GM-A2DF-DX1_xmin50637_ymin43774_MPP-0.2500+148
0,0,0,0,0,0,49073,0,0,0,0,0,0,0,0,0,0,0,0,0,0,0,0,0,1103,0,0,0,0,0,0,49073,0,0,0,0,0,0,0,0,0,0,0,0,0,0,0,0,0,1103,0,0,0,0,0,0,49073,0,0,0,0,0,0,0,0,0,0,0,0,0,0,0,0,0,1103,TCGA-GM-A2DF-DX1_xmin50637_ymin43774_MPP-0.2500+149
14522,0,0,0,0,11121,0,0,0,0,24533,0,0,0,0,0,0,0,0,0,0,0,0,0,0,14522,0,0,0,0,11121,0,0,0,0,24533,0,0,0,0,0,0,0,0,0,0,0,0,0,0,14522,0,0,0,0,11121,0,0,0,0,24533,0,0,0,0,0,0,0,0,0,0,0,0,0,0,TCGA-GM-A2DF-DX1_xmin50637_ymin43774_MPP-0.2500+15
0,0,0,0,0,0,20729,3880,0,0,0,4900,8168,0,0,0,0,0,0,0,0,0,0,0,12499,0,0,0,0,0,0,19655,4954,0,0,0,4841,8227,0,0,0,0,0,0,0,0,0,0,0,12499,0,0,0,0,0,0,20654,3955,0,0,0,4937,8131,0,0,0,0,0,0,0,0,0,0,0,12499,TCGA-GM-A2DF-DX1_xmin50637_ymin43774_MPP-0.2500+150
0,0,0,0,0,0,4065,97,0,0,0,9836,10637,0,0,0,0,0,0,0,0,0,0,0,25541,0,0,0,0,0,0,4041,121,0,0,0,9530,10943,0,0,0,0,0,0,0,0,0,0,0,25541,0,0,0,0,0,0,4087,75,0,0,0,9405,11068,0,0,0,0,0,0,0,0,0,0,0,25541,TCGA-GM-A2DF-DX1_xmin50637_ymin43774_MPP-0.2500+151
0,0,0,0,0,0,3106,125,0,0,0,8321,10378,0,0,0,0,0,0,0,0,0,0,0,28246,0,0,0,0,0,0,3040,191,0,0,0,7263,11436,0,0,0,0,0,0,0,0,0,0,0,28246,0,0,0,0,0,0,3113,118,0,0,0,7897,10802,0,0,0,0,0,0,0,0,0,0,0,28246,TCGA-GM-A2DF-DX1_xmin50637_ymin43774_MPP-0.2500+152
0,70,0,0,0,0,16961,1563,0,0,0,9172,12686,0,0,0,0,0,0,0,0,0,0,0,9724,0,70,0,0,0,0,16699,1825,0,0,0,8965,12893,0,0,0,0,0,0,0,0,0,0,0,9724,0,70,0,0,0,0,16832,1692,0,0,0,9418,12440,0,0,0,0,0,0,0,0,0,0,0,9724,TCGA-GM-A2DF-DX1_xmin50637_ymin43774_MPP-0.2500+153
0,486,0,0,0,0,29460,4008,0,0,0,3088,11395,0,0,0,0,0,0,0,0,0,0,0,1739,0,486,0,0,0,0,29294,4174,0,0,0,2796,11687,0,0,0,0,0,0,0,0,0,0,0,1739,0,486,0,0,0,0,29492,3976,0,0,0,3163,11320,0,0,0,0,0,0,0,0,0,0,0,1739,TCGA-GM-A2DF-DX1_xmin50637_ymin43774_MPP-0.2500+154
0,275,0,0,0,16,43481,0,0,0,0,0,0,0,0,0,0,0,0,0,0,0,0,0,6404,0,275,0,0,0,0,43497,0,0,0,0,0,0,0,0,0,0,0,0,0,0,0,0,0,6404,0,275,0,0,0,0,43497,0,0,0,0,0,0,0,0,0,0,0,0,0,0,0,0,0,6404,TCGA-GM-A2DF-DX1_xmin50637_ymin43774_MPP-0.2500+155
0,0,0,0,0,0,29327,0,0,0,0,0,0,0,0,0,0,0,0,0,0,0,0,0,20849,0,0,0,0,0,0,29327,0,0,0,0,0,0,0,0,0,0,0,0,0,0,0,0,0,20849,0,0,0,0,0,0,29327,0,0,0,0,0,0,0,0,0,0,0,0,0,0,0,0,0,20849,TCGA-GM-A2DF-DX1_xmin50637_ymin43774_MPP-0.2500+156
0,0,0,0,0,0,41721,0,0,0,0,0,0,0,0,0,0,0,0,0,0,0,0,0,8455,0,0,0,0,0,0,41721,0,0,0,0,0,0,0,0,0,0,0,0,0,0,0,0,0,8455,0,0,0,0,0,0,41721,0,0,0,0,0,0,0,0,0,0,0,0,0,0,0,0,0,8455,TCGA-GM-A2DF-DX1_xmin50637_ymin43774_MPP-0.2500+157
0,0,0,0,0,0,50176,0,0,0,0,0,0,0,0,0,0,0,0,0,0,0,0,0,0,0,0,0,0,0,0,50176,0,0,0,0,0,0,0,0,0,0,0,0,0,0,0,0,0,0,0,0,0,0,0,0,50176,0,0,0,0,0,0,0,0,0,0,0,0,0,0,0,0,0,0,TCGA-GM-A2DF-DX1_xmin50637_ymin43774_MPP-0.2500+158
0,0,0,0,0,0,50176,0,0,0,0,0,0,0,0,0,0,0,0,0,0,0,0,0,0,0,0,0,0,0,0,50176,0,0,0,0,0,0,0,0,0,0,0,0,0,0,0,0,0,0,0,0,0,0,0,0,50176,0,0,0,0,0,0,0,0,0,0,0,0,0,0,0,0,0,0,TCGA-GM-A2DF-DX1_xmin50637_ymin43774_MPP-0.2500+159
192,12331,0,0,0,0,29066,0,0,0,0,8587,0,0,0,0,0,0,0,0,0,0,0,0,0,96,12427,0,0,0,0,29066,0,0,0,0,8587,0,0,0,0,0,0,0,0,0,0,0,0,0,128,12395,0,0,0,0,29066,0,0,0,0,8587,0,0,0,0,0,0,0,0,0,0,0,0,0,TCGA-GM-A2DF-DX1_xmin50637_ymin43774_MPP-0.2500+16
0,0,0,0,0,0,50176,0,0,0,0,0,0,0,0,0,0,0,0,0,0,0,0,0,0,0,0,0,0,0,0,50176,0,0,0,0,0,0,0,0,0,0,0,0,0,0,0,0,0,0,0,0,0,0,0,0,50176,0,0,0,0,0,0,0,0,0,0,0,0,0,0,0,0,0,0,TCGA-GM-A2DF-DX1_xmin50637_ymin43774_MPP-0.2500+160
0,0,0,0,0,1,50175,0,0,0,0,0,0,0,0,0,0,0,0,0,0,0,0,0,0,0,0,0,0,0,1,50175,0,0,0,0,0,0,0,0,0,0,0,0,0,0,0,0,0,0,0,0,0,0,0,1,50175,0,0,0,0,0,0,0,0,0,0,0,0,0,0,0,0,0,0,TCGA-GM-A2DF-DX1_xmin50637_ymin43774_MPP-0.2500+161
0,0,0,0,0,0,47863,0,0,0,0,0,0,0,0,0,0,0,0,0,0,0,0,0,2313,0,0,0,0,0,0,47863,0,0,0,0,0,0,0,0,0,0,0,0,0,0,0,0,0,2313,0,0,0,0,0,0,47863,0,0,0,0,0,0,0,0,0,0,0,0,0,0,0,0,0,2313,TCGA-GM-A2DF-DX1_xmin50637_ymin43774_MPP-0.2500+162
0,0,0,0,0,0,0,5468,0,0,0,0,27010,0,0,0,0,0,0,0,0,0,0,0,17698,0,0,0,0,0,0,0,5468,0,0,0,0,27010,0,0,0,0,0,0,0,0,0,0,0,17698,0,0,0,0,0,0,0,5468,0,0,0,0,27010,0,0,0,0,0,0,0,0,0,0,0,17698,TCGA-GM-A2DF-DX1_xmin50637_ymin43774_MPP-0.2500+163
0,0,0,0,0,0,22377,438,0,0,0,9088,10241,0,0,0,0,0,0,0,0,0,0,0,8032,0,0,0,0,0,0,22074,741,0,0,0,8944,10385,0,0,0,0,0,0,0,0,0,0,0,8032,0,0,0,0,0,0,22439,376,0,0,0,9482,9847,0,0,0,0,0,0,0,0,0,0,0,8032,TCGA-GM-A2DF-DX1_xmin50637_ymin43774_MPP-0.2500+164
0,0,0,0,0,0,10169,773,0,0,0,4861,11004,0,0,0,0,0,0,0,0,0,0,0,23369,0,0,0,0,0,0,9758,1184,0,0,0,4077,11788,0,0,0,0,0,0,0,0,0,0,0,23369,0,0,0,0,0,0,9688,1254,0,0,0,4277,11588,0,0,0,0,0,0,0,0,0,0,0,23369,TCGA-GM-A2DF-DX1_xmin50637_ymin43774_MPP-0.2500+165
0,0,0,0,0,0,1812,1008,0,0,0,19616,13638,0,0,0,0,0,0,0,0,0,0,0,14102,0,0,0,0,0,0,1774,1046,0,0,0,19134,14120,0,0,0,0,0,0,0,0,0,0,0,14102,0,0,0,0,0,0,1815,1005,0,0,0,19960,13294,0,0,0,0,0,0,0,0,0,0,0,14102,TCGA-GM-A2DF-DX1_xmin50637_ymin43774_MPP-0.2500+166
0,0,0,0,0,0,11924,938,0,0,0,16116,19181,0,0,0,0,0,0,0,0,0,0,0,2017,0,0,0,0,0,0,11738,1124,0,0,0,14768,20529,0,0,0,0,0,0,0,0,0,0,0,2017,0,0,0,0,0,0,11939,923,0,0,0,15492,19805,0,0,0,0,0,0,0,0,0,0,0,2017,TCGA-GM-A2DF-DX1_xmin50637_ymin43774_MPP-0.2500+167
0,147,0,0,0,1,40172,0,0,0,0,5615,0,0,0,0,0,0,0,0,0,0,0,0,4241,0,147,0,0,0,1,40172,0,0,0,0,5615,0,0,0,0,0,0,0,0,0,0,0,0,4241,0,147,0,0,0,0,40173,0,0,0,0,5615,0,0,0,0,0,0,0,0,0,0,0,0,4241,TCGA-GM-A2DF-DX1_xmin50637_ymin43774_MPP-0.2500+168
0,0,0,0,0,0,26471,0,0,0,0,237,0,0,0,0,0,0,0,0,0,0,0,0,23468,0,0,0,0,0,0,26471,0,0,0,0,237,0,0,0,0,0,0,0,0,0,0,0,0,23468,0,0,0,0,0,0,26471,0,0,0,0,237,0,0,0,0,0,0,0,0,0,0,0,0,23468,TCGA-GM-A2DF-DX1_xmin50637_ymin43774_MPP-0.2500+169
0,0,0,0,0,1,41312,0,0,0,0,8863,0,0,0,0,0,0,0,0,0,0,0,0,0,0,0,0,0,0,1,41312,0,0,0,0,8863,0,0,0,0,0,0,0,0,0,0,0,0,0,0,0,0,0,0,0,41313,0,0,0,0,8863,0,0,0,0,0,0,0,0,0,0,0,0,0,TCGA-GM-A2DF-DX1_xmin50637_ymin43774_MPP-0.2500+17
0,0,0,0,0,0,35636,0,0,0,0,0,0,0,0,0,0,0,0,0,0,0,0,0,14540,0,0,0,0,0,0,35636,0,0,0,0,0,0,0,0,0,0,0,0,0,0,0,0,0,14540,0,0,0,0,0,0,35636,0,0,0,0,0,0,0,0,0,0,0,0,0,0,0,0,0,14540,TCGA-GM-A2DF-DX1_xmin50637_ymin43774_MPP-0.2500+170
0,0,0,0,0,0,50176,0,0,0,0,0,0,0,0,0,0,0,0,0,0,0,0,0,0,0,0,0,0,0,0,50176,0,0,0,0,0,0,0,0,0,0,0,0,0,0,0,0,0,0,0,0,0,0,0,0,50176,0,0,0,0,0,0,0,0,0,0,0,0,0,0,0,0,0,0,TCGA-GM-A2DF-DX1_xmin50637_ymin43774_MPP-0.2500+171
0,0,0,0,0,0,50176,0,0,0,0,0,0,0,0,0,0,0,0,0,0,0,0,0,0,0,0,0,0,0,0,50176,0,0,0,0,0,0,0,0,0,0,0,0,0,0,0,0,0,0,0,0,0,0,0,0,50176,0,0,0,0,0,0,0,0,0,0,0,0,0,0,0,0,0,0,TCGA-GM-A2DF-DX1_xmin50637_ymin43774_MPP-0.2500+172
0,0,0,0,0,0,49429,0,0,0,0,0,0,0,0,0,0,0,0,0,0,0,0,0,747,0,0,0,0,0,0,49429,0,0,0,0,0,0,0,0,0,0,0,0,0,0,0,0,0,747,0,0,0,0,0,0,49429,0,0,0,0,0,0,0,0,0,0,0,0,0,0,0,0,0,747,TCGA-GM-A2DF-DX1_xmin50637_ymin43774_MPP-0.2500+173
0,0,0,0,0,0,49524,0,0,0,0,0,0,0,0,0,0,0,0,0,0,0,0,0,652,0,0,0,0,0,0,49524,0,0,0,0,0,0,0,0,0,0,0,0,0,0,0,0,0,652,0,0,0,0,0,0,49524,0,0,0,0,0,0,0,0,0,0,0,0,0,0,0,0,0,652,TCGA-GM-A2DF-DX1_xmin50637_ymin43774_MPP-0.2500+174
0,0,0,0,0,0,50176,0,0,0,0,0,0,0,0,0,0,0,0,0,0,0,0,0,0,0,0,0,0,0,0,50176,0,0,0,0,0,0,0,0,0,0,0,0,0,0,0,0,0,0,0,0,0,0,0,0,50176,0,0,0,0,0,0,0,0,0,0,0,0,0,0,0,0,0,0,TCGA-GM-A2DF-DX1_xmin50637_ymin43774_MPP-0.2500+175
0,0,0,0,0,0,1978,746,0,0,0,993,26512,0,0,0,0,0,0,0,0,0,0,0,19947,0,0,0,0,0,0,1974,750,0,0,0,856,26649,0,0,0,0,0,0,0,0,0,0,0,19947,0,0,0,0,0,0,1986,738,0,0,0,991,26514,0,0,0,0,0,0,0,0,0,0,0,19947,TCGA-GM-A2DF-DX1_xmin50637_ymin43774_MPP-0.2500+176
0,0,0,0,0,0,16932,1355,0,0,0,8740,11686,0,0,0,0,0,0,0,0,0,0,0,11463,0,0,0,0,0,0,16940,1347,0,0,0,8772,11654,0,0,0,0,0,0,0,0,0,0,0,11463,0,0,0,0,0,0,16954,1333,0,0,0,8629,11797,0,0,0,0,0,0,0,0,0,0,0,11463,TCGA-GM-A2DF-DX1_xmin50637_ymin43774_MPP-0.2500+177
0,0,0,0,0,0,7076,0,0,0,0,22723,0,0,0,0,0,0,0,0,0,0,0,0,20377,0,0,0,0,0,0,7076,0,0,0,0,22723,0,0,0,0,0,0,0,0,0,0,0,0,20377,0,0,0,0,0,0,7076,0,0,0,0,22723,0,0,0,0,0,0,0,0,0,0,0,0,20377,TCGA-GM-A2DF-DX1_xmin50637_ymin43774_MPP-0.2500+178
0,0,0,0,0,0,33217,0,0,0,0,3730,0,0,0,0,0,0,0,0,0,0,0,0,13229,0,0,0,0,0,0,33217,0,0,0,0,3730,0,0,0,0,0,0,0,0,0,0,0,0,13229,0,0,0,0,0,0,33217,0,0,0,0,3730,0,0,0,0,0,0,0,0,0,0,0,0,13229,TCGA-GM-A2DF-DX1_xmin50637_ymin43774_MPP-0.2500+179
0,75,0,0,0,0,32166,0,0,0,0,17667,0,0,0,0,0,0,0,0,0,0,0,0,268,0,75,0,0,0,0,32166,0,0,0,0,17667,0,0,0,0,0,0,0,0,0,0,0,0,268,0,75,0,0,0,0,30791,1375,0,0,0,6884,10783,0,0,0,0,0,0,0,0,0,0,0,268,TCGA-GM-A2DF-DX1_xmin50637_ymin43774_MPP-0.2500+18
0,0,0,0,0,0,12130,1704,0,0,0,12798,19975,0,0,0,0,0,0,0,0,0,0,0,3569,0,0,0,0,0,0,12058,1776,0,0,0,12515,20258,0,0,0,0,0,0,0,0,0,0,0,3569,0,0,0,0,0,0,12262,1572,0,0,0,12938,19835,0,0,0,0,0,0,0,0,0,0,0,3569,TCGA-GM-A2DF-DX1_xmin50637_ymin43774_MPP-0.2500+180
0,0,0,0,0,0,10837,1567,0,0,0,2556,16592,0,0,0,0,0,0,0,0,0,0,0,18624,0,0,0,0,0,0,10844,1560,0,0,0,2490,16658,0,0,0,0,0,0,0,0,0,0,0,18624,0,0,0,0,0,0,10917,1487,0,0,0,2668,16480,0,0,0,0,0,0,0,0,0,0,0,18624,TCGA-GM-A2DF-DX1_xmin50637_ymin43774_MPP-0.2500+181
0,0,0,0,0,0,34410,621,0,0,0,7008,2453,0,0,0,0,0,0,0,0,0,0,0,5684,0,0,0,0,0,0,34252,779,0,0,0,6841,2620,0,0,0,0,0,0,0,0,0,0,0,5684,0,0,0,0,0,0,34293,738,0,0,0,6898,2563,0,0,0,0,0,0,0,0,0,0,0,5684,TCGA-GM-A2DF-DX1_xmin50637_ymin43774_MPP-0.2500+182
0,0,0,0,0,0,28159,0,0,0,0,0,0,0,0,0,0,0,0,0,0,0,0,0,22017,0,0,0,0,0,0,28159,0,0,0,0,0,0,0,0,0,0,0,0,0,0,0,0,0,22017,0,0,0,0,0,0,28159,0,0,0,0,0,0,0,0,0,0,0,0,0,0,0,0,0,22017,TCGA-GM-A2DF-DX1_xmin50637_ymin43774_MPP-0.2500+183
0,0,0,0,0,0,50176,0,0,0,0,0,0,0,0,0,0,0,0,0,0,0,0,0,0,0,0,0,0,0,0,50176,0,0,0,0,0,0,0,0,0,0,0,0,0,0,0,0,0,0,0,0,0,0,0,0,50176,0,0,0,0,0,0,0,0,0,0,0,0,0,0,0,0,0,0,TCGA-GM-A2DF-DX1_xmin50637_ymin43774_MPP-0.2500+184
0,0,0,0,0,0,18956,1525,0,0,0,793,9456,0,0,0,0,0,0,0,0,0,0,0,19446,0,0,0,0,0,0,18445,2036,0,0,0,398,9851,0,0,0,0,0,0,0,0,0,0,0,19446,0,0,0,0,0,0,18852,1629,0,0,0,752,9497,0,0,0,0,0,0,0,0,0,0,0,19446,TCGA-GM-A2DF-DX1_xmin50637_ymin43774_MPP-0.2500+185
0,0,0,0,0,0,24275,5144,0,0,0,306,1735,0,0,0,0,0,0,0,0,0,0,0,18716,0,0,0,0,0,0,22156,7263,0,0,0,302,1739,0,0,0,0,0,0,0,0,0,0,0,18716,0,0,0,0,0,0,22132,7287,0,0,0,303,1738,0,0,0,0,0,0,0,0,0,0,0,18716,TCGA-GM-A2DF-DX1_xmin50637_ymin43774_MPP-0.2500+186
0,0,0,0,0,0,31020,0,0,0,0,4255,0,0,0,0,0,0,0,0,0,0,0,0,14901,0,0,0,0,0,0,31020,0,0,0,0,4255,0,0,0,0,0,0,0,0,0,0,0,0,14901,0,0,0,0,0,0,31020,0,0,0,0,4255,0,0,0,0,0,0,0,0,0,0,0,0,14901,TCGA-GM-A2DF-DX1_xmin50637_ymin43774_MPP-0.2500+187
0,0,0,0,0,0,20910,0,0,0,0,1717,0,0,0,0,0,0,0,0,0,0,0,0,27549,0,0,0,0,0,0,20910,0,0,0,0,1717,0,0,0,0,0,0,0,0,0,0,0,0,27549,0,0,0,0,0,0,20910,0,0,0,0,1717,0,0,0,0,0,0,0,0,0,0,0,0,27549,TCGA-GM-A2DF-DX1_xmin50637_ymin43774_MPP-0.2500+188
0,0,0,0,0,0,27030,0,0,0,0,8851,0,0,0,0,0,0,0,0,0,0,0,0,14295,0,0,0,0,0,0,27030,0,0,0,0,8851,0,0,0,0,0,0,0,0,0,0,0,0,14295,0,0,0,0,0,0,27030,0,0,0,0,8851,0,0,0,0,0,0,0,0,0,0,0,0,14295,TCGA-GM-A2DF-DX1_xmin50637_ymin43774_MPP-0.2500+189
12733,1286,122,0,0,511,17515,5339,0,0,0,435,5831,0,0,0,0,0,0,0,0,0,0,0,6404,12672,1454,15,0,0,598,17118,5649,0,0,0,454,5812,0,0,0,0,0,0,0,0,0,0,0,6404,12619,1505,17,0,0,808,16721,5836,0,0,0,361,5905,0,0,0,0,0,0,0,0,0,0,0,6404,TCGA-GM-A2DF-DX1_xmin50637_ymin43774_MPP-0.2500+19
0,0,0,0,0,0,0,1175,0,0,0,0,38545,0,0,0,0,0,0,0,0,0,0,0,10456,0,0,0,0,0,0,0,1175,0,0,0,0,38545,0,0,0,0,0,0,0,0,0,0,0,10456,0,0,0,0,0,0,0,1175,0,0,0,0,38545,0,0,0,0,0,0,0,0,0,0,0,10456,TCGA-GM-A2DF-DX1_xmin50637_ymin43774_MPP-0.2500+2
25330,69,0,0,0,3720,1972,0,0,0,0,515,0,0,0,0,0,0,0,0,0,0,0,0,18570,25328,71,0,0,0,3770,1922,0,0,0,0,515,0,0,0,0,0,0,0,0,0,0,0,0,18570,25311,88,0,0,0,3613,2079,0,0,0,0,515,0,0,0,0,0,0,0,0,0,0,0,0,18570,TCGA-GM-A2DF-DX1_xmin50637_ymin43774_MPP-0.2500+20
1120,2531,0,0,0,0,14691,4571,0,0,0,6270,11277,0,0,0,0,0,0,0,0,0,0,0,9716,1120,2531,0,0,0,0,14576,4686,0,0,0,6058,11489,0,0,0,0,0,0,0,0,0,0,0,9716,1088,2563,0,0,0,0,15012,4250,0,0,0,6484,11063,0,0,0,0,0,0,0,0,0,0,0,9716,TCGA-GM-A2DF-DX1_xmin50637_ymin43774_MPP-0.2500+21
0,0,0,0,0,0,18354,9862,0,0,0,7888,7223,0,0,0,0,0,0,0,0,0,0,0,6849,0,0,0,0,0,0,18363,9853,0,0,0,7910,7201,0,0,0,0,0,0,0,0,0,0,0,6849,0,0,0,0,0,0,18328,9888,0,0,0,7856,7255,0,0,0,0,0,0,0,0,0,0,0,6849,TCGA-GM-A2DF-DX1_xmin50637_ymin43774_MPP-0.2500+22
0,0,0,0,0,1444,0,20284,0,0,0,0,16590,0,0,0,0,0,0,0,0,0,0,0,11858,0,0,0,0,0,1636,0,20092,0,0,0,0,16590,0,0,0,0,0,0,0,0,0,0,0,11858,0,0,0,0,0,1444,0,20284,0,0,0,0,16590,0,0,0,0,0,0,0,0,0,0,0,11858,TCGA-GM-A2DF-DX1_xmin50637_ymin43774_MPP-0.2500+23
0,0,274,0,0,0,0,5954,0,0,0,0,28159,0,0,0,0,0,0,0,0,0,0,0,15789,0,0,274,0,0,0,0,5954,0,0,0,0,28159,0,0,0,0,0,0,0,0,0,0,0,15789,0,0,274,0,0,0,0,5954,0,0,0,0,28159,0,0,0,0,0,0,0,0,0,0,0,15789,TCGA-GM-A2DF-DX1_xmin50637_ymin43774_MPP-0.2500+24
0,0,0,0,0,0,0,1888,0,0,0,0,40713,0,0,0,0,0,0,0,0,0,0,0,7575,0,0,0,0,0,0,0,1888,0,0,0,0,40713,0,0,0,0,0,0,0,0,0,0,0,7575,0,0,0,0,0,0,0,1888,0,0,0,0,40713,0,0,0,0,0,0,0,0,0,0,0,7575,TCGA-GM-A2DF-DX1_xmin50637_ymin43774_MPP-0.2500+25
0,221,3692,0,0,0,3898,6478,0,0,0,7201,23797,0,0,0,0,0,0,0,0,0,0,0,4889,0,221,3692,0,0,0,3700,6676,0,0,0,6364,24634,0,0,0,0,0,0,0,0,0,0,0,4889,0,221,3692,0,0,0,3685,6691,0,0,0,7538,23460,0,0,0,0,0,0,0,0,0,0,0,4889,TCGA-GM-A2DF-DX1_xmin50637_ymin43774_MPP-0.2500+26
32627,929,0,0,0,923,42,0,0,0,0,225,0,0,0,0,0,0,0,0,0,0,0,0,15430,32823,733,0,0,0,928,37,0,0,0,0,225,0,0,0,0,0,0,0,0,0,0,0,0,15430,32905,651,0,0,0,924,41,0,0,0,0,225,0,0,0,0,0,0,0,0,0,0,0,0,15430,TCGA-GM-A2DF-DX1_xmin50637_ymin43774_MPP-0.2500+27
40050,0,0,0,0,5827,0,0,0,0,0,0,0,0,0,0,0,0,0,0,0,0,0,0,4299,40050,0,0,0,0,5827,0,0,0,0,0,0,0,0,0,0,0,0,0,0,0,0,0,0,4299,40050,0,0,0,0,5827,0,0,0,0,0,0,0,0,0,0,0,0,0,0,0,0,0,0,4299,TCGA-GM-A2DF-DX1_xmin50637_ymin43774_MPP-0.2500+28
32180,0,0,0,0,17498,0,0,0,0,0,0,0,0,0,0,0,0,0,0,0,0,0,0,498,30798,1382,0,0,0,6497,11001,0,0,0,0,0,0,0,0,0,0,0,0,0,0,0,0,0,498,32180,0,0,0,0,17498,0,0,0,0,0,0,0,0,0,0,0,0,0,0,0,0,0,0,498,TCGA-GM-A2DF-DX1_xmin50637_ymin43774_MPP-0.2500+29
0,0,0,0,0,112,0,3735,0,0,0,0,33416,0,0,0,0,0,0,0,0,0,0,0,12913,0,0,0,0,0,25,0,3822,0,0,0,0,33416,0,0,0,0,0,0,0,0,0,0,0,12913,0,0,0,0,0,112,0,3735,0,0,0,0,33416,0,0,0,0,0,0,0,0,0,0,0,12913,TCGA-GM-A2DF-DX1_xmin50637_ymin43774_MPP-0.2500+3
46302,0,0,0,0,3874,0,0,0,0,0,0,0,0,0,0,0,0,0,0,0,0,0,0,0,46302,0,0,0,0,3874,0,0,0,0,0,0,0,0,0,0,0,0,0,0,0,0,0,0,0,46302,0,0,0,0,3874,0,0,0,0,0,0,0,0,0,0,0,0,0,0,0,0,0,0,0,TCGA-GM-A2DF-DX1_xmin50637_ymin43774_MPP-0.2500+30
33213,0,0,0,0,6619,0,0,0,0,0,0,0,0,0,0,0,0,0,0,0,0,0,0,10344,33213,0,0,0,0,6619,0,0,0,0,0,0,0,0,0,0,0,0,0,0,0,0,0,0,10344,33213,0,0,0,0,6619,0,0,0,0,0,0,0,0,0,0,0,0,0,0,0,0,0,0,10344,TCGA-GM-A2DF-DX1_xmin50637_ymin43774_MPP-0.2500+31
32598,0,0,0,0,8231,0,0,0,0,0,0,0,0,0,0,0,0,0,0,0,0,0,0,9347,32598,0,0,0,0,8231,0,0,0,0,0,0,0,0,0,0,0,0,0,0,0,0,0,0,9347,32598,0,0,0,0,8231,0,0,0,0,0,0,0,0,0,0,0,0,0,0,0,0,0,0,9347,TCGA-GM-A2DF-DX1_xmin50637_ymin43774_MPP-0.2500+32
41211,0,0,0,0,1010,0,0,0,0,0,0,0,0,0,0,0,0,0,0,0,0,0,0,7955,41211,0,0,0,0,1010,0,0,0,0,0,0,0,0,0,0,0,0,0,0,0,0,0,0,7955,41211,0,0,0,0,1010,0,0,0,0,0,0,0,0,0,0,0,0,0,0,0,0,0,0,7955,TCGA-GM-A2DF-DX1_xmin50637_ymin43774_MPP-0.2500+33
7033,0,0,0,0,1793,0,0,0,0,0,0,0,0,0,0,0,0,0,0,0,0,0,0,41350,7033,0,0,0,0,1793,0,0,0,0,0,0,0,0,0,0,0,0,0,0,0,0,0,0,41350,7033,0,0,0,0,1793,0,0,0,0,0,0,0,0,0,0,0,0,0,0,0,0,0,0,41350,TCGA-GM-A2DF-DX1_xmin50637_ymin43774_MPP-0.2500+34
20653,192,0,0,0,5412,3346,0,0,0,494,2767,0,0,0,0,0,0,0,0,0,0,0,0,17312,20655,190,0,0,0,5577,3181,0,0,0,515,2746,0,0,0,0,0,0,0,0,0,0,0,0,17312,20663,182,0,0,0,5407,3351,0,0,0,275,2986,0,0,0,0,0,0,0,0,0,0,0,0,17312,TCGA-GM-A2DF-DX1_xmin50637_ymin43774_MPP-0.2500+35
11252,1596,0,0,0,10223,15880,0,0,0,0,1381,0,0,0,0,0,0,0,0,0,0,0,0,9844,11217,1631,0,0,0,10126,15977,0,0,0,0,1381,0,0,0,0,0,0,0,0,0,0,0,0,9844,11338,1510,0,0,0,10943,15160,0,0,0,0,1381,0,0,0,0,0,0,0,0,0,0,0,0,9844,TCGA-GM-A2DF-DX1_xmin50637_ymin43774_MPP-0.2500+36
12077,498,0,0,0,1020,6131,2630,0,0,0,516,12537,0,0,0,0,0,0,0,0,0,0,0,14767,11996,579,0,0,0,912,6348,2521,0,0,0,524,12529,0,0,0,0,0,0,0,0,0,0,0,14767,12166,409,0,0,0,979,6196,2606,0,0,0,586,12467,0,0,0,0,0,0,0,0,0,0,0,14767,TCGA-GM-A2DF-DX1_xmin50637_ymin43774_MPP-0.2500+37
0,0,0,0,0,0,0,887,0,0,0,0,38939,0,0,0,0,0,0,0,0,0,0,0,10350,0,0,0,0,0,0,0,887,0,0,6,0,38933,0,0,0,0,0,0,0,0,0,0,0,10350,0,0,0,0,0,0,0,887,0,0,0,0,38939,0,0,0,0,0,0,0,0,0,0,0,10350,TCGA-GM-A2DF-DX1_xmin50637_ymin43774_MPP-0.2500+38
0,0,0,0,0,0,0,471,0,0,0,0,40590,0,0,0,0,0,0,0,0,0,0,0,9115,0,0,0,0,0,0,0,471,0,0,0,0,40590,0,0,0,0,0,0,0,0,0,0,0,9115,0,0,0,0,0,0,0,471,0,0,0,0,40590,0,0,0,0,0,0,0,0,0,0,0,9115,TCGA-GM-A2DF-DX1_xmin50637_ymin43774_MPP-0.2500+39
0,0,0,0,0,0,9494,1203,0,0,0,15816,21339,0,0,0,0,0,0,0,0,0,0,0,2324,0,0,0,0,0,0,8489,2208,0,0,0,13942,23213,0,0,0,0,0,0,0,0,0,0,0,2324,0,0,0,0,0,0,9376,1321,0,0,0,15605,21550,0,0,0,0,0,0,0,0,0,0,0,2324,TCGA-GM-A2DF-DX1_xmin50637_ymin43774_MPP-0.2500+4
0,1622,4364,0,0,0,6422,7949,0,0,0,1792,26917,0,0,0,0,0,0,0,0,0,0,0,1110,0,1034,4952,0,0,0,6267,8104,0,0,0,1765,26944,0,0,0,0,0,0,0,0,0,0,0,1110,0,1210,4776,0,0,0,6402,7969,0,0,0,1820,26889,0,0,0,0,0,0,0,0,0,0,0,1110,TCGA-GM-A2DF-DX1_xmin50637_ymin43774_MPP-0.2500+40
1709,0,0,0,0,1340,0,143,0,0,592,0,37134,0,0,0,0,0,0,0,0,0,0,0,9258,1709,0,0,0,0,1340,0,143,0,0,442,0,37284,0,0,0,0,0,0,0,0,0,0,0,9258,1709,0,0,0,0,1340,0,143,0,0,746,0,36980,0,0,0,0,0,0,0,0,0,0,0,9258,TCGA-GM-A2DF-DX1_xmin50637_ymin43774_MPP-0.2500+41
0,0,0,0,0,5724,0,7939,0,0,20,0,18470,0,0,0,0,0,0,0,0,0,0,0,18023,0,0,0,0,0,5082,0,8581,0,0,20,0,18470,0,0,0,0,0,0,0,0,0,0,0,18023,0,0,0,0,0,5571,0,8092,0,0,20,0,18470,0,0,0,0,0,0,0,0,0,0,0,18023,TCGA-GM-A2DF-DX1_xmin50637_ymin43774_MPP-0.2500+42
3229,1326,0,0,0,1987,24555,0,0,0,0,798,0,0,0,0,0,0,0,0,0,0,0,0,18281,0,4555,0,0,0,0,26542,0,0,0,0,798,0,0,0,0,0,0,0,0,0,0,0,0,18281,3159,1396,0,0,0,2660,23882,0,0,0,0,798,0,0,0,0,0,0,0,0,0,0,0,0,18281,TCGA-GM-A2DF-DX1_xmin50637_ymin43774_MPP-0.2500+43
34771,0,0,0,0,1845,0,0,0,0,0,0,0,0,0,0,0,0,0,0,0,0,0,0,13560,34771,0,0,0,0,1845,0,0,0,0,0,0,0,0,0,0,0,0,0,0,0,0,0,0,13560,34771,0,0,0,0,1845,0,0,0,0,0,0,0,0,0,0,0,0,0,0,0,0,0,0,13560,TCGA-GM-A2DF-DX1_xmin50637_ymin43774_MPP-0.2500+44
14049,0,0,0,0,715,0,0,0,0,0,0,0,0,0,0,0,0,0,0,0,0,0,0,35412,14049,0,0,0,0,715,0,0,0,0,0,0,0,0,0,0,0,0,0,0,0,0,0,0,35412,14049,0,0,0,0,715,0,0,0,0,0,0,0,0,0,0,0,0,0,0,0,0,0,0,35412,TCGA-GM-A2DF-DX1_xmin50637_ymin43774_MPP-0.2500+45
24900,375,0,0,0,8520,11416,0,0,0,0,0,0,0,0,0,0,0,0,0,0,0,0,0,4965,24935,340,0,0,0,8907,11029,0,0,0,0,0,0,0,0,0,0,0,0,0,0,0,0,0,4965,24869,406,0,0,0,8361,11575,0,0,0,0,0,0,0,0,0,0,0,0,0,0,0,0,0,4965,TCGA-GM-A2DF-DX1_xmin50637_ymin43774_MPP-0.2500+46
23091,251,0,0,0,7277,12326,0,0,0,837,1043,0,0,0,0,0,0,0,0,0,0,0,0,5351,23342,0,0,0,0,19603,0,0,0,0,1880,0,0,0,0,0,0,0,0,0,0,0,0,0,5351,23342,0,0,0,0,19603,0,0,0,0,1880,0,0,0,0,0,0,0,0,0,0,0,0,0,5351,TCGA-GM-A2DF-DX1_xmin50637_ymin43774_MPP-0.2500+47
20319,271,0,0,0,5928,4763,0,0,0,352,5764,0,0,0,0,0,0,0,0,0,0,0,0,12779,20381,209,0,0,0,6336,4355,0,0,0,506,5610,0,0,0,0,0,0,0,0,0,0,0,0,12779,20293,297,0,0,0,6011,4680,0,0,0,450,5666,0,0,0,0,0,0,0,0,0,0,0,0,12779,TCGA-GM-A2DF-DX1_xmin50637_ymin43774_MPP-0.2500+48
20250,0,256,0,0,10931,7605,259,0,0,1153,3494,5114,0,0,0,0,0,0,0,0,0,0,0,1114,20242,0,264,0,0,10946,7605,244,0,0,1126,3461,5174,0,0,0,0,0,0,0,0,0,0,0,1114,20224,0,282,0,0,10991,7543,261,0,0,1032,3788,4941,0,0,0,0,0,0,0,0,0,0,0,1114,TCGA-GM-A2DF-DX1_xmin50637_ymin43774_MPP-0.2500+49
0,0,0,0,0,0,0,0,0,0,16,0,29307,0,0,0,0,0,0,0,0,0,0,0,20853,0,0,0,0,0,0,0,0,0,0,48,0,29275,0,0,0,0,0,0,0,0,0,0,0,20853,0,0,0,0,0,0,0,0,0,0,16,0,29307,0,0,0,0,0,0,0,0,0,0,0,20853,TCGA-GM-A2DF-DX1_xmin50637_ymin43774_MPP-0.2500+5
7917,1490,0,0,0,12205,17085,0,0,0,1197,9617,0,0,0,0,0,0,0,0,0,0,0,0,665,8301,1106,0,0,0,13120,16170,0,0,0,1183,9631,0,0,0,0,0,0,0,0,0,0,0,0,665,7622,1785,0,0,0,11062,18228,0,0,0,877,9937,0,0,0,0,0,0,0,0,0,0,0,0,665,TCGA-GM-A2DF-DX1_xmin50637_ymin43774_MPP-0.2500+50
8075,0,0,0,0,5604,19689,4140,0,0,6,4431,7975,0,0,0,0,0,0,0,0,0,0,0,256,8072,3,0,0,0,5945,18587,4901,0,0,6,4002,8404,0,0,0,0,0,0,0,0,0,0,0,256,8075,0,0,0,0,6095,18889,4449,0,0,6,4091,8315,0,0,0,0,0,0,0,0,0,0,0,256,TCGA-GM-A2DF-DX1_xmin50637_ymin43774_MPP-0.2500+51
0,0,0,0,0,0,0,3423,0,0,0,0,33238,0,0,0,0,0,0,0,0,0,0,0,13515,0,0,0,0,0,0,0,3423,0,0,0,0,33238,0,0,0,0,0,0,0,0,0,0,0,13515,0,0,0,0,0,0,0,3423,0,0,0,0,33238,0,0,0,0,0,0,0,0,0,0,0,13515,TCGA-GM-A2DF-DX1_xmin50637_ymin43774_MPP-0.2500+52
0,0,0,0,0,4,0,1743,0,0,0,0,43080,0,0,0,0,0,0,0,0,0,0,0,5349,0,0,0,0,0,0,0,1747,0,0,0,0,43080,0,0,0,0,0,0,0,0,0,0,0,5349,0,0,0,0,0,4,0,1743,0,0,0,0,43080,0,0,0,0,0,0,0,0,0,0,0,5349,TCGA-GM-A2DF-DX1_xmin50637_ymin43774_MPP-0.2500+53
0,0,0,0,0,0,12700,125,0,0,0,5760,10906,0,0,0,0,0,0,0,0,0,0,0,20685,0,0,0,0,0,0,12657,168,0,0,0,5314,11352,0,0,0,0,0,0,0,0,0,0,0,20685,0,0,0,0,0,0,12707,118,0,0,0,5706,10960,0,0,0,0,0,0,0,0,0,0,0,20685,TCGA-GM-A2DF-DX1_xmin50637_ymin43774_MPP-0.2500+54
0,0,0,0,0,0,0,804,0,0,0,0,49371,0,0,0,0,0,0,0,0,0,0,0,1,0,0,0,0,0,0,0,804,0,0,0,0,49371,0,0,0,0,0,0,0,0,0,0,0,1,0,0,0,0,0,0,0,804,0,0,0,0,49371,0,0,0,0,0,0,0,0,0,0,0,1,TCGA-GM-A2DF-DX1_xmin50637_ymin43774_MPP-0.2500+55
0,0,0,0,0,0,22923,4442,0,0,0,7899,10929,0,0,0,0,0,0,0,0,0,0,0,3983,0,0,0,0,0,0,21336,6029,0,0,0,5929,12899,0,0,0,0,0,0,0,0,0,0,0,3983,0,0,0,0,0,0,22424,4941,0,0,0,8739,10089,0,0,0,0,0,0,0,0,0,0,0,3983,TCGA-GM-A2DF-DX1_xmin50637_ymin43774_MPP-0.2500+56
28330,0,0,0,0,17297,0,0,0,0,4549,0,0,0,0,0,0,0,0,0,0,0,0,0,0,28330,0,0,0,0,17297,0,0,0,0,4549,0,0,0,0,0,0,0,0,0,0,0,0,0,0,28330,0,0,0,0,17297,0,0,0,0,4549,0,0,0,0,0,0,0,0,0,0,0,0,0,0,TCGA-GM-A2DF-DX1_xmin50637_ymin43774_MPP-0.2500+57
21924,0,0,0,0,0,0,0,0,0,0,0,0,0,0,0,0,0,0,0,0,0,0,0,28252,21924,0,0,0,0,0,0,0,0,0,0,0,0,0,0,0,0,0,0,0,0,0,0,0,28252,21924,0,0,0,0,0,0,0,0,0,0,0,0,0,0,0,0,0,0,0,0,0,0,0,28252,TCGA-GM-A2DF-DX1_xmin50637_ymin43774_MPP-0.2500+58
26850,111,0,0,0,7852,13098,0,0,0,0,0,0,0,0,0,0,0,0,0,0,0,0,0,2265,26863,98,0,0,0,8524,12426,0,0,0,0,0,0,0,0,0,0,0,0,0,0,0,0,0,2265,26823,138,0,0,0,7496,13454,0,0,0,0,0,0,0,0,0,0,0,0,0,0,0,0,0,2265,TCGA-GM-A2DF-DX1_xmin50637_ymin43774_MPP-0.2500+59
0,1092,3502,0,0,0,13574,12490,0,0,0,3472,14687,0,0,0,0,0,0,0,0,0,0,0,1359,0,788,3806,0,0,0,13145,12919,0,0,0,3263,14896,0,0,0,0,0,0,0,0,0,0,0,1359,0,668,3926,0,0,0,12756,13308,0,0,0,3849,14310,0,0,0,0,0,0,0,0,0,0,0,1359,TCGA-GM-A2DF-DX1_xmin50637_ymin43774_MPP-0.2500+6
0,0,0,0,0,11301,28429,0,0,0,20,132,0,0,0,0,0,0,0,0,0,0,0,0,10294,0,0,0,0,0,11350,28380,0,0,0,20,132,0,0,0,0,0,0,0,0,0,0,0,0,10294,0,0,0,0,0,11749,27981,0,0,0,20,132,0,0,0,0,0,0,0,0,0,0,0,0,10294,TCGA-GM-A2DF-DX1_xmin50637_ymin43774_MPP-0.2500+60
0,0,0,0,0,0,12752,4279,0,0,0,6976,18985,0,0,0,0,0,0,0,0,0,0,0,7184,0,0,0,0,0,0,12693,4338,0,0,0,6341,19620,0,0,0,0,0,0,0,0,0,0,0,7184,0,0,0,0,0,0,13156,3875,0,0,0,7129,18832,0,0,0,0,0,0,0,0,0,0,0,7184,TCGA-GM-A2DF-DX1_xmin50637_ymin43774_MPP-0.2500+61
1483,0,0,0,0,7304,14350,0,0,0,6552,17232,0,0,0,0,0,0,0,0,0,0,0,0,3255,1483,0,0,0,0,6973,14681,0,0,0,5979,17805,0,0,0,0,0,0,0,0,0,0,0,0,3255,1483,0,0,0,0,7948,13706,0,0,0,6780,17004,0,0,0,0,0,0,0,0,0,0,0,0,3255,TCGA-GM-A2DF-DX1_xmin50637_ymin43774_MPP-0.2500+62
8515,649,0,0,0,4850,15507,4578,0,0,992,5755,9249,0,0,0,0,0,0,0,0,0,0,0,81,8563,601,0,0,0,5878,14174,4883,0,0,974,5597,9425,0,0,0,0,0,0,0,0,0,0,0,81,8470,694,0,0,0,4978,15307,4650,0,0,939,5765,9292,0,0,0,0,0,0,0,0,0,0,0,81,TCGA-GM-A2DF-DX1_xmin50637_ymin43774_MPP-0.2500+63
0,0,0,0,0,0,5657,118,0,0,0,8993,35408,0,0,0,0,0,0,0,0,0,0,0,0,0,0,0,0,0,0,5657,118,0,0,0,8929,35472,0,0,0,0,0,0,0,0,0,0,0,0,0,0,0,0,0,0,5657,118,0,0,0,9312,35089,0,0,0,0,0,0,0,0,0,0,0,0,TCGA-GM-A2DF-DX1_xmin50637_ymin43774_MPP-0.2500+64
0,0,0,0,0,3517,18822,2499,0,0,1541,6556,9463,0,0,0,0,0,0,0,0,0,0,0,7778,0,0,0,0,0,3346,18965,2527,0,0,1532,6551,9477,0,0,0,0,0,0,0,0,0,0,0,7778,0,0,0,0,0,4891,17456,2491,0,0,1550,6705,9305,0,0,0,0,0,0,0,0,0,0,0,7778,TCGA-GM-A2DF-DX1_xmin50637_ymin43774_MPP-0.2500+65
0,0,0,0,0,0,1468,1695,0,0,0,146,16224,0,0,0,0,0,0,0,0,0,0,0,30643,0,0,0,0,0,0,1406,1757,0,0,0,157,16213,0,0,0,0,0,0,0,0,0,0,0,30643,0,0,0,0,0,0,1380,1783,0,0,0,143,16227,0,0,0,0,0,0,0,0,0,0,0,30643,TCGA-GM-A2DF-DX1_xmin50637_ymin43774_MPP-0.2500+66
0,0,0,0,0,0,12181,905,0,0,0,3510,18596,0,0,0,0,0,0,0,0,0,0,0,14984,0,0,0,0,0,0,12089,997,0,0,0,3199,18907,0,0,0,0,0,0,0,0,0,0,0,14984,0,0,0,0,0,0,12159,927,0,0,0,3591,18515,0,0,0,0,0,0,0,0,0,0,0,14984,TCGA-GM-A2DF-DX1_xmin50637_ymin43774_MPP-0.2500+67
0,0,0,0,0,0,0,6523,0,0,0,0,43653,0,0,0,0,0,0,0,0,0,0,0,0,0,0,0,0,0,0,0,6523,0,0,0,0,43653,0,0,0,0,0,0,0,0,0,0,0,0,0,0,0,0,0,0,0,6523,0,0,0,0,43653,0,0,0,0,0,0,0,0,0,0,0,0,TCGA-GM-A2DF-DX1_xmin50637_ymin43774_MPP-0.2500+68
0,0,0,0,0,1648,0,18790,0,0,0,0,27348,0,0,0,0,0,0,0,0,0,0,0,2390,0,0,0,0,0,1456,0,18982,0,0,0,0,27348,0,0,0,0,0,0,0,0,0,0,0,2390,0,0,0,0,0,1520,0,18918,0,0,0,0,27348,0,0,0,0,0,0,0,0,0,0,0,2390,TCGA-GM-A2DF-DX1_xmin50637_ymin43774_MPP-0.2500+69
0,0,0,0,0,16,0,5694,0,0,0,0,42031,0,0,0,0,0,0,0,0,0,0,0,2435,0,0,0,0,0,4,0,5706,0,0,0,0,42031,0,0,0,0,0,0,0,0,0,0,0,2435,0,0,0,0,0,16,0,5694,0,0,0,0,42031,0,0,0,0,0,0,0,0,0,0,0,2435,TCGA-GM-A2DF-DX1_xmin50637_ymin43774_MPP-0.2500+7
0,426,0,0,0,0,38584,0,0,0,0,5285,0,0,0,0,0,0,0,0,0,0,0,0,5881,0,426,0,0,0,0,38584,0,0,0,0,5285,0,0,0,0,0,0,0,0,0,0,0,0,5881,0,426,0,0,0,0,38584,0,0,0,0,5285,0,0,0,0,0,0,0,0,0,0,0,0,5881,TCGA-GM-A2DF-DX1_xmin50637_ymin43774_MPP-0.2500+70
3777,0,0,0,0,28267,0,0,0,0,7090,0,0,0,0,0,0,0,0,0,0,0,0,0,11042,3777,0,0,0,0,28267,0,0,0,0,7090,0,0,0,0,0,0,0,0,0,0,0,0,0,11042,3777,0,0,0,0,28267,0,0,0,0,7090,0,0,0,0,0,0,0,0,0,0,0,0,0,11042,TCGA-GM-A2DF-DX1_xmin50637_ymin43774_MPP-0.2500+71
48,0,361,0,0,4922,0,14250,0,0,22,0,28550,0,0,0,0,0,0,0,0,0,0,0,2023,63,0,346,0,0,4481,0,14691,0,0,0,0,28572,0,0,0,0,0,0,0,0,0,0,0,2023,48,0,361,0,0,4602,0,14570,0,0,22,0,28550,0,0,0,0,0,0,0,0,0,0,0,2023,TCGA-GM-A2DF-DX1_xmin50637_ymin43774_MPP-0.2500+72
0,0,0,0,0,1232,0,15746,0,0,0,0,27698,0,0,0,0,0,0,0,0,0,0,0,5500,0,0,0,0,0,944,0,16034,0,0,0,0,27698,0,0,0,0,0,0,0,0,0,0,0,5500,0,0,0,0,0,1360,0,15618,0,0,0,0,27698,0,0,0,0,0,0,0,0,0,0,0,5500,TCGA-GM-A2DF-DX1_xmin50637_ymin43774_MPP-0.2500+73
0,0,0,0,0,4,0,8693,0,0,0,0,39767,0,0,0,0,0,0,0,0,0,0,0,1712,0,0,0,0,0,4,0,8693,0,0,0,0,39767,0,0,0,0,0,0,0,0,0,0,0,1712,0,0,0,0,0,4,0,8693,0,0,0,0,39767,0,0,0,0,0,0,0,0,0,0,0,1712,TCGA-GM-A2DF-DX1_xmin50637_ymin43774_MPP-0.2500+74
27376,669,0,0,0,5700,12384,0,0,0,0,1446,0,0,0,0,0,0,0,0,0,0,0,0,2601,27547,498,0,0,0,5835,12249,0,0,0,0,1446,0,0,0,0,0,0,0,0,0,0,0,0,2601,27464,581,0,0,0,5538,12546,0,0,0,0,1446,0,0,0,0,0,0,0,0,0,0,0,0,2601,TCGA-GM-A2DF-DX1_xmin50637_ymin43774_MPP-0.2500+75
37876,1244,0,0,0,3086,6788,0,0,0,0,0,0,0,0,0,0,0,0,0,0,0,0,0,1182,37974,1146,0,0,0,3037,6837,0,0,0,0,0,0,0,0,0,0,0,0,0,0,0,0,0,1182,37856,1264,0,0,0,3684,6190,0,0,0,0,0,0,0,0,0,0,0,0,0,0,0,0,0,1182,TCGA-GM-A2DF-DX1_xmin50637_ymin43774_MPP-0.2500+76
0,3122,0,0,0,0,3777,925,0,0,0,5179,34214,0,0,0,0,0,0,0,0,0,0,0,2959,0,3122,0,0,0,0,3747,955,0,0,0,5335,34058,0,0,0,0,0,0,0,0,0,0,0,2959,0,3122,0,0,0,0,3811,891,0,0,0,5400,33993,0,0,0,0,0,0,0,0,0,0,0,2959,TCGA-GM-A2DF-DX1_xmin50637_ymin43774_MPP-0.2500+77
0,0,0,0,0,0,5623,2007,0,0,0,24,12861,0,0,0,0,0,0,0,0,0,0,0,29661,0,0,0,0,0,0,5583,2047,0,0,0,18,12867,0,0,0,0,0,0,0,0,0,0,0,29661,0,0,0,0,0,0,5221,2409,0,0,0,24,12861,0,0,0,0,0,0,0,0,0,0,0,29661,TCGA-GM-A2DF-DX1_xmin50637_ymin43774_MPP-0.2500+78
0,0,0,0,0,0,9845,0,0,0,0,0,0,0,0,0,0,0,0,0,0,0,0,0,40331,0,0,0,0,0,0,9845,0,0,0,0,0,0,0,0,0,0,0,0,0,0,0,0,0,40331,0,0,0,0,0,0,9845,0,0,0,0,0,0,0,0,0,0,0,0,0,0,0,0,0,40331,TCGA-GM-A2DF-DX1_xmin50637_ymin43774_MPP-0.2500+79
0,0,0,0,0,0,0,568,0,0,0,0,49608,0,0,0,0,0,0,0,0,0,0,0,0,0,0,0,0,0,0,0,568,0,0,0,0,49608,0,0,0,0,0,0,0,0,0,0,0,0,0,0,0,0,0,0,0,568,0,0,0,0,49608,0,0,0,0,0,0,0,0,0,0,0,0,TCGA-GM-A2DF-DX1_xmin50637_ymin43774_MPP-0.2500+8
0,0,0,0,0,0,32780,0,0,0,0,0,0,0,0,0,0,0,0,0,0,0,0,0,17396,0,0,0,0,0,0,32780,0,0,0,0,0,0,0,0,0,0,0,0,0,0,0,0,0,17396,0,0,0,0,0,0,32780,0,0,0,0,0,0,0,0,0,0,0,0,0,0,0,0,0,17396,TCGA-GM-A2DF-DX1_xmin50637_ymin43774_MPP-0.2500+80
0,0,0,0,0,0,8734,2,0,0,0,9851,25292,0,0,0,0,0,0,0,0,0,0,0,6297,0,0,0,0,0,0,8727,9,0,0,0,9410,25733,0,0,0,0,0,0,0,0,0,0,0,6297,0,0,0,0,0,0,8734,2,0,0,0,10613,24530,0,0,0,0,0,0,0,0,0,0,0,6297,TCGA-GM-A2DF-DX1_xmin50637_ymin43774_MPP-0.2500+81
0,0,0,0,0,0,0,852,0,0,0,0,34922,0,0,0,0,0,0,0,0,0,0,0,14402,0,0,0,0,0,0,0,852,0,0,0,0,34922,0,0,0,0,0,0,0,0,0,0,0,14402,0,0,0,0,0,0,0,852,0,0,4,0,34918,0,0,0,0,0,0,0,0,0,0,0,14402,TCGA-GM-A2DF-DX1_xmin50637_ymin43774_MPP-0.2500+82
0,0,0,0,0,172,0,13360,0,0,353,0,34432,0,0,0,0,0,0,0,0,0,0,0,1859,0,0,0,0,0,101,0,13431,0,0,296,0,34489,0,0,0,0,0,0,0,0,0,0,0,1859,0,0,0,0,0,172,0,13360,0,0,353,0,34432,0,0,0,0,0,0,0,0,0,0,0,1859,TCGA-GM-A2DF-DX1_xmin50637_ymin43774_MPP-0.2500+83
0,0,0,0,0,0,0,629,0,0,0,0,34795,0,0,0,0,0,0,0,0,0,0,0,14752,0,0,0,0,0,0,0,629,0,0,0,0,34795,0,0,0,0,0,0,0,0,0,0,0,14752,0,0,0,0,0,0,0,629,0,0,0,0,34795,0,0,0,0,0,0,0,0,0,0,0,14752,TCGA-GM-A2DF-DX1_xmin50637_ymin43774_MPP-0.2500+84
0,0,0,0,0,0,0,0,0,0,80,0,36824,0,0,0,0,0,0,0,0,0,0,0,13272,0,0,0,0,0,0,0,0,0,0,80,0,36824,0,0,0,0,0,0,0,0,0,0,0,13272,0,0,0,0,0,0,0,0,0,0,80,0,36824,0,0,0,0,0,0,0,0,0,0,0,13272,TCGA-GM-A2DF-DX1_xmin50637_ymin43774_MPP-0.2500+85
0,0,0,0,0,0,0,0,0,0,0,0,46894,0,0,0,0,0,0,0,0,0,0,0,3282,0,0,0,0,0,0,0,0,0,0,0,0,46894,0,0,0,0,0,0,0,0,0,0,0,3282,0,0,0,0,0,0,0,0,0,0,0,0,46894,0,0,0,0,0,0,0,0,0,0,0,3282,TCGA-GM-A2DF-DX1_xmin50637_ymin43774_MPP-0.2500+86
0,0,0,0,0,0,0,5658,0,0,0,0,37109,0,0,0,0,0,0,0,0,0,0,0,7409,0,0,0,0,0,0,0,5658,0,0,0,0,37109,0,0,0,0,0,0,0,0,0,0,0,7409,0,0,0,0,0,0,0,5658,0,0,0,0,37109,0,0,0,0,0,0,0,0,0,0,0,7409,TCGA-GM-A2DF-DX1_xmin50637_ymin43774_MPP-0.2500+87
21794,524,0,0,0,4930,18253,0,0,0,0,1022,0,0,0,0,0,0,0,0,0,0,0,0,3653,21821,497,0,0,0,6708,16475,0,0,0,0,1022,0,0,0,0,0,0,0,0,0,0,0,0,3653,21760,558,0,0,0,4624,18559,0,0,0,0,1022,0,0,0,0,0,0,0,0,0,0,0,0,3653,TCGA-GM-A2DF-DX1_xmin50637_ymin43774_MPP-0.2500+88
31793,713,0,0,0,4983,5118,303,0,0,0,549,5346,0,0,0,0,0,0,0,0,0,0,0,1371,31845,661,0,0,0,5237,4634,533,0,0,0,463,5432,0,0,0,0,0,0,0,0,0,0,0,1371,31761,745,0,0,0,4975,5167,262,0,0,0,609,5286,0,0,0,0,0,0,0,0,0,0,0,1371,TCGA-GM-A2DF-DX1_xmin50637_ymin43774_MPP-0.2500+89
0,0,0,0,0,544,0,22263,0,0,336,0,22870,0,0,0,0,0,0,0,0,0,0,0,4163,0,0,0,0,0,256,0,22551,0,0,336,0,22870,0,0,0,0,0,0,0,0,0,0,0,4163,0,0,0,0,0,448,0,22359,0,0,336,0,22870,0,0,0,0,0,0,0,0,0,0,0,4163,TCGA-GM-A2DF-DX1_xmin50637_ymin43774_MPP-0.2500+9
0,7432,0,0,0,0,10052,3326,0,0,0,2837,17763,0,0,0,0,0,0,0,0,0,0,0,8766,0,7432,0,0,0,0,9865,3513,0,0,0,2745,17855,0,0,0,0,0,0,0,0,0,0,0,8766,0,7432,0,0,0,0,9863,3515,0,0,0,2810,17790,0,0,0,0,0,0,0,0,0,0,0,8766,TCGA-GM-A2DF-DX1_xmin50637_ymin43774_MPP-0.2500+90
0,0,0,0,0,0,18452,0,0,0,0,0,0,0,0,0,0,0,0,0,0,0,0,0,31724,0,0,0,0,0,0,18452,0,0,0,0,0,0,0,0,0,0,0,0,0,0,0,0,0,31724,0,0,0,0,0,0,18452,0,0,0,0,0,0,0,0,0,0,0,0,0,0,0,0,0,31724,TCGA-GM-A2DF-DX1_xmin50637_ymin43774_MPP-0.2500+91
0,0,0,0,0,0,31481,0,0,0,0,0,0,0,0,0,0,0,0,0,0,0,0,0,18695,0,0,0,0,0,0,31481,0,0,0,0,0,0,0,0,0,0,0,0,0,0,0,0,0,18695,0,0,0,0,0,0,31481,0,0,0,0,0,0,0,0,0,0,0,0,0,0,0,0,0,18695,TCGA-GM-A2DF-DX1_xmin50637_ymin43774_MPP-0.2500+92
0,0,0,0,0,0,49973,0,0,0,0,0,0,0,0,0,0,0,0,0,0,0,0,0,203,0,0,0,0,0,0,49973,0,0,0,0,0,0,0,0,0,0,0,0,0,0,0,0,0,203,0,0,0,0,0,0,49973,0,0,0,0,0,0,0,0,0,0,0,0,0,0,0,0,0,203,TCGA-GM-A2DF-DX1_xmin50637_ymin43774_MPP-0.2500+93
0,0,0,0,0,0,50176,0,0,0,0,0,0,0,0,0,0,0,0,0,0,0,0,0,0,0,0,0,0,0,0,50176,0,0,0,0,0,0,0,0,0,0,0,0,0,0,0,0,0,0,0,0,0,0,0,0,50176,0,0,0,0,0,0,0,0,0,0,0,0,0,0,0,0,0,0,TCGA-GM-A2DF-DX1_xmin50637_ymin43774_MPP-0.2500+94
0,0,0,0,0,0,0,2994,0,0,0,0,37407,0,0,0,0,0,0,0,0,0,0,0,9775,0,0,0,0,0,0,0,2994,0,0,0,0,37407,0,0,0,0,0,0,0,0,0,0,0,9775,0,0,0,0,0,0,0,2994,0,0,0,0,37407,0,0,0,0,0,0,0,0,0,0,0,9775,TCGA-GM-A2DF-DX1_xmin50637_ymin43774_MPP-0.2500+95
0,0,0,0,0,0,10232,4164,0,0,0,5764,18587,0,0,0,0,0,0,0,0,0,0,0,11429,0,0,0,0,0,0,10073,4323,0,0,0,5258,19093,0,0,0,0,0,0,0,0,0,0,0,11429,0,0,0,0,0,0,10524,3872,0,0,0,6364,17987,0,0,0,0,0,0,0,0,0,0,0,11429,TCGA-GM-A2DF-DX1_xmin50637_ymin43774_MPP-0.2500+96
0,0,0,0,0,0,4678,1995,0,0,0,2690,23661,0,0,0,0,0,0,0,0,0,0,0,17152,0,0,0,0,0,0,4682,1991,0,0,0,2808,23543,0,0,0,0,0,0,0,0,0,0,0,17152,0,0,0,0,0,0,4710,1963,0,0,0,2868,23483,0,0,0,0,0,0,0,0,0,0,0,17152,TCGA-GM-A2DF-DX1_xmin50637_ymin43774_MPP-0.2500+97
0,0,0,0,0,0,0,2730,0,0,0,0,31727,0,0,0,0,0,0,0,0,0,0,0,15719,0,0,0,0,0,0,0,2730,0,0,0,0,31727,0,0,0,0,0,0,0,0,0,0,0,15719,0,0,0,0,0,0,0,2730,0,0,4,0,31723,0,0,0,0,0,0,0,0,0,0,0,15719,TCGA-GM-A2DF-DX1_xmin50637_ymin43774_MPP-0.2500+98
0,0,0,0,0,0,8034,2982,0,0,0,3310,25771,0,0,0,0,0,0,0,0,0,0,0,10079,0,0,0,0,0,0,6786,4230,0,0,0,2522,26559,0,0,0,0,0,0,0,0,0,0,0,10079,0,0,0,0,0,0,7782,3234,0,0,0,3125,25956,0,0,0,0,0,0,0,0,0,0,0,10079,TCGA-GM-A2DF-DX1_xmin50637_ymin43774_MPP-0.2500+99
39381,0,0,0,0,0,0,0,0,0,0,0,0,0,0,10795,0,0,0,0,0,0,0,0,0,39381,0,0,0,0,0,0,0,0,0,0,0,0,0,0,10795,0,0,0,0,0,0,0,0,0,39381,0,0,0,0,0,0,0,0,0,0,0,0,0,0,10795,0,0,0,0,0,0,0,0,0,TCGA-GM-A2DH-DX1_xmin50963_ymin56303_MPP-0.2500+0
50176,0,0,0,0,0,0,0,0,0,0,0,0,0,0,0,0,0,0,0,0,0,0,0,0,50176,0,0,0,0,0,0,0,0,0,0,0,0,0,0,0,0,0,0,0,0,0,0,0,0,50176,0,0,0,0,0,0,0,0,0,0,0,0,0,0,0,0,0,0,0,0,0,0,0,0,TCGA-GM-A2DH-DX1_xmin50963_ymin56303_MPP-0.2500+1
38714,0,0,0,0,1696,0,0,0,0,0,0,0,0,0,9766,0,0,0,0,0,0,0,0,0,38714,0,0,0,0,1696,0,0,0,0,0,0,0,0,0,9766,0,0,0,0,0,0,0,0,0,38714,0,0,0,0,1696,0,0,0,0,0,0,0,0,0,9766,0,0,0,0,0,0,0,0,0,TCGA-GM-A2DH-DX1_xmin50963_ymin56303_MPP-0.2500+10
34559,0,0,0,0,0,0,0,0,0,0,0,0,0,0,14945,0,0,0,0,0,0,0,0,672,34559,0,0,0,0,0,0,0,0,0,0,0,0,0,0,14945,0,0,0,0,0,0,0,0,672,34559,0,0,0,0,0,0,0,0,0,0,0,0,0,0,14945,0,0,0,0,0,0,0,0,672,TCGA-GM-A2DH-DX1_xmin50963_ymin56303_MPP-0.2500+100
15884,1770,0,0,0,167,19982,0,0,0,0,0,0,0,0,0,0,0,0,0,0,0,0,0,12373,16254,1400,0,0,0,457,19692,0,0,0,0,0,0,0,0,0,0,0,0,0,0,0,0,0,12373,16373,1281,0,0,0,184,19965,0,0,0,0,0,0,0,0,0,0,0,0,0,0,0,0,0,12373,TCGA-GM-A2DH-DX1_xmin50963_ymin56303_MPP-0.2500+101
0,0,0,0,0,0,44816,0,0,0,0,0,0,0,0,0,0,0,0,0,0,0,0,0,5360,0,0,0,0,0,0,44816,0,0,0,0,0,0,0,0,0,0,0,0,0,0,0,0,0,5360,0,0,0,0,0,0,44816,0,0,0,0,0,0,0,0,0,0,0,0,0,0,0,0,0,5360,TCGA-GM-A2DH-DX1_xmin50963_ymin56303_MPP-0.2500+102
0,0,0,0,0,0,27814,4556,0,0,0,6665,7443,0,0,0,1825,0,0,0,0,0,0,0,1873,0,0,0,0,0,0,27998,4372,0,0,0,6900,7208,0,0,0,1825,0,0,0,0,0,0,0,1873,0,0,0,0,0,0,28148,4222,0,0,0,6953,7155,0,0,0,1825,0,0,0,0,0,0,0,1873,TCGA-GM-A2DH-DX1_xmin50963_ymin56303_MPP-0.2500+103
0,0,0,0,0,4,27494,5961,0,0,0,4758,8350,0,0,0,3609,0,0,0,0,0,0,0,0,0,0,0,0,0,4,27357,6098,0,0,0,4723,8385,0,0,0,3609,0,0,0,0,0,0,0,0,0,0,0,0,0,4,27203,6252,0,0,0,4463,8645,0,0,0,3609,0,0,0,0,0,0,0,0,TCGA-GM-A2DH-DX1_xmin50963_ymin56303_MPP-0.2500+104
3753,0,0,0,0,6037,39439,0,0,0,0,0,0,0,0,0,947,0,0,0,0,0,0,0,0,3753,0,0,0,0,6331,39145,0,0,0,0,0,0,0,0,0,947,0,0,0,0,0,0,0,0,3753,0,0,0,0,6638,38838,0,0,0,0,0,0,0,0,0,947,0,0,0,0,0,0,0,0,TCGA-GM-A2DH-DX1_xmin50963_ymin56303_MPP-0.2500+105
47711,0,0,0,0,0,0,0,0,0,0,0,0,0,0,2465,0,0,0,0,0,0,0,0,0,47711,0,0,0,0,0,0,0,0,0,0,0,0,0,0,2465,0,0,0,0,0,0,0,0,0,47711,0,0,0,0,0,0,0,0,0,0,0,0,0,0,2465,0,0,0,0,0,0,0,0,0,TCGA-GM-A2DH-DX1_xmin50963_ymin56303_MPP-0.2500+106
39547,0,0,0,0,0,0,0,0,0,0,0,0,0,0,10629,0,0,0,0,0,0,0,0,0,39547,0,0,0,0,0,0,0,0,0,0,0,0,0,0,10629,0,0,0,0,0,0,0,0,0,39547,0,0,0,0,0,0,0,0,0,0,0,0,0,0,10629,0,0,0,0,0,0,0,0,0,TCGA-GM-A2DH-DX1_xmin50963_ymin56303_MPP-0.2500+107
31547,0,0,0,0,0,0,0,0,0,0,0,0,0,0,18629,0,0,0,0,0,0,0,0,0,31547,0,0,0,0,0,0,0,0,0,0,0,0,0,0,18629,0,0,0,0,0,0,0,0,0,31398,0,0,149,0,0,0,0,0,0,0,0,0,0,0,13661,0,0,4968,0,0,0,0,0,0,TCGA-GM-A2DH-DX1_xmin50963_ymin56303_MPP-0.2500+108
44175,0,0,0,0,0,0,0,0,0,0,0,0,0,0,6001,0,0,0,0,0,0,0,0,0,44175,0,0,0,0,0,0,0,0,0,0,0,0,0,0,6001,0,0,0,0,0,0,0,0,0,44175,0,0,0,0,0,0,0,0,0,0,0,0,0,0,6001,0,0,0,0,0,0,0,0,0,TCGA-GM-A2DH-DX1_xmin50963_ymin56303_MPP-0.2500+109
10075,279,0,0,0,6541,30555,0,0,0,0,0,0,0,0,2363,363,0,0,0,0,0,0,0,0,10137,217,0,0,0,6924,30172,0,0,0,0,0,0,0,0,2424,302,0,0,0,0,0,0,0,0,10207,147,0,0,0,7264,29832,0,0,0,0,0,0,0,0,2521,205,0,0,0,0,0,0,0,0,TCGA-GM-A2DH-DX1_xmin50963_ymin56303_MPP-0.2500+11
37242,953,0,0,0,475,11062,0,0,0,0,0,0,0,0,0,0,0,0,0,0,0,0,0,444,37294,901,0,0,0,598,10939,0,0,0,0,0,0,0,0,0,0,0,0,0,0,0,0,0,444,37259,936,0,0,0,685,10852,0,0,0,0,0,0,0,0,0,0,0,0,0,0,0,0,0,444,TCGA-GM-A2DH-DX1_xmin50963_ymin56303_MPP-0.2500+110
0,0,0,0,0,0,50103,0,0,0,0,73,0,0,0,0,0,0,0,0,0,0,0,0,0,0,0,0,0,0,0,50103,0,0,0,0,73,0,0,0,0,0,0,0,0,0,0,0,0,0,0,0,0,0,0,0,50103,0,0,0,0,73,0,0,0,0,0,0,0,0,0,0,0,0,0,TCGA-GM-A2DH-DX1_xmin50963_ymin56303_MPP-0.2500+111
0,0,0,0,0,0,26014,8501,0,0,0,2211,11529,0,0,0,1064,857,0,0,0,0,0,0,0,0,0,0,0,0,0,26235,8280,0,0,0,2441,11299,0,0,0,1059,862,0,0,0,0,0,0,0,0,0,0,0,0,0,25993,8522,0,0,0,2144,11596,0,0,0,1073,848,0,0,0,0,0,0,0,TCGA-GM-A2DH-DX1_xmin50963_ymin56303_MPP-0.2500+112
0,0,0,0,0,0,30577,9753,0,0,0,1984,5103,0,0,0,2398,361,0,0,0,0,0,0,0,0,0,0,0,0,0,30351,9979,0,0,0,1883,5204,0,0,0,2337,422,0,0,0,0,0,0,0,0,0,0,0,0,0,30509,9821,0,0,0,1825,5262,0,0,0,2320,439,0,0,0,0,0,0,0,TCGA-GM-A2DH-DX1_xmin50963_ymin56303_MPP-0.2500+113
0,0,0,0,0,0,22839,7151,0,0,0,6956,13230,0,0,0,0,0,0,0,0,0,0,0,0,0,0,0,0,0,0,24398,5592,0,0,0,8349,11837,0,0,0,0,0,0,0,0,0,0,0,0,0,0,0,0,0,0,23450,6540,0,0,0,6710,13476,0,0,0,0,0,0,0,0,0,0,0,0,TCGA-GM-A2DH-DX1_xmin50963_ymin56303_MPP-0.2500+114
50176,0,0,0,0,0,0,0,0,0,0,0,0,0,0,0,0,0,0,0,0,0,0,0,0,50176,0,0,0,0,0,0,0,0,0,0,0,0,0,0,0,0,0,0,0,0,0,0,0,0,50176,0,0,0,0,0,0,0,0,0,0,0,0,0,0,0,0,0,0,0,0,0,0,0,0,TCGA-GM-A2DH-DX1_xmin50963_ymin56303_MPP-0.2500+115
31420,0,0,3399,0,0,0,0,0,0,0,0,0,0,0,4018,0,0,11339,0,0,0,0,0,0,28997,0,0,5822,0,0,0,0,0,0,0,0,0,0,0,2842,0,0,12515,0,0,0,0,0,0,31373,0,0,3446,0,0,0,0,0,0,0,0,0,0,0,3758,0,0,11599,0,0,0,0,0,0,TCGA-GM-A2DH-DX1_xmin50963_ymin56303_MPP-0.2500+116
24105,0,0,55,0,0,0,0,0,0,0,0,0,0,0,6145,0,0,19469,0,0,0,0,0,402,24155,0,0,5,0,0,0,0,0,0,0,0,0,0,0,6372,0,0,19242,0,0,0,0,0,402,24117,0,0,43,0,0,0,0,0,0,0,0,0,0,0,6331,0,0,19283,0,0,0,0,0,402,TCGA-GM-A2DH-DX1_xmin50963_ymin56303_MPP-0.2500+117
49956,0,0,0,0,0,0,0,0,0,0,0,0,0,0,220,0,0,0,0,0,0,0,0,0,49956,0,0,0,0,0,0,0,0,0,0,0,0,0,0,220,0,0,0,0,0,0,0,0,0,49956,0,0,0,0,0,0,0,0,0,0,0,0,0,0,220,0,0,0,0,0,0,0,0,0,TCGA-GM-A2DH-DX1_xmin50963_ymin56303_MPP-0.2500+118
47142,0,0,0,0,1000,0,0,0,0,0,0,0,0,0,0,0,0,0,0,0,0,0,0,2034,47142,0,0,0,0,1000,0,0,0,0,0,0,0,0,0,0,0,0,0,0,0,0,0,0,2034,47142,0,0,0,0,1000,0,0,0,0,0,0,0,0,0,0,0,0,0,0,0,0,0,0,2034,TCGA-GM-A2DH-DX1_xmin50963_ymin56303_MPP-0.2500+119
3204,707,0,0,0,4165,42100,0,0,0,0,0,0,0,0,0,0,0,0,0,0,0,0,0,0,3206,705,0,0,0,3983,42282,0,0,0,0,0,0,0,0,0,0,0,0,0,0,0,0,0,0,3133,778,0,0,0,4405,41860,0,0,0,0,0,0,0,0,0,0,0,0,0,0,0,0,0,0,TCGA-GM-A2DH-DX1_xmin50963_ymin56303_MPP-0.2500+12
4974,0,0,0,0,2362,32225,0,0,0,196,9915,0,0,0,0,0,0,0,0,0,0,0,0,504,4974,0,0,0,0,2366,32221,0,0,0,79,10032,0,0,0,0,0,0,0,0,0,0,0,0,504,4974,0,0,0,0,2301,32286,0,0,0,141,9970,0,0,0,0,0,0,0,0,0,0,0,0,504,TCGA-GM-A2DH-DX1_xmin50963_ymin56303_MPP-0.2500+120
0,0,0,0,0,0,31926,0,0,0,0,18250,0,0,0,0,0,0,0,0,0,0,0,0,0,0,0,0,0,0,0,31926,0,0,0,0,18250,0,0,0,0,0,0,0,0,0,0,0,0,0,0,0,0,0,0,0,31926,0,0,0,0,18250,0,0,0,0,0,0,0,0,0,0,0,0,0,TCGA-GM-A2DH-DX1_xmin50963_ymin56303_MPP-0.2500+121
0,0,0,0,0,0,34998,3127,0,0,0,1996,10055,0,0,0,0,0,0,0,0,0,0,0,0,0,0,0,0,0,0,35230,2895,0,0,0,2125,9926,0,0,0,0,0,0,0,0,0,0,0,0,0,0,0,0,0,0,35433,2692,0,0,0,2368,9683,0,0,0,0,0,0,0,0,0,0,0,0,TCGA-GM-A2DH-DX1_xmin50963_ymin56303_MPP-0.2500+122
47442,0,0,0,0,8,0,0,0,0,0,0,0,0,0,0,0,0,0,0,0,0,0,0,2726,47442,0,0,0,0,8,0,0,0,0,0,0,0,0,0,0,0,0,0,0,0,0,0,0,2726,47442,0,0,0,0,8,0,0,0,0,0,0,0,0,0,0,0,0,0,0,0,0,0,0,2726,TCGA-GM-A2DH-DX1_xmin50963_ymin56303_MPP-0.2500+123
47618,0,0,0,0,0,0,0,0,0,0,0,0,0,0,2558,0,0,0,0,0,0,0,0,0,47618,0,0,0,0,0,0,0,0,0,0,0,0,0,0,2558,0,0,0,0,0,0,0,0,0,47618,0,0,0,0,0,0,0,0,0,0,0,0,0,0,2558,0,0,0,0,0,0,0,0,0,TCGA-GM-A2DH-DX1_xmin50963_ymin56303_MPP-0.2500+124
31086,0,0,0,0,0,0,0,0,0,0,0,0,0,0,19090,0,0,0,0,0,0,0,0,0,31086,0,0,0,0,0,0,0,0,0,0,0,0,0,0,19090,0,0,0,0,0,0,0,0,0,31086,0,0,0,0,0,0,0,0,0,0,0,0,0,0,19090,0,0,0,0,0,0,0,0,0,TCGA-GM-A2DH-DX1_xmin50963_ymin56303_MPP-0.2500+125
8766,281,0,0,0,6664,23085,0,0,0,0,2101,0,0,0,1557,7722,0,0,0,0,0,0,0,0,8769,278,0,0,0,6608,23141,0,0,0,0,2101,0,0,0,1457,7822,0,0,0,0,0,0,0,0,8755,292,0,0,0,6977,22772,0,0,0,0,2101,0,0,0,1604,7675,0,0,0,0,0,0,0,0,TCGA-GM-A2DH-DX1_xmin50963_ymin56303_MPP-0.2500+126
0,0,0,0,0,8441,13763,4137,0,0,1543,5137,16216,0,0,445,494,0,0,0,0,0,0,0,0,0,0,0,0,0,8314,13818,4209,0,0,1654,5062,16180,0,0,345,594,0,0,0,0,0,0,0,0,0,0,0,0,0,8348,13831,4162,0,0,1557,5364,15975,0,0,328,611,0,0,0,0,0,0,0,0,TCGA-GM-A2DH-DX1_xmin50963_ymin56303_MPP-0.2500+127
0,0,0,0,0,0,7114,370,0,0,0,12422,30270,0,0,0,0,0,0,0,0,0,0,0,0,0,0,0,0,0,0,7088,396,0,0,0,11942,30750,0,0,0,0,0,0,0,0,0,0,0,0,0,0,0,0,0,0,7084,400,0,0,0,11725,30967,0,0,0,0,0,0,0,0,0,0,0,0,TCGA-GM-A2DH-DX1_xmin50963_ymin56303_MPP-0.2500+128
37074,5607,0,0,0,784,3991,0,0,0,0,0,0,0,0,542,2178,0,0,0,0,0,0,0,0,37442,5239,0,0,0,802,3973,0,0,0,0,0,0,0,0,556,2164,0,0,0,0,0,0,0,0,37317,5364,0,0,0,769,4006,0,0,0,0,0,0,0,0,507,2213,0,0,0,0,0,0,0,0,TCGA-GM-A2DH-DX1_xmin50963_ymin56303_MPP-0.2500+129
10576,115,0,0,0,9601,12569,0,0,0,0,0,0,0,0,0,0,0,0,0,0,0,0,0,17315,10592,99,0,0,0,9615,12555,0,0,0,0,0,0,0,0,0,0,0,0,0,0,0,0,0,17315,10691,0,0,0,0,22170,0,0,0,0,0,0,0,0,0,0,0,0,0,0,0,0,0,0,17315,TCGA-GM-A2DH-DX1_xmin50963_ymin56303_MPP-0.2500+13
12361,411,0,0,0,4841,30858,0,0,0,0,1705,0,0,0,0,0,0,0,0,0,0,0,0,0,12304,468,0,0,0,4578,31121,0,0,0,0,1705,0,0,0,0,0,0,0,0,0,0,0,0,0,12392,380,0,0,0,5268,30431,0,0,0,0,1705,0,0,0,0,0,0,0,0,0,0,0,0,0,TCGA-GM-A2DH-DX1_xmin50963_ymin56303_MPP-0.2500+130
11650,238,0,0,0,3257,10994,0,0,0,636,10639,0,0,0,5945,6817,0,0,0,0,0,0,0,0,11748,140,0,0,0,3172,11079,0,0,0,798,10477,0,0,0,5342,7420,0,0,0,0,0,0,0,0,11826,62,0,0,0,4017,10234,0,0,0,527,10748,0,0,0,8039,4723,0,0,0,0,0,0,0,0,TCGA-GM-A2DH-DX1_xmin50963_ymin56303_MPP-0.2500+131
0,0,0,0,0,0,10908,5320,0,0,0,14247,19489,0,0,0,212,0,0,0,0,0,0,0,0,0,0,0,0,0,0,11233,4995,0,0,0,15348,18388,0,0,0,212,0,0,0,0,0,0,0,0,0,0,0,0,0,0,11387,4841,0,0,0,16009,17727,0,0,0,212,0,0,0,0,0,0,0,0,TCGA-GM-A2DH-DX1_xmin50963_ymin56303_MPP-0.2500+132
17426,0,0,0,0,6187,0,0,0,0,0,0,0,0,0,0,0,0,0,0,0,0,0,0,26563,17426,0,0,0,0,6187,0,0,0,0,0,0,0,0,0,0,0,0,0,0,0,0,0,0,26563,17426,0,0,0,0,6187,0,0,0,0,0,0,0,0,0,0,0,0,0,0,0,0,0,0,26563,TCGA-GM-A2DH-DX1_xmin50963_ymin56303_MPP-0.2500+14
44231,0,0,0,0,1808,0,0,0,0,0,0,0,0,0,4137,0,0,0,0,0,0,0,0,0,44231,0,0,0,0,1808,0,0,0,0,0,0,0,0,0,4137,0,0,0,0,0,0,0,0,0,44231,0,0,0,0,1808,0,0,0,0,0,0,0,0,0,4137,0,0,0,0,0,0,0,0,0,TCGA-GM-A2DH-DX1_xmin50963_ymin56303_MPP-0.2500+15
29405,0,0,0,0,0,0,0,0,0,0,0,0,0,0,20771,0,0,0,0,0,0,0,0,0,29405,0,0,0,0,0,0,0,0,0,0,0,0,0,0,20771,0,0,0,0,0,0,0,0,0,29405,0,0,0,0,0,0,0,0,0,0,0,0,0,0,20771,0,0,0,0,0,0,0,0,0,TCGA-GM-A2DH-DX1_xmin50963_ymin56303_MPP-0.2500+16
37934,0,0,0,0,0,0,0,0,0,0,0,0,0,0,12242,0,0,0,0,0,0,0,0,0,37934,0,0,0,0,0,0,0,0,0,0,0,0,0,0,12242,0,0,0,0,0,0,0,0,0,37934,0,0,0,0,0,0,0,0,0,0,0,0,0,0,12242,0,0,0,0,0,0,0,0,0,TCGA-GM-A2DH-DX1_xmin50963_ymin56303_MPP-0.2500+17
49715,0,0,0,0,0,0,0,0,0,0,0,0,0,0,461,0,0,0,0,0,0,0,0,0,49715,0,0,0,0,0,0,0,0,0,0,0,0,0,0,461,0,0,0,0,0,0,0,0,0,49715,0,0,0,0,0,0,0,0,0,0,0,0,0,0,461,0,0,0,0,0,0,0,0,0,TCGA-GM-A2DH-DX1_xmin50963_ymin56303_MPP-0.2500+18
31293,0,0,0,0,11332,0,0,0,0,0,0,0,0,0,7551,0,0,0,0,0,0,0,0,0,31293,0,0,0,0,11332,0,0,0,0,0,0,0,0,0,7551,0,0,0,0,0,0,0,0,0,31293,0,0,0,0,11332,0,0,0,0,0,0,0,0,0,7551,0,0,0,0,0,0,0,0,0,TCGA-GM-A2DH-DX1_xmin50963_ymin56303_MPP-0.2500+19
48328,0,0,0,0,0,0,0,0,0,0,0,0,0,0,1848,0,0,0,0,0,0,0,0,0,48328,0,0,0,0,0,0,0,0,0,0,0,0,0,0,1848,0,0,0,0,0,0,0,0,0,48328,0,0,0,0,0,0,0,0,0,0,0,0,0,0,1848,0,0,0,0,0,0,0,0,0,TCGA-GM-A2DH-DX1_xmin50963_ymin56303_MPP-0.2500+2
13286,832,0,0,0,12711,23347,0,0,0,0,0,0,0,0,0,0,0,0,0,0,0,0,0,0,13194,924,0,0,0,12466,23592,0,0,0,0,0,0,0,0,0,0,0,0,0,0,0,0,0,0,13482,636,0,0,0,13090,22968,0,0,0,0,0,0,0,0,0,0,0,0,0,0,0,0,0,0,TCGA-GM-A2DH-DX1_xmin50963_ymin56303_MPP-0.2500+20
36895,0,0,0,0,10132,0,0,0,0,0,0,0,0,0,0,0,0,0,0,0,0,0,0,3149,36895,0,0,0,0,10132,0,0,0,0,0,0,0,0,0,0,0,0,0,0,0,0,0,0,3149,36895,0,0,0,0,10132,0,0,0,0,0,0,0,0,0,0,0,0,0,0,0,0,0,0,3149,TCGA-GM-A2DH-DX1_xmin50963_ymin56303_MPP-0.2500+21
4099,0,0,0,0,26290,14556,0,0,0,0,0,0,0,0,0,0,0,0,0,0,0,0,0,5231,4099,0,0,0,0,26443,14403,0,0,0,0,0,0,0,0,0,0,0,0,0,0,0,0,0,5231,4099,0,0,0,0,27689,13157,0,0,0,0,0,0,0,0,0,0,0,0,0,0,0,0,0,5231,TCGA-GM-A2DH-DX1_xmin50963_ymin56303_MPP-0.2500+22
42343,0,0,0,0,1881,0,0,0,0,0,0,0,0,0,4784,0,0,0,0,0,0,0,0,1168,42343,0,0,0,0,1881,0,0,0,0,0,0,0,0,0,4784,0,0,0,0,0,0,0,0,1168,42343,0,0,0,0,1881,0,0,0,0,0,0,0,0,0,4784,0,0,0,0,0,0,0,0,1168,TCGA-GM-A2DH-DX1_xmin50963_ymin56303_MPP-0.2500+23
46761,0,0,0,0,0,0,0,0,0,0,0,0,0,0,3415,0,0,0,0,0,0,0,0,0,46761,0,0,0,0,0,0,0,0,0,0,0,0,0,0,3415,0,0,0,0,0,0,0,0,0,46761,0,0,0,0,0,0,0,0,0,0,0,0,0,0,3415,0,0,0,0,0,0,0,0,0,TCGA-GM-A2DH-DX1_xmin50963_ymin56303_MPP-0.2500+24
43215,0,0,0,0,0,0,0,0,0,0,0,0,0,0,6961,0,0,0,0,0,0,0,0,0,43215,0,0,0,0,0,0,0,0,0,0,0,0,0,0,6961,0,0,0,0,0,0,0,0,0,43215,0,0,0,0,0,0,0,0,0,0,0,0,0,0,6961,0,0,0,0,0,0,0,0,0,TCGA-GM-A2DH-DX1_xmin50963_ymin56303_MPP-0.2500+25
46701,0,0,0,0,0,0,0,0,0,0,0,0,0,0,3475,0,0,0,0,0,0,0,0,0,46701,0,0,0,0,0,0,0,0,0,0,0,0,0,0,3475,0,0,0,0,0,0,0,0,0,46701,0,0,0,0,0,0,0,0,0,0,0,0,0,0,3475,0,0,0,0,0,0,0,0,0,TCGA-GM-A2DH-DX1_xmin50963_ymin56303_MPP-0.2500+26
34220,3033,0,0,0,625,12298,0,0,0,0,0,0,0,0,0,0,0,0,0,0,0,0,0,0,34490,2763,0,0,0,755,12168,0,0,0,0,0,0,0,0,0,0,0,0,0,0,0,0,0,0,34198,3055,0,0,0,727,12196,0,0,0,0,0,0,0,0,0,0,0,0,0,0,0,0,0,0,TCGA-GM-A2DH-DX1_xmin50963_ymin56303_MPP-0.2500+27
28414,4083,0,0,0,3216,14463,0,0,0,0,0,0,0,0,0,0,0,0,0,0,0,0,0,0,28769,3728,0,0,0,3694,13985,0,0,0,0,0,0,0,0,0,0,0,0,0,0,0,0,0,0,28556,3941,0,0,0,3022,14657,0,0,0,0,0,0,0,0,0,0,0,0,0,0,0,0,0,0,TCGA-GM-A2DH-DX1_xmin50963_ymin56303_MPP-0.2500+28
50176,0,0,0,0,0,0,0,0,0,0,0,0,0,0,0,0,0,0,0,0,0,0,0,0,50176,0,0,0,0,0,0,0,0,0,0,0,0,0,0,0,0,0,0,0,0,0,0,0,0,50176,0,0,0,0,0,0,0,0,0,0,0,0,0,0,0,0,0,0,0,0,0,0,0,0,TCGA-GM-A2DH-DX1_xmin50963_ymin56303_MPP-0.2500+29
41650,0,0,0,0,0,0,0,0,0,0,0,0,0,0,8526,0,0,0,0,0,0,0,0,0,41650,0,0,0,0,0,0,0,0,0,0,0,0,0,0,8526,0,0,0,0,0,0,0,0,0,41650,0,0,0,0,0,0,0,0,0,0,0,0,0,0,8526,0,0,0,0,0,0,0,0,0,TCGA-GM-A2DH-DX1_xmin50963_ymin56303_MPP-0.2500+3
50176,0,0,0,0,0,0,0,0,0,0,0,0,0,0,0,0,0,0,0,0,0,0,0,0,50176,0,0,0,0,0,0,0,0,0,0,0,0,0,0,0,0,0,0,0,0,0,0,0,0,50176,0,0,0,0,0,0,0,0,0,0,0,0,0,0,0,0,0,0,0,0,0,0,0,0,TCGA-GM-A2DH-DX1_xmin50963_ymin56303_MPP-0.2500+30
21394,11993,0,0,0,6799,5311,0,0,0,0,0,0,0,0,23,4608,0,0,0,0,0,0,0,48,21998,11389,0,0,0,6965,5145,0,0,0,0,0,0,0,0,23,4608,0,0,0,0,0,0,0,48,22516,10871,0,0,0,6671,5439,0,0,0,0,0,0,0,0,11,4620,0,0,0,0,0,0,0,48,TCGA-GM-A2DH-DX1_xmin50963_ymin56303_MPP-0.2500+31
19809,0,0,780,0,1385,0,0,10,0,0,0,0,0,0,6276,0,0,15226,0,0,0,0,0,6690,19657,0,0,932,0,1395,0,0,0,0,0,0,0,0,0,4384,0,0,17118,0,0,0,0,0,6690,19938,0,0,651,0,1395,0,0,0,0,0,0,0,0,0,7369,0,0,14133,0,0,0,0,0,6690,TCGA-GM-A2DH-DX1_xmin50963_ymin56303_MPP-0.2500+32
41747,0,0,0,0,1225,0,0,0,0,0,0,0,0,0,6716,0,0,0,0,0,0,0,0,488,41747,0,0,0,0,1225,0,0,0,0,0,0,0,0,0,6716,0,0,0,0,0,0,0,0,488,41747,0,0,0,0,1225,0,0,0,0,0,0,0,0,0,6716,0,0,0,0,0,0,0,0,488,TCGA-GM-A2DH-DX1_xmin50963_ymin56303_MPP-0.2500+33
21136,0,0,0,0,0,0,0,0,0,0,0,0,0,0,29040,0,0,0,0,0,0,0,0,0,21136,0,0,0,0,0,0,0,0,0,0,0,0,0,0,29040,0,0,0,0,0,0,0,0,0,21136,0,0,0,0,0,0,0,0,0,0,0,0,0,0,29040,0,0,0,0,0,0,0,0,0,TCGA-GM-A2DH-DX1_xmin50963_ymin56303_MPP-0.2500+34
36758,0,0,0,0,0,0,0,0,0,0,0,0,0,0,13418,0,0,0,0,0,0,0,0,0,36758,0,0,0,0,0,0,0,0,0,0,0,0,0,0,13418,0,0,0,0,0,0,0,0,0,36758,0,0,0,0,0,0,0,0,0,0,0,0,0,0,13418,0,0,0,0,0,0,0,0,0,TCGA-GM-A2DH-DX1_xmin50963_ymin56303_MPP-0.2500+35
46561,0,0,0,0,2843,0,0,0,0,0,0,0,0,0,772,0,0,0,0,0,0,0,0,0,46561,0,0,0,0,2843,0,0,0,0,0,0,0,0,0,772,0,0,0,0,0,0,0,0,0,46561,0,0,0,0,2843,0,0,0,0,0,0,0,0,0,772,0,0,0,0,0,0,0,0,0,TCGA-GM-A2DH-DX1_xmin50963_ymin56303_MPP-0.2500+36
21288,2301,0,0,0,11730,14545,0,0,0,37,275,0,0,0,0,0,0,0,0,0,0,0,0,0,21449,2140,0,0,0,11865,14410,0,0,0,38,274,0,0,0,0,0,0,0,0,0,0,0,0,0,21415,2174,0,0,0,12266,14009,0,0,0,17,295,0,0,0,0,0,0,0,0,0,0,0,0,0,TCGA-GM-A2DH-DX1_xmin50963_ymin56303_MPP-0.2500+37
36065,0,0,0,0,0,0,0,0,0,0,0,0,0,0,14111,0,0,0,0,0,0,0,0,0,35792,0,0,273,0,0,0,0,0,0,0,0,0,0,0,5867,0,0,8244,0,0,0,0,0,0,36065,0,0,0,0,0,0,0,0,0,0,0,0,0,0,14111,0,0,0,0,0,0,0,0,0,TCGA-GM-A2DH-DX1_xmin50963_ymin56303_MPP-0.2500+38
48690,0,0,0,0,9,0,0,0,0,0,0,0,0,0,1477,0,0,0,0,0,0,0,0,0,48690,0,0,0,0,9,0,0,0,0,0,0,0,0,0,1477,0,0,0,0,0,0,0,0,0,48690,0,0,0,0,9,0,0,0,0,0,0,0,0,0,1477,0,0,0,0,0,0,0,0,0,TCGA-GM-A2DH-DX1_xmin50963_ymin56303_MPP-0.2500+39
16426,0,0,0,0,0,0,0,0,0,0,0,0,0,0,33750,0,0,0,0,0,0,0,0,0,16426,0,0,0,0,0,0,0,0,0,0,0,0,0,0,33750,0,0,0,0,0,0,0,0,0,16426,0,0,0,0,0,0,0,0,0,0,0,0,0,0,33750,0,0,0,0,0,0,0,0,0,TCGA-GM-A2DH-DX1_xmin50963_ymin56303_MPP-0.2500+4
48271,0,0,0,0,0,0,0,0,0,0,0,0,0,0,1905,0,0,0,0,0,0,0,0,0,48271,0,0,0,0,0,0,0,0,0,0,0,0,0,0,1905,0,0,0,0,0,0,0,0,0,48271,0,0,0,0,0,0,0,0,0,0,0,0,0,0,1905,0,0,0,0,0,0,0,0,0,TCGA-GM-A2DH-DX1_xmin50963_ymin56303_MPP-0.2500+40
39707,0,0,0,0,0,0,0,0,0,0,0,0,0,0,10469,0,0,0,0,0,0,0,0,0,39707,0,0,0,0,0,0,0,0,0,0,0,0,0,0,10469,0,0,0,0,0,0,0,0,0,39707,0,0,0,0,0,0,0,0,0,0,0,0,0,0,10469,0,0,0,0,0,0,0,0,0,TCGA-GM-A2DH-DX1_xmin50963_ymin56303_MPP-0.2500+41
47468,0,0,0,0,332,0,0,0,0,0,0,0,0,0,2376,0,0,0,0,0,0,0,0,0,47468,0,0,0,0,332,0,0,0,0,0,0,0,0,0,2376,0,0,0,0,0,0,0,0,0,47468,0,0,0,0,332,0,0,0,0,0,0,0,0,0,2376,0,0,0,0,0,0,0,0,0,TCGA-GM-A2DH-DX1_xmin50963_ymin56303_MPP-0.2500+42
22691,6233,0,0,0,3046,9235,0,0,0,0,0,0,0,0,130,8841,0,0,0,0,0,0,0,0,22554,6370,0,0,0,3005,9276,0,0,0,0,0,0,0,0,184,8787,0,0,0,0,0,0,0,0,23058,5866,0,0,0,2989,9292,0,0,0,0,0,0,0,0,143,8828,0,0,0,0,0,0,0,0,TCGA-GM-A2DH-DX1_xmin50963_ymin56303_MPP-0.2500+43
47387,0,0,0,0,318,0,0,0,0,0,0,0,0,0,2471,0,0,0,0,0,0,0,0,0,47387,0,0,0,0,318,0,0,0,0,0,0,0,0,0,2471,0,0,0,0,0,0,0,0,0,47387,0,0,0,0,318,0,0,0,0,0,0,0,0,0,2471,0,0,0,0,0,0,0,0,0,TCGA-GM-A2DH-DX1_xmin50963_ymin56303_MPP-0.2500+44
23107,2443,0,0,0,2619,14838,0,0,0,0,5022,0,0,0,1700,447,0,0,0,0,0,0,0,0,23186,2364,0,0,0,2791,14666,0,0,0,0,5022,0,0,0,1761,386,0,0,0,0,0,0,0,0,22952,2598,0,0,0,2630,14827,0,0,0,0,5022,0,0,0,1398,749,0,0,0,0,0,0,0,0,TCGA-GM-A2DH-DX1_xmin50963_ymin56303_MPP-0.2500+45
43622,0,0,0,0,0,0,0,0,0,0,0,0,0,0,6554,0,0,0,0,0,0,0,0,0,43622,0,0,0,0,0,0,0,0,0,0,0,0,0,0,6554,0,0,0,0,0,0,0,0,0,43622,0,0,0,0,0,0,0,0,0,0,0,0,0,0,6554,0,0,0,0,0,0,0,0,0,TCGA-GM-A2DH-DX1_xmin50963_ymin56303_MPP-0.2500+46
27726,0,0,0,0,2342,0,0,0,0,0,0,0,0,0,20108,0,0,0,0,0,0,0,0,0,27726,0,0,0,0,2342,0,0,0,0,0,0,0,0,0,20108,0,0,0,0,0,0,0,0,0,27726,0,0,0,0,2342,0,0,0,0,0,0,0,0,0,20108,0,0,0,0,0,0,0,0,0,TCGA-GM-A2DH-DX1_xmin50963_ymin56303_MPP-0.2500+47
28799,0,0,0,0,1851,0,0,0,0,0,0,0,0,0,19526,0,0,0,0,0,0,0,0,0,28799,0,0,0,0,1851,0,0,0,0,0,0,0,0,0,19526,0,0,0,0,0,0,0,0,0,28799,0,0,0,0,1851,0,0,0,0,0,0,0,0,0,19526,0,0,0,0,0,0,0,0,0,TCGA-GM-A2DH-DX1_xmin50963_ymin56303_MPP-0.2500+48
48257,0,0,0,0,0,0,0,0,0,0,0,0,0,0,1919,0,0,0,0,0,0,0,0,0,48257,0,0,0,0,0,0,0,0,0,0,0,0,0,0,1919,0,0,0,0,0,0,0,0,0,48257,0,0,0,0,0,0,0,0,0,0,0,0,0,0,1919,0,0,0,0,0,0,0,0,0,TCGA-GM-A2DH-DX1_xmin50963_ymin56303_MPP-0.2500+49
32456,2938,0,0,0,21,9390,0,0,0,0,0,0,0,0,5371,0,0,0,0,0,0,0,0,0,32542,2852,0,0,0,27,9384,0,0,0,0,0,0,0,0,5371,0,0,0,0,0,0,0,0,0,32374,3020,0,0,0,17,9394,0,0,0,0,0,0,0,0,5371,0,0,0,0,0,0,0,0,0,TCGA-GM-A2DH-DX1_xmin50963_ymin56303_MPP-0.2500+5
33204,0,0,331,0,0,0,0,0,0,0,0,0,0,0,4397,0,0,12244,0,0,0,0,0,0,33296,0,0,239,0,0,0,0,0,0,0,0,0,0,0,3839,0,0,12802,0,0,0,0,0,0,33246,0,0,289,0,0,0,0,0,0,0,0,0,0,0,4560,0,0,12081,0,0,0,0,0,0,TCGA-GM-A2DH-DX1_xmin50963_ymin56303_MPP-0.2500+50
44536,0,0,0,0,288,0,0,0,0,0,0,0,0,0,5352,0,0,0,0,0,0,0,0,0,44536,0,0,0,0,288,0,0,0,0,0,0,0,0,0,5352,0,0,0,0,0,0,0,0,0,44536,0,0,0,0,288,0,0,0,0,0,0,0,0,0,5352,0,0,0,0,0,0,0,0,0,TCGA-GM-A2DH-DX1_xmin50963_ymin56303_MPP-0.2500+51
4800,1047,0,0,0,1009,33922,0,0,0,66,1317,0,0,0,0,4334,0,0,0,0,0,0,0,3681,5063,784,0,0,0,1231,33700,0,0,0,68,1315,0,0,0,0,4334,0,0,0,0,0,0,0,3681,5077,770,0,0,0,1111,33820,0,0,0,0,1383,0,0,0,0,4334,0,0,0,0,0,0,0,3681,TCGA-GM-A2DH-DX1_xmin50963_ymin56303_MPP-0.2500+52
15788,766,0,0,0,1572,20203,0,0,0,0,88,0,0,0,3718,8041,0,0,0,0,0,0,0,0,15777,777,0,0,0,1540,20235,0,0,0,0,88,0,0,0,3894,7865,0,0,0,0,0,0,0,0,15849,705,0,0,0,1530,20245,0,0,0,0,88,0,0,0,4383,7376,0,0,0,0,0,0,0,0,TCGA-GM-A2DH-DX1_xmin50963_ymin56303_MPP-0.2500+53
4426,2007,0,0,0,258,4669,286,0,0,0,18324,20206,0,0,0,0,0,0,0,0,0,0,0,0,4525,1908,0,0,0,357,4583,273,0,0,0,17061,21469,0,0,0,0,0,0,0,0,0,0,0,0,4531,1902,0,0,0,435,4469,309,0,0,0,16964,21566,0,0,0,0,0,0,0,0,0,0,0,0,TCGA-GM-A2DH-DX1_xmin50963_ymin56303_MPP-0.2500+54
39038,0,0,0,0,4724,0,0,0,0,0,0,0,0,0,6414,0,0,0,0,0,0,0,0,0,39038,0,0,0,0,4724,0,0,0,0,0,0,0,0,0,6414,0,0,0,0,0,0,0,0,0,39038,0,0,0,0,4724,0,0,0,0,0,0,0,0,0,6414,0,0,0,0,0,0,0,0,0,TCGA-GM-A2DH-DX1_xmin50963_ymin56303_MPP-0.2500+55
18508,0,0,0,0,9308,0,0,0,0,0,0,0,0,0,22360,0,0,0,0,0,0,0,0,0,18508,0,0,0,0,9308,0,0,0,0,0,0,0,0,0,22360,0,0,0,0,0,0,0,0,0,18508,0,0,0,0,9308,0,0,0,0,0,0,0,0,0,22360,0,0,0,0,0,0,0,0,0,TCGA-GM-A2DH-DX1_xmin50963_ymin56303_MPP-0.2500+56
39907,0,0,0,0,0,0,0,0,0,0,0,0,0,0,10269,0,0,0,0,0,0,0,0,0,39907,0,0,0,0,0,0,0,0,0,0,0,0,0,0,10269,0,0,0,0,0,0,0,0,0,39907,0,0,0,0,0,0,0,0,0,0,0,0,0,0,10269,0,0,0,0,0,0,0,0,0,TCGA-GM-A2DH-DX1_xmin50963_ymin56303_MPP-0.2500+57
44323,0,0,0,0,0,0,0,0,0,0,0,0,0,0,5853,0,0,0,0,0,0,0,0,0,44323,0,0,0,0,0,0,0,0,0,0,0,0,0,0,5853,0,0,0,0,0,0,0,0,0,44323,0,0,0,0,0,0,0,0,0,0,0,0,0,0,5853,0,0,0,0,0,0,0,0,0,TCGA-GM-A2DH-DX1_xmin50963_ymin56303_MPP-0.2500+58
39361,0,0,0,0,0,0,0,0,0,0,0,0,0,0,10815,0,0,0,0,0,0,0,0,0,39361,0,0,0,0,0,0,0,0,0,0,0,0,0,0,10815,0,0,0,0,0,0,0,0,0,39361,0,0,0,0,0,0,0,0,0,0,0,0,0,0,10815,0,0,0,0,0,0,0,0,0,TCGA-GM-A2DH-DX1_xmin50963_ymin56303_MPP-0.2500+59
50176,0,0,0,0,0,0,0,0,0,0,0,0,0,0,0,0,0,0,0,0,0,0,0,0,50176,0,0,0,0,0,0,0,0,0,0,0,0,0,0,0,0,0,0,0,0,0,0,0,0,50176,0,0,0,0,0,0,0,0,0,0,0,0,0,0,0,0,0,0,0,0,0,0,0,0,TCGA-GM-A2DH-DX1_xmin50963_ymin56303_MPP-0.2500+6
49679,0,0,0,0,0,0,0,0,0,0,0,0,0,0,497,0,0,0,0,0,0,0,0,0,49679,0,0,0,0,0,0,0,0,0,0,0,0,0,0,497,0,0,0,0,0,0,0,0,0,49679,0,0,0,0,0,0,0,0,0,0,0,0,0,0,497,0,0,0,0,0,0,0,0,0,TCGA-GM-A2DH-DX1_xmin50963_ymin56303_MPP-0.2500+60
17446,263,461,0,0,2708,12256,2110,0,0,216,2200,7502,0,0,118,1115,1635,0,0,0,0,0,0,2146,17676,131,363,0,0,2933,12008,2133,0,0,194,2228,7496,0,0,205,1092,1571,0,0,0,0,0,0,2146,17710,48,412,0,0,4245,10306,2523,0,0,197,2143,7578,0,0,883,361,1624,0,0,0,0,0,0,2146,TCGA-GM-A2DH-DX1_xmin50963_ymin56303_MPP-0.2500+61
0,0,0,0,0,0,11205,12841,0,0,0,5964,8167,0,0,0,0,0,0,0,0,0,0,0,11999,0,0,0,0,0,0,10665,13381,0,0,0,6028,8103,0,0,0,0,0,0,0,0,0,0,0,11999,0,0,0,0,0,0,10695,13351,0,0,0,6098,8033,0,0,0,0,0,0,0,0,0,0,0,11999,TCGA-GM-A2DH-DX1_xmin50963_ymin56303_MPP-0.2500+62
0,0,0,0,0,0,5217,28,0,0,0,9283,35648,0,0,0,0,0,0,0,0,0,0,0,0,0,0,0,0,0,0,5218,27,0,0,0,9307,35624,0,0,0,0,0,0,0,0,0,0,0,0,0,0,0,0,0,0,5222,23,0,0,0,9286,35645,0,0,0,0,0,0,0,0,0,0,0,0,TCGA-GM-A2DH-DX1_xmin50963_ymin56303_MPP-0.2500+63
16206,2038,0,0,0,5076,26856,0,0,0,0,0,0,0,0,0,0,0,0,0,0,0,0,0,0,16342,1902,0,0,0,5331,26601,0,0,0,0,0,0,0,0,0,0,0,0,0,0,0,0,0,0,16221,2023,0,0,0,5476,26456,0,0,0,0,0,0,0,0,0,0,0,0,0,0,0,0,0,0,TCGA-GM-A2DH-DX1_xmin50963_ymin56303_MPP-0.2500+64
50176,0,0,0,0,0,0,0,0,0,0,0,0,0,0,0,0,0,0,0,0,0,0,0,0,50176,0,0,0,0,0,0,0,0,0,0,0,0,0,0,0,0,0,0,0,0,0,0,0,0,50176,0,0,0,0,0,0,0,0,0,0,0,0,0,0,0,0,0,0,0,0,0,0,0,0,TCGA-GM-A2DH-DX1_xmin50963_ymin56303_MPP-0.2500+65
41485,0,0,0,0,0,0,0,0,0,0,0,0,0,0,8691,0,0,0,0,0,0,0,0,0,41485,0,0,0,0,0,0,0,0,0,0,0,0,0,0,8691,0,0,0,0,0,0,0,0,0,41485,0,0,0,0,0,0,0,0,0,0,0,0,0,0,8691,0,0,0,0,0,0,0,0,0,TCGA-GM-A2DH-DX1_xmin50963_ymin56303_MPP-0.2500+66
30619,0,0,0,0,0,0,0,0,0,0,0,0,0,0,19557,0,0,0,0,0,0,0,0,0,30619,0,0,0,0,0,0,0,0,0,0,0,0,0,0,19557,0,0,0,0,0,0,0,0,0,30619,0,0,0,0,0,0,0,0,0,0,0,0,0,0,19557,0,0,0,0,0,0,0,0,0,TCGA-GM-A2DH-DX1_xmin50963_ymin56303_MPP-0.2500+67
34186,0,0,0,0,0,0,0,0,0,0,0,0,0,0,15990,0,0,0,0,0,0,0,0,0,34186,0,0,0,0,0,0,0,0,0,0,0,0,0,0,15990,0,0,0,0,0,0,0,0,0,34186,0,0,0,0,0,0,0,0,0,0,0,0,0,0,15990,0,0,0,0,0,0,0,0,0,TCGA-GM-A2DH-DX1_xmin50963_ymin56303_MPP-0.2500+68
44788,0,0,0,0,0,0,0,0,0,0,0,0,0,0,5388,0,0,0,0,0,0,0,0,0,44788,0,0,0,0,0,0,0,0,0,0,0,0,0,0,5388,0,0,0,0,0,0,0,0,0,44788,0,0,0,0,0,0,0,0,0,0,0,0,0,0,5388,0,0,0,0,0,0,0,0,0,TCGA-GM-A2DH-DX1_xmin50963_ymin56303_MPP-0.2500+69
50017,0,0,0,0,0,0,0,0,0,0,0,0,0,0,159,0,0,0,0,0,0,0,0,0,50017,0,0,0,0,0,0,0,0,0,0,0,0,0,0,159,0,0,0,0,0,0,0,0,0,50017,0,0,0,0,0,0,0,0,0,0,0,0,0,0,159,0,0,0,0,0,0,0,0,0,TCGA-GM-A2DH-DX1_xmin50963_ymin56303_MPP-0.2500+7
32326,4074,0,0,0,0,932,0,0,0,0,108,0,0,0,1869,9537,0,0,0,0,0,0,0,1330,32584,3816,0,0,0,0,932,0,0,0,0,108,0,0,0,1872,9534,0,0,0,0,0,0,0,1330,32686,3714,0,0,0,0,932,0,0,0,0,108,0,0,0,1839,9567,0,0,0,0,0,0,0,1330,TCGA-GM-A2DH-DX1_xmin50963_ymin56303_MPP-0.2500+70
2700,0,36,0,0,1276,0,1559,0,0,261,0,40383,0,0,458,0,1514,0,0,0,0,0,0,1989,2705,0,31,0,0,1296,0,1539,0,0,332,0,40312,0,0,410,0,1562,0,0,0,0,0,0,1989,2700,0,36,0,0,1232,0,1603,0,0,296,0,40348,0,0,547,0,1425,0,0,0,0,0,0,1989,TCGA-GM-A2DH-DX1_xmin50963_ymin56303_MPP-0.2500+71
0,0,0,0,0,0,50176,0,0,0,0,0,0,0,0,0,0,0,0,0,0,0,0,0,0,0,0,0,0,0,0,50176,0,0,0,0,0,0,0,0,0,0,0,0,0,0,0,0,0,0,0,0,0,0,0,0,50176,0,0,0,0,0,0,0,0,0,0,0,0,0,0,0,0,0,0,TCGA-GM-A2DH-DX1_xmin50963_ymin56303_MPP-0.2500+72
2107,322,0,0,0,446,45495,0,0,0,0,0,0,0,0,0,0,0,0,0,0,0,0,0,1806,2173,256,0,0,0,545,45396,0,0,0,0,0,0,0,0,0,0,0,0,0,0,0,0,0,1806,2165,264,0,0,0,555,45386,0,0,0,0,0,0,0,0,0,0,0,0,0,0,0,0,0,1806,TCGA-GM-A2DH-DX1_xmin50963_ymin56303_MPP-0.2500+73
36107,1400,0,0,0,1804,10865,0,0,0,0,0,0,0,0,0,0,0,0,0,0,0,0,0,0,36263,1244,0,0,0,1947,10722,0,0,0,0,0,0,0,0,0,0,0,0,0,0,0,0,0,0,36262,1245,0,0,0,1811,10858,0,0,0,0,0,0,0,0,0,0,0,0,0,0,0,0,0,0,TCGA-GM-A2DH-DX1_xmin50963_ymin56303_MPP-0.2500+74
49827,0,0,0,0,266,0,0,0,0,0,0,0,0,0,83,0,0,0,0,0,0,0,0,0,49827,0,0,0,0,266,0,0,0,0,0,0,0,0,0,83,0,0,0,0,0,0,0,0,0,49827,0,0,0,0,266,0,0,0,0,0,0,0,0,0,83,0,0,0,0,0,0,0,0,0,TCGA-GM-A2DH-DX1_xmin50963_ymin56303_MPP-0.2500+75
33463,3723,0,0,0,0,0,0,0,0,0,0,0,0,0,6424,6566,0,0,0,0,0,0,0,0,33616,3570,0,0,0,0,0,0,0,0,0,0,0,0,0,6671,6319,0,0,0,0,0,0,0,0,33396,3790,0,0,0,0,0,0,0,0,0,0,0,0,0,6444,6546,0,0,0,0,0,0,0,0,TCGA-GM-A2DH-DX1_xmin50963_ymin56303_MPP-0.2500+76
40152,0,0,0,0,0,0,0,0,0,0,0,0,0,0,10024,0,0,0,0,0,0,0,0,0,40152,0,0,0,0,0,0,0,0,0,0,0,0,0,0,10024,0,0,0,0,0,0,0,0,0,40152,0,0,0,0,0,0,0,0,0,0,0,0,0,0,10024,0,0,0,0,0,0,0,0,0,TCGA-GM-A2DH-DX1_xmin50963_ymin56303_MPP-0.2500+77
43142,0,0,0,0,0,0,0,0,0,0,0,0,0,0,7034,0,0,0,0,0,0,0,0,0,43142,0,0,0,0,0,0,0,0,0,0,0,0,0,0,7034,0,0,0,0,0,0,0,0,0,43142,0,0,0,0,0,0,0,0,0,0,0,0,0,0,7034,0,0,0,0,0,0,0,0,0,TCGA-GM-A2DH-DX1_xmin50963_ymin56303_MPP-0.2500+78
19827,8222,9546,0,0,0,0,0,0,0,0,0,0,0,0,2255,9786,540,0,0,0,0,0,0,0,20096,7323,10176,0,0,0,0,0,0,0,0,0,0,0,0,2864,9060,657,0,0,0,0,0,0,0,20219,7506,9870,0,0,0,0,0,0,0,0,0,0,0,0,2918,9052,611,0,0,0,0,0,0,0,TCGA-GM-A2DH-DX1_xmin50963_ymin56303_MPP-0.2500+79
36105,0,0,0,0,0,0,0,0,0,0,0,0,0,0,14071,0,0,0,0,0,0,0,0,0,36105,0,0,0,0,0,0,0,0,0,0,0,0,0,0,14071,0,0,0,0,0,0,0,0,0,36105,0,0,0,0,0,0,0,0,0,0,0,0,0,0,14071,0,0,0,0,0,0,0,0,0,TCGA-GM-A2DH-DX1_xmin50963_ymin56303_MPP-0.2500+8
0,13706,3061,0,0,0,705,737,0,0,0,1862,16692,0,0,0,2917,748,0,0,0,0,0,0,9748,0,13379,3388,0,0,0,685,757,0,0,0,1513,17041,0,0,0,2928,737,0,0,0,0,0,0,9748,5240,0,11527,0,0,69,0,1373,0,0,0,0,18554,0,0,687,0,2978,0,0,0,0,0,0,9748,TCGA-GM-A2DH-DX1_xmin50963_ymin56303_MPP-0.2500+80
2122,13744,0,0,0,0,18666,0,0,0,0,0,0,0,0,0,0,0,0,0,0,0,0,0,15644,2123,13743,0,0,0,0,18666,0,0,0,0,0,0,0,0,0,0,0,0,0,0,0,0,0,15644,2460,13406,0,0,0,0,18666,0,0,0,0,0,0,0,0,0,0,0,0,0,0,0,0,0,15644,TCGA-GM-A2DH-DX1_xmin50963_ymin56303_MPP-0.2500+81
0,471,0,0,0,0,47015,0,0,0,0,0,0,0,0,0,0,0,0,0,0,0,0,0,2690,0,471,0,0,0,0,47015,0,0,0,0,0,0,0,0,0,0,0,0,0,0,0,0,0,2690,0,471,0,0,0,0,47015,0,0,0,0,0,0,0,0,0,0,0,0,0,0,0,0,0,2690,TCGA-GM-A2DH-DX1_xmin50963_ymin56303_MPP-0.2500+82
0,0,0,0,0,0,50176,0,0,0,0,0,0,0,0,0,0,0,0,0,0,0,0,0,0,0,0,0,0,0,0,50176,0,0,0,0,0,0,0,0,0,0,0,0,0,0,0,0,0,0,0,0,0,0,0,0,50176,0,0,0,0,0,0,0,0,0,0,0,0,0,0,0,0,0,0,TCGA-GM-A2DH-DX1_xmin50963_ymin56303_MPP-0.2500+83
25178,151,0,0,0,4451,20396,0,0,0,0,0,0,0,0,0,0,0,0,0,0,0,0,0,0,25309,20,0,0,0,4816,20031,0,0,0,0,0,0,0,0,0,0,0,0,0,0,0,0,0,0,25209,120,0,0,0,5072,19775,0,0,0,0,0,0,0,0,0,0,0,0,0,0,0,0,0,0,TCGA-GM-A2DH-DX1_xmin50963_ymin56303_MPP-0.2500+84
39926,0,0,0,0,456,0,0,0,0,0,0,0,0,0,9794,0,0,0,0,0,0,0,0,0,39926,0,0,0,0,456,0,0,0,0,0,0,0,0,0,9794,0,0,0,0,0,0,0,0,0,39926,0,0,0,0,456,0,0,0,0,0,0,0,0,0,9794,0,0,0,0,0,0,0,0,0,TCGA-GM-A2DH-DX1_xmin50963_ymin56303_MPP-0.2500+85
32119,2091,0,1401,0,0,0,0,0,0,0,0,0,0,0,3348,5006,0,6211,0,0,0,0,0,0,31720,2345,0,1546,0,0,0,0,0,0,0,0,0,0,0,2652,4166,0,7747,0,0,0,0,0,0,32056,2140,0,1415,0,0,0,0,0,0,0,0,0,0,0,3436,4501,0,6628,0,0,0,0,0,0,TCGA-GM-A2DH-DX1_xmin50963_ymin56303_MPP-0.2500+86
45729,0,0,0,0,0,0,0,0,0,0,0,0,0,0,4447,0,0,0,0,0,0,0,0,0,45729,0,0,0,0,0,0,0,0,0,0,0,0,0,0,4447,0,0,0,0,0,0,0,0,0,45729,0,0,0,0,0,0,0,0,0,0,0,0,0,0,4447,0,0,0,0,0,0,0,0,0,TCGA-GM-A2DH-DX1_xmin50963_ymin56303_MPP-0.2500+87
42669,0,0,0,0,0,0,0,0,0,0,0,0,0,0,7507,0,0,0,0,0,0,0,0,0,42669,0,0,0,0,0,0,0,0,0,0,0,0,0,0,7507,0,0,0,0,0,0,0,0,0,42669,0,0,0,0,0,0,0,0,0,0,0,0,0,0,7507,0,0,0,0,0,0,0,0,0,TCGA-GM-A2DH-DX1_xmin50963_ymin56303_MPP-0.2500+88
37381,0,0,0,0,0,0,0,0,0,0,0,0,0,0,12795,0,0,0,0,0,0,0,0,0,37381,0,0,0,0,0,0,0,0,0,0,0,0,0,0,12795,0,0,0,0,0,0,0,0,0,37381,0,0,0,0,0,0,0,0,0,0,0,0,0,0,12795,0,0,0,0,0,0,0,0,0,TCGA-GM-A2DH-DX1_xmin50963_ymin56303_MPP-0.2500+89
22791,0,0,0,0,0,0,0,0,0,0,0,0,0,0,27385,0,0,0,0,0,0,0,0,0,22791,0,0,0,0,0,0,0,0,0,0,0,0,0,0,27385,0,0,0,0,0,0,0,0,0,22791,0,0,0,0,0,0,0,0,0,0,0,0,0,0,27385,0,0,0,0,0,0,0,0,0,TCGA-GM-A2DH-DX1_xmin50963_ymin56303_MPP-0.2500+9
43205,0,0,0,0,0,0,0,0,0,0,0,0,0,0,108,0,0,0,0,0,0,0,0,6863,43205,0,0,0,0,0,0,0,0,0,0,0,0,0,0,108,0,0,0,0,0,0,0,0,6863,43205,0,0,0,0,0,0,0,0,0,0,0,0,0,0,108,0,0,0,0,0,0,0,0,6863,TCGA-GM-A2DH-DX1_xmin50963_ymin56303_MPP-0.2500+90
12344,3430,0,0,0,1975,11761,0,0,0,0,0,0,0,0,0,0,0,0,0,0,0,0,0,20666,12325,3449,0,0,0,1863,11873,0,0,0,0,0,0,0,0,0,0,0,0,0,0,0,0,0,20666,12676,3098,0,0,0,2007,11729,0,0,0,0,0,0,0,0,0,0,0,0,0,0,0,0,0,20666,TCGA-GM-A2DH-DX1_xmin50963_ymin56303_MPP-0.2500+91
0,1257,0,0,0,0,48762,0,0,0,0,0,0,0,0,0,0,0,0,0,0,0,0,0,157,0,1257,0,0,0,0,48762,0,0,0,0,0,0,0,0,0,0,0,0,0,0,0,0,0,157,0,1257,0,0,0,0,48762,0,0,0,0,0,0,0,0,0,0,0,0,0,0,0,0,0,157,TCGA-GM-A2DH-DX1_xmin50963_ymin56303_MPP-0.2500+92
0,0,0,0,0,0,50176,0,0,0,0,0,0,0,0,0,0,0,0,0,0,0,0,0,0,0,0,0,0,0,0,50176,0,0,0,0,0,0,0,0,0,0,0,0,0,0,0,0,0,0,0,0,0,0,0,0,50176,0,0,0,0,0,0,0,0,0,0,0,0,0,0,0,0,0,0,TCGA-GM-A2DH-DX1_xmin50963_ymin56303_MPP-0.2500+93
7769,123,0,0,0,387,30159,0,0,0,0,8279,0,0,0,1793,1666,0,0,0,0,0,0,0,0,7769,123,0,0,0,349,30197,0,0,0,0,8279,0,0,0,1740,1719,0,0,0,0,0,0,0,0,7769,123,0,0,0,213,30333,0,0,0,0,8279,0,0,0,1628,1831,0,0,0,0,0,0,0,0,TCGA-GM-A2DH-DX1_xmin50963_ymin56303_MPP-0.2500+94
14813,1389,0,0,0,3288,18186,0,0,0,0,774,0,0,0,4418,7308,0,0,0,0,0,0,0,0,14773,1429,0,0,0,3248,18226,0,0,0,0,774,0,0,0,4252,7474,0,0,0,0,0,0,0,0,14801,1401,0,0,0,3254,18220,0,0,0,0,774,0,0,0,4206,7520,0,0,0,0,0,0,0,0,TCGA-GM-A2DH-DX1_xmin50963_ymin56303_MPP-0.2500+95
33359,0,0,0,0,977,0,0,0,0,0,0,0,0,0,15840,0,0,0,0,0,0,0,0,0,33359,0,0,0,0,977,0,0,0,0,0,0,0,0,0,15840,0,0,0,0,0,0,0,0,0,33359,0,0,0,0,977,0,0,0,0,0,0,0,0,0,15840,0,0,0,0,0,0,0,0,0,TCGA-GM-A2DH-DX1_xmin50963_ymin56303_MPP-0.2500+96
31149,3728,0,0,0,60,6555,0,0,0,0,0,0,0,0,8336,348,0,0,0,0,0,0,0,0,31363,3514,0,0,0,81,6534,0,0,0,0,0,0,0,0,8368,316,0,0,0,0,0,0,0,0,31148,3729,0,0,0,95,6520,0,0,0,0,0,0,0,0,8570,114,0,0,0,0,0,0,0,0,TCGA-GM-A2DH-DX1_xmin50963_ymin56303_MPP-0.2500+97
46216,0,0,0,0,0,0,0,0,0,0,0,0,0,0,3960,0,0,0,0,0,0,0,0,0,46216,0,0,0,0,0,0,0,0,0,0,0,0,0,0,3960,0,0,0,0,0,0,0,0,0,46216,0,0,0,0,0,0,0,0,0,0,0,0,0,0,3960,0,0,0,0,0,0,0,0,0,TCGA-GM-A2DH-DX1_xmin50963_ymin56303_MPP-0.2500+98
30778,0,0,0,0,0,0,0,0,0,0,0,0,0,0,19398,0,0,0,0,0,0,0,0,0,26057,0,0,4721,0,0,0,0,0,0,0,0,0,0,0,5310,0,0,14088,0,0,0,0,0,0,30778,0,0,0,0,0,0,0,0,0,0,0,0,0,0,19398,0,0,0,0,0,0,0,0,0,TCGA-GM-A2DH-DX1_xmin50963_ymin56303_MPP-0.2500+99
5187,395,0,0,0,11612,32982,0,0,0,0,0,0,0,0,0,0,0,0,0,0,0,0,0,0,5308,274,0,0,0,11804,32790,0,0,0,0,0,0,0,0,0,0,0,0,0,0,0,0,0,0,5184,398,0,0,0,12723,31871,0,0,0,0,0,0,0,0,0,0,0,0,0,0,0,0,0,0,TCGA-GM-A2DI-DX1_xmin22802_ymin51060_MPP-0.2500+0
27178,5492,0,0,0,0,2447,0,0,0,0,0,0,0,0,0,0,0,0,0,0,0,0,0,15059,27527,5143,0,0,0,0,2447,0,0,0,0,0,0,0,0,0,0,0,0,0,0,0,0,0,15059,27092,5578,0,0,0,0,2447,0,0,0,0,0,0,0,0,0,0,0,0,0,0,0,0,0,15059,TCGA-GM-A2DI-DX1_xmin22802_ymin51060_MPP-0.2500+1
18010,0,0,0,0,32166,0,0,0,0,0,0,0,0,0,0,0,0,0,0,0,0,0,0,0,18010,0,0,0,0,32166,0,0,0,0,0,0,0,0,0,0,0,0,0,0,0,0,0,0,0,18010,0,0,0,0,32166,0,0,0,0,0,0,0,0,0,0,0,0,0,0,0,0,0,0,0,TCGA-GM-A2DI-DX1_xmin22802_ymin51060_MPP-0.2500+10
30097,0,0,0,0,12016,0,0,0,0,0,0,0,0,0,0,0,0,0,0,0,0,0,0,8063,30097,0,0,0,0,12016,0,0,0,0,0,0,0,0,0,0,0,0,0,0,0,0,0,0,8063,30097,0,0,0,0,12016,0,0,0,0,0,0,0,0,0,0,0,0,0,0,0,0,0,0,8063,TCGA-GM-A2DI-DX1_xmin22802_ymin51060_MPP-0.2500+11
19105,5288,0,0,0,14879,10904,0,0,0,0,0,0,0,0,0,0,0,0,0,0,0,0,0,0,19568,4825,0,0,0,14954,10829,0,0,0,0,0,0,0,0,0,0,0,0,0,0,0,0,0,0,20009,4384,0,0,0,15451,10332,0,0,0,0,0,0,0,0,0,0,0,0,0,0,0,0,0,0,TCGA-GM-A2DI-DX1_xmin22802_ymin51060_MPP-0.2500+12
14620,2458,0,0,0,17533,15565,0,0,0,0,0,0,0,0,0,0,0,0,0,0,0,0,0,0,14659,2419,0,0,0,18078,15020,0,0,0,0,0,0,0,0,0,0,0,0,0,0,0,0,0,0,14586,2492,0,0,0,17967,15131,0,0,0,0,0,0,0,0,0,0,0,0,0,0,0,0,0,0,TCGA-GM-A2DI-DX1_xmin22802_ymin51060_MPP-0.2500+13
18450,5519,0,0,0,4289,13307,0,0,0,0,0,0,0,0,0,0,0,0,0,0,0,0,0,8611,19414,4555,0,0,0,4740,12856,0,0,0,0,0,0,0,0,0,0,0,0,0,0,0,0,0,8611,18633,5336,0,0,0,5169,12427,0,0,0,0,0,0,0,0,0,0,0,0,0,0,0,0,0,8611,TCGA-GM-A2DI-DX1_xmin22802_ymin51060_MPP-0.2500+14
5766,189,0,0,0,17662,26559,0,0,0,0,0,0,0,0,0,0,0,0,0,0,0,0,0,0,5732,223,0,0,0,17195,27026,0,0,0,0,0,0,0,0,0,0,0,0,0,0,0,0,0,0,5760,195,0,0,0,18236,25985,0,0,0,0,0,0,0,0,0,0,0,0,0,0,0,0,0,0,TCGA-GM-A2DI-DX1_xmin22802_ymin51060_MPP-0.2500+15
13806,2225,0,0,0,8436,25709,0,0,0,0,0,0,0,0,0,0,0,0,0,0,0,0,0,0,14671,1360,0,0,0,9343,24802,0,0,0,0,0,0,0,0,0,0,0,0,0,0,0,0,0,0,13881,2150,0,0,0,8653,25492,0,0,0,0,0,0,0,0,0,0,0,0,0,0,0,0,0,0,TCGA-GM-A2DI-DX1_xmin22802_ymin51060_MPP-0.2500+16
19550,6022,0,0,0,2960,18756,0,0,0,0,0,0,0,0,0,0,0,0,0,0,0,0,0,2888,19561,6011,0,0,0,3028,18688,0,0,0,0,0,0,0,0,0,0,0,0,0,0,0,0,0,2888,19708,5864,0,0,0,3210,18506,0,0,0,0,0,0,0,0,0,0,0,0,0,0,0,0,0,2888,TCGA-GM-A2DI-DX1_xmin22802_ymin51060_MPP-0.2500+17
19992,741,0,0,0,15523,13793,0,0,0,0,0,0,0,0,0,0,0,0,0,0,0,0,0,127,20018,715,0,0,0,16113,13203,0,0,0,0,0,0,0,0,0,0,0,0,0,0,0,0,0,127,19836,897,0,0,0,14614,14702,0,0,0,0,0,0,0,0,0,0,0,0,0,0,0,0,0,127,TCGA-GM-A2DI-DX1_xmin22802_ymin51060_MPP-0.2500+18
10075,5858,0,0,0,9769,24434,0,0,0,0,0,0,0,0,0,0,0,0,0,0,0,0,0,40,10268,5665,0,0,0,10251,23952,0,0,0,0,0,0,0,0,0,0,0,0,0,0,0,0,0,40,9044,6889,0,0,0,9863,24340,0,0,0,0,0,0,0,0,0,0,0,0,0,0,0,0,0,40,TCGA-GM-A2DI-DX1_xmin22802_ymin51060_MPP-0.2500+19
34310,5333,0,0,0,0,5171,0,0,0,0,0,0,0,0,0,0,0,0,0,0,0,0,0,5362,34579,5064,0,0,0,0,5171,0,0,0,0,0,0,0,0,0,0,0,0,0,0,0,0,0,5362,34335,5308,0,0,0,0,5171,0,0,0,0,0,0,0,0,0,0,0,0,0,0,0,0,0,5362,TCGA-GM-A2DI-DX1_xmin22802_ymin51060_MPP-0.2500+2
14652,4966,0,0,0,14722,15836,0,0,0,0,0,0,0,0,0,0,0,0,0,0,0,0,0,0,14575,5043,0,0,0,14233,16325,0,0,0,0,0,0,0,0,0,0,0,0,0,0,0,0,0,0,15071,4547,0,0,0,16388,14170,0,0,0,0,0,0,0,0,0,0,0,0,0,0,0,0,0,0,TCGA-GM-A2DI-DX1_xmin22802_ymin51060_MPP-0.2500+20
11963,336,0,0,0,3798,34079,0,0,0,0,0,0,0,0,0,0,0,0,0,0,0,0,0,0,11892,407,0,0,0,3581,34296,0,0,0,0,0,0,0,0,0,0,0,0,0,0,0,0,0,0,11879,420,0,0,0,3650,34227,0,0,0,0,0,0,0,0,0,0,0,0,0,0,0,0,0,0,TCGA-GM-A2DI-DX1_xmin22802_ymin51060_MPP-0.2500+21
9349,2951,0,0,0,10550,27326,0,0,0,0,0,0,0,0,0,0,0,0,0,0,0,0,0,0,9521,2779,0,0,0,11698,26178,0,0,0,0,0,0,0,0,0,0,0,0,0,0,0,0,0,0,9120,3180,0,0,0,11564,26312,0,0,0,0,0,0,0,0,0,0,0,0,0,0,0,0,0,0,TCGA-GM-A2DI-DX1_xmin22802_ymin51060_MPP-0.2500+22
19101,5188,0,0,0,13664,12223,0,0,0,0,0,0,0,0,0,0,0,0,0,0,0,0,0,0,19747,4542,0,0,0,14146,11741,0,0,0,0,0,0,0,0,0,0,0,0,0,0,0,0,0,0,18709,5580,0,0,0,13692,12195,0,0,0,0,0,0,0,0,0,0,0,0,0,0,0,0,0,0,TCGA-GM-A2DI-DX1_xmin22802_ymin51060_MPP-0.2500+23
2598,915,0,0,0,9430,37233,0,0,0,0,0,0,0,0,0,0,0,0,0,0,0,0,0,0,2445,1068,0,0,0,9575,37088,0,0,0,0,0,0,0,0,0,0,0,0,0,0,0,0,0,0,2584,929,0,0,0,9637,37026,0,0,0,0,0,0,0,0,0,0,0,0,0,0,0,0,0,0,TCGA-GM-A2DI-DX1_xmin22802_ymin51060_MPP-0.2500+24
0,1664,0,0,0,0,48512,0,0,0,0,0,0,0,0,0,0,0,0,0,0,0,0,0,0,0,1664,0,0,0,0,48512,0,0,0,0,0,0,0,0,0,0,0,0,0,0,0,0,0,0,0,1664,0,0,0,0,48512,0,0,0,0,0,0,0,0,0,0,0,0,0,0,0,0,0,0,TCGA-GM-A2DI-DX1_xmin22802_ymin51060_MPP-0.2500+25
4515,927,0,0,0,13571,31019,0,0,0,0,0,0,0,0,0,0,0,0,0,0,0,0,0,144,4032,1410,0,0,0,12788,31802,0,0,0,0,0,0,0,0,0,0,0,0,0,0,0,0,0,144,4224,1218,0,0,0,13533,31057,0,0,0,0,0,0,0,0,0,0,0,0,0,0,0,0,0,144,TCGA-GM-A2DI-DX1_xmin22802_ymin51060_MPP-0.2500+26
6214,2368,0,0,0,7772,33822,0,0,0,0,0,0,0,0,0,0,0,0,0,0,0,0,0,0,6355,2227,0,0,0,8149,33445,0,0,0,0,0,0,0,0,0,0,0,0,0,0,0,0,0,0,5923,2659,0,0,0,8503,33091,0,0,0,0,0,0,0,0,0,0,0,0,0,0,0,0,0,0,TCGA-GM-A2DI-DX1_xmin22802_ymin51060_MPP-0.2500+3
17065,2247,0,0,0,9,3314,0,0,0,0,0,0,0,0,0,0,0,0,0,0,0,0,0,27541,17049,2263,0,0,0,7,3316,0,0,0,0,0,0,0,0,0,0,0,0,0,0,0,0,0,27541,17083,2229,0,0,0,30,3293,0,0,0,0,0,0,0,0,0,0,0,0,0,0,0,0,0,27541,TCGA-GM-A2DI-DX1_xmin22802_ymin51060_MPP-0.2500+4
25277,327,0,0,0,0,0,0,0,0,0,0,0,0,0,0,0,0,0,0,0,0,0,0,24572,25395,209,0,0,0,0,0,0,0,0,0,0,0,0,0,0,0,0,0,0,0,0,0,0,24572,25435,169,0,0,0,0,0,0,0,0,0,0,0,0,0,0,0,0,0,0,0,0,0,0,24572,TCGA-GM-A2DI-DX1_xmin22802_ymin51060_MPP-0.2500+5
16658,4748,0,0,0,11543,17227,0,0,0,0,0,0,0,0,0,0,0,0,0,0,0,0,0,0,16678,4728,0,0,0,11808,16962,0,0,0,0,0,0,0,0,0,0,0,0,0,0,0,0,0,0,16861,4545,0,0,0,11509,17261,0,0,0,0,0,0,0,0,0,0,0,0,0,0,0,0,0,0,TCGA-GM-A2DI-DX1_xmin22802_ymin51060_MPP-0.2500+6
9642,8629,0,0,0,5781,26084,0,0,0,0,0,0,0,0,0,0,0,0,0,0,0,0,0,40,10058,8213,0,0,0,6251,25614,0,0,0,0,0,0,0,0,0,0,0,0,0,0,0,0,0,40,8933,9338,0,0,0,5922,25943,0,0,0,0,0,0,0,0,0,0,0,0,0,0,0,0,0,40,TCGA-GM-A2DI-DX1_xmin22802_ymin51060_MPP-0.2500+7
24179,8616,0,0,0,2351,3646,0,0,0,0,0,0,0,0,0,0,0,0,0,0,0,0,0,11384,25630,7165,0,0,0,2744,3253,0,0,0,0,0,0,0,0,0,0,0,0,0,0,0,0,0,11384,26316,6479,0,0,0,2404,3593,0,0,0,0,0,0,0,0,0,0,0,0,0,0,0,0,0,11384,TCGA-GM-A2DI-DX1_xmin22802_ymin51060_MPP-0.2500+8
22140,1964,0,0,0,10841,14931,0,0,0,0,0,0,0,0,0,0,0,0,0,0,0,0,0,300,22346,1758,0,0,0,10532,15240,0,0,0,0,0,0,0,0,0,0,0,0,0,0,0,0,0,300,22663,1441,0,0,0,10677,15095,0,0,0,0,0,0,0,0,0,0,0,0,0,0,0,0,0,300,TCGA-GM-A2DI-DX1_xmin22802_ymin51060_MPP-0.2500+9
0,0,0,0,0,0,0,0,0,0,0,0,0,0,0,0,0,0,50176,0,0,0,0,0,0,0,0,0,0,0,0,0,0,0,0,0,0,0,0,0,0,0,0,50176,0,0,0,0,0,0,0,0,0,0,0,0,0,0,0,0,0,0,0,0,0,0,0,0,50176,0,0,0,0,0,0,TCGA-GM-A3XL-DX1_xmin29910_ymin15820_MPP-0.2500+0
0,0,0,0,0,0,0,0,0,0,0,0,0,0,0,16,0,0,50160,0,0,0,0,0,0,0,0,0,0,0,0,0,0,0,0,0,0,0,0,0,16,0,0,50160,0,0,0,0,0,0,0,0,0,0,0,0,0,0,0,0,0,0,0,0,0,0,0,0,50176,0,0,0,0,0,0,TCGA-GM-A3XL-DX1_xmin29910_ymin15820_MPP-0.2500+1
0,0,0,0,0,0,0,0,0,0,0,0,0,0,0,0,0,0,50176,0,0,0,0,0,0,0,0,0,0,0,0,0,0,0,0,0,0,0,0,0,16,0,0,50160,0,0,0,0,0,0,0,0,0,0,0,0,0,0,0,0,0,0,0,0,0,16,0,0,50160,0,0,0,0,0,0,TCGA-GM-A3XL-DX1_xmin29910_ymin15820_MPP-0.2500+10
33951,3953,0,0,0,1543,10729,0,0,0,0,0,0,0,0,0,0,0,0,0,0,0,0,0,0,34080,3824,0,0,0,1575,10697,0,0,0,0,0,0,0,0,0,0,0,0,0,0,0,0,0,0,34315,3589,0,0,0,1495,10777,0,0,0,0,0,0,0,0,0,0,0,0,0,0,0,0,0,0,TCGA-GM-A3XL-DX1_xmin29910_ymin15820_MPP-0.2500+100
50176,0,0,0,0,0,0,0,0,0,0,0,0,0,0,0,0,0,0,0,0,0,0,0,0,50176,0,0,0,0,0,0,0,0,0,0,0,0,0,0,0,0,0,0,0,0,0,0,0,0,50176,0,0,0,0,0,0,0,0,0,0,0,0,0,0,0,0,0,0,0,0,0,0,0,0,TCGA-GM-A3XL-DX1_xmin29910_ymin15820_MPP-0.2500+101
50176,0,0,0,0,0,0,0,0,0,0,0,0,0,0,0,0,0,0,0,0,0,0,0,0,50176,0,0,0,0,0,0,0,0,0,0,0,0,0,0,0,0,0,0,0,0,0,0,0,0,50176,0,0,0,0,0,0,0,0,0,0,0,0,0,0,0,0,0,0,0,0,0,0,0,0,TCGA-GM-A3XL-DX1_xmin29910_ymin15820_MPP-0.2500+102
50176,0,0,0,0,0,0,0,0,0,0,0,0,0,0,0,0,0,0,0,0,0,0,0,0,50176,0,0,0,0,0,0,0,0,0,0,0,0,0,0,0,0,0,0,0,0,0,0,0,0,50176,0,0,0,0,0,0,0,0,0,0,0,0,0,0,0,0,0,0,0,0,0,0,0,0,TCGA-GM-A3XL-DX1_xmin29910_ymin15820_MPP-0.2500+103
50176,0,0,0,0,0,0,0,0,0,0,0,0,0,0,0,0,0,0,0,0,0,0,0,0,50176,0,0,0,0,0,0,0,0,0,0,0,0,0,0,0,0,0,0,0,0,0,0,0,0,50176,0,0,0,0,0,0,0,0,0,0,0,0,0,0,0,0,0,0,0,0,0,0,0,0,TCGA-GM-A3XL-DX1_xmin29910_ymin15820_MPP-0.2500+104
50176,0,0,0,0,0,0,0,0,0,0,0,0,0,0,0,0,0,0,0,0,0,0,0,0,50176,0,0,0,0,0,0,0,0,0,0,0,0,0,0,0,0,0,0,0,0,0,0,0,0,50176,0,0,0,0,0,0,0,0,0,0,0,0,0,0,0,0,0,0,0,0,0,0,0,0,TCGA-GM-A3XL-DX1_xmin29910_ymin15820_MPP-0.2500+105
50176,0,0,0,0,0,0,0,0,0,0,0,0,0,0,0,0,0,0,0,0,0,0,0,0,50176,0,0,0,0,0,0,0,0,0,0,0,0,0,0,0,0,0,0,0,0,0,0,0,0,50176,0,0,0,0,0,0,0,0,0,0,0,0,0,0,0,0,0,0,0,0,0,0,0,0,TCGA-GM-A3XL-DX1_xmin29910_ymin15820_MPP-0.2500+106
50176,0,0,0,0,0,0,0,0,0,0,0,0,0,0,0,0,0,0,0,0,0,0,0,0,50176,0,0,0,0,0,0,0,0,0,0,0,0,0,0,0,0,0,0,0,0,0,0,0,0,50176,0,0,0,0,0,0,0,0,0,0,0,0,0,0,0,0,0,0,0,0,0,0,0,0,TCGA-GM-A3XL-DX1_xmin29910_ymin15820_MPP-0.2500+107
50176,0,0,0,0,0,0,0,0,0,0,0,0,0,0,0,0,0,0,0,0,0,0,0,0,50176,0,0,0,0,0,0,0,0,0,0,0,0,0,0,0,0,0,0,0,0,0,0,0,0,50176,0,0,0,0,0,0,0,0,0,0,0,0,0,0,0,0,0,0,0,0,0,0,0,0,TCGA-GM-A3XL-DX1_xmin29910_ymin15820_MPP-0.2500+108
18409,720,0,0,0,12228,18819,0,0,0,0,0,0,0,0,0,0,0,0,0,0,0,0,0,0,18530,599,0,0,0,12346,18701,0,0,0,0,0,0,0,0,0,0,0,0,0,0,0,0,0,0,18544,585,0,0,0,12269,18778,0,0,0,0,0,0,0,0,0,0,0,0,0,0,0,0,0,0,TCGA-GM-A3XL-DX1_xmin29910_ymin15820_MPP-0.2500+109
263,0,0,856,0,0,0,0,36,0,0,0,0,0,0,9,0,0,49012,0,0,0,0,0,0,276,0,0,843,0,0,0,0,36,0,0,0,0,0,0,92,0,0,48929,0,0,0,0,0,0,295,0,0,824,0,0,0,0,36,0,0,0,0,0,0,9,0,0,49012,0,0,0,0,0,0,TCGA-GM-A3XL-DX1_xmin29910_ymin15820_MPP-0.2500+11
50176,0,0,0,0,0,0,0,0,0,0,0,0,0,0,0,0,0,0,0,0,0,0,0,0,50176,0,0,0,0,0,0,0,0,0,0,0,0,0,0,0,0,0,0,0,0,0,0,0,0,50176,0,0,0,0,0,0,0,0,0,0,0,0,0,0,0,0,0,0,0,0,0,0,0,0,TCGA-GM-A3XL-DX1_xmin29910_ymin15820_MPP-0.2500+110
48730,0,0,0,0,1446,0,0,0,0,0,0,0,0,0,0,0,0,0,0,0,0,0,0,0,48730,0,0,0,0,1446,0,0,0,0,0,0,0,0,0,0,0,0,0,0,0,0,0,0,0,48730,0,0,0,0,1446,0,0,0,0,0,0,0,0,0,0,0,0,0,0,0,0,0,0,0,TCGA-GM-A3XL-DX1_xmin29910_ymin15820_MPP-0.2500+111
48178,0,0,0,0,1998,0,0,0,0,0,0,0,0,0,0,0,0,0,0,0,0,0,0,0,48178,0,0,0,0,1998,0,0,0,0,0,0,0,0,0,0,0,0,0,0,0,0,0,0,0,48178,0,0,0,0,1998,0,0,0,0,0,0,0,0,0,0,0,0,0,0,0,0,0,0,0,TCGA-GM-A3XL-DX1_xmin29910_ymin15820_MPP-0.2500+112
25426,0,0,0,0,22227,0,0,0,0,0,0,0,0,0,0,0,0,0,0,0,0,0,0,2523,25426,0,0,0,0,22227,0,0,0,0,0,0,0,0,0,0,0,0,0,0,0,0,0,0,2523,25426,0,0,0,0,22227,0,0,0,0,0,0,0,0,0,0,0,0,0,0,0,0,0,0,2523,TCGA-GM-A3XL-DX1_xmin29910_ymin15820_MPP-0.2500+113
9559,790,0,0,0,0,7961,0,0,0,0,0,0,0,0,0,0,0,0,0,0,0,0,0,31866,9511,838,0,0,0,0,7961,0,0,0,0,0,0,0,0,0,0,0,0,0,0,0,0,0,31866,9521,828,0,0,0,0,7961,0,0,0,0,0,0,0,0,0,0,0,0,0,0,0,0,0,31866,TCGA-GM-A3XL-DX1_xmin29910_ymin15820_MPP-0.2500+114
46569,0,0,0,0,0,0,0,0,0,0,0,0,0,0,0,0,0,0,0,0,0,0,0,3607,46569,0,0,0,0,0,0,0,0,0,0,0,0,0,0,0,0,0,0,0,0,0,0,0,3607,46569,0,0,0,0,0,0,0,0,0,0,0,0,0,0,0,0,0,0,0,0,0,0,0,3607,TCGA-GM-A3XL-DX1_xmin29910_ymin15820_MPP-0.2500+115
50176,0,0,0,0,0,0,0,0,0,0,0,0,0,0,0,0,0,0,0,0,0,0,0,0,50176,0,0,0,0,0,0,0,0,0,0,0,0,0,0,0,0,0,0,0,0,0,0,0,0,50176,0,0,0,0,0,0,0,0,0,0,0,0,0,0,0,0,0,0,0,0,0,0,0,0,TCGA-GM-A3XL-DX1_xmin29910_ymin15820_MPP-0.2500+116
50176,0,0,0,0,0,0,0,0,0,0,0,0,0,0,0,0,0,0,0,0,0,0,0,0,50176,0,0,0,0,0,0,0,0,0,0,0,0,0,0,0,0,0,0,0,0,0,0,0,0,50176,0,0,0,0,0,0,0,0,0,0,0,0,0,0,0,0,0,0,0,0,0,0,0,0,TCGA-GM-A3XL-DX1_xmin29910_ymin15820_MPP-0.2500+117
50176,0,0,0,0,0,0,0,0,0,0,0,0,0,0,0,0,0,0,0,0,0,0,0,0,50176,0,0,0,0,0,0,0,0,0,0,0,0,0,0,0,0,0,0,0,0,0,0,0,0,50176,0,0,0,0,0,0,0,0,0,0,0,0,0,0,0,0,0,0,0,0,0,0,0,0,TCGA-GM-A3XL-DX1_xmin29910_ymin15820_MPP-0.2500+118
50176,0,0,0,0,0,0,0,0,0,0,0,0,0,0,0,0,0,0,0,0,0,0,0,0,50176,0,0,0,0,0,0,0,0,0,0,0,0,0,0,0,0,0,0,0,0,0,0,0,0,50176,0,0,0,0,0,0,0,0,0,0,0,0,0,0,0,0,0,0,0,0,0,0,0,0,TCGA-GM-A3XL-DX1_xmin29910_ymin15820_MPP-0.2500+119
49131,0,0,0,0,0,0,0,0,0,0,0,0,0,0,1045,0,0,0,0,0,0,0,0,0,49131,0,0,0,0,0,0,0,0,0,0,0,0,0,0,1045,0,0,0,0,0,0,0,0,0,49131,0,0,0,0,0,0,0,0,0,0,0,0,0,0,1045,0,0,0,0,0,0,0,0,0,TCGA-GM-A3XL-DX1_xmin29910_ymin15820_MPP-0.2500+12
49337,0,0,0,0,839,0,0,0,0,0,0,0,0,0,0,0,0,0,0,0,0,0,0,0,49337,0,0,0,0,839,0,0,0,0,0,0,0,0,0,0,0,0,0,0,0,0,0,0,0,49337,0,0,0,0,839,0,0,0,0,0,0,0,0,0,0,0,0,0,0,0,0,0,0,0,TCGA-GM-A3XL-DX1_xmin29910_ymin15820_MPP-0.2500+120
35576,0,0,0,0,14600,0,0,0,0,0,0,0,0,0,0,0,0,0,0,0,0,0,0,0,33791,1785,0,0,0,1636,12964,0,0,0,0,0,0,0,0,0,0,0,0,0,0,0,0,0,0,33905,1671,0,0,0,1695,12905,0,0,0,0,0,0,0,0,0,0,0,0,0,0,0,0,0,0,TCGA-GM-A3XL-DX1_xmin29910_ymin15820_MPP-0.2500+121
50176,0,0,0,0,0,0,0,0,0,0,0,0,0,0,0,0,0,0,0,0,0,0,0,0,50176,0,0,0,0,0,0,0,0,0,0,0,0,0,0,0,0,0,0,0,0,0,0,0,0,50176,0,0,0,0,0,0,0,0,0,0,0,0,0,0,0,0,0,0,0,0,0,0,0,0,TCGA-GM-A3XL-DX1_xmin29910_ymin15820_MPP-0.2500+122
50176,0,0,0,0,0,0,0,0,0,0,0,0,0,0,0,0,0,0,0,0,0,0,0,0,50176,0,0,0,0,0,0,0,0,0,0,0,0,0,0,0,0,0,0,0,0,0,0,0,0,50176,0,0,0,0,0,0,0,0,0,0,0,0,0,0,0,0,0,0,0,0,0,0,0,0,TCGA-GM-A3XL-DX1_xmin29910_ymin15820_MPP-0.2500+123
50176,0,0,0,0,0,0,0,0,0,0,0,0,0,0,0,0,0,0,0,0,0,0,0,0,50176,0,0,0,0,0,0,0,0,0,0,0,0,0,0,0,0,0,0,0,0,0,0,0,0,50176,0,0,0,0,0,0,0,0,0,0,0,0,0,0,0,0,0,0,0,0,0,0,0,0,TCGA-GM-A3XL-DX1_xmin29910_ymin15820_MPP-0.2500+124
25126,1,0,0,0,4136,20913,0,0,0,0,0,0,0,0,0,0,0,0,0,0,0,0,0,0,25127,0,0,0,0,4268,20781,0,0,0,0,0,0,0,0,0,0,0,0,0,0,0,0,0,0,25127,0,0,0,0,5175,19874,0,0,0,0,0,0,0,0,0,0,0,0,0,0,0,0,0,0,TCGA-GM-A3XL-DX1_xmin29910_ymin15820_MPP-0.2500+125
0,0,0,0,0,0,47017,0,0,0,0,0,0,0,0,0,0,0,0,0,0,0,0,0,3159,0,0,0,0,0,0,47017,0,0,0,0,0,0,0,0,0,0,0,0,0,0,0,0,0,3159,0,0,0,0,0,0,47017,0,0,0,0,0,0,0,0,0,0,0,0,0,0,0,0,0,3159,TCGA-GM-A3XL-DX1_xmin29910_ymin15820_MPP-0.2500+126
9584,1401,0,0,0,0,17108,0,0,0,0,0,0,0,0,0,0,0,0,0,0,0,0,0,22083,9631,1354,0,0,0,0,17108,0,0,0,0,0,0,0,0,0,0,0,0,0,0,0,0,0,22083,9562,1423,0,0,0,0,17108,0,0,0,0,0,0,0,0,0,0,0,0,0,0,0,0,0,22083,TCGA-GM-A3XL-DX1_xmin29910_ymin15820_MPP-0.2500+127
49783,0,0,0,0,347,0,0,0,0,0,0,0,0,0,0,0,0,0,0,0,0,0,0,46,49783,0,0,0,0,347,0,0,0,0,0,0,0,0,0,0,0,0,0,0,0,0,0,0,46,49783,0,0,0,0,347,0,0,0,0,0,0,0,0,0,0,0,0,0,0,0,0,0,0,46,TCGA-GM-A3XL-DX1_xmin29910_ymin15820_MPP-0.2500+128
50176,0,0,0,0,0,0,0,0,0,0,0,0,0,0,0,0,0,0,0,0,0,0,0,0,50176,0,0,0,0,0,0,0,0,0,0,0,0,0,0,0,0,0,0,0,0,0,0,0,0,50176,0,0,0,0,0,0,0,0,0,0,0,0,0,0,0,0,0,0,0,0,0,0,0,0,TCGA-GM-A3XL-DX1_xmin29910_ymin15820_MPP-0.2500+129
50176,0,0,0,0,0,0,0,0,0,0,0,0,0,0,0,0,0,0,0,0,0,0,0,0,50176,0,0,0,0,0,0,0,0,0,0,0,0,0,0,0,0,0,0,0,0,0,0,0,0,50176,0,0,0,0,0,0,0,0,0,0,0,0,0,0,0,0,0,0,0,0,0,0,0,0,TCGA-GM-A3XL-DX1_xmin29910_ymin15820_MPP-0.2500+13
50176,0,0,0,0,0,0,0,0,0,0,0,0,0,0,0,0,0,0,0,0,0,0,0,0,50176,0,0,0,0,0,0,0,0,0,0,0,0,0,0,0,0,0,0,0,0,0,0,0,0,50176,0,0,0,0,0,0,0,0,0,0,0,0,0,0,0,0,0,0,0,0,0,0,0,0,TCGA-GM-A3XL-DX1_xmin29910_ymin15820_MPP-0.2500+130
50176,0,0,0,0,0,0,0,0,0,0,0,0,0,0,0,0,0,0,0,0,0,0,0,0,50176,0,0,0,0,0,0,0,0,0,0,0,0,0,0,0,0,0,0,0,0,0,0,0,0,50176,0,0,0,0,0,0,0,0,0,0,0,0,0,0,0,0,0,0,0,0,0,0,0,0,TCGA-GM-A3XL-DX1_xmin29910_ymin15820_MPP-0.2500+131
50176,0,0,0,0,0,0,0,0,0,0,0,0,0,0,0,0,0,0,0,0,0,0,0,0,50176,0,0,0,0,0,0,0,0,0,0,0,0,0,0,0,0,0,0,0,0,0,0,0,0,50176,0,0,0,0,0,0,0,0,0,0,0,0,0,0,0,0,0,0,0,0,0,0,0,0,TCGA-GM-A3XL-DX1_xmin29910_ymin15820_MPP-0.2500+132
50176,0,0,0,0,0,0,0,0,0,0,0,0,0,0,0,0,0,0,0,0,0,0,0,0,50176,0,0,0,0,0,0,0,0,0,0,0,0,0,0,0,0,0,0,0,0,0,0,0,0,50176,0,0,0,0,0,0,0,0,0,0,0,0,0,0,0,0,0,0,0,0,0,0,0,0,TCGA-GM-A3XL-DX1_xmin29910_ymin15820_MPP-0.2500+133
50176,0,0,0,0,0,0,0,0,0,0,0,0,0,0,0,0,0,0,0,0,0,0,0,0,50176,0,0,0,0,0,0,0,0,0,0,0,0,0,0,0,0,0,0,0,0,0,0,0,0,50176,0,0,0,0,0,0,0,0,0,0,0,0,0,0,0,0,0,0,0,0,0,0,0,0,TCGA-GM-A3XL-DX1_xmin29910_ymin15820_MPP-0.2500+134
50176,0,0,0,0,0,0,0,0,0,0,0,0,0,0,0,0,0,0,0,0,0,0,0,0,50176,0,0,0,0,0,0,0,0,0,0,0,0,0,0,0,0,0,0,0,0,0,0,0,0,50176,0,0,0,0,0,0,0,0,0,0,0,0,0,0,0,0,0,0,0,0,0,0,0,0,TCGA-GM-A3XL-DX1_xmin29910_ymin15820_MPP-0.2500+135
50176,0,0,0,0,0,0,0,0,0,0,0,0,0,0,0,0,0,0,0,0,0,0,0,0,50176,0,0,0,0,0,0,0,0,0,0,0,0,0,0,0,0,0,0,0,0,0,0,0,0,50176,0,0,0,0,0,0,0,0,0,0,0,0,0,0,0,0,0,0,0,0,0,0,0,0,TCGA-GM-A3XL-DX1_xmin29910_ymin15820_MPP-0.2500+136
40177,0,0,0,0,9999,0,0,0,0,0,0,0,0,0,0,0,0,0,0,0,0,0,0,0,40177,0,0,0,0,9999,0,0,0,0,0,0,0,0,0,0,0,0,0,0,0,0,0,0,0,40177,0,0,0,0,9999,0,0,0,0,0,0,0,0,0,0,0,0,0,0,0,0,0,0,0,TCGA-GM-A3XL-DX1_xmin29910_ymin15820_MPP-0.2500+137
33192,1973,0,0,0,1780,13231,0,0,0,0,0,0,0,0,0,0,0,0,0,0,0,0,0,0,33619,1546,0,0,0,2313,12698,0,0,0,0,0,0,0,0,0,0,0,0,0,0,0,0,0,0,33387,1778,0,0,0,1556,13455,0,0,0,0,0,0,0,0,0,0,0,0,0,0,0,0,0,0,TCGA-GM-A3XL-DX1_xmin29910_ymin15820_MPP-0.2500+138
31898,1375,0,0,0,901,16002,0,0,0,0,0,0,0,0,0,0,0,0,0,0,0,0,0,0,32009,1264,0,0,0,932,15971,0,0,0,0,0,0,0,0,0,0,0,0,0,0,0,0,0,0,32032,1241,0,0,0,951,15952,0,0,0,0,0,0,0,0,0,0,0,0,0,0,0,0,0,0,TCGA-GM-A3XL-DX1_xmin29910_ymin15820_MPP-0.2500+139
50176,0,0,0,0,0,0,0,0,0,0,0,0,0,0,0,0,0,0,0,0,0,0,0,0,50176,0,0,0,0,0,0,0,0,0,0,0,0,0,0,0,0,0,0,0,0,0,0,0,0,50176,0,0,0,0,0,0,0,0,0,0,0,0,0,0,0,0,0,0,0,0,0,0,0,0,TCGA-GM-A3XL-DX1_xmin29910_ymin15820_MPP-0.2500+14
18444,10476,0,0,0,3773,17483,0,0,0,0,0,0,0,0,0,0,0,0,0,0,0,0,0,0,18634,10286,0,0,0,4157,17099,0,0,0,0,0,0,0,0,0,0,0,0,0,0,0,0,0,0,18656,10264,0,0,0,4047,17209,0,0,0,0,0,0,0,0,0,0,0,0,0,0,0,0,0,0,TCGA-GM-A3XL-DX1_xmin29910_ymin15820_MPP-0.2500+140
48574,0,0,0,0,1602,0,0,0,0,0,0,0,0,0,0,0,0,0,0,0,0,0,0,0,48574,0,0,0,0,1602,0,0,0,0,0,0,0,0,0,0,0,0,0,0,0,0,0,0,0,48574,0,0,0,0,1602,0,0,0,0,0,0,0,0,0,0,0,0,0,0,0,0,0,0,0,TCGA-GM-A3XL-DX1_xmin29910_ymin15820_MPP-0.2500+141
50176,0,0,0,0,0,0,0,0,0,0,0,0,0,0,0,0,0,0,0,0,0,0,0,0,50176,0,0,0,0,0,0,0,0,0,0,0,0,0,0,0,0,0,0,0,0,0,0,0,0,50176,0,0,0,0,0,0,0,0,0,0,0,0,0,0,0,0,0,0,0,0,0,0,0,0,TCGA-GM-A3XL-DX1_xmin29910_ymin15820_MPP-0.2500+142
50176,0,0,0,0,0,0,0,0,0,0,0,0,0,0,0,0,0,0,0,0,0,0,0,0,50176,0,0,0,0,0,0,0,0,0,0,0,0,0,0,0,0,0,0,0,0,0,0,0,0,50176,0,0,0,0,0,0,0,0,0,0,0,0,0,0,0,0,0,0,0,0,0,0,0,0,TCGA-GM-A3XL-DX1_xmin29910_ymin15820_MPP-0.2500+143
46013,0,0,0,0,4163,0,0,0,0,0,0,0,0,0,0,0,0,0,0,0,0,0,0,0,46013,0,0,0,0,4163,0,0,0,0,0,0,0,0,0,0,0,0,0,0,0,0,0,0,0,46013,0,0,0,0,4163,0,0,0,0,0,0,0,0,0,0,0,0,0,0,0,0,0,0,0,TCGA-GM-A3XL-DX1_xmin29910_ymin15820_MPP-0.2500+144
50176,0,0,0,0,0,0,0,0,0,0,0,0,0,0,0,0,0,0,0,0,0,0,0,0,50176,0,0,0,0,0,0,0,0,0,0,0,0,0,0,0,0,0,0,0,0,0,0,0,0,50176,0,0,0,0,0,0,0,0,0,0,0,0,0,0,0,0,0,0,0,0,0,0,0,0,TCGA-GM-A3XL-DX1_xmin29910_ymin15820_MPP-0.2500+145
50176,0,0,0,0,0,0,0,0,0,0,0,0,0,0,0,0,0,0,0,0,0,0,0,0,50176,0,0,0,0,0,0,0,0,0,0,0,0,0,0,0,0,0,0,0,0,0,0,0,0,50176,0,0,0,0,0,0,0,0,0,0,0,0,0,0,0,0,0,0,0,0,0,0,0,0,TCGA-GM-A3XL-DX1_xmin29910_ymin15820_MPP-0.2500+146
50176,0,0,0,0,0,0,0,0,0,0,0,0,0,0,0,0,0,0,0,0,0,0,0,0,50176,0,0,0,0,0,0,0,0,0,0,0,0,0,0,0,0,0,0,0,0,0,0,0,0,50176,0,0,0,0,0,0,0,0,0,0,0,0,0,0,0,0,0,0,0,0,0,0,0,0,TCGA-GM-A3XL-DX1_xmin29910_ymin15820_MPP-0.2500+147
50176,0,0,0,0,0,0,0,0,0,0,0,0,0,0,0,0,0,0,0,0,0,0,0,0,50176,0,0,0,0,0,0,0,0,0,0,0,0,0,0,0,0,0,0,0,0,0,0,0,0,50176,0,0,0,0,0,0,0,0,0,0,0,0,0,0,0,0,0,0,0,0,0,0,0,0,TCGA-GM-A3XL-DX1_xmin29910_ymin15820_MPP-0.2500+148
50176,0,0,0,0,0,0,0,0,0,0,0,0,0,0,0,0,0,0,0,0,0,0,0,0,50176,0,0,0,0,0,0,0,0,0,0,0,0,0,0,0,0,0,0,0,0,0,0,0,0,50176,0,0,0,0,0,0,0,0,0,0,0,0,0,0,0,0,0,0,0,0,0,0,0,0,TCGA-GM-A3XL-DX1_xmin29910_ymin15820_MPP-0.2500+149
50176,0,0,0,0,0,0,0,0,0,0,0,0,0,0,0,0,0,0,0,0,0,0,0,0,50176,0,0,0,0,0,0,0,0,0,0,0,0,0,0,0,0,0,0,0,0,0,0,0,0,50176,0,0,0,0,0,0,0,0,0,0,0,0,0,0,0,0,0,0,0,0,0,0,0,0,TCGA-GM-A3XL-DX1_xmin29910_ymin15820_MPP-0.2500+15
50176,0,0,0,0,0,0,0,0,0,0,0,0,0,0,0,0,0,0,0,0,0,0,0,0,50176,0,0,0,0,0,0,0,0,0,0,0,0,0,0,0,0,0,0,0,0,0,0,0,0,50176,0,0,0,0,0,0,0,0,0,0,0,0,0,0,0,0,0,0,0,0,0,0,0,0,TCGA-GM-A3XL-DX1_xmin29910_ymin15820_MPP-0.2500+150
50176,0,0,0,0,0,0,0,0,0,0,0,0,0,0,0,0,0,0,0,0,0,0,0,0,50176,0,0,0,0,0,0,0,0,0,0,0,0,0,0,0,0,0,0,0,0,0,0,0,0,50176,0,0,0,0,0,0,0,0,0,0,0,0,0,0,0,0,0,0,0,0,0,0,0,0,TCGA-GM-A3XL-DX1_xmin29910_ymin15820_MPP-0.2500+151
32543,17633,0,0,0,0,0,0,0,0,0,0,0,0,0,0,0,0,0,0,0,0,0,0,0,32509,17667,0,0,0,0,0,0,0,0,0,0,0,0,0,0,0,0,0,0,0,0,0,0,0,32634,17542,0,0,0,0,0,0,0,0,0,0,0,0,0,0,0,0,0,0,0,0,0,0,0,TCGA-GM-A3XL-DX1_xmin29910_ymin15820_MPP-0.2500+152
17670,23033,0,0,0,1588,7885,0,0,0,0,0,0,0,0,0,0,0,0,0,0,0,0,0,0,18008,22695,0,0,0,1760,7713,0,0,0,0,0,0,0,0,0,0,0,0,0,0,0,0,0,0,17980,22723,0,0,0,1876,7597,0,0,0,0,0,0,0,0,0,0,0,0,0,0,0,0,0,0,TCGA-GM-A3XL-DX1_xmin29910_ymin15820_MPP-0.2500+153
50176,0,0,0,0,0,0,0,0,0,0,0,0,0,0,0,0,0,0,0,0,0,0,0,0,50176,0,0,0,0,0,0,0,0,0,0,0,0,0,0,0,0,0,0,0,0,0,0,0,0,50176,0,0,0,0,0,0,0,0,0,0,0,0,0,0,0,0,0,0,0,0,0,0,0,0,TCGA-GM-A3XL-DX1_xmin29910_ymin15820_MPP-0.2500+154
49351,0,0,0,0,825,0,0,0,0,0,0,0,0,0,0,0,0,0,0,0,0,0,0,0,49351,0,0,0,0,825,0,0,0,0,0,0,0,0,0,0,0,0,0,0,0,0,0,0,0,49351,0,0,0,0,825,0,0,0,0,0,0,0,0,0,0,0,0,0,0,0,0,0,0,0,TCGA-GM-A3XL-DX1_xmin29910_ymin15820_MPP-0.2500+155
5693,5026,0,0,0,1463,37994,0,0,0,0,0,0,0,0,0,0,0,0,0,0,0,0,0,0,5700,5019,0,0,0,1530,37927,0,0,0,0,0,0,0,0,0,0,0,0,0,0,0,0,0,0,5683,5036,0,0,0,1367,38090,0,0,0,0,0,0,0,0,0,0,0,0,0,0,0,0,0,0,TCGA-GM-A3XL-DX1_xmin29910_ymin15820_MPP-0.2500+156
18727,19241,0,0,0,0,12208,0,0,0,0,0,0,0,0,0,0,0,0,0,0,0,0,0,0,18670,19298,0,0,0,0,12208,0,0,0,0,0,0,0,0,0,0,0,0,0,0,0,0,0,0,19245,18723,0,0,0,0,12208,0,0,0,0,0,0,0,0,0,0,0,0,0,0,0,0,0,0,TCGA-GM-A3XL-DX1_xmin29910_ymin15820_MPP-0.2500+157
50176,0,0,0,0,0,0,0,0,0,0,0,0,0,0,0,0,0,0,0,0,0,0,0,0,50176,0,0,0,0,0,0,0,0,0,0,0,0,0,0,0,0,0,0,0,0,0,0,0,0,50176,0,0,0,0,0,0,0,0,0,0,0,0,0,0,0,0,0,0,0,0,0,0,0,0,TCGA-GM-A3XL-DX1_xmin29910_ymin15820_MPP-0.2500+158
50176,0,0,0,0,0,0,0,0,0,0,0,0,0,0,0,0,0,0,0,0,0,0,0,0,50176,0,0,0,0,0,0,0,0,0,0,0,0,0,0,0,0,0,0,0,0,0,0,0,0,50176,0,0,0,0,0,0,0,0,0,0,0,0,0,0,0,0,0,0,0,0,0,0,0,0,TCGA-GM-A3XL-DX1_xmin29910_ymin15820_MPP-0.2500+159
36078,0,0,0,0,235,0,0,0,0,0,0,0,0,0,0,0,0,0,0,0,0,0,0,13863,36078,0,0,0,0,235,0,0,0,0,0,0,0,0,0,0,0,0,0,0,0,0,0,0,13863,36078,0,0,0,0,235,0,0,0,0,0,0,0,0,0,0,0,0,0,0,0,0,0,0,13863,TCGA-GM-A3XL-DX1_xmin29910_ymin15820_MPP-0.2500+16
50176,0,0,0,0,0,0,0,0,0,0,0,0,0,0,0,0,0,0,0,0,0,0,0,0,50176,0,0,0,0,0,0,0,0,0,0,0,0,0,0,0,0,0,0,0,0,0,0,0,0,50176,0,0,0,0,0,0,0,0,0,0,0,0,0,0,0,0,0,0,0,0,0,0,0,0,TCGA-GM-A3XL-DX1_xmin29910_ymin15820_MPP-0.2500+160
50176,0,0,0,0,0,0,0,0,0,0,0,0,0,0,0,0,0,0,0,0,0,0,0,0,50176,0,0,0,0,0,0,0,0,0,0,0,0,0,0,0,0,0,0,0,0,0,0,0,0,50176,0,0,0,0,0,0,0,0,0,0,0,0,0,0,0,0,0,0,0,0,0,0,0,0,TCGA-GM-A3XL-DX1_xmin29910_ymin15820_MPP-0.2500+161
50176,0,0,0,0,0,0,0,0,0,0,0,0,0,0,0,0,0,0,0,0,0,0,0,0,50176,0,0,0,0,0,0,0,0,0,0,0,0,0,0,0,0,0,0,0,0,0,0,0,0,50176,0,0,0,0,0,0,0,0,0,0,0,0,0,0,0,0,0,0,0,0,0,0,0,0,TCGA-GM-A3XL-DX1_xmin29910_ymin15820_MPP-0.2500+162
50176,0,0,0,0,0,0,0,0,0,0,0,0,0,0,0,0,0,0,0,0,0,0,0,0,50176,0,0,0,0,0,0,0,0,0,0,0,0,0,0,0,0,0,0,0,0,0,0,0,0,50176,0,0,0,0,0,0,0,0,0,0,0,0,0,0,0,0,0,0,0,0,0,0,0,0,TCGA-GM-A3XL-DX1_xmin29910_ymin15820_MPP-0.2500+163
50176,0,0,0,0,0,0,0,0,0,0,0,0,0,0,0,0,0,0,0,0,0,0,0,0,50176,0,0,0,0,0,0,0,0,0,0,0,0,0,0,0,0,0,0,0,0,0,0,0,0,50176,0,0,0,0,0,0,0,0,0,0,0,0,0,0,0,0,0,0,0,0,0,0,0,0,TCGA-GM-A3XL-DX1_xmin29910_ymin15820_MPP-0.2500+164
6434,16304,0,0,0,3117,24321,0,0,0,0,0,0,0,0,0,0,0,0,0,0,0,0,0,0,6520,16218,0,0,0,3406,24032,0,0,0,0,0,0,0,0,0,0,0,0,0,0,0,0,0,0,6303,16435,0,0,0,2987,24451,0,0,0,0,0,0,0,0,0,0,0,0,0,0,0,0,0,0,TCGA-GM-A3XL-DX1_xmin29910_ymin15820_MPP-0.2500+165
50165,0,0,0,0,11,0,0,0,0,0,0,0,0,0,0,0,0,0,0,0,0,0,0,0,50165,0,0,0,0,11,0,0,0,0,0,0,0,0,0,0,0,0,0,0,0,0,0,0,0,50165,0,0,0,0,11,0,0,0,0,0,0,0,0,0,0,0,0,0,0,0,0,0,0,0,TCGA-GM-A3XL-DX1_xmin29910_ymin15820_MPP-0.2500+166
50176,0,0,0,0,0,0,0,0,0,0,0,0,0,0,0,0,0,0,0,0,0,0,0,0,50176,0,0,0,0,0,0,0,0,0,0,0,0,0,0,0,0,0,0,0,0,0,0,0,0,50176,0,0,0,0,0,0,0,0,0,0,0,0,0,0,0,0,0,0,0,0,0,0,0,0,TCGA-GM-A3XL-DX1_xmin29910_ymin15820_MPP-0.2500+167
47359,0,0,0,0,2817,0,0,0,0,0,0,0,0,0,0,0,0,0,0,0,0,0,0,0,47359,0,0,0,0,2817,0,0,0,0,0,0,0,0,0,0,0,0,0,0,0,0,0,0,0,47359,0,0,0,0,2817,0,0,0,0,0,0,0,0,0,0,0,0,0,0,0,0,0,0,0,TCGA-GM-A3XL-DX1_xmin29910_ymin15820_MPP-0.2500+168
14495,487,0,0,0,1178,34016,0,0,0,0,0,0,0,0,0,0,0,0,0,0,0,0,0,0,14468,514,0,0,0,1134,34060,0,0,0,0,0,0,0,0,0,0,0,0,0,0,0,0,0,0,14550,432,0,0,0,1539,33655,0,0,0,0,0,0,0,0,0,0,0,0,0,0,0,0,0,0,TCGA-GM-A3XL-DX1_xmin29910_ymin15820_MPP-0.2500+169
48644,0,0,0,0,373,0,0,0,0,0,0,0,0,0,0,0,0,0,0,0,0,0,0,1159,48644,0,0,0,0,373,0,0,0,0,0,0,0,0,0,0,0,0,0,0,0,0,0,0,1159,48644,0,0,0,0,373,0,0,0,0,0,0,0,0,0,0,0,0,0,0,0,0,0,0,1159,TCGA-GM-A3XL-DX1_xmin29910_ymin15820_MPP-0.2500+17
24006,3903,0,0,0,3489,18778,0,0,0,0,0,0,0,0,0,0,0,0,0,0,0,0,0,0,24331,3578,0,0,0,3404,18863,0,0,0,0,0,0,0,0,0,0,0,0,0,0,0,0,0,0,23804,4105,0,0,0,3619,18648,0,0,0,0,0,0,0,0,0,0,0,0,0,0,0,0,0,0,TCGA-GM-A3XL-DX1_xmin29910_ymin15820_MPP-0.2500+170
47336,0,0,0,0,0,0,0,0,0,0,0,0,0,0,0,0,0,0,0,0,0,0,0,2840,47336,0,0,0,0,0,0,0,0,0,0,0,0,0,0,0,0,0,0,0,0,0,0,0,2840,47336,0,0,0,0,0,0,0,0,0,0,0,0,0,0,0,0,0,0,0,0,0,0,0,2840,TCGA-GM-A3XL-DX1_xmin29910_ymin15820_MPP-0.2500+171
34908,9021,0,0,0,0,0,0,0,0,0,0,0,0,0,0,0,0,0,0,0,0,0,0,6247,35625,8304,0,0,0,0,0,0,0,0,0,0,0,0,0,0,0,0,0,0,0,0,0,0,6247,35734,8195,0,0,0,0,0,0,0,0,0,0,0,0,0,0,0,0,0,0,0,0,0,0,6247,TCGA-GM-A3XL-DX1_xmin29910_ymin15820_MPP-0.2500+172
50176,0,0,0,0,0,0,0,0,0,0,0,0,0,0,0,0,0,0,0,0,0,0,0,0,50176,0,0,0,0,0,0,0,0,0,0,0,0,0,0,0,0,0,0,0,0,0,0,0,0,50176,0,0,0,0,0,0,0,0,0,0,0,0,0,0,0,0,0,0,0,0,0,0,0,0,TCGA-GM-A3XL-DX1_xmin29910_ymin15820_MPP-0.2500+173
50176,0,0,0,0,0,0,0,0,0,0,0,0,0,0,0,0,0,0,0,0,0,0,0,0,50176,0,0,0,0,0,0,0,0,0,0,0,0,0,0,0,0,0,0,0,0,0,0,0,0,50176,0,0,0,0,0,0,0,0,0,0,0,0,0,0,0,0,0,0,0,0,0,0,0,0,TCGA-GM-A3XL-DX1_xmin29910_ymin15820_MPP-0.2500+174
50176,0,0,0,0,0,0,0,0,0,0,0,0,0,0,0,0,0,0,0,0,0,0,0,0,50176,0,0,0,0,0,0,0,0,0,0,0,0,0,0,0,0,0,0,0,0,0,0,0,0,50176,0,0,0,0,0,0,0,0,0,0,0,0,0,0,0,0,0,0,0,0,0,0,0,0,TCGA-GM-A3XL-DX1_xmin29910_ymin15820_MPP-0.2500+175
50176,0,0,0,0,0,0,0,0,0,0,0,0,0,0,0,0,0,0,0,0,0,0,0,0,50176,0,0,0,0,0,0,0,0,0,0,0,0,0,0,0,0,0,0,0,0,0,0,0,0,50176,0,0,0,0,0,0,0,0,0,0,0,0,0,0,0,0,0,0,0,0,0,0,0,0,TCGA-GM-A3XL-DX1_xmin29910_ymin15820_MPP-0.2500+176
36399,0,0,0,0,13777,0,0,0,0,0,0,0,0,0,0,0,0,0,0,0,0,0,0,0,36399,0,0,0,0,13777,0,0,0,0,0,0,0,0,0,0,0,0,0,0,0,0,0,0,0,36399,0,0,0,0,13777,0,0,0,0,0,0,0,0,0,0,0,0,0,0,0,0,0,0,0,TCGA-GM-A3XL-DX1_xmin29910_ymin15820_MPP-0.2500+177
30792,0,0,0,0,19384,0,0,0,0,0,0,0,0,0,0,0,0,0,0,0,0,0,0,0,30792,0,0,0,0,19384,0,0,0,0,0,0,0,0,0,0,0,0,0,0,0,0,0,0,0,30792,0,0,0,0,19384,0,0,0,0,0,0,0,0,0,0,0,0,0,0,0,0,0,0,0,TCGA-GM-A3XL-DX1_xmin29910_ymin15820_MPP-0.2500+178
50176,0,0,0,0,0,0,0,0,0,0,0,0,0,0,0,0,0,0,0,0,0,0,0,0,50176,0,0,0,0,0,0,0,0,0,0,0,0,0,0,0,0,0,0,0,0,0,0,0,0,50176,0,0,0,0,0,0,0,0,0,0,0,0,0,0,0,0,0,0,0,0,0,0,0,0,TCGA-GM-A3XL-DX1_xmin29910_ymin15820_MPP-0.2500+179
0,0,0,0,0,0,0,0,3943,0,0,0,0,0,0,16,0,0,34249,0,0,0,0,0,11968,0,0,0,0,0,0,0,0,3943,0,0,0,0,0,0,16,0,0,34249,0,0,0,0,0,11968,0,0,0,0,0,0,0,0,3943,0,0,0,0,0,0,16,0,0,34249,0,0,0,0,0,11968,TCGA-GM-A3XL-DX1_xmin29910_ymin15820_MPP-0.2500+18
50176,0,0,0,0,0,0,0,0,0,0,0,0,0,0,0,0,0,0,0,0,0,0,0,0,50176,0,0,0,0,0,0,0,0,0,0,0,0,0,0,0,0,0,0,0,0,0,0,0,0,50176,0,0,0,0,0,0,0,0,0,0,0,0,0,0,0,0,0,0,0,0,0,0,0,0,TCGA-GM-A3XL-DX1_xmin29910_ymin15820_MPP-0.2500+180
48271,0,0,0,0,1905,0,0,0,0,0,0,0,0,0,0,0,0,0,0,0,0,0,0,0,48271,0,0,0,0,1905,0,0,0,0,0,0,0,0,0,0,0,0,0,0,0,0,0,0,0,48271,0,0,0,0,1905,0,0,0,0,0,0,0,0,0,0,0,0,0,0,0,0,0,0,0,TCGA-GM-A3XL-DX1_xmin29910_ymin15820_MPP-0.2500+181
17536,4192,0,0,0,2325,26123,0,0,0,0,0,0,0,0,0,0,0,0,0,0,0,0,0,0,17635,4093,0,0,0,2730,25718,0,0,0,0,0,0,0,0,0,0,0,0,0,0,0,0,0,0,17533,4195,0,0,0,2637,25811,0,0,0,0,0,0,0,0,0,0,0,0,0,0,0,0,0,0,TCGA-GM-A3XL-DX1_xmin29910_ymin15820_MPP-0.2500+182
50157,0,0,0,0,0,0,0,0,0,0,0,0,0,0,0,0,0,0,0,0,0,0,0,19,50157,0,0,0,0,0,0,0,0,0,0,0,0,0,0,0,0,0,0,0,0,0,0,0,19,50157,0,0,0,0,0,0,0,0,0,0,0,0,0,0,0,0,0,0,0,0,0,0,0,19,TCGA-GM-A3XL-DX1_xmin29910_ymin15820_MPP-0.2500+183
25638,14438,0,0,0,0,0,0,0,0,0,0,0,0,0,0,0,0,0,0,0,0,0,0,10100,26663,13413,0,0,0,0,0,0,0,0,0,0,0,0,0,0,0,0,0,0,0,0,0,0,10100,24572,15504,0,0,0,0,0,0,0,0,0,0,0,0,0,0,0,0,0,0,0,0,0,0,10100,TCGA-GM-A3XL-DX1_xmin29910_ymin15820_MPP-0.2500+184
50176,0,0,0,0,0,0,0,0,0,0,0,0,0,0,0,0,0,0,0,0,0,0,0,0,50176,0,0,0,0,0,0,0,0,0,0,0,0,0,0,0,0,0,0,0,0,0,0,0,0,50176,0,0,0,0,0,0,0,0,0,0,0,0,0,0,0,0,0,0,0,0,0,0,0,0,TCGA-GM-A3XL-DX1_xmin29910_ymin15820_MPP-0.2500+185
50176,0,0,0,0,0,0,0,0,0,0,0,0,0,0,0,0,0,0,0,0,0,0,0,0,50176,0,0,0,0,0,0,0,0,0,0,0,0,0,0,0,0,0,0,0,0,0,0,0,0,50176,0,0,0,0,0,0,0,0,0,0,0,0,0,0,0,0,0,0,0,0,0,0,0,0,TCGA-GM-A3XL-DX1_xmin29910_ymin15820_MPP-0.2500+186
50176,0,0,0,0,0,0,0,0,0,0,0,0,0,0,0,0,0,0,0,0,0,0,0,0,50176,0,0,0,0,0,0,0,0,0,0,0,0,0,0,0,0,0,0,0,0,0,0,0,0,50176,0,0,0,0,0,0,0,0,0,0,0,0,0,0,0,0,0,0,0,0,0,0,0,0,TCGA-GM-A3XL-DX1_xmin29910_ymin15820_MPP-0.2500+187
50176,0,0,0,0,0,0,0,0,0,0,0,0,0,0,0,0,0,0,0,0,0,0,0,0,50176,0,0,0,0,0,0,0,0,0,0,0,0,0,0,0,0,0,0,0,0,0,0,0,0,50176,0,0,0,0,0,0,0,0,0,0,0,0,0,0,0,0,0,0,0,0,0,0,0,0,TCGA-GM-A3XL-DX1_xmin29910_ymin15820_MPP-0.2500+188
50176,0,0,0,0,0,0,0,0,0,0,0,0,0,0,0,0,0,0,0,0,0,0,0,0,50176,0,0,0,0,0,0,0,0,0,0,0,0,0,0,0,0,0,0,0,0,0,0,0,0,50176,0,0,0,0,0,0,0,0,0,0,0,0,0,0,0,0,0,0,0,0,0,0,0,0,TCGA-GM-A3XL-DX1_xmin29910_ymin15820_MPP-0.2500+189
0,0,0,0,0,0,0,0,5253,0,0,0,0,0,0,0,0,0,13057,0,0,0,0,0,31866,0,0,0,0,0,0,0,0,5253,0,0,0,0,0,0,0,0,0,13057,0,0,0,0,0,31866,0,0,0,0,0,0,0,0,5253,0,0,0,0,0,0,0,0,0,13057,0,0,0,0,0,31866,TCGA-GM-A3XL-DX1_xmin29910_ymin15820_MPP-0.2500+19
50176,0,0,0,0,0,0,0,0,0,0,0,0,0,0,0,0,0,0,0,0,0,0,0,0,50176,0,0,0,0,0,0,0,0,0,0,0,0,0,0,0,0,0,0,0,0,0,0,0,0,50176,0,0,0,0,0,0,0,0,0,0,0,0,0,0,0,0,0,0,0,0,0,0,0,0,TCGA-GM-A3XL-DX1_xmin29910_ymin15820_MPP-0.2500+190
50176,0,0,0,0,0,0,0,0,0,0,0,0,0,0,0,0,0,0,0,0,0,0,0,0,50176,0,0,0,0,0,0,0,0,0,0,0,0,0,0,0,0,0,0,0,0,0,0,0,0,50176,0,0,0,0,0,0,0,0,0,0,0,0,0,0,0,0,0,0,0,0,0,0,0,0,TCGA-GM-A3XL-DX1_xmin29910_ymin15820_MPP-0.2500+191
50176,0,0,0,0,0,0,0,0,0,0,0,0,0,0,0,0,0,0,0,0,0,0,0,0,50176,0,0,0,0,0,0,0,0,0,0,0,0,0,0,0,0,0,0,0,0,0,0,0,0,50176,0,0,0,0,0,0,0,0,0,0,0,0,0,0,0,0,0,0,0,0,0,0,0,0,TCGA-GM-A3XL-DX1_xmin29910_ymin15820_MPP-0.2500+192
50176,0,0,0,0,0,0,0,0,0,0,0,0,0,0,0,0,0,0,0,0,0,0,0,0,50176,0,0,0,0,0,0,0,0,0,0,0,0,0,0,0,0,0,0,0,0,0,0,0,0,50176,0,0,0,0,0,0,0,0,0,0,0,0,0,0,0,0,0,0,0,0,0,0,0,0,TCGA-GM-A3XL-DX1_xmin29910_ymin15820_MPP-0.2500+193
50172,0,0,0,0,4,0,0,0,0,0,0,0,0,0,0,0,0,0,0,0,0,0,0,0,50172,0,0,0,0,4,0,0,0,0,0,0,0,0,0,0,0,0,0,0,0,0,0,0,0,50172,0,0,0,0,4,0,0,0,0,0,0,0,0,0,0,0,0,0,0,0,0,0,0,0,TCGA-GM-A3XL-DX1_xmin29910_ymin15820_MPP-0.2500+194
50176,0,0,0,0,0,0,0,0,0,0,0,0,0,0,0,0,0,0,0,0,0,0,0,0,50176,0,0,0,0,0,0,0,0,0,0,0,0,0,0,0,0,0,0,0,0,0,0,0,0,50176,0,0,0,0,0,0,0,0,0,0,0,0,0,0,0,0,0,0,0,0,0,0,0,0,TCGA-GM-A3XL-DX1_xmin29910_ymin15820_MPP-0.2500+195
50176,0,0,0,0,0,0,0,0,0,0,0,0,0,0,0,0,0,0,0,0,0,0,0,0,50176,0,0,0,0,0,0,0,0,0,0,0,0,0,0,0,0,0,0,0,0,0,0,0,0,50176,0,0,0,0,0,0,0,0,0,0,0,0,0,0,0,0,0,0,0,0,0,0,0,0,TCGA-GM-A3XL-DX1_xmin29910_ymin15820_MPP-0.2500+196
50176,0,0,0,0,0,0,0,0,0,0,0,0,0,0,0,0,0,0,0,0,0,0,0,0,50176,0,0,0,0,0,0,0,0,0,0,0,0,0,0,0,0,0,0,0,0,0,0,0,0,50176,0,0,0,0,0,0,0,0,0,0,0,0,0,0,0,0,0,0,0,0,0,0,0,0,TCGA-GM-A3XL-DX1_xmin29910_ymin15820_MPP-0.2500+197
50176,0,0,0,0,0,0,0,0,0,0,0,0,0,0,0,0,0,0,0,0,0,0,0,0,50176,0,0,0,0,0,0,0,0,0,0,0,0,0,0,0,0,0,0,0,0,0,0,0,0,50176,0,0,0,0,0,0,0,0,0,0,0,0,0,0,0,0,0,0,0,0,0,0,0,0,TCGA-GM-A3XL-DX1_xmin29910_ymin15820_MPP-0.2500+198
50176,0,0,0,0,0,0,0,0,0,0,0,0,0,0,0,0,0,0,0,0,0,0,0,0,50176,0,0,0,0,0,0,0,0,0,0,0,0,0,0,0,0,0,0,0,0,0,0,0,0,50176,0,0,0,0,0,0,0,0,0,0,0,0,0,0,0,0,0,0,0,0,0,0,0,0,TCGA-GM-A3XL-DX1_xmin29910_ymin15820_MPP-0.2500+199
0,0,0,9441,0,0,0,0,1208,0,0,0,0,0,0,0,0,0,37948,0,0,0,0,0,1579,16,0,0,9425,0,0,0,0,1208,0,0,0,0,0,0,0,0,0,37948,0,0,0,0,0,1579,0,0,0,9441,0,0,0,0,1208,0,0,0,0,0,0,0,0,0,37948,0,0,0,0,0,1579,TCGA-GM-A3XL-DX1_xmin29910_ymin15820_MPP-0.2500+2
0,0,0,0,0,0,0,0,0,0,0,0,0,0,0,0,0,0,50176,0,0,0,0,0,0,0,0,0,0,0,0,0,0,0,0,0,0,0,0,0,0,0,0,50176,0,0,0,0,0,0,0,0,0,0,0,0,0,0,0,0,0,0,0,0,0,0,0,0,50176,0,0,0,0,0,0,TCGA-GM-A3XL-DX1_xmin29910_ymin15820_MPP-0.2500+20
50176,0,0,0,0,0,0,0,0,0,0,0,0,0,0,0,0,0,0,0,0,0,0,0,0,50176,0,0,0,0,0,0,0,0,0,0,0,0,0,0,0,0,0,0,0,0,0,0,0,0,50176,0,0,0,0,0,0,0,0,0,0,0,0,0,0,0,0,0,0,0,0,0,0,0,0,TCGA-GM-A3XL-DX1_xmin29910_ymin15820_MPP-0.2500+200
50176,0,0,0,0,0,0,0,0,0,0,0,0,0,0,0,0,0,0,0,0,0,0,0,0,50176,0,0,0,0,0,0,0,0,0,0,0,0,0,0,0,0,0,0,0,0,0,0,0,0,50176,0,0,0,0,0,0,0,0,0,0,0,0,0,0,0,0,0,0,0,0,0,0,0,0,TCGA-GM-A3XL-DX1_xmin29910_ymin15820_MPP-0.2500+201
17825,4732,0,0,0,2720,24899,0,0,0,0,0,0,0,0,0,0,0,0,0,0,0,0,0,0,17794,4763,0,0,0,2603,25016,0,0,0,0,0,0,0,0,0,0,0,0,0,0,0,0,0,0,18058,4499,0,0,0,2766,24853,0,0,0,0,0,0,0,0,0,0,0,0,0,0,0,0,0,0,TCGA-GM-A3XL-DX1_xmin29910_ymin15820_MPP-0.2500+202
24477,4634,0,0,0,0,21065,0,0,0,0,0,0,0,0,0,0,0,0,0,0,0,0,0,0,24280,4831,0,0,0,0,21065,0,0,0,0,0,0,0,0,0,0,0,0,0,0,0,0,0,0,24860,4251,0,0,0,0,21065,0,0,0,0,0,0,0,0,0,0,0,0,0,0,0,0,0,0,TCGA-GM-A3XL-DX1_xmin29910_ymin15820_MPP-0.2500+203
23214,898,0,0,0,1903,24161,0,0,0,0,0,0,0,0,0,0,0,0,0,0,0,0,0,0,23333,779,0,0,0,1994,24070,0,0,0,0,0,0,0,0,0,0,0,0,0,0,0,0,0,0,23382,730,0,0,0,2091,23973,0,0,0,0,0,0,0,0,0,0,0,0,0,0,0,0,0,0,TCGA-GM-A3XL-DX1_xmin29910_ymin15820_MPP-0.2500+204
25610,706,0,0,0,2339,21521,0,0,0,0,0,0,0,0,0,0,0,0,0,0,0,0,0,0,25619,697,0,0,0,2317,21543,0,0,0,0,0,0,0,0,0,0,0,0,0,0,0,0,0,0,25564,752,0,0,0,2389,21471,0,0,0,0,0,0,0,0,0,0,0,0,0,0,0,0,0,0,TCGA-GM-A3XL-DX1_xmin29910_ymin15820_MPP-0.2500+205
26833,7253,0,0,0,0,16090,0,0,0,0,0,0,0,0,0,0,0,0,0,0,0,0,0,0,26920,7166,0,0,0,0,16090,0,0,0,0,0,0,0,0,0,0,0,0,0,0,0,0,0,0,27579,6507,0,0,0,0,16090,0,0,0,0,0,0,0,0,0,0,0,0,0,0,0,0,0,0,TCGA-GM-A3XL-DX1_xmin29910_ymin15820_MPP-0.2500+206
16036,13325,0,0,0,1,20814,0,0,0,0,0,0,0,0,0,0,0,0,0,0,0,0,0,0,15924,13437,0,0,0,0,20815,0,0,0,0,0,0,0,0,0,0,0,0,0,0,0,0,0,0,15959,13402,0,0,0,0,20815,0,0,0,0,0,0,0,0,0,0,0,0,0,0,0,0,0,0,TCGA-GM-A3XL-DX1_xmin29910_ymin15820_MPP-0.2500+207
28458,5865,0,0,0,0,15853,0,0,0,0,0,0,0,0,0,0,0,0,0,0,0,0,0,0,28348,5975,0,0,0,0,15853,0,0,0,0,0,0,0,0,0,0,0,0,0,0,0,0,0,0,28870,5453,0,0,0,0,15853,0,0,0,0,0,0,0,0,0,0,0,0,0,0,0,0,0,0,TCGA-GM-A3XL-DX1_xmin29910_ymin15820_MPP-0.2500+208
25357,11805,0,0,0,0,10734,0,0,0,0,0,0,0,0,0,0,0,0,0,0,0,0,0,2280,24589,12573,0,0,0,0,10734,0,0,0,0,0,0,0,0,0,0,0,0,0,0,0,0,0,2280,26247,10915,0,0,0,0,10734,0,0,0,0,0,0,0,0,0,0,0,0,0,0,0,0,0,2280,TCGA-GM-A3XL-DX1_xmin29910_ymin15820_MPP-0.2500+209
0,0,0,439,0,0,0,0,0,0,0,0,0,0,0,304,0,0,49433,0,0,0,0,0,0,0,0,0,439,0,0,0,0,0,0,0,0,0,0,0,336,0,0,49401,0,0,0,0,0,0,0,0,0,439,0,0,0,0,0,0,0,0,0,0,0,112,0,0,49625,0,0,0,0,0,0,TCGA-GM-A3XL-DX1_xmin29910_ymin15820_MPP-0.2500+21
35647,1304,0,0,0,830,10357,0,0,0,0,0,0,0,0,0,0,0,0,0,0,0,0,0,2038,35643,1308,0,0,0,851,10336,0,0,0,0,0,0,0,0,0,0,0,0,0,0,0,0,0,2038,35643,1308,0,0,0,979,10208,0,0,0,0,0,0,0,0,0,0,0,0,0,0,0,0,0,2038,TCGA-GM-A3XL-DX1_xmin29910_ymin15820_MPP-0.2500+210
44396,0,0,0,0,3441,0,0,0,0,0,0,0,0,0,0,0,0,0,0,0,0,0,0,2339,44396,0,0,0,0,3441,0,0,0,0,0,0,0,0,0,0,0,0,0,0,0,0,0,0,2339,44396,0,0,0,0,3441,0,0,0,0,0,0,0,0,0,0,0,0,0,0,0,0,0,0,2339,TCGA-GM-A3XL-DX1_xmin29910_ymin15820_MPP-0.2500+211
47944,0,0,0,0,2232,0,0,0,0,0,0,0,0,0,0,0,0,0,0,0,0,0,0,0,47944,0,0,0,0,2232,0,0,0,0,0,0,0,0,0,0,0,0,0,0,0,0,0,0,0,47944,0,0,0,0,2232,0,0,0,0,0,0,0,0,0,0,0,0,0,0,0,0,0,0,0,TCGA-GM-A3XL-DX1_xmin29910_ymin15820_MPP-0.2500+212
47977,0,0,0,0,2199,0,0,0,0,0,0,0,0,0,0,0,0,0,0,0,0,0,0,0,47977,0,0,0,0,2199,0,0,0,0,0,0,0,0,0,0,0,0,0,0,0,0,0,0,0,47977,0,0,0,0,2199,0,0,0,0,0,0,0,0,0,0,0,0,0,0,0,0,0,0,0,TCGA-GM-A3XL-DX1_xmin29910_ymin15820_MPP-0.2500+213
0,0,0,0,0,6161,0,2369,0,0,5791,0,35855,0,0,0,0,0,0,0,0,0,0,0,0,0,0,0,0,0,6371,0,2159,0,0,6893,0,34753,0,0,0,0,0,0,0,0,0,0,0,0,0,0,0,0,0,5890,0,2640,0,0,6126,0,35520,0,0,0,0,0,0,0,0,0,0,0,0,TCGA-GM-A3XL-DX1_xmin29910_ymin15820_MPP-0.2500+214
0,0,0,0,0,0,29499,0,0,0,0,20677,0,0,0,0,0,0,0,0,0,0,0,0,0,0,0,0,0,0,0,29499,0,0,0,0,20677,0,0,0,0,0,0,0,0,0,0,0,0,0,0,0,0,0,0,0,29499,0,0,0,0,20677,0,0,0,0,0,0,0,0,0,0,0,0,0,TCGA-GM-A3XL-DX1_xmin29910_ymin15820_MPP-0.2500+215
0,0,0,0,0,0,33263,1183,0,0,0,1319,14411,0,0,0,0,0,0,0,0,0,0,0,0,0,0,0,0,0,0,33360,1086,0,0,0,1606,14124,0,0,0,0,0,0,0,0,0,0,0,0,0,0,0,0,0,0,33303,1143,0,0,0,1432,14298,0,0,0,0,0,0,0,0,0,0,0,0,TCGA-GM-A3XL-DX1_xmin29910_ymin15820_MPP-0.2500+216
0,0,0,0,0,0,38242,0,0,0,0,11934,0,0,0,0,0,0,0,0,0,0,0,0,0,0,0,0,0,0,0,38242,0,0,0,0,11934,0,0,0,0,0,0,0,0,0,0,0,0,0,0,0,0,0,0,0,38242,0,0,0,0,11934,0,0,0,0,0,0,0,0,0,0,0,0,0,TCGA-GM-A3XL-DX1_xmin29910_ymin15820_MPP-0.2500+217
0,0,0,0,0,0,43022,0,0,0,0,7154,0,0,0,0,0,0,0,0,0,0,0,0,0,0,0,0,0,0,0,43022,0,0,0,0,7154,0,0,0,0,0,0,0,0,0,0,0,0,0,0,0,0,0,0,0,43022,0,0,0,0,7154,0,0,0,0,0,0,0,0,0,0,0,0,0,TCGA-GM-A3XL-DX1_xmin29910_ymin15820_MPP-0.2500+218
0,0,0,0,0,0,39320,0,0,0,0,10856,0,0,0,0,0,0,0,0,0,0,0,0,0,0,0,0,0,0,0,39320,0,0,0,0,10856,0,0,0,0,0,0,0,0,0,0,0,0,0,0,0,0,0,0,0,39320,0,0,0,0,10856,0,0,0,0,0,0,0,0,0,0,0,0,0,TCGA-GM-A3XL-DX1_xmin29910_ymin15820_MPP-0.2500+219
37002,0,0,3306,0,0,0,0,3,0,0,0,0,0,0,2347,0,0,7518,0,0,0,0,0,0,33656,0,0,6652,0,0,0,0,3,0,0,0,0,0,0,1946,0,0,7919,0,0,0,0,0,0,37339,0,0,2969,0,2,0,0,1,0,0,0,0,0,0,2483,0,0,7382,0,0,0,0,0,0,TCGA-GM-A3XL-DX1_xmin29910_ymin15820_MPP-0.2500+22
0,0,0,0,0,0,46317,0,0,0,0,3859,0,0,0,0,0,0,0,0,0,0,0,0,0,0,0,0,0,0,0,46317,0,0,0,0,3859,0,0,0,0,0,0,0,0,0,0,0,0,0,0,0,0,0,0,0,46317,0,0,0,0,3859,0,0,0,0,0,0,0,0,0,0,0,0,0,TCGA-GM-A3XL-DX1_xmin29910_ymin15820_MPP-0.2500+220
0,0,0,0,0,0,44487,0,0,0,0,5689,0,0,0,0,0,0,0,0,0,0,0,0,0,0,0,0,0,0,0,44487,0,0,0,0,5689,0,0,0,0,0,0,0,0,0,0,0,0,0,0,0,0,0,0,0,44487,0,0,0,0,5689,0,0,0,0,0,0,0,0,0,0,0,0,0,TCGA-GM-A3XL-DX1_xmin29910_ymin15820_MPP-0.2500+221
0,445,0,0,0,0,47504,0,0,0,0,2227,0,0,0,0,0,0,0,0,0,0,0,0,0,0,445,0,0,0,0,47504,0,0,0,0,2227,0,0,0,0,0,0,0,0,0,0,0,0,0,0,445,0,0,0,0,47504,0,0,0,0,2227,0,0,0,0,0,0,0,0,0,0,0,0,0,TCGA-GM-A3XL-DX1_xmin29910_ymin15820_MPP-0.2500+222
0,9916,0,0,0,0,40260,0,0,0,0,0,0,0,0,0,0,0,0,0,0,0,0,0,0,0,9916,0,0,0,0,40260,0,0,0,0,0,0,0,0,0,0,0,0,0,0,0,0,0,0,0,9916,0,0,0,0,40260,0,0,0,0,0,0,0,0,0,0,0,0,0,0,0,0,0,0,TCGA-GM-A3XL-DX1_xmin29910_ymin15820_MPP-0.2500+223
0,1290,0,0,0,0,46328,0,0,0,0,1338,0,0,0,0,0,0,0,0,0,0,0,0,1220,0,1290,0,0,0,0,46328,0,0,0,0,1338,0,0,0,0,0,0,0,0,0,0,0,0,1220,0,1290,0,0,0,0,46328,0,0,0,0,1338,0,0,0,0,0,0,0,0,0,0,0,0,1220,TCGA-GM-A3XL-DX1_xmin29910_ymin15820_MPP-0.2500+224
3563,2212,0,0,0,1423,42926,0,0,0,0,52,0,0,0,0,0,0,0,0,0,0,0,0,0,3513,2262,0,0,0,1330,43019,0,0,0,0,52,0,0,0,0,0,0,0,0,0,0,0,0,0,3588,2187,0,0,0,1625,42724,0,0,0,0,52,0,0,0,0,0,0,0,0,0,0,0,0,0,TCGA-GM-A3XL-DX1_xmin29910_ymin15820_MPP-0.2500+225
0,0,0,0,0,0,0,0,0,0,0,0,49937,0,0,0,0,0,0,0,0,0,0,0,239,0,0,0,0,0,0,0,0,0,0,4,0,49933,0,0,0,0,0,0,0,0,0,0,0,239,0,0,0,0,0,0,0,0,0,0,0,0,49937,0,0,0,0,0,0,0,0,0,0,0,239,TCGA-GM-A3XL-DX1_xmin29910_ymin15820_MPP-0.2500+226
0,0,0,0,0,0,0,0,0,0,32,0,50144,0,0,0,0,0,0,0,0,0,0,0,0,0,0,0,0,0,0,0,0,0,0,32,0,50144,0,0,0,0,0,0,0,0,0,0,0,0,0,0,0,0,0,0,0,0,0,0,32,0,50144,0,0,0,0,0,0,0,0,0,0,0,0,TCGA-GM-A3XL-DX1_xmin29910_ymin15820_MPP-0.2500+227
0,0,0,0,0,0,1450,0,0,0,0,14530,34196,0,0,0,0,0,0,0,0,0,0,0,0,0,0,0,0,0,0,1450,0,0,0,0,14837,33889,0,0,0,0,0,0,0,0,0,0,0,0,0,0,0,0,0,0,1450,0,0,0,0,14866,33860,0,0,0,0,0,0,0,0,0,0,0,0,TCGA-GM-A3XL-DX1_xmin29910_ymin15820_MPP-0.2500+228
0,0,0,0,0,0,2435,268,0,0,0,20109,27364,0,0,0,0,0,0,0,0,0,0,0,0,0,0,0,0,0,0,2435,268,0,0,0,20027,27446,0,0,0,0,0,0,0,0,0,0,0,0,0,0,0,0,0,0,2435,268,0,0,0,19332,28141,0,0,0,0,0,0,0,0,0,0,0,0,TCGA-GM-A3XL-DX1_xmin29910_ymin15820_MPP-0.2500+229
50176,0,0,0,0,0,0,0,0,0,0,0,0,0,0,0,0,0,0,0,0,0,0,0,0,50176,0,0,0,0,0,0,0,0,0,0,0,0,0,0,0,0,0,0,0,0,0,0,0,0,50176,0,0,0,0,0,0,0,0,0,0,0,0,0,0,0,0,0,0,0,0,0,0,0,0,TCGA-GM-A3XL-DX1_xmin29910_ymin15820_MPP-0.2500+23
0,0,0,0,0,0,7424,3087,0,0,0,21322,18343,0,0,0,0,0,0,0,0,0,0,0,0,0,0,0,0,0,0,7279,3232,0,0,0,21315,18350,0,0,0,0,0,0,0,0,0,0,0,0,0,0,0,0,0,0,7547,2964,0,0,0,21781,17884,0,0,0,0,0,0,0,0,0,0,0,0,TCGA-GM-A3XL-DX1_xmin29910_ymin15820_MPP-0.2500+230
0,4704,282,0,0,0,7911,1599,0,0,0,13272,22408,0,0,0,0,0,0,0,0,0,0,0,0,0,4753,233,0,0,0,7895,1615,0,0,0,13065,22615,0,0,0,0,0,0,0,0,0,0,0,0,0,4715,271,0,0,0,8015,1495,0,0,0,13801,21879,0,0,0,0,0,0,0,0,0,0,0,0,TCGA-GM-A3XL-DX1_xmin29910_ymin15820_MPP-0.2500+231
4656,0,8455,0,0,0,0,1458,0,0,0,0,35607,0,0,0,0,0,0,0,0,0,0,0,0,4368,0,8743,0,0,0,0,1458,0,0,0,0,35607,0,0,0,0,0,0,0,0,0,0,0,0,4720,0,8391,0,0,0,0,1458,0,0,0,0,35607,0,0,0,0,0,0,0,0,0,0,0,0,TCGA-GM-A3XL-DX1_xmin29910_ymin15820_MPP-0.2500+232
262,0,594,0,0,138,0,801,0,0,1424,0,46957,0,0,0,0,0,0,0,0,0,0,0,0,137,0,719,0,0,135,0,804,0,0,1424,0,46957,0,0,0,0,0,0,0,0,0,0,0,0,137,0,719,0,0,135,0,804,0,0,1296,0,47085,0,0,0,0,0,0,0,0,0,0,0,0,TCGA-GM-A3XL-DX1_xmin29910_ymin15820_MPP-0.2500+233
0,0,0,0,0,0,0,0,0,0,1024,0,47680,0,0,0,0,0,0,0,0,0,0,0,1472,0,0,0,0,0,0,0,0,0,0,800,0,47904,0,0,0,0,0,0,0,0,0,0,0,1472,0,0,0,0,0,0,0,0,0,0,544,0,48160,0,0,0,0,0,0,0,0,0,0,0,1472,TCGA-GM-A3XL-DX1_xmin29910_ymin15820_MPP-0.2500+234
0,0,0,0,0,0,0,0,0,0,0,0,50176,0,0,0,0,0,0,0,0,0,0,0,0,0,0,0,0,0,0,0,0,0,0,0,0,50176,0,0,0,0,0,0,0,0,0,0,0,0,0,0,0,0,0,0,0,0,0,0,0,0,50176,0,0,0,0,0,0,0,0,0,0,0,0,TCGA-GM-A3XL-DX1_xmin29910_ymin15820_MPP-0.2500+235
0,0,0,0,0,0,3132,181,0,0,0,18363,23405,0,0,0,0,0,0,0,0,0,0,0,5095,0,0,0,0,0,0,3133,180,0,0,0,17644,24124,0,0,0,0,0,0,0,0,0,0,0,5095,0,0,0,0,0,0,3134,179,0,0,0,18184,23584,0,0,0,0,0,0,0,0,0,0,0,5095,TCGA-GM-A3XL-DX1_xmin29910_ymin15820_MPP-0.2500+236
0,0,0,0,0,0,0,306,0,0,0,0,49629,0,0,0,0,0,0,0,0,0,0,0,241,0,0,0,0,0,0,0,306,0,0,0,0,49629,0,0,0,0,0,0,0,0,0,0,0,241,0,0,0,0,0,0,0,306,0,0,0,0,49629,0,0,0,0,0,0,0,0,0,0,0,241,TCGA-GM-A3XL-DX1_xmin29910_ymin15820_MPP-0.2500+237
0,0,0,0,0,0,0,0,0,0,1424,0,48752,0,0,0,0,0,0,0,0,0,0,0,0,0,0,0,0,0,0,0,0,0,0,1392,0,48784,0,0,0,0,0,0,0,0,0,0,0,0,0,0,0,0,0,0,0,0,0,0,1424,0,48752,0,0,0,0,0,0,0,0,0,0,0,0,TCGA-GM-A3XL-DX1_xmin29910_ymin15820_MPP-0.2500+238
50176,0,0,0,0,0,0,0,0,0,0,0,0,0,0,0,0,0,0,0,0,0,0,0,0,50176,0,0,0,0,0,0,0,0,0,0,0,0,0,0,0,0,0,0,0,0,0,0,0,0,50176,0,0,0,0,0,0,0,0,0,0,0,0,0,0,0,0,0,0,0,0,0,0,0,0,TCGA-GM-A3XL-DX1_xmin29910_ymin15820_MPP-0.2500+24
50162,0,0,0,0,0,0,0,0,0,0,0,0,0,0,0,0,0,0,0,0,0,0,0,14,50162,0,0,0,0,0,0,0,0,0,0,0,0,0,0,0,0,0,0,0,0,0,0,0,14,50162,0,0,0,0,0,0,0,0,0,0,0,0,0,0,0,0,0,0,0,0,0,0,0,14,TCGA-GM-A3XL-DX1_xmin29910_ymin15820_MPP-0.2500+25
0,34195,0,0,0,0,156,0,0,0,0,0,0,0,0,0,0,0,0,0,0,0,0,0,15825,0,34195,0,0,0,0,156,0,0,0,0,0,0,0,0,0,0,0,0,0,0,0,0,0,15825,0,34195,0,0,0,0,156,0,0,0,0,0,0,0,0,0,0,0,0,0,0,0,0,0,15825,TCGA-GM-A3XL-DX1_xmin29910_ymin15820_MPP-0.2500+26
21962,5922,0,0,0,363,235,0,0,0,0,0,0,0,0,0,0,0,0,0,0,0,0,0,21694,22178,5706,0,0,0,363,235,0,0,0,0,0,0,0,0,0,0,0,0,0,0,0,0,0,21694,22802,5082,0,0,0,363,235,0,0,0,0,0,0,0,0,0,0,0,0,0,0,0,0,0,21694,TCGA-GM-A3XL-DX1_xmin29910_ymin15820_MPP-0.2500+27
29796,8082,0,0,0,0,2957,0,0,0,0,0,0,0,0,0,0,0,0,0,0,0,0,0,9341,37878,0,0,0,0,2957,0,0,0,0,0,0,0,0,0,0,0,0,0,0,0,0,0,0,9341,30221,7657,0,0,0,0,2957,0,0,0,0,0,0,0,0,0,0,0,0,0,0,0,0,0,9341,TCGA-GM-A3XL-DX1_xmin29910_ymin15820_MPP-0.2500+28
0,0,0,0,0,0,0,0,320,0,0,0,0,0,0,4528,0,0,45208,0,0,0,0,0,120,0,0,0,0,0,0,0,0,320,0,0,0,0,0,0,4208,0,0,45528,0,0,0,0,0,120,0,0,0,0,0,0,0,0,320,0,0,0,0,0,0,4528,0,0,45208,0,0,0,0,0,120,TCGA-GM-A3XL-DX1_xmin29910_ymin15820_MPP-0.2500+29
0,0,0,0,0,12,0,0,410,0,0,0,0,0,0,3892,0,0,44999,0,0,0,0,0,863,0,0,0,0,0,12,0,0,410,0,0,0,0,0,0,3892,0,0,44999,0,0,0,0,0,863,0,0,0,0,0,12,0,0,410,0,0,0,0,0,0,4116,0,0,44775,0,0,0,0,0,863,TCGA-GM-A3XL-DX1_xmin29910_ymin15820_MPP-0.2500+3
0,0,0,0,0,0,0,0,1444,0,0,0,0,0,0,4,0,0,48223,0,0,0,0,0,505,0,0,0,0,0,0,0,0,1444,0,0,0,0,0,0,0,0,0,48227,0,0,0,0,0,505,0,0,0,0,0,0,0,0,1444,0,0,0,0,0,0,32,0,0,48195,0,0,0,0,0,505,TCGA-GM-A3XL-DX1_xmin29910_ymin15820_MPP-0.2500+30
0,0,0,0,0,0,0,0,0,0,0,0,0,0,0,0,0,0,50176,0,0,0,0,0,0,0,0,0,0,0,0,0,0,0,0,0,0,0,0,0,16,0,0,50160,0,0,0,0,0,0,0,0,0,0,0,0,0,0,0,0,0,0,0,0,0,16,0,0,50160,0,0,0,0,0,0,TCGA-GM-A3XL-DX1_xmin29910_ymin15820_MPP-0.2500+31
0,0,0,0,0,0,0,0,0,0,0,0,0,0,0,0,0,0,50176,0,0,0,0,0,0,0,0,0,0,0,0,0,0,0,0,0,0,0,0,0,0,0,0,50176,0,0,0,0,0,0,0,0,0,0,0,0,0,0,0,0,0,0,0,0,0,0,0,0,50176,0,0,0,0,0,0,TCGA-GM-A3XL-DX1_xmin29910_ymin15820_MPP-0.2500+32
33918,0,0,2180,0,0,0,0,0,0,0,0,0,0,0,1227,0,0,12851,0,0,0,0,0,0,33500,0,0,2598,0,0,0,0,0,0,0,0,0,0,0,1146,0,0,12932,0,0,0,0,0,0,33993,0,0,2105,0,0,0,0,0,0,0,0,0,0,0,1298,0,0,12780,0,0,0,0,0,0,TCGA-GM-A3XL-DX1_xmin29910_ymin15820_MPP-0.2500+33
50176,0,0,0,0,0,0,0,0,0,0,0,0,0,0,0,0,0,0,0,0,0,0,0,0,50176,0,0,0,0,0,0,0,0,0,0,0,0,0,0,0,0,0,0,0,0,0,0,0,0,50176,0,0,0,0,0,0,0,0,0,0,0,0,0,0,0,0,0,0,0,0,0,0,0,0,TCGA-GM-A3XL-DX1_xmin29910_ymin15820_MPP-0.2500+34
50176,0,0,0,0,0,0,0,0,0,0,0,0,0,0,0,0,0,0,0,0,0,0,0,0,50176,0,0,0,0,0,0,0,0,0,0,0,0,0,0,0,0,0,0,0,0,0,0,0,0,50176,0,0,0,0,0,0,0,0,0,0,0,0,0,0,0,0,0,0,0,0,0,0,0,0,TCGA-GM-A3XL-DX1_xmin29910_ymin15820_MPP-0.2500+35
18958,8726,0,0,0,2,46,0,0,0,0,0,0,0,0,0,0,0,0,0,0,0,0,0,22444,18864,8820,0,0,0,1,47,0,0,0,0,0,0,0,0,0,0,0,0,0,0,0,0,0,22444,19178,8506,0,0,0,2,46,0,0,0,0,0,0,0,0,0,0,0,0,0,0,0,0,0,22444,TCGA-GM-A3XL-DX1_xmin29910_ymin15820_MPP-0.2500+36
25683,8303,0,0,0,0,137,0,0,0,0,0,0,0,0,0,0,0,0,0,0,0,0,0,16053,25702,8284,0,0,0,1,136,0,0,0,0,0,0,0,0,0,0,0,0,0,0,0,0,0,16053,25949,8037,0,0,0,1,136,0,0,0,0,0,0,0,0,0,0,0,0,0,0,0,0,0,16053,TCGA-GM-A3XL-DX1_xmin29910_ymin15820_MPP-0.2500+37
3541,0,0,0,0,0,0,0,0,0,0,0,0,0,0,0,0,0,0,0,0,0,0,0,46635,3541,0,0,0,0,0,0,0,0,0,0,0,0,0,0,0,0,0,0,0,0,0,0,0,46635,3541,0,0,0,0,0,0,0,0,0,0,0,0,0,0,0,0,0,0,0,0,0,0,0,46635,TCGA-GM-A3XL-DX1_xmin29910_ymin15820_MPP-0.2500+38
0,0,0,0,0,0,0,0,0,0,0,0,0,0,0,320,0,0,49856,0,0,0,0,0,0,0,0,0,0,0,0,0,0,0,0,0,0,0,0,0,288,0,0,49888,0,0,0,0,0,0,0,0,0,0,0,0,0,0,0,0,0,0,0,0,0,352,0,0,49824,0,0,0,0,0,0,TCGA-GM-A3XL-DX1_xmin29910_ymin15820_MPP-0.2500+39
0,0,0,0,0,0,0,0,0,0,0,0,0,0,0,0,0,0,50176,0,0,0,0,0,0,0,0,0,0,0,0,0,0,0,0,0,0,0,0,0,0,0,0,50176,0,0,0,0,0,0,0,0,0,0,0,0,0,0,0,0,0,0,0,0,0,0,0,0,50176,0,0,0,0,0,0,TCGA-GM-A3XL-DX1_xmin29910_ymin15820_MPP-0.2500+4
0,0,0,0,0,0,0,0,0,0,0,0,0,0,0,128,0,0,50048,0,0,0,0,0,0,0,0,0,0,0,0,0,0,0,0,0,0,0,0,0,4,0,0,50172,0,0,0,0,0,0,0,0,0,0,0,0,0,0,0,0,0,0,0,0,0,128,0,0,50048,0,0,0,0,0,0,TCGA-GM-A3XL-DX1_xmin29910_ymin15820_MPP-0.2500+40
0,0,0,0,0,0,0,0,0,0,0,0,0,0,0,512,0,0,49664,0,0,0,0,0,0,0,0,0,0,0,0,0,0,0,0,0,0,0,0,0,256,0,0,49920,0,0,0,0,0,0,0,0,0,0,0,0,0,0,0,0,0,0,0,0,0,512,0,0,49664,0,0,0,0,0,0,TCGA-GM-A3XL-DX1_xmin29910_ymin15820_MPP-0.2500+41
0,0,0,0,0,0,0,0,0,0,0,0,0,0,0,16,0,0,50160,0,0,0,0,0,0,0,0,0,0,0,0,0,0,0,0,0,0,0,0,0,16,0,0,50160,0,0,0,0,0,0,0,0,0,0,0,0,0,0,0,0,0,0,0,0,0,0,0,0,50176,0,0,0,0,0,0,TCGA-GM-A3XL-DX1_xmin29910_ymin15820_MPP-0.2500+42
28410,0,0,2877,0,0,0,0,1401,0,0,0,0,0,0,0,0,0,16355,0,0,0,0,0,1133,27290,0,0,3997,0,0,0,0,1401,0,0,0,0,0,0,0,0,0,16355,0,0,0,0,0,1133,28592,0,0,2695,0,0,0,0,1401,0,0,0,0,0,0,0,0,0,16355,0,0,0,0,0,1133,TCGA-GM-A3XL-DX1_xmin29910_ymin15820_MPP-0.2500+43
50176,0,0,0,0,0,0,0,0,0,0,0,0,0,0,0,0,0,0,0,0,0,0,0,0,50176,0,0,0,0,0,0,0,0,0,0,0,0,0,0,0,0,0,0,0,0,0,0,0,0,50176,0,0,0,0,0,0,0,0,0,0,0,0,0,0,0,0,0,0,0,0,0,0,0,0,TCGA-GM-A3XL-DX1_xmin29910_ymin15820_MPP-0.2500+44
37363,8392,0,0,0,0,676,0,0,0,0,0,0,0,0,0,0,0,0,0,0,0,0,0,3745,38304,7451,0,0,0,0,676,0,0,0,0,0,0,0,0,0,0,0,0,0,0,0,0,0,3745,38264,7491,0,0,0,0,676,0,0,0,0,0,0,0,0,0,0,0,0,0,0,0,0,0,3745,TCGA-GM-A3XL-DX1_xmin29910_ymin15820_MPP-0.2500+45
42262,1887,0,0,0,0,20,0,0,0,0,0,0,0,0,0,0,0,0,0,0,0,0,0,6007,42225,1924,0,0,0,0,20,0,0,0,0,0,0,0,0,0,0,0,0,0,0,0,0,0,6007,42323,1826,0,0,0,0,20,0,0,0,0,0,0,0,0,0,0,0,0,0,0,0,0,0,6007,TCGA-GM-A3XL-DX1_xmin29910_ymin15820_MPP-0.2500+46
50176,0,0,0,0,0,0,0,0,0,0,0,0,0,0,0,0,0,0,0,0,0,0,0,0,50176,0,0,0,0,0,0,0,0,0,0,0,0,0,0,0,0,0,0,0,0,0,0,0,0,50176,0,0,0,0,0,0,0,0,0,0,0,0,0,0,0,0,0,0,0,0,0,0,0,0,TCGA-GM-A3XL-DX1_xmin29910_ymin15820_MPP-0.2500+47
34515,0,0,0,0,0,0,0,0,0,0,0,0,0,0,0,0,0,0,0,0,0,0,0,15661,34515,0,0,0,0,0,0,0,0,0,0,0,0,0,0,0,0,0,0,0,0,0,0,0,15661,34515,0,0,0,0,0,0,0,0,0,0,0,0,0,0,0,0,0,0,0,0,0,0,0,15661,TCGA-GM-A3XL-DX1_xmin29910_ymin15820_MPP-0.2500+48
20356,0,0,0,0,183,0,0,0,0,0,0,0,0,0,0,0,0,0,0,0,0,0,0,29637,20356,0,0,0,0,183,0,0,0,0,0,0,0,0,0,0,0,0,0,0,0,0,0,0,29637,20356,0,0,0,0,183,0,0,0,0,0,0,0,0,0,0,0,0,0,0,0,0,0,0,29637,TCGA-GM-A3XL-DX1_xmin29910_ymin15820_MPP-0.2500+49
0,0,0,0,0,0,0,0,0,0,0,0,0,0,0,16,0,0,50160,0,0,0,0,0,0,0,0,0,0,0,0,0,0,0,0,0,0,0,0,0,16,0,0,50160,0,0,0,0,0,0,0,0,0,0,0,0,0,0,0,0,0,0,0,0,0,16,0,0,50160,0,0,0,0,0,0,TCGA-GM-A3XL-DX1_xmin29910_ymin15820_MPP-0.2500+5
45742,0,0,0,0,1516,0,0,0,0,0,0,0,0,0,1155,0,0,0,0,0,0,0,0,1763,45742,0,0,0,0,1516,0,0,0,0,0,0,0,0,0,1155,0,0,0,0,0,0,0,0,1763,45742,0,0,0,0,1516,0,0,0,0,0,0,0,0,0,1155,0,0,0,0,0,0,0,0,1763,TCGA-GM-A3XL-DX1_xmin29910_ymin15820_MPP-0.2500+50
30821,0,0,787,0,1256,0,0,2759,0,0,0,0,0,0,0,0,0,8122,0,0,0,0,0,6431,31150,0,0,458,0,1345,0,0,2670,0,0,0,0,0,0,0,0,0,8122,0,0,0,0,0,6431,30996,0,0,612,0,1301,0,0,2714,0,0,0,0,0,0,0,0,0,8122,0,0,0,0,0,6431,TCGA-GM-A3XL-DX1_xmin29910_ymin15820_MPP-0.2500+51
10494,0,0,0,0,1633,0,0,82,0,0,0,0,0,0,2993,0,0,23109,0,0,0,0,0,11865,10494,0,0,0,0,1715,0,0,0,0,0,0,0,0,0,2345,0,0,23757,0,0,0,0,0,11865,10494,0,0,0,0,1698,0,0,17,0,0,0,0,0,0,3082,0,0,23020,0,0,0,0,0,11865,TCGA-GM-A3XL-DX1_xmin29910_ymin15820_MPP-0.2500+52
0,0,0,0,0,0,0,0,0,0,0,0,0,0,0,1008,0,0,48168,0,0,0,0,0,1000,0,0,0,0,0,0,0,0,0,0,0,0,0,0,0,496,0,0,48680,0,0,0,0,0,1000,0,0,0,0,0,0,0,0,0,0,0,0,0,0,0,848,0,0,48328,0,0,0,0,0,1000,TCGA-GM-A3XL-DX1_xmin29910_ymin15820_MPP-0.2500+53
0,0,0,0,0,0,0,0,0,0,0,0,0,0,0,976,0,0,49200,0,0,0,0,0,0,0,0,0,0,0,0,0,0,0,0,0,0,0,0,0,848,0,0,49328,0,0,0,0,0,0,0,0,0,0,0,0,0,0,0,0,0,0,0,0,0,976,0,0,49200,0,0,0,0,0,0,TCGA-GM-A3XL-DX1_xmin29910_ymin15820_MPP-0.2500+54
13805,0,0,1229,0,780,0,0,666,0,0,0,0,0,0,1564,0,0,31647,0,0,0,0,0,485,13903,0,0,1131,0,832,0,0,614,0,0,0,0,0,0,1353,0,0,31858,0,0,0,0,0,485,13812,0,0,1222,0,773,0,0,673,0,0,0,0,0,0,1713,0,0,31498,0,0,0,0,0,485,TCGA-GM-A3XL-DX1_xmin29910_ymin15820_MPP-0.2500+55
50176,0,0,0,0,0,0,0,0,0,0,0,0,0,0,0,0,0,0,0,0,0,0,0,0,50176,0,0,0,0,0,0,0,0,0,0,0,0,0,0,0,0,0,0,0,0,0,0,0,0,50176,0,0,0,0,0,0,0,0,0,0,0,0,0,0,0,0,0,0,0,0,0,0,0,0,TCGA-GM-A3XL-DX1_xmin29910_ymin15820_MPP-0.2500+56
50176,0,0,0,0,0,0,0,0,0,0,0,0,0,0,0,0,0,0,0,0,0,0,0,0,50176,0,0,0,0,0,0,0,0,0,0,0,0,0,0,0,0,0,0,0,0,0,0,0,0,50176,0,0,0,0,0,0,0,0,0,0,0,0,0,0,0,0,0,0,0,0,0,0,0,0,TCGA-GM-A3XL-DX1_xmin29910_ymin15820_MPP-0.2500+57
48420,0,0,0,0,1664,0,0,0,0,0,0,0,0,0,0,0,0,0,0,0,0,0,0,92,48420,0,0,0,0,1664,0,0,0,0,0,0,0,0,0,0,0,0,0,0,0,0,0,0,92,48420,0,0,0,0,1664,0,0,0,0,0,0,0,0,0,0,0,0,0,0,0,0,0,0,92,TCGA-GM-A3XL-DX1_xmin29910_ymin15820_MPP-0.2500+58
30974,0,0,0,0,6761,0,0,0,0,0,0,0,0,0,0,0,0,0,0,0,0,0,0,12441,30974,0,0,0,0,6761,0,0,0,0,0,0,0,0,0,0,0,0,0,0,0,0,0,0,12441,30974,0,0,0,0,6761,0,0,0,0,0,0,0,0,0,0,0,0,0,0,0,0,0,0,12441,TCGA-GM-A3XL-DX1_xmin29910_ymin15820_MPP-0.2500+59
27979,0,0,3979,0,1910,0,0,271,0,0,0,0,0,0,4540,0,0,11190,0,0,0,0,0,307,28408,0,0,3550,0,1892,0,0,289,0,0,0,0,0,0,3724,0,0,12006,0,0,0,0,0,307,31958,0,0,0,0,2181,0,0,0,0,0,0,0,0,0,15730,0,0,0,0,0,0,0,0,307,TCGA-GM-A3XL-DX1_xmin29910_ymin15820_MPP-0.2500+6
22531,7772,0,0,0,1023,14112,0,0,0,0,0,0,0,0,0,0,0,0,0,0,0,0,0,4738,22581,7722,0,0,0,1075,14060,0,0,0,0,0,0,0,0,0,0,0,0,0,0,0,0,0,4738,22680,7623,0,0,0,1178,13957,0,0,0,0,0,0,0,0,0,0,0,0,0,0,0,0,0,4738,TCGA-GM-A3XL-DX1_xmin29910_ymin15820_MPP-0.2500+60
33391,8823,0,0,0,3,7959,0,0,0,0,0,0,0,0,0,0,0,0,0,0,0,0,0,0,33209,9005,0,0,0,3,7959,0,0,0,0,0,0,0,0,0,0,0,0,0,0,0,0,0,0,34047,8167,0,0,0,7,7955,0,0,0,0,0,0,0,0,0,0,0,0,0,0,0,0,0,0,TCGA-GM-A3XL-DX1_xmin29910_ymin15820_MPP-0.2500+61
50176,0,0,0,0,0,0,0,0,0,0,0,0,0,0,0,0,0,0,0,0,0,0,0,0,50176,0,0,0,0,0,0,0,0,0,0,0,0,0,0,0,0,0,0,0,0,0,0,0,0,50176,0,0,0,0,0,0,0,0,0,0,0,0,0,0,0,0,0,0,0,0,0,0,0,0,TCGA-GM-A3XL-DX1_xmin29910_ymin15820_MPP-0.2500+62
50176,0,0,0,0,0,0,0,0,0,0,0,0,0,0,0,0,0,0,0,0,0,0,0,0,50176,0,0,0,0,0,0,0,0,0,0,0,0,0,0,0,0,0,0,0,0,0,0,0,0,50176,0,0,0,0,0,0,0,0,0,0,0,0,0,0,0,0,0,0,0,0,0,0,0,0,TCGA-GM-A3XL-DX1_xmin29910_ymin15820_MPP-0.2500+63
49557,0,0,0,0,409,0,0,0,0,0,0,0,0,0,0,0,0,0,0,0,0,0,0,210,49557,0,0,0,0,409,0,0,0,0,0,0,0,0,0,0,0,0,0,0,0,0,0,0,210,49557,0,0,0,0,409,0,0,0,0,0,0,0,0,0,0,0,0,0,0,0,0,0,0,210,TCGA-GM-A3XL-DX1_xmin29910_ymin15820_MPP-0.2500+64
14987,0,0,0,0,3809,0,0,0,0,0,0,0,0,0,812,0,0,15259,0,0,0,0,0,15309,14987,0,0,0,0,3809,0,0,0,0,0,0,0,0,0,364,0,0,15707,0,0,0,0,0,15309,14987,0,0,0,0,3809,0,0,0,0,0,0,0,0,0,1371,0,0,14700,0,0,0,0,0,15309,TCGA-GM-A3XL-DX1_xmin29910_ymin15820_MPP-0.2500+65
0,0,0,0,0,0,0,0,0,0,0,0,0,0,0,1008,0,0,48777,0,0,0,0,0,391,0,0,0,0,0,0,0,0,0,0,0,0,0,0,0,1600,0,0,48185,0,0,0,0,0,391,0,0,0,0,0,0,0,0,0,0,0,0,0,0,0,1040,0,0,48745,0,0,0,0,0,391,TCGA-GM-A3XL-DX1_xmin29910_ymin15820_MPP-0.2500+66
5089,0,0,3677,0,2,0,0,1137,0,0,0,0,0,0,125,0,0,40144,0,0,0,0,0,2,4480,0,0,4286,0,0,0,0,1139,0,0,0,0,0,0,0,0,0,40269,0,0,0,0,0,2,5334,0,0,3432,0,2,0,0,1137,0,0,0,0,0,0,264,0,0,40005,0,0,0,0,0,2,TCGA-GM-A3XL-DX1_xmin29910_ymin15820_MPP-0.2500+67
50176,0,0,0,0,0,0,0,0,0,0,0,0,0,0,0,0,0,0,0,0,0,0,0,0,50176,0,0,0,0,0,0,0,0,0,0,0,0,0,0,0,0,0,0,0,0,0,0,0,0,50176,0,0,0,0,0,0,0,0,0,0,0,0,0,0,0,0,0,0,0,0,0,0,0,0,TCGA-GM-A3XL-DX1_xmin29910_ymin15820_MPP-0.2500+68
50176,0,0,0,0,0,0,0,0,0,0,0,0,0,0,0,0,0,0,0,0,0,0,0,0,50176,0,0,0,0,0,0,0,0,0,0,0,0,0,0,0,0,0,0,0,0,0,0,0,0,50176,0,0,0,0,0,0,0,0,0,0,0,0,0,0,0,0,0,0,0,0,0,0,0,0,TCGA-GM-A3XL-DX1_xmin29910_ymin15820_MPP-0.2500+69
38380,6575,0,0,0,544,1490,0,0,0,0,0,0,0,0,0,0,0,0,0,0,0,0,0,3187,38167,6788,0,0,0,555,1479,0,0,0,0,0,0,0,0,0,0,0,0,0,0,0,0,0,3187,38141,6814,0,0,0,533,1501,0,0,0,0,0,0,0,0,0,0,0,0,0,0,0,0,0,3187,TCGA-GM-A3XL-DX1_xmin29910_ymin15820_MPP-0.2500+7
45422,0,0,0,0,603,0,0,0,0,0,0,0,0,0,0,0,0,0,0,0,0,0,0,4151,34984,10438,0,0,0,169,434,0,0,0,0,0,0,0,0,0,0,0,0,0,0,0,0,0,4151,45422,0,0,0,0,603,0,0,0,0,0,0,0,0,0,0,0,0,0,0,0,0,0,0,4151,TCGA-GM-A3XL-DX1_xmin29910_ymin15820_MPP-0.2500+70
0,0,0,136,0,0,0,0,383,0,0,0,0,0,0,0,0,0,0,0,0,0,0,0,49657,0,0,0,136,0,0,0,0,383,0,0,0,0,0,0,0,0,0,0,0,0,0,0,0,49657,0,0,0,136,0,0,0,0,383,0,0,0,0,0,0,0,0,0,0,0,0,0,0,0,49657,TCGA-GM-A3XL-DX1_xmin29910_ymin15820_MPP-0.2500+71
2415,0,0,305,0,1,0,0,26,0,0,0,0,0,0,0,0,0,0,0,0,0,0,0,47429,2352,0,0,368,0,1,0,0,26,0,0,0,0,0,0,0,0,0,0,0,0,0,0,0,47429,0,2720,0,0,0,0,27,0,0,0,0,0,0,0,0,0,0,0,0,0,0,0,0,0,47429,TCGA-GM-A3XL-DX1_xmin29910_ymin15820_MPP-0.2500+72
28026,1908,0,0,0,3160,13125,0,0,0,0,0,0,0,0,0,0,0,0,0,0,0,0,0,3957,28058,1876,0,0,0,3344,12941,0,0,0,0,0,0,0,0,0,0,0,0,0,0,0,0,0,3957,27981,1953,0,0,0,3327,12958,0,0,0,0,0,0,0,0,0,0,0,0,0,0,0,0,0,3957,TCGA-GM-A3XL-DX1_xmin29910_ymin15820_MPP-0.2500+73
50176,0,0,0,0,0,0,0,0,0,0,0,0,0,0,0,0,0,0,0,0,0,0,0,0,50176,0,0,0,0,0,0,0,0,0,0,0,0,0,0,0,0,0,0,0,0,0,0,0,0,50176,0,0,0,0,0,0,0,0,0,0,0,0,0,0,0,0,0,0,0,0,0,0,0,0,TCGA-GM-A3XL-DX1_xmin29910_ymin15820_MPP-0.2500+74
45784,0,0,0,0,1057,0,0,0,0,0,0,0,0,0,0,0,0,0,0,0,0,0,0,3335,45784,0,0,0,0,1057,0,0,0,0,0,0,0,0,0,0,0,0,0,0,0,0,0,0,3335,45784,0,0,0,0,1057,0,0,0,0,0,0,0,0,0,0,0,0,0,0,0,0,0,0,3335,TCGA-GM-A3XL-DX1_xmin29910_ymin15820_MPP-0.2500+75
50176,0,0,0,0,0,0,0,0,0,0,0,0,0,0,0,0,0,0,0,0,0,0,0,0,50176,0,0,0,0,0,0,0,0,0,0,0,0,0,0,0,0,0,0,0,0,0,0,0,0,50176,0,0,0,0,0,0,0,0,0,0,0,0,0,0,0,0,0,0,0,0,0,0,0,0,TCGA-GM-A3XL-DX1_xmin29910_ymin15820_MPP-0.2500+76
49921,0,0,0,0,1,0,0,0,0,0,0,0,0,0,0,0,0,0,0,0,0,0,0,254,49921,0,0,0,0,1,0,0,0,0,0,0,0,0,0,0,0,0,0,0,0,0,0,0,254,49921,0,0,0,0,1,0,0,0,0,0,0,0,0,0,0,0,0,0,0,0,0,0,0,254,TCGA-GM-A3XL-DX1_xmin29910_ymin15820_MPP-0.2500+77
35352,0,0,0,0,1761,0,0,0,0,0,0,0,0,0,8335,0,0,0,0,0,0,0,0,4728,35352,0,0,0,0,1761,0,0,0,0,0,0,0,0,0,8335,0,0,0,0,0,0,0,0,4728,35352,0,0,0,0,1761,0,0,0,0,0,0,0,0,0,8335,0,0,0,0,0,0,0,0,4728,TCGA-GM-A3XL-DX1_xmin29910_ymin15820_MPP-0.2500+78
13117,0,0,1185,0,1290,0,0,1395,0,0,0,0,0,0,10059,0,0,21923,0,0,0,0,0,1207,13276,0,0,1026,0,1308,0,0,1377,0,0,0,0,0,0,9859,0,0,22123,0,0,0,0,0,1207,13076,0,0,1226,0,1323,0,0,1362,0,0,0,0,0,0,10354,0,0,21628,0,0,0,0,0,1207,TCGA-GM-A3XL-DX1_xmin29910_ymin15820_MPP-0.2500+79
50154,0,0,0,0,22,0,0,0,0,0,0,0,0,0,0,0,0,0,0,0,0,0,0,0,50154,0,0,0,0,22,0,0,0,0,0,0,0,0,0,0,0,0,0,0,0,0,0,0,0,50154,0,0,0,0,22,0,0,0,0,0,0,0,0,0,0,0,0,0,0,0,0,0,0,0,TCGA-GM-A3XL-DX1_xmin29910_ymin15820_MPP-0.2500+8
45790,0,0,0,0,700,0,0,0,0,0,0,0,0,0,3686,0,0,0,0,0,0,0,0,0,45790,0,0,0,0,700,0,0,0,0,0,0,0,0,0,3686,0,0,0,0,0,0,0,0,0,45790,0,0,0,0,700,0,0,0,0,0,0,0,0,0,3686,0,0,0,0,0,0,0,0,0,TCGA-GM-A3XL-DX1_xmin29910_ymin15820_MPP-0.2500+80
50176,0,0,0,0,0,0,0,0,0,0,0,0,0,0,0,0,0,0,0,0,0,0,0,0,50176,0,0,0,0,0,0,0,0,0,0,0,0,0,0,0,0,0,0,0,0,0,0,0,0,50176,0,0,0,0,0,0,0,0,0,0,0,0,0,0,0,0,0,0,0,0,0,0,0,0,TCGA-GM-A3XL-DX1_xmin29910_ymin15820_MPP-0.2500+81
50176,0,0,0,0,0,0,0,0,0,0,0,0,0,0,0,0,0,0,0,0,0,0,0,0,50176,0,0,0,0,0,0,0,0,0,0,0,0,0,0,0,0,0,0,0,0,0,0,0,0,50176,0,0,0,0,0,0,0,0,0,0,0,0,0,0,0,0,0,0,0,0,0,0,0,0,TCGA-GM-A3XL-DX1_xmin29910_ymin15820_MPP-0.2500+82
19439,0,0,0,0,3336,0,0,0,0,0,0,0,0,0,0,0,0,0,0,0,0,0,0,27401,19439,0,0,0,0,3336,0,0,0,0,0,0,0,0,0,0,0,0,0,0,0,0,0,0,27401,19439,0,0,0,0,3336,0,0,0,0,0,0,0,0,0,0,0,0,0,0,0,0,0,0,27401,TCGA-GM-A3XL-DX1_xmin29910_ymin15820_MPP-0.2500+83
8087,0,0,0,0,944,0,0,0,0,0,0,0,0,0,0,0,0,0,0,0,0,0,0,41145,8087,0,0,0,0,944,0,0,0,0,0,0,0,0,0,0,0,0,0,0,0,0,0,0,41145,8087,0,0,0,0,944,0,0,0,0,0,0,0,0,0,0,0,0,0,0,0,0,0,0,41145,TCGA-GM-A3XL-DX1_xmin29910_ymin15820_MPP-0.2500+84
35780,0,0,0,0,12473,0,0,0,0,0,0,0,0,0,0,0,0,0,0,0,0,0,0,1923,35780,0,0,0,0,12473,0,0,0,0,0,0,0,0,0,0,0,0,0,0,0,0,0,0,1923,35780,0,0,0,0,12473,0,0,0,0,0,0,0,0,0,0,0,0,0,0,0,0,0,0,1923,TCGA-GM-A3XL-DX1_xmin29910_ymin15820_MPP-0.2500+85
32238,0,0,0,0,16062,0,0,0,0,0,0,0,0,0,0,0,0,0,0,0,0,0,0,1876,32238,0,0,0,0,16062,0,0,0,0,0,0,0,0,0,0,0,0,0,0,0,0,0,0,1876,32238,0,0,0,0,16062,0,0,0,0,0,0,0,0,0,0,0,0,0,0,0,0,0,0,1876,TCGA-GM-A3XL-DX1_xmin29910_ymin15820_MPP-0.2500+86
5415,2571,0,0,0,795,9988,0,0,0,0,0,0,0,0,0,0,0,0,0,0,0,0,0,31407,5481,2505,0,0,0,815,9968,0,0,0,0,0,0,0,0,0,0,0,0,0,0,0,0,0,31407,5360,2626,0,0,0,652,10131,0,0,0,0,0,0,0,0,0,0,0,0,0,0,0,0,0,31407,TCGA-GM-A3XL-DX1_xmin29910_ymin15820_MPP-0.2500+87
47111,0,0,0,0,3065,0,0,0,0,0,0,0,0,0,0,0,0,0,0,0,0,0,0,0,47111,0,0,0,0,3065,0,0,0,0,0,0,0,0,0,0,0,0,0,0,0,0,0,0,0,47111,0,0,0,0,3065,0,0,0,0,0,0,0,0,0,0,0,0,0,0,0,0,0,0,0,TCGA-GM-A3XL-DX1_xmin29910_ymin15820_MPP-0.2500+88
50176,0,0,0,0,0,0,0,0,0,0,0,0,0,0,0,0,0,0,0,0,0,0,0,0,50176,0,0,0,0,0,0,0,0,0,0,0,0,0,0,0,0,0,0,0,0,0,0,0,0,50176,0,0,0,0,0,0,0,0,0,0,0,0,0,0,0,0,0,0,0,0,0,0,0,0,TCGA-GM-A3XL-DX1_xmin29910_ymin15820_MPP-0.2500+89
0,0,0,91,0,0,0,0,1438,0,0,0,0,0,0,336,0,0,46650,0,0,0,0,0,1661,0,0,0,91,0,0,0,0,1438,0,0,0,0,0,0,560,0,0,46426,0,0,0,0,0,1661,0,0,0,91,0,0,0,0,1438,0,0,0,0,0,0,240,0,0,46746,0,0,0,0,0,1661,TCGA-GM-A3XL-DX1_xmin29910_ymin15820_MPP-0.2500+9
50176,0,0,0,0,0,0,0,0,0,0,0,0,0,0,0,0,0,0,0,0,0,0,0,0,50176,0,0,0,0,0,0,0,0,0,0,0,0,0,0,0,0,0,0,0,0,0,0,0,0,50176,0,0,0,0,0,0,0,0,0,0,0,0,0,0,0,0,0,0,0,0,0,0,0,0,TCGA-GM-A3XL-DX1_xmin29910_ymin15820_MPP-0.2500+90
49935,0,0,0,0,0,0,0,0,0,0,0,0,0,0,241,0,0,0,0,0,0,0,0,0,49935,0,0,0,0,0,0,0,0,0,0,0,0,0,0,241,0,0,0,0,0,0,0,0,0,49935,0,0,0,0,0,0,0,0,0,0,0,0,0,0,241,0,0,0,0,0,0,0,0,0,TCGA-GM-A3XL-DX1_xmin29910_ymin15820_MPP-0.2500+91
47043,0,0,0,0,5,0,0,0,0,0,0,0,0,0,3128,0,0,0,0,0,0,0,0,0,47043,0,0,0,0,5,0,0,0,0,0,0,0,0,0,3128,0,0,0,0,0,0,0,0,0,47043,0,0,0,0,5,0,0,0,0,0,0,0,0,0,3128,0,0,0,0,0,0,0,0,0,TCGA-GM-A3XL-DX1_xmin29910_ymin15820_MPP-0.2500+92
50176,0,0,0,0,0,0,0,0,0,0,0,0,0,0,0,0,0,0,0,0,0,0,0,0,50176,0,0,0,0,0,0,0,0,0,0,0,0,0,0,0,0,0,0,0,0,0,0,0,0,50176,0,0,0,0,0,0,0,0,0,0,0,0,0,0,0,0,0,0,0,0,0,0,0,0,TCGA-GM-A3XL-DX1_xmin29910_ymin15820_MPP-0.2500+93
50176,0,0,0,0,0,0,0,0,0,0,0,0,0,0,0,0,0,0,0,0,0,0,0,0,50176,0,0,0,0,0,0,0,0,0,0,0,0,0,0,0,0,0,0,0,0,0,0,0,0,50176,0,0,0,0,0,0,0,0,0,0,0,0,0,0,0,0,0,0,0,0,0,0,0,0,TCGA-GM-A3XL-DX1_xmin29910_ymin15820_MPP-0.2500+94
50176,0,0,0,0,0,0,0,0,0,0,0,0,0,0,0,0,0,0,0,0,0,0,0,0,50176,0,0,0,0,0,0,0,0,0,0,0,0,0,0,0,0,0,0,0,0,0,0,0,0,50176,0,0,0,0,0,0,0,0,0,0,0,0,0,0,0,0,0,0,0,0,0,0,0,0,TCGA-GM-A3XL-DX1_xmin29910_ymin15820_MPP-0.2500+95
50176,0,0,0,0,0,0,0,0,0,0,0,0,0,0,0,0,0,0,0,0,0,0,0,0,50176,0,0,0,0,0,0,0,0,0,0,0,0,0,0,0,0,0,0,0,0,0,0,0,0,50176,0,0,0,0,0,0,0,0,0,0,0,0,0,0,0,0,0,0,0,0,0,0,0,0,TCGA-GM-A3XL-DX1_xmin29910_ymin15820_MPP-0.2500+96
38462,0,0,0,0,11714,0,0,0,0,0,0,0,0,0,0,0,0,0,0,0,0,0,0,0,38462,0,0,0,0,11714,0,0,0,0,0,0,0,0,0,0,0,0,0,0,0,0,0,0,0,38462,0,0,0,0,11714,0,0,0,0,0,0,0,0,0,0,0,0,0,0,0,0,0,0,0,TCGA-GM-A3XL-DX1_xmin29910_ymin15820_MPP-0.2500+97
40310,525,0,0,0,3662,5679,0,0,0,0,0,0,0,0,0,0,0,0,0,0,0,0,0,0,40383,452,0,0,0,3769,5572,0,0,0,0,0,0,0,0,0,0,0,0,0,0,0,0,0,0,40266,569,0,0,0,3724,5617,0,0,0,0,0,0,0,0,0,0,0,0,0,0,0,0,0,0,TCGA-GM-A3XL-DX1_xmin29910_ymin15820_MPP-0.2500+98
128,4015,0,0,0,0,46033,0,0,0,0,0,0,0,0,0,0,0,0,0,0,0,0,0,0,0,4143,0,0,0,0,46033,0,0,0,0,0,0,0,0,0,0,0,0,0,0,0,0,0,0,0,4143,0,0,0,0,46033,0,0,0,0,0,0,0,0,0,0,0,0,0,0,0,0,0,0,TCGA-GM-A3XL-DX1_xmin29910_ymin15820_MPP-0.2500+99
0,0,0,0,0,0,10607,0,0,0,0,0,0,0,0,0,16936,22633,0,0,0,0,0,0,0,0,0,0,0,0,0,10607,0,0,0,0,0,0,0,0,0,18078,21491,0,0,0,0,0,0,0,0,0,0,0,0,0,10607,0,0,0,0,0,0,0,0,0,16713,22856,0,0,0,0,0,0,0,TCGA-HN-A2NL-DX1_xmin11931_ymin5764_MPP-0.2500+0
0,0,0,0,0,0,3581,495,0,0,0,0,0,0,0,0,15110,30990,0,0,0,0,0,0,0,0,0,0,0,0,0,3622,454,0,0,0,0,0,0,0,0,15791,30309,0,0,0,0,0,0,0,0,0,0,0,0,0,3635,441,0,0,0,0,0,0,0,0,14936,31164,0,0,0,0,0,0,0,TCGA-HN-A2NL-DX1_xmin11931_ymin5764_MPP-0.2500+1
18051,2932,0,0,0,5187,18390,0,0,0,0,0,0,0,0,2964,2652,0,0,0,0,0,0,0,0,17631,3352,0,0,0,4612,18965,0,0,0,0,0,0,0,0,2832,2784,0,0,0,0,0,0,0,0,18409,2574,0,0,0,5550,18027,0,0,0,0,0,0,0,0,2679,2937,0,0,0,0,0,0,0,0,TCGA-HN-A2NL-DX1_xmin11931_ymin5764_MPP-0.2500+10
7300,932,0,0,0,4224,18775,0,0,0,0,0,0,0,0,8722,10223,0,0,0,0,0,0,0,0,7005,1227,0,0,0,3650,19349,0,0,0,0,0,0,0,0,6928,12017,0,0,0,0,0,0,0,0,7141,1091,0,0,0,4545,18454,0,0,0,0,0,0,0,0,9915,9030,0,0,0,0,0,0,0,0,TCGA-HN-A2NL-DX1_xmin11931_ymin5764_MPP-0.2500+11
0,1310,0,0,0,0,732,308,0,0,0,0,0,0,0,0,35908,11918,0,0,0,0,0,0,0,0,1310,0,0,0,0,748,292,0,0,0,0,0,0,0,0,36329,11497,0,0,0,0,0,0,0,0,1310,0,0,0,0,744,296,0,0,0,0,0,0,0,0,35850,11976,0,0,0,0,0,0,0,TCGA-HN-A2NL-DX1_xmin11931_ymin5764_MPP-0.2500+12
0,0,0,0,0,0,0,0,0,0,0,0,0,0,0,0,26408,23768,0,0,0,0,0,0,0,0,0,0,0,0,0,0,0,0,0,0,0,0,0,0,0,27694,22482,0,0,0,0,0,0,0,0,0,0,0,0,0,0,0,0,0,0,0,0,0,0,0,26717,23459,0,0,0,0,0,0,0,TCGA-HN-A2NL-DX1_xmin11931_ymin5764_MPP-0.2500+13
0,0,0,0,0,0,0,0,0,0,0,0,0,0,0,1760,0,0,48416,0,0,0,0,0,0,0,0,0,0,0,0,0,0,0,0,0,0,0,0,0,1536,0,0,48640,0,0,0,0,0,0,0,0,0,0,0,0,0,0,0,0,0,0,0,0,0,1856,0,0,48320,0,0,0,0,0,0,TCGA-HN-A2NL-DX1_xmin11931_ymin5764_MPP-0.2500+14
0,0,0,0,0,0,0,0,0,0,0,0,0,0,0,13344,0,0,36832,0,0,0,0,0,0,0,0,0,0,0,0,0,0,0,0,0,0,0,0,0,0,0,23170,27006,0,0,0,0,0,0,0,0,0,0,0,0,0,0,0,0,0,0,0,0,0,0,0,22296,27880,0,0,0,0,0,0,TCGA-HN-A2NL-DX1_xmin11931_ymin5764_MPP-0.2500+15
0,0,0,0,0,0,44636,0,0,0,0,0,0,0,0,0,5540,0,0,0,0,0,0,0,0,0,0,0,0,0,0,44636,0,0,0,0,0,0,0,0,4,5536,0,0,0,0,0,0,0,0,0,0,0,0,0,0,44636,0,0,0,0,0,0,0,0,4,5536,0,0,0,0,0,0,0,0,TCGA-HN-A2NL-DX1_xmin11931_ymin5764_MPP-0.2500+16
0,2773,0,0,0,0,39972,0,7393,0,0,0,0,0,0,0,38,0,0,0,0,0,0,0,0,0,2773,0,0,0,0,36168,0,11197,0,0,0,0,0,0,0,6,0,32,0,0,0,0,0,0,0,2773,0,0,0,0,39040,0,8325,0,0,0,0,0,0,0,30,0,8,0,0,0,0,0,0,TCGA-HN-A2NL-DX1_xmin11931_ymin5764_MPP-0.2500+17
0,21521,0,0,0,0,28655,0,0,0,0,0,0,0,0,0,0,0,0,0,0,0,0,0,0,0,21521,0,0,0,0,28655,0,0,0,0,0,0,0,0,0,0,0,0,0,0,0,0,0,0,0,21521,0,0,0,0,28655,0,0,0,0,0,0,0,0,0,0,0,0,0,0,0,0,0,0,TCGA-HN-A2NL-DX1_xmin11931_ymin5764_MPP-0.2500+18
14600,1542,0,0,0,3063,18783,0,0,0,0,0,0,0,0,4953,7235,0,0,0,0,0,0,0,0,14547,1595,0,0,0,3186,18660,0,0,0,0,0,0,0,0,4989,7199,0,0,0,0,0,0,0,0,14743,1399,0,0,0,3374,18472,0,0,0,0,0,0,0,0,5431,6757,0,0,0,0,0,0,0,0,TCGA-HN-A2NL-DX1_xmin11931_ymin5764_MPP-0.2500+19
0,0,0,0,0,0,8343,0,0,0,0,0,0,0,0,0,22365,19468,0,0,0,0,0,0,0,0,0,0,0,0,0,8343,0,0,0,0,0,0,0,0,0,22949,18884,0,0,0,0,0,0,0,0,0,0,0,0,0,8343,0,0,0,0,0,0,0,0,0,22164,19669,0,0,0,0,0,0,0,TCGA-HN-A2NL-DX1_xmin11931_ymin5764_MPP-0.2500+2
0,1513,0,0,0,0,13142,0,0,0,0,0,0,0,0,928,34593,0,0,0,0,0,0,0,0,0,1513,0,0,0,0,13142,0,0,0,0,0,0,0,0,224,35297,0,0,0,0,0,0,0,0,0,1513,0,0,0,0,13142,0,0,0,0,0,0,0,0,352,35169,0,0,0,0,0,0,0,0,TCGA-HN-A2NL-DX1_xmin11931_ymin5764_MPP-0.2500+20
0,0,0,0,0,0,14478,959,0,0,0,0,0,0,0,0,10774,23965,0,0,0,0,0,0,0,0,0,0,0,0,0,14495,942,0,0,0,0,0,0,0,0,10894,23845,0,0,0,0,0,0,0,0,0,0,0,0,0,14446,991,0,0,0,0,0,0,0,0,11057,23682,0,0,0,0,0,0,0,TCGA-HN-A2NL-DX1_xmin11931_ymin5764_MPP-0.2500+21
0,0,0,0,0,676,0,0,1142,0,0,0,0,0,0,4844,0,0,43514,0,0,0,0,0,0,0,0,0,0,0,856,0,0,962,0,0,0,0,0,0,6168,0,0,42190,0,0,0,0,0,0,0,0,0,0,0,676,0,0,1142,0,0,0,0,0,0,4780,0,0,43578,0,0,0,0,0,0,TCGA-HN-A2NL-DX1_xmin11931_ymin5764_MPP-0.2500+22
0,0,0,0,0,0,0,0,0,0,0,0,0,0,0,3440,0,0,46736,0,0,0,0,0,0,0,0,0,0,0,0,0,0,0,0,0,0,0,0,0,3856,0,0,46320,0,0,0,0,0,0,0,0,0,0,0,0,0,0,0,0,0,0,0,0,0,3952,0,0,46224,0,0,0,0,0,0,TCGA-HN-A2NL-DX1_xmin11931_ymin5764_MPP-0.2500+23
0,8,0,0,0,0,50168,0,0,0,0,0,0,0,0,0,0,0,0,0,0,0,0,0,0,0,8,0,0,0,0,50168,0,0,0,0,0,0,0,0,0,0,0,0,0,0,0,0,0,0,0,8,0,0,0,0,50168,0,0,0,0,0,0,0,0,0,0,0,0,0,0,0,0,0,0,TCGA-HN-A2NL-DX1_xmin11931_ymin5764_MPP-0.2500+24
0,23195,0,0,0,0,26981,0,0,0,0,0,0,0,0,0,0,0,0,0,0,0,0,0,0,0,23195,0,0,0,0,26981,0,0,0,0,0,0,0,0,0,0,0,0,0,0,0,0,0,0,0,23195,0,0,0,0,26981,0,0,0,0,0,0,0,0,0,0,0,0,0,0,0,0,0,0,TCGA-HN-A2NL-DX1_xmin11931_ymin5764_MPP-0.2500+25
12179,4445,0,0,0,1558,31994,0,0,0,0,0,0,0,0,0,0,0,0,0,0,0,0,0,0,12089,4535,0,0,0,1516,32036,0,0,0,0,0,0,0,0,0,0,0,0,0,0,0,0,0,0,12106,4518,0,0,0,1602,31950,0,0,0,0,0,0,0,0,0,0,0,0,0,0,0,0,0,0,TCGA-HN-A2NL-DX1_xmin11931_ymin5764_MPP-0.2500+26
11660,7213,0,198,0,1638,25586,0,2996,0,0,0,0,0,0,0,0,0,885,0,0,0,0,0,0,11265,7295,0,511,0,1518,25545,0,3157,0,0,0,0,0,0,0,0,0,885,0,0,0,0,0,0,11510,7269,0,292,0,1533,25714,0,2973,0,0,0,0,0,0,0,0,0,885,0,0,0,0,0,0,TCGA-HN-A2NL-DX1_xmin11931_ymin5764_MPP-0.2500+27
33489,0,0,0,0,8731,0,0,0,0,0,0,0,0,0,7956,0,0,0,0,0,0,0,0,0,33489,0,0,0,0,8731,0,0,0,0,0,0,0,0,0,7956,0,0,0,0,0,0,0,0,0,33489,0,0,0,0,8731,0,0,0,0,0,0,0,0,0,7956,0,0,0,0,0,0,0,0,0,TCGA-HN-A2NL-DX1_xmin11931_ymin5764_MPP-0.2500+28
0,0,2469,0,0,0,0,0,0,0,0,0,0,0,0,1,0,47706,0,0,0,0,0,0,0,0,0,2469,0,0,0,0,0,0,0,0,0,0,0,0,0,0,47707,0,0,0,0,0,0,0,0,0,2469,0,0,0,0,0,0,0,0,0,0,0,0,1,0,47706,0,0,0,0,0,0,0,TCGA-HN-A2NL-DX1_xmin11931_ymin5764_MPP-0.2500+29
0,0,0,0,0,0,0,1432,0,0,0,0,0,0,0,1136,0,47608,0,0,0,0,0,0,0,0,0,0,0,0,0,0,1432,0,0,0,0,0,0,0,656,0,48088,0,0,0,0,0,0,0,0,0,0,0,0,0,0,1432,0,0,0,0,0,0,0,1264,0,47480,0,0,0,0,0,0,0,TCGA-HN-A2NL-DX1_xmin11931_ymin5764_MPP-0.2500+3
0,0,0,0,0,0,0,0,0,0,0,0,0,0,0,5024,0,45152,0,0,0,0,0,0,0,0,0,0,0,0,0,0,0,0,0,0,0,0,0,0,3648,0,46528,0,0,0,0,0,0,0,0,0,0,0,0,0,0,0,0,0,0,0,0,0,0,4768,0,45408,0,0,0,0,0,0,0,TCGA-HN-A2NL-DX1_xmin11931_ymin5764_MPP-0.2500+30
0,0,0,0,0,0,0,0,0,0,0,0,0,0,0,624,0,0,49552,0,0,0,0,0,0,0,0,0,0,0,0,0,0,0,0,0,0,0,0,0,720,0,0,49456,0,0,0,0,0,0,0,0,0,0,0,0,0,0,0,0,0,0,0,0,0,784,0,0,49392,0,0,0,0,0,0,TCGA-HN-A2NL-DX1_xmin11931_ymin5764_MPP-0.2500+31
17578,6872,0,0,0,3678,22048,0,0,0,0,0,0,0,0,0,0,0,0,0,0,0,0,0,0,17947,6503,0,0,0,3811,21915,0,0,0,0,0,0,0,0,0,0,0,0,0,0,0,0,0,0,17892,6558,0,0,0,3424,22302,0,0,0,0,0,0,0,0,0,0,0,0,0,0,0,0,0,0,TCGA-HN-A2NL-DX1_xmin11931_ymin5764_MPP-0.2500+32
50176,0,0,0,0,0,0,0,0,0,0,0,0,0,0,0,0,0,0,0,0,0,0,0,0,50176,0,0,0,0,0,0,0,0,0,0,0,0,0,0,0,0,0,0,0,0,0,0,0,0,50176,0,0,0,0,0,0,0,0,0,0,0,0,0,0,0,0,0,0,0,0,0,0,0,0,TCGA-HN-A2NL-DX1_xmin11931_ymin5764_MPP-0.2500+33
31494,11339,0,0,0,692,6651,0,0,0,0,0,0,0,0,0,0,0,0,0,0,0,0,0,0,29979,12854,0,0,0,692,6651,0,0,0,0,0,0,0,0,0,0,0,0,0,0,0,0,0,0,33183,9650,0,0,0,692,6651,0,0,0,0,0,0,0,0,0,0,0,0,0,0,0,0,0,0,TCGA-HN-A2NL-DX1_xmin11931_ymin5764_MPP-0.2500+34
41188,0,0,0,0,8988,0,0,0,0,0,0,0,0,0,0,0,0,0,0,0,0,0,0,0,41188,0,0,0,0,8988,0,0,0,0,0,0,0,0,0,0,0,0,0,0,0,0,0,0,0,41188,0,0,0,0,8988,0,0,0,0,0,0,0,0,0,0,0,0,0,0,0,0,0,0,0,TCGA-HN-A2NL-DX1_xmin11931_ymin5764_MPP-0.2500+35
30812,0,0,0,0,19364,0,0,0,0,0,0,0,0,0,0,0,0,0,0,0,0,0,0,0,30812,0,0,0,0,19364,0,0,0,0,0,0,0,0,0,0,0,0,0,0,0,0,0,0,0,30812,0,0,0,0,19364,0,0,0,0,0,0,0,0,0,0,0,0,0,0,0,0,0,0,0,TCGA-HN-A2NL-DX1_xmin11931_ymin5764_MPP-0.2500+36
46944,0,0,0,0,0,0,0,0,0,0,0,0,0,0,3232,0,0,0,0,0,0,0,0,0,46944,0,0,0,0,0,0,0,0,0,0,0,0,0,0,3232,0,0,0,0,0,0,0,0,0,46944,0,0,0,0,0,0,0,0,0,0,0,0,0,0,3232,0,0,0,0,0,0,0,0,0,TCGA-HN-A2NL-DX1_xmin11931_ymin5764_MPP-0.2500+37
260,0,323,2430,0,0,0,0,0,0,0,0,0,0,0,188,0,33195,13780,0,0,0,0,0,0,262,0,321,2430,0,0,0,0,0,0,0,0,0,0,0,250,0,33579,13334,0,0,0,0,0,0,2692,0,321,0,0,0,0,0,0,0,0,0,0,0,0,2444,0,44719,0,0,0,0,0,0,0,TCGA-HN-A2NL-DX1_xmin11931_ymin5764_MPP-0.2500+38
0,0,0,0,0,0,0,0,0,0,0,0,0,0,0,9328,0,0,40848,0,0,0,0,0,0,0,0,0,0,0,0,0,0,0,0,0,0,0,0,0,0,0,21800,28376,0,0,0,0,0,0,0,0,0,0,0,0,0,0,0,0,0,0,0,0,0,9392,0,0,40784,0,0,0,0,0,0,TCGA-HN-A2NL-DX1_xmin11931_ymin5764_MPP-0.2500+39
0,0,0,0,0,0,0,0,0,0,0,0,0,0,0,2368,0,47808,0,0,0,0,0,0,0,0,0,0,0,0,0,0,0,0,0,0,0,0,0,0,1520,0,48656,0,0,0,0,0,0,0,0,0,0,0,0,0,0,0,0,0,0,0,0,0,0,2336,0,47840,0,0,0,0,0,0,0,TCGA-HN-A2NL-DX1_xmin11931_ymin5764_MPP-0.2500+4
29084,4317,0,0,0,3442,13333,0,0,0,0,0,0,0,0,0,0,0,0,0,0,0,0,0,0,29195,4206,0,0,0,3590,13185,0,0,0,0,0,0,0,0,0,0,0,0,0,0,0,0,0,0,28820,4581,0,0,0,3413,13362,0,0,0,0,0,0,0,0,0,0,0,0,0,0,0,0,0,0,TCGA-HN-A2NL-DX1_xmin11931_ymin5764_MPP-0.2500+40
44393,0,0,0,0,5783,0,0,0,0,0,0,0,0,0,0,0,0,0,0,0,0,0,0,0,44393,0,0,0,0,5783,0,0,0,0,0,0,0,0,0,0,0,0,0,0,0,0,0,0,0,44393,0,0,0,0,5783,0,0,0,0,0,0,0,0,0,0,0,0,0,0,0,0,0,0,0,TCGA-HN-A2NL-DX1_xmin11931_ymin5764_MPP-0.2500+41
25001,0,0,0,0,25175,0,0,0,0,0,0,0,0,0,0,0,0,0,0,0,0,0,0,0,24377,624,0,0,0,16885,8290,0,0,0,0,0,0,0,0,0,0,0,0,0,0,0,0,0,0,25001,0,0,0,0,25175,0,0,0,0,0,0,0,0,0,0,0,0,0,0,0,0,0,0,0,TCGA-HN-A2NL-DX1_xmin11931_ymin5764_MPP-0.2500+42
31253,2129,0,0,0,7716,9078,0,0,0,0,0,0,0,0,0,0,0,0,0,0,0,0,0,0,31312,2070,0,0,0,7786,9008,0,0,0,0,0,0,0,0,0,0,0,0,0,0,0,0,0,0,31153,2229,0,0,0,7631,9163,0,0,0,0,0,0,0,0,0,0,0,0,0,0,0,0,0,0,TCGA-HN-A2NL-DX1_xmin11931_ymin5764_MPP-0.2500+43
49912,0,0,0,0,264,0,0,0,0,0,0,0,0,0,0,0,0,0,0,0,0,0,0,0,49912,0,0,0,0,264,0,0,0,0,0,0,0,0,0,0,0,0,0,0,0,0,0,0,0,49912,0,0,0,0,264,0,0,0,0,0,0,0,0,0,0,0,0,0,0,0,0,0,0,0,TCGA-HN-A2NL-DX1_xmin11931_ymin5764_MPP-0.2500+44
49010,0,0,0,0,1166,0,0,0,0,0,0,0,0,0,0,0,0,0,0,0,0,0,0,0,49010,0,0,0,0,1166,0,0,0,0,0,0,0,0,0,0,0,0,0,0,0,0,0,0,0,49010,0,0,0,0,1166,0,0,0,0,0,0,0,0,0,0,0,0,0,0,0,0,0,0,0,TCGA-HN-A2NL-DX1_xmin11931_ymin5764_MPP-0.2500+45
44115,0,0,0,0,0,0,0,0,0,0,0,0,0,0,6061,0,0,0,0,0,0,0,0,0,44115,0,0,0,0,0,0,0,0,0,0,0,0,0,0,6061,0,0,0,0,0,0,0,0,0,44115,0,0,0,0,0,0,0,0,0,0,0,0,0,0,6061,0,0,0,0,0,0,0,0,0,TCGA-HN-A2NL-DX1_xmin11931_ymin5764_MPP-0.2500+46
24223,0,0,0,0,0,0,0,0,0,0,0,0,0,0,25953,0,0,0,0,0,0,0,0,0,24223,0,0,0,0,0,0,0,0,0,0,0,0,0,0,25953,0,0,0,0,0,0,0,0,0,24223,0,0,0,0,0,0,0,0,0,0,0,0,0,0,25953,0,0,0,0,0,0,0,0,0,TCGA-HN-A2NL-DX1_xmin11931_ymin5764_MPP-0.2500+47
0,0,0,0,0,0,0,0,0,0,0,0,0,0,0,23552,0,0,26624,0,0,0,0,0,0,0,0,0,0,0,0,0,0,0,0,0,0,0,0,0,23744,0,0,26432,0,0,0,0,0,0,0,0,0,0,0,0,0,0,0,0,0,0,0,0,0,24192,0,0,25984,0,0,0,0,0,0,TCGA-HN-A2NL-DX1_xmin11931_ymin5764_MPP-0.2500+5
0,0,0,0,0,0,0,0,0,0,0,0,0,0,0,1472,17442,0,31262,0,0,0,0,0,0,0,0,0,0,0,0,0,0,0,0,0,0,0,0,0,1408,16596,0,32172,0,0,0,0,0,0,0,0,0,0,0,0,0,0,0,0,0,0,0,0,0,928,20167,0,29081,0,0,0,0,0,0,TCGA-HN-A2NL-DX1_xmin11931_ymin5764_MPP-0.2500+6
0,0,0,0,0,0,0,0,0,0,0,0,0,0,0,7312,0,42864,0,0,0,0,0,0,0,0,0,0,0,0,0,0,0,0,0,0,0,0,0,0,7536,0,42640,0,0,0,0,0,0,0,0,0,0,0,0,0,0,0,0,0,0,0,0,0,0,6800,0,43376,0,0,0,0,0,0,0,TCGA-HN-A2NL-DX1_xmin11931_ymin5764_MPP-0.2500+7
0,0,0,0,0,0,10272,0,0,0,0,0,0,0,0,0,39904,0,0,0,0,0,0,0,0,0,0,0,0,0,0,10272,0,0,0,0,0,0,0,0,1,39903,0,0,0,0,0,0,0,0,0,0,0,0,0,0,10272,0,0,0,0,0,0,0,0,1,39903,0,0,0,0,0,0,0,0,TCGA-HN-A2NL-DX1_xmin11931_ymin5764_MPP-0.2500+8
0,10609,0,0,0,0,31977,0,0,0,0,0,0,0,0,0,7590,0,0,0,0,0,0,0,0,0,10609,0,0,0,0,31977,0,0,0,0,0,0,0,0,0,7590,0,0,0,0,0,0,0,0,0,10609,0,0,0,0,31977,0,0,0,0,0,0,0,0,0,7590,0,0,0,0,0,0,0,0,TCGA-HN-A2NL-DX1_xmin11931_ymin5764_MPP-0.2500+9
26989,6423,0,0,0,259,16505,0,0,0,0,0,0,0,0,0,0,0,0,0,0,0,0,0,0,27217,6195,0,0,0,273,16491,0,0,0,0,0,0,0,0,0,0,0,0,0,0,0,0,0,0,27083,6329,0,0,0,235,16529,0,0,0,0,0,0,0,0,0,0,0,0,0,0,0,0,0,0,TCGA-LL-A441-DX1_xmin82006_ymin43121_MPP-0.2500+0
25771,0,0,6173,0,12071,0,0,4003,0,0,0,0,0,0,0,0,0,0,0,0,0,0,0,2158,31944,0,0,0,0,16074,0,0,0,0,0,0,0,0,0,0,0,0,0,0,0,0,0,0,2158,25685,0,0,6259,0,12155,0,0,3919,0,0,0,0,0,0,0,0,0,0,0,0,0,0,0,2158,TCGA-LL-A441-DX1_xmin82006_ymin43121_MPP-0.2500+1
50141,0,0,0,0,35,0,0,0,0,0,0,0,0,0,0,0,0,0,0,0,0,0,0,0,50141,0,0,0,0,35,0,0,0,0,0,0,0,0,0,0,0,0,0,0,0,0,0,0,0,50141,0,0,0,0,35,0,0,0,0,0,0,0,0,0,0,0,0,0,0,0,0,0,0,0,TCGA-LL-A441-DX1_xmin82006_ymin43121_MPP-0.2500+10
50176,0,0,0,0,0,0,0,0,0,0,0,0,0,0,0,0,0,0,0,0,0,0,0,0,50176,0,0,0,0,0,0,0,0,0,0,0,0,0,0,0,0,0,0,0,0,0,0,0,0,50176,0,0,0,0,0,0,0,0,0,0,0,0,0,0,0,0,0,0,0,0,0,0,0,0,TCGA-LL-A441-DX1_xmin82006_ymin43121_MPP-0.2500+11
36534,12398,0,0,0,325,919,0,0,0,0,0,0,0,0,0,0,0,0,0,0,0,0,0,0,37134,11798,0,0,0,301,943,0,0,0,0,0,0,0,0,0,0,0,0,0,0,0,0,0,0,36612,12320,0,0,0,317,927,0,0,0,0,0,0,0,0,0,0,0,0,0,0,0,0,0,0,TCGA-LL-A441-DX1_xmin82006_ymin43121_MPP-0.2500+12
10885,16737,0,0,0,5977,16577,0,0,0,0,0,0,0,0,0,0,0,0,0,0,0,0,0,0,11455,16167,0,0,0,7031,15523,0,0,0,0,0,0,0,0,0,0,0,0,0,0,0,0,0,0,11353,16269,0,0,0,6822,15732,0,0,0,0,0,0,0,0,0,0,0,0,0,0,0,0,0,0,TCGA-LL-A441-DX1_xmin82006_ymin43121_MPP-0.2500+13
21565,7523,0,0,0,3889,17199,0,0,0,0,0,0,0,0,0,0,0,0,0,0,0,0,0,0,21670,7418,0,0,0,3964,17124,0,0,0,0,0,0,0,0,0,0,0,0,0,0,0,0,0,0,21035,8053,0,0,0,3679,17409,0,0,0,0,0,0,0,0,0,0,0,0,0,0,0,0,0,0,TCGA-LL-A441-DX1_xmin82006_ymin43121_MPP-0.2500+14
304,12795,0,0,0,0,37077,0,0,0,0,0,0,0,0,0,0,0,0,0,0,0,0,0,0,1,13098,0,0,0,0,37077,0,0,0,0,0,0,0,0,0,0,0,0,0,0,0,0,0,0,1,13098,0,0,0,0,37077,0,0,0,0,0,0,0,0,0,0,0,0,0,0,0,0,0,0,TCGA-LL-A441-DX1_xmin82006_ymin43121_MPP-0.2500+15
9525,12691,0,0,0,2961,24999,0,0,0,0,0,0,0,0,0,0,0,0,0,0,0,0,0,0,9492,12724,0,0,0,3112,24848,0,0,0,0,0,0,0,0,0,0,0,0,0,0,0,0,0,0,9555,12661,0,0,0,3375,24585,0,0,0,0,0,0,0,0,0,0,0,0,0,0,0,0,0,0,TCGA-LL-A441-DX1_xmin82006_ymin43121_MPP-0.2500+16
48961,0,0,0,0,1215,0,0,0,0,0,0,0,0,0,0,0,0,0,0,0,0,0,0,0,48961,0,0,0,0,1215,0,0,0,0,0,0,0,0,0,0,0,0,0,0,0,0,0,0,0,48961,0,0,0,0,1215,0,0,0,0,0,0,0,0,0,0,0,0,0,0,0,0,0,0,0,TCGA-LL-A441-DX1_xmin82006_ymin43121_MPP-0.2500+17
50176,0,0,0,0,0,0,0,0,0,0,0,0,0,0,0,0,0,0,0,0,0,0,0,0,50176,0,0,0,0,0,0,0,0,0,0,0,0,0,0,0,0,0,0,0,0,0,0,0,0,50176,0,0,0,0,0,0,0,0,0,0,0,0,0,0,0,0,0,0,0,0,0,0,0,0,TCGA-LL-A441-DX1_xmin82006_ymin43121_MPP-0.2500+18
50176,0,0,0,0,0,0,0,0,0,0,0,0,0,0,0,0,0,0,0,0,0,0,0,0,50176,0,0,0,0,0,0,0,0,0,0,0,0,0,0,0,0,0,0,0,0,0,0,0,0,50176,0,0,0,0,0,0,0,0,0,0,0,0,0,0,0,0,0,0,0,0,0,0,0,0,TCGA-LL-A441-DX1_xmin82006_ymin43121_MPP-0.2500+19
8435,6667,0,0,0,6593,28481,0,0,0,0,0,0,0,0,0,0,0,0,0,0,0,0,0,0,8650,6452,0,0,0,7096,27978,0,0,0,0,0,0,0,0,0,0,0,0,0,0,0,0,0,0,44,15058,0,0,0,20,35054,0,0,0,0,0,0,0,0,0,0,0,0,0,0,0,0,0,0,TCGA-LL-A441-DX1_xmin82006_ymin43121_MPP-0.2500+2
49924,0,0,0,0,252,0,0,0,0,0,0,0,0,0,0,0,0,0,0,0,0,0,0,0,49924,0,0,0,0,252,0,0,0,0,0,0,0,0,0,0,0,0,0,0,0,0,0,0,0,49924,0,0,0,0,252,0,0,0,0,0,0,0,0,0,0,0,0,0,0,0,0,0,0,0,TCGA-LL-A441-DX1_xmin82006_ymin43121_MPP-0.2500+20
0,11313,0,0,0,0,38760,0,0,0,0,0,0,0,0,0,0,0,0,0,0,0,0,0,103,0,11313,0,0,0,0,38760,0,0,0,0,0,0,0,0,0,0,0,0,0,0,0,0,0,103,0,11313,0,0,0,0,38760,0,0,0,0,0,0,0,0,0,0,0,0,0,0,0,0,0,103,TCGA-LL-A441-DX1_xmin82006_ymin43121_MPP-0.2500+21
40730,3921,0,0,0,241,5227,0,0,0,0,0,0,0,0,0,0,0,0,0,0,0,0,0,57,40576,4075,0,0,0,182,5286,0,0,0,0,0,0,0,0,0,0,0,0,0,0,0,0,0,57,40457,4194,0,0,0,69,5399,0,0,0,0,0,0,0,0,0,0,0,0,0,0,0,0,0,57,TCGA-LL-A441-DX1_xmin82006_ymin43121_MPP-0.2500+22
14697,11842,0,0,0,488,21576,0,0,0,0,0,0,0,0,0,0,0,0,0,0,0,0,0,1573,14621,11918,0,0,0,434,21630,0,0,0,0,0,0,0,0,0,0,0,0,0,0,0,0,0,1573,14509,12030,0,0,0,246,21818,0,0,0,0,0,0,0,0,0,0,0,0,0,0,0,0,0,1573,TCGA-LL-A441-DX1_xmin82006_ymin43121_MPP-0.2500+23
15494,22048,0,0,0,62,12572,0,0,0,0,0,0,0,0,0,0,0,0,0,0,0,0,0,0,0,37542,0,0,0,0,12634,0,0,0,0,0,0,0,0,0,0,0,0,0,0,0,0,0,0,0,37542,0,0,0,0,12634,0,0,0,0,0,0,0,0,0,0,0,0,0,0,0,0,0,0,TCGA-LL-A441-DX1_xmin82006_ymin43121_MPP-0.2500+24
14212,20530,0,0,0,0,15434,0,0,0,0,0,0,0,0,0,0,0,0,0,0,0,0,0,0,15302,19440,0,0,0,0,15434,0,0,0,0,0,0,0,0,0,0,0,0,0,0,0,0,0,0,14045,20697,0,0,0,0,15434,0,0,0,0,0,0,0,0,0,0,0,0,0,0,0,0,0,0,TCGA-LL-A441-DX1_xmin82006_ymin43121_MPP-0.2500+25
50176,0,0,0,0,0,0,0,0,0,0,0,0,0,0,0,0,0,0,0,0,0,0,0,0,50176,0,0,0,0,0,0,0,0,0,0,0,0,0,0,0,0,0,0,0,0,0,0,0,0,50176,0,0,0,0,0,0,0,0,0,0,0,0,0,0,0,0,0,0,0,0,0,0,0,0,TCGA-LL-A441-DX1_xmin82006_ymin43121_MPP-0.2500+26
50176,0,0,0,0,0,0,0,0,0,0,0,0,0,0,0,0,0,0,0,0,0,0,0,0,50176,0,0,0,0,0,0,0,0,0,0,0,0,0,0,0,0,0,0,0,0,0,0,0,0,50176,0,0,0,0,0,0,0,0,0,0,0,0,0,0,0,0,0,0,0,0,0,0,0,0,TCGA-LL-A441-DX1_xmin82006_ymin43121_MPP-0.2500+27
50176,0,0,0,0,0,0,0,0,0,0,0,0,0,0,0,0,0,0,0,0,0,0,0,0,50176,0,0,0,0,0,0,0,0,0,0,0,0,0,0,0,0,0,0,0,0,0,0,0,0,50176,0,0,0,0,0,0,0,0,0,0,0,0,0,0,0,0,0,0,0,0,0,0,0,0,TCGA-LL-A441-DX1_xmin82006_ymin43121_MPP-0.2500+28
50176,0,0,0,0,0,0,0,0,0,0,0,0,0,0,0,0,0,0,0,0,0,0,0,0,50176,0,0,0,0,0,0,0,0,0,0,0,0,0,0,0,0,0,0,0,0,0,0,0,0,50176,0,0,0,0,0,0,0,0,0,0,0,0,0,0,0,0,0,0,0,0,0,0,0,0,TCGA-LL-A441-DX1_xmin82006_ymin43121_MPP-0.2500+29
15123,1921,0,0,0,163,32969,0,0,0,0,0,0,0,0,0,0,0,0,0,0,0,0,0,0,15446,1598,0,0,0,288,32844,0,0,0,0,0,0,0,0,0,0,0,0,0,0,0,0,0,0,15429,1615,0,0,0,327,32805,0,0,0,0,0,0,0,0,0,0,0,0,0,0,0,0,0,0,TCGA-LL-A441-DX1_xmin82006_ymin43121_MPP-0.2500+3
50176,0,0,0,0,0,0,0,0,0,0,0,0,0,0,0,0,0,0,0,0,0,0,0,0,50176,0,0,0,0,0,0,0,0,0,0,0,0,0,0,0,0,0,0,0,0,0,0,0,0,50176,0,0,0,0,0,0,0,0,0,0,0,0,0,0,0,0,0,0,0,0,0,0,0,0,TCGA-LL-A441-DX1_xmin82006_ymin43121_MPP-0.2500+30
3718,10094,0,0,0,9378,14218,0,0,0,0,0,0,0,0,0,0,0,0,0,0,0,0,0,12768,4500,9312,0,0,0,9686,13910,0,0,0,0,0,0,0,0,0,0,0,0,0,0,0,0,0,12768,4190,9622,0,0,0,9742,13854,0,0,0,0,0,0,0,0,0,0,0,0,0,0,0,0,0,12768,TCGA-LL-A441-DX1_xmin82006_ymin43121_MPP-0.2500+31
6993,1793,0,0,0,9394,25495,0,0,0,0,0,0,0,0,0,0,0,0,0,0,0,0,0,6501,7060,1726,0,0,0,9977,24912,0,0,0,0,0,0,0,0,0,0,0,0,0,0,0,0,0,6501,7102,1684,0,0,0,9363,25526,0,0,0,0,0,0,0,0,0,0,0,0,0,0,0,0,0,6501,TCGA-LL-A441-DX1_xmin82006_ymin43121_MPP-0.2500+32
18640,3415,0,0,0,4410,20461,0,0,0,0,0,0,0,0,0,0,0,0,0,0,0,0,0,3250,19092,2963,0,0,0,5423,19448,0,0,0,0,0,0,0,0,0,0,0,0,0,0,0,0,0,3250,18372,3683,0,0,0,4595,20276,0,0,0,0,0,0,0,0,0,0,0,0,0,0,0,0,0,3250,TCGA-LL-A441-DX1_xmin82006_ymin43121_MPP-0.2500+33
23845,17892,0,0,0,266,8173,0,0,0,0,0,0,0,0,0,0,0,0,0,0,0,0,0,0,25107,16630,0,0,0,265,8174,0,0,0,0,0,0,0,0,0,0,0,0,0,0,0,0,0,0,24563,17174,0,0,0,157,8282,0,0,0,0,0,0,0,0,0,0,0,0,0,0,0,0,0,0,TCGA-LL-A441-DX1_xmin82006_ymin43121_MPP-0.2500+34
20647,8637,0,0,0,4725,15042,0,0,0,0,0,0,0,0,0,0,0,0,0,0,0,0,0,1125,21001,8283,0,0,0,4933,14834,0,0,0,0,0,0,0,0,0,0,0,0,0,0,0,0,0,1125,20113,9171,0,0,0,4614,15153,0,0,0,0,0,0,0,0,0,0,0,0,0,0,0,0,0,1125,TCGA-LL-A441-DX1_xmin82006_ymin43121_MPP-0.2500+35
23029,9568,0,0,0,1170,16409,0,0,0,0,0,0,0,0,0,0,0,0,0,0,0,0,0,0,22477,10120,0,0,0,1113,16466,0,0,0,0,0,0,0,0,0,0,0,0,0,0,0,0,0,0,23479,9118,0,0,0,1428,16151,0,0,0,0,0,0,0,0,0,0,0,0,0,0,0,0,0,0,TCGA-LL-A441-DX1_xmin82006_ymin43121_MPP-0.2500+36
49601,0,0,0,0,575,0,0,0,0,0,0,0,0,0,0,0,0,0,0,0,0,0,0,0,49601,0,0,0,0,575,0,0,0,0,0,0,0,0,0,0,0,0,0,0,0,0,0,0,0,28200,21401,0,0,0,18,557,0,0,0,0,0,0,0,0,0,0,0,0,0,0,0,0,0,0,TCGA-LL-A441-DX1_xmin82006_ymin43121_MPP-0.2500+37
50176,0,0,0,0,0,0,0,0,0,0,0,0,0,0,0,0,0,0,0,0,0,0,0,0,50176,0,0,0,0,0,0,0,0,0,0,0,0,0,0,0,0,0,0,0,0,0,0,0,0,50176,0,0,0,0,0,0,0,0,0,0,0,0,0,0,0,0,0,0,0,0,0,0,0,0,TCGA-LL-A441-DX1_xmin82006_ymin43121_MPP-0.2500+38
50107,0,0,0,0,69,0,0,0,0,0,0,0,0,0,0,0,0,0,0,0,0,0,0,0,50107,0,0,0,0,69,0,0,0,0,0,0,0,0,0,0,0,0,0,0,0,0,0,0,0,50107,0,0,0,0,69,0,0,0,0,0,0,0,0,0,0,0,0,0,0,0,0,0,0,0,TCGA-LL-A441-DX1_xmin82006_ymin43121_MPP-0.2500+39
15823,9199,0,0,0,1062,24092,0,0,0,0,0,0,0,0,0,0,0,0,0,0,0,0,0,0,16157,8865,0,0,0,1306,23848,0,0,0,0,0,0,0,0,0,0,0,0,0,0,0,0,0,0,15694,9328,0,0,0,1114,24040,0,0,0,0,0,0,0,0,0,0,0,0,0,0,0,0,0,0,TCGA-LL-A441-DX1_xmin82006_ymin43121_MPP-0.2500+4
41136,6137,0,0,0,497,0,0,0,0,0,0,0,0,0,0,0,0,0,0,0,0,0,0,2406,41072,6201,0,0,0,497,0,0,0,0,0,0,0,0,0,0,0,0,0,0,0,0,0,0,2406,41521,5752,0,0,0,497,0,0,0,0,0,0,0,0,0,0,0,0,0,0,0,0,0,0,2406,TCGA-LL-A441-DX1_xmin82006_ymin43121_MPP-0.2500+40
25492,6253,0,0,0,3143,15288,0,0,0,0,0,0,0,0,0,0,0,0,0,0,0,0,0,0,26044,5701,0,0,0,3536,14895,0,0,0,0,0,0,0,0,0,0,0,0,0,0,0,0,0,0,25887,5858,0,0,0,3909,14522,0,0,0,0,0,0,0,0,0,0,0,0,0,0,0,0,0,0,TCGA-LL-A441-DX1_xmin82006_ymin43121_MPP-0.2500+41
18833,409,0,0,0,16895,11151,0,0,0,0,0,0,0,0,0,0,0,0,0,0,0,0,0,2888,18785,457,0,0,0,16827,11219,0,0,0,0,0,0,0,0,0,0,0,0,0,0,0,0,0,2888,18837,405,0,0,0,16688,11358,0,0,0,0,0,0,0,0,0,0,0,0,0,0,0,0,0,2888,TCGA-LL-A441-DX1_xmin82006_ymin43121_MPP-0.2500+42
8911,0,0,0,0,17278,12177,0,0,0,0,0,0,0,0,0,0,0,0,0,0,0,0,0,11810,8911,0,0,0,0,17576,11879,0,0,0,0,0,0,0,0,0,0,0,0,0,0,0,0,0,11810,8911,0,0,0,0,17641,11814,0,0,0,0,0,0,0,0,0,0,0,0,0,0,0,0,0,11810,TCGA-LL-A441-DX1_xmin82006_ymin43121_MPP-0.2500+43
34057,6064,0,0,0,0,10055,0,0,0,0,0,0,0,0,0,0,0,0,0,0,0,0,0,0,34145,5976,0,0,0,0,10055,0,0,0,0,0,0,0,0,0,0,0,0,0,0,0,0,0,0,35100,5021,0,0,0,0,10055,0,0,0,0,0,0,0,0,0,0,0,0,0,0,0,0,0,0,TCGA-LL-A441-DX1_xmin82006_ymin43121_MPP-0.2500+44
0,0,3480,0,0,0,0,2742,0,0,0,0,43954,0,0,0,0,0,0,0,0,0,0,0,0,0,0,3480,0,0,0,0,2742,0,0,0,0,43954,0,0,0,0,0,0,0,0,0,0,0,0,0,0,3480,0,0,0,0,2742,0,0,0,0,43954,0,0,0,0,0,0,0,0,0,0,0,0,TCGA-LL-A441-DX1_xmin82006_ymin43121_MPP-0.2500+45
217,0,6984,0,0,167,0,7473,0,0,0,0,35335,0,0,0,0,0,0,0,0,0,0,0,0,265,0,6936,0,0,183,0,7457,0,0,0,0,35335,0,0,0,0,0,0,0,0,0,0,0,0,265,0,6936,0,0,183,0,7457,0,0,0,0,35335,0,0,0,0,0,0,0,0,0,0,0,0,TCGA-LL-A441-DX1_xmin82006_ymin43121_MPP-0.2500+46
1920,20175,691,0,0,0,4999,4039,0,0,0,7263,11089,0,0,0,0,0,0,0,0,0,0,0,0,2304,19940,542,0,0,0,4113,4925,0,0,0,5963,12389,0,0,0,0,0,0,0,0,0,0,0,0,1824,20154,808,0,0,0,4607,4431,0,0,0,7279,11073,0,0,0,0,0,0,0,0,0,0,0,0,TCGA-LL-A441-DX1_xmin82006_ymin43121_MPP-0.2500+47
42801,0,0,0,0,4202,0,0,0,0,3173,0,0,0,0,0,0,0,0,0,0,0,0,0,0,42801,0,0,0,0,4202,0,0,0,0,3173,0,0,0,0,0,0,0,0,0,0,0,0,0,0,42801,0,0,0,0,4202,0,0,0,0,3173,0,0,0,0,0,0,0,0,0,0,0,0,0,0,TCGA-LL-A441-DX1_xmin82006_ymin43121_MPP-0.2500+48
50176,0,0,0,0,0,0,0,0,0,0,0,0,0,0,0,0,0,0,0,0,0,0,0,0,50176,0,0,0,0,0,0,0,0,0,0,0,0,0,0,0,0,0,0,0,0,0,0,0,0,50176,0,0,0,0,0,0,0,0,0,0,0,0,0,0,0,0,0,0,0,0,0,0,0,0,TCGA-LL-A441-DX1_xmin82006_ymin43121_MPP-0.2500+49
27857,20648,0,0,0,55,1616,0,0,0,0,0,0,0,0,0,0,0,0,0,0,0,0,0,0,28739,19766,0,0,0,244,1427,0,0,0,0,0,0,0,0,0,0,0,0,0,0,0,0,0,0,27690,20815,0,0,0,24,1647,0,0,0,0,0,0,0,0,0,0,0,0,0,0,0,0,0,0,TCGA-LL-A441-DX1_xmin82006_ymin43121_MPP-0.2500+5
50176,0,0,0,0,0,0,0,0,0,0,0,0,0,0,0,0,0,0,0,0,0,0,0,0,50176,0,0,0,0,0,0,0,0,0,0,0,0,0,0,0,0,0,0,0,0,0,0,0,0,50176,0,0,0,0,0,0,0,0,0,0,0,0,0,0,0,0,0,0,0,0,0,0,0,0,TCGA-LL-A441-DX1_xmin82006_ymin43121_MPP-0.2500+50
21470,17119,0,0,0,0,11587,0,0,0,0,0,0,0,0,0,0,0,0,0,0,0,0,0,0,21775,16814,0,0,0,13,11574,0,0,0,0,0,0,0,0,0,0,0,0,0,0,0,0,0,0,21674,16915,0,0,0,13,11574,0,0,0,0,0,0,0,0,0,0,0,0,0,0,0,0,0,0,TCGA-LL-A441-DX1_xmin82006_ymin43121_MPP-0.2500+51
13858,11832,0,0,0,1641,22735,0,0,0,0,0,0,0,0,0,0,0,0,0,0,0,0,0,110,14255,11435,0,0,0,1660,22716,0,0,0,0,0,0,0,0,0,0,0,0,0,0,0,0,0,110,14720,10970,0,0,0,1659,22717,0,0,0,0,0,0,0,0,0,0,0,0,0,0,0,0,0,110,TCGA-LL-A441-DX1_xmin82006_ymin43121_MPP-0.2500+52
0,0,0,0,0,8408,20809,0,0,0,0,0,0,0,0,0,0,0,0,0,0,0,0,0,20959,0,0,0,0,0,9382,19835,0,0,0,0,0,0,0,0,0,0,0,0,0,0,0,0,0,20959,0,0,0,0,0,8152,21065,0,0,0,0,0,0,0,0,0,0,0,0,0,0,0,0,0,20959,TCGA-LL-A441-DX1_xmin82006_ymin43121_MPP-0.2500+53
30311,0,0,0,0,19865,0,0,0,0,0,0,0,0,0,0,0,0,0,0,0,0,0,0,0,30311,0,0,0,0,19865,0,0,0,0,0,0,0,0,0,0,0,0,0,0,0,0,0,0,0,30311,0,0,0,0,19865,0,0,0,0,0,0,0,0,0,0,0,0,0,0,0,0,0,0,0,TCGA-LL-A441-DX1_xmin82006_ymin43121_MPP-0.2500+54
0,0,0,0,0,0,0,0,0,0,0,0,50176,0,0,0,0,0,0,0,0,0,0,0,0,0,0,0,0,0,0,0,0,0,0,0,0,50176,0,0,0,0,0,0,0,0,0,0,0,0,0,0,0,0,0,0,0,0,0,0,0,0,50176,0,0,0,0,0,0,0,0,0,0,0,0,TCGA-LL-A441-DX1_xmin82006_ymin43121_MPP-0.2500+55
0,0,0,0,0,0,0,0,0,0,0,0,50176,0,0,0,0,0,0,0,0,0,0,0,0,0,0,0,0,0,0,0,0,0,0,0,0,50176,0,0,0,0,0,0,0,0,0,0,0,0,0,0,0,0,0,0,0,0,0,0,0,0,50176,0,0,0,0,0,0,0,0,0,0,0,0,TCGA-LL-A441-DX1_xmin82006_ymin43121_MPP-0.2500+56
0,0,0,0,0,0,0,0,0,0,0,0,50176,0,0,0,0,0,0,0,0,0,0,0,0,0,0,0,0,0,0,0,0,0,0,0,0,50176,0,0,0,0,0,0,0,0,0,0,0,0,0,0,0,0,0,0,0,0,0,0,0,0,50176,0,0,0,0,0,0,0,0,0,0,0,0,TCGA-LL-A441-DX1_xmin82006_ymin43121_MPP-0.2500+57
0,0,0,0,0,0,0,0,0,0,0,0,50176,0,0,0,0,0,0,0,0,0,0,0,0,0,0,0,0,0,0,0,0,0,0,0,0,50176,0,0,0,0,0,0,0,0,0,0,0,0,0,0,0,0,0,0,0,0,0,0,0,0,50176,0,0,0,0,0,0,0,0,0,0,0,0,TCGA-LL-A441-DX1_xmin82006_ymin43121_MPP-0.2500+58
0,0,4181,0,0,0,0,33,0,0,0,0,45962,0,0,0,0,0,0,0,0,0,0,0,0,0,0,4181,0,0,0,0,33,0,0,0,0,45962,0,0,0,0,0,0,0,0,0,0,0,0,0,0,4181,0,0,0,0,33,0,0,0,0,45962,0,0,0,0,0,0,0,0,0,0,0,0,TCGA-LL-A441-DX1_xmin82006_ymin43121_MPP-0.2500+59
28137,12126,0,0,0,6155,3758,0,0,0,0,0,0,0,0,0,0,0,0,0,0,0,0,0,0,28439,11824,0,0,0,5997,3916,0,0,0,0,0,0,0,0,0,0,0,0,0,0,0,0,0,0,28790,11473,0,0,0,6266,3647,0,0,0,0,0,0,0,0,0,0,0,0,0,0,0,0,0,0,TCGA-LL-A441-DX1_xmin82006_ymin43121_MPP-0.2500+6
41107,0,0,0,0,802,0,0,0,0,8267,0,0,0,0,0,0,0,0,0,0,0,0,0,0,41107,0,0,0,0,802,0,0,0,0,8267,0,0,0,0,0,0,0,0,0,0,0,0,0,0,41107,0,0,0,0,802,0,0,0,0,8267,0,0,0,0,0,0,0,0,0,0,0,0,0,0,TCGA-LL-A441-DX1_xmin82006_ymin43121_MPP-0.2500+60
50176,0,0,0,0,0,0,0,0,0,0,0,0,0,0,0,0,0,0,0,0,0,0,0,0,50176,0,0,0,0,0,0,0,0,0,0,0,0,0,0,0,0,0,0,0,0,0,0,0,0,50176,0,0,0,0,0,0,0,0,0,0,0,0,0,0,0,0,0,0,0,0,0,0,0,0,TCGA-LL-A441-DX1_xmin82006_ymin43121_MPP-0.2500+61
0,20066,9239,0,0,0,17685,3186,0,0,0,0,0,0,0,0,0,0,0,0,0,0,0,0,0,0,20066,9239,0,0,0,17263,3608,0,0,0,0,0,0,0,0,0,0,0,0,0,0,0,0,0,0,20150,9155,0,0,0,17382,3489,0,0,0,0,0,0,0,0,0,0,0,0,0,0,0,0,0,TCGA-LL-A441-DX1_xmin82006_ymin43121_MPP-0.2500+62
0,8745,12485,0,0,0,28138,808,0,0,0,0,0,0,0,0,0,0,0,0,0,0,0,0,0,0,8127,13103,0,0,0,28145,801,0,0,0,0,0,0,0,0,0,0,0,0,0,0,0,0,0,0,8619,12611,0,0,0,28081,865,0,0,0,0,0,0,0,0,0,0,0,0,0,0,0,0,0,TCGA-LL-A441-DX1_xmin82006_ymin43121_MPP-0.2500+63
0,1351,0,0,0,0,46791,0,0,0,0,0,0,0,0,0,0,0,0,0,0,0,0,0,2034,0,1351,0,0,0,0,46791,0,0,0,0,0,0,0,0,0,0,0,0,0,0,0,0,0,2034,0,1351,0,0,0,0,46791,0,0,0,0,0,0,0,0,0,0,0,0,0,0,0,0,0,2034,TCGA-LL-A441-DX1_xmin82006_ymin43121_MPP-0.2500+64
0,0,0,0,0,426,0,935,0,0,0,0,38943,0,0,0,0,0,0,0,0,0,0,0,9872,0,0,0,0,0,355,0,1006,0,0,0,0,38943,0,0,0,0,0,0,0,0,0,0,0,9872,0,0,0,0,0,286,0,1075,0,0,0,0,38943,0,0,0,0,0,0,0,0,0,0,0,9872,TCGA-LL-A441-DX1_xmin82006_ymin43121_MPP-0.2500+65
0,0,0,0,0,0,0,0,0,0,0,0,50176,0,0,0,0,0,0,0,0,0,0,0,0,0,0,0,0,0,0,0,0,0,0,0,0,50176,0,0,0,0,0,0,0,0,0,0,0,0,0,0,0,0,0,0,0,0,0,0,0,0,50176,0,0,0,0,0,0,0,0,0,0,0,0,TCGA-LL-A441-DX1_xmin82006_ymin43121_MPP-0.2500+66
0,0,0,0,0,0,0,0,0,0,0,0,50176,0,0,0,0,0,0,0,0,0,0,0,0,0,0,0,0,0,0,0,0,0,0,0,0,50176,0,0,0,0,0,0,0,0,0,0,0,0,0,0,0,0,0,0,0,0,0,0,0,0,50176,0,0,0,0,0,0,0,0,0,0,0,0,TCGA-LL-A441-DX1_xmin82006_ymin43121_MPP-0.2500+67
0,0,0,0,0,0,0,0,0,0,0,0,50176,0,0,0,0,0,0,0,0,0,0,0,0,0,0,0,0,0,0,0,0,0,0,0,0,50176,0,0,0,0,0,0,0,0,0,0,0,0,0,0,0,0,0,0,0,0,0,0,0,0,50176,0,0,0,0,0,0,0,0,0,0,0,0,TCGA-LL-A441-DX1_xmin82006_ymin43121_MPP-0.2500+68
0,0,10128,0,0,0,0,2631,0,0,0,0,37417,0,0,0,0,0,0,0,0,0,0,0,0,0,0,10128,0,0,0,0,2631,0,0,0,0,37417,0,0,0,0,0,0,0,0,0,0,0,0,0,0,10128,0,0,0,0,2631,0,0,0,0,37417,0,0,0,0,0,0,0,0,0,0,0,0,TCGA-LL-A441-DX1_xmin82006_ymin43121_MPP-0.2500+69
43190,0,0,0,0,6986,0,0,0,0,0,0,0,0,0,0,0,0,0,0,0,0,0,0,0,35152,8038,0,0,0,5401,1585,0,0,0,0,0,0,0,0,0,0,0,0,0,0,0,0,0,0,43190,0,0,0,0,6986,0,0,0,0,0,0,0,0,0,0,0,0,0,0,0,0,0,0,0,TCGA-LL-A441-DX1_xmin82006_ymin43121_MPP-0.2500+7
49504,0,0,0,0,507,0,0,0,0,165,0,0,0,0,0,0,0,0,0,0,0,0,0,0,49504,0,0,0,0,507,0,0,0,0,165,0,0,0,0,0,0,0,0,0,0,0,0,0,0,49504,0,0,0,0,507,0,0,0,0,165,0,0,0,0,0,0,0,0,0,0,0,0,0,0,TCGA-LL-A441-DX1_xmin82006_ymin43121_MPP-0.2500+70
49980,0,0,0,0,196,0,0,0,0,0,0,0,0,0,0,0,0,0,0,0,0,0,0,0,49980,0,0,0,0,196,0,0,0,0,0,0,0,0,0,0,0,0,0,0,0,0,0,0,0,49980,0,0,0,0,196,0,0,0,0,0,0,0,0,0,0,0,0,0,0,0,0,0,0,0,TCGA-LL-A441-DX1_xmin82006_ymin43121_MPP-0.2500+71
1840,18559,8068,0,0,0,21399,310,0,0,0,0,0,0,0,0,0,0,0,0,0,0,0,0,0,1504,18715,8248,0,0,0,21617,92,0,0,0,0,0,0,0,0,0,0,0,0,0,0,0,0,0,2128,18372,7967,0,0,0,21402,307,0,0,0,0,0,0,0,0,0,0,0,0,0,0,0,0,0,TCGA-LL-A441-DX1_xmin82006_ymin43121_MPP-0.2500+72
0,0,0,0,0,0,0,0,0,0,0,0,50176,0,0,0,0,0,0,0,0,0,0,0,0,0,0,0,0,0,0,0,0,0,0,0,0,50176,0,0,0,0,0,0,0,0,0,0,0,0,0,0,0,0,0,0,0,0,0,0,0,0,50176,0,0,0,0,0,0,0,0,0,0,0,0,TCGA-LL-A441-DX1_xmin82006_ymin43121_MPP-0.2500+73
0,0,0,0,0,0,0,0,0,0,0,0,50176,0,0,0,0,0,0,0,0,0,0,0,0,0,0,0,0,0,0,0,0,0,0,0,0,50176,0,0,0,0,0,0,0,0,0,0,0,0,0,0,0,0,0,0,0,0,0,0,0,0,50176,0,0,0,0,0,0,0,0,0,0,0,0,TCGA-LL-A441-DX1_xmin82006_ymin43121_MPP-0.2500+74
0,0,0,0,0,0,0,0,0,0,0,0,50176,0,0,0,0,0,0,0,0,0,0,0,0,0,0,0,0,0,0,0,0,0,0,0,0,50176,0,0,0,0,0,0,0,0,0,0,0,0,0,0,0,0,0,0,0,0,0,0,0,0,50176,0,0,0,0,0,0,0,0,0,0,0,0,TCGA-LL-A441-DX1_xmin82006_ymin43121_MPP-0.2500+75
31032,0,0,0,0,1317,0,0,0,0,17827,0,0,0,0,0,0,0,0,0,0,0,0,0,0,31032,0,0,0,0,1317,0,0,0,0,17827,0,0,0,0,0,0,0,0,0,0,0,0,0,0,31032,0,0,0,0,1317,0,0,0,0,17827,0,0,0,0,0,0,0,0,0,0,0,0,0,0,TCGA-LL-A441-DX1_xmin82006_ymin43121_MPP-0.2500+76
50176,0,0,0,0,0,0,0,0,0,0,0,0,0,0,0,0,0,0,0,0,0,0,0,0,50176,0,0,0,0,0,0,0,0,0,0,0,0,0,0,0,0,0,0,0,0,0,0,0,0,50176,0,0,0,0,0,0,0,0,0,0,0,0,0,0,0,0,0,0,0,0,0,0,0,0,TCGA-LL-A441-DX1_xmin82006_ymin43121_MPP-0.2500+77
35282,5731,0,0,0,338,8825,0,0,0,0,0,0,0,0,0,0,0,0,0,0,0,0,0,0,35341,5672,0,0,0,329,8834,0,0,0,0,0,0,0,0,0,0,0,0,0,0,0,0,0,0,35572,5441,0,0,0,345,8818,0,0,0,0,0,0,0,0,0,0,0,0,0,0,0,0,0,0,TCGA-LL-A441-DX1_xmin82006_ymin43121_MPP-0.2500+78
0,0,0,0,0,0,0,7918,0,0,0,0,39258,0,0,0,0,0,0,0,0,0,0,0,3000,0,0,0,0,0,0,0,7918,0,0,0,0,39258,0,0,0,0,0,0,0,0,0,0,0,3000,0,0,0,0,0,0,0,7918,0,0,0,0,39258,0,0,0,0,0,0,0,0,0,0,0,3000,TCGA-LL-A441-DX1_xmin82006_ymin43121_MPP-0.2500+79
13654,4511,0,0,0,463,31548,0,0,0,0,0,0,0,0,0,0,0,0,0,0,0,0,0,0,14001,4164,0,0,0,651,31360,0,0,0,0,0,0,0,0,0,0,0,0,0,0,0,0,0,0,13880,4285,0,0,0,661,31350,0,0,0,0,0,0,0,0,0,0,0,0,0,0,0,0,0,0,TCGA-LL-A441-DX1_xmin82006_ymin43121_MPP-0.2500+8
0,0,0,0,0,0,0,9259,0,0,0,0,27189,0,0,0,0,0,0,0,0,0,0,0,13728,0,0,0,0,0,0,0,9259,0,0,0,0,27189,0,0,0,0,0,0,0,0,0,0,0,13728,0,0,0,0,0,0,0,9259,0,0,0,0,27189,0,0,0,0,0,0,0,0,0,0,0,13728,TCGA-LL-A441-DX1_xmin82006_ymin43121_MPP-0.2500+80
960,0,9078,0,0,1071,0,14274,0,0,240,0,17500,0,0,0,0,0,0,0,0,0,0,0,7053,576,0,9462,0,0,940,0,14405,0,0,240,0,17500,0,0,0,0,0,0,0,0,0,0,0,7053,928,0,9110,0,0,1003,0,14342,0,0,176,0,17564,0,0,0,0,0,0,0,0,0,0,0,7053,TCGA-LL-A441-DX1_xmin82006_ymin43121_MPP-0.2500+81
50176,0,0,0,0,0,0,0,0,0,0,0,0,0,0,0,0,0,0,0,0,0,0,0,0,50176,0,0,0,0,0,0,0,0,0,0,0,0,0,0,0,0,0,0,0,0,0,0,0,0,50176,0,0,0,0,0,0,0,0,0,0,0,0,0,0,0,0,0,0,0,0,0,0,0,0,TCGA-LL-A441-DX1_xmin82006_ymin43121_MPP-0.2500+82
0,0,0,0,0,1869,0,11099,0,0,0,0,152,0,0,0,0,0,0,0,0,0,0,0,37056,0,0,0,0,0,1850,0,11118,0,0,0,0,152,0,0,0,0,0,0,0,0,0,0,0,37056,0,0,0,0,0,1889,0,11079,0,0,0,0,152,0,0,0,0,0,0,0,0,0,0,0,37056,TCGA-LL-A441-DX1_xmin82006_ymin43121_MPP-0.2500+83
144,0,241,0,0,1559,0,10149,0,0,133,0,24031,0,0,0,0,0,0,0,0,0,0,0,13919,142,0,243,0,0,1447,0,10261,0,0,90,0,24074,0,0,0,0,0,0,0,0,0,0,0,13919,139,0,246,0,0,1653,0,10055,0,0,121,0,24043,0,0,0,0,0,0,0,0,0,0,0,13919,TCGA-LL-A441-DX1_xmin82006_ymin43121_MPP-0.2500+84
34641,3393,0,0,0,1266,10876,0,0,0,0,0,0,0,0,0,0,0,0,0,0,0,0,0,0,34765,3269,0,0,0,1487,10655,0,0,0,0,0,0,0,0,0,0,0,0,0,0,0,0,0,0,34582,3452,0,0,0,1116,11026,0,0,0,0,0,0,0,0,0,0,0,0,0,0,0,0,0,0,TCGA-LL-A441-DX1_xmin82006_ymin43121_MPP-0.2500+9
0,0,0,0,0,0,21299,8230,0,0,0,1233,19414,0,0,0,0,0,0,0,0,0,0,0,0,0,0,0,0,0,0,19959,9570,0,0,0,897,19750,0,0,0,0,0,0,0,0,0,0,0,0,0,0,0,0,0,0,20370,9159,0,0,0,727,19920,0,0,0,0,0,0,0,0,0,0,0,0,TCGA-LL-A5YO-DX1_xmin36631_ymin44396_MPP-0.2500+0
0,0,0,0,0,0,40134,6823,0,0,0,0,3219,0,0,0,0,0,0,0,0,0,0,0,0,0,0,0,0,0,0,40714,6243,0,0,0,0,3219,0,0,0,0,0,0,0,0,0,0,0,0,0,0,0,0,0,0,39571,7386,0,0,0,0,3219,0,0,0,0,0,0,0,0,0,0,0,0,TCGA-LL-A5YO-DX1_xmin36631_ymin44396_MPP-0.2500+1
23624,1352,1477,0,0,2542,3784,10260,0,0,522,0,6615,0,0,0,0,0,0,0,0,0,0,0,0,23508,1363,1582,0,0,2623,3825,10138,0,0,485,0,6652,0,0,0,0,0,0,0,0,0,0,0,0,23862,1019,1572,0,0,2642,3833,10111,0,0,487,10,6640,0,0,0,0,0,0,0,0,0,0,0,0,TCGA-LL-A5YO-DX1_xmin36631_ymin44396_MPP-0.2500+10
0,0,1122,0,0,303,0,2580,0,0,1,0,46170,0,0,0,0,0,0,0,0,0,0,0,0,0,0,1122,0,0,303,0,2580,0,0,1,0,46170,0,0,0,0,0,0,0,0,0,0,0,0,0,0,1122,0,0,239,0,2644,0,0,1,0,46170,0,0,0,0,0,0,0,0,0,0,0,0,TCGA-LL-A5YO-DX1_xmin36631_ymin44396_MPP-0.2500+11
0,0,0,0,0,0,33106,3401,0,0,0,801,4575,0,0,0,0,0,0,0,0,0,0,0,8293,0,0,0,0,0,0,33129,3378,0,0,0,551,4825,0,0,0,0,0,0,0,0,0,0,0,8293,0,0,0,0,0,0,30939,5568,0,0,0,959,4417,0,0,0,0,0,0,0,0,0,0,0,8293,TCGA-LL-A5YO-DX1_xmin36631_ymin44396_MPP-0.2500+12
0,0,0,0,0,0,29763,16755,0,0,0,0,0,0,0,0,0,0,0,0,0,0,0,0,3658,0,0,0,0,0,0,30499,16019,0,0,0,0,0,0,0,0,0,0,0,0,0,0,0,0,3658,0,0,0,0,0,0,28726,17792,0,0,0,0,0,0,0,0,0,0,0,0,0,0,0,0,3658,TCGA-LL-A5YO-DX1_xmin36631_ymin44396_MPP-0.2500+13
0,0,0,0,0,0,30054,1530,0,0,0,5827,12701,0,0,0,0,0,0,0,0,0,0,0,64,0,0,0,0,0,0,30167,1417,0,0,0,6008,12520,0,0,0,0,0,0,0,0,0,0,0,64,0,0,0,0,0,0,30033,1551,0,0,0,5507,13021,0,0,0,0,0,0,0,0,0,0,0,64,TCGA-LL-A5YO-DX1_xmin36631_ymin44396_MPP-0.2500+14
0,0,0,0,0,0,16121,138,0,0,0,10123,23484,0,0,0,0,0,0,0,0,0,0,0,310,0,0,0,0,0,0,16096,163,0,0,0,10133,23474,0,0,0,0,0,0,0,0,0,0,0,310,0,0,0,0,0,0,16079,180,0,0,0,10197,23410,0,0,0,0,0,0,0,0,0,0,0,310,TCGA-LL-A5YO-DX1_xmin36631_ymin44396_MPP-0.2500+15
0,12314,2353,0,0,0,18109,5816,0,0,0,5900,5684,0,0,0,0,0,0,0,0,0,0,0,0,0,12650,2017,0,0,0,18461,5464,0,0,0,6126,5458,0,0,0,0,0,0,0,0,0,0,0,0,0,11609,3058,0,0,0,18152,5773,0,0,0,6485,5099,0,0,0,0,0,0,0,0,0,0,0,0,TCGA-LL-A5YO-DX1_xmin36631_ymin44396_MPP-0.2500+16
0,0,0,0,0,0,22600,5451,0,0,0,5173,16952,0,0,0,0,0,0,0,0,0,0,0,0,0,0,0,0,0,0,21648,6403,0,0,0,4257,17868,0,0,0,0,0,0,0,0,0,0,0,0,0,0,0,0,0,0,22616,5435,0,0,0,4913,17212,0,0,0,0,0,0,0,0,0,0,0,0,TCGA-LL-A5YO-DX1_xmin36631_ymin44396_MPP-0.2500+17
0,0,0,0,0,0,12409,6013,0,0,0,6700,21304,0,0,0,0,0,0,0,0,0,0,0,3750,0,0,0,0,0,0,12392,6030,0,0,0,6637,21367,0,0,0,0,0,0,0,0,0,0,0,3750,0,0,0,0,0,0,12621,5801,0,0,0,6814,21190,0,0,0,0,0,0,0,0,0,0,0,3750,TCGA-LL-A5YO-DX1_xmin36631_ymin44396_MPP-0.2500+18
0,0,0,0,0,0,20879,4438,0,0,0,10214,10336,0,0,0,0,0,0,0,0,0,0,0,4309,0,0,0,0,0,0,18720,6597,0,0,0,9408,11142,0,0,0,0,0,0,0,0,0,0,0,4309,0,0,0,0,0,0,17947,7370,0,0,0,9977,10573,0,0,0,0,0,0,0,0,0,0,0,4309,TCGA-LL-A5YO-DX1_xmin36631_ymin44396_MPP-0.2500+19
0,0,0,0,0,0,15972,29256,0,0,0,14,4934,0,0,0,0,0,0,0,0,0,0,0,0,0,0,0,0,0,0,16349,28879,0,0,0,14,4934,0,0,0,0,0,0,0,0,0,0,0,0,0,0,0,0,0,0,15601,29627,0,0,0,15,4933,0,0,0,0,0,0,0,0,0,0,0,0,TCGA-LL-A5YO-DX1_xmin36631_ymin44396_MPP-0.2500+2
0,0,0,0,0,0,32191,6025,0,0,0,1107,6528,0,0,0,0,0,0,0,0,0,0,0,4325,0,0,0,0,0,0,31474,6742,0,0,0,895,6740,0,0,0,0,0,0,0,0,0,0,0,4325,0,0,0,0,0,0,32137,6079,0,0,0,941,6694,0,0,0,0,0,0,0,0,0,0,0,4325,TCGA-LL-A5YO-DX1_xmin36631_ymin44396_MPP-0.2500+20
0,0,0,0,0,0,28808,17982,0,0,0,58,2,0,0,0,0,0,0,0,0,0,0,0,3326,0,0,0,0,0,0,29643,17147,0,0,0,59,1,0,0,0,0,0,0,0,0,0,0,0,3326,0,0,0,0,0,0,25915,20875,0,0,0,58,2,0,0,0,0,0,0,0,0,0,0,0,3326,TCGA-LL-A5YO-DX1_xmin36631_ymin44396_MPP-0.2500+21
0,0,0,0,0,0,32462,11283,0,0,0,440,5122,0,0,0,0,0,0,0,0,0,0,0,869,0,0,0,0,0,0,32573,11172,0,0,0,339,5223,0,0,0,0,0,0,0,0,0,0,0,869,0,0,0,0,0,0,29756,13989,0,0,0,352,5210,0,0,0,0,0,0,0,0,0,0,0,869,TCGA-LL-A5YO-DX1_xmin36631_ymin44396_MPP-0.2500+22
0,0,0,0,0,0,28133,9232,0,0,0,3807,8117,0,0,0,0,0,0,0,0,0,0,0,887,0,0,0,0,0,0,27749,9616,0,0,0,3832,8092,0,0,0,0,0,0,0,0,0,0,0,887,0,0,0,0,0,0,27901,9464,0,0,0,3853,8071,0,0,0,0,0,0,0,0,0,0,0,887,TCGA-LL-A5YO-DX1_xmin36631_ymin44396_MPP-0.2500+23
1264,0,4527,0,0,0,0,4410,0,0,0,0,39975,0,0,0,0,0,0,0,0,0,0,0,0,1136,0,4655,0,0,0,0,4410,0,0,0,0,39975,0,0,0,0,0,0,0,0,0,0,0,0,1328,0,4463,0,0,0,0,4410,0,0,0,0,39975,0,0,0,0,0,0,0,0,0,0,0,0,TCGA-LL-A5YO-DX1_xmin36631_ymin44396_MPP-0.2500+24
0,0,0,0,0,0,1068,2650,0,0,0,15160,31298,0,0,0,0,0,0,0,0,0,0,0,0,0,0,0,0,0,0,1107,2611,0,0,0,15769,30689,0,0,0,0,0,0,0,0,0,0,0,0,0,0,0,0,0,0,1090,2628,0,0,0,15358,31100,0,0,0,0,0,0,0,0,0,0,0,0,TCGA-LL-A5YO-DX1_xmin36631_ymin44396_MPP-0.2500+25
0,0,0,0,0,0,0,0,0,0,0,0,50176,0,0,0,0,0,0,0,0,0,0,0,0,0,0,0,0,0,0,0,0,0,0,0,11166,39010,0,0,0,0,0,0,0,0,0,0,0,0,0,0,0,0,0,0,0,0,0,0,0,10959,39217,0,0,0,0,0,0,0,0,0,0,0,0,TCGA-LL-A5YO-DX1_xmin36631_ymin44396_MPP-0.2500+26
0,0,0,0,0,0,9885,7500,0,0,0,7219,24177,0,0,0,0,0,0,0,0,0,0,0,1395,0,0,0,0,0,0,9497,7888,0,0,0,6880,24516,0,0,0,0,0,0,0,0,0,0,0,1395,0,0,0,0,0,0,9846,7539,0,0,0,6559,24837,0,0,0,0,0,0,0,0,0,0,0,1395,TCGA-LL-A5YO-DX1_xmin36631_ymin44396_MPP-0.2500+27
0,0,0,0,0,0,28046,17611,0,0,0,0,0,0,0,0,0,0,0,0,0,0,0,0,4519,0,0,0,0,0,0,28765,16892,0,0,0,0,0,0,0,0,0,0,0,0,0,0,0,0,4519,0,0,0,0,0,0,27427,18230,0,0,0,0,0,0,0,0,0,0,0,0,0,0,0,0,4519,TCGA-LL-A5YO-DX1_xmin36631_ymin44396_MPP-0.2500+28
0,0,0,0,0,0,26250,13196,0,0,0,3676,7054,0,0,0,0,0,0,0,0,0,0,0,0,0,0,0,0,0,0,26434,13012,0,0,0,3595,7135,0,0,0,0,0,0,0,0,0,0,0,0,0,0,0,0,0,0,25197,14249,0,0,0,3678,7052,0,0,0,0,0,0,0,0,0,0,0,0,TCGA-LL-A5YO-DX1_xmin36631_ymin44396_MPP-0.2500+29
0,0,0,0,0,0,25967,11907,0,0,0,0,9149,0,0,0,0,0,0,0,0,0,0,0,3153,0,0,0,0,0,0,25208,12666,0,0,0,0,9149,0,0,0,0,0,0,0,0,0,0,0,3153,0,0,0,0,0,0,25332,12542,0,0,0,0,9149,0,0,0,0,0,0,0,0,0,0,0,3153,TCGA-LL-A5YO-DX1_xmin36631_ymin44396_MPP-0.2500+3
7283,45,0,0,0,1730,9001,5021,0,0,0,9763,17072,0,0,0,0,0,0,0,0,0,0,0,261,7286,42,0,0,0,1630,8890,5232,0,0,0,9505,17330,0,0,0,0,0,0,0,0,0,0,0,261,7272,56,0,0,0,1783,8972,4997,0,0,0,10206,16629,0,0,0,0,0,0,0,0,0,0,0,261,TCGA-LL-A5YO-DX1_xmin36631_ymin44396_MPP-0.2500+30
0,0,0,0,0,0,8288,15530,0,0,0,14755,10196,0,0,0,0,0,0,0,0,0,0,0,1407,0,0,0,0,0,0,8722,15096,0,0,0,16349,8602,0,0,0,0,0,0,0,0,0,0,0,1407,0,0,0,0,0,0,8068,15750,0,0,0,14039,10912,0,0,0,0,0,0,0,0,0,0,0,1407,TCGA-LL-A5YO-DX1_xmin36631_ymin44396_MPP-0.2500+31
0,0,1404,0,0,0,0,850,0,0,0,0,47922,0,0,0,0,0,0,0,0,0,0,0,0,16,0,1388,0,0,0,0,850,0,0,0,0,47922,0,0,0,0,0,0,0,0,0,0,0,0,0,0,1404,0,0,0,0,850,0,0,0,0,47922,0,0,0,0,0,0,0,0,0,0,0,0,TCGA-LL-A5YO-DX1_xmin36631_ymin44396_MPP-0.2500+32
0,0,0,0,0,0,0,0,0,0,0,0,50176,0,0,0,0,0,0,0,0,0,0,0,0,0,0,0,0,0,0,0,0,0,0,0,0,50176,0,0,0,0,0,0,0,0,0,0,0,0,0,0,0,0,0,0,0,0,0,0,0,0,50176,0,0,0,0,0,0,0,0,0,0,0,0,TCGA-LL-A5YO-DX1_xmin36631_ymin44396_MPP-0.2500+33
0,0,0,0,0,0,0,0,0,0,0,12768,37408,0,0,0,0,0,0,0,0,0,0,0,0,0,0,0,0,0,0,0,0,0,0,0,12203,37973,0,0,0,0,0,0,0,0,0,0,0,0,0,0,0,0,0,0,0,0,0,0,0,14222,35954,0,0,0,0,0,0,0,0,0,0,0,0,TCGA-LL-A5YO-DX1_xmin36631_ymin44396_MPP-0.2500+34
0,0,0,0,0,0,2619,1085,0,0,0,18405,28067,0,0,0,0,0,0,0,0,0,0,0,0,0,0,0,0,0,0,2771,933,0,0,0,18489,27983,0,0,0,0,0,0,0,0,0,0,0,0,0,0,0,0,0,0,2681,1023,0,0,0,18436,28036,0,0,0,0,0,0,0,0,0,0,0,0,TCGA-LL-A5YO-DX1_xmin36631_ymin44396_MPP-0.2500+35
0,0,0,0,0,0,27555,2572,0,0,0,4752,15297,0,0,0,0,0,0,0,0,0,0,0,0,0,0,0,0,0,0,26326,3801,0,0,0,4456,15593,0,0,0,0,0,0,0,0,0,0,0,0,0,0,0,0,0,0,27569,2558,0,0,0,4574,15475,0,0,0,0,0,0,0,0,0,0,0,0,TCGA-LL-A5YO-DX1_xmin36631_ymin44396_MPP-0.2500+36
128,7589,11,0,0,0,26407,8018,0,0,0,1904,4901,0,0,0,0,0,0,0,0,0,0,0,1218,1,7723,4,0,0,0,27363,7062,0,0,0,1780,5025,0,0,0,0,0,0,0,0,0,0,0,1218,192,7528,8,0,0,0,26778,7647,0,0,0,2245,4560,0,0,0,0,0,0,0,0,0,0,0,1218,TCGA-LL-A5YO-DX1_xmin36631_ymin44396_MPP-0.2500+37
22649,1594,280,0,0,4251,3311,1346,0,0,2073,2253,10500,0,0,0,0,0,0,0,0,0,0,0,1919,22578,1734,211,0,0,4284,3542,1082,0,0,2036,2793,9997,0,0,0,0,0,0,0,0,0,0,0,1919,22835,1369,319,0,0,4475,2944,1489,0,0,2152,2425,10249,0,0,0,0,0,0,0,0,0,0,0,1919,TCGA-LL-A5YO-DX1_xmin36631_ymin44396_MPP-0.2500+38
4737,0,0,0,0,5133,0,0,0,0,36636,0,0,0,0,0,0,0,0,0,0,0,0,0,3670,4737,0,0,0,0,5133,0,0,0,0,36636,0,0,0,0,0,0,0,0,0,0,0,0,0,3670,4737,0,0,0,0,5133,0,0,0,0,36636,0,0,0,0,0,0,0,0,0,0,0,0,0,3670,TCGA-LL-A5YO-DX1_xmin36631_ymin44396_MPP-0.2500+39
0,0,0,0,0,0,24824,16371,0,0,0,0,4,0,0,0,0,0,0,0,0,0,0,0,8977,0,0,0,0,0,0,23744,17451,0,0,0,0,4,0,0,0,0,0,0,0,0,0,0,0,8977,0,0,0,0,0,0,22696,18499,0,0,0,0,4,0,0,0,0,0,0,0,0,0,0,0,8977,TCGA-LL-A5YO-DX1_xmin36631_ymin44396_MPP-0.2500+4
6378,0,528,0,0,731,0,3514,0,0,4491,0,34534,0,0,0,0,0,0,0,0,0,0,0,0,6332,0,574,0,0,692,0,3553,0,0,4397,0,34628,0,0,0,0,0,0,0,0,0,0,0,0,6385,0,521,0,0,622,0,3623,0,0,4477,0,34548,0,0,0,0,0,0,0,0,0,0,0,0,TCGA-LL-A5YO-DX1_xmin36631_ymin44396_MPP-0.2500+40
1392,0,5903,0,0,0,0,4334,0,0,0,0,38547,0,0,0,0,0,0,0,0,0,0,0,0,992,0,6303,0,0,0,0,4334,0,0,0,0,38547,0,0,0,0,0,0,0,0,0,0,0,0,1519,0,5776,0,0,1,0,4333,0,0,0,0,38547,0,0,0,0,0,0,0,0,0,0,0,0,TCGA-LL-A5YO-DX1_xmin36631_ymin44396_MPP-0.2500+41
0,896,249,0,0,0,1297,561,0,0,0,23896,23277,0,0,0,0,0,0,0,0,0,0,0,0,0,905,240,0,0,0,1194,664,0,0,0,22716,24457,0,0,0,0,0,0,0,0,0,0,0,0,0,1113,32,0,0,0,1317,541,0,0,0,23341,23832,0,0,0,0,0,0,0,0,0,0,0,0,TCGA-LL-A5YO-DX1_xmin36631_ymin44396_MPP-0.2500+42
0,594,0,0,0,0,19600,5615,0,0,0,2861,21506,0,0,0,0,0,0,0,0,0,0,0,0,0,594,0,0,0,0,19543,5672,0,0,0,2765,21602,0,0,0,0,0,0,0,0,0,0,0,0,0,594,0,0,0,0,19828,5387,0,0,0,2963,21404,0,0,0,0,0,0,0,0,0,0,0,0,TCGA-LL-A5YO-DX1_xmin36631_ymin44396_MPP-0.2500+43
26993,2893,0,0,0,3600,12379,0,0,0,939,24,0,0,0,0,0,0,0,0,0,0,0,0,3348,26935,2951,0,0,0,3732,12247,0,0,0,945,18,0,0,0,0,0,0,0,0,0,0,0,0,3348,27367,2519,0,0,0,3630,12349,0,0,0,874,89,0,0,0,0,0,0,0,0,0,0,0,0,3348,TCGA-LL-A5YO-DX1_xmin36631_ymin44396_MPP-0.2500+44
0,6557,1610,0,0,0,18338,14145,0,0,0,860,8341,0,0,0,0,0,0,0,0,0,0,0,325,0,6577,1590,0,0,0,20077,12406,0,0,0,929,8272,0,0,0,0,0,0,0,0,0,0,0,325,0,6703,1464,0,0,0,17813,14670,0,0,0,984,8217,0,0,0,0,0,0,0,0,0,0,0,325,TCGA-LL-A5YO-DX1_xmin36631_ymin44396_MPP-0.2500+45
0,4053,0,0,0,0,4197,1498,0,0,0,13847,26581,0,0,0,0,0,0,0,0,0,0,0,0,0,4053,0,0,0,0,3688,2007,0,0,0,12650,27778,0,0,0,0,0,0,0,0,0,0,0,0,2320,0,1733,0,0,0,0,5695,0,0,0,0,40428,0,0,0,0,0,0,0,0,0,0,0,0,TCGA-LL-A5YO-DX1_xmin36631_ymin44396_MPP-0.2500+46
15817,0,0,0,0,8807,0,0,0,0,24643,0,0,0,0,0,0,0,0,0,0,0,0,0,909,15817,0,0,0,0,8807,0,0,0,0,24643,0,0,0,0,0,0,0,0,0,0,0,0,0,909,15817,0,0,0,0,8807,0,0,0,0,24643,0,0,0,0,0,0,0,0,0,0,0,0,0,909,TCGA-LL-A5YO-DX1_xmin36631_ymin44396_MPP-0.2500+47
16099,6647,99,0,0,2000,6373,2373,0,0,86,7920,2415,0,0,0,0,0,0,0,0,0,0,0,6164,16172,6506,167,0,0,1915,5993,2838,0,0,63,7735,2623,0,0,0,0,0,0,0,0,0,0,0,6164,16654,6052,139,0,0,2348,5856,2542,0,0,72,8219,2130,0,0,0,0,0,0,0,0,0,0,0,6164,TCGA-LL-A5YO-DX1_xmin36631_ymin44396_MPP-0.2500+48
37912,0,0,0,0,3749,0,0,0,0,5172,0,0,0,0,0,0,0,0,0,0,0,0,0,3343,32224,0,5688,0,0,2570,0,1179,0,0,521,0,4651,0,0,0,0,0,0,0,0,0,0,0,3343,37912,0,0,0,0,3749,0,0,0,0,5172,0,0,0,0,0,0,0,0,0,0,0,0,0,3343,TCGA-LL-A5YO-DX1_xmin36631_ymin44396_MPP-0.2500+49
0,0,0,0,0,0,30639,12699,0,0,0,74,0,0,0,0,0,0,0,0,0,0,0,0,6764,0,0,0,0,0,0,29439,13899,0,0,0,74,0,0,0,0,0,0,0,0,0,0,0,0,6764,0,0,0,0,0,0,29680,13658,0,0,0,74,0,0,0,0,0,0,0,0,0,0,0,0,6764,TCGA-LL-A5YO-DX1_xmin36631_ymin44396_MPP-0.2500+5
22845,0,10321,0,0,2818,0,6692,0,0,597,0,6903,0,0,0,0,0,0,0,0,0,0,0,0,22749,0,10417,0,0,2742,0,6768,0,0,597,0,6903,0,0,0,0,0,0,0,0,0,0,0,0,23633,0,9533,0,0,3161,0,6349,0,0,660,0,6840,0,0,0,0,0,0,0,0,0,0,0,0,TCGA-LL-A5YO-DX1_xmin36631_ymin44396_MPP-0.2500+50
4609,367,0,0,0,1464,12525,8228,0,0,603,1540,20840,0,0,0,0,0,0,0,0,0,0,0,0,4615,361,0,0,0,1566,13589,7062,0,0,651,1736,20596,0,0,0,0,0,0,0,0,0,0,0,0,4620,356,0,0,0,1535,11812,8870,0,0,681,1822,20480,0,0,0,0,0,0,0,0,0,0,0,0,TCGA-LL-A5YO-DX1_xmin36631_ymin44396_MPP-0.2500+51
0,1022,44,0,0,0,23575,10570,0,0,0,2784,4839,0,0,0,0,0,0,0,0,0,0,0,7342,0,1040,26,0,0,0,22517,11628,0,0,0,1953,5670,0,0,0,0,0,0,0,0,0,0,0,7342,0,1030,36,0,0,0,23838,10307,0,0,0,2696,4927,0,0,0,0,0,0,0,0,0,0,0,7342,TCGA-LL-A5YO-DX1_xmin36631_ymin44396_MPP-0.2500+52
0,0,0,0,0,0,12363,13020,0,0,0,8512,16281,0,0,0,0,0,0,0,0,0,0,0,0,0,0,0,0,0,0,12816,12567,0,0,0,7742,17051,0,0,0,0,0,0,0,0,0,0,0,0,0,0,0,0,0,0,12192,13191,0,0,0,7395,17398,0,0,0,0,0,0,0,0,0,0,0,0,TCGA-LL-A5YO-DX1_xmin36631_ymin44396_MPP-0.2500+53
0,0,0,0,0,0,13407,2097,0,0,0,6287,28385,0,0,0,0,0,0,0,0,0,0,0,0,0,0,0,0,0,0,13255,2249,0,0,0,5743,28929,0,0,0,0,0,0,0,0,0,0,0,0,0,0,0,0,0,0,13087,2417,0,0,0,5549,29123,0,0,0,0,0,0,0,0,0,0,0,0,TCGA-LL-A5YO-DX1_xmin36631_ymin44396_MPP-0.2500+54
0,6030,0,0,0,0,8721,0,0,0,0,29543,0,0,0,0,0,0,0,0,0,0,0,0,5882,0,6030,0,0,0,0,8721,0,0,0,0,29543,0,0,0,0,0,0,0,0,0,0,0,0,5882,0,6030,0,0,0,0,8721,0,0,0,0,29543,0,0,0,0,0,0,0,0,0,0,0,0,5882,TCGA-LL-A5YO-DX1_xmin36631_ymin44396_MPP-0.2500+55
0,0,0,0,0,0,0,0,0,0,0,0,50176,0,0,0,0,0,0,0,0,0,0,0,0,0,0,0,0,0,0,0,0,0,0,4,0,50172,0,0,0,0,0,0,0,0,0,0,0,0,0,0,0,0,0,0,0,0,0,0,0,0,50176,0,0,0,0,0,0,0,0,0,0,0,0,TCGA-LL-A5YO-DX1_xmin36631_ymin44396_MPP-0.2500+56
0,0,0,0,0,0,0,344,0,0,0,0,49832,0,0,0,0,0,0,0,0,0,0,0,0,0,0,0,0,0,0,0,344,0,0,0,0,49832,0,0,0,0,0,0,0,0,0,0,0,0,0,0,0,0,0,0,0,344,0,0,0,0,49832,0,0,0,0,0,0,0,0,0,0,0,0,TCGA-LL-A5YO-DX1_xmin36631_ymin44396_MPP-0.2500+57
374,0,250,0,0,26,0,2421,0,0,0,0,47105,0,0,0,0,0,0,0,0,0,0,0,0,195,0,429,0,0,13,0,2434,0,0,0,0,47105,0,0,0,0,0,0,0,0,0,0,0,0,374,0,250,0,0,26,0,2421,0,0,0,0,47105,0,0,0,0,0,0,0,0,0,0,0,0,TCGA-LL-A5YO-DX1_xmin36631_ymin44396_MPP-0.2500+58
0,0,134,0,0,0,22534,10541,0,0,0,1402,15110,0,0,0,0,0,0,0,0,0,0,0,455,0,0,134,0,0,0,22933,10142,0,0,0,1177,15335,0,0,0,0,0,0,0,0,0,0,0,455,0,0,134,0,0,0,22472,10603,0,0,0,2208,14304,0,0,0,0,0,0,0,0,0,0,0,455,TCGA-LL-A5YO-DX1_xmin36631_ymin44396_MPP-0.2500+59
0,14687,0,0,0,0,11052,912,0,0,0,7823,15702,0,0,0,0,0,0,0,0,0,0,0,0,0,14677,10,0,0,0,10812,1152,0,0,0,7526,15999,0,0,0,0,0,0,0,0,0,0,0,0,0,14687,0,0,0,0,10950,1014,0,0,0,7906,15619,0,0,0,0,0,0,0,0,0,0,0,0,TCGA-LL-A5YO-DX1_xmin36631_ymin44396_MPP-0.2500+6
5564,0,1358,0,0,1185,0,8811,0,0,0,0,32151,0,0,0,0,0,0,0,0,0,0,0,1107,5451,0,1471,0,0,860,0,9136,0,0,0,0,32151,0,0,0,0,0,0,0,0,0,0,0,1107,2169,4042,711,0,0,199,4596,5201,0,0,0,8889,23262,0,0,0,0,0,0,0,0,0,0,0,1107,TCGA-LL-A5YO-DX1_xmin36631_ymin44396_MPP-0.2500+60
5381,446,0,0,0,1462,15534,9152,0,0,376,6612,8715,0,0,0,0,0,0,0,0,0,0,0,2498,5385,442,0,0,0,1510,14619,10019,0,0,417,6362,8924,0,0,0,0,0,0,0,0,0,0,0,2498,5403,424,0,0,0,1413,16312,8423,0,0,233,7174,8296,0,0,0,0,0,0,0,0,0,0,0,2498,TCGA-LL-A5YO-DX1_xmin36631_ymin44396_MPP-0.2500+61
0,190,0,0,0,0,26430,11541,0,0,0,3535,8480,0,0,0,0,0,0,0,0,0,0,0,0,0,190,0,0,0,0,26407,11564,0,0,0,3562,8453,0,0,0,0,0,0,0,0,0,0,0,0,0,190,0,0,0,0,26402,11569,0,0,0,3548,8467,0,0,0,0,0,0,0,0,0,0,0,0,TCGA-LL-A5YO-DX1_xmin36631_ymin44396_MPP-0.2500+62
14527,2658,401,0,0,3510,10058,3549,0,0,459,5300,8649,0,0,0,0,0,0,0,0,0,0,0,1065,14722,2399,465,0,0,3491,9777,3849,0,0,441,4678,9289,0,0,0,0,0,0,0,0,0,0,0,1065,15532,1505,549,0,0,3688,9346,4083,0,0,474,4456,9478,0,0,0,0,0,0,0,0,0,0,0,1065,TCGA-LL-A5YO-DX1_xmin36631_ymin44396_MPP-0.2500+63
0,0,0,0,0,0,0,0,0,0,0,0,50176,0,0,0,0,0,0,0,0,0,0,0,0,0,0,0,0,0,0,0,0,0,0,0,0,50176,0,0,0,0,0,0,0,0,0,0,0,0,0,0,0,0,0,0,0,0,0,0,0,0,50176,0,0,0,0,0,0,0,0,0,0,0,0,TCGA-LL-A5YO-DX1_xmin36631_ymin44396_MPP-0.2500+64
0,0,0,0,0,0,0,0,0,0,16,0,50160,0,0,0,0,0,0,0,0,0,0,0,0,0,0,0,0,0,0,0,0,0,0,16,0,50160,0,0,0,0,0,0,0,0,0,0,0,0,0,0,0,0,0,0,0,0,0,0,16,0,50160,0,0,0,0,0,0,0,0,0,0,0,0,TCGA-LL-A5YO-DX1_xmin36631_ymin44396_MPP-0.2500+65
0,0,0,0,0,0,0,0,0,0,0,18529,31647,0,0,0,0,0,0,0,0,0,0,0,0,0,0,0,0,0,0,0,0,0,0,0,17136,33040,0,0,0,0,0,0,0,0,0,0,0,0,0,0,0,0,0,0,0,0,0,0,0,18509,31667,0,0,0,0,0,0,0,0,0,0,0,0,TCGA-LL-A5YO-DX1_xmin36631_ymin44396_MPP-0.2500+66
0,0,0,0,0,0,23416,10079,0,0,0,2707,12001,0,0,0,0,0,0,0,0,0,0,0,1973,0,0,0,0,0,0,20274,13221,0,0,0,2148,12560,0,0,0,0,0,0,0,0,0,0,0,1973,0,0,0,0,0,0,20837,12658,0,0,0,2455,12253,0,0,0,0,0,0,0,0,0,0,0,1973,TCGA-LL-A5YO-DX1_xmin36631_ymin44396_MPP-0.2500+67
3475,0,3986,0,0,29,0,6394,0,0,0,0,36292,0,0,0,0,0,0,0,0,0,0,0,0,3315,0,4146,0,0,29,0,6394,0,0,0,0,36292,0,0,0,0,0,0,0,0,0,0,0,0,3475,0,3986,0,0,29,0,6394,0,0,0,0,36292,0,0,0,0,0,0,0,0,0,0,0,0,TCGA-LL-A5YO-DX1_xmin36631_ymin44396_MPP-0.2500+68
10679,293,972,0,0,216,6845,6214,0,0,0,3338,19801,0,0,0,0,0,0,0,0,0,0,0,1818,10640,300,1004,0,0,186,6093,6996,0,0,0,2012,21127,0,0,0,0,0,0,0,0,0,0,0,1818,10750,291,903,0,0,359,5999,6917,0,0,0,2121,21018,0,0,0,0,0,0,0,0,0,0,0,1818,TCGA-LL-A5YO-DX1_xmin36631_ymin44396_MPP-0.2500+69
0,0,0,0,0,0,2043,0,0,0,0,2764,45369,0,0,0,0,0,0,0,0,0,0,0,0,0,0,0,0,0,0,2043,0,0,0,0,3130,45003,0,0,0,0,0,0,0,0,0,0,0,0,0,0,0,0,0,0,2043,0,0,0,0,3702,44431,0,0,0,0,0,0,0,0,0,0,0,0,TCGA-LL-A5YO-DX1_xmin36631_ymin44396_MPP-0.2500+7
7707,0,0,0,0,3939,0,5229,0,0,4000,0,26207,0,0,0,0,0,0,0,0,0,0,0,3094,7707,0,0,0,0,3935,0,5233,0,0,3708,0,26499,0,0,0,0,0,0,0,0,0,0,0,3094,7704,0,3,0,0,3998,0,5170,0,0,4077,0,26130,0,0,0,0,0,0,0,0,0,0,0,3094,TCGA-LL-A5YO-DX1_xmin36631_ymin44396_MPP-0.2500+70
0,0,1032,0,0,16,0,22039,0,0,0,0,27089,0,0,0,0,0,0,0,0,0,0,0,0,0,986,46,0,0,0,13298,8757,0,0,0,1262,25827,0,0,0,0,0,0,0,0,0,0,0,0,0,0,1032,0,0,16,0,22039,0,0,0,0,27089,0,0,0,0,0,0,0,0,0,0,0,0,TCGA-LL-A5YO-DX1_xmin36631_ymin44396_MPP-0.2500+71
0,0,0,0,0,0,0,0,0,0,0,0,50176,0,0,0,0,0,0,0,0,0,0,0,0,0,0,0,0,0,0,0,0,0,0,0,0,50176,0,0,0,0,0,0,0,0,0,0,0,0,0,0,0,0,0,0,0,0,0,0,0,0,50176,0,0,0,0,0,0,0,0,0,0,0,0,TCGA-LL-A5YO-DX1_xmin36631_ymin44396_MPP-0.2500+72
16,0,3685,0,0,0,0,2068,0,0,0,0,44407,0,0,0,0,0,0,0,0,0,0,0,0,16,0,3685,0,0,0,0,2068,0,0,0,0,44407,0,0,0,0,0,0,0,0,0,0,0,0,16,0,3685,0,0,0,0,2068,0,0,0,0,44407,0,0,0,0,0,0,0,0,0,0,0,0,TCGA-LL-A5YO-DX1_xmin36631_ymin44396_MPP-0.2500+73
0,0,1332,0,0,0,0,1283,0,0,752,0,46809,0,0,0,0,0,0,0,0,0,0,0,0,16,0,1316,0,0,0,0,1283,0,0,752,0,46809,0,0,0,0,0,0,0,0,0,0,0,0,16,0,1316,0,0,0,0,1283,0,0,752,0,46809,0,0,0,0,0,0,0,0,0,0,0,0,TCGA-LL-A5YO-DX1_xmin36631_ymin44396_MPP-0.2500+74
0,0,0,0,0,0,17290,12448,0,0,0,2659,16383,0,0,0,0,0,0,0,0,0,0,0,1396,0,0,0,0,0,0,16466,13272,0,0,0,2497,16545,0,0,0,0,0,0,0,0,0,0,0,1396,0,0,0,0,0,0,16870,12868,0,0,0,2799,16243,0,0,0,0,0,0,0,0,0,0,0,1396,TCGA-LL-A5YO-DX1_xmin36631_ymin44396_MPP-0.2500+75
0,0,0,0,0,0,0,3343,0,0,0,0,44004,0,0,0,0,0,0,0,0,0,0,0,2829,0,0,0,0,0,0,0,3343,0,0,0,0,44004,0,0,0,0,0,0,0,0,0,0,0,2829,0,0,0,0,0,0,0,3343,0,0,0,0,44004,0,0,0,0,0,0,0,0,0,0,0,2829,TCGA-LL-A5YO-DX1_xmin36631_ymin44396_MPP-0.2500+76
634,0,1582,0,0,169,0,4675,0,0,205,0,42737,0,0,0,0,0,0,0,0,0,0,0,174,538,0,1678,0,0,169,0,4675,0,0,109,0,42833,0,0,0,0,0,0,0,0,0,0,0,174,570,0,1646,0,0,169,0,4675,0,0,205,0,42737,0,0,0,0,0,0,0,0,0,0,0,174,TCGA-LL-A5YO-DX1_xmin36631_ymin44396_MPP-0.2500+77
21243,3522,54,0,0,1128,1646,4677,0,0,1379,1170,11256,0,0,0,0,0,0,0,0,0,0,0,4101,21137,3586,96,0,0,1137,1519,4795,0,0,1360,993,11452,0,0,0,0,0,0,0,0,0,0,0,4101,21779,3029,11,0,0,1297,1514,4640,0,0,1344,1198,11263,0,0,0,0,0,0,0,0,0,0,0,4101,TCGA-LL-A5YO-DX1_xmin36631_ymin44396_MPP-0.2500+78
512,5997,0,0,0,0,13586,2774,0,0,0,5075,21088,0,0,0,0,0,0,0,0,0,0,0,1144,320,6189,0,0,0,0,13312,3048,0,0,0,4693,21470,0,0,0,0,0,0,0,0,0,0,0,1144,256,6253,0,0,0,0,13216,3144,0,0,0,5423,20740,0,0,0,0,0,0,0,0,0,0,0,1144,TCGA-LL-A5YO-DX1_xmin36631_ymin44396_MPP-0.2500+79
0,0,0,0,0,0,11667,11167,0,0,0,217,27125,0,0,0,0,0,0,0,0,0,0,0,0,0,0,0,0,0,0,10183,12651,0,0,0,39,27303,0,0,0,0,0,0,0,0,0,0,0,0,0,0,0,0,0,0,11435,11399,0,0,0,236,27106,0,0,0,0,0,0,0,0,0,0,0,0,TCGA-LL-A5YO-DX1_xmin36631_ymin44396_MPP-0.2500+8
1216,0,5058,0,0,0,0,4370,0,0,0,0,39532,0,0,0,0,0,0,0,0,0,0,0,0,960,0,5314,0,0,0,0,4370,0,0,0,0,39532,0,0,0,0,0,0,0,0,0,0,0,0,1152,0,5122,0,0,0,0,4370,0,0,0,0,39532,0,0,0,0,0,0,0,0,0,0,0,0,TCGA-LL-A5YO-DX1_xmin36631_ymin44396_MPP-0.2500+80
1712,0,9641,0,0,0,0,2481,0,0,0,0,36342,0,0,0,0,0,0,0,0,0,0,0,0,1328,0,10025,0,0,0,0,2481,0,0,0,0,36342,0,0,0,0,0,0,0,0,0,0,0,0,1680,0,9673,0,0,0,0,2481,0,0,0,0,36342,0,0,0,0,0,0,0,0,0,0,0,0,TCGA-LL-A5YO-DX1_xmin36631_ymin44396_MPP-0.2500+81
16166,3627,678,0,0,627,3779,3091,0,0,956,6190,8407,0,0,0,0,0,0,0,0,0,0,0,6655,16418,3411,642,0,0,666,3714,3117,0,0,846,4817,9890,0,0,0,0,0,0,0,0,0,0,0,6655,16660,3035,776,0,0,791,3558,3148,0,0,815,6420,8318,0,0,0,0,0,0,0,0,0,0,0,6655,TCGA-LL-A5YO-DX1_xmin36631_ymin44396_MPP-0.2500+82
1794,0,7362,0,0,492,0,10473,0,0,0,0,28747,0,0,0,0,0,0,0,0,0,0,0,1308,1730,0,7426,0,0,492,0,10473,0,0,0,0,28747,0,0,0,0,0,0,0,0,0,0,0,1308,1698,0,7458,0,0,492,0,10473,0,0,0,0,28747,0,0,0,0,0,0,0,0,0,0,0,1308,TCGA-LL-A5YO-DX1_xmin36631_ymin44396_MPP-0.2500+83
15857,0,7914,0,0,1285,0,3799,0,0,0,0,17964,0,0,0,0,0,0,0,0,0,0,0,3357,15692,0,8079,0,0,1162,0,3922,0,0,0,0,17964,0,0,0,0,0,0,0,0,0,0,0,3357,15729,0,8042,0,0,1285,0,3799,0,0,0,0,17964,0,0,0,0,0,0,0,0,0,0,0,3357,TCGA-LL-A5YO-DX1_xmin36631_ymin44396_MPP-0.2500+84
13675,0,2340,0,0,1256,0,3182,0,0,319,0,26881,0,0,0,0,0,0,0,0,0,0,0,2523,13594,0,2421,0,0,1264,0,3174,0,0,232,0,26968,0,0,0,0,0,0,0,0,0,0,0,2523,13703,0,2312,0,0,1269,0,3169,0,0,226,0,26974,0,0,0,0,0,0,0,0,0,0,0,2523,TCGA-LL-A5YO-DX1_xmin36631_ymin44396_MPP-0.2500+85
10248,7981,367,0,0,1074,4990,965,0,0,1202,7456,15056,0,0,0,0,0,0,0,0,0,0,0,837,10192,7897,507,0,0,1029,4956,1044,0,0,1162,7423,15129,0,0,0,0,0,0,0,0,0,0,0,837,11062,7098,436,0,0,1072,4999,958,0,0,981,8026,14707,0,0,0,0,0,0,0,0,0,0,0,837,TCGA-LL-A5YO-DX1_xmin36631_ymin44396_MPP-0.2500+86
19646,0,0,0,0,18758,0,0,0,0,4198,0,0,0,0,0,0,0,0,0,0,0,0,0,7574,19646,0,0,0,0,18758,0,0,0,0,4198,0,0,0,0,0,0,0,0,0,0,0,0,0,7574,19646,0,0,0,0,18758,0,0,0,0,4198,0,0,0,0,0,0,0,0,0,0,0,0,0,7574,TCGA-LL-A5YO-DX1_xmin36631_ymin44396_MPP-0.2500+87
541,0,14554,0,0,136,0,3245,0,0,651,0,29703,0,0,0,0,0,0,0,0,0,0,0,1346,262,0,14833,0,0,127,0,3254,0,0,491,0,29863,0,0,0,0,0,0,0,0,0,0,0,1346,477,0,14618,0,0,136,0,3245,0,0,651,0,29703,0,0,0,0,0,0,0,0,0,0,0,1346,TCGA-LL-A5YO-DX1_xmin36631_ymin44396_MPP-0.2500+88
12392,3570,366,0,0,1261,7612,14533,0,0,0,5611,4103,0,0,0,0,0,0,0,0,0,0,0,728,12409,3543,376,0,0,1180,7347,14879,0,0,0,5611,4103,0,0,0,0,0,0,0,0,0,0,0,728,12490,3571,267,0,0,1233,7248,14925,0,0,0,5831,3883,0,0,0,0,0,0,0,0,0,0,0,728,TCGA-LL-A5YO-DX1_xmin36631_ymin44396_MPP-0.2500+89
96,8418,43,0,0,0,25106,16513,0,0,0,0,0,0,0,0,0,0,0,0,0,0,0,0,0,4,8511,42,0,0,0,23565,18054,0,0,0,0,0,0,0,0,0,0,0,0,0,0,0,0,0,4,8522,31,0,0,0,24791,16828,0,0,0,0,0,0,0,0,0,0,0,0,0,0,0,0,0,TCGA-LL-A5YO-DX1_xmin36631_ymin44396_MPP-0.2500+9
96,9439,838,0,0,0,4551,1277,0,0,0,7061,25650,0,0,0,0,0,0,0,0,0,0,0,1264,224,9035,1114,0,0,0,4370,1458,0,0,0,6205,26506,0,0,0,0,0,0,0,0,0,0,0,1264,96,9338,939,0,0,0,4108,1720,0,0,0,5494,27217,0,0,0,0,0,0,0,0,0,0,0,1264,TCGA-LL-A5YO-DX1_xmin36631_ymin44396_MPP-0.2500+90
496,0,3668,0,0,0,0,793,0,0,0,0,45219,0,0,0,0,0,0,0,0,0,0,0,0,496,0,3668,0,0,0,0,793,0,0,0,0,45219,0,0,0,0,0,0,0,0,0,0,0,0,496,0,3668,0,0,0,0,793,0,0,0,0,45219,0,0,0,0,0,0,0,0,0,0,0,0,TCGA-LL-A5YO-DX1_xmin36631_ymin44396_MPP-0.2500+91
3040,0,5728,0,0,0,0,4424,0,0,0,0,35672,0,0,0,0,0,0,0,0,0,0,0,1312,2752,0,6016,0,0,0,0,4424,0,0,0,0,35672,0,0,0,0,0,0,0,0,0,0,0,1312,2816,0,5952,0,0,0,0,4424,0,0,0,0,35672,0,0,0,0,0,0,0,0,0,0,0,1312,TCGA-LL-A5YO-DX1_xmin36631_ymin44396_MPP-0.2500+92
18663,0,0,0,0,6978,0,0,0,0,19249,0,0,0,0,0,0,0,0,0,0,0,0,0,5286,18663,0,0,0,0,6978,0,0,0,0,19249,0,0,0,0,0,0,0,0,0,0,0,0,0,5286,18663,0,0,0,0,6978,0,0,0,0,19249,0,0,0,0,0,0,0,0,0,0,0,0,0,5286,TCGA-LL-A5YO-DX1_xmin36631_ymin44396_MPP-0.2500+93
10628,1101,1320,0,0,399,4496,5483,0,0,387,5052,18389,0,0,0,0,0,0,0,0,0,0,0,2921,10631,1028,1390,0,0,411,4526,5441,0,0,404,5122,18302,0,0,0,0,0,0,0,0,0,0,0,2921,10941,744,1364,0,0,499,4346,5533,0,0,292,5216,18320,0,0,0,0,0,0,0,0,0,0,0,2921,TCGA-LL-A5YO-DX1_xmin36631_ymin44396_MPP-0.2500+94
22204,184,156,0,0,1102,3708,12571,0,0,0,886,4418,0,0,0,0,0,0,0,0,0,0,0,4947,22075,185,284,0,0,952,3738,12691,0,0,0,980,4324,0,0,0,0,0,0,0,0,0,0,0,4947,22348,53,143,0,0,1346,3648,12387,0,0,0,1062,4242,0,0,0,0,0,0,0,0,0,0,0,4947,TCGA-LL-A5YO-DX1_xmin36631_ymin44396_MPP-0.2500+95
96,7713,0,0,0,0,19665,0,0,0,0,0,0,0,0,0,0,0,0,0,0,0,0,0,22702,96,7713,0,0,0,0,19665,0,0,0,0,0,0,0,0,0,0,0,0,0,0,0,0,0,22702,0,7809,0,0,0,0,19665,0,0,0,0,0,0,0,0,0,0,0,0,0,0,0,0,0,22702,TCGA-LL-A73Y-DX1_xmin68117_ymin49445_MPP-0.2500+0
0,4715,43,0,0,0,20753,7403,0,0,0,7723,9539,0,0,0,0,0,0,0,0,0,0,0,0,0,4733,25,0,0,0,19348,8808,0,0,0,5453,11809,0,0,0,0,0,0,0,0,0,0,0,0,0,4721,37,0,0,0,21106,7050,0,0,0,8507,8755,0,0,0,0,0,0,0,0,0,0,0,0,TCGA-LL-A73Y-DX1_xmin68117_ymin49445_MPP-0.2500+1
5111,247,392,0,0,1498,28817,6653,0,0,0,0,2988,0,0,0,0,0,0,0,0,0,0,0,4470,5197,125,428,0,0,1645,27337,7986,0,0,0,0,2988,0,0,0,0,0,0,0,0,0,0,0,4470,5152,240,358,0,0,1556,28409,7003,0,0,0,0,2988,0,0,0,0,0,0,0,0,0,0,0,4470,TCGA-LL-A73Y-DX1_xmin68117_ymin49445_MPP-0.2500+10
20533,780,2431,0,0,4453,6838,3155,0,0,752,2682,8552,0,0,0,0,0,0,0,0,0,0,0,0,20241,934,2569,0,0,3994,6892,3560,0,0,707,2227,9052,0,0,0,0,0,0,0,0,0,0,0,0,20629,859,2256,0,0,4425,7235,2786,0,0,659,3145,8182,0,0,0,0,0,0,0,0,0,0,0,0,TCGA-LL-A73Y-DX1_xmin68117_ymin49445_MPP-0.2500+11
28535,0,0,0,0,21623,0,0,0,0,18,0,0,0,0,0,0,0,0,0,0,0,0,0,0,28535,0,0,0,0,21623,0,0,0,0,18,0,0,0,0,0,0,0,0,0,0,0,0,0,0,28535,0,0,0,0,21623,0,0,0,0,18,0,0,0,0,0,0,0,0,0,0,0,0,0,0,TCGA-LL-A73Y-DX1_xmin68117_ymin49445_MPP-0.2500+12
28297,5,0,0,0,3732,16345,0,0,0,463,424,0,0,0,0,0,0,0,0,0,0,0,0,910,28302,0,0,0,0,4031,16046,0,0,0,468,419,0,0,0,0,0,0,0,0,0,0,0,0,910,28284,18,0,0,0,3637,16440,0,0,0,437,450,0,0,0,0,0,0,0,0,0,0,0,0,910,TCGA-LL-A73Y-DX1_xmin68117_ymin49445_MPP-0.2500+13
0,0,0,0,0,0,42701,7475,0,0,0,0,0,0,0,0,0,0,0,0,0,0,0,0,0,0,0,0,0,0,0,38475,11701,0,0,0,0,0,0,0,0,0,0,0,0,0,0,0,0,0,0,0,0,0,0,0,41061,9115,0,0,0,0,0,0,0,0,0,0,0,0,0,0,0,0,0,TCGA-LL-A73Y-DX1_xmin68117_ymin49445_MPP-0.2500+14
0,0,0,0,0,0,35601,2739,0,0,0,235,3633,0,0,0,0,0,0,0,0,0,0,0,7968,0,0,0,0,0,0,35459,2881,0,0,0,141,3727,0,0,0,0,0,0,0,0,0,0,0,7968,0,0,0,0,0,0,35889,2451,0,0,0,231,3637,0,0,0,0,0,0,0,0,0,0,0,7968,TCGA-LL-A73Y-DX1_xmin68117_ymin49445_MPP-0.2500+15
0,543,164,0,0,0,5462,2972,0,0,0,5463,35572,0,0,0,0,0,0,0,0,0,0,0,0,0,608,99,0,0,0,5429,3005,0,0,0,4743,36292,0,0,0,0,0,0,0,0,0,0,0,0,0,637,70,0,0,0,5666,2768,0,0,0,5578,35457,0,0,0,0,0,0,0,0,0,0,0,0,TCGA-LL-A73Y-DX1_xmin68117_ymin49445_MPP-0.2500+16
0,1145,5407,0,0,0,8,3529,0,0,0,5339,34748,0,0,0,0,0,0,0,0,0,0,0,0,0,495,6057,0,0,0,63,3474,0,0,0,4476,35611,0,0,0,0,0,0,0,0,0,0,0,0,0,1427,5125,0,0,0,85,3452,0,0,0,6567,33520,0,0,0,0,0,0,0,0,0,0,0,0,TCGA-LL-A73Y-DX1_xmin68117_ymin49445_MPP-0.2500+17
38983,0,0,0,0,5754,0,0,0,0,0,0,0,0,0,0,0,0,0,0,0,0,0,0,5439,38983,0,0,0,0,5754,0,0,0,0,0,0,0,0,0,0,0,0,0,0,0,0,0,0,5439,38983,0,0,0,0,5754,0,0,0,0,0,0,0,0,0,0,0,0,0,0,0,0,0,0,5439,TCGA-LL-A73Y-DX1_xmin68117_ymin49445_MPP-0.2500+18
6554,377,0,0,0,1071,8503,20063,0,0,0,0,0,0,0,0,0,0,0,0,0,0,0,0,13608,6547,384,0,0,0,1076,8193,20368,0,0,0,0,0,0,0,0,0,0,0,0,0,0,0,0,13608,6607,324,0,0,0,1197,9295,19145,0,0,0,0,0,0,0,0,0,0,0,0,0,0,0,0,13608,TCGA-LL-A73Y-DX1_xmin68117_ymin49445_MPP-0.2500+19
0,632,0,0,0,0,10036,107,0,0,0,10047,29354,0,0,0,0,0,0,0,0,0,0,0,0,0,632,0,0,0,0,10048,95,0,0,0,9647,29754,0,0,0,0,0,0,0,0,0,0,0,0,0,632,0,0,0,0,10063,80,0,0,0,11220,28181,0,0,0,0,0,0,0,0,0,0,0,0,TCGA-LL-A73Y-DX1_xmin68117_ymin49445_MPP-0.2500+2
0,0,0,0,0,0,36026,11835,0,0,0,0,0,0,0,0,0,0,0,0,0,0,0,0,2315,0,0,0,0,0,0,34550,13311,0,0,0,0,0,0,0,0,0,0,0,0,0,0,0,0,2315,0,0,0,0,0,0,34356,13505,0,0,0,0,0,0,0,0,0,0,0,0,0,0,0,0,2315,TCGA-LL-A73Y-DX1_xmin68117_ymin49445_MPP-0.2500+20
0,0,0,0,0,0,16121,4651,0,0,0,71,29333,0,0,0,0,0,0,0,0,0,0,0,0,0,0,0,0,0,0,15866,4906,0,0,0,81,29323,0,0,0,0,0,0,0,0,0,0,0,0,0,0,0,0,0,0,16612,4160,0,0,0,242,29162,0,0,0,0,0,0,0,0,0,0,0,0,TCGA-LL-A73Y-DX1_xmin68117_ymin49445_MPP-0.2500+21
0,0,0,0,0,0,0,0,0,0,0,0,50176,0,0,0,0,0,0,0,0,0,0,0,0,0,0,0,0,0,0,0,0,0,0,0,0,50176,0,0,0,0,0,0,0,0,0,0,0,0,0,0,0,0,0,0,0,0,0,0,0,0,50176,0,0,0,0,0,0,0,0,0,0,0,0,TCGA-LL-A73Y-DX1_xmin68117_ymin49445_MPP-0.2500+22
0,0,0,0,0,0,0,0,0,0,0,0,50176,0,0,0,0,0,0,0,0,0,0,0,0,0,0,0,0,0,0,0,0,0,0,0,0,50176,0,0,0,0,0,0,0,0,0,0,0,0,0,0,0,0,0,0,0,0,0,0,0,0,50176,0,0,0,0,0,0,0,0,0,0,0,0,TCGA-LL-A73Y-DX1_xmin68117_ymin49445_MPP-0.2500+23
0,1588,0,0,0,0,25933,11732,0,0,0,51,6478,0,0,0,0,0,0,0,0,0,0,0,4394,0,1588,0,0,0,0,24322,13343,0,0,0,51,6478,0,0,0,0,0,0,0,0,0,0,0,4394,0,1588,0,0,0,0,24687,12978,0,0,0,51,6478,0,0,0,0,0,0,0,0,0,0,0,4394,TCGA-LL-A73Y-DX1_xmin68117_ymin49445_MPP-0.2500+24
0,0,0,0,0,0,36266,3239,0,0,0,25,126,0,0,0,0,0,0,0,0,0,0,0,10520,0,0,0,0,0,0,35724,3781,0,0,0,31,120,0,0,0,0,0,0,0,0,0,0,0,10520,0,0,0,0,0,0,36394,3111,0,0,0,46,105,0,0,0,0,0,0,0,0,0,0,0,10520,TCGA-LL-A73Y-DX1_xmin68117_ymin49445_MPP-0.2500+25
0,0,0,0,0,0,45904,3915,0,0,0,0,357,0,0,0,0,0,0,0,0,0,0,0,0,0,0,0,0,0,0,45420,4399,0,0,0,0,357,0,0,0,0,0,0,0,0,0,0,0,0,0,0,0,0,0,0,45745,4074,0,0,0,0,357,0,0,0,0,0,0,0,0,0,0,0,0,TCGA-LL-A73Y-DX1_xmin68117_ymin49445_MPP-0.2500+26
0,0,0,0,0,0,5208,3187,0,0,0,146,41635,0,0,0,0,0,0,0,0,0,0,0,0,0,0,0,0,0,0,4563,3832,0,0,0,0,41781,0,0,0,0,0,0,0,0,0,0,0,0,0,0,0,0,0,0,5510,2885,0,0,0,178,41603,0,0,0,0,0,0,0,0,0,0,0,0,TCGA-LL-A73Y-DX1_xmin68117_ymin49445_MPP-0.2500+27
0,0,0,0,0,0,0,0,0,0,0,0,50176,0,0,0,0,0,0,0,0,0,0,0,0,0,0,0,0,0,0,0,0,0,0,0,0,50176,0,0,0,0,0,0,0,0,0,0,0,0,0,0,0,0,0,0,0,0,0,0,0,0,50176,0,0,0,0,0,0,0,0,0,0,0,0,TCGA-LL-A73Y-DX1_xmin68117_ymin49445_MPP-0.2500+28
0,0,0,0,0,0,0,0,0,0,16,0,50160,0,0,0,0,0,0,0,0,0,0,0,0,0,0,0,0,0,0,0,0,0,0,16,0,50160,0,0,0,0,0,0,0,0,0,0,0,0,0,0,0,0,0,0,0,0,0,0,16,0,50160,0,0,0,0,0,0,0,0,0,0,0,0,TCGA-LL-A73Y-DX1_xmin68117_ymin49445_MPP-0.2500+29
0,0,0,0,0,0,37999,7551,0,0,0,2044,35,0,0,0,0,0,0,0,0,0,0,0,2547,0,0,0,0,0,0,38039,7511,0,0,0,2070,9,0,0,0,0,0,0,0,0,0,0,0,2547,0,0,0,0,0,0,38400,7150,0,0,0,2047,32,0,0,0,0,0,0,0,0,0,0,0,2547,TCGA-LL-A73Y-DX1_xmin68117_ymin49445_MPP-0.2500+3
0,0,0,0,0,0,26542,9894,0,0,0,57,3228,0,0,0,0,0,0,0,0,0,0,0,10455,0,0,0,0,0,0,25688,10748,0,0,0,47,3238,0,0,0,0,0,0,0,0,0,0,0,10455,0,0,0,0,0,0,26091,10345,0,0,0,38,3247,0,0,0,0,0,0,0,0,0,0,0,10455,TCGA-LL-A73Y-DX1_xmin68117_ymin49445_MPP-0.2500+30
0,0,0,0,0,0,14996,11589,0,0,0,144,5394,0,0,0,0,0,0,0,0,0,0,0,18053,0,0,0,0,0,0,14649,11936,0,0,0,131,5407,0,0,0,0,0,0,0,0,0,0,0,18053,0,0,0,0,0,0,16081,10504,0,0,0,266,5272,0,0,0,0,0,0,0,0,0,0,0,18053,TCGA-LL-A73Y-DX1_xmin68117_ymin49445_MPP-0.2500+31
0,0,0,0,0,2096,0,20407,0,0,0,0,27673,0,0,0,0,0,0,0,0,0,0,0,0,0,0,0,0,0,2192,0,20311,0,0,0,0,27673,0,0,0,0,0,0,0,0,0,0,0,0,0,0,0,0,0,2096,0,20407,0,0,0,0,27673,0,0,0,0,0,0,0,0,0,0,0,0,TCGA-LL-A73Y-DX1_xmin68117_ymin49445_MPP-0.2500+32
0,0,0,0,0,0,0,0,0,0,16,0,50160,0,0,0,0,0,0,0,0,0,0,0,0,0,0,0,0,0,0,0,0,0,0,0,0,50176,0,0,0,0,0,0,0,0,0,0,0,0,0,0,0,0,0,0,0,0,0,0,16,0,50160,0,0,0,0,0,0,0,0,0,0,0,0,TCGA-LL-A73Y-DX1_xmin68117_ymin49445_MPP-0.2500+33
3572,0,3734,0,0,152,0,1395,0,0,4,0,39514,0,0,0,0,0,0,0,0,0,0,0,1805,3337,0,3969,0,0,102,0,1445,0,0,1,0,39517,0,0,0,0,0,0,0,0,0,0,0,1805,3552,0,3754,0,0,48,0,1499,0,0,0,0,39518,0,0,0,0,0,0,0,0,0,0,0,1805,TCGA-LL-A73Y-DX1_xmin68117_ymin49445_MPP-0.2500+34
1360,0,5202,0,0,0,0,1341,0,0,0,0,42273,0,0,0,0,0,0,0,0,0,0,0,0,1104,0,5458,0,0,0,0,1341,0,0,0,0,42273,0,0,0,0,0,0,0,0,0,0,0,0,1200,0,5362,0,0,0,0,1341,0,0,0,0,42273,0,0,0,0,0,0,0,0,0,0,0,0,TCGA-LL-A73Y-DX1_xmin68117_ymin49445_MPP-0.2500+35
0,0,0,0,0,0,29276,12098,0,0,0,2646,3445,0,0,0,0,0,0,0,0,0,0,0,2711,0,0,0,0,0,0,28762,12612,0,0,0,2560,3531,0,0,0,0,0,0,0,0,0,0,0,2711,0,0,0,0,0,0,27492,13882,0,0,0,2528,3563,0,0,0,0,0,0,0,0,0,0,0,2711,TCGA-LL-A73Y-DX1_xmin68117_ymin49445_MPP-0.2500+36
0,0,0,0,0,0,9340,3899,0,0,0,948,35989,0,0,0,0,0,0,0,0,0,0,0,0,0,0,0,0,0,0,9415,3824,0,0,0,876,36061,0,0,0,0,0,0,0,0,0,0,0,0,0,0,0,0,0,0,9526,3713,0,0,0,1054,35883,0,0,0,0,0,0,0,0,0,0,0,0,TCGA-LL-A73Y-DX1_xmin68117_ymin49445_MPP-0.2500+37
0,0,0,0,0,0,0,0,0,0,0,0,50176,0,0,0,0,0,0,0,0,0,0,0,0,0,0,0,0,0,0,0,0,0,0,0,0,50176,0,0,0,0,0,0,0,0,0,0,0,0,0,0,0,0,0,0,0,0,0,0,0,0,50176,0,0,0,0,0,0,0,0,0,0,0,0,TCGA-LL-A73Y-DX1_xmin68117_ymin49445_MPP-0.2500+38
0,0,0,0,0,0,0,870,0,0,0,0,47379,0,0,0,0,0,0,0,0,0,0,0,1927,0,0,0,0,0,0,0,870,0,0,0,0,47379,0,0,0,0,0,0,0,0,0,0,0,1927,0,0,0,0,0,0,0,870,0,0,0,0,47379,0,0,0,0,0,0,0,0,0,0,0,1927,TCGA-LL-A73Y-DX1_xmin68117_ymin49445_MPP-0.2500+39
0,0,0,0,0,0,50176,0,0,0,0,0,0,0,0,0,0,0,0,0,0,0,0,0,0,0,0,0,0,0,0,50176,0,0,0,0,0,0,0,0,0,0,0,0,0,0,0,0,0,0,0,0,0,0,0,0,50176,0,0,0,0,0,0,0,0,0,0,0,0,0,0,0,0,0,0,TCGA-LL-A73Y-DX1_xmin68117_ymin49445_MPP-0.2500+4
12624,0,12170,0,0,0,0,2504,0,0,0,0,22878,0,0,0,0,0,0,0,0,0,0,0,0,12752,0,12042,0,0,0,0,2504,0,0,0,0,22878,0,0,0,0,0,0,0,0,0,0,0,0,12400,0,12394,0,0,0,0,2504,0,0,0,0,22878,0,0,0,0,0,0,0,0,0,0,0,0,TCGA-LL-A73Y-DX1_xmin68117_ymin49445_MPP-0.2500+40
34265,0,4567,0,0,556,0,2187,0,0,748,0,7853,0,0,0,0,0,0,0,0,0,0,0,0,33965,0,4867,0,0,548,0,2195,0,0,666,0,7935,0,0,0,0,0,0,0,0,0,0,0,0,34136,0,4696,0,0,564,0,2179,0,0,825,0,7776,0,0,0,0,0,0,0,0,0,0,0,0,TCGA-LL-A73Y-DX1_xmin68117_ymin49445_MPP-0.2500+41
0,0,0,0,0,0,9318,9090,0,0,0,2331,14166,0,0,0,0,0,0,0,0,0,0,0,15271,0,0,0,0,0,0,9407,9001,0,0,0,2760,13737,0,0,0,0,0,0,0,0,0,0,0,15271,0,0,0,0,0,0,9599,8809,0,0,0,2529,13968,0,0,0,0,0,0,0,0,0,0,0,15271,TCGA-LL-A73Y-DX1_xmin68117_ymin49445_MPP-0.2500+42
0,0,0,0,0,16,0,377,0,0,0,0,49783,0,0,0,0,0,0,0,0,0,0,0,0,0,0,0,0,0,16,0,377,0,0,0,0,49783,0,0,0,0,0,0,0,0,0,0,0,0,0,0,0,0,0,16,0,377,0,0,0,0,49783,0,0,0,0,0,0,0,0,0,0,0,0,TCGA-LL-A73Y-DX1_xmin68117_ymin49445_MPP-0.2500+43
0,0,0,0,0,0,0,0,0,0,0,0,50176,0,0,0,0,0,0,0,0,0,0,0,0,0,0,0,0,0,0,0,0,0,0,0,0,50176,0,0,0,0,0,0,0,0,0,0,0,0,0,0,0,0,0,0,0,0,0,0,0,0,50176,0,0,0,0,0,0,0,0,0,0,0,0,TCGA-LL-A73Y-DX1_xmin68117_ymin49445_MPP-0.2500+44
336,0,1028,0,0,0,0,4418,0,0,0,0,44394,0,0,0,0,0,0,0,0,0,0,0,0,336,0,1028,0,0,0,0,4418,0,0,0,0,44394,0,0,0,0,0,0,0,0,0,0,0,0,368,0,996,0,0,0,0,4418,0,0,0,0,44394,0,0,0,0,0,0,0,0,0,0,0,0,TCGA-LL-A73Y-DX1_xmin68117_ymin49445_MPP-0.2500+45
3172,0,3894,0,0,236,0,3451,0,0,0,0,38033,0,0,0,0,0,0,0,0,0,0,0,1390,3012,0,4054,0,0,44,0,3643,0,0,0,0,38033,0,0,0,0,0,0,0,0,0,0,0,1390,3140,0,3926,0,0,44,0,3643,0,0,0,0,38033,0,0,0,0,0,0,0,0,0,0,0,1390,TCGA-LL-A73Y-DX1_xmin68117_ymin49445_MPP-0.2500+46
0,0,5761,0,0,0,0,2742,0,0,0,0,40831,0,0,0,0,0,0,0,0,0,0,0,842,0,0,5761,0,0,0,0,2742,0,0,0,0,40831,0,0,0,0,0,0,0,0,0,0,0,842,0,0,5761,0,0,0,0,2742,0,0,0,0,40831,0,0,0,0,0,0,0,0,0,0,0,842,TCGA-LL-A73Y-DX1_xmin68117_ymin49445_MPP-0.2500+47
1,2106,0,0,0,0,36988,7950,0,0,0,82,173,0,0,0,0,0,0,0,0,0,0,0,2876,1,2106,0,0,0,0,35105,9833,0,0,0,14,241,0,0,0,0,0,0,0,0,0,0,0,2876,1,2106,0,0,0,0,36268,8670,0,0,0,73,182,0,0,0,0,0,0,0,0,0,0,0,2876,TCGA-LL-A73Y-DX1_xmin68117_ymin49445_MPP-0.2500+5
13352,1010,5,0,0,5471,10875,2327,0,0,106,5835,5883,0,0,0,0,0,0,0,0,0,0,0,5312,13363,1004,0,0,0,5590,10205,2878,0,0,128,5174,6522,0,0,0,0,0,0,0,0,0,0,0,5312,13347,1020,0,0,0,5855,10418,2400,0,0,78,5697,6049,0,0,0,0,0,0,0,0,0,0,0,5312,TCGA-LL-A73Y-DX1_xmin68117_ymin49445_MPP-0.2500+6
29154,3478,0,0,0,6585,5902,0,0,0,2324,2733,0,0,0,0,0,0,0,0,0,0,0,0,0,29180,3452,0,0,0,6836,5651,0,0,0,2523,2534,0,0,0,0,0,0,0,0,0,0,0,0,0,29129,3503,0,0,0,6511,5976,0,0,0,1733,3324,0,0,0,0,0,0,0,0,0,0,0,0,0,TCGA-LL-A73Y-DX1_xmin68117_ymin49445_MPP-0.2500+7
0,4889,0,0,0,0,45287,0,0,0,0,0,0,0,0,0,0,0,0,0,0,0,0,0,0,0,4889,0,0,0,0,45287,0,0,0,0,0,0,0,0,0,0,0,0,0,0,0,0,0,0,0,4889,0,0,0,0,45287,0,0,0,0,0,0,0,0,0,0,0,0,0,0,0,0,0,0,TCGA-LL-A73Y-DX1_xmin68117_ymin49445_MPP-0.2500+8
0,0,0,0,0,0,35721,14455,0,0,0,0,0,0,0,0,0,0,0,0,0,0,0,0,0,0,0,0,0,0,0,32724,17452,0,0,0,0,0,0,0,0,0,0,0,0,0,0,0,0,0,0,0,0,0,0,0,36469,13707,0,0,0,0,0,0,0,0,0,0,0,0,0,0,0,0,0,TCGA-LL-A73Y-DX1_xmin68117_ymin49445_MPP-0.2500+9
0,0,0,0,0,0,26034,2843,0,0,0,5698,15601,0,0,0,0,0,0,0,0,0,0,0,0,0,0,0,0,0,0,26089,2788,0,0,0,5790,15509,0,0,0,0,0,0,0,0,0,0,0,0,0,0,0,0,0,0,25696,3181,0,0,0,5640,15659,0,0,0,0,0,0,0,0,0,0,0,0,TCGA-LL-A740-DX1_xmin39436_ymin24080_MPP-0.2500+0
0,0,0,0,0,7136,0,10330,0,0,0,0,32710,0,0,0,0,0,0,0,0,0,0,0,0,0,0,0,0,0,6864,0,10602,0,0,0,0,32710,0,0,0,0,0,0,0,0,0,0,0,0,0,0,0,0,0,7248,0,10218,0,0,0,0,32710,0,0,0,0,0,0,0,0,0,0,0,0,TCGA-LL-A740-DX1_xmin39436_ymin24080_MPP-0.2500+1
50176,0,0,0,0,0,0,0,0,0,0,0,0,0,0,0,0,0,0,0,0,0,0,0,0,50176,0,0,0,0,0,0,0,0,0,0,0,0,0,0,0,0,0,0,0,0,0,0,0,0,50176,0,0,0,0,0,0,0,0,0,0,0,0,0,0,0,0,0,0,0,0,0,0,0,0,TCGA-LL-A740-DX1_xmin39436_ymin24080_MPP-0.2500+10
0,0,0,0,0,0,40139,0,0,0,0,0,0,0,0,0,0,0,0,0,0,0,0,0,10037,0,0,0,0,0,0,40139,0,0,0,0,0,0,0,0,0,0,0,0,0,0,0,0,0,10037,0,0,0,0,0,0,40139,0,0,0,0,0,0,0,0,0,0,0,0,0,0,0,0,0,10037,TCGA-LL-A740-DX1_xmin39436_ymin24080_MPP-0.2500+100
0,0,0,0,0,0,22919,0,0,0,0,0,0,0,0,0,0,0,0,0,0,0,0,0,27257,0,0,0,0,0,0,22919,0,0,0,0,0,0,0,0,0,0,0,0,0,0,0,0,0,27257,0,0,0,0,0,0,22919,0,0,0,0,0,0,0,0,0,0,0,0,0,0,0,0,0,27257,TCGA-LL-A740-DX1_xmin39436_ymin24080_MPP-0.2500+101
0,0,0,0,0,0,34932,0,0,0,0,0,0,0,0,0,0,0,0,0,0,0,0,0,15244,0,0,0,0,0,0,34932,0,0,0,0,0,0,0,0,0,0,0,0,0,0,0,0,0,15244,0,0,0,0,0,0,34932,0,0,0,0,0,0,0,0,0,0,0,0,0,0,0,0,0,15244,TCGA-LL-A740-DX1_xmin39436_ymin24080_MPP-0.2500+102
0,0,0,0,0,0,50176,0,0,0,0,0,0,0,0,0,0,0,0,0,0,0,0,0,0,0,0,0,0,0,0,50176,0,0,0,0,0,0,0,0,0,0,0,0,0,0,0,0,0,0,0,0,0,0,0,0,50176,0,0,0,0,0,0,0,0,0,0,0,0,0,0,0,0,0,0,TCGA-LL-A740-DX1_xmin39436_ymin24080_MPP-0.2500+103
0,0,0,0,0,0,46248,0,0,0,0,0,0,0,0,0,0,0,0,0,0,0,0,0,3928,0,0,0,0,0,0,46248,0,0,0,0,0,0,0,0,0,0,0,0,0,0,0,0,0,3928,0,0,0,0,0,0,46248,0,0,0,0,0,0,0,0,0,0,0,0,0,0,0,0,0,3928,TCGA-LL-A740-DX1_xmin39436_ymin24080_MPP-0.2500+104
0,0,0,0,0,2144,47645,0,0,0,0,0,0,0,0,0,0,0,0,0,0,0,0,0,387,0,0,0,0,0,192,10621,0,38976,0,0,0,0,0,0,0,0,0,0,0,0,0,0,0,387,0,0,0,0,0,288,30207,0,19294,0,0,0,0,0,0,0,0,0,0,0,0,0,0,0,387,TCGA-LL-A740-DX1_xmin39436_ymin24080_MPP-0.2500+105
0,0,0,0,0,39642,10534,0,0,0,0,0,0,0,0,0,0,0,0,0,0,0,0,0,0,0,0,0,0,0,39152,11024,0,0,0,0,0,0,0,0,0,0,0,0,0,0,0,0,0,0,0,0,0,0,0,40529,9647,0,0,0,0,0,0,0,0,0,0,0,0,0,0,0,0,0,0,TCGA-LL-A740-DX1_xmin39436_ymin24080_MPP-0.2500+106
11128,0,0,0,0,39048,0,0,0,0,0,0,0,0,0,0,0,0,0,0,0,0,0,0,0,11128,0,0,0,0,39048,0,0,0,0,0,0,0,0,0,0,0,0,0,0,0,0,0,0,0,11128,0,0,0,0,39048,0,0,0,0,0,0,0,0,0,0,0,0,0,0,0,0,0,0,0,TCGA-LL-A740-DX1_xmin39436_ymin24080_MPP-0.2500+107
8513,0,0,0,0,41663,0,0,0,0,0,0,0,0,0,0,0,0,0,0,0,0,0,0,0,8513,0,0,0,0,41663,0,0,0,0,0,0,0,0,0,0,0,0,0,0,0,0,0,0,0,8513,0,0,0,0,41663,0,0,0,0,0,0,0,0,0,0,0,0,0,0,0,0,0,0,0,TCGA-LL-A740-DX1_xmin39436_ymin24080_MPP-0.2500+108
27970,0,0,0,0,22206,0,0,0,0,0,0,0,0,0,0,0,0,0,0,0,0,0,0,0,27970,0,0,0,0,22206,0,0,0,0,0,0,0,0,0,0,0,0,0,0,0,0,0,0,0,27970,0,0,0,0,22206,0,0,0,0,0,0,0,0,0,0,0,0,0,0,0,0,0,0,0,TCGA-LL-A740-DX1_xmin39436_ymin24080_MPP-0.2500+109
0,0,0,0,0,0,11126,1202,0,0,0,711,37137,0,0,0,0,0,0,0,0,0,0,0,0,0,0,0,0,0,0,11263,1065,0,0,0,837,37011,0,0,0,0,0,0,0,0,0,0,0,0,0,0,0,0,0,0,11091,1237,0,0,0,765,37083,0,0,0,0,0,0,0,0,0,0,0,0,TCGA-LL-A740-DX1_xmin39436_ymin24080_MPP-0.2500+11
0,0,0,0,0,0,50176,0,0,0,0,0,0,0,0,0,0,0,0,0,0,0,0,0,0,0,0,0,0,0,0,50176,0,0,0,0,0,0,0,0,0,0,0,0,0,0,0,0,0,0,0,0,0,0,0,0,50176,0,0,0,0,0,0,0,0,0,0,0,0,0,0,0,0,0,0,TCGA-LL-A740-DX1_xmin39436_ymin24080_MPP-0.2500+110
0,0,0,0,0,0,50087,0,0,0,0,0,0,0,0,0,0,0,0,0,0,0,0,0,89,0,0,0,0,0,0,50087,0,0,0,0,0,0,0,0,0,0,0,0,0,0,0,0,0,89,0,0,0,0,0,0,50087,0,0,0,0,0,0,0,0,0,0,0,0,0,0,0,0,0,89,TCGA-LL-A740-DX1_xmin39436_ymin24080_MPP-0.2500+111
0,0,0,0,0,0,50176,0,0,0,0,0,0,0,0,0,0,0,0,0,0,0,0,0,0,0,0,0,0,0,0,50176,0,0,0,0,0,0,0,0,0,0,0,0,0,0,0,0,0,0,0,0,0,0,0,0,50176,0,0,0,0,0,0,0,0,0,0,0,0,0,0,0,0,0,0,TCGA-LL-A740-DX1_xmin39436_ymin24080_MPP-0.2500+112
0,0,0,0,0,0,50176,0,0,0,0,0,0,0,0,0,0,0,0,0,0,0,0,0,0,0,0,0,0,0,0,50176,0,0,0,0,0,0,0,0,0,0,0,0,0,0,0,0,0,0,0,0,0,0,0,0,50176,0,0,0,0,0,0,0,0,0,0,0,0,0,0,0,0,0,0,TCGA-LL-A740-DX1_xmin39436_ymin24080_MPP-0.2500+113
0,0,0,0,0,0,50176,0,0,0,0,0,0,0,0,0,0,0,0,0,0,0,0,0,0,0,0,0,0,0,0,50176,0,0,0,0,0,0,0,0,0,0,0,0,0,0,0,0,0,0,0,0,0,0,0,0,50176,0,0,0,0,0,0,0,0,0,0,0,0,0,0,0,0,0,0,TCGA-LL-A740-DX1_xmin39436_ymin24080_MPP-0.2500+114
0,0,0,0,0,0,46381,0,0,0,0,0,0,0,0,0,0,0,0,0,0,0,0,0,3795,0,0,0,0,0,0,46381,0,0,0,0,0,0,0,0,0,0,0,0,0,0,0,0,0,3795,0,0,0,0,0,0,46381,0,0,0,0,0,0,0,0,0,0,0,0,0,0,0,0,0,3795,TCGA-LL-A740-DX1_xmin39436_ymin24080_MPP-0.2500+115
0,0,0,0,0,30291,19885,0,0,0,0,0,0,0,0,0,0,0,0,0,0,0,0,0,0,0,0,0,0,0,29371,20805,0,0,0,0,0,0,0,0,0,0,0,0,0,0,0,0,0,0,0,0,0,0,0,31272,18904,0,0,0,0,0,0,0,0,0,0,0,0,0,0,0,0,0,0,TCGA-LL-A740-DX1_xmin39436_ymin24080_MPP-0.2500+116
0,0,0,0,0,50176,0,0,0,0,0,0,0,0,0,0,0,0,0,0,0,0,0,0,0,0,0,0,0,0,50176,0,0,0,0,0,0,0,0,0,0,0,0,0,0,0,0,0,0,0,0,0,0,0,0,50176,0,0,0,0,0,0,0,0,0,0,0,0,0,0,0,0,0,0,0,TCGA-LL-A740-DX1_xmin39436_ymin24080_MPP-0.2500+117
25934,0,0,0,0,24242,0,0,0,0,0,0,0,0,0,0,0,0,0,0,0,0,0,0,0,25934,0,0,0,0,24242,0,0,0,0,0,0,0,0,0,0,0,0,0,0,0,0,0,0,0,25934,0,0,0,0,24242,0,0,0,0,0,0,0,0,0,0,0,0,0,0,0,0,0,0,0,TCGA-LL-A740-DX1_xmin39436_ymin24080_MPP-0.2500+118
19470,0,0,0,0,30706,0,0,0,0,0,0,0,0,0,0,0,0,0,0,0,0,0,0,0,19470,0,0,0,0,30706,0,0,0,0,0,0,0,0,0,0,0,0,0,0,0,0,0,0,0,19470,0,0,0,0,30706,0,0,0,0,0,0,0,0,0,0,0,0,0,0,0,0,0,0,0,TCGA-LL-A740-DX1_xmin39436_ymin24080_MPP-0.2500+119
0,0,0,0,0,0,0,4558,0,0,0,0,37266,0,0,0,0,0,0,0,0,0,0,0,8352,0,0,0,0,0,0,0,4558,0,0,0,0,37266,0,0,0,0,0,0,0,0,0,0,0,8352,0,0,0,0,0,0,0,4558,0,0,0,0,37266,0,0,0,0,0,0,0,0,0,0,0,8352,TCGA-LL-A740-DX1_xmin39436_ymin24080_MPP-0.2500+12
7298,0,0,0,0,42878,0,0,0,0,0,0,0,0,0,0,0,0,0,0,0,0,0,0,0,7298,0,0,0,0,42878,0,0,0,0,0,0,0,0,0,0,0,0,0,0,0,0,0,0,0,7298,0,0,0,0,42878,0,0,0,0,0,0,0,0,0,0,0,0,0,0,0,0,0,0,0,TCGA-LL-A740-DX1_xmin39436_ymin24080_MPP-0.2500+120
0,0,0,0,0,0,3630,3226,0,0,0,5153,37710,0,0,0,0,0,0,0,0,0,0,0,457,0,0,0,0,0,0,3663,3193,0,0,0,5122,37741,0,0,0,0,0,0,0,0,0,0,0,457,0,0,0,0,0,0,3586,3270,0,0,0,5299,37564,0,0,0,0,0,0,0,0,0,0,0,457,TCGA-LL-A740-DX1_xmin39436_ymin24080_MPP-0.2500+13
0,0,0,0,0,0,31553,1504,0,0,0,4116,13003,0,0,0,0,0,0,0,0,0,0,0,0,0,0,0,0,0,0,31557,1500,0,0,0,4221,12898,0,0,0,0,0,0,0,0,0,0,0,0,0,0,0,0,0,0,31674,1383,0,0,0,4301,12818,0,0,0,0,0,0,0,0,0,0,0,0,TCGA-LL-A740-DX1_xmin39436_ymin24080_MPP-0.2500+14
0,0,0,0,0,0,50176,0,0,0,0,0,0,0,0,0,0,0,0,0,0,0,0,0,0,0,0,0,0,0,0,50176,0,0,0,0,0,0,0,0,0,0,0,0,0,0,0,0,0,0,0,0,0,0,0,0,50176,0,0,0,0,0,0,0,0,0,0,0,0,0,0,0,0,0,0,TCGA-LL-A740-DX1_xmin39436_ymin24080_MPP-0.2500+15
0,0,0,0,0,0,50176,0,0,0,0,0,0,0,0,0,0,0,0,0,0,0,0,0,0,0,0,0,0,0,0,50176,0,0,0,0,0,0,0,0,0,0,0,0,0,0,0,0,0,0,0,0,0,0,0,0,50176,0,0,0,0,0,0,0,0,0,0,0,0,0,0,0,0,0,0,TCGA-LL-A740-DX1_xmin39436_ymin24080_MPP-0.2500+16
0,0,0,0,0,0,29727,0,0,0,0,0,0,0,0,0,0,0,0,0,0,0,0,0,20449,0,0,0,0,0,0,29727,0,0,0,0,0,0,0,0,0,0,0,0,0,0,0,0,0,20449,0,0,0,0,0,0,29727,0,0,0,0,0,0,0,0,0,0,0,0,0,0,0,0,0,20449,TCGA-LL-A740-DX1_xmin39436_ymin24080_MPP-0.2500+17
0,0,0,0,0,7466,32075,0,0,0,0,0,0,0,0,0,0,0,0,0,0,0,0,0,10635,0,0,0,0,0,7446,32095,0,0,0,0,0,0,0,0,0,0,0,0,0,0,0,0,0,10635,0,0,0,0,0,7325,32216,0,0,0,0,0,0,0,0,0,0,0,0,0,0,0,0,0,10635,TCGA-LL-A740-DX1_xmin39436_ymin24080_MPP-0.2500+18
28476,3834,0,0,0,14774,3092,0,0,0,0,0,0,0,0,0,0,0,0,0,0,0,0,0,0,28507,3803,0,0,0,14360,3506,0,0,0,0,0,0,0,0,0,0,0,0,0,0,0,0,0,0,28508,3802,0,0,0,15082,2784,0,0,0,0,0,0,0,0,0,0,0,0,0,0,0,0,0,0,TCGA-LL-A740-DX1_xmin39436_ymin24080_MPP-0.2500+19
0,0,0,0,0,0,0,2823,0,0,0,0,47353,0,0,0,0,0,0,0,0,0,0,0,0,0,0,0,0,0,0,0,2823,0,0,0,0,47353,0,0,0,0,0,0,0,0,0,0,0,0,0,0,0,0,0,0,0,2823,0,0,0,0,47353,0,0,0,0,0,0,0,0,0,0,0,0,TCGA-LL-A740-DX1_xmin39436_ymin24080_MPP-0.2500+2
50176,0,0,0,0,0,0,0,0,0,0,0,0,0,0,0,0,0,0,0,0,0,0,0,0,50176,0,0,0,0,0,0,0,0,0,0,0,0,0,0,0,0,0,0,0,0,0,0,0,0,50176,0,0,0,0,0,0,0,0,0,0,0,0,0,0,0,0,0,0,0,0,0,0,0,0,TCGA-LL-A740-DX1_xmin39436_ymin24080_MPP-0.2500+20
50176,0,0,0,0,0,0,0,0,0,0,0,0,0,0,0,0,0,0,0,0,0,0,0,0,50176,0,0,0,0,0,0,0,0,0,0,0,0,0,0,0,0,0,0,0,0,0,0,0,0,50176,0,0,0,0,0,0,0,0,0,0,0,0,0,0,0,0,0,0,0,0,0,0,0,0,TCGA-LL-A740-DX1_xmin39436_ymin24080_MPP-0.2500+21
0,0,0,0,0,0,0,959,0,0,0,0,49217,0,0,0,0,0,0,0,0,0,0,0,0,0,0,0,0,0,0,0,959,0,0,0,0,49217,0,0,0,0,0,0,0,0,0,0,0,0,0,0,0,0,0,0,0,959,0,0,0,0,49217,0,0,0,0,0,0,0,0,0,0,0,0,TCGA-LL-A740-DX1_xmin39436_ymin24080_MPP-0.2500+22
0,0,0,0,0,0,985,100,0,0,0,11200,35157,0,0,0,0,0,0,0,0,0,0,0,2734,0,0,0,0,0,0,1008,77,0,0,0,11157,35200,0,0,0,0,0,0,0,0,0,0,0,2734,0,0,0,0,0,0,1004,81,0,0,0,10981,35376,0,0,0,0,0,0,0,0,0,0,0,2734,TCGA-LL-A740-DX1_xmin39436_ymin24080_MPP-0.2500+23
0,0,0,0,0,0,8806,7287,0,0,0,9619,20651,0,0,0,0,0,0,0,0,0,0,0,3813,0,0,0,0,0,0,8708,7385,0,0,0,9697,20573,0,0,0,0,0,0,0,0,0,0,0,3813,0,0,0,0,0,0,9119,6974,0,0,0,10107,20163,0,0,0,0,0,0,0,0,0,0,0,3813,TCGA-LL-A740-DX1_xmin39436_ymin24080_MPP-0.2500+24
0,0,0,0,0,0,45141,0,0,0,0,5035,0,0,0,0,0,0,0,0,0,0,0,0,0,0,0,0,0,0,0,45141,0,0,0,0,5035,0,0,0,0,0,0,0,0,0,0,0,0,0,0,0,0,0,0,0,45141,0,0,0,0,5035,0,0,0,0,0,0,0,0,0,0,0,0,0,TCGA-LL-A740-DX1_xmin39436_ymin24080_MPP-0.2500+25
0,0,0,0,0,0,50176,0,0,0,0,0,0,0,0,0,0,0,0,0,0,0,0,0,0,0,0,0,0,0,0,50176,0,0,0,0,0,0,0,0,0,0,0,0,0,0,0,0,0,0,0,0,0,0,0,0,50176,0,0,0,0,0,0,0,0,0,0,0,0,0,0,0,0,0,0,TCGA-LL-A740-DX1_xmin39436_ymin24080_MPP-0.2500+26
0,0,0,0,0,0,48866,0,0,0,0,0,0,0,0,0,0,0,0,0,0,0,0,0,1310,0,0,0,0,0,0,48866,0,0,0,0,0,0,0,0,0,0,0,0,0,0,0,0,0,1310,0,0,0,0,0,0,48866,0,0,0,0,0,0,0,0,0,0,0,0,0,0,0,0,0,1310,TCGA-LL-A740-DX1_xmin39436_ymin24080_MPP-0.2500+27
0,0,0,0,0,0,46182,0,0,0,0,0,0,0,0,0,0,0,0,0,0,0,0,0,3994,0,0,0,0,0,0,46182,0,0,0,0,0,0,0,0,0,0,0,0,0,0,0,0,0,3994,0,0,0,0,0,0,46182,0,0,0,0,0,0,0,0,0,0,0,0,0,0,0,0,0,3994,TCGA-LL-A740-DX1_xmin39436_ymin24080_MPP-0.2500+28
0,0,0,0,0,19216,30960,0,0,0,0,0,0,0,0,0,0,0,0,0,0,0,0,0,0,0,0,0,0,0,19499,30677,0,0,0,0,0,0,0,0,0,0,0,0,0,0,0,0,0,0,0,0,0,0,0,20130,30046,0,0,0,0,0,0,0,0,0,0,0,0,0,0,0,0,0,0,TCGA-LL-A740-DX1_xmin39436_ymin24080_MPP-0.2500+29
0,0,0,0,0,0,39434,60,0,0,0,1763,8919,0,0,0,0,0,0,0,0,0,0,0,0,0,0,0,0,0,0,39410,84,0,0,0,1818,8864,0,0,0,0,0,0,0,0,0,0,0,0,0,0,0,0,0,0,39437,57,0,0,0,1766,8916,0,0,0,0,0,0,0,0,0,0,0,0,TCGA-LL-A740-DX1_xmin39436_ymin24080_MPP-0.2500+3
31524,716,0,0,0,3391,14545,0,0,0,0,0,0,0,0,0,0,0,0,0,0,0,0,0,0,31417,823,0,0,0,3402,14534,0,0,0,0,0,0,0,0,0,0,0,0,0,0,0,0,0,0,31620,620,0,0,0,3468,14468,0,0,0,0,0,0,0,0,0,0,0,0,0,0,0,0,0,0,TCGA-LL-A740-DX1_xmin39436_ymin24080_MPP-0.2500+30
50176,0,0,0,0,0,0,0,0,0,0,0,0,0,0,0,0,0,0,0,0,0,0,0,0,50176,0,0,0,0,0,0,0,0,0,0,0,0,0,0,0,0,0,0,0,0,0,0,0,0,50176,0,0,0,0,0,0,0,0,0,0,0,0,0,0,0,0,0,0,0,0,0,0,0,0,TCGA-LL-A740-DX1_xmin39436_ymin24080_MPP-0.2500+31
50176,0,0,0,0,0,0,0,0,0,0,0,0,0,0,0,0,0,0,0,0,0,0,0,0,50176,0,0,0,0,0,0,0,0,0,0,0,0,0,0,0,0,0,0,0,0,0,0,0,0,50176,0,0,0,0,0,0,0,0,0,0,0,0,0,0,0,0,0,0,0,0,0,0,0,0,TCGA-LL-A740-DX1_xmin39436_ymin24080_MPP-0.2500+32
0,0,0,0,0,0,20583,0,0,0,0,4717,24876,0,0,0,0,0,0,0,0,0,0,0,0,0,0,0,0,0,0,20583,0,0,0,0,4643,24950,0,0,0,0,0,0,0,0,0,0,0,0,0,0,0,0,0,0,20583,0,0,0,0,4506,25087,0,0,0,0,0,0,0,0,0,0,0,0,TCGA-LL-A740-DX1_xmin39436_ymin24080_MPP-0.2500+33
0,0,0,0,0,0,2077,70,0,0,0,14637,33392,0,0,0,0,0,0,0,0,0,0,0,0,0,0,0,0,0,0,2073,74,0,0,0,14894,33135,0,0,0,0,0,0,0,0,0,0,0,0,0,0,0,0,0,0,2085,62,0,0,0,13090,34939,0,0,0,0,0,0,0,0,0,0,0,0,TCGA-LL-A740-DX1_xmin39436_ymin24080_MPP-0.2500+34
0,0,0,0,0,0,37032,0,0,0,0,13144,0,0,0,0,0,0,0,0,0,0,0,0,0,0,0,0,0,0,0,37032,0,0,0,0,13144,0,0,0,0,0,0,0,0,0,0,0,0,0,0,0,0,0,0,0,37032,0,0,0,0,13144,0,0,0,0,0,0,0,0,0,0,0,0,0,TCGA-LL-A740-DX1_xmin39436_ymin24080_MPP-0.2500+35
0,0,0,0,0,0,50176,0,0,0,0,0,0,0,0,0,0,0,0,0,0,0,0,0,0,0,0,0,0,0,0,50176,0,0,0,0,0,0,0,0,0,0,0,0,0,0,0,0,0,0,0,0,0,0,0,0,50176,0,0,0,0,0,0,0,0,0,0,0,0,0,0,0,0,0,0,TCGA-LL-A740-DX1_xmin39436_ymin24080_MPP-0.2500+36
0,0,0,0,0,0,48857,0,0,0,0,0,0,0,0,0,0,0,0,0,0,0,0,0,1319,0,0,0,0,0,0,48857,0,0,0,0,0,0,0,0,0,0,0,0,0,0,0,0,0,1319,0,0,0,0,0,0,48857,0,0,0,0,0,0,0,0,0,0,0,0,0,0,0,0,0,1319,TCGA-LL-A740-DX1_xmin39436_ymin24080_MPP-0.2500+37
0,0,0,0,0,0,49967,0,0,0,0,0,0,0,0,0,0,0,0,0,0,0,0,0,209,0,0,0,0,0,0,49967,0,0,0,0,0,0,0,0,0,0,0,0,0,0,0,0,0,209,0,0,0,0,0,0,49967,0,0,0,0,0,0,0,0,0,0,0,0,0,0,0,0,0,209,TCGA-LL-A740-DX1_xmin39436_ymin24080_MPP-0.2500+38
0,0,0,0,0,5284,44892,0,0,0,0,0,0,0,0,0,0,0,0,0,0,0,0,0,0,0,0,0,0,0,0,50176,0,0,0,0,0,0,0,0,0,0,0,0,0,0,0,0,0,0,0,0,0,0,0,6284,43892,0,0,0,0,0,0,0,0,0,0,0,0,0,0,0,0,0,0,TCGA-LL-A740-DX1_xmin39436_ymin24080_MPP-0.2500+39
0,0,0,0,0,0,50176,0,0,0,0,0,0,0,0,0,0,0,0,0,0,0,0,0,0,0,0,0,0,0,0,50176,0,0,0,0,0,0,0,0,0,0,0,0,0,0,0,0,0,0,0,0,0,0,0,0,50176,0,0,0,0,0,0,0,0,0,0,0,0,0,0,0,0,0,0,TCGA-LL-A740-DX1_xmin39436_ymin24080_MPP-0.2500+4
0,0,0,0,0,896,49280,0,0,0,0,0,0,0,0,0,0,0,0,0,0,0,0,0,0,0,0,0,0,0,3520,46656,0,0,0,0,0,0,0,0,0,0,0,0,0,0,0,0,0,0,0,0,0,0,0,736,49440,0,0,0,0,0,0,0,0,0,0,0,0,0,0,0,0,0,0,TCGA-LL-A740-DX1_xmin39436_ymin24080_MPP-0.2500+40
34136,3777,0,0,0,2973,9290,0,0,0,0,0,0,0,0,0,0,0,0,0,0,0,0,0,0,34705,3208,0,0,0,3408,8855,0,0,0,0,0,0,0,0,0,0,0,0,0,0,0,0,0,0,34375,3538,0,0,0,2897,9366,0,0,0,0,0,0,0,0,0,0,0,0,0,0,0,0,0,0,TCGA-LL-A740-DX1_xmin39436_ymin24080_MPP-0.2500+41
50176,0,0,0,0,0,0,0,0,0,0,0,0,0,0,0,0,0,0,0,0,0,0,0,0,50176,0,0,0,0,0,0,0,0,0,0,0,0,0,0,0,0,0,0,0,0,0,0,0,0,50176,0,0,0,0,0,0,0,0,0,0,0,0,0,0,0,0,0,0,0,0,0,0,0,0,TCGA-LL-A740-DX1_xmin39436_ymin24080_MPP-0.2500+42
50176,0,0,0,0,0,0,0,0,0,0,0,0,0,0,0,0,0,0,0,0,0,0,0,0,50176,0,0,0,0,0,0,0,0,0,0,0,0,0,0,0,0,0,0,0,0,0,0,0,0,50176,0,0,0,0,0,0,0,0,0,0,0,0,0,0,0,0,0,0,0,0,0,0,0,0,TCGA-LL-A740-DX1_xmin39436_ymin24080_MPP-0.2500+43
0,0,0,0,0,0,48280,0,0,0,0,1896,0,0,0,0,0,0,0,0,0,0,0,0,0,0,0,0,0,0,0,48280,0,0,0,0,1896,0,0,0,0,0,0,0,0,0,0,0,0,0,0,0,0,0,0,0,48280,0,0,0,0,1896,0,0,0,0,0,0,0,0,0,0,0,0,0,TCGA-LL-A740-DX1_xmin39436_ymin24080_MPP-0.2500+44
0,0,0,0,0,0,44917,0,0,0,0,5259,0,0,0,0,0,0,0,0,0,0,0,0,0,0,0,0,0,0,0,44917,0,0,0,0,5259,0,0,0,0,0,0,0,0,0,0,0,0,0,0,0,0,0,0,0,44917,0,0,0,0,5259,0,0,0,0,0,0,0,0,0,0,0,0,0,TCGA-LL-A740-DX1_xmin39436_ymin24080_MPP-0.2500+45
0,0,0,0,0,0,50176,0,0,0,0,0,0,0,0,0,0,0,0,0,0,0,0,0,0,0,0,0,0,0,0,50176,0,0,0,0,0,0,0,0,0,0,0,0,0,0,0,0,0,0,0,0,0,0,0,0,50176,0,0,0,0,0,0,0,0,0,0,0,0,0,0,0,0,0,0,TCGA-LL-A740-DX1_xmin39436_ymin24080_MPP-0.2500+46
0,0,0,0,0,0,50176,0,0,0,0,0,0,0,0,0,0,0,0,0,0,0,0,0,0,0,0,0,0,0,16,50160,0,0,0,0,0,0,0,0,0,0,0,0,0,0,0,0,0,0,0,0,0,0,0,0,50176,0,0,0,0,0,0,0,0,0,0,0,0,0,0,0,0,0,0,TCGA-LL-A740-DX1_xmin39436_ymin24080_MPP-0.2500+47
0,0,0,0,0,0,48783,0,0,0,0,0,0,0,0,0,0,0,0,0,0,0,0,0,1393,0,0,0,0,0,0,48783,0,0,0,0,0,0,0,0,0,0,0,0,0,0,0,0,0,1393,0,0,0,0,0,0,48783,0,0,0,0,0,0,0,0,0,0,0,0,0,0,0,0,0,1393,TCGA-LL-A740-DX1_xmin39436_ymin24080_MPP-0.2500+48
0,0,0,0,0,0,36803,0,0,0,0,0,0,0,0,0,0,0,0,0,0,0,0,0,13373,0,0,0,0,0,0,36803,0,0,0,0,0,0,0,0,0,0,0,0,0,0,0,0,0,13373,0,0,0,0,0,0,36803,0,0,0,0,0,0,0,0,0,0,0,0,0,0,0,0,0,13373,TCGA-LL-A740-DX1_xmin39436_ymin24080_MPP-0.2500+49
0,0,0,0,0,0,48779,0,0,0,0,0,0,0,0,0,0,0,0,0,0,0,0,0,1397,0,0,0,0,0,0,48779,0,0,0,0,0,0,0,0,0,0,0,0,0,0,0,0,0,1397,0,0,0,0,0,0,48779,0,0,0,0,0,0,0,0,0,0,0,0,0,0,0,0,0,1397,TCGA-LL-A740-DX1_xmin39436_ymin24080_MPP-0.2500+5
0,0,0,0,0,0,50176,0,0,0,0,0,0,0,0,0,0,0,0,0,0,0,0,0,0,0,0,0,0,0,0,50176,0,0,0,0,0,0,0,0,0,0,0,0,0,0,0,0,0,0,0,0,0,0,0,0,50176,0,0,0,0,0,0,0,0,0,0,0,0,0,0,0,0,0,0,TCGA-LL-A740-DX1_xmin39436_ymin24080_MPP-0.2500+50
0,0,0,0,0,4432,0,0,45744,0,0,0,0,0,0,0,0,0,0,0,0,0,0,0,0,0,0,0,0,0,3328,0,0,46848,0,0,0,0,0,0,0,0,0,0,0,0,0,0,0,0,0,0,0,0,0,3824,0,0,46352,0,0,0,0,0,0,0,0,0,0,0,0,0,0,0,0,TCGA-LL-A740-DX1_xmin39436_ymin24080_MPP-0.2500+51
21363,0,0,0,0,18024,0,0,10789,0,0,0,0,0,0,0,0,0,0,0,0,0,0,0,0,21121,0,0,242,0,9434,0,0,19379,0,0,0,0,0,0,0,0,0,0,0,0,0,0,0,0,21349,0,0,14,0,17466,0,0,11347,0,0,0,0,0,0,0,0,0,0,0,0,0,0,0,0,TCGA-LL-A740-DX1_xmin39436_ymin24080_MPP-0.2500+52
50176,0,0,0,0,0,0,0,0,0,0,0,0,0,0,0,0,0,0,0,0,0,0,0,0,50176,0,0,0,0,0,0,0,0,0,0,0,0,0,0,0,0,0,0,0,0,0,0,0,0,50176,0,0,0,0,0,0,0,0,0,0,0,0,0,0,0,0,0,0,0,0,0,0,0,0,TCGA-LL-A740-DX1_xmin39436_ymin24080_MPP-0.2500+53
49883,0,0,0,0,293,0,0,0,0,0,0,0,0,0,0,0,0,0,0,0,0,0,0,0,49883,0,0,0,0,293,0,0,0,0,0,0,0,0,0,0,0,0,0,0,0,0,0,0,0,49883,0,0,0,0,293,0,0,0,0,0,0,0,0,0,0,0,0,0,0,0,0,0,0,0,TCGA-LL-A740-DX1_xmin39436_ymin24080_MPP-0.2500+54
0,0,0,0,0,0,43116,0,0,0,0,0,0,0,0,0,0,0,0,0,0,0,0,0,7060,0,0,0,0,0,0,43116,0,0,0,0,0,0,0,0,0,0,0,0,0,0,0,0,0,7060,0,0,0,0,0,0,43116,0,0,0,0,0,0,0,0,0,0,0,0,0,0,0,0,0,7060,TCGA-LL-A740-DX1_xmin39436_ymin24080_MPP-0.2500+55
0,0,0,0,0,0,50176,0,0,0,0,0,0,0,0,0,0,0,0,0,0,0,0,0,0,0,0,0,0,0,0,50176,0,0,0,0,0,0,0,0,0,0,0,0,0,0,0,0,0,0,0,0,0,0,0,4,50172,0,0,0,0,0,0,0,0,0,0,0,0,0,0,0,0,0,0,TCGA-LL-A740-DX1_xmin39436_ymin24080_MPP-0.2500+56
0,0,0,0,0,0,50176,0,0,0,0,0,0,0,0,0,0,0,0,0,0,0,0,0,0,0,0,0,0,0,0,50176,0,0,0,0,0,0,0,0,0,0,0,0,0,0,0,0,0,0,0,0,0,0,0,0,50176,0,0,0,0,0,0,0,0,0,0,0,0,0,0,0,0,0,0,TCGA-LL-A740-DX1_xmin39436_ymin24080_MPP-0.2500+57
0,0,0,0,0,0,50176,0,0,0,0,0,0,0,0,0,0,0,0,0,0,0,0,0,0,0,0,0,0,0,0,50176,0,0,0,0,0,0,0,0,0,0,0,0,0,0,0,0,0,0,0,0,0,0,0,0,50176,0,0,0,0,0,0,0,0,0,0,0,0,0,0,0,0,0,0,TCGA-LL-A740-DX1_xmin39436_ymin24080_MPP-0.2500+58
0,0,0,0,0,0,50176,0,0,0,0,0,0,0,0,0,0,0,0,0,0,0,0,0,0,0,0,0,0,0,0,50176,0,0,0,0,0,0,0,0,0,0,0,0,0,0,0,0,0,0,0,0,0,0,0,0,50176,0,0,0,0,0,0,0,0,0,0,0,0,0,0,0,0,0,0,TCGA-LL-A740-DX1_xmin39436_ymin24080_MPP-0.2500+59
0,0,0,0,0,0,18599,0,0,0,0,0,0,0,0,0,0,0,0,0,0,0,0,0,31577,0,0,0,0,0,0,18599,0,0,0,0,0,0,0,0,0,0,0,0,0,0,0,0,0,31577,0,0,0,0,0,0,18599,0,0,0,0,0,0,0,0,0,0,0,0,0,0,0,0,0,31577,TCGA-LL-A740-DX1_xmin39436_ymin24080_MPP-0.2500+6
0,0,0,0,0,0,41753,0,0,0,0,0,0,0,0,0,0,0,0,0,0,0,0,0,8423,0,0,0,0,0,0,41753,0,0,0,0,0,0,0,0,0,0,0,0,0,0,0,0,0,8423,0,0,0,0,0,0,41753,0,0,0,0,0,0,0,0,0,0,0,0,0,0,0,0,0,8423,TCGA-LL-A740-DX1_xmin39436_ymin24080_MPP-0.2500+60
0,0,0,0,0,0,25063,0,25113,0,0,0,0,0,0,0,0,0,0,0,0,0,0,0,0,0,0,0,0,0,0,21867,0,28309,0,0,0,0,0,0,0,0,0,0,0,0,0,0,0,0,0,0,0,0,0,0,23906,0,26270,0,0,0,0,0,0,0,0,0,0,0,0,0,0,0,0,TCGA-LL-A740-DX1_xmin39436_ymin24080_MPP-0.2500+61
0,0,0,0,0,3120,0,0,47056,0,0,0,0,0,0,0,0,0,0,0,0,0,0,0,0,0,0,0,0,0,624,0,0,49552,0,0,0,0,0,0,0,0,0,0,0,0,0,0,0,0,0,0,0,0,0,1520,0,0,48656,0,0,0,0,0,0,0,0,0,0,0,0,0,0,0,0,TCGA-LL-A740-DX1_xmin39436_ymin24080_MPP-0.2500+62
8751,0,0,0,0,41425,0,0,0,0,0,0,0,0,0,0,0,0,0,0,0,0,0,0,0,8751,0,0,0,0,41425,0,0,0,0,0,0,0,0,0,0,0,0,0,0,0,0,0,0,0,8751,0,0,0,0,41425,0,0,0,0,0,0,0,0,0,0,0,0,0,0,0,0,0,0,0,TCGA-LL-A740-DX1_xmin39436_ymin24080_MPP-0.2500+63
20237,3227,0,0,0,5304,21408,0,0,0,0,0,0,0,0,0,0,0,0,0,0,0,0,0,0,20307,3157,0,0,0,5652,21060,0,0,0,0,0,0,0,0,0,0,0,0,0,0,0,0,0,0,20303,3161,0,0,0,6184,20528,0,0,0,0,0,0,0,0,0,0,0,0,0,0,0,0,0,0,TCGA-LL-A740-DX1_xmin39436_ymin24080_MPP-0.2500+64
12125,0,0,0,0,25701,12350,0,0,0,0,0,0,0,0,0,0,0,0,0,0,0,0,0,0,12125,0,0,0,0,25708,12343,0,0,0,0,0,0,0,0,0,0,0,0,0,0,0,0,0,0,12125,0,0,0,0,26308,11743,0,0,0,0,0,0,0,0,0,0,0,0,0,0,0,0,0,0,TCGA-LL-A740-DX1_xmin39436_ymin24080_MPP-0.2500+65
0,0,0,0,0,0,41895,0,0,0,0,0,0,0,0,0,0,0,0,0,0,0,0,0,8281,0,0,0,0,0,0,41895,0,0,0,0,0,0,0,0,0,0,0,0,0,0,0,0,0,8281,0,0,0,0,0,0,41895,0,0,0,0,0,0,0,0,0,0,0,0,0,0,0,0,0,8281,TCGA-LL-A740-DX1_xmin39436_ymin24080_MPP-0.2500+66
0,0,0,0,0,1,50175,0,0,0,0,0,0,0,0,0,0,0,0,0,0,0,0,0,0,0,0,0,0,0,1,50175,0,0,0,0,0,0,0,0,0,0,0,0,0,0,0,0,0,0,0,0,0,0,0,0,50176,0,0,0,0,0,0,0,0,0,0,0,0,0,0,0,0,0,0,TCGA-LL-A740-DX1_xmin39436_ymin24080_MPP-0.2500+67
0,0,0,0,0,0,50176,0,0,0,0,0,0,0,0,0,0,0,0,0,0,0,0,0,0,0,0,0,0,0,0,50176,0,0,0,0,0,0,0,0,0,0,0,0,0,0,0,0,0,0,0,0,0,0,0,0,50176,0,0,0,0,0,0,0,0,0,0,0,0,0,0,0,0,0,0,TCGA-LL-A740-DX1_xmin39436_ymin24080_MPP-0.2500+68
0,0,0,0,0,0,50116,0,0,0,0,0,0,0,0,0,0,0,0,0,0,0,0,0,60,0,0,0,0,0,0,50116,0,0,0,0,0,0,0,0,0,0,0,0,0,0,0,0,0,60,0,0,0,0,0,0,50116,0,0,0,0,0,0,0,0,0,0,0,0,0,0,0,0,0,60,TCGA-LL-A740-DX1_xmin39436_ymin24080_MPP-0.2500+69
0,0,0,0,0,0,41440,0,0,0,0,0,0,0,0,0,0,0,0,0,0,0,0,0,8736,0,0,0,0,0,0,41440,0,0,0,0,0,0,0,0,0,0,0,0,0,0,0,0,0,8736,0,0,0,0,0,0,41440,0,0,0,0,0,0,0,0,0,0,0,0,0,0,0,0,0,8736,TCGA-LL-A740-DX1_xmin39436_ymin24080_MPP-0.2500+7
0,0,0,0,0,0,46516,0,0,0,0,0,0,0,0,0,0,0,0,0,0,0,0,0,3660,0,0,0,0,0,0,46516,0,0,0,0,0,0,0,0,0,0,0,0,0,0,0,0,0,3660,0,0,0,0,0,0,46516,0,0,0,0,0,0,0,0,0,0,0,0,0,0,0,0,0,3660,TCGA-LL-A740-DX1_xmin39436_ymin24080_MPP-0.2500+70
0,0,0,0,0,0,50029,0,0,0,0,0,0,0,0,0,0,0,0,0,0,0,0,0,147,0,0,0,0,0,0,50029,0,0,0,0,0,0,0,0,0,0,0,0,0,0,0,0,0,147,0,0,0,0,0,0,50029,0,0,0,0,0,0,0,0,0,0,0,0,0,0,0,0,0,147,TCGA-LL-A740-DX1_xmin39436_ymin24080_MPP-0.2500+71
0,0,0,0,0,36212,13964,0,0,0,0,0,0,0,0,0,0,0,0,0,0,0,0,0,0,0,0,0,0,0,36333,13843,0,0,0,0,0,0,0,0,0,0,0,0,0,0,0,0,0,0,0,0,0,0,0,37856,12320,0,0,0,0,0,0,0,0,0,0,0,0,0,0,0,0,0,0,TCGA-LL-A740-DX1_xmin39436_ymin24080_MPP-0.2500+72
0,0,0,0,0,14832,0,0,35344,0,0,0,0,0,0,0,0,0,0,0,0,0,0,0,0,0,0,0,0,0,6064,0,0,44112,0,0,0,0,0,0,0,0,0,0,0,0,0,0,0,0,0,0,0,0,0,12560,0,0,37616,0,0,0,0,0,0,0,0,0,0,0,0,0,0,0,0,TCGA-LL-A740-DX1_xmin39436_ymin24080_MPP-0.2500+73
16621,0,0,0,0,33555,0,0,0,0,0,0,0,0,0,0,0,0,0,0,0,0,0,0,0,16621,0,0,0,0,33555,0,0,0,0,0,0,0,0,0,0,0,0,0,0,0,0,0,0,0,16621,0,0,0,0,33555,0,0,0,0,0,0,0,0,0,0,0,0,0,0,0,0,0,0,0,TCGA-LL-A740-DX1_xmin39436_ymin24080_MPP-0.2500+74
3901,1797,0,0,0,5832,38646,0,0,0,0,0,0,0,0,0,0,0,0,0,0,0,0,0,0,3790,1908,0,0,0,6118,38360,0,0,0,0,0,0,0,0,0,0,0,0,0,0,0,0,0,0,3876,1822,0,0,0,5951,38527,0,0,0,0,0,0,0,0,0,0,0,0,0,0,0,0,0,0,TCGA-LL-A740-DX1_xmin39436_ymin24080_MPP-0.2500+75
475,0,0,0,0,16888,32813,0,0,0,0,0,0,0,0,0,0,0,0,0,0,0,0,0,0,475,0,0,0,0,16676,33025,0,0,0,0,0,0,0,0,0,0,0,0,0,0,0,0,0,0,475,0,0,0,0,17814,31887,0,0,0,0,0,0,0,0,0,0,0,0,0,0,0,0,0,0,TCGA-LL-A740-DX1_xmin39436_ymin24080_MPP-0.2500+76
0,0,0,0,0,0,50176,0,0,0,0,0,0,0,0,0,0,0,0,0,0,0,0,0,0,0,0,0,0,0,0,50176,0,0,0,0,0,0,0,0,0,0,0,0,0,0,0,0,0,0,0,0,0,0,0,0,50176,0,0,0,0,0,0,0,0,0,0,0,0,0,0,0,0,0,0,TCGA-LL-A740-DX1_xmin39436_ymin24080_MPP-0.2500+77
0,0,0,0,0,5610,43355,0,0,0,0,0,0,0,0,0,0,0,0,0,0,0,0,0,1211,0,0,0,0,0,5094,43871,0,0,0,0,0,0,0,0,0,0,0,0,0,0,0,0,0,1211,0,0,0,0,0,5962,43003,0,0,0,0,0,0,0,0,0,0,0,0,0,0,0,0,0,1211,TCGA-LL-A740-DX1_xmin39436_ymin24080_MPP-0.2500+78
0,0,0,0,0,0,50176,0,0,0,0,0,0,0,0,0,0,0,0,0,0,0,0,0,0,0,0,0,0,0,0,50176,0,0,0,0,0,0,0,0,0,0,0,0,0,0,0,0,0,0,0,0,0,0,0,0,50176,0,0,0,0,0,0,0,0,0,0,0,0,0,0,0,0,0,0,TCGA-LL-A740-DX1_xmin39436_ymin24080_MPP-0.2500+79
2621,112,0,0,0,10184,37259,0,0,0,0,0,0,0,0,0,0,0,0,0,0,0,0,0,0,2613,120,0,0,0,10060,37383,0,0,0,0,0,0,0,0,0,0,0,0,0,0,0,0,0,0,2620,113,0,0,0,11037,36406,0,0,0,0,0,0,0,0,0,0,0,0,0,0,0,0,0,0,TCGA-LL-A740-DX1_xmin39436_ymin24080_MPP-0.2500+8
0,0,0,0,0,0,50176,0,0,0,0,0,0,0,0,0,0,0,0,0,0,0,0,0,0,0,0,0,0,0,0,50176,0,0,0,0,0,0,0,0,0,0,0,0,0,0,0,0,0,0,0,0,0,0,0,0,50176,0,0,0,0,0,0,0,0,0,0,0,0,0,0,0,0,0,0,TCGA-LL-A740-DX1_xmin39436_ymin24080_MPP-0.2500+80
0,0,0,0,0,0,35265,0,0,0,0,0,0,0,0,0,0,0,0,0,0,0,0,0,14911,0,0,0,0,0,0,35265,0,0,0,0,0,0,0,0,0,0,0,0,0,0,0,0,0,14911,0,0,0,0,0,0,35265,0,0,0,0,0,0,0,0,0,0,0,0,0,0,0,0,0,14911,TCGA-LL-A740-DX1_xmin39436_ymin24080_MPP-0.2500+81
0,0,0,0,0,0,40526,0,0,0,0,0,0,0,0,0,0,0,0,0,0,0,0,0,9650,0,0,0,0,0,0,40526,0,0,0,0,0,0,0,0,0,0,0,0,0,0,0,0,0,9650,0,0,0,0,0,0,40526,0,0,0,0,0,0,0,0,0,0,0,0,0,0,0,0,0,9650,TCGA-LL-A740-DX1_xmin39436_ymin24080_MPP-0.2500+82
0,0,0,0,0,35595,14581,0,0,0,0,0,0,0,0,0,0,0,0,0,0,0,0,0,0,0,0,0,0,0,35594,14582,0,0,0,0,0,0,0,0,0,0,0,0,0,0,0,0,0,0,0,0,0,0,0,36262,13914,0,0,0,0,0,0,0,0,0,0,0,0,0,0,0,0,0,0,TCGA-LL-A740-DX1_xmin39436_ymin24080_MPP-0.2500+83
0,0,0,0,0,50176,0,0,0,0,0,0,0,0,0,0,0,0,0,0,0,0,0,0,0,0,0,0,0,0,50176,0,0,0,0,0,0,0,0,0,0,0,0,0,0,0,0,0,0,0,0,0,0,0,0,50176,0,0,0,0,0,0,0,0,0,0,0,0,0,0,0,0,0,0,0,TCGA-LL-A740-DX1_xmin39436_ymin24080_MPP-0.2500+84
27583,0,0,0,0,22593,0,0,0,0,0,0,0,0,0,0,0,0,0,0,0,0,0,0,0,27583,0,0,0,0,22593,0,0,0,0,0,0,0,0,0,0,0,0,0,0,0,0,0,0,0,27583,0,0,0,0,22593,0,0,0,0,0,0,0,0,0,0,0,0,0,0,0,0,0,0,0,TCGA-LL-A740-DX1_xmin39436_ymin24080_MPP-0.2500+85
2883,0,0,0,0,47293,0,0,0,0,0,0,0,0,0,0,0,0,0,0,0,0,0,0,0,2883,0,0,0,0,47293,0,0,0,0,0,0,0,0,0,0,0,0,0,0,0,0,0,0,0,2883,0,0,0,0,47293,0,0,0,0,0,0,0,0,0,0,0,0,0,0,0,0,0,0,0,TCGA-LL-A740-DX1_xmin39436_ymin24080_MPP-0.2500+86
10366,1452,0,0,0,16183,22175,0,0,0,0,0,0,0,0,0,0,0,0,0,0,0,0,0,0,10366,1452,0,0,0,16263,22095,0,0,0,0,0,0,0,0,0,0,0,0,0,0,0,0,0,0,10366,1452,0,0,0,16131,22227,0,0,0,0,0,0,0,0,0,0,0,0,0,0,0,0,0,0,TCGA-LL-A740-DX1_xmin39436_ymin24080_MPP-0.2500+87
0,0,0,0,0,0,50176,0,0,0,0,0,0,0,0,0,0,0,0,0,0,0,0,0,0,0,0,0,0,0,0,50176,0,0,0,0,0,0,0,0,0,0,0,0,0,0,0,0,0,0,0,0,0,0,0,0,50176,0,0,0,0,0,0,0,0,0,0,0,0,0,0,0,0,0,0,TCGA-LL-A740-DX1_xmin39436_ymin24080_MPP-0.2500+88
0,0,0,0,0,1562,22479,0,0,0,0,0,0,0,0,0,0,0,0,0,0,0,0,0,26135,0,0,0,0,0,1334,22707,0,0,0,0,0,0,0,0,0,0,0,0,0,0,0,0,0,26135,0,0,0,0,0,0,24041,0,0,0,0,0,0,0,0,0,0,0,0,0,0,0,0,0,26135,TCGA-LL-A740-DX1_xmin39436_ymin24080_MPP-0.2500+89
43353,2894,0,0,0,0,3929,0,0,0,0,0,0,0,0,0,0,0,0,0,0,0,0,0,0,43178,3069,0,0,0,0,3929,0,0,0,0,0,0,0,0,0,0,0,0,0,0,0,0,0,0,43246,3001,0,0,0,0,3929,0,0,0,0,0,0,0,0,0,0,0,0,0,0,0,0,0,0,TCGA-LL-A740-DX1_xmin39436_ymin24080_MPP-0.2500+9
0,0,0,0,0,0,46329,0,0,0,0,0,0,0,0,0,0,0,0,0,0,0,0,0,3847,0,0,0,0,0,0,46329,0,0,0,0,0,0,0,0,0,0,0,0,0,0,0,0,0,3847,0,0,0,0,0,0,46329,0,0,0,0,0,0,0,0,0,0,0,0,0,0,0,0,0,3847,TCGA-LL-A740-DX1_xmin39436_ymin24080_MPP-0.2500+90
0,0,0,0,0,0,41267,0,0,0,0,0,0,0,0,0,0,0,0,0,0,0,0,0,8909,0,0,0,0,0,0,41267,0,0,0,0,0,0,0,0,0,0,0,0,0,0,0,0,0,8909,0,0,0,0,0,0,41267,0,0,0,0,0,0,0,0,0,0,0,0,0,0,0,0,0,8909,TCGA-LL-A740-DX1_xmin39436_ymin24080_MPP-0.2500+91
0,0,0,0,0,0,40116,0,0,0,0,0,0,0,0,0,0,0,0,0,0,0,0,0,10060,0,0,0,0,0,0,40116,0,0,0,0,0,0,0,0,0,0,0,0,0,0,0,0,0,10060,0,0,0,0,0,0,40116,0,0,0,0,0,0,0,0,0,0,0,0,0,0,0,0,0,10060,TCGA-LL-A740-DX1_xmin39436_ymin24080_MPP-0.2500+92
0,0,0,0,0,0,50167,0,0,0,0,0,0,0,0,0,0,0,0,0,0,0,0,0,9,0,0,0,0,0,0,50167,0,0,0,0,0,0,0,0,0,0,0,0,0,0,0,0,0,9,0,0,0,0,0,0,50167,0,0,0,0,0,0,0,0,0,0,0,0,0,0,0,0,0,9,TCGA-LL-A740-DX1_xmin39436_ymin24080_MPP-0.2500+93
0,0,0,0,0,0,50176,0,0,0,0,0,0,0,0,0,0,0,0,0,0,0,0,0,0,0,0,0,0,0,192,13127,0,36857,0,0,0,0,0,0,0,0,0,0,0,0,0,0,0,0,0,0,0,0,0,0,50176,0,0,0,0,0,0,0,0,0,0,0,0,0,0,0,0,0,0,TCGA-LL-A740-DX1_xmin39436_ymin24080_MPP-0.2500+94
0,0,0,0,0,37593,0,0,12583,0,0,0,0,0,0,0,0,0,0,0,0,0,0,0,0,0,0,0,0,0,26176,0,0,24000,0,0,0,0,0,0,0,0,0,0,0,0,0,0,0,0,0,0,0,0,0,36262,0,0,13914,0,0,0,0,0,0,0,0,0,0,0,0,0,0,0,0,TCGA-LL-A740-DX1_xmin39436_ymin24080_MPP-0.2500+95
20243,0,0,0,0,29933,0,0,0,0,0,0,0,0,0,0,0,0,0,0,0,0,0,0,0,20243,0,0,0,0,29933,0,0,0,0,0,0,0,0,0,0,0,0,0,0,0,0,0,0,0,20243,0,0,0,0,29933,0,0,0,0,0,0,0,0,0,0,0,0,0,0,0,0,0,0,0,TCGA-LL-A740-DX1_xmin39436_ymin24080_MPP-0.2500+96
0,1426,0,33,0,0,26799,0,21918,0,0,0,0,0,0,0,0,0,0,0,0,0,0,0,0,0,1384,0,75,0,0,22630,0,26087,0,0,0,0,0,0,0,0,0,0,0,0,0,0,0,0,0,1431,0,28,0,0,26658,0,22059,0,0,0,0,0,0,0,0,0,0,0,0,0,0,0,0,TCGA-LL-A740-DX1_xmin39436_ymin24080_MPP-0.2500+97
4737,1075,0,0,0,1234,43130,0,0,0,0,0,0,0,0,0,0,0,0,0,0,0,0,0,0,4858,954,0,0,0,1448,42916,0,0,0,0,0,0,0,0,0,0,0,0,0,0,0,0,0,0,4839,973,0,0,0,1613,42751,0,0,0,0,0,0,0,0,0,0,0,0,0,0,0,0,0,0,TCGA-LL-A740-DX1_xmin39436_ymin24080_MPP-0.2500+98
0,0,0,0,0,0,49962,0,0,0,0,0,0,0,0,0,0,0,0,0,0,0,0,0,214,0,0,0,0,0,0,49962,0,0,0,0,0,0,0,0,0,0,0,0,0,0,0,0,0,214,0,0,0,0,0,0,49962,0,0,0,0,0,0,0,0,0,0,0,0,0,0,0,0,0,214,TCGA-LL-A740-DX1_xmin39436_ymin24080_MPP-0.2500+99
0,0,0,0,0,0,0,0,1231,0,0,0,0,0,0,0,0,0,35570,0,0,0,0,0,13375,0,0,0,0,0,0,0,0,1231,0,0,0,0,0,0,0,0,0,35570,0,0,0,0,0,13375,0,0,0,0,0,0,0,0,1231,0,0,0,0,0,0,0,0,0,35570,0,0,0,0,0,13375,TCGA-OL-A5D6-DX1_xmin115108_ymin40554_MPP-0.2500+0
0,0,0,0,0,0,0,0,1,0,0,0,0,0,0,0,0,0,0,0,0,0,0,0,50175,0,0,0,0,0,0,0,0,1,0,0,0,0,0,0,0,0,0,0,0,0,0,0,0,50175,0,0,0,0,0,0,0,0,1,0,0,0,0,0,0,0,0,0,0,0,0,0,0,0,50175,TCGA-OL-A5D6-DX1_xmin115108_ymin40554_MPP-0.2500+1
0,0,0,0,0,0,0,0,3614,0,0,0,0,0,0,0,0,0,29713,0,0,0,0,0,16849,0,0,0,0,0,0,0,0,3614,0,0,0,0,0,0,0,0,0,29713,0,0,0,0,0,16849,0,0,0,0,0,0,0,0,3614,0,0,0,0,0,0,0,0,0,29713,0,0,0,0,0,16849,TCGA-OL-A5D6-DX1_xmin115108_ymin40554_MPP-0.2500+10
0,0,0,751,0,0,0,0,3764,0,0,0,0,0,0,0,0,0,11470,0,0,0,0,0,34191,16,0,0,735,0,0,0,0,3764,0,0,0,0,0,0,0,0,0,11470,0,0,0,0,0,34191,0,0,0,751,0,0,0,0,3764,0,0,0,0,0,0,0,0,0,11470,0,0,0,0,0,34191,TCGA-OL-A5D6-DX1_xmin115108_ymin40554_MPP-0.2500+11
20179,4741,0,0,0,178,2341,0,0,0,0,0,0,0,0,0,8352,0,0,0,0,0,0,0,14385,20098,4822,0,0,0,182,2337,0,0,0,0,0,0,0,0,0,8352,0,0,0,0,0,0,0,14385,20619,4301,0,0,0,160,2359,0,0,0,0,0,0,0,0,0,8352,0,0,0,0,0,0,0,14385,TCGA-OL-A5D6-DX1_xmin115108_ymin40554_MPP-0.2500+12
44292,0,0,0,0,0,0,0,0,0,0,0,0,0,0,0,0,0,0,0,0,0,0,0,5884,44292,0,0,0,0,0,0,0,0,0,0,0,0,0,0,0,0,0,0,0,0,0,0,0,5884,44292,0,0,0,0,0,0,0,0,0,0,0,0,0,0,0,0,0,0,0,0,0,0,0,5884,TCGA-OL-A5D6-DX1_xmin115108_ymin40554_MPP-0.2500+13
44675,1446,0,0,0,96,3959,0,0,0,0,0,0,0,0,0,0,0,0,0,0,0,0,0,0,44708,1413,0,0,0,103,3952,0,0,0,0,0,0,0,0,0,0,0,0,0,0,0,0,0,0,44724,1397,0,0,0,100,3955,0,0,0,0,0,0,0,0,0,0,0,0,0,0,0,0,0,0,TCGA-OL-A5D6-DX1_xmin115108_ymin40554_MPP-0.2500+14
5275,9335,0,0,0,761,34805,0,0,0,0,0,0,0,0,0,0,0,0,0,0,0,0,0,0,5084,9526,0,0,0,682,34884,0,0,0,0,0,0,0,0,0,0,0,0,0,0,0,0,0,0,6146,8464,0,0,0,762,34804,0,0,0,0,0,0,0,0,0,0,0,0,0,0,0,0,0,0,TCGA-OL-A5D6-DX1_xmin115108_ymin40554_MPP-0.2500+15
13964,8331,0,0,0,426,27455,0,0,0,0,0,0,0,0,0,0,0,0,0,0,0,0,0,0,13741,8554,0,0,0,463,27418,0,0,0,0,0,0,0,0,0,0,0,0,0,0,0,0,0,0,0,22295,0,0,0,0,27881,0,0,0,0,0,0,0,0,0,0,0,0,0,0,0,0,0,0,TCGA-OL-A5D6-DX1_xmin115108_ymin40554_MPP-0.2500+16
13412,21498,0,0,0,0,15266,0,0,0,0,0,0,0,0,0,0,0,0,0,0,0,0,0,0,13488,21422,0,0,0,0,15266,0,0,0,0,0,0,0,0,0,0,0,0,0,0,0,0,0,0,13253,21657,0,0,0,0,15266,0,0,0,0,0,0,0,0,0,0,0,0,0,0,0,0,0,0,TCGA-OL-A5D6-DX1_xmin115108_ymin40554_MPP-0.2500+17
31015,8586,0,0,0,569,10006,0,0,0,0,0,0,0,0,0,0,0,0,0,0,0,0,0,0,31053,8548,0,0,0,504,10071,0,0,0,0,0,0,0,0,0,0,0,0,0,0,0,0,0,0,30876,8725,0,0,0,713,9862,0,0,0,0,0,0,0,0,0,0,0,0,0,0,0,0,0,0,TCGA-OL-A5D6-DX1_xmin115108_ymin40554_MPP-0.2500+18
19980,20372,0,0,0,598,9226,0,0,0,0,0,0,0,0,0,0,0,0,0,0,0,0,0,0,20411,19941,0,0,0,785,9039,0,0,0,0,0,0,0,0,0,0,0,0,0,0,0,0,0,0,320,40032,0,0,0,0,9824,0,0,0,0,0,0,0,0,0,0,0,0,0,0,0,0,0,0,TCGA-OL-A5D6-DX1_xmin115108_ymin40554_MPP-0.2500+19
1904,0,0,3244,0,0,0,0,2246,0,0,0,0,0,0,349,0,0,11069,0,0,0,0,0,31364,2224,0,0,2924,0,0,0,0,2246,0,0,0,0,0,0,190,0,0,11228,0,0,0,0,0,31364,0,4141,0,1007,0,0,1046,0,1200,0,0,0,0,0,0,0,7940,0,3478,0,0,0,0,0,31364,TCGA-OL-A5D6-DX1_xmin115108_ymin40554_MPP-0.2500+2
3174,0,0,2940,0,0,0,0,1029,0,0,0,0,0,0,309,0,0,36487,0,0,0,0,0,6237,3822,0,0,2292,0,0,0,0,1029,0,0,0,0,0,0,312,0,0,36484,0,0,0,0,0,6237,3131,0,0,2983,0,0,0,0,1029,0,0,0,0,0,0,565,0,0,36231,0,0,0,0,0,6237,TCGA-OL-A5D6-DX1_xmin115108_ymin40554_MPP-0.2500+20
28137,0,0,17573,0,0,0,0,1004,0,0,0,0,0,0,1,0,0,1580,0,0,0,0,0,1881,26765,0,0,18945,0,0,0,0,1004,0,0,0,0,0,0,12,0,0,1569,0,0,0,0,0,1881,29151,0,0,16559,0,0,0,0,1004,0,0,0,0,0,0,0,0,0,1581,0,0,0,0,0,1881,TCGA-OL-A5D6-DX1_xmin115108_ymin40554_MPP-0.2500+21
36426,0,0,0,0,0,0,0,0,0,0,0,0,0,0,0,0,0,0,0,0,0,0,0,13750,36426,0,0,0,0,0,0,0,0,0,0,0,0,0,0,0,0,0,0,0,0,0,0,0,13750,36426,0,0,0,0,0,0,0,0,0,0,0,0,0,0,0,0,0,0,0,0,0,0,0,13750,TCGA-OL-A5D6-DX1_xmin115108_ymin40554_MPP-0.2500+22
46751,0,0,0,0,1100,0,0,0,0,0,0,0,0,0,0,0,0,0,0,0,0,0,0,2325,46751,0,0,0,0,1100,0,0,0,0,0,0,0,0,0,0,0,0,0,0,0,0,0,0,2325,46751,0,0,0,0,1100,0,0,0,0,0,0,0,0,0,0,0,0,0,0,0,0,0,0,2325,TCGA-OL-A5D6-DX1_xmin115108_ymin40554_MPP-0.2500+23
15665,993,0,0,0,746,32609,0,0,0,0,0,0,0,0,0,0,0,0,0,0,0,0,0,163,15577,1081,0,0,0,653,32702,0,0,0,0,0,0,0,0,0,0,0,0,0,0,0,0,0,163,15799,859,0,0,0,1015,32340,0,0,0,0,0,0,0,0,0,0,0,0,0,0,0,0,0,163,TCGA-OL-A5D6-DX1_xmin115108_ymin40554_MPP-0.2500+24
22807,4151,0,0,0,186,23032,0,0,0,0,0,0,0,0,0,0,0,0,0,0,0,0,0,0,22460,4498,0,0,0,100,23118,0,0,0,0,0,0,0,0,0,0,0,0,0,0,0,0,0,0,22630,4328,0,0,0,101,23117,0,0,0,0,0,0,0,0,0,0,0,0,0,0,0,0,0,0,TCGA-OL-A5D6-DX1_xmin115108_ymin40554_MPP-0.2500+25
14802,10197,0,0,0,1352,23825,0,0,0,0,0,0,0,0,0,0,0,0,0,0,0,0,0,0,13463,11536,0,0,0,1054,24123,0,0,0,0,0,0,0,0,0,0,0,0,0,0,0,0,0,0,14827,10172,0,0,0,1480,23697,0,0,0,0,0,0,0,0,0,0,0,0,0,0,0,0,0,0,TCGA-OL-A5D6-DX1_xmin115108_ymin40554_MPP-0.2500+26
10099,19756,0,0,0,0,20321,0,0,0,0,0,0,0,0,0,0,0,0,0,0,0,0,0,0,10231,19624,0,0,0,0,20321,0,0,0,0,0,0,0,0,0,0,0,0,0,0,0,0,0,0,9949,19906,0,0,0,0,20321,0,0,0,0,0,0,0,0,0,0,0,0,0,0,0,0,0,0,TCGA-OL-A5D6-DX1_xmin115108_ymin40554_MPP-0.2500+27
50176,0,0,0,0,0,0,0,0,0,0,0,0,0,0,0,0,0,0,0,0,0,0,0,0,50176,0,0,0,0,0,0,0,0,0,0,0,0,0,0,0,0,0,0,0,0,0,0,0,0,50176,0,0,0,0,0,0,0,0,0,0,0,0,0,0,0,0,0,0,0,0,0,0,0,0,TCGA-OL-A5D6-DX1_xmin115108_ymin40554_MPP-0.2500+28
15713,24927,0,0,0,2714,6822,0,0,0,0,0,0,0,0,0,0,0,0,0,0,0,0,0,0,15800,24840,0,0,0,2778,6758,0,0,0,0,0,0,0,0,0,0,0,0,0,0,0,0,0,0,16390,24250,0,0,0,2880,6656,0,0,0,0,0,0,0,0,0,0,0,0,0,0,0,0,0,0,TCGA-OL-A5D6-DX1_xmin115108_ymin40554_MPP-0.2500+29
45860,0,0,0,0,100,0,0,0,0,0,0,0,0,0,0,0,0,0,0,0,0,0,0,4216,45860,0,0,0,0,100,0,0,0,0,0,0,0,0,0,0,0,0,0,0,0,0,0,0,4216,45860,0,0,0,0,100,0,0,0,0,0,0,0,0,0,0,0,0,0,0,0,0,0,0,4216,TCGA-OL-A5D6-DX1_xmin115108_ymin40554_MPP-0.2500+3
10106,6231,0,0,0,302,249,0,118,0,0,0,0,0,0,4226,3857,0,21447,0,0,0,0,0,3640,10270,6067,0,0,0,307,207,0,155,0,0,0,0,0,0,3816,3493,0,22221,0,0,0,0,0,3640,10082,6255,0,0,0,300,248,0,121,0,0,0,0,0,0,4280,3770,0,21480,0,0,0,0,0,3640,TCGA-OL-A5D6-DX1_xmin115108_ymin40554_MPP-0.2500+30
23889,19339,0,0,0,434,2522,0,0,0,0,0,0,0,0,0,1948,0,0,0,0,0,0,0,2044,24222,19006,0,0,0,535,2421,0,0,0,0,0,0,0,0,0,1948,0,0,0,0,0,0,0,2044,24116,19112,0,0,0,369,2587,0,0,0,0,0,0,0,0,0,1948,0,0,0,0,0,0,0,2044,TCGA-OL-A5D6-DX1_xmin115108_ymin40554_MPP-0.2500+31
32691,7712,0,0,0,136,7020,0,0,0,0,0,0,0,0,0,0,0,0,0,0,0,0,0,2617,33591,6812,0,0,0,261,6895,0,0,0,0,0,0,0,0,0,0,0,0,0,0,0,0,0,2617,32814,7589,0,0,0,77,7079,0,0,0,0,0,0,0,0,0,0,0,0,0,0,0,0,0,2617,TCGA-OL-A5D6-DX1_xmin115108_ymin40554_MPP-0.2500+32
9404,2572,0,0,0,1836,36364,0,0,0,0,0,0,0,0,0,0,0,0,0,0,0,0,0,0,9361,2615,0,0,0,1832,36368,0,0,0,0,0,0,0,0,0,0,0,0,0,0,0,0,0,0,9403,2573,0,0,0,2014,36186,0,0,0,0,0,0,0,0,0,0,0,0,0,0,0,0,0,0,TCGA-OL-A5D6-DX1_xmin115108_ymin40554_MPP-0.2500+33
0,0,0,0,0,0,50176,0,0,0,0,0,0,0,0,0,0,0,0,0,0,0,0,0,0,0,0,0,0,0,0,50176,0,0,0,0,0,0,0,0,0,0,0,0,0,0,0,0,0,0,0,0,0,0,0,0,50176,0,0,0,0,0,0,0,0,0,0,0,0,0,0,0,0,0,0,TCGA-OL-A5D6-DX1_xmin115108_ymin40554_MPP-0.2500+34
0,7166,0,0,0,0,43010,0,0,0,0,0,0,0,0,0,0,0,0,0,0,0,0,0,0,0,7166,0,0,0,0,43010,0,0,0,0,0,0,0,0,0,0,0,0,0,0,0,0,0,0,0,7166,0,0,0,0,43010,0,0,0,0,0,0,0,0,0,0,0,0,0,0,0,0,0,0,TCGA-OL-A5D6-DX1_xmin115108_ymin40554_MPP-0.2500+35
11639,4399,0,0,0,30,34108,0,0,0,0,0,0,0,0,0,0,0,0,0,0,0,0,0,0,11324,4714,0,0,0,30,34108,0,0,0,0,0,0,0,0,0,0,0,0,0,0,0,0,0,0,11334,4704,0,0,0,22,34116,0,0,0,0,0,0,0,0,0,0,0,0,0,0,0,0,0,0,TCGA-OL-A5D6-DX1_xmin115108_ymin40554_MPP-0.2500+36
17536,3897,0,0,0,3747,24996,0,0,0,0,0,0,0,0,0,0,0,0,0,0,0,0,0,0,17271,4162,0,0,0,3756,24987,0,0,0,0,0,0,0,0,0,0,0,0,0,0,0,0,0,0,17498,3935,0,0,0,4116,24627,0,0,0,0,0,0,0,0,0,0,0,0,0,0,0,0,0,0,TCGA-OL-A5D6-DX1_xmin115108_ymin40554_MPP-0.2500+37
46124,1487,0,0,0,324,2241,0,0,0,0,0,0,0,0,0,0,0,0,0,0,0,0,0,0,45908,1703,0,0,0,259,2306,0,0,0,0,0,0,0,0,0,0,0,0,0,0,0,0,0,0,45920,1691,0,0,0,281,2284,0,0,0,0,0,0,0,0,0,0,0,0,0,0,0,0,0,0,TCGA-OL-A5D6-DX1_xmin115108_ymin40554_MPP-0.2500+38
21865,20728,0,0,0,3078,4505,0,0,0,0,0,0,0,0,0,0,0,0,0,0,0,0,0,0,23252,19341,0,0,0,3085,4498,0,0,0,0,0,0,0,0,0,0,0,0,0,0,0,0,0,0,22705,19888,0,0,0,3075,4508,0,0,0,0,0,0,0,0,0,0,0,0,0,0,0,0,0,0,TCGA-OL-A5D6-DX1_xmin115108_ymin40554_MPP-0.2500+39
50176,0,0,0,0,0,0,0,0,0,0,0,0,0,0,0,0,0,0,0,0,0,0,0,0,50176,0,0,0,0,0,0,0,0,0,0,0,0,0,0,0,0,0,0,0,0,0,0,0,0,50176,0,0,0,0,0,0,0,0,0,0,0,0,0,0,0,0,0,0,0,0,0,0,0,0,TCGA-OL-A5D6-DX1_xmin115108_ymin40554_MPP-0.2500+4
0,0,0,0,0,0,0,0,203,0,0,0,0,0,0,0,0,0,42900,0,0,0,0,0,7073,0,0,0,0,0,0,0,0,203,0,0,0,0,0,0,0,0,0,42900,0,0,0,0,0,7073,0,0,0,0,0,0,0,0,203,0,0,0,0,0,0,0,0,0,42900,0,0,0,0,0,7073,TCGA-OL-A5D6-DX1_xmin115108_ymin40554_MPP-0.2500+40
19112,0,0,109,0,2192,0,0,357,0,0,0,0,0,0,0,0,0,14853,0,0,0,0,0,13553,19166,0,0,55,0,2172,0,0,377,0,0,0,0,0,0,0,0,0,14853,0,0,0,0,0,13553,19146,0,0,75,0,2206,0,0,343,0,0,0,0,0,0,0,0,0,14853,0,0,0,0,0,13553,TCGA-OL-A5D6-DX1_xmin115108_ymin40554_MPP-0.2500+41
50176,0,0,0,0,0,0,0,0,0,0,0,0,0,0,0,0,0,0,0,0,0,0,0,0,50176,0,0,0,0,0,0,0,0,0,0,0,0,0,0,0,0,0,0,0,0,0,0,0,0,50176,0,0,0,0,0,0,0,0,0,0,0,0,0,0,0,0,0,0,0,0,0,0,0,0,TCGA-OL-A5D6-DX1_xmin115108_ymin40554_MPP-0.2500+42
47764,0,0,0,0,2412,0,0,0,0,0,0,0,0,0,0,0,0,0,0,0,0,0,0,0,47764,0,0,0,0,2412,0,0,0,0,0,0,0,0,0,0,0,0,0,0,0,0,0,0,0,47764,0,0,0,0,2412,0,0,0,0,0,0,0,0,0,0,0,0,0,0,0,0,0,0,0,TCGA-OL-A5D6-DX1_xmin115108_ymin40554_MPP-0.2500+43
14764,6263,0,0,0,479,28670,0,0,0,0,0,0,0,0,0,0,0,0,0,0,0,0,0,0,14654,6373,0,0,0,294,28855,0,0,0,0,0,0,0,0,0,0,0,0,0,0,0,0,0,0,14282,6745,0,0,0,368,28781,0,0,0,0,0,0,0,0,0,0,0,0,0,0,0,0,0,0,TCGA-OL-A5D6-DX1_xmin115108_ymin40554_MPP-0.2500+44
0,0,0,0,0,0,50176,0,0,0,0,0,0,0,0,0,0,0,0,0,0,0,0,0,0,0,0,0,0,0,0,50176,0,0,0,0,0,0,0,0,0,0,0,0,0,0,0,0,0,0,0,0,0,0,0,0,50176,0,0,0,0,0,0,0,0,0,0,0,0,0,0,0,0,0,0,TCGA-OL-A5D6-DX1_xmin115108_ymin40554_MPP-0.2500+45
0,522,0,0,0,0,49654,0,0,0,0,0,0,0,0,0,0,0,0,0,0,0,0,0,0,0,522,0,0,0,0,49654,0,0,0,0,0,0,0,0,0,0,0,0,0,0,0,0,0,0,0,522,0,0,0,0,49654,0,0,0,0,0,0,0,0,0,0,0,0,0,0,0,0,0,0,TCGA-OL-A5D6-DX1_xmin115108_ymin40554_MPP-0.2500+46
0,3188,0,0,0,0,46988,0,0,0,0,0,0,0,0,0,0,0,0,0,0,0,0,0,0,0,3188,0,0,0,0,46988,0,0,0,0,0,0,0,0,0,0,0,0,0,0,0,0,0,0,0,3188,0,0,0,0,46988,0,0,0,0,0,0,0,0,0,0,0,0,0,0,0,0,0,0,TCGA-OL-A5D6-DX1_xmin115108_ymin40554_MPP-0.2500+47
28535,11366,0,0,0,316,9959,0,0,0,0,0,0,0,0,0,0,0,0,0,0,0,0,0,0,29301,10600,0,0,0,393,9882,0,0,0,0,0,0,0,0,0,0,0,0,0,0,0,0,0,0,30030,9871,0,0,0,532,9743,0,0,0,0,0,0,0,0,0,0,0,0,0,0,0,0,0,0,TCGA-OL-A5D6-DX1_xmin115108_ymin40554_MPP-0.2500+48
29084,13320,0,0,0,1552,6220,0,0,0,0,0,0,0,0,0,0,0,0,0,0,0,0,0,0,28504,13900,0,0,0,1734,6038,0,0,0,0,0,0,0,0,0,0,0,0,0,0,0,0,0,0,29068,13336,0,0,0,1797,5975,0,0,0,0,0,0,0,0,0,0,0,0,0,0,0,0,0,0,TCGA-OL-A5D6-DX1_xmin115108_ymin40554_MPP-0.2500+49
6472,198,0,0,0,4450,39056,0,0,0,0,0,0,0,0,0,0,0,0,0,0,0,0,0,0,6510,160,0,0,0,4490,39016,0,0,0,0,0,0,0,0,0,0,0,0,0,0,0,0,0,0,6484,186,0,0,0,4618,38888,0,0,0,0,0,0,0,0,0,0,0,0,0,0,0,0,0,0,TCGA-OL-A5D6-DX1_xmin115108_ymin40554_MPP-0.2500+5
0,0,0,0,0,4,0,0,2107,0,0,0,0,0,0,508,0,0,26843,0,0,0,0,0,20714,0,0,0,0,0,4,0,0,2107,0,0,0,0,0,0,380,0,0,26971,0,0,0,0,0,20714,0,0,0,0,0,4,0,0,2107,0,0,0,0,0,0,572,0,0,26779,0,0,0,0,0,20714,TCGA-OL-A5D6-DX1_xmin115108_ymin40554_MPP-0.2500+50
16466,0,0,0,0,3015,0,0,0,0,0,0,0,0,0,5896,0,0,0,0,0,0,0,0,24799,16466,0,0,0,0,3015,0,0,0,0,0,0,0,0,0,5896,0,0,0,0,0,0,0,0,24799,16466,0,0,0,0,3015,0,0,0,0,0,0,0,0,0,5896,0,0,0,0,0,0,0,0,24799,TCGA-OL-A5D6-DX1_xmin115108_ymin40554_MPP-0.2500+51
50176,0,0,0,0,0,0,0,0,0,0,0,0,0,0,0,0,0,0,0,0,0,0,0,0,50176,0,0,0,0,0,0,0,0,0,0,0,0,0,0,0,0,0,0,0,0,0,0,0,0,50176,0,0,0,0,0,0,0,0,0,0,0,0,0,0,0,0,0,0,0,0,0,0,0,0,TCGA-OL-A5D6-DX1_xmin115108_ymin40554_MPP-0.2500+52
50176,0,0,0,0,0,0,0,0,0,0,0,0,0,0,0,0,0,0,0,0,0,0,0,0,50176,0,0,0,0,0,0,0,0,0,0,0,0,0,0,0,0,0,0,0,0,0,0,0,0,50176,0,0,0,0,0,0,0,0,0,0,0,0,0,0,0,0,0,0,0,0,0,0,0,0,TCGA-OL-A5D6-DX1_xmin115108_ymin40554_MPP-0.2500+53
48720,0,0,0,0,1456,0,0,0,0,0,0,0,0,0,0,0,0,0,0,0,0,0,0,0,48720,0,0,0,0,1456,0,0,0,0,0,0,0,0,0,0,0,0,0,0,0,0,0,0,0,48720,0,0,0,0,1456,0,0,0,0,0,0,0,0,0,0,0,0,0,0,0,0,0,0,0,TCGA-OL-A5D6-DX1_xmin115108_ymin40554_MPP-0.2500+54
5187,290,0,0,0,3145,41554,0,0,0,0,0,0,0,0,0,0,0,0,0,0,0,0,0,0,5152,325,0,0,0,1818,42881,0,0,0,0,0,0,0,0,0,0,0,0,0,0,0,0,0,0,5101,376,0,0,0,3129,41570,0,0,0,0,0,0,0,0,0,0,0,0,0,0,0,0,0,0,TCGA-OL-A5D6-DX1_xmin115108_ymin40554_MPP-0.2500+55
0,0,0,0,0,0,50176,0,0,0,0,0,0,0,0,0,0,0,0,0,0,0,0,0,0,0,0,0,0,0,0,50176,0,0,0,0,0,0,0,0,0,0,0,0,0,0,0,0,0,0,0,0,0,0,0,0,50176,0,0,0,0,0,0,0,0,0,0,0,0,0,0,0,0,0,0,TCGA-OL-A5D6-DX1_xmin115108_ymin40554_MPP-0.2500+56
0,2312,0,0,0,0,47864,0,0,0,0,0,0,0,0,0,0,0,0,0,0,0,0,0,0,0,2312,0,0,0,0,47864,0,0,0,0,0,0,0,0,0,0,0,0,0,0,0,0,0,0,0,2312,0,0,0,0,47864,0,0,0,0,0,0,0,0,0,0,0,0,0,0,0,0,0,0,TCGA-OL-A5D6-DX1_xmin115108_ymin40554_MPP-0.2500+57
0,11506,0,0,0,0,38670,0,0,0,0,0,0,0,0,0,0,0,0,0,0,0,0,0,0,0,11506,0,0,0,0,38670,0,0,0,0,0,0,0,0,0,0,0,0,0,0,0,0,0,0,0,11506,0,0,0,0,38670,0,0,0,0,0,0,0,0,0,0,0,0,0,0,0,0,0,0,TCGA-OL-A5D6-DX1_xmin115108_ymin40554_MPP-0.2500+58
0,4441,0,0,0,0,45735,0,0,0,0,0,0,0,0,0,0,0,0,0,0,0,0,0,0,0,4441,0,0,0,0,45735,0,0,0,0,0,0,0,0,0,0,0,0,0,0,0,0,0,0,0,4441,0,0,0,0,45735,0,0,0,0,0,0,0,0,0,0,0,0,0,0,0,0,0,0,TCGA-OL-A5D6-DX1_xmin115108_ymin40554_MPP-0.2500+59
13403,17527,0,0,0,648,18598,0,0,0,0,0,0,0,0,0,0,0,0,0,0,0,0,0,0,14655,16275,0,0,0,749,18497,0,0,0,0,0,0,0,0,0,0,0,0,0,0,0,0,0,0,14004,16926,0,0,0,656,18590,0,0,0,0,0,0,0,0,0,0,0,0,0,0,0,0,0,0,TCGA-OL-A5D6-DX1_xmin115108_ymin40554_MPP-0.2500+6
0,0,0,0,0,0,0,0,1613,0,0,0,0,0,0,0,0,0,30963,0,0,0,0,0,17600,0,0,0,0,0,0,0,0,1613,0,0,0,0,0,0,0,0,0,30963,0,0,0,0,0,17600,0,0,0,0,0,0,0,0,1613,0,0,0,0,0,0,0,0,0,30963,0,0,0,0,0,17600,TCGA-OL-A5D6-DX1_xmin115108_ymin40554_MPP-0.2500+60
3580,0,0,178,0,2736,0,0,1465,0,0,0,0,0,0,205,0,0,2973,0,0,0,0,0,39039,3378,0,0,380,0,1766,0,0,2435,0,0,0,0,0,0,90,0,0,3088,0,0,0,0,0,39039,3758,0,0,0,0,3045,0,0,1156,0,0,0,0,0,0,140,0,0,3038,0,0,0,0,0,39039,TCGA-OL-A5D6-DX1_xmin115108_ymin40554_MPP-0.2500+61
32638,0,0,0,0,1934,0,0,0,0,0,0,0,0,0,0,0,0,0,0,0,0,0,0,15604,32638,0,0,0,0,1934,0,0,0,0,0,0,0,0,0,0,0,0,0,0,0,0,0,0,15604,32638,0,0,0,0,1934,0,0,0,0,0,0,0,0,0,0,0,0,0,0,0,0,0,0,15604,TCGA-OL-A5D6-DX1_xmin115108_ymin40554_MPP-0.2500+62
40297,0,0,0,0,0,0,0,0,0,0,0,0,0,0,0,0,0,0,0,0,0,0,0,9879,40297,0,0,0,0,0,0,0,0,0,0,0,0,0,0,0,0,0,0,0,0,0,0,0,9879,40297,0,0,0,0,0,0,0,0,0,0,0,0,0,0,0,0,0,0,0,0,0,0,0,9879,TCGA-OL-A5D6-DX1_xmin115108_ymin40554_MPP-0.2500+63
40770,0,0,0,0,0,0,0,0,0,0,0,0,0,0,0,0,0,0,0,0,0,0,0,9406,40770,0,0,0,0,0,0,0,0,0,0,0,0,0,0,0,0,0,0,0,0,0,0,0,9406,40770,0,0,0,0,0,0,0,0,0,0,0,0,0,0,0,0,0,0,0,0,0,0,0,9406,TCGA-OL-A5D6-DX1_xmin115108_ymin40554_MPP-0.2500+64
13063,520,0,0,0,1682,34911,0,0,0,0,0,0,0,0,0,0,0,0,0,0,0,0,0,0,12950,633,0,0,0,1615,34978,0,0,0,0,0,0,0,0,0,0,0,0,0,0,0,0,0,0,13075,508,0,0,0,1786,34807,0,0,0,0,0,0,0,0,0,0,0,0,0,0,0,0,0,0,TCGA-OL-A5D6-DX1_xmin115108_ymin40554_MPP-0.2500+65
0,0,0,0,0,13051,37125,0,0,0,0,0,0,0,0,0,0,0,0,0,0,0,0,0,0,0,0,0,0,0,13188,36988,0,0,0,0,0,0,0,0,0,0,0,0,0,0,0,0,0,0,0,0,0,0,0,13200,36976,0,0,0,0,0,0,0,0,0,0,0,0,0,0,0,0,0,0,TCGA-OL-A5D6-DX1_xmin115108_ymin40554_MPP-0.2500+66
35965,7116,0,0,0,1060,6035,0,0,0,0,0,0,0,0,0,0,0,0,0,0,0,0,0,0,36276,6805,0,0,0,1119,5976,0,0,0,0,0,0,0,0,0,0,0,0,0,0,0,0,0,0,35337,7744,0,0,0,697,6398,0,0,0,0,0,0,0,0,0,0,0,0,0,0,0,0,0,0,TCGA-OL-A5D6-DX1_xmin115108_ymin40554_MPP-0.2500+67
0,15304,0,0,0,0,33424,0,0,0,0,0,0,0,0,0,0,0,0,0,0,0,0,0,1448,0,15304,0,0,0,0,33424,0,0,0,0,0,0,0,0,0,0,0,0,0,0,0,0,0,1448,0,15304,0,0,0,0,33424,0,0,0,0,0,0,0,0,0,0,0,0,0,0,0,0,0,1448,TCGA-OL-A5D6-DX1_xmin115108_ymin40554_MPP-0.2500+68
0,6591,0,0,0,0,31750,0,0,0,0,0,0,0,0,0,0,0,0,0,0,0,0,0,11835,0,6591,0,0,0,0,31750,0,0,0,0,0,0,0,0,0,0,0,0,0,0,0,0,0,11835,0,6591,0,0,0,0,31750,0,0,0,0,0,0,0,0,0,0,0,0,0,0,0,0,0,11835,TCGA-OL-A5D6-DX1_xmin115108_ymin40554_MPP-0.2500+69
24482,19521,0,0,0,420,5753,0,0,0,0,0,0,0,0,0,0,0,0,0,0,0,0,0,0,24689,19314,0,0,0,524,5649,0,0,0,0,0,0,0,0,0,0,0,0,0,0,0,0,0,0,24495,19508,0,0,0,447,5726,0,0,0,0,0,0,0,0,0,0,0,0,0,0,0,0,0,0,TCGA-OL-A5D6-DX1_xmin115108_ymin40554_MPP-0.2500+7
19774,0,0,0,0,112,0,0,205,0,0,0,0,0,0,3161,0,0,25388,0,0,0,0,0,1536,19668,0,0,106,0,82,0,0,235,0,0,0,0,0,0,2183,0,0,26366,0,0,0,0,0,1536,19774,0,0,0,0,104,0,0,213,0,0,0,0,0,0,3312,0,0,25237,0,0,0,0,0,1536,TCGA-OL-A5D6-DX1_xmin115108_ymin40554_MPP-0.2500+70
33384,0,0,0,0,164,0,0,0,0,0,0,0,0,0,514,0,0,0,0,0,0,0,0,16114,33384,0,0,0,0,164,0,0,0,0,0,0,0,0,0,514,0,0,0,0,0,0,0,0,16114,33384,0,0,0,0,164,0,0,0,0,0,0,0,0,0,514,0,0,0,0,0,0,0,0,16114,TCGA-OL-A5D6-DX1_xmin115108_ymin40554_MPP-0.2500+71
42562,0,0,0,0,79,0,0,0,0,0,0,0,0,0,0,0,0,0,0,0,0,0,0,7535,42562,0,0,0,0,79,0,0,0,0,0,0,0,0,0,0,0,0,0,0,0,0,0,0,7535,42562,0,0,0,0,79,0,0,0,0,0,0,0,0,0,0,0,0,0,0,0,0,0,0,7535,TCGA-OL-A5D6-DX1_xmin115108_ymin40554_MPP-0.2500+72
25301,11801,0,0,0,0,0,0,0,0,0,0,0,0,0,0,0,0,0,0,0,0,0,0,13074,25177,11925,0,0,0,0,0,0,0,0,0,0,0,0,0,0,0,0,0,0,0,0,0,0,13074,25967,11135,0,0,0,0,0,0,0,0,0,0,0,0,0,0,0,0,0,0,0,0,0,0,13074,TCGA-OL-A5D6-DX1_xmin115108_ymin40554_MPP-0.2500+73
37222,5255,0,0,0,0,7699,0,0,0,0,0,0,0,0,0,0,0,0,0,0,0,0,0,0,37358,5119,0,0,0,0,7699,0,0,0,0,0,0,0,0,0,0,0,0,0,0,0,0,0,0,37379,5098,0,0,0,0,7699,0,0,0,0,0,0,0,0,0,0,0,0,0,0,0,0,0,0,TCGA-OL-A5D6-DX1_xmin115108_ymin40554_MPP-0.2500+74
0,1367,0,0,0,0,48809,0,0,0,0,0,0,0,0,0,0,0,0,0,0,0,0,0,0,0,1367,0,0,0,0,48809,0,0,0,0,0,0,0,0,0,0,0,0,0,0,0,0,0,0,0,1367,0,0,0,0,48809,0,0,0,0,0,0,0,0,0,0,0,0,0,0,0,0,0,0,TCGA-OL-A5D6-DX1_xmin115108_ymin40554_MPP-0.2500+75
0,0,0,0,0,0,50176,0,0,0,0,0,0,0,0,0,0,0,0,0,0,0,0,0,0,0,0,0,0,0,0,50176,0,0,0,0,0,0,0,0,0,0,0,0,0,0,0,0,0,0,0,0,0,0,0,0,50176,0,0,0,0,0,0,0,0,0,0,0,0,0,0,0,0,0,0,TCGA-OL-A5D6-DX1_xmin115108_ymin40554_MPP-0.2500+76
10729,11029,0,0,0,1157,27218,0,0,0,0,0,0,0,0,0,0,0,0,0,0,0,0,0,43,10937,10821,0,0,0,1206,27169,0,0,0,0,0,0,0,0,0,0,0,0,0,0,0,0,0,43,10480,11278,0,0,0,1308,27067,0,0,0,0,0,0,0,0,0,0,0,0,0,0,0,0,0,43,TCGA-OL-A5D6-DX1_xmin115108_ymin40554_MPP-0.2500+77
0,30808,0,0,0,0,14600,0,0,0,0,0,0,0,0,0,0,0,0,0,0,0,0,0,4768,0,30808,0,0,0,0,14600,0,0,0,0,0,0,0,0,0,0,0,0,0,0,0,0,0,4768,0,30808,0,0,0,0,14600,0,0,0,0,0,0,0,0,0,0,0,0,0,0,0,0,0,4768,TCGA-OL-A5D6-DX1_xmin115108_ymin40554_MPP-0.2500+78
0,30116,0,0,0,0,0,0,0,0,0,0,0,0,0,0,0,0,0,0,0,0,0,0,20060,0,30116,0,0,0,0,0,0,0,0,0,0,0,0,0,0,0,0,0,0,0,0,0,0,20060,0,30116,0,0,0,0,0,0,0,0,0,0,0,0,0,0,0,0,0,0,0,0,0,0,20060,TCGA-OL-A5D6-DX1_xmin115108_ymin40554_MPP-0.2500+79
13506,4740,0,0,0,310,31620,0,0,0,0,0,0,0,0,0,0,0,0,0,0,0,0,0,0,13507,4739,0,0,0,265,31665,0,0,0,0,0,0,0,0,0,0,0,0,0,0,0,0,0,0,13449,4797,0,0,0,411,31519,0,0,0,0,0,0,0,0,0,0,0,0,0,0,0,0,0,0,TCGA-OL-A5D6-DX1_xmin115108_ymin40554_MPP-0.2500+8
46000,0,0,0,0,0,0,0,0,0,0,0,0,0,0,0,0,0,0,0,0,0,0,0,4176,46000,0,0,0,0,0,0,0,0,0,0,0,0,0,0,0,0,0,0,0,0,0,0,0,4176,46000,0,0,0,0,0,0,0,0,0,0,0,0,0,0,0,0,0,0,0,0,0,0,0,4176,TCGA-OL-A5D6-DX1_xmin115108_ymin40554_MPP-0.2500+80
33793,0,0,0,0,0,0,0,0,0,0,0,0,0,0,0,0,0,0,0,0,0,0,0,16383,33793,0,0,0,0,0,0,0,0,0,0,0,0,0,0,0,0,0,0,0,0,0,0,0,16383,33793,0,0,0,0,0,0,0,0,0,0,0,0,0,0,0,0,0,0,0,0,0,0,0,16383,TCGA-OL-A5D6-DX1_xmin115108_ymin40554_MPP-0.2500+81
25178,0,0,0,0,64,0,0,0,0,0,0,0,0,0,0,0,0,0,0,0,0,0,0,24934,25178,0,0,0,0,64,0,0,0,0,0,0,0,0,0,0,0,0,0,0,0,0,0,0,24934,25178,0,0,0,0,64,0,0,0,0,0,0,0,0,0,0,0,0,0,0,0,0,0,0,24934,TCGA-OL-A5D6-DX1_xmin115108_ymin40554_MPP-0.2500+82
21982,4679,0,0,0,1075,15512,0,0,0,0,0,0,0,0,0,0,0,0,0,0,0,0,0,6928,21815,4846,0,0,0,1065,15522,0,0,0,0,0,0,0,0,0,0,0,0,0,0,0,0,0,6928,22211,4450,0,0,0,1085,15502,0,0,0,0,0,0,0,0,0,0,0,0,0,0,0,0,0,6928,TCGA-OL-A5D6-DX1_xmin115108_ymin40554_MPP-0.2500+83
5414,370,0,0,0,615,43777,0,0,0,0,0,0,0,0,0,0,0,0,0,0,0,0,0,0,5453,331,0,0,0,673,43719,0,0,0,0,0,0,0,0,0,0,0,0,0,0,0,0,0,0,5417,367,0,0,0,665,43727,0,0,0,0,0,0,0,0,0,0,0,0,0,0,0,0,0,0,TCGA-OL-A5D6-DX1_xmin115108_ymin40554_MPP-0.2500+84
0,3375,0,0,0,0,46801,0,0,0,0,0,0,0,0,0,0,0,0,0,0,0,0,0,0,0,3375,0,0,0,0,46801,0,0,0,0,0,0,0,0,0,0,0,0,0,0,0,0,0,0,0,3375,0,0,0,0,46801,0,0,0,0,0,0,0,0,0,0,0,0,0,0,0,0,0,0,TCGA-OL-A5D6-DX1_xmin115108_ymin40554_MPP-0.2500+85
16003,4193,0,0,0,5718,24262,0,0,0,0,0,0,0,0,0,0,0,0,0,0,0,0,0,0,16200,3996,0,0,0,5947,24033,0,0,0,0,0,0,0,0,0,0,0,0,0,0,0,0,0,0,16394,3802,0,0,0,6606,23374,0,0,0,0,0,0,0,0,0,0,0,0,0,0,0,0,0,0,TCGA-OL-A5D6-DX1_xmin115108_ymin40554_MPP-0.2500+86
32698,0,0,0,0,4900,0,0,0,0,0,0,0,0,0,0,0,0,0,0,0,0,0,0,12578,32698,0,0,0,0,4900,0,0,0,0,0,0,0,0,0,0,0,0,0,0,0,0,0,0,12578,32698,0,0,0,0,4900,0,0,0,0,0,0,0,0,0,0,0,0,0,0,0,0,0,0,12578,TCGA-OL-A5D6-DX1_xmin115108_ymin40554_MPP-0.2500+87
50176,0,0,0,0,0,0,0,0,0,0,0,0,0,0,0,0,0,0,0,0,0,0,0,0,50176,0,0,0,0,0,0,0,0,0,0,0,0,0,0,0,0,0,0,0,0,0,0,0,0,50176,0,0,0,0,0,0,0,0,0,0,0,0,0,0,0,0,0,0,0,0,0,0,0,0,TCGA-OL-A5D6-DX1_xmin115108_ymin40554_MPP-0.2500+88
8785,32173,0,0,0,0,0,0,0,0,0,0,0,0,0,0,0,0,0,0,0,0,0,0,9218,8869,32089,0,0,0,0,0,0,0,0,0,0,0,0,0,0,0,0,0,0,0,0,0,0,9218,8916,32042,0,0,0,0,0,0,0,0,0,0,0,0,0,0,0,0,0,0,0,0,0,0,9218,TCGA-OL-A5D6-DX1_xmin115108_ymin40554_MPP-0.2500+89
8537,5512,0,0,0,190,35937,0,0,0,0,0,0,0,0,0,0,0,0,0,0,0,0,0,0,8687,5362,0,0,0,357,35770,0,0,0,0,0,0,0,0,0,0,0,0,0,0,0,0,0,0,8377,5672,0,0,0,169,35958,0,0,0,0,0,0,0,0,0,0,0,0,0,0,0,0,0,0,TCGA-OL-A5D6-DX1_xmin115108_ymin40554_MPP-0.2500+9
22580,27596,0,0,0,0,0,0,0,0,0,0,0,0,0,0,0,0,0,0,0,0,0,0,0,22611,27565,0,0,0,0,0,0,0,0,0,0,0,0,0,0,0,0,0,0,0,0,0,0,0,23413,26763,0,0,0,0,0,0,0,0,0,0,0,0,0,0,0,0,0,0,0,0,0,0,0,TCGA-OL-A5D7-DX1_xmin114443_ymin22490_MPP-0.2500+0
0,1174,0,0,0,0,44581,0,0,0,0,0,0,0,0,0,0,0,0,0,0,0,0,0,4421,0,1174,0,0,0,0,44581,0,0,0,0,0,0,0,0,0,0,0,0,0,0,0,0,0,4421,0,1174,0,0,0,0,44581,0,0,0,0,0,0,0,0,0,0,0,0,0,0,0,0,0,4421,TCGA-OL-A5D7-DX1_xmin114443_ymin22490_MPP-0.2500+1
8776,144,0,0,0,12320,24601,0,0,0,0,0,0,0,0,549,3786,0,0,0,0,0,0,0,0,8772,148,0,0,0,12896,24025,0,0,0,0,0,0,0,0,791,3544,0,0,0,0,0,0,0,0,8788,132,0,0,0,14808,22113,0,0,0,0,0,0,0,0,560,3775,0,0,0,0,0,0,0,0,TCGA-OL-A5D7-DX1_xmin114443_ymin22490_MPP-0.2500+10
14053,3961,0,0,0,8300,23862,0,0,0,0,0,0,0,0,0,0,0,0,0,0,0,0,0,0,14192,3822,0,0,0,8593,23569,0,0,0,0,0,0,0,0,0,0,0,0,0,0,0,0,0,0,14196,3818,0,0,0,10199,21963,0,0,0,0,0,0,0,0,0,0,0,0,0,0,0,0,0,0,TCGA-OL-A5D7-DX1_xmin114443_ymin22490_MPP-0.2500+100
33813,2292,0,0,0,627,13444,0,0,0,0,0,0,0,0,0,0,0,0,0,0,0,0,0,0,34044,2061,0,0,0,748,13323,0,0,0,0,0,0,0,0,0,0,0,0,0,0,0,0,0,0,34008,2097,0,0,0,614,13457,0,0,0,0,0,0,0,0,0,0,0,0,0,0,0,0,0,0,TCGA-OL-A5D7-DX1_xmin114443_ymin22490_MPP-0.2500+101
35206,3327,0,0,0,2511,9132,0,0,0,0,0,0,0,0,0,0,0,0,0,0,0,0,0,0,35494,3039,0,0,0,2491,9152,0,0,0,0,0,0,0,0,0,0,0,0,0,0,0,0,0,0,35383,3150,0,0,0,2604,9039,0,0,0,0,0,0,0,0,0,0,0,0,0,0,0,0,0,0,TCGA-OL-A5D7-DX1_xmin114443_ymin22490_MPP-0.2500+102
50176,0,0,0,0,0,0,0,0,0,0,0,0,0,0,0,0,0,0,0,0,0,0,0,0,50176,0,0,0,0,0,0,0,0,0,0,0,0,0,0,0,0,0,0,0,0,0,0,0,0,50176,0,0,0,0,0,0,0,0,0,0,0,0,0,0,0,0,0,0,0,0,0,0,0,0,TCGA-OL-A5D7-DX1_xmin114443_ymin22490_MPP-0.2500+103
50176,0,0,0,0,0,0,0,0,0,0,0,0,0,0,0,0,0,0,0,0,0,0,0,0,50176,0,0,0,0,0,0,0,0,0,0,0,0,0,0,0,0,0,0,0,0,0,0,0,0,50176,0,0,0,0,0,0,0,0,0,0,0,0,0,0,0,0,0,0,0,0,0,0,0,0,TCGA-OL-A5D7-DX1_xmin114443_ymin22490_MPP-0.2500+104
50176,0,0,0,0,0,0,0,0,0,0,0,0,0,0,0,0,0,0,0,0,0,0,0,0,50176,0,0,0,0,0,0,0,0,0,0,0,0,0,0,0,0,0,0,0,0,0,0,0,0,50176,0,0,0,0,0,0,0,0,0,0,0,0,0,0,0,0,0,0,0,0,0,0,0,0,TCGA-OL-A5D7-DX1_xmin114443_ymin22490_MPP-0.2500+105
41299,0,0,0,0,8877,0,0,0,0,0,0,0,0,0,0,0,0,0,0,0,0,0,0,0,41299,0,0,0,0,8877,0,0,0,0,0,0,0,0,0,0,0,0,0,0,0,0,0,0,0,41299,0,0,0,0,8877,0,0,0,0,0,0,0,0,0,0,0,0,0,0,0,0,0,0,0,TCGA-OL-A5D7-DX1_xmin114443_ymin22490_MPP-0.2500+106
32820,1746,0,0,0,883,10000,0,0,0,0,0,0,0,0,0,0,0,0,0,0,0,0,0,4727,32711,1855,0,0,0,899,9984,0,0,0,0,0,0,0,0,0,0,0,0,0,0,0,0,0,4727,32744,1822,0,0,0,838,10045,0,0,0,0,0,0,0,0,0,0,0,0,0,0,0,0,0,4727,TCGA-OL-A5D7-DX1_xmin114443_ymin22490_MPP-0.2500+107
27523,0,0,0,0,3724,13845,0,0,0,0,908,0,0,0,0,0,0,0,0,0,0,0,0,4176,27523,0,0,0,0,3798,13771,0,0,0,0,908,0,0,0,0,0,0,0,0,0,0,0,0,4176,27523,0,0,0,0,3750,13819,0,0,0,0,908,0,0,0,0,0,0,0,0,0,0,0,0,4176,TCGA-OL-A5D7-DX1_xmin114443_ymin22490_MPP-0.2500+108
15052,0,0,0,0,10720,18717,0,0,0,26,5661,0,0,0,0,0,0,0,0,0,0,0,0,0,15052,0,0,0,0,10714,18723,0,0,0,40,5647,0,0,0,0,0,0,0,0,0,0,0,0,0,15052,0,0,0,0,10937,18500,0,0,0,0,5687,0,0,0,0,0,0,0,0,0,0,0,0,0,TCGA-OL-A5D7-DX1_xmin114443_ymin22490_MPP-0.2500+109
647,0,0,466,0,7333,0,0,5090,0,0,0,0,0,0,670,0,0,21842,0,0,0,0,0,14128,719,0,0,394,0,8443,0,0,3980,0,0,0,0,0,0,734,0,0,21778,0,0,0,0,0,14128,639,0,0,474,0,6955,0,0,5468,0,0,0,0,0,0,536,0,0,21976,0,0,0,0,0,14128,TCGA-OL-A5D7-DX1_xmin114443_ymin22490_MPP-0.2500+11
11135,0,0,0,0,10465,14849,0,0,0,1613,12114,0,0,0,0,0,0,0,0,0,0,0,0,0,11135,0,0,0,0,10591,14723,0,0,0,1526,12201,0,0,0,0,0,0,0,0,0,0,0,0,0,11135,0,0,0,0,10880,14434,0,0,0,1565,12162,0,0,0,0,0,0,0,0,0,0,0,0,0,TCGA-OL-A5D7-DX1_xmin114443_ymin22490_MPP-0.2500+110
14168,1224,0,0,0,1594,3796,0,0,0,2700,26694,0,0,0,0,0,0,0,0,0,0,0,0,0,14130,1262,0,0,0,1593,3797,0,0,0,2495,26899,0,0,0,0,0,0,0,0,0,0,0,0,0,14230,1162,0,0,0,1643,3747,0,0,0,2221,27173,0,0,0,0,0,0,0,0,0,0,0,0,0,TCGA-OL-A5D7-DX1_xmin114443_ymin22490_MPP-0.2500+111
43804,0,0,0,0,664,0,0,0,0,5708,0,0,0,0,0,0,0,0,0,0,0,0,0,0,43804,0,0,0,0,664,0,0,0,0,5708,0,0,0,0,0,0,0,0,0,0,0,0,0,0,43804,0,0,0,0,664,0,0,0,0,5708,0,0,0,0,0,0,0,0,0,0,0,0,0,0,TCGA-OL-A5D7-DX1_xmin114443_ymin22490_MPP-0.2500+112
44318,0,0,0,0,5858,0,0,0,0,0,0,0,0,0,0,0,0,0,0,0,0,0,0,0,44318,0,0,0,0,5858,0,0,0,0,0,0,0,0,0,0,0,0,0,0,0,0,0,0,0,44318,0,0,0,0,5858,0,0,0,0,0,0,0,0,0,0,0,0,0,0,0,0,0,0,0,TCGA-OL-A5D7-DX1_xmin114443_ymin22490_MPP-0.2500+113
30831,11101,0,0,0,3363,4881,0,0,0,0,0,0,0,0,0,0,0,0,0,0,0,0,0,0,30533,11399,0,0,0,3368,4876,0,0,0,0,0,0,0,0,0,0,0,0,0,0,0,0,0,0,31053,10879,0,0,0,3302,4942,0,0,0,0,0,0,0,0,0,0,0,0,0,0,0,0,0,0,TCGA-OL-A5D7-DX1_xmin114443_ymin22490_MPP-0.2500+114
9651,16579,0,0,0,0,23946,0,0,0,0,0,0,0,0,0,0,0,0,0,0,0,0,0,0,9757,16473,0,0,0,0,23946,0,0,0,0,0,0,0,0,0,0,0,0,0,0,0,0,0,0,10768,15462,0,0,0,0,23946,0,0,0,0,0,0,0,0,0,0,0,0,0,0,0,0,0,0,TCGA-OL-A5D7-DX1_xmin114443_ymin22490_MPP-0.2500+115
27137,1654,0,0,0,3435,17950,0,0,0,0,0,0,0,0,0,0,0,0,0,0,0,0,0,0,27339,1452,0,0,0,3746,17639,0,0,0,0,0,0,0,0,0,0,0,0,0,0,0,0,0,0,27312,1479,0,0,0,3345,18040,0,0,0,0,0,0,0,0,0,0,0,0,0,0,0,0,0,0,TCGA-OL-A5D7-DX1_xmin114443_ymin22490_MPP-0.2500+116
36230,5403,0,0,0,0,8543,0,0,0,0,0,0,0,0,0,0,0,0,0,0,0,0,0,0,36499,5134,0,0,0,11,8532,0,0,0,0,0,0,0,0,0,0,0,0,0,0,0,0,0,0,36137,5496,0,0,0,0,8543,0,0,0,0,0,0,0,0,0,0,0,0,0,0,0,0,0,0,TCGA-OL-A5D7-DX1_xmin114443_ymin22490_MPP-0.2500+117
14363,5838,0,0,0,3901,26074,0,0,0,0,0,0,0,0,0,0,0,0,0,0,0,0,0,0,14475,5726,0,0,0,5552,24423,0,0,0,0,0,0,0,0,0,0,0,0,0,0,0,0,0,0,14450,5751,0,0,0,5561,24414,0,0,0,0,0,0,0,0,0,0,0,0,0,0,0,0,0,0,TCGA-OL-A5D7-DX1_xmin114443_ymin22490_MPP-0.2500+118
5090,62,0,0,0,7236,37788,0,0,0,0,0,0,0,0,0,0,0,0,0,0,0,0,0,0,5151,1,0,0,0,7329,37695,0,0,0,0,0,0,0,0,0,0,0,0,0,0,0,0,0,0,4987,165,0,0,0,7268,37756,0,0,0,0,0,0,0,0,0,0,0,0,0,0,0,0,0,0,TCGA-OL-A5D7-DX1_xmin114443_ymin22490_MPP-0.2500+119
3,0,0,98,0,282,0,0,887,0,0,0,0,0,0,67,0,0,47779,0,0,0,0,0,1060,3,0,0,98,0,189,0,0,980,0,0,0,0,0,0,96,0,0,47750,0,0,0,0,0,1060,19,0,0,82,0,291,0,0,878,0,0,0,0,0,0,35,0,0,47811,0,0,0,0,0,1060,TCGA-OL-A5D7-DX1_xmin114443_ymin22490_MPP-0.2500+12
32544,0,0,0,0,4699,0,0,0,0,12933,0,0,0,0,0,0,0,0,0,0,0,0,0,0,32544,0,0,0,0,4699,0,0,0,0,12933,0,0,0,0,0,0,0,0,0,0,0,0,0,0,32544,0,0,0,0,4699,0,0,0,0,12933,0,0,0,0,0,0,0,0,0,0,0,0,0,0,TCGA-OL-A5D7-DX1_xmin114443_ymin22490_MPP-0.2500+120
50176,0,0,0,0,0,0,0,0,0,0,0,0,0,0,0,0,0,0,0,0,0,0,0,0,50176,0,0,0,0,0,0,0,0,0,0,0,0,0,0,0,0,0,0,0,0,0,0,0,0,50176,0,0,0,0,0,0,0,0,0,0,0,0,0,0,0,0,0,0,0,0,0,0,0,0,TCGA-OL-A5D7-DX1_xmin114443_ymin22490_MPP-0.2500+121
50176,0,0,0,0,0,0,0,0,0,0,0,0,0,0,0,0,0,0,0,0,0,0,0,0,50176,0,0,0,0,0,0,0,0,0,0,0,0,0,0,0,0,0,0,0,0,0,0,0,0,50176,0,0,0,0,0,0,0,0,0,0,0,0,0,0,0,0,0,0,0,0,0,0,0,0,TCGA-OL-A5D7-DX1_xmin114443_ymin22490_MPP-0.2500+122
50176,0,0,0,0,0,0,0,0,0,0,0,0,0,0,0,0,0,0,0,0,0,0,0,0,50176,0,0,0,0,0,0,0,0,0,0,0,0,0,0,0,0,0,0,0,0,0,0,0,0,50176,0,0,0,0,0,0,0,0,0,0,0,0,0,0,0,0,0,0,0,0,0,0,0,0,TCGA-OL-A5D7-DX1_xmin114443_ymin22490_MPP-0.2500+123
50176,0,0,0,0,0,0,0,0,0,0,0,0,0,0,0,0,0,0,0,0,0,0,0,0,50176,0,0,0,0,0,0,0,0,0,0,0,0,0,0,0,0,0,0,0,0,0,0,0,0,50176,0,0,0,0,0,0,0,0,0,0,0,0,0,0,0,0,0,0,0,0,0,0,0,0,TCGA-OL-A5D7-DX1_xmin114443_ymin22490_MPP-0.2500+124
50176,0,0,0,0,0,0,0,0,0,0,0,0,0,0,0,0,0,0,0,0,0,0,0,0,50176,0,0,0,0,0,0,0,0,0,0,0,0,0,0,0,0,0,0,0,0,0,0,0,0,50176,0,0,0,0,0,0,0,0,0,0,0,0,0,0,0,0,0,0,0,0,0,0,0,0,TCGA-OL-A5D7-DX1_xmin114443_ymin22490_MPP-0.2500+125
50176,0,0,0,0,0,0,0,0,0,0,0,0,0,0,0,0,0,0,0,0,0,0,0,0,50176,0,0,0,0,0,0,0,0,0,0,0,0,0,0,0,0,0,0,0,0,0,0,0,0,50176,0,0,0,0,0,0,0,0,0,0,0,0,0,0,0,0,0,0,0,0,0,0,0,0,TCGA-OL-A5D7-DX1_xmin114443_ymin22490_MPP-0.2500+126
50176,0,0,0,0,0,0,0,0,0,0,0,0,0,0,0,0,0,0,0,0,0,0,0,0,50176,0,0,0,0,0,0,0,0,0,0,0,0,0,0,0,0,0,0,0,0,0,0,0,0,50176,0,0,0,0,0,0,0,0,0,0,0,0,0,0,0,0,0,0,0,0,0,0,0,0,TCGA-OL-A5D7-DX1_xmin114443_ymin22490_MPP-0.2500+127
50176,0,0,0,0,0,0,0,0,0,0,0,0,0,0,0,0,0,0,0,0,0,0,0,0,50176,0,0,0,0,0,0,0,0,0,0,0,0,0,0,0,0,0,0,0,0,0,0,0,0,50176,0,0,0,0,0,0,0,0,0,0,0,0,0,0,0,0,0,0,0,0,0,0,0,0,TCGA-OL-A5D7-DX1_xmin114443_ymin22490_MPP-0.2500+128
50176,0,0,0,0,0,0,0,0,0,0,0,0,0,0,0,0,0,0,0,0,0,0,0,0,50176,0,0,0,0,0,0,0,0,0,0,0,0,0,0,0,0,0,0,0,0,0,0,0,0,50176,0,0,0,0,0,0,0,0,0,0,0,0,0,0,0,0,0,0,0,0,0,0,0,0,TCGA-OL-A5D7-DX1_xmin114443_ymin22490_MPP-0.2500+129
24294,0,0,1151,0,830,0,0,5089,0,0,0,0,0,0,172,0,0,18640,0,0,0,0,0,0,24236,0,0,1209,0,1603,0,0,4316,0,0,0,0,0,0,979,0,0,17833,0,0,0,0,0,0,24203,0,0,1242,0,819,0,0,5100,0,0,0,0,0,0,129,0,0,18683,0,0,0,0,0,0,TCGA-OL-A5D7-DX1_xmin114443_ymin22490_MPP-0.2500+13
50176,0,0,0,0,0,0,0,0,0,0,0,0,0,0,0,0,0,0,0,0,0,0,0,0,50176,0,0,0,0,0,0,0,0,0,0,0,0,0,0,0,0,0,0,0,0,0,0,0,0,50176,0,0,0,0,0,0,0,0,0,0,0,0,0,0,0,0,0,0,0,0,0,0,0,0,TCGA-OL-A5D7-DX1_xmin114443_ymin22490_MPP-0.2500+130
50176,0,0,0,0,0,0,0,0,0,0,0,0,0,0,0,0,0,0,0,0,0,0,0,0,50176,0,0,0,0,0,0,0,0,0,0,0,0,0,0,0,0,0,0,0,0,0,0,0,0,50176,0,0,0,0,0,0,0,0,0,0,0,0,0,0,0,0,0,0,0,0,0,0,0,0,TCGA-OL-A5D7-DX1_xmin114443_ymin22490_MPP-0.2500+131
50176,0,0,0,0,0,0,0,0,0,0,0,0,0,0,0,0,0,0,0,0,0,0,0,0,50176,0,0,0,0,0,0,0,0,0,0,0,0,0,0,0,0,0,0,0,0,0,0,0,0,50176,0,0,0,0,0,0,0,0,0,0,0,0,0,0,0,0,0,0,0,0,0,0,0,0,TCGA-OL-A5D7-DX1_xmin114443_ymin22490_MPP-0.2500+132
50176,0,0,0,0,0,0,0,0,0,0,0,0,0,0,0,0,0,0,0,0,0,0,0,0,50176,0,0,0,0,0,0,0,0,0,0,0,0,0,0,0,0,0,0,0,0,0,0,0,0,50176,0,0,0,0,0,0,0,0,0,0,0,0,0,0,0,0,0,0,0,0,0,0,0,0,TCGA-OL-A5D7-DX1_xmin114443_ymin22490_MPP-0.2500+133
50176,0,0,0,0,0,0,0,0,0,0,0,0,0,0,0,0,0,0,0,0,0,0,0,0,50176,0,0,0,0,0,0,0,0,0,0,0,0,0,0,0,0,0,0,0,0,0,0,0,0,50176,0,0,0,0,0,0,0,0,0,0,0,0,0,0,0,0,0,0,0,0,0,0,0,0,TCGA-OL-A5D7-DX1_xmin114443_ymin22490_MPP-0.2500+134
50176,0,0,0,0,0,0,0,0,0,0,0,0,0,0,0,0,0,0,0,0,0,0,0,0,50176,0,0,0,0,0,0,0,0,0,0,0,0,0,0,0,0,0,0,0,0,0,0,0,0,50176,0,0,0,0,0,0,0,0,0,0,0,0,0,0,0,0,0,0,0,0,0,0,0,0,TCGA-OL-A5D7-DX1_xmin114443_ymin22490_MPP-0.2500+135
50176,0,0,0,0,0,0,0,0,0,0,0,0,0,0,0,0,0,0,0,0,0,0,0,0,50176,0,0,0,0,0,0,0,0,0,0,0,0,0,0,0,0,0,0,0,0,0,0,0,0,50176,0,0,0,0,0,0,0,0,0,0,0,0,0,0,0,0,0,0,0,0,0,0,0,0,TCGA-OL-A5D7-DX1_xmin114443_ymin22490_MPP-0.2500+136
50176,0,0,0,0,0,0,0,0,0,0,0,0,0,0,0,0,0,0,0,0,0,0,0,0,50176,0,0,0,0,0,0,0,0,0,0,0,0,0,0,0,0,0,0,0,0,0,0,0,0,50176,0,0,0,0,0,0,0,0,0,0,0,0,0,0,0,0,0,0,0,0,0,0,0,0,TCGA-OL-A5D7-DX1_xmin114443_ymin22490_MPP-0.2500+137
0,0,0,0,0,0,0,0,0,0,0,33061,17115,0,0,0,0,0,0,0,0,0,0,0,0,0,0,0,0,0,0,0,0,0,0,0,34449,15727,0,0,0,0,0,0,0,0,0,0,0,0,0,0,0,0,0,0,0,0,0,0,0,33800,16376,0,0,0,0,0,0,0,0,0,0,0,0,TCGA-OL-A5D7-DX1_xmin114443_ymin22490_MPP-0.2500+138
0,458,0,0,0,0,197,0,0,0,1600,47921,0,0,0,0,0,0,0,0,0,0,0,0,0,0,458,0,0,0,0,197,0,0,0,2624,46897,0,0,0,0,0,0,0,0,0,0,0,0,0,0,458,0,0,0,0,197,0,0,0,2176,47345,0,0,0,0,0,0,0,0,0,0,0,0,0,TCGA-OL-A5D7-DX1_xmin114443_ymin22490_MPP-0.2500+139
50176,0,0,0,0,0,0,0,0,0,0,0,0,0,0,0,0,0,0,0,0,0,0,0,0,50176,0,0,0,0,0,0,0,0,0,0,0,0,0,0,0,0,0,0,0,0,0,0,0,0,50176,0,0,0,0,0,0,0,0,0,0,0,0,0,0,0,0,0,0,0,0,0,0,0,0,TCGA-OL-A5D7-DX1_xmin114443_ymin22490_MPP-0.2500+14
30800,0,0,0,0,2215,0,0,0,0,17161,0,0,0,0,0,0,0,0,0,0,0,0,0,0,30800,0,0,0,0,2215,0,0,0,0,17161,0,0,0,0,0,0,0,0,0,0,0,0,0,0,30800,0,0,0,0,2215,0,0,0,0,17161,0,0,0,0,0,0,0,0,0,0,0,0,0,0,TCGA-OL-A5D7-DX1_xmin114443_ymin22490_MPP-0.2500+140
50176,0,0,0,0,0,0,0,0,0,0,0,0,0,0,0,0,0,0,0,0,0,0,0,0,50176,0,0,0,0,0,0,0,0,0,0,0,0,0,0,0,0,0,0,0,0,0,0,0,0,50176,0,0,0,0,0,0,0,0,0,0,0,0,0,0,0,0,0,0,0,0,0,0,0,0,TCGA-OL-A5D7-DX1_xmin114443_ymin22490_MPP-0.2500+141
50176,0,0,0,0,0,0,0,0,0,0,0,0,0,0,0,0,0,0,0,0,0,0,0,0,50176,0,0,0,0,0,0,0,0,0,0,0,0,0,0,0,0,0,0,0,0,0,0,0,0,50176,0,0,0,0,0,0,0,0,0,0,0,0,0,0,0,0,0,0,0,0,0,0,0,0,TCGA-OL-A5D7-DX1_xmin114443_ymin22490_MPP-0.2500+142
50176,0,0,0,0,0,0,0,0,0,0,0,0,0,0,0,0,0,0,0,0,0,0,0,0,50176,0,0,0,0,0,0,0,0,0,0,0,0,0,0,0,0,0,0,0,0,0,0,0,0,50176,0,0,0,0,0,0,0,0,0,0,0,0,0,0,0,0,0,0,0,0,0,0,0,0,TCGA-OL-A5D7-DX1_xmin114443_ymin22490_MPP-0.2500+143
50176,0,0,0,0,0,0,0,0,0,0,0,0,0,0,0,0,0,0,0,0,0,0,0,0,50176,0,0,0,0,0,0,0,0,0,0,0,0,0,0,0,0,0,0,0,0,0,0,0,0,50176,0,0,0,0,0,0,0,0,0,0,0,0,0,0,0,0,0,0,0,0,0,0,0,0,TCGA-OL-A5D7-DX1_xmin114443_ymin22490_MPP-0.2500+144
49931,0,0,0,0,245,0,0,0,0,0,0,0,0,0,0,0,0,0,0,0,0,0,0,0,49931,0,0,0,0,245,0,0,0,0,0,0,0,0,0,0,0,0,0,0,0,0,0,0,0,49931,0,0,0,0,245,0,0,0,0,0,0,0,0,0,0,0,0,0,0,0,0,0,0,0,TCGA-OL-A5D7-DX1_xmin114443_ymin22490_MPP-0.2500+145
34378,839,0,0,0,8147,6812,0,0,0,0,0,0,0,0,0,0,0,0,0,0,0,0,0,0,34405,812,0,0,0,6609,8350,0,0,0,0,0,0,0,0,0,0,0,0,0,0,0,0,0,0,34300,917,0,0,0,7425,7534,0,0,0,0,0,0,0,0,0,0,0,0,0,0,0,0,0,0,TCGA-OL-A5D7-DX1_xmin114443_ymin22490_MPP-0.2500+146
15884,2773,0,0,0,9749,21770,0,0,0,0,0,0,0,0,0,0,0,0,0,0,0,0,0,0,15827,2830,0,0,0,9924,21595,0,0,0,0,0,0,0,0,0,0,0,0,0,0,0,0,0,0,15774,2883,0,0,0,10554,20965,0,0,0,0,0,0,0,0,0,0,0,0,0,0,0,0,0,0,TCGA-OL-A5D7-DX1_xmin114443_ymin22490_MPP-0.2500+147
24597,4073,0,0,0,1483,20023,0,0,0,0,0,0,0,0,0,0,0,0,0,0,0,0,0,0,24599,4071,0,0,0,1806,19700,0,0,0,0,0,0,0,0,0,0,0,0,0,0,0,0,0,0,24669,4001,0,0,0,1718,19788,0,0,0,0,0,0,0,0,0,0,0,0,0,0,0,0,0,0,TCGA-OL-A5D7-DX1_xmin114443_ymin22490_MPP-0.2500+148
50176,0,0,0,0,0,0,0,0,0,0,0,0,0,0,0,0,0,0,0,0,0,0,0,0,50176,0,0,0,0,0,0,0,0,0,0,0,0,0,0,0,0,0,0,0,0,0,0,0,0,50176,0,0,0,0,0,0,0,0,0,0,0,0,0,0,0,0,0,0,0,0,0,0,0,0,TCGA-OL-A5D7-DX1_xmin114443_ymin22490_MPP-0.2500+149
40925,2420,0,0,0,267,6378,0,0,0,0,0,0,0,0,0,0,0,0,0,0,0,0,0,186,41034,2311,0,0,0,320,6325,0,0,0,0,0,0,0,0,0,0,0,0,0,0,0,0,0,186,40855,2490,0,0,0,308,6337,0,0,0,0,0,0,0,0,0,0,0,0,0,0,0,0,0,186,TCGA-OL-A5D7-DX1_xmin114443_ymin22490_MPP-0.2500+15
50176,0,0,0,0,0,0,0,0,0,0,0,0,0,0,0,0,0,0,0,0,0,0,0,0,50176,0,0,0,0,0,0,0,0,0,0,0,0,0,0,0,0,0,0,0,0,0,0,0,0,50176,0,0,0,0,0,0,0,0,0,0,0,0,0,0,0,0,0,0,0,0,0,0,0,0,TCGA-OL-A5D7-DX1_xmin114443_ymin22490_MPP-0.2500+150
50176,0,0,0,0,0,0,0,0,0,0,0,0,0,0,0,0,0,0,0,0,0,0,0,0,50176,0,0,0,0,0,0,0,0,0,0,0,0,0,0,0,0,0,0,0,0,0,0,0,0,50176,0,0,0,0,0,0,0,0,0,0,0,0,0,0,0,0,0,0,0,0,0,0,0,0,TCGA-OL-A5D7-DX1_xmin114443_ymin22490_MPP-0.2500+151
50176,0,0,0,0,0,0,0,0,0,0,0,0,0,0,0,0,0,0,0,0,0,0,0,0,50176,0,0,0,0,0,0,0,0,0,0,0,0,0,0,0,0,0,0,0,0,0,0,0,0,50176,0,0,0,0,0,0,0,0,0,0,0,0,0,0,0,0,0,0,0,0,0,0,0,0,TCGA-OL-A5D7-DX1_xmin114443_ymin22490_MPP-0.2500+152
50176,0,0,0,0,0,0,0,0,0,0,0,0,0,0,0,0,0,0,0,0,0,0,0,0,50176,0,0,0,0,0,0,0,0,0,0,0,0,0,0,0,0,0,0,0,0,0,0,0,0,50176,0,0,0,0,0,0,0,0,0,0,0,0,0,0,0,0,0,0,0,0,0,0,0,0,TCGA-OL-A5D7-DX1_xmin114443_ymin22490_MPP-0.2500+153
50176,0,0,0,0,0,0,0,0,0,0,0,0,0,0,0,0,0,0,0,0,0,0,0,0,50176,0,0,0,0,0,0,0,0,0,0,0,0,0,0,0,0,0,0,0,0,0,0,0,0,50176,0,0,0,0,0,0,0,0,0,0,0,0,0,0,0,0,0,0,0,0,0,0,0,0,TCGA-OL-A5D7-DX1_xmin114443_ymin22490_MPP-0.2500+154
0,0,0,0,0,0,0,0,0,0,50176,0,0,0,0,0,0,0,0,0,0,0,0,0,0,0,0,0,0,0,0,0,0,0,0,50176,0,0,0,0,0,0,0,0,0,0,0,0,0,0,0,0,0,0,0,0,0,0,0,0,50176,0,0,0,0,0,0,0,0,0,0,0,0,0,0,TCGA-OL-A5D7-DX1_xmin114443_ymin22490_MPP-0.2500+155
0,0,0,0,0,0,0,0,0,0,6864,43312,0,0,0,0,0,0,0,0,0,0,0,0,0,0,0,0,0,0,0,0,0,0,0,2944,47232,0,0,0,0,0,0,0,0,0,0,0,0,0,0,0,0,0,0,0,0,0,0,0,5344,44832,0,0,0,0,0,0,0,0,0,0,0,0,0,TCGA-OL-A5D7-DX1_xmin114443_ymin22490_MPP-0.2500+156
0,0,0,0,0,0,0,0,0,0,128,50048,0,0,0,0,0,0,0,0,0,0,0,0,0,0,0,0,0,0,0,0,0,0,0,544,49632,0,0,0,0,0,0,0,0,0,0,0,0,0,0,0,0,0,0,0,0,0,0,0,0,50176,0,0,0,0,0,0,0,0,0,0,0,0,0,TCGA-OL-A5D7-DX1_xmin114443_ymin22490_MPP-0.2500+157
0,0,0,0,0,0,0,0,0,0,2176,48000,0,0,0,0,0,0,0,0,0,0,0,0,0,0,0,0,0,0,0,0,0,0,0,384,49792,0,0,0,0,0,0,0,0,0,0,0,0,0,0,0,0,0,0,0,0,0,0,0,3520,46656,0,0,0,0,0,0,0,0,0,0,0,0,0,TCGA-OL-A5D7-DX1_xmin114443_ymin22490_MPP-0.2500+158
0,3129,0,0,0,0,2743,0,0,0,1952,42352,0,0,0,0,0,0,0,0,0,0,0,0,0,0,3129,0,0,0,0,2743,0,0,0,1216,43088,0,0,0,0,0,0,0,0,0,0,0,0,0,0,3129,0,0,0,0,2743,0,0,0,1696,42608,0,0,0,0,0,0,0,0,0,0,0,0,0,TCGA-OL-A5D7-DX1_xmin114443_ymin22490_MPP-0.2500+159
15122,22341,0,0,0,0,11559,0,0,0,0,0,0,0,0,0,0,0,0,0,0,0,0,0,1154,14667,22796,0,0,0,0,11559,0,0,0,0,0,0,0,0,0,0,0,0,0,0,0,0,0,1154,15306,22157,0,0,0,0,11559,0,0,0,0,0,0,0,0,0,0,0,0,0,0,0,0,0,1154,TCGA-OL-A5D7-DX1_xmin114443_ymin22490_MPP-0.2500+16
50176,0,0,0,0,0,0,0,0,0,0,0,0,0,0,0,0,0,0,0,0,0,0,0,0,50176,0,0,0,0,0,0,0,0,0,0,0,0,0,0,0,0,0,0,0,0,0,0,0,0,50176,0,0,0,0,0,0,0,0,0,0,0,0,0,0,0,0,0,0,0,0,0,0,0,0,TCGA-OL-A5D7-DX1_xmin114443_ymin22490_MPP-0.2500+160
50176,0,0,0,0,0,0,0,0,0,0,0,0,0,0,0,0,0,0,0,0,0,0,0,0,50176,0,0,0,0,0,0,0,0,0,0,0,0,0,0,0,0,0,0,0,0,0,0,0,0,50176,0,0,0,0,0,0,0,0,0,0,0,0,0,0,0,0,0,0,0,0,0,0,0,0,TCGA-OL-A5D7-DX1_xmin114443_ymin22490_MPP-0.2500+161
50176,0,0,0,0,0,0,0,0,0,0,0,0,0,0,0,0,0,0,0,0,0,0,0,0,50176,0,0,0,0,0,0,0,0,0,0,0,0,0,0,0,0,0,0,0,0,0,0,0,0,50176,0,0,0,0,0,0,0,0,0,0,0,0,0,0,0,0,0,0,0,0,0,0,0,0,TCGA-OL-A5D7-DX1_xmin114443_ymin22490_MPP-0.2500+162
41114,0,0,0,0,9062,0,0,0,0,0,0,0,0,0,0,0,0,0,0,0,0,0,0,0,41114,0,0,0,0,9062,0,0,0,0,0,0,0,0,0,0,0,0,0,0,0,0,0,0,0,41114,0,0,0,0,9062,0,0,0,0,0,0,0,0,0,0,0,0,0,0,0,0,0,0,0,TCGA-OL-A5D7-DX1_xmin114443_ymin22490_MPP-0.2500+163
8069,1231,0,0,0,8624,32252,0,0,0,0,0,0,0,0,0,0,0,0,0,0,0,0,0,0,8021,1279,0,0,0,8232,32644,0,0,0,0,0,0,0,0,0,0,0,0,0,0,0,0,0,0,8050,1250,0,0,0,8792,32084,0,0,0,0,0,0,0,0,0,0,0,0,0,0,0,0,0,0,TCGA-OL-A5D7-DX1_xmin114443_ymin22490_MPP-0.2500+164
0,0,0,0,0,0,50176,0,0,0,0,0,0,0,0,0,0,0,0,0,0,0,0,0,0,0,0,0,0,0,0,50176,0,0,0,0,0,0,0,0,0,0,0,0,0,0,0,0,0,0,0,0,0,0,0,0,50176,0,0,0,0,0,0,0,0,0,0,0,0,0,0,0,0,0,0,TCGA-OL-A5D7-DX1_xmin114443_ymin22490_MPP-0.2500+165
0,0,0,0,0,6444,43732,0,0,0,0,0,0,0,0,0,0,0,0,0,0,0,0,0,0,0,0,0,0,0,5717,44459,0,0,0,0,0,0,0,0,0,0,0,0,0,0,0,0,0,0,0,0,0,0,0,7319,42857,0,0,0,0,0,0,0,0,0,0,0,0,0,0,0,0,0,0,TCGA-OL-A5D7-DX1_xmin114443_ymin22490_MPP-0.2500+166
666,925,0,0,0,3605,44980,0,0,0,0,0,0,0,0,0,0,0,0,0,0,0,0,0,0,786,805,0,0,0,4444,44141,0,0,0,0,0,0,0,0,0,0,0,0,0,0,0,0,0,0,643,948,0,0,0,3668,44917,0,0,0,0,0,0,0,0,0,0,0,0,0,0,0,0,0,0,TCGA-OL-A5D7-DX1_xmin114443_ymin22490_MPP-0.2500+167
23416,2166,0,0,0,8565,16029,0,0,0,0,0,0,0,0,0,0,0,0,0,0,0,0,0,0,23368,2214,0,0,0,8500,16094,0,0,0,0,0,0,0,0,0,0,0,0,0,0,0,0,0,0,22756,2826,0,0,0,8218,16376,0,0,0,0,0,0,0,0,0,0,0,0,0,0,0,0,0,0,TCGA-OL-A5D7-DX1_xmin114443_ymin22490_MPP-0.2500+168
38144,0,0,0,0,12032,0,0,0,0,0,0,0,0,0,0,0,0,0,0,0,0,0,0,0,38144,0,0,0,0,12032,0,0,0,0,0,0,0,0,0,0,0,0,0,0,0,0,0,0,0,38144,0,0,0,0,12032,0,0,0,0,0,0,0,0,0,0,0,0,0,0,0,0,0,0,0,TCGA-OL-A5D7-DX1_xmin114443_ymin22490_MPP-0.2500+169
50176,0,0,0,0,0,0,0,0,0,0,0,0,0,0,0,0,0,0,0,0,0,0,0,0,50176,0,0,0,0,0,0,0,0,0,0,0,0,0,0,0,0,0,0,0,0,0,0,0,0,50176,0,0,0,0,0,0,0,0,0,0,0,0,0,0,0,0,0,0,0,0,0,0,0,0,TCGA-OL-A5D7-DX1_xmin114443_ymin22490_MPP-0.2500+17
49059,0,0,0,0,1117,0,0,0,0,0,0,0,0,0,0,0,0,0,0,0,0,0,0,0,49059,0,0,0,0,1117,0,0,0,0,0,0,0,0,0,0,0,0,0,0,0,0,0,0,0,49059,0,0,0,0,1117,0,0,0,0,0,0,0,0,0,0,0,0,0,0,0,0,0,0,0,TCGA-OL-A5D7-DX1_xmin114443_ymin22490_MPP-0.2500+170
50176,0,0,0,0,0,0,0,0,0,0,0,0,0,0,0,0,0,0,0,0,0,0,0,0,50176,0,0,0,0,0,0,0,0,0,0,0,0,0,0,0,0,0,0,0,0,0,0,0,0,50176,0,0,0,0,0,0,0,0,0,0,0,0,0,0,0,0,0,0,0,0,0,0,0,0,TCGA-OL-A5D7-DX1_xmin114443_ymin22490_MPP-0.2500+171
50176,0,0,0,0,0,0,0,0,0,0,0,0,0,0,0,0,0,0,0,0,0,0,0,0,50176,0,0,0,0,0,0,0,0,0,0,0,0,0,0,0,0,0,0,0,0,0,0,0,0,50176,0,0,0,0,0,0,0,0,0,0,0,0,0,0,0,0,0,0,0,0,0,0,0,0,TCGA-OL-A5D7-DX1_xmin114443_ymin22490_MPP-0.2500+172
0,0,0,0,0,0,0,0,0,0,2976,47200,0,0,0,0,0,0,0,0,0,0,0,0,0,0,0,0,0,0,0,0,0,0,0,448,49728,0,0,0,0,0,0,0,0,0,0,0,0,0,0,0,0,0,0,0,0,0,0,0,2112,48064,0,0,0,0,0,0,0,0,0,0,0,0,0,TCGA-OL-A5D7-DX1_xmin114443_ymin22490_MPP-0.2500+173
0,0,0,0,0,0,0,0,0,0,640,49536,0,0,0,0,0,0,0,0,0,0,0,0,0,0,0,0,0,0,0,0,0,0,0,672,49504,0,0,0,0,0,0,0,0,0,0,0,0,0,0,0,0,0,0,0,0,0,0,0,960,49216,0,0,0,0,0,0,0,0,0,0,0,0,0,TCGA-OL-A5D7-DX1_xmin114443_ymin22490_MPP-0.2500+174
0,0,0,0,0,0,0,0,0,0,50176,0,0,0,0,0,0,0,0,0,0,0,0,0,0,0,0,0,0,0,0,0,0,0,0,50176,0,0,0,0,0,0,0,0,0,0,0,0,0,0,0,0,0,0,0,0,0,0,0,0,50176,0,0,0,0,0,0,0,0,0,0,0,0,0,0,TCGA-OL-A5D7-DX1_xmin114443_ymin22490_MPP-0.2500+175
0,0,0,0,0,0,0,0,0,0,2464,47712,0,0,0,0,0,0,0,0,0,0,0,0,0,0,0,0,0,0,0,0,0,0,0,3136,47040,0,0,0,0,0,0,0,0,0,0,0,0,0,0,0,0,0,0,0,0,0,0,0,1600,48576,0,0,0,0,0,0,0,0,0,0,0,0,0,TCGA-OL-A5D7-DX1_xmin114443_ymin22490_MPP-0.2500+176
0,0,0,0,0,0,0,0,0,0,1088,49088,0,0,0,0,0,0,0,0,0,0,0,0,0,0,0,0,0,0,0,0,0,0,0,1920,48256,0,0,0,0,0,0,0,0,0,0,0,0,0,0,0,0,0,0,0,0,0,0,0,2176,48000,0,0,0,0,0,0,0,0,0,0,0,0,0,TCGA-OL-A5D7-DX1_xmin114443_ymin22490_MPP-0.2500+177
6195,1571,0,0,0,3466,1830,0,0,0,13841,23273,0,0,0,0,0,0,0,0,0,0,0,0,0,6226,1540,0,0,0,3498,1798,0,0,0,14068,23046,0,0,0,0,0,0,0,0,0,0,0,0,0,6215,1551,0,0,0,3532,1764,0,0,0,14502,22612,0,0,0,0,0,0,0,0,0,0,0,0,0,TCGA-OL-A5D7-DX1_xmin114443_ymin22490_MPP-0.2500+178
49884,0,0,0,0,278,0,0,0,0,14,0,0,0,0,0,0,0,0,0,0,0,0,0,0,49884,0,0,0,0,278,0,0,0,0,14,0,0,0,0,0,0,0,0,0,0,0,0,0,0,49884,0,0,0,0,278,0,0,0,0,14,0,0,0,0,0,0,0,0,0,0,0,0,0,0,TCGA-OL-A5D7-DX1_xmin114443_ymin22490_MPP-0.2500+179
50134,0,0,0,0,0,0,0,0,0,0,0,0,0,0,42,0,0,0,0,0,0,0,0,0,50134,0,0,0,0,0,0,0,0,0,0,0,0,0,0,42,0,0,0,0,0,0,0,0,0,50134,0,0,0,0,0,0,0,0,0,0,0,0,0,0,42,0,0,0,0,0,0,0,0,0,TCGA-OL-A5D7-DX1_xmin114443_ymin22490_MPP-0.2500+18
50176,0,0,0,0,0,0,0,0,0,0,0,0,0,0,0,0,0,0,0,0,0,0,0,0,50176,0,0,0,0,0,0,0,0,0,0,0,0,0,0,0,0,0,0,0,0,0,0,0,0,50176,0,0,0,0,0,0,0,0,0,0,0,0,0,0,0,0,0,0,0,0,0,0,0,0,TCGA-OL-A5D7-DX1_xmin114443_ymin22490_MPP-0.2500+180
50176,0,0,0,0,0,0,0,0,0,0,0,0,0,0,0,0,0,0,0,0,0,0,0,0,50176,0,0,0,0,0,0,0,0,0,0,0,0,0,0,0,0,0,0,0,0,0,0,0,0,50176,0,0,0,0,0,0,0,0,0,0,0,0,0,0,0,0,0,0,0,0,0,0,0,0,TCGA-OL-A5D7-DX1_xmin114443_ymin22490_MPP-0.2500+181
46095,0,0,0,0,4081,0,0,0,0,0,0,0,0,0,0,0,0,0,0,0,0,0,0,0,46095,0,0,0,0,4081,0,0,0,0,0,0,0,0,0,0,0,0,0,0,0,0,0,0,0,46095,0,0,0,0,4081,0,0,0,0,0,0,0,0,0,0,0,0,0,0,0,0,0,0,0,TCGA-OL-A5D7-DX1_xmin114443_ymin22490_MPP-0.2500+182
40371,0,0,0,0,9805,0,0,0,0,0,0,0,0,0,0,0,0,0,0,0,0,0,0,0,37084,3287,0,0,0,2263,7542,0,0,0,0,0,0,0,0,0,0,0,0,0,0,0,0,0,0,40371,0,0,0,0,9805,0,0,0,0,0,0,0,0,0,0,0,0,0,0,0,0,0,0,0,TCGA-OL-A5D7-DX1_xmin114443_ymin22490_MPP-0.2500+183
46563,0,0,0,0,3613,0,0,0,0,0,0,0,0,0,0,0,0,0,0,0,0,0,0,0,46563,0,0,0,0,3613,0,0,0,0,0,0,0,0,0,0,0,0,0,0,0,0,0,0,0,46563,0,0,0,0,3613,0,0,0,0,0,0,0,0,0,0,0,0,0,0,0,0,0,0,0,TCGA-OL-A5D7-DX1_xmin114443_ymin22490_MPP-0.2500+184
46711,0,0,0,0,3465,0,0,0,0,0,0,0,0,0,0,0,0,0,0,0,0,0,0,0,46711,0,0,0,0,3465,0,0,0,0,0,0,0,0,0,0,0,0,0,0,0,0,0,0,0,46711,0,0,0,0,3465,0,0,0,0,0,0,0,0,0,0,0,0,0,0,0,0,0,0,0,TCGA-OL-A5D7-DX1_xmin114443_ymin22490_MPP-0.2500+185
49763,0,0,0,0,413,0,0,0,0,0,0,0,0,0,0,0,0,0,0,0,0,0,0,0,49763,0,0,0,0,413,0,0,0,0,0,0,0,0,0,0,0,0,0,0,0,0,0,0,0,49763,0,0,0,0,413,0,0,0,0,0,0,0,0,0,0,0,0,0,0,0,0,0,0,0,TCGA-OL-A5D7-DX1_xmin114443_ymin22490_MPP-0.2500+186
50176,0,0,0,0,0,0,0,0,0,0,0,0,0,0,0,0,0,0,0,0,0,0,0,0,50176,0,0,0,0,0,0,0,0,0,0,0,0,0,0,0,0,0,0,0,0,0,0,0,0,50176,0,0,0,0,0,0,0,0,0,0,0,0,0,0,0,0,0,0,0,0,0,0,0,0,TCGA-OL-A5D7-DX1_xmin114443_ymin22490_MPP-0.2500+187
50176,0,0,0,0,0,0,0,0,0,0,0,0,0,0,0,0,0,0,0,0,0,0,0,0,50176,0,0,0,0,0,0,0,0,0,0,0,0,0,0,0,0,0,0,0,0,0,0,0,0,50176,0,0,0,0,0,0,0,0,0,0,0,0,0,0,0,0,0,0,0,0,0,0,0,0,TCGA-OL-A5D7-DX1_xmin114443_ymin22490_MPP-0.2500+188
50176,0,0,0,0,0,0,0,0,0,0,0,0,0,0,0,0,0,0,0,0,0,0,0,0,50176,0,0,0,0,0,0,0,0,0,0,0,0,0,0,0,0,0,0,0,0,0,0,0,0,50176,0,0,0,0,0,0,0,0,0,0,0,0,0,0,0,0,0,0,0,0,0,0,0,0,TCGA-OL-A5D7-DX1_xmin114443_ymin22490_MPP-0.2500+189
6894,0,0,1311,0,4272,0,0,160,0,0,0,0,0,0,17846,0,0,19693,0,0,0,0,0,0,6688,0,0,1517,0,4412,0,0,20,0,0,0,0,0,0,16135,0,0,21404,0,0,0,0,0,0,4464,0,0,3741,0,2104,0,0,2328,0,0,0,0,0,0,5944,0,0,31595,0,0,0,0,0,0,TCGA-OL-A5D7-DX1_xmin114443_ymin22490_MPP-0.2500+19
50176,0,0,0,0,0,0,0,0,0,0,0,0,0,0,0,0,0,0,0,0,0,0,0,0,50176,0,0,0,0,0,0,0,0,0,0,0,0,0,0,0,0,0,0,0,0,0,0,0,0,50176,0,0,0,0,0,0,0,0,0,0,0,0,0,0,0,0,0,0,0,0,0,0,0,0,TCGA-OL-A5D7-DX1_xmin114443_ymin22490_MPP-0.2500+190
0,0,0,0,0,0,0,0,0,0,0,45059,5117,0,0,0,0,0,0,0,0,0,0,0,0,0,0,0,0,0,0,0,0,0,0,0,44920,5256,0,0,0,0,0,0,0,0,0,0,0,0,0,0,0,0,0,0,0,0,0,0,0,45344,4832,0,0,0,0,0,0,0,0,0,0,0,0,TCGA-OL-A5D7-DX1_xmin114443_ymin22490_MPP-0.2500+191
0,0,0,0,0,0,0,0,0,0,13791,36385,0,0,0,0,0,0,0,0,0,0,0,0,0,0,0,0,0,0,0,0,0,0,0,14681,35495,0,0,0,0,0,0,0,0,0,0,0,0,0,0,0,0,0,0,0,0,0,0,0,13975,36201,0,0,0,0,0,0,0,0,0,0,0,0,0,TCGA-OL-A5D7-DX1_xmin114443_ymin22490_MPP-0.2500+192
6933,707,0,0,0,1368,0,0,0,0,9859,31309,0,0,0,0,0,0,0,0,0,0,0,0,0,6929,711,0,0,0,1368,0,0,0,0,9605,31563,0,0,0,0,0,0,0,0,0,0,0,0,0,6837,803,0,0,0,1368,0,0,0,0,10262,30906,0,0,0,0,0,0,0,0,0,0,0,0,0,TCGA-OL-A5D7-DX1_xmin114443_ymin22490_MPP-0.2500+193
13265,0,0,0,0,5490,0,0,0,0,31421,0,0,0,0,0,0,0,0,0,0,0,0,0,0,13265,0,0,0,0,5490,0,0,0,0,31421,0,0,0,0,0,0,0,0,0,0,0,0,0,0,13265,0,0,0,0,5490,0,0,0,0,31421,0,0,0,0,0,0,0,0,0,0,0,0,0,0,TCGA-OL-A5D7-DX1_xmin114443_ymin22490_MPP-0.2500+194
0,0,0,0,0,0,493,0,0,0,0,49683,0,0,0,0,0,0,0,0,0,0,0,0,0,0,0,0,0,0,0,493,0,0,0,32,49651,0,0,0,0,0,0,0,0,0,0,0,0,0,0,0,0,0,0,0,493,0,0,0,320,49363,0,0,0,0,0,0,0,0,0,0,0,0,0,TCGA-OL-A5D7-DX1_xmin114443_ymin22490_MPP-0.2500+195
36135,0,0,0,0,7271,0,0,0,0,6770,0,0,0,0,0,0,0,0,0,0,0,0,0,0,36135,0,0,0,0,7271,0,0,0,0,6770,0,0,0,0,0,0,0,0,0,0,0,0,0,0,36135,0,0,0,0,7271,0,0,0,0,6770,0,0,0,0,0,0,0,0,0,0,0,0,0,0,TCGA-OL-A5D7-DX1_xmin114443_ymin22490_MPP-0.2500+196
50176,0,0,0,0,0,0,0,0,0,0,0,0,0,0,0,0,0,0,0,0,0,0,0,0,50176,0,0,0,0,0,0,0,0,0,0,0,0,0,0,0,0,0,0,0,0,0,0,0,0,50176,0,0,0,0,0,0,0,0,0,0,0,0,0,0,0,0,0,0,0,0,0,0,0,0,TCGA-OL-A5D7-DX1_xmin114443_ymin22490_MPP-0.2500+197
50176,0,0,0,0,0,0,0,0,0,0,0,0,0,0,0,0,0,0,0,0,0,0,0,0,50176,0,0,0,0,0,0,0,0,0,0,0,0,0,0,0,0,0,0,0,0,0,0,0,0,50176,0,0,0,0,0,0,0,0,0,0,0,0,0,0,0,0,0,0,0,0,0,0,0,0,TCGA-OL-A5D7-DX1_xmin114443_ymin22490_MPP-0.2500+198
50176,0,0,0,0,0,0,0,0,0,0,0,0,0,0,0,0,0,0,0,0,0,0,0,0,50176,0,0,0,0,0,0,0,0,0,0,0,0,0,0,0,0,0,0,0,0,0,0,0,0,50176,0,0,0,0,0,0,0,0,0,0,0,0,0,0,0,0,0,0,0,0,0,0,0,0,TCGA-OL-A5D7-DX1_xmin114443_ymin22490_MPP-0.2500+199
0,25507,0,0,0,0,23194,0,0,0,0,0,0,0,0,0,0,0,0,0,0,0,0,0,1475,0,25507,0,0,0,0,23194,0,0,0,0,0,0,0,0,0,0,0,0,0,0,0,0,0,1475,0,25507,0,0,0,0,23194,0,0,0,0,0,0,0,0,0,0,0,0,0,0,0,0,0,1475,TCGA-OL-A5D7-DX1_xmin114443_ymin22490_MPP-0.2500+2
0,0,0,0,0,0,0,0,0,0,0,0,0,0,0,0,0,0,50176,0,0,0,0,0,0,0,0,0,0,0,0,0,0,0,0,0,0,0,0,0,0,0,0,50176,0,0,0,0,0,0,0,0,0,0,0,0,0,0,0,0,0,0,0,0,0,0,0,0,50176,0,0,0,0,0,0,TCGA-OL-A5D7-DX1_xmin114443_ymin22490_MPP-0.2500+20
50176,0,0,0,0,0,0,0,0,0,0,0,0,0,0,0,0,0,0,0,0,0,0,0,0,50176,0,0,0,0,0,0,0,0,0,0,0,0,0,0,0,0,0,0,0,0,0,0,0,0,50176,0,0,0,0,0,0,0,0,0,0,0,0,0,0,0,0,0,0,0,0,0,0,0,0,TCGA-OL-A5D7-DX1_xmin114443_ymin22490_MPP-0.2500+200
50176,0,0,0,0,0,0,0,0,0,0,0,0,0,0,0,0,0,0,0,0,0,0,0,0,50176,0,0,0,0,0,0,0,0,0,0,0,0,0,0,0,0,0,0,0,0,0,0,0,0,50176,0,0,0,0,0,0,0,0,0,0,0,0,0,0,0,0,0,0,0,0,0,0,0,0,TCGA-OL-A5D7-DX1_xmin114443_ymin22490_MPP-0.2500+201
50176,0,0,0,0,0,0,0,0,0,0,0,0,0,0,0,0,0,0,0,0,0,0,0,0,50176,0,0,0,0,0,0,0,0,0,0,0,0,0,0,0,0,0,0,0,0,0,0,0,0,50176,0,0,0,0,0,0,0,0,0,0,0,0,0,0,0,0,0,0,0,0,0,0,0,0,TCGA-OL-A5D7-DX1_xmin114443_ymin22490_MPP-0.2500+202
50176,0,0,0,0,0,0,0,0,0,0,0,0,0,0,0,0,0,0,0,0,0,0,0,0,50176,0,0,0,0,0,0,0,0,0,0,0,0,0,0,0,0,0,0,0,0,0,0,0,0,50176,0,0,0,0,0,0,0,0,0,0,0,0,0,0,0,0,0,0,0,0,0,0,0,0,TCGA-OL-A5D7-DX1_xmin114443_ymin22490_MPP-0.2500+203
50176,0,0,0,0,0,0,0,0,0,0,0,0,0,0,0,0,0,0,0,0,0,0,0,0,50176,0,0,0,0,0,0,0,0,0,0,0,0,0,0,0,0,0,0,0,0,0,0,0,0,50176,0,0,0,0,0,0,0,0,0,0,0,0,0,0,0,0,0,0,0,0,0,0,0,0,TCGA-OL-A5D7-DX1_xmin114443_ymin22490_MPP-0.2500+204
50176,0,0,0,0,0,0,0,0,0,0,0,0,0,0,0,0,0,0,0,0,0,0,0,0,50176,0,0,0,0,0,0,0,0,0,0,0,0,0,0,0,0,0,0,0,0,0,0,0,0,50176,0,0,0,0,0,0,0,0,0,0,0,0,0,0,0,0,0,0,0,0,0,0,0,0,TCGA-OL-A5D7-DX1_xmin114443_ymin22490_MPP-0.2500+205
11,0,0,0,0,0,361,0,0,0,30980,18824,0,0,0,0,0,0,0,0,0,0,0,0,0,11,0,0,0,0,0,361,0,0,0,29401,20403,0,0,0,0,0,0,0,0,0,0,0,0,0,11,0,0,0,0,0,361,0,0,0,29528,20276,0,0,0,0,0,0,0,0,0,0,0,0,0,TCGA-OL-A5D7-DX1_xmin114443_ymin22490_MPP-0.2500+206
18509,7520,0,0,0,0,0,0,0,0,3702,20445,0,0,0,0,0,0,0,0,0,0,0,0,0,18565,7464,0,0,0,0,0,0,0,0,4199,19948,0,0,0,0,0,0,0,0,0,0,0,0,0,18968,7061,0,0,0,0,0,0,0,0,4646,19501,0,0,0,0,0,0,0,0,0,0,0,0,0,TCGA-OL-A5D7-DX1_xmin114443_ymin22490_MPP-0.2500+207
50058,0,0,0,0,0,0,0,0,0,118,0,0,0,0,0,0,0,0,0,0,0,0,0,0,50058,0,0,0,0,0,0,0,0,0,118,0,0,0,0,0,0,0,0,0,0,0,0,0,0,50058,0,0,0,0,0,0,0,0,0,118,0,0,0,0,0,0,0,0,0,0,0,0,0,0,TCGA-OL-A5D7-DX1_xmin114443_ymin22490_MPP-0.2500+208
48467,0,0,0,0,1616,0,0,0,0,93,0,0,0,0,0,0,0,0,0,0,0,0,0,0,48467,0,0,0,0,1616,0,0,0,0,93,0,0,0,0,0,0,0,0,0,0,0,0,0,0,48467,0,0,0,0,1616,0,0,0,0,93,0,0,0,0,0,0,0,0,0,0,0,0,0,0,TCGA-OL-A5D7-DX1_xmin114443_ymin22490_MPP-0.2500+209
0,0,0,0,0,0,0,0,0,0,0,0,0,0,0,0,0,0,50176,0,0,0,0,0,0,0,0,0,0,0,0,0,0,0,0,0,0,0,0,0,0,0,0,50176,0,0,0,0,0,0,0,0,0,0,0,0,0,0,0,0,0,0,0,0,0,0,0,0,50176,0,0,0,0,0,0,TCGA-OL-A5D7-DX1_xmin114443_ymin22490_MPP-0.2500+21
3335,11478,0,0,0,6579,6346,0,0,0,4234,18204,0,0,0,0,0,0,0,0,0,0,0,0,0,3514,11299,0,0,0,6592,6333,0,0,0,4346,18092,0,0,0,0,0,0,0,0,0,0,0,0,0,3290,11523,0,0,0,6556,6369,0,0,0,4355,18083,0,0,0,0,0,0,0,0,0,0,0,0,0,TCGA-OL-A5D7-DX1_xmin114443_ymin22490_MPP-0.2500+210
50151,0,0,0,0,25,0,0,0,0,0,0,0,0,0,0,0,0,0,0,0,0,0,0,0,50151,0,0,0,0,25,0,0,0,0,0,0,0,0,0,0,0,0,0,0,0,0,0,0,0,50151,0,0,0,0,25,0,0,0,0,0,0,0,0,0,0,0,0,0,0,0,0,0,0,0,TCGA-OL-A5D7-DX1_xmin114443_ymin22490_MPP-0.2500+211
50176,0,0,0,0,0,0,0,0,0,0,0,0,0,0,0,0,0,0,0,0,0,0,0,0,50176,0,0,0,0,0,0,0,0,0,0,0,0,0,0,0,0,0,0,0,0,0,0,0,0,50176,0,0,0,0,0,0,0,0,0,0,0,0,0,0,0,0,0,0,0,0,0,0,0,0,TCGA-OL-A5D7-DX1_xmin114443_ymin22490_MPP-0.2500+212
50176,0,0,0,0,0,0,0,0,0,0,0,0,0,0,0,0,0,0,0,0,0,0,0,0,50176,0,0,0,0,0,0,0,0,0,0,0,0,0,0,0,0,0,0,0,0,0,0,0,0,50176,0,0,0,0,0,0,0,0,0,0,0,0,0,0,0,0,0,0,0,0,0,0,0,0,TCGA-OL-A5D7-DX1_xmin114443_ymin22490_MPP-0.2500+213
50176,0,0,0,0,0,0,0,0,0,0,0,0,0,0,0,0,0,0,0,0,0,0,0,0,50176,0,0,0,0,0,0,0,0,0,0,0,0,0,0,0,0,0,0,0,0,0,0,0,0,50176,0,0,0,0,0,0,0,0,0,0,0,0,0,0,0,0,0,0,0,0,0,0,0,0,TCGA-OL-A5D7-DX1_xmin114443_ymin22490_MPP-0.2500+214
50176,0,0,0,0,0,0,0,0,0,0,0,0,0,0,0,0,0,0,0,0,0,0,0,0,50176,0,0,0,0,0,0,0,0,0,0,0,0,0,0,0,0,0,0,0,0,0,0,0,0,50176,0,0,0,0,0,0,0,0,0,0,0,0,0,0,0,0,0,0,0,0,0,0,0,0,TCGA-OL-A5D7-DX1_xmin114443_ymin22490_MPP-0.2500+215
50176,0,0,0,0,0,0,0,0,0,0,0,0,0,0,0,0,0,0,0,0,0,0,0,0,50176,0,0,0,0,0,0,0,0,0,0,0,0,0,0,0,0,0,0,0,0,0,0,0,0,50176,0,0,0,0,0,0,0,0,0,0,0,0,0,0,0,0,0,0,0,0,0,0,0,0,TCGA-OL-A5D7-DX1_xmin114443_ymin22490_MPP-0.2500+216
50176,0,0,0,0,0,0,0,0,0,0,0,0,0,0,0,0,0,0,0,0,0,0,0,0,50176,0,0,0,0,0,0,0,0,0,0,0,0,0,0,0,0,0,0,0,0,0,0,0,0,50176,0,0,0,0,0,0,0,0,0,0,0,0,0,0,0,0,0,0,0,0,0,0,0,0,TCGA-OL-A5D7-DX1_xmin114443_ymin22490_MPP-0.2500+217
50176,0,0,0,0,0,0,0,0,0,0,0,0,0,0,0,0,0,0,0,0,0,0,0,0,50176,0,0,0,0,0,0,0,0,0,0,0,0,0,0,0,0,0,0,0,0,0,0,0,0,50176,0,0,0,0,0,0,0,0,0,0,0,0,0,0,0,0,0,0,0,0,0,0,0,0,TCGA-OL-A5D7-DX1_xmin114443_ymin22490_MPP-0.2500+218
50176,0,0,0,0,0,0,0,0,0,0,0,0,0,0,0,0,0,0,0,0,0,0,0,0,50176,0,0,0,0,0,0,0,0,0,0,0,0,0,0,0,0,0,0,0,0,0,0,0,0,50176,0,0,0,0,0,0,0,0,0,0,0,0,0,0,0,0,0,0,0,0,0,0,0,0,TCGA-OL-A5D7-DX1_xmin114443_ymin22490_MPP-0.2500+219
0,0,0,648,0,0,0,0,1748,0,0,0,0,0,0,0,0,0,47780,0,0,0,0,0,0,0,0,0,648,0,0,0,0,1748,0,0,0,0,0,0,4,0,0,47776,0,0,0,0,0,0,0,0,0,648,0,0,0,0,1748,0,0,0,0,0,0,0,0,0,47780,0,0,0,0,0,0,TCGA-OL-A5D7-DX1_xmin114443_ymin22490_MPP-0.2500+22
50176,0,0,0,0,0,0,0,0,0,0,0,0,0,0,0,0,0,0,0,0,0,0,0,0,50176,0,0,0,0,0,0,0,0,0,0,0,0,0,0,0,0,0,0,0,0,0,0,0,0,50176,0,0,0,0,0,0,0,0,0,0,0,0,0,0,0,0,0,0,0,0,0,0,0,0,TCGA-OL-A5D7-DX1_xmin114443_ymin22490_MPP-0.2500+220
50176,0,0,0,0,0,0,0,0,0,0,0,0,0,0,0,0,0,0,0,0,0,0,0,0,50176,0,0,0,0,0,0,0,0,0,0,0,0,0,0,0,0,0,0,0,0,0,0,0,0,50176,0,0,0,0,0,0,0,0,0,0,0,0,0,0,0,0,0,0,0,0,0,0,0,0,TCGA-OL-A5D7-DX1_xmin114443_ymin22490_MPP-0.2500+221
50176,0,0,0,0,0,0,0,0,0,0,0,0,0,0,0,0,0,0,0,0,0,0,0,0,50176,0,0,0,0,0,0,0,0,0,0,0,0,0,0,0,0,0,0,0,0,0,0,0,0,50176,0,0,0,0,0,0,0,0,0,0,0,0,0,0,0,0,0,0,0,0,0,0,0,0,TCGA-OL-A5D7-DX1_xmin114443_ymin22490_MPP-0.2500+222
45111,0,0,0,0,5018,0,0,0,0,47,0,0,0,0,0,0,0,0,0,0,0,0,0,0,45111,0,0,0,0,5018,0,0,0,0,47,0,0,0,0,0,0,0,0,0,0,0,0,0,0,45111,0,0,0,0,5018,0,0,0,0,47,0,0,0,0,0,0,0,0,0,0,0,0,0,0,TCGA-OL-A5D7-DX1_xmin114443_ymin22490_MPP-0.2500+223
50176,0,0,0,0,0,0,0,0,0,0,0,0,0,0,0,0,0,0,0,0,0,0,0,0,50176,0,0,0,0,0,0,0,0,0,0,0,0,0,0,0,0,0,0,0,0,0,0,0,0,50176,0,0,0,0,0,0,0,0,0,0,0,0,0,0,0,0,0,0,0,0,0,0,0,0,TCGA-OL-A5D7-DX1_xmin114443_ymin22490_MPP-0.2500+224
50176,0,0,0,0,0,0,0,0,0,0,0,0,0,0,0,0,0,0,0,0,0,0,0,0,50176,0,0,0,0,0,0,0,0,0,0,0,0,0,0,0,0,0,0,0,0,0,0,0,0,50176,0,0,0,0,0,0,0,0,0,0,0,0,0,0,0,0,0,0,0,0,0,0,0,0,TCGA-OL-A5D7-DX1_xmin114443_ymin22490_MPP-0.2500+225
50176,0,0,0,0,0,0,0,0,0,0,0,0,0,0,0,0,0,0,0,0,0,0,0,0,50176,0,0,0,0,0,0,0,0,0,0,0,0,0,0,0,0,0,0,0,0,0,0,0,0,50176,0,0,0,0,0,0,0,0,0,0,0,0,0,0,0,0,0,0,0,0,0,0,0,0,TCGA-OL-A5D7-DX1_xmin114443_ymin22490_MPP-0.2500+226
50176,0,0,0,0,0,0,0,0,0,0,0,0,0,0,0,0,0,0,0,0,0,0,0,0,50176,0,0,0,0,0,0,0,0,0,0,0,0,0,0,0,0,0,0,0,0,0,0,0,0,50176,0,0,0,0,0,0,0,0,0,0,0,0,0,0,0,0,0,0,0,0,0,0,0,0,TCGA-OL-A5D7-DX1_xmin114443_ymin22490_MPP-0.2500+227
50176,0,0,0,0,0,0,0,0,0,0,0,0,0,0,0,0,0,0,0,0,0,0,0,0,50176,0,0,0,0,0,0,0,0,0,0,0,0,0,0,0,0,0,0,0,0,0,0,0,0,50176,0,0,0,0,0,0,0,0,0,0,0,0,0,0,0,0,0,0,0,0,0,0,0,0,TCGA-OL-A5D7-DX1_xmin114443_ymin22490_MPP-0.2500+228
50176,0,0,0,0,0,0,0,0,0,0,0,0,0,0,0,0,0,0,0,0,0,0,0,0,50176,0,0,0,0,0,0,0,0,0,0,0,0,0,0,0,0,0,0,0,0,0,0,0,0,50176,0,0,0,0,0,0,0,0,0,0,0,0,0,0,0,0,0,0,0,0,0,0,0,0,TCGA-OL-A5D7-DX1_xmin114443_ymin22490_MPP-0.2500+229
36001,0,0,0,0,5849,0,0,0,0,0,0,0,0,0,8326,0,0,0,0,0,0,0,0,0,36001,0,0,0,0,5849,0,0,0,0,0,0,0,0,0,8326,0,0,0,0,0,0,0,0,0,36001,0,0,0,0,5849,0,0,0,0,0,0,0,0,0,8326,0,0,0,0,0,0,0,0,0,TCGA-OL-A5D7-DX1_xmin114443_ymin22490_MPP-0.2500+23
50176,0,0,0,0,0,0,0,0,0,0,0,0,0,0,0,0,0,0,0,0,0,0,0,0,50176,0,0,0,0,0,0,0,0,0,0,0,0,0,0,0,0,0,0,0,0,0,0,0,0,50176,0,0,0,0,0,0,0,0,0,0,0,0,0,0,0,0,0,0,0,0,0,0,0,0,TCGA-OL-A5D7-DX1_xmin114443_ymin22490_MPP-0.2500+230
50176,0,0,0,0,0,0,0,0,0,0,0,0,0,0,0,0,0,0,0,0,0,0,0,0,50176,0,0,0,0,0,0,0,0,0,0,0,0,0,0,0,0,0,0,0,0,0,0,0,0,50176,0,0,0,0,0,0,0,0,0,0,0,0,0,0,0,0,0,0,0,0,0,0,0,0,TCGA-OL-A5D7-DX1_xmin114443_ymin22490_MPP-0.2500+231
50176,0,0,0,0,0,0,0,0,0,0,0,0,0,0,0,0,0,0,0,0,0,0,0,0,50176,0,0,0,0,0,0,0,0,0,0,0,0,0,0,0,0,0,0,0,0,0,0,0,0,50176,0,0,0,0,0,0,0,0,0,0,0,0,0,0,0,0,0,0,0,0,0,0,0,0,TCGA-OL-A5D7-DX1_xmin114443_ymin22490_MPP-0.2500+232
50176,0,0,0,0,0,0,0,0,0,0,0,0,0,0,0,0,0,0,0,0,0,0,0,0,50176,0,0,0,0,0,0,0,0,0,0,0,0,0,0,0,0,0,0,0,0,0,0,0,0,50176,0,0,0,0,0,0,0,0,0,0,0,0,0,0,0,0,0,0,0,0,0,0,0,0,TCGA-OL-A5D7-DX1_xmin114443_ymin22490_MPP-0.2500+233
50176,0,0,0,0,0,0,0,0,0,0,0,0,0,0,0,0,0,0,0,0,0,0,0,0,50176,0,0,0,0,0,0,0,0,0,0,0,0,0,0,0,0,0,0,0,0,0,0,0,0,50176,0,0,0,0,0,0,0,0,0,0,0,0,0,0,0,0,0,0,0,0,0,0,0,0,TCGA-OL-A5D7-DX1_xmin114443_ymin22490_MPP-0.2500+234
50176,0,0,0,0,0,0,0,0,0,0,0,0,0,0,0,0,0,0,0,0,0,0,0,0,50176,0,0,0,0,0,0,0,0,0,0,0,0,0,0,0,0,0,0,0,0,0,0,0,0,50176,0,0,0,0,0,0,0,0,0,0,0,0,0,0,0,0,0,0,0,0,0,0,0,0,TCGA-OL-A5D7-DX1_xmin114443_ymin22490_MPP-0.2500+235
50176,0,0,0,0,0,0,0,0,0,0,0,0,0,0,0,0,0,0,0,0,0,0,0,0,50176,0,0,0,0,0,0,0,0,0,0,0,0,0,0,0,0,0,0,0,0,0,0,0,0,50176,0,0,0,0,0,0,0,0,0,0,0,0,0,0,0,0,0,0,0,0,0,0,0,0,TCGA-OL-A5D7-DX1_xmin114443_ymin22490_MPP-0.2500+236
50176,0,0,0,0,0,0,0,0,0,0,0,0,0,0,0,0,0,0,0,0,0,0,0,0,50176,0,0,0,0,0,0,0,0,0,0,0,0,0,0,0,0,0,0,0,0,0,0,0,0,50176,0,0,0,0,0,0,0,0,0,0,0,0,0,0,0,0,0,0,0,0,0,0,0,0,TCGA-OL-A5D7-DX1_xmin114443_ymin22490_MPP-0.2500+237
50176,0,0,0,0,0,0,0,0,0,0,0,0,0,0,0,0,0,0,0,0,0,0,0,0,50176,0,0,0,0,0,0,0,0,0,0,0,0,0,0,0,0,0,0,0,0,0,0,0,0,50176,0,0,0,0,0,0,0,0,0,0,0,0,0,0,0,0,0,0,0,0,0,0,0,0,TCGA-OL-A5D7-DX1_xmin114443_ymin22490_MPP-0.2500+238
50176,0,0,0,0,0,0,0,0,0,0,0,0,0,0,0,0,0,0,0,0,0,0,0,0,50176,0,0,0,0,0,0,0,0,0,0,0,0,0,0,0,0,0,0,0,0,0,0,0,0,50176,0,0,0,0,0,0,0,0,0,0,0,0,0,0,0,0,0,0,0,0,0,0,0,0,TCGA-OL-A5D7-DX1_xmin114443_ymin22490_MPP-0.2500+239
48415,0,0,0,0,843,0,0,0,0,0,0,0,0,0,0,0,0,0,0,0,0,0,0,918,48415,0,0,0,0,843,0,0,0,0,0,0,0,0,0,0,0,0,0,0,0,0,0,0,918,48415,0,0,0,0,843,0,0,0,0,0,0,0,0,0,0,0,0,0,0,0,0,0,0,918,TCGA-OL-A5D7-DX1_xmin114443_ymin22490_MPP-0.2500+24
50176,0,0,0,0,0,0,0,0,0,0,0,0,0,0,0,0,0,0,0,0,0,0,0,0,50176,0,0,0,0,0,0,0,0,0,0,0,0,0,0,0,0,0,0,0,0,0,0,0,0,50176,0,0,0,0,0,0,0,0,0,0,0,0,0,0,0,0,0,0,0,0,0,0,0,0,TCGA-OL-A5D7-DX1_xmin114443_ymin22490_MPP-0.2500+240
50176,0,0,0,0,0,0,0,0,0,0,0,0,0,0,0,0,0,0,0,0,0,0,0,0,50176,0,0,0,0,0,0,0,0,0,0,0,0,0,0,0,0,0,0,0,0,0,0,0,0,50176,0,0,0,0,0,0,0,0,0,0,0,0,0,0,0,0,0,0,0,0,0,0,0,0,TCGA-OL-A5D7-DX1_xmin114443_ymin22490_MPP-0.2500+241
50176,0,0,0,0,0,0,0,0,0,0,0,0,0,0,0,0,0,0,0,0,0,0,0,0,50176,0,0,0,0,0,0,0,0,0,0,0,0,0,0,0,0,0,0,0,0,0,0,0,0,50176,0,0,0,0,0,0,0,0,0,0,0,0,0,0,0,0,0,0,0,0,0,0,0,0,TCGA-OL-A5D7-DX1_xmin114443_ymin22490_MPP-0.2500+242
50176,0,0,0,0,0,0,0,0,0,0,0,0,0,0,0,0,0,0,0,0,0,0,0,0,50176,0,0,0,0,0,0,0,0,0,0,0,0,0,0,0,0,0,0,0,0,0,0,0,0,50176,0,0,0,0,0,0,0,0,0,0,0,0,0,0,0,0,0,0,0,0,0,0,0,0,TCGA-OL-A5D7-DX1_xmin114443_ymin22490_MPP-0.2500+243
50176,0,0,0,0,0,0,0,0,0,0,0,0,0,0,0,0,0,0,0,0,0,0,0,0,50176,0,0,0,0,0,0,0,0,0,0,0,0,0,0,0,0,0,0,0,0,0,0,0,0,50176,0,0,0,0,0,0,0,0,0,0,0,0,0,0,0,0,0,0,0,0,0,0,0,0,TCGA-OL-A5D7-DX1_xmin114443_ymin22490_MPP-0.2500+244
50176,0,0,0,0,0,0,0,0,0,0,0,0,0,0,0,0,0,0,0,0,0,0,0,0,50176,0,0,0,0,0,0,0,0,0,0,0,0,0,0,0,0,0,0,0,0,0,0,0,0,50176,0,0,0,0,0,0,0,0,0,0,0,0,0,0,0,0,0,0,0,0,0,0,0,0,TCGA-OL-A5D7-DX1_xmin114443_ymin22490_MPP-0.2500+245
50176,0,0,0,0,0,0,0,0,0,0,0,0,0,0,0,0,0,0,0,0,0,0,0,0,50176,0,0,0,0,0,0,0,0,0,0,0,0,0,0,0,0,0,0,0,0,0,0,0,0,50176,0,0,0,0,0,0,0,0,0,0,0,0,0,0,0,0,0,0,0,0,0,0,0,0,TCGA-OL-A5D7-DX1_xmin114443_ymin22490_MPP-0.2500+246
41661,0,0,0,0,8515,0,0,0,0,0,0,0,0,0,0,0,0,0,0,0,0,0,0,0,41661,0,0,0,0,8515,0,0,0,0,0,0,0,0,0,0,0,0,0,0,0,0,0,0,0,41661,0,0,0,0,8515,0,0,0,0,0,0,0,0,0,0,0,0,0,0,0,0,0,0,0,TCGA-OL-A5D7-DX1_xmin114443_ymin22490_MPP-0.2500+247
50176,0,0,0,0,0,0,0,0,0,0,0,0,0,0,0,0,0,0,0,0,0,0,0,0,50176,0,0,0,0,0,0,0,0,0,0,0,0,0,0,0,0,0,0,0,0,0,0,0,0,50176,0,0,0,0,0,0,0,0,0,0,0,0,0,0,0,0,0,0,0,0,0,0,0,0,TCGA-OL-A5D7-DX1_xmin114443_ymin22490_MPP-0.2500+248
50176,0,0,0,0,0,0,0,0,0,0,0,0,0,0,0,0,0,0,0,0,0,0,0,0,50176,0,0,0,0,0,0,0,0,0,0,0,0,0,0,0,0,0,0,0,0,0,0,0,0,50176,0,0,0,0,0,0,0,0,0,0,0,0,0,0,0,0,0,0,0,0,0,0,0,0,TCGA-OL-A5D7-DX1_xmin114443_ymin22490_MPP-0.2500+249
16719,10817,0,0,0,230,19328,0,0,0,0,0,0,0,0,0,0,0,0,0,0,0,0,0,3082,16637,10899,0,0,0,205,19353,0,0,0,0,0,0,0,0,0,0,0,0,0,0,0,0,0,3082,16992,10544,0,0,0,221,19337,0,0,0,0,0,0,0,0,0,0,0,0,0,0,0,0,0,3082,TCGA-OL-A5D7-DX1_xmin114443_ymin22490_MPP-0.2500+25
50176,0,0,0,0,0,0,0,0,0,0,0,0,0,0,0,0,0,0,0,0,0,0,0,0,50176,0,0,0,0,0,0,0,0,0,0,0,0,0,0,0,0,0,0,0,0,0,0,0,0,50176,0,0,0,0,0,0,0,0,0,0,0,0,0,0,0,0,0,0,0,0,0,0,0,0,TCGA-OL-A5D7-DX1_xmin114443_ymin22490_MPP-0.2500+250
50176,0,0,0,0,0,0,0,0,0,0,0,0,0,0,0,0,0,0,0,0,0,0,0,0,50176,0,0,0,0,0,0,0,0,0,0,0,0,0,0,0,0,0,0,0,0,0,0,0,0,50176,0,0,0,0,0,0,0,0,0,0,0,0,0,0,0,0,0,0,0,0,0,0,0,0,TCGA-OL-A5D7-DX1_xmin114443_ymin22490_MPP-0.2500+251
23401,3076,0,0,0,7141,16558,0,0,0,0,0,0,0,0,0,0,0,0,0,0,0,0,0,0,23761,2716,0,0,0,7557,16142,0,0,0,0,0,0,0,0,0,0,0,0,0,0,0,0,0,0,23681,2796,0,0,0,7284,16415,0,0,0,0,0,0,0,0,0,0,0,0,0,0,0,0,0,0,TCGA-OL-A5D7-DX1_xmin114443_ymin22490_MPP-0.2500+252
46914,0,0,0,0,3262,0,0,0,0,0,0,0,0,0,0,0,0,0,0,0,0,0,0,0,46914,0,0,0,0,3262,0,0,0,0,0,0,0,0,0,0,0,0,0,0,0,0,0,0,0,46914,0,0,0,0,3262,0,0,0,0,0,0,0,0,0,0,0,0,0,0,0,0,0,0,0,TCGA-OL-A5D7-DX1_xmin114443_ymin22490_MPP-0.2500+253
50176,0,0,0,0,0,0,0,0,0,0,0,0,0,0,0,0,0,0,0,0,0,0,0,0,50176,0,0,0,0,0,0,0,0,0,0,0,0,0,0,0,0,0,0,0,0,0,0,0,0,50176,0,0,0,0,0,0,0,0,0,0,0,0,0,0,0,0,0,0,0,0,0,0,0,0,TCGA-OL-A5D7-DX1_xmin114443_ymin22490_MPP-0.2500+254
50176,0,0,0,0,0,0,0,0,0,0,0,0,0,0,0,0,0,0,0,0,0,0,0,0,50176,0,0,0,0,0,0,0,0,0,0,0,0,0,0,0,0,0,0,0,0,0,0,0,0,50176,0,0,0,0,0,0,0,0,0,0,0,0,0,0,0,0,0,0,0,0,0,0,0,0,TCGA-OL-A5D7-DX1_xmin114443_ymin22490_MPP-0.2500+26
50176,0,0,0,0,0,0,0,0,0,0,0,0,0,0,0,0,0,0,0,0,0,0,0,0,50176,0,0,0,0,0,0,0,0,0,0,0,0,0,0,0,0,0,0,0,0,0,0,0,0,50176,0,0,0,0,0,0,0,0,0,0,0,0,0,0,0,0,0,0,0,0,0,0,0,0,TCGA-OL-A5D7-DX1_xmin114443_ymin22490_MPP-0.2500+27
50176,0,0,0,0,0,0,0,0,0,0,0,0,0,0,0,0,0,0,0,0,0,0,0,0,50176,0,0,0,0,0,0,0,0,0,0,0,0,0,0,0,0,0,0,0,0,0,0,0,0,50176,0,0,0,0,0,0,0,0,0,0,0,0,0,0,0,0,0,0,0,0,0,0,0,0,TCGA-OL-A5D7-DX1_xmin114443_ymin22490_MPP-0.2500+28
24504,0,0,0,0,0,0,0,0,0,0,0,0,0,0,8873,0,0,16799,0,0,0,0,0,0,24504,0,0,0,0,0,0,0,0,0,0,0,0,0,0,10814,0,0,14858,0,0,0,0,0,0,24504,0,0,0,0,0,0,0,0,0,0,0,0,0,0,8566,0,0,17106,0,0,0,0,0,0,TCGA-OL-A5D7-DX1_xmin114443_ymin22490_MPP-0.2500+29
45031,3586,0,0,0,0,1559,0,0,0,0,0,0,0,0,0,0,0,0,0,0,0,0,0,0,45222,3395,0,0,0,0,1559,0,0,0,0,0,0,0,0,0,0,0,0,0,0,0,0,0,0,44696,3921,0,0,0,0,1559,0,0,0,0,0,0,0,0,0,0,0,0,0,0,0,0,0,0,TCGA-OL-A5D7-DX1_xmin114443_ymin22490_MPP-0.2500+3
0,0,0,0,0,0,0,0,0,0,0,0,0,0,0,592,0,0,49584,0,0,0,0,0,0,0,0,0,0,0,0,0,0,0,0,0,0,0,0,0,784,0,0,49392,0,0,0,0,0,0,0,0,0,0,0,0,0,0,0,0,0,0,0,0,0,416,0,0,49760,0,0,0,0,0,0,TCGA-OL-A5D7-DX1_xmin114443_ymin22490_MPP-0.2500+30
0,0,0,0,0,0,0,0,0,0,0,0,0,0,0,0,0,0,50176,0,0,0,0,0,0,0,0,0,0,0,0,0,0,0,0,0,0,0,0,0,0,0,0,50176,0,0,0,0,0,0,0,0,0,0,0,0,0,0,0,0,0,0,0,0,0,0,0,0,50176,0,0,0,0,0,0,TCGA-OL-A5D7-DX1_xmin114443_ymin22490_MPP-0.2500+31
0,0,0,0,0,0,0,0,0,0,0,0,0,0,0,4624,0,0,45552,0,0,0,0,0,0,0,0,0,0,0,0,0,0,0,0,0,0,0,0,0,4592,0,0,45584,0,0,0,0,0,0,0,0,0,0,0,0,0,0,0,0,0,0,0,0,0,4400,0,0,45776,0,0,0,0,0,0,TCGA-OL-A5D7-DX1_xmin114443_ymin22490_MPP-0.2500+32
4160,0,0,0,0,7384,0,0,0,0,0,0,0,0,0,38632,0,0,0,0,0,0,0,0,0,4160,0,0,0,0,7384,0,0,0,0,0,0,0,0,0,38632,0,0,0,0,0,0,0,0,0,3922,0,0,238,0,6823,0,0,561,0,0,0,0,0,0,29463,0,0,9169,0,0,0,0,0,0,TCGA-OL-A5D7-DX1_xmin114443_ymin22490_MPP-0.2500+33
44274,0,0,0,0,4280,0,0,0,0,0,0,0,0,0,1622,0,0,0,0,0,0,0,0,0,44274,0,0,0,0,4280,0,0,0,0,0,0,0,0,0,1622,0,0,0,0,0,0,0,0,0,44274,0,0,0,0,4280,0,0,0,0,0,0,0,0,0,1622,0,0,0,0,0,0,0,0,0,TCGA-OL-A5D7-DX1_xmin114443_ymin22490_MPP-0.2500+34
50176,0,0,0,0,0,0,0,0,0,0,0,0,0,0,0,0,0,0,0,0,0,0,0,0,50176,0,0,0,0,0,0,0,0,0,0,0,0,0,0,0,0,0,0,0,0,0,0,0,0,50176,0,0,0,0,0,0,0,0,0,0,0,0,0,0,0,0,0,0,0,0,0,0,0,0,TCGA-OL-A5D7-DX1_xmin114443_ymin22490_MPP-0.2500+35
50174,0,0,0,0,2,0,0,0,0,0,0,0,0,0,0,0,0,0,0,0,0,0,0,0,50174,0,0,0,0,2,0,0,0,0,0,0,0,0,0,0,0,0,0,0,0,0,0,0,0,50174,0,0,0,0,2,0,0,0,0,0,0,0,0,0,0,0,0,0,0,0,0,0,0,0,TCGA-OL-A5D7-DX1_xmin114443_ymin22490_MPP-0.2500+36
17474,28960,0,0,0,2538,1204,0,0,0,0,0,0,0,0,0,0,0,0,0,0,0,0,0,0,18710,27724,0,0,0,2733,1009,0,0,0,0,0,0,0,0,0,0,0,0,0,0,0,0,0,0,16980,29454,0,0,0,2375,1367,0,0,0,0,0,0,0,0,0,0,0,0,0,0,0,0,0,0,TCGA-OL-A5D7-DX1_xmin114443_ymin22490_MPP-0.2500+37
9133,0,0,0,0,7607,19528,0,0,0,29,13879,0,0,0,0,0,0,0,0,0,0,0,0,0,9133,0,0,0,0,7486,19649,0,0,0,0,13908,0,0,0,0,0,0,0,0,0,0,0,0,0,9133,0,0,0,0,9009,18126,0,0,0,659,13249,0,0,0,0,0,0,0,0,0,0,0,0,0,TCGA-OL-A5D7-DX1_xmin114443_ymin22490_MPP-0.2500+38
45821,0,0,0,0,4355,0,0,0,0,0,0,0,0,0,0,0,0,0,0,0,0,0,0,0,45821,0,0,0,0,4355,0,0,0,0,0,0,0,0,0,0,0,0,0,0,0,0,0,0,0,45821,0,0,0,0,4355,0,0,0,0,0,0,0,0,0,0,0,0,0,0,0,0,0,0,0,TCGA-OL-A5D7-DX1_xmin114443_ymin22490_MPP-0.2500+39
0,310,0,0,0,0,47824,0,0,0,0,27,0,0,0,0,230,0,0,0,0,0,0,0,1785,0,310,0,0,0,0,47824,0,0,0,0,27,0,0,0,0,230,0,0,0,0,0,0,0,1785,0,310,0,0,0,0,47824,0,0,0,0,27,0,0,0,0,230,0,0,0,0,0,0,0,1785,TCGA-OL-A5D7-DX1_xmin114443_ymin22490_MPP-0.2500+4
50176,0,0,0,0,0,0,0,0,0,0,0,0,0,0,0,0,0,0,0,0,0,0,0,0,50176,0,0,0,0,0,0,0,0,0,0,0,0,0,0,0,0,0,0,0,0,0,0,0,0,50176,0,0,0,0,0,0,0,0,0,0,0,0,0,0,0,0,0,0,0,0,0,0,0,0,TCGA-OL-A5D7-DX1_xmin114443_ymin22490_MPP-0.2500+40
38627,0,0,0,0,31,0,0,0,0,0,0,0,0,0,11518,0,0,0,0,0,0,0,0,0,38627,0,0,0,0,31,0,0,0,0,0,0,0,0,0,11518,0,0,0,0,0,0,0,0,0,38627,0,0,0,0,31,0,0,0,0,0,0,0,0,0,11518,0,0,0,0,0,0,0,0,0,TCGA-OL-A5D7-DX1_xmin114443_ymin22490_MPP-0.2500+41
0,0,0,699,0,0,0,0,0,0,0,0,0,0,0,1616,0,0,47861,0,0,0,0,0,0,0,0,0,699,0,0,0,0,0,0,0,0,0,0,0,2032,0,0,47445,0,0,0,0,0,0,0,0,0,699,0,0,0,0,0,0,0,0,0,0,0,1456,0,0,48021,0,0,0,0,0,0,TCGA-OL-A5D7-DX1_xmin114443_ymin22490_MPP-0.2500+42
0,0,0,0,0,0,0,0,0,0,0,0,0,0,0,0,0,0,50176,0,0,0,0,0,0,0,0,0,0,0,0,0,0,0,0,0,0,0,0,0,0,0,0,50176,0,0,0,0,0,0,0,0,0,0,0,0,0,0,0,0,0,0,0,0,0,0,0,0,50176,0,0,0,0,0,0,TCGA-OL-A5D7-DX1_xmin114443_ymin22490_MPP-0.2500+43
0,0,0,141,0,0,0,0,2806,0,0,0,0,0,0,736,0,0,46493,0,0,0,0,0,0,0,0,0,141,0,0,0,0,2806,0,0,0,0,0,0,992,0,0,46237,0,0,0,0,0,0,0,0,0,141,0,0,0,0,2806,0,0,0,0,0,0,736,0,0,46493,0,0,0,0,0,0,TCGA-OL-A5D7-DX1_xmin114443_ymin22490_MPP-0.2500+44
0,0,0,9170,0,0,0,0,7089,0,0,0,0,0,0,0,0,0,33917,0,0,0,0,0,0,0,0,0,9170,0,0,0,0,7089,0,0,0,0,0,0,64,0,0,33853,0,0,0,0,0,0,0,0,0,9170,0,0,0,0,7089,0,0,0,0,0,0,0,0,0,33917,0,0,0,0,0,0,TCGA-OL-A5D7-DX1_xmin114443_ymin22490_MPP-0.2500+45
37876,0,0,0,0,5281,0,0,0,0,0,0,0,0,0,7019,0,0,0,0,0,0,0,0,0,37876,0,0,0,0,5281,0,0,0,0,0,0,0,0,0,7019,0,0,0,0,0,0,0,0,0,37876,0,0,0,0,5281,0,0,0,0,0,0,0,0,0,7019,0,0,0,0,0,0,0,0,0,TCGA-OL-A5D7-DX1_xmin114443_ymin22490_MPP-0.2500+46
50176,0,0,0,0,0,0,0,0,0,0,0,0,0,0,0,0,0,0,0,0,0,0,0,0,50176,0,0,0,0,0,0,0,0,0,0,0,0,0,0,0,0,0,0,0,0,0,0,0,0,50176,0,0,0,0,0,0,0,0,0,0,0,0,0,0,0,0,0,0,0,0,0,0,0,0,TCGA-OL-A5D7-DX1_xmin114443_ymin22490_MPP-0.2500+47
50176,0,0,0,0,0,0,0,0,0,0,0,0,0,0,0,0,0,0,0,0,0,0,0,0,50176,0,0,0,0,0,0,0,0,0,0,0,0,0,0,0,0,0,0,0,0,0,0,0,0,50176,0,0,0,0,0,0,0,0,0,0,0,0,0,0,0,0,0,0,0,0,0,0,0,0,TCGA-OL-A5D7-DX1_xmin114443_ymin22490_MPP-0.2500+48
50176,0,0,0,0,0,0,0,0,0,0,0,0,0,0,0,0,0,0,0,0,0,0,0,0,50176,0,0,0,0,0,0,0,0,0,0,0,0,0,0,0,0,0,0,0,0,0,0,0,0,50176,0,0,0,0,0,0,0,0,0,0,0,0,0,0,0,0,0,0,0,0,0,0,0,0,TCGA-OL-A5D7-DX1_xmin114443_ymin22490_MPP-0.2500+49
0,0,0,0,0,10419,21400,0,0,0,0,0,0,0,0,12373,5971,0,0,0,0,0,0,0,13,0,0,0,0,0,10284,21535,0,0,0,0,0,0,0,0,12341,6003,0,0,0,0,0,0,0,13,0,0,0,0,0,10839,20980,0,0,0,0,0,0,0,0,12445,5899,0,0,0,0,0,0,0,13,TCGA-OL-A5D7-DX1_xmin114443_ymin22490_MPP-0.2500+5
50176,0,0,0,0,0,0,0,0,0,0,0,0,0,0,0,0,0,0,0,0,0,0,0,0,50176,0,0,0,0,0,0,0,0,0,0,0,0,0,0,0,0,0,0,0,0,0,0,0,0,50176,0,0,0,0,0,0,0,0,0,0,0,0,0,0,0,0,0,0,0,0,0,0,0,0,TCGA-OL-A5D7-DX1_xmin114443_ymin22490_MPP-0.2500+50
0,41817,8359,0,0,0,0,0,0,0,0,0,0,0,0,0,0,0,0,0,0,0,0,0,0,0,40886,9290,0,0,0,0,0,0,0,0,0,0,0,0,0,0,0,0,0,0,0,0,0,0,0,42046,8130,0,0,0,0,0,0,0,0,0,0,0,0,0,0,0,0,0,0,0,0,0,0,TCGA-OL-A5D7-DX1_xmin114443_ymin22490_MPP-0.2500+51
0,0,0,0,0,0,21361,2899,0,0,0,19564,6352,0,0,0,0,0,0,0,0,0,0,0,0,0,0,0,0,0,0,21442,2818,0,0,0,19654,6262,0,0,0,0,0,0,0,0,0,0,0,0,0,0,0,0,0,0,21541,2719,0,0,0,19562,6354,0,0,0,0,0,0,0,0,0,0,0,0,TCGA-OL-A5D7-DX1_xmin114443_ymin22490_MPP-0.2500+52
0,0,0,0,0,0,4376,0,0,0,864,44936,0,0,0,0,0,0,0,0,0,0,0,0,0,0,0,0,0,0,0,4376,0,0,0,128,45672,0,0,0,0,0,0,0,0,0,0,0,0,0,0,0,0,0,0,0,4376,0,0,0,32,45768,0,0,0,0,0,0,0,0,0,0,0,0,0,TCGA-OL-A5D7-DX1_xmin114443_ymin22490_MPP-0.2500+53
27195,0,0,0,0,6969,0,0,0,0,16012,0,0,0,0,0,0,0,0,0,0,0,0,0,0,27195,0,0,0,0,6969,0,0,0,0,16012,0,0,0,0,0,0,0,0,0,0,0,0,0,0,27195,0,0,0,0,6969,0,0,0,0,16012,0,0,0,0,0,0,0,0,0,0,0,0,0,0,TCGA-OL-A5D7-DX1_xmin114443_ymin22490_MPP-0.2500+54
45797,0,0,0,0,4112,0,0,0,0,267,0,0,0,0,0,0,0,0,0,0,0,0,0,0,45797,0,0,0,0,4112,0,0,0,0,267,0,0,0,0,0,0,0,0,0,0,0,0,0,0,45797,0,0,0,0,4112,0,0,0,0,267,0,0,0,0,0,0,0,0,0,0,0,0,0,0,TCGA-OL-A5D7-DX1_xmin114443_ymin22490_MPP-0.2500+55
10020,0,0,579,0,4165,0,0,712,0,0,0,0,0,0,23001,0,0,11699,0,0,0,0,0,0,9917,0,0,682,0,3843,0,0,1034,0,0,0,0,0,0,16873,0,0,17827,0,0,0,0,0,0,10043,0,0,556,0,4223,0,0,654,0,0,0,0,0,0,24049,0,0,10651,0,0,0,0,0,0,TCGA-OL-A5D7-DX1_xmin114443_ymin22490_MPP-0.2500+56
0,0,0,10,0,0,0,0,26,0,0,0,0,0,0,128,0,0,50012,0,0,0,0,0,0,0,0,0,10,0,0,0,0,26,0,0,0,0,0,0,64,0,0,50076,0,0,0,0,0,0,0,0,0,10,0,0,0,0,26,0,0,0,0,0,0,128,0,0,50012,0,0,0,0,0,0,TCGA-OL-A5D7-DX1_xmin114443_ymin22490_MPP-0.2500+57
11745,0,0,1113,0,443,0,0,668,0,0,0,0,0,0,834,0,0,35373,0,0,0,0,0,0,11843,0,0,1015,0,601,0,0,510,0,0,0,0,0,0,1030,0,0,35177,0,0,0,0,0,0,11801,0,0,1057,0,483,0,0,628,0,0,0,0,0,0,854,0,0,35353,0,0,0,0,0,0,TCGA-OL-A5D7-DX1_xmin114443_ymin22490_MPP-0.2500+58
29871,0,0,8952,0,475,0,0,3853,0,0,0,0,0,0,0,0,0,7025,0,0,0,0,0,0,29074,0,0,9749,0,445,0,0,3883,0,0,0,0,0,0,0,0,0,7025,0,0,0,0,0,0,30138,0,0,8685,0,453,0,0,3875,0,0,0,0,0,0,0,0,0,7025,0,0,0,0,0,0,TCGA-OL-A5D7-DX1_xmin114443_ymin22490_MPP-0.2500+59
44238,0,0,0,0,5816,0,0,0,0,0,0,0,0,0,122,0,0,0,0,0,0,0,0,0,44238,0,0,0,0,5816,0,0,0,0,0,0,0,0,0,122,0,0,0,0,0,0,0,0,0,44238,0,0,0,0,5816,0,0,0,0,0,0,0,0,0,122,0,0,0,0,0,0,0,0,0,TCGA-OL-A5D7-DX1_xmin114443_ymin22490_MPP-0.2500+6
50176,0,0,0,0,0,0,0,0,0,0,0,0,0,0,0,0,0,0,0,0,0,0,0,0,50176,0,0,0,0,0,0,0,0,0,0,0,0,0,0,0,0,0,0,0,0,0,0,0,0,50176,0,0,0,0,0,0,0,0,0,0,0,0,0,0,0,0,0,0,0,0,0,0,0,0,TCGA-OL-A5D7-DX1_xmin114443_ymin22490_MPP-0.2500+60
50176,0,0,0,0,0,0,0,0,0,0,0,0,0,0,0,0,0,0,0,0,0,0,0,0,50176,0,0,0,0,0,0,0,0,0,0,0,0,0,0,0,0,0,0,0,0,0,0,0,0,50176,0,0,0,0,0,0,0,0,0,0,0,0,0,0,0,0,0,0,0,0,0,0,0,0,TCGA-OL-A5D7-DX1_xmin114443_ymin22490_MPP-0.2500+61
50176,0,0,0,0,0,0,0,0,0,0,0,0,0,0,0,0,0,0,0,0,0,0,0,0,50176,0,0,0,0,0,0,0,0,0,0,0,0,0,0,0,0,0,0,0,0,0,0,0,0,50176,0,0,0,0,0,0,0,0,0,0,0,0,0,0,0,0,0,0,0,0,0,0,0,0,TCGA-OL-A5D7-DX1_xmin114443_ymin22490_MPP-0.2500+62
50176,0,0,0,0,0,0,0,0,0,0,0,0,0,0,0,0,0,0,0,0,0,0,0,0,50176,0,0,0,0,0,0,0,0,0,0,0,0,0,0,0,0,0,0,0,0,0,0,0,0,50176,0,0,0,0,0,0,0,0,0,0,0,0,0,0,0,0,0,0,0,0,0,0,0,0,TCGA-OL-A5D7-DX1_xmin114443_ymin22490_MPP-0.2500+63
50176,0,0,0,0,0,0,0,0,0,0,0,0,0,0,0,0,0,0,0,0,0,0,0,0,50176,0,0,0,0,0,0,0,0,0,0,0,0,0,0,0,0,0,0,0,0,0,0,0,0,50176,0,0,0,0,0,0,0,0,0,0,0,0,0,0,0,0,0,0,0,0,0,0,0,0,TCGA-OL-A5D7-DX1_xmin114443_ymin22490_MPP-0.2500+64
50176,0,0,0,0,0,0,0,0,0,0,0,0,0,0,0,0,0,0,0,0,0,0,0,0,50176,0,0,0,0,0,0,0,0,0,0,0,0,0,0,0,0,0,0,0,0,0,0,0,0,50176,0,0,0,0,0,0,0,0,0,0,0,0,0,0,0,0,0,0,0,0,0,0,0,0,TCGA-OL-A5D7-DX1_xmin114443_ymin22490_MPP-0.2500+65
50176,0,0,0,0,0,0,0,0,0,0,0,0,0,0,0,0,0,0,0,0,0,0,0,0,50176,0,0,0,0,0,0,0,0,0,0,0,0,0,0,0,0,0,0,0,0,0,0,0,0,50176,0,0,0,0,0,0,0,0,0,0,0,0,0,0,0,0,0,0,0,0,0,0,0,0,TCGA-OL-A5D7-DX1_xmin114443_ymin22490_MPP-0.2500+66
45432,4744,0,0,0,0,0,0,0,0,0,0,0,0,0,0,0,0,0,0,0,0,0,0,0,45060,5116,0,0,0,0,0,0,0,0,0,0,0,0,0,0,0,0,0,0,0,0,0,0,0,44851,5325,0,0,0,0,0,0,0,0,0,0,0,0,0,0,0,0,0,0,0,0,0,0,0,TCGA-OL-A5D7-DX1_xmin114443_ymin22490_MPP-0.2500+67
0,17695,0,0,0,0,5893,0,0,0,0,26588,0,0,0,0,0,0,0,0,0,0,0,0,0,0,17695,0,0,0,0,5893,0,0,0,0,26588,0,0,0,0,0,0,0,0,0,0,0,0,0,0,17695,0,0,0,0,5893,0,0,0,0,26588,0,0,0,0,0,0,0,0,0,0,0,0,0,TCGA-OL-A5D7-DX1_xmin114443_ymin22490_MPP-0.2500+68
0,0,0,0,0,0,12659,0,0,0,0,37517,0,0,0,0,0,0,0,0,0,0,0,0,0,0,0,0,0,0,0,12659,0,0,0,96,37421,0,0,0,0,0,0,0,0,0,0,0,0,0,0,0,0,0,0,0,12156,503,0,0,0,23557,13960,0,0,0,0,0,0,0,0,0,0,0,0,TCGA-OL-A5D7-DX1_xmin114443_ymin22490_MPP-0.2500+69
42419,6888,0,0,0,0,869,0,0,0,0,0,0,0,0,0,0,0,0,0,0,0,0,0,0,42324,6983,0,0,0,0,869,0,0,0,0,0,0,0,0,0,0,0,0,0,0,0,0,0,0,42323,6984,0,0,0,0,869,0,0,0,0,0,0,0,0,0,0,0,0,0,0,0,0,0,0,TCGA-OL-A5D7-DX1_xmin114443_ymin22490_MPP-0.2500+7
0,0,0,0,0,142,0,2487,0,0,770,0,46777,0,0,0,0,0,0,0,0,0,0,0,0,0,0,0,0,0,0,673,1956,0,0,0,11874,35673,0,0,0,0,0,0,0,0,0,0,0,0,0,0,0,0,0,228,0,2401,0,0,1100,0,46447,0,0,0,0,0,0,0,0,0,0,0,0,TCGA-OL-A5D7-DX1_xmin114443_ymin22490_MPP-0.2500+70
5467,0,0,0,0,0,0,0,0,0,44709,0,0,0,0,0,0,0,0,0,0,0,0,0,0,5467,0,0,0,0,0,0,0,0,0,44709,0,0,0,0,0,0,0,0,0,0,0,0,0,0,5467,0,0,0,0,0,0,0,0,0,44709,0,0,0,0,0,0,0,0,0,0,0,0,0,0,TCGA-OL-A5D7-DX1_xmin114443_ymin22490_MPP-0.2500+71
0,0,0,0,0,0,0,0,0,0,1696,0,48480,0,0,0,0,0,0,0,0,0,0,0,0,0,0,0,0,0,0,0,0,0,0,1904,0,48272,0,0,0,0,0,0,0,0,0,0,0,0,0,0,0,0,0,0,0,0,0,0,1760,0,48416,0,0,0,0,0,0,0,0,0,0,0,0,TCGA-OL-A5D7-DX1_xmin114443_ymin22490_MPP-0.2500+72
8967,0,0,0,0,7290,0,0,0,0,33919,0,0,0,0,0,0,0,0,0,0,0,0,0,0,8967,0,0,0,0,7290,0,0,0,0,33919,0,0,0,0,0,0,0,0,0,0,0,0,0,0,8967,0,0,0,0,7290,0,0,0,0,33919,0,0,0,0,0,0,0,0,0,0,0,0,0,0,TCGA-OL-A5D7-DX1_xmin114443_ymin22490_MPP-0.2500+73
6264,0,0,0,0,4629,0,0,0,0,19383,0,0,0,0,19900,0,0,0,0,0,0,0,0,0,6264,0,0,0,0,4629,0,0,0,0,19383,0,0,0,0,19900,0,0,0,0,0,0,0,0,0,6264,0,0,0,0,4629,0,0,0,0,19383,0,0,0,0,19900,0,0,0,0,0,0,0,0,0,TCGA-OL-A5D7-DX1_xmin114443_ymin22490_MPP-0.2500+74
15825,0,0,0,0,5906,0,0,0,0,11351,0,0,0,0,17094,0,0,0,0,0,0,0,0,0,15825,0,0,0,0,5906,0,0,0,0,11351,0,0,0,0,17094,0,0,0,0,0,0,0,0,0,15825,0,0,0,0,5906,0,0,0,0,11351,0,0,0,0,17094,0,0,0,0,0,0,0,0,0,TCGA-OL-A5D7-DX1_xmin114443_ymin22490_MPP-0.2500+75
50176,0,0,0,0,0,0,0,0,0,0,0,0,0,0,0,0,0,0,0,0,0,0,0,0,50176,0,0,0,0,0,0,0,0,0,0,0,0,0,0,0,0,0,0,0,0,0,0,0,0,50176,0,0,0,0,0,0,0,0,0,0,0,0,0,0,0,0,0,0,0,0,0,0,0,0,TCGA-OL-A5D7-DX1_xmin114443_ymin22490_MPP-0.2500+76
50176,0,0,0,0,0,0,0,0,0,0,0,0,0,0,0,0,0,0,0,0,0,0,0,0,50176,0,0,0,0,0,0,0,0,0,0,0,0,0,0,0,0,0,0,0,0,0,0,0,0,50176,0,0,0,0,0,0,0,0,0,0,0,0,0,0,0,0,0,0,0,0,0,0,0,0,TCGA-OL-A5D7-DX1_xmin114443_ymin22490_MPP-0.2500+77
50176,0,0,0,0,0,0,0,0,0,0,0,0,0,0,0,0,0,0,0,0,0,0,0,0,50176,0,0,0,0,0,0,0,0,0,0,0,0,0,0,0,0,0,0,0,0,0,0,0,0,50176,0,0,0,0,0,0,0,0,0,0,0,0,0,0,0,0,0,0,0,0,0,0,0,0,TCGA-OL-A5D7-DX1_xmin114443_ymin22490_MPP-0.2500+78
50176,0,0,0,0,0,0,0,0,0,0,0,0,0,0,0,0,0,0,0,0,0,0,0,0,50176,0,0,0,0,0,0,0,0,0,0,0,0,0,0,0,0,0,0,0,0,0,0,0,0,50176,0,0,0,0,0,0,0,0,0,0,0,0,0,0,0,0,0,0,0,0,0,0,0,0,TCGA-OL-A5D7-DX1_xmin114443_ymin22490_MPP-0.2500+79
0,43839,0,0,0,0,6337,0,0,0,0,0,0,0,0,0,0,0,0,0,0,0,0,0,0,0,43839,0,0,0,0,6337,0,0,0,0,0,0,0,0,0,0,0,0,0,0,0,0,0,0,0,43839,0,0,0,0,6337,0,0,0,0,0,0,0,0,0,0,0,0,0,0,0,0,0,0,TCGA-OL-A5D7-DX1_xmin114443_ymin22490_MPP-0.2500+8
50107,0,0,0,0,69,0,0,0,0,0,0,0,0,0,0,0,0,0,0,0,0,0,0,0,50107,0,0,0,0,69,0,0,0,0,0,0,0,0,0,0,0,0,0,0,0,0,0,0,0,50107,0,0,0,0,69,0,0,0,0,0,0,0,0,0,0,0,0,0,0,0,0,0,0,0,TCGA-OL-A5D7-DX1_xmin114443_ymin22490_MPP-0.2500+80
49933,0,0,0,0,243,0,0,0,0,0,0,0,0,0,0,0,0,0,0,0,0,0,0,0,49933,0,0,0,0,243,0,0,0,0,0,0,0,0,0,0,0,0,0,0,0,0,0,0,0,49933,0,0,0,0,243,0,0,0,0,0,0,0,0,0,0,0,0,0,0,0,0,0,0,0,TCGA-OL-A5D7-DX1_xmin114443_ymin22490_MPP-0.2500+81
50176,0,0,0,0,0,0,0,0,0,0,0,0,0,0,0,0,0,0,0,0,0,0,0,0,50176,0,0,0,0,0,0,0,0,0,0,0,0,0,0,0,0,0,0,0,0,0,0,0,0,50176,0,0,0,0,0,0,0,0,0,0,0,0,0,0,0,0,0,0,0,0,0,0,0,0,TCGA-OL-A5D7-DX1_xmin114443_ymin22490_MPP-0.2500+82
50176,0,0,0,0,0,0,0,0,0,0,0,0,0,0,0,0,0,0,0,0,0,0,0,0,50176,0,0,0,0,0,0,0,0,0,0,0,0,0,0,0,0,0,0,0,0,0,0,0,0,50176,0,0,0,0,0,0,0,0,0,0,0,0,0,0,0,0,0,0,0,0,0,0,0,0,TCGA-OL-A5D7-DX1_xmin114443_ymin22490_MPP-0.2500+83
50176,0,0,0,0,0,0,0,0,0,0,0,0,0,0,0,0,0,0,0,0,0,0,0,0,50176,0,0,0,0,0,0,0,0,0,0,0,0,0,0,0,0,0,0,0,0,0,0,0,0,50176,0,0,0,0,0,0,0,0,0,0,0,0,0,0,0,0,0,0,0,0,0,0,0,0,TCGA-OL-A5D7-DX1_xmin114443_ymin22490_MPP-0.2500+84
50176,0,0,0,0,0,0,0,0,0,0,0,0,0,0,0,0,0,0,0,0,0,0,0,0,50176,0,0,0,0,0,0,0,0,0,0,0,0,0,0,0,0,0,0,0,0,0,0,0,0,50176,0,0,0,0,0,0,0,0,0,0,0,0,0,0,0,0,0,0,0,0,0,0,0,0,TCGA-OL-A5D7-DX1_xmin114443_ymin22490_MPP-0.2500+85
50176,0,0,0,0,0,0,0,0,0,0,0,0,0,0,0,0,0,0,0,0,0,0,0,0,50176,0,0,0,0,0,0,0,0,0,0,0,0,0,0,0,0,0,0,0,0,0,0,0,0,50176,0,0,0,0,0,0,0,0,0,0,0,0,0,0,0,0,0,0,0,0,0,0,0,0,TCGA-OL-A5D7-DX1_xmin114443_ymin22490_MPP-0.2500+86
36282,0,0,0,0,8396,0,0,0,0,5498,0,0,0,0,0,0,0,0,0,0,0,0,0,0,36282,0,0,0,0,8396,0,0,0,0,5498,0,0,0,0,0,0,0,0,0,0,0,0,0,0,36282,0,0,0,0,8396,0,0,0,0,5498,0,0,0,0,0,0,0,0,0,0,0,0,0,0,TCGA-OL-A5D7-DX1_xmin114443_ymin22490_MPP-0.2500+87
0,350,0,0,0,0,47543,0,0,0,0,2283,0,0,0,0,0,0,0,0,0,0,0,0,0,0,350,0,0,0,0,47543,0,0,0,0,2283,0,0,0,0,0,0,0,0,0,0,0,0,0,0,350,0,0,0,0,47543,0,0,0,0,2283,0,0,0,0,0,0,0,0,0,0,0,0,0,TCGA-OL-A5D7-DX1_xmin114443_ymin22490_MPP-0.2500+88
0,0,0,0,0,1,45693,0,0,0,0,4482,0,0,0,0,0,0,0,0,0,0,0,0,0,0,0,0,0,0,0,45694,0,0,0,4,4478,0,0,0,0,0,0,0,0,0,0,0,0,0,0,0,0,0,0,0,45694,0,0,0,4,4478,0,0,0,0,0,0,0,0,0,0,0,0,0,TCGA-OL-A5D7-DX1_xmin114443_ymin22490_MPP-0.2500+89
50176,0,0,0,0,0,0,0,0,0,0,0,0,0,0,0,0,0,0,0,0,0,0,0,0,50176,0,0,0,0,0,0,0,0,0,0,0,0,0,0,0,0,0,0,0,0,0,0,0,0,50176,0,0,0,0,0,0,0,0,0,0,0,0,0,0,0,0,0,0,0,0,0,0,0,0,TCGA-OL-A5D7-DX1_xmin114443_ymin22490_MPP-0.2500+9
1464,0,0,0,0,654,20223,0,0,0,16609,11226,0,0,0,0,0,0,0,0,0,0,0,0,0,1464,0,0,0,0,624,20253,0,0,0,16628,11207,0,0,0,0,0,0,0,0,0,0,0,0,0,1464,0,0,0,0,799,20078,0,0,0,17096,10739,0,0,0,0,0,0,0,0,0,0,0,0,0,TCGA-OL-A5D7-DX1_xmin114443_ymin22490_MPP-0.2500+90
0,0,0,0,0,0,3139,0,0,0,3536,43501,0,0,0,0,0,0,0,0,0,0,0,0,0,0,0,0,0,0,0,3139,0,0,0,3408,43629,0,0,0,0,0,0,0,0,0,0,0,0,0,0,0,0,0,0,0,3139,0,0,0,4496,42541,0,0,0,0,0,0,0,0,0,0,0,0,0,TCGA-OL-A5D7-DX1_xmin114443_ymin22490_MPP-0.2500+91
0,0,0,0,0,0,6509,0,0,0,1600,42067,0,0,0,0,0,0,0,0,0,0,0,0,0,0,0,0,0,0,0,6509,0,0,0,1632,42035,0,0,0,0,0,0,0,0,0,0,0,0,0,0,0,0,0,0,0,6509,0,0,0,704,42963,0,0,0,0,0,0,0,0,0,0,0,0,0,TCGA-OL-A5D7-DX1_xmin114443_ymin22490_MPP-0.2500+92
0,0,0,0,0,0,2020,0,0,0,0,32097,16059,0,0,0,0,0,0,0,0,0,0,0,0,0,0,0,0,0,0,2020,0,0,0,0,33789,14367,0,0,0,0,0,0,0,0,0,0,0,0,0,0,0,0,0,0,2020,0,0,0,32,31138,16986,0,0,0,0,0,0,0,0,0,0,0,0,TCGA-OL-A5D7-DX1_xmin114443_ymin22490_MPP-0.2500+93
29824,0,0,0,0,2173,0,0,0,0,18179,0,0,0,0,0,0,0,0,0,0,0,0,0,0,29824,0,0,0,0,2173,0,0,0,0,18179,0,0,0,0,0,0,0,0,0,0,0,0,0,0,29824,0,0,0,0,2173,0,0,0,0,18179,0,0,0,0,0,0,0,0,0,0,0,0,0,0,TCGA-OL-A5D7-DX1_xmin114443_ymin22490_MPP-0.2500+94
50176,0,0,0,0,0,0,0,0,0,0,0,0,0,0,0,0,0,0,0,0,0,0,0,0,50176,0,0,0,0,0,0,0,0,0,0,0,0,0,0,0,0,0,0,0,0,0,0,0,0,50176,0,0,0,0,0,0,0,0,0,0,0,0,0,0,0,0,0,0,0,0,0,0,0,0,TCGA-OL-A5D7-DX1_xmin114443_ymin22490_MPP-0.2500+95
50054,0,0,0,0,122,0,0,0,0,0,0,0,0,0,0,0,0,0,0,0,0,0,0,0,50054,0,0,0,0,122,0,0,0,0,0,0,0,0,0,0,0,0,0,0,0,0,0,0,0,50054,0,0,0,0,122,0,0,0,0,0,0,0,0,0,0,0,0,0,0,0,0,0,0,0,TCGA-OL-A5D7-DX1_xmin114443_ymin22490_MPP-0.2500+96
34940,4769,0,0,0,0,10467,0,0,0,0,0,0,0,0,0,0,0,0,0,0,0,0,0,0,34974,4735,0,0,0,0,10467,0,0,0,0,0,0,0,0,0,0,0,0,0,0,0,0,0,0,35005,4704,0,0,0,0,10467,0,0,0,0,0,0,0,0,0,0,0,0,0,0,0,0,0,0,TCGA-OL-A5D7-DX1_xmin114443_ymin22490_MPP-0.2500+97
40876,2005,0,0,0,1390,5905,0,0,0,0,0,0,0,0,0,0,0,0,0,0,0,0,0,0,40854,2027,0,0,0,1372,5923,0,0,0,0,0,0,0,0,0,0,0,0,0,0,0,0,0,0,40815,2066,0,0,0,1434,5861,0,0,0,0,0,0,0,0,0,0,0,0,0,0,0,0,0,0,TCGA-OL-A5D7-DX1_xmin114443_ymin22490_MPP-0.2500+98
36901,9096,0,0,0,244,3935,0,0,0,0,0,0,0,0,0,0,0,0,0,0,0,0,0,0,45997,0,0,0,0,4179,0,0,0,0,0,0,0,0,0,0,0,0,0,0,0,0,0,0,0,36815,9182,0,0,0,249,3930,0,0,0,0,0,0,0,0,0,0,0,0,0,0,0,0,0,0,TCGA-OL-A5D7-DX1_xmin114443_ymin22490_MPP-0.2500+99
0,0,0,0,0,5424,0,0,6952,0,0,0,0,0,0,0,0,0,37800,0,0,0,0,0,0,0,0,0,0,0,6576,0,0,5800,0,0,0,0,0,0,0,0,0,37800,0,0,0,0,0,0,0,0,0,0,0,5616,0,0,6760,0,0,0,0,0,0,0,0,0,37800,0,0,0,0,0,0,TCGA-OL-A5RW-DX1_xmin5772_ymin6839_MPP-0.2500+0
0,0,0,0,0,0,28283,0,307,0,0,0,0,0,0,0,4230,0,17356,0,0,0,0,0,0,0,0,0,0,0,0,28451,0,139,0,0,0,0,0,0,0,5899,0,15687,0,0,0,0,0,0,0,0,0,0,0,0,28336,0,254,0,0,0,0,0,0,0,4448,0,17138,0,0,0,0,0,0,TCGA-OL-A5RW-DX1_xmin5772_ymin6839_MPP-0.2500+1
17278,5568,0,0,0,3982,23348,0,0,0,0,0,0,0,0,0,0,0,0,0,0,0,0,0,0,18048,4798,0,0,0,5221,22109,0,0,0,0,0,0,0,0,0,0,0,0,0,0,0,0,0,0,16961,5885,0,0,0,4213,23117,0,0,0,0,0,0,0,0,0,0,0,0,0,0,0,0,0,0,TCGA-OL-A5RW-DX1_xmin5772_ymin6839_MPP-0.2500+10
11121,13200,0,0,0,2433,23422,0,0,0,0,0,0,0,0,0,0,0,0,0,0,0,0,0,0,12072,12249,0,0,0,3740,22115,0,0,0,0,0,0,0,0,0,0,0,0,0,0,0,0,0,0,11959,12362,0,0,0,3738,22117,0,0,0,0,0,0,0,0,0,0,0,0,0,0,0,0,0,0,TCGA-OL-A5RW-DX1_xmin5772_ymin6839_MPP-0.2500+11
0,0,0,0,0,720,0,0,2624,0,0,0,0,0,0,0,0,0,46832,0,0,0,0,0,0,0,0,0,0,0,944,0,0,2400,0,0,0,0,0,0,0,0,0,46832,0,0,0,0,0,0,0,0,0,0,0,720,0,0,2624,0,0,0,0,0,0,0,0,0,46832,0,0,0,0,0,0,TCGA-OL-A5RW-DX1_xmin5772_ymin6839_MPP-0.2500+2
0,0,0,167,0,2949,0,0,9644,0,0,0,0,0,0,635,0,0,36781,0,0,0,0,0,0,0,0,0,167,0,3621,0,0,8972,0,0,0,0,0,0,795,0,0,36621,0,0,0,0,0,0,0,0,0,167,0,3461,0,0,9132,0,0,0,0,0,0,571,0,0,36845,0,0,0,0,0,0,TCGA-OL-A5RW-DX1_xmin5772_ymin6839_MPP-0.2500+3
3635,372,0,839,0,531,31768,0,1893,0,0,0,0,0,0,62,3729,0,7347,0,0,0,0,0,0,3366,262,0,1218,0,524,31945,0,1723,0,0,0,0,0,0,12,4266,0,6860,0,0,0,0,0,0,3652,376,0,818,0,539,31842,0,1811,0,0,0,0,0,0,88,3983,0,7067,0,0,0,0,0,0,TCGA-OL-A5RW-DX1_xmin5772_ymin6839_MPP-0.2500+4
0,0,0,0,0,0,0,0,3369,0,0,0,0,0,0,0,0,0,46807,0,0,0,0,0,0,0,0,0,0,0,0,0,0,3369,0,0,0,0,0,0,0,0,0,46807,0,0,0,0,0,0,0,0,0,0,0,0,0,0,3369,0,0,0,0,0,0,0,0,0,46807,0,0,0,0,0,0,TCGA-OL-A5RW-DX1_xmin5772_ymin6839_MPP-0.2500+5
12578,6643,0,0,0,3485,26143,0,0,0,0,0,0,0,0,1301,26,0,0,0,0,0,0,0,0,12448,6773,0,0,0,3308,26320,0,0,0,0,0,0,0,0,1295,32,0,0,0,0,0,0,0,0,12353,6868,0,0,0,3059,26569,0,0,0,0,0,0,0,0,1291,36,0,0,0,0,0,0,0,0,TCGA-OL-A5RW-DX1_xmin5772_ymin6839_MPP-0.2500+6
18928,4524,0,0,0,1143,25519,0,0,0,0,0,0,0,0,32,30,0,0,0,0,0,0,0,0,19017,4435,0,0,0,1027,25635,0,0,0,0,0,0,0,0,28,34,0,0,0,0,0,0,0,0,18866,4586,0,0,0,1120,25542,0,0,0,0,0,0,0,0,20,42,0,0,0,0,0,0,0,0,TCGA-OL-A5RW-DX1_xmin5772_ymin6839_MPP-0.2500+7
17957,4397,0,0,0,11256,14074,0,0,0,0,0,0,0,0,1889,603,0,0,0,0,0,0,0,0,18012,4342,0,0,0,11093,14237,0,0,0,0,0,0,0,0,1733,759,0,0,0,0,0,0,0,0,17881,4473,0,0,0,11050,14280,0,0,0,0,0,0,0,0,1677,815,0,0,0,0,0,0,0,0,TCGA-OL-A5RW-DX1_xmin5772_ymin6839_MPP-0.2500+8
16865,3118,0,0,0,1573,28620,0,0,0,0,0,0,0,0,0,0,0,0,0,0,0,0,0,0,16726,3257,0,0,0,1855,28338,0,0,0,0,0,0,0,0,0,0,0,0,0,0,0,0,0,0,16894,3089,0,0,0,1742,28451,0,0,0,0,0,0,0,0,0,0,0,0,0,0,0,0,0,0,TCGA-OL-A5RW-DX1_xmin5772_ymin6839_MPP-0.2500+9
0,0,0,0,0,0,48294,0,0,0,0,1882,0,0,0,0,0,0,0,0,0,0,0,0,0,0,0,0,0,0,0,48294,0,0,0,0,1882,0,0,0,0,0,0,0,0,0,0,0,0,0,0,0,0,0,0,0,48294,0,0,0,0,1882,0,0,0,0,0,0,0,0,0,0,0,0,0,TCGA-OL-A66I-DX1_xmin38433_ymin22957_MPP-0.2500+0
0,0,0,0,0,0,47120,0,0,0,0,3056,0,0,0,0,0,0,0,0,0,0,0,0,0,0,0,0,0,0,0,47120,0,0,0,0,3056,0,0,0,0,0,0,0,0,0,0,0,0,0,0,0,0,0,0,0,47120,0,0,0,0,3056,0,0,0,0,0,0,0,0,0,0,0,0,0,TCGA-OL-A66I-DX1_xmin38433_ymin22957_MPP-0.2500+1
0,0,0,0,0,0,50176,0,0,0,0,0,0,0,0,0,0,0,0,0,0,0,0,0,0,0,0,0,0,0,0,50176,0,0,0,0,0,0,0,0,0,0,0,0,0,0,0,0,0,0,0,0,0,0,0,0,50176,0,0,0,0,0,0,0,0,0,0,0,0,0,0,0,0,0,0,TCGA-OL-A66I-DX1_xmin38433_ymin22957_MPP-0.2500+10
0,0,0,0,0,0,50176,0,0,0,0,0,0,0,0,0,0,0,0,0,0,0,0,0,0,0,0,0,0,0,0,50176,0,0,0,0,0,0,0,0,0,0,0,0,0,0,0,0,0,0,0,0,0,0,0,0,50176,0,0,0,0,0,0,0,0,0,0,0,0,0,0,0,0,0,0,TCGA-OL-A66I-DX1_xmin38433_ymin22957_MPP-0.2500+11
0,0,0,0,0,0,42855,3201,0,0,0,3210,910,0,0,0,0,0,0,0,0,0,0,0,0,0,0,0,0,0,0,42511,3545,0,0,0,3270,850,0,0,0,0,0,0,0,0,0,0,0,0,0,0,0,0,0,0,43058,2998,0,0,0,3280,840,0,0,0,0,0,0,0,0,0,0,0,0,TCGA-OL-A66I-DX1_xmin38433_ymin22957_MPP-0.2500+12
0,0,0,0,0,0,18742,81,0,0,0,20409,10944,0,0,0,0,0,0,0,0,0,0,0,0,0,0,0,0,0,0,18758,65,0,0,0,20011,11342,0,0,0,0,0,0,0,0,0,0,0,0,0,0,0,0,0,0,18730,93,0,0,0,19388,11965,0,0,0,0,0,0,0,0,0,0,0,0,TCGA-OL-A66I-DX1_xmin38433_ymin22957_MPP-0.2500+13
0,0,0,0,0,0,8898,1267,0,0,0,14438,25573,0,0,0,0,0,0,0,0,0,0,0,0,0,0,0,0,0,0,8862,1303,0,0,0,12810,27201,0,0,0,0,0,0,0,0,0,0,0,0,0,0,0,0,0,0,8981,1184,0,0,0,14294,25717,0,0,0,0,0,0,0,0,0,0,0,0,TCGA-OL-A66I-DX1_xmin38433_ymin22957_MPP-0.2500+14
0,0,0,0,0,0,34793,0,0,0,0,15383,0,0,0,0,0,0,0,0,0,0,0,0,0,0,0,0,0,0,0,32606,2187,0,0,0,5961,9422,0,0,0,0,0,0,0,0,0,0,0,0,0,0,0,0,0,0,32497,2296,0,0,0,5695,9688,0,0,0,0,0,0,0,0,0,0,0,0,TCGA-OL-A66I-DX1_xmin38433_ymin22957_MPP-0.2500+15
0,0,0,0,0,0,45831,0,0,0,0,4345,0,0,0,0,0,0,0,0,0,0,0,0,0,0,0,0,0,0,0,45831,0,0,0,0,4345,0,0,0,0,0,0,0,0,0,0,0,0,0,0,0,0,0,0,0,45831,0,0,0,0,4345,0,0,0,0,0,0,0,0,0,0,0,0,0,TCGA-OL-A66I-DX1_xmin38433_ymin22957_MPP-0.2500+16
0,0,0,0,0,0,43593,0,0,0,0,6583,0,0,0,0,0,0,0,0,0,0,0,0,0,0,0,0,0,0,0,43593,0,0,0,0,6583,0,0,0,0,0,0,0,0,0,0,0,0,0,0,0,0,0,0,0,43593,0,0,0,0,6583,0,0,0,0,0,0,0,0,0,0,0,0,0,TCGA-OL-A66I-DX1_xmin38433_ymin22957_MPP-0.2500+17
0,0,0,0,0,0,11282,452,0,0,0,23904,14538,0,0,0,0,0,0,0,0,0,0,0,0,0,0,0,0,0,0,11289,445,0,0,0,21878,16564,0,0,0,0,0,0,0,0,0,0,0,0,0,0,0,0,0,0,11282,452,0,0,0,22814,15628,0,0,0,0,0,0,0,0,0,0,0,0,TCGA-OL-A66I-DX1_xmin38433_ymin22957_MPP-0.2500+18
0,1674,0,0,0,0,14073,2631,0,0,0,3638,28160,0,0,0,0,0,0,0,0,0,0,0,0,0,1674,0,0,0,0,13964,2740,0,0,0,3408,28390,0,0,0,0,0,0,0,0,0,0,0,0,0,1674,0,0,0,0,13582,3122,0,0,0,3528,28270,0,0,0,0,0,0,0,0,0,0,0,0,TCGA-OL-A66I-DX1_xmin38433_ymin22957_MPP-0.2500+19
0,0,0,0,0,0,42627,0,0,0,0,7549,0,0,0,0,0,0,0,0,0,0,0,0,0,0,0,0,0,0,0,42627,0,0,0,0,7549,0,0,0,0,0,0,0,0,0,0,0,0,0,0,0,0,0,0,0,42627,0,0,0,0,7549,0,0,0,0,0,0,0,0,0,0,0,0,0,TCGA-OL-A66I-DX1_xmin38433_ymin22957_MPP-0.2500+2
0,2567,471,0,0,0,2677,2289,0,0,0,20028,22144,0,0,0,0,0,0,0,0,0,0,0,0,0,2592,446,0,0,0,2668,2298,0,0,0,18423,23749,0,0,0,0,0,0,0,0,0,0,0,0,0,2660,378,0,0,0,2680,2286,0,0,0,18181,23991,0,0,0,0,0,0,0,0,0,0,0,0,TCGA-OL-A66I-DX1_xmin38433_ymin22957_MPP-0.2500+20
4274,8998,0,0,0,3612,18003,0,0,0,2251,13038,0,0,0,0,0,0,0,0,0,0,0,0,0,5255,8017,0,0,0,4438,17177,0,0,0,2639,12650,0,0,0,0,0,0,0,0,0,0,0,0,0,6543,6729,0,0,0,4713,16902,0,0,0,2337,12952,0,0,0,0,0,0,0,0,0,0,0,0,0,TCGA-OL-A66I-DX1_xmin38433_ymin22957_MPP-0.2500+21
0,0,0,0,0,0,28471,3167,0,0,0,2349,16189,0,0,0,0,0,0,0,0,0,0,0,0,0,0,0,0,0,0,28526,3112,0,0,0,2389,16149,0,0,0,0,0,0,0,0,0,0,0,0,0,0,0,0,0,0,27971,3667,0,0,0,2131,16407,0,0,0,0,0,0,0,0,0,0,0,0,TCGA-OL-A66I-DX1_xmin38433_ymin22957_MPP-0.2500+22
0,718,0,0,0,0,45764,0,0,0,0,3694,0,0,0,0,0,0,0,0,0,0,0,0,0,0,718,0,0,0,0,45764,0,0,0,0,3694,0,0,0,0,0,0,0,0,0,0,0,0,0,0,718,0,0,0,0,45764,0,0,0,0,3694,0,0,0,0,0,0,0,0,0,0,0,0,0,TCGA-OL-A66I-DX1_xmin38433_ymin22957_MPP-0.2500+23
5680,829,0,0,0,9658,30347,0,0,0,1428,2234,0,0,0,0,0,0,0,0,0,0,0,0,0,5702,807,0,0,0,9842,30163,0,0,0,1525,2137,0,0,0,0,0,0,0,0,0,0,0,0,0,5719,790,0,0,0,9854,30151,0,0,0,1361,2301,0,0,0,0,0,0,0,0,0,0,0,0,0,TCGA-OL-A66I-DX1_xmin38433_ymin22957_MPP-0.2500+24
25072,5790,0,0,0,620,11559,0,0,0,65,7070,0,0,0,0,0,0,0,0,0,0,0,0,0,24908,5954,0,0,0,585,11594,0,0,0,114,7021,0,0,0,0,0,0,0,0,0,0,0,0,0,25515,5347,0,0,0,728,11451,0,0,0,49,7086,0,0,0,0,0,0,0,0,0,0,0,0,0,TCGA-OL-A66I-DX1_xmin38433_ymin22957_MPP-0.2500+25
22073,26368,0,0,0,81,1654,0,0,0,0,0,0,0,0,0,0,0,0,0,0,0,0,0,0,21764,26677,0,0,0,81,1654,0,0,0,0,0,0,0,0,0,0,0,0,0,0,0,0,0,0,23096,25345,0,0,0,81,1654,0,0,0,0,0,0,0,0,0,0,0,0,0,0,0,0,0,0,TCGA-OL-A66I-DX1_xmin38433_ymin22957_MPP-0.2500+26
10972,33629,0,0,0,0,4506,0,0,0,0,1069,0,0,0,0,0,0,0,0,0,0,0,0,0,9259,35342,0,0,0,0,4506,0,0,0,0,1069,0,0,0,0,0,0,0,0,0,0,0,0,0,13782,30819,0,0,0,0,4506,0,0,0,0,1069,0,0,0,0,0,0,0,0,0,0,0,0,0,TCGA-OL-A66I-DX1_xmin38433_ymin22957_MPP-0.2500+27
44485,0,0,0,0,4304,0,0,0,0,1387,0,0,0,0,0,0,0,0,0,0,0,0,0,0,44485,0,0,0,0,4304,0,0,0,0,1387,0,0,0,0,0,0,0,0,0,0,0,0,0,0,44485,0,0,0,0,4304,0,0,0,0,1387,0,0,0,0,0,0,0,0,0,0,0,0,0,0,TCGA-OL-A66I-DX1_xmin38433_ymin22957_MPP-0.2500+28
0,619,209,0,0,0,14881,3300,0,0,0,11776,17309,0,0,0,0,0,0,0,0,0,0,0,2082,0,619,209,0,0,0,14991,3190,0,0,0,12254,16831,0,0,0,0,0,0,0,0,0,0,0,2082,0,619,209,0,0,0,14561,3620,0,0,0,10561,18524,0,0,0,0,0,0,0,0,0,0,0,2082,TCGA-OL-A66I-DX1_xmin38433_ymin22957_MPP-0.2500+29
0,0,0,0,0,0,50176,0,0,0,0,0,0,0,0,0,0,0,0,0,0,0,0,0,0,0,0,0,0,0,0,50176,0,0,0,0,0,0,0,0,0,0,0,0,0,0,0,0,0,0,0,0,0,0,0,0,50176,0,0,0,0,0,0,0,0,0,0,0,0,0,0,0,0,0,0,TCGA-OL-A66I-DX1_xmin38433_ymin22957_MPP-0.2500+3
0,0,0,0,0,0,21880,1368,0,0,0,19286,6757,0,0,0,0,0,0,0,0,0,0,0,885,0,0,0,0,0,0,21708,1540,0,0,0,18693,7350,0,0,0,0,0,0,0,0,0,0,0,885,0,0,0,0,0,0,21974,1274,0,0,0,19316,6727,0,0,0,0,0,0,0,0,0,0,0,885,TCGA-OL-A66I-DX1_xmin38433_ymin22957_MPP-0.2500+30
22699,27477,0,0,0,0,0,0,0,0,0,0,0,0,0,0,0,0,0,0,0,0,0,0,0,22644,27532,0,0,0,0,0,0,0,0,0,0,0,0,0,0,0,0,0,0,0,0,0,0,0,23340,26836,0,0,0,0,0,0,0,0,0,0,0,0,0,0,0,0,0,0,0,0,0,0,0,TCGA-OL-A66I-DX1_xmin38433_ymin22957_MPP-0.2500+31
50176,0,0,0,0,0,0,0,0,0,0,0,0,0,0,0,0,0,0,0,0,0,0,0,0,50176,0,0,0,0,0,0,0,0,0,0,0,0,0,0,0,0,0,0,0,0,0,0,0,0,50176,0,0,0,0,0,0,0,0,0,0,0,0,0,0,0,0,0,0,0,0,0,0,0,0,TCGA-OL-A66I-DX1_xmin38433_ymin22957_MPP-0.2500+32
50176,0,0,0,0,0,0,0,0,0,0,0,0,0,0,0,0,0,0,0,0,0,0,0,0,50176,0,0,0,0,0,0,0,0,0,0,0,0,0,0,0,0,0,0,0,0,0,0,0,0,50176,0,0,0,0,0,0,0,0,0,0,0,0,0,0,0,0,0,0,0,0,0,0,0,0,TCGA-OL-A66I-DX1_xmin38433_ymin22957_MPP-0.2500+33
13085,15972,3769,0,0,420,4436,4853,0,0,0,483,7158,0,0,0,0,0,0,0,0,0,0,0,0,13101,15488,4237,0,0,356,3957,5396,0,0,0,449,7192,0,0,0,0,0,0,0,0,0,0,0,0,13658,14733,4435,0,0,596,3222,5891,0,0,0,354,7287,0,0,0,0,0,0,0,0,0,0,0,0,TCGA-OL-A66I-DX1_xmin38433_ymin22957_MPP-0.2500+34
28650,21196,0,0,0,0,0,0,0,0,330,0,0,0,0,0,0,0,0,0,0,0,0,0,0,28341,21505,0,0,0,0,0,0,0,0,330,0,0,0,0,0,0,0,0,0,0,0,0,0,0,30785,19061,0,0,0,0,0,0,0,0,295,35,0,0,0,0,0,0,0,0,0,0,0,0,0,TCGA-OL-A66I-DX1_xmin38433_ymin22957_MPP-0.2500+35
0,12750,0,0,0,0,26900,0,0,0,0,8329,0,0,0,0,0,0,0,0,0,0,0,0,2197,0,12750,0,0,0,0,26900,0,0,0,0,8329,0,0,0,0,0,0,0,0,0,0,0,0,2197,0,12750,0,0,0,0,26900,0,0,0,0,8329,0,0,0,0,0,0,0,0,0,0,0,0,2197,TCGA-OL-A66I-DX1_xmin38433_ymin22957_MPP-0.2500+36
0,0,0,0,0,0,34511,0,0,0,0,12776,0,0,0,0,0,0,0,0,0,0,0,0,2889,0,0,0,0,0,0,34511,0,0,0,0,12776,0,0,0,0,0,0,0,0,0,0,0,0,2889,0,0,0,0,0,0,34511,0,0,0,0,12776,0,0,0,0,0,0,0,0,0,0,0,0,2889,TCGA-OL-A66I-DX1_xmin38433_ymin22957_MPP-0.2500+37
37554,5070,0,0,0,370,2224,0,0,0,0,4958,0,0,0,0,0,0,0,0,0,0,0,0,0,37768,4856,0,0,0,429,2165,0,0,0,0,4958,0,0,0,0,0,0,0,0,0,0,0,0,0,37436,5188,0,0,0,274,2320,0,0,0,0,4958,0,0,0,0,0,0,0,0,0,0,0,0,0,TCGA-OL-A66I-DX1_xmin38433_ymin22957_MPP-0.2500+38
45283,0,0,0,0,4842,0,0,0,0,51,0,0,0,0,0,0,0,0,0,0,0,0,0,0,45283,0,0,0,0,4842,0,0,0,0,51,0,0,0,0,0,0,0,0,0,0,0,0,0,0,45283,0,0,0,0,4842,0,0,0,0,51,0,0,0,0,0,0,0,0,0,0,0,0,0,0,TCGA-OL-A66I-DX1_xmin38433_ymin22957_MPP-0.2500+39
0,0,0,0,0,0,48379,0,0,0,0,1797,0,0,0,0,0,0,0,0,0,0,0,0,0,0,0,0,0,0,0,48379,0,0,0,0,1797,0,0,0,0,0,0,0,0,0,0,0,0,0,0,0,0,0,0,0,48379,0,0,0,0,1797,0,0,0,0,0,0,0,0,0,0,0,0,0,TCGA-OL-A66I-DX1_xmin38433_ymin22957_MPP-0.2500+4
4182,2411,0,0,0,3224,8274,2670,0,0,0,5896,21562,0,0,0,0,0,0,0,0,0,0,0,1957,4143,2450,0,0,0,3182,8599,2387,0,0,0,5907,21551,0,0,0,0,0,0,0,0,0,0,0,1957,3987,2606,0,0,0,3282,8224,2662,0,0,0,6053,21405,0,0,0,0,0,0,0,0,0,0,0,1957,TCGA-OL-A66I-DX1_xmin38433_ymin22957_MPP-0.2500+40
20497,11150,0,0,0,1424,12983,0,0,0,927,3195,0,0,0,0,0,0,0,0,0,0,0,0,0,20502,11145,0,0,0,1444,12963,0,0,0,849,3273,0,0,0,0,0,0,0,0,0,0,0,0,0,21575,10072,0,0,0,1356,13051,0,0,0,719,3403,0,0,0,0,0,0,0,0,0,0,0,0,0,TCGA-OL-A66I-DX1_xmin38433_ymin22957_MPP-0.2500+41
36140,14036,0,0,0,0,0,0,0,0,0,0,0,0,0,0,0,0,0,0,0,0,0,0,0,35104,15072,0,0,0,0,0,0,0,0,0,0,0,0,0,0,0,0,0,0,0,0,0,0,0,35836,14340,0,0,0,0,0,0,0,0,0,0,0,0,0,0,0,0,0,0,0,0,0,0,0,TCGA-OL-A66I-DX1_xmin38433_ymin22957_MPP-0.2500+42
20517,11559,0,0,0,1846,8108,0,0,0,274,7872,0,0,0,0,0,0,0,0,0,0,0,0,0,20286,11790,0,0,0,1752,8202,0,0,0,234,7912,0,0,0,0,0,0,0,0,0,0,0,0,0,21280,10796,0,0,0,1963,7991,0,0,0,313,7833,0,0,0,0,0,0,0,0,0,0,0,0,0,TCGA-OL-A66I-DX1_xmin38433_ymin22957_MPP-0.2500+43
0,1885,1816,0,0,0,4374,2690,0,0,0,9601,29810,0,0,0,0,0,0,0,0,0,0,0,0,0,1507,2194,0,0,0,4205,2859,0,0,0,10094,29317,0,0,0,0,0,0,0,0,0,0,0,0,0,1925,1776,0,0,0,4470,2594,0,0,0,9966,29445,0,0,0,0,0,0,0,0,0,0,0,0,TCGA-OL-A66I-DX1_xmin38433_ymin22957_MPP-0.2500+44
0,10417,798,0,0,0,9645,10084,0,0,0,881,18351,0,0,0,0,0,0,0,0,0,0,0,0,0,10394,821,0,0,0,9191,10538,0,0,0,915,18317,0,0,0,0,0,0,0,0,0,0,0,0,0,10414,801,0,0,0,8787,10942,0,0,0,905,18327,0,0,0,0,0,0,0,0,0,0,0,0,TCGA-OL-A66I-DX1_xmin38433_ymin22957_MPP-0.2500+45
0,5722,666,0,0,0,3296,476,0,0,0,3307,30998,0,0,0,0,0,0,0,0,0,0,0,5711,0,5572,816,0,0,0,3274,498,0,0,0,3206,31099,0,0,0,0,0,0,0,0,0,0,0,5711,0,5701,687,0,0,0,3232,540,0,0,0,3153,31152,0,0,0,0,0,0,0,0,0,0,0,5711,TCGA-OL-A66I-DX1_xmin38433_ymin22957_MPP-0.2500+46
0,0,9,0,0,0,0,124,0,0,0,4820,44536,0,0,0,0,0,0,0,0,0,0,0,687,0,0,9,0,0,0,0,124,0,0,0,5204,44152,0,0,0,0,0,0,0,0,0,0,0,687,0,0,9,0,0,0,0,124,0,0,0,5022,44334,0,0,0,0,0,0,0,0,0,0,0,687,TCGA-OL-A66I-DX1_xmin38433_ymin22957_MPP-0.2500+47
0,36042,1932,0,0,0,531,3173,0,0,0,0,8498,0,0,0,0,0,0,0,0,0,0,0,0,0,35760,2214,0,0,0,483,3221,0,0,0,0,8498,0,0,0,0,0,0,0,0,0,0,0,0,0,35438,2536,0,0,0,476,3228,0,0,0,0,8498,0,0,0,0,0,0,0,0,0,0,0,0,TCGA-OL-A66I-DX1_xmin38433_ymin22957_MPP-0.2500+48
18718,31238,0,0,0,220,0,0,0,0,0,0,0,0,0,0,0,0,0,0,0,0,0,0,0,19221,30735,0,0,0,220,0,0,0,0,0,0,0,0,0,0,0,0,0,0,0,0,0,0,0,18848,31108,0,0,0,220,0,0,0,0,0,0,0,0,0,0,0,0,0,0,0,0,0,0,0,TCGA-OL-A66I-DX1_xmin38433_ymin22957_MPP-0.2500+49
0,0,0,0,0,0,50176,0,0,0,0,0,0,0,0,0,0,0,0,0,0,0,0,0,0,0,0,0,0,0,0,50176,0,0,0,0,0,0,0,0,0,0,0,0,0,0,0,0,0,0,0,0,0,0,0,0,50176,0,0,0,0,0,0,0,0,0,0,0,0,0,0,0,0,0,0,TCGA-OL-A66I-DX1_xmin38433_ymin22957_MPP-0.2500+5
0,0,0,0,0,0,0,6915,0,0,0,0,43261,0,0,0,0,0,0,0,0,0,0,0,0,0,0,0,0,0,0,0,6915,0,0,0,0,43261,0,0,0,0,0,0,0,0,0,0,0,0,0,0,0,0,0,0,0,6915,0,0,0,0,43261,0,0,0,0,0,0,0,0,0,0,0,0,TCGA-OL-A66I-DX1_xmin38433_ymin22957_MPP-0.2500+50
0,0,0,0,0,0,0,71,0,0,0,0,50105,0,0,0,0,0,0,0,0,0,0,0,0,0,0,0,0,0,0,0,71,0,0,0,0,50105,0,0,0,0,0,0,0,0,0,0,0,0,0,0,0,0,0,0,0,71,0,0,0,0,50105,0,0,0,0,0,0,0,0,0,0,0,0,TCGA-OL-A66I-DX1_xmin38433_ymin22957_MPP-0.2500+51
3726,383,0,0,0,902,27378,3873,0,0,0,5598,8316,0,0,0,0,0,0,0,0,0,0,0,0,3885,224,0,0,0,1113,26206,4834,0,0,0,5240,8674,0,0,0,0,0,0,0,0,0,0,0,0,3853,256,0,0,0,1066,26717,4370,0,0,0,5124,8790,0,0,0,0,0,0,0,0,0,0,0,0,TCGA-OL-A66I-DX1_xmin38433_ymin22957_MPP-0.2500+52
10017,2590,10,0,0,2343,4391,917,0,0,213,3149,26546,0,0,0,0,0,0,0,0,0,0,0,0,10030,2564,23,0,0,2605,4064,982,0,0,167,3029,26712,0,0,0,0,0,0,0,0,0,0,0,0,10347,2203,67,0,0,2350,4348,953,0,0,210,2866,26832,0,0,0,0,0,0,0,0,0,0,0,0,TCGA-OL-A66I-DX1_xmin38433_ymin22957_MPP-0.2500+53
0,0,0,0,0,0,0,0,0,0,112,0,47083,0,0,0,0,0,0,0,0,0,0,0,2981,0,0,0,0,0,0,0,0,0,0,112,0,47083,0,0,0,0,0,0,0,0,0,0,0,2981,0,0,0,0,0,0,0,0,0,0,112,0,47083,0,0,0,0,0,0,0,0,0,0,0,2981,TCGA-OL-A66I-DX1_xmin38433_ymin22957_MPP-0.2500+54
21804,0,3306,0,0,242,0,2642,0,0,2828,0,19354,0,0,0,0,0,0,0,0,0,0,0,0,21751,0,3359,0,0,215,0,2669,0,0,2867,0,19315,0,0,0,0,0,0,0,0,0,0,0,0,21853,0,3257,0,0,246,0,2638,0,0,2903,0,19279,0,0,0,0,0,0,0,0,0,0,0,0,TCGA-OL-A66I-DX1_xmin38433_ymin22957_MPP-0.2500+55
0,0,0,0,0,0,26691,1281,0,0,0,8398,7361,0,0,0,0,0,0,0,0,0,0,0,6445,0,0,0,0,0,0,26430,1542,0,0,0,8288,7471,0,0,0,0,0,0,0,0,0,0,0,6445,0,0,0,0,0,0,26079,1893,0,0,0,8147,7612,0,0,0,0,0,0,0,0,0,0,0,6445,TCGA-OL-A66I-DX1_xmin38433_ymin22957_MPP-0.2500+56
0,5060,195,0,0,0,15131,3196,0,0,0,5000,21594,0,0,0,0,0,0,0,0,0,0,0,0,0,4995,260,0,0,0,15218,3109,0,0,0,4647,21947,0,0,0,0,0,0,0,0,0,0,0,0,0,4679,576,0,0,0,15073,3254,0,0,0,5056,21538,0,0,0,0,0,0,0,0,0,0,0,0,TCGA-OL-A66I-DX1_xmin38433_ymin22957_MPP-0.2500+57
0,0,0,0,0,0,28879,1762,0,0,0,3949,15586,0,0,0,0,0,0,0,0,0,0,0,0,0,0,0,0,0,0,28188,2453,0,0,0,3781,15754,0,0,0,0,0,0,0,0,0,0,0,0,0,0,0,0,0,0,28084,2557,0,0,0,3986,15549,0,0,0,0,0,0,0,0,0,0,0,0,TCGA-OL-A66I-DX1_xmin38433_ymin22957_MPP-0.2500+58
0,0,0,0,0,0,0,1020,0,0,16,0,49140,0,0,0,0,0,0,0,0,0,0,0,0,0,0,0,0,0,0,0,1020,0,0,16,0,49140,0,0,0,0,0,0,0,0,0,0,0,0,0,0,0,0,0,0,0,1020,0,0,16,0,49140,0,0,0,0,0,0,0,0,0,0,0,0,TCGA-OL-A66I-DX1_xmin38433_ymin22957_MPP-0.2500+59
0,0,0,0,0,0,39075,0,0,0,0,10848,0,0,0,0,0,0,0,0,0,0,0,0,253,0,0,0,0,0,0,39075,0,0,0,0,10848,0,0,0,0,0,0,0,0,0,0,0,0,253,0,0,0,0,0,0,39075,0,0,0,0,10848,0,0,0,0,0,0,0,0,0,0,0,0,253,TCGA-OL-A66I-DX1_xmin38433_ymin22957_MPP-0.2500+6
0,4890,867,0,0,0,12273,2286,0,0,0,3077,26783,0,0,0,0,0,0,0,0,0,0,0,0,0,4722,1035,0,0,0,12124,2435,0,0,0,2679,27181,0,0,0,0,0,0,0,0,0,0,0,0,0,4530,1227,0,0,0,12245,2314,0,0,0,2745,27115,0,0,0,0,0,0,0,0,0,0,0,0,TCGA-OL-A66I-DX1_xmin38433_ymin22957_MPP-0.2500+60
0,0,0,0,0,0,26355,5146,0,0,0,9399,9276,0,0,0,0,0,0,0,0,0,0,0,0,0,0,0,0,0,0,25920,5581,0,0,0,8958,9717,0,0,0,0,0,0,0,0,0,0,0,0,0,0,0,0,0,0,26024,5477,0,0,0,9142,9533,0,0,0,0,0,0,0,0,0,0,0,0,TCGA-OL-A66I-DX1_xmin38433_ymin22957_MPP-0.2500+61
0,0,0,0,0,0,26622,4760,0,0,0,7915,10879,0,0,0,0,0,0,0,0,0,0,0,0,0,0,0,0,0,0,26733,4649,0,0,0,8158,10636,0,0,0,0,0,0,0,0,0,0,0,0,0,0,0,0,0,0,26401,4981,0,0,0,8381,10413,0,0,0,0,0,0,0,0,0,0,0,0,TCGA-OL-A66I-DX1_xmin38433_ymin22957_MPP-0.2500+62
0,0,0,0,0,0,28779,0,0,0,0,21397,0,0,0,0,0,0,0,0,0,0,0,0,0,0,0,0,0,0,0,28779,0,0,0,0,21397,0,0,0,0,0,0,0,0,0,0,0,0,0,0,0,0,0,0,0,28779,0,0,0,0,21397,0,0,0,0,0,0,0,0,0,0,0,0,0,TCGA-OL-A66I-DX1_xmin38433_ymin22957_MPP-0.2500+7
0,0,0,0,0,0,43390,0,0,0,0,6786,0,0,0,0,0,0,0,0,0,0,0,0,0,0,0,0,0,0,0,42958,432,0,0,0,503,6283,0,0,0,0,0,0,0,0,0,0,0,0,0,0,0,0,0,0,42955,435,0,0,0,449,6337,0,0,0,0,0,0,0,0,0,0,0,0,TCGA-OL-A66I-DX1_xmin38433_ymin22957_MPP-0.2500+8
0,0,0,0,0,0,50176,0,0,0,0,0,0,0,0,0,0,0,0,0,0,0,0,0,0,0,0,0,0,0,0,50176,0,0,0,0,0,0,0,0,0,0,0,0,0,0,0,0,0,0,0,0,0,0,0,0,50176,0,0,0,0,0,0,0,0,0,0,0,0,0,0,0,0,0,0,TCGA-OL-A66I-DX1_xmin38433_ymin22957_MPP-0.2500+9
39295,10056,0,0,0,0,825,0,0,0,0,0,0,0,0,0,0,0,0,0,0,0,0,0,0,49351,0,0,0,0,825,0,0,0,0,0,0,0,0,0,0,0,0,0,0,0,0,0,0,0,39263,10088,0,0,0,0,825,0,0,0,0,0,0,0,0,0,0,0,0,0,0,0,0,0,0,TCGA-OL-A66P-DX1_xmin30143_ymin20310_MPP-0.2500+0
0,13631,0,0,0,0,19866,0,0,0,0,4237,0,0,0,0,0,0,0,0,0,0,0,0,12442,0,13631,0,0,0,0,19866,0,0,0,0,4237,0,0,0,0,0,0,0,0,0,0,0,0,12442,0,13631,0,0,0,0,19866,0,0,0,0,4237,0,0,0,0,0,0,0,0,0,0,0,0,12442,TCGA-OL-A66P-DX1_xmin30143_ymin20310_MPP-0.2500+1
19825,2835,0,0,0,2781,12967,0,0,0,0,653,0,0,0,0,0,0,0,0,0,0,0,0,11115,20441,2219,0,0,0,3378,12370,0,0,0,0,653,0,0,0,0,0,0,0,0,0,0,0,0,11115,19612,3048,0,0,0,3945,11803,0,0,0,0,653,0,0,0,0,0,0,0,0,0,0,0,0,11115,TCGA-OL-A66P-DX1_xmin30143_ymin20310_MPP-0.2500+10
46856,0,0,0,0,2854,0,0,0,0,0,0,0,0,0,0,0,0,0,0,0,0,0,0,466,46856,0,0,0,0,2854,0,0,0,0,0,0,0,0,0,0,0,0,0,0,0,0,0,0,466,46856,0,0,0,0,2854,0,0,0,0,0,0,0,0,0,0,0,0,0,0,0,0,0,0,466,TCGA-OL-A66P-DX1_xmin30143_ymin20310_MPP-0.2500+100
6449,1925,0,0,0,78,6248,0,0,0,0,0,0,0,0,0,0,0,0,0,0,0,0,0,35476,6599,1775,0,0,0,105,6221,0,0,0,0,0,0,0,0,0,0,0,0,0,0,0,0,0,35476,6540,1834,0,0,0,108,6218,0,0,0,0,0,0,0,0,0,0,0,0,0,0,0,0,0,35476,TCGA-OL-A66P-DX1_xmin30143_ymin20310_MPP-0.2500+101
0,0,0,0,0,0,7930,0,0,0,0,0,0,0,0,0,0,0,0,0,0,0,0,0,42246,0,0,0,0,0,0,7930,0,0,0,0,0,0,0,0,0,0,0,0,0,0,0,0,0,42246,0,0,0,0,0,0,7930,0,0,0,0,0,0,0,0,0,0,0,0,0,0,0,0,0,42246,TCGA-OL-A66P-DX1_xmin30143_ymin20310_MPP-0.2500+102
47321,0,0,0,0,2855,0,0,0,0,0,0,0,0,0,0,0,0,0,0,0,0,0,0,0,47321,0,0,0,0,2855,0,0,0,0,0,0,0,0,0,0,0,0,0,0,0,0,0,0,0,47321,0,0,0,0,2855,0,0,0,0,0,0,0,0,0,0,0,0,0,0,0,0,0,0,0,TCGA-OL-A66P-DX1_xmin30143_ymin20310_MPP-0.2500+103
12357,35646,0,0,0,193,1980,0,0,0,0,0,0,0,0,0,0,0,0,0,0,0,0,0,0,13515,34488,0,0,0,201,1972,0,0,0,0,0,0,0,0,0,0,0,0,0,0,0,0,0,0,14494,33509,0,0,0,188,1985,0,0,0,0,0,0,0,0,0,0,0,0,0,0,0,0,0,0,TCGA-OL-A66P-DX1_xmin30143_ymin20310_MPP-0.2500+104
50176,0,0,0,0,0,0,0,0,0,0,0,0,0,0,0,0,0,0,0,0,0,0,0,0,50176,0,0,0,0,0,0,0,0,0,0,0,0,0,0,0,0,0,0,0,0,0,0,0,0,50176,0,0,0,0,0,0,0,0,0,0,0,0,0,0,0,0,0,0,0,0,0,0,0,0,TCGA-OL-A66P-DX1_xmin30143_ymin20310_MPP-0.2500+105
0,17101,0,0,0,0,16478,0,0,0,0,0,0,0,0,0,0,0,0,0,0,0,0,0,16597,0,17101,0,0,0,0,16478,0,0,0,0,0,0,0,0,0,0,0,0,0,0,0,0,0,16597,0,17101,0,0,0,0,16478,0,0,0,0,0,0,0,0,0,0,0,0,0,0,0,0,0,16597,TCGA-OL-A66P-DX1_xmin30143_ymin20310_MPP-0.2500+106
0,0,0,0,0,0,13826,0,0,0,0,0,0,0,0,0,0,0,0,0,0,0,0,0,36350,0,0,0,0,0,0,13826,0,0,0,0,0,0,0,0,0,0,0,0,0,0,0,0,0,36350,0,0,0,0,0,0,13826,0,0,0,0,0,0,0,0,0,0,0,0,0,0,0,0,0,36350,TCGA-OL-A66P-DX1_xmin30143_ymin20310_MPP-0.2500+107
4984,2902,0,0,0,423,7735,0,0,0,0,0,0,0,0,0,0,0,0,0,0,0,0,0,34132,5045,2841,0,0,0,430,7728,0,0,0,0,0,0,0,0,0,0,0,0,0,0,0,0,0,34132,5193,1842,851,0,0,469,6294,1395,0,0,0,0,0,0,0,0,0,0,0,0,0,0,0,0,34132,TCGA-OL-A66P-DX1_xmin30143_ymin20310_MPP-0.2500+108
0,2020,0,0,0,0,25892,0,0,0,0,0,0,0,0,0,0,0,0,0,0,0,0,0,22264,0,2020,0,0,0,0,25892,0,0,0,0,0,0,0,0,0,0,0,0,0,0,0,0,0,22264,0,2020,0,0,0,0,25892,0,0,0,0,0,0,0,0,0,0,0,0,0,0,0,0,0,22264,TCGA-OL-A66P-DX1_xmin30143_ymin20310_MPP-0.2500+109
50176,0,0,0,0,0,0,0,0,0,0,0,0,0,0,0,0,0,0,0,0,0,0,0,0,50176,0,0,0,0,0,0,0,0,0,0,0,0,0,0,0,0,0,0,0,0,0,0,0,0,50176,0,0,0,0,0,0,0,0,0,0,0,0,0,0,0,0,0,0,0,0,0,0,0,0,TCGA-OL-A66P-DX1_xmin30143_ymin20310_MPP-0.2500+11
0,0,0,0,0,0,7520,0,0,0,0,0,0,0,0,0,0,0,0,0,0,0,0,0,42656,0,0,0,0,0,0,7520,0,0,0,0,0,0,0,0,0,0,0,0,0,0,0,0,0,42656,0,0,0,0,0,0,7520,0,0,0,0,0,0,0,0,0,0,0,0,0,0,0,0,0,42656,TCGA-OL-A66P-DX1_xmin30143_ymin20310_MPP-0.2500+110
15229,1198,0,0,0,3524,29463,0,0,0,0,0,0,0,0,0,0,0,0,0,0,0,0,0,762,15296,1131,0,0,0,3472,29515,0,0,0,0,0,0,0,0,0,0,0,0,0,0,0,0,0,762,15169,1258,0,0,0,3523,29464,0,0,0,0,0,0,0,0,0,0,0,0,0,0,0,0,0,762,TCGA-OL-A66P-DX1_xmin30143_ymin20310_MPP-0.2500+111
40217,0,0,0,0,0,0,0,0,0,0,0,0,0,0,0,0,0,0,0,0,0,0,0,9959,40217,0,0,0,0,0,0,0,0,0,0,0,0,0,0,0,0,0,0,0,0,0,0,0,9959,40217,0,0,0,0,0,0,0,0,0,0,0,0,0,0,0,0,0,0,0,0,0,0,0,9959,TCGA-OL-A66P-DX1_xmin30143_ymin20310_MPP-0.2500+112
26303,18407,0,0,0,0,3659,0,0,0,0,0,0,0,0,0,0,0,0,0,0,0,0,0,1807,25637,19073,0,0,0,0,3659,0,0,0,0,0,0,0,0,0,0,0,0,0,0,0,0,0,1807,27702,17008,0,0,0,0,3659,0,0,0,0,0,0,0,0,0,0,0,0,0,0,0,0,0,1807,TCGA-OL-A66P-DX1_xmin30143_ymin20310_MPP-0.2500+113
0,5808,0,0,0,0,19791,0,0,0,0,0,0,0,0,0,0,0,0,0,0,0,0,0,24577,0,5808,0,0,0,0,19791,0,0,0,0,0,0,0,0,0,0,0,0,0,0,0,0,0,24577,0,5808,0,0,0,0,19791,0,0,0,0,0,0,0,0,0,0,0,0,0,0,0,0,0,24577,TCGA-OL-A66P-DX1_xmin30143_ymin20310_MPP-0.2500+114
0,20999,0,0,0,0,29177,0,0,0,0,0,0,0,0,0,0,0,0,0,0,0,0,0,0,0,20999,0,0,0,0,29177,0,0,0,0,0,0,0,0,0,0,0,0,0,0,0,0,0,0,0,20999,0,0,0,0,29177,0,0,0,0,0,0,0,0,0,0,0,0,0,0,0,0,0,0,TCGA-OL-A66P-DX1_xmin30143_ymin20310_MPP-0.2500+115
11002,9129,0,0,0,549,29496,0,0,0,0,0,0,0,0,0,0,0,0,0,0,0,0,0,0,11585,8546,0,0,0,624,29421,0,0,0,0,0,0,0,0,0,0,0,0,0,0,0,0,0,0,11743,8388,0,0,0,842,29203,0,0,0,0,0,0,0,0,0,0,0,0,0,0,0,0,0,0,TCGA-OL-A66P-DX1_xmin30143_ymin20310_MPP-0.2500+116
50176,0,0,0,0,0,0,0,0,0,0,0,0,0,0,0,0,0,0,0,0,0,0,0,0,50176,0,0,0,0,0,0,0,0,0,0,0,0,0,0,0,0,0,0,0,0,0,0,0,0,50176,0,0,0,0,0,0,0,0,0,0,0,0,0,0,0,0,0,0,0,0,0,0,0,0,TCGA-OL-A66P-DX1_xmin30143_ymin20310_MPP-0.2500+117
15971,14445,0,0,0,0,17635,0,0,0,0,0,0,0,0,0,0,0,0,0,0,0,0,0,2125,16326,14090,0,0,0,0,17635,0,0,0,0,0,0,0,0,0,0,0,0,0,0,0,0,0,2125,15615,14801,0,0,0,0,17635,0,0,0,0,0,0,0,0,0,0,0,0,0,0,0,0,0,2125,TCGA-OL-A66P-DX1_xmin30143_ymin20310_MPP-0.2500+118
0,96,0,0,0,0,38564,0,0,0,0,0,0,0,0,0,0,0,0,0,0,0,0,0,11516,0,96,0,0,0,0,38564,0,0,0,0,0,0,0,0,0,0,0,0,0,0,0,0,0,11516,0,96,0,0,0,0,38564,0,0,0,0,0,0,0,0,0,0,0,0,0,0,0,0,0,11516,TCGA-OL-A66P-DX1_xmin30143_ymin20310_MPP-0.2500+119
6045,5333,0,0,0,9715,10584,0,0,0,0,0,0,0,0,0,0,0,0,0,0,0,0,0,18499,6122,5256,0,0,0,8632,11667,0,0,0,0,0,0,0,0,0,0,0,0,0,0,0,0,0,18499,6014,5364,0,0,0,9981,10318,0,0,0,0,0,0,0,0,0,0,0,0,0,0,0,0,0,18499,TCGA-OL-A66P-DX1_xmin30143_ymin20310_MPP-0.2500+12
5453,0,0,0,0,3831,0,0,0,0,0,0,0,0,0,0,0,0,0,0,0,0,0,0,40892,5453,0,0,0,0,3831,0,0,0,0,0,0,0,0,0,0,0,0,0,0,0,0,0,0,40892,5453,0,0,0,0,3831,0,0,0,0,0,0,0,0,0,0,0,0,0,0,0,0,0,0,40892,TCGA-OL-A66P-DX1_xmin30143_ymin20310_MPP-0.2500+120
11516,15524,0,0,0,808,10911,0,0,0,0,0,0,0,0,0,0,0,0,0,0,0,0,0,11417,12779,14261,0,0,0,862,10857,0,0,0,0,0,0,0,0,0,0,0,0,0,0,0,0,0,11417,12789,14251,0,0,0,853,10866,0,0,0,0,0,0,0,0,0,0,0,0,0,0,0,0,0,11417,TCGA-OL-A66P-DX1_xmin30143_ymin20310_MPP-0.2500+121
0,23,0,0,0,0,18342,0,0,0,0,0,0,0,0,0,0,0,0,0,0,0,0,0,31811,0,23,0,0,0,0,18342,0,0,0,0,0,0,0,0,0,0,0,0,0,0,0,0,0,31811,0,23,0,0,0,0,18342,0,0,0,0,0,0,0,0,0,0,0,0,0,0,0,0,0,31811,TCGA-OL-A66P-DX1_xmin30143_ymin20310_MPP-0.2500+122
0,10679,0,0,0,0,30780,0,0,0,0,0,0,0,0,0,0,0,0,0,0,0,0,0,8717,0,10679,0,0,0,0,30780,0,0,0,0,0,0,0,0,0,0,0,0,0,0,0,0,0,8717,0,10679,0,0,0,0,30780,0,0,0,0,0,0,0,0,0,0,0,0,0,0,0,0,0,8717,TCGA-OL-A66P-DX1_xmin30143_ymin20310_MPP-0.2500+123
9228,38445,0,0,0,966,1405,0,0,0,0,0,0,0,0,0,0,0,0,0,0,0,0,0,132,9860,37813,0,0,0,1060,1311,0,0,0,0,0,0,0,0,0,0,0,0,0,0,0,0,0,132,9583,38090,0,0,0,710,1661,0,0,0,0,0,0,0,0,0,0,0,0,0,0,0,0,0,132,TCGA-OL-A66P-DX1_xmin30143_ymin20310_MPP-0.2500+124
27470,19091,0,0,0,0,0,0,0,0,0,0,0,0,0,0,0,0,0,0,0,0,0,0,3615,27618,18943,0,0,0,0,0,0,0,0,0,0,0,0,0,0,0,0,0,0,0,0,0,0,3615,27969,18592,0,0,0,0,0,0,0,0,0,0,0,0,0,0,0,0,0,0,0,0,0,0,3615,TCGA-OL-A66P-DX1_xmin30143_ymin20310_MPP-0.2500+125
49504,0,0,0,0,672,0,0,0,0,0,0,0,0,0,0,0,0,0,0,0,0,0,0,0,49504,0,0,0,0,672,0,0,0,0,0,0,0,0,0,0,0,0,0,0,0,0,0,0,0,49504,0,0,0,0,672,0,0,0,0,0,0,0,0,0,0,0,0,0,0,0,0,0,0,0,TCGA-OL-A66P-DX1_xmin30143_ymin20310_MPP-0.2500+126
0,8670,146,0,0,0,3970,1254,0,0,0,0,0,0,0,0,0,0,0,0,0,0,0,0,36136,0,8649,167,0,0,0,3950,1274,0,0,0,0,0,0,0,0,0,0,0,0,0,0,0,0,36136,0,8629,187,0,0,0,3965,1259,0,0,0,0,0,0,0,0,0,0,0,0,0,0,0,0,36136,TCGA-OL-A66P-DX1_xmin30143_ymin20310_MPP-0.2500+127
30736,15242,0,0,0,442,3756,0,0,0,0,0,0,0,0,0,0,0,0,0,0,0,0,0,0,31006,14972,0,0,0,442,3756,0,0,0,0,0,0,0,0,0,0,0,0,0,0,0,0,0,0,31251,14727,0,0,0,442,3756,0,0,0,0,0,0,0,0,0,0,0,0,0,0,0,0,0,0,TCGA-OL-A66P-DX1_xmin30143_ymin20310_MPP-0.2500+128
33714,10978,0,0,0,733,4751,0,0,0,0,0,0,0,0,0,0,0,0,0,0,0,0,0,0,33506,11186,0,0,0,682,4802,0,0,0,0,0,0,0,0,0,0,0,0,0,0,0,0,0,0,34803,9889,0,0,0,827,4657,0,0,0,0,0,0,0,0,0,0,0,0,0,0,0,0,0,0,TCGA-OL-A66P-DX1_xmin30143_ymin20310_MPP-0.2500+129
7585,0,0,0,0,20041,18530,0,0,0,0,0,0,0,0,0,0,0,0,0,0,0,0,0,4020,7585,0,0,0,0,20308,18263,0,0,0,0,0,0,0,0,0,0,0,0,0,0,0,0,0,4020,7583,2,0,0,0,20187,18384,0,0,0,0,0,0,0,0,0,0,0,0,0,0,0,0,0,4020,TCGA-OL-A66P-DX1_xmin30143_ymin20310_MPP-0.2500+13
50176,0,0,0,0,0,0,0,0,0,0,0,0,0,0,0,0,0,0,0,0,0,0,0,0,50176,0,0,0,0,0,0,0,0,0,0,0,0,0,0,0,0,0,0,0,0,0,0,0,0,50176,0,0,0,0,0,0,0,0,0,0,0,0,0,0,0,0,0,0,0,0,0,0,0,0,TCGA-OL-A66P-DX1_xmin30143_ymin20310_MPP-0.2500+130
47605,0,0,0,0,0,0,0,0,0,0,0,0,0,0,0,0,0,0,0,0,0,0,0,2571,47605,0,0,0,0,0,0,0,0,0,0,0,0,0,0,0,0,0,0,0,0,0,0,0,2571,47605,0,0,0,0,0,0,0,0,0,0,0,0,0,0,0,0,0,0,0,0,0,0,0,2571,TCGA-OL-A66P-DX1_xmin30143_ymin20310_MPP-0.2500+131
0,15970,0,0,0,0,30251,0,0,0,0,0,0,0,0,0,0,0,0,0,0,0,0,0,3955,0,15970,0,0,0,0,30251,0,0,0,0,0,0,0,0,0,0,0,0,0,0,0,0,0,3955,0,15970,0,0,0,0,30251,0,0,0,0,0,0,0,0,0,0,0,0,0,0,0,0,0,3955,TCGA-OL-A66P-DX1_xmin30143_ymin20310_MPP-0.2500+132
12839,12841,947,0,0,667,5104,1484,0,0,0,0,0,0,0,0,0,0,0,0,0,0,0,0,16294,12851,13345,431,0,0,665,5134,1456,0,0,0,0,0,0,0,0,0,0,0,0,0,0,0,0,16294,13478,11651,1498,0,0,660,4987,1608,0,0,0,0,0,0,0,0,0,0,0,0,0,0,0,0,16294,TCGA-OL-A66P-DX1_xmin30143_ymin20310_MPP-0.2500+133
21679,7506,0,0,0,265,16193,0,0,0,0,0,0,0,0,0,0,0,0,0,0,0,0,0,4533,21647,7538,0,0,0,243,16215,0,0,0,0,0,0,0,0,0,0,0,0,0,0,0,0,0,4533,22203,6982,0,0,0,254,16204,0,0,0,0,0,0,0,0,0,0,0,0,0,0,0,0,0,4533,TCGA-OL-A66P-DX1_xmin30143_ymin20310_MPP-0.2500+134
25880,1713,0,0,0,7697,13318,0,0,0,0,0,0,0,0,0,0,0,0,0,0,0,0,0,1568,26381,1212,0,0,0,8055,12960,0,0,0,0,0,0,0,0,0,0,0,0,0,0,0,0,0,1568,26795,798,0,0,0,7974,13041,0,0,0,0,0,0,0,0,0,0,0,0,0,0,0,0,0,1568,TCGA-OL-A66P-DX1_xmin30143_ymin20310_MPP-0.2500+135
46940,0,0,0,0,3236,0,0,0,0,0,0,0,0,0,0,0,0,0,0,0,0,0,0,0,46940,0,0,0,0,3236,0,0,0,0,0,0,0,0,0,0,0,0,0,0,0,0,0,0,0,46940,0,0,0,0,3236,0,0,0,0,0,0,0,0,0,0,0,0,0,0,0,0,0,0,0,TCGA-OL-A66P-DX1_xmin30143_ymin20310_MPP-0.2500+136
49026,0,0,0,0,0,0,0,0,0,0,0,0,0,0,0,0,0,0,0,0,0,0,0,1150,49026,0,0,0,0,0,0,0,0,0,0,0,0,0,0,0,0,0,0,0,0,0,0,0,1150,49026,0,0,0,0,0,0,0,0,0,0,0,0,0,0,0,0,0,0,0,0,0,0,0,1150,TCGA-OL-A66P-DX1_xmin30143_ymin20310_MPP-0.2500+137
43915,0,0,0,0,2948,0,0,0,0,0,0,0,0,0,0,0,0,0,0,0,0,0,0,3313,43915,0,0,0,0,2948,0,0,0,0,0,0,0,0,0,0,0,0,0,0,0,0,0,0,3313,43915,0,0,0,0,2948,0,0,0,0,0,0,0,0,0,0,0,0,0,0,0,0,0,0,3313,TCGA-OL-A66P-DX1_xmin30143_ymin20310_MPP-0.2500+138
21,0,3129,0,0,56,0,2859,0,0,0,0,0,0,0,0,0,0,0,0,0,0,0,0,44111,21,0,3129,0,0,56,0,2859,0,0,0,0,0,0,0,0,0,0,0,0,0,0,0,0,44111,21,0,3129,0,0,56,0,2859,0,0,0,0,0,0,0,0,0,0,0,0,0,0,0,0,44111,TCGA-OL-A66P-DX1_xmin30143_ymin20310_MPP-0.2500+139
0,1910,0,0,0,0,35851,0,0,0,0,0,0,0,0,0,0,0,0,0,0,0,0,0,12415,0,1910,0,0,0,0,35851,0,0,0,0,0,0,0,0,0,0,0,0,0,0,0,0,0,12415,0,1910,0,0,0,0,35851,0,0,0,0,0,0,0,0,0,0,0,0,0,0,0,0,0,12415,TCGA-OL-A66P-DX1_xmin30143_ymin20310_MPP-0.2500+14
29102,13495,0,0,0,0,0,0,0,0,0,0,0,0,0,0,0,0,0,0,0,0,0,0,7579,30661,11936,0,0,0,0,0,0,0,0,0,0,0,0,0,0,0,0,0,0,0,0,0,0,7579,30777,11820,0,0,0,0,0,0,0,0,0,0,0,0,0,0,0,0,0,0,0,0,0,0,7579,TCGA-OL-A66P-DX1_xmin30143_ymin20310_MPP-0.2500+140
0,50148,0,0,0,0,0,0,0,0,0,0,0,0,0,0,0,0,0,0,0,0,0,0,28,0,50148,0,0,0,0,0,0,0,0,0,0,0,0,0,0,0,0,0,0,0,0,0,0,28,0,50148,0,0,0,0,0,0,0,0,0,0,0,0,0,0,0,0,0,0,0,0,0,0,28,TCGA-OL-A66P-DX1_xmin30143_ymin20310_MPP-0.2500+141
14791,33336,0,0,0,660,1389,0,0,0,0,0,0,0,0,0,0,0,0,0,0,0,0,0,0,14702,33425,0,0,0,679,1370,0,0,0,0,0,0,0,0,0,0,0,0,0,0,0,0,0,0,14984,33143,0,0,0,675,1374,0,0,0,0,0,0,0,0,0,0,0,0,0,0,0,0,0,0,TCGA-OL-A66P-DX1_xmin30143_ymin20310_MPP-0.2500+142
50176,0,0,0,0,0,0,0,0,0,0,0,0,0,0,0,0,0,0,0,0,0,0,0,0,50176,0,0,0,0,0,0,0,0,0,0,0,0,0,0,0,0,0,0,0,0,0,0,0,0,50176,0,0,0,0,0,0,0,0,0,0,0,0,0,0,0,0,0,0,0,0,0,0,0,0,TCGA-OL-A66P-DX1_xmin30143_ymin20310_MPP-0.2500+143
50176,0,0,0,0,0,0,0,0,0,0,0,0,0,0,0,0,0,0,0,0,0,0,0,0,50176,0,0,0,0,0,0,0,0,0,0,0,0,0,0,0,0,0,0,0,0,0,0,0,0,50176,0,0,0,0,0,0,0,0,0,0,0,0,0,0,0,0,0,0,0,0,0,0,0,0,TCGA-OL-A66P-DX1_xmin30143_ymin20310_MPP-0.2500+144
21099,20099,0,0,0,0,3696,0,0,0,0,0,0,0,0,0,0,0,0,0,0,0,0,0,5282,20828,20370,0,0,0,0,3696,0,0,0,0,0,0,0,0,0,0,0,0,0,0,0,0,0,5282,21130,20068,0,0,0,0,3696,0,0,0,0,0,0,0,0,0,0,0,0,0,0,0,0,0,5282,TCGA-OL-A66P-DX1_xmin30143_ymin20310_MPP-0.2500+145
14112,6315,844,0,0,418,3712,397,0,0,1245,3407,2681,0,0,0,0,0,0,0,0,0,0,0,17045,14165,6103,1003,0,0,468,3599,460,0,0,1328,3470,2535,0,0,0,0,0,0,0,0,0,0,0,17045,14102,6232,937,0,0,428,3593,506,0,0,1452,3330,2551,0,0,0,0,0,0,0,0,0,0,0,17045,TCGA-OL-A66P-DX1_xmin30143_ymin20310_MPP-0.2500+146
0,22188,0,0,0,0,23214,0,0,0,0,129,0,0,0,0,0,0,0,0,0,0,0,0,4645,0,22188,0,0,0,0,23214,0,0,0,0,129,0,0,0,0,0,0,0,0,0,0,0,0,4645,0,22188,0,0,0,0,23214,0,0,0,0,129,0,0,0,0,0,0,0,0,0,0,0,0,4645,TCGA-OL-A66P-DX1_xmin30143_ymin20310_MPP-0.2500+147
0,1071,0,0,0,0,19411,978,0,0,0,0,0,0,0,0,0,0,0,0,0,0,0,0,28716,0,1071,0,0,0,0,19453,936,0,0,0,0,0,0,0,0,0,0,0,0,0,0,0,0,28716,0,1071,0,0,0,0,19174,1215,0,0,0,0,0,0,0,0,0,0,0,0,0,0,0,0,28716,TCGA-OL-A66P-DX1_xmin30143_ymin20310_MPP-0.2500+148
8642,18141,0,0,0,2046,18475,0,0,0,0,0,0,0,0,0,0,0,0,0,0,0,0,0,2872,7703,19080,0,0,0,1513,19008,0,0,0,0,0,0,0,0,0,0,0,0,0,0,0,0,0,2872,24999,1784,0,0,0,5974,14547,0,0,0,0,0,0,0,0,0,0,0,0,0,0,0,0,0,2872,TCGA-OL-A66P-DX1_xmin30143_ymin20310_MPP-0.2500+149
0,0,0,0,0,0,26225,4777,0,0,0,0,0,0,0,0,0,0,0,0,0,0,0,0,19174,0,0,0,0,0,0,27065,3937,0,0,0,0,0,0,0,0,0,0,0,0,0,0,0,0,19174,0,0,0,0,0,0,25602,5400,0,0,0,0,0,0,0,0,0,0,0,0,0,0,0,0,19174,TCGA-OL-A66P-DX1_xmin30143_ymin20310_MPP-0.2500+15
8636,12722,0,0,0,0,5307,0,0,0,0,0,0,0,0,0,0,0,0,0,0,0,0,0,23511,9107,12251,0,0,0,0,5307,0,0,0,0,0,0,0,0,0,0,0,0,0,0,0,0,0,23511,9033,12325,0,0,0,0,5307,0,0,0,0,0,0,0,0,0,0,0,0,0,0,0,0,0,23511,TCGA-OL-A66P-DX1_xmin30143_ymin20310_MPP-0.2500+150
0,0,1076,0,0,0,0,2554,0,0,0,0,0,0,0,0,0,0,0,0,0,0,0,0,46546,0,0,1076,0,0,0,0,2554,0,0,0,0,0,0,0,0,0,0,0,0,0,0,0,0,46546,0,0,1076,0,0,0,0,2554,0,0,0,0,0,0,0,0,0,0,0,0,0,0,0,0,46546,TCGA-OL-A66P-DX1_xmin30143_ymin20310_MPP-0.2500+151
0,41237,0,0,0,0,0,0,0,0,0,0,0,0,0,0,0,0,0,0,0,0,0,0,8939,22944,18293,0,0,0,0,0,0,0,0,0,0,0,0,0,0,0,0,0,0,0,0,0,0,8939,23182,18055,0,0,0,0,0,0,0,0,0,0,0,0,0,0,0,0,0,0,0,0,0,0,8939,TCGA-OL-A66P-DX1_xmin30143_ymin20310_MPP-0.2500+152
13478,31126,0,0,0,60,11,0,0,0,0,0,0,0,0,0,0,0,0,0,0,0,0,0,5501,14261,30343,0,0,0,60,11,0,0,0,0,0,0,0,0,0,0,0,0,0,0,0,0,0,5501,13982,30622,0,0,0,64,7,0,0,0,0,0,0,0,0,0,0,0,0,0,0,0,0,0,5501,TCGA-OL-A66P-DX1_xmin30143_ymin20310_MPP-0.2500+153
22920,24529,0,0,0,20,2707,0,0,0,0,0,0,0,0,0,0,0,0,0,0,0,0,0,0,22923,24526,0,0,0,5,2722,0,0,0,0,0,0,0,0,0,0,0,0,0,0,0,0,0,0,23217,24232,0,0,0,34,2693,0,0,0,0,0,0,0,0,0,0,0,0,0,0,0,0,0,0,TCGA-OL-A66P-DX1_xmin30143_ymin20310_MPP-0.2500+154
50176,0,0,0,0,0,0,0,0,0,0,0,0,0,0,0,0,0,0,0,0,0,0,0,0,50176,0,0,0,0,0,0,0,0,0,0,0,0,0,0,0,0,0,0,0,0,0,0,0,0,50176,0,0,0,0,0,0,0,0,0,0,0,0,0,0,0,0,0,0,0,0,0,0,0,0,TCGA-OL-A66P-DX1_xmin30143_ymin20310_MPP-0.2500+155
50176,0,0,0,0,0,0,0,0,0,0,0,0,0,0,0,0,0,0,0,0,0,0,0,0,50176,0,0,0,0,0,0,0,0,0,0,0,0,0,0,0,0,0,0,0,0,0,0,0,0,50176,0,0,0,0,0,0,0,0,0,0,0,0,0,0,0,0,0,0,0,0,0,0,0,0,TCGA-OL-A66P-DX1_xmin30143_ymin20310_MPP-0.2500+156
22941,22025,0,0,0,0,1021,0,0,0,0,933,0,0,0,0,0,0,0,0,0,0,0,0,3256,23538,21428,0,0,0,0,1021,0,0,0,0,933,0,0,0,0,0,0,0,0,0,0,0,0,3256,24048,20918,0,0,0,0,1021,0,0,0,0,933,0,0,0,0,0,0,0,0,0,0,0,0,3256,TCGA-OL-A66P-DX1_xmin30143_ymin20310_MPP-0.2500+157
5408,4415,0,0,0,350,2908,9,0,0,267,12071,24748,0,0,0,0,0,0,0,0,0,0,0,0,5480,4343,0,0,0,429,2826,12,0,0,350,10840,25896,0,0,0,0,0,0,0,0,0,0,0,0,5582,4241,0,0,0,489,2769,9,0,0,222,10658,26206,0,0,0,0,0,0,0,0,0,0,0,0,TCGA-OL-A66P-DX1_xmin30143_ymin20310_MPP-0.2500+158
0,0,0,0,0,0,5395,3709,0,0,0,3730,18767,0,0,0,0,0,0,0,0,0,0,0,18575,0,0,0,0,0,0,5236,3868,0,0,0,3632,18865,0,0,0,0,0,0,0,0,0,0,0,18575,0,0,0,0,0,0,5264,3840,0,0,0,3026,19471,0,0,0,0,0,0,0,0,0,0,0,18575,TCGA-OL-A66P-DX1_xmin30143_ymin20310_MPP-0.2500+159
0,0,0,0,0,0,28679,0,0,0,0,0,0,0,0,0,0,0,0,0,0,0,0,0,21497,0,0,0,0,0,0,28679,0,0,0,0,0,0,0,0,0,0,0,0,0,0,0,0,0,21497,0,0,0,0,0,0,28679,0,0,0,0,0,0,0,0,0,0,0,0,0,0,0,0,0,21497,TCGA-OL-A66P-DX1_xmin30143_ymin20310_MPP-0.2500+16
0,20,0,0,0,0,5815,0,0,0,0,0,0,0,0,0,0,0,0,0,0,0,0,0,44341,0,20,0,0,0,0,5815,0,0,0,0,0,0,0,0,0,0,0,0,0,0,0,0,0,44341,0,20,0,0,0,0,5815,0,0,0,0,0,0,0,0,0,0,0,0,0,0,0,0,0,44341,TCGA-OL-A66P-DX1_xmin30143_ymin20310_MPP-0.2500+160
560,996,0,0,0,3559,5047,0,0,0,0,0,0,0,0,0,0,0,0,0,0,0,0,0,40014,510,1046,0,0,0,3531,4874,201,0,0,0,0,0,0,0,0,0,0,0,0,0,0,0,0,40014,605,951,0,0,0,4452,3972,182,0,0,0,0,0,0,0,0,0,0,0,0,0,0,0,0,40014,TCGA-OL-A66P-DX1_xmin30143_ymin20310_MPP-0.2500+161
0,130,0,0,0,1428,3764,129,0,0,0,0,0,0,0,0,0,0,0,0,0,0,0,0,44725,0,130,0,0,0,1520,3624,177,0,0,0,0,0,0,0,0,0,0,0,0,0,0,0,0,44725,0,130,0,0,0,1791,3365,165,0,0,0,0,0,0,0,0,0,0,0,0,0,0,0,0,44725,TCGA-OL-A66P-DX1_xmin30143_ymin20310_MPP-0.2500+162
143,0,0,10592,0,0,0,0,0,0,0,0,0,0,0,0,0,0,0,0,0,0,0,0,39441,175,0,0,10560,0,0,0,0,0,0,0,0,0,0,0,0,0,0,0,0,0,0,0,0,39441,262,0,0,10473,0,0,0,0,0,0,0,0,0,0,0,0,0,0,0,0,0,0,0,0,39441,TCGA-OL-A66P-DX1_xmin30143_ymin20310_MPP-0.2500+163
6436,2124,0,0,0,4601,14012,0,0,0,0,0,0,0,0,0,0,0,0,0,0,0,0,0,23003,6430,2130,0,0,0,4728,13885,0,0,0,0,0,0,0,0,0,0,0,0,0,0,0,0,0,23003,6567,1993,0,0,0,5469,13144,0,0,0,0,0,0,0,0,0,0,0,0,0,0,0,0,0,23003,TCGA-OL-A66P-DX1_xmin30143_ymin20310_MPP-0.2500+164
12225,3142,0,0,0,4102,24956,0,0,0,0,0,0,0,0,0,0,0,0,0,0,0,0,0,5751,12188,3179,0,0,0,3892,25166,0,0,0,0,0,0,0,0,0,0,0,0,0,0,0,0,0,5751,12599,2768,0,0,0,4355,24703,0,0,0,0,0,0,0,0,0,0,0,0,0,0,0,0,0,5751,TCGA-OL-A66P-DX1_xmin30143_ymin20310_MPP-0.2500+165
48732,0,0,0,0,10,0,0,0,0,0,0,0,0,0,0,0,0,0,0,0,0,0,0,1434,48732,0,0,0,0,10,0,0,0,0,0,0,0,0,0,0,0,0,0,0,0,0,0,0,1434,48732,0,0,0,0,10,0,0,0,0,0,0,0,0,0,0,0,0,0,0,0,0,0,0,1434,TCGA-OL-A66P-DX1_xmin30143_ymin20310_MPP-0.2500+166
47609,0,0,0,0,2566,0,0,0,0,1,0,0,0,0,0,0,0,0,0,0,0,0,0,0,47609,0,0,0,0,2566,0,0,0,0,1,0,0,0,0,0,0,0,0,0,0,0,0,0,0,47609,0,0,0,0,2566,0,0,0,0,1,0,0,0,0,0,0,0,0,0,0,0,0,0,0,TCGA-OL-A66P-DX1_xmin30143_ymin20310_MPP-0.2500+167
7784,8221,0,0,0,0,5124,0,0,0,0,29047,0,0,0,0,0,0,0,0,0,0,0,0,0,8249,7756,0,0,0,0,5124,0,0,0,0,29047,0,0,0,0,0,0,0,0,0,0,0,0,0,8155,7850,0,0,0,0,5124,0,0,0,0,29047,0,0,0,0,0,0,0,0,0,0,0,0,0,TCGA-OL-A66P-DX1_xmin30143_ymin20310_MPP-0.2500+168
0,0,0,0,0,0,0,3815,0,0,4,0,46357,0,0,0,0,0,0,0,0,0,0,0,0,0,0,0,0,0,0,0,3815,0,0,4,0,46357,0,0,0,0,0,0,0,0,0,0,0,0,0,0,0,0,0,0,0,3815,0,0,4,0,46357,0,0,0,0,0,0,0,0,0,0,0,0,TCGA-OL-A66P-DX1_xmin30143_ymin20310_MPP-0.2500+169
17994,1494,0,0,0,2025,21465,0,0,0,0,0,0,0,0,0,0,0,0,0,0,0,0,0,7198,18124,1364,0,0,0,2150,21340,0,0,0,0,0,0,0,0,0,0,0,0,0,0,0,0,0,7198,18217,1271,0,0,0,2376,21114,0,0,0,0,0,0,0,0,0,0,0,0,0,0,0,0,0,7198,TCGA-OL-A66P-DX1_xmin30143_ymin20310_MPP-0.2500+17
0,0,0,0,0,0,11052,363,0,0,4,3595,1055,0,0,0,0,0,0,0,0,0,0,0,34107,0,0,0,0,0,0,10937,478,0,0,0,3567,1087,0,0,0,0,0,0,0,0,0,0,0,34107,0,0,0,0,0,0,10998,417,0,0,0,3594,1060,0,0,0,0,0,0,0,0,0,0,0,34107,TCGA-OL-A66P-DX1_xmin30143_ymin20310_MPP-0.2500+170
0,0,0,0,0,0,3225,0,0,0,0,0,0,0,0,0,0,0,0,0,0,0,0,0,46951,0,0,0,0,0,0,3225,0,0,0,0,0,0,0,0,0,0,0,0,0,0,0,0,0,46951,0,0,0,0,0,0,3225,0,0,0,0,0,0,0,0,0,0,0,0,0,0,0,0,0,46951,TCGA-OL-A66P-DX1_xmin30143_ymin20310_MPP-0.2500+171
551,12208,0,0,0,386,8006,0,0,0,0,0,0,0,0,0,0,0,0,0,0,0,0,0,29025,1,12758,0,0,0,0,8392,0,0,0,0,0,0,0,0,0,0,0,0,0,0,0,0,0,29025,245,12514,0,0,0,139,8253,0,0,0,0,0,0,0,0,0,0,0,0,0,0,0,0,0,29025,TCGA-OL-A66P-DX1_xmin30143_ymin20310_MPP-0.2500+172
0,1671,0,0,0,0,0,0,0,0,0,0,0,0,0,0,0,0,0,0,0,0,0,0,48505,0,1671,0,0,0,0,0,0,0,0,0,0,0,0,0,0,0,0,0,0,0,0,0,0,48505,0,1671,0,0,0,0,0,0,0,0,0,0,0,0,0,0,0,0,0,0,0,0,0,0,48505,TCGA-OL-A66P-DX1_xmin30143_ymin20310_MPP-0.2500+173
0,1423,0,0,0,0,0,0,0,0,0,0,0,0,0,0,0,0,0,0,0,0,0,0,48753,0,1423,0,0,0,0,0,0,0,0,0,0,0,0,0,0,0,0,0,0,0,0,0,0,48753,0,1423,0,0,0,0,0,0,0,0,0,0,0,0,0,0,0,0,0,0,0,0,0,0,48753,TCGA-OL-A66P-DX1_xmin30143_ymin20310_MPP-0.2500+174
0,847,0,0,0,0,0,0,0,0,0,0,0,0,0,0,0,0,0,0,0,0,0,0,49329,0,847,0,0,0,0,0,0,0,0,0,0,0,0,0,0,0,0,0,0,0,0,0,0,49329,0,847,0,0,0,0,0,0,0,0,0,0,0,0,0,0,0,0,0,0,0,0,0,0,49329,TCGA-OL-A66P-DX1_xmin30143_ymin20310_MPP-0.2500+175
0,0,0,0,0,0,27667,0,0,0,0,0,0,0,0,0,0,0,0,0,0,0,0,0,22509,0,0,0,0,0,0,27667,0,0,0,0,0,0,0,0,0,0,0,0,0,0,0,0,0,22509,0,0,0,0,0,0,27667,0,0,0,0,0,0,0,0,0,0,0,0,0,0,0,0,0,22509,TCGA-OL-A66P-DX1_xmin30143_ymin20310_MPP-0.2500+176
11351,0,0,0,0,37066,0,0,0,0,541,0,0,0,0,0,0,0,0,0,0,0,0,0,1218,11351,0,0,0,0,37066,0,0,0,0,541,0,0,0,0,0,0,0,0,0,0,0,0,0,1218,11351,0,0,0,0,37066,0,0,0,0,541,0,0,0,0,0,0,0,0,0,0,0,0,0,1218,TCGA-OL-A66P-DX1_xmin30143_ymin20310_MPP-0.2500+177
1988,1346,0,0,0,1491,28766,3824,0,0,1182,6663,4916,0,0,0,0,0,0,0,0,0,0,0,0,1964,1370,0,0,0,1455,28811,3815,0,0,1146,6660,4955,0,0,0,0,0,0,0,0,0,0,0,0,1943,1391,0,0,0,1458,26646,5977,0,0,1141,6380,5240,0,0,0,0,0,0,0,0,0,0,0,0,TCGA-OL-A66P-DX1_xmin30143_ymin20310_MPP-0.2500+178
0,0,0,0,0,0,3291,0,0,0,0,28915,17970,0,0,0,0,0,0,0,0,0,0,0,0,0,0,0,0,0,0,3291,0,0,0,0,28484,18401,0,0,0,0,0,0,0,0,0,0,0,0,0,0,0,0,0,0,3291,0,0,0,0,27937,18948,0,0,0,0,0,0,0,0,0,0,0,0,TCGA-OL-A66P-DX1_xmin30143_ymin20310_MPP-0.2500+179
0,9899,0,0,0,0,27675,0,0,0,0,2922,0,0,0,0,0,0,0,0,0,0,0,0,9680,0,9899,0,0,0,0,27675,0,0,0,0,2922,0,0,0,0,0,0,0,0,0,0,0,0,9680,0,9899,0,0,0,0,27675,0,0,0,0,2922,0,0,0,0,0,0,0,0,0,0,0,0,9680,TCGA-OL-A66P-DX1_xmin30143_ymin20310_MPP-0.2500+18
0,0,0,0,0,0,0,0,0,0,0,0,50176,0,0,0,0,0,0,0,0,0,0,0,0,0,0,0,0,0,0,0,0,0,0,0,0,50176,0,0,0,0,0,0,0,0,0,0,0,0,0,0,0,0,0,0,0,0,0,0,0,0,50176,0,0,0,0,0,0,0,0,0,0,0,0,TCGA-OL-A66P-DX1_xmin30143_ymin20310_MPP-0.2500+180
0,0,0,0,0,0,3898,171,0,0,0,7536,12175,0,0,0,0,0,0,0,0,0,0,0,26396,0,0,0,0,0,0,3894,175,0,0,0,7077,12634,0,0,0,0,0,0,0,0,0,0,0,26396,0,0,0,0,0,0,3845,224,0,0,0,6276,13435,0,0,0,0,0,0,0,0,0,0,0,26396,TCGA-OL-A66P-DX1_xmin30143_ymin20310_MPP-0.2500+181
0,0,0,0,0,0,3242,3,0,0,0,0,0,0,0,0,0,0,0,0,0,0,0,0,46931,0,0,0,0,0,0,3241,4,0,0,0,0,0,0,0,0,0,0,0,0,0,0,0,0,46931,0,0,0,0,0,0,3241,4,0,0,0,0,0,0,0,0,0,0,0,0,0,0,0,0,46931,TCGA-OL-A66P-DX1_xmin30143_ymin20310_MPP-0.2500+182
0,0,0,0,0,0,6816,0,0,0,0,0,0,0,0,0,0,0,0,0,0,0,0,0,43360,0,0,0,0,0,0,6816,0,0,0,0,0,0,0,0,0,0,0,0,0,0,0,0,0,43360,0,0,0,0,0,0,6816,0,0,0,0,0,0,0,0,0,0,0,0,0,0,0,0,0,43360,TCGA-OL-A66P-DX1_xmin30143_ymin20310_MPP-0.2500+183
0,0,0,0,0,0,3060,0,0,0,0,0,0,0,0,0,0,0,0,0,0,0,0,0,47116,0,0,0,0,0,0,3060,0,0,0,0,0,0,0,0,0,0,0,0,0,0,0,0,0,47116,0,0,0,0,0,0,3060,0,0,0,0,0,0,0,0,0,0,0,0,0,0,0,0,0,47116,TCGA-OL-A66P-DX1_xmin30143_ymin20310_MPP-0.2500+184
0,0,0,0,0,0,27800,0,0,0,0,0,0,0,0,0,0,0,0,0,0,0,0,0,22376,0,0,0,0,0,0,27800,0,0,0,0,0,0,0,0,0,0,0,0,0,0,0,0,0,22376,0,0,0,0,0,0,27800,0,0,0,0,0,0,0,0,0,0,0,0,0,0,0,0,0,22376,TCGA-OL-A66P-DX1_xmin30143_ymin20310_MPP-0.2500+185
0,0,0,0,0,0,23767,0,0,0,0,0,0,0,0,0,0,0,0,0,0,0,0,0,26409,0,0,0,0,0,0,23767,0,0,0,0,0,0,0,0,0,0,0,0,0,0,0,0,0,26409,0,0,0,0,0,0,23767,0,0,0,0,0,0,0,0,0,0,0,0,0,0,0,0,0,26409,TCGA-OL-A66P-DX1_xmin30143_ymin20310_MPP-0.2500+186
0,0,0,0,0,0,43523,0,0,0,0,553,0,0,0,0,0,0,0,0,0,0,0,0,6100,0,0,0,0,0,0,43523,0,0,0,0,553,0,0,0,0,0,0,0,0,0,0,0,0,6100,0,0,0,0,0,0,43523,0,0,0,0,553,0,0,0,0,0,0,0,0,0,0,0,0,6100,TCGA-OL-A66P-DX1_xmin30143_ymin20310_MPP-0.2500+187
0,0,0,0,0,0,38141,0,0,0,0,12035,0,0,0,0,0,0,0,0,0,0,0,0,0,0,0,0,0,0,0,38141,0,0,0,0,12035,0,0,0,0,0,0,0,0,0,0,0,0,0,0,0,0,0,0,0,38141,0,0,0,0,12035,0,0,0,0,0,0,0,0,0,0,0,0,0,TCGA-OL-A66P-DX1_xmin30143_ymin20310_MPP-0.2500+188
0,0,0,0,0,0,40417,0,0,0,0,9759,0,0,0,0,0,0,0,0,0,0,0,0,0,0,0,0,0,0,0,40417,0,0,0,0,9759,0,0,0,0,0,0,0,0,0,0,0,0,0,0,0,0,0,0,0,40417,0,0,0,0,9759,0,0,0,0,0,0,0,0,0,0,0,0,0,TCGA-OL-A66P-DX1_xmin30143_ymin20310_MPP-0.2500+189
47246,0,0,0,0,2511,0,0,0,0,419,0,0,0,0,0,0,0,0,0,0,0,0,0,0,47246,0,0,0,0,2511,0,0,0,0,419,0,0,0,0,0,0,0,0,0,0,0,0,0,0,47246,0,0,0,0,2511,0,0,0,0,419,0,0,0,0,0,0,0,0,0,0,0,0,0,0,TCGA-OL-A66P-DX1_xmin30143_ymin20310_MPP-0.2500+19
0,0,0,0,0,0,26122,2210,0,0,0,9831,12013,0,0,0,0,0,0,0,0,0,0,0,0,0,0,0,0,0,0,26175,2157,0,0,0,9766,12078,0,0,0,0,0,0,0,0,0,0,0,0,0,0,0,0,0,0,25716,2616,0,0,0,9731,12113,0,0,0,0,0,0,0,0,0,0,0,0,TCGA-OL-A66P-DX1_xmin30143_ymin20310_MPP-0.2500+190
0,0,0,0,0,0,26016,0,0,0,0,4671,0,0,0,0,0,0,0,0,0,0,0,0,19489,0,0,0,0,0,0,26016,0,0,0,0,4671,0,0,0,0,0,0,0,0,0,0,0,0,19489,0,0,0,0,0,0,26016,0,0,0,0,4671,0,0,0,0,0,0,0,0,0,0,0,0,19489,TCGA-OL-A66P-DX1_xmin30143_ymin20310_MPP-0.2500+191
0,0,0,0,0,0,13887,0,0,0,0,0,0,0,0,0,0,0,0,0,0,0,0,0,36289,0,0,0,0,0,0,13887,0,0,0,0,0,0,0,0,0,0,0,0,0,0,0,0,0,36289,0,0,0,0,0,0,13887,0,0,0,0,0,0,0,0,0,0,0,0,0,0,0,0,0,36289,TCGA-OL-A66P-DX1_xmin30143_ymin20310_MPP-0.2500+192
0,0,0,0,0,0,21055,0,0,0,0,0,0,0,0,0,0,0,0,0,0,0,0,0,29121,0,0,0,0,0,0,21055,0,0,0,0,0,0,0,0,0,0,0,0,0,0,0,0,0,29121,0,0,0,0,0,0,21055,0,0,0,0,0,0,0,0,0,0,0,0,0,0,0,0,0,29121,TCGA-OL-A66P-DX1_xmin30143_ymin20310_MPP-0.2500+193
0,0,0,0,0,0,15612,3258,0,0,0,123,1481,0,0,0,0,0,0,0,0,0,0,0,29702,0,0,0,0,0,0,15194,3676,0,0,0,123,1481,0,0,0,0,0,0,0,0,0,0,0,29702,0,0,0,0,0,0,14967,3903,0,0,0,123,1481,0,0,0,0,0,0,0,0,0,0,0,29702,TCGA-OL-A66P-DX1_xmin30143_ymin20310_MPP-0.2500+194
0,0,0,0,0,0,1507,0,0,0,0,0,0,0,0,0,0,0,0,0,0,0,0,0,48669,0,0,0,0,0,0,1507,0,0,0,0,0,0,0,0,0,0,0,0,0,0,0,0,0,48669,0,0,0,0,0,0,1507,0,0,0,0,0,0,0,0,0,0,0,0,0,0,0,0,0,48669,TCGA-OL-A66P-DX1_xmin30143_ymin20310_MPP-0.2500+195
0,0,0,0,0,0,1046,0,0,0,0,0,0,0,0,0,0,0,0,0,0,0,0,0,49130,0,0,0,0,0,0,1046,0,0,0,0,0,0,0,0,0,0,0,0,0,0,0,0,0,49130,0,0,0,0,0,0,1046,0,0,0,0,0,0,0,0,0,0,0,0,0,0,0,0,0,49130,TCGA-OL-A66P-DX1_xmin30143_ymin20310_MPP-0.2500+196
0,0,0,0,0,0,30814,0,0,0,0,0,0,0,0,0,0,0,0,0,0,0,0,0,19362,0,0,0,0,0,0,30814,0,0,0,0,0,0,0,0,0,0,0,0,0,0,0,0,0,19362,0,0,0,0,0,0,30814,0,0,0,0,0,0,0,0,0,0,0,0,0,0,0,0,0,19362,TCGA-OL-A66P-DX1_xmin30143_ymin20310_MPP-0.2500+197
0,0,0,0,0,0,50176,0,0,0,0,0,0,0,0,0,0,0,0,0,0,0,0,0,0,0,0,0,0,0,0,50176,0,0,0,0,0,0,0,0,0,0,0,0,0,0,0,0,0,0,0,0,0,0,0,0,50176,0,0,0,0,0,0,0,0,0,0,0,0,0,0,0,0,0,0,TCGA-OL-A66P-DX1_xmin30143_ymin20310_MPP-0.2500+198
0,0,0,0,0,0,50176,0,0,0,0,0,0,0,0,0,0,0,0,0,0,0,0,0,0,0,0,0,0,0,0,50176,0,0,0,0,0,0,0,0,0,0,0,0,0,0,0,0,0,0,0,0,0,0,0,0,50176,0,0,0,0,0,0,0,0,0,0,0,0,0,0,0,0,0,0,TCGA-OL-A66P-DX1_xmin30143_ymin20310_MPP-0.2500+199
50118,0,0,0,0,58,0,0,0,0,0,0,0,0,0,0,0,0,0,0,0,0,0,0,0,50118,0,0,0,0,58,0,0,0,0,0,0,0,0,0,0,0,0,0,0,0,0,0,0,0,50118,0,0,0,0,58,0,0,0,0,0,0,0,0,0,0,0,0,0,0,0,0,0,0,0,TCGA-OL-A66P-DX1_xmin30143_ymin20310_MPP-0.2500+2
50176,0,0,0,0,0,0,0,0,0,0,0,0,0,0,0,0,0,0,0,0,0,0,0,0,50176,0,0,0,0,0,0,0,0,0,0,0,0,0,0,0,0,0,0,0,0,0,0,0,0,50176,0,0,0,0,0,0,0,0,0,0,0,0,0,0,0,0,0,0,0,0,0,0,0,0,TCGA-OL-A66P-DX1_xmin30143_ymin20310_MPP-0.2500+20
0,0,0,0,0,0,50176,0,0,0,0,0,0,0,0,0,0,0,0,0,0,0,0,0,0,0,0,0,0,0,0,50176,0,0,0,0,0,0,0,0,0,0,0,0,0,0,0,0,0,0,0,0,0,0,0,0,50176,0,0,0,0,0,0,0,0,0,0,0,0,0,0,0,0,0,0,TCGA-OL-A66P-DX1_xmin30143_ymin20310_MPP-0.2500+200
0,0,0,0,0,0,50176,0,0,0,0,0,0,0,0,0,0,0,0,0,0,0,0,0,0,0,0,0,0,0,0,50176,0,0,0,0,0,0,0,0,0,0,0,0,0,0,0,0,0,0,0,0,0,0,0,0,50176,0,0,0,0,0,0,0,0,0,0,0,0,0,0,0,0,0,0,TCGA-OL-A66P-DX1_xmin30143_ymin20310_MPP-0.2500+201
0,0,0,0,0,0,49444,0,0,0,0,0,0,0,0,0,0,0,0,0,0,0,0,0,732,0,0,0,0,0,0,49444,0,0,0,0,0,0,0,0,0,0,0,0,0,0,0,0,0,732,0,0,0,0,0,0,49444,0,0,0,0,0,0,0,0,0,0,0,0,0,0,0,0,0,732,TCGA-OL-A66P-DX1_xmin30143_ymin20310_MPP-0.2500+202
0,0,0,0,0,0,41115,0,0,0,0,2432,0,0,0,0,0,0,0,0,0,0,0,0,6629,0,0,0,0,0,0,41115,0,0,0,0,2432,0,0,0,0,0,0,0,0,0,0,0,0,6629,0,0,0,0,0,0,41115,0,0,0,0,2432,0,0,0,0,0,0,0,0,0,0,0,0,6629,TCGA-OL-A66P-DX1_xmin30143_ymin20310_MPP-0.2500+203
0,0,0,0,0,0,49812,0,0,0,0,0,0,0,0,0,0,0,0,0,0,0,0,0,364,0,0,0,0,0,0,49812,0,0,0,0,0,0,0,0,0,0,0,0,0,0,0,0,0,364,0,0,0,0,0,0,49812,0,0,0,0,0,0,0,0,0,0,0,0,0,0,0,0,0,364,TCGA-OL-A66P-DX1_xmin30143_ymin20310_MPP-0.2500+204
0,0,0,0,0,0,34549,0,0,0,0,0,0,0,0,0,0,0,0,0,0,0,0,0,15627,0,0,0,0,0,0,34549,0,0,0,0,0,0,0,0,0,0,0,0,0,0,0,0,0,15627,0,0,0,0,0,0,34549,0,0,0,0,0,0,0,0,0,0,0,0,0,0,0,0,0,15627,TCGA-OL-A66P-DX1_xmin30143_ymin20310_MPP-0.2500+205
0,0,0,0,0,0,35143,0,0,0,0,0,0,0,0,0,0,0,0,0,0,0,0,0,15033,0,0,0,0,0,0,35143,0,0,0,0,0,0,0,0,0,0,0,0,0,0,0,0,0,15033,0,0,0,0,0,0,35143,0,0,0,0,0,0,0,0,0,0,0,0,0,0,0,0,0,15033,TCGA-OL-A66P-DX1_xmin30143_ymin20310_MPP-0.2500+206
0,0,0,0,0,0,27824,0,0,0,0,3622,0,0,0,0,0,0,0,0,0,0,0,0,18730,0,0,0,0,0,0,25194,2630,0,0,0,168,3454,0,0,0,0,0,0,0,0,0,0,0,18730,0,0,0,0,0,0,27824,0,0,0,0,3622,0,0,0,0,0,0,0,0,0,0,0,0,18730,TCGA-OL-A66P-DX1_xmin30143_ymin20310_MPP-0.2500+207
0,0,0,0,0,0,18214,4486,0,0,0,2117,5022,0,0,0,0,0,0,0,0,0,0,0,20337,0,0,0,0,0,0,18147,4553,0,0,0,2036,5103,0,0,0,0,0,0,0,0,0,0,0,20337,0,0,0,0,0,0,17036,5664,0,0,0,1822,5317,0,0,0,0,0,0,0,0,0,0,0,20337,TCGA-OL-A66P-DX1_xmin30143_ymin20310_MPP-0.2500+208
0,0,0,0,0,0,50176,0,0,0,0,0,0,0,0,0,0,0,0,0,0,0,0,0,0,0,0,0,0,0,0,50176,0,0,0,0,0,0,0,0,0,0,0,0,0,0,0,0,0,0,0,0,0,0,0,0,50176,0,0,0,0,0,0,0,0,0,0,0,0,0,0,0,0,0,0,TCGA-OL-A66P-DX1_xmin30143_ymin20310_MPP-0.2500+209
28925,4525,0,0,0,3405,13321,0,0,0,0,0,0,0,0,0,0,0,0,0,0,0,0,0,0,28334,5116,0,0,0,3173,13553,0,0,0,0,0,0,0,0,0,0,0,0,0,0,0,0,0,0,28942,4508,0,0,0,3364,13362,0,0,0,0,0,0,0,0,0,0,0,0,0,0,0,0,0,0,TCGA-OL-A66P-DX1_xmin30143_ymin20310_MPP-0.2500+21
0,0,0,0,0,0,50176,0,0,0,0,0,0,0,0,0,0,0,0,0,0,0,0,0,0,0,0,0,0,0,0,50176,0,0,0,0,0,0,0,0,0,0,0,0,0,0,0,0,0,0,0,0,0,0,0,0,50176,0,0,0,0,0,0,0,0,0,0,0,0,0,0,0,0,0,0,TCGA-OL-A66P-DX1_xmin30143_ymin20310_MPP-0.2500+210
0,0,0,0,0,0,50176,0,0,0,0,0,0,0,0,0,0,0,0,0,0,0,0,0,0,0,0,0,0,0,0,50176,0,0,0,0,0,0,0,0,0,0,0,0,0,0,0,0,0,0,0,0,0,0,0,0,50176,0,0,0,0,0,0,0,0,0,0,0,0,0,0,0,0,0,0,TCGA-OL-A66P-DX1_xmin30143_ymin20310_MPP-0.2500+211
0,0,0,0,0,0,50176,0,0,0,0,0,0,0,0,0,0,0,0,0,0,0,0,0,0,0,0,0,0,0,0,50176,0,0,0,0,0,0,0,0,0,0,0,0,0,0,0,0,0,0,0,0,0,0,0,0,50176,0,0,0,0,0,0,0,0,0,0,0,0,0,0,0,0,0,0,TCGA-OL-A66P-DX1_xmin30143_ymin20310_MPP-0.2500+212
0,0,0,0,0,0,42540,0,0,0,0,7636,0,0,0,0,0,0,0,0,0,0,0,0,0,0,0,0,0,0,0,42540,0,0,0,0,7636,0,0,0,0,0,0,0,0,0,0,0,0,0,0,0,0,0,0,0,42540,0,0,0,0,7636,0,0,0,0,0,0,0,0,0,0,0,0,0,TCGA-OL-A66P-DX1_xmin30143_ymin20310_MPP-0.2500+213
0,0,0,0,0,0,50176,0,0,0,0,0,0,0,0,0,0,0,0,0,0,0,0,0,0,0,0,0,0,0,0,50176,0,0,0,0,0,0,0,0,0,0,0,0,0,0,0,0,0,0,0,0,0,0,0,0,50176,0,0,0,0,0,0,0,0,0,0,0,0,0,0,0,0,0,0,TCGA-OL-A66P-DX1_xmin30143_ymin20310_MPP-0.2500+214
0,0,0,0,0,0,50176,0,0,0,0,0,0,0,0,0,0,0,0,0,0,0,0,0,0,0,0,0,0,0,0,50176,0,0,0,0,0,0,0,0,0,0,0,0,0,0,0,0,0,0,0,0,0,0,0,0,50176,0,0,0,0,0,0,0,0,0,0,0,0,0,0,0,0,0,0,TCGA-OL-A66P-DX1_xmin30143_ymin20310_MPP-0.2500+215
0,0,0,0,0,0,50176,0,0,0,0,0,0,0,0,0,0,0,0,0,0,0,0,0,0,0,0,0,0,0,0,50176,0,0,0,0,0,0,0,0,0,0,0,0,0,0,0,0,0,0,0,0,0,0,0,0,50176,0,0,0,0,0,0,0,0,0,0,0,0,0,0,0,0,0,0,TCGA-OL-A66P-DX1_xmin30143_ymin20310_MPP-0.2500+216
0,0,0,0,0,0,45445,0,0,0,0,1258,0,0,0,0,0,0,0,0,0,0,0,0,3473,0,0,0,0,0,0,45445,0,0,0,0,1258,0,0,0,0,0,0,0,0,0,0,0,0,3473,0,0,0,0,0,0,45445,0,0,0,0,1258,0,0,0,0,0,0,0,0,0,0,0,0,3473,TCGA-OL-A66P-DX1_xmin30143_ymin20310_MPP-0.2500+217
0,0,0,0,0,0,50176,0,0,0,0,0,0,0,0,0,0,0,0,0,0,0,0,0,0,0,0,0,0,0,0,50176,0,0,0,0,0,0,0,0,0,0,0,0,0,0,0,0,0,0,0,0,0,0,0,0,50176,0,0,0,0,0,0,0,0,0,0,0,0,0,0,0,0,0,0,TCGA-OL-A66P-DX1_xmin30143_ymin20310_MPP-0.2500+218
0,0,0,0,0,0,50176,0,0,0,0,0,0,0,0,0,0,0,0,0,0,0,0,0,0,0,0,0,0,0,0,50176,0,0,0,0,0,0,0,0,0,0,0,0,0,0,0,0,0,0,0,0,0,0,0,0,50176,0,0,0,0,0,0,0,0,0,0,0,0,0,0,0,0,0,0,TCGA-OL-A66P-DX1_xmin30143_ymin20310_MPP-0.2500+219
0,0,0,0,0,0,40029,0,0,0,0,0,0,0,0,0,0,0,0,0,0,0,0,0,10147,0,0,0,0,0,0,40029,0,0,0,0,0,0,0,0,0,0,0,0,0,0,0,0,0,10147,0,0,0,0,0,0,40029,0,0,0,0,0,0,0,0,0,0,0,0,0,0,0,0,0,10147,TCGA-OL-A66P-DX1_xmin30143_ymin20310_MPP-0.2500+22
0,0,0,0,0,0,50176,0,0,0,0,0,0,0,0,0,0,0,0,0,0,0,0,0,0,0,0,0,0,0,0,50176,0,0,0,0,0,0,0,0,0,0,0,0,0,0,0,0,0,0,0,0,0,0,0,0,50176,0,0,0,0,0,0,0,0,0,0,0,0,0,0,0,0,0,0,TCGA-OL-A66P-DX1_xmin30143_ymin20310_MPP-0.2500+220
0,0,0,0,0,0,50176,0,0,0,0,0,0,0,0,0,0,0,0,0,0,0,0,0,0,0,0,0,0,0,0,50176,0,0,0,0,0,0,0,0,0,0,0,0,0,0,0,0,0,0,0,0,0,0,0,0,50176,0,0,0,0,0,0,0,0,0,0,0,0,0,0,0,0,0,0,TCGA-OL-A66P-DX1_xmin30143_ymin20310_MPP-0.2500+221
0,0,0,0,0,0,49780,0,0,0,0,0,0,0,0,0,0,0,0,0,0,0,0,0,396,0,0,0,0,0,0,49780,0,0,0,0,0,0,0,0,0,0,0,0,0,0,0,0,0,396,0,0,0,0,0,0,49780,0,0,0,0,0,0,0,0,0,0,0,0,0,0,0,0,0,396,TCGA-OL-A66P-DX1_xmin30143_ymin20310_MPP-0.2500+222
0,0,0,0,0,0,50176,0,0,0,0,0,0,0,0,0,0,0,0,0,0,0,0,0,0,0,0,0,0,0,0,50176,0,0,0,0,0,0,0,0,0,0,0,0,0,0,0,0,0,0,0,0,0,0,0,0,50176,0,0,0,0,0,0,0,0,0,0,0,0,0,0,0,0,0,0,TCGA-OL-A66P-DX1_xmin30143_ymin20310_MPP-0.2500+223
0,0,0,0,0,0,38587,0,0,0,0,0,0,0,0,0,0,0,0,0,0,0,0,0,11589,0,0,0,0,0,0,38587,0,0,0,0,0,0,0,0,0,0,0,0,0,0,0,0,0,11589,0,0,0,0,0,0,38587,0,0,0,0,0,0,0,0,0,0,0,0,0,0,0,0,0,11589,TCGA-OL-A66P-DX1_xmin30143_ymin20310_MPP-0.2500+224
0,0,0,0,0,0,41054,991,0,0,0,0,0,0,0,0,0,0,0,0,0,0,0,0,8131,0,0,0,0,0,0,41033,1012,0,0,0,0,0,0,0,0,0,0,0,0,0,0,0,0,8131,0,0,0,0,0,0,40967,1078,0,0,0,0,0,0,0,0,0,0,0,0,0,0,0,0,8131,TCGA-OL-A66P-DX1_xmin30143_ymin20310_MPP-0.2500+225
0,0,0,0,0,0,50176,0,0,0,0,0,0,0,0,0,0,0,0,0,0,0,0,0,0,0,0,0,0,0,0,50176,0,0,0,0,0,0,0,0,0,0,0,0,0,0,0,0,0,0,0,0,0,0,0,0,50176,0,0,0,0,0,0,0,0,0,0,0,0,0,0,0,0,0,0,TCGA-OL-A66P-DX1_xmin30143_ymin20310_MPP-0.2500+226
0,0,0,0,0,0,48478,0,0,0,0,0,0,0,0,0,0,0,0,0,0,0,0,0,1698,0,0,0,0,0,0,48478,0,0,0,0,0,0,0,0,0,0,0,0,0,0,0,0,0,1698,0,0,0,0,0,0,48478,0,0,0,0,0,0,0,0,0,0,0,0,0,0,0,0,0,1698,TCGA-OL-A66P-DX1_xmin30143_ymin20310_MPP-0.2500+23
0,0,0,0,0,0,35662,0,0,0,0,0,0,0,0,0,0,0,0,0,0,0,0,0,14514,0,0,0,0,0,0,35662,0,0,0,0,0,0,0,0,0,0,0,0,0,0,0,0,0,14514,0,0,0,0,0,0,35662,0,0,0,0,0,0,0,0,0,0,0,0,0,0,0,0,0,14514,TCGA-OL-A66P-DX1_xmin30143_ymin20310_MPP-0.2500+24
0,0,0,0,0,0,47133,0,0,0,0,0,0,0,0,0,0,0,0,0,0,0,0,0,3043,0,0,0,0,0,0,47133,0,0,0,0,0,0,0,0,0,0,0,0,0,0,0,0,0,3043,0,0,0,0,0,0,47133,0,0,0,0,0,0,0,0,0,0,0,0,0,0,0,0,0,3043,TCGA-OL-A66P-DX1_xmin30143_ymin20310_MPP-0.2500+25
0,8935,0,0,0,0,33069,0,0,0,0,0,0,0,0,0,0,0,0,0,0,0,0,0,8172,0,8935,0,0,0,0,33069,0,0,0,0,0,0,0,0,0,0,0,0,0,0,0,0,0,8172,0,8935,0,0,0,0,33069,0,0,0,0,0,0,0,0,0,0,0,0,0,0,0,0,0,8172,TCGA-OL-A66P-DX1_xmin30143_ymin20310_MPP-0.2500+26
42806,1626,0,0,0,544,5186,0,0,0,0,0,0,0,0,0,0,0,0,0,0,0,0,0,14,42989,1443,0,0,0,567,5163,0,0,0,0,0,0,0,0,0,0,0,0,0,0,0,0,0,14,42851,1581,0,0,0,537,5193,0,0,0,0,0,0,0,0,0,0,0,0,0,0,0,0,0,14,TCGA-OL-A66P-DX1_xmin30143_ymin20310_MPP-0.2500+27
23000,7616,0,0,0,1218,8225,0,0,0,0,0,0,0,0,0,0,0,0,0,0,0,0,0,10117,23522,7094,0,0,0,1289,8154,0,0,0,0,0,0,0,0,0,0,0,0,0,0,0,0,0,10117,23307,7309,0,0,0,1273,8170,0,0,0,0,0,0,0,0,0,0,0,0,0,0,0,0,0,10117,TCGA-OL-A66P-DX1_xmin30143_ymin20310_MPP-0.2500+28
20119,29473,0,0,0,0,498,0,0,0,0,0,0,0,0,0,0,0,0,0,0,0,0,0,86,21838,27754,0,0,0,0,498,0,0,0,0,0,0,0,0,0,0,0,0,0,0,0,0,0,86,20983,28609,0,0,0,0,498,0,0,0,0,0,0,0,0,0,0,0,0,0,0,0,0,0,86,TCGA-OL-A66P-DX1_xmin30143_ymin20310_MPP-0.2500+29
23128,9562,0,0,0,665,11710,0,0,0,0,0,0,0,0,0,0,0,0,0,0,0,0,0,5111,23635,9055,0,0,0,691,11684,0,0,0,0,0,0,0,0,0,0,0,0,0,0,0,0,0,5111,23665,9025,0,0,0,744,11631,0,0,0,0,0,0,0,0,0,0,0,0,0,0,0,0,0,5111,TCGA-OL-A66P-DX1_xmin30143_ymin20310_MPP-0.2500+3
0,5935,0,0,0,0,17533,0,0,0,0,0,0,0,0,0,0,0,0,0,0,0,0,0,26708,0,5935,0,0,0,0,17533,0,0,0,0,0,0,0,0,0,0,0,0,0,0,0,0,0,26708,0,5935,0,0,0,0,17533,0,0,0,0,0,0,0,0,0,0,0,0,0,0,0,0,0,26708,TCGA-OL-A66P-DX1_xmin30143_ymin20310_MPP-0.2500+30
20004,1895,0,0,0,1471,15516,0,0,0,0,2415,0,0,0,0,0,0,0,0,0,0,0,0,8875,20243,1656,0,0,0,1537,15450,0,0,0,0,2415,0,0,0,0,0,0,0,0,0,0,0,0,8875,20331,1568,0,0,0,1417,15570,0,0,0,0,2415,0,0,0,0,0,0,0,0,0,0,0,0,8875,TCGA-OL-A66P-DX1_xmin30143_ymin20310_MPP-0.2500+31
50176,0,0,0,0,0,0,0,0,0,0,0,0,0,0,0,0,0,0,0,0,0,0,0,0,50176,0,0,0,0,0,0,0,0,0,0,0,0,0,0,0,0,0,0,0,0,0,0,0,0,50176,0,0,0,0,0,0,0,0,0,0,0,0,0,0,0,0,0,0,0,0,0,0,0,0,TCGA-OL-A66P-DX1_xmin30143_ymin20310_MPP-0.2500+32
50176,0,0,0,0,0,0,0,0,0,0,0,0,0,0,0,0,0,0,0,0,0,0,0,0,50176,0,0,0,0,0,0,0,0,0,0,0,0,0,0,0,0,0,0,0,0,0,0,0,0,50176,0,0,0,0,0,0,0,0,0,0,0,0,0,0,0,0,0,0,0,0,0,0,0,0,TCGA-OL-A66P-DX1_xmin30143_ymin20310_MPP-0.2500+33
3584,30488,0,0,0,0,8592,0,0,0,0,0,0,0,0,0,0,0,0,0,0,0,0,0,7512,3648,30424,0,0,0,0,8592,0,0,0,0,0,0,0,0,0,0,0,0,0,0,0,0,0,7512,2816,31256,0,0,0,0,8592,0,0,0,0,0,0,0,0,0,0,0,0,0,0,0,0,0,7512,TCGA-OL-A66P-DX1_xmin30143_ymin20310_MPP-0.2500+34
0,0,0,0,0,0,28519,0,0,0,0,0,0,0,0,0,0,0,0,0,0,0,0,0,21657,0,0,0,0,0,0,28519,0,0,0,0,0,0,0,0,0,0,0,0,0,0,0,0,0,21657,0,0,0,0,0,0,28519,0,0,0,0,0,0,0,0,0,0,0,0,0,0,0,0,0,21657,TCGA-OL-A66P-DX1_xmin30143_ymin20310_MPP-0.2500+35
0,0,0,0,0,0,23358,0,0,0,0,0,0,0,0,0,0,0,0,0,0,0,0,0,26818,0,0,0,0,0,0,23358,0,0,0,0,0,0,0,0,0,0,0,0,0,0,0,0,0,26818,0,0,0,0,0,0,23358,0,0,0,0,0,0,0,0,0,0,0,0,0,0,0,0,0,26818,TCGA-OL-A66P-DX1_xmin30143_ymin20310_MPP-0.2500+36
0,0,0,0,0,0,33468,0,0,0,0,0,0,0,0,0,0,0,0,0,0,0,0,0,16708,0,0,0,0,0,0,33468,0,0,0,0,0,0,0,0,0,0,0,0,0,0,0,0,0,16708,0,0,0,0,0,0,33468,0,0,0,0,0,0,0,0,0,0,0,0,0,0,0,0,0,16708,TCGA-OL-A66P-DX1_xmin30143_ymin20310_MPP-0.2500+37
0,0,0,0,0,0,36906,0,0,0,0,0,0,0,0,0,0,0,0,0,0,0,0,0,13270,0,0,0,0,0,0,36906,0,0,0,0,0,0,0,0,0,0,0,0,0,0,0,0,0,13270,0,0,0,0,0,0,36906,0,0,0,0,0,0,0,0,0,0,0,0,0,0,0,0,0,13270,TCGA-OL-A66P-DX1_xmin30143_ymin20310_MPP-0.2500+38
0,26187,0,0,0,0,23910,0,0,0,0,0,0,0,0,0,0,0,0,0,0,0,0,0,79,0,26187,0,0,0,0,23910,0,0,0,0,0,0,0,0,0,0,0,0,0,0,0,0,0,79,1,26186,0,0,0,0,23910,0,0,0,0,0,0,0,0,0,0,0,0,0,0,0,0,0,79,TCGA-OL-A66P-DX1_xmin30143_ymin20310_MPP-0.2500+39
1110,3884,0,0,0,4231,12150,0,0,0,0,0,0,0,0,0,0,0,0,0,0,0,0,0,28801,1159,3835,0,0,0,4224,12157,0,0,0,0,0,0,0,0,0,0,0,0,0,0,0,0,0,28801,935,4059,0,0,0,4306,12075,0,0,0,0,0,0,0,0,0,0,0,0,0,0,0,0,0,28801,TCGA-OL-A66P-DX1_xmin30143_ymin20310_MPP-0.2500+4
50176,0,0,0,0,0,0,0,0,0,0,0,0,0,0,0,0,0,0,0,0,0,0,0,0,50176,0,0,0,0,0,0,0,0,0,0,0,0,0,0,0,0,0,0,0,0,0,0,0,0,50176,0,0,0,0,0,0,0,0,0,0,0,0,0,0,0,0,0,0,0,0,0,0,0,0,TCGA-OL-A66P-DX1_xmin30143_ymin20310_MPP-0.2500+40
32008,2574,0,0,0,360,675,0,0,0,0,0,0,0,0,0,0,0,0,0,0,0,0,0,14559,32054,2528,0,0,0,342,693,0,0,0,0,0,0,0,0,0,0,0,0,0,0,0,0,0,14559,32136,2446,0,0,0,372,663,0,0,0,0,0,0,0,0,0,0,0,0,0,0,0,0,0,14559,TCGA-OL-A66P-DX1_xmin30143_ymin20310_MPP-0.2500+41
13110,24457,0,0,0,1181,4493,0,0,0,0,0,0,0,0,0,0,0,0,0,0,0,0,0,6935,14304,23263,0,0,0,1114,4560,0,0,0,0,0,0,0,0,0,0,0,0,0,0,0,0,0,6935,14346,23221,0,0,0,1302,4372,0,0,0,0,0,0,0,0,0,0,0,0,0,0,0,0,0,6935,TCGA-OL-A66P-DX1_xmin30143_ymin20310_MPP-0.2500+42
816,15132,0,0,0,0,15424,0,0,0,0,0,0,0,0,0,0,0,0,0,0,0,0,0,18804,352,15596,0,0,0,0,15424,0,0,0,0,0,0,0,0,0,0,0,0,0,0,0,0,0,18804,256,15692,0,0,0,0,15424,0,0,0,0,0,0,0,0,0,0,0,0,0,0,0,0,0,18804,TCGA-OL-A66P-DX1_xmin30143_ymin20310_MPP-0.2500+43
49732,0,0,0,0,91,0,0,0,0,0,0,0,0,0,0,0,0,0,0,0,0,0,0,353,49732,0,0,0,0,91,0,0,0,0,0,0,0,0,0,0,0,0,0,0,0,0,0,0,353,49732,0,0,0,0,91,0,0,0,0,0,0,0,0,0,0,0,0,0,0,0,0,0,0,353,TCGA-OL-A66P-DX1_xmin30143_ymin20310_MPP-0.2500+44
50176,0,0,0,0,0,0,0,0,0,0,0,0,0,0,0,0,0,0,0,0,0,0,0,0,50176,0,0,0,0,0,0,0,0,0,0,0,0,0,0,0,0,0,0,0,0,0,0,0,0,50176,0,0,0,0,0,0,0,0,0,0,0,0,0,0,0,0,0,0,0,0,0,0,0,0,TCGA-OL-A66P-DX1_xmin30143_ymin20310_MPP-0.2500+45
39475,7436,0,0,0,0,2165,0,0,0,0,0,0,0,0,0,0,0,0,0,0,0,0,0,1100,40172,6739,0,0,0,0,2165,0,0,0,0,0,0,0,0,0,0,0,0,0,0,0,0,0,1100,38944,7967,0,0,0,0,2165,0,0,0,0,0,0,0,0,0,0,0,0,0,0,0,0,0,1100,TCGA-OL-A66P-DX1_xmin30143_ymin20310_MPP-0.2500+46
9563,5279,0,0,0,907,18534,0,0,0,0,0,0,0,0,0,0,0,0,0,0,0,0,0,15893,9840,5002,0,0,0,930,18511,0,0,0,0,0,0,0,0,0,0,0,0,0,0,0,0,0,15893,10042,4800,0,0,0,906,18535,0,0,0,0,0,0,0,0,0,0,0,0,0,0,0,0,0,15893,TCGA-OL-A66P-DX1_xmin30143_ymin20310_MPP-0.2500+47
16,2355,0,0,0,0,35235,0,0,0,0,0,0,0,0,0,0,0,0,0,0,0,0,0,12570,0,2371,0,0,0,0,35235,0,0,0,0,0,0,0,0,0,0,0,0,0,0,0,0,0,12570,16,2355,0,0,0,0,35235,0,0,0,0,0,0,0,0,0,0,0,0,0,0,0,0,0,12570,TCGA-OL-A66P-DX1_xmin30143_ymin20310_MPP-0.2500+48
0,0,0,0,0,0,39797,0,0,0,0,0,0,0,0,0,0,0,0,0,0,0,0,0,10379,0,0,0,0,0,0,39797,0,0,0,0,0,0,0,0,0,0,0,0,0,0,0,0,0,10379,0,0,0,0,0,0,39797,0,0,0,0,0,0,0,0,0,0,0,0,0,0,0,0,0,10379,TCGA-OL-A66P-DX1_xmin30143_ymin20310_MPP-0.2500+49
45573,0,0,0,0,4603,0,0,0,0,0,0,0,0,0,0,0,0,0,0,0,0,0,0,0,45573,0,0,0,0,4603,0,0,0,0,0,0,0,0,0,0,0,0,0,0,0,0,0,0,0,45573,0,0,0,0,4603,0,0,0,0,0,0,0,0,0,0,0,0,0,0,0,0,0,0,0,TCGA-OL-A66P-DX1_xmin30143_ymin20310_MPP-0.2500+5
0,0,0,0,0,0,22518,0,0,0,0,0,0,0,0,0,0,0,0,0,0,0,0,0,27658,0,0,0,0,0,0,22518,0,0,0,0,0,0,0,0,0,0,0,0,0,0,0,0,0,27658,0,0,0,0,0,0,22503,15,0,0,0,0,0,0,0,0,0,0,0,0,0,0,0,0,27658,TCGA-OL-A66P-DX1_xmin30143_ymin20310_MPP-0.2500+50
0,11913,0,0,0,0,35130,0,0,0,0,0,0,0,0,0,0,0,0,0,0,0,0,0,3133,0,11913,0,0,0,0,35130,0,0,0,0,0,0,0,0,0,0,0,0,0,0,0,0,0,3133,0,11913,0,0,0,0,35130,0,0,0,0,0,0,0,0,0,0,0,0,0,0,0,0,0,3133,TCGA-OL-A66P-DX1_xmin30143_ymin20310_MPP-0.2500+51
43643,0,0,0,0,6533,0,0,0,0,0,0,0,0,0,0,0,0,0,0,0,0,0,0,0,43643,0,0,0,0,6533,0,0,0,0,0,0,0,0,0,0,0,0,0,0,0,0,0,0,0,43643,0,0,0,0,6533,0,0,0,0,0,0,0,0,0,0,0,0,0,0,0,0,0,0,0,TCGA-OL-A66P-DX1_xmin30143_ymin20310_MPP-0.2500+52
9000,40666,0,0,0,473,37,0,0,0,0,0,0,0,0,0,0,0,0,0,0,0,0,0,0,8182,41484,0,0,0,454,56,0,0,0,0,0,0,0,0,0,0,0,0,0,0,0,0,0,0,9574,40092,0,0,0,491,19,0,0,0,0,0,0,0,0,0,0,0,0,0,0,0,0,0,0,TCGA-OL-A66P-DX1_xmin30143_ymin20310_MPP-0.2500+53
18365,13111,0,0,0,148,980,0,0,0,0,0,0,0,0,0,0,0,0,0,0,0,0,0,17572,19016,12460,0,0,0,168,960,0,0,0,0,0,0,0,0,0,0,0,0,0,0,0,0,0,17572,18301,13175,0,0,0,163,965,0,0,0,0,0,0,0,0,0,0,0,0,0,0,0,0,0,17572,TCGA-OL-A66P-DX1_xmin30143_ymin20310_MPP-0.2500+54
23791,5167,0,0,0,1185,3935,0,0,0,0,0,0,0,0,0,0,0,0,0,0,0,0,0,16098,24038,4920,0,0,0,1093,4027,0,0,0,0,0,0,0,0,0,0,0,0,0,0,0,0,0,16098,24229,4729,0,0,0,1053,4067,0,0,0,0,0,0,0,0,0,0,0,0,0,0,0,0,0,16098,TCGA-OL-A66P-DX1_xmin30143_ymin20310_MPP-0.2500+55
48389,0,0,0,0,1709,0,0,0,0,0,0,0,0,0,0,0,0,0,0,0,0,0,0,78,48389,0,0,0,0,1709,0,0,0,0,0,0,0,0,0,0,0,0,0,0,0,0,0,0,78,48389,0,0,0,0,1709,0,0,0,0,0,0,0,0,0,0,0,0,0,0,0,0,0,0,78,TCGA-OL-A66P-DX1_xmin30143_ymin20310_MPP-0.2500+56
48191,0,0,0,0,1982,0,0,0,0,0,0,0,0,0,0,0,0,0,0,0,0,0,0,3,48191,0,0,0,0,1982,0,0,0,0,0,0,0,0,0,0,0,0,0,0,0,0,0,0,3,48191,0,0,0,0,1982,0,0,0,0,0,0,0,0,0,0,0,0,0,0,0,0,0,0,3,TCGA-OL-A66P-DX1_xmin30143_ymin20310_MPP-0.2500+57
8386,3207,0,0,0,492,6435,0,0,0,0,0,0,0,0,0,0,0,0,0,0,0,0,0,31656,8419,3174,0,0,0,378,6549,0,0,0,0,0,0,0,0,0,0,0,0,0,0,0,0,0,31656,8466,3127,0,0,0,567,6360,0,0,0,0,0,0,0,0,0,0,0,0,0,0,0,0,0,31656,TCGA-OL-A66P-DX1_xmin30143_ymin20310_MPP-0.2500+58
0,1761,91,0,0,0,3880,245,0,0,0,0,0,0,0,0,0,0,0,0,0,0,0,0,44199,0,1805,47,0,0,0,4040,85,0,0,0,0,0,0,0,0,0,0,0,0,0,0,0,0,44199,0,1792,60,0,0,0,3903,222,0,0,0,0,0,0,0,0,0,0,0,0,0,0,0,0,44199,TCGA-OL-A66P-DX1_xmin30143_ymin20310_MPP-0.2500+59
30935,3185,0,0,0,0,7869,0,0,0,0,0,0,0,0,0,0,0,0,0,0,0,0,0,8187,31762,2358,0,0,0,40,7829,0,0,0,0,0,0,0,0,0,0,0,0,0,0,0,0,0,8187,31630,2490,0,0,0,57,7812,0,0,0,0,0,0,0,0,0,0,0,0,0,0,0,0,0,8187,TCGA-OL-A66P-DX1_xmin30143_ymin20310_MPP-0.2500+6
11221,22037,0,0,0,0,4421,0,0,0,0,0,0,0,0,0,0,0,0,0,0,0,0,0,12497,11372,21886,0,0,0,0,4421,0,0,0,0,0,0,0,0,0,0,0,0,0,0,0,0,0,12497,12407,20851,0,0,0,0,4421,0,0,0,0,0,0,0,0,0,0,0,0,0,0,0,0,0,12497,TCGA-OL-A66P-DX1_xmin30143_ymin20310_MPP-0.2500+60
0,35695,0,0,0,0,14419,0,0,0,0,0,0,0,0,0,0,0,0,0,0,0,0,0,62,0,35695,0,0,0,0,14419,0,0,0,0,0,0,0,0,0,0,0,0,0,0,0,0,0,62,0,35695,0,0,0,0,14419,0,0,0,0,0,0,0,0,0,0,0,0,0,0,0,0,0,62,TCGA-OL-A66P-DX1_xmin30143_ymin20310_MPP-0.2500+61
0,0,0,0,0,0,44000,0,0,0,0,0,0,0,0,0,0,0,0,0,0,0,0,0,6176,0,0,0,0,0,0,44000,0,0,0,0,0,0,0,0,0,0,0,0,0,0,0,0,0,6176,0,0,0,0,0,0,44000,0,0,0,0,0,0,0,0,0,0,0,0,0,0,0,0,0,6176,TCGA-OL-A66P-DX1_xmin30143_ymin20310_MPP-0.2500+62
0,0,0,0,0,0,30479,1494,0,0,0,0,0,0,0,0,0,0,0,0,0,0,0,0,18203,0,0,0,0,0,0,30432,1541,0,0,0,0,0,0,0,0,0,0,0,0,0,0,0,0,18203,0,0,0,0,0,0,30441,1532,0,0,0,0,0,0,0,0,0,0,0,0,0,0,0,0,18203,TCGA-OL-A66P-DX1_xmin30143_ymin20310_MPP-0.2500+63
29740,4260,0,0,0,0,14059,0,0,0,0,0,0,0,0,0,0,0,0,0,0,0,0,0,2117,29686,4314,0,0,0,0,14059,0,0,0,0,0,0,0,0,0,0,0,0,0,0,0,0,0,2117,30446,3554,0,0,0,0,14059,0,0,0,0,0,0,0,0,0,0,0,0,0,0,0,0,0,2117,TCGA-OL-A66P-DX1_xmin30143_ymin20310_MPP-0.2500+64
43763,0,0,0,0,5396,0,0,0,0,0,0,0,0,0,0,0,0,0,0,0,0,0,0,1017,43763,0,0,0,0,5396,0,0,0,0,0,0,0,0,0,0,0,0,0,0,0,0,0,0,1017,43763,0,0,0,0,5396,0,0,0,0,0,0,0,0,0,0,0,0,0,0,0,0,0,0,1017,TCGA-OL-A66P-DX1_xmin30143_ymin20310_MPP-0.2500+65
6380,6028,0,0,0,1775,6831,0,0,0,0,0,0,0,0,0,0,0,0,0,0,0,0,0,29162,6418,5990,0,0,0,1904,6702,0,0,0,0,0,0,0,0,0,0,0,0,0,0,0,0,0,29162,6162,6246,0,0,0,1898,6708,0,0,0,0,0,0,0,0,0,0,0,0,0,0,0,0,0,29162,TCGA-OL-A66P-DX1_xmin30143_ymin20310_MPP-0.2500+66
25559,12841,0,0,0,2955,5329,0,0,0,0,0,0,0,0,0,0,0,0,0,0,0,0,0,3492,25581,12819,0,0,0,2946,5338,0,0,0,0,0,0,0,0,0,0,0,0,0,0,0,0,0,3492,26609,11791,0,0,0,2857,5427,0,0,0,0,0,0,0,0,0,0,0,0,0,0,0,0,0,3492,TCGA-OL-A66P-DX1_xmin30143_ymin20310_MPP-0.2500+67
0,18669,0,0,0,0,7410,0,0,0,0,0,0,0,0,0,0,0,0,0,0,0,0,0,24097,0,18669,0,0,0,0,7410,0,0,0,0,0,0,0,0,0,0,0,0,0,0,0,0,0,24097,0,18669,0,0,0,0,7410,0,0,0,0,0,0,0,0,0,0,0,0,0,0,0,0,0,24097,TCGA-OL-A66P-DX1_xmin30143_ymin20310_MPP-0.2500+68
50176,0,0,0,0,0,0,0,0,0,0,0,0,0,0,0,0,0,0,0,0,0,0,0,0,50176,0,0,0,0,0,0,0,0,0,0,0,0,0,0,0,0,0,0,0,0,0,0,0,0,50176,0,0,0,0,0,0,0,0,0,0,0,0,0,0,0,0,0,0,0,0,0,0,0,0,TCGA-OL-A66P-DX1_xmin30143_ymin20310_MPP-0.2500+69
42138,0,0,0,0,6379,0,0,0,0,0,0,0,0,0,0,0,0,0,0,0,0,0,0,1659,42138,0,0,0,0,6379,0,0,0,0,0,0,0,0,0,0,0,0,0,0,0,0,0,0,1659,42138,0,0,0,0,6379,0,0,0,0,0,0,0,0,0,0,0,0,0,0,0,0,0,0,1659,TCGA-OL-A66P-DX1_xmin30143_ymin20310_MPP-0.2500+7
34408,0,0,0,0,7192,0,0,0,0,0,0,0,0,0,0,0,0,0,0,0,0,0,0,8576,34408,0,0,0,0,7192,0,0,0,0,0,0,0,0,0,0,0,0,0,0,0,0,0,0,8576,34408,0,0,0,0,7192,0,0,0,0,0,0,0,0,0,0,0,0,0,0,0,0,0,0,8576,TCGA-OL-A66P-DX1_xmin30143_ymin20310_MPP-0.2500+70
11406,2843,0,0,0,2012,2108,0,0,0,0,0,0,0,0,0,0,0,0,0,0,0,0,0,31807,11374,2875,0,0,0,1955,2165,0,0,0,0,0,0,0,0,0,0,0,0,0,0,0,0,0,31807,12204,2045,0,0,0,2271,1849,0,0,0,0,0,0,0,0,0,0,0,0,0,0,0,0,0,31807,TCGA-OL-A66P-DX1_xmin30143_ymin20310_MPP-0.2500+71
5125,1376,870,0,0,771,2814,986,0,0,0,0,0,0,0,0,0,0,0,0,0,0,0,0,38234,5292,1325,754,0,0,794,2838,939,0,0,0,0,0,0,0,0,0,0,0,0,0,0,0,0,38234,5025,1385,961,0,0,707,2849,1015,0,0,0,0,0,0,0,0,0,0,0,0,0,0,0,0,38234,TCGA-OL-A66P-DX1_xmin30143_ymin20310_MPP-0.2500+72
832,31755,0,0,0,0,17415,0,0,0,0,0,0,0,0,0,0,0,0,0,0,0,0,0,174,64,32523,0,0,0,0,17415,0,0,0,0,0,0,0,0,0,0,0,0,0,0,0,0,0,174,896,31691,0,0,0,0,17415,0,0,0,0,0,0,0,0,0,0,0,0,0,0,0,0,0,174,TCGA-OL-A66P-DX1_xmin30143_ymin20310_MPP-0.2500+73
11745,4652,0,0,0,4932,28847,0,0,0,0,0,0,0,0,0,0,0,0,0,0,0,0,0,0,12147,4250,0,0,0,5532,28247,0,0,0,0,0,0,0,0,0,0,0,0,0,0,0,0,0,0,12224,4173,0,0,0,5488,28291,0,0,0,0,0,0,0,0,0,0,0,0,0,0,0,0,0,0,TCGA-OL-A66P-DX1_xmin30143_ymin20310_MPP-0.2500+74
0,0,0,0,0,0,29970,0,0,0,0,0,0,0,0,0,0,0,0,0,0,0,0,0,20206,0,0,0,0,0,0,29970,0,0,0,0,0,0,0,0,0,0,0,0,0,0,0,0,0,20206,0,0,0,0,0,0,29970,0,0,0,0,0,0,0,0,0,0,0,0,0,0,0,0,0,20206,TCGA-OL-A66P-DX1_xmin30143_ymin20310_MPP-0.2500+75
0,201,0,0,0,0,31066,0,0,0,0,0,0,0,0,0,0,0,0,0,0,0,0,0,18909,0,201,0,0,0,0,31066,0,0,0,0,0,0,0,0,0,0,0,0,0,0,0,0,0,18909,0,201,0,0,0,0,31066,0,0,0,0,0,0,0,0,0,0,0,0,0,0,0,0,0,18909,TCGA-OL-A66P-DX1_xmin30143_ymin20310_MPP-0.2500+76
40112,0,0,0,0,4733,0,0,0,0,0,0,0,0,0,0,0,0,0,0,0,0,0,0,5331,40112,0,0,0,0,4733,0,0,0,0,0,0,0,0,0,0,0,0,0,0,0,0,0,0,5331,40112,0,0,0,0,4733,0,0,0,0,0,0,0,0,0,0,0,0,0,0,0,0,0,0,5331,TCGA-OL-A66P-DX1_xmin30143_ymin20310_MPP-0.2500+77
32018,0,0,0,0,8564,0,0,0,0,0,0,0,0,0,0,0,0,0,0,0,0,0,0,9594,32018,0,0,0,0,8564,0,0,0,0,0,0,0,0,0,0,0,0,0,0,0,0,0,0,9594,22868,9150,0,0,0,0,8564,0,0,0,0,0,0,0,0,0,0,0,0,0,0,0,0,0,9594,TCGA-OL-A66P-DX1_xmin30143_ymin20310_MPP-0.2500+78
47768,0,0,0,0,960,0,0,0,0,0,0,0,0,0,0,0,0,0,0,0,0,0,0,1448,47768,0,0,0,0,960,0,0,0,0,0,0,0,0,0,0,0,0,0,0,0,0,0,0,1448,47768,0,0,0,0,960,0,0,0,0,0,0,0,0,0,0,0,0,0,0,0,0,0,0,1448,TCGA-OL-A66P-DX1_xmin30143_ymin20310_MPP-0.2500+79
11996,36224,0,0,0,15,1941,0,0,0,0,0,0,0,0,0,0,0,0,0,0,0,0,0,0,12741,35479,0,0,0,47,1909,0,0,0,0,0,0,0,0,0,0,0,0,0,0,0,0,0,0,12665,35555,0,0,0,15,1941,0,0,0,0,0,0,0,0,0,0,0,0,0,0,0,0,0,0,TCGA-OL-A66P-DX1_xmin30143_ymin20310_MPP-0.2500+8
33760,0,0,0,0,4162,0,0,0,0,0,0,0,0,0,0,0,0,0,0,0,0,0,0,12254,33760,0,0,0,0,4162,0,0,0,0,0,0,0,0,0,0,0,0,0,0,0,0,0,0,12254,33760,0,0,0,0,4162,0,0,0,0,0,0,0,0,0,0,0,0,0,0,0,0,0,0,12254,TCGA-OL-A66P-DX1_xmin30143_ymin20310_MPP-0.2500+80
47205,0,0,0,0,2948,0,0,0,0,0,0,0,0,0,0,0,0,0,0,0,0,0,0,23,47205,0,0,0,0,2948,0,0,0,0,0,0,0,0,0,0,0,0,0,0,0,0,0,0,23,47205,0,0,0,0,2948,0,0,0,0,0,0,0,0,0,0,0,0,0,0,0,0,0,0,23,TCGA-OL-A66P-DX1_xmin30143_ymin20310_MPP-0.2500+81
12134,6746,0,0,0,2131,6211,0,0,0,0,0,0,0,0,0,0,0,0,0,0,0,0,0,22954,12374,6506,0,0,0,2181,6161,0,0,0,0,0,0,0,0,0,0,0,0,0,0,0,0,0,22954,13225,5655,0,0,0,2273,6069,0,0,0,0,0,0,0,0,0,0,0,0,0,0,0,0,0,22954,TCGA-OL-A66P-DX1_xmin30143_ymin20310_MPP-0.2500+82
0,19903,0,0,0,0,7674,0,0,0,0,0,0,0,0,0,0,0,0,0,0,0,0,0,22599,0,19903,0,0,0,0,7674,0,0,0,0,0,0,0,0,0,0,0,0,0,0,0,0,0,22599,8200,11703,0,0,0,45,7629,0,0,0,0,0,0,0,0,0,0,0,0,0,0,0,0,0,22599,TCGA-OL-A66P-DX1_xmin30143_ymin20310_MPP-0.2500+83
0,262,45,0,0,0,3234,1332,0,0,0,0,0,0,0,0,0,0,0,0,0,0,0,0,45303,0,262,45,0,0,0,3261,1305,0,0,0,0,0,0,0,0,0,0,0,0,0,0,0,0,45303,0,266,41,0,0,0,3308,1258,0,0,0,0,0,0,0,0,0,0,0,0,0,0,0,0,45303,TCGA-OL-A66P-DX1_xmin30143_ymin20310_MPP-0.2500+84
20663,7119,0,0,0,7240,8326,0,0,0,0,0,0,0,0,0,0,0,0,0,0,0,0,0,6828,0,27782,0,0,0,0,15566,0,0,0,0,0,0,0,0,0,0,0,0,0,0,0,0,0,6828,21076,6706,0,0,0,6867,8699,0,0,0,0,0,0,0,0,0,0,0,0,0,0,0,0,0,6828,TCGA-OL-A66P-DX1_xmin30143_ymin20310_MPP-0.2500+85
7018,6397,0,0,0,456,29912,0,0,0,0,0,0,0,0,0,0,0,0,0,0,0,0,0,6393,7535,5880,0,0,0,491,29877,0,0,0,0,0,0,0,0,0,0,0,0,0,0,0,0,0,6393,7761,5654,0,0,0,492,29876,0,0,0,0,0,0,0,0,0,0,0,0,0,0,0,0,0,6393,TCGA-OL-A66P-DX1_xmin30143_ymin20310_MPP-0.2500+86
0,0,0,0,0,0,21237,0,0,0,0,0,0,0,0,0,0,0,0,0,0,0,0,0,28939,0,0,0,0,0,0,21237,0,0,0,0,0,0,0,0,0,0,0,0,0,0,0,0,0,28939,0,0,0,0,0,0,21237,0,0,0,0,0,0,0,0,0,0,0,0,0,0,0,0,0,28939,TCGA-OL-A66P-DX1_xmin30143_ymin20310_MPP-0.2500+87
12326,2222,0,0,0,277,35351,0,0,0,0,0,0,0,0,0,0,0,0,0,0,0,0,0,0,11905,2643,0,0,0,233,35395,0,0,0,0,0,0,0,0,0,0,0,0,0,0,0,0,0,0,12431,2117,0,0,0,272,35356,0,0,0,0,0,0,0,0,0,0,0,0,0,0,0,0,0,0,TCGA-OL-A66P-DX1_xmin30143_ymin20310_MPP-0.2500+88
50176,0,0,0,0,0,0,0,0,0,0,0,0,0,0,0,0,0,0,0,0,0,0,0,0,50176,0,0,0,0,0,0,0,0,0,0,0,0,0,0,0,0,0,0,0,0,0,0,0,0,50176,0,0,0,0,0,0,0,0,0,0,0,0,0,0,0,0,0,0,0,0,0,0,0,0,TCGA-OL-A66P-DX1_xmin30143_ymin20310_MPP-0.2500+89
0,27392,3693,0,0,0,9370,1438,0,0,0,3928,3217,0,0,0,0,0,0,0,0,0,0,0,1138,0,28583,2502,0,0,0,9809,999,0,0,0,3339,3806,0,0,0,0,0,0,0,0,0,0,0,1138,0,27256,3829,0,0,0,8997,1811,0,0,0,3685,3460,0,0,0,0,0,0,0,0,0,0,0,1138,TCGA-OL-A66P-DX1_xmin30143_ymin20310_MPP-0.2500+9
27939,2996,0,0,0,569,3601,0,0,0,0,0,0,0,0,0,0,0,0,0,0,0,0,0,15071,28086,2849,0,0,0,608,3562,0,0,0,0,0,0,0,0,0,0,0,0,0,0,0,0,0,15071,28371,2564,0,0,0,716,3454,0,0,0,0,0,0,0,0,0,0,0,0,0,0,0,0,0,15071,TCGA-OL-A66P-DX1_xmin30143_ymin20310_MPP-0.2500+90
384,47627,0,0,0,0,2165,0,0,0,0,0,0,0,0,0,0,0,0,0,0,0,0,0,0,1472,46539,0,0,0,0,2165,0,0,0,0,0,0,0,0,0,0,0,0,0,0,0,0,0,0,64,47947,0,0,0,0,2165,0,0,0,0,0,0,0,0,0,0,0,0,0,0,0,0,0,0,TCGA-OL-A66P-DX1_xmin30143_ymin20310_MPP-0.2500+91
48295,0,0,0,0,1881,0,0,0,0,0,0,0,0,0,0,0,0,0,0,0,0,0,0,0,48295,0,0,0,0,1881,0,0,0,0,0,0,0,0,0,0,0,0,0,0,0,0,0,0,0,48295,0,0,0,0,1881,0,0,0,0,0,0,0,0,0,0,0,0,0,0,0,0,0,0,0,TCGA-OL-A66P-DX1_xmin30143_ymin20310_MPP-0.2500+92
0,8189,0,0,0,0,18809,0,0,0,0,0,0,0,0,0,0,0,0,0,0,0,0,0,23178,0,8189,0,0,0,0,18809,0,0,0,0,0,0,0,0,0,0,0,0,0,0,0,0,0,23178,0,8189,0,0,0,0,18809,0,0,0,0,0,0,0,0,0,0,0,0,0,0,0,0,0,23178,TCGA-OL-A66P-DX1_xmin30143_ymin20310_MPP-0.2500+93
0,4743,0,0,0,0,3131,0,0,0,0,0,0,0,0,0,0,0,0,0,0,0,0,0,42302,0,4743,0,0,0,0,3131,0,0,0,0,0,0,0,0,0,0,0,0,0,0,0,0,0,42302,0,4743,0,0,0,0,3131,0,0,0,0,0,0,0,0,0,0,0,0,0,0,0,0,0,42302,TCGA-OL-A66P-DX1_xmin30143_ymin20310_MPP-0.2500+94
1870,0,0,0,0,1683,154,0,0,0,0,0,0,0,0,0,0,0,0,0,0,0,0,0,46469,1870,0,0,0,0,1714,123,0,0,0,0,0,0,0,0,0,0,0,0,0,0,0,0,0,46469,1870,0,0,0,0,1696,141,0,0,0,0,0,0,0,0,0,0,0,0,0,0,0,0,0,46469,TCGA-OL-A66P-DX1_xmin30143_ymin20310_MPP-0.2500+95
0,28488,0,0,0,0,7633,0,0,0,0,0,0,0,0,0,0,0,0,0,0,0,0,0,14055,0,28488,0,0,0,0,7633,0,0,0,0,0,0,0,0,0,0,0,0,0,0,0,0,0,14055,0,28488,0,0,0,0,7633,0,0,0,0,0,0,0,0,0,0,0,0,0,0,0,0,0,14055,TCGA-OL-A66P-DX1_xmin30143_ymin20310_MPP-0.2500+96
0,601,0,0,0,0,11715,130,0,0,0,0,0,0,0,0,0,0,0,0,0,0,0,0,37730,0,601,0,0,0,0,11634,211,0,0,0,0,0,0,0,0,0,0,0,0,0,0,0,0,37730,0,601,0,0,0,0,11625,220,0,0,0,0,0,0,0,0,0,0,0,0,0,0,0,0,37730,TCGA-OL-A66P-DX1_xmin30143_ymin20310_MPP-0.2500+97
0,16,0,0,0,0,35766,0,0,0,0,0,0,0,0,0,0,0,0,0,0,0,0,0,14394,0,16,0,0,0,0,35766,0,0,0,0,0,0,0,0,0,0,0,0,0,0,0,0,0,14394,0,16,0,0,0,0,35766,0,0,0,0,0,0,0,0,0,0,0,0,0,0,0,0,0,14394,TCGA-OL-A66P-DX1_xmin30143_ymin20310_MPP-0.2500+98
24475,10600,0,0,0,263,14838,0,0,0,0,0,0,0,0,0,0,0,0,0,0,0,0,0,0,23685,11390,0,0,0,271,14830,0,0,0,0,0,0,0,0,0,0,0,0,0,0,0,0,0,0,26009,9066,0,0,0,274,14827,0,0,0,0,0,0,0,0,0,0,0,0,0,0,0,0,0,0,TCGA-OL-A66P-DX1_xmin30143_ymin20310_MPP-0.2500+99
28652,5041,0,0,0,9,16474,0,0,0,0,0,0,0,0,0,0,0,0,0,0,0,0,0,0,28413,5280,0,0,0,0,16483,0,0,0,0,0,0,0,0,0,0,0,0,0,0,0,0,0,0,28589,5104,0,0,0,20,16463,0,0,0,0,0,0,0,0,0,0,0,0,0,0,0,0,0,0,TCGA-OL-A6VO-DX1_xmin88416_ymin188485_MPP-0.2500+0
14507,20110,0,0,0,1782,13777,0,0,0,0,0,0,0,0,0,0,0,0,0,0,0,0,0,0,14431,20186,0,0,0,1698,13861,0,0,0,0,0,0,0,0,0,0,0,0,0,0,0,0,0,0,14353,20264,0,0,0,1520,14039,0,0,0,0,0,0,0,0,0,0,0,0,0,0,0,0,0,0,TCGA-OL-A6VO-DX1_xmin88416_ymin188485_MPP-0.2500+1
7335,3849,0,0,0,7172,31820,0,0,0,0,0,0,0,0,0,0,0,0,0,0,0,0,0,0,7502,3682,0,0,0,7977,31015,0,0,0,0,0,0,0,0,0,0,0,0,0,0,0,0,0,0,7155,4029,0,0,0,8366,30626,0,0,0,0,0,0,0,0,0,0,0,0,0,0,0,0,0,0,TCGA-OL-A6VO-DX1_xmin88416_ymin188485_MPP-0.2500+10
0,10758,0,0,0,0,38700,0,0,0,0,718,0,0,0,0,0,0,0,0,0,0,0,0,0,0,10758,0,0,0,0,38700,0,0,0,0,718,0,0,0,0,0,0,0,0,0,0,0,0,0,0,10758,0,0,0,0,38700,0,0,0,0,718,0,0,0,0,0,0,0,0,0,0,0,0,0,TCGA-OL-A6VO-DX1_xmin88416_ymin188485_MPP-0.2500+11
28171,8215,0,0,0,2243,11403,0,0,0,0,144,0,0,0,0,0,0,0,0,0,0,0,0,0,27856,8530,0,0,0,2439,11207,0,0,0,0,144,0,0,0,0,0,0,0,0,0,0,0,0,0,28874,7512,0,0,0,2277,11369,0,0,0,0,144,0,0,0,0,0,0,0,0,0,0,0,0,0,TCGA-OL-A6VO-DX1_xmin88416_ymin188485_MPP-0.2500+12
27374,4768,0,0,0,3236,14798,0,0,0,0,0,0,0,0,0,0,0,0,0,0,0,0,0,0,27783,4359,0,0,0,3625,14409,0,0,0,0,0,0,0,0,0,0,0,0,0,0,0,0,0,0,27527,4615,0,0,0,3516,14518,0,0,0,0,0,0,0,0,0,0,0,0,0,0,0,0,0,0,TCGA-OL-A6VO-DX1_xmin88416_ymin188485_MPP-0.2500+13
8796,6184,0,0,0,3103,25810,0,0,0,31,3671,0,0,0,0,0,0,0,0,0,0,0,0,2581,8826,6154,0,0,0,3333,25580,0,0,0,6,3696,0,0,0,0,0,0,0,0,0,0,0,0,2581,8699,6281,0,0,0,3053,25860,0,0,0,0,3702,0,0,0,0,0,0,0,0,0,0,0,0,2581,TCGA-OL-A6VO-DX1_xmin88416_ymin188485_MPP-0.2500+14
0,0,0,0,0,0,23299,6493,0,0,0,9759,10625,0,0,0,0,0,0,0,0,0,0,0,0,0,0,0,0,0,0,21434,8358,0,0,0,8761,11623,0,0,0,0,0,0,0,0,0,0,0,0,0,0,0,0,0,0,19348,10444,0,0,0,7660,12724,0,0,0,0,0,0,0,0,0,0,0,0,TCGA-OL-A6VO-DX1_xmin88416_ymin188485_MPP-0.2500+15
33550,3111,0,0,0,776,12739,0,0,0,0,0,0,0,0,0,0,0,0,0,0,0,0,0,0,33126,3535,0,0,0,716,12799,0,0,0,0,0,0,0,0,0,0,0,0,0,0,0,0,0,0,34419,2242,0,0,0,890,12625,0,0,0,0,0,0,0,0,0,0,0,0,0,0,0,0,0,0,TCGA-OL-A6VO-DX1_xmin88416_ymin188485_MPP-0.2500+16
25960,14078,0,0,0,2418,7720,0,0,0,0,0,0,0,0,0,0,0,0,0,0,0,0,0,0,27505,12533,0,0,0,2448,7690,0,0,0,0,0,0,0,0,0,0,0,0,0,0,0,0,0,0,29884,10154,0,0,0,2577,7561,0,0,0,0,0,0,0,0,0,0,0,0,0,0,0,0,0,0,TCGA-OL-A6VO-DX1_xmin88416_ymin188485_MPP-0.2500+17
0,6166,0,0,0,0,38361,0,0,0,0,5649,0,0,0,0,0,0,0,0,0,0,0,0,0,0,6166,0,0,0,0,38361,0,0,0,0,5649,0,0,0,0,0,0,0,0,0,0,0,0,0,0,6166,0,0,0,0,38361,0,0,0,0,5649,0,0,0,0,0,0,0,0,0,0,0,0,0,TCGA-OL-A6VO-DX1_xmin88416_ymin188485_MPP-0.2500+18
0,11752,0,0,0,0,20406,0,0,0,0,18018,0,0,0,0,0,0,0,0,0,0,0,0,0,0,10650,1102,0,0,0,19255,1151,0,0,0,6579,11439,0,0,0,0,0,0,0,0,0,0,0,0,0,10808,944,0,0,0,19202,1204,0,0,0,6113,11905,0,0,0,0,0,0,0,0,0,0,0,0,TCGA-OL-A6VO-DX1_xmin88416_ymin188485_MPP-0.2500+19
50176,0,0,0,0,0,0,0,0,0,0,0,0,0,0,0,0,0,0,0,0,0,0,0,0,50176,0,0,0,0,0,0,0,0,0,0,0,0,0,0,0,0,0,0,0,0,0,0,0,0,50176,0,0,0,0,0,0,0,0,0,0,0,0,0,0,0,0,0,0,0,0,0,0,0,0,TCGA-OL-A6VO-DX1_xmin88416_ymin188485_MPP-0.2500+2
4003,827,0,0,0,3996,35134,0,0,0,0,6216,0,0,0,0,0,0,0,0,0,0,0,0,0,4143,687,0,0,0,4173,34957,0,0,0,0,6216,0,0,0,0,0,0,0,0,0,0,0,0,0,4018,812,0,0,0,5399,33731,0,0,0,0,6216,0,0,0,0,0,0,0,0,0,0,0,0,0,TCGA-OL-A6VO-DX1_xmin88416_ymin188485_MPP-0.2500+20
19593,9070,0,0,0,4289,17224,0,0,0,0,0,0,0,0,0,0,0,0,0,0,0,0,0,0,19339,9324,0,0,0,4482,17031,0,0,0,0,0,0,0,0,0,0,0,0,0,0,0,0,0,0,21109,7554,0,0,0,4745,16768,0,0,0,0,0,0,0,0,0,0,0,0,0,0,0,0,0,0,TCGA-OL-A6VO-DX1_xmin88416_ymin188485_MPP-0.2500+21
0,2327,0,0,0,0,20676,0,0,0,0,11596,0,0,0,0,0,0,0,0,0,0,0,0,15577,0,2327,0,0,0,0,20676,0,0,0,0,11596,0,0,0,0,0,0,0,0,0,0,0,0,15577,0,2327,0,0,0,0,20676,0,0,0,0,11596,0,0,0,0,0,0,0,0,0,0,0,0,15577,TCGA-OL-A6VO-DX1_xmin88416_ymin188485_MPP-0.2500+22
11969,492,0,0,0,3280,17577,0,0,0,19,8029,0,0,0,0,0,0,0,0,0,0,0,0,8810,11837,318,306,0,0,3254,16693,910,0,0,0,4679,3369,0,0,0,0,0,0,0,0,0,0,0,8810,12117,344,0,0,0,3588,17269,0,0,0,0,8048,0,0,0,0,0,0,0,0,0,0,0,0,8810,TCGA-OL-A6VO-DX1_xmin88416_ymin188485_MPP-0.2500+23
18748,20172,0,0,0,3520,7736,0,0,0,0,0,0,0,0,0,0,0,0,0,0,0,0,0,0,19571,19349,0,0,0,3923,7333,0,0,0,0,0,0,0,0,0,0,0,0,0,0,0,0,0,0,19833,19087,0,0,0,3875,7381,0,0,0,0,0,0,0,0,0,0,0,0,0,0,0,0,0,0,TCGA-OL-A6VO-DX1_xmin88416_ymin188485_MPP-0.2500+24
38397,9187,0,0,0,0,2592,0,0,0,0,0,0,0,0,0,0,0,0,0,0,0,0,0,0,39107,8477,0,0,0,0,2592,0,0,0,0,0,0,0,0,0,0,0,0,0,0,0,0,0,0,39272,8312,0,0,0,0,2592,0,0,0,0,0,0,0,0,0,0,0,0,0,0,0,0,0,0,TCGA-OL-A6VO-DX1_xmin88416_ymin188485_MPP-0.2500+25
23465,6378,0,0,0,1556,18777,0,0,0,0,0,0,0,0,0,0,0,0,0,0,0,0,0,0,23942,5901,0,0,0,1556,18777,0,0,0,0,0,0,0,0,0,0,0,0,0,0,0,0,0,0,24492,5351,0,0,0,1556,18777,0,0,0,0,0,0,0,0,0,0,0,0,0,0,0,0,0,0,TCGA-OL-A6VO-DX1_xmin88416_ymin188485_MPP-0.2500+26
0,1762,0,0,0,0,45950,0,0,0,0,2464,0,0,0,0,0,0,0,0,0,0,0,0,0,0,1762,0,0,0,0,45950,0,0,0,0,2464,0,0,0,0,0,0,0,0,0,0,0,0,0,0,1762,0,0,0,0,45950,0,0,0,0,2464,0,0,0,0,0,0,0,0,0,0,0,0,0,TCGA-OL-A6VO-DX1_xmin88416_ymin188485_MPP-0.2500+27
16836,4027,0,0,0,2277,27036,0,0,0,0,0,0,0,0,0,0,0,0,0,0,0,0,0,0,17273,3590,0,0,0,2474,26839,0,0,0,0,0,0,0,0,0,0,0,0,0,0,0,0,0,0,20863,0,0,0,0,29313,0,0,0,0,0,0,0,0,0,0,0,0,0,0,0,0,0,0,0,TCGA-OL-A6VO-DX1_xmin88416_ymin188485_MPP-0.2500+28
44545,0,0,0,0,5631,0,0,0,0,0,0,0,0,0,0,0,0,0,0,0,0,0,0,0,44545,0,0,0,0,5631,0,0,0,0,0,0,0,0,0,0,0,0,0,0,0,0,0,0,0,44545,0,0,0,0,5631,0,0,0,0,0,0,0,0,0,0,0,0,0,0,0,0,0,0,0,TCGA-OL-A6VO-DX1_xmin88416_ymin188485_MPP-0.2500+29
32226,3785,0,0,0,3401,10764,0,0,0,0,0,0,0,0,0,0,0,0,0,0,0,0,0,0,32397,3614,0,0,0,3469,10696,0,0,0,0,0,0,0,0,0,0,0,0,0,0,0,0,0,0,32514,3497,0,0,0,3462,10703,0,0,0,0,0,0,0,0,0,0,0,0,0,0,0,0,0,0,TCGA-OL-A6VO-DX1_xmin88416_ymin188485_MPP-0.2500+3
34207,0,0,0,0,15969,0,0,0,0,0,0,0,0,0,0,0,0,0,0,0,0,0,0,0,34207,0,0,0,0,15969,0,0,0,0,0,0,0,0,0,0,0,0,0,0,0,0,0,0,0,34207,0,0,0,0,15969,0,0,0,0,0,0,0,0,0,0,0,0,0,0,0,0,0,0,0,TCGA-OL-A6VO-DX1_xmin88416_ymin188485_MPP-0.2500+30
24580,4706,0,0,0,1129,8946,0,0,0,0,4370,0,0,0,0,0,0,0,0,0,0,0,0,6445,24229,5057,0,0,0,1055,9020,0,0,0,0,4370,0,0,0,0,0,0,0,0,0,0,0,0,6445,25159,4127,0,0,0,1082,8993,0,0,0,0,4370,0,0,0,0,0,0,0,0,0,0,0,0,6445,TCGA-OL-A6VO-DX1_xmin88416_ymin188485_MPP-0.2500+31
14245,2060,0,0,0,15038,18833,0,0,0,0,0,0,0,0,0,0,0,0,0,0,0,0,0,0,14003,2302,0,0,0,15311,18560,0,0,0,0,0,0,0,0,0,0,0,0,0,0,0,0,0,0,16305,0,0,0,0,33871,0,0,0,0,0,0,0,0,0,0,0,0,0,0,0,0,0,0,0,TCGA-OL-A6VO-DX1_xmin88416_ymin188485_MPP-0.2500+32
42649,3017,0,0,0,86,4424,0,0,0,0,0,0,0,0,0,0,0,0,0,0,0,0,0,0,42666,3000,0,0,0,42,4468,0,0,0,0,0,0,0,0,0,0,0,0,0,0,0,0,0,0,42824,2842,0,0,0,88,4422,0,0,0,0,0,0,0,0,0,0,0,0,0,0,0,0,0,0,TCGA-OL-A6VO-DX1_xmin88416_ymin188485_MPP-0.2500+33
32783,3069,0,0,0,7602,6722,0,0,0,0,0,0,0,0,0,0,0,0,0,0,0,0,0,0,32797,3055,0,0,0,6863,7461,0,0,0,0,0,0,0,0,0,0,0,0,0,0,0,0,0,0,33607,2245,0,0,0,9026,5298,0,0,0,0,0,0,0,0,0,0,0,0,0,0,0,0,0,0,TCGA-OL-A6VO-DX1_xmin88416_ymin188485_MPP-0.2500+34
7815,1435,0,0,0,9727,31199,0,0,0,0,0,0,0,0,0,0,0,0,0,0,0,0,0,0,7719,1531,0,0,0,10286,30640,0,0,0,0,0,0,0,0,0,0,0,0,0,0,0,0,0,0,7908,1342,0,0,0,9941,30985,0,0,0,0,0,0,0,0,0,0,0,0,0,0,0,0,0,0,TCGA-OL-A6VO-DX1_xmin88416_ymin188485_MPP-0.2500+35
7062,1239,0,0,0,38,38796,0,0,0,0,3041,0,0,0,0,0,0,0,0,0,0,0,0,0,7016,1285,0,0,0,23,38811,0,0,0,0,3041,0,0,0,0,0,0,0,0,0,0,0,0,0,7300,1001,0,0,0,143,38691,0,0,0,0,3041,0,0,0,0,0,0,0,0,0,0,0,0,0,TCGA-OL-A6VO-DX1_xmin88416_ymin188485_MPP-0.2500+36
0,16242,0,0,0,0,29854,0,0,0,0,4080,0,0,0,0,0,0,0,0,0,0,0,0,0,0,16242,0,0,0,0,29854,0,0,0,0,4080,0,0,0,0,0,0,0,0,0,0,0,0,0,0,16242,0,0,0,0,29854,0,0,0,0,4080,0,0,0,0,0,0,0,0,0,0,0,0,0,TCGA-OL-A6VO-DX1_xmin88416_ymin188485_MPP-0.2500+37
14848,7610,0,0,0,2623,16729,0,0,0,0,8366,0,0,0,0,0,0,0,0,0,0,0,0,0,14353,8105,0,0,0,2225,17127,0,0,0,0,8366,0,0,0,0,0,0,0,0,0,0,0,0,0,15719,6739,0,0,0,3124,16228,0,0,0,2,8364,0,0,0,0,0,0,0,0,0,0,0,0,0,TCGA-OL-A6VO-DX1_xmin88416_ymin188485_MPP-0.2500+38
16240,8292,0,0,0,3856,16480,0,0,0,0,4847,0,0,0,0,0,0,0,0,0,0,0,0,461,16474,8058,0,0,0,3990,16346,0,0,0,0,4847,0,0,0,0,0,0,0,0,0,0,0,0,461,17581,6951,0,0,0,4266,16070,0,0,0,0,4847,0,0,0,0,0,0,0,0,0,0,0,0,461,TCGA-OL-A6VO-DX1_xmin88416_ymin188485_MPP-0.2500+39
47590,0,0,0,0,2586,0,0,0,0,0,0,0,0,0,0,0,0,0,0,0,0,0,0,0,47590,0,0,0,0,2586,0,0,0,0,0,0,0,0,0,0,0,0,0,0,0,0,0,0,0,47590,0,0,0,0,2586,0,0,0,0,0,0,0,0,0,0,0,0,0,0,0,0,0,0,0,TCGA-OL-A6VO-DX1_xmin88416_ymin188485_MPP-0.2500+4
45935,0,0,0,0,4241,0,0,0,0,0,0,0,0,0,0,0,0,0,0,0,0,0,0,0,45935,0,0,0,0,4241,0,0,0,0,0,0,0,0,0,0,0,0,0,0,0,0,0,0,0,45935,0,0,0,0,4241,0,0,0,0,0,0,0,0,0,0,0,0,0,0,0,0,0,0,0,TCGA-OL-A6VO-DX1_xmin88416_ymin188485_MPP-0.2500+40
37208,0,0,0,0,12968,0,0,0,0,0,0,0,0,0,0,0,0,0,0,0,0,0,0,0,37208,0,0,0,0,12968,0,0,0,0,0,0,0,0,0,0,0,0,0,0,0,0,0,0,0,37208,0,0,0,0,12968,0,0,0,0,0,0,0,0,0,0,0,0,0,0,0,0,0,0,0,TCGA-OL-A6VO-DX1_xmin88416_ymin188485_MPP-0.2500+41
37075,0,0,0,0,13101,0,0,0,0,0,0,0,0,0,0,0,0,0,0,0,0,0,0,0,37075,0,0,0,0,13101,0,0,0,0,0,0,0,0,0,0,0,0,0,0,0,0,0,0,0,37075,0,0,0,0,13101,0,0,0,0,0,0,0,0,0,0,0,0,0,0,0,0,0,0,0,TCGA-OL-A6VO-DX1_xmin88416_ymin188485_MPP-0.2500+42
38039,0,0,0,0,12137,0,0,0,0,0,0,0,0,0,0,0,0,0,0,0,0,0,0,0,38039,0,0,0,0,12137,0,0,0,0,0,0,0,0,0,0,0,0,0,0,0,0,0,0,0,38039,0,0,0,0,12137,0,0,0,0,0,0,0,0,0,0,0,0,0,0,0,0,0,0,0,TCGA-OL-A6VO-DX1_xmin88416_ymin188485_MPP-0.2500+43
8931,11887,0,0,0,3152,26206,0,0,0,0,0,0,0,0,0,0,0,0,0,0,0,0,0,0,8715,12103,0,0,0,3429,25929,0,0,0,0,0,0,0,0,0,0,0,0,0,0,0,0,0,0,9441,11377,0,0,0,2418,26940,0,0,0,0,0,0,0,0,0,0,0,0,0,0,0,0,0,0,TCGA-OL-A6VO-DX1_xmin88416_ymin188485_MPP-0.2500+44
22908,905,0,0,0,2918,21307,0,0,0,54,2084,0,0,0,0,0,0,0,0,0,0,0,0,0,22881,932,0,0,0,3390,20835,0,0,0,42,2096,0,0,0,0,0,0,0,0,0,0,0,0,0,22931,882,0,0,0,3287,20938,0,0,0,27,2111,0,0,0,0,0,0,0,0,0,0,0,0,0,TCGA-OL-A6VO-DX1_xmin88416_ymin188485_MPP-0.2500+45
0,4132,2768,0,0,0,25662,4764,0,0,0,2820,10030,0,0,0,0,0,0,0,0,0,0,0,0,0,3566,3334,0,0,0,24962,5464,0,0,0,2512,10338,0,0,0,0,0,0,0,0,0,0,0,0,0,3654,3246,0,0,0,25264,5162,0,0,0,2769,10081,0,0,0,0,0,0,0,0,0,0,0,0,TCGA-OL-A6VO-DX1_xmin88416_ymin188485_MPP-0.2500+46
45620,0,0,0,0,4556,0,0,0,0,0,0,0,0,0,0,0,0,0,0,0,0,0,0,0,45620,0,0,0,0,4556,0,0,0,0,0,0,0,0,0,0,0,0,0,0,0,0,0,0,0,45620,0,0,0,0,4556,0,0,0,0,0,0,0,0,0,0,0,0,0,0,0,0,0,0,0,TCGA-OL-A6VO-DX1_xmin88416_ymin188485_MPP-0.2500+47
24290,0,0,0,0,25886,0,0,0,0,0,0,0,0,0,0,0,0,0,0,0,0,0,0,0,24290,0,0,0,0,25886,0,0,0,0,0,0,0,0,0,0,0,0,0,0,0,0,0,0,0,24290,0,0,0,0,25886,0,0,0,0,0,0,0,0,0,0,0,0,0,0,0,0,0,0,0,TCGA-OL-A6VO-DX1_xmin88416_ymin188485_MPP-0.2500+48
38010,0,0,0,0,12166,0,0,0,0,0,0,0,0,0,0,0,0,0,0,0,0,0,0,0,38010,0,0,0,0,12166,0,0,0,0,0,0,0,0,0,0,0,0,0,0,0,0,0,0,0,38010,0,0,0,0,12166,0,0,0,0,0,0,0,0,0,0,0,0,0,0,0,0,0,0,0,TCGA-OL-A6VO-DX1_xmin88416_ymin188485_MPP-0.2500+49
15649,13452,0,0,0,1363,17174,0,0,0,0,2538,0,0,0,0,0,0,0,0,0,0,0,0,0,17039,12062,0,0,0,1962,16575,0,0,0,0,2538,0,0,0,0,0,0,0,0,0,0,0,0,0,16492,12609,0,0,0,1420,17117,0,0,0,0,2538,0,0,0,0,0,0,0,0,0,0,0,0,0,TCGA-OL-A6VO-DX1_xmin88416_ymin188485_MPP-0.2500+5
39483,1250,0,0,0,2436,7007,0,0,0,0,0,0,0,0,0,0,0,0,0,0,0,0,0,0,39386,1347,0,0,0,2348,7095,0,0,0,0,0,0,0,0,0,0,0,0,0,0,0,0,0,0,39912,821,0,0,0,2745,6698,0,0,0,0,0,0,0,0,0,0,0,0,0,0,0,0,0,0,TCGA-OL-A6VO-DX1_xmin88416_ymin188485_MPP-0.2500+50
0,4850,1179,0,0,0,14021,3783,0,0,0,2932,23411,0,0,0,0,0,0,0,0,0,0,0,0,0,4502,1527,0,0,0,13442,4362,0,0,0,2184,24159,0,0,0,0,0,0,0,0,0,0,0,0,0,4772,1257,0,0,0,13923,3881,0,0,0,2720,23623,0,0,0,0,0,0,0,0,0,0,0,0,TCGA-OL-A6VO-DX1_xmin88416_ymin188485_MPP-0.2500+51
22111,5269,0,0,0,4939,16921,0,0,0,556,380,0,0,0,0,0,0,0,0,0,0,0,0,0,21939,5441,0,0,0,4679,17181,0,0,0,503,433,0,0,0,0,0,0,0,0,0,0,0,0,0,22572,4808,0,0,0,4537,17323,0,0,0,167,769,0,0,0,0,0,0,0,0,0,0,0,0,0,TCGA-OL-A6VO-DX1_xmin88416_ymin188485_MPP-0.2500+52
21920,5380,0,0,0,4543,18333,0,0,0,0,0,0,0,0,0,0,0,0,0,0,0,0,0,0,22109,5191,0,0,0,5209,17667,0,0,0,0,0,0,0,0,0,0,0,0,0,0,0,0,0,0,22534,4766,0,0,0,5217,17659,0,0,0,0,0,0,0,0,0,0,0,0,0,0,0,0,0,0,TCGA-OL-A6VO-DX1_xmin88416_ymin188485_MPP-0.2500+53
36835,0,0,0,0,10779,0,0,0,0,2562,0,0,0,0,0,0,0,0,0,0,0,0,0,0,36835,0,0,0,0,10779,0,0,0,0,2562,0,0,0,0,0,0,0,0,0,0,0,0,0,0,36835,0,0,0,0,10779,0,0,0,0,2562,0,0,0,0,0,0,0,0,0,0,0,0,0,0,TCGA-OL-A6VO-DX1_xmin88416_ymin188485_MPP-0.2500+54
27935,17937,0,0,0,0,3962,0,0,0,0,342,0,0,0,0,0,0,0,0,0,0,0,0,0,28355,17517,0,0,0,0,3962,0,0,0,0,342,0,0,0,0,0,0,0,0,0,0,0,0,0,29718,16154,0,0,0,0,3962,0,0,0,0,342,0,0,0,0,0,0,0,0,0,0,0,0,0,TCGA-OL-A6VO-DX1_xmin88416_ymin188485_MPP-0.2500+6
38928,10135,0,0,0,126,987,0,0,0,0,0,0,0,0,0,0,0,0,0,0,0,0,0,0,39569,9494,0,0,0,231,882,0,0,0,0,0,0,0,0,0,0,0,0,0,0,0,0,0,0,40265,8798,0,0,0,199,914,0,0,0,0,0,0,0,0,0,0,0,0,0,0,0,0,0,0,TCGA-OL-A6VO-DX1_xmin88416_ymin188485_MPP-0.2500+7
13359,2827,0,0,0,5221,19185,0,0,0,0,9584,0,0,0,0,0,0,0,0,0,0,0,0,0,13537,2649,0,0,0,5706,18700,0,0,0,0,9584,0,0,0,0,0,0,0,0,0,0,0,0,0,13699,2487,0,0,0,5581,18825,0,0,0,0,9584,0,0,0,0,0,0,0,0,0,0,0,0,0,TCGA-OL-A6VO-DX1_xmin88416_ymin188485_MPP-0.2500+8
37485,12685,0,0,0,0,6,0,0,0,0,0,0,0,0,0,0,0,0,0,0,0,0,0,0,38244,11926,0,0,0,0,6,0,0,0,0,0,0,0,0,0,0,0,0,0,0,0,0,0,0,39045,11125,0,0,0,0,6,0,0,0,0,0,0,0,0,0,0,0,0,0,0,0,0,0,0,TCGA-OL-A6VO-DX1_xmin88416_ymin188485_MPP-0.2500+9
0,0,0,0,0,0,50176,0,0,0,0,0,0,0,0,0,0,0,0,0,0,0,0,0,0,0,0,0,0,0,0,50176,0,0,0,0,0,0,0,0,0,0,0,0,0,0,0,0,0,0,0,0,0,0,0,1,50175,0,0,0,0,0,0,0,0,0,0,0,0,0,0,0,0,0,0,TCGA-OL-A97C-DX1_xmin68058_ymin32495_MPP-0.2500+0
0,0,0,0,0,0,50176,0,0,0,0,0,0,0,0,0,0,0,0,0,0,0,0,0,0,0,0,0,0,0,0,50176,0,0,0,0,0,0,0,0,0,0,0,0,0,0,0,0,0,0,0,0,0,0,0,0,50176,0,0,0,0,0,0,0,0,0,0,0,0,0,0,0,0,0,0,TCGA-OL-A97C-DX1_xmin68058_ymin32495_MPP-0.2500+1
0,0,0,0,0,0,50176,0,0,0,0,0,0,0,0,0,0,0,0,0,0,0,0,0,0,0,0,0,0,0,0,50176,0,0,0,0,0,0,0,0,0,0,0,0,0,0,0,0,0,0,0,0,0,0,0,0,50176,0,0,0,0,0,0,0,0,0,0,0,0,0,0,0,0,0,0,TCGA-OL-A97C-DX1_xmin68058_ymin32495_MPP-0.2500+10
0,0,0,0,0,0,50176,0,0,0,0,0,0,0,0,0,0,0,0,0,0,0,0,0,0,0,0,0,0,0,0,50176,0,0,0,0,0,0,0,0,0,0,0,0,0,0,0,0,0,0,0,0,0,0,0,0,50176,0,0,0,0,0,0,0,0,0,0,0,0,0,0,0,0,0,0,TCGA-OL-A97C-DX1_xmin68058_ymin32495_MPP-0.2500+100
0,0,0,0,0,0,50176,0,0,0,0,0,0,0,0,0,0,0,0,0,0,0,0,0,0,0,0,0,0,0,0,50176,0,0,0,0,0,0,0,0,0,0,0,0,0,0,0,0,0,0,0,0,0,0,0,0,50176,0,0,0,0,0,0,0,0,0,0,0,0,0,0,0,0,0,0,TCGA-OL-A97C-DX1_xmin68058_ymin32495_MPP-0.2500+101
0,0,0,0,0,0,42641,0,0,0,0,0,0,0,0,0,0,0,0,0,0,0,0,0,7535,0,0,0,0,0,0,42641,0,0,0,0,0,0,0,0,0,0,0,0,0,0,0,0,0,7535,0,0,0,0,0,0,42641,0,0,0,0,0,0,0,0,0,0,0,0,0,0,0,0,0,7535,TCGA-OL-A97C-DX1_xmin68058_ymin32495_MPP-0.2500+102
0,41,0,0,0,0,48513,0,0,0,0,0,0,0,0,0,0,0,0,0,0,0,0,0,1622,0,41,0,0,0,0,48513,0,0,0,0,0,0,0,0,0,0,0,0,0,0,0,0,0,1622,0,41,0,0,0,0,48513,0,0,0,0,0,0,0,0,0,0,0,0,0,0,0,0,0,1622,TCGA-OL-A97C-DX1_xmin68058_ymin32495_MPP-0.2500+103
18365,12808,0,0,0,6460,12543,0,0,0,0,0,0,0,0,0,0,0,0,0,0,0,0,0,0,18520,12653,0,0,0,6310,12693,0,0,0,0,0,0,0,0,0,0,0,0,0,0,0,0,0,0,18286,12887,0,0,0,6039,12964,0,0,0,0,0,0,0,0,0,0,0,0,0,0,0,0,0,0,TCGA-OL-A97C-DX1_xmin68058_ymin32495_MPP-0.2500+104
50176,0,0,0,0,0,0,0,0,0,0,0,0,0,0,0,0,0,0,0,0,0,0,0,0,50176,0,0,0,0,0,0,0,0,0,0,0,0,0,0,0,0,0,0,0,0,0,0,0,0,50176,0,0,0,0,0,0,0,0,0,0,0,0,0,0,0,0,0,0,0,0,0,0,0,0,TCGA-OL-A97C-DX1_xmin68058_ymin32495_MPP-0.2500+105
50176,0,0,0,0,0,0,0,0,0,0,0,0,0,0,0,0,0,0,0,0,0,0,0,0,50176,0,0,0,0,0,0,0,0,0,0,0,0,0,0,0,0,0,0,0,0,0,0,0,0,50176,0,0,0,0,0,0,0,0,0,0,0,0,0,0,0,0,0,0,0,0,0,0,0,0,TCGA-OL-A97C-DX1_xmin68058_ymin32495_MPP-0.2500+106
50176,0,0,0,0,0,0,0,0,0,0,0,0,0,0,0,0,0,0,0,0,0,0,0,0,50176,0,0,0,0,0,0,0,0,0,0,0,0,0,0,0,0,0,0,0,0,0,0,0,0,50176,0,0,0,0,0,0,0,0,0,0,0,0,0,0,0,0,0,0,0,0,0,0,0,0,TCGA-OL-A97C-DX1_xmin68058_ymin32495_MPP-0.2500+107
50029,0,0,0,0,0,0,0,0,0,0,0,0,0,0,0,0,0,0,0,0,0,0,0,147,50029,0,0,0,0,0,0,0,0,0,0,0,0,0,0,0,0,0,0,0,0,0,0,0,147,50029,0,0,0,0,0,0,0,0,0,0,0,0,0,0,0,0,0,0,0,0,0,0,0,147,TCGA-OL-A97C-DX1_xmin68058_ymin32495_MPP-0.2500+108
29651,0,0,0,0,0,0,0,0,0,0,0,0,0,0,0,0,0,0,0,0,0,0,0,20525,29651,0,0,0,0,0,0,0,0,0,0,0,0,0,0,0,0,0,0,0,0,0,0,0,20525,29651,0,0,0,0,0,0,0,0,0,0,0,0,0,0,0,0,0,0,0,0,0,0,0,20525,TCGA-OL-A97C-DX1_xmin68058_ymin32495_MPP-0.2500+109
0,0,0,0,0,0,50176,0,0,0,0,0,0,0,0,0,0,0,0,0,0,0,0,0,0,0,0,0,0,0,0,50176,0,0,0,0,0,0,0,0,0,0,0,0,0,0,0,0,0,0,0,0,0,0,0,0,50176,0,0,0,0,0,0,0,0,0,0,0,0,0,0,0,0,0,0,TCGA-OL-A97C-DX1_xmin68058_ymin32495_MPP-0.2500+11
2389,4985,0,0,0,0,0,0,0,0,0,0,0,0,0,0,0,0,0,0,0,0,0,0,42802,2380,4994,0,0,0,0,0,0,0,0,0,0,0,0,0,0,0,0,0,0,0,0,0,0,42802,2350,5024,0,0,0,0,0,0,0,0,0,0,0,0,0,0,0,0,0,0,0,0,0,0,42802,TCGA-OL-A97C-DX1_xmin68058_ymin32495_MPP-0.2500+110
0,0,0,0,0,0,50176,0,0,0,0,0,0,0,0,0,0,0,0,0,0,0,0,0,0,0,0,0,0,0,0,50176,0,0,0,0,0,0,0,0,0,0,0,0,0,0,0,0,0,0,0,0,0,0,0,0,50176,0,0,0,0,0,0,0,0,0,0,0,0,0,0,0,0,0,0,TCGA-OL-A97C-DX1_xmin68058_ymin32495_MPP-0.2500+111
0,0,0,0,0,105,44036,0,0,0,0,0,0,0,0,0,0,0,0,0,0,0,0,0,6035,0,0,0,0,0,0,44141,0,0,0,0,0,0,0,0,0,0,0,0,0,0,0,0,0,6035,0,0,0,0,0,834,43307,0,0,0,0,0,0,0,0,0,0,0,0,0,0,0,0,0,6035,TCGA-OL-A97C-DX1_xmin68058_ymin32495_MPP-0.2500+112
0,0,0,0,0,142,25609,0,0,0,0,0,0,0,0,0,0,0,0,0,0,0,0,0,24425,0,0,0,0,0,0,25751,0,0,0,0,0,0,0,0,0,0,0,0,0,0,0,0,0,24425,0,0,0,0,0,46,25705,0,0,0,0,0,0,0,0,0,0,0,0,0,0,0,0,0,24425,TCGA-OL-A97C-DX1_xmin68058_ymin32495_MPP-0.2500+113
0,0,0,0,0,0,50176,0,0,0,0,0,0,0,0,0,0,0,0,0,0,0,0,0,0,0,0,0,0,0,0,50176,0,0,0,0,0,0,0,0,0,0,0,0,0,0,0,0,0,0,0,0,0,0,0,0,50176,0,0,0,0,0,0,0,0,0,0,0,0,0,0,0,0,0,0,TCGA-OL-A97C-DX1_xmin68058_ymin32495_MPP-0.2500+114
0,0,0,0,0,0,50176,0,0,0,0,0,0,0,0,0,0,0,0,0,0,0,0,0,0,0,0,0,0,0,0,50176,0,0,0,0,0,0,0,0,0,0,0,0,0,0,0,0,0,0,0,0,0,0,0,0,50176,0,0,0,0,0,0,0,0,0,0,0,0,0,0,0,0,0,0,TCGA-OL-A97C-DX1_xmin68058_ymin32495_MPP-0.2500+115
0,0,0,0,0,0,42716,0,0,0,0,0,0,0,0,0,0,0,0,0,0,0,0,0,7460,0,0,0,0,0,0,42716,0,0,0,0,0,0,0,0,0,0,0,0,0,0,0,0,0,7460,0,0,0,0,0,0,42716,0,0,0,0,0,0,0,0,0,0,0,0,0,0,0,0,0,7460,TCGA-OL-A97C-DX1_xmin68058_ymin32495_MPP-0.2500+116
0,0,0,0,0,0,4581,0,0,0,0,0,0,0,0,0,0,0,0,0,0,0,0,0,45595,0,0,0,0,0,0,4581,0,0,0,0,0,0,0,0,0,0,0,0,0,0,0,0,0,45595,0,0,0,0,0,0,4581,0,0,0,0,0,0,0,0,0,0,0,0,0,0,0,0,0,45595,TCGA-OL-A97C-DX1_xmin68058_ymin32495_MPP-0.2500+117
0,0,0,0,0,0,49838,0,0,0,0,0,0,0,0,0,0,0,0,0,0,0,0,0,338,0,0,0,0,0,0,49838,0,0,0,0,0,0,0,0,0,0,0,0,0,0,0,0,0,338,0,0,0,0,0,0,49838,0,0,0,0,0,0,0,0,0,0,0,0,0,0,0,0,0,338,TCGA-OL-A97C-DX1_xmin68058_ymin32495_MPP-0.2500+118
0,0,0,0,0,0,50176,0,0,0,0,0,0,0,0,0,0,0,0,0,0,0,0,0,0,0,0,0,0,0,0,50176,0,0,0,0,0,0,0,0,0,0,0,0,0,0,0,0,0,0,0,0,0,0,0,0,50176,0,0,0,0,0,0,0,0,0,0,0,0,0,0,0,0,0,0,TCGA-OL-A97C-DX1_xmin68058_ymin32495_MPP-0.2500+119
0,0,0,0,0,0,46617,0,0,0,0,0,0,0,0,0,0,0,0,0,0,0,0,0,3559,0,0,0,0,0,0,46617,0,0,0,0,0,0,0,0,0,0,0,0,0,0,0,0,0,3559,0,0,0,0,0,0,46617,0,0,0,0,0,0,0,0,0,0,0,0,0,0,0,0,0,3559,TCGA-OL-A97C-DX1_xmin68058_ymin32495_MPP-0.2500+12
0,0,0,0,0,0,31630,0,0,0,0,0,0,0,0,0,0,0,0,0,0,0,0,0,18546,0,0,0,0,0,0,31630,0,0,0,0,0,0,0,0,0,0,0,0,0,0,0,0,0,18546,0,0,0,0,0,0,31630,0,0,0,0,0,0,0,0,0,0,0,0,0,0,0,0,0,18546,TCGA-OL-A97C-DX1_xmin68058_ymin32495_MPP-0.2500+120
0,12012,0,0,0,0,35178,0,0,0,0,0,0,0,0,0,0,0,0,0,0,0,0,0,2986,0,12012,0,0,0,0,35178,0,0,0,0,0,0,0,0,0,0,0,0,0,0,0,0,0,2986,0,12012,0,0,0,0,35178,0,0,0,0,0,0,0,0,0,0,0,0,0,0,0,0,0,2986,TCGA-OL-A97C-DX1_xmin68058_ymin32495_MPP-0.2500+121
50176,0,0,0,0,0,0,0,0,0,0,0,0,0,0,0,0,0,0,0,0,0,0,0,0,50176,0,0,0,0,0,0,0,0,0,0,0,0,0,0,0,0,0,0,0,0,0,0,0,0,50176,0,0,0,0,0,0,0,0,0,0,0,0,0,0,0,0,0,0,0,0,0,0,0,0,TCGA-OL-A97C-DX1_xmin68058_ymin32495_MPP-0.2500+122
50176,0,0,0,0,0,0,0,0,0,0,0,0,0,0,0,0,0,0,0,0,0,0,0,0,50176,0,0,0,0,0,0,0,0,0,0,0,0,0,0,0,0,0,0,0,0,0,0,0,0,50176,0,0,0,0,0,0,0,0,0,0,0,0,0,0,0,0,0,0,0,0,0,0,0,0,TCGA-OL-A97C-DX1_xmin68058_ymin32495_MPP-0.2500+123
50176,0,0,0,0,0,0,0,0,0,0,0,0,0,0,0,0,0,0,0,0,0,0,0,0,50176,0,0,0,0,0,0,0,0,0,0,0,0,0,0,0,0,0,0,0,0,0,0,0,0,50176,0,0,0,0,0,0,0,0,0,0,0,0,0,0,0,0,0,0,0,0,0,0,0,0,TCGA-OL-A97C-DX1_xmin68058_ymin32495_MPP-0.2500+124
49981,0,0,0,0,0,0,0,0,0,0,0,0,0,0,0,0,0,0,0,0,0,0,0,195,49981,0,0,0,0,0,0,0,0,0,0,0,0,0,0,0,0,0,0,0,0,0,0,0,195,49981,0,0,0,0,0,0,0,0,0,0,0,0,0,0,0,0,0,0,0,0,0,0,0,195,TCGA-OL-A97C-DX1_xmin68058_ymin32495_MPP-0.2500+125
17383,0,0,0,0,0,0,0,0,0,0,0,0,0,0,0,0,0,0,0,0,0,0,0,32793,17383,0,0,0,0,0,0,0,0,0,0,0,0,0,0,0,0,0,0,0,0,0,0,0,32793,17383,0,0,0,0,0,0,0,0,0,0,0,0,0,0,0,0,0,0,0,0,0,0,0,32793,TCGA-OL-A97C-DX1_xmin68058_ymin32495_MPP-0.2500+126
0,0,0,0,0,0,44388,0,0,0,0,0,0,0,0,0,0,0,0,0,0,0,0,0,5788,0,0,0,0,0,0,44388,0,0,0,0,0,0,0,0,0,0,0,0,0,0,0,0,0,5788,0,0,0,0,0,0,44388,0,0,0,0,0,0,0,0,0,0,0,0,0,0,0,0,0,5788,TCGA-OL-A97C-DX1_xmin68058_ymin32495_MPP-0.2500+127
0,0,0,0,0,0,50176,0,0,0,0,0,0,0,0,0,0,0,0,0,0,0,0,0,0,0,0,0,0,0,0,50176,0,0,0,0,0,0,0,0,0,0,0,0,0,0,0,0,0,0,0,0,0,0,0,0,50176,0,0,0,0,0,0,0,0,0,0,0,0,0,0,0,0,0,0,TCGA-OL-A97C-DX1_xmin68058_ymin32495_MPP-0.2500+128
0,0,0,0,0,0,47250,0,0,0,0,0,0,0,0,0,0,0,0,0,0,0,0,0,2926,0,0,0,0,0,0,47250,0,0,0,0,0,0,0,0,0,0,0,0,0,0,0,0,0,2926,0,0,0,0,0,0,47250,0,0,0,0,0,0,0,0,0,0,0,0,0,0,0,0,0,2926,TCGA-OL-A97C-DX1_xmin68058_ymin32495_MPP-0.2500+129
0,0,0,0,0,0,26056,0,0,0,0,0,0,0,0,0,0,0,0,0,0,0,0,0,24120,0,0,0,0,0,0,26056,0,0,0,0,0,0,0,0,0,0,0,0,0,0,0,0,0,24120,0,0,0,0,0,0,26056,0,0,0,0,0,0,0,0,0,0,0,0,0,0,0,0,0,24120,TCGA-OL-A97C-DX1_xmin68058_ymin32495_MPP-0.2500+13
0,0,0,0,0,0,36647,0,0,0,0,0,0,0,0,0,0,0,0,0,0,0,0,0,13529,0,0,0,0,0,0,36647,0,0,0,0,0,0,0,0,0,0,0,0,0,0,0,0,0,13529,0,0,0,0,0,0,36647,0,0,0,0,0,0,0,0,0,0,0,0,0,0,0,0,0,13529,TCGA-OL-A97C-DX1_xmin68058_ymin32495_MPP-0.2500+130
0,0,0,0,0,0,36978,0,0,0,0,0,0,0,0,0,0,0,0,0,0,0,0,0,13198,0,0,0,0,0,0,36978,0,0,0,0,0,0,0,0,0,0,0,0,0,0,0,0,0,13198,0,0,0,0,0,0,36978,0,0,0,0,0,0,0,0,0,0,0,0,0,0,0,0,0,13198,TCGA-OL-A97C-DX1_xmin68058_ymin32495_MPP-0.2500+131
0,0,0,0,0,0,50176,0,0,0,0,0,0,0,0,0,0,0,0,0,0,0,0,0,0,0,0,0,0,0,0,50176,0,0,0,0,0,0,0,0,0,0,0,0,0,0,0,0,0,0,0,0,0,0,0,0,50176,0,0,0,0,0,0,0,0,0,0,0,0,0,0,0,0,0,0,TCGA-OL-A97C-DX1_xmin68058_ymin32495_MPP-0.2500+132
0,0,0,0,0,0,50176,0,0,0,0,0,0,0,0,0,0,0,0,0,0,0,0,0,0,0,0,0,0,0,0,50176,0,0,0,0,0,0,0,0,0,0,0,0,0,0,0,0,0,0,0,0,0,0,0,0,50176,0,0,0,0,0,0,0,0,0,0,0,0,0,0,0,0,0,0,TCGA-OL-A97C-DX1_xmin68058_ymin32495_MPP-0.2500+133
0,0,0,0,0,0,50176,0,0,0,0,0,0,0,0,0,0,0,0,0,0,0,0,0,0,0,0,0,0,0,0,50176,0,0,0,0,0,0,0,0,0,0,0,0,0,0,0,0,0,0,0,0,0,0,0,0,50176,0,0,0,0,0,0,0,0,0,0,0,0,0,0,0,0,0,0,TCGA-OL-A97C-DX1_xmin68058_ymin32495_MPP-0.2500+134
0,34489,0,0,0,0,15687,0,0,0,0,0,0,0,0,0,0,0,0,0,0,0,0,0,0,0,34489,0,0,0,0,15687,0,0,0,0,0,0,0,0,0,0,0,0,0,0,0,0,0,0,0,34489,0,0,0,0,15687,0,0,0,0,0,0,0,0,0,0,0,0,0,0,0,0,0,0,TCGA-OL-A97C-DX1_xmin68058_ymin32495_MPP-0.2500+135
50176,0,0,0,0,0,0,0,0,0,0,0,0,0,0,0,0,0,0,0,0,0,0,0,0,50176,0,0,0,0,0,0,0,0,0,0,0,0,0,0,0,0,0,0,0,0,0,0,0,0,50176,0,0,0,0,0,0,0,0,0,0,0,0,0,0,0,0,0,0,0,0,0,0,0,0,TCGA-OL-A97C-DX1_xmin68058_ymin32495_MPP-0.2500+136
50176,0,0,0,0,0,0,0,0,0,0,0,0,0,0,0,0,0,0,0,0,0,0,0,0,50176,0,0,0,0,0,0,0,0,0,0,0,0,0,0,0,0,0,0,0,0,0,0,0,0,50176,0,0,0,0,0,0,0,0,0,0,0,0,0,0,0,0,0,0,0,0,0,0,0,0,TCGA-OL-A97C-DX1_xmin68058_ymin32495_MPP-0.2500+137
50176,0,0,0,0,0,0,0,0,0,0,0,0,0,0,0,0,0,0,0,0,0,0,0,0,50176,0,0,0,0,0,0,0,0,0,0,0,0,0,0,0,0,0,0,0,0,0,0,0,0,50176,0,0,0,0,0,0,0,0,0,0,0,0,0,0,0,0,0,0,0,0,0,0,0,0,TCGA-OL-A97C-DX1_xmin68058_ymin32495_MPP-0.2500+138
23230,0,0,0,0,0,0,0,0,0,0,0,0,0,0,0,0,0,0,0,0,0,0,0,26946,23230,0,0,0,0,0,0,0,0,0,0,0,0,0,0,0,0,0,0,0,0,0,0,0,26946,23230,0,0,0,0,0,0,0,0,0,0,0,0,0,0,0,0,0,0,0,0,0,0,0,26946,TCGA-OL-A97C-DX1_xmin68058_ymin32495_MPP-0.2500+139
0,0,0,0,0,0,49249,0,0,0,0,0,0,0,0,0,0,0,0,0,0,0,0,0,927,0,0,0,0,0,0,49249,0,0,0,0,0,0,0,0,0,0,0,0,0,0,0,0,0,927,0,0,0,0,0,0,49249,0,0,0,0,0,0,0,0,0,0,0,0,0,0,0,0,0,927,TCGA-OL-A97C-DX1_xmin68058_ymin32495_MPP-0.2500+14
0,0,0,0,0,0,49648,0,0,0,0,0,0,0,0,0,0,0,0,0,0,0,0,0,528,0,0,0,0,0,0,49648,0,0,0,0,0,0,0,0,0,0,0,0,0,0,0,0,0,528,0,0,0,0,0,0,49648,0,0,0,0,0,0,0,0,0,0,0,0,0,0,0,0,0,528,TCGA-OL-A97C-DX1_xmin68058_ymin32495_MPP-0.2500+140
0,0,0,0,0,0,41308,0,0,0,0,0,0,0,0,0,0,0,0,0,0,0,0,0,8868,0,0,0,0,0,0,41308,0,0,0,0,0,0,0,0,0,0,0,0,0,0,0,0,0,8868,0,0,0,0,0,0,41308,0,0,0,0,0,0,0,0,0,0,0,0,0,0,0,0,0,8868,TCGA-OL-A97C-DX1_xmin68058_ymin32495_MPP-0.2500+141
0,0,0,0,0,0,50176,0,0,0,0,0,0,0,0,0,0,0,0,0,0,0,0,0,0,0,0,0,0,0,0,50176,0,0,0,0,0,0,0,0,0,0,0,0,0,0,0,0,0,0,0,0,0,0,0,0,50176,0,0,0,0,0,0,0,0,0,0,0,0,0,0,0,0,0,0,TCGA-OL-A97C-DX1_xmin68058_ymin32495_MPP-0.2500+142
0,0,0,0,0,0,50176,0,0,0,0,0,0,0,0,0,0,0,0,0,0,0,0,0,0,0,0,0,0,0,0,50176,0,0,0,0,0,0,0,0,0,0,0,0,0,0,0,0,0,0,0,0,0,0,0,0,50176,0,0,0,0,0,0,0,0,0,0,0,0,0,0,0,0,0,0,TCGA-OL-A97C-DX1_xmin68058_ymin32495_MPP-0.2500+143
0,0,0,0,0,0,50176,0,0,0,0,0,0,0,0,0,0,0,0,0,0,0,0,0,0,0,0,0,0,0,0,50176,0,0,0,0,0,0,0,0,0,0,0,0,0,0,0,0,0,0,0,0,0,0,0,0,50176,0,0,0,0,0,0,0,0,0,0,0,0,0,0,0,0,0,0,TCGA-OL-A97C-DX1_xmin68058_ymin32495_MPP-0.2500+144
1,8925,0,0,0,0,41250,0,0,0,0,0,0,0,0,0,0,0,0,0,0,0,0,0,0,1,8925,0,0,0,0,41250,0,0,0,0,0,0,0,0,0,0,0,0,0,0,0,0,0,0,1,8925,0,0,0,0,41250,0,0,0,0,0,0,0,0,0,0,0,0,0,0,0,0,0,0,TCGA-OL-A97C-DX1_xmin68058_ymin32495_MPP-0.2500+145
49370,0,0,0,0,806,0,0,0,0,0,0,0,0,0,0,0,0,0,0,0,0,0,0,0,49370,0,0,0,0,806,0,0,0,0,0,0,0,0,0,0,0,0,0,0,0,0,0,0,0,49370,0,0,0,0,806,0,0,0,0,0,0,0,0,0,0,0,0,0,0,0,0,0,0,0,TCGA-OL-A97C-DX1_xmin68058_ymin32495_MPP-0.2500+146
50176,0,0,0,0,0,0,0,0,0,0,0,0,0,0,0,0,0,0,0,0,0,0,0,0,50176,0,0,0,0,0,0,0,0,0,0,0,0,0,0,0,0,0,0,0,0,0,0,0,0,50176,0,0,0,0,0,0,0,0,0,0,0,0,0,0,0,0,0,0,0,0,0,0,0,0,TCGA-OL-A97C-DX1_xmin68058_ymin32495_MPP-0.2500+147
50176,0,0,0,0,0,0,0,0,0,0,0,0,0,0,0,0,0,0,0,0,0,0,0,0,50176,0,0,0,0,0,0,0,0,0,0,0,0,0,0,0,0,0,0,0,0,0,0,0,0,50176,0,0,0,0,0,0,0,0,0,0,0,0,0,0,0,0,0,0,0,0,0,0,0,0,TCGA-OL-A97C-DX1_xmin68058_ymin32495_MPP-0.2500+148
29974,0,0,0,0,0,0,0,0,0,0,0,0,0,0,0,0,0,0,0,0,0,0,0,20202,29974,0,0,0,0,0,0,0,0,0,0,0,0,0,0,0,0,0,0,0,0,0,0,0,20202,29974,0,0,0,0,0,0,0,0,0,0,0,0,0,0,0,0,0,0,0,0,0,0,0,20202,TCGA-OL-A97C-DX1_xmin68058_ymin32495_MPP-0.2500+149
0,0,0,0,0,0,50176,0,0,0,0,0,0,0,0,0,0,0,0,0,0,0,0,0,0,0,0,0,0,0,0,50176,0,0,0,0,0,0,0,0,0,0,0,0,0,0,0,0,0,0,0,0,0,0,0,0,50176,0,0,0,0,0,0,0,0,0,0,0,0,0,0,0,0,0,0,TCGA-OL-A97C-DX1_xmin68058_ymin32495_MPP-0.2500+15
0,0,0,0,0,0,50176,0,0,0,0,0,0,0,0,0,0,0,0,0,0,0,0,0,0,0,0,0,0,0,0,50176,0,0,0,0,0,0,0,0,0,0,0,0,0,0,0,0,0,0,0,0,0,0,0,0,50176,0,0,0,0,0,0,0,0,0,0,0,0,0,0,0,0,0,0,TCGA-OL-A97C-DX1_xmin68058_ymin32495_MPP-0.2500+150
0,0,0,0,0,0,48559,0,0,0,0,0,0,0,0,0,0,0,0,0,0,0,0,0,1617,0,0,0,0,0,0,48559,0,0,0,0,0,0,0,0,0,0,0,0,0,0,0,0,0,1617,0,0,0,0,0,0,48559,0,0,0,0,0,0,0,0,0,0,0,0,0,0,0,0,0,1617,TCGA-OL-A97C-DX1_xmin68058_ymin32495_MPP-0.2500+151
0,0,0,0,0,0,50176,0,0,0,0,0,0,0,0,0,0,0,0,0,0,0,0,0,0,0,0,0,0,0,0,50176,0,0,0,0,0,0,0,0,0,0,0,0,0,0,0,0,0,0,0,0,0,0,0,0,50176,0,0,0,0,0,0,0,0,0,0,0,0,0,0,0,0,0,0,TCGA-OL-A97C-DX1_xmin68058_ymin32495_MPP-0.2500+152
0,0,0,0,0,0,50176,0,0,0,0,0,0,0,0,0,0,0,0,0,0,0,0,0,0,0,0,0,0,0,0,50176,0,0,0,0,0,0,0,0,0,0,0,0,0,0,0,0,0,0,0,0,0,0,0,0,50176,0,0,0,0,0,0,0,0,0,0,0,0,0,0,0,0,0,0,TCGA-OL-A97C-DX1_xmin68058_ymin32495_MPP-0.2500+153
20622,6111,0,0,0,157,23286,0,0,0,0,0,0,0,0,0,0,0,0,0,0,0,0,0,0,21128,5605,0,0,0,166,23277,0,0,0,0,0,0,0,0,0,0,0,0,0,0,0,0,0,0,20684,6049,0,0,0,102,23341,0,0,0,0,0,0,0,0,0,0,0,0,0,0,0,0,0,0,TCGA-OL-A97C-DX1_xmin68058_ymin32495_MPP-0.2500+154
50176,0,0,0,0,0,0,0,0,0,0,0,0,0,0,0,0,0,0,0,0,0,0,0,0,50176,0,0,0,0,0,0,0,0,0,0,0,0,0,0,0,0,0,0,0,0,0,0,0,0,50176,0,0,0,0,0,0,0,0,0,0,0,0,0,0,0,0,0,0,0,0,0,0,0,0,TCGA-OL-A97C-DX1_xmin68058_ymin32495_MPP-0.2500+155
50176,0,0,0,0,0,0,0,0,0,0,0,0,0,0,0,0,0,0,0,0,0,0,0,0,50176,0,0,0,0,0,0,0,0,0,0,0,0,0,0,0,0,0,0,0,0,0,0,0,0,50176,0,0,0,0,0,0,0,0,0,0,0,0,0,0,0,0,0,0,0,0,0,0,0,0,TCGA-OL-A97C-DX1_xmin68058_ymin32495_MPP-0.2500+156
50176,0,0,0,0,0,0,0,0,0,0,0,0,0,0,0,0,0,0,0,0,0,0,0,0,50176,0,0,0,0,0,0,0,0,0,0,0,0,0,0,0,0,0,0,0,0,0,0,0,0,50176,0,0,0,0,0,0,0,0,0,0,0,0,0,0,0,0,0,0,0,0,0,0,0,0,TCGA-OL-A97C-DX1_xmin68058_ymin32495_MPP-0.2500+157
5981,1762,0,0,0,0,0,0,0,0,0,0,0,0,0,0,0,0,0,0,0,0,0,0,42433,6263,1480,0,0,0,0,0,0,0,0,0,0,0,0,0,0,0,0,0,0,0,0,0,0,42433,5523,2220,0,0,0,0,0,0,0,0,0,0,0,0,0,0,0,0,0,0,0,0,0,0,42433,TCGA-OL-A97C-DX1_xmin68058_ymin32495_MPP-0.2500+158
0,0,0,0,0,0,33851,0,0,0,0,0,0,0,0,0,0,0,0,0,0,0,0,0,16325,0,0,0,0,0,0,33851,0,0,0,0,0,0,0,0,0,0,0,0,0,0,0,0,0,16325,0,0,0,0,0,0,33851,0,0,0,0,0,0,0,0,0,0,0,0,0,0,0,0,0,16325,TCGA-OL-A97C-DX1_xmin68058_ymin32495_MPP-0.2500+159
0,0,0,0,0,0,50176,0,0,0,0,0,0,0,0,0,0,0,0,0,0,0,0,0,0,0,0,0,0,0,0,50176,0,0,0,0,0,0,0,0,0,0,0,0,0,0,0,0,0,0,0,0,0,0,0,0,50176,0,0,0,0,0,0,0,0,0,0,0,0,0,0,0,0,0,0,TCGA-OL-A97C-DX1_xmin68058_ymin32495_MPP-0.2500+16
0,0,0,0,0,0,36396,0,0,0,0,0,0,0,0,0,0,0,0,0,0,0,0,0,13780,0,0,0,0,0,0,36396,0,0,0,0,0,0,0,0,0,0,0,0,0,0,0,0,0,13780,0,0,0,0,0,0,36396,0,0,0,0,0,0,0,0,0,0,0,0,0,0,0,0,0,13780,TCGA-OL-A97C-DX1_xmin68058_ymin32495_MPP-0.2500+160
11217,7486,0,0,0,738,30735,0,0,0,0,0,0,0,0,0,0,0,0,0,0,0,0,0,0,9756,8947,0,0,0,777,30696,0,0,0,0,0,0,0,0,0,0,0,0,0,0,0,0,0,0,10788,7915,0,0,0,597,30876,0,0,0,0,0,0,0,0,0,0,0,0,0,0,0,0,0,0,TCGA-OL-A97C-DX1_xmin68058_ymin32495_MPP-0.2500+161
50176,0,0,0,0,0,0,0,0,0,0,0,0,0,0,0,0,0,0,0,0,0,0,0,0,50176,0,0,0,0,0,0,0,0,0,0,0,0,0,0,0,0,0,0,0,0,0,0,0,0,50176,0,0,0,0,0,0,0,0,0,0,0,0,0,0,0,0,0,0,0,0,0,0,0,0,TCGA-OL-A97C-DX1_xmin68058_ymin32495_MPP-0.2500+162
50176,0,0,0,0,0,0,0,0,0,0,0,0,0,0,0,0,0,0,0,0,0,0,0,0,50176,0,0,0,0,0,0,0,0,0,0,0,0,0,0,0,0,0,0,0,0,0,0,0,0,50176,0,0,0,0,0,0,0,0,0,0,0,0,0,0,0,0,0,0,0,0,0,0,0,0,TCGA-OL-A97C-DX1_xmin68058_ymin32495_MPP-0.2500+163
50176,0,0,0,0,0,0,0,0,0,0,0,0,0,0,0,0,0,0,0,0,0,0,0,0,50176,0,0,0,0,0,0,0,0,0,0,0,0,0,0,0,0,0,0,0,0,0,0,0,0,50176,0,0,0,0,0,0,0,0,0,0,0,0,0,0,0,0,0,0,0,0,0,0,0,0,TCGA-OL-A97C-DX1_xmin68058_ymin32495_MPP-0.2500+164
5449,0,0,0,0,0,0,0,0,0,0,0,0,0,0,0,0,0,0,0,0,0,0,0,44727,5449,0,0,0,0,0,0,0,0,0,0,0,0,0,0,0,0,0,0,0,0,0,0,0,44727,5449,0,0,0,0,0,0,0,0,0,0,0,0,0,0,0,0,0,0,0,0,0,0,0,44727,TCGA-OL-A97C-DX1_xmin68058_ymin32495_MPP-0.2500+165
7474,1842,0,0,0,3927,36933,0,0,0,0,0,0,0,0,0,0,0,0,0,0,0,0,0,0,0,9316,0,0,0,0,40860,0,0,0,0,0,0,0,0,0,0,0,0,0,0,0,0,0,0,7301,2015,0,0,0,3648,37212,0,0,0,0,0,0,0,0,0,0,0,0,0,0,0,0,0,0,TCGA-OL-A97C-DX1_xmin68058_ymin32495_MPP-0.2500+166
50176,0,0,0,0,0,0,0,0,0,0,0,0,0,0,0,0,0,0,0,0,0,0,0,0,50176,0,0,0,0,0,0,0,0,0,0,0,0,0,0,0,0,0,0,0,0,0,0,0,0,50176,0,0,0,0,0,0,0,0,0,0,0,0,0,0,0,0,0,0,0,0,0,0,0,0,TCGA-OL-A97C-DX1_xmin68058_ymin32495_MPP-0.2500+167
50176,0,0,0,0,0,0,0,0,0,0,0,0,0,0,0,0,0,0,0,0,0,0,0,0,50176,0,0,0,0,0,0,0,0,0,0,0,0,0,0,0,0,0,0,0,0,0,0,0,0,50176,0,0,0,0,0,0,0,0,0,0,0,0,0,0,0,0,0,0,0,0,0,0,0,0,TCGA-OL-A97C-DX1_xmin68058_ymin32495_MPP-0.2500+168
49378,0,0,0,0,0,0,0,0,0,0,0,0,0,0,0,0,0,0,0,0,0,0,0,798,49378,0,0,0,0,0,0,0,0,0,0,0,0,0,0,0,0,0,0,0,0,0,0,0,798,49378,0,0,0,0,0,0,0,0,0,0,0,0,0,0,0,0,0,0,0,0,0,0,0,798,TCGA-OL-A97C-DX1_xmin68058_ymin32495_MPP-0.2500+169
0,0,0,0,0,0,50176,0,0,0,0,0,0,0,0,0,0,0,0,0,0,0,0,0,0,0,0,0,0,0,0,50176,0,0,0,0,0,0,0,0,0,0,0,0,0,0,0,0,0,0,0,0,0,0,0,0,50176,0,0,0,0,0,0,0,0,0,0,0,0,0,0,0,0,0,0,TCGA-OL-A97C-DX1_xmin68058_ymin32495_MPP-0.2500+17
220,144,0,0,0,0,0,0,0,0,0,0,0,0,0,0,0,0,0,0,0,0,0,0,49812,220,144,0,0,0,0,0,0,0,0,0,0,0,0,0,0,0,0,0,0,0,0,0,0,49812,202,162,0,0,0,0,0,0,0,0,0,0,0,0,0,0,0,0,0,0,0,0,0,0,49812,TCGA-OL-A97C-DX1_xmin68058_ymin32495_MPP-0.2500+170
49904,0,0,0,0,272,0,0,0,0,0,0,0,0,0,0,0,0,0,0,0,0,0,0,0,49904,0,0,0,0,272,0,0,0,0,0,0,0,0,0,0,0,0,0,0,0,0,0,0,0,49904,0,0,0,0,272,0,0,0,0,0,0,0,0,0,0,0,0,0,0,0,0,0,0,0,TCGA-OL-A97C-DX1_xmin68058_ymin32495_MPP-0.2500+171
50176,0,0,0,0,0,0,0,0,0,0,0,0,0,0,0,0,0,0,0,0,0,0,0,0,50176,0,0,0,0,0,0,0,0,0,0,0,0,0,0,0,0,0,0,0,0,0,0,0,0,50176,0,0,0,0,0,0,0,0,0,0,0,0,0,0,0,0,0,0,0,0,0,0,0,0,TCGA-OL-A97C-DX1_xmin68058_ymin32495_MPP-0.2500+172
50176,0,0,0,0,0,0,0,0,0,0,0,0,0,0,0,0,0,0,0,0,0,0,0,0,50176,0,0,0,0,0,0,0,0,0,0,0,0,0,0,0,0,0,0,0,0,0,0,0,0,50176,0,0,0,0,0,0,0,0,0,0,0,0,0,0,0,0,0,0,0,0,0,0,0,0,TCGA-OL-A97C-DX1_xmin68058_ymin32495_MPP-0.2500+173
13338,0,0,0,0,7,0,0,0,0,0,0,0,0,0,0,0,0,0,0,0,0,0,0,36831,13338,0,0,0,0,7,0,0,0,0,0,0,0,0,0,0,0,0,0,0,0,0,0,0,36831,13338,0,0,0,0,7,0,0,0,0,0,0,0,0,0,0,0,0,0,0,0,0,0,0,36831,TCGA-OL-A97C-DX1_xmin68058_ymin32495_MPP-0.2500+174
50176,0,0,0,0,0,0,0,0,0,0,0,0,0,0,0,0,0,0,0,0,0,0,0,0,50176,0,0,0,0,0,0,0,0,0,0,0,0,0,0,0,0,0,0,0,0,0,0,0,0,50176,0,0,0,0,0,0,0,0,0,0,0,0,0,0,0,0,0,0,0,0,0,0,0,0,TCGA-OL-A97C-DX1_xmin68058_ymin32495_MPP-0.2500+175
45333,0,0,0,0,0,0,0,0,0,0,0,0,0,0,0,0,0,0,0,0,0,0,0,4843,45333,0,0,0,0,0,0,0,0,0,0,0,0,0,0,0,0,0,0,0,0,0,0,0,4843,45333,0,0,0,0,0,0,0,0,0,0,0,0,0,0,0,0,0,0,0,0,0,0,0,4843,TCGA-OL-A97C-DX1_xmin68058_ymin32495_MPP-0.2500+176
0,0,0,0,0,0,23038,0,0,0,0,0,0,0,0,0,0,0,0,0,0,0,0,0,27138,0,0,0,0,0,0,23038,0,0,0,0,0,0,0,0,0,0,0,0,0,0,0,0,0,27138,0,0,0,0,0,0,23038,0,0,0,0,0,0,0,0,0,0,0,0,0,0,0,0,0,27138,TCGA-OL-A97C-DX1_xmin68058_ymin32495_MPP-0.2500+18
0,0,0,0,0,128,50048,0,0,0,0,0,0,0,0,0,0,0,0,0,0,0,0,0,0,0,0,0,0,0,1152,49024,0,0,0,0,0,0,0,0,0,0,0,0,0,0,0,0,0,0,0,0,0,0,0,1664,48512,0,0,0,0,0,0,0,0,0,0,0,0,0,0,0,0,0,0,TCGA-OL-A97C-DX1_xmin68058_ymin32495_MPP-0.2500+19
0,0,0,0,0,0,50176,0,0,0,0,0,0,0,0,0,0,0,0,0,0,0,0,0,0,0,0,0,0,0,0,50176,0,0,0,0,0,0,0,0,0,0,0,0,0,0,0,0,0,0,0,0,0,0,0,0,50176,0,0,0,0,0,0,0,0,0,0,0,0,0,0,0,0,0,0,TCGA-OL-A97C-DX1_xmin68058_ymin32495_MPP-0.2500+2
0,0,0,0,0,0,50176,0,0,0,0,0,0,0,0,0,0,0,0,0,0,0,0,0,0,0,0,0,0,0,0,50176,0,0,0,0,0,0,0,0,0,0,0,0,0,0,0,0,0,0,0,0,0,0,0,0,50176,0,0,0,0,0,0,0,0,0,0,0,0,0,0,0,0,0,0,TCGA-OL-A97C-DX1_xmin68058_ymin32495_MPP-0.2500+20
0,0,0,0,0,0,50176,0,0,0,0,0,0,0,0,0,0,0,0,0,0,0,0,0,0,0,0,0,0,0,0,50176,0,0,0,0,0,0,0,0,0,0,0,0,0,0,0,0,0,0,0,0,0,0,0,0,50176,0,0,0,0,0,0,0,0,0,0,0,0,0,0,0,0,0,0,TCGA-OL-A97C-DX1_xmin68058_ymin32495_MPP-0.2500+21
0,0,0,0,0,0,50176,0,0,0,0,0,0,0,0,0,0,0,0,0,0,0,0,0,0,0,0,0,0,0,0,50176,0,0,0,0,0,0,0,0,0,0,0,0,0,0,0,0,0,0,0,0,0,0,0,0,50176,0,0,0,0,0,0,0,0,0,0,0,0,0,0,0,0,0,0,TCGA-OL-A97C-DX1_xmin68058_ymin32495_MPP-0.2500+22
0,0,0,0,0,0,50176,0,0,0,0,0,0,0,0,0,0,0,0,0,0,0,0,0,0,0,0,0,0,0,0,50176,0,0,0,0,0,0,0,0,0,0,0,0,0,0,0,0,0,0,0,0,0,0,0,0,50176,0,0,0,0,0,0,0,0,0,0,0,0,0,0,0,0,0,0,TCGA-OL-A97C-DX1_xmin68058_ymin32495_MPP-0.2500+23
0,0,0,0,0,0,50176,0,0,0,0,0,0,0,0,0,0,0,0,0,0,0,0,0,0,0,0,0,0,0,0,50176,0,0,0,0,0,0,0,0,0,0,0,0,0,0,0,0,0,0,0,0,0,0,0,0,50176,0,0,0,0,0,0,0,0,0,0,0,0,0,0,0,0,0,0,TCGA-OL-A97C-DX1_xmin68058_ymin32495_MPP-0.2500+24
0,0,0,0,0,0,50176,0,0,0,0,0,0,0,0,0,0,0,0,0,0,0,0,0,0,0,0,0,0,0,0,50176,0,0,0,0,0,0,0,0,0,0,0,0,0,0,0,0,0,0,0,0,0,0,0,0,50176,0,0,0,0,0,0,0,0,0,0,0,0,0,0,0,0,0,0,TCGA-OL-A97C-DX1_xmin68058_ymin32495_MPP-0.2500+25
0,0,0,0,0,0,50176,0,0,0,0,0,0,0,0,0,0,0,0,0,0,0,0,0,0,0,0,0,0,0,0,50176,0,0,0,0,0,0,0,0,0,0,0,0,0,0,0,0,0,0,0,0,0,0,0,0,50176,0,0,0,0,0,0,0,0,0,0,0,0,0,0,0,0,0,0,TCGA-OL-A97C-DX1_xmin68058_ymin32495_MPP-0.2500+26
0,0,0,0,0,2244,44876,0,0,0,0,0,0,0,0,0,0,0,0,0,0,0,0,0,3056,0,0,0,0,0,2320,44800,0,0,0,0,0,0,0,0,0,0,0,0,0,0,0,0,0,3056,0,0,0,0,0,2156,44964,0,0,0,0,0,0,0,0,0,0,0,0,0,0,0,0,0,3056,TCGA-OL-A97C-DX1_xmin68058_ymin32495_MPP-0.2500+27
0,0,0,0,0,0,50176,0,0,0,0,0,0,0,0,0,0,0,0,0,0,0,0,0,0,0,0,0,0,0,0,50176,0,0,0,0,0,0,0,0,0,0,0,0,0,0,0,0,0,0,0,0,0,0,0,0,50176,0,0,0,0,0,0,0,0,0,0,0,0,0,0,0,0,0,0,TCGA-OL-A97C-DX1_xmin68058_ymin32495_MPP-0.2500+28
0,0,0,0,0,0,50176,0,0,0,0,0,0,0,0,0,0,0,0,0,0,0,0,0,0,0,0,0,0,0,0,50176,0,0,0,0,0,0,0,0,0,0,0,0,0,0,0,0,0,0,0,0,0,0,0,0,50176,0,0,0,0,0,0,0,0,0,0,0,0,0,0,0,0,0,0,TCGA-OL-A97C-DX1_xmin68058_ymin32495_MPP-0.2500+29
0,0,0,0,0,0,50176,0,0,0,0,0,0,0,0,0,0,0,0,0,0,0,0,0,0,0,0,0,0,0,0,50176,0,0,0,0,0,0,0,0,0,0,0,0,0,0,0,0,0,0,0,0,0,0,0,0,50176,0,0,0,0,0,0,0,0,0,0,0,0,0,0,0,0,0,0,TCGA-OL-A97C-DX1_xmin68058_ymin32495_MPP-0.2500+3
0,0,0,0,0,0,50176,0,0,0,0,0,0,0,0,0,0,0,0,0,0,0,0,0,0,0,0,0,0,0,0,50176,0,0,0,0,0,0,0,0,0,0,0,0,0,0,0,0,0,0,0,0,0,0,0,0,50176,0,0,0,0,0,0,0,0,0,0,0,0,0,0,0,0,0,0,TCGA-OL-A97C-DX1_xmin68058_ymin32495_MPP-0.2500+30
0,0,0,0,0,0,50176,0,0,0,0,0,0,0,0,0,0,0,0,0,0,0,0,0,0,0,0,0,0,0,1,50175,0,0,0,0,0,0,0,0,0,0,0,0,0,0,0,0,0,0,0,0,0,0,0,0,50176,0,0,0,0,0,0,0,0,0,0,0,0,0,0,0,0,0,0,TCGA-OL-A97C-DX1_xmin68058_ymin32495_MPP-0.2500+31
0,0,0,0,0,0,50176,0,0,0,0,0,0,0,0,0,0,0,0,0,0,0,0,0,0,0,0,0,0,0,0,50176,0,0,0,0,0,0,0,0,0,0,0,0,0,0,0,0,0,0,0,0,0,0,0,0,50176,0,0,0,0,0,0,0,0,0,0,0,0,0,0,0,0,0,0,TCGA-OL-A97C-DX1_xmin68058_ymin32495_MPP-0.2500+32
0,0,0,0,0,0,50176,0,0,0,0,0,0,0,0,0,0,0,0,0,0,0,0,0,0,0,0,0,0,0,0,50176,0,0,0,0,0,0,0,0,0,0,0,0,0,0,0,0,0,0,0,0,0,0,0,0,50176,0,0,0,0,0,0,0,0,0,0,0,0,0,0,0,0,0,0,TCGA-OL-A97C-DX1_xmin68058_ymin32495_MPP-0.2500+33
0,0,0,0,0,0,50176,0,0,0,0,0,0,0,0,0,0,0,0,0,0,0,0,0,0,0,0,0,0,0,0,50176,0,0,0,0,0,0,0,0,0,0,0,0,0,0,0,0,0,0,0,0,0,0,0,0,50176,0,0,0,0,0,0,0,0,0,0,0,0,0,0,0,0,0,0,TCGA-OL-A97C-DX1_xmin68058_ymin32495_MPP-0.2500+34
0,0,0,0,0,0,50176,0,0,0,0,0,0,0,0,0,0,0,0,0,0,0,0,0,0,0,0,0,0,0,0,50176,0,0,0,0,0,0,0,0,0,0,0,0,0,0,0,0,0,0,0,0,0,0,0,0,50176,0,0,0,0,0,0,0,0,0,0,0,0,0,0,0,0,0,0,TCGA-OL-A97C-DX1_xmin68058_ymin32495_MPP-0.2500+35
0,0,0,0,0,0,50176,0,0,0,0,0,0,0,0,0,0,0,0,0,0,0,0,0,0,0,0,0,0,0,0,50176,0,0,0,0,0,0,0,0,0,0,0,0,0,0,0,0,0,0,0,0,0,0,0,0,50176,0,0,0,0,0,0,0,0,0,0,0,0,0,0,0,0,0,0,TCGA-OL-A97C-DX1_xmin68058_ymin32495_MPP-0.2500+36
0,0,0,0,0,0,50176,0,0,0,0,0,0,0,0,0,0,0,0,0,0,0,0,0,0,0,0,0,0,0,0,50176,0,0,0,0,0,0,0,0,0,0,0,0,0,0,0,0,0,0,0,0,0,0,0,0,50176,0,0,0,0,0,0,0,0,0,0,0,0,0,0,0,0,0,0,TCGA-OL-A97C-DX1_xmin68058_ymin32495_MPP-0.2500+37
0,0,0,0,0,0,50176,0,0,0,0,0,0,0,0,0,0,0,0,0,0,0,0,0,0,0,0,0,0,0,0,50176,0,0,0,0,0,0,0,0,0,0,0,0,0,0,0,0,0,0,0,0,0,0,0,0,50176,0,0,0,0,0,0,0,0,0,0,0,0,0,0,0,0,0,0,TCGA-OL-A97C-DX1_xmin68058_ymin32495_MPP-0.2500+38
0,0,0,0,0,0,50176,0,0,0,0,0,0,0,0,0,0,0,0,0,0,0,0,0,0,0,0,0,0,0,0,50176,0,0,0,0,0,0,0,0,0,0,0,0,0,0,0,0,0,0,0,0,0,0,0,0,50176,0,0,0,0,0,0,0,0,0,0,0,0,0,0,0,0,0,0,TCGA-OL-A97C-DX1_xmin68058_ymin32495_MPP-0.2500+39
0,0,0,0,0,0,50176,0,0,0,0,0,0,0,0,0,0,0,0,0,0,0,0,0,0,0,0,0,0,0,0,50176,0,0,0,0,0,0,0,0,0,0,0,0,0,0,0,0,0,0,0,0,0,0,0,0,50176,0,0,0,0,0,0,0,0,0,0,0,0,0,0,0,0,0,0,TCGA-OL-A97C-DX1_xmin68058_ymin32495_MPP-0.2500+4
0,0,0,0,0,0,50176,0,0,0,0,0,0,0,0,0,0,0,0,0,0,0,0,0,0,0,0,0,0,0,0,50176,0,0,0,0,0,0,0,0,0,0,0,0,0,0,0,0,0,0,0,0,0,0,0,0,50176,0,0,0,0,0,0,0,0,0,0,0,0,0,0,0,0,0,0,TCGA-OL-A97C-DX1_xmin68058_ymin32495_MPP-0.2500+40
0,0,0,0,0,0,50176,0,0,0,0,0,0,0,0,0,0,0,0,0,0,0,0,0,0,0,0,0,0,0,0,50176,0,0,0,0,0,0,0,0,0,0,0,0,0,0,0,0,0,0,0,0,0,0,0,0,50176,0,0,0,0,0,0,0,0,0,0,0,0,0,0,0,0,0,0,TCGA-OL-A97C-DX1_xmin68058_ymin32495_MPP-0.2500+41
11842,9931,0,0,0,37,28366,0,0,0,0,0,0,0,0,0,0,0,0,0,0,0,0,0,0,11914,9859,0,0,0,261,28142,0,0,0,0,0,0,0,0,0,0,0,0,0,0,0,0,0,0,12187,9586,0,0,0,137,28266,0,0,0,0,0,0,0,0,0,0,0,0,0,0,0,0,0,0,TCGA-OL-A97C-DX1_xmin68058_ymin32495_MPP-0.2500+42
0,0,0,0,0,0,50176,0,0,0,0,0,0,0,0,0,0,0,0,0,0,0,0,0,0,0,0,0,0,0,0,50176,0,0,0,0,0,0,0,0,0,0,0,0,0,0,0,0,0,0,0,0,0,0,0,0,50176,0,0,0,0,0,0,0,0,0,0,0,0,0,0,0,0,0,0,TCGA-OL-A97C-DX1_xmin68058_ymin32495_MPP-0.2500+43
0,0,0,0,0,0,50176,0,0,0,0,0,0,0,0,0,0,0,0,0,0,0,0,0,0,0,0,0,0,0,0,50176,0,0,0,0,0,0,0,0,0,0,0,0,0,0,0,0,0,0,0,0,0,0,0,0,50176,0,0,0,0,0,0,0,0,0,0,0,0,0,0,0,0,0,0,TCGA-OL-A97C-DX1_xmin68058_ymin32495_MPP-0.2500+44
0,0,0,0,0,0,50176,0,0,0,0,0,0,0,0,0,0,0,0,0,0,0,0,0,0,0,0,0,0,0,0,50176,0,0,0,0,0,0,0,0,0,0,0,0,0,0,0,0,0,0,0,0,0,0,0,0,50176,0,0,0,0,0,0,0,0,0,0,0,0,0,0,0,0,0,0,TCGA-OL-A97C-DX1_xmin68058_ymin32495_MPP-0.2500+45
0,0,0,0,0,0,50176,0,0,0,0,0,0,0,0,0,0,0,0,0,0,0,0,0,0,0,0,0,0,0,0,50176,0,0,0,0,0,0,0,0,0,0,0,0,0,0,0,0,0,0,0,0,0,0,0,0,50176,0,0,0,0,0,0,0,0,0,0,0,0,0,0,0,0,0,0,TCGA-OL-A97C-DX1_xmin68058_ymin32495_MPP-0.2500+46
0,0,0,0,0,0,50176,0,0,0,0,0,0,0,0,0,0,0,0,0,0,0,0,0,0,0,0,0,0,0,0,50176,0,0,0,0,0,0,0,0,0,0,0,0,0,0,0,0,0,0,0,0,0,0,0,0,50176,0,0,0,0,0,0,0,0,0,0,0,0,0,0,0,0,0,0,TCGA-OL-A97C-DX1_xmin68058_ymin32495_MPP-0.2500+47
0,0,0,0,0,0,44773,0,0,0,0,0,0,0,0,0,0,0,0,0,0,0,0,0,5403,0,0,0,0,0,0,44773,0,0,0,0,0,0,0,0,0,0,0,0,0,0,0,0,0,5403,0,0,0,0,0,0,44773,0,0,0,0,0,0,0,0,0,0,0,0,0,0,0,0,0,5403,TCGA-OL-A97C-DX1_xmin68058_ymin32495_MPP-0.2500+48
0,0,0,0,0,0,50176,0,0,0,0,0,0,0,0,0,0,0,0,0,0,0,0,0,0,0,0,0,0,0,0,50176,0,0,0,0,0,0,0,0,0,0,0,0,0,0,0,0,0,0,0,0,0,0,0,0,50176,0,0,0,0,0,0,0,0,0,0,0,0,0,0,0,0,0,0,TCGA-OL-A97C-DX1_xmin68058_ymin32495_MPP-0.2500+49
0,0,0,0,0,0,50176,0,0,0,0,0,0,0,0,0,0,0,0,0,0,0,0,0,0,0,0,0,0,0,0,50176,0,0,0,0,0,0,0,0,0,0,0,0,0,0,0,0,0,0,0,0,0,0,0,0,50176,0,0,0,0,0,0,0,0,0,0,0,0,0,0,0,0,0,0,TCGA-OL-A97C-DX1_xmin68058_ymin32495_MPP-0.2500+5
0,0,0,0,0,0,45686,0,0,0,0,0,0,0,0,0,0,0,0,0,0,0,0,0,4490,0,0,0,0,0,0,45686,0,0,0,0,0,0,0,0,0,0,0,0,0,0,0,0,0,4490,0,0,0,0,0,0,45686,0,0,0,0,0,0,0,0,0,0,0,0,0,0,0,0,0,4490,TCGA-OL-A97C-DX1_xmin68058_ymin32495_MPP-0.2500+50
0,0,0,0,0,0,33844,0,0,0,0,0,0,0,0,0,0,0,0,0,0,0,0,0,16332,0,0,0,0,0,0,33844,0,0,0,0,0,0,0,0,0,0,0,0,0,0,0,0,0,16332,0,0,0,0,0,0,33844,0,0,0,0,0,0,0,0,0,0,0,0,0,0,0,0,0,16332,TCGA-OL-A97C-DX1_xmin68058_ymin32495_MPP-0.2500+51
0,0,0,0,0,0,50176,0,0,0,0,0,0,0,0,0,0,0,0,0,0,0,0,0,0,0,0,0,0,0,0,50176,0,0,0,0,0,0,0,0,0,0,0,0,0,0,0,0,0,0,0,0,0,0,0,0,50176,0,0,0,0,0,0,0,0,0,0,0,0,0,0,0,0,0,0,TCGA-OL-A97C-DX1_xmin68058_ymin32495_MPP-0.2500+52
0,0,0,0,0,0,50176,0,0,0,0,0,0,0,0,0,0,0,0,0,0,0,0,0,0,0,0,0,0,0,0,50176,0,0,0,0,0,0,0,0,0,0,0,0,0,0,0,0,0,0,0,0,0,0,0,0,50176,0,0,0,0,0,0,0,0,0,0,0,0,0,0,0,0,0,0,TCGA-OL-A97C-DX1_xmin68058_ymin32495_MPP-0.2500+53
1,368,0,0,0,0,49807,0,0,0,0,0,0,0,0,0,0,0,0,0,0,0,0,0,0,4,365,0,0,0,0,49807,0,0,0,0,0,0,0,0,0,0,0,0,0,0,0,0,0,0,4,365,0,0,0,0,49807,0,0,0,0,0,0,0,0,0,0,0,0,0,0,0,0,0,0,TCGA-OL-A97C-DX1_xmin68058_ymin32495_MPP-0.2500+54
18794,2252,0,0,0,1060,28070,0,0,0,0,0,0,0,0,0,0,0,0,0,0,0,0,0,0,18728,2318,0,0,0,998,28132,0,0,0,0,0,0,0,0,0,0,0,0,0,0,0,0,0,0,18796,2250,0,0,0,878,28252,0,0,0,0,0,0,0,0,0,0,0,0,0,0,0,0,0,0,TCGA-OL-A97C-DX1_xmin68058_ymin32495_MPP-0.2500+55
47402,0,0,0,0,2774,0,0,0,0,0,0,0,0,0,0,0,0,0,0,0,0,0,0,0,47402,0,0,0,0,2774,0,0,0,0,0,0,0,0,0,0,0,0,0,0,0,0,0,0,0,47402,0,0,0,0,2774,0,0,0,0,0,0,0,0,0,0,0,0,0,0,0,0,0,0,0,TCGA-OL-A97C-DX1_xmin68058_ymin32495_MPP-0.2500+56
50176,0,0,0,0,0,0,0,0,0,0,0,0,0,0,0,0,0,0,0,0,0,0,0,0,50176,0,0,0,0,0,0,0,0,0,0,0,0,0,0,0,0,0,0,0,0,0,0,0,0,50176,0,0,0,0,0,0,0,0,0,0,0,0,0,0,0,0,0,0,0,0,0,0,0,0,TCGA-OL-A97C-DX1_xmin68058_ymin32495_MPP-0.2500+57
0,0,0,0,0,0,50176,0,0,0,0,0,0,0,0,0,0,0,0,0,0,0,0,0,0,0,0,0,0,0,0,50176,0,0,0,0,0,0,0,0,0,0,0,0,0,0,0,0,0,0,0,0,0,0,0,0,50176,0,0,0,0,0,0,0,0,0,0,0,0,0,0,0,0,0,0,TCGA-OL-A97C-DX1_xmin68058_ymin32495_MPP-0.2500+58
0,0,0,0,0,0,50176,0,0,0,0,0,0,0,0,0,0,0,0,0,0,0,0,0,0,0,0,0,0,0,0,50176,0,0,0,0,0,0,0,0,0,0,0,0,0,0,0,0,0,0,0,0,0,0,0,0,50176,0,0,0,0,0,0,0,0,0,0,0,0,0,0,0,0,0,0,TCGA-OL-A97C-DX1_xmin68058_ymin32495_MPP-0.2500+59
0,0,0,0,0,0,47540,0,0,0,0,0,0,0,0,0,0,0,0,0,0,0,0,0,2636,0,0,0,0,0,0,47540,0,0,0,0,0,0,0,0,0,0,0,0,0,0,0,0,0,2636,0,0,0,0,0,0,47540,0,0,0,0,0,0,0,0,0,0,0,0,0,0,0,0,0,2636,TCGA-OL-A97C-DX1_xmin68058_ymin32495_MPP-0.2500+6
0,0,0,0,0,0,50176,0,0,0,0,0,0,0,0,0,0,0,0,0,0,0,0,0,0,0,0,0,0,0,0,50176,0,0,0,0,0,0,0,0,0,0,0,0,0,0,0,0,0,0,0,0,0,0,0,0,50176,0,0,0,0,0,0,0,0,0,0,0,0,0,0,0,0,0,0,TCGA-OL-A97C-DX1_xmin68058_ymin32495_MPP-0.2500+60
0,0,0,0,0,0,50176,0,0,0,0,0,0,0,0,0,0,0,0,0,0,0,0,0,0,0,0,0,0,0,0,50176,0,0,0,0,0,0,0,0,0,0,0,0,0,0,0,0,0,0,0,0,0,0,0,0,50176,0,0,0,0,0,0,0,0,0,0,0,0,0,0,0,0,0,0,TCGA-OL-A97C-DX1_xmin68058_ymin32495_MPP-0.2500+61
0,0,0,0,0,0,50176,0,0,0,0,0,0,0,0,0,0,0,0,0,0,0,0,0,0,0,0,0,0,0,0,50176,0,0,0,0,0,0,0,0,0,0,0,0,0,0,0,0,0,0,0,0,0,0,0,0,50176,0,0,0,0,0,0,0,0,0,0,0,0,0,0,0,0,0,0,TCGA-OL-A97C-DX1_xmin68058_ymin32495_MPP-0.2500+62
0,0,0,0,0,0,50176,0,0,0,0,0,0,0,0,0,0,0,0,0,0,0,0,0,0,0,0,0,0,0,0,50176,0,0,0,0,0,0,0,0,0,0,0,0,0,0,0,0,0,0,0,0,0,0,0,0,50176,0,0,0,0,0,0,0,0,0,0,0,0,0,0,0,0,0,0,TCGA-OL-A97C-DX1_xmin68058_ymin32495_MPP-0.2500+63
0,0,0,0,0,0,50176,0,0,0,0,0,0,0,0,0,0,0,0,0,0,0,0,0,0,0,0,0,0,0,0,50176,0,0,0,0,0,0,0,0,0,0,0,0,0,0,0,0,0,0,0,0,0,0,0,0,50176,0,0,0,0,0,0,0,0,0,0,0,0,0,0,0,0,0,0,TCGA-OL-A97C-DX1_xmin68058_ymin32495_MPP-0.2500+64
0,0,0,0,0,0,40281,0,0,0,0,0,0,0,0,0,0,0,0,0,0,0,0,0,9895,0,0,0,0,0,0,40281,0,0,0,0,0,0,0,0,0,0,0,0,0,0,0,0,0,9895,0,0,0,0,0,0,40281,0,0,0,0,0,0,0,0,0,0,0,0,0,0,0,0,0,9895,TCGA-OL-A97C-DX1_xmin68058_ymin32495_MPP-0.2500+65
0,0,0,0,0,0,43046,0,0,0,0,0,0,0,0,0,0,0,0,0,0,0,0,0,7130,0,0,0,0,0,0,43046,0,0,0,0,0,0,0,0,0,0,0,0,0,0,0,0,0,7130,0,0,0,0,0,0,43046,0,0,0,0,0,0,0,0,0,0,0,0,0,0,0,0,0,7130,TCGA-OL-A97C-DX1_xmin68058_ymin32495_MPP-0.2500+66
0,0,0,0,0,0,50176,0,0,0,0,0,0,0,0,0,0,0,0,0,0,0,0,0,0,0,0,0,0,0,0,50176,0,0,0,0,0,0,0,0,0,0,0,0,0,0,0,0,0,0,0,0,0,0,0,0,50176,0,0,0,0,0,0,0,0,0,0,0,0,0,0,0,0,0,0,TCGA-OL-A97C-DX1_xmin68058_ymin32495_MPP-0.2500+67
0,396,0,0,0,0,49780,0,0,0,0,0,0,0,0,0,0,0,0,0,0,0,0,0,0,0,396,0,0,0,0,49780,0,0,0,0,0,0,0,0,0,0,0,0,0,0,0,0,0,0,0,396,0,0,0,0,49780,0,0,0,0,0,0,0,0,0,0,0,0,0,0,0,0,0,0,TCGA-OL-A97C-DX1_xmin68058_ymin32495_MPP-0.2500+68
4,31667,0,0,0,0,18505,0,0,0,0,0,0,0,0,0,0,0,0,0,0,0,0,0,0,4,31667,0,0,0,0,18505,0,0,0,0,0,0,0,0,0,0,0,0,0,0,0,0,0,0,1,31670,0,0,0,0,18505,0,0,0,0,0,0,0,0,0,0,0,0,0,0,0,0,0,0,TCGA-OL-A97C-DX1_xmin68058_ymin32495_MPP-0.2500+69
0,0,0,0,0,0,50176,0,0,0,0,0,0,0,0,0,0,0,0,0,0,0,0,0,0,0,0,0,0,0,0,50176,0,0,0,0,0,0,0,0,0,0,0,0,0,0,0,0,0,0,0,0,0,0,0,0,50176,0,0,0,0,0,0,0,0,0,0,0,0,0,0,0,0,0,0,TCGA-OL-A97C-DX1_xmin68058_ymin32495_MPP-0.2500+7
50176,0,0,0,0,0,0,0,0,0,0,0,0,0,0,0,0,0,0,0,0,0,0,0,0,50176,0,0,0,0,0,0,0,0,0,0,0,0,0,0,0,0,0,0,0,0,0,0,0,0,50176,0,0,0,0,0,0,0,0,0,0,0,0,0,0,0,0,0,0,0,0,0,0,0,0,TCGA-OL-A97C-DX1_xmin68058_ymin32495_MPP-0.2500+70
50176,0,0,0,0,0,0,0,0,0,0,0,0,0,0,0,0,0,0,0,0,0,0,0,0,50176,0,0,0,0,0,0,0,0,0,0,0,0,0,0,0,0,0,0,0,0,0,0,0,0,50176,0,0,0,0,0,0,0,0,0,0,0,0,0,0,0,0,0,0,0,0,0,0,0,0,TCGA-OL-A97C-DX1_xmin68058_ymin32495_MPP-0.2500+71
50176,0,0,0,0,0,0,0,0,0,0,0,0,0,0,0,0,0,0,0,0,0,0,0,0,50176,0,0,0,0,0,0,0,0,0,0,0,0,0,0,0,0,0,0,0,0,0,0,0,0,50176,0,0,0,0,0,0,0,0,0,0,0,0,0,0,0,0,0,0,0,0,0,0,0,0,TCGA-OL-A97C-DX1_xmin68058_ymin32495_MPP-0.2500+72
50176,0,0,0,0,0,0,0,0,0,0,0,0,0,0,0,0,0,0,0,0,0,0,0,0,50176,0,0,0,0,0,0,0,0,0,0,0,0,0,0,0,0,0,0,0,0,0,0,0,0,50176,0,0,0,0,0,0,0,0,0,0,0,0,0,0,0,0,0,0,0,0,0,0,0,0,TCGA-OL-A97C-DX1_xmin68058_ymin32495_MPP-0.2500+73
50176,0,0,0,0,0,0,0,0,0,0,0,0,0,0,0,0,0,0,0,0,0,0,0,0,50176,0,0,0,0,0,0,0,0,0,0,0,0,0,0,0,0,0,0,0,0,0,0,0,0,50176,0,0,0,0,0,0,0,0,0,0,0,0,0,0,0,0,0,0,0,0,0,0,0,0,TCGA-OL-A97C-DX1_xmin68058_ymin32495_MPP-0.2500+74
0,0,0,0,0,0,50176,0,0,0,0,0,0,0,0,0,0,0,0,0,0,0,0,0,0,0,0,0,0,0,0,50176,0,0,0,0,0,0,0,0,0,0,0,0,0,0,0,0,0,0,0,0,0,0,0,0,50176,0,0,0,0,0,0,0,0,0,0,0,0,0,0,0,0,0,0,TCGA-OL-A97C-DX1_xmin68058_ymin32495_MPP-0.2500+75
0,0,0,0,0,0,50176,0,0,0,0,0,0,0,0,0,0,0,0,0,0,0,0,0,0,0,0,0,0,0,0,50176,0,0,0,0,0,0,0,0,0,0,0,0,0,0,0,0,0,0,0,0,0,0,0,0,50176,0,0,0,0,0,0,0,0,0,0,0,0,0,0,0,0,0,0,TCGA-OL-A97C-DX1_xmin68058_ymin32495_MPP-0.2500+76
0,0,0,0,0,0,50176,0,0,0,0,0,0,0,0,0,0,0,0,0,0,0,0,0,0,0,0,0,0,0,0,50176,0,0,0,0,0,0,0,0,0,0,0,0,0,0,0,0,0,0,0,0,0,0,0,0,50176,0,0,0,0,0,0,0,0,0,0,0,0,0,0,0,0,0,0,TCGA-OL-A97C-DX1_xmin68058_ymin32495_MPP-0.2500+77
0,0,0,0,0,0,50176,0,0,0,0,0,0,0,0,0,0,0,0,0,0,0,0,0,0,0,0,0,0,0,0,50176,0,0,0,0,0,0,0,0,0,0,0,0,0,0,0,0,0,0,0,0,0,0,0,0,50176,0,0,0,0,0,0,0,0,0,0,0,0,0,0,0,0,0,0,TCGA-OL-A97C-DX1_xmin68058_ymin32495_MPP-0.2500+78
0,0,0,0,0,0,50176,0,0,0,0,0,0,0,0,0,0,0,0,0,0,0,0,0,0,0,0,0,0,0,0,50176,0,0,0,0,0,0,0,0,0,0,0,0,0,0,0,0,0,0,0,0,0,0,0,0,50176,0,0,0,0,0,0,0,0,0,0,0,0,0,0,0,0,0,0,TCGA-OL-A97C-DX1_xmin68058_ymin32495_MPP-0.2500+79
0,0,0,0,0,0,50176,0,0,0,0,0,0,0,0,0,0,0,0,0,0,0,0,0,0,0,0,0,0,0,0,50176,0,0,0,0,0,0,0,0,0,0,0,0,0,0,0,0,0,0,0,0,0,0,0,16,50160,0,0,0,0,0,0,0,0,0,0,0,0,0,0,0,0,0,0,TCGA-OL-A97C-DX1_xmin68058_ymin32495_MPP-0.2500+8
0,0,0,0,0,0,50048,0,0,0,0,0,0,0,0,0,0,0,0,0,0,0,0,0,128,0,0,0,0,0,0,50048,0,0,0,0,0,0,0,0,0,0,0,0,0,0,0,0,0,128,0,0,0,0,0,0,50048,0,0,0,0,0,0,0,0,0,0,0,0,0,0,0,0,0,128,TCGA-OL-A97C-DX1_xmin68058_ymin32495_MPP-0.2500+80
0,0,0,0,0,0,50176,0,0,0,0,0,0,0,0,0,0,0,0,0,0,0,0,0,0,0,0,0,0,0,0,50176,0,0,0,0,0,0,0,0,0,0,0,0,0,0,0,0,0,0,0,0,0,0,0,0,50176,0,0,0,0,0,0,0,0,0,0,0,0,0,0,0,0,0,0,TCGA-OL-A97C-DX1_xmin68058_ymin32495_MPP-0.2500+81
0,0,0,0,0,0,50176,0,0,0,0,0,0,0,0,0,0,0,0,0,0,0,0,0,0,0,0,0,0,0,0,50176,0,0,0,0,0,0,0,0,0,0,0,0,0,0,0,0,0,0,0,0,0,0,0,0,50176,0,0,0,0,0,0,0,0,0,0,0,0,0,0,0,0,0,0,TCGA-OL-A97C-DX1_xmin68058_ymin32495_MPP-0.2500+82
0,0,0,0,0,0,40793,0,0,0,0,0,0,0,0,0,0,0,0,0,0,0,0,0,9383,0,0,0,0,0,0,40793,0,0,0,0,0,0,0,0,0,0,0,0,0,0,0,0,0,9383,0,0,0,0,0,0,40793,0,0,0,0,0,0,0,0,0,0,0,0,0,0,0,0,0,9383,TCGA-OL-A97C-DX1_xmin68058_ymin32495_MPP-0.2500+83
0,0,0,0,0,0,50176,0,0,0,0,0,0,0,0,0,0,0,0,0,0,0,0,0,0,0,0,0,0,0,0,50176,0,0,0,0,0,0,0,0,0,0,0,0,0,0,0,0,0,0,0,0,0,0,0,0,50176,0,0,0,0,0,0,0,0,0,0,0,0,0,0,0,0,0,0,TCGA-OL-A97C-DX1_xmin68058_ymin32495_MPP-0.2500+84
0,1539,0,0,0,0,48637,0,0,0,0,0,0,0,0,0,0,0,0,0,0,0,0,0,0,1121,418,0,0,0,12979,35658,0,0,0,0,0,0,0,0,0,0,0,0,0,0,0,0,0,0,0,1539,0,0,0,0,48637,0,0,0,0,0,0,0,0,0,0,0,0,0,0,0,0,0,0,TCGA-OL-A97C-DX1_xmin68058_ymin32495_MPP-0.2500+85
28150,6183,0,0,0,9214,6629,0,0,0,0,0,0,0,0,0,0,0,0,0,0,0,0,0,0,28399,5934,0,0,0,9729,6114,0,0,0,0,0,0,0,0,0,0,0,0,0,0,0,0,0,0,27818,6515,0,0,0,8453,7390,0,0,0,0,0,0,0,0,0,0,0,0,0,0,0,0,0,0,TCGA-OL-A97C-DX1_xmin68058_ymin32495_MPP-0.2500+86
50176,0,0,0,0,0,0,0,0,0,0,0,0,0,0,0,0,0,0,0,0,0,0,0,0,50176,0,0,0,0,0,0,0,0,0,0,0,0,0,0,0,0,0,0,0,0,0,0,0,0,50176,0,0,0,0,0,0,0,0,0,0,0,0,0,0,0,0,0,0,0,0,0,0,0,0,TCGA-OL-A97C-DX1_xmin68058_ymin32495_MPP-0.2500+87
50176,0,0,0,0,0,0,0,0,0,0,0,0,0,0,0,0,0,0,0,0,0,0,0,0,50176,0,0,0,0,0,0,0,0,0,0,0,0,0,0,0,0,0,0,0,0,0,0,0,0,50176,0,0,0,0,0,0,0,0,0,0,0,0,0,0,0,0,0,0,0,0,0,0,0,0,TCGA-OL-A97C-DX1_xmin68058_ymin32495_MPP-0.2500+88
50176,0,0,0,0,0,0,0,0,0,0,0,0,0,0,0,0,0,0,0,0,0,0,0,0,50176,0,0,0,0,0,0,0,0,0,0,0,0,0,0,0,0,0,0,0,0,0,0,0,0,50176,0,0,0,0,0,0,0,0,0,0,0,0,0,0,0,0,0,0,0,0,0,0,0,0,TCGA-OL-A97C-DX1_xmin68058_ymin32495_MPP-0.2500+89
0,0,0,0,0,0,50176,0,0,0,0,0,0,0,0,0,0,0,0,0,0,0,0,0,0,0,0,0,0,0,0,50176,0,0,0,0,0,0,0,0,0,0,0,0,0,0,0,0,0,0,0,0,0,0,0,0,50176,0,0,0,0,0,0,0,0,0,0,0,0,0,0,0,0,0,0,TCGA-OL-A97C-DX1_xmin68058_ymin32495_MPP-0.2500+9
50176,0,0,0,0,0,0,0,0,0,0,0,0,0,0,0,0,0,0,0,0,0,0,0,0,50176,0,0,0,0,0,0,0,0,0,0,0,0,0,0,0,0,0,0,0,0,0,0,0,0,50176,0,0,0,0,0,0,0,0,0,0,0,0,0,0,0,0,0,0,0,0,0,0,0,0,TCGA-OL-A97C-DX1_xmin68058_ymin32495_MPP-0.2500+90
50105,0,0,0,0,0,0,0,0,0,0,0,0,0,0,0,0,0,0,0,0,0,0,0,71,50105,0,0,0,0,0,0,0,0,0,0,0,0,0,0,0,0,0,0,0,0,0,0,0,71,50105,0,0,0,0,0,0,0,0,0,0,0,0,0,0,0,0,0,0,0,0,0,0,0,71,TCGA-OL-A97C-DX1_xmin68058_ymin32495_MPP-0.2500+91
43251,0,0,0,0,0,0,0,0,0,0,0,0,0,0,0,0,0,0,0,0,0,0,0,6925,43251,0,0,0,0,0,0,0,0,0,0,0,0,0,0,0,0,0,0,0,0,0,0,0,6925,43251,0,0,0,0,0,0,0,0,0,0,0,0,0,0,0,0,0,0,0,0,0,0,0,6925,TCGA-OL-A97C-DX1_xmin68058_ymin32495_MPP-0.2500+92
0,0,0,0,0,0,50176,0,0,0,0,0,0,0,0,0,0,0,0,0,0,0,0,0,0,0,0,0,0,0,0,50176,0,0,0,0,0,0,0,0,0,0,0,0,0,0,0,0,0,0,0,0,0,0,0,0,50176,0,0,0,0,0,0,0,0,0,0,0,0,0,0,0,0,0,0,TCGA-OL-A97C-DX1_xmin68058_ymin32495_MPP-0.2500+93
0,0,0,0,0,0,50176,0,0,0,0,0,0,0,0,0,0,0,0,0,0,0,0,0,0,0,0,0,0,0,0,50176,0,0,0,0,0,0,0,0,0,0,0,0,0,0,0,0,0,0,0,0,0,0,0,0,50176,0,0,0,0,0,0,0,0,0,0,0,0,0,0,0,0,0,0,TCGA-OL-A97C-DX1_xmin68058_ymin32495_MPP-0.2500+94
0,0,0,0,0,0,43646,0,0,0,0,0,0,0,0,0,0,0,0,0,0,0,0,0,6530,0,0,0,0,0,0,43646,0,0,0,0,0,0,0,0,0,0,0,0,0,0,0,0,0,6530,0,0,0,0,0,0,43646,0,0,0,0,0,0,0,0,0,0,0,0,0,0,0,0,0,6530,TCGA-OL-A97C-DX1_xmin68058_ymin32495_MPP-0.2500+95
0,0,0,0,0,0,50176,0,0,0,0,0,0,0,0,0,0,0,0,0,0,0,0,0,0,0,0,0,0,0,0,50176,0,0,0,0,0,0,0,0,0,0,0,0,0,0,0,0,0,0,0,0,0,0,0,0,50176,0,0,0,0,0,0,0,0,0,0,0,0,0,0,0,0,0,0,TCGA-OL-A97C-DX1_xmin68058_ymin32495_MPP-0.2500+96
0,0,0,0,0,0,50176,0,0,0,0,0,0,0,0,0,0,0,0,0,0,0,0,0,0,0,0,0,0,0,0,50176,0,0,0,0,0,0,0,0,0,0,0,0,0,0,0,0,0,0,0,0,0,0,0,0,50176,0,0,0,0,0,0,0,0,0,0,0,0,0,0,0,0,0,0,TCGA-OL-A97C-DX1_xmin68058_ymin32495_MPP-0.2500+97
0,0,0,0,0,0,44493,0,0,0,0,0,0,0,0,0,0,0,0,0,0,0,0,0,5683,0,0,0,0,0,0,44493,0,0,0,0,0,0,0,0,0,0,0,0,0,0,0,0,0,5683,0,0,0,0,0,0,44493,0,0,0,0,0,0,0,0,0,0,0,0,0,0,0,0,0,5683,TCGA-OL-A97C-DX1_xmin68058_ymin32495_MPP-0.2500+98
0,0,0,0,0,0,9151,0,0,0,0,0,0,0,0,0,0,0,0,0,0,0,0,0,41025,0,0,0,0,0,0,9151,0,0,0,0,0,0,0,0,0,0,0,0,0,0,0,0,0,41025,0,0,0,0,0,0,9151,0,0,0,0,0,0,0,0,0,0,0,0,0,0,0,0,0,41025,TCGA-OL-A97C-DX1_xmin68058_ymin32495_MPP-0.2500+99
0,0,0,0,0,0,7974,0,18380,0,0,549,0,0,0,0,12,0,54,0,0,0,0,0,23207,0,0,0,0,0,0,8503,0,17851,0,0,549,0,0,0,0,55,0,11,0,0,0,0,0,23207,0,0,0,0,0,0,7876,0,18478,0,0,549,0,0,0,0,24,0,42,0,0,0,0,0,23207,TCGA-S3-AA10-DX1_xmin43039_ymin23986_MPP-0.2500+0
0,0,279,0,0,5347,0,13237,0,0,0,0,24812,0,0,0,0,0,0,0,0,0,0,0,6501,0,0,279,0,0,4867,0,13717,0,0,0,0,24812,0,0,0,0,0,0,0,0,0,0,0,6501,0,0,279,0,0,5219,0,13365,0,0,32,0,24780,0,0,0,0,0,0,0,0,0,0,0,6501,TCGA-S3-AA10-DX1_xmin43039_ymin23986_MPP-0.2500+1
0,0,0,0,0,0,38228,4848,0,0,0,0,0,0,0,0,108,6992,0,0,0,0,0,0,0,0,0,0,0,0,0,38271,4805,0,0,0,0,0,0,0,0,132,6968,0,0,0,0,0,0,0,0,0,0,0,0,0,38165,4911,0,0,0,0,0,0,0,0,163,6937,0,0,0,0,0,0,0,TCGA-S3-AA10-DX1_xmin43039_ymin23986_MPP-0.2500+10
0,0,0,0,0,0,49217,0,0,0,0,0,0,0,0,0,959,0,0,0,0,0,0,0,0,0,0,0,0,0,0,49217,0,0,0,0,0,0,0,0,0,959,0,0,0,0,0,0,0,0,0,0,0,0,0,0,49217,0,0,0,0,0,0,0,0,0,959,0,0,0,0,0,0,0,0,TCGA-S3-AA10-DX1_xmin43039_ymin23986_MPP-0.2500+11
0,0,0,0,0,0,50176,0,0,0,0,0,0,0,0,0,0,0,0,0,0,0,0,0,0,0,0,0,0,0,0,50176,0,0,0,0,0,0,0,0,0,0,0,0,0,0,0,0,0,0,0,0,0,0,0,0,50176,0,0,0,0,0,0,0,0,0,0,0,0,0,0,0,0,0,0,TCGA-S3-AA10-DX1_xmin43039_ymin23986_MPP-0.2500+12
13145,0,0,1456,0,13606,0,0,14995,0,0,0,0,0,0,0,0,0,0,0,0,0,0,0,6974,13436,0,0,1165,0,14904,0,0,13697,0,0,0,0,0,0,0,0,0,0,0,0,0,0,0,6974,13184,0,0,1417,0,13802,0,0,14799,0,0,0,0,0,0,0,0,0,0,0,0,0,0,0,6974,TCGA-S3-AA10-DX1_xmin43039_ymin23986_MPP-0.2500+13
0,0,0,0,0,28721,0,0,0,0,0,0,0,0,0,0,0,0,0,0,0,0,0,0,21455,0,0,0,0,0,28721,0,0,0,0,0,0,0,0,0,0,0,0,0,0,0,0,0,0,21455,0,0,0,0,0,6,28715,0,0,0,0,0,0,0,0,0,0,0,0,0,0,0,0,0,21455,TCGA-S3-AA10-DX1_xmin43039_ymin23986_MPP-0.2500+14
0,4,0,0,0,4896,25841,0,0,0,0,0,0,0,0,0,0,0,0,0,0,0,0,0,19435,0,4,0,0,0,5632,25105,0,0,0,0,0,0,0,0,0,0,0,0,0,0,0,0,0,19435,0,4,0,0,0,6048,24689,0,0,0,0,0,0,0,0,0,0,0,0,0,0,0,0,0,19435,TCGA-S3-AA10-DX1_xmin43039_ymin23986_MPP-0.2500+15
0,25,0,0,0,0,37437,0,0,0,0,0,0,0,0,0,0,0,0,0,0,0,0,0,12714,0,25,0,0,0,0,37437,0,0,0,0,0,0,0,0,0,0,0,0,0,0,0,0,0,12714,0,25,0,0,0,1024,36413,0,0,0,0,0,0,0,0,0,0,0,0,0,0,0,0,0,12714,TCGA-S3-AA10-DX1_xmin43039_ymin23986_MPP-0.2500+16
0,0,0,0,0,0,42134,7755,0,0,0,31,256,0,0,0,0,0,0,0,0,0,0,0,0,0,0,0,0,0,64,42583,7242,0,0,0,31,256,0,0,0,0,0,0,0,0,0,0,0,0,0,0,0,0,0,1,41953,7935,0,0,0,40,247,0,0,0,0,0,0,0,0,0,0,0,0,TCGA-S3-AA10-DX1_xmin43039_ymin23986_MPP-0.2500+17
0,0,0,0,0,352,30293,0,0,0,0,19531,0,0,0,0,0,0,0,0,0,0,0,0,0,0,0,0,0,0,320,30325,0,0,0,0,19531,0,0,0,0,0,0,0,0,0,0,0,0,0,0,0,0,0,0,911,29734,0,0,0,81,19450,0,0,0,0,0,0,0,0,0,0,0,0,0,TCGA-S3-AA10-DX1_xmin43039_ymin23986_MPP-0.2500+18
0,0,0,0,0,0,29683,2385,0,0,0,4796,13312,0,0,0,0,0,0,0,0,0,0,0,0,0,0,0,0,0,0,30328,1740,0,0,0,5127,12981,0,0,0,0,0,0,0,0,0,0,0,0,0,0,0,0,0,0,29008,3060,0,0,0,4316,13792,0,0,0,0,0,0,0,0,0,0,0,0,TCGA-S3-AA10-DX1_xmin43039_ymin23986_MPP-0.2500+19
49254,0,0,0,0,0,0,0,0,0,0,0,0,0,0,0,0,0,0,0,0,0,0,0,922,49254,0,0,0,0,0,0,0,0,0,0,0,0,0,0,0,0,0,0,0,0,0,0,0,922,49254,0,0,0,0,0,0,0,0,0,0,0,0,0,0,0,0,0,0,0,0,0,0,0,922,TCGA-S3-AA10-DX1_xmin43039_ymin23986_MPP-0.2500+2
0,0,0,0,0,0,43258,73,0,0,0,1260,5585,0,0,0,0,0,0,0,0,0,0,0,0,0,0,0,0,0,0,43296,35,0,0,0,1408,5437,0,0,0,0,0,0,0,0,0,0,0,0,0,0,0,0,0,0,43244,87,0,0,0,1311,5534,0,0,0,0,0,0,0,0,0,0,0,0,TCGA-S3-AA10-DX1_xmin43039_ymin23986_MPP-0.2500+20
0,0,0,0,0,0,50176,0,0,0,0,0,0,0,0,0,0,0,0,0,0,0,0,0,0,0,0,0,0,0,0,50176,0,0,0,0,0,0,0,0,0,0,0,0,0,0,0,0,0,0,0,0,0,0,0,0,50176,0,0,0,0,0,0,0,0,0,0,0,0,0,0,0,0,0,0,TCGA-S3-AA10-DX1_xmin43039_ymin23986_MPP-0.2500+21
43109,0,0,0,0,4528,0,0,0,0,0,0,0,0,0,0,0,0,0,0,0,0,0,0,2539,43109,0,0,0,0,4528,0,0,0,0,0,0,0,0,0,0,0,0,0,0,0,0,0,0,2539,43109,0,0,0,0,4528,0,0,0,0,0,0,0,0,0,0,0,0,0,0,0,0,0,0,2539,TCGA-S3-AA10-DX1_xmin43039_ymin23986_MPP-0.2500+22
0,0,0,4528,0,1479,0,0,29867,0,0,0,0,0,0,0,0,0,0,0,0,0,0,0,14302,0,0,0,4528,0,1934,0,0,29412,0,0,0,0,0,0,0,0,0,0,0,0,0,0,0,14302,0,0,0,4528,0,1532,0,0,29814,0,0,0,0,0,0,0,0,0,0,0,0,0,0,0,14302,TCGA-S3-AA10-DX1_xmin43039_ymin23986_MPP-0.2500+23
8603,0,0,0,0,37556,0,0,0,0,0,0,0,0,0,0,0,0,0,0,0,0,0,0,4017,8603,0,0,0,0,37556,0,0,0,0,0,0,0,0,0,0,0,0,0,0,0,0,0,0,4017,8603,0,0,0,0,37556,0,0,0,0,0,0,0,0,0,0,0,0,0,0,0,0,0,0,4017,TCGA-S3-AA10-DX1_xmin43039_ymin23986_MPP-0.2500+24
0,0,0,0,0,45604,0,0,0,0,0,0,0,0,0,0,0,0,0,0,0,0,0,0,4572,0,0,0,0,0,45604,0,0,0,0,0,0,0,0,0,0,0,0,0,0,0,0,0,0,4572,0,0,0,0,0,45604,0,0,0,0,0,0,0,0,0,0,0,0,0,0,0,0,0,0,4572,TCGA-S3-AA10-DX1_xmin43039_ymin23986_MPP-0.2500+25
2,0,0,0,0,45763,0,0,0,0,0,0,0,0,0,0,0,0,0,0,0,0,0,0,4411,2,0,0,0,0,45763,0,0,0,0,0,0,0,0,0,0,0,0,0,0,0,0,0,0,4411,2,0,0,0,0,45763,0,0,0,0,0,0,0,0,0,0,0,0,0,0,0,0,0,0,4411,TCGA-S3-AA10-DX1_xmin43039_ymin23986_MPP-0.2500+26
0,0,0,0,0,50176,0,0,0,0,0,0,0,0,0,0,0,0,0,0,0,0,0,0,0,0,0,0,0,0,50176,0,0,0,0,0,0,0,0,0,0,0,0,0,0,0,0,0,0,0,0,0,0,0,0,50176,0,0,0,0,0,0,0,0,0,0,0,0,0,0,0,0,0,0,0,TCGA-S3-AA10-DX1_xmin43039_ymin23986_MPP-0.2500+27
32281,0,0,0,0,17895,0,0,0,0,0,0,0,0,0,0,0,0,0,0,0,0,0,0,0,32281,0,0,0,0,17895,0,0,0,0,0,0,0,0,0,0,0,0,0,0,0,0,0,0,0,32281,0,0,0,0,17895,0,0,0,0,0,0,0,0,0,0,0,0,0,0,0,0,0,0,0,TCGA-S3-AA10-DX1_xmin43039_ymin23986_MPP-0.2500+28
20825,0,0,0,0,26275,0,0,0,0,3076,0,0,0,0,0,0,0,0,0,0,0,0,0,0,20825,0,0,0,0,26275,0,0,0,0,3076,0,0,0,0,0,0,0,0,0,0,0,0,0,0,20825,0,0,0,0,26275,0,0,0,0,3076,0,0,0,0,0,0,0,0,0,0,0,0,0,0,TCGA-S3-AA10-DX1_xmin43039_ymin23986_MPP-0.2500+29
46399,0,0,0,0,1159,0,0,0,0,0,0,0,0,0,196,0,0,0,0,0,0,0,0,2422,46399,0,0,0,0,1159,0,0,0,0,0,0,0,0,0,196,0,0,0,0,0,0,0,0,2422,46399,0,0,0,0,1159,0,0,0,0,0,0,0,0,0,196,0,0,0,0,0,0,0,0,2422,TCGA-S3-AA10-DX1_xmin43039_ymin23986_MPP-0.2500+3
481,0,0,0,0,1357,0,20256,0,0,2,0,28080,0,0,0,0,0,0,0,0,0,0,0,0,481,0,0,0,0,1039,0,20574,0,0,0,0,28082,0,0,0,0,0,0,0,0,0,0,0,0,481,0,0,0,0,1263,0,20350,0,0,0,0,28082,0,0,0,0,0,0,0,0,0,0,0,0,TCGA-S3-AA10-DX1_xmin43039_ymin23986_MPP-0.2500+30
0,0,0,0,0,0,47521,0,0,0,0,2655,0,0,0,0,0,0,0,0,0,0,0,0,0,0,0,0,0,0,0,47521,0,0,0,0,2655,0,0,0,0,0,0,0,0,0,0,0,0,0,0,0,0,0,0,0,47521,0,0,0,0,2655,0,0,0,0,0,0,0,0,0,0,0,0,0,TCGA-S3-AA10-DX1_xmin43039_ymin23986_MPP-0.2500+31
0,0,0,0,0,0,38961,972,0,0,0,1502,8741,0,0,0,0,0,0,0,0,0,0,0,0,0,0,0,0,0,0,39154,779,0,0,0,1553,8690,0,0,0,0,0,0,0,0,0,0,0,0,0,0,0,0,0,0,39191,742,0,0,0,1634,8609,0,0,0,0,0,0,0,0,0,0,0,0,TCGA-S3-AA10-DX1_xmin43039_ymin23986_MPP-0.2500+32
33595,0,0,6637,0,1788,0,0,2585,0,0,0,0,0,0,0,0,0,0,0,0,0,0,0,5571,32710,0,0,7522,0,1979,0,0,2394,0,0,0,0,0,0,0,0,0,0,0,0,0,0,0,5571,33947,0,0,6285,0,2122,0,0,2251,0,0,0,0,0,0,0,0,0,0,0,0,0,0,0,5571,TCGA-S3-AA10-DX1_xmin43039_ymin23986_MPP-0.2500+33
2033,0,0,692,0,5665,0,0,9745,0,0,0,0,0,0,0,0,0,0,0,0,0,0,0,32041,2201,0,0,524,0,6644,0,0,8766,0,0,0,0,0,0,0,0,0,0,0,0,0,0,0,32041,2033,0,0,692,0,5589,0,0,9821,0,0,0,0,0,0,0,0,0,0,0,0,0,0,0,32041,TCGA-S3-AA10-DX1_xmin43039_ymin23986_MPP-0.2500+34
2707,0,0,1052,0,6704,0,0,34491,0,0,0,0,0,0,0,0,0,0,0,0,0,0,0,5222,2666,0,0,1093,0,9238,0,0,31957,0,0,0,0,0,0,0,0,0,0,0,0,0,0,0,5222,2749,0,0,1010,0,7010,0,0,34185,0,0,0,0,0,0,0,0,0,0,0,0,0,0,0,5222,TCGA-S3-AA10-DX1_xmin43039_ymin23986_MPP-0.2500+35
0,22,0,0,0,1,28066,6734,0,0,0,0,0,0,0,0,0,0,0,0,0,0,0,0,15353,0,22,0,0,0,0,28283,6518,0,0,0,0,0,0,0,0,0,0,0,0,0,0,0,0,15353,0,22,0,0,0,1,27997,6803,0,0,0,0,0,0,0,0,0,0,0,0,0,0,0,0,15353,TCGA-S3-AA10-DX1_xmin43039_ymin23986_MPP-0.2500+36
20732,5077,0,0,0,9403,13809,0,0,0,0,0,0,0,0,0,0,0,0,0,0,0,0,0,1155,21484,4325,0,0,0,11422,11790,0,0,0,0,0,0,0,0,0,0,0,0,0,0,0,0,0,1155,21332,4477,0,0,0,11389,11823,0,0,0,0,0,0,0,0,0,0,0,0,0,0,0,0,0,1155,TCGA-S3-AA10-DX1_xmin43039_ymin23986_MPP-0.2500+37
30847,0,0,0,0,15246,0,0,0,0,0,0,0,0,0,0,0,0,0,0,0,0,0,0,4083,30847,0,0,0,0,15246,0,0,0,0,0,0,0,0,0,0,0,0,0,0,0,0,0,0,4083,30847,0,0,0,0,15246,0,0,0,0,0,0,0,0,0,0,0,0,0,0,0,0,0,0,4083,TCGA-S3-AA10-DX1_xmin43039_ymin23986_MPP-0.2500+38
42091,0,0,0,0,7690,0,0,0,0,0,0,0,0,0,0,0,0,0,0,0,0,0,0,395,42091,0,0,0,0,7690,0,0,0,0,0,0,0,0,0,0,0,0,0,0,0,0,0,0,395,42091,0,0,0,0,7690,0,0,0,0,0,0,0,0,0,0,0,0,0,0,0,0,0,0,395,TCGA-S3-AA10-DX1_xmin43039_ymin23986_MPP-0.2500+39
0,0,0,6512,0,0,0,0,9184,0,0,0,0,0,0,0,0,0,19302,0,0,0,0,0,15178,416,0,0,6096,0,0,0,0,9184,0,0,0,0,0,0,0,0,0,19302,0,0,0,0,0,15178,0,0,0,6512,0,0,0,0,9184,0,0,0,0,0,0,0,0,0,19302,0,0,0,0,0,15178,TCGA-S3-AA10-DX1_xmin43039_ymin23986_MPP-0.2500+4
21809,0,0,0,0,28087,0,0,0,0,280,0,0,0,0,0,0,0,0,0,0,0,0,0,0,21809,0,0,0,0,28087,0,0,0,0,280,0,0,0,0,0,0,0,0,0,0,0,0,0,0,21809,0,0,0,0,28087,0,0,0,0,280,0,0,0,0,0,0,0,0,0,0,0,0,0,0,TCGA-S3-AA10-DX1_xmin43039_ymin23986_MPP-0.2500+40
14581,487,0,0,0,13464,20033,0,0,0,29,1582,0,0,0,0,0,0,0,0,0,0,0,0,0,14782,286,0,0,0,14616,18881,0,0,0,170,1441,0,0,0,0,0,0,0,0,0,0,0,0,0,14561,507,0,0,0,13818,19679,0,0,0,0,1611,0,0,0,0,0,0,0,0,0,0,0,0,0,TCGA-S3-AA10-DX1_xmin43039_ymin23986_MPP-0.2500+41
0,0,0,0,0,0,0,1581,0,0,0,0,48595,0,0,0,0,0,0,0,0,0,0,0,0,0,0,0,0,0,0,0,1581,0,0,0,0,48595,0,0,0,0,0,0,0,0,0,0,0,0,0,0,0,0,0,7,0,1574,0,0,25,0,48570,0,0,0,0,0,0,0,0,0,0,0,0,TCGA-S3-AA10-DX1_xmin43039_ymin23986_MPP-0.2500+42
50176,0,0,0,0,0,0,0,0,0,0,0,0,0,0,0,0,0,0,0,0,0,0,0,0,50176,0,0,0,0,0,0,0,0,0,0,0,0,0,0,0,0,0,0,0,0,0,0,0,0,50176,0,0,0,0,0,0,0,0,0,0,0,0,0,0,0,0,0,0,0,0,0,0,0,0,TCGA-S3-AA10-DX1_xmin43039_ymin23986_MPP-0.2500+43
23365,0,0,6001,0,6800,0,0,7045,0,0,0,0,0,0,0,0,0,0,0,0,0,0,0,6965,23470,0,0,5896,0,6874,0,0,6971,0,0,0,0,0,0,0,0,0,0,0,0,0,0,0,6965,23487,0,0,5879,0,7009,0,0,6836,0,0,0,0,0,0,0,0,0,0,0,0,0,0,0,6965,TCGA-S3-AA10-DX1_xmin43039_ymin23986_MPP-0.2500+44
41543,0,0,0,0,7367,0,0,0,0,0,0,0,0,0,0,0,0,0,0,0,0,0,0,1266,41543,0,0,0,0,7367,0,0,0,0,0,0,0,0,0,0,0,0,0,0,0,0,0,0,1266,41543,0,0,0,0,7367,0,0,0,0,0,0,0,0,0,0,0,0,0,0,0,0,0,0,1266,TCGA-S3-AA10-DX1_xmin43039_ymin23986_MPP-0.2500+45
33537,0,0,0,0,8527,0,0,0,0,0,0,0,0,0,0,0,0,0,0,0,0,0,0,8112,33537,0,0,0,0,8527,0,0,0,0,0,0,0,0,0,0,0,0,0,0,0,0,0,0,8112,30562,0,0,2975,0,5146,0,0,3381,0,0,0,0,0,0,0,0,0,0,0,0,0,0,0,8112,TCGA-S3-AA10-DX1_xmin43039_ymin23986_MPP-0.2500+46
32988,0,0,0,0,3892,0,0,0,0,0,0,0,0,0,489,0,0,0,0,0,0,0,0,12807,32988,0,0,0,0,3892,0,0,0,0,0,0,0,0,0,489,0,0,0,0,0,0,0,0,12807,32988,0,0,0,0,3892,0,0,0,0,0,0,0,0,0,489,0,0,0,0,0,0,0,0,12807,TCGA-S3-AA10-DX1_xmin43039_ymin23986_MPP-0.2500+47
43551,0,0,0,0,0,0,0,0,0,0,0,0,0,0,6625,0,0,0,0,0,0,0,0,0,43551,0,0,0,0,0,0,0,0,0,0,0,0,0,0,6625,0,0,0,0,0,0,0,0,0,43551,0,0,0,0,0,0,0,0,0,0,0,0,0,0,6625,0,0,0,0,0,0,0,0,0,TCGA-S3-AA10-DX1_xmin43039_ymin23986_MPP-0.2500+48
50176,0,0,0,0,0,0,0,0,0,0,0,0,0,0,0,0,0,0,0,0,0,0,0,0,50176,0,0,0,0,0,0,0,0,0,0,0,0,0,0,0,0,0,0,0,0,0,0,0,0,50176,0,0,0,0,0,0,0,0,0,0,0,0,0,0,0,0,0,0,0,0,0,0,0,0,TCGA-S3-AA10-DX1_xmin43039_ymin23986_MPP-0.2500+49
0,0,0,0,0,5519,0,0,16189,0,0,0,0,0,0,1825,0,0,9663,0,0,0,0,0,16980,0,0,0,0,0,3727,0,0,17981,0,0,0,0,0,0,2081,0,0,9407,0,0,0,0,0,16980,0,0,0,0,0,5391,0,0,16317,0,0,0,0,0,0,1825,0,0,9663,0,0,0,0,0,16980,TCGA-S3-AA10-DX1_xmin43039_ymin23986_MPP-0.2500+5
29774,15031,0,0,0,493,0,0,0,0,0,0,0,0,0,0,0,0,0,0,0,0,0,0,4878,30410,14395,0,0,0,493,0,0,0,0,0,0,0,0,0,0,0,0,0,0,0,0,0,0,4878,30557,14248,0,0,0,493,0,0,0,0,0,0,0,0,0,0,0,0,0,0,0,0,0,0,4878,TCGA-S3-AA10-DX1_xmin43039_ymin23986_MPP-0.2500+50
17189,0,0,0,0,28670,0,0,0,0,3345,0,0,0,0,0,0,0,0,0,0,0,0,0,972,17189,0,0,0,0,28670,0,0,0,0,3345,0,0,0,0,0,0,0,0,0,0,0,0,0,972,17189,0,0,0,0,28670,0,0,0,0,3345,0,0,0,0,0,0,0,0,0,0,0,0,0,972,TCGA-S3-AA10-DX1_xmin43039_ymin23986_MPP-0.2500+51
0,0,0,0,0,48,0,6564,0,0,0,0,43564,0,0,0,0,0,0,0,0,0,0,0,0,0,0,0,0,0,48,0,6564,0,0,0,0,43564,0,0,0,0,0,0,0,0,0,0,0,0,0,0,0,0,0,16,0,6596,0,0,0,0,43564,0,0,0,0,0,0,0,0,0,0,0,0,TCGA-S3-AA10-DX1_xmin43039_ymin23986_MPP-0.2500+52
0,0,0,0,0,0,17778,1786,0,0,0,5963,18691,0,0,0,0,0,0,0,0,0,0,0,5958,0,0,0,0,0,0,17737,1827,0,0,0,5003,19651,0,0,0,0,0,0,0,0,0,0,0,5958,0,0,0,0,0,0,16850,2714,0,0,0,6144,18510,0,0,0,0,0,0,0,0,0,0,0,5958,TCGA-S3-AA10-DX1_xmin43039_ymin23986_MPP-0.2500+53
38800,0,0,0,0,3467,0,0,0,0,0,0,0,0,0,0,0,0,0,0,0,0,0,0,7909,38800,0,0,0,0,3467,0,0,0,0,0,0,0,0,0,0,0,0,0,0,0,0,0,0,7909,38800,0,0,0,0,3467,0,0,0,0,0,0,0,0,0,0,0,0,0,0,0,0,0,0,7909,TCGA-S3-AA10-DX1_xmin43039_ymin23986_MPP-0.2500+54
47808,0,0,0,0,552,0,0,0,0,0,0,0,0,0,0,0,0,0,0,0,0,0,0,1816,47808,0,0,0,0,552,0,0,0,0,0,0,0,0,0,0,0,0,0,0,0,0,0,0,1816,47808,0,0,0,0,552,0,0,0,0,0,0,0,0,0,0,0,0,0,0,0,0,0,0,1816,TCGA-S3-AA10-DX1_xmin43039_ymin23986_MPP-0.2500+55
48677,0,0,0,0,0,0,0,0,0,0,0,0,0,0,0,0,0,0,0,0,0,0,0,1499,48677,0,0,0,0,0,0,0,0,0,0,0,0,0,0,0,0,0,0,0,0,0,0,0,1499,48677,0,0,0,0,0,0,0,0,0,0,0,0,0,0,0,0,0,0,0,0,0,0,0,1499,TCGA-S3-AA10-DX1_xmin43039_ymin23986_MPP-0.2500+56
23469,0,0,10287,0,1151,0,0,683,0,0,0,0,0,0,9,0,0,1877,0,0,0,0,0,12700,24703,0,0,9053,0,1584,0,0,250,0,0,0,0,0,0,55,0,0,1831,0,0,0,0,0,12700,23494,0,0,10262,0,1229,0,0,605,0,0,0,0,0,0,4,0,0,1882,0,0,0,0,0,12700,TCGA-S3-AA10-DX1_xmin43039_ymin23986_MPP-0.2500+57
24618,0,0,0,0,467,0,0,0,0,0,0,0,0,0,24512,0,0,0,0,0,0,0,0,579,24618,0,0,0,0,467,0,0,0,0,0,0,0,0,0,24512,0,0,0,0,0,0,0,0,579,24618,0,0,0,0,467,0,0,0,0,0,0,0,0,0,24512,0,0,0,0,0,0,0,0,579,TCGA-S3-AA10-DX1_xmin43039_ymin23986_MPP-0.2500+58
46978,0,0,0,0,243,0,0,0,0,0,0,0,0,0,0,0,0,0,0,0,0,0,0,2955,46978,0,0,0,0,243,0,0,0,0,0,0,0,0,0,0,0,0,0,0,0,0,0,0,2955,46978,0,0,0,0,243,0,0,0,0,0,0,0,0,0,0,0,0,0,0,0,0,0,0,2955,TCGA-S3-AA10-DX1_xmin43039_ymin23986_MPP-0.2500+59
0,0,0,0,0,44069,0,0,0,0,0,0,0,0,0,0,0,0,0,0,0,0,0,0,6107,0,0,0,0,0,44069,0,0,0,0,0,0,0,0,0,0,0,0,0,0,0,0,0,0,6107,0,0,0,0,0,44069,0,0,0,0,0,0,0,0,0,0,0,0,0,0,0,0,0,0,6107,TCGA-S3-AA10-DX1_xmin43039_ymin23986_MPP-0.2500+6
25211,18206,0,0,0,0,45,0,0,0,0,0,0,0,0,0,0,0,0,0,0,0,0,0,6714,24691,18726,0,0,0,0,45,0,0,0,0,0,0,0,0,0,0,0,0,0,0,0,0,0,6714,24501,18916,0,0,0,0,45,0,0,0,0,0,0,0,0,0,0,0,0,0,0,0,0,0,6714,TCGA-S3-AA10-DX1_xmin43039_ymin23986_MPP-0.2500+60
10927,0,0,0,0,35080,0,0,0,0,0,0,0,0,0,0,0,0,0,0,0,0,0,0,4169,10927,0,0,0,0,35080,0,0,0,0,0,0,0,0,0,0,0,0,0,0,0,0,0,0,4169,10927,0,0,0,0,35080,0,0,0,0,0,0,0,0,0,0,0,0,0,0,0,0,0,0,4169,TCGA-S3-AA10-DX1_xmin43039_ymin23986_MPP-0.2500+61
2995,0,0,0,0,33158,0,0,0,0,8047,0,0,0,0,0,0,0,0,0,0,0,0,0,5976,2995,0,0,0,0,33158,0,0,0,0,8047,0,0,0,0,0,0,0,0,0,0,0,0,0,5976,2995,0,0,0,0,33158,0,0,0,0,8047,0,0,0,0,0,0,0,0,0,0,0,0,0,5976,TCGA-S3-AA10-DX1_xmin43039_ymin23986_MPP-0.2500+62
28342,0,0,2268,0,2848,0,0,7155,0,0,0,0,0,0,0,0,0,0,0,0,0,0,0,9563,30266,0,0,344,0,4765,0,0,5238,0,0,0,0,0,0,0,0,0,0,0,0,0,0,0,9563,28768,0,0,1842,0,2953,0,0,7050,0,0,0,0,0,0,0,0,0,0,0,0,0,0,0,9563,TCGA-S3-AA10-DX1_xmin43039_ymin23986_MPP-0.2500+63
45718,0,0,0,0,884,0,0,0,0,0,0,0,0,0,0,0,0,0,0,0,0,0,0,3574,45718,0,0,0,0,884,0,0,0,0,0,0,0,0,0,0,0,0,0,0,0,0,0,0,3574,45718,0,0,0,0,884,0,0,0,0,0,0,0,0,0,0,0,0,0,0,0,0,0,0,3574,TCGA-S3-AA10-DX1_xmin43039_ymin23986_MPP-0.2500+64
45410,0,0,0,0,0,0,0,0,0,0,0,0,0,0,0,0,0,0,0,0,0,0,0,4766,45410,0,0,0,0,0,0,0,0,0,0,0,0,0,0,0,0,0,0,0,0,0,0,0,4766,45410,0,0,0,0,0,0,0,0,0,0,0,0,0,0,0,0,0,0,0,0,0,0,0,4766,TCGA-S3-AA10-DX1_xmin43039_ymin23986_MPP-0.2500+65
47310,0,0,0,0,0,0,0,0,0,0,0,0,0,0,0,0,0,0,0,0,0,0,0,2866,47310,0,0,0,0,0,0,0,0,0,0,0,0,0,0,0,0,0,0,0,0,0,0,0,2866,47310,0,0,0,0,0,0,0,0,0,0,0,0,0,0,0,0,0,0,0,0,0,0,0,2866,TCGA-S3-AA10-DX1_xmin43039_ymin23986_MPP-0.2500+66
25235,0,0,3422,0,1307,0,0,2682,0,0,0,0,0,0,0,0,0,0,0,0,0,0,0,17530,25555,0,0,3102,0,1365,0,0,2624,0,0,0,0,0,0,0,0,0,0,0,0,0,0,0,17530,25293,0,0,3364,0,1376,0,0,2613,0,0,0,0,0,0,0,0,0,0,0,0,0,0,0,17530,TCGA-S3-AA10-DX1_xmin43039_ymin23986_MPP-0.2500+67
16837,0,0,3556,0,4499,0,0,3092,0,0,0,0,0,0,0,0,0,0,0,0,0,0,0,22192,17009,0,0,3384,0,4667,0,0,2924,0,0,0,0,0,0,0,0,0,0,0,0,0,0,0,22192,16639,0,0,3754,0,4657,0,0,2934,0,0,0,0,0,0,0,0,0,0,0,0,0,0,0,22192,TCGA-S3-AA10-DX1_xmin43039_ymin23986_MPP-0.2500+68
50176,0,0,0,0,0,0,0,0,0,0,0,0,0,0,0,0,0,0,0,0,0,0,0,0,50176,0,0,0,0,0,0,0,0,0,0,0,0,0,0,0,0,0,0,0,0,0,0,0,0,50176,0,0,0,0,0,0,0,0,0,0,0,0,0,0,0,0,0,0,0,0,0,0,0,0,TCGA-S3-AA10-DX1_xmin43039_ymin23986_MPP-0.2500+69
280,0,0,0,0,32444,0,0,0,0,0,0,0,0,0,0,0,0,0,0,0,0,0,0,17452,280,0,0,0,0,32444,0,0,0,0,0,0,0,0,0,0,0,0,0,0,0,0,0,0,17452,280,0,0,0,0,32444,0,0,0,0,0,0,0,0,0,0,0,0,0,0,0,0,0,0,17452,TCGA-S3-AA10-DX1_xmin43039_ymin23986_MPP-0.2500+7
22953,4021,0,0,0,2554,11011,0,0,0,0,0,0,0,0,0,0,0,0,0,0,0,0,0,9637,22763,4211,0,0,0,2497,11068,0,0,0,0,0,0,0,0,0,0,0,0,0,0,0,0,0,9637,22102,4872,0,0,0,2465,11100,0,0,0,0,0,0,0,0,0,0,0,0,0,0,0,0,0,9637,TCGA-S3-AA10-DX1_xmin43039_ymin23986_MPP-0.2500+70
19324,0,0,0,0,28430,0,0,0,0,0,0,0,0,0,0,0,0,0,0,0,0,0,0,2422,19324,0,0,0,0,28430,0,0,0,0,0,0,0,0,0,0,0,0,0,0,0,0,0,0,2422,19324,0,0,0,0,28430,0,0,0,0,0,0,0,0,0,0,0,0,0,0,0,0,0,0,2422,TCGA-S3-AA10-DX1_xmin43039_ymin23986_MPP-0.2500+71
31132,0,0,0,0,12387,0,0,0,0,0,0,0,0,0,0,0,0,0,0,0,0,0,0,6657,31132,0,0,0,0,12387,0,0,0,0,0,0,0,0,0,0,0,0,0,0,0,0,0,0,6657,29155,0,0,1977,0,2705,0,0,9682,0,0,0,0,0,0,0,0,0,0,0,0,0,0,0,6657,TCGA-S3-AA10-DX1_xmin43039_ymin23986_MPP-0.2500+72
50176,0,0,0,0,0,0,0,0,0,0,0,0,0,0,0,0,0,0,0,0,0,0,0,0,50176,0,0,0,0,0,0,0,0,0,0,0,0,0,0,0,0,0,0,0,0,0,0,0,0,50176,0,0,0,0,0,0,0,0,0,0,0,0,0,0,0,0,0,0,0,0,0,0,0,0,TCGA-S3-AA10-DX1_xmin43039_ymin23986_MPP-0.2500+73
43170,0,0,0,0,1111,0,0,0,0,0,0,0,0,0,1560,0,0,0,0,0,0,0,0,4335,43170,0,0,0,0,1111,0,0,0,0,0,0,0,0,0,1560,0,0,0,0,0,0,0,0,4335,43170,0,0,0,0,1111,0,0,0,0,0,0,0,0,0,1560,0,0,0,0,0,0,0,0,4335,TCGA-S3-AA10-DX1_xmin43039_ymin23986_MPP-0.2500+74
46696,0,0,0,0,198,0,0,0,0,0,0,0,0,0,0,0,0,0,0,0,0,0,0,3282,46696,0,0,0,0,198,0,0,0,0,0,0,0,0,0,0,0,0,0,0,0,0,0,0,3282,46696,0,0,0,0,198,0,0,0,0,0,0,0,0,0,0,0,0,0,0,0,0,0,0,3282,TCGA-S3-AA10-DX1_xmin43039_ymin23986_MPP-0.2500+75
23327,0,0,0,0,5294,0,0,3160,0,0,0,0,0,0,889,0,0,4317,0,0,0,0,0,13189,23301,0,0,26,0,4907,0,0,3547,0,0,0,0,0,0,802,0,0,4404,0,0,0,0,0,13189,23305,0,0,22,0,5259,0,0,3195,0,0,0,0,0,0,865,0,0,4341,0,0,0,0,0,13189,TCGA-S3-AA10-DX1_xmin43039_ymin23986_MPP-0.2500+76
0,3314,0,1119,0,0,848,0,4742,0,0,0,0,0,0,0,0,0,7961,0,0,0,0,0,32192,0,4143,0,290,0,0,1401,0,4189,0,0,0,0,0,0,0,335,0,7626,0,0,0,0,0,32192,0,3544,0,889,0,0,826,0,4764,0,0,0,0,0,0,0,0,0,7961,0,0,0,0,0,32192,TCGA-S3-AA10-DX1_xmin43039_ymin23986_MPP-0.2500+77
29079,0,0,7914,0,1064,0,0,3020,0,0,0,0,0,0,0,0,0,781,0,0,0,0,0,8318,30080,0,0,6913,0,1276,0,0,2808,0,0,0,0,0,0,0,0,0,781,0,0,0,0,0,8318,29819,0,0,7174,0,1101,0,0,2983,0,0,0,0,0,0,0,0,0,781,0,0,0,0,0,8318,TCGA-S3-AA10-DX1_xmin43039_ymin23986_MPP-0.2500+78
50176,0,0,0,0,0,0,0,0,0,0,0,0,0,0,0,0,0,0,0,0,0,0,0,0,50176,0,0,0,0,0,0,0,0,0,0,0,0,0,0,0,0,0,0,0,0,0,0,0,0,50176,0,0,0,0,0,0,0,0,0,0,0,0,0,0,0,0,0,0,0,0,0,0,0,0,TCGA-S3-AA10-DX1_xmin43039_ymin23986_MPP-0.2500+79
3572,0,0,0,0,42800,0,0,0,0,0,0,0,0,0,0,0,0,0,0,0,0,0,0,3804,3572,0,0,0,0,42800,0,0,0,0,0,0,0,0,0,0,0,0,0,0,0,0,0,0,3804,3572,0,0,0,0,42800,0,0,0,0,0,0,0,0,0,0,0,0,0,0,0,0,0,0,3804,TCGA-S3-AA10-DX1_xmin43039_ymin23986_MPP-0.2500+8
6240,9925,0,2742,0,11555,1021,0,7209,0,0,0,0,0,0,0,0,0,0,0,0,0,0,0,11484,15914,0,0,2993,0,12921,0,0,6864,0,0,0,0,0,0,0,0,0,0,0,0,0,0,0,11484,14758,0,0,4149,0,12835,0,0,6950,0,0,0,0,0,0,0,0,0,0,0,0,0,0,0,11484,TCGA-S3-AA10-DX1_xmin43039_ymin23986_MPP-0.2500+80
11095,7285,0,0,0,7641,11717,0,0,0,0,0,0,0,0,0,0,0,0,0,0,0,0,0,12438,11031,7349,0,0,0,6897,12461,0,0,0,0,0,0,0,0,0,0,0,0,0,0,0,0,0,12438,11258,7122,0,0,0,7984,11374,0,0,0,0,0,0,0,0,0,0,0,0,0,0,0,0,0,12438,TCGA-S3-AA10-DX1_xmin43039_ymin23986_MPP-0.2500+81
22545,2686,0,0,0,1035,2015,0,0,0,0,0,0,0,0,0,0,0,0,0,0,0,0,0,21895,22651,2580,0,0,0,1219,1831,0,0,0,0,0,0,0,0,0,0,0,0,0,0,0,0,0,21895,22604,2627,0,0,0,1260,1790,0,0,0,0,0,0,0,0,0,0,0,0,0,0,0,0,0,21895,TCGA-S3-AA10-DX1_xmin43039_ymin23986_MPP-0.2500+82
13716,0,0,235,0,2670,0,0,5689,0,0,0,0,0,0,2299,0,0,10509,0,0,0,0,0,15058,13849,0,0,102,0,2769,0,0,5590,0,0,0,0,0,0,2610,0,0,10198,0,0,0,0,0,15058,13717,0,0,234,0,2606,0,0,5753,0,0,0,0,0,0,2047,0,0,10761,0,0,0,0,0,15058,TCGA-S3-AA10-DX1_xmin43039_ymin23986_MPP-0.2500+83
0,0,0,0,0,0,0,0,8431,0,0,0,0,0,0,0,0,0,12129,0,0,0,0,0,29616,0,0,0,0,0,18,0,0,8413,0,0,0,0,0,0,94,0,0,12035,0,0,0,0,0,29616,0,0,0,0,0,0,0,0,8431,0,0,0,0,0,0,0,0,0,12129,0,0,0,0,0,29616,TCGA-S3-AA10-DX1_xmin43039_ymin23986_MPP-0.2500+84
0,0,0,0,0,0,0,0,8551,0,0,0,0,0,0,0,0,0,16572,0,0,0,0,0,25053,0,0,0,0,0,0,0,0,8551,0,0,0,0,0,0,0,0,0,16572,0,0,0,0,0,25053,0,0,0,0,0,0,0,0,8551,0,0,0,0,0,0,0,0,0,16572,0,0,0,0,0,25053,TCGA-S3-AA10-DX1_xmin43039_ymin23986_MPP-0.2500+85
8760,0,0,289,0,1420,0,0,8497,0,0,0,0,0,0,3584,0,0,2559,0,0,0,0,0,25067,8947,0,0,102,0,1924,0,0,7993,0,0,0,0,0,0,3823,0,0,2320,0,0,0,0,0,25067,8728,0,0,321,0,1429,0,0,8488,0,0,0,0,0,0,3607,0,0,2536,0,0,0,0,0,25067,TCGA-S3-AA10-DX1_xmin43039_ymin23986_MPP-0.2500+86
32489,0,0,4607,0,0,0,0,4788,0,0,0,0,0,0,0,0,0,3420,0,0,0,0,0,4872,31405,0,0,5691,0,0,0,0,4788,0,0,0,0,0,0,0,0,0,3420,0,0,0,0,0,4872,32610,0,0,4486,0,0,0,0,4788,0,0,0,0,0,0,0,0,0,3420,0,0,0,0,0,4872,TCGA-S3-AA10-DX1_xmin43039_ymin23986_MPP-0.2500+87
21725,0,0,5920,0,172,0,0,9133,0,0,0,0,0,0,0,0,0,0,0,0,0,0,0,13226,21599,0,0,6046,0,326,0,0,8979,0,0,0,0,0,0,0,0,0,0,0,0,0,0,0,13226,21900,0,0,5745,0,166,0,0,9139,0,0,0,0,0,0,0,0,0,0,0,0,0,0,0,13226,TCGA-S3-AA10-DX1_xmin43039_ymin23986_MPP-0.2500+88
0,0,0,0,0,0,0,0,5293,0,0,0,0,0,0,144,0,0,33382,0,0,0,0,0,11357,0,0,0,0,0,0,0,0,5293,0,0,0,0,0,0,144,0,0,33382,0,0,0,0,0,11357,0,0,0,0,0,0,0,0,5293,0,0,0,0,0,0,176,0,0,33350,0,0,0,0,0,11357,TCGA-S3-AA10-DX1_xmin43039_ymin23986_MPP-0.2500+89
0,2118,0,0,0,0,46758,0,0,0,0,0,0,0,0,0,668,0,0,0,0,0,0,0,632,0,2118,0,0,0,0,46758,0,0,0,0,0,0,0,0,0,668,0,0,0,0,0,0,0,632,0,2118,0,0,0,0,46758,0,0,0,0,0,0,0,0,0,668,0,0,0,0,0,0,0,632,TCGA-S3-AA10-DX1_xmin43039_ymin23986_MPP-0.2500+9
0,0,0,0,0,0,0,0,5693,0,0,0,0,0,0,48,0,0,36972,0,0,0,0,0,7463,0,0,0,0,0,0,0,0,5693,0,0,0,0,0,0,80,0,0,36940,0,0,0,0,0,7463,0,0,0,0,0,0,0,0,5693,0,0,0,0,0,0,0,0,0,37020,0,0,0,0,0,7463,TCGA-S3-AA10-DX1_xmin43039_ymin23986_MPP-0.2500+90
0,0,0,0,0,0,0,0,9738,0,0,0,0,0,0,0,0,0,6650,0,0,0,0,0,33788,0,0,0,0,0,0,0,0,9738,0,0,0,0,0,0,0,0,0,6650,0,0,0,0,0,33788,0,0,0,0,0,0,0,0,9738,0,0,0,0,0,0,0,0,0,6650,0,0,0,0,0,33788,TCGA-S3-AA10-DX1_xmin43039_ymin23986_MPP-0.2500+91
0,0,0,0,0,0,18094,0,0,0,0,2678,0,0,0,0,0,0,0,0,0,0,0,0,29404,0,0,0,0,0,0,18094,0,0,0,0,2678,0,0,0,0,0,0,0,0,0,0,0,0,29404,0,0,0,0,0,0,18094,0,0,0,0,2678,0,0,0,0,0,0,0,0,0,0,0,0,29404,TCGA-S3-AA15-DX1_xmin55486_ymin28926_MPP-0.2500+0
0,0,0,0,0,0,9291,0,0,0,0,337,0,0,0,0,0,0,0,0,0,0,0,0,40548,0,0,0,0,0,0,9291,0,0,0,0,337,0,0,0,0,0,0,0,0,0,0,0,0,40548,0,0,0,0,0,0,9291,0,0,0,0,337,0,0,0,0,0,0,0,0,0,0,0,0,40548,TCGA-S3-AA15-DX1_xmin55486_ymin28926_MPP-0.2500+1
0,0,0,0,0,0,11939,2846,0,0,0,3990,7581,0,0,0,0,0,0,0,0,0,0,0,23820,0,0,0,0,0,0,12150,2635,0,0,0,4100,7471,0,0,0,0,0,0,0,0,0,0,0,23820,0,0,0,0,0,0,12035,2750,0,0,0,4292,7279,0,0,0,0,0,0,0,0,0,0,0,23820,TCGA-S3-AA15-DX1_xmin55486_ymin28926_MPP-0.2500+10
0,0,0,0,0,0,9250,1227,0,0,0,364,2520,0,0,0,0,0,0,0,0,0,0,0,36815,0,0,0,0,0,0,9039,1438,0,0,0,281,2603,0,0,0,0,0,0,0,0,0,0,0,36815,0,0,0,0,0,0,8986,1491,0,0,0,219,2665,0,0,0,0,0,0,0,0,0,0,0,36815,TCGA-S3-AA15-DX1_xmin55486_ymin28926_MPP-0.2500+11
0,0,0,0,0,0,7538,2693,0,0,0,6023,7512,0,0,0,0,0,0,0,0,0,0,0,26410,0,0,0,0,0,0,7435,2796,0,0,0,6074,7461,0,0,0,0,0,0,0,0,0,0,0,26410,0,0,0,0,0,0,7439,2792,0,0,0,6199,7336,0,0,0,0,0,0,0,0,0,0,0,26410,TCGA-S3-AA15-DX1_xmin55486_ymin28926_MPP-0.2500+12
0,0,0,0,0,0,0,3906,0,0,192,0,41132,0,0,0,0,0,0,0,0,0,0,0,4946,0,0,0,0,0,0,0,3906,0,0,0,0,41324,0,0,0,0,0,0,0,0,0,0,0,4946,0,0,0,0,0,0,0,3906,0,0,416,0,40908,0,0,0,0,0,0,0,0,0,0,0,4946,TCGA-S3-AA15-DX1_xmin55486_ymin28926_MPP-0.2500+13
0,0,0,0,0,0,5028,2358,0,0,0,1688,39855,0,0,0,0,0,0,0,0,0,0,0,1247,0,0,0,0,0,0,5025,2361,0,0,0,1470,40073,0,0,0,0,0,0,0,0,0,0,0,1247,0,0,0,0,0,0,5057,2329,0,0,0,2019,39524,0,0,0,0,0,0,0,0,0,0,0,1247,TCGA-S3-AA15-DX1_xmin55486_ymin28926_MPP-0.2500+14
0,0,0,0,0,0,48890,0,0,0,0,1286,0,0,0,0,0,0,0,0,0,0,0,0,0,0,0,0,0,0,0,48890,0,0,0,0,1286,0,0,0,0,0,0,0,0,0,0,0,0,0,0,0,0,0,0,0,48890,0,0,0,0,1286,0,0,0,0,0,0,0,0,0,0,0,0,0,TCGA-S3-AA15-DX1_xmin55486_ymin28926_MPP-0.2500+15
0,0,0,0,0,0,50176,0,0,0,0,0,0,0,0,0,0,0,0,0,0,0,0,0,0,0,0,0,0,0,0,50176,0,0,0,0,0,0,0,0,0,0,0,0,0,0,0,0,0,0,0,0,0,0,0,0,50176,0,0,0,0,0,0,0,0,0,0,0,0,0,0,0,0,0,0,TCGA-S3-AA15-DX1_xmin55486_ymin28926_MPP-0.2500+16
0,0,0,0,0,0,50176,0,0,0,0,0,0,0,0,0,0,0,0,0,0,0,0,0,0,0,0,0,0,0,0,50176,0,0,0,0,0,0,0,0,0,0,0,0,0,0,0,0,0,0,0,0,0,0,0,0,50176,0,0,0,0,0,0,0,0,0,0,0,0,0,0,0,0,0,0,TCGA-S3-AA15-DX1_xmin55486_ymin28926_MPP-0.2500+17
31341,0,0,0,0,12277,0,0,0,0,1994,0,0,0,0,0,0,0,0,0,0,0,0,0,4564,31341,0,0,0,0,12277,0,0,0,0,1994,0,0,0,0,0,0,0,0,0,0,0,0,0,4564,31341,0,0,0,0,12277,0,0,0,0,1994,0,0,0,0,0,0,0,0,0,0,0,0,0,4564,TCGA-S3-AA15-DX1_xmin55486_ymin28926_MPP-0.2500+18
34230,0,0,0,0,10902,0,0,0,0,2031,0,0,0,0,0,0,0,0,0,0,0,0,0,3013,34230,0,0,0,0,10902,0,0,0,0,2031,0,0,0,0,0,0,0,0,0,0,0,0,0,3013,34230,0,0,0,0,10902,0,0,0,0,2031,0,0,0,0,0,0,0,0,0,0,0,0,0,3013,TCGA-S3-AA15-DX1_xmin55486_ymin28926_MPP-0.2500+19
0,0,0,0,0,0,6665,2305,0,0,0,4792,3774,0,0,0,0,0,0,0,0,0,0,0,32640,0,0,0,0,0,0,6687,2283,0,0,0,4814,3752,0,0,0,0,0,0,0,0,0,0,0,32640,0,0,0,0,0,0,6715,2255,0,0,0,4979,3587,0,0,0,0,0,0,0,0,0,0,0,32640,TCGA-S3-AA15-DX1_xmin55486_ymin28926_MPP-0.2500+2
17654,808,0,0,0,7488,6524,0,0,0,361,4,0,0,0,0,0,0,0,0,0,0,0,0,17337,17474,988,0,0,0,7373,6639,0,0,0,364,1,0,0,0,0,0,0,0,0,0,0,0,0,17337,17923,539,0,0,0,7803,6209,0,0,0,349,16,0,0,0,0,0,0,0,0,0,0,0,0,17337,TCGA-S3-AA15-DX1_xmin55486_ymin28926_MPP-0.2500+20
40925,0,0,0,0,4974,0,0,0,0,423,0,0,0,0,0,0,0,0,0,0,0,0,0,3854,40925,0,0,0,0,4974,0,0,0,0,423,0,0,0,0,0,0,0,0,0,0,0,0,0,3854,40925,0,0,0,0,4974,0,0,0,0,423,0,0,0,0,0,0,0,0,0,0,0,0,0,3854,TCGA-S3-AA15-DX1_xmin55486_ymin28926_MPP-0.2500+21
7766,0,976,0,0,9280,0,9935,0,0,783,0,17011,0,0,0,0,0,0,0,0,0,0,0,4425,7851,0,891,0,0,9357,0,9858,0,0,949,0,16845,0,0,0,0,0,0,0,0,0,0,0,4425,8141,0,601,0,0,9274,0,9941,0,0,932,0,16862,0,0,0,0,0,0,0,0,0,0,0,4425,TCGA-S3-AA15-DX1_xmin55486_ymin28926_MPP-0.2500+22
0,0,0,0,0,0,21390,6819,0,0,0,1577,16826,0,0,0,0,0,0,0,0,0,0,0,3564,0,0,0,0,0,0,20181,8028,0,0,0,1190,17213,0,0,0,0,0,0,0,0,0,0,0,3564,0,0,0,0,0,0,21215,6994,0,0,0,1631,16772,0,0,0,0,0,0,0,0,0,0,0,3564,TCGA-S3-AA15-DX1_xmin55486_ymin28926_MPP-0.2500+23
0,0,0,0,0,0,49999,0,0,0,0,177,0,0,0,0,0,0,0,0,0,0,0,0,0,0,0,0,0,0,0,49999,0,0,0,0,177,0,0,0,0,0,0,0,0,0,0,0,0,0,0,0,0,0,0,0,49999,0,0,0,0,177,0,0,0,0,0,0,0,0,0,0,0,0,0,TCGA-S3-AA15-DX1_xmin55486_ymin28926_MPP-0.2500+24
0,0,0,0,0,0,50176,0,0,0,0,0,0,0,0,0,0,0,0,0,0,0,0,0,0,0,0,0,0,0,0,50176,0,0,0,0,0,0,0,0,0,0,0,0,0,0,0,0,0,0,0,0,0,0,0,0,50176,0,0,0,0,0,0,0,0,0,0,0,0,0,0,0,0,0,0,TCGA-S3-AA15-DX1_xmin55486_ymin28926_MPP-0.2500+25
0,0,0,0,0,0,50176,0,0,0,0,0,0,0,0,0,0,0,0,0,0,0,0,0,0,0,0,0,0,0,0,50176,0,0,0,0,0,0,0,0,0,0,0,0,0,0,0,0,0,0,0,0,0,0,0,0,50176,0,0,0,0,0,0,0,0,0,0,0,0,0,0,0,0,0,0,TCGA-S3-AA15-DX1_xmin55486_ymin28926_MPP-0.2500+26
33578,0,0,0,0,5517,0,0,0,0,0,0,0,0,0,0,0,0,0,0,0,0,0,0,11081,33578,0,0,0,0,5517,0,0,0,0,0,0,0,0,0,0,0,0,0,0,0,0,0,0,11081,33578,0,0,0,0,5517,0,0,0,0,0,0,0,0,0,0,0,0,0,0,0,0,0,0,11081,TCGA-S3-AA15-DX1_xmin55486_ymin28926_MPP-0.2500+27
37675,6484,0,0,0,500,4342,0,0,0,0,0,0,0,0,0,0,0,0,0,0,0,0,0,1175,37648,6511,0,0,0,446,4396,0,0,0,0,0,0,0,0,0,0,0,0,0,0,0,0,0,1175,44159,0,0,0,0,4842,0,0,0,0,0,0,0,0,0,0,0,0,0,0,0,0,0,0,1175,TCGA-S3-AA15-DX1_xmin55486_ymin28926_MPP-0.2500+28
41624,0,0,0,0,5348,0,0,0,0,0,0,0,0,0,0,0,0,0,0,0,0,0,0,3204,41624,0,0,0,0,5348,0,0,0,0,0,0,0,0,0,0,0,0,0,0,0,0,0,0,3204,41624,0,0,0,0,5348,0,0,0,0,0,0,0,0,0,0,0,0,0,0,0,0,0,0,3204,TCGA-S3-AA15-DX1_xmin55486_ymin28926_MPP-0.2500+29
0,0,0,0,0,0,6397,1431,0,0,0,3658,14511,0,0,0,0,0,0,0,0,0,0,0,24179,0,0,0,0,0,0,6634,1194,0,0,0,4035,14134,0,0,0,0,0,0,0,0,0,0,0,24179,0,0,0,0,0,0,6431,1397,0,0,0,3818,14351,0,0,0,0,0,0,0,0,0,0,0,24179,TCGA-S3-AA15-DX1_xmin55486_ymin28926_MPP-0.2500+3
34651,0,0,0,0,13559,0,0,0,0,0,0,0,0,0,0,0,0,0,0,0,0,0,0,1966,34651,0,0,0,0,13559,0,0,0,0,0,0,0,0,0,0,0,0,0,0,0,0,0,0,1966,34651,0,0,0,0,13559,0,0,0,0,0,0,0,0,0,0,0,0,0,0,0,0,0,0,1966,TCGA-S3-AA15-DX1_xmin55486_ymin28926_MPP-0.2500+30
44789,0,0,0,0,5385,0,0,0,0,0,0,0,0,0,0,0,0,0,0,0,0,0,0,2,44789,0,0,0,0,5385,0,0,0,0,0,0,0,0,0,0,0,0,0,0,0,0,0,0,2,44789,0,0,0,0,5385,0,0,0,0,0,0,0,0,0,0,0,0,0,0,0,0,0,0,2,TCGA-S3-AA15-DX1_xmin55486_ymin28926_MPP-0.2500+31
5674,1812,3728,0,0,6707,16634,6369,0,0,0,1225,3577,0,0,0,0,0,0,0,0,0,0,0,4450,5709,1443,4062,0,0,7209,15952,6549,0,0,0,1082,3720,0,0,0,0,0,0,0,0,0,0,0,4450,6452,1353,3409,0,0,7396,15756,6558,0,0,36,1169,3597,0,0,0,0,0,0,0,0,0,0,0,4450,TCGA-S3-AA15-DX1_xmin55486_ymin28926_MPP-0.2500+32
0,484,0,0,0,0,36945,991,0,0,0,4852,5933,0,0,0,0,0,0,0,0,0,0,0,971,0,484,0,0,0,0,36795,1141,0,0,0,4431,6354,0,0,0,0,0,0,0,0,0,0,0,971,0,484,0,0,0,0,37092,844,0,0,0,4680,6105,0,0,0,0,0,0,0,0,0,0,0,971,TCGA-S3-AA15-DX1_xmin55486_ymin28926_MPP-0.2500+33
0,0,0,0,0,0,42802,0,0,0,0,7374,0,0,0,0,0,0,0,0,0,0,0,0,0,0,0,0,0,0,0,42802,0,0,0,0,7374,0,0,0,0,0,0,0,0,0,0,0,0,0,0,0,0,0,0,0,42802,0,0,0,0,7374,0,0,0,0,0,0,0,0,0,0,0,0,0,TCGA-S3-AA15-DX1_xmin55486_ymin28926_MPP-0.2500+34
0,0,0,0,0,0,49080,0,0,0,0,1096,0,0,0,0,0,0,0,0,0,0,0,0,0,0,0,0,0,0,0,49080,0,0,0,0,1096,0,0,0,0,0,0,0,0,0,0,0,0,0,0,0,0,0,0,0,49080,0,0,0,0,1096,0,0,0,0,0,0,0,0,0,0,0,0,0,TCGA-S3-AA15-DX1_xmin55486_ymin28926_MPP-0.2500+35
45885,0,0,0,0,2701,0,0,0,0,0,0,0,0,0,0,0,0,0,0,0,0,0,0,1590,45885,0,0,0,0,2701,0,0,0,0,0,0,0,0,0,0,0,0,0,0,0,0,0,0,1590,45885,0,0,0,0,2701,0,0,0,0,0,0,0,0,0,0,0,0,0,0,0,0,0,0,1590,TCGA-S3-AA15-DX1_xmin55486_ymin28926_MPP-0.2500+36
44971,0,0,0,0,5205,0,0,0,0,0,0,0,0,0,0,0,0,0,0,0,0,0,0,0,44971,0,0,0,0,5205,0,0,0,0,0,0,0,0,0,0,0,0,0,0,0,0,0,0,0,44971,0,0,0,0,5205,0,0,0,0,0,0,0,0,0,0,0,0,0,0,0,0,0,0,0,TCGA-S3-AA15-DX1_xmin55486_ymin28926_MPP-0.2500+37
44308,0,0,0,0,5479,0,0,0,0,0,0,0,0,0,0,0,0,0,0,0,0,0,0,389,44308,0,0,0,0,5479,0,0,0,0,0,0,0,0,0,0,0,0,0,0,0,0,0,0,389,44308,0,0,0,0,5479,0,0,0,0,0,0,0,0,0,0,0,0,0,0,0,0,0,0,389,TCGA-S3-AA15-DX1_xmin55486_ymin28926_MPP-0.2500+38
24065,0,0,0,0,23675,0,0,0,0,0,0,0,0,0,0,0,0,0,0,0,0,0,0,2436,24065,0,0,0,0,23675,0,0,0,0,0,0,0,0,0,0,0,0,0,0,0,0,0,0,2436,24065,0,0,0,0,23675,0,0,0,0,0,0,0,0,0,0,0,0,0,0,0,0,0,0,2436,TCGA-S3-AA15-DX1_xmin55486_ymin28926_MPP-0.2500+39
0,0,0,0,0,0,8590,905,0,0,0,3877,20603,0,0,0,0,0,0,0,0,0,0,0,16201,0,0,0,0,0,0,8528,967,0,0,0,3842,20638,0,0,0,0,0,0,0,0,0,0,0,16201,0,0,0,0,0,0,8620,875,0,0,0,3744,20736,0,0,0,0,0,0,0,0,0,0,0,16201,TCGA-S3-AA15-DX1_xmin55486_ymin28926_MPP-0.2500+4
36749,0,0,0,0,13400,0,0,0,0,27,0,0,0,0,0,0,0,0,0,0,0,0,0,0,36749,0,0,0,0,13400,0,0,0,0,27,0,0,0,0,0,0,0,0,0,0,0,0,0,0,36749,0,0,0,0,13400,0,0,0,0,27,0,0,0,0,0,0,0,0,0,0,0,0,0,0,TCGA-S3-AA15-DX1_xmin55486_ymin28926_MPP-0.2500+40
7939,34,0,0,0,11550,16506,0,0,0,3494,9629,0,0,0,0,0,0,0,0,0,0,0,0,1024,7938,35,0,0,0,11854,16202,0,0,0,2806,10317,0,0,0,0,0,0,0,0,0,0,0,0,1024,7966,7,0,0,0,11853,16203,0,0,0,4405,8718,0,0,0,0,0,0,0,0,0,0,0,0,1024,TCGA-S3-AA15-DX1_xmin55486_ymin28926_MPP-0.2500+41
12740,3,0,0,0,13318,6643,0,0,0,5802,8195,0,0,0,0,0,0,0,0,0,0,0,0,3475,12736,7,0,0,0,12811,7150,0,0,0,5405,8592,0,0,0,0,0,0,0,0,0,0,0,0,3475,12743,0,0,0,0,13792,6169,0,0,0,5773,8224,0,0,0,0,0,0,0,0,0,0,0,0,3475,TCGA-S3-AA15-DX1_xmin55486_ymin28926_MPP-0.2500+42
0,718,0,0,0,0,22506,6279,0,0,0,11695,8978,0,0,0,0,0,0,0,0,0,0,0,0,0,718,0,0,0,0,22170,6615,0,0,0,11179,9494,0,0,0,0,0,0,0,0,0,0,0,0,0,718,0,0,0,0,23070,5715,0,0,0,11998,8675,0,0,0,0,0,0,0,0,0,0,0,0,TCGA-S3-AA15-DX1_xmin55486_ymin28926_MPP-0.2500+43
0,0,0,0,0,0,36098,13008,0,0,0,0,1070,0,0,0,0,0,0,0,0,0,0,0,0,0,0,0,0,0,0,35941,13165,0,0,0,22,1048,0,0,0,0,0,0,0,0,0,0,0,0,0,0,0,0,0,0,36229,12877,0,0,0,28,1042,0,0,0,0,0,0,0,0,0,0,0,0,TCGA-S3-AA15-DX1_xmin55486_ymin28926_MPP-0.2500+44
48984,0,0,0,0,1192,0,0,0,0,0,0,0,0,0,0,0,0,0,0,0,0,0,0,0,48984,0,0,0,0,1192,0,0,0,0,0,0,0,0,0,0,0,0,0,0,0,0,0,0,0,48984,0,0,0,0,1192,0,0,0,0,0,0,0,0,0,0,0,0,0,0,0,0,0,0,0,TCGA-S3-AA15-DX1_xmin55486_ymin28926_MPP-0.2500+45
37716,0,0,0,0,12291,0,0,0,0,0,0,0,0,0,0,0,0,0,0,0,0,0,0,169,37716,0,0,0,0,12291,0,0,0,0,0,0,0,0,0,0,0,0,0,0,0,0,0,0,169,37716,0,0,0,0,12291,0,0,0,0,0,0,0,0,0,0,0,0,0,0,0,0,0,0,169,TCGA-S3-AA15-DX1_xmin55486_ymin28926_MPP-0.2500+46
17251,3619,0,0,0,21146,7672,0,0,0,0,0,0,0,0,0,0,0,0,0,0,0,0,0,488,18054,2816,0,0,0,22495,6323,0,0,0,0,0,0,0,0,0,0,0,0,0,0,0,0,0,488,17963,2907,0,0,0,21446,7372,0,0,0,0,0,0,0,0,0,0,0,0,0,0,0,0,0,488,TCGA-S3-AA15-DX1_xmin55486_ymin28926_MPP-0.2500+47
27892,0,0,0,0,22284,0,0,0,0,0,0,0,0,0,0,0,0,0,0,0,0,0,0,0,27892,0,0,0,0,22284,0,0,0,0,0,0,0,0,0,0,0,0,0,0,0,0,0,0,0,27892,0,0,0,0,22284,0,0,0,0,0,0,0,0,0,0,0,0,0,0,0,0,0,0,0,TCGA-S3-AA15-DX1_xmin55486_ymin28926_MPP-0.2500+48
38047,0,0,0,0,11407,0,0,0,0,97,0,0,0,0,0,0,0,0,0,0,0,0,0,625,38047,0,0,0,0,11407,0,0,0,0,97,0,0,0,0,0,0,0,0,0,0,0,0,0,625,38047,0,0,0,0,11407,0,0,0,0,97,0,0,0,0,0,0,0,0,0,0,0,0,0,625,TCGA-S3-AA15-DX1_xmin55486_ymin28926_MPP-0.2500+49
0,0,0,0,0,645,0,12123,0,0,0,0,33283,0,0,0,0,0,0,0,0,0,0,0,4125,0,0,0,0,0,720,0,12048,0,0,0,0,33283,0,0,0,0,0,0,0,0,0,0,0,4125,0,0,0,0,0,485,0,12283,0,0,0,0,33283,0,0,0,0,0,0,0,0,0,0,0,4125,TCGA-S3-AA15-DX1_xmin55486_ymin28926_MPP-0.2500+5
40153,0,0,0,0,8228,0,0,0,0,153,0,0,0,0,0,0,0,0,0,0,0,0,0,1642,40153,0,0,0,0,8228,0,0,0,0,153,0,0,0,0,0,0,0,0,0,0,0,0,0,1642,40153,0,0,0,0,8228,0,0,0,0,153,0,0,0,0,0,0,0,0,0,0,0,0,0,1642,TCGA-S3-AA15-DX1_xmin55486_ymin28926_MPP-0.2500+50
33413,0,0,0,0,15339,0,0,0,0,1424,0,0,0,0,0,0,0,0,0,0,0,0,0,0,33413,0,0,0,0,15339,0,0,0,0,1424,0,0,0,0,0,0,0,0,0,0,0,0,0,0,33413,0,0,0,0,15339,0,0,0,0,1424,0,0,0,0,0,0,0,0,0,0,0,0,0,0,TCGA-S3-AA15-DX1_xmin55486_ymin28926_MPP-0.2500+51
11589,855,28,0,0,10136,12682,5085,0,0,40,1906,5191,0,0,0,0,0,0,0,0,0,0,0,2664,11575,831,66,0,0,10735,12045,5123,0,0,80,2101,4956,0,0,0,0,0,0,0,0,0,0,0,2664,11748,695,29,0,0,11446,11789,4668,0,0,177,2128,4832,0,0,0,0,0,0,0,0,0,0,0,2664,TCGA-S3-AA15-DX1_xmin55486_ymin28926_MPP-0.2500+52
0,0,0,0,0,0,37489,3327,0,0,0,1075,5504,0,0,0,0,0,0,0,0,0,0,0,2781,0,0,0,0,0,0,36921,3895,0,0,0,738,5841,0,0,0,0,0,0,0,0,0,0,0,2781,0,0,0,0,0,0,37048,3768,0,0,0,959,5620,0,0,0,0,0,0,0,0,0,0,0,2781,TCGA-S3-AA15-DX1_xmin55486_ymin28926_MPP-0.2500+53
32650,0,0,0,0,12268,0,0,0,0,0,0,0,0,0,0,0,0,0,0,0,0,0,0,5258,32650,0,0,0,0,12268,0,0,0,0,0,0,0,0,0,0,0,0,0,0,0,0,0,0,5258,32650,0,0,0,0,12268,0,0,0,0,0,0,0,0,0,0,0,0,0,0,0,0,0,0,5258,TCGA-S3-AA15-DX1_xmin55486_ymin28926_MPP-0.2500+54
13549,0,0,0,0,16236,7976,0,0,0,0,0,0,0,0,0,0,0,0,0,0,0,0,0,12415,13549,0,0,0,0,24212,0,0,0,0,0,0,0,0,0,0,0,0,0,0,0,0,0,0,12415,13549,0,0,0,0,16803,7409,0,0,0,0,0,0,0,0,0,0,0,0,0,0,0,0,0,12415,TCGA-S3-AA15-DX1_xmin55486_ymin28926_MPP-0.2500+55
34262,869,0,0,0,6922,8123,0,0,0,0,0,0,0,0,0,0,0,0,0,0,0,0,0,0,34103,1028,0,0,0,6595,8450,0,0,0,0,0,0,0,0,0,0,0,0,0,0,0,0,0,0,34210,921,0,0,0,6973,8072,0,0,0,0,0,0,0,0,0,0,0,0,0,0,0,0,0,0,TCGA-S3-AA15-DX1_xmin55486_ymin28926_MPP-0.2500+56
41690,0,0,0,0,8486,0,0,0,0,0,0,0,0,0,0,0,0,0,0,0,0,0,0,0,41690,0,0,0,0,8486,0,0,0,0,0,0,0,0,0,0,0,0,0,0,0,0,0,0,0,41690,0,0,0,0,8486,0,0,0,0,0,0,0,0,0,0,0,0,0,0,0,0,0,0,0,TCGA-S3-AA15-DX1_xmin55486_ymin28926_MPP-0.2500+57
31214,0,0,0,0,18962,0,0,0,0,0,0,0,0,0,0,0,0,0,0,0,0,0,0,0,31214,0,0,0,0,18962,0,0,0,0,0,0,0,0,0,0,0,0,0,0,0,0,0,0,0,31214,0,0,0,0,18962,0,0,0,0,0,0,0,0,0,0,0,0,0,0,0,0,0,0,0,TCGA-S3-AA15-DX1_xmin55486_ymin28926_MPP-0.2500+58
41949,0,0,0,0,8170,0,0,0,0,0,0,0,0,0,0,0,0,0,0,0,0,0,0,57,41949,0,0,0,0,8170,0,0,0,0,0,0,0,0,0,0,0,0,0,0,0,0,0,0,57,41949,0,0,0,0,8170,0,0,0,0,0,0,0,0,0,0,0,0,0,0,0,0,0,0,57,TCGA-S3-AA15-DX1_xmin55486_ymin28926_MPP-0.2500+59
0,0,0,0,0,0,45079,0,0,0,0,5097,0,0,0,0,0,0,0,0,0,0,0,0,0,0,0,0,0,0,0,45079,0,0,0,0,5097,0,0,0,0,0,0,0,0,0,0,0,0,0,0,0,0,0,0,0,45079,0,0,0,0,5097,0,0,0,0,0,0,0,0,0,0,0,0,0,TCGA-S3-AA15-DX1_xmin55486_ymin28926_MPP-0.2500+6
49917,0,0,0,0,259,0,0,0,0,0,0,0,0,0,0,0,0,0,0,0,0,0,0,0,49917,0,0,0,0,259,0,0,0,0,0,0,0,0,0,0,0,0,0,0,0,0,0,0,0,49917,0,0,0,0,259,0,0,0,0,0,0,0,0,0,0,0,0,0,0,0,0,0,0,0,TCGA-S3-AA15-DX1_xmin55486_ymin28926_MPP-0.2500+60
3538,1895,0,0,0,3192,23653,5174,0,0,0,1820,9473,0,0,0,0,0,0,0,0,0,0,0,1431,3384,2049,0,0,0,2495,24187,5337,0,0,0,1781,9512,0,0,0,0,0,0,0,0,0,0,0,1431,3563,1870,0,0,0,5001,21642,5376,0,0,0,1794,9499,0,0,0,0,0,0,0,0,0,0,0,1431,TCGA-S3-AA15-DX1_xmin55486_ymin28926_MPP-0.2500+61
0,0,0,0,0,0,41019,4964,0,0,0,0,3170,0,0,0,0,0,0,0,0,0,0,0,1023,0,0,0,0,0,0,40616,5367,0,0,0,0,3170,0,0,0,0,0,0,0,0,0,0,0,1023,0,0,0,0,0,0,41046,4937,0,0,0,0,3170,0,0,0,0,0,0,0,0,0,0,0,1023,TCGA-S3-AA15-DX1_xmin55486_ymin28926_MPP-0.2500+62
0,0,0,0,0,6447,43729,0,0,0,0,0,0,0,0,0,0,0,0,0,0,0,0,0,0,0,0,0,0,0,0,50176,0,0,0,0,0,0,0,0,0,0,0,0,0,0,0,0,0,0,0,0,0,0,0,6791,43385,0,0,0,0,0,0,0,0,0,0,0,0,0,0,0,0,0,0,TCGA-S3-AA15-DX1_xmin55486_ymin28926_MPP-0.2500+7
0,0,0,0,0,0,50176,0,0,0,0,0,0,0,0,0,0,0,0,0,0,0,0,0,0,0,0,0,0,0,0,50176,0,0,0,0,0,0,0,0,0,0,0,0,0,0,0,0,0,0,0,0,0,0,0,0,50176,0,0,0,0,0,0,0,0,0,0,0,0,0,0,0,0,0,0,TCGA-S3-AA15-DX1_xmin55486_ymin28926_MPP-0.2500+8
0,0,0,0,0,0,22204,0,0,0,0,142,0,0,0,0,0,0,0,0,0,0,0,0,27830,0,0,0,0,0,0,22204,0,0,0,0,142,0,0,0,0,0,0,0,0,0,0,0,0,27830,0,0,0,0,0,0,22204,0,0,0,0,142,0,0,0,0,0,0,0,0,0,0,0,0,27830,TCGA-S3-AA15-DX1_xmin55486_ymin28926_MPP-0.2500+9
