index,official_local_q,exact_local_q,local_q_gain,class0_choice_index,class0_choice,class1_choice_index,class1_choice,class2_choice_index,class2_choice,class3_choice_index,class3_choice
0,0.13556282222270966,0.18004216253757477,0.04447934031486511,0,official_fusion,4,camdeep,0,official_fusion,0,official_fusion
1,0.8031204342842102,0.8223701119422913,0.019249677658081055,2,cam28_1,3,cam28_2,0,official_fusion,0,official_fusion
2,0.3714712858200073,0.39079758524894714,0.01932629942893982,0,official_fusion,0,official_fusion,1,cam56,0,official_fusion
3,1.0,1.0,0.0,0,official_fusion,0,official_fusion,0,official_fusion,0,official_fusion
4,0.9770807027816772,0.9770807027816772,0.0,0,official_fusion,0,official_fusion,0,official_fusion,0,official_fusion
5,0.5970830917358398,0.6904044151306152,0.09332132339477539,4,camdeep,0,official_fusion,0,official_fusion,0,official_fusion
6,0.35006776452064514,0.4254016876220703,0.07533392310142517,0,official_fusion,1,cam56,0,official_fusion,0,official_fusion
7,0.33120405673980713,0.37546515464782715,0.04426109790802002,0,official_fusion,4,camdeep,3,cam28_2,0,official_fusion
8,0.3833255469799042,0.4860903024673462,0.10276475548744202,0,official_fusion,4,camdeep,0,official_fusion,0,official_fusion
9,0.3965389132499695,0.40752846002578735,0.010989546775817871,0,official_fusion,0,official_fusion,4,camdeep,0,official_fusion
10,0.4139728248119354,0.4139728248119354,0.0,0,official_fusion,0,official_fusion,0,official_fusion,0,official_fusion
11,0.21211349964141846,0.2806643843650818,0.06855088472366333,0,official_fusion,2,cam28_1,3,cam28_2,0,official_fusion
12,0.7089911699295044,0.8437751531600952,0.13478398323059082,1,cam56,0,official_fusion,0,official_fusion,0,official_fusion
13,0.8633410334587097,0.8633410334587097,0.0,0,official_fusion,0,official_fusion,0,official_fusion,0,official_fusion
14,0.8592953085899353,0.8592953085899353,0.0,0,official_fusion,0,official_fusion,0,official_fusion,0,official_fusion
15,0.7303690910339355,0.7304273247718811,5.823373794555664e-05,0,official_fusion,3,cam28_2,0,official_fusion,0,official_fusion
16,0.5222303867340088,0.7936646342277527,0.2714342474937439,1,cam56,2,cam28_1,0,official_fusion,0,official_fusion
17,1.0,1.0,0.0,0,official_fusion,0,official_fusion,0,official_fusion,0,official_fusion
18,0.4156804084777832,0.46750614047050476,0.05182573199272156,1,cam56,2,cam28_1,0,official_fusion,0,official_fusion
19,0.871492326259613,0.9474848508834839,0.07599252462387085,4,camdeep,0,official_fusion,0,official_fusion,0,official_fusion
20,0.6804249286651611,0.8218470811843872,0.14142215251922607,1,cam56,4,camdeep,0,official_fusion,0,official_fusion
21,0.42156311869621277,0.5098890066146851,0.08832588791847229,0,official_fusion,4,camdeep,3,cam28_2,0,official_fusion
22,0.44346994161605835,0.4866016209125519,0.04313167929649353,0,official_fusion,4,camdeep,1,cam56,0,official_fusion
23,0.7558198571205139,0.7902047634124756,0.03438490629196167,3,cam28_2,1,cam56,0,official_fusion,0,official_fusion
24,0.4812460243701935,0.4812460243701935,0.0,0,official_fusion,0,official_fusion,0,official_fusion,0,official_fusion
25,0.5544682741165161,0.5549991726875305,0.0005308985710144043,0,official_fusion,4,camdeep,0,official_fusion,0,official_fusion
26,0.8233550190925598,0.8880334496498108,0.06467843055725098,0,official_fusion,1,cam56,3,cam28_2,0,official_fusion
27,0.10673761367797852,0.10673761367797852,0.0,0,official_fusion,0,official_fusion,0,official_fusion,0,official_fusion
28,0.25934046506881714,0.25934046506881714,0.0,0,official_fusion,0,official_fusion,0,official_fusion,0,official_fusion
29,0.46955716609954834,0.46955716609954834,0.0,0,official_fusion,0,official_fusion,0,official_fusion,0,official_fusion
30,1.0,1.0,0.0,0,official_fusion,0,official_fusion,0,official_fusion,0,official_fusion
31,0.39135512709617615,0.5862337350845337,0.19487860798835754,0,official_fusion,4,camdeep,2,cam28_1,0,official_fusion
32,0.4772213101387024,0.5511820316314697,0.07396072149276733,0,official_fusion,3,cam28_2,4,camdeep,0,official_fusion
33,0.4840095341205597,0.5997381806373596,0.11572864651679993,0,official_fusion,4,camdeep,3,cam28_2,0,official_fusion
34,1.0,1.0,0.0,0,official_fusion,0,official_fusion,0,official_fusion,0,official_fusion
35,0.4858296811580658,0.4910077154636383,0.00517803430557251,0,official_fusion,3,cam28_2,0,official_fusion,0,official_fusion
36,0.0,0.0,0.0,0,official_fusion,0,official_fusion,0,official_fusion,0,official_fusion
37,0.23605592548847198,0.24338024854660034,0.007324323058128357,3,cam28_2,4,camdeep,0,official_fusion,0,official_fusion
38,1.0,1.0,0.0,0,official_fusion,0,official_fusion,0,official_fusion,0,official_fusion
39,0.5892018675804138,0.8514035940170288,0.262201726436615,0,official_fusion,1,cam56,3,cam28_2,0,official_fusion
40,0.5076689720153809,0.5315771698951721,0.02390819787979126,0,official_fusion,2,cam28_1,3,cam28_2,0,official_fusion
41,0.3747037351131439,0.585814893245697,0.2111111581325531,0,official_fusion,4,camdeep,2,cam28_1,0,official_fusion
42,0.03914886340498924,0.05311432480812073,0.013965461403131485,0,official_fusion,1,cam56,0,official_fusion,0,official_fusion
43,1.0,1.0,0.0,0,official_fusion,0,official_fusion,0,official_fusion,0,official_fusion
44,0.46136799454689026,0.48146018385887146,0.0200921893119812,0,official_fusion,0,official_fusion,0,official_fusion,2,cam28_1
45,1.0,1.0,0.0,0,official_fusion,0,official_fusion,0,official_fusion,0,official_fusion
46,0.05045240744948387,0.05045240744948387,0.0,0,official_fusion,0,official_fusion,0,official_fusion,0,official_fusion
47,0.4850825071334839,0.4850825071334839,0.0,0,official_fusion,0,official_fusion,0,official_fusion,0,official_fusion
48,0.3918207883834839,0.4009105861186981,0.009089797735214233,0,official_fusion,4,camdeep,0,official_fusion,0,official_fusion
49,0.8409807085990906,0.8956124782562256,0.05463176965713501,2,cam28_1,1,cam56,0,official_fusion,0,official_fusion
50,0.22532020509243011,0.24605010449886322,0.020729899406433105,0,official_fusion,0,official_fusion,0,official_fusion,1,cam56
51,1.0,1.0,0.0,0,official_fusion,0,official_fusion,0,official_fusion,0,official_fusion
52,0.18237802386283875,0.1833132952451706,0.0009352713823318481,0,official_fusion,4,camdeep,0,official_fusion,0,official_fusion
53,0.4049912989139557,0.4350287616252899,0.03003746271133423,4,camdeep,2,cam28_1,0,official_fusion,0,official_fusion
54,0.42597058415412903,0.42597058415412903,0.0,0,official_fusion,0,official_fusion,0,official_fusion,0,official_fusion
55,0.34401994943618774,0.43917563557624817,0.09515568614006042,0,official_fusion,4,camdeep,2,cam28_1,0,official_fusion
56,0.4841407239437103,0.6672411561012268,0.18310043215751648,4,camdeep,3,cam28_2,0,official_fusion,0,official_fusion
57,0.49557557702064514,0.49557557702064514,0.0,0,official_fusion,0,official_fusion,0,official_fusion,0,official_fusion
58,0.6080922484397888,0.649469256401062,0.04137700796127319,0,official_fusion,4,camdeep,2,cam28_1,0,official_fusion
59,0.3224657475948334,0.3325004577636719,0.010034710168838501,3,cam28_2,2,cam28_1,0,official_fusion,0,official_fusion
60,0.30911192297935486,0.30911192297935486,0.0,0,official_fusion,0,official_fusion,0,official_fusion,0,official_fusion
61,0.18956606090068817,0.18956606090068817,0.0,0,official_fusion,0,official_fusion,0,official_fusion,0,official_fusion
62,0.4998704493045807,0.5004280805587769,0.000557631254196167,0,official_fusion,3,cam28_2,0,official_fusion,0,official_fusion
63,1.0,1.0,0.0,0,official_fusion,0,official_fusion,0,official_fusion,0,official_fusion
64,0.3597835600376129,0.3597835600376129,0.0,0,official_fusion,0,official_fusion,0,official_fusion,0,official_fusion
65,0.448143869638443,0.5949894785881042,0.14684560894966125,2,cam28_1,1,cam56,0,official_fusion,0,official_fusion
66,0.46829015016555786,0.47264182567596436,0.004351675510406494,2,cam28_1,2,cam28_1,0,official_fusion,0,official_fusion
67,0.3141143321990967,0.3141143321990967,0.0,0,official_fusion,0,official_fusion,0,official_fusion,0,official_fusion
68,0.3451846241950989,0.4925937056541443,0.1474090814590454,0,official_fusion,0,official_fusion,1,cam56,0,official_fusion
69,0.5176125764846802,0.752223789691925,0.23461121320724487,4,camdeep,3,cam28_2,0,official_fusion,0,official_fusion
70,0.6211931705474854,0.8190994262695312,0.1979062557220459,1,cam56,4,camdeep,0,official_fusion,0,official_fusion
71,1.0,1.0,0.0,0,official_fusion,0,official_fusion,0,official_fusion,0,official_fusion
72,0.4719686806201935,0.4719686806201935,0.0,0,official_fusion,0,official_fusion,0,official_fusion,0,official_fusion
73,0.22503936290740967,0.27487343549728394,0.04983407258987427,0,official_fusion,4,camdeep,0,official_fusion,3,cam28_2
74,0.5140460133552551,0.6233858466148376,0.10933983325958252,0,official_fusion,4,camdeep,0,official_fusion,0,official_fusion
75,0.43904605507850647,0.5336541533470154,0.09460809826850891,3,cam28_2,1,cam56,0,official_fusion,0,official_fusion
76,0.46899744868278503,0.5217748284339905,0.052777379751205444,1,cam56,1,cam56,0,official_fusion,0,official_fusion
77,0.17668606340885162,0.318130224943161,0.1414441615343094,4,camdeep,1,cam56,0,official_fusion,0,official_fusion
78,0.4305345118045807,0.4305345118045807,0.0,0,official_fusion,0,official_fusion,0,official_fusion,0,official_fusion
79,1.0,1.0,0.0,0,official_fusion,0,official_fusion,0,official_fusion,0,official_fusion
80,0.14212970435619354,0.1464734673500061,0.004343762993812561,0,official_fusion,4,camdeep,0,official_fusion,0,official_fusion
81,1.0,1.0,0.0,0,official_fusion,0,official_fusion,0,official_fusion,0,official_fusion
82,0.3780193626880646,0.5122268199920654,0.13420745730400085,0,official_fusion,4,camdeep,0,official_fusion,0,official_fusion
83,0.8041892647743225,0.8111681342124939,0.006978869438171387,0,official_fusion,1,cam56,0,official_fusion,0,official_fusion
84,0.6937336325645447,0.7541161775588989,0.06038254499435425,0,official_fusion,3,cam28_2,1,cam56,0,official_fusion
85,0.12217992544174194,0.12554267048835754,0.0033627450466156006,0,official_fusion,4,camdeep,0,official_fusion,0,official_fusion
86,0.9999203085899353,0.9999203085899353,0.0,0,official_fusion,0,official_fusion,0,official_fusion,0,official_fusion
87,1.0,1.0,0.0,0,official_fusion,0,official_fusion,0,official_fusion,0,official_fusion
88,1.0,1.0,0.0,0,official_fusion,0,official_fusion,0,official_fusion,0,official_fusion
89,0.3053385317325592,0.3310224711894989,0.025683939456939697,0,official_fusion,0,official_fusion,1,cam56,0,official_fusion
90,1.0,1.0,0.0,0,official_fusion,0,official_fusion,0,official_fusion,0,official_fusion
91,0.4154376685619354,0.4154376685619354,0.0,0,official_fusion,0,official_fusion,0,official_fusion,0,official_fusion
92,0.0,0.0,0.0,0,official_fusion,0,official_fusion,0,official_fusion,0,official_fusion
93,0.6572490930557251,0.7491949200630188,0.0919458270072937,3,cam28_2,1,cam56,0,official_fusion,0,official_fusion
94,0.13735650479793549,0.1379404366016388,0.0005839318037033081,0,official_fusion,2,cam28_1,0,official_fusion,0,official_fusion
95,0.34507429599761963,0.44733887910842896,0.10226458311080933,0,official_fusion,4,camdeep,3,cam28_2,0,official_fusion
96,0.39640676975250244,0.4331294000148773,0.03672263026237488,0,official_fusion,0,official_fusion,1,cam56,0,official_fusion
97,0.0,0.0,0.0,0,official_fusion,0,official_fusion,0,official_fusion,0,official_fusion
98,0.37564772367477417,0.37564772367477417,0.0,0,official_fusion,0,official_fusion,0,official_fusion,0,official_fusion
99,0.7646611928939819,0.7849035263061523,0.02024233341217041,2,cam28_1,0,official_fusion,0,official_fusion,0,official_fusion
100,1.0,1.0,0.0,0,official_fusion,0,official_fusion,0,official_fusion,0,official_fusion
101,0.379021555185318,0.4828035831451416,0.10378202795982361,0,official_fusion,0,official_fusion,3,cam28_2,0,official_fusion
102,1.0,1.0,0.0,0,official_fusion,0,official_fusion,0,official_fusion,0,official_fusion
103,1.0,1.0,0.0,0,official_fusion,0,official_fusion,0,official_fusion,0,official_fusion
104,1.0,1.0,0.0,0,official_fusion,0,official_fusion,0,official_fusion,0,official_fusion
105,0.9856505393981934,0.9856505393981934,0.0,0,official_fusion,0,official_fusion,0,official_fusion,0,official_fusion
106,0.9840959906578064,0.9840959906578064,0.0,0,official_fusion,0,official_fusion,0,official_fusion,0,official_fusion
107,0.999980092048645,0.999980092048645,0.0,0,official_fusion,0,official_fusion,0,official_fusion,0,official_fusion
108,0.6216144561767578,0.6884812116622925,0.06686675548553467,2,cam28_1,1,cam56,0,official_fusion,0,official_fusion
109,0.6145864725112915,0.7055122256278992,0.09092575311660767,3,cam28_2,4,camdeep,0,official_fusion,0,official_fusion
110,0.26166436076164246,0.3432232737541199,0.08155891299247742,0,official_fusion,0,official_fusion,1,cam56,0,official_fusion
111,0.49757853150367737,0.49757853150367737,0.0,0,official_fusion,0,official_fusion,0,official_fusion,0,official_fusion
112,0.49963128566741943,0.49963128566741943,0.0,0,official_fusion,0,official_fusion,0,official_fusion,0,official_fusion
113,0.2932477593421936,0.29545819759368896,0.0022104382514953613,0,official_fusion,1,cam56,0,official_fusion,0,official_fusion
114,0.0063844420947134495,0.009614360518753529,0.003229918424040079,1,cam56,2,cam28_1,0,official_fusion,0,official_fusion
115,1.0,1.0,0.0,0,official_fusion,0,official_fusion,0,official_fusion,0,official_fusion
116,1.0,1.0,0.0,0,official_fusion,0,official_fusion,0,official_fusion,0,official_fusion
117,0.4057019352912903,0.4197491407394409,0.014047205448150635,0,official_fusion,0,official_fusion,1,cam56,0,official_fusion
118,1.0,1.0,0.0,0,official_fusion,0,official_fusion,0,official_fusion,0,official_fusion
119,0.48547112941741943,0.48547112941741943,0.0,0,official_fusion,0,official_fusion,0,official_fusion,0,official_fusion
120,0.2273862659931183,0.2273862659931183,0.0,0,official_fusion,0,official_fusion,0,official_fusion,0,official_fusion
121,0.21199916303157806,0.3133987784385681,0.10139961540699005,1,cam56,2,cam28_1,0,official_fusion,0,official_fusion
122,0.32124921679496765,0.32124921679496765,0.0,0,official_fusion,0,official_fusion,0,official_fusion,0,official_fusion
123,0.354600191116333,0.43828821182250977,0.08368802070617676,0,official_fusion,4,camdeep,0,official_fusion,0,official_fusion
124,1.0,1.0,0.0,0,official_fusion,0,official_fusion,0,official_fusion,0,official_fusion
125,0.36938828229904175,0.5211840271949768,0.15179574489593506,1,cam56,4,camdeep,0,official_fusion,0,official_fusion
126,1.0,1.0,0.0,0,official_fusion,0,official_fusion,0,official_fusion,0,official_fusion
127,0.24139763414859772,0.26629874110221863,0.02490110695362091,2,cam28_1,3,cam28_2,0,official_fusion,0,official_fusion
128,0.11510483175516129,0.13969378173351288,0.024588949978351593,0,official_fusion,4,camdeep,0,official_fusion,0,official_fusion
129,0.26300230622291565,0.27179908752441406,0.008796781301498413,0,official_fusion,3,cam28_2,0,official_fusion,0,official_fusion
130,0.25981876254081726,0.36654767394065857,0.10672891139984131,0,official_fusion,4,camdeep,0,official_fusion,0,official_fusion
131,0.561704695224762,0.640365481376648,0.07866078615188599,0,official_fusion,4,camdeep,0,official_fusion,0,official_fusion
132,1.0,1.0,0.0,0,official_fusion,0,official_fusion,0,official_fusion,0,official_fusion
133,1.0,1.0,0.0,0,official_fusion,0,official_fusion,0,official_fusion,0,official_fusion
134,0.3073880076408386,0.3073880076408386,0.0,0,official_fusion,0,official_fusion,0,official_fusion,0,official_fusion
135,0.553675651550293,0.6721373796463013,0.1184617280960083,1,cam56,1,cam56,0,official_fusion,0,official_fusion
136,1.0,1.0,0.0,0,official_fusion,0,official_fusion,0,official_fusion,0,official_fusion
137,1.0,1.0,0.0,0,official_fusion,0,official_fusion,0,official_fusion,0,official_fusion
138,0.4905831515789032,0.4905831515789032,0.0,0,official_fusion,0,official_fusion,0,official_fusion,0,official_fusion
139,0.239164799451828,0.239164799451828,0.0,0,official_fusion,0,official_fusion,0,official_fusion,0,official_fusion
140,0.2531489133834839,0.2531489133834839,0.0,0,official_fusion,0,official_fusion,0,official_fusion,0,official_fusion
141,0.29829588532447815,0.31986817717552185,0.0215722918510437,3,cam28_2,3,cam28_2,0,official_fusion,0,official_fusion
142,0.10819132626056671,0.1199968010187149,0.011805474758148193,0,official_fusion,0,official_fusion,0,official_fusion,1,cam56
143,0.4744698703289032,0.4744698703289032,0.0,0,official_fusion,0,official_fusion,0,official_fusion,0,official_fusion
144,0.11307746917009354,0.13320940732955933,0.02013193815946579,4,camdeep,0,official_fusion,0,official_fusion,0,official_fusion
145,0.3120124042034149,0.374164879322052,0.062152475118637085,0,official_fusion,1,cam56,1,cam56,0,official_fusion
146,0.7795040607452393,0.8872048854827881,0.10770082473754883,1,cam56,2,cam28_1,0,official_fusion,0,official_fusion
147,0.4635917842388153,0.5138212442398071,0.05022946000099182,1,cam56,3,cam28_2,0,official_fusion,0,official_fusion
148,0.278431236743927,0.2903829514980316,0.011951714754104614,0,official_fusion,0,official_fusion,0,official_fusion,3,cam28_2
149,0.4715501368045807,0.4715501368045807,0.0,0,official_fusion,0,official_fusion,0,official_fusion,0,official_fusion
150,0.31134453415870667,0.3626108169555664,0.05126628279685974,4,camdeep,3,cam28_2,0,official_fusion,0,official_fusion
151,1.0,1.0,0.0,0,official_fusion,0,official_fusion,0,official_fusion,0,official_fusion
152,0.4699457883834839,0.4699457883834839,0.0,0,official_fusion,0,official_fusion,0,official_fusion,0,official_fusion
153,0.4089803993701935,0.40993601083755493,0.0009556114673614502,0,official_fusion,1,cam56,0,official_fusion,0,official_fusion
154,1.0,1.0,0.0,0,official_fusion,0,official_fusion,0,official_fusion,0,official_fusion
155,0.4724370241165161,0.4724370241165161,0.0,0,official_fusion,0,official_fusion,0,official_fusion,0,official_fusion
156,0.7341643571853638,0.7603037357330322,0.026139378547668457,3,cam28_2,3,cam28_2,0,official_fusion,0,official_fusion
157,1.0,1.0,0.0,0,official_fusion,0,official_fusion,0,official_fusion,0,official_fusion
158,0.36902105808258057,0.3690504729747772,2.9414892196655273e-05,0,official_fusion,2,cam28_1,0,official_fusion,0,official_fusion
159,1.0,1.0,0.0,0,official_fusion,0,official_fusion,0,official_fusion,0,official_fusion
160,0.39289847016334534,0.45039257407188416,0.05749410390853882,0,official_fusion,0,official_fusion,4,camdeep,0,official_fusion
161,0.4325673580169678,0.4325673580169678,0.0,0,official_fusion,0,official_fusion,0,official_fusion,0,official_fusion
162,0.17785219848155975,0.3064829111099243,0.12863071262836456,1,cam56,4,camdeep,0,official_fusion,0,official_fusion
163,0.5935646891593933,0.6597723364830017,0.0662076473236084,1,cam56,2,cam28_1,0,official_fusion,0,official_fusion
164,0.35451212525367737,0.35451212525367737,0.0,0,official_fusion,0,official_fusion,0,official_fusion,0,official_fusion
165,1.0,1.0,0.0,0,official_fusion,0,official_fusion,0,official_fusion,0,official_fusion
166,0.42302095890045166,0.42302095890045166,0.0,0,official_fusion,0,official_fusion,0,official_fusion,0,official_fusion
167,0.92513108253479,0.92513108253479,0.0,0,official_fusion,0,official_fusion,0,official_fusion,0,official_fusion
168,0.42932313680648804,0.4305822253227234,0.0012590885162353516,0,official_fusion,0,official_fusion,1,cam56,0,official_fusion
169,0.3530971109867096,0.6081482172012329,0.2550511062145233,0,official_fusion,1,cam56,0,official_fusion,0,official_fusion
170,1.0,1.0,0.0,0,official_fusion,0,official_fusion,0,official_fusion,0,official_fusion
171,0.01896013133227825,0.021733662113547325,0.0027735307812690735,0,official_fusion,1,cam56,0,official_fusion,0,official_fusion
172,0.3780094087123871,0.3780094087123871,0.0,0,official_fusion,0,official_fusion,0,official_fusion,0,official_fusion
173,0.8271191120147705,0.8873159885406494,0.060196876525878906,0,official_fusion,1,cam56,0,official_fusion,3,cam28_2
174,0.15570153295993805,0.2317042052745819,0.07600267231464386,0,official_fusion,4,camdeep,3,cam28_2,0,official_fusion
175,0.9045573472976685,0.9197976589202881,0.015240311622619629,2,cam28_1,2,cam28_1,0,official_fusion,0,official_fusion
176,1.0,1.0,0.0,0,official_fusion,0,official_fusion,0,official_fusion,0,official_fusion
177,0.22247688472270966,0.22247688472270966,0.0,0,official_fusion,0,official_fusion,0,official_fusion,0,official_fusion
178,0.9936224222183228,0.9936224222183228,0.0,0,official_fusion,0,official_fusion,0,official_fusion,0,official_fusion
179,1.0,1.0,0.0,0,official_fusion,0,official_fusion,0,official_fusion,0,official_fusion
180,0.23301976919174194,0.23302441835403442,4.649162292480469e-06,0,official_fusion,2,cam28_1,0,official_fusion,0,official_fusion
181,0.42105913162231445,0.47941967844963074,0.058360546827316284,2,cam28_1,1,cam56,0,official_fusion,0,official_fusion
182,0.3540332019329071,0.47522586584091187,0.12119266390800476,0,official_fusion,1,cam56,3,cam28_2,0,official_fusion
183,0.6543914079666138,0.8907285332679749,0.23633712530136108,1,cam56,0,official_fusion,0,official_fusion,0,official_fusion
184,0.4363042116165161,0.46163249015808105,0.02532827854156494,0,official_fusion,1,cam56,0,official_fusion,0,official_fusion
185,1.0,1.0,0.0,0,official_fusion,0,official_fusion,0,official_fusion,0,official_fusion
186,1.0,1.0,0.0,0,official_fusion,0,official_fusion,0,official_fusion,0,official_fusion
187,0.8930603265762329,0.9095759987831116,0.016515672206878662,0,official_fusion,3,cam28_2,3,cam28_2,0,official_fusion
188,0.03120017610490322,0.06418228894472122,0.03298211097717285,0,official_fusion,4,camdeep,0,official_fusion,0,official_fusion
189,1.0,1.0,0.0,0,official_fusion,0,official_fusion,0,official_fusion,0,official_fusion
190,0.43372148275375366,0.5036391019821167,0.06991761922836304,3,cam28_2,4,camdeep,3,cam28_2,0,official_fusion
191,0.44346898794174194,0.44346898794174194,0.0,0,official_fusion,0,official_fusion,0,official_fusion,0,official_fusion
192,0.044370539486408234,0.05118792504072189,0.00681738555431366,0,official_fusion,1,cam56,0,official_fusion,0,official_fusion
193,1.0,1.0,0.0,0,official_fusion,0,official_fusion,0,official_fusion,0,official_fusion
194,0.33442994952201843,0.5234308838844299,0.1890009343624115,1,cam56,0,official_fusion,1,cam56,0,official_fusion
195,0.28912779688835144,0.33449381589889526,0.04536601901054382,0,official_fusion,0,official_fusion,0,official_fusion,4,camdeep
196,1.0,1.0,0.0,0,official_fusion,0,official_fusion,0,official_fusion,0,official_fusion
197,0.4423728585243225,0.4423728585243225,0.0,0,official_fusion,0,official_fusion,0,official_fusion,0,official_fusion
198,0.9850725531578064,0.9850725531578064,0.0,0,official_fusion,0,official_fusion,0,official_fusion,0,official_fusion
199,0.4667071998119354,0.4667071998119354,0.0,0,official_fusion,0,official_fusion,0,official_fusion,0,official_fusion
200,0.5639770030975342,0.5904713869094849,0.026494383811950684,2,cam28_1,3,cam28_2,0,official_fusion,0,official_fusion
201,1.0,1.0,0.0,0,official_fusion,0,official_fusion,0,official_fusion,0,official_fusion
202,0.9233298897743225,0.9233298897743225,0.0,0,official_fusion,0,official_fusion,0,official_fusion,0,official_fusion
203,0.6430445313453674,0.6726289391517639,0.029584407806396484,2,cam28_1,0,official_fusion,0,official_fusion,0,official_fusion
204,0.9993622303009033,0.9993622303009033,0.0,0,official_fusion,0,official_fusion,0,official_fusion,0,official_fusion
205,0.4999900460243225,0.4999900460243225,0.0,0,official_fusion,0,official_fusion,0,official_fusion,0,official_fusion
206,1.0,1.0,0.0,0,official_fusion,0,official_fusion,0,official_fusion,0,official_fusion
207,0.4319242537021637,0.43584582209587097,0.003921568393707275,0,official_fusion,3,cam28_2,0,official_fusion,0,official_fusion
208,0.3450779616832733,0.42448630928993225,0.07940834760665894,0,official_fusion,4,camdeep,2,cam28_1,0,official_fusion
209,1.0,1.0,0.0,0,official_fusion,0,official_fusion,0,official_fusion,0,official_fusion
210,0.428072988986969,0.5180076956748962,0.08993470668792725,3,cam28_2,0,official_fusion,0,official_fusion,1,cam56
211,0.6613719463348389,0.6613719463348389,0.0,0,official_fusion,0,official_fusion,0,official_fusion,0,official_fusion
212,0.4621826410293579,0.4761926531791687,0.014010012149810791,3,cam28_2,0,official_fusion,0,official_fusion,3,cam28_2
213,1.0,1.0,0.0,0,official_fusion,0,official_fusion,0,official_fusion,0,official_fusion
214,0.7058992385864258,0.7614482045173645,0.05554896593093872,1,cam56,3,cam28_2,0,official_fusion,0,official_fusion
215,0.9901148080825806,0.999980092048645,0.009865283966064453,0,official_fusion,0,official_fusion,1,cam56,0,official_fusion
216,0.19131988286972046,0.19131988286972046,0.0,0,official_fusion,0,official_fusion,0,official_fusion,0,official_fusion
217,0.3419264256954193,0.34195366501808167,2.7239322662353516e-05,0,official_fusion,2,cam28_1,0,official_fusion,0,official_fusion
218,0.4782366156578064,0.4801443815231323,0.0019077658653259277,0,official_fusion,4,camdeep,0,official_fusion,0,official_fusion
219,0.6608160734176636,0.7461549043655396,0.08533883094787598,2,cam28_1,3,cam28_2,0,official_fusion,0,official_fusion
220,0.44982659816741943,0.4499700963497162,0.00014349818229675293,0,official_fusion,3,cam28_2,0,official_fusion,0,official_fusion
221,0.40405187010765076,0.6075382828712463,0.20348641276359558,0,official_fusion,1,cam56,4,camdeep,0,official_fusion
222,0.44686752557754517,0.49197566509246826,0.045108139514923096,0,official_fusion,0,official_fusion,0,official_fusion,3,cam28_2
223,0.5314552783966064,0.6869421601295471,0.15548688173294067,0,official_fusion,1,cam56,3,cam28_2,0,official_fusion
224,1.0,1.0,0.0,0,official_fusion,0,official_fusion,0,official_fusion,0,official_fusion
225,0.0,0.0,0.0,0,official_fusion,0,official_fusion,0,official_fusion,0,official_fusion
226,0.24978426098823547,0.3141797184944153,0.06439545750617981,0,official_fusion,1,cam56,3,cam28_2,0,official_fusion
227,0.0,0.0,0.0,0,official_fusion,0,official_fusion,0,official_fusion,0,official_fusion
228,0.4111173152923584,0.6494637131690979,0.2383463978767395,0,official_fusion,1,cam56,0,official_fusion,0,official_fusion
229,0.49755859375,0.49755859375,0.0,0,official_fusion,0,official_fusion,0,official_fusion,0,official_fusion
230,0.5356467366218567,0.5703726410865784,0.03472590446472168,2,cam28_1,2,cam28_1,0,official_fusion,0,official_fusion
231,0.5029791593551636,0.6222907304763794,0.11931157112121582,4,camdeep,2,cam28_1,0,official_fusion,0,official_fusion
232,0.3881116509437561,0.43627554178237915,0.04816389083862305,0,official_fusion,4,camdeep,3,cam28_2,0,official_fusion
233,0.1870681792497635,0.1870681792497635,0.0,0,official_fusion,0,official_fusion,0,official_fusion,0,official_fusion
234,0.31618234515190125,0.31618234515190125,0.0,0,official_fusion,0,official_fusion,0,official_fusion,0,official_fusion
235,0.4349988102912903,0.4349988102912903,0.0,0,official_fusion,0,official_fusion,0,official_fusion,0,official_fusion
236,1.0,1.0,0.0,0,official_fusion,0,official_fusion,0,official_fusion,0,official_fusion
237,0.46587929129600525,0.6198886036872864,0.15400931239128113,2,cam28_1,4,camdeep,0,official_fusion,0,official_fusion
238,0.6406148672103882,0.7221813201904297,0.0815664529800415,3,cam28_2,1,cam56,0,official_fusion,0,official_fusion
239,0.8973812460899353,0.8973812460899353,0.0,0,official_fusion,0,official_fusion,0,official_fusion,0,official_fusion
240,0.395866334438324,0.4701805114746094,0.0743141770362854,0,official_fusion,3,cam28_2,0,official_fusion,0,official_fusion
241,0.30200162529945374,0.37208205461502075,0.07008042931556702,1,cam56,0,official_fusion,4,camdeep,0,official_fusion
242,0.4018455147743225,0.4018455147743225,0.0,0,official_fusion,0,official_fusion,0,official_fusion,0,official_fusion
243,0.741468071937561,0.7924700379371643,0.05100196599960327,3,cam28_2,4,camdeep,0,official_fusion,0,official_fusion
244,1.0,1.0,0.0,0,official_fusion,0,official_fusion,0,official_fusion,0,official_fusion
245,0.0,0.0,0.0,0,official_fusion,0,official_fusion,0,official_fusion,0,official_fusion
246,1.0,1.0,0.0,0,official_fusion,0,official_fusion,0,official_fusion,0,official_fusion
247,0.49763473868370056,0.5340244174003601,0.036389678716659546,0,official_fusion,0,official_fusion,3,cam28_2,0,official_fusion
248,0.48880937695503235,0.48884835839271545,3.898143768310547e-05,0,official_fusion,0,official_fusion,2,cam28_1,0,official_fusion
249,0.4346216917037964,0.48680779337882996,0.05218610167503357,1,cam56,0,official_fusion,0,official_fusion,0,official_fusion
250,0.6424881815910339,0.6786326169967651,0.0361444354057312,3,cam28_2,3,cam28_2,0,official_fusion,0,official_fusion
251,1.0,1.0,0.0,0,official_fusion,0,official_fusion,0,official_fusion,0,official_fusion
252,0.006379251834005117,0.009554075077176094,0.0031748232431709766,0,official_fusion,4,camdeep,3,cam28_2,0,official_fusion
253,0.4925960600376129,0.5293055176734924,0.03670945763587952,0,official_fusion,0,official_fusion,0,official_fusion,2,cam28_1
254,0.3481968343257904,0.35153788328170776,0.0033410489559173584,2,cam28_1,0,official_fusion,0,official_fusion,0,official_fusion
255,0.6024494171142578,0.624089241027832,0.02163982391357422,2,cam28_1,0,official_fusion,0,official_fusion,0,official_fusion
256,1.0,1.0,0.0,0,official_fusion,0,official_fusion,0,official_fusion,0,official_fusion
257,1.0,1.0,0.0,0,official_fusion,0,official_fusion,0,official_fusion,0,official_fusion
258,0.4370286464691162,0.5318231582641602,0.09479451179504395,4,camdeep,2,cam28_1,0,official_fusion,0,official_fusion
259,1.0,1.0,0.0,0,official_fusion,0,official_fusion,0,official_fusion,0,official_fusion
260,0.25538238883018494,0.314491868019104,0.05910947918891907,0,official_fusion,4,camdeep,0,official_fusion,0,official_fusion
261,1.0,1.0,0.0,0,official_fusion,0,official_fusion,0,official_fusion,0,official_fusion
262,0.0,0.0,0.0,0,official_fusion,0,official_fusion,0,official_fusion,0,official_fusion
263,0.43604129552841187,0.5291184782981873,0.09307718276977539,1,cam56,4,camdeep,0,official_fusion,0,official_fusion
264,0.599339485168457,0.676266610622406,0.07692712545394897,0,official_fusion,4,camdeep,2,cam28_1,0,official_fusion
265,1.0,1.0,0.0,0,official_fusion,0,official_fusion,0,official_fusion,0,official_fusion
266,0.2533681392669678,0.2533681392669678,0.0,0,official_fusion,0,official_fusion,0,official_fusion,0,official_fusion
267,1.0,1.0,0.0,0,official_fusion,0,official_fusion,0,official_fusion,0,official_fusion
268,0.4806397259235382,0.6215894222259521,0.14094969630241394,4,camdeep,0,official_fusion,3,cam28_2,0,official_fusion
269,0.4868861734867096,0.4868861734867096,0.0,0,official_fusion,0,official_fusion,0,official_fusion,0,official_fusion
270,1.0,1.0,0.0,0,official_fusion,0,official_fusion,0,official_fusion,0,official_fusion
271,0.43328484892845154,0.43340441584587097,0.0001195669174194336,0,official_fusion,1,cam56,0,official_fusion,0,official_fusion
272,0.4439273774623871,0.4439273774623871,0.0,0,official_fusion,0,official_fusion,0,official_fusion,0,official_fusion
273,0.4990234375,0.4990234375,0.0,0,official_fusion,0,official_fusion,0,official_fusion,0,official_fusion
274,0.4029231071472168,0.41983774304389954,0.01691463589668274,1,cam56,0,official_fusion,0,official_fusion,0,official_fusion
275,1.0,1.0,0.0,0,official_fusion,0,official_fusion,0,official_fusion,0,official_fusion
276,1.0,1.0,0.0,0,official_fusion,0,official_fusion,0,official_fusion,0,official_fusion
277,0.021514270454645157,0.021514270454645157,0.0,0,official_fusion,0,official_fusion,0,official_fusion,0,official_fusion
278,0.6248871088027954,0.8388556838035583,0.21396857500076294,4,camdeep,3,cam28_2,0,official_fusion,0,official_fusion
279,0.4951869547367096,0.4951869547367096,0.0,0,official_fusion,0,official_fusion,0,official_fusion,0,official_fusion
280,0.29199883341789246,0.3057408630847931,0.013742029666900635,0,official_fusion,0,official_fusion,1,cam56,0,official_fusion
281,0.0,0.0,0.0,0,official_fusion,0,official_fusion,0,official_fusion,0,official_fusion
282,0.6201386451721191,0.7216646671295166,0.10152602195739746,4,camdeep,4,camdeep,0,official_fusion,0,official_fusion
283,0.4101767838001251,0.4439915716648102,0.03381478786468506,3,cam28_2,0,official_fusion,0,official_fusion,1,cam56
284,1.0,1.0,0.0,0,official_fusion,0,official_fusion,0,official_fusion,0,official_fusion
285,0.3514900207519531,0.3650432229042053,0.013553202152252197,3,cam28_2,1,cam56,0,official_fusion,0,official_fusion
286,0.28329500555992126,0.32407984137535095,0.04078483581542969,2,cam28_1,1,cam56,0,official_fusion,0,official_fusion
287,0.3853435814380646,0.44116413593292236,0.05582055449485779,0,official_fusion,4,camdeep,0,official_fusion,0,official_fusion
288,0.37322261929512024,0.3852553367614746,0.01203271746635437,0,official_fusion,1,cam56,2,cam28_1,0,official_fusion
289,0.5042903423309326,0.6257620453834534,0.12147170305252075,4,camdeep,0,official_fusion,0,official_fusion,0,official_fusion
290,1.0,1.0,0.0,0,official_fusion,0,official_fusion,0,official_fusion,0,official_fusion
291,0.33483749628067017,0.5000096559524536,0.16517215967178345,4,camdeep,0,official_fusion,0,official_fusion,0,official_fusion
292,0.46588945388793945,0.49417605996131897,0.028286606073379517,4,camdeep,4,camdeep,3,cam28_2,0,official_fusion
293,0.7599376440048218,0.7821314930915833,0.022193849086761475,1,cam56,2,cam28_1,0,official_fusion,0,official_fusion
294,1.0,1.0,0.0,0,official_fusion,0,official_fusion,0,official_fusion,0,official_fusion
295,0.5294381976127625,0.556147038936615,0.02670884132385254,3,cam28_2,2,cam28_1,3,cam28_2,0,official_fusion
296,0.3461405634880066,0.4216180145740509,0.07547745108604431,2,cam28_1,0,official_fusion,0,official_fusion,1,cam56
297,0.9114716053009033,0.9115442633628845,7.265806198120117e-05,0,official_fusion,2,cam28_1,0,official_fusion,0,official_fusion
298,0.47820672392845154,0.47820672392845154,0.0,0,official_fusion,0,official_fusion,0,official_fusion,0,official_fusion
299,1.0,1.0,0.0,0,official_fusion,0,official_fusion,0,official_fusion,0,official_fusion
300,0.8105687499046326,0.8366096615791321,0.02604091167449951,2,cam28_1,2,cam28_1,0,official_fusion,0,official_fusion
301,0.11675485223531723,0.2613270878791809,0.14457222819328308,4,camdeep,3,cam28_2,0,official_fusion,4,camdeep
302,0.4960837960243225,0.4960837960243225,0.0,0,official_fusion,0,official_fusion,0,official_fusion,0,official_fusion
303,0.7310590147972107,0.8061379790306091,0.07507896423339844,1,cam56,0,official_fusion,0,official_fusion,0,official_fusion
304,0.4426581859588623,0.4629586637020111,0.020300477743148804,3,cam28_2,0,official_fusion,2,cam28_1,0,official_fusion
305,0.661152720451355,0.6856398582458496,0.02448713779449463,0,official_fusion,4,camdeep,0,official_fusion,0,official_fusion
306,0.49199506640434265,0.5290759205818176,0.037080854177474976,0,official_fusion,2,cam28_1,2,cam28_1,0,official_fusion
307,0.03559470549225807,0.03559470549225807,0.0,0,official_fusion,0,official_fusion,0,official_fusion,0,official_fusion
308,0.35057342052459717,0.35606709122657776,0.005493670701980591,0,official_fusion,0,official_fusion,3,cam28_2,0,official_fusion
309,0.276192307472229,0.28996989130973816,0.013777583837509155,0,official_fusion,1,cam56,0,official_fusion,0,official_fusion
310,0.7864826321601868,0.8070283532142639,0.02054572105407715,4,camdeep,1,cam56,0,official_fusion,0,official_fusion
311,0.46438536047935486,0.4645334780216217,0.0001481175422668457,0,official_fusion,2,cam28_1,0,official_fusion,0,official_fusion
312,0.07606226205825806,0.08591166138648987,0.009849399328231812,0,official_fusion,4,camdeep,0,official_fusion,0,official_fusion
313,0.26050302386283875,0.3817063868045807,0.12120336294174194,0,official_fusion,2,cam28_1,4,camdeep,0,official_fusion
314,0.22969675064086914,0.33377453684806824,0.1040777862071991,0,official_fusion,1,cam56,1,cam56,0,official_fusion
315,1.0,1.0,0.0,0,official_fusion,0,official_fusion,0,official_fusion,0,official_fusion
316,0.40164023637771606,0.6638984680175781,0.26225823163986206,0,official_fusion,3,cam28_2,4,camdeep,0,official_fusion
317,0.4859096109867096,0.4859096109867096,0.0,0,official_fusion,0,official_fusion,0,official_fusion,0,official_fusion
318,1.0,1.0,0.0,0,official_fusion,0,official_fusion,0,official_fusion,0,official_fusion
319,1.0,1.0,0.0,0,official_fusion,0,official_fusion,0,official_fusion,0,official_fusion
320,0.3020468056201935,0.3020468056201935,0.0,0,official_fusion,0,official_fusion,0,official_fusion,0,official_fusion
321,0.48331353068351746,0.5868558287620544,0.10354229807853699,0,official_fusion,4,camdeep,2,cam28_1,0,official_fusion
322,1.0,1.0,0.0,0,official_fusion,0,official_fusion,0,official_fusion,0,official_fusion
323,1.0,1.0,0.0,0,official_fusion,0,official_fusion,0,official_fusion,0,official_fusion
324,1.0,1.0,0.0,0,official_fusion,0,official_fusion,0,official_fusion,0,official_fusion
325,1.0,1.0,0.0,0,official_fusion,0,official_fusion,0,official_fusion,0,official_fusion
326,1.0,1.0,0.0,0,official_fusion,0,official_fusion,0,official_fusion,0,official_fusion
327,0.2772640287876129,0.2772861421108246,2.2113323211669922e-05,0,official_fusion,2,cam28_1,0,official_fusion,0,official_fusion
328,0.38794443011283875,0.40278056263923645,0.014836132526397705,0,official_fusion,1,cam56,0,official_fusion,0,official_fusion
329,1.0,1.0,0.0,0,official_fusion,0,official_fusion,0,official_fusion,0,official_fusion
330,1.0,1.0,0.0,0,official_fusion,0,official_fusion,0,official_fusion,0,official_fusion
331,0.46734946966171265,0.47043123841285706,0.003081768751144409,0,official_fusion,2,cam28_1,0,official_fusion,0,official_fusion
332,0.3407774865627289,0.35137975215911865,0.01060226559638977,4,camdeep,0,official_fusion,2,cam28_1,0,official_fusion
333,1.0,1.0,0.0,0,official_fusion,0,official_fusion,0,official_fusion,0,official_fusion
334,1.0,1.0,0.0,0,official_fusion,0,official_fusion,0,official_fusion,0,official_fusion
335,0.4259905219078064,0.4430502653121948,0.017059743404388428,0,official_fusion,0,official_fusion,1,cam56,0,official_fusion
336,0.3678347170352936,0.4338015913963318,0.06596687436103821,0,official_fusion,0,official_fusion,4,camdeep,0,official_fusion
337,1.0,1.0,0.0,0,official_fusion,0,official_fusion,0,official_fusion,0,official_fusion
338,1.0,1.0,0.0,0,official_fusion,0,official_fusion,0,official_fusion,0,official_fusion
339,0.40581849217414856,0.4146380126476288,0.008819520473480225,4,camdeep,3,cam28_2,0,official_fusion,0,official_fusion
340,0.7382502555847168,0.8433771729469299,0.10512691736221313,1,cam56,2,cam28_1,0,official_fusion,0,official_fusion
341,0.45914381742477417,0.4591529667377472,9.149312973022461e-06,0,official_fusion,2,cam28_1,0,official_fusion,0,official_fusion
342,1.0,1.0,0.0,0,official_fusion,0,official_fusion,0,official_fusion,0,official_fusion
343,0.3461793065071106,0.3889392614364624,0.04275995492935181,2,cam28_1,4,camdeep,0,official_fusion,0,official_fusion
344,0.4479531943798065,0.5905219316482544,0.14256873726844788,0,official_fusion,1,cam56,0,official_fusion,0,official_fusion
345,0.6746452450752258,0.6746990084648132,5.3763389587402344e-05,0,official_fusion,2,cam28_1,0,official_fusion,0,official_fusion
346,0.3893783390522003,0.4191465377807617,0.0297681987285614,0,official_fusion,4,camdeep,1,cam56,0,official_fusion
347,0.26378148794174194,0.26430824398994446,0.0005267560482025146,0,official_fusion,1,cam56,0,official_fusion,0,official_fusion
348,0.35045474767684937,0.38976162672042847,0.0393068790435791,1,cam56,3,cam28_2,0,official_fusion,0,official_fusion
349,1.0,1.0,0.0,0,official_fusion,0,official_fusion,0,official_fusion,0,official_fusion
350,1.0,1.0,0.0,0,official_fusion,0,official_fusion,0,official_fusion,0,official_fusion
351,0.6360325813293457,0.7220056653022766,0.08597308397293091,0,official_fusion,4,camdeep,0,official_fusion,0,official_fusion
352,0.3369937837123871,0.34410008788108826,0.007106304168701172,0,official_fusion,4,camdeep,0,official_fusion,0,official_fusion
353,0.47113022208213806,0.48659747838974,0.015467256307601929,0,official_fusion,2,cam28_1,1,cam56,0,official_fusion
354,0.5152381062507629,0.5661774277687073,0.050939321517944336,0,official_fusion,4,camdeep,0,official_fusion,0,official_fusion
355,0.40001195669174194,0.45701026916503906,0.05699831247329712,0,official_fusion,1,cam56,0,official_fusion,0,official_fusion
356,0.6290455460548401,0.697645366191864,0.06859982013702393,3,cam28_2,4,camdeep,0,official_fusion,0,official_fusion
357,1.0,1.0,0.0,0,official_fusion,0,official_fusion,0,official_fusion,0,official_fusion
358,0.41863641142845154,0.41863641142845154,0.0,0,official_fusion,0,official_fusion,0,official_fusion,0,official_fusion
359,0.44632890820503235,0.5408885478973389,0.09455963969230652,0,official_fusion,1,cam56,0,official_fusion,0,official_fusion
360,0.7916423678398132,0.7916423678398132,0.0,0,official_fusion,0,official_fusion,0,official_fusion,0,official_fusion
361,0.40671178698539734,0.42411118745803833,0.01739940047264099,4,camdeep,0,official_fusion,0,official_fusion,0,official_fusion
362,1.0,1.0,0.0,0,official_fusion,0,official_fusion,0,official_fusion,0,official_fusion
363,0.5680205821990967,0.7357900142669678,0.1677694320678711,1,cam56,4,camdeep,0,official_fusion,0,official_fusion
364,0.7119937539100647,0.9437380433082581,0.23174428939819336,0,official_fusion,3,cam28_2,4,camdeep,0,official_fusion
365,1.0,1.0,0.0,0,official_fusion,0,official_fusion,0,official_fusion,0,official_fusion
366,0.4853692352771759,0.6287980675697327,0.14342883229255676,0,official_fusion,4,camdeep,3,cam28_2,0,official_fusion
367,0.0003188775444868952,0.0003188775444868952,0.0,0,official_fusion,0,official_fusion,0,official_fusion,0,official_fusion
368,0.4187453091144562,0.5093125700950623,0.09056726098060608,4,camdeep,4,camdeep,0,official_fusion,0,official_fusion
369,0.41962292790412903,0.4196898341178894,6.690621376037598e-05,0,official_fusion,1,cam56,0,official_fusion,0,official_fusion
370,0.6748375296592712,0.749515950679779,0.07467842102050781,4,camdeep,3,cam28_2,0,official_fusion,0,official_fusion
371,0.40962812304496765,0.40962812304496765,0.0,0,official_fusion,0,official_fusion,0,official_fusion,0,official_fusion
372,0.38299429416656494,0.458545446395874,0.07555115222930908,1,cam56,0,official_fusion,0,official_fusion,4,camdeep
373,0.42753374576568604,0.46602150797843933,0.038487762212753296,2,cam28_1,2,cam28_1,0,official_fusion,0,official_fusion
374,0.8804874420166016,0.8823996782302856,0.001912236213684082,3,cam28_2,2,cam28_1,0,official_fusion,0,official_fusion
375,0.9985849857330322,0.9985849857330322,0.0,0,official_fusion,0,official_fusion,0,official_fusion,0,official_fusion
376,0.3085439205169678,0.3098282814025879,0.0012843608856201172,0,official_fusion,0,official_fusion,0,official_fusion,2,cam28_1
377,0.2970065772533417,0.3825984299182892,0.08559185266494751,4,camdeep,1,cam56,0,official_fusion,0,official_fusion
378,0.5649869441986084,0.6108195185661316,0.04583257436752319,3,cam28_2,1,cam56,0,official_fusion,0,official_fusion
379,0.48315927386283875,0.48804712295532227,0.0048878490924835205,0,official_fusion,3,cam28_2,0,official_fusion,0,official_fusion
380,1.0,1.0,0.0,0,official_fusion,0,official_fusion,0,official_fusion,0,official_fusion
381,0.14577212929725647,0.20570902526378632,0.059936895966529846,4,camdeep,2,cam28_1,0,official_fusion,0,official_fusion
382,0.9974489808082581,0.9974489808082581,0.0,0,official_fusion,0,official_fusion,0,official_fusion,0,official_fusion
383,0.5650636553764343,0.5725855231285095,0.007521867752075195,0,official_fusion,2,cam28_1,0,official_fusion,0,official_fusion
384,0.40573182702064514,0.40573182702064514,0.0,0,official_fusion,0,official_fusion,0,official_fusion,0,official_fusion
385,0.8943718075752258,0.9085944294929504,0.01422262191772461,2,cam28_1,3,cam28_2,0,official_fusion,0,official_fusion
386,0.0,0.0,0.0,0,official_fusion,0,official_fusion,0,official_fusion,0,official_fusion
387,0.4726462960243225,0.608713686466217,0.13606739044189453,0,official_fusion,1,cam56,0,official_fusion,0,official_fusion
388,0.28600841760635376,0.47140252590179443,0.18539410829544067,0,official_fusion,1,cam56,4,camdeep,0,official_fusion
389,1.0,1.0,0.0,0,official_fusion,0,official_fusion,0,official_fusion,0,official_fusion
390,0.46425822377204895,0.5053343176841736,0.041076093912124634,0,official_fusion,4,camdeep,3,cam28_2,0,official_fusion
391,0.13051392138004303,0.13051392138004303,0.0,0,official_fusion,0,official_fusion,0,official_fusion,0,official_fusion
392,0.43760961294174194,0.43760961294174194,0.0,0,official_fusion,0,official_fusion,0,official_fusion,0,official_fusion
393,0.4995814859867096,0.6190609335899353,0.11947944760322571,0,official_fusion,3,cam28_2,0,official_fusion,2,cam28_1
394,1.0,1.0,0.0,0,official_fusion,0,official_fusion,0,official_fusion,0,official_fusion
395,1.0,1.0,0.0,0,official_fusion,0,official_fusion,0,official_fusion,0,official_fusion
396,0.370127409696579,0.37316229939460754,0.0030348896980285645,0,official_fusion,0,official_fusion,3,cam28_2,0,official_fusion
397,1.0,1.0,0.0,0,official_fusion,0,official_fusion,0,official_fusion,0,official_fusion
398,1.0,1.0,0.0,0,official_fusion,0,official_fusion,0,official_fusion,0,official_fusion
399,0.29618221521377563,0.3007875680923462,0.004605352878570557,0,official_fusion,0,official_fusion,0,official_fusion,1,cam56
400,1.0,1.0,0.0,0,official_fusion,0,official_fusion,0,official_fusion,0,official_fusion
401,0.7253667116165161,0.7254245281219482,5.7816505432128906e-05,0,official_fusion,1,cam56,0,official_fusion,0,official_fusion
402,0.895527720451355,0.9345304369926453,0.03900271654129028,4,camdeep,2,cam28_1,0,official_fusion,0,official_fusion
403,0.36944952607154846,0.36944952607154846,0.0,0,official_fusion,0,official_fusion,0,official_fusion,0,official_fusion
404,0.7813608050346375,0.8748522996902466,0.09349149465560913,2,cam28_1,4,camdeep,0,official_fusion,0,official_fusion
405,0.7432971596717834,0.8117292523384094,0.06843209266662598,0,official_fusion,3,cam28_2,3,cam28_2,0,official_fusion
406,1.0,1.0,0.0,0,official_fusion,0,official_fusion,0,official_fusion,0,official_fusion
407,0.8723559975624084,0.9038324952125549,0.031476497650146484,3,cam28_2,1,cam56,0,official_fusion,0,official_fusion
408,0.9914102554321289,0.9914102554321289,0.0,0,official_fusion,0,official_fusion,0,official_fusion,0,official_fusion
409,0.21314390003681183,0.33016088604927063,0.1170169860124588,1,cam56,4,camdeep,0,official_fusion,0,official_fusion
410,1.0,1.0,0.0,0,official_fusion,0,official_fusion,0,official_fusion,0,official_fusion
411,0.18419164419174194,0.18419164419174194,0.0,0,official_fusion,0,official_fusion,0,official_fusion,0,official_fusion
412,0.5004763007164001,0.6960126757621765,0.19553637504577637,1,cam56,2,cam28_1,0,official_fusion,0,official_fusion
413,0.667012095451355,0.6672248840332031,0.00021278858184814453,0,official_fusion,3,cam28_2,0,official_fusion,0,official_fusion
414,0.4416753053665161,0.4416753053665161,0.0,0,official_fusion,0,official_fusion,0,official_fusion,0,official_fusion
415,0.0,0.0,0.0,0,official_fusion,0,official_fusion,0,official_fusion,0,official_fusion
416,1.0,1.0,0.0,0,official_fusion,0,official_fusion,0,official_fusion,0,official_fusion
417,0.48356783390045166,0.48356783390045166,0.0,0,official_fusion,0,official_fusion,0,official_fusion,0,official_fusion
418,0.39029616117477417,0.39029616117477417,0.0,0,official_fusion,0,official_fusion,0,official_fusion,0,official_fusion
419,0.4116709232330322,0.4160471260547638,0.004376202821731567,0,official_fusion,3,cam28_2,0,official_fusion,0,official_fusion
420,0.5764099359512329,0.6169607043266296,0.04055076837539673,0,official_fusion,4,camdeep,2,cam28_1,0,official_fusion
421,1.0,1.0,0.0,0,official_fusion,0,official_fusion,0,official_fusion,0,official_fusion
422,0.38756006956100464,0.5197928547859192,0.13223278522491455,1,cam56,4,camdeep,0,official_fusion,0,official_fusion
423,0.7616254091262817,0.8209623694419861,0.059336960315704346,1,cam56,3,cam28_2,0,official_fusion,0,official_fusion
424,0.3255407512187958,0.3255407512187958,0.0,0,official_fusion,0,official_fusion,0,official_fusion,0,official_fusion
425,0.1964108645915985,0.2868538498878479,0.09044298529624939,0,official_fusion,4,camdeep,2,cam28_1,0,official_fusion
426,1.0,1.0,0.0,0,official_fusion,0,official_fusion,0,official_fusion,0,official_fusion
427,0.251860111951828,0.251860111951828,0.0,0,official_fusion,0,official_fusion,0,official_fusion,0,official_fusion
428,0.9022144079208374,0.9044671654701233,0.0022527575492858887,0,official_fusion,3,cam28_2,0,official_fusion,0,official_fusion
429,1.0,1.0,0.0,0,official_fusion,0,official_fusion,0,official_fusion,0,official_fusion
430,0.3208904564380646,0.3209160566329956,2.5600194931030273e-05,0,official_fusion,2,cam28_1,0,official_fusion,0,official_fusion
431,0.6638716459274292,0.7357820868492126,0.07191044092178345,3,cam28_2,2,cam28_1,0,official_fusion,0,official_fusion
432,0.4189693033695221,0.42797937989234924,0.009010076522827148,0,official_fusion,0,official_fusion,4,camdeep,0,official_fusion
433,0.15880072116851807,0.20154070854187012,0.04273998737335205,0,official_fusion,4,camdeep,2,cam28_1,0,official_fusion
434,0.47693121433258057,0.47693121433258057,0.0,0,official_fusion,0,official_fusion,0,official_fusion,0,official_fusion
435,1.0,1.0,0.0,0,official_fusion,0,official_fusion,0,official_fusion,0,official_fusion
436,0.48593950271606445,0.48593950271606445,0.0,0,official_fusion,0,official_fusion,0,official_fusion,0,official_fusion
437,0.42208099365234375,0.6587108969688416,0.2366299033164978,1,cam56,4,camdeep,0,official_fusion,0,official_fusion
438,0.9957349896430969,0.9957349896430969,0.0,0,official_fusion,0,official_fusion,0,official_fusion,0,official_fusion
439,0.3816942274570465,0.42276450991630554,0.04107028245925903,1,cam56,0,official_fusion,0,official_fusion,0,official_fusion
440,0.8579002022743225,0.8581738471984863,0.00027364492416381836,0,official_fusion,3,cam28_2,0,official_fusion,0,official_fusion
441,0.3896781802177429,0.410778284072876,0.021100103855133057,3,cam28_2,0,official_fusion,0,official_fusion,3,cam28_2
442,0.9495575428009033,0.9495575428009033,0.0,0,official_fusion,0,official_fusion,0,official_fusion,0,official_fusion
443,0.3018295466899872,0.3267744779586792,0.024944931268692017,1,cam56,3,cam28_2,0,official_fusion,0,official_fusion
444,0.4972895383834839,0.4972895383834839,0.0,0,official_fusion,0,official_fusion,0,official_fusion,0,official_fusion
445,0.38793277740478516,0.39262691140174866,0.004694133996963501,0,official_fusion,0,official_fusion,4,camdeep,0,official_fusion
446,1.0,1.0,0.0,0,official_fusion,0,official_fusion,0,official_fusion,0,official_fusion
447,1.0,1.0,0.0,0,official_fusion,0,official_fusion,0,official_fusion,0,official_fusion
448,0.6766868233680725,0.6833831071853638,0.00669628381729126,0,official_fusion,3,cam28_2,0,official_fusion,0,official_fusion
449,0.8640056848526001,0.930282711982727,0.06627702713012695,0,official_fusion,4,camdeep,0,official_fusion,0,official_fusion
450,0.5845504999160767,0.6520073413848877,0.06745684146881104,0,official_fusion,1,cam56,3,cam28_2,0,official_fusion
451,1.0,1.0,0.0,0,official_fusion,0,official_fusion,0,official_fusion,0,official_fusion
452,0.25750359892845154,0.29214826226234436,0.03464466333389282,0,official_fusion,2,cam28_1,0,official_fusion,0,official_fusion
453,0.4138495922088623,0.490681529045105,0.07683193683624268,0,official_fusion,0,official_fusion,1,cam56,0,official_fusion
454,0.27486249804496765,0.27486249804496765,0.0,0,official_fusion,0,official_fusion,0,official_fusion,0,official_fusion
455,0.43489915132522583,0.43489915132522583,0.0,0,official_fusion,0,official_fusion,0,official_fusion,0,official_fusion
456,0.5259270668029785,0.5545167922973633,0.028589725494384766,3,cam28_2,2,cam28_1,4,camdeep,0,official_fusion
457,0.4736174941062927,0.5028173923492432,0.02919989824295044,0,official_fusion,1,cam56,2,cam28_1,0,official_fusion
458,0.39971300959587097,0.39971300959587097,0.0,0,official_fusion,0,official_fusion,0,official_fusion,0,official_fusion
459,0.40170004963874817,0.5189592242240906,0.11725917458534241,0,official_fusion,4,camdeep,3,cam28_2,0,official_fusion
460,0.7498206496238708,0.7498355507850647,1.4901161193847656e-05,0,official_fusion,2,cam28_1,0,official_fusion,0,official_fusion
461,0.4934430718421936,0.4934430718421936,0.0,0,official_fusion,0,official_fusion,0,official_fusion,0,official_fusion
462,0.24865661561489105,0.6014150977134705,0.3527584671974182,0,official_fusion,2,cam28_1,4,camdeep,0,official_fusion
463,0.48341837525367737,0.4879314601421356,0.004513084888458252,0,official_fusion,1,cam56,0,official_fusion,0,official_fusion
464,1.0,1.0,0.0,0,official_fusion,0,official_fusion,0,official_fusion,0,official_fusion
465,0.6459661722183228,0.8429328799247742,0.19696670770645142,1,cam56,4,camdeep,0,official_fusion,0,official_fusion
466,0.47423070669174194,0.47423070669174194,0.0,0,official_fusion,0,official_fusion,0,official_fusion,0,official_fusion
467,0.25661006569862366,0.25661006569862366,0.0,0,official_fusion,0,official_fusion,0,official_fusion,0,official_fusion
468,0.19580748677253723,0.2423987090587616,0.046591222286224365,4,camdeep,1,cam56,0,official_fusion,0,official_fusion
469,1.0,1.0,0.0,0,official_fusion,0,official_fusion,0,official_fusion,0,official_fusion
470,0.42177799344062805,0.48811790347099304,0.06633991003036499,0,official_fusion,1,cam56,1,cam56,0,official_fusion
471,0.5350608825683594,0.6936669945716858,0.15860611200332642,0,official_fusion,3,cam28_2,3,cam28_2,0,official_fusion
472,0.4795719087123871,0.4796101450920105,3.8236379623413086e-05,0,official_fusion,2,cam28_1,0,official_fusion,0,official_fusion
473,0.48239579796791077,0.5403906106948853,0.05799481272697449,0,official_fusion,4,camdeep,0,official_fusion,0,official_fusion
474,1.0,1.0,0.0,0,official_fusion,0,official_fusion,0,official_fusion,0,official_fusion
475,1.0,1.0,0.0,0,official_fusion,0,official_fusion,0,official_fusion,0,official_fusion
476,0.45568597316741943,0.45568597316741943,0.0,0,official_fusion,0,official_fusion,0,official_fusion,0,official_fusion
477,1.0,1.0,0.0,0,official_fusion,0,official_fusion,0,official_fusion,0,official_fusion
478,0.4856106638908386,0.4856106638908386,0.0,0,official_fusion,0,official_fusion,0,official_fusion,0,official_fusion
479,0.6148587465286255,0.690948486328125,0.07608973979949951,2,cam28_1,4,camdeep,0,official_fusion,0,official_fusion
480,0.1383463591337204,0.1383463591337204,0.0,0,official_fusion,0,official_fusion,0,official_fusion,0,official_fusion
481,0.20287920534610748,0.20287920534610748,0.0,0,official_fusion,0,official_fusion,0,official_fusion,0,official_fusion
482,0.7107381820678711,0.7107665538787842,2.8371810913085938e-05,0,official_fusion,1,cam56,0,official_fusion,0,official_fusion
483,0.6242567300796509,0.6699394583702087,0.04568272829055786,1,cam56,1,cam56,0,official_fusion,0,official_fusion
484,0.5065059065818787,0.5350210666656494,0.028515160083770752,3,cam28_2,0,official_fusion,1,cam56,0,official_fusion
485,0.9661591053009033,0.9661783576011658,1.9252300262451172e-05,0,official_fusion,2,cam28_1,0,official_fusion,0,official_fusion
486,0.4287109375,0.42963799834251404,0.0009270608425140381,0,official_fusion,1,cam56,0,official_fusion,0,official_fusion
487,0.5653453469276428,0.5921533107757568,0.026807963848114014,0,official_fusion,0,official_fusion,0,official_fusion,3,cam28_2
488,1.0,1.0,0.0,0,official_fusion,0,official_fusion,0,official_fusion,0,official_fusion
489,0.47672194242477417,0.47672194242477417,0.0,0,official_fusion,0,official_fusion,0,official_fusion,0,official_fusion
490,1.0,1.0,0.0,0,official_fusion,0,official_fusion,0,official_fusion,0,official_fusion
491,0.48467394709587097,0.48467394709587097,0.0,0,official_fusion,0,official_fusion,0,official_fusion,0,official_fusion
492,0.3364158272743225,0.3364158272743225,0.0,0,official_fusion,0,official_fusion,0,official_fusion,0,official_fusion
493,0.38592156767845154,0.4095067083835602,0.023585140705108643,0,official_fusion,1,cam56,0,official_fusion,0,official_fusion
494,0.8979097604751587,0.9098262190818787,0.01191645860671997,2,cam28_1,0,official_fusion,0,official_fusion,2,cam28_1
495,0.5740949511528015,0.5995237827301025,0.025428831577301025,4,camdeep,1,cam56,2,cam28_1,0,official_fusion
496,0.19882361590862274,0.3110096752643585,0.11218605935573578,4,camdeep,3,cam28_2,0,official_fusion,0,official_fusion
497,0.8560279011726379,0.90382319688797,0.04779529571533203,3,cam28_2,3,cam28_2,0,official_fusion,0,official_fusion
498,1.0,1.0,0.0,0,official_fusion,0,official_fusion,0,official_fusion,0,official_fusion
499,0.24138033390045166,0.24138033390045166,0.0,0,official_fusion,0,official_fusion,0,official_fusion,0,official_fusion
500,1.0,1.0,0.0,0,official_fusion,0,official_fusion,0,official_fusion,0,official_fusion
501,0.5345275402069092,0.6727460622787476,0.13821852207183838,3,cam28_2,1,cam56,0,official_fusion,0,official_fusion
502,1.0,1.0,0.0,0,official_fusion,0,official_fusion,0,official_fusion,0,official_fusion
503,0.4999900460243225,0.4999900460243225,0.0,0,official_fusion,0,official_fusion,0,official_fusion,0,official_fusion
504,0.48009008169174194,0.48009008169174194,0.0,0,official_fusion,0,official_fusion,0,official_fusion,0,official_fusion
505,0.2580117881298065,0.2580169439315796,5.155801773071289e-06,0,official_fusion,4,camdeep,0,official_fusion,0,official_fusion
506,0.6891735792160034,0.7157580256462097,0.0265844464302063,0,official_fusion,4,camdeep,1,cam56,0,official_fusion
507,0.7833239436149597,0.7875112891197205,0.004187345504760742,0,official_fusion,0,official_fusion,3,cam28_2,0,official_fusion
508,0.5018068552017212,0.505178689956665,0.0033718347549438477,0,official_fusion,3,cam28_2,0,official_fusion,0,official_fusion
509,1.0,1.0,0.0,0,official_fusion,0,official_fusion,0,official_fusion,0,official_fusion
510,0.3214447796344757,0.32999667525291443,0.00855189561843872,0,official_fusion,0,official_fusion,0,official_fusion,2,cam28_1
511,1.0,1.0,0.0,0,official_fusion,0,official_fusion,0,official_fusion,0,official_fusion
512,0.4992924928665161,0.4992924928665161,0.0,0,official_fusion,0,official_fusion,0,official_fusion,0,official_fusion
513,0.7907734513282776,0.8210970163345337,0.030323565006256104,3,cam28_2,0,official_fusion,0,official_fusion,0,official_fusion
514,0.2135067582130432,0.23023360967636108,0.01672685146331787,0,official_fusion,0,official_fusion,3,cam28_2,0,official_fusion
515,1.0,1.0,0.0,0,official_fusion,0,official_fusion,0,official_fusion,0,official_fusion
516,0.23840942978858948,0.35105374455451965,0.11264431476593018,0,official_fusion,1,cam56,2,cam28_1,0,official_fusion
517,0.23718510568141937,0.23718510568141937,0.0,0,official_fusion,0,official_fusion,0,official_fusion,0,official_fusion
518,0.33121412992477417,0.3336178660392761,0.002403736114501953,0,official_fusion,0,official_fusion,1,cam56,0,official_fusion
519,0.25456055998802185,0.36949172616004944,0.11493116617202759,4,camdeep,4,camdeep,0,official_fusion,0,official_fusion
520,1.0,1.0,0.0,0,official_fusion,0,official_fusion,0,official_fusion,0,official_fusion
521,0.29475903511047363,0.3396889567375183,0.04492992162704468,0,official_fusion,4,camdeep,3,cam28_2,0,official_fusion
522,1.0,1.0,0.0,0,official_fusion,0,official_fusion,0,official_fusion,0,official_fusion
523,0.29991430044174194,0.29991430044174194,0.0,0,official_fusion,0,official_fusion,0,official_fusion,0,official_fusion
524,1.0,1.0,0.0,0,official_fusion,0,official_fusion,0,official_fusion,0,official_fusion
525,0.5927829742431641,0.7851738333702087,0.19239085912704468,4,camdeep,1,cam56,0,official_fusion,0,official_fusion
526,0.4995615482330322,0.4995615482330322,0.0,0,official_fusion,0,official_fusion,0,official_fusion,0,official_fusion
527,0.5704770684242249,0.6383872628211975,0.06791019439697266,2,cam28_1,1,cam56,0,official_fusion,0,official_fusion
528,0.5868542790412903,0.587041437625885,0.00018715858459472656,0,official_fusion,3,cam28_2,0,official_fusion,0,official_fusion
529,1.0,1.0,0.0,0,official_fusion,0,official_fusion,0,official_fusion,0,official_fusion
530,1.0,1.0,0.0,0,official_fusion,0,official_fusion,0,official_fusion,0,official_fusion
531,0.415876179933548,0.5656952261924744,0.1498190462589264,0,official_fusion,0,official_fusion,1,cam56,0,official_fusion
532,0.22574850916862488,0.2327599823474884,0.007011473178863525,2,cam28_1,1,cam56,0,official_fusion,0,official_fusion
533,0.35054609179496765,0.37391191720962524,0.023365825414657593,0,official_fusion,4,camdeep,0,official_fusion,0,official_fusion
534,1.0,1.0,0.0,0,official_fusion,0,official_fusion,0,official_fusion,0,official_fusion
535,1.0,1.0,0.0,0,official_fusion,0,official_fusion,0,official_fusion,0,official_fusion
536,0.8295292258262634,0.8850628137588501,0.05553358793258667,3,cam28_2,0,official_fusion,0,official_fusion,0,official_fusion
537,1.0,1.0,0.0,0,official_fusion,0,official_fusion,0,official_fusion,0,official_fusion
538,1.0,1.0,0.0,0,official_fusion,0,official_fusion,0,official_fusion,0,official_fusion
539,0.41382333636283875,0.41382333636283875,0.0,0,official_fusion,0,official_fusion,0,official_fusion,0,official_fusion
540,0.23980587720870972,0.23980587720870972,0.0,0,official_fusion,0,official_fusion,0,official_fusion,0,official_fusion
541,0.8453572988510132,0.9265547394752502,0.08119744062423706,3,cam28_2,1,cam56,0,official_fusion,0,official_fusion
542,1.0,1.0,0.0,0,official_fusion,0,official_fusion,0,official_fusion,0,official_fusion
543,0.15804368257522583,0.15804368257522583,0.0,0,official_fusion,0,official_fusion,0,official_fusion,0,official_fusion
544,0.48021963238716125,0.48021963238716125,0.0,0,official_fusion,0,official_fusion,0,official_fusion,0,official_fusion
545,0.9993622303009033,0.9993622303009033,0.0,0,official_fusion,0,official_fusion,0,official_fusion,0,official_fusion
546,0.37372836470603943,0.49437519907951355,0.12064683437347412,4,camdeep,3,cam28_2,0,official_fusion,0,official_fusion
547,0.2980319857597351,0.36989831924438477,0.07186633348464966,0,official_fusion,1,cam56,3,cam28_2,0,official_fusion
548,1.0,1.0,0.0,0,official_fusion,0,official_fusion,0,official_fusion,0,official_fusion
549,0.3893793821334839,0.38941043615341187,3.1054019927978516e-05,0,official_fusion,2,cam28_1,0,official_fusion,0,official_fusion
550,0.4187467098236084,0.43067577481269836,0.011929064989089966,2,cam28_1,4,camdeep,0,official_fusion,0,official_fusion
551,1.0,1.0,0.0,0,official_fusion,0,official_fusion,0,official_fusion,0,official_fusion
552,1.0,1.0,0.0,0,official_fusion,0,official_fusion,0,official_fusion,0,official_fusion
553,1.0,1.0,0.0,0,official_fusion,0,official_fusion,0,official_fusion,0,official_fusion
554,0.5027066469192505,0.6003233790397644,0.09761673212051392,0,official_fusion,3,cam28_2,4,camdeep,0,official_fusion
555,1.0,1.0,0.0,0,official_fusion,0,official_fusion,0,official_fusion,0,official_fusion
556,1.0,1.0,0.0,0,official_fusion,0,official_fusion,0,official_fusion,0,official_fusion
557,0.3864962160587311,0.4240434169769287,0.03754720091819763,4,camdeep,0,official_fusion,3,cam28_2,0,official_fusion
558,0.5008554458618164,0.5318167805671692,0.030961334705352783,2,cam28_1,3,cam28_2,0,official_fusion,0,official_fusion
559,0.23112642765045166,0.2710183262825012,0.03989189863204956,0,official_fusion,1,cam56,0,official_fusion,0,official_fusion
560,0.4497767984867096,0.7124122977256775,0.2626354992389679,0,official_fusion,1,cam56,1,cam56,0,official_fusion
561,0.5911416411399841,0.5938138961791992,0.002672255039215088,0,official_fusion,0,official_fusion,2,cam28_1,0,official_fusion
562,0.20984135568141937,0.6070033311843872,0.39716196060180664,4,camdeep,3,cam28_2,0,official_fusion,0,official_fusion
563,0.0595703125,0.0595703125,0.0,0,official_fusion,0,official_fusion,0,official_fusion,0,official_fusion
564,0.3115904629230499,0.4889475703239441,0.17735710740089417,1,cam56,2,cam28_1,0,official_fusion,0,official_fusion
565,0.49383172392845154,0.49383172392845154,0.0,0,official_fusion,0,official_fusion,0,official_fusion,0,official_fusion
566,0.37077486515045166,0.37077486515045166,0.0,0,official_fusion,0,official_fusion,0,official_fusion,0,official_fusion
567,0.40909039974212646,0.6112783551216125,0.20218795537948608,0,official_fusion,4,camdeep,3,cam28_2,0,official_fusion
568,0.30886611342430115,0.30886611342430115,0.0,0,official_fusion,0,official_fusion,0,official_fusion,0,official_fusion
569,1.0,1.0,0.0,0,official_fusion,0,official_fusion,0,official_fusion,0,official_fusion
570,0.3396599292755127,0.3594213128089905,0.019761383533477783,4,camdeep,4,camdeep,0,official_fusion,0,official_fusion
571,1.0,1.0,0.0,0,official_fusion,0,official_fusion,0,official_fusion,0,official_fusion
572,0.16561703383922577,0.16572271287441254,0.00010567903518676758,0,official_fusion,3,cam28_2,0,official_fusion,0,official_fusion
573,0.38790491223335266,0.4816475510597229,0.09374263882637024,0,official_fusion,0,official_fusion,2,cam28_1,0,official_fusion
574,0.40034326910972595,0.4920097589492798,0.09166648983955383,0,official_fusion,3,cam28_2,1,cam56,0,official_fusion
575,0.3924286365509033,0.3924286365509033,0.0,0,official_fusion,0,official_fusion,0,official_fusion,0,official_fusion
576,0.0,0.0,0.0,0,official_fusion,0,official_fusion,0,official_fusion,0,official_fusion
577,0.4894489645957947,0.5102431774139404,0.020794212818145752,0,official_fusion,2,cam28_1,2,cam28_1,0,official_fusion
578,1.0,1.0,0.0,0,official_fusion,0,official_fusion,0,official_fusion,0,official_fusion
579,0.0,0.0,0.0,0,official_fusion,0,official_fusion,0,official_fusion,0,official_fusion
580,0.031469229608774185,0.031469229608774185,0.0,0,official_fusion,0,official_fusion,0,official_fusion,0,official_fusion
581,0.672076404094696,0.8388589024543762,0.16678249835968018,3,cam28_2,1,cam56,0,official_fusion,0,official_fusion
582,0.14170120656490326,0.14560124278068542,0.0039000362157821655,0,official_fusion,4,camdeep,0,official_fusion,0,official_fusion
583,0.39939117431640625,0.4907150864601135,0.09132391214370728,0,official_fusion,1,cam56,0,official_fusion,0,official_fusion
584,0.36148515343666077,0.46267858147621155,0.10119342803955078,0,official_fusion,2,cam28_1,4,camdeep,0,official_fusion
585,0.5303150415420532,0.5882065296173096,0.05789148807525635,1,cam56,0,official_fusion,0,official_fusion,0,official_fusion
586,0.36388108134269714,0.4037935137748718,0.03991243243217468,3,cam28_2,0,official_fusion,0,official_fusion,4,camdeep
587,1.0,1.0,0.0,0,official_fusion,0,official_fusion,0,official_fusion,0,official_fusion
588,0.6196825504302979,0.6814166307449341,0.06173408031463623,0,official_fusion,2,cam28_1,0,official_fusion,0,official_fusion
589,0.40286070108413696,0.42716777324676514,0.024307072162628174,0,official_fusion,1,cam56,2,cam28_1,0,official_fusion
590,0.9281130433082581,0.9281130433082581,0.0,0,official_fusion,0,official_fusion,0,official_fusion,0,official_fusion
591,1.0,1.0,0.0,0,official_fusion,0,official_fusion,0,official_fusion,0,official_fusion
592,0.9428810477256775,0.9428810477256775,0.0,0,official_fusion,0,official_fusion,0,official_fusion,0,official_fusion
593,0.49780771136283875,0.49780771136283875,0.0,0,official_fusion,0,official_fusion,0,official_fusion,0,official_fusion
594,1.0,1.0,0.0,0,official_fusion,0,official_fusion,0,official_fusion,0,official_fusion
595,0.9623724222183228,0.9623724222183228,0.0,0,official_fusion,0,official_fusion,0,official_fusion,0,official_fusion
596,0.524171769618988,0.5695031881332397,0.04533141851425171,0,official_fusion,4,camdeep,2,cam28_1,0,official_fusion
597,0.541403591632843,0.541403591632843,0.0,0,official_fusion,0,official_fusion,0,official_fusion,0,official_fusion
598,0.9882015585899353,0.9882015585899353,0.0,0,official_fusion,0,official_fusion,0,official_fusion,0,official_fusion
599,0.21604207158088684,0.24475811421871185,0.028716042637825012,4,camdeep,0,official_fusion,0,official_fusion,0,official_fusion
600,0.909199595451355,0.909199595451355,0.0,0,official_fusion,0,official_fusion,0,official_fusion,0,official_fusion
601,0.45209982991218567,0.569099485874176,0.11699965596199036,1,cam56,1,cam56,0,official_fusion,0,official_fusion
602,0.2955264151096344,0.2955264151096344,0.0,0,official_fusion,0,official_fusion,0,official_fusion,0,official_fusion
603,0.6472022533416748,0.7695709466934204,0.1223686933517456,1,cam56,4,camdeep,0,official_fusion,0,official_fusion
604,1.0,1.0,0.0,0,official_fusion,0,official_fusion,0,official_fusion,0,official_fusion
605,0.3493502736091614,0.37794196605682373,0.028591692447662354,0,official_fusion,4,camdeep,0,official_fusion,0,official_fusion
606,1.0,1.0,0.0,0,official_fusion,0,official_fusion,0,official_fusion,0,official_fusion
607,0.8984375,0.9760841727256775,0.07764667272567749,0,official_fusion,0,official_fusion,4,camdeep,0,official_fusion
608,0.27733710408210754,0.27733710408210754,0.0,0,official_fusion,0,official_fusion,0,official_fusion,0,official_fusion
609,1.0,1.0,0.0,0,official_fusion,0,official_fusion,0,official_fusion,0,official_fusion
610,0.5778032541275024,0.7026364803314209,0.12483322620391846,1,cam56,1,cam56,0,official_fusion,0,official_fusion
611,0.35152408480644226,0.5459830164909363,0.19445893168449402,0,official_fusion,2,cam28_1,4,camdeep,0,official_fusion
612,1.0,1.0,0.0,0,official_fusion,0,official_fusion,0,official_fusion,0,official_fusion
613,1.0,1.0,0.0,0,official_fusion,0,official_fusion,0,official_fusion,0,official_fusion
614,0.09647374600172043,0.09647374600172043,0.0,0,official_fusion,0,official_fusion,0,official_fusion,0,official_fusion
615,0.8147122263908386,0.8907246589660645,0.07601243257522583,1,cam56,4,camdeep,0,official_fusion,0,official_fusion
616,0.31386852264404297,0.31386852264404297,0.0,0,official_fusion,0,official_fusion,0,official_fusion,0,official_fusion
617,0.49780771136283875,0.49780771136283875,0.0,0,official_fusion,0,official_fusion,0,official_fusion,0,official_fusion
618,0.29147636890411377,0.297857403755188,0.006381034851074219,0,official_fusion,0,official_fusion,4,camdeep,0,official_fusion
619,0.5970296859741211,0.7428430914878845,0.14581340551376343,4,camdeep,1,cam56,0,official_fusion,0,official_fusion
620,0.34948980808258057,0.34948980808258057,0.0,0,official_fusion,0,official_fusion,0,official_fusion,0,official_fusion
621,0.3330675959587097,0.3874145746231079,0.05434697866439819,0,official_fusion,4,camdeep,0,official_fusion,0,official_fusion
622,1.0,1.0,0.0,0,official_fusion,0,official_fusion,0,official_fusion,0,official_fusion
623,0.6865422129631042,0.8000380396842957,0.1134958267211914,1,cam56,2,cam28_1,0,official_fusion,0,official_fusion
624,1.0,1.0,0.0,0,official_fusion,0,official_fusion,0,official_fusion,0,official_fusion
625,0.45468950271606445,0.45468950271606445,0.0,0,official_fusion,0,official_fusion,0,official_fusion,0,official_fusion
626,0.28295400738716125,0.28295400738716125,0.0,0,official_fusion,0,official_fusion,0,official_fusion,0,official_fusion
627,1.0,1.0,0.0,0,official_fusion,0,official_fusion,0,official_fusion,0,official_fusion
628,0.12186465412378311,0.15086153149604797,0.028996877372264862,0,official_fusion,3,cam28_2,4,camdeep,0,official_fusion
629,1.0,1.0,0.0,0,official_fusion,0,official_fusion,0,official_fusion,0,official_fusion
630,0.5576069355010986,0.5962867736816406,0.03867983818054199,2,cam28_1,1,cam56,0,official_fusion,0,official_fusion
631,0.49989038705825806,0.49989038705825806,0.0,0,official_fusion,0,official_fusion,0,official_fusion,0,official_fusion
632,1.0,1.0,0.0,0,official_fusion,0,official_fusion,0,official_fusion,0,official_fusion
633,1.0,1.0,0.0,0,official_fusion,0,official_fusion,0,official_fusion,0,official_fusion
634,1.0,1.0,0.0,0,official_fusion,0,official_fusion,0,official_fusion,0,official_fusion
635,0.31585073471069336,0.3450499176979065,0.029199182987213135,4,camdeep,0,official_fusion,0,official_fusion,3,cam28_2
636,0.49425455927848816,0.7843087911605835,0.29005423188209534,0,official_fusion,3,cam28_2,0,official_fusion,0,official_fusion
637,1.0,1.0,0.0,0,official_fusion,0,official_fusion,0,official_fusion,0,official_fusion
638,0.6423401832580566,0.695332407951355,0.05299222469329834,4,camdeep,3,cam28_2,0,official_fusion,0,official_fusion
639,0.4651359021663666,0.6260122060775757,0.1608763039112091,1,cam56,0,official_fusion,0,official_fusion,0,official_fusion
640,0.7204803824424744,0.7262040376663208,0.0057236552238464355,2,cam28_1,3,cam28_2,0,official_fusion,0,official_fusion
641,0.8142412304878235,0.8336832523345947,0.01944202184677124,0,official_fusion,4,camdeep,0,official_fusion,0,official_fusion
642,0.5159040093421936,0.5162488222122192,0.00034481287002563477,0,official_fusion,1,cam56,0,official_fusion,0,official_fusion
643,0.9875637888908386,0.9875637888908386,0.0,0,official_fusion,0,official_fusion,0,official_fusion,0,official_fusion
644,1.0,1.0,0.0,0,official_fusion,0,official_fusion,0,official_fusion,0,official_fusion
645,0.4791204035282135,0.6171326041221619,0.13801220059394836,4,camdeep,1,cam56,2,cam28_1,0,official_fusion
646,1.0,1.0,0.0,0,official_fusion,0,official_fusion,0,official_fusion,0,official_fusion
647,0.8481943607330322,0.9037786722183228,0.05558431148529053,4,camdeep,1,cam56,0,official_fusion,0,official_fusion
648,1.0,1.0,0.0,0,official_fusion,0,official_fusion,0,official_fusion,0,official_fusion
649,0.4239078462123871,0.4239247441291809,1.6897916793823242e-05,0,official_fusion,1,cam56,0,official_fusion,0,official_fusion
650,0.4986647069454193,0.4986647069454193,0.0,0,official_fusion,0,official_fusion,0,official_fusion,0,official_fusion
651,0.34413444995880127,0.544194221496582,0.20005977153778076,1,cam56,3,cam28_2,0,official_fusion,0,official_fusion
652,0.40801289677619934,0.4594199061393738,0.05140700936317444,0,official_fusion,4,camdeep,4,camdeep,0,official_fusion
653,1.0,1.0,0.0,0,official_fusion,0,official_fusion,0,official_fusion,0,official_fusion
654,0.5742492079734802,0.761108934879303,0.18685972690582275,4,camdeep,1,cam56,0,official_fusion,0,official_fusion
655,0.1399972140789032,0.1399972140789032,0.0,0,official_fusion,0,official_fusion,0,official_fusion,0,official_fusion
656,0.2536870241165161,0.3018050193786621,0.048117995262145996,0,official_fusion,1,cam56,0,official_fusion,0,official_fusion
657,0.318359375,0.413472980260849,0.095113605260849,0,official_fusion,0,official_fusion,3,cam28_2,0,official_fusion
658,0.47596460580825806,0.47596460580825806,0.0,0,official_fusion,0,official_fusion,0,official_fusion,0,official_fusion
659,0.999980092048645,0.999980092048645,0.0,0,official_fusion,0,official_fusion,0,official_fusion,0,official_fusion
660,0.2830595374107361,0.3237176239490509,0.04065808653831482,1,cam56,2,cam28_1,0,official_fusion,0,official_fusion
661,1.0,1.0,0.0,0,official_fusion,0,official_fusion,0,official_fusion,0,official_fusion
662,0.13897082209587097,0.3076969087123871,0.1687260866165161,1,cam56,4,camdeep,0,official_fusion,0,official_fusion
663,0.19352537393569946,0.2933395504951477,0.09981417655944824,0,official_fusion,4,camdeep,3,cam28_2,0,official_fusion
664,1.0,1.0,0.0,0,official_fusion,0,official_fusion,0,official_fusion,0,official_fusion
665,0.22018830478191376,0.22018830478191376,0.0,0,official_fusion,0,official_fusion,0,official_fusion,0,official_fusion
666,1.0,1.0,0.0,0,official_fusion,0,official_fusion,0,official_fusion,0,official_fusion
667,1.0,1.0,0.0,0,official_fusion,0,official_fusion,0,official_fusion,0,official_fusion
668,1.0,1.0,0.0,0,official_fusion,0,official_fusion,0,official_fusion,0,official_fusion
669,0.3547917306423187,0.3703973591327667,0.015605628490447998,0,official_fusion,0,official_fusion,0,official_fusion,4,camdeep
670,0.49272027611732483,0.5163021087646484,0.02358183264732361,0,official_fusion,3,cam28_2,4,camdeep,0,official_fusion
671,0.410494327545166,0.43785008788108826,0.02735576033592224,0,official_fusion,1,cam56,1,cam56,0,official_fusion
672,0.19256217777729034,0.19256217777729034,0.0,0,official_fusion,0,official_fusion,0,official_fusion,0,official_fusion
673,0.4742184579372406,0.694139838218689,0.21992138028144836,4,camdeep,3,cam28_2,0,official_fusion,0,official_fusion
674,0.3456403315067291,0.3584579527378082,0.012817621231079102,0,official_fusion,0,official_fusion,4,camdeep,0,official_fusion
675,1.0,1.0,0.0,0,official_fusion,0,official_fusion,0,official_fusion,0,official_fusion
676,0.4748186469078064,0.4748186469078064,0.0,0,official_fusion,0,official_fusion,0,official_fusion,0,official_fusion
677,0.07393308728933334,0.07393308728933334,0.0,0,official_fusion,0,official_fusion,0,official_fusion,0,official_fusion
678,0.26983293890953064,0.27732694149017334,0.0074940025806427,1,cam56,0,official_fusion,0,official_fusion,0,official_fusion
679,0.9022016525268555,0.9160405397415161,0.013838887214660645,2,cam28_1,4,camdeep,0,official_fusion,0,official_fusion
680,0.8889110088348389,0.8891945481300354,0.0002835392951965332,0,official_fusion,2,cam28_1,0,official_fusion,0,official_fusion
681,0.49019452929496765,0.49019452929496765,0.0,0,official_fusion,0,official_fusion,0,official_fusion,0,official_fusion
682,0.36404165625572205,0.47020068764686584,0.1061590313911438,1,cam56,3,cam28_2,0,official_fusion,0,official_fusion
683,0.4292461574077606,0.445838063955307,0.016591906547546387,2,cam28_1,2,cam28_1,0,official_fusion,0,official_fusion
684,1.0,1.0,0.0,0,official_fusion,0,official_fusion,0,official_fusion,0,official_fusion
685,0.2771659195423126,0.34000104665756226,0.06283512711524963,0,official_fusion,1,cam56,1,cam56,0,official_fusion
686,0.37974491715431213,0.6235818862915039,0.24383696913719177,0,official_fusion,2,cam28_1,4,camdeep,0,official_fusion
687,0.26797354221343994,0.30798059701919556,0.040007054805755615,0,official_fusion,0,official_fusion,1,cam56,0,official_fusion
688,1.0,1.0,0.0,0,official_fusion,0,official_fusion,0,official_fusion,0,official_fusion
689,0.7695518136024475,0.7709894776344299,0.0014376640319824219,3,cam28_2,2,cam28_1,0,official_fusion,0,official_fusion
690,0.39909517765045166,0.39909517765045166,0.0,0,official_fusion,0,official_fusion,0,official_fusion,0,official_fusion
691,0.3642626106739044,0.4102865755558014,0.04602396488189697,2,cam28_1,0,official_fusion,0,official_fusion,1,cam56
692,0.6161888241767883,0.6790818572044373,0.06289303302764893,0,official_fusion,0,official_fusion,3,cam28_2,0,official_fusion
693,0.0049127074889838696,0.005401910748332739,0.0004892032593488693,0,official_fusion,4,camdeep,0,official_fusion,0,official_fusion
694,0.27187633514404297,0.27187633514404297,0.0,0,official_fusion,0,official_fusion,0,official_fusion,0,official_fusion
695,0.7146075367927551,0.7857704758644104,0.07116293907165527,3,cam28_2,2,cam28_1,0,official_fusion,0,official_fusion
696,0.6075997352600098,0.6834284067153931,0.0758286714553833,0,official_fusion,2,cam28_1,4,camdeep,0,official_fusion
697,0.12033892422914505,0.3400332033634186,0.21969428658485413,1,cam56,4,camdeep,0,official_fusion,0,official_fusion
698,0.8826799988746643,0.9319124817848206,0.04923248291015625,3,cam28_2,2,cam28_1,0,official_fusion,0,official_fusion
699,1.0,1.0,0.0,0,official_fusion,0,official_fusion,0,official_fusion,0,official_fusion
700,0.211378812789917,0.3109099268913269,0.09953111410140991,0,official_fusion,0,official_fusion,1,cam56,0,official_fusion
701,1.0,1.0,0.0,0,official_fusion,0,official_fusion,0,official_fusion,0,official_fusion
702,0.16513870656490326,0.1717624068260193,0.006623700261116028,0,official_fusion,0,official_fusion,0,official_fusion,4,camdeep
703,0.2958652079105377,0.2958652079105377,0.0,0,official_fusion,0,official_fusion,0,official_fusion,0,official_fusion
704,0.6096377968788147,0.7893233299255371,0.1796855330467224,0,official_fusion,4,camdeep,2,cam28_1,0,official_fusion
705,0.6665095090866089,0.7086601257324219,0.04215061664581299,4,camdeep,4,camdeep,0,official_fusion,0,official_fusion
706,0.0,0.0006377550889737904,0.0006377550889737904,0,official_fusion,1,cam56,0,official_fusion,0,official_fusion
707,1.0,1.0,0.0,0,official_fusion,0,official_fusion,0,official_fusion,0,official_fusion
708,0.7334781289100647,0.7334781289100647,0.0,0,official_fusion,0,official_fusion,0,official_fusion,0,official_fusion
709,0.34128865599632263,0.34128865599632263,0.0,0,official_fusion,0,official_fusion,0,official_fusion,0,official_fusion
710,0.4721783995628357,0.5428962707519531,0.07071787118911743,0,official_fusion,1,cam56,3,cam28_2,0,official_fusion
711,1.0,1.0,0.0,0,official_fusion,0,official_fusion,0,official_fusion,0,official_fusion
712,0.2914707064628601,0.43599286675453186,0.14452216029167175,0,official_fusion,4,camdeep,3,cam28_2,0,official_fusion
713,1.0,1.0,0.0,0,official_fusion,0,official_fusion,0,official_fusion,0,official_fusion
714,0.5069025158882141,0.5176421403884888,0.010739624500274658,0,official_fusion,0,official_fusion,0,official_fusion,3,cam28_2
715,0.32318904995918274,0.32318904995918274,0.0,0,official_fusion,0,official_fusion,0,official_fusion,0,official_fusion
716,1.0,1.0,0.0,0,official_fusion,0,official_fusion,0,official_fusion,0,official_fusion
717,0.6299118995666504,0.7676091194152832,0.1376972198486328,4,camdeep,3,cam28_2,0,official_fusion,0,official_fusion
718,0.0,0.0,0.0,0,official_fusion,0,official_fusion,0,official_fusion,0,official_fusion
719,1.0,1.0,0.0,0,official_fusion,0,official_fusion,0,official_fusion,0,official_fusion
720,0.9034797549247742,0.9034797549247742,0.0,0,official_fusion,0,official_fusion,0,official_fusion,0,official_fusion
721,0.07888845354318619,0.1636878401041031,0.0847993865609169,0,official_fusion,4,camdeep,3,cam28_2,0,official_fusion
722,0.21053794026374817,0.2344278246164322,0.02388988435268402,1,cam56,0,official_fusion,0,official_fusion,2,cam28_1
723,0.5531708598136902,0.5873278975486755,0.03415703773498535,1,cam56,0,official_fusion,0,official_fusion,2,cam28_1
724,0.39031609892845154,0.39031609892845154,0.0,0,official_fusion,0,official_fusion,0,official_fusion,0,official_fusion
725,0.10259929299354553,0.15746831893920898,0.05486902594566345,4,camdeep,1,cam56,0,official_fusion,0,official_fusion
726,1.0,1.0,0.0,0,official_fusion,0,official_fusion,0,official_fusion,0,official_fusion
727,0.41696229577064514,0.41696229577064514,0.0,0,official_fusion,0,official_fusion,0,official_fusion,0,official_fusion
728,0.3375081419944763,0.462158203125,0.12465006113052368,0,official_fusion,4,camdeep,3,cam28_2,0,official_fusion
729,0.43237802386283875,0.43293023109436035,0.0005522072315216064,0,official_fusion,4,camdeep,0,official_fusion,0,official_fusion
730,0.49745893478393555,0.49745893478393555,0.0,0,official_fusion,0,official_fusion,0,official_fusion,0,official_fusion
731,0.19620934128761292,0.1997767835855484,0.003567442297935486,0,official_fusion,4,camdeep,0,official_fusion,0,official_fusion
732,0.998046875,0.998046875,0.0,0,official_fusion,0,official_fusion,0,official_fusion,0,official_fusion
733,0.3346022069454193,0.3346022069454193,0.0,0,official_fusion,0,official_fusion,0,official_fusion,0,official_fusion
734,0.49940210580825806,0.49940210580825806,0.0,0,official_fusion,0,official_fusion,0,official_fusion,0,official_fusion
735,1.0,1.0,0.0,0,official_fusion,0,official_fusion,0,official_fusion,0,official_fusion
736,1.0,1.0,0.0,0,official_fusion,0,official_fusion,0,official_fusion,0,official_fusion
737,0.7567937970161438,0.9204401969909668,0.163646399974823,1,cam56,4,camdeep,0,official_fusion,0,official_fusion
738,0.4833984375,0.4833984375,0.0,0,official_fusion,0,official_fusion,0,official_fusion,0,official_fusion
739,0.3608298897743225,0.36085864901542664,2.8759241104125977e-05,0,official_fusion,2,cam28_1,0,official_fusion,0,official_fusion
740,0.45870569348335266,0.4684114456176758,0.00970575213432312,0,official_fusion,2,cam28_1,0,official_fusion,0,official_fusion
741,1.0,1.0,0.0,0,official_fusion,0,official_fusion,0,official_fusion,0,official_fusion
742,0.31295841932296753,0.4036732316017151,0.09071481227874756,0,official_fusion,4,camdeep,3,cam28_2,0,official_fusion
743,0.6204928159713745,0.689603328704834,0.06911051273345947,0,official_fusion,2,cam28_1,4,camdeep,0,official_fusion
744,0.33835896849632263,0.5032703876495361,0.1649114191532135,0,official_fusion,1,cam56,0,official_fusion,0,official_fusion
745,1.0,1.0,0.0,0,official_fusion,0,official_fusion,0,official_fusion,0,official_fusion
746,1.0,1.0,0.0,0,official_fusion,0,official_fusion,0,official_fusion,0,official_fusion
747,0.486045777797699,0.5768089890480042,0.09076321125030518,0,official_fusion,1,cam56,4,camdeep,0,official_fusion
748,1.0,1.0,0.0,0,official_fusion,0,official_fusion,0,official_fusion,0,official_fusion
749,0.7645886540412903,0.7743420004844666,0.00975334644317627,0,official_fusion,1,cam56,0,official_fusion,0,official_fusion
750,0.9970105290412903,0.9970105290412903,0.0,0,official_fusion,0,official_fusion,0,official_fusion,0,official_fusion
751,1.0,1.0,0.0,0,official_fusion,0,official_fusion,0,official_fusion,0,official_fusion
752,0.7634009122848511,0.8067813515663147,0.04338043928146362,1,cam56,4,camdeep,0,official_fusion,0,official_fusion
753,0.598426342010498,0.6800574064254761,0.08163106441497803,1,cam56,2,cam28_1,0,official_fusion,0,official_fusion
754,0.1711776852607727,0.35338351130485535,0.18220582604408264,1,cam56,4,camdeep,0,official_fusion,0,official_fusion
755,1.0,1.0,0.0,0,official_fusion,0,official_fusion,0,official_fusion,0,official_fusion
756,0.6524811387062073,0.7122063636779785,0.05972522497177124,0,official_fusion,1,cam56,2,cam28_1,0,official_fusion
757,0.9997209906578064,0.9997209906578064,0.0,0,official_fusion,0,official_fusion,0,official_fusion,0,official_fusion
758,0.5472932457923889,0.6424887776374817,0.09519553184509277,4,camdeep,3,cam28_2,0,official_fusion,0,official_fusion
759,0.19894595444202423,0.3291032314300537,0.13015727698802948,0,official_fusion,1,cam56,0,official_fusion,0,official_fusion
760,0.5530059933662415,0.5641536712646484,0.011147677898406982,2,cam28_1,2,cam28_1,0,official_fusion,0,official_fusion
761,1.0,1.0,0.0,0,official_fusion,0,official_fusion,0,official_fusion,0,official_fusion
762,0.7931481003761292,0.7931481003761292,0.0,0,official_fusion,0,official_fusion,0,official_fusion,0,official_fusion
763,1.0,1.0,0.0,0,official_fusion,0,official_fusion,0,official_fusion,0,official_fusion
764,0.2584303319454193,0.2584303319454193,0.0,0,official_fusion,0,official_fusion,0,official_fusion,0,official_fusion
765,1.0,1.0,0.0,0,official_fusion,0,official_fusion,0,official_fusion,0,official_fusion
766,1.0,1.0,0.0,0,official_fusion,0,official_fusion,0,official_fusion,0,official_fusion
767,0.4487802982330322,0.4488518536090851,7.155537605285645e-05,0,official_fusion,1,cam56,0,official_fusion,0,official_fusion
768,1.0,1.0,0.0,0,official_fusion,0,official_fusion,0,official_fusion,0,official_fusion
769,0.9716199040412903,0.9716199040412903,0.0,0,official_fusion,0,official_fusion,0,official_fusion,0,official_fusion
770,1.0,1.0,0.0,0,official_fusion,0,official_fusion,0,official_fusion,0,official_fusion
771,0.4896763265132904,0.4896763265132904,0.0,0,official_fusion,0,official_fusion,0,official_fusion,0,official_fusion
772,0.7760883569717407,0.8317211270332336,0.05563277006149292,0,official_fusion,1,cam56,0,official_fusion,0,official_fusion
773,0.25924745202064514,0.26293662190437317,0.0036891698837280273,0,official_fusion,4,camdeep,0,official_fusion,0,official_fusion
774,0.1937081515789032,0.1937081515789032,0.0,0,official_fusion,0,official_fusion,0,official_fusion,0,official_fusion
775,0.34670957922935486,0.34893491864204407,0.002225339412689209,0,official_fusion,4,camdeep,0,official_fusion,0,official_fusion
776,0.5125259160995483,0.7170232534408569,0.2044973373413086,4,camdeep,3,cam28_2,0,official_fusion,0,official_fusion
777,0.45244738459587097,0.6284080147743225,0.17596063017845154,1,cam56,4,camdeep,0,official_fusion,0,official_fusion
778,0.9217155575752258,0.9217522740364075,3.6716461181640625e-05,0,official_fusion,1,cam56,0,official_fusion,0,official_fusion
779,0.30917954444885254,0.43404534459114075,0.12486580014228821,0,official_fusion,1,cam56,3,cam28_2,0,official_fusion
780,0.9314413070678711,0.9314413070678711,0.0,0,official_fusion,0,official_fusion,0,official_fusion,0,official_fusion
781,0.2967056930065155,0.38506069779396057,0.08835500478744507,1,cam56,4,camdeep,0,official_fusion,0,official_fusion
782,0.9840162396430969,0.9840162396430969,0.0,0,official_fusion,0,official_fusion,0,official_fusion,0,official_fusion
783,1.0,1.0,0.0,0,official_fusion,0,official_fusion,0,official_fusion,0,official_fusion
784,0.02509167790412903,0.02509167790412903,0.0,0,official_fusion,0,official_fusion,0,official_fusion,0,official_fusion
785,1.0,1.0,0.0,0,official_fusion,0,official_fusion,0,official_fusion,0,official_fusion
786,0.10180117934942245,0.19143569469451904,0.08963451534509659,4,camdeep,0,official_fusion,0,official_fusion,3,cam28_2
787,0.4569515287876129,0.4569515287876129,0.0,0,official_fusion,0,official_fusion,0,official_fusion,0,official_fusion
788,0.7068732976913452,0.7518366575241089,0.04496335983276367,2,cam28_1,0,official_fusion,0,official_fusion,4,camdeep
789,0.4593331515789032,0.4593331515789032,0.0,0,official_fusion,0,official_fusion,0,official_fusion,0,official_fusion
790,0.9998206496238708,0.9998206496238708,0.0,0,official_fusion,0,official_fusion,0,official_fusion,0,official_fusion
791,1.0,1.0,0.0,0,official_fusion,0,official_fusion,0,official_fusion,0,official_fusion
792,1.0,1.0,0.0,0,official_fusion,0,official_fusion,0,official_fusion,0,official_fusion
793,0.31072625517845154,0.3109245300292969,0.00019827485084533691,0,official_fusion,2,cam28_1,0,official_fusion,0,official_fusion
794,1.0,1.0,0.0,0,official_fusion,0,official_fusion,0,official_fusion,0,official_fusion
795,0.7737230658531189,0.8571151494979858,0.08339208364486694,1,cam56,2,cam28_1,0,official_fusion,0,official_fusion
796,0.4653220772743225,0.4653220772743225,0.0,0,official_fusion,0,official_fusion,0,official_fusion,0,official_fusion
797,1.0,1.0,0.0,0,official_fusion,0,official_fusion,0,official_fusion,0,official_fusion
798,0.47589483857154846,0.5556721687316895,0.07977733016014099,0,official_fusion,4,camdeep,0,official_fusion,0,official_fusion
799,0.4744598865509033,0.6021208167076111,0.12766093015670776,0,official_fusion,1,cam56,0,official_fusion,0,official_fusion
800,1.0,1.0,0.0,0,official_fusion,0,official_fusion,0,official_fusion,0,official_fusion
801,1.0,1.0,0.0,0,official_fusion,0,official_fusion,0,official_fusion,0,official_fusion
802,0.4464961588382721,0.44675353169441223,0.0002573728561401367,4,camdeep,0,official_fusion,0,official_fusion,2,cam28_1
803,1.0,1.0,0.0,0,official_fusion,0,official_fusion,0,official_fusion,0,official_fusion
804,0.09302902966737747,0.15574103593826294,0.06271200627088547,3,cam28_2,1,cam56,0,official_fusion,0,official_fusion
805,0.8498286008834839,0.850913941860199,0.0010853409767150879,0,official_fusion,4,camdeep,0,official_fusion,0,official_fusion
806,0.9899952411651611,0.9899952411651611,0.0,0,official_fusion,0,official_fusion,0,official_fusion,0,official_fusion
807,0.45623406767845154,0.45623406767845154,0.0,0,official_fusion,0,official_fusion,0,official_fusion,0,official_fusion
808,0.18255740404129028,0.1834641844034195,0.0009067803621292114,0,official_fusion,1,cam56,0,official_fusion,0,official_fusion
809,0.32970330119132996,0.5585529208183289,0.2288496196269989,4,camdeep,3,cam28_2,0,official_fusion,0,official_fusion
810,0.9974489808082581,0.9974489808082581,0.0,0,official_fusion,0,official_fusion,0,official_fusion,0,official_fusion
811,0.5844826102256775,0.5846690535545349,0.00018644332885742188,0,official_fusion,2,cam28_1,0,official_fusion,0,official_fusion
812,0.4329552948474884,0.582125723361969,0.1491704285144806,3,cam28_2,0,official_fusion,0,official_fusion,1,cam56
813,0.9910714030265808,0.9910714030265808,0.0,0,official_fusion,0,official_fusion,0,official_fusion,0,official_fusion
814,1.0,1.0,0.0,0,official_fusion,0,official_fusion,0,official_fusion,0,official_fusion
815,0.1991456151008606,0.229763463139534,0.0306178480386734,0,official_fusion,1,cam56,2,cam28_1,0,official_fusion
816,0.8454490303993225,0.8716135621070862,0.026164531707763672,4,camdeep,2,cam28_1,0,official_fusion,0,official_fusion
817,0.37298959493637085,0.40830451250076294,0.03531491756439209,4,camdeep,1,cam56,0,official_fusion,0,official_fusion
818,1.0,1.0,0.0,0,official_fusion,0,official_fusion,0,official_fusion,0,official_fusion
819,0.4999202787876129,0.4999202787876129,0.0,0,official_fusion,0,official_fusion,0,official_fusion,0,official_fusion
820,0.32535475492477417,0.32535475492477417,0.0,0,official_fusion,0,official_fusion,0,official_fusion,0,official_fusion
821,1.0,1.0,0.0,0,official_fusion,0,official_fusion,0,official_fusion,0,official_fusion
822,0.6625690460205078,0.7441962361335754,0.08162719011306763,1,cam56,3,cam28_2,0,official_fusion,0,official_fusion
823,1.0,1.0,0.0,0,official_fusion,0,official_fusion,0,official_fusion,0,official_fusion
824,0.3810786008834839,0.38689133524894714,0.005812734365463257,0,official_fusion,1,cam56,0,official_fusion,0,official_fusion
825,0.09401573240756989,0.09401573240756989,0.0,0,official_fusion,0,official_fusion,0,official_fusion,0,official_fusion
826,0.33162808418273926,0.3439822793006897,0.01235419511795044,0,official_fusion,2,cam28_1,3,cam28_2,0,official_fusion
827,0.48838090896606445,0.48838090896606445,0.0,0,official_fusion,0,official_fusion,0,official_fusion,0,official_fusion
828,0.9948381781578064,0.9948381781578064,0.0,0,official_fusion,0,official_fusion,0,official_fusion,0,official_fusion
829,0.6691707968711853,0.799443781375885,0.1302729845046997,4,camdeep,3,cam28_2,0,official_fusion,0,official_fusion
830,0.8744021058082581,0.8744021058082581,0.0,0,official_fusion,0,official_fusion,0,official_fusion,0,official_fusion
831,0.6818808317184448,0.7317987084388733,0.04991787672042847,3,cam28_2,1,cam56,0,official_fusion,0,official_fusion
832,0.47186902165412903,0.4770410358905792,0.005172014236450195,0,official_fusion,0,official_fusion,4,camdeep,0,official_fusion
833,1.0,1.0,0.0,0,official_fusion,0,official_fusion,0,official_fusion,0,official_fusion
834,1.0,1.0,0.0,0,official_fusion,0,official_fusion,0,official_fusion,0,official_fusion
835,0.5640484094619751,0.5908406376838684,0.02679222822189331,4,camdeep,0,official_fusion,0,official_fusion,0,official_fusion
836,0.5513990521430969,0.5821208953857422,0.030721843242645264,0,official_fusion,1,cam56,0,official_fusion,0,official_fusion
837,0.18001727759838104,0.19590291380882263,0.01588563621044159,0,official_fusion,0,official_fusion,1,cam56,0,official_fusion
838,0.26662150025367737,0.2666427493095398,2.1249055862426758e-05,0,official_fusion,2,cam28_1,0,official_fusion,0,official_fusion
839,0.2905971109867096,0.7720822691917419,0.48148515820503235,4,camdeep,3,cam28_2,0,official_fusion,0,official_fusion
840,0.5836265087127686,0.7673302292823792,0.1837037205696106,0,official_fusion,4,camdeep,3,cam28_2,0,official_fusion
841,1.0,1.0,0.0,0,official_fusion,0,official_fusion,0,official_fusion,0,official_fusion
842,0.3922293484210968,0.3922293484210968,0.0,0,official_fusion,0,official_fusion,0,official_fusion,0,official_fusion
843,0.9977678656578064,0.9977678656578064,0.0,0,official_fusion,0,official_fusion,0,official_fusion,0,official_fusion
844,0.38641804456710815,0.5377456545829773,0.15132761001586914,4,camdeep,3,cam28_2,0,official_fusion,0,official_fusion
845,0.4520595967769623,0.4601152539253235,0.008055657148361206,0,official_fusion,3,cam28_2,2,cam28_1,0,official_fusion
846,0.3706752359867096,0.37103015184402466,0.0003549158573150635,0,official_fusion,1,cam56,0,official_fusion,0,official_fusion
847,0.5008800029754639,0.5431132316589355,0.04223322868347168,0,official_fusion,1,cam56,2,cam28_1,0,official_fusion
848,0.35281068086624146,0.5172073245048523,0.16439664363861084,4,camdeep,2,cam28_1,0,official_fusion,0,official_fusion
849,0.20171993970870972,0.20171993970870972,0.0,0,official_fusion,0,official_fusion,0,official_fusion,0,official_fusion
850,1.0,1.0,0.0,0,official_fusion,0,official_fusion,0,official_fusion,0,official_fusion
851,0.4528559446334839,0.4528920650482178,3.612041473388672e-05,0,official_fusion,2,cam28_1,0,official_fusion,0,official_fusion
852,1.0,1.0,0.0,0,official_fusion,0,official_fusion,0,official_fusion,0,official_fusion
853,0.1859654039144516,0.18605439364910126,8.89897346496582e-05,0,official_fusion,1,cam56,0,official_fusion,0,official_fusion
854,0.38190317153930664,0.6273061037063599,0.24540293216705322,0,official_fusion,3,cam28_2,4,camdeep,0,official_fusion
855,0.9050143361091614,0.9050143361091614,0.0,0,official_fusion,0,official_fusion,0,official_fusion,0,official_fusion
856,0.7950680255889893,0.8882961869239807,0.09322816133499146,3,cam28_2,1,cam56,0,official_fusion,0,official_fusion
857,1.0,1.0,0.0,0,official_fusion,0,official_fusion,0,official_fusion,0,official_fusion
858,1.0,1.0,0.0,0,official_fusion,0,official_fusion,0,official_fusion,0,official_fusion
859,0.3543460965156555,0.4023071825504303,0.04796108603477478,0,official_fusion,1,cam56,2,cam28_1,0,official_fusion
860,1.0,1.0,0.0,0,official_fusion,0,official_fusion,0,official_fusion,0,official_fusion
861,0.4993124306201935,0.4993124306201935,0.0,0,official_fusion,0,official_fusion,0,official_fusion,0,official_fusion
862,0.47367265820503235,0.476483553647995,0.0028108954429626465,0,official_fusion,1,cam56,0,official_fusion,0,official_fusion
863,0.5903523564338684,0.7758510708808899,0.18549871444702148,1,cam56,0,official_fusion,0,official_fusion,0,official_fusion
864,1.0,1.0,0.0,0,official_fusion,0,official_fusion,0,official_fusion,0,official_fusion
865,1.0,1.0,0.0,0,official_fusion,0,official_fusion,0,official_fusion,0,official_fusion
866,0.4616978168487549,0.5286548733711243,0.06695705652236938,0,official_fusion,4,camdeep,1,cam56,0,official_fusion
867,0.351145476102829,0.43967604637145996,0.08853057026863098,0,official_fusion,1,cam56,2,cam28_1,0,official_fusion
868,1.0,1.0,0.0,0,official_fusion,0,official_fusion,0,official_fusion,0,official_fusion
869,1.0,1.0,0.0,0,official_fusion,0,official_fusion,0,official_fusion,0,official_fusion
870,1.0,1.0,0.0,0,official_fusion,0,official_fusion,0,official_fusion,0,official_fusion
871,0.3067004084587097,0.3067004084587097,0.0,0,official_fusion,0,official_fusion,0,official_fusion,0,official_fusion
872,0.7983962893486023,0.8850955367088318,0.08669924736022949,4,camdeep,0,official_fusion,0,official_fusion,3,cam28_2
873,0.4954061806201935,0.4954061806201935,0.0,0,official_fusion,0,official_fusion,0,official_fusion,0,official_fusion
874,0.45822209119796753,0.6017491817474365,0.143527090549469,3,cam28_2,3,cam28_2,0,official_fusion,0,official_fusion
875,0.890687882900238,0.9599809646606445,0.0692930817604065,3,cam28_2,2,cam28_1,0,official_fusion,0,official_fusion
876,1.0,1.0,0.0,0,official_fusion,0,official_fusion,0,official_fusion,0,official_fusion
877,0.4780871272087097,0.4780871272087097,0.0,0,official_fusion,0,official_fusion,0,official_fusion,0,official_fusion
878,0.2112434208393097,0.3591839373111725,0.1479405164718628,1,cam56,4,camdeep,0,official_fusion,0,official_fusion
879,0.3398537039756775,0.3398604989051819,6.794929504394531e-06,0,official_fusion,2,cam28_1,0,official_fusion,0,official_fusion
880,0.8387532830238342,0.8486707210540771,0.00991743803024292,3,cam28_2,4,camdeep,0,official_fusion,0,official_fusion
881,0.7525396347045898,0.83945232629776,0.08691269159317017,3,cam28_2,1,cam56,0,official_fusion,0,official_fusion
882,0.32723551988601685,0.4284912049770355,0.10125568509101868,0,official_fusion,0,official_fusion,3,cam28_2,0,official_fusion
883,0.741025447845459,0.7941791415214539,0.05315369367599487,2,cam28_1,1,cam56,0,official_fusion,0,official_fusion
884,1.0,1.0,0.0,0,official_fusion,0,official_fusion,0,official_fusion,0,official_fusion
885,0.17493154108524323,0.2551790475845337,0.08024750649929047,0,official_fusion,4,camdeep,1,cam56,0,official_fusion
886,0.6361903548240662,0.7005259990692139,0.0643356442451477,0,official_fusion,1,cam56,2,cam28_1,0,official_fusion
887,0.6672552824020386,0.7319199442863464,0.06466466188430786,0,official_fusion,1,cam56,0,official_fusion,0,official_fusion
888,0.5077409744262695,0.7038766741752625,0.19613569974899292,2,cam28_1,1,cam56,0,official_fusion,0,official_fusion
889,0.7480313777923584,0.7839373350143433,0.03590595722198486,1,cam56,2,cam28_1,0,official_fusion,0,official_fusion
890,0.805952787399292,0.8888999223709106,0.08294713497161865,0,official_fusion,4,camdeep,0,official_fusion,0,official_fusion
891,1.0,1.0,0.0,0,official_fusion,0,official_fusion,0,official_fusion,0,official_fusion
892,0.7259646058082581,0.7259646058082581,0.0,0,official_fusion,0,official_fusion,0,official_fusion,0,official_fusion
893,0.7961668372154236,0.807854413986206,0.01168757677078247,2,cam28_1,2,cam28_1,0,official_fusion,0,official_fusion
894,1.0,1.0,0.0,0,official_fusion,0,official_fusion,0,official_fusion,0,official_fusion
895,0.16368383169174194,0.16368383169174194,0.0,0,official_fusion,0,official_fusion,0,official_fusion,0,official_fusion
896,0.19401705265045166,0.19401705265045166,0.0,0,official_fusion,0,official_fusion,0,official_fusion,0,official_fusion
897,0.18907320499420166,0.2828541100025177,0.09378090500831604,0,official_fusion,4,camdeep,1,cam56,0,official_fusion
898,0.649988055229187,0.9031984210014343,0.2532103657722473,2,cam28_1,4,camdeep,0,official_fusion,0,official_fusion
899,1.0,1.0,0.0,0,official_fusion,0,official_fusion,0,official_fusion,0,official_fusion
900,0.9547592401504517,0.954778254032135,1.901388168334961e-05,0,official_fusion,4,camdeep,0,official_fusion,0,official_fusion
901,0.4073043167591095,0.4073043167591095,0.0,0,official_fusion,0,official_fusion,0,official_fusion,0,official_fusion
902,0.29412469267845154,0.29412469267845154,0.0,0,official_fusion,0,official_fusion,0,official_fusion,0,official_fusion
903,0.48463982343673706,0.5115548968315125,0.02691507339477539,2,cam28_1,4,camdeep,0,official_fusion,0,official_fusion
904,1.0,1.0,0.0,0,official_fusion,0,official_fusion,0,official_fusion,0,official_fusion
905,0.31584158539772034,0.3665609359741211,0.05071935057640076,0,official_fusion,4,camdeep,0,official_fusion,0,official_fusion
906,0.5540497303009033,0.5540608167648315,1.1086463928222656e-05,0,official_fusion,3,cam28_2,0,official_fusion,0,official_fusion
907,0.35104432702064514,0.35104432702064514,0.0,0,official_fusion,0,official_fusion,0,official_fusion,0,official_fusion
908,0.48427534103393555,0.48427534103393555,0.0,0,official_fusion,0,official_fusion,0,official_fusion,0,official_fusion
909,0.51877361536026,0.5774316787719727,0.058658063411712646,3,cam28_2,4,camdeep,0,official_fusion,0,official_fusion
910,0.42412707209587097,0.42412707209587097,0.0,0,official_fusion,0,official_fusion,0,official_fusion,0,official_fusion
911,0.46615639328956604,0.5143369436264038,0.04818055033683777,0,official_fusion,1,cam56,0,official_fusion,0,official_fusion
912,0.48048868775367737,0.6095519661903381,0.12906327843666077,0,official_fusion,4,camdeep,0,official_fusion,0,official_fusion
913,1.0,1.0,0.0,0,official_fusion,0,official_fusion,0,official_fusion,0,official_fusion
914,0.40118780732154846,0.4950798749923706,0.09389206767082214,0,official_fusion,4,camdeep,0,official_fusion,0,official_fusion
915,0.48618319630622864,0.557305097579956,0.07112190127372742,3,cam28_2,4,camdeep,0,official_fusion,0,official_fusion
916,0.2314453125,0.34064775705337524,0.10920244455337524,0,official_fusion,3,cam28_2,0,official_fusion,0,official_fusion
917,0.8106457591056824,0.8898541927337646,0.07920843362808228,3,cam28_2,3,cam28_2,0,official_fusion,0,official_fusion
918,0.5350943207740784,0.5518537759780884,0.01675945520401001,0,official_fusion,4,camdeep,0,official_fusion,0,official_fusion
919,0.506255030632019,0.5587856769561768,0.052530646324157715,4,camdeep,2,cam28_1,0,official_fusion,0,official_fusion
920,0.8461698889732361,0.9186000227928162,0.07243013381958008,4,camdeep,3,cam28_2,0,official_fusion,0,official_fusion
921,0.2938390076160431,0.2938390076160431,0.0,0,official_fusion,0,official_fusion,0,official_fusion,0,official_fusion
922,0.4379076659679413,0.4581848084926605,0.02027714252471924,0,official_fusion,0,official_fusion,4,camdeep,0,official_fusion
923,0.26010313630104065,0.33775800466537476,0.0776548683643341,4,camdeep,1,cam56,0,official_fusion,0,official_fusion
924,0.4919782280921936,0.4919782280921936,0.0,0,official_fusion,0,official_fusion,0,official_fusion,0,official_fusion
925,0.3962046802043915,0.43070873618125916,0.034504055976867676,0,official_fusion,4,camdeep,3,cam28_2,0,official_fusion
926,1.0,1.0,0.0,0,official_fusion,0,official_fusion,0,official_fusion,0,official_fusion
927,0.4585382640361786,0.49895179271698,0.04041352868080139,4,camdeep,3,cam28_2,0,official_fusion,0,official_fusion
928,0.7993277311325073,0.8676685094833374,0.06834077835083008,3,cam28_2,4,camdeep,0,official_fusion,0,official_fusion
929,1.0,1.0,0.0,0,official_fusion,0,official_fusion,0,official_fusion,0,official_fusion
930,0.5696582198143005,0.6447533965110779,0.07509517669677734,0,official_fusion,4,camdeep,1,cam56,0,official_fusion
931,0.4577387571334839,0.4577387571334839,0.0,0,official_fusion,0,official_fusion,0,official_fusion,0,official_fusion
932,0.3677455484867096,0.3714636266231537,0.003718078136444092,0,official_fusion,4,camdeep,0,official_fusion,0,official_fusion
933,0.35984882712364197,0.3732506334781647,0.013401806354522705,4,camdeep,0,official_fusion,0,official_fusion,0,official_fusion
934,0.29657498002052307,0.4871394634246826,0.19056448340415955,1,cam56,4,camdeep,0,official_fusion,0,official_fusion
935,1.0,1.0,0.0,0,official_fusion,0,official_fusion,0,official_fusion,0,official_fusion
936,0.8312637209892273,0.8786008358001709,0.047337114810943604,2,cam28_1,2,cam28_1,0,official_fusion,0,official_fusion
937,0.48524489998817444,0.5144569873809814,0.029212087392807007,0,official_fusion,0,official_fusion,1,cam56,0,official_fusion
938,0.24857169389724731,0.31341150403022766,0.06483981013298035,0,official_fusion,0,official_fusion,1,cam56,0,official_fusion
939,0.4670758843421936,0.4670758843421936,0.0,0,official_fusion,0,official_fusion,0,official_fusion,0,official_fusion
940,1.0,1.0,0.0,0,official_fusion,0,official_fusion,0,official_fusion,0,official_fusion
941,0.08058633655309677,0.08058633655309677,0.0,0,official_fusion,0,official_fusion,0,official_fusion,0,official_fusion
942,1.0,1.0,0.0,0,official_fusion,0,official_fusion,0,official_fusion,0,official_fusion
943,0.25527462363243103,0.3462316691875458,0.09095704555511475,1,cam56,1,cam56,0,official_fusion,0,official_fusion
944,1.0,1.0,0.0,0,official_fusion,0,official_fusion,0,official_fusion,0,official_fusion
945,1.0,1.0,0.0,0,official_fusion,0,official_fusion,0,official_fusion,0,official_fusion
946,0.49418047070503235,0.49418047070503235,0.0,0,official_fusion,0,official_fusion,0,official_fusion,0,official_fusion
947,0.4840362071990967,0.4840362071990967,0.0,0,official_fusion,0,official_fusion,0,official_fusion,0,official_fusion
948,0.2655719518661499,0.29396623373031616,0.02839428186416626,3,cam28_2,0,official_fusion,0,official_fusion,1,cam56
949,0.43647781014442444,0.6027426719665527,0.1662648618221283,4,camdeep,3,cam28_2,0,official_fusion,0,official_fusion
950,0.28177547454833984,0.29311254620552063,0.011337071657180786,0,official_fusion,0,official_fusion,4,camdeep,0,official_fusion
951,0.32523515820503235,0.32523515820503235,0.0,0,official_fusion,0,official_fusion,0,official_fusion,0,official_fusion
952,0.08473510295152664,0.21059612929821014,0.1258610188961029,0,official_fusion,4,camdeep,2,cam28_1,0,official_fusion
953,0.4945491850376129,0.4945491850376129,0.0,0,official_fusion,0,official_fusion,0,official_fusion,0,official_fusion
954,0.31931599974632263,0.31931599974632263,0.0,0,official_fusion,0,official_fusion,0,official_fusion,0,official_fusion
955,0.9996811151504517,0.9996811151504517,0.0,0,official_fusion,0,official_fusion,0,official_fusion,0,official_fusion
956,0.36978834867477417,0.36978834867477417,0.0,0,official_fusion,0,official_fusion,0,official_fusion,0,official_fusion
957,1.0,1.0,0.0,0,official_fusion,0,official_fusion,0,official_fusion,0,official_fusion
958,0.46997568011283875,0.46997568011283875,0.0,0,official_fusion,0,official_fusion,0,official_fusion,0,official_fusion
959,0.22895899415016174,0.4088549017906189,0.17989590764045715,0,official_fusion,4,camdeep,0,official_fusion,0,official_fusion
960,0.4395483136177063,0.6857553124427795,0.24620699882507324,1,cam56,4,camdeep,0,official_fusion,0,official_fusion
961,0.47519731521606445,0.47519731521606445,0.0,0,official_fusion,0,official_fusion,0,official_fusion,0,official_fusion
962,0.34066087007522583,0.34066087007522583,0.0,0,official_fusion,0,official_fusion,0,official_fusion,0,official_fusion
963,0.43455037474632263,0.4725137948989868,0.037963420152664185,0,official_fusion,1,cam56,0,official_fusion,0,official_fusion
964,1.0,1.0,0.0,0,official_fusion,0,official_fusion,0,official_fusion,0,official_fusion
965,1.0,1.0,0.0,0,official_fusion,0,official_fusion,0,official_fusion,0,official_fusion
966,1.0,1.0,0.0,0,official_fusion,0,official_fusion,0,official_fusion,0,official_fusion
967,0.6565969586372375,0.710649311542511,0.05405235290527344,4,camdeep,3,cam28_2,0,official_fusion,0,official_fusion
968,1.0,1.0,0.0,0,official_fusion,0,official_fusion,0,official_fusion,0,official_fusion
969,1.0,1.0,0.0,0,official_fusion,0,official_fusion,0,official_fusion,0,official_fusion
970,1.0,1.0,0.0,0,official_fusion,0,official_fusion,0,official_fusion,0,official_fusion
971,0.9821428656578064,0.9821428656578064,0.0,0,official_fusion,0,official_fusion,0,official_fusion,0,official_fusion
972,1.0,1.0,0.0,0,official_fusion,0,official_fusion,0,official_fusion,0,official_fusion
973,1.0,1.0,0.0,0,official_fusion,0,official_fusion,0,official_fusion,0,official_fusion
974,0.4223274886608124,0.4432651400566101,0.02093765139579773,0,official_fusion,0,official_fusion,0,official_fusion,1,cam56
975,0.35433560609817505,0.42221036553382874,0.06787475943565369,1,cam56,4,camdeep,0,official_fusion,0,official_fusion
976,0.4406108856201172,0.7124816179275513,0.2718707323074341,1,cam56,4,camdeep,0,official_fusion,0,official_fusion
977,0.19333933293819427,0.2591039836406708,0.0657646507024765,4,camdeep,3,cam28_2,0,official_fusion,0,official_fusion
978,0.24485810101032257,0.31739720702171326,0.07253910601139069,0,official_fusion,4,camdeep,0,official_fusion,0,official_fusion
979,0.752044677734375,0.752044677734375,0.0,0,official_fusion,0,official_fusion,0,official_fusion,0,official_fusion
980,0.7466108798980713,0.8343178629875183,0.08770698308944702,0,official_fusion,4,camdeep,2,cam28_1,0,official_fusion
981,1.0,1.0,0.0,0,official_fusion,0,official_fusion,0,official_fusion,0,official_fusion
982,0.6677430272102356,0.6707718372344971,0.0030288100242614746,3,cam28_2,2,cam28_1,0,official_fusion,0,official_fusion
983,0.5198456645011902,0.5410577654838562,0.021212100982666016,1,cam56,1,cam56,0,official_fusion,0,official_fusion
984,0.3206712305545807,0.3206712305545807,0.0,0,official_fusion,0,official_fusion,0,official_fusion,0,official_fusion
985,0.3859347999095917,0.41153353452682495,0.025598734617233276,0,official_fusion,1,cam56,0,official_fusion,0,official_fusion
986,0.7117690443992615,0.8919645547866821,0.18019551038742065,1,cam56,1,cam56,0,official_fusion,0,official_fusion
987,0.3247818648815155,0.46675217151641846,0.14197030663490295,0,official_fusion,3,cam28_2,4,camdeep,0,official_fusion
988,1.0,1.0,0.0,0,official_fusion,0,official_fusion,0,official_fusion,0,official_fusion
989,1.0,1.0,0.0,0,official_fusion,0,official_fusion,0,official_fusion,0,official_fusion
990,0.5152572989463806,0.6054660677909851,0.09020876884460449,0,official_fusion,1,cam56,3,cam28_2,0,official_fusion
991,0.4310128390789032,0.4310128390789032,0.0,0,official_fusion,0,official_fusion,0,official_fusion,0,official_fusion
992,0.39763563871383667,0.39763563871383667,0.0,0,official_fusion,0,official_fusion,0,official_fusion,0,official_fusion
993,0.3883230984210968,0.4002152383327484,0.011892139911651611,0,official_fusion,1,cam56,0,official_fusion,0,official_fusion
994,0.25484296679496765,0.27567246556282043,0.020829498767852783,0,official_fusion,1,cam56,0,official_fusion,0,official_fusion
995,0.22177933156490326,0.22177933156490326,0.0,0,official_fusion,0,official_fusion,0,official_fusion,0,official_fusion
996,0.30424240231513977,0.30424240231513977,0.0,0,official_fusion,0,official_fusion,0,official_fusion,0,official_fusion
997,1.0,1.0,0.0,0,official_fusion,0,official_fusion,0,official_fusion,0,official_fusion
998,0.3032534420490265,0.3197903335094452,0.0165368914604187,0,official_fusion,3,cam28_2,3,cam28_2,0,official_fusion
999,1.0,1.0,0.0,0,official_fusion,0,official_fusion,0,official_fusion,0,official_fusion
1000,0.38987040519714355,0.5243892669677734,0.13451886177062988,0,official_fusion,4,camdeep,3,cam28_2,0,official_fusion
1001,0.4145962595939636,0.464489221572876,0.049892961978912354,2,cam28_1,1,cam56,0,official_fusion,0,official_fusion
1002,1.0,1.0,0.0,0,official_fusion,0,official_fusion,0,official_fusion,0,official_fusion
1003,1.0,1.0,0.0,0,official_fusion,0,official_fusion,0,official_fusion,0,official_fusion
1004,0.3110451102256775,0.3110451102256775,0.0,0,official_fusion,0,official_fusion,0,official_fusion,0,official_fusion
1005,0.46581172943115234,0.5350080728530884,0.06919634342193604,1,cam56,4,camdeep,0,official_fusion,0,official_fusion
1006,0.46682432293891907,0.49325552582740784,0.02643120288848877,0,official_fusion,2,cam28_1,3,cam28_2,0,official_fusion
1007,0.4035281538963318,0.4489932060241699,0.045465052127838135,0,official_fusion,4,camdeep,2,cam28_1,0,official_fusion
1008,0.5546732544898987,0.5940839648246765,0.03941071033477783,0,official_fusion,4,camdeep,1,cam56,0,official_fusion
1009,0.6325331330299377,0.6672757863998413,0.034742653369903564,3,cam28_2,4,camdeep,4,camdeep,0,official_fusion
1010,0.9816246628761292,0.9816246628761292,0.0,0,official_fusion,0,official_fusion,0,official_fusion,0,official_fusion
1011,0.3408701419830322,0.3408701419830322,0.0,0,official_fusion,0,official_fusion,0,official_fusion,0,official_fusion
1012,0.7432897686958313,0.7953004240989685,0.05201065540313721,0,official_fusion,3,cam28_2,4,camdeep,0,official_fusion
1013,0.38994738459587097,0.38994738459587097,0.0,0,official_fusion,0,official_fusion,0,official_fusion,0,official_fusion
1014,0.22708067297935486,0.23081018030643463,0.003729507327079773,0,official_fusion,1,cam56,0,official_fusion,0,official_fusion
1015,0.35654497146606445,0.35654497146606445,0.0,0,official_fusion,0,official_fusion,0,official_fusion,0,official_fusion
1016,0.10938828438520432,0.10938828438520432,0.0,0,official_fusion,0,official_fusion,0,official_fusion,0,official_fusion
1017,0.5274509191513062,0.6412292122840881,0.11377829313278198,0,official_fusion,1,cam56,3,cam28_2,0,official_fusion
1018,1.0,1.0,0.0,0,official_fusion,0,official_fusion,0,official_fusion,0,official_fusion
1019,0.3066936135292053,0.31990715861320496,0.013213545083999634,4,camdeep,0,official_fusion,3,cam28_2,0,official_fusion
1020,0.6174266338348389,0.8116230964660645,0.19419646263122559,4,camdeep,3,cam28_2,0,official_fusion,0,official_fusion
1021,0.48986566066741943,0.4978882074356079,0.008022546768188477,0,official_fusion,3,cam28_2,0,official_fusion,0,official_fusion
1022,1.0,1.0,0.0,0,official_fusion,0,official_fusion,0,official_fusion,0,official_fusion
1023,0.4904436469078064,0.49175071716308594,0.001307070255279541,0,official_fusion,1,cam56,0,official_fusion,0,official_fusion
1024,0.3174160420894623,0.3527182936668396,0.03530225157737732,0,official_fusion,0,official_fusion,0,official_fusion,2,cam28_1
1025,0.6685691475868225,0.6776679158210754,0.00909876823425293,0,official_fusion,2,cam28_1,0,official_fusion,0,official_fusion
1026,0.4431111812591553,0.5023880004882812,0.05927681922912598,0,official_fusion,0,official_fusion,4,camdeep,0,official_fusion
1027,0.10162432491779327,0.21162272989749908,0.10999840497970581,0,official_fusion,4,camdeep,0,official_fusion,0,official_fusion
1028,1.0,1.0,0.0,0,official_fusion,0,official_fusion,0,official_fusion,0,official_fusion
1029,1.0,1.0,0.0,0,official_fusion,0,official_fusion,0,official_fusion,0,official_fusion
1030,1.0,1.0,0.0,0,official_fusion,0,official_fusion,0,official_fusion,0,official_fusion
1031,0.5963222980499268,0.6406339406967163,0.04431164264678955,0,official_fusion,0,official_fusion,0,official_fusion,2,cam28_1
1032,1.0,1.0,0.0,0,official_fusion,0,official_fusion,0,official_fusion,0,official_fusion
1033,0.0857282355427742,0.0857282355427742,0.0,0,official_fusion,0,official_fusion,0,official_fusion,0,official_fusion
1034,0.7227941751480103,0.7408146262168884,0.018020451068878174,2,cam28_1,2,cam28_1,0,official_fusion,0,official_fusion
1035,0.34773558378219604,0.36372342705726624,0.01598784327507019,0,official_fusion,0,official_fusion,4,camdeep,0,official_fusion
1036,0.6303810477256775,0.6311861276626587,0.0008050799369812012,0,official_fusion,4,camdeep,0,official_fusion,0,official_fusion
1037,0.20997443795204163,0.23119163513183594,0.02121719717979431,4,camdeep,0,official_fusion,0,official_fusion,2,cam28_1
1038,1.0,1.0,0.0,0,official_fusion,0,official_fusion,0,official_fusion,0,official_fusion
1039,1.0,1.0,0.0,0,official_fusion,0,official_fusion,0,official_fusion,0,official_fusion
1040,0.28554487228393555,0.5256748795509338,0.2401300072669983,0,official_fusion,1,cam56,0,official_fusion,0,official_fusion
1041,0.8849625587463379,0.8977081775665283,0.01274561882019043,1,cam56,3,cam28_2,0,official_fusion,0,official_fusion
1042,0.3312104642391205,0.44250622391700745,0.11129575967788696,0,official_fusion,1,cam56,4,camdeep,0,official_fusion
1043,0.48056817054748535,0.4990253150463104,0.018457144498825073,2,cam28_1,1,cam56,0,official_fusion,0,official_fusion
1044,0.5819787979125977,0.6395962238311768,0.0576174259185791,0,official_fusion,4,camdeep,3,cam28_2,0,official_fusion
1045,0.37852057814598083,0.4020231068134308,0.02350252866744995,2,cam28_1,3,cam28_2,0,official_fusion,0,official_fusion
1046,1.0,1.0,0.0,0,official_fusion,0,official_fusion,0,official_fusion,0,official_fusion
1047,0.562118649482727,0.5812915563583374,0.01917290687561035,0,official_fusion,0,official_fusion,2,cam28_1,0,official_fusion
1048,0.5986268520355225,0.618374764919281,0.019747912883758545,0,official_fusion,2,cam28_1,2,cam28_1,0,official_fusion
1049,1.0,1.0,0.0,0,official_fusion,0,official_fusion,0,official_fusion,0,official_fusion
1050,0.44631895422935486,0.44631895422935486,0.0,0,official_fusion,0,official_fusion,0,official_fusion,0,official_fusion
1051,1.0,1.0,0.0,0,official_fusion,0,official_fusion,0,official_fusion,0,official_fusion
1052,0.07057158648967743,0.07057158648967743,0.0,0,official_fusion,0,official_fusion,0,official_fusion,0,official_fusion
1053,0.5632658004760742,0.5758292078971863,0.01256340742111206,0,official_fusion,4,camdeep,4,camdeep,0,official_fusion
1054,0.8398445248603821,0.8782633543014526,0.03841882944107056,2,cam28_1,4,camdeep,0,official_fusion,0,official_fusion
1055,0.17870429158210754,0.19844834506511688,0.01974405348300934,0,official_fusion,1,cam56,0,official_fusion,0,official_fusion
1056,0.23787268996238708,0.23787268996238708,0.0,0,official_fusion,0,official_fusion,0,official_fusion,0,official_fusion
1057,0.40970781445503235,0.40970781445503235,0.0,0,official_fusion,0,official_fusion,0,official_fusion,0,official_fusion
1058,0.3862404227256775,0.5129892230033875,0.12674880027770996,0,official_fusion,1,cam56,0,official_fusion,0,official_fusion
1059,0.39189353585243225,0.4331645965576172,0.041271060705184937,0,official_fusion,0,official_fusion,3,cam28_2,0,official_fusion
1060,0.47036856412887573,0.47036856412887573,0.0,0,official_fusion,0,official_fusion,0,official_fusion,0,official_fusion
1061,0.31481418013572693,0.3375110626220703,0.022696882486343384,0,official_fusion,4,camdeep,3,cam28_2,0,official_fusion
1062,0.5856680274009705,0.6371243000030518,0.0514562726020813,0,official_fusion,4,camdeep,4,camdeep,0,official_fusion
1063,0.44916680455207825,0.48591113090515137,0.03674432635307312,4,camdeep,0,official_fusion,0,official_fusion,3,cam28_2
1064,0.9090202450752258,0.9419642686843872,0.03294402360916138,3,cam28_2,4,camdeep,0,official_fusion,0,official_fusion
1065,0.2626288831233978,0.2865884006023407,0.02395951747894287,0,official_fusion,0,official_fusion,0,official_fusion,4,camdeep
1066,0.7108913660049438,0.7215231657028198,0.010631799697875977,3,cam28_2,0,official_fusion,0,official_fusion,0,official_fusion
1067,1.0,1.0,0.0,0,official_fusion,0,official_fusion,0,official_fusion,0,official_fusion
1068,0.34297049045562744,0.4105224013328552,0.06755191087722778,2,cam28_1,4,camdeep,0,official_fusion,0,official_fusion
1069,0.28678053617477417,0.28680339455604553,2.2858381271362305e-05,0,official_fusion,2,cam28_1,0,official_fusion,0,official_fusion
1070,0.35327011346817017,0.47840654850006104,0.12513643503189087,0,official_fusion,1,cam56,0,official_fusion,0,official_fusion
1071,1.0,1.0,0.0,0,official_fusion,0,official_fusion,0,official_fusion,0,official_fusion
1072,0.47330397367477417,0.4733228385448456,1.8864870071411133e-05,0,official_fusion,1,cam56,0,official_fusion,0,official_fusion
1073,1.0,1.0,0.0,0,official_fusion,0,official_fusion,0,official_fusion,0,official_fusion
1074,0.1106213927268982,0.1331218034029007,0.022500410676002502,1,cam56,0,official_fusion,0,official_fusion,2,cam28_1
1075,0.4457908272743225,0.4457908272743225,0.0,0,official_fusion,0,official_fusion,0,official_fusion,0,official_fusion
1076,0.6516146659851074,0.7236154079437256,0.07200074195861816,1,cam56,3,cam28_2,0,official_fusion,0,official_fusion
1077,0.4048224091529846,0.5050690174102783,0.1002466082572937,0,official_fusion,1,cam56,0,official_fusion,0,official_fusion
1078,0.35951924324035645,0.4293270409107208,0.06980779767036438,0,official_fusion,4,camdeep,1,cam56,0,official_fusion
1079,0.4122720956802368,0.4431823492050171,0.030910253524780273,0,official_fusion,1,cam56,1,cam56,0,official_fusion
1080,0.43953409790992737,0.5620533227920532,0.12251922488212585,0,official_fusion,0,official_fusion,4,camdeep,0,official_fusion
1081,0.5782175660133362,0.5953835248947144,0.017165958881378174,3,cam28_2,2,cam28_1,0,official_fusion,0,official_fusion
1082,0.16468696296215057,0.17249777913093567,0.007810816168785095,0,official_fusion,4,camdeep,0,official_fusion,0,official_fusion
1083,0.20567171275615692,0.26787611842155457,0.062204405665397644,0,official_fusion,0,official_fusion,4,camdeep,0,official_fusion
1084,0.6162282824516296,0.7401140332221985,0.12388575077056885,3,cam28_2,3,cam28_2,0,official_fusion,0,official_fusion
1085,0.8230428695678711,0.8791453838348389,0.05610251426696777,2,cam28_1,4,camdeep,0,official_fusion,0,official_fusion
1086,0.2925170063972473,0.31464383006095886,0.022126823663711548,0,official_fusion,0,official_fusion,1,cam56,0,official_fusion
1087,0.3319447934627533,0.4787118434906006,0.1467670500278473,1,cam56,4,camdeep,0,official_fusion,0,official_fusion
1088,1.0,1.0,0.0,0,official_fusion,0,official_fusion,0,official_fusion,0,official_fusion
1089,0.507241427898407,0.5193991661071777,0.012157738208770752,0,official_fusion,0,official_fusion,2,cam28_1,0,official_fusion
1090,0.281660795211792,0.3448898494243622,0.06322905421257019,1,cam56,4,camdeep,0,official_fusion,0,official_fusion
1091,0.3341936469078064,0.3341936469078064,0.0,0,official_fusion,0,official_fusion,0,official_fusion,0,official_fusion
1092,0.6224543452262878,0.6338297724723816,0.01137542724609375,3,cam28_2,2,cam28_1,0,official_fusion,0,official_fusion
1093,0.3437933921813965,0.4256221055984497,0.08182871341705322,4,camdeep,3,cam28_2,0,official_fusion,0,official_fusion
1094,0.24877960979938507,0.2837486267089844,0.034969016909599304,0,official_fusion,3,cam28_2,0,official_fusion,0,official_fusion
1095,1.0,1.0,0.0,0,official_fusion,0,official_fusion,0,official_fusion,0,official_fusion
1096,0.4999202787876129,0.4999202787876129,0.0,0,official_fusion,0,official_fusion,0,official_fusion,0,official_fusion
1097,0.011495454236865044,0.013309982605278492,0.0018145283684134483,2,cam28_1,2,cam28_1,0,official_fusion,0,official_fusion
1098,0.4934231638908386,0.4934231638908386,0.0,0,official_fusion,0,official_fusion,0,official_fusion,0,official_fusion
1099,0.4944993555545807,0.4944993555545807,0.0,0,official_fusion,0,official_fusion,0,official_fusion,0,official_fusion
1100,0.4573102593421936,0.4573102593421936,0.0,0,official_fusion,0,official_fusion,0,official_fusion,0,official_fusion
1101,0.4014095067977905,0.4087808132171631,0.007371306419372559,2,cam28_1,2,cam28_1,0,official_fusion,0,official_fusion
1102,0.4455236792564392,0.5668146014213562,0.12129092216491699,2,cam28_1,4,camdeep,0,official_fusion,0,official_fusion
1103,1.0,1.0,0.0,0,official_fusion,0,official_fusion,0,official_fusion,0,official_fusion
1104,1.0,1.0,0.0,0,official_fusion,0,official_fusion,0,official_fusion,0,official_fusion
1105,0.13242386281490326,0.13360092043876648,0.0011770576238632202,0,official_fusion,1,cam56,0,official_fusion,0,official_fusion
1106,1.0,1.0,0.0,0,official_fusion,0,official_fusion,0,official_fusion,0,official_fusion
1107,0.9999203085899353,0.9999203085899353,0.0,0,official_fusion,0,official_fusion,0,official_fusion,0,official_fusion
1108,1.0,1.0,0.0,0,official_fusion,0,official_fusion,0,official_fusion,0,official_fusion
1109,0.4733593165874481,0.4757678508758545,0.002408534288406372,0,official_fusion,0,official_fusion,3,cam28_2,0,official_fusion
1110,0.4986049234867096,0.4986049234867096,0.0,0,official_fusion,0,official_fusion,0,official_fusion,0,official_fusion
1111,0.8931760191917419,0.8932472467422485,7.12275505065918e-05,0,official_fusion,2,cam28_1,0,official_fusion,0,official_fusion
1112,0.32167768478393555,0.32167768478393555,0.0,0,official_fusion,0,official_fusion,0,official_fusion,0,official_fusion
1113,0.4001116156578064,0.4001116156578064,0.0,0,official_fusion,0,official_fusion,0,official_fusion,0,official_fusion
1114,0.3189373314380646,0.3239365220069885,0.00499919056892395,0,official_fusion,2,cam28_1,0,official_fusion,0,official_fusion
1115,0.15421715378761292,0.17573153972625732,0.02151438593864441,0,official_fusion,4,camdeep,0,official_fusion,0,official_fusion
1116,1.0,1.0,0.0,0,official_fusion,0,official_fusion,0,official_fusion,0,official_fusion
1117,0.7162021398544312,0.8412889838218689,0.12508684396743774,1,cam56,1,cam56,0,official_fusion,0,official_fusion
1118,0.09608843177556992,0.09635791927576065,0.00026948750019073486,0,official_fusion,1,cam56,0,official_fusion,0,official_fusion
1119,0.5830584168434143,0.7487595081329346,0.16570109128952026,1,cam56,4,camdeep,0,official_fusion,0,official_fusion
1120,1.0,1.0,0.0,0,official_fusion,0,official_fusion,0,official_fusion,0,official_fusion
1121,0.28664103150367737,0.28664103150367737,0.0,0,official_fusion,0,official_fusion,0,official_fusion,0,official_fusion
1122,0.4958346486091614,0.4958346486091614,0.0,0,official_fusion,0,official_fusion,0,official_fusion,0,official_fusion
1123,0.4868064522743225,0.4868064522743225,0.0,0,official_fusion,0,official_fusion,0,official_fusion,0,official_fusion
1124,1.0,1.0,0.0,0,official_fusion,0,official_fusion,0,official_fusion,0,official_fusion
1125,1.0,1.0,0.0,0,official_fusion,0,official_fusion,0,official_fusion,0,official_fusion
1126,0.10214046388864517,0.4156568944454193,0.31351643800735474,0,official_fusion,4,camdeep,3,cam28_2,0,official_fusion
1127,0.33138373494148254,0.4014589786529541,0.07007524371147156,0,official_fusion,0,official_fusion,0,official_fusion,4,camdeep
1128,0.4442462623119354,0.4442462623119354,0.0,0,official_fusion,0,official_fusion,0,official_fusion,0,official_fusion
1129,0.4639967381954193,0.4639967381954193,0.0,0,official_fusion,0,official_fusion,0,official_fusion,0,official_fusion
1130,0.06699810922145844,0.07865671068429947,0.011658601462841034,0,official_fusion,1,cam56,0,official_fusion,0,official_fusion
1131,0.09031210094690323,0.09031210094690323,0.0,0,official_fusion,0,official_fusion,0,official_fusion,0,official_fusion
1132,0.08615825325250626,0.1925746202468872,0.10641636699438095,0,official_fusion,4,camdeep,3,cam28_2,0,official_fusion
1133,0.287992924451828,0.287992924451828,0.0,0,official_fusion,0,official_fusion,0,official_fusion,0,official_fusion
1134,0.33224382996559143,0.33224382996559143,0.0,0,official_fusion,0,official_fusion,0,official_fusion,0,official_fusion
1135,0.12822863459587097,0.308872252702713,0.18064361810684204,0,official_fusion,0,official_fusion,0,official_fusion,4,camdeep
1136,0.4917789399623871,0.4917789399623871,0.0,0,official_fusion,0,official_fusion,0,official_fusion,0,official_fusion
1137,1.0,1.0,0.0,0,official_fusion,0,official_fusion,0,official_fusion,0,official_fusion
1138,1.0,1.0,0.0,0,official_fusion,0,official_fusion,0,official_fusion,0,official_fusion
1139,0.35634565353393555,0.360019326210022,0.0036736726760864258,0,official_fusion,4,camdeep,0,official_fusion,0,official_fusion
1140,0.3513878285884857,0.3878498375415802,0.03646200895309448,0,official_fusion,4,camdeep,1,cam56,0,official_fusion
1141,0.774447500705719,0.7903597354888916,0.015912234783172607,3,cam28_2,0,official_fusion,0,official_fusion,0,official_fusion
1142,0.5516202449798584,0.6038424968719482,0.052222251892089844,0,official_fusion,4,camdeep,3,cam28_2,0,official_fusion
1143,1.0,1.0,0.0,0,official_fusion,0,official_fusion,0,official_fusion,0,official_fusion
1144,0.9970703125,0.9970703125,0.0,0,official_fusion,0,official_fusion,0,official_fusion,0,official_fusion
1145,0.4986746609210968,0.4986746609210968,0.0,0,official_fusion,0,official_fusion,0,official_fusion,0,official_fusion
1146,0.34649035334587097,0.34649035334587097,0.0,0,official_fusion,0,official_fusion,0,official_fusion,0,official_fusion
1147,0.8981250524520874,0.9151584506034851,0.017033398151397705,4,camdeep,1,cam56,0,official_fusion,0,official_fusion
1148,0.8679847121238708,0.9068678021430969,0.038883090019226074,3,cam28_2,4,camdeep,0,official_fusion,0,official_fusion
1149,0.6121523380279541,0.8147433996200562,0.20259106159210205,3,cam28_2,3,cam28_2,0,official_fusion,0,official_fusion
1150,1.0,1.0,0.0,0,official_fusion,0,official_fusion,0,official_fusion,0,official_fusion
1151,0.37690719962120056,0.498699426651001,0.12179222702980042,0,official_fusion,3,cam28_2,4,camdeep,0,official_fusion
1152,0.7216266393661499,0.8076522350311279,0.08602559566497803,0,official_fusion,4,camdeep,0,official_fusion,0,official_fusion
1153,0.4896663725376129,0.4896663725376129,0.0,0,official_fusion,0,official_fusion,0,official_fusion,0,official_fusion
1154,0.7022978663444519,0.7191205620765686,0.0168226957321167,0,official_fusion,3,cam28_2,2,cam28_1,0,official_fusion
1155,0.45384320616722107,0.6044239401817322,0.1505807340145111,1,cam56,3,cam28_2,4,camdeep,0,official_fusion
1156,0.7102200388908386,0.7102483510971069,2.8312206268310547e-05,0,official_fusion,1,cam56,0,official_fusion,0,official_fusion
1157,0.49006497859954834,0.49006497859954834,0.0,0,official_fusion,0,official_fusion,0,official_fusion,0,official_fusion
1158,1.0,1.0,0.0,0,official_fusion,0,official_fusion,0,official_fusion,0,official_fusion
1159,0.41672196984291077,0.4268720746040344,0.010150104761123657,0,official_fusion,2,cam28_1,0,official_fusion,0,official_fusion
1160,0.1803053319454193,0.1803053319454193,0.0,0,official_fusion,0,official_fusion,0,official_fusion,0,official_fusion
1161,0.34174931049346924,0.39922019839286804,0.057470887899398804,0,official_fusion,1,cam56,3,cam28_2,0,official_fusion
1162,1.0,1.0,0.0,0,official_fusion,0,official_fusion,0,official_fusion,0,official_fusion
1163,0.4735431373119354,0.4735431373119354,0.0,0,official_fusion,0,official_fusion,0,official_fusion,0,official_fusion
1164,0.8414381146430969,0.8490186333656311,0.00758051872253418,0,official_fusion,4,camdeep,0,official_fusion,0,official_fusion
1165,0.7275887727737427,0.7521746754646301,0.02458590269088745,1,cam56,0,official_fusion,0,official_fusion,0,official_fusion
1166,0.330716997385025,0.4945346713066101,0.16381767392158508,2,cam28_1,4,camdeep,0,official_fusion,0,official_fusion
1167,0.9269770383834839,0.9269770383834839,0.0,0,official_fusion,0,official_fusion,0,official_fusion,0,official_fusion
1168,0.5510132908821106,0.5712023973464966,0.020189106464385986,0,official_fusion,2,cam28_1,0,official_fusion,0,official_fusion
1169,1.0,1.0,0.0,0,official_fusion,0,official_fusion,0,official_fusion,0,official_fusion
1170,0.8112269043922424,0.8268778324127197,0.015650928020477295,3,cam28_2,2,cam28_1,0,official_fusion,0,official_fusion
1171,0.9855707883834839,0.9855707883834839,0.0,0,official_fusion,0,official_fusion,0,official_fusion,0,official_fusion
1172,0.6342275142669678,0.7935068607330322,0.15927934646606445,3,cam28_2,1,cam56,0,official_fusion,0,official_fusion
1173,0.7609356045722961,0.8022105097770691,0.04127490520477295,2,cam28_1,2,cam28_1,0,official_fusion,0,official_fusion
1174,0.3044084906578064,0.3044084906578064,0.0,0,official_fusion,0,official_fusion,0,official_fusion,0,official_fusion
1175,0.8910582661628723,0.9038711786270142,0.012812912464141846,0,official_fusion,2,cam28_1,2,cam28_1,0,official_fusion
1176,0.45859575271606445,0.45863229036331177,3.653764724731445e-05,0,official_fusion,3,cam28_2,0,official_fusion,0,official_fusion
1177,0.4958844780921936,0.4958844780921936,0.0,0,official_fusion,0,official_fusion,0,official_fusion,0,official_fusion
1178,0.25162094831466675,0.25162094831466675,0.0,0,official_fusion,0,official_fusion,0,official_fusion,0,official_fusion
1179,1.0,1.0,0.0,0,official_fusion,0,official_fusion,0,official_fusion,0,official_fusion
1180,0.4078736901283264,0.45345497131347656,0.045581281185150146,0,official_fusion,1,cam56,1,cam56,0,official_fusion
1181,0.34143969416618347,0.5118209719657898,0.17038127779960632,1,cam56,4,camdeep,0,official_fusion,0,official_fusion
1182,0.7516738772392273,0.7569304704666138,0.005256593227386475,2,cam28_1,2,cam28_1,0,official_fusion,0,official_fusion
1183,1.0,1.0,0.0,0,official_fusion,0,official_fusion,0,official_fusion,0,official_fusion
1184,0.3162800371646881,0.3162800371646881,0.0,0,official_fusion,0,official_fusion,0,official_fusion,0,official_fusion
1185,1.0,1.0,0.0,0,official_fusion,0,official_fusion,0,official_fusion,0,official_fusion
1186,1.0,1.0,0.0,0,official_fusion,0,official_fusion,0,official_fusion,0,official_fusion
1187,0.49065008759498596,0.6247808337211609,0.13413074612617493,0,official_fusion,4,camdeep,1,cam56,0,official_fusion
1188,0.38447821140289307,0.6524209976196289,0.26794278621673584,4,camdeep,3,cam28_2,0,official_fusion,0,official_fusion
1189,1.0,1.0,0.0,0,official_fusion,0,official_fusion,0,official_fusion,0,official_fusion
1190,0.4349747896194458,0.6139941215515137,0.17901933193206787,0,official_fusion,4,camdeep,0,official_fusion,0,official_fusion
1191,1.0,1.0,0.0,0,official_fusion,0,official_fusion,0,official_fusion,0,official_fusion
1192,0.5104609131813049,0.6376320123672485,0.1271710991859436,1,cam56,4,camdeep,0,official_fusion,0,official_fusion
1193,0.0,0.0,0.0,0,official_fusion,0,official_fusion,0,official_fusion,0,official_fusion
1194,0.8223307728767395,0.8462954163551331,0.023964643478393555,0,official_fusion,3,cam28_2,3,cam28_2,0,official_fusion
1195,0.66939377784729,0.7814955115318298,0.1121017336845398,0,official_fusion,4,camdeep,0,official_fusion,0,official_fusion
1196,0.2942044138908386,0.46341654658317566,0.16921213269233704,0,official_fusion,4,camdeep,0,official_fusion,0,official_fusion
1197,0.011667754501104355,0.22450557351112366,0.212837815284729,0,official_fusion,0,official_fusion,0,official_fusion,1,cam56
1198,0.2784292995929718,0.3513251543045044,0.07289585471153259,0,official_fusion,1,cam56,0,official_fusion,1,cam56
1199,0.3540423512458801,0.43566200137138367,0.08161965012550354,0,official_fusion,4,camdeep,4,camdeep,0,official_fusion
1200,0.07540789991617203,0.07540789991617203,0.0,0,official_fusion,0,official_fusion,0,official_fusion,0,official_fusion
1201,1.0,1.0,0.0,0,official_fusion,0,official_fusion,0,official_fusion,0,official_fusion
1202,1.0,1.0,0.0,0,official_fusion,0,official_fusion,0,official_fusion,0,official_fusion
1203,1.0,1.0,0.0,0,official_fusion,0,official_fusion,0,official_fusion,0,official_fusion
1204,0.12086455523967743,0.1212124228477478,0.00034786760807037354,0,official_fusion,0,official_fusion,0,official_fusion,2,cam28_1
1205,0.9323580861091614,0.9578882455825806,0.02553015947341919,0,official_fusion,3,cam28_2,1,cam56,0,official_fusion
1206,0.21987603604793549,0.21987603604793549,0.0,0,official_fusion,0,official_fusion,0,official_fusion,0,official_fusion
1207,1.0,1.0,0.0,0,official_fusion,0,official_fusion,0,official_fusion,0,official_fusion
1208,0.33101484179496765,0.33101484179496765,0.0,0,official_fusion,0,official_fusion,0,official_fusion,0,official_fusion
1209,0.3309650123119354,0.3309650123119354,0.0,0,official_fusion,0,official_fusion,0,official_fusion,0,official_fusion
1210,0.6895782351493835,0.7052568793296814,0.01567864418029785,0,official_fusion,4,camdeep,0,official_fusion,0,official_fusion
1211,0.06280891597270966,0.06280891597270966,0.0,0,official_fusion,0,official_fusion,0,official_fusion,0,official_fusion
1212,1.0,1.0,0.0,0,official_fusion,0,official_fusion,0,official_fusion,0,official_fusion
1213,0.7202048897743225,0.9072265625,0.1870216727256775,1,cam56,4,camdeep,0,official_fusion,0,official_fusion
1214,0.7095157504081726,0.7794286608695984,0.06991291046142578,0,official_fusion,3,cam28_2,0,official_fusion,0,official_fusion
1215,0.3773031532764435,0.39026907086372375,0.012965917587280273,2,cam28_1,2,cam28_1,0,official_fusion,0,official_fusion
1216,0.44103285670280457,0.44368448853492737,0.0026516318321228027,0,official_fusion,0,official_fusion,2,cam28_1,0,official_fusion
1217,0.3189378082752228,0.6524338722229004,0.3334960639476776,1,cam56,4,camdeep,0,official_fusion,0,official_fusion
1218,0.6506383419036865,0.7398375272750854,0.08919918537139893,4,camdeep,4,camdeep,0,official_fusion,0,official_fusion
1219,1.0,1.0,0.0,0,official_fusion,0,official_fusion,0,official_fusion,0,official_fusion
1220,1.0,1.0,0.0,0,official_fusion,0,official_fusion,0,official_fusion,0,official_fusion
1221,0.26678401231765747,0.49174821376800537,0.2249642014503479,0,official_fusion,1,cam56,3,cam28_2,0,official_fusion
1222,1.0,1.0,0.0,0,official_fusion,0,official_fusion,0,official_fusion,0,official_fusion
1223,0.6632652878761292,0.8631218075752258,0.19985651969909668,1,cam56,0,official_fusion,0,official_fusion,1,cam56
1224,0.4658701419830322,0.4658701419830322,0.0,0,official_fusion,0,official_fusion,0,official_fusion,0,official_fusion
1225,1.0,1.0,0.0,0,official_fusion,0,official_fusion,0,official_fusion,0,official_fusion
1226,0.2028459757566452,0.2028459757566452,0.0,0,official_fusion,0,official_fusion,0,official_fusion,0,official_fusion
1227,1.0,1.0,0.0,0,official_fusion,0,official_fusion,0,official_fusion,0,official_fusion
1228,1.0,1.0,0.0,0,official_fusion,0,official_fusion,0,official_fusion,0,official_fusion
1229,0.8834569454193115,0.9245544075965881,0.04109746217727661,2,cam28_1,3,cam28_2,0,official_fusion,0,official_fusion
1230,0.5759159326553345,0.7035300731658936,0.12761414051055908,3,cam28_2,1,cam56,0,official_fusion,0,official_fusion
1231,0.5254436731338501,0.5469539761543274,0.021510303020477295,1,cam56,1,cam56,0,official_fusion,0,official_fusion
1232,1.0,1.0,0.0,0,official_fusion,0,official_fusion,0,official_fusion,0,official_fusion
1233,1.0,1.0,0.0,0,official_fusion,0,official_fusion,0,official_fusion,0,official_fusion
1234,0.3422951102256775,0.34531691670417786,0.003021806478500366,0,official_fusion,1,cam56,0,official_fusion,0,official_fusion
1235,0.5897425413131714,0.6935538053512573,0.10381126403808594,4,camdeep,0,official_fusion,0,official_fusion,0,official_fusion
1236,0.3208373188972473,0.3985000252723694,0.07766270637512207,0,official_fusion,0,official_fusion,1,cam56,0,official_fusion
1237,0.0,0.012451931834220886,0.012451931834220886,0,official_fusion,0,official_fusion,1,cam56,0,official_fusion
1238,0.5412934422492981,0.5516968965530396,0.010403454303741455,2,cam28_1,0,official_fusion,0,official_fusion,4,camdeep
1239,0.4943399131298065,0.4944975972175598,0.0001576840877532959,0,official_fusion,0,official_fusion,3,cam28_2,0,official_fusion
1240,1.0,1.0,0.0,0,official_fusion,0,official_fusion,0,official_fusion,0,official_fusion
1241,0.7340760231018066,0.7523033022880554,0.01822727918624878,0,official_fusion,1,cam56,0,official_fusion,0,official_fusion
1242,1.0,1.0,0.0,0,official_fusion,0,official_fusion,0,official_fusion,0,official_fusion
1243,0.41943359375,0.41943359375,0.0,0,official_fusion,0,official_fusion,0,official_fusion,0,official_fusion
1244,1.0,1.0,0.0,0,official_fusion,0,official_fusion,0,official_fusion,0,official_fusion
1245,1.0,1.0,0.0,0,official_fusion,0,official_fusion,0,official_fusion,0,official_fusion
1246,1.0,1.0,0.0,0,official_fusion,0,official_fusion,0,official_fusion,0,official_fusion
1247,0.3337501287460327,0.47040048241615295,0.13665035367012024,0,official_fusion,0,official_fusion,1,cam56,0,official_fusion
1248,0.2030917853116989,0.2030917853116989,0.0,0,official_fusion,0,official_fusion,0,official_fusion,0,official_fusion
1249,0.4932202100753784,0.64056795835495,0.14734774827957153,4,camdeep,3,cam28_2,0,official_fusion,0,official_fusion
1250,0.42765340209007263,0.5175111889839172,0.0898577868938446,1,cam56,4,camdeep,0,official_fusion,0,official_fusion
1251,0.4180185794830322,0.4180185794830322,0.0,0,official_fusion,0,official_fusion,0,official_fusion,0,official_fusion
1252,1.0,1.0,0.0,0,official_fusion,0,official_fusion,0,official_fusion,0,official_fusion
1253,0.5300157070159912,0.6465683579444885,0.11655265092849731,0,official_fusion,4,camdeep,3,cam28_2,0,official_fusion
1254,1.0,1.0,0.0,0,official_fusion,0,official_fusion,0,official_fusion,0,official_fusion
1255,0.9961734414100647,0.9961734414100647,0.0,0,official_fusion,0,official_fusion,0,official_fusion,0,official_fusion
1256,1.0,1.0,0.0,0,official_fusion,0,official_fusion,0,official_fusion,0,official_fusion
1257,1.0,1.0,0.0,0,official_fusion,0,official_fusion,0,official_fusion,0,official_fusion
1258,0.6745057106018066,0.6745595335960388,5.3822994232177734e-05,0,official_fusion,3,cam28_2,0,official_fusion,0,official_fusion
1259,0.72772216796875,0.8269575238227844,0.09923535585403442,2,cam28_1,4,camdeep,0,official_fusion,0,official_fusion
1260,0.43457651138305664,0.5883679389953613,0.1537914276123047,1,cam56,4,camdeep,0,official_fusion,0,official_fusion
1261,0.18385283648967743,0.22428929805755615,0.04043646156787872,0,official_fusion,1,cam56,0,official_fusion,0,official_fusion
1262,0.32331880927085876,0.3738541007041931,0.05053529143333435,1,cam56,4,camdeep,0,official_fusion,0,official_fusion
1263,0.4115413725376129,0.4115413725376129,0.0,0,official_fusion,0,official_fusion,0,official_fusion,0,official_fusion
1264,0.9996213316917419,0.9996213316917419,0.0,0,official_fusion,0,official_fusion,0,official_fusion,0,official_fusion
1265,1.0,1.0,0.0,0,official_fusion,0,official_fusion,0,official_fusion,0,official_fusion
1266,0.003367749275639653,0.00412415899336338,0.0007564097177237272,2,cam28_1,0,official_fusion,4,camdeep,0,official_fusion
1267,0.11419138312339783,0.11419138312339783,0.0,0,official_fusion,0,official_fusion,0,official_fusion,0,official_fusion
1268,0.12398357689380646,0.12398357689380646,0.0,0,official_fusion,0,official_fusion,0,official_fusion,0,official_fusion
1269,1.0,1.0,0.0,0,official_fusion,0,official_fusion,0,official_fusion,0,official_fusion
1270,0.6820117235183716,0.9342296123504639,0.2522178888320923,1,cam56,3,cam28_2,0,official_fusion,0,official_fusion
1271,0.5745821595191956,0.6550447344779968,0.08046257495880127,4,camdeep,3,cam28_2,0,official_fusion,0,official_fusion
1272,1.0,1.0,0.0,0,official_fusion,0,official_fusion,0,official_fusion,0,official_fusion
1273,0.5279236435890198,0.5710201859474182,0.04309654235839844,0,official_fusion,3,cam28_2,2,cam28_1,0,official_fusion
1274,0.21879982948303223,0.21879982948303223,0.0,0,official_fusion,0,official_fusion,0,official_fusion,0,official_fusion
1275,0.43620213866233826,0.5852721929550171,0.14907005429267883,0,official_fusion,1,cam56,2,cam28_1,0,official_fusion
1276,0.36159589886665344,0.4086976647377014,0.047101765871047974,0,official_fusion,1,cam56,1,cam56,0,official_fusion
1277,0.34983760118484497,0.36924809217453003,0.01941049098968506,0,official_fusion,3,cam28_2,3,cam28_2,0,official_fusion
1278,1.0,1.0,0.0,0,official_fusion,0,official_fusion,0,official_fusion,0,official_fusion
1279,0.5889690518379211,0.661617636680603,0.07264858484268188,3,cam28_2,1,cam56,0,official_fusion,0,official_fusion
1280,0.4557667374610901,0.4688577651977539,0.013091027736663818,2,cam28_1,1,cam56,0,official_fusion,0,official_fusion
1281,0.5714583992958069,0.6361132264137268,0.06465482711791992,2,cam28_1,1,cam56,0,official_fusion,0,official_fusion
1282,0.9805484414100647,0.9805484414100647,0.0,0,official_fusion,0,official_fusion,0,official_fusion,0,official_fusion
1283,1.0,1.0,0.0,0,official_fusion,0,official_fusion,0,official_fusion,0,official_fusion
1284,1.0,1.0,0.0,0,official_fusion,0,official_fusion,0,official_fusion,0,official_fusion
1285,0.2082071155309677,0.2082071155309677,0.0,0,official_fusion,0,official_fusion,0,official_fusion,0,official_fusion
1286,0.2711728811264038,0.3794100284576416,0.10823714733123779,4,camdeep,0,official_fusion,0,official_fusion,3,cam28_2
1287,0.8376438021659851,0.91207355260849,0.07442975044250488,2,cam28_1,1,cam56,0,official_fusion,0,official_fusion
1288,0.44152581691741943,0.44152581691741943,0.0,0,official_fusion,0,official_fusion,0,official_fusion,0,official_fusion
1289,0.7181321978569031,0.8536663055419922,0.1355341076850891,0,official_fusion,2,cam28_1,1,cam56,0,official_fusion
1290,0.0,0.0,0.0,0,official_fusion,0,official_fusion,0,official_fusion,0,official_fusion
1291,0.5760132074356079,0.6774812340736389,0.101468026638031,0,official_fusion,1,cam56,0,official_fusion,0,official_fusion
1292,0.3506631851196289,0.3846614956855774,0.033998310565948486,0,official_fusion,4,camdeep,0,official_fusion,0,official_fusion
1293,0.25622808933258057,0.25623318552970886,5.0961971282958984e-06,0,official_fusion,0,official_fusion,1,cam56,0,official_fusion
1294,0.5791522860527039,0.6946349740028381,0.11548268795013428,0,official_fusion,4,camdeep,0,official_fusion,0,official_fusion
1295,1.0,1.0,0.0,0,official_fusion,0,official_fusion,0,official_fusion,0,official_fusion
1296,0.2661146819591522,0.38811323046684265,0.12199854850769043,0,official_fusion,1,cam56,3,cam28_2,0,official_fusion
1297,0.568379282951355,0.5684667825698853,8.749961853027344e-05,0,official_fusion,3,cam28_2,0,official_fusion,0,official_fusion
1298,0.5932517647743225,0.593263566493988,1.1801719665527344e-05,0,official_fusion,2,cam28_1,0,official_fusion,0,official_fusion
1299,1.0,1.0,0.0,0,official_fusion,0,official_fusion,0,official_fusion,0,official_fusion
1300,1.0,1.0,0.0,0,official_fusion,0,official_fusion,0,official_fusion,0,official_fusion
1301,0.9120321869850159,0.9523907899856567,0.04035860300064087,4,camdeep,1,cam56,0,official_fusion,0,official_fusion
1302,0.40969786047935486,0.40969786047935486,0.0,0,official_fusion,0,official_fusion,0,official_fusion,0,official_fusion
1303,0.6406545042991638,0.6900582909584045,0.04940378665924072,0,official_fusion,3,cam28_2,0,official_fusion,0,official_fusion
1304,0.11063722521066666,0.1431368887424469,0.03249966353178024,0,official_fusion,1,cam56,0,official_fusion,0,official_fusion
1305,0.3370148837566376,0.38827165961265564,0.051256775856018066,0,official_fusion,4,camdeep,0,official_fusion,0,official_fusion
1306,1.0,1.0,0.0,0,official_fusion,0,official_fusion,0,official_fusion,0,official_fusion
1307,0.17855583131313324,0.22375227510929108,0.04519644379615784,0,official_fusion,4,camdeep,0,official_fusion,0,official_fusion
1308,0.999980092048645,0.999980092048645,0.0,0,official_fusion,0,official_fusion,0,official_fusion,0,official_fusion
1309,0.7399154901504517,0.828144907951355,0.08822941780090332,4,camdeep,3,cam28_2,0,official_fusion,0,official_fusion
1310,0.7577186226844788,0.7807933688163757,0.023074746131896973,0,official_fusion,2,cam28_1,0,official_fusion,0,official_fusion
1311,0.2712518572807312,0.5635155439376831,0.2922636866569519,0,official_fusion,0,official_fusion,1,cam56,0,official_fusion
1312,1.0,1.0,0.0,0,official_fusion,0,official_fusion,0,official_fusion,0,official_fusion
1313,0.4402005076408386,0.4402005076408386,0.0,0,official_fusion,0,official_fusion,0,official_fusion,0,official_fusion
1314,0.3595145046710968,0.3595145046710968,0.0,0,official_fusion,0,official_fusion,0,official_fusion,0,official_fusion
1315,0.5336487889289856,0.6838768124580383,0.15022802352905273,0,official_fusion,2,cam28_1,4,camdeep,0,official_fusion
1316,0.3232821822166443,0.3363940417766571,0.013111859560012817,0,official_fusion,2,cam28_1,0,official_fusion,0,official_fusion
1317,0.38007214665412903,0.3800797164440155,7.569789886474609e-06,0,official_fusion,2,cam28_1,0,official_fusion,0,official_fusion
1318,1.0,1.0,0.0,0,official_fusion,0,official_fusion,0,official_fusion,0,official_fusion
1319,0.2800864577293396,0.43989235162734985,0.15980589389801025,1,cam56,2,cam28_1,0,official_fusion,0,official_fusion
1320,0.36916056275367737,0.369189977645874,2.9414892196655273e-05,0,official_fusion,3,cam28_2,0,official_fusion,0,official_fusion
1321,1.0,1.0,0.0,0,official_fusion,0,official_fusion,0,official_fusion,0,official_fusion
1322,0.26935186982154846,0.26935726404190063,5.3942203521728516e-06,0,official_fusion,1,cam56,0,official_fusion,0,official_fusion
1323,0.3160964548587799,0.45930612087249756,0.14320966601371765,0,official_fusion,3,cam28_2,4,camdeep,0,official_fusion
1324,1.0,1.0,0.0,0,official_fusion,0,official_fusion,0,official_fusion,0,official_fusion
1325,0.5256367325782776,0.591590166091919,0.06595343351364136,4,camdeep,3,cam28_2,0,official_fusion,0,official_fusion
1326,0.3373420834541321,0.5109620690345764,0.17361998558044434,0,official_fusion,4,camdeep,3,cam28_2,0,official_fusion
1327,0.03360525891184807,0.03953798860311508,0.0059327296912670135,0,official_fusion,4,camdeep,0,official_fusion,0,official_fusion
1328,1.0,1.0,0.0,0,official_fusion,0,official_fusion,0,official_fusion,0,official_fusion
1329,0.28433912992477417,0.28433912992477417,0.0,0,official_fusion,0,official_fusion,0,official_fusion,0,official_fusion
1330,1.0,1.0,0.0,0,official_fusion,0,official_fusion,0,official_fusion,0,official_fusion
1331,0.17364875972270966,0.17364875972270966,0.0,0,official_fusion,0,official_fusion,0,official_fusion,0,official_fusion
1332,0.3771232068538666,0.40713170170783997,0.03000849485397339,0,official_fusion,0,official_fusion,4,camdeep,0,official_fusion
1333,0.5760233998298645,0.6831445097923279,0.10712110996246338,0,official_fusion,4,camdeep,3,cam28_2,0,official_fusion
1334,0.8973612785339355,0.8973612785339355,0.0,0,official_fusion,0,official_fusion,0,official_fusion,0,official_fusion
1335,1.0,1.0,0.0,0,official_fusion,0,official_fusion,0,official_fusion,0,official_fusion
1336,0.43370336294174194,0.43370336294174194,0.0,0,official_fusion,0,official_fusion,0,official_fusion,0,official_fusion
1337,0.40849569439888,0.5136396884918213,0.10514399409294128,0,official_fusion,4,camdeep,3,cam28_2,0,official_fusion
1338,0.07384008169174194,0.07602183520793915,0.0021817535161972046,0,official_fusion,4,camdeep,0,official_fusion,0,official_fusion
1339,1.0,1.0,0.0,0,official_fusion,0,official_fusion,0,official_fusion,0,official_fusion
1340,0.49920281767845154,0.49920281767845154,0.0,0,official_fusion,0,official_fusion,0,official_fusion,0,official_fusion
1341,0.7190191745758057,0.7444615960121155,0.025442421436309814,2,cam28_1,2,cam28_1,0,official_fusion,0,official_fusion
1342,0.49361249804496765,0.49361249804496765,0.0,0,official_fusion,0,official_fusion,0,official_fusion,0,official_fusion
1343,0.06098533049225807,0.07799755036830902,0.01701221987605095,0,official_fusion,4,camdeep,0,official_fusion,0,official_fusion
1344,0.4614855647087097,0.4614855647087097,0.0,0,official_fusion,0,official_fusion,0,official_fusion,0,official_fusion
1345,0.3258330821990967,0.3258330821990967,0.0,0,official_fusion,0,official_fusion,0,official_fusion,0,official_fusion
1346,0.901765763759613,0.901765763759613,0.0,0,official_fusion,0,official_fusion,0,official_fusion,0,official_fusion
1347,0.47192880511283875,0.47192880511283875,0.0,0,official_fusion,0,official_fusion,0,official_fusion,0,official_fusion
1348,0.6385147571563721,0.6498708724975586,0.011356115341186523,0,official_fusion,3,cam28_2,2,cam28_1,0,official_fusion
1349,0.26311564445495605,0.3571256399154663,0.09400999546051025,0,official_fusion,2,cam28_1,4,camdeep,0,official_fusion
1350,0.44960737228393555,0.44960737228393555,0.0,0,official_fusion,0,official_fusion,0,official_fusion,0,official_fusion
1351,0.46154534816741943,0.46158215403556824,3.680586814880371e-05,0,official_fusion,2,cam28_1,0,official_fusion,0,official_fusion
1352,1.0,1.0,0.0,0,official_fusion,0,official_fusion,0,official_fusion,0,official_fusion
1353,0.4690644443035126,0.5097917914390564,0.04072734713554382,1,cam56,3,cam28_2,0,official_fusion,0,official_fusion
1354,0.5024518370628357,0.5324580669403076,0.030006229877471924,0,official_fusion,3,cam28_2,4,camdeep,0,official_fusion
1355,0.6551651954650879,0.7223247289657593,0.06715953350067139,0,official_fusion,4,camdeep,2,cam28_1,0,official_fusion
1356,0.5267819166183472,0.5851489305496216,0.058367013931274414,0,official_fusion,3,cam28_2,3,cam28_2,0,official_fusion
1357,1.0,1.0,0.0,0,official_fusion,0,official_fusion,0,official_fusion,0,official_fusion
1358,0.34683942794799805,0.3844868540763855,0.03764742612838745,0,official_fusion,3,cam28_2,3,cam28_2,0,official_fusion
1359,0.23946434259414673,0.36063531041145325,0.12117096781730652,0,official_fusion,1,cam56,1,cam56,0,official_fusion
1360,0.22711056470870972,0.22711056470870972,0.0,0,official_fusion,0,official_fusion,0,official_fusion,0,official_fusion
1361,1.0,1.0,0.0,0,official_fusion,0,official_fusion,0,official_fusion,0,official_fusion
1362,0.7228443026542664,0.792400598526001,0.06955629587173462,2,cam28_1,4,camdeep,0,official_fusion,0,official_fusion
1363,0.1578637659549713,0.1578637659549713,0.0,0,official_fusion,0,official_fusion,0,official_fusion,0,official_fusion
1364,0.40706080198287964,0.5644582509994507,0.15739744901657104,1,cam56,4,camdeep,0,official_fusion,0,official_fusion
1365,1.0,1.0,0.0,0,official_fusion,0,official_fusion,0,official_fusion,0,official_fusion
1366,1.0,1.0,0.0,0,official_fusion,0,official_fusion,0,official_fusion,0,official_fusion
1367,0.40171924233436584,0.46566322445869446,0.06394398212432861,0,official_fusion,1,cam56,3,cam28_2,0,official_fusion
1368,0.8174632787704468,0.83741295337677,0.019949674606323242,4,camdeep,0,official_fusion,0,official_fusion,0,official_fusion
1369,0.0,0.0,0.0,0,official_fusion,0,official_fusion,0,official_fusion,0,official_fusion
1370,0.5638802647590637,0.5780770182609558,0.01419675350189209,0,official_fusion,4,camdeep,2,cam28_1,0,official_fusion
1371,0.14548788964748383,0.14671237766742706,0.0012244880199432373,0,official_fusion,4,camdeep,0,official_fusion,0,official_fusion
1372,0.35175183415412903,0.35175183415412903,0.0,0,official_fusion,0,official_fusion,0,official_fusion,0,official_fusion
1373,1.0,1.0,0.0,0,official_fusion,0,official_fusion,0,official_fusion,0,official_fusion
1374,0.5192921161651611,0.5193024277687073,1.0311603546142578e-05,0,official_fusion,2,cam28_1,0,official_fusion,0,official_fusion
1375,0.3452945649623871,0.3452945649623871,0.0,0,official_fusion,0,official_fusion,0,official_fusion,0,official_fusion
1376,0.49765825271606445,0.49765825271606445,0.0,0,official_fusion,0,official_fusion,0,official_fusion,0,official_fusion
1377,0.224609375,0.2390235811471939,0.014414206147193909,0,official_fusion,3,cam28_2,0,official_fusion,0,official_fusion
1378,0.48125597834587097,0.48125597834587097,0.0,0,official_fusion,0,official_fusion,0,official_fusion,0,official_fusion
1379,0.44061902165412903,0.5456374883651733,0.10501846671104431,0,official_fusion,1,cam56,0,official_fusion,0,official_fusion
1380,1.0,1.0,0.0,0,official_fusion,0,official_fusion,0,official_fusion,0,official_fusion
1381,0.2794496715068817,0.3995860517024994,0.12013638019561768,0,official_fusion,1,cam56,0,official_fusion,0,official_fusion
1382,0.25377076864242554,0.48544996976852417,0.23167920112609863,0,official_fusion,3,cam28_2,4,camdeep,0,official_fusion
1383,1.0,1.0,0.0,0,official_fusion,0,official_fusion,0,official_fusion,0,official_fusion
1384,1.0,1.0,0.0,0,official_fusion,0,official_fusion,0,official_fusion,0,official_fusion
1385,0.6872658133506775,0.7332022786140442,0.0459364652633667,0,official_fusion,3,cam28_2,0,official_fusion,0,official_fusion
1386,1.0,1.0,0.0,0,official_fusion,0,official_fusion,0,official_fusion,0,official_fusion
1387,0.4898357689380646,0.4898357689380646,0.0,0,official_fusion,0,official_fusion,0,official_fusion,0,official_fusion
1388,0.3248365819454193,0.3248365819454193,0.0,0,official_fusion,0,official_fusion,0,official_fusion,0,official_fusion
1389,1.0,1.0,0.0,0,official_fusion,0,official_fusion,0,official_fusion,0,official_fusion
1390,0.2420479953289032,0.2420479953289032,0.0,0,official_fusion,0,official_fusion,0,official_fusion,0,official_fusion
1391,0.8015186786651611,0.8015186786651611,0.0,0,official_fusion,0,official_fusion,0,official_fusion,0,official_fusion
1392,1.0,1.0,0.0,0,official_fusion,0,official_fusion,0,official_fusion,0,official_fusion
1393,1.0,1.0,0.0,0,official_fusion,0,official_fusion,0,official_fusion,0,official_fusion
1394,0.6176838278770447,0.7366809844970703,0.11899715662002563,0,official_fusion,0,official_fusion,3,cam28_2,0,official_fusion
1395,0.2570950388908386,0.28488755226135254,0.027792513370513916,0,official_fusion,4,camdeep,0,official_fusion,0,official_fusion
1396,0.27794164419174194,0.27794164419174194,0.0,0,official_fusion,0,official_fusion,0,official_fusion,0,official_fusion
1397,1.0,1.0,0.0,0,official_fusion,0,official_fusion,0,official_fusion,0,official_fusion
1398,0.14980170130729675,0.49147018790245056,0.3416684865951538,1,cam56,4,camdeep,0,official_fusion,0,official_fusion
1399,0.090089350938797,0.16145388782024384,0.07136453688144684,0,official_fusion,4,camdeep,0,official_fusion,3,cam28_2
1400,1.0,1.0,0.0,0,official_fusion,0,official_fusion,0,official_fusion,0,official_fusion
1401,0.2834821343421936,0.38812753558158875,0.10464540123939514,0,official_fusion,1,cam56,0,official_fusion,0,official_fusion
1402,1.0,1.0,0.0,0,official_fusion,0,official_fusion,0,official_fusion,0,official_fusion
1403,0.41066446900367737,0.41066446900367737,0.0,0,official_fusion,0,official_fusion,0,official_fusion,0,official_fusion
1404,0.4854910671710968,0.4854910671710968,0.0,0,official_fusion,0,official_fusion,0,official_fusion,0,official_fusion
1405,0.37372449040412903,0.37372449040412903,0.0,0,official_fusion,0,official_fusion,0,official_fusion,0,official_fusion
1406,0.21061861515045166,0.21061861515045166,0.0,0,official_fusion,0,official_fusion,0,official_fusion,0,official_fusion
1407,0.41108188033103943,0.42491260170936584,0.013830721378326416,0,official_fusion,2,cam28_1,1,cam56,0,official_fusion
1408,0.6925686597824097,0.7462554574012756,0.05368679761886597,0,official_fusion,4,camdeep,0,official_fusion,0,official_fusion
1409,0.2733137607574463,0.32420584559440613,0.05089208483695984,4,camdeep,2,cam28_1,0,official_fusion,0,official_fusion
1410,0.17905783653259277,0.22004029154777527,0.040982455015182495,0,official_fusion,0,official_fusion,4,camdeep,2,cam28_1
1411,0.4486510753631592,0.4486510753631592,0.0,0,official_fusion,0,official_fusion,0,official_fusion,0,official_fusion
1412,0.4143750071525574,0.528586208820343,0.11421120166778564,0,official_fusion,4,camdeep,4,camdeep,0,official_fusion
1413,0.7698628902435303,0.7974041700363159,0.027541279792785645,0,official_fusion,2,cam28_1,4,camdeep,0,official_fusion
1414,0.6988690495491028,0.7573671340942383,0.0584980845451355,3,cam28_2,4,camdeep,0,official_fusion,0,official_fusion
1415,0.4072200059890747,0.45484980940818787,0.04762980341911316,0,official_fusion,0,official_fusion,0,official_fusion,3,cam28_2
1416,0.3524816632270813,0.39984092116355896,0.04735925793647766,2,cam28_1,1,cam56,0,official_fusion,0,official_fusion
1417,0.41244882345199585,0.4318106770515442,0.01936185359954834,4,camdeep,0,official_fusion,0,official_fusion,3,cam28_2
1418,0.4557756781578064,0.455812007188797,3.6329030990600586e-05,0,official_fusion,0,official_fusion,2,cam28_1,0,official_fusion
1419,0.28366756439208984,0.3215808868408203,0.03791332244873047,0,official_fusion,1,cam56,2,cam28_1,0,official_fusion
1420,1.0,1.0,0.0,0,official_fusion,0,official_fusion,0,official_fusion,0,official_fusion
1421,0.47908660769462585,0.5229976177215576,0.04391101002693176,0,official_fusion,4,camdeep,4,camdeep,0,official_fusion
1422,0.10646524280309677,0.108260378241539,0.0017951354384422302,0,official_fusion,4,camdeep,0,official_fusion,0,official_fusion
1423,0.7380087375640869,0.9111730456352234,0.17316430807113647,3,cam28_2,1,cam56,0,official_fusion,0,official_fusion
1424,1.0,1.0,0.0,0,official_fusion,0,official_fusion,0,official_fusion,0,official_fusion
1425,0.48718512058258057,0.4905647039413452,0.0033795833587646484,0,official_fusion,1,cam56,0,official_fusion,0,official_fusion
1426,1.0,1.0,0.0,0,official_fusion,0,official_fusion,0,official_fusion,0,official_fusion
1427,0.7810570597648621,0.8165688514709473,0.035511791706085205,2,cam28_1,0,official_fusion,0,official_fusion,0,official_fusion
1428,0.20615433156490326,0.20615433156490326,0.0,0,official_fusion,0,official_fusion,0,official_fusion,0,official_fusion
1429,0.5942863821983337,0.7347320914268494,0.14044570922851562,1,cam56,4,camdeep,0,official_fusion,0,official_fusion
1430,1.0,1.0,0.0,0,official_fusion,0,official_fusion,0,official_fusion,0,official_fusion
1431,0.0543387271463871,0.0543387271463871,0.0,0,official_fusion,0,official_fusion,0,official_fusion,0,official_fusion
1432,0.7572327256202698,0.7593358755111694,0.002103149890899658,0,official_fusion,2,cam28_1,0,official_fusion,0,official_fusion
1433,0.3672572672367096,0.3672572672367096,0.0,0,official_fusion,0,official_fusion,0,official_fusion,0,official_fusion
1434,0.2344827502965927,0.2714851498603821,0.03700239956378937,0,official_fusion,1,cam56,0,official_fusion,0,official_fusion
1435,1.0,1.0,0.0,0,official_fusion,0,official_fusion,0,official_fusion,0,official_fusion
1436,0.4431002736091614,0.4431002736091614,0.0,0,official_fusion,0,official_fusion,0,official_fusion,0,official_fusion
1437,0.4553639590740204,0.47039201855659485,0.015028059482574463,3,cam28_2,0,official_fusion,0,official_fusion,3,cam28_2
1438,0.5902579426765442,0.7583000659942627,0.1680421233177185,1,cam56,4,camdeep,0,official_fusion,0,official_fusion
1439,1.0,1.0,0.0,0,official_fusion,0,official_fusion,0,official_fusion,0,official_fusion
1440,0.3360561430454254,0.3583826422691345,0.022326499223709106,0,official_fusion,0,official_fusion,1,cam56,0,official_fusion
1441,0.2563244104385376,0.3175230026245117,0.06119859218597412,0,official_fusion,4,camdeep,0,official_fusion,0,official_fusion
1442,1.0,1.0,0.0,0,official_fusion,0,official_fusion,0,official_fusion,0,official_fusion
1443,0.6446768641471863,0.7569280862808228,0.11225122213363647,1,cam56,2,cam28_1,0,official_fusion,0,official_fusion
1444,0.3096047043800354,0.3462013006210327,0.036596596240997314,3,cam28_2,0,official_fusion,0,official_fusion,2,cam28_1
1445,1.0,1.0,0.0,0,official_fusion,0,official_fusion,0,official_fusion,0,official_fusion
1446,1.0,1.0,0.0,0,official_fusion,0,official_fusion,0,official_fusion,0,official_fusion
1447,1.0,1.0,0.0,0,official_fusion,0,official_fusion,0,official_fusion,0,official_fusion
1448,0.30144891142845154,0.3015981614589691,0.00014925003051757812,0,official_fusion,2,cam28_1,0,official_fusion,0,official_fusion
1449,0.5114678144454956,0.5650213956832886,0.05355358123779297,0,official_fusion,4,camdeep,1,cam56,0,official_fusion
1450,0.587734043598175,0.6762449145317078,0.08851087093353271,1,cam56,4,camdeep,0,official_fusion,0,official_fusion
1451,1.0,1.0,0.0,0,official_fusion,0,official_fusion,0,official_fusion,0,official_fusion
1452,0.5986335277557373,0.703351616859436,0.10471808910369873,0,official_fusion,3,cam28_2,3,cam28_2,0,official_fusion
1453,0.49998006224632263,0.49998006224632263,0.0,0,official_fusion,0,official_fusion,0,official_fusion,0,official_fusion
1454,0.5221163630485535,0.6595771312713623,0.13746076822280884,4,camdeep,3,cam28_2,0,official_fusion,0,official_fusion
1455,0.727554202079773,0.7773115634918213,0.04975736141204834,0,official_fusion,2,cam28_1,3,cam28_2,0,official_fusion
1456,0.7230945229530334,0.7989233136177063,0.07582879066467285,4,camdeep,1,cam56,0,official_fusion,0,official_fusion
1457,0.490713894367218,0.599258542060852,0.10854464769363403,0,official_fusion,4,camdeep,2,cam28_1,0,official_fusion
1458,0.48971620202064514,0.48971620202064514,0.0,0,official_fusion,0,official_fusion,0,official_fusion,0,official_fusion
1459,0.38645562529563904,0.4343407452106476,0.047885119915008545,1,cam56,1,cam56,0,official_fusion,0,official_fusion
1460,0.4492885172367096,0.4492885172367096,0.0,0,official_fusion,0,official_fusion,0,official_fusion,0,official_fusion
1461,0.8513233661651611,0.8515949249267578,0.0002715587615966797,0,official_fusion,2,cam28_1,0,official_fusion,0,official_fusion
1462,0.4150390625,0.4150390625,0.0,0,official_fusion,0,official_fusion,0,official_fusion,0,official_fusion
1463,0.6107933521270752,0.7213698029518127,0.11057645082473755,3,cam28_2,4,camdeep,0,official_fusion,0,official_fusion
1464,0.4550950229167938,0.5729609131813049,0.11786589026451111,4,camdeep,4,camdeep,2,cam28_1,0,official_fusion
1465,0.6509214639663696,0.7168137431144714,0.0658922791481018,0,official_fusion,2,cam28_1,4,camdeep,0,official_fusion
1466,0.8923190236091614,0.8923190236091614,0.0,0,official_fusion,0,official_fusion,0,official_fusion,0,official_fusion
1467,0.7950614094734192,0.7950772047042847,1.5795230865478516e-05,0,official_fusion,1,cam56,0,official_fusion,0,official_fusion
1468,1.0,1.0,0.0,0,official_fusion,0,official_fusion,0,official_fusion,0,official_fusion
1469,1.0,1.0,0.0,0,official_fusion,0,official_fusion,0,official_fusion,0,official_fusion
1470,0.817505419254303,0.8845776915550232,0.06707227230072021,0,official_fusion,3,cam28_2,2,cam28_1,0,official_fusion
1471,0.33421313762664795,0.47675061225891113,0.14253747463226318,0,official_fusion,1,cam56,3,cam28_2,0,official_fusion
1472,1.0,1.0,0.0,0,official_fusion,0,official_fusion,0,official_fusion,0,official_fusion
1473,0.27789565920829773,0.2899487316608429,0.012053072452545166,3,cam28_2,3,cam28_2,0,official_fusion,0,official_fusion
1474,0.3940518796443939,0.45026081800460815,0.05620893836021423,1,cam56,2,cam28_1,0,official_fusion,3,cam28_2
1475,0.42469507455825806,0.42469507455825806,0.0,0,official_fusion,0,official_fusion,0,official_fusion,0,official_fusion
1476,0.24952168762683868,0.25048014521598816,0.0009584575891494751,0,official_fusion,0,official_fusion,4,camdeep,0,official_fusion
1477,0.2910918593406677,0.34314408898353577,0.05205222964286804,1,cam56,4,camdeep,0,official_fusion,0,official_fusion
1478,0.40187951922416687,0.42765456438064575,0.025775045156478882,0,official_fusion,2,cam28_1,2,cam28_1,0,official_fusion
1479,0.49918287992477417,0.49918287992477417,0.0,0,official_fusion,0,official_fusion,0,official_fusion,0,official_fusion
1480,0.3593849539756775,0.3593849539756775,0.0,0,official_fusion,0,official_fusion,0,official_fusion,0,official_fusion
1481,0.6300953030586243,0.657895028591156,0.02779972553253174,3,cam28_2,2,cam28_1,0,official_fusion,0,official_fusion
1482,0.4821926951408386,0.4821926951408386,0.0,0,official_fusion,0,official_fusion,0,official_fusion,0,official_fusion
1483,0.4253826439380646,0.4253826439380646,0.0,0,official_fusion,0,official_fusion,0,official_fusion,0,official_fusion
1484,0.5984480977058411,0.6325835585594177,0.03413546085357666,0,official_fusion,4,camdeep,4,camdeep,0,official_fusion
1485,0.2511266767978668,0.3689575791358948,0.11783090233802795,1,cam56,4,camdeep,0,official_fusion,0,official_fusion
1486,1.0,1.0,0.0,0,official_fusion,0,official_fusion,0,official_fusion,0,official_fusion
1487,0.8769132494926453,0.8769482374191284,3.49879264831543e-05,0,official_fusion,1,cam56,0,official_fusion,0,official_fusion
1488,0.347133994102478,0.41915932297706604,0.07202532887458801,0,official_fusion,0,official_fusion,4,camdeep,0,official_fusion
1489,0.2364570051431656,0.2893122136592865,0.05285520851612091,0,official_fusion,1,cam56,4,camdeep,0,official_fusion
1490,0.10837850719690323,0.10838714987039566,8.64267349243164e-06,0,official_fusion,1,cam56,0,official_fusion,0,official_fusion
1491,0.3391772508621216,0.38310977816581726,0.04393252730369568,4,camdeep,2,cam28_1,0,official_fusion,0,official_fusion
1492,0.8321309089660645,0.8321309089660645,0.0,0,official_fusion,0,official_fusion,0,official_fusion,0,official_fusion
1493,0.3059696555137634,0.3059696555137634,0.0,0,official_fusion,0,official_fusion,0,official_fusion,0,official_fusion
1494,0.996113657951355,0.996113657951355,0.0,0,official_fusion,0,official_fusion,0,official_fusion,0,official_fusion
1495,0.4416143298149109,0.5648544430732727,0.12324011325836182,2,cam28_1,3,cam28_2,1,cam56,0,official_fusion
1496,0.7627845406532288,0.9135948419570923,0.15081030130386353,0,official_fusion,3,cam28_2,0,official_fusion,0,official_fusion
1497,0.3288690447807312,0.3288690447807312,0.0,0,official_fusion,0,official_fusion,0,official_fusion,0,official_fusion
1498,0.7956722974777222,0.8596732020378113,0.06400090456008911,2,cam28_1,1,cam56,0,official_fusion,0,official_fusion
1499,0.4995715022087097,0.4995715022087097,0.0,0,official_fusion,0,official_fusion,0,official_fusion,0,official_fusion
1500,0.7550917267799377,0.798873245716095,0.04378151893615723,3,cam28_2,4,camdeep,0,official_fusion,0,official_fusion
1501,0.7977718710899353,0.7977718710899353,0.0,0,official_fusion,0,official_fusion,0,official_fusion,0,official_fusion
1502,0.4825015962123871,0.4825015962123871,0.0,0,official_fusion,0,official_fusion,0,official_fusion,0,official_fusion
1503,0.47347137331962585,0.4809398651123047,0.007468491792678833,0,official_fusion,0,official_fusion,0,official_fusion,4,camdeep
1504,0.5899180173873901,0.654614269733429,0.06469625234603882,2,cam28_1,1,cam56,0,official_fusion,0,official_fusion
1505,0.6461449861526489,0.6642346978187561,0.018089711666107178,0,official_fusion,4,camdeep,4,camdeep,0,official_fusion
1506,0.6330066323280334,0.6625128388404846,0.029506206512451172,2,cam28_1,1,cam56,3,cam28_2,0,official_fusion
1507,0.42615991830825806,0.5367010831832886,0.11054116487503052,0,official_fusion,1,cam56,0,official_fusion,0,official_fusion
1508,1.0,1.0,0.0,0,official_fusion,0,official_fusion,0,official_fusion,0,official_fusion
1509,0.7355309128761292,0.7357655763626099,0.0002346634864807129,0,official_fusion,2,cam28_1,0,official_fusion,0,official_fusion
1510,0.18686224520206451,0.3995037376880646,0.21264149248600006,1,cam56,4,camdeep,0,official_fusion,0,official_fusion
1511,0.27783870697021484,0.30937832593917847,0.03153961896896362,0,official_fusion,1,cam56,2,cam28_1,0,official_fusion
1512,0.6228874325752258,0.6978236436843872,0.07493621110916138,0,official_fusion,4,camdeep,0,official_fusion,3,cam28_2
1513,1.0,1.0,0.0,0,official_fusion,0,official_fusion,0,official_fusion,0,official_fusion
1514,0.38612809777259827,0.4951861798763275,0.10905808210372925,3,cam28_2,4,camdeep,0,official_fusion,0,official_fusion
1515,1.0,1.0,0.0,0,official_fusion,0,official_fusion,0,official_fusion,0,official_fusion
1516,0.4377732276916504,0.45203205943107605,0.01425883173942566,0,official_fusion,4,camdeep,0,official_fusion,0,official_fusion
1517,0.32571229338645935,0.3290206789970398,0.0033083856105804443,3,cam28_2,0,official_fusion,0,official_fusion,3,cam28_2
1518,0.40514227747917175,0.44807904958724976,0.042936772108078,1,cam56,0,official_fusion,0,official_fusion,3,cam28_2
1519,0.41876593232154846,0.41876593232154846,0.0,0,official_fusion,0,official_fusion,0,official_fusion,0,official_fusion
1520,0.8305920958518982,0.9064517617225647,0.0758596658706665,1,cam56,3,cam28_2,0,official_fusion,0,official_fusion
1521,0.9996811151504517,0.9996811151504517,0.0,0,official_fusion,0,official_fusion,0,official_fusion,0,official_fusion
1522,0.4566027522087097,0.4566027522087097,0.0,0,official_fusion,0,official_fusion,0,official_fusion,0,official_fusion
1523,0.9416852593421936,0.9417228102684021,3.7550926208496094e-05,0,official_fusion,1,cam56,0,official_fusion,0,official_fusion
1524,0.4968510866165161,0.7441007494926453,0.24724966287612915,1,cam56,4,camdeep,0,official_fusion,0,official_fusion
1525,0.9053930044174194,0.9053930044174194,0.0,0,official_fusion,0,official_fusion,0,official_fusion,0,official_fusion
1526,1.0,1.0,0.0,0,official_fusion,0,official_fusion,0,official_fusion,0,official_fusion
1527,1.0,1.0,0.0,0,official_fusion,0,official_fusion,0,official_fusion,0,official_fusion
1528,0.49377191066741943,0.49377191066741943,0.0,0,official_fusion,0,official_fusion,0,official_fusion,0,official_fusion
1529,0.4177694618701935,0.43006616830825806,0.012296706438064575,4,camdeep,3,cam28_2,0,official_fusion,0,official_fusion
1530,0.23466083407402039,0.35024499893188477,0.11558416485786438,0,official_fusion,1,cam56,1,cam56,0,official_fusion
1531,0.4659698009490967,0.4659698009490967,0.0,0,official_fusion,0,official_fusion,0,official_fusion,0,official_fusion
1532,0.7993064522743225,0.8083335161209106,0.009027063846588135,0,official_fusion,4,camdeep,0,official_fusion,0,official_fusion
1533,0.24600863456726074,0.28024032711982727,0.03423169255256653,0,official_fusion,2,cam28_1,4,camdeep,0,official_fusion
1534,0.5909398794174194,0.5909398794174194,0.0,0,official_fusion,0,official_fusion,0,official_fusion,0,official_fusion
1535,0.566512942314148,0.6620694994926453,0.09555655717849731,2,cam28_1,4,camdeep,0,official_fusion,0,official_fusion
1536,0.4933035671710968,0.4933035671710968,0.0,0,official_fusion,0,official_fusion,0,official_fusion,0,official_fusion
1537,0.35286763310432434,0.4027426540851593,0.04987502098083496,0,official_fusion,2,cam28_1,1,cam56,0,official_fusion
1538,0.3747563660144806,0.3787263035774231,0.003969937562942505,4,camdeep,0,official_fusion,0,official_fusion,0,official_fusion
1539,1.0,1.0,0.0,0,official_fusion,0,official_fusion,0,official_fusion,0,official_fusion
1540,0.4425944685935974,0.4888763129711151,0.0462818443775177,0,official_fusion,3,cam28_2,4,camdeep,0,official_fusion
1541,0.21619898080825806,0.21619898080825806,0.0,0,official_fusion,0,official_fusion,0,official_fusion,0,official_fusion
1542,0.3397196829319,0.4574434161186218,0.1177237331867218,3,cam28_2,1,cam56,1,cam56,0,official_fusion
1543,1.0,1.0,0.0,0,official_fusion,0,official_fusion,0,official_fusion,0,official_fusion
1544,0.0,0.02935311570763588,0.02935311570763588,0,official_fusion,4,camdeep,0,official_fusion,0,official_fusion
1545,0.4658701419830322,0.4670616090297699,0.001191467046737671,0,official_fusion,4,camdeep,0,official_fusion,0,official_fusion
1546,1.0,1.0,0.0,0,official_fusion,0,official_fusion,0,official_fusion,0,official_fusion
1547,1.0,1.0,0.0,0,official_fusion,0,official_fusion,0,official_fusion,0,official_fusion
1548,0.4488852322101593,0.6132894158363342,0.16440418362617493,2,cam28_1,4,camdeep,0,official_fusion,0,official_fusion
1549,0.3087332546710968,0.3087332546710968,0.0,0,official_fusion,0,official_fusion,0,official_fusion,0,official_fusion
1550,0.34690043330192566,0.3555992543697357,0.008698821067810059,0,official_fusion,3,cam28_2,2,cam28_1,0,official_fusion
1551,0.6143333911895752,0.6472818851470947,0.03294849395751953,0,official_fusion,4,camdeep,2,cam28_1,0,official_fusion
1552,0.6140304207801819,0.6387282609939575,0.024697840213775635,3,cam28_2,2,cam28_1,0,official_fusion,0,official_fusion
1553,0.8076769709587097,0.8077091574668884,3.218650817871094e-05,0,official_fusion,1,cam56,0,official_fusion,0,official_fusion
1554,1.0,1.0,0.0,0,official_fusion,0,official_fusion,0,official_fusion,0,official_fusion
1555,1.0,1.0,0.0,0,official_fusion,0,official_fusion,0,official_fusion,0,official_fusion
1556,1.0,1.0,0.0,0,official_fusion,0,official_fusion,0,official_fusion,0,official_fusion
1557,1.0,1.0,0.0,0,official_fusion,0,official_fusion,0,official_fusion,0,official_fusion
1558,0.40036073327064514,0.40036073327064514,0.0,0,official_fusion,0,official_fusion,0,official_fusion,0,official_fusion
1559,0.7369658946990967,0.7370246648788452,5.8770179748535156e-05,0,official_fusion,3,cam28_2,0,official_fusion,0,official_fusion
1560,0.10825629532337189,0.1689653843641281,0.060709089040756226,0,official_fusion,3,cam28_2,0,official_fusion,0,official_fusion
1561,1.0,1.0,0.0,0,official_fusion,0,official_fusion,0,official_fusion,0,official_fusion
1562,0.3980979919433594,0.5819330811500549,0.18383508920669556,0,official_fusion,4,camdeep,2,cam28_1,0,official_fusion
1563,0.15423709154129028,0.1550394743680954,0.0008023828268051147,0,official_fusion,1,cam56,0,official_fusion,0,official_fusion
1564,0.5598036646842957,0.6128029823303223,0.05299931764602661,2,cam28_1,4,camdeep,0,official_fusion,0,official_fusion
1565,1.0,1.0,0.0,0,official_fusion,0,official_fusion,0,official_fusion,0,official_fusion
1566,1.0,1.0,0.0,0,official_fusion,0,official_fusion,0,official_fusion,0,official_fusion
1567,0.9942004084587097,0.9942004084587097,0.0,0,official_fusion,0,official_fusion,0,official_fusion,0,official_fusion
1568,0.43452760577201843,0.4360056221485138,0.0014780163764953613,0,official_fusion,0,official_fusion,2,cam28_1,0,official_fusion
1569,0.4996512234210968,0.4996512234210968,0.0,0,official_fusion,0,official_fusion,0,official_fusion,0,official_fusion
1570,0.31664684414863586,0.4276532530784607,0.11100640892982483,3,cam28_2,1,cam56,3,cam28_2,0,official_fusion
1571,0.3040231764316559,0.3040231764316559,0.0,0,official_fusion,0,official_fusion,0,official_fusion,0,official_fusion
1572,0.4997807741165161,0.4997807741165161,0.0,0,official_fusion,0,official_fusion,0,official_fusion,0,official_fusion
1573,0.49758729338645935,0.5683443546295166,0.07075706124305725,0,official_fusion,1,cam56,1,cam56,0,official_fusion
1574,0.3295300602912903,0.35411229729652405,0.024582237005233765,0,official_fusion,4,camdeep,0,official_fusion,0,official_fusion
1575,0.5126965641975403,0.5832838416099548,0.07058727741241455,1,cam56,3,cam28_2,0,official_fusion,0,official_fusion
1576,0.0,0.0,0.0,0,official_fusion,0,official_fusion,0,official_fusion,0,official_fusion
1577,0.5260776281356812,0.592078685760498,0.0660010576248169,0,official_fusion,2,cam28_1,3,cam28_2,0,official_fusion
1578,0.41339483857154846,0.41339483857154846,0.0,0,official_fusion,0,official_fusion,0,official_fusion,0,official_fusion
1579,0.4894869923591614,0.4894869923591614,0.0,0,official_fusion,0,official_fusion,0,official_fusion,0,official_fusion
1580,1.0,1.0,0.0,0,official_fusion,0,official_fusion,0,official_fusion,0,official_fusion
1581,0.6961894035339355,0.7196347117424011,0.023445308208465576,0,official_fusion,4,camdeep,0,official_fusion,0,official_fusion
1582,0.4679926633834839,0.4706326127052307,0.002639949321746826,0,official_fusion,3,cam28_2,0,official_fusion,0,official_fusion
1583,1.0,1.0,0.0,0,official_fusion,0,official_fusion,0,official_fusion,0,official_fusion
1584,0.30641916394233704,0.4320196211338043,0.12560045719146729,0,official_fusion,1,cam56,4,camdeep,0,official_fusion
1585,0.7711473703384399,0.8318011164665222,0.060653746128082275,0,official_fusion,3,cam28_2,4,camdeep,0,official_fusion
1586,0.06798192113637924,0.08241045475006104,0.014428533613681793,0,official_fusion,4,camdeep,2,cam28_1,0,official_fusion
1587,0.49759843945503235,0.49759843945503235,0.0,0,official_fusion,0,official_fusion,0,official_fusion,0,official_fusion
1588,0.0,0.0,0.0,0,official_fusion,0,official_fusion,0,official_fusion,0,official_fusion
1589,1.0,1.0,0.0,0,official_fusion,0,official_fusion,0,official_fusion,0,official_fusion
1590,0.46954718232154846,0.46954718232154846,0.0,0,official_fusion,0,official_fusion,0,official_fusion,0,official_fusion
1591,1.0,1.0,0.0,0,official_fusion,0,official_fusion,0,official_fusion,0,official_fusion
1592,0.9815250039100647,0.9815250039100647,0.0,0,official_fusion,0,official_fusion,0,official_fusion,0,official_fusion
1593,0.49878427386283875,0.49878427386283875,0.0,0,official_fusion,0,official_fusion,0,official_fusion,0,official_fusion
1594,1.0,1.0,0.0,0,official_fusion,0,official_fusion,0,official_fusion,0,official_fusion
1595,0.36366987228393555,0.4189850687980652,0.05531519651412964,0,official_fusion,3,cam28_2,0,official_fusion,0,official_fusion
1596,0.3563650846481323,0.3851747214794159,0.02880963683128357,2,cam28_1,0,official_fusion,0,official_fusion,4,camdeep
1597,0.4987543821334839,0.4987543821334839,0.0,0,official_fusion,0,official_fusion,0,official_fusion,0,official_fusion
1598,1.0,1.0,0.0,0,official_fusion,0,official_fusion,0,official_fusion,0,official_fusion
1599,0.6847823262214661,0.7656362056732178,0.08085387945175171,2,cam28_1,1,cam56,0,official_fusion,0,official_fusion
1600,1.0,1.0,0.0,0,official_fusion,0,official_fusion,0,official_fusion,0,official_fusion
1601,0.7312933802604675,0.7362998127937317,0.00500643253326416,3,cam28_2,2,cam28_1,0,official_fusion,0,official_fusion
1602,0.25528213381767273,0.35781148076057434,0.10252934694290161,0,official_fusion,1,cam56,1,cam56,0,official_fusion
1603,0.25779256224632263,0.25779256224632263,0.0,0,official_fusion,0,official_fusion,0,official_fusion,0,official_fusion
1604,1.0,1.0,0.0,0,official_fusion,0,official_fusion,0,official_fusion,0,official_fusion
1605,1.0,1.0,0.0,0,official_fusion,0,official_fusion,0,official_fusion,0,official_fusion
1606,0.4834335744380951,0.5440257787704468,0.060592204332351685,2,cam28_1,4,camdeep,4,camdeep,0,official_fusion
1607,0.7848942279815674,0.8253467082977295,0.04045248031616211,2,cam28_1,1,cam56,0,official_fusion,0,official_fusion
1608,0.6717244982719421,0.7046705484390259,0.03294605016708374,3,cam28_2,0,official_fusion,0,official_fusion,0,official_fusion
1609,0.14416219294071198,0.1527753323316574,0.008613139390945435,0,official_fusion,0,official_fusion,0,official_fusion,3,cam28_2
1610,0.23652802407741547,0.28179115056991577,0.045263126492500305,0,official_fusion,0,official_fusion,4,camdeep,0,official_fusion
1611,0.3882717788219452,0.3887495994567871,0.00047782063484191895,0,official_fusion,0,official_fusion,1,cam56,0,official_fusion
1612,0.0,0.02582908235490322,0.02582908235490322,0,official_fusion,1,cam56,1,cam56,0,official_fusion
1613,0.5185738801956177,0.6659091114997864,0.1473352313041687,2,cam28_1,4,camdeep,0,official_fusion,0,official_fusion
1614,1.0,1.0,0.0,0,official_fusion,0,official_fusion,0,official_fusion,0,official_fusion
1615,1.0,1.0,0.0,0,official_fusion,0,official_fusion,0,official_fusion,0,official_fusion
1616,0.653300404548645,0.6533524394035339,5.2034854888916016e-05,0,official_fusion,2,cam28_1,0,official_fusion,0,official_fusion
1617,1.0,1.0,0.0,0,official_fusion,0,official_fusion,0,official_fusion,0,official_fusion
1618,0.49927255511283875,0.49927255511283875,0.0,0,official_fusion,0,official_fusion,0,official_fusion,0,official_fusion
1619,0.1794682741165161,0.1794682741165161,0.0,0,official_fusion,0,official_fusion,0,official_fusion,0,official_fusion
1620,0.16909122467041016,0.21431967616081238,0.04522845149040222,4,camdeep,0,official_fusion,0,official_fusion,3,cam28_2
1621,0.9487603902816772,0.9487603902816772,0.0,0,official_fusion,0,official_fusion,0,official_fusion,0,official_fusion
1622,0.6783294677734375,0.7241565585136414,0.04582709074020386,0,official_fusion,4,camdeep,4,camdeep,0,official_fusion
1623,0.4517299234867096,0.5815987586975098,0.12986883521080017,0,official_fusion,1,cam56,0,official_fusion,0,official_fusion
1624,0.2784000337123871,0.6288663744926453,0.3504663407802582,4,camdeep,3,cam28_2,0,official_fusion,0,official_fusion
1625,0.42477479577064514,0.42477479577064514,0.0,0,official_fusion,0,official_fusion,0,official_fusion,0,official_fusion
1626,1.0,1.0,0.0,0,official_fusion,0,official_fusion,0,official_fusion,0,official_fusion
1627,0.1229538694024086,0.1229538694024086,0.0,0,official_fusion,0,official_fusion,0,official_fusion,0,official_fusion
1628,0.6996970772743225,0.8854432106018066,0.18574613332748413,0,official_fusion,1,cam56,4,camdeep,0,official_fusion
1629,0.4733799397945404,0.5158137679100037,0.04243382811546326,3,cam28_2,0,official_fusion,0,official_fusion,4,camdeep
1630,1.0,1.0,0.0,0,official_fusion,0,official_fusion,0,official_fusion,0,official_fusion
1631,0.2820565104484558,0.35066840052604675,0.06861189007759094,0,official_fusion,4,camdeep,3,cam28_2,0,official_fusion
1632,0.548747181892395,0.6595960259437561,0.11084884405136108,0,official_fusion,2,cam28_1,3,cam28_2,0,official_fusion
1633,0.4955257475376129,0.4955257475376129,0.0,0,official_fusion,0,official_fusion,0,official_fusion,0,official_fusion
1634,0.3790557384490967,0.3790557384490967,0.0,0,official_fusion,0,official_fusion,0,official_fusion,0,official_fusion
1635,1.0,1.0,0.0,0,official_fusion,0,official_fusion,0,official_fusion,0,official_fusion
1636,0.590478241443634,0.590478241443634,0.0,0,official_fusion,0,official_fusion,0,official_fusion,0,official_fusion
1637,1.0,1.0,0.0,0,official_fusion,0,official_fusion,0,official_fusion,0,official_fusion
1638,1.0,1.0,0.0,0,official_fusion,0,official_fusion,0,official_fusion,0,official_fusion
1639,1.0,1.0,0.0,0,official_fusion,0,official_fusion,0,official_fusion,0,official_fusion
1640,0.4919682741165161,0.4919682741165161,0.0,0,official_fusion,0,official_fusion,0,official_fusion,0,official_fusion
1641,1.0,1.0,0.0,0,official_fusion,0,official_fusion,0,official_fusion,0,official_fusion
1642,0.1779882162809372,0.27485570311546326,0.09686748683452606,0,official_fusion,4,camdeep,2,cam28_1,0,official_fusion
1643,0.33872169256210327,0.3978937268257141,0.05917203426361084,4,camdeep,0,official_fusion,0,official_fusion,0,official_fusion
1644,0.8031130433082581,0.8031130433082581,0.0,0,official_fusion,0,official_fusion,0,official_fusion,0,official_fusion
1645,0.6485969424247742,0.7849171161651611,0.13632017374038696,1,cam56,1,cam56,0,official_fusion,0,official_fusion
1646,0.26038798689842224,0.4818715453147888,0.22148355841636658,3,cam28_2,1,cam56,0,official_fusion,0,official_fusion
1647,0.3310048580169678,0.33172163367271423,0.00071677565574646,0,official_fusion,1,cam56,0,official_fusion,0,official_fusion
1648,0.47073301672935486,0.5115558505058289,0.040822833776474,0,official_fusion,1,cam56,0,official_fusion,0,official_fusion
1649,1.0,1.0,0.0,0,official_fusion,0,official_fusion,0,official_fusion,0,official_fusion
1650,1.0,1.0,0.0,0,official_fusion,0,official_fusion,0,official_fusion,0,official_fusion
1651,0.2645043730735779,0.3168959617614746,0.05239158868789673,0,official_fusion,4,camdeep,1,cam56,0,official_fusion
1652,0.38673722743988037,0.4503002464771271,0.0635630190372467,3,cam28_2,4,camdeep,0,official_fusion,0,official_fusion
1653,1.0,1.0,0.0,0,official_fusion,0,official_fusion,0,official_fusion,0,official_fusion
1654,0.422635555267334,0.5943828821182251,0.1717473268508911,1,cam56,4,camdeep,0,official_fusion,0,official_fusion
1655,0.41087284684181213,0.41087284684181213,0.0,0,official_fusion,0,official_fusion,0,official_fusion,0,official_fusion
1656,0.49633291363716125,0.5018072724342346,0.005474358797073364,0,official_fusion,1,cam56,0,official_fusion,0,official_fusion
1657,0.3718980550765991,0.4078088700771332,0.03591081500053406,1,cam56,1,cam56,0,official_fusion,0,official_fusion
1658,0.4572405219078064,0.4572405219078064,0.0,0,official_fusion,0,official_fusion,0,official_fusion,0,official_fusion
1659,1.0,1.0,0.0,0,official_fusion,0,official_fusion,0,official_fusion,0,official_fusion
1660,0.4875239133834839,0.48756277561187744,3.886222839355469e-05,0,official_fusion,3,cam28_2,0,official_fusion,0,official_fusion
1661,0.16211019456386566,0.27626004815101624,0.11414985358715057,1,cam56,1,cam56,0,official_fusion,0,official_fusion
1662,0.23882146179676056,0.2842309772968292,0.045409515500068665,2,cam28_1,0,official_fusion,0,official_fusion,1,cam56
1663,0.34098994731903076,0.39155298471450806,0.050563037395477295,0,official_fusion,4,camdeep,3,cam28_2,0,official_fusion
1664,0.49723970890045166,0.49723970890045166,0.0,0,official_fusion,0,official_fusion,0,official_fusion,0,official_fusion
1665,1.0,1.0,0.0,0,official_fusion,0,official_fusion,0,official_fusion,0,official_fusion
1666,0.24913305044174194,0.24913305044174194,0.0,0,official_fusion,0,official_fusion,0,official_fusion,0,official_fusion
1667,0.4022939205169678,0.4022939205169678,0.0,0,official_fusion,0,official_fusion,0,official_fusion,0,official_fusion
1668,0.46912866830825806,0.46954619884490967,0.00041753053665161133,0,official_fusion,0,official_fusion,1,cam56,0,official_fusion
1669,1.0,1.0,0.0,0,official_fusion,0,official_fusion,0,official_fusion,0,official_fusion
1670,0.4824783205986023,0.5600322484970093,0.07755392789840698,4,camdeep,3,cam28_2,0,official_fusion,0,official_fusion
1671,1.0,1.0,0.0,0,official_fusion,0,official_fusion,0,official_fusion,0,official_fusion
1672,0.028728874400258064,0.028728874400258064,0.0,0,official_fusion,0,official_fusion,0,official_fusion,0,official_fusion
1673,0.3424704372882843,0.38841912150382996,0.045948684215545654,4,camdeep,1,cam56,0,official_fusion,0,official_fusion
1674,1.0,1.0,0.0,0,official_fusion,0,official_fusion,0,official_fusion,0,official_fusion
1675,1.0,1.0,0.0,0,official_fusion,0,official_fusion,0,official_fusion,0,official_fusion
1676,0.8575015664100647,0.8629252314567566,0.0054236650466918945,0,official_fusion,1,cam56,0,official_fusion,0,official_fusion
1677,1.0,1.0,0.0,0,official_fusion,0,official_fusion,0,official_fusion,0,official_fusion
1678,0.9078443646430969,0.9078443646430969,0.0,0,official_fusion,0,official_fusion,0,official_fusion,0,official_fusion
1679,0.5215154886245728,0.8159438967704773,0.29442840814590454,1,cam56,4,camdeep,0,official_fusion,0,official_fusion
1680,1.0,1.0,0.0,0,official_fusion,0,official_fusion,0,official_fusion,0,official_fusion
1681,1.0,1.0,0.0,0,official_fusion,0,official_fusion,0,official_fusion,0,official_fusion
1682,0.5487246513366699,0.6169905066490173,0.06826585531234741,4,camdeep,0,official_fusion,2,cam28_1,0,official_fusion
1683,0.5216037631034851,0.5389121174812317,0.017308354377746582,0,official_fusion,2,cam28_1,2,cam28_1,0,official_fusion
1684,0.3976702094078064,0.3976702094078064,0.0,0,official_fusion,0,official_fusion,0,official_fusion,0,official_fusion
1685,0.49927255511283875,0.49927255511283875,0.0,0,official_fusion,0,official_fusion,0,official_fusion,0,official_fusion
1686,0.39630669355392456,0.40852031111717224,0.01221361756324768,0,official_fusion,0,official_fusion,4,camdeep,0,official_fusion
1687,0.22114808857440948,0.3345632255077362,0.11341513693332672,0,official_fusion,4,camdeep,3,cam28_2,0,official_fusion
1688,0.7482063174247742,0.748221218585968,1.4901161193847656e-05,0,official_fusion,2,cam28_1,0,official_fusion,0,official_fusion
1689,0.48463234305381775,0.5408995151519775,0.05626717209815979,3,cam28_2,4,camdeep,0,official_fusion,0,official_fusion
1690,0.4650735855102539,0.6695377230644226,0.2044641375541687,2,cam28_1,4,camdeep,0,official_fusion,0,official_fusion
1691,0.3392602801322937,0.4908318519592285,0.15157157182693481,1,cam56,3,cam28_2,0,official_fusion,0,official_fusion
1692,0.3684231638908386,0.3684231638908386,0.0,0,official_fusion,0,official_fusion,0,official_fusion,0,official_fusion
1693,1.0,1.0,0.0,0,official_fusion,0,official_fusion,0,official_fusion,0,official_fusion
1694,0.2508968412876129,0.2508968412876129,0.0,0,official_fusion,0,official_fusion,0,official_fusion,0,official_fusion
1695,1.0,1.0,0.0,0,official_fusion,0,official_fusion,0,official_fusion,0,official_fusion
1696,1.0,1.0,0.0,0,official_fusion,0,official_fusion,0,official_fusion,0,official_fusion
1697,1.0,1.0,0.0,0,official_fusion,0,official_fusion,0,official_fusion,0,official_fusion
1698,0.20627161860466003,0.21482215821743011,0.00855053961277008,0,official_fusion,0,official_fusion,2,cam28_1,0,official_fusion
1699,1.0,1.0,0.0,0,official_fusion,0,official_fusion,0,official_fusion,0,official_fusion
1700,0.4838269352912903,0.4838269352912903,0.0,0,official_fusion,0,official_fusion,0,official_fusion,0,official_fusion
1701,0.2599774897098541,0.28467726707458496,0.024699777364730835,2,cam28_1,1,cam56,0,official_fusion,0,official_fusion
1702,0.4384607672691345,0.6032371520996094,0.16477638483047485,0,official_fusion,4,camdeep,0,official_fusion,0,official_fusion
1703,1.0,1.0,0.0,0,official_fusion,0,official_fusion,0,official_fusion,0,official_fusion
1704,0.3326490819454193,0.3326490819454193,0.0,0,official_fusion,0,official_fusion,0,official_fusion,0,official_fusion
1705,1.0,1.0,0.0,0,official_fusion,0,official_fusion,0,official_fusion,0,official_fusion
1706,1.0,1.0,0.0,0,official_fusion,0,official_fusion,0,official_fusion,0,official_fusion
1707,1.0,1.0,0.0,0,official_fusion,0,official_fusion,0,official_fusion,0,official_fusion
1708,0.5919749736785889,0.6525599956512451,0.06058502197265625,0,official_fusion,2,cam28_1,3,cam28_2,0,official_fusion
1709,0.48907843232154846,0.48911744356155396,3.9011240005493164e-05,0,official_fusion,2,cam28_1,0,official_fusion,0,official_fusion
1710,0.2829560339450836,0.283141165971756,0.00018513202667236328,0,official_fusion,0,official_fusion,2,cam28_1,0,official_fusion
1711,0.9999203085899353,0.9999203085899353,0.0,0,official_fusion,0,official_fusion,0,official_fusion,0,official_fusion
1712,0.7995057106018066,0.7995375990867615,3.1888484954833984e-05,0,official_fusion,1,cam56,0,official_fusion,0,official_fusion
1713,0.31231066584587097,0.31231066584587097,0.0,0,official_fusion,0,official_fusion,0,official_fusion,0,official_fusion
1714,1.0,1.0,0.0,0,official_fusion,0,official_fusion,0,official_fusion,0,official_fusion
1715,0.4541713297367096,0.45420753955841064,3.6209821701049805e-05,0,official_fusion,3,cam28_2,0,official_fusion,0,official_fusion
1716,0.49613359570503235,0.49613359570503235,0.0,0,official_fusion,0,official_fusion,0,official_fusion,0,official_fusion
1717,0.4847337305545807,0.4847337305545807,0.0,0,official_fusion,0,official_fusion,0,official_fusion,0,official_fusion
1718,1.0,1.0,0.0,0,official_fusion,0,official_fusion,0,official_fusion,0,official_fusion
1719,0.5435189008712769,0.6991913914680481,0.15567249059677124,3,cam28_2,1,cam56,0,official_fusion,0,official_fusion
1720,0.725084662437439,0.8106155395507812,0.08553087711334229,1,cam56,2,cam28_1,0,official_fusion,0,official_fusion
1721,1.0,1.0,0.0,0,official_fusion,0,official_fusion,0,official_fusion,0,official_fusion
1722,0.34992754459381104,0.3777647316455841,0.02783718705177307,3,cam28_2,4,camdeep,0,official_fusion,0,official_fusion
1723,1.0,1.0,0.0,0,official_fusion,0,official_fusion,0,official_fusion,0,official_fusion
1724,0.5955796241760254,0.7199207544326782,0.12434113025665283,4,camdeep,3,cam28_2,0,official_fusion,0,official_fusion
1725,0.21912483870983124,0.33320069313049316,0.11407585442066193,0,official_fusion,4,camdeep,2,cam28_1,0,official_fusion
1726,0.2527569532394409,0.2527569532394409,0.0,0,official_fusion,0,official_fusion,0,official_fusion,0,official_fusion
1727,0.33233821392059326,0.4053817391395569,0.07304352521896362,2,cam28_1,4,camdeep,4,camdeep,0,official_fusion
1728,0.09258410334587097,0.09258595108985901,1.8477439880371094e-06,0,official_fusion,2,cam28_1,0,official_fusion,0,official_fusion
1729,0.47002550959587097,0.47002550959587097,0.0,0,official_fusion,0,official_fusion,0,official_fusion,0,official_fusion
1730,1.0,1.0,0.0,0,official_fusion,0,official_fusion,0,official_fusion,0,official_fusion
1731,0.4377269744873047,0.46117740869522095,0.02345043420791626,0,official_fusion,2,cam28_1,0,official_fusion,2,cam28_1
1732,0.9433992505073547,0.9433992505073547,0.0,0,official_fusion,0,official_fusion,0,official_fusion,0,official_fusion
1733,0.24897480010986328,0.28568902611732483,0.03671422600746155,0,official_fusion,1,cam56,3,cam28_2,0,official_fusion
1734,0.3708213269710541,0.4938252866268158,0.12300395965576172,3,cam28_2,1,cam56,0,official_fusion,0,official_fusion
1735,0.262725830078125,0.5169425010681152,0.25421667098999023,1,cam56,4,camdeep,0,official_fusion,0,official_fusion
1736,0.999043345451355,0.999043345451355,0.0,0,official_fusion,0,official_fusion,0,official_fusion,0,official_fusion
1737,0.5097207427024841,0.5813930034637451,0.07167226076126099,2,cam28_1,1,cam56,0,official_fusion,0,official_fusion
1738,0.47616928815841675,0.5240733623504639,0.04790407419204712,0,official_fusion,3,cam28_2,2,cam28_1,0,official_fusion
1739,0.4555763602256775,0.4555763602256775,0.0,0,official_fusion,0,official_fusion,0,official_fusion,0,official_fusion
1740,0.43468987941741943,0.43468987941741943,0.0,0,official_fusion,0,official_fusion,0,official_fusion,0,official_fusion
1741,0.41832563281059265,0.4791437089443207,0.06081807613372803,3,cam28_2,2,cam28_1,0,official_fusion,0,official_fusion
1742,0.4320453405380249,0.5237215161323547,0.09167617559432983,4,camdeep,2,cam28_1,1,cam56,0,official_fusion
1743,1.0,1.0,0.0,0,official_fusion,0,official_fusion,0,official_fusion,0,official_fusion
1744,1.0,1.0,0.0,0,official_fusion,0,official_fusion,0,official_fusion,0,official_fusion
1745,0.27072954177856445,0.47176507115364075,0.2010355293750763,0,official_fusion,4,camdeep,3,cam28_2,0,official_fusion
1746,0.6706650853157043,0.7115792632102966,0.040914177894592285,3,cam28_2,4,camdeep,0,official_fusion,0,official_fusion
1747,0.3229028582572937,0.4250660240650177,0.102163165807724,4,camdeep,1,cam56,0,official_fusion,0,official_fusion
1748,0.39233896136283875,0.3924641013145447,0.00012513995170593262,0,official_fusion,3,cam28_2,0,official_fusion,0,official_fusion
1749,0.07272401452064514,0.07272401452064514,0.0,0,official_fusion,0,official_fusion,0,official_fusion,0,official_fusion
1750,0.6157809495925903,0.6465120315551758,0.03073108196258545,0,official_fusion,3,cam28_2,2,cam28_1,0,official_fusion
1751,0.47039422392845154,0.47039422392845154,0.0,0,official_fusion,0,official_fusion,0,official_fusion,0,official_fusion
1752,0.2787189185619354,0.2787189185619354,0.0,0,official_fusion,0,official_fusion,0,official_fusion,0,official_fusion
1753,1.0,1.0,0.0,0,official_fusion,0,official_fusion,0,official_fusion,0,official_fusion
1754,1.0,1.0,0.0,0,official_fusion,0,official_fusion,0,official_fusion,0,official_fusion
1755,0.36268335580825806,0.36400482058525085,0.0013214647769927979,0,official_fusion,1,cam56,0,official_fusion,0,official_fusion
1756,0.5222412347793579,0.6238802075386047,0.10163897275924683,2,cam28_1,1,cam56,0,official_fusion,0,official_fusion
1757,1.0,1.0,0.0,0,official_fusion,0,official_fusion,0,official_fusion,0,official_fusion
1758,0.40447625517845154,0.404508501291275,3.224611282348633e-05,0,official_fusion,0,official_fusion,2,cam28_1,0,official_fusion
1759,0.45699140429496765,0.45699140429496765,0.0,0,official_fusion,0,official_fusion,0,official_fusion,0,official_fusion
1760,0.47275590896606445,0.47275590896606445,0.0,0,official_fusion,0,official_fusion,0,official_fusion,0,official_fusion
1761,0.3230166733264923,0.4023233652114868,0.0793066918849945,0,official_fusion,1,cam56,0,official_fusion,0,official_fusion
1762,0.5235424637794495,0.564898669719696,0.04135620594024658,1,cam56,3,cam28_2,0,official_fusion,0,official_fusion
1763,1.0,1.0,0.0,0,official_fusion,0,official_fusion,0,official_fusion,0,official_fusion
1764,0.2602994740009308,0.32482850551605225,0.06452903151512146,0,official_fusion,1,cam56,3,cam28_2,0,official_fusion
1765,0.18061091005802155,0.21581308543682098,0.03520217537879944,0,official_fusion,4,camdeep,0,official_fusion,0,official_fusion
1766,1.0,1.0,0.0,0,official_fusion,0,official_fusion,0,official_fusion,0,official_fusion
1767,0.43606504797935486,0.43606504797935486,0.0,0,official_fusion,0,official_fusion,0,official_fusion,0,official_fusion
1768,0.3439862132072449,0.3439862132072449,0.0,0,official_fusion,0,official_fusion,0,official_fusion,0,official_fusion
1769,1.0,1.0,0.0,0,official_fusion,0,official_fusion,0,official_fusion,0,official_fusion
1770,1.0,1.0,0.0,0,official_fusion,0,official_fusion,0,official_fusion,0,official_fusion
1771,0.9502550959587097,0.9502550959587097,0.0,0,official_fusion,0,official_fusion,0,official_fusion,0,official_fusion
1772,0.46691644191741943,0.46691644191741943,0.0,0,official_fusion,0,official_fusion,0,official_fusion,0,official_fusion
1773,0.4896732568740845,0.6167134642601013,0.12704020738601685,0,official_fusion,1,cam56,0,official_fusion,0,official_fusion
1774,0.3758370578289032,0.3758370578289032,0.0,0,official_fusion,0,official_fusion,0,official_fusion,0,official_fusion
1775,0.3410249650478363,0.4283484220504761,0.08732345700263977,1,cam56,1,cam56,0,official_fusion,0,official_fusion
1776,0.4700753390789032,0.47011280059814453,3.746151924133301e-05,0,official_fusion,0,official_fusion,2,cam28_1,0,official_fusion
1777,0.2600972056388855,0.5061505436897278,0.24605333805084229,4,camdeep,1,cam56,0,official_fusion,0,official_fusion
1778,0.22651684284210205,0.2481442540884018,0.021627411246299744,0,official_fusion,0,official_fusion,0,official_fusion,3,cam28_2
1779,0.3068399131298065,0.3068399131298065,0.0,0,official_fusion,0,official_fusion,0,official_fusion,0,official_fusion
1780,0.15804368257522583,0.1623935103416443,0.004349827766418457,0,official_fusion,4,camdeep,0,official_fusion,0,official_fusion
1781,0.38681453466415405,0.46275240182876587,0.07593786716461182,4,camdeep,0,official_fusion,0,official_fusion,3,cam28_2
1782,0.8434906005859375,0.9418981075286865,0.09840750694274902,1,cam56,4,camdeep,0,official_fusion,0,official_fusion
1783,0.38327088952064514,0.38327088952064514,0.0,0,official_fusion,0,official_fusion,0,official_fusion,0,official_fusion
1784,0.09849080443382263,0.11380945891141891,0.015318654477596283,3,cam28_2,4,camdeep,2,cam28_1,0,official_fusion
1785,1.0,1.0,0.0,0,official_fusion,0,official_fusion,0,official_fusion,0,official_fusion
1786,0.6942338943481445,0.7990944981575012,0.10486060380935669,4,camdeep,0,official_fusion,0,official_fusion,2,cam28_1
1787,0.5354814529418945,0.7538495063781738,0.2183680534362793,1,cam56,4,camdeep,0,official_fusion,0,official_fusion
1788,0.49381178617477417,0.49381178617477417,0.0,0,official_fusion,0,official_fusion,0,official_fusion,0,official_fusion
1789,0.4886997640132904,0.4886997640132904,0.0,0,official_fusion,0,official_fusion,0,official_fusion,0,official_fusion
1790,1.0,1.0,0.0,0,official_fusion,0,official_fusion,0,official_fusion,0,official_fusion
1791,0.28521427512168884,0.33505791425704956,0.04984363913536072,4,camdeep,1,cam56,0,official_fusion,0,official_fusion
1792,0.4989536702632904,0.49923112988471985,0.00027745962142944336,0,official_fusion,0,official_fusion,0,official_fusion,2,cam28_1
1793,0.8797409534454346,0.9087797999382019,0.029038846492767334,0,official_fusion,3,cam28_2,0,official_fusion,0,official_fusion
1794,0.4926191568374634,0.5508586764335632,0.058239519596099854,2,cam28_1,4,camdeep,4,camdeep,0,official_fusion
1795,0.6067522168159485,0.6733885407447815,0.06663632392883301,0,official_fusion,2,cam28_1,0,official_fusion,3,cam28_2
1796,0.3837890625,0.3837890625,0.0,0,official_fusion,0,official_fusion,0,official_fusion,0,official_fusion
1797,0.4581992030143738,0.5751796960830688,0.11698049306869507,0,official_fusion,4,camdeep,1,cam56,0,official_fusion
1798,0.4907824397087097,0.4907824397087097,0.0,0,official_fusion,0,official_fusion,0,official_fusion,0,official_fusion
1799,0.8823314905166626,0.890288233757019,0.007956743240356445,0,official_fusion,4,camdeep,0,official_fusion,0,official_fusion
1800,0.9999203085899353,0.9999203085899353,0.0,0,official_fusion,0,official_fusion,0,official_fusion,0,official_fusion
1801,0.4993124306201935,0.4993124306201935,0.0,0,official_fusion,0,official_fusion,0,official_fusion,0,official_fusion
1802,1.0,1.0,0.0,0,official_fusion,0,official_fusion,0,official_fusion,0,official_fusion
1803,1.0,1.0,0.0,0,official_fusion,0,official_fusion,0,official_fusion,0,official_fusion
1804,1.0,1.0,0.0,0,official_fusion,0,official_fusion,0,official_fusion,0,official_fusion
1805,0.6553133130073547,0.7701490521430969,0.11483573913574219,0,official_fusion,4,camdeep,3,cam28_2,0,official_fusion
1806,0.9875637888908386,0.9875637888908386,0.0,0,official_fusion,0,official_fusion,0,official_fusion,0,official_fusion
1807,0.4810168147087097,0.4810168147087097,0.0,0,official_fusion,0,official_fusion,0,official_fusion,0,official_fusion
1808,0.6332844495773315,0.6686908602714539,0.035406410694122314,0,official_fusion,3,cam28_2,0,official_fusion,0,official_fusion
1809,0.8125398755073547,0.8125398755073547,0.0,0,official_fusion,0,official_fusion,0,official_fusion,0,official_fusion
1810,0.4605388939380646,0.4605388939380646,0.0,0,official_fusion,0,official_fusion,0,official_fusion,0,official_fusion
1811,0.6160157918930054,0.7177689075469971,0.1017531156539917,1,cam56,2,cam28_1,0,official_fusion,0,official_fusion
1812,1.0,1.0,0.0,0,official_fusion,0,official_fusion,0,official_fusion,0,official_fusion
1813,0.39630499482154846,0.7394969463348389,0.3431919515132904,4,camdeep,3,cam28_2,0,official_fusion,0,official_fusion
1814,1.0,1.0,0.0,0,official_fusion,0,official_fusion,0,official_fusion,0,official_fusion
1815,0.4287707209587097,0.4287707209587097,0.0,0,official_fusion,0,official_fusion,0,official_fusion,0,official_fusion
1816,1.0,1.0,0.0,0,official_fusion,0,official_fusion,0,official_fusion,0,official_fusion
1817,0.8896580338478088,0.8896580338478088,0.0,0,official_fusion,0,official_fusion,0,official_fusion,0,official_fusion
1818,1.0,1.0,0.0,0,official_fusion,0,official_fusion,0,official_fusion,0,official_fusion
1819,0.42651864886283875,0.42651864886283875,0.0,0,official_fusion,0,official_fusion,0,official_fusion,0,official_fusion
1820,1.0,1.0,0.0,0,official_fusion,0,official_fusion,0,official_fusion,0,official_fusion
1821,1.0,1.0,0.0,0,official_fusion,0,official_fusion,0,official_fusion,0,official_fusion
1822,0.6655330657958984,0.7221249938011169,0.056591928005218506,0,official_fusion,1,cam56,3,cam28_2,0,official_fusion
1823,0.3726639449596405,0.4421023428440094,0.0694383978843689,0,official_fusion,4,camdeep,3,cam28_2,0,official_fusion
1824,0.24788282811641693,0.3821559250354767,0.13427309691905975,1,cam56,4,camdeep,0,official_fusion,0,official_fusion
1825,0.1988314688205719,0.24059940874576569,0.04176793992519379,0,official_fusion,2,cam28_1,0,official_fusion,0,official_fusion
1826,0.8494471311569214,0.8640792369842529,0.014632105827331543,3,cam28_2,0,official_fusion,0,official_fusion,4,camdeep
1827,0.5998554229736328,0.7437307238578796,0.14387530088424683,0,official_fusion,4,camdeep,3,cam28_2,0,official_fusion
1828,0.4999501705169678,0.6561403870582581,0.15619021654129028,0,official_fusion,3,cam28_2,0,official_fusion,0,official_fusion
1829,0.0544782355427742,0.0544782355427742,0.0,0,official_fusion,0,official_fusion,0,official_fusion,0,official_fusion
1830,1.0,1.0,0.0,0,official_fusion,0,official_fusion,0,official_fusion,0,official_fusion
1831,0.4529280364513397,0.4677126109600067,0.014784574508666992,4,camdeep,2,cam28_1,0,official_fusion,0,official_fusion
1832,0.4965720772743225,0.4965720772743225,0.0,0,official_fusion,0,official_fusion,0,official_fusion,0,official_fusion
1833,1.0,1.0,0.0,0,official_fusion,0,official_fusion,0,official_fusion,0,official_fusion
1834,0.46082788705825806,0.6576034426689148,0.19677555561065674,0,official_fusion,4,camdeep,0,official_fusion,0,official_fusion
1835,0.7486220002174377,0.7896562814712524,0.0410342812538147,1,cam56,4,camdeep,0,official_fusion,0,official_fusion
1836,0.8891394734382629,0.9416152834892273,0.052475810050964355,0,official_fusion,1,cam56,3,cam28_2,0,official_fusion
1837,0.30444833636283875,0.30444833636283875,0.0,0,official_fusion,0,official_fusion,0,official_fusion,0,official_fusion
1838,0.40006083250045776,0.4446251690387726,0.04456433653831482,2,cam28_1,4,camdeep,0,official_fusion,0,official_fusion
1839,0.5599660873413086,0.5970132946968079,0.03704720735549927,3,cam28_2,0,official_fusion,0,official_fusion,3,cam28_2
1840,0.726498544216156,0.756590723991394,0.030092179775238037,0,official_fusion,3,cam28_2,0,official_fusion,0,official_fusion
1841,0.7567160129547119,0.8398488759994507,0.08313286304473877,3,cam28_2,1,cam56,0,official_fusion,0,official_fusion
1842,0.4811065196990967,0.4811065196990967,0.0,0,official_fusion,0,official_fusion,0,official_fusion,0,official_fusion
1843,1.0,1.0,0.0,0,official_fusion,0,official_fusion,0,official_fusion,0,official_fusion
1844,1.0,1.0,0.0,0,official_fusion,0,official_fusion,0,official_fusion,0,official_fusion
1845,0.36643555760383606,0.4937422275543213,0.12730666995048523,3,cam28_2,3,cam28_2,4,camdeep,0,official_fusion
1846,0.44240275025367737,0.44240275025367737,0.0,0,official_fusion,0,official_fusion,0,official_fusion,0,official_fusion
1847,0.35529130697250366,0.5583267211914062,0.2030354142189026,0,official_fusion,3,cam28_2,4,camdeep,0,official_fusion
1848,0.5924545526504517,0.6068029403686523,0.014348387718200684,0,official_fusion,3,cam28_2,0,official_fusion,0,official_fusion
1849,0.6477550268173218,0.6711534261703491,0.023398399353027344,0,official_fusion,0,official_fusion,2,cam28_1,0,official_fusion
1850,0.8282589316368103,0.8463366031646729,0.01807767152786255,3,cam28_2,2,cam28_1,0,official_fusion,0,official_fusion
1851,0.25402581691741943,0.25402581691741943,0.0,0,official_fusion,0,official_fusion,0,official_fusion,0,official_fusion
1852,0.5878109335899353,0.598068356513977,0.010257422924041748,0,official_fusion,1,cam56,0,official_fusion,0,official_fusion
1853,0.4769611060619354,0.5122921466827393,0.03533104062080383,0,official_fusion,1,cam56,0,official_fusion,0,official_fusion
1854,0.48245176672935486,0.48245176672935486,0.0,0,official_fusion,0,official_fusion,0,official_fusion,0,official_fusion
1855,0.4027523100376129,0.4027523100376129,0.0,0,official_fusion,0,official_fusion,0,official_fusion,0,official_fusion
1856,0.5874922871589661,0.7491637468338013,0.1616714596748352,0,official_fusion,3,cam28_2,4,camdeep,0,official_fusion
1857,0.5203266739845276,0.7088526487350464,0.1885259747505188,1,cam56,1,cam56,0,official_fusion,0,official_fusion
1858,0.9508854150772095,0.9671222567558289,0.016236841678619385,2,cam28_1,0,official_fusion,0,official_fusion,0,official_fusion
1859,0.4516834318637848,0.4635913372039795,0.011907905340194702,4,camdeep,0,official_fusion,0,official_fusion,2,cam28_1
1860,0.2855050265789032,0.42546042799949646,0.13995540142059326,1,cam56,4,camdeep,0,official_fusion,0,official_fusion
1861,0.7302072644233704,0.7576049566268921,0.02739769220352173,2,cam28_1,2,cam28_1,0,official_fusion,0,official_fusion
1862,0.38493502140045166,0.5104154348373413,0.12548041343688965,0,official_fusion,1,cam56,0,official_fusion,0,official_fusion
1863,1.0,1.0,0.0,0,official_fusion,0,official_fusion,0,official_fusion,0,official_fusion
1864,0.5134124159812927,0.7890933156013489,0.27568089962005615,1,cam56,4,camdeep,0,official_fusion,0,official_fusion
1865,0.7678446769714355,0.8357214331626892,0.06787675619125366,0,official_fusion,2,cam28_1,1,cam56,0,official_fusion
1866,1.0,1.0,0.0,0,official_fusion,0,official_fusion,0,official_fusion,0,official_fusion
1867,0.16958394646644592,0.2052682787179947,0.03568433225154877,0,official_fusion,4,camdeep,4,camdeep,0,official_fusion
1868,0.49823620915412903,0.49823620915412903,0.0,0,official_fusion,0,official_fusion,0,official_fusion,0,official_fusion
1869,0.32277053594589233,0.4513755440711975,0.12860500812530518,3,cam28_2,0,official_fusion,0,official_fusion,0,official_fusion
1870,0.9996811151504517,0.9996811151504517,0.0,0,official_fusion,0,official_fusion,0,official_fusion,0,official_fusion
1871,0.3709804117679596,0.4573555588722229,0.0863751471042633,0,official_fusion,3,cam28_2,3,cam28_2,0,official_fusion
1872,0.2755720317363739,0.2946215569972992,0.019049525260925293,0,official_fusion,4,camdeep,0,official_fusion,0,official_fusion
1873,0.8224449753761292,0.8225105404853821,6.556510925292969e-05,0,official_fusion,2,cam28_1,0,official_fusion,0,official_fusion
1874,0.9897959232330322,0.9897959232330322,0.0,0,official_fusion,0,official_fusion,0,official_fusion,0,official_fusion
1875,1.0,1.0,0.0,0,official_fusion,0,official_fusion,0,official_fusion,0,official_fusion
1876,1.0,1.0,0.0,0,official_fusion,0,official_fusion,0,official_fusion,0,official_fusion
1877,1.0,1.0,0.0,0,official_fusion,0,official_fusion,0,official_fusion,0,official_fusion
1878,0.9888392686843872,0.9888392686843872,0.0,0,official_fusion,0,official_fusion,0,official_fusion,0,official_fusion
1879,1.0,1.0,0.0,0,official_fusion,0,official_fusion,0,official_fusion,0,official_fusion
1880,1.0,1.0,0.0,0,official_fusion,0,official_fusion,0,official_fusion,0,official_fusion
1881,1.0,1.0,0.0,0,official_fusion,0,official_fusion,0,official_fusion,0,official_fusion
1882,0.4231903553009033,0.4231903553009033,0.0,0,official_fusion,0,official_fusion,0,official_fusion,0,official_fusion
1883,0.3329562246799469,0.34879693388938904,0.01584070920944214,1,cam56,2,cam28_1,0,official_fusion,0,official_fusion
1884,0.9970703125,0.9970703125,0.0,0,official_fusion,0,official_fusion,0,official_fusion,0,official_fusion
1885,0.5471304059028625,0.5828232169151306,0.035692811012268066,0,official_fusion,4,camdeep,0,official_fusion,0,official_fusion
1886,0.9721181392669678,0.9721181392669678,0.0,0,official_fusion,0,official_fusion,0,official_fusion,0,official_fusion
1887,1.0,1.0,0.0,0,official_fusion,0,official_fusion,0,official_fusion,0,official_fusion
1888,1.0,1.0,0.0,0,official_fusion,0,official_fusion,0,official_fusion,0,official_fusion
1889,0.20788823068141937,0.20788823068141937,0.0,0,official_fusion,0,official_fusion,0,official_fusion,0,official_fusion
1890,0.49479830265045166,0.49479830265045166,0.0,0,official_fusion,0,official_fusion,0,official_fusion,0,official_fusion
1891,0.41514867544174194,0.41514867544174194,0.0,0,official_fusion,0,official_fusion,0,official_fusion,0,official_fusion
1892,1.0,1.0,0.0,0,official_fusion,0,official_fusion,0,official_fusion,0,official_fusion
1893,0.6822604537010193,0.9007746577262878,0.21851420402526855,1,cam56,3,cam28_2,0,official_fusion,0,official_fusion
1894,0.8371230363845825,0.9293056726455688,0.09218263626098633,3,cam28_2,3,cam28_2,0,official_fusion,0,official_fusion
1895,0.2877807915210724,0.3193136751651764,0.031532883644104004,0,official_fusion,0,official_fusion,1,cam56,0,official_fusion
1896,0.48120367527008057,0.4929576814174652,0.011754006147384644,0,official_fusion,3,cam28_2,0,official_fusion,0,official_fusion
1897,0.4582768678665161,0.5771472454071045,0.11887037754058838,0,official_fusion,1,cam56,0,official_fusion,0,official_fusion
1898,0.6749303340911865,0.7190398573875427,0.0441095232963562,1,cam56,3,cam28_2,0,official_fusion,0,official_fusion
1899,0.6539620757102966,0.6795207262039185,0.025558650493621826,3,cam28_2,0,official_fusion,0,official_fusion,0,official_fusion
1900,0.2394571155309677,0.2543826103210449,0.01492549479007721,0,official_fusion,4,camdeep,0,official_fusion,0,official_fusion
1901,0.7851948738098145,0.8017250299453735,0.016530156135559082,0,official_fusion,2,cam28_1,3,cam28_2,0,official_fusion
1902,0.29568392038345337,0.39167681336402893,0.09599289298057556,1,cam56,4,camdeep,0,official_fusion,0,official_fusion
1903,1.0,1.0,0.0,0,official_fusion,0,official_fusion,0,official_fusion,0,official_fusion
1904,0.27615126967430115,0.32448017597198486,0.048328906297683716,3,cam28_2,1,cam56,0,official_fusion,0,official_fusion
1905,0.4965222477912903,0.4965222477912903,0.0,0,official_fusion,0,official_fusion,0,official_fusion,0,official_fusion
1906,1.0,1.0,0.0,0,official_fusion,0,official_fusion,0,official_fusion,0,official_fusion
1907,0.402413547039032,0.45787179470062256,0.055458247661590576,1,cam56,2,cam28_1,0,official_fusion,0,official_fusion
1908,0.3077699840068817,0.3077945113182068,2.4527311325073242e-05,0,official_fusion,2,cam28_1,0,official_fusion,0,official_fusion
1909,0.49280986189842224,0.6861869096755981,0.1933770477771759,1,cam56,2,cam28_1,0,official_fusion,0,official_fusion
1910,1.0,1.0,0.0,0,official_fusion,0,official_fusion,0,official_fusion,0,official_fusion
1911,0.46745213866233826,0.46745213866233826,0.0,0,official_fusion,0,official_fusion,0,official_fusion,0,official_fusion
1912,0.05794603005051613,0.05967774987220764,0.001731719821691513,0,official_fusion,4,camdeep,0,official_fusion,0,official_fusion
1913,1.0,1.0,0.0,0,official_fusion,0,official_fusion,0,official_fusion,0,official_fusion
1914,0.3275541067123413,0.4143126904964447,0.0867585837841034,0,official_fusion,4,camdeep,1,cam56,0,official_fusion
1915,0.4904436469078064,0.4904436469078064,0.0,0,official_fusion,0,official_fusion,0,official_fusion,0,official_fusion
1916,0.9370416402816772,0.9370416402816772,0.0,0,official_fusion,0,official_fusion,0,official_fusion,0,official_fusion
1917,1.0,1.0,0.0,0,official_fusion,0,official_fusion,0,official_fusion,0,official_fusion
1918,0.8363649249076843,0.8363649249076843,0.0,0,official_fusion,0,official_fusion,0,official_fusion,0,official_fusion
1919,1.0,1.0,0.0,0,official_fusion,0,official_fusion,0,official_fusion,0,official_fusion
1920,0.3362962305545807,0.3403868079185486,0.0040905773639678955,0,official_fusion,1,cam56,0,official_fusion,0,official_fusion
1921,0.7020540833473206,0.738501787185669,0.03644770383834839,0,official_fusion,4,camdeep,3,cam28_2,0,official_fusion
1922,0.7375367283821106,0.796008288860321,0.05847156047821045,3,cam28_2,4,camdeep,0,official_fusion,0,official_fusion
1923,0.48776307702064514,0.5013527274131775,0.013589650392532349,0,official_fusion,1,cam56,0,official_fusion,0,official_fusion
1924,0.24403324723243713,0.352321982383728,0.1082887351512909,4,camdeep,0,official_fusion,0,official_fusion,2,cam28_1
1925,0.0,0.0,0.0,0,official_fusion,0,official_fusion,0,official_fusion,0,official_fusion
1926,1.0,1.0,0.0,0,official_fusion,0,official_fusion,0,official_fusion,0,official_fusion
1927,0.49056321382522583,0.49056321382522583,0.0,0,official_fusion,0,official_fusion,0,official_fusion,0,official_fusion
1928,0.4973393678665161,0.4973393678665161,0.0,0,official_fusion,0,official_fusion,0,official_fusion,0,official_fusion
1929,1.0,1.0,0.0,0,official_fusion,0,official_fusion,0,official_fusion,0,official_fusion
1930,1.0,1.0,0.0,0,official_fusion,0,official_fusion,0,official_fusion,0,official_fusion
1931,0.49891382455825806,0.49891382455825806,0.0,0,official_fusion,0,official_fusion,0,official_fusion,0,official_fusion
1932,0.47935810685157776,0.5189599394798279,0.03960183262825012,2,cam28_1,0,official_fusion,0,official_fusion,2,cam28_1
1933,1.0,1.0,0.0,0,official_fusion,0,official_fusion,0,official_fusion,0,official_fusion
1934,0.44450780749320984,0.4762961268424988,0.03178831934928894,3,cam28_2,2,cam28_1,0,official_fusion,0,official_fusion
1935,0.3996264338493347,0.4371927082538605,0.03756627440452576,2,cam28_1,0,official_fusion,0,official_fusion,1,cam56
1936,0.415739506483078,0.43794211745262146,0.022202610969543457,4,camdeep,0,official_fusion,0,official_fusion,0,official_fusion
1937,0.6090656518936157,0.6825695037841797,0.07350385189056396,0,official_fusion,4,camdeep,4,camdeep,0,official_fusion
1938,0.6562435626983643,0.6562435626983643,0.0,0,official_fusion,0,official_fusion,0,official_fusion,0,official_fusion
1939,0.21236580610275269,0.21237003803253174,4.231929779052734e-06,0,official_fusion,2,cam28_1,0,official_fusion,0,official_fusion
1940,0.9806481003761292,0.9806481003761292,0.0,0,official_fusion,0,official_fusion,0,official_fusion,0,official_fusion
1941,0.5447767972946167,0.5581928491592407,0.013416051864624023,4,camdeep,2,cam28_1,0,official_fusion,0,official_fusion
1942,0.43440091609954834,0.43453946709632874,0.0001385509967803955,0,official_fusion,2,cam28_1,0,official_fusion,0,official_fusion
1943,1.0,1.0,0.0,0,official_fusion,0,official_fusion,0,official_fusion,0,official_fusion
1944,1.0,1.0,0.0,0,official_fusion,0,official_fusion,0,official_fusion,0,official_fusion
1945,1.0,1.0,0.0,0,official_fusion,0,official_fusion,0,official_fusion,0,official_fusion
1946,1.0,1.0,0.0,0,official_fusion,0,official_fusion,0,official_fusion,0,official_fusion
1947,1.0,1.0,0.0,0,official_fusion,0,official_fusion,0,official_fusion,0,official_fusion
1948,0.3106265962123871,0.4789714515209198,0.16834485530853271,0,official_fusion,1,cam56,0,official_fusion,0,official_fusion
1949,0.7790013551712036,0.7811225652694702,0.0021212100982666016,2,cam28_1,4,camdeep,0,official_fusion,0,official_fusion
1950,1.0,1.0,0.0,0,official_fusion,0,official_fusion,0,official_fusion,0,official_fusion
1951,1.0,1.0,0.0,0,official_fusion,0,official_fusion,0,official_fusion,0,official_fusion
1952,0.38445672392845154,0.3844643831253052,7.659196853637695e-06,0,official_fusion,2,cam28_1,0,official_fusion,0,official_fusion
1953,1.0,1.0,0.0,0,official_fusion,0,official_fusion,0,official_fusion,0,official_fusion
1954,0.12614595890045166,0.13396413624286652,0.007818177342414856,0,official_fusion,1,cam56,0,official_fusion,0,official_fusion
1955,0.3181401491165161,0.3182416260242462,0.00010147690773010254,0,official_fusion,3,cam28_2,0,official_fusion,0,official_fusion
1956,0.46537187695503235,0.46537187695503235,0.0,0,official_fusion,0,official_fusion,0,official_fusion,0,official_fusion
1957,0.8598096370697021,0.8781983852386475,0.018388748168945312,0,official_fusion,0,official_fusion,3,cam28_2,0,official_fusion
1958,0.4744798243045807,0.4744798243045807,0.0,0,official_fusion,0,official_fusion,0,official_fusion,0,official_fusion
1959,0.4682275056838989,0.5032404661178589,0.03501296043395996,4,camdeep,0,official_fusion,0,official_fusion,3,cam28_2
1960,0.6768509149551392,0.7320294976234436,0.05517858266830444,1,cam56,4,camdeep,0,official_fusion,0,official_fusion
1961,0.367827832698822,0.41441625356674194,0.04658842086791992,0,official_fusion,4,camdeep,1,cam56,0,official_fusion
1962,0.2801632285118103,0.35371407866477966,0.07355085015296936,2,cam28_1,3,cam28_2,0,official_fusion,0,official_fusion
1963,0.3924544155597687,0.4096201956272125,0.017165780067443848,0,official_fusion,0,official_fusion,4,camdeep,0,official_fusion
1964,0.5933713316917419,0.5933831334114075,1.1801719665527344e-05,0,official_fusion,2,cam28_1,0,official_fusion,0,official_fusion
1965,0.04964524880051613,0.04964524880051613,0.0,0,official_fusion,0,official_fusion,0,official_fusion,0,official_fusion
1966,0.08483139425516129,0.08483139425516129,0.0,0,official_fusion,0,official_fusion,0,official_fusion,0,official_fusion
1967,0.3015682101249695,0.35306382179260254,0.05149561166763306,0,official_fusion,1,cam56,3,cam28_2,0,official_fusion
1968,0.1263081431388855,0.21051542460918427,0.08420728147029877,0,official_fusion,1,cam56,1,cam56,0,official_fusion
1969,1.0,1.0,0.0,0,official_fusion,0,official_fusion,0,official_fusion,0,official_fusion
1970,0.49222734570503235,0.49222734570503235,0.0,0,official_fusion,0,official_fusion,0,official_fusion,0,official_fusion
1971,1.992984653043095e-05,0.08617665618658066,0.08615672588348389,0,official_fusion,1,cam56,0,official_fusion,0,official_fusion
1972,0.6504215002059937,0.6923990249633789,0.041977524757385254,1,cam56,3,cam28_2,0,official_fusion,0,official_fusion
1973,0.40758076310157776,0.4576767385005951,0.050095975399017334,0,official_fusion,0,official_fusion,3,cam28_2,0,official_fusion
1974,0.6364525556564331,0.6632843017578125,0.026831746101379395,0,official_fusion,4,camdeep,2,cam28_1,0,official_fusion
1975,0.4916394352912903,0.4916394352912903,0.0,0,official_fusion,0,official_fusion,0,official_fusion,0,official_fusion
1976,0.24005500972270966,0.24005500972270966,0.0,0,official_fusion,0,official_fusion,0,official_fusion,0,official_fusion
1977,0.4974888265132904,0.4974888265132904,0.0,0,official_fusion,0,official_fusion,0,official_fusion,0,official_fusion
1978,0.9762237071990967,0.9762237071990967,0.0,0,official_fusion,0,official_fusion,0,official_fusion,0,official_fusion
1979,0.26267537474632263,0.3057660162448883,0.043090641498565674,0,official_fusion,1,cam56,0,official_fusion,0,official_fusion
1980,0.10507679730653763,0.10507679730653763,0.0,0,official_fusion,0,official_fusion,0,official_fusion,0,official_fusion
1981,0.23736447095870972,0.2840026021003723,0.0466381311416626,0,official_fusion,1,cam56,0,official_fusion,0,official_fusion
1982,0.46642816066741943,0.46777063608169556,0.001342475414276123,0,official_fusion,0,official_fusion,0,official_fusion,2,cam28_1
1983,0.3552664518356323,0.4104888141155243,0.05522236227989197,3,cam28_2,1,cam56,0,official_fusion,0,official_fusion
1984,0.5591412782669067,0.7756896018981934,0.21654832363128662,0,official_fusion,3,cam28_2,4,camdeep,0,official_fusion
1985,0.5873629450798035,0.5873629450798035,0.0,0,official_fusion,0,official_fusion,0,official_fusion,0,official_fusion
1986,0.9996811151504517,0.9996811151504517,0.0,0,official_fusion,0,official_fusion,0,official_fusion,0,official_fusion
1987,0.5361199975013733,0.5602303743362427,0.024110376834869385,0,official_fusion,4,camdeep,3,cam28_2,0,official_fusion
1988,0.6683077216148376,0.7937241792678833,0.12541645765304565,1,cam56,1,cam56,0,official_fusion,0,official_fusion
1989,0.43184927105903625,0.5938778519630432,0.16202858090400696,3,cam28_2,4,camdeep,0,official_fusion,0,official_fusion
1990,0.47632718086242676,0.5804198384284973,0.10409265756607056,1,cam56,3,cam28_2,4,camdeep,0,official_fusion
1991,0.3443777859210968,0.3443777859210968,0.0,0,official_fusion,0,official_fusion,0,official_fusion,0,official_fusion
1992,0.2874681055545807,0.28749701380729675,2.8908252716064453e-05,0,official_fusion,3,cam28_2,0,official_fusion,0,official_fusion
1993,0.26687392592430115,0.26687392592430115,0.0,0,official_fusion,0,official_fusion,0,official_fusion,0,official_fusion
1994,1.0,1.0,0.0,0,official_fusion,0,official_fusion,0,official_fusion,0,official_fusion
1995,0.3085837960243225,0.3085837960243225,0.0,0,official_fusion,0,official_fusion,0,official_fusion,0,official_fusion
1996,0.24413397908210754,0.24413397908210754,0.0,0,official_fusion,0,official_fusion,0,official_fusion,0,official_fusion
1997,0.562986433506012,0.5921304225921631,0.029143989086151123,3,cam28_2,0,official_fusion,0,official_fusion,0,official_fusion
1998,0.6836267709732056,0.777296245098114,0.09366947412490845,0,official_fusion,0,official_fusion,3,cam28_2,0,official_fusion
1999,0.28987187147140503,0.4141845107078552,0.1243126392364502,0,official_fusion,3,cam28_2,1,cam56,0,official_fusion
2000,0.33967435359954834,0.3433551490306854,0.003680795431137085,0,official_fusion,1,cam56,0,official_fusion,0,official_fusion
2001,0.39668482542037964,0.5425192713737488,0.14583444595336914,1,cam56,4,camdeep,0,official_fusion,0,official_fusion
2002,0.35773998498916626,0.5138958692550659,0.15615588426589966,0,official_fusion,0,official_fusion,4,camdeep,0,official_fusion
2003,0.8411591053009033,0.8411591053009033,0.0,0,official_fusion,0,official_fusion,0,official_fusion,0,official_fusion
2004,0.8585578799247742,0.967374861240387,0.10881698131561279,0,official_fusion,3,cam28_2,1,cam56,0,official_fusion
2005,0.5972974896430969,0.5973213315010071,2.384185791015625e-05,0,official_fusion,1,cam56,0,official_fusion,0,official_fusion
2006,0.7362958192825317,0.8935366868972778,0.1572408676147461,0,official_fusion,4,camdeep,0,official_fusion,0,official_fusion
2007,1.0,1.0,0.0,0,official_fusion,0,official_fusion,0,official_fusion,0,official_fusion
2008,0.6274114847183228,0.6276116371154785,0.00020015239715576172,0,official_fusion,2,cam28_1,0,official_fusion,0,official_fusion
2009,0.24529026448726654,0.2655884027481079,0.02029813826084137,0,official_fusion,3,cam28_2,1,cam56,0,official_fusion
2010,1.0,1.0,0.0,0,official_fusion,0,official_fusion,0,official_fusion,0,official_fusion
2011,0.0881231427192688,0.0881231427192688,0.0,0,official_fusion,0,official_fusion,0,official_fusion,0,official_fusion
2012,0.3038770258426666,0.3038770258426666,0.0,0,official_fusion,0,official_fusion,0,official_fusion,0,official_fusion
2013,0.47370705008506775,0.6060726642608643,0.1323656141757965,1,cam56,1,cam56,0,official_fusion,0,official_fusion
2014,1.0,1.0,0.0,0,official_fusion,0,official_fusion,0,official_fusion,0,official_fusion
2015,0.24629969894886017,0.24629969894886017,0.0,0,official_fusion,0,official_fusion,0,official_fusion,0,official_fusion
2016,0.3085837960243225,0.33498528599739075,0.026401489973068237,0,official_fusion,0,official_fusion,4,camdeep,0,official_fusion
2017,0.0,0.0,0.0,0,official_fusion,0,official_fusion,0,official_fusion,0,official_fusion
2018,0.46652379631996155,0.5131917595863342,0.04666796326637268,3,cam28_2,4,camdeep,0,official_fusion,0,official_fusion
2019,1.0,1.0,0.0,0,official_fusion,0,official_fusion,0,official_fusion,0,official_fusion
2020,0.4754364490509033,0.4754364490509033,0.0,0,official_fusion,0,official_fusion,0,official_fusion,0,official_fusion
2021,0.2020956575870514,0.21443015336990356,0.012334495782852173,1,cam56,2,cam28_1,0,official_fusion,0,official_fusion
2022,1.0,1.0,0.0,0,official_fusion,0,official_fusion,0,official_fusion,0,official_fusion
2023,0.891676664352417,0.914732813835144,0.02305614948272705,2,cam28_1,0,official_fusion,0,official_fusion,0,official_fusion
2024,1.0,1.0,0.0,0,official_fusion,0,official_fusion,0,official_fusion,0,official_fusion
2025,1.0,1.0,0.0,0,official_fusion,0,official_fusion,0,official_fusion,0,official_fusion
2026,0.31480520963668823,0.31480520963668823,0.0,0,official_fusion,0,official_fusion,0,official_fusion,0,official_fusion
2027,1.0,1.0,0.0,0,official_fusion,0,official_fusion,0,official_fusion,0,official_fusion
2028,0.31534332036972046,0.31534332036972046,0.0,0,official_fusion,0,official_fusion,0,official_fusion,0,official_fusion
2029,1.0,1.0,0.0,0,official_fusion,0,official_fusion,0,official_fusion,0,official_fusion
2030,0.755887508392334,0.7565072178840637,0.0006197094917297363,0,official_fusion,2,cam28_1,0,official_fusion,0,official_fusion
2031,0.5569877028465271,0.7208850979804993,0.16389739513397217,0,official_fusion,3,cam28_2,1,cam56,0,official_fusion
2032,0.4977877736091614,0.4977877736091614,0.0,0,official_fusion,0,official_fusion,0,official_fusion,0,official_fusion
2033,0.44091796875,0.444746196269989,0.0038282275199890137,0,official_fusion,1,cam56,0,official_fusion,0,official_fusion
2034,1.0,1.0,0.0,0,official_fusion,0,official_fusion,0,official_fusion,0,official_fusion
2035,0.7830111980438232,0.8403753042221069,0.05736410617828369,0,official_fusion,1,cam56,0,official_fusion,0,official_fusion
2036,0.23485331237316132,0.23485331237316132,0.0,0,official_fusion,0,official_fusion,0,official_fusion,0,official_fusion
2037,1.0,1.0,0.0,0,official_fusion,0,official_fusion,0,official_fusion,0,official_fusion
2038,0.47450971603393555,0.47450971603393555,0.0,0,official_fusion,0,official_fusion,0,official_fusion,0,official_fusion
2039,0.35430610179901123,0.36172741651535034,0.007421314716339111,2,cam28_1,0,official_fusion,0,official_fusion,3,cam28_2
2040,0.20111872255802155,0.20111872255802155,0.0,0,official_fusion,0,official_fusion,0,official_fusion,0,official_fusion
2041,0.1874302476644516,0.1959882229566574,0.00855797529220581,0,official_fusion,4,camdeep,0,official_fusion,0,official_fusion
2042,1.0,1.0,0.0,0,official_fusion,0,official_fusion,0,official_fusion,0,official_fusion
2043,0.40026968717575073,0.455300509929657,0.05503082275390625,0,official_fusion,1,cam56,3,cam28_2,0,official_fusion
2044,0.6825631856918335,0.7793522477149963,0.09678906202316284,0,official_fusion,2,cam28_1,2,cam28_1,0,official_fusion
2045,0.996492326259613,0.996492326259613,0.0,0,official_fusion,0,official_fusion,0,official_fusion,0,official_fusion
2046,0.6413355469703674,0.7452023029327393,0.10386675596237183,2,cam28_1,1,cam56,0,official_fusion,0,official_fusion
2047,1.0,1.0,0.0,0,official_fusion,0,official_fusion,0,official_fusion,0,official_fusion
2048,1.0,1.0,0.0,0,official_fusion,0,official_fusion,0,official_fusion,0,official_fusion
2049,0.28488215804100037,0.3213634788990021,0.03648132085800171,0,official_fusion,4,camdeep,0,official_fusion,0,official_fusion
2050,1.0,1.0,0.0,0,official_fusion,0,official_fusion,0,official_fusion,0,official_fusion
2051,1.0,1.0,0.0,0,official_fusion,0,official_fusion,0,official_fusion,0,official_fusion
2052,1.0,1.0,0.0,0,official_fusion,0,official_fusion,0,official_fusion,0,official_fusion
2053,0.3627132475376129,0.3627132475376129,0.0,0,official_fusion,0,official_fusion,0,official_fusion,0,official_fusion
2054,1.0,1.0,0.0,0,official_fusion,0,official_fusion,0,official_fusion,0,official_fusion
2055,0.43726760149002075,0.4727751612663269,0.03550755977630615,0,official_fusion,3,cam28_2,0,official_fusion,0,official_fusion
2056,1.0,1.0,0.0,0,official_fusion,0,official_fusion,0,official_fusion,0,official_fusion
2057,0.7040374875068665,0.7675884962081909,0.06355100870132446,4,camdeep,2,cam28_1,0,official_fusion,0,official_fusion
2058,0.999980092048645,0.999980092048645,0.0,0,official_fusion,0,official_fusion,0,official_fusion,0,official_fusion
2059,1.0,1.0,0.0,0,official_fusion,0,official_fusion,0,official_fusion,0,official_fusion
2060,0.48727336525917053,0.4979906380176544,0.010717272758483887,3,cam28_2,0,official_fusion,2,cam28_1,0,official_fusion
2061,1.0,1.0,0.0,0,official_fusion,0,official_fusion,0,official_fusion,0,official_fusion
2062,0.6208346486091614,0.8678252696990967,0.2469906210899353,3,cam28_2,4,camdeep,0,official_fusion,0,official_fusion
2063,1.0,1.0,0.0,0,official_fusion,0,official_fusion,0,official_fusion,0,official_fusion
2064,0.7584932446479797,0.8150965571403503,0.056603312492370605,2,cam28_1,1,cam56,0,official_fusion,0,official_fusion
2065,1.0,1.0,0.0,0,official_fusion,0,official_fusion,0,official_fusion,0,official_fusion
2066,1.0,1.0,0.0,0,official_fusion,0,official_fusion,0,official_fusion,0,official_fusion
2067,1.0,1.0,0.0,0,official_fusion,0,official_fusion,0,official_fusion,0,official_fusion
2068,0.13814041018486023,0.1613311469554901,0.023190736770629883,0,official_fusion,4,camdeep,0,official_fusion,0,official_fusion
2069,0.7359040379524231,0.8389384150505066,0.1030343770980835,0,official_fusion,4,camdeep,3,cam28_2,0,official_fusion
2070,1.0,1.0,0.0,0,official_fusion,0,official_fusion,0,official_fusion,0,official_fusion
2071,0.3866390287876129,0.3866390287876129,0.0,0,official_fusion,0,official_fusion,0,official_fusion,0,official_fusion
2072,0.8220279812812805,0.8369727730751038,0.014944791793823242,2,cam28_1,3,cam28_2,0,official_fusion,0,official_fusion
2073,1.0,1.0,0.0,0,official_fusion,0,official_fusion,0,official_fusion,0,official_fusion
2074,1.0,1.0,0.0,0,official_fusion,0,official_fusion,0,official_fusion,0,official_fusion
2075,0.6245065331459045,0.7117128968238831,0.08720636367797852,4,camdeep,3,cam28_2,0,official_fusion,0,official_fusion
2076,0.45686861872673035,0.6299347877502441,0.1730661690235138,0,official_fusion,4,camdeep,3,cam28_2,0,official_fusion
2077,0.5271386504173279,0.5297334790229797,0.0025948286056518555,0,official_fusion,2,cam28_1,0,official_fusion,0,official_fusion
2078,1.0,1.0,0.0,0,official_fusion,0,official_fusion,0,official_fusion,0,official_fusion
2079,1.0,1.0,0.0,0,official_fusion,0,official_fusion,0,official_fusion,0,official_fusion
2080,0.06314772367477417,0.11011584848165512,0.04696812480688095,0,official_fusion,1,cam56,0,official_fusion,0,official_fusion
2081,1.0,1.0,0.0,0,official_fusion,0,official_fusion,0,official_fusion,0,official_fusion
2082,0.46775349974632263,0.46775349974632263,0.0,0,official_fusion,0,official_fusion,0,official_fusion,0,official_fusion
2083,0.41526100039482117,0.47548773884773254,0.06022673845291138,2,cam28_1,4,camdeep,0,official_fusion,0,official_fusion
2084,0.2910023331642151,0.2910023331642151,0.0,0,official_fusion,0,official_fusion,0,official_fusion,0,official_fusion
2085,0.30186742544174194,0.30186742544174194,0.0,0,official_fusion,0,official_fusion,0,official_fusion,0,official_fusion
2086,0.38362494111061096,0.4016159176826477,0.017990976572036743,3,cam28_2,4,camdeep,0,official_fusion,0,official_fusion
2087,1.0,1.0,0.0,0,official_fusion,0,official_fusion,0,official_fusion,0,official_fusion
2088,0.4017857015132904,0.4054054021835327,0.0036197006702423096,0,official_fusion,4,camdeep,0,official_fusion,0,official_fusion
2089,0.4566918909549713,0.464049369096756,0.007357478141784668,4,camdeep,1,cam56,0,official_fusion,0,official_fusion
2090,0.43425965309143066,0.49417662620544434,0.05991697311401367,2,cam28_1,4,camdeep,0,official_fusion,0,official_fusion
2091,0.4611966013908386,0.46193307638168335,0.0007364749908447266,0,official_fusion,4,camdeep,0,official_fusion,0,official_fusion
2092,0.5471792817115784,0.6397913694381714,0.09261208772659302,1,cam56,3,cam28_2,0,official_fusion,0,official_fusion
2093,0.37278762459754944,0.3867734372615814,0.013985812664031982,0,official_fusion,0,official_fusion,4,camdeep,0,official_fusion
2094,0.7428226470947266,0.8113929033279419,0.06857025623321533,4,camdeep,3,cam28_2,0,official_fusion,0,official_fusion
2095,0.12884341180324554,0.17558978497982025,0.04674637317657471,2,cam28_1,0,official_fusion,0,official_fusion,2,cam28_1
2096,0.0,0.0,0.0,0,official_fusion,0,official_fusion,0,official_fusion,0,official_fusion
2097,0.07884746044874191,0.07884746044874191,0.0,0,official_fusion,0,official_fusion,0,official_fusion,0,official_fusion
2098,0.6529815196990967,0.6530335545539856,5.2034854888916016e-05,0,official_fusion,3,cam28_2,0,official_fusion,0,official_fusion
2099,0.4843650460243225,0.4843650460243225,0.0,0,official_fusion,0,official_fusion,0,official_fusion,0,official_fusion
2100,1.0,1.0,0.0,0,official_fusion,0,official_fusion,0,official_fusion,0,official_fusion
2101,1.0,1.0,0.0,0,official_fusion,0,official_fusion,0,official_fusion,0,official_fusion
2102,0.0,0.03811792656779289,0.03811792656779289,0,official_fusion,1,cam56,0,official_fusion,0,official_fusion
2103,0.39371922612190247,0.4046945571899414,0.01097533106803894,0,official_fusion,2,cam28_1,0,official_fusion,0,official_fusion
2104,0.8159080147743225,0.8900271058082581,0.07411909103393555,3,cam28_2,1,cam56,0,official_fusion,0,official_fusion
2105,0.4098772406578064,0.415620356798172,0.005743116140365601,0,official_fusion,0,official_fusion,1,cam56,0,official_fusion
2106,0.19674161076545715,0.28017982840538025,0.0834382176399231,2,cam28_1,1,cam56,0,official_fusion,0,official_fusion
2107,0.41012635827064514,0.41012635827064514,0.0,0,official_fusion,0,official_fusion,0,official_fusion,0,official_fusion
2108,1.0,1.0,0.0,0,official_fusion,0,official_fusion,0,official_fusion,0,official_fusion
2109,0.25550171732902527,0.34860941767692566,0.09310770034790039,0,official_fusion,4,camdeep,3,cam28_2,0,official_fusion
2110,1.0,1.0,0.0,0,official_fusion,0,official_fusion,0,official_fusion,0,official_fusion
2111,0.4298170506954193,0.5095537304878235,0.07973667979240417,0,official_fusion,1,cam56,0,official_fusion,0,official_fusion
2112,1.0,1.0,0.0,0,official_fusion,0,official_fusion,0,official_fusion,0,official_fusion
2113,0.5460411906242371,0.5627170205116272,0.016675829887390137,0,official_fusion,2,cam28_1,0,official_fusion,0,official_fusion
2114,1.0,1.0,0.0,0,official_fusion,0,official_fusion,0,official_fusion,0,official_fusion
2115,0.371430367231369,0.42668065428733826,0.05525028705596924,2,cam28_1,0,official_fusion,0,official_fusion,4,camdeep
2116,0.43117228150367737,0.43117228150367737,0.0,0,official_fusion,0,official_fusion,0,official_fusion,0,official_fusion
2117,0.0,0.0,0.0,0,official_fusion,0,official_fusion,0,official_fusion,0,official_fusion
2118,0.4177088439464569,0.42986929416656494,0.012160450220108032,0,official_fusion,3,cam28_2,2,cam28_1,0,official_fusion
2119,0.9243662357330322,0.9243662357330322,0.0,0,official_fusion,0,official_fusion,0,official_fusion,0,official_fusion
2120,0.4128069281578064,0.4142999053001404,0.0014929771423339844,0,official_fusion,0,official_fusion,0,official_fusion,2,cam28_1
2121,0.45851603150367737,0.45851603150367737,0.0,0,official_fusion,0,official_fusion,0,official_fusion,0,official_fusion
2122,0.3268522024154663,0.35631677508354187,0.02946457266807556,0,official_fusion,2,cam28_1,1,cam56,0,official_fusion
2123,1.0,1.0,0.0,0,official_fusion,0,official_fusion,0,official_fusion,0,official_fusion
2124,0.740778923034668,0.7476717233657837,0.006892800331115723,4,camdeep,0,official_fusion,0,official_fusion,0,official_fusion
2125,0.19584688544273376,0.29823336005210876,0.102386474609375,0,official_fusion,3,cam28_2,4,camdeep,0,official_fusion
2126,1.0,1.0,0.0,0,official_fusion,0,official_fusion,0,official_fusion,0,official_fusion
2127,0.3568316400051117,0.5416441559791565,0.1848125159740448,4,camdeep,1,cam56,0,official_fusion,0,official_fusion
2128,0.3097696006298065,0.3097696006298065,0.0,0,official_fusion,0,official_fusion,0,official_fusion,0,official_fusion
2129,0.44943857192993164,0.45560386776924133,0.006165295839309692,0,official_fusion,0,official_fusion,2,cam28_1,0,official_fusion
2130,0.4974619746208191,0.542830228805542,0.0453682541847229,4,camdeep,3,cam28_2,0,official_fusion,0,official_fusion
2131,0.7181957960128784,0.780120849609375,0.06192505359649658,4,camdeep,4,camdeep,0,official_fusion,0,official_fusion
2132,0.5642737746238708,0.7901985049247742,0.22592473030090332,1,cam56,4,camdeep,0,official_fusion,0,official_fusion
2133,1.0,1.0,0.0,0,official_fusion,0,official_fusion,0,official_fusion,0,official_fusion
2134,0.0,0.0,0.0,0,official_fusion,0,official_fusion,0,official_fusion,0,official_fusion
2135,0.4777582883834839,0.4777582883834839,0.0,0,official_fusion,0,official_fusion,0,official_fusion,0,official_fusion
2136,1.0,1.0,0.0,0,official_fusion,0,official_fusion,0,official_fusion,0,official_fusion
2137,0.3578683137893677,0.4193648099899292,0.06149649620056152,1,cam56,2,cam28_1,0,official_fusion,0,official_fusion
2138,0.515932559967041,0.5415144562721252,0.02558189630508423,0,official_fusion,4,camdeep,0,official_fusion,0,official_fusion
2139,1.0,1.0,0.0,0,official_fusion,0,official_fusion,0,official_fusion,0,official_fusion
2140,0.5263736844062805,0.6556723713874817,0.12929868698120117,0,official_fusion,1,cam56,2,cam28_1,0,official_fusion
2141,1.0,1.0,0.0,0,official_fusion,0,official_fusion,0,official_fusion,0,official_fusion
2142,0.2273995578289032,0.2273995578289032,0.0,0,official_fusion,0,official_fusion,0,official_fusion,0,official_fusion
2143,0.001351833576336503,0.010930013842880726,0.009578180499374866,0,official_fusion,1,cam56,0,official_fusion,0,official_fusion
2144,0.19806282222270966,0.19806282222270966,0.0,0,official_fusion,0,official_fusion,0,official_fusion,0,official_fusion
2145,0.8185387253761292,0.9063496589660645,0.0878109335899353,0,official_fusion,1,cam56,3,cam28_2,0,official_fusion
2146,0.7999641299247742,0.8126619458198547,0.012697815895080566,0,official_fusion,4,camdeep,0,official_fusion,0,official_fusion
2147,0.528495728969574,0.6884843707084656,0.1599886417388916,0,official_fusion,1,cam56,4,camdeep,0,official_fusion
2148,0.4417099058628082,0.5075219869613647,0.06581208109855652,0,official_fusion,3,cam28_2,2,cam28_1,0,official_fusion
2149,0.7693799138069153,0.7894850373268127,0.02010512351989746,3,cam28_2,2,cam28_1,0,official_fusion,0,official_fusion
2150,0.5092065334320068,0.5932002067565918,0.08399367332458496,0,official_fusion,3,cam28_2,3,cam28_2,0,official_fusion
2151,0.8827328085899353,0.8827328085899353,0.0,0,official_fusion,0,official_fusion,0,official_fusion,0,official_fusion
2152,0.372796893119812,0.5552182793617249,0.18242138624191284,0,official_fusion,0,official_fusion,1,cam56,0,official_fusion
2153,0.9996811151504517,0.9996811151504517,0.0,0,official_fusion,0,official_fusion,0,official_fusion,0,official_fusion
2154,0.8111932873725891,0.9339331388473511,0.12273985147476196,3,cam28_2,1,cam56,0,official_fusion,0,official_fusion
2155,0.33450978994369507,0.3628068268299103,0.02829703688621521,3,cam28_2,1,cam56,0,official_fusion,0,official_fusion
2156,0.4787946343421936,0.4787946343421936,0.0,0,official_fusion,0,official_fusion,0,official_fusion,0,official_fusion
2157,0.9932637214660645,0.9932637214660645,0.0,0,official_fusion,0,official_fusion,0,official_fusion,0,official_fusion
2158,0.4810168147087097,0.4810168147087097,0.0,0,official_fusion,0,official_fusion,0,official_fusion,0,official_fusion
2159,0.23628248274326324,0.30230140686035156,0.06601892411708832,0,official_fusion,4,camdeep,2,cam28_1,0,official_fusion
2160,0.14488334953784943,0.14488334953784943,0.0,0,official_fusion,0,official_fusion,0,official_fusion,0,official_fusion
2161,0.32873284816741943,0.5106630921363831,0.18193024396896362,0,official_fusion,1,cam56,0,official_fusion,0,official_fusion
2162,0.5299364924430847,0.6009849905967712,0.07104849815368652,0,official_fusion,3,cam28_2,3,cam28_2,0,official_fusion
2163,0.48923787474632263,0.48923787474632263,0.0,0,official_fusion,0,official_fusion,0,official_fusion,0,official_fusion
2164,0.4045966863632202,0.4446001946926117,0.04000350832939148,3,cam28_2,1,cam56,0,official_fusion,0,official_fusion
2165,1.0,1.0,0.0,0,official_fusion,0,official_fusion,0,official_fusion,0,official_fusion
2166,0.7735832333564758,0.8761411309242249,0.10255789756774902,0,official_fusion,1,cam56,1,cam56,0,official_fusion
2167,0.184478759765625,0.3406563699245453,0.1561776101589203,0,official_fusion,4,camdeep,0,official_fusion,0,official_fusion
2168,0.4360949397087097,0.4360949397087097,0.0,0,official_fusion,0,official_fusion,0,official_fusion,0,official_fusion
2169,0.7114142775535583,0.7685273289680481,0.057113051414489746,2,cam28_1,1,cam56,0,official_fusion,0,official_fusion
2170,0.5842833518981934,0.5844696760177612,0.0001863241195678711,0,official_fusion,2,cam28_1,0,official_fusion,0,official_fusion
2171,1.0,1.0,0.0,0,official_fusion,0,official_fusion,0,official_fusion,0,official_fusion
2172,0.38522401452064514,0.38522401452064514,0.0,0,official_fusion,0,official_fusion,0,official_fusion,0,official_fusion
2173,0.4838169515132904,0.4914376437664032,0.007620692253112793,0,official_fusion,1,cam56,0,official_fusion,0,official_fusion
2174,0.8966836929321289,0.8966836929321289,0.0,0,official_fusion,0,official_fusion,0,official_fusion,0,official_fusion
2175,0.4612065553665161,0.4612065553665161,0.0,0,official_fusion,0,official_fusion,0,official_fusion,0,official_fusion
2176,0.6538681983947754,0.6914822459220886,0.03761404752731323,0,official_fusion,2,cam28_1,3,cam28_2,0,official_fusion
2177,0.29913192987442017,0.47797656059265137,0.1788446307182312,0,official_fusion,1,cam56,1,cam56,0,official_fusion
2178,0.9677734375,0.9678505659103394,7.712841033935547e-05,0,official_fusion,3,cam28_2,0,official_fusion,0,official_fusion
2179,1.0,1.0,0.0,0,official_fusion,0,official_fusion,0,official_fusion,0,official_fusion
2180,0.5172592401504517,0.5174242258071899,0.00016498565673828125,0,official_fusion,3,cam28_2,0,official_fusion,0,official_fusion
2181,0.1713448464870453,0.17283588647842407,0.0014910399913787842,0,official_fusion,4,camdeep,3,cam28_2,0,official_fusion
2182,0.4694575071334839,0.4694575071334839,0.0,0,official_fusion,0,official_fusion,0,official_fusion,0,official_fusion
2183,0.48223254084587097,0.4961547553539276,0.01392221450805664,0,official_fusion,1,cam56,0,official_fusion,0,official_fusion
2184,0.4878157079219818,0.5000377297401428,0.01222202181816101,2,cam28_1,2,cam28_1,0,official_fusion,2,cam28_1
2185,0.46424585580825806,0.5666285157203674,0.10238265991210938,0,official_fusion,1,cam56,0,official_fusion,0,official_fusion
2186,0.49975088238716125,0.49975088238716125,0.0,0,official_fusion,0,official_fusion,0,official_fusion,0,official_fusion
2187,1.0,1.0,0.0,0,official_fusion,0,official_fusion,0,official_fusion,0,official_fusion
2188,0.8874760866165161,0.8875468373298645,7.075071334838867e-05,0,official_fusion,3,cam28_2,0,official_fusion,0,official_fusion
2189,0.42516249418258667,0.4595813751220703,0.03441888093948364,0,official_fusion,0,official_fusion,0,official_fusion,3,cam28_2
2190,0.5288907289505005,0.5711748600006104,0.04228413105010986,3,cam28_2,2,cam28_1,0,official_fusion,0,official_fusion
2191,0.30052831768989563,0.31715646386146545,0.016628146171569824,3,cam28_2,0,official_fusion,0,official_fusion,2,cam28_1
2192,1.0,1.0,0.0,0,official_fusion,0,official_fusion,0,official_fusion,0,official_fusion
2193,0.23315927386283875,0.23465581238269806,0.001496538519859314,0,official_fusion,4,camdeep,0,official_fusion,0,official_fusion
2194,0.5090197324752808,0.5888404250144958,0.07982069253921509,0,official_fusion,4,camdeep,2,cam28_1,0,official_fusion
2195,0.18620218336582184,0.2123066782951355,0.02610449492931366,4,camdeep,0,official_fusion,0,official_fusion,3,cam28_2
2196,0.3231261670589447,0.4159468412399292,0.0928206741809845,0,official_fusion,1,cam56,1,cam56,0,official_fusion
2197,1.0,1.0,0.0,0,official_fusion,0,official_fusion,0,official_fusion,0,official_fusion
2198,0.6740274429321289,0.7798548936843872,0.1058274507522583,2,cam28_1,4,camdeep,0,official_fusion,0,official_fusion
2199,0.9854113459587097,0.9854113459587097,0.0,0,official_fusion,0,official_fusion,0,official_fusion,0,official_fusion
2200,0.46177247166633606,0.4751412272453308,0.013368755578994751,0,official_fusion,4,camdeep,3,cam28_2,0,official_fusion
2201,0.6236693263053894,0.7009040117263794,0.07723468542098999,0,official_fusion,2,cam28_1,4,camdeep,0,official_fusion
2202,0.6209288835525513,0.630175769329071,0.009246885776519775,4,camdeep,4,camdeep,0,official_fusion,0,official_fusion
2203,1.0,1.0,0.0,0,official_fusion,0,official_fusion,0,official_fusion,0,official_fusion
2204,1.0,1.0,0.0,0,official_fusion,0,official_fusion,0,official_fusion,0,official_fusion
2205,0.2419682741165161,0.25192978978157043,0.009961515665054321,0,official_fusion,4,camdeep,0,official_fusion,0,official_fusion
2206,0.3431071937084198,0.49348509311676025,0.15037789940834045,0,official_fusion,0,official_fusion,4,camdeep,0,official_fusion
2207,0.2742595970630646,0.30453118681907654,0.030271589756011963,0,official_fusion,0,official_fusion,1,cam56,0,official_fusion
2208,1.0,1.0,0.0,0,official_fusion,0,official_fusion,0,official_fusion,0,official_fusion
2209,0.48398637771606445,0.4841407537460327,0.00015437602996826172,0,official_fusion,0,official_fusion,3,cam28_2,0,official_fusion
2210,1.0,1.0,0.0,0,official_fusion,0,official_fusion,0,official_fusion,0,official_fusion
2211,0.20248261094093323,0.6234697699546814,0.42098715901374817,0,official_fusion,1,cam56,0,official_fusion,0,official_fusion
2212,1.0,1.0,0.0,0,official_fusion,0,official_fusion,0,official_fusion,0,official_fusion
2213,1.0,1.0,0.0,0,official_fusion,0,official_fusion,0,official_fusion,0,official_fusion
2214,0.0,0.011976836249232292,0.011976836249232292,0,official_fusion,4,camdeep,0,official_fusion,0,official_fusion
2215,0.47235730290412903,0.47235730290412903,0.0,0,official_fusion,0,official_fusion,0,official_fusion,0,official_fusion
2216,0.4299817383289337,0.4722290337085724,0.04224729537963867,0,official_fusion,0,official_fusion,0,official_fusion,4,camdeep
2217,1.0,1.0,0.0,0,official_fusion,0,official_fusion,0,official_fusion,0,official_fusion
2218,0.4361673891544342,0.6034402847290039,0.1672728955745697,4,camdeep,3,cam28_2,0,official_fusion,0,official_fusion
2219,0.4908601939678192,0.5493545532226562,0.058494359254837036,0,official_fusion,1,cam56,1,cam56,0,official_fusion
2220,0.15678982436656952,0.1611807942390442,0.00439096987247467,0,official_fusion,3,cam28_2,0,official_fusion,0,official_fusion
2221,0.2734820544719696,0.2734820544719696,0.0,0,official_fusion,0,official_fusion,0,official_fusion,0,official_fusion
2222,1.0,1.0,0.0,0,official_fusion,0,official_fusion,0,official_fusion,0,official_fusion
2223,0.6136542558670044,0.6443408727645874,0.030686616897583008,3,cam28_2,4,camdeep,0,official_fusion,0,official_fusion
2224,0.0,0.0,0.0,0,official_fusion,0,official_fusion,0,official_fusion,0,official_fusion
2225,0.3722277283668518,0.4696320593357086,0.09740433096885681,4,camdeep,3,cam28_2,0,official_fusion,0,official_fusion
2226,1.0,1.0,0.0,0,official_fusion,0,official_fusion,0,official_fusion,0,official_fusion
2227,0.9988042116165161,0.9988042116165161,0.0,0,official_fusion,0,official_fusion,0,official_fusion,0,official_fusion
2228,1.0,1.0,0.0,0,official_fusion,0,official_fusion,0,official_fusion,0,official_fusion
2229,0.28077414631843567,0.28077414631843567,0.0,0,official_fusion,0,official_fusion,0,official_fusion,0,official_fusion
2230,1.0,1.0,0.0,0,official_fusion,0,official_fusion,0,official_fusion,0,official_fusion
2231,1.0,1.0,0.0,0,official_fusion,0,official_fusion,0,official_fusion,0,official_fusion
2232,1.0,1.0,0.0,0,official_fusion,0,official_fusion,0,official_fusion,0,official_fusion
2233,0.4922373294830322,0.4922373294830322,0.0,0,official_fusion,0,official_fusion,0,official_fusion,0,official_fusion
2234,0.8034405708312988,0.8479924201965332,0.044551849365234375,0,official_fusion,3,cam28_2,0,official_fusion,0,official_fusion
2235,0.49955156445503235,0.49955156445503235,0.0,0,official_fusion,0,official_fusion,0,official_fusion,0,official_fusion
2236,1.0,1.0,0.0,0,official_fusion,0,official_fusion,0,official_fusion,0,official_fusion
2237,0.17367887496948242,0.23719006776809692,0.0635111927986145,3,cam28_2,2,cam28_1,0,official_fusion,4,camdeep
2238,1.0,1.0,0.0,0,official_fusion,0,official_fusion,0,official_fusion,0,official_fusion
2239,0.32197996973991394,0.32197996973991394,0.0,0,official_fusion,0,official_fusion,0,official_fusion,0,official_fusion
2240,0.6365792155265808,0.7014309763908386,0.06485176086425781,0,official_fusion,4,camdeep,0,official_fusion,3,cam28_2
2241,0.43145686388015747,0.5072577595710754,0.07580089569091797,1,cam56,4,camdeep,0,official_fusion,0,official_fusion
2242,0.8940049409866333,0.9292421936988831,0.035237252712249756,0,official_fusion,3,cam28_2,0,official_fusion,0,official_fusion
2243,0.21544022858142853,0.33008620142936707,0.11464597284793854,0,official_fusion,4,camdeep,3,cam28_2,0,official_fusion
2244,0.35725247859954834,0.3577902615070343,0.0005377829074859619,0,official_fusion,1,cam56,0,official_fusion,0,official_fusion
2245,0.3954542279243469,0.5234315991401672,0.1279773712158203,1,cam56,4,camdeep,0,official_fusion,0,official_fusion
2246,0.6615272164344788,0.6840579509735107,0.022530734539031982,0,official_fusion,2,cam28_1,0,official_fusion,0,official_fusion
2247,0.2931758463382721,0.5529360771179199,0.2597602307796478,0,official_fusion,4,camdeep,1,cam56,0,official_fusion
2248,0.09996811300516129,0.09996811300516129,0.0,0,official_fusion,0,official_fusion,0,official_fusion,0,official_fusion
2249,0.1642020046710968,0.22529922425746918,0.061097219586372375,0,official_fusion,3,cam28_2,0,official_fusion,0,official_fusion
2250,0.4055415093898773,0.47289079427719116,0.06734928488731384,0,official_fusion,3,cam28_2,1,cam56,0,official_fusion
2251,0.27978935837745667,0.4171050488948822,0.13731569051742554,0,official_fusion,0,official_fusion,4,camdeep,0,official_fusion
2252,0.44710618257522583,0.7339564561843872,0.2868502736091614,0,official_fusion,4,camdeep,0,official_fusion,3,cam28_2
2253,0.44630900025367737,0.44630900025367737,0.0,0,official_fusion,0,official_fusion,0,official_fusion,0,official_fusion
2254,0.3729557991027832,0.39607739448547363,0.02312159538269043,0,official_fusion,2,cam28_1,2,cam28_1,0,official_fusion
2255,0.47640305757522583,0.47640305757522583,0.0,0,official_fusion,0,official_fusion,0,official_fusion,0,official_fusion
2256,0.5483269691467285,0.5561828017234802,0.007855832576751709,3,cam28_2,0,official_fusion,0,official_fusion,4,camdeep
2257,0.4583313465118408,0.6223561763763428,0.16402482986450195,2,cam28_1,1,cam56,0,official_fusion,0,official_fusion
2258,0.48342832922935486,0.48342832922935486,0.0,0,official_fusion,0,official_fusion,0,official_fusion,0,official_fusion
2259,0.831074595451355,0.8729870915412903,0.0419124960899353,0,official_fusion,2,cam28_1,2,cam28_1,0,official_fusion
2260,0.9722377061843872,0.9722377061843872,0.0,0,official_fusion,0,official_fusion,0,official_fusion,0,official_fusion
2261,1.0,1.0,0.0,0,official_fusion,0,official_fusion,0,official_fusion,0,official_fusion
2262,0.21277795732021332,0.31046244502067566,0.09768448770046234,0,official_fusion,3,cam28_2,4,camdeep,0,official_fusion
2263,0.1028180792927742,0.10537172853946686,0.0025536492466926575,0,official_fusion,4,camdeep,0,official_fusion,0,official_fusion
2264,0.0,0.0,0.0,0,official_fusion,0,official_fusion,0,official_fusion,0,official_fusion
2265,0.4112723171710968,0.4112723171710968,0.0,0,official_fusion,0,official_fusion,0,official_fusion,0,official_fusion
2266,1.0,1.0,0.0,0,official_fusion,0,official_fusion,0,official_fusion,0,official_fusion
2267,1.0,1.0,0.0,0,official_fusion,0,official_fusion,0,official_fusion,0,official_fusion
2268,0.3302117884159088,0.42191171646118164,0.09169992804527283,1,cam56,4,camdeep,0,official_fusion,0,official_fusion
2269,1.0,1.0,0.0,0,official_fusion,0,official_fusion,0,official_fusion,0,official_fusion
2270,0.780059814453125,0.8050832748413086,0.025023460388183594,0,official_fusion,1,cam56,2,cam28_1,0,official_fusion
2271,1.0,1.0,0.0,0,official_fusion,0,official_fusion,0,official_fusion,0,official_fusion
2272,1.0,1.0,0.0,0,official_fusion,0,official_fusion,0,official_fusion,0,official_fusion
2273,1.0,1.0,0.0,0,official_fusion,0,official_fusion,0,official_fusion,0,official_fusion
2274,0.8314931392669678,0.8315097093582153,1.6570091247558594e-05,0,official_fusion,4,camdeep,0,official_fusion,0,official_fusion
2275,0.5259462594985962,0.6415159702301025,0.11556971073150635,0,official_fusion,3,cam28_2,1,cam56,0,official_fusion
2276,0.8077350854873657,0.8646748065948486,0.05693972110748291,3,cam28_2,4,camdeep,0,official_fusion,0,official_fusion
2277,0.647930383682251,0.8554863333702087,0.20755594968795776,1,cam56,3,cam28_2,0,official_fusion,0,official_fusion
2278,0.5902025103569031,0.8338050246238708,0.24360251426696777,1,cam56,4,camdeep,0,official_fusion,0,official_fusion
2279,0.31595781445503235,0.31595781445503235,0.0,0,official_fusion,0,official_fusion,0,official_fusion,0,official_fusion
2280,0.9851124286651611,0.9851124286651611,0.0,0,official_fusion,0,official_fusion,0,official_fusion,0,official_fusion
2281,1.0,1.0,0.0,0,official_fusion,0,official_fusion,0,official_fusion,0,official_fusion
2282,0.26555192470550537,0.28316327929496765,0.01761135458946228,0,official_fusion,2,cam28_1,0,official_fusion,2,cam28_1
2283,0.42749521136283875,0.4286474585533142,0.0011522471904754639,0,official_fusion,0,official_fusion,0,official_fusion,1,cam56
2284,0.5868127346038818,0.6073331236839294,0.020520389080047607,2,cam28_1,4,camdeep,0,official_fusion,0,official_fusion
2285,1.0,1.0,0.0,0,official_fusion,0,official_fusion,0,official_fusion,0,official_fusion
2286,0.8277666568756104,0.8769441246986389,0.049177467823028564,1,cam56,4,camdeep,0,official_fusion,0,official_fusion
2287,1.0,1.0,0.0,0,official_fusion,0,official_fusion,0,official_fusion,0,official_fusion
2288,1.0,1.0,0.0,0,official_fusion,0,official_fusion,0,official_fusion,0,official_fusion
2289,0.4857501685619354,0.4857501685619354,0.0,0,official_fusion,0,official_fusion,0,official_fusion,0,official_fusion
2290,0.6392150521278381,0.6903641223907471,0.051149070262908936,0,official_fusion,2,cam28_1,1,cam56,0,official_fusion
2291,1.0,1.0,0.0,0,official_fusion,0,official_fusion,0,official_fusion,0,official_fusion
2292,0.1436842381954193,0.15342117846012115,0.009736940264701843,0,official_fusion,4,camdeep,0,official_fusion,0,official_fusion
2293,0.34287309646606445,0.34287309646606445,0.0,0,official_fusion,0,official_fusion,0,official_fusion,0,official_fusion
2294,0.19721972942352295,0.2209528684616089,0.023733139038085938,0,official_fusion,4,camdeep,0,official_fusion,0,official_fusion
2295,0.2991175949573517,0.3252573013305664,0.02613970637321472,1,cam56,3,cam28_2,0,official_fusion,0,official_fusion
2296,1.0,1.0,0.0,0,official_fusion,0,official_fusion,0,official_fusion,0,official_fusion
2297,1.0,1.0,0.0,0,official_fusion,0,official_fusion,0,official_fusion,0,official_fusion
2298,0.18820418417453766,0.18820418417453766,0.0,0,official_fusion,0,official_fusion,0,official_fusion,0,official_fusion
2299,1.0,1.0,0.0,0,official_fusion,0,official_fusion,0,official_fusion,0,official_fusion
2300,0.38709956407546997,0.38709956407546997,0.0,0,official_fusion,0,official_fusion,0,official_fusion,0,official_fusion
2301,0.823262095451355,0.8235247135162354,0.0002626180648803711,0,official_fusion,2,cam28_1,0,official_fusion,0,official_fusion
2302,1.0,1.0,0.0,0,official_fusion,0,official_fusion,0,official_fusion,0,official_fusion
2303,0.9958346486091614,0.9958346486091614,0.0,0,official_fusion,0,official_fusion,0,official_fusion,0,official_fusion
2304,0.4860808551311493,0.6794424653053284,0.19336161017417908,1,cam56,0,official_fusion,0,official_fusion,0,official_fusion
2305,1.0,1.0,0.0,0,official_fusion,0,official_fusion,0,official_fusion,0,official_fusion
2306,0.3924403488636017,0.5992929935455322,0.20685264468193054,1,cam56,1,cam56,0,official_fusion,0,official_fusion
2307,1.0,1.0,0.0,0,official_fusion,0,official_fusion,0,official_fusion,0,official_fusion
2308,1.0,1.0,0.0,0,official_fusion,0,official_fusion,0,official_fusion,0,official_fusion
2309,1.0,1.0,0.0,0,official_fusion,0,official_fusion,0,official_fusion,0,official_fusion
2310,0.4311004877090454,0.5109717845916748,0.0798712968826294,1,cam56,4,camdeep,0,official_fusion,0,official_fusion
2311,1.0,1.0,0.0,0,official_fusion,0,official_fusion,0,official_fusion,0,official_fusion
2312,0.20119179785251617,0.31357941031455994,0.11238761246204376,0,official_fusion,0,official_fusion,1,cam56,0,official_fusion
2313,0.3724988102912903,0.3724988102912903,0.0,0,official_fusion,0,official_fusion,0,official_fusion,0,official_fusion
2314,1.0,1.0,0.0,0,official_fusion,0,official_fusion,0,official_fusion,0,official_fusion
2315,0.23762288689613342,0.3606277406215668,0.12300485372543335,0,official_fusion,3,cam28_2,4,camdeep,0,official_fusion
2316,1.0,1.0,0.0,0,official_fusion,0,official_fusion,0,official_fusion,0,official_fusion
2317,0.46850088238716125,0.47278451919555664,0.004283636808395386,0,official_fusion,2,cam28_1,0,official_fusion,0,official_fusion
2318,0.39592790603637695,0.5036399364471436,0.1077120304107666,0,official_fusion,1,cam56,1,cam56,0,official_fusion
2319,0.4166513681411743,0.42065930366516113,0.004007935523986816,2,cam28_1,0,official_fusion,0,official_fusion,3,cam28_2
2320,0.9250268936157227,0.9250268936157227,0.0,0,official_fusion,0,official_fusion,0,official_fusion,0,official_fusion
2321,0.3049381971359253,0.3137301802635193,0.008791983127593994,0,official_fusion,4,camdeep,3,cam28_2,0,official_fusion
2322,1.0,1.0,0.0,0,official_fusion,0,official_fusion,0,official_fusion,0,official_fusion
2323,0.4974190890789032,0.4974190890789032,0.0,0,official_fusion,0,official_fusion,0,official_fusion,0,official_fusion
2324,0.9659199714660645,0.9659199714660645,0.0,0,official_fusion,0,official_fusion,0,official_fusion,0,official_fusion
2325,1.0,1.0,0.0,0,official_fusion,0,official_fusion,0,official_fusion,0,official_fusion
2326,1.0,1.0,0.0,0,official_fusion,0,official_fusion,0,official_fusion,0,official_fusion
2327,0.9879424571990967,0.9879424571990967,0.0,0,official_fusion,0,official_fusion,0,official_fusion,0,official_fusion
2328,0.23389826714992523,0.3041146695613861,0.07021640241146088,0,official_fusion,3,cam28_2,3,cam28_2,0,official_fusion
2329,1.0,1.0,0.0,0,official_fusion,0,official_fusion,0,official_fusion,0,official_fusion
2330,0.19042304158210754,0.19042304158210754,0.0,0,official_fusion,0,official_fusion,0,official_fusion,0,official_fusion
2331,0.43963250517845154,0.4615539610385895,0.02192145586013794,0,official_fusion,1,cam56,0,official_fusion,0,official_fusion
2332,0.4442861080169678,0.4442861080169678,0.0,0,official_fusion,0,official_fusion,0,official_fusion,0,official_fusion
2333,0.49605390429496765,0.5027903914451599,0.006736487150192261,0,official_fusion,1,cam56,0,official_fusion,0,official_fusion
2334,0.49286511540412903,0.49286511540412903,0.0,0,official_fusion,0,official_fusion,0,official_fusion,0,official_fusion
2335,0.9884606003761292,0.9884606003761292,0.0,0,official_fusion,0,official_fusion,0,official_fusion,0,official_fusion
2336,1.0,1.0,0.0,0,official_fusion,0,official_fusion,0,official_fusion,0,official_fusion
2337,0.6505687832832336,0.7034063935279846,0.05283761024475098,2,cam28_1,2,cam28_1,0,official_fusion,0,official_fusion
2338,0.48732462525367737,0.4874800741672516,0.00015544891357421875,0,official_fusion,3,cam28_2,0,official_fusion,0,official_fusion
2339,0.5511022210121155,0.6137783527374268,0.06267613172531128,0,official_fusion,0,official_fusion,1,cam56,0,official_fusion
2340,0.6993647813796997,0.731865644454956,0.03250086307525635,0,official_fusion,0,official_fusion,3,cam28_2,0,official_fusion
2341,1.0,1.0,0.0,0,official_fusion,0,official_fusion,0,official_fusion,0,official_fusion
2342,0.2639409303665161,0.26394617557525635,5.245208740234375e-06,0,official_fusion,2,cam28_1,0,official_fusion,0,official_fusion
2343,0.276428759098053,0.30707797408103943,0.03064921498298645,0,official_fusion,1,cam56,2,cam28_1,0,official_fusion
2344,0.7192053198814392,0.7787507176399231,0.05954539775848389,3,cam28_2,1,cam56,0,official_fusion,0,official_fusion
2345,1.0,1.0,0.0,0,official_fusion,0,official_fusion,0,official_fusion,0,official_fusion
2346,0.4172845482826233,0.5797488689422607,0.16246432065963745,1,cam56,0,official_fusion,0,official_fusion,0,official_fusion
2347,1.0,1.0,0.0,0,official_fusion,0,official_fusion,0,official_fusion,0,official_fusion
2348,0.38753995299339294,0.5181324481964111,0.1305924952030182,2,cam28_1,4,camdeep,0,official_fusion,0,official_fusion
2349,0.26935315132141113,0.40910446643829346,0.13975131511688232,1,cam56,1,cam56,0,official_fusion,0,official_fusion
2350,0.6619880795478821,0.7515542507171631,0.089566171169281,3,cam28_2,1,cam56,0,official_fusion,0,official_fusion
2351,0.6013513803482056,0.7182692289352417,0.11691784858703613,1,cam56,1,cam56,0,official_fusion,0,official_fusion
2352,0.7340561151504517,0.7340561151504517,0.0,0,official_fusion,0,official_fusion,0,official_fusion,0,official_fusion
2353,0.4040178656578064,0.40403395891189575,1.609325408935547e-05,0,official_fusion,1,cam56,0,official_fusion,0,official_fusion
2354,0.2856954336166382,0.392054945230484,0.10635951161384583,0,official_fusion,4,camdeep,2,cam28_1,0,official_fusion
2355,0.8711098432540894,0.88958340883255,0.018473565578460693,2,cam28_1,2,cam28_1,0,official_fusion,0,official_fusion
2356,1.0,1.0,0.0,0,official_fusion,0,official_fusion,0,official_fusion,0,official_fusion
2357,0.9539022445678711,0.9539022445678711,0.0,0,official_fusion,0,official_fusion,0,official_fusion,0,official_fusion
2358,0.7069591879844666,0.7945991158485413,0.08763992786407471,3,cam28_2,4,camdeep,0,official_fusion,0,official_fusion
2359,0.9958546161651611,0.9958546161651611,0.0,0,official_fusion,0,official_fusion,0,official_fusion,0,official_fusion
2360,0.4988241493701935,0.4988241493701935,0.0,0,official_fusion,0,official_fusion,0,official_fusion,0,official_fusion
2361,0.619652509689331,0.7126575708389282,0.09300506114959717,1,cam56,2,cam28_1,0,official_fusion,0,official_fusion
2362,0.5948718190193176,0.6411726474761963,0.04630082845687866,0,official_fusion,1,cam56,1,cam56,0,official_fusion
2363,0.35833194851875305,0.3950614035129547,0.03672945499420166,0,official_fusion,0,official_fusion,0,official_fusion,2,cam28_1
2364,0.3216305673122406,0.3966398537158966,0.075009286403656,1,cam56,1,cam56,0,official_fusion,0,official_fusion
2365,0.47736966609954834,0.47736966609954834,0.0,0,official_fusion,0,official_fusion,0,official_fusion,0,official_fusion
2366,0.3453909158706665,0.36107301712036133,0.015682101249694824,4,camdeep,0,official_fusion,0,official_fusion,0,official_fusion
2367,0.2110770046710968,0.2110770046710968,0.0,0,official_fusion,0,official_fusion,0,official_fusion,0,official_fusion
2368,1.0,1.0,0.0,0,official_fusion,0,official_fusion,0,official_fusion,0,official_fusion
2369,1.0,1.0,0.0,0,official_fusion,0,official_fusion,0,official_fusion,0,official_fusion
2370,0.256117582321167,0.2797774374485016,0.023659855127334595,1,cam56,3,cam28_2,0,official_fusion,0,official_fusion
2371,1.0,1.0,0.0,0,official_fusion,0,official_fusion,0,official_fusion,0,official_fusion
2372,1.0,1.0,0.0,0,official_fusion,0,official_fusion,0,official_fusion,0,official_fusion
2373,0.959980845451355,0.959980845451355,0.0,0,official_fusion,0,official_fusion,0,official_fusion,0,official_fusion
2374,0.8027941584587097,0.8030502200126648,0.0002560615539550781,0,official_fusion,3,cam28_2,0,official_fusion,0,official_fusion
2375,0.3967992067337036,0.422272264957428,0.025473058223724365,4,camdeep,0,official_fusion,0,official_fusion,3,cam28_2
2376,0.2589479088783264,0.527922511100769,0.2689746022224426,0,official_fusion,2,cam28_1,4,camdeep,0,official_fusion
2377,0.48962652683258057,0.48962652683258057,0.0,0,official_fusion,0,official_fusion,0,official_fusion,0,official_fusion
2378,0.46076345443725586,0.5536181330680847,0.09285467863082886,0,official_fusion,4,camdeep,1,cam56,0,official_fusion
2379,0.3287859559059143,0.3864452838897705,0.0576593279838562,0,official_fusion,4,camdeep,2,cam28_1,0,official_fusion
2380,0.18434929847717285,0.2806684970855713,0.09631919860839844,4,camdeep,0,official_fusion,0,official_fusion,3,cam28_2
2381,0.3143634498119354,0.3143634498119354,0.0,0,official_fusion,0,official_fusion,0,official_fusion,0,official_fusion
2382,0.6052596569061279,0.6410648822784424,0.03580522537231445,0,official_fusion,3,cam28_2,1,cam56,0,official_fusion
2383,0.3149353861808777,0.39381787180900574,0.07888248562812805,1,cam56,4,camdeep,0,official_fusion,0,official_fusion
2384,0.25209927558898926,0.3530433475971222,0.10094407200813293,0,official_fusion,0,official_fusion,0,official_fusion,1,cam56
2385,0.17888998985290527,0.20645137131214142,0.027561381459236145,3,cam28_2,1,cam56,0,official_fusion,0,official_fusion
2386,0.29198139905929565,0.3583815395832062,0.06640014052391052,2,cam28_1,4,camdeep,0,official_fusion,0,official_fusion
2387,0.4473994970321655,0.4940372109413147,0.04663771390914917,4,camdeep,2,cam28_1,0,official_fusion,0,official_fusion
2388,1.0,1.0,0.0,0,official_fusion,0,official_fusion,0,official_fusion,0,official_fusion
2389,0.43341368436813354,0.5571146607398987,0.12370097637176514,0,official_fusion,2,cam28_1,4,camdeep,0,official_fusion
2390,0.3190569281578064,0.3190569281578064,0.0,0,official_fusion,0,official_fusion,0,official_fusion,0,official_fusion
2391,0.22161325812339783,0.22161325812339783,0.0,0,official_fusion,0,official_fusion,0,official_fusion,0,official_fusion
2392,0.36883702874183655,0.4408562481403351,0.07201921939849854,2,cam28_1,1,cam56,0,official_fusion,0,official_fusion
2393,1.0,1.0,0.0,0,official_fusion,0,official_fusion,0,official_fusion,0,official_fusion
2394,0.5542372465133667,0.5600371360778809,0.00579988956451416,3,cam28_2,0,official_fusion,0,official_fusion,2,cam28_1
2395,1.0,1.0,0.0,0,official_fusion,0,official_fusion,0,official_fusion,0,official_fusion
2396,0.019896630197763443,0.019896630197763443,0.0,0,official_fusion,0,official_fusion,0,official_fusion,0,official_fusion
2397,0.45049425959587097,0.45049425959587097,0.0,0,official_fusion,0,official_fusion,0,official_fusion,0,official_fusion
2398,0.28538668155670166,0.359106183052063,0.07371950149536133,0,official_fusion,2,cam28_1,4,camdeep,0,official_fusion
2399,0.4442776143550873,0.5320963263511658,0.08781871199607849,3,cam28_2,4,camdeep,3,cam28_2,0,official_fusion
2400,0.47212812304496765,0.47212812304496765,0.0,0,official_fusion,0,official_fusion,0,official_fusion,0,official_fusion
2401,0.5279425382614136,0.5408469438552856,0.01290440559387207,4,camdeep,0,official_fusion,0,official_fusion,2,cam28_1
2402,0.3051159977912903,0.3051159977912903,0.0,0,official_fusion,0,official_fusion,0,official_fusion,0,official_fusion
2403,0.49863481521606445,0.49863481521606445,0.0,0,official_fusion,0,official_fusion,0,official_fusion,0,official_fusion
2404,0.9737125039100647,0.9737125039100647,0.0,0,official_fusion,0,official_fusion,0,official_fusion,0,official_fusion
2405,1.0,1.0,0.0,0,official_fusion,0,official_fusion,0,official_fusion,0,official_fusion
2406,0.4276588261127472,0.4721390902996063,0.04448026418685913,0,official_fusion,2,cam28_1,4,camdeep,0,official_fusion
2407,0.24876414239406586,0.263592928647995,0.014828786253929138,2,cam28_1,1,cam56,1,cam56,0,official_fusion
2408,0.4686869978904724,0.493893563747406,0.025206565856933594,0,official_fusion,3,cam28_2,0,official_fusion,0,official_fusion
2409,0.08484800159931183,0.08484800159931183,0.0,0,official_fusion,0,official_fusion,0,official_fusion,0,official_fusion
2410,1.0,1.0,0.0,0,official_fusion,0,official_fusion,0,official_fusion,0,official_fusion
2411,0.2938855290412903,0.2938855290412903,0.0,0,official_fusion,0,official_fusion,0,official_fusion,0,official_fusion
2412,0.08828426897525787,0.12492344528436661,0.036639176309108734,4,camdeep,3,cam28_2,0,official_fusion,0,official_fusion
2413,0.8321937322616577,0.8321937322616577,0.0,0,official_fusion,0,official_fusion,0,official_fusion,0,official_fusion
2414,0.7396952509880066,0.8183478116989136,0.07865256071090698,3,cam28_2,2,cam28_1,0,official_fusion,0,official_fusion
2415,0.417399525642395,0.6632782816886902,0.24587875604629517,0,official_fusion,0,official_fusion,4,camdeep,0,official_fusion
2416,0.9167729616165161,0.9167729616165161,0.0,0,official_fusion,0,official_fusion,0,official_fusion,0,official_fusion
2417,1.0,1.0,0.0,0,official_fusion,0,official_fusion,0,official_fusion,0,official_fusion
2418,0.49975088238716125,0.49975088238716125,0.0,0,official_fusion,0,official_fusion,0,official_fusion,0,official_fusion
2419,0.9204002022743225,0.9204368591308594,3.6656856536865234e-05,0,official_fusion,1,cam56,0,official_fusion,0,official_fusion
2420,1.0,1.0,0.0,0,official_fusion,0,official_fusion,0,official_fusion,0,official_fusion
2421,1.0,1.0,0.0,0,official_fusion,0,official_fusion,0,official_fusion,0,official_fusion
2422,0.33198097348213196,0.4109618663787842,0.07898089289665222,0,official_fusion,4,camdeep,1,cam56,0,official_fusion
2423,1.0,1.0,0.0,0,official_fusion,0,official_fusion,0,official_fusion,0,official_fusion
2424,1.0,1.0,0.0,0,official_fusion,0,official_fusion,0,official_fusion,0,official_fusion
2425,0.6936905384063721,0.7218508124351501,0.028160274028778076,0,official_fusion,3,cam28_2,3,cam28_2,0,official_fusion
2426,1.0,1.0,0.0,0,official_fusion,0,official_fusion,0,official_fusion,0,official_fusion
2427,0.4020846486091614,0.4020846486091614,0.0,0,official_fusion,0,official_fusion,0,official_fusion,0,official_fusion
2428,0.43063417077064514,0.43063417077064514,0.0,0,official_fusion,0,official_fusion,0,official_fusion,0,official_fusion
2429,0.3777584731578827,0.3874036967754364,0.009645223617553711,2,cam28_1,0,official_fusion,0,official_fusion,2,cam28_1
2430,0.3638145327568054,0.39168137311935425,0.027866840362548828,1,cam56,4,camdeep,0,official_fusion,0,official_fusion
2431,1.0,1.0,0.0,0,official_fusion,0,official_fusion,0,official_fusion,0,official_fusion
2432,0.4333745241165161,0.5204363465309143,0.0870618224143982,0,official_fusion,1,cam56,0,official_fusion,0,official_fusion
2433,0.46544164419174194,0.46544164419174194,0.0,0,official_fusion,0,official_fusion,0,official_fusion,0,official_fusion
2434,0.909629225730896,0.9184951186180115,0.008865892887115479,2,cam28_1,2,cam28_1,0,official_fusion,0,official_fusion
2435,1.0,1.0,0.0,0,official_fusion,0,official_fusion,0,official_fusion,0,official_fusion
2436,1.0,1.0,0.0,0,official_fusion,0,official_fusion,0,official_fusion,0,official_fusion
2437,0.31638631224632263,0.32123279571533203,0.004846483469009399,0,official_fusion,4,camdeep,0,official_fusion,0,official_fusion
2438,0.09129863232374191,0.09164933115243912,0.0003506988286972046,0,official_fusion,4,camdeep,0,official_fusion,0,official_fusion
2439,0.661522626876831,0.6685323119163513,0.007009685039520264,3,cam28_2,2,cam28_1,0,official_fusion,0,official_fusion
2440,0.2767657935619354,0.2768540680408478,8.827447891235352e-05,0,official_fusion,3,cam28_2,0,official_fusion,0,official_fusion
2441,0.3518415093421936,0.6486477255821228,0.2968062162399292,0,official_fusion,1,cam56,0,official_fusion,0,official_fusion
2442,1.0,1.0,0.0,0,official_fusion,0,official_fusion,0,official_fusion,0,official_fusion
2443,0.5715680718421936,0.571932852268219,0.0003647804260253906,0,official_fusion,4,camdeep,0,official_fusion,0,official_fusion
2444,1.0,1.0,0.0,0,official_fusion,0,official_fusion,0,official_fusion,0,official_fusion
2445,0.9432995915412903,0.9432995915412903,0.0,0,official_fusion,0,official_fusion,0,official_fusion,0,official_fusion
2446,0.601874053478241,0.6883906126022339,0.08651655912399292,0,official_fusion,4,camdeep,3,cam28_2,0,official_fusion
2447,1.0,1.0,0.0,0,official_fusion,0,official_fusion,0,official_fusion,0,official_fusion
2448,0.20604760944843292,0.29848727583885193,0.092439666390419,0,official_fusion,1,cam56,4,camdeep,0,official_fusion
2449,0.9952367544174194,0.9952367544174194,0.0,0,official_fusion,0,official_fusion,0,official_fusion,0,official_fusion
2450,1.0,1.0,0.0,0,official_fusion,0,official_fusion,0,official_fusion,0,official_fusion
2451,1.0,1.0,0.0,0,official_fusion,0,official_fusion,0,official_fusion,0,official_fusion
2452,0.19673483073711395,0.3346848785877228,0.13795004785060883,4,camdeep,0,official_fusion,0,official_fusion,0,official_fusion
2453,1.0,1.0,0.0,0,official_fusion,0,official_fusion,0,official_fusion,0,official_fusion
2454,0.2672058045864105,0.34260648488998413,0.07540068030357361,0,official_fusion,0,official_fusion,0,official_fusion,1,cam56
2455,1.0,1.0,0.0,0,official_fusion,0,official_fusion,0,official_fusion,0,official_fusion
2456,0.1916053146123886,0.38878101110458374,0.19717569649219513,1,cam56,4,camdeep,0,official_fusion,0,official_fusion
2457,0.0006975446594879031,0.0006976002478040755,5.5588316172361374e-08,0,official_fusion,1,cam56,0,official_fusion,0,official_fusion
2458,0.6865388751029968,0.7387117147445679,0.052172839641571045,2,cam28_1,1,cam56,0,official_fusion,0,official_fusion
2459,1.0,1.0,0.0,0,official_fusion,0,official_fusion,0,official_fusion,0,official_fusion
2460,0.7058150768280029,0.7478311657905579,0.04201608896255493,0,official_fusion,0,official_fusion,3,cam28_2,0,official_fusion
2461,0.41785913705825806,0.41785913705825806,0.0,0,official_fusion,0,official_fusion,0,official_fusion,0,official_fusion
2462,0.2567788362503052,0.44995856285095215,0.19317972660064697,1,cam56,4,camdeep,0,official_fusion,0,official_fusion
2463,0.22915337979793549,0.2293689101934433,0.0002155303955078125,0,official_fusion,2,cam28_1,0,official_fusion,0,official_fusion
2464,0.5062844157218933,0.6007275581359863,0.09444314241409302,0,official_fusion,4,camdeep,2,cam28_1,0,official_fusion
2465,0.7830345630645752,0.8049345016479492,0.021899938583374023,0,official_fusion,3,cam28_2,0,official_fusion,0,official_fusion
2466,0.0603119395673275,0.20393408834934235,0.14362214505672455,0,official_fusion,1,cam56,0,official_fusion,0,official_fusion
2467,0.3655962347984314,0.43576642870903015,0.07017019391059875,3,cam28_2,3,cam28_2,0,official_fusion,0,official_fusion
2468,1.0,1.0,0.0,0,official_fusion,0,official_fusion,0,official_fusion,0,official_fusion
2469,1.0,1.0,0.0,0,official_fusion,0,official_fusion,0,official_fusion,0,official_fusion
2470,0.4704883396625519,0.5073530673980713,0.03686472773551941,0,official_fusion,4,camdeep,0,official_fusion,0,official_fusion
2471,1.0,1.0,0.0,0,official_fusion,0,official_fusion,0,official_fusion,0,official_fusion
2472,0.3607485592365265,0.3952118158340454,0.03446325659751892,0,official_fusion,0,official_fusion,1,cam56,0,official_fusion
2473,1.0,1.0,0.0,0,official_fusion,0,official_fusion,0,official_fusion,0,official_fusion
2474,0.627495527267456,0.6311887502670288,0.003693222999572754,2,cam28_1,0,official_fusion,0,official_fusion,0,official_fusion
2475,0.4946339726448059,0.5292769074440002,0.034642934799194336,0,official_fusion,4,camdeep,1,cam56,0,official_fusion
2476,0.510164201259613,0.5101743936538696,1.0192394256591797e-05,0,official_fusion,2,cam28_1,0,official_fusion,0,official_fusion
2477,0.16354432702064514,0.16354432702064514,0.0,0,official_fusion,0,official_fusion,0,official_fusion,0,official_fusion
2478,0.25910231471061707,0.27888113260269165,0.019778817892074585,0,official_fusion,0,official_fusion,0,official_fusion,4,camdeep
2479,0.4782029986381531,0.5740808248519897,0.09587782621383667,1,cam56,1,cam56,0,official_fusion,0,official_fusion
2480,1.0,1.0,0.0,0,official_fusion,0,official_fusion,0,official_fusion,0,official_fusion
2481,0.4775988459587097,0.4775988459587097,0.0,0,official_fusion,0,official_fusion,0,official_fusion,0,official_fusion
2482,0.44115278124809265,0.556604266166687,0.11545148491859436,1,cam56,0,official_fusion,0,official_fusion,0,official_fusion
2483,0.16670985519886017,0.22187398374080658,0.05516412854194641,4,camdeep,3,cam28_2,0,official_fusion,0,official_fusion
2484,1.0,1.0,0.0,0,official_fusion,0,official_fusion,0,official_fusion,0,official_fusion
2485,1.0,1.0,0.0,0,official_fusion,0,official_fusion,0,official_fusion,0,official_fusion
2486,1.992984653043095e-05,1.992984653043095e-05,0.0,0,official_fusion,0,official_fusion,0,official_fusion,0,official_fusion
2487,0.11088966578245163,0.11088966578245163,0.0,0,official_fusion,0,official_fusion,0,official_fusion,0,official_fusion
2488,0.3002244532108307,0.4214543402194977,0.12122988700866699,0,official_fusion,0,official_fusion,4,camdeep,0,official_fusion
2489,0.5366665124893188,0.6605485081672668,0.123881995677948,0,official_fusion,3,cam28_2,3,cam28_2,0,official_fusion
2490,0.6137233972549438,0.6821399927139282,0.06841659545898438,4,camdeep,2,cam28_1,0,official_fusion,0,official_fusion
2491,1.0,1.0,0.0,0,official_fusion,0,official_fusion,0,official_fusion,0,official_fusion
2492,0.6156961917877197,0.6818981170654297,0.06620192527770996,0,official_fusion,3,cam28_2,1,cam56,0,official_fusion
2493,0.42590081691741943,0.42590081691741943,0.0,0,official_fusion,0,official_fusion,0,official_fusion,0,official_fusion
2494,1.0,1.0,0.0,0,official_fusion,0,official_fusion,0,official_fusion,0,official_fusion
2495,0.3109653890132904,0.5245277881622314,0.21356239914894104,0,official_fusion,0,official_fusion,1,cam56,0,official_fusion
2496,0.6734893321990967,0.6734893321990967,0.0,0,official_fusion,0,official_fusion,0,official_fusion,0,official_fusion
2497,0.22003215551376343,0.22003215551376343,0.0,0,official_fusion,0,official_fusion,0,official_fusion,0,official_fusion
2498,1.0,1.0,0.0,0,official_fusion,0,official_fusion,0,official_fusion,0,official_fusion
2499,0.3666278123855591,0.6168140769004822,0.2501862645149231,1,cam56,4,camdeep,0,official_fusion,0,official_fusion
2500,0.46877989172935486,0.46877989172935486,0.0,0,official_fusion,0,official_fusion,0,official_fusion,0,official_fusion
2501,0.3467295169830322,0.34684011340141296,0.0001105964183807373,0,official_fusion,0,official_fusion,3,cam28_2,0,official_fusion
2502,0.527977705001831,0.559709906578064,0.03173220157623291,0,official_fusion,0,official_fusion,0,official_fusion,3,cam28_2
2503,1.0,1.0,0.0,0,official_fusion,0,official_fusion,0,official_fusion,0,official_fusion
2504,0.47941598296165466,0.5806484818458557,0.10123249888420105,2,cam28_1,4,camdeep,0,official_fusion,0,official_fusion
2505,0.4753362536430359,0.7167642712593079,0.24142801761627197,0,official_fusion,4,camdeep,0,official_fusion,0,official_fusion
2506,1.0,1.0,0.0,0,official_fusion,0,official_fusion,0,official_fusion,0,official_fusion
2507,0.5647199153900146,0.6081355214118958,0.043415606021881104,3,cam28_2,2,cam28_1,0,official_fusion,0,official_fusion
2508,1.0,1.0,0.0,0,official_fusion,0,official_fusion,0,official_fusion,0,official_fusion
2509,1.0,1.0,0.0,0,official_fusion,0,official_fusion,0,official_fusion,0,official_fusion
2510,0.3099091053009033,0.3099091053009033,0.0,0,official_fusion,0,official_fusion,0,official_fusion,0,official_fusion
2511,0.6253820061683655,0.6806276440620422,0.05524563789367676,3,cam28_2,0,official_fusion,0,official_fusion,0,official_fusion
2512,0.4707720875740051,0.5569859743118286,0.08621388673782349,3,cam28_2,4,camdeep,0,official_fusion,2,cam28_1
2513,1.0,1.0,0.0,0,official_fusion,0,official_fusion,0,official_fusion,0,official_fusion
2514,0.6081392765045166,0.7145278453826904,0.10638856887817383,4,camdeep,3,cam28_2,0,official_fusion,0,official_fusion
2515,0.3265106678009033,0.32779958844184875,0.0012889206409454346,0,official_fusion,1,cam56,0,official_fusion,0,official_fusion
2516,0.8302489519119263,0.9437647461891174,0.11351579427719116,0,official_fusion,1,cam56,0,official_fusion,0,official_fusion
2517,0.5653300285339355,0.8616271018981934,0.2962970733642578,0,official_fusion,4,camdeep,2,cam28_1,0,official_fusion
2518,0.9780173897743225,0.9780173897743225,0.0,0,official_fusion,0,official_fusion,0,official_fusion,0,official_fusion
2519,0.3052588105201721,0.3052588105201721,0.0,0,official_fusion,0,official_fusion,0,official_fusion,0,official_fusion
2520,0.3852284848690033,0.578734278678894,0.19350579380989075,1,cam56,4,camdeep,0,official_fusion,0,official_fusion
2521,0.6366097331047058,0.7402251958847046,0.10361546277999878,1,cam56,3,cam28_2,0,official_fusion,0,official_fusion
2522,0.44733545184135437,0.44969311356544495,0.002357661724090576,0,official_fusion,0,official_fusion,3,cam28_2,0,official_fusion
2523,0.7254564762115479,0.7536369562149048,0.028180480003356934,0,official_fusion,4,camdeep,0,official_fusion,0,official_fusion
2524,0.31124526262283325,0.34911659359931946,0.037871330976486206,3,cam28_2,2,cam28_1,0,official_fusion,0,official_fusion
2525,0.031210139393806458,0.031210139393806458,0.0,0,official_fusion,0,official_fusion,0,official_fusion,0,official_fusion
2526,0.2046130895614624,0.2046130895614624,0.0,0,official_fusion,0,official_fusion,0,official_fusion,0,official_fusion
2527,1.0,1.0,0.0,0,official_fusion,0,official_fusion,0,official_fusion,0,official_fusion
2528,1.0,1.0,0.0,0,official_fusion,0,official_fusion,0,official_fusion,0,official_fusion
2529,0.17037051916122437,0.1778516322374344,0.007481113076210022,0,official_fusion,0,official_fusion,4,camdeep,0,official_fusion
2530,0.4962420165538788,0.49866724014282227,0.0024252235889434814,0,official_fusion,0,official_fusion,1,cam56,0,official_fusion
2531,0.44698256254196167,0.47931966185569763,0.03233709931373596,0,official_fusion,3,cam28_2,2,cam28_1,0,official_fusion
2532,0.6598435044288635,0.7356696724891663,0.07582616806030273,3,cam28_2,2,cam28_1,0,official_fusion,0,official_fusion
2533,0.4492087960243225,0.4492177367210388,8.940696716308594e-06,0,official_fusion,2,cam28_1,0,official_fusion,0,official_fusion
2534,0.3479950428009033,0.3479950428009033,0.0,0,official_fusion,0,official_fusion,0,official_fusion,0,official_fusion
2535,1.0,1.0,0.0,0,official_fusion,0,official_fusion,0,official_fusion,0,official_fusion
2536,0.7996509671211243,0.8419694900512695,0.042318522930145264,0,official_fusion,3,cam28_2,3,cam28_2,0,official_fusion
2537,1.0,1.0,0.0,0,official_fusion,0,official_fusion,0,official_fusion,0,official_fusion
2538,1.0,1.0,0.0,0,official_fusion,0,official_fusion,0,official_fusion,0,official_fusion
2539,0.4234660565853119,0.43212684988975525,0.00866079330444336,4,camdeep,0,official_fusion,0,official_fusion,3,cam28_2
2540,1.0,1.0,0.0,0,official_fusion,0,official_fusion,0,official_fusion,0,official_fusion
2541,0.32956990599632263,0.32956990599632263,0.0,0,official_fusion,0,official_fusion,0,official_fusion,0,official_fusion
2542,0.9646843075752258,0.9646843075752258,0.0,0,official_fusion,0,official_fusion,0,official_fusion,0,official_fusion
2543,0.25623369216918945,0.4529854953289032,0.19675180315971375,0,official_fusion,4,camdeep,3,cam28_2,0,official_fusion
2544,1.0,1.0,0.0,0,official_fusion,0,official_fusion,0,official_fusion,0,official_fusion
2545,1.0,1.0,0.0,0,official_fusion,0,official_fusion,0,official_fusion,0,official_fusion
2546,0.3316272795200348,0.4014982581138611,0.0698709785938263,0,official_fusion,3,cam28_2,1,cam56,0,official_fusion
2547,0.2875278890132904,0.28885453939437866,0.0013266503810882568,0,official_fusion,1,cam56,0,official_fusion,0,official_fusion
2548,0.737756073474884,0.8750988841056824,0.13734281063079834,4,camdeep,3,cam28_2,0,official_fusion,0,official_fusion
2549,0.9929847121238708,0.9993622303009033,0.006377518177032471,0,official_fusion,0,official_fusion,1,cam56,0,official_fusion
2550,0.01491416897624731,0.01491416897624731,0.0,0,official_fusion,0,official_fusion,0,official_fusion,0,official_fusion
2551,1.0,1.0,0.0,0,official_fusion,0,official_fusion,0,official_fusion,0,official_fusion
2552,0.39408281445503235,0.39408281445503235,0.0,0,official_fusion,0,official_fusion,0,official_fusion,0,official_fusion
2553,0.6878786683082581,0.6878786683082581,0.0,0,official_fusion,0,official_fusion,0,official_fusion,0,official_fusion
2554,0.5543586015701294,0.5960792899131775,0.041720688343048096,0,official_fusion,2,cam28_1,4,camdeep,0,official_fusion
2555,0.6686553359031677,0.6857486963272095,0.017093360424041748,0,official_fusion,1,cam56,0,official_fusion,0,official_fusion
2556,1.0,1.0,0.0,0,official_fusion,0,official_fusion,0,official_fusion,0,official_fusion
2557,1.0,1.0,0.0,0,official_fusion,0,official_fusion,0,official_fusion,0,official_fusion
2558,0.6275163888931274,0.7170385122299194,0.08952212333679199,0,official_fusion,3,cam28_2,4,camdeep,0,official_fusion
2559,0.5424604415893555,0.6288986802101135,0.08643823862075806,0,official_fusion,4,camdeep,0,official_fusion,0,official_fusion
2560,0.5527194142341614,0.6350176930427551,0.08229827880859375,4,camdeep,1,cam56,0,official_fusion,0,official_fusion
2561,1.0,1.0,0.0,0,official_fusion,0,official_fusion,0,official_fusion,0,official_fusion
2562,0.23175735771656036,0.24646255373954773,0.014705196022987366,4,camdeep,0,official_fusion,0,official_fusion,2,cam28_1
2563,0.45860570669174194,0.45860570669174194,0.0,0,official_fusion,0,official_fusion,0,official_fusion,0,official_fusion
2564,0.32101476192474365,0.3746812641620636,0.053666502237319946,0,official_fusion,1,cam56,2,cam28_1,0,official_fusion
2565,0.48755162954330444,0.5481074452400208,0.06055581569671631,0,official_fusion,0,official_fusion,0,official_fusion,3,cam28_2
2566,0.4462292790412903,0.4462292790412903,0.0,0,official_fusion,0,official_fusion,0,official_fusion,0,official_fusion
2567,0.32556551694869995,0.6955306529998779,0.369965136051178,0,official_fusion,4,camdeep,3,cam28_2,0,official_fusion
2568,0.4681321680545807,0.4681321680545807,0.0,0,official_fusion,0,official_fusion,0,official_fusion,0,official_fusion
2569,1.0,1.0,0.0,0,official_fusion,0,official_fusion,0,official_fusion,0,official_fusion
2570,0.6571744084358215,0.7060873508453369,0.04891294240951538,3,cam28_2,3,cam28_2,0,official_fusion,0,official_fusion
2571,0.45128148794174194,0.5575738549232483,0.10629236698150635,0,official_fusion,4,camdeep,0,official_fusion,0,official_fusion
2572,0.2968912124633789,0.33613502979278564,0.03924381732940674,1,cam56,1,cam56,0,official_fusion,0,official_fusion
2573,0.4930743873119354,0.4930743873119354,0.0,0,official_fusion,0,official_fusion,0,official_fusion,0,official_fusion
2574,0.3038022518157959,0.3655577301979065,0.061755478382110596,0,official_fusion,1,cam56,2,cam28_1,0,official_fusion
2575,0.16562698781490326,0.16562698781490326,0.0,0,official_fusion,0,official_fusion,0,official_fusion,0,official_fusion
2576,0.2912946343421936,0.291317880153656,2.3245811462402344e-05,0,official_fusion,3,cam28_2,0,official_fusion,0,official_fusion
2577,0.53924161195755,0.6102254390716553,0.07098382711410522,4,camdeep,3,cam28_2,0,official_fusion,0,official_fusion
2578,0.14479917287826538,0.25312286615371704,0.10832369327545166,0,official_fusion,4,camdeep,0,official_fusion,0,official_fusion
2579,0.5399237275123596,0.6283081769943237,0.08838444948196411,2,cam28_1,4,camdeep,0,official_fusion,0,official_fusion
2580,1.0,1.0,0.0,0,official_fusion,0,official_fusion,0,official_fusion,0,official_fusion
2581,0.49981066584587097,0.49981066584587097,0.0,0,official_fusion,0,official_fusion,0,official_fusion,0,official_fusion
2582,0.5319026112556458,0.5998839735984802,0.06798136234283447,3,cam28_2,2,cam28_1,0,official_fusion,0,official_fusion
2583,1.0,1.0,0.0,0,official_fusion,0,official_fusion,0,official_fusion,0,official_fusion
2584,1.0,1.0,0.0,0,official_fusion,0,official_fusion,0,official_fusion,0,official_fusion
2585,0.34644052386283875,0.34644052386283875,0.0,0,official_fusion,0,official_fusion,0,official_fusion,0,official_fusion
2586,0.37999534606933594,0.3925451338291168,0.012549787759780884,0,official_fusion,0,official_fusion,2,cam28_1,0,official_fusion
2587,1.0,1.0,0.0,0,official_fusion,0,official_fusion,0,official_fusion,0,official_fusion
2588,1.0,1.0,0.0,0,official_fusion,0,official_fusion,0,official_fusion,0,official_fusion
2589,0.3434790372848511,0.3957550525665283,0.052276015281677246,2,cam28_1,4,camdeep,3,cam28_2,0,official_fusion
2590,0.48860013484954834,0.48863908648490906,3.8951635360717773e-05,0,official_fusion,1,cam56,0,official_fusion,0,official_fusion
2591,0.27819088101387024,0.3318729102611542,0.053682029247283936,1,cam56,2,cam28_1,0,official_fusion,0,official_fusion
2592,0.3269907534122467,0.5136109590530396,0.18662020564079285,0,official_fusion,0,official_fusion,4,camdeep,0,official_fusion
2593,0.5840840339660645,0.5840840339660645,0.0,0,official_fusion,0,official_fusion,0,official_fusion,0,official_fusion
2594,0.13585293292999268,0.15983299911022186,0.023980066180229187,0,official_fusion,4,camdeep,3,cam28_2,0,official_fusion
2595,0.36952924728393555,0.36952924728393555,0.0,0,official_fusion,0,official_fusion,0,official_fusion,0,official_fusion
2596,1.0,1.0,0.0,0,official_fusion,0,official_fusion,0,official_fusion,0,official_fusion
2597,0.43759965896606445,0.7235331535339355,0.2859334945678711,0,official_fusion,4,camdeep,2,cam28_1,0,official_fusion
2598,0.41990193724632263,0.41990193724632263,0.0,0,official_fusion,0,official_fusion,0,official_fusion,0,official_fusion
2599,0.22364234924316406,0.31576037406921387,0.0921180248260498,4,camdeep,2,cam28_1,3,cam28_2,0,official_fusion
2600,0.5835577845573425,0.7221432328224182,0.13858544826507568,1,cam56,0,official_fusion,0,official_fusion,0,official_fusion
2601,0.7190426588058472,0.7817352414131165,0.06269258260726929,2,cam28_1,1,cam56,0,official_fusion,0,official_fusion
2602,0.8257533311843872,0.9066286683082581,0.08087533712387085,0,official_fusion,2,cam28_1,4,camdeep,0,official_fusion
2603,0.0,0.0,0.0,0,official_fusion,0,official_fusion,0,official_fusion,0,official_fusion
2604,0.4896845519542694,0.5552904009819031,0.06560584902763367,0,official_fusion,4,camdeep,3,cam28_2,0,official_fusion
2605,0.35940489172935486,0.4661531448364258,0.10674825310707092,0,official_fusion,1,cam56,0,official_fusion,0,official_fusion
2606,0.8619858026504517,0.8619858026504517,0.0,0,official_fusion,0,official_fusion,0,official_fusion,0,official_fusion
2607,1.0,1.0,0.0,0,official_fusion,0,official_fusion,0,official_fusion,0,official_fusion
2608,0.40296873450279236,0.45869654417037964,0.05572780966758728,2,cam28_1,2,cam28_1,0,official_fusion,0,official_fusion
2609,0.46389707922935486,0.46389707922935486,0.0,0,official_fusion,0,official_fusion,0,official_fusion,0,official_fusion
2610,0.24103157222270966,0.24103157222270966,0.0,0,official_fusion,0,official_fusion,0,official_fusion,0,official_fusion
2611,0.0662667378783226,0.06628787517547607,2.11372971534729e-05,0,official_fusion,0,official_fusion,0,official_fusion,2,cam28_1
2612,1.0,1.0,0.0,0,official_fusion,0,official_fusion,0,official_fusion,0,official_fusion
2613,1.0,1.0,0.0,0,official_fusion,0,official_fusion,0,official_fusion,0,official_fusion
2614,0.8504062294960022,0.8684402108192444,0.018033981323242188,3,cam28_2,0,official_fusion,0,official_fusion,0,official_fusion
2615,0.47990426421165466,0.4905094504356384,0.010605186223983765,1,cam56,4,camdeep,0,official_fusion,0,official_fusion
2616,0.4457155764102936,0.5065836906433105,0.06086811423301697,0,official_fusion,1,cam56,0,official_fusion,0,official_fusion
2617,0.9848533272743225,0.9848533272743225,0.0,0,official_fusion,0,official_fusion,0,official_fusion,0,official_fusion
2618,0.4765525460243225,0.4765525460243225,0.0,0,official_fusion,0,official_fusion,0,official_fusion,0,official_fusion
2619,1.0,1.0,0.0,0,official_fusion,0,official_fusion,0,official_fusion,0,official_fusion
2620,0.1892310529947281,0.3701692819595337,0.1809382289648056,0,official_fusion,4,camdeep,0,official_fusion,0,official_fusion
2621,0.20879320800304413,0.22521699965000153,0.016423791646957397,0,official_fusion,0,official_fusion,1,cam56,0,official_fusion
2622,0.3842872977256775,0.38429495692253113,7.659196853637695e-06,0,official_fusion,1,cam56,0,official_fusion,0,official_fusion
2623,0.0027901786379516125,0.0027901786379516125,0.0,0,official_fusion,0,official_fusion,0,official_fusion,0,official_fusion
2624,0.49088209867477417,0.49088209867477417,0.0,0,official_fusion,0,official_fusion,0,official_fusion,0,official_fusion
2625,0.47084224224090576,0.5212684273719788,0.050426185131073,0,official_fusion,3,cam28_2,2,cam28_1,0,official_fusion
2626,0.2668108344078064,0.2668108344078064,0.0,0,official_fusion,0,official_fusion,0,official_fusion,0,official_fusion
2627,0.32259032130241394,0.5386788249015808,0.21608850359916687,4,camdeep,1,cam56,0,official_fusion,0,official_fusion
2628,0.2921094596385956,0.36408382654190063,0.07197436690330505,4,camdeep,3,cam28_2,0,official_fusion,0,official_fusion
2629,0.26886358857154846,0.4728105664253235,0.20394697785377502,0,official_fusion,2,cam28_1,0,official_fusion,0,official_fusion
2630,0.4808773100376129,0.4808773100376129,0.0,0,official_fusion,0,official_fusion,0,official_fusion,0,official_fusion
2631,0.9165338277816772,0.9166068434715271,7.301568984985352e-05,0,official_fusion,2,cam28_1,0,official_fusion,0,official_fusion
2632,1.0,1.0,0.0,0,official_fusion,0,official_fusion,0,official_fusion,0,official_fusion
2633,1.0,1.0,0.0,0,official_fusion,0,official_fusion,0,official_fusion,0,official_fusion
2634,1.0,1.0,0.0,0,official_fusion,0,official_fusion,0,official_fusion,0,official_fusion
2635,1.0,1.0,0.0,0,official_fusion,0,official_fusion,0,official_fusion,0,official_fusion
2636,0.45413145422935486,0.45413145422935486,0.0,0,official_fusion,0,official_fusion,0,official_fusion,0,official_fusion
2637,0.507035493850708,0.5922743678092957,0.08523887395858765,0,official_fusion,2,cam28_1,4,camdeep,0,official_fusion
2638,0.4942701756954193,0.4942701756954193,0.0,0,official_fusion,0,official_fusion,0,official_fusion,0,official_fusion
2639,0.4994220435619354,0.4994220435619354,0.0,0,official_fusion,0,official_fusion,0,official_fusion,0,official_fusion
2640,0.7266086339950562,0.7532766461372375,0.026668012142181396,4,camdeep,2,cam28_1,0,official_fusion,0,official_fusion
2641,0.4353843033313751,0.5078881978988647,0.07250389456748962,1,cam56,4,camdeep,2,cam28_1,0,official_fusion
2642,0.9870057106018066,0.9870057106018066,0.0,0,official_fusion,0,official_fusion,0,official_fusion,0,official_fusion
2643,0.47840601205825806,0.47840601205825806,0.0,0,official_fusion,0,official_fusion,0,official_fusion,0,official_fusion
2644,0.3806370794773102,0.42135798931121826,0.04072090983390808,0,official_fusion,2,cam28_1,4,camdeep,0,official_fusion
2645,0.886738657951355,0.8873045444488525,0.0005658864974975586,0,official_fusion,2,cam28_1,0,official_fusion,0,official_fusion
2646,0.1563197523355484,0.4147883355617523,0.2584685683250427,0,official_fusion,1,cam56,0,official_fusion,0,official_fusion
2647,0.2068319469690323,0.3428531587123871,0.1360212117433548,4,camdeep,4,camdeep,0,official_fusion,3,cam28_2
2648,0.26915258169174194,0.28597748279571533,0.01682490110397339,0,official_fusion,0,official_fusion,1,cam56,0,official_fusion
2649,0.7352057695388794,0.8449651598930359,0.1097593903541565,1,cam56,4,camdeep,0,official_fusion,0,official_fusion
2650,0.999980092048645,0.999980092048645,0.0,0,official_fusion,0,official_fusion,0,official_fusion,0,official_fusion
2651,0.8061859011650085,0.8245900869369507,0.01840418577194214,4,camdeep,2,cam28_1,0,official_fusion,0,official_fusion
2652,0.36989837884902954,0.3772026300430298,0.007304251194000244,0,official_fusion,1,cam56,0,official_fusion,0,official_fusion
2653,0.25465694069862366,0.3444511294364929,0.08979418873786926,0,official_fusion,4,camdeep,3,cam28_2,0,official_fusion
2654,0.7510229349136353,0.7964670658111572,0.04544413089752197,1,cam56,3,cam28_2,0,official_fusion,0,official_fusion
2655,0.2716972529888153,0.28661179542541504,0.014914542436599731,2,cam28_1,2,cam28_1,0,official_fusion,0,official_fusion
2656,0.07647082209587097,0.08526000380516052,0.00878918170928955,0,official_fusion,1,cam56,0,official_fusion,0,official_fusion
2657,0.21595211327075958,0.25185057520866394,0.03589846193790436,0,official_fusion,1,cam56,1,cam56,0,official_fusion
2658,0.9888392686843872,0.9888392686843872,0.0,0,official_fusion,0,official_fusion,0,official_fusion,0,official_fusion
2659,0.9974489808082581,0.9974489808082581,0.0,0,official_fusion,0,official_fusion,0,official_fusion,0,official_fusion
2660,0.9205053448677063,0.9809988737106323,0.060493528842926025,3,cam28_2,1,cam56,0,official_fusion,0,official_fusion
2661,0.4681222140789032,0.49295884370803833,0.024836629629135132,0,official_fusion,1,cam56,0,official_fusion,0,official_fusion
2662,0.35640546679496765,0.3564338684082031,2.8401613235473633e-05,0,official_fusion,1,cam56,0,official_fusion,0,official_fusion
2663,0.24470530450344086,0.24470530450344086,0.0,0,official_fusion,0,official_fusion,0,official_fusion,0,official_fusion
2664,1.0,1.0,0.0,0,official_fusion,0,official_fusion,0,official_fusion,0,official_fusion
2665,1.0,1.0,0.0,0,official_fusion,0,official_fusion,0,official_fusion,0,official_fusion
2666,0.14471061527729034,0.15915831923484802,0.014447703957557678,0,official_fusion,1,cam56,0,official_fusion,0,official_fusion
2667,0.25425833463668823,0.32921102643013,0.07495269179344177,0,official_fusion,4,camdeep,0,official_fusion,0,official_fusion
2668,0.7374154329299927,0.7446287870407104,0.0072133541107177734,2,cam28_1,3,cam28_2,0,official_fusion,0,official_fusion
2669,0.3008277416229248,0.3008277416229248,0.0,0,official_fusion,0,official_fusion,0,official_fusion,0,official_fusion
2670,1.0,1.0,0.0,0,official_fusion,0,official_fusion,0,official_fusion,0,official_fusion
2671,0.5055901408195496,0.6541162133216858,0.14852607250213623,3,cam28_2,0,official_fusion,0,official_fusion,4,camdeep
2672,0.0,0.01870860904455185,0.01870860904455185,0,official_fusion,0,official_fusion,1,cam56,0,official_fusion
2673,0.3409978449344635,0.39981183409690857,0.05881398916244507,4,camdeep,0,official_fusion,0,official_fusion,2,cam28_1
2674,0.999980092048645,0.999980092048645,0.0,0,official_fusion,0,official_fusion,0,official_fusion,0,official_fusion
2675,0.36995774507522583,0.3767203986644745,0.006762653589248657,0,official_fusion,0,official_fusion,1,cam56,0,official_fusion
2676,0.38201531767845154,0.38204577565193176,3.045797348022461e-05,0,official_fusion,3,cam28_2,0,official_fusion,0,official_fusion
2677,0.1319754421710968,0.13488678634166718,0.0029113441705703735,0,official_fusion,4,camdeep,0,official_fusion,0,official_fusion
2678,1.0,1.0,0.0,0,official_fusion,0,official_fusion,0,official_fusion,0,official_fusion
2679,1.0,1.0,0.0,0,official_fusion,0,official_fusion,0,official_fusion,0,official_fusion
2680,0.46823182702064514,0.4708905816078186,0.002658754587173462,0,official_fusion,2,cam28_1,0,official_fusion,0,official_fusion
2681,0.26196640729904175,0.47294777631759644,0.2109813690185547,0,official_fusion,1,cam56,4,camdeep,0,official_fusion
2682,1.0,1.0,0.0,0,official_fusion,0,official_fusion,0,official_fusion,0,official_fusion
2683,0.3945428133010864,0.5864356160163879,0.1918928027153015,0,official_fusion,3,cam28_2,3,cam28_2,0,official_fusion
2684,0.43110591173171997,0.47532975673675537,0.0442238450050354,0,official_fusion,2,cam28_1,3,cam28_2,0,official_fusion
2685,1.0,1.0,0.0,0,official_fusion,0,official_fusion,0,official_fusion,0,official_fusion
2686,0.5965660214424133,0.6183581948280334,0.021792173385620117,3,cam28_2,4,camdeep,0,official_fusion,0,official_fusion
2687,0.41568678617477417,0.41568678617477417,0.0,0,official_fusion,0,official_fusion,0,official_fusion,0,official_fusion
2688,0.5159338712692261,0.6502218842506409,0.1342880129814148,0,official_fusion,0,official_fusion,3,cam28_2,0,official_fusion
2689,0.6026260256767273,0.6133458614349365,0.010719835758209229,0,official_fusion,3,cam28_2,2,cam28_1,0,official_fusion
2690,0.2083665430545807,0.22140730917453766,0.01304076611995697,0,official_fusion,4,camdeep,0,official_fusion,0,official_fusion
2691,0.23144152760505676,0.25203758478164673,0.020596057176589966,0,official_fusion,0,official_fusion,0,official_fusion,3,cam28_2
2692,1.0,1.0,0.0,0,official_fusion,0,official_fusion,0,official_fusion,0,official_fusion
2693,0.4276067614555359,0.4664742648601532,0.03886750340461731,4,camdeep,0,official_fusion,0,official_fusion,4,camdeep
2694,0.34151169657707214,0.4032207429409027,0.061709046363830566,0,official_fusion,1,cam56,2,cam28_1,0,official_fusion
2695,0.30419591069221497,0.30419591069221497,0.0,0,official_fusion,0,official_fusion,0,official_fusion,0,official_fusion
2696,0.4846639931201935,0.48734036087989807,0.00267636775970459,0,official_fusion,1,cam56,0,official_fusion,0,official_fusion
2697,0.586074948310852,0.5929000377655029,0.006825089454650879,4,camdeep,1,cam56,0,official_fusion,0,official_fusion
2698,0.7204329967498779,0.7669521570205688,0.04651916027069092,1,cam56,2,cam28_1,0,official_fusion,0,official_fusion
2699,0.6606960296630859,0.6886684894561768,0.02797245979309082,3,cam28_2,3,cam28_2,0,official_fusion,0,official_fusion
2700,0.4104352593421936,0.4104352593421936,0.0,0,official_fusion,0,official_fusion,0,official_fusion,0,official_fusion
2701,0.4452832043170929,0.6025760173797607,0.15729281306266785,0,official_fusion,4,camdeep,3,cam28_2,0,official_fusion
2702,0.8780292272567749,0.8875805139541626,0.009551286697387695,0,official_fusion,2,cam28_1,0,official_fusion,0,official_fusion
2703,0.003208066103979945,0.17451652884483337,0.1713084578514099,0,official_fusion,0,official_fusion,1,cam56,0,official_fusion
2704,0.6465752720832825,0.7360158562660217,0.08944058418273926,4,camdeep,4,camdeep,0,official_fusion,0,official_fusion
2705,1.0,1.0,0.0,0,official_fusion,0,official_fusion,0,official_fusion,0,official_fusion
2706,0.8349609375,0.8349609375,0.0,0,official_fusion,0,official_fusion,0,official_fusion,0,official_fusion
2707,0.26332902908325195,0.3006366491317749,0.03730762004852295,2,cam28_1,0,official_fusion,0,official_fusion,1,cam56
2708,1.0,1.0,0.0,0,official_fusion,0,official_fusion,0,official_fusion,0,official_fusion
2709,1.0,1.0,0.0,0,official_fusion,0,official_fusion,0,official_fusion,0,official_fusion
2710,0.8210698366165161,0.8210698366165161,0.0,0,official_fusion,0,official_fusion,0,official_fusion,0,official_fusion
2711,1.0,1.0,0.0,0,official_fusion,0,official_fusion,0,official_fusion,0,official_fusion
2712,0.6885562539100647,0.6886111497879028,5.4895877838134766e-05,0,official_fusion,2,cam28_1,0,official_fusion,0,official_fusion
2713,0.4323481321334839,0.645168662071228,0.21282052993774414,0,official_fusion,1,cam56,0,official_fusion,0,official_fusion
2714,0.6141182780265808,0.6190924644470215,0.004974186420440674,0,official_fusion,4,camdeep,0,official_fusion,0,official_fusion
2715,0.0,0.0,0.0,0,official_fusion,0,official_fusion,0,official_fusion,0,official_fusion
2716,0.41051778197288513,0.46012425422668457,0.04960647225379944,0,official_fusion,4,camdeep,4,camdeep,0,official_fusion
2717,1.0,1.0,0.0,0,official_fusion,0,official_fusion,0,official_fusion,0,official_fusion
2718,0.6499271392822266,0.7079086303710938,0.05798149108886719,0,official_fusion,4,camdeep,2,cam28_1,0,official_fusion
2719,0.43695881962776184,0.47273677587509155,0.03577795624732971,4,camdeep,4,camdeep,4,camdeep,0,official_fusion
2720,0.4050348699092865,0.43216732144355774,0.02713245153427124,0,official_fusion,0,official_fusion,0,official_fusion,2,cam28_1
2721,0.3399718999862671,0.48607152700424194,0.14609962701797485,0,official_fusion,4,camdeep,3,cam28_2,0,official_fusion
2722,1.0,1.0,0.0,0,official_fusion,0,official_fusion,0,official_fusion,0,official_fusion
2723,1.0,1.0,0.0,0,official_fusion,0,official_fusion,0,official_fusion,0,official_fusion
2724,1.0,1.0,0.0,0,official_fusion,0,official_fusion,0,official_fusion,0,official_fusion
2725,0.19251152873039246,0.23018662631511688,0.037675097584724426,0,official_fusion,4,camdeep,3,cam28_2,0,official_fusion
2726,1.0,1.0,0.0,0,official_fusion,0,official_fusion,0,official_fusion,0,official_fusion
2727,0.09327950328588486,0.1098702922463417,0.016590788960456848,0,official_fusion,4,camdeep,0,official_fusion,0,official_fusion
2728,0.30931785702705383,0.30931785702705383,0.0,0,official_fusion,0,official_fusion,0,official_fusion,0,official_fusion
2729,0.675873875617981,0.7184786796569824,0.042604804039001465,2,cam28_1,1,cam56,0,official_fusion,4,camdeep
2730,1.0,1.0,0.0,0,official_fusion,0,official_fusion,0,official_fusion,0,official_fusion
2731,0.5155742764472961,0.6572908759117126,0.1417165994644165,0,official_fusion,1,cam56,2,cam28_1,0,official_fusion
2732,0.41915270686149597,0.6892420053482056,0.2700892984867096,3,cam28_2,4,camdeep,0,official_fusion,0,official_fusion
2733,0.4605168402194977,0.5462222695350647,0.08570542931556702,2,cam28_1,4,camdeep,0,official_fusion,0,official_fusion
2734,0.43849650025367737,0.43850523233413696,8.732080459594727e-06,0,official_fusion,0,official_fusion,4,camdeep,0,official_fusion
2735,0.30824166536331177,0.30824166536331177,0.0,0,official_fusion,0,official_fusion,0,official_fusion,0,official_fusion
2736,0.48958665132522583,0.48958665132522583,0.0,0,official_fusion,0,official_fusion,0,official_fusion,0,official_fusion
2737,1.0,1.0,0.0,0,official_fusion,0,official_fusion,0,official_fusion,0,official_fusion
2738,0.5092300176620483,0.5575262308120728,0.048296213150024414,0,official_fusion,4,camdeep,4,camdeep,0,official_fusion
2739,0.48537150025367737,0.49120813608169556,0.0058366358280181885,0,official_fusion,3,cam28_2,0,official_fusion,0,official_fusion
2740,0.6688768267631531,0.8009238243103027,0.13204699754714966,1,cam56,4,camdeep,0,official_fusion,0,official_fusion
2741,0.28717613220214844,0.2938852608203888,0.0067091286182403564,0,official_fusion,3,cam28_2,3,cam28_2,0,official_fusion
2742,0.28679049015045166,0.28679049015045166,0.0,0,official_fusion,0,official_fusion,0,official_fusion,0,official_fusion
2743,0.9290696978569031,0.9290696978569031,0.0,0,official_fusion,0,official_fusion,0,official_fusion,0,official_fusion
2744,1.0,1.0,0.0,0,official_fusion,0,official_fusion,0,official_fusion,0,official_fusion
2745,0.48553794622421265,0.5407301187515259,0.05519217252731323,2,cam28_1,4,camdeep,0,official_fusion,0,official_fusion
2746,0.4364337623119354,0.4364337623119354,0.0,0,official_fusion,0,official_fusion,0,official_fusion,0,official_fusion
2747,0.8793908357620239,0.8955695033073425,0.016178667545318604,0,official_fusion,1,cam56,1,cam56,0,official_fusion
2748,0.0,0.0,0.0,0,official_fusion,0,official_fusion,0,official_fusion,0,official_fusion
2749,0.7693319320678711,0.7702609300613403,0.0009289979934692383,0,official_fusion,4,camdeep,0,official_fusion,0,official_fusion
2750,1.0,1.0,0.0,0,official_fusion,0,official_fusion,0,official_fusion,0,official_fusion
2751,0.36640968918800354,0.41673219203948975,0.050322502851486206,0,official_fusion,4,camdeep,1,cam56,0,official_fusion
2752,1.0,1.0,0.0,0,official_fusion,0,official_fusion,0,official_fusion,0,official_fusion
2753,0.6575897932052612,0.680010199546814,0.022420406341552734,0,official_fusion,1,cam56,3,cam28_2,0,official_fusion
2754,0.49736925959587097,0.49736925959587097,0.0,0,official_fusion,0,official_fusion,0,official_fusion,0,official_fusion
2755,1.0,1.0,0.0,0,official_fusion,0,official_fusion,0,official_fusion,0,official_fusion
2756,0.10235969722270966,0.11468381434679031,0.012324117124080658,0,official_fusion,4,camdeep,0,official_fusion,0,official_fusion
2757,0.253813236951828,0.26400643587112427,0.010193198919296265,0,official_fusion,0,official_fusion,0,official_fusion,2,cam28_1
2758,0.41575953364372253,0.46874165534973145,0.05298212170600891,1,cam56,0,official_fusion,0,official_fusion,4,camdeep
2759,0.38121700286865234,0.4462052285671234,0.06498822569847107,2,cam28_1,4,camdeep,0,official_fusion,0,official_fusion
2760,0.7774398326873779,0.9048636555671692,0.12742382287979126,1,cam56,3,cam28_2,0,official_fusion,0,official_fusion
2761,1.0,1.0,0.0,0,official_fusion,0,official_fusion,0,official_fusion,0,official_fusion
2762,1.0,1.0,0.0,0,official_fusion,0,official_fusion,0,official_fusion,0,official_fusion
2763,0.13584183156490326,0.14115308225154877,0.005311250686645508,0,official_fusion,3,cam28_2,0,official_fusion,0,official_fusion
2764,0.951612114906311,0.9570445418357849,0.005432426929473877,2,cam28_1,2,cam28_1,0,official_fusion,0,official_fusion
2765,0.5799221396446228,0.6070784330368042,0.027156293392181396,2,cam28_1,1,cam56,0,official_fusion,0,official_fusion
2766,0.9996811151504517,0.9998405575752258,0.00015944242477416992,0,official_fusion,0,official_fusion,1,cam56,0,official_fusion
2767,0.9982262253761292,0.9982262253761292,0.0,0,official_fusion,0,official_fusion,0,official_fusion,0,official_fusion
2768,1.0,1.0,0.0,0,official_fusion,0,official_fusion,0,official_fusion,0,official_fusion
2769,0.3375418484210968,0.3375418484210968,0.0,0,official_fusion,0,official_fusion,0,official_fusion,0,official_fusion
2770,1.0,1.0,0.0,0,official_fusion,0,official_fusion,0,official_fusion,0,official_fusion
2771,0.5831199288368225,0.6111724972724915,0.028052568435668945,2,cam28_1,0,official_fusion,0,official_fusion,0,official_fusion
2772,1.0,1.0,0.0,0,official_fusion,0,official_fusion,0,official_fusion,0,official_fusion
2773,0.19812925159931183,0.19812925159931183,0.0,0,official_fusion,0,official_fusion,0,official_fusion,0,official_fusion
2774,0.4303850531578064,0.4303850531578064,0.0,0,official_fusion,0,official_fusion,0,official_fusion,0,official_fusion
2775,0.3953085243701935,0.39531639218330383,7.867813110351562e-06,0,official_fusion,1,cam56,0,official_fusion,0,official_fusion
2776,0.8741883635520935,0.9008175134658813,0.026629149913787842,0,official_fusion,3,cam28_2,0,official_fusion,0,official_fusion
2777,0.48559072613716125,0.48559072613716125,0.0,0,official_fusion,0,official_fusion,0,official_fusion,0,official_fusion
2778,0.4805385172367096,0.4805385172367096,0.0,0,official_fusion,0,official_fusion,0,official_fusion,0,official_fusion
2779,1.0,1.0,0.0,0,official_fusion,0,official_fusion,0,official_fusion,0,official_fusion
2780,1.0,1.0,0.0,0,official_fusion,0,official_fusion,0,official_fusion,0,official_fusion
2781,0.22197198867797852,0.22197198867797852,0.0,0,official_fusion,0,official_fusion,0,official_fusion,0,official_fusion
2782,1.0,1.0,0.0,0,official_fusion,0,official_fusion,0,official_fusion,0,official_fusion
2783,0.29002657532691956,0.3404521942138672,0.05042561888694763,0,official_fusion,0,official_fusion,0,official_fusion,1,cam56
2784,0.45595502853393555,0.45595502853393555,0.0,0,official_fusion,0,official_fusion,0,official_fusion,0,official_fusion
2785,0.4005201756954193,0.40064793825149536,0.0001277625560760498,0,official_fusion,3,cam28_2,0,official_fusion,0,official_fusion
2786,0.9474649429321289,0.9474649429321289,0.0,0,official_fusion,0,official_fusion,0,official_fusion,0,official_fusion
2787,0.3288666605949402,0.38391849398612976,0.055051833391189575,0,official_fusion,0,official_fusion,0,official_fusion,2,cam28_1
2788,1.0,1.0,0.0,0,official_fusion,0,official_fusion,0,official_fusion,0,official_fusion
2789,0.21368782222270966,0.2297448068857193,0.016056984663009644,0,official_fusion,4,camdeep,0,official_fusion,0,official_fusion
2790,0.5183394551277161,0.5518400073051453,0.0335005521774292,4,camdeep,3,cam28_2,0,official_fusion,0,official_fusion
2791,0.6311855316162109,0.7404448986053467,0.10925936698913574,0,official_fusion,3,cam28_2,4,camdeep,0,official_fusion
2792,0.4995814859867096,0.4995814859867096,0.0,0,official_fusion,0,official_fusion,0,official_fusion,0,official_fusion
2793,0.46139588952064514,0.46139588952064514,0.0,0,official_fusion,0,official_fusion,0,official_fusion,0,official_fusion
2794,1.0,1.0,0.0,0,official_fusion,0,official_fusion,0,official_fusion,0,official_fusion
2795,1.0,1.0,0.0,0,official_fusion,0,official_fusion,0,official_fusion,0,official_fusion
2796,0.4433095455169678,0.4433448910713196,3.534555435180664e-05,0,official_fusion,2,cam28_1,0,official_fusion,0,official_fusion
2797,1.0,1.0,0.0,0,official_fusion,0,official_fusion,0,official_fusion,0,official_fusion
2798,0.2623099982738495,0.2890603542327881,0.0267503559589386,0,official_fusion,3,cam28_2,0,official_fusion,0,official_fusion
2799,0.999980092048645,0.999980092048645,0.0,0,official_fusion,0,official_fusion,0,official_fusion,0,official_fusion
2800,1.0,1.0,0.0,0,official_fusion,0,official_fusion,0,official_fusion,0,official_fusion
2801,0.7946459054946899,0.8901721239089966,0.09552621841430664,1,cam56,2,cam28_1,0,official_fusion,0,official_fusion
2802,0.3408800959587097,0.558992326259613,0.21811223030090332,0,official_fusion,2,cam28_1,3,cam28_2,0,official_fusion
2803,1.0,1.0,0.0,0,official_fusion,0,official_fusion,0,official_fusion,0,official_fusion
2804,1.0,1.0,0.0,0,official_fusion,0,official_fusion,0,official_fusion,0,official_fusion
2805,1.0,1.0,0.0,0,official_fusion,0,official_fusion,0,official_fusion,0,official_fusion
2806,0.9894770383834839,0.9894770383834839,0.0,0,official_fusion,0,official_fusion,0,official_fusion,0,official_fusion
2807,0.7983847260475159,0.8420607447624207,0.043676018714904785,3,cam28_2,2,cam28_1,0,official_fusion,0,official_fusion
2808,0.28734856843948364,0.4117482602596283,0.12439969182014465,0,official_fusion,1,cam56,2,cam28_1,0,official_fusion
2809,0.45670241117477417,0.45672062039375305,1.8209218978881836e-05,0,official_fusion,1,cam56,0,official_fusion,0,official_fusion
2810,0.4690711796283722,0.6240569353103638,0.15498575568199158,0,official_fusion,1,cam56,3,cam28_2,0,official_fusion
2811,1.0,1.0,0.0,0,official_fusion,0,official_fusion,0,official_fusion,0,official_fusion
2812,1.0,1.0,0.0,0,official_fusion,0,official_fusion,0,official_fusion,0,official_fusion
2813,0.3070392310619354,0.3070392310619354,0.0,0,official_fusion,0,official_fusion,0,official_fusion,0,official_fusion
2814,0.3907047510147095,0.4084213674068451,0.01771661639213562,0,official_fusion,1,cam56,2,cam28_1,0,official_fusion
2815,1.0,1.0,0.0,0,official_fusion,0,official_fusion,0,official_fusion,0,official_fusion
2816,0.49137037992477417,0.6851782202720642,0.19380784034729004,0,official_fusion,1,cam56,0,official_fusion,0,official_fusion
2817,0.4950474202632904,0.4950474202632904,0.0,0,official_fusion,0,official_fusion,0,official_fusion,0,official_fusion
2818,1.0,1.0,0.0,0,official_fusion,0,official_fusion,0,official_fusion,0,official_fusion
2819,0.498046875,0.498046875,0.0,0,official_fusion,0,official_fusion,0,official_fusion,0,official_fusion
2820,0.4993124306201935,0.4993124306201935,0.0,0,official_fusion,0,official_fusion,0,official_fusion,0,official_fusion
2821,0.4516700208187103,0.5396972894668579,0.08802726864814758,0,official_fusion,3,cam28_2,1,cam56,0,official_fusion
2822,0.43022575974464417,0.5872127413749695,0.15698698163032532,0,official_fusion,1,cam56,0,official_fusion,0,official_fusion
2823,1.0,1.0,0.0,0,official_fusion,0,official_fusion,0,official_fusion,0,official_fusion
2824,0.45966199040412903,0.45966199040412903,0.0,0,official_fusion,0,official_fusion,0,official_fusion,0,official_fusion
2825,0.07051179558038712,0.07051320374011993,1.4081597328186035e-06,0,official_fusion,2,cam28_1,0,official_fusion,0,official_fusion
2826,0.49398118257522583,0.49398118257522583,0.0,0,official_fusion,0,official_fusion,0,official_fusion,0,official_fusion
2827,0.5532993674278259,0.5601096749305725,0.006810307502746582,1,cam56,0,official_fusion,0,official_fusion,0,official_fusion
2828,0.3237404227256775,0.5666653513908386,0.24292492866516113,0,official_fusion,4,camdeep,2,cam28_1,0,official_fusion
2829,0.49999862909317017,0.6373306512832642,0.137332022190094,4,camdeep,2,cam28_1,0,official_fusion,3,cam28_2
2830,0.4299067258834839,0.4299067258834839,0.0,0,official_fusion,0,official_fusion,0,official_fusion,0,official_fusion
2831,0.4567721486091614,0.5025463104248047,0.04577416181564331,0,official_fusion,1,cam56,0,official_fusion,0,official_fusion
2832,0.43577656149864197,0.4416426420211792,0.0058660805225372314,1,cam56,3,cam28_2,0,official_fusion,0,official_fusion
2833,0.38342034816741943,0.38342034816741943,0.0,0,official_fusion,0,official_fusion,0,official_fusion,0,official_fusion
2834,0.3699578642845154,0.4309132695198059,0.06095540523529053,0,official_fusion,1,cam56,0,official_fusion,0,official_fusion
2835,0.5212079286575317,0.5874218940734863,0.06621396541595459,0,official_fusion,3,cam28_2,2,cam28_1,0,official_fusion
2836,0.4377707242965698,0.5001303553581238,0.062359631061553955,0,official_fusion,3,cam28_2,4,camdeep,0,official_fusion
2837,0.7195224761962891,0.7750208377838135,0.055498361587524414,2,cam28_1,1,cam56,0,official_fusion,0,official_fusion
2838,1.0,1.0,0.0,0,official_fusion,0,official_fusion,0,official_fusion,0,official_fusion
2839,0.49768784642219543,0.7097485065460205,0.21206066012382507,0,official_fusion,3,cam28_2,0,official_fusion,0,official_fusion
2840,0.18278026580810547,0.18835535645484924,0.005575090646743774,0,official_fusion,4,camdeep,0,official_fusion,0,official_fusion
2841,1.0,1.0,0.0,0,official_fusion,0,official_fusion,0,official_fusion,0,official_fusion
2842,0.5864124298095703,0.6139501929283142,0.027537763118743896,0,official_fusion,1,cam56,3,cam28_2,0,official_fusion
2843,0.020846620202064514,0.02918526716530323,0.008338646963238716,0,official_fusion,4,camdeep,0,official_fusion,0,official_fusion
2844,0.682384192943573,0.8259605765342712,0.14357638359069824,0,official_fusion,1,cam56,3,cam28_2,0,official_fusion
2845,0.42519330978393555,0.42519330978393555,0.0,0,official_fusion,0,official_fusion,0,official_fusion,0,official_fusion
2846,0.9927455186843872,0.9927455186843872,0.0,0,official_fusion,0,official_fusion,0,official_fusion,0,official_fusion
2847,1.0,1.0,0.0,0,official_fusion,0,official_fusion,0,official_fusion,0,official_fusion
2848,0.8271467089653015,0.9247661828994751,0.09761947393417358,0,official_fusion,4,camdeep,3,cam28_2,0,official_fusion
2849,1.0,1.0,0.0,0,official_fusion,0,official_fusion,0,official_fusion,0,official_fusion
2850,0.4448740482330322,0.4448740482330322,0.0,0,official_fusion,0,official_fusion,0,official_fusion,0,official_fusion
2851,0.457283616065979,0.5453242659568787,0.08804064989089966,1,cam56,4,camdeep,0,official_fusion,0,official_fusion
2852,0.5219224095344543,0.5779468417167664,0.05602443218231201,1,cam56,4,camdeep,0,official_fusion,0,official_fusion
2853,1.0,1.0,0.0,0,official_fusion,0,official_fusion,0,official_fusion,0,official_fusion
2854,0.3313934803009033,0.3313934803009033,0.0,0,official_fusion,0,official_fusion,0,official_fusion,0,official_fusion
2855,0.45888471603393555,0.45888471603393555,0.0,0,official_fusion,0,official_fusion,0,official_fusion,0,official_fusion
2856,0.4709323048591614,0.4709323048591614,0.0,0,official_fusion,0,official_fusion,0,official_fusion,0,official_fusion
2857,0.5306122303009033,0.545918345451355,0.01530611515045166,0,official_fusion,0,official_fusion,0,official_fusion,1,cam56
2858,1.0,1.0,0.0,0,official_fusion,0,official_fusion,0,official_fusion,0,official_fusion
2859,1.0,1.0,0.0,0,official_fusion,0,official_fusion,0,official_fusion,0,official_fusion
2860,0.30671289563179016,0.3719896972179413,0.06527680158615112,0,official_fusion,1,cam56,0,official_fusion,0,official_fusion
2861,0.9921277165412903,0.9921277165412903,0.0,0,official_fusion,0,official_fusion,0,official_fusion,0,official_fusion
2862,0.31622743606567383,0.3915725350379944,0.07534509897232056,0,official_fusion,1,cam56,1,cam56,0,official_fusion
2863,0.44787147641181946,0.5250573754310608,0.07718589901924133,2,cam28_1,4,camdeep,0,official_fusion,0,official_fusion
2864,0.4885702431201935,0.4885702431201935,0.0,0,official_fusion,0,official_fusion,0,official_fusion,0,official_fusion
2865,1.0,1.0,0.0,0,official_fusion,0,official_fusion,0,official_fusion,0,official_fusion
2866,0.1818230152130127,0.29298025369644165,0.11115723848342896,0,official_fusion,4,camdeep,0,official_fusion,0,official_fusion
2867,0.25421878695487976,0.38292840123176575,0.128709614276886,4,camdeep,3,cam28_2,0,official_fusion,0,official_fusion
2868,1.0,1.0,0.0,0,official_fusion,0,official_fusion,0,official_fusion,0,official_fusion
2869,0.7338966727256775,0.7391865849494934,0.005289912223815918,0,official_fusion,0,official_fusion,1,cam56,0,official_fusion
2870,0.4971472918987274,0.4971472918987274,0.0,0,official_fusion,0,official_fusion,0,official_fusion,0,official_fusion
2871,0.027636054903268814,0.027636054903268814,0.0,0,official_fusion,0,official_fusion,0,official_fusion,0,official_fusion
2872,1.0,1.0,0.0,0,official_fusion,0,official_fusion,0,official_fusion,0,official_fusion
2873,1.0,1.0,0.0,0,official_fusion,0,official_fusion,0,official_fusion,0,official_fusion
2874,0.24936217069625854,0.391268789768219,0.14190661907196045,0,official_fusion,4,camdeep,3,cam28_2,0,official_fusion
2875,1.0,1.0,0.0,0,official_fusion,0,official_fusion,0,official_fusion,0,official_fusion
2876,0.4917490482330322,0.5015677213668823,0.009818673133850098,0,official_fusion,3,cam28_2,0,official_fusion,0,official_fusion
2877,0.3118617832660675,0.3285791873931885,0.01671740412712097,0,official_fusion,0,official_fusion,3,cam28_2,0,official_fusion
2878,0.22758547961711884,0.3684244453907013,0.14083896577358246,1,cam56,0,official_fusion,0,official_fusion,1,cam56
2879,0.6306202411651611,0.8220264911651611,0.19140625,0,official_fusion,4,camdeep,3,cam28_2,0,official_fusion
2880,0.46626874804496765,0.46626874804496765,0.0,0,official_fusion,0,official_fusion,0,official_fusion,0,official_fusion
2881,0.2799100875854492,0.473079651594162,0.19316956400871277,0,official_fusion,4,camdeep,3,cam28_2,0,official_fusion
2882,0.7717617154121399,0.859288215637207,0.08752650022506714,4,camdeep,0,official_fusion,0,official_fusion,3,cam28_2
2883,0.39023298025131226,0.45553916692733765,0.06530618667602539,0,official_fusion,1,cam56,1,cam56,0,official_fusion
2884,1.0,1.0,0.0,0,official_fusion,0,official_fusion,0,official_fusion,0,official_fusion
2885,1.0,1.0,0.0,0,official_fusion,0,official_fusion,0,official_fusion,0,official_fusion
2886,0.33274978399276733,0.414694219827652,0.08194443583488464,1,cam56,4,camdeep,2,cam28_1,0,official_fusion
2887,0.10888671875,0.10888671875,0.0,0,official_fusion,0,official_fusion,0,official_fusion,0,official_fusion
2888,0.3871173560619354,0.43300727009773254,0.04588991403579712,0,official_fusion,1,cam56,0,official_fusion,0,official_fusion
2889,1.0,1.0,0.0,0,official_fusion,0,official_fusion,0,official_fusion,0,official_fusion
2890,0.0,0.22245366871356964,0.22245366871356964,0,official_fusion,4,camdeep,0,official_fusion,0,official_fusion
2891,1.0,1.0,0.0,0,official_fusion,0,official_fusion,0,official_fusion,0,official_fusion
2892,1.0,1.0,0.0,0,official_fusion,0,official_fusion,0,official_fusion,0,official_fusion
2893,0.42337313294410706,0.47637948393821716,0.05300635099411011,0,official_fusion,4,camdeep,3,cam28_2,0,official_fusion
2894,0.13291214406490326,0.13291214406490326,0.0,0,official_fusion,0,official_fusion,0,official_fusion,0,official_fusion
2895,0.2812964916229248,0.2812964916229248,0.0,0,official_fusion,0,official_fusion,0,official_fusion,0,official_fusion
2896,1.0,1.0,0.0,0,official_fusion,0,official_fusion,0,official_fusion,0,official_fusion
2897,0.44877031445503235,0.44877031445503235,0.0,0,official_fusion,0,official_fusion,0,official_fusion,0,official_fusion
2898,0.9393534660339355,0.9393534660339355,0.0,0,official_fusion,0,official_fusion,0,official_fusion,0,official_fusion
2899,0.4760044515132904,0.4760044515132904,0.0,0,official_fusion,0,official_fusion,0,official_fusion,0,official_fusion
2900,0.3067203462123871,0.3155510425567627,0.00883069634437561,0,official_fusion,4,camdeep,0,official_fusion,0,official_fusion
2901,0.9721580147743225,0.9721580147743225,0.0,0,official_fusion,0,official_fusion,0,official_fusion,0,official_fusion
2902,0.5034821629524231,0.6509298086166382,0.1474476456642151,4,camdeep,4,camdeep,2,cam28_1,0,official_fusion
2903,0.14701390266418457,0.16783124208450317,0.020817339420318604,0,official_fusion,0,official_fusion,4,camdeep,0,official_fusion
2904,0.6544691920280457,0.7868422269821167,0.13237303495407104,0,official_fusion,4,camdeep,3,cam28_2,0,official_fusion
2905,0.7051584720611572,0.7873193621635437,0.08216089010238647,2,cam28_1,1,cam56,0,official_fusion,0,official_fusion
2906,0.7107922434806824,0.7275068759918213,0.016714632511138916,2,cam28_1,2,cam28_1,0,official_fusion,0,official_fusion
2907,0.44388750195503235,0.44388750195503235,0.0,0,official_fusion,0,official_fusion,0,official_fusion,0,official_fusion
2908,0.25654375553131104,0.5751756429672241,0.3186318874359131,0,official_fusion,1,cam56,1,cam56,0,official_fusion
2909,0.9515306353569031,0.9858896732330322,0.03435903787612915,0,official_fusion,1,cam56,0,official_fusion,0,official_fusion
2910,0.934590220451355,0.9372658729553223,0.002675652503967285,0,official_fusion,0,official_fusion,4,camdeep,0,official_fusion
2911,0.44541001319885254,0.5836045145988464,0.1381945013999939,0,official_fusion,1,cam56,3,cam28_2,0,official_fusion
2912,0.4550118148326874,0.4978075623512268,0.04279574751853943,3,cam28_2,0,official_fusion,1,cam56,0,official_fusion
2913,0.36985182762145996,0.4802373945713043,0.11038556694984436,1,cam56,4,camdeep,0,official_fusion,0,official_fusion
2914,1.0,1.0,0.0,0,official_fusion,0,official_fusion,0,official_fusion,0,official_fusion
2915,0.48886919021606445,0.48886919021606445,0.0,0,official_fusion,0,official_fusion,0,official_fusion,0,official_fusion
2916,1.0,1.0,0.0,0,official_fusion,0,official_fusion,0,official_fusion,0,official_fusion
2917,1.0,1.0,0.0,0,official_fusion,0,official_fusion,0,official_fusion,0,official_fusion
2918,0.8076959848403931,0.8232251405715942,0.015529155731201172,3,cam28_2,2,cam28_1,0,official_fusion,0,official_fusion
2919,0.6973916292190552,0.8281546831130981,0.13076305389404297,0,official_fusion,4,camdeep,3,cam28_2,0,official_fusion
2920,0.4945790767669678,0.558501124382019,0.06392204761505127,0,official_fusion,1,cam56,0,official_fusion,0,official_fusion
2921,0.6843821406364441,0.7221085429191589,0.037726402282714844,3,cam28_2,1,cam56,0,official_fusion,0,official_fusion
2922,0.8942580223083496,0.9325851798057556,0.038327157497406006,4,camdeep,0,official_fusion,0,official_fusion,0,official_fusion
2923,1.0,1.0,0.0,0,official_fusion,0,official_fusion,0,official_fusion,0,official_fusion
2924,1.0,1.0,0.0,0,official_fusion,0,official_fusion,0,official_fusion,0,official_fusion
2925,0.11384592950344086,0.1216014176607132,0.007755488157272339,0,official_fusion,4,camdeep,0,official_fusion,0,official_fusion
2926,1.0,1.0,0.0,0,official_fusion,0,official_fusion,0,official_fusion,0,official_fusion
2927,0.8346754908561707,0.8346754908561707,0.0,0,official_fusion,0,official_fusion,0,official_fusion,0,official_fusion
2928,0.5122949481010437,0.6772390604019165,0.1649441123008728,0,official_fusion,2,cam28_1,4,camdeep,0,official_fusion
2929,0.858426034450531,0.9119055271148682,0.05347949266433716,1,cam56,2,cam28_1,0,official_fusion,0,official_fusion
2930,0.9773597121238708,0.9773597121238708,0.0,0,official_fusion,0,official_fusion,0,official_fusion,0,official_fusion
2931,0.7144169807434082,0.7858976125717163,0.0714806318283081,0,official_fusion,2,cam28_1,3,cam28_2,0,official_fusion
2932,1.0,1.0,0.0,0,official_fusion,0,official_fusion,0,official_fusion,0,official_fusion
2933,0.29993870854377747,0.3246108591556549,0.02467215061187744,0,official_fusion,4,camdeep,3,cam28_2,0,official_fusion
2934,0.6697999238967896,0.7988910675048828,0.12909114360809326,0,official_fusion,4,camdeep,3,cam28_2,0,official_fusion
2935,0.4369419515132904,0.4369419515132904,0.0,0,official_fusion,0,official_fusion,0,official_fusion,0,official_fusion
2936,0.5157445669174194,0.5157445669174194,0.0,0,official_fusion,0,official_fusion,0,official_fusion,0,official_fusion
2937,0.31490418314933777,0.3312145173549652,0.01631033420562744,3,cam28_2,0,official_fusion,0,official_fusion,4,camdeep
2938,0.6349390149116516,0.7967789173126221,0.16183990240097046,2,cam28_1,4,camdeep,0,official_fusion,0,official_fusion
2939,0.1189313605427742,0.1189313605427742,0.0,0,official_fusion,0,official_fusion,0,official_fusion,0,official_fusion
2940,0.5612045526504517,0.5612157583236694,1.1205673217773438e-05,0,official_fusion,3,cam28_2,0,official_fusion,0,official_fusion
2941,1.0,1.0,0.0,0,official_fusion,0,official_fusion,0,official_fusion,0,official_fusion
2942,0.2527366876602173,0.3250521123409271,0.07231542468070984,4,camdeep,0,official_fusion,0,official_fusion,0,official_fusion
2943,0.6870381236076355,0.6999793648719788,0.012941241264343262,0,official_fusion,3,cam28_2,0,official_fusion,0,official_fusion
2944,0.7330061197280884,0.754390299320221,0.02138417959213257,0,official_fusion,2,cam28_1,0,official_fusion,0,official_fusion
2945,1.0,1.0,0.0,0,official_fusion,0,official_fusion,0,official_fusion,0,official_fusion
2946,0.4674944281578064,0.4674944281578064,0.0,0,official_fusion,0,official_fusion,0,official_fusion,0,official_fusion
2947,0.2011043131351471,0.349263995885849,0.1481596827507019,0,official_fusion,4,camdeep,2,cam28_1,0,official_fusion
2948,1.0,1.0,0.0,0,official_fusion,0,official_fusion,0,official_fusion,0,official_fusion
2949,0.28075969219207764,0.3099651634693146,0.02920547127723694,0,official_fusion,3,cam28_2,4,camdeep,0,official_fusion
2950,1.0,1.0,0.0,0,official_fusion,0,official_fusion,0,official_fusion,0,official_fusion
2951,0.5822370052337646,0.5822370052337646,0.0,0,official_fusion,0,official_fusion,0,official_fusion,0,official_fusion
2952,0.8510243892669678,0.9764030575752258,0.12537866830825806,0,official_fusion,3,cam28_2,4,camdeep,0,official_fusion
2953,1.0,1.0,0.0,0,official_fusion,0,official_fusion,0,official_fusion,0,official_fusion
2954,0.4232501685619354,0.42325860261917114,8.434057235717773e-06,0,official_fusion,1,cam56,0,official_fusion,0,official_fusion
2955,0.20056068897247314,0.2373255342245102,0.03676484525203705,0,official_fusion,1,cam56,0,official_fusion,0,official_fusion
2956,1.0,1.0,0.0,0,official_fusion,0,official_fusion,0,official_fusion,0,official_fusion
2957,0.0969587042927742,0.09884996712207794,0.0018912628293037415,0,official_fusion,4,camdeep,0,official_fusion,0,official_fusion
2958,1.0,1.0,0.0,0,official_fusion,0,official_fusion,0,official_fusion,0,official_fusion
2959,0.4898058772087097,0.49778226017951965,0.007976382970809937,0,official_fusion,3,cam28_2,0,official_fusion,0,official_fusion
2960,0.590809166431427,0.6735183596611023,0.08270919322967529,0,official_fusion,1,cam56,0,official_fusion,0,official_fusion
2961,0.7673021554946899,0.7961503863334656,0.028848230838775635,0,official_fusion,2,cam28_1,3,cam28_2,0,official_fusion
2962,0.22931915521621704,0.24052204191684723,0.011202886700630188,3,cam28_2,0,official_fusion,4,camdeep,0,official_fusion
2963,0.21243223547935486,0.2169889509677887,0.004556715488433838,0,official_fusion,4,camdeep,0,official_fusion,0,official_fusion
2964,0.4719066917896271,0.6076220273971558,0.1357153356075287,3,cam28_2,0,official_fusion,0,official_fusion,0,official_fusion
2965,1.0,1.0,0.0,0,official_fusion,0,official_fusion,0,official_fusion,0,official_fusion
2966,0.256939172744751,0.3461707532405853,0.08923158049583435,4,camdeep,3,cam28_2,0,official_fusion,0,official_fusion
2967,1.0,1.0,0.0,0,official_fusion,0,official_fusion,0,official_fusion,0,official_fusion
2968,0.4479660093784332,0.5008119940757751,0.05284598469734192,1,cam56,0,official_fusion,0,official_fusion,0,official_fusion
2969,1.0,1.0,0.0,0,official_fusion,0,official_fusion,0,official_fusion,0,official_fusion
2970,0.2652122974395752,0.33891716599464417,0.07370486855506897,0,official_fusion,0,official_fusion,1,cam56,0,official_fusion
2971,0.4545997977256775,0.4545997977256775,0.0,0,official_fusion,0,official_fusion,0,official_fusion,0,official_fusion
2972,1.0,1.0,0.0,0,official_fusion,0,official_fusion,0,official_fusion,0,official_fusion
2973,0.13011200726032257,0.13878613710403442,0.008674129843711853,0,official_fusion,0,official_fusion,0,official_fusion,4,camdeep
2974,0.2930185794830322,0.2930185794830322,0.0,0,official_fusion,0,official_fusion,0,official_fusion,0,official_fusion
2975,0.3513379395008087,0.3989843428134918,0.047646403312683105,2,cam28_1,4,camdeep,0,official_fusion,1,cam56
2976,0.9996811151504517,0.9996811151504517,0.0,0,official_fusion,0,official_fusion,0,official_fusion,0,official_fusion
2977,1.0,1.0,0.0,0,official_fusion,0,official_fusion,0,official_fusion,0,official_fusion
2978,0.6255638003349304,0.6926390528678894,0.06707525253295898,1,cam56,1,cam56,0,official_fusion,0,official_fusion
2979,0.8716318607330322,0.9306241869926453,0.05899232625961304,4,camdeep,2,cam28_1,0,official_fusion,0,official_fusion
2980,1.0,1.0,0.0,0,official_fusion,0,official_fusion,0,official_fusion,0,official_fusion
2981,1.0,1.0,0.0,0,official_fusion,0,official_fusion,0,official_fusion,0,official_fusion
2982,0.9383569955825806,0.9383569955825806,0.0,0,official_fusion,0,official_fusion,0,official_fusion,0,official_fusion
2983,0.3570033609867096,0.3570147156715393,1.1354684829711914e-05,0,official_fusion,2,cam28_1,0,official_fusion,0,official_fusion
2984,0.764898419380188,0.9311760663986206,0.16627764701843262,4,camdeep,3,cam28_2,0,official_fusion,0,official_fusion
2985,0.2212611585855484,0.22126556932926178,4.410743713378906e-06,0,official_fusion,3,cam28_2,0,official_fusion,0,official_fusion
2986,0.581107497215271,0.6398230195045471,0.05871552228927612,0,official_fusion,3,cam28_2,0,official_fusion,0,official_fusion
2987,1.0,1.0,0.0,0,official_fusion,0,official_fusion,0,official_fusion,0,official_fusion
2988,0.05793606489896774,0.08296942710876465,0.025033362209796906,0,official_fusion,1,cam56,0,official_fusion,0,official_fusion
2989,0.44823068380355835,0.7001534700393677,0.2519227862358093,0,official_fusion,4,camdeep,2,cam28_1,0,official_fusion
2990,1.0,1.0,0.0,0,official_fusion,0,official_fusion,0,official_fusion,0,official_fusion
2991,0.44759446382522583,0.44759446382522583,0.0,0,official_fusion,0,official_fusion,0,official_fusion,0,official_fusion
2992,0.5790133476257324,0.7125610709190369,0.13354772329330444,1,cam56,3,cam28_2,0,official_fusion,0,official_fusion
2993,0.31068092584609985,0.461251825094223,0.15057089924812317,0,official_fusion,3,cam28_2,4,camdeep,0,official_fusion
2994,1.0,1.0,0.0,0,official_fusion,0,official_fusion,0,official_fusion,0,official_fusion
2995,0.47717034816741943,0.5391339063644409,0.061963558197021484,0,official_fusion,0,official_fusion,0,official_fusion,2,cam28_1
2996,0.09018979966640472,0.24747887253761292,0.1572890728712082,1,cam56,4,camdeep,0,official_fusion,0,official_fusion
2997,0.7833409309387207,0.9228742122650146,0.13953328132629395,3,cam28_2,1,cam56,0,official_fusion,0,official_fusion
2998,1.0,1.0,0.0,0,official_fusion,0,official_fusion,0,official_fusion,0,official_fusion
2999,0.3770328462123871,0.5268455147743225,0.14981266856193542,0,official_fusion,4,camdeep,1,cam56,0,official_fusion
3000,0.26650190353393555,0.27099546790122986,0.0044935643672943115,0,official_fusion,0,official_fusion,4,camdeep,0,official_fusion
3001,0.9105625152587891,0.9206969738006592,0.010134458541870117,4,camdeep,0,official_fusion,0,official_fusion,0,official_fusion
3002,0.4908721446990967,0.4908721446990967,0.0,0,official_fusion,0,official_fusion,0,official_fusion,0,official_fusion
3003,1.0,1.0,0.0,0,official_fusion,0,official_fusion,0,official_fusion,0,official_fusion
3004,0.7692322731018066,0.7692936062812805,6.133317947387695e-05,0,official_fusion,2,cam28_1,0,official_fusion,0,official_fusion
3005,1.0,1.0,0.0,0,official_fusion,0,official_fusion,0,official_fusion,0,official_fusion
3006,1.0,1.0,0.0,0,official_fusion,0,official_fusion,0,official_fusion,0,official_fusion
3007,0.3610837161540985,0.5417088270187378,0.18062511086463928,2,cam28_1,4,camdeep,0,official_fusion,0,official_fusion
3008,1.0,1.0,0.0,0,official_fusion,0,official_fusion,0,official_fusion,0,official_fusion
3009,0.6492000818252563,0.6577314138412476,0.008531332015991211,2,cam28_1,3,cam28_2,0,official_fusion,0,official_fusion
3010,0.5638805031776428,0.5869373083114624,0.02305680513381958,4,camdeep,1,cam56,1,cam56,0,official_fusion
3011,0.11217130720615387,0.34511566162109375,0.23294435441493988,1,cam56,4,camdeep,0,official_fusion,0,official_fusion
3012,1.0,1.0,0.0,0,official_fusion,0,official_fusion,0,official_fusion,0,official_fusion
3013,1.0,1.0,0.0,0,official_fusion,0,official_fusion,0,official_fusion,0,official_fusion
3014,0.4863779544830322,0.4863779544830322,0.0,0,official_fusion,0,official_fusion,0,official_fusion,0,official_fusion
3015,0.5582041144371033,0.5983920693397522,0.040187954902648926,0,official_fusion,1,cam56,0,official_fusion,0,official_fusion
3016,1.0,1.0,0.0,0,official_fusion,0,official_fusion,0,official_fusion,0,official_fusion
3017,0.3421395421028137,0.39112794399261475,0.048988401889801025,1,cam56,0,official_fusion,0,official_fusion,3,cam28_2
3018,0.4310925602912903,0.4489469826221466,0.017854422330856323,0,official_fusion,0,official_fusion,1,cam56,0,official_fusion
3019,0.3781389594078064,0.3781389594078064,0.0,0,official_fusion,0,official_fusion,0,official_fusion,0,official_fusion
3020,0.3662906587123871,0.3662906587123871,0.0,0,official_fusion,0,official_fusion,0,official_fusion,0,official_fusion
3021,0.47255682945251465,0.479520708322525,0.006963878870010376,0,official_fusion,0,official_fusion,3,cam28_2,0,official_fusion
3022,0.3230251669883728,0.4111940264701843,0.08816885948181152,0,official_fusion,0,official_fusion,4,camdeep,0,official_fusion
3023,0.45064374804496765,0.4542723298072815,0.0036285817623138428,0,official_fusion,0,official_fusion,0,official_fusion,1,cam56
3024,1.0,1.0,0.0,0,official_fusion,0,official_fusion,0,official_fusion,0,official_fusion
3025,1.0,1.0,0.0,0,official_fusion,0,official_fusion,0,official_fusion,0,official_fusion
3026,1.0,1.0,0.0,0,official_fusion,0,official_fusion,0,official_fusion,0,official_fusion
3027,0.970125138759613,0.970125138759613,0.0,0,official_fusion,0,official_fusion,0,official_fusion,0,official_fusion
3028,1.0,1.0,0.0,0,official_fusion,0,official_fusion,0,official_fusion,0,official_fusion
3029,0.3952433168888092,0.42213815450668335,0.026894837617874146,3,cam28_2,0,official_fusion,0,official_fusion,1,cam56
3030,0.4289401173591614,0.4381616413593292,0.009221524000167847,0,official_fusion,0,official_fusion,1,cam56,0,official_fusion
3031,1.0,1.0,0.0,0,official_fusion,0,official_fusion,0,official_fusion,0,official_fusion
3032,0.4389050602912903,0.4389050602912903,0.0,0,official_fusion,0,official_fusion,0,official_fusion,0,official_fusion
3033,1.0,1.0,0.0,0,official_fusion,0,official_fusion,0,official_fusion,0,official_fusion
3034,1.0,1.0,0.0,0,official_fusion,0,official_fusion,0,official_fusion,0,official_fusion
3035,0.5711491107940674,0.6763060688972473,0.10515695810317993,4,camdeep,1,cam56,0,official_fusion,0,official_fusion
3036,0.2818080484867096,0.2818080484867096,0.0,0,official_fusion,0,official_fusion,0,official_fusion,0,official_fusion
3037,0.325571745634079,0.3311380445957184,0.005566298961639404,0,official_fusion,2,cam28_1,3,cam28_2,0,official_fusion
3038,1.0,1.0,0.0,0,official_fusion,0,official_fusion,0,official_fusion,0,official_fusion
3039,0.4967215359210968,0.4967215359210968,0.0,0,official_fusion,0,official_fusion,0,official_fusion,0,official_fusion
3040,0.3438994884490967,0.34390631318092346,6.8247318267822266e-06,0,official_fusion,2,cam28_1,0,official_fusion,0,official_fusion
3041,0.8057637214660645,0.8644371628761292,0.0586734414100647,3,cam28_2,4,camdeep,0,official_fusion,0,official_fusion
3042,0.1544567495584488,0.17559383809566498,0.021137088537216187,0,official_fusion,0,official_fusion,4,camdeep,0,official_fusion
3043,0.7302818298339844,0.8122971653938293,0.08201533555984497,1,cam56,4,camdeep,0,official_fusion,0,official_fusion
3044,1.0,1.0,0.0,0,official_fusion,0,official_fusion,0,official_fusion,0,official_fusion
3045,0.1569375842809677,0.16636501252651215,0.009427428245544434,0,official_fusion,1,cam56,0,official_fusion,0,official_fusion
3046,0.5154507160186768,0.6067550778388977,0.09130436182022095,0,official_fusion,1,cam56,0,official_fusion,0,official_fusion
3047,1.0,1.0,0.0,0,official_fusion,0,official_fusion,0,official_fusion,0,official_fusion
3048,1.0,1.0,0.0,0,official_fusion,0,official_fusion,0,official_fusion,0,official_fusion
3049,0.8539588451385498,0.9115541577339172,0.05759531259536743,1,cam56,2,cam28_1,0,official_fusion,0,official_fusion
3050,1.0,1.0,0.0,0,official_fusion,0,official_fusion,0,official_fusion,0,official_fusion
3051,0.39752307534217834,0.48351210355758667,0.08598902821540833,0,official_fusion,4,camdeep,1,cam56,0,official_fusion
3052,0.5806361436843872,0.5806361436843872,0.0,0,official_fusion,0,official_fusion,0,official_fusion,0,official_fusion
3053,0.434029221534729,0.5660374164581299,0.13200819492340088,2,cam28_1,4,camdeep,0,official_fusion,0,official_fusion
3054,0.17379823327064514,0.17379823327064514,0.0,0,official_fusion,0,official_fusion,0,official_fusion,0,official_fusion
3055,0.23720504343509674,0.5171595811843872,0.27995455265045166,0,official_fusion,4,camdeep,2,cam28_1,0,official_fusion
3056,0.4970802664756775,0.4970802664756775,0.0,0,official_fusion,0,official_fusion,0,official_fusion,0,official_fusion
3057,0.49996015429496765,0.49996015429496765,0.0,0,official_fusion,0,official_fusion,0,official_fusion,0,official_fusion
3058,0.21446359157562256,0.6343020796775818,0.41983848810195923,1,cam56,4,camdeep,0,official_fusion,0,official_fusion
3059,0.7439767122268677,0.7446825504302979,0.0007058382034301758,0,official_fusion,2,cam28_1,0,official_fusion,0,official_fusion
3060,0.45925962924957275,0.4665125012397766,0.007252871990203857,4,camdeep,0,official_fusion,0,official_fusion,0,official_fusion
3061,0.46779337525367737,0.46779337525367737,0.0,0,official_fusion,0,official_fusion,0,official_fusion,0,official_fusion
3062,0.4909917116165161,0.5585404634475708,0.06754875183105469,0,official_fusion,1,cam56,0,official_fusion,0,official_fusion
3063,1.0,1.0,0.0,0,official_fusion,0,official_fusion,0,official_fusion,0,official_fusion
3064,0.49703046679496765,0.49703046679496765,0.0,0,official_fusion,0,official_fusion,0,official_fusion,0,official_fusion
3065,1.0,1.0,0.0,0,official_fusion,0,official_fusion,0,official_fusion,0,official_fusion
3066,0.3529675602912903,0.3529675602912903,0.0,0,official_fusion,0,official_fusion,0,official_fusion,0,official_fusion
3067,0.8846460580825806,0.8905194997787476,0.005873441696166992,0,official_fusion,1,cam56,0,official_fusion,0,official_fusion
3068,0.6057913303375244,0.8740162253379822,0.26822489500045776,0,official_fusion,2,cam28_1,4,camdeep,0,official_fusion
3069,0.44851887226104736,0.44851887226104736,0.0,0,official_fusion,0,official_fusion,0,official_fusion,0,official_fusion
3070,0.23828125,0.23828125,0.0,0,official_fusion,0,official_fusion,0,official_fusion,0,official_fusion
3071,0.336332231760025,0.35699060559272766,0.020658373832702637,2,cam28_1,3,cam28_2,0,official_fusion,0,official_fusion
3072,0.767000138759613,0.7671224474906921,0.00012230873107910156,0,official_fusion,1,cam56,0,official_fusion,0,official_fusion
3073,1.0,1.0,0.0,0,official_fusion,0,official_fusion,0,official_fusion,0,official_fusion
3074,0.45999082922935486,0.45999082922935486,0.0,0,official_fusion,0,official_fusion,0,official_fusion,0,official_fusion
3075,0.025739524513483047,0.13925446569919586,0.11351494491100311,0,official_fusion,4,camdeep,0,official_fusion,0,official_fusion
3076,1.0,1.0,0.0,0,official_fusion,0,official_fusion,0,official_fusion,0,official_fusion
3077,1.0,1.0,0.0,0,official_fusion,0,official_fusion,0,official_fusion,0,official_fusion
3078,1.0,1.0,0.0,0,official_fusion,0,official_fusion,0,official_fusion,0,official_fusion
3079,0.999980092048645,0.999980092048645,0.0,0,official_fusion,0,official_fusion,0,official_fusion,0,official_fusion
3080,0.3759503662586212,0.5443632006645203,0.16841283440589905,1,cam56,4,camdeep,0,official_fusion,0,official_fusion
3081,1.0,1.0,0.0,0,official_fusion,0,official_fusion,0,official_fusion,0,official_fusion
3082,1.0,1.0,0.0,0,official_fusion,0,official_fusion,0,official_fusion,0,official_fusion
3083,0.5849189162254333,0.7681559920310974,0.18323707580566406,1,cam56,3,cam28_2,0,official_fusion,0,official_fusion
3084,0.19562409818172455,0.20266373455524445,0.0070396363735198975,3,cam28_2,0,official_fusion,0,official_fusion,4,camdeep
3085,1.0,1.0,0.0,0,official_fusion,0,official_fusion,0,official_fusion,0,official_fusion
3086,0.17471499741077423,0.28299322724342346,0.10827822983264923,0,official_fusion,4,camdeep,0,official_fusion,0,official_fusion
3087,0.2939552664756775,0.29396113753318787,5.8710575103759766e-06,0,official_fusion,2,cam28_1,0,official_fusion,0,official_fusion
3088,1.0,1.0,0.0,0,official_fusion,0,official_fusion,0,official_fusion,0,official_fusion
3089,0.08895115554332733,0.1813633292913437,0.09241217374801636,0,official_fusion,3,cam28_2,0,official_fusion,0,official_fusion
3090,0.39974963665008545,0.5178982615470886,0.11814862489700317,4,camdeep,1,cam56,0,official_fusion,0,official_fusion
3091,0.5594454407691956,0.7480213642120361,0.18857592344284058,1,cam56,1,cam56,0,official_fusion,0,official_fusion
3092,0.37382620573043823,0.43163812160491943,0.0578119158744812,1,cam56,4,camdeep,0,official_fusion,0,official_fusion
3093,0.5613301396369934,0.6340446472167969,0.07271450757980347,4,camdeep,4,camdeep,3,cam28_2,0,official_fusion
3094,0.246367946267128,0.33307188749313354,0.08670394122600555,0,official_fusion,0,official_fusion,1,cam56,0,official_fusion
3095,0.2623622715473175,0.37117138504981995,0.10880911350250244,2,cam28_1,4,camdeep,0,official_fusion,0,official_fusion
3096,0.7770758271217346,0.8446465134620667,0.06757068634033203,2,cam28_1,4,camdeep,0,official_fusion,0,official_fusion
3097,0.7521577477455139,0.7611163258552551,0.008958578109741211,0,official_fusion,3,cam28_2,2,cam28_1,0,official_fusion
3098,0.4908721446990967,0.4909112751483917,3.9130449295043945e-05,0,official_fusion,2,cam28_1,0,official_fusion,0,official_fusion
3099,0.4734075367450714,0.5430716872215271,0.06966415047645569,1,cam56,0,official_fusion,1,cam56,0,official_fusion
3100,0.46552136540412903,0.4658184349536896,0.0002970695495605469,0,official_fusion,4,camdeep,0,official_fusion,0,official_fusion
3101,0.432207852602005,0.440146267414093,0.007938414812088013,2,cam28_1,2,cam28_1,0,official_fusion,0,official_fusion
3102,0.9936224222183228,0.9936224222183228,0.0,0,official_fusion,0,official_fusion,0,official_fusion,0,official_fusion
3103,1.0,1.0,0.0,0,official_fusion,0,official_fusion,0,official_fusion,0,official_fusion
3104,1.0,1.0,0.0,0,official_fusion,0,official_fusion,0,official_fusion,0,official_fusion
3105,0.2907465696334839,0.2924407720565796,0.0016942024230957031,0,official_fusion,1,cam56,0,official_fusion,0,official_fusion
3106,0.1585519015789032,0.1585519015789032,0.0,0,official_fusion,0,official_fusion,0,official_fusion,0,official_fusion
3107,0.5973772406578064,0.5973772406578064,0.0,0,official_fusion,0,official_fusion,0,official_fusion,0,official_fusion
3108,0.24287909269332886,0.3299212157726288,0.08704212307929993,0,official_fusion,4,camdeep,3,cam28_2,0,official_fusion
3109,1.0,1.0,0.0,0,official_fusion,0,official_fusion,0,official_fusion,0,official_fusion
3110,0.9661989808082581,0.9661989808082581,0.0,0,official_fusion,0,official_fusion,0,official_fusion,0,official_fusion
3111,0.6411432027816772,0.8542729616165161,0.21312975883483887,0,official_fusion,4,camdeep,3,cam28_2,0,official_fusion
3112,1.0,1.0,0.0,0,official_fusion,0,official_fusion,0,official_fusion,0,official_fusion
3113,0.4396026134490967,0.4396026134490967,0.0,0,official_fusion,0,official_fusion,0,official_fusion,0,official_fusion
3114,0.27308541536331177,0.27308541536331177,0.0,0,official_fusion,0,official_fusion,0,official_fusion,0,official_fusion
3115,0.7497636675834656,0.825283408164978,0.07551974058151245,3,cam28_2,4,camdeep,0,official_fusion,0,official_fusion
3116,0.47995004057884216,0.5326858162879944,0.05273577570915222,3,cam28_2,1,cam56,0,official_fusion,0,official_fusion
3117,0.9053730964660645,0.9509725570678711,0.04559946060180664,3,cam28_2,2,cam28_1,0,official_fusion,0,official_fusion
3118,0.19657431542873383,0.3038284480571747,0.10725413262844086,0,official_fusion,4,camdeep,3,cam28_2,0,official_fusion
3119,0.9996811151504517,0.9996811151504517,0.0,0,official_fusion,0,official_fusion,0,official_fusion,0,official_fusion
3120,0.5145678520202637,0.5884652733802795,0.07389742136001587,2,cam28_1,0,official_fusion,3,cam28_2,0,official_fusion
3121,1.0,1.0,0.0,0,official_fusion,0,official_fusion,0,official_fusion,0,official_fusion
3122,0.9971300959587097,0.9971300959587097,0.0,0,official_fusion,0,official_fusion,0,official_fusion,0,official_fusion
3123,0.9738919138908386,0.9738919138908386,0.0,0,official_fusion,0,official_fusion,0,official_fusion,0,official_fusion
3124,1.0,1.0,0.0,0,official_fusion,0,official_fusion,0,official_fusion,0,official_fusion
3125,0.44067880511283875,0.44067880511283875,0.0,0,official_fusion,0,official_fusion,0,official_fusion,0,official_fusion
3126,0.9921078085899353,0.9921078085899353,0.0,0,official_fusion,0,official_fusion,0,official_fusion,0,official_fusion
3127,1.0,1.0,0.0,0,official_fusion,0,official_fusion,0,official_fusion,0,official_fusion
3128,0.4815848171710968,0.4815848171710968,0.0,0,official_fusion,0,official_fusion,0,official_fusion,0,official_fusion
3129,0.4137628972530365,0.5165600776672363,0.10279718041419983,1,cam56,4,camdeep,0,official_fusion,0,official_fusion
3130,1.0,1.0,0.0,0,official_fusion,0,official_fusion,0,official_fusion,0,official_fusion
3131,0.8698580861091614,0.8698580861091614,0.0,0,official_fusion,0,official_fusion,0,official_fusion,0,official_fusion
3132,0.5039823651313782,0.5917297601699829,0.08774739503860474,1,cam56,1,cam56,0,official_fusion,0,official_fusion
3133,0.340210497379303,0.4213033616542816,0.08109286427497864,4,camdeep,3,cam28_2,0,official_fusion,0,official_fusion
3134,1.0,1.0,0.0,0,official_fusion,0,official_fusion,0,official_fusion,0,official_fusion
3135,1.0,1.0,0.0,0,official_fusion,0,official_fusion,0,official_fusion,0,official_fusion
3136,0.5281558036804199,0.5623975992202759,0.03424179553985596,4,camdeep,0,official_fusion,0,official_fusion,0,official_fusion
3137,0.8641182780265808,0.8641355037689209,1.722574234008789e-05,0,official_fusion,1,cam56,0,official_fusion,0,official_fusion
3138,0.5573697090148926,0.7177155613899231,0.16034585237503052,1,cam56,4,camdeep,0,official_fusion,0,official_fusion
3139,0.45532724261283875,0.45532724261283875,0.0,0,official_fusion,0,official_fusion,0,official_fusion,0,official_fusion
3140,0.25718802213668823,0.25718802213668823,0.0,0,official_fusion,0,official_fusion,0,official_fusion,0,official_fusion
3141,1.0,1.0,0.0,0,official_fusion,0,official_fusion,0,official_fusion,0,official_fusion
3142,1.0,1.0,0.0,0,official_fusion,0,official_fusion,0,official_fusion,0,official_fusion
3143,0.8046300411224365,0.9018784165382385,0.097248375415802,2,cam28_1,1,cam56,0,official_fusion,0,official_fusion
3144,0.6429988741874695,0.6982443332672119,0.05524545907974243,1,cam56,4,camdeep,0,official_fusion,0,official_fusion
3145,0.3957872986793518,0.42602306604385376,0.030235767364501953,0,official_fusion,3,cam28_2,1,cam56,0,official_fusion
3146,0.21171045303344727,0.3214215338230133,0.10971108078956604,0,official_fusion,3,cam28_2,4,camdeep,0,official_fusion
3147,0.15450169146060944,0.19126631319522858,0.03676462173461914,4,camdeep,3,cam28_2,0,official_fusion,0,official_fusion
3148,0.2705576419830322,0.2705576419830322,0.0,0,official_fusion,0,official_fusion,0,official_fusion,0,official_fusion
3149,0.46676698327064514,0.4668042063713074,3.7223100662231445e-05,0,official_fusion,2,cam28_1,0,official_fusion,0,official_fusion
3150,1.0,1.0,0.0,0,official_fusion,0,official_fusion,0,official_fusion,0,official_fusion
3151,0.509364902973175,0.5383285880088806,0.028963685035705566,0,official_fusion,3,cam28_2,2,cam28_1,0,official_fusion
3152,1.0,1.0,0.0,0,official_fusion,0,official_fusion,0,official_fusion,0,official_fusion
3153,1.0,1.0,0.0,0,official_fusion,0,official_fusion,0,official_fusion,0,official_fusion
3154,0.19832855463027954,0.2280718982219696,0.029743343591690063,0,official_fusion,1,cam56,0,official_fusion,0,official_fusion
3155,1.0,1.0,0.0,0,official_fusion,0,official_fusion,0,official_fusion,0,official_fusion
3156,0.6163017153739929,0.6937955021858215,0.07749378681182861,2,cam28_1,1,cam56,2,cam28_1,0,official_fusion
3157,0.5031112432479858,0.6512331366539001,0.1481218934059143,0,official_fusion,4,camdeep,2,cam28_1,0,official_fusion
3158,0.8140943646430969,0.8140943646430969,0.0,0,official_fusion,0,official_fusion,0,official_fusion,0,official_fusion
3159,1.0,1.0,0.0,0,official_fusion,0,official_fusion,0,official_fusion,0,official_fusion
3160,1.0,1.0,0.0,0,official_fusion,0,official_fusion,0,official_fusion,0,official_fusion
3161,0.7177658081054688,0.7390351891517639,0.021269381046295166,0,official_fusion,3,cam28_2,2,cam28_1,0,official_fusion
3162,0.4720882475376129,0.4720882475376129,0.0,0,official_fusion,0,official_fusion,0,official_fusion,0,official_fusion
3163,0.12975940108299255,0.1427070051431656,0.012947604060173035,0,official_fusion,4,camdeep,0,official_fusion,0,official_fusion
3164,0.23826132714748383,0.33922967314720154,0.10096834599971771,0,official_fusion,3,cam28_2,0,official_fusion,0,official_fusion
3165,0.355874240398407,0.3813024163246155,0.025428175926208496,0,official_fusion,2,cam28_1,1,cam56,0,official_fusion
3166,0.4580675959587097,0.4582137167453766,0.00014612078666687012,0,official_fusion,2,cam28_1,0,official_fusion,0,official_fusion
3167,0.41471022367477417,0.41471022367477417,0.0,0,official_fusion,0,official_fusion,0,official_fusion,0,official_fusion
3168,0.44425562024116516,0.46550291776657104,0.021247297525405884,4,camdeep,2,cam28_1,0,official_fusion,0,official_fusion
3169,0.36048623919487,0.3753829896450043,0.014896750450134277,4,camdeep,2,cam28_1,0,official_fusion,0,official_fusion
3170,0.28698980808258057,0.28698980808258057,0.0,0,official_fusion,0,official_fusion,0,official_fusion,0,official_fusion
3171,0.236280158162117,0.4378965497016907,0.20161639153957367,0,official_fusion,0,official_fusion,1,cam56,0,official_fusion
3172,1.0,1.0,0.0,0,official_fusion,0,official_fusion,0,official_fusion,0,official_fusion
3173,0.8693452477455139,0.9576153755187988,0.08827012777328491,3,cam28_2,3,cam28_2,0,official_fusion,0,official_fusion
3174,0.4629703462123871,0.4629703462123871,0.0,0,official_fusion,0,official_fusion,0,official_fusion,0,official_fusion
3175,0.5273478627204895,0.5434070229530334,0.016059160232543945,3,cam28_2,3,cam28_2,0,official_fusion,0,official_fusion
3176,0.0,0.0,0.0,0,official_fusion,0,official_fusion,0,official_fusion,0,official_fusion
3177,0.38284239172935486,0.4336308538913727,0.05078846216201782,0,official_fusion,1,cam56,0,official_fusion,0,official_fusion
3178,0.4794713854789734,0.5411489009857178,0.061677515506744385,0,official_fusion,0,official_fusion,4,camdeep,0,official_fusion
3179,0.38842839002609253,0.4379194378852844,0.049491047859191895,1,cam56,2,cam28_1,0,official_fusion,0,official_fusion
3180,0.5056865215301514,0.5111498236656189,0.005463302135467529,0,official_fusion,2,cam28_1,0,official_fusion,0,official_fusion
3181,1.0,1.0,0.0,0,official_fusion,0,official_fusion,0,official_fusion,0,official_fusion
3182,0.31251993775367737,0.31251993775367737,0.0,0,official_fusion,0,official_fusion,0,official_fusion,0,official_fusion
3183,1.0,1.0,0.0,0,official_fusion,0,official_fusion,0,official_fusion,0,official_fusion
3184,1.0,1.0,0.0,0,official_fusion,0,official_fusion,0,official_fusion,0,official_fusion
3185,0.47274264693260193,0.5036678314208984,0.03092518448829651,0,official_fusion,1,cam56,0,official_fusion,0,official_fusion
3186,0.18113502860069275,0.20462819933891296,0.023493170738220215,0,official_fusion,3,cam28_2,2,cam28_1,0,official_fusion
3187,0.4713669419288635,0.7609841823577881,0.28961724042892456,4,camdeep,1,cam56,0,official_fusion,0,official_fusion
3188,1.0,1.0,0.0,0,official_fusion,0,official_fusion,0,official_fusion,0,official_fusion
3189,0.7003946304321289,0.7004485130310059,5.3882598876953125e-05,0,official_fusion,2,cam28_1,0,official_fusion,0,official_fusion
3190,1.0,1.0,0.0,0,official_fusion,0,official_fusion,0,official_fusion,0,official_fusion
3191,1.0,1.0,0.0,0,official_fusion,0,official_fusion,0,official_fusion,0,official_fusion
3192,1.0,1.0,0.0,0,official_fusion,0,official_fusion,0,official_fusion,0,official_fusion
3193,0.21914859116077423,0.21914859116077423,0.0,0,official_fusion,0,official_fusion,0,official_fusion,0,official_fusion
3194,0.8946309089660645,0.9407884478569031,0.04615753889083862,2,cam28_1,3,cam28_2,0,official_fusion,0,official_fusion
3195,0.08533862233161926,0.1173861101269722,0.032047487795352936,0,official_fusion,3,cam28_2,0,official_fusion,1,cam56
3196,0.9649234414100647,0.9649234414100647,0.0,0,official_fusion,0,official_fusion,0,official_fusion,0,official_fusion
3197,0.6431636214256287,0.697594165802002,0.05443054437637329,4,camdeep,0,official_fusion,3,cam28_2,0,official_fusion
3198,0.5286973118782043,0.5776099562644958,0.048912644386291504,1,cam56,4,camdeep,0,official_fusion,0,official_fusion
3199,1.0,1.0,0.0,0,official_fusion,0,official_fusion,0,official_fusion,0,official_fusion
3200,1.0,1.0,0.0,0,official_fusion,0,official_fusion,0,official_fusion,0,official_fusion
3201,1.0,1.0,0.0,0,official_fusion,0,official_fusion,0,official_fusion,0,official_fusion
3202,0.9976682066917419,0.9976682066917419,0.0,0,official_fusion,0,official_fusion,0,official_fusion,0,official_fusion
3203,0.5734419226646423,0.6211245656013489,0.04768264293670654,1,cam56,3,cam28_2,2,cam28_1,0,official_fusion
3204,0.48209303617477417,0.48209303617477417,0.0,0,official_fusion,0,official_fusion,0,official_fusion,0,official_fusion
3205,0.2936316132545471,0.34762993454933167,0.053998321294784546,4,camdeep,1,cam56,0,official_fusion,0,official_fusion
3206,0.47200852632522583,0.47215908765792847,0.00015056133270263672,0,official_fusion,3,cam28_2,0,official_fusion,0,official_fusion
3207,0.44787347316741943,0.4844421148300171,0.036568641662597656,0,official_fusion,1,cam56,0,official_fusion,0,official_fusion
3208,0.8454041481018066,0.8454041481018066,0.0,0,official_fusion,0,official_fusion,0,official_fusion,0,official_fusion
3209,0.38088229298591614,0.4067232012748718,0.02584090828895569,0,official_fusion,3,cam28_2,2,cam28_1,0,official_fusion
3210,0.820745050907135,0.8362679481506348,0.015522897243499756,2,cam28_1,1,cam56,0,official_fusion,0,official_fusion
3211,0.2487344592809677,0.24885348975658417,0.00011903047561645508,0,official_fusion,1,cam56,0,official_fusion,0,official_fusion
3212,0.5001910328865051,0.5191740393638611,0.018983006477355957,2,cam28_1,2,cam28_1,0,official_fusion,0,official_fusion
3213,0.46976640820503235,0.46976640820503235,0.0,0,official_fusion,0,official_fusion,0,official_fusion,0,official_fusion
3214,1.0,1.0,0.0,0,official_fusion,0,official_fusion,0,official_fusion,0,official_fusion
3215,1.0,1.0,0.0,0,official_fusion,0,official_fusion,0,official_fusion,0,official_fusion
3216,0.22862733900547028,0.3853825032711029,0.15675516426563263,3,cam28_2,4,camdeep,0,official_fusion,0,official_fusion
3217,0.35189133882522583,0.35189133882522583,0.0,0,official_fusion,0,official_fusion,0,official_fusion,0,official_fusion
3218,1.0,1.0,0.0,0,official_fusion,0,official_fusion,0,official_fusion,0,official_fusion
3219,0.4004603922367096,0.40588802099227905,0.005427628755569458,0,official_fusion,1,cam56,0,official_fusion,0,official_fusion
3220,1.0,1.0,0.0,0,official_fusion,0,official_fusion,0,official_fusion,0,official_fusion
3221,0.4989636540412903,0.4991227984428406,0.00015914440155029297,0,official_fusion,0,official_fusion,2,cam28_1,0,official_fusion
3222,0.3234614133834839,0.3234614133834839,0.0,0,official_fusion,0,official_fusion,0,official_fusion,0,official_fusion
3223,0.8129982352256775,0.8130630850791931,6.4849853515625e-05,0,official_fusion,3,cam28_2,0,official_fusion,0,official_fusion
3224,0.22592045366764069,0.5005581378936768,0.27463769912719727,4,camdeep,1,cam56,0,official_fusion,0,official_fusion
3225,0.4842454493045807,0.4842454493045807,0.0,0,official_fusion,0,official_fusion,0,official_fusion,0,official_fusion
3226,1.0,1.0,0.0,0,official_fusion,0,official_fusion,0,official_fusion,0,official_fusion
3227,0.48419561982154846,0.5090416073799133,0.024845987558364868,0,official_fusion,0,official_fusion,0,official_fusion,1,cam56
3228,0.47121134400367737,0.47121134400367737,0.0,0,official_fusion,0,official_fusion,0,official_fusion,0,official_fusion
3229,1.0,1.0,0.0,0,official_fusion,0,official_fusion,0,official_fusion,0,official_fusion
3230,0.2556401491165161,0.26681119203567505,0.011171042919158936,0,official_fusion,1,cam56,0,official_fusion,0,official_fusion
3231,1.0,1.0,0.0,0,official_fusion,0,official_fusion,0,official_fusion,0,official_fusion
3232,0.44813257455825806,0.44813257455825806,0.0,0,official_fusion,0,official_fusion,0,official_fusion,0,official_fusion
3233,0.3135378062725067,0.3868353068828583,0.07329750061035156,4,camdeep,2,cam28_1,0,official_fusion,0,official_fusion
3234,1.0,1.0,0.0,0,official_fusion,0,official_fusion,0,official_fusion,0,official_fusion
3235,0.6531028747558594,0.6892694234848022,0.03616654872894287,0,official_fusion,1,cam56,3,cam28_2,0,official_fusion
3236,1.0,1.0,0.0,0,official_fusion,0,official_fusion,0,official_fusion,0,official_fusion
3237,0.45007574558258057,0.6734693646430969,0.22339361906051636,1,cam56,4,camdeep,0,official_fusion,0,official_fusion
3238,0.49841558933258057,0.49841558933258057,0.0,0,official_fusion,0,official_fusion,0,official_fusion,0,official_fusion
3239,0.23378720879554749,0.2751632034778595,0.04137599468231201,0,official_fusion,0,official_fusion,1,cam56,0,official_fusion
3240,0.657546877861023,0.6845604777336121,0.02701359987258911,2,cam28_1,0,official_fusion,0,official_fusion,0,official_fusion
3241,0.6950279474258423,0.7363786101341248,0.04135066270828247,0,official_fusion,4,camdeep,0,official_fusion,0,official_fusion
3242,0.29968512058258057,0.29968512058258057,0.0,0,official_fusion,0,official_fusion,0,official_fusion,0,official_fusion
3243,0.0,0.0,0.0,0,official_fusion,0,official_fusion,0,official_fusion,0,official_fusion
3244,0.06427375972270966,0.06612943112850189,0.0018556714057922363,0,official_fusion,3,cam28_2,0,official_fusion,0,official_fusion
3245,0.6650451421737671,0.6970610618591309,0.03201591968536377,0,official_fusion,0,official_fusion,4,camdeep,0,official_fusion
3246,0.8330078125,0.8330244421958923,1.6629695892333984e-05,0,official_fusion,4,camdeep,0,official_fusion,0,official_fusion
3247,1.0,1.0,0.0,0,official_fusion,0,official_fusion,0,official_fusion,0,official_fusion
3248,1.0,1.0,0.0,0,official_fusion,0,official_fusion,0,official_fusion,0,official_fusion
3249,1.0,1.0,0.0,0,official_fusion,0,official_fusion,0,official_fusion,0,official_fusion
3250,0.43953534960746765,0.43953534960746765,0.0,0,official_fusion,0,official_fusion,0,official_fusion,0,official_fusion
3251,0.2496567815542221,0.33747363090515137,0.08781684935092926,1,cam56,4,camdeep,0,official_fusion,0,official_fusion
3252,1.0,1.0,0.0,0,official_fusion,0,official_fusion,0,official_fusion,0,official_fusion
3253,0.6356021761894226,0.7169820666313171,0.08137989044189453,4,camdeep,2,cam28_1,0,official_fusion,0,official_fusion
3254,1.0,1.0,0.0,0,official_fusion,0,official_fusion,0,official_fusion,0,official_fusion
3255,0.3787667453289032,0.3787667453289032,0.0,0,official_fusion,0,official_fusion,0,official_fusion,0,official_fusion
3256,0.5483996272087097,0.6679763793945312,0.11957675218582153,0,official_fusion,4,camdeep,3,cam28_2,0,official_fusion
3257,0.37842613458633423,0.4568996727466583,0.0784735381603241,4,camdeep,0,official_fusion,0,official_fusion,0,official_fusion
3258,0.8258928656578064,0.8259093165397644,1.6450881958007812e-05,0,official_fusion,3,cam28_2,0,official_fusion,0,official_fusion
3259,0.24450932443141937,0.24450932443141937,0.0,0,official_fusion,0,official_fusion,0,official_fusion,0,official_fusion
3260,1.0,1.0,0.0,0,official_fusion,0,official_fusion,0,official_fusion,0,official_fusion
3261,1.0,1.0,0.0,0,official_fusion,0,official_fusion,0,official_fusion,0,official_fusion
3262,0.35789626836776733,0.5591667294502258,0.2012704610824585,1,cam56,4,camdeep,0,official_fusion,0,official_fusion
3263,0.0,0.04743099957704544,0.04743099957704544,0,official_fusion,0,official_fusion,0,official_fusion,1,cam56
3264,0.39294177293777466,0.4575910270214081,0.06464925408363342,4,camdeep,0,official_fusion,0,official_fusion,0,official_fusion
3265,0.6842657327651978,0.7761194109916687,0.09185367822647095,0,official_fusion,1,cam56,3,cam28_2,0,official_fusion
3266,0.2538868486881256,0.3084813952445984,0.05459454655647278,0,official_fusion,0,official_fusion,0,official_fusion,1,cam56
3267,0.22243185341358185,0.36262407898902893,0.14019222557544708,1,cam56,4,camdeep,0,official_fusion,0,official_fusion
3268,1.0,1.0,0.0,0,official_fusion,0,official_fusion,0,official_fusion,0,official_fusion
3269,1.0,1.0,0.0,0,official_fusion,0,official_fusion,0,official_fusion,0,official_fusion
3270,0.4017444849014282,0.513984739780426,0.1122402548789978,0,official_fusion,4,camdeep,3,cam28_2,0,official_fusion
3271,0.8127965927124023,0.8158111572265625,0.0030145645141601562,0,official_fusion,2,cam28_1,0,official_fusion,0,official_fusion
3272,1.0,1.0,0.0,0,official_fusion,0,official_fusion,0,official_fusion,0,official_fusion
3273,0.5269970893859863,0.5409614443778992,0.013964354991912842,0,official_fusion,0,official_fusion,3,cam28_2,0,official_fusion
3274,0.14987245202064514,0.15008781850337982,0.00021536648273468018,0,official_fusion,1,cam56,0,official_fusion,0,official_fusion
3275,1.0,1.0,0.0,0,official_fusion,0,official_fusion,0,official_fusion,0,official_fusion
3276,0.10859773308038712,0.10859773308038712,0.0,0,official_fusion,0,official_fusion,0,official_fusion,0,official_fusion
3277,0.35145989060401917,0.4111655354499817,0.059705644845962524,1,cam56,1,cam56,0,official_fusion,0,official_fusion
3278,0.20236307382583618,0.28854304552078247,0.08617997169494629,3,cam28_2,4,camdeep,0,official_fusion,0,official_fusion
3279,0.7277331948280334,0.7804849743843079,0.052751779556274414,0,official_fusion,4,camdeep,0,official_fusion,0,official_fusion
3280,0.03619811683893204,0.04523439705371857,0.00903628021478653,0,official_fusion,4,camdeep,3,cam28_2,0,official_fusion
3281,0.44660478830337524,0.5129904747009277,0.06638568639755249,0,official_fusion,2,cam28_1,4,camdeep,0,official_fusion
3282,1.0,1.0,0.0,0,official_fusion,0,official_fusion,0,official_fusion,0,official_fusion
3283,0.7742347121238708,0.7742347121238708,0.0,0,official_fusion,0,official_fusion,0,official_fusion,0,official_fusion
3284,1.0,1.0,0.0,0,official_fusion,0,official_fusion,0,official_fusion,0,official_fusion
3285,1.0,1.0,0.0,0,official_fusion,0,official_fusion,0,official_fusion,0,official_fusion
3286,0.6456871628761292,0.8276666402816772,0.1819794774055481,2,cam28_1,4,camdeep,0,official_fusion,0,official_fusion
3287,1.0,1.0,0.0,0,official_fusion,0,official_fusion,0,official_fusion,0,official_fusion
3288,0.3801020383834839,0.3801020383834839,0.0,0,official_fusion,0,official_fusion,0,official_fusion,0,official_fusion
3289,0.20631377398967743,0.20914755761623383,0.0028337836265563965,0,official_fusion,4,camdeep,0,official_fusion,0,official_fusion
3290,0.7106464505195618,0.7375386357307434,0.02689218521118164,0,official_fusion,0,official_fusion,3,cam28_2,0,official_fusion
3291,0.3086535334587097,0.3086535334587097,0.0,0,official_fusion,0,official_fusion,0,official_fusion,0,official_fusion
3292,0.46194395422935486,0.46194395422935486,0.0,0,official_fusion,0,official_fusion,0,official_fusion,0,official_fusion
3293,0.6175638437271118,0.7380033731460571,0.12043952941894531,1,cam56,0,official_fusion,0,official_fusion,0,official_fusion
3294,0.39567720890045166,0.39567720890045166,0.0,0,official_fusion,0,official_fusion,0,official_fusion,0,official_fusion
3295,0.1806640625,0.1806640625,0.0,0,official_fusion,0,official_fusion,0,official_fusion,0,official_fusion
3296,1.0,1.0,0.0,0,official_fusion,0,official_fusion,0,official_fusion,0,official_fusion
3297,1.0,1.0,0.0,0,official_fusion,0,official_fusion,0,official_fusion,0,official_fusion
3298,0.9270567893981934,0.9270936846733093,3.68952751159668e-05,0,official_fusion,1,cam56,0,official_fusion,0,official_fusion
3299,0.5464476346969604,0.5798673033714294,0.033419668674468994,0,official_fusion,2,cam28_1,3,cam28_2,0,official_fusion
3300,1.0,1.0,0.0,0,official_fusion,0,official_fusion,0,official_fusion,0,official_fusion
3301,1.0,1.0,0.0,0,official_fusion,0,official_fusion,0,official_fusion,0,official_fusion
3302,0.41096922755241394,0.4432673454284668,0.032298117876052856,2,cam28_1,2,cam28_1,0,official_fusion,0,official_fusion
3303,0.23371732234954834,0.3772103488445282,0.14349302649497986,0,official_fusion,1,cam56,0,official_fusion,0,official_fusion
3304,0.40972357988357544,0.4487823247909546,0.03905874490737915,4,camdeep,0,official_fusion,0,official_fusion,0,official_fusion
3305,0.3469986021518707,0.4321334660053253,0.08513486385345459,0,official_fusion,1,cam56,2,cam28_1,0,official_fusion
3306,1.0,1.0,0.0,0,official_fusion,0,official_fusion,0,official_fusion,0,official_fusion
3307,0.3997155427932739,0.7407060265541077,0.34099048376083374,1,cam56,2,cam28_1,0,official_fusion,0,official_fusion
3308,1.0,1.0,0.0,0,official_fusion,0,official_fusion,0,official_fusion,0,official_fusion
3309,0.3884626030921936,0.3884626030921936,0.0,0,official_fusion,0,official_fusion,0,official_fusion,0,official_fusion
3310,0.7569754719734192,0.8493901491165161,0.09241467714309692,2,cam28_1,4,camdeep,0,official_fusion,0,official_fusion
3311,0.5954462885856628,0.6538905501365662,0.05844426155090332,2,cam28_1,1,cam56,0,official_fusion,0,official_fusion
3312,0.07008330523967743,0.07008330523967743,0.0,0,official_fusion,0,official_fusion,0,official_fusion,0,official_fusion
3313,0.21865035593509674,0.2322188913822174,0.013568535447120667,0,official_fusion,1,cam56,0,official_fusion,0,official_fusion
3314,0.9105150103569031,0.9108054041862488,0.0002903938293457031,0,official_fusion,2,cam28_1,0,official_fusion,0,official_fusion
3315,0.6325033903121948,0.7231681942939758,0.090664803981781,3,cam28_2,4,camdeep,0,official_fusion,0,official_fusion
3316,0.29426419734954834,0.29426419734954834,0.0,0,official_fusion,0,official_fusion,0,official_fusion,0,official_fusion
3317,0.7028260231018066,0.7028400301933289,1.4007091522216797e-05,0,official_fusion,3,cam28_2,0,official_fusion,0,official_fusion
3318,0.6625438332557678,0.6778359413146973,0.015292108058929443,2,cam28_1,0,official_fusion,0,official_fusion,0,official_fusion
3319,0.2912448048591614,0.3757729232311249,0.0845281183719635,0,official_fusion,1,cam56,0,official_fusion,0,official_fusion
3320,0.3095703125,0.3195452392101288,0.009974926710128784,0,official_fusion,1,cam56,0,official_fusion,0,official_fusion
3321,0.4966409206390381,0.599643886089325,0.10300296545028687,2,cam28_1,1,cam56,0,official_fusion,0,official_fusion
3322,1.0,1.0,0.0,0,official_fusion,0,official_fusion,0,official_fusion,0,official_fusion
3323,1.0,1.0,0.0,0,official_fusion,0,official_fusion,0,official_fusion,0,official_fusion
3324,0.9959542155265808,0.9959542155265808,0.0,0,official_fusion,0,official_fusion,0,official_fusion,0,official_fusion
3325,0.8608132004737854,0.8777493238449097,0.016936123371124268,2,cam28_1,2,cam28_1,0,official_fusion,0,official_fusion
3326,0.37921515107154846,0.37921515107154846,0.0,0,official_fusion,0,official_fusion,0,official_fusion,0,official_fusion
3327,0.5249809622764587,0.5416489839553833,0.01666802167892456,0,official_fusion,3,cam28_2,0,official_fusion,0,official_fusion
3328,0.7455755472183228,0.8270886540412903,0.08151310682296753,0,official_fusion,4,camdeep,3,cam28_2,0,official_fusion
3329,0.0015545280184596777,0.08290568739175797,0.08135116100311279,0,official_fusion,4,camdeep,0,official_fusion,0,official_fusion
3330,0.49690091609954834,0.49690091609954834,0.0,0,official_fusion,0,official_fusion,0,official_fusion,0,official_fusion
3331,1.0,1.0,0.0,0,official_fusion,0,official_fusion,0,official_fusion,0,official_fusion
3332,0.627722978591919,0.6524819731712341,0.024758994579315186,1,cam56,3,cam28_2,0,official_fusion,0,official_fusion
3333,0.14690589904785156,0.31915780901908875,0.17225190997123718,1,cam56,4,camdeep,0,official_fusion,0,official_fusion
3334,0.48812180757522583,0.48812180757522583,0.0,0,official_fusion,0,official_fusion,0,official_fusion,0,official_fusion
3335,0.0,0.003537735901772976,0.003537735901772976,0,official_fusion,1,cam56,0,official_fusion,0,official_fusion
3336,0.498046875,0.498046875,0.0,0,official_fusion,0,official_fusion,0,official_fusion,0,official_fusion
3337,0.8073979616165161,0.9092928171157837,0.10189485549926758,0,official_fusion,3,cam28_2,0,official_fusion,0,official_fusion
3338,0.41298413276672363,0.5121763944625854,0.09919226169586182,0,official_fusion,4,camdeep,3,cam28_2,0,official_fusion
3339,0.49161040782928467,0.5275201201438904,0.03590971231460571,2,cam28_1,3,cam28_2,0,official_fusion,0,official_fusion
3340,0.08720304816961288,0.08720304816961288,0.0,0,official_fusion,0,official_fusion,0,official_fusion,0,official_fusion
3341,1.0,1.0,0.0,0,official_fusion,0,official_fusion,0,official_fusion,0,official_fusion
3342,0.6626925468444824,0.6758168339729309,0.013124287128448486,3,cam28_2,2,cam28_1,0,official_fusion,0,official_fusion
3343,1.0,1.0,0.0,0,official_fusion,0,official_fusion,0,official_fusion,0,official_fusion
3344,0.8306959271430969,0.8440539836883545,0.013358056545257568,0,official_fusion,4,camdeep,0,official_fusion,0,official_fusion
3345,1.0,1.0,0.0,0,official_fusion,0,official_fusion,0,official_fusion,0,official_fusion
3346,1.0,1.0,0.0,0,official_fusion,0,official_fusion,0,official_fusion,0,official_fusion
3347,1.0,1.0,0.0,0,official_fusion,0,official_fusion,0,official_fusion,0,official_fusion
3348,0.3730568289756775,0.3730568289756775,0.0,0,official_fusion,0,official_fusion,0,official_fusion,0,official_fusion
3349,1.0,1.0,0.0,0,official_fusion,0,official_fusion,0,official_fusion,0,official_fusion
3350,0.7690330147743225,0.7690942883491516,6.127357482910156e-05,0,official_fusion,2,cam28_1,0,official_fusion,0,official_fusion
3351,0.11427060514688492,0.1753847301006317,0.061114124953746796,4,camdeep,1,cam56,3,cam28_2,0,official_fusion
3352,0.8178212642669678,0.9003109335899353,0.08248966932296753,3,cam28_2,4,camdeep,0,official_fusion,0,official_fusion
3353,1.0,1.0,0.0,0,official_fusion,0,official_fusion,0,official_fusion,0,official_fusion
3354,0.3652328550815582,0.38895660638809204,0.023723751306533813,0,official_fusion,3,cam28_2,1,cam56,0,official_fusion
3355,1.0,1.0,0.0,0,official_fusion,0,official_fusion,0,official_fusion,0,official_fusion
3356,0.4663683772087097,0.5142481923103333,0.047879815101623535,0,official_fusion,4,camdeep,0,official_fusion,0,official_fusion
3357,0.4009486734867096,0.5771085619926453,0.17615988850593567,0,official_fusion,4,camdeep,0,official_fusion,3,cam28_2
3358,0.3454264998435974,0.3631727993488312,0.017746299505233765,0,official_fusion,0,official_fusion,1,cam56,0,official_fusion
3359,0.4210379421710968,0.4210379421710968,0.0,0,official_fusion,0,official_fusion,0,official_fusion,0,official_fusion
3360,0.538244366645813,0.5417847633361816,0.0035403966903686523,3,cam28_2,0,official_fusion,0,official_fusion,0,official_fusion
3361,0.2523247003555298,0.3837508261203766,0.1314261257648468,1,cam56,3,cam28_2,0,official_fusion,0,official_fusion
3362,1.0,1.0,0.0,0,official_fusion,0,official_fusion,0,official_fusion,0,official_fusion
3363,1.0,1.0,0.0,0,official_fusion,0,official_fusion,0,official_fusion,0,official_fusion
3364,0.5997036099433899,0.6994550228118896,0.09975141286849976,3,cam28_2,4,camdeep,0,official_fusion,0,official_fusion
3365,0.40990713238716125,0.4411770701408386,0.03126993775367737,2,cam28_1,1,cam56,0,official_fusion,0,official_fusion
3366,1.0,1.0,0.0,0,official_fusion,0,official_fusion,0,official_fusion,0,official_fusion
3367,0.4382672905921936,0.4382672905921936,0.0,0,official_fusion,0,official_fusion,0,official_fusion,0,official_fusion
3368,0.4413464665412903,0.46391603350639343,0.02256956696510315,0,official_fusion,0,official_fusion,0,official_fusion,1,cam56
3369,1.0,1.0,0.0,0,official_fusion,0,official_fusion,0,official_fusion,0,official_fusion
3370,0.07619845122098923,0.10677945613861084,0.030581004917621613,0,official_fusion,0,official_fusion,0,official_fusion,1,cam56
3371,0.32104989886283875,0.32104989886283875,0.0,0,official_fusion,0,official_fusion,0,official_fusion,0,official_fusion
3372,1.0,1.0,0.0,0,official_fusion,0,official_fusion,0,official_fusion,0,official_fusion
3373,0.3155824840068817,0.31568315625190735,0.00010067224502563477,0,official_fusion,3,cam28_2,0,official_fusion,0,official_fusion
3374,0.47456562519073486,0.6040703058242798,0.12950468063354492,1,cam56,0,official_fusion,0,official_fusion,0,official_fusion
3375,0.44479432702064514,0.4448297917842865,3.546476364135742e-05,0,official_fusion,2,cam28_1,0,official_fusion,0,official_fusion
3376,0.7857568860054016,0.7864000201225281,0.0006431341171264648,0,official_fusion,2,cam28_1,0,official_fusion,0,official_fusion
3377,0.4779968857765198,0.6402527093887329,0.16225582361221313,0,official_fusion,4,camdeep,1,cam56,0,official_fusion
3378,0.6571061015129089,0.7722150087356567,0.1151089072227478,0,official_fusion,3,cam28_2,3,cam28_2,0,official_fusion
3379,1.0,1.0,0.0,0,official_fusion,0,official_fusion,0,official_fusion,0,official_fusion
3380,0.435268759727478,0.503325879573822,0.068057119846344,0,official_fusion,1,cam56,1,cam56,0,official_fusion
3381,1.0,1.0,0.0,0,official_fusion,0,official_fusion,0,official_fusion,0,official_fusion
3382,0.8467386364936829,0.9117128849029541,0.06497424840927124,3,cam28_2,4,camdeep,0,official_fusion,0,official_fusion
3383,0.2652396857738495,0.2652396857738495,0.0,0,official_fusion,0,official_fusion,0,official_fusion,0,official_fusion
3384,0.6068481802940369,0.6301570534706116,0.023308873176574707,0,official_fusion,0,official_fusion,4,camdeep,0,official_fusion
3385,0.30553120374679565,0.3361005187034607,0.03056931495666504,0,official_fusion,1,cam56,0,official_fusion,0,official_fusion
3386,0.5168988704681396,0.5824794173240662,0.06558054685592651,0,official_fusion,4,camdeep,0,official_fusion,0,official_fusion
3387,1.0,1.0,0.0,0,official_fusion,0,official_fusion,0,official_fusion,0,official_fusion
3388,0.23886482417583466,0.31123897433280945,0.07237415015697479,0,official_fusion,1,cam56,0,official_fusion,0,official_fusion
3389,0.49730947613716125,0.49730947613716125,0.0,0,official_fusion,0,official_fusion,0,official_fusion,0,official_fusion
3390,0.4716457724571228,0.7086839079856873,0.23703813552856445,0,official_fusion,3,cam28_2,0,official_fusion,0,official_fusion
3391,0.3106066584587097,0.3106066584587097,0.0,0,official_fusion,0,official_fusion,0,official_fusion,0,official_fusion
3392,0.42282167077064514,0.42283010482788086,8.434057235717773e-06,0,official_fusion,4,camdeep,0,official_fusion,0,official_fusion
3393,1.0,1.0,0.0,0,official_fusion,0,official_fusion,0,official_fusion,0,official_fusion
3394,0.3106744587421417,0.34198668599128723,0.03131222724914551,1,cam56,3,cam28_2,4,camdeep,0,official_fusion
3395,0.42957788705825806,0.42957788705825806,0.0,0,official_fusion,0,official_fusion,0,official_fusion,0,official_fusion
3396,0.572034478187561,0.6739503145217896,0.10191583633422852,4,camdeep,2,cam28_1,0,official_fusion,0,official_fusion
3397,0.5046243071556091,0.6028359532356262,0.09821164608001709,1,cam56,4,camdeep,0,official_fusion,0,official_fusion
3398,0.56074059009552,0.66093909740448,0.10019850730895996,0,official_fusion,0,official_fusion,3,cam28_2,0,official_fusion
3399,0.2965433895587921,0.3054560422897339,0.008912652730941772,0,official_fusion,0,official_fusion,4,camdeep,0,official_fusion
3400,0.35969433188438416,0.46341538429260254,0.10372105240821838,0,official_fusion,4,camdeep,2,cam28_1,0,official_fusion
3401,0.43398237228393555,0.43398237228393555,0.0,0,official_fusion,0,official_fusion,0,official_fusion,0,official_fusion
3402,0.36765584349632263,0.36765584349632263,0.0,0,official_fusion,0,official_fusion,0,official_fusion,0,official_fusion
3403,0.48789262771606445,0.48789262771606445,0.0,0,official_fusion,0,official_fusion,0,official_fusion,0,official_fusion
3404,0.12248250842094421,0.1456078737974167,0.023125365376472473,4,camdeep,0,official_fusion,0,official_fusion,0,official_fusion
3405,0.4147799611091614,0.4147799611091614,0.0,0,official_fusion,0,official_fusion,0,official_fusion,0,official_fusion
3406,0.4526267647743225,0.4526267647743225,0.0,0,official_fusion,0,official_fusion,0,official_fusion,0,official_fusion
3407,0.5380460023880005,0.6115163564682007,0.0734703540802002,0,official_fusion,3,cam28_2,0,official_fusion,0,official_fusion
3408,0.4654715359210968,0.4654715359210968,0.0,0,official_fusion,0,official_fusion,0,official_fusion,0,official_fusion
3409,0.31022799015045166,0.31022799015045166,0.0,0,official_fusion,0,official_fusion,0,official_fusion,0,official_fusion
3410,0.45574578642845154,0.5003970265388489,0.04465124011039734,0,official_fusion,1,cam56,0,official_fusion,0,official_fusion
3411,0.6053271293640137,0.783713161945343,0.17838603258132935,4,camdeep,3,cam28_2,0,official_fusion,0,official_fusion
3412,0.15430620312690735,0.3877517879009247,0.23344558477401733,1,cam56,4,camdeep,0,official_fusion,0,official_fusion
3413,0.42859137058258057,0.5036802291870117,0.07508885860443115,0,official_fusion,1,cam56,0,official_fusion,0,official_fusion
3414,0.4416254758834839,0.4416254758834839,0.0,0,official_fusion,0,official_fusion,0,official_fusion,0,official_fusion
3415,0.32861328125,0.32861328125,0.0,0,official_fusion,0,official_fusion,0,official_fusion,0,official_fusion
3416,0.5407337546348572,0.6239471435546875,0.08321338891983032,3,cam28_2,0,official_fusion,0,official_fusion,0,official_fusion
3417,0.26674771308898926,0.26674771308898926,0.0,0,official_fusion,0,official_fusion,0,official_fusion,0,official_fusion
