index,choice_index,local_q,w56,w28_1,w28_2,wdeep
0,260,0.18004216253757477,0.0,0.0,0.0,1.0
1,98,0.8191887140274048,0.20000000298023224,0.800000011920929,0.0,0.0
2,285,0.39079758524894714,1.0,0.0,0.0,0.0
3,0,1.0,0.0,0.6000000238418579,0.20000000298023224,0.20000000298023224
4,0,0.9770807027816772,0.0,0.6000000238418579,0.20000000298023224,0.20000000298023224
5,169,0.6928229928016663,0.0,0.0,0.699999988079071,0.30000001192092896
6,285,0.4254016876220703,1.0,0.0,0.0,0.0
7,17,0.33388659358024597,0.0,0.699999988079071,0.0,0.30000001192092896
8,260,0.4860903024673462,0.0,0.0,0.0,1.0
9,260,0.40752846002578735,0.0,0.0,0.0,1.0
10,0,0.4139728248119354,0.0,0.6000000238418579,0.20000000298023224,0.20000000298023224
11,21,0.22794723510742188,0.0,0.800000011920929,0.20000000298023224,0.0
12,158,0.8490257859230042,0.5,0.30000001192092896,0.0,0.20000000298023224
13,7,0.8634207844734192,0.10000000149011612,0.5,0.20000000298023224,0.20000000298023224
14,0,0.8592953085899353,0.0,0.6000000238418579,0.20000000298023224,0.20000000298023224
15,261,0.7304273247718811,0.0,0.0,1.0,0.0
16,281,0.793543815612793,0.800000011920929,0.20000000298023224,0.0,0.0
17,0,1.0,0.0,0.6000000238418579,0.20000000298023224,0.20000000298023224
18,114,0.4423515796661377,0.4000000059604645,0.6000000238418579,0.0,0.0
19,170,0.8982581496238708,0.0,0.0,0.800000011920929,0.20000000298023224
20,275,0.761140763759613,0.699999988079071,0.0,0.30000001192092896,0.0
21,81,0.4342643618583679,0.0,1.0,0.0,0.0
22,259,0.48243504762649536,0.699999988079071,0.30000001192092896,0.0,0.0
23,52,0.7834370136260986,0.10000000149011612,0.5,0.0,0.4000000059604645
24,0,0.4812460243701935,0.0,0.6000000238418579,0.20000000298023224,0.20000000298023224
25,260,0.5549991726875305,0.0,0.0,0.0,1.0
26,273,0.8465860486030579,0.6000000238418579,0.0,0.4000000059604645,0.0
27,0,0.10673761367797852,0.0,0.6000000238418579,0.20000000298023224,0.20000000298023224
28,0,0.25934046506881714,0.0,0.6000000238418579,0.20000000298023224,0.20000000298023224
29,0,0.46955716609954834,0.0,0.6000000238418579,0.20000000298023224,0.20000000298023224
30,0,1.0,0.0,0.6000000238418579,0.20000000298023224,0.20000000298023224
31,163,0.4307214915752411,0.5,0.5,0.0,0.0
32,260,0.5057293772697449,0.0,0.0,0.0,1.0
33,166,0.519981324672699,0.0,0.0,0.4000000059604645,0.6000000238418579
34,0,1.0,0.0,0.6000000238418579,0.20000000298023224,0.20000000298023224
35,231,0.4931739866733551,0.10000000149011612,0.10000000149011612,0.800000011920929,0.0
36,0,0.0,0.0,0.6000000238418579,0.20000000298023224,0.20000000298023224
37,15,0.23712901771068573,0.0,0.6000000238418579,0.0,0.4000000059604645
38,0,1.0,0.0,0.6000000238418579,0.20000000298023224,0.20000000298023224
39,271,0.6426103115081787,0.5,0.0,0.5,0.0
40,223,0.527067244052887,0.6000000238418579,0.4000000059604645,0.0,0.0
41,90,0.4112342298030853,0.10000000149011612,0.8999999761581421,0.0,0.0
42,285,0.05311432480812073,1.0,0.0,0.0,0.0
43,0,1.0,0.0,0.6000000238418579,0.20000000298023224,0.20000000298023224
44,81,0.4791144132614136,0.0,1.0,0.0,0.0
45,0,1.0,0.0,0.6000000238418579,0.20000000298023224,0.20000000298023224
46,0,0.05045240744948387,0.0,0.6000000238418579,0.20000000298023224,0.20000000298023224
47,0,0.4850825071334839,0.0,0.6000000238418579,0.20000000298023224,0.20000000298023224
48,260,0.4009105861186981,0.0,0.0,0.0,1.0
49,98,0.8768800497055054,0.20000000298023224,0.800000011920929,0.0,0.0
50,285,0.24605010449886322,1.0,0.0,0.0,0.0
51,0,1.0,0.0,0.6000000238418579,0.20000000298023224,0.20000000298023224
52,260,0.1833132952451706,0.0,0.0,0.0,1.0
53,167,0.4363526701927185,0.0,0.0,0.5,0.5
54,0,0.42597058415412903,0.0,0.6000000238418579,0.20000000298023224,0.20000000298023224
55,81,0.3581746816635132,0.0,1.0,0.0,0.0
56,260,0.6258724927902222,0.0,0.0,0.0,1.0
57,0,0.49557557702064514,0.0,0.6000000238418579,0.20000000298023224,0.20000000298023224
58,12,0.6125097274780273,0.0,0.4000000059604645,0.4000000059604645,0.20000000298023224
59,90,0.33021748065948486,0.10000000149011612,0.8999999761581421,0.0,0.0
60,0,0.30911192297935486,0.0,0.6000000238418579,0.20000000298023224,0.20000000298023224
61,0,0.18956606090068817,0.0,0.6000000238418579,0.20000000298023224,0.20000000298023224
62,175,0.5077453851699829,0.10000000149011612,0.0,0.20000000298023224,0.699999988079071
63,0,1.0,0.0,0.6000000238418579,0.20000000298023224,0.20000000298023224
64,0,0.3597835600376129,0.0,0.6000000238418579,0.20000000298023224,0.20000000298023224
65,242,0.5389689207077026,0.4000000059604645,0.10000000149011612,0.0,0.5
66,81,0.47264182567596436,0.0,1.0,0.0,0.0
67,0,0.3141143321990967,0.0,0.6000000238418579,0.20000000298023224,0.20000000298023224
68,285,0.4925937056541443,1.0,0.0,0.0,0.0
69,165,0.6700953245162964,0.0,0.0,0.30000001192092896,0.699999988079071
70,278,0.7855958342552185,0.800000011920929,0.0,0.20000000298023224,0.0
71,0,1.0,0.0,0.6000000238418579,0.20000000298023224,0.20000000298023224
72,0,0.4719686806201935,0.0,0.6000000238418579,0.20000000298023224,0.20000000298023224
73,260,0.26139581203460693,0.0,0.0,0.0,1.0
74,261,0.6051314473152161,0.0,0.0,1.0,0.0
75,98,0.4770573079586029,0.20000000298023224,0.800000011920929,0.0,0.0
76,259,0.5237369537353516,0.699999988079071,0.30000001192092896,0.0,0.0
77,163,0.22079940140247345,0.5,0.5,0.0,0.0
78,0,0.4305345118045807,0.0,0.6000000238418579,0.20000000298023224,0.20000000298023224
79,0,1.0,0.0,0.6000000238418579,0.20000000298023224,0.20000000298023224
80,260,0.1464734673500061,0.0,0.0,0.0,1.0
81,0,1.0,0.0,0.6000000238418579,0.20000000298023224,0.20000000298023224
82,260,0.5122268199920654,0.0,0.0,0.0,1.0
83,285,0.8111681342124939,1.0,0.0,0.0,0.0
84,229,0.74953293800354,0.10000000149011612,0.0,0.800000011920929,0.10000000149011612
85,260,0.12554267048835754,0.0,0.0,0.0,1.0
86,0,0.9999203085899353,0.0,0.6000000238418579,0.20000000298023224,0.20000000298023224
87,0,1.0,0.0,0.6000000238418579,0.20000000298023224,0.20000000298023224
88,0,1.0,0.0,0.6000000238418579,0.20000000298023224,0.20000000298023224
89,285,0.3310224711894989,1.0,0.0,0.0,0.0
90,0,1.0,0.0,0.6000000238418579,0.20000000298023224,0.20000000298023224
91,0,0.4154376685619354,0.0,0.6000000238418579,0.20000000298023224,0.20000000298023224
92,0,0.0,0.0,0.6000000238418579,0.20000000298023224,0.20000000298023224
93,165,0.6958466172218323,0.0,0.0,0.30000001192092896,0.699999988079071
94,81,0.1379404366016388,0.0,1.0,0.0,0.0
95,169,0.3634031414985657,0.0,0.0,0.699999988079071,0.30000001192092896
96,285,0.4331294000148773,1.0,0.0,0.0,0.0
97,0,0.0,0.0,0.6000000238418579,0.20000000298023224,0.20000000298023224
98,0,0.37564772367477417,0.0,0.6000000238418579,0.20000000298023224,0.20000000298023224
99,32,0.7924146056175232,0.20000000298023224,0.5,0.10000000149011612,0.20000000298023224
100,0,1.0,0.0,0.6000000238418579,0.20000000298023224,0.20000000298023224
101,164,0.4828035831451416,0.0,0.0,0.20000000298023224,0.800000011920929
102,0,1.0,0.0,0.6000000238418579,0.20000000298023224,0.20000000298023224
103,0,1.0,0.0,0.6000000238418579,0.20000000298023224,0.20000000298023224
104,0,1.0,0.0,0.6000000238418579,0.20000000298023224,0.20000000298023224
105,7,0.9952168464660645,0.10000000149011612,0.5,0.20000000298023224,0.20000000298023224
106,0,0.9840959906578064,0.0,0.6000000238418579,0.20000000298023224,0.20000000298023224
107,7,1.0,0.10000000149011612,0.5,0.20000000298023224,0.20000000298023224
108,90,0.66285240650177,0.10000000149011612,0.8999999761581421,0.0,0.0
109,174,0.6266584992408752,0.0,0.20000000298023224,0.800000011920929,0.0
110,285,0.3432232737541199,1.0,0.0,0.0,0.0
111,0,0.49757853150367737,0.0,0.6000000238418579,0.20000000298023224,0.20000000298023224
112,0,0.49963128566741943,0.0,0.6000000238418579,0.20000000298023224,0.20000000298023224
113,285,0.29545819759368896,1.0,0.0,0.0,0.0
114,81,0.009430511854588985,0.0,1.0,0.0,0.0
115,0,1.0,0.0,0.6000000238418579,0.20000000298023224,0.20000000298023224
116,0,1.0,0.0,0.6000000238418579,0.20000000298023224,0.20000000298023224
117,285,0.4197491407394409,1.0,0.0,0.0,0.0
118,0,1.0,0.0,0.6000000238418579,0.20000000298023224,0.20000000298023224
119,0,0.48547112941741943,0.0,0.6000000238418579,0.20000000298023224,0.20000000298023224
120,0,0.2273862659931183,0.0,0.6000000238418579,0.20000000298023224,0.20000000298023224
121,270,0.2951914668083191,0.5,0.0,0.0,0.5
122,0,0.32124921679496765,0.0,0.6000000238418579,0.20000000298023224,0.20000000298023224
123,260,0.43828821182250977,0.0,0.0,0.0,1.0
124,0,1.0,0.0,0.6000000238418579,0.20000000298023224,0.20000000298023224
125,270,0.4269601106643677,0.5,0.0,0.0,0.5
126,0,1.0,0.0,0.6000000238418579,0.20000000298023224,0.20000000298023224
127,16,0.2484055608510971,0.0,0.6000000238418579,0.4000000059604645,0.0
128,260,0.13969378173351288,0.0,0.0,0.0,1.0
129,46,0.2720954418182373,0.0,0.8999999761581421,0.10000000149011612,0.0
130,260,0.36654767394065857,0.0,0.0,0.0,1.0
131,270,0.5956559181213379,0.5,0.0,0.0,0.5
132,0,1.0,0.0,0.6000000238418579,0.20000000298023224,0.20000000298023224
133,0,1.0,0.0,0.6000000238418579,0.20000000298023224,0.20000000298023224
134,0,0.3073880076408386,0.0,0.6000000238418579,0.20000000298023224,0.20000000298023224
135,285,0.6721373796463013,1.0,0.0,0.0,0.0
136,0,1.0,0.0,0.6000000238418579,0.20000000298023224,0.20000000298023224
137,0,1.0,0.0,0.6000000238418579,0.20000000298023224,0.20000000298023224
138,0,0.4905831515789032,0.0,0.6000000238418579,0.20000000298023224,0.20000000298023224
139,0,0.239164799451828,0.0,0.6000000238418579,0.20000000298023224,0.20000000298023224
140,0,0.2531489133834839,0.0,0.6000000238418579,0.20000000298023224,0.20000000298023224
141,225,0.32008621096611023,0.0,0.0,0.8999999761581421,0.10000000149011612
142,262,0.12207135558128357,0.10000000149011612,0.0,0.0,0.8999999761581421
143,0,0.4744698703289032,0.0,0.6000000238418579,0.20000000298023224,0.20000000298023224
144,226,0.1253305971622467,0.0,0.10000000149011612,0.0,0.8999999761581421
145,275,0.3758516013622284,0.699999988079071,0.0,0.30000001192092896,0.0
146,280,0.8822956681251526,0.800000011920929,0.10000000149011612,0.10000000149011612,0.0
147,117,0.5031006336212158,0.0,0.10000000149011612,0.4000000059604645,0.5
148,261,0.2903829514980316,0.0,0.0,1.0,0.0
149,0,0.4715501368045807,0.0,0.6000000238418579,0.20000000298023224,0.20000000298023224
150,261,0.3515692353248596,0.0,0.0,1.0,0.0
151,0,1.0,0.0,0.6000000238418579,0.20000000298023224,0.20000000298023224
152,0,0.4699457883834839,0.0,0.6000000238418579,0.20000000298023224,0.20000000298023224
153,285,0.40993601083755493,1.0,0.0,0.0,0.0
154,0,1.0,0.0,0.6000000238418579,0.20000000298023224,0.20000000298023224
155,0,0.4724370241165161,0.0,0.6000000238418579,0.20000000298023224,0.20000000298023224
156,235,0.8046872615814209,0.20000000298023224,0.10000000149011612,0.699999988079071,0.0
157,0,1.0,0.0,0.6000000238418579,0.20000000298023224,0.20000000298023224
158,81,0.3690504729747772,0.0,1.0,0.0,0.0
159,0,1.0,0.0,0.6000000238418579,0.20000000298023224,0.20000000298023224
160,196,0.424704372882843,0.30000001192092896,0.0,0.4000000059604645,0.30000001192092896
161,0,0.4325673580169678,0.0,0.6000000238418579,0.20000000298023224,0.20000000298023224
162,282,0.22080381214618683,0.8999999761581421,0.0,0.0,0.10000000149011612
163,105,0.6637231111526489,0.30000001192092896,0.699999988079071,0.0,0.0
164,0,0.35451212525367737,0.0,0.6000000238418579,0.20000000298023224,0.20000000298023224
165,0,1.0,0.0,0.6000000238418579,0.20000000298023224,0.20000000298023224
166,0,0.42302095890045166,0.0,0.6000000238418579,0.20000000298023224,0.20000000298023224
167,4,0.9257604479789734,0.0,0.6000000238418579,0.30000001192092896,0.10000000149011612
168,285,0.4305822253227234,1.0,0.0,0.0,0.0
169,285,0.6081482172012329,1.0,0.0,0.0,0.0
170,0,1.0,0.0,0.6000000238418579,0.20000000298023224,0.20000000298023224
171,285,0.021733662113547325,1.0,0.0,0.0,0.0
172,0,0.3780094087123871,0.0,0.6000000238418579,0.20000000298023224,0.20000000298023224
173,267,0.8654516935348511,0.30000001192092896,0.0,0.699999988079071,0.0
174,260,0.16443027555942535,0.0,0.0,0.0,1.0
175,114,0.9278647303581238,0.4000000059604645,0.6000000238418579,0.0,0.0
176,0,1.0,0.0,0.6000000238418579,0.20000000298023224,0.20000000298023224
177,0,0.22247688472270966,0.0,0.6000000238418579,0.20000000298023224,0.20000000298023224
178,7,0.9959343075752258,0.10000000149011612,0.5,0.20000000298023224,0.20000000298023224
179,0,1.0,0.0,0.6000000238418579,0.20000000298023224,0.20000000298023224
180,262,0.23307551443576813,0.10000000149011612,0.0,0.0,0.8999999761581421
181,81,0.4552714228630066,0.0,1.0,0.0,0.0
182,227,0.38927558064460754,0.0,0.10000000149011612,0.8999999761581421,0.0
183,253,0.8739380240440369,0.699999988079071,0.0,0.20000000298023224,0.10000000149011612
184,285,0.46163249015808105,1.0,0.0,0.0,0.0
185,0,1.0,0.0,0.6000000238418579,0.20000000298023224,0.20000000298023224
186,0,1.0,0.0,0.6000000238418579,0.20000000298023224,0.20000000298023224
187,261,0.9095759987831116,0.0,0.0,1.0,0.0
188,260,0.06418228894472122,0.0,0.0,0.0,1.0
189,0,1.0,0.0,0.6000000238418579,0.20000000298023224,0.20000000298023224
190,225,0.4819592833518982,0.0,0.0,0.8999999761581421,0.10000000149011612
191,0,0.44346898794174194,0.0,0.6000000238418579,0.20000000298023224,0.20000000298023224
192,285,0.05118792504072189,1.0,0.0,0.0,0.0
193,0,1.0,0.0,0.6000000238418579,0.20000000298023224,0.20000000298023224
194,163,0.4703215956687927,0.5,0.5,0.0,0.0
195,260,0.33449381589889526,0.0,0.0,0.0,1.0
196,0,1.0,0.0,0.6000000238418579,0.20000000298023224,0.20000000298023224
197,0,0.4423728585243225,0.0,0.6000000238418579,0.20000000298023224,0.20000000298023224
198,0,0.9850725531578064,0.0,0.6000000238418579,0.20000000298023224,0.20000000298023224
199,0,0.4667071998119354,0.0,0.6000000238418579,0.20000000298023224,0.20000000298023224
200,79,0.571286678314209,0.0,0.4000000059604645,0.0,0.6000000238418579
201,0,1.0,0.0,0.6000000238418579,0.20000000298023224,0.20000000298023224
202,0,0.9233298897743225,0.0,0.6000000238418579,0.20000000298023224,0.20000000298023224
203,104,0.6938657164573669,0.30000001192092896,0.4000000059604645,0.30000001192092896,0.0
204,0,0.9993622303009033,0.0,0.6000000238418579,0.20000000298023224,0.20000000298023224
205,0,0.4999900460243225,0.0,0.6000000238418579,0.20000000298023224,0.20000000298023224
206,0,1.0,0.0,0.6000000238418579,0.20000000298023224,0.20000000298023224
207,241,0.4518401026725769,0.4000000059604645,0.0,0.5,0.10000000149011612
208,81,0.37888649106025696,0.0,1.0,0.0,0.0
209,0,1.0,0.0,0.6000000238418579,0.20000000298023224,0.20000000298023224
210,283,0.5292792320251465,0.8999999761581421,0.0,0.10000000149011612,0.0
211,0,0.6613719463348389,0.0,0.6000000238418579,0.20000000298023224,0.20000000298023224
212,265,0.4769585430622101,0.20000000298023224,0.0,0.800000011920929,0.0
213,0,1.0,0.0,0.6000000238418579,0.20000000298023224,0.20000000298023224
214,45,0.7208428382873535,0.0,0.8999999761581421,0.0,0.10000000149011612
215,7,1.0,0.10000000149011612,0.5,0.20000000298023224,0.20000000298023224
216,0,0.19131988286972046,0.0,0.6000000238418579,0.20000000298023224,0.20000000298023224
217,81,0.34195366501808167,0.0,1.0,0.0,0.0
218,260,0.4801443815231323,0.0,0.0,0.0,1.0
219,140,0.722432017326355,0.20000000298023224,0.30000001192092896,0.0,0.5
220,261,0.4499700963497162,0.0,0.0,1.0,0.0
221,274,0.49717816710472107,0.699999988079071,0.0,0.0,0.30000001192092896
222,164,0.49197566509246826,0.0,0.0,0.20000000298023224,0.800000011920929
223,263,0.5577041506767273,0.10000000149011612,0.0,0.8999999761581421,0.0
224,0,1.0,0.0,0.6000000238418579,0.20000000298023224,0.20000000298023224
225,0,0.0,0.0,0.6000000238418579,0.20000000298023224,0.20000000298023224
226,274,0.2869093716144562,0.699999988079071,0.0,0.0,0.30000001192092896
227,0,0.0,0.0,0.6000000238418579,0.20000000298023224,0.20000000298023224
228,285,0.6494637131690979,1.0,0.0,0.0,0.0
229,0,0.49755859375,0.0,0.6000000238418579,0.20000000298023224,0.20000000298023224
230,81,0.5703726410865784,0.0,1.0,0.0,0.0
231,261,0.5139743089675903,0.0,0.0,1.0,0.0
232,44,0.40945494174957275,0.0,0.5,0.5,0.0
233,0,0.1870681792497635,0.0,0.6000000238418579,0.20000000298023224,0.20000000298023224
234,262,0.31619176268577576,0.10000000149011612,0.0,0.0,0.8999999761581421
235,0,0.4349988102912903,0.0,0.6000000238418579,0.20000000298023224,0.20000000298023224
236,0,1.0,0.0,0.6000000238418579,0.20000000298023224,0.20000000298023224
237,279,0.5351943969726562,0.800000011920929,0.10000000149011612,0.0,0.10000000149011612
238,273,0.669176459312439,0.6000000238418579,0.0,0.4000000059604645,0.0
239,7,0.8974011540412903,0.10000000149011612,0.5,0.20000000298023224,0.20000000298023224
240,261,0.4496983587741852,0.0,0.0,1.0,0.0
241,282,0.3383103907108307,0.8999999761581421,0.0,0.0,0.10000000149011612
242,7,0.40185546875,0.10000000149011612,0.5,0.20000000298023224,0.20000000298023224
243,81,0.7624733448028564,0.0,1.0,0.0,0.0
244,0,1.0,0.0,0.6000000238418579,0.20000000298023224,0.20000000298023224
245,0,0.0,0.0,0.6000000238418579,0.20000000298023224,0.20000000298023224
246,0,1.0,0.0,0.6000000238418579,0.20000000298023224,0.20000000298023224
247,133,0.5199189186096191,0.10000000149011612,0.30000001192092896,0.6000000238418579,0.0
248,81,0.48884835839271545,0.0,1.0,0.0,0.0
249,278,0.46254420280456543,0.800000011920929,0.0,0.20000000298023224,0.0
250,261,0.6786326169967651,0.0,0.0,1.0,0.0
251,0,1.0,0.0,0.6000000238418579,0.20000000298023224,0.20000000298023224
252,261,0.008903743699193,0.0,0.0,1.0,0.0
253,81,0.5293055176734924,0.0,1.0,0.0,0.0
254,9,0.3539576232433319,0.10000000149011612,0.6000000238418579,0.20000000298023224,0.10000000149011612
255,46,0.6244789958000183,0.0,0.8999999761581421,0.10000000149011612,0.0
256,0,1.0,0.0,0.6000000238418579,0.20000000298023224,0.20000000298023224
257,0,1.0,0.0,0.6000000238418579,0.20000000298023224,0.20000000298023224
258,226,0.5284203290939331,0.0,0.10000000149011612,0.0,0.8999999761581421
259,0,1.0,0.0,0.6000000238418579,0.20000000298023224,0.20000000298023224
260,260,0.314491868019104,0.0,0.0,0.0,1.0
261,0,1.0,0.0,0.6000000238418579,0.20000000298023224,0.20000000298023224
262,0,0.0,0.0,0.6000000238418579,0.20000000298023224,0.20000000298023224
263,281,0.4857044517993927,0.800000011920929,0.20000000298023224,0.0,0.0
264,81,0.6035814881324768,0.0,1.0,0.0,0.0
265,0,1.0,0.0,0.6000000238418579,0.20000000298023224,0.20000000298023224
266,0,0.2533681392669678,0.0,0.6000000238418579,0.20000000298023224,0.20000000298023224
267,0,1.0,0.0,0.6000000238418579,0.20000000298023224,0.20000000298023224
268,119,0.5426461100578308,0.0,0.10000000149011612,0.6000000238418579,0.30000001192092896
269,7,0.4870455861091614,0.10000000149011612,0.5,0.20000000298023224,0.20000000298023224
270,0,1.0,0.0,0.6000000238418579,0.20000000298023224,0.20000000298023224
271,7,0.43340441584587097,0.10000000149011612,0.5,0.20000000298023224,0.20000000298023224
272,0,0.4439273774623871,0.0,0.6000000238418579,0.20000000298023224,0.20000000298023224
273,0,0.4990234375,0.0,0.6000000238418579,0.20000000298023224,0.20000000298023224
274,163,0.4214503765106201,0.5,0.5,0.0,0.0
275,0,1.0,0.0,0.6000000238418579,0.20000000298023224,0.20000000298023224
276,0,1.0,0.0,0.6000000238418579,0.20000000298023224,0.20000000298023224
277,0,0.021514270454645157,0.0,0.6000000238418579,0.20000000298023224,0.20000000298023224
278,168,0.7740305662155151,0.0,0.0,0.6000000238418579,0.4000000059604645
279,0,0.4951869547367096,0.0,0.6000000238418579,0.20000000298023224,0.20000000298023224
280,285,0.3057408630847931,1.0,0.0,0.0,0.0
281,0,0.0,0.0,0.6000000238418579,0.20000000298023224,0.20000000298023224
282,260,0.7216646671295166,0.0,0.0,0.0,1.0
283,223,0.43596717715263367,0.6000000238418579,0.4000000059604645,0.0,0.0
284,0,1.0,0.0,0.6000000238418579,0.20000000298023224,0.20000000298023224
285,163,0.37562108039855957,0.5,0.5,0.0,0.0
286,44,0.3043595552444458,0.0,0.5,0.5,0.0
287,260,0.44116413593292236,0.0,0.0,0.0,1.0
288,81,0.3805282413959503,0.0,1.0,0.0,0.0
289,81,0.5341448187828064,0.0,1.0,0.0,0.0
290,0,1.0,0.0,0.6000000238418579,0.20000000298023224,0.20000000298023224
291,224,0.42828619480133057,0.0,0.0,0.10000000149011612,0.8999999761581421
292,165,0.503483772277832,0.0,0.0,0.30000001192092896,0.699999988079071
293,138,0.8125270009040833,0.20000000298023224,0.20000000298023224,0.10000000149011612,0.5
294,0,1.0,0.0,0.6000000238418579,0.20000000298023224,0.20000000298023224
295,124,0.5448580384254456,0.0,0.30000001192092896,0.699999988079071,0.0
296,283,0.42180994153022766,0.8999999761581421,0.0,0.10000000149011612,0.0
297,81,0.9115442633628845,0.0,1.0,0.0,0.0
298,0,0.47820672392845154,0.0,0.6000000238418579,0.20000000298023224,0.20000000298023224
299,0,1.0,0.0,0.6000000238418579,0.20000000298023224,0.20000000298023224
300,81,0.8366096615791321,0.0,1.0,0.0,0.0
301,260,0.2481914460659027,0.0,0.0,0.0,1.0
302,0,0.4960837960243225,0.0,0.6000000238418579,0.20000000298023224,0.20000000298023224
303,278,0.8110311031341553,0.800000011920929,0.0,0.20000000298023224,0.0
304,124,0.45485907793045044,0.0,0.30000001192092896,0.699999988079071,0.0
305,260,0.6856398582458496,0.0,0.0,0.0,1.0
306,90,0.5558366179466248,0.10000000149011612,0.8999999761581421,0.0,0.0
307,0,0.03559470549225807,0.0,0.6000000238418579,0.20000000298023224,0.20000000298023224
308,16,0.36441513895988464,0.0,0.6000000238418579,0.4000000059604645,0.0
309,269,0.2882947623729706,0.4000000059604645,0.0,0.6000000238418579,0.0
310,226,0.8011309504508972,0.0,0.10000000149011612,0.0,0.8999999761581421
311,81,0.4645334780216217,0.0,1.0,0.0,0.0
312,260,0.08591166138648987,0.0,0.0,0.0,1.0
313,260,0.29648637771606445,0.0,0.0,0.0,1.0
314,285,0.33377453684806824,1.0,0.0,0.0,0.0
315,0,1.0,0.0,0.6000000238418579,0.20000000298023224,0.20000000298023224
316,260,0.6067585349082947,0.0,0.0,0.0,1.0
317,0,0.4859096109867096,0.0,0.6000000238418579,0.20000000298023224,0.20000000298023224
318,0,1.0,0.0,0.6000000238418579,0.20000000298023224,0.20000000298023224
319,0,1.0,0.0,0.6000000238418579,0.20000000298023224,0.20000000298023224
320,0,0.3020468056201935,0.0,0.6000000238418579,0.20000000298023224,0.20000000298023224
321,81,0.5025829076766968,0.0,1.0,0.0,0.0
322,0,1.0,0.0,0.6000000238418579,0.20000000298023224,0.20000000298023224
323,0,1.0,0.0,0.6000000238418579,0.20000000298023224,0.20000000298023224
324,0,1.0,0.0,0.6000000238418579,0.20000000298023224,0.20000000298023224
325,0,1.0,0.0,0.6000000238418579,0.20000000298023224,0.20000000298023224
326,0,1.0,0.0,0.6000000238418579,0.20000000298023224,0.20000000298023224
327,81,0.2772861421108246,0.0,1.0,0.0,0.0
328,285,0.40278056263923645,1.0,0.0,0.0,0.0
329,0,1.0,0.0,0.6000000238418579,0.20000000298023224,0.20000000298023224
330,0,1.0,0.0,0.6000000238418579,0.20000000298023224,0.20000000298023224
331,16,0.47553497552871704,0.0,0.6000000238418579,0.4000000059604645,0.0
332,19,0.3514391779899597,0.0,0.800000011920929,0.0,0.20000000298023224
333,0,1.0,0.0,0.6000000238418579,0.20000000298023224,0.20000000298023224
334,0,1.0,0.0,0.6000000238418579,0.20000000298023224,0.20000000298023224
335,285,0.4430502653121948,1.0,0.0,0.0,0.0
336,260,0.4338015913963318,0.0,0.0,0.0,1.0
337,0,1.0,0.0,0.6000000238418579,0.20000000298023224,0.20000000298023224
338,0,1.0,0.0,0.6000000238418579,0.20000000298023224,0.20000000298023224
339,234,0.42294082045555115,0.20000000298023224,0.10000000149011612,0.0,0.699999988079071
340,223,0.8162223100662231,0.6000000238418579,0.4000000059604645,0.0,0.0
341,81,0.4591529667377472,0.0,1.0,0.0,0.0
342,0,1.0,0.0,0.6000000238418579,0.20000000298023224,0.20000000298023224
343,171,0.3584415018558502,0.0,0.10000000149011612,0.10000000149011612,0.800000011920929
344,285,0.5905219316482544,1.0,0.0,0.0,0.0
345,16,0.6746990084648132,0.0,0.6000000238418579,0.4000000059604645,0.0
346,132,0.4089997708797455,0.10000000149011612,0.30000001192092896,0.0,0.6000000238418579
347,285,0.26430824398994446,1.0,0.0,0.0,0.0
348,262,0.37594667077064514,0.10000000149011612,0.0,0.0,0.8999999761581421
349,0,1.0,0.0,0.6000000238418579,0.20000000298023224,0.20000000298023224
350,0,1.0,0.0,0.6000000238418579,0.20000000298023224,0.20000000298023224
351,119,0.6998513340950012,0.0,0.10000000149011612,0.6000000238418579,0.30000001192092896
352,260,0.34410008788108826,0.0,0.0,0.0,1.0
353,235,0.5018715262413025,0.20000000298023224,0.10000000149011612,0.699999988079071,0.0
354,41,0.5226947069168091,0.0,0.4000000059604645,0.10000000149011612,0.5
355,285,0.45701026916503906,1.0,0.0,0.0,0.0
356,167,0.6882447600364685,0.0,0.0,0.5,0.5
357,0,1.0,0.0,0.6000000238418579,0.20000000298023224,0.20000000298023224
358,0,0.41863641142845154,0.0,0.6000000238418579,0.20000000298023224,0.20000000298023224
359,285,0.5408885478973389,1.0,0.0,0.0,0.0
360,74,0.8157970309257507,0.0,0.20000000298023224,0.4000000059604645,0.4000000059604645
361,43,0.41798678040504456,0.0,0.5,0.0,0.5
362,0,1.0,0.0,0.6000000238418579,0.20000000298023224,0.20000000298023224
363,259,0.6495934128761292,0.699999988079071,0.30000001192092896,0.0,0.0
364,283,0.9184869527816772,0.8999999761581421,0.0,0.10000000149011612,0.0
365,0,1.0,0.0,0.6000000238418579,0.20000000298023224,0.20000000298023224
366,81,0.5110535621643066,0.0,1.0,0.0,0.0
367,0,0.0003188775444868952,0.0,0.6000000238418579,0.20000000298023224,0.20000000298023224
368,260,0.5093125700950623,0.0,0.0,0.0,1.0
369,285,0.4196898341178894,1.0,0.0,0.0,0.0
370,234,0.7432643175125122,0.20000000298023224,0.10000000149011612,0.0,0.699999988079071
371,0,0.40962812304496765,0.0,0.6000000238418579,0.20000000298023224,0.20000000298023224
372,274,0.45649805665016174,0.699999988079071,0.0,0.0,0.30000001192092896
373,81,0.46602150797843933,0.0,1.0,0.0,0.0
374,14,0.8812988996505737,0.0,0.5,0.4000000059604645,0.10000000149011612
375,0,0.9985849857330322,0.0,0.6000000238418579,0.20000000298023224,0.20000000298023224
376,81,0.3098282814025879,0.0,1.0,0.0,0.0
377,260,0.3443542420864105,0.0,0.0,0.0,1.0
378,263,0.5914953947067261,0.10000000149011612,0.0,0.8999999761581421,0.0
379,261,0.48804712295532227,0.0,0.0,1.0,0.0
380,0,1.0,0.0,0.6000000238418579,0.20000000298023224,0.20000000298023224
381,260,0.1585913449525833,0.0,0.0,0.0,1.0
382,7,1.0,0.10000000149011612,0.5,0.20000000298023224,0.20000000298023224
383,90,0.5695599317550659,0.10000000149011612,0.8999999761581421,0.0,0.0
384,0,0.40573182702064514,0.0,0.6000000238418579,0.20000000298023224,0.20000000298023224
385,271,0.9029615521430969,0.5,0.0,0.5,0.0
386,0,0.0,0.0,0.6000000238418579,0.20000000298023224,0.20000000298023224
387,285,0.608713686466217,1.0,0.0,0.0,0.0
388,285,0.40489667654037476,1.0,0.0,0.0,0.0
389,0,1.0,0.0,0.6000000238418579,0.20000000298023224,0.20000000298023224
390,267,0.4727650582790375,0.30000001192092896,0.0,0.699999988079071,0.0
391,0,0.13051392138004303,0.0,0.6000000238418579,0.20000000298023224,0.20000000298023224
392,0,0.43760961294174194,0.0,0.6000000238418579,0.20000000298023224,0.20000000298023224
393,81,0.5681600570678711,0.0,1.0,0.0,0.0
394,0,1.0,0.0,0.6000000238418579,0.20000000298023224,0.20000000298023224
395,0,1.0,0.0,0.6000000238418579,0.20000000298023224,0.20000000298023224
396,262,0.3844678997993469,0.10000000149011612,0.0,0.0,0.8999999761581421
397,0,1.0,0.0,0.6000000238418579,0.20000000298023224,0.20000000298023224
398,0,1.0,0.0,0.6000000238418579,0.20000000298023224,0.20000000298023224
399,285,0.3007875680923462,1.0,0.0,0.0,0.0
400,0,1.0,0.0,0.6000000238418579,0.20000000298023224,0.20000000298023224
401,261,0.7254245281219482,0.0,0.0,1.0,0.0
402,165,0.9103754758834839,0.0,0.0,0.30000001192092896,0.699999988079071
403,0,0.36944952607154846,0.0,0.6000000238418579,0.20000000298023224,0.20000000298023224
404,147,0.8963011503219604,0.30000001192092896,0.30000001192092896,0.0,0.4000000059604645
405,169,0.8233303427696228,0.0,0.0,0.699999988079071,0.30000001192092896
406,0,1.0,0.0,0.6000000238418579,0.20000000298023224,0.20000000298023224
407,271,0.892287015914917,0.5,0.0,0.5,0.0
408,0,0.9914102554321289,0.0,0.6000000238418579,0.20000000298023224,0.20000000298023224
409,274,0.31665319204330444,0.699999988079071,0.0,0.0,0.30000001192092896
410,0,1.0,0.0,0.6000000238418579,0.20000000298023224,0.20000000298023224
411,0,0.18419164419174194,0.0,0.6000000238418579,0.20000000298023224,0.20000000298023224
412,284,0.6262961626052856,0.8999999761581421,0.10000000149011612,0.0,0.0
413,261,0.6672248840332031,0.0,0.0,1.0,0.0
414,0,0.4416753053665161,0.0,0.6000000238418579,0.20000000298023224,0.20000000298023224
415,0,0.0,0.0,0.6000000238418579,0.20000000298023224,0.20000000298023224
416,0,1.0,0.0,0.6000000238418579,0.20000000298023224,0.20000000298023224
417,0,0.48356783390045166,0.0,0.6000000238418579,0.20000000298023224,0.20000000298023224
418,0,0.39029616117477417,0.0,0.6000000238418579,0.20000000298023224,0.20000000298023224
419,261,0.4160471260547638,0.0,0.0,1.0,0.0
420,245,0.6078190803527832,0.5,0.0,0.4000000059604645,0.10000000149011612
421,0,1.0,0.0,0.6000000238418579,0.20000000298023224,0.20000000298023224
422,285,0.44451868534088135,1.0,0.0,0.0,0.0
423,266,0.858649730682373,0.30000001192092896,0.0,0.0,0.699999988079071
424,0,0.3255407512187958,0.0,0.6000000238418579,0.20000000298023224,0.20000000298023224
425,81,0.22113536298274994,0.0,1.0,0.0,0.0
426,0,1.0,0.0,0.6000000238418579,0.20000000298023224,0.20000000298023224
427,0,0.251860111951828,0.0,0.6000000238418579,0.20000000298023224,0.20000000298023224
428,88,0.9230464696884155,0.10000000149011612,0.4000000059604645,0.0,0.5
429,0,1.0,0.0,0.6000000238418579,0.20000000298023224,0.20000000298023224
430,81,0.3209160566329956,0.0,1.0,0.0,0.0
431,80,0.7054789662361145,0.0,0.4000000059604645,0.6000000238418579,0.0
432,260,0.42797937989234924,0.0,0.0,0.0,1.0
433,261,0.16377632319927216,0.0,0.0,1.0,0.0
434,7,0.4804787039756775,0.10000000149011612,0.5,0.20000000298023224,0.20000000298023224
435,0,1.0,0.0,0.6000000238418579,0.20000000298023224,0.20000000298023224
436,0,0.48593950271606445,0.0,0.6000000238418579,0.20000000298023224,0.20000000298023224
437,161,0.49107667803764343,0.5,0.4000000059604645,0.0,0.10000000149011612
438,0,0.9957349896430969,0.0,0.6000000238418579,0.20000000298023224,0.20000000298023224
439,223,0.4184204041957855,0.6000000238418579,0.4000000059604645,0.0,0.0
440,261,0.8581738471984863,0.0,0.0,1.0,0.0
441,225,0.4109640419483185,0.0,0.0,0.8999999761581421,0.10000000149011612
442,7,0.9505141973495483,0.10000000149011612,0.5,0.20000000298023224,0.20000000298023224
443,163,0.3147379159927368,0.5,0.5,0.0,0.0
444,0,0.4972895383834839,0.0,0.6000000238418579,0.20000000298023224,0.20000000298023224
445,260,0.39262691140174866,0.0,0.0,0.0,1.0
446,0,1.0,0.0,0.6000000238418579,0.20000000298023224,0.20000000298023224
447,0,1.0,0.0,0.6000000238418579,0.20000000298023224,0.20000000298023224
448,273,0.7266734838485718,0.6000000238418579,0.0,0.4000000059604645,0.0
449,220,0.9317359924316406,0.6000000238418579,0.20000000298023224,0.20000000298023224,0.0
450,44,0.5876843929290771,0.0,0.5,0.5,0.0
451,0,1.0,0.0,0.6000000238418579,0.20000000298023224,0.20000000298023224
452,81,0.29214826226234436,0.0,1.0,0.0,0.0
453,285,0.490681529045105,1.0,0.0,0.0,0.0
454,0,0.27486249804496765,0.0,0.6000000238418579,0.20000000298023224,0.20000000298023224
455,0,0.43489915132522583,0.0,0.6000000238418579,0.20000000298023224,0.20000000298023224
456,97,0.5498480796813965,0.20000000298023224,0.4000000059604645,0.4000000059604645,0.0
457,15,0.48290595412254333,0.0,0.6000000238418579,0.0,0.4000000059604645
458,0,0.39971300959587097,0.0,0.6000000238418579,0.20000000298023224,0.20000000298023224
459,262,0.4442938566207886,0.10000000149011612,0.0,0.0,0.8999999761581421
460,81,0.7498355507850647,0.0,1.0,0.0,0.0
461,0,0.4934430718421936,0.0,0.6000000238418579,0.20000000298023224,0.20000000298023224
462,270,0.3858010768890381,0.5,0.0,0.0,0.5
463,285,0.4879314601421356,1.0,0.0,0.0,0.0
464,0,1.0,0.0,0.6000000238418579,0.20000000298023224,0.20000000298023224
465,114,0.7446787357330322,0.4000000059604645,0.6000000238418579,0.0,0.0
466,0,0.47423070669174194,0.0,0.6000000238418579,0.20000000298023224,0.20000000298023224
467,0,0.25661006569862366,0.0,0.6000000238418579,0.20000000298023224,0.20000000298023224
468,226,0.20780247449874878,0.0,0.10000000149011612,0.0,0.8999999761581421
469,0,1.0,0.0,0.6000000238418579,0.20000000298023224,0.20000000298023224
470,285,0.48811790347099304,1.0,0.0,0.0,0.0
471,265,0.7056257128715515,0.20000000298023224,0.0,0.800000011920929,0.0
472,81,0.4796101450920105,0.0,1.0,0.0,0.0
473,223,0.5229357481002808,0.6000000238418579,0.4000000059604645,0.0,0.0
474,0,1.0,0.0,0.6000000238418579,0.20000000298023224,0.20000000298023224
475,0,1.0,0.0,0.6000000238418579,0.20000000298023224,0.20000000298023224
476,0,0.45568597316741943,0.0,0.6000000238418579,0.20000000298023224,0.20000000298023224
477,0,1.0,0.0,0.6000000238418579,0.20000000298023224,0.20000000298023224
478,0,0.4856106638908386,0.0,0.6000000238418579,0.20000000298023224,0.20000000298023224
479,114,0.7063455581665039,0.4000000059604645,0.6000000238418579,0.0,0.0
480,0,0.1383463591337204,0.0,0.6000000238418579,0.20000000298023224,0.20000000298023224
481,0,0.20287920534610748,0.0,0.6000000238418579,0.20000000298023224,0.20000000298023224
482,285,0.7107665538787842,1.0,0.0,0.0,0.0
483,285,0.6699394583702087,1.0,0.0,0.0,0.0
484,275,0.5417754054069519,0.699999988079071,0.0,0.30000001192092896,0.0
485,81,0.9661783576011658,0.0,1.0,0.0,0.0
486,285,0.42963799834251404,1.0,0.0,0.0,0.0
487,166,0.573085367679596,0.0,0.0,0.4000000059604645,0.6000000238418579
488,0,1.0,0.0,0.6000000238418579,0.20000000298023224,0.20000000298023224
489,0,0.47672194242477417,0.0,0.6000000238418579,0.20000000298023224,0.20000000298023224
490,0,1.0,0.0,0.6000000238418579,0.20000000298023224,0.20000000298023224
491,0,0.48467394709587097,0.0,0.6000000238418579,0.20000000298023224,0.20000000298023224
492,0,0.3364158272743225,0.0,0.6000000238418579,0.20000000298023224,0.20000000298023224
493,285,0.4095067083835602,1.0,0.0,0.0,0.0
494,105,0.9163804054260254,0.30000001192092896,0.699999988079071,0.0,0.0
495,3,0.575410783290863,0.0,0.6000000238418579,0.10000000149011612,0.30000001192092896
496,260,0.28927597403526306,0.0,0.0,0.0,1.0
497,225,0.9043287634849548,0.0,0.0,0.8999999761581421,0.10000000149011612
498,0,1.0,0.0,0.6000000238418579,0.20000000298023224,0.20000000298023224
499,0,0.24138033390045166,0.0,0.6000000238418579,0.20000000298023224,0.20000000298023224
500,0,1.0,0.0,0.6000000238418579,0.20000000298023224,0.20000000298023224
501,114,0.5594078898429871,0.4000000059604645,0.6000000238418579,0.0,0.0
502,0,1.0,0.0,0.6000000238418579,0.20000000298023224,0.20000000298023224
503,0,0.4999900460243225,0.0,0.6000000238418579,0.20000000298023224,0.20000000298023224
504,0,0.48009008169174194,0.0,0.6000000238418579,0.20000000298023224,0.20000000298023224
505,260,0.2580169439315796,0.0,0.0,0.0,1.0
506,11,0.693001925945282,0.0,0.4000000059604645,0.30000001192092896,0.30000001192092896
507,167,0.802952229976654,0.0,0.0,0.5,0.5
508,23,0.5151354074478149,0.10000000149011612,0.4000000059604645,0.30000001192092896,0.20000000298023224
509,0,1.0,0.0,0.6000000238418579,0.20000000298023224,0.20000000298023224
510,26,0.33416712284088135,0.10000000149011612,0.6000000238418579,0.0,0.30000001192092896
511,0,1.0,0.0,0.6000000238418579,0.20000000298023224,0.20000000298023224
512,0,0.4992924928665161,0.0,0.6000000238418579,0.20000000298023224,0.20000000298023224
513,247,0.8266690373420715,0.5,0.10000000149011612,0.4000000059604645,0.0
514,261,0.23023360967636108,0.0,0.0,1.0,0.0
515,0,1.0,0.0,0.6000000238418579,0.20000000298023224,0.20000000298023224
516,285,0.28663697838783264,1.0,0.0,0.0,0.0
517,0,0.23718510568141937,0.0,0.6000000238418579,0.20000000298023224,0.20000000298023224
518,285,0.3336178660392761,1.0,0.0,0.0,0.0
519,226,0.3705326318740845,0.0,0.10000000149011612,0.0,0.8999999761581421
520,0,1.0,0.0,0.6000000238418579,0.20000000298023224,0.20000000298023224
521,90,0.2998524308204651,0.10000000149011612,0.8999999761581421,0.0,0.0
522,0,1.0,0.0,0.6000000238418579,0.20000000298023224,0.20000000298023224
523,0,0.29991430044174194,0.0,0.6000000238418579,0.20000000298023224,0.20000000298023224
524,0,1.0,0.0,0.6000000238418579,0.20000000298023224,0.20000000298023224
525,278,0.6479089856147766,0.800000011920929,0.0,0.20000000298023224,0.0
526,0,0.4995615482330322,0.0,0.6000000238418579,0.20000000298023224,0.20000000298023224
527,260,0.5989323854446411,0.0,0.0,0.0,1.0
528,261,0.587041437625885,0.0,0.0,1.0,0.0
529,0,1.0,0.0,0.6000000238418579,0.20000000298023224,0.20000000298023224
530,0,1.0,0.0,0.6000000238418579,0.20000000298023224,0.20000000298023224
531,285,0.5656952261924744,1.0,0.0,0.0,0.0
532,209,0.2325936108827591,0.5,0.0,0.20000000298023224,0.30000001192092896
533,260,0.37391191720962524,0.0,0.0,0.0,1.0
534,0,1.0,0.0,0.6000000238418579,0.20000000298023224,0.20000000298023224
535,0,1.0,0.0,0.6000000238418579,0.20000000298023224,0.20000000298023224
536,263,0.8785704374313354,0.10000000149011612,0.0,0.8999999761581421,0.0
537,0,1.0,0.0,0.6000000238418579,0.20000000298023224,0.20000000298023224
538,0,1.0,0.0,0.6000000238418579,0.20000000298023224,0.20000000298023224
539,0,0.41382333636283875,0.0,0.6000000238418579,0.20000000298023224,0.20000000298023224
540,0,0.23980587720870972,0.0,0.6000000238418579,0.20000000298023224,0.20000000298023224
541,114,0.8962200880050659,0.4000000059604645,0.6000000238418579,0.0,0.0
542,0,1.0,0.0,0.6000000238418579,0.20000000298023224,0.20000000298023224
543,0,0.15804368257522583,0.0,0.6000000238418579,0.20000000298023224,0.20000000298023224
544,0,0.48021963238716125,0.0,0.6000000238418579,0.20000000298023224,0.20000000298023224
545,7,1.0,0.10000000149011612,0.5,0.20000000298023224,0.20000000298023224
546,168,0.4702680706977844,0.0,0.0,0.6000000238418579,0.4000000059604645
547,285,0.3517591953277588,1.0,0.0,0.0,0.0
548,0,1.0,0.0,0.6000000238418579,0.20000000298023224,0.20000000298023224
549,16,0.38941043615341187,0.0,0.6000000238418579,0.4000000059604645,0.0
550,21,0.42218202352523804,0.0,0.800000011920929,0.20000000298023224,0.0
551,0,1.0,0.0,0.6000000238418579,0.20000000298023224,0.20000000298023224
552,0,1.0,0.0,0.6000000238418579,0.20000000298023224,0.20000000298023224
553,0,1.0,0.0,0.6000000238418579,0.20000000298023224,0.20000000298023224
554,169,0.5255600214004517,0.0,0.0,0.699999988079071,0.30000001192092896
555,0,1.0,0.0,0.6000000238418579,0.20000000298023224,0.20000000298023224
556,0,1.0,0.0,0.6000000238418579,0.20000000298023224,0.20000000298023224
557,261,0.4019443392753601,0.0,0.0,1.0,0.0
558,44,0.5169289708137512,0.0,0.5,0.5,0.0
559,285,0.2710183262825012,1.0,0.0,0.0,0.0
560,285,0.7124122977256775,1.0,0.0,0.0,0.0
561,4,0.5958181619644165,0.0,0.6000000238418579,0.30000001192092896,0.10000000149011612
562,260,0.5426498651504517,0.0,0.0,0.0,1.0
563,0,0.0595703125,0.0,0.6000000238418579,0.20000000298023224,0.20000000298023224
564,223,0.47994065284729004,0.6000000238418579,0.4000000059604645,0.0,0.0
565,0,0.49383172392845154,0.0,0.6000000238418579,0.20000000298023224,0.20000000298023224
566,0,0.37077486515045166,0.0,0.6000000238418579,0.20000000298023224,0.20000000298023224
567,80,0.41897323727607727,0.0,0.4000000059604645,0.6000000238418579,0.0
568,7,0.30942416191101074,0.10000000149011612,0.5,0.20000000298023224,0.20000000298023224
569,0,1.0,0.0,0.6000000238418579,0.20000000298023224,0.20000000298023224
570,264,0.3660874664783478,0.20000000298023224,0.0,0.0,0.800000011920929
571,0,1.0,0.0,0.6000000238418579,0.20000000298023224,0.20000000298023224
572,164,0.16572271287441254,0.0,0.0,0.20000000298023224,0.800000011920929
573,81,0.4816475510597229,0.0,1.0,0.0,0.0
574,284,0.4833734333515167,0.8999999761581421,0.10000000149011612,0.0,0.0
575,0,0.3924286365509033,0.0,0.6000000238418579,0.20000000298023224,0.20000000298023224
576,0,0.0,0.0,0.6000000238418579,0.20000000298023224,0.20000000298023224
577,284,0.5157607793807983,0.8999999761581421,0.10000000149011612,0.0,0.0
578,0,1.0,0.0,0.6000000238418579,0.20000000298023224,0.20000000298023224
579,0,0.0,0.0,0.6000000238418579,0.20000000298023224,0.20000000298023224
580,0,0.031469229608774185,0.0,0.6000000238418579,0.20000000298023224,0.20000000298023224
581,229,0.7956981658935547,0.10000000149011612,0.0,0.800000011920929,0.10000000149011612
582,260,0.14560124278068542,0.0,0.0,0.0,1.0
583,285,0.49023255705833435,1.0,0.0,0.0,0.0
584,123,0.38650137186050415,0.0,0.30000001192092896,0.0,0.699999988079071
585,105,0.5657549500465393,0.30000001192092896,0.699999988079071,0.0,0.0
586,108,0.4055490791797638,0.4000000059604645,0.30000001192092896,0.20000000298023224,0.10000000149011612
587,0,1.0,0.0,0.6000000238418579,0.20000000298023224,0.20000000298023224
588,81,0.6814166307449341,0.0,1.0,0.0,0.0
589,163,0.4149007499217987,0.5,0.5,0.0,0.0
590,0,0.9281130433082581,0.0,0.6000000238418579,0.20000000298023224,0.20000000298023224
591,0,1.0,0.0,0.6000000238418579,0.20000000298023224,0.20000000298023224
592,0,0.9428810477256775,0.0,0.6000000238418579,0.20000000298023224,0.20000000298023224
593,0,0.49780771136283875,0.0,0.6000000238418579,0.20000000298023224,0.20000000298023224
594,0,1.0,0.0,0.6000000238418579,0.20000000298023224,0.20000000298023224
595,7,0.9649234414100647,0.10000000149011612,0.5,0.20000000298023224,0.20000000298023224
596,81,0.5541342496871948,0.0,1.0,0.0,0.0
597,8,0.5493987798690796,0.10000000149011612,0.6000000238418579,0.10000000149011612,0.20000000298023224
598,7,0.9896364808082581,0.10000000149011612,0.5,0.20000000298023224,0.20000000298023224
599,284,0.22183983027935028,0.8999999761581421,0.10000000149011612,0.0,0.0
600,0,0.909199595451355,0.0,0.6000000238418579,0.20000000298023224,0.20000000298023224
601,285,0.569099485874176,1.0,0.0,0.0,0.0
602,0,0.2955264151096344,0.0,0.6000000238418579,0.20000000298023224,0.20000000298023224
603,281,0.7302582859992981,0.800000011920929,0.20000000298023224,0.0,0.0
604,0,1.0,0.0,0.6000000238418579,0.20000000298023224,0.20000000298023224
605,260,0.37794196605682373,0.0,0.0,0.0,1.0
606,0,1.0,0.0,0.6000000238418579,0.20000000298023224,0.20000000298023224
607,227,0.9541015625,0.0,0.10000000149011612,0.8999999761581421,0.0
608,0,0.27733710408210754,0.0,0.6000000238418579,0.20000000298023224,0.20000000298023224
609,0,1.0,0.0,0.6000000238418579,0.20000000298023224,0.20000000298023224
610,285,0.7026364803314209,1.0,0.0,0.0,0.0
611,208,0.3814854919910431,0.4000000059604645,0.20000000298023224,0.4000000059604645,0.0
612,0,1.0,0.0,0.6000000238418579,0.20000000298023224,0.20000000298023224
613,0,1.0,0.0,0.6000000238418579,0.20000000298023224,0.20000000298023224
614,0,0.09647374600172043,0.0,0.6000000238418579,0.20000000298023224,0.20000000298023224
615,105,0.8584980964660645,0.30000001192092896,0.699999988079071,0.0,0.0
616,0,0.31386852264404297,0.0,0.6000000238418579,0.20000000298023224,0.20000000298023224
617,0,0.49780771136283875,0.0,0.6000000238418579,0.20000000298023224,0.20000000298023224
618,260,0.297857403755188,0.0,0.0,0.0,1.0
619,272,0.7179318070411682,0.6000000238418579,0.0,0.0,0.4000000059604645
620,0,0.34948980808258057,0.0,0.6000000238418579,0.20000000298023224,0.20000000298023224
621,260,0.3874145746231079,0.0,0.0,0.0,1.0
622,0,1.0,0.0,0.6000000238418579,0.20000000298023224,0.20000000298023224
623,259,0.8173555135726929,0.699999988079071,0.30000001192092896,0.0,0.0
624,0,1.0,0.0,0.6000000238418579,0.20000000298023224,0.20000000298023224
625,0,0.45468950271606445,0.0,0.6000000238418579,0.20000000298023224,0.20000000298023224
626,0,0.28295400738716125,0.0,0.6000000238418579,0.20000000298023224,0.20000000298023224
627,0,1.0,0.0,0.6000000238418579,0.20000000298023224,0.20000000298023224
628,260,0.14181318879127502,0.0,0.0,0.0,1.0
629,0,1.0,0.0,0.6000000238418579,0.20000000298023224,0.20000000298023224
630,163,0.5986633896827698,0.5,0.5,0.0,0.0
631,0,0.49989038705825806,0.0,0.6000000238418579,0.20000000298023224,0.20000000298023224
632,0,1.0,0.0,0.6000000238418579,0.20000000298023224,0.20000000298023224
633,0,1.0,0.0,0.6000000238418579,0.20000000298023224,0.20000000298023224
634,0,1.0,0.0,0.6000000238418579,0.20000000298023224,0.20000000298023224
635,260,0.3245144188404083,0.0,0.0,0.0,1.0
636,164,0.7843087911605835,0.0,0.0,0.20000000298023224,0.800000011920929
637,0,1.0,0.0,0.6000000238418579,0.20000000298023224,0.20000000298023224
638,247,0.6672316193580627,0.5,0.10000000149011612,0.4000000059604645,0.0
639,185,0.5925258994102478,0.20000000298023224,0.0,0.20000000298023224,0.6000000238418579
640,197,0.7638542056083679,0.30000001192092896,0.0,0.5,0.20000000298023224
641,194,0.8288872838020325,0.30000001192092896,0.0,0.20000000298023224,0.5
642,285,0.5162488222122192,1.0,0.0,0.0,0.0
643,7,0.9882015585899353,0.10000000149011612,0.5,0.20000000298023224,0.20000000298023224
644,0,1.0,0.0,0.6000000238418579,0.20000000298023224,0.20000000298023224
645,164,0.5238140821456909,0.0,0.0,0.20000000298023224,0.800000011920929
646,0,1.0,0.0,0.6000000238418579,0.20000000298023224,0.20000000298023224
647,260,0.8734255433082581,0.0,0.0,0.0,1.0
648,0,1.0,0.0,0.6000000238418579,0.20000000298023224,0.20000000298023224
649,285,0.4239247441291809,1.0,0.0,0.0,0.0
650,0,0.4986647069454193,0.0,0.6000000238418579,0.20000000298023224,0.20000000298023224
651,285,0.541928231716156,1.0,0.0,0.0,0.0
652,260,0.4594199061393738,0.0,0.0,0.0,1.0
653,0,1.0,0.0,0.6000000238418579,0.20000000298023224,0.20000000298023224
654,90,0.5922592878341675,0.10000000149011612,0.8999999761581421,0.0,0.0
655,0,0.1399972140789032,0.0,0.6000000238418579,0.20000000298023224,0.20000000298023224
656,285,0.3018050193786621,1.0,0.0,0.0,0.0
657,164,0.4192940294742584,0.0,0.0,0.20000000298023224,0.800000011920929
658,0,0.47596460580825806,0.0,0.6000000238418579,0.20000000298023224,0.20000000298023224
659,7,1.0,0.10000000149011612,0.5,0.20000000298023224,0.20000000298023224
660,105,0.30060890316963196,0.30000001192092896,0.699999988079071,0.0,0.0
661,0,1.0,0.0,0.6000000238418579,0.20000000298023224,0.20000000298023224
662,285,0.2730388939380646,1.0,0.0,0.0,0.0
663,81,0.21855005621910095,0.0,1.0,0.0,0.0
664,0,1.0,0.0,0.6000000238418579,0.20000000298023224,0.20000000298023224
665,77,0.23868189752101898,0.0,0.30000001192092896,0.10000000149011612,0.6000000238418579
666,0,1.0,0.0,0.6000000238418579,0.20000000298023224,0.20000000298023224
667,0,1.0,0.0,0.6000000238418579,0.20000000298023224,0.20000000298023224
668,0,1.0,0.0,0.6000000238418579,0.20000000298023224,0.20000000298023224
669,260,0.3703973591327667,0.0,0.0,0.0,1.0
670,165,0.5141330361366272,0.0,0.0,0.30000001192092896,0.699999988079071
671,259,0.4502202570438385,0.699999988079071,0.30000001192092896,0.0,0.0
672,0,0.19256217777729034,0.0,0.6000000238418579,0.20000000298023224,0.20000000298023224
673,260,0.6210141181945801,0.0,0.0,0.0,1.0
674,260,0.3584579527378082,0.0,0.0,0.0,1.0
675,0,1.0,0.0,0.6000000238418579,0.20000000298023224,0.20000000298023224
676,0,0.4748186469078064,0.0,0.6000000238418579,0.20000000298023224,0.20000000298023224
677,0,0.07393308728933334,0.0,0.6000000238418579,0.20000000298023224,0.20000000298023224
678,138,0.27866968512535095,0.20000000298023224,0.20000000298023224,0.10000000149011612,0.5
679,60,0.9159036874771118,0.20000000298023224,0.5,0.0,0.30000001192092896
680,16,0.8891945481300354,0.0,0.6000000238418579,0.4000000059604645,0.0
681,0,0.49019452929496765,0.0,0.6000000238418579,0.20000000298023224,0.20000000298023224
682,273,0.4604285657405853,0.6000000238418579,0.0,0.4000000059604645,0.0
683,98,0.4607977271080017,0.20000000298023224,0.800000011920929,0.0,0.0
684,0,1.0,0.0,0.6000000238418579,0.20000000298023224,0.20000000298023224
685,285,0.34000104665756226,1.0,0.0,0.0,0.0
686,245,0.5207849740982056,0.5,0.0,0.4000000059604645,0.10000000149011612
687,285,0.30798059701919556,1.0,0.0,0.0,0.0
688,0,1.0,0.0,0.6000000238418579,0.20000000298023224,0.20000000298023224
689,96,0.7944133877754211,0.20000000298023224,0.4000000059604645,0.0,0.4000000059604645
690,0,0.39909517765045166,0.0,0.6000000238418579,0.20000000298023224,0.20000000298023224
691,274,0.41745373606681824,0.699999988079071,0.0,0.0,0.30000001192092896
692,175,0.6576089859008789,0.10000000149011612,0.0,0.20000000298023224,0.699999988079071
693,260,0.005401910748332739,0.0,0.0,0.0,1.0
694,0,0.27187633514404297,0.0,0.6000000238418579,0.20000000298023224,0.20000000298023224
695,231,0.7971744537353516,0.10000000149011612,0.10000000149011612,0.800000011920929,0.0
696,71,0.6387827396392822,0.30000001192092896,0.6000000238418579,0.10000000149011612,0.0
697,285,0.24183639883995056,1.0,0.0,0.0,0.0
698,258,0.9318138957023621,0.699999988079071,0.20000000298023224,0.10000000149011612,0.0
699,0,1.0,0.0,0.6000000238418579,0.20000000298023224,0.20000000298023224
700,285,0.3109099268913269,1.0,0.0,0.0,0.0
701,0,1.0,0.0,0.6000000238418579,0.20000000298023224,0.20000000298023224
702,260,0.1717624068260193,0.0,0.0,0.0,1.0
703,0,0.2958652079105377,0.0,0.6000000238418579,0.20000000298023224,0.20000000298023224
704,52,0.6637816429138184,0.10000000149011612,0.5,0.0,0.4000000059604645
705,266,0.7188965678215027,0.30000001192092896,0.0,0.0,0.699999988079071
706,285,0.0006377550889737904,1.0,0.0,0.0,0.0
707,0,1.0,0.0,0.6000000238418579,0.20000000298023224,0.20000000298023224
708,0,0.7334781289100647,0.0,0.6000000238418579,0.20000000298023224,0.20000000298023224
709,7,0.3414480984210968,0.10000000149011612,0.5,0.20000000298023224,0.20000000298023224
710,61,0.4899558424949646,0.20000000298023224,0.5,0.30000001192092896,0.0
711,0,1.0,0.0,0.6000000238418579,0.20000000298023224,0.20000000298023224
712,261,0.3446510434150696,0.0,0.0,1.0,0.0
713,0,1.0,0.0,0.6000000238418579,0.20000000298023224,0.20000000298023224
714,21,0.5167245864868164,0.0,0.800000011920929,0.20000000298023224,0.0
715,0,0.32318904995918274,0.0,0.6000000238418579,0.20000000298023224,0.20000000298023224
716,0,1.0,0.0,0.6000000238418579,0.20000000298023224,0.20000000298023224
717,169,0.7561616897583008,0.0,0.0,0.699999988079071,0.30000001192092896
718,0,0.0,0.0,0.6000000238418579,0.20000000298023224,0.20000000298023224
719,0,1.0,0.0,0.6000000238418579,0.20000000298023224,0.20000000298023224
720,0,0.9034797549247742,0.0,0.6000000238418579,0.20000000298023224,0.20000000298023224
721,260,0.09665996581315994,0.0,0.0,0.0,1.0
722,114,0.2212635725736618,0.4000000059604645,0.6000000238418579,0.0,0.0
723,109,0.5966448783874512,0.4000000059604645,0.4000000059604645,0.0,0.20000000298023224
724,0,0.39031609892845154,0.0,0.6000000238418579,0.20000000298023224,0.20000000298023224
725,224,0.12117638438940048,0.0,0.0,0.10000000149011612,0.8999999761581421
726,0,1.0,0.0,0.6000000238418579,0.20000000298023224,0.20000000298023224
727,0,0.41696229577064514,0.0,0.6000000238418579,0.20000000298023224,0.20000000298023224
728,260,0.37251850962638855,0.0,0.0,0.0,1.0
729,260,0.43293023109436035,0.0,0.0,0.0,1.0
730,0,0.49745893478393555,0.0,0.6000000238418579,0.20000000298023224,0.20000000298023224
731,260,0.1997767835855484,0.0,0.0,0.0,1.0
732,0,0.998046875,0.0,0.6000000238418579,0.20000000298023224,0.20000000298023224
733,0,0.3346022069454193,0.0,0.6000000238418579,0.20000000298023224,0.20000000298023224
734,0,0.49940210580825806,0.0,0.6000000238418579,0.20000000298023224,0.20000000298023224
735,0,1.0,0.0,0.6000000238418579,0.20000000298023224,0.20000000298023224
736,0,1.0,0.0,0.6000000238418579,0.20000000298023224,0.20000000298023224
737,81,0.7827196717262268,0.0,1.0,0.0,0.0
738,0,0.4833984375,0.0,0.6000000238418579,0.20000000298023224,0.20000000298023224
739,81,0.36085864901542664,0.0,1.0,0.0,0.0
740,19,0.46742963790893555,0.0,0.800000011920929,0.0,0.20000000298023224
741,0,1.0,0.0,0.6000000238418579,0.20000000298023224,0.20000000298023224
742,261,0.3660563826560974,0.0,0.0,1.0,0.0
743,123,0.683310329914093,0.0,0.30000001192092896,0.0,0.699999988079071
744,285,0.5032703876495361,1.0,0.0,0.0,0.0
745,0,1.0,0.0,0.6000000238418579,0.20000000298023224,0.20000000298023224
746,0,1.0,0.0,0.6000000238418579,0.20000000298023224,0.20000000298023224
747,109,0.5248614549636841,0.4000000059604645,0.4000000059604645,0.0,0.20000000298023224
748,0,1.0,0.0,0.6000000238418579,0.20000000298023224,0.20000000298023224
749,285,0.7743420004844666,1.0,0.0,0.0,0.0
750,0,0.9970105290412903,0.0,0.6000000238418579,0.20000000298023224,0.20000000298023224
751,0,1.0,0.0,0.6000000238418579,0.20000000298023224,0.20000000298023224
752,238,0.7955989837646484,0.30000001192092896,0.10000000149011612,0.0,0.6000000238418579
753,101,0.6969372034072876,0.30000001192092896,0.30000001192092896,0.10000000149011612,0.30000001192092896
754,260,0.2008768916130066,0.0,0.0,0.0,1.0
755,0,1.0,0.0,0.6000000238418579,0.20000000298023224,0.20000000298023224
756,114,0.6892344355583191,0.4000000059604645,0.6000000238418579,0.0,0.0
757,0,0.9997209906578064,0.0,0.6000000238418579,0.20000000298023224,0.20000000298023224
758,224,0.5842924118041992,0.0,0.0,0.10000000149011612,0.8999999761581421
759,285,0.3291032314300537,1.0,0.0,0.0,0.0
760,81,0.5641536712646484,0.0,1.0,0.0,0.0
761,0,1.0,0.0,0.6000000238418579,0.20000000298023224,0.20000000298023224
762,0,0.7931481003761292,0.0,0.6000000238418579,0.20000000298023224,0.20000000298023224
763,0,1.0,0.0,0.6000000238418579,0.20000000298023224,0.20000000298023224
764,0,0.2584303319454193,0.0,0.6000000238418579,0.20000000298023224,0.20000000298023224
765,0,1.0,0.0,0.6000000238418579,0.20000000298023224,0.20000000298023224
766,0,1.0,0.0,0.6000000238418579,0.20000000298023224,0.20000000298023224
767,285,0.4488518536090851,1.0,0.0,0.0,0.0
768,0,1.0,0.0,0.6000000238418579,0.20000000298023224,0.20000000298023224
769,7,0.9753667116165161,0.10000000149011612,0.5,0.20000000298023224,0.20000000298023224
770,0,1.0,0.0,0.6000000238418579,0.20000000298023224,0.20000000298023224
771,7,0.4898357689380646,0.10000000149011612,0.5,0.20000000298023224,0.20000000298023224
772,105,0.8523278832435608,0.30000001192092896,0.699999988079071,0.0,0.0
773,260,0.26293662190437317,0.0,0.0,0.0,1.0
774,0,0.1937081515789032,0.0,0.6000000238418579,0.20000000298023224,0.20000000298023224
775,260,0.34893491864204407,0.0,0.0,0.0,1.0
776,261,0.647396981716156,0.0,0.0,1.0,0.0
777,285,0.5274035334587097,1.0,0.0,0.0,0.0
778,285,0.9217522740364075,1.0,0.0,0.0,0.0
779,285,0.40055787563323975,1.0,0.0,0.0,0.0
780,7,0.9760841727256775,0.10000000149011612,0.5,0.20000000298023224,0.20000000298023224
781,259,0.37857556343078613,0.699999988079071,0.30000001192092896,0.0,0.0
782,0,0.9840162396430969,0.0,0.6000000238418579,0.20000000298023224,0.20000000298023224
783,0,1.0,0.0,0.6000000238418579,0.20000000298023224,0.20000000298023224
784,0,0.02509167790412903,0.0,0.6000000238418579,0.20000000298023224,0.20000000298023224
785,0,1.0,0.0,0.6000000238418579,0.20000000298023224,0.20000000298023224
786,261,0.14838269352912903,0.0,0.0,1.0,0.0
787,0,0.4569515287876129,0.0,0.6000000238418579,0.20000000298023224,0.20000000298023224
788,96,0.7348787784576416,0.20000000298023224,0.4000000059604645,0.0,0.4000000059604645
789,0,0.4593331515789032,0.0,0.6000000238418579,0.20000000298023224,0.20000000298023224
790,0,0.9998206496238708,0.0,0.6000000238418579,0.20000000298023224,0.20000000298023224
791,0,1.0,0.0,0.6000000238418579,0.20000000298023224,0.20000000298023224
792,0,1.0,0.0,0.6000000238418579,0.20000000298023224,0.20000000298023224
793,81,0.3109245300292969,0.0,1.0,0.0,0.0
794,0,1.0,0.0,0.6000000238418579,0.20000000298023224,0.20000000298023224
795,108,0.8421055674552917,0.4000000059604645,0.30000001192092896,0.20000000298023224,0.10000000149011612
796,0,0.4653220772743225,0.0,0.6000000238418579,0.20000000298023224,0.20000000298023224
797,0,1.0,0.0,0.6000000238418579,0.20000000298023224,0.20000000298023224
798,260,0.5556721687316895,0.0,0.0,0.0,1.0
799,285,0.6021208167076111,1.0,0.0,0.0,0.0
800,0,1.0,0.0,0.6000000238418579,0.20000000298023224,0.20000000298023224
801,0,1.0,0.0,0.6000000238418579,0.20000000298023224,0.20000000298023224
802,60,0.4468015134334564,0.20000000298023224,0.5,0.0,0.30000001192092896
803,0,1.0,0.0,0.6000000238418579,0.20000000298023224,0.20000000298023224
804,285,0.12397538125514984,1.0,0.0,0.0,0.0
805,260,0.850913941860199,0.0,0.0,0.0,1.0
806,0,0.9899952411651611,0.0,0.6000000238418579,0.20000000298023224,0.20000000298023224
807,0,0.45623406767845154,0.0,0.6000000238418579,0.20000000298023224,0.20000000298023224
808,285,0.1834641844034195,1.0,0.0,0.0,0.0
809,164,0.49030351638793945,0.0,0.0,0.20000000298023224,0.800000011920929
810,0,0.9974489808082581,0.0,0.6000000238418579,0.20000000298023224,0.20000000298023224
811,16,0.5846690535545349,0.0,0.6000000238418579,0.4000000059604645,0.0
812,285,0.5399668216705322,1.0,0.0,0.0,0.0
813,0,0.9910714030265808,0.0,0.6000000238418579,0.20000000298023224,0.20000000298023224
814,0,1.0,0.0,0.6000000238418579,0.20000000298023224,0.20000000298023224
815,269,0.23413777351379395,0.4000000059604645,0.0,0.6000000238418579,0.0
816,101,0.8570325374603271,0.30000001192092896,0.30000001192092896,0.10000000149011612,0.30000001192092896
817,230,0.42048704624176025,0.10000000149011612,0.10000000149011612,0.0,0.800000011920929
818,0,1.0,0.0,0.6000000238418579,0.20000000298023224,0.20000000298023224
819,0,0.4999202787876129,0.0,0.6000000238418579,0.20000000298023224,0.20000000298023224
820,0,0.32535475492477417,0.0,0.6000000238418579,0.20000000298023224,0.20000000298023224
821,0,1.0,0.0,0.6000000238418579,0.20000000298023224,0.20000000298023224
822,223,0.7336235046386719,0.6000000238418579,0.4000000059604645,0.0,0.0
823,0,1.0,0.0,0.6000000238418579,0.20000000298023224,0.20000000298023224
824,285,0.38689133524894714,1.0,0.0,0.0,0.0
825,0,0.09401573240756989,0.0,0.6000000238418579,0.20000000298023224,0.20000000298023224
826,176,0.3700469732284546,0.10000000149011612,0.0,0.30000001192092896,0.6000000238418579
827,0,0.48838090896606445,0.0,0.6000000238418579,0.20000000298023224,0.20000000298023224
828,0,0.9948381781578064,0.0,0.6000000238418579,0.20000000298023224,0.20000000298023224
829,261,0.7388001680374146,0.0,0.0,1.0,0.0
830,0,0.8744021058082581,0.0,0.6000000238418579,0.20000000298023224,0.20000000298023224
831,264,0.7097527384757996,0.20000000298023224,0.0,0.0,0.800000011920929
832,260,0.4770410358905792,0.0,0.0,0.0,1.0
833,0,1.0,0.0,0.6000000238418579,0.20000000298023224,0.20000000298023224
834,0,1.0,0.0,0.6000000238418579,0.20000000298023224,0.20000000298023224
835,43,0.5675914883613586,0.0,0.5,0.0,0.5
836,285,0.5821208953857422,1.0,0.0,0.0,0.0
837,285,0.19590291380882263,1.0,0.0,0.0,0.0
838,81,0.2666427493095398,0.0,1.0,0.0,0.0
839,261,0.6715162396430969,0.0,0.0,1.0,0.0
840,260,0.6381561756134033,0.0,0.0,0.0,1.0
841,0,1.0,0.0,0.6000000238418579,0.20000000298023224,0.20000000298023224
842,0,0.3922293484210968,0.0,0.6000000238418579,0.20000000298023224,0.20000000298023224
843,0,0.9977678656578064,0.0,0.6000000238418579,0.20000000298023224,0.20000000298023224
844,261,0.45290279388427734,0.0,0.0,1.0,0.0
845,18,0.4561198055744171,0.0,0.699999988079071,0.30000001192092896,0.0
846,285,0.37103015184402466,1.0,0.0,0.0,0.0
847,259,0.5618382096290588,0.699999988079071,0.30000001192092896,0.0,0.0
848,224,0.39700043201446533,0.0,0.0,0.10000000149011612,0.8999999761581421
849,0,0.20171993970870972,0.0,0.6000000238418579,0.20000000298023224,0.20000000298023224
850,0,1.0,0.0,0.6000000238418579,0.20000000298023224,0.20000000298023224
851,81,0.4528920650482178,0.0,1.0,0.0,0.0
852,0,1.0,0.0,0.6000000238418579,0.20000000298023224,0.20000000298023224
853,285,0.18605439364910126,1.0,0.0,0.0,0.0
854,260,0.47160273790359497,0.0,0.0,0.0,1.0
855,0,0.9050143361091614,0.0,0.6000000238418579,0.20000000298023224,0.20000000298023224
856,241,0.8077719211578369,0.4000000059604645,0.0,0.5,0.10000000149011612
857,0,1.0,0.0,0.6000000238418579,0.20000000298023224,0.20000000298023224
858,0,1.0,0.0,0.6000000238418579,0.20000000298023224,0.20000000298023224
859,81,0.373550683259964,0.0,1.0,0.0,0.0
860,0,1.0,0.0,0.6000000238418579,0.20000000298023224,0.20000000298023224
861,0,0.4993124306201935,0.0,0.6000000238418579,0.20000000298023224,0.20000000298023224
862,285,0.476483553647995,1.0,0.0,0.0,0.0
863,220,0.7549868226051331,0.6000000238418579,0.20000000298023224,0.20000000298023224,0.0
864,0,1.0,0.0,0.6000000238418579,0.20000000298023224,0.20000000298023224
865,0,1.0,0.0,0.6000000238418579,0.20000000298023224,0.20000000298023224
866,264,0.5029292702674866,0.20000000298023224,0.0,0.0,0.800000011920929
867,284,0.43350300192832947,0.8999999761581421,0.10000000149011612,0.0,0.0
868,0,1.0,0.0,0.6000000238418579,0.20000000298023224,0.20000000298023224
869,0,1.0,0.0,0.6000000238418579,0.20000000298023224,0.20000000298023224
870,0,1.0,0.0,0.6000000238418579,0.20000000298023224,0.20000000298023224
871,0,0.3067004084587097,0.0,0.6000000238418579,0.20000000298023224,0.20000000298023224
872,260,0.8552609086036682,0.0,0.0,0.0,1.0
873,0,0.4954061806201935,0.0,0.6000000238418579,0.20000000298023224,0.20000000298023224
874,261,0.6017491817474365,0.0,0.0,1.0,0.0
875,152,0.9378904104232788,0.4000000059604645,0.20000000298023224,0.30000001192092896,0.10000000149011612
876,0,1.0,0.0,0.6000000238418579,0.20000000298023224,0.20000000298023224
877,0,0.4780871272087097,0.0,0.6000000238418579,0.20000000298023224,0.20000000298023224
878,285,0.2674793303012848,1.0,0.0,0.0,0.0
879,81,0.3398604989051819,0.0,1.0,0.0,0.0
880,4,0.8398674726486206,0.0,0.6000000238418579,0.30000001192092896,0.10000000149011612
881,261,0.7727779746055603,0.0,0.0,1.0,0.0
882,261,0.3833605945110321,0.0,0.0,1.0,0.0
883,162,0.7757148742675781,0.5,0.4000000059604645,0.10000000149011612,0.0
884,0,1.0,0.0,0.6000000238418579,0.20000000298023224,0.20000000298023224
885,272,0.18973273038864136,0.6000000238418579,0.0,0.0,0.4000000059604645
886,114,0.6594671010971069,0.4000000059604645,0.6000000238418579,0.0,0.0
887,79,0.6973568797111511,0.0,0.4000000059604645,0.0,0.6000000238418579
888,273,0.7425686120986938,0.6000000238418579,0.0,0.4000000059604645,0.0
889,154,0.7797271609306335,0.4000000059604645,0.30000001192092896,0.30000001192092896,0.0
890,100,0.9026907682418823,0.30000001192092896,0.20000000298023224,0.30000001192092896,0.20000000298023224
891,0,1.0,0.0,0.6000000238418579,0.20000000298023224,0.20000000298023224
892,0,0.7259646058082581,0.0,0.6000000238418579,0.20000000298023224,0.20000000298023224
893,81,0.807854413986206,0.0,1.0,0.0,0.0
894,0,1.0,0.0,0.6000000238418579,0.20000000298023224,0.20000000298023224
895,0,0.16368383169174194,0.0,0.6000000238418579,0.20000000298023224,0.20000000298023224
896,0,0.19401705265045166,0.0,0.6000000238418579,0.20000000298023224,0.20000000298023224
897,270,0.2142760455608368,0.5,0.0,0.0,0.5
898,153,0.7910244464874268,0.4000000059604645,0.30000001192092896,0.0,0.30000001192092896
899,0,1.0,0.0,0.6000000238418579,0.20000000298023224,0.20000000298023224
900,260,0.954778254032135,0.0,0.0,0.0,1.0
901,27,0.4230383336544037,0.10000000149011612,0.6000000238418579,0.30000001192092896,0.0
902,0,0.29412469267845154,0.0,0.6000000238418579,0.20000000298023224,0.20000000298023224
903,90,0.4924129545688629,0.10000000149011612,0.8999999761581421,0.0,0.0
904,0,1.0,0.0,0.6000000238418579,0.20000000298023224,0.20000000298023224
905,260,0.3665609359741211,0.0,0.0,0.0,1.0
906,261,0.5540608167648315,0.0,0.0,1.0,0.0
907,0,0.35104432702064514,0.0,0.6000000238418579,0.20000000298023224,0.20000000298023224
908,0,0.48427534103393555,0.0,0.6000000238418579,0.20000000298023224,0.20000000298023224
909,249,0.581592321395874,0.6000000238418579,0.0,0.30000001192092896,0.10000000149011612
910,0,0.42412707209587097,0.0,0.6000000238418579,0.20000000298023224,0.20000000298023224
911,261,0.4942995011806488,0.0,0.0,1.0,0.0
912,260,0.6095519661903381,0.0,0.0,0.0,1.0
913,0,1.0,0.0,0.6000000238418579,0.20000000298023224,0.20000000298023224
914,260,0.4950798749923706,0.0,0.0,0.0,1.0
915,260,0.5167447924613953,0.0,0.0,0.0,1.0
916,261,0.34064775705337524,0.0,0.0,1.0,0.0
917,174,0.8916060924530029,0.0,0.20000000298023224,0.800000011920929,0.0
918,269,0.5645247101783752,0.4000000059604645,0.0,0.6000000238418579,0.0
919,115,0.534153401851654,0.0,0.10000000149011612,0.20000000298023224,0.699999988079071
920,111,0.8509394526481628,0.4000000059604645,0.4000000059604645,0.20000000298023224,0.0
921,0,0.2938390076160431,0.0,0.6000000238418579,0.20000000298023224,0.20000000298023224
922,247,0.48134997487068176,0.5,0.10000000149011612,0.4000000059604645,0.0
923,267,0.2876616418361664,0.30000001192092896,0.0,0.699999988079071,0.0
924,0,0.4919782280921936,0.0,0.6000000238418579,0.20000000298023224,0.20000000298023224
925,21,0.40770241618156433,0.0,0.800000011920929,0.20000000298023224,0.0
926,0,1.0,0.0,0.6000000238418579,0.20000000298023224,0.20000000298023224
927,165,0.46415022015571594,0.0,0.0,0.30000001192092896,0.699999988079071
928,177,0.8392010927200317,0.10000000149011612,0.0,0.4000000059604645,0.5
929,0,1.0,0.0,0.6000000238418579,0.20000000298023224,0.20000000298023224
930,183,0.6366378664970398,0.10000000149011612,0.20000000298023224,0.0,0.699999988079071
931,0,0.4577387571334839,0.0,0.6000000238418579,0.20000000298023224,0.20000000298023224
932,260,0.3714636266231537,0.0,0.0,0.0,1.0
933,260,0.3692208230495453,0.0,0.0,0.0,1.0
934,285,0.40460658073425293,1.0,0.0,0.0,0.0
935,0,1.0,0.0,0.6000000238418579,0.20000000298023224,0.20000000298023224
936,90,0.8802043199539185,0.10000000149011612,0.8999999761581421,0.0,0.0
937,221,0.5075461864471436,0.6000000238418579,0.30000001192092896,0.0,0.10000000149011612
938,285,0.31341150403022766,1.0,0.0,0.0,0.0
939,7,0.48369738459587097,0.10000000149011612,0.5,0.20000000298023224,0.20000000298023224
940,0,1.0,0.0,0.6000000238418579,0.20000000298023224,0.20000000298023224
941,0,0.08058633655309677,0.0,0.6000000238418579,0.20000000298023224,0.20000000298023224
942,0,1.0,0.0,0.6000000238418579,0.20000000298023224,0.20000000298023224
943,285,0.3462316691875458,1.0,0.0,0.0,0.0
944,0,1.0,0.0,0.6000000238418579,0.20000000298023224,0.20000000298023224
945,0,1.0,0.0,0.6000000238418579,0.20000000298023224,0.20000000298023224
946,0,0.49418047070503235,0.0,0.6000000238418579,0.20000000298023224,0.20000000298023224
947,0,0.4840362071990967,0.0,0.6000000238418579,0.20000000298023224,0.20000000298023224
948,224,0.28199535608291626,0.0,0.0,0.10000000149011612,0.8999999761581421
949,169,0.4758046865463257,0.0,0.0,0.699999988079071,0.30000001192092896
950,260,0.29311254620552063,0.0,0.0,0.0,1.0
951,0,0.32523515820503235,0.0,0.6000000238418579,0.20000000298023224,0.20000000298023224
952,261,0.09047174453735352,0.0,0.0,1.0,0.0
953,0,0.4945491850376129,0.0,0.6000000238418579,0.20000000298023224,0.20000000298023224
954,0,0.31931599974632263,0.0,0.6000000238418579,0.20000000298023224,0.20000000298023224
955,0,0.9996811151504517,0.0,0.6000000238418579,0.20000000298023224,0.20000000298023224
956,0,0.36978834867477417,0.0,0.6000000238418579,0.20000000298023224,0.20000000298023224
957,0,1.0,0.0,0.6000000238418579,0.20000000298023224,0.20000000298023224
958,0,0.46997568011283875,0.0,0.6000000238418579,0.20000000298023224,0.20000000298023224
959,283,0.349333256483078,0.8999999761581421,0.0,0.10000000149011612,0.0
960,266,0.48235854506492615,0.30000001192092896,0.0,0.0,0.699999988079071
961,0,0.47519731521606445,0.0,0.6000000238418579,0.20000000298023224,0.20000000298023224
962,0,0.34066087007522583,0.0,0.6000000238418579,0.20000000298023224,0.20000000298023224
963,285,0.4725137948989868,1.0,0.0,0.0,0.0
964,0,1.0,0.0,0.6000000238418579,0.20000000298023224,0.20000000298023224
965,0,1.0,0.0,0.6000000238418579,0.20000000298023224,0.20000000298023224
966,0,1.0,0.0,0.6000000238418579,0.20000000298023224,0.20000000298023224
967,119,0.7141714096069336,0.0,0.10000000149011612,0.6000000238418579,0.30000001192092896
968,0,1.0,0.0,0.6000000238418579,0.20000000298023224,0.20000000298023224
969,0,1.0,0.0,0.6000000238418579,0.20000000298023224,0.20000000298023224
970,0,1.0,0.0,0.6000000238418579,0.20000000298023224,0.20000000298023224
971,0,0.9821428656578064,0.0,0.6000000238418579,0.20000000298023224,0.20000000298023224
972,0,1.0,0.0,0.6000000238418579,0.20000000298023224,0.20000000298023224
973,0,1.0,0.0,0.6000000238418579,0.20000000298023224,0.20000000298023224
974,285,0.4432651400566101,1.0,0.0,0.0,0.0
975,81,0.36311113834381104,0.0,1.0,0.0,0.0
976,285,0.5543701648712158,1.0,0.0,0.0,0.0
977,264,0.2509705424308777,0.20000000298023224,0.0,0.0,0.800000011920929
978,260,0.31739720702171326,0.0,0.0,0.0,1.0
979,7,0.7575161457061768,0.10000000149011612,0.5,0.20000000298023224,0.20000000298023224
980,81,0.7845535278320312,0.0,1.0,0.0,0.0
981,0,1.0,0.0,0.6000000238418579,0.20000000298023224,0.20000000298023224
982,87,0.702392578125,0.10000000149011612,0.30000001192092896,0.5,0.10000000149011612
983,268,0.5541120767593384,0.4000000059604645,0.0,0.0,0.6000000238418579
984,0,0.3206712305545807,0.0,0.6000000238418579,0.20000000298023224,0.20000000298023224
985,145,0.41553640365600586,0.30000001192092896,0.20000000298023224,0.10000000149011612,0.4000000059604645
986,285,0.8919645547866821,1.0,0.0,0.0,0.0
987,105,0.3480033576488495,0.30000001192092896,0.699999988079071,0.0,0.0
988,0,1.0,0.0,0.6000000238418579,0.20000000298023224,0.20000000298023224
989,0,1.0,0.0,0.6000000238418579,0.20000000298023224,0.20000000298023224
990,270,0.5593056678771973,0.5,0.0,0.0,0.5
991,0,0.4310128390789032,0.0,0.6000000238418579,0.20000000298023224,0.20000000298023224
992,192,0.4445958435535431,0.20000000298023224,0.20000000298023224,0.0,0.6000000238418579
993,285,0.4002152383327484,1.0,0.0,0.0,0.0
994,285,0.27567246556282043,1.0,0.0,0.0,0.0
995,0,0.22177933156490326,0.0,0.6000000238418579,0.20000000298023224,0.20000000298023224
996,0,0.30424240231513977,0.0,0.6000000238418579,0.20000000298023224,0.20000000298023224
997,0,1.0,0.0,0.6000000238418579,0.20000000298023224,0.20000000298023224
998,261,0.3197903335094452,0.0,0.0,1.0,0.0
999,0,1.0,0.0,0.6000000238418579,0.20000000298023224,0.20000000298023224
1000,281,0.44762229919433594,0.800000011920929,0.20000000298023224,0.0,0.0
1001,163,0.47675320506095886,0.5,0.5,0.0,0.0
1002,0,1.0,0.0,0.6000000238418579,0.20000000298023224,0.20000000298023224
1003,0,1.0,0.0,0.6000000238418579,0.20000000298023224,0.20000000298023224
1004,0,0.3110451102256775,0.0,0.6000000238418579,0.20000000298023224,0.20000000298023224
1005,274,0.5278708338737488,0.699999988079071,0.0,0.0,0.30000001192092896
1006,46,0.47527575492858887,0.0,0.8999999761581421,0.10000000149011612,0.0
1007,81,0.42278075218200684,0.0,1.0,0.0,0.0
1008,226,0.5905136466026306,0.0,0.10000000149011612,0.0,0.8999999761581421
1009,40,0.689180314540863,0.0,0.30000001192092896,0.5,0.20000000298023224
1010,0,0.9816246628761292,0.0,0.6000000238418579,0.20000000298023224,0.20000000298023224
1011,0,0.3408701419830322,0.0,0.6000000238418579,0.20000000298023224,0.20000000298023224
1012,265,0.794328510761261,0.20000000298023224,0.0,0.800000011920929,0.0
1013,0,0.38994738459587097,0.0,0.6000000238418579,0.20000000298023224,0.20000000298023224
1014,285,0.23081018030643463,1.0,0.0,0.0,0.0
1015,0,0.35654497146606445,0.0,0.6000000238418579,0.20000000298023224,0.20000000298023224
1016,0,0.10938828438520432,0.0,0.6000000238418579,0.20000000298023224,0.20000000298023224
1017,265,0.6300545334815979,0.20000000298023224,0.0,0.800000011920929,0.0
1018,0,1.0,0.0,0.6000000238418579,0.20000000298023224,0.20000000298023224
1019,115,0.3126167953014374,0.0,0.10000000149011612,0.20000000298023224,0.699999988079071
1020,81,0.6463050246238708,0.0,1.0,0.0,0.0
1021,261,0.4978882074356079,0.0,0.0,1.0,0.0
1022,0,1.0,0.0,0.6000000238418579,0.20000000298023224,0.20000000298023224
1023,285,0.49175071716308594,1.0,0.0,0.0,0.0
1024,81,0.3527182936668396,0.0,1.0,0.0,0.0
1025,177,0.6976559162139893,0.10000000149011612,0.0,0.4000000059604645,0.5
1026,262,0.5025267601013184,0.10000000149011612,0.0,0.0,0.8999999761581421
1027,260,0.21162272989749908,0.0,0.0,0.0,1.0
1028,0,1.0,0.0,0.6000000238418579,0.20000000298023224,0.20000000298023224
1029,0,1.0,0.0,0.6000000238418579,0.20000000298023224,0.20000000298023224
1030,0,1.0,0.0,0.6000000238418579,0.20000000298023224,0.20000000298023224
1031,81,0.6406339406967163,0.0,1.0,0.0,0.0
1032,0,1.0,0.0,0.6000000238418579,0.20000000298023224,0.20000000298023224
1033,0,0.0857282355427742,0.0,0.6000000238418579,0.20000000298023224,0.20000000298023224
1034,81,0.7408146262168884,0.0,1.0,0.0,0.0
1035,260,0.36372342705726624,0.0,0.0,0.0,1.0
1036,260,0.6311861276626587,0.0,0.0,0.0,1.0
1037,81,0.2152082324028015,0.0,1.0,0.0,0.0
1038,0,1.0,0.0,0.6000000238418579,0.20000000298023224,0.20000000298023224
1039,0,1.0,0.0,0.6000000238418579,0.20000000298023224,0.20000000298023224
1040,285,0.5256748795509338,1.0,0.0,0.0,0.0
1041,183,0.8997057676315308,0.10000000149011612,0.20000000298023224,0.0,0.699999988079071
1042,282,0.39692503213882446,0.8999999761581421,0.0,0.0,0.10000000149011612
1043,201,0.4988389015197754,0.30000001192092896,0.20000000298023224,0.5,0.0
1044,105,0.5863639116287231,0.30000001192092896,0.699999988079071,0.0,0.0
1045,21,0.3823246955871582,0.0,0.800000011920929,0.20000000298023224,0.0
1046,0,1.0,0.0,0.6000000238418579,0.20000000298023224,0.20000000298023224
1047,90,0.5741368532180786,0.10000000149011612,0.8999999761581421,0.0,0.0
1048,81,0.618374764919281,0.0,1.0,0.0,0.0
1049,0,1.0,0.0,0.6000000238418579,0.20000000298023224,0.20000000298023224
1050,0,0.44631895422935486,0.0,0.6000000238418579,0.20000000298023224,0.20000000298023224
1051,0,1.0,0.0,0.6000000238418579,0.20000000298023224,0.20000000298023224
1052,0,0.07057158648967743,0.0,0.6000000238418579,0.20000000298023224,0.20000000298023224
1053,175,0.6028016209602356,0.10000000149011612,0.0,0.20000000298023224,0.699999988079071
1054,81,0.8688181638717651,0.0,1.0,0.0,0.0
1055,285,0.19844834506511688,1.0,0.0,0.0,0.0
1056,0,0.23787268996238708,0.0,0.6000000238418579,0.20000000298023224,0.20000000298023224
1057,0,0.40970781445503235,0.0,0.6000000238418579,0.20000000298023224,0.20000000298023224
1058,285,0.5129892230033875,1.0,0.0,0.0,0.0
1059,270,0.4450821876525879,0.5,0.0,0.0,0.5
1060,0,0.47036856412887573,0.0,0.6000000238418579,0.20000000298023224,0.20000000298023224
1061,196,0.34362879395484924,0.30000001192092896,0.0,0.4000000059604645,0.30000001192092896
1062,194,0.6677305102348328,0.30000001192092896,0.0,0.20000000298023224,0.5
1063,15,0.45456764101982117,0.0,0.6000000238418579,0.0,0.4000000059604645
1064,98,0.9206194281578064,0.20000000298023224,0.800000011920929,0.0,0.0
1065,260,0.2865884006023407,0.0,0.0,0.0,1.0
1066,56,0.7151680588722229,0.20000000298023224,0.30000001192092896,0.20000000298023224,0.30000001192092896
1067,0,1.0,0.0,0.6000000238418579,0.20000000298023224,0.20000000298023224
1068,278,0.40619754791259766,0.800000011920929,0.0,0.20000000298023224,0.0
1069,81,0.28680339455604553,0.0,1.0,0.0,0.0
1070,262,0.38118869066238403,0.10000000149011612,0.0,0.0,0.8999999761581421
1071,0,1.0,0.0,0.6000000238418579,0.20000000298023224,0.20000000298023224
1072,285,0.4733228385448456,1.0,0.0,0.0,0.0
1073,0,1.0,0.0,0.6000000238418579,0.20000000298023224,0.20000000298023224
1074,90,0.12148918211460114,0.10000000149011612,0.8999999761581421,0.0,0.0
1075,0,0.4457908272743225,0.0,0.6000000238418579,0.20000000298023224,0.20000000298023224
1076,220,0.6971527934074402,0.6000000238418579,0.20000000298023224,0.20000000298023224,0.0
1077,26,0.4125092029571533,0.10000000149011612,0.6000000238418579,0.0,0.30000001192092896
1078,285,0.4060799777507782,1.0,0.0,0.0,0.0
1079,275,0.4715003967285156,0.699999988079071,0.0,0.30000001192092896,0.0
1080,264,0.4850628077983856,0.20000000298023224,0.0,0.0,0.800000011920929
1081,71,0.6114618182182312,0.30000001192092896,0.6000000238418579,0.10000000149011612,0.0
1082,260,0.17249777913093567,0.0,0.0,0.0,1.0
1083,260,0.26787611842155457,0.0,0.0,0.0,1.0
1084,261,0.7401140332221985,0.0,0.0,1.0,0.0
1085,81,0.8557278513908386,0.0,1.0,0.0,0.0
1086,262,0.3149583637714386,0.10000000149011612,0.0,0.0,0.8999999761581421
1087,275,0.41659078001976013,0.699999988079071,0.0,0.30000001192092896,0.0
1088,0,1.0,0.0,0.6000000238418579,0.20000000298023224,0.20000000298023224
1089,15,0.5193991661071777,0.0,0.6000000238418579,0.0,0.4000000059604645
1090,283,0.3317774832248688,0.8999999761581421,0.0,0.10000000149011612,0.0
1091,0,0.3341936469078064,0.0,0.6000000238418579,0.20000000298023224,0.20000000298023224
1092,60,0.6538875102996826,0.20000000298023224,0.5,0.0,0.30000001192092896
1093,167,0.3768312633037567,0.0,0.0,0.5,0.5
1094,261,0.2837486267089844,0.0,0.0,1.0,0.0
1095,0,1.0,0.0,0.6000000238418579,0.20000000298023224,0.20000000298023224
1096,0,0.4999202787876129,0.0,0.6000000238418579,0.20000000298023224,0.20000000298023224
1097,81,0.013309982605278492,0.0,1.0,0.0,0.0
1098,0,0.4934231638908386,0.0,0.6000000238418579,0.20000000298023224,0.20000000298023224
1099,0,0.4944993555545807,0.0,0.6000000238418579,0.20000000298023224,0.20000000298023224
1100,0,0.4573102593421936,0.0,0.6000000238418579,0.20000000298023224,0.20000000298023224
1101,81,0.4087808132171631,0.0,1.0,0.0,0.0
1102,109,0.4553198516368866,0.4000000059604645,0.4000000059604645,0.0,0.20000000298023224
1103,0,1.0,0.0,0.6000000238418579,0.20000000298023224,0.20000000298023224
1104,0,1.0,0.0,0.6000000238418579,0.20000000298023224,0.20000000298023224
1105,285,0.13360092043876648,1.0,0.0,0.0,0.0
1106,0,1.0,0.0,0.6000000238418579,0.20000000298023224,0.20000000298023224
1107,7,1.0,0.10000000149011612,0.5,0.20000000298023224,0.20000000298023224
1108,0,1.0,0.0,0.6000000238418579,0.20000000298023224,0.20000000298023224
1109,16,0.4837568700313568,0.0,0.6000000238418579,0.4000000059604645,0.0
1110,0,0.4986049234867096,0.0,0.6000000238418579,0.20000000298023224,0.20000000298023224
1111,81,0.8932472467422485,0.0,1.0,0.0,0.0
1112,0,0.32167768478393555,0.0,0.6000000238418579,0.20000000298023224,0.20000000298023224
1113,0,0.4001116156578064,0.0,0.6000000238418579,0.20000000298023224,0.20000000298023224
1114,16,0.3239365220069885,0.0,0.6000000238418579,0.4000000059604645,0.0
1115,260,0.17573153972625732,0.0,0.0,0.0,1.0
1116,0,1.0,0.0,0.6000000238418579,0.20000000298023224,0.20000000298023224
1117,284,0.8431714177131653,0.8999999761581421,0.10000000149011612,0.0,0.0
1118,285,0.09635791927576065,1.0,0.0,0.0,0.0
1119,284,0.7166931629180908,0.8999999761581421,0.10000000149011612,0.0,0.0
1120,0,1.0,0.0,0.6000000238418579,0.20000000298023224,0.20000000298023224
1121,0,0.28664103150367737,0.0,0.6000000238418579,0.20000000298023224,0.20000000298023224
1122,0,0.4958346486091614,0.0,0.6000000238418579,0.20000000298023224,0.20000000298023224
1123,0,0.4868064522743225,0.0,0.6000000238418579,0.20000000298023224,0.20000000298023224
1124,0,1.0,0.0,0.6000000238418579,0.20000000298023224,0.20000000298023224
1125,0,1.0,0.0,0.6000000238418579,0.20000000298023224,0.20000000298023224
1126,285,0.2778220772743225,1.0,0.0,0.0,0.0
1127,260,0.4014589786529541,0.0,0.0,0.0,1.0
1128,0,0.4442462623119354,0.0,0.6000000238418579,0.20000000298023224,0.20000000298023224
1129,0,0.4639967381954193,0.0,0.6000000238418579,0.20000000298023224,0.20000000298023224
1130,285,0.07865671068429947,1.0,0.0,0.0,0.0
1131,0,0.09031210094690323,0.0,0.6000000238418579,0.20000000298023224,0.20000000298023224
1132,260,0.17354343831539154,0.0,0.0,0.0,1.0
1133,0,0.287992924451828,0.0,0.6000000238418579,0.20000000298023224,0.20000000298023224
1134,7,0.3322969675064087,0.10000000149011612,0.5,0.20000000298023224,0.20000000298023224
1135,260,0.308872252702713,0.0,0.0,0.0,1.0
1136,0,0.4917789399623871,0.0,0.6000000238418579,0.20000000298023224,0.20000000298023224
1137,0,1.0,0.0,0.6000000238418579,0.20000000298023224,0.20000000298023224
1138,0,1.0,0.0,0.6000000238418579,0.20000000298023224,0.20000000298023224
1139,260,0.360019326210022,0.0,0.0,0.0,1.0
1140,260,0.37045642733573914,0.0,0.0,0.0,1.0
1141,86,0.8244949579238892,0.10000000149011612,0.30000001192092896,0.10000000149011612,0.5
1142,16,0.5590855479240417,0.0,0.6000000238418579,0.4000000059604645,0.0
1143,0,1.0,0.0,0.6000000238418579,0.20000000298023224,0.20000000298023224
1144,0,0.9970703125,0.0,0.6000000238418579,0.20000000298023224,0.20000000298023224
1145,0,0.4986746609210968,0.0,0.6000000238418579,0.20000000298023224,0.20000000298023224
1146,0,0.34649035334587097,0.0,0.6000000238418579,0.20000000298023224,0.20000000298023224
1147,266,0.9261441230773926,0.30000001192092896,0.0,0.0,0.699999988079071
1148,81,0.8763353228569031,0.0,1.0,0.0,0.0
1149,170,0.8182523250579834,0.0,0.0,0.800000011920929,0.20000000298023224
1150,0,1.0,0.0,0.6000000238418579,0.20000000298023224,0.20000000298023224
1151,224,0.460432767868042,0.0,0.0,0.10000000149011612,0.8999999761581421
1152,205,0.8126764893531799,0.4000000059604645,0.10000000149011612,0.10000000149011612,0.4000000059604645
1153,0,0.4896663725376129,0.0,0.6000000238418579,0.20000000298023224,0.20000000298023224
1154,124,0.7273350358009338,0.0,0.30000001192092896,0.699999988079071,0.0
1155,177,0.5645075440406799,0.10000000149011612,0.0,0.4000000059604645,0.5
1156,285,0.7102483510971069,1.0,0.0,0.0,0.0
1157,0,0.49006497859954834,0.0,0.6000000238418579,0.20000000298023224,0.20000000298023224
1158,0,1.0,0.0,0.6000000238418579,0.20000000298023224,0.20000000298023224
1159,57,0.4415769577026367,0.20000000298023224,0.30000001192092896,0.30000001192092896,0.20000000298023224
1160,0,0.1803053319454193,0.0,0.6000000238418579,0.20000000298023224,0.20000000298023224
1161,114,0.3968755006790161,0.4000000059604645,0.6000000238418579,0.0,0.0
1162,0,1.0,0.0,0.6000000238418579,0.20000000298023224,0.20000000298023224
1163,0,0.4735431373119354,0.0,0.6000000238418579,0.20000000298023224,0.20000000298023224
1164,260,0.8490186333656311,0.0,0.0,0.0,1.0
1165,246,0.7607833743095398,0.5,0.10000000149011612,0.0,0.4000000059604645
1166,276,0.3808695077896118,0.800000011920929,0.0,0.0,0.20000000298023224
1167,7,0.9465880393981934,0.10000000149011612,0.5,0.20000000298023224,0.20000000298023224
1168,34,0.5781835317611694,0.20000000298023224,0.6000000238418579,0.0,0.20000000298023224
1169,0,1.0,0.0,0.6000000238418579,0.20000000298023224,0.20000000298023224
1170,174,0.813850998878479,0.0,0.20000000298023224,0.800000011920929,0.0
1171,0,0.9855707883834839,0.0,0.6000000238418579,0.20000000298023224,0.20000000298023224
1172,285,0.7719228267669678,1.0,0.0,0.0,0.0
1173,105,0.8107345104217529,0.30000001192092896,0.699999988079071,0.0,0.0
1174,0,0.3044084906578064,0.0,0.6000000238418579,0.20000000298023224,0.20000000298023224
1175,81,0.9038711786270142,0.0,1.0,0.0,0.0
1176,261,0.45863229036331177,0.0,0.0,1.0,0.0
1177,0,0.4958844780921936,0.0,0.6000000238418579,0.20000000298023224,0.20000000298023224
1178,0,0.25162094831466675,0.0,0.6000000238418579,0.20000000298023224,0.20000000298023224
1179,0,1.0,0.0,0.6000000238418579,0.20000000298023224,0.20000000298023224
1180,282,0.45712584257125854,0.8999999761581421,0.0,0.0,0.10000000149011612
1181,274,0.40414056181907654,0.699999988079071,0.0,0.0,0.30000001192092896
1182,81,0.7569304704666138,0.0,1.0,0.0,0.0
1183,0,1.0,0.0,0.6000000238418579,0.20000000298023224,0.20000000298023224
1184,0,0.3162800371646881,0.0,0.6000000238418579,0.20000000298023224,0.20000000298023224
1185,0,1.0,0.0,0.6000000238418579,0.20000000298023224,0.20000000298023224
1186,0,1.0,0.0,0.6000000238418579,0.20000000298023224,0.20000000298023224
1187,250,0.5579278469085693,0.6000000238418579,0.10000000149011612,0.0,0.30000001192092896
1188,261,0.5650753378868103,0.0,0.0,1.0,0.0
1189,0,1.0,0.0,0.6000000238418579,0.20000000298023224,0.20000000298023224
1190,165,0.47462210059165955,0.0,0.0,0.30000001192092896,0.699999988079071
1191,0,1.0,0.0,0.6000000238418579,0.20000000298023224,0.20000000298023224
1192,81,0.5387338399887085,0.0,1.0,0.0,0.0
1193,0,0.0,0.0,0.6000000238418579,0.20000000298023224,0.20000000298023224
1194,265,0.8573285341262817,0.20000000298023224,0.0,0.800000011920929,0.0
1195,261,0.7261866331100464,0.0,0.0,1.0,0.0
1196,260,0.46341654658317566,0.0,0.0,0.0,1.0
1197,285,0.22450557351112366,1.0,0.0,0.0,0.0
1198,285,0.3513251543045044,1.0,0.0,0.0,0.0
1199,260,0.43566200137138367,0.0,0.0,0.0,1.0
1200,0,0.07540789991617203,0.0,0.6000000238418579,0.20000000298023224,0.20000000298023224
1201,0,1.0,0.0,0.6000000238418579,0.20000000298023224,0.20000000298023224
1202,0,1.0,0.0,0.6000000238418579,0.20000000298023224,0.20000000298023224
1203,0,1.0,0.0,0.6000000238418579,0.20000000298023224,0.20000000298023224
1204,81,0.1212124228477478,0.0,1.0,0.0,0.0
1205,273,0.9417251348495483,0.6000000238418579,0.0,0.4000000059604645,0.0
1206,0,0.21987603604793549,0.0,0.6000000238418579,0.20000000298023224,0.20000000298023224
1207,0,1.0,0.0,0.6000000238418579,0.20000000298023224,0.20000000298023224
1208,0,0.33101484179496765,0.0,0.6000000238418579,0.20000000298023224,0.20000000298023224
1209,0,0.3309650123119354,0.0,0.6000000238418579,0.20000000298023224,0.20000000298023224
1210,36,0.7193065881729126,0.20000000298023224,0.6000000238418579,0.20000000298023224,0.0
1211,0,0.06280891597270966,0.0,0.6000000238418579,0.20000000298023224,0.20000000298023224
1212,0,1.0,0.0,0.6000000238418579,0.20000000298023224,0.20000000298023224
1213,105,0.7516741156578064,0.30000001192092896,0.699999988079071,0.0,0.0
1214,174,0.7575051784515381,0.0,0.20000000298023224,0.800000011920929,0.0
1215,45,0.39345577359199524,0.0,0.8999999761581421,0.0,0.10000000149011612
1216,15,0.44463106989860535,0.0,0.6000000238418579,0.0,0.4000000059604645
1217,285,0.6168714761734009,1.0,0.0,0.0,0.0
1218,260,0.7398375272750854,0.0,0.0,0.0,1.0
1219,0,1.0,0.0,0.6000000238418579,0.20000000298023224,0.20000000298023224
1220,0,1.0,0.0,0.6000000238418579,0.20000000298023224,0.20000000298023224
1221,285,0.3133837580680847,1.0,0.0,0.0,0.0
1222,0,1.0,0.0,0.6000000238418579,0.20000000298023224,0.20000000298023224
1223,285,0.8631218075752258,1.0,0.0,0.0,0.0
1224,0,0.4658701419830322,0.0,0.6000000238418579,0.20000000298023224,0.20000000298023224
1225,0,1.0,0.0,0.6000000238418579,0.20000000298023224,0.20000000298023224
1226,0,0.2028459757566452,0.0,0.6000000238418579,0.20000000298023224,0.20000000298023224
1227,0,1.0,0.0,0.6000000238418579,0.20000000298023224,0.20000000298023224
1228,0,1.0,0.0,0.6000000238418579,0.20000000298023224,0.20000000298023224
1229,124,0.8912870287895203,0.0,0.30000001192092896,0.699999988079071,0.0
1230,278,0.6700446605682373,0.800000011920929,0.0,0.20000000298023224,0.0
1231,285,0.5469539761543274,1.0,0.0,0.0,0.0
1232,0,1.0,0.0,0.6000000238418579,0.20000000298023224,0.20000000298023224
1233,0,1.0,0.0,0.6000000238418579,0.20000000298023224,0.20000000298023224
1234,285,0.34531691670417786,1.0,0.0,0.0,0.0
1235,224,0.6916741132736206,0.0,0.0,0.10000000149011612,0.8999999761581421
1236,285,0.3985000252723694,1.0,0.0,0.0,0.0
1237,285,0.012451931834220886,1.0,0.0,0.0,0.0
1238,251,0.5540570616722107,0.6000000238418579,0.10000000149011612,0.30000001192092896,0.0
1239,261,0.4944975972175598,0.0,0.0,1.0,0.0
1240,0,1.0,0.0,0.6000000238418579,0.20000000298023224,0.20000000298023224
1241,285,0.7523033022880554,1.0,0.0,0.0,0.0
1242,0,1.0,0.0,0.6000000238418579,0.20000000298023224,0.20000000298023224
1243,0,0.41943359375,0.0,0.6000000238418579,0.20000000298023224,0.20000000298023224
1244,0,1.0,0.0,0.6000000238418579,0.20000000298023224,0.20000000298023224
1245,0,1.0,0.0,0.6000000238418579,0.20000000298023224,0.20000000298023224
1246,0,1.0,0.0,0.6000000238418579,0.20000000298023224,0.20000000298023224
1247,285,0.47040048241615295,1.0,0.0,0.0,0.0
1248,0,0.2030917853116989,0.0,0.6000000238418579,0.20000000298023224,0.20000000298023224
1249,81,0.5102775692939758,0.0,1.0,0.0,0.0
1250,285,0.4710918962955475,1.0,0.0,0.0,0.0
1251,0,0.4180185794830322,0.0,0.6000000238418579,0.20000000298023224,0.20000000298023224
1252,0,1.0,0.0,0.6000000238418579,0.20000000298023224,0.20000000298023224
1253,167,0.5983657836914062,0.0,0.0,0.5,0.5
1254,0,1.0,0.0,0.6000000238418579,0.20000000298023224,0.20000000298023224
1255,7,1.0,0.10000000149011612,0.5,0.20000000298023224,0.20000000298023224
1256,0,1.0,0.0,0.6000000238418579,0.20000000298023224,0.20000000298023224
1257,0,1.0,0.0,0.6000000238418579,0.20000000298023224,0.20000000298023224
1258,261,0.6745595335960388,0.0,0.0,1.0,0.0
1259,270,0.75749671459198,0.5,0.0,0.0,0.5
1260,266,0.47571733593940735,0.30000001192092896,0.0,0.0,0.699999988079071
1261,285,0.22428929805755615,1.0,0.0,0.0,0.0
1262,268,0.35320478677749634,0.4000000059604645,0.0,0.0,0.6000000238418579
1263,0,0.4115413725376129,0.0,0.6000000238418579,0.20000000298023224,0.20000000298023224
1264,0,0.9996213316917419,0.0,0.6000000238418579,0.20000000298023224,0.20000000298023224
1265,0,1.0,0.0,0.6000000238418579,0.20000000298023224,0.20000000298023224
1266,114,0.0038610037881881,0.4000000059604645,0.6000000238418579,0.0,0.0
1267,0,0.11419138312339783,0.0,0.6000000238418579,0.20000000298023224,0.20000000298023224
1268,0,0.12398357689380646,0.0,0.6000000238418579,0.20000000298023224,0.20000000298023224
1269,0,1.0,0.0,0.6000000238418579,0.20000000298023224,0.20000000298023224
1270,259,0.7788548469543457,0.699999988079071,0.30000001192092896,0.0,0.0
1271,261,0.6255117654800415,0.0,0.0,1.0,0.0
1272,0,1.0,0.0,0.6000000238418579,0.20000000298023224,0.20000000298023224
1273,16,0.535308837890625,0.0,0.6000000238418579,0.4000000059604645,0.0
1274,0,0.21879982948303223,0.0,0.6000000238418579,0.20000000298023224,0.20000000298023224
1275,162,0.5942275524139404,0.5,0.4000000059604645,0.10000000149011612,0.0
1276,285,0.4086976647377014,1.0,0.0,0.0,0.0
1277,227,0.3700549006462097,0.0,0.10000000149011612,0.8999999761581421,0.0
1278,0,1.0,0.0,0.6000000238418579,0.20000000298023224,0.20000000298023224
1279,11,0.5970548987388611,0.0,0.4000000059604645,0.30000001192092896,0.30000001192092896
1280,114,0.4740408957004547,0.4000000059604645,0.6000000238418579,0.0,0.0
1281,213,0.6010776162147522,0.5,0.20000000298023224,0.0,0.30000001192092896
1282,7,0.987324595451355,0.10000000149011612,0.5,0.20000000298023224,0.20000000298023224
1283,0,1.0,0.0,0.6000000238418579,0.20000000298023224,0.20000000298023224
1284,0,1.0,0.0,0.6000000238418579,0.20000000298023224,0.20000000298023224
1285,0,0.2082071155309677,0.0,0.6000000238418579,0.20000000298023224,0.20000000298023224
1286,170,0.3434039056301117,0.0,0.0,0.800000011920929,0.20000000298023224
1287,113,0.9218471050262451,0.4000000059604645,0.5,0.10000000149011612,0.0
1288,0,0.44152581691741943,0.0,0.6000000238418579,0.20000000298023224,0.20000000298023224
1289,284,0.8269111514091492,0.8999999761581421,0.10000000149011612,0.0,0.0
1290,0,0.0,0.0,0.6000000238418579,0.20000000298023224,0.20000000298023224
1291,285,0.636993408203125,1.0,0.0,0.0,0.0
1292,154,0.3740052282810211,0.4000000059604645,0.30000001192092896,0.30000001192092896,0.0
1293,285,0.25623318552970886,1.0,0.0,0.0,0.0
1294,262,0.6122568249702454,0.10000000149011612,0.0,0.0,0.8999999761581421
1295,0,1.0,0.0,0.6000000238418579,0.20000000298023224,0.20000000298023224
1296,285,0.38794180750846863,1.0,0.0,0.0,0.0
1297,261,0.5684667825698853,0.0,0.0,1.0,0.0
1298,81,0.593263566493988,0.0,1.0,0.0,0.0
1299,0,1.0,0.0,0.6000000238418579,0.20000000298023224,0.20000000298023224
1300,0,1.0,0.0,0.6000000238418579,0.20000000298023224,0.20000000298023224
1301,123,0.9347538948059082,0.0,0.30000001192092896,0.0,0.699999988079071
1302,0,0.40969786047935486,0.0,0.6000000238418579,0.20000000298023224,0.20000000298023224
1303,133,0.6737921833992004,0.10000000149011612,0.30000001192092896,0.6000000238418579,0.0
1304,285,0.1431368887424469,1.0,0.0,0.0,0.0
1305,259,0.3570699989795685,0.699999988079071,0.30000001192092896,0.0,0.0
1306,0,1.0,0.0,0.6000000238418579,0.20000000298023224,0.20000000298023224
1307,225,0.18540668487548828,0.0,0.0,0.8999999761581421,0.10000000149011612
1308,7,1.0,0.10000000149011612,0.5,0.20000000298023224,0.20000000298023224
1309,225,0.7485650777816772,0.0,0.0,0.8999999761581421,0.10000000149011612
1310,21,0.7815827131271362,0.0,0.800000011920929,0.20000000298023224,0.0
1311,285,0.5635155439376831,1.0,0.0,0.0,0.0
1312,0,1.0,0.0,0.6000000238418579,0.20000000298023224,0.20000000298023224
1313,0,0.4402005076408386,0.0,0.6000000238418579,0.20000000298023224,0.20000000298023224
1314,0,0.3595145046710968,0.0,0.6000000238418579,0.20000000298023224,0.20000000298023224
1315,226,0.5661560893058777,0.0,0.10000000149011612,0.0,0.8999999761581421
1316,81,0.33300116658210754,0.0,1.0,0.0,0.0
1317,81,0.3800797164440155,0.0,1.0,0.0,0.0
1318,0,1.0,0.0,0.6000000238418579,0.20000000298023224,0.20000000298023224
1319,285,0.4290348291397095,1.0,0.0,0.0,0.0
1320,261,0.369189977645874,0.0,0.0,1.0,0.0
1321,0,1.0,0.0,0.6000000238418579,0.20000000298023224,0.20000000298023224
1322,260,0.26935726404190063,0.0,0.0,0.0,1.0
1323,260,0.408826619386673,0.0,0.0,0.0,1.0
1324,0,1.0,0.0,0.6000000238418579,0.20000000298023224,0.20000000298023224
1325,273,0.5370818376541138,0.6000000238418579,0.0,0.4000000059604645,0.0
1326,81,0.3425286114215851,0.0,1.0,0.0,0.0
1327,260,0.03953798860311508,0.0,0.0,0.0,1.0
1328,0,1.0,0.0,0.6000000238418579,0.20000000298023224,0.20000000298023224
1329,0,0.28433912992477417,0.0,0.6000000238418579,0.20000000298023224,0.20000000298023224
1330,0,1.0,0.0,0.6000000238418579,0.20000000298023224,0.20000000298023224
1331,0,0.17364875972270966,0.0,0.6000000238418579,0.20000000298023224,0.20000000298023224
1332,260,0.40713170170783997,0.0,0.0,0.0,1.0
1333,174,0.5898361206054688,0.0,0.20000000298023224,0.800000011920929,0.0
1334,0,0.8973612785339355,0.0,0.6000000238418579,0.20000000298023224,0.20000000298023224
1335,0,1.0,0.0,0.6000000238418579,0.20000000298023224,0.20000000298023224
1336,0,0.43370336294174194,0.0,0.6000000238418579,0.20000000298023224,0.20000000298023224
1337,165,0.46070969104766846,0.0,0.0,0.30000001192092896,0.699999988079071
1338,260,0.07602183520793915,0.0,0.0,0.0,1.0
1339,0,1.0,0.0,0.6000000238418579,0.20000000298023224,0.20000000298023224
1340,0,0.49920281767845154,0.0,0.6000000238418579,0.20000000298023224,0.20000000298023224
1341,81,0.7444615960121155,0.0,1.0,0.0,0.0
1342,0,0.49361249804496765,0.0,0.6000000238418579,0.20000000298023224,0.20000000298023224
1343,260,0.07799755036830902,0.0,0.0,0.0,1.0
1344,0,0.4614855647087097,0.0,0.6000000238418579,0.20000000298023224,0.20000000298023224
1345,0,0.3258330821990967,0.0,0.6000000238418579,0.20000000298023224,0.20000000298023224
1346,0,0.901765763759613,0.0,0.6000000238418579,0.20000000298023224,0.20000000298023224
1347,0,0.47192880511283875,0.0,0.6000000238418579,0.20000000298023224,0.20000000298023224
1348,18,0.6482875943183899,0.0,0.699999988079071,0.30000001192092896,0.0
1349,285,0.3006042540073395,1.0,0.0,0.0,0.0
1350,0,0.44960737228393555,0.0,0.6000000238418579,0.20000000298023224,0.20000000298023224
1351,81,0.46158215403556824,0.0,1.0,0.0,0.0
1352,0,1.0,0.0,0.6000000238418579,0.20000000298023224,0.20000000298023224
1353,263,0.48329612612724304,0.10000000149011612,0.0,0.8999999761581421,0.0
1354,119,0.5114614367485046,0.0,0.10000000149011612,0.6000000238418579,0.30000001192092896
1355,263,0.6939805746078491,0.10000000149011612,0.0,0.8999999761581421,0.0
1356,261,0.5851489305496216,0.0,0.0,1.0,0.0
1357,0,1.0,0.0,0.6000000238418579,0.20000000298023224,0.20000000298023224
1358,174,0.38550814986228943,0.0,0.20000000298023224,0.800000011920929,0.0
1359,285,0.36063531041145325,1.0,0.0,0.0,0.0
1360,0,0.22711056470870972,0.0,0.6000000238418579,0.20000000298023224,0.20000000298023224
1361,0,1.0,0.0,0.6000000238418579,0.20000000298023224,0.20000000298023224
1362,81,0.7506200075149536,0.0,1.0,0.0,0.0
1363,7,0.29326337575912476,0.10000000149011612,0.5,0.20000000298023224,0.20000000298023224
1364,285,0.4405004382133484,1.0,0.0,0.0,0.0
1365,0,1.0,0.0,0.6000000238418579,0.20000000298023224,0.20000000298023224
1366,0,1.0,0.0,0.6000000238418579,0.20000000298023224,0.20000000298023224
1367,186,0.4463428258895874,0.20000000298023224,0.0,0.30000001192092896,0.5
1368,43,0.8222001194953918,0.0,0.5,0.0,0.5
1369,0,0.0,0.0,0.6000000238418579,0.20000000298023224,0.20000000298023224
1370,98,0.5666713118553162,0.20000000298023224,0.800000011920929,0.0,0.0
1371,260,0.14671237766742706,0.0,0.0,0.0,1.0
1372,0,0.35175183415412903,0.0,0.6000000238418579,0.20000000298023224,0.20000000298023224
1373,0,1.0,0.0,0.6000000238418579,0.20000000298023224,0.20000000298023224
1374,81,0.5193024277687073,0.0,1.0,0.0,0.0
1375,0,0.3452945649623871,0.0,0.6000000238418579,0.20000000298023224,0.20000000298023224
1376,0,0.49765825271606445,0.0,0.6000000238418579,0.20000000298023224,0.20000000298023224
1377,164,0.24033215641975403,0.0,0.0,0.20000000298023224,0.800000011920929
1378,0,0.48125597834587097,0.0,0.6000000238418579,0.20000000298023224,0.20000000298023224
1379,285,0.5456374883651733,1.0,0.0,0.0,0.0
1380,0,1.0,0.0,0.6000000238418579,0.20000000298023224,0.20000000298023224
1381,285,0.3995860517024994,1.0,0.0,0.0,0.0
1382,260,0.44074171781539917,0.0,0.0,0.0,1.0
1383,0,1.0,0.0,0.6000000238418579,0.20000000298023224,0.20000000298023224
1384,0,1.0,0.0,0.6000000238418579,0.20000000298023224,0.20000000298023224
1385,44,0.6988974213600159,0.0,0.5,0.5,0.0
1386,0,1.0,0.0,0.6000000238418579,0.20000000298023224,0.20000000298023224
1387,0,0.4898357689380646,0.0,0.6000000238418579,0.20000000298023224,0.20000000298023224
1388,0,0.3248365819454193,0.0,0.6000000238418579,0.20000000298023224,0.20000000298023224
1389,0,1.0,0.0,0.6000000238418579,0.20000000298023224,0.20000000298023224
1390,0,0.2420479953289032,0.0,0.6000000238418579,0.20000000298023224,0.20000000298023224
1391,0,0.8015186786651611,0.0,0.6000000238418579,0.20000000298023224,0.20000000298023224
1392,0,1.0,0.0,0.6000000238418579,0.20000000298023224,0.20000000298023224
1393,0,1.0,0.0,0.6000000238418579,0.20000000298023224,0.20000000298023224
1394,189,0.7200325727462769,0.20000000298023224,0.0,0.6000000238418579,0.20000000298023224
1395,260,0.28488755226135254,0.0,0.0,0.0,1.0
1396,0,0.27794164419174194,0.0,0.6000000238418579,0.20000000298023224,0.20000000298023224
1397,0,1.0,0.0,0.6000000238418579,0.20000000298023224,0.20000000298023224
1398,276,0.3631806969642639,0.800000011920929,0.0,0.0,0.20000000298023224
1399,260,0.14440323412418365,0.0,0.0,0.0,1.0
1400,0,1.0,0.0,0.6000000238418579,0.20000000298023224,0.20000000298023224
1401,285,0.38812753558158875,1.0,0.0,0.0,0.0
1402,0,1.0,0.0,0.6000000238418579,0.20000000298023224,0.20000000298023224
1403,0,0.41066446900367737,0.0,0.6000000238418579,0.20000000298023224,0.20000000298023224
1404,0,0.4854910671710968,0.0,0.6000000238418579,0.20000000298023224,0.20000000298023224
1405,0,0.37372449040412903,0.0,0.6000000238418579,0.20000000298023224,0.20000000298023224
1406,0,0.21061861515045166,0.0,0.6000000238418579,0.20000000298023224,0.20000000298023224
1407,1,0.41403889656066895,0.0,0.5,0.20000000298023224,0.30000001192092896
1408,17,0.7005317807197571,0.0,0.699999988079071,0.0,0.30000001192092896
1409,194,0.31713494658470154,0.30000001192092896,0.0,0.20000000298023224,0.5
1410,81,0.21163761615753174,0.0,1.0,0.0,0.0
1411,104,0.46799591183662415,0.30000001192092896,0.4000000059604645,0.30000001192092896,0.0
1412,260,0.528586208820343,0.0,0.0,0.0,1.0
1413,133,0.7873877882957458,0.10000000149011612,0.30000001192092896,0.6000000238418579,0.0
1414,192,0.7718233466148376,0.20000000298023224,0.20000000298023224,0.0,0.6000000238418579
1415,116,0.4613485038280487,0.0,0.10000000149011612,0.30000001192092896,0.6000000238418579
1416,91,0.40248382091522217,0.20000000298023224,0.20000000298023224,0.20000000298023224,0.4000000059604645
1417,81,0.41800910234451294,0.0,1.0,0.0,0.0
1418,81,0.455812007188797,0.0,1.0,0.0,0.0
1419,261,0.31841132044792175,0.0,0.0,1.0,0.0
1420,0,1.0,0.0,0.6000000238418579,0.20000000298023224,0.20000000298023224
1421,228,0.5265286564826965,0.10000000149011612,0.0,0.10000000149011612,0.800000011920929
1422,260,0.108260378241539,0.0,0.0,0.0,1.0
1423,264,0.8780205249786377,0.20000000298023224,0.0,0.0,0.800000011920929
1424,0,1.0,0.0,0.6000000238418579,0.20000000298023224,0.20000000298023224
1425,285,0.4905647039413452,1.0,0.0,0.0,0.0
1426,0,1.0,0.0,0.6000000238418579,0.20000000298023224,0.20000000298023224
1427,81,0.8100511431694031,0.0,1.0,0.0,0.0
1428,0,0.20615433156490326,0.0,0.6000000238418579,0.20000000298023224,0.20000000298023224
1429,105,0.703621506690979,0.30000001192092896,0.699999988079071,0.0,0.0
1430,0,1.0,0.0,0.6000000238418579,0.20000000298023224,0.20000000298023224
1431,0,0.0543387271463871,0.0,0.6000000238418579,0.20000000298023224,0.20000000298023224
1432,195,0.793505847454071,0.30000001192092896,0.0,0.30000001192092896,0.4000000059604645
1433,0,0.3672572672367096,0.0,0.6000000238418579,0.20000000298023224,0.20000000298023224
1434,259,0.24930767714977264,0.699999988079071,0.30000001192092896,0.0,0.0
1435,0,1.0,0.0,0.6000000238418579,0.20000000298023224,0.20000000298023224
1436,0,0.4431002736091614,0.0,0.6000000238418579,0.20000000298023224,0.20000000298023224
1437,261,0.47039201855659485,0.0,0.0,1.0,0.0
1438,285,0.6612173318862915,1.0,0.0,0.0,0.0
1439,0,1.0,0.0,0.6000000238418579,0.20000000298023224,0.20000000298023224
1440,285,0.3583826422691345,1.0,0.0,0.0,0.0
1441,260,0.3175230026245117,0.0,0.0,0.0,1.0
1442,0,1.0,0.0,0.6000000238418579,0.20000000298023224,0.20000000298023224
1443,223,0.7656289935112,0.6000000238418579,0.4000000059604645,0.0,0.0
1444,271,0.34737181663513184,0.5,0.0,0.5,0.0
1445,0,1.0,0.0,0.6000000238418579,0.20000000298023224,0.20000000298023224
1446,0,1.0,0.0,0.6000000238418579,0.20000000298023224,0.20000000298023224
1447,0,1.0,0.0,0.6000000238418579,0.20000000298023224,0.20000000298023224
1448,81,0.3015981614589691,0.0,1.0,0.0,0.0
1449,171,0.5206081867218018,0.0,0.10000000149011612,0.10000000149011612,0.800000011920929
1450,114,0.6359987258911133,0.4000000059604645,0.6000000238418579,0.0,0.0
1451,0,1.0,0.0,0.6000000238418579,0.20000000298023224,0.20000000298023224
1452,267,0.7086359262466431,0.30000001192092896,0.0,0.699999988079071,0.0
1453,0,0.49998006224632263,0.0,0.6000000238418579,0.20000000298023224,0.20000000298023224
1454,261,0.6141346096992493,0.0,0.0,1.0,0.0
1455,179,0.7619597315788269,0.10000000149011612,0.0,0.6000000238418579,0.30000001192092896
1456,230,0.8000609874725342,0.10000000149011612,0.10000000149011612,0.0,0.800000011920929
1457,227,0.507270336151123,0.0,0.10000000149011612,0.8999999761581421,0.0
1458,0,0.48971620202064514,0.0,0.6000000238418579,0.20000000298023224,0.20000000298023224
1459,285,0.4343407452106476,1.0,0.0,0.0,0.0
1460,0,0.4492885172367096,0.0,0.6000000238418579,0.20000000298023224,0.20000000298023224
1461,16,0.8515949249267578,0.0,0.6000000238418579,0.4000000059604645,0.0
1462,0,0.4150390625,0.0,0.6000000238418579,0.20000000298023224,0.20000000298023224
1463,105,0.6607320308685303,0.30000001192092896,0.699999988079071,0.0,0.0
1464,225,0.4806247055530548,0.0,0.0,0.8999999761581421,0.10000000149011612
1465,176,0.7028543949127197,0.10000000149011612,0.0,0.30000001192092896,0.6000000238418579
1466,0,0.8923190236091614,0.0,0.6000000238418579,0.20000000298023224,0.20000000298023224
1467,285,0.7950772047042847,1.0,0.0,0.0,0.0
1468,0,1.0,0.0,0.6000000238418579,0.20000000298023224,0.20000000298023224
1469,0,1.0,0.0,0.6000000238418579,0.20000000298023224,0.20000000298023224
1470,63,0.828831672668457,0.20000000298023224,0.699999988079071,0.10000000149011612,0.0
1471,264,0.48117172718048096,0.20000000298023224,0.0,0.0,0.800000011920929
1472,0,1.0,0.0,0.6000000238418579,0.20000000298023224,0.20000000298023224
1473,265,0.29336002469062805,0.20000000298023224,0.0,0.800000011920929,0.0
1474,81,0.41011863946914673,0.0,1.0,0.0,0.0
1475,0,0.42469507455825806,0.0,0.6000000238418579,0.20000000298023224,0.20000000298023224
1476,260,0.25048014521598816,0.0,0.0,0.0,1.0
1477,114,0.3101571202278137,0.4000000059604645,0.6000000238418579,0.0,0.0
1478,114,0.4417239725589752,0.4000000059604645,0.6000000238418579,0.0,0.0
1479,0,0.49918287992477417,0.0,0.6000000238418579,0.20000000298023224,0.20000000298023224
1480,0,0.3593849539756775,0.0,0.6000000238418579,0.20000000298023224,0.20000000298023224
1481,90,0.6519352793693542,0.10000000149011612,0.8999999761581421,0.0,0.0
1482,0,0.4821926951408386,0.0,0.6000000238418579,0.20000000298023224,0.20000000298023224
1483,0,0.4253826439380646,0.0,0.6000000238418579,0.20000000298023224,0.20000000298023224
1484,260,0.6325835585594177,0.0,0.0,0.0,1.0
1485,285,0.28362661600112915,1.0,0.0,0.0,0.0
1486,0,1.0,0.0,0.6000000238418579,0.20000000298023224,0.20000000298023224
1487,285,0.8769482374191284,1.0,0.0,0.0,0.0
1488,260,0.41915932297706604,0.0,0.0,0.0,1.0
1489,260,0.27959492802619934,0.0,0.0,0.0,1.0
1490,16,0.10838714987039566,0.0,0.6000000238418579,0.4000000059604645,0.0
1491,226,0.37926220893859863,0.0,0.10000000149011612,0.0,0.8999999761581421
1492,0,0.8321309089660645,0.0,0.6000000238418579,0.20000000298023224,0.20000000298023224
1493,0,0.3059696555137634,0.0,0.6000000238418579,0.20000000298023224,0.20000000298023224
1494,0,0.996113657951355,0.0,0.6000000238418579,0.20000000298023224,0.20000000298023224
1495,175,0.4809090197086334,0.10000000149011612,0.0,0.20000000298023224,0.699999988079071
1496,39,0.9147553443908691,0.0,0.30000001192092896,0.4000000059604645,0.30000001192092896
1497,0,0.3288690447807312,0.0,0.6000000238418579,0.20000000298023224,0.20000000298023224
1498,209,0.8748221397399902,0.5,0.0,0.20000000298023224,0.30000001192092896
1499,0,0.4995715022087097,0.0,0.6000000238418579,0.20000000298023224,0.20000000298023224
1500,98,0.7757203578948975,0.20000000298023224,0.800000011920929,0.0,0.0
1501,0,0.7977718710899353,0.0,0.6000000238418579,0.20000000298023224,0.20000000298023224
1502,0,0.4825015962123871,0.0,0.6000000238418579,0.20000000298023224,0.20000000298023224
1503,260,0.4809398651123047,0.0,0.0,0.0,1.0
1504,223,0.6539085507392883,0.6000000238418579,0.4000000059604645,0.0,0.0
1505,234,0.6865872144699097,0.20000000298023224,0.10000000149011612,0.0,0.699999988079071
1506,235,0.6583077907562256,0.20000000298023224,0.10000000149011612,0.699999988079071,0.0
1507,285,0.5367010831832886,1.0,0.0,0.0,0.0
1508,0,1.0,0.0,0.6000000238418579,0.20000000298023224,0.20000000298023224
1509,81,0.7357655763626099,0.0,1.0,0.0,0.0
1510,285,0.3139548897743225,1.0,0.0,0.0,0.0
1511,285,0.301969051361084,1.0,0.0,0.0,0.0
1512,225,0.6606345772743225,0.0,0.0,0.8999999761581421,0.10000000149011612
1513,0,1.0,0.0,0.6000000238418579,0.20000000298023224,0.20000000298023224
1514,268,0.4076244831085205,0.4000000059604645,0.0,0.0,0.6000000238418579
1515,0,1.0,0.0,0.6000000238418579,0.20000000298023224,0.20000000298023224
1516,260,0.45203205943107605,0.0,0.0,0.0,1.0
1517,225,0.3292698264122009,0.0,0.0,0.8999999761581421,0.10000000149011612
1518,184,0.43112102150917053,0.10000000149011612,0.20000000298023224,0.699999988079071,0.0
1519,0,0.41876593232154846,0.0,0.6000000238418579,0.20000000298023224,0.20000000298023224
1520,229,0.8689326643943787,0.10000000149011612,0.0,0.800000011920929,0.10000000149011612
1521,0,0.9996811151504517,0.0,0.6000000238418579,0.20000000298023224,0.20000000298023224
1522,0,0.4566027522087097,0.0,0.6000000238418579,0.20000000298023224,0.20000000298023224
1523,285,0.9417228102684021,1.0,0.0,0.0,0.0
1524,285,0.7152622938156128,1.0,0.0,0.0,0.0
1525,0,0.9053930044174194,0.0,0.6000000238418579,0.20000000298023224,0.20000000298023224
1526,0,1.0,0.0,0.6000000238418579,0.20000000298023224,0.20000000298023224
1527,0,1.0,0.0,0.6000000238418579,0.20000000298023224,0.20000000298023224
1528,0,0.49377191066741943,0.0,0.6000000238418579,0.20000000298023224,0.20000000298023224
1529,43,0.41841718554496765,0.0,0.5,0.0,0.5
1530,285,0.35024499893188477,1.0,0.0,0.0,0.0
1531,0,0.4659698009490967,0.0,0.6000000238418579,0.20000000298023224,0.20000000298023224
1532,260,0.8083335161209106,0.0,0.0,0.0,1.0
1533,282,0.2780640125274658,0.8999999761581421,0.0,0.0,0.10000000149011612
1534,0,0.5909398794174194,0.0,0.6000000238418579,0.20000000298023224,0.20000000298023224
1535,257,0.6690401434898376,0.699999988079071,0.20000000298023224,0.0,0.10000000149011612
1536,0,0.4933035671710968,0.0,0.6000000238418579,0.20000000298023224,0.20000000298023224
1537,284,0.38320669531822205,0.8999999761581421,0.10000000149011612,0.0,0.0
1538,226,0.37961113452911377,0.0,0.10000000149011612,0.0,0.8999999761581421
1539,0,1.0,0.0,0.6000000238418579,0.20000000298023224,0.20000000298023224
1540,260,0.4768727719783783,0.0,0.0,0.0,1.0
1541,0,0.21619898080825806,0.0,0.6000000238418579,0.20000000298023224,0.20000000298023224
1542,270,0.44679751992225647,0.5,0.0,0.0,0.5
1543,0,1.0,0.0,0.6000000238418579,0.20000000298023224,0.20000000298023224
1544,260,0.02935311570763588,0.0,0.0,0.0,1.0
1545,260,0.4670616090297699,0.0,0.0,0.0,1.0
1546,0,1.0,0.0,0.6000000238418579,0.20000000298023224,0.20000000298023224
1547,0,1.0,0.0,0.6000000238418579,0.20000000298023224,0.20000000298023224
1548,242,0.4884222149848938,0.4000000059604645,0.10000000149011612,0.0,0.5
1549,7,0.31277236342430115,0.10000000149011612,0.5,0.20000000298023224,0.20000000298023224
1550,98,0.35132908821105957,0.20000000298023224,0.800000011920929,0.0,0.0
1551,124,0.6194238662719727,0.0,0.30000001192092896,0.699999988079071,0.0
1552,18,0.6305446624755859,0.0,0.699999988079071,0.30000001192092896,0.0
1553,285,0.8077091574668884,1.0,0.0,0.0,0.0
1554,0,1.0,0.0,0.6000000238418579,0.20000000298023224,0.20000000298023224
1555,0,1.0,0.0,0.6000000238418579,0.20000000298023224,0.20000000298023224
1556,0,1.0,0.0,0.6000000238418579,0.20000000298023224,0.20000000298023224
1557,0,1.0,0.0,0.6000000238418579,0.20000000298023224,0.20000000298023224
1558,0,0.40036073327064514,0.0,0.6000000238418579,0.20000000298023224,0.20000000298023224
1559,261,0.7370246648788452,0.0,0.0,1.0,0.0
1560,175,0.17820370197296143,0.10000000149011612,0.0,0.20000000298023224,0.699999988079071
1561,0,1.0,0.0,0.6000000238418579,0.20000000298023224,0.20000000298023224
1562,282,0.47081801295280457,0.8999999761581421,0.0,0.0,0.10000000149011612
1563,285,0.1550394743680954,1.0,0.0,0.0,0.0
1564,183,0.5868533849716187,0.10000000149011612,0.20000000298023224,0.0,0.699999988079071
1565,0,1.0,0.0,0.6000000238418579,0.20000000298023224,0.20000000298023224
1566,0,1.0,0.0,0.6000000238418579,0.20000000298023224,0.20000000298023224
1567,0,0.9942004084587097,0.0,0.6000000238418579,0.20000000298023224,0.20000000298023224
1568,81,0.4360056221485138,0.0,1.0,0.0,0.0
1569,0,0.4996512234210968,0.0,0.6000000238418579,0.20000000298023224,0.20000000298023224
1570,169,0.40109848976135254,0.0,0.0,0.699999988079071,0.30000001192092896
1571,0,0.3040231764316559,0.0,0.6000000238418579,0.20000000298023224,0.20000000298023224
1572,0,0.4997807741165161,0.0,0.6000000238418579,0.20000000298023224,0.20000000298023224
1573,272,0.6097262501716614,0.6000000238418579,0.0,0.0,0.4000000059604645
1574,260,0.35411229729652405,0.0,0.0,0.0,1.0
1575,62,0.5278579592704773,0.20000000298023224,0.699999988079071,0.0,0.10000000149011612
1576,0,0.0,0.0,0.6000000238418579,0.20000000298023224,0.20000000298023224
1577,97,0.535179853439331,0.20000000298023224,0.4000000059604645,0.4000000059604645,0.0
1578,0,0.41339483857154846,0.0,0.6000000238418579,0.20000000298023224,0.20000000298023224
1579,0,0.4894869923591614,0.0,0.6000000238418579,0.20000000298023224,0.20000000298023224
1580,0,1.0,0.0,0.6000000238418579,0.20000000298023224,0.20000000298023224
1581,260,0.7196347117424011,0.0,0.0,0.0,1.0
1582,261,0.4706326127052307,0.0,0.0,1.0,0.0
1583,0,1.0,0.0,0.6000000238418579,0.20000000298023224,0.20000000298023224
1584,285,0.4205752909183502,1.0,0.0,0.0,0.0
1585,176,0.7789129018783569,0.10000000149011612,0.0,0.30000001192092896,0.6000000238418579
1586,174,0.07202792167663574,0.0,0.20000000298023224,0.800000011920929,0.0
1587,0,0.49759843945503235,0.0,0.6000000238418579,0.20000000298023224,0.20000000298023224
1588,0,0.0,0.0,0.6000000238418579,0.20000000298023224,0.20000000298023224
1589,0,1.0,0.0,0.6000000238418579,0.20000000298023224,0.20000000298023224
1590,0,0.46954718232154846,0.0,0.6000000238418579,0.20000000298023224,0.20000000298023224
1591,0,1.0,0.0,0.6000000238418579,0.20000000298023224,0.20000000298023224
1592,0,0.9815250039100647,0.0,0.6000000238418579,0.20000000298023224,0.20000000298023224
1593,0,0.49878427386283875,0.0,0.6000000238418579,0.20000000298023224,0.20000000298023224
1594,0,1.0,0.0,0.6000000238418579,0.20000000298023224,0.20000000298023224
1595,261,0.4189850687980652,0.0,0.0,1.0,0.0
1596,114,0.371199369430542,0.4000000059604645,0.6000000238418579,0.0,0.0
1597,0,0.4987543821334839,0.0,0.6000000238418579,0.20000000298023224,0.20000000298023224
1598,0,1.0,0.0,0.6000000238418579,0.20000000298023224,0.20000000298023224
1599,105,0.7565710544586182,0.30000001192092896,0.699999988079071,0.0,0.0
1600,0,1.0,0.0,0.6000000238418579,0.20000000298023224,0.20000000298023224
1601,17,0.7344117164611816,0.0,0.699999988079071,0.0,0.30000001192092896
1602,285,0.35781148076057434,1.0,0.0,0.0,0.0
1603,0,0.25779256224632263,0.0,0.6000000238418579,0.20000000298023224,0.20000000298023224
1604,0,1.0,0.0,0.6000000238418579,0.20000000298023224,0.20000000298023224
1605,0,1.0,0.0,0.6000000238418579,0.20000000298023224,0.20000000298023224
1606,140,0.512464165687561,0.20000000298023224,0.30000001192092896,0.0,0.5
1607,218,0.8301810622215271,0.6000000238418579,0.20000000298023224,0.0,0.20000000298023224
1608,261,0.6835595965385437,0.0,0.0,1.0,0.0
1609,261,0.1527753323316574,0.0,0.0,1.0,0.0
1610,260,0.28179115056991577,0.0,0.0,0.0,1.0
1611,175,0.3893732726573944,0.10000000149011612,0.0,0.20000000298023224,0.699999988079071
1612,285,0.02582908235490322,1.0,0.0,0.0,0.0
1613,265,0.5880086421966553,0.20000000298023224,0.0,0.800000011920929,0.0
1614,0,1.0,0.0,0.6000000238418579,0.20000000298023224,0.20000000298023224
1615,0,1.0,0.0,0.6000000238418579,0.20000000298023224,0.20000000298023224
1616,81,0.6533524394035339,0.0,1.0,0.0,0.0
1617,0,1.0,0.0,0.6000000238418579,0.20000000298023224,0.20000000298023224
1618,0,0.49927255511283875,0.0,0.6000000238418579,0.20000000298023224,0.20000000298023224
1619,0,0.1794682741165161,0.0,0.6000000238418579,0.20000000298023224,0.20000000298023224
1620,165,0.20011430978775024,0.0,0.0,0.30000001192092896,0.699999988079071
1621,0,0.9487603902816772,0.0,0.6000000238418579,0.20000000298023224,0.20000000298023224
1622,226,0.7246138453483582,0.0,0.10000000149011612,0.0,0.8999999761581421
1623,285,0.5815987586975098,1.0,0.0,0.0,0.0
1624,169,0.5081114768981934,0.0,0.0,0.699999988079071,0.30000001192092896
1625,0,0.42477479577064514,0.0,0.6000000238418579,0.20000000298023224,0.20000000298023224
1626,0,1.0,0.0,0.6000000238418579,0.20000000298023224,0.20000000298023224
1627,0,0.1229538694024086,0.0,0.6000000238418579,0.20000000298023224,0.20000000298023224
1628,262,0.8006815910339355,0.10000000149011612,0.0,0.0,0.8999999761581421
1629,261,0.4929620027542114,0.0,0.0,1.0,0.0
1630,0,1.0,0.0,0.6000000238418579,0.20000000298023224,0.20000000298023224
1631,124,0.30109748244285583,0.0,0.30000001192092896,0.699999988079071,0.0
1632,168,0.6015557646751404,0.0,0.0,0.6000000238418579,0.4000000059604645
1633,0,0.4955257475376129,0.0,0.6000000238418579,0.20000000298023224,0.20000000298023224
1634,0,0.3790557384490967,0.0,0.6000000238418579,0.20000000298023224,0.20000000298023224
1635,0,1.0,0.0,0.6000000238418579,0.20000000298023224,0.20000000298023224
1636,22,0.6037071943283081,0.10000000149011612,0.4000000059604645,0.20000000298023224,0.30000001192092896
1637,0,1.0,0.0,0.6000000238418579,0.20000000298023224,0.20000000298023224
1638,0,1.0,0.0,0.6000000238418579,0.20000000298023224,0.20000000298023224
1639,0,1.0,0.0,0.6000000238418579,0.20000000298023224,0.20000000298023224
1640,0,0.4919682741165161,0.0,0.6000000238418579,0.20000000298023224,0.20000000298023224
1641,0,1.0,0.0,0.6000000238418579,0.20000000298023224,0.20000000298023224
1642,285,0.20887459814548492,1.0,0.0,0.0,0.0
1643,164,0.37842535972595215,0.0,0.0,0.20000000298023224,0.800000011920929
1644,0,0.8031130433082581,0.0,0.6000000238418579,0.20000000298023224,0.20000000298023224
1645,285,0.7849171161651611,1.0,0.0,0.0,0.0
1646,285,0.41878652572631836,1.0,0.0,0.0,0.0
1647,285,0.33172163367271423,1.0,0.0,0.0,0.0
1648,285,0.5115558505058289,1.0,0.0,0.0,0.0
1649,0,1.0,0.0,0.6000000238418579,0.20000000298023224,0.20000000298023224
1650,0,1.0,0.0,0.6000000238418579,0.20000000298023224,0.20000000298023224
1651,260,0.3108117878437042,0.0,0.0,0.0,1.0
1652,81,0.3900828957557678,0.0,1.0,0.0,0.0
1653,0,1.0,0.0,0.6000000238418579,0.20000000298023224,0.20000000298023224
1654,285,0.5619613528251648,1.0,0.0,0.0,0.0
1655,0,0.41087284684181213,0.0,0.6000000238418579,0.20000000298023224,0.20000000298023224
1656,285,0.5018072724342346,1.0,0.0,0.0,0.0
1657,259,0.41563183069229126,0.699999988079071,0.30000001192092896,0.0,0.0
1658,0,0.4572405219078064,0.0,0.6000000238418579,0.20000000298023224,0.20000000298023224
1659,0,1.0,0.0,0.6000000238418579,0.20000000298023224,0.20000000298023224
1660,262,0.4885365068912506,0.10000000149011612,0.0,0.0,0.8999999761581421
1661,285,0.27626004815101624,1.0,0.0,0.0,0.0
1662,283,0.2880488932132721,0.8999999761581421,0.0,0.10000000149011612,0.0
1663,260,0.3656623661518097,0.0,0.0,0.0,1.0
1664,0,0.49723970890045166,0.0,0.6000000238418579,0.20000000298023224,0.20000000298023224
1665,0,1.0,0.0,0.6000000238418579,0.20000000298023224,0.20000000298023224
1666,0,0.24913305044174194,0.0,0.6000000238418579,0.20000000298023224,0.20000000298023224
1667,0,0.4022939205169678,0.0,0.6000000238418579,0.20000000298023224,0.20000000298023224
1668,285,0.46954619884490967,1.0,0.0,0.0,0.0
1669,0,1.0,0.0,0.6000000238418579,0.20000000298023224,0.20000000298023224
1670,28,0.49803152680397034,0.10000000149011612,0.699999988079071,0.0,0.20000000298023224
1671,0,1.0,0.0,0.6000000238418579,0.20000000298023224,0.20000000298023224
1672,0,0.028728874400258064,0.0,0.6000000238418579,0.20000000298023224,0.20000000298023224
1673,260,0.36857870221138,0.0,0.0,0.0,1.0
1674,0,1.0,0.0,0.6000000238418579,0.20000000298023224,0.20000000298023224
1675,0,1.0,0.0,0.6000000238418579,0.20000000298023224,0.20000000298023224
1676,285,0.8629252314567566,1.0,0.0,0.0,0.0
1677,0,1.0,0.0,0.6000000238418579,0.20000000298023224,0.20000000298023224
1678,7,0.9397321343421936,0.10000000149011612,0.5,0.20000000298023224,0.20000000298023224
1679,271,0.6511778235435486,0.5,0.0,0.5,0.0
1680,0,1.0,0.0,0.6000000238418579,0.20000000298023224,0.20000000298023224
1681,0,1.0,0.0,0.6000000238418579,0.20000000298023224,0.20000000298023224
1682,46,0.5668501853942871,0.0,0.8999999761581421,0.10000000149011612,0.0
1683,81,0.5389121174812317,0.0,1.0,0.0,0.0
1684,0,0.3976702094078064,0.0,0.6000000238418579,0.20000000298023224,0.20000000298023224
1685,0,0.49927255511283875,0.0,0.6000000238418579,0.20000000298023224,0.20000000298023224
1686,260,0.40852031111717224,0.0,0.0,0.0,1.0
1687,81,0.2234339565038681,0.0,1.0,0.0,0.0
1688,81,0.748221218585968,0.0,1.0,0.0,0.0
1689,15,0.4871262311935425,0.0,0.6000000238418579,0.0,0.4000000059604645
1690,114,0.5997567176818848,0.4000000059604645,0.6000000238418579,0.0,0.0
1691,163,0.44161558151245117,0.5,0.5,0.0,0.0
1692,7,0.36882174015045166,0.10000000149011612,0.5,0.20000000298023224,0.20000000298023224
1693,0,1.0,0.0,0.6000000238418579,0.20000000298023224,0.20000000298023224
1694,0,0.2508968412876129,0.0,0.6000000238418579,0.20000000298023224,0.20000000298023224
1695,0,1.0,0.0,0.6000000238418579,0.20000000298023224,0.20000000298023224
1696,0,1.0,0.0,0.6000000238418579,0.20000000298023224,0.20000000298023224
1697,0,1.0,0.0,0.6000000238418579,0.20000000298023224,0.20000000298023224
1698,81,0.21482215821743011,0.0,1.0,0.0,0.0
1699,0,1.0,0.0,0.6000000238418579,0.20000000298023224,0.20000000298023224
1700,0,0.4838269352912903,0.0,0.6000000238418579,0.20000000298023224,0.20000000298023224
1701,281,0.27471044659614563,0.800000011920929,0.20000000298023224,0.0,0.0
1702,281,0.5049906969070435,0.800000011920929,0.20000000298023224,0.0,0.0
1703,0,1.0,0.0,0.6000000238418579,0.20000000298023224,0.20000000298023224
1704,7,0.33396443724632263,0.10000000149011612,0.5,0.20000000298023224,0.20000000298023224
1705,0,1.0,0.0,0.6000000238418579,0.20000000298023224,0.20000000298023224
1706,0,1.0,0.0,0.6000000238418579,0.20000000298023224,0.20000000298023224
1707,0,1.0,0.0,0.6000000238418579,0.20000000298023224,0.20000000298023224
1708,179,0.6107490658760071,0.10000000149011612,0.0,0.6000000238418579,0.30000001192092896
1709,81,0.48911744356155396,0.0,1.0,0.0,0.0
1710,81,0.283141165971756,0.0,1.0,0.0,0.0
1711,7,1.0,0.10000000149011612,0.5,0.20000000298023224,0.20000000298023224
1712,285,0.7995375990867615,1.0,0.0,0.0,0.0
1713,0,0.31231066584587097,0.0,0.6000000238418579,0.20000000298023224,0.20000000298023224
1714,0,1.0,0.0,0.6000000238418579,0.20000000298023224,0.20000000298023224
1715,261,0.45420753955841064,0.0,0.0,1.0,0.0
1716,0,0.49613359570503235,0.0,0.6000000238418579,0.20000000298023224,0.20000000298023224
1717,0,0.4847337305545807,0.0,0.6000000238418579,0.20000000298023224,0.20000000298023224
1718,0,1.0,0.0,0.6000000238418579,0.20000000298023224,0.20000000298023224
1719,285,0.6710907816886902,1.0,0.0,0.0,0.0
1720,114,0.7937598824501038,0.4000000059604645,0.6000000238418579,0.0,0.0
1721,0,1.0,0.0,0.6000000238418579,0.20000000298023224,0.20000000298023224
1722,89,0.35291361808776855,0.10000000149011612,0.4000000059604645,0.5,0.0
1723,0,1.0,0.0,0.6000000238418579,0.20000000298023224,0.20000000298023224
1724,164,0.6707382202148438,0.0,0.0,0.20000000298023224,0.800000011920929
1725,81,0.24762117862701416,0.0,1.0,0.0,0.0
1726,0,0.2527569532394409,0.0,0.6000000238418579,0.20000000298023224,0.20000000298023224
1727,264,0.4214031994342804,0.20000000298023224,0.0,0.0,0.800000011920929
1728,81,0.09258595108985901,0.0,1.0,0.0,0.0
1729,0,0.47002550959587097,0.0,0.6000000238418579,0.20000000298023224,0.20000000298023224
1730,0,1.0,0.0,0.6000000238418579,0.20000000298023224,0.20000000298023224
1731,81,0.46117740869522095,0.0,1.0,0.0,0.0
1732,0,0.9433992505073547,0.0,0.6000000238418579,0.20000000298023224,0.20000000298023224
1733,269,0.27862390875816345,0.4000000059604645,0.0,0.6000000238418579,0.0
1734,261,0.41334959864616394,0.0,0.0,1.0,0.0
1735,282,0.4449464976787567,0.8999999761581421,0.0,0.0,0.10000000149011612
1736,0,0.999043345451355,0.0,0.6000000238418579,0.20000000298023224,0.20000000298023224
1737,260,0.5672783255577087,0.0,0.0,0.0,1.0
1738,271,0.5102895498275757,0.5,0.0,0.5,0.0
1739,0,0.4555763602256775,0.0,0.6000000238418579,0.20000000298023224,0.20000000298023224
1740,0,0.43468987941741943,0.0,0.6000000238418579,0.20000000298023224,0.20000000298023224
1741,124,0.43045538663864136,0.0,0.30000001192092896,0.699999988079071,0.0
1742,226,0.48695483803749084,0.0,0.10000000149011612,0.0,0.8999999761581421
1743,0,1.0,0.0,0.6000000238418579,0.20000000298023224,0.20000000298023224
1744,0,1.0,0.0,0.6000000238418579,0.20000000298023224,0.20000000298023224
1745,260,0.3293471932411194,0.0,0.0,0.0,1.0
1746,228,0.7264453172683716,0.10000000149011612,0.0,0.10000000149011612,0.800000011920929
1747,164,0.3605855107307434,0.0,0.0,0.20000000298023224,0.800000011920929
1748,261,0.3924641013145447,0.0,0.0,1.0,0.0
1749,0,0.07272401452064514,0.0,0.6000000238418579,0.20000000298023224,0.20000000298023224
1750,64,0.6248764991760254,0.30000001192092896,0.30000001192092896,0.20000000298023224,0.20000000298023224
1751,0,0.47039422392845154,0.0,0.6000000238418579,0.20000000298023224,0.20000000298023224
1752,0,0.2787189185619354,0.0,0.6000000238418579,0.20000000298023224,0.20000000298023224
1753,0,1.0,0.0,0.6000000238418579,0.20000000298023224,0.20000000298023224
1754,0,1.0,0.0,0.6000000238418579,0.20000000298023224,0.20000000298023224
1755,285,0.36400482058525085,1.0,0.0,0.0,0.0
1756,81,0.5664151906967163,0.0,1.0,0.0,0.0
1757,0,1.0,0.0,0.6000000238418579,0.20000000298023224,0.20000000298023224
1758,81,0.404508501291275,0.0,1.0,0.0,0.0
1759,0,0.45699140429496765,0.0,0.6000000238418579,0.20000000298023224,0.20000000298023224
1760,0,0.47275590896606445,0.0,0.6000000238418579,0.20000000298023224,0.20000000298023224
1761,285,0.3976067900657654,1.0,0.0,0.0,0.0
1762,28,0.5590231418609619,0.10000000149011612,0.699999988079071,0.0,0.20000000298023224
1763,0,1.0,0.0,0.6000000238418579,0.20000000298023224,0.20000000298023224
1764,285,0.31237655878067017,1.0,0.0,0.0,0.0
1765,260,0.21581308543682098,0.0,0.0,0.0,1.0
1766,0,1.0,0.0,0.6000000238418579,0.20000000298023224,0.20000000298023224
1767,0,0.43606504797935486,0.0,0.6000000238418579,0.20000000298023224,0.20000000298023224
1768,0,0.3439862132072449,0.0,0.6000000238418579,0.20000000298023224,0.20000000298023224
1769,0,1.0,0.0,0.6000000238418579,0.20000000298023224,0.20000000298023224
1770,0,1.0,0.0,0.6000000238418579,0.20000000298023224,0.20000000298023224
1771,7,0.9665178656578064,0.10000000149011612,0.5,0.20000000298023224,0.20000000298023224
1772,0,0.46691644191741943,0.0,0.6000000238418579,0.20000000298023224,0.20000000298023224
1773,285,0.5923900008201599,1.0,0.0,0.0,0.0
1774,0,0.3758370578289032,0.0,0.6000000238418579,0.20000000298023224,0.20000000298023224
1775,281,0.428491473197937,0.800000011920929,0.20000000298023224,0.0,0.0
1776,81,0.47011280059814453,0.0,1.0,0.0,0.0
1777,169,0.46570613980293274,0.0,0.0,0.699999988079071,0.30000001192092896
1778,261,0.2481442540884018,0.0,0.0,1.0,0.0
1779,0,0.3068399131298065,0.0,0.6000000238418579,0.20000000298023224,0.20000000298023224
1780,260,0.1623935103416443,0.0,0.0,0.0,1.0
1781,261,0.42761358618736267,0.0,0.0,1.0,0.0
1782,270,0.901147186756134,0.5,0.0,0.0,0.5
1783,0,0.38327088952064514,0.0,0.6000000238418579,0.20000000298023224,0.20000000298023224
1784,21,0.10134539008140564,0.0,0.800000011920929,0.20000000298023224,0.0
1785,0,1.0,0.0,0.6000000238418579,0.20000000298023224,0.20000000298023224
1786,17,0.7089999318122864,0.0,0.699999988079071,0.0,0.30000001192092896
1787,223,0.6910975575447083,0.6000000238418579,0.4000000059604645,0.0,0.0
1788,0,0.49381178617477417,0.0,0.6000000238418579,0.20000000298023224,0.20000000298023224
1789,0,0.4886997640132904,0.0,0.6000000238418579,0.20000000298023224,0.20000000298023224
1790,0,1.0,0.0,0.6000000238418579,0.20000000298023224,0.20000000298023224
1791,268,0.32533636689186096,0.4000000059604645,0.0,0.0,0.6000000238418579
1792,90,0.49933117628097534,0.10000000149011612,0.8999999761581421,0.0,0.0
1793,88,0.8901504278182983,0.10000000149011612,0.4000000059604645,0.0,0.5
1794,262,0.5479608178138733,0.10000000149011612,0.0,0.0,0.8999999761581421
1795,206,0.6533841490745544,0.4000000059604645,0.10000000149011612,0.4000000059604645,0.10000000149011612
1796,0,0.3837890625,0.0,0.6000000238418579,0.20000000298023224,0.20000000298023224
1797,285,0.5094039440155029,1.0,0.0,0.0,0.0
1798,7,0.4968012571334839,0.10000000149011612,0.5,0.20000000298023224,0.20000000298023224
1799,44,0.8887227773666382,0.0,0.5,0.5,0.0
1800,0,0.9999203085899353,0.0,0.6000000238418579,0.20000000298023224,0.20000000298023224
1801,0,0.4993124306201935,0.0,0.6000000238418579,0.20000000298023224,0.20000000298023224
1802,0,1.0,0.0,0.6000000238418579,0.20000000298023224,0.20000000298023224
1803,0,1.0,0.0,0.6000000238418579,0.20000000298023224,0.20000000298023224
1804,0,1.0,0.0,0.6000000238418579,0.20000000298023224,0.20000000298023224
1805,261,0.7010323405265808,0.0,0.0,1.0,0.0
1806,7,0.9937818646430969,0.10000000149011612,0.5,0.20000000298023224,0.20000000298023224
1807,0,0.4810168147087097,0.0,0.6000000238418579,0.20000000298023224,0.20000000298023224
1808,71,0.6657304763793945,0.30000001192092896,0.6000000238418579,0.10000000149011612,0.0
1809,0,0.8125398755073547,0.0,0.6000000238418579,0.20000000298023224,0.20000000298023224
1810,0,0.4605388939380646,0.0,0.6000000238418579,0.20000000298023224,0.20000000298023224
1811,81,0.6599265336990356,0.0,1.0,0.0,0.0
1812,0,1.0,0.0,0.6000000238418579,0.20000000298023224,0.20000000298023224
1813,224,0.6952527165412903,0.0,0.0,0.10000000149011612,0.8999999761581421
1814,0,1.0,0.0,0.6000000238418579,0.20000000298023224,0.20000000298023224
1815,0,0.4287707209587097,0.0,0.6000000238418579,0.20000000298023224,0.20000000298023224
1816,0,1.0,0.0,0.6000000238418579,0.20000000298023224,0.20000000298023224
1817,80,0.8940200805664062,0.0,0.4000000059604645,0.6000000238418579,0.0
1818,0,1.0,0.0,0.6000000238418579,0.20000000298023224,0.20000000298023224
1819,0,0.42651864886283875,0.0,0.6000000238418579,0.20000000298023224,0.20000000298023224
1820,0,1.0,0.0,0.6000000238418579,0.20000000298023224,0.20000000298023224
1821,0,1.0,0.0,0.6000000238418579,0.20000000298023224,0.20000000298023224
1822,271,0.7577794790267944,0.5,0.0,0.5,0.0
1823,285,0.42950674891471863,1.0,0.0,0.0,0.0
1824,285,0.3065401315689087,1.0,0.0,0.0,0.0
1825,81,0.24059940874576569,0.0,1.0,0.0,0.0
1826,263,0.8607113361358643,0.10000000149011612,0.0,0.8999999761581421,0.0
1827,261,0.6555233597755432,0.0,0.0,1.0,0.0
1828,261,0.6561403870582581,0.0,0.0,1.0,0.0
1829,0,0.0544782355427742,0.0,0.6000000238418579,0.20000000298023224,0.20000000298023224
1830,0,1.0,0.0,0.6000000238418579,0.20000000298023224,0.20000000298023224
1831,264,0.4735492467880249,0.20000000298023224,0.0,0.0,0.800000011920929
1832,0,0.4965720772743225,0.0,0.6000000238418579,0.20000000298023224,0.20000000298023224
1833,0,1.0,0.0,0.6000000238418579,0.20000000298023224,0.20000000298023224
1834,260,0.6576034426689148,0.0,0.0,0.0,1.0
1835,67,0.7757676839828491,0.30000001192092896,0.5,0.0,0.20000000298023224
1836,21,0.9011214971542358,0.0,0.800000011920929,0.20000000298023224,0.0
1837,0,0.30444833636283875,0.0,0.6000000238418579,0.20000000298023224,0.20000000298023224
1838,90,0.4151843190193176,0.10000000149011612,0.8999999761581421,0.0,0.0
1839,261,0.5970132946968079,0.0,0.0,1.0,0.0
1840,168,0.7399522066116333,0.0,0.0,0.6000000238418579,0.4000000059604645
1841,278,0.8325592279434204,0.800000011920929,0.0,0.20000000298023224,0.0
1842,0,0.4811065196990967,0.0,0.6000000238418579,0.20000000298023224,0.20000000298023224
1843,0,1.0,0.0,0.6000000238418579,0.20000000298023224,0.20000000298023224
1844,0,1.0,0.0,0.6000000238418579,0.20000000298023224,0.20000000298023224
1845,262,0.44192442297935486,0.10000000149011612,0.0,0.0,0.8999999761581421
1846,0,0.44240275025367737,0.0,0.6000000238418579,0.20000000298023224,0.20000000298023224
1847,285,0.43767789006233215,1.0,0.0,0.0,0.0
1848,164,0.6103224158287048,0.0,0.0,0.20000000298023224,0.800000011920929
1849,133,0.6816768050193787,0.10000000149011612,0.30000001192092896,0.6000000238418579,0.0
1850,90,0.8371867537498474,0.10000000149011612,0.8999999761581421,0.0,0.0
1851,0,0.25402581691741943,0.0,0.6000000238418579,0.20000000298023224,0.20000000298023224
1852,285,0.598068356513977,1.0,0.0,0.0,0.0
1853,285,0.5122921466827393,1.0,0.0,0.0,0.0
1854,0,0.48245176672935486,0.0,0.6000000238418579,0.20000000298023224,0.20000000298023224
1855,0,0.4027523100376129,0.0,0.6000000238418579,0.20000000298023224,0.20000000298023224
1856,165,0.6532696485519409,0.0,0.0,0.30000001192092896,0.699999988079071
1857,282,0.7161341309547424,0.8999999761581421,0.0,0.0,0.10000000149011612
1858,46,0.9614778757095337,0.0,0.8999999761581421,0.10000000149011612,0.0
1859,81,0.45287981629371643,0.0,1.0,0.0,0.0
1860,281,0.36099135875701904,0.800000011920929,0.20000000298023224,0.0,0.0
1861,81,0.7576049566268921,0.0,1.0,0.0,0.0
1862,285,0.5104154348373413,1.0,0.0,0.0,0.0
1863,0,1.0,0.0,0.6000000238418579,0.20000000298023224,0.20000000298023224
1864,262,0.5874831080436707,0.10000000149011612,0.0,0.0,0.8999999761581421
1865,258,0.8344851732254028,0.699999988079071,0.20000000298023224,0.10000000149011612,0.0
1866,0,1.0,0.0,0.6000000238418579,0.20000000298023224,0.20000000298023224
1867,262,0.20639657974243164,0.10000000149011612,0.0,0.0,0.8999999761581421
1868,0,0.49823620915412903,0.0,0.6000000238418579,0.20000000298023224,0.20000000298023224
1869,174,0.44606494903564453,0.0,0.20000000298023224,0.800000011920929,0.0
1870,0,0.9996811151504517,0.0,0.6000000238418579,0.20000000298023224,0.20000000298023224
1871,261,0.4573555588722229,0.0,0.0,1.0,0.0
1872,260,0.2946215569972992,0.0,0.0,0.0,1.0
1873,81,0.8225105404853821,0.0,1.0,0.0,0.0
1874,7,0.993144154548645,0.10000000149011612,0.5,0.20000000298023224,0.20000000298023224
1875,0,1.0,0.0,0.6000000238418579,0.20000000298023224,0.20000000298023224
1876,0,1.0,0.0,0.6000000238418579,0.20000000298023224,0.20000000298023224
1877,0,1.0,0.0,0.6000000238418579,0.20000000298023224,0.20000000298023224
1878,7,0.9909917116165161,0.10000000149011612,0.5,0.20000000298023224,0.20000000298023224
1879,0,1.0,0.0,0.6000000238418579,0.20000000298023224,0.20000000298023224
1880,0,1.0,0.0,0.6000000238418579,0.20000000298023224,0.20000000298023224
1881,0,1.0,0.0,0.6000000238418579,0.20000000298023224,0.20000000298023224
1882,0,0.4231903553009033,0.0,0.6000000238418579,0.20000000298023224,0.20000000298023224
1883,98,0.3390851318836212,0.20000000298023224,0.800000011920929,0.0,0.0
1884,0,0.9970703125,0.0,0.6000000238418579,0.20000000298023224,0.20000000298023224
1885,81,0.5688472390174866,0.0,1.0,0.0,0.0
1886,7,0.9725167155265808,0.10000000149011612,0.5,0.20000000298023224,0.20000000298023224
1887,0,1.0,0.0,0.6000000238418579,0.20000000298023224,0.20000000298023224
1888,0,1.0,0.0,0.6000000238418579,0.20000000298023224,0.20000000298023224
1889,0,0.20788823068141937,0.0,0.6000000238418579,0.20000000298023224,0.20000000298023224
1890,0,0.49479830265045166,0.0,0.6000000238418579,0.20000000298023224,0.20000000298023224
1891,0,0.41514867544174194,0.0,0.6000000238418579,0.20000000298023224,0.20000000298023224
1892,0,1.0,0.0,0.6000000238418579,0.20000000298023224,0.20000000298023224
1893,247,0.9105361104011536,0.5,0.10000000149011612,0.4000000059604645,0.0
1894,227,0.9373387694358826,0.0,0.10000000149011612,0.8999999761581421,0.0
1895,285,0.3193136751651764,1.0,0.0,0.0,0.0
1896,263,0.5050079822540283,0.10000000149011612,0.0,0.8999999761581421,0.0
1897,285,0.5771472454071045,1.0,0.0,0.0,0.0
1898,271,0.7188324928283691,0.5,0.0,0.5,0.0
1899,173,0.6922177672386169,0.0,0.20000000298023224,0.0,0.800000011920929
1900,260,0.2543826103210449,0.0,0.0,0.0,1.0
1901,80,0.8072965741157532,0.0,0.4000000059604645,0.6000000238418579,0.0
1902,262,0.3203035295009613,0.10000000149011612,0.0,0.0,0.8999999761581421
1903,0,1.0,0.0,0.6000000238418579,0.20000000298023224,0.20000000298023224
1904,261,0.32363778352737427,0.0,0.0,1.0,0.0
1905,0,0.4965222477912903,0.0,0.6000000238418579,0.20000000298023224,0.20000000298023224
1906,0,1.0,0.0,0.6000000238418579,0.20000000298023224,0.20000000298023224
1907,281,0.4522366225719452,0.800000011920929,0.20000000298023224,0.0,0.0
1908,81,0.3077945113182068,0.0,1.0,0.0,0.0
1909,272,0.6871849298477173,0.6000000238418579,0.0,0.0,0.4000000059604645
1910,0,1.0,0.0,0.6000000238418579,0.20000000298023224,0.20000000298023224
1911,15,0.4680303633213043,0.0,0.6000000238418579,0.0,0.4000000059604645
1912,260,0.05967774987220764,0.0,0.0,0.0,1.0
1913,0,1.0,0.0,0.6000000238418579,0.20000000298023224,0.20000000298023224
1914,276,0.3712567090988159,0.800000011920929,0.0,0.0,0.20000000298023224
1915,0,0.4904436469078064,0.0,0.6000000238418579,0.20000000298023224,0.20000000298023224
1916,0,0.9370416402816772,0.0,0.6000000238418579,0.20000000298023224,0.20000000298023224
1917,0,1.0,0.0,0.6000000238418579,0.20000000298023224,0.20000000298023224
1918,126,0.8581173419952393,0.10000000149011612,0.10000000149011612,0.30000001192092896,0.5
1919,0,1.0,0.0,0.6000000238418579,0.20000000298023224,0.20000000298023224
1920,285,0.3403868079185486,1.0,0.0,0.0,0.0
1921,105,0.7246887683868408,0.30000001192092896,0.699999988079071,0.0,0.0
1922,267,0.7874962687492371,0.30000001192092896,0.0,0.699999988079071,0.0
1923,285,0.5013527274131775,1.0,0.0,0.0,0.0
1924,263,0.29515764117240906,0.10000000149011612,0.0,0.8999999761581421,0.0
1925,0,0.0,0.0,0.6000000238418579,0.20000000298023224,0.20000000298023224
1926,0,1.0,0.0,0.6000000238418579,0.20000000298023224,0.20000000298023224
1927,0,0.49056321382522583,0.0,0.6000000238418579,0.20000000298023224,0.20000000298023224
1928,0,0.4973393678665161,0.0,0.6000000238418579,0.20000000298023224,0.20000000298023224
1929,0,1.0,0.0,0.6000000238418579,0.20000000298023224,0.20000000298023224
1930,0,1.0,0.0,0.6000000238418579,0.20000000298023224,0.20000000298023224
1931,0,0.49891382455825806,0.0,0.6000000238418579,0.20000000298023224,0.20000000298023224
1932,98,0.5274608731269836,0.20000000298023224,0.800000011920929,0.0,0.0
1933,0,1.0,0.0,0.6000000238418579,0.20000000298023224,0.20000000298023224
1934,40,0.44963017106056213,0.0,0.30000001192092896,0.5,0.20000000298023224
1935,284,0.4180248975753784,0.8999999761581421,0.10000000149011612,0.0,0.0
1936,226,0.4440116286277771,0.0,0.10000000149011612,0.0,0.8999999761581421
1937,260,0.6825695037841797,0.0,0.0,0.0,1.0
1938,79,0.6575251817703247,0.0,0.4000000059604645,0.0,0.6000000238418579
1939,81,0.21237003803253174,0.0,1.0,0.0,0.0
1940,0,0.9806481003761292,0.0,0.6000000238418579,0.20000000298023224,0.20000000298023224
1941,173,0.570382297039032,0.0,0.20000000298023224,0.0,0.800000011920929
1942,81,0.43453946709632874,0.0,1.0,0.0,0.0
1943,0,1.0,0.0,0.6000000238418579,0.20000000298023224,0.20000000298023224
1944,0,1.0,0.0,0.6000000238418579,0.20000000298023224,0.20000000298023224
1945,0,1.0,0.0,0.6000000238418579,0.20000000298023224,0.20000000298023224
1946,0,1.0,0.0,0.6000000238418579,0.20000000298023224,0.20000000298023224
1947,0,1.0,0.0,0.6000000238418579,0.20000000298023224,0.20000000298023224
1948,285,0.4789714515209198,1.0,0.0,0.0,0.0
1949,168,0.7839381098747253,0.0,0.0,0.6000000238418579,0.4000000059604645
1950,0,1.0,0.0,0.6000000238418579,0.20000000298023224,0.20000000298023224
1951,0,1.0,0.0,0.6000000238418579,0.20000000298023224,0.20000000298023224
1952,81,0.3844643831253052,0.0,1.0,0.0,0.0
1953,0,1.0,0.0,0.6000000238418579,0.20000000298023224,0.20000000298023224
1954,285,0.13396413624286652,1.0,0.0,0.0,0.0
1955,261,0.3182416260242462,0.0,0.0,1.0,0.0
1956,0,0.46537187695503235,0.0,0.6000000238418579,0.20000000298023224,0.20000000298023224
1957,44,0.8956325650215149,0.0,0.5,0.5,0.0
1958,0,0.4744798243045807,0.0,0.6000000238418579,0.20000000298023224,0.20000000298023224
1959,261,0.48272010684013367,0.0,0.0,1.0,0.0
1960,100,0.7413341999053955,0.30000001192092896,0.20000000298023224,0.30000001192092896,0.20000000298023224
1961,223,0.4100799858570099,0.6000000238418579,0.4000000059604645,0.0,0.0
1962,173,0.3420376181602478,0.0,0.20000000298023224,0.0,0.800000011920929
1963,260,0.4096201956272125,0.0,0.0,0.0,1.0
1964,81,0.5933831334114075,0.0,1.0,0.0,0.0
1965,0,0.04964524880051613,0.0,0.6000000238418579,0.20000000298023224,0.20000000298023224
1966,0,0.08483139425516129,0.0,0.6000000238418579,0.20000000298023224,0.20000000298023224
1967,269,0.3593273162841797,0.4000000059604645,0.0,0.6000000238418579,0.0
1968,285,0.21051542460918427,1.0,0.0,0.0,0.0
1969,0,1.0,0.0,0.6000000238418579,0.20000000298023224,0.20000000298023224
1970,0,0.49222734570503235,0.0,0.6000000238418579,0.20000000298023224,0.20000000298023224
1971,285,0.08617665618658066,1.0,0.0,0.0,0.0
1972,275,0.7020231485366821,0.699999988079071,0.0,0.30000001192092896,0.0
1973,261,0.4337816536426544,0.0,0.0,1.0,0.0
1974,81,0.6445168256759644,0.0,1.0,0.0,0.0
1975,0,0.4916394352912903,0.0,0.6000000238418579,0.20000000298023224,0.20000000298023224
1976,0,0.24005500972270966,0.0,0.6000000238418579,0.20000000298023224,0.20000000298023224
1977,0,0.4974888265132904,0.0,0.6000000238418579,0.20000000298023224,0.20000000298023224
1978,0,0.9762237071990967,0.0,0.6000000238418579,0.20000000298023224,0.20000000298023224
1979,285,0.3057660162448883,1.0,0.0,0.0,0.0
1980,0,0.10507679730653763,0.0,0.6000000238418579,0.20000000298023224,0.20000000298023224
1981,285,0.2840026021003723,1.0,0.0,0.0,0.0
1982,81,0.46777063608169556,0.0,1.0,0.0,0.0
1983,268,0.4115930497646332,0.4000000059604645,0.0,0.0,0.6000000238418579
1984,278,0.7124215960502625,0.800000011920929,0.0,0.20000000298023224,0.0
1985,16,0.5901597738265991,0.0,0.6000000238418579,0.4000000059604645,0.0
1986,0,0.9996811151504517,0.0,0.6000000238418579,0.20000000298023224,0.20000000298023224
1987,183,0.5723785161972046,0.10000000149011612,0.20000000298023224,0.0,0.699999988079071
1988,270,0.8225550651550293,0.5,0.0,0.0,0.5
1989,273,0.54343181848526,0.6000000238418579,0.0,0.4000000059604645,0.0
1990,269,0.5671550035476685,0.4000000059604645,0.0,0.6000000238418579,0.0
1991,0,0.3443777859210968,0.0,0.6000000238418579,0.20000000298023224,0.20000000298023224
1992,261,0.28749701380729675,0.0,0.0,1.0,0.0
1993,7,0.2668805718421936,0.10000000149011612,0.5,0.20000000298023224,0.20000000298023224
1994,0,1.0,0.0,0.6000000238418579,0.20000000298023224,0.20000000298023224
1995,0,0.3085837960243225,0.0,0.6000000238418579,0.20000000298023224,0.20000000298023224
1996,0,0.24413397908210754,0.0,0.6000000238418579,0.20000000298023224,0.20000000298023224
1997,269,0.5986799597740173,0.4000000059604645,0.0,0.6000000238418579,0.0
1998,261,0.7688594460487366,0.0,0.0,1.0,0.0
1999,285,0.36323755979537964,1.0,0.0,0.0,0.0
2000,285,0.3433551490306854,1.0,0.0,0.0,0.0
2001,285,0.5127873420715332,1.0,0.0,0.0,0.0
2002,260,0.5138958692550659,0.0,0.0,0.0,1.0
2003,0,0.8411591053009033,0.0,0.6000000238418579,0.20000000298023224,0.20000000298023224
2004,114,0.8856226205825806,0.4000000059604645,0.6000000238418579,0.0,0.0
2005,285,0.5973213315010071,1.0,0.0,0.0,0.0
2006,269,0.9037542939186096,0.4000000059604645,0.0,0.6000000238418579,0.0
2007,0,1.0,0.0,0.6000000238418579,0.20000000298023224,0.20000000298023224
2008,81,0.6276116371154785,0.0,1.0,0.0,0.0
2009,6,0.24597296118736267,0.0,0.699999988079071,0.20000000298023224,0.10000000149011612
2010,0,1.0,0.0,0.6000000238418579,0.20000000298023224,0.20000000298023224
2011,0,0.0881231427192688,0.0,0.6000000238418579,0.20000000298023224,0.20000000298023224
2012,0,0.3038770258426666,0.0,0.6000000238418579,0.20000000298023224,0.20000000298023224
2013,285,0.6060726642608643,1.0,0.0,0.0,0.0
2014,0,1.0,0.0,0.6000000238418579,0.20000000298023224,0.20000000298023224
2015,0,0.24629969894886017,0.0,0.6000000238418579,0.20000000298023224,0.20000000298023224
2016,260,0.33498528599739075,0.0,0.0,0.0,1.0
2017,0,0.0,0.0,0.6000000238418579,0.20000000298023224,0.20000000298023224
2018,269,0.5056093335151672,0.4000000059604645,0.0,0.6000000238418579,0.0
2019,0,1.0,0.0,0.6000000238418579,0.20000000298023224,0.20000000298023224
2020,0,0.4754364490509033,0.0,0.6000000238418579,0.20000000298023224,0.20000000298023224
2021,232,0.2165088653564453,0.20000000298023224,0.0,0.10000000149011612,0.699999988079071
2022,0,1.0,0.0,0.6000000238418579,0.20000000298023224,0.20000000298023224
2023,105,0.9305678606033325,0.30000001192092896,0.699999988079071,0.0,0.0
2024,0,1.0,0.0,0.6000000238418579,0.20000000298023224,0.20000000298023224
2025,0,1.0,0.0,0.6000000238418579,0.20000000298023224,0.20000000298023224
2026,0,0.31480520963668823,0.0,0.6000000238418579,0.20000000298023224,0.20000000298023224
2027,0,1.0,0.0,0.6000000238418579,0.20000000298023224,0.20000000298023224
2028,0,0.31534332036972046,0.0,0.6000000238418579,0.20000000298023224,0.20000000298023224
2029,0,1.0,0.0,0.6000000238418579,0.20000000298023224,0.20000000298023224
2030,18,0.756929874420166,0.0,0.699999988079071,0.30000001192092896,0.0
2031,163,0.6072384119033813,0.5,0.5,0.0,0.0
2032,0,0.4977877736091614,0.0,0.6000000238418579,0.20000000298023224,0.20000000298023224
2033,285,0.444746196269989,1.0,0.0,0.0,0.0
2034,0,1.0,0.0,0.6000000238418579,0.20000000298023224,0.20000000298023224
2035,98,0.7867687344551086,0.20000000298023224,0.800000011920929,0.0,0.0
2036,0,0.23485331237316132,0.0,0.6000000238418579,0.20000000298023224,0.20000000298023224
2037,0,1.0,0.0,0.6000000238418579,0.20000000298023224,0.20000000298023224
2038,0,0.47450971603393555,0.0,0.6000000238418579,0.20000000298023224,0.20000000298023224
2039,21,0.3550906777381897,0.0,0.800000011920929,0.20000000298023224,0.0
2040,0,0.20111872255802155,0.0,0.6000000238418579,0.20000000298023224,0.20000000298023224
2041,260,0.1959882229566574,0.0,0.0,0.0,1.0
2042,0,1.0,0.0,0.6000000238418579,0.20000000298023224,0.20000000298023224
2043,196,0.45592308044433594,0.30000001192092896,0.0,0.4000000059604645,0.30000001192092896
2044,81,0.7793522477149963,0.0,1.0,0.0,0.0
2045,7,0.9977678656578064,0.10000000149011612,0.5,0.20000000298023224,0.20000000298023224
2046,114,0.7567396759986877,0.4000000059604645,0.6000000238418579,0.0,0.0
2047,0,1.0,0.0,0.6000000238418579,0.20000000298023224,0.20000000298023224
2048,0,1.0,0.0,0.6000000238418579,0.20000000298023224,0.20000000298023224
2049,220,0.3163038194179535,0.6000000238418579,0.20000000298023224,0.20000000298023224,0.0
2050,0,1.0,0.0,0.6000000238418579,0.20000000298023224,0.20000000298023224
2051,0,1.0,0.0,0.6000000238418579,0.20000000298023224,0.20000000298023224
2052,0,1.0,0.0,0.6000000238418579,0.20000000298023224,0.20000000298023224
2053,0,0.3627132475376129,0.0,0.6000000238418579,0.20000000298023224,0.20000000298023224
2054,0,1.0,0.0,0.6000000238418579,0.20000000298023224,0.20000000298023224
2055,170,0.4519854187965393,0.0,0.0,0.800000011920929,0.20000000298023224
2056,0,1.0,0.0,0.6000000238418579,0.20000000298023224,0.20000000298023224
2057,81,0.7342542409896851,0.0,1.0,0.0,0.0
2058,7,1.0,0.10000000149011612,0.5,0.20000000298023224,0.20000000298023224
2059,0,1.0,0.0,0.6000000238418579,0.20000000298023224,0.20000000298023224
2060,271,0.5028590559959412,0.5,0.0,0.5,0.0
2061,0,1.0,0.0,0.6000000238418579,0.20000000298023224,0.20000000298023224
2062,236,0.681062638759613,0.30000001192092896,0.0,0.10000000149011612,0.6000000238418579
2063,0,1.0,0.0,0.6000000238418579,0.20000000298023224,0.20000000298023224
2064,105,0.8319283723831177,0.30000001192092896,0.699999988079071,0.0,0.0
2065,0,1.0,0.0,0.6000000238418579,0.20000000298023224,0.20000000298023224
2066,0,1.0,0.0,0.6000000238418579,0.20000000298023224,0.20000000298023224
2067,0,1.0,0.0,0.6000000238418579,0.20000000298023224,0.20000000298023224
2068,260,0.1613311469554901,0.0,0.0,0.0,1.0
2069,267,0.7434728741645813,0.30000001192092896,0.0,0.699999988079071,0.0
2070,0,1.0,0.0,0.6000000238418579,0.20000000298023224,0.20000000298023224
2071,0,0.3866390287876129,0.0,0.6000000238418579,0.20000000298023224,0.20000000298023224
2072,19,0.8397001028060913,0.0,0.800000011920929,0.0,0.20000000298023224
2073,0,1.0,0.0,0.6000000238418579,0.20000000298023224,0.20000000298023224
2074,0,1.0,0.0,0.6000000238418579,0.20000000298023224,0.20000000298023224
2075,260,0.6653363108634949,0.0,0.0,0.0,1.0
2076,81,0.46106553077697754,0.0,1.0,0.0,0.0
2077,80,0.5570657849311829,0.0,0.4000000059604645,0.6000000238418579,0.0
2078,0,1.0,0.0,0.6000000238418579,0.20000000298023224,0.20000000298023224
2079,0,1.0,0.0,0.6000000238418579,0.20000000298023224,0.20000000298023224
2080,285,0.11011584848165512,1.0,0.0,0.0,0.0
2081,0,1.0,0.0,0.6000000238418579,0.20000000298023224,0.20000000298023224
2082,0,0.46775349974632263,0.0,0.6000000238418579,0.20000000298023224,0.20000000298023224
2083,105,0.44161680340766907,0.30000001192092896,0.699999988079071,0.0,0.0
2084,0,0.2910023331642151,0.0,0.6000000238418579,0.20000000298023224,0.20000000298023224
2085,7,0.30533522367477417,0.10000000149011612,0.5,0.20000000298023224,0.20000000298023224
2086,132,0.3971875011920929,0.10000000149011612,0.30000001192092896,0.0,0.6000000238418579
2087,0,1.0,0.0,0.6000000238418579,0.20000000298023224,0.20000000298023224
2088,260,0.4054054021835327,0.0,0.0,0.0,1.0
2089,153,0.4760265648365021,0.4000000059604645,0.30000001192092896,0.0,0.30000001192092896
2090,160,0.4549221396446228,0.5,0.30000001192092896,0.20000000298023224,0.0
2091,260,0.46193307638168335,0.0,0.0,0.0,1.0
2092,266,0.598008930683136,0.30000001192092896,0.0,0.0,0.699999988079071
2093,260,0.3867734372615814,0.0,0.0,0.0,1.0
2094,260,0.8081480860710144,0.0,0.0,0.0,1.0
2095,81,0.17558978497982025,0.0,1.0,0.0,0.0
2096,0,0.0,0.0,0.6000000238418579,0.20000000298023224,0.20000000298023224
2097,0,0.07884746044874191,0.0,0.6000000238418579,0.20000000298023224,0.20000000298023224
2098,261,0.6530335545539856,0.0,0.0,1.0,0.0
2099,0,0.4843650460243225,0.0,0.6000000238418579,0.20000000298023224,0.20000000298023224
2100,0,1.0,0.0,0.6000000238418579,0.20000000298023224,0.20000000298023224
2101,0,1.0,0.0,0.6000000238418579,0.20000000298023224,0.20000000298023224
2102,164,0.038846518844366074,0.0,0.0,0.20000000298023224,0.800000011920929
2103,90,0.40441009402275085,0.10000000149011612,0.8999999761581421,0.0,0.0
2104,284,0.8441685438156128,0.8999999761581421,0.10000000149011612,0.0,0.0
2105,285,0.415620356798172,1.0,0.0,0.0,0.0
2106,285,0.26292484998703003,1.0,0.0,0.0,0.0
2107,0,0.41012635827064514,0.0,0.6000000238418579,0.20000000298023224,0.20000000298023224
2108,0,1.0,0.0,0.6000000238418579,0.20000000298023224,0.20000000298023224
2109,260,0.28974679112434387,0.0,0.0,0.0,1.0
2110,0,1.0,0.0,0.6000000238418579,0.20000000298023224,0.20000000298023224
2111,285,0.5095537304878235,1.0,0.0,0.0,0.0
2112,0,1.0,0.0,0.6000000238418579,0.20000000298023224,0.20000000298023224
2113,53,0.5511118173599243,0.10000000149011612,0.5,0.4000000059604645,0.0
2114,0,1.0,0.0,0.6000000238418579,0.20000000298023224,0.20000000298023224
2115,284,0.4256572127342224,0.8999999761581421,0.10000000149011612,0.0,0.0
2116,0,0.43117228150367737,0.0,0.6000000238418579,0.20000000298023224,0.20000000298023224
2117,0,0.0,0.0,0.6000000238418579,0.20000000298023224,0.20000000298023224
2118,16,0.4222164452075958,0.0,0.6000000238418579,0.4000000059604645,0.0
2119,0,0.9243662357330322,0.0,0.6000000238418579,0.20000000298023224,0.20000000298023224
2120,262,0.41773128509521484,0.10000000149011612,0.0,0.0,0.8999999761581421
2121,0,0.45851603150367737,0.0,0.6000000238418579,0.20000000298023224,0.20000000298023224
2122,223,0.3525438606739044,0.6000000238418579,0.4000000059604645,0.0,0.0
2123,0,1.0,0.0,0.6000000238418579,0.20000000298023224,0.20000000298023224
2124,164,0.750274658203125,0.0,0.0,0.20000000298023224,0.800000011920929
2125,228,0.21243508160114288,0.10000000149011612,0.0,0.10000000149011612,0.800000011920929
2126,0,1.0,0.0,0.6000000238418579,0.20000000298023224,0.20000000298023224
2127,224,0.4410777986049652,0.0,0.0,0.10000000149011612,0.8999999761581421
2128,0,0.3097696006298065,0.0,0.6000000238418579,0.20000000298023224,0.20000000298023224
2129,19,0.455078125,0.0,0.800000011920929,0.0,0.20000000298023224
2130,260,0.509957492351532,0.0,0.0,0.0,1.0
2131,236,0.7875664234161377,0.30000001192092896,0.0,0.10000000149011612,0.6000000238418579
2132,81,0.6459861397743225,0.0,1.0,0.0,0.0
2133,0,1.0,0.0,0.6000000238418579,0.20000000298023224,0.20000000298023224
2134,0,0.0,0.0,0.6000000238418579,0.20000000298023224,0.20000000298023224
2135,0,0.4777582883834839,0.0,0.6000000238418579,0.20000000298023224,0.20000000298023224
2136,0,1.0,0.0,0.6000000238418579,0.20000000298023224,0.20000000298023224
2137,207,0.4104268252849579,0.4000000059604645,0.20000000298023224,0.0,0.4000000059604645
2138,181,0.5298808813095093,0.10000000149011612,0.10000000149011612,0.10000000149011612,0.699999988079071
2139,0,1.0,0.0,0.6000000238418579,0.20000000298023224,0.20000000298023224
2140,256,0.5959839224815369,0.699999988079071,0.10000000149011612,0.20000000298023224,0.0
2141,0,1.0,0.0,0.6000000238418579,0.20000000298023224,0.20000000298023224
2142,0,0.2273995578289032,0.0,0.6000000238418579,0.20000000298023224,0.20000000298023224
2143,285,0.010930013842880726,1.0,0.0,0.0,0.0
2144,0,0.19806282222270966,0.0,0.6000000238418579,0.20000000298023224,0.20000000298023224
2145,71,0.846281111240387,0.30000001192092896,0.6000000238418579,0.10000000149011612,0.0
2146,260,0.8126619458198547,0.0,0.0,0.0,1.0
2147,271,0.5535141825675964,0.5,0.0,0.5,0.0
2148,105,0.45458826422691345,0.30000001192092896,0.699999988079071,0.0,0.0
2149,241,0.7987875938415527,0.4000000059604645,0.0,0.5,0.10000000149011612
2150,263,0.6026932597160339,0.10000000149011612,0.0,0.8999999761581421,0.0
2151,0,0.8827328085899353,0.0,0.6000000238418579,0.20000000298023224,0.20000000298023224
2152,285,0.5552182793617249,1.0,0.0,0.0,0.0
2153,7,1.0,0.10000000149011612,0.5,0.20000000298023224,0.20000000298023224
2154,240,0.9186206459999084,0.4000000059604645,0.0,0.10000000149011612,0.5
2155,163,0.35186925530433655,0.5,0.5,0.0,0.0
2156,0,0.4787946343421936,0.0,0.6000000238418579,0.20000000298023224,0.20000000298023224
2157,0,0.9932637214660645,0.0,0.6000000238418579,0.20000000298023224,0.20000000298023224
2158,0,0.4810168147087097,0.0,0.6000000238418579,0.20000000298023224,0.20000000298023224
2159,81,0.24947401881217957,0.0,1.0,0.0,0.0
2160,0,0.14488334953784943,0.0,0.6000000238418579,0.20000000298023224,0.20000000298023224
2161,285,0.5106630921363831,1.0,0.0,0.0,0.0
2162,120,0.5943554043769836,0.0,0.10000000149011612,0.699999988079071,0.20000000298023224
2163,0,0.48923787474632263,0.0,0.6000000238418579,0.20000000298023224,0.20000000298023224
2164,104,0.41264843940734863,0.30000001192092896,0.4000000059604645,0.30000001192092896,0.0
2165,0,1.0,0.0,0.6000000238418579,0.20000000298023224,0.20000000298023224
2166,285,0.8761411309242249,1.0,0.0,0.0,0.0
2167,260,0.3406563699245453,0.0,0.0,0.0,1.0
2168,0,0.4360949397087097,0.0,0.6000000238418579,0.20000000298023224,0.20000000298023224
2169,262,0.7708833813667297,0.10000000149011612,0.0,0.0,0.8999999761581421
2170,16,0.5844696760177612,0.0,0.6000000238418579,0.4000000059604645,0.0
2171,0,1.0,0.0,0.6000000238418579,0.20000000298023224,0.20000000298023224
2172,0,0.38522401452064514,0.0,0.6000000238418579,0.20000000298023224,0.20000000298023224
2173,285,0.4914376437664032,1.0,0.0,0.0,0.0
2174,0,0.8966836929321289,0.0,0.6000000238418579,0.20000000298023224,0.20000000298023224
2175,0,0.4612065553665161,0.0,0.6000000238418579,0.20000000298023224,0.20000000298023224
2176,81,0.682522177696228,0.0,1.0,0.0,0.0
2177,285,0.47797656059265137,1.0,0.0,0.0,0.0
2178,261,0.9678505659103394,0.0,0.0,1.0,0.0
2179,0,1.0,0.0,0.6000000238418579,0.20000000298023224,0.20000000298023224
2180,261,0.5174242258071899,0.0,0.0,1.0,0.0
2181,154,0.17221781611442566,0.4000000059604645,0.30000001192092896,0.30000001192092896,0.0
2182,0,0.4694575071334839,0.0,0.6000000238418579,0.20000000298023224,0.20000000298023224
2183,285,0.4961547553539276,1.0,0.0,0.0,0.0
2184,98,0.5036556720733643,0.20000000298023224,0.800000011920929,0.0,0.0
2185,285,0.5666285157203674,1.0,0.0,0.0,0.0
2186,0,0.49975088238716125,0.0,0.6000000238418579,0.20000000298023224,0.20000000298023224
2187,0,1.0,0.0,0.6000000238418579,0.20000000298023224,0.20000000298023224
2188,261,0.8875468373298645,0.0,0.0,1.0,0.0
2189,261,0.4595813751220703,0.0,0.0,1.0,0.0
2190,124,0.5513021945953369,0.0,0.30000001192092896,0.699999988079071,0.0
2191,163,0.32226431369781494,0.5,0.5,0.0,0.0
2192,0,1.0,0.0,0.6000000238418579,0.20000000298023224,0.20000000298023224
2193,260,0.23465581238269806,0.0,0.0,0.0,1.0
2194,261,0.532182514667511,0.0,0.0,1.0,0.0
2195,224,0.2078472375869751,0.0,0.0,0.10000000149011612,0.8999999761581421
2196,285,0.4159468412399292,1.0,0.0,0.0,0.0
2197,0,1.0,0.0,0.6000000238418579,0.20000000298023224,0.20000000298023224
2198,90,0.7143853902816772,0.10000000149011612,0.8999999761581421,0.0,0.0
2199,0,0.9854113459587097,0.0,0.6000000238418579,0.20000000298023224,0.20000000298023224
2200,81,0.46655169129371643,0.0,1.0,0.0,0.0
2201,117,0.69868403673172,0.0,0.10000000149011612,0.4000000059604645,0.5
2202,226,0.6303329467773438,0.0,0.10000000149011612,0.0,0.8999999761581421
2203,0,1.0,0.0,0.6000000238418579,0.20000000298023224,0.20000000298023224
2204,0,1.0,0.0,0.6000000238418579,0.20000000298023224,0.20000000298023224
2205,260,0.25192978978157043,0.0,0.0,0.0,1.0
2206,260,0.49348509311676025,0.0,0.0,0.0,1.0
2207,285,0.30453118681907654,1.0,0.0,0.0,0.0
2208,0,1.0,0.0,0.6000000238418579,0.20000000298023224,0.20000000298023224
2209,261,0.4841407537460327,0.0,0.0,1.0,0.0
2210,0,1.0,0.0,0.6000000238418579,0.20000000298023224,0.20000000298023224
2211,285,0.6234697699546814,1.0,0.0,0.0,0.0
2212,0,1.0,0.0,0.6000000238418579,0.20000000298023224,0.20000000298023224
2213,0,1.0,0.0,0.6000000238418579,0.20000000298023224,0.20000000298023224
2214,260,0.011976836249232292,0.0,0.0,0.0,1.0
2215,0,0.47235730290412903,0.0,0.6000000238418579,0.20000000298023224,0.20000000298023224
2216,260,0.4722290337085724,0.0,0.0,0.0,1.0
2217,0,1.0,0.0,0.6000000238418579,0.20000000298023224,0.20000000298023224
2218,261,0.5836806893348694,0.0,0.0,1.0,0.0
2219,278,0.5543249845504761,0.800000011920929,0.0,0.20000000298023224,0.0
2220,164,0.1616610437631607,0.0,0.0,0.20000000298023224,0.800000011920929
2221,175,0.27478718757629395,0.10000000149011612,0.0,0.20000000298023224,0.699999988079071
2222,0,1.0,0.0,0.6000000238418579,0.20000000298023224,0.20000000298023224
2223,268,0.6426997184753418,0.4000000059604645,0.0,0.0,0.6000000238418579
2224,0,0.0,0.0,0.6000000238418579,0.20000000298023224,0.20000000298023224
2225,260,0.4149090647697449,0.0,0.0,0.0,1.0
2226,0,1.0,0.0,0.6000000238418579,0.20000000298023224,0.20000000298023224
2227,0,0.9988042116165161,0.0,0.6000000238418579,0.20000000298023224,0.20000000298023224
2228,0,1.0,0.0,0.6000000238418579,0.20000000298023224,0.20000000298023224
2229,0,0.28077414631843567,0.0,0.6000000238418579,0.20000000298023224,0.20000000298023224
2230,0,1.0,0.0,0.6000000238418579,0.20000000298023224,0.20000000298023224
2231,0,1.0,0.0,0.6000000238418579,0.20000000298023224,0.20000000298023224
2232,0,1.0,0.0,0.6000000238418579,0.20000000298023224,0.20000000298023224
2233,0,0.4922373294830322,0.0,0.6000000238418579,0.20000000298023224,0.20000000298023224
2234,133,0.8553193211555481,0.10000000149011612,0.30000001192092896,0.6000000238418579,0.0
2235,0,0.49955156445503235,0.0,0.6000000238418579,0.20000000298023224,0.20000000298023224
2236,0,1.0,0.0,0.6000000238418579,0.20000000298023224,0.20000000298023224
2237,260,0.19545012712478638,0.0,0.0,0.0,1.0
2238,0,1.0,0.0,0.6000000238418579,0.20000000298023224,0.20000000298023224
2239,0,0.32197996973991394,0.0,0.6000000238418579,0.20000000298023224,0.20000000298023224
2240,81,0.6620495915412903,0.0,1.0,0.0,0.0
2241,268,0.527754008769989,0.4000000059604645,0.0,0.0,0.6000000238418579
2242,261,0.9292421936988831,0.0,0.0,1.0,0.0
2243,260,0.2393396943807602,0.0,0.0,0.0,1.0
2244,285,0.3577902615070343,1.0,0.0,0.0,0.0
2245,259,0.4735337495803833,0.699999988079071,0.30000001192092896,0.0,0.0
2246,21,0.6850675344467163,0.0,0.800000011920929,0.20000000298023224,0.0
2247,260,0.4083932340145111,0.0,0.0,0.0,1.0
2248,0,0.09996811300516129,0.0,0.6000000238418579,0.20000000298023224,0.20000000298023224
2249,261,0.22529922425746918,0.0,0.0,1.0,0.0
2250,284,0.4555830657482147,0.8999999761581421,0.10000000149011612,0.0,0.0
2251,260,0.4171050488948822,0.0,0.0,0.0,1.0
2252,169,0.5702726244926453,0.0,0.0,0.699999988079071,0.30000001192092896
2253,0,0.44630900025367737,0.0,0.6000000238418579,0.20000000298023224,0.20000000298023224
2254,81,0.39607739448547363,0.0,1.0,0.0,0.0
2255,0,0.47640305757522583,0.0,0.6000000238418579,0.20000000298023224,0.20000000298023224
2256,268,0.5558077692985535,0.4000000059604645,0.0,0.0,0.6000000238418579
2257,26,0.4767613708972931,0.10000000149011612,0.6000000238418579,0.0,0.30000001192092896
2258,0,0.48342832922935486,0.0,0.6000000238418579,0.20000000298023224,0.20000000298023224
2259,81,0.8729870915412903,0.0,1.0,0.0,0.0
2260,0,0.9722377061843872,0.0,0.6000000238418579,0.20000000298023224,0.20000000298023224
2261,0,1.0,0.0,0.6000000238418579,0.20000000298023224,0.20000000298023224
2262,204,0.30206969380378723,0.4000000059604645,0.0,0.4000000059604645,0.20000000298023224
2263,260,0.10537172853946686,0.0,0.0,0.0,1.0
2264,0,0.0,0.0,0.6000000238418579,0.20000000298023224,0.20000000298023224
2265,0,0.4112723171710968,0.0,0.6000000238418579,0.20000000298023224,0.20000000298023224
2266,0,1.0,0.0,0.6000000238418579,0.20000000298023224,0.20000000298023224
2267,0,1.0,0.0,0.6000000238418579,0.20000000298023224,0.20000000298023224
2268,285,0.41213154792785645,1.0,0.0,0.0,0.0
2269,0,1.0,0.0,0.6000000238418579,0.20000000298023224,0.20000000298023224
2270,162,0.819817304611206,0.5,0.4000000059604645,0.10000000149011612,0.0
2271,0,1.0,0.0,0.6000000238418579,0.20000000298023224,0.20000000298023224
2272,0,1.0,0.0,0.6000000238418579,0.20000000298023224,0.20000000298023224
2273,0,1.0,0.0,0.6000000238418579,0.20000000298023224,0.20000000298023224
2274,260,0.8315097093582153,0.0,0.0,0.0,1.0
2275,194,0.5899763107299805,0.30000001192092896,0.0,0.20000000298023224,0.5
2276,81,0.8196960091590881,0.0,1.0,0.0,0.0
2277,259,0.807284951210022,0.699999988079071,0.30000001192092896,0.0,0.0
2278,163,0.7206234335899353,0.5,0.5,0.0,0.0
2279,0,0.31595781445503235,0.0,0.6000000238418579,0.20000000298023224,0.20000000298023224
2280,0,0.9851124286651611,0.0,0.6000000238418579,0.20000000298023224,0.20000000298023224
2281,0,1.0,0.0,0.6000000238418579,0.20000000298023224,0.20000000298023224
2282,81,0.28316327929496765,0.0,1.0,0.0,0.0
2283,285,0.4286474585533142,1.0,0.0,0.0,0.0
2284,173,0.5964275002479553,0.0,0.20000000298023224,0.0,0.800000011920929
2285,0,1.0,0.0,0.6000000238418579,0.20000000298023224,0.20000000298023224
2286,96,0.8568611145019531,0.20000000298023224,0.4000000059604645,0.0,0.4000000059604645
2287,0,1.0,0.0,0.6000000238418579,0.20000000298023224,0.20000000298023224
2288,0,1.0,0.0,0.6000000238418579,0.20000000298023224,0.20000000298023224
2289,0,0.4857501685619354,0.0,0.6000000238418579,0.20000000298023224,0.20000000298023224
2290,158,0.6626405119895935,0.5,0.30000001192092896,0.0,0.20000000298023224
2291,0,1.0,0.0,0.6000000238418579,0.20000000298023224,0.20000000298023224
2292,260,0.15342117846012115,0.0,0.0,0.0,1.0
2293,0,0.34287309646606445,0.0,0.6000000238418579,0.20000000298023224,0.20000000298023224
2294,260,0.2209528684616089,0.0,0.0,0.0,1.0
2295,74,0.32422757148742676,0.0,0.20000000298023224,0.4000000059604645,0.4000000059604645
2296,0,1.0,0.0,0.6000000238418579,0.20000000298023224,0.20000000298023224
2297,0,1.0,0.0,0.6000000238418579,0.20000000298023224,0.20000000298023224
2298,0,0.18820418417453766,0.0,0.6000000238418579,0.20000000298023224,0.20000000298023224
2299,0,1.0,0.0,0.6000000238418579,0.20000000298023224,0.20000000298023224
2300,36,0.38807883858680725,0.20000000298023224,0.6000000238418579,0.20000000298023224,0.0
2301,16,0.8235247135162354,0.0,0.6000000238418579,0.4000000059604645,0.0
2302,0,1.0,0.0,0.6000000238418579,0.20000000298023224,0.20000000298023224
2303,0,0.9958346486091614,0.0,0.6000000238418579,0.20000000298023224,0.20000000298023224
2304,163,0.6349419355392456,0.5,0.5,0.0,0.0
2305,0,1.0,0.0,0.6000000238418579,0.20000000298023224,0.20000000298023224
2306,285,0.5992929935455322,1.0,0.0,0.0,0.0
2307,0,1.0,0.0,0.6000000238418579,0.20000000298023224,0.20000000298023224
2308,0,1.0,0.0,0.6000000238418579,0.20000000298023224,0.20000000298023224
2309,0,1.0,0.0,0.6000000238418579,0.20000000298023224,0.20000000298023224
2310,114,0.45493283867836,0.4000000059604645,0.6000000238418579,0.0,0.0
2311,0,1.0,0.0,0.6000000238418579,0.20000000298023224,0.20000000298023224
2312,285,0.31357941031455994,1.0,0.0,0.0,0.0
2313,0,0.3724988102912903,0.0,0.6000000238418579,0.20000000298023224,0.20000000298023224
2314,0,1.0,0.0,0.6000000238418579,0.20000000298023224,0.20000000298023224
2315,285,0.33766281604766846,1.0,0.0,0.0,0.0
2316,0,1.0,0.0,0.6000000238418579,0.20000000298023224,0.20000000298023224
2317,81,0.47278451919555664,0.0,1.0,0.0,0.0
2318,285,0.5036399364471436,1.0,0.0,0.0,0.0
2319,133,0.42135682702064514,0.10000000149011612,0.30000001192092896,0.6000000238418579,0.0
2320,133,0.9291078448295593,0.10000000149011612,0.30000001192092896,0.6000000238418579,0.0
2321,44,0.31064245104789734,0.0,0.5,0.5,0.0
2322,0,1.0,0.0,0.6000000238418579,0.20000000298023224,0.20000000298023224
2323,0,0.4974190890789032,0.0,0.6000000238418579,0.20000000298023224,0.20000000298023224
2324,0,0.9659199714660645,0.0,0.6000000238418579,0.20000000298023224,0.20000000298023224
2325,0,1.0,0.0,0.6000000238418579,0.20000000298023224,0.20000000298023224
2326,0,1.0,0.0,0.6000000238418579,0.20000000298023224,0.20000000298023224
2327,0,0.9879424571990967,0.0,0.6000000238418579,0.20000000298023224,0.20000000298023224
2328,261,0.3041146695613861,0.0,0.0,1.0,0.0
2329,0,1.0,0.0,0.6000000238418579,0.20000000298023224,0.20000000298023224
2330,0,0.19042304158210754,0.0,0.6000000238418579,0.20000000298023224,0.20000000298023224
2331,285,0.4615539610385895,1.0,0.0,0.0,0.0
2332,0,0.4442861080169678,0.0,0.6000000238418579,0.20000000298023224,0.20000000298023224
2333,285,0.5027903914451599,1.0,0.0,0.0,0.0
2334,0,0.49286511540412903,0.0,0.6000000238418579,0.20000000298023224,0.20000000298023224
2335,0,0.9884606003761292,0.0,0.6000000238418579,0.20000000298023224,0.20000000298023224
2336,0,1.0,0.0,0.6000000238418579,0.20000000298023224,0.20000000298023224
2337,81,0.7034063935279846,0.0,1.0,0.0,0.0
2338,261,0.4874800741672516,0.0,0.0,1.0,0.0
2339,223,0.5842341780662537,0.6000000238418579,0.4000000059604645,0.0,0.0
2340,78,0.727032482624054,0.0,0.30000001192092896,0.6000000238418579,0.10000000149011612
2341,0,1.0,0.0,0.6000000238418579,0.20000000298023224,0.20000000298023224
2342,81,0.26394617557525635,0.0,1.0,0.0,0.0
2343,285,0.3037814497947693,1.0,0.0,0.0,0.0
2344,263,0.7812846899032593,0.10000000149011612,0.0,0.8999999761581421,0.0
2345,0,1.0,0.0,0.6000000238418579,0.20000000298023224,0.20000000298023224
2346,221,0.5626241564750671,0.6000000238418579,0.30000001192092896,0.0,0.10000000149011612
2347,0,1.0,0.0,0.6000000238418579,0.20000000298023224,0.20000000298023224
2348,207,0.45533743500709534,0.4000000059604645,0.20000000298023224,0.0,0.4000000059604645
2349,285,0.40910446643829346,1.0,0.0,0.0,0.0
2350,174,0.7041859030723572,0.0,0.20000000298023224,0.800000011920929,0.0
2351,279,0.7413396239280701,0.800000011920929,0.10000000149011612,0.0,0.10000000149011612
2352,7,0.9138233661651611,0.10000000149011612,0.5,0.20000000298023224,0.20000000298023224
2353,285,0.40403395891189575,1.0,0.0,0.0,0.0
2354,44,0.2951204478740692,0.0,0.5,0.5,0.0
2355,81,0.88958340883255,0.0,1.0,0.0,0.0
2356,0,1.0,0.0,0.6000000238418579,0.20000000298023224,0.20000000298023224
2357,0,0.9539022445678711,0.0,0.6000000238418579,0.20000000298023224,0.20000000298023224
2358,164,0.7578050494194031,0.0,0.0,0.20000000298023224,0.800000011920929
2359,7,0.9960140585899353,0.10000000149011612,0.5,0.20000000298023224,0.20000000298023224
2360,0,0.4988241493701935,0.0,0.6000000238418579,0.20000000298023224,0.20000000298023224
2361,114,0.6596096158027649,0.4000000059604645,0.6000000238418579,0.0,0.0
2362,238,0.6592099070549011,0.30000001192092896,0.10000000149011612,0.0,0.6000000238418579
2363,81,0.3827662765979767,0.0,1.0,0.0,0.0
2364,285,0.3966398537158966,1.0,0.0,0.0,0.0
2365,0,0.47736966609954834,0.0,0.6000000238418579,0.20000000298023224,0.20000000298023224
2366,167,0.3559567630290985,0.0,0.0,0.5,0.5
2367,0,0.2110770046710968,0.0,0.6000000238418579,0.20000000298023224,0.20000000298023224
2368,0,1.0,0.0,0.6000000238418579,0.20000000298023224,0.20000000298023224
2369,0,1.0,0.0,0.6000000238418579,0.20000000298023224,0.20000000298023224
2370,163,0.27882400155067444,0.5,0.5,0.0,0.0
2371,0,1.0,0.0,0.6000000238418579,0.20000000298023224,0.20000000298023224
2372,0,1.0,0.0,0.6000000238418579,0.20000000298023224,0.20000000298023224
2373,7,0.9642857313156128,0.10000000149011612,0.5,0.20000000298023224,0.20000000298023224
2374,261,0.8030502200126648,0.0,0.0,1.0,0.0
2375,165,0.41279906034469604,0.0,0.0,0.30000001192092896,0.699999988079071
2376,276,0.3738231360912323,0.800000011920929,0.0,0.0,0.20000000298023224
2377,0,0.48962652683258057,0.0,0.6000000238418579,0.20000000298023224,0.20000000298023224
2378,226,0.4781673550605774,0.0,0.10000000149011612,0.0,0.8999999761581421
2379,81,0.34663084149360657,0.0,1.0,0.0,0.0
2380,170,0.26334506273269653,0.0,0.0,0.800000011920929,0.20000000298023224
2381,0,0.3143634498119354,0.0,0.6000000238418579,0.20000000298023224,0.20000000298023224
2382,89,0.6302985548973083,0.10000000149011612,0.4000000059604645,0.5,0.0
2383,285,0.39074671268463135,1.0,0.0,0.0,0.0
2384,285,0.3530433475971222,1.0,0.0,0.0,0.0
2385,81,0.20320247113704681,0.0,1.0,0.0,0.0
2386,105,0.3463669717311859,0.30000001192092896,0.699999988079071,0.0,0.0
2387,4,0.44783833622932434,0.0,0.6000000238418579,0.30000001192092896,0.10000000149011612
2388,0,1.0,0.0,0.6000000238418579,0.20000000298023224,0.20000000298023224
2389,164,0.485477089881897,0.0,0.0,0.20000000298023224,0.800000011920929
2390,0,0.3190569281578064,0.0,0.6000000238418579,0.20000000298023224,0.20000000298023224
2391,0,0.22161325812339783,0.0,0.6000000238418579,0.20000000298023224,0.20000000298023224
2392,223,0.42344287037849426,0.6000000238418579,0.4000000059604645,0.0,0.0
2393,0,1.0,0.0,0.6000000238418579,0.20000000298023224,0.20000000298023224
2394,6,0.555949866771698,0.0,0.699999988079071,0.20000000298023224,0.10000000149011612
2395,0,1.0,0.0,0.6000000238418579,0.20000000298023224,0.20000000298023224
2396,0,0.019896630197763443,0.0,0.6000000238418579,0.20000000298023224,0.20000000298023224
2397,7,0.46488359570503235,0.10000000149011612,0.5,0.20000000298023224,0.20000000298023224
2398,266,0.3244484066963196,0.30000001192092896,0.0,0.0,0.699999988079071
2399,18,0.4483131170272827,0.0,0.699999988079071,0.30000001192092896,0.0
2400,0,0.47212812304496765,0.0,0.6000000238418579,0.20000000298023224,0.20000000298023224
2401,123,0.52989262342453,0.0,0.30000001192092896,0.0,0.699999988079071
2402,0,0.3051159977912903,0.0,0.6000000238418579,0.20000000298023224,0.20000000298023224
2403,0,0.49863481521606445,0.0,0.6000000238418579,0.20000000298023224,0.20000000298023224
2404,0,0.9737125039100647,0.0,0.6000000238418579,0.20000000298023224,0.20000000298023224
2405,0,1.0,0.0,0.6000000238418579,0.20000000298023224,0.20000000298023224
2406,260,0.4579266905784607,0.0,0.0,0.0,1.0
2407,158,0.2627502679824829,0.5,0.30000001192092896,0.0,0.20000000298023224
2408,133,0.4808415472507477,0.10000000149011612,0.30000001192092896,0.6000000238418579,0.0
2409,0,0.08484800159931183,0.0,0.6000000238418579,0.20000000298023224,0.20000000298023224
2410,0,1.0,0.0,0.6000000238418579,0.20000000298023224,0.20000000298023224
2411,0,0.2938855290412903,0.0,0.6000000238418579,0.20000000298023224,0.20000000298023224
2412,164,0.12362304329872131,0.0,0.0,0.20000000298023224,0.800000011920929
2413,15,0.833949089050293,0.0,0.6000000238418579,0.0,0.4000000059604645
2414,269,0.8021135330200195,0.4000000059604645,0.0,0.6000000238418579,0.0
2415,260,0.5377048254013062,0.0,0.0,0.0,1.0
2416,0,0.9167729616165161,0.0,0.6000000238418579,0.20000000298023224,0.20000000298023224
2417,0,1.0,0.0,0.6000000238418579,0.20000000298023224,0.20000000298023224
2418,0,0.49975088238716125,0.0,0.6000000238418579,0.20000000298023224,0.20000000298023224
2419,285,0.9204368591308594,1.0,0.0,0.0,0.0
2420,0,1.0,0.0,0.6000000238418579,0.20000000298023224,0.20000000298023224
2421,0,1.0,0.0,0.6000000238418579,0.20000000298023224,0.20000000298023224
2422,260,0.40249237418174744,0.0,0.0,0.0,1.0
2423,0,1.0,0.0,0.6000000238418579,0.20000000298023224,0.20000000298023224
2424,0,1.0,0.0,0.6000000238418579,0.20000000298023224,0.20000000298023224
2425,227,0.7221278548240662,0.0,0.10000000149011612,0.8999999761581421,0.0
2426,0,1.0,0.0,0.6000000238418579,0.20000000298023224,0.20000000298023224
2427,0,0.4020846486091614,0.0,0.6000000238418579,0.20000000298023224,0.20000000298023224
2428,0,0.43063417077064514,0.0,0.6000000238418579,0.20000000298023224,0.20000000298023224
2429,81,0.3874036967754364,0.0,1.0,0.0,0.0
2430,281,0.3882826864719391,0.800000011920929,0.20000000298023224,0.0,0.0
2431,0,1.0,0.0,0.6000000238418579,0.20000000298023224,0.20000000298023224
2432,285,0.5204363465309143,1.0,0.0,0.0,0.0
2433,7,0.46580037474632263,0.10000000149011612,0.5,0.20000000298023224,0.20000000298023224
2434,21,0.9207374453544617,0.0,0.800000011920929,0.20000000298023224,0.0
2435,0,1.0,0.0,0.6000000238418579,0.20000000298023224,0.20000000298023224
2436,0,1.0,0.0,0.6000000238418579,0.20000000298023224,0.20000000298023224
2437,260,0.32123279571533203,0.0,0.0,0.0,1.0
2438,260,0.09164933115243912,0.0,0.0,0.0,1.0
2439,174,0.6706043481826782,0.0,0.20000000298023224,0.800000011920929,0.0
2440,261,0.2768540680408478,0.0,0.0,1.0,0.0
2441,285,0.6486477255821228,1.0,0.0,0.0,0.0
2442,0,1.0,0.0,0.6000000238418579,0.20000000298023224,0.20000000298023224
2443,260,0.571932852268219,0.0,0.0,0.0,1.0
2444,0,1.0,0.0,0.6000000238418579,0.20000000298023224,0.20000000298023224
2445,0,0.9432995915412903,0.0,0.6000000238418579,0.20000000298023224,0.20000000298023224
2446,260,0.6117913722991943,0.0,0.0,0.0,1.0
2447,0,1.0,0.0,0.6000000238418579,0.20000000298023224,0.20000000298023224
2448,285,0.2969609498977661,1.0,0.0,0.0,0.0
2449,0,0.9952367544174194,0.0,0.6000000238418579,0.20000000298023224,0.20000000298023224
2450,0,1.0,0.0,0.6000000238418579,0.20000000298023224,0.20000000298023224
2451,0,1.0,0.0,0.6000000238418579,0.20000000298023224,0.20000000298023224
2452,166,0.31567323207855225,0.0,0.0,0.4000000059604645,0.6000000238418579
2453,0,1.0,0.0,0.6000000238418579,0.20000000298023224,0.20000000298023224
2454,226,0.28998860716819763,0.0,0.10000000149011612,0.0,0.8999999761581421
2455,0,1.0,0.0,0.6000000238418579,0.20000000298023224,0.20000000298023224
2456,285,0.29018309712409973,1.0,0.0,0.0,0.0
2457,261,0.0006976002478040755,0.0,0.0,1.0,0.0
2458,273,0.7283597588539124,0.6000000238418579,0.0,0.4000000059604645,0.0
2459,0,1.0,0.0,0.6000000238418579,0.20000000298023224,0.20000000298023224
2460,189,0.7424106597900391,0.20000000298023224,0.0,0.6000000238418579,0.20000000298023224
2461,0,0.41785913705825806,0.0,0.6000000238418579,0.20000000298023224,0.20000000298023224
2462,285,0.33633720874786377,1.0,0.0,0.0,0.0
2463,81,0.2293689101934433,0.0,1.0,0.0,0.0
2464,97,0.5217931866645813,0.20000000298023224,0.4000000059604645,0.4000000059604645,0.0
2465,125,0.7994922995567322,0.10000000149011612,0.10000000149011612,0.20000000298023224,0.6000000238418579
2466,285,0.20393408834934235,1.0,0.0,0.0,0.0
2467,261,0.43576642870903015,0.0,0.0,1.0,0.0
2468,0,1.0,0.0,0.6000000238418579,0.20000000298023224,0.20000000298023224
2469,0,1.0,0.0,0.6000000238418579,0.20000000298023224,0.20000000298023224
2470,161,0.4806194603443146,0.5,0.4000000059604645,0.0,0.10000000149011612
2471,0,1.0,0.0,0.6000000238418579,0.20000000298023224,0.20000000298023224
2472,285,0.3952118158340454,1.0,0.0,0.0,0.0
2473,0,1.0,0.0,0.6000000238418579,0.20000000298023224,0.20000000298023224
2474,79,0.6300661563873291,0.0,0.4000000059604645,0.0,0.6000000238418579
2475,161,0.5340861082077026,0.5,0.4000000059604645,0.0,0.10000000149011612
2476,81,0.5101743936538696,0.0,1.0,0.0,0.0
2477,0,0.16354432702064514,0.0,0.6000000238418579,0.20000000298023224,0.20000000298023224
2478,260,0.27888113260269165,0.0,0.0,0.0,1.0
2479,282,0.5757445693016052,0.8999999761581421,0.0,0.0,0.10000000149011612
2480,0,1.0,0.0,0.6000000238418579,0.20000000298023224,0.20000000298023224
2481,0,0.4775988459587097,0.0,0.6000000238418579,0.20000000298023224,0.20000000298023224
2482,285,0.5533055067062378,1.0,0.0,0.0,0.0
2483,263,0.1990806609392166,0.10000000149011612,0.0,0.8999999761581421,0.0
2484,0,1.0,0.0,0.6000000238418579,0.20000000298023224,0.20000000298023224
2485,0,1.0,0.0,0.6000000238418579,0.20000000298023224,0.20000000298023224
2486,0,1.992984653043095e-05,0.0,0.6000000238418579,0.20000000298023224,0.20000000298023224
2487,0,0.11088966578245163,0.0,0.6000000238418579,0.20000000298023224,0.20000000298023224
2488,260,0.4214543402194977,0.0,0.0,0.0,1.0
2489,261,0.6605485081672668,0.0,0.0,1.0,0.0
2490,81,0.6568917036056519,0.0,1.0,0.0,0.0
2491,0,1.0,0.0,0.6000000238418579,0.20000000298023224,0.20000000298023224
2492,235,0.6862891316413879,0.20000000298023224,0.10000000149011612,0.699999988079071,0.0
2493,0,0.42590081691741943,0.0,0.6000000238418579,0.20000000298023224,0.20000000298023224
2494,0,1.0,0.0,0.6000000238418579,0.20000000298023224,0.20000000298023224
2495,285,0.5245277881622314,1.0,0.0,0.0,0.0
2496,0,0.6734893321990967,0.0,0.6000000238418579,0.20000000298023224,0.20000000298023224
2497,0,0.22003215551376343,0.0,0.6000000238418579,0.20000000298023224,0.20000000298023224
2498,0,1.0,0.0,0.6000000238418579,0.20000000298023224,0.20000000298023224
2499,285,0.6025650501251221,1.0,0.0,0.0,0.0
2500,0,0.46877989172935486,0.0,0.6000000238418579,0.20000000298023224,0.20000000298023224
2501,261,0.34684011340141296,0.0,0.0,1.0,0.0
2502,261,0.559709906578064,0.0,0.0,1.0,0.0
2503,0,1.0,0.0,0.6000000238418579,0.20000000298023224,0.20000000298023224
2504,163,0.5569319128990173,0.5,0.5,0.0,0.0
2505,260,0.7167642712593079,0.0,0.0,0.0,1.0
2506,0,1.0,0.0,0.6000000238418579,0.20000000298023224,0.20000000298023224
2507,104,0.6117774844169617,0.30000001192092896,0.4000000059604645,0.30000001192092896,0.0
2508,0,1.0,0.0,0.6000000238418579,0.20000000298023224,0.20000000298023224
2509,0,1.0,0.0,0.6000000238418579,0.20000000298023224,0.20000000298023224
2510,7,0.3121412694454193,0.10000000149011612,0.5,0.20000000298023224,0.20000000298023224
2511,171,0.6880047917366028,0.0,0.10000000149011612,0.10000000149011612,0.800000011920929
2512,260,0.4900358021259308,0.0,0.0,0.0,1.0
2513,0,1.0,0.0,0.6000000238418579,0.20000000298023224,0.20000000298023224
2514,261,0.6636102795600891,0.0,0.0,1.0,0.0
2515,285,0.32779958844184875,1.0,0.0,0.0,0.0
2516,273,0.9592726826667786,0.6000000238418579,0.0,0.4000000059604645,0.0
2517,225,0.5805763602256775,0.0,0.0,0.8999999761581421,0.10000000149011612
2518,0,0.9780173897743225,0.0,0.6000000238418579,0.20000000298023224,0.20000000298023224
2519,0,0.3052588105201721,0.0,0.6000000238418579,0.20000000298023224,0.20000000298023224
2520,105,0.4406745135784149,0.30000001192092896,0.699999988079071,0.0,0.0
2521,90,0.7167952656745911,0.10000000149011612,0.8999999761581421,0.0,0.0
2522,164,0.44969311356544495,0.0,0.0,0.20000000298023224,0.800000011920929
2523,183,0.7410711050033569,0.10000000149011612,0.20000000298023224,0.0,0.699999988079071
2524,141,0.31997478008270264,0.20000000298023224,0.30000001192092896,0.5,0.0
2525,0,0.031210139393806458,0.0,0.6000000238418579,0.20000000298023224,0.20000000298023224
2526,0,0.2046130895614624,0.0,0.6000000238418579,0.20000000298023224,0.20000000298023224
2527,0,1.0,0.0,0.6000000238418579,0.20000000298023224,0.20000000298023224
2528,0,1.0,0.0,0.6000000238418579,0.20000000298023224,0.20000000298023224
2529,260,0.1778516322374344,0.0,0.0,0.0,1.0
2530,262,0.49866724014282227,0.10000000149011612,0.0,0.0,0.8999999761581421
2531,174,0.46242275834083557,0.0,0.20000000298023224,0.800000011920929,0.0
2532,271,0.730376124382019,0.5,0.0,0.5,0.0
2533,81,0.4492177367210388,0.0,1.0,0.0,0.0
2534,0,0.3479950428009033,0.0,0.6000000238418579,0.20000000298023224,0.20000000298023224
2535,0,1.0,0.0,0.6000000238418579,0.20000000298023224,0.20000000298023224
2536,227,0.8421664834022522,0.0,0.10000000149011612,0.8999999761581421,0.0
2537,0,1.0,0.0,0.6000000238418579,0.20000000298023224,0.20000000298023224
2538,0,1.0,0.0,0.6000000238418579,0.20000000298023224,0.20000000298023224
2539,261,0.4309985339641571,0.0,0.0,1.0,0.0
2540,0,1.0,0.0,0.6000000238418579,0.20000000298023224,0.20000000298023224
2541,0,0.32956990599632263,0.0,0.6000000238418579,0.20000000298023224,0.20000000298023224
2542,0,0.9646843075752258,0.0,0.6000000238418579,0.20000000298023224,0.20000000298023224
2543,261,0.38696786761283875,0.0,0.0,1.0,0.0
2544,0,1.0,0.0,0.6000000238418579,0.20000000298023224,0.20000000298023224
2545,0,1.0,0.0,0.6000000238418579,0.20000000298023224,0.20000000298023224
2546,274,0.3967994749546051,0.699999988079071,0.0,0.0,0.30000001192092896
2547,285,0.28885453939437866,1.0,0.0,0.0,0.0
2548,260,0.8197028040885925,0.0,0.0,0.0,1.0
2549,7,0.9999203085899353,0.10000000149011612,0.5,0.20000000298023224,0.20000000298023224
2550,0,0.01491416897624731,0.0,0.6000000238418579,0.20000000298023224,0.20000000298023224
2551,0,1.0,0.0,0.6000000238418579,0.20000000298023224,0.20000000298023224
2552,0,0.39408281445503235,0.0,0.6000000238418579,0.20000000298023224,0.20000000298023224
2553,0,0.6878786683082581,0.0,0.6000000238418579,0.20000000298023224,0.20000000298023224
2554,237,0.5999773740768433,0.30000001192092896,0.0,0.6000000238418579,0.10000000149011612
2555,166,0.6901436448097229,0.0,0.0,0.4000000059604645,0.6000000238418579
2556,0,1.0,0.0,0.6000000238418579,0.20000000298023224,0.20000000298023224
2557,0,1.0,0.0,0.6000000238418579,0.20000000298023224,0.20000000298023224
2558,164,0.665205180644989,0.0,0.0,0.20000000298023224,0.800000011920929
2559,242,0.5670202970504761,0.4000000059604645,0.10000000149011612,0.0,0.5
2560,90,0.6420667171478271,0.10000000149011612,0.8999999761581421,0.0,0.0
2561,0,1.0,0.0,0.6000000238418579,0.20000000298023224,0.20000000298023224
2562,261,0.24317339062690735,0.0,0.0,1.0,0.0
2563,0,0.45860570669174194,0.0,0.6000000238418579,0.20000000298023224,0.20000000298023224
2564,285,0.3681373596191406,1.0,0.0,0.0,0.0
2565,261,0.5481074452400208,0.0,0.0,1.0,0.0
2566,0,0.4462292790412903,0.0,0.6000000238418579,0.20000000298023224,0.20000000298023224
2567,261,0.4279225468635559,0.0,0.0,1.0,0.0
2568,0,0.4681321680545807,0.0,0.6000000238418579,0.20000000298023224,0.20000000298023224
2569,0,1.0,0.0,0.6000000238418579,0.20000000298023224,0.20000000298023224
2570,261,0.7060873508453369,0.0,0.0,1.0,0.0
2571,260,0.5575738549232483,0.0,0.0,0.0,1.0
2572,285,0.33613502979278564,1.0,0.0,0.0,0.0
2573,0,0.4930743873119354,0.0,0.6000000238418579,0.20000000298023224,0.20000000298023224
2574,284,0.3504336476325989,0.8999999761581421,0.10000000149011612,0.0,0.0
2575,0,0.16562698781490326,0.0,0.6000000238418579,0.20000000298023224,0.20000000298023224
2576,261,0.291317880153656,0.0,0.0,1.0,0.0
2577,81,0.5532844662666321,0.0,1.0,0.0,0.0
2578,260,0.25312286615371704,0.0,0.0,0.0,1.0
2579,17,0.5659357309341431,0.0,0.699999988079071,0.0,0.30000001192092896
2580,0,1.0,0.0,0.6000000238418579,0.20000000298023224,0.20000000298023224
2581,0,0.49981066584587097,0.0,0.6000000238418579,0.20000000298023224,0.20000000298023224
2582,271,0.5722507834434509,0.5,0.0,0.5,0.0
2583,0,1.0,0.0,0.6000000238418579,0.20000000298023224,0.20000000298023224
2584,0,1.0,0.0,0.6000000238418579,0.20000000298023224,0.20000000298023224
2585,0,0.34644052386283875,0.0,0.6000000238418579,0.20000000298023224,0.20000000298023224
2586,81,0.3925451338291168,0.0,1.0,0.0,0.0
2587,0,1.0,0.0,0.6000000238418579,0.20000000298023224,0.20000000298023224
2588,0,1.0,0.0,0.6000000238418579,0.20000000298023224,0.20000000298023224
2589,43,0.3526904582977295,0.0,0.5,0.0,0.5
2590,81,0.48863908648490906,0.0,1.0,0.0,0.0
2591,105,0.31321805715560913,0.30000001192092896,0.699999988079071,0.0,0.0
2592,260,0.5136109590530396,0.0,0.0,0.0,1.0
2593,0,0.5840840339660645,0.0,0.6000000238418579,0.20000000298023224,0.20000000298023224
2594,262,0.14214399456977844,0.10000000149011612,0.0,0.0,0.8999999761581421
2595,0,0.36952924728393555,0.0,0.6000000238418579,0.20000000298023224,0.20000000298023224
2596,0,1.0,0.0,0.6000000238418579,0.20000000298023224,0.20000000298023224
2597,81,0.45372289419174194,0.0,1.0,0.0,0.0
2598,0,0.41990193724632263,0.0,0.6000000238418579,0.20000000298023224,0.20000000298023224
2599,81,0.26885518431663513,0.0,1.0,0.0,0.0
2600,223,0.6475456357002258,0.6000000238418579,0.4000000059604645,0.0,0.0
2601,153,0.7657793164253235,0.4000000059604645,0.30000001192092896,0.0,0.30000001192092896
2602,36,0.8377311825752258,0.20000000298023224,0.6000000238418579,0.20000000298023224,0.0
2603,0,0.0,0.0,0.6000000238418579,0.20000000298023224,0.20000000298023224
2604,280,0.5441979765892029,0.800000011920929,0.10000000149011612,0.10000000149011612,0.0
2605,285,0.4661531448364258,1.0,0.0,0.0,0.0
2606,0,0.8619858026504517,0.0,0.6000000238418579,0.20000000298023224,0.20000000298023224
2607,0,1.0,0.0,0.6000000238418579,0.20000000298023224,0.20000000298023224
2608,81,0.45869654417037964,0.0,1.0,0.0,0.0
2609,0,0.46389707922935486,0.0,0.6000000238418579,0.20000000298023224,0.20000000298023224
2610,0,0.24103157222270966,0.0,0.6000000238418579,0.20000000298023224,0.20000000298023224
2611,81,0.06628787517547607,0.0,1.0,0.0,0.0
2612,0,1.0,0.0,0.6000000238418579,0.20000000298023224,0.20000000298023224
2613,0,1.0,0.0,0.6000000238418579,0.20000000298023224,0.20000000298023224
2614,16,0.8577197194099426,0.0,0.6000000238418579,0.4000000059604645,0.0
2615,259,0.4875818192958832,0.699999988079071,0.30000001192092896,0.0,0.0
2616,285,0.5065836906433105,1.0,0.0,0.0,0.0
2617,0,0.9848533272743225,0.0,0.6000000238418579,0.20000000298023224,0.20000000298023224
2618,90,0.47700151801109314,0.10000000149011612,0.8999999761581421,0.0,0.0
2619,0,1.0,0.0,0.6000000238418579,0.20000000298023224,0.20000000298023224
2620,260,0.3701692819595337,0.0,0.0,0.0,1.0
2621,158,0.2235436737537384,0.5,0.30000001192092896,0.0,0.20000000298023224
2622,285,0.38429495692253113,1.0,0.0,0.0,0.0
2623,0,0.0027901786379516125,0.0,0.6000000238418579,0.20000000298023224,0.20000000298023224
2624,0,0.49088209867477417,0.0,0.6000000238418579,0.20000000298023224,0.20000000298023224
2625,81,0.5027823448181152,0.0,1.0,0.0,0.0
2626,0,0.2668108344078064,0.0,0.6000000238418579,0.20000000298023224,0.20000000298023224
2627,224,0.4062615931034088,0.0,0.0,0.10000000149011612,0.8999999761581421
2628,261,0.31712934374809265,0.0,0.0,1.0,0.0
2629,81,0.4728105664253235,0.0,1.0,0.0,0.0
2630,0,0.4808773100376129,0.0,0.6000000238418579,0.20000000298023224,0.20000000298023224
2631,81,0.9166068434715271,0.0,1.0,0.0,0.0
2632,0,1.0,0.0,0.6000000238418579,0.20000000298023224,0.20000000298023224
2633,0,1.0,0.0,0.6000000238418579,0.20000000298023224,0.20000000298023224
2634,0,1.0,0.0,0.6000000238418579,0.20000000298023224,0.20000000298023224
2635,0,1.0,0.0,0.6000000238418579,0.20000000298023224,0.20000000298023224
2636,0,0.45413145422935486,0.0,0.6000000238418579,0.20000000298023224,0.20000000298023224
2637,285,0.566931426525116,1.0,0.0,0.0,0.0
2638,0,0.4942701756954193,0.0,0.6000000238418579,0.20000000298023224,0.20000000298023224
2639,0,0.4994220435619354,0.0,0.6000000238418579,0.20000000298023224,0.20000000298023224
2640,113,0.827078104019165,0.4000000059604645,0.5,0.10000000149011612,0.0
2641,250,0.482654333114624,0.6000000238418579,0.10000000149011612,0.0,0.30000001192092896
2642,0,0.9870057106018066,0.0,0.6000000238418579,0.20000000298023224,0.20000000298023224
2643,0,0.47840601205825806,0.0,0.6000000238418579,0.20000000298023224,0.20000000298023224
2644,45,0.3924183249473572,0.0,0.8999999761581421,0.0,0.10000000149011612
2645,81,0.8873045444488525,0.0,1.0,0.0,0.0
2646,285,0.4147883355617523,1.0,0.0,0.0,0.0
2647,260,0.24621333181858063,0.0,0.0,0.0,1.0
2648,285,0.28597748279571533,1.0,0.0,0.0,0.0
2649,284,0.840580940246582,0.8999999761581421,0.10000000149011612,0.0,0.0
2650,7,1.0,0.10000000149011612,0.5,0.20000000298023224,0.20000000298023224
2651,18,0.8186132311820984,0.0,0.699999988079071,0.30000001192092896,0.0
2652,208,0.38427454233169556,0.4000000059604645,0.20000000298023224,0.4000000059604645,0.0
2653,284,0.30939236283302307,0.8999999761581421,0.10000000149011612,0.0,0.0
2654,269,0.7946485877037048,0.4000000059604645,0.0,0.6000000238418579,0.0
2655,81,0.28661179542541504,0.0,1.0,0.0,0.0
2656,285,0.08526000380516052,1.0,0.0,0.0,0.0
2657,285,0.25185057520866394,1.0,0.0,0.0,0.0
2658,7,0.9988839030265808,0.10000000149011612,0.5,0.20000000298023224,0.20000000298023224
2659,7,0.9977678656578064,0.10000000149011612,0.5,0.20000000298023224,0.20000000298023224
2660,155,0.9764533042907715,0.5,0.10000000149011612,0.20000000298023224,0.20000000298023224
2661,285,0.49295884370803833,1.0,0.0,0.0,0.0
2662,285,0.3564338684082031,1.0,0.0,0.0,0.0
2663,0,0.24470530450344086,0.0,0.6000000238418579,0.20000000298023224,0.20000000298023224
2664,0,1.0,0.0,0.6000000238418579,0.20000000298023224,0.20000000298023224
2665,0,1.0,0.0,0.6000000238418579,0.20000000298023224,0.20000000298023224
2666,285,0.15915831923484802,1.0,0.0,0.0,0.0
2667,260,0.32921102643013,0.0,0.0,0.0,1.0
2668,234,0.7560972571372986,0.20000000298023224,0.10000000149011612,0.0,0.699999988079071
2669,0,0.3008277416229248,0.0,0.6000000238418579,0.20000000298023224,0.20000000298023224
2670,0,1.0,0.0,0.6000000238418579,0.20000000298023224,0.20000000298023224
2671,276,0.6115666031837463,0.800000011920929,0.0,0.0,0.20000000298023224
2672,285,0.01870860904455185,1.0,0.0,0.0,0.0
2673,260,0.3602217435836792,0.0,0.0,0.0,1.0
2674,7,1.0,0.10000000149011612,0.5,0.20000000298023224,0.20000000298023224
2675,285,0.3767203986644745,1.0,0.0,0.0,0.0
2676,261,0.38204577565193176,0.0,0.0,1.0,0.0
2677,260,0.13488678634166718,0.0,0.0,0.0,1.0
2678,0,1.0,0.0,0.6000000238418579,0.20000000298023224,0.20000000298023224
2679,0,1.0,0.0,0.6000000238418579,0.20000000298023224,0.20000000298023224
2680,16,0.4708905816078186,0.0,0.6000000238418579,0.4000000059604645,0.0
2681,285,0.38153406977653503,1.0,0.0,0.0,0.0
2682,0,1.0,0.0,0.6000000238418579,0.20000000298023224,0.20000000298023224
2683,261,0.5864356160163879,0.0,0.0,1.0,0.0
2684,196,0.4676002264022827,0.30000001192092896,0.0,0.4000000059604645,0.30000001192092896
2685,0,1.0,0.0,0.6000000238418579,0.20000000298023224,0.20000000298023224
2686,124,0.6120867729187012,0.0,0.30000001192092896,0.699999988079071,0.0
2687,0,0.41568678617477417,0.0,0.6000000238418579,0.20000000298023224,0.20000000298023224
2688,180,0.612568199634552,0.10000000149011612,0.0,0.699999988079071,0.20000000298023224
2689,174,0.6118371486663818,0.0,0.20000000298023224,0.800000011920929,0.0
2690,260,0.22140730917453766,0.0,0.0,0.0,1.0
2691,261,0.25203758478164673,0.0,0.0,1.0,0.0
2692,0,1.0,0.0,0.6000000238418579,0.20000000298023224,0.20000000298023224
2693,260,0.4664742648601532,0.0,0.0,0.0,1.0
2694,261,0.36652714014053345,0.0,0.0,1.0,0.0
2695,0,0.30419591069221497,0.0,0.6000000238418579,0.20000000298023224,0.20000000298023224
2696,262,0.48734036087989807,0.10000000149011612,0.0,0.0,0.8999999761581421
2697,80,0.5990114808082581,0.0,0.4000000059604645,0.6000000238418579,0.0
2698,114,0.7595725059509277,0.4000000059604645,0.6000000238418579,0.0,0.0
2699,261,0.6886684894561768,0.0,0.0,1.0,0.0
2700,0,0.4104352593421936,0.0,0.6000000238418579,0.20000000298023224,0.20000000298023224
2701,263,0.48505690693855286,0.10000000149011612,0.0,0.8999999761581421,0.0
2702,14,0.8792782425880432,0.0,0.5,0.4000000059604645,0.10000000149011612
2703,285,0.17451652884483337,1.0,0.0,0.0,0.0
2704,224,0.7491864562034607,0.0,0.0,0.10000000149011612,0.8999999761581421
2705,0,1.0,0.0,0.6000000238418579,0.20000000298023224,0.20000000298023224
2706,0,0.8349609375,0.0,0.6000000238418579,0.20000000298023224,0.20000000298023224
2707,259,0.29771915078163147,0.699999988079071,0.30000001192092896,0.0,0.0
2708,0,1.0,0.0,0.6000000238418579,0.20000000298023224,0.20000000298023224
2709,0,1.0,0.0,0.6000000238418579,0.20000000298023224,0.20000000298023224
2710,0,0.8210698366165161,0.0,0.6000000238418579,0.20000000298023224,0.20000000298023224
2711,0,1.0,0.0,0.6000000238418579,0.20000000298023224,0.20000000298023224
2712,81,0.6886111497879028,0.0,1.0,0.0,0.0
2713,285,0.645168662071228,1.0,0.0,0.0,0.0
2714,260,0.6190924644470215,0.0,0.0,0.0,1.0
2715,0,0.0,0.0,0.6000000238418579,0.20000000298023224,0.20000000298023224
2716,260,0.46012425422668457,0.0,0.0,0.0,1.0
2717,0,1.0,0.0,0.6000000238418579,0.20000000298023224,0.20000000298023224
2718,263,0.6981641054153442,0.10000000149011612,0.0,0.8999999761581421,0.0
2719,260,0.47273677587509155,0.0,0.0,0.0,1.0
2720,15,0.43216732144355774,0.0,0.6000000238418579,0.0,0.4000000059604645
2721,44,0.34743884205818176,0.0,0.5,0.5,0.0
2722,0,1.0,0.0,0.6000000238418579,0.20000000298023224,0.20000000298023224
2723,0,1.0,0.0,0.6000000238418579,0.20000000298023224,0.20000000298023224
2724,0,1.0,0.0,0.6000000238418579,0.20000000298023224,0.20000000298023224
2725,16,0.1952112764120102,0.0,0.6000000238418579,0.4000000059604645,0.0
2726,0,1.0,0.0,0.6000000238418579,0.20000000298023224,0.20000000298023224
2727,167,0.09584295749664307,0.0,0.0,0.5,0.5
2728,0,0.30931785702705383,0.0,0.6000000238418579,0.20000000298023224,0.20000000298023224
2729,150,0.7266863584518433,0.4000000059604645,0.10000000149011612,0.30000001192092896,0.20000000298023224
2730,0,1.0,0.0,0.6000000238418579,0.20000000298023224,0.20000000298023224
2731,274,0.5385602116584778,0.699999988079071,0.0,0.0,0.30000001192092896
2732,262,0.6684421896934509,0.10000000149011612,0.0,0.0,0.8999999761581421
2733,283,0.5088319778442383,0.8999999761581421,0.0,0.10000000149011612,0.0
2734,260,0.43850523233413696,0.0,0.0,0.0,1.0
2735,0,0.30824166536331177,0.0,0.6000000238418579,0.20000000298023224,0.20000000298023224
2736,0,0.48958665132522583,0.0,0.6000000238418579,0.20000000298023224,0.20000000298023224
2737,0,1.0,0.0,0.6000000238418579,0.20000000298023224,0.20000000298023224
2738,181,0.5315272212028503,0.10000000149011612,0.10000000149011612,0.10000000149011612,0.699999988079071
2739,261,0.49120813608169556,0.0,0.0,1.0,0.0
2740,223,0.7401444315910339,0.6000000238418579,0.4000000059604645,0.0,0.0
2741,227,0.29428839683532715,0.0,0.10000000149011612,0.8999999761581421,0.0
2742,0,0.28679049015045166,0.0,0.6000000238418579,0.20000000298023224,0.20000000298023224
2743,0,0.9290696978569031,0.0,0.6000000238418579,0.20000000298023224,0.20000000298023224
2744,0,1.0,0.0,0.6000000238418579,0.20000000298023224,0.20000000298023224
2745,259,0.5268764495849609,0.699999988079071,0.30000001192092896,0.0,0.0
2746,0,0.4364337623119354,0.0,0.6000000238418579,0.20000000298023224,0.20000000298023224
2747,285,0.8955695033073425,1.0,0.0,0.0,0.0
2748,0,0.0,0.0,0.6000000238418579,0.20000000298023224,0.20000000298023224
2749,260,0.7702609300613403,0.0,0.0,0.0,1.0
2750,0,1.0,0.0,0.6000000238418579,0.20000000298023224,0.20000000298023224
2751,279,0.3912298083305359,0.800000011920929,0.10000000149011612,0.0,0.10000000149011612
2752,0,1.0,0.0,0.6000000238418579,0.20000000298023224,0.20000000298023224
2753,170,0.6597744226455688,0.0,0.0,0.800000011920929,0.20000000298023224
2754,0,0.49736925959587097,0.0,0.6000000238418579,0.20000000298023224,0.20000000298023224
2755,0,1.0,0.0,0.6000000238418579,0.20000000298023224,0.20000000298023224
2756,260,0.11468381434679031,0.0,0.0,0.0,1.0
2757,81,0.26400643587112427,0.0,1.0,0.0,0.0
2758,273,0.47814980149269104,0.6000000238418579,0.0,0.4000000059604645,0.0
2759,98,0.4131227433681488,0.20000000298023224,0.800000011920929,0.0,0.0
2760,98,0.9231062531471252,0.20000000298023224,0.800000011920929,0.0,0.0
2761,0,1.0,0.0,0.6000000238418579,0.20000000298023224,0.20000000298023224
2762,0,1.0,0.0,0.6000000238418579,0.20000000298023224,0.20000000298023224
2763,261,0.14115308225154877,0.0,0.0,1.0,0.0
2764,81,0.9570445418357849,0.0,1.0,0.0,0.0
2765,140,0.5948947072029114,0.20000000298023224,0.30000001192092896,0.0,0.5
2766,7,1.0,0.10000000149011612,0.5,0.20000000298023224,0.20000000298023224
2767,0,0.9982262253761292,0.0,0.6000000238418579,0.20000000298023224,0.20000000298023224
2768,0,1.0,0.0,0.6000000238418579,0.20000000298023224,0.20000000298023224
2769,0,0.3375418484210968,0.0,0.6000000238418579,0.20000000298023224,0.20000000298023224
2770,0,1.0,0.0,0.6000000238418579,0.20000000298023224,0.20000000298023224
2771,19,0.5906091332435608,0.0,0.800000011920929,0.0,0.20000000298023224
2772,0,1.0,0.0,0.6000000238418579,0.20000000298023224,0.20000000298023224
2773,0,0.19812925159931183,0.0,0.6000000238418579,0.20000000298023224,0.20000000298023224
2774,0,0.4303850531578064,0.0,0.6000000238418579,0.20000000298023224,0.20000000298023224
2775,285,0.39531639218330383,1.0,0.0,0.0,0.0
2776,261,0.8954468369483948,0.0,0.0,1.0,0.0
2777,0,0.48559072613716125,0.0,0.6000000238418579,0.20000000298023224,0.20000000298023224
2778,0,0.4805385172367096,0.0,0.6000000238418579,0.20000000298023224,0.20000000298023224
2779,0,1.0,0.0,0.6000000238418579,0.20000000298023224,0.20000000298023224
2780,0,1.0,0.0,0.6000000238418579,0.20000000298023224,0.20000000298023224
2781,0,0.22197198867797852,0.0,0.6000000238418579,0.20000000298023224,0.20000000298023224
2782,0,1.0,0.0,0.6000000238418579,0.20000000298023224,0.20000000298023224
2783,285,0.33726978302001953,1.0,0.0,0.0,0.0
2784,0,0.45595502853393555,0.0,0.6000000238418579,0.20000000298023224,0.20000000298023224
2785,261,0.40064793825149536,0.0,0.0,1.0,0.0
2786,0,0.9474649429321289,0.0,0.6000000238418579,0.20000000298023224,0.20000000298023224
2787,90,0.45151516795158386,0.10000000149011612,0.8999999761581421,0.0,0.0
2788,0,1.0,0.0,0.6000000238418579,0.20000000298023224,0.20000000298023224
2789,260,0.2297448068857193,0.0,0.0,0.0,1.0
2790,261,0.5442854762077332,0.0,0.0,1.0,0.0
2791,167,0.7017735242843628,0.0,0.0,0.5,0.5
2792,0,0.4995814859867096,0.0,0.6000000238418579,0.20000000298023224,0.20000000298023224
2793,0,0.46139588952064514,0.0,0.6000000238418579,0.20000000298023224,0.20000000298023224
2794,0,1.0,0.0,0.6000000238418579,0.20000000298023224,0.20000000298023224
2795,0,1.0,0.0,0.6000000238418579,0.20000000298023224,0.20000000298023224
2796,81,0.4433448910713196,0.0,1.0,0.0,0.0
2797,0,1.0,0.0,0.6000000238418579,0.20000000298023224,0.20000000298023224
2798,261,0.2890603542327881,0.0,0.0,1.0,0.0
2799,7,1.0,0.10000000149011612,0.5,0.20000000298023224,0.20000000298023224
2800,0,1.0,0.0,0.6000000238418579,0.20000000298023224,0.20000000298023224
2801,105,0.8479819893836975,0.30000001192092896,0.699999988079071,0.0,0.0
2802,81,0.4203204810619354,0.0,1.0,0.0,0.0
2803,0,1.0,0.0,0.6000000238418579,0.20000000298023224,0.20000000298023224
2804,0,1.0,0.0,0.6000000238418579,0.20000000298023224,0.20000000298023224
2805,0,1.0,0.0,0.6000000238418579,0.20000000298023224,0.20000000298023224
2806,0,0.9894770383834839,0.0,0.6000000238418579,0.20000000298023224,0.20000000298023224
2807,193,0.8004108667373657,0.20000000298023224,0.20000000298023224,0.6000000238418579,0.0
2808,222,0.39684075117111206,0.6000000238418579,0.30000001192092896,0.10000000149011612,0.0
2809,285,0.45672062039375305,1.0,0.0,0.0,0.0
2810,200,0.506891131401062,0.30000001192092896,0.20000000298023224,0.0,0.5
2811,0,1.0,0.0,0.6000000238418579,0.20000000298023224,0.20000000298023224
2812,0,1.0,0.0,0.6000000238418579,0.20000000298023224,0.20000000298023224
2813,0,0.3070392310619354,0.0,0.6000000238418579,0.20000000298023224,0.20000000298023224
2814,267,0.407749742269516,0.30000001192092896,0.0,0.699999988079071,0.0
2815,0,1.0,0.0,0.6000000238418579,0.20000000298023224,0.20000000298023224
2816,285,0.6851782202720642,1.0,0.0,0.0,0.0
2817,0,0.4950474202632904,0.0,0.6000000238418579,0.20000000298023224,0.20000000298023224
2818,0,1.0,0.0,0.6000000238418579,0.20000000298023224,0.20000000298023224
2819,0,0.498046875,0.0,0.6000000238418579,0.20000000298023224,0.20000000298023224
2820,0,0.4993124306201935,0.0,0.6000000238418579,0.20000000298023224,0.20000000298023224
2821,259,0.5286786556243896,0.699999988079071,0.30000001192092896,0.0,0.0
2822,260,0.4870143532752991,0.0,0.0,0.0,1.0
2823,0,1.0,0.0,0.6000000238418579,0.20000000298023224,0.20000000298023224
2824,0,0.45966199040412903,0.0,0.6000000238418579,0.20000000298023224,0.20000000298023224
2825,81,0.07051320374011993,0.0,1.0,0.0,0.0
2826,0,0.49398118257522583,0.0,0.6000000238418579,0.20000000298023224,0.20000000298023224
2827,166,0.5556215047836304,0.0,0.0,0.4000000059604645,0.6000000238418579
2828,81,0.38785475492477417,0.0,1.0,0.0,0.0
2829,173,0.5495042204856873,0.0,0.20000000298023224,0.0,0.800000011920929
2830,0,0.4299067258834839,0.0,0.6000000238418579,0.20000000298023224,0.20000000298023224
2831,285,0.5025463104248047,1.0,0.0,0.0,0.0
2832,262,0.44477322697639465,0.10000000149011612,0.0,0.0,0.8999999761581421
2833,7,0.3834303319454193,0.10000000149011612,0.5,0.20000000298023224,0.20000000298023224
2834,285,0.4309132695198059,1.0,0.0,0.0,0.0
2835,45,0.5329629778862,0.0,0.8999999761581421,0.0,0.10000000149011612
2836,224,0.4782783091068268,0.0,0.0,0.10000000149011612,0.8999999761581421
2837,141,0.7633933424949646,0.20000000298023224,0.30000001192092896,0.5,0.0
2838,0,1.0,0.0,0.6000000238418579,0.20000000298023224,0.20000000298023224
2839,164,0.7097485065460205,0.0,0.0,0.20000000298023224,0.800000011920929
2840,260,0.18835535645484924,0.0,0.0,0.0,1.0
2841,0,1.0,0.0,0.6000000238418579,0.20000000298023224,0.20000000298023224
2842,154,0.5959972143173218,0.4000000059604645,0.30000001192092896,0.30000001192092896,0.0
2843,260,0.02918526716530323,0.0,0.0,0.0,1.0
2844,269,0.7120580673217773,0.4000000059604645,0.0,0.6000000238418579,0.0
2845,0,0.42519330978393555,0.0,0.6000000238418579,0.20000000298023224,0.20000000298023224
2846,0,0.9927455186843872,0.0,0.6000000238418579,0.20000000298023224,0.20000000298023224
2847,0,1.0,0.0,0.6000000238418579,0.20000000298023224,0.20000000298023224
2848,263,0.8717859983444214,0.10000000149011612,0.0,0.8999999761581421,0.0
2849,0,1.0,0.0,0.6000000238418579,0.20000000298023224,0.20000000298023224
2850,0,0.4448740482330322,0.0,0.6000000238418579,0.20000000298023224,0.20000000298023224
2851,114,0.5199345946311951,0.4000000059604645,0.6000000238418579,0.0,0.0
2852,113,0.5506652593612671,0.4000000059604645,0.5,0.10000000149011612,0.0
2853,0,1.0,0.0,0.6000000238418579,0.20000000298023224,0.20000000298023224
2854,0,0.3313934803009033,0.0,0.6000000238418579,0.20000000298023224,0.20000000298023224
2855,0,0.45888471603393555,0.0,0.6000000238418579,0.20000000298023224,0.20000000298023224
2856,0,0.4709323048591614,0.0,0.6000000238418579,0.20000000298023224,0.20000000298023224
2857,7,0.7368463277816772,0.10000000149011612,0.5,0.20000000298023224,0.20000000298023224
2858,0,1.0,0.0,0.6000000238418579,0.20000000298023224,0.20000000298023224
2859,0,1.0,0.0,0.6000000238418579,0.20000000298023224,0.20000000298023224
2860,247,0.37622305750846863,0.5,0.10000000149011612,0.4000000059604645,0.0
2861,0,0.9921277165412903,0.0,0.6000000238418579,0.20000000298023224,0.20000000298023224
2862,285,0.3915725350379944,1.0,0.0,0.0,0.0
2863,105,0.4837484359741211,0.30000001192092896,0.699999988079071,0.0,0.0
2864,0,0.4885702431201935,0.0,0.6000000238418579,0.20000000298023224,0.20000000298023224
2865,0,1.0,0.0,0.6000000238418579,0.20000000298023224,0.20000000298023224
2866,260,0.29298025369644165,0.0,0.0,0.0,1.0
2867,260,0.3559587895870209,0.0,0.0,0.0,1.0
2868,0,1.0,0.0,0.6000000238418579,0.20000000298023224,0.20000000298023224
2869,285,0.7391865849494934,1.0,0.0,0.0,0.0
2870,0,0.4971472918987274,0.0,0.6000000238418579,0.20000000298023224,0.20000000298023224
2871,0,0.027636054903268814,0.0,0.6000000238418579,0.20000000298023224,0.20000000298023224
2872,0,1.0,0.0,0.6000000238418579,0.20000000298023224,0.20000000298023224
2873,0,1.0,0.0,0.6000000238418579,0.20000000298023224,0.20000000298023224
2874,270,0.28361523151397705,0.5,0.0,0.0,0.5
2875,0,1.0,0.0,0.6000000238418579,0.20000000298023224,0.20000000298023224
2876,261,0.5015677213668823,0.0,0.0,1.0,0.0
2877,261,0.3285791873931885,0.0,0.0,1.0,0.0
2878,285,0.3684244453907013,1.0,0.0,0.0,0.0
2879,261,0.7380022406578064,0.0,0.0,1.0,0.0
2880,0,0.46626874804496765,0.0,0.6000000238418579,0.20000000298023224,0.20000000298023224
2881,261,0.32006707787513733,0.0,0.0,1.0,0.0
2882,260,0.7785763144493103,0.0,0.0,0.0,1.0
2883,283,0.46095705032348633,0.8999999761581421,0.0,0.10000000149011612,0.0
2884,0,1.0,0.0,0.6000000238418579,0.20000000298023224,0.20000000298023224
2885,0,1.0,0.0,0.6000000238418579,0.20000000298023224,0.20000000298023224
2886,265,0.37346816062927246,0.20000000298023224,0.0,0.800000011920929,0.0
2887,0,0.10888671875,0.0,0.6000000238418579,0.20000000298023224,0.20000000298023224
2888,285,0.43300727009773254,1.0,0.0,0.0,0.0
2889,0,1.0,0.0,0.6000000238418579,0.20000000298023224,0.20000000298023224
2890,260,0.22245366871356964,0.0,0.0,0.0,1.0
2891,0,1.0,0.0,0.6000000238418579,0.20000000298023224,0.20000000298023224
2892,0,1.0,0.0,0.6000000238418579,0.20000000298023224,0.20000000298023224
2893,124,0.4348125755786896,0.0,0.30000001192092896,0.699999988079071,0.0
2894,0,0.13291214406490326,0.0,0.6000000238418579,0.20000000298023224,0.20000000298023224
2895,0,0.2812964916229248,0.0,0.6000000238418579,0.20000000298023224,0.20000000298023224
2896,0,1.0,0.0,0.6000000238418579,0.20000000298023224,0.20000000298023224
2897,7,0.4487802982330322,0.10000000149011612,0.5,0.20000000298023224,0.20000000298023224
2898,0,0.9393534660339355,0.0,0.6000000238418579,0.20000000298023224,0.20000000298023224
2899,0,0.4760044515132904,0.0,0.6000000238418579,0.20000000298023224,0.20000000298023224
2900,260,0.3155510425567627,0.0,0.0,0.0,1.0
2901,0,0.9721580147743225,0.0,0.6000000238418579,0.20000000298023224,0.20000000298023224
2902,116,0.5919418334960938,0.0,0.10000000149011612,0.30000001192092896,0.6000000238418579
2903,260,0.16783124208450317,0.0,0.0,0.0,1.0
2904,80,0.6745491027832031,0.0,0.4000000059604645,0.6000000238418579,0.0
2905,163,0.7673513889312744,0.5,0.5,0.0,0.0
2906,81,0.7275068759918213,0.0,1.0,0.0,0.0
2907,0,0.44388750195503235,0.0,0.6000000238418579,0.20000000298023224,0.20000000298023224
2908,285,0.5751756429672241,1.0,0.0,0.0,0.0
2909,7,0.9971300959587097,0.10000000149011612,0.5,0.20000000298023224,0.20000000298023224
2910,260,0.9372658729553223,0.0,0.0,0.0,1.0
2911,245,0.5257789492607117,0.5,0.0,0.4000000059604645,0.10000000149011612
2912,202,0.4920189678668976,0.4000000059604645,0.0,0.20000000298023224,0.4000000059604645
2913,285,0.4037388265132904,1.0,0.0,0.0,0.0
2914,0,1.0,0.0,0.6000000238418579,0.20000000298023224,0.20000000298023224
2915,0,0.48886919021606445,0.0,0.6000000238418579,0.20000000298023224,0.20000000298023224
2916,0,1.0,0.0,0.6000000238418579,0.20000000298023224,0.20000000298023224
2917,0,1.0,0.0,0.6000000238418579,0.20000000298023224,0.20000000298023224
2918,98,0.8301446437835693,0.20000000298023224,0.800000011920929,0.0,0.0
2919,261,0.7924538254737854,0.0,0.0,1.0,0.0
2920,285,0.558501124382019,1.0,0.0,0.0,0.0
2921,269,0.7157658934593201,0.4000000059604645,0.0,0.6000000238418579,0.0
2922,79,0.9003623127937317,0.0,0.4000000059604645,0.0,0.6000000238418579
2923,0,1.0,0.0,0.6000000238418579,0.20000000298023224,0.20000000298023224
2924,0,1.0,0.0,0.6000000238418579,0.20000000298023224,0.20000000298023224
2925,260,0.1216014176607132,0.0,0.0,0.0,1.0
2926,0,1.0,0.0,0.6000000238418579,0.20000000298023224,0.20000000298023224
2927,60,0.8502169847488403,0.20000000298023224,0.5,0.0,0.30000001192092896
2928,265,0.6062005758285522,0.20000000298023224,0.0,0.800000011920929,0.0
2929,162,0.8784571290016174,0.5,0.4000000059604645,0.10000000149011612,0.0
2930,0,0.9773597121238708,0.0,0.6000000238418579,0.20000000298023224,0.20000000298023224
2931,174,0.7607389688491821,0.0,0.20000000298023224,0.800000011920929,0.0
2932,0,1.0,0.0,0.6000000238418579,0.20000000298023224,0.20000000298023224
2933,260,0.3112880289554596,0.0,0.0,0.0,1.0
2934,261,0.7276802659034729,0.0,0.0,1.0,0.0
2935,0,0.4369419515132904,0.0,0.6000000238418579,0.20000000298023224,0.20000000298023224
2936,0,0.5157445669174194,0.0,0.6000000238418579,0.20000000298023224,0.20000000298023224
2937,105,0.32356908917427063,0.30000001192092896,0.699999988079071,0.0,0.0
2938,153,0.7708242535591125,0.4000000059604645,0.30000001192092896,0.0,0.30000001192092896
2939,0,0.1189313605427742,0.0,0.6000000238418579,0.20000000298023224,0.20000000298023224
2940,261,0.5612157583236694,0.0,0.0,1.0,0.0
2941,0,1.0,0.0,0.6000000238418579,0.20000000298023224,0.20000000298023224
2942,260,0.3243807256221771,0.0,0.0,0.0,1.0
2943,41,0.6898279786109924,0.0,0.4000000059604645,0.10000000149011612,0.5
2944,61,0.7618686556816101,0.20000000298023224,0.5,0.30000001192092896,0.0
2945,0,1.0,0.0,0.6000000238418579,0.20000000298023224,0.20000000298023224
2946,0,0.4674944281578064,0.0,0.6000000238418579,0.20000000298023224,0.20000000298023224
2947,260,0.2342473268508911,0.0,0.0,0.0,1.0
2948,0,1.0,0.0,0.6000000238418579,0.20000000298023224,0.20000000298023224
2949,264,0.30977335572242737,0.20000000298023224,0.0,0.0,0.800000011920929
2950,0,1.0,0.0,0.6000000238418579,0.20000000298023224,0.20000000298023224
2951,61,0.5979033708572388,0.20000000298023224,0.5,0.30000001192092896,0.0
2952,260,0.9079838991165161,0.0,0.0,0.0,1.0
2953,0,1.0,0.0,0.6000000238418579,0.20000000298023224,0.20000000298023224
2954,81,0.42325860261917114,0.0,1.0,0.0,0.0
2955,285,0.2373255342245102,1.0,0.0,0.0,0.0
2956,0,1.0,0.0,0.6000000238418579,0.20000000298023224,0.20000000298023224
2957,260,0.09884996712207794,0.0,0.0,0.0,1.0
2958,0,1.0,0.0,0.6000000238418579,0.20000000298023224,0.20000000298023224
2959,261,0.49778226017951965,0.0,0.0,1.0,0.0
2960,251,0.6633665561676025,0.6000000238418579,0.10000000149011612,0.30000001192092896,0.0
2961,193,0.7872089147567749,0.20000000298023224,0.20000000298023224,0.6000000238418579,0.0
2962,269,0.2358107715845108,0.4000000059604645,0.0,0.6000000238418579,0.0
2963,260,0.2169889509677887,0.0,0.0,0.0,1.0
2964,261,0.6071131229400635,0.0,0.0,1.0,0.0
2965,0,1.0,0.0,0.6000000238418579,0.20000000298023224,0.20000000298023224
2966,260,0.30253979563713074,0.0,0.0,0.0,1.0
2967,0,1.0,0.0,0.6000000238418579,0.20000000298023224,0.20000000298023224
2968,215,0.4856225252151489,0.6000000238418579,0.0,0.20000000298023224,0.20000000298023224
2969,0,1.0,0.0,0.6000000238418579,0.20000000298023224,0.20000000298023224
2970,285,0.33891716599464417,1.0,0.0,0.0,0.0
2971,0,0.4545997977256775,0.0,0.6000000238418579,0.20000000298023224,0.20000000298023224
2972,0,1.0,0.0,0.6000000238418579,0.20000000298023224,0.20000000298023224
2973,260,0.13878613710403442,0.0,0.0,0.0,1.0
2974,0,0.2930185794830322,0.0,0.6000000238418579,0.20000000298023224,0.20000000298023224
2975,98,0.3610057830810547,0.20000000298023224,0.800000011920929,0.0,0.0
2976,7,0.9999203085899353,0.10000000149011612,0.5,0.20000000298023224,0.20000000298023224
2977,0,1.0,0.0,0.6000000238418579,0.20000000298023224,0.20000000298023224
2978,275,0.7075965404510498,0.699999988079071,0.0,0.30000001192092896,0.0
2979,225,0.907625138759613,0.0,0.0,0.8999999761581421,0.10000000149011612
2980,0,1.0,0.0,0.6000000238418579,0.20000000298023224,0.20000000298023224
2981,0,1.0,0.0,0.6000000238418579,0.20000000298023224,0.20000000298023224
2982,7,0.9390744566917419,0.10000000149011612,0.5,0.20000000298023224,0.20000000298023224
2983,15,0.3570147156715393,0.0,0.6000000238418579,0.0,0.4000000059604645
2984,260,0.8490281105041504,0.0,0.0,0.0,1.0
2985,261,0.22126556932926178,0.0,0.0,1.0,0.0
2986,141,0.5996341109275818,0.20000000298023224,0.30000001192092896,0.5,0.0
2987,0,1.0,0.0,0.6000000238418579,0.20000000298023224,0.20000000298023224
2988,285,0.08296942710876465,1.0,0.0,0.0,0.0
2989,261,0.5440616011619568,0.0,0.0,1.0,0.0
2990,0,1.0,0.0,0.6000000238418579,0.20000000298023224,0.20000000298023224
2991,0,0.44759446382522583,0.0,0.6000000238418579,0.20000000298023224,0.20000000298023224
2992,270,0.7563382983207703,0.5,0.0,0.0,0.5
2993,260,0.40428680181503296,0.0,0.0,0.0,1.0
2994,0,1.0,0.0,0.6000000238418579,0.20000000298023224,0.20000000298023224
2995,81,0.5391339063644409,0.0,1.0,0.0,0.0
2996,285,0.1569656878709793,1.0,0.0,0.0,0.0
2997,272,0.8669940233230591,0.6000000238418579,0.0,0.0,0.4000000059604645
2998,0,1.0,0.0,0.6000000238418579,0.20000000298023224,0.20000000298023224
2999,81,0.4032605290412903,0.0,1.0,0.0,0.0
3000,260,0.27099546790122986,0.0,0.0,0.0,1.0
3001,117,0.9220177531242371,0.0,0.10000000149011612,0.4000000059604645,0.5
3002,0,0.4908721446990967,0.0,0.6000000238418579,0.20000000298023224,0.20000000298023224
3003,0,1.0,0.0,0.6000000238418579,0.20000000298023224,0.20000000298023224
3004,81,0.7692936062812805,0.0,1.0,0.0,0.0
3005,0,1.0,0.0,0.6000000238418579,0.20000000298023224,0.20000000298023224
3006,0,1.0,0.0,0.6000000238418579,0.20000000298023224,0.20000000298023224
3007,90,0.43439337611198425,0.10000000149011612,0.8999999761581421,0.0,0.0
3008,0,1.0,0.0,0.6000000238418579,0.20000000298023224,0.20000000298023224
3009,44,0.6555135846138,0.0,0.5,0.5,0.0
3010,140,0.5866823196411133,0.20000000298023224,0.30000001192092896,0.0,0.5
3011,285,0.28772011399269104,1.0,0.0,0.0,0.0
3012,0,1.0,0.0,0.6000000238418579,0.20000000298023224,0.20000000298023224
3013,0,1.0,0.0,0.6000000238418579,0.20000000298023224,0.20000000298023224
3014,0,0.4863779544830322,0.0,0.6000000238418579,0.20000000298023224,0.20000000298023224
3015,169,0.5673128962516785,0.0,0.0,0.699999988079071,0.30000001192092896
3016,0,1.0,0.0,0.6000000238418579,0.20000000298023224,0.20000000298023224
3017,261,0.35178324580192566,0.0,0.0,1.0,0.0
3018,285,0.4489469826221466,1.0,0.0,0.0,0.0
3019,0,0.3781389594078064,0.0,0.6000000238418579,0.20000000298023224,0.20000000298023224
3020,0,0.3662906587123871,0.0,0.6000000238418579,0.20000000298023224,0.20000000298023224
3021,168,0.48268550634384155,0.0,0.0,0.6000000238418579,0.4000000059604645
3022,261,0.37230923771858215,0.0,0.0,1.0,0.0
3023,285,0.4542723298072815,1.0,0.0,0.0,0.0
3024,0,1.0,0.0,0.6000000238418579,0.20000000298023224,0.20000000298023224
3025,0,1.0,0.0,0.6000000238418579,0.20000000298023224,0.20000000298023224
3026,0,1.0,0.0,0.6000000238418579,0.20000000298023224,0.20000000298023224
3027,0,0.970125138759613,0.0,0.6000000238418579,0.20000000298023224,0.20000000298023224
3028,0,1.0,0.0,0.6000000238418579,0.20000000298023224,0.20000000298023224
3029,275,0.43104520440101624,0.699999988079071,0.0,0.30000001192092896,0.0
3030,285,0.4381616413593292,1.0,0.0,0.0,0.0
3031,0,1.0,0.0,0.6000000238418579,0.20000000298023224,0.20000000298023224
3032,0,0.4389050602912903,0.0,0.6000000238418579,0.20000000298023224,0.20000000298023224
3033,0,1.0,0.0,0.6000000238418579,0.20000000298023224,0.20000000298023224
3034,0,1.0,0.0,0.6000000238418579,0.20000000298023224,0.20000000298023224
3035,81,0.5899427533149719,0.0,1.0,0.0,0.0
3036,0,0.2818080484867096,0.0,0.6000000238418579,0.20000000298023224,0.20000000298023224
3037,6,0.3257240653038025,0.0,0.699999988079071,0.20000000298023224,0.10000000149011612
3038,0,1.0,0.0,0.6000000238418579,0.20000000298023224,0.20000000298023224
3039,0,0.4967215359210968,0.0,0.6000000238418579,0.20000000298023224,0.20000000298023224
3040,81,0.34390631318092346,0.0,1.0,0.0,0.0
3041,193,0.8140943646430969,0.20000000298023224,0.20000000298023224,0.6000000238418579,0.0
3042,262,0.17855660617351532,0.10000000149011612,0.0,0.0,0.8999999761581421
3043,273,0.8065028786659241,0.6000000238418579,0.0,0.4000000059604645,0.0
3044,0,1.0,0.0,0.6000000238418579,0.20000000298023224,0.20000000298023224
3045,285,0.16636501252651215,1.0,0.0,0.0,0.0
3046,163,0.591094434261322,0.5,0.5,0.0,0.0
3047,0,1.0,0.0,0.6000000238418579,0.20000000298023224,0.20000000298023224
3048,0,1.0,0.0,0.6000000238418579,0.20000000298023224,0.20000000298023224
3049,245,0.9109396934509277,0.5,0.0,0.4000000059604645,0.10000000149011612
3050,0,1.0,0.0,0.6000000238418579,0.20000000298023224,0.20000000298023224
3051,105,0.47419071197509766,0.30000001192092896,0.699999988079071,0.0,0.0
3052,0,0.5806361436843872,0.0,0.6000000238418579,0.20000000298023224,0.20000000298023224
3053,81,0.4752952456474304,0.0,1.0,0.0,0.0
3054,0,0.17379823327064514,0.0,0.6000000238418579,0.20000000298023224,0.20000000298023224
3055,261,0.3110252022743225,0.0,0.0,1.0,0.0
3056,0,0.4970802664756775,0.0,0.6000000238418579,0.20000000298023224,0.20000000298023224
3057,0,0.49996015429496765,0.0,0.6000000238418579,0.20000000298023224,0.20000000298023224
3058,285,0.6005844473838806,1.0,0.0,0.0,0.0
3059,46,0.7546274662017822,0.0,0.8999999761581421,0.10000000149011612,0.0
3060,27,0.4599733352661133,0.10000000149011612,0.6000000238418579,0.30000001192092896,0.0
3061,0,0.46779337525367737,0.0,0.6000000238418579,0.20000000298023224,0.20000000298023224
3062,285,0.5585404634475708,1.0,0.0,0.0,0.0
3063,0,1.0,0.0,0.6000000238418579,0.20000000298023224,0.20000000298023224
3064,0,0.49703046679496765,0.0,0.6000000238418579,0.20000000298023224,0.20000000298023224
3065,0,1.0,0.0,0.6000000238418579,0.20000000298023224,0.20000000298023224
3066,0,0.3529675602912903,0.0,0.6000000238418579,0.20000000298023224,0.20000000298023224
3067,285,0.8905194997787476,1.0,0.0,0.0,0.0
3068,260,0.6982771158218384,0.0,0.0,0.0,1.0
3069,7,0.4524260461330414,0.10000000149011612,0.5,0.20000000298023224,0.20000000298023224
3070,0,0.23828125,0.0,0.6000000238418579,0.20000000298023224,0.20000000298023224
3071,171,0.3550054132938385,0.0,0.10000000149011612,0.10000000149011612,0.800000011920929
3072,285,0.7671224474906921,1.0,0.0,0.0,0.0
3073,0,1.0,0.0,0.6000000238418579,0.20000000298023224,0.20000000298023224
3074,0,0.45999082922935486,0.0,0.6000000238418579,0.20000000298023224,0.20000000298023224
3075,260,0.13925446569919586,0.0,0.0,0.0,1.0
3076,0,1.0,0.0,0.6000000238418579,0.20000000298023224,0.20000000298023224
3077,0,1.0,0.0,0.6000000238418579,0.20000000298023224,0.20000000298023224
3078,0,1.0,0.0,0.6000000238418579,0.20000000298023224,0.20000000298023224
3079,7,1.0,0.10000000149011612,0.5,0.20000000298023224,0.20000000298023224
3080,275,0.5082762837409973,0.699999988079071,0.0,0.30000001192092896,0.0
3081,0,1.0,0.0,0.6000000238418579,0.20000000298023224,0.20000000298023224
3082,0,1.0,0.0,0.6000000238418579,0.20000000298023224,0.20000000298023224
3083,269,0.7570471167564392,0.4000000059604645,0.0,0.6000000238418579,0.0
3084,203,0.20775853097438812,0.4000000059604645,0.0,0.30000001192092896,0.30000001192092896
3085,0,1.0,0.0,0.6000000238418579,0.20000000298023224,0.20000000298023224
3086,260,0.28299322724342346,0.0,0.0,0.0,1.0
3087,81,0.29396113753318787,0.0,1.0,0.0,0.0
3088,0,1.0,0.0,0.6000000238418579,0.20000000298023224,0.20000000298023224
3089,164,0.18311519920825958,0.0,0.0,0.20000000298023224,0.800000011920929
3090,170,0.45189303159713745,0.0,0.0,0.800000011920929,0.20000000298023224
3091,259,0.7764440178871155,0.699999988079071,0.30000001192092896,0.0,0.0
3092,141,0.3841021955013275,0.20000000298023224,0.30000001192092896,0.5,0.0
3093,260,0.6076784133911133,0.0,0.0,0.0,1.0
3094,285,0.33307188749313354,1.0,0.0,0.0,0.0
3095,284,0.32223641872406006,0.8999999761581421,0.10000000149011612,0.0,0.0
3096,18,0.7825625538825989,0.0,0.699999988079071,0.30000001192092896,0.0
3097,13,0.7549125552177429,0.0,0.5,0.10000000149011612,0.4000000059604645
3098,81,0.4909112751483917,0.0,1.0,0.0,0.0
3099,281,0.5168877840042114,0.800000011920929,0.20000000298023224,0.0,0.0
3100,260,0.4658184349536896,0.0,0.0,0.0,1.0
3101,81,0.440146267414093,0.0,1.0,0.0,0.0
3102,7,0.9966517686843872,0.10000000149011612,0.5,0.20000000298023224,0.20000000298023224
3103,0,1.0,0.0,0.6000000238418579,0.20000000298023224,0.20000000298023224
3104,0,1.0,0.0,0.6000000238418579,0.20000000298023224,0.20000000298023224
3105,285,0.2924407720565796,1.0,0.0,0.0,0.0
3106,0,0.1585519015789032,0.0,0.6000000238418579,0.20000000298023224,0.20000000298023224
3107,0,0.5973772406578064,0.0,0.6000000238418579,0.20000000298023224,0.20000000298023224
3108,81,0.27298006415367126,0.0,1.0,0.0,0.0
3109,0,1.0,0.0,0.6000000238418579,0.20000000298023224,0.20000000298023224
3110,7,0.9826211929321289,0.10000000149011612,0.5,0.20000000298023224,0.20000000298023224
3111,168,0.7093431353569031,0.0,0.0,0.6000000238418579,0.4000000059604645
3112,0,1.0,0.0,0.6000000238418579,0.20000000298023224,0.20000000298023224
3113,0,0.4396026134490967,0.0,0.6000000238418579,0.20000000298023224,0.20000000298023224
3114,0,0.27308541536331177,0.0,0.6000000238418579,0.20000000298023224,0.20000000298023224
3115,263,0.7990545034408569,0.10000000149011612,0.0,0.8999999761581421,0.0
3116,253,0.5312929153442383,0.699999988079071,0.0,0.20000000298023224,0.10000000149011612
3117,81,0.9479830861091614,0.0,1.0,0.0,0.0
3118,261,0.23488721251487732,0.0,0.0,1.0,0.0
3119,0,0.9996811151504517,0.0,0.6000000238418579,0.20000000298023224,0.20000000298023224
3120,235,0.5401518940925598,0.20000000298023224,0.10000000149011612,0.699999988079071,0.0
3121,0,1.0,0.0,0.6000000238418579,0.20000000298023224,0.20000000298023224
3122,0,0.9971300959587097,0.0,0.6000000238418579,0.20000000298023224,0.20000000298023224
3123,0,0.9738919138908386,0.0,0.6000000238418579,0.20000000298023224,0.20000000298023224
3124,0,1.0,0.0,0.6000000238418579,0.20000000298023224,0.20000000298023224
3125,0,0.44067880511283875,0.0,0.6000000238418579,0.20000000298023224,0.20000000298023224
3126,0,0.9921078085899353,0.0,0.6000000238418579,0.20000000298023224,0.20000000298023224
3127,0,1.0,0.0,0.6000000238418579,0.20000000298023224,0.20000000298023224
3128,0,0.4815848171710968,0.0,0.6000000238418579,0.20000000298023224,0.20000000298023224
3129,260,0.44669368863105774,0.0,0.0,0.0,1.0
3130,0,1.0,0.0,0.6000000238418579,0.20000000298023224,0.20000000298023224
3131,0,0.8698580861091614,0.0,0.6000000238418579,0.20000000298023224,0.20000000298023224
3132,223,0.657942533493042,0.6000000238418579,0.4000000059604645,0.0,0.0
3133,164,0.3668937087059021,0.0,0.0,0.20000000298023224,0.800000011920929
3134,0,1.0,0.0,0.6000000238418579,0.20000000298023224,0.20000000298023224
3135,0,1.0,0.0,0.6000000238418579,0.20000000298023224,0.20000000298023224
3136,164,0.5510739088058472,0.0,0.0,0.20000000298023224,0.800000011920929
3137,285,0.8641355037689209,1.0,0.0,0.0,0.0
3138,259,0.665221631526947,0.699999988079071,0.30000001192092896,0.0,0.0
3139,90,0.4557262659072876,0.10000000149011612,0.8999999761581421,0.0,0.0
3140,0,0.25718802213668823,0.0,0.6000000238418579,0.20000000298023224,0.20000000298023224
3141,0,1.0,0.0,0.6000000238418579,0.20000000298023224,0.20000000298023224
3142,0,1.0,0.0,0.6000000238418579,0.20000000298023224,0.20000000298023224
3143,281,0.9062179327011108,0.800000011920929,0.20000000298023224,0.0,0.0
3144,285,0.6836176514625549,1.0,0.0,0.0,0.0
3145,266,0.4120480418205261,0.30000001192092896,0.0,0.0,0.699999988079071
3146,261,0.24181406199932098,0.0,0.0,1.0,0.0
3147,260,0.1738661676645279,0.0,0.0,0.0,1.0
3148,0,0.2705576419830322,0.0,0.6000000238418579,0.20000000298023224,0.20000000298023224
3149,81,0.4668042063713074,0.0,1.0,0.0,0.0
3150,0,1.0,0.0,0.6000000238418579,0.20000000298023224,0.20000000298023224
3151,90,0.5250769257545471,0.10000000149011612,0.8999999761581421,0.0,0.0
3152,0,1.0,0.0,0.6000000238418579,0.20000000298023224,0.20000000298023224
3153,0,1.0,0.0,0.6000000238418579,0.20000000298023224,0.20000000298023224
3154,285,0.2280718982219696,1.0,0.0,0.0,0.0
3155,0,1.0,0.0,0.6000000238418579,0.20000000298023224,0.20000000298023224
3156,98,0.70992511510849,0.20000000298023224,0.800000011920929,0.0,0.0
3157,113,0.5725171566009521,0.4000000059604645,0.5,0.10000000149011612,0.0
3158,7,0.867586076259613,0.10000000149011612,0.5,0.20000000298023224,0.20000000298023224
3159,0,1.0,0.0,0.6000000238418579,0.20000000298023224,0.20000000298023224
3160,0,1.0,0.0,0.6000000238418579,0.20000000298023224,0.20000000298023224
3161,80,0.7335090041160583,0.0,0.4000000059604645,0.6000000238418579,0.0
3162,0,0.4720882475376129,0.0,0.6000000238418579,0.20000000298023224,0.20000000298023224
3163,260,0.1427070051431656,0.0,0.0,0.0,1.0
3164,261,0.33922967314720154,0.0,0.0,1.0,0.0
3165,266,0.37277165055274963,0.30000001192092896,0.0,0.0,0.699999988079071
3166,16,0.4582137167453766,0.0,0.6000000238418579,0.4000000059604645,0.0
3167,0,0.41471022367477417,0.0,0.6000000238418579,0.20000000298023224,0.20000000298023224
3168,43,0.4503364562988281,0.0,0.5,0.0,0.5
3169,131,0.3819301426410675,0.10000000149011612,0.20000000298023224,0.6000000238418579,0.10000000149011612
3170,0,0.28698980808258057,0.0,0.6000000238418579,0.20000000298023224,0.20000000298023224
3171,285,0.4378965497016907,1.0,0.0,0.0,0.0
3172,0,1.0,0.0,0.6000000238418579,0.20000000298023224,0.20000000298023224
3173,261,0.9576153755187988,0.0,0.0,1.0,0.0
3174,0,0.4629703462123871,0.0,0.6000000238418579,0.20000000298023224,0.20000000298023224
3175,184,0.5584420561790466,0.10000000149011612,0.20000000298023224,0.699999988079071,0.0
3176,0,0.0,0.0,0.6000000238418579,0.20000000298023224,0.20000000298023224
3177,285,0.4336308538913727,1.0,0.0,0.0,0.0
3178,247,0.5372125506401062,0.5,0.10000000149011612,0.4000000059604645,0.0
3179,285,0.419631689786911,1.0,0.0,0.0,0.0
3180,18,0.5151862502098083,0.0,0.699999988079071,0.30000001192092896,0.0
3181,0,1.0,0.0,0.6000000238418579,0.20000000298023224,0.20000000298023224
3182,0,0.31251993775367737,0.0,0.6000000238418579,0.20000000298023224,0.20000000298023224
3183,0,1.0,0.0,0.6000000238418579,0.20000000298023224,0.20000000298023224
3184,0,1.0,0.0,0.6000000238418579,0.20000000298023224,0.20000000298023224
3185,273,0.504237174987793,0.6000000238418579,0.0,0.4000000059604645,0.0
3186,261,0.1991361528635025,0.0,0.0,1.0,0.0
3187,261,0.5664587020874023,0.0,0.0,1.0,0.0
3188,0,1.0,0.0,0.6000000238418579,0.20000000298023224,0.20000000298023224
3189,16,0.7004485130310059,0.0,0.6000000238418579,0.4000000059604645,0.0
3190,0,1.0,0.0,0.6000000238418579,0.20000000298023224,0.20000000298023224
3191,0,1.0,0.0,0.6000000238418579,0.20000000298023224,0.20000000298023224
3192,0,1.0,0.0,0.6000000238418579,0.20000000298023224,0.20000000298023224
3193,0,0.21914859116077423,0.0,0.6000000238418579,0.20000000298023224,0.20000000298023224
3194,81,0.9166733026504517,0.0,1.0,0.0,0.0
3195,260,0.10351954400539398,0.0,0.0,0.0,1.0
3196,7,0.9650828838348389,0.10000000149011612,0.5,0.20000000298023224,0.20000000298023224
3197,15,0.6479989886283875,0.0,0.6000000238418579,0.0,0.4000000059604645
3198,272,0.5700158476829529,0.6000000238418579,0.0,0.0,0.4000000059604645
3199,0,1.0,0.0,0.6000000238418579,0.20000000298023224,0.20000000298023224
3200,0,1.0,0.0,0.6000000238418579,0.20000000298023224,0.20000000298023224
3201,0,1.0,0.0,0.6000000238418579,0.20000000298023224,0.20000000298023224
3202,0,0.9976682066917419,0.0,0.6000000238418579,0.20000000298023224,0.20000000298023224
3203,147,0.6087372899055481,0.30000001192092896,0.30000001192092896,0.0,0.4000000059604645
3204,0,0.48209303617477417,0.0,0.6000000238418579,0.20000000298023224,0.20000000298023224
3205,261,0.32164937257766724,0.0,0.0,1.0,0.0
3206,261,0.47215908765792847,0.0,0.0,1.0,0.0
3207,285,0.4844421148300171,1.0,0.0,0.0,0.0
3208,0,0.8454041481018066,0.0,0.6000000238418579,0.20000000298023224,0.20000000298023224
3209,20,0.3833642303943634,0.0,0.800000011920929,0.10000000149011612,0.10000000149011612
3210,259,0.8338713049888611,0.699999988079071,0.30000001192092896,0.0,0.0
3211,285,0.24885348975658417,1.0,0.0,0.0,0.0
3212,98,0.5236240029335022,0.20000000298023224,0.800000011920929,0.0,0.0
3213,0,0.46976640820503235,0.0,0.6000000238418579,0.20000000298023224,0.20000000298023224
3214,0,1.0,0.0,0.6000000238418579,0.20000000298023224,0.20000000298023224
3215,0,1.0,0.0,0.6000000238418579,0.20000000298023224,0.20000000298023224
3216,272,0.3132528066635132,0.6000000238418579,0.0,0.0,0.4000000059604645
3217,0,0.35189133882522583,0.0,0.6000000238418579,0.20000000298023224,0.20000000298023224
3218,0,1.0,0.0,0.6000000238418579,0.20000000298023224,0.20000000298023224
3219,285,0.40588802099227905,1.0,0.0,0.0,0.0
3220,0,1.0,0.0,0.6000000238418579,0.20000000298023224,0.20000000298023224
3221,81,0.4991227984428406,0.0,1.0,0.0,0.0
3222,0,0.3234614133834839,0.0,0.6000000238418579,0.20000000298023224,0.20000000298023224
3223,261,0.8130630850791931,0.0,0.0,1.0,0.0
3224,226,0.25009360909461975,0.0,0.10000000149011612,0.0,0.8999999761581421
3225,0,0.4842454493045807,0.0,0.6000000238418579,0.20000000298023224,0.20000000298023224
3226,0,1.0,0.0,0.6000000238418579,0.20000000298023224,0.20000000298023224
3227,285,0.5090416073799133,1.0,0.0,0.0,0.0
3228,0,0.47121134400367737,0.0,0.6000000238418579,0.20000000298023224,0.20000000298023224
3229,0,1.0,0.0,0.6000000238418579,0.20000000298023224,0.20000000298023224
3230,285,0.26681119203567505,1.0,0.0,0.0,0.0
3231,0,1.0,0.0,0.6000000238418579,0.20000000298023224,0.20000000298023224
3232,0,0.44813257455825806,0.0,0.6000000238418579,0.20000000298023224,0.20000000298023224
3233,17,0.3173008859157562,0.0,0.699999988079071,0.0,0.30000001192092896
3234,0,1.0,0.0,0.6000000238418579,0.20000000298023224,0.20000000298023224
3235,265,0.7077590823173523,0.20000000298023224,0.0,0.800000011920929,0.0
3236,0,1.0,0.0,0.6000000238418579,0.20000000298023224,0.20000000298023224
3237,285,0.5551259517669678,1.0,0.0,0.0,0.0
3238,0,0.49841558933258057,0.0,0.6000000238418579,0.20000000298023224,0.20000000298023224
3239,285,0.2751632034778595,1.0,0.0,0.0,0.0
3240,90,0.6817348599433899,0.10000000149011612,0.8999999761581421,0.0,0.0
3241,21,0.6982696056365967,0.0,0.800000011920929,0.20000000298023224,0.0
3242,0,0.29968512058258057,0.0,0.6000000238418579,0.20000000298023224,0.20000000298023224
3243,0,0.0,0.0,0.6000000238418579,0.20000000298023224,0.20000000298023224
3244,261,0.06612943112850189,0.0,0.0,1.0,0.0
3245,260,0.6970610618591309,0.0,0.0,0.0,1.0
3246,260,0.8330244421958923,0.0,0.0,0.0,1.0
3247,0,1.0,0.0,0.6000000238418579,0.20000000298023224,0.20000000298023224
3248,0,1.0,0.0,0.6000000238418579,0.20000000298023224,0.20000000298023224
3249,0,1.0,0.0,0.6000000238418579,0.20000000298023224,0.20000000298023224
3250,7,0.4667581617832184,0.10000000149011612,0.5,0.20000000298023224,0.20000000298023224
3251,282,0.3018479645252228,0.8999999761581421,0.0,0.0,0.10000000149011612
3252,0,1.0,0.0,0.6000000238418579,0.20000000298023224,0.20000000298023224
3253,123,0.6814556121826172,0.0,0.30000001192092896,0.0,0.699999988079071
3254,0,1.0,0.0,0.6000000238418579,0.20000000298023224,0.20000000298023224
3255,0,0.3787667453289032,0.0,0.6000000238418579,0.20000000298023224,0.20000000298023224
3256,261,0.6509226560592651,0.0,0.0,1.0,0.0
3257,260,0.4223918616771698,0.0,0.0,0.0,1.0
3258,260,0.8259093165397644,0.0,0.0,0.0,1.0
3259,0,0.24450932443141937,0.0,0.6000000238418579,0.20000000298023224,0.20000000298023224
3260,0,1.0,0.0,0.6000000238418579,0.20000000298023224,0.20000000298023224
3261,0,1.0,0.0,0.6000000238418579,0.20000000298023224,0.20000000298023224
3262,254,0.4743897318840027,0.699999988079071,0.10000000149011612,0.0,0.20000000298023224
3263,285,0.04743099957704544,1.0,0.0,0.0,0.0
3264,227,0.43645989894866943,0.0,0.10000000149011612,0.8999999761581421,0.0
3265,16,0.6924410462379456,0.0,0.6000000238418579,0.4000000059604645,0.0
3266,262,0.3575136065483093,0.10000000149011612,0.0,0.0,0.8999999761581421
3267,285,0.3272048234939575,1.0,0.0,0.0,0.0
3268,0,1.0,0.0,0.6000000238418579,0.20000000298023224,0.20000000298023224
3269,0,1.0,0.0,0.6000000238418579,0.20000000298023224,0.20000000298023224
3270,282,0.5101788640022278,0.8999999761581421,0.0,0.0,0.10000000149011612
3271,17,0.8160130977630615,0.0,0.699999988079071,0.0,0.30000001192092896
3272,0,1.0,0.0,0.6000000238418579,0.20000000298023224,0.20000000298023224
3273,75,0.542444109916687,0.0,0.20000000298023224,0.5,0.30000001192092896
3274,285,0.15008781850337982,1.0,0.0,0.0,0.0
3275,0,1.0,0.0,0.6000000238418579,0.20000000298023224,0.20000000298023224
3276,0,0.10859773308038712,0.0,0.6000000238418579,0.20000000298023224,0.20000000298023224
3277,284,0.41820821166038513,0.8999999761581421,0.10000000149011612,0.0,0.0
3278,238,0.24892021715641022,0.30000001192092896,0.10000000149011612,0.0,0.6000000238418579
3279,264,0.7376659512519836,0.20000000298023224,0.0,0.0,0.800000011920929
3280,260,0.03827301412820816,0.0,0.0,0.0,1.0
3281,226,0.4754682183265686,0.0,0.10000000149011612,0.0,0.8999999761581421
3282,0,1.0,0.0,0.6000000238418579,0.20000000298023224,0.20000000298023224
3283,0,0.7742347121238708,0.0,0.6000000238418579,0.20000000298023224,0.20000000298023224
3284,0,1.0,0.0,0.6000000238418579,0.20000000298023224,0.20000000298023224
3285,0,1.0,0.0,0.6000000238418579,0.20000000298023224,0.20000000298023224
3286,207,0.7136878371238708,0.4000000059604645,0.20000000298023224,0.0,0.4000000059604645
3287,0,1.0,0.0,0.6000000238418579,0.20000000298023224,0.20000000298023224
3288,0,0.3801020383834839,0.0,0.6000000238418579,0.20000000298023224,0.20000000298023224
3289,260,0.20914755761623383,0.0,0.0,0.0,1.0
3290,261,0.7358238101005554,0.0,0.0,1.0,0.0
3291,0,0.3086535334587097,0.0,0.6000000238418579,0.20000000298023224,0.20000000298023224
3292,0,0.46194395422935486,0.0,0.6000000238418579,0.20000000298023224,0.20000000298023224
3293,163,0.6944347023963928,0.5,0.5,0.0,0.0
3294,0,0.39567720890045166,0.0,0.6000000238418579,0.20000000298023224,0.20000000298023224
3295,0,0.1806640625,0.0,0.6000000238418579,0.20000000298023224,0.20000000298023224
3296,0,1.0,0.0,0.6000000238418579,0.20000000298023224,0.20000000298023224
3297,0,1.0,0.0,0.6000000238418579,0.20000000298023224,0.20000000298023224
3298,285,0.9270936846733093,1.0,0.0,0.0,0.0
3299,18,0.5585295557975769,0.0,0.699999988079071,0.30000001192092896,0.0
3300,0,1.0,0.0,0.6000000238418579,0.20000000298023224,0.20000000298023224
3301,0,1.0,0.0,0.6000000238418579,0.20000000298023224,0.20000000298023224
3302,81,0.4432673454284668,0.0,1.0,0.0,0.0
3303,285,0.3772103488445282,1.0,0.0,0.0,0.0
3304,166,0.42840829491615295,0.0,0.0,0.4000000059604645,0.6000000238418579
3305,264,0.38777074217796326,0.20000000298023224,0.0,0.0,0.800000011920929
3306,0,1.0,0.0,0.6000000238418579,0.20000000298023224,0.20000000298023224
3307,281,0.7571337819099426,0.800000011920929,0.20000000298023224,0.0,0.0
3308,0,1.0,0.0,0.6000000238418579,0.20000000298023224,0.20000000298023224
3309,0,0.3884626030921936,0.0,0.6000000238418579,0.20000000298023224,0.20000000298023224
3310,284,0.8245376348495483,0.8999999761581421,0.10000000149011612,0.0,0.0
3311,223,0.644686222076416,0.6000000238418579,0.4000000059604645,0.0,0.0
3312,0,0.07008330523967743,0.0,0.6000000238418579,0.20000000298023224,0.20000000298023224
3313,285,0.2322188913822174,1.0,0.0,0.0,0.0
3314,16,0.9108054041862488,0.0,0.6000000238418579,0.4000000059604645,0.0
3315,63,0.6532650589942932,0.20000000298023224,0.699999988079071,0.10000000149011612,0.0
3316,0,0.29426419734954834,0.0,0.6000000238418579,0.20000000298023224,0.20000000298023224
3317,261,0.7028400301933289,0.0,0.0,1.0,0.0
3318,98,0.6803113222122192,0.20000000298023224,0.800000011920929,0.0,0.0
3319,285,0.3757729232311249,1.0,0.0,0.0,0.0
3320,285,0.3195452392101288,1.0,0.0,0.0,0.0
3321,261,0.5186126828193665,0.0,0.0,1.0,0.0
3322,0,1.0,0.0,0.6000000238418579,0.20000000298023224,0.20000000298023224
3323,0,1.0,0.0,0.6000000238418579,0.20000000298023224,0.20000000298023224
3324,0,0.9959542155265808,0.0,0.6000000238418579,0.20000000298023224,0.20000000298023224
3325,81,0.8777493238449097,0.0,1.0,0.0,0.0
3326,0,0.37921515107154846,0.0,0.6000000238418579,0.20000000298023224,0.20000000298023224
3327,75,0.5374817252159119,0.0,0.20000000298023224,0.5,0.30000001192092896
3328,90,0.7584303021430969,0.10000000149011612,0.8999999761581421,0.0,0.0
3329,260,0.08290568739175797,0.0,0.0,0.0,1.0
3330,0,0.49690091609954834,0.0,0.6000000238418579,0.20000000298023224,0.20000000298023224
3331,0,1.0,0.0,0.6000000238418579,0.20000000298023224,0.20000000298023224
3332,267,0.6587018370628357,0.30000001192092896,0.0,0.699999988079071,0.0
3333,285,0.19584648311138153,1.0,0.0,0.0,0.0
3334,0,0.48812180757522583,0.0,0.6000000238418579,0.20000000298023224,0.20000000298023224
3335,285,0.003537735901772976,1.0,0.0,0.0,0.0
3336,0,0.498046875,0.0,0.6000000238418579,0.20000000298023224,0.20000000298023224
3337,261,0.9092928171157837,0.0,0.0,1.0,0.0
3338,261,0.4677742123603821,0.0,0.0,1.0,0.0
3339,43,0.4964533746242523,0.0,0.5,0.0,0.5
3340,0,0.08720304816961288,0.0,0.6000000238418579,0.20000000298023224,0.20000000298023224
3341,0,1.0,0.0,0.6000000238418579,0.20000000298023224,0.20000000298023224
3342,173,0.674776554107666,0.0,0.20000000298023224,0.0,0.800000011920929
3343,0,1.0,0.0,0.6000000238418579,0.20000000298023224,0.20000000298023224
3344,260,0.8440539836883545,0.0,0.0,0.0,1.0
3345,0,1.0,0.0,0.6000000238418579,0.20000000298023224,0.20000000298023224
3346,0,1.0,0.0,0.6000000238418579,0.20000000298023224,0.20000000298023224
3347,0,1.0,0.0,0.6000000238418579,0.20000000298023224,0.20000000298023224
3348,0,0.3730568289756775,0.0,0.6000000238418579,0.20000000298023224,0.20000000298023224
3349,0,1.0,0.0,0.6000000238418579,0.20000000298023224,0.20000000298023224
3350,81,0.7690942883491516,0.0,1.0,0.0,0.0
3351,173,0.13399386405944824,0.0,0.20000000298023224,0.0,0.800000011920929
3352,218,0.8595543503761292,0.6000000238418579,0.20000000298023224,0.0,0.20000000298023224
3353,0,1.0,0.0,0.6000000238418579,0.20000000298023224,0.20000000298023224
3354,81,0.3764180839061737,0.0,1.0,0.0,0.0
3355,0,1.0,0.0,0.6000000238418579,0.20000000298023224,0.20000000298023224
3356,260,0.5142481923103333,0.0,0.0,0.0,1.0
3357,226,0.42546236515045166,0.0,0.10000000149011612,0.0,0.8999999761581421
3358,262,0.3631812632083893,0.10000000149011612,0.0,0.0,0.8999999761581421
3359,0,0.4210379421710968,0.0,0.6000000238418579,0.20000000298023224,0.20000000298023224
3360,189,0.5453887581825256,0.20000000298023224,0.0,0.6000000238418579,0.20000000298023224
3361,273,0.3834133446216583,0.6000000238418579,0.0,0.4000000059604645,0.0
3362,0,1.0,0.0,0.6000000238418579,0.20000000298023224,0.20000000298023224
3363,0,1.0,0.0,0.6000000238418579,0.20000000298023224,0.20000000298023224
3364,271,0.6662628650665283,0.5,0.0,0.5,0.0
3365,278,0.4206692576408386,0.800000011920929,0.0,0.20000000298023224,0.0
3366,0,1.0,0.0,0.6000000238418579,0.20000000298023224,0.20000000298023224
3367,0,0.4382672905921936,0.0,0.6000000238418579,0.20000000298023224,0.20000000298023224
3368,285,0.46391603350639343,1.0,0.0,0.0,0.0
3369,0,1.0,0.0,0.6000000238418579,0.20000000298023224,0.20000000298023224
3370,285,0.10677945613861084,1.0,0.0,0.0,0.0
3371,0,0.32104989886283875,0.0,0.6000000238418579,0.20000000298023224,0.20000000298023224
3372,0,1.0,0.0,0.6000000238418579,0.20000000298023224,0.20000000298023224
3373,261,0.31568315625190735,0.0,0.0,1.0,0.0
3374,98,0.6211496591567993,0.20000000298023224,0.800000011920929,0.0,0.0
3375,15,0.4448297917842865,0.0,0.6000000238418579,0.0,0.4000000059604645
3376,2,0.7965425848960876,0.0,0.5,0.30000001192092896,0.20000000298023224
3377,272,0.51314377784729,0.6000000238418579,0.0,0.0,0.4000000059604645
3378,170,0.7838947176933289,0.0,0.0,0.800000011920929,0.20000000298023224
3379,0,1.0,0.0,0.6000000238418579,0.20000000298023224,0.20000000298023224
3380,285,0.503325879573822,1.0,0.0,0.0,0.0
3381,0,1.0,0.0,0.6000000238418579,0.20000000298023224,0.20000000298023224
3382,173,0.9252671003341675,0.0,0.20000000298023224,0.0,0.800000011920929
3383,0,0.2652396857738495,0.0,0.6000000238418579,0.20000000298023224,0.20000000298023224
3384,179,0.6285728216171265,0.10000000149011612,0.0,0.6000000238418579,0.30000001192092896
3385,285,0.3361005187034607,1.0,0.0,0.0,0.0
3386,98,0.5404862761497498,0.20000000298023224,0.800000011920929,0.0,0.0
3387,0,1.0,0.0,0.6000000238418579,0.20000000298023224,0.20000000298023224
3388,285,0.3035832643508911,1.0,0.0,0.0,0.0
3389,0,0.49730947613716125,0.0,0.6000000238418579,0.20000000298023224,0.20000000298023224
3390,261,0.7086839079856873,0.0,0.0,1.0,0.0
3391,0,0.3106066584587097,0.0,0.6000000238418579,0.20000000298023224,0.20000000298023224
3392,260,0.42283010482788086,0.0,0.0,0.0,1.0
3393,0,1.0,0.0,0.6000000238418579,0.20000000298023224,0.20000000298023224
3394,201,0.34046101570129395,0.30000001192092896,0.20000000298023224,0.5,0.0
3395,0,0.42957788705825806,0.0,0.6000000238418579,0.20000000298023224,0.20000000298023224
3396,115,0.5866910219192505,0.0,0.10000000149011612,0.20000000298023224,0.699999988079071
3397,112,0.5340307950973511,0.4000000059604645,0.5,0.0,0.10000000149011612
3398,261,0.5710505247116089,0.0,0.0,1.0,0.0
3399,260,0.3054560422897339,0.0,0.0,0.0,1.0
3400,260,0.3734419047832489,0.0,0.0,0.0,1.0
3401,0,0.43398237228393555,0.0,0.6000000238418579,0.20000000298023224,0.20000000298023224
3402,0,0.36765584349632263,0.0,0.6000000238418579,0.20000000298023224,0.20000000298023224
3403,0,0.48789262771606445,0.0,0.6000000238418579,0.20000000298023224,0.20000000298023224
3404,260,0.1446305364370346,0.0,0.0,0.0,1.0
3405,0,0.4147799611091614,0.0,0.6000000238418579,0.20000000298023224,0.20000000298023224
3406,0,0.4526267647743225,0.0,0.6000000238418579,0.20000000298023224,0.20000000298023224
3407,168,0.5971245765686035,0.0,0.0,0.6000000238418579,0.4000000059604645
3408,0,0.4654715359210968,0.0,0.6000000238418579,0.20000000298023224,0.20000000298023224
3409,0,0.31022799015045166,0.0,0.6000000238418579,0.20000000298023224,0.20000000298023224
3410,285,0.5003970265388489,1.0,0.0,0.0,0.0
3411,120,0.6970303654670715,0.0,0.10000000149011612,0.699999988079071,0.20000000298023224
3412,285,0.1757037341594696,1.0,0.0,0.0,0.0
3413,285,0.5036802291870117,1.0,0.0,0.0,0.0
3414,0,0.4416254758834839,0.0,0.6000000238418579,0.20000000298023224,0.20000000298023224
3415,0,0.32861328125,0.0,0.6000000238418579,0.20000000298023224,0.20000000298023224
3416,263,0.6178689002990723,0.10000000149011612,0.0,0.8999999761581421,0.0
3417,0,0.26674771308898926,0.0,0.6000000238418579,0.20000000298023224,0.20000000298023224
